WKT,Name,OBJECTID,UKATEGORIE,UTYP1,UART,UMONAT,USTUNDE,UWOCHENTAG,STRZUSTAND,ULICHTVERH,ISTRAD,ISTPKW,ISTFUSS,ISTKRAD
"POINT (11.646345717999999 48.096467849000000)","Unfall 78325 (2016) Kat:2, Licht: 0","78325","2","3","5","08","17","2","","0","1","1","0","1"
"POINT (11.520400689000001 48.124229178999997)","Unfall 78403 (2016) Kat:3, Licht: 0","78403","3","1","9","08","15","1","","0","0","0","0","1"
"POINT (11.452455447000000 48.134920366999999)","Unfall 78477 (2016) Kat:3, Licht: 0","78477","3","3","5","08","07","6","","0","1","0","0","0"
"POINT (11.489115326000000 48.085650465000001)","Unfall 78583 (2016) Kat:3, Licht: 2","78583","3","6","4","08","22","5","","2","1","1","0","0"
"POINT (11.493629551000000 48.144014841999997)","Unfall 78585 (2016) Kat:2, Licht: 2","78585","2","7","0","08","02","3","","2","1","0","0","0"
"POINT (11.579280969999999 48.108535564999997)","Unfall 78600 (2016) Kat:3, Licht: 0","78600","3","7","8","08","11","5","","0","0","1","0","0"
"POINT (11.636601347999999 48.217403155000000)","Unfall 78620 (2016) Kat:3, Licht: 0","78620","3","1","0","08","08","5","","0","1","0","0","0"
"POINT (11.649064063999999 48.105553747000002)","Unfall 78631 (2016) Kat:3, Licht: 0","78631","3","6","2","08","12","5","","0","0","1","0","0"
"POINT (11.635988199000000 48.174744148000002)","Unfall 78635 (2016) Kat:3, Licht: 0","78635","3","1","9","08","19","3","","0","0","1","0","0"
"POINT (11.591544463000000 48.105440174000002)","Unfall 78653 (2016) Kat:3, Licht: 0","78653","3","6","2","08","14","5","","0","0","1","0","1"
"POINT (11.528039623000000 48.079770334999999)","Unfall 78655 (2016) Kat:2, Licht: 0","78655","2","4","6","08","12","3","","0","0","1","1","0"
"POINT (11.522725143000001 48.140824580000000)","Unfall 78674 (2016) Kat:3, Licht: 0","78674","3","2","3","08","08","3","","0","1","1","0","0"
"POINT (11.539871594999999 48.112964980999998)","Unfall 78796 (2016) Kat:3, Licht: 0","78796","3","7","0","08","12","1","","0","1","0","0","0"
"POINT (11.554760919000000 48.086819673999997)","Unfall 78826 (2016) Kat:2, Licht: 0","78826","2","4","6","08","18","6","","0","0","1","1","0"
"POINT (11.616200642000001 48.130847422000002)","Unfall 78905 (2016) Kat:3, Licht: 0","78905","3","2","3","08","19","5","","0","1","1","0","0"
"POINT (11.469139851000000 48.209693981999997)","Unfall 78954 (2016) Kat:2, Licht: 1","78954","2","6","3","08","20","5","","1","0","1","0","0"
"POINT (11.620457860000000 48.130196415999997)","Unfall 78977 (2016) Kat:3, Licht: 0","78977","3","3","5","08","19","3","","0","1","1","0","0"
"POINT (11.578312815000000 48.177700594000001)","Unfall 78993 (2016) Kat:3, Licht: 2","78993","3","6","2","08","17","5","","2","0","1","0","0"
"POINT (11.457298696000001 48.168721216999998)","Unfall 78994 (2016) Kat:3, Licht: 0","78994","3","3","5","08","14","3","","0","1","1","0","0"
"POINT (11.620488891000001 48.124653082999998)","Unfall 79019 (2016) Kat:3, Licht: 0","79019","3","2","5","08","17","3","","0","0","1","0","0"
"POINT (11.625529639000000 48.096342096999997)","Unfall 79086 (2016) Kat:3, Licht: 0","79086","3","6","2","08","15","5","","0","0","1","0","0"
"POINT (11.481328874000001 48.088128701999999)","Unfall 79098 (2016) Kat:3, Licht: 0","79098","3","6","3","08","18","2","","0","0","1","0","1"
"POINT (11.620042963000000 48.137621600000003)","Unfall 79114 (2016) Kat:3, Licht: 0","79114","3","3","5","08","13","2","","0","0","1","0","0"
"POINT (11.502964091000001 48.142966551999997)","Unfall 79161 (2016) Kat:3, Licht: 0","79161","3","6","4","08","17","4","","0","0","1","0","0"
"POINT (11.614915123999999 48.136943301000002)","Unfall 79182 (2016) Kat:3, Licht: 2","79182","3","2","3","08","22","5","","2","0","1","0","0"
"POINT (11.585395038000000 48.177993581000003)","Unfall 79273 (2016) Kat:3, Licht: 0","79273","3","6","0","08","13","5","","0","0","1","0","1"
"POINT (11.521839486999999 48.109914408999998)","Unfall 79346 (2016) Kat:3, Licht: 0","79346","3","6","2","08","16","4","","0","0","1","0","0"
"POINT (11.398809428000000 48.179679108000002)","Unfall 79423 (2016) Kat:3, Licht: 0","79423","3","7","0","08","19","7","","0","0","1","0","0"
"POINT (11.585090872000000 48.180170707999999)","Unfall 79443 (2016) Kat:3, Licht: 0","79443","3","2","4","08","06","4","","0","0","1","0","1"
"POINT (11.503802882000000 48.112170579999997)","Unfall 79464 (2016) Kat:3, Licht: 0","79464","3","6","1","08","17","4","","0","1","0","0","0"
"POINT (11.630343119000001 48.128314363999998)","Unfall 79468 (2016) Kat:3, Licht: 0","79468","3","4","6","08","08","6","","0","0","1","1","0"
"POINT (11.508194491999999 48.217711508999997)","Unfall 79469 (2016) Kat:3, Licht: 0","79469","3","6","2","08","10","4","","0","0","1","0","1"
"POINT (11.606041726000001 48.108788679000000)","Unfall 79476 (2016) Kat:3, Licht: 0","79476","3","6","2","08","17","6","","0","0","1","0","0"
"POINT (11.510800155000000 48.125010211000003)","Unfall 79483 (2016) Kat:3, Licht: 0","79483","3","6","3","08","08","2","","0","0","1","0","0"
"POINT (11.614199017000001 48.189126674000001)","Unfall 79579 (2016) Kat:3, Licht: 0","79579","3","2","3","08","19","6","","0","1","1","0","0"
"POINT (11.395499101000000 48.141295419999999)","Unfall 79660 (2016) Kat:2, Licht: 2","79660","2","6","0","08","05","4","","2","0","1","0","1"
"POINT (11.518018662999999 48.119865820999998)","Unfall 79675 (2016) Kat:3, Licht: 2","79675","3","6","2","08","15","4","","2","0","1","0","0"
"POINT (11.481106334000000 48.115029059000001)","Unfall 79687 (2016) Kat:3, Licht: 0","79687","3","2","5","08","17","1","","0","1","1","0","0"
"POINT (11.590658216000000 48.175445662999998)","Unfall 79707 (2016) Kat:3, Licht: 1","79707","3","6","9","08","19","3","","1","0","1","0","1"
"POINT (11.601083161000000 48.176971064000000)","Unfall 79737 (2016) Kat:3, Licht: 1","79737","3","1","9","08","21","7","","1","0","1","0","0"
"POINT (11.495437293000000 48.194483790000000)","Unfall 79782 (2016) Kat:3, Licht: 0","79782","3","6","3","08","09","4","","0","0","1","0","0"
"POINT (11.711775047000000 48.111032127999998)","Unfall 79795 (2016) Kat:3, Licht: 0","79795","3","5","1","08","13","2","","0","0","1","0","0"
"POINT (11.500249213000000 48.143341677000002)","Unfall 79808 (2016) Kat:3, Licht: 0","79808","3","7","0","08","16","2","","0","1","0","0","0"
"POINT (11.548829502000000 48.191627294000000)","Unfall 79814 (2016) Kat:3, Licht: 0","79814","3","6","2","08","10","3","","0","0","1","0","0"
"POINT (11.651537063999999 48.104685361000001)","Unfall 79815 (2016) Kat:3, Licht: 0","79815","3","3","5","08","13","2","","0","0","1","0","0"
"POINT (11.704468324000000 48.142258570999999)","Unfall 79853 (2016) Kat:2, Licht: 2","79853","2","1","8","08","02","7","","2","0","1","0","0"
"POINT (11.502969261000001 48.143311736000001)","Unfall 79875 (2016) Kat:3, Licht: 0","79875","3","3","5","08","13","1","","0","0","1","0","0"
"POINT (11.454590940999999 48.204680746000001)","Unfall 79917 (2016) Kat:3, Licht: 0","79917","3","6","2","08","14","7","","0","0","1","0","0"
"POINT (11.604871312000000 48.157005564000002)","Unfall 79924 (2016) Kat:3, Licht: 0","79924","3","3","5","08","16","1","","0","0","1","0","0"
"POINT (11.587638482999999 48.104714827999999)","Unfall 79932 (2016) Kat:3, Licht: 0","79932","3","6","2","08","16","1","","0","0","1","0","0"
"POINT (11.397471704000001 48.137444606999999)","Unfall 79953 (2016) Kat:2, Licht: 0","79953","2","6","2","08","13","6","","0","0","1","0","0"
"POINT (11.651663512000001 48.104548551000001)","Unfall 79959 (2016) Kat:3, Licht: 0","79959","3","2","4","08","17","3","","0","0","1","0","0"
"POINT (11.645016619000000 48.087818536000000)","Unfall 80030 (2016) Kat:3, Licht: 0","80030","3","4","6","08","18","2","","0","0","0","1","0"
"POINT (11.487652926000001 48.205927490000001)","Unfall 80058 (2016) Kat:3, Licht: 0","80058","3","6","2","08","15","6","","0","0","1","0","0"
"POINT (11.555235836000000 48.180768936000000)","Unfall 80072 (2016) Kat:2, Licht: 0","80072","2","3","4","08","17","5","","0","1","1","0","0"
"POINT (11.590055271000001 48.176764128999999)","Unfall 80088 (2016) Kat:3, Licht: 0","80088","3","3","5","08","13","5","","0","1","1","0","0"
"POINT (11.532603162999999 48.224998630000002)","Unfall 80097 (2016) Kat:2, Licht: 0","80097","2","6","2","08","08","2","","0","0","1","0","0"
"POINT (11.537359024000001 48.151792258000000)","Unfall 80099 (2016) Kat:3, Licht: 1","80099","3","2","5","08","19","3","","1","1","1","0","0"
"POINT (11.557554824000000 48.176077327999998)","Unfall 80141 (2016) Kat:3, Licht: 0","80141","3","6","1","08","16","2","","0","0","1","0","0"
"POINT (11.528841598000000 48.224459625000001)","Unfall 80152 (2016) Kat:3, Licht: 0","80152","3","6","3","08","12","2","","0","0","1","0","0"
"POINT (11.587631219000000 48.095539141000003)","Unfall 80364 (2016) Kat:3, Licht: 0","80364","3","6","3","08","15","2","","0","0","1","0","0"
"POINT (11.567074123999999 48.101376881000000)","Unfall 80501 (2016) Kat:3, Licht: 0","80501","3","6","8","09","17","2","","0","0","1","0","0"
"POINT (11.509521152000000 48.218333135000002)","Unfall 80514 (2016) Kat:3, Licht: 0","80514","3","6","2","09","16","6","","0","0","1","0","0"
"POINT (11.537851621000000 48.165932046000002)","Unfall 80612 (2016) Kat:3, Licht: 1","80612","3","2","4","09","19","5","","1","0","1","0","0"
"POINT (11.549250757999999 48.190947966000003)","Unfall 80614 (2016) Kat:2, Licht: 0","80614","2","1","0","09","12","7","","0","1","0","0","0"
"POINT (11.470884401999999 48.209711747999997)","Unfall 80620 (2016) Kat:3, Licht: 0","80620","3","6","2","09","13","5","","0","0","1","0","0"
"POINT (11.537644663000000 48.157082352000003)","Unfall 80622 (2016) Kat:3, Licht: 0","80622","3","7","0","09","18","5","","0","1","0","0","0"
"POINT (11.617971492000001 48.110931508000000)","Unfall 80627 (2016) Kat:2, Licht: 0","80627","2","7","5","09","10","7","","0","0","1","0","1"
"POINT (11.539563916000001 48.186634640000001)","Unfall 80642 (2016) Kat:2, Licht: 0","80642","2","2","3","09","15","5","","0","1","0","0","0"
"POINT (11.534101143999999 48.187053673000001)","Unfall 80649 (2016) Kat:2, Licht: 0","80649","2","7","6","09","10","5","","0","0","1","1","0"
"POINT (11.587063890000000 48.210348979999999)","Unfall 80651 (2016) Kat:3, Licht: 0","80651","3","2","4","09","09","7","","0","1","1","0","0"
"POINT (11.523146004999999 48.090505086000000)","Unfall 80670 (2016) Kat:3, Licht: 1","80670","3","1","1","09","06","5","","1","0","1","0","0"
"POINT (11.529195923000000 48.189046732999998)","Unfall 80674 (2016) Kat:3, Licht: 0","80674","3","1","8","09","16","7","","0","0","0","0","1"
"POINT (11.607499545000000 48.108954785000002)","Unfall 80710 (2016) Kat:2, Licht: 2","80710","2","2","4","09","20","6","","2","0","1","0","1"
"POINT (11.584405363000000 48.196022014000000)","Unfall 80711 (2016) Kat:2, Licht: 0","80711","2","7","0","09","14","3","","0","0","0","0","0"
"POINT (11.584599302000001 48.184320237000001)","Unfall 80730 (2016) Kat:3, Licht: 2","80730","3","2","5","09","21","6","","2","1","1","0","0"
"POINT (11.683700715000001 48.118487274000003)","Unfall 80749 (2016) Kat:3, Licht: 0","80749","3","2","5","09","13","2","","0","0","1","0","0"
"POINT (11.515207011999999 48.141771937000001)","Unfall 80829 (2016) Kat:3, Licht: 0","80829","3","7","5","09","07","3","","0","1","1","0","0"
"POINT (11.587114014000001 48.210602180999999)","Unfall 80921 (2016) Kat:3, Licht: 0","80921","3","6","2","08","13","4","","0","0","1","0","0"
"POINT (11.632421832000000 48.219421480000001)","Unfall 80979 (2016) Kat:3, Licht: 0","80979","3","6","2","09","08","5","","0","0","1","0","0"
"POINT (11.560959208000000 48.091144024999998)","Unfall 80991 (2016) Kat:3, Licht: 0","80991","3","1","5","09","16","2","","0","0","1","0","1"
"POINT (11.553448775000000 48.183647784999998)","Unfall 81010 (2016) Kat:3, Licht: 2","81010","3","2","4","08","23","4","","2","0","1","0","0"
"POINT (11.519534436000001 48.072058079000001)","Unfall 81013 (2016) Kat:2, Licht: 0","81013","2","2","3","09","13","4","","0","1","0","0","0"
"POINT (11.592907692000001 48.105882768000001)","Unfall 81109 (2016) Kat:3, Licht: 0","81109","3","2","4","09","17","4","","0","1","1","0","0"
"POINT (11.528643442000000 48.129947280000003)","Unfall 81163 (2016) Kat:3, Licht: 0","81163","3","2","3","09","07","5","","0","1","1","0","0"
"POINT (11.430494856999999 48.143764384999997)","Unfall 81181 (2016) Kat:3, Licht: 0","81181","3","6","2","09","17","4","","0","0","1","0","0"
"POINT (11.518706026000000 48.123934747000000)","Unfall 81219 (2016) Kat:3, Licht: 0","81219","3","6","2","09","09","6","","0","0","1","0","0"
"POINT (11.482349932000000 48.145073844999999)","Unfall 81258 (2016) Kat:2, Licht: 0","81258","2","4","6","09","09","5","","0","0","1","1","0"
"POINT (11.574547314000000 48.108956777000003)","Unfall 81295 (2016) Kat:2, Licht: 0","81295","2","4","6","09","13","7","","0","0","1","1","0"
"POINT (11.621416962000000 48.106146508999998)","Unfall 81308 (2016) Kat:3, Licht: 0","81308","3","3","5","09","18","7","","0","0","1","0","0"
"POINT (11.615663831999999 48.112467643000002)","Unfall 81355 (2016) Kat:3, Licht: 0","81355","3","6","0","09","11","7","","0","0","1","0","1"
"POINT (11.587065275000000 48.210356132999998)","Unfall 81419 (2016) Kat:2, Licht: 0","81419","2","2","3","09","12","7","","0","1","1","0","0"
"POINT (11.522767044000000 48.140902113999999)","Unfall 81462 (2016) Kat:3, Licht: 2","81462","3","7","0","09","22","7","","2","1","0","0","0"
"POINT (11.478804707000000 48.145200635000002)","Unfall 81473 (2016) Kat:2, Licht: 0","81473","2","7","3","09","14","6","","0","0","0","0","1"
"POINT (11.588019760000000 48.177644114000003)","Unfall 81486 (2016) Kat:3, Licht: 0","81486","3","6","3","09","08","6","","0","0","1","0","0"
"POINT (11.617100572000000 48.190581248999997)","Unfall 81495 (2016) Kat:3, Licht: 0","81495","3","3","5","09","17","6","","0","0","1","0","0"
"POINT (11.545022341999999 48.111909609999998)","Unfall 81502 (2016) Kat:3, Licht: 0","81502","3","7","2","09","15","1","","0","0","1","0","1"
"POINT (11.631924905000000 48.223132751999998)","Unfall 81603 (2016) Kat:3, Licht: 0","81603","3","7","3","09","14","4","","0","0","1","0","0"
"POINT (11.482631085000000 48.145058206000002)","Unfall 81670 (2016) Kat:3, Licht: 0","81670","3","2","3","09","16","4","","0","1","1","0","0"
"POINT (11.620971458000000 48.191624490999999)","Unfall 81674 (2016) Kat:3, Licht: 0","81674","3","2","5","09","09","3","","0","1","1","0","0"
"POINT (11.497810711000000 48.212024720999999)","Unfall 81708 (2016) Kat:3, Licht: 0","81708","3","6","2","09","18","3","","0","0","1","0","1"
"POINT (11.647016406000001 48.097172272000002)","Unfall 81737 (2016) Kat:3, Licht: 0","81737","3","6","2","09","15","3","","0","0","1","0","0"
"POINT (11.625352703000001 48.094908986000000)","Unfall 81780 (2016) Kat:3, Licht: 0","81780","3","6","2","09","17","4","","0","0","1","0","0"
"POINT (11.511190002999999 48.124957254999998)","Unfall 81794 (2016) Kat:3, Licht: 2","81794","3","7","2","09","06","4","","2","0","1","0","0"
"POINT (11.534933018000000 48.144040455999999)","Unfall 81800 (2016) Kat:3, Licht: 0","81800","3","7","0","09","17","3","","0","0","0","0","1"
"POINT (11.575121799000000 48.109642426000001)","Unfall 81804 (2016) Kat:3, Licht: 0","81804","3","2","3","09","07","3","","0","1","1","0","0"
"POINT (11.485084007999999 48.210152424999997)","Unfall 81813 (2016) Kat:3, Licht: 2","81813","3","3","5","09","21","2","","2","0","1","0","0"
"POINT (11.487470598000000 48.086164846999999)","Unfall 81832 (2016) Kat:2, Licht: 0","81832","2","3","5","09","14","2","","0","0","1","0","0"
"POINT (11.683403656999999 48.118403379000000)","Unfall 81840 (2016) Kat:3, Licht: 0","81840","3","7","6","09","18","2","","0","1","0","1","0"
"POINT (11.550095569000000 48.076926952000001)","Unfall 81861 (2016) Kat:3, Licht: 0","81861","3","7","3","09","15","4","","0","1","1","0","0"
"POINT (11.540856188999999 48.202299427000000)","Unfall 81917 (2016) Kat:3, Licht: 2","81917","3","1","0","09","19","6","","2","1","0","0","0"
"POINT (11.534770192000000 48.140160438999999)","Unfall 81931 (2016) Kat:3, Licht: 1","81931","3","1","0","09","18","6","","1","1","0","0","0"
"POINT (11.531336627000000 48.131783321999997)","Unfall 81934 (2016) Kat:3, Licht: 0","81934","3","7","0","09","12","6","","0","0","0","0","1"
"POINT (11.547964807000000 48.176279405000002)","Unfall 81945 (2016) Kat:3, Licht: 0","81945","3","6","2","09","16","1","","0","0","1","0","0"
"POINT (11.587128248000001 48.096348843000001)","Unfall 81947 (2016) Kat:3, Licht: 1","81947","3","7","2","09","19","6","","1","0","1","0","0"
"POINT (11.535772917999999 48.186935298999998)","Unfall 81956 (2016) Kat:3, Licht: 0","81956","3","4","6","09","08","5","","0","0","0","1","0"
"POINT (11.404269496000000 48.140044402999997)","Unfall 81965 (2016) Kat:3, Licht: 2","81965","3","1","4","09","22","6","","2","0","1","0","0"
"POINT (11.530560744000001 48.131309868999999)","Unfall 81969 (2016) Kat:3, Licht: 0","81969","3","1","9","09","12","5","","0","0","0","0","1"
"POINT (11.603918617000000 48.108529844000003)","Unfall 81995 (2016) Kat:3, Licht: 2","81995","3","2","5","09","22","6","","2","1","1","0","0"
"POINT (11.499186025000000 48.212813920999999)","Unfall 82109 (2016) Kat:3, Licht: 0","82109","3","6","2","09","14","1","","0","0","1","0","0"
"POINT (11.485063616000000 48.210401851000000)","Unfall 82190 (2016) Kat:3, Licht: 2","82190","3","6","2","09","05","4","","2","0","1","0","0"
"POINT (11.543742520000000 48.199782274000000)","Unfall 82193 (2016) Kat:3, Licht: 0","82193","3","6","5","09","16","1","","0","0","1","0","0"
"POINT (11.516069966000000 48.124286538000000)","Unfall 82276 (2016) Kat:3, Licht: 0","82276","3","6","2","09","06","6","","0","0","1","0","0"
"POINT (11.534024602000001 48.139222435000001)","Unfall 82288 (2016) Kat:3, Licht: 0","82288","3","6","2","09","11","1","","0","0","1","0","0"
"POINT (11.533395196000001 48.187115873000003)","Unfall 82321 (2016) Kat:1, Licht: 0","82321","1","2","3","09","09","4","","0","1","0","0","0"
"POINT (11.593030874000000 48.105924244999997)","Unfall 82379 (2016) Kat:3, Licht: 0","82379","3","4","6","09","18","4","","0","0","0","1","1"
"POINT (11.567351486000000 48.176512707000001)","Unfall 82513 (2016) Kat:3, Licht: 1","82513","3","6","2","09","06","5","","1","0","1","0","0"
"POINT (11.614741802999999 48.138528684999997)","Unfall 82561 (2016) Kat:3, Licht: 0","82561","3","1","8","09","01","2","","0","0","1","0","0"
"POINT (11.590306516000000 48.176670059999999)","Unfall 82567 (2016) Kat:3, Licht: 0","82567","3","6","2","09","09","2","","0","0","1","0","0"
"POINT (11.616223902000000 48.148913598000000)","Unfall 82582 (2016) Kat:3, Licht: 0","82582","3","2","3","09","08","2","","0","1","1","0","0"
"POINT (11.456668433999999 48.165066621999998)","Unfall 82592 (2016) Kat:3, Licht: 2","82592","3","2","5","09","05","5","","2","1","1","0","0"
"POINT (11.517567481000000 48.141495028000001)","Unfall 82600 (2016) Kat:2, Licht: 0","82600","2","4","6","09","08","2","","0","0","1","1","0"
"POINT (11.617043869000000 48.130792675999999)","Unfall 82608 (2016) Kat:3, Licht: 0","82608","3","7","5","09","06","3","","0","0","1","0","1"
"POINT (11.521090244000000 48.090498263999997)","Unfall 82610 (2016) Kat:3, Licht: 0","82610","3","2","3","09","14","3","","0","1","1","0","0"
"POINT (11.522080745000000 48.140979037000001)","Unfall 82621 (2016) Kat:3, Licht: 0","82621","3","3","0","09","16","3","","0","1","1","0","0"
"POINT (11.540774935000000 48.102931106000000)","Unfall 82623 (2016) Kat:3, Licht: 0","82623","3","6","2","09","08","3","","0","0","1","0","0"
"POINT (11.613627616000000 48.104272137000002)","Unfall 82625 (2016) Kat:3, Licht: 2","82625","3","6","2","09","20","5","","2","0","1","0","0"
"POINT (11.612301873000000 48.110361752999999)","Unfall 82641 (2016) Kat:3, Licht: 0","82641","3","1","9","09","08","3","","0","0","1","0","0"
"POINT (11.590055271000001 48.176764128999999)","Unfall 82666 (2016) Kat:2, Licht: 0","82666","2","3","5","09","13","5","","0","1","0","0","0"
"POINT (11.603963471000000 48.108536127000001)","Unfall 82714 (2016) Kat:3, Licht: 0","82714","3","2","3","09","14","7","","0","1","1","0","0"
"POINT (11.526835899000000 48.140459102999998)","Unfall 82740 (2016) Kat:3, Licht: 0","82740","3","7","3","09","16","1","","0","0","1","0","1"
"POINT (11.519284064000001 48.141306382000003)","Unfall 82759 (2016) Kat:3, Licht: 0","82759","3","6","2","09","15","1","","0","0","1","0","0"
"POINT (11.534561066000000 48.086737290999999)","Unfall 82774 (2016) Kat:3, Licht: 0","82774","3","6","2","09","14","1","","0","0","1","0","0"
"POINT (11.531914798000001 48.131848505999997)","Unfall 82782 (2016) Kat:3, Licht: 0","82782","3","6","2","09","08","2","","0","0","1","0","0"
"POINT (11.425065338000000 48.174505514000003)","Unfall 82828 (2016) Kat:3, Licht: 0","82828","3","7","2","09","08","2","","0","0","0","0","0"
"POINT (11.441171963000000 48.203899653000001)","Unfall 82834 (2016) Kat:3, Licht: 2","82834","3","6","2","09","06","2","","2","0","1","0","1"
"POINT (11.461252903000000 48.207359701999998)","Unfall 82854 (2016) Kat:2, Licht: 0","82854","2","6","2","09","09","7","","0","0","1","0","0"
"POINT (11.511190002999999 48.124957254999998)","Unfall 82991 (2016) Kat:3, Licht: 0","82991","3","6","2","09","12","1","","0","0","1","0","0"
"POINT (11.650849668999999 48.139372799000000)","Unfall 83003 (2016) Kat:3, Licht: 0","83003","3","6","2","09","08","3","","0","0","1","0","0"
"POINT (11.661715385999999 48.090643641000000)","Unfall 83006 (2016) Kat:3, Licht: 0","83006","3","1","4","09","17","6","","0","0","1","0","0"
"POINT (11.399869910000000 48.155948033000001)","Unfall 83008 (2016) Kat:3, Licht: 0","83008","3","6","2","09","17","1","","0","0","1","0","0"
"POINT (11.537268332000000 48.224488620999999)","Unfall 83065 (2016) Kat:3, Licht: 2","83065","3","7","9","09","02","3","","2","0","1","0","0"
"POINT (11.534088390999999 48.139979717999999)","Unfall 83066 (2016) Kat:3, Licht: 2","83066","3","2","1","09","23","3","","2","0","1","0","0"
"POINT (11.617042501000000 48.114252270000001)","Unfall 83091 (2016) Kat:3, Licht: 0","83091","3","6","2","09","08","7","","0","0","1","0","0"
"POINT (11.615706490000001 48.131064094999999)","Unfall 83095 (2016) Kat:3, Licht: 0","83095","3","2","3","09","14","7","","0","1","1","0","0"
"POINT (11.687030024000000 48.139296276000003)","Unfall 83112 (2016) Kat:3, Licht: 2","83112","3","7","9","09","00","4","","2","0","1","0","0"
"POINT (11.521847638000001 48.126132495000000)","Unfall 83130 (2016) Kat:3, Licht: 0","83130","3","6","2","09","08","7","","0","0","1","0","0"
"POINT (11.630302455000001 48.128326542000003)","Unfall 83151 (2016) Kat:2, Licht: 2","83151","2","4","6","10","22","1","","2","0","1","1","0"
"POINT (11.651626747000000 48.104624336000001)","Unfall 83193 (2016) Kat:3, Licht: 0","83193","3","2","4","10","11","7","","0","0","1","0","0"
"POINT (11.600415137000001 48.160748497000000)","Unfall 83211 (2016) Kat:3, Licht: 2","83211","3","6","2","10","20","7","","2","0","1","0","0"
"POINT (11.648749352999999 48.083599548000002)","Unfall 83230 (2016) Kat:2, Licht: 0","83230","2","2","4","10","15","7","","0","0","1","0","1"
"POINT (11.502236630000001 48.112065442999999)","Unfall 83304 (2016) Kat:3, Licht: 0","83304","3","2","3","09","08","4","","0","1","1","0","0"
"POINT (11.439757276000000 48.149532411999999)","Unfall 83311 (2016) Kat:3, Licht: 0","83311","3","2","5","09","16","4","","0","1","1","0","0"
"POINT (11.575208035999999 48.177889540999999)","Unfall 83348 (2016) Kat:3, Licht: 0","83348","3","6","2","09","09","4","","0","1","0","0","0"
"POINT (11.631907600000000 48.223233380000003)","Unfall 83453 (2016) Kat:3, Licht: 0","83453","3","6","2","09","16","6","","0","0","1","0","0"
"POINT (11.606383664999999 48.108827370999997)","Unfall 83463 (2016) Kat:3, Licht: 0","83463","3","1","2","10","17","1","","0","0","1","0","0"
"POINT (11.536720451000001 48.186872184000002)","Unfall 83539 (2016) Kat:3, Licht: 0","83539","3","3","5","09","10","6","","0","0","1","0","0"
"POINT (11.537168541000000 48.155973662000001)","Unfall 83580 (2016) Kat:3, Licht: 2","83580","3","6","0","09","18","6","","2","0","1","0","1"
"POINT (11.587283991000000 48.210485511999998)","Unfall 83591 (2016) Kat:3, Licht: 0","83591","3","3","5","09","18","6","","0","1","1","0","0"
"POINT (11.449325460000001 48.146372597999999)","Unfall 83593 (2016) Kat:3, Licht: 0","83593","3","6","3","09","10","5","","0","0","1","0","0"
"POINT (11.599593231000000 48.107606453999999)","Unfall 83597 (2016) Kat:3, Licht: 0","83597","3","3","5","09","16","5","","0","0","1","0","0"
"POINT (11.584371132999999 48.188864922999997)","Unfall 83611 (2016) Kat:3, Licht: 0","83611","3","6","2","09","10","6","","0","0","1","0","0"
"POINT (11.625574060000000 48.197779091000001)","Unfall 83614 (2016) Kat:3, Licht: 0","83614","3","7","3","09","17","5","","0","0","1","0","0"
"POINT (11.466068548000001 48.114603445999997)","Unfall 83672 (2016) Kat:3, Licht: 0","83672","3","5","1","10","08","6","","0","0","1","0","0"
"POINT (11.534770468000000 48.140008035000001)","Unfall 83699 (2016) Kat:3, Licht: 0","83699","3","3","5","10","14","2","","0","0","1","0","0"
"POINT (11.626674620999999 48.138482953000000)","Unfall 83701 (2016) Kat:3, Licht: 0","83701","3","6","2","10","11","6","","0","0","1","0","0"
"POINT (11.614108047000000 48.097545830999998)","Unfall 83712 (2016) Kat:3, Licht: 0","83712","3","1","8","10","14","3","","0","0","1","0","0"
"POINT (11.436098210999999 48.186072361000001)","Unfall 83720 (2016) Kat:3, Licht: 0","83720","3","6","2","10","14","1","","0","0","1","0","0"
"POINT (11.638301754000000 48.126622699999999)","Unfall 83757 (2016) Kat:3, Licht: 0","83757","3","7","5","10","17","1","","0","0","1","0","0"
"POINT (11.584733763999999 48.184313795000001)","Unfall 83821 (2016) Kat:3, Licht: 0","83821","3","3","4","10","12","5","","0","0","1","0","0"
"POINT (11.516899202999999 48.113426032000000)","Unfall 83832 (2016) Kat:3, Licht: 0","83832","3","3","5","10","08","7","","0","0","1","0","0"
"POINT (11.551567923000000 48.186203720999998)","Unfall 83886 (2016) Kat:3, Licht: 2","83886","3","6","2","10","20","3","","2","0","1","0","0"
"POINT (11.502280468000000 48.112155782999999)","Unfall 83893 (2016) Kat:3, Licht: 2","83893","3","2","3","10","04","3","","2","0","1","0","0"
"POINT (11.703738258000000 48.112628268000002)","Unfall 83896 (2016) Kat:3, Licht: 0","83896","3","7","1","10","18","2","","0","0","1","0","0"
"POINT (11.434372123999999 48.182514056999999)","Unfall 83912 (2016) Kat:3, Licht: 0","83912","3","1","8","10","14","5","","0","0","1","0","0"
"POINT (11.537695046000000 48.161783421000003)","Unfall 83934 (2016) Kat:3, Licht: 2","83934","3","6","3","10","18","3","","2","0","1","0","1"
"POINT (11.501813539000000 48.192911621999997)","Unfall 83954 (2016) Kat:3, Licht: 0","83954","3","6","2","10","09","3","","0","0","1","0","0"
"POINT (11.644031815000000 48.126124101999999)","Unfall 84040 (2016) Kat:3, Licht: 0","84040","3","6","2","10","08","4","","0","0","1","0","0"
"POINT (11.519963692999999 48.109764996999999)","Unfall 84043 (2016) Kat:3, Licht: 2","84043","3","3","5","10","19","4","","2","0","1","0","0"