WKT,Name,OBJECTID,UKATEGORIE,UTYP1,UART,UMONAT,USTUNDE,UWOCHENTAG,STRZUSTAND,ULICHTVERH,ISTRAD,ISTPKW,ISTFUSS,ISTKRAD
"POINT (11.504186728000001 48.215678635000003)","Unfall 84058 (2016) Kat:3, Licht: 2","84058","3","6","2","10","08","3","","2","0","1","0","0"
"POINT (11.457109761000000 48.147036636000003)","Unfall 84064 (2016) Kat:3, Licht: 0","84064","3","4","6","10","13","4","","0","0","1","1","1"
"POINT (11.562083435000000 48.226926943999999)","Unfall 84071 (2016) Kat:3, Licht: 2","84071","3","6","2","10","19","4","","2","0","1","0","1"
"POINT (11.636162660000000 48.216225137000002)","Unfall 84072 (2016) Kat:2, Licht: 0","84072","2","6","4","10","17","4","","0","1","0","0","0"
"POINT (11.619540332000000 48.119364085000001)","Unfall 84181 (2016) Kat:3, Licht: 0","84181","3","6","2","10","15","1","","0","0","1","0","0"
"POINT (11.649208681999999 48.082949667999998)","Unfall 84257 (2016) Kat:2, Licht: 0","84257","2","1","0","10","12","6","","0","1","0","0","0"
"POINT (11.504834244000000 48.125778816000000)","Unfall 84412 (2016) Kat:3, Licht: 2","84412","3","6","2","10","19","1","","2","0","1","0","0"
"POINT (11.587691945000000 48.095442161999998)","Unfall 84592 (2016) Kat:3, Licht: 2","84592","3","1","3","10","18","5","","2","0","1","0","0"
"POINT (11.541797540999999 48.186219827999999)","Unfall 84631 (2016) Kat:3, Licht: 0","84631","3","6","2","10","14","5","","0","0","1","0","0"
"POINT (11.580482790000000 48.106141035999997)","Unfall 84640 (2016) Kat:3, Licht: 1","84640","3","6","3","10","07","5","","1","0","1","0","0"
"POINT (11.529169538000000 48.109981067000000)","Unfall 84652 (2016) Kat:3, Licht: 0","84652","3","6","2","10","10","5","","0","0","1","0","0"
"POINT (11.516189582000001 48.109733837000000)","Unfall 84680 (2016) Kat:3, Licht: 0","84680","3","6","2","10","08","6","","0","0","1","0","0"
"POINT (11.526592041000001 48.109874288999997)","Unfall 84700 (2016) Kat:3, Licht: 1","84700","3","6","2","10","18","6","","1","0","1","0","0"
"POINT (11.487379818000001 48.113729896999999)","Unfall 84721 (2016) Kat:2, Licht: 0","84721","2","4","6","10","16","4","","0","0","1","1","0"
"POINT (11.620189659999999 48.120253181000002)","Unfall 84723 (2016) Kat:3, Licht: 0","84723","3","6","3","10","08","6","","0","0","0","0","1"
"POINT (11.477598231000000 48.145235917999997)","Unfall 84754 (2016) Kat:3, Licht: 0","84754","3","2","5","10","14","6","","0","1","1","0","0"
"POINT (11.589803788999999 48.092341382999997)","Unfall 84767 (2016) Kat:3, Licht: 2","84767","3","6","2","10","01","5","","2","0","1","0","0"
"POINT (11.605400470999999 48.108717208999998)","Unfall 84795 (2016) Kat:3, Licht: 0","84795","3","3","5","10","17","2","","0","1","1","0","0"
"POINT (11.540814442000000 48.184035950000002)","Unfall 84804 (2016) Kat:3, Licht: 0","84804","3","6","2","10","09","2","","0","0","1","0","0"
"POINT (11.411005007000000 48.164942863000000)","Unfall 84808 (2016) Kat:3, Licht: 2","84808","3","7","2","10","14","5","","2","0","1","0","0"
"POINT (11.640653092999999 48.214496635000003)","Unfall 84895 (2016) Kat:2, Licht: 0","84895","2","6","2","10","08","5","","0","0","1","0","0"
"POINT (11.527046779999999 48.109874327999997)","Unfall 84908 (2016) Kat:3, Licht: 0","84908","3","6","2","10","15","5","","0","0","1","0","0"
"POINT (11.587103717000000 48.210550671000000)","Unfall 84912 (2016) Kat:2, Licht: 0","84912","2","5","1","10","08","4","","0","1","1","0","0"
"POINT (11.510402026000000 48.106766544000003)","Unfall 84946 (2016) Kat:3, Licht: 0","84946","3","6","2","10","17","5","","0","0","1","0","0"
"POINT (11.481397982000001 48.114969143000003)","Unfall 84962 (2016) Kat:3, Licht: 0","84962","3","6","3","10","08","5","","0","0","1","0","0"
"POINT (11.474234504000000 48.209726044000000)","Unfall 85004 (2016) Kat:3, Licht: 2","85004","3","6","3","10","05","6","","2","0","1","0","0"
"POINT (11.629506584000000 48.204239571999999)","Unfall 85019 (2016) Kat:3, Licht: 0","85019","3","6","1","10","11","5","","0","0","1","0","0"
"POINT (11.617199966999999 48.196740581999997)","Unfall 85026 (2016) Kat:3, Licht: 0","85026","3","6","2","10","16","5","","0","0","1","0","0"
"POINT (11.511073313000001 48.142247423000001)","Unfall 85105 (2016) Kat:3, Licht: 0","85105","3","3","5","10","08","3","","0","0","1","0","0"
"POINT (11.496541346000001 48.143729620999999)","Unfall 85115 (2016) Kat:3, Licht: 0","85115","3","4","6","10","09","3","","0","0","1","1","0"
"POINT (11.644732530000001 48.126028304000002)","Unfall 85125 (2016) Kat:3, Licht: 0","85125","3","2","5","10","08","3","","0","0","1","0","0"
"POINT (11.417828017000000 48.155007165000001)","Unfall 85129 (2016) Kat:3, Licht: 0","85129","3","6","2","10","14","3","","0","0","1","0","0"
"POINT (11.630153998000001 48.128369567000000)","Unfall 85132 (2016) Kat:3, Licht: 0","85132","3","1","0","10","15","3","","0","0","0","0","1"
"POINT (11.537502296000000 48.160892767000000)","Unfall 85134 (2016) Kat:2, Licht: 0","85134","2","6","3","10","15","4","","0","0","1","0","1"
"POINT (11.485312191000000 48.209563347000000)","Unfall 85172 (2016) Kat:3, Licht: 2","85172","3","6","2","10","06","4","","2","0","1","0","0"
"POINT (11.634183394000001 48.127379906999998)","Unfall 85177 (2016) Kat:3, Licht: 2","85177","3","6","2","10","00","1","","2","0","1","0","0"
"POINT (11.602700913000000 48.178431498000002)","Unfall 85180 (2016) Kat:3, Licht: 0","85180","3","7","1","10","14","7","","0","1","1","0","0"
"POINT (11.611079255000000 48.109857763000001)","Unfall 85186 (2016) Kat:3, Licht: 0","85186","3","6","2","10","12","7","","0","0","1","0","0"
"POINT (11.510397422000000 48.125064915000003)","Unfall 85269 (2016) Kat:3, Licht: 2","85269","3","6","3","10","18","3","","2","0","1","0","0"
"POINT (11.469958571999999 48.114910514000002)","Unfall 85275 (2016) Kat:3, Licht: 0","85275","3","1","0","10","08","2","","0","1","0","0","0"
"POINT (11.467576718000000 48.209934742999998)","Unfall 85402 (2016) Kat:3, Licht: 0","85402","3","7","0","10","15","2","","0","1","1","0","0"
"POINT (11.611279387000000 48.109931764000002)","Unfall 85440 (2016) Kat:3, Licht: 2","85440","3","2","2","10","21","6","","2","0","1","0","0"
"POINT (11.558927044000001 48.175937668000003)","Unfall 85446 (2016) Kat:3, Licht: 0","85446","3","3","5","10","11","6","","0","0","1","0","0"
"POINT (11.502716500000000 48.142998083999998)","Unfall 85451 (2016) Kat:3, Licht: 2","85451","3","2","5","10","07","6","","2","1","1","0","0"
"POINT (11.614357008000001 48.111572692999999)","Unfall 85581 (2016) Kat:3, Licht: 0","85581","3","6","2","10","17","7","","0","0","1","0","0"
"POINT (11.659333516000000 48.091541904000003)","Unfall 85588 (2016) Kat:3, Licht: 0","85588","3","1","1","10","16","5","","0","0","1","0","0"
"POINT (11.536631598000000 48.153145262999999)","Unfall 85646 (2016) Kat:3, Licht: 2","85646","3","6","2","10","15","5","","2","0","1","0","0"
"POINT (11.428068136000000 48.204554186000003)","Unfall 85721 (2016) Kat:3, Licht: 2","85721","3","6","2","10","19","6","","2","0","1","0","0"
"POINT (11.593987326000001 48.176294568000003)","Unfall 85752 (2016) Kat:3, Licht: 2","85752","3","1","7","10","20","5","","2","0","1","0","0"
"POINT (11.502783005000000 48.087369836999997)","Unfall 85757 (2016) Kat:3, Licht: 0","85757","3","2","4","10","13","6","","0","1","1","0","0"
"POINT (11.591535538000000 48.176167892999999)","Unfall 85772 (2016) Kat:3, Licht: 0","85772","3","7","0","10","11","3","","0","0","0","0","1"
"POINT (11.436696957000001 48.196443950000003)","Unfall 85774 (2016) Kat:3, Licht: 0","85774","3","6","2","10","15","5","","0","0","1","0","0"
"POINT (11.584316653000000 48.187958447000000)","Unfall 85777 (2016) Kat:1, Licht: 0","85777","1","2","6","10","16","3","","0","0","0","1","0"
"POINT (11.476238248000000 48.145281083999997)","Unfall 85798 (2016) Kat:3, Licht: 0","85798","3","3","5","10","10","7","","0","0","1","0","0"
"POINT (11.589412740000000 48.177175235999997)","Unfall 85834 (2016) Kat:3, Licht: 2","85834","3","3","5","10","20","4","","2","1","1","0","0"
"POINT (11.528635140000000 48.129942882999998)","Unfall 85969 (2016) Kat:3, Licht: 2","85969","3","2","5","11","17","5","","2","1","1","0","0"
"POINT (11.628992152000000 48.220364789000001)","Unfall 86010 (2016) Kat:3, Licht: 0","86010","3","7","3","11","10","4","","0","0","1","0","0"
"POINT (11.636702489999999 48.104863287999997)","Unfall 86067 (2016) Kat:3, Licht: 0","86067","3","3","5","10","13","1","","0","0","1","0","0"
"POINT (11.540470899000001 48.104004963999998)","Unfall 86084 (2016) Kat:3, Licht: 0","86084","3","2","6","11","13","4","","0","0","1","1","0"
"POINT (11.604313632000000 48.184115693999999)","Unfall 86123 (2016) Kat:3, Licht: 2","86123","3","6","2","11","18","3","","2","0","1","0","0"
"POINT (11.615346055000000 48.130979255000000)","Unfall 86144 (2016) Kat:3, Licht: 2","86144","3","3","5","10","18","2","","2","0","1","0","0"
"POINT (11.456610992000000 48.164952278000001)","Unfall 86175 (2016) Kat:3, Licht: 0","86175","3","6","2","10","12","2","","0","0","1","0","1"
"POINT (11.461083735000001 48.182586743999998)","Unfall 86200 (2016) Kat:3, Licht: 2","86200","3","7","6","11","01","3","","2","0","1","1","0"
"POINT (11.704540868000000 48.112460233000000)","Unfall 86203 (2016) Kat:3, Licht: 2","86203","3","3","5","11","17","5","","2","0","1","0","0"
"POINT (11.585458302999999 48.201037509000003)","Unfall 86251 (2016) Kat:3, Licht: 2","86251","3","2","4","11","21","7","","2","1","1","0","0"
"POINT (11.704844973000000 48.112395565000000)","Unfall 86252 (2016) Kat:3, Licht: 0","86252","3","6","2","11","14","2","","0","0","1","0","0"
"POINT (11.531538755000000 48.140146971999997)","Unfall 86261 (2016) Kat:3, Licht: 0","86261","3","6","2","11","15","7","","0","0","1","0","0"
"POINT (11.590835557000000 48.090660864000000)","Unfall 86265 (2016) Kat:3, Licht: 2","86265","3","6","2","11","18","3","","2","0","1","0","0"
"POINT (11.411666014000000 48.129345645000001)","Unfall 86303 (2016) Kat:2, Licht: 2","86303","2","1","3","11","04","4","","2","0","1","0","0"
"POINT (11.578611336000000 48.109792290999998)","Unfall 86350 (2016) Kat:3, Licht: 0","86350","3","6","2","11","12","2","","0","0","1","0","0"
"POINT (11.414884284999999 48.167439174000002)","Unfall 86465 (2016) Kat:3, Licht: 2","86465","3","6","2","11","18","4","","2","0","1","0","0"
"POINT (11.602579433000001 48.108326427000002)","Unfall 86471 (2016) Kat:2, Licht: 2","86471","2","4","6","11","06","1","","2","0","1","1","0"
"POINT (11.622183164999999 48.105586056999996)","Unfall 86505 (2016) Kat:3, Licht: 0","86505","3","5","1","11","10","3","","0","0","1","0","1"
"POINT (11.616516701000000 48.113375183000002)","Unfall 86535 (2016) Kat:3, Licht: 2","86535","3","4","6","11","18","1","","2","0","1","1","0"
"POINT (11.522897693999999 48.075100198000001)","Unfall 86618 (2016) Kat:2, Licht: 0","86618","2","7","6","11","15","6","","0","0","1","1","0"
"POINT (11.707813242000000 48.144490329000000)","Unfall 86620 (2016) Kat:3, Licht: 0","86620","3","6","1","11","14","6","","0","0","1","0","0"
"POINT (11.613788753000000 48.106568551000002)","Unfall 86635 (2016) Kat:3, Licht: 2","86635","3","6","2","11","19","2","","2","0","1","0","0"
"POINT (11.530200482000000 48.110083727999999)","Unfall 86663 (2016) Kat:3, Licht: 0","86663","3","6","2","11","07","3","","0","0","1","0","0"
"POINT (11.615412229000000 48.110937489999998)","Unfall 86675 (2016) Kat:2, Licht: 2","86675","2","6","2","11","19","6","","2","0","1","0","0"
"POINT (11.585090195999999 48.099682129999998)","Unfall 86687 (2016) Kat:2, Licht: 2","86687","2","2","3","11","19","2","","2","1","1","0","0"
"POINT (11.455738509000000 48.147078012999998)","Unfall 86734 (2016) Kat:3, Licht: 0","86734","3","6","0","11","15","3","","0","0","1","0","0"
"POINT (11.494820250000000 48.197336215999997)","Unfall 86735 (2016) Kat:3, Licht: 2","86735","3","1","9","11","06","4","","2","0","1","0","0"
"POINT (11.584215572000000 48.189105642000001)","Unfall 86779 (2016) Kat:2, Licht: 2","86779","2","4","6","11","18","2","","2","0","1","1","0"
"POINT (11.510800155000000 48.125010211000003)","Unfall 86791 (2016) Kat:3, Licht: 2","86791","3","6","3","11","21","6","","2","0","1","0","0"
"POINT (11.445545983000001 48.203945967000003)","Unfall 86823 (2016) Kat:3, Licht: 0","86823","3","6","2","11","15","2","","0","0","1","0","0"
"POINT (11.559148537000000 48.112551942000003)","Unfall 86846 (2016) Kat:3, Licht: 2","86846","3","6","2","11","17","2","","2","0","1","0","0"
"POINT (11.504007833999999 48.215743007000000)","Unfall 86851 (2016) Kat:3, Licht: 2","86851","3","6","2","11","18","6","","2","0","1","0","0"
"POINT (11.477291968999999 48.115493192000002)","Unfall 86869 (2016) Kat:3, Licht: 0","86869","3","3","5","11","15","5","","0","0","1","0","0"
"POINT (11.620712824000000 48.224613394999999)","Unfall 86879 (2016) Kat:3, Licht: 2","86879","3","6","2","11","19","1","","2","0","1","0","0"
"POINT (11.621751338999999 48.129895423000001)","Unfall 86885 (2016) Kat:3, Licht: 2","86885","3","7","6","11","17","7","","2","1","0","1","0"
"POINT (11.584193199000000 48.194691335999998)","Unfall 86891 (2016) Kat:3, Licht: 2","86891","3","6","3","11","06","5","","2","0","1","0","0"
"POINT (11.560424895000001 48.112624015000002)","Unfall 86906 (2016) Kat:3, Licht: 0","86906","3","6","2","11","07","5","","0","0","1","0","0"
"POINT (11.483526588000000 48.213740450000003)","Unfall 86913 (2016) Kat:3, Licht: 2","86913","3","3","5","11","04","5","","2","0","1","0","0"
"POINT (11.624693367000001 48.163791177999997)","Unfall 86944 (2016) Kat:2, Licht: 2","86944","2","6","3","11","17","6","","2","0","1","0","1"
"POINT (11.596865057000000 48.173973050000001)","Unfall 86950 (2016) Kat:3, Licht: 2","86950","3","7","2","11","18","3","","2","0","1","0","0"
"POINT (11.519165311000000 48.122109602999998)","Unfall 86963 (2016) Kat:3, Licht: 2","86963","3","6","3","11","16","5","","2","0","1","0","0"
"POINT (11.630282985999999 48.128416027000000)","Unfall 86975 (2016) Kat:2, Licht: 1","86975","2","4","6","11","06","2","","1","0","1","1","0"
"POINT (11.499180532000000 48.212641976000000)","Unfall 87080 (2016) Kat:3, Licht: 0","87080","3","6","2","11","16","5","","0","0","1","0","0"
"POINT (11.620435476000001 48.203618059999997)","Unfall 87084 (2016) Kat:3, Licht: 0","87084","3","6","2","11","08","5","","0","0","1","0","0"
"POINT (11.622888565000000 48.129704699999998)","Unfall 87128 (2016) Kat:3, Licht: 2","87128","3","2","4","11","19","7","","2","0","1","0","1"
"POINT (11.477135777999999 48.115488718999998)","Unfall 87139 (2016) Kat:3, Licht: 2","87139","3","2","5","11","19","5","","2","1","1","0","0"
"POINT (11.662099164000001 48.122339304999997)","Unfall 87148 (2016) Kat:3, Licht: 2","87148","3","2","5","11","18","5","","2","1","1","0","0"
"POINT (11.517021055000001 48.114456242999999)","Unfall 87157 (2016) Kat:3, Licht: 2","87157","3","6","3","11","13","5","","2","0","1","0","0"
"POINT (11.484988035000001 48.211875544999998)","Unfall 87201 (2016) Kat:3, Licht: 0","87201","3","6","2","11","15","1","","0","0","1","0","0"
"POINT (11.640471014999999 48.214623821000004)","Unfall 87208 (2016) Kat:3, Licht: 0","87208","3","6","3","11","10","2","","0","0","0","0","0"
"POINT (11.648009955999999 48.098688371999998)","Unfall 87274 (2016) Kat:3, Licht: 0","87274","3","2","4","11","15","4","","0","1","1","0","0"
"POINT (11.614770492000000 48.136769983000001)","Unfall 87281 (2016) Kat:3, Licht: 2","87281","3","2","5","11","06","4","","2","0","1","0","0"
"POINT (11.634803733000000 48.127254049999998)","Unfall 87288 (2016) Kat:2, Licht: 2","87288","2","3","6","11","17","4","","2","0","1","1","0"
"POINT (11.533441098999999 48.187044497000002)","Unfall 87302 (2016) Kat:3, Licht: 2","87302","3","6","2","11","16","4","","2","0","1","0","0"
"POINT (11.458726066000001 48.150266846000001)","Unfall 87314 (2016) Kat:3, Licht: 0","87314","3","6","2","11","11","2","","0","0","1","0","0"
"POINT (11.661587514000001 48.122415261000000)","Unfall 87330 (2016) Kat:3, Licht: 0","87330","3","2","4","11","12","4","","0","0","1","0","0"
"POINT (11.585257303000001 48.200980100000002)","Unfall 87335 (2016) Kat:3, Licht: 0","87335","3","2","4","11","14","7","","0","0","1","0","0"
"POINT (11.645233697000000 48.086609369000001)","Unfall 87347 (2016) Kat:3, Licht: 0","87347","3","6","2","11","12","4","","0","0","1","0","0"
"POINT (11.622527301000000 48.129759907999997)","Unfall 87354 (2016) Kat:3, Licht: 0","87354","3","6","5","11","13","6","","0","0","1","0","1"
"POINT (11.621974615999999 48.129855821000000)","Unfall 87405 (2016) Kat:3, Licht: 0","87405","3","7","0","11","12","1","","0","0","0","0","0"
"POINT (11.671358578000000 48.119531043999999)","Unfall 87413 (2016) Kat:3, Licht: 0","87413","3","2","5","11","09","6","","0","0","1","0","0"
"POINT (11.566876644000001 48.100937174999999)","Unfall 87501 (2016) Kat:3, Licht: 2","87501","3","6","2","11","19","1","","2","0","1","0","0"
"POINT (11.421967369000001 48.172247609000003)","Unfall 87648 (2016) Kat:3, Licht: 0","87648","3","6","2","11","14","6","","0","0","1","0","0"
"POINT (11.517025867999999 48.114123935999999)","Unfall 87667 (2016) Kat:3, Licht: 2","87667","3","6","3","11","11","3","","2","0","1","0","0"
"POINT (11.655144666000000 48.124649001999998)","Unfall 87668 (2016) Kat:3, Licht: 0","87668","3","6","2","11","14","3","","0","0","1","0","0"
"POINT (11.521609866000000 48.125721609000003)","Unfall 87676 (2016) Kat:3, Licht: 2","87676","3","4","6","11","23","3","","2","0","1","1","0"
"POINT (11.441905283000001 48.149132602000002)","Unfall 87686 (2016) Kat:3, Licht: 0","87686","3","6","5","11","09","3","","0","1","1","0","0"
"POINT (11.584967976000000 48.181736086999997)","Unfall 87701 (2016) Kat:3, Licht: 0","87701","3","2","5","11","08","3","","0","1","1","0","0"
"POINT (11.613435292000000 48.100682726999999)","Unfall 87724 (2016) Kat:2, Licht: 2","87724","2","6","2","11","17","2","","2","0","1","0","0"
"POINT (11.423810150000000 48.142848927999999)","Unfall 87739 (2016) Kat:3, Licht: 2","87739","3","4","6","11","17","2","","2","0","1","1","0"
"POINT (11.515042478000000 48.141791236000003)","Unfall 87783 (2016) Kat:3, Licht: 0","87783","3","2","5","11","10","3","","0","0","1","0","0"
"POINT (11.551220089999999 48.079276772000000)","Unfall 87792 (2016) Kat:3, Licht: 2","87792","3","6","2","11","18","5","","2","0","1","0","0"
"POINT (11.599613631000000 48.107611235999997)","Unfall 87803 (2016) Kat:3, Licht: 0","87803","3","3","5","11","07","5","","0","1","1","0","0"
"POINT (11.537342131000001 48.151586762000001)","Unfall 87861 (2016) Kat:3, Licht: 0","87861","3","2","5","11","15","1","","0","0","1","0","0"
"POINT (11.585400747000000 48.200761784999997)","Unfall 87868 (2016) Kat:3, Licht: 2","87868","3","5","1","11","19","2","","2","0","1","0","0"
"POINT (11.460831636000000 48.176575337999999)","Unfall 87986 (2016) Kat:3, Licht: 0","87986","3","6","2","11","12","2","","0","0","1","0","0"
"POINT (11.502372303000000 48.112155676000000)","Unfall 88025 (2016) Kat:3, Licht: 2","88025","3","3","5","11","23","7","","2","0","1","0","0"
"POINT (11.499318791000000 48.193286933000003)","Unfall 88042 (2016) Kat:3, Licht: 1","88042","3","6","3","11","07","6","","1","0","1","0","1"
"POINT (11.580574358000000 48.106415347999999)","Unfall 88065 (2016) Kat:3, Licht: 2","88065","3","6","2","11","17","6","","2","0","1","0","0"
"POINT (11.615876819000000 48.091355692999997)","Unfall 88084 (2016) Kat:3, Licht: 1","88084","3","6","2","11","16","2","","1","0","1","0","0"
"POINT (11.519443949999999 48.190405261000002)","Unfall 88094 (2016) Kat:3, Licht: 1","88094","3","6","2","11","15","6","","1","0","1","0","0"
"POINT (11.548534871999999 48.073764979000003)","Unfall 88110 (2016) Kat:3, Licht: 0","88110","3","1","0","11","15","4","","0","1","0","0","0"
"POINT (11.561678515000001 48.112882970999998)","Unfall 88119 (2016) Kat:3, Licht: 0","88119","3","6","3","11","06","4","","0","0","1","0","0"
"POINT (11.615873124000000 48.091370320999999)","Unfall 88135 (2016) Kat:3, Licht: 2","88135","3","6","2","11","17","4","","2","0","1","0","0"
"POINT (11.392290134000000 48.146131826999998)","Unfall 88181 (2016) Kat:3, Licht: 2","88181","3","2","4","12","17","2","","2","0","1","0","0"
"POINT (11.584356379000001 48.189033838000000)","Unfall 88205 (2016) Kat:3, Licht: 0","88205","3","7","3","12","11","2","","0","1","1","0","0"
"POINT (11.480176793000000 48.216785618000003)","Unfall 88242 (2016) Kat:3, Licht: 2","88242","3","2","4","12","19","3","","2","0","1","0","0"
"POINT (11.616191823999999 48.130922749000000)","Unfall 88299 (2016) Kat:3, Licht: 0","88299","3","2","3","12","10","7","","0","1","0","0","0"
"POINT (11.531993237000000 48.110512776999997)","Unfall 88389 (2016) Kat:3, Licht: 2","88389","3","6","2","12","07","3","","2","0","1","0","0"
"POINT (11.586310621999999 48.205533099999997)","Unfall 88397 (2016) Kat:3, Licht: 0","88397","3","6","2","12","10","6","","0","0","1","0","0"
"POINT (11.584812640000001 48.183353293000003)","Unfall 88409 (2016) Kat:3, Licht: 0","88409","3","2","3","12","08","6","","0","1","0","0","0"
"POINT (11.647580346000000 48.209867631000002)","Unfall 88420 (2016) Kat:3, Licht: 2","88420","3","1","9","12","05","5","","2","0","1","0","0"
"POINT (11.521960691000000 48.126233177000003)","Unfall 88427 (2016) Kat:3, Licht: 0","88427","3","4","6","12","13","6","","0","0","1","1","0"
"POINT (11.541650874000000 48.186167986999997)","Unfall 88479 (2016) Kat:3, Licht: 0","88479","3","6","1","12","15","5","","0","0","1","0","0"
"POINT (11.618223258000000 48.199633298000002)","Unfall 88503 (2016) Kat:3, Licht: 2","88503","3","1","3","12","00","4","","2","0","1","0","0"
"POINT (11.682390418000001 48.118588754999998)","Unfall 88610 (2016) Kat:3, Licht: 2","88610","3","6","2","12","18","2","","2","0","1","0","0"
"POINT (11.534381292999999 48.137490765999999)","Unfall 88620 (2016) Kat:3, Licht: 1","88620","3","6","2","12","14","2","","1","0","1","0","0"
"POINT (11.593112913000001 48.175680923999998)","Unfall 88639 (2016) Kat:3, Licht: 2","88639","3","6","1","12","20","5","","2","0","1","0","0"
"POINT (11.584716149000000 48.198120434000003)","Unfall 88654 (2016) Kat:3, Licht: 0","88654","3","7","0","11","15","4","","0","0","0","0","0"
"POINT (11.474959313999999 48.089131283000000)","Unfall 88658 (2016) Kat:3, Licht: 0","88658","3","6","1","11","09","4","","0","0","1","0","0"
"POINT (11.701490923000000 48.113056514000000)","Unfall 88670 (2016) Kat:3, Licht: 2","88670","3","6","2","12","18","3","","2","0","1","0","0"
"POINT (11.485642884000001 48.086647094000000)","Unfall 88752 (2016) Kat:3, Licht: 0","88752","3","3","5","12","10","2","","0","0","1","0","0"
"POINT (11.491865734999999 48.209879098000002)","Unfall 88833 (2016) Kat:3, Licht: 0","88833","3","6","2","12","14","1","","0","0","1","0","0"
"POINT (11.621320828000000 48.105911702000000)","Unfall 88848 (2016) Kat:3, Licht: 2","88848","3","6","3","12","19","4","","2","0","1","0","0"
"POINT (11.597069150999999 48.180318995000000)","Unfall 88880 (2016) Kat:3, Licht: 2","88880","3","6","1","12","18","1","","2","0","1","0","0"
"POINT (11.617666526000001 48.115375526000001)","Unfall 88934 (2016) Kat:3, Licht: 2","88934","3","6","1","12","18","7","","2","0","1","0","0"
"POINT (11.591916633000000 48.174915134000003)","Unfall 88937 (2016) Kat:3, Licht: 2","88937","3","6","1","12","06","2","","2","0","1","0","0"
"POINT (11.398119775000000 48.154569911000003)","Unfall 88941 (2016) Kat:3, Licht: 1","88941","3","6","2","12","17","2","","1","0","1","0","0"
"POINT (11.614557247000000 48.095780804000000)","Unfall 88955 (2016) Kat:3, Licht: 2","88955","3","6","2","12","18","1","","2","0","1","0","0"
"POINT (11.431513196999999 48.204349006999998)","Unfall 89050 (2016) Kat:3, Licht: 0","89050","3","6","2","12","13","7","","0","0","1","0","0"
"POINT (11.615733366000001 48.194084306999997)","Unfall 89056 (2016) Kat:3, Licht: 0","89056","3","6","2","12","08","6","","0","0","1","0","0"
"POINT (11.598598063000001 48.169002616000000)","Unfall 89069 (2016) Kat:3, Licht: 0","89069","3","6","3","12","13","5","","0","0","1","0","1"
"POINT (11.587696745000001 48.095434496999999)","Unfall 89077 (2016) Kat:3, Licht: 2","89077","3","6","1","12","21","6","","2","0","1","0","0"
"POINT (11.553948201000001 48.182815922000003)","Unfall 89078 (2016) Kat:3, Licht: 0","89078","3","6","2","12","13","5","","0","0","1","0","0"
"POINT (11.601814306000000 48.108144817000003)","Unfall 89101 (2016) Kat:3, Licht: 1","89101","3","6","1","12","18","1","","1","0","1","0","0"
"POINT (11.469782304000001 48.209706617000002)","Unfall 89102 (2016) Kat:3, Licht: 0","89102","3","6","3","12","11","2","","0","0","1","0","0"
"POINT (11.518658284000001 48.141351528999998)","Unfall 89165 (2016) Kat:3, Licht: 1","89165","3","2","4","12","16","4","","1","0","1","0","0"
"POINT (11.436958081000000 48.195410154000001)","Unfall 89205 (2016) Kat:3, Licht: 0","89205","3","6","2","12","07","5","","0","0","1","0","0"
"POINT (11.699310512000000 48.142191367000002)","Unfall 89263 (2016) Kat:3, Licht: 0","89263","3","6","2","12","08","3","","0","0","1","0","0"
"POINT (11.539111296000000 48.172848922000000)","Unfall 89287 (2016) Kat:3, Licht: 2","89287","3","6","3","12","19","2","","2","0","1","0","0"
"POINT (11.550386648000000 48.188913493999998)","Unfall 89290 (2016) Kat:3, Licht: 0","89290","3","4","6","12","14","2","","0","0","1","1","0"
"POINT (11.512364449000000 48.142097188999998)","Unfall 89292 (2016) Kat:3, Licht: 2","89292","3","2","4","12","20","4","","2","0","1","0","0"
"POINT (11.616710567000000 48.155247220000000)","Unfall 89319 (2016) Kat:3, Licht: 2","89319","3","6","2","12","18","3","","2","0","1","0","0"
"POINT (11.618968483000000 48.118284932000002)","Unfall 89348 (2016) Kat:3, Licht: 0","89348","3","6","2","12","14","3","","0","0","1","0","0"
"POINT (11.502969261000001 48.143311736000001)","Unfall 89417 (2016) Kat:3, Licht: 0","89417","3","3","5","12","11","4","","0","0","1","0","0"
"POINT (11.590034812000001 48.176771834000000)","Unfall 89450 (2016) Kat:3, Licht: 0","89450","3","3","5","12","12","3","","0","1","1","0","0"
"POINT (11.644883597000000 48.126099005999997)","Unfall 89507 (2016) Kat:3, Licht: 2","89507","3","4","6","12","21","1","","2","0","1","1","0"
"POINT (11.472337457000000 48.209717961000003)","Unfall 89563 (2016) Kat:3, Licht: 0","89563","3","6","3","12","14","3","","0","0","1","0","0"
"POINT (11.584733763999999 48.184313795000001)","Unfall 89587 (2016) Kat:3, Licht: 2","89587","3","4","6","12","17","5","","2","0","1","1","0"
"POINT (11.557998651000000 48.176168079999997)","Unfall 89597 (2016) Kat:3, Licht: 2","89597","3","6","3","12","18","3","","2","0","1","0","0"
"POINT (11.585097111000000 48.180073360000002)","Unfall 89661 (2016) Kat:3, Licht: 2","89661","3","3","5","12","17","5","","2","1","1","0","0"
"POINT (11.496719642000000 48.143711295000003)","Unfall 89671 (2016) Kat:3, Licht: 0","89671","3","2","6","12","11","2","","0","0","1","1","0"
"POINT (11.584598212000000 48.184401493000003)","Unfall 89689 (2016) Kat:3, Licht: 2","89689","3","3","6","12","18","6","","2","0","1","1","0"
"POINT (11.630561809000000 48.128351252000002)","Unfall 89705 (2016) Kat:3, Licht: 2","89705","3","2","0","12","20","6","","2","1","1","0","0"