WKT,Name,OBJECTID,UKATEGORIE,UTYP1,UART,UMONAT,USTUNDE,UWOCHENTAG,STRZUSTAND,ULICHTVERH,ISTRAD,ISTPKW,ISTFUSS,ISTKRAD
"POINT (11.620760320000000 48.122968673999999)","Unfall 89733 (2016) Kat:2, Licht: 2","89733","2","3","5","12","18","5","","2","1","1","0","0"
"POINT (11.502969261000001 48.143311736000001)","Unfall 89772 (2016) Kat:3, Licht: 0","89772","3","3","5","12","10","7","","0","0","1","0","0"
"POINT (11.595675082000000 48.178685235000003)","Unfall 89776 (2016) Kat:3, Licht: 1","89776","3","6","2","12","17","6","","1","0","1","0","0"
"POINT (11.518453171000001 48.141379809999997)","Unfall 89785 (2016) Kat:3, Licht: 1","89785","3","2","6","12","07","5","","1","0","1","1","0"
"POINT (11.677141746000000 48.119364757000000)","Unfall 89824 (2016) Kat:3, Licht: 0","89824","3","6","3","12","12","2","","0","0","1","0","1"
"POINT (11.559960026000001 48.176027541000003)","Unfall 89864 (2016) Kat:3, Licht: 0","89864","3","6","2","12","13","4","","0","0","1","0","0"
"POINT (11.537599783999999 48.162380528000000)","Unfall 89884 (2016) Kat:3, Licht: 2","89884","3","3","5","12","07","4","","2","1","0","0","0"
"POINT (11.653784180000001 48.094152368000003)","Unfall 89892 (2016) Kat:3, Licht: 0","89892","3","3","5","12","09","4","","0","0","1","0","0"
"POINT (11.602440712000000 48.158401886000000)","Unfall 89894 (2016) Kat:3, Licht: 1","89894","3","6","2","12","07","4","","1","0","1","0","0"
"POINT (11.537710741000000 48.162024371999998)","Unfall 89923 (2016) Kat:2, Licht: 2","89923","2","7","9","12","17","2","","2","0","1","0","0"
"POINT (11.584447995000000 48.187726695999999)","Unfall 89982 (2016) Kat:3, Licht: 2","89982","3","2","4","12","19","2","","2","0","1","0","0"
"POINT (11.556685917999999 48.090368390999998)","Unfall 90030 (2016) Kat:3, Licht: 0","90030","3","1","4","12","12","3","","0","0","1","0","0"
"POINT (11.550794671000000 48.112290917000003)","Unfall 90084 (2016) Kat:3, Licht: 0","90084","3","3","5","12","09","5","","0","0","1","0","0"
"POINT (11.615548244999999 48.112511697000002)","Unfall 90115 (2016) Kat:3, Licht: 0","90115","3","3","4","12","15","5","","0","1","1","0","0"
"POINT (11.614535550999999 48.138224682000001)","Unfall 90129 (2016) Kat:2, Licht: 2","90129","2","6","8","12","06","3","","2","0","1","0","0"
"POINT (11.534773845000000 48.140430756000001)","Unfall 90131 (2016) Kat:3, Licht: 0","90131","3","7","0","12","12","5","","0","1","0","0","0"
"POINT (11.646620355000000 48.125869629999997)","Unfall 90140 (2016) Kat:3, Licht: 1","90140","3","4","6","12","07","5","","1","0","1","1","0"
"POINT (11.621634831000000 48.129989862999999)","Unfall 90158 (2016) Kat:3, Licht: 2","90158","3","5","1","12","20","2","","2","0","1","0","0"
"POINT (11.478976168000001 48.145195403000002)","Unfall 90159 (2016) Kat:3, Licht: 1","90159","3","3","5","12","17","5","","1","0","1","1","0"
"POINT (11.561815076000000 48.175990820999999)","Unfall 90247 (2016) Kat:3, Licht: 2","90247","3","6","5","12","23","6","","2","0","1","0","0"
"POINT (11.523237350000000 48.075360422999999)","Unfall 90254 (2016) Kat:3, Licht: 0","90254","3","7","2","12","11","6","","0","0","1","0","0"
"POINT (11.593614692999999 48.176472335000000)","Unfall 90339 (2016) Kat:3, Licht: 0","90339","3","6","2","12","14","6","","0","0","1","0","0"
"POINT (11.593008894000000 48.175741193000000)","Unfall 90348 (2016) Kat:3, Licht: 0","90348","3","6","2","12","14","6","","0","0","1","0","0"
"POINT (11.514998795000000 48.141796354999997)","Unfall 90351 (2016) Kat:3, Licht: 2","90351","3","3","5","12","21","5","","2","1","1","0","0"
"POINT (11.496897637000000 48.143693345000003)","Unfall 90358 (2016) Kat:3, Licht: 2","90358","3","2","4","12","17","7","","2","0","1","0","0"
"POINT (11.620133421000000 48.130178915000002)","Unfall 90361 (2016) Kat:2, Licht: 2","90361","2","5","1","12","21","5","","2","1","0","0","0"
"POINT (11.556321510000000 48.152314320000002)","Unfall 131002 (2016) Kat:3, Licht: 2","131002","3","5","1","01","06","6","","2","0","1","0","0"
"POINT (11.475586422999999 48.183451548000001)","Unfall 131008 (2016) Kat:3, Licht: 2","131008","3","3","0","01","19","2","","2","0","1","0","0"
"POINT (11.564944326000001 48.172128192000002)","Unfall 131011 (2016) Kat:2, Licht: 2","131011","2","4","6","01","17","5","","2","0","1","1","0"
"POINT (11.494017479000000 48.128728436999999)","Unfall 131014 (2016) Kat:3, Licht: 1","131014","3","4","6","01","17","5","","1","0","1","1","0"
"POINT (11.590241995000000 48.131207361000001)","Unfall 131018 (2016) Kat:3, Licht: 0","131018","3","6","5","01","13","1","","0","0","1","0","0"
"POINT (11.588544363000000 48.131767111000002)","Unfall 131020 (2016) Kat:3, Licht: 0","131020","3","2","3","01","12","7","","0","1","1","0","0"
"POINT (11.574746126000001 48.107515489999997)","Unfall 131021 (2016) Kat:3, Licht: 2","131021","3","2","5","01","07","5","","2","1","1","0","0"
"POINT (11.603255999000000 48.149206327000002)","Unfall 131024 (2016) Kat:2, Licht: 2","131024","2","4","6","01","18","5","","2","0","1","1","0"
"POINT (11.421419609000001 48.147478112999998)","Unfall 131028 (2016) Kat:2, Licht: 2","131028","2","2","5","01","17","6","","2","0","1","0","1"
"POINT (11.407466472999999 48.177501929999998)","Unfall 131032 (2016) Kat:2, Licht: 2","131032","2","2","6","01","20","7","","2","0","1","1","0"
"POINT (11.565992139000000 48.167816201000001)","Unfall 131040 (2016) Kat:2, Licht: 2","131040","2","5","1","01","18","6","","2","0","1","0","0"
"POINT (11.671562050000000 48.121015962000001)","Unfall 131042 (2016) Kat:3, Licht: 0","131042","3","6","2","01","12","7","","0","0","1","0","0"
"POINT (11.564081538000000 48.151165853000002)","Unfall 131044 (2016) Kat:3, Licht: 2","131044","3","6","2","01","18","7","","2","0","1","0","0"
"POINT (11.410974104999999 48.134852418000001)","Unfall 131051 (2016) Kat:3, Licht: 2","131051","3","7","0","01","04","6","","2","0","1","0","0"
"POINT (11.573490572000001 48.163600782000003)","Unfall 131055 (2016) Kat:3, Licht: 2","131055","3","5","2","01","19","1","","2","1","1","0","0"
"POINT (11.535107346000000 48.152219958000003)","Unfall 131056 (2016) Kat:2, Licht: 2","131056","2","7","0","01","06","2","","2","1","0","0","0"
"POINT (11.578871004000000 48.145280247000002)","Unfall 131059 (2016) Kat:3, Licht: 2","131059","3","3","5","01","00","1","","2","0","1","0","0"
"POINT (11.589053745999999 48.137113382000003)","Unfall 131065 (2016) Kat:3, Licht: 2","131065","3","2","6","01","17","5","","2","0","0","1","0"
"POINT (11.574323327000000 48.140591065000002)","Unfall 131071 (2016) Kat:3, Licht: 1","131071","3","4","6","01","17","3","","1","0","1","1","0"
"POINT (11.558218032999999 48.151091065000003)","Unfall 131077 (2016) Kat:3, Licht: 2","131077","3","4","2","01","19","5","","2","0","1","1","0"
"POINT (11.541606015999999 48.139637217000001)","Unfall 131080 (2016) Kat:3, Licht: 2","131080","3","7","5","01","19","5","","2","1","0","0","0"
"POINT (11.560928067000001 48.140112983000002)","Unfall 131120 (2016) Kat:3, Licht: 0","131120","3","4","0","01","15","5","","0","0","0","1","0"
"POINT (11.694149443000001 48.133491833000001)","Unfall 131126 (2016) Kat:3, Licht: 0","131126","3","3","5","01","15","5","","0","0","1","0","0"
"POINT (11.409389204000000 48.152450473000002)","Unfall 131129 (2016) Kat:3, Licht: 2","131129","3","4","6","01","19","5","","2","0","1","1","0"
"POINT (11.619420107000000 48.197760232999997)","Unfall 131131 (2016) Kat:3, Licht: 0","131131","3","2","3","01","12","4","","0","1","1","0","0"
"POINT (11.563215341999999 48.159793647000001)","Unfall 131135 (2016) Kat:3, Licht: 0","131135","3","2","4","01","15","3","","0","0","1","0","1"
"POINT (11.566939561000000 48.134794435000003)","Unfall 131163 (2016) Kat:3, Licht: 0","131163","3","2","6","01","10","2","","0","0","1","1","0"
"POINT (11.519184377000000 48.177207946000003)","Unfall 131166 (2016) Kat:1, Licht: 2","131166","1","3","5","01","07","5","","2","1","0","0","0"
"POINT (11.563293758000000 48.160844273000002)","Unfall 131170 (2016) Kat:3, Licht: 2","131170","3","2","6","01","18","5","","2","0","1","1","0"
"POINT (11.507335450999999 48.117039972000001)","Unfall 131178 (2016) Kat:3, Licht: 0","131178","3","2","5","01","13","5","","0","1","0","0","0"
"POINT (11.571273621000000 48.152422260000002)","Unfall 131186 (2016) Kat:3, Licht: 0","131186","3","3","5","01","09","5","","0","1","1","0","0"
"POINT (11.502908060999999 48.130854563000000)","Unfall 131215 (2016) Kat:2, Licht: 2","131215","2","6","2","01","17","7","","2","0","1","0","0"
"POINT (11.564710251999999 48.137329796000003)","Unfall 131220 (2016) Kat:2, Licht: 0","131220","2","2","6","01","15","5","","0","0","1","1","0"
"POINT (11.619457564999999 48.121954215999999)","Unfall 131224 (2016) Kat:2, Licht: 0","131224","2","7","0","01","09","7","","0","0","1","0","0"
"POINT (11.596741223000000 48.104475381999997)","Unfall 131226 (2016) Kat:2, Licht: 0","131226","2","3","5","01","15","3","","0","0","1","1","0"
"POINT (11.596820960000001 48.129019259000003)","Unfall 131231 (2016) Kat:3, Licht: 0","131231","3","6","3","01","08","5","","0","1","1","0","0"
"POINT (11.555662049000000 48.147994042999997)","Unfall 131233 (2016) Kat:3, Licht: 2","131233","3","2","5","01","20","4","","2","0","1","1","0"
"POINT (11.585643678000000 48.175973626999998)","Unfall 131252 (2016) Kat:3, Licht: 2","131252","3","3","5","01","18","7","","2","0","1","0","0"
"POINT (11.551649961000001 48.138466665000003)","Unfall 131262 (2016) Kat:3, Licht: 2","131262","3","3","6","01","18","3","","2","0","1","1","0"
"POINT (11.560931198000000 48.144700899000000)","Unfall 131264 (2016) Kat:3, Licht: 0","131264","3","7","3","01","14","1","","0","1","0","0","0"
"POINT (11.610093577000001 48.132434492999998)","Unfall 131272 (2016) Kat:3, Licht: 2","131272","3","2","4","01","19","4","","2","0","1","0","0"
"POINT (11.566849253000001 48.134977751000001)","Unfall 131281 (2016) Kat:3, Licht: 0","131281","3","7","1","01","12","4","","0","1","1","0","0"
"POINT (11.580079216000000 48.187786336000002)","Unfall 131284 (2016) Kat:3, Licht: 2","131284","3","5","1","01","01","7","","2","0","1","0","0"
"POINT (11.615421341999999 48.126948716999998)","Unfall 131286 (2016) Kat:3, Licht: 0","131286","3","3","5","01","16","3","","0","1","1","0","0"
"POINT (11.553877934999999 48.139123185999999)","Unfall 131288 (2016) Kat:3, Licht: 2","131288","3","4","6","01","19","3","","2","1","0","1","0"
"POINT (11.506110800000000 48.181529359999999)","Unfall 131299 (2016) Kat:3, Licht: 0","131299","3","7","0","01","10","3","","0","1","0","0","0"
"POINT (11.435559509000001 48.150678059000001)","Unfall 131301 (2016) Kat:3, Licht: 0","131301","3","2","5","01","11","1","","0","0","1","0","0"
"POINT (11.590993033000000 48.130648043999997)","Unfall 131311 (2016) Kat:3, Licht: 2","131311","3","6","3","01","16","6","","2","1","0","0","0"
"POINT (11.603921627000000 48.139927346999997)","Unfall 131313 (2016) Kat:3, Licht: 0","131313","3","5","1","01","16","6","","0","0","1","0","0"
"POINT (11.484141234000001 48.089035887999998)","Unfall 131324 (2016) Kat:3, Licht: 0","131324","3","7","0","01","09","6","","0","1","0","0","0"
"POINT (11.547639161999999 48.126841151999997)","Unfall 131333 (2016) Kat:3, Licht: 2","131333","3","3","5","01","00","6","","2","0","1","0","0"
"POINT (11.558633775000001 48.138006580999999)","Unfall 131336 (2016) Kat:2, Licht: 0","131336","2","7","6","01","14","6","","0","0","1","1","0"
"POINT (11.646298165999999 48.106652586000003)","Unfall 131337 (2016) Kat:3, Licht: 0","131337","3","7","0","01","11","4","","0","1","0","0","0"
"POINT (11.574193153000000 48.152452936000003)","Unfall 131340 (2016) Kat:3, Licht: 0","131340","3","4","6","01","10","7","","0","0","1","1","0"
"POINT (11.586367992000000 48.169490594000003)","Unfall 131341 (2016) Kat:3, Licht: 2","131341","3","3","5","01","19","3","","2","1","1","0","0"
"POINT (11.564144689000001 48.163508260999997)","Unfall 131344 (2016) Kat:3, Licht: 2","131344","3","2","3","01","17","6","","2","0","1","0","0"
"POINT (11.573222051000000 48.178951638000001)","Unfall 131353 (2016) Kat:3, Licht: 0","131353","3","4","6","01","12","7","","0","0","1","1","0"
"POINT (11.568936688000001 48.092781668000001)","Unfall 131355 (2016) Kat:3, Licht: 0","131355","3","4","6","01","14","3","","0","0","1","1","0"
"POINT (11.555959095000000 48.124429622999997)","Unfall 131367 (2016) Kat:3, Licht: 2","131367","3","3","5","01","22","3","","2","0","1","0","0"
"POINT (11.545168777000001 48.171768909000001)","Unfall 131384 (2016) Kat:3, Licht: 2","131384","3","7","0","01","17","6","","2","1","0","0","0"
"POINT (11.577810920999999 48.170137543000003)","Unfall 131385 (2016) Kat:3, Licht: 0","131385","3","3","3","01","08","4","","0","0","1","0","0"
"POINT (11.574763439000000 48.136249360000001)","Unfall 131389 (2016) Kat:2, Licht: 0","131389","2","4","6","01","16","3","","0","0","1","1","0"
"POINT (11.493165385999999 48.141365808000003)","Unfall 131394 (2016) Kat:3, Licht: 0","131394","3","7","0","01","11","6","","0","1","0","0","0"
"POINT (11.496394269000000 48.088707038000003)","Unfall 131398 (2016) Kat:3, Licht: 0","131398","3","2","5","01","14","7","","0","1","1","0","0"
"POINT (11.567823371999999 48.206491618999998)","Unfall 131401 (2016) Kat:3, Licht: 2","131401","3","1","1","01","20","3","","2","0","1","0","0"
"POINT (11.576823309000000 48.166864191999998)","Unfall 131405 (2016) Kat:3, Licht: 0","131405","3","7","3","01","13","2","","0","0","1","0","1"
"POINT (11.521236228999999 48.186215322000002)","Unfall 131419 (2016) Kat:3, Licht: 1","131419","3","2","6","01","07","2","","1","0","1","1","0"
"POINT (11.565422887000000 48.148285549000001)","Unfall 131430 (2016) Kat:3, Licht: 0","131430","3","2","6","01","09","2","","0","0","1","1","0"
"POINT (11.564093772000000 48.137404922999998)","Unfall 131439 (2016) Kat:3, Licht: 2","131439","3","7","3","01","21","7","","2","0","1","0","0"
"POINT (11.576255155000000 48.112097153999997)","Unfall 131441 (2016) Kat:3, Licht: 2","131441","3","2","5","01","19","4","","2","1","1","0","0"
"POINT (11.588941091000001 48.165220533999999)","Unfall 131443 (2016) Kat:3, Licht: 0","131443","3","6","3","01","15","7","","0","0","1","0","0"
"POINT (11.565531146000000 48.138895165000001)","Unfall 131444 (2016) Kat:3, Licht: 0","131444","3","5","1","01","14","2","","0","1","1","0","0"
"POINT (11.568368642999999 48.155109156000002)","Unfall 131445 (2016) Kat:3, Licht: 2","131445","3","2","5","01","18","3","","2","1","1","0","0"
"POINT (11.513192238000000 48.098196807999997)","Unfall 131454 (2016) Kat:3, Licht: 0","131454","3","6","2","01","15","3","","0","0","1","0","0"
"POINT (11.607478476000001 48.120954511000001)","Unfall 131456 (2016) Kat:3, Licht: 0","131456","3","2","5","01","13","3","","0","0","1","0","0"
"POINT (11.541848560000000 48.121890618999998)","Unfall 131469 (2016) Kat:3, Licht: 2","131469","3","6","2","01","04","1","","2","0","1","0","0"
"POINT (11.549545525999999 48.125144261000003)","Unfall 131486 (2016) Kat:3, Licht: 2","131486","3","2","6","01","19","4","","2","0","1","1","0"
"POINT (11.625812971000000 48.102973607000003)","Unfall 131490 (2016) Kat:3, Licht: 0","131490","3","2","5","01","15","3","","0","1","1","0","0"
"POINT (11.511598856000001 48.157143885000004)","Unfall 131492 (2016) Kat:3, Licht: 2","131492","3","3","2","01","17","4","","2","0","1","0","0"
"POINT (11.564341631000000 48.170064216999997)","Unfall 131501 (2016) Kat:3, Licht: 0","131501","3","3","1","01","08","7","","0","1","1","0","0"
"POINT (11.516528390000000 48.078937844000002)","Unfall 131504 (2016) Kat:2, Licht: 2","131504","2","2","4","01","19","3","","2","1","1","0","0"
"POINT (11.567879402999999 48.187359004999998)","Unfall 131511 (2016) Kat:3, Licht: 2","131511","3","6","2","01","19","5","","2","0","1","0","0"
"POINT (11.582219039000000 48.119754266000001)","Unfall 131513 (2016) Kat:3, Licht: 2","131513","3","7","8","01","21","5","","2","0","1","0","0"
"POINT (11.594643508000001 48.110848066000003)","Unfall 131515 (2016) Kat:3, Licht: 0","131515","3","2","5","01","12","2","","0","0","1","0","0"
"POINT (11.610951980999999 48.124791911999999)","Unfall 131521 (2016) Kat:3, Licht: 0","131521","3","7","5","01","12","5","","0","1","1","0","0"
"POINT (11.566570008999999 48.133293029999997)","Unfall 131537 (2016) Kat:3, Licht: 0","131537","3","3","5","01","15","5","","0","1","1","0","0"
"POINT (11.643959475999999 48.089334503000003)","Unfall 131550 (2016) Kat:3, Licht: 0","131550","3","4","0","01","11","6","","0","0","0","1","0"
"POINT (11.565318977000000 48.137810872000003)","Unfall 131553 (2016) Kat:2, Licht: 0","131553","2","4","6","01","07","2","","0","0","0","1","0"
"POINT (11.474934508000000 48.164470479000002)","Unfall 131555 (2016) Kat:3, Licht: 2","131555","3","6","2","01","06","6","","2","0","1","0","0"
"POINT (11.583716652000000 48.144341173999997)","Unfall 131559 (2016) Kat:3, Licht: 0","131559","3","7","0","01","08","4","","0","1","0","1","0"
"POINT (11.557029166000000 48.143910613000003)","Unfall 131561 (2016) Kat:3, Licht: 0","131561","3","6","2","01","14","3","","0","0","1","0","1"
"POINT (11.609739543000000 48.124919249000001)","Unfall 131563 (2016) Kat:3, Licht: 0","131563","3","6","2","01","08","6","","0","0","1","0","0"
"POINT (11.652871908000000 48.097209886999998)","Unfall 131567 (2016) Kat:2, Licht: 0","131567","2","3","5","01","12","6","","0","1","0","0","0"
"POINT (11.674681331000000 48.083522170000002)","Unfall 131580 (2016) Kat:3, Licht: 0","131580","3","6","0","01","15","6","","0","1","1","0","0"
"POINT (11.555904749000000 48.137573820999997)","Unfall 131582 (2016) Kat:3, Licht: 0","131582","3","2","6","01","11","1","","0","0","0","1","0"
"POINT (11.533343444000000 48.078140007999998)","Unfall 131595 (2016) Kat:3, Licht: 0","131595","3","7","0","01","08","6","","0","1","1","0","0"
"POINT (11.526776761000001 48.168656095999999)","Unfall 131603 (2016) Kat:3, Licht: 0","131603","3","6","1","01","09","6","","0","0","1","0","0"
"POINT (11.537350415000001 48.151671884000002)","Unfall 131608 (2016) Kat:3, Licht: 1","131608","3","2","5","01","08","6","","1","1","1","0","0"
"POINT (11.503340596999999 48.139654065999999)","Unfall 131612 (2016) Kat:2, Licht: 0","131612","2","2","6","01","07","4","","0","0","1","1","0"
"POINT (11.586470801000001 48.198885615000002)","Unfall 131614 (2016) Kat:3, Licht: 2","131614","3","4","6","01","17","3","","2","0","1","1","0"
"POINT (11.530841393999999 48.131147122000002)","Unfall 131615 (2016) Kat:3, Licht: 0","131615","3","3","5","01","09","1","","0","0","1","0","0"
"POINT (11.709558530000001 48.103604210999997)","Unfall 131617 (2016) Kat:3, Licht: 0","131617","3","7","0","01","15","6","","0","1","0","0","0"
"POINT (11.646309874000000 48.107198855999997)","Unfall 131622 (2016) Kat:2, Licht: 2","131622","2","1","0","01","23","2","","2","1","0","0","0"
"POINT (11.633702354000000 48.136150639000000)","Unfall 131624 (2016) Kat:2, Licht: 0","131624","2","6","2","01","10","6","","0","0","1","0","0"
"POINT (11.527585470000000 48.116653155000002)","Unfall 131634 (2016) Kat:3, Licht: 0","131634","3","4","6","01","14","3","","0","0","1","1","0"
"POINT (11.539492370000000 48.114435598999997)","Unfall 131635 (2016) Kat:3, Licht: 0","131635","3","6","2","01","07","6","","0","0","1","0","0"
"POINT (11.558405970000001 48.130136176000001)","Unfall 131636 (2016) Kat:3, Licht: 0","131636","3","1","0","01","08","6","","0","0","0","0","1"
"POINT (11.501614841000000 48.098550756999998)","Unfall 131638 (2016) Kat:3, Licht: 0","131638","3","2","6","01","09","1","","0","0","0","1","0"
"POINT (11.704432181000000 48.133465155000003)","Unfall 131640 (2016) Kat:3, Licht: 2","131640","3","3","5","01","18","4","","2","0","1","0","0"
"POINT (11.624290096999999 48.120188329000001)","Unfall 131658 (2016) Kat:3, Licht: 0","131658","3","2","3","01","13","2","","0","1","1","0","0"
"POINT (11.489314975999999 48.140432075000000)","Unfall 131668 (2016) Kat:3, Licht: 1","131668","3","7","6","01","16","3","","1","0","1","1","0"
"POINT (11.489327582000000 48.130102831999999)","Unfall 131712 (2016) Kat:3, Licht: 1","131712","3","4","6","01","18","2","","1","0","1","1","0"
"POINT (11.585469650000000 48.154828342000002)","Unfall 131715 (2016) Kat:2, Licht: 2","131715","2","7","0","01","03","1","","2","0","1","0","0"
"POINT (11.502838436999999 48.127709486000001)","Unfall 131716 (2016) Kat:3, Licht: 1","131716","3","3","5","01","18","4","","1","0","1","0","0"
"POINT (11.535935791000000 48.146312555000002)","Unfall 131718 (2016) Kat:3, Licht: 0","131718","3","6","1","01","12","3","","0","0","1","0","0"
"POINT (11.586323525999999 48.167662106999998)","Unfall 131722 (2016) Kat:3, Licht: 0","131722","3","7","0","01","13","5","","0","0","0","1","0"
"POINT (11.659231221000001 48.103512002999999)","Unfall 131725 (2016) Kat:3, Licht: 2","131725","3","6","2","01","06","5","","2","0","1","0","0"
"POINT (11.578364985000000 48.144353246999998)","Unfall 131727 (2016) Kat:3, Licht: 0","131727","3","6","2","01","14","7","","0","0","1","0","0"
"POINT (11.586495237999999 48.156793634000003)","Unfall 131730 (2016) Kat:3, Licht: 0","131730","3","6","0","01","15","5","","0","1","0","0","0"
"POINT (11.560990917000000 48.140529850000000)","Unfall 131737 (2016) Kat:3, Licht: 0","131737","3","5","6","01","14","5","","0","0","1","1","0"
"POINT (11.616336781999999 48.149121702000002)","Unfall 131738 (2016) Kat:3, Licht: 0","131738","3","6","2","01","09","3","","0","0","1","0","0"
"POINT (11.552623940000000 48.148968941000000)","Unfall 131744 (2016) Kat:2, Licht: 0","131744","2","7","6","01","08","5","","0","0","1","1","0"
"POINT (11.533801546999999 48.112763700000002)","Unfall 131750 (2016) Kat:2, Licht: 0","131750","2","4","6","01","12","7","","0","0","1","1","0"
"POINT (11.605940128000000 48.120880378999999)","Unfall 131752 (2016) Kat:3, Licht: 0","131752","3","6","1","01","15","4","","0","0","1","0","0"
"POINT (11.602422224000000 48.114739309000001)","Unfall 131753 (2016) Kat:3, Licht: 0","131753","3","3","5","01","09","5","","0","0","1","0","0"
"POINT (11.502982187000001 48.125564406999999)","Unfall 131755 (2016) Kat:3, Licht: 2","131755","3","2","4","01","02","7","","2","0","1","0","0"
"POINT (11.641778180999999 48.156566572000003)","Unfall 131757 (2016) Kat:3, Licht: 0","131757","3","2","4","01","13","5","","0","1","1","0","0"
"POINT (11.568156736000001 48.133767722000002)","Unfall 131786 (2016) Kat:3, Licht: 0","131786","3","1","0","01","16","3","","0","0","0","0","1"
"POINT (11.560651785999999 48.120055413000003)","Unfall 131795 (2016) Kat:3, Licht: 0","131795","3","6","2","01","11","3","","0","0","1","0","0"
"POINT (11.606283836999999 48.120836072000003)","Unfall 131807 (2016) Kat:3, Licht: 0","131807","3","3","0","01","14","3","","0","1","0","0","0"
"POINT (11.569805905000001 48.111468006999999)","Unfall 131824 (2016) Kat:3, Licht: 2","131824","3","1","7","01","23","6","","2","0","1","0","0"
"POINT (11.448774426000000 48.173598740000003)","Unfall 131835 (2016) Kat:3, Licht: 2","131835","3","3","5","01","05","6","","2","0","1","0","0"
"POINT (11.465244759999999 48.146195153000001)","Unfall 131836 (2016) Kat:3, Licht: 2","131836","3","2","3","01","22","6","","2","0","0","0","0"
"POINT (11.625557426000000 48.147998217000001)","Unfall 131840 (2016) Kat:3, Licht: 0","131840","3","3","5","01","15","3","","0","0","1","0","1"
"POINT (11.646501226000000 48.108965548000000)","Unfall 131853 (2016) Kat:2, Licht: 0","131853","2","2","5","01","15","3","","0","1","1","0","0"
"POINT (11.543908602000000 48.122148605000000)","Unfall 131857 (2016) Kat:3, Licht: 0","131857","3","2","5","01","08","2","","0","1","1","0","0"
"POINT (11.538692680000000 48.116923405000001)","Unfall 131862 (2016) Kat:3, Licht: 0","131862","3","6","1","01","12","3","","0","0","0","0","0"
"POINT (11.458665662000000 48.149639335000003)","Unfall 131863 (2016) Kat:3, Licht: 0","131863","3","2","6","01","13","6","","0","0","1","1","0"
"POINT (11.572654055999999 48.188986112999999)","Unfall 131865 (2016) Kat:3, Licht: 0","131865","3","2","4","01","14","6","","0","0","1","0","0"
"POINT (11.502179972000000 48.108330438000003)","Unfall 131867 (2016) Kat:3, Licht: 2","131867","3","7","4","01","18","3","","2","0","1","0","0"
"POINT (11.605988127000000 48.186621412000001)","Unfall 131868 (2016) Kat:3, Licht: 2","131868","3","2","0","01","21","6","","2","0","1","0","0"
"POINT (11.578627760000000 48.101408503999998)","Unfall 131872 (2016) Kat:3, Licht: 0","131872","3","7","0","01","12","2","","0","1","0","0","0"
"POINT (11.606867121000001 48.144766808999996)","Unfall 131877 (2016) Kat:3, Licht: 1","131877","3","3","5","01","07","6","","1","1","1","0","0"
"POINT (11.526061757000001 48.116761226999998)","Unfall 131878 (2016) Kat:3, Licht: 0","131878","3","7","0","01","08","7","","0","1","0","0","0"
"POINT (11.579147554000000 48.167069613000002)","Unfall 131879 (2016) Kat:3, Licht: 2","131879","3","3","5","01","17","6","","2","1","1","0","0"
"POINT (11.549765868000000 48.149217714999999)","Unfall 131884 (2016) Kat:3, Licht: 2","131884","3","6","2","01","18","2","","2","0","1","0","0"
"POINT (11.586115692000000 48.137939594000002)","Unfall 131885 (2016) Kat:3, Licht: 2","131885","3","7","0","01","18","7","","2","0","1","0","0"
"POINT (11.579346599999999 48.146425987999997)","Unfall 131889 (2016) Kat:3, Licht: 1","131889","3","6","3","01","16","6","","1","1","0","0","0"
"POINT (11.526134274000000 48.224993544000000)","Unfall 131895 (2016) Kat:3, Licht: 0","131895","3","1","0","01","08","3","","0","1","0","0","0"
"POINT (11.558604053000000 48.135641685000003)","Unfall 131896 (2016) Kat:2, Licht: 0","131896","2","2","4","01","16","7","","0","1","1","0","0"
"POINT (11.641424081000000 48.146551035000002)","Unfall 131897 (2016) Kat:3, Licht: 0","131897","3","5","1","01","14","7","","0","0","1","0","0"
"POINT (11.566220432000000 48.153883280999999)","Unfall 131899 (2016) Kat:3, Licht: 0","131899","3","7","6","01","10","2","","0","0","0","1","0"
"POINT (11.569131882000001 48.137498735000001)","Unfall 131904 (2016) Kat:2, Licht: 2","131904","2","2","6","01","17","3","","2","0","1","1","0"
"POINT (11.566697489999999 48.133529762000002)","Unfall 131905 (2016) Kat:3, Licht: 2","131905","3","4","6","01","19","6","","2","0","1","1","0"
"POINT (11.565772742000000 48.187215872000003)","Unfall 131906 (2016) Kat:3, Licht: 2","131906","3","2","6","01","17","7","","2","0","1","1","0"
"POINT (11.562421004000001 48.186840402999998)","Unfall 131908 (2016) Kat:3, Licht: 2","131908","3","3","9","01","18","2","","2","0","1","0","0"
"POINT (11.502829179000001 48.190089477999997)","Unfall 131910 (2016) Kat:3, Licht: 2","131910","3","6","2","01","18","2","","2","0","1","0","0"
"POINT (11.553011656000001 48.083117555000001)","Unfall 131912 (2016) Kat:3, Licht: 0","131912","3","6","2","01","14","5","","0","0","1","0","0"
"POINT (11.583723408999999 48.155711122000000)","Unfall 131915 (2016) Kat:3, Licht: 0","131915","3","7","0","01","08","3","","0","1","0","0","0"
"POINT (11.526028985000000 48.118656827000002)","Unfall 131921 (2016) Kat:2, Licht: 0","131921","2","3","5","01","11","2","","0","1","1","0","0"
"POINT (11.532572529999999 48.137824463999998)","Unfall 131922 (2016) Kat:3, Licht: 2","131922","3","1","0","01","05","7","","2","1","0","0","0"