WKT,Name,OBJECTID,UKATEGORIE,UTYP1,UART,UMONAT,USTUNDE,UWOCHENTAG,STRZUSTAND,ULICHTVERH,ISTRAD,ISTPKW,ISTFUSS,ISTKRAD
"POINT (11.592758154000000 48.187848445000000)","Unfall 131923 (2016) Kat:2, Licht: 0","131923","2","6","3","01","10","5","","0","0","1","0","0"
"POINT (11.565207087999999 48.139276017000000)","Unfall 131927 (2016) Kat:3, Licht: 0","131927","3","4","6","01","11","7","","0","0","1","1","0"
"POINT (11.558637754999999 48.141368626999999)","Unfall 131928 (2016) Kat:2, Licht: 2","131928","2","5","0","01","22","5","","2","0","1","0","0"
"POINT (11.558956565000001 48.168540571999998)","Unfall 131936 (2016) Kat:3, Licht: 1","131936","3","3","5","01","16","5","","1","1","1","0","0"
"POINT (11.594374797000000 48.111273549000003)","Unfall 131938 (2016) Kat:3, Licht: 0","131938","3","2","5","01","10","5","","0","1","1","0","0"
"POINT (11.477180844999999 48.115671202000001)","Unfall 131943 (2016) Kat:3, Licht: 1","131943","3","4","6","01","16","2","","1","0","1","1","0"
"POINT (11.494899299000000 48.129313033999999)","Unfall 131950 (2016) Kat:3, Licht: 2","131950","3","5","1","01","00","3","","2","0","1","0","0"
"POINT (11.602426981000001 48.146766032999999)","Unfall 131954 (2016) Kat:2, Licht: 1","131954","2","3","5","01","16","2","","1","1","1","0","0"
"POINT (11.565413454000000 48.191503369000003)","Unfall 131958 (2016) Kat:3, Licht: 0","131958","3","7","2","01","12","3","","0","0","1","0","0"
"POINT (11.590111397999999 48.131169352999997)","Unfall 131971 (2016) Kat:3, Licht: 0","131971","3","2","4","01","10","3","","0","0","1","0","0"
"POINT (11.542021712000000 48.137726880999999)","Unfall 131991 (2016) Kat:3, Licht: 0","131991","3","4","6","01","15","2","","0","0","1","1","0"
"POINT (11.589550112000000 48.137126664999997)","Unfall 132002 (2016) Kat:3, Licht: 2","132002","3","6","3","01","21","3","","2","0","1","0","0"
"POINT (11.549787453000000 48.136793378999997)","Unfall 132006 (2016) Kat:3, Licht: 1","132006","3","3","5","01","17","2","","1","1","1","0","0"
"POINT (11.575325373000000 48.119488429000000)","Unfall 132008 (2016) Kat:3, Licht: 0","132008","3","4","6","01","11","1","","0","0","1","1","0"
"POINT (11.432258015000000 48.199626199000001)","Unfall 132011 (2016) Kat:2, Licht: 2","132011","2","1","8","01","21","3","","2","0","1","0","0"
"POINT (11.549523917000000 48.146052009999998)","Unfall 132015 (2016) Kat:3, Licht: 0","132015","3","3","5","01","09","2","","0","1","1","0","0"
"POINT (11.544892594000000 48.150843307999999)","Unfall 132020 (2016) Kat:3, Licht: 0","132020","3","4","6","01","07","2","","0","1","1","1","0"
"POINT (11.522155530999999 48.168551178999998)","Unfall 132025 (2016) Kat:3, Licht: 0","132025","3","6","2","01","14","3","","0","0","1","0","0"
"POINT (11.544672209000000 48.150305070000002)","Unfall 132031 (2016) Kat:3, Licht: 2","132031","3","2","5","01","18","2","","2","1","1","0","0"
"POINT (11.600173057999999 48.143738534000001)","Unfall 132062 (2016) Kat:3, Licht: 0","132062","3","3","5","02","14","3","","0","0","1","0","0"
"POINT (11.531267763000001 48.156377788999997)","Unfall 132070 (2016) Kat:3, Licht: 0","132070","3","5","1","02","14","2","","0","1","1","0","0"
"POINT (11.528725120000001 48.208909742000003)","Unfall 132073 (2016) Kat:3, Licht: 1","132073","3","3","5","02","19","3","","1","1","1","0","0"
"POINT (11.566062219999999 48.153932707000003)","Unfall 132115 (2016) Kat:3, Licht: 2","132115","3","2","3","02","18","2","","2","1","1","0","0"
"POINT (11.534989736000000 48.152323099000000)","Unfall 132117 (2016) Kat:2, Licht: 2","132117","2","4","6","02","17","2","","2","0","1","1","0"
"POINT (11.546440819000001 48.146715221000001)","Unfall 132119 (2016) Kat:3, Licht: 2","132119","3","3","5","01","19","5","","2","0","1","0","0"
"POINT (11.595314236000000 48.150725764000001)","Unfall 132124 (2016) Kat:3, Licht: 2","132124","3","3","5","01","19","7","","2","1","1","0","0"
"POINT (11.511665399000000 48.180956492000000)","Unfall 132126 (2016) Kat:3, Licht: 0","132126","3","7","6","02","09","2","","0","0","1","1","0"
"POINT (11.574400323000001 48.144728250000000)","Unfall 132127 (2016) Kat:3, Licht: 0","132127","3","3","5","01","09","5","","0","1","1","0","0"
"POINT (11.573780574000001 48.134558081000002)","Unfall 132134 (2016) Kat:3, Licht: 0","132134","3","7","0","02","08","3","","0","0","0","1","0"
"POINT (11.580245486999999 48.187702362000003)","Unfall 132138 (2016) Kat:3, Licht: 0","132138","3","6","2","01","13","7","","0","0","1","0","0"
"POINT (11.586033643000000 48.169494647999997)","Unfall 132140 (2016) Kat:3, Licht: 2","132140","3","3","5","01","19","5","","2","1","1","0","0"
"POINT (11.504009181000001 48.094345474000001)","Unfall 132148 (2016) Kat:3, Licht: 0","132148","3","3","5","01","10","5","","0","0","1","0","0"
"POINT (11.564796607000000 48.138382915000001)","Unfall 132150 (2016) Kat:3, Licht: 0","132150","3","3","5","01","13","7","","0","1","1","0","0"
"POINT (11.565377829999999 48.138123426000000)","Unfall 132155 (2016) Kat:3, Licht: 0","132155","3","4","6","01","15","4","","0","0","1","1","0"
"POINT (11.571540191000000 48.185665675000003)","Unfall 132160 (2016) Kat:3, Licht: 1","132160","3","4","6","02","16","2","","1","0","1","1","0"
"POINT (11.563318621000001 48.121048653000003)","Unfall 132161 (2016) Kat:3, Licht: 0","132161","3","6","4","01","13","7","","0","1","0","0","0"
"POINT (11.572652895999999 48.187713615000000)","Unfall 132162 (2016) Kat:3, Licht: 0","132162","3","7","0","01","11","5","","0","1","0","1","0"
"POINT (11.548321872000001 48.118091235999998)","Unfall 132169 (2016) Kat:3, Licht: 0","132169","3","7","6","01","07","7","","0","1","0","1","0"
"POINT (11.563974576000000 48.204686408999997)","Unfall 132170 (2016) Kat:3, Licht: 2","132170","3","2","3","02","17","2","","2","1","1","0","0"
"POINT (11.454095819000001 48.165483981999998)","Unfall 132171 (2016) Kat:3, Licht: 2","132171","3","1","8","01","03","7","","2","0","1","0","0"
"POINT (11.562558507000000 48.186941158000003)","Unfall 132172 (2016) Kat:3, Licht: 2","132172","3","6","1","01","17","5","","2","0","1","0","0"
"POINT (11.580874895999999 48.112095455999999)","Unfall 132175 (2016) Kat:2, Licht: 2","132175","2","3","5","01","23","6","","2","0","1","0","0"
"POINT (11.502407399000001 48.112704217999998)","Unfall 132176 (2016) Kat:3, Licht: 2","132176","3","6","0","01","21","7","","2","0","1","0","0"
"POINT (11.597894488000000 48.120850060999999)","Unfall 132178 (2016) Kat:3, Licht: 1","132178","3","7","0","01","18","7","","1","0","1","0","0"
"POINT (11.555901596000000 48.137501014000001)","Unfall 132180 (2016) Kat:3, Licht: 0","132180","3","2","5","02","16","2","","0","0","1","0","0"
"POINT (11.513566813000001 48.139026559999998)","Unfall 132181 (2016) Kat:3, Licht: 0","132181","3","2","5","01","08","5","","0","1","1","0","0"
"POINT (11.526082864999999 48.112765025999998)","Unfall 132182 (2016) Kat:3, Licht: 1","132182","3","2","6","01","07","4","","1","0","1","1","0"
"POINT (11.573205056999999 48.203028467000003)","Unfall 132183 (2016) Kat:3, Licht: 0","132183","3","3","5","02","11","3","","0","0","1","0","0"
"POINT (11.471617415000001 48.145393290999998)","Unfall 132185 (2016) Kat:3, Licht: 2","132185","3","4","6","01","06","6","","2","0","1","1","0"
"POINT (11.578911479000000 48.145273369000002)","Unfall 132188 (2016) Kat:3, Licht: 2","132188","3","3","4","01","03","7","","2","0","1","0","0"
"POINT (11.558510278000000 48.146674488000002)","Unfall 132189 (2016) Kat:2, Licht: 2","132189","2","4","6","01","04","1","","2","0","1","1","0"
"POINT (11.586762093000001 48.164180063000003)","Unfall 132190 (2016) Kat:3, Licht: 2","132190","3","2","6","01","07","6","","2","0","1","1","0"
"POINT (11.412297027999999 48.175552486000001)","Unfall 132192 (2016) Kat:3, Licht: 0","132192","3","3","5","01","12","4","","0","0","1","0","0"
"POINT (11.460640194000000 48.137773369000001)","Unfall 132195 (2016) Kat:3, Licht: 0","132195","3","4","6","01","13","6","","0","0","1","1","0"
"POINT (11.569909486000000 48.111526759000000)","Unfall 132196 (2016) Kat:3, Licht: 0","132196","3","2","4","01","09","5","","0","0","1","0","0"
"POINT (11.588451170000001 48.115300875999999)","Unfall 132197 (2016) Kat:3, Licht: 2","132197","3","2","4","01","17","4","","2","0","1","0","0"
"POINT (11.614673510999999 48.138171833000001)","Unfall 132200 (2016) Kat:3, Licht: 0","132200","3","7","4","01","15","6","","0","0","1","0","0"
"POINT (11.587917628000000 48.115295910000000)","Unfall 132204 (2016) Kat:3, Licht: 2","132204","3","6","3","01","18","5","","2","0","1","0","1"
"POINT (11.586044457000000 48.160214969000002)","Unfall 132207 (2016) Kat:3, Licht: 2","132207","3","6","6","01","21","6","","2","0","1","1","0"
"POINT (11.586066784000000 48.160476463999998)","Unfall 132208 (2016) Kat:3, Licht: 0","132208","3","6","1","01","15","5","","0","0","1","0","0"
"POINT (11.559132133000000 48.147508193999997)","Unfall 132209 (2016) Kat:3, Licht: 0","132209","3","2","0","01","17","4","","0","1","1","0","0"
"POINT (11.474694162000000 48.175897050000003)","Unfall 132222 (2016) Kat:2, Licht: 2","132222","2","3","5","01","19","6","","2","0","1","0","0"
"POINT (11.591674049000000 48.165873943000001)","Unfall 132225 (2016) Kat:3, Licht: 2","132225","3","3","1","01","20","1","","2","1","1","0","0"
"POINT (11.558633101000000 48.137151818000000)","Unfall 132228 (2016) Kat:3, Licht: 2","132228","3","4","6","02","18","3","","2","0","1","1","0"
"POINT (11.553835042999999 48.154194664999999)","Unfall 132234 (2016) Kat:3, Licht: 2","132234","3","6","3","01","06","6","","2","0","0","0","1"
"POINT (11.611368409000001 48.199793927000002)","Unfall 132239 (2016) Kat:3, Licht: 0","132239","3","2","4","01","07","4","","0","0","1","0","0"
"POINT (11.561479750000000 48.141987473000000)","Unfall 132240 (2016) Kat:3, Licht: 2","132240","3","6","3","02","18","3","","2","1","1","0","0"
"POINT (11.526339225999999 48.071732191000002)","Unfall 132242 (2016) Kat:3, Licht: 0","132242","3","3","5","01","14","6","","0","0","1","0","0"
"POINT (11.556152376000000 48.142070212999997)","Unfall 132248 (2016) Kat:3, Licht: 0","132248","3","2","3","01","15","1","","0","0","0","0","0"
"POINT (11.523238421000000 48.095017775000002)","Unfall 132252 (2016) Kat:3, Licht: 2","132252","3","2","6","01","19","6","","2","0","1","1","0"
"POINT (11.649823121000001 48.112634589999999)","Unfall 132257 (2016) Kat:3, Licht: 2","132257","3","3","0","01","19","6","","2","0","1","0","0"
"POINT (11.546607978000001 48.101425833999997)","Unfall 132259 (2016) Kat:3, Licht: 0","132259","3","3","5","01","16","4","","0","0","1","0","0"
"POINT (11.581075962000000 48.124329744000001)","Unfall 132261 (2016) Kat:3, Licht: 2","132261","3","3","5","01","18","1","","2","1","1","0","0"
"POINT (11.656739073000001 48.158055236999999)","Unfall 132262 (2016) Kat:3, Licht: 2","132262","3","7","8","01","06","6","","2","0","1","0","0"
"POINT (11.549537887000000 48.125148690000003)","Unfall 132274 (2016) Kat:3, Licht: 2","132274","3","2","3","01","19","6","","2","1","1","0","0"
"POINT (11.548858485000000 48.125600042000002)","Unfall 132285 (2016) Kat:3, Licht: 2","132285","3","7","6","01","17","1","","2","0","1","1","0"
"POINT (11.690171171999999 48.135601221000002)","Unfall 132288 (2016) Kat:3, Licht: 2","132288","3","4","6","01","21","4","","2","0","1","1","0"
"POINT (11.605076904000001 48.130405060999998)","Unfall 132293 (2016) Kat:3, Licht: 0","132293","3","2","5","01","15","4","","0","1","1","0","0"
"POINT (11.599219270000001 48.148880908000002)","Unfall 132294 (2016) Kat:3, Licht: 1","132294","3","4","6","02","18","3","","1","0","1","1","0"
"POINT (11.563764634000000 48.153733168999999)","Unfall 132301 (2016) Kat:3, Licht: 2","132301","3","3","1","01","18","4","","2","1","1","0","0"
"POINT (11.611262439000001 48.089550561999999)","Unfall 132308 (2016) Kat:3, Licht: 2","132308","3","3","5","02","04","7","","2","0","1","0","0"
"POINT (11.573065326000000 48.150709196999998)","Unfall 132312 (2016) Kat:3, Licht: 0","132312","3","5","6","02","12","7","","0","0","1","1","0"
"POINT (11.528156351000000 48.097456688999998)","Unfall 132327 (2016) Kat:3, Licht: 0","132327","3","2","6","02","13","4","","0","0","0","1","0"
"POINT (11.563301457000000 48.094237129000000)","Unfall 132330 (2016) Kat:3, Licht: 0","132330","3","7","5","02","08","3","","0","1","1","0","0"
"POINT (11.533738019999999 48.116901321000000)","Unfall 132337 (2016) Kat:3, Licht: 2","132337","3","2","6","02","18","4","","2","0","1","1","0"
"POINT (11.594146427000000 48.164750023000003)","Unfall 132347 (2016) Kat:3, Licht: 0","132347","3","6","1","02","10","4","","0","0","1","0","0"
"POINT (11.567731392000001 48.141530848000002)","Unfall 132352 (2016) Kat:3, Licht: 0","132352","3","7","0","02","08","4","","0","1","0","0","0"
"POINT (11.616127013000000 48.120722385999997)","Unfall 132358 (2016) Kat:3, Licht: 2","132358","3","2","5","02","17","5","","2","0","1","0","0"
"POINT (11.522517828000000 48.168641014000002)","Unfall 132367 (2016) Kat:3, Licht: 2","132367","3","2","5","02","18","5","","2","0","1","0","0"
"POINT (11.628983899000000 48.160486448999997)","Unfall 132371 (2016) Kat:3, Licht: 2","132371","3","2","4","02","19","5","","2","0","1","0","0"
"POINT (11.502703106000000 48.098577964999997)","Unfall 132372 (2016) Kat:3, Licht: 0","132372","3","3","5","02","12","5","","0","0","1","0","0"
"POINT (11.469846416999999 48.145572121000001)","Unfall 132389 (2016) Kat:3, Licht: 0","132389","3","7","0","02","15","3","","0","1","0","0","0"
"POINT (11.595873415000000 48.134663684000003)","Unfall 132390 (2016) Kat:3, Licht: 0","132390","3","7","0","02","08","5","","0","1","0","0","0"
"POINT (11.588577699000000 48.140136888000001)","Unfall 132398 (2016) Kat:3, Licht: 1","132398","3","7","4","02","17","5","","1","1","1","0","0"
"POINT (11.500812401999999 48.183582115000000)","Unfall 132400 (2016) Kat:3, Licht: 0","132400","3","3","5","02","14","5","","0","0","1","0","0"
"POINT (11.463018168000000 48.151474268999998)","Unfall 132411 (2016) Kat:3, Licht: 2","132411","3","2","6","02","19","5","","2","0","1","1","0"
"POINT (11.530869538999999 48.183457879999999)","Unfall 132413 (2016) Kat:3, Licht: 2","132413","3","6","2","02","20","5","","2","0","1","0","0"
"POINT (11.579718397000001 48.159996030999999)","Unfall 132425 (2016) Kat:3, Licht: 1","132425","3","5","1","02","18","5","","1","1","1","0","0"
"POINT (11.558590086000001 48.135073929000001)","Unfall 132436 (2016) Kat:3, Licht: 0","132436","3","6","2","02","10","2","","0","0","1","0","0"
"POINT (11.643140846000000 48.148699379000000)","Unfall 132441 (2016) Kat:3, Licht: 2","132441","3","7","0","02","18","3","","2","1","0","0","0"
"POINT (11.575317936999999 48.127503709999999)","Unfall 132461 (2016) Kat:3, Licht: 1","132461","3","5","1","02","18","2","","1","1","1","0","0"
"POINT (11.540992893000000 48.125354694000002)","Unfall 132477 (2016) Kat:3, Licht: 2","132477","3","4","6","02","07","6","","2","0","1","1","0"
"POINT (11.572687186000000 48.187150969999998)","Unfall 132478 (2016) Kat:3, Licht: 2","132478","3","2","3","02","19","2","","2","1","1","0","0"
"POINT (11.547086456000001 48.159653917000000)","Unfall 132488 (2016) Kat:3, Licht: 0","132488","3","6","2","02","12","6","","0","0","1","0","0"
"POINT (11.411458201000000 48.175748945000002)","Unfall 132491 (2016) Kat:3, Licht: 0","132491","3","7","1","02","13","2","","0","0","1","0","0"
"POINT (11.539685663000000 48.132947297000001)","Unfall 132496 (2016) Kat:3, Licht: 0","132496","3","2","5","02","08","3","","0","1","1","0","0"
"POINT (11.443869355000000 48.175700929000001)","Unfall 132499 (2016) Kat:3, Licht: 0","132499","3","3","5","02","07","4","","0","0","1","0","0"
"POINT (11.571702047000000 48.146567990999998)","Unfall 132500 (2016) Kat:3, Licht: 0","132500","3","6","2","02","15","6","","0","0","1","0","0"
"POINT (11.572364845999999 48.191576179999998)","Unfall 132501 (2016) Kat:3, Licht: 0","132501","3","2","5","02","07","3","","0","0","1","0","0"
"POINT (11.609216440000001 48.131891523000000)","Unfall 132503 (2016) Kat:3, Licht: 2","132503","3","2","2","02","17","2","","2","0","1","0","0"
"POINT (11.570328019000000 48.131753678000003)","Unfall 132507 (2016) Kat:2, Licht: 0","132507","2","2","4","02","15","6","","0","1","1","0","0"
"POINT (11.487541121000000 48.113788941000003)","Unfall 132514 (2016) Kat:3, Licht: 0","132514","3","7","0","02","10","1","","0","1","0","0","0"
"POINT (11.603413977000001 48.146133659000000)","Unfall 132517 (2016) Kat:3, Licht: 0","132517","3","3","5","02","09","4","","0","1","1","0","0"
"POINT (11.519746418000000 48.088000176999998)","Unfall 132518 (2016) Kat:2, Licht: 0","132518","2","4","6","02","08","6","","0","0","1","1","0"
"POINT (11.597019835999999 48.123801899999997)","Unfall 132521 (2016) Kat:3, Licht: 2","132521","3","2","5","02","17","1","","2","1","1","0","0"
"POINT (11.684001114000001 48.140656354999997)","Unfall 132523 (2016) Kat:3, Licht: 0","132523","3","6","2","02","15","6","","0","0","1","0","0"
"POINT (11.456947084999999 48.140258019999997)","Unfall 132526 (2016) Kat:3, Licht: 2","132526","3","2","6","02","18","4","","2","0","1","1","0"
"POINT (11.574236483000000 48.118637024000002)","Unfall 132527 (2016) Kat:3, Licht: 0","132527","3","6","1","02","08","6","","0","0","1","0","0"
"POINT (11.503133464999999 48.125297957000001)","Unfall 132531 (2016) Kat:3, Licht: 0","132531","3","3","5","02","07","4","","0","1","1","0","0"
"POINT (11.611659778000000 48.151751306999998)","Unfall 132532 (2016) Kat:3, Licht: 0","132532","3","3","5","02","12","6","","0","1","1","0","0"
"POINT (11.601523233000000 48.103712174000002)","Unfall 132533 (2016) Kat:3, Licht: 0","132533","3","3","5","02","12","2","","0","0","1","0","0"
"POINT (11.575061592000001 48.160365296999998)","Unfall 132539 (2016) Kat:3, Licht: 0","132539","3","4","6","02","10","4","","0","0","1","1","0"
"POINT (11.534815611999999 48.116917397000002)","Unfall 132540 (2016) Kat:3, Licht: 0","132540","3","6","2","02","14","6","","0","0","1","0","0"
"POINT (11.614357008000001 48.111572692999999)","Unfall 132547 (2016) Kat:3, Licht: 2","132547","3","3","5","02","23","7","","2","0","1","0","0"
"POINT (11.509979149999999 48.142551978999997)","Unfall 132548 (2016) Kat:2, Licht: 1","132548","2","2","3","02","07","4","","1","1","1","0","0"
"POINT (11.578664082000000 48.134503840999997)","Unfall 132549 (2016) Kat:3, Licht: 2","132549","3","6","2","02","21","3","","2","0","1","0","0"
"POINT (11.507754419999999 48.216067322000001)","Unfall 132552 (2016) Kat:3, Licht: 2","132552","3","7","8","02","20","7","","2","0","1","0","0"
"POINT (11.558571850000000 48.126116297999999)","Unfall 132556 (2016) Kat:3, Licht: 0","132556","3","7","0","02","13","6","","0","1","0","0","0"
"POINT (11.437522253999999 48.174759690999998)","Unfall 132560 (2016) Kat:3, Licht: 2","132560","3","3","5","02","06","4","","2","0","1","0","0"
"POINT (11.558673327999999 48.145367624000002)","Unfall 132561 (2016) Kat:3, Licht: 0","132561","3","6","2","02","13","6","","0","0","1","0","0"
"POINT (11.571880955999999 48.113609687000000)","Unfall 132567 (2016) Kat:3, Licht: 2","132567","3","3","5","02","18","7","","2","1","1","0","0"
"POINT (11.649815157000001 48.109137109000002)","Unfall 132574 (2016) Kat:2, Licht: 0","132574","2","7","8","02","09","6","","0","0","1","0","0"
"POINT (11.507285059999999 48.183453616000001)","Unfall 132577 (2016) Kat:3, Licht: 1","132577","3","3","5","02","06","5","","1","1","1","0","0"
"POINT (11.539832025999999 48.211865947000000)","Unfall 132579 (2016) Kat:2, Licht: 0","132579","2","2","5","02","11","6","","0","0","1","0","1"
"POINT (11.526082426000000 48.112776640000000)","Unfall 132582 (2016) Kat:2, Licht: 0","132582","2","7","0","02","14","7","","0","1","1","0","0"
"POINT (11.509628912000000 48.151297597000003)","Unfall 132586 (2016) Kat:3, Licht: 0","132586","3","2","4","02","09","6","","0","1","1","0","0"
"POINT (11.566778030000000 48.133432304000003)","Unfall 132588 (2016) Kat:3, Licht: 2","132588","3","2","5","02","21","5","","2","0","1","0","0"
"POINT (11.502692502000000 48.127913063000001)","Unfall 132589 (2016) Kat:3, Licht: 2","132589","3","6","2","02","20","6","","2","0","1","0","0"
"POINT (11.476505691000000 48.113312366000002)","Unfall 132597 (2016) Kat:3, Licht: 1","132597","3","6","2","02","16","6","","1","0","1","0","0"
"POINT (11.545836240000000 48.149996041999998)","Unfall 132598 (2016) Kat:3, Licht: 0","132598","3","6","2","02","15","5","","0","0","1","0","0"
"POINT (11.508916329000000 48.167527716000002)","Unfall 132599 (2016) Kat:3, Licht: 0","132599","3","3","5","02","17","7","","0","1","1","0","0"
"POINT (11.560712317000000 48.088967844000003)","Unfall 132609 (2016) Kat:3, Licht: 0","132609","3","3","5","02","13","5","","0","0","1","0","0"
"POINT (11.423111220999999 48.141445705999999)","Unfall 132610 (2016) Kat:3, Licht: 2","132610","3","1","0","02","20","7","","2","0","0","0","1"
"POINT (11.513970256000000 48.173267932000002)","Unfall 132612 (2016) Kat:3, Licht: 0","132612","3","6","2","02","11","7","","0","0","1","0","0"
"POINT (11.563736942000000 48.153740876000001)","Unfall 132625 (2016) Kat:3, Licht: 2","132625","3","3","5","02","19","5","","2","0","1","0","0"
"POINT (11.615149335000000 48.141313009999998)","Unfall 132626 (2016) Kat:3, Licht: 0","132626","3","4","0","02","15","7","","0","1","0","1","0"
"POINT (11.561054252000000 48.137745000000002)","Unfall 132628 (2016) Kat:3, Licht: 2","132628","3","5","1","02","18","7","","2","1","1","0","0"
"POINT (11.581075962000000 48.124329744000001)","Unfall 132631 (2016) Kat:3, Licht: 2","132631","3","6","2","02","18","2","","2","0","1","0","0"
"POINT (11.565262588000000 48.137456217999997)","Unfall 132632 (2016) Kat:3, Licht: 0","132632","3","3","5","02","11","5","","0","0","1","0","0"
"POINT (11.556274349000001 48.142065492000000)","Unfall 132637 (2016) Kat:3, Licht: 2","132637","3","2","5","02","23","7","","2","0","1","0","0"
"POINT (11.567873892000000 48.134079630000002)","Unfall 132641 (2016) Kat:3, Licht: 0","132641","3","1","0","02","13","7","","0","1","0","0","0"
"POINT (11.482543539000000 48.130057344999997)","Unfall 132646 (2016) Kat:2, Licht: 0","132646","2","7","0","02","10","2","","0","0","0","1","0"
"POINT (11.656217261000000 48.107769644000001)","Unfall 132656 (2016) Kat:3, Licht: 1","132656","3","4","6","02","07","4","","1","0","1","1","0"
"POINT (11.503040605000001 48.135578443999997)","Unfall 132658 (2016) Kat:2, Licht: 0","132658","2","4","6","02","15","2","","0","1","0","1","0"
"POINT (11.531363005999999 48.146908332999999)","Unfall 132662 (2016) Kat:3, Licht: 2","132662","3","6","2","02","05","4","","2","0","1","0","0"
"POINT (11.607539107999999 48.139003602000003)","Unfall 132665 (2016) Kat:2, Licht: 0","132665","2","7","0","02","08","3","","0","0","0","0","0"
"POINT (11.629593341000000 48.165209517999998)","Unfall 132667 (2016) Kat:3, Licht: 0","132667","3","2","3","02","16","2","","0","0","1","0","0"
"POINT (11.467911064999999 48.185693917999998)","Unfall 132677 (2016) Kat:3, Licht: 0","132677","3","3","5","02","13","4","","0","0","1","0","0"
"POINT (11.588451040000001 48.115309869000001)","Unfall 132679 (2016) Kat:3, Licht: 2","132679","3","3","5","02","19","5","","2","0","1","0","0"
"POINT (11.606834533000001 48.200242948000003)","Unfall 132681 (2016) Kat:3, Licht: 0","132681","3","2","6","02","08","2","","0","0","1","1","0"
"POINT (11.551131221000000 48.113938914999999)","Unfall 132682 (2016) Kat:3, Licht: 0","132682","3","4","6","02","16","4","","0","0","1","1","0"
"POINT (11.524077231000000 48.201073801000000)","Unfall 132689 (2016) Kat:3, Licht: 0","132689","3","7","8","02","12","2","","0","1","1","0","0"
"POINT (11.569028938000001 48.158441496000002)","Unfall 132690 (2016) Kat:3, Licht: 0","132690","3","7","0","02","12","4","","0","0","1","0","0"
"POINT (11.563165369000000 48.182261869000001)","Unfall 132696 (2016) Kat:3, Licht: 2","132696","3","3","4","02","05","2","","2","0","1","0","0"
"POINT (11.559771815000000 48.144278870000001)","Unfall 132697 (2016) Kat:2, Licht: 0","132697","2","7","0","02","15","4","","0","1","0","0","0"
"POINT (11.590608340999999 48.104491267999997)","Unfall 132701 (2016) Kat:3, Licht: 0","132701","3","6","4","02","15","3","","0","1","0","0","0"
"POINT (11.585462885000000 48.175262478999997)","Unfall 132702 (2016) Kat:3, Licht: 0","132702","3","2","5","02","11","4","","0","1","1","0","0"
"POINT (11.492924113999999 48.134402248000001)","Unfall 132704 (2016) Kat:3, Licht: 0","132704","3","5","1","02","08","2","","0","1","1","0","0"
"POINT (11.511474574999999 48.181049528999999)","Unfall 132709 (2016) Kat:3, Licht: 2","132709","3","2","4","02","21","4","","2","0","1","0","1"
"POINT (11.523650538000000 48.150283707000000)","Unfall 132710 (2016) Kat:3, Licht: 0","132710","3","3","5","02","11","4","","0","1","1","0","0"
"POINT (11.593933967000000 48.128650553999996)","Unfall 132711 (2016) Kat:3, Licht: 2","132711","3","3","5","02","17","3","","2","1","1","0","0"
"POINT (11.586773163000000 48.137726434999998)","Unfall 132712 (2016) Kat:3, Licht: 2","132712","3","3","5","02","17","4","","2","1","1","0","0"
"POINT (11.571679922000000 48.131252087000000)","Unfall 132717 (2016) Kat:2, Licht: 0","132717","2","7","0","02","12","4","","0","1","1","0","0"
"POINT (11.528202492000000 48.097394391000002)","Unfall 132722 (2016) Kat:3, Licht: 2","132722","3","2","6","02","18","3","","2","0","1","1","0"
"POINT (11.524989545000000 48.132640633999998)","Unfall 132724 (2016) Kat:3, Licht: 0","132724","3","1","0","02","09","2","","0","0","0","0","1"
"POINT (11.547290316000000 48.159919301000002)","Unfall 132727 (2016) Kat:3, Licht: 2","132727","3","6","2","02","18","1","","2","0","1","0","0"
"POINT (11.596513280000000 48.192744343999998)","Unfall 132733 (2016) Kat:3, Licht: 2","132733","3","3","0","02","19","1","","2","0","1","0","0"
"POINT (11.645256349000000 48.163359798000002)","Unfall 132735 (2016) Kat:3, Licht: 0","132735","3","2","3","02","09","2","","0","1","1","0","0"
"POINT (11.507698803000000 48.164819614000002)","Unfall 132736 (2016) Kat:3, Licht: 2","132736","3","6","2","02","18","4","","2","0","1","0","0"
"POINT (11.589794208000001 48.201359574000001)","Unfall 132738 (2016) Kat:3, Licht: 2","132738","3","4","6","02","20","1","","2","0","0","1","1"
"POINT (11.596460176000001 48.136036158000003)","Unfall 132740 (2016) Kat:3, Licht: 0","132740","3","2","3","02","11","2","","0","1","1","0","0"
"POINT (11.585513202000000 48.167277892000001)","Unfall 132748 (2016) Kat:3, Licht: 0","132748","3","5","1","02","15","2","","0","1","1","0","0"
"POINT (11.575050553000001 48.160635319999997)","Unfall 132753 (2016) Kat:3, Licht: 0","132753","3","6","3","02","12","2","","0","1","1","0","0"
"POINT (11.558606596000001 48.135767901000001)","Unfall 132754 (2016) Kat:3, Licht: 0","132754","3","3","1","02","10","4","","0","0","1","0","0"
"POINT (11.510219209000001 48.086186591999997)","Unfall 132758 (2016) Kat:2, Licht: 2","132758","2","4","6","02","18","3","","2","0","1","1","0"
"POINT (11.566566779000000 48.123474868000002)","Unfall 132767 (2016) Kat:3, Licht: 0","132767","3","3","0","02","15","4","","0","0","1","0","0"
"POINT (11.562310735000001 48.186702015000002)","Unfall 132770 (2016) Kat:3, Licht: 2","132770","3","1","4","02","17","3","","2","1","1","0","0"