WKT,Name,OBJECTID,UKATEGORIE,UTYP1,UART,UMONAT,USTUNDE,UWOCHENTAG,STRZUSTAND,ULICHTVERH,ISTRAD,ISTPKW,ISTFUSS,ISTKRAD
"POINT (11.637476450999999 48.140346139000002)","Unfall 132781 (2016) Kat:3, Licht: 0","132781","3","6","2","02","16","3","","0","0","1","0","0"
"POINT (11.555899916000000 48.137456671000002)","Unfall 132793 (2016) Kat:3, Licht: 0","132793","3","6","3","02","12","5","","0","0","0","0","1"
"POINT (11.557373172000000 48.119431085999999)","Unfall 132812 (2016) Kat:3, Licht: 0","132812","3","4","6","02","11","6","","0","0","1","1","0"
"POINT (11.546224365000000 48.127508241999998)","Unfall 132815 (2016) Kat:2, Licht: 2","132815","2","1","0","02","06","3","","2","1","0","0","0"
"POINT (11.541398035000000 48.150982601000003)","Unfall 132828 (2016) Kat:3, Licht: 0","132828","3","3","5","02","15","6","","0","1","0","0","0"
"POINT (11.663782373000000 48.108341252999999)","Unfall 132842 (2016) Kat:2, Licht: 0","132842","2","2","6","02","10","6","","0","0","1","1","0"
"POINT (11.671008294000000 48.115509713000002)","Unfall 132844 (2016) Kat:3, Licht: 0","132844","3","3","5","02","16","6","","0","0","1","0","0"
"POINT (11.563285458999999 48.124646534000000)","Unfall 132849 (2016) Kat:3, Licht: 0","132849","3","6","2","02","16","3","","0","0","1","0","0"
"POINT (11.576630980999999 48.114375664999997)","Unfall 132855 (2016) Kat:3, Licht: 0","132855","3","3","1","02","14","7","","0","0","1","0","0"
"POINT (11.424118869999999 48.174181744000002)","Unfall 132857 (2016) Kat:3, Licht: 2","132857","3","3","4","02","18","6","","2","0","1","0","0"
"POINT (11.564682440000000 48.169947833999998)","Unfall 132859 (2016) Kat:3, Licht: 0","132859","3","4","6","02","10","4","","0","0","1","1","0"
"POINT (11.589849662000001 48.166091852999998)","Unfall 132870 (2016) Kat:3, Licht: 0","132870","3","2","5","02","07","2","","0","1","1","0","0"
"POINT (11.541658564000000 48.139532365000001)","Unfall 132878 (2016) Kat:3, Licht: 2","132878","3","2","0","02","18","6","","2","0","1","0","0"
"POINT (11.535745929999999 48.177369595000002)","Unfall 132880 (2016) Kat:3, Licht: 1","132880","3","4","6","02","18","2","","1","0","1","1","0"
"POINT (11.496318168000000 48.119754229999998)","Unfall 132894 (2016) Kat:3, Licht: 0","132894","3","2","5","02","14","7","","0","1","1","0","0"
"POINT (11.585214239000001 48.132279496999999)","Unfall 132903 (2016) Kat:3, Licht: 0","132903","3","5","1","02","15","7","","0","0","1","0","0"
"POINT (11.520083101000001 48.150183628000001)","Unfall 132907 (2016) Kat:3, Licht: 0","132907","3","2","5","02","12","7","","0","1","1","0","0"
"POINT (11.531363005999999 48.146908332999999)","Unfall 132909 (2016) Kat:3, Licht: 0","132909","3","2","5","02","11","6","","0","0","1","0","0"
"POINT (11.593616988999999 48.142018290000003)","Unfall 132917 (2016) Kat:3, Licht: 0","132917","3","4","6","02","10","6","","0","0","1","1","0"
"POINT (11.537193990000000 48.200002968000000)","Unfall 132919 (2016) Kat:3, Licht: 0","132919","3","5","0","02","11","2","","0","0","1","0","0"
"POINT (11.579520309999999 48.115174568000000)","Unfall 132924 (2016) Kat:3, Licht: 0","132924","3","3","5","02","16","4","","0","0","1","0","0"
"POINT (11.609661444000000 48.118463961000003)","Unfall 132937 (2016) Kat:3, Licht: 2","132937","3","2","5","02","18","5","","2","1","1","0","0"
"POINT (11.549505514000000 48.160799408999999)","Unfall 132940 (2016) Kat:3, Licht: 0","132940","3","3","5","02","08","5","","0","1","1","0","0"
"POINT (11.461624273000000 48.211088150000002)","Unfall 132944 (2016) Kat:3, Licht: 2","132944","3","4","6","02","06","5","","2","0","1","1","0"
"POINT (11.663672019000000 48.125276702999997)","Unfall 132948 (2016) Kat:3, Licht: 0","132948","3","2","2","02","10","7","","0","0","1","0","0"
"POINT (11.656662019000001 48.097965467999998)","Unfall 132950 (2016) Kat:3, Licht: 0","132950","3","1","6","02","11","6","","0","0","1","1","0"
"POINT (11.586534272000000 48.164844637999998)","Unfall 132955 (2016) Kat:3, Licht: 0","132955","3","6","4","02","08","5","","0","1","0","0","0"
"POINT (11.463887578000000 48.154878214000000)","Unfall 132962 (2016) Kat:2, Licht: 2","132962","2","7","0","02","19","4","","2","1","0","0","0"
"POINT (11.588788728999999 48.162970147000003)","Unfall 132965 (2016) Kat:3, Licht: 2","132965","3","7","0","02","20","5","","2","1","0","0","0"
"POINT (11.543585706000000 48.201566333999999)","Unfall 132967 (2016) Kat:3, Licht: 0","132967","3","3","5","02","16","5","","0","0","1","0","0"
"POINT (11.569737627000000 48.144733270000003)","Unfall 132972 (2016) Kat:3, Licht: 2","132972","3","7","3","02","22","4","","2","1","1","0","0"
"POINT (11.485138448000001 48.125892737000001)","Unfall 132976 (2016) Kat:3, Licht: 0","132976","3","3","5","02","08","5","","0","0","1","0","0"
"POINT (11.624803931000001 48.092410354000002)","Unfall 132981 (2016) Kat:3, Licht: 0","132981","3","3","5","02","16","5","","0","0","1","0","0"
"POINT (11.646402863000000 48.101734847000003)","Unfall 132982 (2016) Kat:3, Licht: 2","132982","3","4","6","02","21","6","","2","0","1","1","0"
"POINT (11.458808191999999 48.190898761000000)","Unfall 132984 (2016) Kat:3, Licht: 0","132984","3","1","0","02","10","2","","0","1","0","0","0"
"POINT (11.630625410000000 48.090964227999997)","Unfall 132989 (2016) Kat:3, Licht: 0","132989","3","3","5","02","13","5","","0","0","1","0","0"
"POINT (11.412846694000001 48.137470018999998)","Unfall 132996 (2016) Kat:3, Licht: 0","132996","3","3","5","02","10","7","","0","0","1","0","0"
"POINT (11.423675148999999 48.147220818999998)","Unfall 132999 (2016) Kat:2, Licht: 2","132999","2","5","1","02","01","7","","2","0","1","0","0"
"POINT (11.584291002000001 48.139989665999998)","Unfall 133000 (2016) Kat:3, Licht: 0","133000","3","3","5","02","11","5","","0","1","1","0","0"
"POINT (11.582099833999999 48.096427861000002)","Unfall 133001 (2016) Kat:2, Licht: 0","133001","2","2","5","02","16","3","","0","1","1","0","0"
"POINT (11.574432648000000 48.140701098999997)","Unfall 133004 (2016) Kat:3, Licht: 2","133004","3","4","6","02","19","5","","2","0","1","1","0"
"POINT (11.592629297000000 48.133171308000001)","Unfall 133007 (2016) Kat:3, Licht: 2","133007","3","6","5","02","20","7","","2","0","1","0","0"
"POINT (11.646033866000000 48.128478843000003)","Unfall 133011 (2016) Kat:3, Licht: 2","133011","3","2","5","02","20","4","","2","1","1","0","0"
"POINT (11.566490223000001 48.133264578999999)","Unfall 133017 (2016) Kat:3, Licht: 0","133017","3","3","0","02","11","5","","0","0","1","0","0"
"POINT (11.600617775000000 48.177833890000002)","Unfall 133022 (2016) Kat:3, Licht: 0","133022","3","3","5","02","10","2","","0","0","1","0","0"
"POINT (11.555548956999999 48.131509180000002)","Unfall 133035 (2016) Kat:3, Licht: 0","133035","3","3","5","02","07","2","","0","1","1","0","0"
"POINT (11.569835180000000 48.130960135999999)","Unfall 133048 (2016) Kat:3, Licht: 0","133048","3","4","6","02","11","7","","0","1","0","1","0"
"POINT (11.540542630999999 48.100662802000002)","Unfall 133050 (2016) Kat:3, Licht: 2","133050","3","7","5","02","18","3","","2","0","1","0","0"
"POINT (11.584848676000000 48.132432129999998)","Unfall 133053 (2016) Kat:3, Licht: 0","133053","3","2","4","02","12","7","","0","1","1","0","0"
"POINT (11.473874807000000 48.128873415000001)","Unfall 133059 (2016) Kat:3, Licht: 2","133059","3","7","8","02","03","7","","2","0","1","0","0"
"POINT (11.575885527000001 48.136298795999998)","Unfall 133069 (2016) Kat:3, Licht: 0","133069","3","4","6","02","08","6","","0","0","1","1","0"
"POINT (11.557041315999999 48.128888472000000)","Unfall 133071 (2016) Kat:3, Licht: 0","133071","3","4","6","02","17","2","","0","0","1","1","0"
"POINT (11.569300939000000 48.145059742999997)","Unfall 133075 (2016) Kat:3, Licht: 0","133075","3","7","0","02","08","4","","0","0","0","0","1"
"POINT (11.473739354999999 48.177811497000000)","Unfall 133086 (2016) Kat:3, Licht: 1","133086","3","7","2","02","17","1","","1","0","1","0","0"
"POINT (11.436273503000001 48.163471602000001)","Unfall 133098 (2016) Kat:3, Licht: 0","133098","3","3","5","02","14","7","","0","1","1","0","0"
"POINT (11.558981786000000 48.151488200000003)","Unfall 133106 (2016) Kat:3, Licht: 2","133106","3","4","6","02","21","5","","2","0","1","1","0"
"POINT (11.697739186000000 48.105675142000003)","Unfall 133114 (2016) Kat:3, Licht: 0","133114","3","4","6","02","16","6","","0","1","0","1","0"
"POINT (11.519804592000000 48.150235234000000)","Unfall 133116 (2016) Kat:3, Licht: 2","133116","3","4","6","02","18","2","","2","0","1","1","0"
"POINT (11.483015440000001 48.130119870000001)","Unfall 133118 (2016) Kat:3, Licht: 0","133118","3","2","4","02","11","5","","0","0","1","0","0"
"POINT (11.539907470999999 48.134743096999998)","Unfall 133120 (2016) Kat:3, Licht: 0","133120","3","4","6","02","12","5","","0","0","1","1","0"
"POINT (11.504001061000000 48.100329545000001)","Unfall 133123 (2016) Kat:3, Licht: 0","133123","3","3","5","02","12","6","","0","1","1","0","0"
"POINT (11.673029604000000 48.124335549000001)","Unfall 133125 (2016) Kat:3, Licht: 0","133125","3","6","2","02","10","6","","0","0","1","0","0"
"POINT (11.459461207000000 48.149224855999996)","Unfall 133127 (2016) Kat:3, Licht: 0","133127","3","2","2","02","10","2","","0","0","1","0","0"
"POINT (11.558814828999999 48.129718795000002)","Unfall 133129 (2016) Kat:3, Licht: 0","133129","3","6","2","02","13","5","","0","0","1","0","0"
"POINT (11.547165633000001 48.139403381000001)","Unfall 133131 (2016) Kat:3, Licht: 1","133131","3","2","5","03","06","3","","1","1","1","0","0"
"POINT (11.592536578000001 48.179332866000003)","Unfall 133132 (2016) Kat:3, Licht: 2","133132","3","1","8","03","05","3","","2","0","1","0","0"
"POINT (11.572711264000000 48.186649840999998)","Unfall 133133 (2016) Kat:3, Licht: 0","133133","3","6","2","02","08","6","","0","0","1","0","1"
"POINT (11.581646388999999 48.176260634000002)","Unfall 133136 (2016) Kat:3, Licht: 2","133136","3","3","4","02","18","2","","2","1","1","0","0"
"POINT (11.588873123999999 48.136503085999998)","Unfall 133138 (2016) Kat:3, Licht: 0","133138","3","7","0","02","09","2","","0","1","0","0","0"
"POINT (11.575314645000001 48.142318838000001)","Unfall 133139 (2016) Kat:3, Licht: 0","133139","3","4","6","02","08","5","","0","0","1","1","0"
"POINT (11.503022811999999 48.135163077000001)","Unfall 133144 (2016) Kat:3, Licht: 0","133144","3","6","2","02","15","1","","0","0","1","0","0"
"POINT (11.584341685000000 48.157262598999999)","Unfall 133162 (2016) Kat:3, Licht: 0","133162","3","6","2","02","16","7","","0","0","1","0","0"
"POINT (11.532831614999999 48.146588325000003)","Unfall 133172 (2016) Kat:3, Licht: 0","133172","3","6","2","02","09","6","","0","0","1","0","0"
"POINT (11.581924954000000 48.152429839000000)","Unfall 133173 (2016) Kat:2, Licht: 0","133173","2","7","3","02","16","6","","0","1","0","0","0"
"POINT (11.586073234000001 48.161872041000002)","Unfall 133175 (2016) Kat:3, Licht: 0","133175","3","6","2","02","09","6","","0","0","1","0","0"
"POINT (11.646427117000000 48.102992727999997)","Unfall 133177 (2016) Kat:3, Licht: 0","133177","3","6","3","02","08","2","","0","0","1","0","0"
"POINT (11.538872741000000 48.116917786000002)","Unfall 133182 (2016) Kat:3, Licht: 0","133182","3","4","6","02","12","2","","0","0","1","1","0"
"POINT (11.503055613000001 48.189315868000001)","Unfall 133190 (2016) Kat:3, Licht: 0","133190","3","6","2","02","16","2","","0","0","1","0","0"
"POINT (11.563512892000000 48.149989540999997)","Unfall 133197 (2016) Kat:3, Licht: 0","133197","3","3","5","03","11","3","","0","0","1","0","0"
"POINT (11.554671109999999 48.146557242999997)","Unfall 133203 (2016) Kat:3, Licht: 0","133203","3","3","5","02","11","7","","0","1","1","0","0"
"POINT (11.567629131000000 48.131984758999998)","Unfall 133212 (2016) Kat:3, Licht: 2","133212","3","4","6","02","01","1","","2","0","1","1","0"
"POINT (11.600445153000001 48.140636094000001)","Unfall 133216 (2016) Kat:3, Licht: 0","133216","3","6","2","02","15","4","","0","0","1","0","0"
"POINT (11.567615247999999 48.176879284000002)","Unfall 133231 (2016) Kat:2, Licht: 2","133231","2","2","6","02","20","2","","2","0","1","1","0"
"POINT (11.599245785999999 48.139062885000001)","Unfall 133235 (2016) Kat:3, Licht: 0","133235","3","6","3","03","11","3","","0","0","1","0","0"
"POINT (11.534459253000000 48.194514839000000)","Unfall 133239 (2016) Kat:3, Licht: 0","133239","3","3","5","03","07","3","","0","0","1","0","0"
"POINT (11.607928882000000 48.146134885999999)","Unfall 133240 (2016) Kat:3, Licht: 0","133240","3","3","5","02","10","6","","0","0","1","0","0"
"POINT (11.590396158000001 48.201416191000000)","Unfall 133244 (2016) Kat:3, Licht: 0","133244","3","6","2","02","16","2","","0","0","1","0","0"
"POINT (11.560931116000001 48.136305857000004)","Unfall 133246 (2016) Kat:3, Licht: 0","133246","3","2","6","02","14","2","","0","0","1","1","0"
"POINT (11.694146975000001 48.130271292000003)","Unfall 133252 (2016) Kat:3, Licht: 0","133252","3","4","6","02","14","1","","0","0","1","1","0"
"POINT (11.531230979000000 48.168609232000001)","Unfall 133254 (2016) Kat:3, Licht: 2","133254","3","7","1","02","18","7","","2","0","1","1","0"
"POINT (11.584822279000001 48.150014546999998)","Unfall 133267 (2016) Kat:3, Licht: 0","133267","3","7","0","02","16","4","","0","1","0","0","0"
"POINT (11.565381003000001 48.159526739999997)","Unfall 133273 (2016) Kat:3, Licht: 0","133273","3","7","6","02","16","4","","0","1","0","1","0"
"POINT (11.472452148000000 48.144512868000000)","Unfall 133280 (2016) Kat:3, Licht: 2","133280","3","2","5","02","06","6","","2","1","1","0","0"
"POINT (11.513692441000000 48.097003659999999)","Unfall 133286 (2016) Kat:3, Licht: 2","133286","3","4","6","02","18","2","","2","0","1","1","0"
"POINT (11.551331115000000 48.148906590000003)","Unfall 133291 (2016) Kat:3, Licht: 2","133291","3","7","0","03","17","3","","2","0","0","0","1"
"POINT (11.529984364000001 48.129207616999999)","Unfall 133294 (2016) Kat:3, Licht: 0","133294","3","3","5","02","11","2","","0","0","1","0","0"
"POINT (11.584837758000001 48.158065977000000)","Unfall 133302 (2016) Kat:3, Licht: 2","133302","3","7","3","03","18","3","","2","1","1","0","0"
"POINT (11.504022021000001 48.164360506000001)","Unfall 133309 (2016) Kat:3, Licht: 0","133309","3","2","2","02","09","5","","0","0","1","0","0"
"POINT (11.561151601000001 48.137405180000002)","Unfall 133316 (2016) Kat:3, Licht: 2","133316","3","2","6","02","01","1","","2","0","1","1","0"
"POINT (11.564371126999999 48.158099694999997)","Unfall 133318 (2016) Kat:3, Licht: 0","133318","3","3","5","02","16","7","","0","0","1","0","1"
"POINT (11.522563992000000 48.134203288000002)","Unfall 133320 (2016) Kat:3, Licht: 0","133320","3","4","6","02","08","4","","0","0","1","1","0"
"POINT (11.546103370999999 48.186298174000001)","Unfall 133328 (2016) Kat:2, Licht: 2","133328","2","2","4","02","06","6","","2","1","1","0","0"
"POINT (11.543585708000000 48.201548348000003)","Unfall 133337 (2016) Kat:3, Licht: 0","133337","3","3","5","02","13","2","","0","0","1","0","0"
"POINT (11.475586475000000 48.183452135000003)","Unfall 133340 (2016) Kat:2, Licht: 0","133340","2","3","5","02","13","5","","0","0","1","0","0"
"POINT (11.581942912000001 48.098345958000003)","Unfall 133341 (2016) Kat:3, Licht: 0","133341","3","2","5","03","11","3","","0","0","1","0","0"
"POINT (11.607663265999999 48.138984155000003)","Unfall 133351 (2016) Kat:3, Licht: 0","133351","3","6","2","02","16","2","","0","0","1","0","0"
"POINT (11.604408251000001 48.120408656999999)","Unfall 133353 (2016) Kat:3, Licht: 0","133353","3","3","5","02","12","5","","0","1","1","0","0"
"POINT (11.585062600000001 48.132447642999999)","Unfall 133354 (2016) Kat:3, Licht: 2","133354","3","2","6","03","19","3","","2","0","1","1","0"
"POINT (11.549706127000000 48.125059262000001)","Unfall 133356 (2016) Kat:3, Licht: 2","133356","3","3","5","02","01","1","","2","0","1","0","0"
"POINT (11.530120772000000 48.102568486000003)","Unfall 133358 (2016) Kat:3, Licht: 2","133358","3","3","5","02","17","7","","2","0","1","0","0"
"POINT (11.542641308000000 48.149372616999997)","Unfall 133360 (2016) Kat:2, Licht: 2","133360","2","4","6","02","18","4","","2","1","0","1","0"
"POINT (11.592172823000000 48.142356923999998)","Unfall 133362 (2016) Kat:3, Licht: 2","133362","3","3","5","03","21","5","","2","1","1","0","0"
"POINT (11.558130207000000 48.150672045000000)","Unfall 133366 (2016) Kat:3, Licht: 2","133366","3","6","2","03","18","7","","2","0","1","0","0"
"POINT (11.565252405000001 48.160926797000002)","Unfall 133372 (2016) Kat:3, Licht: 0","133372","3","6","0","03","15","6","","0","0","1","0","0"
"POINT (11.434504007999999 48.146506690000002)","Unfall 133382 (2016) Kat:3, Licht: 2","133382","3","4","6","03","20","3","","2","0","1","1","0"
"POINT (11.574046406000001 48.157648055000003)","Unfall 133383 (2016) Kat:3, Licht: 0","133383","3","2","5","03","08","6","","0","1","0","0","0"
"POINT (11.565419058000000 48.159521190000000)","Unfall 133394 (2016) Kat:2, Licht: 0","133394","2","7","6","03","11","3","","0","0","1","1","0"
"POINT (11.614249103000001 48.199118208999998)","Unfall 133400 (2016) Kat:3, Licht: 2","133400","3","6","3","03","23","5","","2","0","1","0","0"
"POINT (11.511610613000000 48.155263353000002)","Unfall 133404 (2016) Kat:3, Licht: 0","133404","3","4","6","03","10","7","","0","1","0","1","0"
"POINT (11.539037438999999 48.145806299000000)","Unfall 133408 (2016) Kat:3, Licht: 0","133408","3","6","2","03","13","2","","0","0","1","0","0"
"POINT (11.583041272000001 48.133966766000000)","Unfall 133415 (2016) Kat:3, Licht: 2","133415","3","2","6","03","22","7","","2","0","1","1","0"
"POINT (11.467645582999999 48.140340416999997)","Unfall 133422 (2016) Kat:3, Licht: 2","133422","3","2","2","03","20","6","","2","0","1","0","0"
"POINT (11.583926255000000 48.134149383999997)","Unfall 133430 (2016) Kat:3, Licht: 0","133430","3","5","1","03","14","2","","0","1","1","0","0"
"POINT (11.563231611999999 48.181450580000003)","Unfall 133432 (2016) Kat:3, Licht: 0","133432","3","2","5","03","10","3","","0","0","1","0","0"
"POINT (11.616243166000000 48.148031930000002)","Unfall 133447 (2016) Kat:3, Licht: 0","133447","3","6","3","03","10","3","","0","0","1","0","0"
"POINT (11.572768086000000 48.150249508999998)","Unfall 133448 (2016) Kat:3, Licht: 0","133448","3","7","0","03","17","4","","0","1","1","0","0"
"POINT (11.558495634000000 48.156756981000001)","Unfall 133452 (2016) Kat:3, Licht: 2","133452","3","2","4","03","18","4","","2","0","1","0","0"
"POINT (11.560966198999999 48.140365903000003)","Unfall 133454 (2016) Kat:3, Licht: 2","133454","3","4","6","03","18","4","","2","0","1","1","0"
"POINT (11.564235091000000 48.151125823000001)","Unfall 133458 (2016) Kat:3, Licht: 2","133458","3","3","5","03","21","1","","2","1","1","0","0"
"POINT (11.452932117000000 48.198022274000003)","Unfall 133459 (2016) Kat:3, Licht: 2","133459","3","7","6","03","19","4","","2","0","1","1","0"
"POINT (11.503023677000000 48.135207856000001)","Unfall 133461 (2016) Kat:3, Licht: 1","133461","3","7","6","03","06","2","","1","0","1","1","0"
"POINT (11.525624388000001 48.185252728000002)","Unfall 133467 (2016) Kat:3, Licht: 0","133467","3","5","1","03","14","5","","0","1","1","0","0"
"POINT (11.533710847000000 48.150058110000003)","Unfall 133470 (2016) Kat:3, Licht: 0","133470","3","5","1","03","11","4","","0","1","1","0","0"
"POINT (11.503773632000000 48.094321188000002)","Unfall 133471 (2016) Kat:3, Licht: 2","133471","3","7","6","03","20","7","","2","0","1","1","0"
"POINT (11.485125452000000 48.136787970000000)","Unfall 133474 (2016) Kat:3, Licht: 0","133474","3","2","5","03","07","6","","0","1","1","0","0"
"POINT (11.558116424000000 48.150224469000001)","Unfall 133480 (2016) Kat:2, Licht: 0","133480","2","3","5","03","09","4","","0","0","1","1","0"
"POINT (11.619926552000001 48.197432446000001)","Unfall 133482 (2016) Kat:3, Licht: 2","133482","3","2","4","03","05","4","","2","0","1","0","0"
"POINT (11.660482183999999 48.119199234000000)","Unfall 133491 (2016) Kat:3, Licht: 0","133491","3","4","6","03","16","4","","0","0","1","1","0"
"POINT (11.557006842000000 48.143594833999998)","Unfall 133496 (2016) Kat:3, Licht: 0","133496","3","1","0","03","17","3","","0","1","0","0","0"
"POINT (11.611288865000001 48.136644601999997)","Unfall 133497 (2016) Kat:2, Licht: 0","133497","2","6","2","03","16","4","","0","0","1","0","0"
"POINT (11.523989620000000 48.099228134999997)","Unfall 133500 (2016) Kat:2, Licht: 0","133500","2","2","3","03","10","3","","0","1","0","0","0"
"POINT (11.577053812000001 48.166834387000002)","Unfall 133505 (2016) Kat:3, Licht: 0","133505","3","7","1","03","14","4","","0","0","1","0","0"
"POINT (11.575606541000001 48.128493671999998)","Unfall 133507 (2016) Kat:3, Licht: 0","133507","3","2","6","03","14","5","","0","0","0","1","0"
"POINT (11.573655157999999 48.156953395000002)","Unfall 133510 (2016) Kat:3, Licht: 2","133510","3","3","5","03","06","4","","2","1","1","0","0"
"POINT (11.532350191000001 48.184952258000003)","Unfall 133511 (2016) Kat:3, Licht: 2","133511","3","2","4","03","18","7","","2","0","1","0","0"
"POINT (11.462134688000001 48.177068806000001)","Unfall 133515 (2016) Kat:3, Licht: 0","133515","3","2","3","03","16","2","","0","1","0","0","0"
"POINT (11.593837859000001 48.145521254000002)","Unfall 133517 (2016) Kat:3, Licht: 0","133517","3","7","6","03","14","4","","0","0","0","1","0"
"POINT (11.548130428000000 48.111166122000000)","Unfall 133522 (2016) Kat:3, Licht: 2","133522","3","3","5","03","18","7","","2","1","1","0","0"
"POINT (11.549565307000000 48.125132794999999)","Unfall 133526 (2016) Kat:3, Licht: 0","133526","3","7","5","03","13","6","","0","1","1","0","0"
"POINT (11.437602875000000 48.174759887000000)","Unfall 133531 (2016) Kat:3, Licht: 0","133531","3","3","5","03","14","6","","0","0","1","0","0"
"POINT (11.577223333999999 48.145057841000003)","Unfall 133533 (2016) Kat:3, Licht: 2","133533","3","5","1","03","18","3","","2","1","1","0","0"
"POINT (11.579033847000000 48.137059241000003)","Unfall 133539 (2016) Kat:3, Licht: 0","133539","3","4","6","03","10","2","","0","0","0","1","0"
"POINT (11.602418758000001 48.114755758000001)","Unfall 133553 (2016) Kat:3, Licht: 0","133553","3","2","5","03","10","3","","0","0","1","0","0"
"POINT (11.627547862000000 48.097384062000003)","Unfall 133556 (2016) Kat:3, Licht: 2","133556","3","7","3","03","19","2","","2","1","1","0","0"
"POINT (11.502891799000000 48.087406285999997)","Unfall 133565 (2016) Kat:3, Licht: 2","133565","3","3","5","03","02","1","","2","0","1","0","0"
"POINT (11.543545486999999 48.157337108999997)","Unfall 133568 (2016) Kat:3, Licht: 0","133568","3","2","4","03","12","2","","0","0","1","0","0"
"POINT (11.573461534000000 48.135766584000002)","Unfall 133573 (2016) Kat:3, Licht: 2","133573","3","2","5","03","20","7","","2","1","1","0","0"
"POINT (11.568492660000000 48.133222783999997)","Unfall 133576 (2016) Kat:3, Licht: 2","133576","3","4","6","03","19","7","","2","1","0","1","0"
"POINT (11.502660544999999 48.164524241999999)","Unfall 133579 (2016) Kat:3, Licht: 0","133579","3","2","5","03","09","6","","0","0","1","0","0"
"POINT (11.642692551000000 48.131659546999998)","Unfall 133589 (2016) Kat:3, Licht: 0","133589","3","2","4","03","12","3","","0","0","1","0","0"
"POINT (11.542130198000001 48.139515861000000)","Unfall 133602 (2016) Kat:3, Licht: 0","133602","3","7","3","03","12","3","","0","0","1","0","0"
"POINT (11.520499429999999 48.147667996000003)","Unfall 133606 (2016) Kat:3, Licht: 0","133606","3","2","3","03","15","2","","0","1","0","0","0"
"POINT (11.601539838000001 48.103697892000000)","Unfall 133615 (2016) Kat:3, Licht: 2","133615","3","3","5","03","00","1","","2","0","1","0","0"
"POINT (11.604149058999999 48.128732077000002)","Unfall 133623 (2016) Kat:3, Licht: 2","133623","3","4","6","03","04","7","","2","0","0","1","0"
"POINT (11.562471638000000 48.165314500000001)","Unfall 133628 (2016) Kat:3, Licht: 2","133628","3","6","0","03","18","6","","2","1","1","0","0"
"POINT (11.564236190000001 48.163492443000003)","Unfall 133632 (2016) Kat:3, Licht: 2","133632","3","7","0","03","19","2","","2","0","1","0","0"
"POINT (11.572902288000000 48.155165770000004)","Unfall 133639 (2016) Kat:3, Licht: 0","133639","3","7","0","03","14","5","","0","1","1","0","0"
"POINT (11.648114825000000 48.098585819999997)","Unfall 133648 (2016) Kat:3, Licht: 0","133648","3","4","6","03","07","5","","0","0","1","1","0"
"POINT (11.690319611000000 48.135894557999997)","Unfall 133650 (2016) Kat:3, Licht: 2","133650","3","7","0","03","18","5","","2","0","0","0","0"
"POINT (11.581776150000000 48.098318100999997)","Unfall 133652 (2016) Kat:3, Licht: 2","133652","3","3","5","03","02","7","","2","0","1","0","0"
"POINT (11.540144580000000 48.116143366999999)","Unfall 133653 (2016) Kat:3, Licht: 0","133653","3","6","2","03","12","1","","0","0","0","0","0"
"POINT (11.476694510000000 48.148940668999998)","Unfall 133661 (2016) Kat:3, Licht: 0","133661","3","3","5","03","12","5","","0","0","1","0","0"
"POINT (11.559369953999999 48.122699834000002)","Unfall 133672 (2016) Kat:3, Licht: 2","133672","3","2","6","03","21","5","","2","0","1","1","0"
"POINT (11.629592207000000 48.094351269000001)","Unfall 133676 (2016) Kat:3, Licht: 0","133676","3","1","3","03","16","5","","0","1","1","0","0"
"POINT (11.562793642000001 48.155827625000001)","Unfall 133681 (2016) Kat:3, Licht: 0","133681","3","2","4","03","10","2","","0","1","1","0","0"
"POINT (11.562232464999999 48.148073080000003)","Unfall 133685 (2016) Kat:3, Licht: 2","133685","3","3","5","03","19","5","","2","1","1","0","0"
"POINT (11.571721628000001 48.156226138999997)","Unfall 133687 (2016) Kat:3, Licht: 0","133687","3","7","0","03","14","7","","0","1","0","0","0"
"POINT (11.599499134000000 48.139566506000001)","Unfall 133694 (2016) Kat:3, Licht: 0","133694","3","3","0","03","08","6","","0","0","1","0","0"
"POINT (11.464154390999999 48.167340357999997)","Unfall 133698 (2016) Kat:3, Licht: 0","133698","3","5","1","03","14","2","","0","0","1","0","0"
"POINT (11.483804080000001 48.142350395000001)","Unfall 133703 (2016) Kat:3, Licht: 0","133703","3","3","5","03","16","5","","0","1","1","0","0"
"POINT (11.673838964000000 48.125833728000003)","Unfall 133725 (2016) Kat:3, Licht: 0","133725","3","7","0","03","09","5","","0","1","0","0","0"
"POINT (11.609630114000000 48.144476783000002)","Unfall 133726 (2016) Kat:3, Licht: 0","133726","3","3","5","03","09","5","","0","0","1","0","0"
"POINT (11.508318793999999 48.170938210000003)","Unfall 133728 (2016) Kat:3, Licht: 0","133728","3","6","3","03","15","7","","0","0","1","0","1"
"POINT (11.502595185000001 48.119855950999998)","Unfall 133733 (2016) Kat:3, Licht: 0","133733","3","6","6","03","07","6","","0","1","0","1","0"
"POINT (11.523750450000000 48.112604189000002)","Unfall 133734 (2016) Kat:3, Licht: 0","133734","3","3","5","03","16","5","","0","0","1","0","0"
"POINT (11.629116239000000 48.112277630000001)","Unfall 133737 (2016) Kat:3, Licht: 0","133737","3","3","5","03","06","2","","0","1","1","0","0"