WKT,Name,OBJECTID,UKATEGORIE,UTYP1,UART,UMONAT,USTUNDE,UWOCHENTAG,STRZUSTAND,ULICHTVERH,ISTRAD,ISTPKW,ISTFUSS,ISTKRAD
"POINT (11.579446260999999 48.146830043999998)","Unfall 133740 (2016) Kat:3, Licht: 0","133740","3","2","5","03","13","5","","0","1","1","0","0"
"POINT (11.595778902999999 48.146639753000002)","Unfall 133749 (2016) Kat:3, Licht: 2","133749","3","4","6","03","18","2","","2","0","1","1","0"
"POINT (11.541926886000001 48.097734430999999)","Unfall 133760 (2016) Kat:3, Licht: 2","133760","3","7","9","03","05","1","","2","0","1","0","0"
"POINT (11.607056265000001 48.112881782000002)","Unfall 133767 (2016) Kat:3, Licht: 0","133767","3","7","6","03","17","4","","0","0","0","1","0"
"POINT (11.409204470000001 48.138241327000003)","Unfall 133773 (2016) Kat:3, Licht: 0","133773","3","2","5","03","10","4","","0","0","1","0","0"
"POINT (11.578925404000000 48.097104921000003)","Unfall 133776 (2016) Kat:3, Licht: 0","133776","3","6","2","03","07","4","","0","0","1","0","0"
"POINT (11.565150923999999 48.136632388000002)","Unfall 133779 (2016) Kat:3, Licht: 2","133779","3","2","0","03","04","7","","2","0","0","1","0"
"POINT (11.603621495000001 48.145881416999998)","Unfall 133781 (2016) Kat:3, Licht: 0","133781","3","7","3","03","17","4","","0","0","1","0","1"
"POINT (11.431431653000001 48.149234712000002)","Unfall 133785 (2016) Kat:3, Licht: 0","133785","3","3","5","03","11","6","","0","1","1","0","0"
"POINT (11.475469203999999 48.164430891000002)","Unfall 133789 (2016) Kat:3, Licht: 0","133789","3","7","4","03","09","2","","0","0","1","0","1"
"POINT (11.566394034000000 48.149782543999997)","Unfall 133794 (2016) Kat:3, Licht: 0","133794","3","5","1","03","16","4","","0","1","1","0","0"
"POINT (11.586362500000000 48.163660237000002)","Unfall 133804 (2016) Kat:3, Licht: 0","133804","3","6","1","03","07","4","","0","0","1","0","0"
"POINT (11.626245557000001 48.108142712000003)","Unfall 133807 (2016) Kat:3, Licht: 0","133807","3","3","5","03","07","4","","0","1","1","0","0"
"POINT (11.592500992000000 48.114896234000000)","Unfall 133812 (2016) Kat:3, Licht: 2","133812","3","3","5","03","01","1","","2","0","1","0","0"
"POINT (11.512793579000000 48.180355009000003)","Unfall 133818 (2016) Kat:3, Licht: 0","133818","3","4","6","03","12","4","","0","0","1","1","0"
"POINT (11.545897430000000 48.196149986000002)","Unfall 133828 (2016) Kat:3, Licht: 0","133828","3","6","1","03","08","4","","0","0","1","0","0"
"POINT (11.566685579000000 48.182483842000003)","Unfall 133832 (2016) Kat:3, Licht: 0","133832","3","3","5","03","11","4","","0","1","1","0","0"
"POINT (11.524422100000001 48.102189381000002)","Unfall 133835 (2016) Kat:3, Licht: 0","133835","3","2","4","03","13","4","","0","0","1","0","0"
"POINT (11.614678933000000 48.131165607000000)","Unfall 133839 (2016) Kat:3, Licht: 0","133839","3","5","0","03","17","2","","0","1","1","0","0"
"POINT (11.514438984000000 48.090082977999998)","Unfall 133841 (2016) Kat:3, Licht: 0","133841","3","7","2","03","07","4","","0","0","1","0","0"
"POINT (11.566105374999999 48.175392938999998)","Unfall 133845 (2016) Kat:3, Licht: 0","133845","3","7","7","03","13","1","","0","0","1","0","0"
"POINT (11.558336097000000 48.150153275999998)","Unfall 133854 (2016) Kat:3, Licht: 2","133854","3","6","2","03","17","2","","2","0","1","0","0"
"POINT (11.581857277999999 48.134690507999998)","Unfall 133856 (2016) Kat:3, Licht: 0","133856","3","2","5","03","16","4","","0","1","0","0","0"
"POINT (11.609661444000000 48.118463961000003)","Unfall 133871 (2016) Kat:3, Licht: 0","133871","3","7","4","03","12","6","","0","0","1","0","0"
"POINT (11.539982667000000 48.146554371000001)","Unfall 133890 (2016) Kat:3, Licht: 0","133890","3","7","0","03","17","7","","0","1","0","0","0"
"POINT (11.641759784000000 48.156823189000001)","Unfall 133908 (2016) Kat:3, Licht: 2","133908","3","2","4","03","19","6","","2","0","1","0","1"
"POINT (11.497580053000000 48.082641998000000)","Unfall 133917 (2016) Kat:3, Licht: 0","133917","3","2","2","03","16","4","","0","0","1","0","0"
"POINT (11.567623155000000 48.176649103000003)","Unfall 133924 (2016) Kat:3, Licht: 0","133924","3","3","2","03","16","4","","0","1","0","0","0"
"POINT (11.568069494000000 48.161160252999998)","Unfall 133926 (2016) Kat:2, Licht: 2","133926","2","4","6","03","00","4","","2","0","1","1","0"
"POINT (11.519488847000000 48.181831271000000)","Unfall 133928 (2016) Kat:3, Licht: 0","133928","3","3","5","03","12","4","","0","0","1","0","0"
"POINT (11.507792630999999 48.112567450999997)","Unfall 133933 (2016) Kat:3, Licht: 0","133933","3","3","5","03","09","4","","0","0","1","0","0"
"POINT (11.557780200000000 48.129233528999997)","Unfall 133941 (2016) Kat:3, Licht: 0","133941","3","5","1","03","14","7","","0","0","1","0","0"
"POINT (11.563087834999999 48.131700977999998)","Unfall 133942 (2016) Kat:3, Licht: 0","133942","3","6","2","03","14","3","","0","0","1","0","0"
"POINT (11.573280795000001 48.151042472999997)","Unfall 133943 (2016) Kat:3, Licht: 2","133943","3","7","1","03","21","4","","2","1","1","0","0"
"POINT (11.565523261999999 48.134817519999999)","Unfall 133949 (2016) Kat:3, Licht: 0","133949","3","2","3","03","09","3","","0","1","1","0","0"
"POINT (11.555848004000000 48.135917581000001)","Unfall 133953 (2016) Kat:3, Licht: 0","133953","3","7","4","03","14","3","","0","0","1","0","1"
"POINT (11.584463029000000 48.138087411000001)","Unfall 133956 (2016) Kat:3, Licht: 0","133956","3","6","1","03","15","7","","0","0","1","0","1"
"POINT (11.599182688999999 48.140895051999998)","Unfall 133958 (2016) Kat:3, Licht: 0","133958","3","3","5","03","10","3","","0","1","1","0","0"
"POINT (11.479325647000000 48.125785667999999)","Unfall 133960 (2016) Kat:2, Licht: 0","133960","2","2","4","03","07","1","","0","0","1","0","0"
"POINT (11.589479411999999 48.161109555000003)","Unfall 133963 (2016) Kat:3, Licht: 0","133963","3","1","5","03","09","5","","0","1","1","0","0"
"POINT (11.522041221000000 48.175861718999997)","Unfall 133964 (2016) Kat:3, Licht: 1","133964","3","2","5","03","05","6","","1","0","1","0","0"
"POINT (11.578937542000000 48.114410022999998)","Unfall 133966 (2016) Kat:3, Licht: 0","133966","3","6","3","03","11","3","","0","0","1","0","0"
"POINT (11.573241205000000 48.187470623000003)","Unfall 133978 (2016) Kat:3, Licht: 0","133978","3","6","2","03","06","5","","0","0","1","0","0"
"POINT (11.566460959000000 48.175025720000001)","Unfall 133979 (2016) Kat:3, Licht: 0","133979","3","7","6","03","14","6","","0","0","1","1","0"
"POINT (11.602317789000001 48.115909049999999)","Unfall 133988 (2016) Kat:3, Licht: 0","133988","3","6","2","03","08","5","","0","0","1","0","0"
"POINT (11.511446720000000 48.154912940000003)","Unfall 133989 (2016) Kat:3, Licht: 0","133989","3","4","6","03","15","5","","0","0","0","1","0"
"POINT (11.561110496000000 48.146301575000003)","Unfall 133991 (2016) Kat:3, Licht: 0","133991","3","2","5","03","08","3","","0","0","1","0","1"
"POINT (11.562406823000000 48.131280031000003)","Unfall 133997 (2016) Kat:3, Licht: 0","133997","3","5","5","03","14","3","","0","1","1","0","0"
"POINT (11.642963780000001 48.167783702999998)","Unfall 134000 (2016) Kat:3, Licht: 0","134000","3","6","2","03","14","7","","0","0","1","0","0"
"POINT (11.586322403000000 48.167337740999997)","Unfall 134001 (2016) Kat:3, Licht: 0","134001","3","2","0","03","13","3","","0","0","1","0","0"
"POINT (11.522010071000000 48.161468937999999)","Unfall 134004 (2016) Kat:3, Licht: 0","134004","3","7","0","03","15","5","","0","0","1","0","1"
"POINT (11.577184447000000 48.116015621000003)","Unfall 134007 (2016) Kat:3, Licht: 1","134007","3","4","6","03","18","5","","1","0","1","1","0"
"POINT (11.479283160000000 48.123307455000003)","Unfall 134009 (2016) Kat:3, Licht: 0","134009","3","3","5","03","08","3","","0","0","1","0","0"
"POINT (11.486695290000000 48.110907732999998)","Unfall 134010 (2016) Kat:3, Licht: 0","134010","3","3","5","03","08","5","","0","1","1","0","0"
"POINT (11.483577702000000 48.087050097999999)","Unfall 134018 (2016) Kat:3, Licht: 0","134018","3","7","6","03","09","5","","0","0","1","1","0"
"POINT (11.605387773000000 48.104665177999998)","Unfall 134019 (2016) Kat:3, Licht: 0","134019","3","6","3","03","13","6","","0","0","1","0","0"
"POINT (11.418044704000000 48.140953113999998)","Unfall 134020 (2016) Kat:3, Licht: 0","134020","3","5","0","03","11","3","","0","1","1","0","0"
"POINT (11.549668553000000 48.186139249999997)","Unfall 134024 (2016) Kat:3, Licht: 0","134024","3","6","1","03","12","3","","0","0","1","0","0"
"POINT (11.609721405000000 48.124921637999996)","Unfall 134032 (2016) Kat:3, Licht: 0","134032","3","5","3","03","17","5","","0","1","1","0","0"
"POINT (11.584349782000000 48.143854187999999)","Unfall 134033 (2016) Kat:3, Licht: 0","134033","3","6","1","03","16","6","","0","0","1","0","0"
"POINT (11.613020753000001 48.120774167999997)","Unfall 134042 (2016) Kat:3, Licht: 0","134042","3","2","3","03","08","5","","0","1","1","0","0"
"POINT (11.592294512000000 48.142547985999997)","Unfall 134043 (2016) Kat:3, Licht: 0","134043","3","6","2","03","16","3","","0","0","1","0","0"
"POINT (11.639966003000000 48.116973862000002)","Unfall 134049 (2016) Kat:3, Licht: 0","134049","3","2","5","03","10","3","","0","0","1","0","0"
"POINT (11.555900533999999 48.137474644999998)","Unfall 134058 (2016) Kat:3, Licht: 0","134058","3","2","5","03","11","3","","0","0","1","0","0"
"POINT (11.576122186999999 48.187574957000002)","Unfall 134091 (2016) Kat:3, Licht: 0","134091","3","2","3","03","14","6","","0","1","1","0","0"
"POINT (11.589190237000000 48.137397813000000)","Unfall 134107 (2016) Kat:3, Licht: 0","134107","3","3","5","03","16","7","","0","0","1","0","1"
"POINT (11.584123710000000 48.136919552999998)","Unfall 134122 (2016) Kat:2, Licht: 0","134122","2","7","6","03","15","1","","0","1","0","1","0"
"POINT (11.558516139000000 48.139319219000001)","Unfall 134126 (2016) Kat:3, Licht: 0","134126","3","4","6","03","17","6","","0","0","1","1","0"
"POINT (11.567450770000001 48.136483132000002)","Unfall 134140 (2016) Kat:3, Licht: 0","134140","3","5","1","03","10","6","","0","1","1","0","0"
"POINT (11.576707954000000 48.136111601000003)","Unfall 134205 (2016) Kat:3, Licht: 0","134205","3","7","0","03","16","2","","0","1","0","0","0"
"POINT (11.584724027000000 48.159409386999997)","Unfall 134210 (2016) Kat:3, Licht: 0","134210","3","7","0","03","14","2","","0","0","0","1","0"
"POINT (11.573917248000001 48.167357518999999)","Unfall 134223 (2016) Kat:3, Licht: 0","134223","3","6","2","03","09","5","","0","0","1","0","0"
"POINT (11.552919549000000 48.155034526999998)","Unfall 134232 (2016) Kat:3, Licht: 2","134232","3","7","0","03","03","5","","2","1","0","0","0"
"POINT (11.579173880000001 48.176666161000000)","Unfall 134236 (2016) Kat:3, Licht: 2","134236","3","7","6","03","21","1","","2","0","1","1","0"
"POINT (11.548414384999999 48.120879395999999)","Unfall 134245 (2016) Kat:2, Licht: 0","134245","2","4","0","03","13","5","","0","0","0","1","0"
"POINT (11.576244684000001 48.112067173000000)","Unfall 134253 (2016) Kat:3, Licht: 2","134253","3","6","2","03","19","6","","2","0","1","0","0"
"POINT (11.472860197999999 48.156108211000003)","Unfall 134267 (2016) Kat:3, Licht: 0","134267","3","7","7","03","09","2","","0","1","0","1","0"
"POINT (11.536850522000000 48.133869083999997)","Unfall 134277 (2016) Kat:3, Licht: 1","134277","3","3","5","03","18","4","","1","0","1","0","0"
"POINT (11.674870684000000 48.121601945999998)","Unfall 134278 (2016) Kat:3, Licht: 1","134278","3","7","0","03","06","3","","1","0","0","1","0"
"POINT (11.646074637000000 48.138678452999997)","Unfall 134280 (2016) Kat:3, Licht: 0","134280","3","2","4","03","12","7","","0","0","1","0","0"
"POINT (11.569974933999999 48.090103407999997)","Unfall 134286 (2016) Kat:3, Licht: 0","134286","3","7","1","03","14","6","","0","1","1","0","0"
"POINT (11.584389565000000 48.157252536000001)","Unfall 134288 (2016) Kat:3, Licht: 1","134288","3","3","5","03","06","3","","1","0","1","0","0"
"POINT (11.527021483000000 48.120496064000001)","Unfall 134290 (2016) Kat:3, Licht: 0","134290","3","3","5","03","16","4","","0","0","1","0","0"
"POINT (11.565006942000000 48.167893583000001)","Unfall 134292 (2016) Kat:3, Licht: 0","134292","3","2","4","03","16","7","","0","0","1","0","0"
"POINT (11.553449724000000 48.213628653999997)","Unfall 134297 (2016) Kat:3, Licht: 2","134297","3","2","5","03","19","4","","2","0","1","0","0"
"POINT (11.579506521000001 48.115168599999997)","Unfall 134298 (2016) Kat:2, Licht: 2","134298","2","3","5","03","00","6","","2","0","1","0","0"
"POINT (11.589333945000000 48.136887270000003)","Unfall 134300 (2016) Kat:3, Licht: 2","134300","3","2","5","03","19","3","","2","1","1","0","0"
"POINT (11.534781076000000 48.138040797999999)","Unfall 134302 (2016) Kat:3, Licht: 0","134302","3","1","0","03","17","2","","0","1","0","0","0"
"POINT (11.573973703000000 48.135971480999999)","Unfall 134307 (2016) Kat:3, Licht: 2","134307","3","4","6","03","20","4","","2","1","0","1","0"
"POINT (11.581193430000001 48.097351267999997)","Unfall 134308 (2016) Kat:3, Licht: 2","134308","3","1","8","03","18","6","","2","0","1","0","0"
"POINT (11.569229336999999 48.187424223000001)","Unfall 134311 (2016) Kat:3, Licht: 0","134311","3","6","2","03","14","3","","0","0","1","0","0"
"POINT (11.602733850000000 48.140163444000002)","Unfall 134317 (2016) Kat:3, Licht: 0","134317","3","6","2","03","09","4","","0","0","1","0","0"
"POINT (11.511754236000000 48.141991419000000)","Unfall 134320 (2016) Kat:3, Licht: 0","134320","3","5","1","03","17","7","","0","1","1","0","0"
"POINT (11.568904216000000 48.121916646999999)","Unfall 134326 (2016) Kat:3, Licht: 0","134326","3","7","2","03","14","2","","0","0","1","0","0"
"POINT (11.620408229000001 48.129767657000002)","Unfall 134333 (2016) Kat:2, Licht: 2","134333","2","4","6","03","20","3","","2","1","0","1","0"
"POINT (11.573768517000000 48.143421242999999)","Unfall 134334 (2016) Kat:3, Licht: 2","134334","3","2","4","03","18","7","","2","0","1","0","0"
"POINT (11.568500325000000 48.092624014999998)","Unfall 134340 (2016) Kat:3, Licht: 0","134340","3","3","2","03","14","3","","0","0","1","0","1"
"POINT (11.597498926000000 48.102887004000003)","Unfall 134347 (2016) Kat:3, Licht: 0","134347","3","2","5","03","16","3","","0","0","1","0","0"
"POINT (11.504854524000001 48.147045218999999)","Unfall 134348 (2016) Kat:3, Licht: 1","134348","3","7","6","03","00","1","","1","0","1","1","0"
"POINT (11.625642426000001 48.115496522000001)","Unfall 134372 (2016) Kat:3, Licht: 2","134372","3","3","3","03","19","1","","2","0","1","0","1"
"POINT (11.561093293000001 48.136340930000003)","Unfall 134375 (2016) Kat:3, Licht: 1","134375","3","6","6","03","06","2","","1","0","1","1","0"
"POINT (11.586157145000000 48.161455083000000)","Unfall 134386 (2016) Kat:3, Licht: 0","134386","3","6","3","03","12","7","","0","1","0","0","0"
"POINT (11.620135432000000 48.137510441000003)","Unfall 134390 (2016) Kat:3, Licht: 0","134390","3","3","5","03","12","1","","0","0","1","0","0"
"POINT (11.502719065000001 48.128973188000003)","Unfall 134395 (2016) Kat:3, Licht: 0","134395","3","3","5","03","11","2","","0","0","1","0","0"
"POINT (11.636010859000001 48.098938396999998)","Unfall 134396 (2016) Kat:3, Licht: 2","134396","3","1","0","03","05","1","","2","1","0","0","0"
"POINT (11.585680348000000 48.173200205999997)","Unfall 134397 (2016) Kat:3, Licht: 0","134397","3","6","1","03","09","2","","0","0","1","0","0"
"POINT (11.565465814000000 48.123891958999998)","Unfall 134401 (2016) Kat:3, Licht: 0","134401","3","3","5","03","09","2","","0","1","1","0","0"
"POINT (11.564863176999999 48.168843490999997)","Unfall 134402 (2016) Kat:3, Licht: 0","134402","3","4","6","03","10","1","","0","1","0","1","0"
"POINT (11.559739212000000 48.168399029000000)","Unfall 134407 (2016) Kat:2, Licht: 0","134407","2","7","5","03","17","1","","0","1","1","0","0"
"POINT (11.666084908000000 48.111902233000002)","Unfall 134412 (2016) Kat:3, Licht: 0","134412","3","3","5","04","13","7","","0","0","1","0","0"
"POINT (11.615815209999999 48.198898577000001)","Unfall 134416 (2016) Kat:3, Licht: 0","134416","3","7","0","04","12","1","","0","1","0","0","0"
"POINT (11.575824003999999 48.145342131000000)","Unfall 134419 (2016) Kat:2, Licht: 0","134419","2","7","0","03","14","3","","0","1","0","0","0"
"POINT (11.586112078999999 48.161186753000003)","Unfall 134420 (2016) Kat:3, Licht: 2","134420","3","6","3","04","22","7","","2","0","1","0","1"
"POINT (11.435589967000000 48.150724365000002)","Unfall 134423 (2016) Kat:3, Licht: 0","134423","3","3","6","03","16","3","","0","0","1","1","0"
"POINT (11.566523194000000 48.187253865000002)","Unfall 134429 (2016) Kat:3, Licht: 0","134429","3","7","0","04","19","1","","0","0","0","0","1"
"POINT (11.541873708000001 48.163027337000003)","Unfall 134430 (2016) Kat:3, Licht: 0","134430","3","6","3","04","14","7","","0","0","1","0","1"
"POINT (11.492655602999999 48.140176836000002)","Unfall 134439 (2016) Kat:3, Licht: 0","134439","3","2","3","04","16","7","","0","1","1","0","0"
"POINT (11.547440259000000 48.126995758000000)","Unfall 134441 (2016) Kat:3, Licht: 0","134441","3","6","1","04","11","7","","0","0","1","0","0"
"POINT (11.618371327000000 48.193203349000001)","Unfall 134448 (2016) Kat:3, Licht: 1","134448","3","7","6","04","19","6","","1","0","1","1","0"
"POINT (11.535296782000000 48.132468701000001)","Unfall 134460 (2016) Kat:3, Licht: 0","134460","3","2","3","04","15","6","","0","1","1","0","0"
"POINT (11.561312616000000 48.137404893000003)","Unfall 134467 (2016) Kat:2, Licht: 0","134467","2","1","0","04","17","6","","0","0","0","0","1"
"POINT (11.552608562000000 48.161518346999998)","Unfall 134468 (2016) Kat:3, Licht: 0","134468","3","7","0","04","18","1","","0","1","0","0","0"
"POINT (11.571947142000001 48.141500383999997)","Unfall 134471 (2016) Kat:3, Licht: 2","134471","3","3","5","04","20","6","","2","0","1","0","0"
"POINT (11.643922327000000 48.160366727000003)","Unfall 134472 (2016) Kat:3, Licht: 0","134472","3","1","1","04","15","1","","0","0","1","0","0"
"POINT (11.513457659000000 48.179999576999997)","Unfall 134473 (2016) Kat:3, Licht: 0","134473","3","4","6","04","14","6","","0","0","1","1","0"
"POINT (11.608825832000001 48.105365796999997)","Unfall 134475 (2016) Kat:3, Licht: 0","134475","3","7","5","03","14","5","","0","1","1","0","0"
"POINT (11.590254001000000 48.193783594999999)","Unfall 134479 (2016) Kat:3, Licht: 2","134479","3","3","5","04","19","6","","2","1","1","0","0"
"POINT (11.585619145000001 48.132920184000000)","Unfall 134480 (2016) Kat:3, Licht: 0","134480","3","1","0","04","12","1","","0","1","0","0","0"
"POINT (11.492684638000000 48.165521376999997)","Unfall 134484 (2016) Kat:3, Licht: 0","134484","3","6","2","03","17","5","","0","0","1","0","0"
"POINT (11.552222049999999 48.155440714999997)","Unfall 134494 (2016) Kat:3, Licht: 0","134494","3","6","3","04","13","6","","0","0","0","0","1"
"POINT (11.574585258999999 48.118496295999996)","Unfall 134495 (2016) Kat:3, Licht: 0","134495","3","3","5","03","18","5","","0","0","1","0","1"
"POINT (11.643400609000000 48.095588937000002)","Unfall 134499 (2016) Kat:3, Licht: 0","134499","3","4","6","03","08","5","","0","0","1","1","0"
"POINT (11.528462222000000 48.152081668000001)","Unfall 134503 (2016) Kat:3, Licht: 0","134503","3","4","6","04","14","6","","0","1","0","1","0"
"POINT (11.640677888999999 48.118288286000002)","Unfall 134505 (2016) Kat:2, Licht: 0","134505","2","7","0","03","15","5","","0","0","1","0","1"
"POINT (11.502475547000000 48.115224644999998)","Unfall 134508 (2016) Kat:3, Licht: 0","134508","3","6","2","04","18","6","","0","0","1","0","1"
"POINT (11.617636950000000 48.187726650999998)","Unfall 134510 (2016) Kat:3, Licht: 0","134510","3","3","5","03","13","5","","0","1","1","0","0"
"POINT (11.587817837999999 48.137711377999999)","Unfall 134516 (2016) Kat:3, Licht: 0","134516","3","1","0","04","17","1","","0","1","0","0","0"
"POINT (11.625375974000001 48.148033190000000)","Unfall 134517 (2016) Kat:3, Licht: 0","134517","3","7","0","04","09","6","","0","1","0","0","0"
"POINT (11.503317710999999 48.147710457999999)","Unfall 134519 (2016) Kat:3, Licht: 0","134519","3","2","3","03","11","5","","0","0","1","0","1"
"POINT (11.557879202000001 48.126030438999997)","Unfall 134526 (2016) Kat:3, Licht: 0","134526","3","5","1","04","11","6","","0","1","1","0","0"
"POINT (11.594553554999999 48.110828863000002)","Unfall 134530 (2016) Kat:3, Licht: 2","134530","3","2","4","03","22","5","","2","0","1","0","0"
"POINT (11.592429336000000 48.114733415000003)","Unfall 134538 (2016) Kat:3, Licht: 0","134538","3","4","0","03","16","5","","0","0","0","1","0"
"POINT (11.583673050000000 48.114088031000001)","Unfall 134544 (2016) Kat:3, Licht: 0","134544","3","7","0","03","14","5","","0","0","0","0","1"
"POINT (11.594521820000001 48.128209892999998)","Unfall 134548 (2016) Kat:3, Licht: 2","134548","3","6","3","03","20","4","","2","1","1","0","0"
"POINT (11.601915987000000 48.129354229999997)","Unfall 134551 (2016) Kat:3, Licht: 2","134551","3","7","0","03","20","5","","2","1","0","0","0"
"POINT (11.567781283000000 48.152588702999999)","Unfall 134558 (2016) Kat:3, Licht: 0","134558","3","6","3","03","13","5","","0","1","1","0","0"
"POINT (11.565301291000001 48.137702566000002)","Unfall 134560 (2016) Kat:3, Licht: 2","134560","3","7","0","04","03","1","","2","1","0","0","0"
"POINT (11.615695884000001 48.198928215999999)","Unfall 134561 (2016) Kat:3, Licht: 2","134561","3","2","3","03","23","4","","2","0","1","0","0"
"POINT (11.555873249999999 48.136683263999998)","Unfall 134579 (2016) Kat:3, Licht: 0","134579","3","6","2","03","15","4","","0","0","1","0","0"
"POINT (11.540459365000000 48.216584247999997)","Unfall 134589 (2016) Kat:3, Licht: 0","134589","3","2","5","04","14","1","","0","0","1","0","0"
"POINT (11.580753122000001 48.149419342999998)","Unfall 134590 (2016) Kat:3, Licht: 0","134590","3","5","3","03","18","4","","0","1","1","0","0"
"POINT (11.578328826000000 48.136140318999999)","Unfall 134595 (2016) Kat:3, Licht: 0","134595","3","4","6","03","12","4","","0","1","0","1","0"
"POINT (11.563164415999999 48.207981367999999)","Unfall 134603 (2016) Kat:3, Licht: 0","134603","3","6","2","04","14","1","","0","0","1","0","0"
"POINT (11.424600477000000 48.174262646999999)","Unfall 134657 (2016) Kat:2, Licht: 0","134657","2","6","1","04","15","1","","0","0","1","0","1"
"POINT (11.546414766000000 48.112066472999999)","Unfall 134668 (2016) Kat:2, Licht: 0","134668","2","3","5","04","19","1","","0","0","1","0","0"
"POINT (11.549148280000001 48.124709737000003)","Unfall 134681 (2016) Kat:3, Licht: 0","134681","3","6","3","04","17","5","","0","1","0","0","0"
"POINT (11.536639270000000 48.151817749000003)","Unfall 134682 (2016) Kat:3, Licht: 0","134682","3","2","5","04","17","4","","0","0","1","0","0"
"POINT (11.571144454000001 48.112089656999999)","Unfall 134686 (2016) Kat:3, Licht: 0","134686","3","2","5","04","15","5","","0","1","1","0","0"
"POINT (11.521216468000000 48.151135218999997)","Unfall 134687 (2016) Kat:3, Licht: 0","134687","3","2","4","04","18","2","","0","1","1","0","0"
"POINT (11.592108845000000 48.138829192999999)","Unfall 134690 (2016) Kat:3, Licht: 0","134690","3","2","4","04","08","4","","0","1","1","0","0"
"POINT (11.575088824000000 48.192321001000003)","Unfall 134698 (2016) Kat:3, Licht: 0","134698","3","7","0","04","16","5","","0","0","1","0","1"
"POINT (11.435209598000000 48.156414828000003)","Unfall 134699 (2016) Kat:3, Licht: 0","134699","3","7","0","04","07","2","","0","0","0","0","1"
"POINT (11.613942717000000 48.131338300000003)","Unfall 134700 (2016) Kat:3, Licht: 0","134700","3","6","2","04","12","4","","0","0","1","0","0"
"POINT (11.552735509000000 48.142697986000002)","Unfall 134708 (2016) Kat:3, Licht: 1","134708","3","1","0","04","19","5","","1","1","0","0","0"
"POINT (11.560063920999999 48.143231919999998)","Unfall 134709 (2016) Kat:3, Licht: 0","134709","3","5","1","04","19","4","","0","1","1","0","0"
"POINT (11.578876192999999 48.121886783999997)","Unfall 134710 (2016) Kat:3, Licht: 0","134710","3","3","5","04","18","2","","0","1","1","0","0"
"POINT (11.586305148999999 48.161206149000002)","Unfall 134712 (2016) Kat:3, Licht: 0","134712","3","4","6","04","13","4","","0","0","1","1","0"
"POINT (11.565791630000000 48.148233044999998)","Unfall 134721 (2016) Kat:3, Licht: 1","134721","3","5","1","04","20","5","","1","1","1","0","0"
"POINT (11.437575884999999 48.174759819999998)","Unfall 134722 (2016) Kat:3, Licht: 0","134722","3","3","5","04","11","4","","0","0","1","0","0"
"POINT (11.604829847000000 48.104536095000000)","Unfall 134735 (2016) Kat:3, Licht: 0","134735","3","1","0","04","07","4","","0","0","0","0","1"
"POINT (11.540250414000001 48.213992470999997)","Unfall 134739 (2016) Kat:3, Licht: 1","134739","3","2","6","04","20","5","","1","0","1","1","0"
"POINT (11.511449579000001 48.172088905999999)","Unfall 134740 (2016) Kat:3, Licht: 0","134740","3","6","2","04","18","2","","0","0","1","0","0"
"POINT (11.556949411000000 48.161535823999998)","Unfall 134741 (2016) Kat:3, Licht: 0","134741","3","2","4","04","12","4","","0","0","1","0","0"
"POINT (11.588548243000000 48.143061529999997)","Unfall 134743 (2016) Kat:3, Licht: 2","134743","3","6","2","04","19","5","","2","0","1","0","0"
"POINT (11.597294636000001 48.103223008999997)","Unfall 134744 (2016) Kat:3, Licht: 0","134744","3","6","1","04","16","2","","0","0","1","0","1"
"POINT (11.631748632000001 48.121113086999998)","Unfall 134751 (2016) Kat:3, Licht: 0","134751","3","3","5","04","07","5","","0","1","1","0","0"
"POINT (11.581877372999999 48.151716817000001)","Unfall 134753 (2016) Kat:3, Licht: 0","134753","3","6","2","04","18","4","","0","1","0","0","0"
"POINT (11.503232949999999 48.139652581999997)","Unfall 134759 (2016) Kat:3, Licht: 0","134759","3","2","3","04","18","4","","0","0","1","0","0"
"POINT (11.581025577000000 48.137473264999997)","Unfall 134764 (2016) Kat:3, Licht: 0","134764","3","5","1","04","13","2","","0","1","1","0","0"
"POINT (11.575236028000001 48.188916399999997)","Unfall 134767 (2016) Kat:2, Licht: 0","134767","2","7","6","04","07","4","","0","0","1","1","0"
"POINT (11.581780975999999 48.105955315000003)","Unfall 134782 (2016) Kat:3, Licht: 0","134782","3","3","1","04","12","4","","0","1","1","0","0"
"POINT (11.539408624000000 48.151273301000003)","Unfall 134786 (2016) Kat:3, Licht: 2","134786","3","4","6","04","20","5","","2","0","1","1","0"
"POINT (11.571405410000001 48.121089343000001)","Unfall 134788 (2016) Kat:3, Licht: 0","134788","3","3","5","04","18","3","","0","1","1","0","0"
"POINT (11.570078458999999 48.181811373000002)","Unfall 134791 (2016) Kat:3, Licht: 2","134791","3","2","6","04","22","4","","2","0","1","1","0"
"POINT (11.538383018999999 48.143301551000000)","Unfall 134793 (2016) Kat:3, Licht: 0","134793","3","1","0","04","08","4","","0","1","0","0","0"
"POINT (11.638442019999999 48.090106546999998)","Unfall 134796 (2016) Kat:3, Licht: 0","134796","3","7","5","04","15","3","","0","1","1","0","0"
"POINT (11.502911939000001 48.135392258000003)","Unfall 134797 (2016) Kat:3, Licht: 2","134797","3","2","5","04","20","5","","2","0","1","0","0"