WKT,Name,OBJECTID,UKATEGORIE,UTYP1,UART,UMONAT,USTUNDE,UWOCHENTAG,STRZUSTAND,ULICHTVERH,ISTRAD,ISTPKW,ISTFUSS,ISTKRAD
"POINT (11.555952347000000 48.137482573000000)","Unfall 134799 (2016) Kat:3, Licht: 2","134799","3","2","5","04","23","3","","2","0","1","0","1"
"POINT (11.579207451000000 48.114813654999999)","Unfall 134802 (2016) Kat:3, Licht: 0","134802","3","2","3","04","09","4","","0","0","1","0","0"
"POINT (11.560186678000001 48.125599215000001)","Unfall 134806 (2016) Kat:2, Licht: 0","134806","2","6","3","04","18","3","","0","0","1","0","0"
"POINT (11.605052807000000 48.150638936999997)","Unfall 134807 (2016) Kat:3, Licht: 0","134807","3","5","1","04","10","2","","0","1","0","0","0"
"POINT (11.610917458999999 48.124794596000001)","Unfall 134809 (2016) Kat:2, Licht: 0","134809","2","2","5","04","15","4","","0","1","0","0","0"
"POINT (11.555180907000000 48.153113408999999)","Unfall 134811 (2016) Kat:3, Licht: 0","134811","3","7","6","04","15","3","","0","1","1","1","0"
"POINT (11.595091905000000 48.133908740999999)","Unfall 134812 (2016) Kat:3, Licht: 0","134812","3","6","2","04","08","5","","0","0","1","0","0"
"POINT (11.436273879000000 48.163462262000003)","Unfall 134813 (2016) Kat:3, Licht: 0","134813","3","3","5","04","07","2","","0","1","1","0","0"
"POINT (11.590722713000000 48.125607191000000)","Unfall 134814 (2016) Kat:3, Licht: 0","134814","3","3","5","04","11","4","","0","0","1","0","0"
"POINT (11.575079425000000 48.128716865000001)","Unfall 134817 (2016) Kat:3, Licht: 2","134817","3","1","0","04","01","4","","2","1","0","0","0"
"POINT (11.539696245000000 48.133029737999998)","Unfall 134824 (2016) Kat:3, Licht: 1","134824","3","2","5","04","20","4","","1","0","1","0","1"
"POINT (11.574045511000000 48.167111865000003)","Unfall 134833 (2016) Kat:3, Licht: 0","134833","3","2","3","04","10","3","","0","0","1","0","0"
"POINT (11.643410220000000 48.150973839000002)","Unfall 134841 (2016) Kat:3, Licht: 0","134841","3","3","5","04","16","3","","0","0","1","0","0"
"POINT (11.563413510000000 48.134884941000003)","Unfall 134843 (2016) Kat:3, Licht: 0","134843","3","7","0","04","09","2","","0","0","1","0","0"
"POINT (11.568587919000000 48.156769601999997)","Unfall 134846 (2016) Kat:2, Licht: 2","134846","2","3","5","04","23","3","","2","0","1","0","1"
"POINT (11.549353735000000 48.158048506000000)","Unfall 134855 (2016) Kat:2, Licht: 1","134855","2","3","5","04","18","5","","1","1","1","0","0"
"POINT (11.569084000000000 48.158803057999997)","Unfall 134856 (2016) Kat:3, Licht: 0","134856","3","2","5","04","09","2","","0","1","1","0","0"
"POINT (11.617950523999999 48.132820252999998)","Unfall 134863 (2016) Kat:3, Licht: 0","134863","3","7","0","04","07","3","","0","1","1","0","0"
"POINT (11.534370622000001 48.136635148000003)","Unfall 134869 (2016) Kat:3, Licht: 0","134869","3","3","5","04","15","3","","0","1","1","0","0"
"POINT (11.542896932000000 48.148609024000002)","Unfall 134870 (2016) Kat:3, Licht: 0","134870","3","7","7","04","10","5","","0","0","0","0","1"
"POINT (11.478398921000000 48.119934405999999)","Unfall 134871 (2016) Kat:3, Licht: 0","134871","3","6","2","04","17","2","","0","0","1","0","1"
"POINT (11.570328716000001 48.131757270999998)","Unfall 134882 (2016) Kat:3, Licht: 2","134882","3","2","5","04","01","2","","2","1","1","0","0"
"POINT (11.680882834000000 48.116490564999999)","Unfall 134911 (2016) Kat:3, Licht: 0","134911","3","3","5","04","18","5","","0","1","1","0","0"
"POINT (11.599001963999999 48.112469281000003)","Unfall 134915 (2016) Kat:3, Licht: 2","134915","3","3","5","04","22","5","","2","0","1","0","0"
"POINT (11.650481037000000 48.092279245000000)","Unfall 134916 (2016) Kat:3, Licht: 0","134916","3","7","6","04","08","2","","0","0","1","1","0"
"POINT (11.535484594000000 48.116913932999999)","Unfall 134923 (2016) Kat:3, Licht: 0","134923","3","4","6","04","17","5","","0","1","0","1","0"
"POINT (11.659211439000000 48.129088971000002)","Unfall 134924 (2016) Kat:2, Licht: 0","134924","2","1","0","04","17","2","","0","0","0","0","1"
"POINT (11.555928887000000 48.142101744999998)","Unfall 134929 (2016) Kat:3, Licht: 0","134929","3","3","5","04","12","2","","0","1","1","0","0"
"POINT (11.539914144999999 48.100602555999998)","Unfall 134933 (2016) Kat:3, Licht: 0","134933","3","6","1","04","08","5","","0","0","1","0","0"
"POINT (11.585060507000000 48.132445959000002)","Unfall 134946 (2016) Kat:3, Licht: 1","134946","3","2","5","04","06","5","","1","1","1","0","0"
"POINT (11.472649558000001 48.128140123999998)","Unfall 134958 (2016) Kat:3, Licht: 0","134958","3","2","1","04","18","2","","0","0","1","0","0"
"POINT (11.603419722000000 48.195570310999997)","Unfall 134961 (2016) Kat:3, Licht: 0","134961","3","2","5","04","13","3","","0","0","1","0","0"
"POINT (11.690108016000000 48.136077477000001)","Unfall 134965 (2016) Kat:3, Licht: 0","134965","3","6","6","04","10","2","","0","1","0","1","0"
"POINT (11.514963948000000 48.152416383000002)","Unfall 134966 (2016) Kat:3, Licht: 0","134966","3","3","5","04","08","3","","0","0","0","0","1"
"POINT (11.534253873999999 48.192827260000001)","Unfall 134970 (2016) Kat:3, Licht: 0","134970","3","3","5","04","19","3","","0","1","1","0","0"
"POINT (11.519600300000000 48.143871007999998)","Unfall 134973 (2016) Kat:3, Licht: 2","134973","3","7","0","04","21","3","","2","1","0","0","0"
"POINT (11.633056408000000 48.134666942000003)","Unfall 134978 (2016) Kat:2, Licht: 0","134978","2","1","0","04","15","2","","0","0","0","0","1"
"POINT (11.534236300000000 48.136154904999998)","Unfall 134985 (2016) Kat:3, Licht: 0","134985","3","3","5","04","15","2","","0","1","0","0","0"
"POINT (11.586491360000000 48.167331410000003)","Unfall 134989 (2016) Kat:3, Licht: 0","134989","3","2","6","04","17","2","","0","0","0","1","0"
"POINT (11.684704275000000 48.112588465999998)","Unfall 134993 (2016) Kat:3, Licht: 0","134993","3","3","5","04","19","3","","0","1","1","0","0"
"POINT (11.583050815000000 48.141310673000000)","Unfall 135002 (2016) Kat:3, Licht: 0","135002","3","2","4","04","08","3","","0","1","1","0","0"
"POINT (11.532646638999999 48.112773765999997)","Unfall 135005 (2016) Kat:3, Licht: 0","135005","3","4","6","04","16","3","","0","0","1","1","0"
"POINT (11.536225663000000 48.116911461999997)","Unfall 135024 (2016) Kat:3, Licht: 0","135024","3","7","0","04","08","3","","0","0","1","0","0"
"POINT (11.562870243000001 48.140521069000002)","Unfall 135100 (2016) Kat:3, Licht: 0","135100","3","3","1","04","10","3","","0","1","1","0","0"
"POINT (11.615805174000000 48.198901069999998)","Unfall 135111 (2016) Kat:3, Licht: 2","135111","3","3","5","04","21","7","","2","0","1","0","0"
"POINT (11.562175635999999 48.144312865000003)","Unfall 135113 (2016) Kat:3, Licht: 0","135113","3","5","0","04","07","3","","0","0","1","0","0"
"POINT (11.627752365999999 48.101607919999999)","Unfall 135120 (2016) Kat:3, Licht: 0","135120","3","5","5","04","15","7","","0","0","1","0","0"
"POINT (11.564563970000000 48.170534185999998)","Unfall 135121 (2016) Kat:3, Licht: 1","135121","3","3","5","04","19","7","","1","1","1","0","0"
"POINT (11.598863941999999 48.121548418000003)","Unfall 135124 (2016) Kat:2, Licht: 0","135124","2","6","2","04","17","7","","0","0","1","0","1"
"POINT (11.639982286000000 48.116998283999997)","Unfall 135126 (2016) Kat:3, Licht: 0","135126","3","2","4","04","18","3","","0","0","1","0","0"
"POINT (11.555900225000000 48.137465658000004)","Unfall 135133 (2016) Kat:2, Licht: 0","135133","2","3","5","04","06","7","","0","0","1","0","0"
"POINT (11.563254795000001 48.160980963999997)","Unfall 135142 (2016) Kat:3, Licht: 0","135142","3","7","8","04","08","2","","0","1","0","0","0"
"POINT (11.548125196999999 48.140227910999997)","Unfall 135146 (2016) Kat:3, Licht: 0","135146","3","5","1","04","13","1","","0","1","1","0","0"
"POINT (11.531253112000000 48.156832958000003)","Unfall 135148 (2016) Kat:3, Licht: 2","135148","3","7","2","04","00","7","","2","0","1","0","1"
"POINT (11.549516291000000 48.160518863000000)","Unfall 135149 (2016) Kat:3, Licht: 0","135149","3","6","3","04","16","2","","0","0","1","0","1"
"POINT (11.545527635999999 48.148750237999998)","Unfall 135154 (2016) Kat:3, Licht: 0","135154","3","6","2","04","14","6","","0","1","1","0","0"
"POINT (11.507574664000000 48.115683148000002)","Unfall 135155 (2016) Kat:3, Licht: 0","135155","3","3","5","04","14","1","","0","0","1","0","0"
"POINT (11.595131788000000 48.123457346999999)","Unfall 135157 (2016) Kat:3, Licht: 0","135157","3","6","3","04","10","6","","0","1","0","0","0"
"POINT (11.681470606000000 48.137080081999997)","Unfall 135161 (2016) Kat:3, Licht: 0","135161","3","7","3","04","17","3","","0","0","1","0","1"
"POINT (11.569716273999999 48.144568560000003)","Unfall 135162 (2016) Kat:3, Licht: 0","135162","3","6","3","04","18","2","","0","1","1","0","0"
"POINT (11.585809129999999 48.171900354999998)","Unfall 135166 (2016) Kat:3, Licht: 0","135166","3","4","6","04","11","6","","0","0","1","1","0"
"POINT (11.629567420000001 48.103164917000001)","Unfall 135168 (2016) Kat:3, Licht: 0","135168","3","3","5","04","09","7","","0","1","1","0","0"
"POINT (11.568168751000000 48.204981777000000)","Unfall 135170 (2016) Kat:2, Licht: 0","135170","2","3","5","04","07","3","","0","1","0","0","0"
"POINT (11.553816888000000 48.186196486000000)","Unfall 135171 (2016) Kat:2, Licht: 0","135171","2","3","5","04","16","2","","0","1","0","0","1"
"POINT (11.526770266000000 48.168726294000002)","Unfall 135174 (2016) Kat:3, Licht: 0","135174","3","2","4","04","08","3","","0","1","1","0","0"
"POINT (11.528207922000000 48.130353589999999)","Unfall 135175 (2016) Kat:3, Licht: 0","135175","3","3","5","04","10","2","","0","0","1","0","0"
"POINT (11.573636669000001 48.129783912999997)","Unfall 135178 (2016) Kat:3, Licht: 0","135178","3","4","6","04","08","6","","0","0","1","1","0"
"POINT (11.622147628000000 48.141024498999997)","Unfall 135180 (2016) Kat:3, Licht: 0","135180","3","7","0","04","12","1","","0","0","0","0","1"
"POINT (11.635549835999999 48.175051619999998)","Unfall 135183 (2016) Kat:2, Licht: 0","135183","2","4","6","04","15","3","","0","0","0","1","0"
"POINT (11.583108535999999 48.210752067999998)","Unfall 135184 (2016) Kat:3, Licht: 0","135184","3","3","5","04","16","2","","0","0","1","0","1"
"POINT (11.563310077000001 48.160302371999997)","Unfall 135186 (2016) Kat:3, Licht: 1","135186","3","7","0","04","02","6","","1","0","0","0","0"
"POINT (11.590783173000000 48.142603465999997)","Unfall 135187 (2016) Kat:3, Licht: 0","135187","3","6","3","04","14","1","","0","1","0","0","0"
"POINT (11.542157823000000 48.138287630999997)","Unfall 135190 (2016) Kat:3, Licht: 0","135190","3","7","0","04","15","6","","0","1","0","0","0"
"POINT (11.528739367000000 48.172352076000003)","Unfall 135198 (2016) Kat:3, Licht: 0","135198","3","6","2","04","15","6","","0","0","1","0","0"
"POINT (11.627428799000000 48.109813944999999)","Unfall 135202 (2016) Kat:3, Licht: 2","135202","3","4","6","04","19","2","","2","0","1","1","0"
"POINT (11.602425143000000 48.146766984000003)","Unfall 135207 (2016) Kat:3, Licht: 0","135207","3","2","4","04","14","2","","0","1","1","0","0"
"POINT (11.564866712000001 48.124047244000003)","Unfall 135212 (2016) Kat:3, Licht: 0","135212","3","6","3","04","13","6","","0","0","1","0","1"
"POINT (11.669179118000001 48.139872138000001)","Unfall 135216 (2016) Kat:3, Licht: 0","135216","3","2","4","04","12","3","","0","0","1","0","0"
"POINT (11.568832700000000 48.160559128999999)","Unfall 135217 (2016) Kat:3, Licht: 2","135217","3","7","1","04","04","2","","2","1","1","0","0"
"POINT (11.585573432000000 48.174278846999997)","Unfall 135220 (2016) Kat:3, Licht: 0","135220","3","6","3","04","09","6","","0","0","1","0","0"
"POINT (11.602126864000001 48.115813119000002)","Unfall 135229 (2016) Kat:3, Licht: 0","135229","3","2","4","04","08","3","","0","0","1","0","1"
"POINT (11.596920598000001 48.141116580000002)","Unfall 135230 (2016) Kat:3, Licht: 0","135230","3","1","9","04","10","2","","0","0","0","0","1"
"POINT (11.611071837000001 48.117508518000001)","Unfall 135235 (2016) Kat:3, Licht: 0","135235","3","3","5","04","07","6","","0","1","1","0","0"
"POINT (11.658736384999999 48.153671502000002)","Unfall 135242 (2016) Kat:3, Licht: 0","135242","3","3","5","04","15","4","","0","0","1","0","0"
"POINT (11.581841883999999 48.137527892999998)","Unfall 135244 (2016) Kat:3, Licht: 2","135244","3","6","4","04","23","1","","2","1","1","0","0"
"POINT (11.587767779000000 48.201178401000000)","Unfall 135245 (2016) Kat:3, Licht: 0","135245","3","2","5","04","13","4","","0","1","1","0","0"
"POINT (11.530280825000000 48.169260776999998)","Unfall 135251 (2016) Kat:3, Licht: 0","135251","3","6","1","04","17","4","","0","0","1","0","0"
"POINT (11.578554455000001 48.139393839000000)","Unfall 135252 (2016) Kat:3, Licht: 0","135252","3","6","0","04","10","7","","0","1","0","0","1"
"POINT (11.546048766000000 48.160500288000001)","Unfall 135264 (2016) Kat:3, Licht: 0","135264","3","7","6","04","10","4","","0","0","1","1","0"
"POINT (11.669902012000000 48.117825652000001)","Unfall 135271 (2016) Kat:3, Licht: 0","135271","3","3","4","04","14","4","","0","1","1","0","0"
"POINT (11.531358429999999 48.148348249000001)","Unfall 135272 (2016) Kat:3, Licht: 0","135272","3","3","5","04","10","6","","0","0","1","0","0"
"POINT (11.557934409000000 48.145609440999998)","Unfall 135273 (2016) Kat:2, Licht: 0","135273","2","4","6","04","11","4","","0","0","1","1","0"
"POINT (11.445698304000000 48.160628885000001)","Unfall 135274 (2016) Kat:3, Licht: 0","135274","3","6","0","04","07","1","","0","0","1","0","0"
"POINT (11.528408594000000 48.172671231999999)","Unfall 135276 (2016) Kat:3, Licht: 0","135276","3","7","5","04","13","6","","0","1","1","0","0"
"POINT (11.585581399000001 48.159646377999998)","Unfall 135279 (2016) Kat:3, Licht: 0","135279","3","5","1","04","14","5","","0","0","1","0","0"
"POINT (11.687439574000001 48.135316824000000)","Unfall 135282 (2016) Kat:3, Licht: 0","135282","3","6","2","04","11","4","","0","0","1","0","0"
"POINT (11.562586371000000 48.213484721999997)","Unfall 135286 (2016) Kat:3, Licht: 0","135286","3","2","5","04","07","5","","0","1","1","0","0"
"POINT (11.584767796000000 48.115209024999999)","Unfall 135289 (2016) Kat:3, Licht: 0","135289","3","3","5","04","12","4","","0","0","1","0","1"
"POINT (11.437602925000000 48.174759885999997)","Unfall 135290 (2016) Kat:3, Licht: 0","135290","3","3","5","04","18","5","","0","0","1","0","0"
"POINT (11.605853357000001 48.200671833000001)","Unfall 135293 (2016) Kat:3, Licht: 0","135293","3","2","5","04","16","4","","0","1","0","0","1"
"POINT (11.597878109000000 48.122955265999998)","Unfall 135294 (2016) Kat:3, Licht: 0","135294","3","6","3","04","13","7","","0","1","1","0","0"
"POINT (11.479465037000001 48.164129461000002)","Unfall 135301 (2016) Kat:3, Licht: 0","135301","3","2","6","04","14","4","","0","0","1","1","0"
"POINT (11.503399704000000 48.125412832999999)","Unfall 135303 (2016) Kat:3, Licht: 0","135303","3","6","1","04","07","4","","0","0","1","0","0"
"POINT (11.643830479000000 48.123933344000001)","Unfall 135307 (2016) Kat:3, Licht: 0","135307","3","2","5","04","13","4","","0","1","1","0","0"
"POINT (11.570420061000000 48.113939809000001)","Unfall 135308 (2016) Kat:3, Licht: 0","135308","3","7","6","04","10","7","","0","0","1","1","0"
"POINT (11.614758107000000 48.138168446000002)","Unfall 135314 (2016) Kat:3, Licht: 0","135314","3","6","0","04","07","4","","0","0","1","0","0"
"POINT (11.620622829000000 48.153749005000002)","Unfall 135315 (2016) Kat:3, Licht: 0","135315","3","7","6","04","16","1","","0","0","1","1","0"
"POINT (11.621408901000001 48.153048892999998)","Unfall 135318 (2016) Kat:3, Licht: 0","135318","3","7","6","04","10","6","","0","0","0","1","0"
"POINT (11.538864238000000 48.128080578999999)","Unfall 135325 (2016) Kat:3, Licht: 0","135325","3","6","1","04","12","4","","0","0","1","0","0"
"POINT (11.598411799999999 48.135589201000002)","Unfall 135326 (2016) Kat:2, Licht: 0","135326","2","4","6","04","07","6","","0","1","0","1","0"
"POINT (11.577233001000000 48.148408382000000)","Unfall 135330 (2016) Kat:3, Licht: 0","135330","3","7","6","04","16","5","","0","1","0","1","0"
"POINT (11.571731026000000 48.131213453999997)","Unfall 135334 (2016) Kat:3, Licht: 0","135334","3","1","0","04","15","4","","0","1","0","0","0"
"POINT (11.601852864000000 48.133744063999998)","Unfall 135338 (2016) Kat:3, Licht: 1","135338","3","3","5","04","19","6","","1","0","1","0","1"
"POINT (11.555949431000000 48.139230062999999)","Unfall 135340 (2016) Kat:3, Licht: 2","135340","3","3","6","04","23","5","","2","0","1","1","0"
"POINT (11.585736953000000 48.143283664999998)","Unfall 135344 (2016) Kat:3, Licht: 0","135344","3","2","3","04","16","4","","0","1","0","0","0"
"POINT (11.502612204000000 48.128974640000003)","Unfall 135345 (2016) Kat:3, Licht: 0","135345","3","3","5","04","08","7","","0","1","1","0","0"
"POINT (11.577450027999999 48.139641697000002)","Unfall 135349 (2016) Kat:3, Licht: 0","135349","3","7","5","04","08","5","","0","1","0","0","0"
"POINT (11.583035994999999 48.141022454000002)","Unfall 135352 (2016) Kat:3, Licht: 0","135352","3","6","2","04","13","4","","0","0","1","0","0"
"POINT (11.568028704000000 48.154301701999998)","Unfall 135353 (2016) Kat:3, Licht: 0","135353","3","2","5","04","13","7","","0","0","1","0","1"
"POINT (11.572891642000000 48.184226973000001)","Unfall 135360 (2016) Kat:3, Licht: 0","135360","3","3","5","04","10","1","","0","1","1","0","0"
"POINT (11.530564966000000 48.171440599999997)","Unfall 135375 (2016) Kat:3, Licht: 0","135375","3","2","5","04","14","6","","0","1","0","0","0"
"POINT (11.547470410000001 48.159331211999998)","Unfall 135378 (2016) Kat:3, Licht: 0","135378","3","3","5","04","09","6","","0","1","1","0","0"
"POINT (11.604087952000000 48.108169621999998)","Unfall 135381 (2016) Kat:3, Licht: 0","135381","3","6","2","04","07","5","","0","0","1","0","0"
"POINT (11.549776913000001 48.138368931999999)","Unfall 135384 (2016) Kat:3, Licht: 0","135384","3","6","2","04","18","6","","0","0","1","0","0"
"POINT (11.486659869000000 48.215687451999997)","Unfall 135387 (2016) Kat:3, Licht: 0","135387","3","6","4","04","16","5","","0","0","1","0","1"
"POINT (11.604545079999999 48.105861685000001)","Unfall 135392 (2016) Kat:3, Licht: 0","135392","3","7","1","04","18","7","","0","0","0","1","0"
"POINT (11.628346599000000 48.101309168000000)","Unfall 135393 (2016) Kat:3, Licht: 0","135393","3","6","0","04","17","5","","0","0","1","0","0"
"POINT (11.564407781000000 48.140016264000003)","Unfall 135406 (2016) Kat:3, Licht: 1","135406","3","4","0","04","19","7","","1","1","0","1","0"
"POINT (11.576757447000000 48.127455066000003)","Unfall 135417 (2016) Kat:3, Licht: 0","135417","3","1","0","04","08","6","","0","1","0","0","0"
"POINT (11.705504176000000 48.133169997000003)","Unfall 135427 (2016) Kat:3, Licht: 0","135427","3","3","5","04","18","1","","0","1","1","0","0"
"POINT (11.559670012000000 48.142755311999998)","Unfall 135432 (2016) Kat:3, Licht: 0","135432","3","5","1","04","16","5","","0","1","0","0","0"
"POINT (11.603740328000001 48.110128130000000)","Unfall 135438 (2016) Kat:3, Licht: 0","135438","3","7","5","04","09","6","","0","1","1","0","0"
"POINT (11.584213062000000 48.154132896999997)","Unfall 135440 (2016) Kat:3, Licht: 0","135440","3","5","1","04","08","5","","0","1","1","0","0"
"POINT (11.487318288999999 48.179336165000002)","Unfall 135444 (2016) Kat:3, Licht: 0","135444","3","3","5","04","08","7","","0","0","1","0","0"
"POINT (11.586056570000000 48.160212309000002)","Unfall 135454 (2016) Kat:3, Licht: 0","135454","3","3","5","04","18","5","","0","1","1","0","0"
"POINT (11.562521737999999 48.137404914000001)","Unfall 135458 (2016) Kat:3, Licht: 2","135458","3","6","3","04","21","7","","2","0","1","0","1"
"POINT (11.713396430000000 48.139061349999999)","Unfall 135465 (2016) Kat:3, Licht: 0","135465","3","2","4","04","15","1","","0","0","1","0","0"
"POINT (11.579979710000000 48.135822701999999)","Unfall 135468 (2016) Kat:3, Licht: 2","135468","3","7","3","04","22","6","","2","1","1","0","0"
"POINT (11.462946648999999 48.189182711000001)","Unfall 135477 (2016) Kat:3, Licht: 0","135477","3","5","4","04","11","6","","0","0","1","0","1"
"POINT (11.555941948999999 48.138626334999998)","Unfall 135478 (2016) Kat:3, Licht: 0","135478","3","6","3","04","17","4","","0","0","1","0","1"
"POINT (11.587540825000000 48.184438706000002)","Unfall 135480 (2016) Kat:3, Licht: 0","135480","3","3","5","04","17","5","","0","1","1","0","0"
"POINT (11.619728533000000 48.148724829000003)","Unfall 135484 (2016) Kat:3, Licht: 0","135484","3","5","1","04","13","4","","0","0","1","0","0"
"POINT (11.590754811000000 48.142609258000000)","Unfall 135487 (2016) Kat:3, Licht: 0","135487","3","7","0","04","13","5","","0","1","0","0","0"
"POINT (11.642262006999999 48.116082472000002)","Unfall 135520 (2016) Kat:3, Licht: 0","135520","3","3","5","04","07","4","","0","1","1","0","0"
"POINT (11.524052111000000 48.133220154000000)","Unfall 135522 (2016) Kat:3, Licht: 0","135522","3","2","5","04","18","4","","0","1","1","0","0"
"POINT (11.538134725999999 48.116944586000002)","Unfall 135525 (2016) Kat:3, Licht: 0","135525","3","3","3","04","11","5","","0","1","1","0","0"
"POINT (11.558820629000000 48.161284191999997)","Unfall 135530 (2016) Kat:3, Licht: 0","135530","3","3","5","04","11","4","","0","1","1","0","0"
"POINT (11.600263428000000 48.128197331000003)","Unfall 135536 (2016) Kat:3, Licht: 0","135536","3","6","2","04","18","5","","0","0","1","1","0"
"POINT (11.601673771000000 48.133790454000000)","Unfall 135549 (2016) Kat:3, Licht: 0","135549","3","7","1","04","09","5","","0","1","0","0","0"
"POINT (11.574126841000000 48.167133112999998)","Unfall 135579 (2016) Kat:2, Licht: 0","135579","2","2","5","04","10","5","","0","0","1","0","0"
"POINT (11.578337683999999 48.144290331999997)","Unfall 135582 (2016) Kat:3, Licht: 0","135582","3","7","3","04","13","3","","0","0","1","0","1"
"POINT (11.492554974999999 48.140252586999999)","Unfall 135588 (2016) Kat:3, Licht: 0","135588","3","7","5","04","09","5","","0","0","1","0","0"
"POINT (11.547127521000000 48.139336049000001)","Unfall 135589 (2016) Kat:3, Licht: 0","135589","3","5","1","04","14","4","","0","0","1","0","0"
"POINT (11.594643508000001 48.110848066000003)","Unfall 135592 (2016) Kat:3, Licht: 1","135592","3","2","4","04","19","5","","1","0","1","0","0"
"POINT (11.549458804000000 48.103035542000001)","Unfall 135594 (2016) Kat:3, Licht: 0","135594","3","5","5","04","10","3","","0","1","1","0","0"
"POINT (11.528753686000000 48.129915650000001)","Unfall 135600 (2016) Kat:3, Licht: 0","135600","3","3","5","04","11","2","","0","1","1","0","0"
"POINT (11.551531690999999 48.136395637000000)","Unfall 135603 (2016) Kat:3, Licht: 0","135603","3","1","0","04","17","3","","0","1","0","0","0"
"POINT (11.506870852000000 48.137225489999999)","Unfall 135608 (2016) Kat:3, Licht: 0","135608","3","3","5","04","08","2","","0","0","1","0","0"
"POINT (11.607643296000001 48.134123717999998)","Unfall 135614 (2016) Kat:3, Licht: 0","135614","3","7","5","04","18","2","","0","1","0","0","0"
"POINT (11.528970747000001 48.177656278000001)","Unfall 135619 (2016) Kat:3, Licht: 0","135619","3","3","5","04","07","2","","0","1","1","0","0"
"POINT (11.495989135000000 48.170711455000003)","Unfall 135624 (2016) Kat:3, Licht: 0","135624","3","7","1","04","15","4","","0","0","1","1","0"
"POINT (11.558638037000000 48.141442513000001)","Unfall 135626 (2016) Kat:3, Licht: 0","135626","3","2","6","04","06","4","","0","0","0","1","0"
"POINT (11.522815946000000 48.108301892999997)","Unfall 135628 (2016) Kat:3, Licht: 0","135628","3","3","5","04","13","2","","0","0","1","0","0"
"POINT (11.594499447000000 48.128223229000000)","Unfall 135629 (2016) Kat:3, Licht: 0","135629","3","5","0","04","19","5","","0","0","1","0","0"
"POINT (11.543022176999999 48.126031861000001)","Unfall 135631 (2016) Kat:3, Licht: 0","135631","3","3","5","04","17","3","","0","0","1","0","0"
"POINT (11.548982651999999 48.144133643000004)","Unfall 135632 (2016) Kat:3, Licht: 0","135632","3","6","2","04","12","4","","0","1","0","0","0"
"POINT (11.561858869000000 48.156099077000000)","Unfall 135639 (2016) Kat:3, Licht: 0","135639","3","3","5","04","18","3","","0","0","1","0","0"
"POINT (11.556024694000000 48.208325275999997)","Unfall 135646 (2016) Kat:3, Licht: 2","135646","3","3","5","04","05","2","","2","0","1","0","0"
"POINT (11.563373738999999 48.208807399000001)","Unfall 135652 (2016) Kat:3, Licht: 0","135652","3","2","5","04","09","2","","0","1","1","0","0"
"POINT (11.679310979000000 48.132066596999998)","Unfall 135654 (2016) Kat:3, Licht: 0","135654","3","6","1","04","17","5","","0","0","1","0","0"
"POINT (11.541725978000001 48.163239959000002)","Unfall 135655 (2016) Kat:2, Licht: 2","135655","2","4","6","04","20","3","","2","0","1","1","0"
"POINT (11.528766084000001 48.163966524000003)","Unfall 135661 (2016) Kat:2, Licht: 0","135661","2","7","0","04","18","2","","0","1","0","0","0"
"POINT (11.533221770000001 48.186115446999999)","Unfall 135665 (2016) Kat:3, Licht: 0","135665","3","2","3","04","18","3","","0","1","1","0","0"
"POINT (11.663765663000000 48.108320317000000)","Unfall 135668 (2016) Kat:3, Licht: 0","135668","3","2","4","04","16","2","","0","0","1","0","0"
"POINT (11.510619610999999 48.170166174999999)","Unfall 135674 (2016) Kat:3, Licht: 0","135674","3","2","5","04","17","4","","0","1","1","0","0"
"POINT (11.548998539999999 48.109806695000003)","Unfall 135676 (2016) Kat:3, Licht: 0","135676","3","7","5","04","18","2","","0","1","0","0","0"
"POINT (11.603524495000000 48.149285683999999)","Unfall 135683 (2016) Kat:3, Licht: 1","135683","3","6","3","04","18","4","","1","1","0","0","0"
"POINT (11.451977855999999 48.156186808999998)","Unfall 135689 (2016) Kat:3, Licht: 0","135689","3","2","2","04","15","5","","0","0","1","0","0"
"POINT (11.551635530000000 48.109647172000003)","Unfall 135692 (2016) Kat:2, Licht: 0","135692","2","6","2","04","15","5","","0","0","1","0","0"
"POINT (11.573280795000001 48.151042472999997)","Unfall 135700 (2016) Kat:3, Licht: 0","135700","3","1","0","04","15","5","","0","1","0","0","0"
"POINT (11.453380678000000 48.163765065000000)","Unfall 135724 (2016) Kat:3, Licht: 0","135724","3","3","5","04","07","4","","0","1","1","0","0"
"POINT (11.557219581000000 48.186353654000001)","Unfall 135731 (2016) Kat:3, Licht: 0","135731","3","3","5","04","16","5","","0","1","1","0","0"
"POINT (11.509712895000000 48.097960608000001)","Unfall 135740 (2016) Kat:3, Licht: 0","135740","3","7","1","04","17","6","","0","0","1","0","0"
"POINT (11.551319566000000 48.156178437000001)","Unfall 135742 (2016) Kat:3, Licht: 0","135742","3","6","2","04","17","2","","0","0","1","0","0"
"POINT (11.588110892000000 48.167397931000004)","Unfall 135750 (2016) Kat:3, Licht: 0","135750","3","6","1","04","12","6","","0","0","1","0","0"
"POINT (11.646196271999999 48.101504196999997)","Unfall 135751 (2016) Kat:3, Licht: 0","135751","3","4","6","04","17","3","","0","0","1","1","0"
"POINT (11.561661088999999 48.149386841000002)","Unfall 135752 (2016) Kat:3, Licht: 0","135752","3","7","5","04","15","4","","0","0","1","0","0"