WKT,Name,OBJECTID,UKATEGORIE,UTYP1,UART,UMONAT,USTUNDE,UWOCHENTAG,STRZUSTAND,ULICHTVERH,ISTRAD,ISTPKW,ISTFUSS,ISTKRAD
"POINT (11.565614598000000 48.153216262000001)","Unfall 135753 (2016) Kat:3, Licht: 1","135753","3","3","5","04","20","6","","1","0","1","0","1"
"POINT (11.580061782000000 48.139118564000000)","Unfall 135761 (2016) Kat:3, Licht: 2","135761","3","4","6","04","23","7","","2","0","1","1","0"
"POINT (11.587706643000001 48.113109782999999)","Unfall 135776 (2016) Kat:3, Licht: 0","135776","3","2","5","04","08","3","","0","1","1","0","0"
"POINT (11.565295337000000 48.208799919000001)","Unfall 135784 (2016) Kat:3, Licht: 1","135784","3","3","5","04","19","3","","1","0","1","0","0"
"POINT (11.579524516999999 48.133931554999997)","Unfall 135787 (2016) Kat:3, Licht: 0","135787","3","3","5","04","09","3","","0","1","0","0","0"
"POINT (11.521740872000001 48.156017761999998)","Unfall 135788 (2016) Kat:2, Licht: 0","135788","2","7","2","04","17","6","","0","1","0","0","0"
"POINT (11.531387143000000 48.183910883999999)","Unfall 135789 (2016) Kat:3, Licht: 0","135789","3","4","6","04","18","2","","0","0","1","1","0"
"POINT (11.563872962000000 48.156945554000004)","Unfall 135790 (2016) Kat:3, Licht: 2","135790","3","3","5","04","23","7","","2","0","1","0","0"
"POINT (11.590265720000000 48.101046936000003)","Unfall 135793 (2016) Kat:3, Licht: 0","135793","3","7","1","04","16","2","","0","0","1","0","0"
"POINT (11.466452779000001 48.164770728999997)","Unfall 135801 (2016) Kat:3, Licht: 0","135801","3","2","5","04","08","6","","0","0","1","0","0"
"POINT (11.592206784000000 48.129685285000001)","Unfall 135802 (2016) Kat:3, Licht: 0","135802","3","7","1","04","17","2","","0","1","1","0","0"
"POINT (11.556152376000000 48.142070212999997)","Unfall 135805 (2016) Kat:3, Licht: 0","135805","3","2","5","04","14","4","","0","0","1","0","0"
"POINT (11.591543377000001 48.178086340000000)","Unfall 135816 (2016) Kat:3, Licht: 0","135816","3","4","6","04","08","3","","0","0","1","1","0"
"POINT (11.555923713000000 48.138042106999997)","Unfall 135820 (2016) Kat:3, Licht: 0","135820","3","5","1","04","16","3","","0","0","1","0","1"
"POINT (11.566366530000000 48.139960135000003)","Unfall 135821 (2016) Kat:3, Licht: 0","135821","3","7","9","04","11","4","","0","0","1","0","0"
"POINT (11.575948854000000 48.150287712000001)","Unfall 135825 (2016) Kat:3, Licht: 0","135825","3","3","6","04","15","7","","0","0","1","1","0"
"POINT (11.575346034000001 48.119496036000001)","Unfall 135830 (2016) Kat:3, Licht: 0","135830","3","6","0","04","18","3","","0","0","1","0","1"
"POINT (11.516994098000000 48.134996747000002)","Unfall 135831 (2016) Kat:3, Licht: 0","135831","3","4","6","04","16","6","","0","0","1","1","0"
"POINT (11.476915494000000 48.142058235999997)","Unfall 135835 (2016) Kat:3, Licht: 2","135835","3","5","1","04","20","7","","2","0","1","0","0"
"POINT (11.560231031000001 48.134295295999998)","Unfall 135841 (2016) Kat:3, Licht: 0","135841","3","5","1","04","14","6","","0","1","1","0","0"
"POINT (11.508007994000000 48.097786462000002)","Unfall 135842 (2016) Kat:3, Licht: 0","135842","3","6","2","04","19","2","","0","0","1","0","0"
"POINT (11.535220721000000 48.143112358000003)","Unfall 135844 (2016) Kat:3, Licht: 2","135844","3","7","0","04","20","7","","2","1","0","0","0"
"POINT (11.466411964000001 48.150649430999998)","Unfall 135859 (2016) Kat:3, Licht: 0","135859","3","3","5","04","11","4","","0","1","1","0","0"
"POINT (11.515592779000000 48.076181527999999)","Unfall 135868 (2016) Kat:3, Licht: 0","135868","3","3","6","04","11","3","","0","0","1","1","0"
"POINT (11.586457642999999 48.165701169000002)","Unfall 135872 (2016) Kat:3, Licht: 0","135872","3","5","1","04","17","7","","0","0","1","0","0"
"POINT (11.582843783000000 48.187972690999999)","Unfall 135879 (2016) Kat:3, Licht: 2","135879","3","7","3","04","01","1","","2","0","1","0","0"
"POINT (11.536691362999999 48.101497535999997)","Unfall 135882 (2016) Kat:3, Licht: 0","135882","3","4","6","04","08","3","","0","1","0","1","0"
"POINT (11.578126770000001 48.162736250999998)","Unfall 135885 (2016) Kat:3, Licht: 0","135885","3","5","0","04","16","7","","0","0","1","0","0"
"POINT (11.530523994999999 48.129433831000000)","Unfall 135892 (2016) Kat:3, Licht: 0","135892","3","6","0","04","16","3","","0","0","1","0","1"
"POINT (11.575845849000000 48.139263700999997)","Unfall 135893 (2016) Kat:3, Licht: 2","135893","3","7","0","04","22","6","","2","1","0","0","0"
"POINT (11.512355030000000 48.142055376000002)","Unfall 135894 (2016) Kat:3, Licht: 0","135894","3","6","2","04","07","2","","0","0","1","0","0"
"POINT (11.586467866000000 48.162435406999997)","Unfall 135895 (2016) Kat:2, Licht: 2","135895","2","1","0","04","20","7","","2","0","0","0","1"
"POINT (11.567410738000000 48.178134104000002)","Unfall 135898 (2016) Kat:3, Licht: 0","135898","3","3","5","04","09","2","","0","0","1","0","0"
"POINT (11.522063953000000 48.175871424999997)","Unfall 135901 (2016) Kat:3, Licht: 2","135901","3","2","5","04","23","4","","2","0","1","0","0"
"POINT (11.576552762000000 48.162627137000001)","Unfall 135905 (2016) Kat:3, Licht: 0","135905","3","1","5","04","13","1","","0","1","0","0","0"
"POINT (11.417680470000001 48.143297390000001)","Unfall 135907 (2016) Kat:3, Licht: 0","135907","3","3","5","04","15","6","","0","0","1","0","0"
"POINT (11.589191277999999 48.137400045000000)","Unfall 135910 (2016) Kat:3, Licht: 2","135910","3","3","5","04","01","7","","2","0","1","0","0"
"POINT (11.504948793000001 48.129612330999997)","Unfall 135912 (2016) Kat:3, Licht: 0","135912","3","3","0","04","18","4","","0","0","1","0","1"
"POINT (11.524163829000001 48.198626826000002)","Unfall 135921 (2016) Kat:3, Licht: 0","135921","3","4","6","04","07","3","","0","1","0","1","0"
"POINT (11.607219169000000 48.186414090000000)","Unfall 135923 (2016) Kat:3, Licht: 0","135923","3","6","2","04","07","3","","0","0","1","0","0"
"POINT (11.519414277999999 48.129099345000000)","Unfall 135924 (2016) Kat:3, Licht: 0","135924","3","7","1","04","10","4","","0","0","1","0","0"
"POINT (11.601639654000000 48.126757222000002)","Unfall 135931 (2016) Kat:3, Licht: 2","135931","3","1","8","04","19","1","","2","0","1","0","0"
"POINT (11.618621692000000 48.142022353000002)","Unfall 135933 (2016) Kat:3, Licht: 0","135933","3","4","6","04","16","3","","0","0","1","1","0"
"POINT (11.589687141000001 48.137205500999997)","Unfall 135936 (2016) Kat:3, Licht: 2","135936","3","3","5","04","00","7","","2","0","1","0","0"
"POINT (11.559990680000000 48.136349056000000)","Unfall 135942 (2016) Kat:3, Licht: 0","135942","3","6","3","04","17","3","","0","1","1","0","0"
"POINT (11.585479227000000 48.121205863999997)","Unfall 135943 (2016) Kat:3, Licht: 0","135943","3","2","0","04","16","1","","0","0","1","0","0"
"POINT (11.541056799000000 48.121587951999999)","Unfall 135946 (2016) Kat:3, Licht: 0","135946","3","3","5","04","10","6","","0","0","1","0","1"
"POINT (11.613020753000001 48.120774167999997)","Unfall 135947 (2016) Kat:3, Licht: 0","135947","3","2","4","04","16","2","","0","0","1","0","0"
"POINT (11.520397557000001 48.146521038000003)","Unfall 135951 (2016) Kat:3, Licht: 0","135951","3","6","3","04","19","2","","0","1","0","0","1"
"POINT (11.559118496000000 48.147511088999998)","Unfall 135953 (2016) Kat:3, Licht: 0","135953","3","2","5","04","11","5","","0","1","1","0","0"
"POINT (11.666704492999999 48.124010859999999)","Unfall 135957 (2016) Kat:3, Licht: 0","135957","3","3","5","04","10","5","","0","1","1","0","0"
"POINT (11.616058657000000 48.115683767000000)","Unfall 135958 (2016) Kat:3, Licht: 0","135958","3","6","1","04","13","2","","0","0","1","0","0"
"POINT (11.495836854000000 48.170600884000002)","Unfall 135961 (2016) Kat:3, Licht: 0","135961","3","2","5","04","09","4","","0","0","1","0","0"
"POINT (11.481949768000000 48.170894623000002)","Unfall 135964 (2016) Kat:3, Licht: 0","135964","3","3","5","04","10","5","","0","1","1","0","0"
"POINT (11.590397768000001 48.191703832000002)","Unfall 135970 (2016) Kat:3, Licht: 0","135970","3","3","5","04","09","1","","0","0","1","0","0"
"POINT (11.604381821000000 48.133183099999997)","Unfall 135971 (2016) Kat:3, Licht: 0","135971","3","3","6","04","07","4","","0","0","1","1","0"
"POINT (11.490967563000000 48.097403235000002)","Unfall 135974 (2016) Kat:3, Licht: 0","135974","3","7","7","04","11","1","","0","0","1","0","0"
"POINT (11.516631693000001 48.139065666999997)","Unfall 135976 (2016) Kat:3, Licht: 0","135976","3","7","0","04","14","3","","0","0","1","0","0"
"POINT (11.612604673000000 48.119983599000001)","Unfall 135985 (2016) Kat:2, Licht: 0","135985","2","6","2","04","16","3","","0","0","1","0","0"
"POINT (11.554007824999999 48.154340140999999)","Unfall 135987 (2016) Kat:3, Licht: 0","135987","3","4","6","04","18","3","","0","1","0","1","0"
"POINT (11.575072746000000 48.119592119000004)","Unfall 135993 (2016) Kat:3, Licht: 1","135993","3","6","3","04","20","5","","1","1","1","0","0"
"POINT (11.582259575000000 48.135090452999997)","Unfall 135994 (2016) Kat:2, Licht: 0","135994","2","2","3","04","11","6","","0","1","1","0","0"
"POINT (11.551889290000000 48.109890315999998)","Unfall 135997 (2016) Kat:3, Licht: 0","135997","3","3","5","04","18","6","","0","1","1","0","0"
"POINT (11.535838760000001 48.153529861000003)","Unfall 136004 (2016) Kat:3, Licht: 0","136004","3","1","1","04","14","7","","0","1","1","0","0"
"POINT (11.592798460999999 48.136670346000002)","Unfall 136019 (2016) Kat:2, Licht: 0","136019","2","1","0","05","07","1","","0","1","0","0","0"
"POINT (11.586309254000000 48.162884628999997)","Unfall 136026 (2016) Kat:3, Licht: 0","136026","3","7","0","04","13","6","","0","0","1","0","0"
"POINT (11.496283645000000 48.119616399000002)","Unfall 136030 (2016) Kat:3, Licht: 0","136030","3","1","0","04","12","5","","0","0","0","0","1"
"POINT (11.572874973999999 48.186776082000002)","Unfall 136031 (2016) Kat:3, Licht: 0","136031","3","3","5","05","14","1","","0","0","1","0","0"
"POINT (11.613164490999999 48.124682653000001)","Unfall 136032 (2016) Kat:3, Licht: 0","136032","3","2","5","04","12","7","","0","0","1","0","0"
"POINT (11.540476318000000 48.208711757000003)","Unfall 136034 (2016) Kat:3, Licht: 0","136034","3","4","6","04","16","5","","0","0","1","1","0"
"POINT (11.542350287000000 48.163009895000002)","Unfall 136038 (2016) Kat:3, Licht: 0","136038","3","2","3","04","08","6","","0","1","1","0","0"
"POINT (11.542799727000000 48.209206477000002)","Unfall 136042 (2016) Kat:3, Licht: 2","136042","3","6","0","04","02","5","","2","0","1","0","0"
"POINT (11.562183121000000 48.125007936000003)","Unfall 136044 (2016) Kat:3, Licht: 0","136044","3","6","2","04","15","7","","0","0","1","0","1"
"POINT (11.604173204000000 48.130401212999999)","Unfall 136050 (2016) Kat:3, Licht: 0","136050","3","5","1","04","17","6","","0","1","1","0","0"
"POINT (11.574653249000001 48.145526578000002)","Unfall 136051 (2016) Kat:3, Licht: 2","136051","3","3","5","04","21","5","","2","0","1","0","0"
"POINT (11.583991584000000 48.095646449000000)","Unfall 136057 (2016) Kat:3, Licht: 0","136057","3","3","5","04","13","7","","0","1","1","0","0"
"POINT (11.685150283000000 48.135463684000001)","Unfall 136062 (2016) Kat:3, Licht: 0","136062","3","3","5","04","13","7","","0","0","1","0","0"
"POINT (11.526656325999999 48.168839407000000)","Unfall 136063 (2016) Kat:3, Licht: 0","136063","3","2","4","04","12","5","","0","1","0","0","0"
"POINT (11.561193652000000 48.139659041000002)","Unfall 136070 (2016) Kat:3, Licht: 0","136070","3","3","1","04","12","7","","0","1","1","0","0"
"POINT (11.573870517000000 48.120086323999999)","Unfall 136072 (2016) Kat:2, Licht: 0","136072","2","2","4","04","17","5","","0","1","0","0","0"
"POINT (11.538748440999999 48.116924800000000)","Unfall 136073 (2016) Kat:3, Licht: 1","136073","3","6","5","05","19","1","","1","0","1","0","0"
"POINT (11.650199514000001 48.112956118000000)","Unfall 136075 (2016) Kat:3, Licht: 0","136075","3","2","2","04","13","5","","0","0","1","0","0"
"POINT (11.590904762999999 48.166311313999998)","Unfall 136078 (2016) Kat:3, Licht: 0","136078","3","7","4","04","13","7","","0","0","1","0","1"
"POINT (11.561097201000001 48.130786061999999)","Unfall 136080 (2016) Kat:3, Licht: 0","136080","3","5","3","04","18","5","","0","0","1","0","0"
"POINT (11.527160667000000 48.119448304999999)","Unfall 136086 (2016) Kat:3, Licht: 0","136086","3","7","0","04","12","6","","0","1","0","0","0"
"POINT (11.572905972999999 48.155171477000003)","Unfall 136089 (2016) Kat:3, Licht: 0","136089","3","7","1","04","09","7","","0","0","1","0","0"
"POINT (11.563777727000000 48.133405258000003)","Unfall 136097 (2016) Kat:3, Licht: 0","136097","3","3","5","04","10","6","","0","1","0","0","0"
"POINT (11.507359121000000 48.098580738999999)","Unfall 136098 (2016) Kat:3, Licht: 0","136098","3","6","0","04","08","5","","0","0","1","0","0"
"POINT (11.562517170000000 48.212792563999997)","Unfall 136105 (2016) Kat:3, Licht: 2","136105","3","3","5","04","22","7","","2","0","1","0","0"
"POINT (11.557475579000000 48.130448786999999)","Unfall 136106 (2016) Kat:3, Licht: 0","136106","3","1","0","04","16","6","","0","0","1","0","1"
"POINT (11.514383941000000 48.092331158000000)","Unfall 136107 (2016) Kat:3, Licht: 0","136107","3","3","5","04","07","5","","0","0","1","0","0"
"POINT (11.632852062000000 48.168015437000001)","Unfall 136115 (2016) Kat:2, Licht: 0","136115","2","7","3","04","09","7","","0","0","1","0","0"
"POINT (11.577775626999999 48.143010689999997)","Unfall 136117 (2016) Kat:3, Licht: 0","136117","3","1","0","04","11","7","","0","1","0","0","0"
"POINT (11.566633125999999 48.133458603000001)","Unfall 136128 (2016) Kat:3, Licht: 2","136128","3","3","5","05","22","1","","2","0","1","0","0"
"POINT (11.586067383000000 48.160477800000002)","Unfall 136141 (2016) Kat:3, Licht: 2","136141","3","1","0","05","00","1","","2","0","0","0","1"
"POINT (11.595993698999999 48.183167488000002)","Unfall 136165 (2016) Kat:3, Licht: 0","136165","3","2","5","04","14","7","","0","0","1","0","1"
"POINT (11.423082786000000 48.147827358000001)","Unfall 136172 (2016) Kat:3, Licht: 0","136172","3","5","0","04","10","7","","0","0","1","1","0"
"POINT (11.578188025999999 48.136178653999998)","Unfall 136178 (2016) Kat:2, Licht: 0","136178","2","5","0","04","09","6","","0","1","0","0","0"
"POINT (11.525281079999999 48.135135396000003)","Unfall 136181 (2016) Kat:3, Licht: 0","136181","3","3","5","05","17","1","","0","1","1","0","0"
"POINT (11.595377489000001 48.150663119999997)","Unfall 136191 (2016) Kat:3, Licht: 0","136191","3","1","4","04","07","6","","0","1","0","0","0"
"POINT (11.476832011999999 48.164324731999997)","Unfall 136194 (2016) Kat:3, Licht: 0","136194","3","7","6","05","11","1","","0","0","1","0","0"
"POINT (11.447636708999999 48.182667361999997)","Unfall 136216 (2016) Kat:3, Licht: 2","136216","3","3","5","04","21","6","","2","0","1","0","0"
"POINT (11.498703528000000 48.120676862000003)","Unfall 136221 (2016) Kat:3, Licht: 0","136221","3","3","5","04","10","7","","0","0","1","0","0"
"POINT (11.616081326000000 48.146853716999999)","Unfall 136227 (2016) Kat:3, Licht: 0","136227","3","6","0","04","19","6","","0","1","1","0","0"
"POINT (11.558645471000000 48.126080410000000)","Unfall 136231 (2016) Kat:3, Licht: 0","136231","3","3","5","05","18","1","","0","1","1","0","0"
"POINT (11.421468344000001 48.147485736000000)","Unfall 136258 (2016) Kat:3, Licht: 0","136258","3","4","6","04","17","6","","0","0","1","1","0"
"POINT (11.662986369000000 48.129372887000002)","Unfall 136264 (2016) Kat:3, Licht: 0","136264","3","7","0","05","13","4","","0","1","0","0","0"
"POINT (11.502518254000000 48.117302072000001)","Unfall 136276 (2016) Kat:3, Licht: 0","136276","3","2","5","05","19","3","","0","1","1","0","0"
"POINT (11.561988717000000 48.089404854999998)","Unfall 136279 (2016) Kat:3, Licht: 0","136279","3","2","5","05","14","4","","0","1","1","0","0"
"POINT (11.435697897000001 48.163607740000003)","Unfall 136288 (2016) Kat:3, Licht: 0","136288","3","6","1","05","12","3","","0","0","1","0","0"
"POINT (11.563595294000001 48.161299663000001)","Unfall 136289 (2016) Kat:3, Licht: 0","136289","3","4","6","05","15","3","","0","0","1","1","0"
"POINT (11.510894732000001 48.170524743999998)","Unfall 136301 (2016) Kat:3, Licht: 0","136301","3","7","3","05","18","3","","0","0","1","0","1"
"POINT (11.625426730999999 48.148023590000001)","Unfall 136307 (2016) Kat:3, Licht: 0","136307","3","5","1","05","10","4","","0","0","1","0","0"
"POINT (11.561877289000000 48.137404904999997)","Unfall 136318 (2016) Kat:3, Licht: 0","136318","3","5","0","05","10","4","","0","1","1","0","0"
"POINT (11.579548374000000 48.135947725000001)","Unfall 136332 (2016) Kat:3, Licht: 1","136332","3","4","6","05","20","4","","1","1","0","1","0"
"POINT (11.582874232000000 48.168893599999997)","Unfall 136349 (2016) Kat:3, Licht: 0","136349","3","1","1","05","13","3","","0","1","1","0","0"
"POINT (11.582142134000000 48.103079084000001)","Unfall 136350 (2016) Kat:3, Licht: 0","136350","3","5","1","05","14","3","","0","0","1","0","0"
"POINT (11.603180567000001 48.140074014000000)","Unfall 136356 (2016) Kat:3, Licht: 0","136356","3","6","2","05","18","4","","0","0","1","0","0"
"POINT (11.647927012000000 48.162401811000002)","Unfall 136358 (2016) Kat:3, Licht: 0","136358","3","3","5","05","08","3","","0","1","1","0","0"
"POINT (11.575822980000000 48.120168305000000)","Unfall 136361 (2016) Kat:3, Licht: 0","136361","3","7","5","05","09","3","","0","1","1","0","0"
"POINT (11.562752984999999 48.144180855000002)","Unfall 136367 (2016) Kat:3, Licht: 0","136367","3","6","2","05","08","4","","0","1","1","0","0"
"POINT (11.538750412000001 48.120834694999999)","Unfall 136377 (2016) Kat:3, Licht: 0","136377","3","6","4","05","08","2","","0","1","0","0","0"
"POINT (11.601461500999999 48.140509373999997)","Unfall 136385 (2016) Kat:3, Licht: 0","136385","3","2","3","05","07","4","","0","1","1","0","0"
"POINT (11.521238381000000 48.175711458999999)","Unfall 136387 (2016) Kat:3, Licht: 0","136387","3","2","2","05","15","2","","0","0","1","0","0"
"POINT (11.590408191000000 48.123829432000001)","Unfall 136390 (2016) Kat:3, Licht: 0","136390","3","6","2","05","16","3","","0","0","1","0","0"
"POINT (11.528469043999999 48.218015686999998)","Unfall 136399 (2016) Kat:3, Licht: 0","136399","3","3","5","05","19","2","","0","0","1","0","0"
"POINT (11.548652553000000 48.113387095000000)","Unfall 136400 (2016) Kat:3, Licht: 0","136400","3","6","2","05","09","3","","0","0","1","0","0"
"POINT (11.530380556000001 48.131477535000002)","Unfall 136401 (2016) Kat:3, Licht: 0","136401","3","7","0","05","15","3","","0","1","0","0","0"
"POINT (11.412815367000000 48.137475260000002)","Unfall 136405 (2016) Kat:3, Licht: 0","136405","3","3","5","05","13","2","","0","0","1","0","0"
"POINT (11.577241990999999 48.133433347000000)","Unfall 136407 (2016) Kat:3, Licht: 0","136407","3","7","0","05","14","4","","0","0","0","0","0"
"POINT (11.558637081000001 48.137368090000002)","Unfall 136409 (2016) Kat:3, Licht: 0","136409","3","2","3","05","09","2","","0","1","1","0","1"
"POINT (11.562350933999999 48.157505768000000)","Unfall 136411 (2016) Kat:3, Licht: 0","136411","3","5","0","05","08","4","","0","1","1","0","0"
"POINT (11.502301430999999 48.191561866999997)","Unfall 136413 (2016) Kat:3, Licht: 0","136413","3","3","5","05","12","2","","0","0","1","0","1"
"POINT (11.566640005000000 48.159343098000001)","Unfall 136414 (2016) Kat:3, Licht: 0","136414","3","3","5","05","17","3","","0","1","1","0","0"
"POINT (11.581630332000000 48.123649980000003)","Unfall 136418 (2016) Kat:3, Licht: 0","136418","3","3","5","05","14","2","","0","1","1","0","0"
"POINT (11.568596395000000 48.144753880000003)","Unfall 136423 (2016) Kat:3, Licht: 0","136423","3","3","3","05","17","3","","0","1","1","0","0"
"POINT (11.638076997000001 48.173653541999997)","Unfall 136436 (2016) Kat:3, Licht: 2","136436","3","7","1","05","23","4","","2","0","1","0","0"
"POINT (11.539251261000000 48.125397450999998)","Unfall 136438 (2016) Kat:3, Licht: 0","136438","3","7","5","05","09","2","","0","0","0","0","1"
"POINT (11.578574756000000 48.116001425000000)","Unfall 136443 (2016) Kat:3, Licht: 0","136443","3","2","5","05","14","2","","0","1","1","0","0"
"POINT (11.566360533999999 48.133954500000002)","Unfall 136453 (2016) Kat:3, Licht: 0","136453","3","4","6","05","07","2","","0","0","1","1","0"
"POINT (11.528627490000000 48.116733578999998)","Unfall 136457 (2016) Kat:3, Licht: 0","136457","3","2","2","05","08","3","","0","0","1","0","1"
"POINT (11.560941623000000 48.140202905000002)","Unfall 136462 (2016) Kat:3, Licht: 0","136462","3","7","6","05","13","2","","0","0","0","1","0"
"POINT (11.543904728999999 48.122192474999999)","Unfall 136464 (2016) Kat:3, Licht: 0","136464","3","2","4","05","19","4","","0","1","1","0","0"
"POINT (11.510851157999999 48.170413619000001)","Unfall 136470 (2016) Kat:3, Licht: 0","136470","3","6","2","05","17","2","","0","0","1","0","0"
"POINT (11.478780424000000 48.164173914999999)","Unfall 136473 (2016) Kat:3, Licht: 2","136473","3","2","3","05","21","2","","2","1","1","0","0"
"POINT (11.529167047000000 48.147313789999998)","Unfall 136475 (2016) Kat:3, Licht: 0","136475","3","7","5","05","15","4","","0","0","1","0","0"
"POINT (11.546562531999999 48.200493762999997)","Unfall 136482 (2016) Kat:3, Licht: 0","136482","3","3","5","05","09","2","","0","1","1","0","0"
"POINT (11.659588586000000 48.129557749999996)","Unfall 136502 (2016) Kat:3, Licht: 0","136502","3","7","0","05","19","2","","0","1","0","0","0"
"POINT (11.563959568000000 48.128167306999998)","Unfall 136504 (2016) Kat:3, Licht: 0","136504","3","7","3","05","12","4","","0","1","1","0","0"
"POINT (11.405606544999999 48.179602989000003)","Unfall 136509 (2016) Kat:3, Licht: 0","136509","3","5","1","05","14","4","","0","1","1","0","0"
"POINT (11.549729637000000 48.137286891999999)","Unfall 136511 (2016) Kat:3, Licht: 0","136511","3","6","2","05","17","2","","0","0","1","0","1"
"POINT (11.579779619000000 48.123127013000001)","Unfall 136512 (2016) Kat:3, Licht: 0","136512","3","3","5","05","15","3","","0","0","1","0","1"
"POINT (11.558534158000001 48.132838157000002)","Unfall 136517 (2016) Kat:3, Licht: 0","136517","3","2","5","05","12","2","","0","1","1","0","0"
"POINT (11.497269346000000 48.121189569999999)","Unfall 136519 (2016) Kat:3, Licht: 0","136519","3","7","0","05","15","4","","0","1","0","0","0"
"POINT (11.409377537999999 48.186629506000003)","Unfall 136534 (2016) Kat:3, Licht: 1","136534","3","7","0","05","20","5","","1","0","0","0","1"
"POINT (11.510332615999999 48.199469313999998)","Unfall 136550 (2016) Kat:3, Licht: 0","136550","3","7","2","05","18","5","","0","0","1","1","0"
"POINT (11.589486730999999 48.166996902999998)","Unfall 136568 (2016) Kat:2, Licht: 0","136568","2","7","3","05","12","7","","0","0","1","0","1"
"POINT (11.587003094000000 48.134192564000003)","Unfall 136575 (2016) Kat:3, Licht: 0","136575","3","3","5","05","14","7","","0","0","1","0","0"
"POINT (11.568036311000000 48.147604612999999)","Unfall 136576 (2016) Kat:2, Licht: 0","136576","2","7","0","05","19","5","","0","1","0","0","0"
"POINT (11.577368032000001 48.160164664000000)","Unfall 136579 (2016) Kat:3, Licht: 0","136579","3","2","4","05","15","7","","0","0","1","0","1"
"POINT (11.549244094000001 48.170103560000001)","Unfall 136582 (2016) Kat:3, Licht: 0","136582","3","1","4","05","13","6","","0","1","0","0","0"
"POINT (11.584781898999999 48.132221618000003)","Unfall 136588 (2016) Kat:3, Licht: 2","136588","3","2","6","05","22","5","","2","0","1","1","0"
"POINT (11.605758890000001 48.103128140000003)","Unfall 136589 (2016) Kat:3, Licht: 0","136589","3","2","4","05","13","6","","0","0","1","0","0"
"POINT (11.556152376000000 48.142070212999997)","Unfall 136597 (2016) Kat:3, Licht: 0","136597","3","2","4","05","14","6","","0","0","1","0","0"
"POINT (11.610956803000001 48.199733500999997)","Unfall 136601 (2016) Kat:3, Licht: 0","136601","3","6","1","05","12","7","","0","0","1","0","0"
"POINT (11.587059850999999 48.134248110999998)","Unfall 136603 (2016) Kat:3, Licht: 0","136603","3","3","5","05","11","5","","0","0","1","0","1"
"POINT (11.586943031000001 48.135390780000002)","Unfall 136606 (2016) Kat:3, Licht: 0","136606","3","6","2","05","14","6","","0","0","1","0","0"
"POINT (11.455340424999999 48.164005893999999)","Unfall 136612 (2016) Kat:3, Licht: 2","136612","3","7","8","05","23","7","","2","1","0","0","0"
"POINT (11.460246109000000 48.148012422999997)","Unfall 136615 (2016) Kat:3, Licht: 0","136615","3","3","5","05","12","7","","0","0","1","0","1"
"POINT (11.494655631000001 48.084340441000002)","Unfall 136617 (2016) Kat:2, Licht: 0","136617","2","7","0","05","17","7","","0","1","0","0","0"
"POINT (11.539002245000001 48.119903462000003)","Unfall 136621 (2016) Kat:3, Licht: 0","136621","3","7","0","05","09","6","","0","1","0","0","0"
"POINT (11.507507280000000 48.141631654000001)","Unfall 136625 (2016) Kat:3, Licht: 0","136625","3","4","6","05","17","1","","0","0","1","1","0"
"POINT (11.585829723000000 48.171692166000000)","Unfall 136628 (2016) Kat:2, Licht: 0","136628","2","4","6","05","10","6","","0","0","0","1","0"
"POINT (11.608210514000000 48.150904691999997)","Unfall 136635 (2016) Kat:3, Licht: 0","136635","3","3","5","05","16","7","","0","0","1","0","0"
"POINT (11.556115534000000 48.141980646999997)","Unfall 136636 (2016) Kat:3, Licht: 0","136636","3","7","0","05","08","5","","0","0","1","0","0"
"POINT (11.583136282000000 48.182533708999998)","Unfall 136639 (2016) Kat:3, Licht: 0","136639","3","6","0","05","07","6","","0","1","1","0","0"
"POINT (11.679988045000000 48.132916637000001)","Unfall 136645 (2016) Kat:3, Licht: 0","136645","3","2","5","05","17","5","","0","0","1","0","1"
"POINT (11.568169351000000 48.204979170999998)","Unfall 136649 (2016) Kat:3, Licht: 2","136649","3","3","5","05","23","5","","2","1","1","0","0"
"POINT (11.670985220000000 48.109279561999998)","Unfall 136650 (2016) Kat:1, Licht: 0","136650","1","4","6","05","16","6","","0","0","1","1","0"
"POINT (11.596877683000001 48.137551649999999)","Unfall 136655 (2016) Kat:3, Licht: 0","136655","3","7","4","05","13","1","","0","0","1","0","1"
"POINT (11.584569353999999 48.144126272000001)","Unfall 136656 (2016) Kat:3, Licht: 0","136656","3","3","5","05","13","7","","0","1","0","0","0"
"POINT (11.556247169000001 48.142129220999998)","Unfall 136658 (2016) Kat:3, Licht: 2","136658","3","3","5","05","00","7","","2","0","1","0","0"
"POINT (11.631771322000001 48.130623235999998)","Unfall 136662 (2016) Kat:3, Licht: 0","136662","3","2","3","05","18","6","","0","1","1","0","0"
"POINT (11.553004706999999 48.144957054000002)","Unfall 136664 (2016) Kat:2, Licht: 0","136664","2","6","3","05","15","6","","0","0","1","0","1"
"POINT (11.526177363000000 48.126099881999998)","Unfall 136668 (2016) Kat:3, Licht: 0","136668","3","7","0","05","11","7","","0","0","0","0","1"
"POINT (11.549555221000000 48.139013175999999)","Unfall 136672 (2016) Kat:3, Licht: 0","136672","3","7","0","05","18","6","","0","0","1","0","1"