WKT,Name,OBJECTID,UKATEGORIE,UTYP1,UART,UMONAT,USTUNDE,UWOCHENTAG,STRZUSTAND,ULICHTVERH,ISTRAD,ISTPKW,ISTFUSS,ISTKRAD
"POINT (11.590957677000000 48.142567829000001)","Unfall 136676 (2016) Kat:3, Licht: 2","136676","3","7","0","05","02","1","","2","1","0","0","0"
"POINT (11.576295521000000 48.127915641000001)","Unfall 136677 (2016) Kat:3, Licht: 0","136677","3","6","2","05","15","7","","0","0","1","0","0"
"POINT (11.546994170000000 48.139304201000002)","Unfall 136680 (2016) Kat:3, Licht: 0","136680","3","7","5","05","08","7","","0","0","1","0","1"
"POINT (11.568321188000001 48.140980646000003)","Unfall 136687 (2016) Kat:3, Licht: 0","136687","3","7","5","05","17","7","","0","1","1","0","0"
"POINT (11.417881198000000 48.179538051000002)","Unfall 136698 (2016) Kat:3, Licht: 0","136698","3","3","5","05","18","5","","0","0","1","0","1"
"POINT (11.668606475000001 48.122705963000001)","Unfall 136704 (2016) Kat:3, Licht: 0","136704","3","3","5","05","17","1","","0","0","1","0","1"
"POINT (11.520282220000000 48.150309927999999)","Unfall 136714 (2016) Kat:3, Licht: 0","136714","3","4","6","05","14","5","","0","0","1","1","0"
"POINT (11.638774048000000 48.100136823000000)","Unfall 136732 (2016) Kat:3, Licht: 0","136732","3","1","5","05","14","1","","0","1","0","0","0"
"POINT (11.494590092999999 48.178051082000003)","Unfall 136742 (2016) Kat:3, Licht: 0","136742","3","5","1","05","19","1","","0","0","1","0","1"
"POINT (11.642178310000000 48.158758050000003)","Unfall 136756 (2016) Kat:2, Licht: 0","136756","2","7","0","05","17","5","","0","1","0","0","0"
"POINT (11.597615990000000 48.132320444000001)","Unfall 136765 (2016) Kat:3, Licht: 0","136765","3","7","0","05","14","5","","0","1","0","0","0"
"POINT (11.517658877000001 48.218242674000003)","Unfall 136773 (2016) Kat:3, Licht: 0","136773","3","3","5","05","12","1","","0","1","1","0","0"
"POINT (11.505231201999999 48.210842855000003)","Unfall 136777 (2016) Kat:3, Licht: 0","136777","3","7","6","05","14","1","","0","1","0","1","0"
"POINT (11.621081110000000 48.191606083000003)","Unfall 136807 (2016) Kat:3, Licht: 0","136807","3","7","0","05","08","4","","0","0","1","0","1"
"POINT (11.604177728000000 48.179355606999998)","Unfall 136810 (2016) Kat:3, Licht: 0","136810","3","7","0","05","10","4","","0","1","0","0","0"
"POINT (11.488121850000001 48.162769902000001)","Unfall 136815 (2016) Kat:3, Licht: 0","136815","3","3","4","05","10","4","","0","1","0","0","0"
"POINT (11.561942024000000 48.161215878000000)","Unfall 136823 (2016) Kat:3, Licht: 0","136823","3","2","5","05","18","4","","0","1","1","0","0"
"POINT (11.505610776999999 48.098611279000004)","Unfall 136834 (2016) Kat:3, Licht: 0","136834","3","7","0","05","10","4","","0","0","1","0","0"
"POINT (11.577213785000000 48.124204403000000)","Unfall 136838 (2016) Kat:3, Licht: 0","136838","3","3","5","05","18","3","","0","0","1","0","0"
"POINT (11.616066306000000 48.146767906999997)","Unfall 136842 (2016) Kat:3, Licht: 0","136842","3","6","2","05","07","4","","0","0","1","0","0"
"POINT (11.555267789000000 48.139168570000002)","Unfall 136846 (2016) Kat:3, Licht: 0","136846","3","6","3","05","14","4","","0","0","1","0","0"
"POINT (11.592130075000000 48.110807629000000)","Unfall 136850 (2016) Kat:3, Licht: 0","136850","3","7","0","05","17","3","","0","1","0","1","0"
"POINT (11.562628918000000 48.137404916000001)","Unfall 136857 (2016) Kat:3, Licht: 0","136857","3","3","0","05","18","3","","0","0","1","0","1"
"POINT (11.505631503000000 48.094295058999997)","Unfall 136864 (2016) Kat:3, Licht: 0","136864","3","2","2","05","12","3","","0","0","1","0","1"
"POINT (11.570371100999999 48.125471609999998)","Unfall 136867 (2016) Kat:3, Licht: 0","136867","3","6","2","05","17","4","","0","0","1","0","0"
"POINT (11.541260449999999 48.139657614999997)","Unfall 136872 (2016) Kat:3, Licht: 0","136872","3","7","0","05","14","3","","0","1","0","0","0"
"POINT (11.563824143000000 48.162452213999998)","Unfall 136877 (2016) Kat:3, Licht: 0","136877","3","5","0","05","16","4","","0","1","1","0","0"
"POINT (11.564326959000001 48.146629296000000)","Unfall 136880 (2016) Kat:3, Licht: 2","136880","3","7","0","05","21","4","","2","1","0","0","0"
"POINT (11.563284539000000 48.208802233000000)","Unfall 136882 (2016) Kat:3, Licht: 0","136882","3","2","5","05","05","2","","0","0","1","0","0"
"POINT (11.566094611000000 48.140601488000001)","Unfall 136883 (2016) Kat:3, Licht: 2","136883","3","1","0","05","21","4","","2","1","0","0","0"
"POINT (11.567496739999999 48.209138910999997)","Unfall 136887 (2016) Kat:2, Licht: 0","136887","2","2","6","05","12","3","","0","0","0","1","0"
"POINT (11.458890622000000 48.164663142000002)","Unfall 136890 (2016) Kat:2, Licht: 0","136890","2","6","2","05","18","2","","0","0","1","0","1"
"POINT (11.464955440000001 48.193428167000000)","Unfall 136897 (2016) Kat:3, Licht: 0","136897","3","3","5","05","19","3","","0","1","1","0","0"
"POINT (11.408664792000000 48.160813976000000)","Unfall 136900 (2016) Kat:3, Licht: 0","136900","3","3","5","05","08","2","","0","0","1","0","1"
"POINT (11.535521425000001 48.177446766000003)","Unfall 136906 (2016) Kat:3, Licht: 0","136906","3","3","5","05","16","3","","0","0","1","0","1"
"POINT (11.579114431000001 48.136004126000003)","Unfall 136909 (2016) Kat:3, Licht: 0","136909","3","2","5","05","16","2","","0","1","1","0","0"
"POINT (11.533289524000001 48.153029140000001)","Unfall 136914 (2016) Kat:3, Licht: 1","136914","3","2","4","05","20","2","","1","0","1","0","0"
"POINT (11.502610968000001 48.126016696000001)","Unfall 136916 (2016) Kat:3, Licht: 0","136916","3","3","5","05","21","3","","0","0","1","0","0"
"POINT (11.581075962000000 48.124329744000001)","Unfall 136922 (2016) Kat:2, Licht: 0","136922","2","4","6","05","19","2","","0","1","0","1","0"
"POINT (11.577879426000001 48.113585667000002)","Unfall 136927 (2016) Kat:3, Licht: 0","136927","3","3","5","05","08","3","","0","0","1","0","1"
"POINT (11.581804363000000 48.125077924999999)","Unfall 136929 (2016) Kat:3, Licht: 0","136929","3","6","5","05","07","3","","0","0","1","0","0"
"POINT (11.582233724000000 48.186851851000000)","Unfall 136935 (2016) Kat:3, Licht: 0","136935","3","2","5","05","17","2","","0","1","1","0","0"
"POINT (11.613002604000000 48.136626305000000)","Unfall 136938 (2016) Kat:3, Licht: 0","136938","3","3","5","05","17","3","","0","1","1","0","0"
"POINT (11.530352960000000 48.176364435000004)","Unfall 136944 (2016) Kat:3, Licht: 0","136944","3","6","2","05","13","2","","0","0","1","0","0"
"POINT (11.523844134999999 48.168734759000003)","Unfall 136947 (2016) Kat:3, Licht: 0","136947","3","3","5","05","13","2","","0","0","1","0","1"
"POINT (11.577301895000000 48.145276113999998)","Unfall 136949 (2016) Kat:3, Licht: 0","136949","3","7","6","05","17","3","","0","0","1","1","0"
"POINT (11.528224815000000 48.165341957999999)","Unfall 136952 (2016) Kat:3, Licht: 0","136952","3","3","5","05","11","2","","0","1","1","0","0"
"POINT (11.563512892000000 48.149989540999997)","Unfall 136956 (2016) Kat:3, Licht: 0","136956","3","2","5","05","08","3","","0","1","1","0","0"
"POINT (11.585148014000000 48.134336523000002)","Unfall 136960 (2016) Kat:3, Licht: 0","136960","3","3","5","05","13","3","","0","1","1","0","0"
"POINT (11.502662556000001 48.164543498999997)","Unfall 136964 (2016) Kat:3, Licht: 0","136964","3","2","4","05","07","2","","0","0","1","0","0"
"POINT (11.429751421000001 48.174420636000001)","Unfall 136972 (2016) Kat:3, Licht: 0","136972","3","2","4","05","10","2","","0","1","1","0","0"
"POINT (11.642601700000000 48.103893968000001)","Unfall 136975 (2016) Kat:3, Licht: 0","136975","3","6","3","05","10","4","","0","1","0","0","0"
"POINT (11.606428402000001 48.202832278000002)","Unfall 136976 (2016) Kat:3, Licht: 0","136976","3","3","5","05","10","2","","0","1","1","0","0"
"POINT (11.705505117000000 48.132396558000003)","Unfall 136997 (2016) Kat:3, Licht: 0","136997","3","4","6","05","07","2","","0","0","1","1","0"
"POINT (11.583210572000000 48.154349506000003)","Unfall 137003 (2016) Kat:3, Licht: 0","137003","3","2","5","05","12","4","","0","1","1","0","0"
"POINT (11.669091676000001 48.139878873999997)","Unfall 137004 (2016) Kat:3, Licht: 0","137004","3","6","2","05","14","2","","0","0","1","0","0"
"POINT (11.582952470000000 48.157576097000003)","Unfall 137006 (2016) Kat:2, Licht: 0","137006","2","1","0","05","15","4","","0","1","0","0","0"
"POINT (11.630516090000000 48.100843214000001)","Unfall 137007 (2016) Kat:3, Licht: 0","137007","3","7","1","05","09","2","","0","1","1","0","0"
"POINT (11.594076912000000 48.115087449999997)","Unfall 137016 (2016) Kat:3, Licht: 0","137016","3","3","6","05","16","4","","0","0","1","1","0"
"POINT (11.604597127000000 48.105724301999999)","Unfall 137017 (2016) Kat:3, Licht: 1","137017","3","3","1","05","19","2","","1","1","1","0","0"
"POINT (11.569716755000000 48.119530150000003)","Unfall 137028 (2016) Kat:3, Licht: 2","137028","3","3","5","05","21","2","","2","1","1","0","0"
"POINT (11.641304247000001 48.138648158999999)","Unfall 137038 (2016) Kat:3, Licht: 0","137038","3","3","5","05","18","2","","0","0","0","0","1"
"POINT (11.566504669000000 48.131545318999997)","Unfall 137047 (2016) Kat:3, Licht: 0","137047","3","5","1","05","08","2","","0","1","1","0","0"
"POINT (11.508005372000000 48.097782977999998)","Unfall 137052 (2016) Kat:3, Licht: 0","137052","3","2","2","05","07","4","","0","0","1","0","0"
"POINT (11.573995479000001 48.167143944999999)","Unfall 137053 (2016) Kat:3, Licht: 0","137053","3","2","5","05","18","2","","0","0","1","0","1"
"POINT (11.593050874999999 48.122824571999999)","Unfall 137063 (2016) Kat:2, Licht: 0","137063","2","4","6","05","18","4","","0","0","1","1","0"
"POINT (11.560958866000000 48.140317265000000)","Unfall 137067 (2016) Kat:3, Licht: 2","137067","3","7","3","05","21","7","","2","1","1","0","0"
"POINT (11.575948854000000 48.150287712000001)","Unfall 137069 (2016) Kat:3, Licht: 0","137069","3","2","5","05","15","3","","0","1","1","0","0"
"POINT (11.526255795999999 48.131732648000003)","Unfall 137071 (2016) Kat:3, Licht: 0","137071","3","1","8","05","19","7","","0","0","1","0","0"
"POINT (11.554135352999999 48.180610518999998)","Unfall 137074 (2016) Kat:3, Licht: 0","137074","3","1","8","05","09","3","","0","1","0","0","0"
"POINT (11.502400860000000 48.112199869000001)","Unfall 137087 (2016) Kat:3, Licht: 2","137087","3","7","5","05","21","7","","2","0","1","0","0"
"POINT (11.564279549000000 48.128106090999999)","Unfall 137090 (2016) Kat:3, Licht: 0","137090","3","2","3","05","09","3","","0","1","0","0","0"
"POINT (11.513571797000001 48.097633375999997)","Unfall 137096 (2016) Kat:3, Licht: 0","137096","3","6","1","05","15","7","","0","0","1","0","0"
"POINT (11.566249031000000 48.133171771999997)","Unfall 137098 (2016) Kat:3, Licht: 0","137098","3","6","3","05","08","3","","0","1","1","0","0"
"POINT (11.663774171000000 48.118015653999997)","Unfall 137099 (2016) Kat:3, Licht: 0","137099","3","3","0","05","09","7","","0","1","1","0","0"
"POINT (11.537105657000000 48.166778854999997)","Unfall 137121 (2016) Kat:3, Licht: 0","137121","3","3","5","05","19","3","","0","1","1","0","0"
"POINT (11.599873654000000 48.125574047999997)","Unfall 137130 (2016) Kat:2, Licht: 0","137130","2","6","3","05","16","3","","0","0","1","0","1"
"POINT (11.594671611000001 48.170945678999999)","Unfall 137135 (2016) Kat:3, Licht: 0","137135","3","2","6","05","15","3","","0","0","1","1","0"
"POINT (11.563051391000000 48.222422903999998)","Unfall 137145 (2016) Kat:3, Licht: 0","137145","3","2","6","05","12","3","","0","0","1","1","0"
"POINT (11.615471153000000 48.142486558999998)","Unfall 137159 (2016) Kat:3, Licht: 0","137159","3","2","3","05","06","6","","0","1","1","0","0"
"POINT (11.560133079000000 48.132974466000000)","Unfall 137167 (2016) Kat:3, Licht: 0","137167","3","4","6","05","10","6","","0","0","1","1","0"
"POINT (11.547654402999999 48.123790733000000)","Unfall 137170 (2016) Kat:3, Licht: 0","137170","3","6","3","05","19","6","","0","0","1","0","0"
"POINT (11.629774762000000 48.165163251999999)","Unfall 137177 (2016) Kat:3, Licht: 0","137177","3","2","3","05","10","6","","0","1","0","0","0"
"POINT (11.556020089000000 48.210068941000003)","Unfall 137179 (2016) Kat:3, Licht: 0","137179","3","4","6","05","14","3","","0","0","1","1","0"
"POINT (11.597861714000000 48.135391984000002)","Unfall 137190 (2016) Kat:3, Licht: 0","137190","3","5","1","05","15","6","","0","1","1","0","0"
"POINT (11.654959726000000 48.126194941999998)","Unfall 137191 (2016) Kat:3, Licht: 0","137191","3","6","1","05","09","3","","0","0","1","0","0"
"POINT (11.464216762000000 48.189288603000001)","Unfall 137201 (2016) Kat:3, Licht: 0","137201","3","2","6","05","14","6","","0","0","1","1","0"
"POINT (11.498408989000000 48.131633872000002)","Unfall 137204 (2016) Kat:3, Licht: 0","137204","3","6","2","05","15","6","","0","0","1","0","0"
"POINT (11.565159475000000 48.167868005000003)","Unfall 137205 (2016) Kat:3, Licht: 0","137205","3","4","6","05","08","3","","0","0","1","1","0"
"POINT (11.591968292000001 48.183051962999997)","Unfall 137207 (2016) Kat:3, Licht: 0","137207","3","7","1","05","16","5","","0","1","1","0","0"
"POINT (11.545062421000001 48.144333985000003)","Unfall 137212 (2016) Kat:3, Licht: 2","137212","3","6","2","05","22","6","","2","0","1","0","0"
"POINT (11.607345155999999 48.139071373999997)","Unfall 137217 (2016) Kat:3, Licht: 0","137217","3","6","4","05","18","5","","0","1","0","0","0"
"POINT (11.586254391000001 48.163337327999997)","Unfall 137220 (2016) Kat:3, Licht: 0","137220","3","2","3","05","10","5","","0","1","0","0","0"
"POINT (11.560963213000001 48.137405440000002)","Unfall 137222 (2016) Kat:3, Licht: 2","137222","3","4","6","05","01","1","","2","0","1","1","0"
"POINT (11.564386913000000 48.151403987999998)","Unfall 137224 (2016) Kat:3, Licht: 0","137224","3","7","6","05","10","6","","0","1","0","1","0"
"POINT (11.526403039000000 48.076251786999997)","Unfall 137228 (2016) Kat:3, Licht: 0","137228","3","6","2","05","06","5","","0","1","1","0","0"
"POINT (11.457853103000000 48.143515702000002)","Unfall 137232 (2016) Kat:3, Licht: 0","137232","3","6","2","05","18","6","","0","0","1","0","0"
"POINT (11.540570880000001 48.125301882000002)","Unfall 137233 (2016) Kat:3, Licht: 0","137233","3","2","5","05","14","1","","0","1","1","0","0"
"POINT (11.577839899000001 48.143170456999997)","Unfall 137235 (2016) Kat:3, Licht: 0","137235","3","6","2","05","17","3","","0","0","1","0","0"
"POINT (11.537337459000000 48.151674544000002)","Unfall 137236 (2016) Kat:3, Licht: 0","137236","3","2","4","05","09","6","","0","1","1","0","1"
"POINT (11.502601737999999 48.120051590999999)","Unfall 137242 (2016) Kat:3, Licht: 0","137242","3","6","1","05","14","6","","0","0","1","0","0"
"POINT (11.567150445999999 48.127188848000003)","Unfall 137243 (2016) Kat:3, Licht: 1","137243","3","7","4","05","19","3","","1","1","1","0","0"
"POINT (11.512462167000001 48.180570775000000)","Unfall 137248 (2016) Kat:3, Licht: 0","137248","3","7","0","05","11","3","","0","0","0","0","1"
"POINT (11.407118146000000 48.178956032999999)","Unfall 137252 (2016) Kat:3, Licht: 0","137252","3","7","1","05","11","5","","0","0","1","0","0"
"POINT (11.533079209000000 48.124608027999997)","Unfall 137254 (2016) Kat:3, Licht: 0","137254","3","6","1","05","12","1","","0","1","1","0","0"
"POINT (11.484044678000000 48.116803701999999)","Unfall 137257 (2016) Kat:3, Licht: 0","137257","3","3","5","05","13","6","","0","0","1","0","0"
"POINT (11.672310582000000 48.126268031999999)","Unfall 137258 (2016) Kat:3, Licht: 0","137258","3","5","1","05","12","3","","0","0","1","0","0"
"POINT (11.517737079000000 48.111160175000002)","Unfall 137260 (2016) Kat:3, Licht: 0","137260","3","4","0","05","11","5","","0","0","0","1","0"
"POINT (11.582755608999999 48.153650327999998)","Unfall 137262 (2016) Kat:3, Licht: 0","137262","3","5","0","05","12","1","","0","1","1","0","0"
"POINT (11.567311926000000 48.141114494000000)","Unfall 137265 (2016) Kat:3, Licht: 0","137265","3","7","1","05","12","5","","0","0","1","1","0"
"POINT (11.557859103000000 48.151024352000000)","Unfall 137273 (2016) Kat:3, Licht: 0","137273","3","2","6","05","12","5","","0","0","1","1","0"
"POINT (11.561638795000000 48.095562043000001)","Unfall 137276 (2016) Kat:3, Licht: 0","137276","3","3","5","05","16","6","","0","1","1","0","0"
"POINT (11.584949973000001 48.158303410000002)","Unfall 137279 (2016) Kat:3, Licht: 0","137279","3","4","6","05","13","6","","0","0","1","1","0"
"POINT (11.565444710000000 48.150783975000003)","Unfall 137285 (2016) Kat:3, Licht: 0","137285","3","2","3","05","13","6","","0","0","1","0","1"
"POINT (11.621771792000001 48.100943047999998)","Unfall 137288 (2016) Kat:3, Licht: 0","137288","3","7","0","05","09","3","","0","0","0","0","1"
"POINT (11.564222715000000 48.128028618000002)","Unfall 137289 (2016) Kat:3, Licht: 0","137289","3","3","5","05","19","6","","0","0","1","0","1"
"POINT (11.650692685999999 48.123318791000003)","Unfall 137292 (2016) Kat:3, Licht: 0","137292","3","7","5","05","20","5","","0","1","0","0","0"
"POINT (11.569294459000000 48.131107573999998)","Unfall 137300 (2016) Kat:3, Licht: 0","137300","3","5","1","05","16","6","","0","1","1","0","0"
"POINT (11.603152406000000 48.112166061000003)","Unfall 137301 (2016) Kat:2, Licht: 2","137301","2","7","0","05","21","3","","2","1","0","0","0"
"POINT (11.628073041000000 48.092331506000001)","Unfall 137304 (2016) Kat:3, Licht: 0","137304","3","3","5","05","13","5","","0","0","1","0","0"
"POINT (11.526052735000000 48.117075669000002)","Unfall 137309 (2016) Kat:3, Licht: 0","137309","3","2","6","05","12","3","","0","0","1","1","0"
"POINT (11.597078331000001 48.123746578000002)","Unfall 137311 (2016) Kat:3, Licht: 0","137311","3","7","0","05","18","3","","0","1","0","0","0"
"POINT (11.579751537000000 48.125264362000003)","Unfall 137314 (2016) Kat:3, Licht: 2","137314","3","7","0","05","00","2","","2","1","0","0","0"
"POINT (11.590211759000001 48.166650304000001)","Unfall 137317 (2016) Kat:3, Licht: 2","137317","3","3","5","05","23","3","","2","0","1","0","0"
"POINT (11.590329489000000 48.192795562000001)","Unfall 137319 (2016) Kat:3, Licht: 0","137319","3","3","5","05","13","2","","0","0","1","0","0"
"POINT (11.578552695000001 48.185567601999999)","Unfall 137323 (2016) Kat:3, Licht: 0","137323","3","7","6","05","15","7","","0","0","1","1","0"
"POINT (11.584266420000001 48.132702682000001)","Unfall 137329 (2016) Kat:3, Licht: 0","137329","3","7","6","05","18","2","","0","0","1","1","0"
"POINT (11.533381127000000 48.106526703999997)","Unfall 137332 (2016) Kat:3, Licht: 0","137332","3","2","5","05","11","7","","0","1","1","0","0"
"POINT (11.574965694999999 48.184356784000002)","Unfall 137334 (2016) Kat:3, Licht: 0","137334","3","3","5","05","12","7","","0","0","1","0","0"
"POINT (11.529607049999999 48.176469974000000)","Unfall 137338 (2016) Kat:3, Licht: 0","137338","3","6","1","05","12","2","","0","0","1","0","0"
"POINT (11.550611732000000 48.111451723999998)","Unfall 137342 (2016) Kat:2, Licht: 0","137342","2","7","0","05","13","7","","0","1","0","0","0"
"POINT (11.503046441000000 48.135720055000000)","Unfall 137348 (2016) Kat:3, Licht: 0","137348","3","6","0","05","14","4","","0","0","1","0","0"
"POINT (11.529138313000001 48.176779559000003)","Unfall 137349 (2016) Kat:3, Licht: 0","137349","3","6","2","05","11","4","","0","0","1","0","0"
"POINT (11.577102638000000 48.118991706000003)","Unfall 137352 (2016) Kat:3, Licht: 0","137352","3","4","0","05","09","4","","0","1","0","1","0"
"POINT (11.533602130000000 48.116763820999999)","Unfall 137357 (2016) Kat:3, Licht: 0","137357","3","2","5","05","15","4","","0","1","1","0","0"
"POINT (11.567827815999999 48.132597205000003)","Unfall 137371 (2016) Kat:3, Licht: 0","137371","3","1","0","05","15","7","","0","1","1","0","0"
"POINT (11.589129549000001 48.137270524999998)","Unfall 137381 (2016) Kat:3, Licht: 1","137381","3","6","5","05","20","7","","1","1","1","0","0"
"POINT (11.564026359000000 48.146155139999998)","Unfall 137402 (2016) Kat:3, Licht: 2","137402","3","7","0","05","23","4","","2","0","0","0","1"
"POINT (11.474557387999999 48.128206337999998)","Unfall 137407 (2016) Kat:3, Licht: 2","137407","3","1","7","05","02","7","","2","0","1","0","0"
"POINT (11.539339067000000 48.155145210000001)","Unfall 137408 (2016) Kat:3, Licht: 2","137408","3","7","8","05","23","4","","2","0","1","0","0"
"POINT (11.617530671000001 48.106926319999999)","Unfall 137418 (2016) Kat:3, Licht: 0","137418","3","4","6","05","11","7","","0","0","1","1","0"
"POINT (11.529128185999999 48.099844746999999)","Unfall 137441 (2016) Kat:3, Licht: 0","137441","3","2","5","05","16","5","","0","0","1","0","0"
"POINT (11.528125063999999 48.172109085999999)","Unfall 137450 (2016) Kat:3, Licht: 0","137450","3","6","0","05","12","7","","0","1","1","0","0"
"POINT (11.562308872999999 48.212690926999997)","Unfall 137451 (2016) Kat:3, Licht: 0","137451","3","6","3","05","18","4","","0","0","1","0","0"
"POINT (11.646298206000001 48.106634487999997)","Unfall 137462 (2016) Kat:3, Licht: 0","137462","3","4","6","05","14","5","","0","0","1","1","0"
"POINT (11.611751839000000 48.136758909999998)","Unfall 137463 (2016) Kat:3, Licht: 0","137463","3","2","3","05","15","7","","0","1","1","0","0"
"POINT (11.556783069000000 48.149633530000003)","Unfall 137464 (2016) Kat:3, Licht: 0","137464","3","4","6","05","14","4","","0","0","1","1","0"
"POINT (11.472040049000000 48.110809797000002)","Unfall 137471 (2016) Kat:3, Licht: 0","137471","3","4","6","05","13","6","","0","0","1","1","0"
"POINT (11.609230375999999 48.195721610000000)","Unfall 137473 (2016) Kat:3, Licht: 0","137473","3","2","5","05","10","5","","0","0","1","0","1"
"POINT (11.573049188000001 48.182247728000000)","Unfall 137476 (2016) Kat:3, Licht: 0","137476","3","6","2","05","17","5","","0","0","1","0","0"
"POINT (11.582667236000001 48.125822638999999)","Unfall 137481 (2016) Kat:3, Licht: 2","137481","3","1","0","05","22","6","","2","1","0","0","0"
"POINT (11.594337560000000 48.111306624000001)","Unfall 137482 (2016) Kat:2, Licht: 0","137482","2","4","0","05","14","6","","0","1","0","1","0"
"POINT (11.662458880000001 48.134233230000000)","Unfall 137484 (2016) Kat:3, Licht: 0","137484","3","5","1","05","15","5","","0","0","1","0","1"
"POINT (11.477539706000000 48.154683175999999)","Unfall 137493 (2016) Kat:3, Licht: 0","137493","3","6","4","05","13","6","","0","0","1","0","0"
"POINT (11.554056623999999 48.127396943999997)","Unfall 137495 (2016) Kat:3, Licht: 0","137495","3","2","6","05","10","5","","0","0","1","1","0"
"POINT (11.561128502000001 48.141417152999999)","Unfall 137503 (2016) Kat:3, Licht: 0","137503","3","7","1","05","15","5","","0","0","1","0","0"
"POINT (11.503028487000000 48.139561202000003)","Unfall 137504 (2016) Kat:2, Licht: 2","137504","2","7","5","05","21","6","","2","0","1","0","0"
"POINT (11.544897924000001 48.127989571000001)","Unfall 137506 (2016) Kat:3, Licht: 2","137506","3","2","4","05","02","7","","2","0","1","0","0"
"POINT (11.586130137000000 48.168452500000001)","Unfall 137507 (2016) Kat:3, Licht: 0","137507","3","3","5","05","18","5","","0","0","1","0","0"
"POINT (11.573151624999999 48.181053956000000)","Unfall 137513 (2016) Kat:3, Licht: 0","137513","3","5","1","05","07","5","","0","0","1","0","1"
"POINT (11.461055644000000 48.144072930999997)","Unfall 137514 (2016) Kat:3, Licht: 0","137514","3","2","4","05","10","7","","0","1","0","0","1"
"POINT (11.632553705999999 48.124474861000003)","Unfall 137515 (2016) Kat:3, Licht: 0","137515","3","6","4","05","18","4","","0","1","1","0","0"
"POINT (11.546996797000000 48.102242416000003)","Unfall 137521 (2016) Kat:3, Licht: 0","137521","3","4","6","05","12","4","","0","0","1","1","0"
"POINT (11.565978937000001 48.187530862999999)","Unfall 137527 (2016) Kat:3, Licht: 0","137527","3","6","2","05","12","6","","0","0","1","0","0"
"POINT (11.520100441000000 48.153456278000000)","Unfall 137530 (2016) Kat:3, Licht: 0","137530","3","3","5","05","08","5","","0","1","1","0","0"
"POINT (11.460466832000000 48.148425181000000)","Unfall 137531 (2016) Kat:2, Licht: 0","137531","2","7","0","05","10","7","","0","1","0","0","0"
"POINT (11.545337800000000 48.105065371999999)","Unfall 137539 (2016) Kat:3, Licht: 0","137539","3","6","3","05","10","6","","0","1","0","0","0"
"POINT (11.533248131000001 48.099980074999998)","Unfall 137540 (2016) Kat:3, Licht: 0","137540","3","6","2","05","07","6","","0","0","1","0","0"
"POINT (11.649760598000000 48.092161177000001)","Unfall 137543 (2016) Kat:3, Licht: 0","137543","3","7","1","05","15","5","","0","0","1","0","0"
"POINT (11.699829793999999 48.116796299999997)","Unfall 137547 (2016) Kat:3, Licht: 0","137547","3","2","3","05","11","6","","0","1","1","0","0"
"POINT (11.594797356000001 48.110284905000000)","Unfall 137558 (2016) Kat:3, Licht: 0","137558","3","4","6","05","14","6","","0","0","1","1","0"
"POINT (11.465164500000000 48.146291656999999)","Unfall 137560 (2016) Kat:3, Licht: 0","137560","3","2","5","05","17","7","","0","1","1","0","0"
"POINT (11.597814111000000 48.149507858000000)","Unfall 137566 (2016) Kat:3, Licht: 0","137566","3","2","3","05","07","6","","0","1","1","0","0"
"POINT (11.508351822000000 48.097967832999998)","Unfall 137573 (2016) Kat:3, Licht: 0","137573","3","1","0","05","16","7","","0","1","0","0","0"
"POINT (11.588624878999999 48.140242542999999)","Unfall 137578 (2016) Kat:3, Licht: 0","137578","3","5","3","05","09","6","","0","1","1","0","0"
"POINT (11.587699783000000 48.137702828999998)","Unfall 137579 (2016) Kat:3, Licht: 0","137579","3","4","6","05","19","6","","0","1","0","1","0"
"POINT (11.621168552000000 48.144977697999998)","Unfall 137583 (2016) Kat:3, Licht: 0","137583","3","7","0","05","15","7","","0","1","0","1","0"
"POINT (11.614040338000001 48.114750098000002)","Unfall 137588 (2016) Kat:3, Licht: 0","137588","3","6","4","05","18","7","","0","1","0","0","0"
"POINT (11.580002113000001 48.147814152000002)","Unfall 137597 (2016) Kat:3, Licht: 0","137597","3","6","3","05","16","4","","0","1","0","0","0"
"POINT (11.562506726000001 48.143787572000001)","Unfall 137603 (2016) Kat:3, Licht: 0","137603","3","6","4","05","15","4","","0","1","0","1","0"
"POINT (11.564026359000000 48.146155139999998)","Unfall 137610 (2016) Kat:3, Licht: 0","137610","3","6","2","05","12","4","","0","0","1","0","0"
"POINT (11.557452145999999 48.219774966999999)","Unfall 137615 (2016) Kat:3, Licht: 0","137615","3","4","6","05","10","3","","0","0","1","1","0"
"POINT (11.571013506000000 48.163878924000002)","Unfall 137625 (2016) Kat:3, Licht: 0","137625","3","5","0","05","08","3","","0","0","1","1","0"
"POINT (11.592931170000000 48.110667083000003)","Unfall 137636 (2016) Kat:3, Licht: 0","137636","3","4","6","05","14","2","","0","0","0","1","1"
"POINT (11.558390000999999 48.141638387000000)","Unfall 137639 (2016) Kat:3, Licht: 0","137639","3","7","0","05","12","5","","0","1","0","0","0"
"POINT (11.509628942000001 48.182301434000003)","Unfall 137646 (2016) Kat:3, Licht: 2","137646","3","2","4","05","00","4","","2","0","1","0","0"
"POINT (11.612994465000000 48.120972766000001)","Unfall 137653 (2016) Kat:3, Licht: 0","137653","3","7","4","05","14","5","","0","0","1","0","1"