WKT,Name,OBJECTID,UKATEGORIE,UTYP1,UART,UMONAT,USTUNDE,UWOCHENTAG,STRZUSTAND,ULICHTVERH,ISTRAD,ISTPKW,ISTFUSS,ISTKRAD
"POINT (11.503079781000000 48.087399044000001)","Unfall 137658 (2016) Kat:2, Licht: 0","137658","2","3","5","05","06","3","","0","0","1","0","0"
"POINT (11.505061357000001 48.126135634999997)","Unfall 137659 (2016) Kat:3, Licht: 0","137659","3","6","1","05","14","4","","0","0","1","0","0"
"POINT (11.508151402999999 48.097977598999996)","Unfall 137663 (2016) Kat:3, Licht: 0","137663","3","6","2","05","12","3","","0","0","1","0","0"
"POINT (11.557421468999999 48.151397719000002)","Unfall 137666 (2016) Kat:3, Licht: 0","137666","3","2","5","05","19","2","","0","1","1","0","0"
"POINT (11.600076760000000 48.140712876999999)","Unfall 137667 (2016) Kat:3, Licht: 0","137667","3","3","0","05","14","3","","0","0","1","0","0"
"POINT (11.596369739000000 48.132300600000001)","Unfall 137677 (2016) Kat:3, Licht: 2","137677","3","3","5","05","02","1","","2","1","1","0","0"
"POINT (11.544351845000000 48.157868323999999)","Unfall 137682 (2016) Kat:2, Licht: 0","137682","2","6","3","05","14","1","","0","1","0","0","0"
"POINT (11.650235872000000 48.170250365999998)","Unfall 137685 (2016) Kat:3, Licht: 0","137685","3","6","3","05","19","1","","0","1","0","0","0"
"POINT (11.630380368999999 48.197784990000002)","Unfall 137689 (2016) Kat:3, Licht: 0","137689","3","7","0","05","14","1","","0","1","0","0","0"
"POINT (11.411052195000000 48.134891451999998)","Unfall 137690 (2016) Kat:2, Licht: 0","137690","2","3","5","05","13","5","","0","0","1","0","0"
"POINT (11.581808049999999 48.121804771000001)","Unfall 137699 (2016) Kat:3, Licht: 0","137699","3","7","0","05","12","4","","0","1","0","0","0"
"POINT (11.564631802999999 48.169793546999998)","Unfall 137700 (2016) Kat:3, Licht: 0","137700","3","1","0","05","10","1","","0","1","0","0","0"
"POINT (11.549811857000000 48.106800251000003)","Unfall 137701 (2016) Kat:3, Licht: 0","137701","3","2","5","05","13","5","","0","1","1","0","0"
"POINT (11.561858869000000 48.156099077000000)","Unfall 137705 (2016) Kat:3, Licht: 0","137705","3","3","5","05","14","2","","0","0","1","0","0"
"POINT (11.574784019000001 48.162154465999997)","Unfall 137707 (2016) Kat:3, Licht: 0","137707","3","5","1","05","15","3","","0","1","1","0","0"
"POINT (11.565270645000000 48.122486199000001)","Unfall 137709 (2016) Kat:3, Licht: 2","137709","3","3","5","05","23","4","","2","0","1","0","0"
"POINT (11.502347044000000 48.116291500999999)","Unfall 137712 (2016) Kat:3, Licht: 0","137712","3","3","0","05","07","4","","0","0","1","0","0"
"POINT (11.474208447000001 48.141756448999999)","Unfall 137718 (2016) Kat:3, Licht: 0","137718","3","2","5","05","12","3","","0","1","1","0","0"
"POINT (11.590148427000001 48.176846910999998)","Unfall 137721 (2016) Kat:3, Licht: 0","137721","3","3","5","05","16","1","","0","1","1","0","0"
"POINT (11.563241557000000 48.208772449000001)","Unfall 137723 (2016) Kat:3, Licht: 2","137723","3","2","5","05","02","1","","2","0","1","0","0"
"POINT (11.533693707999999 48.114515187999999)","Unfall 137726 (2016) Kat:3, Licht: 0","137726","3","3","5","05","17","3","","0","0","1","0","0"
"POINT (11.512850888999999 48.151893094999998)","Unfall 137728 (2016) Kat:3, Licht: 0","137728","3","7","0","05","20","1","","0","1","0","0","0"
"POINT (11.558631794000000 48.137080863000001)","Unfall 137736 (2016) Kat:3, Licht: 2","137736","3","3","1","05","23","1","","2","0","1","0","1"
"POINT (11.584511978000000 48.128672692000002)","Unfall 137737 (2016) Kat:3, Licht: 0","137737","3","7","0","05","18","5","","0","1","0","0","0"
"POINT (11.558086848000000 48.206971154000001)","Unfall 137742 (2016) Kat:3, Licht: 0","137742","3","3","5","05","18","5","","0","1","1","0","0"
"POINT (11.556131086000001 48.208323643999996)","Unfall 137755 (2016) Kat:3, Licht: 1","137755","3","3","5","05","20","2","","1","0","1","0","0"
"POINT (11.548804878000000 48.143608972999999)","Unfall 137756 (2016) Kat:3, Licht: 0","137756","3","3","5","05","00","3","","0","1","1","0","0"
"POINT (11.528414923000000 48.172677165000003)","Unfall 137760 (2016) Kat:3, Licht: 0","137760","3","2","5","05","15","4","","0","1","1","0","0"
"POINT (11.560049325000000 48.130183338000002)","Unfall 137765 (2016) Kat:3, Licht: 0","137765","3","3","5","05","15","3","","0","1","1","0","0"
"POINT (11.565464376000000 48.155040687000003)","Unfall 137770 (2016) Kat:3, Licht: 0","137770","3","3","5","05","10","3","","0","0","1","0","1"
"POINT (11.646434713000000 48.103811354000001)","Unfall 137791 (2016) Kat:2, Licht: 0","137791","2","2","5","05","19","5","","0","1","1","0","0"
"POINT (11.584406789000001 48.099321254000003)","Unfall 137798 (2016) Kat:3, Licht: 0","137798","3","6","2","05","17","4","","0","0","1","0","0"
"POINT (11.562619451000000 48.158353114000001)","Unfall 137800 (2016) Kat:3, Licht: 0","137800","3","7","5","05","09","4","","0","1","1","0","0"
"POINT (11.541208427999999 48.139661093000001)","Unfall 137803 (2016) Kat:3, Licht: 0","137803","3","3","0","05","20","5","","0","1","1","0","0"
"POINT (11.462750141000001 48.146534531999997)","Unfall 137808 (2016) Kat:3, Licht: 2","137808","3","4","6","05","22","3","","2","0","1","1","0"
"POINT (11.565988393000000 48.093793474000002)","Unfall 137809 (2016) Kat:3, Licht: 0","137809","3","6","0","05","19","4","","0","0","1","0","0"
"POINT (11.565045705999999 48.091003745000002)","Unfall 137818 (2016) Kat:3, Licht: 0","137818","3","6","2","05","13","2","","0","0","1","0","0"
"POINT (11.437669845000000 48.174759735000002)","Unfall 137819 (2016) Kat:3, Licht: 2","137819","3","3","5","05","22","3","","2","0","1","0","0"
"POINT (11.690846691999999 48.133458064000003)","Unfall 137829 (2016) Kat:3, Licht: 2","137829","3","6","1","05","21","3","","2","0","1","0","0"
"POINT (11.429777016999999 48.186676108000000)","Unfall 137838 (2016) Kat:3, Licht: 0","137838","3","3","5","05","15","5","","0","0","1","0","0"
"POINT (11.567619927999999 48.176783268000001)","Unfall 137849 (2016) Kat:3, Licht: 0","137849","3","2","5","05","17","4","","0","0","1","0","0"
"POINT (11.577524280000000 48.141243240000001)","Unfall 137850 (2016) Kat:3, Licht: 0","137850","3","7","6","05","19","5","","0","1","0","1","0"
"POINT (11.437630910999999 48.174714098000003)","Unfall 137854 (2016) Kat:2, Licht: 0","137854","2","3","5","05","18","2","","0","0","1","0","0"
"POINT (11.610379402000000 48.203908183000003)","Unfall 137856 (2016) Kat:3, Licht: 0","137856","3","3","5","05","18","3","","0","0","1","0","0"
"POINT (11.459505861000000 48.176228260000002)","Unfall 137866 (2016) Kat:3, Licht: 0","137866","3","2","4","05","12","7","","0","1","1","0","0"
"POINT (11.621422896000000 48.196788486999999)","Unfall 137871 (2016) Kat:3, Licht: 0","137871","3","7","0","05","12","6","","0","1","0","0","0"
"POINT (11.507876059000001 48.123419994000002)","Unfall 137872 (2016) Kat:3, Licht: 0","137872","3","7","0","05","11","6","","0","1","0","0","0"
"POINT (11.526941868000000 48.155504772999997)","Unfall 137874 (2016) Kat:3, Licht: 0","137874","3","1","0","05","19","2","","0","0","0","0","1"
"POINT (11.531161592000000 48.152557168000001)","Unfall 137875 (2016) Kat:3, Licht: 0","137875","3","1","0","05","17","7","","0","1","0","0","0"
"POINT (11.501781507000000 48.173351289000003)","Unfall 137877 (2016) Kat:3, Licht: 0","137877","3","7","0","05","16","6","","0","0","0","0","1"
"POINT (11.530451444000001 48.093464269999998)","Unfall 137879 (2016) Kat:3, Licht: 0","137879","3","5","5","05","18","2","","0","1","1","0","0"
"POINT (11.536678220000001 48.153732118999997)","Unfall 137888 (2016) Kat:3, Licht: 0","137888","3","3","5","05","08","6","","0","1","1","0","0"
"POINT (11.646370042999999 48.139905157000001)","Unfall 137892 (2016) Kat:3, Licht: 0","137892","3","3","5","05","18","2","","0","0","1","0","0"
"POINT (11.568933950000000 48.121899784000000)","Unfall 137898 (2016) Kat:2, Licht: 0","137898","2","7","0","05","19","6","","0","1","0","0","0"
"POINT (11.705505187000000 48.132333606000003)","Unfall 137903 (2016) Kat:3, Licht: 0","137903","3","3","5","05","08","6","","0","0","1","0","0"
"POINT (11.521111928000000 48.181931587000001)","Unfall 137906 (2016) Kat:2, Licht: 0","137906","2","2","5","05","13","1","","0","0","1","0","0"
"POINT (11.646418894000000 48.092186363000003)","Unfall 137911 (2016) Kat:3, Licht: 0","137911","3","7","0","05","20","6","","0","1","0","0","0"
"POINT (11.520283236999999 48.150272461000000)","Unfall 137914 (2016) Kat:3, Licht: 0","137914","3","3","4","05","19","7","","0","1","1","0","0"
"POINT (11.586297859000000 48.162679259999997)","Unfall 137918 (2016) Kat:3, Licht: 0","137918","3","1","0","05","16","7","","0","0","0","0","1"
"POINT (11.523918806999999 48.099539114000002)","Unfall 137924 (2016) Kat:3, Licht: 0","137924","3","2","5","05","20","2","","0","0","1","0","0"
"POINT (11.567337363000000 48.110191735000001)","Unfall 137928 (2016) Kat:3, Licht: 0","137928","3","3","5","05","17","6","","0","1","1","0","0"
"POINT (11.613046647999999 48.108927438000002)","Unfall 137931 (2016) Kat:3, Licht: 0","137931","3","7","5","05","15","2","","0","1","1","0","0"
"POINT (11.563283037000000 48.155673036000003)","Unfall 137933 (2016) Kat:3, Licht: 1","137933","3","3","5","05","20","6","","1","0","1","0","1"
"POINT (11.532185473000000 48.184902946000001)","Unfall 137934 (2016) Kat:3, Licht: 0","137934","3","2","4","05","09","2","","0","0","1","0","0"
"POINT (11.572920375000001 48.183812244999999)","Unfall 137944 (2016) Kat:3, Licht: 0","137944","3","3","5","05","17","2","","0","0","1","0","1"
"POINT (11.459034847000000 48.149364464000001)","Unfall 137945 (2016) Kat:3, Licht: 0","137945","3","7","0","05","13","1","","0","0","0","0","0"
"POINT (11.580258282000001 48.115840994000003)","Unfall 137957 (2016) Kat:3, Licht: 0","137957","3","7","0","05","14","1","","0","1","0","0","0"
"POINT (11.557410701000000 48.121387663000000)","Unfall 137971 (2016) Kat:3, Licht: 2","137971","3","1","2","05","01","7","","2","1","0","0","0"
"POINT (11.486104751999999 48.110869563999998)","Unfall 137979 (2016) Kat:3, Licht: 0","137979","3","1","0","05","16","7","","0","0","0","0","1"
"POINT (11.584800574999999 48.132236653000000)","Unfall 137992 (2016) Kat:2, Licht: 2","137992","2","2","5","05","22","7","","2","1","1","0","0"
"POINT (11.561863403000000 48.125121223999997)","Unfall 137998 (2016) Kat:2, Licht: 0","137998","2","6","2","05","11","2","","0","0","1","0","1"
"POINT (11.576419131000000 48.140575732000002)","Unfall 138011 (2016) Kat:3, Licht: 2","138011","3","1","0","05","00","1","","2","1","0","0","0"
"POINT (11.463101463999999 48.164805938999997)","Unfall 138019 (2016) Kat:2, Licht: 0","138019","2","2","4","05","12","7","","0","0","1","0","1"
"POINT (11.584523555000001 48.150064477999997)","Unfall 138023 (2016) Kat:3, Licht: 0","138023","3","3","5","05","14","2","","0","1","1","0","0"
"POINT (11.495055594000000 48.144126200999999)","Unfall 138031 (2016) Kat:3, Licht: 0","138031","3","7","6","05","20","7","","0","1","1","1","0"
"POINT (11.584762079000001 48.158206829000001)","Unfall 138035 (2016) Kat:3, Licht: 0","138035","3","7","5","05","12","2","","0","0","1","0","0"
"POINT (11.606045160000001 48.120935635000002)","Unfall 138047 (2016) Kat:2, Licht: 0","138047","2","4","6","05","12","2","","0","0","1","1","0"
"POINT (11.639301918999999 48.109068243999999)","Unfall 138048 (2016) Kat:3, Licht: 0","138048","3","2","4","05","15","1","","0","0","1","0","0"
"POINT (11.527742161999999 48.222100791000003)","Unfall 138073 (2016) Kat:2, Licht: 0","138073","2","7","0","05","19","7","","0","1","0","0","0"
"POINT (11.540480277000000 48.136693886000003)","Unfall 138079 (2016) Kat:3, Licht: 0","138079","3","4","6","05","15","2","","0","1","0","1","0"
"POINT (11.579237622000001 48.129325756000000)","Unfall 138080 (2016) Kat:3, Licht: 0","138080","3","2","6","05","20","7","","0","0","1","1","0"
"POINT (11.646505203000000 48.109108532999997)","Unfall 138083 (2016) Kat:3, Licht: 0","138083","3","2","5","05","13","7","","0","0","1","0","0"
"POINT (11.535431697000000 48.138184457999998)","Unfall 138086 (2016) Kat:3, Licht: 0","138086","3","5","1","05","09","2","","0","1","1","0","0"
"POINT (11.541067640000000 48.154390216000003)","Unfall 138095 (2016) Kat:3, Licht: 0","138095","3","4","6","05","11","2","","0","0","1","1","0"
"POINT (11.581964009000000 48.121894060999999)","Unfall 138096 (2016) Kat:3, Licht: 0","138096","3","6","0","05","18","1","","0","0","0","0","1"
"POINT (11.588587071999999 48.140116339000002)","Unfall 138099 (2016) Kat:3, Licht: 0","138099","3","2","5","05","17","2","","0","1","1","0","0"
"POINT (11.616544927000000 48.121976345999997)","Unfall 138109 (2016) Kat:3, Licht: 0","138109","3","7","1","05","14","1","","0","0","1","0","1"
"POINT (11.478586912000001 48.125811536000001)","Unfall 138124 (2016) Kat:3, Licht: 0","138124","3","5","0","06","12","6","","0","1","1","0","0"
"POINT (11.564564169000001 48.137404920999998)","Unfall 138133 (2016) Kat:3, Licht: 0","138133","3","3","1","06","11","6","","0","1","1","0","0"
"POINT (11.542031137000000 48.139521715000001)","Unfall 138159 (2016) Kat:3, Licht: 0","138159","3","5","0","06","10","5","","0","0","1","1","0"
"POINT (11.571937543000001 48.140185070999998)","Unfall 138160 (2016) Kat:3, Licht: 2","138160","3","1","7","06","00","4","","2","1","1","0","0"
"POINT (11.559741870000000 48.144398359000000)","Unfall 138171 (2016) Kat:3, Licht: 0","138171","3","1","0","06","08","5","","0","1","0","1","0"
"POINT (11.572623898000000 48.154734718000000)","Unfall 138173 (2016) Kat:3, Licht: 0","138173","3","3","5","06","11","5","","0","1","1","0","0"
"POINT (11.636164663000001 48.140067586000001)","Unfall 138175 (2016) Kat:3, Licht: 0","138175","3","6","2","06","08","4","","0","0","1","0","0"
"POINT (11.562742826999999 48.184547715999997)","Unfall 138176 (2016) Kat:3, Licht: 0","138176","3","2","5","06","10","6","","0","0","1","0","1"
"POINT (11.538458328000001 48.111723521000002)","Unfall 138183 (2016) Kat:3, Licht: 0","138183","3","3","5","05","19","3","","0","0","1","0","1"
"POINT (11.569867688000000 48.130951271999997)","Unfall 138186 (2016) Kat:3, Licht: 0","138186","3","6","3","06","18","6","","0","1","0","0","0"
"POINT (11.578008617000000 48.143569825000000)","Unfall 138187 (2016) Kat:3, Licht: 0","138187","3","6","2","05","11","3","","0","0","1","0","0"
"POINT (11.533773964000000 48.134102802999998)","Unfall 138188 (2016) Kat:3, Licht: 0","138188","3","7","1","06","13","6","","0","0","1","0","0"
"POINT (11.573356900000000 48.146259344000001)","Unfall 138189 (2016) Kat:3, Licht: 0","138189","3","1","9","05","11","3","","0","0","0","0","1"
"POINT (11.566801620000000 48.155116827000001)","Unfall 138190 (2016) Kat:3, Licht: 0","138190","3","5","1","06","10","6","","0","1","1","0","0"
"POINT (11.580866788000000 48.149655535999997)","Unfall 138194 (2016) Kat:3, Licht: 0","138194","3","2","0","05","20","3","","0","1","1","0","0"
"POINT (11.524550116000000 48.135665971000002)","Unfall 138199 (2016) Kat:3, Licht: 0","138199","3","3","5","06","09","5","","0","0","1","0","1"
"POINT (11.590795444999999 48.142600958999999)","Unfall 138207 (2016) Kat:3, Licht: 0","138207","3","6","2","05","07","3","","0","0","1","0","0"
"POINT (11.666367935000000 48.135109788999998)","Unfall 138214 (2016) Kat:3, Licht: 0","138214","3","6","1","06","07","5","","0","0","1","0","0"
"POINT (11.607951796000000 48.186236536000003)","Unfall 138216 (2016) Kat:3, Licht: 0","138216","3","3","5","06","12","4","","0","1","1","0","0"
"POINT (11.575192265000000 48.160215426000001)","Unfall 138217 (2016) Kat:3, Licht: 0","138217","3","6","0","05","18","3","","0","0","0","0","1"
"POINT (11.526915080000000 48.181078933000002)","Unfall 138219 (2016) Kat:3, Licht: 0","138219","3","4","6","06","07","4","","0","0","1","1","0"
"POINT (11.574734900999999 48.143172196999998)","Unfall 138220 (2016) Kat:3, Licht: 2","138220","3","7","2","05","23","3","","2","0","1","0","1"
"POINT (11.566903696000001 48.100928334000002)","Unfall 138228 (2016) Kat:3, Licht: 0","138228","3","4","0","05","11","3","","0","0","1","1","0"
"POINT (11.517288078000000 48.135762991000000)","Unfall 138229 (2016) Kat:3, Licht: 0","138229","3","3","5","06","16","6","","0","0","1","0","1"
"POINT (11.521826981000000 48.183464305999998)","Unfall 138230 (2016) Kat:3, Licht: 0","138230","3","4","6","05","17","3","","0","0","1","1","0"
"POINT (11.573911862999999 48.143964468999997)","Unfall 138237 (2016) Kat:3, Licht: 0","138237","3","6","3","06","09","6","","0","0","1","0","0"
"POINT (11.659892558999999 48.118898094999999)","Unfall 138242 (2016) Kat:3, Licht: 0","138242","3","7","6","06","16","4","","0","0","1","1","0"
"POINT (11.666672989000000 48.124023850999997)","Unfall 138243 (2016) Kat:3, Licht: 0","138243","3","2","3","05","18","3","","0","1","0","0","0"
"POINT (11.579067772000000 48.139307811000002)","Unfall 138247 (2016) Kat:3, Licht: 0","138247","3","3","1","05","13","3","","0","1","1","0","0"
"POINT (11.559860689000001 48.145027239999997)","Unfall 138256 (2016) Kat:3, Licht: 0","138256","3","1","0","06","08","4","","0","0","1","0","1"
"POINT (11.593651320999999 48.145402730000001)","Unfall 138257 (2016) Kat:3, Licht: 0","138257","3","6","3","05","08","3","","0","0","1","0","0"
"POINT (11.570791625000000 48.142162841000001)","Unfall 138262 (2016) Kat:2, Licht: 2","138262","2","2","6","06","02","5","","2","0","1","1","0"
"POINT (11.559726780000000 48.168516566999998)","Unfall 138264 (2016) Kat:3, Licht: 2","138264","3","3","4","06","23","5","","2","0","1","0","0"
"POINT (11.506238458000000 48.162786558000001)","Unfall 138266 (2016) Kat:3, Licht: 0","138266","3","3","5","06","07","4","","0","1","1","0","0"
"POINT (11.694692465999999 48.115036721000003)","Unfall 138275 (2016) Kat:3, Licht: 0","138275","3","3","5","06","16","6","","0","0","1","0","0"
"POINT (11.580395963000001 48.159950225999999)","Unfall 138276 (2016) Kat:3, Licht: 0","138276","3","6","2","06","12","5","","0","0","1","0","0"
"POINT (11.557228846999999 48.213168662000001)","Unfall 138278 (2016) Kat:3, Licht: 0","138278","3","7","5","06","10","4","","0","0","1","0","1"
"POINT (11.566391919000001 48.187246919000003)","Unfall 138279 (2016) Kat:3, Licht: 0","138279","3","6","1","06","20","6","","0","0","1","0","0"
"POINT (11.576251037000000 48.133553560000003)","Unfall 138287 (2016) Kat:3, Licht: 0","138287","3","4","6","06","19","6","","0","0","1","1","0"
"POINT (11.507759177000001 48.197652685000001)","Unfall 138303 (2016) Kat:3, Licht: 0","138303","3","6","4","06","06","4","","0","0","1","0","0"
"POINT (11.538616080000001 48.145722831000000)","Unfall 138306 (2016) Kat:3, Licht: 0","138306","3","2","5","06","08","4","","0","1","1","0","0"
"POINT (11.581486657999999 48.138838643000000)","Unfall 138310 (2016) Kat:3, Licht: 0","138310","3","7","2","06","15","5","","0","1","1","0","0"
"POINT (11.545984866000000 48.186109878000003)","Unfall 138313 (2016) Kat:3, Licht: 0","138313","3","6","2","06","13","5","","0","0","1","0","0"
"POINT (11.579449208000000 48.115139851000002)","Unfall 138314 (2016) Kat:3, Licht: 2","138314","3","3","5","06","21","4","","2","0","1","0","0"
"POINT (11.575228019000001 48.141940005999999)","Unfall 138325 (2016) Kat:3, Licht: 0","138325","3","7","0","06","18","5","","0","0","0","0","1"
"POINT (11.586578464000000 48.164064490999998)","Unfall 138327 (2016) Kat:3, Licht: 0","138327","3","7","1","06","08","4","","0","0","1","0","0"
"POINT (11.466673677999999 48.152751866999999)","Unfall 138328 (2016) Kat:3, Licht: 0","138328","3","3","5","06","07","6","","0","1","1","0","0"
"POINT (11.558162246000000 48.146015071000001)","Unfall 138338 (2016) Kat:3, Licht: 0","138338","3","5","0","06","14","6","","0","1","1","0","0"
"POINT (11.574131543000000 48.117955185000000)","Unfall 138339 (2016) Kat:3, Licht: 0","138339","3","2","5","06","18","6","","0","1","1","0","0"
"POINT (11.629992360999999 48.127595663000001)","Unfall 138348 (2016) Kat:3, Licht: 0","138348","3","6","2","06","18","5","","0","0","1","0","1"
"POINT (11.578310280000000 48.136145218999999)","Unfall 138356 (2016) Kat:3, Licht: 0","138356","3","3","5","06","19","4","","0","1","1","0","0"
"POINT (11.553449634000000 48.150035936000002)","Unfall 138361 (2016) Kat:3, Licht: 0","138361","3","3","5","06","19","5","","0","0","1","0","1"
"POINT (11.555540564999999 48.128188346999998)","Unfall 138364 (2016) Kat:3, Licht: 0","138364","3","5","1","06","11","5","","0","0","1","0","0"
"POINT (11.588692882000000 48.143031870999998)","Unfall 138369 (2016) Kat:3, Licht: 0","138369","3","6","1","06","20","2","","0","0","1","0","0"
"POINT (11.557191702000001 48.161690254000000)","Unfall 138375 (2016) Kat:3, Licht: 0","138375","3","7","8","06","16","2","","0","0","1","0","0"
"POINT (11.607670423000000 48.130698191999997)","Unfall 138378 (2016) Kat:3, Licht: 0","138378","3","3","5","06","13","7","","0","1","1","0","0"
"POINT (11.508378341000000 48.171090536999998)","Unfall 138396 (2016) Kat:3, Licht: 0","138396","3","3","5","06","11","2","","0","1","1","0","0"
"POINT (11.592166801999999 48.142320990999998)","Unfall 138399 (2016) Kat:3, Licht: 0","138399","3","2","5","06","16","2","","0","1","1","0","0"
"POINT (11.511249447999999 48.139478969000002)","Unfall 138407 (2016) Kat:3, Licht: 0","138407","3","3","6","06","15","2","","0","0","1","1","0"
"POINT (11.583317677000000 48.138513275000001)","Unfall 138408 (2016) Kat:3, Licht: 0","138408","3","2","5","06","13","2","","0","1","1","0","0"
"POINT (11.586005928000001 48.160799975000003)","Unfall 138412 (2016) Kat:3, Licht: 0","138412","3","6","3","06","17","2","","0","1","0","0","0"
"POINT (11.457436369000000 48.139821318999999)","Unfall 138420 (2016) Kat:2, Licht: 0","138420","2","7","6","06","18","2","","0","1","0","1","0"
"POINT (11.558831228000001 48.147611304000002)","Unfall 138426 (2016) Kat:3, Licht: 0","138426","3","2","5","06","13","2","","0","0","1","0","0"
"POINT (11.548189746000000 48.149531848999999)","Unfall 138430 (2016) Kat:3, Licht: 0","138430","3","2","5","06","10","2","","0","1","1","0","0"
"POINT (11.493939118000000 48.169172951999997)","Unfall 138438 (2016) Kat:3, Licht: 0","138438","3","2","0","06","14","2","","0","0","1","0","1"
"POINT (11.589885687000001 48.137326657000003)","Unfall 138441 (2016) Kat:3, Licht: 0","138441","3","2","5","06","08","2","","0","1","1","0","0"
"POINT (11.588629208000000 48.140256626000003)","Unfall 138446 (2016) Kat:3, Licht: 0","138446","3","7","1","06","16","7","","0","1","1","0","0"
"POINT (11.576559087000000 48.112887077000003)","Unfall 138453 (2016) Kat:3, Licht: 0","138453","3","3","5","06","07","2","","0","1","1","0","0"
"POINT (11.646299513000001 48.106877636999997)","Unfall 138464 (2016) Kat:3, Licht: 0","138464","3","3","1","06","08","2","","0","0","1","0","1"
"POINT (11.485483671000001 48.083196686000001)","Unfall 138471 (2016) Kat:3, Licht: 0","138471","3","2","0","06","15","2","","0","1","1","0","0"
"POINT (11.562279289999999 48.137404912000001)","Unfall 138477 (2016) Kat:3, Licht: 0","138477","3","7","6","06","15","2","","0","1","0","1","0"
"POINT (11.514410634000001 48.072590282999997)","Unfall 138484 (2016) Kat:3, Licht: 0","138484","3","3","5","06","09","2","","0","0","1","0","0"
"POINT (11.615325010999999 48.130982553999999)","Unfall 138499 (2016) Kat:3, Licht: 2","138499","3","2","5","06","02","1","","2","0","1","0","0"
"POINT (11.565393052999999 48.133500353999999)","Unfall 138503 (2016) Kat:3, Licht: 0","138503","3","7","3","06","17","2","","0","1","0","0","0"
"POINT (11.460985929000000 48.142540404000002)","Unfall 138511 (2016) Kat:3, Licht: 0","138511","3","3","5","06","19","1","","0","0","1","0","0"
"POINT (11.601262735000001 48.143655695000000)","Unfall 138515 (2016) Kat:3, Licht: 0","138515","3","2","3","06","12","2","","0","0","1","0","1"
"POINT (11.565548486000001 48.190593694999997)","Unfall 138520 (2016) Kat:3, Licht: 0","138520","3","6","3","06","17","1","","0","1","1","0","0"
"POINT (11.573049826000000 48.182239600000003)","Unfall 138526 (2016) Kat:3, Licht: 0","138526","3","2","3","06","07","2","","0","0","1","0","1"
"POINT (11.411154834000000 48.134888853000000)","Unfall 138531 (2016) Kat:3, Licht: 0","138531","3","3","5","06","11","1","","0","0","1","0","0"
"POINT (11.654141269000000 48.086403765999997)","Unfall 138533 (2016) Kat:3, Licht: 0","138533","3","3","5","06","07","2","","0","1","1","0","0"
"POINT (11.589536912000000 48.137119075000001)","Unfall 138536 (2016) Kat:3, Licht: 0","138536","3","6","1","06","16","7","","0","0","1","0","1"
"POINT (11.505309665000000 48.105493516000003)","Unfall 138538 (2016) Kat:3, Licht: 0","138538","3","3","5","06","07","2","","0","1","1","0","0"
"POINT (11.561656743000000 48.167900514000003)","Unfall 138544 (2016) Kat:3, Licht: 0","138544","3","7","0","06","15","1","","0","1","1","0","0"
"POINT (11.563578970000000 48.161643669000000)","Unfall 138547 (2016) Kat:3, Licht: 0","138547","3","1","0","06","14","7","","0","1","0","0","0"
"POINT (11.567267833000001 48.110228466000002)","Unfall 138551 (2016) Kat:3, Licht: 0","138551","3","2","5","06","12","7","","0","0","1","0","1"
"POINT (11.596970311000000 48.131526416000000)","Unfall 138553 (2016) Kat:3, Licht: 0","138553","3","7","0","06","08","1","","0","1","0","0","0"
"POINT (11.528288508999999 48.130387652000003)","Unfall 138555 (2016) Kat:3, Licht: 0","138555","3","3","5","06","09","7","","0","0","1","0","0"
"POINT (11.555933403999999 48.139263909999997)","Unfall 138561 (2016) Kat:3, Licht: 0","138561","3","2","3","06","10","1","","0","1","1","0","0"
"POINT (11.511481651000000 48.156621198000003)","Unfall 138567 (2016) Kat:2, Licht: 0","138567","2","5","1","06","14","7","","0","0","1","0","1"
"POINT (11.574059427000000 48.145846681999998)","Unfall 138568 (2016) Kat:3, Licht: 0","138568","3","2","3","06","15","2","","0","0","1","0","1"
"POINT (11.528760944000000 48.212703181000002)","Unfall 138575 (2016) Kat:3, Licht: 2","138575","3","7","1","06","04","7","","2","0","1","0","0"
"POINT (11.405586094000000 48.178570909000001)","Unfall 138576 (2016) Kat:3, Licht: 0","138576","3","6","1","06","17","2","","0","0","1","0","0"
"POINT (11.586492657000001 48.165304802000001)","Unfall 138580 (2016) Kat:2, Licht: 0","138580","2","1","0","06","15","7","","0","0","0","0","1"
"POINT (11.542209388000000 48.139511181000003)","Unfall 138581 (2016) Kat:3, Licht: 0","138581","3","2","5","06","08","2","","0","1","1","0","0"
"POINT (11.581635391000001 48.176180436999999)","Unfall 138588 (2016) Kat:3, Licht: 0","138588","3","2","3","06","08","2","","0","1","1","0","0"
"POINT (11.521891898000000 48.175858300999998)","Unfall 138591 (2016) Kat:3, Licht: 0","138591","3","3","0","06","14","7","","0","1","0","0","1"
"POINT (11.511739724000000 48.155794075000003)","Unfall 138597 (2016) Kat:3, Licht: 0","138597","3","3","5","06","17","7","","0","1","1","0","0"
"POINT (11.673831194000000 48.125835975999998)","Unfall 138600 (2016) Kat:2, Licht: 0","138600","2","2","2","06","09","7","","0","1","1","0","0"
"POINT (11.509657064000001 48.167307927000003)","Unfall 138604 (2016) Kat:3, Licht: 0","138604","3","4","6","06","13","6","","0","0","1","1","0"
"POINT (11.577566826000000 48.116001296999997)","Unfall 138607 (2016) Kat:3, Licht: 0","138607","3","7","0","06","13","7","","0","1","0","0","0"