WKT,Name,OBJECTID,UKATEGORIE,UTYP1,UART,UMONAT,USTUNDE,UWOCHENTAG,STRZUSTAND,ULICHTVERH,ISTRAD,ISTPKW,ISTFUSS,ISTKRAD
"POINT (11.575025989000000 48.157636986000000)","Unfall 139589 (2016) Kat:3, Licht: 1","139589","3","3","4","06","21","1","","1","0","1","0","0"
"POINT (11.583583459000000 48.144370271000000)","Unfall 139593 (2016) Kat:3, Licht: 0","139593","3","7","6","06","18","2","","0","1","0","1","0"
"POINT (11.602680637000001 48.186817570999999)","Unfall 139618 (2016) Kat:3, Licht: 0","139618","3","7","4","06","09","3","","0","0","1","0","0"
"POINT (11.575777193000000 48.153015193000002)","Unfall 139620 (2016) Kat:3, Licht: 0","139620","3","3","5","06","12","3","","0","1","1","0","0"
"POINT (11.528850095999999 48.213453352999998)","Unfall 139625 (2016) Kat:3, Licht: 0","139625","3","3","5","06","10","7","","0","0","1","0","0"
"POINT (11.584888790000001 48.139364428000000)","Unfall 139630 (2016) Kat:3, Licht: 0","139630","3","3","5","06","19","3","","0","1","1","0","0"
"POINT (11.545187771000000 48.161281961000000)","Unfall 139645 (2016) Kat:3, Licht: 0","139645","3","2","3","06","17","3","","0","1","1","0","0"
"POINT (11.552585252000000 48.155151160000003)","Unfall 139674 (2016) Kat:3, Licht: 0","139674","3","6","3","06","11","3","","0","1","0","0","0"
"POINT (11.694114381000000 48.131791272999997)","Unfall 139718 (2016) Kat:3, Licht: 0","139718","3","6","3","06","18","4","","0","0","1","0","1"
"POINT (11.539469550000000 48.114046230000000)","Unfall 139726 (2016) Kat:3, Licht: 0","139726","3","6","2","06","16","4","","0","0","1","0","1"
"POINT (11.549246548999999 48.138923753000000)","Unfall 139729 (2016) Kat:3, Licht: 0","139729","3","3","5","06","16","4","","0","1","0","0","0"
"POINT (11.579014914000000 48.132216264000000)","Unfall 139738 (2016) Kat:2, Licht: 2","139738","2","1","1","06","22","4","","2","1","1","0","0"
"POINT (11.671842197000000 48.122639104000001)","Unfall 139754 (2016) Kat:3, Licht: 0","139754","3","3","5","06","15","4","","0","0","1","0","0"
"POINT (11.584316431000000 48.167187624999997)","Unfall 139760 (2016) Kat:3, Licht: 0","139760","3","3","5","06","08","4","","0","1","0","0","1"
"POINT (11.564820160000000 48.196435360000002)","Unfall 139762 (2016) Kat:3, Licht: 2","139762","3","1","0","06","22","5","","2","1","0","0","0"
"POINT (11.593061682000000 48.187921422999999)","Unfall 139764 (2016) Kat:3, Licht: 0","139764","3","6","2","06","08","4","","0","0","1","0","0"
"POINT (11.536336047000001 48.146274931999997)","Unfall 139767 (2016) Kat:3, Licht: 0","139767","3","2","5","06","07","5","","0","0","1","0","0"
"POINT (11.565500224000001 48.137916245000000)","Unfall 139768 (2016) Kat:2, Licht: 0","139768","2","2","5","06","17","4","","0","0","0","0","0"
"POINT (11.551569231000000 48.124254743999998)","Unfall 139773 (2016) Kat:3, Licht: 0","139773","3","2","3","06","07","4","","0","0","1","0","1"
"POINT (11.522310837999999 48.176122485999997)","Unfall 139781 (2016) Kat:1, Licht: 0","139781","1","2","6","06","20","4","","0","0","0","1","0"
"POINT (11.603584711000000 48.127597827000002)","Unfall 139784 (2016) Kat:3, Licht: 0","139784","3","7","0","06","17","5","","0","0","0","1","0"
"POINT (11.458310686000001 48.176039598000003)","Unfall 139791 (2016) Kat:3, Licht: 0","139791","3","3","5","06","13","5","","0","1","1","0","0"
"POINT (11.495161045000000 48.084130127000002)","Unfall 139794 (2016) Kat:1, Licht: 0","139794","1","6","4","06","20","5","","0","0","1","0","1"
"POINT (11.605048466000000 48.133138920000000)","Unfall 139796 (2016) Kat:3, Licht: 0","139796","3","6","3","06","08","4","","0","1","1","0","0"
"POINT (11.589209835000000 48.192709075000003)","Unfall 139799 (2016) Kat:3, Licht: 0","139799","3","2","0","06","16","5","","0","1","1","0","0"
"POINT (11.471527159000001 48.174127577999997)","Unfall 139806 (2016) Kat:3, Licht: 0","139806","3","2","5","06","15","5","","0","1","1","0","0"
"POINT (11.539389935000001 48.113958226999998)","Unfall 139807 (2016) Kat:3, Licht: 0","139807","3","6","2","06","16","4","","0","0","1","0","0"
"POINT (11.463587177999999 48.146401544000000)","Unfall 139809 (2016) Kat:3, Licht: 0","139809","3","2","5","06","12","4","","0","1","1","0","0"
"POINT (11.494072671000000 48.165848232000002)","Unfall 139815 (2016) Kat:3, Licht: 0","139815","3","6","1","06","18","4","","0","0","1","0","1"
"POINT (11.494365682000000 48.202497229999999)","Unfall 139817 (2016) Kat:3, Licht: 0","139817","3","3","5","06","10","5","","0","1","1","0","0"
"POINT (11.533822437000000 48.187705739999998)","Unfall 139826 (2016) Kat:3, Licht: 0","139826","3","3","5","06","17","4","","0","1","1","0","0"
"POINT (11.567157008000001 48.179760825000002)","Unfall 139828 (2016) Kat:3, Licht: 0","139828","3","6","3","06","08","5","","0","1","0","0","0"
"POINT (11.505289512999999 48.184790419999999)","Unfall 139834 (2016) Kat:3, Licht: 1","139834","3","2","5","06","21","4","","1","1","1","0","0"
"POINT (11.520326721000000 48.150148868999999)","Unfall 139837 (2016) Kat:3, Licht: 0","139837","3","2","5","06","08","5","","0","0","1","0","0"
"POINT (11.626938972000000 48.184739569999998)","Unfall 139840 (2016) Kat:3, Licht: 0","139840","3","7","1","06","18","4","","0","1","0","0","0"
"POINT (11.670132545000000 48.129887775999997)","Unfall 139846 (2016) Kat:3, Licht: 2","139846","3","1","0","06","00","5","","2","1","0","0","0"
"POINT (11.528452921000000 48.218034281999998)","Unfall 139848 (2016) Kat:3, Licht: 0","139848","3","3","0","06","15","4","","0","0","1","0","1"
"POINT (11.588630801000001 48.116601596000002)","Unfall 139851 (2016) Kat:3, Licht: 0","139851","3","2","6","06","17","5","","0","0","1","1","0"
"POINT (11.549419213000000 48.156817861999997)","Unfall 139856 (2016) Kat:3, Licht: 0","139856","3","7","1","06","08","4","","0","0","1","0","0"
"POINT (11.594777711000001 48.133825840000000)","Unfall 139861 (2016) Kat:2, Licht: 0","139861","2","7","0","06","13","5","","0","1","0","0","0"
"POINT (11.489559734000000 48.127478711999998)","Unfall 139862 (2016) Kat:3, Licht: 0","139862","3","7","5","06","07","4","","0","1","1","0","0"
"POINT (11.539931495999999 48.116577646000003)","Unfall 139867 (2016) Kat:3, Licht: 0","139867","3","3","5","06","18","4","","0","1","1","0","0"
"POINT (11.563631269000000 48.121009219000001)","Unfall 139869 (2016) Kat:3, Licht: 0","139869","3","2","6","06","17","5","","0","1","0","1","0"
"POINT (11.566254484000000 48.153030931000004)","Unfall 139873 (2016) Kat:3, Licht: 0","139873","3","3","3","06","12","5","","0","1","1","0","0"
"POINT (11.579519312000000 48.131626077000000)","Unfall 139879 (2016) Kat:3, Licht: 0","139879","3","4","6","06","08","4","","0","1","0","1","0"
"POINT (11.556648944000001 48.127764606000000)","Unfall 139882 (2016) Kat:3, Licht: 0","139882","3","1","0","06","18","6","","0","1","0","0","0"
"POINT (11.586214166000000 48.163338606000003)","Unfall 139889 (2016) Kat:3, Licht: 0","139889","3","2","4","06","17","4","","0","1","1","0","0"
"POINT (11.572761237000000 48.126740423000001)","Unfall 139894 (2016) Kat:3, Licht: 2","139894","3","6","4","06","22","6","","2","0","1","0","1"
"POINT (11.569004306000000 48.142370135999997)","Unfall 139900 (2016) Kat:3, Licht: 0","139900","3","7","0","06","18","4","","0","1","0","0","0"
"POINT (11.583517938000000 48.134930943999997)","Unfall 139905 (2016) Kat:3, Licht: 0","139905","3","7","0","06","10","4","","0","0","1","0","0"
"POINT (11.555965526000000 48.144187842999997)","Unfall 139929 (2016) Kat:3, Licht: 0","139929","3","4","0","06","13","6","","0","1","0","1","0"
"POINT (11.535181844000000 48.152119869000003)","Unfall 139945 (2016) Kat:3, Licht: 1","139945","3","3","0","06","20","7","","1","1","1","0","0"
"POINT (11.628527675999999 48.104086860999999)","Unfall 139953 (2016) Kat:3, Licht: 0","139953","3","3","5","06","16","2","","0","1","1","0","0"
"POINT (11.555211234000000 48.180740585999999)","Unfall 139959 (2016) Kat:3, Licht: 0","139959","3","2","5","06","11","1","","0","0","1","0","0"
"POINT (11.612831436000000 48.120782781000003)","Unfall 139970 (2016) Kat:3, Licht: 2","139970","3","2","6","06","22","1","","2","0","1","1","0"
"POINT (11.523304518000000 48.136587272000000)","Unfall 139973 (2016) Kat:3, Licht: 0","139973","3","7","3","06","11","7","","0","0","1","0","1"
"POINT (11.633084554000000 48.158566010000001)","Unfall 139977 (2016) Kat:3, Licht: 0","139977","3","3","5","06","13","2","","0","0","1","0","0"
"POINT (11.578168658999999 48.143933449999999)","Unfall 139982 (2016) Kat:3, Licht: 0","139982","3","6","3","06","16","7","","0","1","0","0","0"
"POINT (11.566038232000000 48.133090658999997)","Unfall 139987 (2016) Kat:3, Licht: 0","139987","3","6","5","06","17","2","","0","1","1","0","0"
"POINT (11.567099699000000 48.187300252999997)","Unfall 139991 (2016) Kat:3, Licht: 0","139991","3","6","2","06","13","7","","0","0","1","0","0"
"POINT (11.586264031000001 48.162297819000003)","Unfall 140001 (2016) Kat:2, Licht: 0","140001","2","4","6","06","13","2","","0","0","1","1","0"
"POINT (11.564763574000001 48.167867991999998)","Unfall 140015 (2016) Kat:3, Licht: 0","140015","3","2","0","06","08","2","","0","1","0","0","1"
"POINT (11.591557697000001 48.165768301999996)","Unfall 140021 (2016) Kat:3, Licht: 2","140021","3","1","0","06","03","1","","2","1","0","0","0"
"POINT (11.508039091000001 48.152949393999997)","Unfall 140024 (2016) Kat:3, Licht: 2","140024","3","3","5","06","23","1","","2","0","1","0","0"
"POINT (11.613138524000000 48.090284222999998)","Unfall 140027 (2016) Kat:3, Licht: 0","140027","3","2","5","06","11","7","","0","0","1","0","1"
"POINT (11.551088677999999 48.117390264999997)","Unfall 140029 (2016) Kat:3, Licht: 0","140029","3","6","1","06","08","2","","0","1","1","0","0"
"POINT (11.645111072000001 48.162649336000001)","Unfall 140033 (2016) Kat:3, Licht: 0","140033","3","2","4","06","17","6","","0","1","0","0","0"
"POINT (11.581038578999999 48.138929116000000)","Unfall 140034 (2016) Kat:3, Licht: 0","140034","3","7","4","06","09","7","","0","0","1","0","1"
"POINT (11.611393452000000 48.206548484000002)","Unfall 140036 (2016) Kat:3, Licht: 0","140036","3","3","5","06","12","7","","0","0","1","0","0"
"POINT (11.568410142999999 48.179409786999997)","Unfall 140040 (2016) Kat:3, Licht: 2","140040","3","3","5","06","20","6","","2","0","1","0","0"
"POINT (11.451865670000000 48.156372402999999)","Unfall 140048 (2016) Kat:3, Licht: 0","140048","3","7","0","06","18","6","","0","1","0","0","0"
"POINT (11.562232464999999 48.148073080000003)","Unfall 140053 (2016) Kat:3, Licht: 0","140053","3","6","3","06","11","6","","0","0","1","0","1"
"POINT (11.481605210000000 48.141539811999998)","Unfall 140055 (2016) Kat:3, Licht: 0","140055","3","2","5","06","17","2","","0","1","1","0","0"
"POINT (11.542748701000001 48.198368664000000)","Unfall 140061 (2016) Kat:3, Licht: 0","140061","3","5","0","06","13","1","","0","1","0","0","0"
"POINT (11.540555634000000 48.139614102000003)","Unfall 140062 (2016) Kat:3, Licht: 0","140062","3","6","2","06","18","6","","0","0","1","0","0"
"POINT (11.531903504000001 48.082285657000000)","Unfall 140064 (2016) Kat:3, Licht: 0","140064","3","2","5","06","18","2","","0","1","0","0","1"
"POINT (11.607938718000000 48.186237984999998)","Unfall 140066 (2016) Kat:3, Licht: 0","140066","3","3","5","06","08","2","","0","1","1","0","0"
"POINT (11.590492352000000 48.106786933999999)","Unfall 140071 (2016) Kat:3, Licht: 0","140071","3","5","3","06","09","1","","0","1","1","0","0"
"POINT (11.571550276000000 48.137100480999997)","Unfall 140072 (2016) Kat:3, Licht: 0","140072","3","6","3","06","19","6","","0","1","1","0","0"
"POINT (11.555858442000000 48.128482820999999)","Unfall 140074 (2016) Kat:3, Licht: 0","140074","3","2","5","06","18","7","","0","1","1","0","0"
"POINT (11.592801037999999 48.168887355999999)","Unfall 140076 (2016) Kat:3, Licht: 0","140076","3","6","0","06","17","2","","0","1","0","0","0"
"POINT (11.600764177000000 48.140569503000002)","Unfall 140080 (2016) Kat:2, Licht: 0","140080","2","6","3","06","08","2","","0","1","0","0","0"
"POINT (11.591680885000001 48.122587830999997)","Unfall 140084 (2016) Kat:3, Licht: 0","140084","3","2","5","06","09","6","","0","1","1","0","0"
"POINT (11.617195190000000 48.131114891999999)","Unfall 140085 (2016) Kat:3, Licht: 0","140085","3","5","1","06","19","7","","0","0","1","0","0"
"POINT (11.504097953000000 48.186063832999999)","Unfall 140089 (2016) Kat:3, Licht: 0","140089","3","6","2","06","17","6","","0","0","1","0","1"
"POINT (11.580741378000001 48.154516444999999)","Unfall 140091 (2016) Kat:3, Licht: 0","140091","3","5","1","06","18","2","","0","1","1","0","0"
"POINT (11.559613329999999 48.141375922000002)","Unfall 140094 (2016) Kat:3, Licht: 0","140094","3","3","0","06","17","6","","0","0","0","1","0"
"POINT (11.608984526000000 48.194970144999999)","Unfall 140095 (2016) Kat:3, Licht: 0","140095","3","2","5","06","14","7","","0","1","1","0","0"
"POINT (11.523569246999999 48.071943519999998)","Unfall 140099 (2016) Kat:3, Licht: 0","140099","3","3","5","06","06","6","","0","0","1","0","0"
"POINT (11.548812189000000 48.084767071000002)","Unfall 140102 (2016) Kat:3, Licht: 0","140102","3","3","5","06","18","6","","0","1","1","0","0"
"POINT (11.578660932000000 48.126063698000003)","Unfall 140104 (2016) Kat:2, Licht: 0","140104","2","4","6","06","12","2","","0","0","0","1","0"
"POINT (11.663244217000001 48.165273224000003)","Unfall 140110 (2016) Kat:2, Licht: 0","140110","2","7","0","06","18","1","","0","0","0","0","1"
"POINT (11.554555874000000 48.151448076000001)","Unfall 140114 (2016) Kat:3, Licht: 0","140114","3","3","5","06","17","6","","0","1","1","0","0"
"POINT (11.527057903999999 48.205165958000002)","Unfall 140117 (2016) Kat:3, Licht: 0","140117","3","6","1","06","17","2","","0","0","1","0","0"
"POINT (11.612993168999999 48.120952027999998)","Unfall 140122 (2016) Kat:2, Licht: 0","140122","2","2","4","06","13","1","","0","0","1","0","0"
"POINT (11.536618284999999 48.179187589999998)","Unfall 140123 (2016) Kat:3, Licht: 0","140123","3","2","4","06","12","6","","0","0","1","0","1"
"POINT (11.593426624999999 48.169304285000003)","Unfall 140124 (2016) Kat:3, Licht: 0","140124","3","7","5","06","12","7","","0","1","1","0","0"
"POINT (11.568584197000000 48.140090841000003)","Unfall 140126 (2016) Kat:3, Licht: 0","140126","3","6","3","06","17","6","","0","1","0","0","0"
"POINT (11.581655930000000 48.120610843999998)","Unfall 140130 (2016) Kat:3, Licht: 0","140130","3","7","0","06","20","2","","0","1","0","0","0"
"POINT (11.585655684000001 48.129703937999999)","Unfall 140134 (2016) Kat:3, Licht: 0","140134","3","6","3","06","16","6","","0","1","0","0","0"
"POINT (11.648019937999999 48.128163819999997)","Unfall 140135 (2016) Kat:2, Licht: 2","140135","2","7","1","06","00","7","","2","0","0","0","1"
"POINT (11.566162297000000 48.140580378000003)","Unfall 140141 (2016) Kat:3, Licht: 0","140141","3","3","3","06","12","6","","0","1","1","0","0"
"POINT (11.512772688000000 48.098123131999998)","Unfall 140142 (2016) Kat:3, Licht: 2","140142","3","7","0","06","23","2","","2","1","1","0","0"
"POINT (11.459081320999999 48.185278035000003)","Unfall 140143 (2016) Kat:3, Licht: 0","140143","3","6","2","06","10","7","","0","1","0","0","0"
"POINT (11.611371082000000 48.199663643999997)","Unfall 140147 (2016) Kat:3, Licht: 0","140147","3","6","2","06","07","6","","0","0","1","0","0"
"POINT (11.531549845000001 48.170775212000002)","Unfall 140150 (2016) Kat:3, Licht: 0","140150","3","2","3","06","17","6","","0","1","1","0","0"
"POINT (11.565597739999999 48.174178890000000)","Unfall 140154 (2016) Kat:3, Licht: 0","140154","3","3","5","06","19","6","","0","1","0","0","0"
"POINT (11.561882931000000 48.128578437999998)","Unfall 140156 (2016) Kat:3, Licht: 0","140156","3","3","5","06","07","2","","0","0","1","0","0"
"POINT (11.412356480000000 48.157776165999998)","Unfall 140160 (2016) Kat:3, Licht: 2","140160","3","7","0","06","00","1","","2","1","0","0","0"
"POINT (11.524107913000000 48.198338366999998)","Unfall 140161 (2016) Kat:3, Licht: 2","140161","3","6","6","06","21","6","","2","1","0","1","0"
"POINT (11.529424592000000 48.152233051000003)","Unfall 140164 (2016) Kat:3, Licht: 0","140164","3","2","0","06","15","2","","0","0","1","0","1"
"POINT (11.603971526000000 48.109161991999997)","Unfall 140168 (2016) Kat:3, Licht: 0","140168","3","2","5","06","20","2","","0","1","1","0","0"
"POINT (11.609114702999999 48.136324172999998)","Unfall 140170 (2016) Kat:3, Licht: 0","140170","3","6","2","06","17","2","","0","0","1","0","1"
"POINT (11.560238776000000 48.142555799000000)","Unfall 140175 (2016) Kat:3, Licht: 2","140175","3","5","1","06","03","1","","2","0","1","0","0"
"POINT (11.546794087000000 48.101362752999997)","Unfall 140176 (2016) Kat:3, Licht: 0","140176","3","1","0","06","15","6","","0","0","0","0","1"
"POINT (11.575160529000000 48.139506820999998)","Unfall 140178 (2016) Kat:3, Licht: 0","140178","3","7","0","06","12","7","","0","0","0","0","0"
"POINT (11.575676186000001 48.129113335000000)","Unfall 140180 (2016) Kat:3, Licht: 0","140180","3","3","5","06","19","2","","0","1","0","0","0"
"POINT (11.506409393000000 48.078576106000000)","Unfall 140184 (2016) Kat:3, Licht: 0","140184","3","2","3","06","08","6","","0","1","1","0","0"
"POINT (11.572628552999999 48.115158074000000)","Unfall 140186 (2016) Kat:3, Licht: 0","140186","3","6","2","06","15","6","","0","0","1","0","0"
"POINT (11.564846405000001 48.167539757000000)","Unfall 140187 (2016) Kat:3, Licht: 0","140187","3","6","3","06","09","7","","0","1","0","0","0"
"POINT (11.604584723000000 48.128421281000001)","Unfall 140192 (2016) Kat:2, Licht: 0","140192","2","7","0","06","14","2","","0","0","0","0","0"
"POINT (11.533402336000000 48.078888384999999)","Unfall 140193 (2016) Kat:3, Licht: 0","140193","3","1","0","06","10","7","","0","1","0","0","0"
"POINT (11.555935481000001 48.128409521999998)","Unfall 140198 (2016) Kat:2, Licht: 1","140198","2","3","4","06","21","4","","1","0","1","0","1"
"POINT (11.613023008000001 48.120785795000003)","Unfall 140201 (2016) Kat:3, Licht: 0","140201","3","2","5","06","18","3","","0","1","1","0","0"
"POINT (11.564376008000000 48.158110461000000)","Unfall 140203 (2016) Kat:3, Licht: 0","140203","3","3","5","06","10","3","","0","0","1","0","1"
"POINT (11.579091849999999 48.125744859000001)","Unfall 140210 (2016) Kat:3, Licht: 0","140210","3","2","5","06","07","5","","0","0","1","0","0"
"POINT (11.552831341999999 48.154965850000004)","Unfall 140213 (2016) Kat:3, Licht: 0","140213","3","7","0","06","07","5","","0","1","0","0","0"
"POINT (11.677144140999999 48.113899979999999)","Unfall 140214 (2016) Kat:3, Licht: 0","140214","3","6","3","06","11","3","","0","1","0","0","0"
"POINT (11.550378476000001 48.208364631000002)","Unfall 140224 (2016) Kat:3, Licht: 1","140224","3","2","6","06","21","3","","1","0","1","1","0"
"POINT (11.435097661000000 48.150054048999998)","Unfall 140225 (2016) Kat:3, Licht: 0","140225","3","3","5","06","18","5","","0","1","0","0","1"
"POINT (11.557667985000000 48.139270484999997)","Unfall 140226 (2016) Kat:3, Licht: 0","140226","3","5","1","06","19","4","","0","1","1","0","0"
"POINT (11.579537431000000 48.133962038999996)","Unfall 140233 (2016) Kat:3, Licht: 0","140233","3","1","0","06","20","5","","0","1","0","0","0"
"POINT (11.555856894000000 48.136195225000002)","Unfall 140235 (2016) Kat:3, Licht: 0","140235","3","6","3","06","07","3","","0","1","0","0","0"
"POINT (11.533738568000000 48.187225462000001)","Unfall 140236 (2016) Kat:3, Licht: 0","140236","3","2","4","06","08","4","","0","1","1","0","0"
"POINT (11.464850273000000 48.145212092000001)","Unfall 140239 (2016) Kat:2, Licht: 0","140239","2","3","5","06","08","3","","0","1","0","0","0"
"POINT (11.528414923000000 48.172677165000003)","Unfall 140242 (2016) Kat:3, Licht: 0","140242","3","2","5","06","16","3","","0","1","1","0","0"
"POINT (11.462285963999999 48.164776527000001)","Unfall 140243 (2016) Kat:3, Licht: 0","140243","3","2","5","06","15","4","","0","0","1","0","0"
"POINT (11.548324835000001 48.119342035999999)","Unfall 140244 (2016) Kat:3, Licht: 0","140244","3","3","5","06","09","4","","0","1","1","0","0"
"POINT (11.567527585000001 48.177393612000003)","Unfall 140249 (2016) Kat:2, Licht: 0","140249","2","7","0","06","06","3","","0","1","0","0","0"
"POINT (11.531644894999999 48.152622430000001)","Unfall 140251 (2016) Kat:3, Licht: 0","140251","3","2","5","06","15","3","","0","1","1","0","0"
"POINT (11.500961088000000 48.116315430000000)","Unfall 140265 (2016) Kat:3, Licht: 0","140265","3","4","6","06","09","3","","0","1","0","1","0"
"POINT (11.646297637000000 48.102767814000003)","Unfall 140266 (2016) Kat:3, Licht: 0","140266","3","6","2","06","11","5","","0","0","1","0","0"
"POINT (11.602940452000000 48.200797420999997)","Unfall 140277 (2016) Kat:3, Licht: 1","140277","3","1","0","06","20","5","","1","1","0","0","0"
"POINT (11.588599724000000 48.137403098000000)","Unfall 140280 (2016) Kat:3, Licht: 2","140280","3","7","0","06","00","5","","2","1","0","0","0"
"POINT (11.502720119999999 48.129009721000003)","Unfall 140288 (2016) Kat:3, Licht: 0","140288","3","6","2","06","09","4","","0","0","1","0","0"
"POINT (11.566995775000001 48.175371231000000)","Unfall 140290 (2016) Kat:3, Licht: 0","140290","3","6","2","06","07","4","","0","0","1","0","1"
"POINT (11.673675270000000 48.125783216999999)","Unfall 140294 (2016) Kat:3, Licht: 0","140294","3","6","3","06","08","3","","0","0","1","0","1"
"POINT (11.523348289999999 48.195031280000002)","Unfall 140297 (2016) Kat:3, Licht: 0","140297","3","2","5","06","18","4","","0","1","1","0","0"
"POINT (11.568036311000000 48.147604612999999)","Unfall 140298 (2016) Kat:3, Licht: 0","140298","3","3","5","06","10","4","","0","1","1","0","0"
"POINT (11.636241417999999 48.132559518000001)","Unfall 140303 (2016) Kat:2, Licht: 0","140303","2","2","5","06","15","3","","0","0","0","0","1"
"POINT (11.606392725999999 48.101197499999998)","Unfall 140307 (2016) Kat:3, Licht: 0","140307","3","7","0","06","13","3","","0","0","0","1","1"
"POINT (11.605917883000000 48.102553639999996)","Unfall 140314 (2016) Kat:3, Licht: 0","140314","3","6","3","06","16","5","","0","0","1","0","0"
"POINT (11.560889690000000 48.120211775000001)","Unfall 140316 (2016) Kat:3, Licht: 0","140316","3","6","1","06","08","3","","0","0","1","0","1"
"POINT (11.622122220000000 48.127970366000000)","Unfall 140317 (2016) Kat:3, Licht: 0","140317","3","3","5","06","16","5","","0","1","1","0","0"
"POINT (11.555736316999999 48.148097718999999)","Unfall 140326 (2016) Kat:3, Licht: 0","140326","3","2","0","06","11","5","","0","0","0","0","1"
"POINT (11.557620822000001 48.121525527000003)","Unfall 140328 (2016) Kat:3, Licht: 0","140328","3","3","5","06","09","3","","0","1","1","0","0"
"POINT (11.548069179000001 48.149555866999997)","Unfall 140329 (2016) Kat:3, Licht: 0","140329","3","2","0","06","21","5","","0","1","1","0","0"
"POINT (11.459014536000000 48.185344235000002)","Unfall 140330 (2016) Kat:2, Licht: 0","140330","2","3","5","06","17","4","","0","1","1","0","0"
"POINT (11.586244376000000 48.133587919000000)","Unfall 140337 (2016) Kat:3, Licht: 0","140337","3","3","5","06","09","5","","0","0","1","0","0"
"POINT (11.564076686000000 48.139335647999999)","Unfall 140339 (2016) Kat:3, Licht: 0","140339","3","5","1","06","18","3","","0","1","1","0","0"
"POINT (11.559867106000000 48.160539299000000)","Unfall 140340 (2016) Kat:3, Licht: 0","140340","3","3","5","06","15","4","","0","0","1","0","1"
"POINT (11.588223765000000 48.167407433000001)","Unfall 140343 (2016) Kat:3, Licht: 0","140343","3","2","0","06","07","3","","0","0","1","0","1"
"POINT (11.576623930000000 48.114008359000003)","Unfall 140346 (2016) Kat:3, Licht: 0","140346","3","3","5","06","08","4","","0","0","1","0","0"
"POINT (11.559463782000000 48.150003370999997)","Unfall 140348 (2016) Kat:3, Licht: 0","140348","3","5","3","06","13","3","","0","1","1","0","0"
"POINT (11.465304064000000 48.146140457000001)","Unfall 140349 (2016) Kat:3, Licht: 0","140349","3","2","5","06","13","4","","0","0","1","0","0"
"POINT (11.642336375999999 48.158636242000000)","Unfall 140350 (2016) Kat:3, Licht: 0","140350","3","7","0","06","13","4","","0","1","0","0","0"
"POINT (11.570085786000000 48.130897849000000)","Unfall 140354 (2016) Kat:3, Licht: 0","140354","3","7","0","06","16","3","","0","1","0","0","0"
"POINT (11.582708542000001 48.133856160000001)","Unfall 140356 (2016) Kat:2, Licht: 0","140356","2","7","0","06","09","3","","0","1","0","0","0"
"POINT (11.565182616000000 48.160883816000002)","Unfall 140363 (2016) Kat:3, Licht: 1","140363","3","2","5","06","21","5","","1","0","0","1","0"
"POINT (11.574868528000000 48.169051738999997)","Unfall 140369 (2016) Kat:3, Licht: 0","140369","3","1","1","06","14","5","","0","1","1","0","0"
"POINT (11.523307345999999 48.095552130000002)","Unfall 140376 (2016) Kat:3, Licht: 0","140376","3","4","6","06","12","5","","0","0","1","1","0"
"POINT (11.668455863000000 48.123572140999997)","Unfall 140382 (2016) Kat:3, Licht: 0","140382","3","5","1","06","09","5","","0","0","1","0","0"
"POINT (11.528505985000001 48.173949745000002)","Unfall 140390 (2016) Kat:2, Licht: 0","140390","2","4","6","06","17","4","","0","0","1","1","0"
"POINT (11.563162897000000 48.182342648000002)","Unfall 140398 (2016) Kat:3, Licht: 0","140398","3","3","5","06","15","4","","0","0","1","0","0"
"POINT (11.547217149000000 48.110079866000000)","Unfall 140399 (2016) Kat:3, Licht: 2","140399","3","7","0","06","21","4","","2","1","0","0","0"
"POINT (11.504976414000000 48.126111797999997)","Unfall 140416 (2016) Kat:3, Licht: 0","140416","3","6","2","06","16","5","","0","0","1","0","0"
"POINT (11.595377489000001 48.150663119999997)","Unfall 140421 (2016) Kat:2, Licht: 0","140421","2","6","3","06","16","3","","0","1","0","0","0"
"POINT (11.669356253000000 48.139858353000001)","Unfall 140424 (2016) Kat:2, Licht: 0","140424","2","3","5","06","07","5","","0","1","1","0","0"
"POINT (11.476134138999999 48.164384957999999)","Unfall 140428 (2016) Kat:3, Licht: 0","140428","3","2","0","06","08","3","","0","1","1","0","0"
"POINT (11.468405978000000 48.145769821000002)","Unfall 140430 (2016) Kat:3, Licht: 0","140430","3","2","5","06","07","5","","0","1","1","0","0"
"POINT (11.489670078000000 48.179513782000001)","Unfall 140433 (2016) Kat:3, Licht: 0","140433","3","7","5","06","13","5","","0","0","1","0","0"
"POINT (11.548800698000001 48.079064778999999)","Unfall 140434 (2016) Kat:3, Licht: 0","140434","3","3","5","06","07","4","","0","0","1","0","0"
"POINT (11.567615619000000 48.141791398000002)","Unfall 140443 (2016) Kat:3, Licht: 0","140443","3","7","0","06","19","4","","0","1","0","0","0"
"POINT (11.551706722000000 48.186095903999998)","Unfall 140448 (2016) Kat:3, Licht: 0","140448","3","2","2","06","10","4","","0","0","1","0","0"
"POINT (11.583900371000000 48.138360063000000)","Unfall 140449 (2016) Kat:3, Licht: 0","140449","3","5","1","06","16","4","","0","1","1","0","0"
"POINT (11.507135661000000 48.179153773000003)","Unfall 140452 (2016) Kat:3, Licht: 0","140452","3","3","5","07","12","7","","0","1","1","0","0"
"POINT (11.551306622000000 48.186113356000000)","Unfall 140462 (2016) Kat:3, Licht: 0","140462","3","3","1","07","19","6","","0","1","1","0","0"