WKT,Name,OBJECTID,UKATEGORIE,UTYP1,UART,UMONAT,USTUNDE,UWOCHENTAG,STRZUSTAND,ULICHTVERH,ISTRAD,ISTPKW,ISTFUSS,ISTKRAD
"POINT (11.560789119000001 48.173722910999999)","Unfall 140476 (2016) Kat:3, Licht: 0","140476","3","7","6","07","11","6","","0","0","1","1","0"
"POINT (11.546159549000000 48.122885644000000)","Unfall 140490 (2016) Kat:3, Licht: 0","140490","3","2","0","07","19","1","","0","1","1","0","0"
"POINT (11.556500223000000 48.221310852000002)","Unfall 140492 (2016) Kat:3, Licht: 0","140492","3","3","5","07","19","7","","0","0","1","0","0"
"POINT (11.527681574000001 48.218069114000002)","Unfall 140499 (2016) Kat:3, Licht: 0","140499","3","6","3","07","14","7","","0","0","1","0","1"
"POINT (11.591776004000000 48.141700745999998)","Unfall 140500 (2016) Kat:3, Licht: 0","140500","3","7","3","07","12","7","","0","0","1","0","0"
"POINT (11.532356564000001 48.161941783000003)","Unfall 140502 (2016) Kat:3, Licht: 0","140502","3","7","0","07","17","6","","0","1","0","0","0"
"POINT (11.646456149000000 48.107493165000001)","Unfall 140524 (2016) Kat:3, Licht: 0","140524","3","4","6","07","12","6","","0","0","0","1","1"
"POINT (11.690400767000000 48.133701692000002)","Unfall 140529 (2016) Kat:3, Licht: 0","140529","3","6","2","07","19","6","","0","0","1","0","0"
"POINT (11.564800315999999 48.138382698999997)","Unfall 140531 (2016) Kat:3, Licht: 0","140531","3","7","0","07","16","1","","0","1","1","0","0"
"POINT (11.573457239000000 48.126348726000003)","Unfall 140538 (2016) Kat:3, Licht: 0","140538","3","3","5","07","09","6","","0","1","1","0","0"
"POINT (11.573772707000000 48.170247865999997)","Unfall 140540 (2016) Kat:3, Licht: 0","140540","3","2","5","07","09","1","","0","1","1","0","0"
"POINT (11.584476992000001 48.146351691000000)","Unfall 140541 (2016) Kat:3, Licht: 0","140541","3","7","0","07","16","2","","0","1","0","0","0"
"POINT (11.529720301999999 48.182054180000002)","Unfall 140543 (2016) Kat:3, Licht: 1","140543","3","2","5","07","21","1","","1","0","1","0","0"
"POINT (11.518342562000001 48.140096890999999)","Unfall 140545 (2016) Kat:3, Licht: 1","140545","3","2","5","07","20","7","","1","0","1","0","0"
"POINT (11.495463279999999 48.136054715000000)","Unfall 140546 (2016) Kat:3, Licht: 1","140546","3","7","0","07","20","7","","1","1","0","0","0"
"POINT (11.511219192000000 48.154375412999997)","Unfall 140547 (2016) Kat:3, Licht: 0","140547","3","4","6","07","10","6","","0","0","1","1","0"
"POINT (11.542092969000000 48.095359948999999)","Unfall 140553 (2016) Kat:3, Licht: 0","140553","3","1","0","07","17","7","","0","1","0","0","0"
"POINT (11.633925245000000 48.110218564000000)","Unfall 140556 (2016) Kat:3, Licht: 0","140556","3","7","0","07","14","6","","0","1","0","0","0"
"POINT (11.573069983000000 48.095161554999997)","Unfall 140568 (2016) Kat:3, Licht: 0","140568","3","2","4","07","14","6","","0","1","1","0","0"
"POINT (11.601410580000000 48.107996872999998)","Unfall 140575 (2016) Kat:3, Licht: 0","140575","3","6","2","07","11","6","","0","0","1","0","0"
"POINT (11.597918925000000 48.122860998000000)","Unfall 140579 (2016) Kat:3, Licht: 0","140579","3","7","0","07","16","6","","0","1","0","0","0"
"POINT (11.604372982999999 48.106385985999999)","Unfall 140582 (2016) Kat:3, Licht: 0","140582","3","6","3","07","08","6","","0","1","0","0","0"
"POINT (11.499895698000000 48.116414929999998)","Unfall 140588 (2016) Kat:3, Licht: 2","140588","3","7","0","07","23","6","","2","1","0","0","0"
"POINT (11.578660715000000 48.134503572000000)","Unfall 140591 (2016) Kat:3, Licht: 0","140591","3","6","2","07","09","2","","0","0","1","0","0"
"POINT (11.626521275000000 48.168676912999999)","Unfall 140593 (2016) Kat:3, Licht: 0","140593","3","7","0","07","18","6","","0","0","1","0","0"
"POINT (11.532274550000000 48.184826631000000)","Unfall 140594 (2016) Kat:3, Licht: 2","140594","3","2","5","07","03","1","","2","0","1","0","0"
"POINT (11.583137104000000 48.133354214999997)","Unfall 140596 (2016) Kat:3, Licht: 2","140596","3","4","6","07","00","1","","2","0","0","1","1"
"POINT (11.510302783000000 48.227683712000001)","Unfall 140598 (2016) Kat:3, Licht: 0","140598","3","7","0","07","11","7","","0","1","0","0","0"
"POINT (11.593875616000000 48.128558187000003)","Unfall 140604 (2016) Kat:3, Licht: 2","140604","3","2","4","07","23","7","","2","0","1","0","0"
"POINT (11.562287676000000 48.212842041999998)","Unfall 140607 (2016) Kat:3, Licht: 2","140607","3","3","5","07","00","7","","2","0","1","0","0"
"POINT (11.541310108999999 48.123099977999999)","Unfall 140608 (2016) Kat:3, Licht: 2","140608","3","3","5","07","00","7","","2","1","1","0","0"
"POINT (11.638963018000000 48.146314685999997)","Unfall 140618 (2016) Kat:3, Licht: 0","140618","3","7","0","07","15","6","","0","0","1","1","0"
"POINT (11.570432129000000 48.156029009000001)","Unfall 140622 (2016) Kat:3, Licht: 0","140622","3","7","0","07","20","6","","0","1","0","0","0"
"POINT (11.449994858000000 48.173998212000001)","Unfall 140629 (2016) Kat:3, Licht: 0","140629","3","3","5","07","13","6","","0","1","0","0","0"
"POINT (11.567756009000000 48.131728068000001)","Unfall 140635 (2016) Kat:3, Licht: 0","140635","3","1","0","07","09","1","","0","1","0","0","0"
"POINT (11.562724280999999 48.144135079999998)","Unfall 140641 (2016) Kat:3, Licht: 0","140641","3","2","3","07","13","6","","0","1","1","0","0"
"POINT (11.589817418000001 48.122329149999999)","Unfall 140643 (2016) Kat:3, Licht: 0","140643","3","4","6","07","12","1","","0","0","1","1","0"
"POINT (11.582158279000000 48.152746172999997)","Unfall 140644 (2016) Kat:3, Licht: 0","140644","3","6","3","07","14","2","","0","1","0","0","0"
"POINT (11.571576062000000 48.131386870999997)","Unfall 140646 (2016) Kat:3, Licht: 0","140646","3","7","0","07","16","1","","0","1","0","0","0"
"POINT (11.502734689000000 48.135398287000001)","Unfall 140648 (2016) Kat:3, Licht: 0","140648","3","7","6","07","18","7","","0","0","1","1","0"
"POINT (11.540412414000000 48.164046814000002)","Unfall 140651 (2016) Kat:3, Licht: 0","140651","3","6","2","07","17","6","","0","0","1","0","0"
"POINT (11.475001593000000 48.120518423999997)","Unfall 140657 (2016) Kat:3, Licht: 0","140657","3","3","0","07","11","7","","0","1","1","0","0"
"POINT (11.481774166999999 48.122590359000000)","Unfall 140677 (2016) Kat:3, Licht: 0","140677","3","7","0","07","14","6","","0","1","0","0","0"
"POINT (11.582454344000000 48.184248074000003)","Unfall 140682 (2016) Kat:3, Licht: 0","140682","3","7","0","07","15","1","","0","1","1","0","0"
"POINT (11.456007935000001 48.148512510000003)","Unfall 140685 (2016) Kat:3, Licht: 0","140685","3","5","1","07","08","6","","0","1","1","0","0"
"POINT (11.593691924000000 48.128267888000003)","Unfall 140694 (2016) Kat:2, Licht: 0","140694","2","4","6","07","15","6","","0","1","0","1","0"
"POINT (11.589198913000001 48.137416405000003)","Unfall 140696 (2016) Kat:3, Licht: 0","140696","3","3","5","07","10","1","","0","0","1","0","1"
"POINT (11.569272733000000 48.140922963999998)","Unfall 140697 (2016) Kat:3, Licht: 0","140697","3","3","5","07","07","2","","0","1","0","0","0"
"POINT (11.583599143000001 48.135907363999998)","Unfall 140699 (2016) Kat:3, Licht: 0","140699","3","7","0","07","13","1","","0","1","0","0","0"
"POINT (11.563099548000000 48.141523075000002)","Unfall 140703 (2016) Kat:3, Licht: 2","140703","3","3","5","07","21","7","","2","0","1","0","0"
"POINT (11.608479064999999 48.151225586000002)","Unfall 140708 (2016) Kat:3, Licht: 0","140708","3","3","1","07","10","7","","0","0","1","0","1"
"POINT (11.672256515999999 48.143565328000001)","Unfall 140715 (2016) Kat:3, Licht: 0","140715","3","5","0","07","15","2","","0","1","0","0","0"
"POINT (11.559982758000000 48.143521266999997)","Unfall 140717 (2016) Kat:2, Licht: 0","140717","2","7","0","07","19","3","","0","1","0","0","0"
"POINT (11.461745842999999 48.140363305999998)","Unfall 140718 (2016) Kat:3, Licht: 0","140718","3","3","5","07","17","3","","0","0","1","0","1"
"POINT (11.586823383000000 48.137849381999999)","Unfall 140731 (2016) Kat:3, Licht: 0","140731","3","2","4","07","08","3","","0","1","0","0","0"
"POINT (11.563227209000001 48.159792246999999)","Unfall 140733 (2016) Kat:2, Licht: 0","140733","2","2","4","07","11","3","","0","1","1","0","0"
"POINT (11.562131480000000 48.125024115999999)","Unfall 140743 (2016) Kat:3, Licht: 0","140743","3","6","1","07","15","4","","0","0","1","0","0"
"POINT (11.573952906000001 48.144048245999997)","Unfall 140749 (2016) Kat:3, Licht: 0","140749","3","3","5","07","20","4","","0","0","1","0","1"
"POINT (11.541666574000001 48.139588451000002)","Unfall 140753 (2016) Kat:3, Licht: 0","140753","3","3","5","07","16","4","","0","0","1","0","0"
"POINT (11.585360208000001 48.159255594000001)","Unfall 140766 (2016) Kat:3, Licht: 0","140766","3","2","4","07","17","2","","0","0","1","0","1"
"POINT (11.539792574000000 48.125348981000002)","Unfall 140769 (2016) Kat:3, Licht: 0","140769","3","6","2","07","07","3","","0","0","1","0","1"
"POINT (11.560791199000001 48.130642221999999)","Unfall 140788 (2016) Kat:2, Licht: 0","140788","2","4","6","07","14","3","","0","1","0","1","0"
"POINT (11.479156519000000 48.115495977999998)","Unfall 140800 (2016) Kat:3, Licht: 0","140800","3","2","5","07","13","4","","0","1","0","0","0"
"POINT (11.560718940999999 48.145694538000001)","Unfall 140809 (2016) Kat:3, Licht: 0","140809","3","2","5","07","12","4","","0","0","1","0","0"
"POINT (11.593347512999999 48.085252083000000)","Unfall 140812 (2016) Kat:2, Licht: 0","140812","2","6","3","07","19","2","","0","1","1","0","0"
"POINT (11.584225787999999 48.187718994000001)","Unfall 140814 (2016) Kat:3, Licht: 0","140814","3","2","3","07","09","3","","0","1","0","0","0"
"POINT (11.589099148000001 48.131603022999997)","Unfall 140821 (2016) Kat:3, Licht: 0","140821","3","6","4","07","19","4","","0","1","0","0","0"
"POINT (11.502413391999999 48.150875321999997)","Unfall 140825 (2016) Kat:2, Licht: 0","140825","2","3","5","07","07","2","","0","1","1","0","0"
"POINT (11.506886503000000 48.171565856000001)","Unfall 140827 (2016) Kat:3, Licht: 0","140827","3","6","2","07","08","3","","0","0","1","0","0"
"POINT (11.504275024000000 48.151448766000001)","Unfall 140842 (2016) Kat:3, Licht: 0","140842","3","6","2","07","11","3","","0","0","1","0","0"
"POINT (11.565291826999999 48.123914667999998)","Unfall 140844 (2016) Kat:2, Licht: 2","140844","2","1","0","07","00","3","","2","1","0","0","0"
"POINT (11.492554974999999 48.140252586999999)","Unfall 140852 (2016) Kat:3, Licht: 0","140852","3","2","3","07","07","4","","0","0","1","0","0"
"POINT (11.594646229000000 48.110701435000003)","Unfall 140855 (2016) Kat:2, Licht: 2","140855","2","7","0","07","01","3","","2","1","0","0","0"
"POINT (11.572422245000000 48.130690905000002)","Unfall 140856 (2016) Kat:3, Licht: 0","140856","3","6","2","07","16","4","","0","0","1","0","0"
"POINT (11.558425326000000 48.130548373000003)","Unfall 140860 (2016) Kat:3, Licht: 0","140860","3","6","3","07","16","4","","0","0","1","0","0"
"POINT (11.479092778000000 48.122276810999999)","Unfall 140865 (2016) Kat:3, Licht: 0","140865","3","2","5","07","10","3","","0","1","1","0","0"
"POINT (11.625459322999999 48.148038219000000)","Unfall 140867 (2016) Kat:3, Licht: 0","140867","3","2","4","07","08","3","","0","0","1","0","1"
"POINT (11.592523183999999 48.179804920000002)","Unfall 140874 (2016) Kat:3, Licht: 0","140874","3","4","6","07","15","2","","0","1","0","1","0"
"POINT (11.594503369000000 48.127720216999997)","Unfall 140876 (2016) Kat:3, Licht: 0","140876","3","7","6","07","18","3","","0","1","0","1","0"
"POINT (11.567300418000000 48.176246800000001)","Unfall 140878 (2016) Kat:3, Licht: 0","140878","3","2","6","07","18","3","","0","0","1","1","0"
"POINT (11.543689607999999 48.124781548000001)","Unfall 140882 (2016) Kat:3, Licht: 0","140882","3","7","5","07","18","3","","0","1","1","0","0"
"POINT (11.549547123000000 48.186142529000001)","Unfall 140888 (2016) Kat:3, Licht: 0","140888","3","6","0","07","17","2","","0","0","0","0","1"
"POINT (11.594781561000000 48.132299570000001)","Unfall 140893 (2016) Kat:3, Licht: 0","140893","3","7","1","07","19","3","","0","1","1","0","0"
"POINT (11.584800335000001 48.191991911000002)","Unfall 140904 (2016) Kat:3, Licht: 0","140904","3","1","9","07","18","4","","0","0","0","0","1"
"POINT (11.589729158000001 48.137245628999999)","Unfall 140905 (2016) Kat:3, Licht: 0","140905","3","3","5","07","13","4","","0","1","0","0","1"
"POINT (11.572343657999999 48.120708190000002)","Unfall 140910 (2016) Kat:2, Licht: 0","140910","2","6","2","07","18","4","","0","1","0","0","0"
"POINT (11.550552599000000 48.139007734000003)","Unfall 140919 (2016) Kat:3, Licht: 0","140919","3","6","2","07","17","3","","0","0","1","0","0"
"POINT (11.459812051000000 48.168343276999998)","Unfall 140921 (2016) Kat:3, Licht: 0","140921","3","5","1","07","18","3","","0","1","1","0","0"
"POINT (11.626023942000000 48.171575425999997)","Unfall 140926 (2016) Kat:3, Licht: 0","140926","3","3","5","07","14","2","","0","0","1","0","1"
"POINT (11.575420655000000 48.119601218000000)","Unfall 140929 (2016) Kat:3, Licht: 0","140929","3","2","6","07","08","2","","0","0","1","1","0"
"POINT (11.562940877000001 48.131654834999999)","Unfall 140931 (2016) Kat:3, Licht: 0","140931","3","7","0","07","17","3","","0","1","0","0","0"
"POINT (11.563235961000000 48.208927291000002)","Unfall 140932 (2016) Kat:2, Licht: 0","140932","2","7","5","07","19","3","","0","0","1","0","1"
"POINT (11.593703851000001 48.128632840000002)","Unfall 140938 (2016) Kat:3, Licht: 0","140938","3","4","6","07","11","2","","0","0","1","1","0"
"POINT (11.541728055000000 48.133800444999999)","Unfall 140943 (2016) Kat:3, Licht: 2","140943","3","5","0","07","23","3","","2","1","1","0","0"
"POINT (11.545817059999999 48.122838926000000)","Unfall 140945 (2016) Kat:3, Licht: 0","140945","3","6","4","07","12","3","","0","1","0","0","0"
"POINT (11.610500416000001 48.124827017999998)","Unfall 140946 (2016) Kat:2, Licht: 0","140946","2","3","5","07","15","4","","0","1","0","0","0"
"POINT (11.585943955999999 48.170434727999996)","Unfall 140949 (2016) Kat:2, Licht: 0","140949","2","1","0","07","18","3","","0","1","0","0","0"
"POINT (11.575696102000000 48.184383412999999)","Unfall 140951 (2016) Kat:3, Licht: 0","140951","3","6","3","07","08","3","","0","1","0","0","0"
"POINT (11.540745325000000 48.125310814999999)","Unfall 140967 (2016) Kat:3, Licht: 0","140967","3","6","3","07","08","4","","0","0","0","0","1"
"POINT (11.569228430000001 48.128671937000000)","Unfall 140969 (2016) Kat:3, Licht: 0","140969","3","5","1","07","18","2","","0","1","1","0","0"
"POINT (11.529842929000001 48.217839961000003)","Unfall 140978 (2016) Kat:3, Licht: 0","140978","3","2","5","07","17","6","","0","0","1","0","1"
"POINT (11.587542354000000 48.184411760000003)","Unfall 140992 (2016) Kat:3, Licht: 0","140992","3","3","1","07","15","6","","0","0","1","0","1"
"POINT (11.502203593999999 48.109114781000002)","Unfall 140993 (2016) Kat:3, Licht: 0","140993","3","6","2","07","14","7","","0","0","1","0","0"
"POINT (11.580544819000000 48.144992322999997)","Unfall 140999 (2016) Kat:3, Licht: 0","140999","3","5","3","07","17","7","","0","1","1","0","0"
"POINT (11.561244840000001 48.154454332999997)","Unfall 141005 (2016) Kat:3, Licht: 0","141005","3","6","1","07","20","6","","0","0","1","0","0"
"POINT (11.496092465000000 48.116267313999998)","Unfall 141008 (2016) Kat:2, Licht: 0","141008","2","7","0","07","09","6","","0","1","0","0","0"
"POINT (11.574894928000001 48.161507262000001)","Unfall 141009 (2016) Kat:3, Licht: 0","141009","3","5","1","07","20","7","","0","0","1","0","1"
"POINT (11.577742475999999 48.182765377999999)","Unfall 141012 (2016) Kat:3, Licht: 0","141012","3","1","0","07","18","7","","0","1","0","0","0"
"POINT (11.507012271000001 48.139643466000003)","Unfall 141014 (2016) Kat:3, Licht: 0","141014","3","2","4","07","18","5","","0","0","1","0","0"
"POINT (11.644327539000001 48.097134009999998)","Unfall 141019 (2016) Kat:3, Licht: 0","141019","3","2","4","07","09","5","","0","1","1","0","0"
"POINT (11.584776370000000 48.132217167999997)","Unfall 141036 (2016) Kat:3, Licht: 1","141036","3","2","3","07","20","5","","1","1","1","0","0"
"POINT (11.629895610000000 48.126951243999997)","Unfall 141047 (2016) Kat:3, Licht: 0","141047","3","3","3","07","17","6","","0","1","1","0","0"
"POINT (11.629838951000000 48.127350370999999)","Unfall 141048 (2016) Kat:3, Licht: 0","141048","3","7","6","07","12","7","","0","1","0","1","0"
"POINT (11.529132847000000 48.162618025999997)","Unfall 141052 (2016) Kat:3, Licht: 0","141052","3","6","2","07","08","6","","0","0","1","0","0"
"POINT (11.576359350000001 48.112000295000001)","Unfall 141062 (2016) Kat:3, Licht: 0","141062","3","6","1","07","13","6","","0","0","1","0","0"
"POINT (11.437669845000000 48.174759735000002)","Unfall 141065 (2016) Kat:3, Licht: 0","141065","3","3","5","07","19","7","","0","0","1","0","0"
"POINT (11.587914806000001 48.131615928000002)","Unfall 141067 (2016) Kat:2, Licht: 0","141067","2","7","3","07","19","5","","0","1","0","0","0"
"POINT (11.585216966000001 48.180158630999998)","Unfall 141069 (2016) Kat:3, Licht: 0","141069","3","2","3","07","14","5","","0","1","0","0","0"
"POINT (11.599001021999999 48.112584212999998)","Unfall 141072 (2016) Kat:3, Licht: 0","141072","3","3","5","07","15","6","","0","0","1","0","0"
"POINT (11.540163531999999 48.116752839000000)","Unfall 141076 (2016) Kat:3, Licht: 0","141076","3","7","0","07","07","5","","0","1","0","0","0"
"POINT (11.610397782000000 48.101353668999998)","Unfall 141079 (2016) Kat:3, Licht: 2","141079","3","7","8","07","22","6","","2","0","0","0","1"
"POINT (11.554460235000001 48.137482120000001)","Unfall 141091 (2016) Kat:3, Licht: 0","141091","3","2","5","07","08","6","","0","0","1","0","1"
"POINT (11.616259101000001 48.113164128999998)","Unfall 141099 (2016) Kat:3, Licht: 0","141099","3","6","2","07","06","6","","0","0","1","0","1"
"POINT (11.529944745000000 48.129122989999999)","Unfall 141100 (2016) Kat:3, Licht: 0","141100","3","3","5","07","13","7","","0","1","1","0","0"
"POINT (11.429767037000000 48.186651290999997)","Unfall 141105 (2016) Kat:3, Licht: 0","141105","3","3","5","07","19","6","","0","0","1","0","0"
"POINT (11.615565324000000 48.198825497999998)","Unfall 141108 (2016) Kat:3, Licht: 0","141108","3","2","4","07","14","7","","0","0","1","0","1"
"POINT (11.559331348000001 48.145972575999998)","Unfall 141111 (2016) Kat:3, Licht: 0","141111","3","5","1","07","17","5","","0","1","1","0","0"
"POINT (11.500905526000000 48.164592558000002)","Unfall 141117 (2016) Kat:3, Licht: 0","141117","3","6","2","07","18","6","","0","0","1","0","0"
"POINT (11.564247171000000 48.121446915999996)","Unfall 141119 (2016) Kat:3, Licht: 0","141119","3","3","1","07","18","7","","0","0","1","0","0"
"POINT (11.567320323000001 48.209196233000000)","Unfall 141121 (2016) Kat:2, Licht: 2","141121","2","4","6","07","21","5","","2","0","0","1","1"
"POINT (11.581687713000001 48.157711110000001)","Unfall 141126 (2016) Kat:3, Licht: 0","141126","3","7","3","07","19","5","","0","0","1","0","1"
"POINT (11.555728103000000 48.148085029999997)","Unfall 141140 (2016) Kat:3, Licht: 0","141140","3","2","5","07","17","6","","0","1","1","0","0"
"POINT (11.470050058000000 48.166554132000002)","Unfall 141145 (2016) Kat:2, Licht: 0","141145","2","7","0","07","15","6","","0","1","0","0","0"
"POINT (11.648534312000001 48.111839035999999)","Unfall 141154 (2016) Kat:2, Licht: 0","141154","2","3","5","07","20","7","","0","0","1","0","1"
"POINT (11.502827022000000 48.127914398000001)","Unfall 141157 (2016) Kat:3, Licht: 2","141157","3","1","1","07","22","6","","2","0","1","0","0"
"POINT (11.540857348999999 48.120315814000001)","Unfall 141159 (2016) Kat:3, Licht: 0","141159","3","6","3","07","19","7","","0","0","1","0","1"
"POINT (11.448634129000000 48.150460592000002)","Unfall 141161 (2016) Kat:3, Licht: 0","141161","3","4","6","07","16","5","","0","0","1","1","0"
"POINT (11.583384924000001 48.154988084999999)","Unfall 141168 (2016) Kat:3, Licht: 0","141168","3","2","5","07","11","7","","0","1","0","0","0"
"POINT (11.580999211000000 48.149928813999999)","Unfall 141172 (2016) Kat:3, Licht: 0","141172","3","6","2","07","19","5","","0","1","1","0","0"
"POINT (11.603036010000000 48.112507481000002)","Unfall 141179 (2016) Kat:3, Licht: 0","141179","3","6","5","07","17","5","","0","1","0","0","1"
"POINT (11.616149692000000 48.148040915999999)","Unfall 141180 (2016) Kat:3, Licht: 0","141180","3","2","4","07","18","5","","0","0","1","1","0"
"POINT (11.668021614000001 48.135907099000001)","Unfall 141183 (2016) Kat:2, Licht: 0","141183","2","2","4","07","16","6","","0","1","1","0","0"
"POINT (11.599379409000001 48.187272071999999)","Unfall 141185 (2016) Kat:3, Licht: 0","141185","3","4","6","07","08","5","","0","1","0","1","0"
"POINT (11.554200626000000 48.125067747000003)","Unfall 141187 (2016) Kat:3, Licht: 0","141187","3","1","1","07","20","5","","0","1","1","0","0"
"POINT (11.593033126000000 48.143751547999997)","Unfall 141190 (2016) Kat:3, Licht: 0","141190","3","6","2","07","13","5","","0","0","1","0","0"
"POINT (11.562266218000000 48.125611087000003)","Unfall 141194 (2016) Kat:2, Licht: 2","141194","2","1","9","07","04","6","","2","1","0","0","0"
"POINT (11.556082893999999 48.210824477999999)","Unfall 141199 (2016) Kat:3, Licht: 0","141199","3","3","5","07","11","5","","0","1","1","0","0"
"POINT (11.632488336000000 48.173867297000001)","Unfall 141204 (2016) Kat:3, Licht: 0","141204","3","2","4","07","16","7","","0","0","1","0","1"
"POINT (11.464843857000000 48.145187114999999)","Unfall 141207 (2016) Kat:3, Licht: 0","141207","3","3","5","07","07","6","","0","1","1","0","0"
"POINT (11.503322730000001 48.147870013000002)","Unfall 141212 (2016) Kat:3, Licht: 0","141212","3","6","2","07","20","6","","0","0","1","0","0"
"POINT (11.558681985000000 48.150215160000002)","Unfall 141216 (2016) Kat:3, Licht: 0","141216","3","6","3","07","15","5","","0","0","1","0","0"
"POINT (11.530078675000000 48.169245742000001)","Unfall 141223 (2016) Kat:3, Licht: 0","141223","3","7","6","07","17","7","","0","1","0","1","0"
"POINT (11.500927978000000 48.094700553000003)","Unfall 141224 (2016) Kat:3, Licht: 0","141224","3","6","2","07","12","5","","0","0","1","0","1"
"POINT (11.528410350000000 48.172672876999997)","Unfall 141225 (2016) Kat:3, Licht: 2","141225","3","2","5","07","23","5","","2","1","1","0","0"
"POINT (11.502705467000000 48.128973373000001)","Unfall 141227 (2016) Kat:3, Licht: 0","141227","3","3","5","07","11","7","","0","0","1","0","1"
"POINT (11.565870042000000 48.178035924000000)","Unfall 141228 (2016) Kat:3, Licht: 0","141228","3","3","5","07","07","5","","0","0","1","0","0"
"POINT (11.456878489999999 48.140322298000001)","Unfall 141229 (2016) Kat:2, Licht: 0","141229","2","7","6","07","10","5","","0","1","0","1","0"
"POINT (11.555949561000000 48.138941965000001)","Unfall 141233 (2016) Kat:3, Licht: 0","141233","3","6","3","07","19","5","","0","0","1","0","1"
"POINT (11.559530048999999 48.145246989999997)","Unfall 141241 (2016) Kat:3, Licht: 0","141241","3","7","1","07","14","3","","0","1","1","0","0"
"POINT (11.573702259999999 48.177522570000001)","Unfall 141247 (2016) Kat:3, Licht: 0","141247","3","6","3","07","09","2","","0","1","0","0","0"
"POINT (11.555792977999999 48.129893400000000)","Unfall 141253 (2016) Kat:3, Licht: 0","141253","3","4","6","07","16","3","","0","0","1","1","0"
"POINT (11.562924057000000 48.146469011000001)","Unfall 141254 (2016) Kat:3, Licht: 0","141254","3","2","5","07","07","3","","0","1","1","0","0"
"POINT (11.649988435999999 48.092284624999998)","Unfall 141265 (2016) Kat:2, Licht: 0","141265","2","4","6","07","09","3","","0","0","0","1","0"
"POINT (11.601246985000000 48.115355999999998)","Unfall 141267 (2016) Kat:3, Licht: 0","141267","3","6","0","07","10","3","","0","0","1","0","1"
"POINT (11.562997386999999 48.151465121999998)","Unfall 141269 (2016) Kat:3, Licht: 1","141269","3","7","0","07","20","2","","1","1","1","0","0"
"POINT (11.495787833000000 48.137847811999997)","Unfall 141276 (2016) Kat:3, Licht: 0","141276","3","3","5","07","07","2","","0","1","1","0","0"
"POINT (11.661896928999999 48.105283980000003)","Unfall 141278 (2016) Kat:3, Licht: 0","141278","3","5","0","07","16","2","","0","0","0","0","0"
"POINT (11.609415046000001 48.136321471999999)","Unfall 141282 (2016) Kat:3, Licht: 0","141282","3","6","3","07","07","3","","0","1","1","0","0"
"POINT (11.615865615000001 48.145621314000003)","Unfall 141286 (2016) Kat:3, Licht: 0","141286","3","2","4","07","08","2","","0","1","1","0","0"
"POINT (11.568646958000000 48.162161513999997)","Unfall 141291 (2016) Kat:3, Licht: 0","141291","3","1","0","07","15","3","","0","1","0","0","0"
"POINT (11.570895488000000 48.152059987999998)","Unfall 141292 (2016) Kat:3, Licht: 0","141292","3","2","5","07","18","3","","0","1","1","0","0"
"POINT (11.615563904000000 48.155401777999998)","Unfall 141299 (2016) Kat:3, Licht: 0","141299","3","3","5","07","16","3","","0","0","1","0","0"
"POINT (11.571013079000000 48.158395640999998)","Unfall 141308 (2016) Kat:3, Licht: 0","141308","3","1","9","07","08","3","","0","1","0","0","0"
"POINT (11.567913653000000 48.140399455000001)","Unfall 141309 (2016) Kat:3, Licht: 0","141309","3","2","5","07","15","3","","0","1","1","0","0"
"POINT (11.559734696000000 48.119455981000002)","Unfall 141313 (2016) Kat:3, Licht: 0","141313","3","3","5","07","08","2","","0","1","0","0","1"
"POINT (11.549782134999999 48.117658040000002)","Unfall 141325 (2016) Kat:3, Licht: 0","141325","3","3","5","07","06","2","","0","1","1","0","0"
"POINT (11.542161869999999 48.162850337000002)","Unfall 141336 (2016) Kat:3, Licht: 0","141336","3","6","3","07","12","2","","0","0","1","0","1"
"POINT (11.459273758000000 48.146424838000002)","Unfall 141341 (2016) Kat:3, Licht: 0","141341","3","4","0","07","13","3","","0","0","0","1","0"
"POINT (11.536428965000001 48.082518854000000)","Unfall 141347 (2016) Kat:3, Licht: 0","141347","3","3","5","07","07","2","","0","0","1","0","1"
"POINT (11.585953006000000 48.170338031000000)","Unfall 141351 (2016) Kat:3, Licht: 0","141351","3","3","5","07","12","3","","0","1","1","0","0"
"POINT (11.468749007000000 48.151506237000000)","Unfall 141364 (2016) Kat:3, Licht: 0","141364","3","3","5","07","19","3","","0","0","1","0","1"
"POINT (11.567467836000001 48.209347184999999)","Unfall 141387 (2016) Kat:3, Licht: 0","141387","3","3","6","07","18","2","","0","1","0","1","0"
"POINT (11.563167475000000 48.126721250000003)","Unfall 141391 (2016) Kat:3, Licht: 0","141391","3","2","3","07","07","3","","0","1","0","0","0"
"POINT (11.655692326000000 48.109088571999997)","Unfall 141392 (2016) Kat:3, Licht: 0","141392","3","1","0","07","11","1","","0","1","0","0","0"
"POINT (11.593976508000001 48.191704713999997)","Unfall 141394 (2016) Kat:3, Licht: 0","141394","3","6","2","07","18","3","","0","0","1","0","0"
"POINT (11.522785901000001 48.153210524000002)","Unfall 141398 (2016) Kat:3, Licht: 0","141398","3","5","1","07","20","1","","0","1","1","0","0"
"POINT (11.646014220000000 48.139915744000000)","Unfall 141399 (2016) Kat:3, Licht: 0","141399","3","3","5","07","18","1","","0","1","1","0","0"