WKT,Name,OBJECTID,UKATEGORIE,UTYP1,UART,UMONAT,USTUNDE,UWOCHENTAG,STRZUSTAND,ULICHTVERH,ISTRAD,ISTPKW,ISTFUSS,ISTKRAD
"POINT (11.566557904000000 48.184526912999999)","Unfall 141402 (2016) Kat:3, Licht: 0","141402","3","2","3","07","09","3","","0","1","0","0","0"
"POINT (11.537046434000001 48.176288735000000)","Unfall 141414 (2016) Kat:3, Licht: 0","141414","3","6","2","07","20","1","","0","0","1","0","0"
"POINT (11.536318273999999 48.153630407000001)","Unfall 141418 (2016) Kat:3, Licht: 0","141418","3","7","0","07","08","3","","0","1","0","0","0"
"POINT (11.540022134000001 48.155530071999998)","Unfall 141424 (2016) Kat:3, Licht: 0","141424","3","7","0","07","18","1","","0","1","0","0","0"
"POINT (11.502611197000000 48.126049805999997)","Unfall 141426 (2016) Kat:3, Licht: 0","141426","3","2","5","07","17","1","","0","1","0","0","0"
"POINT (11.568256142999999 48.132469278000002)","Unfall 141431 (2016) Kat:3, Licht: 0","141431","3","2","3","07","19","2","","0","1","1","0","0"
"POINT (11.529067291000000 48.099821798999997)","Unfall 141438 (2016) Kat:3, Licht: 2","141438","3","2","5","07","22","2","","2","0","1","0","0"
"POINT (11.529774724999999 48.182056846999998)","Unfall 141442 (2016) Kat:3, Licht: 0","141442","3","2","4","07","08","2","","0","0","1","0","1"
"POINT (11.558019356999999 48.145760680000002)","Unfall 141444 (2016) Kat:3, Licht: 2","141444","3","3","3","07","00","1","","2","1","0","0","0"
"POINT (11.537472528000000 48.154116850999998)","Unfall 141446 (2016) Kat:3, Licht: 1","141446","3","3","5","07","21","3","","1","0","1","0","0"
"POINT (11.563354819000001 48.137404920999998)","Unfall 141450 (2016) Kat:3, Licht: 0","141450","3","6","0","07","16","2","","0","1","0","0","1"
"POINT (11.549643795000000 48.157543621999999)","Unfall 141457 (2016) Kat:3, Licht: 0","141457","3","7","0","07","08","3","","0","1","0","0","0"
"POINT (11.613666912999999 48.127094894999999)","Unfall 141470 (2016) Kat:2, Licht: 0","141470","2","7","3","07","14","2","","0","0","1","0","1"
"POINT (11.477668113000000 48.154886713000003)","Unfall 141485 (2016) Kat:3, Licht: 0","141485","3","3","5","07","07","2","","0","1","1","0","0"
"POINT (11.564839363999999 48.138040484000001)","Unfall 141486 (2016) Kat:3, Licht: 0","141486","3","6","2","07","11","2","","0","0","1","0","1"
"POINT (11.508469804000001 48.170379269000001)","Unfall 141495 (2016) Kat:3, Licht: 0","141495","3","5","1","07","14","2","","0","1","1","0","0"
"POINT (11.648281172000001 48.111699346000002)","Unfall 141496 (2016) Kat:3, Licht: 0","141496","3","6","2","07","11","2","","0","0","1","0","0"
"POINT (11.564890245000001 48.150943192000000)","Unfall 141501 (2016) Kat:3, Licht: 0","141501","3","6","3","07","15","5","","0","0","1","0","0"
"POINT (11.571420990000000 48.137203759000002)","Unfall 141502 (2016) Kat:3, Licht: 0","141502","3","6","4","07","17","5","","0","1","0","0","1"
"POINT (11.579422946999999 48.115166414999997)","Unfall 141522 (2016) Kat:3, Licht: 2","141522","3","3","5","07","21","7","","2","0","1","0","1"
"POINT (11.606644834000001 48.142406453000000)","Unfall 141532 (2016) Kat:3, Licht: 0","141532","3","5","1","07","15","1","","0","1","1","0","0"
"POINT (11.589694005000000 48.166898437000000)","Unfall 141551 (2016) Kat:3, Licht: 0","141551","3","7","0","07","11","7","","0","1","0","0","0"
"POINT (11.502478391000000 48.120419216000002)","Unfall 141563 (2016) Kat:3, Licht: 0","141563","3","6","2","07","12","7","","0","0","1","0","0"
"POINT (11.518360764000001 48.139880040999998)","Unfall 141569 (2016) Kat:2, Licht: 0","141569","2","7","9","07","13","7","","0","0","1","0","0"
"POINT (11.465339032999999 48.146264416999998)","Unfall 141575 (2016) Kat:3, Licht: 0","141575","3","7","0","07","12","1","","0","0","0","0","1"
"POINT (11.671904961999999 48.122646346000003)","Unfall 141581 (2016) Kat:3, Licht: 0","141581","3","2","3","07","17","7","","0","0","1","0","1"
"POINT (11.422846213000000 48.172405775999998)","Unfall 141589 (2016) Kat:2, Licht: 0","141589","2","6","3","07","10","7","","0","0","1","0","1"
"POINT (11.566361371999999 48.163369347000000)","Unfall 141611 (2016) Kat:3, Licht: 1","141611","3","2","4","07","21","7","","1","1","1","0","0"
"POINT (11.622464254000000 48.155963632999999)","Unfall 141616 (2016) Kat:3, Licht: 0","141616","3","1","0","07","14","4","","0","1","0","0","0"
"POINT (11.605586319000000 48.126172945999997)","Unfall 141623 (2016) Kat:2, Licht: 0","141623","2","4","6","07","19","7","","0","0","1","1","0"
"POINT (11.503037579000001 48.135505037999998)","Unfall 141627 (2016) Kat:3, Licht: 0","141627","3","2","5","07","14","4","","0","0","1","0","0"
"POINT (11.564990743999999 48.140949096000000)","Unfall 141629 (2016) Kat:3, Licht: 0","141629","3","1","1","07","15","1","","0","0","1","0","1"
"POINT (11.568182069000001 48.140894179999997)","Unfall 141638 (2016) Kat:3, Licht: 0","141638","3","4","6","07","16","6","","0","1","0","1","0"
"POINT (11.562722597000000 48.161038714999997)","Unfall 141640 (2016) Kat:2, Licht: 0","141640","2","4","6","07","16","4","","0","0","1","1","0"
"POINT (11.600110062000001 48.119534623000000)","Unfall 141647 (2016) Kat:3, Licht: 0","141647","3","6","4","07","07","4","","0","0","1","0","0"
"POINT (11.613164490999999 48.124682653000001)","Unfall 141648 (2016) Kat:3, Licht: 0","141648","3","2","5","07","11","6","","0","1","1","0","0"
"POINT (11.685855273000000 48.121008791999998)","Unfall 141650 (2016) Kat:3, Licht: 0","141650","3","7","0","07","13","7","","0","1","0","0","0"
"POINT (11.568259290000000 48.159058354999999)","Unfall 141651 (2016) Kat:3, Licht: 0","141651","3","6","2","07","09","4","","0","0","1","0","0"
"POINT (11.473388927000000 48.129148213000001)","Unfall 141656 (2016) Kat:3, Licht: 0","141656","3","3","5","07","08","6","","0","1","1","0","0"
"POINT (11.568654124000000 48.131291652999998)","Unfall 141658 (2016) Kat:3, Licht: 0","141658","3","7","0","07","08","4","","0","1","0","0","0"
"POINT (11.563861588000000 48.204384861999998)","Unfall 141667 (2016) Kat:3, Licht: 1","141667","3","7","0","07","21","6","","1","0","1","0","0"
"POINT (11.586379376000000 48.165108361999998)","Unfall 141669 (2016) Kat:3, Licht: 0","141669","3","2","5","07","08","4","","0","0","1","0","0"
"POINT (11.555846869000000 48.135882117999998)","Unfall 141677 (2016) Kat:3, Licht: 0","141677","3","7","3","07","15","7","","0","0","1","0","1"
"POINT (11.564887181000000 48.128917203999997)","Unfall 141678 (2016) Kat:3, Licht: 0","141678","3","2","2","07","07","6","","0","0","1","0","0"
"POINT (11.502828457000000 48.135395078999998)","Unfall 141681 (2016) Kat:3, Licht: 0","141681","3","3","5","07","18","4","","0","0","1","0","0"
"POINT (11.562720086000001 48.148811193999997)","Unfall 141682 (2016) Kat:3, Licht: 2","141682","3","1","0","07","22","7","","2","1","0","0","0"
"POINT (11.585216592000000 48.192013897999999)","Unfall 141683 (2016) Kat:3, Licht: 0","141683","3","7","8","07","15","6","","0","1","0","0","0"
"POINT (11.568859448000000 48.147372398999998)","Unfall 141687 (2016) Kat:3, Licht: 0","141687","3","6","2","07","13","1","","0","1","1","0","0"
"POINT (11.563624003999999 48.150187144000000)","Unfall 141692 (2016) Kat:3, Licht: 0","141692","3","5","1","07","12","7","","0","1","1","0","0"
"POINT (11.586135560000001 48.167948633999998)","Unfall 141694 (2016) Kat:3, Licht: 0","141694","3","6","2","07","12","4","","0","0","1","0","0"
"POINT (11.413200282000000 48.150329278000001)","Unfall 141696 (2016) Kat:3, Licht: 0","141696","3","4","6","07","11","5","","0","0","1","1","0"
"POINT (11.582339420000000 48.144672180000001)","Unfall 141699 (2016) Kat:3, Licht: 1","141699","3","7","0","07","04","1","","1","0","1","0","0"
"POINT (11.577419055000000 48.128483330000002)","Unfall 141701 (2016) Kat:3, Licht: 0","141701","3","6","1","07","11","5","","0","0","1","0","0"
"POINT (11.567019031999999 48.147889423000002)","Unfall 141703 (2016) Kat:3, Licht: 0","141703","3","6","0","07","17","4","","0","0","1","0","1"
"POINT (11.502986639000000 48.125588725999997)","Unfall 141704 (2016) Kat:3, Licht: 0","141704","3","3","5","07","19","6","","0","0","1","0","0"
"POINT (11.582852105000001 48.133747110000002)","Unfall 141707 (2016) Kat:3, Licht: 0","141707","3","4","6","07","16","5","","0","1","1","1","0"
"POINT (11.479416751000000 48.123968910999999)","Unfall 141708 (2016) Kat:3, Licht: 0","141708","3","3","5","07","11","6","","0","0","1","0","0"
"POINT (11.558344765999999 48.161128175000002)","Unfall 141710 (2016) Kat:3, Licht: 2","141710","3","6","2","07","21","4","","2","0","1","0","1"
"POINT (11.674971509000001 48.127486832000002)","Unfall 141711 (2016) Kat:3, Licht: 0","141711","3","6","2","07","14","6","","0","0","1","0","0"
"POINT (11.563803463999999 48.133408922000001)","Unfall 141712 (2016) Kat:3, Licht: 0","141712","3","3","5","07","19","5","","0","1","0","0","0"
"POINT (11.582249153999999 48.119694692000003)","Unfall 141715 (2016) Kat:1, Licht: 0","141715","1","1","3","07","16","4","","0","1","1","0","0"
"POINT (11.576961486000000 48.138953624999999)","Unfall 141718 (2016) Kat:3, Licht: 0","141718","3","5","0","07","18","5","","0","1","0","0","0"
"POINT (11.561496553000000 48.146895051000001)","Unfall 141721 (2016) Kat:3, Licht: 2","141721","3","3","5","07","01","7","","2","0","1","0","0"
"POINT (11.628534499000001 48.103567654000003)","Unfall 141722 (2016) Kat:3, Licht: 0","141722","3","3","5","07","12","6","","0","0","1","0","1"
"POINT (11.413069151000000 48.150737818000003)","Unfall 141724 (2016) Kat:3, Licht: 0","141724","3","3","5","07","16","4","","0","1","1","0","0"
"POINT (11.568886738000000 48.092763621000003)","Unfall 141734 (2016) Kat:3, Licht: 0","141734","3","6","2","07","16","6","","0","0","1","0","0"
"POINT (11.479033484000000 48.123055848000000)","Unfall 141736 (2016) Kat:3, Licht: 0","141736","3","6","2","07","18","4","","0","0","1","0","0"
"POINT (11.577773652999999 48.157747006999998)","Unfall 141739 (2016) Kat:3, Licht: 0","141739","3","2","4","07","19","1","","0","1","1","0","0"
"POINT (11.510637095000000 48.126845608000004)","Unfall 141740 (2016) Kat:3, Licht: 0","141740","3","6","3","07","08","5","","0","0","1","0","0"
"POINT (11.540831376000000 48.118365326999999)","Unfall 141745 (2016) Kat:3, Licht: 0","141745","3","6","2","07","16","4","","0","0","1","0","0"
"POINT (11.502260139000001 48.106453252000001)","Unfall 141747 (2016) Kat:3, Licht: 0","141747","3","6","2","07","09","5","","0","0","1","0","0"
"POINT (11.578438130000000 48.121479635999997)","Unfall 141752 (2016) Kat:3, Licht: 0","141752","3","2","3","07","10","6","","0","1","1","0","0"
"POINT (11.565395861000001 48.137920522000002)","Unfall 141754 (2016) Kat:3, Licht: 0","141754","3","7","0","07","13","4","","0","0","0","0","1"
"POINT (11.580408128000000 48.135672139999997)","Unfall 141756 (2016) Kat:3, Licht: 0","141756","3","4","6","07","13","6","","0","0","1","1","0"
"POINT (11.547190652999999 48.159266547999998)","Unfall 141757 (2016) Kat:3, Licht: 0","141757","3","4","6","07","17","5","","0","0","1","1","0"
"POINT (11.566504717000001 48.140483121999999)","Unfall 141760 (2016) Kat:3, Licht: 0","141760","3","6","1","07","12","6","","0","0","1","0","0"
"POINT (11.538134811000001 48.116971782999997)","Unfall 141763 (2016) Kat:3, Licht: 0","141763","3","3","5","07","16","5","","0","1","1","0","0"
"POINT (11.551260892000000 48.100664774000002)","Unfall 141766 (2016) Kat:3, Licht: 0","141766","3","4","0","07","19","5","","0","0","1","1","0"
"POINT (11.642881967999999 48.084977182999999)","Unfall 141772 (2016) Kat:3, Licht: 0","141772","3","7","0","07","18","3","","0","0","0","0","0"
"POINT (11.569348896999999 48.121728748000002)","Unfall 141783 (2016) Kat:3, Licht: 0","141783","3","7","0","07","19","3","","0","1","0","0","0"
"POINT (11.581671115000001 48.150994646999997)","Unfall 141786 (2016) Kat:3, Licht: 0","141786","3","7","6","07","18","2","","0","1","0","1","0"
"POINT (11.547133355000000 48.139346355000001)","Unfall 141795 (2016) Kat:3, Licht: 0","141795","3","2","5","07","17","3","","0","1","1","0","0"
"POINT (11.564499232999999 48.133507995999999)","Unfall 141803 (2016) Kat:3, Licht: 0","141803","3","2","3","07","13","3","","0","0","1","0","1"
"POINT (11.567528506000000 48.145152490000001)","Unfall 141808 (2016) Kat:3, Licht: 0","141808","3","6","3","07","19","3","","0","1","0","0","0"
"POINT (11.570526385999999 48.142760160000002)","Unfall 141814 (2016) Kat:3, Licht: 0","141814","3","4","6","07","10","3","","0","0","1","1","0"
"POINT (11.588382269000000 48.131684385000000)","Unfall 141895 (2016) Kat:3, Licht: 0","141895","3","2","5","07","13","2","","0","1","1","0","0"
"POINT (11.596566463000000 48.181491596000001)","Unfall 141907 (2016) Kat:2, Licht: 0","141907","2","7","5","07","19","2","","0","1","1","0","0"
"POINT (11.572709562000000 48.142776038000001)","Unfall 141921 (2016) Kat:3, Licht: 0","141921","3","3","1","07","09","2","","0","0","1","0","0"
"POINT (11.557182572000000 48.186320848000001)","Unfall 141931 (2016) Kat:3, Licht: 0","141931","3","2","5","07","09","2","","0","1","1","0","0"
"POINT (11.634038178999999 48.125917496000000)","Unfall 141938 (2016) Kat:3, Licht: 0","141938","3","2","4","07","16","2","","0","1","1","0","0"
"POINT (11.592424691000000 48.126492544000001)","Unfall 141939 (2016) Kat:3, Licht: 0","141939","3","6","2","07","15","2","","0","0","0","0","1"
"POINT (11.530783331000000 48.178615878000002)","Unfall 141945 (2016) Kat:3, Licht: 0","141945","3","5","1","07","09","3","","0","1","1","0","0"
"POINT (11.644323059000000 48.097478850999998)","Unfall 141949 (2016) Kat:3, Licht: 0","141949","3","4","6","07","17","3","","0","1","0","0","0"
"POINT (11.564884501000000 48.167897203999999)","Unfall 141950 (2016) Kat:3, Licht: 0","141950","3","2","4","07","15","2","","0","0","1","0","0"
"POINT (11.592413664000000 48.145410810999998)","Unfall 141956 (2016) Kat:2, Licht: 0","141956","2","5","1","07","18","4","","0","1","0","0","0"
"POINT (11.412808142999999 48.137473370000002)","Unfall 141960 (2016) Kat:3, Licht: 0","141960","3","3","5","07","18","2","","0","0","1","0","0"
"POINT (11.573631552000000 48.135846948999998)","Unfall 141963 (2016) Kat:3, Licht: 0","141963","3","7","6","07","09","2","","0","0","1","1","0"
"POINT (11.553264320000000 48.204165768999999)","Unfall 141967 (2016) Kat:3, Licht: 0","141967","3","5","1","07","20","3","","0","0","0","0","1"
"POINT (11.563336242000000 48.136328923000001)","Unfall 141971 (2016) Kat:3, Licht: 2","141971","3","4","6","07","22","3","","2","0","1","1","0"
"POINT (11.577200645000000 48.115797923999999)","Unfall 141973 (2016) Kat:3, Licht: 0","141973","3","2","3","07","14","2","","0","0","1","0","1"
"POINT (11.474519719000000 48.142312769999997)","Unfall 141976 (2016) Kat:3, Licht: 0","141976","3","2","4","07","07","3","","0","1","1","0","0"
"POINT (11.577208353000000 48.135311696999999)","Unfall 141979 (2016) Kat:3, Licht: 0","141979","3","7","0","07","17","3","","0","0","0","1","0"
"POINT (11.566524932000000 48.133691399000000)","Unfall 141985 (2016) Kat:3, Licht: 0","141985","3","7","0","07","14","2","","0","0","1","0","1"
"POINT (11.574923138000001 48.135306335000003)","Unfall 141988 (2016) Kat:3, Licht: 0","141988","3","5","0","07","13","4","","0","1","1","0","0"
"POINT (11.578535994999999 48.144708608999998)","Unfall 141990 (2016) Kat:2, Licht: 2","141990","2","7","0","07","03","3","","2","1","0","0","0"
"POINT (11.518287482000000 48.150142365000001)","Unfall 141993 (2016) Kat:3, Licht: 0","141993","3","3","5","07","19","2","","0","1","0","0","0"
"POINT (11.529262105000001 48.152235994999998)","Unfall 141994 (2016) Kat:3, Licht: 0","141994","3","6","3","07","16","2","","0","1","0","0","0"
"POINT (11.495713072999999 48.137842229000000)","Unfall 141997 (2016) Kat:3, Licht: 0","141997","3","2","0","07","10","2","","0","0","1","0","1"
"POINT (11.552245600999999 48.186098889000000)","Unfall 142002 (2016) Kat:3, Licht: 0","142002","3","6","3","07","10","3","","0","0","1","0","1"
"POINT (11.679413823000001 48.082386026000002)","Unfall 142004 (2016) Kat:3, Licht: 0","142004","3","1","0","07","06","2","","0","0","0","0","1"
"POINT (11.599585673000000 48.125366176999997)","Unfall 142005 (2016) Kat:3, Licht: 0","142005","3","1","0","07","15","2","","0","0","0","0","0"
"POINT (11.577618515999999 48.136352871000000)","Unfall 142011 (2016) Kat:3, Licht: 1","142011","3","7","0","07","21","4","","1","1","1","0","0"
"POINT (11.563449095999999 48.137404922000002)","Unfall 142020 (2016) Kat:3, Licht: 0","142020","3","6","1","07","14","3","","0","0","1","0","1"
"POINT (11.619721358000000 48.168160835999998)","Unfall 142023 (2016) Kat:3, Licht: 0","142023","3","5","1","07","19","2","","0","1","1","0","0"
"POINT (11.631424002999999 48.120640536000003)","Unfall 142025 (2016) Kat:3, Licht: 0","142025","3","4","6","07","08","3","","0","0","1","1","0"
"POINT (11.511477342999999 48.139324088999999)","Unfall 142029 (2016) Kat:3, Licht: 0","142029","3","4","6","07","11","3","","0","0","1","1","0"
"POINT (11.625465784999999 48.148124959000000)","Unfall 142031 (2016) Kat:3, Licht: 0","142031","3","3","5","07","06","2","","0","1","1","0","0"
"POINT (11.575385067999999 48.119551055999999)","Unfall 142035 (2016) Kat:3, Licht: 0","142035","3","3","1","07","11","2","","0","0","1","0","1"
"POINT (11.593996619000000 48.128609863000001)","Unfall 142052 (2016) Kat:2, Licht: 0","142052","2","3","5","07","12","7","","0","0","1","0","1"
"POINT (11.549104323000000 48.160297415999999)","Unfall 142061 (2016) Kat:3, Licht: 0","142061","3","1","7","07","16","5","","0","1","0","0","0"
"POINT (11.567624546999999 48.176580309000002)","Unfall 142065 (2016) Kat:3, Licht: 2","142065","3","7","0","07","21","7","","2","0","1","0","0"
"POINT (11.533466341000000 48.152965080999998)","Unfall 142071 (2016) Kat:3, Licht: 0","142071","3","2","5","07","19","5","","0","1","1","0","0"
"POINT (11.503078673999999 48.087614985999998)","Unfall 142073 (2016) Kat:2, Licht: 0","142073","2","3","5","07","15","5","","0","0","0","1","0"
"POINT (11.575891727000000 48.131019821000002)","Unfall 142077 (2016) Kat:3, Licht: 2","142077","3","4","6","07","23","5","","2","1","0","1","0"
"POINT (11.475407771000000 48.106156145000000)","Unfall 142084 (2016) Kat:3, Licht: 0","142084","3","7","0","07","08","5","","0","0","0","0","1"
"POINT (11.578261839000000 48.136192508999997)","Unfall 142093 (2016) Kat:3, Licht: 0","142093","3","4","6","07","13","5","","0","0","1","1","0"
"POINT (11.584524126000000 48.134244741000003)","Unfall 142111 (2016) Kat:3, Licht: 0","142111","3","5","3","07","10","5","","0","1","1","0","0"
"POINT (11.603467627000001 48.111591613999998)","Unfall 142113 (2016) Kat:3, Licht: 0","142113","3","2","5","07","11","7","","0","1","1","0","0"
"POINT (11.590307692000000 48.122396539999997)","Unfall 142120 (2016) Kat:3, Licht: 0","142120","3","3","5","07","20","5","","0","0","1","0","0"
"POINT (11.565146956000000 48.152524001000003)","Unfall 142124 (2016) Kat:3, Licht: 0","142124","3","2","5","07","17","7","","0","0","1","0","1"
"POINT (11.586216320000000 48.161859657999997)","Unfall 142129 (2016) Kat:3, Licht: 0","142129","3","3","5","07","16","4","","0","0","1","0","1"
"POINT (11.597916364000000 48.135842750000002)","Unfall 142134 (2016) Kat:3, Licht: 0","142134","3","3","6","07","09","5","","0","1","0","1","0"
"POINT (11.475384897000000 48.125751291000000)","Unfall 142138 (2016) Kat:3, Licht: 0","142138","3","2","5","07","18","4","","0","1","0","0","0"
"POINT (11.535773493000001 48.213365265999997)","Unfall 142141 (2016) Kat:3, Licht: 0","142141","3","6","4","07","13","5","","0","0","1","0","0"
"POINT (11.572676057000001 48.187361865000000)","Unfall 142143 (2016) Kat:2, Licht: 0","142143","2","3","5","07","07","4","","0","1","1","0","0"
"POINT (11.563226552000000 48.181466116999999)","Unfall 142147 (2016) Kat:3, Licht: 1","142147","3","3","5","07","20","5","","1","0","1","0","1"
"POINT (11.628983862000000 48.160485950000002)","Unfall 142149 (2016) Kat:3, Licht: 0","142149","3","2","4","07","14","4","","0","0","1","0","0"
"POINT (11.573140619000000 48.173442156000000)","Unfall 142151 (2016) Kat:3, Licht: 0","142151","3","4","6","07","09","4","","0","1","0","1","0"
"POINT (11.620491926000000 48.153652766000000)","Unfall 142154 (2016) Kat:3, Licht: 0","142154","3","4","6","07","09","5","","0","1","0","1","0"
"POINT (11.584492772999999 48.157231858999999)","Unfall 142157 (2016) Kat:3, Licht: 0","142157","3","3","4","07","13","7","","0","1","1","0","0"
"POINT (11.506549146999999 48.171711840999997)","Unfall 142160 (2016) Kat:2, Licht: 2","142160","2","3","1","07","00","4","","2","0","1","0","0"
"POINT (11.564532936999999 48.198618734000000)","Unfall 142166 (2016) Kat:3, Licht: 0","142166","3","3","5","07","15","5","","0","1","0","0","0"
"POINT (11.457086125000000 48.153026187999998)","Unfall 142172 (2016) Kat:3, Licht: 0","142172","3","2","5","07","11","4","","0","1","0","0","0"
"POINT (11.558307015000000 48.150260609000000)","Unfall 142177 (2016) Kat:3, Licht: 0","142177","3","6","2","07","16","5","","0","0","1","0","0"
"POINT (11.575394039000001 48.136630240000002)","Unfall 142184 (2016) Kat:3, Licht: 0","142184","3","6","6","07","13","7","","0","0","1","1","0"
"POINT (11.659837300000000 48.167786020000001)","Unfall 142185 (2016) Kat:3, Licht: 1","142185","3","3","5","07","21","4","","1","0","1","0","1"
"POINT (11.560581214999999 48.125491834000002)","Unfall 142189 (2016) Kat:2, Licht: 0","142189","2","4","6","07","12","5","","0","0","0","1","0"
"POINT (11.593788592999999 48.128607510999998)","Unfall 142190 (2016) Kat:3, Licht: 0","142190","3","3","5","07","13","6","","0","1","1","0","0"
"POINT (11.576095582000001 48.187574728999998)","Unfall 142191 (2016) Kat:3, Licht: 0","142191","3","6","1","07","14","5","","0","0","1","0","0"
"POINT (11.509066845000000 48.216374391999999)","Unfall 142193 (2016) Kat:3, Licht: 0","142193","3","6","2","07","15","4","","0","0","1","0","1"
"POINT (11.659548998000000 48.132139150000000)","Unfall 142199 (2016) Kat:3, Licht: 0","142199","3","3","5","07","08","4","","0","1","1","0","0"
"POINT (11.575348537000000 48.119499562000001)","Unfall 142204 (2016) Kat:3, Licht: 0","142204","3","3","5","07","19","6","","0","1","1","0","0"
"POINT (11.466383599000000 48.164771088999998)","Unfall 142205 (2016) Kat:3, Licht: 0","142205","3","6","3","07","08","4","","0","0","1","0","0"
"POINT (11.462693218000000 48.168243719000003)","Unfall 142209 (2016) Kat:3, Licht: 0","142209","3","3","5","07","14","5","","0","0","1","0","1"
"POINT (11.461765097000001 48.147925772000001)","Unfall 142213 (2016) Kat:3, Licht: 0","142213","3","7","0","07","14","5","","0","1","0","0","0"
"POINT (11.565347316000000 48.136686447000002)","Unfall 142215 (2016) Kat:3, Licht: 0","142215","3","4","6","07","08","6","","0","0","1","1","0"
"POINT (11.567886506000001 48.142689445999999)","Unfall 142216 (2016) Kat:3, Licht: 0","142216","3","3","5","07","11","4","","0","0","1","0","1"
"POINT (11.694128227000000 48.131027699999997)","Unfall 142220 (2016) Kat:3, Licht: 2","142220","3","7","0","07","23","7","","2","1","0","0","0"
"POINT (11.564984932000000 48.168078276999999)","Unfall 142222 (2016) Kat:3, Licht: 0","142222","3","6","2","07","17","5","","0","0","1","0","0"
"POINT (11.495992644999999 48.139738055000002)","Unfall 142225 (2016) Kat:2, Licht: 0","142225","2","2","4","07","11","6","","0","1","1","0","0"
"POINT (11.602427770000000 48.186845089000002)","Unfall 142227 (2016) Kat:3, Licht: 0","142227","3","4","6","07","17","4","","0","0","1","1","0"
"POINT (11.514571763999999 48.152815042000000)","Unfall 142230 (2016) Kat:3, Licht: 0","142230","3","3","5","07","08","6","","0","1","0","0","0"
"POINT (11.542135124000000 48.162769777999998)","Unfall 142233 (2016) Kat:3, Licht: 0","142233","3","2","5","07","12","7","","0","1","1","0","0"
"POINT (11.543470521000000 48.157227536000001)","Unfall 142235 (2016) Kat:3, Licht: 0","142235","3","2","5","07","16","5","","0","1","1","0","0"
"POINT (11.580542205000000 48.144992774999999)","Unfall 142240 (2016) Kat:2, Licht: 0","142240","2","7","0","07","09","4","","0","1","0","1","0"
"POINT (11.537366355000000 48.150463731000002)","Unfall 142244 (2016) Kat:3, Licht: 0","142244","3","3","0","07","16","5","","0","1","1","0","0"
"POINT (11.682946973000000 48.081264777000001)","Unfall 142247 (2016) Kat:2, Licht: 2","142247","2","1","9","07","22","7","","2","0","0","0","1"
"POINT (11.571973764000001 48.187525704999999)","Unfall 142249 (2016) Kat:3, Licht: 0","142249","3","6","3","07","15","6","","0","0","1","0","0"
"POINT (11.599926086000000 48.086946513999997)","Unfall 142250 (2016) Kat:3, Licht: 0","142250","3","7","5","07","10","5","","0","1","1","0","0"
"POINT (11.628943361999999 48.153545336999997)","Unfall 142253 (2016) Kat:2, Licht: 0","142253","2","4","6","07","15","6","","0","0","0","1","0"
"POINT (11.566549337000000 48.133285882999999)","Unfall 142254 (2016) Kat:3, Licht: 0","142254","3","3","5","07","18","4","","0","0","1","0","0"
"POINT (11.579640118000000 48.145081986000001)","Unfall 142257 (2016) Kat:3, Licht: 0","142257","3","5","3","07","08","5","","0","1","1","0","0"
"POINT (11.538509843000000 48.136935014999999)","Unfall 142258 (2016) Kat:3, Licht: 0","142258","3","3","5","07","12","6","","0","1","1","0","0"
"POINT (11.481970075000000 48.119409668999999)","Unfall 142259 (2016) Kat:2, Licht: 0","142259","2","7","1","07","10","4","","0","0","1","0","0"
"POINT (11.567331893000000 48.178664759999997)","Unfall 142261 (2016) Kat:3, Licht: 0","142261","3","5","0","07","12","6","","0","1","1","0","0"
"POINT (11.628335989000000 48.147551518999997)","Unfall 142262 (2016) Kat:3, Licht: 0","142262","3","1","0","07","08","5","","0","1","0","0","0"
"POINT (11.572382423000001 48.184486495999998)","Unfall 142264 (2016) Kat:3, Licht: 0","142264","3","6","0","07","10","4","","0","0","0","0","1"
"POINT (11.564341631000000 48.170064216999997)","Unfall 142266 (2016) Kat:3, Licht: 0","142266","3","4","0","07","07","4","","0","0","1","1","0"
"POINT (11.610311321999999 48.118023717000000)","Unfall 142268 (2016) Kat:3, Licht: 0","142268","3","5","1","07","17","5","","0","0","1","0","0"
"POINT (11.541356800000001 48.150885996000000)","Unfall 142272 (2016) Kat:3, Licht: 0","142272","3","6","3","07","08","6","","0","0","1","0","1"
"POINT (11.512313080000000 48.196946846000003)","Unfall 142273 (2016) Kat:3, Licht: 0","142273","3","3","5","07","12","4","","0","1","1","0","0"
"POINT (11.636440065000000 48.172006680999999)","Unfall 142277 (2016) Kat:2, Licht: 0","142277","2","2","4","07","11","7","","0","1","1","0","0"
"POINT (11.567783308999999 48.131701972999998)","Unfall 142280 (2016) Kat:3, Licht: 0","142280","3","5","1","07","15","7","","0","1","1","0","0"
"POINT (11.586780771999999 48.137745486000000)","Unfall 142281 (2016) Kat:3, Licht: 0","142281","3","3","5","07","17","5","","0","1","1","0","0"
"POINT (11.573697976000000 48.146793565999999)","Unfall 142284 (2016) Kat:3, Licht: 0","142284","3","6","2","07","17","6","","0","0","1","0","0"
"POINT (11.612992739999999 48.120945157000001)","Unfall 142289 (2016) Kat:3, Licht: 0","142289","3","2","2","07","15","7","","0","0","1","0","0"