WKT,Name,OBJECTID,UKATEGORIE,UTYP1,UART,UMONAT,USTUNDE,UWOCHENTAG,STRZUSTAND,ULICHTVERH,ISTRAD,ISTPKW,ISTFUSS,ISTKRAD
"POINT (11.560076496000001 48.157656412000001)","Unfall 142297 (2016) Kat:3, Licht: 0","142297","3","7","0","07","08","4","","0","1","0","0","0"
"POINT (11.589198045000000 48.137414544000002)","Unfall 142303 (2016) Kat:2, Licht: 0","142303","2","3","5","07","06","6","","0","1","1","0","0"
"POINT (11.531020323000000 48.087781098999997)","Unfall 142313 (2016) Kat:3, Licht: 0","142313","3","5","1","07","16","4","","0","1","1","0","0"
"POINT (11.584383077000000 48.137303201999998)","Unfall 142324 (2016) Kat:2, Licht: 1","142324","2","1","8","07","21","1","","1","0","1","0","0"
"POINT (11.521594761999999 48.079359637000003)","Unfall 142336 (2016) Kat:3, Licht: 0","142336","3","3","5","07","19","3","","0","1","1","0","0"
"POINT (11.598191714000000 48.126015979999998)","Unfall 142338 (2016) Kat:3, Licht: 0","142338","3","6","2","07","17","3","","0","0","1","0","0"
"POINT (11.589175184000000 48.156628877000003)","Unfall 142345 (2016) Kat:3, Licht: 0","142345","3","7","0","07","13","1","","0","1","0","0","0"
"POINT (11.544978404000000 48.128279831999997)","Unfall 142349 (2016) Kat:3, Licht: 0","142349","3","6","1","07","14","3","","0","0","1","0","0"
"POINT (11.549571944000000 48.149256383000001)","Unfall 142351 (2016) Kat:2, Licht: 0","142351","2","7","0","07","18","4","","0","1","0","1","0"
"POINT (11.565064447999999 48.143099325999998)","Unfall 142353 (2016) Kat:2, Licht: 0","142353","2","5","1","07","20","4","","0","0","1","0","1"
"POINT (11.565247252000001 48.163310365000001)","Unfall 142361 (2016) Kat:3, Licht: 0","142361","3","3","5","07","10","1","","0","0","1","0","1"
"POINT (11.565593302000000 48.139893352999998)","Unfall 142362 (2016) Kat:3, Licht: 0","142362","3","7","0","07","16","4","","0","0","1","0","0"
"POINT (11.537755529000000 48.116909286000002)","Unfall 142366 (2016) Kat:3, Licht: 1","142366","3","7","0","07","17","2","","1","1","0","0","0"
"POINT (11.531414396000001 48.183941541999999)","Unfall 142367 (2016) Kat:3, Licht: 0","142367","3","6","6","07","19","1","","0","1","0","1","0"
"POINT (11.467394033000000 48.180860840999998)","Unfall 142372 (2016) Kat:3, Licht: 0","142372","3","3","5","07","08","2","","0","0","1","0","0"
"POINT (11.541037463000000 48.121456053999999)","Unfall 142373 (2016) Kat:3, Licht: 0","142373","3","6","1","07","17","1","","0","0","1","0","1"
"POINT (11.587992977000001 48.117253902999998)","Unfall 142385 (2016) Kat:3, Licht: 0","142385","3","2","5","07","09","2","","0","1","1","0","0"
"POINT (11.565752629000000 48.122258510000002)","Unfall 142388 (2016) Kat:3, Licht: 0","142388","3","6","2","07","14","3","","0","0","1","0","0"
"POINT (11.543688397000000 48.157507090000003)","Unfall 142393 (2016) Kat:3, Licht: 0","142393","3","6","2","07","15","4","","0","0","1","0","0"
"POINT (11.538943503000000 48.138529247000001)","Unfall 142397 (2016) Kat:3, Licht: 0","142397","3","3","5","07","15","1","","0","0","1","0","1"
"POINT (11.582266522999999 48.134997405999997)","Unfall 142401 (2016) Kat:3, Licht: 0","142401","3","7","0","07","17","1","","0","0","0","0","1"
"POINT (11.581355813000000 48.187827333000001)","Unfall 142402 (2016) Kat:3, Licht: 0","142402","3","2","3","07","17","3","","0","1","1","0","0"
"POINT (11.437695915999999 48.174759342999998)","Unfall 142404 (2016) Kat:3, Licht: 0","142404","3","3","5","07","14","3","","0","0","1","0","1"
"POINT (11.568902904000000 48.131218939000000)","Unfall 142405 (2016) Kat:3, Licht: 0","142405","3","1","0","07","18","4","","0","1","0","0","0"
"POINT (11.565298779000001 48.136673086000002)","Unfall 142407 (2016) Kat:3, Licht: 0","142407","3","7","0","07","18","1","","0","1","0","0","0"
"POINT (11.580040758000001 48.134680234999998)","Unfall 142412 (2016) Kat:3, Licht: 1","142412","3","6","2","07","20","1","","1","0","1","0","1"
"POINT (11.514184955999999 48.114756110000002)","Unfall 142416 (2016) Kat:3, Licht: 0","142416","3","4","6","07","16","4","","0","1","0","1","0"
"POINT (11.476136765000000 48.142087023000002)","Unfall 142424 (2016) Kat:3, Licht: 0","142424","3","3","0","07","14","2","","0","1","1","0","0"
"POINT (11.590761259000001 48.166381735999998)","Unfall 142436 (2016) Kat:3, Licht: 0","142436","3","2","4","07","13","2","","0","0","1","0","1"
"POINT (11.564985628000001 48.140950648999997)","Unfall 142440 (2016) Kat:3, Licht: 0","142440","3","4","6","07","18","3","","0","0","1","1","1"
"POINT (11.601573639000000 48.124116725000000)","Unfall 142450 (2016) Kat:3, Licht: 0","142450","3","3","5","07","13","3","","0","1","1","0","0"
"POINT (11.530592788000000 48.182096903999998)","Unfall 142452 (2016) Kat:3, Licht: 0","142452","3","7","1","07","14","4","","0","0","1","0","0"
"POINT (11.547757466000000 48.126678009000003)","Unfall 142455 (2016) Kat:3, Licht: 2","142455","3","3","5","07","23","4","","2","1","1","0","0"
"POINT (11.539557517000000 48.116559524000003)","Unfall 142458 (2016) Kat:3, Licht: 2","142458","3","1","1","07","23","4","","2","0","1","0","0"
"POINT (11.558381109000001 48.147656924000003)","Unfall 142466 (2016) Kat:3, Licht: 1","142466","3","7","3","07","20","5","","1","0","1","0","1"
"POINT (11.519345231999999 48.150387279000000)","Unfall 142476 (2016) Kat:3, Licht: 0","142476","3","2","3","07","11","2","","0","0","1","0","0"
"POINT (11.636421289999999 48.097120572000001)","Unfall 142488 (2016) Kat:3, Licht: 0","142488","3","1","0","07","08","2","","0","1","0","0","0"
"POINT (11.629066169000000 48.112217422999997)","Unfall 142491 (2016) Kat:3, Licht: 0","142491","3","3","5","07","12","3","","0","1","1","0","0"
"POINT (11.569387406000001 48.149667786999998)","Unfall 142496 (2016) Kat:3, Licht: 0","142496","3","6","3","07","15","4","","0","0","1","0","1"
"POINT (11.584367885000001 48.138273595000001)","Unfall 142503 (2016) Kat:3, Licht: 0","142503","3","3","3","07","17","3","","0","0","1","1","0"
"POINT (11.638433493999999 48.117547461999997)","Unfall 142504 (2016) Kat:3, Licht: 0","142504","3","3","5","07","13","3","","0","1","1","0","0"
"POINT (11.531380820000001 48.146845345000003)","Unfall 142518 (2016) Kat:3, Licht: 0","142518","3","2","4","07","18","4","","0","0","1","0","0"
"POINT (11.544602303000000 48.161504241999999)","Unfall 142519 (2016) Kat:3, Licht: 0","142519","3","6","2","07","16","2","","0","0","1","0","0"
"POINT (11.595899468000001 48.141432807000001)","Unfall 142537 (2016) Kat:3, Licht: 0","142537","3","6","2","07","11","2","","0","0","1","0","0"
"POINT (11.548480879000000 48.125879683999997)","Unfall 142540 (2016) Kat:3, Licht: 0","142540","3","3","5","07","07","3","","0","0","1","0","0"
"POINT (11.577376571000000 48.134489391999999)","Unfall 142545 (2016) Kat:3, Licht: 0","142545","3","3","5","07","18","4","","0","0","1","0","1"
"POINT (11.555645989000000 48.147972856999999)","Unfall 142555 (2016) Kat:3, Licht: 0","142555","3","2","5","07","09","3","","0","1","0","0","0"
"POINT (11.606004263000001 48.186648110000000)","Unfall 142556 (2016) Kat:3, Licht: 0","142556","3","2","3","07","08","4","","0","1","0","0","0"
"POINT (11.528246570000000 48.187325254999998)","Unfall 142559 (2016) Kat:3, Licht: 0","142559","3","3","0","07","19","4","","0","0","1","0","1"
"POINT (11.576495749999999 48.142834532000002)","Unfall 142565 (2016) Kat:3, Licht: 0","142565","3","5","1","07","17","4","","0","1","1","0","0"
"POINT (11.581692221000001 48.179246050000003)","Unfall 142573 (2016) Kat:3, Licht: 0","142573","3","3","5","07","08","2","","0","1","0","0","0"
"POINT (11.550545054000001 48.149063411999997)","Unfall 142579 (2016) Kat:3, Licht: 0","142579","3","6","2","07","12","6","","0","0","1","0","0"
"POINT (11.556989919999999 48.143694846999999)","Unfall 142583 (2016) Kat:3, Licht: 0","142583","3","4","6","07","16","5","","0","0","0","1","1"
"POINT (11.559109797000000 48.212875603999997)","Unfall 142589 (2016) Kat:3, Licht: 0","142589","3","3","5","07","17","7","","0","0","1","0","0"
"POINT (11.598105531000000 48.205860360999999)","Unfall 142590 (2016) Kat:2, Licht: 0","142590","2","7","9","07","17","6","","0","0","1","0","0"
"POINT (11.540731188000001 48.125298387000001)","Unfall 142592 (2016) Kat:3, Licht: 0","142592","3","4","6","07","12","6","","0","0","0","1","0"
"POINT (11.569699046000000 48.145517462000001)","Unfall 142595 (2016) Kat:3, Licht: 2","142595","3","1","0","07","04","5","","2","1","0","0","0"
"POINT (11.614880957000000 48.139858310000001)","Unfall 142600 (2016) Kat:3, Licht: 0","142600","3","2","3","07","10","7","","0","1","1","0","0"
"POINT (11.573801184000001 48.151850131000003)","Unfall 142619 (2016) Kat:3, Licht: 2","142619","3","7","0","07","21","6","","2","1","1","0","0"
"POINT (11.514908939000000 48.088486998999997)","Unfall 142623 (2016) Kat:3, Licht: 0","142623","3","6","1","07","16","6","","0","1","1","0","0"
"POINT (11.533538050000001 48.186873724999998)","Unfall 142632 (2016) Kat:3, Licht: 0","142632","3","3","5","07","11","5","","0","1","1","0","0"
"POINT (11.506745276000000 48.163759304000003)","Unfall 142635 (2016) Kat:3, Licht: 0","142635","3","7","0","07","11","5","","0","1","0","0","0"
"POINT (11.583785859000001 48.138383072000003)","Unfall 142640 (2016) Kat:3, Licht: 2","142640","3","5","0","07","21","5","","2","1","1","0","0"
"POINT (11.593752045000000 48.140271560000002)","Unfall 142641 (2016) Kat:3, Licht: 0","142641","3","7","1","07","10","6","","0","1","1","0","0"
"POINT (11.635336327999999 48.125700440000003)","Unfall 142644 (2016) Kat:3, Licht: 0","142644","3","7","1","07","19","5","","0","1","1","0","0"
"POINT (11.576347296000000 48.120602927999997)","Unfall 142647 (2016) Kat:3, Licht: 0","142647","3","3","5","07","20","5","","0","0","1","0","1"
"POINT (11.563825392000000 48.131889473999998)","Unfall 142651 (2016) Kat:3, Licht: 0","142651","3","3","5","07","18","7","","0","1","1","0","0"
"POINT (11.503162466999999 48.139553429999999)","Unfall 142656 (2016) Kat:2, Licht: 0","142656","2","2","3","07","19","7","","0","0","1","0","0"
"POINT (11.541666190000001 48.156244991000001)","Unfall 142657 (2016) Kat:2, Licht: 0","142657","2","1","1","07","13","6","","0","0","1","0","0"
"POINT (11.604096361000000 48.107739035000002)","Unfall 142674 (2016) Kat:3, Licht: 0","142674","3","2","4","07","17","6","","0","0","1","0","1"
"POINT (11.609034040999999 48.136442899000002)","Unfall 142676 (2016) Kat:2, Licht: 0","142676","2","3","5","07","17","5","","0","1","1","0","0"
"POINT (11.520739138000000 48.094820509999998)","Unfall 142682 (2016) Kat:2, Licht: 0","142682","2","4","6","07","18","6","","0","1","0","1","0"
"POINT (11.599902765000000 48.086743331999998)","Unfall 142685 (2016) Kat:3, Licht: 0","142685","3","3","5","07","13","6","","0","1","1","0","0"
"POINT (11.567264760000000 48.140595161000000)","Unfall 142688 (2016) Kat:3, Licht: 0","142688","3","6","2","07","15","5","","0","0","1","0","1"
"POINT (11.492546890000000 48.140234057000001)","Unfall 142700 (2016) Kat:1, Licht: 0","142700","1","2","3","07","10","5","","0","0","1","0","0"
"POINT (11.592727232000000 48.101578218999997)","Unfall 142704 (2016) Kat:3, Licht: 0","142704","3","7","0","07","13","7","","0","1","1","0","0"
"POINT (11.523314845000000 48.158751168000002)","Unfall 142712 (2016) Kat:2, Licht: 0","142712","2","7","0","07","08","6","","0","1","0","0","0"
"POINT (11.594673591999999 48.170674126000002)","Unfall 142725 (2016) Kat:3, Licht: 0","142725","3","6","2","07","19","6","","0","1","0","0","0"
"POINT (11.561927696000000 48.125195357999999)","Unfall 142727 (2016) Kat:3, Licht: 0","142727","3","2","0","07","18","5","","0","1","1","0","0"
"POINT (11.541582467000000 48.145235120000002)","Unfall 142738 (2016) Kat:3, Licht: 2","142738","3","2","4","07","23","5","","2","0","1","0","0"
"POINT (11.567835798000001 48.140719341000000)","Unfall 142744 (2016) Kat:2, Licht: 1","142744","2","4","6","07","21","7","","1","0","1","1","1"
"POINT (11.488872250000000 48.142180946000003)","Unfall 142747 (2016) Kat:3, Licht: 0","142747","3","6","3","07","15","6","","0","0","1","0","1"
"POINT (11.563604229999999 48.172524809000002)","Unfall 142750 (2016) Kat:3, Licht: 0","142750","3","5","0","07","14","5","","0","1","1","0","0"
"POINT (11.547245348000001 48.123551321999997)","Unfall 142756 (2016) Kat:3, Licht: 0","142756","3","7","0","07","11","7","","0","0","1","0","0"
"POINT (11.487854666000000 48.114425883999999)","Unfall 142762 (2016) Kat:3, Licht: 0","142762","3","3","5","07","17","5","","0","1","0","0","0"
"POINT (11.567215234000001 48.178178772000003)","Unfall 142773 (2016) Kat:3, Licht: 2","142773","3","7","7","07","22","6","","2","1","0","0","0"
"POINT (11.649511650000001 48.107138442999997)","Unfall 142778 (2016) Kat:3, Licht: 0","142778","3","3","5","07","17","6","","0","1","1","0","0"
"POINT (11.543520338000000 48.186483584999998)","Unfall 142784 (2016) Kat:3, Licht: 0","142784","3","3","1","07","08","6","","0","1","1","0","0"
"POINT (11.508051045000000 48.097843626000000)","Unfall 142787 (2016) Kat:3, Licht: 0","142787","3","7","2","07","15","5","","0","1","1","0","0"
"POINT (11.576955674000001 48.127307571999999)","Unfall 142796 (2016) Kat:3, Licht: 2","142796","3","4","6","07","23","6","","2","0","0","1","0"
"POINT (11.645576122000000 48.128521720000002)","Unfall 142799 (2016) Kat:3, Licht: 2","142799","3","7","0","07","23","5","","2","1","0","0","0"
"POINT (11.453249925000000 48.146882640000001)","Unfall 142809 (2016) Kat:3, Licht: 0","142809","3","2","4","07","11","7","","0","0","1","0","0"
"POINT (11.569348434000000 48.147233706999998)","Unfall 142820 (2016) Kat:3, Licht: 2","142820","3","6","3","07","23","7","","2","1","1","0","0"
"POINT (11.613112622999999 48.124638429999997)","Unfall 142825 (2016) Kat:3, Licht: 0","142825","3","3","5","07","17","6","","0","1","1","0","0"
"POINT (11.618813765000001 48.157862891999997)","Unfall 142827 (2016) Kat:3, Licht: 0","142827","3","1","0","07","18","5","","0","1","0","0","0"
"POINT (11.546463218000000 48.095276409999997)","Unfall 142832 (2016) Kat:3, Licht: 0","142832","3","1","0","08","16","4","","0","1","0","0","0"
"POINT (11.674622252000001 48.121037002999998)","Unfall 142835 (2016) Kat:3, Licht: 0","142835","3","2","3","08","19","3","","0","0","1","0","0"
"POINT (11.548766562999999 48.138955332000002)","Unfall 142838 (2016) Kat:3, Licht: 0","142838","3","6","0","08","10","4","","0","1","0","0","0"
"POINT (11.604597150000000 48.105724242999997)","Unfall 142840 (2016) Kat:2, Licht: 1","142840","2","6","2","08","20","2","","1","1","0","1","0"
"POINT (11.628575936000001 48.150312702000001)","Unfall 142846 (2016) Kat:3, Licht: 0","142846","3","7","6","08","08","3","","0","1","0","1","0"
"POINT (11.539233931000000 48.125399098000003)","Unfall 142874 (2016) Kat:3, Licht: 0","142874","3","6","3","08","11","4","","0","0","1","0","1"
"POINT (11.548218970000001 48.117491901999998)","Unfall 142885 (2016) Kat:3, Licht: 0","142885","3","2","5","08","18","4","","0","1","1","0","0"
"POINT (11.661218938999999 48.103883887999999)","Unfall 142887 (2016) Kat:3, Licht: 0","142887","3","3","5","08","09","3","","0","0","1","0","0"
"POINT (11.593272625999999 48.153238524000002)","Unfall 142890 (2016) Kat:2, Licht: 0","142890","2","3","2","08","17","4","","0","1","0","0","0"
"POINT (11.645269979000000 48.162718523999999)","Unfall 142892 (2016) Kat:3, Licht: 0","142892","3","2","3","08","17","2","","0","1","1","0","0"
"POINT (11.668250820000001 48.127139677000002)","Unfall 142895 (2016) Kat:3, Licht: 0","142895","3","7","0","08","09","2","","0","1","0","0","0"
"POINT (11.543244613000001 48.150489901000000)","Unfall 142900 (2016) Kat:3, Licht: 0","142900","3","3","5","08","14","3","","0","0","1","0","1"
"POINT (11.501433849000000 48.116301671000002)","Unfall 142927 (2016) Kat:3, Licht: 0","142927","3","4","0","08","18","4","","0","1","0","1","0"
"POINT (11.498805738000000 48.081569401000003)","Unfall 142928 (2016) Kat:3, Licht: 0","142928","3","6","4","07","15","1","","0","0","1","0","0"
"POINT (11.443017260000000 48.183365135999999)","Unfall 142930 (2016) Kat:3, Licht: 0","142930","3","7","7","08","12","4","","0","1","0","0","0"
"POINT (11.566221262999999 48.134078875000000)","Unfall 142931 (2016) Kat:3, Licht: 0","142931","3","7","5","07","19","1","","0","0","1","0","0"
"POINT (11.519770554999999 48.186198066000003)","Unfall 142933 (2016) Kat:3, Licht: 0","142933","3","5","5","07","10","1","","0","0","1","0","1"
"POINT (11.543284528999999 48.214839157000000)","Unfall 142937 (2016) Kat:3, Licht: 0","142937","3","3","5","08","20","2","","0","0","1","0","1"
"POINT (11.573514300999999 48.094569964000002)","Unfall 142938 (2016) Kat:3, Licht: 0","142938","3","7","0","08","15","2","","0","0","1","0","0"
"POINT (11.536384244000001 48.146179113999999)","Unfall 142940 (2016) Kat:3, Licht: 0","142940","3","2","5","07","20","1","","0","1","1","0","0"
"POINT (11.601528113000001 48.148876285000000)","Unfall 142941 (2016) Kat:3, Licht: 0","142941","3","4","6","08","17","3","","0","1","0","1","0"
"POINT (11.605819927000001 48.200493717999997)","Unfall 142944 (2016) Kat:3, Licht: 0","142944","3","2","4","08","17","3","","0","0","1","0","1"
"POINT (11.456399357000000 48.153032863999996)","Unfall 142948 (2016) Kat:3, Licht: 0","142948","3","6","2","08","14","2","","0","1","1","0","0"
"POINT (11.641111403000000 48.116643011000001)","Unfall 142949 (2016) Kat:3, Licht: 0","142949","3","2","5","08","10","2","","0","1","1","0","0"
"POINT (11.478675275000001 48.129238759000003)","Unfall 142952 (2016) Kat:3, Licht: 0","142952","3","3","0","07","19","1","","0","1","1","0","0"
"POINT (11.555286230000000 48.128072807999999)","Unfall 142963 (2016) Kat:3, Licht: 0","142963","3","5","1","07","12","1","","0","0","1","0","0"
"POINT (11.601284755000000 48.117473840999999)","Unfall 142983 (2016) Kat:2, Licht: 0","142983","2","3","4","08","15","4","","0","0","1","0","1"
"POINT (11.565423575000001 48.130850283999997)","Unfall 142990 (2016) Kat:3, Licht: 0","142990","3","7","0","08","09","2","","0","1","0","0","0"
"POINT (11.658745065000000 48.153610041999997)","Unfall 142993 (2016) Kat:3, Licht: 0","142993","3","3","5","08","19","4","","0","1","0","0","1"
"POINT (11.556014077000000 48.140787095999997)","Unfall 142995 (2016) Kat:2, Licht: 2","142995","2","6","0","08","23","3","","2","1","0","0","0"
"POINT (11.555951511000000 48.139022875000002)","Unfall 142998 (2016) Kat:3, Licht: 0","142998","3","6","3","08","12","4","","0","0","1","0","0"
"POINT (11.648177814000000 48.139944702999998)","Unfall 143000 (2016) Kat:3, Licht: 0","143000","3","2","4","08","18","2","","0","1","1","0","0"
"POINT (11.636593689000000 48.104823838000002)","Unfall 143009 (2016) Kat:3, Licht: 0","143009","3","3","5","08","14","3","","0","0","1","0","0"
"POINT (11.582630879000000 48.153392980000000)","Unfall 143022 (2016) Kat:3, Licht: 0","143022","3","5","0","08","10","4","","0","1","0","0","0"
"POINT (11.571690823000001 48.131243845999997)","Unfall 143023 (2016) Kat:3, Licht: 2","143023","3","5","1","08","21","3","","2","1","1","0","0"
"POINT (11.447301782000000 48.159368055000002)","Unfall 143034 (2016) Kat:3, Licht: 0","143034","3","2","5","08","16","4","","0","0","1","0","0"
"POINT (11.550563030999999 48.135997017000001)","Unfall 143044 (2016) Kat:3, Licht: 0","143044","3","3","5","08","08","2","","0","1","1","0","0"
"POINT (11.580490442000000 48.148993050000001)","Unfall 143045 (2016) Kat:3, Licht: 0","143045","3","3","5","08","13","2","","0","1","1","0","0"
"POINT (11.534410436000000 48.109558010000001)","Unfall 143046 (2016) Kat:3, Licht: 0","143046","3","3","5","08","08","4","","0","1","1","0","0"
"POINT (11.570316844000001 48.120399436000000)","Unfall 143048 (2016) Kat:3, Licht: 0","143048","3","2","5","08","09","3","","0","1","0","0","1"
"POINT (11.596820033000000 48.123812246000000)","Unfall 143054 (2016) Kat:3, Licht: 2","143054","3","2","4","07","23","7","","2","1","1","0","0"
"POINT (11.673781478000000 48.125968788999998)","Unfall 143056 (2016) Kat:3, Licht: 0","143056","3","7","0","08","18","2","","0","0","0","0","0"
"POINT (11.553767776999999 48.121206022999999)","Unfall 143060 (2016) Kat:3, Licht: 0","143060","3","2","4","08","09","3","","0","1","1","0","0"
"POINT (11.569735677000001 48.130987267000002)","Unfall 143063 (2016) Kat:3, Licht: 0","143063","3","7","0","07","16","7","","0","1","0","0","0"
"POINT (11.578448938999999 48.137709629000000)","Unfall 143069 (2016) Kat:3, Licht: 0","143069","3","5","1","08","15","2","","0","0","1","0","0"
"POINT (11.581646342999999 48.134817587000001)","Unfall 143087 (2016) Kat:3, Licht: 2","143087","3","4","6","08","03","4","","2","0","1","1","0"
"POINT (11.561794004999999 48.142637098999998)","Unfall 143092 (2016) Kat:3, Licht: 2","143092","3","3","5","07","00","7","","2","0","1","0","0"
"POINT (11.644958438000000 48.109083155000000)","Unfall 143093 (2016) Kat:3, Licht: 0","143093","3","7","6","08","16","2","","0","1","0","0","0"
"POINT (11.621423433000000 48.153645478000001)","Unfall 143095 (2016) Kat:3, Licht: 0","143095","3","3","5","08","11","1","","0","0","1","0","0"
"POINT (11.602840591000000 48.116014735000000)","Unfall 143100 (2016) Kat:3, Licht: 0","143100","3","6","2","08","14","5","","0","0","1","0","0"
"POINT (11.552667658000001 48.213768473999998)","Unfall 143112 (2016) Kat:3, Licht: 0","143112","3","2","3","08","07","5","","0","0","1","0","1"
"POINT (11.591091221999999 48.166219810999998)","Unfall 143120 (2016) Kat:3, Licht: 0","143120","3","2","5","08","15","5","","0","0","1","0","1"
"POINT (11.573955003000000 48.167071368000002)","Unfall 143133 (2016) Kat:3, Licht: 0","143133","3","2","4","08","17","5","","0","1","1","0","0"
"POINT (11.543492995999999 48.144673889000003)","Unfall 143134 (2016) Kat:3, Licht: 1","143134","3","4","6","08","05","1","","1","0","1","1","0"
"POINT (11.520339559000000 48.150147038999997)","Unfall 143139 (2016) Kat:3, Licht: 0","143139","3","2","5","08","17","5","","0","0","1","0","1"
"POINT (11.528219971000000 48.097443122999998)","Unfall 143144 (2016) Kat:3, Licht: 0","143144","3","3","5","08","05","7","","0","0","1","0","0"
"POINT (11.502875578999999 48.134450452000003)","Unfall 143151 (2016) Kat:3, Licht: 0","143151","3","6","2","08","11","5","","0","0","1","0","0"
"POINT (11.541878752000001 48.103388705000000)","Unfall 143164 (2016) Kat:2, Licht: 0","143164","2","2","5","08","12","5","","0","1","0","0","0"
"POINT (11.591778522000000 48.141704922000002)","Unfall 143174 (2016) Kat:3, Licht: 0","143174","3","6","3","08","16","5","","0","0","1","0","1"
"POINT (11.667168225999999 48.114256019000003)","Unfall 143188 (2016) Kat:3, Licht: 0","143188","3","3","5","08","17","1","","0","1","1","0","0"
"POINT (11.684379497000000 48.140632162000003)","Unfall 143190 (2016) Kat:3, Licht: 0","143190","3","7","0","08","18","1","","0","0","1","0","1"
"POINT (11.521572042000001 48.106397972000003)","Unfall 143195 (2016) Kat:3, Licht: 2","143195","3","7","6","08","01","7","","2","0","1","1","0"
"POINT (11.454217985000000 48.145895367000001)","Unfall 143204 (2016) Kat:3, Licht: 0","143204","3","3","5","08","16","5","","0","0","1","0","0"
"POINT (11.585285342000001 48.134241762000002)","Unfall 143208 (2016) Kat:3, Licht: 0","143208","3","7","3","08","15","5","","0","1","1","0","0"
"POINT (11.558650182999999 48.139194875999998)","Unfall 143218 (2016) Kat:3, Licht: 0","143218","3","4","6","08","19","5","","0","1","0","1","0"
"POINT (11.543583138000001 48.202870122999997)","Unfall 143225 (2016) Kat:3, Licht: 0","143225","3","3","0","08","13","6","","0","0","1","0","0"
"POINT (11.580785818000001 48.134607492000001)","Unfall 143226 (2016) Kat:3, Licht: 0","143226","3","5","3","08","11","5","","0","0","1","0","0"
"POINT (11.658798755999999 48.087022013000002)","Unfall 143227 (2016) Kat:3, Licht: 0","143227","3","3","0","08","11","1","","0","1","1","0","0"
"POINT (11.597189924000000 48.136464553000003)","Unfall 143234 (2016) Kat:2, Licht: 0","143234","2","7","0","08","18","7","","0","1","0","0","0"
"POINT (11.614804109000000 48.137013252000003)","Unfall 143240 (2016) Kat:2, Licht: 0","143240","2","2","6","08","18","6","","0","0","1","1","0"
"POINT (11.557842712999999 48.096542219000000)","Unfall 143247 (2016) Kat:3, Licht: 1","143247","3","1","0","08","20","7","","1","1","0","0","0"
"POINT (11.580533821000000 48.148953161999998)","Unfall 143253 (2016) Kat:3, Licht: 0","143253","3","7","0","08","15","1","","0","1","0","0","0"
"POINT (11.630651646000000 48.090961591999999)","Unfall 143257 (2016) Kat:3, Licht: 0","143257","3","2","5","08","11","5","","0","0","1","0","0"
"POINT (11.530270266000000 48.129341513999996)","Unfall 143265 (2016) Kat:3, Licht: 0","143265","3","6","9","08","17","6","","0","0","1","0","0"
"POINT (11.520897797000000 48.131022082000001)","Unfall 143268 (2016) Kat:3, Licht: 2","143268","3","7","6","08","00","6","","2","0","1","1","0"
"POINT (11.508206581000000 48.152947204999997)","Unfall 143271 (2016) Kat:3, Licht: 0","143271","3","2","6","08","11","5","","0","0","1","1","0"
"POINT (11.575156303000000 48.210644813000002)","Unfall 143278 (2016) Kat:3, Licht: 0","143278","3","4","6","08","13","6","","0","0","0","1","0"
"POINT (11.502358253000001 48.116498550000003)","Unfall 143281 (2016) Kat:3, Licht: 0","143281","3","6","3","08","09","1","","0","0","1","0","1"
"POINT (11.477517580000001 48.116995883000001)","Unfall 143289 (2016) Kat:2, Licht: 2","143289","2","7","0","08","21","6","","2","1","0","0","0"
"POINT (11.673579533000000 48.111117917999998)","Unfall 143292 (2016) Kat:2, Licht: 2","143292","2","4","6","08","21","1","","2","0","0","1","1"
"POINT (11.561794004999999 48.142637098999998)","Unfall 143301 (2016) Kat:2, Licht: 0","143301","2","2","5","08","19","7","","0","0","1","0","1"
"POINT (11.566230407999999 48.187150338000002)","Unfall 143309 (2016) Kat:3, Licht: 0","143309","3","3","5","08","15","5","","0","0","1","0","1"
"POINT (11.589058648000000 48.124811061000003)","Unfall 143322 (2016) Kat:3, Licht: 1","143322","3","2","3","08","20","5","","1","1","1","0","0"
"POINT (11.584824131000000 48.139366690999999)","Unfall 143334 (2016) Kat:3, Licht: 0","143334","3","7","3","08","14","1","","0","0","0","0","1"
"POINT (11.569067275000000 48.141518900999998)","Unfall 143339 (2016) Kat:3, Licht: 2","143339","3","4","6","08","02","7","","2","0","1","1","0"
"POINT (11.557606686000000 48.139266741999997)","Unfall 143340 (2016) Kat:3, Licht: 0","143340","3","6","2","08","16","6","","0","0","1","0","0"
"POINT (11.479083527000000 48.123267511999998)","Unfall 143347 (2016) Kat:3, Licht: 0","143347","3","3","5","08","13","1","","0","0","1","0","0"
"POINT (11.461364846000000 48.146545353000000)","Unfall 143350 (2016) Kat:3, Licht: 0","143350","3","2","1","08","18","7","","0","1","1","0","0"
"POINT (11.566598243000000 48.145416251999997)","Unfall 143353 (2016) Kat:2, Licht: 0","143353","2","2","4","08","17","5","","0","1","0","0","0"
"POINT (11.520405783999999 48.130505263000003)","Unfall 143355 (2016) Kat:3, Licht: 1","143355","3","6","0","08","20","2","","1","1","1","0","0"
"POINT (11.659399360000000 48.125862767000001)","Unfall 143361 (2016) Kat:3, Licht: 0","143361","3","6","4","08","17","4","","0","0","1","0","1"
"POINT (11.556336464999999 48.128561920000003)","Unfall 143363 (2016) Kat:3, Licht: 2","143363","3","1","0","08","21","2","","2","1","0","0","0"