WKT,Name,OBJECTID,UKATEGORIE,UTYP1,UART,UMONAT,USTUNDE,UWOCHENTAG,STRZUSTAND,ULICHTVERH,ISTRAD,ISTPKW,ISTFUSS,ISTKRAD
"POINT (11.465331001999999 48.146434712000001)","Unfall 143366 (2016) Kat:3, Licht: 0","143366","3","6","2","08","16","3","","0","0","0","0","1"
"POINT (11.545805077000001 48.126332195000003)","Unfall 143369 (2016) Kat:3, Licht: 0","143369","3","5","1","08","09","3","","0","1","1","0","0"
"POINT (11.550959268000000 48.125801973999998)","Unfall 143373 (2016) Kat:3, Licht: 0","143373","3","3","5","08","10","4","","0","0","1","0","1"
"POINT (11.555534989000000 48.152642892000003)","Unfall 143374 (2016) Kat:3, Licht: 0","143374","3","3","5","08","13","2","","0","1","1","0","0"
"POINT (11.517513292000000 48.135756583000003)","Unfall 143382 (2016) Kat:3, Licht: 0","143382","3","1","0","08","10","2","","0","1","0","0","0"
"POINT (11.585515845000000 48.173801685999997)","Unfall 143384 (2016) Kat:3, Licht: 2","143384","3","3","5","08","21","4","","2","1","1","0","0"
"POINT (11.568120735000001 48.152480431999997)","Unfall 143386 (2016) Kat:3, Licht: 0","143386","3","3","5","08","10","5","","0","0","1","0","0"
"POINT (11.556989919999999 48.143694846999999)","Unfall 143388 (2016) Kat:2, Licht: 0","143388","2","3","5","08","18","2","","0","0","1","0","0"
"POINT (11.571234058000000 48.191612780000000)","Unfall 143396 (2016) Kat:3, Licht: 0","143396","3","6","2","08","08","2","","0","0","1","0","1"
"POINT (11.522495412000000 48.117078608999996)","Unfall 143401 (2016) Kat:3, Licht: 0","143401","3","3","5","08","08","2","","0","1","1","0","0"
"POINT (11.556891472000000 48.168518638999998)","Unfall 143406 (2016) Kat:2, Licht: 0","143406","2","3","6","08","18","5","","0","0","1","1","0"
"POINT (11.507416942000001 48.215905399999997)","Unfall 143408 (2016) Kat:3, Licht: 0","143408","3","3","5","08","17","2","","0","1","1","0","0"
"POINT (11.564981807000001 48.167979410000001)","Unfall 143419 (2016) Kat:3, Licht: 0","143419","3","3","4","08","14","2","","0","1","1","0","0"
"POINT (11.566597634000001 48.133412188000001)","Unfall 143422 (2016) Kat:3, Licht: 0","143422","3","7","5","08","06","3","","0","0","1","0","0"
"POINT (11.564190699999999 48.187071152999998)","Unfall 143426 (2016) Kat:3, Licht: 2","143426","3","7","6","08","23","4","","2","0","1","1","0"
"POINT (11.543759304000000 48.105248457999998)","Unfall 143427 (2016) Kat:3, Licht: 0","143427","3","2","3","08","12","5","","0","1","1","0","0"
"POINT (11.561858869000000 48.156099077000000)","Unfall 143429 (2016) Kat:3, Licht: 0","143429","3","4","6","08","20","2","","0","0","0","1","1"
"POINT (11.574381560000001 48.129234719000003)","Unfall 143435 (2016) Kat:3, Licht: 0","143435","3","3","5","08","18","2","","0","1","0","0","0"
"POINT (11.601598320000001 48.144240189000001)","Unfall 143438 (2016) Kat:3, Licht: 0","143438","3","3","5","08","08","3","","0","0","1","0","1"
"POINT (11.609472258000000 48.150965030000002)","Unfall 143442 (2016) Kat:3, Licht: 0","143442","3","6","5","08","13","2","","0","0","1","0","0"
"POINT (11.554732996000000 48.186268581999997)","Unfall 143448 (2016) Kat:3, Licht: 0","143448","3","6","2","08","17","5","","0","0","1","0","1"
"POINT (11.565460142999999 48.138530383000003)","Unfall 143450 (2016) Kat:3, Licht: 0","143450","3","7","1","08","16","2","","0","1","1","0","0"
"POINT (11.460875515000000 48.146622243000003)","Unfall 143453 (2016) Kat:3, Licht: 0","143453","3","7","0","08","11","2","","0","1","0","0","0"
"POINT (11.503096733000000 48.137654384000001)","Unfall 143455 (2016) Kat:3, Licht: 0","143455","3","6","2","08","19","2","","0","0","1","0","0"
"POINT (11.557166722000000 48.186413178000002)","Unfall 143461 (2016) Kat:3, Licht: 0","143461","3","3","5","08","19","4","","0","1","1","0","0"
"POINT (11.550956188000001 48.124510129999997)","Unfall 143463 (2016) Kat:3, Licht: 0","143463","3","5","1","08","16","2","","0","1","1","0","0"
"POINT (11.573188544000001 48.142117286000001)","Unfall 143465 (2016) Kat:3, Licht: 0","143465","3","3","5","08","11","3","","0","1","1","0","0"
"POINT (11.607809809000001 48.138959997999997)","Unfall 143474 (2016) Kat:3, Licht: 0","143474","3","7","2","08","18","4","","0","0","1","0","0"
"POINT (11.573280798000001 48.179032763000002)","Unfall 143480 (2016) Kat:3, Licht: 0","143480","3","2","4","08","13","3","","0","1","1","0","0"
"POINT (11.555882500999999 48.136951580999998)","Unfall 143482 (2016) Kat:3, Licht: 0","143482","3","7","5","08","11","4","","0","0","1","0","1"
"POINT (11.575394866000000 48.142675376000000)","Unfall 143484 (2016) Kat:3, Licht: 0","143484","3","5","5","08","09","4","","0","1","1","0","0"
"POINT (11.643450244000000 48.172685219999998)","Unfall 143496 (2016) Kat:3, Licht: 2","143496","3","3","5","08","22","5","","2","1","1","0","0"
"POINT (11.462737486000000 48.163438571999997)","Unfall 143514 (2016) Kat:3, Licht: 0","143514","3","7","0","08","18","5","","0","1","1","0","0"
"POINT (11.583536396000000 48.139263775000003)","Unfall 143525 (2016) Kat:3, Licht: 0","143525","3","7","5","08","19","4","","0","1","1","0","0"
"POINT (11.551207421000001 48.143021889000003)","Unfall 143528 (2016) Kat:3, Licht: 0","143528","3","5","3","08","06","4","","0","1","1","0","0"
"POINT (11.575479627000000 48.119426146999999)","Unfall 143530 (2016) Kat:1, Licht: 0","143530","1","4","6","08","12","3","","0","0","0","1","0"
"POINT (11.479918645000000 48.118180932999998)","Unfall 143535 (2016) Kat:3, Licht: 0","143535","3","5","1","08","11","5","","0","0","1","0","0"
"POINT (11.586298770999999 48.162695690000000)","Unfall 143538 (2016) Kat:3, Licht: 0","143538","3","6","2","08","08","4","","0","0","1","0","0"
"POINT (11.561794004999999 48.142637098999998)","Unfall 143547 (2016) Kat:3, Licht: 0","143547","3","3","5","08","18","5","","0","1","1","0","0"
"POINT (11.581090445999999 48.133045164999999)","Unfall 143550 (2016) Kat:3, Licht: 0","143550","3","5","1","08","08","4","","0","1","1","0","0"
"POINT (11.614699179000000 48.188560092000003)","Unfall 143554 (2016) Kat:3, Licht: 0","143554","3","3","5","08","12","5","","0","1","1","0","0"
"POINT (11.556991614999999 48.220265353999999)","Unfall 143568 (2016) Kat:2, Licht: 0","143568","2","5","3","08","17","5","","0","0","1","0","1"
"POINT (11.608522949999999 48.151262563000003)","Unfall 143589 (2016) Kat:3, Licht: 0","143589","3","7","1","08","07","5","","0","1","1","0","0"
"POINT (11.509001639999999 48.179189170999997)","Unfall 143594 (2016) Kat:3, Licht: 0","143594","3","3","2","08","17","3","","0","0","1","0","0"
"POINT (11.562953741999999 48.211009914000002)","Unfall 143595 (2016) Kat:3, Licht: 0","143595","3","3","5","08","17","4","","0","1","1","0","0"
"POINT (11.548879230000001 48.125585080000000)","Unfall 143596 (2016) Kat:3, Licht: 0","143596","3","6","2","08","18","3","","0","0","1","0","0"
"POINT (11.566771394000000 48.136244806000001)","Unfall 143601 (2016) Kat:3, Licht: 0","143601","3","4","0","08","11","3","","0","1","0","1","0"
"POINT (11.609114702999999 48.136324172999998)","Unfall 143602 (2016) Kat:3, Licht: 0","143602","3","2","5","08","18","4","","0","0","1","0","0"
"POINT (11.551827288000000 48.135324890000000)","Unfall 143606 (2016) Kat:3, Licht: 0","143606","3","7","3","08","08","4","","0","0","1","0","1"
"POINT (11.615621544000000 48.198852195000001)","Unfall 143616 (2016) Kat:3, Licht: 0","143616","3","2","4","08","11","6","","0","0","1","0","0"
"POINT (11.574877837000001 48.119672117999997)","Unfall 143618 (2016) Kat:2, Licht: 2","143618","2","1","8","08","22","7","","2","1","0","0","0"
"POINT (11.481979578000001 48.107006859000002)","Unfall 143619 (2016) Kat:3, Licht: 0","143619","3","3","5","08","09","7","","0","0","1","0","0"
"POINT (11.556403098000001 48.213649719999999)","Unfall 143627 (2016) Kat:3, Licht: 0","143627","3","7","2","08","15","2","","0","1","0","0","0"
"POINT (11.592673206000001 48.168764676999999)","Unfall 143630 (2016) Kat:3, Licht: 0","143630","3","6","2","08","14","7","","0","0","1","0","0"
"POINT (11.582619763000000 48.182011516000003)","Unfall 143635 (2016) Kat:3, Licht: 0","143635","3","5","1","08","15","6","","0","0","1","0","0"
"POINT (11.575255124000000 48.128586484000003)","Unfall 143640 (2016) Kat:3, Licht: 2","143640","3","1","0","08","02","1","","2","1","0","0","0"
"POINT (11.621089345000000 48.186994835000000)","Unfall 143641 (2016) Kat:3, Licht: 0","143641","3","2","5","08","10","7","","0","0","1","0","1"
"POINT (11.552297092000000 48.207615877000002)","Unfall 143643 (2016) Kat:3, Licht: 0","143643","3","3","5","08","13","6","","0","0","1","0","1"
"POINT (11.503169387000000 48.139731924000003)","Unfall 143646 (2016) Kat:3, Licht: 0","143646","3","2","4","08","14","6","","0","0","1","0","0"
"POINT (11.591610952000000 48.156397134000002)","Unfall 143652 (2016) Kat:3, Licht: 0","143652","3","3","5","08","08","3","","0","1","0","0","0"
"POINT (11.535491102000000 48.148087294000000)","Unfall 143653 (2016) Kat:3, Licht: 0","143653","3","3","5","08","10","1","","0","0","1","0","0"
"POINT (11.466996468000000 48.156795369999998)","Unfall 143654 (2016) Kat:3, Licht: 0","143654","3","7","0","08","09","7","","0","1","0","0","0"
"POINT (11.559550836000000 48.101076876000000)","Unfall 143656 (2016) Kat:3, Licht: 0","143656","3","3","5","08","11","6","","0","0","1","0","0"
"POINT (11.552388828000000 48.215464869000002)","Unfall 143658 (2016) Kat:3, Licht: 0","143658","3","7","6","08","11","7","","0","1","0","1","0"
"POINT (11.504891644000001 48.094850729000001)","Unfall 143659 (2016) Kat:3, Licht: 0","143659","3","6","2","08","15","7","","0","1","0","0","0"
"POINT (11.586182575000000 48.167317881999999)","Unfall 143664 (2016) Kat:3, Licht: 2","143664","3","2","3","08","23","1","","2","0","1","0","0"
"POINT (11.557400940000001 48.139128534999998)","Unfall 143668 (2016) Kat:3, Licht: 0","143668","3","3","5","08","18","6","","0","1","1","0","0"
"POINT (11.613028806000001 48.149171955000000)","Unfall 143671 (2016) Kat:3, Licht: 0","143671","3","3","5","08","17","7","","0","1","1","0","0"
"POINT (11.566277758000000 48.134192876999997)","Unfall 143678 (2016) Kat:2, Licht: 2","143678","2","1","1","08","04","1","","2","0","1","0","0"
"POINT (11.557362895000001 48.139253742999998)","Unfall 143684 (2016) Kat:3, Licht: 0","143684","3","1","0","08","19","7","","0","1","0","0","0"
"POINT (11.568628887999999 48.141184111000001)","Unfall 143686 (2016) Kat:3, Licht: 0","143686","3","6","3","08","16","7","","0","0","1","0","1"
"POINT (11.563361544999999 48.207257386999999)","Unfall 143694 (2016) Kat:3, Licht: 0","143694","3","2","2","08","18","1","","0","0","1","0","1"
"POINT (11.580129860000000 48.128567201999999)","Unfall 143701 (2016) Kat:3, Licht: 0","143701","3","1","0","08","15","6","","0","1","0","0","0"
"POINT (11.505111233999999 48.152049800999997)","Unfall 143707 (2016) Kat:3, Licht: 1","143707","3","7","4","08","21","1","","1","1","0","0","0"
"POINT (11.630043643000000 48.111784462000003)","Unfall 143719 (2016) Kat:2, Licht: 0","143719","2","7","0","08","17","1","","0","1","1","0","0"
"POINT (11.586415791000000 48.161960794000002)","Unfall 143732 (2016) Kat:3, Licht: 0","143732","3","3","5","08","18","1","","0","1","1","0","0"
"POINT (11.562153234000000 48.147949117000003)","Unfall 143745 (2016) Kat:3, Licht: 0","143745","3","7","0","08","07","6","","0","0","1","0","1"
"POINT (11.542767396000000 48.122177518999997)","Unfall 143759 (2016) Kat:3, Licht: 2","143759","3","7","0","08","20","3","","2","0","0","0","1"
"POINT (11.558523588000000 48.129162555999997)","Unfall 143796 (2016) Kat:3, Licht: 0","143796","3","6","0","08","12","6","","0","0","1","0","1"
"POINT (11.511628366000000 48.156252191999997)","Unfall 143834 (2016) Kat:3, Licht: 0","143834","3","6","0","08","14","2","","0","1","1","0","0"
"POINT (11.444387823000000 48.171317160999997)","Unfall 143847 (2016) Kat:3, Licht: 0","143847","3","3","5","08","12","2","","0","1","0","0","0"
"POINT (11.603906525999999 48.146647248000001)","Unfall 143852 (2016) Kat:3, Licht: 0","143852","3","7","6","08","10","6","","0","0","1","1","0"
"POINT (11.505652654000000 48.172101087999998)","Unfall 143856 (2016) Kat:3, Licht: 2","143856","3","2","4","08","22","7","","2","1","1","0","0"
"POINT (11.589600171000001 48.161954215999998)","Unfall 143862 (2016) Kat:3, Licht: 0","143862","3","1","0","08","14","7","","0","1","0","0","0"
"POINT (11.503736079999999 48.187147918999997)","Unfall 143865 (2016) Kat:3, Licht: 0","143865","3","6","2","08","10","7","","0","0","1","0","0"
"POINT (11.575103315000000 48.136425498999998)","Unfall 143868 (2016) Kat:3, Licht: 0","143868","3","7","8","08","20","7","","0","1","0","0","0"
"POINT (11.597764392000000 48.135131553999997)","Unfall 143869 (2016) Kat:3, Licht: 0","143869","3","5","0","08","08","3","","0","1","1","0","0"
"POINT (11.548654767000000 48.112138326999997)","Unfall 143889 (2016) Kat:3, Licht: 0","143889","3","6","3","08","10","5","","0","0","1","0","1"
"POINT (11.553568501999999 48.130130659999999)","Unfall 143891 (2016) Kat:3, Licht: 0","143891","3","2","4","08","13","5","","0","1","1","0","0"
"POINT (11.576040553000000 48.131413448000004)","Unfall 143893 (2016) Kat:3, Licht: 2","143893","3","3","5","08","23","6","","2","0","1","0","0"
"POINT (11.564249218000000 48.128064745000003)","Unfall 143899 (2016) Kat:3, Licht: 0","143899","3","3","5","08","15","5","","0","0","1","0","1"
"POINT (11.573521452000000 48.142527203999997)","Unfall 143911 (2016) Kat:2, Licht: 0","143911","2","2","5","08","19","5","","0","1","1","0","0"
"POINT (11.578753805000000 48.145360613999998)","Unfall 143913 (2016) Kat:3, Licht: 2","143913","3","6","1","08","23","7","","2","0","1","0","0"
"POINT (11.506962878000000 48.139565607000002)","Unfall 143925 (2016) Kat:3, Licht: 0","143925","3","1","0","08","14","7","","0","1","0","0","0"
"POINT (11.529442025000000 48.181898517000000)","Unfall 143935 (2016) Kat:3, Licht: 0","143935","3","2","5","08","13","6","","0","1","1","0","0"
"POINT (11.536887807999999 48.153810733000000)","Unfall 143941 (2016) Kat:3, Licht: 0","143941","3","3","5","08","18","5","","0","1","1","0","0"
"POINT (11.692788600000000 48.131505005000001)","Unfall 143949 (2016) Kat:3, Licht: 0","143949","3","7","0","08","18","6","","0","0","1","0","0"
"POINT (11.590111397999999 48.131169352999997)","Unfall 143950 (2016) Kat:3, Licht: 0","143950","3","6","2","08","06","5","","0","0","1","0","1"
"POINT (11.561944390000001 48.137404906000000)","Unfall 143969 (2016) Kat:2, Licht: 0","143969","2","5","1","08","14","7","","0","1","1","0","0"
"POINT (11.571602849000000 48.131310352000000)","Unfall 143979 (2016) Kat:3, Licht: 0","143979","3","6","4","08","18","7","","0","0","1","0","0"
"POINT (11.601965335999999 48.129585061999997)","Unfall 143980 (2016) Kat:3, Licht: 1","143980","3","2","0","08","20","6","","1","0","1","0","1"
"POINT (11.592478325000000 48.114895449000002)","Unfall 143983 (2016) Kat:3, Licht: 2","143983","3","7","8","08","02","5","","2","1","0","0","0"
"POINT (11.610171414000000 48.132400357000002)","Unfall 143994 (2016) Kat:3, Licht: 0","143994","3","1","0","08","09","6","","0","0","0","0","1"
"POINT (11.584882064000000 48.126124515999997)","Unfall 143996 (2016) Kat:3, Licht: 0","143996","3","3","5","08","08","5","","0","1","1","0","0"
"POINT (11.555757062000000 48.129179960999998)","Unfall 144002 (2016) Kat:2, Licht: 0","144002","2","6","3","08","13","4","","0","1","0","0","0"
"POINT (11.480427847000000 48.140114769999997)","Unfall 144004 (2016) Kat:3, Licht: 0","144004","3","7","0","08","09","5","","0","0","0","0","1"
"POINT (11.579598304999999 48.167110047000001)","Unfall 144005 (2016) Kat:3, Licht: 0","144005","3","7","5","08","08","6","","0","1","1","0","0"
"POINT (11.483174736000000 48.126186517999997)","Unfall 144006 (2016) Kat:2, Licht: 0","144006","2","3","5","08","17","5","","0","0","1","0","0"
"POINT (11.584638304000000 48.138732201000003)","Unfall 144011 (2016) Kat:3, Licht: 0","144011","3","6","4","08","16","4","","0","1","0","0","0"
"POINT (11.582126674000000 48.134494048000001)","Unfall 144021 (2016) Kat:3, Licht: 0","144021","3","4","6","08","13","7","","0","1","0","1","0"
"POINT (11.502672047000001 48.164632957000002)","Unfall 144023 (2016) Kat:3, Licht: 1","144023","3","3","5","08","20","4","","1","0","1","0","0"
"POINT (11.570268648000001 48.134088634999998)","Unfall 144030 (2016) Kat:3, Licht: 0","144030","3","7","3","08","16","5","","0","1","1","0","0"
"POINT (11.532284088999999 48.155480144000002)","Unfall 144034 (2016) Kat:3, Licht: 0","144034","3","4","6","08","15","7","","0","1","0","1","0"
"POINT (11.557320560999999 48.144201574000000)","Unfall 144040 (2016) Kat:3, Licht: 0","144040","3","6","3","08","12","4","","0","1","1","0","0"
"POINT (11.702780474000001 48.132318482999999)","Unfall 144041 (2016) Kat:3, Licht: 0","144041","3","3","0","08","09","4","","0","0","1","0","0"
"POINT (11.550353854000001 48.146605430999998)","Unfall 144045 (2016) Kat:2, Licht: 0","144045","2","5","1","08","08","5","","0","1","1","0","0"
"POINT (11.606551586000000 48.101066518000003)","Unfall 144054 (2016) Kat:3, Licht: 2","144054","3","4","6","08","23","4","","2","0","1","1","0"
"POINT (11.559598766000001 48.186685296000000)","Unfall 144056 (2016) Kat:2, Licht: 0","144056","2","3","5","08","16","4","","0","1","1","0","0"
"POINT (11.556538854999999 48.149297120000000)","Unfall 144058 (2016) Kat:3, Licht: 2","144058","3","3","5","08","04","5","","2","0","1","0","0"
"POINT (11.563703774000000 48.205508305000002)","Unfall 144075 (2016) Kat:3, Licht: 2","144075","3","7","6","08","22","7","","2","0","1","1","0"
"POINT (11.480167282000000 48.155685425000001)","Unfall 144080 (2016) Kat:2, Licht: 0","144080","2","6","4","08","09","4","","0","1","0","0","0"
"POINT (11.528566679000001 48.130087484999997)","Unfall 144086 (2016) Kat:3, Licht: 0","144086","3","6","1","08","12","7","","0","0","1","0","0"
"POINT (11.593996619000000 48.128609863000001)","Unfall 144089 (2016) Kat:3, Licht: 0","144089","3","2","1","08","07","5","","0","1","1","0","0"
"POINT (11.620459420000000 48.130249431000003)","Unfall 144091 (2016) Kat:3, Licht: 0","144091","3","3","5","08","19","3","","0","1","1","0","0"
"POINT (11.449993750999999 48.181169042000001)","Unfall 144093 (2016) Kat:3, Licht: 0","144093","3","3","5","08","06","4","","0","0","0","0","1"
"POINT (11.555791352000000 48.146219344999999)","Unfall 144094 (2016) Kat:3, Licht: 0","144094","3","2","3","08","09","4","","0","0","1","0","1"
"POINT (11.539124832000001 48.164859606999997)","Unfall 144098 (2016) Kat:3, Licht: 0","144098","3","6","6","08","16","4","","0","1","0","1","0"
"POINT (11.480507342999999 48.140178624999997)","Unfall 144103 (2016) Kat:3, Licht: 0","144103","3","6","2","08","09","5","","0","0","1","0","0"
"POINT (11.662852378000000 48.113112348999998)","Unfall 144104 (2016) Kat:3, Licht: 0","144104","3","3","5","08","16","3","","0","0","1","0","0"
"POINT (11.508410611000000 48.098231851999998)","Unfall 144108 (2016) Kat:3, Licht: 2","144108","3","2","4","08","22","4","","2","0","1","0","0"
"POINT (11.543907853000000 48.122157092999998)","Unfall 144110 (2016) Kat:3, Licht: 0","144110","3","2","3","08","14","4","","0","1","0","0","0"
"POINT (11.561074537000000 48.095657615000000)","Unfall 144112 (2016) Kat:3, Licht: 0","144112","3","7","0","08","12","5","","0","1","0","0","0"
"POINT (11.556089984000000 48.141784461999997)","Unfall 144115 (2016) Kat:3, Licht: 0","144115","3","6","2","08","13","5","","0","0","1","0","0"
"POINT (11.549754340000000 48.139033402999999)","Unfall 144121 (2016) Kat:2, Licht: 2","144121","2","2","4","08","20","3","","2","1","1","0","0"
"POINT (11.590137625000001 48.094844193000000)","Unfall 144127 (2016) Kat:3, Licht: 0","144127","3","3","5","08","12","7","","0","0","1","0","0"
"POINT (11.531868754000000 48.163020035000002)","Unfall 144130 (2016) Kat:3, Licht: 0","144130","3","7","5","08","15","3","","0","1","0","0","0"
"POINT (11.570511478000000 48.142780680000001)","Unfall 144135 (2016) Kat:3, Licht: 2","144135","3","3","5","08","23","4","","2","1","1","0","0"
"POINT (11.681533125000000 48.139718408000000)","Unfall 144136 (2016) Kat:3, Licht: 0","144136","3","3","5","08","19","3","","0","1","0","0","0"
"POINT (11.589349422000000 48.136880275999999)","Unfall 144146 (2016) Kat:3, Licht: 0","144146","3","1","5","08","15","3","","0","1","0","0","0"
"POINT (11.605753263000000 48.135711753999999)","Unfall 144152 (2016) Kat:3, Licht: 0","144152","3","7","0","08","08","3","","0","1","0","0","0"
"POINT (11.573053151000000 48.175563840999999)","Unfall 144155 (2016) Kat:2, Licht: 0","144155","2","1","0","08","15","3","","0","1","0","0","0"
"POINT (11.478432854999999 48.119802172000000)","Unfall 144159 (2016) Kat:3, Licht: 0","144159","3","3","5","08","14","3","","0","1","1","0","0"
"POINT (11.582411684000000 48.157660100999998)","Unfall 144164 (2016) Kat:3, Licht: 0","144164","3","7","0","08","19","3","","0","1","0","0","0"
"POINT (11.549780175000000 48.136047693999998)","Unfall 144170 (2016) Kat:3, Licht: 0","144170","3","2","5","08","06","3","","0","1","0","0","0"
"POINT (11.553042407000000 48.124780240000000)","Unfall 144171 (2016) Kat:3, Licht: 0","144171","3","5","0","08","15","1","","0","0","1","0","0"
"POINT (11.601974605000001 48.137679745000000)","Unfall 144180 (2016) Kat:3, Licht: 0","144180","3","7","6","08","14","4","","0","1","0","1","0"
"POINT (11.469936636000000 48.168148942999998)","Unfall 144181 (2016) Kat:3, Licht: 0","144181","3","3","5","08","07","1","","0","0","1","0","0"
"POINT (11.588548243000000 48.143061529999997)","Unfall 144191 (2016) Kat:3, Licht: 0","144191","3","6","1","08","09","4","","0","0","1","0","0"
"POINT (11.527196096999999 48.133643251000002)","Unfall 144200 (2016) Kat:3, Licht: 0","144200","3","6","3","08","18","3","","0","1","0","0","0"
"POINT (11.584135061000000 48.144140481999997)","Unfall 144206 (2016) Kat:2, Licht: 0","144206","2","6","4","08","09","3","","0","1","0","0","0"
"POINT (11.515939460000000 48.151745134000002)","Unfall 144216 (2016) Kat:2, Licht: 0","144216","2","3","5","08","19","3","","0","1","1","0","0"
"POINT (11.540713543000001 48.125333398999999)","Unfall 144238 (2016) Kat:3, Licht: 0","144238","3","3","5","08","18","4","","0","0","1","0","0"
"POINT (11.398219762000000 48.190705723999997)","Unfall 144263 (2016) Kat:3, Licht: 0","144263","3","7","0","08","19","3","","0","0","0","1","0"
"POINT (11.567575069000000 48.178194230999999)","Unfall 144272 (2016) Kat:3, Licht: 0","144272","3","3","5","08","08","3","","0","1","1","0","0"
"POINT (11.547044522000000 48.139208685000000)","Unfall 144276 (2016) Kat:3, Licht: 0","144276","3","2","3","08","08","2","","0","0","1","0","0"
"POINT (11.621423417999999 48.153644911000001)","Unfall 144281 (2016) Kat:3, Licht: 0","144281","3","2","4","08","16","2","","0","0","1","0","0"
"POINT (11.547283287999999 48.159317577000003)","Unfall 144282 (2016) Kat:3, Licht: 0","144282","3","6","1","08","16","2","","0","0","1","0","0"
"POINT (11.567621106000001 48.176738311999998)","Unfall 144284 (2016) Kat:3, Licht: 0","144284","3","3","5","08","14","2","","0","0","1","0","0"
"POINT (11.513826447000000 48.096394148999998)","Unfall 144292 (2016) Kat:3, Licht: 0","144292","3","3","5","08","17","2","","0","0","1","0","1"
"POINT (11.567620870000001 48.176747302999999)","Unfall 144297 (2016) Kat:3, Licht: 0","144297","3","3","5","08","16","3","","0","0","1","0","0"
"POINT (11.528280351999999 48.099805179000001)","Unfall 144303 (2016) Kat:3, Licht: 0","144303","3","5","1","08","17","4","","0","1","0","0","0"
"POINT (11.542503014999999 48.209211113999999)","Unfall 144312 (2016) Kat:3, Licht: 0","144312","3","3","5","08","07","3","","0","0","1","0","1"
"POINT (11.460993556000000 48.142516309000001)","Unfall 144315 (2016) Kat:3, Licht: 0","144315","3","2","5","08","12","2","","0","0","1","0","1"
"POINT (11.508166190000001 48.135126124999999)","Unfall 144319 (2016) Kat:3, Licht: 0","144319","3","2","5","08","19","2","","0","1","1","0","0"
"POINT (11.490040449000000 48.084175123000001)","Unfall 144326 (2016) Kat:3, Licht: 0","144326","3","3","5","08","20","3","","0","0","1","0","0"
"POINT (11.503042838000001 48.135632657000002)","Unfall 144328 (2016) Kat:3, Licht: 0","144328","3","7","6","08","11","2","","0","0","0","1","0"
"POINT (11.628066791000000 48.092275303000001)","Unfall 144339 (2016) Kat:3, Licht: 0","144339","3","3","5","08","09","2","","0","0","1","0","0"
"POINT (11.522354957999999 48.106757776000002)","Unfall 144346 (2016) Kat:3, Licht: 0","144346","3","2","5","08","09","4","","0","0","1","0","0"
"POINT (11.556152376000000 48.142070212999997)","Unfall 144348 (2016) Kat:3, Licht: 2","144348","3","2","4","08","00","2","","2","0","1","0","0"
"POINT (11.662887210999999 48.120082623999998)","Unfall 144358 (2016) Kat:3, Licht: 0","144358","3","6","4","08","15","3","","0","1","1","0","0"
"POINT (11.634329675000000 48.118015690000000)","Unfall 144372 (2016) Kat:3, Licht: 0","144372","3","6","6","08","17","3","","0","1","0","1","0"
"POINT (11.579562169000001 48.115128227000000)","Unfall 144382 (2016) Kat:3, Licht: 2","144382","3","6","3","08","21","3","","2","1","1","0","0"
"POINT (11.645842743999999 48.138688797000000)","Unfall 144385 (2016) Kat:3, Licht: 2","144385","3","2","4","08","22","3","","2","0","1","0","0"
"POINT (11.533625990999999 48.116976321000003)","Unfall 144400 (2016) Kat:3, Licht: 0","144400","3","2","5","08","17","4","","0","1","1","0","0"
"POINT (11.547718017999999 48.159552202000000)","Unfall 144412 (2016) Kat:3, Licht: 0","144412","3","7","8","08","12","5","","0","0","0","0","1"
"POINT (11.614774947000001 48.124694527000003)","Unfall 144415 (2016) Kat:3, Licht: 0","144415","3","7","5","08","19","5","","0","1","0","0","0"
"POINT (11.579050018000000 48.129221899999997)","Unfall 144421 (2016) Kat:3, Licht: 0","144421","3","2","0","08","16","6","","0","0","1","0","0"
"POINT (11.444216884999999 48.138417144000002)","Unfall 144422 (2016) Kat:3, Licht: 0","144422","3","3","5","08","14","5","","0","0","1","0","0"
"POINT (11.616867532000001 48.188195200999999)","Unfall 144425 (2016) Kat:3, Licht: 0","144425","3","4","6","08","18","6","","0","0","1","1","0"
"POINT (11.606281072000000 48.120835661999998)","Unfall 144426 (2016) Kat:3, Licht: 0","144426","3","3","2","08","07","5","","0","0","1","0","0"
"POINT (11.551428989000000 48.171369523999999)","Unfall 144434 (2016) Kat:3, Licht: 0","144434","3","6","4","08","18","6","","0","1","0","0","0"
"POINT (11.551390552000001 48.126059625000003)","Unfall 144435 (2016) Kat:3, Licht: 0","144435","3","6","6","08","08","5","","0","0","1","1","0"
"POINT (11.511800673000000 48.155733181000002)","Unfall 144446 (2016) Kat:3, Licht: 2","144446","3","3","5","08","21","6","","2","1","1","0","0"
"POINT (11.468683377000000 48.139656875999997)","Unfall 144447 (2016) Kat:3, Licht: 0","144447","3","7","0","08","12","5","","0","1","0","1","0"
"POINT (11.534393060999999 48.214736391000002)","Unfall 144456 (2016) Kat:3, Licht: 0","144456","3","4","6","08","18","5","","0","0","1","1","0"
"POINT (11.540822013000000 48.161696368999998)","Unfall 144458 (2016) Kat:3, Licht: 0","144458","3","7","0","08","12","6","","0","1","0","0","0"