WKT,Name,OBJECTID,UKATEGORIE,UTYP1,UART,UMONAT,USTUNDE,UWOCHENTAG,STRZUSTAND,ULICHTVERH,ISTRAD,ISTPKW,ISTFUSS,ISTKRAD
"POINT (11.598748330999999 48.141088920000001)","Unfall 145561 (2016) Kat:3, Licht: 0","145561","3","3","5","09","15","6","","0","1","1","0","0"
"POINT (11.545935712000000 48.126436501000001)","Unfall 145565 (2016) Kat:3, Licht: 0","145565","3","5","1","09","12","5","","0","1","1","0","0"
"POINT (11.590111397999999 48.131169352999997)","Unfall 145569 (2016) Kat:3, Licht: 0","145569","3","2","5","09","13","7","","0","0","1","0","0"
"POINT (11.673413135000001 48.121322593000002)","Unfall 145570 (2016) Kat:3, Licht: 0","145570","3","5","3","09","15","6","","0","0","1","0","1"
"POINT (11.534322403999999 48.128580026000002)","Unfall 145571 (2016) Kat:3, Licht: 0","145571","3","6","2","09","12","5","","0","0","1","0","0"
"POINT (11.461346885999999 48.147931426000000)","Unfall 145581 (2016) Kat:3, Licht: 0","145581","3","3","5","09","15","6","","0","1","1","0","0"
"POINT (11.584466468000000 48.165592359999998)","Unfall 145587 (2016) Kat:3, Licht: 0","145587","3","2","4","09","08","5","","0","1","1","0","0"
"POINT (11.516734023000000 48.129640797999997)","Unfall 145589 (2016) Kat:3, Licht: 0","145589","3","7","5","09","13","6","","0","0","1","0","1"
"POINT (11.604657003000000 48.128361050000002)","Unfall 145597 (2016) Kat:2, Licht: 0","145597","2","7","0","09","16","5","","0","0","0","0","0"
"POINT (11.520316765000000 48.146430183000000)","Unfall 145606 (2016) Kat:3, Licht: 0","145606","3","4","6","09","10","5","","0","0","1","1","0"
"POINT (11.566335938000000 48.115013759999997)","Unfall 145612 (2016) Kat:3, Licht: 0","145612","3","3","5","09","18","5","","0","0","1","0","0"
"POINT (11.588260189000000 48.168378846000003)","Unfall 145616 (2016) Kat:3, Licht: 0","145616","3","3","5","09","10","7","","0","1","1","0","0"
"POINT (11.516880553000000 48.167740913999999)","Unfall 145617 (2016) Kat:3, Licht: 1","145617","3","6","2","09","19","6","","1","0","1","0","0"
"POINT (11.605239010000000 48.139673227000003)","Unfall 145622 (2016) Kat:3, Licht: 0","145622","3","2","4","09","15","5","","0","1","0","0","1"
"POINT (11.542955631000000 48.209191017000002)","Unfall 145623 (2016) Kat:3, Licht: 0","145623","3","2","2","09","17","4","","0","0","1","0","0"
"POINT (11.551658405000000 48.080343788999997)","Unfall 145628 (2016) Kat:2, Licht: 0","145628","2","7","6","09","11","5","","0","1","0","1","0"
"POINT (11.530059226000001 48.119852745999999)","Unfall 145630 (2016) Kat:3, Licht: 0","145630","3","3","5","09","18","6","","0","1","1","0","0"
"POINT (11.545212619000001 48.150120041999998)","Unfall 145631 (2016) Kat:3, Licht: 0","145631","3","6","2","09","18","6","","0","0","1","0","1"
"POINT (11.513079416000000 48.098152945000002)","Unfall 145632 (2016) Kat:3, Licht: 0","145632","3","6","2","09","18","4","","0","0","1","0","0"
"POINT (11.627376881000000 48.107894745999999)","Unfall 145638 (2016) Kat:3, Licht: 0","145638","3","6","2","09","15","6","","0","1","1","0","0"
"POINT (11.530523525000000 48.152366839000003)","Unfall 145639 (2016) Kat:3, Licht: 0","145639","3","7","5","09","08","4","","0","1","1","0","0"
"POINT (11.437562391000000 48.174759788000003)","Unfall 145644 (2016) Kat:3, Licht: 0","145644","3","1","0","09","06","5","","0","1","0","0","0"
"POINT (11.603096910000000 48.186863424999999)","Unfall 145645 (2016) Kat:2, Licht: 0","145645","2","7","0","09","17","4","","0","0","0","0","1"
"POINT (11.569285718000000 48.149548858000003)","Unfall 145651 (2016) Kat:3, Licht: 0","145651","3","6","3","09","08","4","","0","1","1","0","0"
"POINT (11.584731531999999 48.159407571999999)","Unfall 145652 (2016) Kat:3, Licht: 0","145652","3","4","6","09","19","7","","0","1","0","1","0"
"POINT (11.634785379000000 48.137955042000002)","Unfall 145654 (2016) Kat:2, Licht: 0","145654","2","6","4","09","15","5","","0","0","1","0","1"
"POINT (11.582501300000001 48.117967331000003)","Unfall 145667 (2016) Kat:3, Licht: 0","145667","3","6","3","09","14","6","","0","0","1","0","0"
"POINT (11.461339942000000 48.146783139999997)","Unfall 145673 (2016) Kat:2, Licht: 0","145673","2","1","0","09","12","7","","0","1","0","0","0"
"POINT (11.458277631000000 48.149606103000004)","Unfall 145674 (2016) Kat:3, Licht: 0","145674","3","7","1","09","19","6","","0","1","1","0","0"
"POINT (11.539058265000000 48.116828011999999)","Unfall 145675 (2016) Kat:3, Licht: 0","145675","3","6","4","09","18","5","","0","1","0","0","0"
"POINT (11.599273192000000 48.194381086999996)","Unfall 145676 (2016) Kat:3, Licht: 0","145676","3","3","5","09","12","4","","0","0","1","0","1"
"POINT (11.518416127000000 48.140379967000001)","Unfall 145682 (2016) Kat:3, Licht: 0","145682","3","7","0","09","18","6","","0","1","0","0","0"
"POINT (11.560787347000000 48.158044568999998)","Unfall 145683 (2016) Kat:3, Licht: 0","145683","3","6","4","09","06","4","","0","1","0","0","0"
"POINT (11.580644471999999 48.188888341999998)","Unfall 145684 (2016) Kat:3, Licht: 0","145684","3","2","4","09","08","6","","0","1","1","0","0"
"POINT (11.485464704000000 48.082035667000000)","Unfall 145685 (2016) Kat:3, Licht: 0","145685","3","1","0","09","17","4","","0","1","0","0","0"
"POINT (11.422537066000000 48.147683518000001)","Unfall 145690 (2016) Kat:3, Licht: 0","145690","3","5","1","09","14","5","","0","0","1","0","0"
"POINT (11.551745068000001 48.142908835999997)","Unfall 145691 (2016) Kat:3, Licht: 0","145691","3","5","0","09","12","4","","0","1","1","0","0"
"POINT (11.510904725000000 48.150356610000003)","Unfall 145698 (2016) Kat:2, Licht: 0","145698","2","7","0","09","15","2","","0","1","0","1","0"
"POINT (11.561119686000000 48.136340721000003)","Unfall 145711 (2016) Kat:3, Licht: 2","145711","3","6","1","09","20","3","","2","0","1","0","1"
"POINT (11.574700740000001 48.145521088000002)","Unfall 145715 (2016) Kat:2, Licht: 2","145715","2","3","5","09","20","1","","2","0","1","0","1"
"POINT (11.550118597999999 48.149249767000001)","Unfall 145718 (2016) Kat:3, Licht: 0","145718","3","3","5","09","08","3","","0","1","1","0","0"
"POINT (11.558416656000000 48.130363746000000)","Unfall 145731 (2016) Kat:3, Licht: 2","145731","3","1","0","09","02","1","","2","1","0","0","0"
"POINT (11.544899658000000 48.127767390000002)","Unfall 145734 (2016) Kat:3, Licht: 0","145734","3","6","3","09","08","3","","0","0","1","0","0"
"POINT (11.562928174000000 48.211174874999998)","Unfall 145741 (2016) Kat:3, Licht: 0","145741","3","6","2","09","07","3","","0","1","0","0","0"
"POINT (11.583713350000000 48.115190351999999)","Unfall 145750 (2016) Kat:3, Licht: 0","145750","3","6","1","09","17","3","","0","0","1","0","1"
"POINT (11.562096035000000 48.129181269999997)","Unfall 145751 (2016) Kat:3, Licht: 0","145751","3","2","2","09","18","2","","0","1","1","0","0"
"POINT (11.585688714000000 48.160365474999999)","Unfall 145756 (2016) Kat:3, Licht: 0","145756","3","3","5","09","10","2","","0","1","1","0","0"
"POINT (11.556042629000000 48.127976828000001)","Unfall 145765 (2016) Kat:3, Licht: 0","145765","3","5","1","09","10","3","","0","1","1","0","0"
"POINT (11.571099234000000 48.131129123000001)","Unfall 145767 (2016) Kat:3, Licht: 2","145767","3","7","0","09","23","2","","2","1","0","0","0"
"POINT (11.616319417000000 48.148906128999997)","Unfall 145769 (2016) Kat:3, Licht: 2","145769","3","2","4","09","21","1","","2","0","1","0","1"
"POINT (11.517971963000001 48.181898173000000)","Unfall 145773 (2016) Kat:3, Licht: 0","145773","3","5","1","09","09","3","","0","0","1","0","1"
"POINT (11.545920027999999 48.102294970000003)","Unfall 145776 (2016) Kat:3, Licht: 0","145776","3","3","5","09","08","3","","0","1","1","0","0"
"POINT (11.586322403000000 48.167337740999997)","Unfall 145784 (2016) Kat:3, Licht: 0","145784","3","2","5","09","14","1","","0","0","1","0","0"
"POINT (11.561808230000000 48.204528097999997)","Unfall 145785 (2016) Kat:3, Licht: 0","145785","3","3","5","09","07","3","","0","1","1","0","0"
"POINT (11.440605429000000 48.151838083000001)","Unfall 145794 (2016) Kat:3, Licht: 0","145794","3","7","0","09","16","3","","0","1","0","0","0"
"POINT (11.555810967999999 48.139172576999997)","Unfall 145805 (2016) Kat:3, Licht: 0","145805","3","2","5","09","13","3","","0","1","1","0","0"
"POINT (11.525616495000000 48.132195455000002)","Unfall 145810 (2016) Kat:3, Licht: 0","145810","3","6","2","09","09","3","","0","0","1","0","0"
"POINT (11.503036826000001 48.135486761999999)","Unfall 145826 (2016) Kat:3, Licht: 0","145826","3","7","5","09","17","2","","0","0","1","0","0"
"POINT (11.570410632000000 48.158561986000002)","Unfall 145827 (2016) Kat:3, Licht: 0","145827","3","3","5","09","07","3","","0","0","1","0","1"
"POINT (11.586322403000000 48.167337740999997)","Unfall 145838 (2016) Kat:3, Licht: 0","145838","3","6","6","09","11","3","","0","0","0","1","0"
"POINT (11.558811500999999 48.100234469000000)","Unfall 145839 (2016) Kat:3, Licht: 2","145839","3","3","5","09","20","1","","2","1","1","0","0"
"POINT (11.553304746000000 48.137495645000001)","Unfall 145841 (2016) Kat:3, Licht: 0","145841","3","7","4","09","17","2","","0","0","1","0","1"
"POINT (11.581829398000000 48.170726749000004)","Unfall 145842 (2016) Kat:3, Licht: 0","145842","3","6","3","09","18","3","","0","1","0","0","0"
"POINT (11.527438964000000 48.095265853000001)","Unfall 145861 (2016) Kat:3, Licht: 0","145861","3","3","5","09","10","2","","0","1","0","0","0"
"POINT (11.596486501999999 48.129796100999997)","Unfall 145864 (2016) Kat:2, Licht: 0","145864","2","4","0","09","09","2","","0","1","0","1","0"
"POINT (11.544142817999999 48.137818590999998)","Unfall 145870 (2016) Kat:3, Licht: 2","145870","3","1","0","09","23","3","","2","1","0","0","0"
"POINT (11.569043558000001 48.140913634999997)","Unfall 145874 (2016) Kat:3, Licht: 0","145874","3","6","2","09","14","1","","0","0","1","0","0"
"POINT (11.555034382000001 48.159593330000000)","Unfall 145876 (2016) Kat:3, Licht: 0","145876","3","3","5","09","15","2","","0","0","1","0","0"
"POINT (11.585221657000000 48.153992445999997)","Unfall 145877 (2016) Kat:3, Licht: 0","145877","3","3","5","09","09","3","","0","1","1","0","0"
"POINT (11.579352761000001 48.129228863999998)","Unfall 145890 (2016) Kat:3, Licht: 2","145890","3","2","4","09","00","1","","2","1","0","0","0"
"POINT (11.610034810000000 48.138516217999999)","Unfall 145891 (2016) Kat:2, Licht: 0","145891","2","2","4","09","17","3","","0","0","1","0","1"
"POINT (11.577685310000000 48.136327672999997)","Unfall 145893 (2016) Kat:2, Licht: 2","145893","2","7","0","09","21","7","","2","1","0","0","0"
"POINT (11.601979544000001 48.202324136999998)","Unfall 145901 (2016) Kat:3, Licht: 0","145901","3","3","5","09","18","3","","0","1","0","0","0"
"POINT (11.517643337000001 48.111972278000003)","Unfall 145903 (2016) Kat:3, Licht: 0","145903","3","6","2","09","16","7","","0","0","1","0","0"
"POINT (11.622349202000001 48.148508493000001)","Unfall 145906 (2016) Kat:3, Licht: 0","145906","3","6","2","09","09","2","","0","0","1","0","1"
"POINT (11.570470369000001 48.142060000000001)","Unfall 145910 (2016) Kat:3, Licht: 2","145910","3","3","6","09","04","7","","2","0","1","1","0"
"POINT (11.548608389000000 48.112147038000003)","Unfall 145911 (2016) Kat:3, Licht: 0","145911","3","2","5","09","07","3","","0","0","1","0","1"
"POINT (11.645562156000000 48.113722383000002)","Unfall 145914 (2016) Kat:3, Licht: 2","145914","3","6","1","09","22","7","","2","0","1","0","0"
"POINT (11.556321090000001 48.222551352000004)","Unfall 145915 (2016) Kat:3, Licht: 0","145915","3","4","6","09","18","3","","0","0","1","1","0"
"POINT (11.558637832000001 48.137448986999999)","Unfall 145917 (2016) Kat:3, Licht: 2","145917","3","7","5","09","03","7","","2","0","1","0","0"
"POINT (11.555037100000000 48.137481174999998)","Unfall 145923 (2016) Kat:3, Licht: 0","145923","3","6","3","09","18","7","","0","1","1","0","0"
"POINT (11.577098950000000 48.138392615000001)","Unfall 145924 (2016) Kat:3, Licht: 0","145924","3","5","1","09","08","3","","0","1","0","0","0"
"POINT (11.626505914000001 48.199260862000003)","Unfall 145929 (2016) Kat:3, Licht: 0","145929","3","3","5","09","12","1","","0","1","1","0","0"
"POINT (11.564174376000000 48.132197441000002)","Unfall 145931 (2016) Kat:3, Licht: 0","145931","3","6","2","09","08","2","","0","0","1","0","0"
"POINT (11.565465814000000 48.123891958999998)","Unfall 145932 (2016) Kat:3, Licht: 0","145932","3","2","0","09","08","3","","0","1","1","0","0"
"POINT (11.568810484000000 48.178383693999997)","Unfall 145935 (2016) Kat:3, Licht: 0","145935","3","3","5","09","09","2","","0","1","0","0","0"
"POINT (11.598745283000000 48.141084638000002)","Unfall 145936 (2016) Kat:3, Licht: 0","145936","3","3","5","09","17","3","","0","1","1","0","0"
"POINT (11.576792258999999 48.147724113000002)","Unfall 145940 (2016) Kat:3, Licht: 0","145940","3","1","1","09","16","7","","0","0","1","0","0"
"POINT (11.567585776000000 48.131943802999999)","Unfall 145945 (2016) Kat:3, Licht: 2","145945","3","7","4","09","02","1","","2","1","1","0","0"
"POINT (11.554999157999999 48.144291367000001)","Unfall 145946 (2016) Kat:2, Licht: 0","145946","2","7","5","09","17","3","","0","1","1","0","0"
"POINT (11.580293592000000 48.206616040000000)","Unfall 145950 (2016) Kat:3, Licht: 0","145950","3","6","2","09","18","7","","0","0","1","0","0"
"POINT (11.394860305000000 48.174870267000003)","Unfall 145956 (2016) Kat:3, Licht: 0","145956","3","3","0","09","17","7","","0","0","1","0","0"
"POINT (11.590645134000001 48.116614617000003)","Unfall 145958 (2016) Kat:3, Licht: 2","145958","3","1","0","09","01","5","","2","1","0","0","0"
"POINT (11.536756443000000 48.151793714000000)","Unfall 145959 (2016) Kat:3, Licht: 0","145959","3","7","3","09","10","4","","0","0","1","0","0"
"POINT (11.479325647000000 48.125785618000002)","Unfall 145966 (2016) Kat:3, Licht: 0","145966","3","7","0","09","09","6","","0","0","0","0","0"
"POINT (11.534319105000000 48.152571647000002)","Unfall 145967 (2016) Kat:3, Licht: 2","145967","3","7","6","09","19","4","","2","1","0","1","0"
"POINT (11.523983622999999 48.156246289000002)","Unfall 145972 (2016) Kat:3, Licht: 0","145972","3","7","1","09","18","4","","0","1","1","0","0"
"POINT (11.500804238000001 48.139690676000001)","Unfall 145979 (2016) Kat:3, Licht: 0","145979","3","5","1","09","16","4","","0","1","1","0","0"
"POINT (11.617770274000000 48.152193814999997)","Unfall 145983 (2016) Kat:3, Licht: 2","145983","3","1","0","09","01","6","","2","0","0","0","1"
"POINT (11.581825424000000 48.127849099999999)","Unfall 145991 (2016) Kat:3, Licht: 0","145991","3","3","5","09","16","5","","0","1","0","0","0"
"POINT (11.665996641000000 48.103271958000001)","Unfall 145992 (2016) Kat:3, Licht: 0","145992","3","7","0","09","18","4","","0","1","0","0","0"
"POINT (11.630539746000000 48.176553556999998)","Unfall 145994 (2016) Kat:3, Licht: 0","145994","3","3","5","09","07","4","","0","0","1","0","0"
"POINT (11.598416020000000 48.124649288999997)","Unfall 146001 (2016) Kat:3, Licht: 0","146001","3","7","0","09","15","5","","0","1","0","0","0"
"POINT (11.581856917000000 48.151695975000003)","Unfall 146009 (2016) Kat:3, Licht: 0","146009","3","4","6","09","17","5","","0","1","0","1","0"
"POINT (11.534576866000000 48.153269068999997)","Unfall 146011 (2016) Kat:3, Licht: 0","146011","3","7","0","09","08","6","","0","1","0","0","0"
"POINT (11.547568946000000 48.126903562999999)","Unfall 146012 (2016) Kat:3, Licht: 0","146012","3","2","3","09","18","5","","0","1","1","0","0"
"POINT (11.624220306000000 48.190843831000002)","Unfall 146019 (2016) Kat:3, Licht: 0","146019","3","3","5","09","08","5","","0","1","1","0","0"
"POINT (11.518211917000000 48.120935340999999)","Unfall 146024 (2016) Kat:3, Licht: 0","146024","3","3","5","09","09","5","","0","0","1","0","0"
"POINT (11.546441055000001 48.123123632000002)","Unfall 146026 (2016) Kat:3, Licht: 0","146026","3","7","4","09","11","6","","0","0","1","0","1"
"POINT (11.559171451999999 48.129886151999997)","Unfall 146027 (2016) Kat:3, Licht: 0","146027","3","4","6","09","14","5","","0","0","1","1","0"
"POINT (11.569096386000000 48.140930939999997)","Unfall 146038 (2016) Kat:3, Licht: 0","146038","3","6","1","09","11","5","","0","0","0","0","1"
"POINT (11.555794815000000 48.129991476999997)","Unfall 146040 (2016) Kat:3, Licht: 0","146040","3","2","0","09","10","6","","0","0","1","0","1"
"POINT (11.534288497000000 48.109552905000001)","Unfall 146065 (2016) Kat:3, Licht: 0","146065","3","3","5","09","12","5","","0","1","1","0","0"
"POINT (11.655040091000000 48.096007168000000)","Unfall 146068 (2016) Kat:3, Licht: 0","146068","3","6","2","09","16","6","","0","0","1","0","1"
"POINT (11.583932128000001 48.099015164000001)","Unfall 146081 (2016) Kat:3, Licht: 2","146081","3","3","5","09","20","6","","2","1","1","0","0"
"POINT (11.615704263000000 48.154158227000003)","Unfall 146088 (2016) Kat:3, Licht: 0","146088","3","3","5","09","16","4","","0","0","1","0","1"
"POINT (11.569084583000000 48.158914459999998)","Unfall 146093 (2016) Kat:3, Licht: 0","146093","3","2","4","09","18","5","","0","1","1","0","0"
"POINT (11.600655890000001 48.148838906000002)","Unfall 146095 (2016) Kat:3, Licht: 1","146095","3","1","0","09","19","6","","1","0","0","0","1"
"POINT (11.586075784000000 48.131786075000001)","Unfall 146097 (2016) Kat:3, Licht: 0","146097","3","6","3","09","17","4","","0","0","1","0","1"
"POINT (11.590032593000000 48.201381763000001)","Unfall 146100 (2016) Kat:3, Licht: 0","146100","3","6","3","09","14","4","","0","1","1","0","0"
"POINT (11.575389882000000 48.119557841000002)","Unfall 146109 (2016) Kat:3, Licht: 0","146109","3","2","0","09","08","5","","0","1","1","0","0"
"POINT (11.624910089000000 48.117074932999998)","Unfall 146122 (2016) Kat:3, Licht: 0","146122","3","6","2","09","13","6","","0","0","1","0","1"
"POINT (11.502587305000000 48.119522646999997)","Unfall 146132 (2016) Kat:3, Licht: 2","146132","3","2","5","09","20","6","","2","1","1","0","0"
"POINT (11.423256951000001 48.141415186000003)","Unfall 146134 (2016) Kat:3, Licht: 0","146134","3","3","1","09","18","5","","0","1","1","0","0"
"POINT (11.546048598000000 48.186107995000000)","Unfall 146136 (2016) Kat:3, Licht: 2","146136","3","3","3","09","22","6","","2","0","1","0","0"
"POINT (11.554508944000000 48.186123395000003)","Unfall 146139 (2016) Kat:3, Licht: 0","146139","3","2","5","09","15","4","","0","0","1","0","1"
"POINT (11.624161582999999 48.167689514000003)","Unfall 146142 (2016) Kat:3, Licht: 0","146142","3","6","2","09","12","4","","0","0","1","0","0"
"POINT (11.474575054000001 48.142478465000003)","Unfall 146147 (2016) Kat:3, Licht: 0","146147","3","2","5","09","08","5","","0","0","1","0","0"
"POINT (11.548634264000000 48.112016265000001)","Unfall 146149 (2016) Kat:3, Licht: 0","146149","3","2","5","09","16","6","","0","1","1","0","0"
"POINT (11.595313910000000 48.108909930000003)","Unfall 146152 (2016) Kat:3, Licht: 1","146152","3","6","3","09","19","4","","1","0","1","0","0"
"POINT (11.503730786000000 48.082024789000002)","Unfall 146153 (2016) Kat:3, Licht: 0","146153","3","7","0","09","15","4","","0","0","0","0","0"
"POINT (11.596065951000000 48.148334040999998)","Unfall 146156 (2016) Kat:3, Licht: 2","146156","3","6","9","09","20","4","","2","0","1","0","0"
"POINT (11.601323250000000 48.126546191000003)","Unfall 146173 (2016) Kat:2, Licht: 0","146173","2","7","4","09","17","4","","0","0","1","0","1"
"POINT (11.684736698000000 48.119417171000002)","Unfall 146175 (2016) Kat:3, Licht: 0","146175","3","3","5","09","17","5","","0","1","1","0","0"
"POINT (11.414389947000000 48.175112956000000)","Unfall 146177 (2016) Kat:3, Licht: 0","146177","3","6","2","09","15","6","","0","0","1","0","0"
"POINT (11.552881207000000 48.126649434999997)","Unfall 146180 (2016) Kat:3, Licht: 0","146180","3","6","3","09","14","4","","0","1","1","0","0"
"POINT (11.558632270000000 48.138213391000001)","Unfall 146183 (2016) Kat:3, Licht: 0","146183","3","4","6","09","15","4","","0","1","0","1","0"
"POINT (11.529809814000000 48.131872737999998)","Unfall 146184 (2016) Kat:3, Licht: 0","146184","3","6","2","09","11","3","","0","0","1","0","0"
"POINT (11.517244807999999 48.111527821999999)","Unfall 146188 (2016) Kat:2, Licht: 0","146188","2","2","5","09","07","3","","0","1","0","0","0"
"POINT (11.567348306000000 48.178563513999997)","Unfall 146192 (2016) Kat:3, Licht: 0","146192","3","3","5","09","15","6","","0","0","1","0","1"
"POINT (11.550556363000000 48.136001487000001)","Unfall 146195 (2016) Kat:3, Licht: 0","146195","3","2","3","09","08","4","","0","1","1","0","0"
"POINT (11.461329493999999 48.147178953000001)","Unfall 146198 (2016) Kat:2, Licht: 0","146198","2","1","0","09","07","4","","0","1","0","0","0"
"POINT (11.594697849999999 48.170934660999997)","Unfall 146199 (2016) Kat:3, Licht: 0","146199","3","2","5","09","19","3","","0","1","1","0","0"
"POINT (11.643384519000000 48.095558619000002)","Unfall 146203 (2016) Kat:3, Licht: 0","146203","3","3","5","09","13","5","","0","1","1","0","0"
"POINT (11.658645579000000 48.101095211000001)","Unfall 146208 (2016) Kat:3, Licht: 0","146208","3","2","4","09","11","5","","0","0","1","0","0"
"POINT (11.564941706999999 48.090952328999997)","Unfall 146210 (2016) Kat:3, Licht: 0","146210","3","6","2","09","16","6","","0","0","1","0","1"
"POINT (11.559659855000000 48.186563065000001)","Unfall 146212 (2016) Kat:3, Licht: 0","146212","3","6","3","09","10","4","","0","0","1","0","1"
"POINT (11.543513741000000 48.186375456000000)","Unfall 146215 (2016) Kat:3, Licht: 0","146215","3","2","5","09","07","4","","0","1","1","0","0"
"POINT (11.537524751999999 48.154081951999999)","Unfall 146222 (2016) Kat:3, Licht: 0","146222","3","2","9","09","15","4","","0","1","1","0","0"
"POINT (11.629085391000000 48.112293332999997)","Unfall 146227 (2016) Kat:3, Licht: 0","146227","3","3","5","09","17","3","","0","1","1","0","0"
"POINT (11.588664116000000 48.138929181000002)","Unfall 146228 (2016) Kat:3, Licht: 0","146228","3","7","0","09","14","6","","0","1","0","0","0"
"POINT (11.558729574999999 48.143084790000003)","Unfall 146231 (2016) Kat:3, Licht: 2","146231","3","4","6","09","19","1","","2","0","1","1","0"
"POINT (11.545844810000000 48.103892434000002)","Unfall 146233 (2016) Kat:3, Licht: 2","146233","3","5","1","09","20","7","","2","0","1","0","0"
"POINT (11.526931556999999 48.102341375999998)","Unfall 146237 (2016) Kat:3, Licht: 0","146237","3","2","3","09","09","4","","0","1","1","0","0"
"POINT (11.622313084000000 48.120264773999999)","Unfall 146239 (2016) Kat:3, Licht: 2","146239","3","6","1","09","20","1","","2","0","1","0","0"
"POINT (11.574219555000001 48.152534361000001)","Unfall 146241 (2016) Kat:3, Licht: 2","146241","3","2","5","09","20","2","","2","1","1","0","0"
"POINT (11.547696526999999 48.159540649999997)","Unfall 146242 (2016) Kat:3, Licht: 0","146242","3","3","5","09","09","7","","0","1","1","0","0"
"POINT (11.477410901000001 48.116442675000002)","Unfall 146243 (2016) Kat:3, Licht: 0","146243","3","7","6","09","12","2","","0","0","1","1","0"
"POINT (11.558101213000000 48.150223627999999)","Unfall 146244 (2016) Kat:3, Licht: 1","146244","3","3","5","09","18","1","","1","0","1","0","0"
"POINT (11.502402443999999 48.112029114999999)","Unfall 146246 (2016) Kat:3, Licht: 0","146246","3","2","5","09","15","2","","0","0","1","0","1"
"POINT (11.566596035000000 48.133417303999998)","Unfall 146247 (2016) Kat:3, Licht: 0","146247","3","2","5","09","16","7","","0","0","1","0","0"
"POINT (11.569442719000000 48.204928348000003)","Unfall 146248 (2016) Kat:2, Licht: 2","146248","2","4","6","09","21","2","","2","0","0","1","1"
"POINT (11.654822134000000 48.116344374000001)","Unfall 146250 (2016) Kat:3, Licht: 0","146250","3","3","5","09","11","1","","0","0","1","0","0"
"POINT (11.551023197999999 48.139084492000002)","Unfall 146254 (2016) Kat:3, Licht: 0","146254","3","2","3","09","09","4","","0","1","1","0","0"
"POINT (11.553057797999999 48.148535490000000)","Unfall 146256 (2016) Kat:2, Licht: 2","146256","2","2","4","09","21","1","","2","0","1","0","1"
"POINT (11.461152663000000 48.181027544999999)","Unfall 146257 (2016) Kat:3, Licht: 0","146257","3","4","6","09","09","2","","0","0","1","1","0"
"POINT (11.590645134000001 48.116614617000003)","Unfall 146258 (2016) Kat:3, Licht: 0","146258","3","4","6","09","10","7","","0","0","1","1","0"
"POINT (11.543522527000000 48.214867251000001)","Unfall 146259 (2016) Kat:3, Licht: 0","146259","3","6","2","09","16","2","","0","0","1","0","0"
"POINT (11.554115832999999 48.148347702999999)","Unfall 146267 (2016) Kat:3, Licht: 0","146267","3","7","3","09","13","4","","0","1","0","0","0"
"POINT (11.561086719000000 48.141233313999997)","Unfall 146269 (2016) Kat:3, Licht: 1","146269","3","4","6","09","19","7","","1","0","0","1","0"
"POINT (11.555912179000000 48.137745455000001)","Unfall 146276 (2016) Kat:2, Licht: 2","146276","2","4","6","09","23","7","","2","0","1","1","0"
"POINT (11.526149674999999 48.112769665000002)","Unfall 146280 (2016) Kat:2, Licht: 2","146280","2","3","5","09","05","7","","2","0","1","0","0"
"POINT (11.560074890999999 48.141341416000003)","Unfall 146281 (2016) Kat:3, Licht: 0","146281","3","7","6","09","14","2","","0","0","1","1","0"
"POINT (11.565319048999999 48.143454007000003)","Unfall 146290 (2016) Kat:3, Licht: 0","146290","3","5","1","09","13","3","","0","1","1","0","0"
"POINT (11.517365617999999 48.117817733999999)","Unfall 146294 (2016) Kat:3, Licht: 2","146294","3","2","4","09","20","7","","2","0","1","0","0"
"POINT (11.581767190000001 48.152304895000000)","Unfall 146295 (2016) Kat:2, Licht: 0","146295","2","3","5","09","18","3","","0","1","1","0","0"
"POINT (11.645063993999999 48.099080745000002)","Unfall 146302 (2016) Kat:3, Licht: 1","146302","3","7","5","09","18","2","","1","0","1","0","0"
"POINT (11.558603496000000 48.135614021000002)","Unfall 146303 (2016) Kat:3, Licht: 2","146303","3","7","4","09","23","7","","2","0","1","0","1"
"POINT (11.548548961000000 48.115754979999998)","Unfall 146304 (2016) Kat:3, Licht: 0","146304","3","7","5","09","12","2","","0","1","0","1","0"
"POINT (11.502453946999999 48.139699082999996)","Unfall 146308 (2016) Kat:3, Licht: 2","146308","3","1","0","09","20","3","","2","1","0","0","0"
"POINT (11.559181028999999 48.214276093000002)","Unfall 146311 (2016) Kat:3, Licht: 0","146311","3","3","5","09","13","4","","0","0","1","0","1"
"POINT (11.521196379999999 48.151163763000000)","Unfall 146315 (2016) Kat:3, Licht: 0","146315","3","3","5","09","16","4","","0","1","0","0","0"
"POINT (11.560370531000000 48.130444478999998)","Unfall 146318 (2016) Kat:3, Licht: 1","146318","3","4","6","09","06","2","","1","1","0","1","0"
"POINT (11.585323396000000 48.159264493000002)","Unfall 146319 (2016) Kat:3, Licht: 0","146319","3","6","2","09","12","7","","0","0","1","0","0"
"POINT (11.563445051000000 48.145255186999997)","Unfall 146320 (2016) Kat:3, Licht: 0","146320","3","7","6","09","07","2","","0","1","0","1","0"
"POINT (11.581792236000000 48.125040935999998)","Unfall 146323 (2016) Kat:3, Licht: 0","146323","3","2","0","09","14","4","","0","0","1","0","0"
"POINT (11.571151050999999 48.152456203000000)","Unfall 146325 (2016) Kat:3, Licht: 2","146325","3","7","2","09","22","7","","2","0","1","0","0"