WKT,Name,OBJECTID,UKATEGORIE,UTYP1,UART,UMONAT,USTUNDE,UWOCHENTAG,STRZUSTAND,ULICHTVERH,ISTRAD,ISTPKW,ISTFUSS,ISTKRAD
"POINT (11.502505655000000 48.121625760000001)","Unfall 147263 (2016) Kat:3, Licht: 0","147263","3","6","3","09","08","5","","0","0","1","0","1"
"POINT (11.526639897000001 48.074673789999999)","Unfall 147272 (2016) Kat:3, Licht: 0","147272","3","1","0","09","07","6","","0","1","0","0","0"
"POINT (11.572740528000001 48.186224604000003)","Unfall 147273 (2016) Kat:2, Licht: 0","147273","2","6","2","10","16","7","","0","0","1","0","0"
"POINT (11.559334156000000 48.145962320999999)","Unfall 147276 (2016) Kat:3, Licht: 0","147276","3","7","0","09","11","6","","0","0","1","0","0"
"POINT (11.588682908999999 48.155744753000000)","Unfall 147277 (2016) Kat:3, Licht: 0","147277","3","4","0","10","11","7","","0","0","0","1","1"
"POINT (11.624333410000000 48.168164945999997)","Unfall 147280 (2016) Kat:3, Licht: 0","147280","3","3","5","09","11","6","","0","1","1","0","0"
"POINT (11.489465422000000 48.179236629000002)","Unfall 147285 (2016) Kat:3, Licht: 0","147285","3","2","3","09","17","6","","0","1","0","0","0"
"POINT (11.473926133000001 48.091085274999998)","Unfall 147289 (2016) Kat:3, Licht: 0","147289","3","5","1","10","16","7","","0","1","1","0","0"
"POINT (11.578211929000000 48.144024438999999)","Unfall 147295 (2016) Kat:3, Licht: 2","147295","3","4","6","10","01","1","","2","0","1","1","0"
"POINT (11.582434987999999 48.130923086000003)","Unfall 147300 (2016) Kat:3, Licht: 0","147300","3","6","4","09","10","5","","0","1","1","0","0"
"POINT (11.608147407000001 48.137695889000000)","Unfall 147307 (2016) Kat:3, Licht: 0","147307","3","2","0","10","16","4","","0","0","1","0","1"
"POINT (11.611369808999999 48.131953916000001)","Unfall 147311 (2016) Kat:3, Licht: 0","147311","3","6","2","10","15","3","","0","0","1","0","0"
"POINT (11.574663557999999 48.130858994999997)","Unfall 147316 (2016) Kat:3, Licht: 0","147316","3","6","4","10","18","5","","0","1","1","0","0"
"POINT (11.546747000000000 48.113007066000002)","Unfall 147318 (2016) Kat:2, Licht: 0","147318","2","6","2","10","14","4","","0","1","0","0","0"
"POINT (11.551851671000000 48.155886549000002)","Unfall 147322 (2016) Kat:3, Licht: 0","147322","3","6","2","10","08","4","","0","0","1","0","0"
"POINT (11.539983265000000 48.115680161999997)","Unfall 147325 (2016) Kat:3, Licht: 0","147325","3","2","3","10","16","3","","0","0","1","0","1"
"POINT (11.481213428000000 48.087791398000000)","Unfall 147329 (2016) Kat:3, Licht: 2","147329","3","7","3","10","18","5","","2","1","0","0","0"
"POINT (11.574970748000000 48.148772037000001)","Unfall 147359 (2016) Kat:3, Licht: 0","147359","3","4","6","10","08","3","","0","1","0","1","0"
"POINT (11.572973175000000 48.136656367000001)","Unfall 147363 (2016) Kat:3, Licht: 0","147363","3","2","6","10","14","3","","0","0","1","1","0"
"POINT (11.528049032000000 48.224167788999999)","Unfall 147369 (2016) Kat:3, Licht: 2","147369","3","6","2","10","06","6","","2","0","1","0","0"
"POINT (11.589588893000000 48.091610299999999)","Unfall 147371 (2016) Kat:1, Licht: 2","147371","1","6","6","10","19","4","","2","0","1","1","0"
"POINT (11.558856803999999 48.118996740000000)","Unfall 147380 (2016) Kat:3, Licht: 0","147380","3","3","5","10","07","5","","0","0","1","0","1"
"POINT (11.614752870000000 48.188549070999997)","Unfall 147381 (2016) Kat:3, Licht: 0","147381","3","2","4","10","09","4","","0","1","1","0","0"
"POINT (11.605286997000000 48.136278269999998)","Unfall 147384 (2016) Kat:3, Licht: 1","147384","3","6","3","10","18","5","","1","1","0","0","1"
"POINT (11.607818004000000 48.175451037999999)","Unfall 147385 (2016) Kat:3, Licht: 0","147385","3","3","1","10","11","4","","0","1","1","0","0"
"POINT (11.586464883000000 48.125699984999997)","Unfall 147391 (2016) Kat:3, Licht: 0","147391","3","6","0","10","13","5","","0","0","1","0","1"
"POINT (11.606243854000001 48.101602393999997)","Unfall 147392 (2016) Kat:3, Licht: 0","147392","3","5","0","10","10","4","","0","1","1","0","0"
"POINT (11.605853407000000 48.200672400999999)","Unfall 147403 (2016) Kat:3, Licht: 2","147403","3","2","4","10","19","2","","2","0","1","0","0"
"POINT (11.553390852000000 48.213639532000002)","Unfall 147406 (2016) Kat:3, Licht: 0","147406","3","2","5","10","17","4","","0","0","1","0","0"
"POINT (11.562619451000000 48.158353114000001)","Unfall 147412 (2016) Kat:3, Licht: 0","147412","3","3","5","10","15","4","","0","0","1","0","1"
"POINT (11.552857403999999 48.139089800000001)","Unfall 147420 (2016) Kat:3, Licht: 0","147420","3","1","1","10","17","2","","0","1","1","0","0"
"POINT (11.587780743000000 48.095300352999999)","Unfall 147424 (2016) Kat:3, Licht: 0","147424","3","7","1","10","07","4","","0","0","1","0","0"
"POINT (11.598984256000000 48.121360392000000)","Unfall 147433 (2016) Kat:3, Licht: 0","147433","3","6","1","10","10","5","","0","0","1","0","0"
"POINT (11.561907518000000 48.125172091000003)","Unfall 147439 (2016) Kat:3, Licht: 0","147439","3","2","2","10","11","5","","0","0","1","0","0"
"POINT (11.588996684000000 48.156638835999999)","Unfall 147440 (2016) Kat:3, Licht: 0","147440","3","3","5","10","17","4","","0","0","0","0","0"
"POINT (11.511454580000001 48.155065970999999)","Unfall 147444 (2016) Kat:2, Licht: 0","147444","2","4","0","10","12","4","","0","0","0","1","0"
"POINT (11.502763957000001 48.130529240999998)","Unfall 147460 (2016) Kat:3, Licht: 2","147460","3","5","1","10","21","4","","2","0","1","0","0"
"POINT (11.569972321000000 48.161024799000003)","Unfall 147469 (2016) Kat:3, Licht: 0","147469","3","7","0","10","08","5","","0","1","0","0","0"
"POINT (11.692270859000001 48.135560067999997)","Unfall 147476 (2016) Kat:3, Licht: 0","147476","3","5","1","10","12","4","","0","0","1","0","0"
"POINT (11.613133820000000 48.122565453000000)","Unfall 147484 (2016) Kat:2, Licht: 0","147484","2","2","5","10","15","5","","0","0","1","0","0"
"POINT (11.536921526000000 48.183556590999999)","Unfall 147487 (2016) Kat:3, Licht: 0","147487","3","7","6","10","11","4","","0","0","0","1","0"
"POINT (11.646739617000000 48.157191103000002)","Unfall 147494 (2016) Kat:3, Licht: 2","147494","3","3","5","10","19","5","","2","1","1","0","0"
"POINT (11.666711239000000 48.123917870000000)","Unfall 147495 (2016) Kat:3, Licht: 0","147495","3","2","6","10","08","4","","0","0","1","1","0"
"POINT (11.539441843000001 48.146810391000002)","Unfall 147500 (2016) Kat:3, Licht: 2","147500","3","3","5","10","18","4","","2","0","1","0","1"
"POINT (11.542452651000000 48.135749117000003)","Unfall 147505 (2016) Kat:3, Licht: 0","147505","3","3","5","10","10","3","","0","1","1","0","0"
"POINT (11.589187633000000 48.137392235000000)","Unfall 147510 (2016) Kat:3, Licht: 2","147510","3","3","5","10","21","4","","2","0","1","0","0"
"POINT (11.502907443000000 48.089827673000002)","Unfall 147518 (2016) Kat:2, Licht: 0","147518","2","4","6","10","14","3","","0","0","1","1","0"
"POINT (11.609577100999999 48.135480109000000)","Unfall 147526 (2016) Kat:3, Licht: 0","147526","3","4","6","10","11","4","","0","0","0","1","0"
"POINT (11.528202862000001 48.176411631000001)","Unfall 147535 (2016) Kat:3, Licht: 0","147535","3","6","0","10","07","5","","0","0","0","0","1"
"POINT (11.547254374000000 48.123556483000002)","Unfall 147545 (2016) Kat:3, Licht: 0","147545","3","6","2","10","17","5","","0","0","1","0","1"
"POINT (11.657697196000001 48.149870845999999)","Unfall 147546 (2016) Kat:2, Licht: 0","147546","2","2","3","10","15","4","","0","1","0","0","0"
"POINT (11.560203474000000 48.174320627000000)","Unfall 147548 (2016) Kat:3, Licht: 0","147548","3","6","2","10","10","4","","0","0","1","0","0"
"POINT (11.547261402000000 48.194399431999997)","Unfall 147556 (2016) Kat:3, Licht: 1","147556","3","3","2","10","17","3","","1","0","1","0","1"
"POINT (11.475442394000000 48.185447597000000)","Unfall 147560 (2016) Kat:3, Licht: 0","147560","3","3","5","10","09","7","","0","0","1","0","0"
"POINT (11.575041041000000 48.150500532000002)","Unfall 147561 (2016) Kat:3, Licht: 2","147561","3","5","1","10","18","3","","2","1","1","0","0"
"POINT (11.650297030999999 48.113124865000003)","Unfall 147562 (2016) Kat:2, Licht: 2","147562","2","3","5","10","22","7","","2","0","1","0","0"
"POINT (11.576319048000000 48.187107607000002)","Unfall 147565 (2016) Kat:3, Licht: 0","147565","3","7","5","10","17","2","","0","1","1","0","0"
"POINT (11.615440441000001 48.198853429000003)","Unfall 147572 (2016) Kat:3, Licht: 0","147572","3","6","2","10","14","7","","0","0","1","0","0"
"POINT (11.607106056999999 48.139366332000002)","Unfall 147575 (2016) Kat:3, Licht: 0","147575","3","2","4","10","17","2","","0","1","1","0","0"
"POINT (11.411052195000000 48.134891451999998)","Unfall 147578 (2016) Kat:3, Licht: 0","147578","3","2","4","10","14","2","","0","0","1","0","0"
"POINT (11.562429465999999 48.212787075999998)","Unfall 147583 (2016) Kat:3, Licht: 2","147583","3","3","5","10","22","7","","2","0","1","0","0"
"POINT (11.520043997000000 48.132278655999997)","Unfall 147585 (2016) Kat:3, Licht: 0","147585","3","2","5","10","07","6","","0","1","1","0","0"
"POINT (11.573939158000000 48.152064357999997)","Unfall 147586 (2016) Kat:2, Licht: 0","147586","2","5","1","10","13","4","","0","1","1","0","0"
"POINT (11.628067283000000 48.092279251000001)","Unfall 147593 (2016) Kat:3, Licht: 0","147593","3","3","5","10","13","3","","0","0","0","0","1"
"POINT (11.631056613000000 48.169864570999998)","Unfall 147595 (2016) Kat:3, Licht: 0","147595","3","6","2","10","14","7","","0","0","1","0","0"
"POINT (11.569851433000000 48.130955702999998)","Unfall 147598 (2016) Kat:3, Licht: 0","147598","3","7","0","10","10","4","","0","1","0","0","0"
"POINT (11.581457238000000 48.135377568000003)","Unfall 147600 (2016) Kat:3, Licht: 0","147600","3","7","0","10","08","3","","0","1","1","0","0"
"POINT (11.632088968000000 48.111065412999999)","Unfall 147610 (2016) Kat:3, Licht: 0","147610","3","6","2","10","13","6","","0","0","1","0","0"
"POINT (11.473630053999999 48.129071291999999)","Unfall 147613 (2016) Kat:3, Licht: 0","147613","3","6","2","10","16","3","","0","0","1","0","0"
"POINT (11.581003701000000 48.150115122000003)","Unfall 147616 (2016) Kat:3, Licht: 0","147616","3","6","2","10","17","2","","0","0","1","0","0"
"POINT (11.571232737000001 48.131624051000003)","Unfall 147623 (2016) Kat:3, Licht: 0","147623","3","6","1","10","08","6","","0","1","1","0","0"
"POINT (11.528431219000000 48.165170926999998)","Unfall 147632 (2016) Kat:3, Licht: 0","147632","3","6","2","10","13","1","","0","0","1","0","1"
"POINT (11.499819681000000 48.135558463000002)","Unfall 147633 (2016) Kat:3, Licht: 1","147633","3","3","0","10","18","3","","1","0","1","0","1"
"POINT (11.587571639000000 48.153300557000001)","Unfall 147638 (2016) Kat:3, Licht: 1","147638","3","3","5","10","07","2","","1","1","1","0","0"
"POINT (11.593574877000000 48.145264928000003)","Unfall 147639 (2016) Kat:2, Licht: 2","147639","2","1","1","10","22","6","","2","0","1","0","1"
"POINT (11.536756534000000 48.100293583999999)","Unfall 147640 (2016) Kat:3, Licht: 0","147640","3","6","1","10","09","4","","0","0","1","0","0"
"POINT (11.564710437000000 48.137330870000000)","Unfall 147643 (2016) Kat:3, Licht: 2","147643","3","3","5","10","19","2","","2","0","1","0","0"
"POINT (11.634242565999999 48.169242830999998)","Unfall 147647 (2016) Kat:3, Licht: 2","147647","3","4","6","10","18","3","","2","0","1","1","0"
"POINT (11.522396648000001 48.082542060000002)","Unfall 147651 (2016) Kat:3, Licht: 0","147651","3","7","0","10","08","7","","0","0","0","1","0"
"POINT (11.590344181000001 48.192677770000003)","Unfall 147659 (2016) Kat:3, Licht: 0","147659","3","3","5","10","16","1","","0","0","1","0","0"
"POINT (11.674867572000000 48.127375745999998)","Unfall 147660 (2016) Kat:3, Licht: 2","147660","3","4","6","10","18","6","","2","0","1","1","0"
"POINT (11.569386314000001 48.204927077999997)","Unfall 147665 (2016) Kat:2, Licht: 2","147665","2","4","6","10","19","2","","2","0","1","1","0"
"POINT (11.602089989000000 48.123888938999997)","Unfall 147666 (2016) Kat:3, Licht: 0","147666","3","2","5","10","07","3","","0","1","1","0","0"
"POINT (11.637440469000000 48.153065705000003)","Unfall 147670 (2016) Kat:3, Licht: 0","147670","3","2","5","10","09","2","","0","1","1","0","0"
"POINT (11.556209149000001 48.142342964000001)","Unfall 147673 (2016) Kat:3, Licht: 1","147673","3","6","2","10","18","1","","1","0","1","0","0"
"POINT (11.405867060000000 48.178467654000002)","Unfall 147674 (2016) Kat:3, Licht: 1","147674","3","2","6","10","07","6","","1","0","1","1","0"
"POINT (11.583648567999999 48.155552481999997)","Unfall 147675 (2016) Kat:3, Licht: 2","147675","3","4","6","10","02","7","","2","0","1","1","0"
"POINT (11.589929559000000 48.094997077000002)","Unfall 147681 (2016) Kat:3, Licht: 0","147681","3","2","4","10","08","2","","0","1","1","0","0"
"POINT (11.594553554999999 48.110828863000002)","Unfall 147687 (2016) Kat:3, Licht: 2","147687","3","2","5","10","19","1","","2","1","1","0","0"
"POINT (11.477927026000000 48.086906585000001)","Unfall 147691 (2016) Kat:3, Licht: 0","147691","3","3","5","10","07","4","","0","1","1","0","0"
"POINT (11.561413549999999 48.142028797000002)","Unfall 147695 (2016) Kat:3, Licht: 1","147695","3","7","0","10","19","3","","1","0","0","0","1"
"POINT (11.699058517999999 48.117143960999996)","Unfall 147699 (2016) Kat:3, Licht: 0","147699","3","7","0","10","07","3","","0","1","0","0","0"
"POINT (11.588664116000000 48.138929181000002)","Unfall 147703 (2016) Kat:3, Licht: 2","147703","3","5","0","10","18","4","","2","1","1","0","0"
"POINT (11.568736147999999 48.148676004999999)","Unfall 147712 (2016) Kat:3, Licht: 0","147712","3","5","3","10","15","1","","0","1","1","0","0"
"POINT (11.511551837000001 48.158652711000002)","Unfall 147713 (2016) Kat:3, Licht: 0","147713","3","6","2","10","16","1","","0","0","1","0","0"
"POINT (11.535532484000001 48.168155075000001)","Unfall 147714 (2016) Kat:3, Licht: 0","147714","3","5","2","10","07","6","","0","0","1","0","0"
"POINT (11.530160137999999 48.159734344999997)","Unfall 147715 (2016) Kat:2, Licht: 1","147715","2","3","5","10","06","6","","1","1","0","0","0"
"POINT (11.511431880000000 48.158420251999999)","Unfall 147716 (2016) Kat:3, Licht: 0","147716","3","2","3","10","16","7","","0","0","1","0","0"
"POINT (11.592432509000000 48.115018315999997)","Unfall 147718 (2016) Kat:3, Licht: 0","147718","3","3","0","10","11","3","","0","0","1","0","0"
"POINT (11.449423379000001 48.173851759000001)","Unfall 147721 (2016) Kat:3, Licht: 0","147721","3","3","5","10","16","2","","0","0","1","0","0"
"POINT (11.584503951000000 48.128665363000003)","Unfall 147725 (2016) Kat:3, Licht: 0","147725","3","6","3","10","14","1","","0","1","0","0","0"
"POINT (11.597691853000001 48.123156692999999)","Unfall 147735 (2016) Kat:3, Licht: 0","147735","3","6","0","10","16","2","","0","1","1","0","0"
"POINT (11.601546906999999 48.103732712999999)","Unfall 147738 (2016) Kat:3, Licht: 0","147738","3","3","5","10","14","1","","0","0","1","0","0"
"POINT (11.555182038000000 48.175791345999997)","Unfall 147739 (2016) Kat:3, Licht: 0","147739","3","4","6","10","15","3","","0","0","1","1","0"
"POINT (11.502805493000000 48.096271029000000)","Unfall 147743 (2016) Kat:3, Licht: 0","147743","3","3","5","10","13","6","","0","0","1","0","0"
"POINT (11.506958397000000 48.130992614999997)","Unfall 147744 (2016) Kat:3, Licht: 0","147744","3","3","5","10","17","4","","0","0","1","0","0"
"POINT (11.598031639000000 48.131970408000001)","Unfall 147747 (2016) Kat:3, Licht: 2","147747","3","6","4","10","18","2","","2","0","1","0","0"
"POINT (11.611243824000001 48.138439142999999)","Unfall 147750 (2016) Kat:3, Licht: 2","147750","3","6","2","10","20","1","","2","0","1","0","0"
"POINT (11.566761155000000 48.094303699000001)","Unfall 147752 (2016) Kat:3, Licht: 0","147752","3","1","2","10","07","3","","0","1","1","0","0"
"POINT (11.569302432000001 48.144307943999998)","Unfall 147757 (2016) Kat:3, Licht: 2","147757","3","6","3","10","19","3","","2","1","1","0","0"
"POINT (11.642466857000001 48.131721767000002)","Unfall 147766 (2016) Kat:3, Licht: 0","147766","3","7","0","10","12","6","","0","0","1","0","0"
"POINT (11.564950229000001 48.138728061000002)","Unfall 147767 (2016) Kat:2, Licht: 2","147767","2","4","6","10","20","7","","2","0","1","1","0"
"POINT (11.585834676999999 48.159983812999997)","Unfall 147771 (2016) Kat:3, Licht: 2","147771","3","1","1","10","20","2","","2","1","1","0","0"
"POINT (11.526313252000000 48.071741971000002)","Unfall 147774 (2016) Kat:3, Licht: 1","147774","3","3","5","10","17","1","","1","0","1","0","0"
"POINT (11.658649228000000 48.101103469999998)","Unfall 147778 (2016) Kat:3, Licht: 0","147778","3","2","4","10","14","1","","0","0","1","0","0"
"POINT (11.642942010000001 48.099431686000003)","Unfall 147779 (2016) Kat:3, Licht: 2","147779","3","1","0","10","20","6","","2","1","0","0","0"
"POINT (11.584955041000001 48.158314197999999)","Unfall 147780 (2016) Kat:3, Licht: 0","147780","3","7","6","10","16","7","","0","0","1","1","0"
"POINT (11.645903056000000 48.100763587000003)","Unfall 147786 (2016) Kat:3, Licht: 0","147786","3","1","1","10","15","2","","0","0","1","0","0"
"POINT (11.584524740000001 48.128684341000003)","Unfall 147789 (2016) Kat:3, Licht: 0","147789","3","7","0","10","14","1","","0","1","0","0","0"
"POINT (11.478902179000000 48.114742425000003)","Unfall 147791 (2016) Kat:3, Licht: 0","147791","3","7","5","10","15","3","","0","1","1","0","0"
"POINT (11.594075842000001 48.115077798000002)","Unfall 147801 (2016) Kat:3, Licht: 1","147801","3","3","0","10","18","3","","1","0","1","0","1"
"POINT (11.659015784999999 48.103515815999998)","Unfall 147802 (2016) Kat:2, Licht: 0","147802","2","1","0","10","10","6","","0","0","0","0","1"
"POINT (11.568400112999999 48.142088420000000)","Unfall 147805 (2016) Kat:3, Licht: 2","147805","3","2","5","10","06","6","","2","1","1","0","0"
"POINT (11.526339085000000 48.076504903000000)","Unfall 147807 (2016) Kat:3, Licht: 0","147807","3","2","4","10","10","4","","0","1","1","0","0"
"POINT (11.581332903000000 48.108531601999999)","Unfall 147810 (2016) Kat:3, Licht: 0","147810","3","7","0","10","10","6","","0","0","1","0","1"
"POINT (11.513594922999999 48.109684135000002)","Unfall 147815 (2016) Kat:3, Licht: 0","147815","3","3","5","10","09","1","","0","0","1","0","0"
"POINT (11.583359965000000 48.142020334000001)","Unfall 147816 (2016) Kat:3, Licht: 0","147816","3","6","2","10","08","6","","0","0","1","0","0"
"POINT (11.705340738000000 48.133584444000000)","Unfall 147829 (2016) Kat:3, Licht: 0","147829","3","1","8","10","09","6","","0","0","1","0","0"
"POINT (11.537637236000000 48.151625490999997)","Unfall 147842 (2016) Kat:1, Licht: 0","147842","1","6","2","10","15","6","","0","0","1","0","0"
"POINT (11.544110643000000 48.092472548000003)","Unfall 147848 (2016) Kat:3, Licht: 2","147848","3","5","1","10","20","1","","2","0","1","0","0"
"POINT (11.575715239000001 48.139254760000000)","Unfall 147859 (2016) Kat:3, Licht: 0","147859","3","7","0","10","17","1","","0","0","0","0","0"
"POINT (11.460356808000000 48.148915584999997)","Unfall 147864 (2016) Kat:3, Licht: 0","147864","3","4","0","10","13","7","","0","0","0","1","0"
"POINT (11.492836310000000 48.120619966000000)","Unfall 147871 (2016) Kat:3, Licht: 0","147871","3","7","6","10","15","6","","0","0","0","1","0"
"POINT (11.460577054000000 48.148822060999997)","Unfall 147881 (2016) Kat:3, Licht: 0","147881","3","4","6","10","10","6","","0","0","0","1","0"
"POINT (11.511069254000001 48.169700124000002)","Unfall 147886 (2016) Kat:3, Licht: 0","147886","3","1","0","10","09","6","","0","0","0","0","1"
"POINT (11.496930721000000 48.090280161000003)","Unfall 147899 (2016) Kat:3, Licht: 2","147899","3","6","1","10","20","6","","2","0","1","0","0"
"POINT (11.478981182000000 48.164159718000001)","Unfall 147915 (2016) Kat:3, Licht: 0","147915","3","6","2","10","10","1","","0","0","1","0","0"
"POINT (11.622516637000000 48.148579693000002)","Unfall 147921 (2016) Kat:3, Licht: 0","147921","3","2","3","10","08","6","","0","1","0","0","0"
"POINT (11.594526135000001 48.141946367000003)","Unfall 147940 (2016) Kat:3, Licht: 0","147940","3","2","3","10","09","6","","0","1","1","0","0"
"POINT (11.578655933000000 48.129801919000002)","Unfall 147953 (2016) Kat:3, Licht: 0","147953","3","1","0","10","11","6","","0","1","0","0","0"
"POINT (11.398805325000000 48.179721944000001)","Unfall 147966 (2016) Kat:3, Licht: 1","147966","3","6","2","10","07","5","","1","0","1","0","0"
"POINT (11.537350415000001 48.151671884000002)","Unfall 147971 (2016) Kat:3, Licht: 2","147971","3","2","0","10","19","7","","2","1","1","0","0"
"POINT (11.558066710000000 48.145589104999999)","Unfall 147973 (2016) Kat:3, Licht: 1","147973","3","7","0","10","18","5","","1","0","0","0","1"
"POINT (11.530054920000000 48.198356005000001)","Unfall 147977 (2016) Kat:3, Licht: 0","147977","3","7","0","10","11","5","","0","0","1","0","0"
"POINT (11.542319626999999 48.162875880000001)","Unfall 147985 (2016) Kat:2, Licht: 0","147985","2","6","3","10","08","5","","0","0","0","0","0"
"POINT (11.556873887000000 48.090687862000003)","Unfall 148000 (2016) Kat:3, Licht: 0","148000","3","7","6","10","08","5","","0","0","1","1","0"
"POINT (11.555856127000000 48.130006576000000)","Unfall 148009 (2016) Kat:3, Licht: 1","148009","3","6","2","10","18","5","","1","1","1","0","0"
"POINT (11.503350982000001 48.147127533999999)","Unfall 148011 (2016) Kat:3, Licht: 0","148011","3","2","4","10","10","5","","0","0","1","0","0"
"POINT (11.602473902000000 48.135851375999998)","Unfall 148018 (2016) Kat:2, Licht: 0","148018","2","2","3","10","10","5","","0","1","0","0","0"
"POINT (11.589182428999999 48.137381083000001)","Unfall 148019 (2016) Kat:3, Licht: 0","148019","3","2","3","10","11","1","","0","0","1","0","1"
"POINT (11.574599023999999 48.126955424999998)","Unfall 148024 (2016) Kat:3, Licht: 0","148024","3","4","6","10","11","7","","0","1","0","1","0"
"POINT (11.480702773999999 48.119553609000000)","Unfall 148025 (2016) Kat:3, Licht: 0","148025","3","4","6","10","16","1","","0","0","1","1","0"
"POINT (11.608237254000001 48.150906024000001)","Unfall 148029 (2016) Kat:3, Licht: 0","148029","3","2","5","10","17","5","","0","0","1","0","0"
"POINT (11.476398196000000 48.164412812000002)","Unfall 148036 (2016) Kat:3, Licht: 0","148036","3","6","3","10","15","5","","0","0","1","0","0"
"POINT (11.521435631999999 48.162640857000000)","Unfall 148041 (2016) Kat:3, Licht: 0","148041","3","7","0","10","16","5","","0","1","0","0","0"
"POINT (11.594205296000000 48.116245159000002)","Unfall 148044 (2016) Kat:3, Licht: 2","148044","3","4","6","10","20","4","","2","0","1","1","0"
"POINT (11.535167089000000 48.149437763000002)","Unfall 148045 (2016) Kat:3, Licht: 0","148045","3","5","3","10","11","5","","0","1","1","0","0"
"POINT (11.589421637999999 48.124458844000003)","Unfall 148054 (2016) Kat:3, Licht: 0","148054","3","7","0","10","15","5","","0","0","0","0","1"
"POINT (11.556003925000001 48.139230976000000)","Unfall 148065 (2016) Kat:3, Licht: 0","148065","3","2","5","10","13","5","","0","1","1","0","0"
"POINT (11.462185291000001 48.150677205999997)","Unfall 148067 (2016) Kat:2, Licht: 0","148067","2","4","6","10","16","1","","0","0","1","1","0"
"POINT (11.504536288000001 48.164303766000003)","Unfall 148071 (2016) Kat:3, Licht: 0","148071","3","5","3","10","13","4","","0","1","1","0","0"
"POINT (11.522479390000001 48.092987276999999)","Unfall 148074 (2016) Kat:3, Licht: 0","148074","3","1","0","10","14","1","","0","1","0","0","0"
"POINT (11.560209489000000 48.174314567000003)","Unfall 148080 (2016) Kat:3, Licht: 2","148080","3","2","3","10","21","4","","2","0","1","0","1"
"POINT (11.503058900999999 48.136188253999997)","Unfall 148084 (2016) Kat:3, Licht: 0","148084","3","7","2","10","14","5","","0","0","1","0","0"
"POINT (11.521036249000000 48.094899230999999)","Unfall 148091 (2016) Kat:2, Licht: 2","148091","2","6","4","10","02","3","","2","1","0","0","0"
"POINT (11.649578271999999 48.109080276999997)","Unfall 148098 (2016) Kat:3, Licht: 0","148098","3","7","0","10","11","4","","0","0","0","0","0"
"POINT (11.515933008999999 48.185202545000003)","Unfall 148099 (2016) Kat:3, Licht: 0","148099","3","6","4","10","14","4","","0","1","1","0","0"
"POINT (11.548443293000000 48.197459146000000)","Unfall 148108 (2016) Kat:2, Licht: 0","148108","2","3","5","10","14","4","","0","1","1","0","0"
"POINT (11.644322979000000 48.147234799000003)","Unfall 148115 (2016) Kat:3, Licht: 0","148115","3","3","5","10","08","3","","0","0","1","0","0"
"POINT (11.532981969000000 48.154534775999998)","Unfall 148120 (2016) Kat:3, Licht: 0","148120","3","2","3","10","16","3","","0","1","1","0","0"
"POINT (11.523564932999999 48.071928974000002)","Unfall 148121 (2016) Kat:2, Licht: 0","148121","2","3","5","10","12","4","","0","1","1","0","0"
"POINT (11.538833812000000 48.128065898999999)","Unfall 148125 (2016) Kat:3, Licht: 0","148125","3","3","5","10","16","5","","0","1","1","0","0"
"POINT (11.626039871000000 48.099580730000000)","Unfall 148126 (2016) Kat:3, Licht: 0","148126","3","3","5","10","08","5","","0","1","1","0","0"
"POINT (11.517240526000000 48.113224834999997)","Unfall 148127 (2016) Kat:3, Licht: 0","148127","3","3","5","10","07","4","","0","0","1","0","1"
"POINT (11.560086539000000 48.143151281999998)","Unfall 148129 (2016) Kat:3, Licht: 0","148129","3","7","0","10","10","4","","0","1","0","0","0"
"POINT (11.586384732999999 48.111240359999996)","Unfall 148131 (2016) Kat:3, Licht: 2","148131","3","3","5","10","18","6","","2","0","1","0","1"
"POINT (11.519165464000000 48.139610110000000)","Unfall 148133 (2016) Kat:3, Licht: 0","148133","3","4","6","10","15","3","","0","0","1","1","0"
"POINT (11.606281072000000 48.120835661999998)","Unfall 148140 (2016) Kat:3, Licht: 0","148140","3","2","2","10","07","4","","0","0","1","0","1"
"POINT (11.588540300000000 48.201246376999997)","Unfall 148141 (2016) Kat:3, Licht: 0","148141","3","2","5","10","09","4","","0","1","1","0","0"
"POINT (11.588250362000000 48.128793539999997)","Unfall 148145 (2016) Kat:3, Licht: 0","148145","3","3","5","10","10","3","","0","0","1","0","0"
"POINT (11.412846129000000 48.137471789000003)","Unfall 148148 (2016) Kat:3, Licht: 2","148148","3","3","5","10","05","2","","2","0","1","0","0"
"POINT (11.583031432000000 48.133963842999997)","Unfall 148149 (2016) Kat:3, Licht: 2","148149","3","2","6","10","06","3","","2","0","1","1","0"
"POINT (11.564376008000000 48.158110461000000)","Unfall 148155 (2016) Kat:3, Licht: 0","148155","3","3","5","10","16","4","","0","0","1","1","0"
"POINT (11.596988827000001 48.104808179999999)","Unfall 148156 (2016) Kat:3, Licht: 0","148156","3","4","6","10","07","4","","0","1","0","1","0"
"POINT (11.592166801999999 48.142320990999998)","Unfall 148159 (2016) Kat:3, Licht: 2","148159","3","2","5","10","20","2","","2","1","1","0","0"
"POINT (11.579096196000000 48.139302391999998)","Unfall 148160 (2016) Kat:3, Licht: 0","148160","3","1","0","10","16","3","","0","1","0","0","0"
"POINT (11.526073533000000 48.117282932000002)","Unfall 148167 (2016) Kat:2, Licht: 0","148167","2","4","6","10","12","4","","0","0","1","1","0"