WKT,Name,OBJECTID,UKATEGORIE,UTYP1,UART,UMONAT,USTUNDE,UWOCHENTAG,STRZUSTAND,ULICHTVERH,ISTRAD,ISTPKW,ISTFUSS,ISTKRAD
"POINT (11.512489324000001 48.180552966000000)","Unfall 148176 (2016) Kat:3, Licht: 0","148176","3","5","1","10","15","3","","0","1","1","0","0"
"POINT (11.578420390000000 48.136118820999997)","Unfall 148181 (2016) Kat:3, Licht: 0","148181","3","4","6","10","08","5","","0","1","0","1","0"
"POINT (11.473104444000001 48.164598484999999)","Unfall 148183 (2016) Kat:3, Licht: 0","148183","3","3","0","10","12","2","","0","0","1","0","0"
"POINT (11.610298964000000 48.132343785000003)","Unfall 148193 (2016) Kat:3, Licht: 0","148193","3","2","6","10","18","5","","0","0","1","1","0"
"POINT (11.549578315000000 48.145924786999998)","Unfall 148198 (2016) Kat:3, Licht: 0","148198","3","2","3","10","09","6","","0","1","1","0","0"
"POINT (11.639803741000000 48.138599894999999)","Unfall 148199 (2016) Kat:3, Licht: 0","148199","3","2","5","10","11","2","","0","0","1","0","0"
"POINT (11.529077198000000 48.099842481000003)","Unfall 148214 (2016) Kat:3, Licht: 0","148214","3","6","2","10","09","2","","0","0","1","0","0"
"POINT (11.596564354000000 48.142535791000000)","Unfall 148227 (2016) Kat:3, Licht: 0","148227","3","1","9","10","14","3","","0","0","1","0","0"
"POINT (11.558519560000001 48.146693341000002)","Unfall 148232 (2016) Kat:3, Licht: 0","148232","3","2","3","10","11","5","","0","1","0","0","0"
"POINT (11.507385819000000 48.139552621999997)","Unfall 148233 (2016) Kat:3, Licht: 1","148233","3","3","5","10","07","5","","1","1","1","0","0"
"POINT (11.580633800999999 48.116255932000001)","Unfall 148236 (2016) Kat:3, Licht: 2","148236","3","5","1","10","19","6","","2","1","1","0","0"
"POINT (11.569671364000000 48.117854428000001)","Unfall 148237 (2016) Kat:2, Licht: 0","148237","2","4","6","10","10","2","","0","0","0","1","0"
"POINT (11.503228908000001 48.147133341000000)","Unfall 148239 (2016) Kat:3, Licht: 0","148239","3","2","5","10","08","3","","0","0","1","0","0"
"POINT (11.462180638000000 48.150584158999997)","Unfall 148264 (2016) Kat:3, Licht: 0","148264","3","4","6","10","11","2","","0","0","0","1","0"
"POINT (11.437646871000000 48.174749011999999)","Unfall 148282 (2016) Kat:3, Licht: 0","148282","3","3","5","10","12","3","","0","0","1","0","0"
"POINT (11.574978588000000 48.159610714000003)","Unfall 148286 (2016) Kat:3, Licht: 0","148286","3","2","3","10","07","5","","0","0","1","0","0"
"POINT (11.595756208999999 48.120133355000000)","Unfall 148287 (2016) Kat:2, Licht: 0","148287","2","7","0","10","13","5","","0","0","1","0","1"
"POINT (11.589678350000000 48.165928113000000)","Unfall 148301 (2016) Kat:3, Licht: 0","148301","3","2","5","10","17","2","","0","1","1","0","0"
"POINT (11.603653001000000 48.146369792999998)","Unfall 148306 (2016) Kat:3, Licht: 0","148306","3","1","0","10","16","6","","0","0","0","0","1"
"POINT (11.563312744999999 48.208269878999999)","Unfall 148334 (2016) Kat:3, Licht: 2","148334","3","6","5","10","19","3","","2","0","1","0","0"
"POINT (11.503149743000000 48.089831001999997)","Unfall 148336 (2016) Kat:3, Licht: 2","148336","3","2","5","10","18","3","","2","1","1","0","0"
"POINT (11.610228645999999 48.132583920000002)","Unfall 148342 (2016) Kat:2, Licht: 0","148342","2","7","8","10","17","5","","0","0","1","1","0"
"POINT (11.537265242000000 48.150485500999999)","Unfall 148343 (2016) Kat:3, Licht: 0","148343","3","2","3","10","08","6","","0","1","1","0","0"
"POINT (11.594465773000000 48.164577393999998)","Unfall 148346 (2016) Kat:3, Licht: 0","148346","3","2","0","10","09","4","","0","0","0","1","0"
"POINT (11.556072228000000 48.142046245000003)","Unfall 148354 (2016) Kat:3, Licht: 2","148354","3","2","3","10","22","2","","2","0","1","0","0"
"POINT (11.540148233000000 48.117485244999997)","Unfall 148359 (2016) Kat:3, Licht: 0","148359","3","4","6","10","17","2","","0","0","1","1","0"
"POINT (11.522903799000000 48.134416633999997)","Unfall 148365 (2016) Kat:3, Licht: 0","148365","3","2","5","10","08","2","","0","1","1","0","0"
"POINT (11.540745325000000 48.125310814999999)","Unfall 148370 (2016) Kat:3, Licht: 2","148370","3","2","4","10","20","2","","2","0","1","0","1"
"POINT (11.573435144999999 48.172678441000002)","Unfall 148378 (2016) Kat:3, Licht: 0","148378","3","2","5","10","14","2","","0","0","1","0","0"
"POINT (11.556709701000001 48.149532464000004)","Unfall 148380 (2016) Kat:3, Licht: 0","148380","3","2","5","10","09","3","","0","1","1","0","0"
"POINT (11.570384433999999 48.137437886000001)","Unfall 148384 (2016) Kat:3, Licht: 0","148384","3","2","5","10","13","2","","0","1","1","0","0"
"POINT (11.478144094999999 48.119693992000002)","Unfall 148388 (2016) Kat:2, Licht: 2","148388","2","4","6","10","19","3","","2","0","0","1","1"
"POINT (11.562829974000000 48.141604565000002)","Unfall 148402 (2016) Kat:3, Licht: 0","148402","3","7","5","10","15","7","","0","0","1","0","1"
"POINT (11.611029229000000 48.101349988000003)","Unfall 148417 (2016) Kat:2, Licht: 0","148417","2","3","5","10","13","7","","0","1","1","0","0"
"POINT (11.450322605000000 48.150975635999998)","Unfall 148418 (2016) Kat:3, Licht: 1","148418","3","4","6","10","17","3","","1","0","0","1","1"
"POINT (11.592478325000000 48.114895449000002)","Unfall 148425 (2016) Kat:3, Licht: 0","148425","3","3","2","10","14","3","","0","0","1","0","0"
"POINT (11.502785632000000 48.090204790000001)","Unfall 148428 (2016) Kat:2, Licht: 0","148428","2","7","0","10","14","7","","0","1","0","0","0"
"POINT (11.449296077000000 48.190112001000003)","Unfall 148434 (2016) Kat:3, Licht: 0","148434","3","6","4","10","15","7","","0","0","1","0","0"
"POINT (11.555588988000000 48.178368634000002)","Unfall 148441 (2016) Kat:3, Licht: 0","148441","3","4","6","10","13","7","","0","1","0","1","0"
"POINT (11.566034086000000 48.187187471999998)","Unfall 148448 (2016) Kat:3, Licht: 2","148448","3","3","5","10","18","7","","2","0","1","0","0"
"POINT (11.661664512000000 48.084998655000000)","Unfall 148452 (2016) Kat:3, Licht: 0","148452","3","4","6","10","16","3","","0","0","1","1","0"
"POINT (11.627753159999999 48.144372105999999)","Unfall 148454 (2016) Kat:3, Licht: 0","148454","3","7","0","10","14","7","","0","0","0","0","0"
"POINT (11.556447746000000 48.128613475999998)","Unfall 148455 (2016) Kat:3, Licht: 0","148455","3","1","2","10","15","2","","0","0","1","0","0"
"POINT (11.479214839999999 48.123910737999999)","Unfall 148456 (2016) Kat:3, Licht: 0","148456","3","2","5","10","13","2","","0","0","1","0","0"
"POINT (11.602505169000001 48.135675335999998)","Unfall 148457 (2016) Kat:3, Licht: 2","148457","3","3","5","10","20","4","","2","1","1","0","0"
"POINT (11.617808727000000 48.153181142000001)","Unfall 148458 (2016) Kat:3, Licht: 2","148458","3","6","1","10","21","7","","2","0","1","0","0"
"POINT (11.532599269000000 48.214927394000000)","Unfall 148459 (2016) Kat:3, Licht: 2","148459","3","6","2","10","02","3","","2","0","1","0","0"
"POINT (11.574867877000001 48.141237240000002)","Unfall 148460 (2016) Kat:3, Licht: 0","148460","3","5","1","10","08","2","","0","1","1","0","0"
"POINT (11.533803410000001 48.112746293999997)","Unfall 148461 (2016) Kat:3, Licht: 0","148461","3","6","2","10","10","2","","0","1","1","0","0"
"POINT (11.627680362000000 48.138156440000003)","Unfall 148469 (2016) Kat:3, Licht: 0","148469","3","7","0","10","12","3","","0","0","1","0","0"
"POINT (11.573641518000001 48.143438783000001)","Unfall 148471 (2016) Kat:3, Licht: 0","148471","3","2","1","10","14","7","","0","0","1","0","0"
"POINT (11.626671483000001 48.171466174999999)","Unfall 148472 (2016) Kat:3, Licht: 0","148472","3","1","0","10","07","2","","0","1","0","0","0"
"POINT (11.583464484000000 48.140531170000003)","Unfall 148482 (2016) Kat:3, Licht: 0","148482","3","1","0","10","15","7","","0","1","0","0","0"
"POINT (11.560238776000000 48.142555799000000)","Unfall 148485 (2016) Kat:3, Licht: 0","148485","3","7","0","10","16","2","","0","0","0","0","0"
"POINT (11.515309036000000 48.152308238000003)","Unfall 148496 (2016) Kat:3, Licht: 0","148496","3","6","2","10","10","2","","0","0","1","0","1"
"POINT (11.557842263000000 48.117853439000001)","Unfall 148499 (2016) Kat:3, Licht: 2","148499","3","6","3","10","06","3","","2","0","1","0","1"
"POINT (11.701605562999999 48.139503945999998)","Unfall 148501 (2016) Kat:3, Licht: 0","148501","3","3","5","10","16","1","","0","0","1","0","0"
"POINT (11.597684681000000 48.149455750000001)","Unfall 148508 (2016) Kat:2, Licht: 0","148508","2","6","4","10","15","1","","0","1","0","0","0"
"POINT (11.610531439000001 48.091062524000002)","Unfall 148512 (2016) Kat:3, Licht: 0","148512","3","3","5","10","08","2","","0","0","1","0","0"
"POINT (11.540153955999999 48.116869348999998)","Unfall 148514 (2016) Kat:3, Licht: 2","148514","3","6","1","10","01","1","","2","0","1","0","0"
"POINT (11.558628999000000 48.138663070000000)","Unfall 148519 (2016) Kat:3, Licht: 0","148519","3","4","6","10","09","3","","0","1","0","1","0"
"POINT (11.570013198000000 48.130913585000002)","Unfall 148523 (2016) Kat:3, Licht: 0","148523","3","7","0","10","15","3","","0","1","0","0","0"
"POINT (11.567644328000000 48.209256818999997)","Unfall 148526 (2016) Kat:3, Licht: 0","148526","3","6","2","10","17","2","","0","0","1","0","0"
"POINT (11.561653642000000 48.161199957999997)","Unfall 148527 (2016) Kat:3, Licht: 0","148527","3","2","5","10","10","2","","0","1","1","0","0"
"POINT (11.602418758000001 48.114755758000001)","Unfall 148528 (2016) Kat:3, Licht: 0","148528","3","3","5","10","15","1","","0","0","1","0","0"
"POINT (11.536515886000000 48.150826389999999)","Unfall 148539 (2016) Kat:3, Licht: 0","148539","3","3","5","10","12","2","","0","1","0","0","1"
"POINT (11.536269374000000 48.151901152000001)","Unfall 148540 (2016) Kat:3, Licht: 0","148540","3","6","0","10","14","1","","0","0","1","0","1"
"POINT (11.563217686000000 48.207605231999999)","Unfall 148541 (2016) Kat:3, Licht: 0","148541","3","7","5","10","13","6","","0","0","0","0","0"
"POINT (11.509242669000001 48.153838888000003)","Unfall 148544 (2016) Kat:3, Licht: 0","148544","3","6","2","10","09","6","","0","0","1","0","0"
"POINT (11.574057507999999 48.167002060999998)","Unfall 148552 (2016) Kat:3, Licht: 2","148552","3","6","2","10","19","1","","2","0","1","0","1"
"POINT (11.528400631000000 48.118243800000002)","Unfall 148554 (2016) Kat:3, Licht: 0","148554","3","6","3","10","17","3","","0","1","0","0","0"
"POINT (11.523942847000001 48.174970889000001)","Unfall 148555 (2016) Kat:3, Licht: 0","148555","3","3","1","10","16","2","","0","1","1","0","0"
"POINT (11.476354475999999 48.110364791999999)","Unfall 148564 (2016) Kat:3, Licht: 0","148564","3","6","2","10","11","2","","0","0","1","0","0"
"POINT (11.513716167000000 48.138867658000002)","Unfall 148565 (2016) Kat:3, Licht: 0","148565","3","2","0","10","08","2","","0","1","0","0","0"
"POINT (11.584734878000001 48.162110962000000)","Unfall 148567 (2016) Kat:3, Licht: 0","148567","3","7","1","10","16","6","","0","0","1","0","0"
"POINT (11.496349416999999 48.088714650000000)","Unfall 148571 (2016) Kat:3, Licht: 0","148571","3","7","0","10","14","2","","0","1","0","0","0"
"POINT (11.582616281000000 48.133826012000000)","Unfall 148579 (2016) Kat:3, Licht: 0","148579","3","1","0","10","15","3","","0","1","0","0","0"
"POINT (11.634848176000000 48.096326796000000)","Unfall 148582 (2016) Kat:2, Licht: 0","148582","2","7","6","10","17","2","","0","1","0","1","0"
"POINT (11.599443924999999 48.128416588999997)","Unfall 148583 (2016) Kat:3, Licht: 0","148583","3","4","6","10","12","2","","0","0","1","1","0"
"POINT (11.685217621000000 48.135464847999998)","Unfall 148585 (2016) Kat:3, Licht: 0","148585","3","3","5","10","10","6","","0","0","1","0","0"
"POINT (11.543861090000000 48.214855073999999)","Unfall 148598 (2016) Kat:2, Licht: 0","148598","2","3","5","10","14","6","","0","0","0","0","1"
"POINT (11.612483635000000 48.116396700999999)","Unfall 148608 (2016) Kat:3, Licht: 0","148608","3","6","1","10","11","2","","0","0","1","0","0"
"POINT (11.569717442000000 48.130992239000001)","Unfall 148611 (2016) Kat:2, Licht: 2","148611","2","6","0","10","19","3","","2","1","0","0","0"
"POINT (11.549001219999999 48.124610742999998)","Unfall 148621 (2016) Kat:3, Licht: 0","148621","3","6","2","10","13","2","","0","0","1","0","1"
"POINT (11.547535389000000 48.139780889999997)","Unfall 148623 (2016) Kat:3, Licht: 2","148623","3","1","0","10","22","2","","2","1","0","0","0"
"POINT (11.503548515000000 48.164410711000002)","Unfall 148632 (2016) Kat:3, Licht: 0","148632","3","6","2","10","09","2","","0","0","1","0","0"
"POINT (11.595377450000001 48.150663037999998)","Unfall 148647 (2016) Kat:3, Licht: 0","148647","3","2","3","11","15","3","","0","1","1","0","0"
"POINT (11.556472218000000 48.128624813999998)","Unfall 148662 (2016) Kat:3, Licht: 0","148662","3","7","2","10","15","5","","0","0","1","0","0"
"POINT (11.529292057999999 48.177648660000003)","Unfall 148670 (2016) Kat:3, Licht: 0","148670","3","3","5","10","14","5","","0","1","1","0","0"
"POINT (11.454154544000000 48.175358226000000)","Unfall 148675 (2016) Kat:3, Licht: 0","148675","3","3","5","10","08","2","","0","0","1","0","0"
"POINT (11.500899570000000 48.164684448999999)","Unfall 148679 (2016) Kat:3, Licht: 2","148679","3","6","2","10","18","2","","2","0","1","0","0"
"POINT (11.634132435000000 48.169263573999999)","Unfall 148682 (2016) Kat:3, Licht: 0","148682","3","6","2","11","12","3","","0","0","1","0","0"
"POINT (11.587202802000000 48.161677871999999)","Unfall 148686 (2016) Kat:3, Licht: 2","148686","3","7","0","10","03","5","","2","1","0","0","0"
"POINT (11.534056311000001 48.138026531000001)","Unfall 148691 (2016) Kat:3, Licht: 0","148691","3","3","5","10","15","2","","0","1","1","0","0"
"POINT (11.505813073000001 48.184436099000003)","Unfall 148702 (2016) Kat:3, Licht: 2","148702","3","3","5","10","06","5","","2","1","1","0","0"
"POINT (11.564848883000000 48.196385249000002)","Unfall 148708 (2016) Kat:2, Licht: 0","148708","2","3","0","10","15","5","","0","1","1","0","0"
"POINT (11.548322777999999 48.118747448999997)","Unfall 148717 (2016) Kat:2, Licht: 2","148717","2","4","6","10","17","2","","2","1","0","1","0"
"POINT (11.519501524000001 48.115429343999999)","Unfall 148723 (2016) Kat:3, Licht: 2","148723","3","3","5","10","22","5","","2","1","1","0","0"
"POINT (11.581003701000000 48.150115122000003)","Unfall 148727 (2016) Kat:3, Licht: 2","148727","3","4","6","10","18","5","","2","1","0","1","0"
"POINT (11.597782538000001 48.134157588000001)","Unfall 148732 (2016) Kat:3, Licht: 0","148732","3","5","0","10","11","2","","0","0","0","1","0"
"POINT (11.561932839000001 48.172555946999999)","Unfall 148746 (2016) Kat:3, Licht: 2","148746","3","6","4","10","18","2","","2","0","1","0","0"
"POINT (11.544345441000001 48.198814912000003)","Unfall 148762 (2016) Kat:3, Licht: 0","148762","3","6","2","10","14","6","","0","0","1","0","0"
"POINT (11.482943567000000 48.130111655999997)","Unfall 148770 (2016) Kat:3, Licht: 2","148770","3","2","4","10","19","2","","2","0","1","0","0"
"POINT (11.578775285000001 48.114255501999999)","Unfall 148774 (2016) Kat:3, Licht: 0","148774","3","7","0","10","13","6","","0","0","0","0","0"
"POINT (11.575291268999999 48.159712337000002)","Unfall 148786 (2016) Kat:3, Licht: 0","148786","3","3","5","10","09","6","","0","0","1","0","0"
"POINT (11.502985592000000 48.125583011000003)","Unfall 148789 (2016) Kat:3, Licht: 0","148789","3","3","5","10","13","1","","0","0","1","0","0"
"POINT (11.524904150999999 48.156381031999999)","Unfall 148793 (2016) Kat:2, Licht: 0","148793","2","6","6","10","15","1","","0","1","0","1","0"
"POINT (11.575346034000001 48.119496036000001)","Unfall 148798 (2016) Kat:3, Licht: 0","148798","3","2","5","10","11","4","","0","0","1","0","0"
"POINT (11.566137073000000 48.187421585999999)","Unfall 148799 (2016) Kat:3, Licht: 2","148799","3","6","1","10","20","2","","2","0","1","0","0"
"POINT (11.455730027000000 48.163867719999999)","Unfall 148800 (2016) Kat:3, Licht: 0","148800","3","4","6","10","16","6","","0","0","1","1","0"
"POINT (11.439324320000001 48.139228516000003)","Unfall 148802 (2016) Kat:3, Licht: 0","148802","3","2","5","10","15","1","","0","1","1","0","0"
"POINT (11.573679286999999 48.143425612000001)","Unfall 148804 (2016) Kat:3, Licht: 2","148804","3","2","4","10","21","4","","2","0","1","0","0"
"POINT (11.588623094000001 48.140128546000000)","Unfall 148805 (2016) Kat:2, Licht: 0","148805","2","7","0","10","16","6","","0","1","0","0","0"
"POINT (11.415088748000001 48.160042754999999)","Unfall 148810 (2016) Kat:2, Licht: 1","148810","2","6","0","10","18","4","","1","1","0","0","0"
"POINT (11.566089355000001 48.139746019999997)","Unfall 148811 (2016) Kat:3, Licht: 0","148811","3","7","6","10","08","6","","0","0","1","1","0"
"POINT (11.412297175000001 48.139016771000001)","Unfall 148813 (2016) Kat:3, Licht: 0","148813","3","7","5","10","14","4","","0","0","1","0","0"
"POINT (11.522462901999999 48.092957659000000)","Unfall 148814 (2016) Kat:3, Licht: 0","148814","3","7","0","10","14","2","","0","1","0","0","0"
"POINT (11.422042419000000 48.146216561999999)","Unfall 148815 (2016) Kat:3, Licht: 0","148815","3","4","6","10","12","6","","0","0","1","1","0"
"POINT (11.500904816000000 48.164592628999998)","Unfall 148816 (2016) Kat:3, Licht: 0","148816","3","2","3","10","10","1","","0","0","1","0","1"
"POINT (11.508413466000000 48.098231030999997)","Unfall 148818 (2016) Kat:3, Licht: 0","148818","3","3","5","10","12","4","","0","0","1","0","0"
"POINT (11.601329542000000 48.143650616000002)","Unfall 148819 (2016) Kat:2, Licht: 1","148819","2","3","5","10","07","6","","1","1","1","0","0"
"POINT (11.584821719000001 48.158032273000003)","Unfall 148825 (2016) Kat:3, Licht: 2","148825","3","5","0","10","17","1","","2","1","1","0","0"
"POINT (11.581241416999999 48.166297026000002)","Unfall 148831 (2016) Kat:3, Licht: 2","148831","3","3","5","10","19","1","","2","1","1","0","0"
"POINT (11.511267033999999 48.171589308999998)","Unfall 148833 (2016) Kat:2, Licht: 0","148833","2","1","9","10","09","7","","0","0","1","0","0"
"POINT (11.535255275000001 48.182074188999998)","Unfall 148834 (2016) Kat:3, Licht: 0","148834","3","3","5","10","11","7","","0","0","1","0","1"
"POINT (11.548272763000000 48.149515311000002)","Unfall 148836 (2016) Kat:3, Licht: 1","148836","3","2","0","10","17","4","","1","1","1","0","0"
"POINT (11.610687437999999 48.204515428000001)","Unfall 148838 (2016) Kat:3, Licht: 0","148838","3","3","5","10","17","6","","0","1","0","0","0"
"POINT (11.586578500000000 48.164065540999999)","Unfall 148840 (2016) Kat:3, Licht: 1","148840","3","6","2","10","19","7","","1","0","1","0","0"
"POINT (11.484547043999999 48.087404720000002)","Unfall 148842 (2016) Kat:3, Licht: 0","148842","3","2","4","10","12","4","","0","1","1","0","0"
"POINT (11.628466400000001 48.147441120000003)","Unfall 148843 (2016) Kat:3, Licht: 0","148843","3","2","5","10","10","2","","0","1","1","0","0"
"POINT (11.566032182000001 48.187196428000000)","Unfall 148844 (2016) Kat:3, Licht: 2","148844","3","2","4","10","22","6","","2","0","1","0","0"
"POINT (11.526579321000000 48.102316475000002)","Unfall 148845 (2016) Kat:3, Licht: 0","148845","3","3","5","10","13","2","","0","1","1","0","0"
"POINT (11.511343613999999 48.165147527999999)","Unfall 148852 (2016) Kat:3, Licht: 0","148852","3","4","6","10","14","7","","0","0","1","1","0"
"POINT (11.520467773000000 48.176667920000000)","Unfall 148855 (2016) Kat:3, Licht: 0","148855","3","6","2","10","16","4","","0","1","1","0","0"
"POINT (11.540544088000001 48.125300903000003)","Unfall 148856 (2016) Kat:3, Licht: 2","148856","3","6","2","10","18","2","","2","0","1","0","0"
"POINT (11.655047483000001 48.109149445000000)","Unfall 148857 (2016) Kat:2, Licht: 0","148857","2","5","0","10","08","6","","0","1","0","0","0"
"POINT (11.601699883000000 48.126797392999997)","Unfall 148864 (2016) Kat:3, Licht: 1","148864","3","7","1","10","18","4","","1","1","1","0","0"
"POINT (11.605329455000000 48.148196075999998)","Unfall 148865 (2016) Kat:3, Licht: 0","148865","3","3","5","10","13","6","","0","1","1","0","0"
"POINT (11.590148427000001 48.176846910999998)","Unfall 148867 (2016) Kat:3, Licht: 0","148867","3","3","5","10","15","4","","0","1","1","0","0"
"POINT (11.507493179000001 48.116243457000003)","Unfall 148868 (2016) Kat:3, Licht: 1","148868","3","6","3","10","17","6","","1","1","0","0","0"
"POINT (11.431191350000001 48.149238435999997)","Unfall 148871 (2016) Kat:3, Licht: 0","148871","3","6","0","10","14","4","","0","0","0","0","0"
"POINT (11.547249989000001 48.139180113000002)","Unfall 148872 (2016) Kat:3, Licht: 0","148872","3","3","5","10","12","6","","0","1","0","0","0"
"POINT (11.504389553999999 48.185523758999999)","Unfall 148873 (2016) Kat:3, Licht: 0","148873","3","3","5","10","11","2","","0","0","1","0","0"
"POINT (11.602625371000000 48.113792601000000)","Unfall 148875 (2016) Kat:3, Licht: 0","148875","3","7","1","10","09","4","","0","1","0","0","0"
"POINT (11.566523525999999 48.133693651000002)","Unfall 148876 (2016) Kat:3, Licht: 0","148876","3","6","0","10","14","6","","0","0","1","0","1"
"POINT (11.566443005000000 48.115138406000000)","Unfall 148881 (2016) Kat:3, Licht: 0","148881","3","3","5","10","14","4","","0","0","1","0","0"
"POINT (11.603278056000001 48.200885446000001)","Unfall 148886 (2016) Kat:3, Licht: 2","148886","3","6","1","11","18","7","","2","0","1","0","0"
"POINT (11.467273799000001 48.164764065999996)","Unfall 148887 (2016) Kat:3, Licht: 0","148887","3","6","2","11","15","7","","0","0","1","0","1"
"POINT (11.642119988999999 48.131815652999997)","Unfall 148891 (2016) Kat:3, Licht: 0","148891","3","2","4","11","10","2","","0","0","1","0","0"
"POINT (11.522677793000000 48.181954853000001)","Unfall 148895 (2016) Kat:3, Licht: 0","148895","3","1","7","11","09","5","","0","1","0","0","0"
"POINT (11.524306918000001 48.102710975000001)","Unfall 148897 (2016) Kat:2, Licht: 0","148897","2","3","5","11","08","4","","0","1","1","0","0"
"POINT (11.501769139000000 48.139710684000001)","Unfall 148898 (2016) Kat:2, Licht: 0","148898","2","4","6","11","11","7","","0","0","1","1","0"
"POINT (11.573158405999999 48.180979217000001)","Unfall 148899 (2016) Kat:3, Licht: 0","148899","3","7","3","11","12","7","","0","0","1","0","0"
"POINT (11.606674149000000 48.126920683999998)","Unfall 148903 (2016) Kat:2, Licht: 2","148903","2","3","6","11","18","2","","2","0","1","1","0"
"POINT (11.429791508999999 48.186667595000003)","Unfall 148907 (2016) Kat:3, Licht: 1","148907","3","3","5","11","16","5","","1","0","1","0","0"
"POINT (11.498057742000000 48.116322664999998)","Unfall 148911 (2016) Kat:3, Licht: 0","148911","3","3","0","11","08","7","","0","1","0","0","0"
"POINT (11.506744143000001 48.098609578999998)","Unfall 148919 (2016) Kat:3, Licht: 0","148919","3","3","5","11","12","5","","0","1","1","0","0"
"POINT (11.636891294000000 48.146453299999997)","Unfall 148922 (2016) Kat:3, Licht: 0","148922","3","5","1","11","13","7","","0","1","1","0","0"
"POINT (11.555044025999999 48.130050818000001)","Unfall 148925 (2016) Kat:3, Licht: 0","148925","3","5","0","11","09","5","","0","1","1","0","0"
"POINT (11.563892900000001 48.150600787999998)","Unfall 148926 (2016) Kat:3, Licht: 2","148926","3","5","0","11","18","7","","2","1","1","0","0"
"POINT (11.582548436000000 48.145610607000002)","Unfall 148927 (2016) Kat:3, Licht: 1","148927","3","6","1","11","16","5","","1","1","1","0","0"
"POINT (11.575676161000001 48.139407828000003)","Unfall 148928 (2016) Kat:3, Licht: 0","148928","3","7","0","11","12","7","","0","1","0","0","0"
"POINT (11.559873146999999 48.144367133999999)","Unfall 148933 (2016) Kat:3, Licht: 2","148933","3","4","6","11","17","5","","2","1","0","1","0"
"POINT (11.566461485000000 48.133253521999997)","Unfall 148941 (2016) Kat:3, Licht: 0","148941","3","6","2","11","16","5","","0","0","1","0","0"
"POINT (11.575401851000001 48.142566959000000)","Unfall 148942 (2016) Kat:3, Licht: 0","148942","3","6","2","11","13","7","","0","1","1","0","0"
"POINT (11.588320476000000 48.141172496999999)","Unfall 148947 (2016) Kat:3, Licht: 0","148947","3","7","0","11","11","2","","0","1","1","0","0"
"POINT (11.607532969999999 48.186282968000000)","Unfall 148951 (2016) Kat:3, Licht: 2","148951","3","3","5","11","18","2","","2","1","1","0","0"
"POINT (11.616243166000000 48.148031930000002)","Unfall 148961 (2016) Kat:3, Licht: 0","148961","3","3","5","11","16","4","","0","0","1","0","0"
"POINT (11.472142199000000 48.150120946000001)","Unfall 148964 (2016) Kat:3, Licht: 2","148964","3","7","6","11","17","2","","2","0","1","1","0"
"POINT (11.590492448999999 48.142662848999997)","Unfall 148988 (2016) Kat:3, Licht: 1","148988","3","6","3","11","16","1","","1","0","1","0","0"
"POINT (11.601452664000000 48.103842704000002)","Unfall 148990 (2016) Kat:3, Licht: 2","148990","3","3","5","11","18","2","","2","1","1","0","0"
"POINT (11.562662612000000 48.144177407999997)","Unfall 148995 (2016) Kat:2, Licht: 2","148995","2","4","6","11","18","1","","2","0","1","1","0"
"POINT (11.593287000000000 48.142087177000001)","Unfall 149000 (2016) Kat:3, Licht: 2","149000","3","6","1","11","17","1","","2","0","1","0","0"
"POINT (11.503216858000000 48.085669336000002)","Unfall 149005 (2016) Kat:3, Licht: 0","149005","3","3","5","11","15","6","","0","1","1","0","0"
"POINT (11.570143111000000 48.113051870000000)","Unfall 149007 (2016) Kat:3, Licht: 2","149007","3","3","5","11","18","2","","2","1","1","0","0"
"POINT (11.581451146999999 48.127559755000000)","Unfall 149010 (2016) Kat:3, Licht: 1","149010","3","7","0","11","18","6","","1","0","1","0","0"
"POINT (11.547066943000001 48.143780380000003)","Unfall 149016 (2016) Kat:3, Licht: 0","149016","3","3","5","11","16","4","","0","1","1","0","0"
"POINT (11.562772712999999 48.141621979999996)","Unfall 149017 (2016) Kat:3, Licht: 2","149017","3","7","0","11","17","6","","2","0","1","0","0"
"POINT (11.657414884000000 48.098440349999997)","Unfall 149020 (2016) Kat:3, Licht: 0","149020","3","6","3","11","14","6","","0","0","1","0","0"
"POINT (11.612818536000001 48.120724623000001)","Unfall 149022 (2016) Kat:3, Licht: 0","149022","3","2","5","11","13","2","","0","1","1","0","0"
"POINT (11.506057446000000 48.094307366999999)","Unfall 149030 (2016) Kat:3, Licht: 1","149030","3","3","0","11","17","6","","1","0","1","0","0"
"POINT (11.613944035999999 48.131340999999999)","Unfall 149041 (2016) Kat:3, Licht: 0","149041","3","2","8","11","12","6","","0","0","1","0","0"
"POINT (11.504271154000000 48.172912414999999)","Unfall 149045 (2016) Kat:3, Licht: 0","149045","3","2","6","11","07","6","","0","0","1","1","0"
"POINT (11.537553065000001 48.116909200000002)","Unfall 149047 (2016) Kat:3, Licht: 0","149047","3","6","3","11","16","2","","0","0","1","0","0"
"POINT (11.570582096000001 48.146883791000000)","Unfall 149052 (2016) Kat:3, Licht: 0","149052","3","6","2","11","15","2","","0","0","1","0","0"
"POINT (11.473474883000000 48.194086016000000)","Unfall 149054 (2016) Kat:3, Licht: 2","149054","3","2","5","11","05","6","","2","1","1","0","0"
"POINT (11.592806905000000 48.114998155000002)","Unfall 149061 (2016) Kat:3, Licht: 2","149061","3","7","5","11","17","6","","2","0","1","0","1"