WKT,Name,OBJECTID,UKATEGORIE,UTYP1,UART,UMONAT,USTUNDE,UWOCHENTAG,STRZUSTAND,ULICHTVERH,ISTRAD,ISTPKW,ISTFUSS,ISTKRAD
"POINT (11.562204293000001 48.125533988000001)","Unfall 149063 (2016) Kat:3, Licht: 0","149063","3","3","5","11","13","2","","0","0","1","0","0"
"POINT (11.538395335000001 48.135778276000003)","Unfall 149076 (2016) Kat:3, Licht: 0","149076","3","2","5","11","13","6","","0","1","1","0","0"
"POINT (11.567977076000000 48.154040676999998)","Unfall 149078 (2016) Kat:3, Licht: 0","149078","3","7","1","11","08","2","","0","0","1","0","0"
"POINT (11.578691787000000 48.114185470000002)","Unfall 149085 (2016) Kat:2, Licht: 0","149085","2","3","5","11","15","2","","0","0","1","0","0"
"POINT (11.560902329999999 48.139942275999999)","Unfall 149088 (2016) Kat:3, Licht: 2","149088","3","4","6","11","20","6","","2","1","0","1","0"
"POINT (11.429682508000001 48.173816561999999)","Unfall 149091 (2016) Kat:3, Licht: 0","149091","3","3","5","11","16","4","","0","1","1","0","0"
"POINT (11.630881749000000 48.128956252000002)","Unfall 149107 (2016) Kat:3, Licht: 0","149107","3","5","1","11","13","2","","0","0","1","0","0"
"POINT (11.481601922999999 48.141709927000001)","Unfall 149127 (2016) Kat:3, Licht: 0","149127","3","2","5","11","08","2","","0","1","1","0","0"
"POINT (11.575656974999999 48.095698300999999)","Unfall 149136 (2016) Kat:3, Licht: 0","149136","3","6","2","11","10","4","","0","0","1","0","0"
"POINT (11.538042483000000 48.139782240000002)","Unfall 149140 (2016) Kat:3, Licht: 0","149140","3","6","2","11","06","5","","0","0","1","0","0"
"POINT (11.594038932000000 48.128510146000004)","Unfall 149145 (2016) Kat:3, Licht: 2","149145","3","2","6","11","23","7","","2","0","1","1","0"
"POINT (11.578712266000000 48.145064345999998)","Unfall 149148 (2016) Kat:3, Licht: 0","149148","3","4","6","11","12","5","","0","1","0","1","0"
"POINT (11.664475237000000 48.124919153000000)","Unfall 149149 (2016) Kat:3, Licht: 2","149149","3","3","5","11","19","4","","2","0","0","0","1"
"POINT (11.533147508000001 48.133611147000003)","Unfall 149152 (2016) Kat:3, Licht: 2","149152","3","4","6","11","17","5","","2","0","0","1","0"
"POINT (11.631007326000001 48.157721082999998)","Unfall 149153 (2016) Kat:3, Licht: 2","149153","3","3","5","11","20","7","","2","0","1","0","0"
"POINT (11.566150947000001 48.174724308999998)","Unfall 149156 (2016) Kat:3, Licht: 0","149156","3","3","5","11","16","5","","0","1","1","0","0"
"POINT (11.462545690000001 48.150984250999997)","Unfall 149157 (2016) Kat:3, Licht: 2","149157","3","4","6","11","17","2","","2","1","0","1","0"
"POINT (11.692359669000000 48.109720502000002)","Unfall 149160 (2016) Kat:3, Licht: 2","149160","3","6","0","11","18","5","","2","1","0","0","0"
"POINT (11.670975796000000 48.121541123000000)","Unfall 149168 (2016) Kat:3, Licht: 2","149168","3","2","6","11","06","6","","2","0","1","1","0"
"POINT (11.628323546000001 48.147467354000000)","Unfall 149174 (2016) Kat:3, Licht: 0","149174","3","3","5","11","09","4","","0","0","1","0","0"
"POINT (11.534853734000000 48.138091869999997)","Unfall 149181 (2016) Kat:3, Licht: 0","149181","3","2","5","11","12","3","","0","1","1","0","0"
"POINT (11.522769777000001 48.134360782999998)","Unfall 149184 (2016) Kat:3, Licht: 0","149184","3","2","4","11","07","3","","0","0","1","0","0"
"POINT (11.502830679000001 48.165975250999999)","Unfall 149190 (2016) Kat:3, Licht: 0","149190","3","7","0","11","13","6","","0","1","0","0","0"
"POINT (11.472110118000000 48.168008794999999)","Unfall 149192 (2016) Kat:3, Licht: 0","149192","3","3","5","11","07","4","","0","0","1","0","0"
"POINT (11.458173964000000 48.200453738999997)","Unfall 149196 (2016) Kat:3, Licht: 1","149196","3","6","1","11","17","4","","1","0","1","0","0"
"POINT (11.554330561000000 48.153938130999997)","Unfall 149197 (2016) Kat:2, Licht: 0","149197","2","4","6","11","07","6","","0","0","1","1","0"
"POINT (11.480842085999999 48.210024253000000)","Unfall 149199 (2016) Kat:3, Licht: 0","149199","3","7","1","11","10","4","","0","0","1","0","0"
"POINT (11.596129642999999 48.109180473999999)","Unfall 149203 (2016) Kat:3, Licht: 0","149203","3","3","5","11","11","4","","0","1","1","0","0"
"POINT (11.553772834000000 48.160649917999997)","Unfall 149206 (2016) Kat:3, Licht: 0","149206","3","2","2","11","12","3","","0","0","1","0","0"
"POINT (11.475343371999999 48.113198177999998)","Unfall 149212 (2016) Kat:3, Licht: 0","149212","3","6","1","11","14","3","","0","0","1","0","0"
"POINT (11.607123692000000 48.120022423999998)","Unfall 149214 (2016) Kat:3, Licht: 2","149214","3","6","2","11","18","4","","2","0","1","0","0"
"POINT (11.508314337000000 48.098259843000001)","Unfall 149215 (2016) Kat:3, Licht: 0","149215","3","2","5","11","12","6","","0","1","1","0","0"
"POINT (11.529947226999999 48.116805405000001)","Unfall 149217 (2016) Kat:3, Licht: 0","149217","3","6","1","11","15","4","","0","0","1","0","0"
"POINT (11.566230199000000 48.186839257999999)","Unfall 149219 (2016) Kat:3, Licht: 0","149219","3","6","2","11","12","3","","0","0","1","0","0"
"POINT (11.534096945000000 48.110821840000000)","Unfall 149222 (2016) Kat:3, Licht: 0","149222","3","2","5","11","07","6","","0","0","1","0","0"
"POINT (11.640613313999999 48.090110170999999)","Unfall 149226 (2016) Kat:3, Licht: 0","149226","3","1","0","11","07","3","","0","1","0","0","0"
"POINT (11.579119688000000 48.136024845999998)","Unfall 149228 (2016) Kat:3, Licht: 0","149228","3","3","5","11","11","4","","0","1","1","0","0"
"POINT (11.541932108999999 48.118378688000000)","Unfall 149234 (2016) Kat:3, Licht: 2","149234","3","2","6","11","22","3","","2","0","1","1","0"
"POINT (11.578520620999999 48.144677584000000)","Unfall 149236 (2016) Kat:3, Licht: 2","149236","3","6","2","11","18","6","","2","1","1","0","0"
"POINT (11.555791290000000 48.129803326000001)","Unfall 149240 (2016) Kat:3, Licht: 2","149240","3","6","3","11","17","3","","2","0","1","0","0"
"POINT (11.564606286000000 48.136720251000000)","Unfall 149254 (2016) Kat:3, Licht: 0","149254","3","7","7","11","08","3","","0","1","0","1","0"
"POINT (11.537498484000000 48.166202304999999)","Unfall 149270 (2016) Kat:3, Licht: 0","149270","3","6","2","11","10","6","","0","0","1","0","0"
"POINT (11.556909562000000 48.151678142999998)","Unfall 149286 (2016) Kat:3, Licht: 0","149286","3","2","5","11","15","6","","0","1","1","0","0"
"POINT (11.540342296000000 48.163965922999999)","Unfall 149298 (2016) Kat:3, Licht: 0","149298","3","1","2","11","14","6","","0","0","1","0","0"
"POINT (11.596377908999999 48.192801170999999)","Unfall 149322 (2016) Kat:3, Licht: 0","149322","3","4","6","11","14","7","","0","0","1","1","0"
"POINT (11.556989919999999 48.143694846999999)","Unfall 149326 (2016) Kat:2, Licht: 2","149326","2","4","6","11","03","7","","2","0","1","1","0"
"POINT (11.599983444999999 48.176172438999998)","Unfall 149329 (2016) Kat:3, Licht: 0","149329","3","3","5","11","12","6","","0","0","1","0","0"
"POINT (11.676097926000001 48.112700466000000)","Unfall 149332 (2016) Kat:3, Licht: 2","149332","3","7","6","11","17","5","","2","0","1","1","0"
"POINT (11.562604076000000 48.185952336000000)","Unfall 149333 (2016) Kat:3, Licht: 0","149333","3","3","5","11","10","5","","0","1","1","0","0"
"POINT (11.613104232000000 48.138265625000003)","Unfall 149339 (2016) Kat:3, Licht: 0","149339","3","3","5","11","08","6","","0","0","1","0","0"
"POINT (11.669346517999999 48.122340411000003)","Unfall 149342 (2016) Kat:2, Licht: 0","149342","2","3","5","11","14","6","","0","0","1","0","1"
"POINT (11.556021588000000 48.142021956000001)","Unfall 149345 (2016) Kat:3, Licht: 0","149345","3","2","3","11","09","5","","0","1","1","0","0"
"POINT (11.657007366000000 48.108364666000000)","Unfall 149346 (2016) Kat:3, Licht: 2","149346","3","3","0","11","17","5","","2","0","0","1","1"
"POINT (11.702962477000000 48.133552442000003)","Unfall 149352 (2016) Kat:2, Licht: 2","149352","2","4","6","11","16","6","","2","0","1","1","0"
"POINT (11.448823157000000 48.145077880000002)","Unfall 149357 (2016) Kat:3, Licht: 0","149357","3","3","5","11","14","7","","0","1","1","0","0"
"POINT (11.549565481000000 48.160746258000003)","Unfall 149358 (2016) Kat:3, Licht: 0","149358","3","3","5","11","10","5","","0","1","1","0","0"
"POINT (11.573334424000000 48.180046519999998)","Unfall 149375 (2016) Kat:3, Licht: 2","149375","3","7","1","11","18","5","","2","0","1","0","1"
"POINT (11.554165744000001 48.125497095000000)","Unfall 149379 (2016) Kat:3, Licht: 0","149379","3","5","1","11","11","7","","0","1","1","0","0"
"POINT (11.572681270000000 48.188985768999999)","Unfall 149381 (2016) Kat:3, Licht: 2","149381","3","3","5","11","22","4","","2","0","1","0","1"
"POINT (11.570232240999999 48.134109617000000)","Unfall 149382 (2016) Kat:2, Licht: 2","149382","2","3","5","11","19","6","","2","1","0","0","1"
"POINT (11.511660944000001 48.181096189000002)","Unfall 149385 (2016) Kat:3, Licht: 0","149385","3","6","2","11","09","5","","0","0","1","0","0"
"POINT (11.511479776000000 48.158726860000002)","Unfall 149386 (2016) Kat:3, Licht: 2","149386","3","2","5","11","20","5","","2","0","1","0","0"
"POINT (11.575784980000000 48.157121435999997)","Unfall 149388 (2016) Kat:3, Licht: 0","149388","3","2","1","11","12","4","","0","0","1","0","0"
"POINT (11.581840568000001 48.104416548000003)","Unfall 149393 (2016) Kat:3, Licht: 2","149393","3","2","4","11","17","5","","2","1","1","0","0"
"POINT (11.581211757000000 48.167089783999998)","Unfall 149395 (2016) Kat:3, Licht: 0","149395","3","3","5","11","09","4","","0","0","1","0","0"
"POINT (11.580665902000000 48.136833850999999)","Unfall 149399 (2016) Kat:3, Licht: 2","149399","3","3","5","11","23","7","","2","0","1","0","0"
"POINT (11.487787806000000 48.130093287999998)","Unfall 149401 (2016) Kat:3, Licht: 2","149401","3","5","1","11","17","4","","2","0","0","0","1"
"POINT (11.494812098000001 48.178053110999997)","Unfall 149402 (2016) Kat:3, Licht: 2","149402","3","2","5","11","19","6","","2","0","1","0","0"
"POINT (11.604583468000000 48.105760359000001)","Unfall 149405 (2016) Kat:3, Licht: 0","149405","3","3","5","11","13","5","","0","0","1","0","0"
"POINT (11.595096399999999 48.133909916999997)","Unfall 149406 (2016) Kat:3, Licht: 0","149406","3","5","1","11","12","5","","0","1","0","0","0"
"POINT (11.488469540000001 48.141273486999999)","Unfall 149408 (2016) Kat:3, Licht: 0","149408","3","1","1","11","09","4","","0","0","1","1","0"
"POINT (11.505964499999999 48.164112334000002)","Unfall 149412 (2016) Kat:3, Licht: 0","149412","3","4","6","11","13","6","","0","0","1","1","0"
"POINT (11.536357128000001 48.116910836999999)","Unfall 149415 (2016) Kat:3, Licht: 2","149415","3","6","1","11","20","6","","2","0","1","0","0"
"POINT (11.545844810000000 48.103892434000002)","Unfall 149421 (2016) Kat:3, Licht: 0","149421","3","6","0","11","13","4","","0","0","1","0","1"
"POINT (11.548065739000000 48.124032980000003)","Unfall 149432 (2016) Kat:3, Licht: 0","149432","3","4","6","11","14","5","","0","1","0","1","0"
"POINT (11.528261151000001 48.185201919999997)","Unfall 149435 (2016) Kat:3, Licht: 2","149435","3","7","1","11","17","3","","2","1","1","0","0"
"POINT (11.491533209000000 48.165324319000000)","Unfall 149439 (2016) Kat:3, Licht: 0","149439","3","3","5","11","07","4","","0","0","1","0","0"
"POINT (11.671719421000001 48.112496630000003)","Unfall 149440 (2016) Kat:2, Licht: 2","149440","2","5","1","11","18","3","","2","1","1","0","0"
"POINT (11.420919486000001 48.174442503999998)","Unfall 149441 (2016) Kat:3, Licht: 1","149441","3","2","5","11","06","3","","1","0","1","0","0"
"POINT (11.511334624000000 48.131061224000000)","Unfall 149445 (2016) Kat:3, Licht: 2","149445","3","3","5","11","18","2","","2","0","1","0","0"
"POINT (11.586463773000000 48.167330200999999)","Unfall 149452 (2016) Kat:3, Licht: 2","149452","3","2","5","11","18","5","","2","1","0","0","1"
"POINT (11.558851184000000 48.146759136999997)","Unfall 149457 (2016) Kat:3, Licht: 2","149457","3","3","5","11","20","2","","2","1","1","0","0"
"POINT (11.592478325000000 48.114895449000002)","Unfall 149465 (2016) Kat:3, Licht: 2","149465","3","2","4","11","17","4","","2","0","1","0","0"
"POINT (11.667265956000000 48.082226458000001)","Unfall 149469 (2016) Kat:3, Licht: 0","149469","3","6","0","11","15","5","","0","1","1","0","0"
"POINT (11.623630179999999 48.153684534999996)","Unfall 149475 (2016) Kat:3, Licht: 2","149475","3","6","2","11","18","4","","2","0","1","0","0"
"POINT (11.540151000000000 48.117501961999999)","Unfall 149477 (2016) Kat:2, Licht: 2","149477","2","4","6","11","17","3","","2","0","1","1","0"
"POINT (11.643192856000001 48.086330211000003)","Unfall 149479 (2016) Kat:3, Licht: 0","149479","3","4","6","11","10","5","","0","0","1","1","0"
"POINT (11.540115234000000 48.110210553999998)","Unfall 149481 (2016) Kat:3, Licht: 2","149481","3","2","3","11","19","4","","2","1","1","0","0"
"POINT (11.604772645000001 48.104427452000003)","Unfall 149486 (2016) Kat:3, Licht: 2","149486","3","1","2","11","07","4","","2","0","1","0","0"
"POINT (11.523034578000001 48.080329933000002)","Unfall 149487 (2016) Kat:3, Licht: 0","149487","3","5","3","11","15","3","","0","1","1","0","0"
"POINT (11.539192924000000 48.118351777999997)","Unfall 149488 (2016) Kat:3, Licht: 2","149488","3","7","1","11","17","5","","2","1","1","0","0"
"POINT (11.499020564000000 48.141814555000003)","Unfall 149489 (2016) Kat:3, Licht: 0","149489","3","5","1","11","08","3","","0","1","1","0","0"
"POINT (11.560043876000000 48.137436057000002)","Unfall 149493 (2016) Kat:3, Licht: 0","149493","3","4","6","11","13","2","","0","0","1","1","0"
"POINT (11.570764354000000 48.131906981999997)","Unfall 149501 (2016) Kat:3, Licht: 0","149501","3","1","0","11","12","5","","0","0","0","0","1"
"POINT (11.688574296000001 48.133626073999999)","Unfall 149507 (2016) Kat:3, Licht: 0","149507","3","7","6","11","11","7","","0","0","1","1","0"
"POINT (11.680962256999999 48.116436131999997)","Unfall 149508 (2016) Kat:3, Licht: 2","149508","3","4","6","11","17","5","","2","0","1","1","0"
"POINT (11.595126691999999 48.126492276999997)","Unfall 149526 (2016) Kat:1, Licht: 2","149526","1","4","6","11","18","4","","2","0","1","1","0"
"POINT (11.500507518999999 48.139680433000002)","Unfall 149531 (2016) Kat:3, Licht: 0","149531","3","7","0","11","13","4","","0","0","0","0","1"
"POINT (11.574049529000000 48.157658472000001)","Unfall 149534 (2016) Kat:3, Licht: 0","149534","3","2","5","11","15","4","","0","1","1","0","0"
"POINT (11.590156709000000 48.166381989999998)","Unfall 149542 (2016) Kat:3, Licht: 1","149542","3","6","0","11","08","5","","1","1","0","0","0"
"POINT (11.539918011999999 48.118356927999997)","Unfall 149543 (2016) Kat:3, Licht: 0","149543","3","6","0","11","11","3","","0","1","1","0","0"
"POINT (11.552524349000000 48.208281911000000)","Unfall 149545 (2016) Kat:3, Licht: 2","149545","3","3","5","11","19","3","","2","0","1","0","0"
"POINT (11.563806624000000 48.204781195999999)","Unfall 149546 (2016) Kat:2, Licht: 0","149546","2","2","6","11","10","3","","0","0","1","1","0"
"POINT (11.541957598000000 48.121933245999998)","Unfall 149554 (2016) Kat:2, Licht: 2","149554","2","6","1","11","20","1","","2","0","1","0","0"
"POINT (11.537746186000000 48.165945774000001)","Unfall 149559 (2016) Kat:3, Licht: 0","149559","3","2","3","11","10","2","","0","0","0","0","0"
"POINT (11.563787612000000 48.203549293999998)","Unfall 149568 (2016) Kat:3, Licht: 2","149568","3","3","4","11","17","5","","2","0","1","0","0"
"POINT (11.534322812999999 48.118863298000001)","Unfall 149570 (2016) Kat:2, Licht: 2","149570","2","4","6","11","18","5","","2","0","1","1","0"
"POINT (11.576174377999999 48.134452402999997)","Unfall 149574 (2016) Kat:3, Licht: 0","149574","3","6","4","11","11","1","","0","0","1","0","0"
"POINT (11.487942561000001 48.166387409000002)","Unfall 149577 (2016) Kat:2, Licht: 0","149577","2","3","0","11","07","4","","0","1","1","0","0"
"POINT (11.592807584999999 48.143355669999998)","Unfall 149579 (2016) Kat:3, Licht: 0","149579","3","3","5","11","07","3","","0","1","1","0","0"
"POINT (11.576484341000000 48.128015945000001)","Unfall 149581 (2016) Kat:3, Licht: 0","149581","3","7","0","11","13","1","","0","1","0","0","0"
"POINT (11.699981738000000 48.131536852000004)","Unfall 149583 (2016) Kat:3, Licht: 0","149583","3","3","5","11","10","1","","0","0","1","0","0"
"POINT (11.582616721000001 48.167126476999996)","Unfall 149586 (2016) Kat:3, Licht: 2","149586","3","6","2","11","19","1","","2","0","1","0","0"
"POINT (11.468688288999999 48.177532818000003)","Unfall 149590 (2016) Kat:3, Licht: 2","149590","3","6","1","11","17","4","","2","0","1","0","0"
"POINT (11.535706826000000 48.146332989000001)","Unfall 149591 (2016) Kat:3, Licht: 0","149591","3","6","1","11","09","3","","0","0","1","0","0"
"POINT (11.524112908999999 48.149097529999999)","Unfall 149592 (2016) Kat:3, Licht: 0","149592","3","4","6","11","11","3","","0","0","1","1","0"
"POINT (11.586323414000001 48.167958273000004)","Unfall 149596 (2016) Kat:3, Licht: 2","149596","3","7","0","11","18","2","","2","0","0","0","0"
"POINT (11.583133503999999 48.141167682000003)","Unfall 149602 (2016) Kat:3, Licht: 0","149602","3","3","5","11","09","5","","0","1","1","0","0"
"POINT (11.594994988000000 48.129771101000003)","Unfall 149607 (2016) Kat:3, Licht: 2","149607","3","7","1","11","06","2","","2","1","1","0","0"
"POINT (11.565716328000001 48.115772397999997)","Unfall 149620 (2016) Kat:3, Licht: 2","149620","3","4","6","11","17","5","","2","1","0","1","0"
"POINT (11.605974322000000 48.202629291000001)","Unfall 149626 (2016) Kat:3, Licht: 2","149626","3","3","5","11","16","4","","2","1","1","0","0"
"POINT (11.560793641000000 48.145810349999998)","Unfall 149628 (2016) Kat:3, Licht: 0","149628","3","7","4","11","09","3","","0","0","1","0","0"
"POINT (11.506432413000001 48.133972006999997)","Unfall 149631 (2016) Kat:3, Licht: 0","149631","3","3","5","11","08","4","","0","1","1","0","0"
"POINT (11.604174392999999 48.116462353000003)","Unfall 149633 (2016) Kat:3, Licht: 0","149633","3","2","5","11","08","5","","0","1","1","0","0"
"POINT (11.559794830000000 48.123041780999998)","Unfall 149635 (2016) Kat:3, Licht: 0","149635","3","2","3","11","07","4","","0","0","1","0","0"
"POINT (11.569492584000001 48.144364738000000)","Unfall 149640 (2016) Kat:3, Licht: 2","149640","3","3","3","11","06","4","","2","1","1","0","0"
"POINT (11.547725914999999 48.126739043999997)","Unfall 149641 (2016) Kat:3, Licht: 2","149641","3","3","5","11","22","5","","2","1","0","0","0"
"POINT (11.617120398999999 48.142268389000002)","Unfall 149642 (2016) Kat:3, Licht: 2","149642","3","4","6","11","18","3","","2","0","1","1","0"
"POINT (11.608735955000000 48.186249044000000)","Unfall 149659 (2016) Kat:3, Licht: 0","149659","3","4","6","11","08","5","","0","0","1","1","0"
"POINT (11.534324203000001 48.184556960999998)","Unfall 149670 (2016) Kat:3, Licht: 1","149670","3","7","0","11","16","5","","1","0","1","0","0"
"POINT (11.564641852999999 48.170090709000000)","Unfall 149679 (2016) Kat:3, Licht: 2","149679","3","3","4","11","18","4","","2","1","1","0","0"
"POINT (11.497451969000000 48.082630235000003)","Unfall 149681 (2016) Kat:3, Licht: 1","149681","3","3","5","11","06","3","","1","1","1","0","0"
"POINT (11.588889623000000 48.124935436000001)","Unfall 149684 (2016) Kat:3, Licht: 2","149684","3","4","6","11","00","7","","2","0","1","1","0"
"POINT (11.520023552000000 48.088185095999997)","Unfall 149693 (2016) Kat:3, Licht: 0","149693","3","2","6","11","16","2","","0","0","1","1","0"
"POINT (11.627636724000000 48.101663045999999)","Unfall 149695 (2016) Kat:3, Licht: 0","149695","3","2","4","11","08","3","","0","1","1","0","0"
"POINT (11.559342022999999 48.088440398000003)","Unfall 149699 (2016) Kat:3, Licht: 0","149699","3","4","6","11","10","7","","0","0","1","1","0"
"POINT (11.644523568000000 48.165564326999998)","Unfall 149703 (2016) Kat:3, Licht: 2","149703","3","2","3","11","17","3","","2","0","1","0","1"
"POINT (11.545528250000000 48.136642567999999)","Unfall 149706 (2016) Kat:2, Licht: 0","149706","2","4","6","11","15","3","","0","0","1","1","0"
"POINT (11.543678044000000 48.118350341000003)","Unfall 149720 (2016) Kat:3, Licht: 0","149720","3","3","5","11","13","7","","0","0","1","0","0"
"POINT (11.603223855000000 48.104064063999999)","Unfall 149722 (2016) Kat:3, Licht: 0","149722","3","6","1","11","10","7","","0","0","1","0","0"
"POINT (11.458173964000000 48.200453738999997)","Unfall 149729 (2016) Kat:3, Licht: 0","149729","3","6","3","11","07","2","","0","1","0","0","0"
"POINT (11.608840290000000 48.131470118999999)","Unfall 149733 (2016) Kat:3, Licht: 0","149733","3","6","2","11","15","7","","0","0","1","0","0"
"POINT (11.550759272000001 48.108370784000002)","Unfall 149738 (2016) Kat:3, Licht: 2","149738","3","7","5","11","18","1","","2","1","1","0","0"
"POINT (11.610690583000000 48.151378473000001)","Unfall 149744 (2016) Kat:3, Licht: 0","149744","3","3","5","11","08","3","","0","1","1","0","0"
"POINT (11.558790717000001 48.204396060999997)","Unfall 149756 (2016) Kat:3, Licht: 0","149756","3","6","3","11","08","3","","0","1","1","0","0"
"POINT (11.535341365000001 48.157751357999999)","Unfall 149759 (2016) Kat:3, Licht: 0","149759","3","2","5","11","13","7","","0","1","1","0","0"
"POINT (11.608789155000000 48.136154449000003)","Unfall 149761 (2016) Kat:3, Licht: 0","149761","3","6","2","11","08","7","","0","0","1","0","0"
"POINT (11.531688937000000 48.137774727999997)","Unfall 149765 (2016) Kat:3, Licht: 2","149765","3","5","1","11","23","7","","2","0","1","0","0"
"POINT (11.573684417999999 48.120162628999999)","Unfall 149770 (2016) Kat:3, Licht: 2","149770","3","3","0","11","20","3","","2","0","1","0","0"
"POINT (11.570324354000000 48.130880429999998)","Unfall 149774 (2016) Kat:3, Licht: 0","149774","3","1","0","11","11","7","","0","1","0","0","0"
"POINT (11.700087250999999 48.117480245000003)","Unfall 149785 (2016) Kat:3, Licht: 0","149785","3","7","0","11","13","6","","0","1","1","0","0"
"POINT (11.639057605000000 48.099894845000001)","Unfall 149793 (2016) Kat:3, Licht: 2","149793","3","1","9","11","04","1","","2","0","1","0","0"
"POINT (11.594520327000000 48.128210781999996)","Unfall 149796 (2016) Kat:3, Licht: 0","149796","3","6","3","11","10","6","","0","0","1","0","1"
"POINT (11.548451125000000 48.100899146000003)","Unfall 149799 (2016) Kat:2, Licht: 2","149799","2","2","6","11","17","2","","2","0","1","1","0"
"POINT (11.640503782000000 48.148245133000003)","Unfall 149800 (2016) Kat:3, Licht: 0","149800","3","6","0","11","08","3","","0","0","1","0","0"
"POINT (11.524169780999999 48.133302747999998)","Unfall 149805 (2016) Kat:3, Licht: 0","149805","3","7","0","11","15","7","","0","0","0","0","1"
"POINT (11.650892267000000 48.112922734999998)","Unfall 149806 (2016) Kat:3, Licht: 0","149806","3","2","3","11","08","6","","0","1","1","0","0"
"POINT (11.601752566000000 48.116480654000000)","Unfall 149811 (2016) Kat:2, Licht: 2","149811","2","3","5","11","18","3","","2","1","1","0","0"
"POINT (11.581720686000001 48.117230186000000)","Unfall 149814 (2016) Kat:3, Licht: 0","149814","3","1","0","11","13","7","","0","1","0","0","0"
"POINT (11.546715021000001 48.130575377000000)","Unfall 149819 (2016) Kat:3, Licht: 0","149819","3","3","5","11","08","3","","0","1","0","0","0"
"POINT (11.585483672000001 48.155231229000002)","Unfall 149822 (2016) Kat:3, Licht: 2","149822","3","5","1","11","19","2","","2","1","1","0","0"
"POINT (11.574895754000000 48.158434309000000)","Unfall 149834 (2016) Kat:3, Licht: 0","149834","3","7","1","11","13","6","","0","1","1","0","0"
"POINT (11.507045316999999 48.177684665999998)","Unfall 149835 (2016) Kat:3, Licht: 2","149835","3","4","6","11","20","2","","2","1","0","1","0"
"POINT (11.504774613000000 48.133127790000003)","Unfall 149847 (2016) Kat:3, Licht: 2","149847","3","3","5","11","20","6","","2","1","1","0","0"
"POINT (11.589574409000001 48.131750566000001)","Unfall 149848 (2016) Kat:3, Licht: 0","149848","3","2","5","11","08","2","","0","1","1","0","0"
"POINT (11.593016468000000 48.112455511999997)","Unfall 149850 (2016) Kat:2, Licht: 0","149850","2","2","3","11","14","3","","0","1","1","0","0"
"POINT (11.571756175999999 48.204990324999997)","Unfall 149853 (2016) Kat:3, Licht: 0","149853","3","3","5","11","08","5","","0","0","1","0","0"
"POINT (11.564235091000000 48.151125823000001)","Unfall 149854 (2016) Kat:3, Licht: 0","149854","3","3","5","11","13","7","","0","0","1","1","0"
"POINT (11.560157649000001 48.144821288000003)","Unfall 149856 (2016) Kat:3, Licht: 2","149856","3","7","0","11","17","1","","2","0","1","0","0"
"POINT (11.503160961000001 48.139516581000002)","Unfall 149858 (2016) Kat:2, Licht: 1","149858","2","3","6","11","16","6","","1","0","0","1","0"
"POINT (11.466828623000000 48.154084095999998)","Unfall 149861 (2016) Kat:3, Licht: 0","149861","3","2","3","11","12","3","","0","1","0","0","0"
"POINT (11.601240810000000 48.140470012000002)","Unfall 149872 (2016) Kat:3, Licht: 2","149872","3","6","2","11","20","3","","2","0","1","0","1"
"POINT (11.584253649000001 48.192718837999998)","Unfall 149883 (2016) Kat:3, Licht: 0","149883","3","3","5","11","08","6","","0","1","1","0","0"
"POINT (11.504996216000000 48.126117354999998)","Unfall 149884 (2016) Kat:3, Licht: 2","149884","3","6","2","11","19","2","","2","0","1","0","0"
"POINT (11.521168279999999 48.186219522000002)","Unfall 149885 (2016) Kat:3, Licht: 0","149885","3","2","4","11","16","3","","0","1","1","0","0"
"POINT (11.541102969000001 48.150936459999997)","Unfall 149888 (2016) Kat:3, Licht: 2","149888","3","2","5","11","18","6","","2","1","1","0","0"
"POINT (11.574738289000001 48.153296904000001)","Unfall 149889 (2016) Kat:1, Licht: 0","149889","1","3","5","11","10","2","","0","0","1","1","0"
"POINT (11.486572389000001 48.138929597000001)","Unfall 149896 (2016) Kat:3, Licht: 1","149896","3","6","2","11","16","1","","1","0","1","0","0"
"POINT (11.495034468000000 48.084187769000003)","Unfall 149898 (2016) Kat:3, Licht: 1","149898","3","3","5","11","17","6","","1","1","1","0","0"
"POINT (11.523554087999999 48.080583623999999)","Unfall 149901 (2016) Kat:3, Licht: 2","149901","3","3","5","11","16","3","","2","1","1","0","0"
"POINT (11.533870926000001 48.169230951999999)","Unfall 149907 (2016) Kat:2, Licht: 0","149907","2","4","6","11","08","5","","0","0","1","1","0"
"POINT (11.558143790999999 48.145521182000003)","Unfall 149908 (2016) Kat:3, Licht: 1","149908","3","2","4","11","15","6","","1","1","1","0","0"
"POINT (11.564532936999999 48.198618734000000)","Unfall 149911 (2016) Kat:3, Licht: 0","149911","3","3","0","11","15","3","","0","1","1","0","0"
"POINT (11.546137556000000 48.149937004000002)","Unfall 149919 (2016) Kat:3, Licht: 0","149919","3","7","1","11","09","7","","0","0","1","0","0"
"POINT (11.534218365999999 48.134962276000003)","Unfall 149924 (2016) Kat:3, Licht: 2","149924","3","3","5","11","22","3","","2","1","1","0","0"
"POINT (11.517020180999999 48.178277096999999)","Unfall 149927 (2016) Kat:3, Licht: 0","149927","3","4","0","11","15","2","","0","1","0","1","0"