WKT,Name,OBJECTID,UKATEGORIE,UTYP1,UART,UMONAT,USTUNDE,UWOCHENTAG,STRZUSTAND,ULICHTVERH,ISTRAD,ISTPKW,ISTFUSS,ISTKRAD
"POINT (11.562891922000000 48.149046611999999)","Unfall 150990 (2016) Kat:3, Licht: 0","150990","3","7","4","12","09","3","","0","1","0","0","0"
"POINT (11.586033643000000 48.169494647999997)","Unfall 150997 (2016) Kat:3, Licht: 2","150997","3","6","5","12","17","1","","2","0","1","0","0"
"POINT (11.573889848000000 48.120078294000002)","Unfall 151000 (2016) Kat:2, Licht: 0","151000","2","7","6","12","08","3","","0","1","0","1","0"
"POINT (11.689394446000000 48.138552865000001)","Unfall 151020 (2016) Kat:3, Licht: 2","151020","3","6","2","12","17","5","","2","0","1","0","0"
"POINT (11.534096945000000 48.110821840000000)","Unfall 151021 (2016) Kat:3, Licht: 2","151021","3","2","2","12","06","5","","2","0","1","0","0"
"POINT (11.578337263000000 48.111940961999998)","Unfall 151022 (2016) Kat:3, Licht: 0","151022","3","3","5","12","13","4","","0","0","1","0","0"
"POINT (11.574410418999999 48.127176745000000)","Unfall 151024 (2016) Kat:3, Licht: 2","151024","3","7","0","12","22","2","","2","0","1","1","0"
"POINT (11.581220267000001 48.167139947999999)","Unfall 151030 (2016) Kat:3, Licht: 0","151030","3","3","5","12","08","5","","0","0","1","0","0"
"POINT (11.605921546999999 48.104789246999999)","Unfall 151031 (2016) Kat:3, Licht: 0","151031","3","6","2","12","09","4","","0","0","1","0","0"
"POINT (11.591595060000000 48.141400687999997)","Unfall 151033 (2016) Kat:3, Licht: 2","151033","3","3","5","12","16","5","","2","1","1","0","0"
"POINT (11.539361383999999 48.151377701999998)","Unfall 151037 (2016) Kat:3, Licht: 1","151037","3","3","5","12","16","2","","1","1","1","0","0"
"POINT (11.584654291000000 48.157680444999997)","Unfall 151038 (2016) Kat:3, Licht: 2","151038","3","3","5","12","17","1","","2","0","1","0","0"
"POINT (11.658623627000001 48.101127859000002)","Unfall 151046 (2016) Kat:3, Licht: 2","151046","3","2","4","12","18","1","","2","0","1","0","0"
"POINT (11.475391961000000 48.181865956000003)","Unfall 151049 (2016) Kat:3, Licht: 0","151049","3","3","5","12","13","1","","0","1","1","0","0"
"POINT (11.529903508000000 48.182280990000002)","Unfall 151056 (2016) Kat:3, Licht: 2","151056","3","1","8","12","21","1","","2","0","1","0","0"
"POINT (11.516222411999999 48.153865625999998)","Unfall 151064 (2016) Kat:3, Licht: 2","151064","3","7","0","12","17","1","","2","1","0","0","0"
"POINT (11.528789625000000 48.129881263999998)","Unfall 151071 (2016) Kat:3, Licht: 2","151071","3","4","6","12","18","1","","2","0","1","1","0"
"POINT (11.533128076000001 48.154017113000002)","Unfall 151077 (2016) Kat:3, Licht: 0","151077","3","3","5","12","14","2","","0","0","1","0","0"
"POINT (11.534014378000000 48.169014978000000)","Unfall 151080 (2016) Kat:3, Licht: 0","151080","3","4","6","12","08","2","","0","0","1","1","0"
"POINT (11.549880091000000 48.136038311000000)","Unfall 151085 (2016) Kat:3, Licht: 2","151085","3","3","5","12","17","1","","2","1","1","0","0"
"POINT (11.590106030999999 48.166334102000000)","Unfall 151092 (2016) Kat:3, Licht: 0","151092","3","7","8","12","07","2","","0","0","1","0","0"
"POINT (11.586329416000000 48.192681125999997)","Unfall 151121 (2016) Kat:3, Licht: 0","151121","3","6","6","12","16","2","","0","1","0","1","0"
"POINT (11.501714808999999 48.139710674000000)","Unfall 151139 (2016) Kat:3, Licht: 0","151139","3","7","0","12","09","2","","0","1","0","0","0"
"POINT (11.532920129000001 48.169828297999999)","Unfall 151140 (2016) Kat:3, Licht: 0","151140","3","2","4","12","15","6","","0","0","1","0","0"
"POINT (11.503102191000000 48.137816151999999)","Unfall 151150 (2016) Kat:3, Licht: 0","151150","3","6","3","12","12","6","","0","0","1","0","0"
"POINT (11.553479284000000 48.154614733000003)","Unfall 151151 (2016) Kat:3, Licht: 0","151151","3","3","5","12","12","6","","0","1","0","0","0"
"POINT (11.497057428000000 48.137914453999997)","Unfall 151152 (2016) Kat:3, Licht: 2","151152","3","1","0","12","20","2","","2","1","0","0","0"
"POINT (11.616259101000001 48.113164128999998)","Unfall 151159 (2016) Kat:3, Licht: 2","151159","3","3","5","12","20","6","","2","0","1","0","0"
"POINT (11.588774268000000 48.117165493999998)","Unfall 151167 (2016) Kat:3, Licht: 0","151167","3","3","5","12","12","7","","0","1","1","0","0"
"POINT (11.566742296999999 48.140427621999997)","Unfall 151174 (2016) Kat:3, Licht: 2","151174","3","6","3","12","18","7","","2","0","1","0","0"
"POINT (11.576510431000001 48.157715744999997)","Unfall 151179 (2016) Kat:3, Licht: 0","151179","3","5","5","12","11","6","","0","0","1","0","0"
"POINT (11.594094256000000 48.170001347000003)","Unfall 151183 (2016) Kat:3, Licht: 2","151183","3","3","5","12","16","6","","2","1","1","0","0"
"POINT (11.558516058000000 48.161431393999997)","Unfall 151186 (2016) Kat:3, Licht: 1","151186","3","2","5","12","16","7","","1","0","1","0","0"
"POINT (11.576761286000000 48.166872212000001)","Unfall 151192 (2016) Kat:3, Licht: 0","151192","3","5","3","12","13","2","","0","1","1","0","0"
"POINT (11.573352699999999 48.135713862000003)","Unfall 151195 (2016) Kat:3, Licht: 0","151195","3","7","0","12","14","7","","0","0","1","1","0"
"POINT (11.573526658000000 48.133481533999998)","Unfall 151201 (2016) Kat:3, Licht: 2","151201","3","2","4","12","21","7","","2","0","1","0","0"
"POINT (11.461348444000000 48.147931372000002)","Unfall 151202 (2016) Kat:3, Licht: 0","151202","3","3","5","12","09","4","","0","1","0","0","0"
"POINT (11.640473868999999 48.147516918000001)","Unfall 151210 (2016) Kat:3, Licht: 0","151210","3","2","6","12","13","4","","0","0","1","1","0"
"POINT (11.636860684000000 48.098800298999997)","Unfall 151221 (2016) Kat:3, Licht: 0","151221","3","6","0","12","10","4","","0","0","1","0","1"
"POINT (11.583009855000000 48.098709128000003)","Unfall 151227 (2016) Kat:3, Licht: 0","151227","3","6","2","12","09","7","","0","0","1","0","0"
"POINT (11.565445360000000 48.138457297000002)","Unfall 151233 (2016) Kat:3, Licht: 0","151233","3","7","6","12","09","7","","0","1","0","1","0"
"POINT (11.562287837000000 48.212841087999998)","Unfall 151236 (2016) Kat:3, Licht: 0","151236","3","3","5","12","11","4","","0","0","1","0","0"
"POINT (11.507908885000001 48.164902480000002)","Unfall 151243 (2016) Kat:3, Licht: 0","151243","3","3","5","12","09","5","","0","1","1","0","0"
"POINT (11.525778657000000 48.078548822000002)","Unfall 151248 (2016) Kat:3, Licht: 0","151248","3","2","4","12","08","4","","0","1","1","0","0"
"POINT (11.657688009999999 48.163870068000001)","Unfall 151251 (2016) Kat:3, Licht: 0","151251","3","1","8","12","10","5","","0","0","1","0","0"
"POINT (11.575105771000000 48.160321887000002)","Unfall 151259 (2016) Kat:3, Licht: 0","151259","3","2","4","12","09","4","","0","1","1","0","0"
"POINT (11.518787332000000 48.117537843000001)","Unfall 151260 (2016) Kat:3, Licht: 2","151260","3","5","1","12","03","5","","2","1","1","0","0"
"POINT (11.520083101000001 48.150183628000001)","Unfall 151268 (2016) Kat:3, Licht: 2","151268","3","2","5","12","06","4","","2","1","1","0","0"
"POINT (11.507868397999999 48.164705236000003)","Unfall 151271 (2016) Kat:3, Licht: 2","151271","3","2","5","12","18","4","","2","1","1","0","0"
"POINT (11.574437293000001 48.163468620000003)","Unfall 151272 (2016) Kat:3, Licht: 0","151272","3","2","6","12","08","5","","0","1","0","1","0"
"POINT (11.553785292000001 48.154373026000002)","Unfall 151277 (2016) Kat:3, Licht: 2","151277","3","2","6","12","16","2","","2","0","1","1","0"
"POINT (11.565498599000000 48.190929781999998)","Unfall 151278 (2016) Kat:3, Licht: 2","151278","3","6","2","12","17","4","","2","0","1","0","0"
"POINT (11.565444710000000 48.150783975000003)","Unfall 151279 (2016) Kat:3, Licht: 1","151279","3","3","5","12","07","5","","1","1","1","0","0"
"POINT (11.546372514000000 48.162975994000000)","Unfall 151281 (2016) Kat:3, Licht: 0","151281","3","7","6","12","12","5","","0","0","1","1","0"
"POINT (11.502404234000000 48.111436462000000)","Unfall 151289 (2016) Kat:3, Licht: 0","151289","3","3","5","12","08","4","","0","1","1","0","0"
"POINT (11.543251151000000 48.133676819000002)","Unfall 151300 (2016) Kat:2, Licht: 2","151300","2","1","0","12","21","4","","2","0","0","0","1"
"POINT (11.572912208000000 48.177765938999997)","Unfall 151309 (2016) Kat:3, Licht: 2","151309","3","2","5","12","18","4","","2","1","1","0","0"
"POINT (11.517269082000000 48.167020436000001)","Unfall 151313 (2016) Kat:3, Licht: 0","151313","3","3","5","12","13","4","","0","0","0","0","1"
"POINT (11.563821077000000 48.204678973000000)","Unfall 151320 (2016) Kat:3, Licht: 2","151320","3","7","4","12","20","4","","2","0","1","0","0"
"POINT (11.628983862000000 48.160485950000002)","Unfall 151331 (2016) Kat:3, Licht: 2","151331","3","2","4","12","17","4","","2","0","1","0","0"
"POINT (11.579331098000001 48.129247165999999)","Unfall 151339 (2016) Kat:3, Licht: 0","151339","3","2","5","12","09","4","","0","1","1","0","0"
"POINT (11.577161198000001 48.165817687999997)","Unfall 151343 (2016) Kat:3, Licht: 2","151343","3","3","5","12","06","6","","2","0","1","0","0"
"POINT (11.481548802000001 48.141587059000003)","Unfall 151348 (2016) Kat:3, Licht: 0","151348","3","7","5","12","11","1","","0","0","1","0","0"
"POINT (11.569842755000000 48.141861417000001)","Unfall 151362 (2016) Kat:2, Licht: 2","151362","2","4","6","12","04","1","","2","0","1","1","0"
"POINT (11.502345010999999 48.116206566999999)","Unfall 151364 (2016) Kat:3, Licht: 0","151364","3","2","5","12","09","6","","0","0","1","0","1"
"POINT (11.554980923000000 48.144260265000000)","Unfall 151365 (2016) Kat:3, Licht: 0","151365","3","2","5","12","15","5","","0","1","1","0","0"
"POINT (11.508018966000000 48.152865439999999)","Unfall 151373 (2016) Kat:3, Licht: 0","151373","3","3","5","12","12","6","","0","1","1","0","0"
"POINT (11.548693792000000 48.124410445999999)","Unfall 151374 (2016) Kat:3, Licht: 2","151374","3","6","2","12","20","5","","2","0","1","0","0"
"POINT (11.538179249000001 48.154507283000001)","Unfall 151378 (2016) Kat:3, Licht: 0","151378","3","6","2","12","12","6","","0","0","1","0","0"
"POINT (11.589149052000000 48.137310954000000)","Unfall 151379 (2016) Kat:3, Licht: 0","151379","3","3","5","12","12","5","","0","0","1","0","0"
"POINT (11.661684090000000 48.115029655999997)","Unfall 151386 (2016) Kat:3, Licht: 0","151386","3","3","5","12","08","5","","0","1","1","0","0"
"POINT (11.649740422000001 48.112573871000002)","Unfall 151398 (2016) Kat:3, Licht: 0","151398","3","4","6","12","14","5","","0","0","1","1","0"
"POINT (11.574320087000000 48.135372345999997)","Unfall 151406 (2016) Kat:3, Licht: 2","151406","3","7","6","12","19","5","","2","0","1","1","0"
"POINT (11.581871513999999 48.134682118000001)","Unfall 151412 (2016) Kat:3, Licht: 0","151412","3","3","3","12","13","5","","0","1","1","0","0"
"POINT (11.544114261000001 48.122249629999999)","Unfall 151424 (2016) Kat:3, Licht: 0","151424","3","6","2","12","15","5","","0","0","1","0","0"
"POINT (11.474360264000000 48.107764965000001)","Unfall 151425 (2016) Kat:3, Licht: 0","151425","3","7","6","12","13","3","","0","0","1","1","0"
"POINT (11.561567069000001 48.151875840999999)","Unfall 151426 (2016) Kat:3, Licht: 0","151426","3","7","5","12","12","3","","0","1","1","0","0"
"POINT (11.582673321000000 48.134905467999999)","Unfall 151434 (2016) Kat:3, Licht: 0","151434","3","6","1","12","10","5","","0","0","1","0","0"
"POINT (11.556904203000000 48.095569955000002)","Unfall 151435 (2016) Kat:3, Licht: 0","151435","3","7","1","12","15","3","","0","0","1","0","0"
"POINT (11.493431188000001 48.143806163999997)","Unfall 151440 (2016) Kat:3, Licht: 2","151440","3","6","2","12","21","2","","2","0","1","0","0"
"POINT (11.523463424999999 48.099152076000003)","Unfall 151444 (2016) Kat:3, Licht: 0","151444","3","6","2","12","11","2","","0","0","1","0","0"
"POINT (11.668161857999999 48.123145973000000)","Unfall 151448 (2016) Kat:3, Licht: 0","151448","3","2","6","12","15","3","","0","0","1","1","0"
"POINT (11.461342551000000 48.146745807999999)","Unfall 151466 (2016) Kat:3, Licht: 0","151466","3","2","6","12","11","3","","0","0","0","1","0"
"POINT (11.481259030000000 48.094155932000000)","Unfall 151482 (2016) Kat:3, Licht: 0","151482","3","4","6","12","14","3","","0","0","0","1","0"
"POINT (11.579204559000001 48.129352820000001)","Unfall 151483 (2016) Kat:3, Licht: 2","151483","3","3","5","12","18","3","","2","1","1","0","0"
"POINT (11.523147678999999 48.106253572999996)","Unfall 151490 (2016) Kat:3, Licht: 0","151490","3","3","5","12","16","3","","0","1","1","0","0"
"POINT (11.562891922000000 48.149046611999999)","Unfall 151493 (2016) Kat:3, Licht: 0","151493","3","2","3","12","12","3","","0","1","1","0","0"
"POINT (11.602329376000000 48.123736166000000)","Unfall 151495 (2016) Kat:3, Licht: 0","151495","3","7","0","12","08","4","","0","1","0","0","0"
"POINT (11.687512254000000 48.140623726999998)","Unfall 151502 (2016) Kat:2, Licht: 0","151502","2","6","3","12","12","4","","0","0","1","0","1"
"POINT (11.555898658000000 48.137420204000001)","Unfall 151510 (2016) Kat:3, Licht: 2","151510","3","3","5","12","17","7","","2","0","1","0","0"
"POINT (11.526318058999999 48.182008963000001)","Unfall 151517 (2016) Kat:3, Licht: 2","151517","3","4","6","12","18","4","","2","1","0","1","0"
"POINT (11.502994874000001 48.126043226000000)","Unfall 151519 (2016) Kat:3, Licht: 0","151519","3","6","2","12","09","7","","0","0","1","0","0"
"POINT (11.582279657000001 48.135073359000003)","Unfall 151524 (2016) Kat:3, Licht: 0","151524","3","3","5","12","14","4","","0","1","0","0","0"
"POINT (11.597366969999999 48.149716134999998)","Unfall 151530 (2016) Kat:3, Licht: 1","151530","3","2","0","12","07","4","","1","1","0","0","0"
"POINT (11.624308115000000 48.153919391999999)","Unfall 151533 (2016) Kat:2, Licht: 2","151533","2","4","6","12","17","4","","2","1","0","1","0"
"POINT (11.498240436000000 48.094997323999998)","Unfall 151535 (2016) Kat:3, Licht: 0","151535","3","2","6","12","08","7","","0","0","1","1","0"
"POINT (11.588387113000000 48.131688726999997)","Unfall 151542 (2016) Kat:2, Licht: 0","151542","2","2","3","12","15","4","","0","1","1","0","0"
"POINT (11.657563407000000 48.110725260000002)","Unfall 151553 (2016) Kat:2, Licht: 2","151553","2","7","0","12","20","4","","2","0","0","0","1"
"POINT (11.502652074000000 48.121987023000003)","Unfall 151562 (2016) Kat:3, Licht: 0","151562","3","7","3","12","14","4","","0","0","1","1","0"
"POINT (11.602498367999999 48.135738359000001)","Unfall 151564 (2016) Kat:3, Licht: 0","151564","3","2","3","12","16","7","","0","0","1","0","0"
"POINT (11.506996308000000 48.094336810000001)","Unfall 151573 (2016) Kat:3, Licht: 0","151573","3","2","3","12","12","7","","0","1","1","0","0"
"POINT (11.586394396999999 48.164199342000003)","Unfall 151576 (2016) Kat:3, Licht: 0","151576","3","7","6","12","09","7","","0","0","1","1","0"
"POINT (11.598737387000000 48.141073546000001)","Unfall 151578 (2016) Kat:3, Licht: 0","151578","3","3","5","12","14","7","","0","1","1","0","0"
"POINT (11.568385340000001 48.136276826000000)","Unfall 151579 (2016) Kat:3, Licht: 2","151579","3","3","5","12","03","7","","2","0","1","0","0"
"POINT (11.555950620999999 48.138985929999997)","Unfall 151580 (2016) Kat:3, Licht: 0","151580","3","6","2","12","15","5","","0","0","1","0","0"
"POINT (11.496231408000000 48.130303273000003)","Unfall 151582 (2016) Kat:3, Licht: 0","151582","3","3","5","12","14","7","","0","0","1","0","0"
"POINT (11.654624229000000 48.122242765000003)","Unfall 151591 (2016) Kat:3, Licht: 2","151591","3","7","0","12","06","4","","2","1","0","0","0"
"POINT (11.502264930000001 48.112262450999999)","Unfall 151593 (2016) Kat:3, Licht: 0","151593","3","6","2","12","11","4","","0","0","1","0","0"
"POINT (11.599688979000000 48.125145435999997)","Unfall 151598 (2016) Kat:3, Licht: 2","151598","3","4","6","12","22","4","","2","0","1","1","0"
"POINT (11.468646846000000 48.145601149999997)","Unfall 151601 (2016) Kat:3, Licht: 0","151601","3","6","6","12","13","5","","0","1","0","1","0"
"POINT (11.539925866000001 48.212757744000001)","Unfall 151622 (2016) Kat:3, Licht: 2","151622","3","7","0","12","20","5","","2","1","0","0","0"
"POINT (11.520137097999999 48.146536572999999)","Unfall 151640 (2016) Kat:3, Licht: 0","151640","3","7","4","12","10","6","","0","1","0","0","0"
"POINT (11.456772580000001 48.165224516999999)","Unfall 151642 (2016) Kat:3, Licht: 2","151642","3","6","2","12","18","5","","2","0","1","0","1"
"POINT (11.601510412000000 48.103723199999997)","Unfall 151644 (2016) Kat:2, Licht: 0","151644","2","3","5","12","09","6","","0","0","1","0","0"
"POINT (11.605183508000000 48.104570807999998)","Unfall 151645 (2016) Kat:3, Licht: 2","151645","3","2","4","12","18","6","","2","0","1","0","0"
"POINT (11.623449055000000 48.151795479999997)","Unfall 151652 (2016) Kat:3, Licht: 0","151652","3","7","6","12","12","3","","0","0","1","1","0"
"POINT (11.448376424999999 48.158678430000002)","Unfall 151654 (2016) Kat:3, Licht: 2","151654","3","3","5","12","21","3","","2","0","1","0","0"
"POINT (11.565080470000000 48.204739977000003)","Unfall 151657 (2016) Kat:3, Licht: 1","151657","3","4","6","12","16","3","","1","0","1","1","0"
"POINT (11.598789683000000 48.140979244999997)","Unfall 151659 (2016) Kat:3, Licht: 0","151659","3","6","2","12","16","3","","0","0","1","0","0"
"POINT (11.513478795999999 48.177586632999997)","Unfall 151662 (2016) Kat:2, Licht: 2","151662","2","7","0","12","18","5","","2","1","0","0","0"
"POINT (11.564727239000000 48.137427049999999)","Unfall 151664 (2016) Kat:3, Licht: 2","151664","3","3","5","12","16","3","","2","0","1","0","0"
"POINT (11.620695124000065 48.203738076000036)","Unfall 71070 (2017) Kat:2, Licht: 2","71070","2","1","8","01","21","4","1","2","0","1","0","0"
"POINT (11.541334580000068 48.100601666000045)","Unfall 71081 (2017) Kat:3, Licht: 2","71081","3","6","2","01","16","3","2","2","0","1","0","0"
"POINT (11.521970848000024 48.189826652000079)","Unfall 71140 (2017) Kat:3, Licht: 2","71140","3","2","4","01","19","2","1","2","0","1","0","0"
"POINT (11.537429227000075 48.159806994000064)","Unfall 71141 (2017) Kat:2, Licht: 2","71141","2","7","0","01","17","2","2","2","1","0","0","0"
"POINT (11.407619572000044 48.127764367000054)","Unfall 71290 (2017) Kat:3, Licht: 2","71290","3","1","9","01","20","1","1","2","0","1","0","0"
"POINT (11.509127193000040 48.106121363000057)","Unfall 71380 (2017) Kat:3, Licht: 1","71380","3","6","0","01","17","2","1","1","0","1","0","0"
"POINT (11.619439660000069 48.107678498000041)","Unfall 71393 (2017) Kat:3, Licht: 2","71393","3","6","4","01","07","1","1","2","0","1","0","0"
"POINT (11.517973017000031 48.141446013000063)","Unfall 71432 (2017) Kat:3, Licht: 2","71432","3","6","2","01","16","7","1","2","0","1","0","0"
"POINT (11.671540664000077 48.119636886000080)","Unfall 71434 (2017) Kat:2, Licht: 0","71434","2","6","2","01","11","7","2","0","0","1","0","0"
"POINT (11.471395688000030 48.123771807000026)","Unfall 71513 (2017) Kat:3, Licht: 0","71513","3","6","0","01","11","6","0","0","0","1","0","0"
"POINT (11.428565729000070 48.204526058000056)","Unfall 71585 (2017) Kat:3, Licht: 2","71585","3","1","9","01","23","5","0","2","0","1","0","0"
"POINT (11.624730698000064 48.091538916000047)","Unfall 71588 (2017) Kat:3, Licht: 2","71588","3","1","9","01","18","4","2","2","0","1","0","0"
"POINT (11.530340473000024 48.082143447000078)","Unfall 71589 (2017) Kat:2, Licht: 0","71589","2","3","5","01","13","4","1","0","1","1","0","0"
"POINT (11.491159322000044 48.144264726000074)","Unfall 71591 (2017) Kat:3, Licht: 2","71591","3","3","5","01","22","4","2","2","0","1","0","0"
"POINT (11.706839887000058 48.112004121000041)","Unfall 71592 (2017) Kat:3, Licht: 0","71592","3","6","2","01","16","4","1","0","0","1","0","0"
"POINT (11.639675209000075 48.215362179000067)","Unfall 71696 (2017) Kat:3, Licht: 0","71696","3","7","0","01","12","7","1","0","0","1","0","0"
"POINT (11.551757244000044 48.185959476000050)","Unfall 71701 (2017) Kat:3, Licht: 2","71701","3","2","4","01","18","6","1","2","0","1","0","0"
"POINT (11.651626747000023 48.104624336000029)","Unfall 71782 (2017) Kat:3, Licht: 2","71782","3","2","5","01","06","5","1","2","0","1","0","0"
"POINT (11.597628963000034 48.107206317000077)","Unfall 71784 (2017) Kat:3, Licht: 1","71784","3","7","3","01","07","5","2","1","1","0","0","0"
"POINT (11.596082192000040 48.179130579000059)","Unfall 71846 (2017) Kat:3, Licht: 2","71846","3","6","2","01","18","5","1","2","0","1","0","0"
"POINT (11.614741803000072 48.138528685000040)","Unfall 71940 (2017) Kat:3, Licht: 2","71940","3","1","7","01","19","3","0","2","0","1","0","0"
"POINT (11.530824996000035 48.131181615000060)","Unfall 71941 (2017) Kat:3, Licht: 0","71941","3","7","5","01","11","3","1","0","0","1","0","0"
"POINT (11.500406901000076 48.143434742000068)","Unfall 71943 (2017) Kat:3, Licht: 2","71943","3","6","3","01","19","3","1","2","0","1","0","0"
"POINT (11.548004222000031 48.176151918000073)","Unfall 71999 (2017) Kat:3, Licht: 0","71999","3","6","2","01","07","2","1","0","0","1","0","0"
"POINT (11.533539361000066 48.187104522000027)","Unfall 72000 (2017) Kat:3, Licht: 0","72000","3","2","3","01","13","2","1","0","0","0","0","0"
"POINT (11.614808534000076 48.186871281000037)","Unfall 72088 (2017) Kat:3, Licht: 0","72088","3","1","0","01","14","4","2","0","0","0","0","0"
"POINT (11.606399928000030 48.184505320000028)","Unfall 72089 (2017) Kat:1, Licht: 2","72089","1","7","6","01","03","4","1","2","0","0","1","0"
"POINT (11.485134505000076 48.211451764000060)","Unfall 72096 (2017) Kat:3, Licht: 2","72096","3","6","2","01","07","3","2","2","0","1","0","0"
"POINT (11.531162630000040 48.219988535000027)","Unfall 72097 (2017) Kat:2, Licht: 2","72097","2","4","6","01","05","3","1","2","0","1","0","0"
"POINT (11.651127691000056 48.104836107000040)","Unfall 72098 (2017) Kat:3, Licht: 0","72098","3","7","1","01","14","3","1","0","0","1","0","0"
"POINT (11.596885675000067 48.173592117000055)","Unfall 72163 (2017) Kat:3, Licht: 2","72163","3","6","3","01","18","2","1","2","0","1","0","0"
"POINT (11.634309264000024 48.127355004000037)","Unfall 72164 (2017) Kat:3, Licht: 2","72164","3","6","1","01","06","2","2","2","0","1","0","0"
"POINT (11.668621721000022 48.138355295000054)","Unfall 72251 (2017) Kat:3, Licht: 2","72251","3","6","2","01","01","2","2","2","0","1","0","0"
"POINT (11.519658525000068 48.109805534000031)","Unfall 72255 (2017) Kat:3, Licht: 2","72255","3","5","1","01","21","1","2","2","0","1","0","1"
"POINT (11.610960336000062 48.109814590000042)","Unfall 72256 (2017) Kat:3, Licht: 0","72256","3","1","8","01","09","1","2","0","0","1","0","0"
"POINT (11.585482743000057 48.201166015000069)","Unfall 72257 (2017) Kat:2, Licht: 2","72257","2","4","6","01","20","1","1","2","0","1","1","0"
"POINT (11.604032633000031 48.108545812000045)","Unfall 72258 (2017) Kat:3, Licht: 2","72258","3","2","4","01","20","1","1","2","0","1","0","0"
"POINT (11.392207026000051 48.180858414000056)","Unfall 72259 (2017) Kat:2, Licht: 2","72259","2","1","8","01","04","1","2","2","0","1","0","0"
"POINT (11.581372474000034 48.105819229000076)","Unfall 72260 (2017) Kat:3, Licht: 2","72260","3","6","3","01","00","1","1","2","0","1","0","0"
"POINT (11.477425675000063 48.123699356000031)","Unfall 72286 (2017) Kat:3, Licht: 0","72286","3","7","2","01","08","5","0","0","0","1","0","0"
"POINT (11.533992320000038 48.110812612000075)","Unfall 72361 (2017) Kat:3, Licht: 0","72361","3","2","5","01","07","4","0","0","0","1","0","0"
"POINT (11.541147923000040 48.185366232000035)","Unfall 72366 (2017) Kat:3, Licht: 0","72366","3","6","2","01","08","4","1","0","0","1","0","0"
"POINT (11.467791831000056 48.209588777000079)","Unfall 72414 (2017) Kat:3, Licht: 0","72414","3","6","3","01","10","3","1","0","0","1","0","0"
"POINT (11.457647539000050 48.157648245000075)","Unfall 72425 (2017) Kat:3, Licht: 0","72425","3","3","8","01","09","2","2","0","0","1","0","0"
"POINT (11.487377054000035 48.085973609000064)","Unfall 72428 (2017) Kat:2, Licht: 0","72428","2","3","5","01","11","2","1","0","0","1","0","0"
"POINT (11.457676916000025 48.156530403000033)","Unfall 72485 (2017) Kat:3, Licht: 0","72485","3","6","1","01","16","3","1","0","0","1","0","0"
"POINT (11.614749439000036 48.138609887000030)","Unfall 72486 (2017) Kat:3, Licht: 2","72486","3","6","2","01","08","3","0","2","0","1","0","0"
"POINT (11.615131340000062 48.109590802000071)","Unfall 72514 (2017) Kat:3, Licht: 0","72514","3","6","1","01","07","2","0","0","0","1","0","0"
"POINT (11.491491510000060 48.201572095000074)","Unfall 72631 (2017) Kat:3, Licht: 0","72631","3","7","4","01","07","6","0","0","0","1","0","0"
"POINT (11.550687865000043 48.188059430000067)","Unfall 72632 (2017) Kat:3, Licht: 2","72632","3","6","1","01","18","6","1","2","0","1","0","0"
"POINT (11.488353500000073 48.205132745000071)","Unfall 72725 (2017) Kat:3, Licht: 0","72725","3","6","2","01","15","5","0","0","0","1","0","0"
"POINT (11.502936546000058 48.142969485000037)","Unfall 72726 (2017) Kat:3, Licht: 0","72726","3","3","5","01","07","5","0","0","0","1","0","0"
"POINT (11.569770990000052 48.104444300000068)","Unfall 72729 (2017) Kat:3, Licht: 0","72729","3","4","6","01","09","5","1","0","0","1","1","0"
"POINT (11.549416162000057 48.190681283000060)","Unfall 72810 (2017) Kat:2, Licht: 0","72810","2","4","6","01","16","1","0","0","0","1","1","0"
"POINT (11.516985510000040 48.115877397000077)","Unfall 72898 (2017) Kat:3, Licht: 2","72898","3","6","3","01","10","2","0","2","0","1","0","0"
"POINT (11.522241717000043 48.126321099000052)","Unfall 72939 (2017) Kat:3, Licht: 0","72939","3","6","2","01","12","6","0","0","0","1","0","0"
"POINT (11.423885686000062 48.142859159000068)","Unfall 72940 (2017) Kat:3, Licht: 0","72940","3","2","5","01","13","6","0","0","0","1","0","0"
"POINT (11.483370621000063 48.213878279000028)","Unfall 72941 (2017) Kat:3, Licht: 0","72941","3","1","8","01","15","6","2","0","0","1","0","0"
"POINT (11.461432951000063 48.207301771000061)","Unfall 72947 (2017) Kat:3, Licht: 0","72947","3","6","2","01","16","3","0","0","0","1","0","0"
"POINT (11.496089341000072 48.194202067000049)","Unfall 73018 (2017) Kat:3, Licht: 0","73018","3","6","2","01","15","2","1","0","0","1","0","0"
"POINT (11.410032122000075 48.164326373000051)","Unfall 73019 (2017) Kat:3, Licht: 2","73019","3","6","2","01","16","3","0","2","0","1","0","0"
"POINT (11.396530755000072 48.139249661000065)","Unfall 73089 (2017) Kat:3, Licht: 0","73089","3","6","2","01","13","6","0","0","0","1","0","0"
"POINT (11.485774679000031 48.208143231000065)","Unfall 73097 (2017) Kat:3, Licht: 0","73097","3","3","5","01","08","2","1","0","0","1","0","0"
"POINT (11.625093662000040 48.212545725000041)","Unfall 73105 (2017) Kat:3, Licht: 0","73105","3","6","1","01","14","6","0","0","0","1","0","0"
"POINT (11.614023083000063 48.190696764000052)","Unfall 73106 (2017) Kat:3, Licht: 1","73106","3","6","2","01","07","6","0","1","0","1","0","0"
"POINT (11.614531327000066 48.138295269000025)","Unfall 73132 (2017) Kat:3, Licht: 2","73132","3","7","8","01","10","2","0","2","0","1","0","0"