WKT,Name,OBJECTID,UKATEGORIE,UTYP1,UART,UMONAT,USTUNDE,UWOCHENTAG,STRZUSTAND,ULICHTVERH,ISTRAD,ISTPKW,ISTFUSS,ISTKRAD
"POINT (11.423800437000068 48.187103976000060)","Unfall 73133 (2017) Kat:3, Licht: 0","73133","3","6","2","01","08","3","1","0","0","1","0","0"
"POINT (11.645251351000070 48.092557781000039)","Unfall 73307 (2017) Kat:3, Licht: 2","73307","3","3","2","02","19","1","0","2","0","1","0","0"
"POINT (11.528878933000044 48.216591095000069)","Unfall 73359 (2017) Kat:3, Licht: 0","73359","3","6","1","02","07","4","0","0","0","1","0","0"
"POINT (11.484495355000035 48.210171822000063)","Unfall 73366 (2017) Kat:2, Licht: 0","73366","2","6","2","02","07","4","1","0","0","1","0","0"
"POINT (11.524357388000055 48.076260746000059)","Unfall 73377 (2017) Kat:3, Licht: 2","73377","3","6","1","02","22","4","0","2","0","1","0","0"
"POINT (11.602124307000054 48.158781292000072)","Unfall 73378 (2017) Kat:3, Licht: 2","73378","3","6","2","02","06","4","0","2","0","1","0","0"
"POINT (11.644688011000028 48.126034517000051)","Unfall 73382 (2017) Kat:3, Licht: 2","73382","3","2","4","02","19","7","1","2","0","1","0","0"
"POINT (11.664696858000070 48.121345446000078)","Unfall 73383 (2017) Kat:3, Licht: 0","73383","3","2","5","02","11","7","1","0","1","1","0","0"
"POINT (11.457023193000055 48.153060427000071)","Unfall 73384 (2017) Kat:2, Licht: 2","73384","2","2","4","02","18","7","1","2","0","1","1","0"
"POINT (11.518432626000049 48.121071079000046)","Unfall 73482 (2017) Kat:3, Licht: 2","73482","3","6","3","02","18","6","0","2","0","1","0","0"
"POINT (11.538469214000031 48.204159539000045)","Unfall 73505 (2017) Kat:3, Licht: 0","73505","3","4","6","02","14","3","0","0","0","1","1","0"
"POINT (11.408379672000024 48.197154134000073)","Unfall 73554 (2017) Kat:3, Licht: 2","73554","3","6","2","02","22","6","1","2","0","1","0","0"
"POINT (11.695147153000050 48.115637747000051)","Unfall 73565 (2017) Kat:3, Licht: 0","73565","3","3","5","02","15","5","0","0","0","1","0","0"
"POINT (11.616215849000071 48.113203023000040)","Unfall 73566 (2017) Kat:3, Licht: 2","73566","3","3","5","02","21","5","1","2","0","1","0","0"
"POINT (11.584345678000034 48.187723005000066)","Unfall 73569 (2017) Kat:3, Licht: 0","73569","3","6","2","02","15","5","1","0","0","1","0","0"
"POINT (11.566929727000058 48.112781992000066)","Unfall 73570 (2017) Kat:3, Licht: 0","73570","3","6","2","02","08","5","1","0","0","1","0","0"
"POINT (11.432712787000071 48.181467390000080)","Unfall 73623 (2017) Kat:3, Licht: 0","73623","3","6","2","02","12","3","0","0","0","1","0","0"
"POINT (11.532121934000031 48.110310899000069)","Unfall 73668 (2017) Kat:3, Licht: 2","73668","3","6","2","02","17","4","0","2","0","1","0","0"
"POINT (11.704603784000028 48.112312784000039)","Unfall 73669 (2017) Kat:2, Licht: 0","73669","2","2","5","02","13","4","0","0","0","1","0","0"
"POINT (11.411680386000057 48.141131643000051)","Unfall 73670 (2017) Kat:3, Licht: 2","73670","3","2","4","02","22","4","1","2","0","1","0","0"
"POINT (11.599662349000027 48.107622657000036)","Unfall 73671 (2017) Kat:3, Licht: 2","73671","3","2","5","02","17","4","1","2","0","1","0","0"
"POINT (11.508616504000031 48.105863753000051)","Unfall 73717 (2017) Kat:2, Licht: 0","73717","2","6","2","02","08","4","1","0","0","1","0","0"
"POINT (11.553186966000055 48.183878592000042)","Unfall 73751 (2017) Kat:3, Licht: 0","73751","3","6","1","01","08","3","1","0","0","1","0","0"
"POINT (11.586620070000038 48.097176631000082)","Unfall 73752 (2017) Kat:3, Licht: 2","73752","3","6","3","01","17","3","1","2","0","1","0","0"
"POINT (11.709101867000072 48.111542875000055)","Unfall 73753 (2017) Kat:3, Licht: 2","73753","3","2","6","01","17","3","1","2","0","1","1","0"
"POINT (11.484810473000039 48.212538685000027)","Unfall 73754 (2017) Kat:3, Licht: 2","73754","3","6","2","01","17","3","1","2","0","1","0","0"
"POINT (11.439005008000038 48.203946915000074)","Unfall 73823 (2017) Kat:3, Licht: 2","73823","3","6","2","02","19","4","0","2","0","1","0","0"
"POINT (11.616198324000038 48.194685549000042)","Unfall 73830 (2017) Kat:3, Licht: 2","73830","3","6","2","02","20","4","0","2","0","1","0","0"
"POINT (11.585234685000046 48.199987138000040)","Unfall 73836 (2017) Kat:3, Licht: 0","73836","3","6","2","02","16","3","0","0","0","1","0","0"
"POINT (11.435565544000042 48.150730919000068)","Unfall 73837 (2017) Kat:3, Licht: 2","73837","3","2","3","02","18","3","0","2","1","1","0","0"
"POINT (11.521688277000067 48.140940639000064)","Unfall 73839 (2017) Kat:3, Licht: 1","73839","3","6","3","02","17","3","0","1","1","0","0","0"
"POINT (11.428774897000039 48.183820531000038)","Unfall 73970 (2017) Kat:3, Licht: 0","73970","3","6","2","02","17","6","1","0","0","1","0","0"
"POINT (11.621277461000034 48.204816009000069)","Unfall 73971 (2017) Kat:3, Licht: 2","73971","3","6","3","02","17","6","1","2","0","1","0","0"
"POINT (11.487373156000046 48.209231910000028)","Unfall 73972 (2017) Kat:3, Licht: 0","73972","3","6","3","02","15","6","0","0","0","1","0","0"
"POINT (11.637740311000073 48.216422160000036)","Unfall 73978 (2017) Kat:3, Licht: 0","73978","3","6","1","02","09","6","1","0","0","0","0","0"
"POINT (11.634611873000040 48.127295262000075)","Unfall 73994 (2017) Kat:3, Licht: 2","73994","3","2","6","02","18","5","1","2","0","1","1","0"
"POINT (11.550196052000047 48.077135074000068)","Unfall 73997 (2017) Kat:2, Licht: 0","73997","2","4","6","02","12","5","0","0","0","1","1","0"
"POINT (11.449514052000040 48.146398562000059)","Unfall 74010 (2017) Kat:3, Licht: 0","74010","3","1","2","02","16","6","1","0","0","1","0","0"
"POINT (11.625987823000060 48.129307769000036)","Unfall 74042 (2017) Kat:2, Licht: 2","74042","2","5","2","02","18","6","1","2","0","1","0","0"
"POINT (11.565785904000052 48.112919479000027)","Unfall 74043 (2017) Kat:3, Licht: 0","74043","3","6","2","02","09","6","1","0","0","1","0","0"
"POINT (11.499014909000039 48.212712107000073)","Unfall 74054 (2017) Kat:3, Licht: 2","74054","3","6","2","02","18","2","0","2","0","1","0","0"
"POINT (11.441798337000023 48.145626195000034)","Unfall 74056 (2017) Kat:3, Licht: 2","74056","3","1","9","02","00","1","1","2","0","1","0","0"
"POINT (11.587096857000063 48.210516348000056)","Unfall 74057 (2017) Kat:3, Licht: 2","74057","3","3","5","02","03","1","0","2","0","1","0","0"
"POINT (11.630505348000042 48.169988897000053)","Unfall 74067 (2017) Kat:3, Licht: 0","74067","3","6","3","02","07","6","1","0","0","1","0","0"
"POINT (11.569829911000056 48.104509250000035)","Unfall 74100 (2017) Kat:3, Licht: 0","74100","3","7","0","02","09","7","0","0","0","1","0","0"
"POINT (11.584840216000032 48.177323241000067)","Unfall 74106 (2017) Kat:3, Licht: 0","74106","3","6","2","02","12","7","0","0","0","1","0","0"
"POINT (11.426442512000051 48.143205643000044)","Unfall 74110 (2017) Kat:3, Licht: 0","74110","3","6","2","02","14","7","0","0","0","1","0","0"
"POINT (11.615138446000060 48.112024526000027)","Unfall 74189 (2017) Kat:3, Licht: 2","74189","3","3","5","02","20","6","1","2","0","1","0","0"
"POINT (11.585269929000049 48.201046467000026)","Unfall 74190 (2017) Kat:3, Licht: 2","74190","3","2","5","02","23","6","1","2","0","1","0","0"
"POINT (11.628527264000070 48.219825944000036)","Unfall 74238 (2017) Kat:3, Licht: 2","74238","3","6","2","02","19","5","0","2","0","1","0","0"
"POINT (11.491946425000037 48.209897155000078)","Unfall 74240 (2017) Kat:3, Licht: 2","74240","3","6","9","02","19","5","0","2","0","1","0","0"
"POINT (11.597079264000058 48.162605381000049)","Unfall 74266 (2017) Kat:2, Licht: 2","74266","2","4","6","02","06","4","0","2","0","1","1","0"
"POINT (11.469647804000033 48.209704695000028)","Unfall 74276 (2017) Kat:3, Licht: 1","74276","3","6","3","02","06","6","0","1","0","1","0","0"
"POINT (11.392399823000062 48.146134586000073)","Unfall 74280 (2017) Kat:3, Licht: 2","74280","3","2","5","02","06","5","0","2","0","1","0","0"
"POINT (11.584462783000049 48.196968098000070)","Unfall 74281 (2017) Kat:3, Licht: 0","74281","3","6","2","02","07","5","0","0","0","1","0","0"
"POINT (11.585807538000040 48.098860571000046)","Unfall 74283 (2017) Kat:3, Licht: 0","74283","3","6","2","02","18","5","0","0","0","1","0","0"
"POINT (11.584346184000026 48.195708169000056)","Unfall 74337 (2017) Kat:3, Licht: 1","74337","3","7","0","02","19","4","0","1","0","0","0","0"
"POINT (11.584597981000059 48.184418709000056)","Unfall 74338 (2017) Kat:3, Licht: 2","74338","3","6","2","02","19","4","0","2","0","1","0","0"
"POINT (11.494102309000027 48.124601440000049)","Unfall 74377 (2017) Kat:3, Licht: 0","74377","3","6","2","02","07","4","0","0","0","1","0","0"
"POINT (11.486662059000025 48.207075461000045)","Unfall 74385 (2017) Kat:3, Licht: 0","74385","3","6","2","02","16","3","1","0","0","1","0","0"
"POINT (11.518886442000053 48.141363019000039)","Unfall 74387 (2017) Kat:3, Licht: 0","74387","3","7","2","02","14","3","1","0","0","1","0","0"
"POINT (11.496861511000077 48.143696712000065)","Unfall 74388 (2017) Kat:2, Licht: 2","74388","2","2","4","02","18","3","1","2","0","1","0","0"
"POINT (11.555148728000063 48.112063126000066)","Unfall 74506 (2017) Kat:3, Licht: 2","74506","3","2","5","02","18","1","0","2","1","1","0","0"
"POINT (11.437886724000066 48.177624431000027)","Unfall 74540 (2017) Kat:3, Licht: 2","74540","3","6","3","02","00","1","0","2","0","1","0","0"
"POINT (11.534251339000036 48.135872648000031)","Unfall 74612 (2017) Kat:2, Licht: 2","74612","2","6","3","02","10","2","0","2","0","1","0","0"
"POINT (11.420586676000028 48.171265211000048)","Unfall 74665 (2017) Kat:2, Licht: 0","74665","2","6","2","02","12","2","0","0","0","1","0","0"
"POINT (11.648851140000033 48.100063582000075)","Unfall 74671 (2017) Kat:3, Licht: 2","74671","3","6","2","02","18","1","0","2","0","1","0","0"
"POINT (11.490974490000042 48.202009899000075)","Unfall 74706 (2017) Kat:3, Licht: 0","74706","3","6","1","02","16","7","0","0","0","1","0","0"
"POINT (11.662102836000031 48.122338015000025)","Unfall 74707 (2017) Kat:3, Licht: 0","74707","3","7","0","02","17","7","0","0","1","0","0","0"
"POINT (11.394880210000053 48.142570494000040)","Unfall 74757 (2017) Kat:3, Licht: 0","74757","3","6","2","02","13","7","0","0","0","1","0","0"
"POINT (11.614460740000027 48.191549795000071)","Unfall 74760 (2017) Kat:3, Licht: 2","74760","3","6","3","02","18","7","0","2","0","1","0","0"
"POINT (11.619784008000067 48.202331142000048)","Unfall 74761 (2017) Kat:3, Licht: 0","74761","3","6","2","02","14","7","0","0","0","1","0","0"
"POINT (11.530630464000069 48.187269623000077)","Unfall 74762 (2017) Kat:3, Licht: 0","74762","3","6","9","02","07","6","0","0","0","1","0","0"
"POINT (11.485068450000028 48.210258699000065)","Unfall 74764 (2017) Kat:2, Licht: 0","74764","2","3","4","02","13","6","1","0","0","1","0","0"
"POINT (11.545043779000025 48.111787763000052)","Unfall 74768 (2017) Kat:3, Licht: 2","74768","3","6","5","02","15","6","0","2","0","1","0","0"
"POINT (11.394060670000044 48.144386245000078)","Unfall 74828 (2017) Kat:3, Licht: 0","74828","3","1","9","02","13","6","1","0","0","1","0","0"
"POINT (11.584737562000043 48.184267560000080)","Unfall 74914 (2017) Kat:3, Licht: 0","74914","3","7","5","03","17","1","0","0","0","1","0","1"
"POINT (11.704593861000035 48.112447733000067)","Unfall 74933 (2017) Kat:3, Licht: 0","74933","3","2","5","03","17","7","0","0","0","1","0","0"
"POINT (11.689096436000057 48.117914406000068)","Unfall 75007 (2017) Kat:3, Licht: 0","75007","3","6","2","03","14","6","0","0","0","1","0","0"
"POINT (11.604283076000058 48.179887148000034)","Unfall 75009 (2017) Kat:3, Licht: 0","75009","3","6","3","03","14","6","0","0","0","1","0","0"
"POINT (11.569976742000051 48.104666110000039)","Unfall 75080 (2017) Kat:3, Licht: 2","75080","3","2","5","03","17","5","0","2","0","1","0","0"
"POINT (11.616463994000071 48.133387478000031)","Unfall 75145 (2017) Kat:3, Licht: 2","75145","3","4","6","03","19","4","0","2","1","0","1","0"
"POINT (11.617545883000048 48.114866886000073)","Unfall 75211 (2017) Kat:3, Licht: 1","75211","3","3","5","02","06","3","0","1","1","1","0","0"
"POINT (11.668936981000058 48.088095988000077)","Unfall 75212 (2017) Kat:3, Licht: 1","75212","3","3","5","02","18","3","1","1","1","1","0","0"
"POINT (11.614601555000036 48.107373150000058)","Unfall 75227 (2017) Kat:3, Licht: 2","75227","3","6","2","03","19","7","0","2","0","1","0","0"
"POINT (11.599443003000033 48.170226939000031)","Unfall 75237 (2017) Kat:3, Licht: 0","75237","3","6","3","03","16","6","0","0","0","1","0","1"
"POINT (11.490247639000074 48.144355480000058)","Unfall 75238 (2017) Kat:3, Licht: 0","75238","3","6","1","03","13","6","0","0","0","1","0","0"
"POINT (11.614386427000056 48.106474011000046)","Unfall 75298 (2017) Kat:3, Licht: 0","75298","3","6","8","03","15","6","0","0","0","1","0","0"
"POINT (11.632954935000043 48.219131440000069)","Unfall 75307 (2017) Kat:3, Licht: 0","75307","3","6","2","03","16","6","0","0","0","1","0","0"
"POINT (11.610980985000026 48.186006472000031)","Unfall 75315 (2017) Kat:3, Licht: 0","75315","3","2","5","03","15","5","1","0","0","1","0","0"
"POINT (11.573210176000032 48.111957136000058)","Unfall 75316 (2017) Kat:3, Licht: 2","75316","3","6","2","03","19","5","1","2","0","1","0","0"
"POINT (11.432904763000067 48.144108053000082)","Unfall 75318 (2017) Kat:3, Licht: 0","75318","3","6","2","03","16","5","1","0","0","1","0","0"
"POINT (11.540571097000054 48.186411613000075)","Unfall 75319 (2017) Kat:3, Licht: 0","75319","3","6","2","03","07","5","1","0","0","1","0","0"
"POINT (11.613546290000045 48.103835737000054)","Unfall 75402 (2017) Kat:3, Licht: 2","75402","3","1","9","03","06","5","1","2","0","1","0","0"
"POINT (11.518835345000070 48.141287481000063)","Unfall 75413 (2017) Kat:3, Licht: 2","75413","3","2","4","03","23","4","1","2","0","1","0","0"
"POINT (11.629676805000031 48.168570732000035)","Unfall 75415 (2017) Kat:3, Licht: 0","75415","3","6","2","03","15","4","0","0","0","1","0","0"
"POINT (11.503930219000040 48.192918816000031)","Unfall 75416 (2017) Kat:3, Licht: 0","75416","3","6","2","03","09","4","0","0","0","1","0","0"
"POINT (11.509923954000044 48.142382033000047)","Unfall 75417 (2017) Kat:3, Licht: 0","75417","3","6","2","03","12","4","0","0","0","1","0","0"
"POINT (11.585479154000041 48.177804228000070)","Unfall 75418 (2017) Kat:3, Licht: 0","75418","3","2","5","03","08","4","0","0","1","1","0","0"
"POINT (11.584437224000055 48.188148127000034)","Unfall 75420 (2017) Kat:3, Licht: 2","75420","3","4","0","03","17","4","1","2","0","0","1","1"
"POINT (11.618722813000034 48.108932475000074)","Unfall 75421 (2017) Kat:3, Licht: 0","75421","3","2","5","03","15","4","0","0","1","1","0","0"
"POINT (11.588846623000052 48.176892872000053)","Unfall 75467 (2017) Kat:3, Licht: 1","75467","3","6","2","03","17","3","0","1","0","1","0","0"
"POINT (11.451502105000031 48.133547591000081)","Unfall 75469 (2017) Kat:3, Licht: 0","75469","3","7","2","03","07","3","1","0","0","1","0","0"
"POINT (11.481711792000056 48.215374138000072)","Unfall 75470 (2017) Kat:3, Licht: 0","75470","3","6","3","03","11","3","1","0","0","1","0","0"
"POINT (11.630638997000062 48.128235056000051)","Unfall 75508 (2017) Kat:3, Licht: 0","75508","3","7","6","03","11","7","0","0","0","0","1","0"
"POINT (11.551757244000044 48.185959476000050)","Unfall 75535 (2017) Kat:3, Licht: 2","75535","3","2","4","03","23","7","0","2","0","1","0","0"
"POINT (11.578611336000051 48.109792291000076)","Unfall 75540 (2017) Kat:3, Licht: 2","75540","3","1","9","03","03","7","0","2","0","1","0","0"
"POINT (11.437442343000043 48.200806958000044)","Unfall 75541 (2017) Kat:3, Licht: 0","75541","3","6","2","03","12","3","0","0","0","1","0","0"
"POINT (11.539480654000045 48.112285611000061)","Unfall 75543 (2017) Kat:3, Licht: 0","75543","3","2","5","03","15","7","0","0","1","1","0","0"
"POINT (11.533905170000025 48.134748949000027)","Unfall 75546 (2017) Kat:3, Licht: 2","75546","3","5","1","03","16","2","0","2","0","1","0","0"
"POINT (11.545595499000058 48.111955899000066)","Unfall 75547 (2017) Kat:3, Licht: 2","75547","3","6","8","03","14","2","0","2","0","1","0","0"
"POINT (11.549201958000026 48.176265831000080)","Unfall 75548 (2017) Kat:3, Licht: 2","75548","3","6","2","03","20","2","0","2","0","1","0","0"
"POINT (11.491535463000048 48.112873442000080)","Unfall 75550 (2017) Kat:3, Licht: 2","75550","3","2","2","03","18","2","0","2","0","1","0","0"
"POINT (11.439681205000056 48.149550021000039)","Unfall 75551 (2017) Kat:3, Licht: 2","75551","3","1","9","03","01","7","0","2","0","1","0","0"
"POINT (11.585545320000051 48.201495044000069)","Unfall 75621 (2017) Kat:3, Licht: 0","75621","3","3","5","03","12","6","0","0","1","1","0","0"
"POINT (11.710955914000067 48.111103303000050)","Unfall 75622 (2017) Kat:3, Licht: 2","75622","3","4","6","03","18","6","1","2","1","0","1","0"
"POINT (11.654232875000048 48.124758719000056)","Unfall 75624 (2017) Kat:3, Licht: 2","75624","3","4","6","03","18","6","1","2","0","1","1","0"
"POINT (11.624293372000068 48.163363634000063)","Unfall 75627 (2017) Kat:3, Licht: 0","75627","3","2","4","03","08","6","1","0","0","1","0","0"
"POINT (11.500966254000048 48.125873133000027)","Unfall 75728 (2017) Kat:3, Licht: 0","75728","3","6","2","03","07","6","0","0","0","1","0","0"
"POINT (11.561747397000033 48.112800685000082)","Unfall 75736 (2017) Kat:3, Licht: 1","75736","3","6","3","03","18","5","0","1","0","1","0","0"
"POINT (11.554841965000037 48.086996682000063)","Unfall 75737 (2017) Kat:2, Licht: 0","75737","2","4","6","03","17","5","0","0","0","1","1","0"
"POINT (11.491310525000074 48.209759666000082)","Unfall 75816 (2017) Kat:3, Licht: 0","75816","3","6","3","03","16","2","0","0","0","1","0","0"
"POINT (11.607693707000067 48.227665063000074)","Unfall 75826 (2017) Kat:3, Licht: 0","75826","3","6","2","03","16","5","0","0","0","1","0","0"
"POINT (11.516856576000066 48.115679101000069)","Unfall 75833 (2017) Kat:3, Licht: 2","75833","3","6","2","03","16","4","0","2","0","1","0","1"
"POINT (11.614940731000047 48.129404833000081)","Unfall 75834 (2017) Kat:2, Licht: 2","75834","2","1","8","03","18","4","0","2","0","0","0","1"
"POINT (11.541060970000046 48.185917032000077)","Unfall 75835 (2017) Kat:3, Licht: 2","75835","3","6","2","03","19","4","0","2","0","1","0","0"
"POINT (11.513936518000037 48.113294384000028)","Unfall 75909 (2017) Kat:3, Licht: 0","75909","3","3","0","03","08","3","0","0","0","1","0","1"
"POINT (11.528218777000063 48.140361424000048)","Unfall 75910 (2017) Kat:3, Licht: 1","75910","3","3","5","03","18","3","0","1","1","1","0","0"
"POINT (11.653914526000051 48.124917546000063)","Unfall 75987 (2017) Kat:3, Licht: 0","75987","3","3","5","03","14","2","0","0","1","1","0","0"
"POINT (11.471971441000051 48.145423032000053)","Unfall 75988 (2017) Kat:3, Licht: 0","75988","3","2","5","03","11","2","0","0","0","1","0","1"
"POINT (11.541554965000046 48.175185814000031)","Unfall 75990 (2017) Kat:3, Licht: 0","75990","3","3","3","03","14","2","0","0","0","1","0","0"
"POINT (11.534001759000034 48.139878543000066)","Unfall 76032 (2017) Kat:3, Licht: 0","76032","3","2","5","03","08","2","1","0","1","1","0","0"
"POINT (11.478365560000043 48.123689415000058)","Unfall 76072 (2017) Kat:3, Licht: 0","76072","3","6","2","03","10","2","0","0","0","1","0","0"
"POINT (11.495400825000047 48.194517910000059)","Unfall 76085 (2017) Kat:3, Licht: 1","76085","3","6","2","03","18","2","0","1","0","1","0","0"
"POINT (11.561172204000059 48.176002788000062)","Unfall 76095 (2017) Kat:3, Licht: 1","76095","3","6","2","03","07","4","0","1","0","1","0","0"
"POINT (11.598698930000069 48.181647489000056)","Unfall 76096 (2017) Kat:3, Licht: 0","76096","3","6","1","03","15","5","0","0","0","1","0","0"
"POINT (11.563455082000075 48.095822736000059)","Unfall 76135 (2017) Kat:2, Licht: 2","76135","2","7","5","03","18","4","0","2","0","1","0","0"
"POINT (11.646485799000061 48.096362501000044)","Unfall 76150 (2017) Kat:3, Licht: 2","76150","3","2","5","03","20","4","0","2","0","1","0","0"
"POINT (11.401750808000031 48.157812251000053)","Unfall 76169 (2017) Kat:3, Licht: 0","76169","3","6","2","03","17","3","0","0","0","1","0","0"
"POINT (11.551897999000062 48.185750874000064)","Unfall 76231 (2017) Kat:2, Licht: 0","76231","2","6","2","03","12","4","1","0","0","1","0","0"
"POINT (11.471585009000023 48.115055067000071)","Unfall 76238 (2017) Kat:3, Licht: 0","76238","3","2","5","03","08","6","0","0","1","1","0","0"
"POINT (11.430399434000037 48.143750889000046)","Unfall 76240 (2017) Kat:3, Licht: 2","76240","3","7","8","03","04","6","0","2","0","1","0","0"
"POINT (11.585009874000036 48.178579574000025)","Unfall 76324 (2017) Kat:3, Licht: 0","76324","3","3","5","03","11","3","0","0","1","1","0","0"
"POINT (11.420586676000028 48.171265211000048)","Unfall 76350 (2017) Kat:3, Licht: 0","76350","3","6","2","03","17","6","0","0","0","1","0","0"
"POINT (11.616131344000053 48.194897923000042)","Unfall 76357 (2017) Kat:3, Licht: 0","76357","3","6","5","03","17","6","0","0","0","1","0","0"
"POINT (11.589153268000075 48.177002478000077)","Unfall 76363 (2017) Kat:3, Licht: 0","76363","3","6","2","03","15","7","0","0","0","1","0","0"
"POINT (11.503396801000065 48.143279363000033)","Unfall 76365 (2017) Kat:3, Licht: 2","76365","3","2","5","03","18","5","0","2","1","1","0","0"
"POINT (11.484955670000033 48.144866980000074)","Unfall 76367 (2017) Kat:3, Licht: 0","76367","3","6","3","03","15","5","0","0","0","1","0","1"
"POINT (11.534150799000031 48.139975876000051)","Unfall 76399 (2017) Kat:3, Licht: 0","76399","3","6","2","03","13","7","0","0","0","1","0","0"
"POINT (11.579639023000027 48.177567681000028)","Unfall 76408 (2017) Kat:3, Licht: 2","76408","3","6","2","03","17","7","0","2","0","1","0","0"
"POINT (11.616149570000061 48.112954037000065)","Unfall 76412 (2017) Kat:3, Licht: 0","76412","3","4","6","03","17","7","0","0","0","1","1","0"
"POINT (11.615703106000069 48.131055728000035)","Unfall 76468 (2017) Kat:3, Licht: 0","76468","3","2","5","03","14","4","0","0","1","0","0","0"
"POINT (11.501540523000074 48.112066801000026)","Unfall 76505 (2017) Kat:3, Licht: 0","76505","3","6","3","03","07","4","0","0","0","1","0","1"
"POINT (11.478196553000032 48.145219190000034)","Unfall 76507 (2017) Kat:2, Licht: 2","76507","2","7","3","03","20","4","0","2","0","1","0","0"
"POINT (11.610765479000065 48.185805433000041)","Unfall 76631 (2017) Kat:3, Licht: 0","76631","3","6","2","03","06","3","0","0","0","1","0","0"
"POINT (11.620090125000047 48.120341891000066)","Unfall 76633 (2017) Kat:3, Licht: 2","76633","3","3","5","03","23","3","0","2","0","1","0","0"
"POINT (11.534197156000062 48.187046875000078)","Unfall 76769 (2017) Kat:3, Licht: 0","76769","3","5","1","03","11","2","0","0","0","1","0","0"
"POINT (11.560441122000043 48.112626111000054)","Unfall 76792 (2017) Kat:3, Licht: 0","76792","3","6","1","03","18","5","0","0","0","1","0","0"
"POINT (11.533935725000049 48.187067708000029)","Unfall 76795 (2017) Kat:3, Licht: 0","76795","3","4","6","03","15","5","0","0","0","1","1","0"
"POINT (11.562087120000058 48.176084441000057)","Unfall 76803 (2017) Kat:3, Licht: 0","76803","3","6","2","03","15","5","0","0","0","1","0","0"
"POINT (11.517883546000064 48.141457946000060)","Unfall 76805 (2017) Kat:3, Licht: 0","76805","3","4","6","03","13","5","0","0","0","1","1","0"
"POINT (11.585702948000062 48.202323830000068)","Unfall 76810 (2017) Kat:3, Licht: 0","76810","3","3","5","03","17","5","0","0","1","1","0","0"
"POINT (11.614357008000070 48.111572693000028)","Unfall 76882 (2017) Kat:3, Licht: 0","76882","3","3","5","03","13","1","0","0","0","1","0","1"
"POINT (11.557064762000039 48.112358690000065)","Unfall 76884 (2017) Kat:3, Licht: 0","76884","3","6","2","03","18","1","0","0","0","1","0","0"
"POINT (11.647773106000045 48.098629311000082)","Unfall 76966 (2017) Kat:3, Licht: 0","76966","3","3","5","03","11","7","0","0","0","1","0","0"
"POINT (11.454972343000065 48.147065154000074)","Unfall 76967 (2017) Kat:3, Licht: 0","76967","3","2","2","03","11","7","0","0","0","1","0","0"
"POINT (11.599769814000069 48.107647850000035)","Unfall 76985 (2017) Kat:3, Licht: 0","76985","3","3","5","04","09","3","0","0","1","1","0","0"
"POINT (11.540467516000035 48.110623245000056)","Unfall 77095 (2017) Kat:3, Licht: 0","77095","3","6","2","04","18","5","1","0","0","1","0","0"
"POINT (11.620093782000026 48.120350145000032)","Unfall 77100 (2017) Kat:3, Licht: 0","77100","3","2","5","04","09","2","0","0","0","1","0","0"
"POINT (11.502367475000028 48.112155771000062)","Unfall 77109 (2017) Kat:3, Licht: 0","77109","3","7","4","04","19","2","1","0","0","1","0","0"
"POINT (11.534667321000029 48.086883947000047)","Unfall 77116 (2017) Kat:3, Licht: 0","77116","3","7","0","04","08","2","0","0","1","0","0","0"
"POINT (11.543187794000062 48.200514990000045)","Unfall 77142 (2017) Kat:3, Licht: 0","77142","3","7","0","04","13","6","0","0","0","0","0","0"
"POINT (11.647076934000040 48.085072274000026)","Unfall 77148 (2017) Kat:3, Licht: 0","77148","3","6","2","04","16","6","0","0","0","1","0","0"
"POINT (11.519366349000052 48.123852305000071)","Unfall 77238 (2017) Kat:3, Licht: 0","77238","3","6","2","04","18","2","1","0","0","1","0","0"
"POINT (11.644681488000060 48.126035427000033)","Unfall 77261 (2017) Kat:3, Licht: 0","77261","3","2","0","04","15","1","0","0","1","1","0","0"
"POINT (11.619339254000067 48.125850039000056)","Unfall 77265 (2017) Kat:2, Licht: 0","77265","2","1","0","04","16","1","0","0","1","0","0","0"
"POINT (11.597475963000022 48.167363109000064)","Unfall 77329 (2017) Kat:3, Licht: 0","77329","3","6","2","04","08","4","0","0","0","1","0","0"
"POINT (11.517079513000056 48.123778353000034)","Unfall 77366 (2017) Kat:3, Licht: 0","77366","3","6","2","04","13","1","0","0","0","1","0","0"
"POINT (11.689667214000053 48.117737399000077)","Unfall 77389 (2017) Kat:3, Licht: 2","77389","3","6","1","04","04","7","0","2","0","1","0","0"
"POINT (11.473779305000050 48.145363118000034)","Unfall 77528 (2017) Kat:3, Licht: 0","77528","3","6","3","03","11","6","0","0","0","1","0","0"
"POINT (11.688328800000022 48.117865153000025)","Unfall 77529 (2017) Kat:3, Licht: 0","77529","3","3","1","03","11","6","0","0","0","1","0","1"
"POINT (11.620335224000030 48.120627420000062)","Unfall 77531 (2017) Kat:3, Licht: 0","77531","3","6","2","03","12","6","0","0","0","1","0","0"
"POINT (11.541452505000052 48.096637243000032)","Unfall 77534 (2017) Kat:3, Licht: 0","77534","3","2","5","03","08","6","0","0","1","0","0","1"
"POINT (11.538576992000060 48.090858974000071)","Unfall 77554 (2017) Kat:3, Licht: 0","77554","3","6","2","04","14","3","0","0","0","1","0","0"
"POINT (11.597371850000059 48.173345055000027)","Unfall 77559 (2017) Kat:2, Licht: 0","77559","2","2","3","04","07","3","0","0","0","1","0","1"
"POINT (11.533867268000051 48.187005896000073)","Unfall 77563 (2017) Kat:3, Licht: 0","77563","3","2","5","04","16","3","1","0","1","1","0","0"
"POINT (11.453266889000076 48.146925055000054)","Unfall 77579 (2017) Kat:3, Licht: 2","77579","3","2","5","04","22","4","0","2","0","1","0","0"
"POINT (11.539452783000058 48.112824083000078)","Unfall 77661 (2017) Kat:3, Licht: 0","77661","3","2","4","04","09","2","0","0","0","1","0","0"