WKT,Name,OBJECTID,UKATEGORIE,UTYP1,UART,UMONAT,USTUNDE,UWOCHENTAG,STRZUSTAND,ULICHTVERH,ISTRAD,ISTPKW,ISTFUSS,ISTKRAD
"POINT (11.460499515000038 48.183375235000028)","Unfall 77663 (2017) Kat:3, Licht: 0","77663","3","6","1","04","18","2","0","0","0","1","0","0"
"POINT (11.528151018000074 48.140365792000068)","Unfall 77666 (2017) Kat:3, Licht: 0","77666","3","2","4","04","08","2","0","0","1","1","0","0"
"POINT (11.533751721000044 48.133164300000033)","Unfall 77667 (2017) Kat:3, Licht: 0","77667","3","2","5","04","08","2","0","0","1","1","0","0"
"POINT (11.596430044000044 48.106753358000049)","Unfall 77726 (2017) Kat:3, Licht: 0","77726","3","2","5","04","16","5","0","0","0","1","0","0"
"POINT (11.694174948000068 48.141615264000052)","Unfall 77733 (2017) Kat:3, Licht: 0","77733","3","6","3","04","16","6","0","0","0","1","0","0"
"POINT (11.677014075000045 48.119371716000046)","Unfall 77743 (2017) Kat:2, Licht: 0","77743","2","2","3","04","13","4","0","0","1","1","0","0"
"POINT (11.534037827000077 48.138896973000044)","Unfall 77759 (2017) Kat:2, Licht: 2","77759","2","4","6","04","21","1","1","2","0","1","1","0"
"POINT (11.528662784000062 48.215784177000046)","Unfall 77761 (2017) Kat:3, Licht: 0","77761","3","7","0","04","14","1","1","0","1","0","0","0"
"POINT (11.580023271000073 48.107434552000029)","Unfall 77861 (2017) Kat:3, Licht: 1","77861","3","2","3","04","19","4","0","1","1","0","0","0"
"POINT (11.584361202000025 48.188978621000047)","Unfall 77904 (2017) Kat:3, Licht: 0","77904","3","3","5","04","19","7","0","0","1","1","0","0"
"POINT (11.502370504000055 48.112065675000053)","Unfall 77905 (2017) Kat:3, Licht: 0","77905","3","2","5","04","18","7","1","0","0","1","0","0"
"POINT (11.541539191000027 48.186109335000026)","Unfall 77921 (2017) Kat:3, Licht: 2","77921","3","6","2","04","20","1","0","2","0","1","0","0"
"POINT (11.708219154000062 48.111593923000044)","Unfall 77922 (2017) Kat:3, Licht: 1","77922","3","5","1","04","19","1","0","1","0","1","0","0"
"POINT (11.573648092000042 48.108253046000073)","Unfall 78075 (2017) Kat:3, Licht: 0","78075","3","6","2","04","08","3","0","0","0","1","0","0"
"POINT (11.690786246000073 48.117605413000035)","Unfall 78084 (2017) Kat:3, Licht: 0","78084","3","6","3","04","18","3","0","0","0","1","0","0"
"POINT (11.630449815000077 48.223214735000056)","Unfall 78102 (2017) Kat:3, Licht: 0","78102","3","6","2","04","07","1","0","0","0","1","0","0"
"POINT (11.599697519000074 48.107630902000039)","Unfall 78107 (2017) Kat:3, Licht: 0","78107","3","3","0","04","14","7","0","0","0","1","0","1"
"POINT (11.645028128000035 48.126079495000056)","Unfall 78109 (2017) Kat:2, Licht: 0","78109","2","7","0","04","15","7","0","0","1","0","0","0"
"POINT (11.538562500000069 48.171075722000069)","Unfall 78110 (2017) Kat:3, Licht: 0","78110","3","6","1","04","11","6","0","0","0","1","0","0"
"POINT (11.714513957000065 48.110759650000034)","Unfall 78112 (2017) Kat:3, Licht: 0","78112","3","7","6","04","16","6","0","0","0","1","1","0"
"POINT (11.533197651000023 48.085415519000037)","Unfall 78139 (2017) Kat:3, Licht: 0","78139","3","3","5","04","08","4","0","0","1","1","0","0"
"POINT (11.557744162000063 48.112396595000064)","Unfall 78236 (2017) Kat:3, Licht: 0","78236","3","6","2","04","07","4","1","0","0","1","0","0"
"POINT (11.557803282000066 48.112401428000055)","Unfall 78237 (2017) Kat:3, Licht: 0","78237","3","6","2","04","07","4","1","0","0","0","0","0"
"POINT (11.584547071000031 48.185087008000039)","Unfall 78301 (2017) Kat:3, Licht: 0","78301","3","7","2","04","10","3","1","0","0","1","0","0"
"POINT (11.627317586000061 48.129109467000035)","Unfall 78302 (2017) Kat:2, Licht: 0","78302","2","7","0","04","15","3","0","0","1","0","0","0"
"POINT (11.651663512000027 48.104548551000050)","Unfall 78304 (2017) Kat:3, Licht: 1","78304","3","2","4","04","19","3","1","1","0","1","0","0"
"POINT (11.613755511000022 48.152898343000061)","Unfall 78305 (2017) Kat:3, Licht: 0","78305","3","6","2","04","16","3","0","0","0","1","0","0"
"POINT (11.457038459000046 48.205273701000067)","Unfall 78447 (2017) Kat:3, Licht: 0","78447","3","6","2","04","09","6","0","0","0","1","0","0"
"POINT (11.584983556000054 48.198667131000036)","Unfall 78455 (2017) Kat:3, Licht: 0","78455","3","6","2","04","14","5","0","0","0","1","0","0"
"POINT (11.569778394000025 48.104625963000046)","Unfall 78456 (2017) Kat:3, Licht: 0","78456","3","6","3","04","09","5","0","0","0","1","0","0"
"POINT (11.584222649000026 48.195778942000061)","Unfall 78559 (2017) Kat:3, Licht: 2","78559","3","2","5","04","22","3","1","2","0","1","0","0"
"POINT (11.594668530000035 48.174436487000037)","Unfall 78560 (2017) Kat:3, Licht: 0","78560","3","6","2","04","16","3","1","0","0","1","0","0"
"POINT (11.524500928000066 48.140663837000034)","Unfall 78561 (2017) Kat:2, Licht: 0","78561","2","2","6","04","15","3","1","0","0","0","1","0"
"POINT (11.517389243000025 48.124108502000070)","Unfall 78621 (2017) Kat:3, Licht: 0","78621","3","6","2","04","15","3","1","0","0","1","0","1"
"POINT (11.685227998000073 48.138764488000049)","Unfall 78623 (2017) Kat:3, Licht: 0","78623","3","6","2","04","08","3","0","0","0","1","0","0"
"POINT (11.458107054000038 48.198191988000076)","Unfall 78626 (2017) Kat:3, Licht: 0","78626","3","6","4","04","09","2","0","0","0","1","0","0"
"POINT (11.601771377000034 48.177443035000067)","Unfall 78627 (2017) Kat:3, Licht: 0","78627","3","7","5","04","15","2","1","0","1","1","0","0"
"POINT (11.502988428000037 48.143310284000052)","Unfall 78735 (2017) Kat:3, Licht: 2","78735","3","3","5","04","00","7","0","2","0","1","0","0"
"POINT (11.478935249000074 48.145196652000038)","Unfall 78736 (2017) Kat:3, Licht: 0","78736","3","6","2","04","17","7","0","0","0","1","0","0"
"POINT (11.580305970000040 48.106645252000078)","Unfall 78737 (2017) Kat:3, Licht: 0","78737","3","3","5","04","14","7","0","0","1","1","0","0"
"POINT (11.623322439000049 48.138182721000078)","Unfall 78738 (2017) Kat:3, Licht: 2","78738","3","1","9","04","01","7","0","2","0","1","0","0"
"POINT (11.615714128000036 48.154169486000058)","Unfall 78791 (2017) Kat:3, Licht: 0","78791","3","6","2","04","18","6","0","0","0","1","0","0"
"POINT (11.528142404000050 48.130341300000055)","Unfall 78793 (2017) Kat:3, Licht: 0","78793","3","3","5","04","14","6","0","0","0","1","0","0"
"POINT (11.393885263000072 48.145209054000077)","Unfall 78868 (2017) Kat:3, Licht: 2","78868","3","7","9","04","00","1","0","2","0","1","0","0"
"POINT (11.587087051000026 48.210467292000033)","Unfall 78939 (2017) Kat:3, Licht: 0","78939","3","2","3","04","17","6","1","0","1","1","0","0"
"POINT (11.570129943000040 48.177331725000045)","Unfall 78940 (2017) Kat:3, Licht: 0","78940","3","6","1","04","07","6","1","0","0","1","0","0"
"POINT (11.548103392000030 48.192765710000060)","Unfall 78942 (2017) Kat:3, Licht: 0","78942","3","6","2","04","18","6","1","0","0","1","0","0"
"POINT (11.605459309000025 48.108724235000068)","Unfall 78943 (2017) Kat:3, Licht: 0","78943","3","6","2","04","12","6","1","0","0","1","0","0"
"POINT (11.607332895000070 48.108935108000026)","Unfall 79034 (2017) Kat:3, Licht: 0","79034","3","6","2","04","09","5","1","0","0","1","0","0"
"POINT (11.703240297000036 48.112742307000076)","Unfall 79035 (2017) Kat:3, Licht: 0","79035","3","2","5","04","12","5","1","0","1","1","0","0"
"POINT (11.612069987000041 48.110260115000074)","Unfall 79036 (2017) Kat:3, Licht: 0","79036","3","6","2","04","14","5","1","0","0","1","0","0"
"POINT (11.551771748000021 48.185929622000060)","Unfall 79116 (2017) Kat:3, Licht: 2","79116","3","2","6","04","22","4","1","2","0","1","1","0"
"POINT (11.536831612000071 48.148428641000066)","Unfall 79118 (2017) Kat:3, Licht: 0","79118","3","6","3","04","14","4","0","0","0","1","0","0"
"POINT (11.599593231000028 48.107606454000063)","Unfall 79119 (2017) Kat:3, Licht: 0","79119","3","3","5","04","16","4","1","0","0","1","0","0"
"POINT (11.711332959000060 48.138222507000080)","Unfall 79228 (2017) Kat:3, Licht: 0","79228","3","3","5","05","07","4","0","0","1","1","0","0"
"POINT (11.486667880000027 48.207068660000061)","Unfall 79229 (2017) Kat:3, Licht: 0","79229","3","6","2","05","14","4","0","0","0","1","0","0"
"POINT (11.457609291000040 48.158097328000053)","Unfall 79230 (2017) Kat:3, Licht: 0","79230","3","6","2","05","16","4","0","0","0","1","0","0"
"POINT (11.517216039000061 48.110648723000054)","Unfall 79231 (2017) Kat:3, Licht: 0","79231","3","6","2","05","16","4","0","0","0","1","0","0"
"POINT (11.634611873000040 48.127295262000075)","Unfall 79232 (2017) Kat:3, Licht: 2","79232","3","3","5","05","00","4","0","2","0","1","0","0"
"POINT (11.474490135000053 48.209727131000079)","Unfall 79292 (2017) Kat:3, Licht: 0","79292","3","6","2","05","18","4","0","0","0","1","0","0"
"POINT (11.509480778000068 48.125189419000037)","Unfall 79293 (2017) Kat:3, Licht: 0","79293","3","6","2","05","09","4","0","0","0","1","0","0"
"POINT (11.451691886000049 48.204456377000042)","Unfall 79294 (2017) Kat:2, Licht: 0","79294","2","6","3","05","05","4","0","0","0","1","0","0"
"POINT (11.528038305000052 48.079768716000046)","Unfall 79309 (2017) Kat:3, Licht: 0","79309","3","3","5","05","12","3","0","0","1","1","0","0"
"POINT (11.479596818000061 48.088602949000062)","Unfall 79310 (2017) Kat:3, Licht: 0","79310","3","6","2","05","09","3","0","0","0","1","0","0"
"POINT (11.572390263000045 48.111915233000047)","Unfall 79311 (2017) Kat:3, Licht: 0","79311","3","6","2","05","07","3","1","0","0","1","0","0"
"POINT (11.530651871000032 48.131365324000058)","Unfall 79312 (2017) Kat:3, Licht: 0","79312","3","7","0","05","17","3","0","0","1","0","0","0"
"POINT (11.559140987000035 48.112550868000028)","Unfall 79313 (2017) Kat:3, Licht: 0","79313","3","6","2","05","10","3","0","0","0","1","0","0"
"POINT (11.614604509000060 48.139072667000050)","Unfall 79405 (2017) Kat:3, Licht: 0","79405","3","6","2","05","17","2","0","0","0","1","0","0"
"POINT (11.398119775000055 48.154569911000067)","Unfall 79444 (2017) Kat:3, Licht: 0","79444","3","6","2","05","14","6","0","0","0","1","0","0"
"POINT (11.498666957000069 48.143528996000043)","Unfall 79471 (2017) Kat:2, Licht: 0","79471","2","6","2","04","14","1","0","0","1","0","0","0"
"POINT (11.575149209000074 48.109678934000044)","Unfall 79472 (2017) Kat:3, Licht: 0","79472","3","1","8","04","08","1","0","0","0","1","0","0"
"POINT (11.503473268000050 48.143271850000076)","Unfall 79473 (2017) Kat:3, Licht: 0","79473","3","3","5","04","19","1","0","0","0","1","0","0"
"POINT (11.615100950000055 48.112135379000051)","Unfall 79475 (2017) Kat:3, Licht: 2","79475","3","3","5","04","21","1","0","2","0","1","0","0"
"POINT (11.597076901000037 48.166783798000040)","Unfall 79477 (2017) Kat:3, Licht: 2","79477","3","1","0","04","01","1","0","2","0","1","0","0"
"POINT (11.569915406000064 48.104767542000047)","Unfall 79485 (2017) Kat:3, Licht: 0","79485","3","6","2","05","17","5","0","0","0","1","0","0"
"POINT (11.528543811000077 48.129894516000036)","Unfall 79486 (2017) Kat:2, Licht: 0","79486","2","6","3","05","16","5","0","0","0","1","0","0"
"POINT (11.438350682000021 48.201806332000046)","Unfall 79552 (2017) Kat:3, Licht: 0","79552","3","1","9","05","16","3","0","0","0","1","0","0"
"POINT (11.630434648000062 48.220588787000054)","Unfall 79554 (2017) Kat:3, Licht: 0","79554","3","6","2","05","12","3","0","0","0","1","0","0"
"POINT (11.533651488000032 48.187094136000042)","Unfall 79559 (2017) Kat:3, Licht: 0","79559","3","2","5","05","17","2","1","0","0","1","0","0"
"POINT (11.529185322000046 48.110073555000042)","Unfall 79560 (2017) Kat:3, Licht: 2","79560","3","6","2","05","08","2","0","2","0","1","0","0"
"POINT (11.615116944000022 48.112147981000078)","Unfall 79561 (2017) Kat:3, Licht: 0","79561","3","3","5","05","09","2","1","0","0","1","0","0"
"POINT (11.474719550000032 48.145331756000076)","Unfall 79702 (2017) Kat:2, Licht: 0","79702","2","2","4","05","10","7","0","0","0","1","0","1"
"POINT (11.547507422000024 48.176287167000055)","Unfall 79703 (2017) Kat:3, Licht: 2","79703","3","6","0","05","22","7","0","2","0","1","0","0"
"POINT (11.610882132000029 48.185913855000081)","Unfall 79704 (2017) Kat:3, Licht: 0","79704","3","2","5","05","17","7","0","0","0","1","0","0"
"POINT (11.651443431000075 48.104542866000031)","Unfall 79824 (2017) Kat:3, Licht: 0","79824","3","6","2","05","08","3","1","0","0","1","0","0"
"POINT (11.534056511000074 48.187056833000042)","Unfall 79840 (2017) Kat:3, Licht: 0","79840","3","6","8","05","17","3","0","0","1","1","1","0"
"POINT (11.524262420000071 48.076186510000070)","Unfall 79845 (2017) Kat:3, Licht: 0","79845","3","6","2","05","13","6","0","0","0","1","0","0"
"POINT (11.462006452000026 48.149225038000054)","Unfall 79846 (2017) Kat:3, Licht: 0","79846","3","6","3","05","14","6","0","0","0","1","0","0"
"POINT (11.668959112000039 48.088087386000041)","Unfall 79849 (2017) Kat:3, Licht: 0","79849","3","3","5","05","12","6","1","0","0","1","0","0"
"POINT (11.598360089000039 48.161862474000031)","Unfall 79852 (2017) Kat:3, Licht: 0","79852","3","6","2","05","14","3","0","0","0","1","0","0"
"POINT (11.518457992000037 48.120818138000061)","Unfall 79854 (2017) Kat:3, Licht: 0","79854","3","6","2","05","08","3","0","0","0","1","0","0"
"POINT (11.412989625000023 48.194255298000030)","Unfall 79951 (2017) Kat:3, Licht: 0","79951","3","6","3","05","16","1","1","0","0","1","0","0"
"POINT (11.467791831000056 48.209588777000079)","Unfall 79952 (2017) Kat:3, Licht: 0","79952","3","6","2","05","10","1","0","0","0","1","0","0"
"POINT (11.596257730000048 48.179487884000025)","Unfall 79956 (2017) Kat:3, Licht: 1","79956","3","6","2","05","20","1","0","1","0","1","0","0"
"POINT (11.491728002000059 48.201300019000030)","Unfall 79961 (2017) Kat:3, Licht: 0","79961","3","6","2","05","15","7","0","0","0","1","0","0"
"POINT (11.479658601000040 48.124111169000059)","Unfall 79962 (2017) Kat:3, Licht: 0","79962","3","6","2","05","17","7","0","0","0","1","0","0"
"POINT (11.702302155000041 48.112822983000058)","Unfall 79964 (2017) Kat:3, Licht: 0","79964","3","6","2","05","10","7","0","0","0","1","0","1"
"POINT (11.591494384000043 48.174870318000046)","Unfall 80047 (2017) Kat:3, Licht: 0","80047","3","1","8","05","12","7","1","0","0","0","0","1"
"POINT (11.427086349000035 48.152744339000037)","Unfall 80052 (2017) Kat:3, Licht: 0","80052","3","3","5","05","09","6","0","0","1","0","0","0"
"POINT (11.537312311000051 48.158111402000031)","Unfall 80054 (2017) Kat:3, Licht: 0","80054","3","6","2","05","14","6","0","0","0","1","0","1"
"POINT (11.532018657000037 48.110189995000042)","Unfall 80058 (2017) Kat:3, Licht: 0","80058","3","6","2","05","13","6","0","0","0","1","0","0"
"POINT (11.414833863000069 48.129967774000079)","Unfall 80170 (2017) Kat:3, Licht: 0","80170","3","6","3","05","06","6","1","0","0","1","0","0"
"POINT (11.537224349000041 48.154927876000045)","Unfall 80184 (2017) Kat:3, Licht: 0","80184","3","1","9","05","13","5","0","0","0","0","0","1"
"POINT (11.536418616000049 48.146348780000039)","Unfall 80185 (2017) Kat:3, Licht: 0","80185","3","3","5","05","18","5","0","0","1","1","0","0"
"POINT (11.684995123000022 48.118203968000046)","Unfall 80238 (2017) Kat:3, Licht: 0","80238","3","1","0","05","14","1","1","0","1","0","0","0"
"POINT (11.624068461000036 48.195401379000032)","Unfall 80327 (2017) Kat:3, Licht: 0","80327","3","7","0","05","12","4","1","0","0","0","0","1"
"POINT (11.624891373000025 48.196694978000039)","Unfall 80330 (2017) Kat:3, Licht: 0","80330","3","6","2","05","18","4","0","0","0","1","0","0"
"POINT (11.456780267000056 48.152346297000065)","Unfall 80442 (2017) Kat:3, Licht: 0","80442","3","3","5","05","07","6","0","0","0","1","0","0"
"POINT (11.441995483000028 48.149119920000032)","Unfall 80491 (2017) Kat:3, Licht: 0","80491","3","3","5","05","08","4","0","0","1","1","0","0"
"POINT (11.585750744000052 48.203670090000060)","Unfall 80492 (2017) Kat:3, Licht: 0","80492","3","7","0","05","09","4","0","0","1","0","1","0"
"POINT (11.528926268000077 48.109960064000063)","Unfall 80496 (2017) Kat:3, Licht: 0","80496","3","6","2","05","18","4","0","0","0","1","0","0"
"POINT (11.498476177000043 48.100745401000040)","Unfall 80589 (2017) Kat:2, Licht: 0","80589","2","6","0","05","18","4","0","0","0","0","0","1"
"POINT (11.503904506000026 48.125849973000072)","Unfall 80642 (2017) Kat:3, Licht: 1","80642","3","6","2","05","19","4","0","1","0","1","0","0"
"POINT (11.558833567000022 48.175964894000060)","Unfall 80666 (2017) Kat:3, Licht: 0","80666","3","6","5","05","10","3","0","0","0","1","0","0"
"POINT (11.530085567000071 48.213306764000038)","Unfall 80668 (2017) Kat:3, Licht: 1","80668","3","3","5","05","19","3","0","1","0","1","0","0"
"POINT (11.661429876000057 48.090741449000063)","Unfall 80670 (2017) Kat:3, Licht: 0","80670","3","1","3","05","20","3","0","0","1","0","0","0"
"POINT (11.395162332000041 48.141975784000067)","Unfall 80710 (2017) Kat:3, Licht: 0","80710","3","6","2","05","17","6","0","0","0","1","0","0"
"POINT (11.678329259000066 48.119396453000036)","Unfall 80746 (2017) Kat:3, Licht: 0","80746","3","3","5","05","08","5","0","0","1","1","0","0"
"POINT (11.580339314000071 48.106955489000029)","Unfall 80837 (2017) Kat:3, Licht: 0","80837","3","3","5","05","17","2","0","0","1","1","0","0"
"POINT (11.685307032000026 48.118171892000078)","Unfall 80838 (2017) Kat:3, Licht: 0","80838","3","2","3","05","07","2","0","0","1","0","0","0"
"POINT (11.476791968000043 48.145262649000074)","Unfall 80839 (2017) Kat:3, Licht: 0","80839","3","2","3","05","13","2","0","0","1","1","0","0"
"POINT (11.502223202000039 48.112065339000026)","Unfall 80842 (2017) Kat:2, Licht: 0","80842","2","2","3","05","12","2","0","0","1","0","0","0"
"POINT (11.532765717000075 48.132794181000065)","Unfall 80916 (2017) Kat:3, Licht: 2","80916","3","5","3","05","21","4","1","2","0","1","0","0"
"POINT (11.539576768000074 48.092131050000035)","Unfall 80917 (2017) Kat:3, Licht: 0","80917","3","6","2","05","08","4","0","0","1","0","0","0"
"POINT (11.484213284000077 48.114384726000026)","Unfall 81063 (2017) Kat:3, Licht: 0","81063","3","6","2","05","16","3","0","0","0","1","0","1"
"POINT (11.569781235000050 48.111495436000041)","Unfall 81066 (2017) Kat:3, Licht: 0","81066","3","2","5","05","18","3","0","0","1","1","0","0"
"POINT (11.446518695000066 48.145997886000032)","Unfall 81145 (2017) Kat:3, Licht: 0","81145","3","3","5","05","15","7","0","0","0","1","0","0"
"POINT (11.584124270000075 48.190226800000062)","Unfall 81161 (2017) Kat:2, Licht: 0","81161","2","6","4","05","17","7","0","0","1","0","0","0"
"POINT (11.555228900000031 48.180779764000079)","Unfall 81167 (2017) Kat:3, Licht: 0","81167","3","2","3","05","18","5","0","0","1","1","0","0"
"POINT (11.547475512000062 48.193775767000034)","Unfall 81173 (2017) Kat:2, Licht: 2","81173","2","6","0","05","22","5","0","2","1","0","0","0"
"POINT (11.494949925000071 48.143886575000067)","Unfall 81174 (2017) Kat:3, Licht: 0","81174","3","5","1","05","18","5","0","0","1","1","0","0"
"POINT (11.559731187000068 48.112625808000075)","Unfall 81236 (2017) Kat:3, Licht: 0","81236","3","6","2","05","11","2","0","0","0","1","0","0"
"POINT (11.546473954000021 48.111937441000066)","Unfall 81238 (2017) Kat:2, Licht: 2","81238","2","6","8","05","22","2","0","2","0","1","0","0"
"POINT (11.456333470000061 48.140587648000064)","Unfall 81239 (2017) Kat:2, Licht: 0","81239","2","3","5","05","14","2","0","0","1","1","0","0"
"POINT (11.614827291000040 48.109339158000068)","Unfall 81359 (2017) Kat:3, Licht: 0","81359","3","6","3","05","09","2","0","0","0","1","0","0"
"POINT (11.399869910000064 48.155948033000072)","Unfall 81378 (2017) Kat:3, Licht: 0","81378","3","6","2","05","07","2","0","0","0","1","0","0"
"POINT (11.485176666000029 48.209637856000029)","Unfall 81388 (2017) Kat:3, Licht: 0","81388","3","2","3","05","08","1","0","0","0","1","0","1"
"POINT (11.556717421000030 48.090429798000059)","Unfall 81447 (2017) Kat:3, Licht: 0","81447","3","7","6","05","13","4","0","0","0","1","1","0"
"POINT (11.461075172000051 48.180613328000049)","Unfall 81449 (2017) Kat:3, Licht: 0","81449","3","2","5","05","14","4","0","0","0","1","0","1"
"POINT (11.528827576000026 48.109953764000068)","Unfall 81451 (2017) Kat:3, Licht: 0","81451","3","6","2","05","17","4","0","0","0","1","0","0"
"POINT (11.613720874000023 48.105789996000055)","Unfall 81604 (2017) Kat:3, Licht: 2","81604","3","1","9","05","00","3","0","2","0","1","0","0"
"POINT (11.590034812000056 48.176771834000078)","Unfall 81607 (2017) Kat:3, Licht: 0","81607","3","3","5","05","10","3","0","0","1","1","0","0"
"POINT (11.448369531000026 48.146244132000049)","Unfall 81608 (2017) Kat:2, Licht: 0","81608","2","3","5","05","08","3","0","0","0","1","0","1"
"POINT (11.613975696000068 48.188983577000045)","Unfall 81612 (2017) Kat:3, Licht: 0","81612","3","7","0","05","09","6","0","0","0","0","0","0"
"POINT (11.645036716000050 48.090289567000070)","Unfall 81619 (2017) Kat:3, Licht: 0","81619","3","1","6","05","11","3","0","0","1","0","1","0"
"POINT (11.559743329000071 48.112627380000049)","Unfall 81620 (2017) Kat:3, Licht: 0","81620","3","7","0","05","09","3","0","0","0","0","0","0"
"POINT (11.551683026000035 48.186096875000032)","Unfall 81621 (2017) Kat:3, Licht: 0","81621","3","6","3","05","14","6","0","0","0","1","0","0"
"POINT (11.615681017000043 48.131001099000059)","Unfall 81622 (2017) Kat:3, Licht: 0","81622","3","6","2","05","11","3","0","0","0","1","0","0"
"POINT (11.530562827000040 48.214529450000043)","Unfall 81623 (2017) Kat:3, Licht: 0","81623","3","3","5","05","17","6","0","0","1","1","0","0"
"POINT (11.567771869000069 48.176639870000031)","Unfall 81657 (2017) Kat:3, Licht: 0","81657","3","2","5","05","08","6","0","0","1","1","0","0"
"POINT (11.487876098000072 48.082384933000071)","Unfall 81762 (2017) Kat:3, Licht: 0","81762","3","6","2","05","18","3","0","0","0","1","0","0"
"POINT (11.497559346000060 48.125236513000061)","Unfall 81790 (2017) Kat:3, Licht: 0","81790","3","6","0","05","17","3","0","0","0","1","0","0"
"POINT (11.453160727000068 48.204539347000036)","Unfall 81801 (2017) Kat:2, Licht: 0","81801","2","6","3","05","09","3","0","0","0","1","0","0"
"POINT (11.621294539000075 48.205315380000059)","Unfall 81805 (2017) Kat:3, Licht: 0","81805","3","6","2","05","17","3","0","0","0","1","0","0"
"POINT (11.514602047000039 48.141842756000074)","Unfall 81815 (2017) Kat:3, Licht: 0","81815","3","6","2","05","08","2","0","0","0","1","0","1"
"POINT (11.552847382000039 48.176102538000066)","Unfall 81818 (2017) Kat:2, Licht: 0","81818","2","6","2","05","09","2","0","0","0","1","0","1"
"POINT (11.568376597000054 48.102993969000067)","Unfall 81821 (2017) Kat:3, Licht: 0","81821","3","6","3","05","08","2","0","0","0","1","0","1"
"POINT (11.541271445000064 48.186133110000071)","Unfall 81905 (2017) Kat:3, Licht: 0","81905","3","6","2","05","15","4","0","0","0","1","0","0"
"POINT (11.503449971000066 48.142916070000069)","Unfall 82003 (2017) Kat:3, Licht: 0","82003","3","3","5","05","13","1","0","0","0","1","0","0"
"POINT (11.625624953000056 48.129288269000028)","Unfall 82004 (2017) Kat:3, Licht: 2","82004","3","7","1","05","01","1","0","2","1","1","0","0"
"POINT (11.502957360000039 48.142967269000053)","Unfall 82006 (2017) Kat:3, Licht: 0","82006","3","3","5","05","16","1","0","0","1","1","0","0"
"POINT (11.547105683000041 48.194369422000079)","Unfall 82072 (2017) Kat:3, Licht: 2","82072","3","3","5","06","00","6","0","2","0","1","0","0"
"POINT (11.562761907000038 48.092471943000078)","Unfall 82075 (2017) Kat:3, Licht: 0","82075","3","6","1","06","12","6","1","0","0","1","0","0"
"POINT (11.458055749000039 48.195155174000035)","Unfall 82076 (2017) Kat:3, Licht: 0","82076","3","3","5","06","17","6","0","0","0","1","0","0"
"POINT (11.599637989000030 48.107616947000054)","Unfall 82077 (2017) Kat:3, Licht: 0","82077","3","3","5","06","13","6","1","0","0","1","0","0"
"POINT (11.584728359000053 48.198292551000065)","Unfall 82203 (2017) Kat:2, Licht: 0","82203","2","4","6","06","13","5","0","0","0","1","1","0"
"POINT (11.576097869000023 48.111337425000045)","Unfall 82205 (2017) Kat:3, Licht: 0","82205","3","3","5","06","07","5","0","0","1","1","0","0"
"POINT (11.530779455000072 48.131154066000079)","Unfall 82210 (2017) Kat:3, Licht: 0","82210","3","2","5","06","11","5","0","0","1","0","0","0"
"POINT (11.617984731000035 48.198369975000048)","Unfall 82326 (2017) Kat:3, Licht: 0","82326","3","6","2","06","15","5","0","0","0","1","0","0"
"POINT (11.534691544000054 48.142282980000061)","Unfall 82330 (2017) Kat:3, Licht: 0","82330","3","6","3","06","07","4","0","0","0","1","0","1"
"POINT (11.624804688000040 48.092431365000039)","Unfall 82331 (2017) Kat:3, Licht: 0","82331","3","3","5","06","11","4","0","0","1","1","0","0"
"POINT (11.528344269000058 48.130448046000026)","Unfall 82332 (2017) Kat:3, Licht: 0","82332","3","3","5","06","11","4","0","0","1","0","0","0"
"POINT (11.594584203000068 48.174849888000040)","Unfall 82333 (2017) Kat:3, Licht: 0","82333","3","6","2","06","16","4","0","0","0","1","0","0"
"POINT (11.399869910000064 48.155948033000072)","Unfall 82385 (2017) Kat:3, Licht: 0","82385","3","6","2","06","18","4","0","0","0","1","0","0"
"POINT (11.590027554000073 48.105047286000058)","Unfall 82389 (2017) Kat:3, Licht: 0","82389","3","6","2","06","14","3","1","0","0","1","0","0"
"POINT (11.576058891000059 48.177988883000069)","Unfall 82390 (2017) Kat:3, Licht: 1","82390","3","6","2","06","18","3","1","1","0","1","0","0"
"POINT (11.502424408000024 48.112155162000079)","Unfall 82458 (2017) Kat:3, Licht: 0","82458","3","3","5","06","05","2","0","0","0","1","0","0"
"POINT (11.585465254000042 48.201074058000074)","Unfall 82460 (2017) Kat:3, Licht: 0","82460","3","7","0","06","10","2","0","0","1","0","0","0"
"POINT (11.522738211000046 48.140823138000030)","Unfall 82461 (2017) Kat:3, Licht: 2","82461","3","6","2","06","00","2","0","2","1","0","0","0"
"POINT (11.520224112000051 48.124230577000048)","Unfall 82511 (2017) Kat:3, Licht: 2","82511","3","1","0","06","22","2","1","2","0","0","0","1"
"POINT (11.634627586000022 48.127291886000080)","Unfall 82513 (2017) Kat:3, Licht: 2","82513","3","6","3","06","23","1","0","2","0","1","0","1"
"POINT (11.497950374000027 48.211937157000079)","Unfall 82558 (2017) Kat:1, Licht: 0","82558","1","1","9","06","09","1","1","0","0","0","0","1"
"POINT (11.492603387000031 48.084461054000030)","Unfall 82561 (2017) Kat:2, Licht: 0","82561","2","4","6","06","09","7","0","0","0","1","1","0"
"POINT (11.554745422000053 48.086787271000048)","Unfall 82562 (2017) Kat:2, Licht: 1","82562","2","4","6","06","21","7","0","1","0","1","1","0"
"POINT (11.459972443000026 48.149855637000030)","Unfall 82563 (2017) Kat:2, Licht: 2","82563","2","6","9","06","22","7","0","2","0","1","0","0"
"POINT (11.516225067000050 48.141652514000043)","Unfall 82564 (2017) Kat:3, Licht: 0","82564","3","5","1","06","18","7","0","0","1","1","0","0"
"POINT (11.570906056000069 48.105648282000061)","Unfall 82705 (2017) Kat:3, Licht: 0","82705","3","1","0","06","14","7","0","0","1","0","0","0"
"POINT (11.551757244000044 48.185959476000050)","Unfall 82798 (2017) Kat:2, Licht: 0","82798","2","2","4","06","09","6","0","0","0","1","0","1"