WKT,Name,OBJECTID,UKATEGORIE,UTYP1,UART,UMONAT,USTUNDE,UWOCHENTAG,STRZUSTAND,ULICHTVERH,ISTRAD,ISTPKW,ISTFUSS,ISTKRAD
"POINT (11.456236557000068 48.162040739000076)","Unfall 82800 (2017) Kat:3, Licht: 0","82800","3","1","9","06","21","6","1","0","0","1","0","0"
"POINT (11.489164828000071 48.144465341000057)","Unfall 82801 (2017) Kat:3, Licht: 0","82801","3","6","2","06","12","6","0","0","1","0","0","0"
"POINT (11.487945663000062 48.088627789000043)","Unfall 82867 (2017) Kat:2, Licht: 2","82867","2","6","9","06","23","6","0","2","0","1","0","0"
"POINT (11.481813736000049 48.209264865000080)","Unfall 82886 (2017) Kat:3, Licht: 0","82886","3","6","2","06","15","6","0","0","0","1","0","0"
"POINT (11.517273077000027 48.112027589000036)","Unfall 82890 (2017) Kat:3, Licht: 0","82890","3","6","2","06","17","5","0","0","0","1","0","0"
"POINT (11.624370193000061 48.104024257000049)","Unfall 82892 (2017) Kat:3, Licht: 0","82892","3","2","4","06","13","5","0","0","1","1","0","0"
"POINT (11.701972546000036 48.113054920000081)","Unfall 82894 (2017) Kat:3, Licht: 0","82894","3","6","3","06","07","5","0","0","0","1","0","1"
"POINT (11.622867914000039 48.185628542000075)","Unfall 83065 (2017) Kat:3, Licht: 0","83065","3","6","2","06","17","3","0","0","0","1","0","0"
"POINT (11.556690207000031 48.178753635000078)","Unfall 83066 (2017) Kat:2, Licht: 0","83066","2","6","3","06","15","3","0","0","1","0","0","0"
"POINT (11.494569033000062 48.084352394000064)","Unfall 83067 (2017) Kat:3, Licht: 2","83067","3","6","3","06","22","3","0","2","0","1","0","1"
"POINT (11.518647383000030 48.141309838000041)","Unfall 83068 (2017) Kat:3, Licht: 0","83068","3","2","3","06","17","3","0","0","1","1","0","0"
"POINT (11.592538259000037 48.175998625000034)","Unfall 83202 (2017) Kat:3, Licht: 0","83202","3","6","2","06","06","3","0","0","0","1","0","1"
"POINT (11.472153129000048 48.145417349000070)","Unfall 83205 (2017) Kat:2, Licht: 0","83205","2","3","5","06","12","2","0","0","1","1","0","0"
"POINT (11.530848207000076 48.131863285000065)","Unfall 83207 (2017) Kat:3, Licht: 0","83207","3","6","3","06","15","2","0","0","0","1","0","0"
"POINT (11.533723796000061 48.140111593000029)","Unfall 83208 (2017) Kat:3, Licht: 0","83208","3","2","3","06","05","2","0","0","0","1","0","0"
"POINT (11.567612855000050 48.227021370000045)","Unfall 83218 (2017) Kat:3, Licht: 2","83218","3","6","2","06","03","5","0","2","0","1","0","0"
"POINT (11.615404828000067 48.226061529000049)","Unfall 83221 (2017) Kat:3, Licht: 2","83221","3","6","2","06","03","5","0","2","0","1","0","0"
"POINT (11.567839811000056 48.112932584000077)","Unfall 83285 (2017) Kat:3, Licht: 0","83285","3","2","3","06","10","4","0","0","1","1","0","0"
"POINT (11.517120571000021 48.124144365000063)","Unfall 83307 (2017) Kat:3, Licht: 0","83307","3","6","2","06","06","2","0","0","0","1","0","0"
"POINT (11.517779351000058 48.124056429000063)","Unfall 83308 (2017) Kat:3, Licht: 0","83308","3","6","2","06","16","2","0","0","0","1","0","0"
"POINT (11.587263806000067 48.104695384000081)","Unfall 83313 (2017) Kat:3, Licht: 0","83313","3","6","4","06","06","4","0","0","0","1","0","1"
"POINT (11.526105239000060 48.077631486000030)","Unfall 83325 (2017) Kat:3, Licht: 0","83325","3","2","5","06","15","1","0","0","1","1","0","0"
"POINT (11.543181960000027 48.200521772000059)","Unfall 83327 (2017) Kat:3, Licht: 0","83327","3","3","5","06","17","1","0","0","1","1","0","0"
"POINT (11.615120746000059 48.112150975000077)","Unfall 83360 (2017) Kat:3, Licht: 0","83360","3","2","4","06","10","1","0","0","0","1","0","0"
"POINT (11.459121202000063 48.146054541000069)","Unfall 83361 (2017) Kat:3, Licht: 0","83361","3","6","0","06","16","1","0","0","0","1","0","0"
"POINT (11.487913282000022 48.091415558000051)","Unfall 83436 (2017) Kat:2, Licht: 0","83436","2","6","2","06","18","1","0","0","0","1","0","1"
"POINT (11.425190678000035 48.143037246000063)","Unfall 83477 (2017) Kat:2, Licht: 0","83477","2","3","5","06","16","7","0","0","1","1","0","0"
"POINT (11.579940496000063 48.107576499000061)","Unfall 83479 (2017) Kat:3, Licht: 2","83479","3","6","3","06","02","7","0","2","0","1","0","1"
"POINT (11.582009525000046 48.104740045000028)","Unfall 83480 (2017) Kat:3, Licht: 0","83480","3","6","3","06","19","7","0","0","0","1","0","0"
"POINT (11.483894008000050 48.144959761000052)","Unfall 83584 (2017) Kat:3, Licht: 0","83584","3","2","5","06","12","6","0","0","1","1","0","0"
"POINT (11.548825068000042 48.074357044000067)","Unfall 83585 (2017) Kat:2, Licht: 2","83585","2","7","0","06","22","6","0","2","1","0","0","0"
"POINT (11.617379449000055 48.114561028000026)","Unfall 83587 (2017) Kat:3, Licht: 0","83587","3","6","2","06","06","6","0","0","0","1","0","0"
"POINT (11.661190314000066 48.090826096000058)","Unfall 83683 (2017) Kat:3, Licht: 0","83683","3","6","4","06","18","5","0","0","1","0","0","0"
"POINT (11.573566939000045 48.178060636000055)","Unfall 83684 (2017) Kat:3, Licht: 0","83684","3","7","1","06","13","5","0","0","0","1","0","1"
"POINT (11.518799398000056 48.141375417000063)","Unfall 83685 (2017) Kat:3, Licht: 0","83685","3","3","4","06","07","5","0","0","0","1","0","0"
"POINT (11.500270725000064 48.101853981000033)","Unfall 83849 (2017) Kat:2, Licht: 2","83849","2","6","1","06","22","6","0","2","0","1","0","1"
"POINT (11.517037438000045 48.066850370000054)","Unfall 83850 (2017) Kat:3, Licht: 0","83850","3","6","2","06","16","6","0","0","1","0","0","0"
"POINT (11.568797411000048 48.227208604000054)","Unfall 83865 (2017) Kat:3, Licht: 0","83865","3","6","3","06","18","5","0","0","0","1","0","0"
"POINT (11.645936669000037 48.095380831000057)","Unfall 83871 (2017) Kat:3, Licht: 0","83871","3","7","0","06","08","4","0","0","1","0","0","0"
"POINT (11.531757683000023 48.083066005000035)","Unfall 83872 (2017) Kat:3, Licht: 1","83872","3","6","2","06","22","4","0","1","0","1","0","0"
"POINT (11.654425320000030 48.124812840000061)","Unfall 83873 (2017) Kat:3, Licht: 2","83873","3","3","5","06","23","4","0","2","1","1","0","0"
"POINT (11.617043869000042 48.130792676000056)","Unfall 83874 (2017) Kat:3, Licht: 0","83874","3","7","4","06","18","4","0","0","1","0","0","0"
"POINT (11.530344703000026 48.211499375000074)","Unfall 83875 (2017) Kat:3, Licht: 0","83875","3","7","1","06","14","4","0","0","1","0","0","0"
"POINT (11.699431690000040 48.113883041000065)","Unfall 83881 (2017) Kat:3, Licht: 0","83881","3","6","3","06","10","4","0","0","0","1","0","0"
"POINT (11.537689626000031 48.156941987000039)","Unfall 83892 (2017) Kat:3, Licht: 0","83892","3","6","2","06","21","6","0","0","0","1","0","1"
"POINT (11.492039663000071 48.209785316000080)","Unfall 84007 (2017) Kat:3, Licht: 0","84007","3","6","3","06","11","6","0","0","0","1","0","0"
"POINT (11.457038459000046 48.205273701000067)","Unfall 84021 (2017) Kat:3, Licht: 0","84021","3","6","3","06","07","4","0","0","0","1","0","0"
"POINT (11.650074646000064 48.125340892000054)","Unfall 84031 (2017) Kat:3, Licht: 0","84031","3","2","2","06","16","3","0","0","0","0","0","1"
"POINT (11.540224327000033 48.110606462000078)","Unfall 84032 (2017) Kat:2, Licht: 0","84032","2","6","2","06","12","3","0","0","0","1","0","0"
"POINT (11.562639755000077 48.091975046000073)","Unfall 84033 (2017) Kat:3, Licht: 0","84033","3","2","4","06","08","3","0","0","0","1","0","0"
"POINT (11.564048398000068 48.176046877000033)","Unfall 84035 (2017) Kat:2, Licht: 0","84035","2","6","3","06","05","3","0","0","0","0","0","1"
"POINT (11.549169102000064 48.191079634000062)","Unfall 84036 (2017) Kat:1, Licht: 0","84036","1","2","4","06","11","3","0","0","0","0","0","1"
"POINT (11.584279614000025 48.195296482000060)","Unfall 84044 (2017) Kat:3, Licht: 0","84044","3","6","2","06","12","3","0","0","0","1","0","0"
"POINT (11.440185873000075 48.149446005000073)","Unfall 84045 (2017) Kat:3, Licht: 0","84045","3","6","2","06","18","3","0","0","0","0","0","1"
"POINT (11.441832380000051 48.149142276000077)","Unfall 84047 (2017) Kat:3, Licht: 0","84047","3","3","5","06","16","3","0","0","0","1","0","1"
"POINT (11.544552207000038 48.176190080000026)","Unfall 84055 (2017) Kat:3, Licht: 0","84055","3","6","2","06","15","5","0","0","0","1","0","0"
"POINT (11.551763452000046 48.185946698000066)","Unfall 84164 (2017) Kat:2, Licht: 0","84164","2","7","0","06","09","6","0","0","0","1","0","0"
"POINT (11.683711088000052 48.118357993000075)","Unfall 84182 (2017) Kat:2, Licht: 2","84182","2","1","0","06","22","2","0","2","1","0","0","0"
"POINT (11.413440618000038 48.163996899000040)","Unfall 84186 (2017) Kat:3, Licht: 0","84186","3","6","3","06","16","2","0","0","1","1","0","0"
"POINT (11.536300131000075 48.186833257000046)","Unfall 84187 (2017) Kat:3, Licht: 0","84187","3","2","1","06","16","2","0","0","0","1","0","0"
"POINT (11.579563428000029 48.107960654000067)","Unfall 84253 (2017) Kat:3, Licht: 0","84253","3","3","5","06","18","4","0","0","1","1","0","0"
"POINT (11.620454543000051 48.124726258000067)","Unfall 84254 (2017) Kat:3, Licht: 0","84254","3","3","5","06","16","4","0","0","0","1","0","0"
"POINT (11.602925918000039 48.158064083000056)","Unfall 84255 (2017) Kat:3, Licht: 2","84255","3","7","0","06","04","4","0","2","0","1","0","0"
"POINT (11.621054284000024 48.191671327000051)","Unfall 84256 (2017) Kat:3, Licht: 0","84256","3","2","5","06","17","4","0","0","0","1","0","1"
"POINT (11.590034812000056 48.176771834000078)","Unfall 84257 (2017) Kat:3, Licht: 0","84257","3","3","5","06","06","4","0","0","1","1","0","0"
"POINT (11.456153914000026 48.150679579000041)","Unfall 84258 (2017) Kat:3, Licht: 0","84258","3","2","5","06","07","4","0","0","0","1","0","0"
"POINT (11.396484955000062 48.138151282000081)","Unfall 84259 (2017) Kat:3, Licht: 0","84259","3","6","2","06","06","4","0","0","0","1","0","1"
"POINT (11.521905292000042 48.189842469000041)","Unfall 84267 (2017) Kat:3, Licht: 2","84267","3","3","5","06","00","1","0","2","0","1","0","0"
"POINT (11.544597451000072 48.111760351000044)","Unfall 84360 (2017) Kat:3, Licht: 2","84360","3","1","8","06","12","1","0","2","0","1","0","0"
"POINT (11.476380453000047 48.209739772000034)","Unfall 84361 (2017) Kat:3, Licht: 0","84361","3","6","2","06","09","2","0","0","0","1","0","0"
"POINT (11.596345338000049 48.179411812000069)","Unfall 84402 (2017) Kat:3, Licht: 0","84402","3","6","2","06","16","2","0","0","0","1","0","0"
"POINT (11.540282948000026 48.093103530000064)","Unfall 84420 (2017) Kat:2, Licht: 0","84420","2","7","0","06","19","3","0","0","1","0","0","0"
"POINT (11.584069243000044 48.190881975000082)","Unfall 84422 (2017) Kat:3, Licht: 0","84422","3","6","3","06","08","3","1","0","1","0","0","0"
"POINT (11.589299325000070 48.093163001000050)","Unfall 84439 (2017) Kat:3, Licht: 0","84439","3","6","2","06","09","1","1","0","0","1","0","0"
"POINT (11.580175525000072 48.106913321000036)","Unfall 84481 (2017) Kat:2, Licht: 0","84481","2","6","1","06","17","1","0","0","0","1","0","1"
"POINT (11.550792291000050 48.226592555000082)","Unfall 84591 (2017) Kat:3, Licht: 0","84591","3","1","9","06","19","3","1","0","0","1","0","0"
"POINT (11.479641553000022 48.088593318000051)","Unfall 84593 (2017) Kat:3, Licht: 0","84593","3","6","1","06","07","2","0","0","0","1","0","0"
"POINT (11.625663709000037 48.197921418000078)","Unfall 84595 (2017) Kat:3, Licht: 0","84595","3","3","5","06","16","2","0","0","0","1","0","1"
"POINT (11.568863239000052 48.176967205000039)","Unfall 84597 (2017) Kat:3, Licht: 0","84597","3","6","2","06","07","2","0","0","0","1","0","0"
"POINT (11.432685169000024 48.144076557000062)","Unfall 84598 (2017) Kat:3, Licht: 0","84598","3","7","0","06","15","2","0","0","0","0","0","1"
"POINT (11.485153789000037 48.209752877000028)","Unfall 84599 (2017) Kat:3, Licht: 0","84599","3","6","2","06","08","2","0","0","0","1","0","0"
"POINT (11.600075493000077 48.107719511000028)","Unfall 84600 (2017) Kat:2, Licht: 2","84600","2","6","0","06","22","2","0","2","0","0","0","1"
"POINT (11.518994220000025 48.123397892000071)","Unfall 84700 (2017) Kat:3, Licht: 1","84700","3","1","7","06","05","1","0","1","0","1","0","0"
"POINT (11.482882703000030 48.123597055000062)","Unfall 84748 (2017) Kat:3, Licht: 0","84748","3","6","2","07","18","4","0","0","0","1","0","0"
"POINT (11.620656887000052 48.203662550000047)","Unfall 84798 (2017) Kat:3, Licht: 0","84798","3","6","2","07","15","4","0","0","0","1","0","1"
"POINT (11.624877910000066 48.212111353000068)","Unfall 84818 (2017) Kat:3, Licht: 0","84818","3","6","2","07","17","3","0","0","0","1","0","0"
"POINT (11.480359301000021 48.145150766000029)","Unfall 84835 (2017) Kat:3, Licht: 0","84835","3","3","5","07","13","2","0","0","0","1","0","1"
"POINT (11.524286504000031 48.140763054000047)","Unfall 84844 (2017) Kat:3, Licht: 0","84844","3","2","5","07","10","2","0","0","0","1","0","0"
"POINT (11.456694767000045 48.165110352000056)","Unfall 84847 (2017) Kat:3, Licht: 0","84847","3","2","2","07","08","3","0","0","0","1","0","1"
"POINT (11.560592247000045 48.176014632000033)","Unfall 84851 (2017) Kat:3, Licht: 0","84851","3","6","2","07","16","3","0","0","0","1","0","0"
"POINT (11.555936291000023 48.112549860000058)","Unfall 84869 (2017) Kat:2, Licht: 0","84869","2","7","0","07","11","3","0","0","1","0","0","0"
"POINT (11.584317423000073 48.187949481000032)","Unfall 84881 (2017) Kat:3, Licht: 0","84881","3","2","5","07","08","3","0","0","1","1","0","0"
"POINT (11.519766717000039 48.072333397000079)","Unfall 84883 (2017) Kat:3, Licht: 0","84883","3","2","4","07","17","3","0","0","0","1","0","0"
"POINT (11.584934959000066 48.177513651000027)","Unfall 84949 (2017) Kat:3, Licht: 0","84949","3","6","5","06","07","5","1","0","1","1","0","0"
"POINT (11.620657611000070 48.204056847000061)","Unfall 84998 (2017) Kat:3, Licht: 0","84998","3","6","3","07","07","2","0","0","0","1","0","0"
"POINT (11.485180047000028 48.210250023000071)","Unfall 85004 (2017) Kat:2, Licht: 0","85004","2","1","0","07","05","1","1","0","0","0","0","1"
"POINT (11.613816875000055 48.105116240000029)","Unfall 85085 (2017) Kat:3, Licht: 0","85085","3","1","8","07","18","1","1","0","0","1","0","0"
"POINT (11.516889018000029 48.114258393000057)","Unfall 85105 (2017) Kat:3, Licht: 2","85105","3","6","2","07","11","7","0","2","0","1","0","0"
"POINT (11.606372135000072 48.181839156000080)","Unfall 85109 (2017) Kat:3, Licht: 0","85109","3","6","2","07","17","7","0","0","0","1","0","0"
"POINT (11.639592694000044 48.126502407000032)","Unfall 85110 (2017) Kat:2, Licht: 0","85110","2","6","2","07","09","7","0","0","0","1","0","1"
"POINT (11.479420592000054 48.088631611000039)","Unfall 85119 (2017) Kat:3, Licht: 0","85119","3","2","1","07","18","7","0","0","0","1","0","0"
"POINT (11.648483645000056 48.083836747000078)","Unfall 85120 (2017) Kat:3, Licht: 0","85120","3","3","5","07","19","7","0","0","0","1","0","1"
"POINT (11.491587588000073 48.123967840000034)","Unfall 85210 (2017) Kat:3, Licht: 0","85210","3","6","2","07","12","7","0","0","0","1","0","0"
"POINT (11.489508324000042 48.209451508000029)","Unfall 85217 (2017) Kat:3, Licht: 0","85217","3","6","2","07","16","7","0","0","0","1","0","0"
"POINT (11.710152788000073 48.141494536000039)","Unfall 85228 (2017) Kat:3, Licht: 0","85228","3","3","5","06","12","6","0","0","0","1","0","0"
"POINT (11.711551058000055 48.111182798000073)","Unfall 85231 (2017) Kat:3, Licht: 0","85231","3","6","2","06","14","6","0","0","0","1","0","0"
"POINT (11.655041984000036 48.124577820000070)","Unfall 85232 (2017) Kat:3, Licht: 0","85232","3","4","6","06","10","6","0","0","1","0","1","0"
"POINT (11.580536379000023 48.106751942000074)","Unfall 85235 (2017) Kat:3, Licht: 0","85235","3","6","2","06","08","6","0","0","0","1","0","0"
"POINT (11.552475693000076 48.185020764000058)","Unfall 85236 (2017) Kat:3, Licht: 0","85236","3","2","5","06","13","6","0","0","1","1","0","0"
"POINT (11.479147026000021 48.115467180000053)","Unfall 85385 (2017) Kat:3, Licht: 0","85385","3","2","5","07","07","5","0","0","1","1","0","0"
"POINT (11.463267502000065 48.208492674000070)","Unfall 85420 (2017) Kat:3, Licht: 2","85420","3","6","2","07","08","5","0","2","0","1","0","0"
"POINT (11.439232946000061 48.202492963000054)","Unfall 85421 (2017) Kat:2, Licht: 2","85421","2","6","2","07","22","5","0","2","0","1","0","1"
"POINT (11.560914291000074 48.112686889000031)","Unfall 85437 (2017) Kat:3, Licht: 0","85437","3","6","2","07","15","5","0","0","0","1","0","0"
"POINT (11.687593770000035 48.117940948000069)","Unfall 85493 (2017) Kat:2, Licht: 0","85493","2","6","1","07","16","5","0","0","0","1","0","1"
"POINT (11.654117624000037 48.124876061000066)","Unfall 85498 (2017) Kat:3, Licht: 0","85498","3","3","5","07","18","4","0","0","1","1","0","0"
"POINT (11.583143544000052 48.177519209000081)","Unfall 85501 (2017) Kat:3, Licht: 2","85501","3","6","9","07","10","1","0","2","0","0","0","1"
"POINT (11.533577602000037 48.187101512000027)","Unfall 85502 (2017) Kat:2, Licht: 0","85502","2","4","6","07","13","1","0","0","0","1","1","0"
"POINT (11.585058850000053 48.177962100000059)","Unfall 85504 (2017) Kat:3, Licht: 0","85504","3","7","6","07","20","1","0","0","0","1","1","0"
"POINT (11.605440093000027 48.156776450000052)","Unfall 85505 (2017) Kat:2, Licht: 0","85505","2","3","5","07","14","4","0","0","0","1","0","1"
"POINT (11.479634927000063 48.145174671000063)","Unfall 85512 (2017) Kat:3, Licht: 0","85512","3","3","5","07","12","5","0","0","0","1","0","1"
"POINT (11.713509031000058 48.110864377000041)","Unfall 85528 (2017) Kat:2, Licht: 0","85528","2","4","0","07","20","4","0","0","1","0","1","0"
"POINT (11.584392491000074 48.195959050000056)","Unfall 85532 (2017) Kat:3, Licht: 0","85532","3","2","5","07","07","4","0","0","1","1","0","0"
"POINT (11.584073942000032 48.193177949000074)","Unfall 85533 (2017) Kat:3, Licht: 0","85533","3","7","0","07","16","4","0","0","1","0","0","0"
"POINT (11.534842041000047 48.110552318000032)","Unfall 85535 (2017) Kat:3, Licht: 0","85535","3","6","2","07","10","4","0","0","0","1","0","0"
"POINT (11.620005630000037 48.191225906000057)","Unfall 85557 (2017) Kat:3, Licht: 0","85557","3","2","4","07","18","5","0","0","1","1","0","0"
"POINT (11.519838452000045 48.222146621000036)","Unfall 85560 (2017) Kat:2, Licht: 0","85560","2","6","2","07","12","6","0","0","0","1","0","0"
"POINT (11.604019754000035 48.108544009000070)","Unfall 85712 (2017) Kat:3, Licht: 2","85712","3","1","0","07","23","7","1","2","0","0","0","1"
"POINT (11.412946534000071 48.166189616000054)","Unfall 85799 (2017) Kat:3, Licht: 2","85799","3","7","2","07","14","6","0","2","0","1","0","0"
"POINT (11.516847711000025 48.116988236000054)","Unfall 85851 (2017) Kat:3, Licht: 0","85851","3","6","3","07","13","6","0","0","0","1","0","1"
"POINT (11.540939001000027 48.093868024000074)","Unfall 85880 (2017) Kat:3, Licht: 0","85880","3","3","5","07","19","6","0","0","1","1","0","0"
"POINT (11.528452007000055 48.080524473000025)","Unfall 85905 (2017) Kat:2, Licht: 0","85905","2","2","5","07","17","5","0","0","1","1","0","0"
"POINT (11.512420417000044 48.142090936000045)","Unfall 85940 (2017) Kat:3, Licht: 0","85940","3","1","0","07","07","2","1","0","0","0","0","1"
"POINT (11.481859893000035 48.215241658000082)","Unfall 85942 (2017) Kat:3, Licht: 0","85942","3","6","1","07","15","2","0","0","0","1","0","1"
"POINT (11.414833863000069 48.129967774000079)","Unfall 85958 (2017) Kat:3, Licht: 0","85958","3","6","3","07","06","5","0","0","0","1","0","0"
"POINT (11.479525045000059 48.088538040000060)","Unfall 85967 (2017) Kat:3, Licht: 0","85967","3","2","0","07","08","4","1","0","0","1","0","1"
"POINT (11.477232282000045 48.115494286000057)","Unfall 85968 (2017) Kat:2, Licht: 0","85968","2","7","5","07","17","4","0","0","0","1","0","0"
"POINT (11.620190873000070 48.120255780000036)","Unfall 85970 (2017) Kat:2, Licht: 2","85970","2","2","5","07","23","4","1","2","0","1","0","0"
"POINT (11.540897745000052 48.186195020000071)","Unfall 85971 (2017) Kat:3, Licht: 0","85971","3","6","2","07","08","4","0","0","0","1","0","0"
"POINT (11.518141124000067 48.070263097000065)","Unfall 85973 (2017) Kat:2, Licht: 0","85973","2","2","5","07","07","4","1","0","1","1","0","0"
"POINT (11.529339439000069 48.081523883000045)","Unfall 85974 (2017) Kat:3, Licht: 0","85974","3","6","1","07","16","4","0","0","0","1","0","0"
"POINT (11.653745957000069 48.094164684000077)","Unfall 85975 (2017) Kat:3, Licht: 0","85975","3","2","4","07","16","4","0","0","0","1","0","0"
"POINT (11.653745663000052 48.094164779000039)","Unfall 85976 (2017) Kat:3, Licht: 0","85976","3","6","2","07","10","4","0","0","0","1","0","0"
"POINT (11.487389650000068 48.086451409000063)","Unfall 86249 (2017) Kat:3, Licht: 0","86249","3","3","5","07","08","7","1","0","0","1","0","0"
"POINT (11.645107796000048 48.211390099000027)","Unfall 86285 (2017) Kat:3, Licht: 0","86285","3","6","2","07","12","7","0","0","0","1","0","0"
"POINT (11.572827829000062 48.177795493000076)","Unfall 86295 (2017) Kat:3, Licht: 0","86295","3","2","5","07","07","6","1","0","1","1","0","0"
"POINT (11.624495482000043 48.129534524000064)","Unfall 86297 (2017) Kat:3, Licht: 0","86297","3","7","3","07","07","6","0","0","1","1","0","0"
"POINT (11.622775045000026 48.208313071000077)","Unfall 86418 (2017) Kat:3, Licht: 0","86418","3","6","2","07","08","6","0","0","0","1","0","0"
"POINT (11.683551212000054 48.118506776000061)","Unfall 86421 (2017) Kat:2, Licht: 2","86421","2","7","4","07","21","5","0","2","0","1","0","1"
"POINT (11.526082220000035 48.140521697000054)","Unfall 86422 (2017) Kat:3, Licht: 0","86422","3","6","3","07","08","5","0","0","1","1","0","0"
"POINT (11.509663082000031 48.106392118000031)","Unfall 86494 (2017) Kat:3, Licht: 0","86494","3","6","2","07","07","5","0","0","0","1","0","0"
"POINT (11.535592553000072 48.146430211000052)","Unfall 86578 (2017) Kat:3, Licht: 0","86578","3","2","3","07","07","3","0","0","1","1","0","0"
"POINT (11.534286992000034 48.136779657000034)","Unfall 86579 (2017) Kat:3, Licht: 1","86579","3","6","2","07","18","3","0","1","0","1","0","0"
"POINT (11.597433249000062 48.173529579000046)","Unfall 86582 (2017) Kat:3, Licht: 1","86582","3","2","4","07","21","3","0","1","1","1","0","0"
"POINT (11.534024397000053 48.187059724000051)","Unfall 86586 (2017) Kat:3, Licht: 0","86586","3","6","1","07","11","3","0","0","0","1","0","0"
"POINT (11.483301434000055 48.114573581000059)","Unfall 86587 (2017) Kat:3, Licht: 0","86587","3","6","2","07","09","3","0","0","0","1","0","1"
"POINT (11.532492685000022 48.084142892000045)","Unfall 86679 (2017) Kat:3, Licht: 0","86679","3","7","4","07","15","2","0","0","0","1","0","0"
"POINT (11.569903240000031 48.111369695000064)","Unfall 86681 (2017) Kat:3, Licht: 0","86681","3","2","4","07","07","2","0","0","1","1","0","0"
"POINT (11.640816074000043 48.139019367000060)","Unfall 86782 (2017) Kat:3, Licht: 0","86782","3","6","2","07","09","2","0","0","0","1","0","0"
"POINT (11.570169045000057 48.177342717000045)","Unfall 86786 (2017) Kat:3, Licht: 2","86786","3","6","2","07","12","1","0","2","0","1","0","0"
"POINT (11.533044309000047 48.208392701000037)","Unfall 86838 (2017) Kat:3, Licht: 0","86838","3","2","4","07","13","7","0","0","0","1","0","0"
"POINT (11.530373454000028 48.211470003000045)","Unfall 86839 (2017) Kat:3, Licht: 0","86839","3","7","0","07","13","7","0","0","1","0","0","0"
"POINT (11.560387267000067 48.112711071000035)","Unfall 86840 (2017) Kat:3, Licht: 0","86840","3","6","2","07","17","7","0","0","0","1","0","0"
"POINT (11.676816543000029 48.119508289000066)","Unfall 86841 (2017) Kat:3, Licht: 0","86841","3","3","4","07","19","7","0","0","0","1","0","1"
"POINT (11.555149617000041 48.112063125000077)","Unfall 86842 (2017) Kat:3, Licht: 0","86842","3","3","5","07","17","7","0","0","1","1","0","0"
"POINT (11.618893345000060 48.118128153000043)","Unfall 86946 (2017) Kat:3, Licht: 0","86946","3","6","2","07","11","6","0","0","0","1","0","0"
"POINT (11.623810729000070 48.223345509000069)","Unfall 87066 (2017) Kat:3, Licht: 0","87066","3","6","2","07","12","6","0","0","0","1","0","0"
"POINT (11.531289836000042 48.187176831000045)","Unfall 87068 (2017) Kat:3, Licht: 0","87068","3","6","2","07","10","5","0","0","0","1","0","0"
"POINT (11.618878179000035 48.118093475000080)","Unfall 87071 (2017) Kat:3, Licht: 0","87071","3","6","3","07","17","5","0","0","0","1","0","1"
"POINT (11.617656369000031 48.115355625000063)","Unfall 87073 (2017) Kat:3, Licht: 0","87073","3","7","5","07","17","5","0","0","0","1","0","1"
"POINT (11.580828039000039 48.106593800000041)","Unfall 87075 (2017) Kat:2, Licht: 0","87075","2","2","5","07","12","5","0","0","1","1","0","0"
"POINT (11.617386689000057 48.114573594000035)","Unfall 87076 (2017) Kat:3, Licht: 0","87076","3","6","3","07","09","5","0","0","1","0","0","0"
"POINT (11.516069966000032 48.124286538000035)","Unfall 87177 (2017) Kat:3, Licht: 0","87177","3","6","2","07","16","5","0","0","0","1","0","0"
"POINT (11.572827829000062 48.177795493000076)","Unfall 87186 (2017) Kat:3, Licht: 2","87186","3","2","5","07","21","4","0","2","1","1","0","0"
"POINT (11.503371872000059 48.143281250000030)","Unfall 87187 (2017) Kat:3, Licht: 0","87187","3","2","0","07","17","4","0","0","1","1","0","0"
"POINT (11.626925309000057 48.129167967000058)","Unfall 87188 (2017) Kat:3, Licht: 0","87188","3","6","1","07","18","4","0","0","0","1","0","0"
"POINT (11.475170848000062 48.145316701000070)","Unfall 87189 (2017) Kat:3, Licht: 0","87189","3","7","1","07","14","4","0","0","1","1","0","0"
"POINT (11.654255299000056 48.124848264000036)","Unfall 87194 (2017) Kat:3, Licht: 0","87194","3","7","0","07","10","4","0","0","1","0","0","0"
"POINT (11.491958550000049 48.209899870000072)","Unfall 87297 (2017) Kat:3, Licht: 0","87297","3","6","2","07","16","5","0","0","0","1","0","0"
"POINT (11.459073834000037 48.145944338000049)","Unfall 87300 (2017) Kat:3, Licht: 0","87300","3","2","6","07","09","4","1","0","0","1","1","0"
"POINT (11.539615849000029 48.092186495000078)","Unfall 87301 (2017) Kat:3, Licht: 0","87301","3","2","2","07","16","4","1","0","0","1","0","0"
"POINT (11.396656466000024 48.137617910000074)","Unfall 87439 (2017) Kat:3, Licht: 0","87439","3","1","8","07","14","4","1","0","0","1","0","0"
"POINT (11.460731526000075 48.207004949000066)","Unfall 87440 (2017) Kat:3, Licht: 2","87440","3","7","3","07","11","4","1","2","0","0","0","0"
"POINT (11.471564586000056 48.146556550000071)","Unfall 87449 (2017) Kat:3, Licht: 0","87449","3","1","9","07","16","3","1","0","0","1","0","0"
"POINT (11.458223501000077 48.197454988000061)","Unfall 87450 (2017) Kat:3, Licht: 0","87450","3","3","5","07","07","3","1","0","1","1","0","0"
"POINT (11.517067941000050 48.141553634000047)","Unfall 87453 (2017) Kat:3, Licht: 0","87453","3","6","4","07","17","1","0","0","1","0","0","0"
"POINT (11.479422012000043 48.088555059000043)","Unfall 87465 (2017) Kat:2, Licht: 2","87465","2","3","5","07","02","1","1","2","0","1","0","0"
"POINT (11.620537824000053 48.124538920000077)","Unfall 87559 (2017) Kat:3, Licht: 0","87559","3","6","2","07","07","2","0","0","0","1","0","0"
"POINT (11.502079529000071 48.192882022000049)","Unfall 87562 (2017) Kat:3, Licht: 0","87562","3","2","4","07","17","2","0","0","0","1","0","0"