WKT,Name,OBJECTID,UKATEGORIE,UTYP1,UART,UMONAT,USTUNDE,UWOCHENTAG,STRZUSTAND,ULICHTVERH,ISTRAD,ISTPKW,ISTFUSS,ISTKRAD
"POINT (11.497269944000038 48.143658652000056)","Unfall 87564 (2017) Kat:3, Licht: 0","87564","3","6","2","07","12","2","1","0","0","1","0","0"
"POINT (11.617660472000068 48.115363665000075)","Unfall 87566 (2017) Kat:3, Licht: 0","87566","3","6","2","07","12","2","1","0","0","1","0","0"
"POINT (11.584520793000024 48.185380200000054)","Unfall 87695 (2017) Kat:3, Licht: 0","87695","3","7","6","07","18","2","0","0","1","0","1","0"
"POINT (11.563483062000046 48.095904258000076)","Unfall 87709 (2017) Kat:3, Licht: 1","87709","3","6","0","07","20","2","0","1","1","0","0","0"
"POINT (11.511488385000064 48.124747589000037)","Unfall 87732 (2017) Kat:3, Licht: 0","87732","3","6","2","07","19","6","0","0","0","1","0","0"
"POINT (11.408071217000042 48.195491370000070)","Unfall 87746 (2017) Kat:3, Licht: 0","87746","3","3","5","07","16","1","0","0","1","1","0","0"
"POINT (11.661462000000029 48.090730097000062)","Unfall 87748 (2017) Kat:3, Licht: 0","87748","3","6","4","07","18","1","1","0","1","0","0","0"
"POINT (11.427311096000039 48.176280863000045)","Unfall 87752 (2017) Kat:3, Licht: 0","87752","3","6","2","07","16","6","0","0","0","1","0","0"
"POINT (11.612128213000062 48.110285543000032)","Unfall 87763 (2017) Kat:3, Licht: 0","87763","3","6","2","07","15","5","1","0","0","1","0","1"
"POINT (11.587498097000037 48.096080143000052)","Unfall 87770 (2017) Kat:3, Licht: 0","87770","3","6","3","07","16","2","0","0","0","1","0","0"
"POINT (11.596193242000027 48.163537220000080)","Unfall 87793 (2017) Kat:3, Licht: 0","87793","3","1","1","07","14","5","1","0","0","1","0","0"
"POINT (11.634468167000023 48.127417625000078)","Unfall 87799 (2017) Kat:2, Licht: 0","87799","2","3","5","07","18","2","0","0","1","1","0","0"
"POINT (11.683516290000057 48.118513173000053)","Unfall 87877 (2017) Kat:3, Licht: 0","87877","3","6","4","07","14","7","0","0","1","0","0","0"
"POINT (11.501778844000057 48.192915483000036)","Unfall 87878 (2017) Kat:3, Licht: 0","87878","3","6","2","07","12","7","0","0","0","1","0","0"
"POINT (11.568202927000073 48.102588223000055)","Unfall 87993 (2017) Kat:3, Licht: 0","87993","3","3","0","07","12","6","0","0","1","1","0","0"
"POINT (11.517054164000058 48.117874850000078)","Unfall 87995 (2017) Kat:3, Licht: 0","87995","3","2","5","07","17","6","0","0","0","1","0","0"
"POINT (11.523605815000053 48.140736530000027)","Unfall 88069 (2017) Kat:3, Licht: 0","88069","3","6","2","07","10","2","0","0","0","1","0","0"
"POINT (11.633653171000049 48.230506491000028)","Unfall 88142 (2017) Kat:3, Licht: 2","88142","3","6","9","08","21","6","0","2","0","1","0","0"
"POINT (11.526144287000022 48.077670604000048)","Unfall 88167 (2017) Kat:3, Licht: 0","88167","3","3","5","08","13","5","0","0","1","0","0","0"
"POINT (11.646456516000057 48.139817729000072)","Unfall 88169 (2017) Kat:3, Licht: 0","88169","3","3","5","08","11","5","0","0","0","1","0","1"
"POINT (11.576077473000055 48.111296359000050)","Unfall 88181 (2017) Kat:3, Licht: 0","88181","3","2","4","08","19","7","0","0","0","1","0","0"
"POINT (11.518695122000054 48.141305993000060)","Unfall 88197 (2017) Kat:3, Licht: 0","88197","3","2","0","08","15","6","0","0","0","1","0","0"
"POINT (11.593143052000073 48.176343938000059)","Unfall 88252 (2017) Kat:3, Licht: 0","88252","3","1","0","08","14","1","1","0","0","0","0","1"
"POINT (11.665088133000040 48.121313929000053)","Unfall 88280 (2017) Kat:3, Licht: 0","88280","3","6","2","08","20","6","0","0","0","1","0","0"
"POINT (11.548607741000069 48.112193439000066)","Unfall 88301 (2017) Kat:3, Licht: 0","88301","3","6","3","08","14","4","0","0","0","1","0","0"
"POINT (11.541315873000030 48.186413626000046)","Unfall 88303 (2017) Kat:3, Licht: 0","88303","3","6","2","08","18","4","0","0","0","1","0","0"
"POINT (11.537605999000050 48.160450933000050)","Unfall 88306 (2017) Kat:3, Licht: 0","88306","3","6","2","08","07","4","0","0","0","1","0","0"
"POINT (11.610065864000035 48.154911182000035)","Unfall 88311 (2017) Kat:3, Licht: 0","88311","3","6","3","08","06","4","1","0","0","1","0","1"
"POINT (11.495507180000061 48.194418401000064)","Unfall 88312 (2017) Kat:3, Licht: 0","88312","3","6","2","08","10","4","0","0","0","1","0","0"
"POINT (11.513901073000056 48.113203982000073)","Unfall 88313 (2017) Kat:3, Licht: 1","88313","3","2","5","08","21","4","0","1","0","1","0","0"
"POINT (11.426919478000059 48.152798858000040)","Unfall 88358 (2017) Kat:2, Licht: 0","88358","2","5","1","08","07","7","0","0","0","1","0","0"
"POINT (11.403968602000077 48.140001643000062)","Unfall 88407 (2017) Kat:3, Licht: 0","88407","3","6","4","08","14","7","0","0","1","0","0","0"
"POINT (11.517779351000058 48.124056429000063)","Unfall 88409 (2017) Kat:3, Licht: 0","88409","3","6","1","08","15","1","0","0","0","1","0","0"
"POINT (11.420586676000028 48.171265211000048)","Unfall 88438 (2017) Kat:3, Licht: 2","88438","3","1","9","08","04","4","1","2","0","1","0","0"
"POINT (11.630261869000037 48.170126799000059)","Unfall 88446 (2017) Kat:3, Licht: 0","88446","3","4","6","08","16","3","0","0","0","1","1","0"
"POINT (11.540489385000058 48.103709421000076)","Unfall 88447 (2017) Kat:3, Licht: 0","88447","3","7","0","08","18","3","0","0","1","0","1","0"
"POINT (11.561055227000054 48.091162894000036)","Unfall 88451 (2017) Kat:3, Licht: 0","88451","3","7","6","08","11","3","0","0","0","1","1","0"
"POINT (11.626057171000070 48.101028382000038)","Unfall 88471 (2017) Kat:3, Licht: 0","88471","3","2","3","08","15","7","0","0","1","1","0","0"
"POINT (11.599661957000023 48.107622566000032)","Unfall 88568 (2017) Kat:2, Licht: 0","88568","2","4","6","08","11","7","0","0","0","1","1","0"
"POINT (11.522247020000066 48.124114253000073)","Unfall 88607 (2017) Kat:3, Licht: 0","88607","3","1","0","08","17","6","0","0","0","0","0","1"
"POINT (11.451017574000048 48.204431739000029)","Unfall 88614 (2017) Kat:3, Licht: 0","88614","3","7","8","08","11","6","1","0","0","1","0","0"
"POINT (11.394509667000023 48.146178159000044)","Unfall 88632 (2017) Kat:3, Licht: 0","88632","3","1","8","08","07","4","1","0","0","1","0","0"
"POINT (11.645050106000042 48.087098671000035)","Unfall 88634 (2017) Kat:3, Licht: 0","88634","3","7","3","08","07","4","1","0","0","1","0","0"
"POINT (11.614740693000044 48.137948869000070)","Unfall 88635 (2017) Kat:3, Licht: 2","88635","3","6","2","08","13","4","0","2","0","1","0","0"
"POINT (11.538793708000071 48.172376659000065)","Unfall 88684 (2017) Kat:3, Licht: 0","88684","3","6","3","08","16","5","1","0","0","1","0","0"
"POINT (11.614435381000021 48.111631923000061)","Unfall 88714 (2017) Kat:3, Licht: 0","88714","3","7","5","08","11","7","1","0","0","1","0","0"
"POINT (11.591004841000029 48.105288793000057)","Unfall 88773 (2017) Kat:3, Licht: 0","88773","3","6","1","08","18","3","1","0","0","1","0","0"
"POINT (11.576258814000028 48.111623041000030)","Unfall 88895 (2017) Kat:3, Licht: 2","88895","3","6","2","08","17","2","0","2","0","1","0","0"
"POINT (11.533091679000051 48.187071923000076)","Unfall 88896 (2017) Kat:3, Licht: 0","88896","3","6","2","08","09","2","0","0","0","1","0","1"
"POINT (11.432088858000043 48.181459193000080)","Unfall 88899 (2017) Kat:3, Licht: 0","88899","3","1","9","08","17","7","0","0","0","1","0","0"
"POINT (11.534929531000046 48.090543879000052)","Unfall 88901 (2017) Kat:2, Licht: 0","88901","2","2","2","08","11","2","0","0","0","1","0","0"
"POINT (11.625788550000038 48.102786374000061)","Unfall 88903 (2017) Kat:2, Licht: 1","88903","2","2","4","08","20","2","0","1","0","1","0","1"
"POINT (11.539771561000066 48.110300322000057)","Unfall 88905 (2017) Kat:3, Licht: 0","88905","3","2","4","08","08","2","0","0","1","1","0","0"
"POINT (11.629141731000061 48.219376103000059)","Unfall 88919 (2017) Kat:3, Licht: 0","88919","3","1","0","08","11","7","1","0","0","0","0","1"
"POINT (11.460760108000045 48.176555403000066)","Unfall 88934 (2017) Kat:3, Licht: 0","88934","3","1","0","08","13","6","1","0","0","0","0","1"
"POINT (11.417877493000049 48.169257892000076)","Unfall 89085 (2017) Kat:3, Licht: 2","89085","3","6","3","08","13","2","0","2","0","1","0","0"
"POINT (11.512980875000039 48.142028322000044)","Unfall 89094 (2017) Kat:3, Licht: 0","89094","3","6","3","08","18","1","0","0","0","1","0","0"
"POINT (11.537648957000044 48.156336121000038)","Unfall 89100 (2017) Kat:3, Licht: 0","89100","3","3","5","08","14","1","0","0","1","1","0","0"
"POINT (11.607459058000074 48.108949427000027)","Unfall 89101 (2017) Kat:3, Licht: 2","89101","3","7","3","08","05","1","1","2","0","1","0","0"
"POINT (11.541321818000029 48.186449128000049)","Unfall 89178 (2017) Kat:3, Licht: 0","89178","3","3","2","08","17","5","0","0","1","0","0","0"
"POINT (11.558669552000026 48.176360925000040)","Unfall 89223 (2017) Kat:2, Licht: 2","89223","2","2","3","08","05","4","1","2","1","1","0","0"
"POINT (11.553958781000063 48.112089359000038)","Unfall 89263 (2017) Kat:3, Licht: 0","89263","3","6","3","08","18","5","0","0","1","0","0","0"
"POINT (11.537175491000028 48.154368730000044)","Unfall 89281 (2017) Kat:3, Licht: 1","89281","3","6","3","08","06","6","0","1","0","1","0","1"
"POINT (11.613553324000065 48.189843802000041)","Unfall 89380 (2017) Kat:3, Licht: 0","89380","3","6","2","08","07","4","1","0","0","1","0","0"
"POINT (11.584978958000022 48.180252906000078)","Unfall 89386 (2017) Kat:3, Licht: 0","89386","3","2","4","08","18","3","0","0","1","1","0","0"
"POINT (11.624804946000040 48.092438528000059)","Unfall 89435 (2017) Kat:3, Licht: 0","89435","3","3","5","08","08","6","0","0","1","1","0","0"
"POINT (11.585440185000039 48.200945751000063)","Unfall 89539 (2017) Kat:3, Licht: 2","89539","3","2","3","08","22","6","0","2","1","1","0","0"
"POINT (11.517389243000025 48.124108502000070)","Unfall 89540 (2017) Kat:3, Licht: 2","89540","3","6","2","08","21","3","0","2","0","1","0","0"
"POINT (11.618883291000031 48.125983283000039)","Unfall 89541 (2017) Kat:3, Licht: 0","89541","3","6","1","08","10","1","0","0","0","1","0","0"
"POINT (11.569837213000028 48.104688502000045)","Unfall 89552 (2017) Kat:3, Licht: 0","89552","3","2","4","08","08","2","0","0","0","1","0","1"
"POINT (11.614886737000063 48.111973024000065)","Unfall 89557 (2017) Kat:3, Licht: 0","89557","3","6","2","08","17","2","0","0","0","1","0","0"
"POINT (11.539772306000032 48.110293981000041)","Unfall 89564 (2017) Kat:3, Licht: 0","89564","3","3","5","08","14","2","0","0","0","1","0","0"
"POINT (11.534118794000051 48.187052423000068)","Unfall 89734 (2017) Kat:3, Licht: 2","89734","3","5","1","08","22","1","0","2","0","1","0","0"
"POINT (11.530361099000061 48.187396694000029)","Unfall 89795 (2017) Kat:3, Licht: 0","89795","3","6","4","08","16","2","0","0","1","1","0","0"
"POINT (11.517750882000030 48.119229942000061)","Unfall 89898 (2017) Kat:3, Licht: 0","89898","3","3","5","08","12","4","0","0","0","1","0","0"
"POINT (11.615897377000067 48.194069313000057)","Unfall 89979 (2017) Kat:3, Licht: 0","89979","3","6","3","08","15","4","0","0","0","1","0","0"
"POINT (11.584458766000068 48.187858129000062)","Unfall 89984 (2017) Kat:2, Licht: 0","89984","2","2","3","08","11","3","0","0","1","0","0","0"
"POINT (11.395205587000021 48.179882595000038)","Unfall 89985 (2017) Kat:3, Licht: 0","89985","3","7","0","08","17","3","0","0","1","0","0","0"
"POINT (11.528683858000022 48.080937845000051)","Unfall 90156 (2017) Kat:2, Licht: 0","90156","2","3","5","08","09","7","0","0","1","1","0","0"
"POINT (11.615420796000024 48.111032248000072)","Unfall 90226 (2017) Kat:2, Licht: 2","90226","2","6","3","08","01","7","0","2","1","1","0","0"
"POINT (11.522332386000073 48.126531652000040)","Unfall 90249 (2017) Kat:3, Licht: 0","90249","3","6","3","08","14","6","0","0","0","1","0","1"
"POINT (11.461280189000036 48.181626830000027)","Unfall 90250 (2017) Kat:3, Licht: 0","90250","3","2","5","08","14","6","0","0","1","0","0","0"
"POINT (11.654130629000065 48.094040865000068)","Unfall 90342 (2017) Kat:3, Licht: 2","90342","3","6","2","08","20","5","0","2","0","0","0","1"
"POINT (11.534780535000039 48.139694491000057)","Unfall 90421 (2017) Kat:3, Licht: 0","90421","3","6","2","08","16","4","0","0","0","1","0","1"
"POINT (11.621005572000058 48.191643781000039)","Unfall 90422 (2017) Kat:3, Licht: 0","90422","3","2","4","08","18","4","0","0","1","1","0","0"
"POINT (11.621412120000059 48.137201706000042)","Unfall 90532 (2017) Kat:3, Licht: 0","90532","3","4","6","08","15","3","0","0","0","1","1","0"
"POINT (11.604083792000040 48.179708419000065)","Unfall 90533 (2017) Kat:3, Licht: 0","90533","3","6","3","08","14","3","0","0","0","1","0","0"
"POINT (11.585226409000029 48.200835284000050)","Unfall 90534 (2017) Kat:3, Licht: 0","90534","3","2","4","08","17","3","0","0","1","1","0","0"
"POINT (11.561474040000064 48.112763388000076)","Unfall 90535 (2017) Kat:3, Licht: 0","90535","3","6","3","08","15","3","0","0","0","1","0","1"
"POINT (11.518445073000066 48.120792464000033)","Unfall 90536 (2017) Kat:3, Licht: 0","90536","3","6","5","08","10","3","0","0","0","0","0","1"
"POINT (11.530256120000047 48.140337767000062)","Unfall 90537 (2017) Kat:3, Licht: 0","90537","3","4","6","08","19","3","0","0","0","1","1","0"
"POINT (11.617986098000074 48.198372841000037)","Unfall 90623 (2017) Kat:3, Licht: 0","90623","3","6","2","08","16","3","0","0","0","0","0","1"
"POINT (11.539703418000045 48.175788234000038)","Unfall 90627 (2017) Kat:2, Licht: 2","90627","2","6","8","08","21","2","0","2","0","1","0","1"
"POINT (11.481691562000037 48.209278743000027)","Unfall 90744 (2017) Kat:3, Licht: 0","90744","3","6","2","09","08","2","0","0","0","1","0","0"
"POINT (11.537052312000071 48.151962089000051)","Unfall 90754 (2017) Kat:2, Licht: 0","90754","2","7","0","09","13","1","0","0","1","0","0","0"
"POINT (11.651280551000070 48.104601034000041)","Unfall 90848 (2017) Kat:3, Licht: 2","90848","3","6","1","09","00","7","1","2","0","1","0","0"
"POINT (11.459611437000035 48.149968104000038)","Unfall 90849 (2017) Kat:3, Licht: 2","90849","3","5","3","09","20","7","0","2","0","1","0","1"
"POINT (11.603299410000034 48.157398693000061)","Unfall 90850 (2017) Kat:3, Licht: 0","90850","3","1","9","09","11","7","1","0","0","0","0","1"
"POINT (11.618258197000046 48.110142958000040)","Unfall 90935 (2017) Kat:2, Licht: 2","90935","2","2","4","09","22","6","1","2","0","1","0","1"
"POINT (11.599880299000063 48.175708607000047)","Unfall 90936 (2017) Kat:3, Licht: 0","90936","3","7","0","09","18","6","1","0","0","0","0","1"
"POINT (11.601620900000057 48.159606224000072)","Unfall 90980 (2017) Kat:3, Licht: 0","90980","3","6","2","09","18","2","0","0","0","1","0","0"
"POINT (11.692153216000065 48.141079785000045)","Unfall 91028 (2017) Kat:3, Licht: 0","91028","3","1","8","09","12","6","1","0","0","1","0","0"
"POINT (11.629134850000071 48.220647762000056)","Unfall 91033 (2017) Kat:3, Licht: 0","91033","3","6","4","09","15","6","1","0","0","1","0","0"
"POINT (11.616227228000071 48.113040631000047)","Unfall 91039 (2017) Kat:3, Licht: 1","91039","3","6","2","08","19","5","1","1","0","1","0","0"
"POINT (11.503396236000071 48.143279406000033)","Unfall 91040 (2017) Kat:3, Licht: 0","91040","3","3","5","08","06","5","0","0","0","1","0","0"
"POINT (11.644158645000061 48.126199246000056)","Unfall 91041 (2017) Kat:3, Licht: 0","91041","3","2","3","08","10","5","0","0","1","1","0","0"
"POINT (11.599623054000062 48.107613445000027)","Unfall 91044 (2017) Kat:3, Licht: 2","91044","3","2","5","08","20","5","1","2","0","1","0","0"
"POINT (11.507504471000061 48.125462257000038)","Unfall 91100 (2017) Kat:3, Licht: 0","91100","3","6","2","09","07","2","0","0","0","1","0","0"
"POINT (11.533510811000042 48.187039025000047)","Unfall 91106 (2017) Kat:3, Licht: 0","91106","3","3","5","09","09","1","1","0","0","1","0","0"
"POINT (11.607979022000052 48.109031021000078)","Unfall 91107 (2017) Kat:2, Licht: 0","91107","2","2","2","09","18","1","0","0","0","1","0","0"
"POINT (11.607711451000057 48.108986718000040)","Unfall 91183 (2017) Kat:2, Licht: 0","91183","2","6","2","09","13","7","0","0","0","1","0","0"
"POINT (11.496719642000073 48.143711295000060)","Unfall 91185 (2017) Kat:3, Licht: 0","91185","3","3","5","09","12","7","0","0","1","1","0","0"
"POINT (11.554178514000057 48.176090270000032)","Unfall 91276 (2017) Kat:2, Licht: 0","91276","2","6","3","09","07","6","0","0","0","1","0","1"
"POINT (11.524234823000029 48.140767324000080)","Unfall 91382 (2017) Kat:3, Licht: 0","91382","3","2","5","09","06","3","1","0","1","1","0","0"
"POINT (11.592848360000062 48.175547360000053)","Unfall 91491 (2017) Kat:3, Licht: 0","91491","3","6","2","09","16","4","0","0","0","1","0","0"
"POINT (11.620454261000077 48.124726860000067)","Unfall 91493 (2017) Kat:3, Licht: 0","91493","3","2","5","09","08","4","1","0","0","1","0","0"
"POINT (11.487381898000024 48.086453072000040)","Unfall 91496 (2017) Kat:2, Licht: 1","91496","2","3","5","09","18","4","1","1","0","1","0","0"
"POINT (11.502913561000071 48.087413661000028)","Unfall 91498 (2017) Kat:3, Licht: 0","91498","3","3","5","09","17","4","0","0","0","1","0","0"
"POINT (11.616584925000041 48.113641337000047)","Unfall 91500 (2017) Kat:3, Licht: 0","91500","3","6","2","09","12","4","1","0","0","1","0","0"
"POINT (11.635678173000031 48.214915464000057)","Unfall 91537 (2017) Kat:3, Licht: 0","91537","3","3","5","09","10","6","1","0","1","1","0","0"
"POINT (11.501710081000056 48.143358357000068)","Unfall 91614 (2017) Kat:3, Licht: 0","91614","3","5","1","09","16","6","0","0","1","1","0","0"
"POINT (11.453160727000068 48.204539347000036)","Unfall 91657 (2017) Kat:3, Licht: 0","91657","3","6","2","09","11","6","0","0","0","1","0","0"
"POINT (11.496315707000065 48.143752814000038)","Unfall 91670 (2017) Kat:3, Licht: 0","91670","3","7","3","09","18","5","1","0","0","1","0","0"
"POINT (11.696283585000060 48.114936452000052)","Unfall 91671 (2017) Kat:3, Licht: 0","91671","3","7","0","09","18","5","1","0","0","1","0","0"
"POINT (11.557838064000066 48.176075852000054)","Unfall 91672 (2017) Kat:3, Licht: 0","91672","3","6","2","09","07","5","0","0","0","1","0","0"
"POINT (11.502222655000025 48.112065335000068)","Unfall 91732 (2017) Kat:3, Licht: 0","91732","3","2","5","09","16","6","1","0","1","1","0","0"
"POINT (11.406377421000059 48.161683159000063)","Unfall 91804 (2017) Kat:3, Licht: 2","91804","3","6","2","09","15","5","0","2","0","0","0","0"
"POINT (11.485409854000068 48.210270221000030)","Unfall 91806 (2017) Kat:3, Licht: 0","91806","3","6","1","09","13","3","0","0","0","1","0","0"
"POINT (11.574324154000067 48.227448829000082)","Unfall 91810 (2017) Kat:2, Licht: 1","91810","2","1","8","09","19","3","1","1","0","0","0","1"
"POINT (11.629317053000022 48.220996969000055)","Unfall 91814 (2017) Kat:3, Licht: 0","91814","3","6","2","09","18","3","0","0","0","1","0","0"
"POINT (11.624154071000021 48.129586657000061)","Unfall 91819 (2017) Kat:3, Licht: 0","91819","3","1","7","09","06","4","0","0","1","0","0","0"
"POINT (11.584911562000059 48.198246799000060)","Unfall 91835 (2017) Kat:3, Licht: 0","91835","3","2","5","09","08","2","0","0","1","1","0","0"
"POINT (11.531280705000029 48.082663404000073)","Unfall 91856 (2017) Kat:3, Licht: 0","91856","3","7","4","09","14","2","0","0","0","1","0","0"
"POINT (11.615319120000038 48.128361452000036)","Unfall 91902 (2017) Kat:3, Licht: 0","91902","3","5","0","09","16","3","1","0","0","1","0","0"
"POINT (11.585276434000036 48.201080668000031)","Unfall 91903 (2017) Kat:3, Licht: 0","91903","3","2","5","09","15","3","0","0","0","1","0","0"
"POINT (11.473682881000059 48.209723697000072)","Unfall 91978 (2017) Kat:3, Licht: 2","91978","3","6","3","09","05","2","1","2","0","1","0","0"
"POINT (11.618660372000022 48.109095260000061)","Unfall 92064 (2017) Kat:3, Licht: 0","92064","3","5","1","09","08","2","0","0","1","1","0","0"
"POINT (11.500962490000063 48.143400312000040)","Unfall 92113 (2017) Kat:2, Licht: 2","92113","2","1","7","09","04","1","0","2","1","0","0","0"
"POINT (11.471799289000046 48.209715662000065)","Unfall 92165 (2017) Kat:3, Licht: 0","92165","3","6","3","09","07","6","0","0","0","1","0","0"
"POINT (11.536848749000058 48.155971376000082)","Unfall 92176 (2017) Kat:3, Licht: 0","92176","3","3","5","09","06","2","0","0","1","1","0","0"
"POINT (11.589228019000075 48.177078032000054)","Unfall 92188 (2017) Kat:3, Licht: 0","92188","3","5","2","09","16","5","0","0","0","1","0","0"
"POINT (11.549135352000064 48.176266562000080)","Unfall 92189 (2017) Kat:3, Licht: 2","92189","3","6","1","09","20","5","0","2","0","1","0","0"
"POINT (11.609437496000055 48.184614938000038)","Unfall 92192 (2017) Kat:3, Licht: 0","92192","3","6","2","09","07","5","0","0","0","1","0","1"
"POINT (11.582514927000034 48.104592006000075)","Unfall 92193 (2017) Kat:3, Licht: 0","92193","3","2","5","09","11","5","0","0","0","1","0","1"
"POINT (11.535673140000029 48.145947410000076)","Unfall 92203 (2017) Kat:3, Licht: 0","92203","3","6","3","09","12","7","1","0","0","1","0","0"
"POINT (11.531599643000050 48.082915873000047)","Unfall 92205 (2017) Kat:3, Licht: 0","92205","3","6","2","09","11","7","1","0","0","1","0","0"
"POINT (11.524112538000054 48.127814457000056)","Unfall 92210 (2017) Kat:3, Licht: 0","92210","3","6","2","09","09","7","1","0","0","1","0","0"
"POINT (11.705005330000063 48.112363775000063)","Unfall 92213 (2017) Kat:3, Licht: 2","92213","3","3","6","09","19","7","0","2","0","1","1","0"
"POINT (11.704400679000059 48.112355487000059)","Unfall 92215 (2017) Kat:1, Licht: 1","92215","1","6","2","09","19","7","0","1","0","1","0","0"
"POINT (11.579657830000031 48.107768417000045)","Unfall 92349 (2017) Kat:3, Licht: 0","92349","3","2","3","09","17","4","1","0","0","0","0","1"
"POINT (11.603892266000059 48.179382913000040)","Unfall 92352 (2017) Kat:3, Licht: 0","92352","3","6","2","09","12","4","0","0","0","1","0","0"
"POINT (11.581864722000034 48.104450604000078)","Unfall 92354 (2017) Kat:3, Licht: 0","92354","3","2","5","09","13","4","1","0","1","1","0","0"
"POINT (11.537415019000036 48.159597604000055)","Unfall 92356 (2017) Kat:2, Licht: 2","92356","2","4","6","09","22","4","1","2","0","1","1","0"
"POINT (11.636189209000065 48.174753836000036)","Unfall 92358 (2017) Kat:3, Licht: 2","92358","3","5","1","09","23","4","0","2","0","1","0","0"
"POINT (11.535826981000071 48.146277400000031)","Unfall 92359 (2017) Kat:3, Licht: 0","92359","3","6","3","09","13","4","0","0","0","1","0","0"
"POINT (11.458657129000073 48.150291693000042)","Unfall 92360 (2017) Kat:3, Licht: 0","92360","3","6","1","09","15","4","0","0","0","1","0","0"
"POINT (11.483560418000025 48.213710359000061)","Unfall 92361 (2017) Kat:3, Licht: 0","92361","3","6","2","09","17","4","1","0","0","1","0","0"
"POINT (11.516980325000077 48.116111263000050)","Unfall 92365 (2017) Kat:3, Licht: 2","92365","3","6","2","09","10","4","0","2","0","1","0","0"
"POINT (11.598914895000064 48.161647905000052)","Unfall 92472 (2017) Kat:3, Licht: 0","92472","3","7","0","09","07","3","1","0","1","0","0","0"
"POINT (11.688796861000071 48.141174396000054)","Unfall 92512 (2017) Kat:3, Licht: 0","92512","3","1","8","09","15","2","0","0","0","0","0","1"
"POINT (11.535510128000055 48.145192133000080)","Unfall 92528 (2017) Kat:1, Licht: 0","92528","1","1","0","09","10","1","0","0","1","0","0","0"
"POINT (11.524220412000034 48.140768514000058)","Unfall 92539 (2017) Kat:3, Licht: 2","92539","3","2","5","09","22","1","1","2","0","1","0","0"
"POINT (11.630650660000072 48.224026583000068)","Unfall 92604 (2017) Kat:3, Licht: 0","92604","3","6","1","09","12","5","0","0","0","1","0","0"
"POINT (11.615743931000054 48.194105906000061)","Unfall 92605 (2017) Kat:3, Licht: 0","92605","3","6","2","09","10","5","0","0","0","1","0","0"
"POINT (11.545206633000021 48.197431113000050)","Unfall 92607 (2017) Kat:1, Licht: 2","92607","1","3","5","09","21","4","0","2","0","1","0","1"
"POINT (11.615114147000043 48.112145777000080)","Unfall 92608 (2017) Kat:3, Licht: 1","92608","3","2","5","09","06","4","0","1","0","1","0","0"
"POINT (11.409160733000022 48.169512128000065)","Unfall 92610 (2017) Kat:3, Licht: 0","92610","3","6","0","09","18","4","0","0","1","1","0","0"
"POINT (11.614388580000025 48.106482759000073)","Unfall 92664 (2017) Kat:3, Licht: 0","92664","3","6","2","09","14","1","0","0","0","1","0","0"
"POINT (11.618130293000036 48.116390247000027)","Unfall 92718 (2017) Kat:3, Licht: 0","92718","3","6","2","09","10","7","0","0","0","1","0","0"
"POINT (11.522255427000061 48.109911044000057)","Unfall 92719 (2017) Kat:3, Licht: 0","92719","3","7","0","09","15","7","0","0","0","0","0","1"
"POINT (11.581018610000058 48.177604240000051)","Unfall 92753 (2017) Kat:3, Licht: 1","92753","3","7","0","09","17","3","0","1","0","1","0","0"
"POINT (11.538517349000074 48.170838209000067)","Unfall 92754 (2017) Kat:3, Licht: 0","92754","3","6","3","09","06","3","0","0","0","1","0","0"
"POINT (11.524207991000026 48.140687968000066)","Unfall 92755 (2017) Kat:3, Licht: 0","92755","3","2","5","09","09","3","0","0","1","1","0","0"
"POINT (11.557094651000057 48.112359977000040)","Unfall 92851 (2017) Kat:3, Licht: 0","92851","3","6","3","09","08","5","0","0","0","1","0","1"
"POINT (11.616373151000062 48.148456355000064)","Unfall 92858 (2017) Kat:3, Licht: 2","92858","3","1","8","09","02","5","0","2","0","1","0","0"
"POINT (11.451482099000032 48.133495564000043)","Unfall 92864 (2017) Kat:3, Licht: 0","92864","3","2","2","09","10","2","0","0","0","1","0","0"
"POINT (11.489493032000041 48.144431430000054)","Unfall 92865 (2017) Kat:3, Licht: 0","92865","3","6","2","09","08","2","0","0","0","1","0","0"
"POINT (11.634200418000034 48.127470781000056)","Unfall 92868 (2017) Kat:3, Licht: 0","92868","3","6","0","09","14","2","0","0","1","1","0","0"
"POINT (11.611016067000037 48.186039785000048)","Unfall 92869 (2017) Kat:3, Licht: 0","92869","3","3","5","09","14","2","0","0","0","1","0","0"
"POINT (11.623336892000054 48.104780610000034)","Unfall 92874 (2017) Kat:3, Licht: 2","92874","3","7","6","09","19","2","0","2","0","1","1","0"
"POINT (11.582489424000073 48.177500833000067)","Unfall 92986 (2017) Kat:3, Licht: 2","92986","3","6","2","09","11","6","0","2","0","1","0","0"
"POINT (11.410441545000026 48.128961889000038)","Unfall 93102 (2017) Kat:3, Licht: 0","93102","3","7","2","10","17","5","0","0","0","1","0","0"
"POINT (11.611421396000026 48.154209280000032)","Unfall 93133 (2017) Kat:3, Licht: 2","93133","3","6","2","10","19","4","1","2","0","1","0","0"
"POINT (11.451953063000076 48.134270577000052)","Unfall 93267 (2017) Kat:3, Licht: 0","93267","3","2","3","09","10","7","0","0","1","1","0","0"
"POINT (11.394634976000077 48.145651346000079)","Unfall 93292 (2017) Kat:3, Licht: 0","93292","3","6","2","10","13","4","0","0","0","1","0","0"
"POINT (11.599719392000054 48.170632848000025)","Unfall 93317 (2017) Kat:3, Licht: 0","93317","3","6","2","10","12","3","1","0","0","1","0","0"
"POINT (11.593691889000070 48.175919433000047)","Unfall 93395 (2017) Kat:3, Licht: 0","93395","3","1","8","10","14","3","0","0","0","1","0","0"
"POINT (11.600622570000041 48.160598686000071)","Unfall 93397 (2017) Kat:3, Licht: 0","93397","3","3","5","10","18","2","1","0","0","1","0","0"