WKT,Name,OBJECTID,UKATEGORIE,UTYP1,UART,UMONAT,USTUNDE,UWOCHENTAG,STRZUSTAND,ULICHTVERH,ISTRAD,ISTPKW,ISTFUSS,ISTKRAD
"POINT (11.515208028000075 48.124462688000051)","Unfall 93538 (2017) Kat:3, Licht: 0","93538","3","1","2","09","12","6","0","0","0","1","0","0"
"POINT (11.584838930000046 48.177323246000071)","Unfall 93569 (2017) Kat:3, Licht: 0","93569","3","6","1","09","08","5","0","0","0","1","0","0"
"POINT (11.503417842000033 48.142918236000071)","Unfall 93571 (2017) Kat:3, Licht: 2","93571","3","3","5","10","02","1","1","2","0","1","0","0"
"POINT (11.479699527000037 48.145172536000075)","Unfall 93573 (2017) Kat:3, Licht: 2","93573","3","7","0","10","00","1","0","2","0","1","1","0"
"POINT (11.471999417000063 48.115091858000028)","Unfall 93574 (2017) Kat:3, Licht: 0","93574","3","6","2","09","08","5","0","0","0","1","0","1"
"POINT (11.544746857000064 48.111702094000066)","Unfall 93577 (2017) Kat:2, Licht: 0","93577","2","7","0","09","17","5","0","0","0","1","0","0"
"POINT (11.563035863000039 48.092834257000050)","Unfall 93581 (2017) Kat:3, Licht: 0","93581","3","6","3","09","15","5","0","0","0","1","0","0"
"POINT (11.467100315000039 48.209622713000044)","Unfall 93629 (2017) Kat:3, Licht: 0","93629","3","7","9","10","09","2","1","0","0","1","0","0"
"POINT (11.547454992000041 48.176161234000062)","Unfall 93636 (2017) Kat:3, Licht: 0","93636","3","6","2","10","17","1","1","0","0","1","0","0"
"POINT (11.485069169000042 48.210237386000074)","Unfall 93687 (2017) Kat:3, Licht: 2","93687","3","3","5","10","22","7","0","2","0","1","0","0"
"POINT (11.557969720000074 48.176073692000045)","Unfall 93733 (2017) Kat:3, Licht: 0","93733","3","6","1","10","13","6","0","0","0","1","0","0"
"POINT (11.499002912000037 48.143502623000074)","Unfall 93734 (2017) Kat:3, Licht: 0","93734","3","6","2","10","15","6","1","0","0","1","0","0"
"POINT (11.479858128000046 48.209621251000044)","Unfall 93821 (2017) Kat:3, Licht: 0","93821","3","6","2","10","08","6","0","0","0","1","0","0"
"POINT (11.508086491000029 48.217814477000047)","Unfall 93829 (2017) Kat:3, Licht: 0","93829","3","7","2","10","16","6","1","0","0","1","0","0"
"POINT (11.548525831000063 48.192092976000026)","Unfall 93835 (2017) Kat:3, Licht: 0","93835","3","3","5","10","06","5","0","0","1","1","0","0"
"POINT (11.616410814000062 48.133078396000030)","Unfall 93836 (2017) Kat:3, Licht: 0","93836","3","7","2","10","16","5","0","0","0","1","0","0"
"POINT (11.694815021000068 48.115785263000078)","Unfall 93837 (2017) Kat:2, Licht: 0","93837","2","6","2","10","18","5","1","0","0","1","0","1"
"POINT (11.629844528000035 48.222018610000077)","Unfall 93871 (2017) Kat:3, Licht: 2","93871","3","6","3","10","00","6","0","2","0","1","0","0"
"POINT (11.614205448000064 48.226485576000073)","Unfall 93872 (2017) Kat:3, Licht: 0","93872","3","6","3","10","15","6","0","0","0","1","0","0"
"POINT (11.616294099000072 48.133857208000052)","Unfall 93877 (2017) Kat:3, Licht: 0","93877","3","1","0","10","13","5","0","0","0","0","0","1"
"POINT (11.584362436000049 48.188964491000036)","Unfall 93878 (2017) Kat:3, Licht: 0","93878","3","2","3","10","13","5","0","0","1","1","0","0"
"POINT (11.619980125000041 48.120123704000036)","Unfall 93931 (2017) Kat:2, Licht: 2","93931","2","6","3","10","06","4","0","2","0","1","0","1"
"POINT (11.547333937000076 48.194007605000081)","Unfall 94013 (2017) Kat:3, Licht: 2","94013","3","6","2","10","06","3","0","2","0","1","0","0"
"POINT (11.654035353000040 48.124798862000034)","Unfall 94014 (2017) Kat:2, Licht: 0","94014","2","2","4","10","15","3","0","0","0","1","0","1"
"POINT (11.433676699000046 48.180407898000055)","Unfall 94091 (2017) Kat:3, Licht: 0","94091","3","3","5","10","15","3","0","0","0","1","0","0"
"POINT (11.620375688000024 48.124874428000055)","Unfall 94100 (2017) Kat:3, Licht: 0","94100","3","6","2","10","16","2","0","0","0","1","0","0"
"POINT (11.518647383000030 48.141309838000041)","Unfall 94101 (2017) Kat:3, Licht: 2","94101","3","2","6","10","19","2","0","2","0","1","1","0"
"POINT (11.512288648000037 48.107722779000028)","Unfall 94236 (2017) Kat:3, Licht: 0","94236","3","6","2","10","16","1","0","0","0","1","0","0"
"POINT (11.487916776000077 48.093565492000039)","Unfall 94237 (2017) Kat:3, Licht: 1","94237","3","6","2","10","19","1","0","1","0","1","0","0"
"POINT (11.633703119000074 48.230563615000051)","Unfall 94265 (2017) Kat:3, Licht: 2","94265","3","6","1","10","01","1","0","2","0","1","0","0"
"POINT (11.641376305000051 48.126510058000065)","Unfall 94274 (2017) Kat:3, Licht: 2","94274","3","7","0","10","18","7","1","2","1","1","0","0"
"POINT (11.569778394000025 48.104625963000046)","Unfall 94276 (2017) Kat:2, Licht: 0","94276","2","2","4","10","10","7","0","0","1","1","0","0"
"POINT (11.563398357000040 48.095659281000053)","Unfall 94280 (2017) Kat:3, Licht: 0","94280","3","2","5","10","15","7","0","0","1","1","0","0"
"POINT (11.544912342000032 48.111902932000078)","Unfall 94399 (2017) Kat:3, Licht: 2","94399","3","6","8","10","08","6","0","2","0","1","0","0"
"POINT (11.512653880000073 48.142064854000068)","Unfall 94400 (2017) Kat:3, Licht: 0","94400","3","2","2","10","09","6","0","0","0","1","0","0"
"POINT (11.633868034000045 48.211267158000055)","Unfall 94403 (2017) Kat:3, Licht: 0","94403","3","6","3","10","17","6","0","0","0","1","0","1"
"POINT (11.537986515000057 48.167943172000037)","Unfall 94405 (2017) Kat:3, Licht: 0","94405","3","6","3","10","08","6","0","0","0","1","0","0"
"POINT (11.607479039000054 48.108951694000041)","Unfall 94406 (2017) Kat:3, Licht: 1","94406","3","6","2","10","17","6","0","1","0","1","0","1"
"POINT (11.539909404000070 48.107282568000073)","Unfall 94407 (2017) Kat:3, Licht: 2","94407","3","3","5","10","05","6","0","2","0","1","0","0"
"POINT (11.436821417000033 48.195949487000064)","Unfall 94485 (2017) Kat:3, Licht: 0","94485","3","6","2","10","13","6","0","0","0","1","0","0"
"POINT (11.426441132000036 48.185191093000071)","Unfall 94486 (2017) Kat:3, Licht: 0","94486","3","6","2","10","08","6","0","0","0","1","0","0"
"POINT (11.634756860000039 48.127264119000074)","Unfall 94591 (2017) Kat:3, Licht: 0","94591","3","2","5","10","07","3","0","0","1","1","0","0"
"POINT (11.420191389000024 48.142344356000081)","Unfall 94595 (2017) Kat:2, Licht: 2","94595","2","7","0","10","19","3","1","2","1","0","0","0"
"POINT (11.502310577000060 48.192875878000052)","Unfall 94596 (2017) Kat:3, Licht: 0","94596","3","3","5","10","15","3","0","0","1","0","0","0"
"POINT (11.613854392000064 48.106400436000058)","Unfall 94679 (2017) Kat:3, Licht: 0","94679","3","6","2","10","09","3","0","0","0","1","0","0"
"POINT (11.622823633000053 48.129714577000072)","Unfall 94698 (2017) Kat:3, Licht: 1","94698","3","6","4","10","17","2","0","1","1","0","0","0"
"POINT (11.712688491000051 48.110941347000050)","Unfall 94699 (2017) Kat:3, Licht: 0","94699","3","3","5","10","18","2","0","0","1","1","0","0"
"POINT (11.614896024000075 48.192405781000048)","Unfall 94846 (2017) Kat:3, Licht: 0","94846","3","6","2","10","14","2","0","0","0","1","0","0"
"POINT (11.478539697000031 48.209766736000063)","Unfall 94932 (2017) Kat:3, Licht: 0","94932","3","3","5","10","15","2","1","0","0","1","0","0"
"POINT (11.395922380000059 48.140442100000030)","Unfall 95069 (2017) Kat:3, Licht: 0","95069","3","6","2","10","17","5","0","0","0","1","0","0"
"POINT (11.462148172000070 48.177038677000041)","Unfall 95096 (2017) Kat:3, Licht: 2","95096","3","2","5","10","21","6","0","2","0","1","0","0"
"POINT (11.473548339000047 48.209723124000050)","Unfall 95097 (2017) Kat:3, Licht: 0","95097","3","6","2","10","10","5","0","0","0","1","0","0"
"POINT (11.584878480000043 48.198190693000072)","Unfall 95101 (2017) Kat:3, Licht: 1","95101","3","4","6","10","07","6","0","1","0","1","1","0"
"POINT (11.553403651000053 48.183714463000058)","Unfall 95102 (2017) Kat:3, Licht: 0","95102","3","6","3","10","17","6","0","0","1","1","0","0"
"POINT (11.526647901000047 48.140474717000075)","Unfall 95103 (2017) Kat:3, Licht: 0","95103","3","6","2","10","17","6","0","0","1","0","0","0"
"POINT (11.521318141000052 48.125347700000077)","Unfall 95104 (2017) Kat:3, Licht: 0","95104","3","3","5","10","08","6","0","0","0","0","0","0"
"POINT (11.598356536000040 48.172853125000074)","Unfall 95105 (2017) Kat:3, Licht: 0","95105","3","6","2","10","07","6","0","0","0","1","0","0"
"POINT (11.635544923000054 48.127205227000047)","Unfall 95183 (2017) Kat:3, Licht: 0","95183","3","3","6","10","07","4","0","0","0","1","1","0"
"POINT (11.585057567000035 48.177981124000041)","Unfall 95210 (2017) Kat:3, Licht: 2","95210","3","6","1","10","19","4","0","2","0","1","0","0"
"POINT (11.477554447000045 48.145237370000075)","Unfall 95215 (2017) Kat:2, Licht: 0","95215","2","7","3","10","16","4","0","0","0","1","0","1"
"POINT (11.646347119000040 48.096469969000054)","Unfall 95226 (2017) Kat:3, Licht: 0","95226","3","2","5","10","15","4","0","0","1","1","0","0"
"POINT (11.598671305000039 48.161689900000056)","Unfall 95230 (2017) Kat:3, Licht: 0","95230","3","6","1","10","12","5","0","0","0","1","0","0"
"POINT (11.587101660000030 48.210540379000065)","Unfall 95232 (2017) Kat:3, Licht: 0","95232","3","2","5","10","14","5","0","0","1","0","0","0"
"POINT (11.584211509000056 48.195713656000066)","Unfall 95233 (2017) Kat:2, Licht: 2","95233","2","3","5","10","22","5","0","2","1","1","0","0"
"POINT (11.637606193000067 48.106015778000028)","Unfall 95234 (2017) Kat:3, Licht: 0","95234","3","6","2","10","18","5","0","0","0","1","0","0"
"POINT (11.492650246000039 48.084456587000034)","Unfall 95383 (2017) Kat:3, Licht: 0","95383","3","2","5","10","15","3","0","0","0","1","0","0"
"POINT (11.403702783000028 48.200384405000079)","Unfall 95384 (2017) Kat:3, Licht: 2","95384","3","6","2","10","18","4","0","2","0","1","0","0"
"POINT (11.491485532000070 48.144231649000062)","Unfall 95489 (2017) Kat:3, Licht: 0","95489","3","6","2","10","09","6","1","0","0","1","0","0"
"POINT (11.675376350000022 48.119395060000045)","Unfall 95494 (2017) Kat:3, Licht: 0","95494","3","6","2","10","09","6","1","0","0","1","0","0"
"POINT (11.553131114000053 48.112289588000067)","Unfall 95495 (2017) Kat:3, Licht: 1","95495","3","6","3","10","13","6","0","1","0","1","0","0"
"POINT (11.507768879000025 48.112564319000057)","Unfall 95496 (2017) Kat:3, Licht: 0","95496","3","2","5","10","12","6","1","0","0","1","0","0"
"POINT (11.613712787000054 48.189812583000048)","Unfall 95521 (2017) Kat:3, Licht: 0","95521","3","6","2","10","16","3","0","0","0","1","0","0"
"POINT (11.585257303000049 48.200980100000038)","Unfall 95548 (2017) Kat:3, Licht: 0","95548","3","3","5","10","08","5","0","0","1","1","0","0"
"POINT (11.523840387000064 48.109894667000049)","Unfall 95585 (2017) Kat:3, Licht: 0","95585","3","6","3","10","09","2","0","0","0","1","0","0"
"POINT (11.576311389000068 48.111603681000076)","Unfall 95586 (2017) Kat:3, Licht: 2","95586","3","3","5","10","23","2","1","2","0","1","0","0"
"POINT (11.599111123000057 48.169568590000040)","Unfall 95592 (2017) Kat:3, Licht: 0","95592","3","6","2","10","14","5","0","0","0","1","0","0"
"POINT (11.597650306000048 48.173574309000060)","Unfall 95593 (2017) Kat:3, Licht: 0","95593","3","3","5","10","10","3","0","0","0","1","0","0"
"POINT (11.645182738000074 48.211337837000031)","Unfall 95639 (2017) Kat:3, Licht: 0","95639","3","6","3","10","16","4","0","0","0","1","0","0"
"POINT (11.551757090000024 48.080420111000080)","Unfall 95641 (2017) Kat:3, Licht: 0","95641","3","6","2","10","10","4","0","0","0","1","0","0"
"POINT (11.395712884000034 48.140863510000031)","Unfall 95754 (2017) Kat:3, Licht: 0","95754","3","6","2","11","12","3","1","0","0","1","0","0"
"POINT (11.394078196000066 48.144372524000062)","Unfall 95755 (2017) Kat:3, Licht: 0","95755","3","3","9","11","11","3","1","0","0","1","0","0"
"POINT (11.628066406000073 48.138537599000074)","Unfall 95759 (2017) Kat:3, Licht: 0","95759","3","6","2","11","06","3","0","0","0","1","0","0"
"POINT (11.654168239000057 48.139432863000081)","Unfall 95760 (2017) Kat:3, Licht: 2","95760","3","6","2","11","17","3","0","2","0","1","0","0"
"POINT (11.512811426000042 48.219727303000070)","Unfall 95761 (2017) Kat:3, Licht: 0","95761","3","6","2","11","09","3","1","0","0","1","0","0"
"POINT (11.559927193000021 48.112651181000047)","Unfall 95769 (2017) Kat:3, Licht: 0","95769","3","6","2","11","06","2","1","0","0","1","0","0"
"POINT (11.613639117000048 48.102455007000060)","Unfall 95773 (2017) Kat:2, Licht: 2","95773","2","6","2","11","18","5","0","2","0","1","0","0"
"POINT (11.698043780000035 48.114371501000051)","Unfall 95776 (2017) Kat:3, Licht: 0","95776","3","5","1","11","10","2","1","0","0","1","0","1"
"POINT (11.559805700000027 48.112635454000042)","Unfall 95777 (2017) Kat:3, Licht: 1","95777","3","6","2","11","06","2","1","1","0","1","0","1"
"POINT (11.609985901000073 48.186223613000038)","Unfall 95816 (2017) Kat:3, Licht: 0","95816","3","6","2","11","09","5","0","0","0","1","0","0"
"POINT (11.617728454000030 48.115498398000057)","Unfall 95819 (2017) Kat:3, Licht: 2","95819","3","2","4","11","21","4","0","2","0","1","0","0"
"POINT (11.462313255000026 48.207986008000034)","Unfall 95878 (2017) Kat:3, Licht: 2","95878","3","6","2","11","08","2","1","2","0","1","0","0"
"POINT (11.524323746000050 48.223337603000061)","Unfall 95891 (2017) Kat:3, Licht: 0","95891","3","6","1","11","11","2","0","0","0","1","0","0"
"POINT (11.620208871000045 48.120294377000050)","Unfall 95902 (2017) Kat:3, Licht: 2","95902","3","4","6","11","19","1","1","2","0","1","1","0"
"POINT (11.695278875000042 48.115571512000031)","Unfall 95927 (2017) Kat:3, Licht: 0","95927","3","2","4","10","08","3","0","0","0","1","0","0"
"POINT (11.545908060000045 48.176301655000032)","Unfall 95928 (2017) Kat:3, Licht: 0","95928","3","6","8","10","13","3","0","0","0","1","0","0"
"POINT (11.555367703000059 48.226692093000054)","Unfall 95990 (2017) Kat:3, Licht: 0","95990","3","1","8","11","15","1","1","0","0","1","0","0"
"POINT (11.493380159000026 48.144039521000082)","Unfall 95991 (2017) Kat:3, Licht: 2","95991","3","2","5","11","19","7","0","2","0","1","0","0"
"POINT (11.518505469000047 48.141372599000078)","Unfall 95992 (2017) Kat:3, Licht: 2","95992","3","2","5","11","18","7","1","2","1","1","0","0"
"POINT (11.637692841000046 48.106050626000069)","Unfall 96016 (2017) Kat:3, Licht: 0","96016","3","6","2","10","16","2","0","0","0","1","0","0"
"POINT (11.521975223000027 48.189825594000069)","Unfall 96030 (2017) Kat:3, Licht: 2","96030","3","7","5","10","18","2","0","2","0","1","0","0"
"POINT (11.495232005000048 48.143859170000042)","Unfall 96064 (2017) Kat:3, Licht: 2","96064","3","4","6","11","20","6","0","2","1","0","1","0"
"POINT (11.499779413000056 48.143450360000031)","Unfall 96065 (2017) Kat:3, Licht: 0","96065","3","6","4","11","16","6","0","0","1","0","0","0"
"POINT (11.615332648000049 48.110405352000043)","Unfall 96081 (2017) Kat:3, Licht: 2","96081","3","6","2","11","18","6","0","2","0","1","0","0"
"POINT (11.492835027000069 48.124338904000069)","Unfall 96149 (2017) Kat:2, Licht: 2","96149","2","6","3","11","18","6","0","2","0","1","0","1"
"POINT (11.584734725000033 48.184302103000050)","Unfall 96168 (2017) Kat:3, Licht: 0","96168","3","2","5","11","16","5","0","0","0","1","0","0"
"POINT (11.503652803000023 48.112160551000045)","Unfall 96169 (2017) Kat:3, Licht: 2","96169","3","6","3","11","18","5","0","2","0","1","0","1"
"POINT (11.612059301000045 48.110255449000078)","Unfall 96172 (2017) Kat:3, Licht: 2","96172","3","4","6","11","16","5","0","2","0","1","1","0"
"POINT (11.393911577000040 48.144495986000038)","Unfall 96312 (2017) Kat:3, Licht: 1","96312","3","3","5","11","16","7","1","1","0","1","0","0"
"POINT (11.487772800000073 48.086073802000044)","Unfall 96317 (2017) Kat:3, Licht: 2","96317","3","1","9","11","16","1","1","2","0","1","0","0"
"POINT (11.604090409000037 48.108553548000032)","Unfall 96327 (2017) Kat:3, Licht: 2","96327","3","2","4","11","21","6","1","2","0","1","0","0"
"POINT (11.696999538000057 48.114606570000035)","Unfall 96333 (2017) Kat:3, Licht: 2","96333","3","4","6","11","17","6","1","2","0","1","1","0"
"POINT (11.593034366000040 48.175772771000027)","Unfall 96400 (2017) Kat:3, Licht: 2","96400","3","6","2","11","18","1","1","2","0","1","0","0"
"POINT (11.588246711000068 48.094881585000053)","Unfall 96413 (2017) Kat:3, Licht: 2","96413","3","1","0","11","17","7","1","2","0","1","0","0"
"POINT (11.518533950000062 48.141368673000045)","Unfall 96415 (2017) Kat:3, Licht: 2","96415","3","2","6","11","17","7","1","2","0","1","1","0"
"POINT (11.619022726000026 48.157724296000026)","Unfall 96426 (2017) Kat:3, Licht: 2","96426","3","2","3","11","19","7","1","2","1","1","0","0"
"POINT (11.400669982000068 48.156661693000046)","Unfall 96496 (2017) Kat:3, Licht: 0","96496","3","6","2","11","11","6","0","0","0","1","0","0"
"POINT (11.579913539000074 48.107622726000045)","Unfall 96532 (2017) Kat:3, Licht: 2","96532","3","6","2","11","20","5","0","2","0","1","0","0"
"POINT (11.618272845000035 48.199345642000026)","Unfall 96666 (2017) Kat:3, Licht: 0","96666","3","6","2","11","11","2","0","0","0","1","0","0"
"POINT (11.509238615000072 48.142460951000032)","Unfall 96681 (2017) Kat:3, Licht: 1","96681","3","3","5","11","16","4","0","1","1","1","0","0"
"POINT (11.614477831000045 48.111530283000036)","Unfall 96687 (2017) Kat:3, Licht: 2","96687","3","3","4","11","17","1","1","2","0","1","0","0"
"POINT (11.510718930000053 48.106927118000044)","Unfall 96788 (2017) Kat:3, Licht: 2","96788","3","6","2","11","17","4","0","2","0","1","0","0"
"POINT (11.613844507000067 48.106458060000080)","Unfall 96792 (2017) Kat:2, Licht: 2","96792","2","6","2","11","18","4","1","2","0","1","0","0"
"POINT (11.516726358000028 48.113242830000047)","Unfall 96807 (2017) Kat:3, Licht: 2","96807","3","6","2","11","19","3","0","2","0","1","0","0"
"POINT (11.587107937000042 48.210571778000030)","Unfall 96808 (2017) Kat:3, Licht: 0","96808","3","6","2","11","13","3","0","0","0","1","0","0"
"POINT (11.393911577000040 48.144495986000038)","Unfall 96902 (2017) Kat:2, Licht: 0","96902","2","7","3","11","13","1","1","0","0","1","0","0"
"POINT (11.592429993000053 48.175984893000077)","Unfall 96912 (2017) Kat:3, Licht: 0","96912","3","1","9","11","13","1","1","0","0","1","0","0"
"POINT (11.676988542000061 48.119373108000048)","Unfall 96917 (2017) Kat:3, Licht: 0","96917","3","4","6","11","13","7","1","0","0","1","1","0"
"POINT (11.502449818000059 48.192958629000032)","Unfall 96921 (2017) Kat:3, Licht: 0","96921","3","6","1","11","11","3","1","0","0","1","0","0"
"POINT (11.518706026000075 48.123934747000078)","Unfall 96984 (2017) Kat:3, Licht: 1","96984","3","6","2","11","15","7","0","1","0","1","0","0"
"POINT (11.568797411000048 48.227208604000054)","Unfall 96986 (2017) Kat:3, Licht: 2","96986","3","6","2","11","17","7","0","2","0","1","0","0"
"POINT (11.518673107000041 48.141390705000049)","Unfall 97001 (2017) Kat:3, Licht: 0","97001","3","2","4","11","09","6","0","0","0","1","0","0"
"POINT (11.671375021000074 48.119654042000036)","Unfall 97003 (2017) Kat:3, Licht: 2","97003","3","2","4","11","17","6","1","2","0","1","0","0"
"POINT (11.530570695000051 48.082263689000058)","Unfall 97143 (2017) Kat:3, Licht: 0","97143","3","1","0","11","15","3","1","0","0","0","0","1"
"POINT (11.603401319000056 48.108458681000059)","Unfall 97160 (2017) Kat:3, Licht: 0","97160","3","3","5","11","08","5","2","0","1","1","0","0"
"POINT (11.557746000000066 48.112306461000060)","Unfall 97161 (2017) Kat:3, Licht: 1","97161","3","6","3","11","17","5","0","1","0","1","0","0"
"POINT (11.548695967000072 48.191834431000075)","Unfall 97169 (2017) Kat:3, Licht: 2","97169","3","7","5","11","16","2","0","2","1","1","0","0"
"POINT (11.461432951000063 48.207301771000061)","Unfall 97274 (2017) Kat:3, Licht: 2","97274","3","6","2","11","07","5","0","2","0","1","0","0"
"POINT (11.585458303000053 48.201037509000059)","Unfall 97308 (2017) Kat:3, Licht: 0","97308","3","2","5","11","07","4","0","0","1","1","0","0"
"POINT (11.431690448000040 48.143933843000070)","Unfall 97310 (2017) Kat:3, Licht: 2","97310","3","2","4","11","05","4","0","2","0","1","0","0"
"POINT (11.398316428000044 48.138709830000039)","Unfall 97311 (2017) Kat:3, Licht: 0","97311","3","6","2","11","10","4","0","0","0","1","0","0"
"POINT (11.519658525000068 48.109805534000031)","Unfall 97313 (2017) Kat:3, Licht: 0","97313","3","6","1","11","15","4","0","0","0","1","0","0"
"POINT (11.517014794000033 48.110151950000045)","Unfall 97314 (2017) Kat:3, Licht: 2","97314","3","6","5","11","06","4","0","2","0","1","0","0"
"POINT (11.519740127000034 48.222254924000026)","Unfall 97391 (2017) Kat:3, Licht: 0","97391","3","6","2","11","16","3","0","0","0","1","0","0"
"POINT (11.479468430000054 48.209667909000075)","Unfall 97434 (2017) Kat:3, Licht: 0","97434","3","6","2","11","15","4","0","0","0","1","0","0"
"POINT (11.599530135000066 48.107593112000075)","Unfall 97441 (2017) Kat:3, Licht: 2","97441","3","4","6","11","23","2","1","2","0","1","1","0"
"POINT (11.587100387000021 48.210534005000056)","Unfall 97466 (2017) Kat:3, Licht: 0","97466","3","3","5","11","09","3","0","0","0","1","0","0"
"POINT (11.531754433000060 48.083063046000063)","Unfall 97468 (2017) Kat:3, Licht: 0","97468","3","6","2","11","07","3","0","0","0","1","0","0"
"POINT (11.700148711000054 48.113490216000059)","Unfall 97469 (2017) Kat:2, Licht: 0","97469","2","3","5","11","15","3","0","0","1","1","0","0"
"POINT (11.621662230000027 48.105963933000055)","Unfall 97471 (2017) Kat:3, Licht: 0","97471","3","6","2","11","13","3","0","0","0","1","0","0"
"POINT (11.616023565000035 48.154072502000076)","Unfall 97472 (2017) Kat:3, Licht: 0","97472","3","3","5","11","08","3","0","0","0","1","0","0"
"POINT (11.496900066000023 48.193882214000041)","Unfall 97527 (2017) Kat:3, Licht: 0","97527","3","6","3","11","10","5","0","0","0","1","0","0"
"POINT (11.632539009000027 48.171964674000037)","Unfall 97537 (2017) Kat:3, Licht: 2","97537","3","1","8","11","01","5","0","2","0","1","0","0"
"POINT (11.546918430000062 48.111975046000055)","Unfall 97538 (2017) Kat:3, Licht: 0","97538","3","6","3","11","08","5","0","0","0","1","0","0"
"POINT (11.394353976000048 48.143875658000070)","Unfall 97618 (2017) Kat:3, Licht: 0","97618","3","3","0","11","14","1","0","0","0","1","0","0"
"POINT (11.555327386000044 48.226817342000061)","Unfall 97623 (2017) Kat:3, Licht: 2","97623","3","6","3","11","21","1","1","2","0","1","0","0"
"POINT (11.595967418000043 48.179179771000065)","Unfall 97624 (2017) Kat:3, Licht: 2","97624","3","6","2","11","20","1","1","2","0","1","0","0"
"POINT (11.529890320000050 48.217891113000064)","Unfall 97626 (2017) Kat:2, Licht: 2","97626","2","3","5","11","22","7","0","2","0","1","0","0"
"POINT (11.528474399000061 48.140453179000076)","Unfall 97627 (2017) Kat:3, Licht: 2","97627","3","6","1","11","19","7","0","2","0","1","0","0"
"POINT (11.518048024000052 48.124020565000080)","Unfall 97686 (2017) Kat:3, Licht: 0","97686","3","6","2","11","09","7","0","0","0","1","0","0"
"POINT (11.535564624000074 48.186950049000075)","Unfall 97691 (2017) Kat:3, Licht: 2","97691","3","3","0","11","17","6","0","2","1","1","0","0"
"POINT (11.612295556000049 48.187886389000028)","Unfall 97773 (2017) Kat:3, Licht: 1","97773","3","6","2","11","16","3","0","1","0","1","0","0"
"POINT (11.570143849000033 48.227285079000069)","Unfall 97776 (2017) Kat:3, Licht: 0","97776","3","6","2","11","10","3","0","0","0","0","0","0"
"POINT (11.613859855000044 48.106423058000075)","Unfall 97784 (2017) Kat:3, Licht: 0","97784","3","6","2","11","09","2","1","0","0","1","0","0"
"POINT (11.473677614000053 48.123730936000072)","Unfall 97876 (2017) Kat:3, Licht: 2","97876","3","1","1","11","20","5","2","2","0","1","0","0"
"POINT (11.661953412000059 48.122288833000027)","Unfall 97881 (2017) Kat:3, Licht: 0","97881","3","3","5","11","09","4","1","0","0","1","0","0"
"POINT (11.458862902000021 48.150361655000040)","Unfall 97883 (2017) Kat:3, Licht: 2","97883","3","6","2","11","17","4","1","2","0","0","0","0"
"POINT (11.567457442000034 48.176653262000059)","Unfall 97884 (2017) Kat:3, Licht: 2","97884","3","4","6","11","18","4","1","2","0","1","1","0"
"POINT (11.518955973000061 48.141270481000049)","Unfall 97976 (2017) Kat:3, Licht: 0","97976","3","3","6","11","08","3","0","0","0","1","1","0"
"POINT (11.537043768000046 48.151830593000057)","Unfall 97979 (2017) Kat:3, Licht: 0","97979","3","2","3","11","08","3","0","0","1","1","0","0"
"POINT (11.543245742000067 48.226370524000060)","Unfall 98190 (2017) Kat:3, Licht: 2","98190","3","6","1","12","17","2","1","2","0","1","0","0"
"POINT (11.541295365000053 48.186288172000047)","Unfall 98203 (2017) Kat:3, Licht: 2","98203","3","2","2","12","02","1","0","2","0","1","0","0"
"POINT (11.503456135000022 48.142915654000035)","Unfall 98204 (2017) Kat:3, Licht: 2","98204","3","3","5","12","17","1","0","2","0","1","0","0"
"POINT (11.502822324000022 48.142984330000047)","Unfall 98206 (2017) Kat:3, Licht: 2","98206","3","6","3","12","06","1","0","2","0","1","0","0"
"POINT (11.472472000000039 48.209718535000036)","Unfall 98222 (2017) Kat:3, Licht: 2","98222","3","6","3","12","19","6","1","2","0","1","0","0"
"POINT (11.502325979000034 48.125746291000041)","Unfall 98223 (2017) Kat:3, Licht: 2","98223","3","6","2","12","19","6","1","2","0","1","0","0"
"POINT (11.543694074000030 48.176125919000071)","Unfall 98258 (2017) Kat:3, Licht: 0","98258","3","5","2","11","07","5","1","0","0","1","0","0"
"POINT (11.524578038000072 48.128104656000062)","Unfall 98276 (2017) Kat:3, Licht: 0","98276","3","7","3","11","13","5","1","0","0","1","0","0"
"POINT (11.394355514000040 48.180109149000032)","Unfall 98299 (2017) Kat:3, Licht: 0","98299","3","7","8","11","15","5","1","0","0","0","0","1"
"POINT (11.617004754000050 48.130724251000061)","Unfall 98300 (2017) Kat:3, Licht: 0","98300","3","3","5","11","13","5","1","0","0","1","0","0"
"POINT (11.498721578000072 48.143524680000041)","Unfall 98364 (2017) Kat:3, Licht: 0","98364","3","3","5","12","14","6","0","0","0","1","0","0"
"POINT (11.576138527000069 48.111420420000059)","Unfall 98366 (2017) Kat:3, Licht: 0","98366","3","4","6","12","07","6","2","0","0","1","1","0"
"POINT (11.566876644000047 48.100937175000070)","Unfall 98481 (2017) Kat:2, Licht: 0","98481","2","2","3","12","13","5","0","0","0","1","0","0"
"POINT (11.647874278000074 48.098470872000064)","Unfall 98483 (2017) Kat:3, Licht: 2","98483","3","4","6","12","18","5","0","2","0","1","1","0"
"POINT (11.643464302000041 48.212537175000080)","Unfall 98566 (2017) Kat:3, Licht: 0","98566","3","6","2","12","15","5","0","0","0","1","0","0"
"POINT (11.615672800000027 48.135724511000035)","Unfall 98571 (2017) Kat:3, Licht: 0","98571","3","7","0","12","14","4","0","0","1","0","0","0"
"POINT (11.537698295000041 48.089955395000061)","Unfall 98600 (2017) Kat:3, Licht: 1","98600","3","2","6","12","07","6","1","1","0","1","1","0"
"POINT (11.617044595000038 48.114036602000056)","Unfall 98639 (2017) Kat:3, Licht: 1","98639","3","3","5","12","16","3","1","1","0","1","1","0"
"POINT (11.534001759000034 48.139878543000066)","Unfall 98643 (2017) Kat:2, Licht: 2","98643","2","4","6","12","16","3","0","2","0","1","1","0"