WKT,Name,OBJECTID,UKATEGORIE,UTYP1,UART,UMONAT,USTUNDE,UWOCHENTAG,STRZUSTAND,ULICHTVERH,ISTRAD,ISTPKW,ISTFUSS,ISTKRAD
"POINT (11.518448505000038 48.141380454000057)","Unfall 98727 (2017) Kat:3, Licht: 1","98727","3","2","6","12","07","2","1","1","0","1","1","0"
"POINT (11.485395473000040 48.209039161000078)","Unfall 98843 (2017) Kat:3, Licht: 0","98843","3","6","3","12","15","4","0","0","0","1","0","0"
"POINT (11.394611817000055 48.146178771000052)","Unfall 98851 (2017) Kat:3, Licht: 0","98851","3","2","4","12","08","3","0","0","0","1","0","0"
"POINT (11.620633039000040 48.124645620000081)","Unfall 98937 (2017) Kat:3, Licht: 2","98937","3","3","5","12","19","2","0","2","0","1","0","0"
"POINT (11.500300188000040 48.143334316000050)","Unfall 98938 (2017) Kat:3, Licht: 1","98938","3","6","3","12","08","2","1","1","0","1","0","0"
"POINT (11.412946534000071 48.166189616000054)","Unfall 98941 (2017) Kat:3, Licht: 2","98941","3","7","2","12","17","5","1","2","0","1","0","0"
"POINT (11.647656839000035 48.098453348000078)","Unfall 98942 (2017) Kat:3, Licht: 0","98942","3","3","5","12","09","2","1","0","1","1","0","0"
"POINT (11.610885804000077 48.154461864000041)","Unfall 98943 (2017) Kat:3, Licht: 0","98943","3","6","2","12","11","2","0","0","0","1","0","0"
"POINT (11.587118034000071 48.210622296000054)","Unfall 99013 (2017) Kat:3, Licht: 2","99013","3","6","2","12","06","4","2","2","0","1","0","0"
"POINT (11.622776376000047 48.208315778000042)","Unfall 99022 (2017) Kat:3, Licht: 2","99022","3","6","2","12","19","2","1","2","0","1","0","0"
"POINT (11.522290661000056 48.189749326000026)","Unfall 99024 (2017) Kat:3, Licht: 0","99024","3","6","1","12","14","1","2","0","0","1","0","0"
"POINT (11.559878601000037 48.112644891000059)","Unfall 99027 (2017) Kat:3, Licht: 2","99027","3","6","2","12","19","4","1","2","0","1","0","0"
"POINT (11.598426465000045 48.161825921000059)","Unfall 99031 (2017) Kat:3, Licht: 1","99031","3","6","2","12","07","4","1","1","0","1","0","0"
"POINT (11.585441353000022 48.200951200000077)","Unfall 99111 (2017) Kat:3, Licht: 2","99111","3","2","0","12","05","7","1","2","0","1","0","0"
"POINT (11.627240878000066 48.129120906000026)","Unfall 99112 (2017) Kat:3, Licht: 2","99112","3","5","1","12","22","7","0","2","0","1","0","0"
"POINT (11.486350149000032 48.207452956000054)","Unfall 99172 (2017) Kat:3, Licht: 2","99172","3","6","2","12","19","6","1","2","0","1","0","0"
"POINT (11.544226480000077 48.111559910000040)","Unfall 99173 (2017) Kat:3, Licht: 0","99173","3","7","0","12","12","6","1","0","0","1","0","0"
"POINT (11.538621218000060 48.090913819000036)","Unfall 99174 (2017) Kat:3, Licht: 2","99174","3","6","4","12","16","6","1","2","0","1","0","0"
"POINT (11.418826570000022 48.169891077000045)","Unfall 99260 (2017) Kat:3, Licht: 2","99260","3","6","1","12","13","2","0","2","0","1","0","0"
"POINT (11.567755782000063 48.176635005000037)","Unfall 99266 (2017) Kat:3, Licht: 1","99266","3","6","2","12","16","1","1","1","0","1","0","0"
"POINT (11.522270044000038 48.189754311000058)","Unfall 99267 (2017) Kat:3, Licht: 2","99267","3","6","1","12","22","1","1","2","0","1","0","0"
"POINT (11.590204713000048 48.176605681000069)","Unfall 99272 (2017) Kat:3, Licht: 0","99272","3","6","2","12","09","2","0","0","0","1","0","0"
"POINT (11.617823809000072 48.198387751000041)","Unfall 99304 (2017) Kat:3, Licht: 0","99304","3","6","2","12","11","3","0","0","0","1","0","0"
"POINT (11.616948453000077 48.196218098000031)","Unfall 99380 (2017) Kat:3, Licht: 1","99380","3","6","3","12","17","3","0","1","0","1","0","0"
"POINT (11.501738080000052 48.102372016000061)","Unfall 99398 (2017) Kat:2, Licht: 0","99398","2","6","2","12","15","7","1","0","0","1","0","0"
"POINT (11.477407048000032 48.145242257000064)","Unfall 99434 (2017) Kat:3, Licht: 0","99434","3","6","2","12","13","6","0","0","0","1","0","0"
"POINT (11.456115619000059 48.163909148000073)","Unfall 99436 (2017) Kat:3, Licht: 2","99436","3","7","0","12","17","6","0","2","0","0","0","0"
"POINT (11.502454640000053 48.125746931000037)","Unfall 99439 (2017) Kat:3, Licht: 0","99439","3","6","2","12","08","3","0","0","0","1","0","0"
"POINT (11.503549187000033 48.142909381000038)","Unfall 99448 (2017) Kat:3, Licht: 0","99448","3","3","5","12","10","3","0","0","1","1","0","0"
"POINT (11.425587302000054 48.174911585000075)","Unfall 99555 (2017) Kat:3, Licht: 0","99555","3","6","2","12","10","4","1","0","0","1","0","0"
"POINT (11.534773315000052 48.139883250000025)","Unfall 99567 (2017) Kat:3, Licht: 0","99567","3","3","5","12","11","3","1","0","0","1","0","0"
"POINT (11.502929186000074 48.214947591000055)","Unfall 99595 (2017) Kat:3, Licht: 0","99595","3","6","2","12","13","6","0","0","0","1","0","0"
"POINT (11.584831786000052 48.181732268000076)","Unfall 99602 (2017) Kat:2, Licht: 2","99602","2","3","5","12","05","5","1","2","0","1","0","0"
"POINT (11.603971216000048 48.179607453000074)","Unfall 99604 (2017) Kat:3, Licht: 2","99604","3","6","1","12","22","5","1","2","0","1","0","0"
"POINT (11.540330704000041 48.104020632000072)","Unfall 99635 (2017) Kat:3, Licht: 2","99635","3","1","0","12","01","3","0","2","1","0","0","0"
"POINT (11.506832182000039 48.125553420000074)","Unfall 99730 (2017) Kat:3, Licht: 0","99730","3","6","2","12","14","3","0","0","0","1","0","0"
"POINT (11.654166255000064 48.124866129000054)","Unfall 99740 (2017) Kat:3, Licht: 1","99740","3","2","5","12","17","2","0","1","0","1","0","0"
"POINT (11.600200250000057 48.160794271000043)","Unfall 99742 (2017) Kat:3, Licht: 2","99742","3","3","5","12","17","2","0","2","0","1","0","0"
"POINT (11.615894762000039 48.130968207000080)","Unfall 99804 (2017) Kat:3, Licht: 0","99804","3","7","3","12","13","7","0","0","0","1","0","0"
"POINT (11.519535021000024 48.110069324000051)","Unfall 99805 (2017) Kat:3, Licht: 0","99805","3","3","5","12","16","7","0","0","0","1","0","0"
"POINT (11.616402433000076 48.148804064000046)","Unfall 99863 (2017) Kat:3, Licht: 2","99863","3","4","6","12","18","6","0","2","0","1","1","0"
"POINT (11.585092775000021 48.180188928000064)","Unfall 99865 (2017) Kat:3, Licht: 2","99865","3","3","5","12","17","6","1","2","0","1","0","0"
"POINT (11.616055759000062 48.154118536000055)","Unfall 99872 (2017) Kat:3, Licht: 2","99872","3","6","2","12","16","6","0","2","0","1","0","0"
"POINT (11.602925918000039 48.158064083000056)","Unfall 99876 (2017) Kat:3, Licht: 2","99876","3","7","2","12","18","6","1","2","0","1","0","0"
"POINT (11.487690905000022 48.091765308000049)","Unfall 99986 (2017) Kat:3, Licht: 2","99986","3","7","8","12","06","6","1","2","0","1","0","0"
"POINT (11.514091958000051 48.124556815000062)","Unfall 100019 (2017) Kat:3, Licht: 0","100019","3","6","1","12","14","6","1","0","0","1","0","0"
"POINT (11.608152626000049 48.109062379000079)","Unfall 100038 (2017) Kat:3, Licht: 1","100038","3","6","2","12","17","5","1","1","0","1","0","0"
"POINT (11.517365004000055 48.111854979000043)","Unfall 100041 (2017) Kat:3, Licht: 2","100041","3","6","3","12","18","5","1","2","0","1","0","0"
"POINT (11.545921913000029 48.226538530000028)","Unfall 100058 (2017) Kat:3, Licht: 0","100058","3","6","2","12","14","5","1","0","0","1","0","0"
"POINT (11.625796621000063 48.102862100000038)","Unfall 100084 (2017) Kat:3, Licht: 2","100084","3","7","0","12","17","4","0","2","1","0","0","0"
"POINT (11.585890790000064 48.203374606000068)","Unfall 100097 (2017) Kat:3, Licht: 0","100097","3","6","1","12","16","4","1","0","0","1","0","0"
"POINT (11.487458117000074 48.086438116000068)","Unfall 100101 (2017) Kat:3, Licht: 2","100101","3","3","5","12","07","4","0","2","0","1","0","0"
"POINT (11.587524045000066 48.096038225000029)","Unfall 100153 (2017) Kat:3, Licht: 0","100153","3","6","3","12","12","4","0","0","0","1","0","0"
"POINT (11.496861511000077 48.143696712000065)","Unfall 100154 (2017) Kat:3, Licht: 1","100154","3","3","5","12","07","4","1","1","0","1","0","0"
"POINT (11.593682997000030 48.201804595000056)","Unfall 167551 (2017) Kat:3, Licht: 0","167551","3","7","8","01","14","2","0","0","0","1","0","0"
"POINT (11.548323719000052 48.118865058000040)","Unfall 167552 (2017) Kat:3, Licht: 2","167552","3","7","0","01","20","2","2","2","1","0","0","0"
"POINT (11.579322209000054 48.097125240000025)","Unfall 167559 (2017) Kat:3, Licht: 2","167559","3","7","1","01","16","2","2","2","0","1","0","0"
"POINT (11.568833900000072 48.137132975000043)","Unfall 167560 (2017) Kat:3, Licht: 0","167560","3","1","1","01","09","2","0","0","1","1","0","0"
"POINT (11.497900771000047 48.127540474000057)","Unfall 167593 (2017) Kat:3, Licht: 2","167593","3","4","6","01","18","1","1","2","0","1","1","0"
"POINT (11.584916398000075 48.132329945000038)","Unfall 167594 (2017) Kat:3, Licht: 2","167594","3","3","5","01","21","1","1","2","0","1","0","0"
"POINT (11.528418063000061 48.121536092000042)","Unfall 167595 (2017) Kat:3, Licht: 2","167595","3","7","6","01","18","1","1","2","0","1","1","0"
"POINT (11.638956835000045 48.215831359000049)","Unfall 167606 (2017) Kat:3, Licht: 0","167606","3","6","2","01","12","1","0","0","0","1","0","0"
"POINT (11.540169687000059 48.117614839000055)","Unfall 167828 (2017) Kat:3, Licht: 0","167828","3","7","6","01","14","2","0","0","0","1","1","0"
"POINT (11.578177572000072 48.126421888000039)","Unfall 167856 (2017) Kat:3, Licht: 2","167856","3","3","5","01","19","4","1","2","0","1","0","0"
"POINT (11.609829333000050 48.135399586000062)","Unfall 167857 (2017) Kat:2, Licht: 2","167857","2","4","0","01","17","4","1","2","0","0","1","0"
"POINT (11.634988494000027 48.137903576000042)","Unfall 167858 (2017) Kat:3, Licht: 0","167858","3","2","3","01","08","4","2","0","1","0","0","0"
"POINT (11.533772973000055 48.113311063000026)","Unfall 167859 (2017) Kat:3, Licht: 0","167859","3","6","2","01","10","4","1","0","0","1","0","0"
"POINT (11.430726177000054 48.178784746000076)","Unfall 167885 (2017) Kat:3, Licht: 0","167885","3","6","2","01","08","4","1","0","0","1","0","0"
"POINT (11.604194015000076 48.128008208000040)","Unfall 167891 (2017) Kat:3, Licht: 0","167891","3","7","6","01","15","3","1","0","0","1","1","0"
"POINT (11.598522285000058 48.122081507000075)","Unfall 167892 (2017) Kat:2, Licht: 0","167892","2","7","0","01","10","3","1","0","1","0","0","0"
"POINT (11.417652416000067 48.143294452000077)","Unfall 167893 (2017) Kat:3, Licht: 0","167893","3","3","5","01","11","3","2","0","0","1","0","0"
"POINT (11.555563827000071 48.131494724000049)","Unfall 167894 (2017) Kat:3, Licht: 0","167894","3","3","5","01","07","3","2","0","1","1","0","0"
"POINT (11.535183333000077 48.168402138000033)","Unfall 167920 (2017) Kat:3, Licht: 2","167920","3","2","3","01","07","2","1","2","1","1","0","0"
"POINT (11.549613185000055 48.125107378000052)","Unfall 167921 (2017) Kat:3, Licht: 2","167921","3","2","4","01","18","2","1","2","0","1","0","0"
"POINT (11.529668321000031 48.176378341000031)","Unfall 167950 (2017) Kat:3, Licht: 0","167950","3","6","3","01","14","1","2","0","0","1","0","0"
"POINT (11.590996856000061 48.158612358000028)","Unfall 167951 (2017) Kat:3, Licht: 0","167951","3","7","0","01","12","1","2","0","1","0","0","0"
"POINT (11.503005482000049 48.135421292000046)","Unfall 167952 (2017) Kat:3, Licht: 0","167952","3","2","4","01","08","1","1","0","0","1","0","0"
"POINT (11.566659127000037 48.133564304000060)","Unfall 167953 (2017) Kat:3, Licht: 2","167953","3","4","6","01","03","1","2","2","0","1","1","0"
"POINT (11.581045309000046 48.116624803000036)","Unfall 167954 (2017) Kat:3, Licht: 0","167954","3","1","4","01","08","1","2","0","0","1","0","0"
"POINT (11.564747242000067 48.137536486000045)","Unfall 167971 (2017) Kat:3, Licht: 2","167971","3","4","6","01","03","7","0","2","0","1","1","0"
"POINT (11.575319334000028 48.119490907000056)","Unfall 167972 (2017) Kat:3, Licht: 2","167972","3","3","5","01","06","7","1","2","0","1","0","0"
"POINT (11.502901233000046 48.135449919000052)","Unfall 167973 (2017) Kat:3, Licht: 0","167973","3","7","0","01","15","7","0","0","0","0","0","0"
"POINT (11.503802307000058 48.082409335000079)","Unfall 167974 (2017) Kat:3, Licht: 0","167974","3","6","1","01","11","7","2","0","0","1","0","0"
"POINT (11.693435467000029 48.133475059000034)","Unfall 167975 (2017) Kat:3, Licht: 0","167975","3","6","1","01","15","7","1","0","0","1","0","0"
"POINT (11.584985494000023 48.132385584000076)","Unfall 167990 (2017) Kat:3, Licht: 2","167990","3","2","5","01","06","6","1","2","0","1","0","0"
"POINT (11.569909486000029 48.111526759000071)","Unfall 167991 (2017) Kat:3, Licht: 2","167991","3","3","5","01","22","6","1","2","0","1","0","0"
"POINT (11.555749225000056 48.148117661000072)","Unfall 168004 (2017) Kat:3, Licht: 1","168004","3","2","5","01","07","5","1","1","0","1","0","0"
"POINT (11.581189372000040 48.150081779000061)","Unfall 168005 (2017) Kat:3, Licht: 0","168005","3","3","5","01","15","5","1","0","0","1","0","0"
"POINT (11.454632840000045 48.166111743000044)","Unfall 168006 (2017) Kat:3, Licht: 0","168006","3","6","0","01","13","5","0","0","0","1","0","0"
"POINT (11.575346034000063 48.119496036000044)","Unfall 168007 (2017) Kat:3, Licht: 0","168007","3","2","3","01","15","5","1","0","1","1","0","0"
"POINT (11.574703074000070 48.145701004000045)","Unfall 168008 (2017) Kat:3, Licht: 2","168008","3","4","6","01","05","5","1","2","0","1","1","0"
"POINT (11.565006942000025 48.167893583000080)","Unfall 168009 (2017) Kat:3, Licht: 2","168009","3","2","5","01","16","5","2","2","0","1","0","0"
"POINT (11.643086232000030 48.159748951000040)","Unfall 168010 (2017) Kat:3, Licht: 2","168010","3","2","2","01","20","5","1","2","0","1","0","0"
"POINT (11.528232624000054 48.207400369000027)","Unfall 168039 (2017) Kat:3, Licht: 2","168039","3","1","8","01","18","4","2","2","0","1","0","0"
"POINT (11.564761621000059 48.142515430000060)","Unfall 168064 (2017) Kat:3, Licht: 2","168064","3","3","5","01","22","3","2","2","0","1","0","0"
"POINT (11.581696318000070 48.133509084000082)","Unfall 168085 (2017) Kat:3, Licht: 1","168085","3","7","6","01","16","5","0","1","0","1","1","0"
"POINT (11.563271179000026 48.208801459000028)","Unfall 168086 (2017) Kat:3, Licht: 2","168086","3","6","4","01","20","5","0","2","0","1","0","0"
"POINT (11.578504904000056 48.139520356000048)","Unfall 168087 (2017) Kat:3, Licht: 2","168087","3","7","6","01","21","5","2","2","0","1","1","0"
"POINT (11.618766776000029 48.207197892000067)","Unfall 168088 (2017) Kat:3, Licht: 0","168088","3","2","4","01","12","5","0","0","0","1","0","0"
"POINT (11.471528862000071 48.182460362000029)","Unfall 168089 (2017) Kat:3, Licht: 0","168089","3","7","1","01","15","5","1","0","0","1","0","0"
"POINT (11.583511253000040 48.133148118000065)","Unfall 168090 (2017) Kat:3, Licht: 2","168090","3","6","1","01","19","5","1","2","0","1","0","0"
"POINT (11.537501220000024 48.137099042000045)","Unfall 168128 (2017) Kat:3, Licht: 0","168128","3","3","5","01","08","4","2","0","0","1","0","0"
"POINT (11.415549223000028 48.174930493000033)","Unfall 168129 (2017) Kat:3, Licht: 0","168129","3","3","5","01","10","4","2","0","0","0","0","0"
"POINT (11.562920404000067 48.208770967000078)","Unfall 168130 (2017) Kat:3, Licht: 2","168130","3","3","5","01","20","4","1","2","1","1","0","0"
"POINT (11.534960444000035 48.121359885000061)","Unfall 168131 (2017) Kat:3, Licht: 0","168131","3","3","5","01","12","4","1","0","0","1","0","0"
"POINT (11.536281353000049 48.146279971000070)","Unfall 168132 (2017) Kat:3, Licht: 1","168132","3","2","4","01","16","4","1","1","0","1","0","0"
"POINT (11.502873775000069 48.134379168000066)","Unfall 168133 (2017) Kat:3, Licht: 2","168133","3","6","2","01","20","4","1","2","0","1","0","0"
"POINT (11.600040228000069 48.125687767000045)","Unfall 168135 (2017) Kat:3, Licht: 2","168135","3","7","6","01","19","4","1","2","0","1","1","0"
"POINT (11.601631733000033 48.124084213000060)","Unfall 168136 (2017) Kat:3, Licht: 2","168136","3","6","2","01","18","4","1","2","0","1","0","0"
"POINT (11.582854499000064 48.141432480000049)","Unfall 168169 (2017) Kat:3, Licht: 0","168169","3","6","2","01","14","3","0","0","0","1","0","0"
"POINT (11.507869312000025 48.183170278000034)","Unfall 168170 (2017) Kat:3, Licht: 2","168170","3","2","6","01","05","3","1","2","0","1","1","0"
"POINT (11.475224919000027 48.120634392000056)","Unfall 168171 (2017) Kat:3, Licht: 1","168171","3","7","0","01","15","3","1","1","0","0","0","0"
"POINT (11.636265045000073 48.140292538000040)","Unfall 168173 (2017) Kat:3, Licht: 0","168173","3","3","5","01","11","3","1","0","0","1","0","0"
"POINT (11.556248654000058 48.142132747000062)","Unfall 168174 (2017) Kat:3, Licht: 0","168174","3","2","5","01","10","3","1","0","1","1","0","0"
"POINT (11.560204080000062 48.141313063000041)","Unfall 168211 (2017) Kat:3, Licht: 0","168211","3","6","2","01","14","2","2","0","0","1","0","0"
"POINT (11.539001712000072 48.164958561000049)","Unfall 168212 (2017) Kat:3, Licht: 0","168212","3","1","9","01","07","2","1","0","0","1","0","0"
"POINT (11.560869384000057 48.137405424000065)","Unfall 168213 (2017) Kat:3, Licht: 2","168213","3","4","6","01","21","2","2","2","0","1","1","0"
"POINT (11.492638177000060 48.167133711000076)","Unfall 168214 (2017) Kat:2, Licht: 2","168214","2","1","1","01","18","2","2","2","0","1","0","0"
"POINT (11.561930688000075 48.134199526000032)","Unfall 168215 (2017) Kat:3, Licht: 0","168215","3","7","6","01","11","2","2","0","0","1","1","0"
"POINT (11.513459627000032 48.177706374000081)","Unfall 168216 (2017) Kat:3, Licht: 0","168216","3","7","6","01","14","2","1","0","0","1","1","0"
"POINT (11.570474220000051 48.204186262000064)","Unfall 168217 (2017) Kat:3, Licht: 0","168217","3","4","6","01","08","2","1","0","0","1","1","0"
"POINT (11.575962535000031 48.184375516000046)","Unfall 168218 (2017) Kat:3, Licht: 0","168218","3","7","1","01","09","2","2","0","0","1","0","0"
"POINT (11.567780942000070 48.187352413000042)","Unfall 168219 (2017) Kat:3, Licht: 1","168219","3","6","1","01","19","2","1","1","0","1","0","0"
"POINT (11.552363200000059 48.155172717000028)","Unfall 168220 (2017) Kat:3, Licht: 0","168220","3","6","5","01","08","2","2","0","1","0","0","0"
"POINT (11.580054176000033 48.158825783000054)","Unfall 168221 (2017) Kat:3, Licht: 0","168221","3","3","5","01","11","2","2","0","0","1","0","0"
"POINT (11.588655817000074 48.116704958000071)","Unfall 168241 (2017) Kat:3, Licht: 0","168241","3","7","0","01","13","1","2","0","0","1","0","0"
"POINT (11.573522798000056 48.150952656000072)","Unfall 168242 (2017) Kat:3, Licht: 2","168242","3","4","6","01","01","1","2","2","0","1","1","0"
"POINT (11.542196824000030 48.139511924000033)","Unfall 168255 (2017) Kat:3, Licht: 0","168255","3","7","3","01","14","7","1","0","0","1","0","0"
"POINT (11.513262781000037 48.099277122000046)","Unfall 168256 (2017) Kat:3, Licht: 0","168256","3","6","4","01","16","7","2","0","0","1","0","0"
"POINT (11.566413782000041 48.115087022000068)","Unfall 168257 (2017) Kat:3, Licht: 0","168257","3","3","5","01","12","7","1","0","0","1","0","0"
"POINT (11.544759016000057 48.127521245000025)","Unfall 168258 (2017) Kat:3, Licht: 0","168258","3","6","2","01","11","7","1","0","0","1","0","0"
"POINT (11.615927688000056 48.145975962000080)","Unfall 168281 (2017) Kat:3, Licht: 0","168281","3","3","5","01","08","6","0","0","0","1","0","0"
"POINT (11.624489566000022 48.148183855000070)","Unfall 168282 (2017) Kat:3, Licht: 0","168282","3","7","1","01","14","6","0","0","0","1","0","0"
"POINT (11.592457934000038 48.109802982000076)","Unfall 168284 (2017) Kat:3, Licht: 0","168284","3","6","0","01","08","6","1","0","0","1","0","0"
"POINT (11.548106727000061 48.149548387000038)","Unfall 168285 (2017) Kat:3, Licht: 2","168285","3","2","2","01","20","6","1","2","0","1","0","0"
"POINT (11.502451842000028 48.114835644000038)","Unfall 168286 (2017) Kat:3, Licht: 0","168286","3","6","2","01","15","6","1","0","0","1","0","0"
"POINT (11.646500960000026 48.108956135000028)","Unfall 168288 (2017) Kat:2, Licht: 2","168288","2","4","6","01","01","6","1","2","0","1","1","0"
"POINT (11.628697009000064 48.153555781000080)","Unfall 168289 (2017) Kat:3, Licht: 0","168289","3","4","0","01","13","6","0","0","0","0","1","0"
"POINT (11.572344492000070 48.120707851000077)","Unfall 168290 (2017) Kat:3, Licht: 2","168290","3","4","6","01","21","6","1","2","0","1","1","0"
"POINT (11.555940191000047 48.138553432000037)","Unfall 168313 (2017) Kat:3, Licht: 2","168313","3","7","6","01","18","5","1","2","0","1","0","0"
"POINT (11.547792966000031 48.126555934000066)","Unfall 168314 (2017) Kat:3, Licht: 0","168314","3","4","6","01","12","5","1","0","0","1","1","0"
"POINT (11.477494471000057 48.110632027000065)","Unfall 168315 (2017) Kat:3, Licht: 2","168315","3","5","1","01","21","5","1","2","0","1","0","0"
"POINT (11.441503453000053 48.181305038000062)","Unfall 168317 (2017) Kat:3, Licht: 2","168317","3","7","6","01","23","5","1","2","0","1","1","0"
"POINT (11.479278771000054 48.123288489000061)","Unfall 168318 (2017) Kat:3, Licht: 1","168318","3","2","5","01","16","5","1","1","0","1","0","0"
"POINT (11.503716300000065 48.111959149000029)","Unfall 168364 (2017) Kat:3, Licht: 2","168364","3","2","5","01","17","5","2","2","1","1","0","0"
"POINT (11.565697567000029 48.123785723000026)","Unfall 168365 (2017) Kat:3, Licht: 0","168365","3","6","2","01","16","5","1","0","0","1","0","0"
"POINT (11.555993654000076 48.186375311000063)","Unfall 168366 (2017) Kat:3, Licht: 2","168366","3","3","5","01","19","5","1","2","1","1","0","0"
"POINT (11.586245537000025 48.165956803000029)","Unfall 168367 (2017) Kat:3, Licht: 1","168367","3","3","3","01","17","5","2","1","1","1","0","0"
"POINT (11.543504047000056 48.144671291000066)","Unfall 168368 (2017) Kat:3, Licht: 2","168368","3","4","6","01","05","5","1","2","0","1","1","0"
"POINT (11.474679561000073 48.162315026000044)","Unfall 168369 (2017) Kat:3, Licht: 0","168369","3","3","5","01","09","5","2","0","1","1","0","0"
"POINT (11.535519658000055 48.146350894000079)","Unfall 168370 (2017) Kat:2, Licht: 0","168370","2","4","6","01","14","5","1","0","0","0","1","0"
"POINT (11.601699842000073 48.140374343000076)","Unfall 168371 (2017) Kat:3, Licht: 0","168371","3","6","2","01","15","5","2","0","0","1","0","0"
"POINT (11.596155968000062 48.140355627000076)","Unfall 168372 (2017) Kat:3, Licht: 2","168372","3","1","8","01","19","5","2","2","0","1","0","0"
"POINT (11.555791558000067 48.130530906000047)","Unfall 168373 (2017) Kat:3, Licht: 2","168373","3","4","0","01","20","5","0","2","0","0","1","1"
"POINT (11.585715608000044 48.171135167000045)","Unfall 168374 (2017) Kat:3, Licht: 2","168374","3","3","3","01","18","5","1","2","1","1","0","0"
"POINT (11.579945126000041 48.104665820000037)","Unfall 168406 (2017) Kat:2, Licht: 0","168406","2","3","5","01","16","4","1","0","1","1","0","0"
"POINT (11.614135637000061 48.152150086000063)","Unfall 168407 (2017) Kat:3, Licht: 0","168407","3","7","2","01","07","4","1","0","0","1","0","0"
"POINT (11.474681406000059 48.142339096000057)","Unfall 168437 (2017) Kat:2, Licht: 2","168437","2","7","0","01","18","3","1","2","0","0","0","0"
"POINT (11.589011385000049 48.124852000000033)","Unfall 168438 (2017) Kat:3, Licht: 0","168438","3","3","5","01","15","3","2","0","0","1","0","0"
"POINT (11.577212525000050 48.166251105000072)","Unfall 168439 (2017) Kat:3, Licht: 0","168439","3","7","5","01","12","3","2","0","1","1","0","0"
"POINT (11.595177484000033 48.109623677000059)","Unfall 168440 (2017) Kat:3, Licht: 0","168440","3","4","6","01","11","3","1","0","0","0","1","0"
"POINT (11.646544741000071 48.106866147000062)","Unfall 168464 (2017) Kat:3, Licht: 2","168464","3","3","2","01","17","2","1","2","0","1","0","0"
"POINT (11.555819262000057 48.135127632000035)","Unfall 168465 (2017) Kat:3, Licht: 0","168465","3","1","0","01","07","2","0","0","0","0","0","1"
"POINT (11.563214442000060 48.124669553000047)","Unfall 168466 (2017) Kat:3, Licht: 0","168466","3","6","2","01","14","2","0","0","0","1","0","0"
"POINT (11.612540496000065 48.138301307000063)","Unfall 168467 (2017) Kat:3, Licht: 0","168467","3","6","2","01","08","2","0","0","0","1","0","0"
"POINT (11.605254644000070 48.139728645000048)","Unfall 168468 (2017) Kat:3, Licht: 0","168468","3","2","4","01","09","2","0","0","0","1","0","0"
"POINT (11.479505636000056 48.124860043000069)","Unfall 168469 (2017) Kat:3, Licht: 0","168469","3","6","2","01","08","2","0","0","0","1","0","0"
"POINT (11.560350463000077 48.152189764000070)","Unfall 168470 (2017) Kat:3, Licht: 0","168470","3","3","5","01","12","2","0","0","0","1","1","0"
"POINT (11.422431115000052 48.145607558000052)","Unfall 168471 (2017) Kat:3, Licht: 0","168471","3","2","6","01","13","2","0","0","0","1","1","0"
"POINT (11.567224481000039 48.140595822000080)","Unfall 168472 (2017) Kat:3, Licht: 2","168472","3","6","3","01","06","2","1","2","0","1","0","0"
"POINT (11.502684005000049 48.164502636000066)","Unfall 168473 (2017) Kat:3, Licht: 0","168473","3","2","4","01","10","2","0","0","0","1","0","0"
"POINT (11.584620361000077 48.139529875000051)","Unfall 168474 (2017) Kat:3, Licht: 0","168474","3","6","2","01","09","2","1","0","0","1","0","0"
"POINT (11.655575786000043 48.168023616000028)","Unfall 168475 (2017) Kat:2, Licht: 0","168475","2","7","8","01","13","2","2","0","0","1","0","0"
"POINT (11.694122724000067 48.133491665000065)","Unfall 168476 (2017) Kat:3, Licht: 2","168476","3","3","5","01","17","2","0","2","0","1","0","0"
"POINT (11.580474184000025 48.148997562000034)","Unfall 168477 (2017) Kat:3, Licht: 2","168477","3","6","2","01","19","2","1","2","0","1","0","0"
"POINT (11.558774031000041 48.129118061000042)","Unfall 168478 (2017) Kat:3, Licht: 2","168478","3","4","6","01","19","2","1","2","0","1","1","0"
"POINT (11.572142720000045 48.197406552000075)","Unfall 168479 (2017) Kat:3, Licht: 0","168479","3","3","5","01","15","2","0","0","1","0","0","0"
"POINT (11.543491217000053 48.157379150000054)","Unfall 168480 (2017) Kat:3, Licht: 2","168480","3","2","5","01","06","2","0","2","0","1","0","0"
"POINT (11.586394397000049 48.164199342000074)","Unfall 168505 (2017) Kat:3, Licht: 2","168505","3","6","2","01","17","1","0","2","0","1","0","0"
"POINT (11.576924918000032 48.116101887000070)","Unfall 168506 (2017) Kat:3, Licht: 2","168506","3","1","0","01","17","1","2","2","0","1","0","0"
"POINT (11.590290860000039 48.105019565000077)","Unfall 168507 (2017) Kat:3, Licht: 2","168507","3","3","5","01","20","1","2","2","0","1","0","0"
"POINT (11.589192493000041 48.137402648000034)","Unfall 168508 (2017) Kat:3, Licht: 0","168508","3","3","5","01","13","1","0","0","0","1","0","0"
"POINT (11.553931460000058 48.127323446000048)","Unfall 168509 (2017) Kat:3, Licht: 2","168509","3","7","3","01","17","1","1","2","0","1","0","0"
"POINT (11.549704042000030 48.125060306000080)","Unfall 168510 (2017) Kat:3, Licht: 0","168510","3","3","5","01","11","1","0","0","0","1","0","0"
"POINT (11.565056559000027 48.140929121000056)","Unfall 168511 (2017) Kat:3, Licht: 0","168511","3","6","2","01","14","1","0","0","0","1","0","0"
"POINT (11.590334418000054 48.192767933000027)","Unfall 168512 (2017) Kat:3, Licht: 2","168512","3","3","5","01","17","1","0","2","0","1","0","0"