WKT,Name,OBJECTID,UKATEGORIE,UTYP1,UART,UMONAT,USTUNDE,UWOCHENTAG,STRZUSTAND,ULICHTVERH,ISTRAD,ISTPKW,ISTFUSS,ISTKRAD
"POINT (11.561339926000073 48.186717506000036)","Unfall 168513 (2017) Kat:3, Licht: 2","168513","3","3","0","01","22","1","2","2","1","0","0","0"
"POINT (11.579575557000055 48.115910214000053)","Unfall 168514 (2017) Kat:3, Licht: 0","168514","3","6","3","01","13","1","0","0","0","1","0","0"
"POINT (11.540713543000038 48.125333399000056)","Unfall 168515 (2017) Kat:3, Licht: 2","168515","3","3","5","01","18","1","0","2","0","1","0","0"
"POINT (11.573686338000073 48.143257379000033)","Unfall 168526 (2017) Kat:3, Licht: 2","168526","3","2","4","01","17","7","0","2","0","1","0","0"
"POINT (11.584109209000076 48.187715093000065)","Unfall 168527 (2017) Kat:3, Licht: 2","168527","3","6","1","01","19","7","0","2","0","1","0","0"
"POINT (11.540386508000040 48.214922722000040)","Unfall 168528 (2017) Kat:3, Licht: 2","168528","3","3","5","01","22","7","1","2","0","1","0","0"
"POINT (11.574444821000043 48.152845302000060)","Unfall 168529 (2017) Kat:3, Licht: 0","168529","3","5","1","01","12","7","0","0","1","1","0","0"
"POINT (11.540793139000073 48.125174442000059)","Unfall 168555 (2017) Kat:3, Licht: 0","168555","3","4","6","01","12","6","1","0","0","1","1","0"
"POINT (11.528448773000036 48.155763915000080)","Unfall 168556 (2017) Kat:3, Licht: 0","168556","3","4","6","01","14","6","1","0","0","1","1","0"
"POINT (11.601453865000053 48.144168612000044)","Unfall 168558 (2017) Kat:3, Licht: 0","168558","3","7","6","01","13","6","2","0","0","1","1","0"
"POINT (11.579530711000075 48.125425130000053)","Unfall 168559 (2017) Kat:3, Licht: 0","168559","3","6","2","01","15","6","0","0","0","1","0","0"
"POINT (11.572568992000072 48.210174575000053)","Unfall 168560 (2017) Kat:3, Licht: 0","168560","3","6","2","01","13","6","2","0","0","1","0","0"
"POINT (11.597599433000028 48.102843572000040)","Unfall 168561 (2017) Kat:3, Licht: 2","168561","3","2","4","01","22","6","0","2","0","1","0","0"
"POINT (11.547626150000042 48.139126013000066)","Unfall 168562 (2017) Kat:2, Licht: 2","168562","2","4","6","01","20","6","1","2","0","1","1","0"
"POINT (11.534221634000062 48.110006341000030)","Unfall 168563 (2017) Kat:3, Licht: 0","168563","3","6","2","01","16","6","0","0","0","1","0","0"
"POINT (11.689641612000059 48.138992883000071)","Unfall 168564 (2017) Kat:3, Licht: 0","168564","3","6","2","01","08","6","1","0","0","1","0","0"
"POINT (11.580003680000061 48.133932703000028)","Unfall 168618 (2017) Kat:3, Licht: 0","168618","3","7","0","02","10","5","0","0","1","1","0","0"
"POINT (11.594705204000036 48.110910553000053)","Unfall 168619 (2017) Kat:3, Licht: 0","168619","3","2","5","02","10","5","1","0","0","1","0","0"
"POINT (11.487501338000072 48.113704794000057)","Unfall 168620 (2017) Kat:3, Licht: 0","168620","3","2","4","02","09","5","1","0","0","1","0","0"
"POINT (11.574810014000036 48.162003359000039)","Unfall 168621 (2017) Kat:3, Licht: 0","168621","3","2","3","02","12","5","0","0","0","1","0","1"
"POINT (11.565980151000076 48.187140943000031)","Unfall 168622 (2017) Kat:3, Licht: 2","168622","3","2","5","02","22","5","1","2","0","1","0","0"
"POINT (11.546535278000022 48.201345248000052)","Unfall 168623 (2017) Kat:3, Licht: 0","168623","3","7","1","02","16","5","1","0","0","1","0","0"
"POINT (11.564165404000050 48.178842405000069)","Unfall 168625 (2017) Kat:3, Licht: 0","168625","3","7","0","02","15","5","0","0","1","0","0","0"
"POINT (11.566416751000077 48.184704352000040)","Unfall 168626 (2017) Kat:3, Licht: 0","168626","3","4","6","02","09","5","1","0","1","0","1","0"
"POINT (11.553026012000032 48.082964985000046)","Unfall 168627 (2017) Kat:3, Licht: 0","168627","3","6","1","02","12","5","1","0","0","1","0","0"
"POINT (11.555960628000037 48.142096403000039)","Unfall 168660 (2017) Kat:3, Licht: 0","168660","3","2","3","02","10","4","0","0","1","1","0","0"
"POINT (11.564281101000063 48.201338731000078)","Unfall 168661 (2017) Kat:3, Licht: 2","168661","3","7","2","02","17","4","1","2","0","1","0","0"
"POINT (11.601511070000072 48.177424679000069)","Unfall 168662 (2017) Kat:3, Licht: 0","168662","3","2","3","02","09","4","1","0","1","1","0","0"
"POINT (11.611015351000049 48.119012753000050)","Unfall 168663 (2017) Kat:2, Licht: 2","168663","2","1","6","02","20","4","0","2","0","1","1","0"
"POINT (11.535204531000034 48.176398868000035)","Unfall 168664 (2017) Kat:2, Licht: 2","168664","2","6","2","02","00","4","1","2","0","0","0","0"
"POINT (11.528880745000038 48.099294072000077)","Unfall 168665 (2017) Kat:3, Licht: 0","168665","3","5","3","02","16","4","0","0","1","1","0","0"
"POINT (11.661771904000034 48.086654036000027)","Unfall 168693 (2017) Kat:3, Licht: 0","168693","3","3","5","01","15","3","1","0","0","1","0","0"
"POINT (11.632215202000054 48.131745545000058)","Unfall 168694 (2017) Kat:3, Licht: 0","168694","3","5","5","01","10","3","1","0","0","1","0","0"
"POINT (11.533817076000048 48.116902807000031)","Unfall 168695 (2017) Kat:3, Licht: 2","168695","3","2","6","01","07","3","1","2","0","1","1","0"
"POINT (11.574038845000075 48.167164999000079)","Unfall 168696 (2017) Kat:3, Licht: 2","168696","3","3","5","01","18","3","1","2","0","1","0","0"
"POINT (11.473801810000055 48.128932431000067)","Unfall 168697 (2017) Kat:3, Licht: 2","168697","3","6","2","01","17","3","1","2","1","1","0","0"
"POINT (11.589402045000043 48.130644964000055)","Unfall 168698 (2017) Kat:3, Licht: 2","168698","3","7","6","01","20","3","1","2","0","1","1","0"
"POINT (11.529518187000065 48.161233183000036)","Unfall 168725 (2017) Kat:3, Licht: 0","168725","3","3","5","01","15","2","1","0","0","1","0","0"
"POINT (11.519963693000022 48.109764997000070)","Unfall 168727 (2017) Kat:3, Licht: 0","168727","3","4","6","01","07","2","1","0","0","1","1","0"
"POINT (11.521222773000034 48.182204971000033)","Unfall 168728 (2017) Kat:3, Licht: 2","168728","3","5","1","01","21","2","1","2","0","1","0","0"
"POINT (11.459398112000031 48.209715549000066)","Unfall 168730 (2017) Kat:3, Licht: 0","168730","3","4","6","01","12","2","1","0","0","1","1","0"
"POINT (11.542310488000055 48.162968154000055)","Unfall 168731 (2017) Kat:3, Licht: 0","168731","3","7","2","01","12","2","1","0","0","1","0","0"
"POINT (11.667525435000073 48.135608331000071)","Unfall 168733 (2017) Kat:3, Licht: 0","168733","3","7","1","01","15","2","1","0","0","1","0","0"
"POINT (11.659257186000048 48.103511519000051)","Unfall 168734 (2017) Kat:3, Licht: 2","168734","3","2","6","01","07","2","1","2","0","0","1","0"
"POINT (11.577947331000075 48.113635769000041)","Unfall 168735 (2017) Kat:3, Licht: 0","168735","3","6","3","01","09","2","2","0","1","0","0","0"
"POINT (11.512070059000052 48.108105762000037)","Unfall 168736 (2017) Kat:3, Licht: 0","168736","3","6","6","01","07","2","1","0","0","1","1","0"
"POINT (11.538441591000037 48.116917125000043)","Unfall 168737 (2017) Kat:3, Licht: 2","168737","3","7","3","01","21","2","0","2","0","1","0","0"
"POINT (11.502342636000037 48.116182936000030)","Unfall 168775 (2017) Kat:2, Licht: 0","168775","2","2","6","01","14","1","0","0","0","1","1","0"
"POINT (11.565452462000053 48.150808861000030)","Unfall 168776 (2017) Kat:3, Licht: 0","168776","3","3","5","01","15","1","1","0","0","1","0","0"
"POINT (11.454341469000042 48.205062585000064)","Unfall 168777 (2017) Kat:3, Licht: 0","168777","3","7","0","01","09","1","1","0","1","0","0","0"
"POINT (11.518680067000048 48.141050487000030)","Unfall 168778 (2017) Kat:3, Licht: 2","168778","3","6","2","01","00","1","2","2","0","1","0","0"
"POINT (11.540559279000036 48.119493870000042)","Unfall 168797 (2017) Kat:3, Licht: 2","168797","3","5","1","01","17","7","0","2","1","1","0","0"
"POINT (11.612831136000068 48.120781430000079)","Unfall 168798 (2017) Kat:3, Licht: 0","168798","3","7","5","01","13","7","0","0","0","1","0","0"
"POINT (11.636879702000044 48.100767501000064)","Unfall 168799 (2017) Kat:3, Licht: 0","168799","3","3","5","01","16","7","1","0","0","1","0","0"
"POINT (11.563543295000045 48.137404922000030)","Unfall 168800 (2017) Kat:3, Licht: 2","168800","3","6","2","01","22","7","0","2","0","1","0","0"
"POINT (11.561925976000055 48.161178781000046)","Unfall 168828 (2017) Kat:3, Licht: 0","168828","3","2","5","01","12","6","0","0","0","1","0","0"
"POINT (11.580745365000041 48.114815345000068)","Unfall 168829 (2017) Kat:3, Licht: 0","168829","3","7","1","01","15","6","2","0","0","1","0","0"
"POINT (11.633020310000063 48.133352887000058)","Unfall 168830 (2017) Kat:3, Licht: 2","168830","3","2","4","01","17","6","1","2","0","1","0","0"
"POINT (11.576645507000023 48.114824257000066)","Unfall 168832 (2017) Kat:1, Licht: 0","168832","1","4","6","01","13","6","0","0","0","1","1","0"
"POINT (11.555936273000043 48.124442323000039)","Unfall 168833 (2017) Kat:3, Licht: 2","168833","3","3","5","01","05","6","0","2","0","1","0","0"
"POINT (11.522409835000076 48.106717330000038)","Unfall 168856 (2017) Kat:3, Licht: 0","168856","3","2","4","02","09","7","0","0","1","1","0","0"
"POINT (11.457634360000043 48.156364328000052)","Unfall 168857 (2017) Kat:3, Licht: 0","168857","3","6","2","02","12","7","0","0","0","1","0","0"
"POINT (11.508255746000032 48.181049589000054)","Unfall 168858 (2017) Kat:3, Licht: 0","168858","3","3","5","02","12","7","0","0","1","1","0","0"
"POINT (11.653693206000071 48.128419702000031)","Unfall 168860 (2017) Kat:2, Licht: 0","168860","2","6","2","02","13","7","0","0","0","1","0","1"
"POINT (11.558420027000068 48.129480062000027)","Unfall 168887 (2017) Kat:2, Licht: 2","168887","2","6","0","02","22","6","0","2","0","1","0","0"
"POINT (11.635586926000030 48.170167337000066)","Unfall 168888 (2017) Kat:3, Licht: 0","168888","3","3","5","02","07","6","0","0","1","1","0","0"
"POINT (11.599922331000073 48.148815250000041)","Unfall 168908 (2017) Kat:3, Licht: 0","168908","3","6","5","02","11","5","0","0","1","1","0","0"
"POINT (11.501811201000066 48.172561752000036)","Unfall 168909 (2017) Kat:3, Licht: 2","168909","3","3","5","02","18","5","0","2","0","1","0","0"
"POINT (11.563868581000065 48.186949869000046)","Unfall 168910 (2017) Kat:3, Licht: 1","168910","3","6","3","02","19","5","0","1","0","1","0","0"
"POINT (11.552048872000057 48.205918705000045)","Unfall 168911 (2017) Kat:3, Licht: 0","168911","3","6","1","02","13","5","0","0","0","1","0","0"
"POINT (11.609672971000066 48.118456352000067)","Unfall 168935 (2017) Kat:3, Licht: 2","168935","3","3","5","02","21","4","0","2","0","1","0","0"
"POINT (11.586279860000047 48.133566408000036)","Unfall 168936 (2017) Kat:3, Licht: 2","168936","3","2","4","02","18","4","0","2","0","1","0","0"
"POINT (11.557818191000024 48.157331698000064)","Unfall 168937 (2017) Kat:3, Licht: 2","168937","3","7","4","02","18","4","0","2","0","1","0","1"
"POINT (11.556384412000057 48.087256308000065)","Unfall 168938 (2017) Kat:3, Licht: 2","168938","3","4","6","02","18","4","0","2","0","0","1","0"
"POINT (11.567443614000069 48.179343981000045)","Unfall 168939 (2017) Kat:3, Licht: 0","168939","3","7","6","02","09","4","0","0","0","1","1","0"
"POINT (11.635316855000042 48.118202233000034)","Unfall 168940 (2017) Kat:3, Licht: 0","168940","3","7","6","02","12","4","0","0","0","1","1","0"
"POINT (11.599731155000029 48.128355839000051)","Unfall 168941 (2017) Kat:3, Licht: 2","168941","3","4","0","02","19","4","0","2","0","1","1","0"
"POINT (11.560122987000057 48.119707853000079)","Unfall 168963 (2017) Kat:3, Licht: 0","168963","3","6","1","02","15","3","0","0","1","1","0","0"
"POINT (11.590345039000056 48.192658483000059)","Unfall 168964 (2017) Kat:3, Licht: 2","168964","3","6","2","02","18","3","0","2","0","1","0","0"
"POINT (11.604630000000043 48.128300919000026)","Unfall 168965 (2017) Kat:3, Licht: 0","168965","3","4","6","02","14","3","0","0","0","0","1","0"
"POINT (11.595782339000039 48.178281588000061)","Unfall 168966 (2017) Kat:3, Licht: 0","168966","3","4","6","02","15","3","0","0","0","1","1","0"
"POINT (11.483138447000044 48.170109388000071)","Unfall 168967 (2017) Kat:3, Licht: 0","168967","3","7","8","02","07","3","1","0","0","1","0","0"
"POINT (11.590258413000072 48.131195133000062)","Unfall 168968 (2017) Kat:3, Licht: 2","168968","3","2","3","02","18","3","0","2","1","1","0","0"
"POINT (11.614975937000054 48.131115432000058)","Unfall 168970 (2017) Kat:3, Licht: 0","168970","3","7","6","02","07","3","1","0","1","0","1","0"
"POINT (11.549706127000036 48.125059262000036)","Unfall 168971 (2017) Kat:3, Licht: 2","168971","3","2","5","02","21","3","0","2","0","1","0","0"
"POINT (11.580970282000067 48.135489448000044)","Unfall 168973 (2017) Kat:3, Licht: 2","168973","3","2","3","02","18","3","0","2","1","1","0","0"
"POINT (11.555465782000056 48.139175408000028)","Unfall 169002 (2017) Kat:3, Licht: 0","169002","3","6","0","02","15","2","0","0","0","1","0","0"
"POINT (11.592166802000065 48.142320991000076)","Unfall 169003 (2017) Kat:3, Licht: 2","169003","3","2","4","02","18","2","0","2","0","1","0","0"
"POINT (11.612093547000029 48.131498101000034)","Unfall 169004 (2017) Kat:3, Licht: 2","169004","3","3","5","02","17","2","0","2","1","1","0","0"
"POINT (11.502227553000068 48.154220838000072)","Unfall 169005 (2017) Kat:3, Licht: 2","169005","3","7","4","02","20","2","0","2","1","1","0","0"
"POINT (11.511842660000070 48.172251514000038)","Unfall 169007 (2017) Kat:3, Licht: 0","169007","3","1","9","02","11","2","0","0","0","1","0","0"
"POINT (11.465304064000065 48.146140457000058)","Unfall 169031 (2017) Kat:3, Licht: 2","169031","3","3","5","02","17","1","0","2","0","1","0","0"
"POINT (11.552402199000028 48.155293721000078)","Unfall 169032 (2017) Kat:3, Licht: 2","169032","3","7","0","02","19","1","0","2","0","1","0","0"
"POINT (11.612093547000029 48.131498101000034)","Unfall 169033 (2017) Kat:3, Licht: 0","169033","3","3","5","02","15","1","0","0","1","1","0","0"
"POINT (11.558954988000039 48.147545787000070)","Unfall 169056 (2017) Kat:2, Licht: 0","169056","2","2","4","02","14","7","0","0","0","1","0","0"
"POINT (11.590837492000048 48.167184013000053)","Unfall 169057 (2017) Kat:3, Licht: 0","169057","3","7","0","02","13","7","0","0","1","0","0","0"
"POINT (11.550107082000068 48.149222418000079)","Unfall 169058 (2017) Kat:3, Licht: 2","169058","3","3","5","02","00","7","0","2","0","1","0","0"
"POINT (11.494817391000026 48.178062309000040)","Unfall 169059 (2017) Kat:3, Licht: 2","169059","3","2","5","02","18","7","1","2","0","1","0","0"
"POINT (11.561973685000055 48.151759428000048)","Unfall 169060 (2017) Kat:3, Licht: 2","169060","3","7","7","02","00","7","0","2","0","1","1","0"
"POINT (11.577576432000058 48.134423361000074)","Unfall 169061 (2017) Kat:3, Licht: 2","169061","3","7","2","02","00","7","1","2","0","1","0","0"
"POINT (11.489664596000068 48.179506477000075)","Unfall 169062 (2017) Kat:3, Licht: 2","169062","3","3","5","02","20","7","1","2","0","1","0","0"
"POINT (11.412482538000063 48.146384718000036)","Unfall 169097 (2017) Kat:3, Licht: 2","169097","3","7","1","02","03","6","0","2","0","1","0","0"
"POINT (11.586733255000070 48.161744855000052)","Unfall 169099 (2017) Kat:3, Licht: 2","169099","3","7","3","02","23","6","1","2","1","1","0","0"
"POINT (11.571362522000072 48.134978149000062)","Unfall 169100 (2017) Kat:2, Licht: 2","169100","2","7","0","02","19","6","0","2","1","0","0","0"
"POINT (11.502899859000024 48.135423557000081)","Unfall 169101 (2017) Kat:3, Licht: 2","169101","3","2","5","02","17","6","1","2","0","1","0","0"
"POINT (11.541446938000036 48.125380237000059)","Unfall 169102 (2017) Kat:3, Licht: 0","169102","3","3","5","02","11","6","1","0","0","1","0","0"
"POINT (11.544246110000074 48.134683617000064)","Unfall 169103 (2017) Kat:3, Licht: 0","169103","3","7","0","02","07","6","1","0","0","1","0","1"
"POINT (11.529564437000033 48.176471042000060)","Unfall 169104 (2017) Kat:3, Licht: 0","169104","3","6","2","02","16","6","0","0","0","1","0","0"
"POINT (11.560475751000070 48.208578197000065)","Unfall 169105 (2017) Kat:3, Licht: 0","169105","3","3","5","02","16","6","0","0","1","1","0","0"
"POINT (11.551408965000064 48.119500325000047)","Unfall 169107 (2017) Kat:3, Licht: 0","169107","3","4","6","02","15","6","0","0","0","0","1","0"
"POINT (11.644456047000062 48.096981673000073)","Unfall 169108 (2017) Kat:3, Licht: 1","169108","3","2","6","02","06","6","0","1","0","1","1","0"
"POINT (11.586098518000028 48.131779632000075)","Unfall 169109 (2017) Kat:3, Licht: 0","169109","3","6","2","02","08","6","1","0","0","1","0","0"
"POINT (11.558420336000040 48.129444093000075)","Unfall 169110 (2017) Kat:2, Licht: 0","169110","2","2","4","02","10","6","1","0","0","1","0","0"
"POINT (11.566326499000070 48.164346753000075)","Unfall 169111 (2017) Kat:2, Licht: 0","169111","2","3","5","02","09","6","1","0","0","1","0","0"
"POINT (11.558475515000055 48.132808334000060)","Unfall 169112 (2017) Kat:3, Licht: 0","169112","3","5","1","02","12","6","1","0","1","1","0","0"
"POINT (11.555091181000023 48.114278688000070)","Unfall 169122 (2017) Kat:3, Licht: 2","169122","3","6","2","02","20","6","1","2","0","1","0","0"
"POINT (11.572353755000051 48.191696168000078)","Unfall 169123 (2017) Kat:3, Licht: 0","169123","3","3","4","02","10","6","1","0","1","1","0","0"
"POINT (11.508548831000041 48.124763151000082)","Unfall 169124 (2017) Kat:1, Licht: 2","169124","1","1","8","02","01","6","1","2","0","1","0","0"
"POINT (11.529127210000070 48.176280786000063)","Unfall 169125 (2017) Kat:2, Licht: 2","169125","2","3","5","02","19","6","1","2","1","1","0","0"
"POINT (11.564575765000029 48.198316484000031)","Unfall 169126 (2017) Kat:1, Licht: 2","169126","1","4","6","02","07","6","1","2","0","1","1","0"
"POINT (11.559462209000060 48.132914293000056)","Unfall 169127 (2017) Kat:3, Licht: 0","169127","3","7","1","02","08","6","1","0","1","1","0","0"
"POINT (11.509213386000056 48.162762593000082)","Unfall 169129 (2017) Kat:3, Licht: 0","169129","3","6","2","02","17","6","0","0","0","1","0","0"
"POINT (11.569166277000022 48.137786080000069)","Unfall 169130 (2017) Kat:3, Licht: 0","169130","3","7","6","02","09","6","0","0","0","1","1","0"
"POINT (11.560172772000044 48.095701018000057)","Unfall 169131 (2017) Kat:3, Licht: 0","169131","3","3","5","02","12","6","1","0","0","1","0","0"
"POINT (11.597239549000051 48.091095230000064)","Unfall 169132 (2017) Kat:3, Licht: 0","169132","3","7","0","02","13","6","1","0","0","0","0","0"
"POINT (11.589951825000071 48.123953952000079)","Unfall 169133 (2017) Kat:3, Licht: 2","169133","3","6","2","02","20","6","1","2","0","1","0","0"
"POINT (11.526318727000046 48.116465598000048)","Unfall 169134 (2017) Kat:3, Licht: 0","169134","3","6","2","02","15","6","1","0","0","1","0","0"
"POINT (11.571191781000039 48.167390631000046)","Unfall 169135 (2017) Kat:3, Licht: 0","169135","3","6","5","02","07","6","1","0","0","1","0","0"
"POINT (11.554419657000039 48.122098678000043)","Unfall 169183 (2017) Kat:3, Licht: 0","169183","3","7","4","02","08","5","0","0","0","1","0","0"
"POINT (11.594812189000038 48.183484021000027)","Unfall 169184 (2017) Kat:3, Licht: 0","169184","3","5","1","02","08","5","0","0","0","1","0","1"
"POINT (11.398805325000069 48.179721944000050)","Unfall 169185 (2017) Kat:3, Licht: 0","169185","3","2","4","02","09","5","0","0","1","1","0","0"
"POINT (11.562579824000068 48.213524295000070)","Unfall 169186 (2017) Kat:3, Licht: 0","169186","3","3","1","02","13","5","0","0","0","1","0","0"
"POINT (11.472114909000027 48.151473514000031)","Unfall 169187 (2017) Kat:3, Licht: 0","169187","3","3","5","02","09","5","0","0","1","1","0","0"
"POINT (11.609749852000050 48.124917891000052)","Unfall 169188 (2017) Kat:3, Licht: 0","169188","3","7","0","02","11","5","0","0","0","0","1","0"
"POINT (11.587028469000074 48.161702554000044)","Unfall 169189 (2017) Kat:3, Licht: 0","169189","3","7","4","02","14","5","0","0","1","0","0","0"
"POINT (11.460702560000072 48.188693966000073)","Unfall 169191 (2017) Kat:3, Licht: 0","169191","3","2","5","02","12","5","0","0","0","1","0","0"
"POINT (11.543607050000048 48.204147779000039)","Unfall 169192 (2017) Kat:3, Licht: 0","169192","3","6","8","02","13","5","0","0","0","1","0","1"
"POINT (11.491767576000029 48.128114636000078)","Unfall 169193 (2017) Kat:3, Licht: 0","169193","3","4","6","02","08","5","0","0","1","0","1","0"
"POINT (11.541346418000046 48.139561910000054)","Unfall 169194 (2017) Kat:3, Licht: 2","169194","3","5","0","02","22","5","0","2","1","0","0","0"
"POINT (11.579181637000033 48.146068543000069)","Unfall 169195 (2017) Kat:3, Licht: 2","169195","3","2","0","02","20","5","1","2","0","0","0","0"
"POINT (11.573773220000021 48.155611310000040)","Unfall 169229 (2017) Kat:3, Licht: 2","169229","3","5","1","02","18","4","0","2","1","1","0","0"
"POINT (11.586004679000041 48.160796708000078)","Unfall 169230 (2017) Kat:3, Licht: 0","169230","3","7","0","02","14","4","0","0","0","1","0","0"
"POINT (11.601887339000029 48.133735134000062)","Unfall 169231 (2017) Kat:3, Licht: 0","169231","3","2","4","02","06","4","0","0","1","1","0","0"
"POINT (11.575454497000067 48.177539425000077)","Unfall 169232 (2017) Kat:2, Licht: 0","169232","2","7","0","02","11","4","0","0","0","0","0","0"
"POINT (11.588503540000033 48.142424847000029)","Unfall 169233 (2017) Kat:3, Licht: 0","169233","3","6","3","02","15","4","0","0","0","1","0","0"
"POINT (11.407129071000043 48.179621133000069)","Unfall 169235 (2017) Kat:3, Licht: 0","169235","3","1","0","02","15","4","0","0","1","0","0","0"
"POINT (11.597918503000074 48.086358618000077)","Unfall 169236 (2017) Kat:3, Licht: 2","169236","3","7","8","02","00","4","0","2","0","1","0","0"
"POINT (11.584674223000036 48.113694855000062)","Unfall 169237 (2017) Kat:3, Licht: 0","169237","3","2","0","02","11","4","0","0","1","1","0","0"
"POINT (11.640583040000024 48.148200641000074)","Unfall 169238 (2017) Kat:3, Licht: 0","169238","3","3","5","02","14","4","0","0","1","1","0","0"
"POINT (11.607385163000060 48.139573411000072)","Unfall 169239 (2017) Kat:3, Licht: 0","169239","3","7","6","02","10","4","0","0","0","0","1","0"
"POINT (11.556851374000075 48.137462689000074)","Unfall 169240 (2017) Kat:2, Licht: 1","169240","2","6","3","02","17","4","0","1","0","1","0","1"
"POINT (11.572876081000061 48.175630574000081)","Unfall 169241 (2017) Kat:3, Licht: 0","169241","3","2","5","02","10","4","0","0","0","1","0","0"
"POINT (11.562819233000027 48.154007517000025)","Unfall 169242 (2017) Kat:3, Licht: 0","169242","3","1","0","02","08","4","1","0","0","0","0","1"
"POINT (11.584092805000068 48.137325750000059)","Unfall 169289 (2017) Kat:3, Licht: 2","169289","3","7","7","02","22","3","0","2","1","0","0","0"
"POINT (11.546613587000024 48.123209102000033)","Unfall 169290 (2017) Kat:3, Licht: 2","169290","3","7","0","02","19","3","0","2","1","0","0","0"
"POINT (11.546635047000052 48.123219734000031)","Unfall 169291 (2017) Kat:3, Licht: 2","169291","3","7","0","02","18","3","0","2","1","0","0","0"
"POINT (11.538637030000075 48.112235695000038)","Unfall 169293 (2017) Kat:3, Licht: 0","169293","3","7","0","02","17","3","0","0","0","1","0","1"
"POINT (11.587083849000066 48.190833357000031)","Unfall 169294 (2017) Kat:3, Licht: 0","169294","3","2","5","02","14","3","0","0","0","1","0","0"
"POINT (11.567417572000068 48.178088719000073)","Unfall 169295 (2017) Kat:3, Licht: 2","169295","3","4","6","02","19","3","1","2","0","1","1","0"
"POINT (11.586976910000033 48.100100335000036)","Unfall 169296 (2017) Kat:3, Licht: 0","169296","3","1","1","02","11","3","0","0","0","1","0","0"
"POINT (11.555776041000058 48.137483346000067)","Unfall 169297 (2017) Kat:3, Licht: 0","169297","3","3","5","02","16","3","0","0","1","0","0","0"
"POINT (11.486426458000039 48.210767894000071)","Unfall 169337 (2017) Kat:3, Licht: 2","169337","3","7","0","02","19","2","1","2","1","0","0","0"
"POINT (11.546048835000022 48.186233931000061)","Unfall 169338 (2017) Kat:3, Licht: 0","169338","3","6","3","02","16","2","0","0","0","1","0","0"
"POINT (11.575031335000062 48.109724003000053)","Unfall 169339 (2017) Kat:2, Licht: 0","169339","2","4","6","02","17","2","0","0","0","1","1","0"
"POINT (11.572709269000029 48.177819042000067)","Unfall 169340 (2017) Kat:3, Licht: 0","169340","3","2","4","02","17","2","0","0","1","1","0","0"
"POINT (11.576682023000046 48.114033285000062)","Unfall 169341 (2017) Kat:3, Licht: 0","169341","3","3","5","02","09","2","0","0","1","1","0","0"
"POINT (11.558404482000071 48.129686660000061)","Unfall 169342 (2017) Kat:3, Licht: 0","169342","3","2","5","02","09","2","0","0","0","0","0","0"
"POINT (11.587635762000048 48.141267502000062)","Unfall 169343 (2017) Kat:3, Licht: 0","169343","3","7","0","02","18","2","0","0","0","1","1","0"
"POINT (11.597344036000038 48.149726936000036)","Unfall 169344 (2017) Kat:3, Licht: 0","169344","3","3","5","02","17","2","0","0","1","1","0","0"
"POINT (11.633334779000052 48.210381327000050)","Unfall 169386 (2017) Kat:3, Licht: 0","169386","3","5","1","02","14","7","0","0","0","1","0","0"
"POINT (11.578311393000035 48.111921401000075)","Unfall 169387 (2017) Kat:3, Licht: 0","169387","3","3","0","02","10","7","0","0","0","1","0","0"
"POINT (11.605172744000072 48.104590815000051)","Unfall 169388 (2017) Kat:3, Licht: 0","169388","3","2","4","02","15","7","0","0","0","1","0","0"
"POINT (11.575019728000029 48.134347692000063)","Unfall 169389 (2017) Kat:3, Licht: 2","169389","3","4","6","02","18","7","0","2","0","1","1","0"
"POINT (11.631865707000031 48.121862463000070)","Unfall 169390 (2017) Kat:3, Licht: 0","169390","3","6","0","02","12","7","0","0","0","0","1","0"
"POINT (11.581345410000040 48.135280038000076)","Unfall 169400 (2017) Kat:3, Licht: 0","169400","3","4","6","02","16","6","1","0","0","1","1","0"
"POINT (11.520426481000072 48.150042766000070)","Unfall 169401 (2017) Kat:3, Licht: 2","169401","3","2","8","02","05","6","1","2","0","1","0","0"
"POINT (11.557527996000033 48.126948395000056)","Unfall 169413 (2017) Kat:3, Licht: 0","169413","3","2","5","02","16","6","0","0","0","1","0","1"
"POINT (11.520679920000077 48.175143280000043)","Unfall 169415 (2017) Kat:3, Licht: 2","169415","3","6","4","02","18","6","0","2","1","0","0","0"
"POINT (11.501261964000037 48.120228341000029)","Unfall 169416 (2017) Kat:3, Licht: 2","169416","3","3","5","02","17","6","1","2","0","1","0","0"
"POINT (11.577262324000060 48.114483435000068)","Unfall 169417 (2017) Kat:3, Licht: 0","169417","3","4","6","02","13","6","0","0","0","1","1","0"
"POINT (11.542542123000032 48.122009034000030)","Unfall 169447 (2017) Kat:2, Licht: 0","169447","2","3","5","02","12","5","0","0","1","1","0","0"
"POINT (11.561187393000068 48.219946602000050)","Unfall 169448 (2017) Kat:3, Licht: 0","169448","3","2","6","02","08","5","0","0","0","1","1","0"
"POINT (11.565017220000072 48.124000306000028)","Unfall 169449 (2017) Kat:3, Licht: 0","169449","3","2","4","02","07","5","0","0","1","0","0","0"
"POINT (11.573473033000027 48.135733122000033)","Unfall 169451 (2017) Kat:3, Licht: 0","169451","3","3","0","02","11","5","0","0","1","1","0","0"
"POINT (11.675197205000075 48.125701882000044)","Unfall 169452 (2017) Kat:3, Licht: 0","169452","3","4","6","02","12","5","0","0","0","1","1","0"