WKT,Name,OBJECTID,UKATEGORIE,UTYP1,UART,UMONAT,USTUNDE,UWOCHENTAG,STRZUSTAND,ULICHTVERH,ISTRAD,ISTPKW,ISTFUSS,ISTKRAD
"POINT (11.470790289000036 48.144715495000071)","Unfall 169453 (2017) Kat:3, Licht: 0","169453","3","3","5","02","07","5","0","0","1","1","0","0"
"POINT (11.517907362000074 48.138888969000050)","Unfall 169454 (2017) Kat:3, Licht: 0","169454","3","2","5","02","08","5","0","0","1","1","0","0"
"POINT (11.560655828000051 48.152858157000026)","Unfall 169455 (2017) Kat:3, Licht: 2","169455","3","6","2","02","18","5","0","2","0","1","0","0"
"POINT (11.584693037000022 48.139351301000033)","Unfall 169456 (2017) Kat:3, Licht: 0","169456","3","6","3","02","15","5","0","0","0","1","0","1"
"POINT (11.688454954000065 48.139545382000051)","Unfall 169485 (2017) Kat:3, Licht: 2","169485","3","3","4","02","19","4","0","2","0","1","0","0"
"POINT (11.527024347000065 48.120460615000070)","Unfall 169486 (2017) Kat:3, Licht: 0","169486","3","3","5","02","11","4","0","0","0","1","0","1"
"POINT (11.413634946000059 48.155337439000050)","Unfall 169487 (2017) Kat:3, Licht: 0","169487","3","4","6","02","07","4","1","0","0","1","1","0"
"POINT (11.511398387000042 48.159678798000073)","Unfall 169488 (2017) Kat:3, Licht: 2","169488","3","6","2","02","19","4","0","2","0","1","0","0"
"POINT (11.525940818000038 48.116409541000053)","Unfall 169490 (2017) Kat:3, Licht: 0","169490","3","2","6","02","07","4","0","0","0","1","1","0"
"POINT (11.560073538000040 48.130163888000027)","Unfall 169491 (2017) Kat:3, Licht: 1","169491","3","3","5","02","18","4","0","1","1","1","0","0"
"POINT (11.476140901000065 48.103525512000033)","Unfall 169520 (2017) Kat:3, Licht: 0","169520","3","3","5","02","12","3","1","0","0","1","0","0"
"POINT (11.616330716000050 48.149023785000054)","Unfall 169521 (2017) Kat:3, Licht: 2","169521","3","4","6","02","19","3","1","2","0","1","1","0"
"POINT (11.502663418000054 48.164551761000041)","Unfall 169522 (2017) Kat:2, Licht: 0","169522","2","2","4","02","16","3","0","0","0","1","0","0"
"POINT (11.661591896000061 48.125894420000066)","Unfall 169523 (2017) Kat:3, Licht: 1","169523","3","6","2","02","17","3","1","1","0","1","0","0"
"POINT (11.591789508000033 48.115035274000036)","Unfall 169524 (2017) Kat:3, Licht: 0","169524","3","5","1","02","13","3","1","0","0","1","0","0"
"POINT (11.702849924000077 48.132319989000052)","Unfall 169525 (2017) Kat:3, Licht: 0","169525","3","7","6","02","14","3","0","0","0","1","1","0"
"POINT (11.492541661000075 48.166108415000053)","Unfall 169526 (2017) Kat:2, Licht: 0","169526","2","7","0","02","16","3","1","0","1","0","0","0"
"POINT (11.590271076000022 48.122492708000038)","Unfall 169527 (2017) Kat:3, Licht: 2","169527","3","4","6","02","23","3","1","2","0","1","1","0"
"POINT (11.527021414000046 48.120496924000065)","Unfall 169555 (2017) Kat:3, Licht: 0","169555","3","3","5","02","09","2","1","0","0","1","0","0"
"POINT (11.614677509000046 48.115966142000048)","Unfall 169556 (2017) Kat:3, Licht: 0","169556","3","4","6","02","16","2","1","0","0","1","1","0"
"POINT (11.595564109000065 48.171677007000028)","Unfall 169557 (2017) Kat:3, Licht: 0","169557","3","4","6","02","11","2","0","0","0","1","1","0"
"POINT (11.556015125000044 48.142087230000072)","Unfall 169558 (2017) Kat:3, Licht: 0","169558","3","2","4","02","16","2","0","0","0","1","0","0"
"POINT (11.540147159000071 48.151126482000052)","Unfall 169559 (2017) Kat:2, Licht: 2","169559","2","2","5","02","19","2","0","2","0","1","0","1"
"POINT (11.477378022000039 48.108588346000033)","Unfall 169560 (2017) Kat:2, Licht: 0","169560","2","3","5","02","09","2","0","0","1","1","0","0"
"POINT (11.503250560000026 48.143959129000052)","Unfall 169561 (2017) Kat:3, Licht: 2","169561","3","4","6","02","05","2","1","2","1","0","1","0"
"POINT (11.568036311000071 48.147604613000055)","Unfall 169562 (2017) Kat:3, Licht: 0","169562","3","3","5","02","17","2","1","0","0","1","0","0"
"POINT (11.566974058000028 48.134724407000078)","Unfall 169563 (2017) Kat:2, Licht: 0","169563","2","1","0","02","12","2","0","0","1","0","0","0"
"POINT (11.586166983000055 48.161521652000033)","Unfall 169606 (2017) Kat:3, Licht: 0","169606","3","7","1","02","14","1","0","0","0","1","0","1"
"POINT (11.553584744000034 48.112267841000062)","Unfall 169607 (2017) Kat:3, Licht: 0","169607","3","2","4","02","10","1","0","0","0","1","0","0"
"POINT (11.612989146000075 48.121609460000059)","Unfall 169609 (2017) Kat:3, Licht: 2","169609","3","6","3","02","18","1","0","2","0","1","0","0"
"POINT (11.540940196000065 48.124880017000066)","Unfall 169610 (2017) Kat:3, Licht: 0","169610","3","5","1","02","11","1","0","0","1","1","0","0"
"POINT (11.592804449000027 48.161634980000031)","Unfall 169611 (2017) Kat:3, Licht: 0","169611","3","1","0","02","12","1","0","0","1","0","0","0"
"POINT (11.532010591000073 48.168794496000032)","Unfall 169633 (2017) Kat:3, Licht: 2","169633","3","7","6","02","19","7","0","2","0","1","1","0"
"POINT (11.579012981000062 48.129205073000037)","Unfall 169641 (2017) Kat:3, Licht: 2","169641","3","6","2","02","05","6","0","2","0","1","0","0"
"POINT (11.547220535000065 48.159445528000049)","Unfall 169659 (2017) Kat:3, Licht: 1","169659","3","6","2","03","19","6","0","1","0","1","0","0"
"POINT (11.626991384000064 48.139389458000039)","Unfall 169660 (2017) Kat:3, Licht: 0","169660","3","2","3","03","08","6","0","0","1","1","0","0"
"POINT (11.643750277000038 48.123960832000080)","Unfall 169661 (2017) Kat:3, Licht: 0","169661","3","3","5","03","07","6","0","0","0","1","0","0"
"POINT (11.567732129000035 48.131750892000071)","Unfall 169662 (2017) Kat:3, Licht: 2","169662","3","1","0","03","01","6","0","2","1","0","0","0"
"POINT (11.556457140000077 48.186987533000035)","Unfall 169665 (2017) Kat:3, Licht: 0","169665","3","2","5","03","15","6","0","0","1","0","0","0"
"POINT (11.564563788000044 48.137404921000041)","Unfall 169666 (2017) Kat:3, Licht: 0","169666","3","2","5","03","14","6","0","0","1","0","0","1"
"POINT (11.570062130000053 48.187457931000040)","Unfall 169667 (2017) Kat:2, Licht: 2","169667","2","1","0","03","19","6","0","2","0","0","0","1"
"POINT (11.604506918000027 48.157170157000053)","Unfall 169668 (2017) Kat:3, Licht: 0","169668","3","6","2","03","15","6","0","0","0","1","0","0"
"POINT (11.471628222000049 48.150125272000025)","Unfall 169704 (2017) Kat:3, Licht: 0","169704","3","3","5","03","12","5","0","0","0","1","0","0"
"POINT (11.405757962000052 48.178450593000036)","Unfall 169705 (2017) Kat:3, Licht: 0","169705","3","3","5","03","11","5","0","0","0","1","0","0"
"POINT (11.486303574000033 48.130130958000052)","Unfall 169706 (2017) Kat:3, Licht: 0","169706","3","7","0","03","10","5","0","0","0","1","0","0"
"POINT (11.448874244000024 48.173513102000072)","Unfall 169707 (2017) Kat:3, Licht: 0","169707","3","2","5","03","08","5","1","0","1","0","0","0"
"POINT (11.596124533000022 48.169500145000029)","Unfall 169708 (2017) Kat:3, Licht: 0","169708","3","7","0","03","10","5","0","0","0","1","0","0"
"POINT (11.568937917000028 48.158007227000041)","Unfall 169709 (2017) Kat:3, Licht: 0","169709","3","7","1","03","12","5","0","0","0","1","0","0"
"POINT (11.563271179000026 48.208801459000028)","Unfall 169710 (2017) Kat:3, Licht: 0","169710","3","3","5","03","09","5","1","0","0","1","0","0"
"POINT (11.548839377000036 48.143544522000070)","Unfall 169711 (2017) Kat:3, Licht: 0","169711","3","2","5","03","17","5","0","0","0","1","0","0"
"POINT (11.611371082000062 48.199663644000054)","Unfall 169712 (2017) Kat:3, Licht: 2","169712","3","6","2","03","22","5","0","2","0","1","0","0"
"POINT (11.654710658000056 48.087030750000054)","Unfall 169715 (2017) Kat:1, Licht: 2","169715","1","7","0","03","03","5","1","2","1","0","0","0"
"POINT (11.563872962000062 48.156945554000060)","Unfall 169716 (2017) Kat:3, Licht: 2","169716","3","6","5","03","01","5","1","2","0","1","0","0"
"POINT (11.551198955000075 48.214033423000046)","Unfall 169717 (2017) Kat:3, Licht: 0","169717","3","6","2","03","15","5","0","0","0","1","0","0"
"POINT (11.553640077000068 48.112339950000035)","Unfall 169748 (2017) Kat:3, Licht: 0","169748","3","2","4","03","09","4","0","0","0","1","0","0"
"POINT (11.459029386000054 48.150127908000059)","Unfall 169749 (2017) Kat:3, Licht: 0","169749","3","7","0","03","12","4","0","0","0","1","0","0"
"POINT (11.550874751000038 48.148998424000069)","Unfall 169750 (2017) Kat:3, Licht: 0","169750","3","6","1","03","12","4","0","0","1","1","0","0"
"POINT (11.534898617000067 48.138177569000050)","Unfall 169751 (2017) Kat:3, Licht: 0","169751","3","3","5","03","12","4","0","0","1","1","0","0"
"POINT (11.496384954000064 48.088708619000045)","Unfall 169781 (2017) Kat:3, Licht: 1","169781","3","2","4","02","17","3","1","1","1","1","0","0"
"POINT (11.532307666000065 48.130035911000050)","Unfall 169782 (2017) Kat:3, Licht: 0","169782","3","7","8","02","11","3","1","0","0","1","0","0"
"POINT (11.538617729000066 48.145732749000047)","Unfall 169783 (2017) Kat:2, Licht: 0","169783","2","2","3","02","07","3","1","0","1","0","0","0"
"POINT (11.520346760000052 48.150146011000061)","Unfall 169784 (2017) Kat:3, Licht: 2","169784","3","2","4","02","06","3","1","2","0","1","0","0"
"POINT (11.593386606000024 48.169322574000034)","Unfall 169785 (2017) Kat:3, Licht: 0","169785","3","7","3","02","13","3","1","0","0","1","0","0"
"POINT (11.581392069000060 48.134995269000058)","Unfall 169786 (2017) Kat:3, Licht: 0","169786","3","2","3","02","15","3","1","0","1","1","0","0"
"POINT (11.510831012000040 48.170362242000067)","Unfall 169788 (2017) Kat:2, Licht: 0","169788","2","6","2","02","13","3","0","0","0","1","0","0"
"POINT (11.562655168000049 48.105119798000032)","Unfall 169816 (2017) Kat:3, Licht: 0","169816","3","5","0","02","17","2","0","0","0","1","0","0"
"POINT (11.513701947000072 48.136657149000030)","Unfall 169818 (2017) Kat:3, Licht: 0","169818","3","3","5","02","13","2","0","0","0","0","0","0"
"POINT (11.568187458000068 48.132713102000025)","Unfall 169819 (2017) Kat:3, Licht: 2","169819","3","6","2","02","00","2","0","2","0","1","0","0"
"POINT (11.584129045000054 48.137322124000036)","Unfall 169820 (2017) Kat:3, Licht: 0","169820","3","6","2","02","17","2","0","0","0","1","0","0"
"POINT (11.581526325000027 48.134694565000075)","Unfall 169821 (2017) Kat:3, Licht: 0","169821","3","6","2","02","17","2","0","0","0","1","0","0"
"POINT (11.658672828000022 48.101160650000054)","Unfall 169851 (2017) Kat:3, Licht: 0","169851","3","2","4","02","16","1","0","0","0","1","0","0"
"POINT (11.556541552000056 48.155725764000067)","Unfall 169852 (2017) Kat:3, Licht: 0","169852","3","5","1","02","16","1","0","0","1","1","0","0"
"POINT (11.612930735000077 48.123273205000032)","Unfall 169863 (2017) Kat:3, Licht: 2","169863","3","7","6","02","23","7","0","2","0","1","1","0"
"POINT (11.546809061000033 48.118372148000049)","Unfall 169864 (2017) Kat:3, Licht: 0","169864","3","5","1","02","09","7","0","0","1","1","0","0"
"POINT (11.573048450000044 48.182257121000077)","Unfall 169865 (2017) Kat:3, Licht: 0","169865","3","4","6","02","13","7","0","0","0","1","1","0"
"POINT (11.528803081000035 48.176755940000078)","Unfall 169866 (2017) Kat:3, Licht: 0","169866","3","2","5","02","16","7","0","0","1","1","0","0"
"POINT (11.586345377000043 48.163464170000054)","Unfall 169867 (2017) Kat:3, Licht: 0","169867","3","6","3","02","17","7","0","0","0","1","0","0"
"POINT (11.582478606000052 48.150358879000066)","Unfall 169868 (2017) Kat:3, Licht: 0","169868","3","7","1","02","14","7","0","0","1","1","0","0"
"POINT (11.609109632000070 48.136331645000041)","Unfall 169869 (2017) Kat:3, Licht: 2","169869","3","3","5","02","04","7","0","2","0","1","0","0"
"POINT (11.523490881000043 48.136450438000054)","Unfall 169870 (2017) Kat:3, Licht: 2","169870","3","3","1","02","18","7","0","2","0","1","0","1"
"POINT (11.581907077000039 48.210860183000079)","Unfall 169871 (2017) Kat:2, Licht: 2","169871","2","4","6","02","20","7","0","2","0","1","1","0"
"POINT (11.587880446000042 48.109930815000041)","Unfall 169873 (2017) Kat:3, Licht: 0","169873","3","5","1","02","12","7","0","0","0","1","0","1"
"POINT (11.538029130000041 48.103690931000074)","Unfall 169938 (2017) Kat:2, Licht: 0","169938","2","3","5","03","18","5","0","0","1","1","0","0"
"POINT (11.468039868000062 48.177548276000039)","Unfall 169939 (2017) Kat:3, Licht: 0","169939","3","3","5","03","10","5","1","0","1","1","0","0"
"POINT (11.538644334000026 48.145970815000055)","Unfall 169940 (2017) Kat:3, Licht: 0","169940","3","3","5","03","06","5","1","0","1","1","0","0"
"POINT (11.626130664000073 48.171555481000041)","Unfall 169941 (2017) Kat:3, Licht: 0","169941","3","7","6","03","07","5","1","0","0","1","1","0"
"POINT (11.658675282000047 48.101166708000051)","Unfall 169942 (2017) Kat:3, Licht: 0","169942","3","6","4","03","17","5","1","0","0","1","0","0"
"POINT (11.533608607000076 48.159501005000038)","Unfall 169943 (2017) Kat:2, Licht: 0","169943","2","7","0","03","08","5","1","0","1","0","0","0"
"POINT (11.589796608000029 48.137231933000066)","Unfall 169974 (2017) Kat:3, Licht: 2","169974","3","2","0","03","19","4","1","2","0","0","1","0"
"POINT (11.589328112000032 48.136889905000032)","Unfall 169975 (2017) Kat:3, Licht: 2","169975","3","2","4","03","21","4","1","2","1","1","0","0"
"POINT (11.570133037000062 48.111583697000071)","Unfall 169976 (2017) Kat:3, Licht: 0","169976","3","2","5","03","13","4","0","0","0","0","1","0"
"POINT (11.588023842000041 48.131626055000027)","Unfall 169977 (2017) Kat:3, Licht: 1","169977","3","6","9","03","18","4","1","1","0","1","0","0"
"POINT (11.627622707000057 48.092331964000039)","Unfall 169978 (2017) Kat:3, Licht: 0","169978","3","7","6","03","16","4","0","0","0","1","1","0"
"POINT (11.535572913000067 48.153475434000029)","Unfall 169979 (2017) Kat:2, Licht: 0","169979","2","4","6","03","14","4","0","0","0","1","1","0"
"POINT (11.563320773000044 48.208213199000056)","Unfall 169980 (2017) Kat:3, Licht: 0","169980","3","6","2","03","10","4","0","0","0","1","0","0"
"POINT (11.494849199000043 48.178113429000064)","Unfall 169981 (2017) Kat:3, Licht: 2","169981","3","2","5","03","19","4","1","2","1","1","0","0"
"POINT (11.579108605000044 48.139300027000047)","Unfall 169982 (2017) Kat:3, Licht: 0","169982","3","7","0","03","16","4","0","0","0","0","0","0"
"POINT (11.435609209000063 48.163627719000033)","Unfall 170026 (2017) Kat:3, Licht: 0","170026","3","3","4","03","17","3","1","0","0","1","0","0"
"POINT (11.581703598000047 48.187747364000074)","Unfall 170027 (2017) Kat:3, Licht: 0","170027","3","6","3","03","18","3","0","0","0","1","0","1"
"POINT (11.557839661000060 48.177266012000075)","Unfall 170028 (2017) Kat:3, Licht: 2","170028","3","6","1","03","19","3","0","2","0","1","0","0"
"POINT (11.705233879000048 48.101915044000066)","Unfall 170030 (2017) Kat:3, Licht: 0","170030","3","3","5","03","11","3","0","0","0","1","0","0"
"POINT (11.504654028000061 48.138394965000032)","Unfall 170031 (2017) Kat:3, Licht: 0","170031","3","5","3","03","13","3","0","0","1","1","0","0"
"POINT (11.460620021000068 48.148693567000066)","Unfall 170032 (2017) Kat:3, Licht: 0","170032","3","3","0","03","16","3","0","0","1","0","0","0"
"POINT (11.573632217000068 48.156956618000038)","Unfall 170033 (2017) Kat:3, Licht: 0","170033","3","3","5","03","09","3","1","0","1","1","0","0"
"POINT (11.614250422000055 48.196121189000053)","Unfall 170034 (2017) Kat:3, Licht: 0","170034","3","6","2","03","15","3","1","0","0","1","0","0"
"POINT (11.550587062000034 48.188741790000051)","Unfall 170035 (2017) Kat:3, Licht: 0","170035","3","4","6","03","08","3","1","0","0","1","1","0"
"POINT (11.546444831000031 48.146582946000080)","Unfall 170036 (2017) Kat:3, Licht: 0","170036","3","2","5","03","12","3","0","0","0","1","0","0"
"POINT (11.586227575000066 48.163338180000039)","Unfall 170037 (2017) Kat:3, Licht: 0","170037","3","2","5","03","08","3","1","0","1","1","0","0"
"POINT (11.565407605000075 48.132364588000030)","Unfall 170077 (2017) Kat:3, Licht: 0","170077","3","4","6","03","12","2","0","0","0","1","1","0"
"POINT (11.572319868000022 48.149559809000039)","Unfall 170078 (2017) Kat:3, Licht: 2","170078","3","6","2","03","19","2","0","2","0","1","0","0"
"POINT (11.658729550000032 48.101063272000033)","Unfall 170079 (2017) Kat:3, Licht: 0","170079","3","6","3","03","15","2","0","0","0","1","0","0"
"POINT (11.630430876000048 48.155163027000071)","Unfall 170080 (2017) Kat:3, Licht: 0","170080","3","5","1","03","10","2","0","0","0","1","0","0"
"POINT (11.659991785000045 48.127360062000037)","Unfall 170081 (2017) Kat:3, Licht: 0","170081","3","2","4","03","14","2","0","0","0","1","0","0"
"POINT (11.576648373000069 48.135443259000056)","Unfall 170082 (2017) Kat:3, Licht: 0","170082","3","7","0","03","10","2","0","0","0","0","1","0"
"POINT (11.538534791000075 48.136931983000068)","Unfall 170083 (2017) Kat:3, Licht: 0","170083","3","3","5","03","15","2","0","0","0","1","0","0"
"POINT (11.530074065000065 48.156230211000036)","Unfall 170084 (2017) Kat:3, Licht: 0","170084","3","3","5","03","08","2","0","0","1","1","0","0"
"POINT (11.521230600000024 48.175764943000047)","Unfall 170085 (2017) Kat:2, Licht: 2","170085","2","4","6","03","18","2","0","2","0","1","1","0"
"POINT (11.451437605000024 48.149952470000073)","Unfall 170086 (2017) Kat:3, Licht: 0","170086","3","7","6","03","17","2","1","0","0","1","1","0"
"POINT (11.540386336000040 48.118008819000067)","Unfall 170116 (2017) Kat:3, Licht: 0","170116","3","6","0","03","14","1","0","0","0","0","0","1"
"POINT (11.546534715000064 48.159068631000025)","Unfall 170117 (2017) Kat:2, Licht: 1","170117","2","6","3","03","17","1","0","1","1","0","0","0"
"POINT (11.489006893000067 48.165556014000060)","Unfall 170136 (2017) Kat:3, Licht: 0","170136","3","6","0","03","11","7","0","0","1","0","0","0"
"POINT (11.643965214000048 48.160403186000053)","Unfall 170137 (2017) Kat:3, Licht: 0","170137","3","3","1","03","12","7","0","0","1","1","0","0"
"POINT (11.558400669000036 48.129725548000067)","Unfall 170138 (2017) Kat:3, Licht: 0","170138","3","2","3","03","15","7","0","0","1","1","0","0"
"POINT (11.411571410000022 48.141475463000063)","Unfall 170139 (2017) Kat:3, Licht: 0","170139","3","7","0","03","11","7","0","0","0","1","0","1"
"POINT (11.628704635000076 48.150703043000078)","Unfall 170140 (2017) Kat:3, Licht: 0","170140","3","6","0","03","17","7","0","0","1","0","0","0"
"POINT (11.606401920000053 48.139610458000050)","Unfall 170141 (2017) Kat:3, Licht: 2","170141","3","4","6","03","19","7","0","2","0","1","1","0"
"POINT (11.493627611000022 48.180739636000055)","Unfall 170143 (2017) Kat:3, Licht: 0","170143","3","7","0","03","16","7","0","0","1","0","0","0"
"POINT (11.603652712000041 48.145860077000066)","Unfall 170144 (2017) Kat:3, Licht: 0","170144","3","6","2","03","12","7","0","0","1","0","0","0"
"POINT (11.577634299000067 48.139548004000062)","Unfall 170145 (2017) Kat:3, Licht: 2","170145","3","1","0","03","02","7","0","2","1","0","0","0"
"POINT (11.473263533000022 48.125702981000074)","Unfall 170174 (2017) Kat:3, Licht: 1","170174","3","4","6","03","18","4","0","1","0","1","1","0"
"POINT (11.615394996000077 48.142759904000059)","Unfall 170176 (2017) Kat:3, Licht: 0","170176","3","2","4","03","10","4","0","0","1","1","0","0"
"POINT (11.563619346000053 48.204768347000027)","Unfall 170177 (2017) Kat:2, Licht: 0","170177","2","4","6","03","07","4","0","0","0","1","1","0"
"POINT (11.587701705000029 48.159939919000067)","Unfall 170178 (2017) Kat:3, Licht: 0","170178","3","7","6","03","16","4","0","0","1","0","1","0"
"POINT (11.543073624000044 48.149283634000028)","Unfall 170179 (2017) Kat:3, Licht: 0","170179","3","2","5","03","14","4","0","0","1","1","0","0"
"POINT (11.600209004000021 48.140866243000062)","Unfall 170180 (2017) Kat:3, Licht: 2","170180","3","7","0","03","20","4","0","2","0","0","0","0"
"POINT (11.573376576000044 48.172674275000077)","Unfall 170223 (2017) Kat:3, Licht: 0","170223","3","3","5","03","08","3","0","0","1","1","0","0"
"POINT (11.679469679000022 48.132270117000076)","Unfall 170224 (2017) Kat:3, Licht: 0","170224","3","6","2","03","15","3","0","0","0","1","0","0"
"POINT (11.503257394000059 48.174791096000035)","Unfall 170226 (2017) Kat:3, Licht: 0","170226","3","2","5","03","13","3","0","0","0","1","0","0"
"POINT (11.475676789000033 48.107877485000074)","Unfall 170227 (2017) Kat:3, Licht: 0","170227","3","2","5","03","08","3","0","0","1","1","0","0"
"POINT (11.604750096000032 48.105368460000079)","Unfall 170228 (2017) Kat:3, Licht: 0","170228","3","2","0","03","14","3","0","0","0","1","0","0"
"POINT (11.592660949000049 48.122750829000040)","Unfall 170229 (2017) Kat:3, Licht: 0","170229","3","4","6","03","08","3","0","0","1","0","1","0"
"POINT (11.582216539000058 48.122767418000080)","Unfall 170230 (2017) Kat:3, Licht: 0","170230","3","1","0","03","08","3","0","0","1","0","0","0"
"POINT (11.557202973000074 48.119516203000046)","Unfall 170231 (2017) Kat:3, Licht: 0","170231","3","3","5","03","17","3","0","0","0","1","0","0"
"POINT (11.511573700000042 48.158302989000049)","Unfall 170233 (2017) Kat:3, Licht: 0","170233","3","2","4","03","10","3","0","0","0","1","0","0"
"POINT (11.557210608000048 48.127244910000059)","Unfall 170234 (2017) Kat:3, Licht: 0","170234","3","6","2","03","11","3","0","0","0","1","0","0"
"POINT (11.503547860000026 48.121295205000081)","Unfall 170274 (2017) Kat:3, Licht: 0","170274","3","1","1","03","17","2","0","0","1","1","0","0"
"POINT (11.494731007000041 48.181697126000074)","Unfall 170275 (2017) Kat:3, Licht: 0","170275","3","6","4","03","14","2","0","0","1","0","1","0"
"POINT (11.612107907000052 48.131512669000074)","Unfall 170276 (2017) Kat:3, Licht: 0","170276","3","6","2","03","17","2","0","0","0","1","0","0"
"POINT (11.668581000000074 48.122722165000027)","Unfall 170277 (2017) Kat:3, Licht: 0","170277","3","4","6","03","12","2","0","0","0","1","1","0"
"POINT (11.646433437000042 48.105178172000080)","Unfall 170278 (2017) Kat:3, Licht: 0","170278","3","3","5","03","15","2","0","0","0","1","0","0"
"POINT (11.502132808000056 48.113151050000056)","Unfall 170279 (2017) Kat:3, Licht: 0","170279","3","3","5","03","16","2","0","0","1","1","0","0"
"POINT (11.578344913000024 48.111920008000027)","Unfall 170281 (2017) Kat:2, Licht: 2","170281","2","3","5","03","20","2","0","2","0","1","0","0"
"POINT (11.630863424000040 48.119486702000074)","Unfall 170282 (2017) Kat:2, Licht: 2","170282","2","7","0","03","18","2","0","2","1","0","0","0"
"POINT (11.507297353000070 48.164291537000054)","Unfall 170283 (2017) Kat:3, Licht: 0","170283","3","6","2","03","15","2","0","0","0","1","0","0"
"POINT (11.564235135000047 48.140072948000068)","Unfall 170284 (2017) Kat:3, Licht: 0","170284","3","5","1","03","09","2","0","0","1","1","0","0"
"POINT (11.563512892000062 48.149989541000082)","Unfall 170326 (2017) Kat:3, Licht: 0","170326","3","7","0","03","13","1","0","0","0","0","0","1"
"POINT (11.576656694000064 48.136747274000072)","Unfall 170327 (2017) Kat:3, Licht: 2","170327","3","6","3","03","22","1","1","2","1","0","0","0"
"POINT (11.559109177000039 48.139340290000064)","Unfall 170328 (2017) Kat:3, Licht: 2","170328","3","5","6","03","02","1","0","2","0","1","1","0"
"POINT (11.420589832000076 48.149877311000068)","Unfall 170329 (2017) Kat:2, Licht: 0","170329","2","2","4","03","14","1","0","0","0","1","0","1"
"POINT (11.557961413000044 48.095373210000048)","Unfall 170330 (2017) Kat:2, Licht: 0","170330","2","4","6","03","12","1","0","0","0","1","1","0"
"POINT (11.559056331000022 48.137415778000047)","Unfall 170352 (2017) Kat:3, Licht: 0","170352","3","3","5","03","13","7","0","0","0","1","0","0"
"POINT (11.644904559000054 48.109083037000062)","Unfall 170354 (2017) Kat:3, Licht: 0","170354","3","6","9","03","17","7","0","0","0","1","0","1"
"POINT (11.505061357000045 48.126135635000026)","Unfall 170355 (2017) Kat:3, Licht: 0","170355","3","6","2","03","16","7","0","0","0","1","0","0"
"POINT (11.581388053000069 48.114643931000046)","Unfall 170356 (2017) Kat:3, Licht: 0","170356","3","2","3","03","14","7","0","0","0","1","0","0"
"POINT (11.601533304000043 48.103703513000028)","Unfall 170357 (2017) Kat:3, Licht: 0","170357","3","3","5","03","15","7","0","0","0","1","0","1"
"POINT (11.538884447000044 48.170646903000033)","Unfall 170358 (2017) Kat:3, Licht: 0","170358","3","7","0","03","14","7","0","0","1","1","0","0"
"POINT (11.580471366000040 48.115645364000045)","Unfall 170359 (2017) Kat:3, Licht: 0","170359","3","6","2","03","16","7","0","0","0","1","0","0"
"POINT (11.590032593000046 48.201381763000029)","Unfall 170391 (2017) Kat:3, Licht: 0","170391","3","6","2","03","14","6","0","0","0","1","0","0"
"POINT (11.556100101000027 48.141916412000057)","Unfall 170392 (2017) Kat:3, Licht: 1","170392","3","7","5","03","19","6","0","1","0","1","0","1"
"POINT (11.522519854000052 48.157365486000060)","Unfall 170393 (2017) Kat:2, Licht: 0","170393","2","3","5","03","16","6","0","0","1","1","0","0"
"POINT (11.665161567000041 48.121845253000060)","Unfall 170394 (2017) Kat:3, Licht: 0","170394","3","4","6","03","12","6","0","0","0","1","1","0"
"POINT (11.561460026000077 48.137404896000078)","Unfall 170395 (2017) Kat:3, Licht: 0","170395","3","4","6","03","10","6","0","0","0","1","1","0"
"POINT (11.627066581000065 48.139285315000052)","Unfall 170396 (2017) Kat:3, Licht: 2","170396","3","2","4","03","19","6","0","2","0","1","0","0"
"POINT (11.542296969000063 48.214870524000048)","Unfall 170397 (2017) Kat:3, Licht: 0","170397","3","6","2","03","08","6","0","0","0","1","0","0"
"POINT (11.567931414000043 48.140386136000075)","Unfall 170398 (2017) Kat:3, Licht: 0","170398","3","3","6","03","12","6","0","0","0","1","1","0"
"POINT (11.656762083000046 48.108341976000077)","Unfall 170399 (2017) Kat:3, Licht: 0","170399","3","3","5","03","15","6","0","0","0","1","0","0"
"POINT (11.506705302000057 48.098608733000049)","Unfall 170400 (2017) Kat:3, Licht: 0","170400","3","3","5","03","08","6","0","0","1","1","0","0"
"POINT (11.573895918000062 48.120075773000053)","Unfall 170401 (2017) Kat:3, Licht: 0","170401","3","2","4","03","13","6","0","0","1","1","0","0"
"POINT (11.645370299000035 48.098899691000042)","Unfall 170402 (2017) Kat:3, Licht: 1","170402","3","2","1","03","17","6","0","1","0","1","0","1"
"POINT (11.568896023000036 48.133735952000052)","Unfall 170403 (2017) Kat:3, Licht: 0","170403","3","3","5","03","08","6","0","0","1","1","0","0"
"POINT (11.462334400000032 48.150512958000036)","Unfall 170404 (2017) Kat:3, Licht: 0","170404","3","7","0","03","12","6","0","0","1","0","0","0"
"POINT (11.552205713000035 48.142813366000041)","Unfall 170405 (2017) Kat:3, Licht: 0","170405","3","5","0","03","14","6","0","0","1","1","0","0"
"POINT (11.566292921000070 48.167797487000030)","Unfall 170427 (2017) Kat:2, Licht: 0","170427","2","7","0","03","08","4","1","0","0","0","0","1"
"POINT (11.511506214000065 48.158319578000032)","Unfall 170432 (2017) Kat:3, Licht: 0","170432","3","2","3","03","06","4","1","0","0","1","0","0"
"POINT (11.558387345000028 48.149481415000025)","Unfall 170433 (2017) Kat:3, Licht: 0","170433","3","3","1","03","16","4","0","0","1","1","0","0"