WKT,Name,OBJECTID,UKATEGORIE,UTYP1,UART,UMONAT,USTUNDE,UWOCHENTAG,STRZUSTAND,ULICHTVERH,ISTRAD,ISTPKW,ISTFUSS,ISTKRAD
"POINT (11.592482483000026 48.174147808000043)","Unfall 171450 (2017) Kat:3, Licht: 0","171450","3","2","4","03","18","6","0","0","1","1","0","0"
"POINT (11.556903840000075 48.127531499000042)","Unfall 171451 (2017) Kat:3, Licht: 0","171451","3","4","6","03","09","6","0","0","0","0","1","1"
"POINT (11.558769204000043 48.148584440000036)","Unfall 171452 (2017) Kat:3, Licht: 1","171452","3","6","1","03","07","6","0","1","1","1","0","0"
"POINT (11.574834439000028 48.159174568000026)","Unfall 171453 (2017) Kat:3, Licht: 2","171453","3","1","0","03","20","6","0","2","1","0","0","0"
"POINT (11.594668474000059 48.110966775000065)","Unfall 171454 (2017) Kat:3, Licht: 0","171454","3","4","6","03","10","6","0","0","0","1","1","0"
"POINT (11.596466655000029 48.187497770000050)","Unfall 171455 (2017) Kat:3, Licht: 0","171455","3","6","2","03","14","6","0","0","0","1","0","0"
"POINT (11.571911674000035 48.158307073000060)","Unfall 171456 (2017) Kat:2, Licht: 1","171456","2","7","0","03","23","6","0","1","0","0","1","0"
"POINT (11.533069287000046 48.147712527000067)","Unfall 171457 (2017) Kat:2, Licht: 0","171457","2","4","6","03","18","6","0","0","0","1","1","0"
"POINT (11.502470793000043 48.121293951000041)","Unfall 171458 (2017) Kat:1, Licht: 0","171458","1","3","5","03","14","6","0","0","0","1","0","1"
"POINT (11.460043946000042 48.149033513000063)","Unfall 171459 (2017) Kat:3, Licht: 0","171459","3","4","6","03","14","6","0","0","0","0","1","0"
"POINT (11.577024467000058 48.149943953000047)","Unfall 171460 (2017) Kat:3, Licht: 0","171460","3","6","3","03","18","6","0","0","1","0","0","0"
"POINT (11.570169509000038 48.178591993000055)","Unfall 171461 (2017) Kat:3, Licht: 0","171461","3","3","5","03","16","6","0","0","1","1","0","0"
"POINT (11.481054923000045 48.180423390000044)","Unfall 171462 (2017) Kat:3, Licht: 0","171462","3","3","5","03","18","6","0","0","1","1","0","0"
"POINT (11.542301292000047 48.208363811000027)","Unfall 171463 (2017) Kat:3, Licht: 0","171463","3","5","1","03","08","6","0","0","0","1","0","0"
"POINT (11.530703731000074 48.183274331000064)","Unfall 171464 (2017) Kat:3, Licht: 0","171464","3","3","5","03","14","6","0","0","1","1","0","0"
"POINT (11.555812454000034 48.208324738000044)","Unfall 171465 (2017) Kat:3, Licht: 0","171465","3","7","0","03","11","6","0","0","0","0","0","0"
"POINT (11.614786480000021 48.139464318000080)","Unfall 171466 (2017) Kat:3, Licht: 2","171466","3","7","0","03","04","6","0","2","0","0","0","0"
"POINT (11.597900703000050 48.135632749000081)","Unfall 171467 (2017) Kat:3, Licht: 0","171467","3","2","5","03","08","6","0","0","0","1","0","0"
"POINT (11.573788354000044 48.170247199000073)","Unfall 171468 (2017) Kat:3, Licht: 0","171468","3","7","6","03","10","6","0","0","0","0","1","0"
"POINT (11.593151688000034 48.165333851000071)","Unfall 171469 (2017) Kat:2, Licht: 0","171469","2","3","5","03","15","6","0","0","1","1","0","0"
"POINT (11.575948854000046 48.150287712000079)","Unfall 171470 (2017) Kat:3, Licht: 0","171470","3","6","2","03","14","6","0","0","0","1","0","1"
"POINT (11.555881571000043 48.136924619000069)","Unfall 171528 (2017) Kat:3, Licht: 0","171528","3","4","6","04","18","7","0","0","0","1","1","0"
"POINT (11.540386428000033 48.215493663000075)","Unfall 171529 (2017) Kat:3, Licht: 0","171529","3","1","0","04","16","7","0","0","1","0","0","0"
"POINT (11.480174821000048 48.125939404000064)","Unfall 171530 (2017) Kat:3, Licht: 0","171530","3","5","1","04","17","7","0","0","1","1","0","0"
"POINT (11.520272611000053 48.151028247000056)","Unfall 171531 (2017) Kat:3, Licht: 0","171531","3","3","5","04","13","7","0","0","1","1","0","0"
"POINT (11.597568349000028 48.102791166000031)","Unfall 171532 (2017) Kat:3, Licht: 0","171532","3","2","4","04","18","7","0","0","0","1","0","0"
"POINT (11.467315995000035 48.164330108000058)","Unfall 171533 (2017) Kat:3, Licht: 0","171533","3","6","2","04","17","7","0","0","0","1","0","0"
"POINT (11.694122724000067 48.133491665000065)","Unfall 171534 (2017) Kat:3, Licht: 0","171534","3","3","5","04","10","7","0","0","0","1","0","0"
"POINT (11.472369718000039 48.182483743000034)","Unfall 171536 (2017) Kat:3, Licht: 0","171536","3","3","5","04","18","7","0","0","1","1","0","0"
"POINT (11.458889931000044 48.148666725000055)","Unfall 171577 (2017) Kat:3, Licht: 0","171577","3","5","1","04","09","6","0","0","1","1","0","0"
"POINT (11.582415858000047 48.134262411000066)","Unfall 171578 (2017) Kat:3, Licht: 0","171578","3","6","3","04","17","6","0","0","1","1","0","0"
"POINT (11.498085162000052 48.094937918000028)","Unfall 171579 (2017) Kat:3, Licht: 0","171579","3","2","5","04","12","6","0","0","1","1","0","0"
"POINT (11.562899093000055 48.159224515000062)","Unfall 171580 (2017) Kat:3, Licht: 0","171580","3","7","4","04","08","6","0","0","0","1","0","0"
"POINT (11.638222853000059 48.126725336000050)","Unfall 171581 (2017) Kat:3, Licht: 0","171581","3","6","2","04","15","6","0","0","0","1","0","0"
"POINT (11.690576695000061 48.133451457000035)","Unfall 171582 (2017) Kat:3, Licht: 0","171582","3","3","5","04","16","6","0","0","0","1","0","0"
"POINT (11.558160043000044 48.145516470000075)","Unfall 171584 (2017) Kat:2, Licht: 0","171584","2","2","3","04","18","6","0","0","1","1","0","0"
"POINT (11.595965995000029 48.107710711000038)","Unfall 171585 (2017) Kat:3, Licht: 0","171585","3","7","0","04","11","6","0","0","0","0","0","0"
"POINT (11.531382924000070 48.184032556000034)","Unfall 171586 (2017) Kat:3, Licht: 0","171586","3","6","0","04","09","6","0","0","0","1","0","0"
"POINT (11.583056337000073 48.115134552000029)","Unfall 171587 (2017) Kat:2, Licht: 0","171587","2","3","5","04","18","6","0","0","0","1","0","1"
"POINT (11.552488167000035 48.208184169000049)","Unfall 171588 (2017) Kat:3, Licht: 0","171588","3","2","5","04","07","6","0","0","1","1","0","0"
"POINT (11.553123419000030 48.142616675000056)","Unfall 171589 (2017) Kat:2, Licht: 2","171589","2","5","1","04","22","6","0","2","0","1","0","0"
"POINT (11.545780899000022 48.186115904000076)","Unfall 171590 (2017) Kat:3, Licht: 0","171590","3","6","2","04","13","6","0","0","0","1","0","0"
"POINT (11.577496632000077 48.141248459000053)","Unfall 171592 (2017) Kat:3, Licht: 0","171592","3","3","6","04","18","6","0","0","1","0","1","0"
"POINT (11.561677773000042 48.149382229000025)","Unfall 171635 (2017) Kat:3, Licht: 0","171635","3","3","5","04","17","5","0","0","1","0","0","0"
"POINT (11.565548703000047 48.133036550000043)","Unfall 171636 (2017) Kat:3, Licht: 0","171636","3","6","2","04","14","5","0","0","0","1","0","1"
"POINT (11.551975303000063 48.154969067000081)","Unfall 171638 (2017) Kat:3, Licht: 0","171638","3","3","5","04","18","5","1","0","1","0","0","0"
"POINT (11.615377078000051 48.142649095000081)","Unfall 171639 (2017) Kat:3, Licht: 0","171639","3","6","2","04","19","5","0","0","0","1","0","0"
"POINT (11.598368363000077 48.137166770000078)","Unfall 171640 (2017) Kat:3, Licht: 0","171640","3","3","5","04","13","5","0","0","1","1","0","0"
"POINT (11.572364192000066 48.126526889000047)","Unfall 171641 (2017) Kat:3, Licht: 0","171641","3","3","5","04","16","5","0","0","0","0","0","0"
"POINT (11.579189635000034 48.162769838000031)","Unfall 171697 (2017) Kat:3, Licht: 0","171697","3","3","3","04","13","4","0","0","0","1","0","1"
"POINT (11.506943443000068 48.087196067000036)","Unfall 171699 (2017) Kat:3, Licht: 0","171699","3","7","8","04","16","4","0","0","1","0","0","0"
"POINT (11.559995331000039 48.137405771000033)","Unfall 171700 (2017) Kat:3, Licht: 0","171700","3","2","4","04","17","4","0","0","1","1","0","0"
"POINT (11.462519352000072 48.154097963000027)","Unfall 171701 (2017) Kat:3, Licht: 0","171701","3","3","5","04","16","4","0","0","1","1","0","0"
"POINT (11.519094818000042 48.094652848000067)","Unfall 171702 (2017) Kat:3, Licht: 0","171702","3","2","3","04","07","4","0","0","1","0","0","0"
"POINT (11.534632366000039 48.152455548000034)","Unfall 171703 (2017) Kat:3, Licht: 0","171703","3","2","4","04","09","4","0","0","0","1","0","0"
"POINT (11.568118083000059 48.147729542000036)","Unfall 171705 (2017) Kat:3, Licht: 0","171705","3","6","2","04","12","4","0","0","1","1","0","1"
"POINT (11.570083647000047 48.140717961000064)","Unfall 171706 (2017) Kat:3, Licht: 0","171706","3","6","0","04","14","4","0","0","1","1","0","0"
"POINT (11.573292642000069 48.155756621000080)","Unfall 171739 (2017) Kat:3, Licht: 0","171739","3","2","5","04","18","3","1","0","1","1","0","0"
"POINT (11.605479411000033 48.129412018000039)","Unfall 171740 (2017) Kat:3, Licht: 0","171740","3","7","5","04","15","3","0","0","0","1","0","0"
"POINT (11.567624561000059 48.133669257000065)","Unfall 171741 (2017) Kat:3, Licht: 0","171741","3","1","0","04","09","3","0","0","1","0","0","0"
"POINT (11.551936887000068 48.126311751000060)","Unfall 171742 (2017) Kat:3, Licht: 0","171742","3","7","3","04","10","3","1","0","0","1","0","0"
"POINT (11.581860142000039 48.103595895000069)","Unfall 171743 (2017) Kat:3, Licht: 0","171743","3","7","0","04","15","3","0","0","1","0","0","0"
"POINT (11.557556888000022 48.147803651000061)","Unfall 171744 (2017) Kat:3, Licht: 0","171744","3","3","5","04","18","3","1","0","0","1","0","0"
"POINT (11.572453215000053 48.132799355000031)","Unfall 171745 (2017) Kat:3, Licht: 1","171745","3","6","3","04","19","3","1","1","0","1","0","1"
"POINT (11.564950597000063 48.152227782000068)","Unfall 171746 (2017) Kat:3, Licht: 0","171746","3","6","2","04","17","3","1","0","0","1","0","1"
"POINT (11.566570037000076 48.184550683000055)","Unfall 171747 (2017) Kat:3, Licht: 0","171747","3","2","4","04","08","3","0","0","0","1","0","0"
"POINT (11.576597223000022 48.113097657000026)","Unfall 171748 (2017) Kat:3, Licht: 1","171748","3","6","0","04","19","3","1","1","0","1","0","0"
"POINT (11.648174142000073 48.139862302000040)","Unfall 171749 (2017) Kat:3, Licht: 2","171749","3","1","8","04","01","3","0","2","0","1","0","0"
"POINT (11.520368278000035 48.147186903000033)","Unfall 171750 (2017) Kat:3, Licht: 0","171750","3","6","3","04","17","3","1","0","0","1","0","1"
"POINT (11.610582049000072 48.152761354000063)","Unfall 171751 (2017) Kat:3, Licht: 0","171751","3","3","0","04","18","3","1","0","0","1","0","1"
"POINT (11.613378752000074 48.115629665000029)","Unfall 171752 (2017) Kat:2, Licht: 0","171752","2","6","3","04","08","3","0","0","1","0","0","0"
"POINT (11.563632545000075 48.090292298000065)","Unfall 171764 (2017) Kat:3, Licht: 0","171764","3","6","2","04","10","1","0","0","0","1","0","0"
"POINT (11.561455228000057 48.154948052000066)","Unfall 171765 (2017) Kat:3, Licht: 1","171765","3","6","5","04","19","1","0","1","0","1","0","1"
"POINT (11.563953086000026 48.124342246000026)","Unfall 171766 (2017) Kat:3, Licht: 0","171766","3","1","0","04","17","1","0","0","0","0","0","1"
"POINT (11.562290684000061 48.212824272000034)","Unfall 171768 (2017) Kat:3, Licht: 0","171768","3","3","5","04","07","1","0","0","0","1","0","0"
"POINT (11.581000475000053 48.149931423000055)","Unfall 171773 (2017) Kat:2, Licht: 2","171773","2","4","6","04","20","1","0","2","1","0","1","0"
"POINT (11.567521100000022 48.123065537000059)","Unfall 171776 (2017) Kat:3, Licht: 0","171776","3","4","6","04","11","1","0","0","1","0","1","0"
"POINT (11.684391038000058 48.137555471000042)","Unfall 171777 (2017) Kat:2, Licht: 0","171777","2","7","0","04","18","1","0","0","1","0","0","0"
"POINT (11.633188321000034 48.093794860000060)","Unfall 171781 (2017) Kat:2, Licht: 2","171781","2","1","1","04","23","1","0","2","0","1","0","1"
"POINT (11.567250930000057 48.140595388000065)","Unfall 171782 (2017) Kat:3, Licht: 2","171782","3","7","5","04","02","1","0","2","0","1","0","0"
"POINT (11.526931325000021 48.155542708000041)","Unfall 171784 (2017) Kat:3, Licht: 0","171784","3","3","5","04","18","5","0","0","0","1","0","1"
"POINT (11.605843250000021 48.148531990000038)","Unfall 171785 (2017) Kat:3, Licht: 0","171785","3","2","3","04","09","5","0","0","0","1","0","1"
"POINT (11.502852693000023 48.128967973000044)","Unfall 171787 (2017) Kat:3, Licht: 0","171787","3","7","4","04","15","5","0","0","0","1","0","0"
"POINT (11.552472988000034 48.142755248000071)","Unfall 171788 (2017) Kat:3, Licht: 2","171788","3","4","6","04","00","5","0","2","1","0","1","0"
"POINT (11.584596003000058 48.157212360000074)","Unfall 171789 (2017) Kat:3, Licht: 0","171789","3","2","5","04","08","5","0","0","1","1","0","0"
"POINT (11.595404548000033 48.150732079000079)","Unfall 171790 (2017) Kat:3, Licht: 0","171790","3","3","5","04","09","5","0","0","1","1","0","0"
"POINT (11.615867167000033 48.145630181000058)","Unfall 171834 (2017) Kat:3, Licht: 0","171834","3","2","4","04","17","4","0","0","1","1","0","0"
"POINT (11.538166497000077 48.139773965000074)","Unfall 171835 (2017) Kat:3, Licht: 0","171835","3","5","1","04","17","4","0","0","1","1","0","0"
"POINT (11.688385949000065 48.139419947000079)","Unfall 171836 (2017) Kat:3, Licht: 0","171836","3","3","5","04","15","4","0","0","0","1","0","0"
"POINT (11.540108652000072 48.116013061000046)","Unfall 171837 (2017) Kat:3, Licht: 0","171837","3","6","5","04","09","4","0","0","1","1","0","0"
"POINT (11.494629407000048 48.117200734000050)","Unfall 171838 (2017) Kat:3, Licht: 0","171838","3","5","1","04","08","4","0","0","1","1","0","0"
"POINT (11.615805174000059 48.198901070000034)","Unfall 171839 (2017) Kat:3, Licht: 0","171839","3","2","0","04","13","4","0","0","0","1","0","1"
"POINT (11.600178030000052 48.187091543000065)","Unfall 171840 (2017) Kat:3, Licht: 0","171840","3","6","2","04","16","4","0","0","0","1","0","0"
"POINT (11.612713068000062 48.203444200000035)","Unfall 171841 (2017) Kat:3, Licht: 0","171841","3","7","1","04","18","4","0","0","1","0","0","1"
"POINT (11.513076501000057 48.153766533000066)","Unfall 171842 (2017) Kat:3, Licht: 0","171842","3","2","5","04","11","4","0","0","0","1","0","0"
"POINT (11.473399265000069 48.129149638000058)","Unfall 171843 (2017) Kat:3, Licht: 0","171843","3","3","5","04","10","4","0","0","1","1","0","0"
"POINT (11.647014328000068 48.130401584000026)","Unfall 171845 (2017) Kat:3, Licht: 0","171845","3","2","5","04","15","4","0","0","0","1","0","1"
"POINT (11.588978287000032 48.100796479000053)","Unfall 171846 (2017) Kat:3, Licht: 0","171846","3","3","5","04","18","4","0","0","1","1","0","0"
"POINT (11.581241417000058 48.166297026000052)","Unfall 171847 (2017) Kat:3, Licht: 0","171847","3","3","1","04","08","4","0","0","1","1","0","0"
"POINT (11.567792574000066 48.152585433000070)","Unfall 171848 (2017) Kat:3, Licht: 2","171848","3","5","1","04","22","4","0","2","1","1","0","0"
"POINT (11.565512934000026 48.133074814000054)","Unfall 171849 (2017) Kat:3, Licht: 0","171849","3","6","2","04","18","4","0","0","1","0","0","0"
"POINT (11.565156335000040 48.187070780000056)","Unfall 171897 (2017) Kat:3, Licht: 0","171897","3","6","0","04","13","3","0","0","0","1","0","0"
"POINT (11.549829274000047 48.136043410000070)","Unfall 171898 (2017) Kat:3, Licht: 0","171898","3","6","3","04","17","3","0","0","0","1","0","1"
"POINT (11.532075937000059 48.156842740000059)","Unfall 171900 (2017) Kat:3, Licht: 0","171900","3","6","0","04","17","3","0","0","1","1","0","0"
"POINT (11.654179283000076 48.124888117000069)","Unfall 171901 (2017) Kat:3, Licht: 0","171901","3","3","5","04","16","3","0","0","0","1","0","1"
"POINT (11.605526676000068 48.129443356000081)","Unfall 171902 (2017) Kat:3, Licht: 0","171902","3","2","5","04","12","3","0","0","0","1","0","1"
"POINT (11.542583854000043 48.122151305000045)","Unfall 171903 (2017) Kat:3, Licht: 0","171903","3","2","5","04","12","3","0","0","0","1","0","1"
"POINT (11.573841892000075 48.130343701000072)","Unfall 171904 (2017) Kat:3, Licht: 0","171904","3","5","1","04","17","3","0","0","1","1","0","0"
"POINT (11.547596417000022 48.154789910000034)","Unfall 171936 (2017) Kat:2, Licht: 0","171936","2","7","6","04","08","2","0","0","0","1","1","0"
"POINT (11.563304140000071 48.181451917000061)","Unfall 171937 (2017) Kat:3, Licht: 0","171937","3","3","5","04","10","2","0","0","1","1","0","0"
"POINT (11.668073319000030 48.105535487000054)","Unfall 171938 (2017) Kat:3, Licht: 0","171938","3","7","0","04","18","2","0","0","1","1","0","0"
"POINT (11.529111303000036 48.099781011000061)","Unfall 171940 (2017) Kat:3, Licht: 0","171940","3","2","4","04","16","2","0","0","0","1","0","1"
"POINT (11.565370619000021 48.139689519000058)","Unfall 171942 (2017) Kat:3, Licht: 0","171942","3","7","5","04","09","2","0","0","0","0","0","1"
"POINT (11.555491369000038 48.147768883000026)","Unfall 171943 (2017) Kat:3, Licht: 0","171943","3","2","4","04","10","2","0","0","0","1","0","0"
"POINT (11.503206909000028 48.141082010000048)","Unfall 171944 (2017) Kat:3, Licht: 0","171944","3","6","3","04","11","2","0","0","0","1","0","0"
"POINT (11.499435199000061 48.135109442000044)","Unfall 171945 (2017) Kat:3, Licht: 0","171945","3","4","6","04","09","2","0","0","1","0","1","0"
"POINT (11.567617883000025 48.176861328000030)","Unfall 171946 (2017) Kat:3, Licht: 0","171946","3","2","5","04","15","2","0","0","1","1","0","0"
"POINT (11.582771231000038 48.111329818000058)","Unfall 171947 (2017) Kat:3, Licht: 0","171947","3","4","6","04","17","2","0","0","0","1","1","0"
"POINT (11.579349930000035 48.121684515000027)","Unfall 171948 (2017) Kat:3, Licht: 0","171948","3","5","1","04","18","2","0","0","1","1","0","0"
"POINT (11.548368365000044 48.117517230000033)","Unfall 171949 (2017) Kat:3, Licht: 0","171949","3","2","5","04","18","2","0","0","1","1","0","0"
"POINT (11.566880682000033 48.140352538000059)","Unfall 172007 (2017) Kat:3, Licht: 1","172007","3","3","5","04","04","1","0","1","0","1","0","0"
"POINT (11.572394610000060 48.130711797000060)","Unfall 172008 (2017) Kat:3, Licht: 0","172008","3","1","0","04","10","1","0","0","1","0","0","0"
"POINT (11.587277619000076 48.123484084000040)","Unfall 172009 (2017) Kat:3, Licht: 1","172009","3","7","4","04","19","1","0","1","1","1","0","0"
"POINT (11.605239486000073 48.139674910000053)","Unfall 172011 (2017) Kat:2, Licht: 0","172011","2","3","4","04","12","1","0","0","1","1","0","0"
"POINT (11.563126228000044 48.148982030000070)","Unfall 172012 (2017) Kat:3, Licht: 0","172012","3","5","3","04","17","1","0","0","1","1","0","0"
"POINT (11.535264566000023 48.127443239000058)","Unfall 172027 (2017) Kat:3, Licht: 0","172027","3","3","5","04","07","6","0","0","0","0","0","1"
"POINT (11.579446261000044 48.146830044000069)","Unfall 172028 (2017) Kat:2, Licht: 0","172028","2","3","5","04","15","6","0","0","1","0","0","1"
"POINT (11.593895330000066 48.128693862000034)","Unfall 172030 (2017) Kat:3, Licht: 0","172030","3","7","0","04","18","6","0","0","0","1","1","0"
"POINT (11.543913476000057 48.122093385000028)","Unfall 172031 (2017) Kat:3, Licht: 0","172031","3","2","5","04","16","6","0","0","1","1","0","0"
"POINT (11.567811927000037 48.132769012000040)","Unfall 172073 (2017) Kat:3, Licht: 0","172073","3","3","3","04","14","5","0","0","1","0","0","0"
"POINT (11.671204493000062 48.109530740000025)","Unfall 172074 (2017) Kat:3, Licht: 0","172074","3","3","5","04","09","5","0","0","0","1","0","0"
"POINT (11.528598138000063 48.116731719000029)","Unfall 172112 (2017) Kat:3, Licht: 0","172112","3","3","5","04","08","4","1","0","1","1","0","0"
"POINT (11.564376008000067 48.158110461000035)","Unfall 172113 (2017) Kat:3, Licht: 0","172113","3","6","0","04","19","4","0","0","0","1","0","1"
"POINT (11.697669844000075 48.109753055000056)","Unfall 172114 (2017) Kat:3, Licht: 0","172114","3","6","1","04","15","4","0","0","0","1","0","0"
"POINT (11.605560020000041 48.129465441000036)","Unfall 172115 (2017) Kat:3, Licht: 0","172115","3","3","0","04","08","4","0","0","1","0","0","0"
"POINT (11.555686992000062 48.132523413000058)","Unfall 172116 (2017) Kat:3, Licht: 0","172116","3","3","5","04","15","4","1","0","0","1","0","0"
"POINT (11.565001882000047 48.159648494000066)","Unfall 172117 (2017) Kat:3, Licht: 0","172117","3","3","5","04","18","4","0","0","1","1","0","0"
"POINT (11.593716525000048 48.141998542000067)","Unfall 172118 (2017) Kat:3, Licht: 0","172118","3","6","2","04","15","4","1","0","0","1","0","0"
"POINT (11.570736881000073 48.131900430000030)","Unfall 172119 (2017) Kat:3, Licht: 0","172119","3","6","2","04","13","4","0","0","0","1","0","0"
"POINT (11.540360417000045 48.214923587000044)","Unfall 172137 (2017) Kat:3, Licht: 0","172137","3","3","4","04","09","3","1","0","0","1","0","0"
"POINT (11.645016063000071 48.099087550000036)","Unfall 172139 (2017) Kat:3, Licht: 2","172139","3","1","9","04","00","3","1","2","0","1","0","0"
"POINT (11.567513579000035 48.133604764000040)","Unfall 172140 (2017) Kat:3, Licht: 0","172140","3","2","5","04","08","3","1","0","1","1","0","0"
"POINT (11.583170280000047 48.154358553000066)","Unfall 172188 (2017) Kat:3, Licht: 2","172188","3","5","1","04","00","2","0","2","0","1","0","0"
"POINT (11.503011958000059 48.098579883000070)","Unfall 172198 (2017) Kat:3, Licht: 2","172198","3","7","6","04","00","1","1","2","0","0","1","0"
"POINT (11.566693469000029 48.136555106000060)","Unfall 172215 (2017) Kat:3, Licht: 0","172215","3","7","0","04","15","7","1","0","0","1","0","1"
"POINT (11.557133160000035 48.137456455000063)","Unfall 172216 (2017) Kat:3, Licht: 0","172216","3","6","2","04","09","7","0","0","0","1","0","0"
"POINT (11.609114703000046 48.136324173000048)","Unfall 172217 (2017) Kat:3, Licht: 0","172217","3","2","4","04","17","7","1","0","0","1","0","0"
"POINT (11.561507745000029 48.172989882000081)","Unfall 172219 (2017) Kat:3, Licht: 0","172219","3","6","2","04","14","7","0","0","0","1","0","0"
"POINT (11.555203451000068 48.214724903000047)","Unfall 172220 (2017) Kat:3, Licht: 0","172220","3","7","0","04","10","7","0","0","1","0","0","0"
"POINT (11.530727152000054 48.131230273000028)","Unfall 172221 (2017) Kat:3, Licht: 0","172221","3","2","5","04","18","7","1","0","0","1","0","1"
"POINT (11.508099907000030 48.082461950000038)","Unfall 172247 (2017) Kat:3, Licht: 2","172247","3","6","4","04","21","6","0","2","0","1","0","0"
"POINT (11.564626021000038 48.136840914000061)","Unfall 172248 (2017) Kat:3, Licht: 2","172248","3","6","3","04","20","6","0","2","0","1","0","1"
"POINT (11.534194953000053 48.152617659000043)","Unfall 172249 (2017) Kat:3, Licht: 0","172249","3","7","3","04","10","6","0","0","0","1","0","1"
"POINT (11.535167513000033 48.121721847000060)","Unfall 172250 (2017) Kat:3, Licht: 0","172250","3","3","5","04","07","6","0","0","0","1","0","0"
"POINT (11.569553276000022 48.140816312000027)","Unfall 172269 (2017) Kat:2, Licht: 0","172269","2","6","3","04","09","5","0","0","1","0","0","0"
"POINT (11.560970599000029 48.223139035000031)","Unfall 172270 (2017) Kat:3, Licht: 0","172270","3","3","5","04","12","5","0","0","0","1","0","0"
"POINT (11.548527378000074 48.114669249000031)","Unfall 172296 (2017) Kat:3, Licht: 0","172296","3","3","5","04","18","4","1","0","0","1","0","0"
"POINT (11.566331773000059 48.187154431000067)","Unfall 172297 (2017) Kat:3, Licht: 1","172297","3","2","6","04","04","4","0","1","0","1","1","0"
"POINT (11.513682735000032 48.128067198000053)","Unfall 172298 (2017) Kat:3, Licht: 0","172298","3","7","6","04","15","4","1","0","1","0","1","0"
"POINT (11.579315209000072 48.133932300000026)","Unfall 172299 (2017) Kat:3, Licht: 0","172299","3","7","0","04","13","4","1","0","1","1","0","0"
"POINT (11.596601226000075 48.187574043000041)","Unfall 172300 (2017) Kat:3, Licht: 0","172300","3","5","1","04","12","4","1","0","0","1","0","0"
"POINT (11.585027584000045 48.132209187000058)","Unfall 172301 (2017) Kat:3, Licht: 0","172301","3","2","4","04","13","4","1","0","0","1","0","0"
"POINT (11.536971654000070 48.151749597000048)","Unfall 172302 (2017) Kat:3, Licht: 2","172302","3","2","1","04","21","4","1","2","0","1","0","1"
"POINT (11.503195823000055 48.135356040000033)","Unfall 172303 (2017) Kat:2, Licht: 0","172303","2","2","6","04","16","4","1","0","0","1","1","0"
"POINT (11.518849979000038 48.139841831000069)","Unfall 172304 (2017) Kat:3, Licht: 0","172304","3","7","6","04","15","4","1","0","1","0","1","0"
"POINT (11.571159498000043 48.129698373000053)","Unfall 172305 (2017) Kat:3, Licht: 0","172305","3","7","6","04","13","4","1","0","0","1","1","0"
"POINT (11.528230131000043 48.165332913000043)","Unfall 172307 (2017) Kat:2, Licht: 0","172307","2","3","5","04","08","4","1","0","1","1","0","0"
"POINT (11.537519983000038 48.146115299000030)","Unfall 172308 (2017) Kat:3, Licht: 0","172308","3","7","0","04","09","4","1","0","1","0","0","0"
"POINT (11.609447065000040 48.151025826000080)","Unfall 172309 (2017) Kat:3, Licht: 0","172309","3","5","1","04","15","4","1","0","0","1","0","0"
"POINT (11.572902809000027 48.133928957000080)","Unfall 172356 (2017) Kat:3, Licht: 0","172356","3","7","3","04","18","3","1","0","1","1","0","0"
"POINT (11.577854634000062 48.113567227000033)","Unfall 172357 (2017) Kat:3, Licht: 0","172357","3","2","3","04","08","3","0","0","1","0","0","0"
"POINT (11.526595093000026 48.134176933000049)","Unfall 172358 (2017) Kat:3, Licht: 0","172358","3","6","4","04","17","3","1","0","1","0","0","0"
"POINT (11.610694622000040 48.151338536000026)","Unfall 172359 (2017) Kat:3, Licht: 2","172359","3","3","5","04","18","3","1","2","0","1","0","0"
"POINT (11.509216508000065 48.078638515000080)","Unfall 172360 (2017) Kat:3, Licht: 0","172360","3","5","1","04","17","3","1","0","0","1","0","0"
"POINT (11.548619558000041 48.186167028000057)","Unfall 172361 (2017) Kat:3, Licht: 0","172361","3","6","2","04","17","3","1","0","0","1","0","0"
"POINT (11.568256143000042 48.132469278000030)","Unfall 172362 (2017) Kat:3, Licht: 2","172362","3","2","3","04","22","3","0","2","1","1","0","0"
"POINT (11.510180429000059 48.135130208000078)","Unfall 172364 (2017) Kat:3, Licht: 0","172364","3","7","0","04","17","3","1","0","1","0","0","0"
"POINT (11.502782883000066 48.131229555000061)","Unfall 172365 (2017) Kat:3, Licht: 0","172365","3","4","6","04","13","3","1","0","1","0","1","0"
"POINT (11.506886257000076 48.137224356000047)","Unfall 172366 (2017) Kat:3, Licht: 0","172366","3","6","2","04","15","3","0","0","1","1","0","0"
"POINT (11.573904598000070 48.134202840000057)","Unfall 172367 (2017) Kat:3, Licht: 0","172367","3","5","3","04","17","3","1","0","0","1","0","0"
"POINT (11.554009039000050 48.142379006000056)","Unfall 172403 (2017) Kat:3, Licht: 0","172403","3","2","3","04","08","2","0","0","0","1","0","0"
"POINT (11.585886625000057 48.201012251000066)","Unfall 172404 (2017) Kat:3, Licht: 0","172404","3","7","0","04","16","2","0","0","0","0","1","0"
"POINT (11.511543862000053 48.158842385000071)","Unfall 172405 (2017) Kat:3, Licht: 0","172405","3","2","5","04","07","2","0","0","1","1","0","0"
"POINT (11.566129882000041 48.136615593000045)","Unfall 172406 (2017) Kat:3, Licht: 0","172406","3","7","0","04","12","2","0","0","0","0","0","1"
"POINT (11.570205091000048 48.157397695000043)","Unfall 172407 (2017) Kat:3, Licht: 0","172407","3","7","1","04","16","2","0","0","1","0","0","0"