WKT,Name,OBJECTID,UKATEGORIE,UTYP1,UART,UMONAT,USTUNDE,UWOCHENTAG,STRZUSTAND,ULICHTVERH,ISTRAD,ISTPKW,ISTFUSS,ISTKRAD
"POINT (11.511971718000041 48.134997822000059)","Unfall 172409 (2017) Kat:3, Licht: 0","172409","3","2","4","04","07","2","0","0","0","1","0","1"
"POINT (11.566322038000067 48.187154039000063)","Unfall 172410 (2017) Kat:3, Licht: 0","172410","3","2","5","04","12","2","0","0","1","1","0","0"
"POINT (11.558461454000053 48.132160202000080)","Unfall 172411 (2017) Kat:3, Licht: 0","172411","3","7","3","04","11","2","0","0","0","1","0","0"
"POINT (11.614196588000027 48.209799114000077)","Unfall 172412 (2017) Kat:3, Licht: 0","172412","3","4","6","04","18","2","0","0","0","1","1","0"
"POINT (11.477169535000030 48.114791636000064)","Unfall 172414 (2017) Kat:3, Licht: 0","172414","3","6","2","04","10","2","0","0","0","1","0","1"
"POINT (11.661133601000074 48.083849435000047)","Unfall 172415 (2017) Kat:3, Licht: 1","172415","3","3","5","04","20","2","0","1","0","1","0","0"
"POINT (11.559274506000065 48.186657513000057)","Unfall 172416 (2017) Kat:3, Licht: 0","172416","3","2","5","04","15","2","0","0","1","1","0","0"
"POINT (11.502659683000047 48.164515980000033)","Unfall 172417 (2017) Kat:3, Licht: 0","172417","3","2","5","04","08","2","0","0","0","1","0","0"
"POINT (11.524759398000072 48.135515907000070)","Unfall 172418 (2017) Kat:3, Licht: 0","172418","3","2","3","04","12","2","0","0","1","0","0","0"
"POINT (11.490587871000059 48.138068417000056)","Unfall 172419 (2017) Kat:3, Licht: 0","172419","3","7","0","04","07","2","0","0","1","0","0","0"
"POINT (11.631524013000046 48.183139984000036)","Unfall 172421 (2017) Kat:3, Licht: 0","172421","3","2","5","04","18","2","0","0","1","1","0","0"
"POINT (11.602500090000035 48.135722404000035)","Unfall 172422 (2017) Kat:3, Licht: 0","172422","3","7","5","04","09","2","0","0","0","1","0","0"
"POINT (11.546463004000032 48.095275257000026)","Unfall 172423 (2017) Kat:3, Licht: 0","172423","3","6","6","04","18","2","0","0","1","0","1","0"
"POINT (11.581969027000071 48.134614216000045)","Unfall 172479 (2017) Kat:3, Licht: 0","172479","3","7","0","04","17","1","0","0","1","0","0","0"
"POINT (11.602604299000063 48.180126612000038)","Unfall 172480 (2017) Kat:2, Licht: 2","172480","2","1","4","04","04","1","1","2","0","1","0","0"
"POINT (11.586033643000064 48.169494648000068)","Unfall 172481 (2017) Kat:3, Licht: 0","172481","3","6","2","04","15","1","0","0","0","1","0","0"
"POINT (11.565069163000032 48.212843157000066)","Unfall 172482 (2017) Kat:3, Licht: 0","172482","3","7","0","04","19","1","0","0","1","0","0","0"
"POINT (11.647020102000056 48.130336594000028)","Unfall 172483 (2017) Kat:2, Licht: 0","172483","2","2","5","04","19","1","0","0","1","1","0","0"
"POINT (11.503986465000025 48.173107998000035)","Unfall 172503 (2017) Kat:3, Licht: 0","172503","3","6","1","04","17","7","0","0","0","1","0","0"
"POINT (11.618508460000044 48.210620588000040)","Unfall 172504 (2017) Kat:3, Licht: 0","172504","3","4","6","04","17","7","0","0","0","1","1","0"
"POINT (11.540762076000021 48.086511769000026)","Unfall 172505 (2017) Kat:2, Licht: 0","172505","2","7","9","04","08","7","0","0","0","1","0","0"
"POINT (11.453332083000021 48.155173210000044)","Unfall 172507 (2017) Kat:3, Licht: 2","172507","3","5","1","04","03","7","1","2","0","1","0","0"
"POINT (11.459936063000043 48.149068978000059)","Unfall 172508 (2017) Kat:3, Licht: 0","172508","3","4","6","04","12","7","0","0","0","0","1","0"
"POINT (11.543153792000055 48.157056059000070)","Unfall 172509 (2017) Kat:3, Licht: 0","172509","3","3","5","04","16","7","0","0","1","1","0","0"
"POINT (11.532925515000045 48.154734793000046)","Unfall 172510 (2017) Kat:3, Licht: 1","172510","3","6","2","04","19","7","1","1","0","1","0","1"
"POINT (11.506732990000046 48.164058314000044)","Unfall 172511 (2017) Kat:3, Licht: 0","172511","3","6","2","04","14","7","0","0","0","1","0","0"
"POINT (11.489502578000042 48.128241055000046)","Unfall 172512 (2017) Kat:3, Licht: 0","172512","3","3","5","04","13","7","0","0","0","0","0","0"
"POINT (11.605173018000073 48.104590308000070)","Unfall 172513 (2017) Kat:3, Licht: 1","172513","3","2","5","04","18","7","1","1","0","1","0","0"
"POINT (11.557022063000034 48.095829078000065)","Unfall 172514 (2017) Kat:3, Licht: 0","172514","3","1","4","04","18","7","1","0","1","1","0","0"
"POINT (11.536411857000076 48.116910597000071)","Unfall 172515 (2017) Kat:3, Licht: 0","172515","3","6","2","04","13","7","0","0","0","1","0","0"
"POINT (11.563724691000061 48.132127001000072)","Unfall 172535 (2017) Kat:3, Licht: 1","172535","3","1","0","05","05","2","0","1","1","0","0","0"
"POINT (11.618154240000024 48.206346480000036)","Unfall 172536 (2017) Kat:3, Licht: 0","172536","3","3","5","05","13","2","0","0","1","1","0","0"
"POINT (11.548873167000067 48.112168736000058)","Unfall 172537 (2017) Kat:2, Licht: 2","172537","2","3","6","05","21","2","1","2","0","1","1","0"
"POINT (11.543371640000032 48.139532294000048)","Unfall 172538 (2017) Kat:3, Licht: 0","172538","3","7","2","05","10","2","0","0","0","1","0","0"
"POINT (11.588133161000030 48.131509326000071)","Unfall 172539 (2017) Kat:3, Licht: 2","172539","3","7","0","05","01","2","0","2","1","0","0","0"
"POINT (11.658112949000042 48.130449956000064)","Unfall 172540 (2017) Kat:3, Licht: 0","172540","3","7","1","05","12","2","0","0","1","1","0","0"
"POINT (11.563435203000040 48.137404922000030)","Unfall 172541 (2017) Kat:2, Licht: 2","172541","2","4","6","05","20","2","1","2","0","1","1","0"
"POINT (11.563677578000068 48.132102929000041)","Unfall 172542 (2017) Kat:2, Licht: 2","172542","2","5","1","05","02","2","0","2","0","1","0","0"
"POINT (11.520308876000058 48.151005486000031)","Unfall 172543 (2017) Kat:3, Licht: 0","172543","3","3","5","05","16","2","1","0","0","1","0","0"
"POINT (11.594214733000058 48.086497521000069)","Unfall 172545 (2017) Kat:2, Licht: 2","172545","2","7","0","05","01","2","1","2","1","0","0","0"
"POINT (11.574819681000065 48.145340456000042)","Unfall 172551 (2017) Kat:3, Licht: 0","172551","3","7","0","05","12","2","0","0","0","0","0","0"
"POINT (11.563097079000045 48.141470734000052)","Unfall 172552 (2017) Kat:3, Licht: 0","172552","3","3","5","05","14","2","0","0","1","1","0","0"
"POINT (11.644874398000070 48.139946329000054)","Unfall 172604 (2017) Kat:3, Licht: 0","172604","3","1","0","04","12","1","0","0","1","0","0","0"
"POINT (11.502042707000044 48.094549602000029)","Unfall 172605 (2017) Kat:3, Licht: 0","172605","3","6","0","04","16","1","0","0","0","1","0","1"
"POINT (11.558875307000051 48.136357163000071)","Unfall 172606 (2017) Kat:3, Licht: 0","172606","3","5","1","04","18","1","0","0","1","1","0","0"
"POINT (11.565157974000044 48.160923772000046)","Unfall 172607 (2017) Kat:3, Licht: 1","172607","3","5","1","04","05","1","0","1","1","1","0","0"
"POINT (11.596301167000036 48.177858541000035)","Unfall 172608 (2017) Kat:3, Licht: 0","172608","3","6","4","04","16","1","0","0","1","1","0","0"
"POINT (11.607098139000072 48.177837312000065)","Unfall 172609 (2017) Kat:3, Licht: 0","172609","3","5","1","04","13","1","0","0","1","1","0","0"
"POINT (11.568353117000072 48.132495579000079)","Unfall 172610 (2017) Kat:3, Licht: 0","172610","3","2","3","04","16","1","0","0","1","1","0","0"
"POINT (11.589810230000069 48.131811013000060)","Unfall 172656 (2017) Kat:2, Licht: 0","172656","2","7","6","04","17","7","0","0","0","1","1","0"
"POINT (11.566216152000038 48.140563580000048)","Unfall 172657 (2017) Kat:3, Licht: 0","172657","3","6","2","04","14","7","0","0","0","1","0","0"
"POINT (11.580247587000031 48.125415648000057)","Unfall 172658 (2017) Kat:3, Licht: 0","172658","3","5","1","04","10","7","0","0","1","1","0","0"
"POINT (11.578594820000035 48.114153090000059)","Unfall 172659 (2017) Kat:3, Licht: 0","172659","3","2","5","04","17","7","0","0","0","1","0","0"
"POINT (11.556001853000055 48.140626686000076)","Unfall 172660 (2017) Kat:3, Licht: 2","172660","3","6","6","04","15","7","0","2","1","0","1","0"
"POINT (11.432608317000074 48.166151962000072)","Unfall 172661 (2017) Kat:3, Licht: 0","172661","3","7","0","04","15","7","0","0","0","1","0","0"
"POINT (11.568748154000048 48.140814069000044)","Unfall 172662 (2017) Kat:3, Licht: 2","172662","3","4","6","04","22","7","0","2","0","1","1","0"
"POINT (11.689093018000051 48.138783113000045)","Unfall 172663 (2017) Kat:3, Licht: 0","172663","3","3","4","04","13","7","0","0","0","1","0","0"
"POINT (11.572853534000046 48.115617273000055)","Unfall 172664 (2017) Kat:3, Licht: 0","172664","3","6","2","04","13","7","0","0","0","1","0","0"
"POINT (11.580712856000048 48.123953933000053)","Unfall 172665 (2017) Kat:3, Licht: 2","172665","3","7","6","04","21","7","0","2","0","1","1","0"
"POINT (11.535954172000061 48.126245063000056)","Unfall 172666 (2017) Kat:2, Licht: 2","172666","2","4","6","04","23","7","0","2","0","1","1","0"
"POINT (11.483655788000021 48.137708926000073)","Unfall 172705 (2017) Kat:3, Licht: 0","172705","3","3","5","04","09","6","1","0","1","1","0","0"
"POINT (11.475421752000045 48.185486514000047)","Unfall 172706 (2017) Kat:2, Licht: 0","172706","2","3","5","04","07","6","1","0","1","1","0","0"
"POINT (11.573612150000031 48.170192033000035)","Unfall 172707 (2017) Kat:3, Licht: 0","172707","3","2","5","04","17","6","1","0","0","1","0","1"
"POINT (11.577448517000050 48.139597268000045)","Unfall 172708 (2017) Kat:3, Licht: 0","172708","3","7","0","04","13","6","1","0","1","0","0","0"
"POINT (11.597206418000042 48.134453506000057)","Unfall 172711 (2017) Kat:3, Licht: 2","172711","3","1","1","04","20","6","1","2","0","1","0","0"
"POINT (11.569514229000049 48.141066084000045)","Unfall 172765 (2017) Kat:3, Licht: 2","172765","3","4","6","04","02","5","1","2","0","1","1","0"
"POINT (11.510194396000031 48.077446676000079)","Unfall 172766 (2017) Kat:3, Licht: 1","172766","3","3","5","04","18","5","1","1","0","1","0","1"
"POINT (11.583967343000040 48.132847614000070)","Unfall 172767 (2017) Kat:2, Licht: 2","172767","2","4","6","04","23","5","1","2","0","1","1","0"
"POINT (11.574694873000055 48.162686890000032)","Unfall 172768 (2017) Kat:3, Licht: 0","172768","3","5","1","04","18","5","1","0","1","1","0","0"
"POINT (11.612994775000061 48.121159755000065)","Unfall 172769 (2017) Kat:3, Licht: 2","172769","3","4","6","04","22","5","1","2","0","1","1","0"
"POINT (11.541654253000047 48.139501233000033)","Unfall 172770 (2017) Kat:3, Licht: 0","172770","3","2","4","04","16","5","1","0","1","1","0","0"
"POINT (11.616882388000022 48.191293573000053)","Unfall 172771 (2017) Kat:3, Licht: 0","172771","3","7","3","04","16","5","1","0","1","1","0","0"
"POINT (11.639716913000029 48.117069808000053)","Unfall 172772 (2017) Kat:3, Licht: 0","172772","3","6","2","04","07","5","1","0","0","1","0","0"
"POINT (11.519496501000049 48.115896855000074)","Unfall 172773 (2017) Kat:3, Licht: 0","172773","3","3","5","04","08","5","1","0","1","1","0","0"
"POINT (11.582383980000031 48.157662518000052)","Unfall 172774 (2017) Kat:3, Licht: 0","172774","3","6","2","04","08","5","1","0","0","1","0","0"
"POINT (11.559241532000044 48.141251127000032)","Unfall 172830 (2017) Kat:3, Licht: 2","172830","3","4","6","05","23","6","0","2","0","1","1","0"
"POINT (11.416278228000067 48.164838805000045)","Unfall 172831 (2017) Kat:3, Licht: 0","172831","3","3","0","05","12","6","0","0","1","0","0","0"
"POINT (11.634031518000029 48.120731888000080)","Unfall 172832 (2017) Kat:3, Licht: 0","172832","3","5","1","05","08","6","0","0","1","1","0","0"
"POINT (11.511312968000027 48.155744482000046)","Unfall 172834 (2017) Kat:2, Licht: 0","172834","2","4","6","05","11","6","0","0","0","1","1","0"
"POINT (11.583802966000064 48.195576682000080)","Unfall 172835 (2017) Kat:3, Licht: 0","172835","3","4","6","05","13","6","0","0","0","1","1","0"
"POINT (11.546387937000077 48.122290906000046)","Unfall 172836 (2017) Kat:3, Licht: 0","172836","3","5","0","05","15","6","0","0","1","1","0","0"
"POINT (11.572548802000028 48.130539239000029)","Unfall 172837 (2017) Kat:3, Licht: 0","172837","3","3","0","05","14","6","1","0","1","1","0","0"
"POINT (11.653901982000036 48.118022821000068)","Unfall 172838 (2017) Kat:3, Licht: 0","172838","3","3","5","05","16","6","0","0","1","1","0","0"
"POINT (11.606013490000066 48.120815983000057)","Unfall 172839 (2017) Kat:3, Licht: 0","172839","3","3","6","05","12","6","0","0","0","1","1","0"
"POINT (11.552552822000052 48.134837426000047)","Unfall 172840 (2017) Kat:3, Licht: 0","172840","3","3","5","05","13","6","0","0","1","1","0","0"
"POINT (11.634935511000037 48.137916359000030)","Unfall 172883 (2017) Kat:3, Licht: 0","172883","3","7","0","05","07","5","0","0","0","0","0","0"
"POINT (11.584818495000036 48.132251080000060)","Unfall 172884 (2017) Kat:3, Licht: 0","172884","3","6","1","05","17","5","0","0","0","1","0","0"
"POINT (11.552808044000074 48.148310130000027)","Unfall 172885 (2017) Kat:3, Licht: 0","172885","3","7","2","05","17","5","0","0","0","1","0","0"
"POINT (11.577773798000067 48.143006109000055)","Unfall 172886 (2017) Kat:3, Licht: 0","172886","3","6","0","05","10","5","0","0","0","1","0","0"
"POINT (11.624336536000044 48.190808395000033)","Unfall 172887 (2017) Kat:3, Licht: 0","172887","3","3","5","05","14","5","0","0","0","1","0","0"
"POINT (11.558420104000049 48.129471070000079)","Unfall 172889 (2017) Kat:3, Licht: 0","172889","3","7","0","05","09","5","0","0","1","0","0","0"
"POINT (11.452953928000056 48.144905211000037)","Unfall 172891 (2017) Kat:3, Licht: 0","172891","3","7","5","05","07","5","0","0","1","1","0","0"
"POINT (11.502824816000043 48.132580677000078)","Unfall 172892 (2017) Kat:3, Licht: 0","172892","3","6","0","05","16","5","1","0","0","1","0","0"
"POINT (11.462544467000043 48.154124169000056)","Unfall 172893 (2017) Kat:2, Licht: 0","172893","2","3","5","05","18","5","1","0","0","1","0","0"
"POINT (11.649617907000049 48.112486422000075)","Unfall 172894 (2017) Kat:3, Licht: 0","172894","3","1","0","05","13","5","1","0","1","0","0","0"
"POINT (11.565954820000059 48.095426586000031)","Unfall 172895 (2017) Kat:3, Licht: 0","172895","3","7","5","05","16","5","0","0","1","0","0","1"
"POINT (11.613105877000066 48.138220512000032)","Unfall 172896 (2017) Kat:3, Licht: 0","172896","3","3","5","05","17","5","0","0","0","1","0","1"
"POINT (11.519519634000062 48.113630749000038)","Unfall 172897 (2017) Kat:3, Licht: 2","172897","3","3","5","05","20","5","1","2","0","1","0","0"
"POINT (11.539201447000039 48.130631920000042)","Unfall 172898 (2017) Kat:3, Licht: 0","172898","3","2","5","05","17","5","0","0","1","1","0","0"
"POINT (11.564748900000041 48.137545558000056)","Unfall 172951 (2017) Kat:3, Licht: 0","172951","3","5","1","05","14","4","0","0","0","1","0","0"
"POINT (11.430109746000028 48.173938753000073)","Unfall 172952 (2017) Kat:2, Licht: 0","172952","2","6","2","05","16","4","0","0","0","1","0","1"
"POINT (11.420388742000057 48.145156523000026)","Unfall 172953 (2017) Kat:3, Licht: 0","172953","3","3","5","05","07","4","0","0","0","1","0","0"
"POINT (11.517474506000042 48.174092995000080)","Unfall 172954 (2017) Kat:3, Licht: 0","172954","3","6","1","05","16","4","0","0","0","1","0","0"
"POINT (11.585527936000062 48.173802480000063)","Unfall 172955 (2017) Kat:3, Licht: 0","172955","3","3","5","05","18","4","0","0","1","1","0","0"
"POINT (11.502891068000054 48.135251621000066)","Unfall 173005 (2017) Kat:3, Licht: 0","173005","3","4","6","05","09","3","0","0","0","1","1","0"
"POINT (11.616241098000046 48.148007393000057)","Unfall 173006 (2017) Kat:3, Licht: 0","173006","3","2","3","05","19","3","0","0","0","1","0","0"
"POINT (11.533625900000061 48.116975552000042)","Unfall 173007 (2017) Kat:3, Licht: 0","173007","3","3","5","05","20","3","0","0","1","1","0","0"
"POINT (11.593888708000065 48.128578876000063)","Unfall 173008 (2017) Kat:3, Licht: 0","173008","3","2","5","05","20","3","0","0","0","1","0","1"
"POINT (11.493430078000074 48.129045237000071)","Unfall 173009 (2017) Kat:3, Licht: 0","173009","3","7","1","05","18","3","0","0","0","1","0","0"
"POINT (11.462341782000067 48.209952175000069)","Unfall 173010 (2017) Kat:3, Licht: 1","173010","3","3","0","05","21","3","0","1","1","1","0","0"
"POINT (11.535292301000027 48.182071039000050)","Unfall 173011 (2017) Kat:3, Licht: 0","173011","3","2","5","05","15","3","0","0","0","1","0","1"
"POINT (11.501576809000028 48.135441285000070)","Unfall 173012 (2017) Kat:3, Licht: 0","173012","3","4","6","05","18","3","0","0","0","1","1","0"
"POINT (11.478805216000069 48.122150483000041)","Unfall 173013 (2017) Kat:3, Licht: 0","173013","3","4","6","05","12","3","0","0","0","1","1","0"
"POINT (11.502910435000047 48.135638301000029)","Unfall 173014 (2017) Kat:3, Licht: 0","173014","3","7","0","05","09","3","1","0","0","0","0","1"
"POINT (11.605422498000053 48.152132054000049)","Unfall 173015 (2017) Kat:3, Licht: 0","173015","3","7","1","05","09","3","1","0","0","1","0","1"
"POINT (11.555794304000074 48.129964176000044)","Unfall 173016 (2017) Kat:3, Licht: 0","173016","3","2","4","05","15","3","0","0","1","1","0","0"
"POINT (11.584469868000042 48.165600720000043)","Unfall 173017 (2017) Kat:3, Licht: 0","173017","3","1","0","05","16","3","0","0","1","0","0","0"
"POINT (11.580367278000040 48.157882785000027)","Unfall 173018 (2017) Kat:3, Licht: 0","173018","3","3","0","05","18","3","0","0","1","1","0","0"
"POINT (11.582721393000043 48.153578831000061)","Unfall 173019 (2017) Kat:3, Licht: 0","173019","3","2","5","05","08","3","1","0","1","1","0","0"
"POINT (11.562656398000058 48.137404916000037)","Unfall 173084 (2017) Kat:3, Licht: 0","173084","3","1","3","05","14","4","0","0","0","1","0","1"
"POINT (11.533904034000045 48.164889923000032)","Unfall 173085 (2017) Kat:3, Licht: 0","173085","3","7","1","05","08","4","0","0","1","1","0","0"
"POINT (11.646476515000074 48.107987062000063)","Unfall 173086 (2017) Kat:3, Licht: 0","173086","3","7","4","05","13","4","0","0","1","0","0","0"
"POINT (11.567760754000062 48.154378650000069)","Unfall 173087 (2017) Kat:3, Licht: 0","173087","3","7","3","05","14","4","0","0","1","1","0","0"
"POINT (11.619093239000051 48.197965566000050)","Unfall 173088 (2017) Kat:2, Licht: 0","173088","2","7","0","05","18","4","0","0","1","0","0","0"
"POINT (11.587485680000043 48.184390692000079)","Unfall 173089 (2017) Kat:2, Licht: 0","173089","2","2","5","05","07","4","0","0","1","1","0","0"
"POINT (11.587730759000067 48.100394826000070)","Unfall 173090 (2017) Kat:3, Licht: 0","173090","3","2","5","05","17","4","0","0","1","1","0","0"
"POINT (11.620532235000042 48.186297030000048)","Unfall 173091 (2017) Kat:2, Licht: 0","173091","2","6","6","05","18","4","0","0","0","1","1","0"
"POINT (11.553199071000051 48.186156056000073)","Unfall 173093 (2017) Kat:2, Licht: 0","173093","2","6","3","05","18","4","0","0","0","1","0","1"
"POINT (11.502598432000070 48.125602254000057)","Unfall 173094 (2017) Kat:3, Licht: 0","173094","3","3","5","05","10","4","0","0","0","1","0","0"
"POINT (11.580986199000051 48.127837993000071)","Unfall 173095 (2017) Kat:3, Licht: 0","173095","3","6","2","05","11","4","0","0","1","0","0","0"
"POINT (11.604723014000058 48.128910497000049)","Unfall 173096 (2017) Kat:3, Licht: 0","173096","3","7","5","05","14","4","0","0","0","1","0","0"
"POINT (11.602133267000056 48.115816336000080)","Unfall 173097 (2017) Kat:3, Licht: 0","173097","3","6","3","05","18","4","0","0","0","1","0","1"
"POINT (11.508009944000037 48.109474368000065)","Unfall 173098 (2017) Kat:3, Licht: 0","173098","3","1","0","05","16","4","0","0","1","0","0","0"
"POINT (11.544867184000054 48.127878705000057)","Unfall 173152 (2017) Kat:3, Licht: 0","173152","3","2","3","05","15","3","0","0","1","1","0","0"
"POINT (11.560778450000043 48.158007982000072)","Unfall 173153 (2017) Kat:3, Licht: 0","173153","3","3","5","05","07","3","0","0","1","1","0","0"
"POINT (11.509073825000030 48.126074808000055)","Unfall 173154 (2017) Kat:3, Licht: 0","173154","3","6","3","05","13","3","0","0","1","0","0","0"
"POINT (11.568261252000070 48.133784395000077)","Unfall 173155 (2017) Kat:3, Licht: 0","173155","3","6","2","05","15","3","0","0","0","1","0","0"
"POINT (11.522026862000075 48.134855535000042)","Unfall 173156 (2017) Kat:3, Licht: 0","173156","3","7","0","05","14","3","0","0","1","0","0","0"
"POINT (11.530035667000050 48.099822402000029)","Unfall 173157 (2017) Kat:3, Licht: 0","173157","3","3","5","05","18","3","0","0","1","1","0","0"
"POINT (11.573180794000052 48.116507474000059)","Unfall 173158 (2017) Kat:3, Licht: 0","173158","3","4","6","05","16","3","0","0","0","0","1","1"
"POINT (11.575120515000037 48.157641783000031)","Unfall 173159 (2017) Kat:3, Licht: 0","173159","3","7","0","05","15","3","0","0","0","0","0","1"
"POINT (11.628294067000070 48.101271007000037)","Unfall 173205 (2017) Kat:3, Licht: 0","173205","3","6","2","05","14","2","1","0","0","1","0","0"
"POINT (11.532872726000051 48.159884344000034)","Unfall 173206 (2017) Kat:3, Licht: 0","173206","3","3","5","05","14","2","1","0","0","1","0","0"
"POINT (11.511571789000072 48.158338760000049)","Unfall 173207 (2017) Kat:3, Licht: 0","173207","3","2","5","05","13","2","1","0","0","1","0","0"
"POINT (11.611237799000037 48.151369713000065)","Unfall 173208 (2017) Kat:3, Licht: 1","173208","3","5","1","05","18","2","1","1","0","1","0","0"
"POINT (11.572893533000070 48.184199679000074)","Unfall 173209 (2017) Kat:3, Licht: 0","173209","3","5","3","05","06","2","1","0","0","1","0","1"
"POINT (11.417821823000054 48.179573037000068)","Unfall 173210 (2017) Kat:3, Licht: 0","173210","3","3","5","05","11","2","1","0","0","1","0","0"
"POINT (11.585039467000058 48.129154214000039)","Unfall 173211 (2017) Kat:3, Licht: 1","173211","3","6","4","05","19","2","1","1","1","0","0","0"
"POINT (11.561244840000029 48.154454333000047)","Unfall 173212 (2017) Kat:3, Licht: 0","173212","3","3","5","05","13","2","1","0","0","1","0","0"
"POINT (11.582942741000068 48.184264279000047)","Unfall 173213 (2017) Kat:3, Licht: 0","173213","3","6","2","05","18","2","1","0","0","1","0","0"
"POINT (11.517808356000046 48.130296396000062)","Unfall 173215 (2017) Kat:3, Licht: 0","173215","3","3","0","05","08","2","1","0","1","0","0","0"
"POINT (11.563155692000066 48.182432081000059)","Unfall 173216 (2017) Kat:3, Licht: 0","173216","3","3","6","05","05","2","1","0","0","1","1","0"
"POINT (11.532828973000051 48.154931064000039)","Unfall 173217 (2017) Kat:3, Licht: 0","173217","3","6","3","05","16","2","1","0","0","0","0","0"
"POINT (11.572313842000028 48.101756401000046)","Unfall 173218 (2017) Kat:3, Licht: 2","173218","3","1","1","05","22","2","1","2","0","1","0","1"
"POINT (11.564076634000060 48.163472809000041)","Unfall 173219 (2017) Kat:3, Licht: 0","173219","3","2","4","05","14","2","1","0","0","1","0","1"
"POINT (11.585897666000051 48.171145044000070)","Unfall 173220 (2017) Kat:3, Licht: 0","173220","3","6","1","05","16","2","1","0","0","1","0","0"
"POINT (11.579117034000035 48.136014391000060)","Unfall 173221 (2017) Kat:3, Licht: 1","173221","3","7","5","05","20","2","0","1","0","1","0","0"
"POINT (11.529673584000022 48.176468305000071)","Unfall 173268 (2017) Kat:3, Licht: 0","173268","3","1","0","05","08","1","1","0","0","0","0","1"
"POINT (11.505445165000026 48.176639896000040)","Unfall 173269 (2017) Kat:3, Licht: 0","173269","3","5","1","05","13","1","1","0","0","1","0","0"
"POINT (11.604371044000061 48.128595834000066)","Unfall 173270 (2017) Kat:3, Licht: 0","173270","3","7","0","05","10","1","1","0","0","0","0","0"
"POINT (11.556239570000059 48.142003512000031)","Unfall 173271 (2017) Kat:3, Licht: 0","173271","3","2","5","05","18","1","1","0","1","0","0","0"
"POINT (11.589378538000062 48.161664732000077)","Unfall 173272 (2017) Kat:3, Licht: 0","173272","3","4","6","05","11","1","1","0","0","1","1","0"
"POINT (11.563167867000061 48.182180292000055)","Unfall 173291 (2017) Kat:3, Licht: 0","173291","3","7","1","05","14","7","0","0","1","1","0","0"
"POINT (11.556259647000047 48.142002974000036)","Unfall 173292 (2017) Kat:3, Licht: 2","173292","3","3","5","05","00","7","0","2","0","1","0","0"
"POINT (11.574309139000036 48.132969545000037)","Unfall 173293 (2017) Kat:3, Licht: 0","173293","3","2","5","05","11","7","0","0","0","1","0","1"
"POINT (11.530947382000022 48.104089794000060)","Unfall 173294 (2017) Kat:3, Licht: 0","173294","3","3","5","05","11","7","0","0","1","1","0","0"
"POINT (11.531762333000074 48.184457356000053)","Unfall 173295 (2017) Kat:2, Licht: 2","173295","2","7","0","05","23","7","1","2","1","0","0","0"
"POINT (11.546713992000036 48.159247642000025)","Unfall 173296 (2017) Kat:3, Licht: 0","173296","3","2","5","05","18","7","0","0","1","1","0","0"
"POINT (11.595363871000075 48.118439413000033)","Unfall 173298 (2017) Kat:3, Licht: 0","173298","3","3","5","05","11","7","0","0","1","1","0","0"
"POINT (11.496203615000070 48.130288973000063)","Unfall 173318 (2017) Kat:3, Licht: 0","173318","3","3","0","05","14","2","0","0","0","1","0","0"
"POINT (11.626348663000044 48.153571803000034)","Unfall 173319 (2017) Kat:3, Licht: 0","173319","3","5","1","05","18","2","1","0","0","1","0","1"
"POINT (11.563292323000042 48.159784563000073)","Unfall 173320 (2017) Kat:3, Licht: 0","173320","3","2","6","05","11","2","0","0","0","0","1","0"
"POINT (11.506846512000038 48.171583090000070)","Unfall 173327 (2017) Kat:3, Licht: 0","173327","3","6","2","05","17","2","0","0","0","1","0","0"
"POINT (11.632429742000056 48.123243267000078)","Unfall 173329 (2017) Kat:3, Licht: 0","173329","3","4","6","05","17","2","1","0","0","1","1","0"
"POINT (11.585004822000030 48.162578680000081)","Unfall 173330 (2017) Kat:3, Licht: 0","173330","3","7","1","05","10","2","0","0","1","1","0","0"
"POINT (11.576888083000028 48.151723024000034)","Unfall 173331 (2017) Kat:3, Licht: 0","173331","3","7","6","05","11","2","0","0","0","1","1","0"
"POINT (11.572904900000026 48.150461095000026)","Unfall 173332 (2017) Kat:3, Licht: 2","173332","3","7","0","05","21","2","1","2","1","0","0","0"
"POINT (11.516947943000048 48.068953362000059)","Unfall 173382 (2017) Kat:3, Licht: 0","173382","3","7","0","05","15","1","1","0","1","0","0","0"
"POINT (11.617360738000059 48.148813725000082)","Unfall 173383 (2017) Kat:3, Licht: 0","173383","3","6","2","05","13","1","0","0","0","1","0","1"
"POINT (11.424396747000060 48.141717788000051)","Unfall 173384 (2017) Kat:3, Licht: 0","173384","3","6","2","05","12","1","0","0","0","1","0","0"
"POINT (11.591011789000049 48.125732218000053)","Unfall 173385 (2017) Kat:3, Licht: 0","173385","3","1","0","05","13","1","0","0","1","0","0","0"
"POINT (11.564493833000029 48.136362479000070)","Unfall 173386 (2017) Kat:2, Licht: 0","173386","2","7","4","05","18","1","1","0","1","0","0","0"
"POINT (11.571678151000071 48.205676612000047)","Unfall 173387 (2017) Kat:3, Licht: 0","173387","3","2","6","05","15","1","1","0","0","1","1","0"
"POINT (11.560202386000071 48.156295133000071)","Unfall 173388 (2017) Kat:2, Licht: 2","173388","2","3","5","05","21","1","1","2","0","1","0","0"
"POINT (11.423665566000068 48.175995783000076)","Unfall 173417 (2017) Kat:2, Licht: 2","173417","2","7","9","05","22","7","0","2","0","0","0","1"