WKT,Name,OBJECTID,UKATEGORIE,UTYP1,UART,UMONAT,USTUNDE,UWOCHENTAG,STRZUSTAND,ULICHTVERH,ISTRAD,ISTPKW,ISTFUSS,ISTKRAD
"POINT (11.564273430000071 48.134104317000038)","Unfall 173418 (2017) Kat:3, Licht: 0","173418","3","5","1","05","14","7","0","0","1","1","0","0"
"POINT (11.505641461000039 48.094295347000070)","Unfall 173419 (2017) Kat:3, Licht: 0","173419","3","3","5","05","11","7","0","0","0","1","0","0"
"POINT (11.493309715000066 48.165897771000061)","Unfall 173420 (2017) Kat:3, Licht: 0","173420","3","6","2","05","19","7","0","0","0","1","0","0"
"POINT (11.550058334000028 48.185999788000061)","Unfall 173421 (2017) Kat:3, Licht: 2","173421","3","6","2","05","22","7","0","2","0","1","0","0"
"POINT (11.521902043000068 48.189823066000031)","Unfall 173422 (2017) Kat:3, Licht: 0","173422","3","6","2","05","18","7","0","0","0","1","0","0"
"POINT (11.503031631000056 48.139641482000059)","Unfall 173423 (2017) Kat:2, Licht: 0","173423","2","2","4","05","19","7","0","0","0","1","0","0"
"POINT (11.502915185000063 48.135843689000069)","Unfall 173425 (2017) Kat:3, Licht: 0","173425","3","4","6","05","14","7","0","0","1","0","1","0"
"POINT (11.657564127000057 48.127051463000043)","Unfall 173426 (2017) Kat:3, Licht: 0","173426","3","1","0","05","12","7","0","0","1","0","0","0"
"POINT (11.567994448000036 48.134000090000029)","Unfall 173482 (2017) Kat:3, Licht: 0","173482","3","3","5","05","07","6","1","0","1","1","0","0"
"POINT (11.598341628000071 48.139698541000030)","Unfall 173483 (2017) Kat:3, Licht: 0","173483","3","7","3","05","19","6","0","0","0","1","0","1"
"POINT (11.527129562000027 48.182817083000032)","Unfall 173484 (2017) Kat:3, Licht: 0","173484","3","7","0","05","11","6","0","0","1","1","0","0"
"POINT (11.479411431000074 48.123930600000051)","Unfall 173485 (2017) Kat:3, Licht: 2","173485","3","3","5","05","21","6","1","2","0","1","0","0"
"POINT (11.421144149000042 48.147435030000054)","Unfall 173486 (2017) Kat:3, Licht: 0","173486","3","7","3","05","17","6","0","0","0","1","0","0"
"POINT (11.578212796000059 48.154821371000025)","Unfall 173487 (2017) Kat:3, Licht: 0","173487","3","3","5","05","15","6","0","0","1","0","0","0"
"POINT (11.573715464000031 48.135582417000080)","Unfall 173488 (2017) Kat:3, Licht: 0","173488","3","7","6","05","17","6","0","0","0","0","1","0"
"POINT (11.606134151000049 48.186530406000031)","Unfall 173490 (2017) Kat:3, Licht: 0","173490","3","6","2","05","07","6","1","0","0","1","0","0"
"POINT (11.530531992000022 48.183084218000033)","Unfall 173491 (2017) Kat:2, Licht: 0","173491","2","2","0","05","11","6","0","0","0","0","0","0"
"POINT (11.540894508000065 48.150977905000047)","Unfall 173492 (2017) Kat:3, Licht: 0","173492","3","6","0","05","18","6","0","0","1","0","1","0"
"POINT (11.659326338000028 48.132039348000035)","Unfall 173493 (2017) Kat:3, Licht: 0","173493","3","7","5","05","16","6","0","0","1","1","0","0"
"POINT (11.592559623000056 48.126612815000044)","Unfall 173494 (2017) Kat:3, Licht: 0","173494","3","2","5","05","14","6","0","0","1","1","0","0"
"POINT (11.587676354000052 48.131442325000080)","Unfall 173495 (2017) Kat:3, Licht: 0","173495","3","2","5","05","09","6","0","0","1","0","0","0"
"POINT (11.598392977000060 48.135715551000033)","Unfall 173496 (2017) Kat:3, Licht: 2","173496","3","4","6","05","22","6","1","2","0","1","1","0"
"POINT (11.573480952000068 48.126361327000041)","Unfall 173497 (2017) Kat:3, Licht: 0","173497","3","3","5","05","09","6","0","0","1","1","0","0"
"POINT (11.574631460000035 48.163443704000031)","Unfall 173498 (2017) Kat:3, Licht: 0","173498","3","2","5","05","16","6","0","0","1","1","0","0"
"POINT (11.589132182000071 48.137275983000052)","Unfall 173499 (2017) Kat:3, Licht: 0","173499","3","2","3","05","14","6","0","0","1","1","0","0"
"POINT (11.550382873000046 48.119518433000053)","Unfall 173549 (2017) Kat:3, Licht: 2","173549","3","7","0","05","03","5","0","2","0","0","0","1"
"POINT (11.567115389000037 48.132556999000030)","Unfall 173550 (2017) Kat:3, Licht: 0","173550","3","3","5","05","15","5","0","0","1","1","0","0"
"POINT (11.579915661000030 48.157822110000041)","Unfall 173551 (2017) Kat:3, Licht: 0","173551","3","7","0","05","08","5","0","0","1","0","0","0"
"POINT (11.572571813000025 48.111662245000048)","Unfall 173552 (2017) Kat:3, Licht: 0","173552","3","6","4","05","14","5","0","0","1","0","0","0"
"POINT (11.577218596000023 48.118360724000070)","Unfall 173554 (2017) Kat:3, Licht: 0","173554","3","7","4","05","13","5","0","0","1","1","0","0"
"POINT (11.579351782000060 48.146437218000074)","Unfall 173555 (2017) Kat:3, Licht: 2","173555","3","6","3","05","21","5","0","2","0","1","0","0"
"POINT (11.464692940000077 48.169427421000080)","Unfall 173558 (2017) Kat:3, Licht: 0","173558","3","5","1","05","17","5","0","0","1","1","0","0"
"POINT (11.581603787000063 48.104365331000054)","Unfall 173560 (2017) Kat:3, Licht: 0","173560","3","2","5","05","17","5","0","0","1","0","0","1"
"POINT (11.573500612000032 48.135785707000025)","Unfall 173561 (2017) Kat:3, Licht: 0","173561","3","2","4","05","11","5","0","0","1","1","0","0"
"POINT (11.538913880000052 48.139724091000062)","Unfall 173562 (2017) Kat:3, Licht: 0","173562","3","6","0","05","08","5","0","0","1","0","0","0"
"POINT (11.608967100000029 48.136202923000042)","Unfall 173563 (2017) Kat:3, Licht: 0","173563","3","3","0","05","07","5","0","0","1","1","0","0"
"POINT (11.579446261000044 48.146830044000069)","Unfall 173565 (2017) Kat:3, Licht: 0","173565","3","2","5","05","09","5","0","0","1","0","0","0"
"POINT (11.489380282000070 48.143494233000069)","Unfall 173566 (2017) Kat:3, Licht: 0","173566","3","7","0","05","07","5","0","0","1","1","0","0"
"POINT (11.500844659000052 48.139692071000070)","Unfall 173567 (2017) Kat:3, Licht: 0","173567","3","5","0","05","15","5","0","0","1","1","0","0"
"POINT (11.623885861000076 48.120132634000072)","Unfall 173568 (2017) Kat:3, Licht: 0","173568","3","2","3","05","12","5","0","0","1","1","0","0"
"POINT (11.594698130000040 48.110921381000026)","Unfall 173569 (2017) Kat:3, Licht: 0","173569","3","2","5","05","08","5","0","0","0","1","0","0"
"POINT (11.540165281000043 48.116282185000046)","Unfall 173570 (2017) Kat:3, Licht: 0","173570","3","5","3","05","18","5","0","0","1","1","0","0"
"POINT (11.582237072000055 48.162469033000036)","Unfall 173571 (2017) Kat:3, Licht: 0","173571","3","6","3","05","08","5","0","0","1","1","0","0"
"POINT (11.646109069000033 48.103677276000042)","Unfall 173645 (2017) Kat:3, Licht: 0","173645","3","2","5","05","10","4","0","0","1","1","0","0"
"POINT (11.570289629000058 48.209748798000078)","Unfall 173646 (2017) Kat:3, Licht: 0","173646","3","6","2","05","06","4","0","0","0","1","0","0"
"POINT (11.490500633000067 48.194588082000053)","Unfall 173647 (2017) Kat:2, Licht: 0","173647","2","3","5","05","18","4","0","0","0","1","0","1"
"POINT (11.502108206000059 48.192953254000031)","Unfall 173648 (2017) Kat:3, Licht: 0","173648","3","2","4","05","16","4","0","0","0","1","0","0"
"POINT (11.588949831000036 48.137393578000058)","Unfall 173649 (2017) Kat:3, Licht: 0","173649","3","6","2","05","16","4","0","0","0","1","0","0"
"POINT (11.549287788000072 48.102899199000035)","Unfall 173650 (2017) Kat:3, Licht: 0","173650","3","3","5","05","17","4","0","0","1","0","0","0"
"POINT (11.526166384000021 48.110859471000026)","Unfall 173651 (2017) Kat:2, Licht: 0","173651","2","6","2","05","16","4","0","0","0","1","0","1"
"POINT (11.463321082000050 48.164774556000054)","Unfall 173652 (2017) Kat:3, Licht: 0","173652","3","3","5","05","17","4","0","0","1","1","0","0"
"POINT (11.516696204000027 48.098579462000032)","Unfall 173653 (2017) Kat:3, Licht: 1","173653","3","6","2","05","19","4","0","1","0","1","0","0"
"POINT (11.592400245000022 48.187865918000057)","Unfall 173655 (2017) Kat:3, Licht: 0","173655","3","6","2","05","18","4","0","0","0","1","0","0"
"POINT (11.591541904000053 48.123646209000071)","Unfall 173656 (2017) Kat:2, Licht: 0","173656","2","7","4","05","19","4","0","0","0","1","0","1"
"POINT (11.580362383000022 48.167097208000030)","Unfall 173657 (2017) Kat:2, Licht: 0","173657","2","3","1","05","07","4","0","0","0","1","0","1"
"POINT (11.568706798000051 48.209455707000075)","Unfall 173658 (2017) Kat:3, Licht: 0","173658","3","6","2","05","17","4","0","0","0","1","0","0"
"POINT (11.542258820000029 48.153401853000048)","Unfall 173659 (2017) Kat:3, Licht: 0","173659","3","6","1","05","18","4","0","0","1","1","0","0"
"POINT (11.479325793000044 48.125704781000081)","Unfall 173660 (2017) Kat:3, Licht: 0","173660","3","2","6","05","17","4","0","0","0","1","1","0"
"POINT (11.518973679000055 48.098927584000080)","Unfall 173662 (2017) Kat:3, Licht: 0","173662","3","3","5","05","09","4","0","0","1","1","0","0"
"POINT (11.574209146000044 48.105773004000071)","Unfall 173663 (2017) Kat:3, Licht: 0","173663","3","2","3","05","11","4","0","0","1","0","0","0"
"POINT (11.570769746000053 48.111763450000069)","Unfall 173664 (2017) Kat:3, Licht: 2","173664","3","7","0","05","01","4","0","2","1","0","0","0"
"POINT (11.558193785000071 48.126240029000030)","Unfall 173665 (2017) Kat:3, Licht: 0","173665","3","2","3","05","08","4","0","0","1","0","0","0"
"POINT (11.579650669000046 48.147073825000064)","Unfall 173666 (2017) Kat:3, Licht: 0","173666","3","6","3","05","14","4","0","0","1","0","0","0"
"POINT (11.580393864000030 48.145018412000070)","Unfall 173667 (2017) Kat:3, Licht: 0","173667","3","7","0","05","12","4","0","0","0","1","0","1"
"POINT (11.620158470000035 48.197282147000067)","Unfall 173754 (2017) Kat:3, Licht: 0","173754","3","6","2","05","14","4","0","0","0","1","0","1"
"POINT (11.459893568000041 48.138205098000071)","Unfall 173764 (2017) Kat:3, Licht: 0","173764","3","3","5","05","13","3","0","0","1","1","0","0"
"POINT (11.548992359000067 48.144161643000075)","Unfall 173765 (2017) Kat:3, Licht: 0","173765","3","4","6","05","08","3","0","0","1","1","1","0"
"POINT (11.512306666000029 48.094462897000028)","Unfall 173766 (2017) Kat:3, Licht: 0","173766","3","2","4","05","19","3","0","0","1","1","0","0"
"POINT (11.470146688000057 48.177168126000026)","Unfall 173767 (2017) Kat:3, Licht: 0","173767","3","7","0","05","18","3","0","0","1","0","1","0"
"POINT (11.565319049000038 48.143454007000059)","Unfall 173768 (2017) Kat:2, Licht: 0","173768","2","7","5","05","18","3","0","0","1","0","0","0"
"POINT (11.538503935000051 48.143292460000055)","Unfall 173769 (2017) Kat:3, Licht: 1","173769","3","6","3","05","20","3","0","1","1","1","0","0"
"POINT (11.567910878000077 48.100600470000074)","Unfall 173770 (2017) Kat:3, Licht: 0","173770","3","3","5","05","17","3","0","0","1","1","0","0"
"POINT (11.573110280000037 48.173658990000035)","Unfall 173771 (2017) Kat:2, Licht: 2","173771","2","3","5","05","22","3","0","2","0","1","0","0"
"POINT (11.572112954000033 48.148895808000077)","Unfall 173772 (2017) Kat:3, Licht: 0","173772","3","6","3","05","16","3","0","0","1","0","0","1"
"POINT (11.621500903000026 48.224660190000066)","Unfall 173773 (2017) Kat:3, Licht: 0","173773","3","6","4","05","19","3","0","0","1","0","0","0"
"POINT (11.443249019000064 48.163772296000047)","Unfall 173774 (2017) Kat:3, Licht: 0","173774","3","2","6","05","06","3","0","0","0","1","1","0"
"POINT (11.544796952000070 48.151370589000067)","Unfall 173775 (2017) Kat:3, Licht: 0","173775","3","2","3","05","18","3","0","0","1","1","0","0"
"POINT (11.502961571000071 48.127708631000075)","Unfall 173776 (2017) Kat:3, Licht: 0","173776","3","4","6","05","18","3","0","0","1","0","1","0"
"POINT (11.668920222000054 48.088076018000038)","Unfall 173778 (2017) Kat:3, Licht: 0","173778","3","6","0","05","07","3","1","0","0","1","0","1"
"POINT (11.579506057000060 48.107985149000058)","Unfall 173779 (2017) Kat:3, Licht: 0","173779","3","6","2","05","07","3","0","0","0","1","0","0"
"POINT (11.609340754000073 48.136301687000071)","Unfall 173780 (2017) Kat:3, Licht: 0","173780","3","2","0","05","14","3","0","0","0","0","1","1"
"POINT (11.536861005000048 48.133826899000042)","Unfall 173781 (2017) Kat:3, Licht: 0","173781","3","3","5","05","16","3","0","0","1","1","0","0"
"POINT (11.565210302000025 48.137097621000066)","Unfall 173904 (2017) Kat:3, Licht: 2","173904","3","4","6","05","01","1","0","2","1","0","1","0"
"POINT (11.587982037000074 48.102537087000030)","Unfall 173906 (2017) Kat:3, Licht: 0","173906","3","3","5","05","15","1","0","0","0","1","0","0"
"POINT (11.566469399000027 48.156794677000050)","Unfall 173907 (2017) Kat:3, Licht: 2","173907","3","7","0","05","03","1","0","2","1","0","0","0"
"POINT (11.630537027000059 48.176597462000075)","Unfall 173908 (2017) Kat:3, Licht: 0","173908","3","7","0","05","14","1","0","0","0","1","0","1"
"POINT (11.573467151000045 48.163603419000026)","Unfall 173945 (2017) Kat:3, Licht: 0","173945","3","4","6","05","15","7","0","0","0","1","1","0"
"POINT (11.563242371000058 48.208766705000073)","Unfall 173946 (2017) Kat:3, Licht: 2","173946","3","2","5","05","22","7","0","2","0","1","0","0"
"POINT (11.540493893000075 48.118767203000061)","Unfall 173947 (2017) Kat:3, Licht: 0","173947","3","6","3","05","17","7","0","0","0","1","0","1"
"POINT (11.489960934000067 48.186880603000077)","Unfall 173948 (2017) Kat:3, Licht: 0","173948","3","7","0","05","07","7","0","0","1","0","0","0"
"POINT (11.543284899000071 48.214857138000070)","Unfall 173949 (2017) Kat:3, Licht: 0","173949","3","3","5","05","17","7","0","0","0","1","0","0"
"POINT (11.575152639000066 48.148032822000062)","Unfall 173950 (2017) Kat:3, Licht: 0","173950","3","5","1","05","14","7","0","0","1","1","0","0"
"POINT (11.605623925000032 48.200482906000047)","Unfall 173952 (2017) Kat:2, Licht: 0","173952","2","4","6","05","18","7","0","0","0","1","1","0"
"POINT (11.625534807000065 48.115834585000073)","Unfall 173953 (2017) Kat:3, Licht: 0","173953","3","4","6","05","15","7","0","0","0","0","1","0"
"POINT (11.568587919000038 48.156769602000054)","Unfall 173954 (2017) Kat:3, Licht: 0","173954","3","7","6","05","14","7","0","0","1","0","1","0"
"POINT (11.579411737000044 48.115169731000037)","Unfall 173955 (2017) Kat:3, Licht: 0","173955","3","3","5","05","17","7","0","0","0","1","0","0"
"POINT (11.555794888000037 48.124731510000061)","Unfall 173956 (2017) Kat:3, Licht: 0","173956","3","6","3","05","12","7","0","0","1","0","0","0"
"POINT (11.551936887000068 48.119505400000037)","Unfall 173996 (2017) Kat:2, Licht: 0","173996","2","7","0","05","16","6","0","0","0","0","1","0"
"POINT (11.539233140000022 48.125384910000037)","Unfall 173997 (2017) Kat:3, Licht: 0","173997","3","3","5","05","09","6","0","0","1","1","0","0"
"POINT (11.570368063000046 48.134241942000074)","Unfall 173998 (2017) Kat:3, Licht: 0","173998","3","6","3","05","08","6","0","0","1","1","0","0"
"POINT (11.579538337000031 48.146840162000046)","Unfall 174000 (2017) Kat:3, Licht: 0","174000","3","6","0","05","17","6","1","0","1","0","0","0"
"POINT (11.479868502000045 48.088941181000052)","Unfall 174001 (2017) Kat:2, Licht: 0","174001","2","2","4","05","08","6","0","0","1","0","0","0"
"POINT (11.637428635000049 48.155101568000077)","Unfall 174002 (2017) Kat:3, Licht: 0","174002","3","6","2","05","14","6","0","0","0","1","0","0"
"POINT (11.508442967000065 48.094397909000065)","Unfall 174003 (2017) Kat:3, Licht: 0","174003","3","2","5","05","11","6","0","0","1","1","0","0"
"POINT (11.505864900000063 48.184400165000056)","Unfall 174004 (2017) Kat:3, Licht: 0","174004","3","3","5","05","07","6","0","0","1","1","0","0"
"POINT (11.694003389000045 48.133223255000075)","Unfall 174005 (2017) Kat:3, Licht: 0","174005","3","7","0","05","08","6","0","0","0","1","0","1"
"POINT (11.500983206000058 48.116313449000074)","Unfall 174006 (2017) Kat:3, Licht: 0","174006","3","6","0","05","07","6","0","0","1","0","0","0"
"POINT (11.602481495000063 48.135820865000028)","Unfall 174007 (2017) Kat:3, Licht: 0","174007","3","2","5","05","15","6","1","0","1","1","0","0"
"POINT (11.594401342000026 48.141646226000034)","Unfall 174008 (2017) Kat:3, Licht: 0","174008","3","6","3","05","08","6","0","0","0","1","0","0"
"POINT (11.534885276000068 48.152361815000063)","Unfall 174009 (2017) Kat:3, Licht: 0","174009","3","7","1","05","08","6","0","0","0","1","0","0"
"POINT (11.454620553000041 48.204042932000050)","Unfall 174011 (2017) Kat:3, Licht: 0","174011","3","1","0","05","11","6","0","0","1","0","0","0"
"POINT (11.705504177000023 48.133169975000044)","Unfall 174012 (2017) Kat:3, Licht: 0","174012","3","3","5","05","07","6","0","0","1","1","0","0"
"POINT (11.561031093000054 48.120304712000063)","Unfall 174013 (2017) Kat:3, Licht: 0","174013","3","1","1","05","10","6","0","0","1","0","0","0"
"POINT (11.562464701000067 48.157843124000067)","Unfall 174014 (2017) Kat:3, Licht: 0","174014","3","3","5","05","17","6","0","0","1","1","0","0"
"POINT (11.572604221000063 48.177839908000067)","Unfall 174069 (2017) Kat:3, Licht: 0","174069","3","3","5","05","10","5","0","0","1","1","0","0"
"POINT (11.555392500000039 48.123921491000033)","Unfall 174070 (2017) Kat:3, Licht: 0","174070","3","2","2","05","16","5","0","0","0","0","0","1"
"POINT (11.699697459000049 48.105156673000067)","Unfall 174071 (2017) Kat:3, Licht: 0","174071","3","1","0","05","14","5","0","0","1","0","0","0"
"POINT (11.538938958000074 48.151320206000037)","Unfall 174072 (2017) Kat:3, Licht: 0","174072","3","3","5","05","19","5","0","0","0","1","0","1"
"POINT (11.599033020000036 48.148957155000062)","Unfall 174073 (2017) Kat:2, Licht: 0","174073","2","1","0","05","19","5","0","0","1","0","0","0"
"POINT (11.502986151000073 48.141608641000062)","Unfall 174074 (2017) Kat:3, Licht: 0","174074","3","3","5","05","07","5","0","0","1","1","0","0"
"POINT (11.563191303000053 48.128314284000055)","Unfall 174076 (2017) Kat:3, Licht: 0","174076","3","6","4","05","07","5","0","0","1","1","0","0"
"POINT (11.563089830000024 48.159795384000063)","Unfall 174077 (2017) Kat:3, Licht: 0","174077","3","2","4","05","15","5","0","0","0","1","0","0"
"POINT (11.567687385000056 48.160563926000066)","Unfall 174078 (2017) Kat:3, Licht: 0","174078","3","5","1","05","09","5","0","0","0","1","0","0"
"POINT (11.541042036000022 48.121410117000039)","Unfall 174079 (2017) Kat:3, Licht: 0","174079","3","7","0","05","15","5","0","0","1","0","0","0"
"POINT (11.577885765000076 48.188929405000067)","Unfall 174080 (2017) Kat:3, Licht: 0","174080","3","7","1","05","16","5","0","0","1","1","0","0"
"POINT (11.606796087000077 48.104894174000037)","Unfall 174081 (2017) Kat:3, Licht: 0","174081","3","6","3","05","08","5","0","0","0","1","0","0"
"POINT (11.576896962000035 48.201225887000078)","Unfall 174082 (2017) Kat:3, Licht: 0","174082","3","6","2","05","11","5","0","0","1","1","0","0"
"POINT (11.535971139000026 48.176299863000054)","Unfall 174083 (2017) Kat:3, Licht: 2","174083","3","6","2","05","23","5","0","2","0","0","0","1"
"POINT (11.551700147000076 48.171521449000068)","Unfall 174084 (2017) Kat:3, Licht: 0","174084","3","7","0","05","18","5","0","0","1","0","0","0"
"POINT (11.534348787000056 48.153223209000032)","Unfall 174085 (2017) Kat:2, Licht: 0","174085","2","4","6","05","17","5","0","0","1","0","1","0"
"POINT (11.658525455000074 48.126699694000081)","Unfall 174086 (2017) Kat:3, Licht: 0","174086","3","3","5","05","08","5","0","0","1","1","0","0"
"POINT (11.618993095000064 48.153629111000043)","Unfall 174087 (2017) Kat:3, Licht: 0","174087","3","3","5","05","17","5","0","0","1","1","0","0"
"POINT (11.628336486000023 48.147554877000061)","Unfall 174088 (2017) Kat:3, Licht: 0","174088","3","2","4","05","07","5","0","0","1","1","0","0"
"POINT (11.586385970000038 48.163946470000042)","Unfall 174089 (2017) Kat:3, Licht: 0","174089","3","6","2","05","13","5","0","0","0","1","0","0"
"POINT (11.557718092000073 48.144944400000043)","Unfall 174090 (2017) Kat:3, Licht: 0","174090","3","7","5","05","08","5","0","0","1","0","1","0"
"POINT (11.562523821000070 48.158366606000072)","Unfall 174091 (2017) Kat:3, Licht: 0","174091","3","3","5","05","07","5","0","0","1","1","0","0"
"POINT (11.604642213000034 48.105609494000078)","Unfall 174113 (2017) Kat:3, Licht: 0","174113","3","2","5","05","10","2","0","0","1","1","0","0"
"POINT (11.572428112000068 48.130686470000057)","Unfall 174114 (2017) Kat:2, Licht: 0","174114","2","6","2","05","14","2","0","0","1","1","0","0"
"POINT (11.582510189000061 48.150353873000029)","Unfall 174115 (2017) Kat:3, Licht: 0","174115","3","7","0","05","19","2","0","0","1","0","0","0"
"POINT (11.560232850000034 48.144940915000063)","Unfall 174116 (2017) Kat:3, Licht: 0","174116","3","3","5","05","19","2","0","0","0","1","0","0"
"POINT (11.570186600000056 48.201320861000056)","Unfall 174117 (2017) Kat:3, Licht: 0","174117","3","7","0","05","17","2","0","0","1","0","1","0"
"POINT (11.593916922000062 48.140551256000037)","Unfall 174120 (2017) Kat:3, Licht: 0","174120","3","4","6","05","10","2","0","0","0","1","1","0"
"POINT (11.588805539000077 48.140858717000071)","Unfall 174121 (2017) Kat:3, Licht: 0","174121","3","5","3","05","12","2","0","0","1","1","0","0"
"POINT (11.507356313000059 48.117141315000026)","Unfall 174122 (2017) Kat:3, Licht: 0","174122","3","3","5","05","18","2","0","0","0","1","0","0"
"POINT (11.593891452000037 48.128583214000059)","Unfall 174123 (2017) Kat:3, Licht: 0","174123","3","2","2","05","13","2","0","0","0","1","0","0"
"POINT (11.551043674000027 48.139408014000026)","Unfall 174189 (2017) Kat:3, Licht: 0","174189","3","4","6","05","08","4","0","0","0","1","1","0"
"POINT (11.586307171000044 48.161217258000079)","Unfall 174190 (2017) Kat:3, Licht: 2","174190","3","6","2","05","22","4","1","2","0","1","0","1"
"POINT (11.565185915000029 48.136912989000052)","Unfall 174192 (2017) Kat:3, Licht: 0","174192","3","7","6","05","11","4","0","0","0","1","1","0"
"POINT (11.572376523000059 48.126686216000053)","Unfall 174193 (2017) Kat:3, Licht: 2","174193","3","7","0","05","23","4","0","2","1","1","0","0"
"POINT (11.521770667000055 48.092260370000076)","Unfall 174194 (2017) Kat:3, Licht: 0","174194","3","3","5","05","17","4","0","0","1","1","0","0"
"POINT (11.630343238000023 48.099900360000049)","Unfall 174196 (2017) Kat:3, Licht: 0","174196","3","2","5","05","16","4","0","0","1","1","0","0"
"POINT (11.595922379000058 48.107812027000080)","Unfall 174197 (2017) Kat:3, Licht: 0","174197","3","7","5","05","11","4","0","0","1","1","0","0"
"POINT (11.574172042000043 48.105781523000076)","Unfall 174198 (2017) Kat:3, Licht: 0","174198","3","1","0","05","07","4","0","0","1","0","0","0"
"POINT (11.562521595000021 48.148510741000052)","Unfall 174199 (2017) Kat:3, Licht: 0","174199","3","5","1","05","19","4","0","0","1","1","0","0"
"POINT (11.537157582000077 48.157987961000060)","Unfall 174258 (2017) Kat:3, Licht: 0","174258","3","2","5","05","14","3","0","0","1","1","0","0"
"POINT (11.556754321000028 48.137464836000049)","Unfall 174260 (2017) Kat:3, Licht: 2","174260","3","7","3","05","00","3","0","2","0","1","0","1"
"POINT (11.468826406000062 48.153465061000077)","Unfall 174261 (2017) Kat:2, Licht: 0","174261","2","3","5","05","15","3","0","0","0","1","0","1"
"POINT (11.588090777000048 48.135149526000077)","Unfall 174262 (2017) Kat:3, Licht: 0","174262","3","7","0","05","17","3","0","0","1","0","0","0"
"POINT (11.585259705000055 48.159279890000050)","Unfall 174263 (2017) Kat:3, Licht: 0","174263","3","2","5","05","06","3","0","0","1","1","0","0"
"POINT (11.523764421000067 48.095148916000028)","Unfall 174264 (2017) Kat:3, Licht: 0","174264","3","7","2","05","16","3","0","0","0","0","0","1"
"POINT (11.527035374000036 48.156689315000051)","Unfall 174265 (2017) Kat:3, Licht: 0","174265","3","7","1","05","08","3","0","0","0","1","0","0"
"POINT (11.522900310000068 48.134264346000066)","Unfall 174266 (2017) Kat:2, Licht: 0","174266","2","3","5","05","18","3","0","0","1","1","0","0"
"POINT (11.479495719000056 48.124611526000081)","Unfall 174267 (2017) Kat:3, Licht: 0","174267","3","7","0","05","15","3","0","0","1","0","0","0"
"POINT (11.472494869000059 48.182796584000073)","Unfall 174268 (2017) Kat:3, Licht: 0","174268","3","7","4","05","15","3","0","0","0","1","0","0"
"POINT (11.582226227000035 48.199812498000028)","Unfall 174269 (2017) Kat:2, Licht: 0","174269","2","7","6","05","18","3","0","0","0","1","1","0"
"POINT (11.544879081000033 48.122432475000039)","Unfall 174270 (2017) Kat:2, Licht: 2","174270","2","3","5","05","21","3","0","2","1","1","0","0"
"POINT (11.547255306000068 48.132638038000039)","Unfall 174271 (2017) Kat:3, Licht: 0","174271","3","3","5","05","17","3","0","0","1","0","0","0"
"POINT (11.618673527000055 48.198155090000057)","Unfall 174273 (2017) Kat:3, Licht: 0","174273","3","7","0","05","11","3","0","0","1","0","0","0"
"POINT (11.646931050000035 48.122365559000059)","Unfall 174274 (2017) Kat:3, Licht: 0","174274","3","5","1","05","17","3","0","0","1","1","0","0"
"POINT (11.557032718000073 48.095835145000081)","Unfall 174275 (2017) Kat:3, Licht: 0","174275","3","1","0","05","09","3","1","0","0","0","0","1"
"POINT (11.609999713000036 48.148503088000041)","Unfall 174276 (2017) Kat:3, Licht: 2","174276","3","3","5","05","20","3","0","2","0","1","0","1"
"POINT (11.590049711000063 48.131131802000027)","Unfall 174277 (2017) Kat:3, Licht: 2","174277","3","2","5","05","21","3","0","2","0","1","0","1"
"POINT (11.533606029000055 48.116810194000038)","Unfall 174278 (2017) Kat:3, Licht: 0","174278","3","3","5","05","18","3","0","0","1","1","0","0"
"POINT (11.548720246000073 48.112236326000072)","Unfall 174279 (2017) Kat:3, Licht: 0","174279","3","2","5","05","11","3","0","0","1","0","0","0"
"POINT (11.582548587000076 48.132193067000060)","Unfall 174280 (2017) Kat:3, Licht: 0","174280","3","7","1","05","16","3","0","0","1","1","0","0"
"POINT (11.578980401000024 48.152076664000049)","Unfall 174281 (2017) Kat:3, Licht: 0","174281","3","6","2","05","15","3","0","0","1","1","0","0"
"POINT (11.623734927000044 48.132141913000055)","Unfall 174347 (2017) Kat:3, Licht: 0","174347","3","3","5","05","17","2","0","0","1","1","0","0"
"POINT (11.500211173000025 48.139708958000028)","Unfall 174348 (2017) Kat:3, Licht: 0","174348","3","1","0","05","21","2","0","0","1","0","0","0"
"POINT (11.547745502000055 48.139935191000063)","Unfall 174349 (2017) Kat:3, Licht: 0","174349","3","7","3","05","17","2","0","0","1","1","0","0"
"POINT (11.607902008000053 48.150575772000082)","Unfall 174350 (2017) Kat:3, Licht: 0","174350","3","6","2","05","17","2","0","0","0","1","0","0"
"POINT (11.569481968000048 48.131056446000059)","Unfall 174351 (2017) Kat:3, Licht: 2","174351","3","6","3","05","23","2","0","2","1","1","0","0"
"POINT (11.508497714000043 48.216246762000026)","Unfall 174353 (2017) Kat:3, Licht: 1","174353","3","7","0","05","05","2","0","1","0","0","0","1"
"POINT (11.584999047000053 48.139360568000029)","Unfall 174354 (2017) Kat:2, Licht: 0","174354","2","2","3","05","12","2","0","0","1","1","0","0"
"POINT (11.578160638000043 48.130207562000066)","Unfall 174356 (2017) Kat:3, Licht: 0","174356","3","2","5","05","12","2","0","0","1","1","0","0"
"POINT (11.537770948000059 48.131349948000036)","Unfall 174357 (2017) Kat:3, Licht: 0","174357","3","1","0","05","08","2","0","0","1","0","0","0"
"POINT (11.543811635000054 48.209106127000041)","Unfall 174358 (2017) Kat:3, Licht: 0","174358","3","7","0","05","14","2","0","0","0","0","1","0"