WKT,Name,OBJECTID,UKATEGORIE,UTYP1,UART,UMONAT,USTUNDE,UWOCHENTAG,STRZUSTAND,ULICHTVERH,ISTRAD,ISTPKW,ISTFUSS,ISTKRAD
"POINT (11.561173801000052 48.146969581000064)","Unfall 174359 (2017) Kat:3, Licht: 0","174359","3","3","5","05","08","2","0","0","1","1","0","0"
"POINT (11.578396870000063 48.133155678000037)","Unfall 174373 (2017) Kat:3, Licht: 1","174373","3","1","1","05","05","1","0","1","1","0","0","0"
"POINT (11.499388226000065 48.113656138000067)","Unfall 174415 (2017) Kat:3, Licht: 0","174415","3","3","5","05","11","7","0","0","1","0","0","0"
"POINT (11.714753245000054 48.137719047000076)","Unfall 174416 (2017) Kat:3, Licht: 0","174416","3","3","5","05","12","7","0","0","0","1","0","1"
"POINT (11.488608061000036 48.136476719000029)","Unfall 174417 (2017) Kat:3, Licht: 0","174417","3","7","0","05","16","7","0","0","1","0","0","0"
"POINT (11.699951960000021 48.133407370000043)","Unfall 174418 (2017) Kat:3, Licht: 0","174418","3","3","5","05","15","7","0","0","1","1","0","0"
"POINT (11.576239171000054 48.127858653000033)","Unfall 174419 (2017) Kat:3, Licht: 0","174419","3","2","5","05","13","7","0","0","0","1","0","0"
"POINT (11.689793648000034 48.117642919000048)","Unfall 174420 (2017) Kat:3, Licht: 0","174420","3","3","5","05","09","7","0","0","1","1","0","0"
"POINT (11.557237715000042 48.119498829000065)","Unfall 174421 (2017) Kat:3, Licht: 0","174421","3","7","3","05","15","7","0","0","1","1","1","0"
"POINT (11.598999713000069 48.112594900000033)","Unfall 174422 (2017) Kat:2, Licht: 0","174422","2","3","5","05","13","7","0","0","1","1","0","0"
"POINT (11.481608660000063 48.141569627000081)","Unfall 174423 (2017) Kat:3, Licht: 0","174423","3","2","5","05","14","7","0","0","0","1","0","0"
"POINT (11.456043112000032 48.163791230000072)","Unfall 174424 (2017) Kat:3, Licht: 0","174424","3","2","1","05","15","7","0","0","0","1","0","0"
"POINT (11.536621941000021 48.153714236000042)","Unfall 174425 (2017) Kat:3, Licht: 0","174425","3","2","5","05","11","7","0","0","1","1","0","0"
"POINT (11.476622357000053 48.103175848000035)","Unfall 174426 (2017) Kat:3, Licht: 0","174426","3","4","6","05","12","7","0","0","1","0","1","0"
"POINT (11.671447481000030 48.122108619000073)","Unfall 174427 (2017) Kat:3, Licht: 0","174427","3","7","0","05","13","7","0","0","1","0","0","0"
"POINT (11.579139046000023 48.136021724000045)","Unfall 174498 (2017) Kat:3, Licht: 0","174498","3","7","4","05","16","6","0","0","1","1","0","0"
"POINT (11.527525269000023 48.099701661000040)","Unfall 174499 (2017) Kat:3, Licht: 0","174499","3","6","2","05","10","6","0","0","0","1","0","0"
"POINT (11.583623131000024 48.138415770000051)","Unfall 174500 (2017) Kat:3, Licht: 0","174500","3","6","1","05","19","6","0","0","0","1","0","0"
"POINT (11.566670908000049 48.137934541000050)","Unfall 174501 (2017) Kat:2, Licht: 0","174501","2","3","5","05","10","6","0","0","1","0","0","0"
"POINT (11.600006230000076 48.135573777000047)","Unfall 174503 (2017) Kat:2, Licht: 0","174503","2","4","6","05","18","6","0","0","0","1","1","0"
"POINT (11.554204281000068 48.127507948000073)","Unfall 174504 (2017) Kat:3, Licht: 0","174504","3","2","5","05","11","6","0","0","0","1","0","1"
"POINT (11.596532314000058 48.191852763000043)","Unfall 174505 (2017) Kat:3, Licht: 0","174505","3","7","0","05","14","6","0","0","1","0","0","0"
"POINT (11.553185301000042 48.193141862000061)","Unfall 174506 (2017) Kat:3, Licht: 0","174506","3","3","5","05","16","6","0","0","1","0","0","0"
"POINT (11.542277982000030 48.150702383000066)","Unfall 174507 (2017) Kat:3, Licht: 0","174507","3","4","6","05","18","6","0","0","1","0","1","0"
"POINT (11.514410878000035 48.072579056000052)","Unfall 174508 (2017) Kat:3, Licht: 0","174508","3","7","5","05","17","6","0","0","0","0","0","1"
"POINT (11.589011385000049 48.124852000000033)","Unfall 174509 (2017) Kat:3, Licht: 0","174509","3","6","2","05","08","6","0","0","0","1","0","1"
"POINT (11.600438941000050 48.135592946000031)","Unfall 174510 (2017) Kat:2, Licht: 2","174510","2","7","0","05","23","6","0","2","1","0","0","0"
"POINT (11.593006187000071 48.127048932000037)","Unfall 174511 (2017) Kat:3, Licht: 0","174511","3","7","5","05","08","6","0","0","1","1","0","0"
"POINT (11.489911837000022 48.136375257000054)","Unfall 174512 (2017) Kat:3, Licht: 0","174512","3","3","0","05","08","6","0","0","1","0","0","0"
"POINT (11.541067754000039 48.120742836000034)","Unfall 174513 (2017) Kat:3, Licht: 0","174513","3","6","2","05","14","6","0","0","0","1","0","0"
"POINT (11.558597972000030 48.139321328000051)","Unfall 174514 (2017) Kat:3, Licht: 1","174514","3","4","6","05","20","6","0","1","0","1","1","0"
"POINT (11.562000154000032 48.156509191000055)","Unfall 174515 (2017) Kat:3, Licht: 0","174515","3","7","0","05","07","6","0","0","1","0","0","0"
"POINT (11.568036311000071 48.147604613000055)","Unfall 174516 (2017) Kat:3, Licht: 0","174516","3","3","5","05","07","6","0","0","0","1","0","0"
"POINT (11.579154448000054 48.135056776000056)","Unfall 174517 (2017) Kat:3, Licht: 0","174517","3","7","6","05","15","6","0","0","0","0","1","0"
"POINT (11.584661387000040 48.138220455000067)","Unfall 174518 (2017) Kat:3, Licht: 0","174518","3","3","5","05","20","6","0","0","0","1","0","0"
"POINT (11.572919279000075 48.095351871000048)","Unfall 174600 (2017) Kat:2, Licht: 0","174600","2","6","3","05","15","5","0","0","1","0","0","0"
"POINT (11.574945734000039 48.160340875000031)","Unfall 174601 (2017) Kat:3, Licht: 2","174601","3","1","0","05","21","5","0","2","1","0","0","0"
"POINT (11.407155577000026 48.177594717000034)","Unfall 174603 (2017) Kat:3, Licht: 0","174603","3","6","2","05","13","5","0","0","0","1","0","0"
"POINT (11.570944959000030 48.131874192000055)","Unfall 174677 (2017) Kat:3, Licht: 0","174677","3","7","0","05","19","3","0","0","1","0","0","0"
"POINT (11.629409979000059 48.153374334000034)","Unfall 174678 (2017) Kat:3, Licht: 0","174678","3","2","4","05","19","3","0","0","1","1","0","0"
"POINT (11.596821587000022 48.102747516000079)","Unfall 174680 (2017) Kat:3, Licht: 0","174680","3","3","5","05","14","3","0","0","0","1","0","0"
"POINT (11.560127903000023 48.130329156000073)","Unfall 174681 (2017) Kat:3, Licht: 2","174681","3","7","1","05","21","3","1","2","0","1","0","0"
"POINT (11.587937503000035 48.135196728000039)","Unfall 174682 (2017) Kat:3, Licht: 0","174682","3","3","6","05","18","3","0","0","1","0","1","0"
"POINT (11.484963414000049 48.090413117000026)","Unfall 174683 (2017) Kat:2, Licht: 0","174683","2","7","7","05","09","3","0","0","1","0","0","0"
"POINT (11.434331159000067 48.148891069000058)","Unfall 174684 (2017) Kat:3, Licht: 0","174684","3","3","5","05","19","3","0","0","1","1","0","0"
"POINT (11.550520407000022 48.161060987000042)","Unfall 174685 (2017) Kat:3, Licht: 2","174685","3","7","0","05","20","3","1","2","1","0","0","0"
"POINT (11.507208705000039 48.163687379000066)","Unfall 174686 (2017) Kat:3, Licht: 0","174686","3","6","2","05","14","3","0","0","0","1","0","0"
"POINT (11.518314736000036 48.139752831000067)","Unfall 174687 (2017) Kat:3, Licht: 0","174687","3","6","1","05","19","3","0","0","0","1","0","0"
"POINT (11.482561066000073 48.104286394000042)","Unfall 174688 (2017) Kat:3, Licht: 1","174688","3","3","5","05","20","3","0","1","0","1","0","0"
"POINT (11.590974610000046 48.103876542000080)","Unfall 174690 (2017) Kat:3, Licht: 0","174690","3","3","5","05","19","3","0","0","0","1","0","1"
"POINT (11.579690759000073 48.108621153000058)","Unfall 174691 (2017) Kat:3, Licht: 0","174691","3","6","2","05","18","3","0","0","0","1","0","0"
"POINT (11.656427874000030 48.146159579000027)","Unfall 174692 (2017) Kat:3, Licht: 0","174692","3","5","1","05","13","3","0","0","1","1","0","0"
"POINT (11.586734787000069 48.164180570000042)","Unfall 174693 (2017) Kat:3, Licht: 0","174693","3","2","3","05","12","3","0","0","1","1","0","0"
"POINT (11.572941021000076 48.175559517000067)","Unfall 174694 (2017) Kat:3, Licht: 0","174694","3","1","0","05","20","3","0","0","1","0","0","0"
"POINT (11.578115166000032 48.137313519000031)","Unfall 174695 (2017) Kat:3, Licht: 2","174695","3","7","6","05","23","3","0","2","1","0","1","0"
"POINT (11.549126046000026 48.186153886000056)","Unfall 174764 (2017) Kat:2, Licht: 0","174764","2","6","3","05","13","2","0","0","1","0","0","0"
"POINT (11.575214142000050 48.159629783000071)","Unfall 174765 (2017) Kat:3, Licht: 0","174765","3","6","3","05","17","2","0","0","1","1","0","0"
"POINT (11.593431685000041 48.142073130000028)","Unfall 174766 (2017) Kat:3, Licht: 0","174766","3","6","2","05","11","2","0","0","0","1","0","0"
"POINT (11.546105237000063 48.216245782000044)","Unfall 174768 (2017) Kat:2, Licht: 0","174768","2","6","0","05","15","2","0","0","1","1","0","0"
"POINT (11.621422305000067 48.153598638000062)","Unfall 174769 (2017) Kat:3, Licht: 0","174769","3","2","5","05","08","2","0","0","0","1","0","0"
"POINT (11.592166802000065 48.142320991000076)","Unfall 174770 (2017) Kat:3, Licht: 0","174770","3","7","5","05","17","2","0","0","1","1","0","0"
"POINT (11.492879501000061 48.165833912000039)","Unfall 174774 (2017) Kat:3, Licht: 0","174774","3","3","5","05","08","2","0","0","0","1","0","0"
"POINT (11.557259301000045 48.186357062000070)","Unfall 174775 (2017) Kat:3, Licht: 0","174775","3","3","5","05","14","2","0","0","1","1","0","0"
"POINT (11.520018630000038 48.154425395000032)","Unfall 174776 (2017) Kat:3, Licht: 0","174776","3","5","0","05","18","2","0","0","1","1","0","0"
"POINT (11.552506957000048 48.155248186000051)","Unfall 174777 (2017) Kat:3, Licht: 0","174777","3","2","5","05","17","2","0","0","1","1","0","0"
"POINT (11.555654177000065 48.147983657000054)","Unfall 174778 (2017) Kat:3, Licht: 0","174778","3","3","5","05","19","2","0","0","1","1","0","0"
"POINT (11.511709986000028 48.080209659000047)","Unfall 174779 (2017) Kat:3, Licht: 0","174779","3","1","0","05","13","2","0","0","1","0","0","0"
"POINT (11.596863588000076 48.134275867000042)","Unfall 174780 (2017) Kat:3, Licht: 0","174780","3","3","5","05","16","2","0","0","0","0","0","1"
"POINT (11.591718483000022 48.130131162000055)","Unfall 174781 (2017) Kat:3, Licht: 0","174781","3","6","2","05","07","2","0","0","0","1","0","0"
"POINT (11.585294317000034 48.120982550000065)","Unfall 174782 (2017) Kat:3, Licht: 0","174782","3","3","5","05","20","2","0","0","1","1","0","0"
"POINT (11.595348605000027 48.150603488000058)","Unfall 174783 (2017) Kat:3, Licht: 1","174783","3","4","6","05","21","2","0","1","0","1","1","0"
"POINT (11.566841814000043 48.182092043000068)","Unfall 174864 (2017) Kat:3, Licht: 0","174864","3","1","3","05","16","1","0","0","0","1","0","1"
"POINT (11.415570942000045 48.167100063000078)","Unfall 174865 (2017) Kat:3, Licht: 0","174865","3","6","0","05","17","1","0","0","1","0","0","0"
"POINT (11.534727519000057 48.195237278000036)","Unfall 174866 (2017) Kat:2, Licht: 0","174866","2","7","5","05","16","1","0","0","0","1","0","1"
"POINT (11.618342993000056 48.103651434000028)","Unfall 174867 (2017) Kat:2, Licht: 0","174867","2","1","1","05","11","1","0","0","1","1","0","0"
"POINT (11.608723611000073 48.105519993000030)","Unfall 174868 (2017) Kat:2, Licht: 0","174868","2","3","5","05","13","1","0","0","1","1","0","0"
"POINT (11.607222254000021 48.139438561000077)","Unfall 174869 (2017) Kat:3, Licht: 2","174869","3","1","0","05","23","1","0","2","1","0","0","0"
"POINT (11.519819201000075 48.132337302000053)","Unfall 174918 (2017) Kat:3, Licht: 0","174918","3","3","5","06","13","6","0","0","0","1","0","1"
"POINT (11.561496553000040 48.146895051000058)","Unfall 174919 (2017) Kat:3, Licht: 0","174919","3","2","5","06","18","6","0","0","0","1","0","1"
"POINT (11.584464954000055 48.157282571000053)","Unfall 174920 (2017) Kat:3, Licht: 0","174920","3","2","3","06","09","6","0","0","1","1","0","0"
"POINT (11.548633420000044 48.112149007000028)","Unfall 174921 (2017) Kat:3, Licht: 0","174921","3","2","4","06","20","6","0","0","0","1","0","0"
"POINT (11.556381055000031 48.142062705000058)","Unfall 174922 (2017) Kat:3, Licht: 0","174922","3","3","5","06","16","6","0","0","1","0","0","0"
"POINT (11.534347002000061 48.193867893000061)","Unfall 174923 (2017) Kat:3, Licht: 0","174923","3","7","0","06","14","6","0","0","1","0","0","0"
"POINT (11.569561058000033 48.191694458000029)","Unfall 174924 (2017) Kat:3, Licht: 0","174924","3","2","6","06","11","6","0","0","0","0","1","0"
"POINT (11.624859230000027 48.148121142000036)","Unfall 174925 (2017) Kat:2, Licht: 0","174925","2","7","4","06","09","6","0","0","0","1","0","1"
"POINT (11.596716859000026 48.134249276000048)","Unfall 174926 (2017) Kat:3, Licht: 0","174926","3","6","3","06","08","6","0","0","1","0","0","0"
"POINT (11.567606842000032 48.209249802000045)","Unfall 174928 (2017) Kat:3, Licht: 0","174928","3","6","2","06","14","6","0","0","0","1","0","0"
"POINT (11.533306464000077 48.151271559000065)","Unfall 174929 (2017) Kat:3, Licht: 0","174929","3","3","5","06","16","6","0","0","1","1","0","0"
"POINT (11.552244386000041 48.135040585000070)","Unfall 174931 (2017) Kat:3, Licht: 0","174931","3","3","5","06","16","6","0","0","1","1","0","0"
"POINT (11.581267978000028 48.150495478000039)","Unfall 174932 (2017) Kat:3, Licht: 0","174932","3","7","3","06","08","6","0","0","0","1","0","1"
"POINT (11.512737920000063 48.177841092000051)","Unfall 175003 (2017) Kat:3, Licht: 0","175003","3","2","5","06","19","5","0","0","1","1","0","0"
"POINT (11.565521235000062 48.133804862000034)","Unfall 175005 (2017) Kat:3, Licht: 2","175005","3","7","0","06","01","5","0","2","1","0","0","0"
"POINT (11.586505555000031 48.167332032000047)","Unfall 175006 (2017) Kat:3, Licht: 0","175006","3","2","5","06","17","5","0","0","1","1","0","0"
"POINT (11.605129715000032 48.121707357000048)","Unfall 175007 (2017) Kat:3, Licht: 0","175007","3","6","1","06","10","5","0","0","0","1","0","0"
"POINT (11.529087302000050 48.099872237000056)","Unfall 175008 (2017) Kat:2, Licht: 0","175008","2","3","5","06","14","5","0","0","1","1","0","0"
"POINT (11.565408907000062 48.138277071000061)","Unfall 175009 (2017) Kat:3, Licht: 0","175009","3","5","0","06","08","5","0","0","1","1","0","0"
"POINT (11.555383973000062 48.174569027000075)","Unfall 175010 (2017) Kat:3, Licht: 0","175010","3","7","0","06","18","5","0","0","1","0","0","0"
"POINT (11.554971817000023 48.213426876000028)","Unfall 175011 (2017) Kat:2, Licht: 0","175011","2","6","5","06","07","5","0","0","0","1","0","1"
"POINT (11.553777119000074 48.121215966000079)","Unfall 175012 (2017) Kat:3, Licht: 0","175012","3","7","0","06","08","5","0","0","0","0","0","0"
"POINT (11.517863906000059 48.139067127000033)","Unfall 175013 (2017) Kat:3, Licht: 0","175013","3","1","0","06","18","5","1","0","0","0","0","1"
"POINT (11.653082614000027 48.109087648000070)","Unfall 175014 (2017) Kat:3, Licht: 0","175014","3","2","5","06","19","5","0","0","1","1","0","0"
"POINT (11.561244840000029 48.154454333000047)","Unfall 175015 (2017) Kat:2, Licht: 2","175015","2","3","5","06","21","5","0","2","1","1","0","0"
"POINT (11.585000542000046 48.191871257000059)","Unfall 175016 (2017) Kat:3, Licht: 0","175016","3","6","4","06","15","5","0","0","1","0","0","0"
"POINT (11.567532248000077 48.177367023000045)","Unfall 175017 (2017) Kat:3, Licht: 0","175017","3","6","3","06","16","5","0","0","0","1","0","1"
"POINT (11.564863881000065 48.167693884000073)","Unfall 175018 (2017) Kat:3, Licht: 0","175018","3","6","1","06","08","5","0","0","0","1","0","0"
"POINT (11.531392001000029 48.146972346000041)","Unfall 175019 (2017) Kat:3, Licht: 0","175019","3","2","5","06","08","5","0","0","0","1","0","0"
"POINT (11.512189171000045 48.089416237000080)","Unfall 175020 (2017) Kat:3, Licht: 0","175020","3","3","0","06","18","5","0","0","1","1","0","0"
"POINT (11.652524545000063 48.097802323000053)","Unfall 175021 (2017) Kat:3, Licht: 0","175021","3","3","5","06","15","5","0","0","1","1","0","0"
"POINT (11.592727084000046 48.114905188000080)","Unfall 175022 (2017) Kat:3, Licht: 0","175022","3","2","5","06","20","5","0","0","1","1","0","0"
"POINT (11.555890655000042 48.137188096000045)","Unfall 175023 (2017) Kat:3, Licht: 0","175023","3","5","1","06","15","5","0","0","1","1","0","0"
"POINT (11.558205329000032 48.126347911000039)","Unfall 175024 (2017) Kat:3, Licht: 0","175024","3","3","5","06","16","5","0","0","0","1","0","0"
"POINT (11.564180211000064 48.163458328000047)","Unfall 175025 (2017) Kat:3, Licht: 0","175025","3","2","3","06","11","5","0","0","0","1","0","0"
"POINT (11.578056674000038 48.149687030000052)","Unfall 175026 (2017) Kat:3, Licht: 0","175026","3","7","0","06","12","5","0","0","1","0","0","0"
"POINT (11.569658084000025 48.144887145000041)","Unfall 175027 (2017) Kat:3, Licht: 0","175027","3","6","3","06","09","5","0","0","0","1","0","1"
"POINT (11.481838508000067 48.089664658000061)","Unfall 175105 (2017) Kat:3, Licht: 0","175105","3","4","6","05","18","4","0","0","0","1","1","0"
"POINT (11.567913653000062 48.140399455000079)","Unfall 175106 (2017) Kat:3, Licht: 0","175106","3","2","5","05","19","4","0","0","1","1","0","0"
"POINT (11.549196966000068 48.137562301000060)","Unfall 175107 (2017) Kat:3, Licht: 0","175107","3","7","0","05","11","4","0","0","1","0","0","0"
"POINT (11.562151303000064 48.213473494000027)","Unfall 175108 (2017) Kat:3, Licht: 2","175108","3","1","0","05","23","4","0","2","0","1","0","1"
"POINT (11.576192627000069 48.127860103000046)","Unfall 175109 (2017) Kat:3, Licht: 0","175109","3","7","0","05","05","4","1","0","0","0","0","1"
"POINT (11.590311352000072 48.192040052000038)","Unfall 175111 (2017) Kat:3, Licht: 0","175111","3","7","0","05","14","4","0","0","0","1","0","0"
"POINT (11.528230859000075 48.165331676000051)","Unfall 175112 (2017) Kat:3, Licht: 0","175112","3","4","6","05","19","4","0","0","0","1","1","0"
"POINT (11.489583053000047 48.120601611000041)","Unfall 175113 (2017) Kat:3, Licht: 0","175113","3","7","0","05","15","4","0","0","1","1","0","0"
"POINT (11.507925605000025 48.098369119000040)","Unfall 175114 (2017) Kat:2, Licht: 1","175114","2","1","0","05","21","4","0","1","1","0","0","0"
"POINT (11.501600615000029 48.079465633000041)","Unfall 175115 (2017) Kat:3, Licht: 0","175115","3","5","0","05","18","4","0","0","1","1","0","0"
"POINT (11.633629250000070 48.093881508000038)","Unfall 175116 (2017) Kat:3, Licht: 0","175116","3","7","5","05","18","4","0","0","1","1","0","0"
"POINT (11.597458076000066 48.102940723000074)","Unfall 175117 (2017) Kat:3, Licht: 2","175117","3","2","5","05","22","4","0","2","1","1","0","0"
"POINT (11.629895398000031 48.153505603000042)","Unfall 175118 (2017) Kat:3, Licht: 0","175118","3","6","3","05","17","4","0","0","0","1","0","0"
"POINT (11.599371806000022 48.139316547000078)","Unfall 175119 (2017) Kat:3, Licht: 0","175119","3","2","3","05","12","4","0","0","0","1","0","1"
"POINT (11.600072852000039 48.125710074000040)","Unfall 175120 (2017) Kat:3, Licht: 0","175120","3","2","5","05","08","4","0","0","1","1","0","0"
"POINT (11.587577729000031 48.131281549000050)","Unfall 175121 (2017) Kat:2, Licht: 0","175121","2","1","0","05","07","4","1","0","1","0","0","0"
"POINT (11.584492773000022 48.157231859000035)","Unfall 175122 (2017) Kat:3, Licht: 0","175122","3","2","5","05","12","4","0","0","1","1","0","0"
"POINT (11.585780244000034 48.171138851000080)","Unfall 175123 (2017) Kat:3, Licht: 2","175123","3","1","0","05","23","4","0","2","1","0","0","0"
"POINT (11.563089830000024 48.159795384000063)","Unfall 175124 (2017) Kat:3, Licht: 0","175124","3","2","5","05","12","4","0","0","0","1","0","1"
"POINT (11.590492449000067 48.142662849000033)","Unfall 175125 (2017) Kat:3, Licht: 0","175125","3","6","2","05","16","4","0","0","0","1","0","0"
"POINT (11.571711757000060 48.131228020000037)","Unfall 175126 (2017) Kat:3, Licht: 0","175126","3","1","0","05","15","4","0","0","1","0","0","0"
"POINT (11.668277122000063 48.115744168000049)","Unfall 175159 (2017) Kat:3, Licht: 0","175159","3","3","5","06","15","4","0","0","1","1","0","0"
"POINT (11.516549980000036 48.167696919000036)","Unfall 175160 (2017) Kat:2, Licht: 0","175160","2","2","5","06","08","4","0","0","0","1","0","1"
"POINT (11.565189157000077 48.212170844000070)","Unfall 175161 (2017) Kat:3, Licht: 0","175161","3","3","5","06","20","4","0","0","1","0","1","0"
"POINT (11.575688878000051 48.192349800000045)","Unfall 175162 (2017) Kat:3, Licht: 0","175162","3","6","2","06","17","4","0","0","0","1","0","1"
"POINT (11.585467630000039 48.159404906000077)","Unfall 175163 (2017) Kat:3, Licht: 0","175163","3","6","0","06","14","4","0","0","1","0","0","0"
"POINT (11.559179436000022 48.147498156000040)","Unfall 175164 (2017) Kat:3, Licht: 0","175164","3","6","4","06","09","4","0","0","1","0","0","0"
"POINT (11.526081758000032 48.112794272000031)","Unfall 175165 (2017) Kat:2, Licht: 0","175165","2","2","3","06","20","4","0","0","1","0","0","0"
"POINT (11.502952896000068 48.167370911000035)","Unfall 175166 (2017) Kat:3, Licht: 0","175166","3","5","5","06","08","4","0","0","1","1","0","0"
"POINT (11.554371382000056 48.148295045000054)","Unfall 175167 (2017) Kat:3, Licht: 0","175167","3","6","2","06","16","4","0","0","1","0","0","0"
"POINT (11.519593921000023 48.146571013000028)","Unfall 175168 (2017) Kat:3, Licht: 0","175168","3","7","6","06","08","4","0","0","1","0","1","0"
"POINT (11.671346677000031 48.121461997000040)","Unfall 175169 (2017) Kat:3, Licht: 0","175169","3","6","3","06","11","4","0","0","0","1","0","1"
"POINT (11.645972997000058 48.100935440000057)","Unfall 175170 (2017) Kat:3, Licht: 0","175170","3","7","5","06","11","4","0","0","1","0","0","0"
"POINT (11.641142651000052 48.116676087000030)","Unfall 175171 (2017) Kat:3, Licht: 2","175171","3","3","5","06","22","4","0","2","1","1","0","0"
"POINT (11.628002390000063 48.091773902000057)","Unfall 175172 (2017) Kat:3, Licht: 0","175172","3","1","0","06","06","4","0","0","1","0","0","0"
"POINT (11.586589196000034 48.117937901000062)","Unfall 175173 (2017) Kat:2, Licht: 0","175173","2","6","2","06","11","4","0","0","0","0","0","1"
"POINT (11.645270978000042 48.162718321000057)","Unfall 175174 (2017) Kat:3, Licht: 0","175174","3","2","4","06","18","4","0","0","1","1","0","0"
"POINT (11.568814251000049 48.161215958000071)","Unfall 175175 (2017) Kat:3, Licht: 0","175175","3","6","2","06","10","4","0","0","0","1","0","0"
"POINT (11.540975177000064 48.138221835000081)","Unfall 175224 (2017) Kat:3, Licht: 0","175224","3","5","1","06","07","3","0","0","1","1","0","0"
"POINT (11.549223112000050 48.137561533000053)","Unfall 175225 (2017) Kat:3, Licht: 0","175225","3","6","3","06","10","3","1","0","0","1","0","1"
"POINT (11.576883820000035 48.116224257000056)","Unfall 175226 (2017) Kat:3, Licht: 0","175226","3","7","3","06","16","3","1","0","0","1","0","1"
"POINT (11.519905282000025 48.132307586000081)","Unfall 175227 (2017) Kat:3, Licht: 0","175227","3","7","5","06","08","3","0","0","0","1","0","0"
"POINT (11.671116939000058 48.121709179000050)","Unfall 175228 (2017) Kat:2, Licht: 0","175228","2","2","3","06","09","3","1","0","1","0","0","0"
"POINT (11.609359172000040 48.118247062000080)","Unfall 175229 (2017) Kat:3, Licht: 0","175229","3","6","2","06","15","3","1","0","0","1","0","0"
"POINT (11.456466113000033 48.146445572000061)","Unfall 175230 (2017) Kat:3, Licht: 0","175230","3","6","2","06","11","3","1","0","0","1","0","0"
"POINT (11.468340373000046 48.177541111000039)","Unfall 175231 (2017) Kat:3, Licht: 0","175231","3","6","2","06","14","3","1","0","0","1","0","0"
"POINT (11.686809852000067 48.141210593000039)","Unfall 175233 (2017) Kat:3, Licht: 0","175233","3","3","5","06","09","3","1","0","0","1","0","0"
"POINT (11.655710645000056 48.127383331000033)","Unfall 175234 (2017) Kat:3, Licht: 0","175234","3","1","0","06","14","3","1","0","1","0","0","0"
"POINT (11.628035613000065 48.145902210000031)","Unfall 175235 (2017) Kat:3, Licht: 0","175235","3","2","4","06","09","3","1","0","0","1","0","1"
"POINT (11.565397665000035 48.133380110000076)","Unfall 175236 (2017) Kat:3, Licht: 0","175236","3","1","0","06","09","3","1","0","1","0","0","0"
"POINT (11.597830654000063 48.135282427000050)","Unfall 175279 (2017) Kat:3, Licht: 2","175279","3","6","0","06","21","2","1","2","1","0","0","0"
"POINT (11.490500633000067 48.194588082000053)","Unfall 175280 (2017) Kat:3, Licht: 0","175280","3","1","0","06","13","2","0","0","1","0","0","0"
"POINT (11.502402647000054 48.112011061000032)","Unfall 175281 (2017) Kat:3, Licht: 0","175281","3","2","5","06","15","2","0","0","1","1","0","0"
"POINT (11.568564944000059 48.167616986000041)","Unfall 175282 (2017) Kat:2, Licht: 0","175282","2","3","6","06","17","2","1","0","0","1","1","0"
"POINT (11.549071487000049 48.173090239000032)","Unfall 175284 (2017) Kat:2, Licht: 0","175284","2","6","3","06","14","2","0","0","1","0","0","0"
"POINT (11.511747806000074 48.157263734000026)","Unfall 175285 (2017) Kat:2, Licht: 0","175285","2","2","5","06","20","2","1","0","1","1","0","0"
"POINT (11.664040274000058 48.125122249000071)","Unfall 175287 (2017) Kat:3, Licht: 0","175287","3","6","2","06","15","2","0","0","0","1","0","0"
"POINT (11.571800478000057 48.120928852000077)","Unfall 175288 (2017) Kat:3, Licht: 0","175288","3","6","2","06","18","2","1","0","0","1","0","1"
"POINT (11.625108308000051 48.121547652000061)","Unfall 175318 (2017) Kat:2, Licht: 0","175318","2","3","5","06","14","1","0","0","1","1","0","0"
"POINT (11.556989920000035 48.143694847000063)","Unfall 175319 (2017) Kat:3, Licht: 2","175319","3","7","3","06","23","1","0","2","1","1","0","0"
"POINT (11.457799925000074 48.139510496000071)","Unfall 175321 (2017) Kat:3, Licht: 0","175321","3","3","5","06","16","1","0","0","1","1","0","0"
"POINT (11.539651190000029 48.162407384000062)","Unfall 175322 (2017) Kat:3, Licht: 2","175322","3","4","6","06","00","1","1","2","1","0","1","0"
"POINT (11.601056925000023 48.148765982000043)","Unfall 175325 (2017) Kat:3, Licht: 2","175325","3","4","6","06","21","1","0","2","0","1","1","0"
"POINT (11.602556764000042 48.127364585000066)","Unfall 175326 (2017) Kat:3, Licht: 2","175326","3","1","0","06","01","1","0","2","1","0","0","0"
"POINT (11.572629490000054 48.130534496000053)","Unfall 175327 (2017) Kat:3, Licht: 0","175327","3","5","3","06","20","1","0","0","1","1","0","0"
"POINT (11.593912070000044 48.128615847000049)","Unfall 175353 (2017) Kat:3, Licht: 0","175353","3","7","0","06","18","7","0","0","0","1","0","1"
"POINT (11.543911061000074 48.122120756000072)","Unfall 175354 (2017) Kat:3, Licht: 0","175354","3","2","5","06","12","7","0","0","1","1","0","0"
"POINT (11.543405928000027 48.209146362000070)","Unfall 175355 (2017) Kat:3, Licht: 0","175355","3","5","3","06","16","7","0","0","1","1","0","0"
"POINT (11.591839496000034 48.156060889000059)","Unfall 175356 (2017) Kat:3, Licht: 0","175356","3","7","0","06","16","7","0","0","1","0","0","0"
"POINT (11.520081118000064 48.077559052000026)","Unfall 175357 (2017) Kat:2, Licht: 0","175357","2","5","0","06","11","7","0","0","1","1","0","0"
"POINT (11.570981954000047 48.142223747000060)","Unfall 175359 (2017) Kat:3, Licht: 2","175359","3","1","0","06","21","7","0","2","0","0","0","1"