WKT,Name,OBJECTID,UKATEGORIE,UTYP1,UART,UMONAT,USTUNDE,UWOCHENTAG,STRZUSTAND,ULICHTVERH,ISTRAD,ISTPKW,ISTFUSS,ISTKRAD
"POINT (11.461566965000031 48.148530387000051)","Unfall 175360 (2017) Kat:3, Licht: 0","175360","3","7","0","06","17","7","0","0","1","0","0","0"
"POINT (11.562302539000029 48.186738572000081)","Unfall 175361 (2017) Kat:3, Licht: 0","175361","3","2","0","06","13","7","0","0","1","1","0","0"
"POINT (11.553731077000066 48.186241484000050)","Unfall 175362 (2017) Kat:3, Licht: 0","175362","3","2","3","06","11","7","0","0","1","1","0","0"
"POINT (11.547571220000066 48.149654912000074)","Unfall 175363 (2017) Kat:3, Licht: 0","175363","3","6","2","06","10","7","0","0","1","0","0","0"
"POINT (11.503071434000049 48.136638142000038)","Unfall 175364 (2017) Kat:3, Licht: 0","175364","3","1","0","06","14","7","0","0","0","0","0","1"
"POINT (11.659465862000047 48.098412890000077)","Unfall 175367 (2017) Kat:3, Licht: 0","175367","3","7","1","06","08","7","0","0","0","1","0","1"
"POINT (11.659803552000028 48.166789385000072)","Unfall 175368 (2017) Kat:3, Licht: 0","175368","3","7","1","06","18","7","0","0","1","1","0","0"
"POINT (11.562155494000024 48.121060362000037)","Unfall 175369 (2017) Kat:3, Licht: 0","175369","3","1","0","06","18","7","0","0","0","0","0","1"
"POINT (11.571343661000071 48.128797988000031)","Unfall 175370 (2017) Kat:3, Licht: 1","175370","3","7","5","06","20","7","0","1","1","1","0","0"
"POINT (11.593362695000053 48.169333501000040)","Unfall 175371 (2017) Kat:3, Licht: 0","175371","3","6","2","06","13","7","0","0","0","1","0","0"
"POINT (11.564946829000064 48.138709151000057)","Unfall 175372 (2017) Kat:2, Licht: 0","175372","2","6","3","06","18","7","0","0","1","0","0","0"
"POINT (11.581740662000072 48.137182410000037)","Unfall 175373 (2017) Kat:3, Licht: 0","175373","3","5","3","06","12","7","0","0","1","1","0","0"
"POINT (11.567412076000039 48.131219288000068)","Unfall 175428 (2017) Kat:3, Licht: 0","175428","3","7","3","06","19","1","0","0","1","0","0","1"
"POINT (11.552415904000043 48.139076253000042)","Unfall 175429 (2017) Kat:3, Licht: 0","175429","3","2","3","06","13","1","0","0","1","1","0","0"
"POINT (11.569077415000038 48.141527007000036)","Unfall 175430 (2017) Kat:2, Licht: 2","175430","2","1","6","06","04","1","0","2","1","0","1","0"
"POINT (11.533205286000054 48.199692586000026)","Unfall 175431 (2017) Kat:3, Licht: 0","175431","3","5","1","06","11","1","0","0","1","1","0","0"
"POINT (11.571042240000054 48.132008960000064)","Unfall 175432 (2017) Kat:3, Licht: 0","175432","3","1","0","06","12","1","0","0","1","0","0","0"
"POINT (11.524375057000043 48.102252443000054)","Unfall 175485 (2017) Kat:3, Licht: 0","175485","3","2","5","06","18","7","0","0","1","1","0","0"
"POINT (11.618611891000057 48.138090864000048)","Unfall 175486 (2017) Kat:2, Licht: 0","175486","2","2","8","06","09","7","0","0","1","1","0","0"
"POINT (11.535865298000033 48.100207273000080)","Unfall 175487 (2017) Kat:3, Licht: 0","175487","3","1","0","06","20","7","0","0","1","0","0","0"
"POINT (11.512577653000051 48.180495042000075)","Unfall 175488 (2017) Kat:2, Licht: 0","175488","2","7","0","06","18","7","0","0","1","0","0","0"
"POINT (11.545563469000058 48.079778462000036)","Unfall 175489 (2017) Kat:3, Licht: 0","175489","3","7","0","06","15","7","0","0","1","0","0","1"
"POINT (11.465556731000049 48.192348368000069)","Unfall 175490 (2017) Kat:3, Licht: 0","175490","3","5","1","06","18","7","0","0","0","1","0","0"
"POINT (11.545860854000068 48.149991220000061)","Unfall 175491 (2017) Kat:3, Licht: 0","175491","3","7","0","06","17","7","0","0","0","1","0","1"
"POINT (11.593407940000077 48.171948312000040)","Unfall 175493 (2017) Kat:3, Licht: 0","175493","3","2","4","06","17","7","0","0","1","0","0","0"
"POINT (11.564743631000056 48.137516727000047)","Unfall 175494 (2017) Kat:3, Licht: 2","175494","3","4","6","06","03","7","1","2","0","1","1","0"
"POINT (11.562427735000028 48.131255467000074)","Unfall 175550 (2017) Kat:3, Licht: 0","175550","3","3","5","06","10","6","0","0","1","1","0","0"
"POINT (11.473367193000058 48.189441476000070)","Unfall 175551 (2017) Kat:3, Licht: 2","175551","3","3","5","06","21","6","1","2","0","1","0","0"
"POINT (11.472295685000063 48.130129390000036)","Unfall 175553 (2017) Kat:3, Licht: 0","175553","3","7","0","06","14","6","0","0","1","0","0","0"
"POINT (11.682629383000062 48.142112326000074)","Unfall 175554 (2017) Kat:3, Licht: 2","175554","3","7","1","06","02","6","0","2","0","1","0","0"
"POINT (11.500657693000051 48.141783816000043)","Unfall 175555 (2017) Kat:3, Licht: 0","175555","3","7","0","06","16","6","0","0","1","1","0","0"
"POINT (11.595125221000046 48.095780001000037)","Unfall 175556 (2017) Kat:2, Licht: 0","175556","2","3","5","06","06","6","0","0","1","1","0","0"
"POINT (11.434320243000059 48.148643181000068)","Unfall 175557 (2017) Kat:3, Licht: 0","175557","3","7","6","06","15","6","0","0","1","0","1","0"
"POINT (11.415926946000070 48.156721815000026)","Unfall 175558 (2017) Kat:3, Licht: 0","175558","3","3","1","06","14","6","0","0","0","1","0","0"
"POINT (11.486765606000063 48.172432271000048)","Unfall 175559 (2017) Kat:3, Licht: 0","175559","3","3","5","06","15","6","0","0","1","0","0","1"
"POINT (11.634528211000031 48.127124434000052)","Unfall 175560 (2017) Kat:3, Licht: 0","175560","3","1","0","06","11","6","0","0","0","0","0","1"
"POINT (11.599969217000023 48.140734790000067)","Unfall 175561 (2017) Kat:3, Licht: 0","175561","3","2","3","06","10","6","0","0","1","0","0","0"
"POINT (11.600053519000028 48.125696855000058)","Unfall 175562 (2017) Kat:3, Licht: 0","175562","3","6","3","06","08","6","0","0","0","0","0","1"
"POINT (11.543910976000063 48.122121710000044)","Unfall 175563 (2017) Kat:3, Licht: 0","175563","3","2","5","06","17","6","0","0","1","1","0","0"
"POINT (11.595550027000058 48.145474791000026)","Unfall 175613 (2017) Kat:3, Licht: 2","175613","3","4","6","06","22","5","0","2","1","0","1","0"
"POINT (11.584526691000065 48.157225452000034)","Unfall 175614 (2017) Kat:3, Licht: 0","175614","3","6","4","06","20","5","0","0","0","1","0","0"
"POINT (11.572392280000031 48.139340863000029)","Unfall 175616 (2017) Kat:3, Licht: 0","175616","3","7","6","06","09","5","0","0","0","1","1","0"
"POINT (11.643745536000040 48.123962458000051)","Unfall 175617 (2017) Kat:2, Licht: 2","175617","2","2","4","06","22","5","0","2","0","1","0","1"
"POINT (11.623211025000046 48.130483258000027)","Unfall 175618 (2017) Kat:3, Licht: 0","175618","3","7","6","06","13","5","0","0","0","0","1","0"
"POINT (11.578998981000041 48.187661347000073)","Unfall 175620 (2017) Kat:3, Licht: 0","175620","3","6","1","06","17","5","0","0","0","1","0","0"
"POINT (11.421307880000029 48.174511759000040)","Unfall 175621 (2017) Kat:3, Licht: 0","175621","3","2","0","06","18","5","1","0","0","0","0","1"
"POINT (11.565893532000075 48.188084421000042)","Unfall 175622 (2017) Kat:3, Licht: 0","175622","3","6","2","06","16","5","0","0","0","1","0","0"
"POINT (11.552376567000067 48.185981840000068)","Unfall 175623 (2017) Kat:3, Licht: 0","175623","3","6","1","06","17","5","0","0","0","1","0","0"
"POINT (11.527894114000048 48.145757286000048)","Unfall 175624 (2017) Kat:3, Licht: 0","175624","3","6","1","06","09","5","0","0","1","1","0","0"
"POINT (11.498357475000034 48.131643571000041)","Unfall 175625 (2017) Kat:3, Licht: 0","175625","3","2","4","06","09","5","0","0","1","1","0","0"
"POINT (11.688641296000071 48.135531605000040)","Unfall 175626 (2017) Kat:2, Licht: 0","175626","2","6","2","06","13","5","0","0","0","1","0","0"
"POINT (11.600133745000051 48.125842693000038)","Unfall 175627 (2017) Kat:3, Licht: 2","175627","3","3","5","06","00","5","0","2","1","1","0","0"
"POINT (11.614839127000039 48.139286381000034)","Unfall 175628 (2017) Kat:3, Licht: 0","175628","3","3","5","06","11","5","0","0","0","1","0","1"
"POINT (11.613020753000058 48.120774168000025)","Unfall 175629 (2017) Kat:3, Licht: 0","175629","3","2","4","06","08","5","0","0","0","1","0","0"
"POINT (11.592478325000059 48.114895449000073)","Unfall 175630 (2017) Kat:3, Licht: 0","175630","3","2","3","06","07","5","0","0","1","1","0","0"
"POINT (11.587762725000061 48.131479788000036)","Unfall 175631 (2017) Kat:3, Licht: 0","175631","3","3","5","06","18","5","0","0","0","1","0","1"
"POINT (11.548605729000030 48.111946004000060)","Unfall 175632 (2017) Kat:3, Licht: 0","175632","3","7","0","06","18","5","0","0","1","0","0","0"
"POINT (11.583435235000024 48.142177707000030)","Unfall 175633 (2017) Kat:3, Licht: 0","175633","3","6","2","06","18","5","0","0","0","1","0","0"
"POINT (11.511349906000021 48.152923662000035)","Unfall 175665 (2017) Kat:3, Licht: 0","175665","3","2","4","06","17","5","0","0","1","1","0","0"
"POINT (11.659044810000069 48.131535681000059)","Unfall 175666 (2017) Kat:2, Licht: 2","175666","2","4","6","06","00","5","0","2","0","1","1","0"
"POINT (11.582460603000072 48.152519968000036)","Unfall 175667 (2017) Kat:3, Licht: 0","175667","3","1","0","06","06","5","0","0","1","0","0","0"
"POINT (11.576322698000070 48.145859975000064)","Unfall 175668 (2017) Kat:3, Licht: 0","175668","3","6","3","06","20","5","0","0","1","1","0","0"
"POINT (11.520270647000075 48.150927682000031)","Unfall 175669 (2017) Kat:3, Licht: 0","175669","3","6","4","06","18","5","0","0","1","0","0","0"
"POINT (11.589017941000066 48.100734721000038)","Unfall 175670 (2017) Kat:3, Licht: 0","175670","3","6","3","06","13","5","0","0","1","0","0","0"
"POINT (11.629862254000045 48.165700935000075)","Unfall 175671 (2017) Kat:3, Licht: 1","175671","3","3","5","06","19","5","0","1","1","0","0","0"
"POINT (11.555898685000045 48.137420982000037)","Unfall 175672 (2017) Kat:3, Licht: 0","175672","3","3","1","06","19","5","0","0","0","1","0","0"
"POINT (11.558637403000034 48.137385586000050)","Unfall 175673 (2017) Kat:3, Licht: 0","175673","3","2","1","06","10","5","0","0","1","1","0","0"
"POINT (11.582118332000050 48.138715831000070)","Unfall 175674 (2017) Kat:3, Licht: 0","175674","3","1","0","06","20","5","0","0","1","0","0","0"
"POINT (11.586474208000027 48.130406238000035)","Unfall 175738 (2017) Kat:3, Licht: 0","175738","3","6","1","06","20","4","0","0","0","0","0","1"
"POINT (11.494049408000024 48.193511292000039)","Unfall 175739 (2017) Kat:3, Licht: 0","175739","3","7","0","06","17","4","0","0","1","0","0","0"
"POINT (11.566222588000073 48.139848941000025)","Unfall 175741 (2017) Kat:3, Licht: 0","175741","3","6","3","06","15","4","0","0","0","1","0","1"
"POINT (11.557479913000066 48.144502833000047)","Unfall 175742 (2017) Kat:3, Licht: 2","175742","3","7","0","06","01","4","0","2","1","1","0","0"
"POINT (11.674385554000025 48.125746645000049)","Unfall 175743 (2017) Kat:3, Licht: 0","175743","3","7","5","06","08","4","0","0","1","1","0","0"
"POINT (11.587737964000041 48.201175768000041)","Unfall 175744 (2017) Kat:3, Licht: 2","175744","3","1","0","06","00","4","0","2","0","0","0","1"
"POINT (11.503290276000030 48.188565499000049)","Unfall 175745 (2017) Kat:3, Licht: 0","175745","3","3","5","06","12","4","0","0","1","1","0","0"
"POINT (11.540157351000062 48.164077122000037)","Unfall 175746 (2017) Kat:3, Licht: 0","175746","3","6","4","06","17","4","0","0","1","1","0","0"
"POINT (11.502367850000041 48.120171025000047)","Unfall 175747 (2017) Kat:3, Licht: 0","175747","3","2","3","06","17","4","0","0","1","1","0","0"
"POINT (11.688959869000030 48.138803741000061)","Unfall 175748 (2017) Kat:3, Licht: 0","175748","3","2","3","06","14","4","0","0","0","0","0","0"
"POINT (11.585675129000037 48.099563786000033)","Unfall 175749 (2017) Kat:3, Licht: 0","175749","3","2","5","06","16","4","0","0","1","1","0","0"
"POINT (11.548635274000048 48.123446975000036)","Unfall 175750 (2017) Kat:3, Licht: 0","175750","3","7","0","06","14","4","0","0","1","0","0","0"
"POINT (11.578464628000063 48.139423995000072)","Unfall 175751 (2017) Kat:3, Licht: 2","175751","3","3","5","06","22","4","0","2","0","1","0","0"
"POINT (11.587983758000064 48.137377826000034)","Unfall 175813 (2017) Kat:3, Licht: 0","175813","3","2","3","06","18","3","0","0","1","1","0","0"
"POINT (11.544017505000056 48.157523178000076)","Unfall 175815 (2017) Kat:3, Licht: 2","175815","3","3","5","06","22","3","0","2","0","1","0","0"
"POINT (11.573455860000024 48.171374108000066)","Unfall 175816 (2017) Kat:3, Licht: 1","175816","3","6","4","06","21","3","0","1","1","0","0","0"
"POINT (11.526156532000073 48.183593255000062)","Unfall 175818 (2017) Kat:3, Licht: 0","175818","3","7","1","06","15","3","0","0","0","1","1","1"
"POINT (11.563102439000033 48.207237485000064)","Unfall 175819 (2017) Kat:2, Licht: 0","175819","2","3","5","06","14","3","0","0","0","1","0","1"
"POINT (11.583582533000026 48.107806218000064)","Unfall 175820 (2017) Kat:2, Licht: 0","175820","2","3","5","06","15","3","0","0","1","0","0","0"
"POINT (11.565453561000027 48.133154412000067)","Unfall 175821 (2017) Kat:3, Licht: 0","175821","3","6","3","06","17","3","0","0","1","0","0","0"
"POINT (11.468545588000040 48.145617729000037)","Unfall 175822 (2017) Kat:3, Licht: 0","175822","3","3","5","06","11","3","0","0","1","1","0","0"
"POINT (11.540375878000077 48.151081012000077)","Unfall 175823 (2017) Kat:3, Licht: 0","175823","3","2","5","06","09","3","0","0","1","1","0","0"
"POINT (11.711445429000037 48.135069938000072)","Unfall 175824 (2017) Kat:3, Licht: 0","175824","3","1","0","06","17","3","0","0","0","0","0","1"
"POINT (11.622160297000050 48.120356842000035)","Unfall 175825 (2017) Kat:3, Licht: 0","175825","3","2","5","06","06","3","0","0","1","1","0","0"
"POINT (11.607669853000061 48.130697813000040)","Unfall 175826 (2017) Kat:3, Licht: 0","175826","3","3","5","06","18","3","0","0","1","1","0","0"
"POINT (11.573451386000045 48.142513195000049)","Unfall 175879 (2017) Kat:3, Licht: 0","175879","3","2","4","06","08","2","0","0","1","1","0","0"
"POINT (11.561280181000029 48.124451034000060)","Unfall 175880 (2017) Kat:3, Licht: 0","175880","3","3","5","06","13","2","0","0","1","1","0","0"
"POINT (11.596775796000031 48.123798283000042)","Unfall 175881 (2017) Kat:3, Licht: 0","175881","3","5","1","06","09","2","0","0","1","1","0","0"
"POINT (11.585803977000069 48.171952465000061)","Unfall 175882 (2017) Kat:3, Licht: 0","175882","3","1","0","06","19","2","0","0","1","0","1","0"
"POINT (11.572763463000058 48.146271795000075)","Unfall 175883 (2017) Kat:3, Licht: 0","175883","3","7","0","06","15","2","1","0","0","1","0","1"
"POINT (11.529937996000058 48.182064848000039)","Unfall 175884 (2017) Kat:2, Licht: 0","175884","2","4","6","06","15","2","0","0","0","1","1","0"
"POINT (11.533764184000063 48.153102869000065)","Unfall 175885 (2017) Kat:2, Licht: 0","175885","2","7","0","06","08","2","0","0","1","0","0","0"
"POINT (11.658621581000034 48.100813385000038)","Unfall 175886 (2017) Kat:3, Licht: 0","175886","3","3","3","06","18","2","0","0","1","1","0","0"
"POINT (11.624252520000027 48.190657272000067)","Unfall 175888 (2017) Kat:3, Licht: 0","175888","3","7","0","06","07","2","0","0","1","0","0","0"
"POINT (11.503837000000033 48.082069596000053)","Unfall 175889 (2017) Kat:3, Licht: 0","175889","3","2","6","06","15","2","0","0","0","1","1","0"
"POINT (11.577774197000053 48.157719959000076)","Unfall 175890 (2017) Kat:3, Licht: 0","175890","3","2","5","06","09","2","0","0","1","1","0","0"
"POINT (11.579411072000028 48.166512117000082)","Unfall 176001 (2017) Kat:3, Licht: 0","176001","3","1","0","06","18","1","0","0","1","0","0","0"
"POINT (11.578871004000064 48.145280247000073)","Unfall 176002 (2017) Kat:3, Licht: 0","176002","3","6","2","06","15","1","0","0","0","1","0","0"
"POINT (11.617186430000061 48.137255560000028)","Unfall 176003 (2017) Kat:3, Licht: 0","176003","3","3","5","06","15","1","0","0","1","1","0","0"
"POINT (11.613019269000063 48.120766523000043)","Unfall 176004 (2017) Kat:3, Licht: 0","176004","3","3","5","06","12","1","0","0","1","1","0","0"
"POINT (11.531371366000030 48.126734242000055)","Unfall 176005 (2017) Kat:2, Licht: 1","176005","2","1","9","06","20","1","0","1","0","0","0","1"
"POINT (11.491194291000056 48.144391373000076)","Unfall 176006 (2017) Kat:2, Licht: 0","176006","2","5","5","06","13","1","0","0","0","1","0","1"
"POINT (11.521917438000060 48.176092152000081)","Unfall 176007 (2017) Kat:3, Licht: 0","176007","3","2","5","06","16","1","0","0","1","1","0","0"
"POINT (11.571047842000041 48.125074297000026)","Unfall 176009 (2017) Kat:3, Licht: 0","176009","3","3","5","06","16","1","0","0","1","0","0","0"
"POINT (11.598906874000022 48.140953441000079)","Unfall 176010 (2017) Kat:3, Licht: 2","176010","3","7","0","06","23","1","0","2","1","0","0","0"
"POINT (11.572786510000071 48.121807536000063)","Unfall 176011 (2017) Kat:3, Licht: 0","176011","3","7","7","06","10","1","0","0","1","0","1","0"
"POINT (11.479071288000057 48.123215013000049)","Unfall 176050 (2017) Kat:3, Licht: 0","176050","3","3","5","06","07","7","0","0","1","1","0","0"
"POINT (11.465228383000067 48.141943174000062)","Unfall 176051 (2017) Kat:3, Licht: 0","176051","3","5","2","06","19","7","0","0","1","1","0","0"
"POINT (11.523990688000026 48.197665291000078)","Unfall 176052 (2017) Kat:3, Licht: 0","176052","3","1","0","06","20","7","0","0","1","1","0","0"
"POINT (11.521118374000025 48.185716610000043)","Unfall 176053 (2017) Kat:3, Licht: 0","176053","3","5","1","06","15","7","0","0","1","1","0","0"
"POINT (11.594060184000057 48.101921075000064)","Unfall 176054 (2017) Kat:3, Licht: 0","176054","3","2","3","06","15","7","0","0","1","1","0","0"
"POINT (11.635504261000051 48.094510204000073)","Unfall 176055 (2017) Kat:2, Licht: 0","176055","2","5","1","06","11","7","0","0","1","1","0","0"
"POINT (11.601533304000043 48.103703513000028)","Unfall 176056 (2017) Kat:3, Licht: 0","176056","3","3","5","06","11","7","0","0","0","1","0","0"
"POINT (11.596158896000077 48.133081138000080)","Unfall 176057 (2017) Kat:2, Licht: 0","176057","2","6","3","06","13","7","0","0","1","0","0","0"
"POINT (11.568813381000041 48.161215917000050)","Unfall 176058 (2017) Kat:3, Licht: 0","176058","3","6","2","06","12","7","0","0","0","1","0","0"
"POINT (11.524169448000066 48.133232307000071)","Unfall 176126 (2017) Kat:3, Licht: 0","176126","3","3","5","06","10","6","0","0","0","1","0","0"
"POINT (11.573697246000052 48.143277143000034)","Unfall 176127 (2017) Kat:3, Licht: 0","176127","3","6","2","06","13","6","0","0","1","1","0","0"
"POINT (11.508133999000052 48.152857000000040)","Unfall 176131 (2017) Kat:3, Licht: 0","176131","3","2","1","06","17","6","0","0","0","1","0","0"
"POINT (11.563642107000021 48.127338822000070)","Unfall 176132 (2017) Kat:3, Licht: 0","176132","3","5","2","06","19","6","0","0","0","1","0","0"
"POINT (11.616328770000052 48.148998947000052)","Unfall 176184 (2017) Kat:3, Licht: 0","176184","3","2","3","06","16","5","0","0","1","1","0","0"
"POINT (11.555911334000029 48.137725926000030)","Unfall 176185 (2017) Kat:3, Licht: 2","176185","3","6","2","06","22","5","0","2","0","0","0","1"
"POINT (11.554995286000064 48.130053454000063)","Unfall 176186 (2017) Kat:3, Licht: 0","176186","3","3","5","06","06","5","0","0","1","0","0","0"
"POINT (11.580616560000067 48.097827486000028)","Unfall 176188 (2017) Kat:3, Licht: 0","176188","3","7","0","06","19","5","0","0","1","0","0","0"
"POINT (11.597432508000054 48.102718994000043)","Unfall 176189 (2017) Kat:3, Licht: 0","176189","3","6","2","06","17","5","0","0","0","1","0","0"
"POINT (11.583093823000070 48.135851082000045)","Unfall 176192 (2017) Kat:2, Licht: 2","176192","2","1","0","06","22","5","0","2","1","0","0","0"
"POINT (11.565144004000047 48.136406505000082)","Unfall 176193 (2017) Kat:3, Licht: 0","176193","3","7","2","06","07","5","0","0","1","0","0","0"
"POINT (11.566763455000057 48.147960976000036)","Unfall 176263 (2017) Kat:3, Licht: 0","176263","3","7","0","06","12","4","0","0","0","1","0","1"
"POINT (11.556595566000055 48.186480675000041)","Unfall 176264 (2017) Kat:3, Licht: 0","176264","3","2","4","06","17","4","0","0","1","1","0","0"
"POINT (11.535917120000022 48.126059723000026)","Unfall 176266 (2017) Kat:3, Licht: 0","176266","3","2","5","06","18","4","0","0","1","0","0","0"
"POINT (11.544653194000034 48.150258630000053)","Unfall 176267 (2017) Kat:3, Licht: 0","176267","3","4","2","06","11","4","0","0","0","1","1","0"
"POINT (11.573077631000046 48.116135957000040)","Unfall 176268 (2017) Kat:3, Licht: 0","176268","3","3","6","06","13","4","0","0","0","1","1","0"
"POINT (11.580625027000053 48.180199809000044)","Unfall 176269 (2017) Kat:3, Licht: 0","176269","3","7","1","06","07","4","0","0","1","1","0","0"
"POINT (11.633181631000070 48.118200122000076)","Unfall 176270 (2017) Kat:3, Licht: 0","176270","3","7","1","06","07","4","0","0","1","0","0","0"
"POINT (11.572655066000038 48.177829808000070)","Unfall 176271 (2017) Kat:3, Licht: 0","176271","3","2","5","06","15","4","0","0","1","1","0","0"
"POINT (11.416500933000066 48.154674893000049)","Unfall 176272 (2017) Kat:3, Licht: 0","176272","3","7","0","06","18","4","0","0","1","0","0","0"
"POINT (11.529648493000025 48.176468934000070)","Unfall 176273 (2017) Kat:3, Licht: 0","176273","3","6","2","06","13","4","0","0","0","1","0","0"
"POINT (11.694116214000076 48.131512437000026)","Unfall 176275 (2017) Kat:3, Licht: 0","176275","3","3","5","06","18","4","0","0","0","1","0","1"
"POINT (11.604577058000075 48.105777278000062)","Unfall 176276 (2017) Kat:3, Licht: 0","176276","3","4","6","06","19","4","0","0","0","1","1","0"
"POINT (11.613982319000058 48.136736515000052)","Unfall 176277 (2017) Kat:3, Licht: 0","176277","3","6","2","06","17","4","0","0","0","1","0","0"
"POINT (11.571271365000030 48.164609329000029)","Unfall 176278 (2017) Kat:3, Licht: 0","176278","3","5","1","06","08","4","0","0","1","1","0","0"
"POINT (11.581011533000037 48.141081125000028)","Unfall 176279 (2017) Kat:2, Licht: 2","176279","2","1","0","06","00","4","0","2","1","0","0","0"
"POINT (11.556989920000035 48.143694847000063)","Unfall 176351 (2017) Kat:3, Licht: 0","176351","3","6","2","06","20","3","0","0","1","1","0","0"
"POINT (11.470195424000053 48.144894843000031)","Unfall 176352 (2017) Kat:3, Licht: 0","176352","3","4","6","06","17","3","0","0","0","0","1","0"
"POINT (11.496196616000077 48.130345541000054)","Unfall 176353 (2017) Kat:3, Licht: 0","176353","3","5","5","06","11","3","0","0","1","1","0","0"
"POINT (11.536472591000063 48.150185894000060)","Unfall 176354 (2017) Kat:3, Licht: 0","176354","3","2","3","06","15","3","0","0","1","1","0","0"
"POINT (11.576408653000044 48.131838480000056)","Unfall 176355 (2017) Kat:2, Licht: 0","176355","2","7","0","06","06","3","0","0","0","0","0","1"
"POINT (11.580191824000053 48.187700484000061)","Unfall 176356 (2017) Kat:3, Licht: 0","176356","3","6","3","06","13","3","0","0","1","0","0","0"
"POINT (11.460887433000039 48.151423595000040)","Unfall 176357 (2017) Kat:3, Licht: 0","176357","3","3","5","06","20","3","0","0","1","1","0","0"
"POINT (11.566853761000061 48.182712371000036)","Unfall 176358 (2017) Kat:3, Licht: 0","176358","3","2","5","06","08","3","0","0","1","0","0","1"
"POINT (11.509629959000051 48.151333631000057)","Unfall 176359 (2017) Kat:3, Licht: 0","176359","3","3","1","06","18","3","0","0","0","1","0","1"
"POINT (11.641643997000074 48.131915245000073)","Unfall 176360 (2017) Kat:3, Licht: 0","176360","3","2","3","06","07","3","0","0","1","1","0","0"
"POINT (11.594551863000049 48.111104380000029)","Unfall 176361 (2017) Kat:3, Licht: 0","176361","3","2","5","06","13","3","0","0","1","1","0","0"
"POINT (11.604586717000075 48.105751782000027)","Unfall 176362 (2017) Kat:3, Licht: 0","176362","3","4","6","06","19","3","0","0","1","0","1","0"
"POINT (11.605108886000039 48.104710665000027)","Unfall 176363 (2017) Kat:3, Licht: 0","176363","3","2","3","06","11","3","0","0","1","1","0","0"
"POINT (11.533701067000038 48.114932289000080)","Unfall 176364 (2017) Kat:3, Licht: 0","176364","3","2","5","06","17","3","0","0","1","1","0","0"
"POINT (11.566086551000069 48.134525532000055)","Unfall 176365 (2017) Kat:3, Licht: 0","176365","3","6","0","06","18","3","0","0","0","1","0","1"
"POINT (11.562891205000028 48.131902567000054)","Unfall 176442 (2017) Kat:3, Licht: 0","176442","3","1","7","06","07","2","0","0","1","0","0","0"
"POINT (11.570582096000066 48.146883791000050)","Unfall 176443 (2017) Kat:3, Licht: 2","176443","3","3","5","06","22","2","0","2","0","1","0","0"
"POINT (11.562772713000072 48.141621980000082)","Unfall 176445 (2017) Kat:3, Licht: 0","176445","3","7","3","06","17","2","0","0","0","1","0","1"
"POINT (11.653931968000052 48.118057854000028)","Unfall 176446 (2017) Kat:3, Licht: 0","176446","3","2","5","06","08","2","0","0","0","1","0","1"
"POINT (11.592469663000031 48.115176094000049)","Unfall 176448 (2017) Kat:3, Licht: 0","176448","3","2","3","06","07","2","0","0","1","1","0","0"
"POINT (11.665272179000056 48.132820182000046)","Unfall 176449 (2017) Kat:2, Licht: 0","176449","2","5","5","06","17","2","0","0","0","1","0","1"
"POINT (11.617820724000069 48.153489171000047)","Unfall 176450 (2017) Kat:3, Licht: 0","176450","3","6","5","06","07","2","0","0","1","0","0","0"
"POINT (11.558026717000075 48.126482957000064)","Unfall 176451 (2017) Kat:3, Licht: 0","176451","3","3","3","06","12","2","0","0","1","1","0","0"
"POINT (11.529734848000032 48.187226522000060)","Unfall 176452 (2017) Kat:3, Licht: 0","176452","3","3","5","06","16","2","0","0","1","1","0","0"
"POINT (11.489812719000042 48.179527832000076)","Unfall 176453 (2017) Kat:3, Licht: 0","176453","3","2","5","06","10","2","0","0","1","0","0","0"
"POINT (11.536284405000060 48.203175229000067)","Unfall 176454 (2017) Kat:3, Licht: 0","176454","3","5","0","06","15","2","0","0","0","0","0","0"
"POINT (11.592998494000028 48.142151337000030)","Unfall 176455 (2017) Kat:3, Licht: 0","176455","3","7","5","06","08","2","0","0","1","1","0","0"
"POINT (11.511385647000054 48.161134796000056)","Unfall 176456 (2017) Kat:3, Licht: 0","176456","3","4","0","06","15","2","0","0","0","0","1","0"
"POINT (11.502785401000040 48.131310692000056)","Unfall 176457 (2017) Kat:3, Licht: 0","176457","3","4","6","06","21","2","0","0","1","0","1","0"
"POINT (11.684022720000030 48.112173863000066)","Unfall 176458 (2017) Kat:2, Licht: 0","176458","2","7","7","06","14","2","0","0","1","0","0","0"
"POINT (11.596328314000061 48.124708289000068)","Unfall 176459 (2017) Kat:3, Licht: 0","176459","3","6","0","06","15","2","0","0","0","0","0","1"
"POINT (11.595234161000064 48.174156423000056)","Unfall 176460 (2017) Kat:3, Licht: 0","176460","3","3","5","06","13","2","0","0","1","1","0","0"
"POINT (11.581163972000070 48.150084332000063)","Unfall 176463 (2017) Kat:3, Licht: 0","176463","3","7","5","06","15","5","0","0","1","0","0","0"
"POINT (11.533184653000035 48.153813762000027)","Unfall 176464 (2017) Kat:2, Licht: 0","176464","2","5","0","06","17","5","0","0","1","0","0","0"
"POINT (11.642672964000042 48.095831140000030)","Unfall 176465 (2017) Kat:3, Licht: 0","176465","3","3","5","06","13","5","0","0","1","1","0","0"
"POINT (11.520388919000027 48.148515105000058)","Unfall 176466 (2017) Kat:3, Licht: 0","176466","3","2","3","06","14","5","0","0","0","1","0","1"