WKT,Name,OBJECTID,UKATEGORIE,UTYP1,UART,UMONAT,USTUNDE,UWOCHENTAG,STRZUSTAND,ULICHTVERH,ISTRAD,ISTPKW,ISTFUSS,ISTKRAD
"POINT (11.508104252000066 48.171033306000027)","Unfall 176467 (2017) Kat:3, Licht: 0","176467","3","6","2","06","12","5","0","0","0","1","0","0"
"POINT (11.544850027000052 48.150739346000080)","Unfall 176470 (2017) Kat:3, Licht: 0","176470","3","4","0","06","07","5","0","0","1","0","1","0"
"POINT (11.505603221000058 48.094294242000046)","Unfall 176473 (2017) Kat:3, Licht: 0","176473","3","7","3","06","17","5","0","0","0","1","0","1"
"POINT (11.597099036000031 48.111505923000038)","Unfall 176474 (2017) Kat:2, Licht: 0","176474","2","4","6","06","20","5","0","0","0","1","1","0"
"POINT (11.562373637000064 48.154132622000077)","Unfall 176476 (2017) Kat:3, Licht: 2","176476","3","7","1","06","02","5","0","2","1","0","0","0"
"POINT (11.510297130000026 48.154450462000057)","Unfall 176477 (2017) Kat:3, Licht: 0","176477","3","7","6","06","15","5","0","0","0","1","1","0"
"POINT (11.446539189000077 48.174925629000029)","Unfall 176478 (2017) Kat:3, Licht: 0","176478","3","3","0","06","10","5","0","0","1","1","0","0"
"POINT (11.564506742000049 48.136362854000026)","Unfall 176482 (2017) Kat:3, Licht: 2","176482","3","2","3","06","22","5","0","2","1","1","0","0"
"POINT (11.465447527000038 48.168199943000047)","Unfall 176483 (2017) Kat:1, Licht: 0","176483","1","7","1","06","11","5","0","0","0","1","1","0"
"POINT (11.582879177000052 48.138563138000052)","Unfall 176512 (2017) Kat:2, Licht: 2","176512","2","7","0","06","22","7","0","2","1","0","0","0"
"POINT (11.528788707000047 48.211653149000028)","Unfall 176513 (2017) Kat:3, Licht: 2","176513","3","7","0","06","23","7","0","2","1","0","0","0"
"POINT (11.601228598000034 48.124309832000051)","Unfall 176514 (2017) Kat:3, Licht: 2","176514","3","1","0","06","23","7","0","2","1","0","0","0"
"POINT (11.610163757000066 48.204598264000026)","Unfall 176516 (2017) Kat:3, Licht: 0","176516","3","7","0","06","05","7","0","0","1","0","0","0"
"POINT (11.641503926000041 48.155108863000066)","Unfall 176517 (2017) Kat:3, Licht: 0","176517","3","7","0","06","17","7","0","0","1","0","0","0"
"POINT (11.506708443000036 48.135827709000068)","Unfall 176518 (2017) Kat:2, Licht: 0","176518","2","7","0","06","19","7","0","0","1","0","0","0"
"POINT (11.568196687000068 48.134252353000079)","Unfall 176519 (2017) Kat:3, Licht: 0","176519","3","1","0","06","20","7","0","0","1","0","0","0"
"POINT (11.593870803000073 48.128550580000081)","Unfall 176520 (2017) Kat:3, Licht: 0","176520","3","6","3","06","17","7","0","0","0","1","0","1"
"POINT (11.604296995000027 48.151316485000052)","Unfall 176521 (2017) Kat:3, Licht: 0","176521","3","7","0","06","10","7","0","0","1","0","0","0"
"POINT (11.576105430000041 48.127963140000077)","Unfall 176523 (2017) Kat:3, Licht: 2","176523","3","3","5","06","22","7","0","2","1","1","0","0"
"POINT (11.518365360000075 48.110605421000059)","Unfall 176524 (2017) Kat:3, Licht: 0","176524","3","3","5","06","17","7","0","0","0","1","0","0"
"POINT (11.541341460000069 48.139562199000068)","Unfall 176525 (2017) Kat:2, Licht: 0","176525","2","4","6","06","09","7","0","0","0","1","1","0"
"POINT (11.597669924000058 48.126324929000077)","Unfall 176526 (2017) Kat:3, Licht: 1","176526","3","7","3","06","21","7","0","1","0","1","0","0"
"POINT (11.418217696000056 48.154325667000080)","Unfall 176527 (2017) Kat:3, Licht: 0","176527","3","2","5","06","17","7","0","0","1","1","0","0"
"POINT (11.414246836000075 48.160779430000048)","Unfall 176528 (2017) Kat:3, Licht: 0","176528","3","3","5","06","13","7","0","0","0","1","0","0"
"POINT (11.476914633000035 48.153746506000061)","Unfall 176529 (2017) Kat:2, Licht: 0","176529","2","7","0","06","15","7","0","0","1","0","0","0"
"POINT (11.531898527000067 48.082301052000048)","Unfall 176530 (2017) Kat:3, Licht: 1","176530","3","3","5","06","20","7","0","1","0","1","0","0"
"POINT (11.669190652000054 48.086573470000076)","Unfall 176531 (2017) Kat:3, Licht: 0","176531","3","3","5","06","13","7","0","0","1","1","0","0"
"POINT (11.618437792000066 48.138090834000081)","Unfall 176532 (2017) Kat:3, Licht: 0","176532","3","2","3","06","12","7","0","0","0","1","0","1"
"POINT (11.597602558000062 48.132320515000060)","Unfall 176533 (2017) Kat:3, Licht: 2","176533","3","1","0","06","02","7","0","2","1","0","0","0"
"POINT (11.601408834000040 48.129960677000042)","Unfall 176534 (2017) Kat:3, Licht: 0","176534","3","5","1","06","18","7","0","0","1","1","0","0"
"POINT (11.583042607000039 48.131234739000035)","Unfall 176535 (2017) Kat:3, Licht: 2","176535","3","1","0","06","22","7","0","2","1","0","0","0"
"POINT (11.586156872000061 48.161453227000038)","Unfall 176536 (2017) Kat:3, Licht: 0","176536","3","7","0","06","12","7","0","0","0","1","1","0"
"POINT (11.561083823000047 48.137405329000046)","Unfall 176602 (2017) Kat:3, Licht: 2","176602","3","4","6","06","01","6","0","2","0","1","1","0"
"POINT (11.586780463000025 48.137744711000039)","Unfall 176603 (2017) Kat:3, Licht: 0","176603","3","2","3","06","15","6","0","0","1","1","0","0"
"POINT (11.594669850000059 48.164636506000079)","Unfall 176604 (2017) Kat:3, Licht: 0","176604","3","2","5","06","08","6","0","0","1","1","0","0"
"POINT (11.624226635000070 48.121897751000063)","Unfall 176606 (2017) Kat:3, Licht: 0","176606","3","6","5","06","07","6","0","0","1","1","0","0"
"POINT (11.639916110000058 48.117005020000079)","Unfall 176607 (2017) Kat:3, Licht: 0","176607","3","2","5","06","17","6","0","0","0","1","0","0"
"POINT (11.538171723000062 48.203770325000050)","Unfall 176608 (2017) Kat:3, Licht: 0","176608","3","3","5","06","13","6","0","0","0","1","0","1"
"POINT (11.572869537000031 48.184538688000032)","Unfall 176610 (2017) Kat:3, Licht: 0","176610","3","2","5","06","15","6","0","0","0","1","0","1"
"POINT (11.569327960000066 48.210607604000074)","Unfall 176611 (2017) Kat:3, Licht: 0","176611","3","3","5","06","15","6","0","0","1","1","0","0"
"POINT (11.585551262000024 48.184347994000063)","Unfall 176612 (2017) Kat:3, Licht: 0","176612","3","6","3","06","16","6","0","0","0","1","0","1"
"POINT (11.562427882000065 48.172045379000053)","Unfall 176613 (2017) Kat:3, Licht: 0","176613","3","7","3","06","18","6","0","0","0","1","0","1"
"POINT (11.534295539000027 48.217427128000054)","Unfall 176614 (2017) Kat:3, Licht: 0","176614","3","3","5","06","14","6","0","0","0","1","0","1"
"POINT (11.523515735000046 48.099534593000044)","Unfall 176615 (2017) Kat:3, Licht: 0","176615","3","2","4","06","16","6","0","0","1","1","0","0"
"POINT (11.606950444000063 48.144590599000026)","Unfall 176617 (2017) Kat:3, Licht: 0","176617","3","6","3","06","12","6","0","0","1","0","0","0"
"POINT (11.603132387000073 48.140083599000036)","Unfall 176618 (2017) Kat:3, Licht: 0","176618","3","6","2","06","13","6","0","0","0","1","0","1"
"POINT (11.598208770000042 48.135594925000078)","Unfall 176619 (2017) Kat:3, Licht: 1","176619","3","4","6","06","20","6","0","1","0","0","1","0"
"POINT (11.607489080000050 48.130755010000030)","Unfall 176707 (2017) Kat:3, Licht: 0","176707","3","6","2","06","07","5","0","0","1","1","0","0"
"POINT (11.567046950000076 48.123986587000047)","Unfall 176709 (2017) Kat:3, Licht: 2","176709","3","1","9","06","02","5","0","2","0","1","0","0"
"POINT (11.526415036000060 48.158870387000036)","Unfall 176710 (2017) Kat:3, Licht: 0","176710","3","5","1","06","13","5","0","0","1","1","0","0"
"POINT (11.521618489000048 48.163595564000047)","Unfall 176712 (2017) Kat:2, Licht: 2","176712","2","7","6","06","21","5","0","2","1","0","1","0"
"POINT (11.642053080000039 48.167886561000046)","Unfall 176713 (2017) Kat:3, Licht: 0","176713","3","1","9","06","11","5","0","0","0","0","0","1"
"POINT (11.635207259000026 48.153973770000050)","Unfall 176743 (2017) Kat:3, Licht: 0","176743","3","1","0","06","18","3","0","0","1","0","0","0"
"POINT (11.596943698000075 48.123875014000077)","Unfall 176744 (2017) Kat:3, Licht: 0","176744","3","3","5","06","08","3","0","0","0","1","0","1"
"POINT (11.584003542000062 48.095653286000072)","Unfall 176745 (2017) Kat:3, Licht: 0","176745","3","3","5","06","19","3","0","0","0","1","0","0"
"POINT (11.582372405000058 48.138665086000060)","Unfall 176746 (2017) Kat:3, Licht: 0","176746","3","7","1","06","09","3","0","0","0","1","0","1"
"POINT (11.524583077000045 48.135641613000075)","Unfall 176747 (2017) Kat:3, Licht: 0","176747","3","1","0","06","06","3","1","0","0","0","0","1"
"POINT (11.582582750000029 48.150342517000070)","Unfall 176748 (2017) Kat:3, Licht: 0","176748","3","3","5","06","14","3","0","0","1","0","0","0"
"POINT (11.572217486000056 48.193813534000071)","Unfall 176749 (2017) Kat:3, Licht: 0","176749","3","2","4","06","07","3","1","0","0","1","0","1"
"POINT (11.649181382000052 48.112266524000063)","Unfall 176750 (2017) Kat:3, Licht: 0","176750","3","2","5","06","16","3","0","0","0","1","0","0"
"POINT (11.529882845000031 48.129218051000066)","Unfall 176751 (2017) Kat:2, Licht: 0","176751","2","3","5","06","10","3","0","0","0","0","0","1"
"POINT (11.460632861000022 48.164761053000063)","Unfall 176752 (2017) Kat:3, Licht: 0","176752","3","2","3","06","12","3","0","0","0","1","0","0"
"POINT (11.524634023000033 48.196486573000072)","Unfall 176753 (2017) Kat:3, Licht: 0","176753","3","7","0","06","06","3","1","0","0","1","0","1"
"POINT (11.576630523000063 48.114357890000065)","Unfall 176754 (2017) Kat:3, Licht: 0","176754","3","3","3","06","20","3","0","0","0","1","0","1"
"POINT (11.600197757000046 48.187089383000057)","Unfall 176756 (2017) Kat:3, Licht: 0","176756","3","6","2","06","17","3","0","0","0","1","0","0"
"POINT (11.523968857000057 48.174992991000067)","Unfall 176757 (2017) Kat:3, Licht: 0","176757","3","3","5","06","08","3","1","0","1","1","0","0"
"POINT (11.563109429000065 48.182917471000053)","Unfall 176758 (2017) Kat:3, Licht: 0","176758","3","7","0","06","07","3","1","0","0","0","0","1"
"POINT (11.507208968000043 48.163583537000079)","Unfall 176759 (2017) Kat:3, Licht: 0","176759","3","6","2","06","13","3","0","0","0","1","0","0"
"POINT (11.557731410000031 48.150846765000040)","Unfall 176760 (2017) Kat:2, Licht: 0","176760","2","2","0","06","07","3","1","0","1","1","0","0"
"POINT (11.559566196000048 48.141453054000067)","Unfall 176761 (2017) Kat:3, Licht: 0","176761","3","7","6","06","07","3","1","0","0","0","1","0"
"POINT (11.646801286000027 48.115044825000041)","Unfall 176763 (2017) Kat:3, Licht: 0","176763","3","7","1","06","13","3","0","0","1","1","0","0"
"POINT (11.646443309000063 48.107159296000077)","Unfall 176764 (2017) Kat:3, Licht: 0","176764","3","5","2","06","07","3","1","0","0","1","0","0"
"POINT (11.637407520000068 48.098696925000070)","Unfall 176766 (2017) Kat:3, Licht: 0","176766","3","5","1","06","16","3","0","0","0","1","0","0"
"POINT (11.602157391000048 48.140378930000054)","Unfall 176767 (2017) Kat:3, Licht: 0","176767","3","3","5","06","11","3","0","0","1","1","0","1"
"POINT (11.599245415000041 48.128428570000040)","Unfall 176768 (2017) Kat:3, Licht: 0","176768","3","6","0","06","08","3","0","0","1","0","0","0"
"POINT (11.575325373000055 48.119488429000057)","Unfall 176769 (2017) Kat:3, Licht: 2","176769","3","3","5","06","23","3","0","2","0","1","0","0"
"POINT (11.605048104000048 48.133148100000028)","Unfall 176770 (2017) Kat:3, Licht: 0","176770","3","2","5","06","09","3","0","0","1","1","0","0"
"POINT (11.543912770000077 48.122101396000062)","Unfall 176771 (2017) Kat:3, Licht: 0","176771","3","4","5","06","11","3","0","0","1","1","1","0"
"POINT (11.571000392000030 48.152222628000061)","Unfall 176772 (2017) Kat:3, Licht: 0","176772","3","7","0","06","09","3","0","0","0","0","0","1"
"POINT (11.560316104000037 48.145069989000035)","Unfall 176773 (2017) Kat:3, Licht: 0","176773","3","1","0","06","09","3","0","0","1","0","0","0"
"POINT (11.600944509000044 48.153730970000026)","Unfall 176774 (2017) Kat:3, Licht: 0","176774","3","6","2","06","11","3","0","0","0","1","0","0"
"POINT (11.569356218000053 48.140884727000071)","Unfall 176775 (2017) Kat:3, Licht: 2","176775","3","1","0","06","01","3","1","2","1","0","0","0"
"POINT (11.558514577000039 48.149034888000074)","Unfall 176826 (2017) Kat:3, Licht: 0","176826","3","2","5","06","19","3","0","0","1","1","0","0"
"POINT (11.541725828000040 48.145725373000062)","Unfall 176841 (2017) Kat:3, Licht: 0","176841","3","3","5","06","08","2","0","0","1","0","0","0"
"POINT (11.643791307000072 48.123997576000079)","Unfall 176842 (2017) Kat:2, Licht: 0","176842","2","3","5","06","08","2","0","0","1","1","0","0"
"POINT (11.524383383000043 48.218139386000075)","Unfall 176844 (2017) Kat:3, Licht: 0","176844","3","4","6","06","17","2","0","0","1","0","1","0"
"POINT (11.442416271000070 48.149481086000037)","Unfall 176846 (2017) Kat:3, Licht: 0","176846","3","3","5","06","15","2","0","0","1","1","0","0"
"POINT (11.572248317000060 48.161715988000026)","Unfall 176848 (2017) Kat:3, Licht: 0","176848","3","7","2","06","19","2","0","0","1","1","0","0"
"POINT (11.622486783000056 48.148491855000032)","Unfall 176849 (2017) Kat:3, Licht: 0","176849","3","2","5","06","11","2","0","0","1","1","0","0"
"POINT (11.514453912000022 48.161531366000077)","Unfall 176850 (2017) Kat:3, Licht: 0","176850","3","3","5","06","17","2","0","0","1","0","0","0"
"POINT (11.554955909000057 48.212281457000074)","Unfall 176851 (2017) Kat:3, Licht: 0","176851","3","7","0","06","07","2","0","0","1","0","0","0"
"POINT (11.613188569000044 48.124681457000065)","Unfall 176853 (2017) Kat:3, Licht: 0","176853","3","2","6","06","15","2","0","0","0","1","1","0"
"POINT (11.601333576000059 48.117278139000064)","Unfall 176854 (2017) Kat:3, Licht: 0","176854","3","6","4","06","18","2","0","0","1","0","0","0"
"POINT (11.549989058000051 48.136026833000074)","Unfall 176855 (2017) Kat:3, Licht: 0","176855","3","1","0","06","17","2","0","0","1","0","0","0"
"POINT (11.567277355000044 48.130289677000064)","Unfall 176856 (2017) Kat:3, Licht: 1","176856","3","5","1","06","22","2","0","1","1","1","0","0"
"POINT (11.589951597000038 48.162258330000043)","Unfall 176857 (2017) Kat:3, Licht: 0","176857","3","4","6","06","08","2","0","0","1","0","1","0"
"POINT (11.575201702000072 48.154023388000041)","Unfall 176858 (2017) Kat:3, Licht: 1","176858","3","2","1","06","21","2","0","1","1","1","0","0"
"POINT (11.565106746000026 48.132616732000031)","Unfall 176859 (2017) Kat:3, Licht: 2","176859","3","2","0","06","22","2","0","2","1","1","0","0"
"POINT (11.574981382000033 48.135301169000059)","Unfall 176950 (2017) Kat:3, Licht: 0","176950","3","7","0","06","17","1","0","0","0","0","0","0"
"POINT (11.562646442000073 48.105109665000043)","Unfall 176951 (2017) Kat:2, Licht: 0","176951","2","6","9","06","05","1","0","0","0","1","0","0"
"POINT (11.691975266000043 48.133456468000077)","Unfall 176952 (2017) Kat:3, Licht: 0","176952","3","3","5","06","14","1","0","0","0","1","0","0"
"POINT (11.528557293000063 48.214978718000054)","Unfall 176953 (2017) Kat:2, Licht: 0","176953","2","2","5","06","16","1","0","0","1","1","0","0"
"POINT (11.527588853000054 48.151820896000061)","Unfall 176954 (2017) Kat:2, Licht: 2","176954","2","6","3","06","00","1","0","2","0","1","0","1"
"POINT (11.575714563000076 48.131487335000031)","Unfall 176955 (2017) Kat:3, Licht: 2","176955","3","1","0","06","23","1","0","2","1","0","0","0"
"POINT (11.574219875000040 48.167125448000036)","Unfall 176956 (2017) Kat:3, Licht: 0","176956","3","6","0","06","17","1","0","0","1","0","0","0"
"POINT (11.556970384000067 48.143700777000049)","Unfall 176957 (2017) Kat:3, Licht: 0","176957","3","2","4","06","14","1","0","0","0","1","0","0"
"POINT (11.630658227000026 48.127502391000064)","Unfall 177013 (2017) Kat:3, Licht: 0","177013","3","6","1","06","19","6","0","0","1","1","0","0"
"POINT (11.545171782000068 48.129574511000044)","Unfall 177014 (2017) Kat:3, Licht: 0","177014","3","6","4","06","19","6","0","0","1","0","0","0"
"POINT (11.540846213000066 48.125328270000068)","Unfall 177015 (2017) Kat:3, Licht: 0","177015","3","2","5","06","07","6","0","0","1","1","0","0"
"POINT (11.411090567000031 48.134902680000039)","Unfall 177017 (2017) Kat:3, Licht: 0","177017","3","2","4","06","09","6","0","0","0","1","0","0"
"POINT (11.524443336000047 48.196965713000054)","Unfall 177018 (2017) Kat:3, Licht: 0","177018","3","7","5","06","18","6","0","0","1","1","0","0"
"POINT (11.579272277000030 48.129323332000070)","Unfall 177019 (2017) Kat:2, Licht: 0","177019","2","7","4","06","16","6","0","0","0","1","0","1"
"POINT (11.671012140000073 48.105104710000035)","Unfall 177020 (2017) Kat:3, Licht: 0","177020","3","6","4","06","17","6","0","0","1","1","0","0"
"POINT (11.435496325000031 48.154909753000027)","Unfall 177022 (2017) Kat:3, Licht: 0","177022","3","7","0","06","13","6","0","0","1","0","0","0"
"POINT (11.439648626000064 48.169383282000069)","Unfall 177023 (2017) Kat:3, Licht: 2","177023","3","7","2","06","21","6","0","2","0","1","0","0"
"POINT (11.524770205000038 48.154949249000026)","Unfall 177024 (2017) Kat:3, Licht: 0","177024","3","7","0","06","17","6","0","0","0","1","0","0"
"POINT (11.505329394000057 48.095198218000064)","Unfall 177026 (2017) Kat:3, Licht: 0","177026","3","6","2","06","13","6","0","0","0","1","0","0"
"POINT (11.528150628000049 48.130394846000058)","Unfall 177027 (2017) Kat:3, Licht: 0","177027","3","3","5","06","12","6","0","0","0","1","0","1"
"POINT (11.568036311000071 48.147604613000055)","Unfall 177028 (2017) Kat:3, Licht: 0","177028","3","2","4","06","13","6","0","0","1","1","0","0"
"POINT (11.580082311000069 48.158823625000025)","Unfall 177096 (2017) Kat:3, Licht: 2","177096","3","2","4","06","22","5","0","2","0","1","0","1"
"POINT (11.532942428000069 48.116886375000036)","Unfall 177097 (2017) Kat:3, Licht: 0","177097","3","6","3","06","14","5","0","0","0","1","0","1"
"POINT (11.588279806000060 48.101996689000032)","Unfall 177098 (2017) Kat:3, Licht: 0","177098","3","5","1","06","10","5","0","0","1","1","0","0"
"POINT (11.572105738000062 48.195378099000038)","Unfall 177100 (2017) Kat:3, Licht: 0","177100","3","7","0","06","17","5","0","0","1","0","0","0"
"POINT (11.421198708000077 48.174459641000055)","Unfall 177101 (2017) Kat:3, Licht: 0","177101","3","6","2","06","08","5","1","0","0","1","0","0"
"POINT (11.526252533000047 48.157841399000063)","Unfall 177102 (2017) Kat:3, Licht: 0","177102","3","1","0","06","19","5","1","0","0","0","0","1"
"POINT (11.496559694000041 48.141910372000041)","Unfall 177103 (2017) Kat:3, Licht: 0","177103","3","3","5","06","17","5","0","0","0","1","0","0"
"POINT (11.592936380000026 48.127068515000076)","Unfall 177105 (2017) Kat:3, Licht: 0","177105","3","2","4","06","19","5","1","0","1","1","0","0"
"POINT (11.532998938000048 48.120594795000045)","Unfall 177106 (2017) Kat:3, Licht: 0","177106","3","7","0","06","07","5","1","0","1","0","1","0"
"POINT (11.586378704000026 48.166594739000061)","Unfall 177107 (2017) Kat:2, Licht: 0","177107","2","3","6","06","19","5","1","0","1","0","1","0"
"POINT (11.419002406000061 48.170008384000027)","Unfall 177162 (2017) Kat:3, Licht: 0","177162","3","6","2","06","18","5","0","0","0","1","0","0"
"POINT (11.529697484000053 48.157245486000079)","Unfall 177168 (2017) Kat:3, Licht: 2","177168","3","2","5","06","22","4","0","2","1","1","0","0"
"POINT (11.608391215000040 48.151145138000061)","Unfall 177169 (2017) Kat:3, Licht: 1","177169","3","7","0","06","20","4","0","1","0","1","0","1"
"POINT (11.584948541000074 48.099523289000047)","Unfall 177170 (2017) Kat:3, Licht: 0","177170","3","2","5","06","14","4","0","0","0","1","0","0"
"POINT (11.545507170000064 48.134646160000045)","Unfall 177171 (2017) Kat:3, Licht: 0","177171","3","3","5","06","16","4","0","0","1","1","0","0"
"POINT (11.479253173000075 48.158134677000078)","Unfall 177172 (2017) Kat:3, Licht: 0","177172","3","7","0","06","09","4","0","0","0","0","0","0"
"POINT (11.692786082000055 48.118731849000028)","Unfall 177173 (2017) Kat:3, Licht: 0","177173","3","2","5","06","17","4","0","0","0","1","0","0"
"POINT (11.522066440000060 48.175872487000049)","Unfall 177174 (2017) Kat:3, Licht: 1","177174","3","2","4","06","21","4","0","1","0","1","0","0"
"POINT (11.585239999000066 48.184334974000080)","Unfall 177175 (2017) Kat:3, Licht: 0","177175","3","4","6","06","18","4","0","0","0","1","1","0"
"POINT (11.470171340000036 48.144900269000061)","Unfall 177176 (2017) Kat:3, Licht: 0","177176","3","7","1","06","19","4","0","0","1","1","0","0"
"POINT (11.558490257000074 48.150233655000079)","Unfall 177177 (2017) Kat:3, Licht: 0","177177","3","2","3","06","17","4","0","0","1","1","0","0"
"POINT (11.477834919000031 48.118601889000047)","Unfall 177178 (2017) Kat:3, Licht: 0","177178","3","3","5","06","19","4","0","0","0","1","0","1"
"POINT (11.665629041000045 48.102920432000076)","Unfall 177181 (2017) Kat:3, Licht: 0","177181","3","3","5","06","12","4","1","0","1","0","0","0"
"POINT (11.591334030000041 48.136944747000030)","Unfall 177182 (2017) Kat:3, Licht: 0","177182","3","6","2","06","09","4","0","0","0","1","0","0"
"POINT (11.604285293000032 48.133196711000039)","Unfall 177183 (2017) Kat:3, Licht: 0","177183","3","6","3","06","09","4","0","0","1","1","0","0"
"POINT (11.564743295000028 48.138386022000077)","Unfall 177184 (2017) Kat:3, Licht: 0","177184","3","2","5","06","15","4","0","0","1","1","0","0"
"POINT (11.583051854000075 48.154277853000053)","Unfall 177257 (2017) Kat:3, Licht: 0","177257","3","1","3","07","17","3","0","0","1","1","0","0"
"POINT (11.617348193000055 48.185213338000040)","Unfall 177258 (2017) Kat:3, Licht: 0","177258","3","3","5","07","20","3","0","0","1","0","0","0"
"POINT (11.531562640000061 48.116989985000032)","Unfall 177259 (2017) Kat:3, Licht: 0","177259","3","3","5","07","16","3","0","0","1","1","0","0"
"POINT (11.588832337000042 48.143003276000059)","Unfall 177260 (2017) Kat:3, Licht: 0","177260","3","6","4","07","15","3","0","0","1","0","0","0"
"POINT (11.532711543000062 48.119111785000030)","Unfall 177261 (2017) Kat:3, Licht: 0","177261","3","3","5","07","15","3","0","0","1","0","0","0"
"POINT (11.558170989000075 48.186435304000042)","Unfall 177262 (2017) Kat:2, Licht: 0","177262","2","3","0","07","18","3","0","0","1","1","0","0"
"POINT (11.612701376000075 48.185690568000041)","Unfall 177263 (2017) Kat:3, Licht: 0","177263","3","3","5","07","06","3","0","0","1","1","0","0"
"POINT (11.577041012000052 48.136471252000035)","Unfall 177264 (2017) Kat:3, Licht: 0","177264","3","7","6","07","19","3","0","0","1","0","1","0"
"POINT (11.528543898000066 48.173132119000059)","Unfall 177265 (2017) Kat:2, Licht: 0","177265","2","2","4","07","16","3","0","0","0","1","0","1"
"POINT (11.522583094000026 48.134307393000029)","Unfall 177266 (2017) Kat:2, Licht: 0","177266","2","2","5","07","19","3","0","0","1","1","0","0"
"POINT (11.597368957000072 48.102707092000060)","Unfall 177267 (2017) Kat:3, Licht: 0","177267","3","6","2","07","12","3","0","0","0","1","0","0"
"POINT (11.562242186000049 48.124989431000074)","Unfall 177268 (2017) Kat:3, Licht: 0","177268","3","7","0","07","08","3","0","0","1","0","0","0"
"POINT (11.605698318000066 48.202536394000049)","Unfall 177269 (2017) Kat:3, Licht: 0","177269","3","3","5","07","16","3","0","0","1","1","0","0"
"POINT (11.502560100000039 48.113378321000027)","Unfall 177270 (2017) Kat:3, Licht: 0","177270","3","3","5","07","18","3","0","0","1","1","0","0"
"POINT (11.532923972000049 48.098082181000052)","Unfall 177271 (2017) Kat:3, Licht: 0","177271","3","3","5","07","17","3","0","0","1","0","0","0"
"POINT (11.699950256000022 48.133515400000078)","Unfall 177274 (2017) Kat:3, Licht: 0","177274","3","3","5","07","19","3","0","0","0","1","0","0"
"POINT (11.586472962000073 48.125698216000046)","Unfall 177275 (2017) Kat:3, Licht: 0","177275","3","1","0","07","19","3","0","0","0","0","0","1"
"POINT (11.549797474000059 48.117647415000079)","Unfall 177276 (2017) Kat:3, Licht: 0","177276","3","3","5","07","13","3","0","0","1","1","0","0"
"POINT (11.566371249000042 48.140584552000064)","Unfall 177277 (2017) Kat:3, Licht: 0","177277","3","7","5","07","18","3","0","0","1","1","0","0"
"POINT (11.594018801000061 48.128523250000057)","Unfall 177346 (2017) Kat:3, Licht: 0","177346","3","6","0","07","16","2","0","0","0","1","0","1"
"POINT (11.576898806000031 48.142751728000064)","Unfall 177347 (2017) Kat:3, Licht: 1","177347","3","1","0","07","21","2","0","1","1","0","0","0"
"POINT (11.602875952000034 48.116128458000048)","Unfall 177348 (2017) Kat:2, Licht: 0","177348","2","6","3","07","08","2","0","0","0","1","0","0"
"POINT (11.509682115000032 48.097964258000047)","Unfall 177349 (2017) Kat:3, Licht: 0","177349","3","1","0","07","12","2","0","0","0","0","0","1"
"POINT (11.586183377000054 48.167317917000048)","Unfall 177350 (2017) Kat:3, Licht: 0","177350","3","2","3","07","18","2","0","0","0","1","0","0"
"POINT (11.524258358000054 48.102177295000047)","Unfall 177352 (2017) Kat:3, Licht: 0","177352","3","3","5","07","13","2","0","0","0","1","0","0"
"POINT (11.565889299000048 48.098090818000060)","Unfall 177353 (2017) Kat:3, Licht: 2","177353","3","3","5","07","23","2","0","2","1","1","0","0"
"POINT (11.576199540000061 48.142895709000072)","Unfall 177354 (2017) Kat:3, Licht: 0","177354","3","6","3","07","15","2","0","0","1","0","0","0"
"POINT (11.576633067000046 48.136806306000040)","Unfall 177355 (2017) Kat:3, Licht: 0","177355","3","4","6","07","08","2","0","0","0","0","1","0"
"POINT (11.582171819000052 48.138747843000033)","Unfall 177356 (2017) Kat:3, Licht: 0","177356","3","3","5","07","14","2","0","0","0","1","0","1"
"POINT (11.568597847000035 48.131308102000048)","Unfall 177357 (2017) Kat:3, Licht: 0","177357","3","1","0","07","14","2","0","0","1","0","0","0"
"POINT (11.573265584000069 48.143227287000059)","Unfall 177413 (2017) Kat:3, Licht: 0","177413","3","3","5","07","10","1","1","0","0","1","0","0"
"POINT (11.555797565000034 48.139173001000074)","Unfall 177414 (2017) Kat:3, Licht: 0","177414","3","2","3","07","11","1","1","0","1","1","0","0"
"POINT (11.581174182000041 48.158743021000078)","Unfall 177415 (2017) Kat:2, Licht: 2","177415","2","7","0","07","01","1","0","2","1","0","0","0"
"POINT (11.562465794000047 48.186010320000037)","Unfall 177416 (2017) Kat:3, Licht: 2","177416","3","6","0","07","23","1","1","2","0","1","0","1"
"POINT (11.658939692000047 48.110238928000058)","Unfall 177418 (2017) Kat:3, Licht: 0","177418","3","1","0","07","18","1","1","0","1","0","0","0"
"POINT (11.429791509000040 48.186667595000074)","Unfall 177419 (2017) Kat:3, Licht: 0","177419","3","3","5","07","13","1","0","0","0","1","0","0"
"POINT (11.511793704000070 48.135126058000026)","Unfall 177420 (2017) Kat:3, Licht: 1","177420","3","3","5","07","20","1","1","1","1","1","0","0"
"POINT (11.496857416000068 48.143669316000057)","Unfall 177421 (2017) Kat:3, Licht: 0","177421","3","3","5","07","18","1","0","0","0","1","0","0"
"POINT (11.633080465000035 48.133300651000070)","Unfall 177422 (2017) Kat:3, Licht: 0","177422","3","1","0","07","12","1","0","0","0","0","0","1"
"POINT (11.584134793000032 48.144139173000042)","Unfall 177453 (2017) Kat:3, Licht: 2","177453","3","7","6","07","22","7","1","2","1","0","1","0"
"POINT (11.533709767000062 48.114769517000070)","Unfall 177454 (2017) Kat:3, Licht: 0","177454","3","6","2","07","19","7","0","0","0","1","0","1"