WKT,Name,OBJECTID,UKATEGORIE,UTYP1,UART,UMONAT,USTUNDE,UWOCHENTAG,STRZUSTAND,ULICHTVERH,ISTRAD,ISTPKW,ISTFUSS,ISTKRAD
"POINT (11.556398776000037 48.187201236000078)","Unfall 177455 (2017) Kat:3, Licht: 0","177455","3","3","5","07","14","7","0","0","0","1","0","0"
"POINT (11.580609772000059 48.139012635000029)","Unfall 177456 (2017) Kat:2, Licht: 2","177456","2","7","0","07","04","7","0","2","1","0","0","0"
"POINT (11.603773205000039 48.144671305000031)","Unfall 177457 (2017) Kat:3, Licht: 2","177457","3","7","1","07","01","7","0","2","0","1","0","1"
"POINT (11.545802427000069 48.162568219000036)","Unfall 177458 (2017) Kat:3, Licht: 2","177458","3","1","0","07","23","7","0","2","1","0","0","0"
"POINT (11.566666855000051 48.167795092000063)","Unfall 177459 (2017) Kat:2, Licht: 0","177459","2","3","5","07","17","7","0","0","0","1","0","1"
"POINT (11.492497742000069 48.179018777000067)","Unfall 177460 (2017) Kat:2, Licht: 0","177460","2","7","2","07","12","7","0","0","0","1","0","0"
"POINT (11.574805658000059 48.118774127000052)","Unfall 177462 (2017) Kat:3, Licht: 0","177462","3","6","2","07","11","7","0","0","0","1","0","0"
"POINT (11.545012214000053 48.106629391000070)","Unfall 177463 (2017) Kat:3, Licht: 0","177463","3","7","3","07","18","7","0","0","1","0","0","0"
"POINT (11.555798908000043 48.132905680000079)","Unfall 177464 (2017) Kat:3, Licht: 0","177464","3","2","3","07","19","7","0","0","0","1","0","1"
"POINT (11.577334790000066 48.130787431000044)","Unfall 177465 (2017) Kat:3, Licht: 0","177465","3","5","1","07","16","7","0","0","1","1","0","0"
"POINT (11.565140642000074 48.136296765000054)","Unfall 177466 (2017) Kat:3, Licht: 2","177466","3","4","6","07","03","7","0","2","1","0","1","0"
"POINT (11.675005824000039 48.112150999000050)","Unfall 177492 (2017) Kat:2, Licht: 0","177492","2","6","4","07","17","6","0","0","1","0","0","0"
"POINT (11.602198806000047 48.123939242000063)","Unfall 177494 (2017) Kat:3, Licht: 0","177494","3","6","3","07","07","6","0","0","1","1","0","0"
"POINT (11.602202063000050 48.123941619000050)","Unfall 177496 (2017) Kat:3, Licht: 0","177496","3","2","3","07","15","6","0","0","1","1","0","0"
"POINT (11.575262277000036 48.149224009000079)","Unfall 177497 (2017) Kat:3, Licht: 0","177497","3","7","5","07","09","6","0","0","1","0","0","1"
"POINT (11.573280795000073 48.151042473000075)","Unfall 177498 (2017) Kat:3, Licht: 0","177498","3","2","5","07","17","6","0","0","1","1","0","0"
"POINT (11.568256143000042 48.132469278000030)","Unfall 177572 (2017) Kat:3, Licht: 0","177572","3","3","3","07","09","5","0","0","1","1","0","0"
"POINT (11.562259184000027 48.146654222000052)","Unfall 177573 (2017) Kat:3, Licht: 0","177573","3","6","3","07","14","5","0","0","0","1","0","1"
"POINT (11.555810968000060 48.139172577000068)","Unfall 177574 (2017) Kat:3, Licht: 1","177574","3","2","5","07","21","5","0","1","1","1","0","0"
"POINT (11.612845867000033 48.120168260000071)","Unfall 177575 (2017) Kat:3, Licht: 0","177575","3","3","5","07","08","5","0","0","1","1","0","0"
"POINT (11.569125720000045 48.161207526000055)","Unfall 177576 (2017) Kat:3, Licht: 0","177576","3","7","0","07","11","5","0","0","1","1","0","0"
"POINT (11.607043192000049 48.177865629000053)","Unfall 177577 (2017) Kat:3, Licht: 0","177577","3","4","6","07","19","5","0","0","1","0","1","0"
"POINT (11.578044837000050 48.143654464000065)","Unfall 177578 (2017) Kat:3, Licht: 0","177578","3","6","2","07","10","5","0","0","0","1","0","0"
"POINT (11.564924822000023 48.167394777000027)","Unfall 177579 (2017) Kat:3, Licht: 0","177579","3","6","2","07","16","5","0","0","0","1","0","0"
"POINT (11.534462615000052 48.132846537000034)","Unfall 177581 (2017) Kat:3, Licht: 0","177581","3","3","5","07","17","5","0","0","0","1","0","1"
"POINT (11.580920578000075 48.169280280000066)","Unfall 177582 (2017) Kat:3, Licht: 0","177582","3","3","5","07","07","5","0","0","0","1","0","0"
"POINT (11.587767779000046 48.201178401000050)","Unfall 177583 (2017) Kat:3, Licht: 0","177583","3","2","3","07","15","5","0","0","1","1","0","0"
"POINT (11.567624284000033 48.176595243000065)","Unfall 177584 (2017) Kat:3, Licht: 0","177584","3","3","5","07","07","5","0","0","1","1","0","0"
"POINT (11.523324207000030 48.097309376000055)","Unfall 177586 (2017) Kat:2, Licht: 0","177586","2","2","5","07","12","5","0","0","1","1","0","0"
"POINT (11.634950013000037 48.138092619000076)","Unfall 177587 (2017) Kat:2, Licht: 0","177587","2","4","0","07","08","5","0","0","1","0","1","0"
"POINT (11.585926584000049 48.170620345000032)","Unfall 177588 (2017) Kat:3, Licht: 0","177588","3","6","2","07","11","5","0","0","0","1","0","0"
"POINT (11.560232850000034 48.144940915000063)","Unfall 177589 (2017) Kat:2, Licht: 2","177589","2","7","0","07","23","5","1","2","1","0","0","0"
"POINT (11.574017724000043 48.152186343000039)","Unfall 177590 (2017) Kat:3, Licht: 0","177590","3","3","5","07","13","5","0","0","0","1","0","1"
"POINT (11.581229938000035 48.150078955000026)","Unfall 177591 (2017) Kat:3, Licht: 0","177591","3","2","3","07","11","5","0","0","1","1","0","0"
"POINT (11.575352705000057 48.145626244000027)","Unfall 177592 (2017) Kat:3, Licht: 0","177592","3","6","3","07","19","5","0","0","0","1","0","0"
"POINT (11.567510781000067 48.133609738000075)","Unfall 177679 (2017) Kat:3, Licht: 0","177679","3","2","3","07","15","4","0","0","1","1","0","0"
"POINT (11.567462048000039 48.131485871000052)","Unfall 177680 (2017) Kat:3, Licht: 0","177680","3","5","0","07","19","4","0","0","0","1","0","1"
"POINT (11.560287461000030 48.119815956000082)","Unfall 177681 (2017) Kat:2, Licht: 0","177681","2","6","3","07","18","4","0","0","1","0","0","0"
"POINT (11.467130122000071 48.175455323000051)","Unfall 177682 (2017) Kat:3, Licht: 0","177682","3","5","1","07","18","4","0","0","1","1","0","0"
"POINT (11.556619242000068 48.145917584000074)","Unfall 177683 (2017) Kat:3, Licht: 0","177683","3","3","5","07","18","4","0","0","1","1","0","0"
"POINT (11.573364853000044 48.120292683000059)","Unfall 177684 (2017) Kat:3, Licht: 0","177684","3","7","0","07","07","4","0","0","1","0","0","0"
"POINT (11.574907397000061 48.158318433000034)","Unfall 177685 (2017) Kat:2, Licht: 0","177685","2","1","0","07","12","4","0","0","1","0","0","0"
"POINT (11.532474372000024 48.116875517000040)","Unfall 177686 (2017) Kat:3, Licht: 0","177686","3","2","5","07","08","4","0","0","0","1","0","1"
"POINT (11.595291372000077 48.110540023000055)","Unfall 177687 (2017) Kat:3, Licht: 0","177687","3","7","0","07","11","4","0","0","0","0","0","0"
"POINT (11.478836205000050 48.164169970000046)","Unfall 177688 (2017) Kat:3, Licht: 2","177688","3","1","0","07","23","4","0","2","1","0","0","0"
"POINT (11.577527328000031 48.181426110000075)","Unfall 177689 (2017) Kat:3, Licht: 0","177689","3","3","5","07","14","4","0","0","1","1","0","0"
"POINT (11.592324141000063 48.131624071000033)","Unfall 177690 (2017) Kat:3, Licht: 0","177690","3","5","1","07","15","4","0","0","1","1","0","0"
"POINT (11.552258915000039 48.110654135000061)","Unfall 177691 (2017) Kat:3, Licht: 0","177691","3","6","3","07","20","4","0","0","1","0","0","0"
"POINT (11.513569543000074 48.131760779000047)","Unfall 177692 (2017) Kat:3, Licht: 0","177692","3","7","1","07","13","4","0","0","1","1","0","0"
"POINT (11.502586605000033 48.112065872000073)","Unfall 177693 (2017) Kat:3, Licht: 0","177693","3","3","5","07","16","4","0","0","1","1","0","0"
"POINT (11.682306172000040 48.117379229000051)","Unfall 177695 (2017) Kat:3, Licht: 0","177695","3","3","5","07","09","4","0","0","1","1","0","0"
"POINT (11.579973478000056 48.115842041000064)","Unfall 177696 (2017) Kat:3, Licht: 0","177696","3","2","6","07","18","4","0","0","0","1","1","0"
"POINT (11.605814257000077 48.121134942000026)","Unfall 177697 (2017) Kat:3, Licht: 0","177697","3","2","5","07","09","4","0","0","1","1","0","0"
"POINT (11.550621928000055 48.118906494000043)","Unfall 177698 (2017) Kat:3, Licht: 0","177698","3","6","3","07","11","4","0","0","0","1","0","1"
"POINT (11.558414040000059 48.129589196000040)","Unfall 177699 (2017) Kat:3, Licht: 0","177699","3","2","3","07","09","4","0","0","1","0","0","0"
"POINT (11.595034759000043 48.143234241000073)","Unfall 177700 (2017) Kat:2, Licht: 0","177700","2","4","6","07","16","4","0","0","1","0","1","0"
"POINT (11.594034232000070 48.140804674000037)","Unfall 177701 (2017) Kat:3, Licht: 0","177701","3","6","3","07","08","4","0","0","0","1","0","1"
"POINT (11.581054619000042 48.138925993000043)","Unfall 177702 (2017) Kat:3, Licht: 0","177702","3","5","3","07","15","4","0","0","1","1","0","0"
"POINT (11.478265977000035 48.087287409000055)","Unfall 177772 (2017) Kat:3, Licht: 0","177772","3","7","0","07","17","2","0","0","0","0","0","0"
"POINT (11.650287173000038 48.161976951000042)","Unfall 177773 (2017) Kat:3, Licht: 0","177773","3","3","5","07","09","2","0","0","0","1","0","0"
"POINT (11.559231301000068 48.142914099000052)","Unfall 177774 (2017) Kat:3, Licht: 0","177774","3","6","2","07","15","2","0","0","0","1","0","1"
"POINT (11.573060184000042 48.140285214000073)","Unfall 177775 (2017) Kat:3, Licht: 0","177775","3","5","1","07","18","2","0","0","1","1","0","0"
"POINT (11.491789019000066 48.137984407000033)","Unfall 177776 (2017) Kat:3, Licht: 0","177776","3","3","5","07","16","2","0","0","0","1","0","1"
"POINT (11.612095598000053 48.131500180000046)","Unfall 177777 (2017) Kat:2, Licht: 0","177777","2","3","5","07","08","2","0","0","1","1","0","0"
"POINT (11.477987511000038 48.112231648000034)","Unfall 177778 (2017) Kat:3, Licht: 0","177778","3","7","3","07","14","2","0","0","1","1","0","0"
"POINT (11.565435876000038 48.123804167000060)","Unfall 177779 (2017) Kat:3, Licht: 0","177779","3","3","5","07","13","2","0","0","1","1","0","0"
"POINT (11.643365430000074 48.140601491000041)","Unfall 177849 (2017) Kat:3, Licht: 0","177849","3","1","0","07","18","1","0","0","1","0","0","0"
"POINT (11.529366521000043 48.157137129000034)","Unfall 177850 (2017) Kat:3, Licht: 0","177850","3","3","5","07","18","1","1","0","1","1","0","0"
"POINT (11.560315780000053 48.132993696000028)","Unfall 177852 (2017) Kat:3, Licht: 0","177852","3","5","1","07","11","1","0","0","1","1","0","0"
"POINT (11.483510500000023 48.126178436000032)","Unfall 177853 (2017) Kat:3, Licht: 0","177853","3","7","7","07","14","1","0","0","1","0","0","0"
"POINT (11.581981717000076 48.120421603000068)","Unfall 177855 (2017) Kat:3, Licht: 0","177855","3","2","5","07","17","1","1","0","1","1","0","0"
"POINT (11.527024347000065 48.120460615000070)","Unfall 177856 (2017) Kat:3, Licht: 0","177856","3","3","5","07","18","1","1","0","1","0","0","0"
"POINT (11.568949086000032 48.131205441000077)","Unfall 177900 (2017) Kat:3, Licht: 0","177900","3","5","1","07","15","7","0","0","1","1","0","0"
"POINT (11.604187009000043 48.107317951000027)","Unfall 177901 (2017) Kat:3, Licht: 0","177901","3","3","5","07","11","7","0","0","0","1","0","0"
"POINT (11.509315203000028 48.199667411000064)","Unfall 177902 (2017) Kat:3, Licht: 0","177902","3","5","1","07","15","7","0","0","1","1","0","0"
"POINT (11.475668288000065 48.120859627000073)","Unfall 177903 (2017) Kat:3, Licht: 0","177903","3","3","5","07","11","7","0","0","0","1","0","0"
"POINT (11.645744237000031 48.113601500000073)","Unfall 177904 (2017) Kat:3, Licht: 0","177904","3","6","3","07","16","7","1","0","0","1","0","1"
"POINT (11.542502738000053 48.089206780000040)","Unfall 177905 (2017) Kat:3, Licht: 0","177905","3","6","4","07","15","7","0","0","1","1","0","0"
"POINT (11.492765678000069 48.129336667000075)","Unfall 177906 (2017) Kat:3, Licht: 0","177906","3","7","1","07","05","7","0","0","0","1","0","0"
"POINT (11.563786310000069 48.188926374000062)","Unfall 177908 (2017) Kat:3, Licht: 0","177908","3","3","5","07","09","7","0","0","1","1","0","0"
"POINT (11.537638355000070 48.151625322000029)","Unfall 177909 (2017) Kat:3, Licht: 0","177909","3","6","1","07","20","7","0","0","0","1","0","1"
"POINT (11.597655531000044 48.102854262000051)","Unfall 177910 (2017) Kat:3, Licht: 0","177910","3","3","5","07","12","7","0","0","1","0","0","0"
"POINT (11.504750595000075 48.106817962000036)","Unfall 177911 (2017) Kat:3, Licht: 0","177911","3","7","3","07","17","7","1","0","1","1","0","0"
"POINT (11.566417975000036 48.139999875000058)","Unfall 177912 (2017) Kat:3, Licht: 0","177912","3","2","3","07","14","7","0","0","1","1","0","0"
"POINT (11.568426958000032 48.092476763000036)","Unfall 177986 (2017) Kat:3, Licht: 0","177986","3","3","5","07","11","6","0","0","1","1","0","0"
"POINT (11.549168520000023 48.124723362000054)","Unfall 177987 (2017) Kat:3, Licht: 0","177987","3","6","1","07","16","6","0","0","0","1","0","0"
"POINT (11.550592319000032 48.188743599000077)","Unfall 177988 (2017) Kat:3, Licht: 0","177988","3","6","2","07","15","6","0","0","0","1","0","1"
"POINT (11.461596251000060 48.140369267000040)","Unfall 177990 (2017) Kat:3, Licht: 0","177990","3","3","5","07","12","6","0","0","1","1","0","0"
"POINT (11.503094909000026 48.189187932000038)","Unfall 177991 (2017) Kat:3, Licht: 0","177991","3","3","5","07","11","6","0","0","1","1","0","0"
"POINT (11.548737860000074 48.137643511000078)","Unfall 177992 (2017) Kat:3, Licht: 2","177992","3","3","5","07","22","6","1","2","1","1","0","0"
"POINT (11.520289822000052 48.150021090000052)","Unfall 177993 (2017) Kat:3, Licht: 0","177993","3","3","5","07","14","6","0","0","0","1","0","0"
"POINT (11.510686972000030 48.169652003000067)","Unfall 177994 (2017) Kat:3, Licht: 0","177994","3","6","2","07","09","6","0","0","0","1","0","0"
"POINT (11.511514281000075 48.172350284000061)","Unfall 177995 (2017) Kat:3, Licht: 0","177995","3","3","5","07","08","6","0","0","1","0","0","1"
"POINT (11.506812420000074 48.163734254000076)","Unfall 177996 (2017) Kat:3, Licht: 0","177996","3","3","5","07","16","6","0","0","0","1","0","1"
"POINT (11.528036015000055 48.169132099000080)","Unfall 177997 (2017) Kat:3, Licht: 0","177997","3","7","1","07","15","6","0","0","0","1","0","0"
"POINT (11.560943054000063 48.140212397000028)","Unfall 177998 (2017) Kat:3, Licht: 2","177998","3","4","6","07","22","6","1","2","0","1","1","0"
"POINT (11.568385340000077 48.136276826000028)","Unfall 177999 (2017) Kat:3, Licht: 0","177999","3","3","5","07","15","6","0","0","1","1","0","0"
"POINT (11.409083424000073 48.138188213000035)","Unfall 178000 (2017) Kat:2, Licht: 0","178000","2","6","4","07","07","6","0","0","0","1","0","0"
"POINT (11.576248817000021 48.187546236000060)","Unfall 178001 (2017) Kat:3, Licht: 0","178001","3","3","5","07","12","6","0","0","0","1","0","1"
"POINT (11.688633404000029 48.115581519000045)","Unfall 178002 (2017) Kat:3, Licht: 2","178002","3","3","5","07","22","6","1","2","1","1","0","0"
"POINT (11.566029305000029 48.149256669000067)","Unfall 178045 (2017) Kat:3, Licht: 0","178045","3","6","2","07","09","5","0","0","1","1","0","0"
"POINT (11.490323282000077 48.165361522000069)","Unfall 178046 (2017) Kat:3, Licht: 0","178046","3","3","5","07","13","5","0","0","1","1","0","0"
"POINT (11.533224087000065 48.153099800000064)","Unfall 178047 (2017) Kat:3, Licht: 2","178047","3","6","2","07","22","5","0","2","0","1","0","1"
"POINT (11.518450355000027 48.140141597000081)","Unfall 178048 (2017) Kat:3, Licht: 0","178048","3","2","3","07","19","5","0","0","1","0","0","1"
"POINT (11.568444099000033 48.131353039000032)","Unfall 178049 (2017) Kat:3, Licht: 0","178049","3","7","0","07","13","5","0","0","1","0","0","0"
"POINT (11.569689408000045 48.145502453000063)","Unfall 178050 (2017) Kat:3, Licht: 0","178050","3","4","6","07","12","5","0","0","1","0","1","0"
"POINT (11.542656768000029 48.104173491000040)","Unfall 178051 (2017) Kat:3, Licht: 0","178051","3","6","3","07","18","5","0","0","0","0","0","1"
"POINT (11.425902347000033 48.139352264000081)","Unfall 178052 (2017) Kat:3, Licht: 0","178052","3","7","3","07","18","5","0","0","0","1","0","1"
"POINT (11.587741316000063 48.201176063000048)","Unfall 178053 (2017) Kat:3, Licht: 0","178053","3","2","5","07","09","5","0","0","1","1","0","0"
"POINT (11.573890729000027 48.151989164000042)","Unfall 178054 (2017) Kat:3, Licht: 0","178054","3","4","6","07","11","5","0","0","0","1","1","0"
"POINT (11.647015446000069 48.130327907000037)","Unfall 178056 (2017) Kat:3, Licht: 0","178056","3","2","4","07","18","5","0","0","1","1","0","0"
"POINT (11.556059539000046 48.128433620000067)","Unfall 178057 (2017) Kat:3, Licht: 0","178057","3","3","5","07","17","5","0","0","0","1","0","0"
"POINT (11.664360597000041 48.146235288000071)","Unfall 178058 (2017) Kat:3, Licht: 0","178058","3","3","5","07","13","5","0","0","1","0","0","0"
"POINT (11.405183831000045 48.178864268000041)","Unfall 178060 (2017) Kat:3, Licht: 0","178060","3","3","5","07","11","5","0","0","1","1","0","0"
"POINT (11.590084641000033 48.115137786000048)","Unfall 178061 (2017) Kat:3, Licht: 0","178061","3","2","3","07","08","5","0","0","1","1","0","0"
"POINT (11.572587573000021 48.188614110000060)","Unfall 178137 (2017) Kat:3, Licht: 0","178137","3","6","3","07","08","4","0","0","1","0","0","0"
"POINT (11.523237008000024 48.095008888000052)","Unfall 178138 (2017) Kat:3, Licht: 2","178138","3","2","5","07","21","4","1","2","1","1","0","0"
"POINT (11.645117287000062 48.162777501000051)","Unfall 178139 (2017) Kat:3, Licht: 2","178139","3","3","5","07","22","4","1","2","0","1","0","0"
"POINT (11.562450877000060 48.186076861000060)","Unfall 178140 (2017) Kat:2, Licht: 0","178140","2","5","1","07","09","4","1","0","0","1","0","1"
"POINT (11.523301236000066 48.105856244000051)","Unfall 178141 (2017) Kat:3, Licht: 0","178141","3","5","1","07","09","4","1","0","0","1","0","0"
"POINT (11.595510035000075 48.145270872000026)","Unfall 178142 (2017) Kat:3, Licht: 0","178142","3","2","3","07","14","4","0","0","0","1","0","0"
"POINT (11.583035448000032 48.135392920000072)","Unfall 178143 (2017) Kat:3, Licht: 0","178143","3","3","5","07","19","4","0","0","0","1","0","0"
"POINT (11.594614925000030 48.164570539000067)","Unfall 178144 (2017) Kat:3, Licht: 0","178144","3","2","5","07","18","4","0","0","0","1","0","1"
"POINT (11.534252090000052 48.192805994000025)","Unfall 178145 (2017) Kat:3, Licht: 0","178145","3","6","2","07","17","4","0","0","0","1","0","0"
"POINT (11.503324884000051 48.116400887000054)","Unfall 178146 (2017) Kat:3, Licht: 0","178146","3","6","2","07","16","4","0","0","1","0","0","0"
"POINT (11.574713775000077 48.145519582000077)","Unfall 178147 (2017) Kat:2, Licht: 0","178147","2","6","3","07","10","4","0","0","0","1","0","1"
"POINT (11.573984841000026 48.152135289000057)","Unfall 178148 (2017) Kat:3, Licht: 0","178148","3","3","1","07","13","4","0","0","1","1","0","0"
"POINT (11.629683979000049 48.119055359000072)","Unfall 178149 (2017) Kat:2, Licht: 0","178149","2","3","5","07","07","4","1","0","1","1","0","0"
"POINT (11.532562096000049 48.154856562000077)","Unfall 178150 (2017) Kat:3, Licht: 0","178150","3","2","0","07","08","4","0","0","1","1","0","0"
"POINT (11.571845339000049 48.143943424000042)","Unfall 178151 (2017) Kat:3, Licht: 0","178151","3","4","6","07","19","4","0","0","1","0","1","0"
"POINT (11.502998386000058 48.126481469000055)","Unfall 178152 (2017) Kat:3, Licht: 0","178152","3","2","5","07","13","4","0","0","1","1","0","0"
"POINT (11.576335948000064 48.140406267000060)","Unfall 178227 (2017) Kat:3, Licht: 0","178227","3","7","4","07","07","3","0","0","1","1","0","0"
"POINT (11.552799385000071 48.161516534000043)","Unfall 178228 (2017) Kat:3, Licht: 0","178228","3","2","4","07","12","3","0","0","1","1","0","0"
"POINT (11.574618792000024 48.145530562000033)","Unfall 178229 (2017) Kat:3, Licht: 0","178229","3","6","3","07","15","3","0","0","0","0","0","0"
"POINT (11.599835820000067 48.103303476000065)","Unfall 178230 (2017) Kat:2, Licht: 0","178230","2","1","0","07","15","3","0","0","1","0","0","0"
"POINT (11.589729943000066 48.201353593000078)","Unfall 178231 (2017) Kat:3, Licht: 0","178231","3","6","2","07","13","3","0","0","0","1","0","0"
"POINT (11.509955966000064 48.094449596000061)","Unfall 178232 (2017) Kat:3, Licht: 0","178232","3","7","5","07","09","3","0","0","1","1","0","0"
"POINT (11.554765272000054 48.159903559000043)","Unfall 178233 (2017) Kat:2, Licht: 1","178233","2","7","0","07","21","3","1","1","1","0","0","0"
"POINT (11.563280691000045 48.207160327000054)","Unfall 178234 (2017) Kat:3, Licht: 0","178234","3","3","5","07","15","3","0","0","0","1","0","1"
"POINT (11.558761648000029 48.147582813000042)","Unfall 178236 (2017) Kat:3, Licht: 0","178236","3","3","4","07","18","3","0","0","0","1","0","1"
"POINT (11.562014007000073 48.149289286000055)","Unfall 178237 (2017) Kat:2, Licht: 0","178237","2","4","6","07","16","3","0","0","0","0","1","1"
"POINT (11.538698332000024 48.139738475000058)","Unfall 178238 (2017) Kat:3, Licht: 0","178238","3","7","1","07","09","3","1","0","1","1","0","0"
"POINT (11.508281994000072 48.098158944000033)","Unfall 178240 (2017) Kat:3, Licht: 0","178240","3","2","0","07","13","3","0","0","0","1","0","0"
"POINT (11.645245848000059 48.096759577000057)","Unfall 178241 (2017) Kat:2, Licht: 0","178241","2","6","0","07","15","3","0","0","1","1","0","0"
"POINT (11.596111400000041 48.107021820000057)","Unfall 178242 (2017) Kat:3, Licht: 0","178242","3","6","1","07","12","3","0","0","0","1","0","1"
"POINT (11.577764999000067 48.142984084000034)","Unfall 178243 (2017) Kat:3, Licht: 2","178243","3","7","0","07","21","3","0","2","1","0","0","0"
"POINT (11.555900525000027 48.137474386000065)","Unfall 178244 (2017) Kat:3, Licht: 0","178244","3","6","2","07","14","3","0","0","0","1","0","0"
"POINT (11.588387113000067 48.131688727000039)","Unfall 178275 (2017) Kat:3, Licht: 0","178275","3","6","2","07","19","2","0","0","0","1","0","1"
"POINT (11.568878404000031 48.157573371000069)","Unfall 178276 (2017) Kat:3, Licht: 0","178276","3","3","5","07","18","2","0","0","1","1","0","0"
"POINT (11.547080714000060 48.139250517000050)","Unfall 178277 (2017) Kat:3, Licht: 0","178277","3","2","2","07","16","2","0","0","0","0","0","1"
"POINT (11.584274395000023 48.143639538000059)","Unfall 178278 (2017) Kat:3, Licht: 0","178278","3","2","5","07","08","2","0","0","1","1","0","0"
"POINT (11.574712430000034 48.134207380000078)","Unfall 178279 (2017) Kat:3, Licht: 0","178279","3","7","4","07","09","2","0","0","1","0","1","0"
"POINT (11.659809642000027 48.118855747000055)","Unfall 178280 (2017) Kat:3, Licht: 0","178280","3","4","6","07","14","2","0","0","0","0","1","0"
"POINT (11.578621814000030 48.115999749000025)","Unfall 178281 (2017) Kat:3, Licht: 0","178281","3","5","3","07","09","2","0","0","1","1","0","0"
"POINT (11.585846126000035 48.143858340000065)","Unfall 178282 (2017) Kat:3, Licht: 0","178282","3","6","4","07","16","2","0","0","1","0","0","0"
"POINT (11.569886899000039 48.141187419000062)","Unfall 178283 (2017) Kat:3, Licht: 0","178283","3","6","3","07","15","2","0","0","0","1","0","0"
"POINT (11.584292980000043 48.139842354000052)","Unfall 178284 (2017) Kat:3, Licht: 0","178284","3","7","0","07","12","2","1","0","0","0","0","1"
"POINT (11.565348995000022 48.173369369000056)","Unfall 178285 (2017) Kat:3, Licht: 0","178285","3","6","3","07","13","2","0","0","1","1","0","0"
"POINT (11.604535906000024 48.105888111000070)","Unfall 178286 (2017) Kat:2, Licht: 0","178286","2","4","6","07","18","2","0","0","0","0","1","0"
"POINT (11.560079375000043 48.137838037000051)","Unfall 178287 (2017) Kat:3, Licht: 0","178287","3","4","6","07","18","2","0","0","0","1","1","0"
"POINT (11.629101834000039 48.159048628000050)","Unfall 178288 (2017) Kat:3, Licht: 0","178288","3","2","4","07","13","2","0","0","1","1","0","0"
"POINT (11.562883735000071 48.219757121000043)","Unfall 178289 (2017) Kat:3, Licht: 2","178289","3","1","8","07","04","2","0","2","0","1","0","0"
"POINT (11.585749834000069 48.121532668000043)","Unfall 178290 (2017) Kat:3, Licht: 0","178290","3","5","0","07","08","2","0","0","1","1","0","0"
"POINT (11.584630251000021 48.188070041000060)","Unfall 178291 (2017) Kat:3, Licht: 0","178291","3","6","3","07","07","2","0","0","0","1","0","0"
"POINT (11.462280881000027 48.161738399000058)","Unfall 178292 (2017) Kat:3, Licht: 0","178292","3","7","0","07","19","2","0","0","1","1","0","0"
"POINT (11.662488757000062 48.123035768000079)","Unfall 178294 (2017) Kat:3, Licht: 0","178294","3","7","0","07","10","2","0","0","1","0","0","0"
"POINT (11.642590277000068 48.086465660000044)","Unfall 178295 (2017) Kat:3, Licht: 0","178295","3","7","5","07","06","2","0","0","0","1","0","0"
"POINT (11.575068678000036 48.160403210000027)","Unfall 178296 (2017) Kat:3, Licht: 0","178296","3","1","0","07","15","2","0","0","1","0","0","0"
"POINT (11.582734162000065 48.153138097000067)","Unfall 178297 (2017) Kat:3, Licht: 0","178297","3","1","0","07","08","2","0","0","1","0","0","0"
"POINT (11.578871004000064 48.145280247000073)","Unfall 178298 (2017) Kat:3, Licht: 2","178298","3","6","5","07","23","2","0","2","1","1","0","0"
"POINT (11.574180806000072 48.170804583000063)","Unfall 178379 (2017) Kat:3, Licht: 0","178379","3","7","0","07","14","1","0","0","0","0","0","0"
"POINT (11.565193762000035 48.140887478000082)","Unfall 178380 (2017) Kat:3, Licht: 0","178380","3","6","1","07","18","1","0","0","0","1","0","0"
"POINT (11.553170780000073 48.212776824000059)","Unfall 178381 (2017) Kat:3, Licht: 0","178381","3","5","1","07","19","1","0","0","1","0","0","1"
"POINT (11.566810700000076 48.150420130000043)","Unfall 178382 (2017) Kat:3, Licht: 2","178382","3","2","3","07","01","1","0","2","0","1","0","1"
"POINT (11.610048728000038 48.132453870000063)","Unfall 178383 (2017) Kat:2, Licht: 0","178383","2","2","4","07","15","1","0","0","1","1","0","0"
"POINT (11.523397223000075 48.185789954000029)","Unfall 178384 (2017) Kat:2, Licht: 0","178384","2","5","0","07","16","1","0","0","1","1","0","0"
"POINT (11.664545700000076 48.121255688000076)","Unfall 178385 (2017) Kat:3, Licht: 0","178385","3","6","2","07","15","1","0","0","0","1","0","1"
"POINT (11.634619621000070 48.090905954000050)","Unfall 178386 (2017) Kat:3, Licht: 2","178386","3","1","0","07","22","1","0","2","0","0","0","1"
"POINT (11.573564112000042 48.120211591000043)","Unfall 178387 (2017) Kat:3, Licht: 0","178387","3","1","0","07","13","1","0","0","1","0","1","0"
"POINT (11.538180129000068 48.134894404000079)","Unfall 178446 (2017) Kat:3, Licht: 0","178446","3","6","4","07","18","7","0","0","1","1","0","0"
"POINT (11.531266952000067 48.183902708000062)","Unfall 178447 (2017) Kat:3, Licht: 0","178447","3","7","3","07","20","7","0","0","0","1","0","0"
"POINT (11.475706537000065 48.120880051000029)","Unfall 178449 (2017) Kat:3, Licht: 0","178449","3","3","5","07","19","7","0","0","0","1","0","1"
"POINT (11.581478019000031 48.117012617000057)","Unfall 178450 (2017) Kat:3, Licht: 0","178450","3","5","3","07","11","7","0","0","1","1","0","0"
"POINT (11.593694668000069 48.128272225000046)","Unfall 178451 (2017) Kat:3, Licht: 0","178451","3","5","1","07","19","7","0","0","1","1","0","0"
"POINT (11.636703416000046 48.100786161000030)","Unfall 178498 (2017) Kat:3, Licht: 0","178498","3","3","5","07","15","6","1","0","0","1","0","0"