WKT,Name,OBJECTID,UKATEGORIE,UTYP1,UART,UMONAT,USTUNDE,UWOCHENTAG,STRZUSTAND,ULICHTVERH,ISTRAD,ISTPKW,ISTFUSS,ISTKRAD
"POINT (11.557934409000040 48.145609441000033)","Unfall 178499 (2017) Kat:3, Licht: 0","178499","3","2","5","07","17","6","0","0","0","1","0","0"
"POINT (11.589073668000026 48.161266523000052)","Unfall 178500 (2017) Kat:2, Licht: 0","178500","2","2","6","07","10","6","0","0","0","1","1","0"
"POINT (11.586350343000049 48.163521810000077)","Unfall 178501 (2017) Kat:3, Licht: 0","178501","3","6","2","07","13","6","0","0","0","1","0","0"
"POINT (11.575995025000054 48.120404723000036)","Unfall 178502 (2017) Kat:3, Licht: 0","178502","3","3","0","07","14","6","1","0","1","1","0","0"
"POINT (11.543386506000047 48.157461360000070)","Unfall 178504 (2017) Kat:3, Licht: 0","178504","3","3","5","07","14","6","1","0","1","1","0","0"
"POINT (11.476663640000027 48.111988238000038)","Unfall 178505 (2017) Kat:3, Licht: 0","178505","3","7","1","07","07","6","0","0","0","1","0","1"
"POINT (11.547651607000034 48.101107607000074)","Unfall 178506 (2017) Kat:2, Licht: 0","178506","2","6","8","07","09","6","0","0","0","0","0","1"
"POINT (11.540172072000075 48.117629246000035)","Unfall 178507 (2017) Kat:3, Licht: 0","178507","3","4","6","07","06","6","0","0","0","1","1","0"
"POINT (11.524112048000063 48.197235054000032)","Unfall 178508 (2017) Kat:3, Licht: 0","178508","3","7","4","07","11","6","0","0","1","1","0","0"
"POINT (11.547261996000032 48.159923851000030)","Unfall 178509 (2017) Kat:3, Licht: 0","178509","3","6","2","07","10","6","0","0","0","1","0","0"
"POINT (11.502516473000071 48.117246149000039)","Unfall 178510 (2017) Kat:3, Licht: 0","178510","3","6","0","07","11","6","0","0","0","1","0","0"
"POINT (11.526824477000048 48.112813910000057)","Unfall 178511 (2017) Kat:3, Licht: 0","178511","3","7","0","07","15","6","1","0","0","1","0","1"
"POINT (11.548414832000049 48.111678251000058)","Unfall 178512 (2017) Kat:3, Licht: 0","178512","3","2","3","07","20","6","1","0","1","1","0","0"
"POINT (11.549456642000052 48.125197337000031)","Unfall 178513 (2017) Kat:3, Licht: 0","178513","3","1","0","07","14","6","1","0","0","0","0","1"
"POINT (11.572454080000057 48.130666838000081)","Unfall 178621 (2017) Kat:3, Licht: 0","178621","3","5","1","07","13","4","0","0","0","1","0","1"
"POINT (11.585777328000063 48.113266173000056)","Unfall 178622 (2017) Kat:3, Licht: 0","178622","3","2","5","07","07","4","1","0","0","1","0","1"
"POINT (11.608825832000036 48.105365797000047)","Unfall 178623 (2017) Kat:3, Licht: 0","178623","3","1","0","07","15","4","0","0","1","0","0","0"
"POINT (11.623108242000058 48.168248710000057)","Unfall 178624 (2017) Kat:3, Licht: 0","178624","3","1","8","07","16","4","0","0","1","0","0","0"
"POINT (11.599943966000069 48.148815948000049)","Unfall 178625 (2017) Kat:2, Licht: 0","178625","2","3","6","07","17","4","0","0","1","0","1","0"
"POINT (11.579816314000027 48.157347441000070)","Unfall 178626 (2017) Kat:3, Licht: 0","178626","3","5","3","07","08","4","0","0","1","1","0","0"
"POINT (11.552989531000037 48.126796605000038)","Unfall 178627 (2017) Kat:3, Licht: 0","178627","3","6","3","07","13","4","0","0","0","1","0","1"
"POINT (11.568028704000028 48.154301702000055)","Unfall 178628 (2017) Kat:3, Licht: 0","178628","3","7","0","07","07","4","1","0","0","1","0","1"
"POINT (11.651090653000040 48.129403271000058)","Unfall 178629 (2017) Kat:3, Licht: 0","178629","3","3","5","07","19","4","0","0","0","1","0","0"
"POINT (11.631804374000069 48.118561994000061)","Unfall 178630 (2017) Kat:3, Licht: 0","178630","3","7","6","07","15","4","0","0","0","0","1","0"
"POINT (11.592760297000041 48.129336794000039)","Unfall 178631 (2017) Kat:3, Licht: 2","178631","3","1","1","07","03","4","0","2","0","1","0","0"
"POINT (11.461329494000040 48.147178927000027)","Unfall 178632 (2017) Kat:3, Licht: 0","178632","3","6","3","07","16","4","0","0","1","0","0","0"
"POINT (11.508160003000057 48.180827455000042)","Unfall 178633 (2017) Kat:3, Licht: 0","178633","3","5","1","07","10","4","0","0","0","0","0","0"
"POINT (11.592232319000061 48.138790486000062)","Unfall 178635 (2017) Kat:3, Licht: 2","178635","3","2","2","07","23","4","0","2","1","1","0","0"
"POINT (11.476707374000057 48.174272570000028)","Unfall 178636 (2017) Kat:3, Licht: 2","178636","3","6","3","07","21","4","0","2","1","0","0","0"
"POINT (11.497539692000032 48.116388571000073)","Unfall 178637 (2017) Kat:3, Licht: 0","178637","3","2","3","07","14","4","0","0","1","1","0","0"
"POINT (11.646305288000065 48.107056693000061)","Unfall 178638 (2017) Kat:3, Licht: 0","178638","3","7","3","07","08","4","0","0","1","1","0","0"
"POINT (11.576474789000031 48.127670219000038)","Unfall 178639 (2017) Kat:3, Licht: 0","178639","3","6","3","07","20","4","0","0","0","1","0","1"
"POINT (11.540360638000038 48.118360070000051)","Unfall 178640 (2017) Kat:3, Licht: 0","178640","3","2","6","07","10","4","0","0","0","0","1","0"
"POINT (11.571541519000050 48.150837415000069)","Unfall 178641 (2017) Kat:3, Licht: 0","178641","3","7","0","07","18","4","0","0","1","0","0","0"
"POINT (11.597920489000046 48.086493225000027)","Unfall 178703 (2017) Kat:3, Licht: 0","178703","3","3","5","07","09","3","0","0","1","1","0","0"
"POINT (11.538880257000073 48.139726334000045)","Unfall 178704 (2017) Kat:3, Licht: 0","178704","3","6","1","07","10","3","0","0","0","1","0","0"
"POINT (11.517959123000026 48.145561797000028)","Unfall 178705 (2017) Kat:3, Licht: 0","178705","3","4","6","07","15","3","0","0","0","1","1","0"
"POINT (11.493358220000061 48.129147272000068)","Unfall 178706 (2017) Kat:3, Licht: 0","178706","3","2","5","07","08","3","0","0","1","0","0","0"
"POINT (11.503411222000068 48.125416007000069)","Unfall 178707 (2017) Kat:3, Licht: 0","178707","3","6","2","07","08","3","0","0","0","1","0","0"
"POINT (11.602005413000029 48.123812810000061)","Unfall 178708 (2017) Kat:3, Licht: 0","178708","3","2","5","07","15","3","0","0","0","1","0","0"
"POINT (11.579653233000045 48.147079157000064)","Unfall 178709 (2017) Kat:3, Licht: 0","178709","3","3","5","07","09","3","0","0","1","1","1","0"
"POINT (11.567321599000024 48.127465954000058)","Unfall 178710 (2017) Kat:3, Licht: 0","178710","3","3","5","07","18","3","0","0","1","0","0","0"
"POINT (11.476162027000044 48.163909742000044)","Unfall 178711 (2017) Kat:3, Licht: 0","178711","3","3","5","07","15","3","0","0","1","1","0","0"
"POINT (11.478871879000053 48.122288262000041)","Unfall 178712 (2017) Kat:3, Licht: 0","178712","3","2","4","07","18","3","0","0","0","1","0","0"
"POINT (11.575360400000022 48.155165270000055)","Unfall 178713 (2017) Kat:3, Licht: 0","178713","3","2","3","07","14","3","0","0","1","0","0","0"
"POINT (11.510004127000059 48.077607679000039)","Unfall 178714 (2017) Kat:2, Licht: 0","178714","2","7","0","07","15","3","0","0","1","0","0","0"
"POINT (11.489715459000024 48.179606275000026)","Unfall 178715 (2017) Kat:3, Licht: 0","178715","3","2","0","07","18","3","0","0","1","0","0","0"
"POINT (11.599958158000049 48.086791309000034)","Unfall 178716 (2017) Kat:3, Licht: 0","178716","3","6","2","07","11","3","0","0","1","1","0","0"
"POINT (11.459785027000066 48.149118630000032)","Unfall 178717 (2017) Kat:3, Licht: 0","178717","3","6","6","07","16","3","0","0","1","0","1","0"
"POINT (11.466549431000033 48.177560032000031)","Unfall 178718 (2017) Kat:3, Licht: 0","178718","3","6","2","07","17","3","0","0","0","1","0","0"
"POINT (11.551905392000037 48.148791733000053)","Unfall 178719 (2017) Kat:3, Licht: 0","178719","3","2","5","07","15","3","0","0","1","1","0","0"
"POINT (11.502950583000029 48.137185129000045)","Unfall 178720 (2017) Kat:2, Licht: 0","178720","2","6","1","07","05","3","0","0","0","1","0","1"
"POINT (11.496839610000052 48.089939709000078)","Unfall 178721 (2017) Kat:3, Licht: 0","178721","3","7","0","07","20","3","0","0","1","1","0","0"
"POINT (11.671804432000044 48.121463683000059)","Unfall 178723 (2017) Kat:3, Licht: 0","178723","3","5","1","07","16","3","0","0","0","1","0","0"
"POINT (11.673940925000068 48.083710581000048)","Unfall 178724 (2017) Kat:2, Licht: 0","178724","2","3","5","07","08","3","0","0","0","1","0","0"
"POINT (11.581207653000035 48.138835081000082)","Unfall 178725 (2017) Kat:3, Licht: 0","178725","3","3","5","07","15","3","0","0","1","0","0","0"
"POINT (11.615908579000063 48.138176540000075)","Unfall 178726 (2017) Kat:3, Licht: 0","178726","3","2","4","07","06","3","0","0","0","1","0","0"
"POINT (11.557432099000039 48.132623144000036)","Unfall 178727 (2017) Kat:3, Licht: 0","178727","3","5","0","07","08","3","0","0","1","1","0","0"
"POINT (11.597829793000074 48.149618520000047)","Unfall 178728 (2017) Kat:3, Licht: 0","178728","3","2","0","07","09","3","0","0","1","1","0","0"
"POINT (11.579704966000065 48.147186766000061)","Unfall 178729 (2017) Kat:3, Licht: 2","178729","3","7","0","07","22","3","0","2","1","0","0","0"
"POINT (11.566416870000069 48.133236354000076)","Unfall 178730 (2017) Kat:3, Licht: 0","178730","3","7","3","07","14","3","0","0","1","1","0","0"
"POINT (11.574408983000069 48.150688759000047)","Unfall 178808 (2017) Kat:3, Licht: 0","178808","3","6","2","07","19","2","0","0","1","1","0","0"
"POINT (11.466547063000064 48.164770239000063)","Unfall 178810 (2017) Kat:3, Licht: 1","178810","3","7","3","07","05","5","0","1","0","1","0","1"
"POINT (11.511464739000075 48.130285909000065)","Unfall 178813 (2017) Kat:3, Licht: 0","178813","3","5","1","07","11","5","0","0","1","1","0","0"
"POINT (11.479513623000059 48.125831534000042)","Unfall 178814 (2017) Kat:3, Licht: 0","178814","3","3","5","07","13","5","0","0","0","1","0","0"
"POINT (11.489841744000046 48.180182220000063)","Unfall 178821 (2017) Kat:3, Licht: 0","178821","3","3","0","07","12","5","0","0","1","1","0","0"
"POINT (11.557344809000028 48.167539839000028)","Unfall 178822 (2017) Kat:3, Licht: 0","178822","3","3","5","07","09","5","0","0","1","0","0","0"
"POINT (11.583911229000023 48.132875447000060)","Unfall 178825 (2017) Kat:3, Licht: 0","178825","3","7","0","07","09","5","0","0","1","0","1","0"
"POINT (11.605048474000057 48.133138730000042)","Unfall 178826 (2017) Kat:2, Licht: 0","178826","2","2","5","07","08","5","0","0","1","1","0","0"
"POINT (11.583357671000044 48.154929741000046)","Unfall 178828 (2017) Kat:3, Licht: 0","178828","3","7","4","07","18","5","1","0","0","1","0","1"
"POINT (11.542226828000025 48.137754302000076)","Unfall 178829 (2017) Kat:3, Licht: 0","178829","3","3","5","07","17","5","0","0","0","1","0","0"
"POINT (11.576431607000075 48.187668436000081)","Unfall 178832 (2017) Kat:3, Licht: 0","178832","3","2","2","07","14","5","1","0","0","1","0","1"
"POINT (11.630336456000066 48.099853033000045)","Unfall 178833 (2017) Kat:3, Licht: 0","178833","3","2","5","07","16","5","1","0","1","1","0","0"
"POINT (11.546626040000035 48.186217218000081)","Unfall 178835 (2017) Kat:3, Licht: 0","178835","3","6","2","07","18","1","0","0","0","1","0","0"
"POINT (11.603171858000053 48.112108933000059)","Unfall 178839 (2017) Kat:3, Licht: 0","178839","3","1","1","07","18","1","0","0","1","1","0","0"
"POINT (11.609981200000050 48.132482461000052)","Unfall 178840 (2017) Kat:3, Licht: 2","178840","3","3","5","07","21","1","0","2","0","1","0","0"
"POINT (11.529356559000064 48.181778799000028)","Unfall 178841 (2017) Kat:3, Licht: 0","178841","3","7","2","07","18","1","0","0","0","1","0","1"
"POINT (11.561901610000064 48.128631281000025)","Unfall 178842 (2017) Kat:3, Licht: 2","178842","3","3","5","07","21","1","1","2","1","1","0","0"
"POINT (11.618885035000062 48.108535621000044)","Unfall 178843 (2017) Kat:3, Licht: 0","178843","3","6","4","07","17","1","0","0","1","0","0","0"
"POINT (11.533734099000071 48.115978680000069)","Unfall 178844 (2017) Kat:3, Licht: 0","178844","3","3","0","07","19","1","0","0","0","1","0","1"
"POINT (11.555283035000059 48.139169096000046)","Unfall 178845 (2017) Kat:3, Licht: 0","178845","3","1","0","07","11","1","0","0","1","0","0","0"
"POINT (11.570240125000055 48.158608505000075)","Unfall 178846 (2017) Kat:2, Licht: 0","178846","2","4","6","07","14","1","0","0","1","0","1","0"
"POINT (11.601983748000066 48.154918213000030)","Unfall 178847 (2017) Kat:3, Licht: 1","178847","3","1","9","07","05","1","1","1","0","1","0","0"
"POINT (11.499585850000074 48.181782584000075)","Unfall 178891 (2017) Kat:3, Licht: 0","178891","3","3","5","07","18","7","0","0","0","1","0","0"
"POINT (11.597536147000028 48.128531708000025)","Unfall 178892 (2017) Kat:3, Licht: 0","178892","3","7","0","07","15","7","0","0","1","0","0","0"
"POINT (11.640517154000065 48.148794239000040)","Unfall 178893 (2017) Kat:3, Licht: 0","178893","3","1","6","07","11","7","0","0","0","1","1","0"
"POINT (11.566273026000033 48.167798725000068)","Unfall 178894 (2017) Kat:3, Licht: 0","178894","3","7","0","07","19","7","0","0","0","1","0","0"
"POINT (11.570928512000023 48.142206662000035)","Unfall 178895 (2017) Kat:3, Licht: 2","178895","3","3","5","07","00","7","0","2","0","1","0","0"
"POINT (11.584183849000055 48.181719761000068)","Unfall 178896 (2017) Kat:3, Licht: 0","178896","3","7","6","07","15","7","0","0","1","0","1","0"
"POINT (11.412666804000025 48.161596864000046)","Unfall 178897 (2017) Kat:3, Licht: 0","178897","3","2","3","07","13","7","0","0","1","1","0","0"
"POINT (11.537813461000042 48.166037487000040)","Unfall 178898 (2017) Kat:3, Licht: 0","178898","3","6","2","07","12","7","0","0","0","1","0","0"
"POINT (11.558187123000039 48.126361260000067)","Unfall 178899 (2017) Kat:3, Licht: 0","178899","3","1","0","07","18","7","0","0","0","0","0","1"
"POINT (11.616250258000036 48.148116039000058)","Unfall 178900 (2017) Kat:3, Licht: 0","178900","3","6","3","07","16","7","0","0","0","1","0","0"
"POINT (11.593901728000048 48.128599454000039)","Unfall 178901 (2017) Kat:3, Licht: 0","178901","3","7","4","07","20","7","0","0","0","1","0","1"
"POINT (11.586323629000049 48.167940336000072)","Unfall 178902 (2017) Kat:3, Licht: 0","178902","3","6","2","07","16","7","0","0","0","1","0","0"
"POINT (11.589197698000021 48.137413803000072)","Unfall 178903 (2017) Kat:3, Licht: 0","178903","3","3","5","07","11","7","0","0","0","1","0","1"
"POINT (11.540451498000039 48.125303297000073)","Unfall 178961 (2017) Kat:3, Licht: 0","178961","3","7","0","07","18","6","0","0","0","0","0","1"
"POINT (11.580349085000023 48.139063408000027)","Unfall 178962 (2017) Kat:3, Licht: 0","178962","3","4","0","07","12","6","0","0","0","0","1","1"
"POINT (11.576892513000075 48.151729747000047)","Unfall 178963 (2017) Kat:3, Licht: 0","178963","3","2","5","07","11","6","0","0","1","1","0","0"
"POINT (11.519590616000073 48.094629710000049)","Unfall 178964 (2017) Kat:3, Licht: 0","178964","3","1","0","07","08","6","0","0","1","0","0","0"
"POINT (11.577745879000076 48.153036833000044)","Unfall 178966 (2017) Kat:3, Licht: 2","178966","3","7","1","07","23","6","0","2","0","1","0","1"
"POINT (11.516980246000060 48.141740569000035)","Unfall 178967 (2017) Kat:3, Licht: 0","178967","3","2","3","07","20","6","0","0","1","1","0","0"
"POINT (11.547637641000051 48.159508995000067)","Unfall 178968 (2017) Kat:3, Licht: 0","178968","3","2","4","07","08","6","0","0","1","1","0","0"
"POINT (11.553719538000053 48.172097866000058)","Unfall 178969 (2017) Kat:2, Licht: 0","178969","2","6","4","07","07","6","0","0","1","0","0","0"
"POINT (11.616454311000041 48.124681044000056)","Unfall 178971 (2017) Kat:3, Licht: 0","178971","3","7","3","07","14","6","0","0","0","1","0","1"
"POINT (11.558077429000036 48.145540426000025)","Unfall 178972 (2017) Kat:3, Licht: 0","178972","3","3","5","07","12","6","0","0","0","1","0","0"
"POINT (11.519199017000062 48.177084244000071)","Unfall 178973 (2017) Kat:3, Licht: 0","178973","3","5","0","07","14","6","0","0","0","1","0","0"
"POINT (11.515864436000072 48.084145902000046)","Unfall 178974 (2017) Kat:3, Licht: 0","178974","3","3","5","07","11","6","0","0","0","1","0","0"
"POINT (11.583021122000048 48.133511014000078)","Unfall 178975 (2017) Kat:3, Licht: 0","178975","3","7","0","07","11","6","0","0","1","1","0","0"
"POINT (11.458145275000049 48.149650416000043)","Unfall 178976 (2017) Kat:3, Licht: 0","178976","3","3","1","07","18","6","0","0","1","1","0","0"
"POINT (11.423395075000030 48.161301877000028)","Unfall 178977 (2017) Kat:3, Licht: 0","178977","3","2","6","07","07","6","0","0","0","0","1","0"
"POINT (11.510940639000069 48.181572906000042)","Unfall 178978 (2017) Kat:3, Licht: 0","178978","3","5","1","07","10","6","0","0","0","1","0","1"
"POINT (11.508252282000058 48.178598362000059)","Unfall 178979 (2017) Kat:3, Licht: 0","178979","3","5","1","07","16","6","0","0","0","0","0","0"
"POINT (11.548783814000046 48.191700935000028)","Unfall 178980 (2017) Kat:3, Licht: 0","178980","3","2","0","07","14","6","0","0","0","1","0","1"
"POINT (11.531333756000038 48.148367219000079)","Unfall 178981 (2017) Kat:3, Licht: 0","178981","3","2","2","07","17","6","0","0","1","0","0","0"
"POINT (11.511492874000055 48.156280006000031)","Unfall 178982 (2017) Kat:3, Licht: 0","178982","3","6","2","07","13","6","0","0","0","1","0","0"
"POINT (11.528540667000073 48.098335808000058)","Unfall 178983 (2017) Kat:3, Licht: 0","178983","3","2","5","07","12","6","0","0","1","0","0","1"
"POINT (11.646661800000061 48.103609868000035)","Unfall 178985 (2017) Kat:3, Licht: 0","178985","3","2","4","07","07","6","0","0","1","1","0","0"
"POINT (11.579520388000049 48.115139234000026)","Unfall 178986 (2017) Kat:3, Licht: 0","178986","3","2","5","07","12","6","0","0","1","1","0","0"
"POINT (11.594682349000038 48.129460784000059)","Unfall 178987 (2017) Kat:3, Licht: 0","178987","3","3","5","07","07","6","0","0","0","1","0","1"
"POINT (11.585061553000060 48.132446802000061)","Unfall 178988 (2017) Kat:3, Licht: 0","178988","3","2","5","07","09","6","0","0","1","1","0","0"
"POINT (11.583947311000031 48.140081773000077)","Unfall 178989 (2017) Kat:3, Licht: 0","178989","3","6","3","07","14","6","0","0","0","1","0","0"
"POINT (11.513995398000077 48.162567493000040)","Unfall 179052 (2017) Kat:3, Licht: 0","179052","3","2","5","07","18","5","0","0","1","1","0","0"
"POINT (11.523639165000077 48.098750090000067)","Unfall 179053 (2017) Kat:3, Licht: 0","179053","3","3","6","07","11","5","0","0","0","1","1","0"
"POINT (11.478327929000045 48.197514291000061)","Unfall 179054 (2017) Kat:3, Licht: 0","179054","3","3","5","07","16","5","1","0","0","0","0","1"
"POINT (11.572616731000039 48.188191596000081)","Unfall 179056 (2017) Kat:3, Licht: 0","179056","3","2","3","07","12","5","0","0","1","1","0","0"
"POINT (11.543000495000058 48.111830456000064)","Unfall 179057 (2017) Kat:3, Licht: 0","179057","3","7","0","07","18","5","0","0","1","0","0","0"
"POINT (11.554048554000076 48.142484488000036)","Unfall 179059 (2017) Kat:3, Licht: 0","179059","3","2","5","07","17","5","1","0","0","1","1","0"
"POINT (11.573553359000073 48.170254344000057)","Unfall 179109 (2017) Kat:3, Licht: 0","179109","3","7","0","07","08","4","1","0","0","0","0","0"
"POINT (11.581163972000070 48.150084332000063)","Unfall 179110 (2017) Kat:3, Licht: 0","179110","3","3","5","07","14","4","1","0","0","1","0","0"
"POINT (11.645090816000049 48.162799016000065)","Unfall 179111 (2017) Kat:3, Licht: 2","179111","3","3","5","07","20","4","1","2","0","1","0","0"
"POINT (11.600063633000048 48.140646168000046)","Unfall 179112 (2017) Kat:3, Licht: 0","179112","3","2","4","07","10","4","1","0","1","1","0","0"
"POINT (11.671024034000027 48.115525792000028)","Unfall 179113 (2017) Kat:3, Licht: 0","179113","3","3","5","07","07","4","1","0","0","1","0","0"
"POINT (11.565164638000056 48.139407580000068)","Unfall 179114 (2017) Kat:3, Licht: 0","179114","3","6","2","07","17","4","1","0","0","1","0","0"
"POINT (11.567607596000073 48.140391357000055)","Unfall 179115 (2017) Kat:3, Licht: 0","179115","3","5","1","07","18","4","1","0","0","1","0","0"
"POINT (11.509314934000031 48.179397739000080)","Unfall 179116 (2017) Kat:3, Licht: 0","179116","3","3","5","07","17","4","1","0","0","1","0","0"
"POINT (11.573233658000049 48.116638209000030)","Unfall 179118 (2017) Kat:3, Licht: 0","179118","3","2","0","07","19","4","1","0","0","1","0","1"
"POINT (11.574290289000032 48.132941211000059)","Unfall 179119 (2017) Kat:3, Licht: 0","179119","3","3","5","07","10","4","1","0","1","1","0","0"
"POINT (11.517315673000041 48.117796669000029)","Unfall 179120 (2017) Kat:2, Licht: 0","179120","2","3","1","07","18","4","1","0","0","1","0","1"
"POINT (11.511442820000070 48.181229454000061)","Unfall 179122 (2017) Kat:3, Licht: 1","179122","3","2","5","07","06","4","1","1","1","1","0","0"
"POINT (11.565247466000073 48.167862532000072)","Unfall 179123 (2017) Kat:3, Licht: 0","179123","3","2","5","07","17","4","1","0","1","1","0","0"
"POINT (11.544800821000024 48.150202506000028)","Unfall 179124 (2017) Kat:3, Licht: 0","179124","3","6","2","07","13","4","1","0","0","1","0","0"
"POINT (11.558970974000033 48.147686611000040)","Unfall 179125 (2017) Kat:2, Licht: 2","179125","2","2","5","07","21","4","1","2","1","0","0","0"
"POINT (11.568893545000037 48.158947769000065)","Unfall 179126 (2017) Kat:3, Licht: 0","179126","3","6","2","07","18","4","1","0","0","1","0","0"
"POINT (11.555083913000033 48.144358310000030)","Unfall 179181 (2017) Kat:3, Licht: 0","179181","3","1","1","07","08","3","1","0","0","1","0","1"
"POINT (11.643806764000033 48.124024473000077)","Unfall 179182 (2017) Kat:3, Licht: 0","179182","3","2","4","07","18","3","1","0","0","1","0","0"
"POINT (11.502529221000032 48.112414873000034)","Unfall 179183 (2017) Kat:2, Licht: 0","179183","2","3","5","07","12","3","0","0","1","0","0","0"
"POINT (11.610113584000032 48.132372630000077)","Unfall 179184 (2017) Kat:2, Licht: 0","179184","2","3","5","07","17","3","1","0","1","1","0","0"
"POINT (11.581296294000026 48.138921998000058)","Unfall 179185 (2017) Kat:3, Licht: 0","179185","3","2","6","07","11","3","0","0","0","1","1","0"
"POINT (11.615683575000048 48.189386600000034)","Unfall 179186 (2017) Kat:3, Licht: 0","179186","3","1","0","07","16","3","1","0","0","0","0","1"
"POINT (11.511473362000061 48.156873195000060)","Unfall 179187 (2017) Kat:3, Licht: 0","179187","3","4","6","07","12","3","1","0","0","1","1","0"
"POINT (11.570129452000060 48.113075546000061)","Unfall 179189 (2017) Kat:3, Licht: 2","179189","3","3","5","07","19","3","1","2","0","1","0","0"
"POINT (11.553866325000058 48.127285197000049)","Unfall 179239 (2017) Kat:3, Licht: 0","179239","3","4","6","07","16","2","1","0","1","0","1","0"
"POINT (11.558382633000065 48.146415196000078)","Unfall 179240 (2017) Kat:3, Licht: 0","179240","3","3","5","07","10","2","1","0","1","1","0","0"
"POINT (11.603589449000026 48.110719760000052)","Unfall 179241 (2017) Kat:3, Licht: 0","179241","3","6","5","07","17","2","1","0","1","1","0","0"
"POINT (11.636129642000071 48.098922646000062)","Unfall 179242 (2017) Kat:3, Licht: 0","179242","3","1","7","07","08","2","1","0","1","0","0","0"
"POINT (11.569160467000074 48.131144108000058)","Unfall 179243 (2017) Kat:3, Licht: 0","179243","3","3","5","07","17","2","0","0","0","1","0","0"
"POINT (11.533226433000038 48.153097266000032)","Unfall 179244 (2017) Kat:3, Licht: 0","179244","3","6","2","07","14","2","1","0","0","1","0","0"
"POINT (11.512290248000056 48.127572476000068)","Unfall 179245 (2017) Kat:3, Licht: 0","179245","3","7","0","07","18","2","0","0","0","0","1","0"
"POINT (11.553936538000073 48.127326426000081)","Unfall 179246 (2017) Kat:3, Licht: 0","179246","3","6","2","07","12","2","1","0","0","1","0","0"
"POINT (11.577248317000056 48.138855019000061)","Unfall 179247 (2017) Kat:3, Licht: 0","179247","3","4","6","07","11","2","1","0","1","0","1","0"
"POINT (11.587770908000039 48.137708730000043)","Unfall 179248 (2017) Kat:3, Licht: 0","179248","3","1","0","07","07","2","1","0","1","0","0","0"
"POINT (11.572513279000077 48.181771479000076)","Unfall 179249 (2017) Kat:3, Licht: 0","179249","3","3","1","07","09","2","1","0","0","1","0","1"
"POINT (11.520138526000039 48.150175718000071)","Unfall 179250 (2017) Kat:3, Licht: 1","179250","3","2","6","07","20","2","1","1","0","1","1","0"
"POINT (11.539354473000060 48.151284067000063)","Unfall 179251 (2017) Kat:3, Licht: 0","179251","3","4","6","07","10","2","0","0","1","0","1","0"
"POINT (11.525101241000073 48.132562972000073)","Unfall 179252 (2017) Kat:3, Licht: 0","179252","3","6","2","07","13","2","1","0","0","1","0","0"
"POINT (11.608138675000077 48.140199965000079)","Unfall 179253 (2017) Kat:3, Licht: 0","179253","3","3","5","07","15","2","1","0","0","1","0","0"
"POINT (11.581513385000051 48.158718500000077)","Unfall 179254 (2017) Kat:3, Licht: 0","179254","3","3","5","07","16","2","0","0","1","1","0","0"
"POINT (11.494630069000038 48.112126341000078)","Unfall 179321 (2017) Kat:3, Licht: 0","179321","3","3","5","07","16","1","0","0","1","1","0","0"
"POINT (11.508260508000035 48.152972235000050)","Unfall 179322 (2017) Kat:3, Licht: 0","179322","3","6","2","07","15","1","0","0","0","1","0","0"
"POINT (11.560560965000036 48.152597461000028)","Unfall 179323 (2017) Kat:3, Licht: 2","179323","3","7","0","07","23","1","1","2","1","0","0","0"
"POINT (11.546821104000060 48.123313998000071)","Unfall 179324 (2017) Kat:2, Licht: 0","179324","2","5","1","07","17","1","0","0","0","1","0","1"
"POINT (11.521958841000071 48.098965314000054)","Unfall 179325 (2017) Kat:2, Licht: 2","179325","2","2","3","07","22","1","0","2","0","1","0","0"
"POINT (11.616550845000063 48.148836455000037)","Unfall 179326 (2017) Kat:3, Licht: 0","179326","3","2","6","07","18","1","0","0","0","0","1","1"
"POINT (11.567751813000029 48.122874018000061)","Unfall 179327 (2017) Kat:3, Licht: 0","179327","3","1","0","07","15","1","0","0","0","0","0","1"
"POINT (11.540745325000046 48.125310815000034)","Unfall 179328 (2017) Kat:2, Licht: 0","179328","2","2","4","07","19","1","1","0","0","1","0","1"
"POINT (11.579181637000033 48.146068543000069)","Unfall 179383 (2017) Kat:3, Licht: 1","179383","3","6","2","07","20","7","0","1","0","1","0","1"
"POINT (11.471881706000033 48.164675085000056)","Unfall 179385 (2017) Kat:2, Licht: 0","179385","2","6","2","07","10","7","0","0","0","1","0","1"
"POINT (11.547251423000034 48.158786626000051)","Unfall 179386 (2017) Kat:2, Licht: 0","179386","2","7","6","07","18","7","0","0","0","1","1","0"
"POINT (11.483764627000028 48.130174440000076)","Unfall 179387 (2017) Kat:2, Licht: 0","179387","2","4","6","07","07","7","0","0","0","0","1","0"
"POINT (11.421483540000054 48.147442592000061)","Unfall 179388 (2017) Kat:3, Licht: 2","179388","3","3","5","07","22","7","0","2","0","1","0","0"
"POINT (11.547134405000065 48.159398169000042)","Unfall 179389 (2017) Kat:3, Licht: 0","179389","3","2","0","07","14","7","0","0","1","1","0","0"
"POINT (11.520212333000075 48.145770719000041)","Unfall 179390 (2017) Kat:3, Licht: 0","179390","3","7","0","07","16","7","0","0","1","0","0","0"
"POINT (11.502838437000037 48.127709486000072)","Unfall 179391 (2017) Kat:3, Licht: 0","179391","3","3","0","07","08","7","0","0","0","1","0","1"
"POINT (11.565492642000038 48.113379337000026)","Unfall 179392 (2017) Kat:3, Licht: 0","179392","3","6","2","07","16","7","0","0","0","1","0","0"