WKT,Name,OBJECTID,UKATEGORIE,UTYP1,UART,UMONAT,USTUNDE,UWOCHENTAG,STRZUSTAND,ULICHTVERH,ISTRAD,ISTPKW,ISTFUSS,ISTKRAD
"POINT (11.555897265000056 48.134874276000062)","Unfall 179393 (2017) Kat:3, Licht: 0","179393","3","6","3","07","15","7","0","0","1","0","0","0"
"POINT (11.577333440000075 48.128439860000071)","Unfall 179394 (2017) Kat:3, Licht: 1","179394","3","6","3","07","20","7","0","1","0","1","0","1"
"POINT (11.567524098000035 48.133586056000070)","Unfall 179461 (2017) Kat:3, Licht: 0","179461","3","7","0","07","17","6","0","0","1","0","0","0"
"POINT (11.566690160000064 48.136569599000040)","Unfall 179462 (2017) Kat:3, Licht: 2","179462","3","3","5","07","01","6","0","2","0","1","0","0"
"POINT (11.572566560000041 48.188926538000032)","Unfall 179463 (2017) Kat:2, Licht: 2","179463","2","7","0","07","00","6","1","2","0","0","0","1"
"POINT (11.505871965000040 48.091361650000067)","Unfall 179464 (2017) Kat:3, Licht: 0","179464","3","3","5","07","11","6","0","0","0","1","0","1"
"POINT (11.411999768000044 48.175621673000080)","Unfall 179466 (2017) Kat:3, Licht: 0","179466","3","3","5","07","13","6","0","0","0","1","0","0"
"POINT (11.560443908000025 48.123603430000060)","Unfall 179467 (2017) Kat:3, Licht: 0","179467","3","4","6","07","20","6","0","0","1","0","1","0"
"POINT (11.642054030000054 48.158636251000075)","Unfall 179468 (2017) Kat:3, Licht: 0","179468","3","3","5","07","20","6","0","0","1","1","0","0"
"POINT (11.562363684000047 48.172109914000032)","Unfall 179469 (2017) Kat:3, Licht: 0","179469","3","7","2","07","18","6","0","0","0","1","0","1"
"POINT (11.612220379000064 48.131514241000048)","Unfall 179470 (2017) Kat:3, Licht: 0","179470","3","7","0","07","16","6","0","0","1","0","0","0"
"POINT (11.503088386000059 48.135357272000078)","Unfall 179471 (2017) Kat:3, Licht: 0","179471","3","3","5","07","16","6","0","0","0","1","0","0"
"POINT (11.503308672000060 48.147423096000068)","Unfall 179472 (2017) Kat:3, Licht: 0","179472","3","6","2","07","16","6","0","0","0","1","0","1"
"POINT (11.542451991000064 48.162796725000078)","Unfall 179473 (2017) Kat:3, Licht: 0","179473","3","4","6","07","10","6","0","0","0","1","1","0"
"POINT (11.567178191000039 48.187306569000043)","Unfall 179476 (2017) Kat:3, Licht: 0","179476","3","6","2","07","14","6","0","0","0","1","0","0"
"POINT (11.456788945000028 48.165301799000076)","Unfall 179477 (2017) Kat:3, Licht: 0","179477","3","6","2","07","19","6","0","0","0","1","0","1"
"POINT (11.534239737000064 48.192669850000073)","Unfall 179478 (2017) Kat:2, Licht: 0","179478","2","1","8","07","18","6","0","0","0","0","0","1"
"POINT (11.543888772000059 48.207533325000043)","Unfall 179479 (2017) Kat:3, Licht: 1","179479","3","6","6","07","20","6","0","1","0","1","1","0"
"POINT (11.565005390000067 48.140944651000041)","Unfall 179480 (2017) Kat:3, Licht: 0","179480","3","6","3","07","19","6","0","0","0","1","0","0"
"POINT (11.585462322000069 48.161988973000064)","Unfall 179481 (2017) Kat:3, Licht: 0","179481","3","7","0","07","17","6","0","0","0","1","0","1"
"POINT (11.573937026000067 48.152061048000064)","Unfall 179482 (2017) Kat:3, Licht: 0","179482","3","5","1","07","16","6","0","0","1","1","0","0"
"POINT (11.578373903000056 48.138665530000026)","Unfall 179483 (2017) Kat:3, Licht: 0","179483","3","7","1","07","11","6","0","0","0","1","0","1"
"POINT (11.562074222000035 48.131245312000033)","Unfall 179547 (2017) Kat:3, Licht: 0","179547","3","6","2","07","07","5","0","0","0","1","0","0"
"POINT (11.503801224000028 48.082031385000050)","Unfall 179548 (2017) Kat:2, Licht: 0","179548","2","2","4","07","14","5","1","0","0","1","0","0"
"POINT (11.582927545000075 48.184263775000034)","Unfall 179549 (2017) Kat:3, Licht: 0","179549","3","2","4","07","07","5","0","0","1","1","0","0"
"POINT (11.630344248000029 48.100450641000066)","Unfall 179550 (2017) Kat:2, Licht: 0","179550","2","2","3","07","16","5","1","0","1","1","0","0"
"POINT (11.576343562000034 48.186727642000051)","Unfall 179551 (2017) Kat:3, Licht: 0","179551","3","4","6","07","18","5","0","0","1","0","1","0"
"POINT (11.615355162000071 48.198872501000039)","Unfall 179552 (2017) Kat:3, Licht: 0","179552","3","6","2","07","15","5","0","0","0","1","0","0"
"POINT (11.549115660000041 48.160303511000052)","Unfall 179553 (2017) Kat:3, Licht: 0","179553","3","4","6","07","20","5","1","0","1","0","1","0"
"POINT (11.502611198000068 48.126049906000048)","Unfall 179554 (2017) Kat:3, Licht: 0","179554","3","2","5","07","16","5","0","0","1","0","0","0"
"POINT (11.686937259000047 48.101028285000041)","Unfall 179556 (2017) Kat:3, Licht: 0","179556","3","5","1","07","15","5","1","0","1","1","0","0"
"POINT (11.557882381000070 48.096896148000042)","Unfall 179557 (2017) Kat:3, Licht: 0","179557","3","2","3","07","17","5","1","0","1","1","0","0"
"POINT (11.607222839000030 48.139438924000046)","Unfall 179558 (2017) Kat:3, Licht: 0","179558","3","7","0","07","07","5","0","0","1","0","0","0"
"POINT (11.628571782000051 48.149181443000032)","Unfall 179559 (2017) Kat:3, Licht: 0","179559","3","6","4","07","16","5","1","0","0","1","0","1"
"POINT (11.527488839000057 48.112847172000045)","Unfall 179560 (2017) Kat:3, Licht: 0","179560","3","4","6","07","19","5","0","0","0","1","1","0"
"POINT (11.571357604000070 48.128807026000061)","Unfall 179561 (2017) Kat:3, Licht: 0","179561","3","6","1","07","17","5","0","0","1","1","0","0"
"POINT (11.558367378000071 48.126563921000070)","Unfall 179562 (2017) Kat:2, Licht: 0","179562","2","3","5","07","16","5","1","0","0","1","0","1"
"POINT (11.562572380000063 48.158197991000065)","Unfall 179563 (2017) Kat:3, Licht: 0","179563","3","7","1","07","12","5","0","0","1","1","0","0"
"POINT (11.563872962000062 48.156945554000060)","Unfall 179564 (2017) Kat:3, Licht: 0","179564","3","3","5","07","06","5","0","0","0","1","0","0"
"POINT (11.507345196000074 48.182545531000073)","Unfall 179593 (2017) Kat:3, Licht: 0","179593","3","7","0","08","18","4","0","0","1","0","0","0"
"POINT (11.547850352000069 48.176299516000029)","Unfall 179594 (2017) Kat:3, Licht: 0","179594","3","6","4","08","07","4","0","0","1","0","0","0"
"POINT (11.534006645000034 48.138746128000037)","Unfall 179595 (2017) Kat:3, Licht: 0","179595","3","2","3","08","18","4","0","0","1","1","0","0"
"POINT (11.503235478000022 48.135355585000070)","Unfall 179596 (2017) Kat:2, Licht: 0","179596","2","4","6","08","17","4","0","0","0","1","1","0"
"POINT (11.582904935000045 48.154081285000075)","Unfall 179597 (2017) Kat:3, Licht: 0","179597","3","7","5","08","13","4","0","0","0","1","0","1"
"POINT (11.507047223000029 48.152538561000028)","Unfall 179598 (2017) Kat:3, Licht: 0","179598","3","3","0","08","11","4","1","0","0","1","0","1"
"POINT (11.545835043000068 48.103914508000059)","Unfall 179599 (2017) Kat:3, Licht: 0","179599","3","2","3","08","10","4","0","0","0","1","0","1"
"POINT (11.556259379000039 48.142158216000041)","Unfall 179600 (2017) Kat:2, Licht: 0","179600","2","7","3","08","17","4","0","0","1","1","0","0"
"POINT (11.584596912000052 48.115205993000075)","Unfall 179601 (2017) Kat:2, Licht: 2","179601","2","7","1","08","23","4","0","2","0","1","0","0"
"POINT (11.548605432000045 48.112146804000076)","Unfall 179602 (2017) Kat:2, Licht: 0","179602","2","2","4","08","14","4","0","0","0","1","0","1"
"POINT (11.508386747000031 48.171008278000045)","Unfall 179603 (2017) Kat:2, Licht: 0","179603","2","3","5","08","14","4","0","0","0","1","0","1"
"POINT (11.575003322000043 48.143120952000061)","Unfall 179604 (2017) Kat:2, Licht: 0","179604","2","7","0","08","09","4","0","0","1","0","0","0"
"POINT (11.499782182000047 48.131296392000081)","Unfall 179605 (2017) Kat:3, Licht: 0","179605","3","2","5","08","05","4","1","0","1","1","0","0"
"POINT (11.429818708000028 48.173907321000058)","Unfall 179606 (2017) Kat:3, Licht: 0","179606","3","2","5","08","12","4","0","0","0","1","0","0"
"POINT (11.560152095000035 48.157634443000063)","Unfall 179607 (2017) Kat:3, Licht: 0","179607","3","3","5","08","10","4","0","0","1","1","0","0"
"POINT (11.513671541000065 48.140526511000076)","Unfall 179608 (2017) Kat:3, Licht: 0","179608","3","1","0","08","08","4","0","0","1","0","0","0"
"POINT (11.595531204000054 48.141634950000025)","Unfall 179609 (2017) Kat:3, Licht: 0","179609","3","6","4","08","08","4","0","0","1","0","0","0"
"POINT (11.610222329000067 48.132570034000025)","Unfall 179610 (2017) Kat:3, Licht: 0","179610","3","2","4","08","13","4","0","0","1","1","0","0"
"POINT (11.613019269000063 48.120766523000043)","Unfall 179611 (2017) Kat:3, Licht: 0","179611","3","2","5","08","16","4","0","0","1","1","0","0"
"POINT (11.566520735000040 48.140557484000055)","Unfall 179612 (2017) Kat:3, Licht: 0","179612","3","6","2","08","18","4","0","0","0","1","0","1"
"POINT (11.596455700000035 48.102614051000046)","Unfall 179682 (2017) Kat:3, Licht: 0","179682","3","6","2","08","12","3","0","0","0","1","0","0"
"POINT (11.580419179000046 48.161036434000039)","Unfall 179683 (2017) Kat:3, Licht: 0","179683","3","1","5","08","17","3","0","0","1","1","0","0"
"POINT (11.620238051000058 48.168610219000072)","Unfall 179684 (2017) Kat:3, Licht: 0","179684","3","7","0","08","17","3","0","0","1","0","0","0"
"POINT (11.585005906000049 48.177243906000058)","Unfall 179687 (2017) Kat:3, Licht: 0","179687","3","2","5","08","08","3","0","0","1","1","0","0"
"POINT (11.591479569000057 48.144571442000029)","Unfall 179688 (2017) Kat:3, Licht: 0","179688","3","6","4","08","19","3","0","0","1","1","0","0"
"POINT (11.510327757000027 48.167144201000042)","Unfall 179689 (2017) Kat:3, Licht: 0","179689","3","4","6","08","14","3","0","0","0","1","1","0"
"POINT (11.599552860000074 48.148815523000053)","Unfall 179690 (2017) Kat:3, Licht: 0","179690","3","6","3","08","17","3","0","0","1","0","0","0"
"POINT (11.557574327000054 48.139264767000043)","Unfall 179691 (2017) Kat:2, Licht: 0","179691","2","4","6","08","15","3","0","0","0","0","1","1"
"POINT (11.513849499000059 48.158383477000029)","Unfall 179692 (2017) Kat:3, Licht: 0","179692","3","4","6","08","10","3","0","0","1","0","1","0"
"POINT (11.590342597000074 48.166557637000039)","Unfall 179693 (2017) Kat:2, Licht: 0","179693","2","2","4","08","12","3","0","0","0","1","0","1"
"POINT (11.552628084000048 48.181628086000046)","Unfall 179694 (2017) Kat:3, Licht: 0","179694","3","1","6","08","19","3","0","0","1","0","1","0"
"POINT (11.577356568000027 48.166795134000040)","Unfall 179695 (2017) Kat:3, Licht: 0","179695","3","2","6","08","15","3","0","0","0","1","1","0"
"POINT (11.531642597000030 48.152629041000068)","Unfall 179696 (2017) Kat:2, Licht: 0","179696","2","2","5","08","15","3","0","0","1","1","0","0"
"POINT (11.530002097000022 48.112926598000058)","Unfall 179698 (2017) Kat:3, Licht: 0","179698","3","3","0","08","15","3","0","0","0","1","0","0"
"POINT (11.555588210000053 48.139179636000051)","Unfall 179699 (2017) Kat:3, Licht: 2","179699","3","1","0","08","22","3","1","2","0","0","0","1"
"POINT (11.579578218000051 48.155640805000075)","Unfall 179700 (2017) Kat:2, Licht: 2","179700","2","3","5","08","21","3","0","2","1","0","0","0"
"POINT (11.591716839000071 48.165912793000075)","Unfall 179765 (2017) Kat:3, Licht: 0","179765","3","2","0","07","17","2","0","0","0","1","0","1"
"POINT (11.577073801000040 48.192503007000028)","Unfall 179766 (2017) Kat:3, Licht: 0","179766","3","3","5","07","16","2","0","0","1","1","0","0"
"POINT (11.660310399000025 48.133108810000067)","Unfall 179767 (2017) Kat:2, Licht: 0","179767","2","2","4","07","08","2","0","0","0","1","0","1"
"POINT (11.503164317000028 48.139598657000079)","Unfall 179768 (2017) Kat:3, Licht: 0","179768","3","6","0","07","16","2","0","0","0","1","0","0"
"POINT (11.568722716000025 48.209458687000051)","Unfall 179769 (2017) Kat:3, Licht: 0","179769","3","6","2","07","18","2","0","0","0","1","0","0"
"POINT (11.450470917000075 48.157101126000043)","Unfall 179770 (2017) Kat:3, Licht: 0","179770","3","6","4","07","11","2","0","0","1","0","0","0"
"POINT (11.560662244000071 48.171616438000058)","Unfall 179771 (2017) Kat:2, Licht: 0","179771","2","6","4","07","18","2","0","0","1","0","0","0"
"POINT (11.508397656000056 48.153035891000059)","Unfall 179772 (2017) Kat:3, Licht: 0","179772","3","6","2","07","08","2","0","0","0","1","0","0"
"POINT (11.603714576000073 48.128810535000071)","Unfall 179774 (2017) Kat:3, Licht: 0","179774","3","4","3","07","08","2","0","0","1","0","1","0"
"POINT (11.540576006000038 48.119640442000048)","Unfall 179775 (2017) Kat:3, Licht: 0","179775","3","5","3","07","12","2","0","0","1","1","0","0"
"POINT (11.565997716000027 48.154886270000077)","Unfall 179776 (2017) Kat:3, Licht: 0","179776","3","4","6","07","09","2","0","0","1","0","1","0"
"POINT (11.588223765000066 48.167407433000051)","Unfall 179777 (2017) Kat:3, Licht: 0","179777","3","3","5","07","18","2","0","0","1","1","0","0"
"POINT (11.603716020000036 48.124935705000041)","Unfall 179849 (2017) Kat:3, Licht: 2","179849","3","3","1","08","21","1","0","2","0","1","0","1"
"POINT (11.540164375000074 48.116735101000074)","Unfall 179850 (2017) Kat:3, Licht: 0","179850","3","4","6","08","10","1","0","0","1","0","1","0"
"POINT (11.548350127000049 48.197450969000045)","Unfall 179852 (2017) Kat:3, Licht: 0","179852","3","3","5","08","18","1","0","0","0","1","0","0"
"POINT (11.583897704000037 48.109541888000081)","Unfall 179883 (2017) Kat:3, Licht: 0","179883","3","7","5","08","18","7","0","0","1","1","0","0"
"POINT (11.481505720000030 48.141589986000042)","Unfall 179885 (2017) Kat:3, Licht: 0","179885","3","2","5","08","10","7","0","0","1","1","0","0"
"POINT (11.546391006000022 48.118355765000047)","Unfall 179886 (2017) Kat:3, Licht: 2","179886","3","3","5","08","22","7","1","2","1","1","0","0"
"POINT (11.577090697000074 48.136524558000076)","Unfall 179888 (2017) Kat:3, Licht: 2","179888","3","3","5","08","21","7","1","2","1","1","0","0"
"POINT (11.511315961000037 48.155579221000039)","Unfall 179890 (2017) Kat:2, Licht: 0","179890","2","4","6","08","16","7","0","0","0","1","1","0"
"POINT (11.612123686000075 48.209039647000054)","Unfall 179891 (2017) Kat:3, Licht: 0","179891","3","7","1","08","17","7","0","0","1","1","0","0"
"POINT (11.565940168000054 48.167819435000069)","Unfall 179892 (2017) Kat:3, Licht: 1","179892","3","6","0","08","19","7","1","1","1","0","0","0"
"POINT (11.595606136000072 48.094704617000048)","Unfall 179894 (2017) Kat:3, Licht: 0","179894","3","7","8","08","13","7","0","0","0","1","0","0"
"POINT (11.533606029000055 48.116810194000038)","Unfall 179895 (2017) Kat:2, Licht: 0","179895","2","7","0","08","06","7","0","0","1","0","0","0"
"POINT (11.577482109000073 48.130686861000072)","Unfall 179896 (2017) Kat:2, Licht: 2","179896","2","1","0","08","02","7","0","2","1","0","0","0"
"POINT (11.561670903000049 48.159978007000063)","Unfall 179951 (2017) Kat:3, Licht: 0","179951","3","6","2","08","17","6","0","0","0","1","0","0"
"POINT (11.489335452000034 48.130759241000078)","Unfall 179952 (2017) Kat:3, Licht: 0","179952","3","2","5","08","20","6","0","0","1","0","0","0"
"POINT (11.560939084000040 48.140186059000030)","Unfall 179953 (2017) Kat:3, Licht: 2","179953","3","7","6","08","00","6","1","2","0","1","1","0"
"POINT (11.568036311000071 48.147604613000055)","Unfall 179954 (2017) Kat:2, Licht: 2","179954","2","3","5","08","21","6","0","2","0","1","0","0"
"POINT (11.602616705000059 48.113831644000072)","Unfall 179955 (2017) Kat:3, Licht: 0","179955","3","6","2","08","10","6","0","0","0","1","0","0"
"POINT (11.601362138000070 48.177494398000078)","Unfall 179956 (2017) Kat:3, Licht: 0","179956","3","7","0","08","17","6","0","0","1","0","0","0"
"POINT (11.541928156000040 48.159649315000081)","Unfall 179957 (2017) Kat:3, Licht: 0","179957","3","4","6","08","19","6","0","0","1","0","1","0"
"POINT (11.516638984000053 48.098442793000061)","Unfall 179958 (2017) Kat:3, Licht: 0","179958","3","6","2","08","16","6","0","0","0","1","0","0"
"POINT (11.512167516000034 48.097936391000076)","Unfall 179959 (2017) Kat:3, Licht: 0","179959","3","7","0","08","11","6","0","0","1","0","0","0"
"POINT (11.575950603000024 48.128083677000063)","Unfall 179960 (2017) Kat:3, Licht: 0","179960","3","4","6","08","12","6","0","0","0","0","1","1"
"POINT (11.589589041000067 48.131737061000081)","Unfall 179961 (2017) Kat:3, Licht: 0","179961","3","6","2","08","13","6","0","0","0","1","0","1"
"POINT (11.530876776000071 48.078864141000054)","Unfall 179962 (2017) Kat:3, Licht: 0","179962","3","5","0","08","09","6","0","0","1","1","0","0"
"POINT (11.565427298000031 48.123780917000033)","Unfall 179963 (2017) Kat:3, Licht: 0","179963","3","2","5","08","12","6","0","0","1","1","0","0"
"POINT (11.537265242000046 48.150485501000048)","Unfall 180028 (2017) Kat:3, Licht: 2","180028","3","3","5","08","21","5","0","2","1","1","0","0"
"POINT (11.436250484000027 48.169588628000042)","Unfall 180029 (2017) Kat:3, Licht: 0","180029","3","3","5","08","09","5","0","0","1","0","0","1"
"POINT (11.586280331000069 48.167322160000026)","Unfall 180030 (2017) Kat:3, Licht: 0","180030","3","3","5","08","17","5","0","0","0","1","0","0"
"POINT (11.546929776000070 48.159985739000035)","Unfall 180031 (2017) Kat:3, Licht: 0","180031","3","6","4","08","08","5","0","0","1","0","0","0"
"POINT (11.602578198000060 48.187026279000065)","Unfall 180033 (2017) Kat:3, Licht: 1","180033","3","1","8","08","02","5","0","1","0","1","0","0"
"POINT (11.511739724000051 48.155794075000074)","Unfall 180034 (2017) Kat:3, Licht: 0","180034","3","3","5","08","10","5","0","0","1","1","0","0"
"POINT (11.570083538000063 48.166565113000047)","Unfall 180036 (2017) Kat:2, Licht: 0","180036","2","6","4","08","12","5","0","0","1","0","0","0"
"POINT (11.561413550000054 48.142028797000080)","Unfall 180037 (2017) Kat:3, Licht: 2","180037","3","4","6","08","21","5","0","2","0","1","1","0"
"POINT (11.517808422000030 48.166494133000072)","Unfall 180039 (2017) Kat:3, Licht: 2","180039","3","7","0","08","22","5","0","2","1","0","0","0"
"POINT (11.477406528000074 48.116219508000029)","Unfall 180040 (2017) Kat:3, Licht: 0","180040","3","2","5","08","16","5","0","0","0","1","0","0"
"POINT (11.560904705000041 48.139282369000057)","Unfall 180041 (2017) Kat:3, Licht: 0","180041","3","7","0","08","05","5","1","0","0","0","0","1"
"POINT (11.573670668000034 48.170252213000026)","Unfall 180099 (2017) Kat:3, Licht: 0","180099","3","2","5","08","18","5","0","0","1","1","0","0"
"POINT (11.503162480000071 48.139553735000050)","Unfall 180100 (2017) Kat:3, Licht: 0","180100","3","2","0","08","14","5","1","0","0","1","0","0"
"POINT (11.658769769000060 48.153684095000074)","Unfall 180101 (2017) Kat:3, Licht: 0","180101","3","3","5","08","15","5","1","0","0","1","0","1"
"POINT (11.574038496000071 48.167167423000080)","Unfall 180102 (2017) Kat:3, Licht: 2","180102","3","2","4","08","22","5","1","2","0","1","0","0"
"POINT (11.494860505000077 48.178130246000080)","Unfall 180103 (2017) Kat:2, Licht: 2","180103","2","2","1","08","22","5","1","2","0","1","1","0"
"POINT (11.606427619000044 48.126751178000063)","Unfall 180104 (2017) Kat:3, Licht: 0","180104","3","2","4","08","16","5","1","0","1","1","0","0"
"POINT (11.458147273000066 48.133848999000065)","Unfall 180106 (2017) Kat:3, Licht: 2","180106","3","1","0","08","23","5","0","2","0","0","0","1"
"POINT (11.546103461000030 48.186299530000042)","Unfall 180107 (2017) Kat:3, Licht: 0","180107","3","2","5","08","17","5","1","0","1","1","0","0"
"POINT (11.528544698000076 48.173104631000058)","Unfall 180112 (2017) Kat:3, Licht: 2","180112","3","7","0","08","21","5","1","2","1","0","0","0"
"POINT (11.575368737000076 48.119528035000030)","Unfall 180113 (2017) Kat:3, Licht: 0","180113","3","6","2","08","12","5","0","0","0","1","0","0"
"POINT (11.532752781000056 48.129582121000055)","Unfall 180115 (2017) Kat:3, Licht: 1","180115","3","3","5","08","17","5","1","1","1","1","0","0"
"POINT (11.571569542000077 48.129956455000070)","Unfall 180116 (2017) Kat:3, Licht: 0","180116","3","5","0","08","17","5","1","0","0","1","0","1"
"POINT (11.557715213000051 48.150832645000037)","Unfall 180152 (2017) Kat:3, Licht: 0","180152","3","3","5","08","16","4","0","0","1","1","0","0"
"POINT (11.532778778000022 48.136284697000065)","Unfall 180153 (2017) Kat:3, Licht: 0","180153","3","3","1","08","08","4","0","0","1","1","0","0"
"POINT (11.561269002000074 48.130866819000062)","Unfall 180154 (2017) Kat:3, Licht: 0","180154","3","6","3","08","13","4","0","0","0","1","0","1"
"POINT (11.601199726000061 48.131960625000033)","Unfall 180155 (2017) Kat:3, Licht: 0","180155","3","5","1","08","10","4","0","0","1","1","0","0"
"POINT (11.575024577000022 48.141442140000038)","Unfall 180156 (2017) Kat:3, Licht: 0","180156","3","3","5","08","16","4","0","0","1","1","0","0"
"POINT (11.524109522000060 48.082739648000029)","Unfall 180157 (2017) Kat:3, Licht: 1","180157","3","3","5","08","06","4","1","1","0","1","0","0"
"POINT (11.585978627000031 48.121625814000026)","Unfall 180158 (2017) Kat:1, Licht: 0","180158","1","2","3","08","14","4","0","0","1","0","0","0"
"POINT (11.477228007000065 48.085353510000061)","Unfall 180159 (2017) Kat:3, Licht: 0","180159","3","6","0","08","10","4","0","0","1","0","0","0"
"POINT (11.602716463000036 48.115457357000025)","Unfall 180161 (2017) Kat:3, Licht: 0","180161","3","3","4","08","14","4","0","0","1","1","0","0"
"POINT (11.597134120000021 48.114908841000045)","Unfall 180162 (2017) Kat:3, Licht: 0","180162","3","1","0","08","17","4","0","0","1","0","0","0"
"POINT (11.577870827000027 48.142522560000032)","Unfall 180163 (2017) Kat:3, Licht: 0","180163","3","7","0","08","11","4","0","0","1","0","0","0"
"POINT (11.601551384000061 48.103733880000050)","Unfall 180210 (2017) Kat:3, Licht: 0","180210","3","3","5","08","14","3","0","0","0","1","0","0"
"POINT (11.636873106000053 48.140992462000042)","Unfall 180211 (2017) Kat:3, Licht: 0","180211","3","3","5","08","18","3","1","0","0","1","0","0"
"POINT (11.481031139000038 48.091646470000057)","Unfall 180212 (2017) Kat:3, Licht: 0","180212","3","7","1","08","18","3","1","0","0","1","0","0"
"POINT (11.598454129000061 48.140474415000028)","Unfall 180214 (2017) Kat:3, Licht: 0","180214","3","7","0","08","18","3","1","0","0","0","0","1"
"POINT (11.562410121000028 48.212785981000081)","Unfall 180215 (2017) Kat:3, Licht: 0","180215","3","7","9","08","08","3","0","0","0","1","0","0"
"POINT (11.591416929000047 48.160738022000032)","Unfall 180216 (2017) Kat:3, Licht: 0","180216","3","3","5","08","16","3","0","0","1","1","0","0"
"POINT (11.578871004000064 48.145280247000073)","Unfall 180217 (2017) Kat:3, Licht: 0","180217","3","7","2","08","18","3","0","0","0","1","0","1"
"POINT (11.643962004000059 48.115127945000040)","Unfall 180219 (2017) Kat:3, Licht: 0","180219","3","3","5","08","08","3","0","0","1","1","0","0"
"POINT (11.543180668000048 48.118358583000031)","Unfall 180220 (2017) Kat:3, Licht: 0","180220","3","7","0","08","08","3","0","0","1","1","0","0"
"POINT (11.549684565000064 48.125070056000027)","Unfall 180221 (2017) Kat:3, Licht: 0","180221","3","2","4","08","16","3","0","0","0","1","0","1"
"POINT (11.573086929000056 48.181766988000049)","Unfall 180222 (2017) Kat:3, Licht: 0","180222","3","6","3","08","10","3","0","0","0","1","0","1"
"POINT (11.578473784000039 48.144243420000066)","Unfall 180223 (2017) Kat:3, Licht: 0","180223","3","3","5","08","14","3","0","0","1","1","0","0"
"POINT (11.571302304000028 48.131234810000080)","Unfall 180224 (2017) Kat:3, Licht: 0","180224","3","1","0","08","14","3","0","0","1","0","0","0"
"POINT (11.573178032000044 48.142125405000058)","Unfall 180225 (2017) Kat:3, Licht: 0","180225","3","7","6","08","09","3","0","0","1","0","1","0"
"POINT (11.555899623000073 48.137448202000030)","Unfall 180286 (2017) Kat:3, Licht: 0","180286","3","3","5","08","12","2","0","0","0","1","0","0"
"POINT (11.549738547000061 48.149223163000045)","Unfall 180287 (2017) Kat:3, Licht: 1","180287","3","3","5","08","20","2","0","1","1","0","0","1"
"POINT (11.441980946000058 48.149201659000028)","Unfall 180288 (2017) Kat:3, Licht: 0","180288","3","7","0","08","17","2","0","0","1","1","0","0"
"POINT (11.561074215000076 48.137987481000039)","Unfall 180289 (2017) Kat:3, Licht: 2","180289","3","5","1","08","23","2","0","2","1","1","0","0"
"POINT (11.522878760000026 48.163961676000042)","Unfall 180290 (2017) Kat:3, Licht: 0","180290","3","1","0","08","15","2","0","0","1","0","0","0"
"POINT (11.584900310000023 48.132409689000042)","Unfall 180291 (2017) Kat:3, Licht: 0","180291","3","2","5","08","06","2","0","0","1","1","0","0"
"POINT (11.595044871000027 48.126650425000037)","Unfall 180292 (2017) Kat:3, Licht: 0","180292","3","2","5","08","16","2","0","0","1","1","0","0"
"POINT (11.624817542000073 48.148128314000076)","Unfall 180293 (2017) Kat:3, Licht: 0","180293","3","3","5","08","08","2","0","0","0","1","0","1"
"POINT (11.417714612000054 48.155871643000069)","Unfall 180294 (2017) Kat:3, Licht: 0","180294","3","2","4","08","11","2","0","0","1","1","0","0"
"POINT (11.532578227000045 48.154860428000063)","Unfall 180295 (2017) Kat:3, Licht: 0","180295","3","4","6","08","15","2","0","0","0","1","1","0"
"POINT (11.479087269000047 48.123283631000049)","Unfall 180297 (2017) Kat:2, Licht: 0","180297","2","7","4","08","18","2","0","0","0","1","0","1"
"POINT (11.565503988000046 48.138747152000064)","Unfall 180298 (2017) Kat:3, Licht: 0","180298","3","7","6","08","13","2","0","0","1","0","1","0"
"POINT (11.525321785000074 48.132550001000027)","Unfall 180299 (2017) Kat:3, Licht: 0","180299","3","2","5","08","15","2","0","0","0","1","0","0"
"POINT (11.564717481000059 48.168003638000073)","Unfall 180301 (2017) Kat:3, Licht: 0","180301","3","2","4","08","19","2","0","0","0","1","0","0"
"POINT (11.534071422000068 48.148775584000077)","Unfall 180302 (2017) Kat:2, Licht: 0","180302","2","7","1","08","12","2","0","0","1","0","0","0"
"POINT (11.575687882000068 48.124333144000047)","Unfall 180304 (2017) Kat:3, Licht: 0","180304","3","5","0","08","11","2","0","0","1","1","0","0"
"POINT (11.551894779000065 48.126292348000050)","Unfall 180305 (2017) Kat:3, Licht: 2","180305","3","1","0","08","22","2","0","2","1","0","0","0"
"POINT (11.555654338000068 48.132503712000073)","Unfall 180306 (2017) Kat:3, Licht: 0","180306","3","3","5","08","08","2","0","0","1","1","0","0"
"POINT (11.565801442000065 48.163386452000054)","Unfall 180307 (2017) Kat:3, Licht: 0","180307","3","5","1","08","18","2","0","0","1","1","0","0"
"POINT (11.581484015000058 48.162597156000061)","Unfall 180308 (2017) Kat:3, Licht: 0","180308","3","3","5","08","08","2","0","0","1","1","0","0"
"POINT (11.579506658000071 48.146772803000033)","Unfall 180309 (2017) Kat:3, Licht: 0","180309","3","6","3","08","14","2","0","0","0","1","0","0"
"POINT (11.570042752000063 48.111559663000037)","Unfall 180390 (2017) Kat:3, Licht: 0","180390","3","2","3","08","10","3","0","0","1","0","0","0"
"POINT (11.658955724000066 48.126568764000069)","Unfall 180391 (2017) Kat:3, Licht: 0","180391","3","2","4","08","11","3","0","0","1","1","0","0"
"POINT (11.482561066000073 48.104286394000042)","Unfall 180392 (2017) Kat:3, Licht: 0","180392","3","3","5","08","18","3","0","0","1","1","0","0"
"POINT (11.596681938000074 48.086336515000028)","Unfall 180393 (2017) Kat:2, Licht: 0","180393","2","7","0","08","16","3","0","0","1","0","0","0"