WKT,Name,OBJECTID,UKATEGORIE,UTYP1,UART,UMONAT,USTUNDE,UWOCHENTAG,STRZUSTAND,ULICHTVERH,ISTRAD,ISTPKW,ISTFUSS,ISTKRAD
"POINT (11.517752299000051 48.218193350000035)","Unfall 180394 (2017) Kat:3, Licht: 0","180394","3","4","6","08","16","3","0","0","0","1","1","0"
"POINT (11.615569149000066 48.198746862000064)","Unfall 180395 (2017) Kat:3, Licht: 0","180395","3","2","3","08","16","3","0","0","1","1","0","0"
"POINT (11.547650923000049 48.159516135000047)","Unfall 180396 (2017) Kat:3, Licht: 0","180396","3","2","6","08","13","3","0","0","1","0","1","0"
"POINT (11.537491468000042 48.166209664000064)","Unfall 180397 (2017) Kat:2, Licht: 0","180397","2","1","0","08","10","3","0","0","1","0","0","0"
"POINT (11.520219558000065 48.088109600000053)","Unfall 180398 (2017) Kat:3, Licht: 0","180398","3","6","3","08","08","3","0","0","1","0","0","0"
"POINT (11.580725193000035 48.116338338000048)","Unfall 180399 (2017) Kat:3, Licht: 0","180399","3","2","0","08","14","3","0","0","1","1","0","0"
"POINT (11.624372630000039 48.135821042000032)","Unfall 180400 (2017) Kat:3, Licht: 2","180400","3","1","0","08","21","3","0","2","0","0","0","1"
"POINT (11.562492874000043 48.140625541000077)","Unfall 180401 (2017) Kat:3, Licht: 0","180401","3","3","5","08","14","3","0","0","0","1","0","0"
"POINT (11.601181361000044 48.124336268000036)","Unfall 180449 (2017) Kat:3, Licht: 1","180449","3","1","0","08","04","2","0","1","1","0","0","0"
"POINT (11.555935506000026 48.139577719000044)","Unfall 180450 (2017) Kat:3, Licht: 0","180450","3","1","0","08","07","2","0","0","1","0","0","0"
"POINT (11.588251701000047 48.188092315000063)","Unfall 180451 (2017) Kat:3, Licht: 0","180451","3","2","5","08","15","2","0","0","1","1","0","0"
"POINT (11.554193977000068 48.127477598000041)","Unfall 180452 (2017) Kat:2, Licht: 0","180452","2","6","0","08","09","2","0","0","1","0","1","0"
"POINT (11.411399292000056 48.175763579000034)","Unfall 180453 (2017) Kat:3, Licht: 0","180453","3","2","5","08","16","2","0","0","0","1","0","1"
"POINT (11.543457478000050 48.186307111000076)","Unfall 180454 (2017) Kat:3, Licht: 2","180454","3","1","9","08","22","2","0","2","0","1","0","0"
"POINT (11.646006367000041 48.128425024000080)","Unfall 180455 (2017) Kat:3, Licht: 0","180455","3","2","5","08","17","2","0","0","1","1","0","0"
"POINT (11.601869837000038 48.129521258000068)","Unfall 180456 (2017) Kat:3, Licht: 0","180456","3","3","5","08","15","2","0","0","1","1","0","0"
"POINT (11.583007568000028 48.133529948000046)","Unfall 180524 (2017) Kat:3, Licht: 0","180524","3","1","0","08","14","1","0","0","0","0","0","1"
"POINT (11.522616214000038 48.134330057000057)","Unfall 180526 (2017) Kat:3, Licht: 0","180526","3","2","5","08","14","1","0","0","0","1","0","0"
"POINT (11.474565958000028 48.169349489000069)","Unfall 180527 (2017) Kat:3, Licht: 0","180527","3","3","5","08","14","1","0","0","1","1","0","0"
"POINT (11.594849401000033 48.110142510000060)","Unfall 180529 (2017) Kat:3, Licht: 0","180529","3","1","1","08","17","1","0","0","1","0","0","0"
"POINT (11.538879219000023 48.112806422000062)","Unfall 180530 (2017) Kat:3, Licht: 0","180530","3","2","1","08","17","1","0","0","1","1","0","0"
"POINT (11.563184866000029 48.131853669000066)","Unfall 180560 (2017) Kat:3, Licht: 2","180560","3","6","2","08","04","7","1","2","0","1","0","0"
"POINT (11.564641166000058 48.136928812000065)","Unfall 180561 (2017) Kat:3, Licht: 2","180561","3","7","3","08","23","7","0","2","1","0","0","0"
"POINT (11.620147527000029 48.120312741000077)","Unfall 180562 (2017) Kat:3, Licht: 2","180562","3","2","5","08","21","7","0","2","0","1","0","0"
"POINT (11.568349876000070 48.178313060000050)","Unfall 180563 (2017) Kat:3, Licht: 2","180563","3","5","1","08","23","7","0","2","0","1","0","0"
"POINT (11.549081260000037 48.124664620000033)","Unfall 180564 (2017) Kat:3, Licht: 0","180564","3","5","3","08","17","7","0","0","1","1","0","0"
"POINT (11.574290289000032 48.132941211000059)","Unfall 180596 (2017) Kat:3, Licht: 0","180596","3","3","5","08","08","6","1","0","0","1","0","0"
"POINT (11.605101805000061 48.120548914000040)","Unfall 180598 (2017) Kat:3, Licht: 0","180598","3","1","5","08","13","6","1","0","1","1","0","0"
"POINT (11.509915880000051 48.162397325000029)","Unfall 180599 (2017) Kat:3, Licht: 2","180599","3","2","3","08","22","6","0","2","0","1","0","0"
"POINT (11.544883628000036 48.139442680000059)","Unfall 180627 (2017) Kat:3, Licht: 2","180627","3","1","0","08","22","2","0","2","1","0","0","0"
"POINT (11.519514540000046 48.143629451000038)","Unfall 180671 (2017) Kat:2, Licht: 2","180671","2","7","7","08","00","1","0","2","1","0","0","0"
"POINT (11.480314171000032 48.136790686000040)","Unfall 180672 (2017) Kat:2, Licht: 0","180672","2","7","0","08","15","1","0","0","1","0","0","0"
"POINT (11.517235550000066 48.113266007000050)","Unfall 180673 (2017) Kat:3, Licht: 1","180673","3","3","5","08","20","1","0","1","0","1","0","0"
"POINT (11.592385931000024 48.115152485000067)","Unfall 180674 (2017) Kat:3, Licht: 0","180674","3","4","0","08","11","1","0","0","0","0","1","0"
"POINT (11.533271607000074 48.155057570000054)","Unfall 180676 (2017) Kat:3, Licht: 0","180676","3","3","0","08","11","1","0","0","0","1","0","1"
"POINT (11.555898667000065 48.137420464000058)","Unfall 180704 (2017) Kat:3, Licht: 2","180704","3","3","5","08","04","7","1","2","0","1","0","0"
"POINT (11.502268147000052 48.112028543000065)","Unfall 180705 (2017) Kat:3, Licht: 0","180705","3","2","4","08","10","7","0","0","0","1","0","0"
"POINT (11.588223765000066 48.167407433000051)","Unfall 180741 (2017) Kat:3, Licht: 0","180741","3","2","4","08","15","6","0","0","1","1","0","0"
"POINT (11.580436700000064 48.114897670000062)","Unfall 180742 (2017) Kat:3, Licht: 0","180742","3","6","3","08","15","6","0","0","0","1","0","0"
"POINT (11.619284631000028 48.141269799000042)","Unfall 180743 (2017) Kat:2, Licht: 0","180743","2","1","1","08","19","6","0","0","0","1","0","1"
"POINT (11.502263740000046 48.106605714000068)","Unfall 180744 (2017) Kat:3, Licht: 0","180744","3","3","5","08","18","6","0","0","0","1","0","0"
"POINT (11.498099395000054 48.095088192000048)","Unfall 180745 (2017) Kat:3, Licht: 0","180745","3","1","0","08","16","6","0","0","1","0","0","0"
"POINT (11.567541245000029 48.123229592000030)","Unfall 180746 (2017) Kat:3, Licht: 0","180746","3","7","0","08","14","6","0","0","1","0","0","0"
"POINT (11.600879932000055 48.135615269000027)","Unfall 180747 (2017) Kat:3, Licht: 0","180747","3","6","2","08","09","6","0","0","0","1","0","0"
"POINT (11.462221276000037 48.151536667000073)","Unfall 180748 (2017) Kat:2, Licht: 0","180748","2","3","5","08","15","6","0","0","1","1","0","0"
"POINT (11.575970820000066 48.139227088000041)","Unfall 180749 (2017) Kat:3, Licht: 0","180749","3","7","0","08","14","6","0","0","1","0","0","0"
"POINT (11.575346034000063 48.119496036000044)","Unfall 180750 (2017) Kat:3, Licht: 2","180750","3","3","5","08","23","6","1","2","0","1","0","0"
"POINT (11.575346034000063 48.119496036000044)","Unfall 180751 (2017) Kat:3, Licht: 2","180751","3","3","5","08","22","6","1","2","0","1","0","0"
"POINT (11.529865589000053 48.112923680000051)","Unfall 180753 (2017) Kat:3, Licht: 0","180753","3","2","4","08","08","6","0","0","1","1","0","0"
"POINT (11.581228786000054 48.166230257000052)","Unfall 180754 (2017) Kat:3, Licht: 0","180754","3","3","5","08","13","6","0","0","1","1","0","0"
"POINT (11.529586527000049 48.152287503000025)","Unfall 180818 (2017) Kat:3, Licht: 0","180818","3","4","0","08","16","5","0","0","1","0","1","0"
"POINT (11.569881967000072 48.111556879000034)","Unfall 180819 (2017) Kat:2, Licht: 2","180819","2","2","4","08","05","5","0","2","1","1","0","0"
"POINT (11.568587711000077 48.132531150000034)","Unfall 180820 (2017) Kat:2, Licht: 0","180820","2","2","4","08","18","5","0","0","0","1","0","1"
"POINT (11.594547353000053 48.127634231000059)","Unfall 180821 (2017) Kat:3, Licht: 0","180821","3","2","4","08","08","5","0","0","1","0","0","0"
"POINT (11.562619451000046 48.158353114000079)","Unfall 180822 (2017) Kat:3, Licht: 1","180822","3","3","5","08","19","5","0","1","0","1","0","1"
"POINT (11.630705190000072 48.118815023000082)","Unfall 180823 (2017) Kat:3, Licht: 0","180823","3","2","3","08","08","5","0","0","1","0","0","0"
"POINT (11.586262152000074 48.169114647000072)","Unfall 180824 (2017) Kat:3, Licht: 0","180824","3","7","0","08","11","5","0","0","0","1","0","0"
"POINT (11.424282010000070 48.174164572000052)","Unfall 180825 (2017) Kat:3, Licht: 0","180825","3","2","3","08","14","5","0","0","0","1","0","0"
"POINT (11.576557075000039 48.112875973000030)","Unfall 180826 (2017) Kat:2, Licht: 2","180826","2","4","6","08","23","5","0","2","1","0","1","0"
"POINT (11.599863652000067 48.103214283000057)","Unfall 180827 (2017) Kat:2, Licht: 2","180827","2","7","0","08","23","5","0","2","1","0","0","0"
"POINT (11.560164396000062 48.095672605000061)","Unfall 180828 (2017) Kat:3, Licht: 0","180828","3","2","5","08","11","5","0","0","0","1","0","0"
"POINT (11.561925895000059 48.156102722000071)","Unfall 180829 (2017) Kat:3, Licht: 0","180829","3","2","5","08","08","5","0","0","1","1","0","0"
"POINT (11.601967403000060 48.123824925000065)","Unfall 180881 (2017) Kat:3, Licht: 0","180881","3","3","5","08","08","4","0","0","1","0","0","0"
"POINT (11.658950180000033 48.080485288000034)","Unfall 180883 (2017) Kat:3, Licht: 0","180883","3","3","5","08","12","4","0","0","0","1","0","0"
"POINT (11.556242659000077 48.142118508000067)","Unfall 180884 (2017) Kat:3, Licht: 2","180884","3","2","4","08","01","4","1","2","1","0","0","0"
"POINT (11.608205521000059 48.105317551000041)","Unfall 180885 (2017) Kat:3, Licht: 1","180885","3","7","1","08","19","4","0","1","0","1","0","0"
"POINT (11.529698891000066 48.157192513000041)","Unfall 180886 (2017) Kat:3, Licht: 0","180886","3","7","0","08","07","4","1","0","0","0","0","1"
"POINT (11.581194165000056 48.124196575000042)","Unfall 180887 (2017) Kat:3, Licht: 0","180887","3","2","5","08","12","4","0","0","1","1","0","0"
"POINT (11.576939307000032 48.112660244000040)","Unfall 180898 (2017) Kat:3, Licht: 2","180898","3","1","1","08","23","6","0","2","1","1","0","0"
"POINT (11.548512645000073 48.112139504000027)","Unfall 180899 (2017) Kat:3, Licht: 1","180899","3","4","6","08","19","6","0","1","0","1","1","0"
"POINT (11.575360400000022 48.155165270000055)","Unfall 180900 (2017) Kat:2, Licht: 2","180900","2","4","6","08","23","6","0","2","1","0","1","0"
"POINT (11.575046051000072 48.184402682000041)","Unfall 180901 (2017) Kat:3, Licht: 0","180901","3","2","5","08","15","6","0","0","1","1","0","0"
"POINT (11.486541194000040 48.179667481000081)","Unfall 180902 (2017) Kat:3, Licht: 0","180902","3","7","0","08","10","6","0","0","1","0","0","0"
"POINT (11.527269627000067 48.218066506000071)","Unfall 180903 (2017) Kat:3, Licht: 0","180903","3","2","2","08","09","6","0","0","0","1","0","1"
"POINT (11.550411554000050 48.149089727000046)","Unfall 180904 (2017) Kat:3, Licht: 0","180904","3","4","6","08","12","6","0","0","0","1","1","0"
"POINT (11.545827601000042 48.160636996000051)","Unfall 180905 (2017) Kat:3, Licht: 0","180905","3","7","1","08","08","6","0","0","1","0","0","0"
"POINT (11.481859273000055 48.122348478000049)","Unfall 180906 (2017) Kat:3, Licht: 0","180906","3","5","1","08","12","6","0","0","1","1","0","0"
"POINT (11.658630029000051 48.100832987000047)","Unfall 180907 (2017) Kat:3, Licht: 0","180907","3","7","5","08","18","6","0","0","1","0","0","0"
"POINT (11.602416243000050 48.114767696000058)","Unfall 180908 (2017) Kat:3, Licht: 0","180908","3","3","5","08","13","6","0","0","0","1","0","0"
"POINT (11.605267509000043 48.104402099000026)","Unfall 180909 (2017) Kat:3, Licht: 0","180909","3","6","0","08","15","6","0","0","0","1","0","0"
"POINT (11.612138580000021 48.138341567000055)","Unfall 180910 (2017) Kat:3, Licht: 2","180910","3","4","6","08","21","6","0","2","1","0","1","0"
"POINT (11.562319976000026 48.137404912000079)","Unfall 180979 (2017) Kat:3, Licht: 2","180979","3","7","4","08","22","5","1","2","0","1","0","1"
"POINT (11.562619451000046 48.158353114000079)","Unfall 180980 (2017) Kat:3, Licht: 0","180980","3","7","0","08","07","5","0","0","0","1","0","1"
"POINT (11.558738359000074 48.147587279000049)","Unfall 180981 (2017) Kat:3, Licht: 0","180981","3","2","5","08","06","5","0","0","0","1","0","0"
"POINT (11.546441929000025 48.130551428000047)","Unfall 180982 (2017) Kat:3, Licht: 0","180982","3","4","6","08","20","5","0","0","1","0","1","0"
"POINT (11.588275855000063 48.161461843000041)","Unfall 180983 (2017) Kat:3, Licht: 0","180983","3","5","1","08","11","5","0","0","1","1","0","0"
"POINT (11.593408359000023 48.169312632000072)","Unfall 180984 (2017) Kat:3, Licht: 0","180984","3","2","5","08","12","5","0","0","1","1","0","1"
"POINT (11.642188414000032 48.097554315000082)","Unfall 180985 (2017) Kat:3, Licht: 0","180985","3","2","3","08","12","5","0","0","1","1","0","0"
"POINT (11.613200926000047 48.142087214000071)","Unfall 180986 (2017) Kat:3, Licht: 0","180986","3","3","3","08","16","5","0","0","1","1","0","0"
"POINT (11.563736942000048 48.153740876000029)","Unfall 180987 (2017) Kat:3, Licht: 0","180987","3","3","0","08","17","5","0","0","1","1","0","0"
"POINT (11.560818713000060 48.173693057000037)","Unfall 180988 (2017) Kat:3, Licht: 0","180988","3","6","2","08","18","5","0","0","0","1","0","1"
"POINT (11.520806746000062 48.090122505000068)","Unfall 180989 (2017) Kat:3, Licht: 2","180989","3","5","0","08","21","5","1","2","1","1","0","0"
"POINT (11.615144662000034 48.141286414000035)","Unfall 180990 (2017) Kat:3, Licht: 0","180990","3","4","6","08","09","5","0","0","1","0","1","0"
"POINT (11.562249773000076 48.133162896000044)","Unfall 181048 (2017) Kat:3, Licht: 0","181048","3","6","2","08","07","4","0","0","1","0","0","0"
"POINT (11.600699364000036 48.150499311000033)","Unfall 181049 (2017) Kat:2, Licht: 0","181049","2","2","4","08","13","4","0","0","1","0","0","0"
"POINT (11.561123421000048 48.186697121000066)","Unfall 181050 (2017) Kat:3, Licht: 0","181050","3","5","1","08","10","4","0","0","1","1","0","0"
"POINT (11.594952343000045 48.165041457000029)","Unfall 181051 (2017) Kat:3, Licht: 0","181051","3","6","4","08","19","4","0","0","0","1","0","0"
"POINT (11.433489807000058 48.144098602000042)","Unfall 181052 (2017) Kat:3, Licht: 0","181052","3","3","1","08","10","4","0","0","1","1","0","0"
"POINT (11.527911170000039 48.085860293000053)","Unfall 181053 (2017) Kat:2, Licht: 0","181053","2","4","6","08","13","4","0","0","1","0","1","0"
"POINT (11.532500029000062 48.105808794000041)","Unfall 181054 (2017) Kat:3, Licht: 0","181054","3","3","5","08","10","4","0","0","1","1","0","0"
"POINT (11.573537683000040 48.140128625000045)","Unfall 181055 (2017) Kat:3, Licht: 0","181055","3","7","1","08","13","4","0","0","1","1","0","0"
"POINT (11.568797441000072 48.187313315000040)","Unfall 181103 (2017) Kat:3, Licht: 0","181103","3","2","2","08","11","3","0","0","0","1","0","0"
"POINT (11.590151218000074 48.176849391000076)","Unfall 181104 (2017) Kat:3, Licht: 0","181104","3","3","5","08","09","3","0","0","1","1","0","0"
"POINT (11.574712136000073 48.107712788000072)","Unfall 181105 (2017) Kat:3, Licht: 0","181105","3","5","5","08","10","3","0","0","0","1","0","1"
"POINT (11.525253619000068 48.132549447000031)","Unfall 181107 (2017) Kat:3, Licht: 0","181107","3","3","5","08","15","3","0","0","0","1","0","1"
"POINT (11.516664835000029 48.178339828000048)","Unfall 181108 (2017) Kat:3, Licht: 2","181108","3","5","1","08","21","3","0","2","0","1","1","0"
"POINT (11.552974367000047 48.161515767000026)","Unfall 181109 (2017) Kat:3, Licht: 0","181109","3","2","0","08","14","3","0","0","0","1","0","1"
"POINT (11.584990278000021 48.178589384000077)","Unfall 181110 (2017) Kat:3, Licht: 0","181110","3","3","5","08","19","3","0","0","1","1","0","0"
"POINT (11.520038402000068 48.132281838000040)","Unfall 181111 (2017) Kat:3, Licht: 0","181111","3","3","5","08","08","3","0","0","1","1","0","0"
"POINT (11.657191197000031 48.098511071000075)","Unfall 181112 (2017) Kat:3, Licht: 1","181112","3","3","5","08","20","3","0","1","1","1","0","0"
"POINT (11.619991839000022 48.138126446000058)","Unfall 181113 (2017) Kat:3, Licht: 0","181113","3","6","3","08","07","3","0","0","0","1","0","0"
"POINT (11.618168926000067 48.142094984000039)","Unfall 181114 (2017) Kat:3, Licht: 0","181114","3","7","5","08","07","3","0","0","0","1","0","1"
"POINT (11.546908177000034 48.139222254000060)","Unfall 181115 (2017) Kat:3, Licht: 0","181115","3","6","6","08","17","3","0","0","1","0","1","0"
"POINT (11.565283400000055 48.122499250000033)","Unfall 181156 (2017) Kat:3, Licht: 0","181156","3","3","5","08","19","2","0","0","0","1","0","0"
"POINT (11.484936270000048 48.078782078000074)","Unfall 181157 (2017) Kat:3, Licht: 1","181157","3","7","1","08","20","2","0","1","0","1","0","1"
"POINT (11.604452251000055 48.186716131000026)","Unfall 181158 (2017) Kat:3, Licht: 0","181158","3","7","5","08","12","2","0","0","0","1","0","1"
"POINT (11.459478158000024 48.148077191000027)","Unfall 181159 (2017) Kat:3, Licht: 0","181159","3","6","2","08","14","2","0","0","0","1","0","0"
"POINT (11.525899698000046 48.134684172000050)","Unfall 181160 (2017) Kat:3, Licht: 0","181160","3","5","1","08","15","2","0","0","1","1","0","0"
"POINT (11.534009326000046 48.100033628000062)","Unfall 181162 (2017) Kat:3, Licht: 0","181162","3","2","5","08","13","2","0","0","1","1","0","0"
"POINT (11.606639046000055 48.141967316000034)","Unfall 181163 (2017) Kat:3, Licht: 0","181163","3","5","1","08","09","2","0","0","0","1","0","0"
"POINT (11.517485193000027 48.111406667000040)","Unfall 181164 (2017) Kat:3, Licht: 0","181164","3","4","6","08","08","2","0","0","0","0","1","0"
"POINT (11.524198401000035 48.115677962000063)","Unfall 181165 (2017) Kat:3, Licht: 0","181165","3","4","6","08","18","2","0","0","1","0","1","0"
"POINT (11.529197123000074 48.180459092000035)","Unfall 181166 (2017) Kat:3, Licht: 0","181166","3","3","5","08","11","6","0","0","1","1","0","0"
"POINT (11.553468379000037 48.139109186000042)","Unfall 181170 (2017) Kat:3, Licht: 0","181170","3","7","0","08","09","6","0","0","1","0","0","0"
"POINT (11.586597948000076 48.167336474000081)","Unfall 181172 (2017) Kat:3, Licht: 0","181172","3","6","2","08","09","6","0","0","0","1","0","1"
"POINT (11.471635120000030 48.182462930000042)","Unfall 181173 (2017) Kat:3, Licht: 0","181173","3","6","3","08","11","6","0","0","1","1","0","0"
"POINT (11.538657063000073 48.116922514000066)","Unfall 181175 (2017) Kat:3, Licht: 0","181175","3","6","2","08","09","6","0","0","0","1","0","0"
"POINT (11.526938685000061 48.156674570000064)","Unfall 181208 (2017) Kat:2, Licht: 0","181208","2","7","0","08","14","3","0","0","0","0","0","0"
"POINT (11.531645567000055 48.152620498000033)","Unfall 181209 (2017) Kat:3, Licht: 0","181209","3","2","3","08","11","3","0","0","1","1","0","0"
"POINT (11.503389617000039 48.142821458000071)","Unfall 181210 (2017) Kat:2, Licht: 0","181210","2","3","1","08","12","3","0","0","1","1","0","0"
"POINT (11.572393960000056 48.152111891000061)","Unfall 181211 (2017) Kat:3, Licht: 0","181211","3","3","5","08","08","3","1","0","1","1","0","0"
"POINT (11.688884573000053 48.138691539000035)","Unfall 181212 (2017) Kat:3, Licht: 0","181212","3","3","5","08","16","3","0","0","1","0","0","0"
"POINT (11.660774434000075 48.103497747000063)","Unfall 181214 (2017) Kat:3, Licht: 0","181214","3","6","4","08","16","3","0","0","0","1","0","0"
"POINT (11.599591948000068 48.126218082000037)","Unfall 181215 (2017) Kat:3, Licht: 0","181215","3","7","6","08","14","3","0","0","0","1","1","0"
"POINT (11.563736942000048 48.153740876000029)","Unfall 181216 (2017) Kat:3, Licht: 0","181216","3","3","5","08","16","3","0","0","0","1","0","1"
"POINT (11.487498280000068 48.120615298000075)","Unfall 181217 (2017) Kat:3, Licht: 0","181217","3","2","5","08","09","3","0","0","0","1","0","1"
"POINT (11.548829429000023 48.113404965000029)","Unfall 181218 (2017) Kat:3, Licht: 0","181218","3","7","2","08","15","3","0","0","0","1","0","0"
"POINT (11.589195632000042 48.117133021000029)","Unfall 181219 (2017) Kat:3, Licht: 0","181219","3","6","3","08","19","3","0","0","1","1","0","0"
"POINT (11.459375964000060 48.146504519000075)","Unfall 181221 (2017) Kat:3, Licht: 0","181221","3","2","3","08","12","3","0","0","1","1","0","0"
"POINT (11.503340356000024 48.188408953000078)","Unfall 181222 (2017) Kat:3, Licht: 0","181222","3","5","5","08","14","3","0","0","1","0","0","0"
"POINT (11.579717638000034 48.115087268000082)","Unfall 181225 (2017) Kat:3, Licht: 2","181225","3","4","6","08","23","3","0","2","1","0","1","0"
"POINT (11.577302178000025 48.125827719000029)","Unfall 181226 (2017) Kat:3, Licht: 0","181226","3","2","5","08","16","3","0","0","1","0","0","0"
"POINT (11.540155229000050 48.116856581000036)","Unfall 181227 (2017) Kat:3, Licht: 0","181227","3","6","2","08","11","3","0","0","0","1","0","1"
"POINT (11.567845047000048 48.142601392000074)","Unfall 181228 (2017) Kat:3, Licht: 0","181228","3","2","6","08","11","3","0","0","0","1","1","0"
"POINT (11.586577850000026 48.164047304000064)","Unfall 181229 (2017) Kat:3, Licht: 0","181229","3","1","0","08","10","3","0","0","0","0","0","1"
"POINT (11.573860449000051 48.135500264000029)","Unfall 181230 (2017) Kat:3, Licht: 0","181230","3","6","1","08","11","3","0","0","0","1","0","1"
"POINT (11.576470413000038 48.112776509000071)","Unfall 181281 (2017) Kat:3, Licht: 0","181281","3","2","5","08","17","2","0","0","0","1","0","1"
"POINT (11.538130384000056 48.154480492000062)","Unfall 181283 (2017) Kat:3, Licht: 2","181283","3","7","0","08","02","2","0","2","1","0","0","0"
"POINT (11.529463517000067 48.161285993000035)","Unfall 181284 (2017) Kat:3, Licht: 0","181284","3","6","2","08","11","2","1","0","0","1","0","0"
"POINT (11.555875773000025 48.136756458000036)","Unfall 181285 (2017) Kat:3, Licht: 0","181285","3","5","1","08","17","2","0","0","1","1","0","0"
"POINT (11.575149786000054 48.136456285000065)","Unfall 181286 (2017) Kat:3, Licht: 0","181286","3","7","0","08","15","2","0","0","1","1","0","0"
"POINT (11.494889133000072 48.117398199000036)","Unfall 181329 (2017) Kat:3, Licht: 2","181329","3","1","0","08","00","1","0","2","1","0","0","0"
"POINT (11.540150047000054 48.117496198000026)","Unfall 181330 (2017) Kat:2, Licht: 0","181330","2","1","0","08","17","1","1","0","0","0","0","1"
"POINT (11.531648537000024 48.152611954000065)","Unfall 181332 (2017) Kat:3, Licht: 0","181332","3","2","5","08","18","1","1","0","1","0","0","1"
"POINT (11.555983157000071 48.090575083000033)","Unfall 181333 (2017) Kat:3, Licht: 0","181333","3","1","0","08","15","1","0","0","1","0","0","0"
"POINT (11.527024313000027 48.120461045000070)","Unfall 181334 (2017) Kat:3, Licht: 0","181334","3","3","5","08","15","1","0","0","0","1","0","0"
"POINT (11.577444372000059 48.147366383000076)","Unfall 181373 (2017) Kat:3, Licht: 0","181373","3","5","1","08","10","7","0","0","1","1","0","0"
"POINT (11.502244869000037 48.110562408000078)","Unfall 181374 (2017) Kat:2, Licht: 0","181374","2","6","2","08","11","7","0","0","0","1","0","1"
"POINT (11.549486764000051 48.149273368000081)","Unfall 181375 (2017) Kat:3, Licht: 0","181375","3","1","0","08","15","7","0","0","1","0","0","0"
"POINT (11.551662781000061 48.139013120000072)","Unfall 181376 (2017) Kat:3, Licht: 0","181376","3","2","3","08","18","7","0","0","0","1","0","0"
"POINT (11.578587340000070 48.137247549000051)","Unfall 181377 (2017) Kat:2, Licht: 2","181377","2","1","1","08","04","7","0","2","1","1","0","0"
"POINT (11.466782384000055 48.179096387000072)","Unfall 181378 (2017) Kat:3, Licht: 2","181378","3","1","0","08","22","7","0","2","1","0","0","0"
"POINT (11.563376982000023 48.208807587000081)","Unfall 181379 (2017) Kat:3, Licht: 0","181379","3","3","3","08","11","7","0","0","1","1","0","0"
"POINT (11.543629218000035 48.199829360000081)","Unfall 181380 (2017) Kat:3, Licht: 0","181380","3","2","8","08","17","7","0","0","1","0","0","0"
"POINT (11.500212208000050 48.139700015000074)","Unfall 181381 (2017) Kat:3, Licht: 2","181381","3","1","0","08","21","7","0","2","1","0","0","0"
"POINT (11.522744369000065 48.134319917000028)","Unfall 181382 (2017) Kat:2, Licht: 0","181382","2","2","5","08","18","7","0","0","0","1","0","1"
"POINT (11.581613897000068 48.104350292000049)","Unfall 181383 (2017) Kat:3, Licht: 0","181383","3","6","4","08","15","7","0","0","1","0","0","0"
"POINT (11.565886034000073 48.130304932000058)","Unfall 181384 (2017) Kat:3, Licht: 0","181384","3","5","1","08","18","7","0","0","1","1","0","0"
"POINT (11.554645616000073 48.146564933000036)","Unfall 181414 (2017) Kat:3, Licht: 2","181414","3","2","5","08","22","6","0","2","1","1","0","0"
"POINT (11.544858852000061 48.138419348000070)","Unfall 181417 (2017) Kat:3, Licht: 2","181417","3","1","0","08","02","6","0","2","1","0","0","0"
"POINT (11.565819478000037 48.189559600000052)","Unfall 181422 (2017) Kat:2, Licht: 1","181422","2","7","7","09","06","1","0","1","1","0","0","0"
"POINT (11.555845782000063 48.149274525000067)","Unfall 181423 (2017) Kat:3, Licht: 2","181423","3","5","1","09","02","1","1","2","0","1","0","0"
"POINT (11.526590962000057 48.082065559000057)","Unfall 181424 (2017) Kat:3, Licht: 0","181424","3","2","6","09","15","1","1","0","0","1","1","0"
"POINT (11.538439306000043 48.131047481000053)","Unfall 181425 (2017) Kat:3, Licht: 0","181425","3","5","1","09","16","1","0","0","1","1","0","0"
"POINT (11.570540363000077 48.125559575000068)","Unfall 181426 (2017) Kat:3, Licht: 2","181426","3","3","5","09","00","1","1","2","0","1","0","0"
"POINT (11.600193847000071 48.135581353000077)","Unfall 181457 (2017) Kat:3, Licht: 2","181457","3","6","1","09","22","7","0","2","0","1","0","0"
"POINT (11.570582096000066 48.146883791000050)","Unfall 181458 (2017) Kat:3, Licht: 0","181458","3","3","5","09","08","7","1","0","0","1","0","0"
"POINT (11.536651448000043 48.180909979000035)","Unfall 181459 (2017) Kat:3, Licht: 0","181459","3","6","2","09","13","7","0","0","0","1","0","0"
"POINT (11.567577410000069 48.131897081000034)","Unfall 181460 (2017) Kat:3, Licht: 0","181460","3","2","5","09","09","7","1","0","0","1","0","0"
"POINT (11.577292692000071 48.142670808000048)","Unfall 181461 (2017) Kat:3, Licht: 2","181461","3","1","8","09","22","7","1","2","0","1","0","0"
"POINT (11.593248719000030 48.136549966000075)","Unfall 181462 (2017) Kat:3, Licht: 0","181462","3","1","0","09","15","7","1","0","1","0","0","0"
"POINT (11.581976304000023 48.098397859000045)","Unfall 181463 (2017) Kat:3, Licht: 2","181463","3","3","5","09","23","7","1","2","0","1","0","0"
"POINT (11.584356360000072 48.138275635000070)","Unfall 181486 (2017) Kat:3, Licht: 2","181486","3","5","1","09","22","6","1","2","0","1","0","0"
"POINT (11.565122838000036 48.167872331000069)","Unfall 181487 (2017) Kat:2, Licht: 0","181487","2","2","6","09","11","6","1","0","0","1","1","0"
"POINT (11.454660456000056 48.167136827000036)","Unfall 181488 (2017) Kat:3, Licht: 0","181488","3","1","8","09","12","6","1","0","0","1","0","0"