WKT,Name,OBJECTID,UKATEGORIE,UTYP1,UART,UMONAT,USTUNDE,UWOCHENTAG,STRZUSTAND,ULICHTVERH,ISTRAD,ISTPKW,ISTFUSS,ISTKRAD
"POINT (11.612921481000058 48.123273803000075)","Unfall 181489 (2017) Kat:3, Licht: 0","181489","3","3","5","09","10","6","1","0","0","1","0","0"
"POINT (11.541369355000029 48.139560574000029)","Unfall 181490 (2017) Kat:3, Licht: 0","181490","3","6","2","09","15","6","1","0","0","1","0","0"
"POINT (11.644997033000038 48.099090252000053)","Unfall 181541 (2017) Kat:3, Licht: 0","181541","3","2","5","08","11","5","0","0","1","1","0","0"
"POINT (11.510277275000021 48.170085039000071)","Unfall 181542 (2017) Kat:3, Licht: 0","181542","3","7","0","08","18","5","1","0","0","0","0","0"
"POINT (11.552737214000047 48.137500805000059)","Unfall 181543 (2017) Kat:2, Licht: 0","181543","2","7","5","08","17","5","1","0","0","1","0","0"
"POINT (11.579205505000061 48.184214382000050)","Unfall 181544 (2017) Kat:3, Licht: 0","181544","3","2","5","08","17","5","1","0","1","1","0","0"
"POINT (11.568351400000040 48.204903666000064)","Unfall 181545 (2017) Kat:2, Licht: 2","181545","2","4","6","08","20","5","1","2","0","1","1","0"
"POINT (11.665699527000072 48.102939536000065)","Unfall 181547 (2017) Kat:2, Licht: 0","181547","2","1","0","08","17","5","1","0","0","0","0","1"
"POINT (11.707207828000037 48.138089666000042)","Unfall 181548 (2017) Kat:3, Licht: 0","181548","3","2","5","08","08","5","0","0","0","0","0","1"
"POINT (11.588451170000042 48.115300876000049)","Unfall 181549 (2017) Kat:3, Licht: 0","181549","3","2","5","08","16","5","1","0","0","1","0","1"
"POINT (11.641654585000026 48.146602739000059)","Unfall 181550 (2017) Kat:3, Licht: 0","181550","3","5","3","08","17","5","1","0","1","1","0","0"
"POINT (11.577639280000028 48.142669366000064)","Unfall 181607 (2017) Kat:3, Licht: 0","181607","3","6","5","08","14","4","0","0","1","0","0","0"
"POINT (11.548495222000042 48.125868537000031)","Unfall 181608 (2017) Kat:3, Licht: 0","181608","3","2","3","08","09","4","0","0","1","1","0","0"
"POINT (11.560127194000074 48.147254739000061)","Unfall 181609 (2017) Kat:3, Licht: 0","181609","3","7","0","08","15","4","0","0","1","1","0","0"
"POINT (11.573330107000061 48.146216951000042)","Unfall 181610 (2017) Kat:3, Licht: 0","181610","3","6","3","08","16","4","0","0","0","1","0","0"
"POINT (11.584068949000027 48.145481198000027)","Unfall 181611 (2017) Kat:3, Licht: 0","181611","3","7","7","08","11","4","0","0","1","0","0","0"
"POINT (11.671815659000060 48.080242319000035)","Unfall 181612 (2017) Kat:3, Licht: 0","181612","3","7","1","08","14","4","0","0","1","1","0","0"
"POINT (11.562772713000072 48.141621980000082)","Unfall 181613 (2017) Kat:3, Licht: 0","181613","3","7","6","08","16","4","0","0","1","0","1","0"
"POINT (11.501841803000048 48.172585661000028)","Unfall 181614 (2017) Kat:3, Licht: 0","181614","3","3","5","08","09","4","0","0","1","1","0","0"
"POINT (11.558536667000055 48.133984638000072)","Unfall 181616 (2017) Kat:2, Licht: 2","181616","2","1","6","08","23","4","0","2","0","1","1","0"
"POINT (11.592597861000058 48.192756145000033)","Unfall 181617 (2017) Kat:3, Licht: 0","181617","3","7","0","08","11","4","0","0","1","0","0","0"
"POINT (11.530552542000066 48.171310357000038)","Unfall 181619 (2017) Kat:3, Licht: 0","181619","3","6","0","08","18","4","0","0","0","0","0","1"
"POINT (11.566232794000030 48.175577338000039)","Unfall 181620 (2017) Kat:2, Licht: 0","181620","2","3","5","08","14","4","0","0","0","0","0","1"
"POINT (11.531701900000030 48.149418273000038)","Unfall 181621 (2017) Kat:3, Licht: 0","181621","3","6","1","08","18","4","0","0","1","0","0","0"
"POINT (11.578636184000061 48.126082008000026)","Unfall 181622 (2017) Kat:3, Licht: 0","181622","3","7","0","08","10","4","1","0","0","0","0","1"
"POINT (11.624102289000064 48.103965418000030)","Unfall 181623 (2017) Kat:3, Licht: 0","181623","3","1","4","08","13","4","0","0","1","0","0","1"
"POINT (11.637553726000021 48.097797211000056)","Unfall 181624 (2017) Kat:2, Licht: 0","181624","2","1","8","08","11","4","0","0","0","1","0","0"
"POINT (11.648663185000032 48.092378632000077)","Unfall 181625 (2017) Kat:3, Licht: 0","181625","3","2","5","08","07","4","0","0","1","1","0","0"
"POINT (11.600167693000060 48.140806833000056)","Unfall 181626 (2017) Kat:2, Licht: 0","181626","2","3","5","08","18","4","0","0","1","1","0","0"
"POINT (11.589767606000066 48.166168909000078)","Unfall 181627 (2017) Kat:3, Licht: 0","181627","3","5","1","08","13","4","0","0","1","1","0","0"
"POINT (11.584348570000031 48.138277014000039)","Unfall 181628 (2017) Kat:3, Licht: 0","181628","3","2","0","08","18","4","0","0","1","0","1","0"
"POINT (11.553968914000052 48.154318851000028)","Unfall 181710 (2017) Kat:3, Licht: 0","181710","3","2","3","09","09","5","1","0","0","1","0","1"
"POINT (11.685178877000055 48.135481575000028)","Unfall 181711 (2017) Kat:3, Licht: 0","181711","3","3","5","09","14","5","0","0","0","1","0","0"
"POINT (11.536183938000022 48.146198170000048)","Unfall 181712 (2017) Kat:3, Licht: 0","181712","3","6","2","09","08","5","1","0","0","1","0","0"
"POINT (11.590149681000071 48.176848025000027)","Unfall 181713 (2017) Kat:3, Licht: 2","181713","3","3","5","09","00","5","0","2","1","1","0","0"
"POINT (11.576654121000047 48.112792498000033)","Unfall 181714 (2017) Kat:3, Licht: 0","181714","3","3","5","09","11","5","0","0","0","1","0","0"
"POINT (11.478118619000043 48.118774329000075)","Unfall 181715 (2017) Kat:3, Licht: 0","181715","3","6","2","09","14","5","0","0","0","1","0","0"
"POINT (11.511320577000049 48.152430357000071)","Unfall 181716 (2017) Kat:3, Licht: 0","181716","3","5","1","09","13","5","1","0","1","1","0","0"
"POINT (11.618224631000032 48.138093104000063)","Unfall 181717 (2017) Kat:2, Licht: 0","181717","2","4","6","09","11","5","0","0","0","1","1","0"
"POINT (11.558947046000071 48.139334177000080)","Unfall 181718 (2017) Kat:3, Licht: 0","181718","3","4","6","09","09","5","1","0","0","0","1","1"
"POINT (11.536631891000070 48.146245308000061)","Unfall 181719 (2017) Kat:3, Licht: 0","181719","3","6","3","09","16","5","0","0","0","1","0","1"
"POINT (11.515989582000032 48.224712824000051)","Unfall 181720 (2017) Kat:3, Licht: 2","181720","3","3","1","09","05","5","1","2","1","1","0","0"
"POINT (11.528351266000072 48.172617479000053)","Unfall 181721 (2017) Kat:3, Licht: 0","181721","3","2","5","09","12","5","0","0","0","1","0","0"
"POINT (11.502988957000071 48.125601394000057)","Unfall 181722 (2017) Kat:3, Licht: 0","181722","3","3","5","09","14","5","0","0","0","1","0","0"
"POINT (11.601462749000063 48.140491805000067)","Unfall 181723 (2017) Kat:3, Licht: 0","181723","3","2","5","09","19","5","0","0","1","0","0","0"
"POINT (11.561783201000026 48.125023149000071)","Unfall 181724 (2017) Kat:3, Licht: 0","181724","3","6","4","09","13","5","0","0","1","0","0","0"
"POINT (11.574603447000072 48.118490066000049)","Unfall 181774 (2017) Kat:3, Licht: 0","181774","3","2","3","09","18","4","1","0","1","0","0","0"
"POINT (11.483295132000023 48.129026893000059)","Unfall 181775 (2017) Kat:3, Licht: 0","181775","3","3","5","09","11","4","1","0","0","1","0","0"
"POINT (11.576309683000034 48.187666876000037)","Unfall 181776 (2017) Kat:3, Licht: 0","181776","3","2","5","09","09","4","0","0","0","1","0","0"
"POINT (11.564257723000026 48.176125291000062)","Unfall 181777 (2017) Kat:3, Licht: 0","181777","3","6","2","09","09","4","0","0","0","1","0","1"
"POINT (11.644066333000069 48.097086918000059)","Unfall 181778 (2017) Kat:3, Licht: 0","181778","3","3","5","09","18","4","1","0","0","1","0","0"
"POINT (11.599008443000059 48.124974613000063)","Unfall 181779 (2017) Kat:3, Licht: 0","181779","3","7","0","09","08","4","1","0","0","0","0","0"
"POINT (11.590149681000071 48.176848025000027)","Unfall 181780 (2017) Kat:3, Licht: 0","181780","3","3","5","09","09","4","0","0","1","1","0","0"
"POINT (11.508127278000075 48.178388525000059)","Unfall 181781 (2017) Kat:3, Licht: 0","181781","3","3","5","09","15","4","0","0","1","1","0","0"
"POINT (11.569881967000072 48.111556879000034)","Unfall 181782 (2017) Kat:3, Licht: 0","181782","3","2","5","09","16","4","0","0","1","1","0","0"
"POINT (11.583614670000031 48.119050153000046)","Unfall 181783 (2017) Kat:3, Licht: 2","181783","3","3","5","09","18","4","1","2","1","1","0","0"
"POINT (11.559989548000033 48.121156743000029)","Unfall 181784 (2017) Kat:3, Licht: 1","181784","3","2","4","09","20","4","1","1","1","1","0","0"
"POINT (11.560353588000055 48.136346416000038)","Unfall 181785 (2017) Kat:3, Licht: 2","181785","3","5","1","09","21","4","1","2","1","1","0","0"
"POINT (11.535271203000036 48.116914388000055)","Unfall 181830 (2017) Kat:3, Licht: 0","181830","3","4","0","09","14","3","0","0","0","0","1","0"
"POINT (11.558404680000024 48.128570773000035)","Unfall 181831 (2017) Kat:3, Licht: 0","181831","3","5","1","09","14","3","0","0","1","1","0","0"
"POINT (11.562552695000022 48.140709356000059)","Unfall 181832 (2017) Kat:3, Licht: 0","181832","3","2","2","09","12","3","0","0","1","0","0","0"
"POINT (11.558786376000057 48.147437338000032)","Unfall 181833 (2017) Kat:3, Licht: 0","181833","3","2","4","09","12","3","0","0","1","1","0","0"
"POINT (11.586233494000055 48.169387281000070)","Unfall 181834 (2017) Kat:3, Licht: 2","181834","3","6","2","09","22","3","0","2","0","1","0","0"
"POINT (11.658466531000045 48.101194270000065)","Unfall 181835 (2017) Kat:3, Licht: 2","181835","3","2","5","09","06","3","0","2","1","1","0","0"
"POINT (11.530594469000050 48.171284522000064)","Unfall 181836 (2017) Kat:3, Licht: 0","181836","3","3","5","09","18","3","0","0","1","1","0","0"
"POINT (11.552758801000039 48.161516920000054)","Unfall 181837 (2017) Kat:3, Licht: 0","181837","3","7","0","09","17","3","0","0","1","0","0","0"
"POINT (11.648225791000073 48.111668785000063)","Unfall 181885 (2017) Kat:3, Licht: 0","181885","3","2","2","09","11","2","0","0","0","1","0","0"
"POINT (11.643326364000075 48.140027692000046)","Unfall 181886 (2017) Kat:3, Licht: 0","181886","3","3","5","09","17","2","0","0","0","1","0","1"
"POINT (11.568368643000042 48.155109156000037)","Unfall 181888 (2017) Kat:3, Licht: 0","181888","3","3","5","09","18","2","0","0","1","1","0","1"
"POINT (11.614871761000074 48.138163985000062)","Unfall 181889 (2017) Kat:3, Licht: 0","181889","3","6","2","09","18","2","0","0","0","1","0","1"
"POINT (11.609618810000029 48.118492166000067)","Unfall 181890 (2017) Kat:2, Licht: 0","181890","2","3","5","09","09","2","0","0","0","1","0","0"
"POINT (11.543284706000065 48.214847793000047)","Unfall 181891 (2017) Kat:2, Licht: 0","181891","2","2","5","09","15","2","0","0","0","1","0","1"
"POINT (11.554862162000063 48.144057697000051)","Unfall 181892 (2017) Kat:3, Licht: 2","181892","3","2","6","09","05","2","0","2","0","1","1","0"
"POINT (11.502609779000068 48.120330979000073)","Unfall 181894 (2017) Kat:3, Licht: 0","181894","3","6","2","09","18","2","0","0","0","1","0","0"
"POINT (11.560839914000042 48.135614058000044)","Unfall 181896 (2017) Kat:3, Licht: 0","181896","3","7","0","09","14","2","0","0","0","1","0","0"
"POINT (11.560143277000066 48.137405300000069)","Unfall 181897 (2017) Kat:3, Licht: 0","181897","3","4","6","09","16","2","0","0","0","0","1","1"
"POINT (11.585043920000032 48.132432610000080)","Unfall 181898 (2017) Kat:3, Licht: 0","181898","3","2","3","09","09","2","0","0","1","1","0","0"
"POINT (11.550242604000061 48.125485572000059)","Unfall 181933 (2017) Kat:3, Licht: 0","181933","3","7","5","09","12","4","1","0","0","1","0","0"
"POINT (11.542574692000073 48.133692087000043)","Unfall 181934 (2017) Kat:3, Licht: 0","181934","3","2","5","09","08","4","0","0","1","1","0","0"
"POINT (11.562504363000073 48.185847073000048)","Unfall 181953 (2017) Kat:3, Licht: 0","181953","3","6","0","09","18","4","1","0","0","0","0","1"
"POINT (11.552259611000068 48.155410068000037)","Unfall 181954 (2017) Kat:3, Licht: 0","181954","3","6","1","09","16","4","1","0","0","1","0","0"
"POINT (11.651084356000069 48.129397265000080)","Unfall 181955 (2017) Kat:3, Licht: 0","181955","3","2","5","09","07","4","0","0","1","1","0","0"
"POINT (11.699968117000026 48.107557684000028)","Unfall 181956 (2017) Kat:3, Licht: 0","181956","3","3","0","09","12","4","0","0","0","1","0","0"
"POINT (11.639703009000073 48.144988528000056)","Unfall 181957 (2017) Kat:3, Licht: 1","181957","3","2","5","09","18","4","0","1","0","1","0","1"
"POINT (11.591727565000042 48.165924103000066)","Unfall 181990 (2017) Kat:3, Licht: 0","181990","3","3","5","09","16","3","0","0","0","1","0","0"
"POINT (11.534510276000049 48.119400370000051)","Unfall 181991 (2017) Kat:3, Licht: 0","181991","3","3","5","09","16","3","0","0","1","1","0","0"
"POINT (11.583430267000040 48.159710407000034)","Unfall 181992 (2017) Kat:3, Licht: 0","181992","3","2","3","09","19","3","0","0","0","1","0","1"
"POINT (11.575397575000068 48.119568685000047)","Unfall 181993 (2017) Kat:3, Licht: 0","181993","3","2","5","09","09","3","1","0","1","1","0","0"
"POINT (11.560384316000068 48.174137726000026)","Unfall 181994 (2017) Kat:3, Licht: 2","181994","3","3","5","09","22","3","0","2","1","1","0","0"
"POINT (11.474726329000077 48.179428634000033)","Unfall 181995 (2017) Kat:3, Licht: 0","181995","3","3","5","09","19","3","0","0","0","1","0","0"
"POINT (11.477161611000042 48.115603676000035)","Unfall 181996 (2017) Kat:3, Licht: 0","181996","3","2","0","09","09","3","1","0","0","1","0","0"
"POINT (11.512895629000070 48.078290290000041)","Unfall 181997 (2017) Kat:2, Licht: 0","181997","2","1","1","09","12","3","0","0","0","1","0","0"
"POINT (11.581854654000040 48.135303195000063)","Unfall 181998 (2017) Kat:2, Licht: 0","181998","2","7","0","09","09","3","1","0","0","0","0","0"
"POINT (11.581211757000062 48.167089784000041)","Unfall 181999 (2017) Kat:3, Licht: 0","181999","3","3","5","09","17","3","0","0","0","1","0","0"
"POINT (11.543307538000022 48.139536095000039)","Unfall 182000 (2017) Kat:2, Licht: 0","182000","2","7","3","09","14","3","1","0","0","1","0","0"
"POINT (11.550840006000044 48.149005273000057)","Unfall 182001 (2017) Kat:3, Licht: 0","182001","3","2","5","09","10","3","1","0","1","1","0","0"
"POINT (11.577245453000046 48.119391566000047)","Unfall 182002 (2017) Kat:3, Licht: 0","182002","3","7","0","09","10","3","1","0","0","0","0","0"
"POINT (11.589528958000074 48.106641689000071)","Unfall 182004 (2017) Kat:3, Licht: 0","182004","3","2","1","09","16","3","1","0","0","1","0","0"
"POINT (11.597053842000037 48.142533321000030)","Unfall 182056 (2017) Kat:3, Licht: 0","182056","3","6","4","09","17","2","0","0","1","0","0","0"
"POINT (11.589404506000051 48.130648207000036)","Unfall 182057 (2017) Kat:3, Licht: 0","182057","3","7","1","09","08","2","0","0","1","1","0","0"
"POINT (11.613959489000024 48.206769829000052)","Unfall 182058 (2017) Kat:3, Licht: 0","182058","3","3","1","09","13","2","0","0","1","1","0","0"
"POINT (11.473953809000022 48.143074249000051)","Unfall 182061 (2017) Kat:3, Licht: 0","182061","3","7","0","09","15","2","0","0","0","0","0","1"
"POINT (11.573656357000061 48.170252823000055)","Unfall 182062 (2017) Kat:3, Licht: 0","182062","3","7","0","09","11","2","0","0","0","1","0","0"
"POINT (11.567539541000031 48.123050272000057)","Unfall 182063 (2017) Kat:3, Licht: 0","182063","3","7","4","09","14","2","0","0","1","0","0","0"
"POINT (11.557934409000040 48.145609441000033)","Unfall 182064 (2017) Kat:2, Licht: 0","182064","2","4","6","09","10","2","0","0","1","0","1","0"
"POINT (11.503236223000044 48.188734465000039)","Unfall 182065 (2017) Kat:3, Licht: 0","182065","3","6","3","09","16","2","0","0","1","0","0","0"
"POINT (11.515035097000066 48.179233152000052)","Unfall 182066 (2017) Kat:3, Licht: 0","182066","3","3","1","09","18","2","0","0","1","0","0","0"
"POINT (11.661717536000026 48.134010895000074)","Unfall 182067 (2017) Kat:3, Licht: 0","182067","3","3","5","09","13","2","0","0","0","1","0","0"
"POINT (11.547532026000056 48.139231431000042)","Unfall 182068 (2017) Kat:3, Licht: 0","182068","3","6","1","09","12","2","0","0","0","1","0","0"
"POINT (11.559490942000025 48.122791477000078)","Unfall 182069 (2017) Kat:3, Licht: 0","182069","3","3","5","09","09","2","0","0","1","0","0","0"
"POINT (11.609109632000070 48.136331645000041)","Unfall 182104 (2017) Kat:3, Licht: 2","182104","3","6","1","09","04","1","1","2","0","1","0","0"
"POINT (11.587883557000055 48.173047411000027)","Unfall 182105 (2017) Kat:3, Licht: 0","182105","3","1","0","09","17","1","0","0","1","0","0","0"
"POINT (11.469792489000042 48.125999073000060)","Unfall 182128 (2017) Kat:3, Licht: 0","182128","3","5","1","09","16","7","0","0","0","1","0","1"
"POINT (11.574922726000068 48.179447230000051)","Unfall 182129 (2017) Kat:3, Licht: 2","182129","3","5","1","09","05","7","0","2","0","1","0","0"
"POINT (11.584870392000028 48.162716202000070)","Unfall 182130 (2017) Kat:2, Licht: 0","182130","2","1","1","09","13","7","0","0","1","1","0","0"
"POINT (11.505144939000047 48.164237629000070)","Unfall 182173 (2017) Kat:3, Licht: 0","182173","3","2","5","09","15","6","0","0","1","1","0","0"
"POINT (11.530853596000043 48.104128161000062)","Unfall 182174 (2017) Kat:3, Licht: 0","182174","3","1","5","09","08","6","0","0","1","1","0","0"
"POINT (11.601480428000059 48.103785250000044)","Unfall 182175 (2017) Kat:3, Licht: 0","182175","3","7","0","09","18","6","0","0","1","1","0","0"
"POINT (11.586323877000041 48.167291942000077)","Unfall 182176 (2017) Kat:2, Licht: 2","182176","2","2","4","09","23","6","0","2","0","1","0","1"
"POINT (11.541038295000021 48.117213141000036)","Unfall 182177 (2017) Kat:3, Licht: 2","182177","3","7","0","09","22","6","0","2","1","0","0","0"
"POINT (11.533608130000061 48.116496532000042)","Unfall 182178 (2017) Kat:2, Licht: 2","182178","2","7","2","09","19","6","0","2","0","1","0","0"
"POINT (11.517418327000030 48.083964034000076)","Unfall 182180 (2017) Kat:3, Licht: 0","182180","3","6","0","09","18","6","0","0","0","1","0","0"
"POINT (11.640356515000065 48.168119255000079)","Unfall 182181 (2017) Kat:3, Licht: 2","182181","3","7","0","09","20","6","1","2","1","0","1","0"
"POINT (11.605971043000068 48.120853243000056)","Unfall 182182 (2017) Kat:3, Licht: 0","182182","3","6","1","09","16","6","0","0","0","1","0","0"
"POINT (11.555842046000066 48.139171592000025)","Unfall 182183 (2017) Kat:3, Licht: 1","182183","3","6","0","09","19","6","0","1","0","1","0","0"
"POINT (11.555875491000052 48.136748248000060)","Unfall 182184 (2017) Kat:3, Licht: 0","182184","3","1","0","09","18","6","0","0","1","0","0","0"
"POINT (11.567351234000057 48.130014313000061)","Unfall 182185 (2017) Kat:3, Licht: 2","182185","3","1","0","09","22","6","0","2","1","0","0","0"
"POINT (11.595869683000046 48.147097461000044)","Unfall 182186 (2017) Kat:3, Licht: 2","182186","3","7","8","09","21","6","0","2","1","0","0","0"
"POINT (11.563363224000057 48.151361859000076)","Unfall 182194 (2017) Kat:3, Licht: 0","182194","3","6","1","09","11","4","0","0","1","1","0","0"
"POINT (11.634785379000050 48.137955042000044)","Unfall 182195 (2017) Kat:3, Licht: 2","182195","3","2","4","09","06","2","0","2","1","0","0","0"
"POINT (11.536850629000071 48.133869085000072)","Unfall 182196 (2017) Kat:3, Licht: 0","182196","3","3","5","09","18","2","0","0","1","1","0","0"
"POINT (11.480011079000064 48.156285622000041)","Unfall 182197 (2017) Kat:3, Licht: 2","182197","3","5","0","09","20","2","0","2","1","1","0","0"
"POINT (11.564979628000060 48.140952470000059)","Unfall 182198 (2017) Kat:3, Licht: 0","182198","3","6","3","09","16","2","0","0","1","0","0","0"
"POINT (11.429827881000051 48.186650853000060)","Unfall 182199 (2017) Kat:3, Licht: 0","182199","3","3","5","09","11","2","0","0","0","1","0","0"
"POINT (11.531354458000067 48.146896714000036)","Unfall 182200 (2017) Kat:3, Licht: 0","182200","3","2","5","09","18","2","0","0","0","1","0","1"
"POINT (11.587059851000049 48.134248111000034)","Unfall 182201 (2017) Kat:3, Licht: 0","182201","3","3","5","09","17","2","0","0","0","1","0","0"
"POINT (11.530818594000039 48.131164260000048)","Unfall 182202 (2017) Kat:2, Licht: 0","182202","2","3","5","09","11","2","1","0","0","1","0","0"
"POINT (11.558412282000063 48.129607112000031)","Unfall 182203 (2017) Kat:3, Licht: 0","182203","3","6","0","09","18","2","0","0","0","1","0","0"
"POINT (11.661671084000034 48.087380270000040)","Unfall 182204 (2017) Kat:3, Licht: 0","182204","3","2","5","09","17","2","0","0","1","1","0","0"
"POINT (11.578203898000027 48.115134714000078)","Unfall 182205 (2017) Kat:3, Licht: 0","182205","3","4","0","09","17","2","0","0","0","1","1","0"
"POINT (11.539447967000058 48.118353591000073)","Unfall 182206 (2017) Kat:3, Licht: 0","182206","3","7","6","09","15","2","0","0","1","0","1","0"
"POINT (11.550129817000027 48.137544652000031)","Unfall 182207 (2017) Kat:3, Licht: 2","182207","3","5","1","09","20","2","0","2","1","1","0","0"
"POINT (11.558465801000068 48.129554522000035)","Unfall 182208 (2017) Kat:3, Licht: 0","182208","3","2","0","09","16","2","0","0","0","1","0","0"
"POINT (11.575898658000028 48.156532782000056)","Unfall 182210 (2017) Kat:3, Licht: 0","182210","3","2","1","09","10","2","0","0","0","1","0","1"
"POINT (11.582828588000041 48.141170813000031)","Unfall 182211 (2017) Kat:3, Licht: 0","182211","3","3","5","09","17","2","0","0","1","1","0","0"
"POINT (11.568430920000026 48.152950821000047)","Unfall 182212 (2017) Kat:3, Licht: 0","182212","3","7","1","09","08","2","0","0","1","1","0","0"
"POINT (11.613577531000033 48.127027107000060)","Unfall 182213 (2017) Kat:3, Licht: 0","182213","3","2","4","09","07","2","0","0","1","1","0","0"
"POINT (11.575291631000027 48.159709264000071)","Unfall 182215 (2017) Kat:3, Licht: 0","182215","3","2","5","09","14","2","0","0","1","1","0","0"
"POINT (11.581547566000040 48.144702929000061)","Unfall 182263 (2017) Kat:3, Licht: 2","182263","3","7","0","09","04","1","0","2","1","0","0","0"
"POINT (11.584218935000024 48.156755942000075)","Unfall 182264 (2017) Kat:3, Licht: 2","182264","3","5","1","09","00","1","0","2","0","1","0","0"
"POINT (11.598818416000029 48.182169583000075)","Unfall 182265 (2017) Kat:3, Licht: 0","182265","3","7","5","09","12","1","0","0","0","1","0","0"
"POINT (11.467186149000042 48.156805516000077)","Unfall 182266 (2017) Kat:3, Licht: 2","182266","3","3","5","09","21","1","0","2","1","1","0","0"
"POINT (11.567020160000027 48.140657372000078)","Unfall 182289 (2017) Kat:3, Licht: 0","182289","3","3","5","09","10","7","1","0","0","1","0","0"
"POINT (11.544755117000022 48.127788419000069)","Unfall 182290 (2017) Kat:3, Licht: 2","182290","3","4","6","09","23","7","0","2","0","1","1","0"
"POINT (11.539574460000040 48.132207958000038)","Unfall 182291 (2017) Kat:3, Licht: 0","182291","3","6","2","09","16","7","0","0","0","1","0","0"
"POINT (11.572936889000061 48.177997848000075)","Unfall 182292 (2017) Kat:3, Licht: 0","182292","3","2","5","09","10","7","1","0","0","1","0","0"
"POINT (11.530888447000052 48.171103375000030)","Unfall 182293 (2017) Kat:3, Licht: 0","182293","3","6","2","09","10","7","1","0","0","1","0","0"
"POINT (11.589017066000054 48.156603919000077)","Unfall 182294 (2017) Kat:3, Licht: 0","182294","3","3","5","09","10","7","1","0","0","1","0","0"
"POINT (11.604557030000024 48.105830140000080)","Unfall 182295 (2017) Kat:3, Licht: 0","182295","3","7","0","09","16","7","0","0","0","1","0","0"
"POINT (11.527737192000075 48.147764885000072)","Unfall 182296 (2017) Kat:3, Licht: 0","182296","3","6","2","09","16","7","0","0","0","1","0","0"
"POINT (11.595527966000077 48.192790252000066)","Unfall 182298 (2017) Kat:3, Licht: 0","182298","3","6","2","09","11","7","1","0","0","1","0","1"
"POINT (11.478092454000034 48.119851532000041)","Unfall 182299 (2017) Kat:3, Licht: 0","182299","3","3","5","09","15","7","0","0","1","1","0","0"
"POINT (11.503999850000071 48.094338063000066)","Unfall 182300 (2017) Kat:3, Licht: 0","182300","3","7","0","09","17","7","0","0","1","0","0","0"
"POINT (11.575602278000076 48.128455751000047)","Unfall 182336 (2017) Kat:3, Licht: 0","182336","3","6","4","09","16","6","0","0","1","0","0","0"
"POINT (11.558402268000066 48.129709242000047)","Unfall 182337 (2017) Kat:3, Licht: 2","182337","3","2","4","09","23","6","0","2","1","0","0","1"
"POINT (11.592282978000071 48.173385485000040)","Unfall 182338 (2017) Kat:3, Licht: 0","182338","3","3","5","09","11","6","0","0","1","1","0","0"
"POINT (11.535357125000075 48.123648678000052)","Unfall 182339 (2017) Kat:3, Licht: 0","182339","3","2","2","09","13","6","0","0","0","1","0","0"
"POINT (11.586682402000065 48.164181544000030)","Unfall 182340 (2017) Kat:3, Licht: 0","182340","3","4","0","09","10","6","1","0","1","0","1","0"
"POINT (11.601468980000050 48.140366419000031)","Unfall 182341 (2017) Kat:3, Licht: 0","182341","3","6","3","09","15","6","0","0","1","1","0","1"
"POINT (11.644395218000057 48.169360359000052)","Unfall 182342 (2017) Kat:3, Licht: 0","182342","3","4","6","09","12","6","0","0","0","1","1","0"
"POINT (11.507369704000041 48.093778466000060)","Unfall 182343 (2017) Kat:3, Licht: 0","182343","3","2","6","09","09","6","0","0","0","1","1","0"
"POINT (11.569679192000024 48.116346429000032)","Unfall 182345 (2017) Kat:3, Licht: 0","182345","3","3","5","09","13","6","0","0","1","1","0","0"
"POINT (11.559846129000050 48.125691899000060)","Unfall 182346 (2017) Kat:2, Licht: 2","182346","2","7","6","09","03","6","0","2","0","1","1","0"
"POINT (11.525417816000072 48.168807157000060)","Unfall 182347 (2017) Kat:2, Licht: 0","182347","2","3","5","09","12","6","0","0","0","1","0","1"
"POINT (11.527022864000060 48.120478985000034)","Unfall 182348 (2017) Kat:3, Licht: 0","182348","3","3","5","09","07","6","0","0","0","1","0","0"
"POINT (11.541488107000077 48.123049076000029)","Unfall 182349 (2017) Kat:3, Licht: 0","182349","3","2","5","09","16","6","0","0","1","1","0","0"
"POINT (11.559998014000030 48.121214038000062)","Unfall 182350 (2017) Kat:3, Licht: 0","182350","3","1","0","09","16","6","0","0","0","0","0","1"
"POINT (11.540865714000063 48.135674396000070)","Unfall 182351 (2017) Kat:3, Licht: 0","182351","3","1","1","09","17","6","0","0","1","1","0","0"
"POINT (11.563818320000053 48.150486062000027)","Unfall 182352 (2017) Kat:3, Licht: 2","182352","3","6","1","09","20","6","1","2","0","1","0","0"
"POINT (11.595912448000036 48.147313069000063)","Unfall 182406 (2017) Kat:3, Licht: 0","182406","3","6","3","09","11","5","1","0","0","1","0","0"
"POINT (11.690271261000021 48.135559027000056)","Unfall 182407 (2017) Kat:3, Licht: 0","182407","3","3","4","09","17","5","1","0","0","1","0","0"
"POINT (11.596109979000062 48.130838882000035)","Unfall 182408 (2017) Kat:3, Licht: 0","182408","3","7","6","09","17","5","1","0","0","1","1","0"
"POINT (11.502542168000048 48.174188249000053)","Unfall 182409 (2017) Kat:3, Licht: 0","182409","3","6","2","09","11","5","1","0","0","1","0","0"
"POINT (11.502799414000037 48.143468694000035)","Unfall 182410 (2017) Kat:3, Licht: 0","182410","3","4","6","09","14","5","1","0","1","0","1","0"
"POINT (11.558182195000029 48.129422664000060)","Unfall 182412 (2017) Kat:3, Licht: 0","182412","3","2","5","09","16","5","1","0","1","1","0","0"