WKT,Name,OBJECTID,UKATEGORIE,UTYP1,UART,UMONAT,USTUNDE,UWOCHENTAG,STRZUSTAND,ULICHTVERH,ISTRAD,ISTPKW,ISTFUSS,ISTKRAD
"POINT (11.614464752000060 48.142492806000064)","Unfall 182413 (2017) Kat:3, Licht: 1","182413","3","5","3","09","18","5","0","1","1","1","0","0"
"POINT (11.573599367000043 48.143453482000041)","Unfall 182414 (2017) Kat:3, Licht: 0","182414","3","2","3","09","13","5","1","0","0","1","0","0"
"POINT (11.570093306000047 48.139829265000060)","Unfall 182415 (2017) Kat:3, Licht: 0","182415","3","7","6","09","16","5","0","0","1","0","1","0"
"POINT (11.571800565000046 48.131160884000053)","Unfall 182456 (2017) Kat:3, Licht: 0","182456","3","6","0","09","14","4","1","0","0","1","0","1"
"POINT (11.548602726000070 48.114116397000032)","Unfall 182457 (2017) Kat:3, Licht: 0","182457","3","7","4","09","17","4","1","0","0","1","0","1"
"POINT (11.658748054000057 48.153668479000032)","Unfall 182458 (2017) Kat:3, Licht: 0","182458","3","3","5","09","17","4","1","0","0","1","0","0"
"POINT (11.653661957000054 48.115786710000066)","Unfall 182460 (2017) Kat:2, Licht: 0","182460","2","7","0","09","15","4","0","0","0","0","0","0"
"POINT (11.570255096000039 48.131839849000073)","Unfall 182461 (2017) Kat:3, Licht: 0","182461","3","7","0","09","09","4","0","0","0","1","1","0"
"POINT (11.556953334000070 48.162956854000072)","Unfall 182462 (2017) Kat:3, Licht: 0","182462","3","3","5","09","07","4","0","0","1","1","0","0"
"POINT (11.682299246000071 48.117383704000076)","Unfall 182522 (2017) Kat:3, Licht: 0","182522","3","2","5","09","17","5","0","0","1","1","0","0"
"POINT (11.601577131000056 48.144440650000035)","Unfall 182523 (2017) Kat:3, Licht: 0","182523","3","3","5","09","12","5","0","0","1","1","0","0"
"POINT (11.575992314000075 48.116051080000034)","Unfall 182524 (2017) Kat:3, Licht: 0","182524","3","3","5","09","07","5","0","0","1","1","0","0"
"POINT (11.548319690000028 48.118361375000063)","Unfall 182525 (2017) Kat:3, Licht: 0","182525","3","2","5","09","08","5","0","0","1","1","0","0"
"POINT (11.605697332000034 48.162779377000049)","Unfall 182526 (2017) Kat:3, Licht: 1","182526","3","7","0","09","19","5","0","1","1","0","0","0"
"POINT (11.588232833000063 48.158082330000070)","Unfall 182527 (2017) Kat:3, Licht: 0","182527","3","6","2","09","11","5","0","0","1","0","0","0"
"POINT (11.515510074000076 48.117588740000031)","Unfall 182528 (2017) Kat:3, Licht: 2","182528","3","2","5","09","19","5","0","2","1","1","0","0"
"POINT (11.568892607000066 48.160249330000056)","Unfall 182529 (2017) Kat:3, Licht: 0","182529","3","3","5","09","18","5","0","0","1","0","0","0"
"POINT (11.534193552000033 48.191845372000046)","Unfall 182530 (2017) Kat:2, Licht: 0","182530","2","6","6","09","18","5","0","0","1","0","1","0"
"POINT (11.611455093000075 48.199879462000069)","Unfall 182531 (2017) Kat:3, Licht: 0","182531","3","2","4","09","16","5","0","0","1","1","0","0"
"POINT (11.555641702000059 48.137482951000038)","Unfall 182532 (2017) Kat:3, Licht: 0","182532","3","6","0","09","13","5","0","0","1","1","0","0"
"POINT (11.497281580000049 48.126513353000064)","Unfall 182533 (2017) Kat:3, Licht: 0","182533","3","3","5","09","16","5","0","0","0","1","0","0"
"POINT (11.615264553000031 48.130992671000058)","Unfall 182535 (2017) Kat:3, Licht: 0","182535","3","2","4","09","08","5","0","0","1","1","0","0"
"POINT (11.539228557000058 48.125465023000061)","Unfall 182536 (2017) Kat:3, Licht: 0","182536","3","2","5","09","08","5","0","0","1","1","0","0"
"POINT (11.547740086000033 48.126715943000079)","Unfall 182537 (2017) Kat:3, Licht: 2","182537","3","2","5","09","21","5","0","2","1","1","0","0"
"POINT (11.535430711000060 48.169417718000034)","Unfall 182538 (2017) Kat:3, Licht: 0","182538","3","1","4","09","17","5","0","0","1","0","0","1"
"POINT (11.564593069000068 48.165353660000051)","Unfall 182608 (2017) Kat:3, Licht: 0","182608","3","6","2","09","15","4","0","0","0","1","0","0"
"POINT (11.521801358000062 48.175903538000057)","Unfall 182609 (2017) Kat:3, Licht: 2","182609","3","2","6","09","00","4","0","2","0","1","1","0"
"POINT (11.548040049000065 48.192905404000044)","Unfall 182610 (2017) Kat:3, Licht: 0","182610","3","7","5","09","17","4","1","0","0","1","0","1"
"POINT (11.480236190000028 48.141715026000043)","Unfall 182611 (2017) Kat:3, Licht: 0","182611","3","7","0","09","13","4","1","0","0","0","0","1"
"POINT (11.519184410000037 48.094605478000062)","Unfall 182612 (2017) Kat:3, Licht: 0","182612","3","2","5","09","10","4","1","0","1","1","0","0"
"POINT (11.555820549000032 48.135171196000044)","Unfall 182614 (2017) Kat:3, Licht: 0","182614","3","7","3","09","18","4","0","0","0","1","0","0"
"POINT (11.618076003000056 48.101120138000056)","Unfall 182615 (2017) Kat:3, Licht: 0","182615","3","4","6","09","07","4","1","0","0","0","1","0"
"POINT (11.552211529000033 48.148731236000060)","Unfall 182616 (2017) Kat:2, Licht: 1","182616","2","6","5","09","18","4","1","1","0","1","0","1"
"POINT (11.492222546000050 48.129542500000071)","Unfall 182617 (2017) Kat:3, Licht: 0","182617","3","3","0","09","09","4","1","0","0","1","0","1"
"POINT (11.639877154000033 48.116872308000040)","Unfall 182619 (2017) Kat:3, Licht: 1","182619","3","2","5","09","19","4","0","1","1","1","0","0"
"POINT (11.582713097000067 48.157682470000054)","Unfall 182620 (2017) Kat:3, Licht: 0","182620","3","3","5","09","18","4","1","0","1","1","0","0"
"POINT (11.612831436000022 48.120782781000059)","Unfall 182670 (2017) Kat:3, Licht: 2","182670","3","2","4","09","20","3","0","2","0","1","0","0"
"POINT (11.577601808000054 48.162950769000076)","Unfall 182671 (2017) Kat:2, Licht: 2","182671","2","7","0","09","23","3","1","2","0","1","1","0"
"POINT (11.671631562000073 48.100941815000056)","Unfall 182673 (2017) Kat:3, Licht: 0","182673","3","6","4","09","07","3","1","0","1","1","0","0"
"POINT (11.585459334000063 48.175280343000054)","Unfall 182674 (2017) Kat:3, Licht: 0","182674","3","3","5","09","08","3","0","0","1","1","0","0"
"POINT (11.562355451000030 48.157519094000065)","Unfall 182675 (2017) Kat:3, Licht: 0","182675","3","6","3","09","07","3","0","0","1","1","0","0"
"POINT (11.626805251000064 48.102117425000074)","Unfall 182726 (2017) Kat:3, Licht: 0","182726","3","6","2","09","13","3","0","0","0","1","0","0"
"POINT (11.513558054000043 48.098198485000069)","Unfall 182728 (2017) Kat:3, Licht: 2","182728","3","4","6","09","20","3","0","2","1","0","1","0"
"POINT (11.558810347000076 48.208426057000054)","Unfall 182729 (2017) Kat:3, Licht: 0","182729","3","2","4","09","18","3","0","0","1","1","0","0"
"POINT (11.480960832000051 48.091382479000060)","Unfall 182730 (2017) Kat:3, Licht: 0","182730","3","1","0","09","16","3","0","0","1","0","0","0"
"POINT (11.547276574000023 48.123569176000046)","Unfall 182731 (2017) Kat:3, Licht: 0","182731","3","7","4","09","16","3","0","0","0","1","0","0"
"POINT (11.507156143000032 48.163874486000054)","Unfall 182733 (2017) Kat:3, Licht: 0","182733","3","6","0","09","18","3","0","0","0","1","0","0"
"POINT (11.502345011000045 48.116206567000063)","Unfall 182734 (2017) Kat:3, Licht: 0","182734","3","3","5","09","16","3","0","0","1","1","0","0"
"POINT (11.613929328000040 48.136732203000065)","Unfall 182737 (2017) Kat:3, Licht: 0","182737","3","7","1","09","13","3","0","0","0","1","0","0"
"POINT (11.640560789000062 48.149909518000072)","Unfall 182738 (2017) Kat:3, Licht: 0","182738","3","7","6","09","11","3","0","0","0","1","1","0"
"POINT (11.528380461000040 48.118323720000035)","Unfall 182739 (2017) Kat:3, Licht: 0","182739","3","1","0","09","12","3","0","0","0","1","0","1"
"POINT (11.575640539000062 48.128313417000072)","Unfall 182810 (2017) Kat:3, Licht: 0","182810","3","2","2","09","15","2","0","0","0","1","0","1"
"POINT (11.505061357000045 48.126135635000026)","Unfall 182811 (2017) Kat:3, Licht: 0","182811","3","6","2","09","16","2","1","0","0","1","0","0"
"POINT (11.546482435000030 48.200429920000033)","Unfall 182813 (2017) Kat:3, Licht: 0","182813","3","3","5","09","08","2","0","0","1","1","0","0"
"POINT (11.456043112000032 48.163791230000072)","Unfall 182815 (2017) Kat:3, Licht: 0","182815","3","6","2","09","12","2","0","0","0","1","0","0"
"POINT (11.574268962000076 48.187601419000032)","Unfall 182816 (2017) Kat:3, Licht: 0","182816","3","6","3","09","15","2","0","0","0","1","0","0"
"POINT (11.533240861000024 48.153081686000064)","Unfall 182817 (2017) Kat:3, Licht: 0","182817","3","2","5","09","17","2","1","0","1","1","0","0"
"POINT (11.622923468000067 48.143553409000049)","Unfall 182869 (2017) Kat:3, Licht: 0","182869","3","3","5","09","15","1","0","0","1","1","0","0"
"POINT (11.477027721000070 48.125672347000034)","Unfall 182870 (2017) Kat:1, Licht: 2","182870","1","4","6","09","19","1","1","2","0","0","1","0"
"POINT (11.568949266000061 48.145042864000061)","Unfall 182871 (2017) Kat:3, Licht: 0","182871","3","2","3","09","15","1","0","0","1","1","0","0"
"POINT (11.550927000000058 48.137533847000043)","Unfall 182872 (2017) Kat:3, Licht: 2","182872","3","7","6","09","01","1","0","2","0","1","1","0"
"POINT (11.540798703000064 48.159648689000051)","Unfall 182873 (2017) Kat:3, Licht: 0","182873","3","7","5","09","17","1","0","0","1","1","0","0"
"POINT (11.518722504000038 48.098747306000064)","Unfall 182874 (2017) Kat:3, Licht: 2","182874","3","1","0","09","21","1","1","2","0","0","0","1"
"POINT (11.598935108000035 48.195521579000058)","Unfall 182916 (2017) Kat:3, Licht: 2","182916","3","1","9","09","01","7","0","2","0","1","0","0"
"POINT (11.464970553000057 48.193413737000071)","Unfall 182917 (2017) Kat:3, Licht: 0","182917","3","2","5","09","11","7","0","0","0","1","0","0"
"POINT (11.525323053000022 48.132550720000040)","Unfall 182918 (2017) Kat:3, Licht: 0","182918","3","3","5","09","09","7","0","0","0","1","0","0"
"POINT (11.571904473000075 48.131082331000073)","Unfall 182919 (2017) Kat:3, Licht: 0","182919","3","1","0","09","10","7","0","0","0","0","0","1"
"POINT (11.583679885000038 48.138404366000032)","Unfall 182920 (2017) Kat:3, Licht: 2","182920","3","6","3","09","23","7","0","2","1","1","0","0"
"POINT (11.565171656000075 48.167867248000050)","Unfall 182921 (2017) Kat:3, Licht: 0","182921","3","2","4","09","10","7","0","0","0","1","0","0"
"POINT (11.564858150000077 48.167982614000039)","Unfall 182922 (2017) Kat:3, Licht: 0","182922","3","3","4","09","14","7","0","0","0","1","0","0"
"POINT (11.658172940000043 48.126771777000044)","Unfall 182923 (2017) Kat:3, Licht: 0","182923","3","3","5","09","09","7","0","0","1","1","0","0"
"POINT (11.696177281000075 48.118167275000076)","Unfall 182924 (2017) Kat:3, Licht: 0","182924","3","7","4","09","13","7","0","0","0","1","0","0"
"POINT (11.691700965000052 48.113228108000044)","Unfall 182925 (2017) Kat:3, Licht: 2","182925","3","7","6","09","00","7","0","2","0","1","1","0"
"POINT (11.547440331000075 48.123664660000031)","Unfall 182926 (2017) Kat:3, Licht: 2","182926","3","7","0","09","20","7","0","2","1","0","0","0"
"POINT (11.558609674000024 48.135920569000064)","Unfall 182927 (2017) Kat:3, Licht: 0","182927","3","5","1","09","13","7","0","0","1","1","0","0"
"POINT (11.642995477000056 48.099422112000070)","Unfall 182968 (2017) Kat:3, Licht: 0","182968","3","3","5","09","13","6","0","0","1","1","0","0"
"POINT (11.532248105000065 48.134239539000077)","Unfall 182969 (2017) Kat:3, Licht: 0","182969","3","7","4","09","14","6","0","0","0","1","0","1"
"POINT (11.558410095000056 48.130223999000066)","Unfall 182970 (2017) Kat:3, Licht: 0","182970","3","6","1","09","09","6","0","0","0","1","0","0"
"POINT (11.501755203000073 48.139710681000054)","Unfall 182972 (2017) Kat:3, Licht: 0","182972","3","7","2","09","17","6","0","0","0","1","0","0"
"POINT (11.581901166000023 48.138755540000034)","Unfall 182973 (2017) Kat:3, Licht: 0","182973","3","7","4","09","09","6","0","0","0","1","0","0"
"POINT (11.642045385000074 48.121097091000081)","Unfall 182974 (2017) Kat:1, Licht: 2","182974","1","1","8","09","19","6","0","2","0","0","0","1"
"POINT (11.509465869000053 48.154081158000054)","Unfall 182975 (2017) Kat:3, Licht: 0","182975","3","6","1","09","18","6","0","0","0","1","0","0"
"POINT (11.465810783000052 48.134316428000034)","Unfall 182976 (2017) Kat:1, Licht: 0","182976","1","1","8","09","07","6","0","0","0","0","0","1"
"POINT (11.573149020000074 48.130145199000026)","Unfall 182977 (2017) Kat:2, Licht: 0","182977","2","6","3","09","13","6","0","0","1","0","0","0"
"POINT (11.556057970000040 48.208189238000045)","Unfall 182978 (2017) Kat:3, Licht: 0","182978","3","7","0","09","14","6","0","0","0","0","0","1"
"POINT (11.520423036000068 48.147671312000057)","Unfall 182979 (2017) Kat:3, Licht: 0","182979","3","2","6","09","07","6","0","0","0","1","1","0"
"POINT (11.515730888000064 48.127038581000079)","Unfall 182980 (2017) Kat:3, Licht: 0","182980","3","3","5","09","16","6","0","0","1","1","0","0"
"POINT (11.535411424000074 48.123564513000076)","Unfall 182981 (2017) Kat:2, Licht: 0","182981","2","7","6","09","13","6","0","0","1","0","1","0"
"POINT (11.548654428000077 48.112228857000048)","Unfall 182982 (2017) Kat:3, Licht: 0","182982","3","2","0","09","16","6","0","0","1","1","0","0"
"POINT (11.547814150000022 48.142726880000055)","Unfall 183022 (2017) Kat:3, Licht: 0","183022","3","2","5","09","08","6","0","0","1","1","0","0"
"POINT (11.564026359000025 48.146155140000076)","Unfall 183023 (2017) Kat:3, Licht: 0","183023","3","7","0","09","08","6","0","0","1","0","0","0"
"POINT (11.622524510000062 48.143695925000031)","Unfall 183024 (2017) Kat:3, Licht: 0","183024","3","3","5","09","11","6","0","0","0","1","0","0"
"POINT (11.524712095000041 48.196545753000066)","Unfall 183025 (2017) Kat:3, Licht: 1","183025","3","2","6","09","06","6","0","1","0","1","1","0"
"POINT (11.584262063000040 48.143641986000034)","Unfall 183026 (2017) Kat:3, Licht: 0","183026","3","6","2","09","17","6","1","0","0","1","0","0"
"POINT (11.466616252000051 48.151984625000068)","Unfall 183027 (2017) Kat:3, Licht: 0","183027","3","1","0","09","07","6","0","0","1","0","0","0"
"POINT (11.577680350000037 48.142772178000030)","Unfall 183028 (2017) Kat:3, Licht: 0","183028","3","5","3","09","11","6","0","0","1","1","0","0"
"POINT (11.562846964000073 48.159067287000028)","Unfall 183029 (2017) Kat:3, Licht: 0","183029","3","5","1","09","16","6","0","0","0","1","0","1"
"POINT (11.541081817000077 48.121718153000074)","Unfall 183030 (2017) Kat:3, Licht: 0","183030","3","7","0","09","14","6","0","0","0","0","0","0"
"POINT (11.554391899000052 48.123007884000060)","Unfall 183031 (2017) Kat:3, Licht: 2","183031","3","3","5","09","21","6","0","2","1","1","0","0"
"POINT (11.535566404000065 48.146256150000056)","Unfall 183032 (2017) Kat:3, Licht: 0","183032","3","2","5","09","15","6","0","0","0","1","0","0"
"POINT (11.646481582000035 48.108109962000071)","Unfall 183033 (2017) Kat:3, Licht: 0","183033","3","6","1","09","16","6","0","0","0","1","0","0"
"POINT (11.630450374000077 48.138259358000028)","Unfall 183034 (2017) Kat:3, Licht: 0","183034","3","3","5","09","17","6","0","0","0","1","0","0"
"POINT (11.539777604000051 48.133636708000040)","Unfall 183035 (2017) Kat:3, Licht: 0","183035","3","6","2","09","11","6","0","0","0","1","0","1"
"POINT (11.575707818000069 48.129394769000044)","Unfall 183036 (2017) Kat:2, Licht: 0","183036","2","4","6","09","14","6","0","0","1","0","1","0"
"POINT (11.556421989000057 48.137472187000071)","Unfall 183106 (2017) Kat:3, Licht: 0","183106","3","7","2","09","11","5","0","0","0","1","0","0"
"POINT (11.561210416000051 48.154451527000049)","Unfall 183107 (2017) Kat:3, Licht: 2","183107","3","2","5","09","21","5","0","2","0","1","0","0"
"POINT (11.580765490000033 48.140451190000078)","Unfall 183108 (2017) Kat:3, Licht: 0","183108","3","3","3","09","16","5","0","0","1","1","0","0"
"POINT (11.568590924000034 48.144732693000037)","Unfall 183109 (2017) Kat:3, Licht: 0","183109","3","7","6","09","08","5","0","0","1","0","1","0"
"POINT (11.502602065000076 48.120061357000054)","Unfall 183110 (2017) Kat:3, Licht: 0","183110","3","7","0","09","14","5","0","0","1","0","0","0"
"POINT (11.556101165000030 48.141930256000080)","Unfall 183111 (2017) Kat:3, Licht: 0","183111","3","2","2","09","14","5","0","0","1","1","0","0"
"POINT (11.552587249000055 48.123816316000045)","Unfall 183112 (2017) Kat:3, Licht: 0","183112","3","4","6","09","15","5","0","0","0","1","1","0"
"POINT (11.487047778000033 48.142602482000029)","Unfall 183114 (2017) Kat:3, Licht: 0","183114","3","4","6","09","11","5","0","0","0","1","1","0"
"POINT (11.525370549000058 48.184638788000029)","Unfall 183115 (2017) Kat:3, Licht: 0","183115","3","5","1","09","13","5","0","0","0","1","0","1"
"POINT (11.654923117000067 48.128011286000060)","Unfall 183116 (2017) Kat:3, Licht: 0","183116","3","1","2","09","12","5","0","0","0","1","0","1"
"POINT (11.599997191000057 48.140729090000036)","Unfall 183117 (2017) Kat:3, Licht: 0","183117","3","1","0","09","09","5","0","0","1","0","0","0"
"POINT (11.540430990000061 48.118239023000058)","Unfall 183118 (2017) Kat:2, Licht: 2","183118","2","7","0","09","20","5","0","2","0","0","0","1"
"POINT (11.593846426000027 48.140423420000047)","Unfall 183119 (2017) Kat:3, Licht: 0","183119","3","7","1","09","09","5","0","0","1","1","0","0"
"POINT (11.587282810000033 48.143192389000035)","Unfall 183184 (2017) Kat:3, Licht: 0","183184","3","2","5","09","07","4","0","0","1","1","0","0"
"POINT (11.521272410000051 48.181942786000036)","Unfall 183185 (2017) Kat:3, Licht: 2","183185","3","2","5","09","21","4","0","2","0","1","0","0"
"POINT (11.520377927000027 48.150049668000065)","Unfall 183186 (2017) Kat:3, Licht: 0","183186","3","6","3","09","16","4","0","0","0","1","0","0"
"POINT (11.567531621000057 48.123056827000028)","Unfall 183187 (2017) Kat:3, Licht: 2","183187","3","7","0","09","21","4","0","2","1","0","0","0"
"POINT (11.547106876000043 48.159636563000049)","Unfall 183188 (2017) Kat:3, Licht: 0","183188","3","1","0","09","09","4","0","0","0","0","0","1"
"POINT (11.572993245000077 48.175561531000028)","Unfall 183189 (2017) Kat:3, Licht: 0","183189","3","3","5","09","17","4","0","0","1","1","0","0"
"POINT (11.502717798000049 48.124091310000040)","Unfall 183190 (2017) Kat:3, Licht: 0","183190","3","6","2","09","15","4","0","0","0","1","0","0"
"POINT (11.611030296000024 48.128158322000047)","Unfall 183191 (2017) Kat:3, Licht: 0","183191","3","7","2","09","09","4","0","0","0","1","0","0"
"POINT (11.534476413000050 48.137741009000081)","Unfall 183192 (2017) Kat:3, Licht: 0","183192","3","3","5","09","18","4","0","0","1","1","0","0"
"POINT (11.582337993000067 48.152211721000072)","Unfall 183193 (2017) Kat:3, Licht: 0","183193","3","2","3","09","15","4","0","0","1","0","0","0"
"POINT (11.595377489000043 48.150663120000047)","Unfall 183194 (2017) Kat:3, Licht: 1","183194","3","2","5","09","06","4","0","1","1","1","0","0"
"POINT (11.581757626000069 48.138732364000077)","Unfall 183195 (2017) Kat:2, Licht: 0","183195","2","7","4","09","18","4","0","0","1","1","0","0"
"POINT (11.521279450000065 48.181881715000031)","Unfall 183196 (2017) Kat:3, Licht: 0","183196","3","2","5","09","17","4","0","0","0","1","0","0"
"POINT (11.556310596000060 48.128069130000029)","Unfall 183198 (2017) Kat:3, Licht: 0","183198","3","3","5","09","12","4","0","0","0","1","0","1"
"POINT (11.625464288000046 48.149296329000038)","Unfall 183298 (2017) Kat:3, Licht: 2","183298","3","7","0","10","20","4","0","2","1","0","0","0"
"POINT (11.631136214000037 48.103259511000033)","Unfall 183299 (2017) Kat:3, Licht: 2","183299","3","1","1","10","04","4","1","2","1","1","0","0"
"POINT (11.506630239000060 48.201738456000044)","Unfall 183300 (2017) Kat:3, Licht: 0","183300","3","7","0","10","07","4","1","0","0","0","0","0"
"POINT (11.583129516000042 48.186528994000071)","Unfall 183301 (2017) Kat:3, Licht: 1","183301","3","7","6","10","07","4","0","1","0","1","1","0"
"POINT (11.566644883000038 48.145403029000079)","Unfall 183302 (2017) Kat:3, Licht: 0","183302","3","2","5","10","13","4","0","0","1","1","0","0"
"POINT (11.610343233000037 48.134334274000025)","Unfall 183303 (2017) Kat:3, Licht: 0","183303","3","2","3","10","08","4","0","0","1","1","0","0"
"POINT (11.560897875000023 48.124050462000071)","Unfall 183304 (2017) Kat:3, Licht: 2","183304","3","5","0","10","18","4","0","2","0","1","0","0"
"POINT (11.614738208000063 48.139262748000078)","Unfall 183306 (2017) Kat:2, Licht: 0","183306","2","4","6","10","15","4","0","0","0","0","1","0"
"POINT (11.674737254000036 48.125669265000056)","Unfall 183307 (2017) Kat:2, Licht: 0","183307","2","5","0","10","12","4","0","0","1","1","0","0"
"POINT (11.617515234000052 48.131796364000081)","Unfall 183308 (2017) Kat:3, Licht: 1","183308","3","3","5","10","18","4","0","1","0","1","0","1"
"POINT (11.559819942000047 48.139367083000081)","Unfall 183309 (2017) Kat:3, Licht: 0","183309","3","7","1","10","12","4","0","0","1","0","0","0"
"POINT (11.543155502000047 48.200632120000080)","Unfall 183310 (2017) Kat:3, Licht: 0","183310","3","2","0","10","13","4","0","0","1","0","0","0"
"POINT (11.503300823000075 48.188532529000042)","Unfall 183311 (2017) Kat:3, Licht: 0","183311","3","3","5","10","10","4","0","0","1","1","0","0"
"POINT (11.509410428000024 48.182474579000029)","Unfall 183312 (2017) Kat:3, Licht: 0","183312","3","6","2","10","17","4","0","0","0","1","0","0"
"POINT (11.545636322000064 48.144209313000033)","Unfall 183313 (2017) Kat:2, Licht: 0","183313","2","1","0","10","16","4","0","0","0","0","0","1"
"POINT (11.507912479000026 48.078412359000026)","Unfall 183314 (2017) Kat:2, Licht: 2","183314","2","3","5","10","19","4","0","2","0","1","0","0"
"POINT (11.586485075000041 48.125695563000079)","Unfall 183315 (2017) Kat:3, Licht: 0","183315","3","1","0","10","08","4","0","0","1","0","0","0"
"POINT (11.507960601000036 48.109975112000029)","Unfall 183316 (2017) Kat:3, Licht: 0","183316","3","7","0","10","10","4","1","0","1","0","0","0"
"POINT (11.567113101000075 48.171681132000060)","Unfall 183317 (2017) Kat:3, Licht: 2","183317","3","1","0","10","19","4","1","2","1","0","0","0"
"POINT (11.589377196000044 48.137641219000045)","Unfall 183372 (2017) Kat:3, Licht: 2","183372","3","3","5","10","20","3","0","2","0","1","0","0"
"POINT (11.583122412000023 48.133372681000026)","Unfall 183373 (2017) Kat:3, Licht: 0","183373","3","4","0","10","17","3","0","0","1","0","1","0"
"POINT (11.566895807000037 48.140391013000055)","Unfall 183374 (2017) Kat:3, Licht: 2","183374","3","6","2","10","01","3","1","2","1","1","0","0"
"POINT (11.557945022000069 48.150936068000078)","Unfall 183375 (2017) Kat:3, Licht: 2","183375","3","2","5","10","01","3","1","2","0","1","0","0"
"POINT (11.579139046000023 48.136021724000045)","Unfall 183392 (2017) Kat:3, Licht: 2","183392","3","3","5","10","22","2","1","2","0","1","0","0"
"POINT (11.552394077000031 48.204206607000060)","Unfall 183394 (2017) Kat:3, Licht: 0","183394","3","7","0","10","16","2","1","0","0","0","0","0"
"POINT (11.561413550000054 48.142028797000080)","Unfall 183395 (2017) Kat:3, Licht: 0","183395","3","6","2","10","08","2","0","0","0","1","0","1"
"POINT (11.577608729000076 48.188933525000039)","Unfall 183396 (2017) Kat:3, Licht: 0","183396","3","7","5","10","15","2","0","0","0","1","0","0"
"POINT (11.549571431000061 48.145908103000068)","Unfall 183397 (2017) Kat:3, Licht: 2","183397","3","2","5","10","00","2","0","2","1","1","0","0"
"POINT (11.507104259000073 48.139702237000051)","Unfall 183398 (2017) Kat:3, Licht: 0","183398","3","2","3","10","08","2","0","0","0","1","0","0"
"POINT (11.582965333000061 48.133944214000053)","Unfall 183400 (2017) Kat:3, Licht: 2","183400","3","2","4","10","01","2","0","2","0","1","0","0"
"POINT (11.532487481000032 48.155223001000081)","Unfall 183401 (2017) Kat:2, Licht: 0","183401","2","4","6","10","14","2","0","0","0","1","1","0"
"POINT (11.520284182000069 48.150237678000053)","Unfall 183402 (2017) Kat:2, Licht: 0","183402","2","7","4","10","12","2","0","0","0","1","0","1"
"POINT (11.452943337000022 48.155492454000068)","Unfall 183403 (2017) Kat:3, Licht: 0","183403","3","3","5","10","13","2","0","0","1","1","0","0"
"POINT (11.555794609000031 48.130072510000048)","Unfall 183404 (2017) Kat:3, Licht: 2","183404","3","4","6","10","21","2","1","2","0","0","1","0"
"POINT (11.532420952000052 48.184796421000044)","Unfall 183406 (2017) Kat:3, Licht: 0","183406","3","2","5","10","12","2","0","0","1","1","0","0"
"POINT (11.552978680000024 48.161451759000045)","Unfall 183407 (2017) Kat:3, Licht: 0","183407","3","6","2","10","09","2","0","0","0","1","0","0"
"POINT (11.559102365000058 48.147514512000043)","Unfall 183408 (2017) Kat:3, Licht: 2","183408","3","2","5","10","19","2","1","2","1","1","0","0"
"POINT (11.498083261000033 48.094919351000044)","Unfall 183410 (2017) Kat:3, Licht: 0","183410","3","2","3","10","08","2","0","0","1","1","0","0"
"POINT (11.551310994000062 48.126023403000033)","Unfall 183411 (2017) Kat:3, Licht: 2","183411","3","7","7","10","00","2","0","2","1","0","1","0"
"POINT (11.628072307000025 48.092319514000053)","Unfall 183469 (2017) Kat:3, Licht: 0","183469","3","3","5","10","12","1","0","0","0","1","0","0"
"POINT (11.583537603000025 48.155314933000056)","Unfall 183470 (2017) Kat:3, Licht: 0","183470","3","7","0","10","16","1","0","0","0","1","0","0"
"POINT (11.500798640000028 48.131111109000074)","Unfall 183471 (2017) Kat:3, Licht: 0","183471","3","5","0","10","15","1","1","0","1","1","0","0"
"POINT (11.581710880000060 48.098138088000042)","Unfall 183472 (2017) Kat:3, Licht: 0","183472","3","7","0","10","15","1","0","0","0","0","0","0"
"POINT (11.543474943000035 48.128248437000082)","Unfall 183473 (2017) Kat:3, Licht: 0","183473","3","3","5","10","15","1","0","0","0","1","0","0"
"POINT (11.584096936000037 48.132783401000040)","Unfall 183498 (2017) Kat:3, Licht: 0","183498","3","4","0","09","12","7","0","0","1","0","1","0"
"POINT (11.560865560000025 48.135808601000065)","Unfall 183499 (2017) Kat:3, Licht: 0","183499","3","7","6","09","17","7","0","0","0","1","1","0"
"POINT (11.523127918000057 48.194227590000025)","Unfall 183500 (2017) Kat:3, Licht: 1","183500","3","6","3","09","19","7","0","1","1","1","0","0"
"POINT (11.545770538000056 48.103879802000051)","Unfall 183501 (2017) Kat:3, Licht: 0","183501","3","3","5","09","14","7","0","0","1","1","0","0"
"POINT (11.560230612000055 48.093372514000066)","Unfall 183502 (2017) Kat:2, Licht: 0","183502","2","3","5","09","14","7","0","0","1","1","0","0"
"POINT (11.563007343000038 48.131687373000034)","Unfall 183503 (2017) Kat:3, Licht: 2","183503","3","7","3","09","21","7","0","2","0","1","0","0"
"POINT (11.627379192000035 48.175971044000050)","Unfall 183505 (2017) Kat:3, Licht: 0","183505","3","7","0","09","13","7","0","0","1","0","0","0"
"POINT (11.556098308000060 48.141893106000055)","Unfall 183506 (2017) Kat:3, Licht: 0","183506","3","5","2","09","14","7","0","0","0","1","0","0"
"POINT (11.558421036000027 48.129362617000027)","Unfall 183507 (2017) Kat:3, Licht: 0","183507","3","2","5","09","12","7","0","0","1","1","0","0"
"POINT (11.564777441000047 48.124075083000037)","Unfall 183508 (2017) Kat:3, Licht: 0","183508","3","1","0","09","16","7","0","0","1","0","0","0"
"POINT (11.544607627000062 48.150241080000058)","Unfall 183526 (2017) Kat:3, Licht: 0","183526","3","3","5","10","11","5","0","0","1","1","0","0"