WKT,Name,OBJECTID,UKATEGORIE,UTYP1,UART,UMONAT,USTUNDE,UWOCHENTAG,STRZUSTAND,ULICHTVERH,ISTRAD,ISTPKW,ISTFUSS,ISTKRAD
"POINT (11.558806102000062 48.147574288000044)","Unfall 183527 (2017) Kat:3, Licht: 2","183527","3","2","5","10","23","5","1","2","0","1","0","0"
"POINT (11.593849159000058 48.140428242000041)","Unfall 183528 (2017) Kat:3, Licht: 0","183528","3","2","6","10","11","5","0","0","0","1","1","0"
"POINT (11.534317675000068 48.157495416000074)","Unfall 183532 (2017) Kat:3, Licht: 2","183532","3","3","5","10","18","5","1","2","0","1","0","1"
"POINT (11.511654029000056 48.158732836000070)","Unfall 183533 (2017) Kat:3, Licht: 1","183533","3","2","5","10","18","5","1","1","1","1","0","0"
"POINT (11.529198998000027 48.177145696000025)","Unfall 183534 (2017) Kat:3, Licht: 0","183534","3","7","0","10","12","5","0","0","0","0","0","1"
"POINT (11.593753975000027 48.172788709000031)","Unfall 183535 (2017) Kat:3, Licht: 2","183535","3","3","5","10","20","5","1","2","1","1","0","0"
"POINT (11.659061453000049 48.103309543000080)","Unfall 183536 (2017) Kat:3, Licht: 0","183536","3","3","2","10","08","5","0","0","0","1","0","0"
"POINT (11.532246128000054 48.097732954000037)","Unfall 183537 (2017) Kat:3, Licht: 0","183537","3","7","6","10","17","5","1","0","0","1","1","0"
"POINT (11.633305841000038 48.169419255000037)","Unfall 183538 (2017) Kat:3, Licht: 2","183538","3","6","2","10","21","5","1","2","0","1","0","0"
"POINT (11.537698889000069 48.166157483000063)","Unfall 183542 (2017) Kat:3, Licht: 2","183542","3","2","5","10","21","5","1","2","0","1","0","0"
"POINT (11.495195983000031 48.177835130000062)","Unfall 183544 (2017) Kat:2, Licht: 2","183544","2","1","8","10","20","5","1","2","0","1","0","0"
"POINT (11.572906894000027 48.126819197000032)","Unfall 183545 (2017) Kat:3, Licht: 0","183545","3","3","5","10","12","5","0","0","0","1","0","1"
"POINT (11.502611197000022 48.126049606000038)","Unfall 183546 (2017) Kat:3, Licht: 0","183546","3","2","6","10","12","5","0","0","0","1","1","0"
"POINT (11.530393051000033 48.136515760000066)","Unfall 183549 (2017) Kat:3, Licht: 0","183549","3","6","0","10","14","5","0","0","1","1","0","0"
"POINT (11.537248127000055 48.107035334000045)","Unfall 183594 (2017) Kat:3, Licht: 2","183594","3","7","5","10","18","2","1","2","1","1","0","0"
"POINT (11.627653568000028 48.138155445000052)","Unfall 183595 (2017) Kat:3, Licht: 0","183595","3","3","5","10","09","2","1","0","0","1","0","0"
"POINT (11.429818708000028 48.173907321000058)","Unfall 183596 (2017) Kat:3, Licht: 0","183596","3","2","5","10","08","2","1","0","0","1","0","0"
"POINT (11.560717310000030 48.171373928000037)","Unfall 183597 (2017) Kat:3, Licht: 0","183597","3","6","4","10","16","2","1","0","1","0","0","0"
"POINT (11.539230569000040 48.125338823000050)","Unfall 183598 (2017) Kat:3, Licht: 0","183598","3","3","5","10","15","2","0","0","0","1","0","0"
"POINT (11.576347946000055 48.112362831000041)","Unfall 183599 (2017) Kat:3, Licht: 0","183599","3","5","6","10","14","2","0","0","0","1","1","0"
"POINT (11.530135699000027 48.102569871000071)","Unfall 183600 (2017) Kat:3, Licht: 0","183600","3","2","5","10","08","2","1","0","1","1","0","0"
"POINT (11.451462501000037 48.133444593000036)","Unfall 183601 (2017) Kat:3, Licht: 0","183601","3","6","2","10","12","2","0","0","0","1","0","0"
"POINT (11.529842929000040 48.217839961000038)","Unfall 183602 (2017) Kat:3, Licht: 0","183602","3","3","5","10","11","2","1","0","0","1","0","0"
"POINT (11.547596434000070 48.158756111000059)","Unfall 183603 (2017) Kat:3, Licht: 0","183603","3","7","1","10","16","2","0","0","1","1","0","0"
"POINT (11.540283202000069 48.155654314000060)","Unfall 183604 (2017) Kat:3, Licht: 2","183604","3","6","0","10","20","2","0","2","1","0","1","0"
"POINT (11.502867296000034 48.125115082000036)","Unfall 183605 (2017) Kat:3, Licht: 0","183605","3","1","0","10","08","2","1","0","0","0","0","1"
"POINT (11.625801814000056 48.102901495000026)","Unfall 183606 (2017) Kat:3, Licht: 0","183606","3","1","0","10","08","2","1","0","0","0","0","1"
"POINT (11.609829806000050 48.135057857000049)","Unfall 183607 (2017) Kat:3, Licht: 0","183607","3","3","5","10","10","2","1","0","0","1","0","0"
"POINT (11.577693060000058 48.138828958000033)","Unfall 183608 (2017) Kat:3, Licht: 0","183608","3","5","3","10","15","2","0","0","1","1","0","0"
"POINT (11.586757640000030 48.164180146000035)","Unfall 183643 (2017) Kat:3, Licht: 2","183643","3","1","9","10","05","1","1","2","0","1","1","0"
"POINT (11.541382829000042 48.150946975000068)","Unfall 183644 (2017) Kat:3, Licht: 2","183644","3","2","2","10","18","1","1","2","0","1","0","0"
"POINT (11.585760343000061 48.113240254000061)","Unfall 183645 (2017) Kat:2, Licht: 2","183645","2","3","5","10","18","1","1","2","0","1","0","1"
"POINT (11.582080124000072 48.170782172000031)","Unfall 183663 (2017) Kat:3, Licht: 0","183663","3","1","6","10","14","7","0","0","1","0","1","0"
"POINT (11.606563041000072 48.139572789000056)","Unfall 183664 (2017) Kat:3, Licht: 0","183664","3","3","4","10","15","7","0","0","0","1","0","0"
"POINT (11.574925457000063 48.161328443000059)","Unfall 183665 (2017) Kat:3, Licht: 0","183665","3","6","2","10","11","7","0","0","0","1","0","0"
"POINT (11.551093357000070 48.108918717000051)","Unfall 183666 (2017) Kat:3, Licht: 2","183666","3","3","5","10","22","7","0","2","0","1","0","0"
"POINT (11.490355785000077 48.084886769000036)","Unfall 183667 (2017) Kat:3, Licht: 0","183667","3","2","5","10","15","7","0","0","1","1","0","0"
"POINT (11.604729830000053 48.128915016000064)","Unfall 183668 (2017) Kat:3, Licht: 2","183668","3","7","6","10","05","7","1","2","0","0","1","0"
"POINT (11.524570316000052 48.135651011000050)","Unfall 183709 (2017) Kat:3, Licht: 0","183709","3","2","5","10","09","6","0","0","0","1","0","0"
"POINT (11.483996015000059 48.116770180000060)","Unfall 183710 (2017) Kat:3, Licht: 0","183710","3","3","5","10","12","6","0","0","1","1","0","0"
"POINT (11.506726031000028 48.164057555000056)","Unfall 183711 (2017) Kat:3, Licht: 0","183711","3","7","2","10","17","6","1","0","0","1","0","0"
"POINT (11.510174171000074 48.162366105000046)","Unfall 183712 (2017) Kat:3, Licht: 0","183712","3","2","5","10","13","6","0","0","1","1","0","0"
"POINT (11.580490442000041 48.148993050000058)","Unfall 183713 (2017) Kat:3, Licht: 0","183713","3","3","5","10","13","6","0","0","1","1","0","0"
"POINT (11.524486722000063 48.135713182000075)","Unfall 183714 (2017) Kat:2, Licht: 2","183714","2","6","5","10","23","6","0","2","1","1","0","0"
"POINT (11.544681294000043 48.113327575000028)","Unfall 183715 (2017) Kat:3, Licht: 0","183715","3","6","4","10","13","6","0","0","1","0","0","0"
"POINT (11.579355564000025 48.146445415000073)","Unfall 183716 (2017) Kat:2, Licht: 0","183716","2","6","2","10","13","6","0","0","1","0","0","0"
"POINT (11.616255933000048 48.148183331000041)","Unfall 183717 (2017) Kat:2, Licht: 0","183717","2","7","3","10","16","6","1","0","0","1","0","0"
"POINT (11.459880486000031 48.146707665000065)","Unfall 183719 (2017) Kat:3, Licht: 0","183719","3","7","6","10","11","6","0","0","1","0","1","0"
"POINT (11.454123874000061 48.150901468000029)","Unfall 183720 (2017) Kat:3, Licht: 0","183720","3","4","6","10","14","6","0","0","0","1","1","0"
"POINT (11.472123109000051 48.164661864000038)","Unfall 183721 (2017) Kat:3, Licht: 0","183721","3","2","5","10","12","6","0","0","0","1","0","1"
"POINT (11.518566158000056 48.140589967000039)","Unfall 183722 (2017) Kat:3, Licht: 0","183722","3","4","6","10","14","6","1","0","0","1","1","0"
"POINT (11.503479040000059 48.125432674000081)","Unfall 183723 (2017) Kat:3, Licht: 0","183723","3","6","2","10","11","6","0","0","0","1","0","0"
"POINT (11.687354241000037 48.138032386000077)","Unfall 183724 (2017) Kat:2, Licht: 0","183724","2","3","5","10","08","6","0","0","1","1","0","0"
"POINT (11.583703251000031 48.116835214000048)","Unfall 183725 (2017) Kat:3, Licht: 0","183725","3","1","1","10","15","6","1","0","1","1","0","0"
"POINT (11.567885036000064 48.134152829000072)","Unfall 183726 (2017) Kat:3, Licht: 0","183726","3","4","6","10","15","6","1","0","1","0","1","0"
"POINT (11.502611198000068 48.126049906000048)","Unfall 183777 (2017) Kat:3, Licht: 0","183777","3","2","5","10","11","5","0","0","1","1","0","0"
"POINT (11.502504153000075 48.121571378000056)","Unfall 183780 (2017) Kat:3, Licht: 0","183780","3","6","3","10","08","5","0","0","0","1","0","0"
"POINT (11.543045942000049 48.126020096000047)","Unfall 183782 (2017) Kat:3, Licht: 0","183782","3","6","2","10","07","5","0","0","0","1","0","0"
"POINT (11.565853951000065 48.187132480000059)","Unfall 183788 (2017) Kat:3, Licht: 0","183788","3","2","3","10","16","6","0","0","1","0","0","0"
"POINT (11.542419065000047 48.162695736000046)","Unfall 183789 (2017) Kat:3, Licht: 0","183789","3","7","0","10","08","6","0","0","1","0","0","0"
"POINT (11.511403015000042 48.159490068000025)","Unfall 183790 (2017) Kat:3, Licht: 2","183790","3","6","2","10","19","6","0","2","0","1","0","0"
"POINT (11.502387883000040 48.110843679000027)","Unfall 183791 (2017) Kat:3, Licht: 0","183791","3","5","1","10","15","6","0","0","0","1","0","0"
"POINT (11.464792705000036 48.140366110000059)","Unfall 183792 (2017) Kat:3, Licht: 0","183792","3","3","5","10","08","6","0","0","1","1","0","0"
"POINT (11.583794969000053 48.195525280000027)","Unfall 183793 (2017) Kat:3, Licht: 0","183793","3","2","6","10","17","6","0","0","0","1","1","0"
"POINT (11.520290159000069 48.149994208000066)","Unfall 183794 (2017) Kat:3, Licht: 1","183794","3","2","5","10","07","6","0","1","1","1","0","0"
"POINT (11.510408759000029 48.180263496000066)","Unfall 183795 (2017) Kat:3, Licht: 2","183795","3","3","5","10","20","6","0","2","0","1","0","0"
"POINT (11.562783821000039 48.141618602000051)","Unfall 183796 (2017) Kat:3, Licht: 0","183796","3","7","3","10","15","6","0","0","0","1","0","0"
"POINT (11.508790019000060 48.170739182000034)","Unfall 183797 (2017) Kat:3, Licht: 0","183797","3","4","6","10","07","6","0","0","0","1","1","0"
"POINT (11.533764347000044 48.113600262000034)","Unfall 183798 (2017) Kat:3, Licht: 0","183798","3","7","6","10","14","6","0","0","0","0","1","0"
"POINT (11.565157974000044 48.160923772000046)","Unfall 183799 (2017) Kat:3, Licht: 0","183799","3","7","3","10","16","6","0","0","0","1","0","0"
"POINT (11.524552424000035 48.135525887000028)","Unfall 183800 (2017) Kat:3, Licht: 2","183800","3","3","5","10","02","6","0","2","1","0","0","0"
"POINT (11.531419253000024 48.178727922000064)","Unfall 183801 (2017) Kat:3, Licht: 2","183801","3","7","6","10","06","6","0","2","0","1","1","0"
"POINT (11.482905516000073 48.132317926000042)","Unfall 183802 (2017) Kat:3, Licht: 0","183802","3","4","6","10","15","6","0","0","1","0","1","0"
"POINT (11.561570754000059 48.168321536000064)","Unfall 183803 (2017) Kat:3, Licht: 2","183803","3","7","6","10","19","6","0","2","1","0","1","0"
"POINT (11.545392941000046 48.144197462000079)","Unfall 183804 (2017) Kat:3, Licht: 0","183804","3","2","4","10","08","6","0","0","1","1","0","0"
"POINT (11.610030756000072 48.101222556000039)","Unfall 183806 (2017) Kat:3, Licht: 0","183806","3","7","0","10","16","6","0","0","1","0","0","0"
"POINT (11.579425225000023 48.095209675000035)","Unfall 183807 (2017) Kat:3, Licht: 0","183807","3","3","5","10","16","6","0","0","1","1","0","0"
"POINT (11.572309157000063 48.134653889000049)","Unfall 183808 (2017) Kat:2, Licht: 0","183808","2","7","2","10","18","6","0","0","1","0","0","0"
"POINT (11.578261757000064 48.136191780000047)","Unfall 183809 (2017) Kat:3, Licht: 0","183809","3","3","5","10","12","6","0","0","1","1","0","0"
"POINT (11.456788945000028 48.165301799000076)","Unfall 183889 (2017) Kat:3, Licht: 2","183889","3","3","5","10","22","5","0","2","0","1","0","0"
"POINT (11.572369657000024 48.119587916000057)","Unfall 183890 (2017) Kat:3, Licht: 0","183890","3","3","1","10","08","5","0","0","1","0","0","0"
"POINT (11.526281302000029 48.179280724000080)","Unfall 183891 (2017) Kat:3, Licht: 0","183891","3","3","5","10","13","5","0","0","0","1","0","0"
"POINT (11.457286052000029 48.165014288000066)","Unfall 183892 (2017) Kat:3, Licht: 0","183892","3","6","2","10","07","5","0","0","0","1","0","0"
"POINT (11.511229119000063 48.139457569000058)","Unfall 183895 (2017) Kat:3, Licht: 0","183895","3","3","3","10","11","5","0","0","1","0","0","0"
"POINT (11.559253543000068 48.148918680000065)","Unfall 183897 (2017) Kat:3, Licht: 0","183897","3","1","9","10","16","5","0","0","0","1","0","1"
"POINT (11.666347820000055 48.120088513000042)","Unfall 183900 (2017) Kat:3, Licht: 0","183900","3","4","6","10","08","5","0","0","0","1","1","0"
"POINT (11.613579194000067 48.126626246000058)","Unfall 183901 (2017) Kat:2, Licht: 0","183901","2","7","6","10","12","5","0","0","0","0","1","0"
"POINT (11.566689358000076 48.140212981000047)","Unfall 183902 (2017) Kat:3, Licht: 0","183902","3","6","4","10","12","5","0","0","1","0","0","0"
"POINT (11.511595099000033 48.160415237000052)","Unfall 183950 (2017) Kat:3, Licht: 0","183950","3","3","5","10","09","4","0","0","1","1","0","0"
"POINT (11.618712035000044 48.198139984000079)","Unfall 183951 (2017) Kat:3, Licht: 0","183951","3","6","3","10","10","4","0","0","0","1","0","0"
"POINT (11.552044273000035 48.205847798000036)","Unfall 183952 (2017) Kat:3, Licht: 0","183952","3","6","1","10","12","4","0","0","0","1","0","0"
"POINT (11.564990744000056 48.140949096000043)","Unfall 183953 (2017) Kat:3, Licht: 2","183953","3","5","1","10","22","4","0","2","0","1","0","0"
"POINT (11.590951929000028 48.166288168000051)","Unfall 183954 (2017) Kat:3, Licht: 1","183954","3","6","3","10","19","4","0","1","0","1","0","0"
"POINT (11.569108893000077 48.179542976000050)","Unfall 183955 (2017) Kat:3, Licht: 0","183955","3","7","3","10","18","4","0","0","0","1","0","1"
"POINT (11.597771893000072 48.175462993000053)","Unfall 183956 (2017) Kat:3, Licht: 2","183956","3","7","1","10","19","4","0","2","1","1","0","0"
"POINT (11.602461528000049 48.135901098000033)","Unfall 183957 (2017) Kat:3, Licht: 0","183957","3","2","3","10","17","4","0","0","1","1","0","0"
"POINT (11.531565352000030 48.116917177000062)","Unfall 183958 (2017) Kat:3, Licht: 0","183958","3","2","3","10","07","4","0","0","0","1","0","1"
"POINT (11.570519726000043 48.204953578000072)","Unfall 183959 (2017) Kat:2, Licht: 0","183959","2","4","6","10","11","4","0","0","0","1","1","0"
"POINT (11.571918159000063 48.148971736000078)","Unfall 183960 (2017) Kat:3, Licht: 0","183960","3","6","3","10","16","4","0","0","1","0","0","0"
"POINT (11.533378220000031 48.099987285000054)","Unfall 183961 (2017) Kat:3, Licht: 1","183961","3","3","5","10","18","4","0","1","1","1","0","0"
"POINT (11.575372306000077 48.143025533000070)","Unfall 183962 (2017) Kat:3, Licht: 1","183962","3","3","0","10","06","4","0","1","1","1","0","0"
"POINT (11.509643923000056 48.179689580000058)","Unfall 183963 (2017) Kat:3, Licht: 0","183963","3","1","0","10","14","4","0","0","1","1","0","0"
"POINT (11.556171571000050 48.204422371000078)","Unfall 183964 (2017) Kat:3, Licht: 2","183964","3","4","6","10","19","4","0","2","0","1","1","0"
"POINT (11.538083143000051 48.201184654000031)","Unfall 183965 (2017) Kat:3, Licht: 0","183965","3","5","0","10","11","4","0","0","0","1","0","0"
"POINT (11.525438217000044 48.099467265000044)","Unfall 183966 (2017) Kat:3, Licht: 0","183966","3","5","0","10","18","4","0","0","1","1","0","0"
"POINT (11.540253249000045 48.135762106000072)","Unfall 183967 (2017) Kat:3, Licht: 0","183967","3","7","9","10","10","4","0","0","0","1","0","0"
"POINT (11.563858692000053 48.150548167000068)","Unfall 183968 (2017) Kat:3, Licht: 0","183968","3","2","5","10","09","4","0","0","1","1","0","0"
"POINT (11.596544032000054 48.167872602000045)","Unfall 183969 (2017) Kat:3, Licht: 0","183969","3","3","5","10","17","4","0","0","1","0","0","0"
"POINT (11.564347279000060 48.145769114000075)","Unfall 183970 (2017) Kat:3, Licht: 0","183970","3","6","3","10","08","4","0","0","1","0","0","0"
"POINT (11.423012639000035 48.155861368000046)","Unfall 184024 (2017) Kat:3, Licht: 0","184024","3","6","4","10","15","3","0","0","1","1","0","0"
"POINT (11.492454848000023 48.078377947000035)","Unfall 184025 (2017) Kat:3, Licht: 0","184025","3","4","6","10","17","3","0","0","0","1","1","0"
"POINT (11.574697401000037 48.150602869000068)","Unfall 184026 (2017) Kat:3, Licht: 0","184026","3","5","1","10","18","3","0","0","1","1","0","0"
"POINT (11.469609028000036 48.154536676000077)","Unfall 184027 (2017) Kat:3, Licht: 0","184027","3","6","2","10","10","3","0","0","1","1","0","0"
"POINT (11.567331052000043 48.204854708000028)","Unfall 184028 (2017) Kat:3, Licht: 0","184028","3","6","2","10","15","3","0","0","0","1","0","1"
"POINT (11.541808352000032 48.139625125000066)","Unfall 184029 (2017) Kat:3, Licht: 0","184029","3","6","3","10","14","3","0","0","0","1","0","1"
"POINT (11.659056790000022 48.102761639000050)","Unfall 184030 (2017) Kat:3, Licht: 0","184030","3","4","6","10","16","3","0","0","0","1","1","0"
"POINT (11.583010312000056 48.181891453000048)","Unfall 184031 (2017) Kat:3, Licht: 0","184031","3","5","1","10","14","3","0","0","1","1","0","0"
"POINT (11.552309579000053 48.207664695000062)","Unfall 184032 (2017) Kat:2, Licht: 0","184032","2","4","6","10","09","3","0","0","0","1","1","0"
"POINT (11.538595378000025 48.145920614000033)","Unfall 184033 (2017) Kat:3, Licht: 0","184033","3","6","2","10","13","3","0","0","0","1","0","0"
"POINT (11.606571745000053 48.133020668000029)","Unfall 184034 (2017) Kat:3, Licht: 0","184034","3","2","1","10","09","3","0","0","0","1","0","0"
"POINT (11.556085401000075 48.142076787000065)","Unfall 184035 (2017) Kat:3, Licht: 0","184035","3","2","4","10","18","3","0","0","0","1","0","1"
"POINT (11.584142051000072 48.132607552000081)","Unfall 184036 (2017) Kat:3, Licht: 0","184036","3","4","5","10","13","3","0","0","1","0","1","0"
"POINT (11.564455606000024 48.164588452000032)","Unfall 184037 (2017) Kat:3, Licht: 0","184037","3","2","3","10","09","3","0","0","0","1","0","0"
"POINT (11.572784494000075 48.113391660000048)","Unfall 184095 (2017) Kat:3, Licht: 0","184095","3","4","6","10","15","2","0","0","0","1","1","0"
"POINT (11.551516315000072 48.139047325000035)","Unfall 184096 (2017) Kat:3, Licht: 0","184096","3","4","6","10","08","2","0","0","0","1","1","0"
"POINT (11.563643433000038 48.204596250000066)","Unfall 184097 (2017) Kat:3, Licht: 1","184097","3","3","6","10","06","2","0","1","0","1","1","0"
"POINT (11.618303810000043 48.152163287000064)","Unfall 184098 (2017) Kat:3, Licht: 0","184098","3","6","3","10","14","2","0","0","1","1","0","0"
"POINT (11.482643367000037 48.082583716000045)","Unfall 184099 (2017) Kat:2, Licht: 2","184099","2","5","0","10","20","2","0","2","1","1","0","0"
"POINT (11.556398088000037 48.152103612000076)","Unfall 184100 (2017) Kat:3, Licht: 0","184100","3","5","1","10","18","2","0","0","1","1","0","0"
"POINT (11.585263011000052 48.151713187000041)","Unfall 184102 (2017) Kat:2, Licht: 0","184102","2","7","0","10","10","2","0","0","0","0","0","0"
"POINT (11.573708246000024 48.141023145000077)","Unfall 184103 (2017) Kat:3, Licht: 0","184103","3","7","0","10","12","2","0","0","0","1","0","1"
"POINT (11.559135878000063 48.125889192000045)","Unfall 184104 (2017) Kat:3, Licht: 0","184104","3","7","0","10","14","2","0","0","0","1","0","0"
"POINT (11.581580925000026 48.210804601000063)","Unfall 184105 (2017) Kat:3, Licht: 2","184105","3","2","5","10","20","2","0","2","1","1","0","0"
"POINT (11.463084360000039 48.164754007000056)","Unfall 184106 (2017) Kat:3, Licht: 0","184106","3","3","5","10","15","2","0","0","0","1","0","0"
"POINT (11.461564099000043 48.148518996000064)","Unfall 184107 (2017) Kat:3, Licht: 0","184107","3","1","0","10","15","2","0","0","1","0","0","0"
"POINT (11.552763454000058 48.212716087000047)","Unfall 184108 (2017) Kat:3, Licht: 0","184108","3","5","0","10","08","2","0","0","1","1","0","0"
"POINT (11.507073296000044 48.215894681000066)","Unfall 184109 (2017) Kat:3, Licht: 0","184109","3","7","0","10","12","2","1","0","1","0","0","0"
"POINT (11.537446377000038 48.166256964000070)","Unfall 184110 (2017) Kat:3, Licht: 0","184110","3","6","3","10","16","2","0","0","0","1","0","1"
"POINT (11.617784273000041 48.152553249000050)","Unfall 184112 (2017) Kat:3, Licht: 0","184112","3","4","6","10","16","2","0","0","0","1","1","0"
"POINT (11.640524151000022 48.149562337000077)","Unfall 184113 (2017) Kat:3, Licht: 0","184113","3","7","0","10","14","2","0","0","1","0","0","0"
"POINT (11.585922055000026 48.170668738000074)","Unfall 184114 (2017) Kat:3, Licht: 0","184114","3","4","0","10","18","2","0","0","1","0","1","0"
"POINT (11.560725492000074 48.147093240000061)","Unfall 184115 (2017) Kat:3, Licht: 0","184115","3","6","2","10","15","2","0","0","0","1","0","1"
"POINT (11.531832856000051 48.134546019000027)","Unfall 184181 (2017) Kat:3, Licht: 0","184181","3","7","8","10","11","1","0","0","0","1","0","0"
"POINT (11.640210216000071 48.098069652000049)","Unfall 184183 (2017) Kat:3, Licht: 0","184183","3","1","7","10","17","1","0","0","1","0","0","0"
"POINT (11.572590806000051 48.115079358000060)","Unfall 184184 (2017) Kat:3, Licht: 0","184184","3","6","4","10","10","1","0","0","0","1","0","1"
"POINT (11.571219765000023 48.146705190000034)","Unfall 184185 (2017) Kat:3, Licht: 0","184185","3","6","3","10","17","1","0","0","1","1","0","0"
"POINT (11.567165907000060 48.129452956000080)","Unfall 184233 (2017) Kat:3, Licht: 0","184233","3","7","5","10","17","7","0","0","1","1","0","0"
"POINT (11.580753122000033 48.149419343000034)","Unfall 184234 (2017) Kat:3, Licht: 2","184234","3","7","0","10","00","7","0","2","1","0","0","0"
"POINT (11.562701839000056 48.212780491000046)","Unfall 184236 (2017) Kat:3, Licht: 0","184236","3","6","2","10","12","7","0","0","0","1","0","0"
"POINT (11.539726500000029 48.115048454000032)","Unfall 184237 (2017) Kat:2, Licht: 0","184237","2","2","4","10","14","7","0","0","0","1","0","1"
"POINT (11.497340120000047 48.095007750000036)","Unfall 184238 (2017) Kat:3, Licht: 0","184238","3","4","6","10","11","7","0","0","0","1","1","0"
"POINT (11.583675283000048 48.155609495000078)","Unfall 184336 (2017) Kat:3, Licht: 0","184336","3","2","0","10","09","5","0","0","0","1","0","0"
"POINT (11.583221882000032 48.142251521000048)","Unfall 184337 (2017) Kat:3, Licht: 2","184337","3","6","2","10","19","5","0","2","0","1","0","0"
"POINT (11.558068294000066 48.097254145000079)","Unfall 184338 (2017) Kat:3, Licht: 0","184338","3","6","4","10","08","5","0","0","1","0","0","0"
"POINT (11.561080356000048 48.139296209000065)","Unfall 184339 (2017) Kat:3, Licht: 0","184339","3","4","6","10","16","5","0","0","0","1","1","0"
"POINT (11.479082535000032 48.123263240000028)","Unfall 184340 (2017) Kat:2, Licht: 0","184340","2","3","5","10","10","5","0","0","0","1","0","0"
"POINT (11.605100384000025 48.186552687000074)","Unfall 184341 (2017) Kat:3, Licht: 0","184341","3","6","2","10","14","5","0","0","0","1","0","0"
"POINT (11.584167606000051 48.134188324000036)","Unfall 184342 (2017) Kat:3, Licht: 0","184342","3","4","6","10","17","5","0","0","0","1","1","0"
"POINT (11.419905784000036 48.144900017000055)","Unfall 184343 (2017) Kat:3, Licht: 2","184343","3","5","0","10","01","5","0","2","0","1","0","0"
"POINT (11.639315112000077 48.108588913000062)","Unfall 184344 (2017) Kat:3, Licht: 0","184344","3","2","6","10","07","5","0","0","0","1","1","0"
"POINT (11.540833498000040 48.125326070000028)","Unfall 184345 (2017) Kat:3, Licht: 2","184345","3","2","4","10","19","5","0","2","1","1","0","0"
"POINT (11.555791550000038 48.130512919000068)","Unfall 184346 (2017) Kat:3, Licht: 0","184346","3","7","2","10","08","5","0","0","1","1","0","0"
"POINT (11.441985117000058 48.149211414000035)","Unfall 184348 (2017) Kat:3, Licht: 0","184348","3","3","5","10","17","5","0","0","1","0","0","0"
"POINT (11.466726581000046 48.152655444000061)","Unfall 184349 (2017) Kat:3, Licht: 0","184349","3","3","5","10","14","5","0","0","1","1","0","0"
"POINT (11.567223278000029 48.179335758000036)","Unfall 184350 (2017) Kat:3, Licht: 0","184350","3","3","5","10","07","5","0","0","1","0","0","1"
"POINT (11.532745065000029 48.155161651000071)","Unfall 184351 (2017) Kat:3, Licht: 0","184351","3","6","3","10","13","5","0","0","1","0","0","0"
"POINT (11.511308604000021 48.155590678000067)","Unfall 184352 (2017) Kat:3, Licht: 0","184352","3","6","2","10","13","5","0","0","0","1","0","0"
"POINT (11.634875441000077 48.168041936000066)","Unfall 184353 (2017) Kat:3, Licht: 1","184353","3","2","3","10","18","5","0","1","1","1","0","0"
"POINT (11.552544573000034 48.107631062000053)","Unfall 184354 (2017) Kat:3, Licht: 0","184354","3","7","0","10","13","5","0","0","1","0","0","0"
"POINT (11.507751198000051 48.112981302000037)","Unfall 184355 (2017) Kat:3, Licht: 0","184355","3","7","6","10","17","5","0","0","0","1","1","0"
"POINT (11.525988706000021 48.115303405000077)","Unfall 184356 (2017) Kat:3, Licht: 0","184356","3","3","5","10","08","5","0","0","0","1","0","0"
"POINT (11.549057337000022 48.138314896000054)","Unfall 184357 (2017) Kat:3, Licht: 0","184357","3","3","4","10","16","5","0","0","1","0","0","0"
"POINT (11.586705255000027 48.164181119000034)","Unfall 184358 (2017) Kat:3, Licht: 2","184358","3","3","5","10","19","5","1","2","1","1","0","0"
"POINT (11.541179404000047 48.163575982000054)","Unfall 184434 (2017) Kat:3, Licht: 0","184434","3","5","3","10","17","4","0","0","0","1","0","0"
"POINT (11.507895695000059 48.164884410000070)","Unfall 184435 (2017) Kat:3, Licht: 0","184435","3","2","5","10","10","4","0","0","1","1","0","0"
"POINT (11.429711549000046 48.174386786000071)","Unfall 184436 (2017) Kat:3, Licht: 0","184436","3","7","4","10","10","4","0","0","1","1","0","0"
"POINT (11.649865693000038 48.148824975000025)","Unfall 184437 (2017) Kat:3, Licht: 0","184437","3","4","6","10","15","4","0","0","1","0","1","0"
"POINT (11.539222768000059 48.130759260000048)","Unfall 184438 (2017) Kat:3, Licht: 1","184438","3","2","5","10","07","4","0","1","0","1","0","0"
"POINT (11.593952269000056 48.128678903000036)","Unfall 184439 (2017) Kat:2, Licht: 2","184439","2","2","4","10","19","4","0","2","0","1","0","1"
"POINT (11.560735196000053 48.134696533000067)","Unfall 184440 (2017) Kat:3, Licht: 0","184440","3","2","3","10","13","4","0","0","1","1","0","0"
"POINT (11.540549647000034 48.137089887000059)","Unfall 184441 (2017) Kat:2, Licht: 0","184441","2","7","3","10","16","4","0","0","1","0","0","0"
"POINT (11.461394048000045 48.147885271000064)","Unfall 184443 (2017) Kat:3, Licht: 0","184443","3","3","5","10","08","4","0","0","1","1","0","0"
"POINT (11.537161971000046 48.151710572000070)","Unfall 184444 (2017) Kat:3, Licht: 2","184444","3","2","5","10","19","4","0","2","0","1","0","0"
"POINT (11.556302651000067 48.142064763000064)","Unfall 184446 (2017) Kat:3, Licht: 0","184446","3","3","5","10","07","4","0","0","1","0","0","0"
"POINT (11.533861097000056 48.112328460000072)","Unfall 184447 (2017) Kat:3, Licht: 0","184447","3","3","5","10","16","4","0","0","1","1","0","0"