WKT,Name,OBJECTID,UKATEGORIE,UTYP1,UART,UMONAT,USTUNDE,UWOCHENTAG,STRZUSTAND,ULICHTVERH,ISTRAD,ISTPKW,ISTFUSS,ISTKRAD
"POINT (11.551910091000025 48.128293170000063)","Unfall 184448 (2017) Kat:2, Licht: 0","184448","2","6","3","10","15","4","0","0","1","0","0","0"
"POINT (11.558491018000041 48.133341640000026)","Unfall 184449 (2017) Kat:3, Licht: 0","184449","3","6","3","10","09","4","0","0","1","1","0","0"
"POINT (11.582337993000067 48.152211721000072)","Unfall 184516 (2017) Kat:3, Licht: 1","184516","3","3","5","10","19","3","0","1","1","0","0","1"
"POINT (11.572873849000075 48.126801326000077)","Unfall 184517 (2017) Kat:3, Licht: 0","184517","3","2","3","10","14","3","0","0","0","1","0","1"
"POINT (11.573144753000065 48.143584665000049)","Unfall 184518 (2017) Kat:3, Licht: 0","184518","3","6","2","10","08","3","0","0","1","1","0","0"
"POINT (11.565178736000064 48.123949937000077)","Unfall 184519 (2017) Kat:3, Licht: 0","184519","3","3","6","10","16","3","0","0","0","1","1","0"
"POINT (11.528730190000033 48.174851505000049)","Unfall 184520 (2017) Kat:3, Licht: 0","184520","3","1","0","10","14","3","0","0","1","0","0","0"
"POINT (11.547579647000077 48.101131096000074)","Unfall 184521 (2017) Kat:3, Licht: 0","184521","3","7","0","10","16","3","0","0","0","0","0","1"
"POINT (11.608242973000074 48.150778143000025)","Unfall 184523 (2017) Kat:3, Licht: 0","184523","3","7","3","10","11","3","0","0","0","1","0","0"
"POINT (11.631038606000061 48.099781209000071)","Unfall 184524 (2017) Kat:3, Licht: 1","184524","3","4","6","10","18","3","0","1","0","1","1","0"
"POINT (11.576718007000068 48.137653110000031)","Unfall 184525 (2017) Kat:3, Licht: 2","184525","3","7","0","10","20","3","0","2","1","0","0","0"
"POINT (11.566582787000073 48.125686579000046)","Unfall 184526 (2017) Kat:3, Licht: 0","184526","3","7","0","10","07","3","0","0","1","0","0","0"
"POINT (11.589188049000029 48.198899714000049)","Unfall 184527 (2017) Kat:3, Licht: 0","184527","3","3","1","10","10","3","0","0","0","1","0","0"
"POINT (11.658064060000072 48.117962761000058)","Unfall 184528 (2017) Kat:2, Licht: 0","184528","2","2","3","10","16","3","0","0","1","1","0","0"
"POINT (11.545626321000043 48.137950481000075)","Unfall 184529 (2017) Kat:3, Licht: 0","184529","3","2","5","10","17","3","0","0","1","1","0","0"
"POINT (11.586134416000050 48.167382438000061)","Unfall 184530 (2017) Kat:3, Licht: 1","184530","3","2","0","10","18","3","0","1","0","1","0","0"
"POINT (11.595582504000049 48.192790954000031)","Unfall 184531 (2017) Kat:3, Licht: 0","184531","3","4","6","10","18","3","0","0","0","1","1","0"
"POINT (11.454130213000042 48.182304511000041)","Unfall 184532 (2017) Kat:3, Licht: 0","184532","3","6","3","10","15","3","0","0","1","0","0","0"
"POINT (11.558923805000063 48.204395518000069)","Unfall 184533 (2017) Kat:3, Licht: 1","184533","3","3","0","10","06","3","1","1","0","0","0","1"
"POINT (11.611215394000055 48.089647323000065)","Unfall 184536 (2017) Kat:3, Licht: 0","184536","3","6","2","10","13","3","0","0","0","1","0","0"
"POINT (11.570083708000027 48.111569775000078)","Unfall 184537 (2017) Kat:3, Licht: 0","184537","3","2","3","10","17","3","0","0","1","1","0","0"
"POINT (11.588702510000076 48.134944597000072)","Unfall 184538 (2017) Kat:3, Licht: 0","184538","3","7","6","10","16","3","0","0","1","0","1","0"
"POINT (11.550648559000024 48.125710385000048)","Unfall 184539 (2017) Kat:3, Licht: 2","184539","3","5","1","10","20","3","0","2","0","1","0","1"
"POINT (11.579004003000023 48.145292522000034)","Unfall 184540 (2017) Kat:3, Licht: 0","184540","3","3","5","10","13","3","0","0","1","1","0","0"
"POINT (11.581876908000027 48.133683043000076)","Unfall 184541 (2017) Kat:3, Licht: 1","184541","3","2","6","10","17","3","0","1","0","1","1","0"
"POINT (11.537623301000053 48.154200855000056)","Unfall 184566 (2017) Kat:3, Licht: 2","184566","3","7","0","10","04","3","0","2","1","0","0","0"
"POINT (11.574995066000042 48.135287086000062)","Unfall 184567 (2017) Kat:3, Licht: 0","184567","3","3","5","10","15","3","0","0","1","1","0","0"
"POINT (11.534403171000065 48.136806941000032)","Unfall 184570 (2017) Kat:3, Licht: 0","184570","3","7","0","10","17","3","0","0","0","0","1","0"
"POINT (11.495858131000034 48.139223850000064)","Unfall 184571 (2017) Kat:3, Licht: 0","184571","3","2","2","10","14","3","0","0","0","1","0","1"
"POINT (11.513767776000066 48.137975183000037)","Unfall 184574 (2017) Kat:3, Licht: 2","184574","3","5","1","10","18","3","0","2","1","1","0","0"
"POINT (11.503420530000028 48.125418571000068)","Unfall 184575 (2017) Kat:3, Licht: 2","184575","3","6","2","10","19","3","0","2","0","1","0","0"
"POINT (11.524747196000021 48.135524807000081)","Unfall 184576 (2017) Kat:3, Licht: 0","184576","3","2","3","10","16","3","0","0","1","1","0","0"
"POINT (11.602132210000036 48.123890643000038)","Unfall 184577 (2017) Kat:3, Licht: 2","184577","3","2","4","10","18","3","1","2","1","1","0","0"
"POINT (11.558495057000073 48.118893428000035)","Unfall 184578 (2017) Kat:3, Licht: 0","184578","3","6","2","10","13","3","0","0","0","1","0","0"
"POINT (11.540406084000040 48.136389387000065)","Unfall 184579 (2017) Kat:3, Licht: 0","184579","3","1","0","10","14","3","0","0","1","0","0","0"
"POINT (11.567912323000030 48.140482465000048)","Unfall 184580 (2017) Kat:3, Licht: 2","184580","3","3","0","10","18","3","0","2","0","1","0","1"
"POINT (11.496064183000044 48.139921631000050)","Unfall 184637 (2017) Kat:3, Licht: 1","184637","3","2","4","10","18","2","0","1","0","1","0","0"
"POINT (11.611163674000068 48.089494690000038)","Unfall 184638 (2017) Kat:3, Licht: 2","184638","3","3","5","10","21","2","1","2","0","1","0","1"
"POINT (11.568473265000023 48.124469152000074)","Unfall 184639 (2017) Kat:3, Licht: 0","184639","3","7","0","10","08","2","0","0","0","1","0","1"
"POINT (11.613019213000030 48.136658150000073)","Unfall 184640 (2017) Kat:3, Licht: 0","184640","3","3","5","10","10","2","0","0","1","1","0","0"
"POINT (11.542030487000034 48.145823353000026)","Unfall 184641 (2017) Kat:3, Licht: 0","184641","3","7","0","10","09","2","0","0","1","0","0","0"
"POINT (11.596204613000054 48.195807339000055)","Unfall 184643 (2017) Kat:3, Licht: 2","184643","3","1","9","10","21","2","1","2","0","1","0","0"
"POINT (11.534658443000069 48.168733630000077)","Unfall 184644 (2017) Kat:3, Licht: 0","184644","3","6","2","10","16","2","0","0","0","1","0","0"
"POINT (11.539453690000073 48.114242371000046)","Unfall 184645 (2017) Kat:3, Licht: 0","184645","3","3","4","10","16","2","1","0","1","1","0","0"
"POINT (11.600773599000036 48.103440455000054)","Unfall 184694 (2017) Kat:3, Licht: 0","184694","3","5","1","10","17","1","0","0","0","1","0","0"
"POINT (11.565482141000075 48.133006763000026)","Unfall 184695 (2017) Kat:3, Licht: 0","184695","3","3","5","10","14","1","0","0","0","1","0","0"
"POINT (11.597311960000070 48.126539089000062)","Unfall 184696 (2017) Kat:2, Licht: 2","184696","2","4","6","10","21","1","1","2","0","1","1","0"
"POINT (11.628855557000065 48.101237133000041)","Unfall 184697 (2017) Kat:3, Licht: 2","184697","3","4","6","10","01","1","1","2","0","1","1","0"
"POINT (11.579345152000030 48.121686370000077)","Unfall 184698 (2017) Kat:3, Licht: 0","184698","3","7","6","10","12","1","0","0","0","1","1","0"
"POINT (11.561566738000067 48.168342755000026)","Unfall 184700 (2017) Kat:3, Licht: 2","184700","3","3","5","10","22","1","1","2","0","1","0","0"
"POINT (11.541957412000045 48.118434859000047)","Unfall 184701 (2017) Kat:3, Licht: 2","184701","3","4","6","10","18","1","0","2","0","1","1","0"
"POINT (11.581589713000028 48.151172394000071)","Unfall 184702 (2017) Kat:3, Licht: 1","184702","3","4","6","10","18","1","0","1","0","1","1","0"
"POINT (11.575114447000033 48.135298688000034)","Unfall 184723 (2017) Kat:3, Licht: 0","184723","3","5","1","10","14","7","0","0","1","1","0","0"
"POINT (11.629229634000069 48.161972066000033)","Unfall 184724 (2017) Kat:3, Licht: 2","184724","3","6","2","10","18","7","0","2","0","1","0","0"
"POINT (11.515027481000061 48.179236749000040)","Unfall 184725 (2017) Kat:3, Licht: 1","184725","3","4","6","10","18","7","0","1","0","1","1","0"
"POINT (11.562277955000070 48.186842281000054)","Unfall 184726 (2017) Kat:3, Licht: 0","184726","3","3","4","10","09","7","1","0","0","1","0","0"
"POINT (11.559847787000024 48.160514024000065)","Unfall 184727 (2017) Kat:3, Licht: 0","184727","3","4","6","10","11","7","0","0","0","1","1","0"
"POINT (11.509613859000069 48.136854977000041)","Unfall 184728 (2017) Kat:3, Licht: 0","184728","3","6","4","10","15","7","0","0","1","1","0","0"
"POINT (11.604291604000025 48.135580589000028)","Unfall 184730 (2017) Kat:3, Licht: 0","184730","3","6","1","10","15","7","0","0","1","1","0","0"
"POINT (11.590866341000037 48.167211429000076)","Unfall 184731 (2017) Kat:3, Licht: 1","184731","3","1","0","10","18","7","0","1","1","1","0","0"
"POINT (11.597430095000050 48.115095053000061)","Unfall 184772 (2017) Kat:3, Licht: 0","184772","3","6","2","10","16","6","0","0","0","1","0","0"
"POINT (11.548525911000070 48.114683270000057)","Unfall 184773 (2017) Kat:3, Licht: 0","184773","3","2","6","10","13","6","0","0","0","1","1","0"
"POINT (11.567530090000048 48.145152040000028)","Unfall 184774 (2017) Kat:3, Licht: 0","184774","3","6","4","10","08","6","0","0","1","0","0","0"
"POINT (11.567656030000023 48.131823196000028)","Unfall 184775 (2017) Kat:3, Licht: 0","184775","3","1","0","10","15","6","0","0","1","0","0","0"
"POINT (11.512600580000026 48.076573403000054)","Unfall 184776 (2017) Kat:3, Licht: 2","184776","3","6","4","10","18","6","0","2","0","1","0","0"
"POINT (11.602154496000026 48.169004375000043)","Unfall 184777 (2017) Kat:3, Licht: 0","184777","3","3","5","10","15","6","0","0","1","1","0","0"
"POINT (11.580556601000069 48.149001350000049)","Unfall 184778 (2017) Kat:3, Licht: 2","184778","3","7","6","10","19","6","0","2","1","0","1","0"
"POINT (11.658395641000027 48.126741831000061)","Unfall 184779 (2017) Kat:3, Licht: 0","184779","3","6","2","10","11","6","0","0","0","1","0","0"
"POINT (11.585999688000072 48.160327044000041)","Unfall 184780 (2017) Kat:3, Licht: 0","184780","3","6","0","10","11","6","0","0","0","0","0","0"
"POINT (11.578758984000046 48.157830801000046)","Unfall 184782 (2017) Kat:3, Licht: 0","184782","3","7","0","10","17","6","0","0","1","0","0","0"
"POINT (11.610199497000053 48.186012193000067)","Unfall 184783 (2017) Kat:3, Licht: 2","184783","3","6","1","10","19","6","0","2","0","1","0","0"
"POINT (11.596339232000048 48.178811302000042)","Unfall 184784 (2017) Kat:3, Licht: 0","184784","3","3","5","10","15","6","0","0","1","1","0","0"
"POINT (11.431176224000069 48.149238790000027)","Unfall 184785 (2017) Kat:3, Licht: 2","184785","3","7","0","10","21","6","0","2","0","1","1","0"
"POINT (11.535644888000036 48.199841455000069)","Unfall 184787 (2017) Kat:3, Licht: 2","184787","3","3","0","10","20","6","0","2","1","1","0","0"
"POINT (11.536989138000024 48.082336397000063)","Unfall 184788 (2017) Kat:3, Licht: 2","184788","3","3","0","10","19","6","0","2","1","1","0","0"
"POINT (11.647249123000051 48.138731013000040)","Unfall 184789 (2017) Kat:3, Licht: 0","184789","3","4","6","10","14","6","0","0","0","1","1","0"
"POINT (11.563089830000024 48.159795384000063)","Unfall 184790 (2017) Kat:3, Licht: 0","184790","3","2","4","10","12","6","0","0","0","0","0","1"
"POINT (11.626751741000021 48.101062335000051)","Unfall 184817 (2017) Kat:3, Licht: 2","184817","3","7","1","10","03","1","1","2","0","1","0","0"
"POINT (11.692245941000067 48.133453938000059)","Unfall 184818 (2017) Kat:3, Licht: 2","184818","3","3","5","10","21","1","0","2","0","0","0","1"
"POINT (11.555531753000025 48.186209331000043)","Unfall 184832 (2017) Kat:3, Licht: 2","184832","3","1","9","10","01","1","1","2","0","1","0","0"
"POINT (11.539808228000027 48.155422791000035)","Unfall 184833 (2017) Kat:2, Licht: 2","184833","2","3","5","10","23","1","0","2","0","1","0","0"
"POINT (11.593923670000038 48.091402686000038)","Unfall 184834 (2017) Kat:2, Licht: 0","184834","2","4","6","10","14","1","1","0","0","1","1","0"
"POINT (11.582042836000028 48.098285192000048)","Unfall 184839 (2017) Kat:3, Licht: 2","184839","3","2","5","10","20","7","0","2","0","1","0","1"
"POINT (11.608033794000050 48.137679548000051)","Unfall 184840 (2017) Kat:3, Licht: 0","184840","3","7","0","10","16","7","0","0","1","0","0","0"
"POINT (11.603735119000021 48.110148590000051)","Unfall 184841 (2017) Kat:3, Licht: 2","184841","3","6","2","10","19","7","1","2","0","1","0","0"
"POINT (11.580142169000055 48.135763270000041)","Unfall 184842 (2017) Kat:3, Licht: 0","184842","3","4","6","10","13","7","0","0","0","1","1","0"
"POINT (11.537482143000034 48.151648908000027)","Unfall 184843 (2017) Kat:3, Licht: 0","184843","3","2","5","10","13","7","0","0","1","1","0","0"
"POINT (11.582475391000060 48.135086247000061)","Unfall 184844 (2017) Kat:3, Licht: 0","184844","3","6","3","10","14","7","0","0","0","1","0","0"
"POINT (11.479590382000026 48.088732739000079)","Unfall 184845 (2017) Kat:3, Licht: 0","184845","3","2","5","10","09","7","0","0","1","1","0","0"
"POINT (11.517381264000051 48.117784106000045)","Unfall 184846 (2017) Kat:2, Licht: 2","184846","2","3","5","10","22","7","1","2","0","1","0","0"
"POINT (11.503254090000041 48.188678612000047)","Unfall 184847 (2017) Kat:3, Licht: 0","184847","3","6","2","10","13","7","0","0","0","1","0","0"
"POINT (11.619775194000056 48.209213212000066)","Unfall 184848 (2017) Kat:3, Licht: 0","184848","3","6","3","10","16","7","0","0","0","1","0","0"
"POINT (11.503832654000064 48.082112152000036)","Unfall 184849 (2017) Kat:3, Licht: 0","184849","3","2","6","10","15","7","0","0","0","1","1","0"
"POINT (11.550938327000040 48.137533693000080)","Unfall 184850 (2017) Kat:3, Licht: 0","184850","3","2","2","10","10","7","0","0","0","1","0","1"
"POINT (11.577743338000062 48.143288011000038)","Unfall 184851 (2017) Kat:3, Licht: 2","184851","3","7","7","10","01","7","0","2","1","0","0","0"
"POINT (11.561496553000040 48.146895051000058)","Unfall 184875 (2017) Kat:3, Licht: 0","184875","3","6","5","10","12","6","1","0","1","1","0","0"
"POINT (11.511581105000062 48.158132031000036)","Unfall 184876 (2017) Kat:3, Licht: 2","184876","3","6","2","10","22","6","0","2","0","1","0","0"
"POINT (11.587200174000031 48.201128261000065)","Unfall 184877 (2017) Kat:3, Licht: 0","184877","3","1","0","10","17","6","0","0","0","0","0","1"
"POINT (11.531390401000067 48.146964856000068)","Unfall 184878 (2017) Kat:3, Licht: 0","184878","3","2","4","10","16","6","0","0","0","0","0","1"
"POINT (11.580253818000074 48.139081963000081)","Unfall 184879 (2017) Kat:3, Licht: 0","184879","3","1","0","10","12","6","0","0","1","1","0","0"
"POINT (11.586377122000044 48.164503389000060)","Unfall 184880 (2017) Kat:3, Licht: 0","184880","3","6","3","10","16","6","1","0","0","1","0","0"
"POINT (11.563316784000051 48.155663148000031)","Unfall 184881 (2017) Kat:3, Licht: 0","184881","3","7","0","10","13","6","1","0","1","0","0","0"
"POINT (11.608257635000029 48.137537095000027)","Unfall 184882 (2017) Kat:3, Licht: 2","184882","3","1","1","10","01","6","0","2","1","1","0","0"
"POINT (11.645248442000025 48.098923001000060)","Unfall 184883 (2017) Kat:3, Licht: 0","184883","3","3","5","10","12","6","1","0","0","1","0","0"
"POINT (11.611339527000041 48.194432904000053)","Unfall 184884 (2017) Kat:3, Licht: 0","184884","3","4","6","10","11","6","0","0","1","0","1","0"
"POINT (11.528013896000061 48.096868577000066)","Unfall 184886 (2017) Kat:1, Licht: 0","184886","1","3","5","10","10","6","0","0","1","0","0","0"
"POINT (11.645192884000039 48.098997840000038)","Unfall 184887 (2017) Kat:3, Licht: 0","184887","3","3","5","10","12","6","1","0","1","1","0","0"
"POINT (11.534210780000024 48.153195459000074)","Unfall 184889 (2017) Kat:3, Licht: 0","184889","3","7","6","10","16","6","0","0","0","1","1","0"
"POINT (11.538381552000033 48.150245156000040)","Unfall 184890 (2017) Kat:2, Licht: 0","184890","2","1","0","10","13","6","1","0","1","0","0","0"
"POINT (11.544817082000066 48.161104848000036)","Unfall 184891 (2017) Kat:3, Licht: 2","184891","3","2","3","10","19","6","0","2","1","1","0","0"
"POINT (11.572763794000025 48.150242870000056)","Unfall 184892 (2017) Kat:3, Licht: 0","184892","3","1","2","10","14","6","1","0","0","1","0","0"
"POINT (11.604787832000056 48.147673454000028)","Unfall 184952 (2017) Kat:3, Licht: 0","184952","3","5","1","10","12","5","0","0","0","1","0","0"
"POINT (11.517956173000073 48.072431227000038)","Unfall 184953 (2017) Kat:3, Licht: 0","184953","3","3","5","10","12","5","0","0","0","1","0","0"
"POINT (11.628711495000061 48.173686294000049)","Unfall 184954 (2017) Kat:3, Licht: 0","184954","3","6","2","10","17","5","0","0","0","1","1","1"
"POINT (11.531909717000076 48.099911033000069)","Unfall 184955 (2017) Kat:2, Licht: 2","184955","2","2","5","10","18","5","0","2","1","1","0","0"
"POINT (11.699981563000051 48.131547865000073)","Unfall 184956 (2017) Kat:3, Licht: 0","184956","3","3","5","10","11","5","0","0","0","1","0","0"
"POINT (11.586313410000059 48.165197497000065)","Unfall 184957 (2017) Kat:3, Licht: 0","184957","3","2","4","10","14","5","0","0","0","0","0","1"
"POINT (11.586129052000047 48.160615128000074)","Unfall 184958 (2017) Kat:3, Licht: 0","184958","3","6","6","10","11","5","0","0","0","1","1","0"
"POINT (11.547553434000065 48.103200252000079)","Unfall 184959 (2017) Kat:2, Licht: 0","184959","2","6","3","10","15","5","0","0","1","1","0","0"
"POINT (11.478391440000053 48.156016577000059)","Unfall 184960 (2017) Kat:3, Licht: 0","184960","3","3","5","10","14","5","0","0","1","1","0","0"
"POINT (11.649757954000052 48.112586385000043)","Unfall 184961 (2017) Kat:3, Licht: 2","184961","3","3","5","10","19","5","0","2","0","1","0","1"
"POINT (11.458607882000024 48.190462517000071)","Unfall 184962 (2017) Kat:3, Licht: 0","184962","3","7","5","10","07","5","0","0","1","1","0","0"
"POINT (11.521646852000060 48.175663462000045)","Unfall 184963 (2017) Kat:3, Licht: 0","184963","3","4","6","10","16","5","0","0","0","1","1","0"
"POINT (11.572661185000072 48.187603927000055)","Unfall 184964 (2017) Kat:3, Licht: 0","184964","3","2","5","10","16","5","0","0","1","1","0","0"
"POINT (11.575711568000031 48.109418428000026)","Unfall 184965 (2017) Kat:3, Licht: 0","184965","3","7","6","10","11","5","0","0","0","0","1","0"
"POINT (11.572186408000050 48.120772072000079)","Unfall 184966 (2017) Kat:3, Licht: 0","184966","3","1","0","10","12","5","0","0","0","0","0","1"
"POINT (11.549787332000051 48.138552050000044)","Unfall 184967 (2017) Kat:3, Licht: 0","184967","3","6","3","10","10","5","0","0","0","1","0","1"
"POINT (11.575846884000043 48.150130331000071)","Unfall 184968 (2017) Kat:3, Licht: 1","184968","3","7","0","10","17","5","0","1","1","0","0","0"
"POINT (11.573324586000069 48.146208217000037)","Unfall 184969 (2017) Kat:3, Licht: 0","184969","3","6","0","10","15","5","0","0","0","0","0","1"
"POINT (11.579446261000044 48.146830044000069)","Unfall 184970 (2017) Kat:3, Licht: 2","184970","3","6","2","10","18","5","0","2","1","0","0","0"
"POINT (11.579204559000061 48.129352820000065)","Unfall 184971 (2017) Kat:3, Licht: 2","184971","3","2","0","10","18","5","0","2","1","0","0","0"
"POINT (11.580970491000073 48.135489380000081)","Unfall 184972 (2017) Kat:3, Licht: 0","184972","3","4","6","10","13","5","0","0","0","1","1","0"
"POINT (11.407459405000054 48.177547305000076)","Unfall 185029 (2017) Kat:3, Licht: 0","185029","3","3","5","10","07","4","0","0","1","1","0","0"
"POINT (11.631725235000033 48.173247199000059)","Unfall 185030 (2017) Kat:3, Licht: 0","185030","3","3","5","10","07","4","0","0","1","1","0","0"
"POINT (11.543902666000065 48.103594443000077)","Unfall 185032 (2017) Kat:3, Licht: 0","185032","3","3","5","10","07","4","0","0","1","1","0","0"
"POINT (11.578636123000024 48.170230670000080)","Unfall 185033 (2017) Kat:3, Licht: 0","185033","3","7","4","10","17","4","0","0","1","1","0","0"
"POINT (11.536753717000067 48.180017324000062)","Unfall 185034 (2017) Kat:3, Licht: 0","185034","3","2","1","10","16","4","0","0","0","1","0","0"
"POINT (11.580444355000054 48.139044853000030)","Unfall 185035 (2017) Kat:3, Licht: 0","185035","3","5","3","10","09","4","0","0","1","1","0","0"
"POINT (11.527959226000064 48.156879877000051)","Unfall 185036 (2017) Kat:2, Licht: 2","185036","2","5","1","10","18","4","0","2","1","1","0","0"
"POINT (11.468942793000053 48.193223467000053)","Unfall 185037 (2017) Kat:3, Licht: 0","185037","3","2","2","10","07","4","0","0","1","0","0","1"
"POINT (11.629799182000056 48.115679868000029)","Unfall 185038 (2017) Kat:3, Licht: 0","185038","3","4","0","10","17","4","0","0","0","1","1","0"
"POINT (11.658477814000037 48.147021080000059)","Unfall 185039 (2017) Kat:3, Licht: 0","185039","3","2","4","10","07","4","0","0","1","1","0","0"
"POINT (11.588777605000075 48.117178467000031)","Unfall 185040 (2017) Kat:3, Licht: 0","185040","3","1","8","10","11","4","0","0","1","0","0","0"
"POINT (11.587033102000021 48.167359494000038)","Unfall 185041 (2017) Kat:3, Licht: 0","185041","3","4","6","10","09","4","0","0","1","0","1","0"
"POINT (11.561534646000041 48.146956196000076)","Unfall 185042 (2017) Kat:3, Licht: 2","185042","3","2","3","10","18","4","0","2","1","1","0","0"
"POINT (11.569528392000052 48.144984507000061)","Unfall 185082 (2017) Kat:3, Licht: 0","185082","3","6","5","10","12","1","1","0","1","1","0","0"
"POINT (11.520155736000049 48.150173262000067)","Unfall 185100 (2017) Kat:3, Licht: 2","185100","3","2","4","11","22","1","1","2","0","1","0","0"
"POINT (11.507844164000062 48.183181067000078)","Unfall 185105 (2017) Kat:3, Licht: 2","185105","3","4","6","11","18","1","1","2","0","1","1","0"
"POINT (11.566632994000031 48.183459504000041)","Unfall 185106 (2017) Kat:2, Licht: 2","185106","2","4","6","11","23","1","1","2","0","0","1","1"
"POINT (11.569243240000048 48.140938785000060)","Unfall 185107 (2017) Kat:3, Licht: 2","185107","3","2","3","11","21","1","1","2","0","1","0","0"
"POINT (11.503235794000034 48.135355581000056)","Unfall 185108 (2017) Kat:3, Licht: 2","185108","3","2","6","11","17","1","1","2","0","1","1","0"
"POINT (11.573368135000067 48.153713186000061)","Unfall 185109 (2017) Kat:3, Licht: 2","185109","3","3","5","11","17","1","1","2","1","1","0","0"
"POINT (11.574992864000023 48.160923587000070)","Unfall 185124 (2017) Kat:3, Licht: 2","185124","3","1","0","11","01","7","0","2","1","0","0","0"
"POINT (11.530139703000032 48.092647879000026)","Unfall 185125 (2017) Kat:3, Licht: 0","185125","3","6","3","11","14","7","0","0","1","1","0","0"
"POINT (11.562792105000028 48.158895722000068)","Unfall 185126 (2017) Kat:3, Licht: 2","185126","3","2","3","11","17","7","0","2","0","1","0","1"
"POINT (11.610204158000045 48.132530094000060)","Unfall 185127 (2017) Kat:3, Licht: 0","185127","3","3","5","11","14","7","0","0","0","1","0","0"
"POINT (11.614673511000035 48.138171833000058)","Unfall 185128 (2017) Kat:3, Licht: 2","185128","3","6","1","11","04","7","1","2","0","1","0","0"
"POINT (11.502915601000041 48.135861669000064)","Unfall 185129 (2017) Kat:3, Licht: 0","185129","3","4","6","11","12","7","0","0","1","0","1","0"
"POINT (11.587372330000051 48.143255809000038)","Unfall 185130 (2017) Kat:3, Licht: 1","185130","3","6","2","11","05","7","0","1","0","1","0","0"
"POINT (11.513383007000073 48.131717451000043)","Unfall 185131 (2017) Kat:3, Licht: 0","185131","3","3","5","11","12","7","0","0","0","1","0","0"
"POINT (11.594546492000063 48.110839916000032)","Unfall 185167 (2017) Kat:3, Licht: 0","185167","3","2","5","11","14","6","0","0","0","1","0","0"
"POINT (11.536204468000051 48.146196343000042)","Unfall 185169 (2017) Kat:3, Licht: 0","185169","3","6","2","11","12","6","0","0","0","1","0","0"
"POINT (11.586163360000057 48.133408617000043)","Unfall 185170 (2017) Kat:3, Licht: 1","185170","3","6","3","11","18","6","0","1","0","1","0","1"
"POINT (11.576019459000065 48.127766357000041)","Unfall 185210 (2017) Kat:3, Licht: 2","185210","3","7","1","11","20","5","0","2","0","1","0","1"
"POINT (11.573909202000038 48.143959038000048)","Unfall 185211 (2017) Kat:2, Licht: 0","185211","2","6","4","11","16","5","0","0","0","1","0","0"
"POINT (11.478230860000053 48.142716137000036)","Unfall 185212 (2017) Kat:3, Licht: 0","185212","3","3","5","11","07","5","0","0","1","1","0","0"
"POINT (11.616148911000039 48.163825397000039)","Unfall 185213 (2017) Kat:2, Licht: 0","185213","2","4","6","11","09","5","0","0","0","1","1","0"
"POINT (11.549167393000062 48.160492575000035)","Unfall 185214 (2017) Kat:3, Licht: 0","185214","3","7","5","11","07","5","0","0","0","1","0","0"
"POINT (11.520405205000031 48.150045791000025)","Unfall 185215 (2017) Kat:3, Licht: 0","185215","3","2","5","11","13","5","0","0","1","1","0","0"
"POINT (11.552230117000022 48.112349685000027)","Unfall 185216 (2017) Kat:3, Licht: 0","185216","3","6","2","11","10","5","0","0","0","1","0","0"
"POINT (11.560663401000056 48.134183733000043)","Unfall 185217 (2017) Kat:3, Licht: 0","185217","3","4","6","11","07","5","0","0","1","0","1","0"
"POINT (11.567548070000043 48.145146942000054)","Unfall 185218 (2017) Kat:3, Licht: 2","185218","3","6","2","11","17","5","0","2","0","1","0","0"
"POINT (11.573407991000067 48.133566618000032)","Unfall 185219 (2017) Kat:3, Licht: 0","185219","3","4","6","11","14","5","0","0","0","1","1","0"
"POINT (11.565542627000070 48.139853784000081)","Unfall 185265 (2017) Kat:3, Licht: 2","185265","3","7","6","11","03","4","0","2","0","0","1","0"
"POINT (11.532207275000076 48.099926576000030)","Unfall 185266 (2017) Kat:3, Licht: 2","185266","3","4","6","11","17","4","0","2","0","1","1","0"
"POINT (11.563995893000026 48.208843426000044)","Unfall 185279 (2017) Kat:3, Licht: 2","185279","3","6","2","10","22","3","0","2","0","1","0","0"
"POINT (11.467316003000064 48.164680455000052)","Unfall 185280 (2017) Kat:3, Licht: 2","185280","3","2","5","10","17","3","0","2","1","1","0","0"
"POINT (11.606271017000040 48.120834174000038)","Unfall 185281 (2017) Kat:3, Licht: 2","185281","3","7","3","10","18","3","0","2","0","1","0","0"
"POINT (11.595363871000075 48.118439413000033)","Unfall 185282 (2017) Kat:3, Licht: 0","185282","3","6","5","10","14","3","0","0","0","1","0","1"
"POINT (11.504166719000068 48.094275325000069)","Unfall 185302 (2017) Kat:3, Licht: 0","185302","3","3","5","10","12","2","0","0","0","1","0","0"
"POINT (11.597882581000022 48.135678121000069)","Unfall 185303 (2017) Kat:3, Licht: 0","185303","3","2","5","10","14","2","0","0","0","1","0","0"
"POINT (11.664030077000064 48.120962339000073)","Unfall 185304 (2017) Kat:3, Licht: 0","185304","3","2","5","10","15","2","0","0","1","1","0","0"
"POINT (11.615379876000077 48.198354316000064)","Unfall 185305 (2017) Kat:3, Licht: 2","185305","3","2","5","10","20","2","0","2","0","1","0","0"
"POINT (11.565471745000025 48.134896379000054)","Unfall 185306 (2017) Kat:3, Licht: 0","185306","3","7","6","10","13","2","0","0","0","1","1","0"
"POINT (11.522970689000033 48.153192932000081)","Unfall 185409 (2017) Kat:3, Licht: 0","185409","3","5","0","11","13","5","0","0","1","1","0","0"
"POINT (11.549239448000037 48.160370050000040)","Unfall 185410 (2017) Kat:3, Licht: 0","185410","3","7","3","11","16","5","0","0","0","1","0","0"