WKT,Name,OBJECTID,UKATEGORIE,UTYP1,UART,UMONAT,USTUNDE,UWOCHENTAG,STRZUSTAND,ULICHTVERH,ISTRAD,ISTPKW,ISTFUSS,ISTKRAD
"POINT (11.558040208000023 48.129356808000068)","Unfall 185411 (2017) Kat:3, Licht: 0","185411","3","1","2","11","09","5","0","0","0","1","0","1"
"POINT (11.455861308000067 48.199196237000081)","Unfall 185412 (2017) Kat:3, Licht: 0","185412","3","3","5","11","13","5","0","0","1","1","0","0"
"POINT (11.615053704000047 48.188473876000046)","Unfall 185413 (2017) Kat:3, Licht: 0","185413","3","7","0","11","07","5","1","0","0","1","0","1"
"POINT (11.562943705000066 48.183715607000067)","Unfall 185414 (2017) Kat:3, Licht: 0","185414","3","3","5","11","14","5","0","0","1","0","0","0"
"POINT (11.564728353000021 48.142525973000033)","Unfall 185415 (2017) Kat:3, Licht: 2","185415","3","7","0","11","23","5","0","2","0","0","0","1"
"POINT (11.585571862000052 48.159724120000078)","Unfall 185416 (2017) Kat:3, Licht: 0","185416","3","6","3","11","12","5","0","0","0","1","0","0"
"POINT (11.587028469000074 48.161702554000044)","Unfall 185418 (2017) Kat:3, Licht: 0","185418","3","2","3","11","07","5","0","0","1","1","0","0"
"POINT (11.584523985000033 48.138337854000042)","Unfall 185419 (2017) Kat:2, Licht: 1","185419","2","4","6","11","16","5","0","1","0","1","1","0"
"POINT (11.588813399000060 48.092872682000063)","Unfall 185420 (2017) Kat:1, Licht: 0","185420","1","7","8","11","07","5","1","0","0","1","0","0"
"POINT (11.564887250000027 48.167959546000077)","Unfall 185422 (2017) Kat:3, Licht: 0","185422","3","3","4","11","07","5","1","0","0","1","0","0"
"POINT (11.669314902000053 48.139861587000041)","Unfall 185424 (2017) Kat:3, Licht: 2","185424","3","2","4","11","18","5","0","2","0","1","0","0"
"POINT (11.580537628000059 48.157785342000068)","Unfall 185425 (2017) Kat:3, Licht: 1","185425","3","6","2","11","08","5","1","1","0","1","0","1"
"POINT (11.552988935000030 48.148473353000043)","Unfall 185474 (2017) Kat:3, Licht: 2","185474","3","2","5","11","22","4","1","2","1","1","0","0"
"POINT (11.534753525000042 48.146498065000060)","Unfall 185475 (2017) Kat:3, Licht: 0","185475","3","3","5","11","08","4","0","0","1","1","0","0"
"POINT (11.585850443000027 48.170332184000074)","Unfall 185476 (2017) Kat:3, Licht: 0","185476","3","3","5","11","11","4","0","0","1","1","0","0"
"POINT (11.629554305000056 48.118359556000030)","Unfall 185477 (2017) Kat:3, Licht: 2","185477","3","1","8","11","23","4","1","2","0","1","0","0"
"POINT (11.553752540000062 48.154238746000033)","Unfall 185478 (2017) Kat:3, Licht: 2","185478","3","6","1","11","16","4","0","2","0","1","0","1"
"POINT (11.545113730000025 48.127731353000058)","Unfall 185479 (2017) Kat:2, Licht: 2","185479","2","2","6","11","21","4","0","2","0","1","1","0"
"POINT (11.617820745000074 48.153489728000068)","Unfall 185480 (2017) Kat:3, Licht: 0","185480","3","7","0","11","08","4","0","0","0","1","0","0"
"POINT (11.610845320000067 48.119110783000053)","Unfall 185481 (2017) Kat:3, Licht: 0","185481","3","7","0","11","08","4","0","0","0","1","0","0"
"POINT (11.418880713000021 48.149588057000074)","Unfall 185482 (2017) Kat:3, Licht: 0","185482","3","3","5","11","08","4","0","0","1","1","0","0"
"POINT (11.518416742000056 48.182550857000081)","Unfall 185483 (2017) Kat:2, Licht: 1","185483","2","5","0","11","18","4","0","1","1","1","0","0"
"POINT (11.516989717000058 48.178291823000052)","Unfall 185484 (2017) Kat:3, Licht: 0","185484","3","6","4","11","08","4","0","0","1","0","0","0"
"POINT (11.545548238000038 48.160804687000052)","Unfall 185485 (2017) Kat:3, Licht: 0","185485","3","4","6","11","13","4","0","0","1","0","1","0"
"POINT (11.546013062000043 48.144128779000027)","Unfall 185486 (2017) Kat:3, Licht: 0","185486","3","6","3","11","12","4","0","0","0","1","0","1"
"POINT (11.658569001000046 48.100915823000037)","Unfall 185488 (2017) Kat:3, Licht: 1","185488","3","2","5","11","06","4","1","1","1","1","0","0"
"POINT (11.622936029000073 48.143547763000072)","Unfall 185489 (2017) Kat:3, Licht: 0","185489","3","3","5","11","07","4","0","0","1","1","0","0"
"POINT (11.603258358000062 48.149207024000077)","Unfall 185490 (2017) Kat:3, Licht: 0","185490","3","1","0","11","14","4","0","0","1","0","0","0"
"POINT (11.567630621000035 48.126585192000050)","Unfall 185491 (2017) Kat:3, Licht: 0","185491","3","1","1","11","14","4","0","0","1","1","0","0"
"POINT (11.586322653000025 48.167410030000042)","Unfall 185492 (2017) Kat:3, Licht: 0","185492","3","2","5","11","10","4","0","0","1","1","0","0"
"POINT (11.547661322000067 48.126819942000054)","Unfall 185545 (2017) Kat:2, Licht: 0","185545","2","3","5","11","07","3","1","0","1","1","0","0"
"POINT (11.711369355000045 48.107190184000046)","Unfall 185546 (2017) Kat:3, Licht: 0","185546","3","7","1","11","09","3","0","0","0","1","0","0"
"POINT (11.507348600000057 48.152623915000049)","Unfall 185547 (2017) Kat:2, Licht: 0","185547","2","2","3","11","14","3","0","0","1","1","0","0"
"POINT (11.543699920000051 48.199856464000050)","Unfall 185548 (2017) Kat:3, Licht: 2","185548","3","3","5","11","05","3","1","2","1","0","0","1"
"POINT (11.571424454000066 48.121099184000059)","Unfall 185549 (2017) Kat:3, Licht: 0","185549","3","6","2","11","12","3","1","0","0","1","0","0"
"POINT (11.611034499000027 48.132017059000077)","Unfall 185550 (2017) Kat:2, Licht: 2","185550","2","7","3","11","10","3","1","2","1","1","0","0"
"POINT (11.495499610000024 48.135913579000032)","Unfall 185551 (2017) Kat:3, Licht: 0","185551","3","3","5","11","10","3","1","0","0","1","0","0"
"POINT (11.508758318000048 48.181495700000028)","Unfall 185552 (2017) Kat:3, Licht: 0","185552","3","3","5","11","14","3","0","0","1","1","0","0"
"POINT (11.529266369000027 48.100423763000038)","Unfall 185553 (2017) Kat:3, Licht: 2","185553","3","4","6","11","17","3","0","2","0","1","1","0"
"POINT (11.661511861000065 48.119713045000026)","Unfall 185554 (2017) Kat:3, Licht: 2","185554","3","6","2","11","18","3","0","2","0","1","0","0"
"POINT (11.628118966000045 48.092318787000067)","Unfall 185555 (2017) Kat:3, Licht: 1","185555","3","3","5","11","07","3","1","1","1","1","0","0"
"POINT (11.588577285000042 48.139668025000049)","Unfall 185556 (2017) Kat:3, Licht: 2","185556","3","4","6","11","17","3","0","2","0","1","1","0"
"POINT (11.585015231000057 48.132409518000031)","Unfall 185596 (2017) Kat:3, Licht: 2","185596","3","3","5","11","23","2","1","2","0","1","0","0"
"POINT (11.503030926000065 48.139623512000071)","Unfall 185597 (2017) Kat:3, Licht: 2","185597","3","2","5","11","17","2","1","2","0","1","0","0"
"POINT (11.522965127000077 48.193627809000077)","Unfall 185598 (2017) Kat:3, Licht: 0","185598","3","3","5","11","13","2","1","0","1","1","0","0"
"POINT (11.547158652000064 48.159592562000057)","Unfall 185599 (2017) Kat:3, Licht: 0","185599","3","4","6","11","07","2","1","0","0","1","1","0"
"POINT (11.467006832000038 48.156795811000052)","Unfall 185600 (2017) Kat:3, Licht: 2","185600","3","2","5","11","19","2","1","2","1","0","0","0"
"POINT (11.455979979000062 48.146517190000054)","Unfall 185601 (2017) Kat:3, Licht: 2","185601","3","2","5","11","06","2","1","2","1","0","0","0"
"POINT (11.530751843000075 48.150082699000052)","Unfall 185602 (2017) Kat:3, Licht: 1","185602","3","7","0","11","06","2","1","1","1","0","0","0"
"POINT (11.599441836000040 48.125258540000061)","Unfall 185603 (2017) Kat:3, Licht: 0","185603","3","2","5","11","12","2","1","0","0","1","0","0"
"POINT (11.547605653000062 48.126873222000029)","Unfall 185604 (2017) Kat:3, Licht: 0","185604","3","2","5","11","11","2","1","0","1","1","0","0"
"POINT (11.584452945000066 48.144155762000025)","Unfall 185605 (2017) Kat:3, Licht: 2","185605","3","3","5","11","06","2","1","2","1","1","0","0"
"POINT (11.558637373000067 48.137511954000047)","Unfall 185619 (2017) Kat:3, Licht: 0","185619","3","3","5","11","11","4","0","0","1","1","0","0"
"POINT (11.476669071000060 48.095126033000042)","Unfall 185620 (2017) Kat:3, Licht: 0","185620","3","2","5","11","14","4","0","0","1","0","0","0"
"POINT (11.658126576000029 48.124014816000056)","Unfall 185621 (2017) Kat:3, Licht: 2","185621","3","4","6","11","17","4","0","2","0","0","1","0"
"POINT (11.573354756000072 48.143195661000050)","Unfall 185622 (2017) Kat:3, Licht: 0","185622","3","3","5","11","15","4","0","0","1","1","0","0"
"POINT (11.581207731000063 48.144877751000081)","Unfall 185632 (2017) Kat:3, Licht: 0","185632","3","5","0","11","16","4","1","0","1","1","0","0"
"POINT (11.534083541000030 48.118327282000052)","Unfall 185634 (2017) Kat:3, Licht: 0","185634","3","3","5","11","11","4","0","0","0","1","0","0"
"POINT (11.414415503000043 48.146540450000032)","Unfall 185635 (2017) Kat:3, Licht: 2","185635","3","2","5","11","19","4","0","2","1","1","0","0"
"POINT (11.633753455000033 48.093921726000076)","Unfall 185637 (2017) Kat:3, Licht: 2","185637","3","1","8","11","02","4","0","2","0","1","0","0"
"POINT (11.536936903000026 48.138197208000065)","Unfall 185638 (2017) Kat:2, Licht: 0","185638","2","4","6","11","10","4","0","0","1","0","1","0"
"POINT (11.560465658000055 48.137405356000045)","Unfall 185671 (2017) Kat:2, Licht: 0","185671","2","5","1","11","10","3","0","0","1","0","0","0"
"POINT (11.633167107000077 48.170834789000025)","Unfall 185672 (2017) Kat:3, Licht: 0","185672","3","6","4","11","07","3","0","0","1","1","0","0"
"POINT (11.563031656000021 48.131777075000059)","Unfall 185673 (2017) Kat:3, Licht: 0","185673","3","3","5","11","08","3","0","0","1","1","0","0"
"POINT (11.572519996000040 48.132747341000027)","Unfall 185674 (2017) Kat:3, Licht: 2","185674","3","2","5","11","18","3","0","2","1","1","0","0"
"POINT (11.556972216000077 48.143531142000029)","Unfall 185676 (2017) Kat:3, Licht: 2","185676","3","6","1","11","18","3","0","2","1","1","0","0"
"POINT (11.575408627000058 48.187552933000063)","Unfall 185677 (2017) Kat:3, Licht: 0","185677","3","2","5","11","15","3","0","0","0","1","0","0"
"POINT (11.561991433000060 48.161128070000075)","Unfall 185678 (2017) Kat:3, Licht: 1","185678","3","6","2","11","16","3","0","1","0","1","0","0"
"POINT (11.592550292000055 48.126552846000038)","Unfall 185679 (2017) Kat:2, Licht: 0","185679","2","2","6","11","13","3","0","0","0","1","1","0"
"POINT (11.518690078000077 48.120881185000030)","Unfall 185680 (2017) Kat:3, Licht: 2","185680","3","3","5","11","21","3","0","2","0","1","0","0"
"POINT (11.517241446000071 48.113217230000032)","Unfall 185681 (2017) Kat:3, Licht: 1","185681","3","3","5","11","16","3","0","1","0","1","0","0"
"POINT (11.548624601000029 48.112148314000081)","Unfall 185682 (2017) Kat:3, Licht: 1","185682","3","7","5","11","16","3","0","1","0","1","0","0"
"POINT (11.641181693000021 48.129239147000078)","Unfall 185683 (2017) Kat:3, Licht: 0","185683","3","7","0","11","07","3","1","0","1","0","0","0"
"POINT (11.526288742000077 48.110864161000052)","Unfall 185684 (2017) Kat:3, Licht: 0","185684","3","3","6","11","07","3","1","0","1","0","1","0"
"POINT (11.503105151000057 48.147140797000077)","Unfall 185685 (2017) Kat:2, Licht: 2","185685","2","2","4","11","06","3","0","2","1","1","0","0"
"POINT (11.462222098000041 48.151544172000058)","Unfall 185686 (2017) Kat:3, Licht: 0","185686","3","3","5","11","09","3","0","0","0","1","0","0"
"POINT (11.515000686000064 48.179249406000054)","Unfall 185687 (2017) Kat:3, Licht: 0","185687","3","3","5","11","07","3","0","0","1","1","0","0"
"POINT (11.527737192000075 48.147764885000072)","Unfall 185688 (2017) Kat:3, Licht: 2","185688","3","2","5","11","20","3","0","2","0","1","0","0"
"POINT (11.498089102000051 48.094976395000060)","Unfall 185690 (2017) Kat:3, Licht: 1","185690","3","2","4","11","17","3","0","1","0","1","0","0"
"POINT (11.484219881000058 48.089014799000040)","Unfall 185691 (2017) Kat:3, Licht: 0","185691","3","6","6","11","16","3","0","0","1","0","1","0"
"POINT (11.562357496000061 48.138228193000032)","Unfall 185692 (2017) Kat:3, Licht: 1","185692","3","2","6","11","17","3","0","1","0","1","1","0"
"POINT (11.568632227000023 48.143864038000061)","Unfall 185745 (2017) Kat:3, Licht: 0","185745","3","3","1","11","12","2","1","0","0","1","0","0"
"POINT (11.573509853000076 48.142524090000052)","Unfall 185746 (2017) Kat:3, Licht: 0","185746","3","2","1","11","13","2","1","0","1","1","0","0"
"POINT (11.596100385000057 48.131175065000036)","Unfall 185747 (2017) Kat:2, Licht: 1","185747","2","3","5","11","07","2","1","1","1","1","0","0"
"POINT (11.575060960000030 48.145630784000048)","Unfall 185748 (2017) Kat:3, Licht: 0","185748","3","6","2","11","09","2","1","0","0","1","0","0"
"POINT (11.615960697000048 48.115690013000062)","Unfall 185749 (2017) Kat:3, Licht: 0","185749","3","7","3","11","08","2","1","0","0","1","0","0"
"POINT (11.456291500000077 48.153034634000051)","Unfall 185750 (2017) Kat:3, Licht: 1","185750","3","3","5","11","07","2","1","1","1","1","0","0"
"POINT (11.611463900000047 48.199902868000038)","Unfall 185751 (2017) Kat:3, Licht: 0","185751","3","7","0","11","15","2","0","0","0","0","0","0"
"POINT (11.513389416000052 48.098055869000063)","Unfall 185753 (2017) Kat:2, Licht: 0","185753","2","4","6","11","07","2","1","0","1","1","1","0"
"POINT (11.502474969000048 48.120286294000039)","Unfall 185796 (2017) Kat:3, Licht: 2","185796","3","7","9","11","01","1","1","2","0","1","0","0"
"POINT (11.567896103000066 48.156783766000046)","Unfall 185797 (2017) Kat:3, Licht: 2","185797","3","5","1","11","05","1","1","2","1","1","0","0"
"POINT (11.547235900000032 48.194009139000059)","Unfall 185818 (2017) Kat:3, Licht: 2","185818","3","6","1","11","17","7","1","2","0","1","0","0"
"POINT (11.551596671000027 48.137524764000034)","Unfall 185819 (2017) Kat:3, Licht: 0","185819","3","3","5","11","12","7","1","0","0","1","0","0"
"POINT (11.537805347000074 48.159701556000073)","Unfall 185820 (2017) Kat:2, Licht: 0","185820","2","7","0","11","12","7","1","0","1","0","0","0"
"POINT (11.650303902000076 48.129585739000049)","Unfall 185821 (2017) Kat:2, Licht: 2","185821","2","4","6","11","17","7","1","2","0","1","1","0"
"POINT (11.556377071000043 48.213261294000063)","Unfall 185822 (2017) Kat:3, Licht: 2","185822","3","2","6","11","17","7","1","2","0","1","1","0"
"POINT (11.475102170000071 48.156140502000028)","Unfall 185823 (2017) Kat:3, Licht: 0","185823","3","7","0","11","08","7","0","0","1","0","0","0"
"POINT (11.537391821000028 48.154073050000079)","Unfall 185824 (2017) Kat:3, Licht: 2","185824","3","3","5","11","18","7","1","2","0","1","0","0"
"POINT (11.640629194000041 48.148213258000055)","Unfall 185825 (2017) Kat:3, Licht: 0","185825","3","3","5","11","10","7","1","0","1","1","0","0"
"POINT (11.613263847000042 48.136678055000061)","Unfall 185826 (2017) Kat:3, Licht: 2","185826","3","3","5","11","17","7","1","2","0","1","0","0"
"POINT (11.565433603000031 48.159519068000066)","Unfall 185827 (2017) Kat:3, Licht: 0","185827","3","4","6","11","11","7","1","0","1","0","1","0"
"POINT (11.567633877000048 48.139520729000026)","Unfall 185828 (2017) Kat:3, Licht: 2","185828","3","1","0","11","01","7","0","2","0","0","0","0"
"POINT (11.407512503000021 48.177410529000042)","Unfall 185882 (2017) Kat:3, Licht: 0","185882","3","4","6","11","14","6","1","0","0","0","1","0"
"POINT (11.595659034000050 48.146461338000051)","Unfall 185883 (2017) Kat:3, Licht: 0","185883","3","6","5","11","13","6","0","0","1","1","0","0"
"POINT (11.590263496000034 48.166638534000072)","Unfall 185884 (2017) Kat:3, Licht: 2","185884","3","7","5","11","19","6","1","2","0","1","0","0"
"POINT (11.475668288000065 48.120859627000073)","Unfall 185885 (2017) Kat:3, Licht: 0","185885","3","3","5","11","08","6","0","0","0","1","0","0"
"POINT (11.575781604000042 48.142982708000034)","Unfall 185886 (2017) Kat:3, Licht: 0","185886","3","4","6","11","12","6","1","0","0","1","1","0"
"POINT (11.477077975000043 48.164304692000030)","Unfall 185887 (2017) Kat:3, Licht: 1","185887","3","5","1","11","07","6","0","1","1","1","0","0"
"POINT (11.457409558000052 48.137378467000076)","Unfall 185888 (2017) Kat:2, Licht: 1","185888","2","6","4","11","16","6","1","1","1","0","0","0"
"POINT (11.572980704000031 48.174611743000071)","Unfall 185889 (2017) Kat:3, Licht: 0","185889","3","7","0","11","15","6","1","0","0","0","1","0"
"POINT (11.545048573000031 48.127742322000074)","Unfall 185890 (2017) Kat:3, Licht: 0","185890","3","2","3","11","09","6","0","0","0","1","0","0"
"POINT (11.547327130000042 48.186199571000031)","Unfall 185891 (2017) Kat:3, Licht: 0","185891","3","6","2","11","14","6","1","0","0","1","0","0"
"POINT (11.533285019000061 48.164731930000073)","Unfall 185892 (2017) Kat:3, Licht: 0","185892","3","7","6","11","13","6","0","0","0","1","1","0"
"POINT (11.594320049000032 48.173331311000027)","Unfall 185895 (2017) Kat:3, Licht: 1","185895","3","1","0","11","16","6","1","1","1","0","0","0"
"POINT (11.602619220000065 48.113820313000076)","Unfall 185923 (2017) Kat:3, Licht: 0","185923","3","6","2","11","08","3","1","0","0","1","0","1"
"POINT (11.578587506000076 48.114154914000039)","Unfall 185924 (2017) Kat:3, Licht: 0","185924","3","2","5","11","14","3","1","0","0","0","0","0"
"POINT (11.679605551000066 48.138698145000035)","Unfall 185925 (2017) Kat:3, Licht: 0","185925","3","4","5","11","15","3","1","0","0","1","1","0"
"POINT (11.524089099000037 48.156261729000050)","Unfall 185927 (2017) Kat:3, Licht: 0","185927","3","6","2","11","13","3","1","0","0","1","0","0"
"POINT (11.521380801000021 48.163527379000072)","Unfall 185928 (2017) Kat:3, Licht: 0","185928","3","1","0","11","08","3","1","0","1","0","0","0"
"POINT (11.525315204000037 48.132546260000026)","Unfall 185929 (2017) Kat:3, Licht: 2","185929","3","3","5","11","20","3","0","2","0","1","0","0"
"POINT (11.520095913000034 48.153509470000074)","Unfall 185970 (2017) Kat:3, Licht: 2","185970","3","2","5","11","19","2","1","2","1","1","0","0"
"POINT (11.572713325000052 48.115333755000051)","Unfall 185971 (2017) Kat:3, Licht: 2","185971","3","7","5","11","19","2","1","2","0","1","0","1"
"POINT (11.580379060000041 48.096420560000070)","Unfall 185972 (2017) Kat:3, Licht: 1","185972","3","4","6","11","17","2","0","1","1","0","1","0"
"POINT (11.565091333000055 48.167877150000038)","Unfall 185973 (2017) Kat:3, Licht: 2","185973","3","3","5","11","22","2","1","2","1","1","0","0"
"POINT (11.518679330000055 48.120859146000043)","Unfall 185974 (2017) Kat:3, Licht: 2","185974","3","3","5","11","20","2","1","2","0","1","0","0"
"POINT (11.468653049000068 48.184417721000045)","Unfall 185975 (2017) Kat:3, Licht: 1","185975","3","5","1","11","17","2","0","1","1","0","0","0"
"POINT (11.458735881000052 48.156942051000044)","Unfall 185976 (2017) Kat:3, Licht: 0","185976","3","5","1","11","14","2","0","0","1","1","0","0"
"POINT (11.597146752000072 48.114997053000081)","Unfall 185977 (2017) Kat:3, Licht: 0","185977","3","7","4","11","13","2","0","0","0","1","0","0"
"POINT (11.575988346000031 48.145843906000039)","Unfall 185978 (2017) Kat:3, Licht: 0","185978","3","3","5","11","13","2","0","0","1","1","0","0"
"POINT (11.614687386000071 48.136788828000078)","Unfall 185979 (2017) Kat:3, Licht: 2","185979","3","3","5","11","00","2","0","2","0","1","0","0"
"POINT (11.420195858000056 48.150934800000073)","Unfall 185981 (2017) Kat:3, Licht: 0","185981","3","6","2","11","13","2","0","0","0","1","0","0"
"POINT (11.548563514000023 48.186168439000028)","Unfall 185982 (2017) Kat:3, Licht: 0","185982","3","6","2","11","07","2","0","0","0","1","0","0"
"POINT (11.682285766000064 48.117392414000051)","Unfall 185984 (2017) Kat:3, Licht: 2","185984","3","2","5","11","19","2","0","2","1","1","0","0"
"POINT (11.640034483000022 48.116863075000026)","Unfall 185985 (2017) Kat:3, Licht: 0","185985","3","3","5","11","11","2","0","0","0","1","0","0"
"POINT (11.640099578000047 48.146380122000039)","Unfall 185986 (2017) Kat:2, Licht: 1","185986","2","7","0","11","17","2","0","1","0","0","0","0"
"POINT (11.589968366000051 48.123946440000054)","Unfall 185987 (2017) Kat:3, Licht: 0","185987","3","3","5","11","14","2","0","0","1","1","0","0"
"POINT (11.571194154000068 48.128701082000077)","Unfall 185988 (2017) Kat:3, Licht: 2","185988","3","2","3","11","19","2","1","2","1","1","0","0"
"POINT (11.546847513000046 48.139228291000052)","Unfall 185989 (2017) Kat:3, Licht: 0","185989","3","1","0","11","11","2","0","0","1","0","0","0"
"POINT (11.539148153000042 48.164712843000075)","Unfall 185990 (2017) Kat:3, Licht: 2","185990","3","5","0","11","18","2","1","2","1","1","0","0"
"POINT (11.435573822000038 48.150699819000067)","Unfall 186039 (2017) Kat:3, Licht: 2","186039","3","3","5","11","22","1","1","2","0","1","0","0"
"POINT (11.613621687000034 48.127190826000060)","Unfall 186040 (2017) Kat:2, Licht: 2","186040","2","4","6","11","02","1","1","2","0","1","1","0"
"POINT (11.494848478000051 48.130863161000036)","Unfall 186041 (2017) Kat:2, Licht: 2","186041","2","3","5","11","17","1","0","2","1","1","0","0"
"POINT (11.461340519000032 48.146774879000077)","Unfall 186042 (2017) Kat:1, Licht: 2","186042","1","2","6","11","18","1","0","2","0","0","1","0"
"POINT (11.563322460000052 48.208804429000054)","Unfall 186043 (2017) Kat:3, Licht: 0","186043","3","3","5","11","13","1","0","0","0","1","0","0"
"POINT (11.560015431000068 48.142633872000033)","Unfall 186062 (2017) Kat:3, Licht: 2","186062","3","7","0","11","18","7","0","2","0","0","0","1"
"POINT (11.561552800000072 48.146985336000057)","Unfall 186063 (2017) Kat:3, Licht: 2","186063","3","6","3","11","02","7","0","2","1","0","0","0"
"POINT (11.577664651000077 48.096416086000033)","Unfall 186064 (2017) Kat:3, Licht: 0","186064","3","3","5","11","10","7","0","0","1","1","0","0"
"POINT (11.536424330000045 48.217102121000039)","Unfall 186065 (2017) Kat:3, Licht: 2","186065","3","7","0","11","19","7","0","2","0","1","1","0"
"POINT (11.537162704000025 48.151710421000075)","Unfall 186066 (2017) Kat:3, Licht: 2","186066","3","2","4","11","22","7","0","2","0","1","0","0"
"POINT (11.562490320000052 48.185910543000034)","Unfall 186067 (2017) Kat:2, Licht: 0","186067","2","2","3","11","09","7","1","0","0","1","0","0"
"POINT (11.556383320000066 48.213534405000075)","Unfall 186068 (2017) Kat:3, Licht: 0","186068","3","3","5","11","12","7","1","0","1","1","0","0"
"POINT (11.508697912000059 48.170777699000041)","Unfall 186069 (2017) Kat:2, Licht: 2","186069","2","4","6","11","18","7","0","2","0","0","1","0"
"POINT (11.557046830000047 48.143945195000072)","Unfall 186071 (2017) Kat:3, Licht: 0","186071","3","6","2","11","13","7","0","0","0","1","0","0"
"POINT (11.583215993000067 48.144445215000076)","Unfall 186072 (2017) Kat:3, Licht: 2","186072","3","6","3","11","20","7","0","2","0","1","0","0"
"POINT (11.581876563000037 48.134679142000039)","Unfall 186073 (2017) Kat:3, Licht: 0","186073","3","3","5","11","13","7","0","0","1","1","0","0"
"POINT (11.623889659000042 48.131557162000036)","Unfall 186091 (2017) Kat:3, Licht: 1","186091","3","2","6","11","16","6","0","1","0","1","1","0"
"POINT (11.584259386000042 48.139959937000071)","Unfall 186092 (2017) Kat:3, Licht: 0","186092","3","6","2","11","08","6","0","0","0","1","0","0"
"POINT (11.544174883000039 48.139484661000040)","Unfall 186093 (2017) Kat:3, Licht: 0","186093","3","6","3","11","08","6","0","0","0","1","0","0"
"POINT (11.553864953000073 48.215008381000075)","Unfall 186094 (2017) Kat:3, Licht: 0","186094","3","3","5","11","13","6","0","0","0","1","0","0"
"POINT (11.529290450000076 48.177648589000057)","Unfall 186095 (2017) Kat:3, Licht: 0","186095","3","3","5","11","09","6","0","0","1","1","0","0"
"POINT (11.567338448000044 48.184555735000060)","Unfall 186096 (2017) Kat:3, Licht: 0","186096","3","4","6","11","14","6","0","0","0","1","1","0"
"POINT (11.572909880000054 48.183963739000035)","Unfall 186097 (2017) Kat:3, Licht: 2","186097","3","5","3","11","19","6","1","2","0","1","0","0"
"POINT (11.523383905000060 48.151362971000026)","Unfall 186098 (2017) Kat:3, Licht: 2","186098","3","2","3","11","17","6","0","2","1","1","0","0"
"POINT (11.540570229000025 48.125301858000057)","Unfall 186099 (2017) Kat:3, Licht: 1","186099","3","2","5","11","18","6","1","1","1","1","0","0"
"POINT (11.579557232000070 48.155756883000038)","Unfall 186100 (2017) Kat:3, Licht: 0","186100","3","3","5","11","15","6","0","0","0","1","0","1"
"POINT (11.555747073000077 48.148114337000038)","Unfall 186136 (2017) Kat:3, Licht: 2","186136","3","2","5","11","19","5","0","2","0","1","0","1"
"POINT (11.601310901000033 48.142866778000041)","Unfall 186137 (2017) Kat:3, Licht: 2","186137","3","7","6","11","18","5","0","2","1","0","0","0"
"POINT (11.556152376000057 48.142070213000068)","Unfall 186138 (2017) Kat:3, Licht: 0","186138","3","2","3","11","09","5","0","0","1","0","0","0"
"POINT (11.558582249000040 48.148779201000082)","Unfall 186139 (2017) Kat:3, Licht: 0","186139","3","2","3","11","09","5","0","0","1","1","0","0"
"POINT (11.605088259000070 48.147855415000038)","Unfall 186140 (2017) Kat:3, Licht: 2","186140","3","6","0","11","18","5","0","2","0","1","0","0"
"POINT (11.489845867000042 48.179397331000075)","Unfall 186141 (2017) Kat:3, Licht: 1","186141","3","2","6","11","07","5","0","1","0","1","1","0"
"POINT (11.529705022000030 48.157233106000035)","Unfall 186142 (2017) Kat:3, Licht: 0","186142","3","2","5","11","08","5","0","0","1","1","0","0"
"POINT (11.583794711000053 48.155571500000065)","Unfall 186181 (2017) Kat:3, Licht: 0","186181","3","7","5","11","11","1","0","0","1","1","0","0"
"POINT (11.540657720000070 48.125443878000056)","Unfall 186182 (2017) Kat:2, Licht: 2","186182","2","4","6","11","17","1","1","2","0","1","1","0"
"POINT (11.511328375000062 48.180937002000064)","Unfall 186203 (2017) Kat:3, Licht: 0","186203","3","4","6","11","13","7","1","0","0","1","1","0"
"POINT (11.535654311000030 48.124526063000076)","Unfall 186204 (2017) Kat:3, Licht: 0","186204","3","3","5","11","08","7","0","0","1","1","0","0"
"POINT (11.502686684000025 48.127706323000041)","Unfall 186205 (2017) Kat:3, Licht: 0","186205","3","3","5","11","11","7","0","0","0","1","0","0"
"POINT (11.585618566000051 48.175516033000065)","Unfall 186206 (2017) Kat:2, Licht: 0","186206","2","7","6","11","07","7","0","0","0","0","1","0"
"POINT (11.646563410000056 48.121897343000057)","Unfall 186207 (2017) Kat:3, Licht: 0","186207","3","3","5","11","14","7","1","0","0","1","0","0"
"POINT (11.569934950000061 48.111500149000051)","Unfall 186208 (2017) Kat:3, Licht: 0","186208","3","6","1","11","12","7","1","0","0","1","1","0"
"POINT (11.558602737000058 48.141593580000063)","Unfall 186230 (2017) Kat:3, Licht: 2","186230","3","7","3","11","19","6","0","2","0","1","0","0"
"POINT (11.560663150000039 48.145608041000060)","Unfall 186231 (2017) Kat:3, Licht: 0","186231","3","3","5","11","09","6","0","0","1","0","0","0"
"POINT (11.589324750000060 48.136891425000044)","Unfall 186232 (2017) Kat:3, Licht: 0","186232","3","2","5","11","15","6","0","0","1","1","0","0"
"POINT (11.573702260000061 48.177522570000065)","Unfall 186233 (2017) Kat:2, Licht: 0","186233","2","1","0","11","13","6","0","0","1","0","0","0"
"POINT (11.539898287000028 48.115471196000044)","Unfall 186234 (2017) Kat:3, Licht: 2","186234","3","7","0","11","17","6","0","2","0","0","0","0"