WKT,Name,OBJECTID,UKATEGORIE,UTYP1,UART,UMONAT,USTUNDE,UWOCHENTAG,STRZUSTAND,ULICHTVERH,ISTRAD,ISTPKW,ISTFUSS,ISTKRAD
"POINT (11.545732904000033 48.160691977000056)","Unfall 186235 (2017) Kat:3, Licht: 0","186235","3","6","3","11","09","6","0","0","0","1","0","0"
"POINT (11.468093721000059 48.177576598000030)","Unfall 186236 (2017) Kat:2, Licht: 0","186236","2","3","5","11","11","6","0","0","1","1","0","0"
"POINT (11.540866111000071 48.145386016000032)","Unfall 186237 (2017) Kat:2, Licht: 2","186237","2","6","3","11","22","6","1","2","1","0","0","0"
"POINT (11.431792487000052 48.198262240000076)","Unfall 186238 (2017) Kat:2, Licht: 2","186238","2","7","0","11","23","6","0","2","1","0","0","0"
"POINT (11.541433057000063 48.145086835000029)","Unfall 186239 (2017) Kat:3, Licht: 0","186239","3","2","4","11","14","6","0","0","0","1","0","0"
"POINT (11.543632235000075 48.157314943000074)","Unfall 186240 (2017) Kat:2, Licht: 2","186240","2","4","6","11","23","6","0","2","1","0","1","0"
"POINT (11.579273965000027 48.114925386000039)","Unfall 186241 (2017) Kat:3, Licht: 1","186241","3","4","0","11","16","6","0","1","0","0","1","0"
"POINT (11.610528512000030 48.124824833000048)","Unfall 186242 (2017) Kat:3, Licht: 2","186242","3","7","5","11","20","6","0","2","1","1","0","0"
"POINT (11.581467178000025 48.169191503000036)","Unfall 186243 (2017) Kat:3, Licht: 0","186243","3","6","3","11","15","6","0","0","1","1","0","0"
"POINT (11.557063250000056 48.143977340000049)","Unfall 186244 (2017) Kat:3, Licht: 0","186244","3","6","2","11","12","6","0","0","0","1","0","0"
"POINT (11.583981574000063 48.186868237000056)","Unfall 186289 (2017) Kat:3, Licht: 1","186289","3","5","1","11","16","5","0","1","0","1","0","0"
"POINT (11.516536578000057 48.158477143000027)","Unfall 186290 (2017) Kat:3, Licht: 1","186290","3","3","5","11","06","5","0","1","0","1","0","1"
"POINT (11.577031720000036 48.092501822000031)","Unfall 186291 (2017) Kat:3, Licht: 2","186291","3","6","2","11","17","5","0","2","1","1","0","0"
"POINT (11.577810710000051 48.115614826000069)","Unfall 186292 (2017) Kat:3, Licht: 2","186292","3","7","0","11","19","5","0","2","0","0","1","0"
"POINT (11.548152776000052 48.149539214000072)","Unfall 186293 (2017) Kat:3, Licht: 0","186293","3","2","3","11","15","5","0","0","1","1","0","0"
"POINT (11.475678204000076 48.107877542000040)","Unfall 186294 (2017) Kat:3, Licht: 0","186294","3","2","5","11","13","5","0","0","1","1","0","0"
"POINT (11.563503023000067 48.160917435000044)","Unfall 186296 (2017) Kat:3, Licht: 0","186296","3","2","5","11","10","5","0","0","0","1","0","0"
"POINT (11.583134168000072 48.144528806000039)","Unfall 186297 (2017) Kat:3, Licht: 0","186297","3","6","1","11","09","5","0","0","0","1","0","0"
"POINT (11.529324120000069 48.100159174000055)","Unfall 186366 (2017) Kat:3, Licht: 0","186366","3","3","6","11","11","4","0","0","0","1","1","0"
"POINT (11.456999596000060 48.140208812000026)","Unfall 186367 (2017) Kat:3, Licht: 0","186367","3","3","5","11","11","4","0","0","0","1","0","0"
"POINT (11.557685540000023 48.139271557000029)","Unfall 186368 (2017) Kat:3, Licht: 0","186368","3","3","6","11","12","4","0","0","0","0","1","0"
"POINT (11.549169097000060 48.160493489000032)","Unfall 186369 (2017) Kat:3, Licht: 0","186369","3","3","5","11","07","4","0","0","1","0","0","0"
"POINT (11.555893658000059 48.136385989000075)","Unfall 186370 (2017) Kat:2, Licht: 0","186370","2","3","5","11","12","4","0","0","0","1","0","0"
"POINT (11.634939854000038 48.137915311000029)","Unfall 186371 (2017) Kat:3, Licht: 0","186371","3","2","3","11","09","4","0","0","1","1","0","0"
"POINT (11.462250304000065 48.150732594000033)","Unfall 186373 (2017) Kat:3, Licht: 2","186373","3","7","6","11","18","4","0","2","0","1","1","0"
"POINT (11.550845033000030 48.152660051000055)","Unfall 186374 (2017) Kat:3, Licht: 2","186374","3","7","0","11","22","4","0","2","1","0","0","0"
"POINT (11.574070614000050 48.117881209000075)","Unfall 186375 (2017) Kat:3, Licht: 0","186375","3","6","2","11","11","4","0","0","1","0","0","0"
"POINT (11.548703099000022 48.137607941000056)","Unfall 186376 (2017) Kat:3, Licht: 0","186376","3","7","6","11","11","4","0","0","0","0","1","0"
"POINT (11.584355250000044 48.157048207000059)","Unfall 186410 (2017) Kat:3, Licht: 2","186410","3","6","2","12","23","6","0","2","0","1","0","0"
"POINT (11.570253360000038 48.134154782000053)","Unfall 186411 (2017) Kat:2, Licht: 2","186411","2","4","6","12","19","6","1","2","0","1","1","0"
"POINT (11.517162141000028 48.083691013000077)","Unfall 186412 (2017) Kat:3, Licht: 0","186412","3","3","5","12","10","6","1","0","0","1","0","0"
"POINT (11.569124492000071 48.141027712000039)","Unfall 186413 (2017) Kat:3, Licht: 0","186413","3","3","5","12","08","6","0","0","0","1","0","0"
"POINT (11.567260880000049 48.179322389000049)","Unfall 186414 (2017) Kat:3, Licht: 2","186414","3","3","5","12","21","6","1","2","0","1","0","0"
"POINT (11.573592007000059 48.200655923000056)","Unfall 186415 (2017) Kat:3, Licht: 2","186415","3","6","2","12","19","6","1","2","0","1","0","0"
"POINT (11.497149216000025 48.091400465000049)","Unfall 186416 (2017) Kat:2, Licht: 0","186416","2","4","6","12","08","6","2","0","1","0","1","0"
"POINT (11.644990052000026 48.092157496000027)","Unfall 186421 (2017) Kat:3, Licht: 2","186421","3","3","5","12","05","6","1","2","0","0","0","0"
"POINT (11.455409050000071 48.166213111000047)","Unfall 186461 (2017) Kat:3, Licht: 2","186461","3","6","2","12","19","6","1","2","0","1","0","0"
"POINT (11.563263530000029 48.181451168000081)","Unfall 186466 (2017) Kat:3, Licht: 0","186466","3","3","5","11","13","5","1","0","1","1","0","0"
"POINT (11.494818358000032 48.178063990000055)","Unfall 186467 (2017) Kat:3, Licht: 2","186467","3","2","5","11","16","5","1","2","0","1","0","0"
"POINT (11.602601945000060 48.135797860000025)","Unfall 186468 (2017) Kat:3, Licht: 0","186468","3","7","0","11","13","5","1","0","0","0","0","0"
"POINT (11.520066078000070 48.150094015000036)","Unfall 186469 (2017) Kat:3, Licht: 1","186469","3","3","5","11","07","5","1","1","1","0","0","0"
"POINT (11.546231209000041 48.146045654000034)","Unfall 186470 (2017) Kat:3, Licht: 2","186470","3","5","1","11","06","5","1","2","1","1","0","0"
"POINT (11.550290708000034 48.214211584000054)","Unfall 186471 (2017) Kat:3, Licht: 2","186471","3","6","4","11","19","5","1","2","0","1","0","0"
"POINT (11.568770557000050 48.094069053000055)","Unfall 186472 (2017) Kat:3, Licht: 2","186472","3","7","4","11","18","5","2","2","0","1","0","0"
"POINT (11.524442204000025 48.196966613000029)","Unfall 186473 (2017) Kat:3, Licht: 0","186473","3","3","6","11","08","5","1","0","0","1","1","0"
"POINT (11.583058011000048 48.154291267000076)","Unfall 186474 (2017) Kat:3, Licht: 2","186474","3","3","5","11","20","5","1","2","1","1","0","0"
"POINT (11.574988665000035 48.162492677000046)","Unfall 186475 (2017) Kat:3, Licht: 2","186475","3","5","0","11","21","5","1","2","1","1","0","0"
"POINT (11.603782293000052 48.196295632000044)","Unfall 186476 (2017) Kat:3, Licht: 2","186476","3","4","6","11","18","5","1","2","0","1","1","0"
"POINT (11.422116740000035 48.146100189000038)","Unfall 186478 (2017) Kat:3, Licht: 2","186478","3","3","5","11","06","5","1","2","1","1","0","0"
"POINT (11.516322376000062 48.178614400000072)","Unfall 186533 (2017) Kat:3, Licht: 2","186533","3","1","1","11","22","4","1","2","0","1","0","0"
"POINT (11.568158324000024 48.205027042000040)","Unfall 186534 (2017) Kat:2, Licht: 0","186534","2","4","6","11","08","4","0","0","0","1","1","0"
"POINT (11.624267375000045 48.120054662000030)","Unfall 186535 (2017) Kat:2, Licht: 0","186535","2","3","5","11","13","4","1","0","0","1","0","0"
"POINT (11.488837119000038 48.164228965000063)","Unfall 186536 (2017) Kat:2, Licht: 0","186536","2","7","0","11","09","4","0","0","0","0","0","0"
"POINT (11.572881399000039 48.184374808000030)","Unfall 186537 (2017) Kat:3, Licht: 1","186537","3","2","2","11","15","4","1","1","0","1","0","0"
"POINT (11.573481156000071 48.201200243000073)","Unfall 186538 (2017) Kat:3, Licht: 2","186538","3","3","5","11","05","4","1","2","1","1","0","0"
"POINT (11.474215837000031 48.171541778000062)","Unfall 186539 (2017) Kat:3, Licht: 1","186539","3","7","0","11","17","4","1","1","0","0","0","0"
"POINT (11.602634147000060 48.145664984000064)","Unfall 186540 (2017) Kat:2, Licht: 0","186540","2","1","0","11","08","4","1","0","0","1","0","1"
"POINT (11.589568553000049 48.131841109000050)","Unfall 186541 (2017) Kat:3, Licht: 2","186541","3","2","5","11","20","4","0","2","1","1","0","0"
"POINT (11.597724648000053 48.149500849000049)","Unfall 186542 (2017) Kat:3, Licht: 2","186542","3","3","5","11","20","4","1","2","0","1","0","0"
"POINT (11.561496553000040 48.146895051000058)","Unfall 186543 (2017) Kat:3, Licht: 0","186543","3","6","3","11","13","4","1","0","0","1","0","0"
"POINT (11.584217484000021 48.154131947000053)","Unfall 186596 (2017) Kat:3, Licht: 2","186596","3","5","1","11","21","3","0","2","1","1","0","0"
"POINT (11.573167031000025 48.138986597000041)","Unfall 186597 (2017) Kat:3, Licht: 0","186597","3","3","5","11","07","3","0","0","1","0","0","0"
"POINT (11.590263496000034 48.166638534000072)","Unfall 186598 (2017) Kat:3, Licht: 2","186598","3","7","3","11","21","3","0","2","0","1","0","0"
"POINT (11.612160780000067 48.089801094000052)","Unfall 186599 (2017) Kat:3, Licht: 0","186599","3","4","5","11","12","3","0","0","0","1","1","0"
"POINT (11.643160575000024 48.097312358000067)","Unfall 186600 (2017) Kat:3, Licht: 2","186600","3","3","5","11","17","3","0","2","1","1","0","0"
"POINT (11.473764672000073 48.194137692000027)","Unfall 186601 (2017) Kat:3, Licht: 2","186601","3","4","6","11","17","3","0","2","0","1","1","0"
"POINT (11.643514434000053 48.168396532000031)","Unfall 186602 (2017) Kat:3, Licht: 0","186602","3","7","6","11","11","3","0","0","0","1","1","0"
"POINT (11.592519749000076 48.160722199000077)","Unfall 186603 (2017) Kat:3, Licht: 0","186603","3","3","5","11","16","3","0","0","1","0","0","0"
"POINT (11.586515480000060 48.183372533000068)","Unfall 186604 (2017) Kat:3, Licht: 0","186604","3","7","1","11","09","3","0","0","0","1","0","0"
"POINT (11.532500029000062 48.105808794000041)","Unfall 186605 (2017) Kat:3, Licht: 2","186605","3","3","5","11","06","3","0","2","1","1","0","0"
"POINT (11.535919939000053 48.126057545000037)","Unfall 186606 (2017) Kat:3, Licht: 0","186606","3","6","1","11","08","3","0","0","0","1","0","1"
"POINT (11.576050899000052 48.150203900000065)","Unfall 186607 (2017) Kat:3, Licht: 2","186607","3","5","0","11","18","3","1","2","1","1","0","0"
"POINT (11.467964370000061 48.164151837000077)","Unfall 186647 (2017) Kat:3, Licht: 2","186647","3","2","4","11","16","2","0","2","1","1","0","0"
"POINT (11.595610457000021 48.127560791000064)","Unfall 186648 (2017) Kat:3, Licht: 1","186648","3","4","6","11","15","2","0","1","0","1","1","0"
"POINT (11.575409070000035 48.143060831000071)","Unfall 186649 (2017) Kat:3, Licht: 2","186649","3","2","4","11","18","2","0","2","1","1","0","0"
"POINT (11.548480620000021 48.186170527000058)","Unfall 186650 (2017) Kat:3, Licht: 2","186650","3","6","2","11","17","2","0","2","0","1","0","0"
"POINT (11.554607345000022 48.146602636000068)","Unfall 186651 (2017) Kat:3, Licht: 0","186651","3","3","5","11","15","2","0","0","0","1","0","0"
"POINT (11.595151522000037 48.118387949000066)","Unfall 186652 (2017) Kat:3, Licht: 0","186652","3","3","5","11","10","2","1","0","0","1","0","0"
"POINT (11.575831040000025 48.130491073000030)","Unfall 186653 (2017) Kat:3, Licht: 2","186653","3","4","6","11","18","2","0","2","1","0","1","0"
"POINT (11.545994459000042 48.132363807000047)","Unfall 186654 (2017) Kat:3, Licht: 0","186654","3","1","0","11","07","2","2","0","1","0","0","0"
"POINT (11.567538030000037 48.123227916000076)","Unfall 186703 (2017) Kat:3, Licht: 0","186703","3","6","2","12","14","5","0","0","1","1","0","0"
"POINT (11.479358194000042 48.116228247000038)","Unfall 186704 (2017) Kat:3, Licht: 2","186704","3","7","0","12","23","5","0","2","1","0","0","0"
"POINT (11.560183511000048 48.137405307000051)","Unfall 186705 (2017) Kat:3, Licht: 0","186705","3","7","6","12","11","5","0","0","0","1","1","0"
"POINT (11.555936368000062 48.132519790000060)","Unfall 186706 (2017) Kat:3, Licht: 0","186706","3","6","2","12","11","5","0","0","0","1","0","0"
"POINT (11.540146668000034 48.126593520000029)","Unfall 186707 (2017) Kat:3, Licht: 0","186707","3","3","5","12","13","5","0","0","1","1","0","0"
"POINT (11.611455180000064 48.199879696000039)","Unfall 186708 (2017) Kat:3, Licht: 0","186708","3","2","5","12","10","5","0","0","1","1","0","0"
"POINT (11.670464355000036 48.123994804000063)","Unfall 186710 (2017) Kat:2, Licht: 0","186710","2","7","0","12","10","5","0","0","1","1","0","0"
"POINT (11.533916846000068 48.153134570000077)","Unfall 186711 (2017) Kat:1, Licht: 2","186711","1","7","6","12","17","5","0","2","0","0","1","0"
"POINT (11.580347197000037 48.148553177000053)","Unfall 186712 (2017) Kat:2, Licht: 2","186712","2","6","3","12","19","5","0","2","1","0","0","0"
"POINT (11.522532021000075 48.106840301000034)","Unfall 186713 (2017) Kat:3, Licht: 0","186713","3","3","5","12","09","5","0","0","0","1","0","0"
"POINT (11.500098889000071 48.140392223000049)","Unfall 186714 (2017) Kat:3, Licht: 0","186714","3","5","1","12","08","5","0","0","1","1","0","0"
"POINT (11.510514234000027 48.170201159000044)","Unfall 186716 (2017) Kat:3, Licht: 1","186716","3","2","5","12","17","5","0","1","1","0","0","0"
"POINT (11.552764993000039 48.148623718000067)","Unfall 186717 (2017) Kat:2, Licht: 2","186717","2","6","3","12","22","5","0","2","1","1","0","0"
"POINT (11.592946693000044 48.112646379000068)","Unfall 186718 (2017) Kat:2, Licht: 2","186718","2","4","0","12","18","5","0","2","0","0","1","0"
"POINT (11.503550707000045 48.127704540000082)","Unfall 186760 (2017) Kat:3, Licht: 1","186760","3","5","1","12","18","4","0","1","0","1","0","0"
"POINT (11.458327220000058 48.152683045000060)","Unfall 186761 (2017) Kat:2, Licht: 0","186761","2","1","9","12","11","4","0","0","0","1","0","0"
"POINT (11.583431238000060 48.157463858000028)","Unfall 186762 (2017) Kat:3, Licht: 0","186762","3","5","1","12","08","4","0","0","1","1","0","0"
"POINT (11.663329761000057 48.125666442000067)","Unfall 186763 (2017) Kat:3, Licht: 2","186763","3","7","0","12","18","4","0","2","0","0","0","0"
"POINT (11.571160698000028 48.131686668000043)","Unfall 186764 (2017) Kat:2, Licht: 0","186764","2","7","0","12","16","4","0","0","1","0","0","0"
"POINT (11.478045483000074 48.119859628000029)","Unfall 186765 (2017) Kat:2, Licht: 2","186765","2","1","9","12","23","4","0","2","0","1","0","0"
"POINT (11.597679971000048 48.149450437000041)","Unfall 186766 (2017) Kat:3, Licht: 2","186766","3","2","3","12","17","4","1","2","0","1","0","0"
"POINT (11.595451556000057 48.183312842000078)","Unfall 186767 (2017) Kat:3, Licht: 2","186767","3","6","1","12","17","4","1","2","0","1","0","0"
"POINT (11.497758457000032 48.093767661000072)","Unfall 186769 (2017) Kat:3, Licht: 0","186769","3","6","2","12","11","4","0","0","0","1","0","0"
"POINT (11.581766985000058 48.105946281000058)","Unfall 186770 (2017) Kat:3, Licht: 0","186770","3","3","0","12","09","4","0","0","1","1","0","0"
"POINT (11.550732363000066 48.135848685000042)","Unfall 186771 (2017) Kat:3, Licht: 0","186771","3","1","0","12","08","4","0","0","1","0","0","0"
"POINT (11.554391699000064 48.123016524000036)","Unfall 186810 (2017) Kat:3, Licht: 2","186810","3","3","5","12","16","3","0","2","0","1","0","0"
"POINT (11.612296553000022 48.151881280000055)","Unfall 186811 (2017) Kat:2, Licht: 0","186811","2","6","3","12","08","3","1","0","1","0","0","0"
"POINT (11.581063315000051 48.138924298000063)","Unfall 186812 (2017) Kat:3, Licht: 1","186812","3","6","2","12","16","3","0","1","0","1","0","1"
"POINT (11.554391691000035 48.123016875000076)","Unfall 186813 (2017) Kat:3, Licht: 0","186813","3","3","1","12","07","3","1","0","1","1","0","0"
"POINT (11.582154190000040 48.122209473000055)","Unfall 186814 (2017) Kat:3, Licht: 0","186814","3","3","5","12","08","3","0","0","1","1","0","0"
"POINT (11.560331962000021 48.137405333000061)","Unfall 186815 (2017) Kat:3, Licht: 0","186815","3","4","6","12","16","3","0","0","1","0","1","0"
"POINT (11.571289376000038 48.128762803000029)","Unfall 186816 (2017) Kat:3, Licht: 0","186816","3","7","6","12","12","3","0","0","0","1","1","0"
"POINT (11.610897236000028 48.205119588000059)","Unfall 186818 (2017) Kat:3, Licht: 2","186818","3","7","1","12","18","3","0","2","0","1","0","0"
"POINT (11.563499032000038 48.160905049000064)","Unfall 186819 (2017) Kat:3, Licht: 2","186819","3","4","6","12","04","3","0","2","0","1","1","0"
"POINT (11.558128302000057 48.151048605000028)","Unfall 186820 (2017) Kat:3, Licht: 2","186820","3","6","2","12","18","3","0","2","0","1","0","0"
"POINT (11.609295420000024 48.118707245000053)","Unfall 186821 (2017) Kat:3, Licht: 0","186821","3","4","6","12","15","3","0","0","0","1","1","0"
"POINT (11.586033643000064 48.169494648000068)","Unfall 186822 (2017) Kat:3, Licht: 0","186822","3","2","3","12","12","3","0","0","0","1","0","0"
"POINT (11.688935981000043 48.131492538000032)","Unfall 186866 (2017) Kat:3, Licht: 0","186866","3","4","6","12","08","2","0","0","0","1","1","0"
"POINT (11.525726125000062 48.182004000000063)","Unfall 186867 (2017) Kat:3, Licht: 0","186867","3","6","1","12","14","2","0","0","0","1","0","0"
"POINT (11.575378931000046 48.162526229000036)","Unfall 186868 (2017) Kat:3, Licht: 2","186868","3","3","0","12","17","2","1","2","0","1","0","0"
"POINT (11.477057977000072 48.115141409000046)","Unfall 186869 (2017) Kat:3, Licht: 0","186869","3","4","6","12","08","2","1","0","0","1","1","0"
"POINT (11.521769089000031 48.175919662000069)","Unfall 186871 (2017) Kat:3, Licht: 2","186871","3","4","6","12","20","2","1","2","0","1","1","0"
"POINT (11.582646195000052 48.118111831000078)","Unfall 186872 (2017) Kat:3, Licht: 0","186872","3","6","3","12","10","2","1","0","0","1","0","0"
"POINT (11.605134709000026 48.139762445000031)","Unfall 186873 (2017) Kat:3, Licht: 2","186873","3","6","2","12","18","2","0","2","0","1","0","0"
"POINT (11.475008370000069 48.090844592000053)","Unfall 186910 (2017) Kat:3, Licht: 2","186910","3","6","0","12","20","1","2","2","0","1","0","0"
"POINT (11.543159709000065 48.139544861000047)","Unfall 186911 (2017) Kat:2, Licht: 2","186911","2","4","6","12","06","1","1","2","0","0","1","0"
"POINT (11.527862100000050 48.147775150000029)","Unfall 186912 (2017) Kat:3, Licht: 0","186912","3","7","0","12","12","1","0","0","1","0","0","0"
"POINT (11.566810700000076 48.150420130000043)","Unfall 186913 (2017) Kat:3, Licht: 2","186913","3","3","5","12","17","1","1","2","0","1","0","0"
"POINT (11.523367528000051 48.096041583000044)","Unfall 186930 (2017) Kat:2, Licht: 1","186930","2","3","2","12","16","7","0","1","0","1","0","1"
"POINT (11.522174990000053 48.175714914000025)","Unfall 186932 (2017) Kat:3, Licht: 1","186932","3","3","5","12","06","7","1","1","0","1","0","0"
"POINT (11.417585837000047 48.155896389000077)","Unfall 186933 (2017) Kat:3, Licht: 0","186933","3","3","5","12","08","7","1","0","1","1","0","0"
"POINT (11.567621749000068 48.172682655000074)","Unfall 186934 (2017) Kat:3, Licht: 0","186934","3","7","6","12","14","7","0","0","0","1","0","0"
"POINT (11.679926592000072 48.132850541000039)","Unfall 186935 (2017) Kat:3, Licht: 0","186935","3","7","2","12","09","7","0","0","0","1","0","0"
"POINT (11.590172343000063 48.176868163000051)","Unfall 186939 (2017) Kat:3, Licht: 0","186939","3","3","5","12","09","4","0","0","1","1","0","0"
"POINT (11.504476638000028 48.185551728000064)","Unfall 186940 (2017) Kat:3, Licht: 0","186940","3","3","5","12","09","4","0","0","1","1","0","0"
"POINT (11.564388526000073 48.164544882000030)","Unfall 186942 (2017) Kat:3, Licht: 2","186942","3","6","2","12","22","4","1","2","0","1","0","0"
"POINT (11.581665278000060 48.105880607000074)","Unfall 186943 (2017) Kat:3, Licht: 0","186943","3","3","5","12","11","4","0","0","1","1","0","0"
"POINT (11.558865982000043 48.139331122000044)","Unfall 186944 (2017) Kat:2, Licht: 0","186944","2","4","6","12","15","4","0","0","0","1","1","0"
"POINT (11.607161116000043 48.139400557000045)","Unfall 186945 (2017) Kat:3, Licht: 2","186945","3","2","6","12","20","4","1","2","0","1","1","0"
"POINT (11.534886381000035 48.168102524000062)","Unfall 186946 (2017) Kat:2, Licht: 0","186946","2","3","5","12","08","4","0","0","1","1","0","0"
"POINT (11.559447306000038 48.142769205000036)","Unfall 186947 (2017) Kat:3, Licht: 0","186947","3","2","5","12","11","4","0","0","1","1","0","0"
"POINT (11.623753435000026 48.195462399000064)","Unfall 186948 (2017) Kat:3, Licht: 0","186948","3","6","2","12","13","4","1","0","0","1","0","0"
"POINT (11.619992822000029 48.197765674000038)","Unfall 186949 (2017) Kat:3, Licht: 0","186949","3","3","5","12","13","4","0","0","1","0","0","0"
"POINT (11.457700129000045 48.149798863000058)","Unfall 186950 (2017) Kat:3, Licht: 0","186950","3","5","1","12","13","4","0","0","1","1","0","0"
"POINT (11.625463890000049 48.148099526000067)","Unfall 186951 (2017) Kat:3, Licht: 0","186951","3","3","5","12","09","4","0","0","1","1","0","0"
"POINT (11.586667636000072 48.164181819000078)","Unfall 186952 (2017) Kat:3, Licht: 1","186952","3","2","5","12","18","4","1","1","1","1","0","0"
"POINT (11.580045780000034 48.139121575000047)","Unfall 186953 (2017) Kat:3, Licht: 0","186953","3","1","0","12","09","4","0","0","1","0","0","0"
"POINT (11.576109423000048 48.127960031000043)","Unfall 187002 (2017) Kat:3, Licht: 2","187002","3","4","6","12","18","3","1","2","0","0","1","0"
"POINT (11.548244789000023 48.126063157000033)","Unfall 187003 (2017) Kat:2, Licht: 2","187003","2","4","6","12","22","3","0","2","0","1","1","0"
"POINT (11.580007049000073 48.187783782000054)","Unfall 187004 (2017) Kat:3, Licht: 0","187004","3","1","3","12","15","3","1","0","0","1","0","0"
"POINT (11.689957548000052 48.137925406000079)","Unfall 187005 (2017) Kat:2, Licht: 2","187005","2","1","8","12","20","3","1","2","0","1","0","0"
"POINT (11.555380444000036 48.139172461000044)","Unfall 187006 (2017) Kat:3, Licht: 2","187006","3","7","6","12","22","3","0","2","1","0","1","0"
"POINT (11.558729822000032 48.129678786000056)","Unfall 187007 (2017) Kat:3, Licht: 0","187007","3","2","3","12","11","3","0","0","1","1","0","0"
"POINT (11.601470042000074 48.140321271000062)","Unfall 187008 (2017) Kat:3, Licht: 2","187008","3","2","5","12","18","3","0","2","1","1","0","0"
"POINT (11.506901940000034 48.098807587000067)","Unfall 187010 (2017) Kat:3, Licht: 0","187010","3","6","2","12","07","3","0","0","0","1","0","0"
"POINT (11.584763928000029 48.114750669000045)","Unfall 187012 (2017) Kat:3, Licht: 0","187012","3","6","1","12","13","3","1","0","0","1","0","0"
"POINT (11.567075355000043 48.180260255000064)","Unfall 187043 (2017) Kat:3, Licht: 2","187043","3","2","5","12","19","2","0","2","0","1","0","0"
"POINT (11.585141801000077 48.181741444000068)","Unfall 187044 (2017) Kat:3, Licht: 2","187044","3","2","6","12","17","2","0","2","0","1","1","0"
"POINT (11.571068865000029 48.178937336000047)","Unfall 187045 (2017) Kat:3, Licht: 0","187045","3","6","4","12","15","2","0","0","1","1","0","0"
"POINT (11.579366897000057 48.115182995000055)","Unfall 187047 (2017) Kat:3, Licht: 2","187047","3","3","5","12","17","2","1","2","0","1","0","0"
"POINT (11.557852356000069 48.139155426000059)","Unfall 187048 (2017) Kat:3, Licht: 0","187048","3","6","0","12","15","2","0","0","0","1","0","0"
"POINT (11.608472621000033 48.150791171000037)","Unfall 187049 (2017) Kat:3, Licht: 0","187049","3","4","6","12","15","2","0","0","0","1","1","0"
"POINT (11.568334637000021 48.132521044000043)","Unfall 187097 (2017) Kat:3, Licht: 2","187097","3","3","5","12","17","1","1","2","1","1","0","0"
"POINT (11.521885340000040 48.149776883000072)","Unfall 187100 (2017) Kat:3, Licht: 0","187100","3","7","0","12","11","1","0","0","1","0","0","0"
"POINT (11.523360207000053 48.158753032000050)","Unfall 187101 (2017) Kat:3, Licht: 0","187101","3","6","4","12","13","1","2","0","0","1","0","0"
"POINT (11.523687367000036 48.099220290000062)","Unfall 187102 (2017) Kat:3, Licht: 0","187102","3","3","5","12","08","1","2","0","0","1","0","0"
"POINT (11.602625637000074 48.113791404000040)","Unfall 187131 (2017) Kat:3, Licht: 2","187131","3","1","2","12","17","7","1","2","0","1","0","0"
"POINT (11.581894115000068 48.159842871000080)","Unfall 187132 (2017) Kat:3, Licht: 0","187132","3","6","0","12","12","7","0","0","0","1","0","0"
"POINT (11.502775047000057 48.130943934000072)","Unfall 187133 (2017) Kat:3, Licht: 0","187133","3","4","6","12","12","7","0","0","0","1","1","0"
"POINT (11.572253363000073 48.120744872000046)","Unfall 187136 (2017) Kat:3, Licht: 2","187136","3","5","0","12","22","7","0","2","1","1","0","0"
"POINT (11.505462855000076 48.184672877000025)","Unfall 187137 (2017) Kat:3, Licht: 2","187137","3","2","4","12","19","7","0","2","0","1","0","0"
"POINT (11.587995704000036 48.131623441000045)","Unfall 187173 (2017) Kat:3, Licht: 0","187173","3","7","0","12","10","6","0","0","0","0","0","0"
"POINT (11.563239844000066 48.208784540000067)","Unfall 187174 (2017) Kat:3, Licht: 2","187174","3","3","5","12","21","6","1","2","0","1","0","0"
"POINT (11.540109980000068 48.155418064000060)","Unfall 187175 (2017) Kat:3, Licht: 0","187175","3","4","6","12","12","6","1","0","0","1","1","0"
"POINT (11.477748912000038 48.117593579000072)","Unfall 187176 (2017) Kat:3, Licht: 0","187176","3","6","3","12","13","6","1","0","0","1","0","1"
"POINT (11.513685291000058 48.097033998000029)","Unfall 187177 (2017) Kat:3, Licht: 0","187177","3","3","5","12","09","6","1","0","1","1","0","0"
"POINT (11.411076035000065 48.134898428000042)","Unfall 187178 (2017) Kat:3, Licht: 0","187178","3","2","4","12","11","6","1","0","0","1","0","0"
"POINT (11.571597010000062 48.177794699000060)","Unfall 187179 (2017) Kat:3, Licht: 0","187179","3","6","2","12","12","6","1","0","0","1","0","0"
"POINT (11.538971996000043 48.164839082000071)","Unfall 187180 (2017) Kat:2, Licht: 0","187180","2","7","7","12","10","6","1","0","1","0","0","0"
"POINT (11.590648049000038 48.109619634000069)","Unfall 187181 (2017) Kat:3, Licht: 1","187181","3","4","6","12","07","6","1","1","0","1","1","0"
"POINT (11.558304421000059 48.146012566000081)","Unfall 187182 (2017) Kat:3, Licht: 2","187182","3","6","4","12","21","6","0","2","1","0","0","0"
"POINT (11.477797174000045 48.118008875000044)","Unfall 187231 (2017) Kat:3, Licht: 0","187231","3","6","2","12","14","2","0","0","0","1","0","0"
"POINT (11.462235435000025 48.150558150000052)","Unfall 187232 (2017) Kat:3, Licht: 0","187232","3","4","6","12","11","2","1","0","0","1","1","0"
"POINT (11.557492870000033 48.117366285000060)","Unfall 187233 (2017) Kat:3, Licht: 2","187233","3","6","2","12","17","2","1","2","0","1","0","0"
"POINT (11.503032527000073 48.135389416000066)","Unfall 187234 (2017) Kat:3, Licht: 2","187234","3","7","2","12","17","2","0","2","0","1","0","0"