WKT,Name,OBJECTID,UKATEGORIE,UTYP1,UART,UMONAT,USTUNDE,UWOCHENTAG,STRZUSTAND,ULICHTVERH,ISTRAD,ISTPKW,ISTFUSS,ISTKRAD
"POINT (11.663656164000031 48.125282983000034)","Unfall 187235 (2017) Kat:3, Licht: 2","187235","3","4","6","12","19","2","0","2","0","1","1","0"
"POINT (11.502893778000043 48.135304776000055)","Unfall 187236 (2017) Kat:3, Licht: 2","187236","3","7","0","12","21","2","0","2","0","1","0","0"
"POINT (11.567273447000048 48.179025328000080)","Unfall 187237 (2017) Kat:3, Licht: 2","187237","3","6","2","12","17","2","0","2","0","1","0","0"
"POINT (11.643218213000068 48.150989880000054)","Unfall 187238 (2017) Kat:3, Licht: 0","187238","3","3","5","12","14","2","1","0","0","1","0","0"
"POINT (11.557727325000030 48.177267554000025)","Unfall 187239 (2017) Kat:3, Licht: 2","187239","3","3","5","12","18","2","0","2","0","1","0","0"
"POINT (11.538239030000057 48.118344996000076)","Unfall 187240 (2017) Kat:3, Licht: 0","187240","3","3","0","12","09","2","2","0","1","1","0","0"
"POINT (11.694116437000048 48.131503447000057)","Unfall 187241 (2017) Kat:3, Licht: 2","187241","3","4","6","12","23","2","0","2","0","1","1","0"
"POINT (11.550727922000021 48.194381880000037)","Unfall 187242 (2017) Kat:3, Licht: 0","187242","3","4","6","12","11","2","0","0","0","1","1","0"
"POINT (11.526918271000056 48.102340437000066)","Unfall 187243 (2017) Kat:3, Licht: 0","187243","3","2","3","12","08","2","2","0","1","1","0","0"
"POINT (11.598443718000055 48.124664500000051)","Unfall 187244 (2017) Kat:3, Licht: 0","187244","3","7","0","12","08","2","1","0","0","0","0","0"
"POINT (11.565110490000052 48.123971220000044)","Unfall 187245 (2017) Kat:3, Licht: 2","187245","3","6","1","12","19","2","0","2","0","1","0","0"
"POINT (11.582631993000064 48.133831146000034)","Unfall 187246 (2017) Kat:3, Licht: 1","187246","3","4","6","12","07","2","0","1","0","0","1","0"
"POINT (11.597406548000038 48.149697571000047)","Unfall 187285 (2017) Kat:3, Licht: 0","187285","3","4","6","12","15","1","0","0","0","1","1","0"
"POINT (11.576214358000072 48.155016370000055)","Unfall 187286 (2017) Kat:3, Licht: 0","187286","3","3","5","12","15","1","1","0","0","1","1","0"
"POINT (11.412815367000064 48.137475260000031)","Unfall 187287 (2017) Kat:3, Licht: 0","187287","3","3","5","12","13","1","1","0","0","1","0","0"
"POINT (11.568119542000034 48.133822177000070)","Unfall 187288 (2017) Kat:3, Licht: 0","187288","3","2","5","12","11","1","1","0","1","1","0","0"
"POINT (11.513225696000063 48.181422630000043)","Unfall 187305 (2017) Kat:3, Licht: 2","187305","3","5","1","12","17","7","1","2","0","1","0","1"
"POINT (11.601460147000068 48.140528464000056)","Unfall 187306 (2017) Kat:3, Licht: 0","187306","3","7","2","12","15","7","1","0","1","1","0","0"
"POINT (11.493598963000068 48.165370036000070)","Unfall 187307 (2017) Kat:3, Licht: 2","187307","3","4","6","12","17","7","1","2","0","1","1","0"
"POINT (11.563920822000057 48.184616555000048)","Unfall 187308 (2017) Kat:3, Licht: 2","187308","3","7","6","12","00","7","0","2","0","1","1","0"
"POINT (11.593138720000070 48.187826539000071)","Unfall 187334 (2017) Kat:3, Licht: 2","187334","3","4","6","12","03","6","1","2","0","1","1","0"
"POINT (11.499311535000061 48.134922532000076)","Unfall 187335 (2017) Kat:3, Licht: 1","187335","3","3","5","12","16","6","0","1","0","1","0","0"
"POINT (11.532137643000056 48.152825325000038)","Unfall 187336 (2017) Kat:3, Licht: 0","187336","3","3","6","12","13","6","0","0","0","1","1","0"
"POINT (11.697036323000077 48.133489657000041)","Unfall 187339 (2017) Kat:3, Licht: 0","187339","3","2","5","12","11","6","1","0","0","1","0","0"
"POINT (11.610174789000041 48.133090618000040)","Unfall 187340 (2017) Kat:3, Licht: 0","187340","3","6","2","12","12","6","0","0","0","1","0","0"
"POINT (11.563440396000033 48.161050580000051)","Unfall 187341 (2017) Kat:3, Licht: 0","187341","3","6","2","12","12","6","0","0","0","1","0","0"
"POINT (11.562812956000073 48.158961252000040)","Unfall 187342 (2017) Kat:3, Licht: 0","187342","3","5","1","12","14","6","0","0","1","1","0","0"
"POINT (11.580997198000034 48.144914139000036)","Unfall 187343 (2017) Kat:3, Licht: 2","187343","3","6","0","12","08","6","0","2","0","1","0","0"
"POINT (11.565487736000023 48.137916757000028)","Unfall 187344 (2017) Kat:3, Licht: 0","187344","3","2","5","12","14","6","0","0","1","1","0","0"
"POINT (11.598639216000038 48.119274481000048)","Unfall 187410 (2017) Kat:3, Licht: 0","187410","3","3","5","12","14","5","0","0","1","1","0","0"
"POINT (11.572368416000074 48.152119076000076)","Unfall 187411 (2017) Kat:3, Licht: 2","187411","3","3","5","12","05","5","1","2","0","1","0","0"
"POINT (11.572676113000057 48.187360797000053)","Unfall 187412 (2017) Kat:3, Licht: 0","187412","3","2","4","12","11","5","1","0","0","1","0","0"
"POINT (11.544104096000069 48.209077122000053)","Unfall 187413 (2017) Kat:2, Licht: 1","187413","2","4","6","12","07","5","1","1","0","1","1","0"
"POINT (11.456333223000058 48.152951549000079)","Unfall 187414 (2017) Kat:3, Licht: 1","187414","3","2","5","12","07","5","1","1","1","1","0","0"
"POINT (11.576991786000065 48.115674424000076)","Unfall 187415 (2017) Kat:3, Licht: 0","187415","3","5","1","12","13","5","0","0","0","1","0","1"
"POINT (11.562632436000058 48.131507044000045)","Unfall 187416 (2017) Kat:3, Licht: 1","187416","3","6","2","12","15","5","0","1","0","1","0","0"
"POINT (11.590881996000064 48.201462514000070)","Unfall 187417 (2017) Kat:2, Licht: 2","187417","2","4","6","12","06","5","1","2","0","1","1","0"
"POINT (11.558513715000061 48.150232470000049)","Unfall 187419 (2017) Kat:3, Licht: 0","187419","3","3","0","12","10","5","1","0","0","1","0","0"
"POINT (11.544309449000025 48.151748849000057)","Unfall 187420 (2017) Kat:3, Licht: 0","187420","3","7","0","12","13","5","0","0","1","0","0","0"
"POINT (11.579583224000032 48.115212546000066)","Unfall 187421 (2017) Kat:3, Licht: 0","187421","3","4","1","12","13","5","0","0","0","0","1","0"
"POINT (11.613569246000054 48.131350151000049)","Unfall 187422 (2017) Kat:3, Licht: 1","187422","3","6","2","12","07","5","1","1","0","1","0","0"
"POINT (11.540968440000029 48.122220749000064)","Unfall 187423 (2017) Kat:3, Licht: 0","187423","3","7","1","12","13","5","0","0","0","1","1","0"
"POINT (11.534476420000033 48.137731011000028)","Unfall 187424 (2017) Kat:3, Licht: 2","187424","3","1","0","12","01","5","1","2","1","0","0","0"
"POINT (11.577571695000074 48.142627385000026)","Unfall 187425 (2017) Kat:3, Licht: 0","187425","3","5","2","12","13","5","0","0","1","0","0","0"
"POINT (11.571721628000034 48.156226139000069)","Unfall 187466 (2017) Kat:3, Licht: 0","187466","3","6","0","12","12","4","0","0","0","1","0","1"
"POINT (11.566051298000048 48.187233721000041)","Unfall 187474 (2017) Kat:3, Licht: 0","187474","3","3","5","12","09","4","0","0","0","1","0","0"
"POINT (11.547358227000075 48.159568158000070)","Unfall 187475 (2017) Kat:3, Licht: 2","187475","3","3","5","12","05","4","0","2","0","1","0","0"
"POINT (11.529963365000071 48.182461663000026)","Unfall 187478 (2017) Kat:3, Licht: 2","187478","3","6","2","12","18","4","0","2","0","1","0","0"
"POINT (11.475985739000066 48.108736017000069)","Unfall 187499 (2017) Kat:1, Licht: 2","187499","1","4","6","12","23","3","0","2","0","1","1","0"
"POINT (11.487801697000066 48.166854585000067)","Unfall 187500 (2017) Kat:2, Licht: 0","187500","2","2","5","12","08","3","1","0","1","1","0","0"
"POINT (11.558612576000030 48.136064593000071)","Unfall 187540 (2017) Kat:3, Licht: 0","187540","3","7","1","12","14","7","0","0","0","1","0","0"
"POINT (11.539228460000061 48.125309296000069)","Unfall 187541 (2017) Kat:3, Licht: 0","187541","3","5","0","12","10","7","1","0","1","1","0","0"
"POINT (11.479012732000058 48.099217335000048)","Unfall 187542 (2017) Kat:3, Licht: 0","187542","3","6","2","12","11","7","1","0","0","1","0","0"
"POINT (11.536258790000034 48.146282050000082)","Unfall 187543 (2017) Kat:2, Licht: 0","187543","2","3","5","12","11","7","0","0","0","1","0","0"
"POINT (11.586357269000075 48.133588066000073)","Unfall 187544 (2017) Kat:2, Licht: 2","187544","2","4","6","12","07","7","1","2","0","1","1","0"
"POINT (11.585489869000071 48.178534128000081)","Unfall 187545 (2017) Kat:3, Licht: 2","187545","3","2","5","12","17","7","0","2","1","1","0","0"
"POINT (11.527408785000034 48.183535522000057)","Unfall 187546 (2017) Kat:3, Licht: 0","187546","3","3","5","12","12","7","0","0","0","1","0","0"
"POINT (11.592415654000035 48.115055544000029)","Unfall 187547 (2017) Kat:3, Licht: 0","187547","3","2","0","12","10","7","1","0","0","1","0","1"
"POINT (11.516600803000074 48.114059898000050)","Unfall 187548 (2017) Kat:3, Licht: 0","187548","3","3","5","12","08","7","0","0","1","1","0","0"
"POINT (11.533845158000076 48.112747366000065)","Unfall 187549 (2017) Kat:3, Licht: 2","187549","3","4","6","12","18","7","0","2","0","1","1","0"
"POINT (11.555198550000057 48.137481649000051)","Unfall 187550 (2017) Kat:3, Licht: 2","187550","3","5","0","12","18","7","1","2","1","1","0","0"
"POINT (11.589198740000029 48.137416035000058)","Unfall 187572 (2017) Kat:3, Licht: 2","187572","3","3","5","12","20","6","1","2","0","1","0","0"
"POINT (11.529716735000022 48.182083829000078)","Unfall 187573 (2017) Kat:3, Licht: 0","187573","3","2","5","12","11","6","1","0","0","1","0","0"
"POINT (11.555974907000063 48.124420823000037)","Unfall 187574 (2017) Kat:3, Licht: 2","187574","3","2","5","12","17","6","1","2","0","1","0","0"
"POINT (11.531802921000065 48.152689419000069)","Unfall 187575 (2017) Kat:3, Licht: 2","187575","3","2","5","12","17","6","1","2","1","1","0","0"
"POINT (11.569597741000052 48.139916741000036)","Unfall 187576 (2017) Kat:3, Licht: 1","187576","3","7","2","12","16","6","1","1","1","1","0","0"
"POINT (11.567951540000024 48.140371045000052)","Unfall 187577 (2017) Kat:3, Licht: 0","187577","3","7","6","12","12","6","0","0","0","1","1","0"
"POINT (11.614816061000056 48.115640273000054)","Unfall 187578 (2017) Kat:3, Licht: 2","187578","3","3","0","12","18","6","0","2","0","1","0","0"
"POINT (11.434106173000032 48.149409206000030)","Unfall 187613 (2017) Kat:3, Licht: 1","187613","3","2","6","12","19","5","1","1","0","1","1","0"
"POINT (11.521279622000066 48.181880334000027)","Unfall 187614 (2017) Kat:3, Licht: 2","187614","3","2","6","12","17","5","1","2","0","1","1","0"
"POINT (11.567619197000056 48.176811205000035)","Unfall 187615 (2017) Kat:3, Licht: 1","187615","3","3","5","12","15","5","1","1","1","1","0","0"
"POINT (11.540535643000055 48.118361736000054)","Unfall 187616 (2017) Kat:3, Licht: 1","187616","3","3","5","12","07","5","1","1","1","1","0","0"
"POINT (11.589102680000053 48.201295746000028)","Unfall 187617 (2017) Kat:1, Licht: 2","187617","1","4","6","12","17","5","1","2","0","1","1","0"
"POINT (11.630750382000031 48.128765888000032)","Unfall 187618 (2017) Kat:3, Licht: 0","187618","3","7","5","12","10","5","1","0","0","1","0","0"
"POINT (11.478376048000030 48.197519637000028)","Unfall 187619 (2017) Kat:2, Licht: 2","187619","2","3","5","12","05","5","1","2","0","1","0","0"
"POINT (11.575883198000042 48.128136154000060)","Unfall 187620 (2017) Kat:3, Licht: 2","187620","3","4","6","12","16","5","1","2","0","0","1","0"
"POINT (11.566170996000039 48.187180439000031)","Unfall 187621 (2017) Kat:3, Licht: 2","187621","3","2","4","12","23","5","1","2","0","1","0","0"
"POINT (11.511625963000029 48.156324681000058)","Unfall 187622 (2017) Kat:3, Licht: 2","187622","3","1","0","12","16","5","1","2","0","0","0","1"
"POINT (11.508278888000063 48.098154905000058)","Unfall 187623 (2017) Kat:3, Licht: 2","187623","3","2","5","12","18","5","1","2","0","1","0","0"
"POINT (11.520894920000046 48.073629964000077)","Unfall 187624 (2017) Kat:3, Licht: 1","187624","3","3","5","12","08","5","2","1","0","1","0","0"
"POINT (11.574607236000077 48.118524000000036)","Unfall 187625 (2017) Kat:3, Licht: 2","187625","3","3","5","12","07","5","1","2","1","1","0","0"
"POINT (11.540977980000036 48.124507996000034)","Unfall 187626 (2017) Kat:3, Licht: 0","187626","3","5","0","12","15","5","1","0","1","1","0","0"
"POINT (11.564114001000064 48.163401008000051)","Unfall 187627 (2017) Kat:3, Licht: 2","187627","3","2","6","12","17","5","1","2","0","1","1","0"
"POINT (11.574840344000052 48.133310088000030)","Unfall 187628 (2017) Kat:3, Licht: 0","187628","3","4","6","12","12","5","0","0","0","1","1","0"
"POINT (11.570499797000025 48.167454079000038)","Unfall 187676 (2017) Kat:3, Licht: 0","187676","3","3","5","12","12","4","1","0","0","1","0","0"
"POINT (11.613072264000039 48.138256212000044)","Unfall 187677 (2017) Kat:3, Licht: 0","187677","3","3","5","12","09","4","0","0","0","1","0","0"
"POINT (11.669202459000076 48.139870339000026)","Unfall 187678 (2017) Kat:3, Licht: 2","187678","3","2","4","12","17","4","0","2","0","1","0","0"
"POINT (11.561222370000053 48.130844899000067)","Unfall 187679 (2017) Kat:3, Licht: 2","187679","3","5","1","12","19","4","0","2","0","1","0","1"
"POINT (11.563692665000076 48.148825058000057)","Unfall 187680 (2017) Kat:3, Licht: 2","187680","3","6","2","12","17","4","0","2","0","1","0","0"
"POINT (11.535184755000046 48.182080188000043)","Unfall 187681 (2017) Kat:3, Licht: 0","187681","3","6","2","12","10","4","1","0","0","1","0","0"
"POINT (11.579446261000044 48.146830044000069)","Unfall 187682 (2017) Kat:3, Licht: 2","187682","3","2","5","12","18","4","0","2","1","1","0","0"
"POINT (11.466462618000037 48.185703633000060)","Unfall 187683 (2017) Kat:3, Licht: 2","187683","3","1","4","12","16","4","1","2","0","0","0","1"
"POINT (11.542117803000053 48.153518896000037)","Unfall 187684 (2017) Kat:3, Licht: 1","187684","3","4","6","12","16","4","0","1","0","1","1","0"
"POINT (11.584750089000067 48.158209597000052)","Unfall 187685 (2017) Kat:3, Licht: 0","187685","3","3","5","12","08","4","1","0","1","1","0","0"
"POINT (11.581751769000050 48.151518212000042)","Unfall 187686 (2017) Kat:3, Licht: 1","187686","3","6","2","12","17","4","0","1","0","1","0","0"
"POINT (11.609307302000047 48.089055945000041)","Unfall 187719 (2017) Kat:3, Licht: 2","187719","3","6","2","12","20","3","1","2","0","1","0","0"
"POINT (11.549571431000061 48.145908103000068)","Unfall 187720 (2017) Kat:3, Licht: 0","187720","3","6","3","12","08","3","0","0","1","1","0","0"
"POINT (11.491278241000032 48.136302866000051)","Unfall 187721 (2017) Kat:3, Licht: 1","187721","3","2","5","12","07","3","0","1","1","1","0","0"
"POINT (11.481987553000067 48.106956894000064)","Unfall 187722 (2017) Kat:3, Licht: 1","187722","3","4","0","12","16","3","0","1","0","1","1","0"
"POINT (11.503411222000068 48.125416007000069)","Unfall 187723 (2017) Kat:3, Licht: 0","187723","3","6","2","12","09","3","0","0","0","1","0","0"
"POINT (11.484970542000042 48.136854546000052)","Unfall 187724 (2017) Kat:3, Licht: 0","187724","3","2","5","12","11","3","1","0","1","0","0","0"
"POINT (11.581750702000022 48.117256659000077)","Unfall 187725 (2017) Kat:3, Licht: 0","187725","3","5","1","12","13","3","1","0","1","1","0","0"
"POINT (11.559045533000074 48.122468894000065)","Unfall 187726 (2017) Kat:3, Licht: 0","187726","3","4","6","12","13","3","0","0","1","0","1","0"
"POINT (11.435510236000027 48.163651992000041)","Unfall 187905 (2017) Kat:3, Licht: 2","187905","3","1","0","12","22","1","1","2","1","0","0","0"
"POINT (11.502982187000043 48.125564407000070)","Unfall 187906 (2017) Kat:3, Licht: 0","187906","3","3","5","12","10","1","0","0","0","1","0","0"
"POINT (11.536295907000067 48.176400461000071)","Unfall 187907 (2017) Kat:3, Licht: 0","187907","3","3","5","12","10","1","0","0","0","1","0","0"
"POINT (11.558298324000077 48.161252848000061)","Unfall 187908 (2017) Kat:3, Licht: 0","187908","3","3","5","12","09","1","0","0","1","1","0","0"
"POINT (11.550468973000022 48.188701167000033)","Unfall 187938 (2017) Kat:3, Licht: 0","187938","3","1","2","12","09","6","2","0","0","1","0","0"
"POINT (11.547044522000022 48.139208685000028)","Unfall 187939 (2017) Kat:3, Licht: 2","187939","3","4","6","12","21","6","2","2","0","1","1","0"
"POINT (11.589693740000030 48.137209299000062)","Unfall 187940 (2017) Kat:3, Licht: 0","187940","3","3","5","12","16","6","0","0","0","1","0","0"
"POINT (11.565465750000044 48.138558102000047)","Unfall 187941 (2017) Kat:3, Licht: 0","187941","3","5","0","12","09","6","2","0","1","0","1","0"
"POINT (11.424181869000051 48.174306711000042)","Unfall 187942 (2017) Kat:3, Licht: 2","187942","3","2","3","12","20","6","2","2","0","1","0","0"
"POINT (11.572935636000068 48.129783934000045)","Unfall 187943 (2017) Kat:3, Licht: 0","187943","3","7","6","12","09","6","2","0","0","1","1","0"
"POINT (11.561496553000040 48.146895051000058)","Unfall 187944 (2017) Kat:3, Licht: 0","187944","3","7","0","12","13","6","1","0","1","1","0","0"
"POINT (11.527108500000054 48.182002472000079)","Unfall 187972 (2017) Kat:3, Licht: 2","187972","3","3","8","12","20","5","2","2","0","1","0","0"
"POINT (11.549065350000035 48.125457144000052)","Unfall 187973 (2017) Kat:3, Licht: 0","187973","3","4","6","12","14","5","1","0","0","1","1","0"
"POINT (11.414543287000072 48.146477224000080)","Unfall 187974 (2017) Kat:3, Licht: 1","187974","3","2","6","12","07","5","1","1","0","1","1","0"
"POINT (11.524405290000061 48.080037397000069)","Unfall 187975 (2017) Kat:3, Licht: 0","187975","3","3","5","12","08","5","1","0","0","1","0","0"
"POINT (11.618872340000053 48.118080124000073)","Unfall 72526 (2018) Kat:3, Licht: 1","72526","3","6","2","01","16","3","1","1","0","1","0","0"
"POINT (11.488363162000041 48.086156318000064)","Unfall 72693 (2018) Kat:3, Licht: 0","72693","3","3","5","01","11","4","1","0","0","1","0","0"
"POINT (11.551591330000065 48.186071995000077)","Unfall 72914 (2018) Kat:3, Licht: 0","72914","3","6","2","01","14","3","0","0","0","1","0","0"
"POINT (11.616215849000071 48.113203023000040)","Unfall 73043 (2018) Kat:3, Licht: 0","73043","3","6","2","01","12","3","0","0","0","1","0","0"
"POINT (11.575574136000057 48.110352106000050)","Unfall 73084 (2018) Kat:2, Licht: 2","73084","2","6","1","01","20","4","0","2","0","1","0","0"
"POINT (11.457043101000068 48.153255247000061)","Unfall 73186 (2018) Kat:3, Licht: 0","73186","3","6","2","01","13","3","0","0","0","1","0","0"
"POINT (11.531221900000048 48.187180533000060)","Unfall 73227 (2018) Kat:3, Licht: 2","73227","3","1","9","01","23","7","1","2","0","1","0","0"
"POINT (11.535546385000032 48.146379977000038)","Unfall 73229 (2018) Kat:3, Licht: 2","73229","3","2","6","01","17","7","0","2","0","1","1","0"
"POINT (11.519774916000074 48.072342757000058)","Unfall 73309 (2018) Kat:3, Licht: 2","73309","3","2","6","01","18","6","1","2","0","1","1","0"
"POINT (11.541039919000070 48.184867197000074)","Unfall 73310 (2018) Kat:3, Licht: 0","73310","3","7","9","01","16","2","0","0","0","1","0","0"
"POINT (11.584356189000061 48.187540428000034)","Unfall 73442 (2018) Kat:3, Licht: 0","73442","3","6","2","01","14","5","1","0","0","1","0","0"
"POINT (11.616665167000065 48.154992179000033)","Unfall 73445 (2018) Kat:2, Licht: 2","73445","2","4","6","01","16","5","1","2","0","1","1","0"
"POINT (11.475082095000062 48.145319661000030)","Unfall 73447 (2018) Kat:3, Licht: 2","73447","3","6","2","01","18","5","1","2","0","1","0","0"
"POINT (11.614957185000037 48.129448184000069)","Unfall 73534 (2018) Kat:2, Licht: 0","73534","2","3","5","01","09","2","0","0","1","1","0","0"
"POINT (11.677579845000025 48.119333498000060)","Unfall 73550 (2018) Kat:3, Licht: 0","73550","3","6","1","01","13","5","0","0","1","1","0","0"
"POINT (11.502044518000048 48.143344208000030)","Unfall 73554 (2018) Kat:3, Licht: 0","73554","3","6","3","01","13","5","0","0","0","1","0","0"
"POINT (11.592587527000035 48.175617432000081)","Unfall 73556 (2018) Kat:3, Licht: 2","73556","3","6","0","01","20","5","0","2","0","1","0","0"
"POINT (11.502836684000044 48.143317939000042)","Unfall 73582 (2018) Kat:3, Licht: 2","73582","3","3","5","01","16","2","0","2","1","1","0","0"
"POINT (11.509671663000063 48.106396467000081)","Unfall 73676 (2018) Kat:3, Licht: 0","73676","3","6","2","01","08","3","0","0","0","1","0","0"
"POINT (11.469378804000030 48.209700849000058)","Unfall 73688 (2018) Kat:3, Licht: 2","73688","3","6","3","01","07","5","1","2","0","1","0","0"
"POINT (11.442481920000034 48.174732911000035)","Unfall 73689 (2018) Kat:3, Licht: 2","73689","3","1","2","01","21","3","2","2","0","1","0","0"
"POINT (11.670229321000022 48.138054665000027)","Unfall 73705 (2018) Kat:3, Licht: 0","73705","3","1","2","01","07","3","0","0","0","1","0","0"
"POINT (11.569881967000072 48.111556879000034)","Unfall 73715 (2018) Kat:3, Licht: 0","73715","3","2","0","01","08","6","0","0","0","1","0","1"
"POINT (11.534518852000076 48.137517024000033)","Unfall 73724 (2018) Kat:3, Licht: 0","73724","3","6","2","01","15","6","0","0","0","1","0","0"
"POINT (11.536328796000021 48.146244196000055)","Unfall 73727 (2018) Kat:3, Licht: 1","73727","3","3","5","01","07","6","0","1","0","1","0","0"
"POINT (11.519351424000035 48.122414006000042)","Unfall 73757 (2018) Kat:3, Licht: 2","73757","3","1","7","01","02","7","0","2","0","1","0","0"
"POINT (11.485850158000062 48.208224017000077)","Unfall 73764 (2018) Kat:3, Licht: 2","73764","3","3","5","01","21","1","1","2","0","1","0","0"
"POINT (11.457954467000036 48.206272826000031)","Unfall 73781 (2018) Kat:3, Licht: 1","73781","3","6","2","01","19","2","0","1","0","1","0","0"
"POINT (11.481855750000022 48.209659172000045)","Unfall 73800 (2018) Kat:3, Licht: 2","73800","3","1","8","01","19","6","1","2","0","1","0","0"
"POINT (11.620092677000059 48.120347652000078)","Unfall 73873 (2018) Kat:3, Licht: 0","73873","3","6","2","01","16","4","1","0","0","1","0","0"
"POINT (11.617080165000061 48.130786338000064)","Unfall 73887 (2018) Kat:3, Licht: 0","73887","3","7","3","01","14","6","0","0","0","1","0","0"
"POINT (11.503617690000056 48.215520332000040)","Unfall 73963 (2018) Kat:3, Licht: 2","73963","3","6","0","01","22","4","2","2","0","1","0","0"
"POINT (11.540656202000037 48.176380061000032)","Unfall 73965 (2018) Kat:3, Licht: 2","73965","3","6","2","01","17","6","1","2","0","1","0","0"
"POINT (11.479261527000062 48.123677395000072)","Unfall 74022 (2018) Kat:3, Licht: 0","74022","3","7","8","01","14","4","2","0","0","1","0","0"
"POINT (11.520939291000047 48.073616578000042)","Unfall 74039 (2018) Kat:2, Licht: 0","74039","2","4","6","01","12","6","0","0","0","1","1","0"
"POINT (11.695287656000062 48.115417599000068)","Unfall 74164 (2018) Kat:2, Licht: 2","74164","2","2","6","01","17","2","1","2","0","1","1","0"
"POINT (11.540206477000027 48.175033572000075)","Unfall 74167 (2018) Kat:3, Licht: 2","74167","3","1","8","01","18","1","1","2","0","1","0","0"
"POINT (11.479203483000049 48.145188656000073)","Unfall 74172 (2018) Kat:3, Licht: 0","74172","3","5","1","01","12","1","1","0","0","1","0","0"
"POINT (11.521800627000061 48.189877633000037)","Unfall 74174 (2018) Kat:3, Licht: 2","74174","3","2","2","01","17","1","2","2","0","1","0","0"
"POINT (11.501838532000022 48.125566183000046)","Unfall 74175 (2018) Kat:3, Licht: 2","74175","3","6","2","01","17","1","0","2","0","1","0","0"
"POINT (11.502641445000052 48.143007838000074)","Unfall 74231 (2018) Kat:3, Licht: 0","74231","3","6","2","01","15","2","1","0","0","1","0","0"
"POINT (11.394475570000054 48.143524147000051)","Unfall 74260 (2018) Kat:2, Licht: 0","74260","2","1","3","01","13","1","1","0","0","1","0","0"
"POINT (11.616273339000031 48.194839815000080)","Unfall 74273 (2018) Kat:2, Licht: 0","74273","2","6","2","01","08","1","1","0","0","1","0","0"
"POINT (11.473817423000071 48.209724270000038)","Unfall 74320 (2018) Kat:3, Licht: 0","74320","3","6","3","01","13","3","1","0","0","1","0","0"
"POINT (11.595028492000040 48.177912113000048)","Unfall 74335 (2018) Kat:3, Licht: 2","74335","3","6","2","01","18","3","1","2","0","1","0","0"
"POINT (11.533878135000066 48.134091547000025)","Unfall 74402 (2018) Kat:3, Licht: 1","74402","3","6","2","01","06","2","2","1","0","1","0","0"
"POINT (11.501025412000047 48.143229578000046)","Unfall 74439 (2018) Kat:3, Licht: 2","74439","3","7","0","01","19","1","0","2","1","0","0","0"
"POINT (11.415975343000071 48.167985325000075)","Unfall 74440 (2018) Kat:3, Licht: 2","74440","3","6","2","01","08","5","0","2","0","1","0","0"
"POINT (11.634921447000067 48.232550802000048)","Unfall 74475 (2018) Kat:3, Licht: 0","74475","3","6","2","01","14","6","0","0","0","1","0","0"
"POINT (11.615127345000076 48.112156174000063)","Unfall 74538 (2018) Kat:3, Licht: 0","74538","3","2","5","01","11","7","0","0","0","1","0","0"
"POINT (11.545812791000060 48.176302681000038)","Unfall 74562 (2018) Kat:3, Licht: 2","74562","3","6","2","01","18","1","0","2","0","1","0","0"
"POINT (11.508605686000067 48.105858295000075)","Unfall 74581 (2018) Kat:3, Licht: 2","74581","3","6","2","01","18","4","0","2","0","1","0","0"
"POINT (11.504186516000061 48.103929476000076)","Unfall 74582 (2018) Kat:2, Licht: 2","74582","2","1","8","01","04","5","0","2","0","0","0","1"
"POINT (11.569829026000036 48.104680225000038)","Unfall 74631 (2018) Kat:3, Licht: 2","74631","3","2","5","01","18","3","0","2","0","1","0","0"
"POINT (11.584333550000053 48.195630034000033)","Unfall 74639 (2018) Kat:3, Licht: 2","74639","3","2","5","01","03","3","1","2","0","1","0","0"
"POINT (11.605244127000049 48.180641026000046)","Unfall 74643 (2018) Kat:3, Licht: 0","74643","3","3","5","01","16","3","1","0","0","1","0","0"
"POINT (11.472099531000026 48.145419137000033)","Unfall 74649 (2018) Kat:3, Licht: 2","74649","3","3","5","01","17","3","1","2","1","1","0","0"
"POINT (11.461388010000064 48.149423743000057)","Unfall 74691 (2018) Kat:3, Licht: 2","74691","3","5","1","01","01","1","0","2","0","1","0","0"
"POINT (11.510235280000074 48.106907695000075)","Unfall 74716 (2018) Kat:3, Licht: 0","74716","3","6","2","01","12","7","0","0","0","1","0","0"
"POINT (11.507236048000038 48.125498941000046)","Unfall 74833 (2018) Kat:3, Licht: 0","74833","3","6","2","01","15","4","0","0","0","1","0","0"
"POINT (11.556837265000070 48.178519535000078)","Unfall 74839 (2018) Kat:3, Licht: 0","74839","3","4","6","01","14","3","0","0","0","1","1","0"
"POINT (11.521950231000062 48.189831637000054)","Unfall 74867 (2018) Kat:3, Licht: 0","74867","3","2","5","01","08","4","0","0","0","1","0","0"
"POINT (11.629618376000053 48.128509418000078)","Unfall 74892 (2018) Kat:3, Licht: 0","74892","3","6","3","02","13","6","0","0","0","1","0","0"
"POINT (11.576163650000069 48.111473648000072)","Unfall 74971 (2018) Kat:2, Licht: 2","74971","2","3","5","02","19","6","0","2","0","1","0","0"
"POINT (11.534106443000042 48.086260578000065)","Unfall 74996 (2018) Kat:3, Licht: 0","74996","3","2","5","02","13","5","2","0","0","1","0","0"
"POINT (11.638483974000053 48.239668853000069)","Unfall 75019 (2018) Kat:3, Licht: 1","75019","3","6","3","01","17","3","1","1","0","1","0","0"
"POINT (11.502922540000043 48.214943565000056)","Unfall 75021 (2018) Kat:3, Licht: 0","75021","3","6","3","01","07","3","0","0","0","1","0","0"
"POINT (11.448494319000076 48.146260816000051)","Unfall 75043 (2018) Kat:3, Licht: 0","75043","3","3","5","02","11","6","0","0","1","1","0","0"
"POINT (11.644918361000066 48.126002348000043)","Unfall 75093 (2018) Kat:3, Licht: 2","75093","3","2","5","02","17","5","1","2","0","1","0","0"