WKT,Name,OBJECTID,UKATEGORIE,UTYP1,UART,UMONAT,USTUNDE,UWOCHENTAG,STRZUSTAND,ULICHTVERH,ISTRAD,ISTPKW,ISTFUSS,ISTKRAD
"POINT (11.428097547000050 48.184268477000046)","Unfall 75135 (2018) Kat:3, Licht: 0","75135","3","6","2","02","07","3","0","0","0","1","0","0"
"POINT (11.531940587000065 48.224888939000039)","Unfall 75141 (2018) Kat:3, Licht: 2","75141","3","6","2","02","06","3","0","2","0","1","0","0"
"POINT (11.541238337000038 48.186369112000079)","Unfall 75147 (2018) Kat:3, Licht: 2","75147","3","3","5","02","04","5","2","2","0","1","0","0"
"POINT (11.491782310000076 48.201237258000049)","Unfall 75243 (2018) Kat:3, Licht: 0","75243","3","6","2","02","14","5","2","0","0","1","0","0"
"POINT (11.676854340000034 48.119506279000063)","Unfall 75267 (2018) Kat:3, Licht: 1","75267","3","2","4","02","18","3","1","1","0","1","0","0"
"POINT (11.509480778000068 48.125189419000037)","Unfall 75296 (2018) Kat:3, Licht: 2","75296","3","6","3","02","17","4","2","2","0","1","0","0"
"POINT (11.648478748000059 48.083841055000050)","Unfall 75316 (2018) Kat:3, Licht: 0","75316","3","6","2","02","14","1","1","0","0","1","0","0"
"POINT (11.490652247000071 48.084819471000060)","Unfall 75379 (2018) Kat:3, Licht: 1","75379","3","2","3","02","16","5","2","1","1","1","0","0"
"POINT (11.496572280000066 48.143726442000059)","Unfall 75404 (2018) Kat:3, Licht: 0","75404","3","6","2","02","13","3","0","0","0","1","0","0"
"POINT (11.425328861000025 48.186094700000069)","Unfall 75438 (2018) Kat:3, Licht: 2","75438","3","6","2","02","17","6","0","2","0","1","0","0"
"POINT (11.551503935000028 48.186315823000029)","Unfall 75453 (2018) Kat:3, Licht: 0","75453","3","6","2","02","13","7","0","0","0","1","0","0"
"POINT (11.479528798000047 48.088617592000048)","Unfall 75492 (2018) Kat:3, Licht: 0","75492","3","2","6","02","09","3","0","0","0","1","1","0"
"POINT (11.524284370000032 48.076204699000073)","Unfall 75499 (2018) Kat:3, Licht: 0","75499","3","2","5","02","11","1","2","0","0","1","0","0"
"POINT (11.422798202000024 48.142700361000038)","Unfall 75502 (2018) Kat:3, Licht: 2","75502","3","4","6","02","18","1","1","2","0","1","1","0"
"POINT (11.517343411000070 48.118242422000037)","Unfall 75503 (2018) Kat:3, Licht: 2","75503","3","6","3","02","11","2","0","2","0","1","0","0"
"POINT (11.664696858000070 48.121345446000078)","Unfall 75506 (2018) Kat:3, Licht: 2","75506","3","6","2","02","03","1","0","2","0","1","0","0"
"POINT (11.656048871000053 48.093264647000069)","Unfall 75507 (2018) Kat:3, Licht: 0","75507","3","6","4","02","08","4","0","0","0","1","0","0"
"POINT (11.537608126000066 48.160483244000034)","Unfall 75582 (2018) Kat:3, Licht: 0","75582","3","6","1","02","15","3","0","0","0","1","0","0"
"POINT (11.638845846000038 48.126646194000045)","Unfall 75620 (2018) Kat:3, Licht: 0","75620","3","7","3","02","10","7","0","0","1","0","1","0"
"POINT (11.526084514000047 48.077610723000078)","Unfall 75622 (2018) Kat:2, Licht: 2","75622","2","2","6","02","19","7","1","2","0","1","1","0"
"POINT (11.529968536000069 48.140248624000037)","Unfall 75673 (2018) Kat:3, Licht: 0","75673","3","6","2","02","15","3","0","0","0","1","0","0"
"POINT (11.644631837000077 48.211719100000039)","Unfall 75691 (2018) Kat:3, Licht: 0","75691","3","6","3","02","07","3","0","0","0","1","0","0"
"POINT (11.579033073000062 48.177725128000077)","Unfall 75781 (2018) Kat:3, Licht: 2","75781","3","6","3","02","12","6","0","2","0","1","0","0"
"POINT (11.482014632000073 48.087920983000060)","Unfall 75790 (2018) Kat:3, Licht: 2","75790","3","1","9","02","23","6","2","2","0","1","0","0"
"POINT (11.541296469000031 48.100771340000051)","Unfall 75791 (2018) Kat:3, Licht: 0","75791","3","1","0","02","09","4","1","0","0","0","0","1"
"POINT (11.455822344000069 48.204870662000076)","Unfall 75855 (2018) Kat:3, Licht: 1","75855","3","6","2","02","06","2","1","1","0","1","0","0"
"POINT (11.491159322000044 48.144264726000074)","Unfall 75870 (2018) Kat:3, Licht: 0","75870","3","3","5","02","17","3","0","0","0","1","0","0"
"POINT (11.396268632000044 48.139760947000070)","Unfall 75946 (2018) Kat:3, Licht: 0","75946","3","6","2","02","13","6","0","0","0","0","0","0"
"POINT (11.485069169000042 48.210237386000074)","Unfall 75992 (2018) Kat:3, Licht: 2","75992","3","2","5","02","19","4","1","2","0","1","0","0"
"POINT (11.408239636000076 48.127939813000069)","Unfall 76036 (2018) Kat:2, Licht: 0","76036","2","1","8","02","10","6","0","0","0","1","0","0"
"POINT (11.552943172000028 48.176101559000074)","Unfall 76077 (2018) Kat:3, Licht: 0","76077","3","7","0","02","08","1","1","0","0","1","0","0"
"POINT (11.516427275000069 48.123884051000061)","Unfall 76129 (2018) Kat:3, Licht: 0","76129","3","6","1","02","15","7","2","0","0","1","0","0"
"POINT (11.490277905000028 48.209569345000034)","Unfall 76153 (2018) Kat:2, Licht: 0","76153","2","6","2","02","17","6","0","0","0","1","0","0"
"POINT (11.492407004000029 48.200517419000050)","Unfall 76155 (2018) Kat:3, Licht: 0","76155","3","6","2","02","15","2","1","0","0","1","0","0"
"POINT (11.480216436000035 48.216749778000064)","Unfall 76160 (2018) Kat:3, Licht: 2","76160","3","2","5","02","07","6","1","2","0","1","0","0"
"POINT (11.536427957000058 48.148793084000033)","Unfall 76165 (2018) Kat:3, Licht: 0","76165","3","6","1","02","15","6","1","0","0","1","0","0"
"POINT (11.585569510000028 48.202621198000031)","Unfall 76190 (2018) Kat:2, Licht: 2","76190","2","2","6","02","19","3","1","2","0","1","1","0"
"POINT (11.396356216000072 48.139588650000064)","Unfall 76230 (2018) Kat:2, Licht: 0","76230","2","6","2","02","13","6","0","0","0","1","0","0"
"POINT (11.512507049000021 48.107833580000033)","Unfall 76248 (2018) Kat:3, Licht: 0","76248","3","6","1","02","10","4","0","0","0","1","0","0"
"POINT (11.483859472000063 48.213428238000063)","Unfall 76308 (2018) Kat:3, Licht: 2","76308","3","6","1","02","20","4","2","2","0","1","0","0"
"POINT (11.584983042000033 48.181576347000032)","Unfall 76352 (2018) Kat:3, Licht: 0","76352","3","6","2","02","15","2","1","0","0","1","0","0"
"POINT (11.619977382000059 48.120119024000076)","Unfall 76373 (2018) Kat:3, Licht: 0","76373","3","5","2","02","15","5","0","0","0","1","0","0"
"POINT (11.479824318000055 48.123254098000075)","Unfall 76374 (2018) Kat:3, Licht: 0","76374","3","1","5","02","11","6","1","0","0","1","0","0"
"POINT (11.487411314000042 48.086108105000051)","Unfall 76380 (2018) Kat:3, Licht: 0","76380","3","3","5","02","12","3","2","0","0","1","0","0"
"POINT (11.651650085000028 48.104500166000037)","Unfall 76401 (2018) Kat:3, Licht: 0","76401","3","7","9","02","13","5","1","0","0","1","0","0"
"POINT (11.534001144000058 48.139896522000072)","Unfall 76426 (2018) Kat:3, Licht: 0","76426","3","4","6","02","16","2","0","0","0","0","1","0"
"POINT (11.582080029000053 48.104481438000050)","Unfall 76427 (2018) Kat:3, Licht: 2","76427","3","6","2","02","20","1","0","2","0","1","0","0"
"POINT (11.683396699000070 48.118404652000038)","Unfall 76435 (2018) Kat:3, Licht: 2","76435","3","2","4","03","20","7","1","2","0","1","0","0"
"POINT (11.400937119000048 48.131291461000046)","Unfall 76437 (2018) Kat:3, Licht: 0","76437","3","6","3","03","16","6","0","0","0","1","0","0"
"POINT (11.631269456000041 48.207155136000040)","Unfall 76481 (2018) Kat:3, Licht: 0","76481","3","6","2","03","16","1","0","0","0","1","0","0"
"POINT (11.491337479000038 48.097116232000076)","Unfall 76482 (2018) Kat:3, Licht: 0","76482","3","6","2","02","11","1","0","0","0","1","0","0"
"POINT (11.512303629000030 48.107730380000078)","Unfall 76484 (2018) Kat:3, Licht: 0","76484","3","6","2","02","11","1","0","0","0","1","0","0"
"POINT (11.567783391000034 48.176751861000071)","Unfall 76486 (2018) Kat:3, Licht: 0","76486","3","2","5","03","16","5","0","0","1","1","0","0"
"POINT (11.513350625000044 48.108261231000029)","Unfall 76488 (2018) Kat:3, Licht: 0","76488","3","6","2","02","11","1","0","0","0","1","0","0"
"POINT (11.403243229000054 48.128488843000071)","Unfall 76503 (2018) Kat:3, Licht: 2","76503","3","6","2","02","20","3","0","2","0","1","0","0"
"POINT (11.698537407000060 48.114196728000081)","Unfall 76514 (2018) Kat:3, Licht: 0","76514","3","6","2","02","11","7","0","0","0","1","0","0"
"POINT (11.421967369000072 48.172247609000067)","Unfall 76517 (2018) Kat:3, Licht: 2","76517","3","6","5","02","19","4","0","2","0","1","0","0"
"POINT (11.614523415000065 48.111698452000041)","Unfall 76521 (2018) Kat:3, Licht: 0","76521","3","6","1","02","14","7","0","0","0","1","0","0"
"POINT (11.637551162000022 48.237787027000081)","Unfall 76532 (2018) Kat:3, Licht: 0","76532","3","6","2","03","12","7","0","0","0","1","0","0"
"POINT (11.615409120000038 48.130969370000059)","Unfall 76573 (2018) Kat:3, Licht: 0","76573","3","7","4","03","12","7","0","0","0","1","0","0"
"POINT (11.584733764000077 48.184313795000037)","Unfall 76644 (2018) Kat:2, Licht: 2","76644","2","2","3","02","20","2","1","2","1","1","0","0"
"POINT (11.614461864000077 48.152969235000057)","Unfall 76749 (2018) Kat:3, Licht: 0","76749","3","6","3","02","08","2","0","0","0","1","0","0"
"POINT (11.487434952000058 48.086442486000067)","Unfall 76770 (2018) Kat:3, Licht: 0","76770","3","3","5","02","12","6","1","0","0","1","0","0"
"POINT (11.653797187000066 48.094148177000079)","Unfall 76772 (2018) Kat:3, Licht: 2","76772","3","3","5","02","21","6","2","2","0","1","0","0"
"POINT (11.624759060000031 48.129494275000070)","Unfall 76781 (2018) Kat:3, Licht: 0","76781","3","6","2","02","15","6","0","0","0","1","0","0"
"POINT (11.485411712000030 48.144825815000047)","Unfall 76982 (2018) Kat:3, Licht: 0","76982","3","2","5","03","17","5","0","0","1","1","0","0"
"POINT (11.539960273000077 48.110592699000051)","Unfall 77040 (2018) Kat:3, Licht: 0","77040","3","6","1","03","16","3","0","0","0","1","0","0"
"POINT (11.437020430000075 48.204035491000070)","Unfall 77041 (2018) Kat:3, Licht: 0","77041","3","6","2","03","06","6","0","0","0","1","0","0"
"POINT (11.434441185000026 48.179902998000045)","Unfall 77134 (2018) Kat:2, Licht: 1","77134","2","6","3","03","18","1","0","1","0","1","0","0"
"POINT (11.554688771000031 48.112355250000064)","Unfall 77136 (2018) Kat:3, Licht: 0","77136","3","6","2","03","17","2","0","0","0","1","0","0"
"POINT (11.648878263000029 48.125486734000049)","Unfall 77148 (2018) Kat:3, Licht: 0","77148","3","3","5","03","08","6","0","0","1","1","0","0"
"POINT (11.532733297000050 48.224924473000044)","Unfall 77152 (2018) Kat:3, Licht: 1","77152","3","6","3","03","06","4","0","1","0","1","0","0"
"POINT (11.578694308000024 48.109832720000043)","Unfall 77156 (2018) Kat:3, Licht: 0","77156","3","1","8","03","07","7","0","0","0","1","0","0"
"POINT (11.625114028000041 48.212986996000041)","Unfall 77175 (2018) Kat:3, Licht: 0","77175","3","6","2","03","16","6","0","0","0","1","0","0"
"POINT (11.509480778000068 48.125189419000037)","Unfall 77193 (2018) Kat:3, Licht: 0","77193","3","6","2","03","09","2","0","0","0","1","0","0"
"POINT (11.582299683000031 48.105086756000048)","Unfall 77202 (2018) Kat:3, Licht: 0","77202","3","7","2","03","10","5","0","0","0","1","0","0"
"POINT (11.613405343000068 48.104125920000058)","Unfall 77216 (2018) Kat:3, Licht: 0","77216","3","6","3","03","09","2","1","0","0","1","0","0"
"POINT (11.702320862000022 48.112954686000080)","Unfall 77243 (2018) Kat:3, Licht: 0","77243","3","6","2","03","08","2","1","0","0","1","0","0"
"POINT (11.441995483000028 48.149119920000032)","Unfall 77252 (2018) Kat:3, Licht: 0","77252","3","4","1","03","10","4","0","0","0","1","1","0"
"POINT (11.637585415000046 48.106008210000027)","Unfall 77262 (2018) Kat:3, Licht: 0","77262","3","6","2","03","15","3","0","0","0","1","0","0"
"POINT (11.518427110000061 48.141383404000067)","Unfall 77268 (2018) Kat:3, Licht: 0","77268","3","6","1","03","15","4","0","0","0","1","0","0"
"POINT (11.481589186000065 48.145109733000027)","Unfall 77275 (2018) Kat:3, Licht: 0","77275","3","6","2","03","08","4","0","0","0","1","0","0"
"POINT (11.503894771000034 48.103319714000065)","Unfall 77329 (2018) Kat:3, Licht: 1","77329","3","1","9","03","18","5","0","1","0","1","0","0"
"POINT (11.651128784000036 48.125302642000065)","Unfall 77341 (2018) Kat:3, Licht: 2","77341","3","3","1","03","01","6","0","2","0","1","0","1"
"POINT (11.446446919000039 48.204298736000055)","Unfall 77370 (2018) Kat:3, Licht: 0","77370","3","1","2","03","07","3","1","0","0","1","0","0"
"POINT (11.427491161000034 48.184491416000071)","Unfall 77373 (2018) Kat:3, Licht: 0","77373","3","6","2","03","08","3","0","0","0","1","0","0"
"POINT (11.593423318000077 48.175363684000047)","Unfall 77383 (2018) Kat:3, Licht: 0","77383","3","6","2","03","16","2","0","0","0","1","0","0"
"POINT (11.616169929000023 48.131098204000068)","Unfall 77389 (2018) Kat:3, Licht: 0","77389","3","6","3","03","15","2","0","0","0","1","0","0"
"POINT (11.513936011000055 48.113294378000035)","Unfall 77393 (2018) Kat:3, Licht: 0","77393","3","3","5","03","10","2","0","0","0","1","0","0"
"POINT (11.707816800000046 48.144660397000052)","Unfall 77426 (2018) Kat:3, Licht: 0","77426","3","6","2","03","07","5","0","0","0","1","0","0"
"POINT (11.486070183000038 48.209052647000078)","Unfall 77547 (2018) Kat:3, Licht: 0","77547","3","6","2","03","08","1","2","0","0","1","0","0"
"POINT (11.620273352000027 48.120872754000061)","Unfall 77575 (2018) Kat:3, Licht: 2","77575","3","6","2","03","19","3","0","2","0","1","0","0"
"POINT (11.559371245000023 48.112488518000077)","Unfall 77588 (2018) Kat:3, Licht: 0","77588","3","6","2","03","15","5","0","0","0","1","0","0"
"POINT (11.505474402000061 48.125549975000069)","Unfall 77665 (2018) Kat:2, Licht: 0","77665","2","6","2","03","14","6","0","0","0","1","0","0"
"POINT (11.486047623000047 48.209186900000077)","Unfall 77698 (2018) Kat:3, Licht: 0","77698","3","1","3","03","07","1","2","0","0","1","0","0"
"POINT (11.617384389000051 48.114830948000076)","Unfall 77708 (2018) Kat:3, Licht: 1","77708","3","6","2","03","17","5","0","1","0","1","0","0"
"POINT (11.551765974000034 48.185941507000052)","Unfall 77710 (2018) Kat:3, Licht: 0","77710","3","2","5","03","09","6","1","0","0","1","0","0"
"POINT (11.603948412000022 48.179587001000073)","Unfall 77712 (2018) Kat:3, Licht: 0","77712","3","4","6","03","08","5","0","0","0","1","1","0"
"POINT (11.456243637000057 48.164130110000031)","Unfall 77791 (2018) Kat:3, Licht: 0","77791","3","3","5","03","17","3","0","0","1","1","0","0"
"POINT (11.566876644000047 48.100937175000070)","Unfall 77805 (2018) Kat:3, Licht: 0","77805","3","2","5","03","11","4","1","0","0","1","0","0"
"POINT (11.597760776000030 48.162192526000069)","Unfall 77957 (2018) Kat:3, Licht: 0","77957","3","6","2","03","14","3","1","0","0","1","0","1"
"POINT (11.489663385000028 48.209475251000072)","Unfall 77968 (2018) Kat:3, Licht: 0","77968","3","6","3","03","08","5","0","0","0","1","0","0"
"POINT (11.556988372000035 48.112126182000054)","Unfall 77993 (2018) Kat:3, Licht: 1","77993","3","7","3","03","17","4","0","1","0","1","0","0"
"POINT (11.671770362000075 48.119613094000044)","Unfall 78006 (2018) Kat:3, Licht: 0","78006","3","6","1","03","12","4","1","0","0","1","0","0"
"POINT (11.475015969000026 48.123539756000071)","Unfall 78020 (2018) Kat:3, Licht: 2","78020","3","1","8","03","00","1","1","2","0","1","0","0"
"POINT (11.496861511000077 48.143696712000065)","Unfall 78064 (2018) Kat:3, Licht: 2","78064","3","3","5","03","22","4","0","2","0","1","0","0"
"POINT (11.584331950000035 48.195620142000053)","Unfall 78091 (2018) Kat:3, Licht: 2","78091","3","2","5","03","20","5","1","2","0","1","0","0"
"POINT (11.403125357000022 48.158809149000035)","Unfall 78108 (2018) Kat:3, Licht: 2","78108","3","6","2","03","08","2","0","2","0","1","0","0"
"POINT (11.534663703000035 48.186946484000032)","Unfall 78130 (2018) Kat:3, Licht: 0","78130","3","7","5","03","15","3","0","0","1","1","0","0"
"POINT (11.615930774000049 48.151116393000052)","Unfall 78154 (2018) Kat:3, Licht: 2","78154","3","7","2","03","21","1","0","2","0","1","0","0"
"POINT (11.615485446000037 48.130957405000061)","Unfall 78155 (2018) Kat:3, Licht: 0","78155","3","2","5","03","14","1","0","0","0","1","0","0"
"POINT (11.428162807000035 48.204548835000026)","Unfall 78169 (2018) Kat:3, Licht: 0","78169","3","6","2","03","09","4","1","0","0","1","0","0"
"POINT (11.569725238000046 48.104567137000060)","Unfall 78179 (2018) Kat:3, Licht: 0","78179","3","4","6","03","16","3","0","0","0","1","1","0"
"POINT (11.517779351000058 48.124056429000063)","Unfall 78228 (2018) Kat:3, Licht: 1","78228","3","6","2","03","19","1","0","1","0","1","0","0"
"POINT (11.516871353000056 48.115076760000079)","Unfall 78245 (2018) Kat:3, Licht: 2","78245","3","6","2","03","10","7","0","2","0","1","0","0"
"POINT (11.423795090000056 48.142846817000077)","Unfall 78246 (2018) Kat:3, Licht: 2","78246","3","2","5","03","19","7","0","2","0","1","0","0"
"POINT (11.595312444000058 48.106471134000060)","Unfall 78251 (2018) Kat:3, Licht: 0","78251","3","6","2","03","12","2","0","0","0","1","0","0"
"POINT (11.428162807000035 48.204548835000026)","Unfall 78364 (2018) Kat:3, Licht: 2","78364","3","6","0","03","20","7","0","2","0","1","0","0"
"POINT (11.498930207000058 48.125306536000039)","Unfall 78366 (2018) Kat:3, Licht: 0","78366","3","6","2","03","14","7","0","0","0","1","0","0"
"POINT (11.583902124000076 48.104764275000036)","Unfall 78371 (2018) Kat:3, Licht: 0","78371","3","5","1","03","13","6","0","0","0","1","0","0"
"POINT (11.563159566000024 48.175964126000054)","Unfall 78373 (2018) Kat:3, Licht: 0","78373","3","6","2","03","14","6","0","0","0","1","0","0"
"POINT (11.562476632000028 48.176076667000075)","Unfall 78374 (2018) Kat:3, Licht: 0","78374","3","6","3","03","14","6","0","0","0","1","0","0"
"POINT (11.483675098000049 48.213610947000063)","Unfall 78376 (2018) Kat:3, Licht: 0","78376","3","3","5","03","16","6","0","0","1","1","0","0"
"POINT (11.561897276000025 48.112820971000076)","Unfall 78398 (2018) Kat:3, Licht: 0","78398","3","6","1","03","09","3","1","0","0","1","0","0"
"POINT (11.625526116000060 48.096307558000035)","Unfall 78490 (2018) Kat:2, Licht: 1","78490","2","2","4","03","19","5","0","1","0","1","0","1"
"POINT (11.568634867000071 48.103310487000044)","Unfall 78494 (2018) Kat:3, Licht: 0","78494","3","2","3","03","09","5","0","0","1","0","0","0"
"POINT (11.436748781000063 48.187420044000078)","Unfall 78619 (2018) Kat:3, Licht: 2","78619","3","6","5","03","20","5","1","2","0","1","0","0"
"POINT (11.644508794000046 48.211980777000065)","Unfall 78627 (2018) Kat:3, Licht: 0","78627","3","6","3","03","09","5","0","0","0","1","0","0"
"POINT (11.491646900000035 48.201242726000032)","Unfall 78649 (2018) Kat:3, Licht: 0","78649","3","7","2","03","17","6","0","0","0","1","0","1"
"POINT (11.624126865000051 48.195490072000041)","Unfall 78652 (2018) Kat:3, Licht: 0","78652","3","6","6","03","17","6","0","0","0","1","1","0"
"POINT (11.483853966000027 48.213438920000044)","Unfall 78786 (2018) Kat:3, Licht: 0","78786","3","6","2","04","18","3","0","0","0","1","0","0"
"POINT (11.579777049000029 48.107899213000053)","Unfall 78791 (2018) Kat:3, Licht: 0","78791","3","6","3","04","16","3","0","0","0","1","0","0"
"POINT (11.512132879000035 48.107869203000064)","Unfall 78863 (2018) Kat:3, Licht: 0","78863","3","6","3","04","07","6","0","0","0","1","0","0"
"POINT (11.713433669000040 48.138964989000044)","Unfall 78918 (2018) Kat:2, Licht: 0","78918","2","2","4","04","15","4","0","0","0","1","0","1"
"POINT (11.616194285000063 48.148573907000070)","Unfall 78922 (2018) Kat:3, Licht: 0","78922","3","6","2","04","16","4","0","0","0","1","0","0"
"POINT (11.599545894000073 48.170203819000051)","Unfall 79018 (2018) Kat:2, Licht: 0","79018","2","7","0","04","14","2","0","0","0","1","0","1"
"POINT (11.510183509000058 48.106655822000050)","Unfall 79038 (2018) Kat:3, Licht: 2","79038","3","6","2","04","20","1","0","2","0","1","0","0"
"POINT (11.538266237000073 48.165317081000069)","Unfall 79039 (2018) Kat:3, Licht: 0","79039","3","2","5","04","18","2","0","0","1","0","0","0"
"POINT (11.507536681000033 48.105313754000065)","Unfall 79040 (2018) Kat:3, Licht: 0","79040","3","6","2","04","15","1","0","0","0","1","0","0"
"POINT (11.502049360000058 48.192885380000064)","Unfall 79107 (2018) Kat:3, Licht: 2","79107","3","2","5","04","05","2","0","2","0","1","0","0"
"POINT (11.537037630000043 48.151736100000051)","Unfall 79179 (2018) Kat:3, Licht: 0","79179","3","2","4","04","09","2","0","0","0","1","0","0"
"POINT (11.491732135000063 48.201295207000044)","Unfall 79252 (2018) Kat:3, Licht: 0","79252","3","6","1","04","12","2","0","0","0","1","0","0"
"POINT (11.598952840000038 48.172554023000032)","Unfall 79330 (2018) Kat:3, Licht: 0","79330","3","6","2","04","16","2","0","0","0","1","0","0"
"POINT (11.478618301000040 48.115531423000050)","Unfall 79345 (2018) Kat:3, Licht: 0","79345","3","6","1","04","15","2","0","0","0","1","0","0"
"POINT (11.420548106000069 48.189254750000032)","Unfall 79348 (2018) Kat:2, Licht: 2","79348","2","1","3","04","23","7","0","2","0","1","0","0"
"POINT (11.624469859000044 48.184944229000052)","Unfall 79371 (2018) Kat:3, Licht: 0","79371","3","6","2","04","16","6","0","0","0","1","0","0"
"POINT (11.491274310000051 48.201669675000062)","Unfall 79374 (2018) Kat:3, Licht: 0","79374","3","6","2","04","11","6","0","0","0","1","0","0"
"POINT (11.608281652000073 48.155640236000067)","Unfall 79378 (2018) Kat:3, Licht: 0","79378","3","6","2","04","12","6","0","0","0","1","0","0"
"POINT (11.587239938000039 48.210279952000064)","Unfall 79380 (2018) Kat:3, Licht: 1","79380","3","2","4","04","19","6","0","1","0","1","0","0"
"POINT (11.553041591000067 48.184089461000042)","Unfall 79410 (2018) Kat:3, Licht: 0","79410","3","2","3","04","15","5","0","0","1","1","0","0"
"POINT (11.623922169000025 48.104355692000070)","Unfall 79417 (2018) Kat:3, Licht: 0","79417","3","6","1","04","16","7","0","0","0","1","0","1"
"POINT (11.597555882000051 48.167319346000056)","Unfall 79433 (2018) Kat:3, Licht: 0","79433","3","6","2","04","13","7","0","0","0","1","0","0"
"POINT (11.585005618000025 48.198795941000071)","Unfall 79467 (2018) Kat:3, Licht: 0","79467","3","6","2","04","15","5","0","0","0","1","0","0"
"POINT (11.456378543000028 48.140655878000075)","Unfall 79477 (2018) Kat:3, Licht: 0","79477","3","6","3","04","12","6","0","0","1","1","0","0"
"POINT (11.496137905000069 48.194172456000047)","Unfall 79485 (2018) Kat:2, Licht: 0","79485","2","1","2","04","17","5","0","0","0","1","0","0"
"POINT (11.461698872000056 48.207641004000038)","Unfall 79486 (2018) Kat:2, Licht: 2","79486","2","1","8","04","18","5","0","2","0","1","0","0"
"POINT (11.534406993000061 48.137875572000041)","Unfall 79515 (2018) Kat:3, Licht: 0","79515","3","6","3","04","16","5","0","0","0","1","0","1"
"POINT (11.428909205000025 48.143546507000053)","Unfall 79518 (2018) Kat:3, Licht: 0","79518","3","3","5","04","17","4","0","0","1","1","0","0"
"POINT (11.614006500000073 48.152416547000030)","Unfall 79524 (2018) Kat:3, Licht: 0","79524","3","6","3","04","13","4","0","0","0","1","0","0"
"POINT (11.517174094000040 48.067162836000080)","Unfall 79536 (2018) Kat:3, Licht: 0","79536","3","6","2","04","12","6","0","0","0","1","0","0"
"POINT (11.495593365000047 48.099295617000053)","Unfall 79593 (2018) Kat:3, Licht: 1","79593","3","7","0","04","19","6","0","1","0","0","0","1"
"POINT (11.478851290000023 48.115503114000035)","Unfall 79616 (2018) Kat:3, Licht: 0","79616","3","7","9","04","12","6","0","0","0","1","0","0"
"POINT (11.624547584000027 48.184911183000054)","Unfall 79635 (2018) Kat:3, Licht: 0","79635","3","6","3","04","17","5","0","0","0","1","0","1"
"POINT (11.614464384000030 48.191557938000074)","Unfall 79738 (2018) Kat:3, Licht: 0","79738","3","6","2","04","16","4","0","0","0","1","0","1"
"POINT (11.522815027000036 48.126758333000055)","Unfall 79750 (2018) Kat:3, Licht: 0","79750","3","7","0","04","13","3","0","0","0","0","0","1"
"POINT (11.554421230000059 48.112355761000060)","Unfall 79754 (2018) Kat:3, Licht: 0","79754","3","6","2","04","07","3","0","0","0","1","0","0"
"POINT (11.518693937000023 48.141388375000076)","Unfall 79841 (2018) Kat:2, Licht: 2","79841","2","2","0","04","01","5","0","2","0","1","0","0"
"POINT (11.586295486000040 48.205461321000030)","Unfall 79865 (2018) Kat:3, Licht: 0","79865","3","2","3","04","08","4","0","0","1","0","0","0"
"POINT (11.615922482000030 48.134572856000034)","Unfall 79878 (2018) Kat:3, Licht: 2","79878","3","6","3","04","14","3","0","2","0","1","0","0"
"POINT (11.447654732000046 48.204334373000052)","Unfall 79916 (2018) Kat:3, Licht: 0","79916","3","6","2","04","07","5","0","0","0","1","0","0"
"POINT (11.612124241000060 48.110283809000066)","Unfall 79923 (2018) Kat:3, Licht: 0","79923","3","4","6","04","12","5","0","0","0","1","1","0"
"POINT (11.517583886000068 48.111515629000053)","Unfall 79931 (2018) Kat:3, Licht: 1","79931","3","6","3","04","10","4","0","1","0","1","0","0"
"POINT (11.585705077000057 48.202335019000031)","Unfall 79972 (2018) Kat:2, Licht: 0","79972","2","1","0","04","17","3","1","0","0","0","0","1"
"POINT (11.678248748000044 48.119405731000029)","Unfall 79992 (2018) Kat:3, Licht: 2","79992","3","2","5","04","20","3","0","2","1","1","0","0"
"POINT (11.585855096000046 48.203161577000060)","Unfall 80018 (2018) Kat:3, Licht: 0","80018","3","2","5","04","07","5","0","0","1","1","0","0"
"POINT (11.401731988000051 48.157592966000038)","Unfall 80022 (2018) Kat:3, Licht: 0","80022","3","6","2","04","18","4","0","0","0","1","0","0"
"POINT (11.499627263000036 48.143453784000030)","Unfall 80045 (2018) Kat:2, Licht: 0","80045","2","2","4","04","07","4","0","0","0","1","0","1"
"POINT (11.419548289000033 48.170550518000027)","Unfall 80062 (2018) Kat:3, Licht: 0","80062","3","6","2","04","13","2","1","0","0","1","0","0"
"POINT (11.615086276000056 48.112123820000079)","Unfall 80085 (2018) Kat:3, Licht: 0","80085","3","2","5","04","10","1","0","0","0","1","0","0"
"POINT (11.620206808000034 48.130240281000056)","Unfall 80089 (2018) Kat:3, Licht: 0","80089","3","7","0","04","17","5","0","0","1","0","0","0"
"POINT (11.406325958000025 48.128091851000079)","Unfall 80103 (2018) Kat:3, Licht: 0","80103","3","6","2","04","17","5","0","0","0","1","0","0"
"POINT (11.476778569000032 48.145263093000040)","Unfall 80136 (2018) Kat:3, Licht: 0","80136","3","2","5","04","13","4","0","0","1","1","0","0"
"POINT (11.592560351000031 48.175628836000044)","Unfall 80149 (2018) Kat:3, Licht: 0","80149","3","6","2","04","12","3","0","0","0","1","0","1"
"POINT (11.585487858000022 48.177370998000072)","Unfall 80155 (2018) Kat:3, Licht: 0","80155","3","3","1","04","14","3","0","0","0","1","0","0"
"POINT (11.618827654000029 48.157346748000066)","Unfall 80192 (2018) Kat:3, Licht: 0","80192","3","6","2","04","09","5","0","0","0","1","0","0"
"POINT (11.539070088000074 48.172746103000065)","Unfall 80199 (2018) Kat:3, Licht: 0","80199","3","6","2","04","11","5","0","0","0","1","0","0"
"POINT (11.488367062000066 48.085472429000049)","Unfall 80211 (2018) Kat:3, Licht: 0","80211","3","6","1","04","11","4","0","0","0","1","0","0"