WKT,Name,OBJECTID,UKATEGORIE,UTYP1,UART,UMONAT,USTUNDE,UWOCHENTAG,STRZUSTAND,ULICHTVERH,ISTRAD,ISTPKW,ISTFUSS,ISTKRAD
"POINT (11.537263993000067 48.157355582000037)","Unfall 80239 (2018) Kat:3, Licht: 0","80239","3","6","3","04","15","3","0","0","0","1","0","0"
"POINT (11.584386670000072 48.188687044000062)","Unfall 80250 (2018) Kat:3, Licht: 0","80250","3","6","2","04","14","2","0","0","0","1","0","0"
"POINT (11.510800155000027 48.125010211000074)","Unfall 80305 (2018) Kat:3, Licht: 1","80305","3","6","2","04","18","3","0","1","0","1","0","0"
"POINT (11.497364545000039 48.211804197000049)","Unfall 80328 (2018) Kat:3, Licht: 0","80328","3","6","2","04","16","3","0","0","0","1","0","0"
"POINT (11.487039773000049 48.086569528000041)","Unfall 80353 (2018) Kat:3, Licht: 2","80353","3","7","0","04","21","2","0","2","0","0","0","1"
"POINT (11.549614648000045 48.190362759000038)","Unfall 80356 (2018) Kat:3, Licht: 0","80356","3","6","2","04","13","3","0","0","0","1","0","0"
"POINT (11.502047098000048 48.192885631000081)","Unfall 80360 (2018) Kat:3, Licht: 2","80360","3","2","5","04","23","6","0","2","0","1","0","0"
"POINT (11.490689774000032 48.084803846000057)","Unfall 80369 (2018) Kat:3, Licht: 0","80369","3","3","5","04","17","7","0","0","0","1","0","1"
"POINT (11.513901073000056 48.113203982000073)","Unfall 80372 (2018) Kat:3, Licht: 0","80372","3","3","5","04","09","2","0","0","0","1","0","0"
"POINT (11.644706358000064 48.126031956000077)","Unfall 80425 (2018) Kat:2, Licht: 0","80425","2","2","5","04","08","1","0","0","0","1","0","1"
"POINT (11.651456862000032 48.104715029000033)","Unfall 80449 (2018) Kat:3, Licht: 2","80449","3","3","2","04","20","7","0","2","0","1","0","0"
"POINT (11.541158776000032 48.226074050000079)","Unfall 80535 (2018) Kat:3, Licht: 2","80535","3","1","7","04","23","3","0","2","0","1","0","0"
"POINT (11.538106494000033 48.110592782000026)","Unfall 80541 (2018) Kat:3, Licht: 0","80541","3","5","1","04","15","3","0","0","0","1","0","0"
"POINT (11.416414451000037 48.141807698000036)","Unfall 80548 (2018) Kat:3, Licht: 0","80548","3","6","2","04","17","7","0","0","0","1","0","0"
"POINT (11.637989375000075 48.126670004000061)","Unfall 80557 (2018) Kat:3, Licht: 0","80557","3","1","0","04","12","1","0","0","0","0","0","1"
"POINT (11.453893454000024 48.147859384000071)","Unfall 80563 (2018) Kat:3, Licht: 0","80563","3","6","2","04","09","3","0","0","0","1","0","1"
"POINT (11.494562970000061 48.112255406000031)","Unfall 80662 (2018) Kat:3, Licht: 0","80662","3","2","5","04","18","3","0","0","1","1","0","0"
"POINT (11.501644432000035 48.125900170000079)","Unfall 80717 (2018) Kat:3, Licht: 0","80717","3","6","2","04","15","6","0","0","0","1","0","0"
"POINT (11.429150639000056 48.183569515000045)","Unfall 80722 (2018) Kat:3, Licht: 0","80722","3","6","9","04","18","7","0","0","0","1","0","0"
"POINT (11.683708549000073 48.118358319000038)","Unfall 80779 (2018) Kat:3, Licht: 0","80779","3","2","5","04","10","1","0","0","1","1","0","0"
"POINT (11.546783383000047 48.176167088000057)","Unfall 80806 (2018) Kat:3, Licht: 0","80806","3","6","2","04","15","6","0","0","0","1","0","0"
"POINT (11.617365753000058 48.114537263000045)","Unfall 80933 (2018) Kat:3, Licht: 0","80933","3","2","0","04","18","6","0","0","1","1","0","0"
"POINT (11.409416970000052 48.140803479000056)","Unfall 80935 (2018) Kat:2, Licht: 0","80935","2","1","0","04","14","7","0","0","0","0","0","1"
"POINT (11.508070306000036 48.105587253000067)","Unfall 80960 (2018) Kat:3, Licht: 0","80960","3","6","1","04","16","6","0","0","0","1","0","0"
"POINT (11.537992055000075 48.166025787000081)","Unfall 80961 (2018) Kat:3, Licht: 0","80961","3","2","4","04","17","4","0","0","1","1","0","0"
"POINT (11.533871161000036 48.187005545000034)","Unfall 80970 (2018) Kat:3, Licht: 2","80970","3","2","5","04","22","4","0","2","1","1","0","0"
"POINT (11.556800290000069 48.178412153000068)","Unfall 80974 (2018) Kat:3, Licht: 0","80974","3","2","5","04","09","4","0","0","0","1","0","0"
"POINT (11.521321561000036 48.090486785000053)","Unfall 80976 (2018) Kat:3, Licht: 0","80976","3","2","3","04","07","4","0","0","1","1","0","0"
"POINT (11.614535998000065 48.138344896000035)","Unfall 80980 (2018) Kat:2, Licht: 2","80980","2","6","2","04","11","4","0","2","0","1","0","1"
"POINT (11.541001307000045 48.093946710000068)","Unfall 81035 (2018) Kat:3, Licht: 0","81035","3","3","5","04","08","5","0","0","1","1","0","0"
"POINT (11.461523247000059 48.176813389000074)","Unfall 81036 (2018) Kat:2, Licht: 0","81036","2","6","8","04","19","7","0","0","0","0","0","1"
"POINT (11.584376766000048 48.195882123000047)","Unfall 81039 (2018) Kat:3, Licht: 0","81039","3","2","5","04","17","5","0","0","0","1","0","0"
"POINT (11.498974786000076 48.143504823000058)","Unfall 81052 (2018) Kat:3, Licht: 0","81052","3","6","1","04","16","5","0","0","0","1","0","0"
"POINT (11.601266511000063 48.177137677000076)","Unfall 81060 (2018) Kat:2, Licht: 0","81060","2","4","6","04","18","5","0","0","0","1","1","0"
"POINT (11.581636403000061 48.105909656000051)","Unfall 81065 (2018) Kat:3, Licht: 0","81065","3","3","5","04","14","5","0","0","1","1","0","0"
"POINT (11.534423625000045 48.141667783000059)","Unfall 81090 (2018) Kat:3, Licht: 0","81090","3","7","7","04","06","1","0","0","0","1","0","0"
"POINT (11.587116070000036 48.210612473000026)","Unfall 81111 (2018) Kat:3, Licht: 0","81111","3","6","4","04","17","6","0","0","1","0","0","0"
"POINT (11.634594317000051 48.127298724000070)","Unfall 81116 (2018) Kat:3, Licht: 0","81116","3","2","5","04","16","6","0","0","0","1","0","0"
"POINT (11.493436802000076 48.144033777000061)","Unfall 81211 (2018) Kat:3, Licht: 0","81211","3","2","5","04","15","6","0","0","0","1","0","1"
"POINT (11.419173586000056 48.170300522000048)","Unfall 81370 (2018) Kat:3, Licht: 0","81370","3","6","2","05","08","5","0","0","0","0","0","1"
"POINT (11.480253245000029 48.216714895000052)","Unfall 81380 (2018) Kat:3, Licht: 0","81380","3","2","5","05","19","7","0","0","0","1","0","1"
"POINT (11.651543626000034 48.104507084000034)","Unfall 81387 (2018) Kat:3, Licht: 0","81387","3","3","5","05","13","6","0","0","0","1","0","0"
"POINT (11.581636566000043 48.105909492000080)","Unfall 81423 (2018) Kat:3, Licht: 0","81423","3","3","5","05","12","5","0","0","1","1","0","0"
"POINT (11.616700550000076 48.225847111000064)","Unfall 81459 (2018) Kat:3, Licht: 0","81459","3","6","9","05","18","4","0","0","0","1","0","0"
"POINT (11.470323357000041 48.123798844000078)","Unfall 81469 (2018) Kat:3, Licht: 0","81469","3","6","2","05","18","1","0","0","0","1","0","0"
"POINT (11.534743463000041 48.187008195000033)","Unfall 81470 (2018) Kat:3, Licht: 0","81470","3","2","5","05","13","6","0","0","1","1","0","0"
"POINT (11.517679740000062 48.068445477000068)","Unfall 81476 (2018) Kat:3, Licht: 0","81476","3","6","7","05","14","3","0","0","1","0","0","0"
"POINT (11.627307983000037 48.216959654000050)","Unfall 81479 (2018) Kat:3, Licht: 0","81479","3","6","2","05","07","5","0","0","0","1","0","0"
"POINT (11.537351119000050 48.151681721000045)","Unfall 81511 (2018) Kat:3, Licht: 0","81511","3","7","0","05","09","5","0","0","1","0","0","0"
"POINT (11.535128974000031 48.186913825000033)","Unfall 81550 (2018) Kat:3, Licht: 0","81550","3","6","2","05","18","4","0","0","0","1","0","1"
"POINT (11.683410590000051 48.118402111000080)","Unfall 81569 (2018) Kat:3, Licht: 0","81569","3","7","5","05","15","4","0","0","0","1","0","0"
"POINT (11.531171685000061 48.140278428000045)","Unfall 81582 (2018) Kat:3, Licht: 0","81582","3","6","3","05","10","6","0","0","0","1","0","0"
"POINT (11.585058754000045 48.177963527000031)","Unfall 81608 (2018) Kat:3, Licht: 0","81608","3","6","1","05","13","7","0","0","0","1","0","1"
"POINT (11.494822937000038 48.143898912000054)","Unfall 81636 (2018) Kat:3, Licht: 0","81636","3","6","2","04","17","2","0","0","0","1","0","0"
"POINT (11.577892475000056 48.110232194000048)","Unfall 81641 (2018) Kat:2, Licht: 0","81641","2","6","3","04","14","2","0","0","0","1","0","1"
"POINT (11.570401479000054 48.177514887000029)","Unfall 81653 (2018) Kat:3, Licht: 0","81653","3","3","5","05","05","5","0","0","0","1","0","0"
"POINT (11.512295056000028 48.107726031000027)","Unfall 81654 (2018) Kat:3, Licht: 0","81654","3","6","2","05","15","1","0","0","0","1","0","0"
"POINT (11.636802345000035 48.138733356000046)","Unfall 81798 (2018) Kat:3, Licht: 0","81798","3","6","2","05","17","4","0","0","0","1","0","0"
"POINT (11.541419569000027 48.096411303000082)","Unfall 81867 (2018) Kat:3, Licht: 0","81867","3","2","5","05","06","3","0","0","1","1","0","0"
"POINT (11.502983691000054 48.142964465000034)","Unfall 81888 (2018) Kat:3, Licht: 0","81888","3","2","3","05","11","3","0","0","0","1","0","0"
"POINT (11.530252010000027 48.140338033000035)","Unfall 81934 (2018) Kat:3, Licht: 0","81934","3","2","3","05","16","3","0","0","1","0","0","0"
"POINT (11.635493524000026 48.217912365000075)","Unfall 81969 (2018) Kat:3, Licht: 1","81969","3","1","8","05","20","3","0","1","0","0","0","1"
"POINT (11.607696828000030 48.227664561000040)","Unfall 81978 (2018) Kat:3, Licht: 0","81978","3","6","2","05","15","3","0","0","0","1","0","0"
"POINT (11.702355912000030 48.112807508000060)","Unfall 81987 (2018) Kat:2, Licht: 0","81987","2","4","6","05","08","2","0","0","1","0","1","0"
"POINT (11.706232230000069 48.111991269000043)","Unfall 81988 (2018) Kat:2, Licht: 0","81988","2","6","2","05","19","2","0","0","0","1","0","1"
"POINT (11.536095603000035 48.186913435000065)","Unfall 81991 (2018) Kat:3, Licht: 0","81991","3","6","3","05","18","2","0","0","0","1","0","0"
"POINT (11.584347728000068 48.187687402000051)","Unfall 82001 (2018) Kat:3, Licht: 0","82001","3","2","5","05","08","3","0","0","1","1","0","0"
"POINT (11.616257638000036 48.149767116000078)","Unfall 82051 (2018) Kat:3, Licht: 2","82051","3","6","3","05","14","3","0","2","0","1","0","0"
"POINT (11.617292071000065 48.114655256000049)","Unfall 82080 (2018) Kat:3, Licht: 0","82080","3","6","2","05","12","6","0","0","0","1","0","0"
"POINT (11.508823460000031 48.125280335000070)","Unfall 82186 (2018) Kat:3, Licht: 0","82186","3","6","3","05","14","7","0","0","0","1","0","0"
"POINT (11.537557988000060 48.159721858000069)","Unfall 82248 (2018) Kat:3, Licht: 0","82248","3","3","5","05","18","5","0","0","1","1","0","0"
"POINT (11.435110495000060 48.144424177000076)","Unfall 82251 (2018) Kat:3, Licht: 0","82251","3","2","4","05","16","4","1","0","0","1","0","1"
"POINT (11.446640729000023 48.146014098000080)","Unfall 82254 (2018) Kat:3, Licht: 0","82254","3","6","2","05","08","4","0","0","0","1","0","1"
"POINT (11.474752151000075 48.145330668000042)","Unfall 82255 (2018) Kat:3, Licht: 0","82255","3","5","3","05","09","6","0","0","0","1","0","0"
"POINT (11.465961934000063 48.209659524000074)","Unfall 82260 (2018) Kat:3, Licht: 0","82260","3","6","2","05","07","4","0","0","1","0","0","0"
"POINT (11.634598016000041 48.127297994000060)","Unfall 82264 (2018) Kat:3, Licht: 0","82264","3","7","0","05","18","4","0","0","0","1","0","0"
"POINT (11.615990912000029 48.151341019000029)","Unfall 82277 (2018) Kat:3, Licht: 2","82277","3","6","8","05","01","4","0","2","0","1","0","0"
"POINT (11.527631818000032 48.224083454000038)","Unfall 82305 (2018) Kat:3, Licht: 0","82305","3","6","2","05","11","7","0","0","0","1","0","0"
"POINT (11.487975177000067 48.086074051000026)","Unfall 82322 (2018) Kat:3, Licht: 0","82322","3","6","2","05","18","7","0","0","0","1","0","0"
"POINT (11.597689030000026 48.173762460000034)","Unfall 82354 (2018) Kat:3, Licht: 0","82354","3","6","2","05","17","3","0","0","0","1","0","0"
"POINT (11.471791552000070 48.145428035000066)","Unfall 82368 (2018) Kat:3, Licht: 0","82368","3","1","3","05","11","7","0","0","0","1","0","0"
"POINT (11.581653902000028 48.105892051000069)","Unfall 82414 (2018) Kat:3, Licht: 0","82414","3","3","5","05","08","1","0","0","1","1","0","0"
"POINT (11.500249213000075 48.143341677000080)","Unfall 82420 (2018) Kat:3, Licht: 0","82420","3","7","0","05","17","3","0","0","1","0","0","0"
"POINT (11.480204763000074 48.216760840000063)","Unfall 82511 (2018) Kat:3, Licht: 0","82511","3","2","4","05","07","3","0","0","0","1","0","0"
"POINT (11.595617122000021 48.178797227000075)","Unfall 82570 (2018) Kat:3, Licht: 0","82570","3","6","3","05","16","3","1","0","0","1","0","0"
"POINT (11.471155303000046 48.146527521000053)","Unfall 82604 (2018) Kat:3, Licht: 1","82604","3","1","9","05","20","4","1","1","0","1","0","0"
"POINT (11.614975675000039 48.136875033000081)","Unfall 82658 (2018) Kat:3, Licht: 0","82658","3","2","4","05","09","3","0","0","0","1","0","0"
"POINT (11.615945039000053 48.194166665000068)","Unfall 82669 (2018) Kat:3, Licht: 2","82669","3","6","2","05","20","1","1","2","0","1","0","0"
"POINT (11.554161919000023 48.112556966000056)","Unfall 82678 (2018) Kat:3, Licht: 0","82678","3","6","2","05","17","7","0","0","0","1","0","1"
"POINT (11.478777897000043 48.145201453000027)","Unfall 82681 (2018) Kat:3, Licht: 0","82681","3","6","1","05","19","7","0","0","0","1","0","0"
"POINT (11.551855582000030 48.112308149000057)","Unfall 82683 (2018) Kat:2, Licht: 2","82683","2","7","3","05","21","7","0","2","0","1","0","0"
"POINT (11.645203582000022 48.087842883000064)","Unfall 82839 (2018) Kat:3, Licht: 0","82839","3","5","2","05","18","6","0","0","0","1","0","1"
"POINT (11.496067997000068 48.194215081000038)","Unfall 82858 (2018) Kat:3, Licht: 0","82858","3","6","2","05","14","6","0","0","0","1","0","0"
"POINT (11.584251078000023 48.195929744000068)","Unfall 82861 (2018) Kat:2, Licht: 0","82861","2","2","5","05","07","6","0","0","1","1","0","0"
"POINT (11.473817423000071 48.209724270000038)","Unfall 82938 (2018) Kat:3, Licht: 0","82938","3","6","2","05","13","6","0","0","0","1","0","0"
"POINT (11.502383304000034 48.112155459000064)","Unfall 82981 (2018) Kat:3, Licht: 0","82981","3","7","5","05","16","5","1","0","0","1","0","0"
"POINT (11.541139578000070 48.186156495000034)","Unfall 82983 (2018) Kat:3, Licht: 0","82983","3","6","1","05","18","5","0","0","0","1","0","0"
"POINT (11.599084858000026 48.169698586000038)","Unfall 82992 (2018) Kat:3, Licht: 0","82992","3","6","2","05","09","5","0","0","0","1","0","0"
"POINT (11.602464424000061 48.178215594000051)","Unfall 83001 (2018) Kat:3, Licht: 0","83001","3","4","6","05","17","7","0","0","1","0","1","0"
"POINT (11.407262093000043 48.127999572000078)","Unfall 83007 (2018) Kat:3, Licht: 0","83007","3","1","8","05","05","2","0","0","0","1","0","0"
"POINT (11.479598490000058 48.145175875000064)","Unfall 83051 (2018) Kat:3, Licht: 0","83051","3","3","5","05","16","7","0","0","0","1","0","0"
"POINT (11.606639248000022 48.156307074000040)","Unfall 83066 (2018) Kat:3, Licht: 0","83066","3","6","2","05","17","6","0","0","0","1","0","1"
"POINT (11.484395875000075 48.209444429000030)","Unfall 83067 (2018) Kat:3, Licht: 0","83067","3","6","2","05","16","6","0","0","0","1","0","0"
"POINT (11.614255789000026 48.111505885000042)","Unfall 83080 (2018) Kat:3, Licht: 0","83080","3","6","3","05","15","5","0","0","1","0","0","0"
"POINT (11.536826085000030 48.090165575000071)","Unfall 83121 (2018) Kat:3, Licht: 0","83121","3","7","0","05","19","6","0","0","0","1","0","1"
"POINT (11.683410590000051 48.118402111000080)","Unfall 83140 (2018) Kat:3, Licht: 2","83140","3","6","2","05","03","6","0","2","0","1","0","0"
"POINT (11.411067052000021 48.197744476000025)","Unfall 83191 (2018) Kat:2, Licht: 0","83191","2","1","4","05","15","4","0","0","0","1","0","1"
"POINT (11.485211357000026 48.114178002000074)","Unfall 83224 (2018) Kat:2, Licht: 0","83224","2","6","2","05","08","4","0","0","0","1","0","0"
"POINT (11.517404711000040 48.110444319000067)","Unfall 83228 (2018) Kat:3, Licht: 0","83228","3","6","2","05","09","6","0","0","0","1","0","0"
"POINT (11.456806962000030 48.165276765000044)","Unfall 83253 (2018) Kat:3, Licht: 0","83253","3","1","8","05","09","3","0","0","0","1","0","0"
"POINT (11.653866626000024 48.094125844000075)","Unfall 83254 (2018) Kat:3, Licht: 0","83254","3","2","4","05","15","3","0","0","0","1","0","1"
"POINT (11.441257672000063 48.145654088000072)","Unfall 83258 (2018) Kat:3, Licht: 0","83258","3","3","5","05","10","3","0","0","1","1","0","0"
"POINT (11.585489298000027 48.177784790000032)","Unfall 83262 (2018) Kat:3, Licht: 0","83262","3","2","3","05","11","3","0","0","1","1","0","0"
"POINT (11.612287989000038 48.110355318000074)","Unfall 83265 (2018) Kat:3, Licht: 0","83265","3","2","5","05","09","3","0","0","1","0","0","1"
"POINT (11.522495054000046 48.109908784000027)","Unfall 83311 (2018) Kat:3, Licht: 0","83311","3","6","2","05","15","6","0","0","0","1","0","0"
"POINT (11.664192849000074 48.121516744000076)","Unfall 83375 (2018) Kat:3, Licht: 0","83375","3","6","2","05","12","6","0","0","0","1","0","0"
"POINT (11.564340401000038 48.112996314000043)","Unfall 83395 (2018) Kat:3, Licht: 1","83395","3","6","2","05","21","6","0","1","0","1","0","0"
"POINT (11.671117271000071 48.119559195000079)","Unfall 83462 (2018) Kat:3, Licht: 0","83462","3","2","4","05","13","2","0","0","0","1","0","1"
"POINT (11.598069629000065 48.107289450000053)","Unfall 83463 (2018) Kat:3, Licht: 0","83463","3","6","4","05","10","2","0","0","1","0","0","0"
"POINT (11.522695617000068 48.109996969000065)","Unfall 83469 (2018) Kat:3, Licht: 0","83469","3","6","2","05","14","4","0","0","0","1","0","0"
"POINT (11.643557086000044 48.212620673000060)","Unfall 83565 (2018) Kat:3, Licht: 0","83565","3","6","2","05","10","4","0","0","0","0","0","1"
"POINT (11.418826559000024 48.169891086000064)","Unfall 83591 (2018) Kat:3, Licht: 0","83591","3","6","2","05","10","2","0","0","0","1","0","0"
"POINT (11.419649286000038 48.170617926000034)","Unfall 83601 (2018) Kat:3, Licht: 2","83601","3","6","2","05","08","2","0","2","0","1","0","0"
"POINT (11.539451745000065 48.112867927000082)","Unfall 83610 (2018) Kat:2, Licht: 0","83610","2","7","0","05","08","4","0","0","1","0","0","0"
"POINT (11.620092677000059 48.120347652000078)","Unfall 83636 (2018) Kat:3, Licht: 0","83636","3","2","5","05","14","1","0","0","0","1","0","0"
"POINT (11.537276576000068 48.157539204000045)","Unfall 83680 (2018) Kat:3, Licht: 0","83680","3","7","2","05","14","3","0","0","0","1","0","0"
"POINT (11.397248587000036 48.179722438000056)","Unfall 83681 (2018) Kat:2, Licht: 0","83681","2","2","5","05","18","4","0","0","0","1","0","1"
"POINT (11.540991188000021 48.184653233000063)","Unfall 83698 (2018) Kat:3, Licht: 0","83698","3","1","2","05","20","2","0","0","0","1","0","0"
"POINT (11.462134688000049 48.177068806000079)","Unfall 83702 (2018) Kat:3, Licht: 0","83702","3","2","4","05","08","4","0","0","0","1","0","0"
"POINT (11.469696437000039 48.114888000000064)","Unfall 83793 (2018) Kat:3, Licht: 0","83793","3","3","4","05","19","4","0","0","1","0","0","0"
"POINT (11.522370618000025 48.126426791000029)","Unfall 83801 (2018) Kat:3, Licht: 0","83801","3","3","5","05","06","4","0","0","1","1","0","0"
"POINT (11.496968407000054 48.143686750000029)","Unfall 83870 (2018) Kat:2, Licht: 0","83870","2","7","6","05","15","7","0","0","1","0","1","0"
"POINT (11.622905859000070 48.129776135000043)","Unfall 83874 (2018) Kat:3, Licht: 0","83874","3","2","3","05","16","7","0","0","1","1","0","0"
"POINT (11.615673833000074 48.154115135000040)","Unfall 83882 (2018) Kat:3, Licht: 0","83882","3","3","5","05","13","7","0","0","0","1","0","1"
"POINT (11.478843908000044 48.123235601000033)","Unfall 83941 (2018) Kat:3, Licht: 0","83941","3","6","2","06","08","3","0","0","0","1","0","0"
"POINT (11.657534823000049 48.138840772000037)","Unfall 83946 (2018) Kat:3, Licht: 0","83946","3","1","9","06","12","2","0","0","0","1","0","0"
"POINT (11.549485350000054 48.176136838000048)","Unfall 83955 (2018) Kat:3, Licht: 0","83955","3","6","2","06","07","2","0","0","0","1","0","0"
"POINT (11.539021867000031 48.091410668000037)","Unfall 83956 (2018) Kat:3, Licht: 0","83956","3","2","4","06","19","3","0","0","1","1","0","0"
"POINT (11.667892021000057 48.088520291000066)","Unfall 83976 (2018) Kat:3, Licht: 0","83976","3","6","1","06","16","3","0","0","0","1","0","0"
"POINT (11.593063761000053 48.105935258000045)","Unfall 84054 (2018) Kat:3, Licht: 0","84054","3","3","5","06","08","6","1","0","1","1","0","0"
"POINT (11.534087514000021 48.140088180000078)","Unfall 84057 (2018) Kat:2, Licht: 2","84057","2","3","5","06","02","6","0","2","0","1","0","0"
"POINT (11.625909907000050 48.101695230000075)","Unfall 84061 (2018) Kat:2, Licht: 0","84061","2","5","1","06","17","6","0","0","0","1","0","1"
"POINT (11.474073677000035 48.089366682000048)","Unfall 84063 (2018) Kat:3, Licht: 0","84063","3","1","9","06","18","6","0","0","0","1","0","0"
"POINT (11.530491436000034 48.187444915000071)","Unfall 84069 (2018) Kat:2, Licht: 0","84069","2","1","9","06","15","3","0","0","0","0","0","1"
"POINT (11.495721732000050 48.194255892000058)","Unfall 84094 (2018) Kat:3, Licht: 0","84094","3","6","1","06","07","2","0","0","0","1","0","0"
"POINT (11.424712963000047 48.174233065000067)","Unfall 84106 (2018) Kat:2, Licht: 0","84106","2","6","2","06","17","2","0","0","0","1","0","0"
"POINT (11.522725143000059 48.140824580000071)","Unfall 84183 (2018) Kat:3, Licht: 0","84183","3","3","5","06","13","3","0","0","1","1","0","0"
"POINT (11.522063712000033 48.140980946000070)","Unfall 84258 (2018) Kat:3, Licht: 0","84258","3","3","5","06","15","3","0","0","1","1","0","0"
"POINT (11.495502675000068 48.194422616000054)","Unfall 84264 (2018) Kat:3, Licht: 0","84264","3","6","2","06","18","3","0","0","0","1","0","0"
"POINT (11.436486480000042 48.186819942000056)","Unfall 84299 (2018) Kat:3, Licht: 0","84299","3","6","2","06","18","2","0","0","0","1","0","0"
"POINT (11.584793759000036 48.182091683000067)","Unfall 84317 (2018) Kat:3, Licht: 0","84317","3","6","2","06","19","1","0","0","0","1","0","0"
"POINT (11.554394721000051 48.112355811000043)","Unfall 84355 (2018) Kat:3, Licht: 0","84355","3","6","2","06","07","3","0","0","0","1","0","1"
"POINT (11.541255639000042 48.186449584000059)","Unfall 84372 (2018) Kat:3, Licht: 0","84372","3","1","0","06","08","3","0","0","1","0","0","0"
"POINT (11.598000782000042 48.168188609000026)","Unfall 84416 (2018) Kat:3, Licht: 0","84416","3","6","2","06","14","2","0","0","0","1","0","0"
"POINT (11.601138798000022 48.160016788000064)","Unfall 84478 (2018) Kat:3, Licht: 0","84478","3","6","2","06","14","1","0","0","0","1","0","0"
"POINT (11.612287989000038 48.110355318000074)","Unfall 84487 (2018) Kat:3, Licht: 2","84487","3","2","5","06","21","7","0","2","0","1","0","0"
"POINT (11.619057023000039 48.190983270000061)","Unfall 84588 (2018) Kat:3, Licht: 0","84588","3","4","6","06","13","6","0","0","1","0","1","0"
"POINT (11.649824571000067 48.103417482000054)","Unfall 84640 (2018) Kat:3, Licht: 0","84640","3","5","5","06","15","7","0","0","0","1","0","0"
"POINT (11.541092525000067 48.094110157000046)","Unfall 84662 (2018) Kat:3, Licht: 0","84662","3","3","5","06","10","5","0","0","1","1","0","0"
"POINT (11.599333175000027 48.161319719000062)","Unfall 84678 (2018) Kat:3, Licht: 0","84678","3","6","2","06","19","4","1","0","0","1","0","0"
"POINT (11.573001574000045 48.177813701000048)","Unfall 84680 (2018) Kat:3, Licht: 0","84680","3","4","6","06","18","5","1","0","0","1","1","0"
"POINT (11.456041251000045 48.150642715000060)","Unfall 84703 (2018) Kat:3, Licht: 0","84703","3","7","1","06","08","5","0","0","0","1","0","1"
"POINT (11.553941895000037 48.226792557000067)","Unfall 84707 (2018) Kat:3, Licht: 0","84707","3","1","8","06","16","7","0","0","0","1","0","0"
"POINT (11.397976336000056 48.136510942000029)","Unfall 84710 (2018) Kat:3, Licht: 2","84710","3","1","3","06","22","3","1","2","0","1","0","0"
"POINT (11.495527233000075 48.143830487000059)","Unfall 84721 (2018) Kat:3, Licht: 0","84721","3","1","0","06","14","5","0","0","1","0","0","0"
"POINT (11.585151688000053 48.179488782000078)","Unfall 84763 (2018) Kat:3, Licht: 0","84763","3","2","5","06","08","2","0","0","1","1","0","0"
"POINT (11.407361616000060 48.176512213000080)","Unfall 84912 (2018) Kat:2, Licht: 0","84912","2","4","6","06","08","2","0","0","0","1","1","0"
"POINT (11.551683026000035 48.186096875000032)","Unfall 84941 (2018) Kat:3, Licht: 0","84941","3","2","0","06","16","6","0","0","0","1","0","0"
"POINT (11.593781644000046 48.176048185000070)","Unfall 84947 (2018) Kat:3, Licht: 0","84947","3","1","0","06","07","7","0","0","0","0","0","1"
"POINT (11.586315653000042 48.205556952000052)","Unfall 84962 (2018) Kat:3, Licht: 0","84962","3","2","4","06","18","7","1","0","0","1","0","0"
"POINT (11.411005007000028 48.164942863000078)","Unfall 84996 (2018) Kat:3, Licht: 2","84996","3","6","2","06","18","6","0","2","0","1","0","0"
"POINT (11.501930383000058 48.112063380000052)","Unfall 85012 (2018) Kat:3, Licht: 0","85012","3","6","1","06","16","5","0","0","1","1","0","0"
"POINT (11.579547018000028 48.107994073000043)","Unfall 85013 (2018) Kat:3, Licht: 0","85013","3","2","3","06","19","5","0","0","0","1","0","1"
"POINT (11.557887245000074 48.176170511000066)","Unfall 85074 (2018) Kat:3, Licht: 2","85074","3","3","5","06","20","1","1","2","0","1","0","0"
"POINT (11.456256943000028 48.150967480000077)","Unfall 85085 (2018) Kat:2, Licht: 0","85085","2","2","5","06","18","5","0","0","0","1","0","1"
"POINT (11.540822148000075 48.186493057000064)","Unfall 85099 (2018) Kat:2, Licht: 1","85099","2","7","0","06","05","5","0","1","0","0","0","1"
"POINT (11.537556081000048 48.159692643000028)","Unfall 85127 (2018) Kat:2, Licht: 0","85127","2","3","5","06","17","5","0","0","1","1","0","0"
"POINT (11.512541749000036 48.124601730000052)","Unfall 85140 (2018) Kat:3, Licht: 0","85140","3","6","2","06","18","2","0","0","0","1","0","0"
"POINT (11.639354000000026 48.241408141000079)","Unfall 85180 (2018) Kat:3, Licht: 0","85180","3","6","2","06","10","5","0","0","0","1","0","0"
"POINT (11.567450864000023 48.176542774000040)","Unfall 85196 (2018) Kat:3, Licht: 0","85196","3","3","5","06","12","1","0","0","0","1","0","0"
"POINT (11.634241127000053 48.127462700000081)","Unfall 85200 (2018) Kat:3, Licht: 0","85200","3","2","5","06","14","5","0","0","1","0","0","0"
"POINT (11.587760222000043 48.213003740000033)","Unfall 85236 (2018) Kat:3, Licht: 0","85236","3","6","2","06","13","6","0","0","0","1","0","0"
"POINT (11.656974531000060 48.139426138000033)","Unfall 85240 (2018) Kat:3, Licht: 0","85240","3","6","2","06","09","3","0","0","0","1","0","0"
"POINT (11.628515277000076 48.219400634000067)","Unfall 85257 (2018) Kat:3, Licht: 0","85257","3","1","9","06","17","6","0","0","0","1","0","0"
"POINT (11.613814286000036 48.111097539000070)","Unfall 85260 (2018) Kat:3, Licht: 0","85260","3","1","0","06","08","7","0","0","1","0","0","0"
"POINT (11.488293582000040 48.144554690000064)","Unfall 85341 (2018) Kat:3, Licht: 0","85341","3","7","0","06","07","5","0","0","1","0","0","0"
"POINT (11.701104242000042 48.113300295000045)","Unfall 85376 (2018) Kat:2, Licht: 0","85376","2","7","0","06","11","7","0","0","1","0","0","0"
"POINT (11.512132879000035 48.107869203000064)","Unfall 85384 (2018) Kat:3, Licht: 0","85384","3","6","3","06","12","4","1","0","0","1","0","0"