WKT,Name,OBJECTID,UKATEGORIE,UTYP1,UART,UMONAT,USTUNDE,UWOCHENTAG,STRZUSTAND,ULICHTVERH,ISTRAD,ISTPKW,ISTFUSS,ISTKRAD
"POINT (11.394611817000055 48.146178771000052)","Unfall 89591 (2018) Kat:2, Licht: 0","89591","2","3","5","07","16","1","0","0","0","1","0","1"
"POINT (11.400212738000050 48.139279607000049)","Unfall 89594 (2018) Kat:3, Licht: 0","89594","3","7","0","07","14","1","0","0","1","0","0","0"
"POINT (11.576003571000058 48.111629677000053)","Unfall 89595 (2018) Kat:3, Licht: 0","89595","3","6","2","07","15","2","0","0","0","1","0","1"
"POINT (11.604006280000021 48.179638902000079)","Unfall 89598 (2018) Kat:2, Licht: 0","89598","2","7","6","07","18","2","0","0","1","0","1","0"
"POINT (11.641399620000072 48.213931423000076)","Unfall 89602 (2018) Kat:3, Licht: 0","89602","3","6","3","08","14","4","0","0","0","1","0","0"
"POINT (11.559776127000077 48.112540023000065)","Unfall 89605 (2018) Kat:3, Licht: 0","89605","3","6","2","07","10","2","0","0","0","1","0","0"
"POINT (11.617557713000053 48.126730693000070)","Unfall 89666 (2018) Kat:3, Licht: 0","89666","3","4","6","07","10","3","0","0","0","0","1","1"
"POINT (11.630383783000070 48.128302186000042)","Unfall 89697 (2018) Kat:3, Licht: 0","89697","3","3","5","08","17","5","0","0","0","1","0","0"
"POINT (11.534591505000037 48.142721389000030)","Unfall 89752 (2018) Kat:2, Licht: 0","89752","2","6","3","08","16","5","0","0","0","1","0","1"
"POINT (11.477396668000040 48.145242601000064)","Unfall 89765 (2018) Kat:2, Licht: 0","89765","2","6","3","08","07","4","0","0","0","1","0","1"
"POINT (11.622853250000048 48.129710072000080)","Unfall 89768 (2018) Kat:3, Licht: 0","89768","3","2","5","08","18","4","0","0","1","0","0","0"
"POINT (11.595066814000063 48.174524215000076)","Unfall 89772 (2018) Kat:3, Licht: 0","89772","3","6","2","08","17","4","0","0","0","1","0","0"
"POINT (11.584967976000030 48.181736087000047)","Unfall 89776 (2018) Kat:3, Licht: 0","89776","3","2","5","08","17","4","0","0","1","1","0","0"
"POINT (11.599864678000074 48.172012967000057)","Unfall 89877 (2018) Kat:2, Licht: 0","89877","2","6","3","08","15","5","0","0","0","1","0","1"
"POINT (11.517542633000062 48.141497944000037)","Unfall 89936 (2018) Kat:3, Licht: 0","89936","3","2","4","08","11","5","0","0","1","1","0","0"
"POINT (11.518507897000063 48.121256499000026)","Unfall 90080 (2018) Kat:3, Licht: 0","90080","3","6","3","08","15","1","0","0","0","1","0","0"
"POINT (11.612269392000030 48.110347197000067)","Unfall 90095 (2018) Kat:3, Licht: 0","90095","3","6","2","08","16","7","0","0","0","1","0","0"
"POINT (11.638711904000047 48.215982915000041)","Unfall 90208 (2018) Kat:3, Licht: 0","90208","3","6","3","08","14","3","0","0","0","1","0","0"
"POINT (11.617031515000065 48.114018718000068)","Unfall 90217 (2018) Kat:3, Licht: 2","90217","3","3","5","08","01","1","0","2","1","1","0","0"
"POINT (11.619057056000031 48.118465589000039)","Unfall 90279 (2018) Kat:3, Licht: 0","90279","3","6","2","08","15","6","0","0","0","1","0","0"
"POINT (11.496990021000045 48.112123771000029)","Unfall 90284 (2018) Kat:3, Licht: 0","90284","3","1","0","08","11","6","0","0","1","0","0","0"
"POINT (11.489756408000062 48.113240130000065)","Unfall 90285 (2018) Kat:3, Licht: 0","90285","3","2","3","08","14","6","0","0","0","1","0","1"
"POINT (11.624155428000051 48.138203627000053)","Unfall 90298 (2018) Kat:3, Licht: 0","90298","3","6","3","08","09","5","0","0","0","1","0","0"
"POINT (11.397379492000027 48.137987426000052)","Unfall 90336 (2018) Kat:3, Licht: 0","90336","3","6","2","08","17","5","0","0","0","1","0","0"
"POINT (11.394353976000048 48.143875658000070)","Unfall 90340 (2018) Kat:3, Licht: 0","90340","3","1","3","08","11","6","1","0","0","1","0","0"
"POINT (11.509870628000044 48.125136468000051)","Unfall 90378 (2018) Kat:3, Licht: 0","90378","3","6","3","08","05","7","0","0","0","1","0","0"
"POINT (11.398116952000066 48.138650162000033)","Unfall 90489 (2018) Kat:3, Licht: 0","90489","3","6","1","08","12","6","0","0","0","1","0","0"
"POINT (11.520738652000034 48.124489281000081)","Unfall 90515 (2018) Kat:3, Licht: 0","90515","3","6","3","08","12","5","0","0","0","1","0","1"
"POINT (11.479586564000044 48.124162075000072)","Unfall 90576 (2018) Kat:3, Licht: 0","90576","3","6","2","08","19","5","0","0","0","1","0","0"
"POINT (11.575474115000077 48.110179284000026)","Unfall 90577 (2018) Kat:3, Licht: 0","90577","3","7","6","08","15","3","0","0","1","0","1","0"
"POINT (11.582258075000027 48.104526755000052)","Unfall 90583 (2018) Kat:3, Licht: 0","90583","3","6","1","08","19","3","0","0","0","1","0","1"
"POINT (11.485024528000054 48.211500205000050)","Unfall 90664 (2018) Kat:3, Licht: 0","90664","3","6","3","08","17","3","0","0","0","1","0","0"
"POINT (11.585810565000031 48.202895798000043)","Unfall 90723 (2018) Kat:3, Licht: 0","90723","3","3","5","08","07","3","1","0","1","0","0","0"
"POINT (11.615086276000056 48.112123820000079)","Unfall 90740 (2018) Kat:3, Licht: 0","90740","3","2","5","08","14","5","0","0","0","1","0","0"
"POINT (11.492650246000039 48.084456587000034)","Unfall 90799 (2018) Kat:3, Licht: 0","90799","3","3","5","08","15","1","0","0","1","1","0","0"
"POINT (11.616208715000027 48.113195062000045)","Unfall 90822 (2018) Kat:3, Licht: 0","90822","3","3","5","08","18","2","1","0","1","0","0","1"
"POINT (11.585011428000030 48.178561643000080)","Unfall 90826 (2018) Kat:3, Licht: 0","90826","3","3","5","08","05","5","0","0","1","1","0","0"
"POINT (11.552775510000060 48.082628812000053)","Unfall 90828 (2018) Kat:2, Licht: 0","90828","2","2","5","08","17","3","0","0","0","1","0","1"
"POINT (11.611926393000033 48.186915855000052)","Unfall 90832 (2018) Kat:3, Licht: 0","90832","3","6","2","08","17","2","1","0","0","1","0","0"
"POINT (11.613060448000056 48.187999771000079)","Unfall 90891 (2018) Kat:3, Licht: 0","90891","3","7","0","08","15","3","0","0","1","0","0","0"
"POINT (11.536763859000075 48.186802531000069)","Unfall 90903 (2018) Kat:3, Licht: 0","90903","3","3","5","08","19","4","0","0","1","0","0","1"
"POINT (11.531782614000065 48.132179779000069)","Unfall 90908 (2018) Kat:3, Licht: 0","90908","3","7","2","08","17","5","0","0","0","1","0","0"
"POINT (11.541059448000055 48.094050888000027)","Unfall 90911 (2018) Kat:3, Licht: 0","90911","3","2","4","08","15","3","0","0","1","1","0","0"
"POINT (11.510183509000058 48.106655822000050)","Unfall 90959 (2018) Kat:3, Licht: 0","90959","3","6","2","08","17","1","0","0","0","1","0","0"
"POINT (11.672420074000058 48.119561873000066)","Unfall 90970 (2018) Kat:2, Licht: 2","90970","2","7","0","08","00","4","0","2","0","0","0","1"
"POINT (11.582238633000031 48.104521813000076)","Unfall 90975 (2018) Kat:3, Licht: 0","90975","3","6","3","08","06","5","0","0","0","1","0","0"
"POINT (11.533952933000023 48.135001204000048)","Unfall 90977 (2018) Kat:3, Licht: 2","90977","3","6","2","08","17","3","0","2","0","1","0","0"
"POINT (11.509390870000061 48.218426181000041)","Unfall 90981 (2018) Kat:3, Licht: 0","90981","3","6","1","08","15","6","0","0","0","1","0","0"
"POINT (11.544896347000076 48.111811603000035)","Unfall 90995 (2018) Kat:3, Licht: 2","90995","3","6","2","08","06","5","0","2","0","1","0","1"
"POINT (11.485347483000055 48.123634921000075)","Unfall 91037 (2018) Kat:3, Licht: 0","91037","3","6","3","08","13","5","0","0","0","1","0","1"
"POINT (11.418064050000055 48.142042424000067)","Unfall 91051 (2018) Kat:3, Licht: 0","91051","3","3","5","08","16","4","0","0","0","1","0","0"
"POINT (11.489868814000033 48.144393189000027)","Unfall 91052 (2018) Kat:3, Licht: 0","91052","3","6","2","08","08","7","0","0","0","1","0","0"
"POINT (11.545655920000058 48.196707686000082)","Unfall 91072 (2018) Kat:3, Licht: 0","91072","3","6","0","08","12","2","0","0","0","0","0","1"
"POINT (11.590736949000075 48.090821481000035)","Unfall 91076 (2018) Kat:3, Licht: 0","91076","3","6","2","08","14","7","0","0","0","1","0","0"
"POINT (11.522160958000029 48.109911808000049)","Unfall 91155 (2018) Kat:3, Licht: 0","91155","3","6","2","08","10","3","0","0","0","1","0","0"
"POINT (11.446712887000047 48.146023703000026)","Unfall 91170 (2018) Kat:3, Licht: 0","91170","3","2","4","08","07","6","0","0","1","1","0","0"
"POINT (11.506781418000060 48.142747054000040)","Unfall 91223 (2018) Kat:3, Licht: 0","91223","3","5","1","08","17","3","0","0","1","1","0","0"
"POINT (11.604191702000037 48.108566072000031)","Unfall 91242 (2018) Kat:3, Licht: 0","91242","3","6","1","08","07","3","0","0","0","1","0","0"
"POINT (11.476778569000032 48.145263093000040)","Unfall 91266 (2018) Kat:3, Licht: 0","91266","3","2","5","08","12","7","0","0","1","1","0","0"
"POINT (11.519981101000042 48.123606358000075)","Unfall 91332 (2018) Kat:3, Licht: 0","91332","3","6","2","08","08","4","0","0","0","1","0","0"
"POINT (11.714291690000039 48.110782849000032)","Unfall 91406 (2018) Kat:3, Licht: 0","91406","3","6","3","08","14","3","0","0","1","0","0","0"
"POINT (11.644430978000059 48.126162321000038)","Unfall 91423 (2018) Kat:3, Licht: 0","91423","3","6","2","08","14","3","0","0","1","1","0","0"
"POINT (11.585010651000061 48.178570609000076)","Unfall 91449 (2018) Kat:3, Licht: 0","91449","3","3","5","08","11","7","0","0","1","1","0","0"
"POINT (11.576295034000054 48.111534806000066)","Unfall 91470 (2018) Kat:3, Licht: 0","91470","3","4","6","08","11","1","0","0","0","1","1","0"
"POINT (11.647826042000077 48.098701461000076)","Unfall 91511 (2018) Kat:1, Licht: 0","91511","1","3","5","08","09","6","0","0","1","0","0","0"
"POINT (11.596334571000057 48.179567319000057)","Unfall 91524 (2018) Kat:3, Licht: 0","91524","3","6","2","08","11","6","1","0","0","1","0","0"
"POINT (11.558809683000050 48.176111439000067)","Unfall 91540 (2018) Kat:3, Licht: 0","91540","3","3","5","08","17","5","0","0","0","1","0","0"
"POINT (11.620124600000054 48.120426407000082)","Unfall 91546 (2018) Kat:3, Licht: 0","91546","3","2","2","08","12","5","0","0","1","1","0","0"
"POINT (11.630936344000077 48.169915584000080)","Unfall 91561 (2018) Kat:3, Licht: 0","91561","3","7","1","08","15","1","0","0","0","1","0","1"
"POINT (11.633268612000052 48.210319875000039)","Unfall 91654 (2018) Kat:3, Licht: 0","91654","3","3","5","08","15","1","0","0","1","1","0","0"
"POINT (11.533292339000070 48.090613632000043)","Unfall 91709 (2018) Kat:3, Licht: 0","91709","3","3","0","08","10","7","0","0","0","1","0","0"
"POINT (11.620629144000077 48.124653796000075)","Unfall 91792 (2018) Kat:3, Licht: 2","91792","3","2","5","08","23","4","0","2","0","1","0","0"
"POINT (11.632868240000050 48.127674038000066)","Unfall 91797 (2018) Kat:3, Licht: 0","91797","3","6","3","08","13","6","1","0","0","1","0","1"
"POINT (11.518647383000030 48.141309838000041)","Unfall 91803 (2018) Kat:3, Licht: 0","91803","3","2","4","08","10","4","0","0","1","1","0","0"
"POINT (11.534692093000046 48.143374461000064)","Unfall 91807 (2018) Kat:3, Licht: 0","91807","3","6","2","08","16","4","0","0","0","1","0","0"
"POINT (11.625528502000066 48.096330511000076)","Unfall 91813 (2018) Kat:3, Licht: 0","91813","3","6","1","08","11","4","0","0","0","1","0","1"
"POINT (11.651913151000031 48.125112292000040)","Unfall 91815 (2018) Kat:3, Licht: 0","91815","3","6","2","08","15","4","0","0","0","1","0","0"
"POINT (11.671757660000026 48.119487060000040)","Unfall 91819 (2018) Kat:3, Licht: 0","91819","3","2","1","08","08","2","0","0","0","1","0","1"
"POINT (11.642625707000036 48.213267090000045)","Unfall 91831 (2018) Kat:3, Licht: 0","91831","3","6","3","08","09","2","0","0","0","1","0","0"
"POINT (11.402165720000028 48.158161824000047)","Unfall 91887 (2018) Kat:3, Licht: 2","91887","3","6","2","08","14","6","0","2","0","1","0","0"
"POINT (11.487480023000046 48.144631687000071)","Unfall 91911 (2018) Kat:3, Licht: 0","91911","3","7","3","08","14","7","1","0","0","1","0","0"
"POINT (11.592869770000050 48.105869973000040)","Unfall 91918 (2018) Kat:3, Licht: 0","91918","3","2","3","08","16","2","0","0","1","0","0","1"
"POINT (11.424712963000047 48.174233065000067)","Unfall 91990 (2018) Kat:3, Licht: 0","91990","3","5","1","09","17","2","0","0","0","1","0","0"
"POINT (11.604096056000060 48.108554247000029)","Unfall 92046 (2018) Kat:3, Licht: 0","92046","3","2","5","09","11","7","1","0","0","1","0","0"
"POINT (11.539878841000075 48.186528312000064)","Unfall 92069 (2018) Kat:3, Licht: 0","92069","3","1","0","09","07","3","1","0","0","0","0","1"
"POINT (11.613468097000066 48.103844753000033)","Unfall 92072 (2018) Kat:3, Licht: 0","92072","3","1","8","08","08","5","1","0","0","1","0","0"
"POINT (11.575811412000064 48.110764215000074)","Unfall 92089 (2018) Kat:3, Licht: 2","92089","3","7","6","08","21","6","1","2","0","1","1","0"
"POINT (11.682409532000065 48.118715930000064)","Unfall 92113 (2018) Kat:3, Licht: 0","92113","3","5","1","08","16","4","0","0","0","1","0","0"
"POINT (11.700208414000031 48.113611392000053)","Unfall 92127 (2018) Kat:3, Licht: 0","92127","3","3","5","08","17","4","0","0","0","1","0","1"
"POINT (11.584601044000067 48.184289474000082)","Unfall 92171 (2018) Kat:3, Licht: 0","92171","3","3","5","08","08","5","1","0","1","0","0","0"
"POINT (11.683380071000045 48.118407694000041)","Unfall 92185 (2018) Kat:3, Licht: 0","92185","3","6","4","09","13","7","1","0","0","1","0","0"
"POINT (11.587235916000054 48.104694527000049)","Unfall 92196 (2018) Kat:3, Licht: 0","92196","3","3","5","08","15","6","1","0","0","1","0","0"
"POINT (11.538388599000029 48.110596447000034)","Unfall 92197 (2018) Kat:3, Licht: 0","92197","3","6","2","08","16","5","1","0","0","1","0","0"
"POINT (11.502159393000056 48.192998403000047)","Unfall 92295 (2018) Kat:3, Licht: 2","92295","3","6","2","09","00","7","1","2","0","1","0","0"
"POINT (11.615617186000065 48.151568776000033)","Unfall 92313 (2018) Kat:3, Licht: 0","92313","3","6","2","08","13","6","1","0","0","1","0","0"
"POINT (11.394601571000067 48.146264351000070)","Unfall 92315 (2018) Kat:3, Licht: 0","92315","3","1","8","09","11","1","1","0","0","1","0","0"
"POINT (11.603960054000027 48.179597443000034)","Unfall 92318 (2018) Kat:2, Licht: 0","92318","2","7","4","09","16","2","0","0","0","1","0","0"
"POINT (11.471534489000021 48.115050581000048)","Unfall 92404 (2018) Kat:3, Licht: 0","92404","3","3","5","09","08","2","0","0","0","1","0","0"
"POINT (11.403951868000036 48.159511207000037)","Unfall 92452 (2018) Kat:3, Licht: 0","92452","3","6","2","08","18","4","0","0","0","1","0","0"
"POINT (11.495367471000066 48.143846009000072)","Unfall 92486 (2018) Kat:3, Licht: 0","92486","3","6","4","08","06","3","0","0","1","0","0","0"
"POINT (11.536423984000066 48.149594902000047)","Unfall 92490 (2018) Kat:3, Licht: 0","92490","3","6","1","08","17","3","0","0","1","1","0","0"
"POINT (11.616105759000050 48.130935791000070)","Unfall 92502 (2018) Kat:3, Licht: 0","92502","3","2","4","08","08","3","0","0","1","1","0","0"
"POINT (11.573997773000031 48.177844007000033)","Unfall 92517 (2018) Kat:3, Licht: 0","92517","3","6","2","09","12","7","1","0","0","1","0","0"
"POINT (11.524609254000040 48.076449758000081)","Unfall 92563 (2018) Kat:3, Licht: 1","92563","3","6","2","09","19","5","1","1","0","1","0","0"
"POINT (11.392373795000026 48.146133900000052)","Unfall 92568 (2018) Kat:3, Licht: 0","92568","3","2","4","09","18","5","0","0","0","1","0","0"
"POINT (11.502400899000065 48.112155110000060)","Unfall 92570 (2018) Kat:2, Licht: 2","92570","2","2","5","09","21","5","1","2","0","1","0","0"
"POINT (11.624666064000053 48.163761998000041)","Unfall 92571 (2018) Kat:3, Licht: 0","92571","3","6","2","09","16","6","0","0","0","1","0","0"
"POINT (11.561229179000065 48.112822402000063)","Unfall 92576 (2018) Kat:3, Licht: 0","92576","3","6","2","09","18","5","0","0","0","1","0","0"
"POINT (11.535337838000032 48.226836533000039)","Unfall 92587 (2018) Kat:3, Licht: 1","92587","3","6","1","09","18","5","0","1","0","1","0","0"
"POINT (11.539904842000055 48.107339784000033)","Unfall 92592 (2018) Kat:3, Licht: 0","92592","3","6","2","09","08","5","0","0","0","1","0","0"
"POINT (11.671112100000073 48.119687753000051)","Unfall 92725 (2018) Kat:2, Licht: 0","92725","2","2","3","09","10","7","0","0","1","1","0","0"
"POINT (11.462725932000069 48.208216438000079)","Unfall 92816 (2018) Kat:3, Licht: 0","92816","3","6","1","09","10","1","0","0","0","1","0","0"
"POINT (11.415975343000071 48.167985325000075)","Unfall 92818 (2018) Kat:3, Licht: 0","92818","3","6","2","09","15","5","0","0","0","1","0","0"
"POINT (11.539274173000024 48.173220720000074)","Unfall 92836 (2018) Kat:3, Licht: 0","92836","3","1","9","09","09","4","0","0","0","1","0","0"
"POINT (11.666827787000045 48.120620651000081)","Unfall 92839 (2018) Kat:3, Licht: 0","92839","3","2","3","09","15","4","0","0","1","1","0","0"
"POINT (11.584598222000068 48.184400788000062)","Unfall 92845 (2018) Kat:3, Licht: 2","92845","3","2","4","09","20","4","0","2","0","1","0","1"
"POINT (11.619439732000046 48.125674697000079)","Unfall 92853 (2018) Kat:2, Licht: 2","92853","2","6","2","09","19","4","0","2","0","1","0","0"
"POINT (11.659728798000060 48.123158743000033)","Unfall 92871 (2018) Kat:3, Licht: 0","92871","3","5","3","09","10","7","0","0","1","1","0","0"
"POINT (11.489950819000057 48.144385026000066)","Unfall 92950 (2018) Kat:3, Licht: 0","92950","3","2","5","09","14","1","0","0","1","1","0","0"
"POINT (11.516730933000076 48.124196540000071)","Unfall 92956 (2018) Kat:3, Licht: 0","92956","3","6","2","09","13","6","0","0","0","1","0","0"
"POINT (11.587581374000024 48.095945614000073)","Unfall 92959 (2018) Kat:3, Licht: 2","92959","3","6","1","09","20","7","0","2","0","1","0","0"
"POINT (11.623937467000076 48.223294489000068)","Unfall 93040 (2018) Kat:3, Licht: 2","93040","3","6","2","09","05","2","0","2","0","1","0","0"
"POINT (11.553578483000024 48.183448574000067)","Unfall 93066 (2018) Kat:2, Licht: 0","93066","2","1","0","09","11","7","0","0","1","0","0","0"
"POINT (11.451826659000062 48.204462846000069)","Unfall 93115 (2018) Kat:3, Licht: 0","93115","3","6","2","09","06","5","0","0","0","1","0","0"
"POINT (11.428562324000040 48.183785333000060)","Unfall 93152 (2018) Kat:3, Licht: 0","93152","3","6","2","09","07","5","0","0","0","1","0","0"
"POINT (11.636574377000045 48.105905684000049)","Unfall 93160 (2018) Kat:3, Licht: 0","93160","3","6","2","09","14","5","0","0","0","1","0","0"
"POINT (11.629455190000044 48.221263124000075)","Unfall 93199 (2018) Kat:3, Licht: 0","93199","3","6","2","09","16","6","0","0","0","1","0","0"
"POINT (11.624803931000031 48.092410354000037)","Unfall 93263 (2018) Kat:2, Licht: 2","93263","2","2","5","09","20","4","0","2","1","1","0","0"
"POINT (11.530057933000023 48.140350606000027)","Unfall 93271 (2018) Kat:3, Licht: 0","93271","3","1","2","09","08","4","0","0","0","1","0","1"
"POINT (11.615573453000025 48.144436998000060)","Unfall 93277 (2018) Kat:3, Licht: 1","93277","3","6","2","09","10","4","0","1","0","1","0","0"
"POINT (11.624002075000021 48.195296254000027)","Unfall 93286 (2018) Kat:3, Licht: 0","93286","3","6","1","09","17","4","0","0","0","1","0","0"
"POINT (11.485719102000076 48.208245379000061)","Unfall 93288 (2018) Kat:3, Licht: 0","93288","3","6","2","09","12","4","0","0","0","1","0","0"
"POINT (11.499440224000068 48.086988190000056)","Unfall 93290 (2018) Kat:3, Licht: 0","93290","3","3","5","09","17","4","0","0","1","1","0","0"
"POINT (11.616248212000073 48.149888959000066)","Unfall 93297 (2018) Kat:3, Licht: 0","93297","3","6","2","09","12","4","0","0","0","1","0","0"
"POINT (11.620632637000028 48.121951336000052)","Unfall 93318 (2018) Kat:3, Licht: 0","93318","3","6","2","09","09","3","0","0","0","1","0","0"
"POINT (11.613146801000028 48.153290579000043)","Unfall 93320 (2018) Kat:3, Licht: 0","93320","3","6","2","09","18","3","0","0","0","1","0","0"
"POINT (11.524713174000055 48.128065000000049)","Unfall 93323 (2018) Kat:3, Licht: 0","93323","3","6","3","09","07","3","0","0","0","1","0","1"
"POINT (11.537848841000027 48.165889077000031)","Unfall 93324 (2018) Kat:3, Licht: 2","93324","3","2","5","09","20","3","0","2","1","1","0","0"
"POINT (11.477116094000053 48.115487248000079)","Unfall 93326 (2018) Kat:3, Licht: 0","93326","3","2","5","09","16","3","0","0","1","1","0","0"
"POINT (11.643550647000040 48.126186517000065)","Unfall 93330 (2018) Kat:3, Licht: 0","93330","3","3","5","09","13","3","0","0","1","1","0","0"
"POINT (11.487975178000056 48.086073457000055)","Unfall 93370 (2018) Kat:2, Licht: 0","93370","2","1","9","09","10","1","0","0","0","0","0","1"
"POINT (11.688031993000038 48.117895760000067)","Unfall 93372 (2018) Kat:3, Licht: 2","93372","3","6","3","09","20","7","0","2","1","0","0","0"
"POINT (11.502924236000069 48.087417280000068)","Unfall 93443 (2018) Kat:3, Licht: 0","93443","3","2","4","09","15","6","0","0","1","1","0","0"
"POINT (11.569928011000059 48.104617390000044)","Unfall 93445 (2018) Kat:3, Licht: 0","93445","3","3","5","09","16","6","0","0","0","1","0","0"
"POINT (11.458441271000027 48.146924374000037)","Unfall 93446 (2018) Kat:3, Licht: 1","93446","3","2","2","09","06","6","1","1","0","1","0","1"
"POINT (11.540944369000044 48.184484405000035)","Unfall 93448 (2018) Kat:3, Licht: 0","93448","3","6","2","09","08","6","1","0","0","1","0","0"
"POINT (11.653898016000028 48.094115743000032)","Unfall 93452 (2018) Kat:2, Licht: 2","93452","2","2","4","09","23","6","0","2","0","1","0","1"
"POINT (11.559424300000046 48.112586595000039)","Unfall 93453 (2018) Kat:3, Licht: 0","93453","3","6","1","09","16","6","0","0","0","1","0","0"
"POINT (11.520174116000021 48.123751524000056)","Unfall 93459 (2018) Kat:2, Licht: 0","93459","2","6","3","09","14","1","0","0","0","1","0","0"
"POINT (11.576639702000023 48.111484155000028)","Unfall 93567 (2018) Kat:3, Licht: 0","93567","3","6","2","09","14","1","0","0","0","1","0","0"
"POINT (11.512408032000053 48.142092320000074)","Unfall 93614 (2018) Kat:3, Licht: 2","93614","3","2","5","09","23","1","1","2","0","1","0","0"
"POINT (11.605443876000038 48.156787118000068)","Unfall 93662 (2018) Kat:3, Licht: 0","93662","3","6","2","09","17","3","0","0","0","1","0","0"
"POINT (11.537557988000060 48.159721858000069)","Unfall 93665 (2018) Kat:3, Licht: 0","93665","3","7","0","09","16","3","0","0","0","0","0","1"
"POINT (11.413417948000074 48.141386624000063)","Unfall 93667 (2018) Kat:3, Licht: 0","93667","3","6","2","09","16","3","0","0","0","1","0","0"
"POINT (11.566465988000061 48.176360982000062)","Unfall 93670 (2018) Kat:3, Licht: 0","93670","3","6","2","09","13","3","0","0","0","1","0","0"
"POINT (11.594592260000070 48.164477919000035)","Unfall 93672 (2018) Kat:3, Licht: 0","93672","3","2","4","09","16","3","0","0","0","1","0","1"
"POINT (11.541082751000033 48.101830432000042)","Unfall 93676 (2018) Kat:3, Licht: 0","93676","3","2","2","09","09","3","0","0","0","1","0","1"
"POINT (11.634719119000067 48.232146212000032)","Unfall 93833 (2018) Kat:3, Licht: 0","93833","3","6","2","09","16","5","0","0","0","1","0","0"
"POINT (11.668094218000022 48.088439540000081)","Unfall 93856 (2018) Kat:3, Licht: 0","93856","3","2","3","09","18","2","0","0","1","1","0","0"
"POINT (11.591046176000077 48.105299655000067)","Unfall 93859 (2018) Kat:2, Licht: 0","93859","2","2","6","09","08","2","0","0","0","1","1","0"
"POINT (11.628910599000051 48.220199874000059)","Unfall 93895 (2018) Kat:3, Licht: 1","93895","3","1","9","09","06","4","1","1","0","1","0","0"
"POINT (11.459170106000045 48.146187245000078)","Unfall 93939 (2018) Kat:3, Licht: 0","93939","3","3","0","09","09","3","0","0","0","0","0","0"
"POINT (11.617154320000054 48.196645760000081)","Unfall 93969 (2018) Kat:3, Licht: 0","93969","3","6","2","09","18","5","0","0","0","1","0","0"
"POINT (11.683659560000024 48.118364616000065)","Unfall 93993 (2018) Kat:3, Licht: 0","93993","3","3","5","09","12","3","0","0","1","1","0","0"
"POINT (11.462146630000063 48.177042122000046)","Unfall 94041 (2018) Kat:3, Licht: 2","94041","3","2","4","09","23","1","1","2","0","1","0","0"
"POINT (11.488845572000059 48.095646004000059)","Unfall 94121 (2018) Kat:3, Licht: 2","94121","3","1","8","09","22","1","1","2","0","1","0","0"
"POINT (11.620048765000035 48.120252276000031)","Unfall 94163 (2018) Kat:3, Licht: 0","94163","3","1","0","09","10","3","0","0","1","0","0","0"
"POINT (11.510189917000048 48.106659068000056)","Unfall 94209 (2018) Kat:3, Licht: 0","94209","3","1","1","09","09","3","0","0","0","1","0","0"
"POINT (11.620263235000039 48.120425925000063)","Unfall 94211 (2018) Kat:3, Licht: 1","94211","3","2","5","09","19","1","0","1","0","1","0","1"
"POINT (11.394039114000066 48.147975869000049)","Unfall 94280 (2018) Kat:3, Licht: 0","94280","3","6","2","09","17","6","0","0","0","1","0","0"
"POINT (11.498965716000043 48.212682852000057)","Unfall 94298 (2018) Kat:3, Licht: 0","94298","3","6","2","09","14","6","0","0","0","1","0","0"
"POINT (11.617431903000067 48.126940808000029)","Unfall 94299 (2018) Kat:2, Licht: 0","94299","2","1","9","09","16","1","0","0","0","0","0","1"
"POINT (11.616994399000077 48.130801135000070)","Unfall 94301 (2018) Kat:3, Licht: 0","94301","3","3","6","09","08","5","0","0","0","1","1","0"
"POINT (11.641546366000057 48.213830270000074)","Unfall 94305 (2018) Kat:3, Licht: 0","94305","3","6","3","09","13","2","0","0","0","1","0","0"
"POINT (11.584824437000066 48.181801721000056)","Unfall 94306 (2018) Kat:3, Licht: 2","94306","3","2","5","09","19","5","0","2","0","1","0","0"
"POINT (11.645022451000045 48.089361651000047)","Unfall 94307 (2018) Kat:3, Licht: 0","94307","3","3","5","09","18","5","0","0","0","1","0","0"
"POINT (11.460423528000035 48.149854616000027)","Unfall 94319 (2018) Kat:3, Licht: 0","94319","3","6","1","09","15","5","0","0","0","1","0","0"
"POINT (11.604269795000050 48.157173717000035)","Unfall 94324 (2018) Kat:3, Licht: 0","94324","3","3","2","09","12","5","0","0","0","1","0","0"
"POINT (11.399058558000036 48.155224284000042)","Unfall 94367 (2018) Kat:3, Licht: 0","94367","3","6","2","09","18","2","0","0","0","1","0","0"
"POINT (11.488049645000046 48.094442390000040)","Unfall 94452 (2018) Kat:3, Licht: 0","94452","3","6","2","09","18","1","0","0","0","1","0","0"
"POINT (11.671279871000024 48.119665784000063)","Unfall 94469 (2018) Kat:3, Licht: 0","94469","3","2","4","09","09","6","0","0","0","1","0","0"
"POINT (11.534321326000054 48.140482516000077)","Unfall 94545 (2018) Kat:3, Licht: 0","94545","3","6","2","09","17","6","0","0","0","1","0","0"
"POINT (11.517439177000028 48.110809020000033)","Unfall 94550 (2018) Kat:3, Licht: 2","94550","3","6","2","09","18","5","0","2","0","1","0","0"
"POINT (11.534317242000043 48.140348689000064)","Unfall 94580 (2018) Kat:3, Licht: 0","94580","3","7","5","09","14","5","0","0","1","1","0","0"
"POINT (11.664007888000071 48.121579605000079)","Unfall 94591 (2018) Kat:3, Licht: 0","94591","3","5","1","09","11","5","0","0","0","1","0","0"
"POINT (11.669049523000069 48.138277404000064)","Unfall 94595 (2018) Kat:3, Licht: 2","94595","3","6","3","09","20","5","0","2","0","1","0","0"
"POINT (11.605333323000025 48.156831435000072)","Unfall 94602 (2018) Kat:3, Licht: 1","94602","3","5","2","09","18","4","0","1","0","1","0","0"
"POINT (11.610999242000048 48.186180966000052)","Unfall 94608 (2018) Kat:3, Licht: 0","94608","3","2","5","09","10","4","0","0","0","1","0","0"