WKT,Name,OBJECTID,UKATEGORIE,UTYP1,UART,UMONAT,USTUNDE,UWOCHENTAG,STRZUSTAND,ULICHTVERH,ISTRAD,ISTPKW,ISTFUSS,ISTKRAD
"POINT (11.584407230000068 48.188466051000034)","Unfall 94610 (2018) Kat:3, Licht: 0","94610","3","3","5","09","16","6","0","0","1","1","0","0"
"POINT (11.631199442000025 48.170600038000032)","Unfall 94613 (2018) Kat:3, Licht: 0","94613","3","6","2","09","07","4","0","0","0","1","0","0"
"POINT (11.617315467000026 48.112267016000033)","Unfall 94615 (2018) Kat:3, Licht: 0","94615","3","7","3","09","18","4","0","0","0","1","0","1"
"POINT (11.586317014000031 48.205563404000031)","Unfall 94616 (2018) Kat:3, Licht: 0","94616","3","6","2","09","16","4","0","0","0","1","0","0"
"POINT (11.496137905000069 48.194172456000047)","Unfall 94629 (2018) Kat:3, Licht: 0","94629","3","6","2","09","10","6","0","0","0","1","0","0"
"POINT (11.414728404000073 48.129996413000072)","Unfall 94634 (2018) Kat:3, Licht: 2","94634","3","1","9","09","04","1","0","2","0","0","0","0"
"POINT (11.429513242000041 48.177983366000035)","Unfall 94644 (2018) Kat:3, Licht: 0","94644","3","6","2","09","12","6","0","0","0","1","0","0"
"POINT (11.495703698000057 48.099352641000053)","Unfall 94699 (2018) Kat:3, Licht: 0","94699","3","1","2","09","17","1","0","0","0","1","0","0"
"POINT (11.591220264000071 48.105346219000069)","Unfall 94719 (2018) Kat:3, Licht: 0","94719","3","7","0","09","17","6","0","0","1","1","0","0"
"POINT (11.622963324000068 48.208292770000071)","Unfall 94809 (2018) Kat:3, Licht: 0","94809","3","6","2","09","17","4","0","0","0","1","0","0"
"POINT (11.598042537000026 48.168186277000075)","Unfall 94818 (2018) Kat:3, Licht: 0","94818","3","6","2","09","17","7","0","0","0","1","0","1"
"POINT (11.519358284000077 48.123000864000062)","Unfall 94956 (2018) Kat:3, Licht: 0","94956","3","6","2","10","10","6","0","0","0","1","0","0"
"POINT (11.598000683000066 48.168179177000070)","Unfall 94993 (2018) Kat:3, Licht: 0","94993","3","6","2","10","14","5","0","0","0","1","0","0"
"POINT (11.687462657000026 48.117954468000050)","Unfall 95000 (2018) Kat:3, Licht: 0","95000","3","3","5","10","12","2","0","0","0","1","0","0"
"POINT (11.530347521000067 48.187603221000074)","Unfall 95003 (2018) Kat:3, Licht: 2","95003","3","6","4","10","00","2","0","2","0","1","0","0"
"POINT (11.620107088000054 48.191259653000031)","Unfall 95037 (2018) Kat:3, Licht: 0","95037","3","1","9","10","17","3","0","0","0","1","0","0"
"POINT (11.509078810000062 48.125244792000046)","Unfall 95048 (2018) Kat:2, Licht: 0","95048","2","6","3","10","17","7","0","0","0","1","0","1"
"POINT (11.537608688000034 48.160491768000043)","Unfall 95053 (2018) Kat:3, Licht: 0","95053","3","6","0","10","09","3","1","0","0","0","0","1"
"POINT (11.628477900000064 48.219325066000067)","Unfall 95064 (2018) Kat:3, Licht: 0","95064","3","6","2","10","16","6","0","0","0","1","0","0"
"POINT (11.603903198000069 48.179393123000068)","Unfall 95072 (2018) Kat:2, Licht: 2","95072","2","2","4","10","21","3","0","2","0","1","0","1"
"POINT (11.535523370000021 48.186952970000050)","Unfall 95228 (2018) Kat:3, Licht: 0","95228","3","4","6","09","12","1","0","0","0","1","1","0"
"POINT (11.394886289000056 48.137662887000033)","Unfall 95247 (2018) Kat:3, Licht: 0","95247","3","7","1","10","17","6","0","0","0","1","0","1"
"POINT (11.584658774000047 48.100392000000056)","Unfall 95284 (2018) Kat:3, Licht: 0","95284","3","1","9","10","17","1","0","0","0","1","0","0"
"POINT (11.520907808000061 48.073582754000029)","Unfall 95295 (2018) Kat:3, Licht: 0","95295","3","3","4","10","07","3","0","0","1","1","0","0"
"POINT (11.620299960000068 48.120529525000052)","Unfall 95297 (2018) Kat:3, Licht: 0","95297","3","2","5","10","13","4","0","0","1","1","0","0"
"POINT (11.591401859000030 48.105398077000075)","Unfall 95388 (2018) Kat:3, Licht: 0","95388","3","2","6","10","12","2","0","0","0","1","1","0"
"POINT (11.615412953000032 48.129174447000025)","Unfall 95393 (2018) Kat:1, Licht: 2","95393","1","1","9","10","21","4","0","2","0","0","0","1"
"POINT (11.500596524000059 48.143291519000059)","Unfall 95491 (2018) Kat:3, Licht: 0","95491","3","6","3","10","08","3","0","0","0","1","0","1"
"POINT (11.521161905000042 48.090493353000056)","Unfall 95515 (2018) Kat:3, Licht: 0","95515","3","2","5","10","13","4","0","0","0","1","0","0"
"POINT (11.437094512000044 48.188381407000065)","Unfall 95560 (2018) Kat:3, Licht: 2","95560","3","6","0","10","20","1","0","2","0","1","0","0"
"POINT (11.543218011000022 48.226367158000073)","Unfall 95574 (2018) Kat:3, Licht: 2","95574","3","1","8","10","03","1","1","2","0","1","0","0"
"POINT (11.485102787000073 48.210044903000039)","Unfall 95584 (2018) Kat:3, Licht: 0","95584","3","3","5","10","07","2","1","0","0","1","0","0"
"POINT (11.596338629000059 48.179571470000042)","Unfall 95672 (2018) Kat:3, Licht: 2","95672","3","6","2","10","19","5","0","2","0","1","0","0"
"POINT (11.615395472000046 48.131045175000054)","Unfall 95713 (2018) Kat:3, Licht: 0","95713","3","6","3","10","10","3","0","0","0","1","0","0"
"POINT (11.417877489000034 48.169257897000080)","Unfall 95743 (2018) Kat:3, Licht: 2","95743","3","6","2","10","08","2","0","2","0","1","0","0"
"POINT (11.398119775000055 48.154569911000067)","Unfall 95761 (2018) Kat:1, Licht: 0","95761","1","6","2","10","14","4","0","0","0","0","0","0"
"POINT (11.618754645000024 48.199904722000042)","Unfall 95764 (2018) Kat:3, Licht: 0","95764","3","6","1","10","15","5","0","0","0","1","0","0"
"POINT (11.617505246000064 48.112005964000048)","Unfall 95788 (2018) Kat:3, Licht: 0","95788","3","6","2","10","18","1","0","0","0","1","0","0"
"POINT (11.496113974000025 48.099564683000040)","Unfall 95802 (2018) Kat:3, Licht: 0","95802","3","6","3","10","16","1","0","0","0","1","0","1"
"POINT (11.499013981000076 48.212711573000036)","Unfall 95826 (2018) Kat:3, Licht: 2","95826","3","6","2","10","22","1","0","2","0","1","0","0"
"POINT (11.592848360000062 48.175547360000053)","Unfall 95969 (2018) Kat:2, Licht: 2","95969","2","1","9","10","21","7","0","2","0","1","0","0"
"POINT (11.395265009000070 48.137778589000050)","Unfall 96002 (2018) Kat:3, Licht: 2","96002","3","1","0","10","00","2","0","2","1","0","0","0"
"POINT (11.567701009000075 48.176618354000027)","Unfall 96013 (2018) Kat:3, Licht: 0","96013","3","3","5","10","10","6","0","0","1","1","0","0"
"POINT (11.634611873000040 48.127295262000075)","Unfall 96019 (2018) Kat:3, Licht: 0","96019","3","2","5","10","15","1","0","0","0","1","0","0"
"POINT (11.516974342000026 48.117630167000073)","Unfall 96033 (2018) Kat:3, Licht: 2","96033","3","6","2","10","15","6","0","2","0","1","0","1"
"POINT (11.580203899000026 48.107149060000040)","Unfall 96054 (2018) Kat:3, Licht: 0","96054","3","2","3","10","17","6","0","0","1","1","0","0"
"POINT (11.456542705000061 48.142108203000078)","Unfall 96082 (2018) Kat:3, Licht: 0","96082","3","7","0","10","17","7","0","0","1","0","0","0"
"POINT (11.598292393000065 48.107331379000073)","Unfall 96107 (2018) Kat:3, Licht: 0","96107","3","7","5","10","17","6","0","0","1","1","0","0"
"POINT (11.559371245000023 48.112488518000077)","Unfall 96117 (2018) Kat:3, Licht: 0","96117","3","6","2","10","08","2","0","0","0","1","0","0"
"POINT (11.539855609000028 48.181005081000080)","Unfall 96120 (2018) Kat:2, Licht: 0","96120","2","6","9","10","10","6","0","0","0","1","0","0"
"POINT (11.507767221000051 48.112472479000076)","Unfall 96136 (2018) Kat:3, Licht: 0","96136","3","2","4","10","14","1","0","0","1","1","0","0"
"POINT (11.625199901000030 48.094289069000070)","Unfall 96143 (2018) Kat:3, Licht: 0","96143","3","1","5","10","16","6","0","0","0","1","0","0"
"POINT (11.534776922000049 48.140520886000047)","Unfall 96151 (2018) Kat:3, Licht: 2","96151","3","7","0","10","20","6","0","2","1","0","0","0"
"POINT (11.614552989000060 48.153022265000061)","Unfall 96176 (2018) Kat:3, Licht: 0","96176","3","6","3","10","13","7","0","0","0","0","0","1"
"POINT (11.465617943000041 48.123846309000044)","Unfall 96239 (2018) Kat:3, Licht: 0","96239","3","6","2","10","15","6","0","0","0","1","0","0"
"POINT (11.517779351000058 48.124056429000063)","Unfall 96247 (2018) Kat:3, Licht: 0","96247","3","6","2","10","14","6","0","0","0","1","0","0"
"POINT (11.421872288000031 48.172179969000069)","Unfall 96272 (2018) Kat:2, Licht: 0","96272","2","6","2","10","13","1","0","0","0","1","0","0"
"POINT (11.620252885000070 48.120396728000060)","Unfall 96312 (2018) Kat:3, Licht: 0","96312","3","2","4","10","13","5","0","0","0","1","0","1"
"POINT (11.661490374000039 48.122549953000032)","Unfall 96317 (2018) Kat:2, Licht: 0","96317","2","5","1","10","07","5","0","0","0","1","0","0"
"POINT (11.545609719000026 48.196782079000059)","Unfall 96319 (2018) Kat:2, Licht: 2","96319","2","2","4","10","19","5","0","2","0","1","0","1"
"POINT (11.480345965000026 48.216627026000026)","Unfall 96322 (2018) Kat:3, Licht: 0","96322","3","6","3","10","13","5","0","0","0","1","0","1"
"POINT (11.609423741000057 48.184601783000062)","Unfall 96329 (2018) Kat:3, Licht: 0","96329","3","6","2","10","15","5","0","0","0","1","0","0"
"POINT (11.616613130000076 48.132968023000046)","Unfall 96368 (2018) Kat:3, Licht: 0","96368","3","6","2","10","06","4","0","0","0","1","0","0"
"POINT (11.587075600000048 48.210409456000036)","Unfall 96395 (2018) Kat:3, Licht: 0","96395","3","6","3","10","16","5","0","0","0","1","0","0"
"POINT (11.528339063000033 48.090588901000046)","Unfall 96421 (2018) Kat:3, Licht: 2","96421","3","4","1","10","18","7","0","2","0","1","1","1"
"POINT (11.558204619000037 48.176271945000053)","Unfall 96492 (2018) Kat:3, Licht: 0","96492","3","2","3","10","15","4","0","0","0","1","0","1"
"POINT (11.581735704000039 48.104659000000026)","Unfall 96511 (2018) Kat:3, Licht: 0","96511","3","6","2","10","10","5","0","0","0","1","0","0"
"POINT (11.629245695000066 48.182910971000069)","Unfall 96638 (2018) Kat:3, Licht: 0","96638","3","6","2","10","16","5","0","0","0","1","0","0"
"POINT (11.584925360000057 48.182131645000027)","Unfall 96661 (2018) Kat:3, Licht: 0","96661","3","6","1","10","17","2","0","0","0","1","0","1"
"POINT (11.534582270000044 48.141830282000058)","Unfall 96689 (2018) Kat:3, Licht: 0","96689","3","6","2","10","08","2","0","0","0","1","0","0"
"POINT (11.502929186000074 48.214947591000055)","Unfall 96727 (2018) Kat:3, Licht: 0","96727","3","6","1","10","15","4","0","0","0","0","0","0"
"POINT (11.543269834000057 48.226244245000032)","Unfall 96732 (2018) Kat:3, Licht: 0","96732","3","6","3","10","12","4","0","0","0","1","0","0"
"POINT (11.568420264000054 48.176944002000027)","Unfall 96741 (2018) Kat:3, Licht: 0","96741","3","6","3","10","17","4","0","0","0","1","0","0"
"POINT (11.573407113000030 48.111980094000046)","Unfall 96762 (2018) Kat:3, Licht: 0","96762","3","6","3","10","16","5","0","0","0","1","0","1"
"POINT (11.616076214000032 48.130940330000044)","Unfall 96783 (2018) Kat:3, Licht: 0","96783","3","6","3","10","07","3","0","0","0","1","0","0"
"POINT (11.536721410000041 48.149307346000057)","Unfall 96788 (2018) Kat:3, Licht: 2","96788","3","6","2","10","19","3","0","2","0","1","0","0"
"POINT (11.534625417000029 48.139946478000070)","Unfall 96803 (2018) Kat:2, Licht: 2","96803","2","2","5","10","22","3","0","2","0","1","0","0"
"POINT (11.491672647000030 48.112845019000076)","Unfall 96809 (2018) Kat:3, Licht: 0","96809","3","5","1","10","07","3","0","0","0","1","0","0"
"POINT (11.501659011000072 48.143361722000066)","Unfall 96815 (2018) Kat:3, Licht: 0","96815","3","7","0","10","10","3","0","0","0","1","0","0"
"POINT (11.479517273000056 48.088539545000060)","Unfall 96824 (2018) Kat:3, Licht: 0","96824","3","7","4","10","12","3","0","0","0","1","0","0"
"POINT (11.603958191000061 48.157424648000074)","Unfall 96827 (2018) Kat:2, Licht: 2","96827","2","1","0","10","02","1","0","2","1","0","0","0"
"POINT (11.615095835000034 48.135967603000040)","Unfall 96884 (2018) Kat:3, Licht: 0","96884","3","6","9","10","09","5","0","0","1","0","0","0"
"POINT (11.598000876000071 48.168197491000058)","Unfall 96912 (2018) Kat:3, Licht: 0","96912","3","1","0","10","15","7","0","0","0","0","0","1"
"POINT (11.704521104000037 48.112330177000047)","Unfall 96914 (2018) Kat:2, Licht: 0","96914","2","2","5","10","09","2","0","0","1","1","0","0"
"POINT (11.620784443000048 48.159607700000038)","Unfall 96940 (2018) Kat:3, Licht: 0","96940","3","3","5","10","15","2","0","0","1","1","0","0"
"POINT (11.549854985000024 48.076432431000057)","Unfall 96944 (2018) Kat:3, Licht: 2","96944","3","1","0","10","02","1","0","2","1","0","0","0"
"POINT (11.612600029000077 48.185744791000047)","Unfall 96952 (2018) Kat:3, Licht: 0","96952","3","6","3","10","10","4","0","0","0","1","0","0"
"POINT (11.618450205000045 48.199696082000060)","Unfall 96954 (2018) Kat:3, Licht: 0","96954","3","6","2","10","13","7","0","0","0","1","0","0"
"POINT (11.563641094000047 48.095796639000071)","Unfall 97048 (2018) Kat:3, Licht: 2","97048","3","2","5","10","17","4","1","2","0","1","0","0"
"POINT (11.585060426000041 48.177938734000065)","Unfall 97147 (2018) Kat:3, Licht: 2","97147","3","2","5","10","19","5","0","2","1","1","0","0"
"POINT (11.467791831000056 48.209588777000079)","Unfall 97153 (2018) Kat:3, Licht: 0","97153","3","6","3","10","10","6","0","0","0","1","0","0"
"POINT (11.504548770000042 48.125636088000078)","Unfall 97189 (2018) Kat:3, Licht: 0","97189","3","6","2","10","16","4","1","0","0","1","0","0"
"POINT (11.640831103000039 48.138884907000033)","Unfall 97206 (2018) Kat:3, Licht: 0","97206","3","6","2","10","16","4","1","0","0","1","0","0"
"POINT (11.683953881000036 48.118453758000044)","Unfall 97215 (2018) Kat:3, Licht: 0","97215","3","1","0","10","09","5","1","0","0","0","0","1"
"POINT (11.533539243000064 48.187104532000035)","Unfall 97311 (2018) Kat:3, Licht: 0","97311","3","6","0","10","14","7","1","0","0","0","0","0"
"POINT (11.475163179000049 48.209731461000047)","Unfall 97325 (2018) Kat:2, Licht: 0","97325","2","6","0","10","09","2","1","0","0","1","0","0"
"POINT (11.543092858000023 48.111400136000043)","Unfall 97377 (2018) Kat:3, Licht: 0","97377","3","6","2","10","17","7","1","0","0","1","0","0"
"POINT (11.620468464000055 48.124696602000029)","Unfall 97410 (2018) Kat:3, Licht: 0","97410","3","2","4","10","11","6","0","0","0","1","0","0"
"POINT (11.590020351000021 48.176777280000067)","Unfall 97412 (2018) Kat:3, Licht: 0","97412","3","3","5","10","15","6","0","0","1","1","0","0"
"POINT (11.694427542000028 48.115958438000064)","Unfall 97590 (2018) Kat:3, Licht: 0","97590","3","7","6","11","15","6","0","0","0","1","1","0"
"POINT (11.584383537000065 48.188722904000031)","Unfall 97594 (2018) Kat:3, Licht: 0","97594","3","6","1","11","10","6","0","0","0","1","0","1"
"POINT (11.584683084000062 48.197380449000036)","Unfall 97604 (2018) Kat:3, Licht: 1","97604","3","6","2","10","17","4","0","1","0","1","0","0"
"POINT (11.484288932000027 48.144925738000040)","Unfall 97606 (2018) Kat:3, Licht: 1","97606","3","2","3","10","20","4","0","1","1","1","0","0"
"POINT (11.584599455000046 48.184308719000057)","Unfall 97641 (2018) Kat:3, Licht: 0","97641","3","2","5","11","12","1","0","0","0","1","0","1"
"POINT (11.603868651000028 48.179360857000063)","Unfall 97642 (2018) Kat:2, Licht: 0","97642","2","2","4","11","08","5","0","0","0","1","0","1"
"POINT (11.504088493000040 48.112189663000038)","Unfall 97663 (2018) Kat:3, Licht: 0","97663","3","5","1","11","12","6","0","0","1","1","0","0"
"POINT (11.646420037000041 48.210465102000057)","Unfall 97678 (2018) Kat:3, Licht: 0","97678","3","6","3","11","08","2","0","0","0","1","0","0"
"POINT (11.408741669000051 48.163282235000054)","Unfall 97682 (2018) Kat:3, Licht: 0","97682","3","6","2","11","15","2","0","0","0","1","0","0"
"POINT (11.617521678000060 48.111974897000039)","Unfall 97716 (2018) Kat:3, Licht: 2","97716","3","3","0","11","17","6","1","2","1","1","0","0"
"POINT (11.586310622000042 48.205533100000025)","Unfall 97727 (2018) Kat:3, Licht: 0","97727","3","6","2","11","11","7","0","0","0","1","0","0"
"POINT (11.444076946000052 48.145648168000037)","Unfall 97731 (2018) Kat:3, Licht: 0","97731","3","7","0","11","15","6","0","0","0","0","0","1"
"POINT (11.522327666000024 48.126528112000074)","Unfall 97787 (2018) Kat:3, Licht: 0","97787","3","7","1","11","09","5","0","0","1","1","0","0"
"POINT (11.592848360000062 48.175547360000053)","Unfall 97808 (2018) Kat:3, Licht: 2","97808","3","6","1","11","20","6","1","2","0","1","0","0"
"POINT (11.665083097000036 48.121315629000037)","Unfall 97860 (2018) Kat:2, Licht: 0","97860","2","6","2","11","12","6","0","0","0","1","0","0"
"POINT (11.532851430000051 48.187090780000062)","Unfall 97864 (2018) Kat:3, Licht: 1","97864","3","6","2","10","16","3","0","1","0","1","0","0"
"POINT (11.549811169000066 48.190037430000075)","Unfall 97866 (2018) Kat:3, Licht: 1","97866","3","6","3","10","18","3","0","1","1","0","0","0"
"POINT (11.584422495000069 48.188304247000076)","Unfall 97867 (2018) Kat:3, Licht: 2","97867","3","4","6","10","18","3","0","2","1","0","1","0"
"POINT (11.585660572000052 48.202101022000079)","Unfall 97869 (2018) Kat:3, Licht: 2","97869","3","6","4","10","17","3","1","2","1","0","0","0"
"POINT (11.533585467000023 48.187033165000059)","Unfall 97870 (2018) Kat:3, Licht: 2","97870","3","3","5","11","19","7","0","2","0","1","0","0"
"POINT (11.501904580000030 48.112152606000052)","Unfall 97896 (2018) Kat:3, Licht: 1","97896","3","7","0","11","16","5","0","1","1","0","0","0"
"POINT (11.617137457000069 48.114400980000028)","Unfall 97901 (2018) Kat:3, Licht: 2","97901","3","6","2","11","19","6","0","2","0","1","0","0"
"POINT (11.643235436000055 48.212662942000065)","Unfall 97906 (2018) Kat:3, Licht: 0","97906","3","6","3","11","07","7","0","0","0","1","0","0"
"POINT (11.619171247000054 48.224980027000072)","Unfall 97907 (2018) Kat:3, Licht: 2","97907","3","6","2","11","18","5","0","2","0","1","0","0"
"POINT (11.458386636000057 48.144493445000080)","Unfall 97974 (2018) Kat:3, Licht: 2","97974","3","6","2","11","18","6","0","2","1","1","0","0"
"POINT (11.552175033000026 48.176109405000034)","Unfall 97986 (2018) Kat:3, Licht: 2","97986","3","6","2","11","16","5","0","2","0","1","0","0"
"POINT (11.584451418000071 48.187627174000056)","Unfall 98000 (2018) Kat:3, Licht: 2","98000","3","2","5","11","19","4","0","2","1","1","0","0"
"POINT (11.639830131000053 48.215050797000060)","Unfall 98014 (2018) Kat:3, Licht: 0","98014","3","6","0","11","12","4","0","0","0","1","0","0"
"POINT (11.584250823000048 48.195928492000064)","Unfall 98017 (2018) Kat:3, Licht: 0","98017","3","2","5","11","13","4","0","0","1","1","0","0"
"POINT (11.575649414000054 48.111720057000070)","Unfall 98026 (2018) Kat:3, Licht: 0","98026","3","1","0","11","11","4","0","0","0","0","0","1"
"POINT (11.623326702000043 48.129712991000076)","Unfall 98029 (2018) Kat:3, Licht: 0","98029","3","4","0","11","07","3","0","0","0","1","1","0"
"POINT (11.620084945000031 48.120330200000069)","Unfall 98031 (2018) Kat:3, Licht: 0","98031","3","2","5","11","15","3","0","0","0","1","0","0"
"POINT (11.502037296000026 48.192886722000026)","Unfall 98039 (2018) Kat:3, Licht: 2","98039","3","2","5","11","06","5","0","2","1","1","0","0"
"POINT (11.518013681000070 48.119853991000070)","Unfall 98040 (2018) Kat:3, Licht: 2","98040","3","6","3","11","12","3","0","2","0","1","0","0"
"POINT (11.646493711000062 48.096376399000064)","Unfall 98045 (2018) Kat:3, Licht: 2","98045","3","2","4","11","22","6","0","2","0","1","0","0"
"POINT (11.671282942000062 48.119665297000040)","Unfall 98046 (2018) Kat:3, Licht: 0","98046","3","2","4","11","09","4","0","0","0","1","0","0"
"POINT (11.585448229000065 48.200984541000025)","Unfall 98111 (2018) Kat:3, Licht: 2","98111","3","2","5","11","19","5","0","2","0","1","0","0"
"POINT (11.701884987000028 48.113080120000063)","Unfall 98190 (2018) Kat:2, Licht: 2","98190","2","4","0","11","17","5","0","2","1","0","1","0"
"POINT (11.458232240000029 48.196968244000061)","Unfall 98195 (2018) Kat:3, Licht: 0","98195","3","7","8","11","15","6","0","0","0","1","0","0"
"POINT (11.616118498000048 48.130968031000066)","Unfall 98210 (2018) Kat:3, Licht: 0","98210","3","4","6","11","16","2","0","0","0","1","1","0"
"POINT (11.617339066000056 48.126875863000066)","Unfall 98212 (2018) Kat:3, Licht: 0","98212","3","6","3","11","12","2","0","0","0","1","0","0"
"POINT (11.615595163000023 48.134945732000062)","Unfall 98214 (2018) Kat:3, Licht: 0","98214","3","6","2","11","09","2","0","0","0","1","0","1"
"POINT (11.598585099000047 48.161831664000033)","Unfall 98215 (2018) Kat:3, Licht: 0","98215","3","3","1","11","10","2","0","0","0","1","0","0"
"POINT (11.534002067000074 48.139869554000029)","Unfall 98222 (2018) Kat:3, Licht: 2","98222","3","2","3","11","22","7","0","2","1","1","0","0"
"POINT (11.615750545000026 48.194119430000057)","Unfall 98227 (2018) Kat:2, Licht: 2","98227","2","6","2","11","17","1","0","2","0","1","0","0"
"POINT (11.593453772000032 48.175265017000072)","Unfall 98247 (2018) Kat:3, Licht: 0","98247","3","7","8","11","13","2","0","0","0","1","0","0"
"POINT (11.495518078000032 48.194408205000059)","Unfall 98249 (2018) Kat:3, Licht: 0","98249","3","6","2","11","14","2","0","0","0","1","0","0"
"POINT (11.536654671000065 48.148559724000052)","Unfall 98253 (2018) Kat:3, Licht: 0","98253","3","6","2","11","08","2","0","0","0","1","0","0"
"POINT (11.497515104000058 48.112116483000079)","Unfall 98254 (2018) Kat:3, Licht: 1","98254","3","5","0","11","17","2","0","1","1","0","0","0"
"POINT (11.538389332000065 48.090659489000075)","Unfall 98284 (2018) Kat:3, Licht: 2","98284","3","6","2","11","18","4","1","2","0","1","0","0"
"POINT (11.620078342000056 48.120315301000062)","Unfall 98310 (2018) Kat:3, Licht: 2","98310","3","2","5","11","22","5","1","2","0","1","0","0"
"POINT (11.554467208000062 48.086207803000036)","Unfall 98325 (2018) Kat:3, Licht: 0","98325","3","6","2","11","08","3","0","0","0","1","0","0"
"POINT (11.467635996000070 48.123895541000081)","Unfall 98513 (2018) Kat:3, Licht: 0","98513","3","1","8","11","11","2","0","0","0","1","0","0"
"POINT (11.477694213000063 48.123696516000052)","Unfall 98517 (2018) Kat:3, Licht: 0","98517","3","1","9","11","12","2","0","0","0","1","0","0"
"POINT (11.437379890000045 48.189529648000075)","Unfall 98520 (2018) Kat:3, Licht: 0","98520","3","6","3","11","09","2","0","0","0","1","0","0"
"POINT (11.703625553000052 48.142152629000066)","Unfall 98532 (2018) Kat:3, Licht: 0","98532","3","6","9","11","18","5","0","0","0","1","0","0"
"POINT (11.634589372000050 48.127299698000058)","Unfall 98539 (2018) Kat:3, Licht: 0","98539","3","2","5","11","14","1","0","0","1","1","0","0"
"POINT (11.597470420000036 48.173665391000043)","Unfall 98570 (2018) Kat:3, Licht: 2","98570","3","3","5","11","20","3","0","2","0","1","0","0"
"POINT (11.696629671000039 48.114932308000050)","Unfall 98571 (2018) Kat:2, Licht: 0","98571","2","6","4","11","07","2","0","0","1","0","0","0"
"POINT (11.639182153000036 48.215097520000029)","Unfall 98680 (2018) Kat:3, Licht: 2","98680","3","6","2","11","17","1","0","2","0","1","0","0"
"POINT (11.469331425000064 48.146971935000067)","Unfall 98683 (2018) Kat:3, Licht: 2","98683","3","6","2","11","17","7","0","2","0","1","0","0"
"POINT (11.620161932000030 48.120530115000065)","Unfall 98684 (2018) Kat:3, Licht: 2","98684","3","6","2","11","00","7","0","2","0","1","0","0"
"POINT (11.627595176000057 48.201030843000069)","Unfall 98687 (2018) Kat:3, Licht: 2","98687","3","7","0","11","00","7","1","2","0","0","0","0"
"POINT (11.616374848000021 48.132518417000028)","Unfall 98692 (2018) Kat:3, Licht: 0","98692","3","7","9","11","12","7","0","0","1","0","0","0"
"POINT (11.548825916000055 48.176269958000034)","Unfall 98709 (2018) Kat:3, Licht: 2","98709","3","6","2","11","19","4","0","2","0","1","0","0"
"POINT (11.570323474000077 48.177386129000070)","Unfall 98725 (2018) Kat:3, Licht: 2","98725","3","7","2","11","20","4","0","2","0","1","0","0"
"POINT (11.587106662000053 48.210565404000079)","Unfall 98752 (2018) Kat:3, Licht: 1","98752","3","2","4","11","07","2","1","1","0","1","0","0"
"POINT (11.592966537000052 48.105902621000041)","Unfall 98814 (2018) Kat:1, Licht: 2","98814","1","4","6","11","19","4","1","2","0","1","1","0"
"POINT (11.631210556000042 48.222085546000073)","Unfall 98846 (2018) Kat:3, Licht: 0","98846","3","1","8","11","07","7","2","0","0","1","0","0"
"POINT (11.600641412000073 48.182996905000039)","Unfall 98850 (2018) Kat:3, Licht: 2","98850","3","6","1","11","18","7","0","2","0","1","0","0"
"POINT (11.607976271000041 48.183228480000025)","Unfall 98867 (2018) Kat:3, Licht: 0","98867","3","6","2","11","08","6","0","0","0","1","0","0"
"POINT (11.564531767000062 48.098198522000075)","Unfall 98871 (2018) Kat:2, Licht: 0","98871","2","1","1","11","16","6","0","0","0","1","0","0"
"POINT (11.485952096000062 48.208054262000076)","Unfall 98875 (2018) Kat:3, Licht: 2","98875","3","6","2","11","18","6","0","2","0","1","0","0"
"POINT (11.518203617000040 48.111137818000032)","Unfall 98877 (2018) Kat:3, Licht: 2","98877","3","6","2","11","16","6","0","2","0","1","0","0"
"POINT (11.457862366000029 48.206164994000062)","Unfall 98879 (2018) Kat:3, Licht: 1","98879","3","2","4","11","17","4","0","1","1","1","0","0"
"POINT (11.580992304000063 48.177513456000042)","Unfall 98896 (2018) Kat:3, Licht: 2","98896","3","6","2","11","08","4","0","2","0","1","0","0"
"POINT (11.586171069000045 48.205776930000070)","Unfall 98915 (2018) Kat:3, Licht: 2","98915","3","2","4","11","17","1","1","2","0","1","0","0"
"POINT (11.516902695000056 48.113374913000030)","Unfall 98922 (2018) Kat:3, Licht: 2","98922","3","2","6","11","06","2","1","2","0","1","1","0"
"POINT (11.520907808000061 48.073582754000029)","Unfall 99010 (2018) Kat:3, Licht: 2","99010","3","2","2","11","18","3","0","2","0","1","0","1"
"POINT (11.605572089000077 48.184368726000059)","Unfall 99067 (2018) Kat:3, Licht: 2","99067","3","6","3","11","18","4","0","2","0","1","0","0"
"POINT (11.596679390000077 48.179920166000045)","Unfall 99070 (2018) Kat:3, Licht: 0","99070","3","6","2","11","17","3","0","0","0","1","0","0"
"POINT (11.597703838000029 48.173547257000052)","Unfall 99089 (2018) Kat:3, Licht: 0","99089","3","2","6","11","13","1","1","0","0","1","1","0"
"POINT (11.645210814000052 48.089346284000044)","Unfall 99174 (2018) Kat:3, Licht: 1","99174","3","6","3","11","06","6","1","1","0","1","0","1"
"POINT (11.537968195000076 48.165656498000033)","Unfall 99176 (2018) Kat:3, Licht: 0","99176","3","2","5","11","09","6","0","0","0","0","0","0"
"POINT (11.620145760000071 48.191272517000073)","Unfall 99184 (2018) Kat:3, Licht: 1","99184","3","6","2","11","16","6","0","1","0","1","0","0"
"POINT (11.551720068000066 48.186027767000041)","Unfall 99187 (2018) Kat:3, Licht: 2","99187","3","4","6","11","17","3","1","2","0","1","1","0"
"POINT (11.459590024000022 48.171965798000031)","Unfall 99190 (2018) Kat:2, Licht: 2","99190","2","4","6","11","19","2","1","2","0","1","1","0"
"POINT (11.620050587000037 48.120256157000028)","Unfall 99235 (2018) Kat:3, Licht: 0","99235","3","3","5","11","15","4","1","0","0","1","0","0"
"POINT (11.478924653000036 48.145196976000079)","Unfall 99263 (2018) Kat:3, Licht: 2","99263","3","6","3","11","18","7","1","2","0","1","0","0"