WKT,Name,OBJECTID,UKATEGORIE,UTYP1,UART,UMONAT,USTUNDE,UWOCHENTAG,STRZUSTAND,ULICHTVERH,ISTRAD,ISTPKW,ISTFUSS,ISTKRAD
"POINT (11.618091194000044 48.199544239000033)","Unfall 99270 (2018) Kat:3, Licht: 0","99270","3","6","0","11","08","4","0","0","0","1","0","0"
"POINT (11.632098335000023 48.138561493000054)","Unfall 99273 (2018) Kat:3, Licht: 2","99273","3","6","2","11","17","3","1","2","0","1","0","0"
"POINT (11.437379890000045 48.189529648000075)","Unfall 99316 (2018) Kat:2, Licht: 0","99316","2","6","2","11","07","5","0","0","0","1","0","0"
"POINT (11.643432246000032 48.212525768000035)","Unfall 99347 (2018) Kat:3, Licht: 0","99347","3","6","3","11","13","4","1","0","0","1","0","0"
"POINT (11.612170790000050 48.185785771000042)","Unfall 99365 (2018) Kat:3, Licht: 0","99365","3","6","2","11","13","4","0","0","0","1","0","0"
"POINT (11.580873810000071 48.228054423000060)","Unfall 99372 (2018) Kat:3, Licht: 0","99372","3","6","9","11","15","4","0","0","0","1","0","0"
"POINT (11.563706030000048 48.096008220000044)","Unfall 99396 (2018) Kat:3, Licht: 2","99396","3","6","2","11","16","1","0","2","0","1","0","0"
"POINT (11.625783588000047 48.102892909000047)","Unfall 99397 (2018) Kat:3, Licht: 2","99397","3","2","6","11","16","3","1","2","0","1","1","0"
"POINT (11.581072919000064 48.177513809000061)","Unfall 99399 (2018) Kat:3, Licht: 2","99399","3","6","2","11","17","2","1","2","0","1","0","0"
"POINT (11.536817968000037 48.150582250000070)","Unfall 99433 (2018) Kat:3, Licht: 0","99433","3","6","2","11","15","5","0","0","0","1","0","0"
"POINT (11.616108880000070 48.133936681000080)","Unfall 99437 (2018) Kat:3, Licht: 1","99437","3","6","1","11","17","5","0","1","0","1","0","0"
"POINT (11.446509693000053 48.171553116000041)","Unfall 99458 (2018) Kat:3, Licht: 0","99458","3","1","8","11","09","4","1","0","0","1","0","0"
"POINT (11.534718730000066 48.143671403000042)","Unfall 99501 (2018) Kat:3, Licht: 2","99501","3","6","2","11","18","3","0","2","0","1","0","0"
"POINT (11.536871231000077 48.151421153000058)","Unfall 99503 (2018) Kat:3, Licht: 0","99503","3","6","2","11","11","2","1","0","0","1","0","0"
"POINT (11.512284402000034 48.107720626000059)","Unfall 99512 (2018) Kat:3, Licht: 0","99512","3","6","2","11","08","4","0","0","0","1","0","0"
"POINT (11.439950148000037 48.149493437000046)","Unfall 99575 (2018) Kat:2, Licht: 2","99575","2","2","6","12","19","3","0","2","0","1","1","0"
"POINT (11.616221632000077 48.148900744000059)","Unfall 99613 (2018) Kat:3, Licht: 2","99613","3","2","6","12","22","7","0","2","0","1","1","0"
"POINT (11.541025148000074 48.093989428000043)","Unfall 99623 (2018) Kat:3, Licht: 0","99623","3","3","1","12","12","2","0","0","0","1","0","0"
"POINT (11.618248356000038 48.110168868000073)","Unfall 99648 (2018) Kat:3, Licht: 0","99648","3","3","1","12","12","3","1","0","1","1","0","0"
"POINT (11.695435046000057 48.141818076000050)","Unfall 99650 (2018) Kat:3, Licht: 0","99650","3","6","2","12","09","7","1","0","0","1","0","0"
"POINT (11.571513029000073 48.227247672000033)","Unfall 99653 (2018) Kat:3, Licht: 2","99653","3","6","2","12","05","7","1","2","0","1","0","0"
"POINT (11.584719005000068 48.198238463000052)","Unfall 99673 (2018) Kat:3, Licht: 2","99673","3","2","6","11","18","6","1","2","0","1","1","0"
"POINT (11.584300764000034 48.188141141000074)","Unfall 99677 (2018) Kat:3, Licht: 2","99677","3","7","3","12","19","1","1","2","0","1","0","0"
"POINT (11.593665532000045 48.175817628000061)","Unfall 99687 (2018) Kat:3, Licht: 0","99687","3","1","8","12","15","1","1","0","0","1","0","0"
"POINT (11.671247847000075 48.119670872000029)","Unfall 99716 (2018) Kat:3, Licht: 0","99716","3","2","4","12","09","7","0","0","0","1","0","0"
"POINT (11.504172988000050 48.125830994000069)","Unfall 99737 (2018) Kat:3, Licht: 2","99737","3","6","2","12","16","1","1","2","0","1","0","0"
"POINT (11.537504364000029 48.186750827000026)","Unfall 99755 (2018) Kat:3, Licht: 2","99755","3","7","0","12","06","3","0","2","1","0","0","0"
"POINT (11.507636727000033 48.217447512000035)","Unfall 99792 (2018) Kat:3, Licht: 1","99792","3","6","2","12","07","2","1","1","0","1","0","0"
"POINT (11.551632170000062 48.186003803000062)","Unfall 99830 (2018) Kat:3, Licht: 2","99830","3","2","4","12","19","7","0","2","0","1","0","0"
"POINT (11.584300056000075 48.188149143000032)","Unfall 99841 (2018) Kat:3, Licht: 2","99841","3","7","4","12","19","2","0","2","0","1","0","0"
"POINT (11.615262575000031 48.136901474000069)","Unfall 99865 (2018) Kat:3, Licht: 2","99865","3","4","6","12","20","3","1","2","0","1","1","0"
"POINT (11.514416290000042 48.141864481000027)","Unfall 99902 (2018) Kat:3, Licht: 2","99902","3","7","6","12","02","1","0","2","0","1","1","0"
"POINT (11.617517337000038 48.115086439000038)","Unfall 99934 (2018) Kat:3, Licht: 0","99934","3","6","2","12","11","7","0","0","0","1","0","0"
"POINT (11.573171576000050 48.111954730000036)","Unfall 99946 (2018) Kat:3, Licht: 1","99946","3","6","2","12","15","2","0","1","0","1","0","0"
"POINT (11.537039019000076 48.151757470000064)","Unfall 100008 (2018) Kat:3, Licht: 2","100008","3","6","3","12","01","1","0","2","0","1","0","0"
"POINT (11.512120284000048 48.124830441000029)","Unfall 100048 (2018) Kat:3, Licht: 1","100048","3","6","2","11","17","6","1","1","0","1","0","0"
"POINT (11.645223870000052 48.090051475000053)","Unfall 100081 (2018) Kat:3, Licht: 2","100081","3","7","6","11","17","5","1","2","1","0","1","0"
"POINT (11.519195625000066 48.141236706000029)","Unfall 100083 (2018) Kat:3, Licht: 0","100083","3","6","5","12","14","2","0","0","0","1","0","0"
"POINT (11.556630683000037 48.178688625000063)","Unfall 100090 (2018) Kat:3, Licht: 2","100090","3","4","6","11","23","5","0","2","0","1","1","0"
"POINT (11.500737598000057 48.143271145000028)","Unfall 100096 (2018) Kat:3, Licht: 2","100096","3","6","2","11","20","5","0","2","0","1","0","0"
"POINT (11.593438703000061 48.176260879000040)","Unfall 100138 (2018) Kat:3, Licht: 0","100138","3","6","2","12","11","3","0","0","0","1","0","0"
"POINT (11.458139338000024 48.197995572000082)","Unfall 100198 (2018) Kat:3, Licht: 1","100198","3","6","2","12","07","5","1","1","0","1","0","0"
"POINT (11.513901073000056 48.113203982000073)","Unfall 100201 (2018) Kat:3, Licht: 1","100201","3","3","5","12","07","3","1","1","0","1","0","0"
"POINT (11.517389243000025 48.124108502000070)","Unfall 100264 (2018) Kat:3, Licht: 0","100264","3","6","2","12","11","3","1","0","0","1","0","0"
"POINT (11.594505172000027 48.175038642000061)","Unfall 100285 (2018) Kat:3, Licht: 0","100285","3","6","2","12","09","2","1","0","0","1","0","0"
"POINT (11.616497336000066 48.133228906000056)","Unfall 100354 (2018) Kat:3, Licht: 2","100354","3","6","3","12","17","4","1","2","0","1","0","0"
"POINT (11.537311207000073 48.166818344000035)","Unfall 100363 (2018) Kat:3, Licht: 2","100363","3","3","5","12","17","4","0","2","1","1","0","0"
"POINT (11.472336336000069 48.123752396000043)","Unfall 100364 (2018) Kat:3, Licht: 2","100364","3","6","2","12","21","6","1","2","0","1","0","0"
"POINT (11.622124973000041 48.206588046000036)","Unfall 100380 (2018) Kat:3, Licht: 0","100380","3","6","2","12","13","6","0","0","0","1","0","0"
"POINT (11.487404171000037 48.086448292000057)","Unfall 100442 (2018) Kat:3, Licht: 2","100442","3","3","5","12","18","6","0","2","0","1","0","0"
"POINT (11.584346641000025 48.195710998000038)","Unfall 100444 (2018) Kat:3, Licht: 1","100444","3","7","4","12","16","2","1","1","0","1","0","0"
"POINT (11.518080764000047 48.120013283000048)","Unfall 100448 (2018) Kat:3, Licht: 2","100448","3","6","3","12","16","3","0","2","0","1","0","0"
"POINT (11.597186862000058 48.180272890000026)","Unfall 100457 (2018) Kat:3, Licht: 2","100457","3","6","2","12","17","5","0","2","0","1","0","0"
"POINT (11.617028513000037 48.130720140000051)","Unfall 100486 (2018) Kat:3, Licht: 2","100486","3","2","3","12","17","4","1","2","0","1","0","0"
"POINT (11.616250707000063 48.113245941000059)","Unfall 100487 (2018) Kat:3, Licht: 2","100487","3","3","5","12","05","6","0","2","1","1","0","0"
"POINT (11.503417590000026 48.143277788000034)","Unfall 100494 (2018) Kat:3, Licht: 0","100494","3","2","5","12","08","6","0","0","1","1","0","0"
"POINT (11.503417842000033 48.142918236000071)","Unfall 100509 (2018) Kat:3, Licht: 0","100509","3","7","0","12","08","6","0","0","0","0","0","0"
"POINT (11.606700335000028 48.184703422000041)","Unfall 100513 (2018) Kat:3, Licht: 0","100513","3","6","2","12","11","2","1","0","0","1","0","0"
"POINT (11.499988276000067 48.213312531000042)","Unfall 100546 (2018) Kat:3, Licht: 2","100546","3","6","2","12","17","4","1","2","0","1","0","0"
"POINT (11.535767057000044 48.186869033000050)","Unfall 100576 (2018) Kat:3, Licht: 2","100576","3","6","2","12","18","5","1","2","0","1","0","0"
"POINT (11.584967976000030 48.181736087000047)","Unfall 100579 (2018) Kat:3, Licht: 0","100579","3","2","6","12","08","3","1","0","0","1","1","0"
"POINT (11.616177632000074 48.112985327000047)","Unfall 100609 (2018) Kat:3, Licht: 2","100609","3","6","2","12","17","4","1","2","0","1","0","0"
"POINT (11.496653903000038 48.099843729000042)","Unfall 100614 (2018) Kat:3, Licht: 2","100614","3","6","2","12","19","1","1","2","0","1","0","0"
"POINT (11.596209188000046 48.106677205000040)","Unfall 100639 (2018) Kat:3, Licht: 2","100639","3","2","4","12","16","1","1","2","0","1","0","0"
"POINT (11.599277572000062 48.161351235000041)","Unfall 100695 (2018) Kat:3, Licht: 0","100695","3","6","2","12","08","2","1","0","0","1","0","0"
"POINT (11.707814467000048 48.144533690000060)","Unfall 100797 (2018) Kat:3, Licht: 1","100797","3","6","3","12","16","2","1","1","0","1","0","0"
"POINT (11.597175458000038 48.107099837000078)","Unfall 100851 (2018) Kat:3, Licht: 2","100851","3","2","5","12","22","7","0","2","1","1","0","0"
"POINT (11.632436319000021 48.219418946000076)","Unfall 100893 (2018) Kat:3, Licht: 0","100893","3","6","2","12","09","3","1","0","0","1","0","0"
"POINT (11.625129747000074 48.094046656000046)","Unfall 100961 (2018) Kat:2, Licht: 2","100961","2","4","6","12","18","2","1","2","0","1","1","0"
"POINT (11.637010311000040 48.236699302000034)","Unfall 101037 (2018) Kat:3, Licht: 1","101037","3","6","2","12","17","5","0","1","0","1","0","0"
"POINT (11.521815202000028 48.126103607000061)","Unfall 101052 (2018) Kat:3, Licht: 2","101052","3","6","3","12","19","4","1","2","0","1","0","0"
"POINT (11.584294216000046 48.188215262000028)","Unfall 101109 (2018) Kat:3, Licht: 2","101109","3","4","6","12","05","3","1","2","0","1","1","0"
"POINT (11.620456810000064 48.137200013000040)","Unfall 101112 (2018) Kat:3, Licht: 2","101112","3","2","5","12","08","3","2","2","1","1","0","0"
"POINT (11.584967976000030 48.181736087000047)","Unfall 101118 (2018) Kat:3, Licht: 0","101118","3","2","6","12","13","3","0","0","0","1","1","0"
"POINT (11.568911791000062 48.176981594000040)","Unfall 101124 (2018) Kat:3, Licht: 2","101124","3","6","2","12","12","3","0","2","0","1","0","0"
"POINT (11.619018904000029 48.157720217000076)","Unfall 101135 (2018) Kat:2, Licht: 0","101135","2","2","3","12","11","3","0","0","1","1","0","0"
"POINT (11.461216097000033 48.179631874000052)","Unfall 101163 (2018) Kat:3, Licht: 1","101163","3","6","4","12","16","5","0","1","0","1","0","0"
"POINT (11.613532727000063 48.189809793000052)","Unfall 101166 (2018) Kat:3, Licht: 0","101166","3","6","2","12","13","5","1","0","0","1","0","0"
"POINT (11.598412392000057 48.172825109000030)","Unfall 101183 (2018) Kat:3, Licht: 2","101183","3","6","2","12","18","4","1","2","0","1","0","0"
"POINT (11.505110679000040 48.125754973000028)","Unfall 101238 (2018) Kat:3, Licht: 2","101238","3","6","1","12","17","5","0","2","0","1","0","0"
"POINT (11.591580111000042 48.089118902000052)","Unfall 101308 (2018) Kat:3, Licht: 2","101308","3","6","2","12","18","3","0","2","0","1","0","0"
"POINT (11.524424609000050 48.128010866000068)","Unfall 101310 (2018) Kat:3, Licht: 0","101310","3","6","2","12","14","5","0","0","0","1","0","0"
"POINT (11.649745566000036 48.102111708000052)","Unfall 101311 (2018) Kat:3, Licht: 2","101311","3","6","3","12","19","7","1","2","0","1","0","1"
"POINT (11.677318746000026 48.119480193000072)","Unfall 101316 (2018) Kat:3, Licht: 2","101316","3","6","0","12","16","2","1","2","0","1","0","0"
"POINT (11.585601574000066 48.202789773000063)","Unfall 101344 (2018) Kat:3, Licht: 0","101344","3","7","0","12","11","4","0","0","0","0","0","0"
"POINT (11.479544930000031 48.088614118000066)","Unfall 101385 (2018) Kat:3, Licht: 0","101385","3","6","0","12","15","7","0","0","0","0","0","0"
"POINT (11.436784103000036 48.187510871000029)","Unfall 101405 (2018) Kat:2, Licht: 0","101405","2","6","5","12","13","5","0","0","0","1","0","0"
"POINT (11.502079529000071 48.192882022000049)","Unfall 101449 (2018) Kat:3, Licht: 0","101449","3","3","5","12","15","1","0","0","0","1","0","0"
"POINT (11.590655853000044 48.175148202000059)","Unfall 101463 (2018) Kat:3, Licht: 0","101463","3","1","9","12","12","1","1","0","0","1","0","0"
"POINT (11.623494864000065 48.104666222000048)","Unfall 101468 (2018) Kat:2, Licht: 2","101468","2","4","6","12","20","6","0","2","0","1","1","0"
"POINT (11.584073245000070 48.193132289000062)","Unfall 101539 (2018) Kat:3, Licht: 2","101539","3","4","6","12","17","7","0","2","0","1","1","0"
"POINT (11.634738462000030 48.127362659000028)","Unfall 101560 (2018) Kat:3, Licht: 0","101560","3","6","2","12","10","7","0","0","0","1","0","0"
"POINT (11.661839419000046 48.122328096000047)","Unfall 101565 (2018) Kat:3, Licht: 0","101565","3","5","1","12","11","7","1","0","1","1","0","0"
"POINT (11.456853550000062 48.165330909000033)","Unfall 101566 (2018) Kat:3, Licht: 0","101566","3","2","5","12","11","4","0","0","0","1","0","0"
"POINT (11.403243229000054 48.128488843000071)","Unfall 101627 (2018) Kat:3, Licht: 0","101627","3","1","9","12","12","1","1","0","0","0","0","0"
"POINT (11.403652417000046 48.128259096000079)","Unfall 101679 (2018) Kat:3, Licht: 2","101679","3","1","9","12","22","6","1","2","0","1","0","0"
"POINT (11.617995943000039 48.116086209000059)","Unfall 101683 (2018) Kat:3, Licht: 2","101683","3","6","2","12","17","1","1","2","0","1","0","0"
"POINT (11.636362473000077 48.175063028000068)","Unfall 101790 (2018) Kat:3, Licht: 0","101790","3","6","2","12","15","2","1","0","0","1","0","0"
"POINT (11.503103501000055 48.137854971000081)","Unfall 170984 (2018) Kat:3, Licht: 0","170984","3","7","0","01","10","4","1","0","1","0","0","0"
"POINT (11.573887371000069 48.120079322000038)","Unfall 170986 (2018) Kat:3, Licht: 0","170986","3","4","6","01","11","4","1","0","0","1","1","0"
"POINT (11.578886474000058 48.211112505000074)","Unfall 171057 (2018) Kat:3, Licht: 0","171057","3","7","1","01","14","3","1","0","0","1","0","0"
"POINT (11.518759678000038 48.120845411000062)","Unfall 171059 (2018) Kat:3, Licht: 2","171059","3","2","5","01","21","3","0","2","1","1","0","0"
"POINT (11.588063120000072 48.154139860000043)","Unfall 171060 (2018) Kat:3, Licht: 2","171060","3","3","5","01","18","3","0","2","1","1","0","0"
"POINT (11.565589020000061 48.153207915000053)","Unfall 171126 (2018) Kat:3, Licht: 1","171126","3","7","5","01","17","2","0","1","0","1","1","0"
"POINT (11.582282743000064 48.108221969000056)","Unfall 171130 (2018) Kat:3, Licht: 2","171130","3","5","1","01","16","2","0","2","0","1","0","0"
"POINT (11.580655544000024 48.116341686000055)","Unfall 171258 (2018) Kat:2, Licht: 1","171258","2","3","5","01","07","2","0","1","1","0","0","0"
"POINT (11.521385480000049 48.181924124000034)","Unfall 171259 (2018) Kat:3, Licht: 0","171259","3","7","0","01","15","2","1","0","1","0","0","0"
"POINT (11.479281091000075 48.164168712000048)","Unfall 171261 (2018) Kat:3, Licht: 1","171261","3","2","5","01","18","2","0","1","0","1","0","0"
"POINT (11.517303171000037 48.163626031000035)","Unfall 171262 (2018) Kat:3, Licht: 1","171262","3","7","0","01","07","2","1","1","1","0","0","0"
"POINT (11.644464100000050 48.165694892000033)","Unfall 171264 (2018) Kat:3, Licht: 0","171264","3","6","2","01","11","2","0","0","0","1","0","0"
"POINT (11.556058202000031 48.132413152000026)","Unfall 171265 (2018) Kat:3, Licht: 2","171265","3","3","5","01","19","2","0","2","1","1","0","0"
"POINT (11.578026253000075 48.196178393000025)","Unfall 171297 (2018) Kat:3, Licht: 2","171297","3","6","5","01","18","1","0","2","0","1","0","0"
"POINT (11.565673390000029 48.133089005000045)","Unfall 171299 (2018) Kat:3, Licht: 0","171299","3","6","1","01","10","1","0","0","0","1","0","0"
"POINT (11.421095308000076 48.158026819000042)","Unfall 171301 (2018) Kat:3, Licht: 0","171301","3","1","1","01","11","1","0","0","0","1","0","0"
"POINT (11.555601601000035 48.128216553000073)","Unfall 171302 (2018) Kat:3, Licht: 0","171302","3","4","6","01","15","1","0","0","0","1","1","0"
"POINT (11.538825723000059 48.134846392000043)","Unfall 171327 (2018) Kat:3, Licht: 0","171327","3","4","6","01","12","7","1","0","0","1","1","0"
"POINT (11.567048909000050 48.150809368000068)","Unfall 171328 (2018) Kat:3, Licht: 2","171328","3","7","0","01","20","7","1","2","1","1","0","0"
"POINT (11.579810693000070 48.135878942000033)","Unfall 171330 (2018) Kat:3, Licht: 2","171330","3","7","0","01","16","7","0","2","1","1","0","0"
"POINT (11.577722335000033 48.141862905000039)","Unfall 171333 (2018) Kat:3, Licht: 0","171333","3","7","6","01","16","7","0","0","1","0","1","0"
"POINT (11.573883535000050 48.167153132000067)","Unfall 171337 (2018) Kat:3, Licht: 1","171337","3","3","5","01","16","4","0","1","1","1","0","0"
"POINT (11.489546351000058 48.125943294000081)","Unfall 171339 (2018) Kat:3, Licht: 0","171339","3","7","0","01","15","4","0","0","1","0","0","0"
"POINT (11.578364985000064 48.144353247000026)","Unfall 171341 (2018) Kat:3, Licht: 0","171341","3","4","6","01","12","4","0","0","1","0","1","0"
"POINT (11.490143456000055 48.179506434000075)","Unfall 171343 (2018) Kat:3, Licht: 0","171343","3","6","3","01","08","4","0","0","0","1","0","0"
"POINT (11.502266452000072 48.112172438000073)","Unfall 171345 (2018) Kat:2, Licht: 2","171345","2","3","5","01","20","4","1","2","0","1","0","0"
"POINT (11.599796748000074 48.107185436000066)","Unfall 171346 (2018) Kat:3, Licht: 0","171346","3","3","5","01","14","4","0","0","1","1","0","0"
"POINT (11.547450731000026 48.159489838000070)","Unfall 171350 (2018) Kat:3, Licht: 2","171350","3","6","4","01","17","4","1","2","0","1","0","0"
"POINT (11.503654459000074 48.082009550000066)","Unfall 171351 (2018) Kat:3, Licht: 2","171351","3","3","5","01","05","4","0","2","0","0","0","0"
"POINT (11.592603970000027 48.110709734000068)","Unfall 171353 (2018) Kat:3, Licht: 2","171353","3","7","0","01","06","4","0","2","0","0","0","0"
"POINT (11.605027041000028 48.129112081000073)","Unfall 171355 (2018) Kat:3, Licht: 0","171355","3","4","0","01","10","4","0","0","0","0","1","0"
"POINT (11.461355776000062 48.146602287000064)","Unfall 171369 (2018) Kat:3, Licht: 2","171369","3","6","2","01","18","6","1","2","0","1","0","0"
"POINT (11.584637154000063 48.138224886000046)","Unfall 171371 (2018) Kat:3, Licht: 0","171371","3","3","4","01","10","6","1","0","0","1","0","0"
"POINT (11.631966549000026 48.118433824000078)","Unfall 171372 (2018) Kat:2, Licht: 0","171372","2","7","0","01","10","6","0","0","1","0","0","0"
"POINT (11.558247252000058 48.150232524000046)","Unfall 171374 (2018) Kat:3, Licht: 0","171374","3","7","3","01","12","6","0","0","0","0","0","0"
"POINT (11.531462217000069 48.153440606000061)","Unfall 171375 (2018) Kat:3, Licht: 2","171375","3","7","6","01","17","6","1","2","0","1","1","0"
"POINT (11.578871004000064 48.145280247000073)","Unfall 171377 (2018) Kat:3, Licht: 2","171377","3","2","6","01","17","6","1","2","0","1","1","0"
"POINT (11.564886625000042 48.167942964000076)","Unfall 171379 (2018) Kat:3, Licht: 0","171379","3","3","5","01","09","6","0","0","1","1","0","0"
"POINT (11.556947010000044 48.220465283000067)","Unfall 171381 (2018) Kat:3, Licht: 0","171381","3","2","4","01","15","6","1","0","1","1","0","0"
"POINT (11.667685833000064 48.123432955000055)","Unfall 171383 (2018) Kat:2, Licht: 0","171383","2","5","1","01","13","6","0","0","1","1","0","0"
"POINT (11.541724594000073 48.139630160000081)","Unfall 171385 (2018) Kat:3, Licht: 2","171385","3","2","6","01","17","6","1","2","0","1","1","0"
"POINT (11.567104941000025 48.146181171000080)","Unfall 171386 (2018) Kat:3, Licht: 2","171386","3","7","0","01","19","6","1","2","1","0","0","0"
"POINT (11.567496525000024 48.209140457000046)","Unfall 171426 (2018) Kat:2, Licht: 2","171426","2","2","4","01","18","3","0","2","0","1","0","1"
"POINT (11.541632014000072 48.186425539000027)","Unfall 171430 (2018) Kat:3, Licht: 2","171430","3","6","2","01","18","3","0","2","0","1","0","0"
"POINT (11.534930682000038 48.139936154000054)","Unfall 171433 (2018) Kat:3, Licht: 2","171433","3","2","6","01","19","3","0","2","0","1","1","0"
"POINT (11.566635178000070 48.159277157000076)","Unfall 171436 (2018) Kat:3, Licht: 2","171436","3","2","0","01","17","3","0","2","0","1","0","1"
"POINT (11.593409952000059 48.142026931000032)","Unfall 171438 (2018) Kat:3, Licht: 0","171438","3","3","5","01","08","3","0","0","0","1","0","0"
"POINT (11.575389764000022 48.149421657000062)","Unfall 171440 (2018) Kat:3, Licht: 2","171440","3","5","3","01","17","3","0","2","1","1","0","0"
"POINT (11.507109371000070 48.152555835000044)","Unfall 171443 (2018) Kat:3, Licht: 2","171443","3","6","2","01","17","5","1","2","0","1","0","0"
"POINT (11.555899623000073 48.137448202000030)","Unfall 171445 (2018) Kat:3, Licht: 2","171445","3","2","4","01","18","5","1","2","0","1","0","0"
"POINT (11.553486153000051 48.213621923000062)","Unfall 171447 (2018) Kat:3, Licht: 0","171447","3","2","4","01","10","5","0","0","0","1","0","0"
"POINT (11.568416209000077 48.092593625000063)","Unfall 171450 (2018) Kat:3, Licht: 0","171450","3","3","5","01","10","5","1","0","0","1","0","0"
"POINT (11.585718203000056 48.160138043000075)","Unfall 171453 (2018) Kat:3, Licht: 2","171453","3","4","6","01","21","5","1","2","0","1","1","0"
"POINT (11.564388526000073 48.164544882000030)","Unfall 171498 (2018) Kat:3, Licht: 0","171498","3","6","2","01","08","4","1","0","0","1","0","0"
"POINT (11.546414208000044 48.112085093000076)","Unfall 171500 (2018) Kat:3, Licht: 2","171500","3","3","5","01","17","4","0","2","0","1","0","0"
"POINT (11.599613419000036 48.151921518000051)","Unfall 171503 (2018) Kat:3, Licht: 0","171503","3","7","0","01","08","4","1","0","0","0","0","1"
"POINT (11.586560748000068 48.134988701000054)","Unfall 171505 (2018) Kat:2, Licht: 0","171505","2","2","6","01","14","4","1","0","0","1","1","0"
"POINT (11.447199944000033 48.161118208000062)","Unfall 171506 (2018) Kat:3, Licht: 0","171506","3","7","0","01","10","2","0","0","1","0","0","0"
"POINT (11.636843240000076 48.100903687000027)","Unfall 171507 (2018) Kat:1, Licht: 0","171507","1","3","5","01","16","4","1","0","1","1","0","0"
"POINT (11.515283487000033 48.181601531000069)","Unfall 171508 (2018) Kat:3, Licht: 0","171508","3","3","5","01","12","2","0","0","0","1","0","0"
"POINT (11.543875983000021 48.217239390000032)","Unfall 171509 (2018) Kat:3, Licht: 0","171509","3","7","6","01","14","4","1","0","0","0","1","0"
"POINT (11.464900295000064 48.153970245000039)","Unfall 171510 (2018) Kat:3, Licht: 2","171510","3","5","0","01","17","2","1","2","1","1","0","0"
"POINT (11.647007311000038 48.130312732000050)","Unfall 171512 (2018) Kat:3, Licht: 1","171512","3","6","2","01","16","2","1","1","0","1","0","0"
"POINT (11.534766116000071 48.132709068000054)","Unfall 171515 (2018) Kat:3, Licht: 1","171515","3","4","6","01","17","5","0","1","1","0","1","0"
"POINT (11.578177572000072 48.126421888000039)","Unfall 171516 (2018) Kat:3, Licht: 0","171516","3","3","5","01","15","2","0","0","0","1","0","0"
"POINT (11.541395950000037 48.145032520000029)","Unfall 171519 (2018) Kat:3, Licht: 1","171519","3","2","5","01","15","3","1","1","0","1","0","0"
"POINT (11.597270660000049 48.149760242000070)","Unfall 171520 (2018) Kat:3, Licht: 0","171520","3","2","5","01","11","2","0","0","1","0","0","0"
"POINT (11.607816204000073 48.186251568000046)","Unfall 171521 (2018) Kat:3, Licht: 2","171521","3","6","3","01","18","2","0","2","0","1","0","0"
"POINT (11.580348384000047 48.148555749000082)","Unfall 171522 (2018) Kat:3, Licht: 0","171522","3","6","3","01","12","3","0","0","1","0","0","0"
"POINT (11.550359260000050 48.182024773000080)","Unfall 171523 (2018) Kat:3, Licht: 0","171523","3","7","0","01","08","2","0","0","0","1","1","0"
"POINT (11.566464222000036 48.186119281000060)","Unfall 171526 (2018) Kat:3, Licht: 0","171526","3","2","2","01","14","2","0","0","0","1","0","0"
"POINT (11.531185218000076 48.156417732000079)","Unfall 171527 (2018) Kat:3, Licht: 0","171527","3","7","0","01","07","2","0","0","1","0","0","0"
"POINT (11.524469594000038 48.135597955000037)","Unfall 171528 (2018) Kat:3, Licht: 2","171528","3","2","5","01","18","2","0","2","1","1","0","0"
"POINT (11.582155772000021 48.098460839000040)","Unfall 171530 (2018) Kat:3, Licht: 2","171530","3","6","1","01","05","2","0","2","0","1","0","0"
"POINT (11.559988747000034 48.143499922000046)","Unfall 171531 (2018) Kat:3, Licht: 1","171531","3","5","0","01","16","3","1","1","1","1","0","0"
"POINT (11.574575036000056 48.129091152000058)","Unfall 171532 (2018) Kat:3, Licht: 1","171532","3","6","0","01","06","2","0","1","1","1","0","0"
"POINT (11.563270304000071 48.136325144000068)","Unfall 171533 (2018) Kat:3, Licht: 0","171533","3","3","6","01","13","2","0","0","0","1","1","0"
"POINT (11.564564169000050 48.137404921000041)","Unfall 171534 (2018) Kat:3, Licht: 0","171534","3","4","6","01","12","2","0","0","1","0","1","0"
"POINT (11.582437348000042 48.126926125000068)","Unfall 171562 (2018) Kat:3, Licht: 0","171562","3","2","5","01","09","5","0","0","1","1","0","0"
"POINT (11.644202888000052 48.096908066000026)","Unfall 171565 (2018) Kat:3, Licht: 2","171565","3","3","5","01","02","5","0","2","1","1","0","0"
"POINT (11.575964586000055 48.134507149000058)","Unfall 171570 (2018) Kat:3, Licht: 0","171570","3","5","1","01","14","3","1","0","1","1","0","0"
"POINT (11.564984428000059 48.090973450000035)","Unfall 171582 (2018) Kat:3, Licht: 0","171582","3","6","2","01","12","3","1","0","0","1","0","0"
"POINT (11.573515040000075 48.145827730000065)","Unfall 171587 (2018) Kat:3, Licht: 2","171587","3","4","6","01","04","1","0","2","0","1","1","0"
"POINT (11.474535086000060 48.142361386000061)","Unfall 171589 (2018) Kat:3, Licht: 2","171589","3","2","0","01","17","1","1","2","1","1","0","0"
"POINT (11.582686241000033 48.125803776000055)","Unfall 171593 (2018) Kat:3, Licht: 0","171593","3","6","1","01","14","1","1","0","0","1","0","0"
"POINT (11.421435166000037 48.147573880000039)","Unfall 171594 (2018) Kat:2, Licht: 2","171594","2","2","6","01","17","1","1","2","0","1","1","0"
"POINT (11.618790675000071 48.130333399000051)","Unfall 171596 (2018) Kat:3, Licht: 2","171596","3","2","6","01","23","1","1","2","0","1","1","0"
"POINT (11.603454600000077 48.111590061000072)","Unfall 171597 (2018) Kat:3, Licht: 0","171597","3","3","5","01","11","1","0","0","1","0","0","0"