WKT,Name,OBJECTID,UKATEGORIE,UTYP1,UART,UMONAT,USTUNDE,UWOCHENTAG,STRZUSTAND,ULICHTVERH,ISTRAD,ISTPKW,ISTFUSS,ISTKRAD
"POINT (11.560232850000034 48.144940915000063)","Unfall 171608 (2018) Kat:3, Licht: 2","171608","3","3","5","01","17","3","1","2","0","1","0","0"
"POINT (11.424306823000052 48.148144644000070)","Unfall 171619 (2018) Kat:3, Licht: 2","171619","3","2","0","01","07","3","1","2","1","1","0","0"
"POINT (11.553647748000060 48.112351617000058)","Unfall 171629 (2018) Kat:3, Licht: 0","171629","3","2","4","01","14","7","0","0","0","1","0","0"
"POINT (11.590401824000025 48.166558123000073)","Unfall 171631 (2018) Kat:3, Licht: 2","171631","3","3","5","01","20","7","0","2","1","1","0","0"
"POINT (11.549761610000076 48.139034867000078)","Unfall 171632 (2018) Kat:3, Licht: 0","171632","3","2","6","01","14","3","1","0","0","1","1","0"
"POINT (11.573671687000058 48.133378660000062)","Unfall 171634 (2018) Kat:2, Licht: 2","171634","2","7","6","01","04","7","0","2","0","1","1","0"
"POINT (11.568455014000051 48.140112484000042)","Unfall 171635 (2018) Kat:3, Licht: 0","171635","3","7","8","01","15","7","0","0","0","1","1","0"
"POINT (11.572457865000047 48.137048629000049)","Unfall 171636 (2018) Kat:3, Licht: 2","171636","3","7","6","01","20","7","0","2","0","1","1","0"
"POINT (11.516815279000070 48.138962603000039)","Unfall 171637 (2018) Kat:3, Licht: 0","171637","3","3","5","01","14","7","0","0","0","1","0","0"
"POINT (11.529373732000067 48.100727651000057)","Unfall 171638 (2018) Kat:3, Licht: 0","171638","3","6","1","01","15","7","0","0","0","1","0","0"
"POINT (11.502696436000065 48.081692267000051)","Unfall 171670 (2018) Kat:3, Licht: 0","171670","3","3","5","01","15","3","1","0","1","1","0","0"
"POINT (11.481147644000032 48.141749716000049)","Unfall 171686 (2018) Kat:3, Licht: 0","171686","3","7","0","01","09","2","1","0","0","0","0","0"
"POINT (11.573420954000028 48.135798674000057)","Unfall 171687 (2018) Kat:3, Licht: 2","171687","3","3","5","01","21","6","0","2","0","1","0","0"
"POINT (11.502640428000063 48.121618834000060)","Unfall 171688 (2018) Kat:3, Licht: 0","171688","3","4","6","01","13","6","0","0","1","0","1","0"
"POINT (11.649134833000062 48.112150750000069)","Unfall 171690 (2018) Kat:3, Licht: 0","171690","3","4","6","01","11","6","0","0","0","1","1","0"
"POINT (11.540676953000059 48.155863060000058)","Unfall 171691 (2018) Kat:3, Licht: 0","171691","3","2","0","01","10","6","0","0","1","1","0","0"
"POINT (11.558485877000066 48.136360342000046)","Unfall 171692 (2018) Kat:2, Licht: 0","171692","2","2","6","01","12","2","0","0","0","1","1","0"
"POINT (11.546705406000058 48.149824316000036)","Unfall 171693 (2018) Kat:3, Licht: 0","171693","3","6","1","01","13","6","0","0","0","1","0","0"
"POINT (11.576200030000052 48.132798733000072)","Unfall 171694 (2018) Kat:3, Licht: 0","171694","3","5","1","01","12","6","0","0","1","1","0","0"
"POINT (11.631792256000040 48.130654055000036)","Unfall 171695 (2018) Kat:3, Licht: 2","171695","3","2","6","01","19","6","0","2","0","1","1","0"
"POINT (11.565975081000033 48.187229593000040)","Unfall 171699 (2018) Kat:3, Licht: 2","171699","3","6","2","01","21","2","0","2","0","1","0","0"
"POINT (11.546648313000048 48.200308344000064)","Unfall 171711 (2018) Kat:3, Licht: 2","171711","3","2","5","01","07","2","0","2","1","1","0","0"
"POINT (11.514410435000059 48.072599424000032)","Unfall 171728 (2018) Kat:3, Licht: 2","171728","3","3","5","01","18","3","1","2","0","1","0","0"
"POINT (11.613926554000045 48.152065491000030)","Unfall 171739 (2018) Kat:3, Licht: 0","171739","3","7","6","01","17","3","1","0","0","1","1","0"
"POINT (11.586882463000052 48.156900067000038)","Unfall 171753 (2018) Kat:3, Licht: 2","171753","3","7","0","01","22","5","0","2","1","0","0","0"
"POINT (11.545672385000046 48.139306474000080)","Unfall 171754 (2018) Kat:3, Licht: 0","171754","3","6","1","01","09","5","0","0","0","1","0","0"
"POINT (11.534076145000029 48.128477193000037)","Unfall 171756 (2018) Kat:3, Licht: 0","171756","3","3","5","01","09","5","0","0","1","1","0","0"
"POINT (11.457005983000045 48.140202827000053)","Unfall 171757 (2018) Kat:3, Licht: 1","171757","3","2","4","01","07","5","1","1","0","1","0","0"
"POINT (11.574335465000047 48.132988345000058)","Unfall 171761 (2018) Kat:3, Licht: 0","171761","3","4","6","01","10","5","0","0","0","1","1","0"
"POINT (11.593603975000065 48.173649816000079)","Unfall 171762 (2018) Kat:3, Licht: 0","171762","3","5","0","01","08","5","1","0","1","1","0","0"
"POINT (11.478439172000037 48.164198046000081)","Unfall 171765 (2018) Kat:3, Licht: 0","171765","3","6","3","01","14","5","0","0","0","1","0","0"
"POINT (11.508007994000025 48.097786462000045)","Unfall 171766 (2018) Kat:3, Licht: 0","171766","3","6","1","01","07","5","1","0","0","1","0","0"
"POINT (11.548527434000050 48.112140667000062)","Unfall 171768 (2018) Kat:3, Licht: 2","171768","3","4","6","01","18","5","0","2","0","1","1","0"
"POINT (11.539407887000038 48.112822701000027)","Unfall 171771 (2018) Kat:3, Licht: 0","171771","3","6","2","01","09","5","1","0","0","1","0","0"
"POINT (11.659035980000056 48.118461119000074)","Unfall 171772 (2018) Kat:3, Licht: 2","171772","3","5","1","01","18","7","1","2","0","1","0","0"
"POINT (11.587424828000053 48.143356137000069)","Unfall 171774 (2018) Kat:3, Licht: 0","171774","3","6","2","01","13","5","0","0","0","1","0","0"
"POINT (11.538253153000028 48.100460234000082)","Unfall 171776 (2018) Kat:3, Licht: 0","171776","3","3","5","01","15","5","0","0","0","1","0","0"
"POINT (11.610672010000030 48.152751797000064)","Unfall 171778 (2018) Kat:3, Licht: 0","171778","3","3","5","01","10","5","1","0","0","1","0","0"
"POINT (11.565718402000073 48.191480774000070)","Unfall 171793 (2018) Kat:3, Licht: 2","171793","3","3","4","01","20","6","0","2","1","1","0","0"
"POINT (11.565567078000072 48.133044280000036)","Unfall 171800 (2018) Kat:3, Licht: 2","171800","3","3","5","01","05","5","1","2","0","1","0","0"
"POINT (11.481047470000021 48.141759900000068)","Unfall 171802 (2018) Kat:2, Licht: 0","171802","2","4","6","01","08","7","1","0","0","1","1","0"
"POINT (11.586000364000029 48.161886499000047)","Unfall 171819 (2018) Kat:3, Licht: 0","171819","3","4","6","01","14","3","1","0","0","1","1","0"
"POINT (11.574172622000049 48.133855245000063)","Unfall 171822 (2018) Kat:3, Licht: 2","171822","3","6","1","01","18","3","0","2","0","1","0","0"
"POINT (11.499774979000051 48.187621343000046)","Unfall 171824 (2018) Kat:3, Licht: 0","171824","3","7","8","01","12","3","1","0","0","1","0","1"
"POINT (11.669744967000042 48.122094460000028)","Unfall 171826 (2018) Kat:3, Licht: 0","171826","3","7","6","01","15","3","1","0","0","1","1","0"
"POINT (11.467082420000054 48.164766289000056)","Unfall 171828 (2018) Kat:3, Licht: 0","171828","3","3","5","01","13","3","0","0","1","1","0","0"
"POINT (11.539999435000027 48.116551905000051)","Unfall 171829 (2018) Kat:3, Licht: 0","171829","3","4","6","01","11","3","0","0","0","0","1","0"
"POINT (11.567540864000023 48.123049177000041)","Unfall 171831 (2018) Kat:3, Licht: 2","171831","3","1","0","01","22","3","0","2","1","0","0","0"
"POINT (11.585114263000037 48.158653145000073)","Unfall 171845 (2018) Kat:3, Licht: 0","171845","3","7","1","01","15","6","0","0","1","1","0","0"
"POINT (11.597900717000073 48.135632385000065)","Unfall 171856 (2018) Kat:2, Licht: 2","171856","2","2","6","01","20","5","1","2","0","1","1","0"
"POINT (11.627082506000022 48.126756279000062)","Unfall 171864 (2018) Kat:2, Licht: 0","171864","2","5","0","01","12","7","1","0","1","1","0","0"
"POINT (11.546993010000051 48.127255448000028)","Unfall 171872 (2018) Kat:3, Licht: 0","171872","3","7","0","01","09","5","0","0","0","1","1","0"
"POINT (11.571240319000026 48.147919537000064)","Unfall 171882 (2018) Kat:2, Licht: 2","171882","2","4","6","01","18","2","1","2","0","1","1","0"
"POINT (11.645368444000042 48.099103392000075)","Unfall 171885 (2018) Kat:1, Licht: 2","171885","1","2","6","01","19","2","1","2","0","0","1","0"
"POINT (11.529512747000069 48.156084814000053)","Unfall 171889 (2018) Kat:3, Licht: 0","171889","3","7","6","01","13","2","1","0","1","0","1","0"
"POINT (11.531759606000037 48.095505616000025)","Unfall 171890 (2018) Kat:3, Licht: 2","171890","3","2","6","01","18","2","1","2","0","1","1","0"
"POINT (11.560348096000041 48.142515527000057)","Unfall 171894 (2018) Kat:3, Licht: 2","171894","3","4","6","01","19","2","1","2","0","1","1","0"
"POINT (11.565423668000051 48.191434592000064)","Unfall 171904 (2018) Kat:3, Licht: 2","171904","3","7","5","01","18","6","1","2","0","1","0","0"
"POINT (11.571307907000062 48.139605511000070)","Unfall 171913 (2018) Kat:3, Licht: 2","171913","3","5","5","01","19","4","1","2","1","1","0","0"
"POINT (11.541668505000075 48.139605883000058)","Unfall 171918 (2018) Kat:3, Licht: 2","171918","3","2","5","01","17","5","1","2","0","1","0","0"
"POINT (11.577795656000035 48.156694979000065)","Unfall 171921 (2018) Kat:3, Licht: 0","171921","3","3","5","01","08","4","1","0","1","1","0","0"
"POINT (11.540798594000023 48.145256530000040)","Unfall 171922 (2018) Kat:3, Licht: 2","171922","3","2","1","01","23","7","0","2","0","1","0","0"
"POINT (11.566726315000039 48.159328481000045)","Unfall 171925 (2018) Kat:3, Licht: 0","171925","3","3","5","01","09","4","0","0","0","1","0","0"
"POINT (11.517615660000047 48.104555875000074)","Unfall 171929 (2018) Kat:3, Licht: 0","171929","3","4","2","01","09","5","1","0","0","1","1","0"
"POINT (11.566105656000047 48.136565526000027)","Unfall 171934 (2018) Kat:3, Licht: 0","171934","3","5","0","01","15","5","0","0","1","1","0","0"
"POINT (11.595258078000029 48.144117333000054)","Unfall 171937 (2018) Kat:3, Licht: 0","171937","3","4","5","01","14","4","0","0","1","0","1","0"
"POINT (11.602125551000029 48.123885718000054)","Unfall 171962 (2018) Kat:3, Licht: 0","171962","3","4","6","01","07","6","1","0","1","0","1","0"
"POINT (11.585566552000046 48.175972023000043)","Unfall 171978 (2018) Kat:3, Licht: 0","171978","3","6","2","01","14","5","1","0","0","1","0","0"
"POINT (11.565548703000047 48.133036550000043)","Unfall 171980 (2018) Kat:3, Licht: 2","171980","3","3","5","01","21","1","0","2","0","1","0","0"
"POINT (11.502618500000040 48.130992339000045)","Unfall 171982 (2018) Kat:3, Licht: 2","171982","3","4","6","01","18","7","2","2","0","1","1","0"
"POINT (11.565287018000049 48.148097360000065)","Unfall 171983 (2018) Kat:3, Licht: 0","171983","3","7","0","01","13","1","1","0","1","0","0","0"
"POINT (11.502982187000043 48.125564407000070)","Unfall 171985 (2018) Kat:2, Licht: 0","171985","2","3","4","01","07","1","1","0","0","1","0","0"
"POINT (11.497914802000025 48.094999673000075)","Unfall 171988 (2018) Kat:2, Licht: 0","171988","2","7","8","01","12","1","1","0","0","1","0","0"
"POINT (11.510622121000040 48.169832408000048)","Unfall 171995 (2018) Kat:3, Licht: 2","171995","3","6","1","01","21","5","0","2","0","1","0","0"
"POINT (11.529537590000075 48.176471715000048)","Unfall 172037 (2018) Kat:3, Licht: 1","172037","3","6","1","01","18","6","0","1","0","1","0","0"
"POINT (11.506901372000073 48.163638930000047)","Unfall 172038 (2018) Kat:3, Licht: 0","172038","3","2","5","01","13","6","0","0","0","1","0","0"
"POINT (11.541419155000028 48.163306536000050)","Unfall 172039 (2018) Kat:3, Licht: 2","172039","3","3","5","01","21","6","0","2","1","1","0","0"
"POINT (11.505941196000038 48.181449384000075)","Unfall 172040 (2018) Kat:3, Licht: 2","172040","3","3","5","01","17","6","0","2","0","1","0","1"
"POINT (11.597294336000061 48.149720085000070)","Unfall 172041 (2018) Kat:3, Licht: 0","172041","3","2","3","01","07","6","0","0","1","1","0","0"
"POINT (11.424286698000060 48.146175734000053)","Unfall 172042 (2018) Kat:3, Licht: 0","172042","3","3","5","01","13","6","0","0","0","1","0","0"
"POINT (11.531404298000041 48.130723709000051)","Unfall 172044 (2018) Kat:3, Licht: 0","172044","3","6","2","01","11","6","0","0","0","1","0","0"
"POINT (11.580376634000061 48.149024629000053)","Unfall 172045 (2018) Kat:2, Licht: 0","172045","2","7","0","01","09","6","0","0","1","0","0","0"
"POINT (11.605042268000034 48.151820191000070)","Unfall 172062 (2018) Kat:3, Licht: 2","172062","3","5","1","01","18","3","1","2","1","1","0","0"
"POINT (11.557148063000056 48.150516206000077)","Unfall 172065 (2018) Kat:3, Licht: 0","172065","3","6","1","01","16","3","0","0","0","1","0","0"
"POINT (11.593431685000041 48.142073130000028)","Unfall 172067 (2018) Kat:2, Licht: 2","172067","2","3","5","01","18","3","0","2","1","1","0","0"
"POINT (11.560997318000034 48.137053152000078)","Unfall 172069 (2018) Kat:3, Licht: 1","172069","3","4","6","01","16","3","0","1","0","1","1","0"
"POINT (11.558462077000058 48.143175792000079)","Unfall 172072 (2018) Kat:3, Licht: 2","172072","3","5","0","01","20","3","0","2","1","1","0","0"
"POINT (11.563233784000033 48.177490184000078)","Unfall 172075 (2018) Kat:3, Licht: 0","172075","3","5","3","01","15","3","0","0","1","1","0","0"
"POINT (11.616076234000047 48.158488267000052)","Unfall 172076 (2018) Kat:3, Licht: 0","172076","3","7","6","01","08","3","0","0","1","0","1","0"
"POINT (11.565751948000070 48.143299121000041)","Unfall 172078 (2018) Kat:3, Licht: 0","172078","3","5","1","01","11","3","0","0","1","1","0","0"
"POINT (11.548977617000048 48.160390710000058)","Unfall 172112 (2018) Kat:3, Licht: 0","172112","3","2","5","01","09","5","0","0","0","0","0","0"
"POINT (11.564736137000068 48.168000850000055)","Unfall 172113 (2018) Kat:3, Licht: 1","172113","3","3","5","01","17","5","0","1","1","1","0","0"
"POINT (11.592514824000034 48.114218391000065)","Unfall 172115 (2018) Kat:3, Licht: 0","172115","3","4","6","01","14","5","0","0","1","0","1","0"
"POINT (11.568970014000058 48.141441156000042)","Unfall 172116 (2018) Kat:2, Licht: 0","172116","2","2","3","01","16","5","0","0","1","0","0","0"
"POINT (11.605183508000039 48.104570808000062)","Unfall 172117 (2018) Kat:3, Licht: 1","172117","3","2","0","01","17","5","0","1","0","1","0","0"
"POINT (11.536077309000063 48.125950587000034)","Unfall 172119 (2018) Kat:3, Licht: 2","172119","3","2","2","01","18","5","0","2","1","1","0","0"
"POINT (11.547479197000030 48.159323759000074)","Unfall 172120 (2018) Kat:3, Licht: 0","172120","3","2","5","01","08","5","0","0","1","1","0","0"
"POINT (11.697071328000050 48.131529325000031)","Unfall 172123 (2018) Kat:3, Licht: 0","172123","3","7","5","01","16","5","0","0","1","0","0","0"
"POINT (11.701529114000039 48.105884763000063)","Unfall 172126 (2018) Kat:3, Licht: 1","172126","3","3","5","01","07","5","1","1","1","1","0","0"
"POINT (11.558444009000027 48.131080907000069)","Unfall 172128 (2018) Kat:3, Licht: 0","172128","3","7","0","01","08","5","0","0","0","1","0","0"
"POINT (11.588574914000048 48.139674300000081)","Unfall 172129 (2018) Kat:3, Licht: 0","172129","3","1","0","01","09","5","0","0","1","0","0","0"
"POINT (11.578441904000044 48.138689500000055)","Unfall 172131 (2018) Kat:3, Licht: 2","172131","3","3","5","01","19","5","0","2","1","1","0","0"
"POINT (11.562319901000023 48.137404912000079)","Unfall 172164 (2018) Kat:2, Licht: 0","172164","2","4","6","01","13","2","0","0","0","1","1","0"
"POINT (11.478913834000025 48.197402595000028)","Unfall 172166 (2018) Kat:3, Licht: 0","172166","3","6","1","01","12","2","0","0","0","1","0","0"
"POINT (11.570582096000066 48.146883791000050)","Unfall 172168 (2018) Kat:3, Licht: 0","172168","3","3","5","01","11","2","0","0","0","1","0","0"
"POINT (11.560786295000071 48.158040243000073)","Unfall 172169 (2018) Kat:3, Licht: 0","172169","3","7","5","01","07","2","0","0","1","0","0","0"
"POINT (11.561207236000030 48.219484971000043)","Unfall 172171 (2018) Kat:3, Licht: 0","172171","3","5","3","01","16","2","0","0","0","0","0","0"
"POINT (11.621252414000026 48.153675380000038)","Unfall 172173 (2018) Kat:3, Licht: 2","172173","3","4","0","01","16","2","0","2","0","0","1","0"
"POINT (11.549780564000059 48.160660917000030)","Unfall 172176 (2018) Kat:3, Licht: 2","172176","3","3","5","01","19","2","0","2","1","1","0","0"
"POINT (11.528431787000045 48.169153026000060)","Unfall 172208 (2018) Kat:3, Licht: 2","172208","3","3","5","01","18","4","0","2","1","1","0","0"
"POINT (11.556493489000047 48.168520950000072)","Unfall 172210 (2018) Kat:3, Licht: 1","172210","3","6","2","01","16","4","0","1","0","1","0","0"
"POINT (11.465215775000047 48.146116674000041)","Unfall 172213 (2018) Kat:3, Licht: 0","172213","3","2","5","01","14","4","0","0","0","1","0","0"
"POINT (11.597791170000050 48.201419526000052)","Unfall 172215 (2018) Kat:3, Licht: 0","172215","3","2","5","01","16","4","0","0","0","1","0","0"
"POINT (11.607895495000037 48.146839165000074)","Unfall 172217 (2018) Kat:3, Licht: 0","172217","3","7","6","01","07","4","0","0","1","0","1","0"
"POINT (11.520511856000041 48.147667456000079)","Unfall 172221 (2018) Kat:3, Licht: 2","172221","3","2","6","01","05","4","1","2","0","1","1","0"
"POINT (11.421323259000076 48.147463044000062)","Unfall 172223 (2018) Kat:3, Licht: 2","172223","3","2","6","01","17","4","0","2","0","1","1","0"
"POINT (11.585848597000052 48.171501347000060)","Unfall 172224 (2018) Kat:3, Licht: 0","172224","3","4","6","01","11","4","0","0","0","1","1","0"
"POINT (11.562941733000059 48.211091428000032)","Unfall 172226 (2018) Kat:3, Licht: 1","172226","3","3","5","01","16","4","0","1","0","1","0","0"
"POINT (11.573496270000021 48.143437360000064)","Unfall 172228 (2018) Kat:3, Licht: 0","172228","3","6","2","01","12","4","0","0","0","1","0","0"
"POINT (11.564863974000048 48.138212141000054)","Unfall 172230 (2018) Kat:2, Licht: 0","172230","2","1","8","01","15","4","0","0","1","0","0","0"
"POINT (11.604922066000029 48.104557550000038)","Unfall 172262 (2018) Kat:3, Licht: 0","172262","3","5","1","01","11","7","0","0","0","1","0","1"
"POINT (11.568958269000063 48.094124549000071)","Unfall 172263 (2018) Kat:3, Licht: 0","172263","3","7","3","01","10","7","0","0","0","1","0","0"
"POINT (11.602776193000068 48.127992668000047)","Unfall 172279 (2018) Kat:3, Licht: 0","172279","3","7","6","02","12","6","0","0","0","1","1","0"
"POINT (11.514778808000074 48.179245782000066)","Unfall 172280 (2018) Kat:3, Licht: 0","172280","3","4","6","02","12","6","0","0","0","1","1","0"
"POINT (11.598193351000077 48.202080217000059)","Unfall 172281 (2018) Kat:3, Licht: 0","172281","3","7","5","02","13","6","0","0","1","1","0","0"
"POINT (11.537276700000064 48.159715963000053)","Unfall 172282 (2018) Kat:3, Licht: 0","172282","3","3","5","02","08","6","0","0","1","1","0","0"
"POINT (11.609261101000072 48.150999165000030)","Unfall 172283 (2018) Kat:3, Licht: 0","172283","3","6","2","02","16","6","0","0","0","1","0","0"
"POINT (11.529114682000056 48.176632661000042)","Unfall 172311 (2018) Kat:3, Licht: 0","172311","3","4","6","02","16","3","1","0","0","1","1","0"
"POINT (11.542555279000055 48.122073299000078)","Unfall 172312 (2018) Kat:3, Licht: 0","172312","3","2","6","02","10","3","0","0","0","1","1","0"
"POINT (11.597900717000073 48.135632385000065)","Unfall 172332 (2018) Kat:3, Licht: 2","172332","3","1","9","02","23","5","1","2","0","1","0","0"
"POINT (11.461394197000061 48.147886243000073)","Unfall 172333 (2018) Kat:3, Licht: 0","172333","3","3","5","02","08","5","0","0","1","1","0","0"
"POINT (11.556019694000042 48.140860366000027)","Unfall 172335 (2018) Kat:3, Licht: 2","172335","3","7","0","02","06","5","0","2","1","0","0","0"
"POINT (11.595353465000073 48.147550804000048)","Unfall 172336 (2018) Kat:3, Licht: 0","172336","3","6","3","02","07","5","1","0","1","1","0","0"
"POINT (11.669176399000037 48.101454893000039)","Unfall 172338 (2018) Kat:3, Licht: 1","172338","3","3","5","02","17","5","0","1","0","1","0","0"
"POINT (11.445366675000059 48.148528360000057)","Unfall 172340 (2018) Kat:3, Licht: 1","172340","3","2","6","02","07","5","1","1","0","1","1","0"
"POINT (11.589448764000053 48.187867460000064)","Unfall 172342 (2018) Kat:3, Licht: 0","172342","3","6","2","02","14","5","1","0","0","1","0","0"
"POINT (11.546648765000043 48.148552052000070)","Unfall 172345 (2018) Kat:3, Licht: 0","172345","3","4","6","02","15","5","1","0","1","0","1","0"
"POINT (11.530796678000058 48.172143251000080)","Unfall 172347 (2018) Kat:2, Licht: 0","172347","2","7","0","02","15","5","1","0","0","1","0","1"
"POINT (11.543279628000050 48.139537750000045)","Unfall 172348 (2018) Kat:3, Licht: 0","172348","3","7","3","02","08","5","0","0","0","1","0","0"
"POINT (11.529322351000076 48.176387160000047)","Unfall 172350 (2018) Kat:3, Licht: 0","172350","3","2","5","02","13","5","1","0","1","1","0","0"
"POINT (11.590888774000064 48.125679146000039)","Unfall 172354 (2018) Kat:3, Licht: 2","172354","3","4","6","02","18","5","1","2","0","1","1","0"
"POINT (11.582115435000048 48.173715974000061)","Unfall 172356 (2018) Kat:3, Licht: 0","172356","3","5","1","02","09","5","1","0","1","1","0","0"
"POINT (11.580347202000041 48.148553177000053)","Unfall 172358 (2018) Kat:3, Licht: 0","172358","3","6","3","02","10","5","1","0","0","1","0","0"
"POINT (11.566484475000038 48.133262368000032)","Unfall 172385 (2018) Kat:3, Licht: 0","172385","3","6","2","02","14","2","0","0","0","1","0","0"
"POINT (11.620290446000070 48.157522559000029)","Unfall 172386 (2018) Kat:3, Licht: 0","172386","3","3","5","02","08","2","0","0","1","1","0","0"
"POINT (11.537467895000077 48.166234393000082)","Unfall 172388 (2018) Kat:3, Licht: 0","172388","3","6","2","02","09","2","0","0","0","1","0","0"
"POINT (11.609212795000076 48.185977237000031)","Unfall 172392 (2018) Kat:3, Licht: 0","172392","3","6","0","02","07","2","1","0","1","1","0","0"
"POINT (11.481180479000045 48.181074517000070)","Unfall 172397 (2018) Kat:2, Licht: 0","172397","2","3","5","02","13","2","0","0","1","1","0","0"
"POINT (11.598763232000067 48.141109851000067)","Unfall 172400 (2018) Kat:3, Licht: 0","172400","3","6","0","02","11","2","0","0","0","1","0","0"
"POINT (11.612992022000071 48.120933657000080)","Unfall 172402 (2018) Kat:3, Licht: 1","172402","3","2","4","02","18","2","0","1","0","1","0","0"
"POINT (11.518423057000064 48.224942945000066)","Unfall 172433 (2018) Kat:2, Licht: 0","172433","2","4","6","01","16","4","0","0","0","1","1","0"
"POINT (11.540882615000044 48.120365647000028)","Unfall 172436 (2018) Kat:3, Licht: 2","172436","3","5","1","01","19","4","0","2","1","1","0","0"
"POINT (11.564699738000058 48.121716173000038)","Unfall 172437 (2018) Kat:3, Licht: 0","172437","3","1","0","01","07","4","0","0","1","0","0","0"
"POINT (11.564657914000065 48.137404921000041)","Unfall 172439 (2018) Kat:3, Licht: 2","172439","3","3","5","01","02","4","0","2","0","1","0","0"
"POINT (11.556213062000040 48.214589556000078)","Unfall 172440 (2018) Kat:3, Licht: 2","172440","3","7","6","01","18","4","1","2","0","1","1","0"
"POINT (11.580132808000030 48.139105196000060)","Unfall 172442 (2018) Kat:3, Licht: 0","172442","3","7","3","01","15","4","0","0","1","1","0","0"
"POINT (11.573906325000053 48.117671152000071)","Unfall 172444 (2018) Kat:3, Licht: 0","172444","3","6","2","01","10","4","0","0","0","1","0","0"
"POINT (11.528146769000045 48.174137625000071)","Unfall 172445 (2018) Kat:3, Licht: 2","172445","3","7","1","02","01","1","1","2","0","1","0","0"
"POINT (11.646112309000046 48.138679380000042)","Unfall 172446 (2018) Kat:3, Licht: 2","172446","3","2","4","01","18","4","0","2","0","1","0","1"
"POINT (11.564235091000057 48.151125823000029)","Unfall 172447 (2018) Kat:3, Licht: 0","172447","3","3","6","02","15","1","1","0","0","1","1","0"
"POINT (11.531022180000036 48.136454835000052)","Unfall 172449 (2018) Kat:3, Licht: 2","172449","3","3","5","01","18","4","0","2","1","1","0","0"
"POINT (11.551453429000048 48.152987422000081)","Unfall 172450 (2018) Kat:3, Licht: 0","172450","3","7","7","02","15","1","0","0","1","0","0","0"
"POINT (11.584491144000026 48.138190649000080)","Unfall 172451 (2018) Kat:3, Licht: 2","172451","3","1","0","02","19","1","2","2","1","0","0","0"
"POINT (11.617734466000059 48.108925059000057)","Unfall 172491 (2018) Kat:3, Licht: 0","172491","3","3","5","02","13","7","1","0","0","1","0","0"
"POINT (11.577148126000054 48.136530319000030)","Unfall 172492 (2018) Kat:3, Licht: 0","172492","3","3","5","02","09","7","1","0","1","1","0","0"
"POINT (11.503182395000067 48.135356194000053)","Unfall 172494 (2018) Kat:3, Licht: 2","172494","3","2","3","02","18","7","1","2","1","1","0","0"
"POINT (11.576247551000051 48.169549645000075)","Unfall 172495 (2018) Kat:3, Licht: 2","172495","3","7","1","02","00","7","1","2","1","1","0","0"
"POINT (11.434851614000024 48.183425891000070)","Unfall 172527 (2018) Kat:3, Licht: 1","172527","3","6","2","01","07","4","0","1","0","1","0","0"
"POINT (11.546414751000043 48.112066985000070)","Unfall 172539 (2018) Kat:3, Licht: 0","172539","3","3","5","02","10","6","1","0","0","1","0","0"
"POINT (11.550333706000060 48.125539458000048)","Unfall 172540 (2018) Kat:3, Licht: 2","172540","3","7","3","02","19","6","1","2","0","1","0","0"
"POINT (11.558385321000060 48.126225449000060)","Unfall 172541 (2018) Kat:2, Licht: 0","172541","2","2","3","02","16","6","0","0","1","0","0","0"
"POINT (11.589574409000022 48.131750566000051)","Unfall 172542 (2018) Kat:3, Licht: 0","172542","3","2","5","02","14","6","1","0","1","1","0","0"
"POINT (11.620871114000067 48.153666458000032)","Unfall 172543 (2018) Kat:3, Licht: 2","172543","3","6","0","02","18","6","1","2","0","1","0","0"
"POINT (11.479022922000070 48.145193977000076)","Unfall 172544 (2018) Kat:3, Licht: 0","172544","3","4","5","02","15","6","0","0","0","1","1","0"
"POINT (11.531559337000033 48.170688820000066)","Unfall 172545 (2018) Kat:3, Licht: 0","172545","3","6","1","02","14","6","0","0","0","1","0","0"
"POINT (11.540867422000076 48.156088545000046)","Unfall 172546 (2018) Kat:3, Licht: 2","172546","3","4","6","02","17","6","1","2","0","1","1","0"
"POINT (11.506964419000042 48.163819427000078)","Unfall 172547 (2018) Kat:3, Licht: 2","172547","3","3","5","02","01","6","1","2","0","1","0","0"
"POINT (11.560009924000042 48.137405615000034)","Unfall 172548 (2018) Kat:3, Licht: 0","172548","3","2","5","02","10","6","0","0","0","1","0","0"
"POINT (11.602499448000060 48.135728354000037)","Unfall 172595 (2018) Kat:3, Licht: 0","172595","3","7","5","02","10","5","1","0","0","1","0","0"
"POINT (11.603055540000071 48.112450413000033)","Unfall 172598 (2018) Kat:3, Licht: 1","172598","3","4","6","02","07","5","1","1","0","1","1","0"
"POINT (11.526309717000061 48.071729324000046)","Unfall 172600 (2018) Kat:2, Licht: 0","172600","2","3","5","02","15","5","1","0","0","1","0","0"
"POINT (11.525028686000041 48.117929920000051)","Unfall 172602 (2018) Kat:3, Licht: 0","172602","3","7","6","02","10","5","2","0","0","1","1","0"
"POINT (11.593107167000028 48.187918417000049)","Unfall 172611 (2018) Kat:3, Licht: 0","172611","3","2","5","02","11","2","0","0","0","1","0","0"
"POINT (11.513022395000064 48.181397023000045)","Unfall 172613 (2018) Kat:3, Licht: 0","172613","3","5","1","02","11","2","0","0","1","0","0","0"
"POINT (11.626809810000054 48.139318564000064)","Unfall 172615 (2018) Kat:3, Licht: 2","172615","3","7","4","02","07","2","1","2","0","1","0","0"