WKT,Name,OBJECTID,UKATEGORIE,UTYP1,UART,UMONAT,USTUNDE,UWOCHENTAG,STRZUSTAND,ULICHTVERH,ISTRAD,ISTPKW,ISTFUSS,ISTKRAD
"POINT (11.584769860000051 48.158205033000058)","Unfall 172617 (2018) Kat:3, Licht: 2","172617","3","2","3","02","20","2","1","2","1","1","0","0"
"POINT (11.588672960000054 48.143035957000052)","Unfall 172619 (2018) Kat:3, Licht: 0","172619","3","6","2","02","17","2","0","0","0","1","0","0"
"POINT (11.591779711000072 48.132896984000070)","Unfall 172621 (2018) Kat:3, Licht: 0","172621","3","7","6","02","09","2","0","0","0","0","1","0"
"POINT (11.630750792000072 48.130760357000042)","Unfall 172623 (2018) Kat:3, Licht: 0","172623","3","7","3","02","11","2","0","0","1","1","0","0"
"POINT (11.571151051000072 48.152456203000042)","Unfall 172658 (2018) Kat:3, Licht: 0","172658","3","2","0","02","14","4","1","0","1","1","0","0"
"POINT (11.651033462000044 48.129345395000030)","Unfall 172661 (2018) Kat:2, Licht: 0","172661","2","3","5","02","12","4","1","0","1","1","0","0"
"POINT (11.564424300000042 48.192708918000051)","Unfall 172663 (2018) Kat:3, Licht: 2","172663","3","2","5","02","06","4","0","2","1","1","0","0"
"POINT (11.548670122000033 48.113739922000036)","Unfall 172665 (2018) Kat:2, Licht: 0","172665","2","3","5","02","15","4","1","0","1","1","0","0"
"POINT (11.504715172000033 48.147940922000032)","Unfall 172666 (2018) Kat:3, Licht: 2","172666","3","4","6","02","20","4","2","2","0","1","1","0"
"POINT (11.518438357000036 48.182407486000045)","Unfall 172668 (2018) Kat:3, Licht: 1","172668","3","4","6","02","07","4","0","1","0","1","1","0"
"POINT (11.562985310000045 48.210784575000048)","Unfall 172670 (2018) Kat:3, Licht: 2","172670","3","1","1","02","18","4","2","2","0","1","0","0"
"POINT (11.579539188000069 48.115983560000075)","Unfall 172672 (2018) Kat:3, Licht: 0","172672","3","2","1","02","12","4","1","0","1","1","0","0"
"POINT (11.634856317000072 48.166461947000073)","Unfall 172673 (2018) Kat:3, Licht: 0","172673","3","3","5","02","08","4","0","0","0","1","0","0"
"POINT (11.573534846000030 48.133445572000028)","Unfall 172701 (2018) Kat:3, Licht: 2","172701","3","2","5","02","22","1","1","2","1","1","0","0"
"POINT (11.586773634000053 48.137812764000046)","Unfall 172703 (2018) Kat:3, Licht: 2","172703","3","3","0","02","21","1","1","2","0","1","0","0"
"POINT (11.508392578000041 48.170951220000063)","Unfall 172705 (2018) Kat:3, Licht: 0","172705","3","3","5","02","13","1","0","0","0","1","0","0"
"POINT (11.556333151000047 48.208320534000052)","Unfall 172707 (2018) Kat:3, Licht: 0","172707","3","7","1","02","16","1","1","0","0","1","0","0"
"POINT (11.566365185000052 48.187155780000069)","Unfall 172710 (2018) Kat:3, Licht: 2","172710","3","2","6","02","20","1","1","2","0","1","1","0"
"POINT (11.588646441000037 48.116668503000028)","Unfall 172713 (2018) Kat:3, Licht: 2","172713","3","3","5","02","02","1","0","2","0","1","0","0"
"POINT (11.563736942000048 48.153740876000029)","Unfall 172714 (2018) Kat:3, Licht: 0","172714","3","3","5","02","12","1","0","0","0","1","0","0"
"POINT (11.551010575000021 48.145667991000039)","Unfall 172751 (2018) Kat:3, Licht: 0","172751","3","5","1","02","13","7","0","0","0","1","0","0"
"POINT (11.547457392000069 48.159897404000048)","Unfall 172754 (2018) Kat:3, Licht: 2","172754","3","6","2","02","23","7","1","2","0","1","0","0"
"POINT (11.521270885000035 48.181958622000082)","Unfall 172757 (2018) Kat:3, Licht: 2","172757","3","3","5","02","20","7","1","2","0","1","0","0"
"POINT (11.483996225000055 48.117308311000045)","Unfall 172758 (2018) Kat:3, Licht: 0","172758","3","5","5","02","15","7","0","0","0","1","0","0"
"POINT (11.584592122000060 48.157549805000031)","Unfall 172762 (2018) Kat:3, Licht: 0","172762","3","5","0","02","16","7","0","0","0","1","0","0"
"POINT (11.508691978000058 48.165967251000041)","Unfall 172765 (2018) Kat:3, Licht: 0","172765","3","6","2","02","16","7","0","0","0","1","0","0"
"POINT (11.612929471000029 48.120792593000033)","Unfall 172766 (2018) Kat:3, Licht: 2","172766","3","2","4","02","21","7","0","2","0","1","0","0"
"POINT (11.556661878000057 48.143224450000048)","Unfall 172768 (2018) Kat:3, Licht: 1","172768","3","6","6","02","18","7","1","1","1","0","1","0"
"POINT (11.580786453000030 48.138413170000035)","Unfall 172771 (2018) Kat:3, Licht: 0","172771","3","4","6","02","13","7","0","0","0","1","1","0"
"POINT (11.588251701000047 48.188092315000063)","Unfall 172776 (2018) Kat:3, Licht: 0","172776","3","3","5","02","15","3","0","0","1","1","0","0"
"POINT (11.559110219000047 48.175662354000053)","Unfall 172779 (2018) Kat:2, Licht: 0","172779","2","7","2","02","12","3","0","0","0","1","0","0"
"POINT (11.631000924000034 48.129132188000028)","Unfall 172782 (2018) Kat:3, Licht: 0","172782","3","3","5","02","15","3","0","0","0","1","0","1"
"POINT (11.576525852000032 48.114058961000069)","Unfall 172784 (2018) Kat:2, Licht: 0","172784","2","3","5","02","08","3","0","0","1","1","0","0"
"POINT (11.590094045000058 48.131158789000040)","Unfall 172785 (2018) Kat:3, Licht: 0","172785","3","7","6","02","15","3","0","0","0","1","1","0"
"POINT (11.503342852000060 48.143522288000042)","Unfall 172786 (2018) Kat:3, Licht: 0","172786","3","7","3","02","17","3","0","0","0","1","0","0"
"POINT (11.604409297000075 48.186629683000035)","Unfall 172789 (2018) Kat:3, Licht: 2","172789","3","6","3","02","18","3","0","2","0","1","0","0"
"POINT (11.575616957000022 48.144465198000034)","Unfall 172817 (2018) Kat:3, Licht: 2","172817","3","7","0","02","19","6","0","2","0","1","0","0"
"POINT (11.509652302000063 48.182036927000070)","Unfall 172818 (2018) Kat:3, Licht: 0","172818","3","5","0","02","16","6","1","0","0","1","0","0"
"POINT (11.607286687000055 48.139484934000052)","Unfall 172820 (2018) Kat:3, Licht: 0","172820","3","1","0","02","15","6","0","0","1","0","0","0"
"POINT (11.533626965000053 48.116984485000046)","Unfall 172822 (2018) Kat:3, Licht: 2","172822","3","2","6","02","06","6","1","2","0","1","1","0"
"POINT (11.528669570000034 48.116654179000079)","Unfall 172825 (2018) Kat:3, Licht: 0","172825","3","7","1","02","11","6","1","0","0","1","0","0"
"POINT (11.522228896000058 48.190580810000029)","Unfall 172827 (2018) Kat:3, Licht: 0","172827","3","6","1","02","10","6","1","0","0","1","0","0"
"POINT (11.576588162000064 48.113047624000046)","Unfall 172831 (2018) Kat:3, Licht: 0","172831","3","4","6","02","16","6","1","0","0","1","1","0"
"POINT (11.562269836000041 48.186872928000071)","Unfall 172832 (2018) Kat:3, Licht: 0","172832","3","3","5","02","17","3","1","0","0","1","0","0"
"POINT (11.511574479000046 48.158285015000047)","Unfall 172834 (2018) Kat:3, Licht: 0","172834","3","2","5","02","08","3","2","0","0","1","0","0"
"POINT (11.589191451000033 48.137400416000048)","Unfall 172836 (2018) Kat:3, Licht: 0","172836","3","3","5","02","12","3","1","0","0","1","0","0"
"POINT (11.585968164000064 48.131964623000044)","Unfall 172838 (2018) Kat:3, Licht: 0","172838","3","4","6","02","07","3","1","0","0","0","1","0"
"POINT (11.584876613000063 48.132297883000035)","Unfall 172839 (2018) Kat:3, Licht: 0","172839","3","3","5","02","14","3","0","0","0","1","0","0"
"POINT (11.579200575000073 48.196899138000049)","Unfall 172841 (2018) Kat:3, Licht: 0","172841","3","3","5","02","09","3","2","0","0","1","0","0"
"POINT (11.519094226000050 48.094601340000054)","Unfall 172844 (2018) Kat:3, Licht: 0","172844","3","3","5","02","11","3","1","0","0","1","0","0"
"POINT (11.646529299000065 48.109168743000055)","Unfall 172845 (2018) Kat:3, Licht: 0","172845","3","2","4","02","08","3","1","0","0","1","0","0"
"POINT (11.518642471000021 48.120865467000044)","Unfall 172846 (2018) Kat:3, Licht: 0","172846","3","3","5","02","09","3","1","0","0","1","0","0"
"POINT (11.573104346000036 48.140273794000052)","Unfall 172871 (2018) Kat:3, Licht: 0","172871","3","5","1","02","11","5","0","0","1","1","0","0"
"POINT (11.544861445000038 48.127858006000054)","Unfall 172873 (2018) Kat:3, Licht: 2","172873","3","3","5","02","18","5","1","2","0","1","0","0"
"POINT (11.555847149000044 48.135890862000053)","Unfall 172875 (2018) Kat:3, Licht: 0","172875","3","6","2","02","07","5","0","0","0","1","0","0"
"POINT (11.560793016000048 48.158067877000065)","Unfall 172878 (2018) Kat:3, Licht: 2","172878","3","3","5","02","21","5","1","2","1","1","0","0"
"POINT (11.559513272000061 48.137410909000039)","Unfall 172880 (2018) Kat:3, Licht: 2","172880","3","4","6","02","18","5","1","2","0","1","1","0"
"POINT (11.512531653000053 48.139177853000035)","Unfall 172881 (2018) Kat:3, Licht: 0","172881","3","3","5","02","13","5","0","0","1","1","0","0"
"POINT (11.663722774000064 48.108266579000031)","Unfall 172883 (2018) Kat:3, Licht: 2","172883","3","4","6","02","18","5","1","2","0","1","1","0"
"POINT (11.559768380000037 48.125713059000077)","Unfall 172885 (2018) Kat:3, Licht: 0","172885","3","6","0","02","15","5","1","0","0","1","0","0"
"POINT (11.571754970000029 48.167338990000076)","Unfall 172887 (2018) Kat:3, Licht: 2","172887","3","6","2","02","18","5","1","2","0","1","0","0"
"POINT (11.583245071000022 48.133213491000049)","Unfall 172910 (2018) Kat:3, Licht: 0","172910","3","4","6","02","16","2","1","0","1","0","1","0"
"POINT (11.649536934000025 48.129790023000055)","Unfall 172913 (2018) Kat:3, Licht: 0","172913","3","7","4","02","15","2","1","0","0","1","0","0"
"POINT (11.562769309000032 48.141623015000050)","Unfall 172916 (2018) Kat:2, Licht: 0","172916","2","7","6","02","13","2","0","0","0","1","1","0"
"POINT (11.592846404000056 48.112932542000067)","Unfall 172918 (2018) Kat:3, Licht: 0","172918","3","1","0","02","09","2","2","0","1","0","0","0"
"POINT (11.615359542000022 48.142540645000054)","Unfall 172919 (2018) Kat:3, Licht: 0","172919","3","2","6","02","10","2","0","0","0","1","1","0"
"POINT (11.536298197000065 48.176428962000045)","Unfall 172969 (2018) Kat:3, Licht: 2","172969","3","3","5","02","20","4","1","2","0","1","0","0"
"POINT (11.449131628000032 48.141317253000068)","Unfall 172970 (2018) Kat:3, Licht: 0","172970","3","2","4","02","09","4","1","0","0","1","0","0"
"POINT (11.618765365000058 48.207196385000032)","Unfall 172972 (2018) Kat:3, Licht: 0","172972","3","2","5","02","09","4","0","0","0","1","0","0"
"POINT (11.523450359000037 48.095177066000076)","Unfall 172973 (2018) Kat:3, Licht: 0","172973","3","3","5","02","15","4","0","0","1","1","0","0"
"POINT (11.606001277000075 48.186643168000046)","Unfall 172975 (2018) Kat:3, Licht: 0","172975","3","2","6","02","13","4","0","0","0","1","1","0"
"POINT (11.536294723000026 48.176385734000064)","Unfall 172977 (2018) Kat:3, Licht: 0","172977","3","3","5","02","09","4","0","0","0","1","0","0"
"POINT (11.565214377000075 48.192860444000075)","Unfall 172979 (2018) Kat:3, Licht: 0","172979","3","1","9","02","09","4","0","0","0","1","0","0"
"POINT (11.566181142000062 48.187943541000038)","Unfall 172982 (2018) Kat:3, Licht: 0","172982","3","2","5","02","14","4","0","0","1","1","0","0"
"POINT (11.669215713000028 48.139869319000070)","Unfall 172985 (2018) Kat:3, Licht: 0","172985","3","2","4","02","09","4","0","0","0","1","0","0"
"POINT (11.563221893000048 48.160327667000047)","Unfall 172986 (2018) Kat:3, Licht: 2","172986","3","1","6","02","19","4","0","2","0","1","1","0"
"POINT (11.511506214000065 48.158319578000032)","Unfall 172992 (2018) Kat:3, Licht: 0","172992","3","2","3","02","14","1","0","0","0","1","0","0"
"POINT (11.535206388000063 48.123659228000065)","Unfall 172994 (2018) Kat:3, Licht: 0","172994","3","7","8","02","08","1","1","0","0","1","0","0"
"POINT (11.553091217000031 48.142623307000065)","Unfall 172995 (2018) Kat:2, Licht: 2","172995","2","4","6","02","05","1","1","2","0","1","1","0"
"POINT (11.658762709000030 48.153664684000034)","Unfall 173018 (2018) Kat:3, Licht: 0","173018","3","3","5","02","10","7","1","0","0","1","0","0"
"POINT (11.605665424000051 48.200155919000053)","Unfall 173020 (2018) Kat:3, Licht: 0","173020","3","6","2","02","16","7","1","0","0","1","0","0"
"POINT (11.582743536000066 48.187784475000058)","Unfall 173022 (2018) Kat:3, Licht: 0","173022","3","6","8","02","11","7","1","0","0","1","0","0"
"POINT (11.557057325000073 48.141918032000035)","Unfall 173024 (2018) Kat:3, Licht: 2","173024","3","7","3","02","01","7","1","2","1","1","0","0"
"POINT (11.475585637000052 48.183442589000038)","Unfall 173025 (2018) Kat:3, Licht: 0","173025","3","3","5","02","14","7","2","0","0","1","0","0"
"POINT (11.595497193000028 48.110430324000049)","Unfall 173027 (2018) Kat:3, Licht: 0","173027","3","1","9","02","17","7","2","0","0","1","0","0"
"POINT (11.550529600000061 48.136019427000065)","Unfall 173050 (2018) Kat:3, Licht: 0","173050","3","2","3","02","09","3","0","0","1","1","0","0"
"POINT (11.567470212000046 48.209330124000076)","Unfall 173052 (2018) Kat:3, Licht: 0","173052","3","2","6","02","08","3","0","0","0","1","1","0"
"POINT (11.559715739000069 48.150097317000075)","Unfall 173053 (2018) Kat:3, Licht: 2","173053","3","3","0","02","17","3","0","2","1","1","0","0"
"POINT (11.601448801000060 48.128315056000076)","Unfall 173055 (2018) Kat:3, Licht: 0","173055","3","6","4","02","13","3","0","0","1","1","0","0"
"POINT (11.562427309000043 48.137404914000058)","Unfall 173080 (2018) Kat:3, Licht: 0","173080","3","4","6","02","17","7","0","0","0","1","1","0"
"POINT (11.577778404000071 48.143016679000027)","Unfall 173081 (2018) Kat:3, Licht: 2","173081","3","6","2","02","19","7","0","2","0","1","0","0"
"POINT (11.565203442000040 48.192947169000036)","Unfall 173083 (2018) Kat:3, Licht: 0","173083","3","5","2","02","07","7","0","0","0","1","0","0"
"POINT (11.544739681000067 48.127790410000046)","Unfall 173102 (2018) Kat:3, Licht: 0","173102","3","3","5","02","12","4","0","0","0","1","0","0"
"POINT (11.558001582000031 48.145564972000045)","Unfall 173104 (2018) Kat:3, Licht: 0","173104","3","2","5","02","06","4","1","0","0","1","0","0"
"POINT (11.555924723000032 48.128419759000053)","Unfall 173105 (2018) Kat:3, Licht: 0","173105","3","6","2","02","09","4","0","0","0","1","0","0"
"POINT (11.613577776000056 48.127024510000069)","Unfall 173107 (2018) Kat:2, Licht: 2","173107","2","4","6","02","20","4","0","2","0","1","1","0"
"POINT (11.647028629000033 48.130352502000051)","Unfall 173110 (2018) Kat:2, Licht: 0","173110","2","3","5","02","08","4","0","0","0","1","0","1"
"POINT (11.586216320000062 48.161859658000026)","Unfall 173111 (2018) Kat:3, Licht: 0","173111","3","7","5","02","08","4","1","0","0","1","0","0"
"POINT (11.535181177000027 48.152252890000057)","Unfall 173131 (2018) Kat:3, Licht: 0","173131","3","5","0","02","06","6","0","0","0","1","0","0"
"POINT (11.516712001000030 48.181733069000074)","Unfall 173132 (2018) Kat:3, Licht: 0","173132","3","7","9","02","09","6","1","0","0","1","0","0"
"POINT (11.519876312000065 48.109769938000056)","Unfall 173134 (2018) Kat:3, Licht: 2","173134","3","3","5","02","20","6","1","2","0","1","0","0"
"POINT (11.548304911000059 48.140591592000078)","Unfall 173135 (2018) Kat:2, Licht: 0","173135","2","2","0","02","13","6","0","0","0","0","0","1"
"POINT (11.569820059000051 48.093421948000071)","Unfall 173137 (2018) Kat:3, Licht: 0","173137","3","6","1","02","10","6","1","0","0","1","0","0"
"POINT (11.572804353000038 48.176423768000063)","Unfall 173139 (2018) Kat:3, Licht: 0","173139","3","6","2","02","12","6","2","0","0","1","0","0"
"POINT (11.534732992000045 48.195253303000072)","Unfall 173184 (2018) Kat:3, Licht: 2","173184","3","7","0","02","18","3","0","2","0","0","0","0"
"POINT (11.609558166000056 48.118532440000081)","Unfall 173185 (2018) Kat:2, Licht: 1","173185","2","7","0","02","17","3","0","1","0","1","0","0"
"POINT (11.561172989000056 48.139491249000059)","Unfall 173187 (2018) Kat:3, Licht: 0","173187","3","2","6","02","15","3","0","0","0","1","0","0"
"POINT (11.505038205000062 48.172393204000059)","Unfall 173188 (2018) Kat:3, Licht: 0","173188","3","6","1","02","17","3","0","0","0","1","0","0"
"POINT (11.528321367000046 48.097466581000049)","Unfall 173191 (2018) Kat:3, Licht: 0","173191","3","2","5","02","07","3","2","0","1","1","0","0"
"POINT (11.557849729000054 48.139281583000070)","Unfall 173196 (2018) Kat:3, Licht: 0","173196","3","7","5","02","09","3","0","0","0","1","0","0"
"POINT (11.572818728000072 48.150327829000048)","Unfall 173197 (2018) Kat:3, Licht: 0","173197","3","7","1","02","11","5","1","0","0","0","0","0"
"POINT (11.642300784000042 48.121677968000029)","Unfall 173198 (2018) Kat:3, Licht: 0","173198","3","2","6","02","08","5","0","0","0","1","1","0"
"POINT (11.561567799000045 48.120657456000060)","Unfall 173199 (2018) Kat:3, Licht: 0","173199","3","5","1","02","15","3","0","0","0","1","0","0"
"POINT (11.572695213000031 48.185669921000056)","Unfall 173200 (2018) Kat:3, Licht: 0","173200","3","3","5","02","14","5","1","0","1","1","0","0"
"POINT (11.590030166000076 48.166262417000041)","Unfall 173201 (2018) Kat:3, Licht: 0","173201","3","3","5","02","17","3","1","0","0","1","0","0"
"POINT (11.503235830000051 48.183792390000065)","Unfall 173202 (2018) Kat:2, Licht: 2","173202","2","3","5","02","06","5","0","2","1","1","0","0"
"POINT (11.463076350000051 48.164726278000046)","Unfall 173205 (2018) Kat:3, Licht: 0","173205","3","2","4","02","15","5","1","0","0","1","0","0"
"POINT (11.518420846000026 48.140398124000058)","Unfall 173207 (2018) Kat:3, Licht: 0","173207","3","6","2","02","09","5","1","0","0","1","0","0"
"POINT (11.644680885000071 48.165205058000026)","Unfall 173209 (2018) Kat:3, Licht: 0","173209","3","6","2","02","14","5","0","0","0","1","0","0"
"POINT (11.504004515000076 48.094341768000049)","Unfall 173249 (2018) Kat:3, Licht: 2","173249","3","4","6","02","20","2","1","2","0","1","1","0"
"POINT (11.693177590000062 48.109005963000072)","Unfall 173250 (2018) Kat:3, Licht: 0","173250","3","3","5","02","16","2","0","0","0","1","0","0"
"POINT (11.573125195000046 48.139036022000028)","Unfall 173253 (2018) Kat:3, Licht: 2","173253","3","7","0","02","22","2","2","2","1","0","0","0"
"POINT (11.554715396000063 48.159878330000026)","Unfall 173258 (2018) Kat:2, Licht: 0","173258","2","3","5","02","08","2","0","0","0","1","0","0"
"POINT (11.612897897000039 48.120933970000067)","Unfall 173260 (2018) Kat:3, Licht: 0","173260","3","6","5","02","16","2","0","0","0","1","0","0"
"POINT (11.553197602000068 48.216220207000049)","Unfall 173261 (2018) Kat:3, Licht: 0","173261","3","4","6","02","15","2","2","0","0","1","1","0"
"POINT (11.600131655000041 48.115269974000057)","Unfall 173278 (2018) Kat:3, Licht: 0","173278","3","7","4","02","08","4","1","0","0","1","0","0"
"POINT (11.568036311000071 48.147604613000055)","Unfall 173281 (2018) Kat:3, Licht: 0","173281","3","7","0","02","07","4","2","0","1","1","0","0"
"POINT (11.612034627000071 48.146167083000080)","Unfall 173283 (2018) Kat:3, Licht: 0","173283","3","3","5","02","08","4","2","0","0","1","0","0"
"POINT (11.584775323000031 48.132216325000059)","Unfall 173285 (2018) Kat:3, Licht: 2","173285","3","2","6","02","00","4","1","2","0","1","1","0"
"POINT (11.518820228000038 48.105111266000051)","Unfall 173322 (2018) Kat:3, Licht: 0","173322","3","6","4","02","16","1","0","0","0","1","0","0"
"POINT (11.707426951000059 48.133489497000028)","Unfall 173323 (2018) Kat:3, Licht: 0","173323","3","7","6","02","16","1","0","0","0","1","1","0"
"POINT (11.580471147000026 48.105133914000078)","Unfall 173324 (2018) Kat:3, Licht: 0","173324","3","3","5","02","14","1","0","0","0","1","0","0"
"POINT (11.569127921000074 48.137499582000032)","Unfall 173343 (2018) Kat:3, Licht: 0","173343","3","2","6","03","17","5","0","0","0","1","1","0"
"POINT (11.641640596000059 48.155825119000042)","Unfall 173345 (2018) Kat:3, Licht: 0","173345","3","3","5","03","08","5","0","0","1","1","0","0"
"POINT (11.601510412000039 48.103723200000047)","Unfall 173346 (2018) Kat:3, Licht: 1","173346","3","3","5","03","06","5","0","1","0","1","0","0"
"POINT (11.532416078000040 48.134114683000064)","Unfall 173347 (2018) Kat:3, Licht: 0","173347","3","3","0","03","06","5","0","0","0","0","0","1"
"POINT (11.577170480000063 48.149904981000077)","Unfall 173348 (2018) Kat:3, Licht: 2","173348","3","6","2","03","19","5","0","2","1","1","0","0"
"POINT (11.508140268000034 48.152850812000054)","Unfall 173352 (2018) Kat:3, Licht: 0","173352","3","3","5","03","13","5","0","0","0","1","0","0"
"POINT (11.603196212000057 48.112439725000058)","Unfall 173355 (2018) Kat:3, Licht: 0","173355","3","3","5","03","08","5","0","0","1","1","0","0"
"POINT (11.536869135000074 48.133869258000061)","Unfall 173357 (2018) Kat:3, Licht: 0","173357","3","3","5","03","15","5","0","0","1","1","0","0"
"POINT (11.685179275000053 48.135464007000053)","Unfall 173376 (2018) Kat:2, Licht: 2","173376","2","3","5","03","20","1","0","2","0","1","0","0"
"POINT (11.528186418000075 48.130461486000058)","Unfall 173378 (2018) Kat:3, Licht: 0","173378","3","2","3","03","15","1","0","0","1","1","0","0"
"POINT (11.630559605000030 48.118677435000052)","Unfall 173380 (2018) Kat:2, Licht: 0","173380","2","3","5","03","17","1","1","0","0","1","0","0"
"POINT (11.646413037000059 48.139903796000056)","Unfall 173382 (2018) Kat:3, Licht: 1","173382","3","2","4","03","18","1","0","1","0","1","0","0"
"POINT (11.505405182000061 48.177238610000074)","Unfall 173384 (2018) Kat:3, Licht: 0","173384","3","4","6","03","10","1","0","0","0","1","1","0"
"POINT (11.586132239000051 48.168362314000035)","Unfall 173415 (2018) Kat:3, Licht: 0","173415","3","3","5","03","08","4","0","0","0","1","0","0"
"POINT (11.537447959000076 48.166255304000060)","Unfall 173417 (2018) Kat:3, Licht: 0","173417","3","6","0","03","08","4","0","0","0","1","0","1"
"POINT (11.479982943000039 48.137846030000048)","Unfall 173419 (2018) Kat:2, Licht: 0","173419","2","7","0","03","13","4","0","0","0","0","0","0"
"POINT (11.536525041000061 48.181949572000065)","Unfall 173420 (2018) Kat:3, Licht: 2","173420","3","4","6","03","20","7","0","2","0","1","1","0"
"POINT (11.643959844000051 48.115126532000033)","Unfall 173421 (2018) Kat:3, Licht: 0","173421","3","3","5","03","07","4","0","0","1","1","0","0"
"POINT (11.561419985000043 48.141498240000033)","Unfall 173422 (2018) Kat:3, Licht: 0","173422","3","5","1","03","12","7","1","0","0","0","0","0"
"POINT (11.517924685000025 48.139018546000045)","Unfall 173423 (2018) Kat:3, Licht: 0","173423","3","2","5","03","13","7","1","0","0","1","0","0"
"POINT (11.510664384000052 48.169592597000076)","Unfall 173424 (2018) Kat:3, Licht: 0","173424","3","6","2","03","12","4","0","0","0","1","0","0"
"POINT (11.646367380000072 48.101596627000049)","Unfall 173425 (2018) Kat:2, Licht: 0","173425","2","4","6","03","15","7","0","0","0","1","1","0"
"POINT (11.633782106000069 48.168235041000059)","Unfall 173428 (2018) Kat:3, Licht: 1","173428","3","7","6","03","18","7","0","1","0","0","1","0"
"POINT (11.533972172000063 48.155253987000037)","Unfall 173429 (2018) Kat:3, Licht: 0","173429","3","6","6","03","11","4","0","0","0","1","1","0"
"POINT (11.478827292000062 48.122233673000039)","Unfall 173430 (2018) Kat:3, Licht: 0","173430","3","7","5","03","11","7","0","0","0","1","0","0"
"POINT (11.513536555000030 48.181461784000078)","Unfall 173431 (2018) Kat:3, Licht: 2","173431","3","3","5","03","06","4","0","2","1","1","0","0"
"POINT (11.425862057000074 48.148561286000074)","Unfall 173432 (2018) Kat:3, Licht: 2","173432","3","7","1","03","00","7","1","2","0","1","0","0"
"POINT (11.639173135000021 48.119388056000048)","Unfall 173433 (2018) Kat:3, Licht: 2","173433","3","7","1","03","03","4","0","2","0","1","0","0"
"POINT (11.543665034000071 48.118350557000042)","Unfall 173434 (2018) Kat:3, Licht: 2","173434","3","6","8","03","00","7","2","2","0","1","0","0"
"POINT (11.479327457000068 48.123520218000067)","Unfall 173436 (2018) Kat:3, Licht: 2","173436","3","6","3","03","18","7","0","2","0","1","0","0"
"POINT (11.608273899000039 48.193820696000046)","Unfall 173438 (2018) Kat:3, Licht: 0","173438","3","7","6","03","15","7","0","0","1","0","1","0"
"POINT (11.503656755000065 48.081978587000037)","Unfall 173493 (2018) Kat:3, Licht: 2","173493","3","4","6","03","20","6","1","2","0","1","1","0"
"POINT (11.667627258000039 48.123469192000073)","Unfall 173495 (2018) Kat:3, Licht: 0","173495","3","3","1","03","09","6","0","0","1","1","0","0"
"POINT (11.584876613000063 48.132297883000035)","Unfall 173497 (2018) Kat:3, Licht: 2","173497","3","3","5","03","22","6","1","2","0","1","0","0"
"POINT (11.636513625000077 48.172168229000079)","Unfall 173499 (2018) Kat:3, Licht: 0","173499","3","2","4","03","09","6","0","0","0","1","0","0"
"POINT (11.502961055000071 48.143291683000029)","Unfall 173501 (2018) Kat:2, Licht: 0","173501","2","3","5","03","12","6","0","0","0","1","0","0"
"POINT (11.528230859000075 48.165331676000051)","Unfall 173503 (2018) Kat:3, Licht: 0","173503","3","4","6","03","09","6","1","0","0","1","1","0"
"POINT (11.576207350000061 48.156575009000051)","Unfall 173506 (2018) Kat:3, Licht: 0","173506","3","7","5","03","11","6","0","0","0","1","0","0"
"POINT (11.585453318000077 48.161990489000061)","Unfall 173508 (2018) Kat:3, Licht: 0","173508","3","1","1","03","08","6","1","0","1","1","0","0"
"POINT (11.529775393000023 48.217852855000046)","Unfall 173515 (2018) Kat:3, Licht: 2","173515","3","3","5","03","23","3","0","2","0","1","0","0"
"POINT (11.463992260000055 48.189354088000073)","Unfall 173516 (2018) Kat:2, Licht: 0","173516","2","1","0","03","12","3","0","0","1","0","0","0"
"POINT (11.566963709000049 48.159286558000076)","Unfall 173518 (2018) Kat:3, Licht: 2","173518","3","5","6","03","00","3","0","2","0","1","1","0"
"POINT (11.548652239000035 48.123920526000063)","Unfall 173519 (2018) Kat:3, Licht: 0","173519","3","3","5","03","07","3","0","0","0","1","0","0"
"POINT (11.601186230000053 48.119754739000030)","Unfall 173563 (2018) Kat:3, Licht: 0","173563","3","6","2","03","16","5","0","0","0","1","0","0"
"POINT (11.600324064000063 48.166754123000032)","Unfall 173565 (2018) Kat:3, Licht: 0","173565","3","1","1","03","14","5","1","0","0","1","0","1"
"POINT (11.554979992000028 48.213425892000032)","Unfall 173567 (2018) Kat:3, Licht: 0","173567","3","6","2","03","12","5","2","0","0","1","0","0"
"POINT (11.548417149000045 48.197499201000028)","Unfall 173569 (2018) Kat:3, Licht: 0","173569","3","1","1","03","07","5","2","0","1","1","0","0"
"POINT (11.555014898000024 48.123617988000035)","Unfall 173571 (2018) Kat:3, Licht: 2","173571","3","7","0","03","21","5","0","2","0","0","0","0"
"POINT (11.590492449000067 48.142662849000033)","Unfall 173573 (2018) Kat:3, Licht: 1","173573","3","6","2","03","18","5","1","1","0","1","0","0"
"POINT (11.677648971000053 48.114193034000039)","Unfall 173574 (2018) Kat:3, Licht: 0","173574","3","3","5","03","16","5","0","0","0","1","0","0"
"POINT (11.541645714000026 48.159648534000041)","Unfall 173576 (2018) Kat:3, Licht: 0","173576","3","5","1","03","12","5","0","0","1","1","0","0"
"POINT (11.572899089000032 48.133065749000082)","Unfall 173577 (2018) Kat:3, Licht: 1","173577","3","6","2","03","18","5","0","1","0","1","0","0"
"POINT (11.534240134000072 48.108935942000073)","Unfall 173580 (2018) Kat:3, Licht: 0","173580","3","3","6","03","16","5","0","0","0","1","1","0"
"POINT (11.571151051000072 48.152456203000042)","Unfall 173582 (2018) Kat:3, Licht: 0","173582","3","3","5","03","12","5","0","0","1","1","0","0"