WKT,Name,OBJECTID,UKATEGORIE,UTYP1,UART,UMONAT,USTUNDE,UWOCHENTAG,STRZUSTAND,ULICHTVERH,ISTRAD,ISTPKW,ISTFUSS,ISTKRAD
"POINT (11.577457702000061 48.139867394000078)","Unfall 173589 (2018) Kat:3, Licht: 0","173589","3","1","0","03","15","2","0","0","1","0","0","0"
"POINT (11.555746380000073 48.128991420000034)","Unfall 173592 (2018) Kat:3, Licht: 0","173592","3","5","5","03","11","2","0","0","1","1","0","0"
"POINT (11.636082386000055 48.088924378000058)","Unfall 173595 (2018) Kat:3, Licht: 0","173595","3","7","0","03","16","2","0","0","0","0","0","0"
"POINT (11.556001471000059 48.128348466000034)","Unfall 173596 (2018) Kat:3, Licht: 0","173596","3","3","5","03","08","2","0","0","0","1","0","0"
"POINT (11.636598732000039 48.107630069000038)","Unfall 173598 (2018) Kat:3, Licht: 0","173598","3","7","0","03","14","2","0","0","0","0","0","0"
"POINT (11.548716760000048 48.137606484000059)","Unfall 173599 (2018) Kat:3, Licht: 0","173599","3","7","0","03","16","2","0","0","0","1","0","1"
"POINT (11.671432131000074 48.119837503000042)","Unfall 173608 (2018) Kat:3, Licht: 0","173608","3","6","2","03","14","2","0","0","0","1","0","0"
"POINT (11.706322029000034 48.144489103000069)","Unfall 173609 (2018) Kat:3, Licht: 0","173609","3","3","5","03","16","2","0","0","0","1","0","0"
"POINT (11.597459308000055 48.132765830000039)","Unfall 173610 (2018) Kat:3, Licht: 0","173610","3","5","1","03","11","2","1","0","1","1","0","0"
"POINT (11.597414855000068 48.132987113000070)","Unfall 173611 (2018) Kat:2, Licht: 2","173611","2","7","0","03","01","2","1","2","1","0","0","0"
"POINT (11.495271106000075 48.201434480000046)","Unfall 173612 (2018) Kat:3, Licht: 2","173612","3","5","1","03","05","2","1","2","1","0","0","0"
"POINT (11.583053033000056 48.154280421000067)","Unfall 173613 (2018) Kat:3, Licht: 0","173613","3","7","0","03","08","2","0","0","0","0","0","0"
"POINT (11.576339895000046 48.127778395000064)","Unfall 173614 (2018) Kat:3, Licht: 2","173614","3","3","5","03","22","2","0","2","1","1","0","0"
"POINT (11.489573155000073 48.179397661000053)","Unfall 173615 (2018) Kat:3, Licht: 0","173615","3","3","5","03","15","2","0","0","0","1","0","0"
"POINT (11.628517271000021 48.101317419000054)","Unfall 173617 (2018) Kat:3, Licht: 2","173617","3","2","5","03","19","2","0","2","1","1","0","0"
"POINT (11.600976463000052 48.128345841000055)","Unfall 173618 (2018) Kat:3, Licht: 0","173618","3","6","6","03","17","2","0","0","1","0","1","0"
"POINT (11.581790841000043 48.138775713000030)","Unfall 173620 (2018) Kat:3, Licht: 2","173620","3","2","5","03","19","2","0","2","0","1","0","1"
"POINT (11.447704350000038 48.140376691000029)","Unfall 173688 (2018) Kat:3, Licht: 0","173688","3","3","5","03","12","1","0","0","1","1","0","0"
"POINT (11.639035172000035 48.110184952000054)","Unfall 173690 (2018) Kat:3, Licht: 0","173690","3","6","4","03","15","1","0","0","0","1","0","0"
"POINT (11.513084389000028 48.183647431000054)","Unfall 173691 (2018) Kat:3, Licht: 1","173691","3","1","0","03","18","1","0","1","1","0","0","0"
"POINT (11.563372659000038 48.208807336000064)","Unfall 173693 (2018) Kat:3, Licht: 2","173693","3","6","1","03","18","1","0","2","0","1","0","0"
"POINT (11.552087824000068 48.186089980000077)","Unfall 173727 (2018) Kat:3, Licht: 0","173727","3","6","2","03","13","4","0","0","0","1","0","0"
"POINT (11.548525911000070 48.114683270000057)","Unfall 173730 (2018) Kat:3, Licht: 0","173730","3","2","6","03","07","4","1","0","0","1","1","0"
"POINT (11.553150634000076 48.124727937000046)","Unfall 173731 (2018) Kat:3, Licht: 0","173731","3","5","1","03","18","4","0","0","1","1","0","0"
"POINT (11.578880803000061 48.154753217000064)","Unfall 173733 (2018) Kat:3, Licht: 0","173733","3","6","2","03","15","4","0","0","1","1","0","0"
"POINT (11.562317388000054 48.172197988000050)","Unfall 173734 (2018) Kat:3, Licht: 0","173734","3","3","5","03","16","4","0","0","0","1","0","0"
"POINT (11.587866093000059 48.135114756000064)","Unfall 173736 (2018) Kat:3, Licht: 2","173736","3","6","2","03","22","7","1","2","0","1","0","0"
"POINT (11.562217581000027 48.204543928000078)","Unfall 173737 (2018) Kat:3, Licht: 2","173737","3","3","5","03","19","4","0","2","0","1","0","0"
"POINT (11.663064188000021 48.125494524000032)","Unfall 173738 (2018) Kat:3, Licht: 0","173738","3","1","0","03","09","7","0","0","1","0","0","0"
"POINT (11.562311263000026 48.212673075000055)","Unfall 173739 (2018) Kat:3, Licht: 0","173739","3","6","1","03","17","7","1","0","0","1","0","0"
"POINT (11.566075597000065 48.186097826000037)","Unfall 173740 (2018) Kat:3, Licht: 0","173740","3","6","0","03","14","4","0","0","0","1","0","1"
"POINT (11.511716728000067 48.181198153000025)","Unfall 173741 (2018) Kat:3, Licht: 0","173741","3","2","6","03","13","7","0","0","0","1","1","0"
"POINT (11.549288883000031 48.170017497000060)","Unfall 173742 (2018) Kat:3, Licht: 2","173742","3","6","0","03","21","7","0","2","1","0","0","0"
"POINT (11.572585492000030 48.188645065000060)","Unfall 173743 (2018) Kat:3, Licht: 0","173743","3","6","3","03","14","4","0","0","0","1","0","0"
"POINT (11.548432762000061 48.197475292000036)","Unfall 173744 (2018) Kat:3, Licht: 0","173744","3","3","5","03","08","4","1","0","0","1","0","0"
"POINT (11.590495193000038 48.107110283000054)","Unfall 173745 (2018) Kat:3, Licht: 2","173745","3","7","6","03","19","7","0","2","0","1","1","0"
"POINT (11.529147509000040 48.178013839000073)","Unfall 173746 (2018) Kat:3, Licht: 1","173746","3","3","5","03","18","4","0","1","1","1","0","0"
"POINT (11.505611704000046 48.094294487000070)","Unfall 173747 (2018) Kat:3, Licht: 0","173747","3","2","5","03","16","4","0","0","1","1","0","0"
"POINT (11.479941759000042 48.084537119000061)","Unfall 173748 (2018) Kat:3, Licht: 0","173748","3","7","6","03","15","4","0","0","0","1","1","0"
"POINT (11.445593753000026 48.156978496000079)","Unfall 173749 (2018) Kat:3, Licht: 0","173749","3","4","6","03","08","4","1","0","0","1","1","0"
"POINT (11.647956129000022 48.139857956000071)","Unfall 173750 (2018) Kat:3, Licht: 2","173750","3","2","6","03","19","7","1","2","0","1","1","0"
"POINT (11.511780192000060 48.130996387000039)","Unfall 173751 (2018) Kat:3, Licht: 0","173751","3","3","5","03","12","4","1","0","1","1","0","0"
"POINT (11.569019881000031 48.128735188000064)","Unfall 173752 (2018) Kat:3, Licht: 0","173752","3","5","1","03","11","4","1","0","1","1","0","0"
"POINT (11.587326987000040 48.134527307000042)","Unfall 173754 (2018) Kat:3, Licht: 0","173754","3","6","3","03","16","7","0","0","0","1","0","1"
"POINT (11.557033939000064 48.151718676000030)","Unfall 173784 (2018) Kat:3, Licht: 1","173784","3","5","1","03","06","2","1","1","0","1","0","0"
"POINT (11.460621526000068 48.200399489000063)","Unfall 173816 (2018) Kat:3, Licht: 0","173816","3","3","5","03","11","6","0","0","1","1","0","0"
"POINT (11.577122038000027 48.138464091000060)","Unfall 173818 (2018) Kat:3, Licht: 0","173818","3","1","8","03","14","6","0","0","0","1","1","0"
"POINT (11.544775878000053 48.150207501000068)","Unfall 173820 (2018) Kat:2, Licht: 0","173820","2","3","5","03","08","6","0","0","1","1","0","0"
"POINT (11.476600206000057 48.164343618000032)","Unfall 173821 (2018) Kat:2, Licht: 0","173821","2","2","6","03","11","6","0","0","0","1","1","0"
"POINT (11.531703515000061 48.217340483000044)","Unfall 173823 (2018) Kat:3, Licht: 1","173823","3","3","5","03","18","6","0","1","1","1","0","0"
"POINT (11.535105612000052 48.152280481000048)","Unfall 173824 (2018) Kat:3, Licht: 2","173824","3","2","6","03","22","6","0","2","0","1","1","0"
"POINT (11.579296453000040 48.165279196000029)","Unfall 173826 (2018) Kat:3, Licht: 0","173826","3","4","6","03","16","6","0","0","1","0","1","0"
"POINT (11.601182764000043 48.117561264000074)","Unfall 173829 (2018) Kat:3, Licht: 0","173829","3","6","3","03","09","2","1","0","0","1","0","0"
"POINT (11.548044786000048 48.192906734000076)","Unfall 173833 (2018) Kat:3, Licht: 0","173833","3","3","5","03","15","3","0","0","0","1","0","1"
"POINT (11.599820578000049 48.107136140000080)","Unfall 173835 (2018) Kat:3, Licht: 0","173835","3","3","5","03","17","3","0","0","1","1","0","0"
"POINT (11.640493820000074 48.148117562000039)","Unfall 173836 (2018) Kat:3, Licht: 0","173836","3","1","0","03","10","2","0","0","0","1","0","0"
"POINT (11.577554106000036 48.141154758000027)","Unfall 173838 (2018) Kat:3, Licht: 0","173838","3","1","0","03","11","3","0","0","1","0","0","0"
"POINT (11.424434713000039 48.174149985000042)","Unfall 173839 (2018) Kat:3, Licht: 2","173839","3","3","5","03","19","2","0","2","0","1","0","0"
"POINT (11.416993553000054 48.171906047000050)","Unfall 173841 (2018) Kat:3, Licht: 0","173841","3","1","9","03","13","3","0","0","0","0","0","1"
"POINT (11.569232057000022 48.140975190000063)","Unfall 173844 (2018) Kat:3, Licht: 2","173844","3","6","3","03","23","3","0","2","0","1","0","0"
"POINT (11.646119945000066 48.113361516000055)","Unfall 173846 (2018) Kat:3, Licht: 0","173846","3","7","1","03","16","3","0","0","0","1","0","0"
"POINT (11.485144519000073 48.136816519000035)","Unfall 173848 (2018) Kat:3, Licht: 2","173848","3","3","5","03","23","3","1","2","0","1","0","0"
"POINT (11.537787689000027 48.151602775000072)","Unfall 173850 (2018) Kat:2, Licht: 0","173850","2","7","0","03","08","3","0","0","1","0","0","0"
"POINT (11.566547195000055 48.145337997000070)","Unfall 173852 (2018) Kat:3, Licht: 0","173852","3","2","5","03","08","3","0","0","1","1","0","0"
"POINT (11.670101725000052 48.121886652000057)","Unfall 173890 (2018) Kat:3, Licht: 0","173890","3","6","3","03","15","3","0","0","0","1","0","0"
"POINT (11.610225430000071 48.132576849000031)","Unfall 173893 (2018) Kat:3, Licht: 0","173893","3","6","2","03","12","4","0","0","1","1","0","0"
"POINT (11.507071187000065 48.139688894000074)","Unfall 173917 (2018) Kat:3, Licht: 1","173917","3","2","3","03","18","2","2","1","0","1","0","0"
"POINT (11.604073887000027 48.108504720000042)","Unfall 173919 (2018) Kat:3, Licht: 2","173919","3","2","5","03","22","2","2","2","0","1","0","0"
"POINT (11.591314701000044 48.140895240000077)","Unfall 173923 (2018) Kat:3, Licht: 0","173923","3","7","6","03","11","2","0","0","0","0","1","0"
"POINT (11.549523556000054 48.125156996000044)","Unfall 173924 (2018) Kat:3, Licht: 2","173924","3","2","6","03","19","2","1","2","0","1","1","0"
"POINT (11.611774049000076 48.199722319000045)","Unfall 173926 (2018) Kat:3, Licht: 1","173926","3","2","5","03","06","2","0","1","0","1","0","0"
"POINT (11.577032012000075 48.115924878000044)","Unfall 173929 (2018) Kat:3, Licht: 2","173929","3","3","5","03","19","2","1","2","0","1","0","0"
"POINT (11.574437091000050 48.155410573000040)","Unfall 173930 (2018) Kat:3, Licht: 1","173930","3","3","5","03","17","2","1","1","1","1","0","0"
"POINT (11.654309886000021 48.091519755000036)","Unfall 173933 (2018) Kat:3, Licht: 0","173933","3","3","5","03","09","2","0","0","0","1","0","0"
"POINT (11.618365908000044 48.206993879000038)","Unfall 173934 (2018) Kat:3, Licht: 0","173934","3","7","7","03","11","3","0","0","0","1","0","0"
"POINT (11.598057484000037 48.205629737000038)","Unfall 173935 (2018) Kat:3, Licht: 0","173935","3","3","0","03","08","2","0","0","0","1","0","0"
"POINT (11.528883476000033 48.218007984000053)","Unfall 173938 (2018) Kat:3, Licht: 1","173938","3","6","1","03","16","2","2","1","0","1","0","0"
"POINT (11.655152524000073 48.119737061000080)","Unfall 173940 (2018) Kat:3, Licht: 0","173940","3","3","5","03","14","2","1","0","0","1","0","0"
"POINT (11.605678081000065 48.126194285000054)","Unfall 173941 (2018) Kat:2, Licht: 0","173941","2","2","5","03","08","2","0","0","1","1","0","0"
"POINT (11.536692811000023 48.116910456000028)","Unfall 173943 (2018) Kat:3, Licht: 2","173943","3","7","0","03","19","2","2","2","1","0","0","0"
"POINT (11.541103666000026 48.161525047000055)","Unfall 173948 (2018) Kat:3, Licht: 0","173948","3","7","6","03","17","3","1","0","0","1","1","0"
"POINT (11.652028379000058 48.104437560000065)","Unfall 173989 (2018) Kat:3, Licht: 1","173989","3","6","2","03","06","3","2","1","0","1","0","0"
"POINT (11.481443672000069 48.164052465000054)","Unfall 173996 (2018) Kat:3, Licht: 2","173996","3","1","8","03","01","3","2","2","0","1","0","0"
"POINT (11.548916754000061 48.112172339000040)","Unfall 173999 (2018) Kat:3, Licht: 0","173999","3","6","2","03","14","1","1","0","0","1","0","0"
"POINT (11.505002956000055 48.126119246000030)","Unfall 174001 (2018) Kat:3, Licht: 2","174001","3","6","2","03","22","1","1","2","0","1","0","0"
"POINT (11.516816643000027 48.167731099000036)","Unfall 174003 (2018) Kat:3, Licht: 0","174003","3","6","2","03","14","1","0","0","0","1","0","0"
"POINT (11.587499113000035 48.131617786000049)","Unfall 174004 (2018) Kat:3, Licht: 0","174004","3","1","8","03","06","1","1","0","0","1","0","0"
"POINT (11.500812393000047 48.183565955000063)","Unfall 174005 (2018) Kat:3, Licht: 0","174005","3","3","5","03","10","1","1","0","0","1","0","0"
"POINT (11.577548554000032 48.161269971000081)","Unfall 174007 (2018) Kat:3, Licht: 2","174007","3","3","5","03","21","1","0","2","0","1","0","0"
"POINT (11.558906174000072 48.139332637000052)","Unfall 174032 (2018) Kat:3, Licht: 2","174032","3","6","2","03","20","7","1","2","0","1","0","0"
"POINT (11.691039470000021 48.111131648000026)","Unfall 174034 (2018) Kat:3, Licht: 0","174034","3","6","4","03","09","7","0","0","0","1","0","0"
"POINT (11.577946631000032 48.136212468000053)","Unfall 174035 (2018) Kat:3, Licht: 0","174035","3","7","0","03","08","7","0","0","1","0","1","0"
"POINT (11.658203931000060 48.118035301000077)","Unfall 174037 (2018) Kat:3, Licht: 0","174037","3","7","1","03","14","7","0","0","0","1","0","0"
"POINT (11.450852116000021 48.140311739000026)","Unfall 174038 (2018) Kat:3, Licht: 0","174038","3","3","5","03","07","3","2","0","0","1","0","0"
"POINT (11.548468436000064 48.121499904000075)","Unfall 174040 (2018) Kat:3, Licht: 2","174040","3","7","1","03","19","7","1","2","0","1","0","0"
"POINT (11.590629675000059 48.191695407000054)","Unfall 174042 (2018) Kat:3, Licht: 0","174042","3","3","5","03","14","7","0","0","0","1","0","0"
"POINT (11.587044596000055 48.100343392000070)","Unfall 174045 (2018) Kat:3, Licht: 2","174045","3","3","5","03","02","7","0","2","1","1","0","0"
"POINT (11.591231336000021 48.140670868000029)","Unfall 174051 (2018) Kat:2, Licht: 0","174051","2","4","6","03","13","3","0","0","0","1","1","0"
"POINT (11.699982168000076 48.131509934000064)","Unfall 174052 (2018) Kat:3, Licht: 2","174052","3","4","6","03","19","5","0","2","0","1","1","0"
"POINT (11.614982792000035 48.140364757000043)","Unfall 174055 (2018) Kat:3, Licht: 0","174055","3","2","5","03","17","5","0","0","1","1","0","0"
"POINT (11.713429032000022 48.139038403000029)","Unfall 174063 (2018) Kat:3, Licht: 0","174063","3","2","4","03","08","5","0","0","0","1","0","0"
"POINT (11.640111220000051 48.146740059000081)","Unfall 174066 (2018) Kat:3, Licht: 0","174066","3","6","2","03","17","5","0","0","0","1","0","0"
"POINT (11.577426409000054 48.152540179000027)","Unfall 174069 (2018) Kat:3, Licht: 0","174069","3","7","0","03","16","5","0","0","1","0","0","0"
"POINT (11.578180513000063 48.153712771000073)","Unfall 174076 (2018) Kat:3, Licht: 0","174076","3","6","3","03","09","5","0","0","1","1","0","0"
"POINT (11.612064822000036 48.131468956000049)","Unfall 174088 (2018) Kat:3, Licht: 0","174088","3","3","5","03","07","5","0","0","1","1","0","0"
"POINT (11.520154546000072 48.218186503000027)","Unfall 174094 (2018) Kat:3, Licht: 0","174094","3","6","1","03","15","3","1","0","0","1","0","0"
"POINT (11.562964806000025 48.137404919000062)","Unfall 174095 (2018) Kat:3, Licht: 0","174095","3","4","6","03","09","5","0","0","0","1","1","0"
"POINT (11.508229474000075 48.098090941000066)","Unfall 174096 (2018) Kat:2, Licht: 0","174096","2","2","5","03","11","6","0","0","1","1","0","0"
"POINT (11.569569898000054 48.187241319000066)","Unfall 174097 (2018) Kat:3, Licht: 0","174097","3","3","5","03","08","5","0","0","1","1","0","0"
"POINT (11.547742847000052 48.126710702000025)","Unfall 174098 (2018) Kat:3, Licht: 0","174098","3","2","4","03","10","6","0","0","1","1","0","0"
"POINT (11.602201673000025 48.123940745000027)","Unfall 174100 (2018) Kat:3, Licht: 0","174100","3","6","3","03","07","6","1","0","1","1","0","0"
"POINT (11.529749027000037 48.217857889000072)","Unfall 174101 (2018) Kat:3, Licht: 2","174101","3","3","5","03","23","6","1","2","0","1","0","0"
"POINT (11.536379284000077 48.215511106000065)","Unfall 174102 (2018) Kat:3, Licht: 2","174102","3","3","5","03","19","6","1","2","0","1","0","0"
"POINT (11.518241361000037 48.139820819000079)","Unfall 174103 (2018) Kat:3, Licht: 0","174103","3","7","0","03","07","6","0","0","0","0","0","0"
"POINT (11.685150283000041 48.135463684000058)","Unfall 174105 (2018) Kat:3, Licht: 0","174105","3","3","5","03","16","6","0","0","0","1","0","0"
"POINT (11.596172368000055 48.186706364000031)","Unfall 174106 (2018) Kat:3, Licht: 0","174106","3","6","2","03","10","3","2","0","0","1","0","0"
"POINT (11.572114959000032 48.101279186000056)","Unfall 174107 (2018) Kat:3, Licht: 0","174107","3","3","5","03","14","6","0","0","1","1","0","0"
"POINT (11.537648957000044 48.156336121000038)","Unfall 174108 (2018) Kat:3, Licht: 0","174108","3","6","2","03","15","6","0","0","0","1","0","0"
"POINT (11.671502056000065 48.121057176000079)","Unfall 174109 (2018) Kat:3, Licht: 0","174109","3","6","2","03","07","6","0","0","0","1","0","0"
"POINT (11.612137481000048 48.138341678000074)","Unfall 174111 (2018) Kat:3, Licht: 0","174111","3","6","2","03","12","6","1","0","0","1","0","0"
"POINT (11.597357608000038 48.133282500000064)","Unfall 174112 (2018) Kat:2, Licht: 0","174112","2","1","0","03","16","6","0","0","1","0","0","0"
"POINT (11.569844649000061 48.145739307000042)","Unfall 174114 (2018) Kat:2, Licht: 0","174114","2","4","6","03","14","6","0","0","0","1","1","0"
"POINT (11.547654235000039 48.123792150000043)","Unfall 174146 (2018) Kat:3, Licht: 0","174146","3","6","3","03","15","1","0","0","0","1","0","1"
"POINT (11.663181996000048 48.131970441000078)","Unfall 174162 (2018) Kat:2, Licht: 2","174162","2","7","1","03","21","7","0","2","0","1","0","0"
"POINT (11.529696545000036 48.157247028000029)","Unfall 174164 (2018) Kat:3, Licht: 0","174164","3","3","5","03","14","7","0","0","1","1","0","0"
"POINT (11.577034252000033 48.117259140000044)","Unfall 174166 (2018) Kat:3, Licht: 2","174166","3","1","0","03","19","6","1","2","1","0","0","0"
"POINT (11.588505963000046 48.094842559000028)","Unfall 174168 (2018) Kat:3, Licht: 0","174168","3","6","2","03","16","1","0","0","0","1","0","0"
"POINT (11.550522459000035 48.188719567000078)","Unfall 174173 (2018) Kat:3, Licht: 0","174173","3","2","4","03","15","6","0","0","0","1","0","0"
"POINT (11.571642218000022 48.131280590000074)","Unfall 174175 (2018) Kat:3, Licht: 2","174175","3","2","6","03","00","1","0","2","0","1","1","0"
"POINT (11.530258922000030 48.176366084000051)","Unfall 174183 (2018) Kat:3, Licht: 1","174183","3","6","2","03","20","4","0","1","0","1","0","0"
"POINT (11.573459167000067 48.184465768000052)","Unfall 174185 (2018) Kat:3, Licht: 2","174185","3","6","3","03","19","4","1","2","0","1","0","0"
"POINT (11.566280358000029 48.187152355000080)","Unfall 174187 (2018) Kat:3, Licht: 0","174187","3","3","5","03","10","4","0","0","0","1","0","0"
"POINT (11.583536211000023 48.155311966000056)","Unfall 174189 (2018) Kat:3, Licht: 0","174189","3","5","1","03","08","4","0","0","1","1","0","0"
"POINT (11.586582016000023 48.164164132000053)","Unfall 174190 (2018) Kat:3, Licht: 2","174190","3","2","5","03","19","4","1","2","0","1","0","0"
"POINT (11.530695446000038 48.215205907000040)","Unfall 174191 (2018) Kat:3, Licht: 0","174191","3","2","4","03","17","4","1","0","0","1","0","1"
"POINT (11.583591441000067 48.144440088000067)","Unfall 174193 (2018) Kat:3, Licht: 0","174193","3","3","5","03","14","4","0","0","1","1","0","0"
"POINT (11.619990881000035 48.138133940000046)","Unfall 174194 (2018) Kat:3, Licht: 0","174194","3","3","5","03","16","4","0","0","0","1","0","0"
"POINT (11.520098103000066 48.153482559000054)","Unfall 174199 (2018) Kat:3, Licht: 2","174199","3","3","5","03","18","4","1","2","0","1","0","0"
"POINT (11.502820719000056 48.127709610000068)","Unfall 174200 (2018) Kat:3, Licht: 0","174200","3","3","5","03","07","6","1","0","0","1","0","0"
"POINT (11.694014010000046 48.133359889000076)","Unfall 174201 (2018) Kat:3, Licht: 0","174201","3","7","9","03","15","4","0","0","0","1","0","0"
"POINT (11.597132541000065 48.114996637000047)","Unfall 174203 (2018) Kat:3, Licht: 1","174203","3","3","5","03","18","4","1","1","0","1","0","0"
"POINT (11.611915177000071 48.138363946000027)","Unfall 174209 (2018) Kat:3, Licht: 2","174209","3","6","2","03","23","7","0","2","0","1","0","0"
"POINT (11.548420262000036 48.115707325000074)","Unfall 174211 (2018) Kat:3, Licht: 0","174211","3","3","5","03","14","6","0","0","1","1","0","0"
"POINT (11.559564710000075 48.145120416000054)","Unfall 174213 (2018) Kat:3, Licht: 0","174213","3","7","0","03","11","6","0","0","1","0","0","0"
"POINT (11.567900236000071 48.140409515000044)","Unfall 174215 (2018) Kat:3, Licht: 0","174215","3","2","5","03","17","5","0","0","1","1","0","0"
"POINT (11.481386980000025 48.094085110000037)","Unfall 174216 (2018) Kat:3, Licht: 0","174216","3","2","5","03","14","1","0","0","1","1","0","0"
"POINT (11.572750762000055 48.192279925000037)","Unfall 174218 (2018) Kat:3, Licht: 0","174218","3","4","6","03","11","5","0","0","0","1","1","0"
"POINT (11.585577413000067 48.159709229000043)","Unfall 174224 (2018) Kat:3, Licht: 0","174224","3","6","2","03","09","7","0","0","0","1","0","0"
"POINT (11.578043147000074 48.121147502000042)","Unfall 174226 (2018) Kat:3, Licht: 0","174226","3","3","1","03","18","6","0","0","0","1","0","1"
"POINT (11.579390278000062 48.149298309000073)","Unfall 174229 (2018) Kat:3, Licht: 1","174229","3","7","6","03","18","5","2","1","0","0","1","0"
"POINT (11.511316935000025 48.152897459000030)","Unfall 174230 (2018) Kat:3, Licht: 0","174230","3","3","5","03","16","1","0","0","1","1","0","0"
"POINT (11.588124627000070 48.167052502000047)","Unfall 174232 (2018) Kat:3, Licht: 2","174232","3","7","1","03","19","5","1","2","0","1","0","0"
"POINT (11.481094242000040 48.138561309000067)","Unfall 174237 (2018) Kat:3, Licht: 0","174237","3","4","6","03","15","5","0","0","0","1","1","0"
"POINT (11.596964241000023 48.104935389000048)","Unfall 174241 (2018) Kat:3, Licht: 0","174241","3","3","5","03","09","5","0","0","1","1","0","0"
"POINT (11.566707282000039 48.123463542000081)","Unfall 174244 (2018) Kat:3, Licht: 2","174244","3","6","2","03","20","5","1","2","1","0","0","0"
"POINT (11.657067408000046 48.130381548000059)","Unfall 174253 (2018) Kat:3, Licht: 1","174253","3","3","5","03","19","3","0","1","1","1","0","0"
"POINT (11.542348343000072 48.208560888000079)","Unfall 174256 (2018) Kat:3, Licht: 1","174256","3","5","3","03","06","3","1","1","1","1","0","0"
"POINT (11.551511457000061 48.208377659000064)","Unfall 174259 (2018) Kat:3, Licht: 0","174259","3","7","0","03","15","3","0","0","0","0","0","0"
"POINT (11.605285447000028 48.202321872000027)","Unfall 174261 (2018) Kat:3, Licht: 2","174261","3","3","5","03","06","3","1","2","1","1","0","0"
"POINT (11.510491718000026 48.170207739000034)","Unfall 174262 (2018) Kat:3, Licht: 0","174262","3","2","5","03","18","3","0","0","1","0","0","0"
"POINT (11.562942881000026 48.211084365000033)","Unfall 174264 (2018) Kat:3, Licht: 0","174264","3","3","5","03","17","3","0","0","1","1","0","0"
"POINT (11.562795107000056 48.212053516000026)","Unfall 174266 (2018) Kat:3, Licht: 0","174266","3","3","5","03","17","3","0","0","1","1","0","0"
"POINT (11.418470985000056 48.174598125000045)","Unfall 174268 (2018) Kat:3, Licht: 0","174268","3","3","5","03","16","7","0","0","0","1","0","0"
"POINT (11.567450017000056 48.178175052000029)","Unfall 174269 (2018) Kat:3, Licht: 2","174269","3","2","5","03","06","3","1","2","1","1","0","0"
"POINT (11.540453181000032 48.118375610000044)","Unfall 174270 (2018) Kat:3, Licht: 0","174270","3","3","5","03","17","6","0","0","0","1","0","0"
"POINT (11.529349438000054 48.129475273000025)","Unfall 174271 (2018) Kat:3, Licht: 0","174271","3","1","8","03","09","3","1","0","0","1","0","0"
"POINT (11.561351890000026 48.142119798000067)","Unfall 174273 (2018) Kat:2, Licht: 0","174273","2","4","6","03","16","3","0","0","0","1","1","0"
"POINT (11.557565539000052 48.147802477000027)","Unfall 174276 (2018) Kat:3, Licht: 0","174276","3","3","5","03","09","6","0","0","1","0","0","0"
"POINT (11.545210051000026 48.138435826000034)","Unfall 174279 (2018) Kat:3, Licht: 0","174279","3","5","3","03","15","1","0","0","1","1","0","0"
"POINT (11.640466713000023 48.157759915000042)","Unfall 174284 (2018) Kat:3, Licht: 0","174284","3","7","1","03","17","6","0","0","0","1","0","0"
"POINT (11.456239488000051 48.147070251000059)","Unfall 174292 (2018) Kat:3, Licht: 0","174292","3","2","3","03","15","1","0","0","0","1","0","1"
"POINT (11.565968243000043 48.123698588000082)","Unfall 174330 (2018) Kat:3, Licht: 1","174330","3","6","1","03","18","7","0","1","0","1","0","0"
"POINT (11.598373532000039 48.131740571000080)","Unfall 174334 (2018) Kat:3, Licht: 0","174334","3","5","3","03","07","6","1","0","1","1","0","0"
"POINT (11.584670855000070 48.157715253000049)","Unfall 174337 (2018) Kat:3, Licht: 0","174337","3","7","0","03","15","1","0","0","0","1","0","1"
"POINT (11.599244144000068 48.128428646000032)","Unfall 174342 (2018) Kat:3, Licht: 0","174342","3","4","6","03","18","2","0","0","1","0","1","0"
"POINT (11.502969583000038 48.126245979000032)","Unfall 174344 (2018) Kat:3, Licht: 0","174344","3","2","6","03","09","2","0","0","0","1","1","0"
"POINT (11.573583787000075 48.139845873000070)","Unfall 174345 (2018) Kat:3, Licht: 0","174345","3","7","6","03","15","7","0","0","0","1","1","0"
"POINT (11.581024580000076 48.135471870000060)","Unfall 174346 (2018) Kat:3, Licht: 0","174346","3","4","6","03","11","2","0","0","0","1","1","0"
"POINT (11.566589962000023 48.140463259000057)","Unfall 174347 (2018) Kat:2, Licht: 2","174347","2","6","4","03","19","6","0","2","1","0","0","0"
"POINT (11.625627709000071 48.131724359000032)","Unfall 174348 (2018) Kat:3, Licht: 0","174348","3","3","5","03","14","2","0","0","0","1","0","0"
"POINT (11.561607136000077 48.159988202000079)","Unfall 174349 (2018) Kat:3, Licht: 0","174349","3","3","5","03","14","2","0","0","1","1","0","0"
"POINT (11.635719889000029 48.117815279000069)","Unfall 174351 (2018) Kat:3, Licht: 0","174351","3","6","3","03","13","1","0","0","0","1","0","0"
"POINT (11.589041586000064 48.131725203000030)","Unfall 174352 (2018) Kat:2, Licht: 2","174352","2","6","3","03","20","2","1","2","1","1","0","0"
"POINT (11.579881030000024 48.157759195000040)","Unfall 174355 (2018) Kat:3, Licht: 0","174355","3","1","0","03","14","2","0","0","1","0","0","0"
"POINT (11.581624631000068 48.134715570000026)","Unfall 174356 (2018) Kat:3, Licht: 0","174356","3","6","2","03","10","2","0","0","0","1","0","0"