WKT,Name,OBJECTID,UKATEGORIE,UTYP1,UART,UMONAT,USTUNDE,UWOCHENTAG,STRZUSTAND,ULICHTVERH,ISTRAD,ISTPKW,ISTFUSS,ISTKRAD
"POINT (11.570489073000033 48.134341270000050)","Unfall 175372 (2018) Kat:3, Licht: 0","175372","3","1","0","04","15","6","0","0","1","0","0","0"
"POINT (11.634984150000037 48.137904623000054)","Unfall 175374 (2018) Kat:2, Licht: 0","175374","2","2","0","04","09","6","0","0","1","1","0","0"
"POINT (11.581735459000072 48.151483258000042)","Unfall 175377 (2018) Kat:3, Licht: 0","175377","3","6","3","04","16","6","0","0","0","1","0","1"
"POINT (11.604716416000031 48.105436071000042)","Unfall 175378 (2018) Kat:3, Licht: 0","175378","3","7","6","04","15","6","0","0","1","0","1","0"
"POINT (11.640606917000071 48.148455561000048)","Unfall 175381 (2018) Kat:3, Licht: 0","175381","3","3","5","04","16","6","0","0","1","1","0","0"
"POINT (11.542633767000041 48.100010266000027)","Unfall 175383 (2018) Kat:3, Licht: 0","175383","3","3","5","04","15","6","0","0","1","1","0","0"
"POINT (11.559687001000043 48.137409058000060)","Unfall 175388 (2018) Kat:3, Licht: 0","175388","3","5","1","04","11","6","0","0","1","0","0","0"
"POINT (11.562063333000026 48.125045466000074)","Unfall 175391 (2018) Kat:3, Licht: 0","175391","3","6","2","04","11","6","0","0","0","1","0","0"
"POINT (11.548580130000062 48.125803934000032)","Unfall 175392 (2018) Kat:3, Licht: 0","175392","3","7","0","04","17","6","0","0","1","0","0","0"
"POINT (11.582583293000027 48.138622452000050)","Unfall 175394 (2018) Kat:3, Licht: 0","175394","3","2","4","04","08","6","0","0","1","1","0","0"
"POINT (11.561178231000042 48.137405122000075)","Unfall 175418 (2018) Kat:3, Licht: 2","175418","3","2","6","04","00","1","0","2","0","1","1","0"
"POINT (11.473169224000060 48.129454881000072)","Unfall 175422 (2018) Kat:3, Licht: 0","175422","3","5","2","04","11","1","0","0","0","1","0","0"
"POINT (11.583185670000034 48.210745125000074)","Unfall 175425 (2018) Kat:3, Licht: 0","175425","3","2","4","04","13","1","0","0","0","1","0","1"
"POINT (11.449265954000055 48.136008346000040)","Unfall 175426 (2018) Kat:3, Licht: 0","175426","3","6","2","04","16","1","0","0","1","0","0","0"
"POINT (11.538616427000022 48.145724912000048)","Unfall 175472 (2018) Kat:3, Licht: 0","175472","3","2","5","04","11","6","0","0","1","0","0","0"
"POINT (11.557063008000057 48.219799783000042)","Unfall 175474 (2018) Kat:3, Licht: 0","175474","3","3","5","04","12","6","0","0","0","1","0","1"
"POINT (11.570180307000044 48.187371466000059)","Unfall 175476 (2018) Kat:3, Licht: 0","175476","3","6","2","04","08","6","0","0","0","1","0","0"
"POINT (11.596317033000048 48.150196238000035)","Unfall 175478 (2018) Kat:3, Licht: 0","175478","3","4","6","04","17","6","0","0","1","0","1","0"
"POINT (11.533818824000036 48.187685042000055)","Unfall 175481 (2018) Kat:3, Licht: 0","175481","3","2","5","04","07","6","0","0","1","1","0","0"
"POINT (11.614645294000070 48.091131836000045)","Unfall 175484 (2018) Kat:3, Licht: 0","175484","3","7","0","04","13","6","0","0","1","0","0","0"
"POINT (11.583166497000036 48.102298671000028)","Unfall 175485 (2018) Kat:3, Licht: 0","175485","3","3","5","04","08","6","0","0","0","1","0","0"
"POINT (11.618320673000028 48.207494166000060)","Unfall 175488 (2018) Kat:3, Licht: 0","175488","3","3","5","04","07","6","0","0","1","1","0","0"
"POINT (11.555909553000049 48.208327025000074)","Unfall 175500 (2018) Kat:3, Licht: 0","175500","3","1","2","04","07","6","0","0","1","0","0","0"
"POINT (11.502580911000052 48.147212451000030)","Unfall 175502 (2018) Kat:3, Licht: 0","175502","3","7","4","04","07","6","0","0","1","0","0","0"
"POINT (11.551527007000061 48.153027013000042)","Unfall 175503 (2018) Kat:3, Licht: 0","175503","3","7","7","04","18","6","0","0","1","0","0","0"
"POINT (11.534581957000057 48.153270093000060)","Unfall 175504 (2018) Kat:3, Licht: 0","175504","3","4","6","04","16","6","0","0","1","0","1","0"
"POINT (11.558247252000058 48.150232524000046)","Unfall 175506 (2018) Kat:3, Licht: 0","175506","3","2","5","04","15","6","0","0","0","1","0","0"
"POINT (11.574878497000043 48.119671847000063)","Unfall 175510 (2018) Kat:3, Licht: 0","175510","3","7","6","04","10","6","0","0","1","0","1","0"
"POINT (11.556094638000047 48.131500223000046)","Unfall 175512 (2018) Kat:3, Licht: 0","175512","3","3","5","04","10","6","0","0","1","1","0","0"
"POINT (11.577512892000072 48.142632041000070)","Unfall 175514 (2018) Kat:3, Licht: 0","175514","3","5","1","04","19","6","0","0","1","1","0","0"
"POINT (11.576208175000033 48.137176571000055)","Unfall 175516 (2018) Kat:3, Licht: 0","175516","3","1","6","04","15","6","0","0","1","0","1","0"
"POINT (11.582610437000028 48.134754728000075)","Unfall 175518 (2018) Kat:3, Licht: 0","175518","3","6","2","04","18","6","0","0","0","1","0","0"
"POINT (11.576311148000059 48.187666894000074)","Unfall 175545 (2018) Kat:3, Licht: 0","175545","3","2","3","04","08","5","0","0","0","1","0","1"
"POINT (11.574569354000062 48.163464472000044)","Unfall 175557 (2018) Kat:3, Licht: 0","175557","3","4","6","04","12","4","0","0","1","0","1","0"
"POINT (11.554009806000067 48.142378959000041)","Unfall 175558 (2018) Kat:2, Licht: 0","175558","2","4","6","04","08","4","0","0","1","0","1","0"
"POINT (11.529133050000041 48.176313121000078)","Unfall 175560 (2018) Kat:3, Licht: 0","175560","3","2","5","04","14","4","0","0","0","1","0","1"
"POINT (11.507444986000053 48.141187961000071)","Unfall 175568 (2018) Kat:3, Licht: 0","175568","3","3","5","04","15","4","0","0","1","1","0","0"
"POINT (11.574511327000039 48.145550605000039)","Unfall 175570 (2018) Kat:3, Licht: 0","175570","3","6","5","04","17","4","0","0","0","1","0","1"
"POINT (11.503875526000058 48.147117737000031)","Unfall 175571 (2018) Kat:3, Licht: 0","175571","3","6","1","04","16","4","0","0","1","1","0","0"
"POINT (11.502953175000073 48.140842702000043)","Unfall 175573 (2018) Kat:3, Licht: 0","175573","3","2","3","04","08","4","0","0","1","1","0","0"
"POINT (11.595407760000057 48.110999423000067)","Unfall 175578 (2018) Kat:3, Licht: 0","175578","3","7","0","04","13","4","0","0","0","0","1","0"
"POINT (11.643428159000052 48.171148023000057)","Unfall 175580 (2018) Kat:3, Licht: 0","175580","3","3","5","04","19","4","0","0","1","1","0","0"
"POINT (11.640528708000033 48.149624124000070)","Unfall 175581 (2018) Kat:3, Licht: 0","175581","3","7","2","04","15","4","0","0","0","1","0","1"
"POINT (11.577213785000026 48.124204403000078)","Unfall 175583 (2018) Kat:3, Licht: 0","175583","3","3","5","04","07","4","0","0","0","1","0","0"
"POINT (11.589846075000025 48.166088463000051)","Unfall 175585 (2018) Kat:3, Licht: 0","175585","3","2","5","04","16","4","0","0","1","1","0","0"
"POINT (11.586294653000039 48.161148506000075)","Unfall 175587 (2018) Kat:3, Licht: 0","175587","3","1","0","04","12","4","0","0","0","0","0","1"
"POINT (11.580490442000041 48.148993050000058)","Unfall 175589 (2018) Kat:3, Licht: 0","175589","3","3","5","04","09","4","0","0","1","1","0","0"
"POINT (11.462505859000032 48.177018123000039)","Unfall 175655 (2018) Kat:3, Licht: 0","175655","3","7","0","04","16","5","0","0","1","0","0","0"
"POINT (11.555457187000059 48.144164259000036)","Unfall 175657 (2018) Kat:3, Licht: 0","175657","3","7","4","04","07","5","0","0","0","1","0","0"
"POINT (11.564076634000060 48.163472809000041)","Unfall 175659 (2018) Kat:3, Licht: 0","175659","3","2","0","04","10","5","0","0","0","1","0","0"
"POINT (11.548326950000046 48.119269217000067)","Unfall 175662 (2018) Kat:3, Licht: 0","175662","3","3","5","04","18","5","0","0","1","1","0","0"
"POINT (11.611068381000052 48.199714689000075)","Unfall 175665 (2018) Kat:2, Licht: 0","175665","2","7","0","04","17","5","0","0","1","0","0","0"
"POINT (11.576578143000063 48.152769216000081)","Unfall 175668 (2018) Kat:3, Licht: 0","175668","3","3","5","04","08","5","0","0","1","0","0","0"
"POINT (11.591441394000071 48.109613413000034)","Unfall 175669 (2018) Kat:3, Licht: 0","175669","3","1","4","04","16","5","0","0","0","1","0","1"
"POINT (11.518837865000023 48.139850729000045)","Unfall 175670 (2018) Kat:3, Licht: 0","175670","3","3","5","04","09","5","0","0","1","1","0","0"
"POINT (11.556989920000035 48.143694847000063)","Unfall 175672 (2018) Kat:3, Licht: 0","175672","3","2","3","04","10","5","0","0","1","0","0","0"
"POINT (11.526056530000062 48.116473255000074)","Unfall 175673 (2018) Kat:2, Licht: 0","175673","2","4","6","04","07","5","0","0","0","1","1","0"
"POINT (11.464251502000025 48.189234488000068)","Unfall 175676 (2018) Kat:3, Licht: 0","175676","3","7","0","04","17","5","0","0","1","0","0","0"
"POINT (11.556444526000064 48.214314357000035)","Unfall 175677 (2018) Kat:3, Licht: 0","175677","3","3","5","04","16","5","0","0","1","1","0","0"
"POINT (11.540979950000064 48.148527527000056)","Unfall 175680 (2018) Kat:3, Licht: 0","175680","3","3","5","04","15","5","0","0","0","1","0","1"
"POINT (11.535868836000077 48.152013208000028)","Unfall 175682 (2018) Kat:3, Licht: 0","175682","3","7","0","04","15","5","0","0","1","0","0","0"
"POINT (11.477876082000023 48.118599720000077)","Unfall 175683 (2018) Kat:3, Licht: 0","175683","3","6","3","04","16","5","0","0","0","1","0","0"
"POINT (11.500299799000061 48.139673263000077)","Unfall 175684 (2018) Kat:3, Licht: 2","175684","3","1","0","04","21","5","0","2","1","0","0","0"
"POINT (11.633706462000077 48.128549791000069)","Unfall 175687 (2018) Kat:3, Licht: 0","175687","3","1","0","04","18","5","0","0","1","0","0","0"
"POINT (11.633122790000073 48.133270028000027)","Unfall 175690 (2018) Kat:3, Licht: 0","175690","3","7","6","04","07","5","0","0","0","1","1","0"
"POINT (11.597088966000058 48.135825260000047)","Unfall 175692 (2018) Kat:3, Licht: 0","175692","3","5","0","04","18","5","0","0","1","1","0","0"
"POINT (11.571256128000073 48.107837950000032)","Unfall 175695 (2018) Kat:3, Licht: 0","175695","3","4","0","04","18","5","0","0","0","1","1","0"
"POINT (11.458807258000036 48.164657375000047)","Unfall 175704 (2018) Kat:3, Licht: 0","175704","3","6","2","04","17","1","0","0","0","1","0","0"
"POINT (11.436067370000046 48.169643333000067)","Unfall 175706 (2018) Kat:3, Licht: 0","175706","3","7","0","04","18","1","1","0","1","0","0","0"
"POINT (11.506719087000022 48.163769058000071)","Unfall 175707 (2018) Kat:3, Licht: 0","175707","3","6","4","04","13","1","0","0","1","0","0","0"
"POINT (11.639932648000070 48.116999640000074)","Unfall 175714 (2018) Kat:3, Licht: 0","175714","3","3","4","04","12","1","0","0","0","1","0","0"
"POINT (11.547598997000023 48.139221807000069)","Unfall 175716 (2018) Kat:3, Licht: 2","175716","3","6","2","04","00","1","0","2","0","1","0","0"
"POINT (11.579657013000030 48.147087021000061)","Unfall 175717 (2018) Kat:3, Licht: 0","175717","3","7","5","04","13","1","0","0","0","1","0","1"
"POINT (11.586399058000040 48.160989072000064)","Unfall 175720 (2018) Kat:3, Licht: 2","175720","3","2","3","04","20","1","0","2","1","0","0","1"
"POINT (11.584519528000044 48.157226804000061)","Unfall 175724 (2018) Kat:3, Licht: 0","175724","3","6","4","04","10","1","0","0","1","1","0","0"
"POINT (11.569778843000051 48.144508595000048)","Unfall 175817 (2018) Kat:3, Licht: 0","175817","3","6","2","04","16","2","0","0","1","1","0","0"
"POINT (11.523536246000049 48.080544240000052)","Unfall 175821 (2018) Kat:3, Licht: 0","175821","3","3","5","04","17","2","0","0","0","1","0","1"
"POINT (11.593540204000021 48.145192835000046)","Unfall 175825 (2018) Kat:3, Licht: 0","175825","3","1","9","04","13","2","0","0","0","1","0","0"
"POINT (11.572611932000029 48.134735157000080)","Unfall 175828 (2018) Kat:3, Licht: 0","175828","3","7","0","04","08","2","0","0","1","0","0","0"
"POINT (11.587847502000045 48.137485707000053)","Unfall 175829 (2018) Kat:3, Licht: 0","175829","3","1","0","04","12","2","0","0","0","0","0","0"
"POINT (11.528381564000028 48.218036307000034)","Unfall 175831 (2018) Kat:3, Licht: 0","175831","3","3","5","04","07","2","0","0","0","1","0","1"
"POINT (11.533307703000048 48.165078716000039)","Unfall 175835 (2018) Kat:3, Licht: 0","175835","3","3","5","04","07","2","0","0","1","1","0","0"
"POINT (11.558312003000026 48.151139304000026)","Unfall 175838 (2018) Kat:2, Licht: 0","175838","2","7","2","04","11","2","0","0","0","1","0","1"
"POINT (11.594756705000066 48.183499301000040)","Unfall 175839 (2018) Kat:3, Licht: 0","175839","3","7","0","04","15","2","0","0","0","1","0","0"
"POINT (11.688453599000070 48.139546904000042)","Unfall 175844 (2018) Kat:3, Licht: 0","175844","3","2","4","04","09","2","0","0","0","1","0","1"
"POINT (11.682285766000064 48.117392414000051)","Unfall 175847 (2018) Kat:2, Licht: 0","175847","2","2","5","04","07","2","0","0","1","1","0","0"
"POINT (11.557590040000036 48.096252072000027)","Unfall 175849 (2018) Kat:3, Licht: 0","175849","3","6","4","04","16","2","0","0","1","0","0","0"
"POINT (11.605183284000077 48.151925022000057)","Unfall 175851 (2018) Kat:3, Licht: 1","175851","3","4","6","04","20","2","0","1","0","1","1","0"
"POINT (11.593359748000069 48.135982701000046)","Unfall 175852 (2018) Kat:3, Licht: 0","175852","3","7","0","04","08","2","0","0","1","0","0","0"
"POINT (11.588571620000039 48.161954351000077)","Unfall 175854 (2018) Kat:3, Licht: 0","175854","3","6","3","04","10","2","0","0","1","0","0","0"
"POINT (11.472061549000045 48.167136495000079)","Unfall 175855 (2018) Kat:3, Licht: 0","175855","3","3","5","04","12","7","0","0","1","1","0","0"
"POINT (11.586735232000024 48.164180562000070)","Unfall 175856 (2018) Kat:3, Licht: 0","175856","3","2","5","04","07","2","0","0","1","1","0","0"
"POINT (11.537976935000074 48.151565831000028)","Unfall 175857 (2018) Kat:3, Licht: 0","175857","3","2","3","04","18","7","0","0","1","1","0","0"
"POINT (11.614940120000028 48.197628444000031)","Unfall 175859 (2018) Kat:3, Licht: 0","175859","3","3","5","04","14","7","0","0","1","1","0","0"
"POINT (11.429915159000075 48.192729313000029)","Unfall 175861 (2018) Kat:3, Licht: 0","175861","3","6","3","04","13","7","0","0","1","1","0","0"
"POINT (11.563269388000037 48.186994607000031)","Unfall 175864 (2018) Kat:3, Licht: 0","175864","3","6","4","04","13","7","0","0","1","1","0","0"
"POINT (11.688775919000022 48.118295487000069)","Unfall 175871 (2018) Kat:3, Licht: 0","175871","3","6","1","04","13","7","0","0","0","1","0","1"
"POINT (11.638277422000044 48.126544315000046)","Unfall 175874 (2018) Kat:3, Licht: 0","175874","3","3","5","04","10","7","0","0","1","1","0","0"
"POINT (11.597807629000044 48.149593800000048)","Unfall 175971 (2018) Kat:3, Licht: 0","175971","3","2","5","04","15","1","0","0","1","1","0","0"
"POINT (11.582062248000057 48.163805697000043)","Unfall 175972 (2018) Kat:2, Licht: 1","175972","2","3","5","04","20","1","0","1","0","1","0","1"
"POINT (11.555810056000041 48.134758743000077)","Unfall 175995 (2018) Kat:3, Licht: 0","175995","3","6","2","04","13","4","0","0","0","1","0","1"
"POINT (11.581324811000059 48.144732680000061)","Unfall 175997 (2018) Kat:3, Licht: 0","175997","3","6","1","04","15","4","0","0","0","1","0","0"
"POINT (11.569976075000056 48.177342022000062)","Unfall 175998 (2018) Kat:3, Licht: 0","175998","3","7","1","04","11","4","0","0","0","1","0","0"
"POINT (11.504073452000057 48.098555332000046)","Unfall 175999 (2018) Kat:3, Licht: 0","175999","3","3","5","04","13","6","0","0","1","0","0","0"
"POINT (11.545655249000049 48.180543995000050)","Unfall 176000 (2018) Kat:3, Licht: 0","176000","3","6","4","04","16","4","0","0","0","1","0","0"
"POINT (11.648906609000051 48.109080457000061)","Unfall 176001 (2018) Kat:3, Licht: 0","176001","3","6","4","04","19","4","0","0","1","1","0","0"
"POINT (11.555623796000077 48.152751261000049)","Unfall 176003 (2018) Kat:3, Licht: 0","176003","3","6","3","04","09","6","0","0","1","0","0","0"
"POINT (11.613020753000058 48.120774168000025)","Unfall 176004 (2018) Kat:3, Licht: 0","176004","3","2","4","04","14","4","0","0","0","1","0","0"
"POINT (11.511734366000042 48.180912048000039)","Unfall 176005 (2018) Kat:3, Licht: 0","176005","3","6","3","04","07","6","0","0","0","1","0","0"
"POINT (11.598096020000071 48.124473561000059)","Unfall 176006 (2018) Kat:3, Licht: 0","176006","3","7","6","04","16","6","0","0","0","1","1","0"
"POINT (11.576855322000029 48.149989104000042)","Unfall 176007 (2018) Kat:2, Licht: 0","176007","2","6","0","04","19","4","0","0","1","1","0","0"
"POINT (11.554640690000042 48.153692794000051)","Unfall 176008 (2018) Kat:2, Licht: 0","176008","2","7","0","04","15","4","0","0","1","0","0","0"
"POINT (11.533667441000034 48.186984799000072)","Unfall 176009 (2018) Kat:3, Licht: 0","176009","3","6","4","04","16","4","0","0","1","0","0","0"
"POINT (11.536211101000049 48.125869479000073)","Unfall 176010 (2018) Kat:3, Licht: 0","176010","3","6","2","04","10","4","0","0","0","1","0","0"
"POINT (11.580788475000077 48.140510030000030)","Unfall 176011 (2018) Kat:3, Licht: 0","176011","3","6","3","04","10","4","0","0","1","1","0","0"
"POINT (11.557244002000061 48.119495685000061)","Unfall 176012 (2018) Kat:3, Licht: 0","176012","3","6","3","04","07","4","0","0","1","1","0","0"
"POINT (11.508529956000075 48.182906066000044)","Unfall 176013 (2018) Kat:3, Licht: 1","176013","3","4","6","04","18","4","0","1","0","0","1","1"
"POINT (11.590496280000025 48.187991487000033)","Unfall 176014 (2018) Kat:3, Licht: 0","176014","3","2","5","04","10","4","0","0","1","1","0","0"
"POINT (11.504483151000045 48.151770365000061)","Unfall 176015 (2018) Kat:3, Licht: 0","176015","3","1","0","04","14","4","0","0","1","0","0","0"
"POINT (11.520083101000068 48.150183628000036)","Unfall 176016 (2018) Kat:3, Licht: 0","176016","3","2","5","04","15","4","0","0","1","1","0","0"
"POINT (11.538378666000028 48.144235657000081)","Unfall 176017 (2018) Kat:3, Licht: 0","176017","3","3","5","04","09","4","0","0","0","1","0","0"
"POINT (11.611476525000057 48.199936422000064)","Unfall 176018 (2018) Kat:3, Licht: 0","176018","3","2","5","04","15","6","0","0","1","1","0","0"
"POINT (11.499741421000067 48.135589023000080)","Unfall 176019 (2018) Kat:3, Licht: 0","176019","3","3","0","04","19","4","1","0","0","1","0","1"
"POINT (11.615860769000051 48.145593633000033)","Unfall 176020 (2018) Kat:3, Licht: 0","176020","3","7","0","04","13","6","0","0","1","1","0","0"
"POINT (11.581895808000070 48.151735599000062)","Unfall 176021 (2018) Kat:3, Licht: 0","176021","3","3","5","04","13","6","0","0","1","0","0","1"
"POINT (11.575564782000072 48.128323221000073)","Unfall 176022 (2018) Kat:2, Licht: 2","176022","2","4","6","04","00","6","0","2","0","1","1","0"
"POINT (11.632509326000047 48.150406982000050)","Unfall 176023 (2018) Kat:3, Licht: 0","176023","3","3","5","04","07","4","0","0","1","1","0","0"
"POINT (11.463101494000057 48.146461625000029)","Unfall 176024 (2018) Kat:3, Licht: 0","176024","3","6","4","04","18","6","0","0","1","0","0","0"
"POINT (11.421808188000057 48.147541501000035)","Unfall 176025 (2018) Kat:3, Licht: 0","176025","3","4","6","04","13","6","0","0","0","1","1","0"
"POINT (11.588346874000024 48.117221644000040)","Unfall 176026 (2018) Kat:3, Licht: 2","176026","3","1","9","04","22","4","0","2","1","0","0","0"
"POINT (11.581546659000026 48.160990527000081)","Unfall 176027 (2018) Kat:3, Licht: 0","176027","3","5","1","04","15","4","0","0","1","1","0","0"
"POINT (11.510546933000057 48.181809210000040)","Unfall 176028 (2018) Kat:3, Licht: 0","176028","3","3","5","04","07","6","0","0","0","1","0","1"
"POINT (11.577933557000051 48.168995822000056)","Unfall 176030 (2018) Kat:3, Licht: 0","176030","3","2","5","04","13","4","0","0","0","1","0","1"
"POINT (11.562624951000032 48.186946154000054)","Unfall 176031 (2018) Kat:3, Licht: 0","176031","3","6","2","04","13","6","0","0","0","1","0","0"
"POINT (11.585175868000022 48.176275853000050)","Unfall 176032 (2018) Kat:3, Licht: 0","176032","3","6","2","04","18","4","0","0","1","0","0","0"
"POINT (11.498692510000069 48.120706719000054)","Unfall 176033 (2018) Kat:2, Licht: 0","176033","2","3","5","04","13","6","0","0","1","1","0","0"
"POINT (11.578005660000031 48.143561279000039)","Unfall 176034 (2018) Kat:3, Licht: 0","176034","3","6","2","04","16","4","0","0","0","1","0","1"
"POINT (11.576763790000030 48.112768178000067)","Unfall 176035 (2018) Kat:3, Licht: 0","176035","3","1","0","04","18","6","0","0","1","0","0","0"
"POINT (11.570065648000025 48.150776309000037)","Unfall 176036 (2018) Kat:3, Licht: 0","176036","3","7","1","04","13","4","0","0","1","1","0","0"
"POINT (11.600054676000070 48.140630513000076)","Unfall 176037 (2018) Kat:3, Licht: 0","176037","3","3","3","04","09","6","0","0","1","1","0","0"
"POINT (11.590218851000031 48.137535904000060)","Unfall 176038 (2018) Kat:3, Licht: 0","176038","3","4","6","04","15","4","0","0","0","1","1","0"
"POINT (11.547185676000026 48.139281202000063)","Unfall 176039 (2018) Kat:3, Licht: 2","176039","3","7","3","04","21","6","0","2","0","1","0","0"
"POINT (11.575929565000024 48.142951906000064)","Unfall 176040 (2018) Kat:2, Licht: 0","176040","2","1","0","04","09","4","0","0","1","0","0","0"
"POINT (11.586169613000038 48.161539454000035)","Unfall 176042 (2018) Kat:3, Licht: 0","176042","3","1","0","04","12","6","0","0","1","0","0","0"
"POINT (11.577788644000066 48.170121800000061)","Unfall 176045 (2018) Kat:3, Licht: 0","176045","3","2","5","04","13","6","0","0","0","1","0","0"
"POINT (11.566565740000044 48.145366427000056)","Unfall 176047 (2018) Kat:3, Licht: 0","176047","3","3","5","04","07","6","0","0","0","1","0","0"
"POINT (11.577369970000063 48.134425428000043)","Unfall 176050 (2018) Kat:3, Licht: 0","176050","3","2","5","04","19","6","0","0","0","1","0","1"
"POINT (11.572991537000064 48.139913504000049)","Unfall 176054 (2018) Kat:3, Licht: 0","176054","3","5","1","04","14","6","0","0","1","1","0","0"
"POINT (11.584930967000048 48.132396366000080)","Unfall 176203 (2018) Kat:3, Licht: 0","176203","3","6","2","04","18","3","0","0","0","0","0","1"
"POINT (11.584232951000047 48.165619601000060)","Unfall 176204 (2018) Kat:3, Licht: 0","176204","3","3","5","04","17","3","0","0","1","1","0","0"
"POINT (11.584335965000037 48.143921146000025)","Unfall 176206 (2018) Kat:3, Licht: 0","176206","3","7","0","04","15","3","0","0","0","0","0","1"
"POINT (11.517576055000063 48.134978655000054)","Unfall 176207 (2018) Kat:3, Licht: 0","176207","3","6","2","04","11","3","0","0","0","1","0","0"
"POINT (11.520285917000024 48.150173774000052)","Unfall 176210 (2018) Kat:3, Licht: 0","176210","3","2","5","04","17","5","0","0","0","1","0","1"
"POINT (11.492062744000066 48.079898299000035)","Unfall 176211 (2018) Kat:3, Licht: 0","176211","3","7","0","04","15","3","0","0","0","0","0","0"
"POINT (11.519543134000060 48.113442257000031)","Unfall 176212 (2018) Kat:2, Licht: 0","176212","2","3","5","04","06","5","1","0","0","1","0","1"
"POINT (11.503286679000041 48.139653322000072)","Unfall 176213 (2018) Kat:3, Licht: 0","176213","3","2","5","04","14","5","0","0","1","1","0","0"
"POINT (11.502486903000033 48.107257251000078)","Unfall 176214 (2018) Kat:3, Licht: 0","176214","3","3","5","04","07","3","0","0","1","1","0","0"
"POINT (11.504499010000075 48.116614563000041)","Unfall 176216 (2018) Kat:3, Licht: 0","176216","3","3","5","04","08","5","1","0","0","1","0","0"
"POINT (11.501330646000042 48.151838503000079)","Unfall 176217 (2018) Kat:2, Licht: 0","176217","2","3","5","04","08","5","0","0","1","1","0","0"
"POINT (11.600239967000050 48.119561534000070)","Unfall 176218 (2018) Kat:2, Licht: 0","176218","2","2","4","04","16","3","0","0","0","1","0","1"
"POINT (11.535089643000049 48.127213921000077)","Unfall 176219 (2018) Kat:3, Licht: 0","176219","3","3","5","04","19","3","0","0","1","1","0","0"
"POINT (11.563157039000032 48.207241675000034)","Unfall 176220 (2018) Kat:3, Licht: 0","176220","3","3","5","04","07","5","0","0","1","1","0","0"
"POINT (11.437737817000027 48.170271060000061)","Unfall 176221 (2018) Kat:2, Licht: 0","176221","2","2","4","04","06","3","0","0","0","1","0","0"
"POINT (11.649578664000046 48.092163156000026)","Unfall 176222 (2018) Kat:3, Licht: 0","176222","3","5","3","04","08","5","0","0","1","1","0","0"
"POINT (11.489580514000068 48.129879446000075)","Unfall 176223 (2018) Kat:3, Licht: 0","176223","3","2","4","04","17","5","0","0","1","1","0","0"
"POINT (11.567446077000056 48.110134302000063)","Unfall 176224 (2018) Kat:3, Licht: 0","176224","3","3","5","04","13","5","0","0","1","1","0","0"
"POINT (11.463857867000058 48.194500888000050)","Unfall 176225 (2018) Kat:3, Licht: 0","176225","3","4","6","04","16","3","0","0","0","1","1","0"
"POINT (11.587346055000069 48.105833166000082)","Unfall 176226 (2018) Kat:3, Licht: 0","176226","3","1","1","04","18","5","0","0","0","1","0","0"
"POINT (11.540545730000076 48.119333274000041)","Unfall 176227 (2018) Kat:3, Licht: 2","176227","3","6","3","04","20","5","0","2","1","1","0","0"
"POINT (11.613854909000054 48.131228887000077)","Unfall 176228 (2018) Kat:3, Licht: 0","176228","3","3","5","04","10","3","0","0","0","1","0","0"
"POINT (11.579360751000024 48.129222115000061)","Unfall 176229 (2018) Kat:2, Licht: 0","176229","2","2","3","04","19","3","0","0","1","1","0","0"
"POINT (11.566715604000024 48.123546458000078)","Unfall 176231 (2018) Kat:3, Licht: 2","176231","3","3","5","04","05","3","1","2","1","1","0","0"
"POINT (11.486755003000042 48.183502414000031)","Unfall 176234 (2018) Kat:3, Licht: 0","176234","3","3","5","04","10","3","0","0","0","0","0","0"
"POINT (11.672118844000067 48.136487181000064)","Unfall 176237 (2018) Kat:3, Licht: 0","176237","3","7","0","04","13","3","0","0","0","1","0","0"
"POINT (11.671652349000055 48.109353533000046)","Unfall 176238 (2018) Kat:2, Licht: 0","176238","2","3","5","04","07","3","0","0","1","1","0","0"
"POINT (11.603752589000067 48.149276017000034)","Unfall 176240 (2018) Kat:3, Licht: 2","176240","3","7","6","04","19","3","0","2","1","0","1","0"
"POINT (11.593840524000029 48.128502730000037)","Unfall 176241 (2018) Kat:3, Licht: 0","176241","3","6","6","04","08","3","0","0","1","0","1","0"
"POINT (11.574979114000030 48.175702633000071)","Unfall 176243 (2018) Kat:3, Licht: 0","176243","3","3","5","05","12","3","0","0","0","1","0","0"
"POINT (11.564745576000064 48.132494904000055)","Unfall 176254 (2018) Kat:3, Licht: 0","176254","3","6","2","04","12","2","0","0","0","1","0","0"
"POINT (11.507145923000053 48.119675715000028)","Unfall 176265 (2018) Kat:3, Licht: 0","176265","3","4","6","04","12","2","0","0","1","0","1","0"
"POINT (11.538432666000062 48.215169520000074)","Unfall 176266 (2018) Kat:3, Licht: 0","176266","3","3","5","04","17","1","0","0","0","1","0","0"
"POINT (11.541661075000036 48.207534988000077)","Unfall 176267 (2018) Kat:3, Licht: 0","176267","3","3","5","04","16","1","0","0","1","1","0","0"
"POINT (11.537819082000055 48.165870511000037)","Unfall 176269 (2018) Kat:3, Licht: 0","176269","3","2","5","04","19","1","0","0","0","1","0","0"
"POINT (11.602536292000025 48.114203574000044)","Unfall 176271 (2018) Kat:3, Licht: 0","176271","3","3","1","04","14","1","0","0","1","1","0","0"
"POINT (11.677488529000073 48.118663222000066)","Unfall 176272 (2018) Kat:3, Licht: 0","176272","3","3","5","04","16","1","0","0","1","1","0","0"
"POINT (11.555951826000069 48.137482585000043)","Unfall 176273 (2018) Kat:3, Licht: 2","176273","3","2","4","04","20","2","1","2","0","1","0","1"