WKT,Name,OBJECTID,UKATEGORIE,UTYP1,UART,UMONAT,USTUNDE,UWOCHENTAG,STRZUSTAND,ULICHTVERH,ISTRAD,ISTPKW,ISTFUSS,ISTKRAD
"POINT (11.667861288000040 48.105646053000044)","Unfall 176274 (2018) Kat:3, Licht: 0","176274","3","2","5","04","09","1","0","0","1","1","0","0"
"POINT (11.587775981000050 48.201179125000067)","Unfall 176276 (2018) Kat:3, Licht: 0","176276","3","2","5","04","19","1","0","0","1","1","0","0"
"POINT (11.566549727000051 48.187256000000048)","Unfall 176277 (2018) Kat:3, Licht: 2","176277","3","6","1","04","22","1","0","2","0","1","0","0"
"POINT (11.687469045000057 48.140674827000055)","Unfall 176284 (2018) Kat:3, Licht: 0","176284","3","7","3","04","17","1","0","0","0","1","0","0"
"POINT (11.558458503000054 48.139317733000041)","Unfall 176285 (2018) Kat:2, Licht: 2","176285","2","4","0","04","23","1","0","2","0","0","1","0"
"POINT (11.572936169000059 48.174976382000068)","Unfall 176288 (2018) Kat:2, Licht: 0","176288","2","6","1","04","14","1","0","0","0","1","0","0"
"POINT (11.643174420000037 48.107305666000059)","Unfall 176312 (2018) Kat:3, Licht: 0","176312","3","5","1","04","18","2","0","0","1","1","0","0"
"POINT (11.598651467000025 48.119199925000032)","Unfall 176315 (2018) Kat:3, Licht: 0","176315","3","3","5","04","12","2","0","0","1","1","0","0"
"POINT (11.427337778000037 48.149025858000073)","Unfall 176338 (2018) Kat:3, Licht: 0","176338","3","7","5","05","09","3","0","0","0","1","0","0"
"POINT (11.560632444000021 48.149671175000037)","Unfall 176355 (2018) Kat:3, Licht: 0","176355","3","7","0","04","08","2","1","0","1","0","0","0"
"POINT (11.484251036000046 48.162514863000069)","Unfall 176365 (2018) Kat:3, Licht: 0","176365","3","7","5","04","09","2","0","0","1","1","0","0"
"POINT (11.593128950000050 48.129222866000077)","Unfall 176376 (2018) Kat:3, Licht: 0","176376","3","7","0","04","08","2","0","0","1","0","0","0"
"POINT (11.541519279000056 48.145188440000027)","Unfall 176391 (2018) Kat:3, Licht: 0","176391","3","6","0","05","16","3","0","0","0","1","0","0"
"POINT (11.612021041000048 48.089749547000054)","Unfall 176399 (2018) Kat:3, Licht: 0","176399","3","6","2","04","17","7","0","0","1","1","0","0"
"POINT (11.574603447000072 48.118490066000049)","Unfall 176401 (2018) Kat:3, Licht: 0","176401","3","3","5","04","16","7","0","0","1","0","0","1"
"POINT (11.590307692000067 48.122396540000068)","Unfall 176403 (2018) Kat:3, Licht: 0","176403","3","2","0","04","16","7","0","0","0","1","1","0"
"POINT (11.566997792000052 48.133494305000056)","Unfall 176404 (2018) Kat:3, Licht: 0","176404","3","5","1","04","15","7","0","0","0","1","0","1"
"POINT (11.533757475000073 48.113830707000034)","Unfall 176405 (2018) Kat:3, Licht: 0","176405","3","7","5","04","07","2","0","0","0","1","0","0"
"POINT (11.578809754000076 48.125953584000058)","Unfall 176408 (2018) Kat:3, Licht: 0","176408","3","7","0","04","11","7","0","0","1","0","0","0"
"POINT (11.594163637000065 48.118072123000047)","Unfall 176409 (2018) Kat:3, Licht: 0","176409","3","2","4","04","17","7","0","0","1","1","0","0"
"POINT (11.461832397000023 48.206872803000067)","Unfall 176411 (2018) Kat:2, Licht: 0","176411","2","2","5","04","15","7","0","0","1","0","0","0"
"POINT (11.532872690000033 48.159884777000059)","Unfall 176413 (2018) Kat:3, Licht: 0","176413","3","2","5","04","12","7","0","0","1","1","0","0"
"POINT (11.713496193000026 48.138979318000054)","Unfall 176415 (2018) Kat:3, Licht: 0","176415","3","2","5","04","11","7","0","0","0","1","0","1"
"POINT (11.562590222000040 48.092007995000074)","Unfall 176418 (2018) Kat:3, Licht: 0","176418","3","6","2","04","14","7","0","0","0","1","0","1"
"POINT (11.607718508000062 48.144067109000048)","Unfall 176419 (2018) Kat:3, Licht: 2","176419","3","7","1","04","23","7","0","2","1","1","0","0"
"POINT (11.519873593000057 48.090547866000065)","Unfall 176420 (2018) Kat:2, Licht: 0","176420","2","4","0","04","17","2","0","0","1","0","1","0"
"POINT (11.600673809000057 48.153608868000049)","Unfall 176422 (2018) Kat:2, Licht: 0","176422","2","2","5","04","16","7","0","0","1","1","0","0"
"POINT (11.634846376000041 48.165766620000056)","Unfall 176447 (2018) Kat:2, Licht: 1","176447","2","7","8","05","20","3","0","1","0","0","0","1"
"POINT (11.505069263000053 48.089898854000069)","Unfall 176462 (2018) Kat:3, Licht: 0","176462","3","4","6","04","17","2","0","0","0","1","1","0"
"POINT (11.602507269000057 48.135595395000053)","Unfall 176472 (2018) Kat:3, Licht: 0","176472","3","2","5","04","10","2","0","0","0","1","0","0"
"POINT (11.610207897000066 48.132538311000076)","Unfall 176482 (2018) Kat:3, Licht: 2","176482","3","2","5","04","21","2","1","2","0","1","0","0"
"POINT (11.602414345000057 48.135676020000062)","Unfall 176491 (2018) Kat:3, Licht: 0","176491","3","6","2","05","19","3","0","0","0","1","0","1"
"POINT (11.571298154000033 48.139634873000034)","Unfall 176494 (2018) Kat:3, Licht: 0","176494","3","7","0","05","17","6","0","0","1","0","0","0"
"POINT (11.461739749000060 48.147926037000047)","Unfall 176497 (2018) Kat:2, Licht: 0","176497","2","7","1","05","10","6","0","0","0","1","0","0"
"POINT (11.540167898000050 48.116350196000042)","Unfall 176503 (2018) Kat:3, Licht: 0","176503","3","7","0","05","16","6","0","0","0","0","0","0"
"POINT (11.546446239000034 48.146702291000054)","Unfall 176509 (2018) Kat:3, Licht: 0","176509","3","3","5","05","08","6","0","0","0","1","0","0"
"POINT (11.514584034000052 48.161250627000072)","Unfall 176514 (2018) Kat:3, Licht: 2","176514","3","7","0","05","02","6","0","2","1","1","0","0"
"POINT (11.598658961000069 48.175895311000033)","Unfall 176517 (2018) Kat:3, Licht: 0","176517","3","7","0","05","07","6","0","0","1","1","0","0"
"POINT (11.497864504000063 48.116431181000053)","Unfall 176520 (2018) Kat:3, Licht: 0","176520","3","1","0","05","13","6","0","0","0","0","0","1"
"POINT (11.477493754000022 48.162928126000054)","Unfall 176521 (2018) Kat:3, Licht: 0","176521","3","7","0","05","16","5","0","0","1","0","0","0"
"POINT (11.560661001000028 48.157524994000028)","Unfall 176523 (2018) Kat:3, Licht: 0","176523","3","3","5","05","15","6","0","0","0","1","0","0"
"POINT (11.555884028000037 48.130004920000033)","Unfall 176524 (2018) Kat:3, Licht: 0","176524","3","2","5","05","08","5","0","0","1","0","0","0"
"POINT (11.545277958000042 48.127700132000029)","Unfall 176526 (2018) Kat:3, Licht: 0","176526","3","7","5","05","14","5","0","0","0","1","0","1"
"POINT (11.572599920000073 48.187458688000049)","Unfall 176527 (2018) Kat:3, Licht: 0","176527","3","4","6","05","13","5","0","0","0","1","1","0"
"POINT (11.612062745000060 48.131466848000059)","Unfall 176529 (2018) Kat:2, Licht: 0","176529","2","2","2","05","08","5","0","0","0","1","0","0"
"POINT (11.581740299000046 48.105929050000043)","Unfall 176532 (2018) Kat:3, Licht: 0","176532","3","7","0","05","19","5","0","0","1","0","0","0"
"POINT (11.542003252000029 48.162947766000059)","Unfall 176533 (2018) Kat:3, Licht: 0","176533","3","4","6","05","14","5","0","0","0","0","1","0"
"POINT (11.544566298000063 48.096784740000032)","Unfall 176535 (2018) Kat:3, Licht: 0","176535","3","6","4","05","18","5","0","0","1","0","0","0"
"POINT (11.611513105000029 48.128497542000048)","Unfall 176536 (2018) Kat:3, Licht: 0","176536","3","1","0","05","17","5","0","0","1","0","0","0"
"POINT (11.574950280000053 48.179726182000081)","Unfall 176538 (2018) Kat:3, Licht: 0","176538","3","6","6","05","08","5","0","0","1","0","1","0"
"POINT (11.528891273000056 48.163987357000053)","Unfall 176540 (2018) Kat:3, Licht: 1","176540","3","2","4","05","20","5","0","1","0","1","0","0"
"POINT (11.660660071000052 48.085270177000041)","Unfall 176544 (2018) Kat:3, Licht: 0","176544","3","3","5","05","15","5","0","0","1","1","0","0"
"POINT (11.646433553000065 48.105214127000067)","Unfall 176545 (2018) Kat:3, Licht: 0","176545","3","3","5","05","18","5","0","0","0","1","0","0"
"POINT (11.598178134000023 48.141209554000056)","Unfall 176547 (2018) Kat:3, Licht: 0","176547","3","6","3","05","17","5","0","0","0","0","0","1"
"POINT (11.596173081000074 48.126405751000050)","Unfall 176548 (2018) Kat:3, Licht: 0","176548","3","6","2","05","07","5","0","0","1","1","0","0"
"POINT (11.555802729000050 48.133894894000036)","Unfall 176550 (2018) Kat:3, Licht: 0","176550","3","7","2","05","09","5","0","0","1","1","0","0"
"POINT (11.557577718000061 48.144684157000029)","Unfall 176552 (2018) Kat:3, Licht: 0","176552","3","6","2","05","12","5","0","0","0","1","0","0"
"POINT (11.594525340000075 48.164479811000035)","Unfall 176574 (2018) Kat:3, Licht: 2","176574","3","7","8","05","22","6","0","2","0","1","0","0"
"POINT (11.541656406000072 48.207503240000051)","Unfall 176623 (2018) Kat:3, Licht: 0","176623","3","3","5","05","09","6","0","0","0","1","0","0"
"POINT (11.541451907000067 48.139646314000061)","Unfall 176633 (2018) Kat:3, Licht: 0","176633","3","3","5","05","14","4","0","0","1","1","0","0"
"POINT (11.615938170000049 48.138122903000067)","Unfall 176636 (2018) Kat:2, Licht: 0","176636","2","3","5","05","08","4","0","0","0","1","0","1"
"POINT (11.526079690000074 48.117505997000080)","Unfall 176637 (2018) Kat:3, Licht: 2","176637","3","7","0","05","22","4","0","2","1","0","0","0"
"POINT (11.577067740000075 48.157748113000025)","Unfall 176639 (2018) Kat:3, Licht: 0","176639","3","3","5","05","08","4","0","0","1","1","0","0"
"POINT (11.555998460000069 48.186375719000068)","Unfall 176640 (2018) Kat:3, Licht: 0","176640","3","3","5","05","17","4","0","0","1","1","0","0"
"POINT (11.605568427000037 48.103939033000074)","Unfall 176641 (2018) Kat:2, Licht: 0","176641","2","5","1","05","07","4","0","0","1","1","0","0"
"POINT (11.534585916000026 48.128071774000034)","Unfall 176643 (2018) Kat:3, Licht: 0","176643","3","6","3","05","08","4","0","0","0","1","0","1"
"POINT (11.611664068000039 48.151510689000077)","Unfall 176644 (2018) Kat:3, Licht: 0","176644","3","6","3","05","10","4","0","0","1","0","0","0"
"POINT (11.479062676000069 48.122277666000059)","Unfall 176646 (2018) Kat:2, Licht: 0","176646","2","2","4","05","18","4","0","0","0","1","0","0"
"POINT (11.525150153000027 48.196458461000077)","Unfall 176648 (2018) Kat:3, Licht: 0","176648","3","3","5","05","17","4","0","0","1","1","0","0"
"POINT (11.526002341000037 48.116319616000055)","Unfall 176649 (2018) Kat:2, Licht: 0","176649","2","2","4","05","07","4","0","0","0","1","0","1"
"POINT (11.565252159000067 48.192748438000081)","Unfall 176651 (2018) Kat:3, Licht: 0","176651","3","3","5","05","14","4","0","0","1","1","0","0"
"POINT (11.502982597000027 48.143336954000063)","Unfall 176652 (2018) Kat:3, Licht: 0","176652","3","3","5","05","16","4","0","0","0","1","0","0"
"POINT (11.502999217000024 48.138813844000026)","Unfall 176653 (2018) Kat:3, Licht: 0","176653","3","6","4","05","14","4","0","0","1","0","0","0"
"POINT (11.592166802000065 48.142320991000076)","Unfall 176655 (2018) Kat:3, Licht: 0","176655","3","2","0","05","10","4","0","0","0","1","0","1"
"POINT (11.587880113000040 48.173031865000041)","Unfall 176658 (2018) Kat:3, Licht: 0","176658","3","5","1","05","08","4","0","0","1","1","0","0"
"POINT (11.533519338000076 48.169581716000039)","Unfall 176674 (2018) Kat:3, Licht: 0","176674","3","2","5","05","08","6","0","0","1","1","0","0"
"POINT (11.594517863000021 48.111139760000071)","Unfall 176677 (2018) Kat:3, Licht: 0","176677","3","3","5","05","15","6","0","0","1","1","0","0"
"POINT (11.580754355000067 48.149421959000051)","Unfall 176727 (2018) Kat:3, Licht: 0","176727","3","5","3","05","11","6","0","0","1","1","0","0"
"POINT (11.504531534000023 48.135345421000068)","Unfall 176748 (2018) Kat:2, Licht: 0","176748","2","5","2","05","16","1","0","0","0","1","0","1"
"POINT (11.555904635000047 48.124459898000055)","Unfall 176749 (2018) Kat:2, Licht: 0","176749","2","2","5","05","13","1","0","0","1","1","0","0"
"POINT (11.503296050000074 48.142211640000028)","Unfall 176751 (2018) Kat:3, Licht: 0","176751","3","7","0","05","16","1","0","0","1","0","0","0"
"POINT (11.600550268000063 48.121858821000046)","Unfall 176752 (2018) Kat:2, Licht: 2","176752","2","5","1","05","21","1","0","2","1","1","0","0"
"POINT (11.567215345000022 48.179387457000075)","Unfall 176754 (2018) Kat:3, Licht: 0","176754","3","2","6","05","17","1","0","0","0","1","1","0"
"POINT (11.518870037000056 48.131454334000068)","Unfall 176755 (2018) Kat:3, Licht: 0","176755","3","2","5","05","17","1","0","0","0","1","0","0"
"POINT (11.593408664000037 48.133422881000058)","Unfall 176756 (2018) Kat:3, Licht: 0","176756","3","1","0","05","20","1","0","0","1","0","0","0"
"POINT (11.566640005000068 48.159343098000079)","Unfall 176757 (2018) Kat:3, Licht: 0","176757","3","2","4","05","17","1","0","0","0","1","0","1"
"POINT (11.523597223000024 48.117149554000036)","Unfall 176758 (2018) Kat:3, Licht: 0","176758","3","5","0","05","19","1","0","0","1","1","0","0"
"POINT (11.581484015000058 48.162597156000061)","Unfall 176762 (2018) Kat:2, Licht: 0","176762","2","3","5","05","16","1","0","0","0","1","0","1"
"POINT (11.548689407000040 48.112153540000065)","Unfall 176763 (2018) Kat:3, Licht: 0","176763","3","2","4","05","15","1","0","0","0","1","0","1"
"POINT (11.488370827000040 48.141028957000060)","Unfall 176764 (2018) Kat:3, Licht: 0","176764","3","3","5","05","06","1","0","0","0","1","0","0"
"POINT (11.434486401000072 48.189441595000062)","Unfall 176765 (2018) Kat:3, Licht: 0","176765","3","1","0","05","16","1","0","0","1","0","0","0"
"POINT (11.554213106000077 48.148328096000057)","Unfall 176766 (2018) Kat:3, Licht: 0","176766","3","7","6","05","18","1","0","0","1","0","1","0"
"POINT (11.511528268000063 48.160020459000066)","Unfall 176768 (2018) Kat:3, Licht: 0","176768","3","7","0","05","16","1","0","0","1","0","0","0"
"POINT (11.575380513000027 48.142898152000043)","Unfall 176770 (2018) Kat:3, Licht: 2","176770","3","7","1","05","00","1","0","2","1","1","0","0"
"POINT (11.561472954000067 48.142095362000077)","Unfall 176771 (2018) Kat:3, Licht: 0","176771","3","3","5","05","16","1","0","0","0","1","0","0"
"POINT (11.502672121000046 48.164632950000055)","Unfall 176870 (2018) Kat:3, Licht: 0","176870","3","2","5","05","14","2","0","0","0","1","0","0"
"POINT (11.555321359000061 48.161277773000052)","Unfall 176871 (2018) Kat:3, Licht: 0","176871","3","7","5","05","11","2","0","0","1","0","0","0"
"POINT (11.571050964000051 48.134785154000042)","Unfall 176875 (2018) Kat:3, Licht: 0","176875","3","6","4","05","16","2","0","0","1","0","0","0"
"POINT (11.543630594000035 48.152275509000049)","Unfall 176876 (2018) Kat:3, Licht: 0","176876","3","6","1","05","11","2","0","0","1","1","0","0"
"POINT (11.574644625000076 48.210553021000067)","Unfall 176879 (2018) Kat:3, Licht: 0","176879","3","3","5","05","08","2","0","0","0","1","0","0"
"POINT (11.570065648000025 48.150776309000037)","Unfall 176882 (2018) Kat:3, Licht: 0","176882","3","3","5","05","11","2","0","0","1","1","0","0"
"POINT (11.534864250000055 48.168091647000040)","Unfall 176883 (2018) Kat:3, Licht: 0","176883","3","3","5","05","09","2","0","0","1","1","0","0"
"POINT (11.579118127000072 48.145932182000081)","Unfall 176888 (2018) Kat:3, Licht: 0","176888","3","7","7","05","07","2","0","0","1","0","0","0"
"POINT (11.508408593000070 48.170832961000031)","Unfall 176890 (2018) Kat:2, Licht: 0","176890","2","2","5","05","08","2","0","0","0","1","0","0"
"POINT (11.619036175000076 48.120375321000040)","Unfall 176891 (2018) Kat:2, Licht: 0","176891","2","1","1","05","19","2","0","0","0","1","0","1"
"POINT (11.586356231000025 48.166849118000073)","Unfall 176893 (2018) Kat:3, Licht: 0","176893","3","6","0","05","18","2","0","0","0","1","0","0"
"POINT (11.592414234000046 48.154994498000065)","Unfall 176895 (2018) Kat:3, Licht: 0","176895","3","6","3","05","11","2","0","0","1","0","0","0"
"POINT (11.570112973000050 48.111578035000036)","Unfall 176896 (2018) Kat:3, Licht: 0","176896","3","7","5","05","12","2","0","0","1","1","0","0"
"POINT (11.538713631000064 48.094982781000056)","Unfall 176898 (2018) Kat:3, Licht: 0","176898","3","6","2","05","10","2","0","0","1","1","0","0"
"POINT (11.565840613000034 48.187220474000071)","Unfall 176899 (2018) Kat:1, Licht: 0","176899","1","2","3","05","07","2","0","0","1","0","0","0"
"POINT (11.575451745000066 48.187644273000046)","Unfall 176901 (2018) Kat:3, Licht: 0","176901","3","6","3","05","16","2","0","0","0","1","0","1"
"POINT (11.562724389000039 48.212601427000038)","Unfall 176903 (2018) Kat:3, Licht: 0","176903","3","7","0","05","11","2","0","0","0","0","0","0"
"POINT (11.586814627000024 48.201094203000025)","Unfall 176905 (2018) Kat:3, Licht: 0","176905","3","6","1","05","17","2","0","0","0","1","0","1"
"POINT (11.572351182000034 48.191730876000065)","Unfall 176906 (2018) Kat:3, Licht: 0","176906","3","3","3","05","18","2","0","0","1","1","0","0"
"POINT (11.534235954000053 48.152602464000040)","Unfall 176910 (2018) Kat:2, Licht: 0","176910","2","6","3","05","09","2","0","0","1","0","0","0"
"POINT (11.541557947000058 48.145201439000061)","Unfall 176911 (2018) Kat:3, Licht: 0","176911","3","2","5","05","13","2","0","0","0","1","0","0"
"POINT (11.553921285000058 48.148388724000029)","Unfall 176914 (2018) Kat:3, Licht: 0","176914","3","6","3","05","15","2","0","0","1","0","0","0"
"POINT (11.553876070000058 48.154301323000027)","Unfall 176915 (2018) Kat:2, Licht: 0","176915","2","2","5","05","08","2","0","0","1","1","0","0"
"POINT (11.679999744000042 48.106324825000058)","Unfall 176917 (2018) Kat:3, Licht: 0","176917","3","3","5","05","16","2","0","0","1","1","0","0"
"POINT (11.636351571000034 48.168862352000076)","Unfall 176918 (2018) Kat:3, Licht: 0","176918","3","6","2","05","13","7","0","0","0","1","0","0"
"POINT (11.618349950000038 48.115199989000075)","Unfall 176920 (2018) Kat:3, Licht: 0","176920","3","6","5","05","19","2","0","0","1","0","0","0"
"POINT (11.573384868000062 48.171897784000066)","Unfall 176922 (2018) Kat:3, Licht: 0","176922","3","1","1","05","20","7","0","0","0","1","0","1"
"POINT (11.605875516000026 48.139679584000078)","Unfall 176923 (2018) Kat:3, Licht: 0","176923","3","6","3","05","09","2","0","0","0","1","0","1"
"POINT (11.581942624000021 48.121865525000032)","Unfall 176925 (2018) Kat:3, Licht: 0","176925","3","1","0","05","16","7","0","0","1","0","0","0"
"POINT (11.614837479000073 48.145530212000040)","Unfall 176926 (2018) Kat:3, Licht: 0","176926","3","5","1","05","17","2","0","0","1","1","0","0"
"POINT (11.552643301000046 48.142669518000048)","Unfall 176927 (2018) Kat:3, Licht: 0","176927","3","3","5","05","15","7","0","0","0","1","0","0"
"POINT (11.572372063000046 48.191520428000047)","Unfall 176928 (2018) Kat:3, Licht: 0","176928","3","6","3","05","14","7","0","0","0","1","0","0"
"POINT (11.602385935000029 48.135676234000073)","Unfall 176929 (2018) Kat:3, Licht: 0","176929","3","4","6","05","17","2","0","0","0","1","1","0"
"POINT (11.496977740000034 48.176970796000035)","Unfall 176930 (2018) Kat:2, Licht: 0","176930","2","2","4","05","15","7","0","0","0","1","0","1"
"POINT (11.550821959000075 48.112337324000066)","Unfall 176931 (2018) Kat:3, Licht: 0","176931","3","3","5","05","12","2","0","0","0","1","0","1"
"POINT (11.559635104000051 48.121248825000066)","Unfall 176934 (2018) Kat:2, Licht: 0","176934","2","4","6","05","10","7","0","0","0","1","1","0"
"POINT (11.511524399000052 48.160227337000038)","Unfall 176936 (2018) Kat:3, Licht: 0","176936","3","3","5","05","13","7","0","0","1","1","0","0"
"POINT (11.501900422000062 48.192078818000027)","Unfall 176937 (2018) Kat:3, Licht: 0","176937","3","3","5","05","12","7","0","0","1","1","0","0"
"POINT (11.510806473000059 48.108277775000033)","Unfall 176940 (2018) Kat:3, Licht: 0","176940","3","3","5","05","14","7","0","0","0","1","0","0"
"POINT (11.557449475000055 48.141902132000041)","Unfall 176943 (2018) Kat:3, Licht: 0","176943","3","1","0","05","19","7","0","0","1","0","0","0"
"POINT (11.567530898000030 48.131942424000044)","Unfall 177115 (2018) Kat:3, Licht: 0","177115","3","3","5","05","12","5","0","0","1","1","0","0"
"POINT (11.484361458000024 48.118908296000029)","Unfall 177117 (2018) Kat:2, Licht: 2","177117","2","7","0","05","23","5","0","2","1","0","0","0"
"POINT (11.581878533000065 48.121778023000047)","Unfall 177119 (2018) Kat:2, Licht: 0","177119","2","7","0","05","13","5","0","0","1","0","0","0"
"POINT (11.601919227000053 48.116164052000045)","Unfall 177121 (2018) Kat:2, Licht: 2","177121","2","7","0","05","21","5","1","2","1","0","0","0"
"POINT (11.510663248000071 48.181740646000037)","Unfall 177124 (2018) Kat:3, Licht: 2","177124","3","6","2","05","03","5","0","2","0","1","0","0"
"POINT (11.507086359000027 48.163734556000065)","Unfall 177127 (2018) Kat:3, Licht: 2","177127","3","3","5","05","23","5","1","2","1","1","0","0"
"POINT (11.579389318000040 48.115176363000046)","Unfall 177129 (2018) Kat:3, Licht: 0","177129","3","3","5","05","12","5","0","0","0","1","0","0"
"POINT (11.410639446000062 48.198991976000059)","Unfall 177130 (2018) Kat:3, Licht: 0","177130","3","3","5","05","18","5","0","0","1","1","0","0"
"POINT (11.549788702000058 48.169142974000067)","Unfall 177134 (2018) Kat:3, Licht: 0","177134","3","6","9","05","11","5","0","0","1","0","0","0"
"POINT (11.437629766000043 48.174759951000055)","Unfall 177171 (2018) Kat:2, Licht: 0","177171","2","3","5","05","20","3","0","0","0","1","0","0"
"POINT (11.565914529000054 48.122346597000046)","Unfall 177172 (2018) Kat:2, Licht: 0","177172","2","3","5","05","15","3","0","0","1","0","0","0"
"POINT (11.503275138000049 48.144731818000025)","Unfall 177177 (2018) Kat:3, Licht: 0","177177","3","6","6","05","17","3","0","0","1","0","1","0"
"POINT (11.411775208000051 48.153039852000063)","Unfall 177180 (2018) Kat:3, Licht: 0","177180","3","1","0","05","16","3","0","0","1","0","0","0"
"POINT (11.565325844000029 48.137852923000025)","Unfall 177181 (2018) Kat:3, Licht: 0","177181","3","7","5","05","13","3","0","0","0","1","0","0"
"POINT (11.585955556000044 48.184364905000052)","Unfall 177183 (2018) Kat:3, Licht: 0","177183","3","5","0","05","15","3","0","0","1","1","0","0"
"POINT (11.564303867000035 48.200305034000053)","Unfall 177184 (2018) Kat:3, Licht: 0","177184","3","2","5","05","09","3","0","0","1","0","0","0"
"POINT (11.634951680000029 48.132813493000072)","Unfall 177186 (2018) Kat:2, Licht: 0","177186","2","6","3","05","08","3","0","0","0","1","0","1"
"POINT (11.588224279000030 48.167443798000079)","Unfall 177187 (2018) Kat:3, Licht: 0","177187","3","2","5","05","07","3","0","0","1","1","0","0"
"POINT (11.584756009000046 48.149239193000028)","Unfall 177189 (2018) Kat:3, Licht: 0","177189","3","3","5","05","10","3","0","0","1","0","0","0"
"POINT (11.562372635000031 48.172223528000075)","Unfall 177192 (2018) Kat:3, Licht: 0","177192","3","3","5","05","17","3","0","0","0","1","0","1"
"POINT (11.564503099000035 48.164505399000063)","Unfall 177193 (2018) Kat:3, Licht: 0","177193","3","2","5","05","06","3","0","0","0","1","0","0"
"POINT (11.540522378000048 48.118361575000051)","Unfall 177195 (2018) Kat:3, Licht: 0","177195","3","7","5","05","16","3","0","0","0","1","0","0"
"POINT (11.581484015000058 48.162597156000061)","Unfall 177196 (2018) Kat:2, Licht: 0","177196","2","3","5","05","14","3","0","0","0","1","0","1"
"POINT (11.615006148000077 48.140497736000043)","Unfall 177202 (2018) Kat:2, Licht: 0","177202","2","4","6","05","17","3","0","0","0","1","1","0"
"POINT (11.465787666000040 48.147733367000058)","Unfall 177205 (2018) Kat:3, Licht: 0","177205","3","7","0","05","11","3","0","0","1","0","0","0"
"POINT (11.540318190000050 48.214961492000043)","Unfall 177206 (2018) Kat:3, Licht: 0","177206","3","6","2","05","18","3","0","0","1","1","0","0"
"POINT (11.557600988000047 48.137445491000051)","Unfall 177210 (2018) Kat:3, Licht: 0","177210","3","5","1","05","09","3","0","0","1","1","0","0"
"POINT (11.594802460000039 48.170796318000043)","Unfall 177213 (2018) Kat:3, Licht: 0","177213","3","7","4","05","09","3","0","0","0","1","0","1"
"POINT (11.543022177000068 48.126031861000058)","Unfall 177233 (2018) Kat:3, Licht: 0","177233","3","3","5","05","18","4","0","0","0","1","0","0"
"POINT (11.582429786000034 48.134246745000041)","Unfall 177235 (2018) Kat:3, Licht: 0","177235","3","7","1","05","09","4","0","0","0","1","0","0"
"POINT (11.499821413000063 48.094849020000026)","Unfall 177239 (2018) Kat:3, Licht: 0","177239","3","7","0","05","13","4","0","0","1","0","0","0"
"POINT (11.587424550000037 48.112560258000030)","Unfall 177241 (2018) Kat:3, Licht: 0","177241","3","2","4","05","16","4","1","0","1","1","0","0"
"POINT (11.558572014000049 48.139320659000077)","Unfall 177244 (2018) Kat:3, Licht: 0","177244","3","7","0","05","18","4","0","0","1","0","0","0"
"POINT (11.563001121000070 48.131761810000057)","Unfall 177247 (2018) Kat:3, Licht: 0","177247","3","2","4","05","17","4","0","0","1","1","0","0"
"POINT (11.534934440000029 48.139935932000071)","Unfall 177250 (2018) Kat:3, Licht: 0","177250","3","2","5","05","05","4","0","0","1","1","0","0"
"POINT (11.519119484000043 48.098423419000028)","Unfall 177253 (2018) Kat:2, Licht: 0","177253","2","3","0","05","10","4","0","0","0","1","0","1"
"POINT (11.576886845000047 48.162655853000047)","Unfall 177259 (2018) Kat:3, Licht: 0","177259","3","7","5","05","14","4","1","0","0","1","0","0"
"POINT (11.579296940000063 48.149324207000063)","Unfall 177260 (2018) Kat:3, Licht: 0","177260","3","7","0","05","15","4","1","0","1","0","0","0"
"POINT (11.581785266000054 48.134732946000042)","Unfall 177262 (2018) Kat:3, Licht: 0","177262","3","6","2","05","17","4","0","0","0","1","0","1"
"POINT (11.592515237000043 48.092155694000041)","Unfall 177294 (2018) Kat:3, Licht: 0","177294","3","1","1","05","14","7","0","0","1","1","0","0"
"POINT (11.564199224000049 48.154436218000058)","Unfall 177296 (2018) Kat:3, Licht: 0","177296","3","5","1","05","16","7","0","0","1","1","0","0"
"POINT (11.492010164000021 48.182570167000051)","Unfall 177297 (2018) Kat:3, Licht: 0","177297","3","3","5","05","19","7","0","0","1","1","0","0"
"POINT (11.601819199000033 48.126929725000082)","Unfall 177306 (2018) Kat:3, Licht: 2","177306","3","2","5","05","01","7","0","2","0","1","0","0"
"POINT (11.572676127000022 48.187360530000035)","Unfall 177307 (2018) Kat:2, Licht: 2","177307","2","2","4","05","22","7","0","2","0","1","0","0"
"POINT (11.618665130000068 48.138090873000067)","Unfall 177309 (2018) Kat:3, Licht: 0","177309","3","6","3","05","15","7","0","0","0","1","0","0"
"POINT (11.457012371000076 48.140196842000080)","Unfall 177311 (2018) Kat:3, Licht: 0","177311","3","2","6","05","18","7","0","0","0","0","1","0"
"POINT (11.524101860000030 48.099866062000046)","Unfall 177315 (2018) Kat:3, Licht: 0","177315","3","2","3","05","12","7","0","0","1","1","0","0"
"POINT (11.503656755000065 48.081978587000037)","Unfall 177316 (2018) Kat:3, Licht: 0","177316","3","7","5","05","08","7","0","0","0","1","0","1"
"POINT (11.652904657000022 48.109074089000046)","Unfall 177318 (2018) Kat:3, Licht: 0","177318","3","3","5","05","14","7","0","0","0","1","0","0"
"POINT (11.555538938000041 48.132383532000063)","Unfall 177320 (2018) Kat:3, Licht: 0","177320","3","2","5","05","18","7","0","0","1","1","0","0"