WKT,Name,OBJECTID,UKATEGORIE,UTYP1,UART,UMONAT,USTUNDE,UWOCHENTAG,STRZUSTAND,ULICHTVERH,ISTRAD,ISTPKW,ISTFUSS,ISTKRAD
"POINT (11.585838856000066 48.161918543000070)","Unfall 177321 (2018) Kat:3, Licht: 2","177321","3","6","2","05","22","7","0","2","0","1","0","0"
"POINT (11.586141837000071 48.167158900000061)","Unfall 177324 (2018) Kat:3, Licht: 0","177324","3","6","3","05","13","7","0","0","1","0","0","0"
"POINT (11.583247778000043 48.160876309000059)","Unfall 177327 (2018) Kat:3, Licht: 0","177327","3","3","5","05","11","7","0","0","1","1","0","0"
"POINT (11.493937222000056 48.111423475000038)","Unfall 177340 (2018) Kat:2, Licht: 0","177340","2","3","5","05","17","2","0","0","0","1","0","0"
"POINT (11.594347958000071 48.111086683000053)","Unfall 177342 (2018) Kat:3, Licht: 0","177342","3","4","6","05","10","2","0","0","0","0","1","0"
"POINT (11.479089636000026 48.123293827000055)","Unfall 177346 (2018) Kat:3, Licht: 0","177346","3","3","5","05","06","2","0","0","0","1","0","0"
"POINT (11.569757500000037 48.111522241000046)","Unfall 177349 (2018) Kat:3, Licht: 2","177349","3","3","5","05","20","2","0","2","0","1","0","0"
"POINT (11.572182715000054 48.194346522000046)","Unfall 177350 (2018) Kat:3, Licht: 0","177350","3","7","3","05","06","2","0","0","0","1","0","1"
"POINT (11.575351226000066 48.119503354000074)","Unfall 177352 (2018) Kat:3, Licht: 0","177352","3","4","6","05","17","2","0","0","0","1","1","0"
"POINT (11.578261709000060 48.135003219000055)","Unfall 177357 (2018) Kat:3, Licht: 0","177357","3","4","6","05","18","2","0","0","0","1","1","0"
"POINT (11.593592100000023 48.091526799000064)","Unfall 177358 (2018) Kat:3, Licht: 0","177358","3","4","6","05","15","2","0","0","0","1","1","0"
"POINT (11.454737760000057 48.203319823000072)","Unfall 177361 (2018) Kat:3, Licht: 0","177361","3","7","6","05","18","2","1","0","0","1","1","0"
"POINT (11.568427184000029 48.187295525000081)","Unfall 177363 (2018) Kat:3, Licht: 0","177363","3","6","2","05","11","2","0","0","0","1","0","0"
"POINT (11.667670168000029 48.135713810000027)","Unfall 177366 (2018) Kat:3, Licht: 0","177366","3","7","6","05","13","2","0","0","0","0","1","0"
"POINT (11.565446438000038 48.139768752000066)","Unfall 177368 (2018) Kat:3, Licht: 0","177368","3","4","6","05","16","2","0","0","1","0","1","0"
"POINT (11.566921999000044 48.140363253000032)","Unfall 177370 (2018) Kat:3, Licht: 0","177370","3","3","5","05","16","2","0","0","0","1","0","0"
"POINT (11.565219614000057 48.137161490000040)","Unfall 177458 (2018) Kat:3, Licht: 0","177458","3","6","3","05","10","1","0","0","0","0","0","1"
"POINT (11.490272744000038 48.084797907000052)","Unfall 177459 (2018) Kat:3, Licht: 2","177459","3","3","5","05","23","1","0","2","1","1","0","0"
"POINT (11.575879981000071 48.128223635000040)","Unfall 177462 (2018) Kat:3, Licht: 0","177462","3","2","3","05","09","1","0","0","0","1","0","1"
"POINT (11.521407853000028 48.178606772000080)","Unfall 177464 (2018) Kat:3, Licht: 2","177464","3","7","0","05","00","6","1","2","1","0","0","0"
"POINT (11.530077219000077 48.092496665000056)","Unfall 177465 (2018) Kat:3, Licht: 0","177465","3","7","6","05","18","1","0","0","0","1","1","0"
"POINT (11.560479827000052 48.130495857000028)","Unfall 177466 (2018) Kat:3, Licht: 0","177466","3","7","3","05","16","6","0","0","0","1","0","1"
"POINT (11.690277639000044 48.135494347000076)","Unfall 177467 (2018) Kat:2, Licht: 0","177467","2","2","4","05","17","6","0","0","0","1","0","1"
"POINT (11.476321950000056 48.110207391000074)","Unfall 177468 (2018) Kat:2, Licht: 0","177468","2","6","4","05","12","1","0","0","0","1","0","0"
"POINT (11.555876119000061 48.136766482000041)","Unfall 177469 (2018) Kat:2, Licht: 0","177469","2","7","6","05","12","1","0","0","1","0","1","0"
"POINT (11.519246756000030 48.139550715000041)","Unfall 177470 (2018) Kat:3, Licht: 2","177470","3","3","5","05","20","6","0","2","1","1","0","0"
"POINT (11.407692985000040 48.173644232000072)","Unfall 177471 (2018) Kat:3, Licht: 0","177471","3","2","5","05","15","1","0","0","1","0","0","0"
"POINT (11.661980345000075 48.140592791000074)","Unfall 177472 (2018) Kat:3, Licht: 0","177472","3","3","5","05","16","6","0","0","0","1","0","0"
"POINT (11.458353949000070 48.190749429000050)","Unfall 177473 (2018) Kat:3, Licht: 0","177473","3","3","5","05","12","1","0","0","1","0","0","0"
"POINT (11.615923696000038 48.142427352000027)","Unfall 177474 (2018) Kat:3, Licht: 0","177474","3","5","0","05","08","6","0","0","1","1","0","0"
"POINT (11.580603807000045 48.164014710000060)","Unfall 177475 (2018) Kat:2, Licht: 0","177475","2","7","4","05","07","6","0","0","1","0","0","0"
"POINT (11.440765930000055 48.180635001000041)","Unfall 177476 (2018) Kat:3, Licht: 0","177476","3","3","5","05","15","1","0","0","1","1","0","0"
"POINT (11.549297006000074 48.170001889000048)","Unfall 177477 (2018) Kat:3, Licht: 0","177477","3","7","0","05","10","1","0","0","1","0","0","0"
"POINT (11.592014450000022 48.142352006000067)","Unfall 177479 (2018) Kat:3, Licht: 2","177479","3","2","3","05","23","6","0","2","1","1","0","0"
"POINT (11.575347687000033 48.143072583000048)","Unfall 177482 (2018) Kat:3, Licht: 1","177482","3","2","5","05","21","6","0","1","1","1","0","0"
"POINT (11.573712452000052 48.120030430000043)","Unfall 177483 (2018) Kat:3, Licht: 0","177483","3","2","5","05","18","6","0","0","1","1","0","0"
"POINT (11.539594823000073 48.114724325000054)","Unfall 177484 (2018) Kat:2, Licht: 2","177484","2","7","1","05","20","1","1","2","0","1","0","0"
"POINT (11.425547424000058 48.178328671000031)","Unfall 177485 (2018) Kat:3, Licht: 0","177485","3","1","8","05","10","6","0","0","0","0","0","1"
"POINT (11.539497338000047 48.145685414000070)","Unfall 177487 (2018) Kat:3, Licht: 0","177487","3","7","6","05","13","6","0","0","1","0","1","0"
"POINT (11.685762879000038 48.120887294000056)","Unfall 177489 (2018) Kat:3, Licht: 0","177489","3","7","8","05","10","6","0","0","0","1","0","0"
"POINT (11.580928399000072 48.097957616000031)","Unfall 177490 (2018) Kat:3, Licht: 0","177490","3","2","4","05","14","6","0","0","0","1","1","0"
"POINT (11.494412194000063 48.139970199000061)","Unfall 177494 (2018) Kat:3, Licht: 0","177494","3","1","0","05","17","6","0","0","1","0","0","0"
"POINT (11.562119053000060 48.137404909000054)","Unfall 177496 (2018) Kat:3, Licht: 2","177496","3","5","0","05","21","6","0","2","1","1","0","0"
"POINT (11.565396429000032 48.133601388000045)","Unfall 177498 (2018) Kat:3, Licht: 0","177498","3","1","0","05","18","6","0","0","1","0","0","0"
"POINT (11.560190858000055 48.174249231000033)","Unfall 177534 (2018) Kat:3, Licht: 0","177534","3","2","3","05","18","4","1","0","1","0","0","0"
"POINT (11.588591756000028 48.140134799000066)","Unfall 177535 (2018) Kat:3, Licht: 0","177535","3","3","5","05","08","4","1","0","0","1","0","0"
"POINT (11.537556054000049 48.166307079000035)","Unfall 177536 (2018) Kat:3, Licht: 1","177536","3","3","5","05","20","4","0","1","0","1","0","0"
"POINT (11.685230736000051 48.135464134000074)","Unfall 177537 (2018) Kat:3, Licht: 0","177537","3","3","5","05","18","4","1","0","0","1","0","0"
"POINT (11.609115112000040 48.136171085000058)","Unfall 177539 (2018) Kat:2, Licht: 0","177539","2","4","6","05","10","4","1","0","0","1","1","0"
"POINT (11.508348982000030 48.163235539000027)","Unfall 177540 (2018) Kat:3, Licht: 0","177540","3","2","3","05","18","4","1","0","1","1","0","0"
"POINT (11.543580608000070 48.200855320000073)","Unfall 177541 (2018) Kat:3, Licht: 0","177541","3","2","5","05","18","4","1","0","1","1","0","0"
"POINT (11.602215373000035 48.140267837000067)","Unfall 177542 (2018) Kat:3, Licht: 0","177542","3","3","6","05","12","4","1","0","0","1","1","0"
"POINT (11.574353750000057 48.139600234000056)","Unfall 177543 (2018) Kat:3, Licht: 0","177543","3","1","6","05","07","4","1","0","1","0","1","0"
"POINT (11.573584351000022 48.200556763000066)","Unfall 177544 (2018) Kat:3, Licht: 0","177544","3","3","5","05","19","4","1","0","1","1","0","0"
"POINT (11.556317395000065 48.204314298000043)","Unfall 177545 (2018) Kat:3, Licht: 0","177545","3","6","2","05","17","4","1","0","0","1","0","0"
"POINT (11.502638495000042 48.127071313000044)","Unfall 177546 (2018) Kat:3, Licht: 0","177546","3","6","3","05","11","4","1","0","0","1","0","1"
"POINT (11.524233552000055 48.080158711000081)","Unfall 177551 (2018) Kat:3, Licht: 0","177551","3","3","5","05","08","4","1","0","1","1","0","0"
"POINT (11.588620618000050 48.109796252000081)","Unfall 177552 (2018) Kat:3, Licht: 0","177552","3","3","5","05","14","4","1","0","1","0","0","0"
"POINT (11.572307459000058 48.114489078000076)","Unfall 177555 (2018) Kat:3, Licht: 0","177555","3","1","0","05","08","4","1","0","0","0","0","1"
"POINT (11.517187332000049 48.115338427000040)","Unfall 177558 (2018) Kat:3, Licht: 0","177558","3","6","1","05","15","4","1","0","0","1","0","1"
"POINT (11.589321833000042 48.136892743000033)","Unfall 177561 (2018) Kat:3, Licht: 0","177561","3","2","5","05","18","4","1","0","1","1","0","0"
"POINT (11.590802253000049 48.166361619000043)","Unfall 177562 (2018) Kat:3, Licht: 0","177562","3","7","6","05","10","4","1","0","0","1","1","0"
"POINT (11.582504440000037 48.171970269000042)","Unfall 177655 (2018) Kat:3, Licht: 0","177655","3","3","5","05","07","5","1","0","1","1","0","0"
"POINT (11.608256348000054 48.137734127000044)","Unfall 177656 (2018) Kat:3, Licht: 0","177656","3","3","5","05","17","5","1","0","1","1","0","0"
"POINT (11.645293610000067 48.099256018000062)","Unfall 177660 (2018) Kat:3, Licht: 0","177660","3","2","2","05","10","5","0","0","0","1","0","0"
"POINT (11.592675772000064 48.136693268000045)","Unfall 177661 (2018) Kat:3, Licht: 0","177661","3","1","0","05","08","5","1","0","1","0","0","0"
"POINT (11.554661051000039 48.137480068000059)","Unfall 177664 (2018) Kat:3, Licht: 0","177664","3","6","5","05","17","5","0","0","0","1","0","0"
"POINT (11.570634749000021 48.162513573000069)","Unfall 177666 (2018) Kat:3, Licht: 0","177666","3","1","1","05","11","3","0","0","1","1","0","0"
"POINT (11.476216418000035 48.109698746000049)","Unfall 177667 (2018) Kat:3, Licht: 0","177667","3","6","2","05","08","5","0","0","0","1","0","0"
"POINT (11.513704123000025 48.137486667000076)","Unfall 177668 (2018) Kat:3, Licht: 0","177668","3","7","5","05","17","5","1","0","0","1","0","0"
"POINT (11.529645019000043 48.157296597000027)","Unfall 177669 (2018) Kat:3, Licht: 0","177669","3","7","0","05","12","3","1","0","1","0","0","0"
"POINT (11.705504210000072 48.133151988000066)","Unfall 177670 (2018) Kat:3, Licht: 0","177670","3","2","4","05","15","5","1","0","1","1","0","0"
"POINT (11.579226255000037 48.146165225000061)","Unfall 177671 (2018) Kat:2, Licht: 0","177671","2","7","0","05","16","5","1","0","0","0","0","1"
"POINT (11.543190110000069 48.150360327000044)","Unfall 177672 (2018) Kat:3, Licht: 0","177672","3","1","0","05","14","3","1","0","1","0","0","0"
"POINT (11.649832077000042 48.109169250000036)","Unfall 177673 (2018) Kat:2, Licht: 0","177673","2","3","5","05","18","5","1","0","0","1","0","0"
"POINT (11.513884743000062 48.113400142000046)","Unfall 177674 (2018) Kat:2, Licht: 0","177674","2","3","5","05","09","3","0","0","1","1","0","0"
"POINT (11.556078516000071 48.132331746000034)","Unfall 177675 (2018) Kat:3, Licht: 0","177675","3","7","5","05","16","5","1","0","1","1","0","0"
"POINT (11.566568194000070 48.184594734000029)","Unfall 177676 (2018) Kat:3, Licht: 0","177676","3","2","6","05","07","5","1","0","0","1","1","0"
"POINT (11.531419395000057 48.184073391000027)","Unfall 177677 (2018) Kat:3, Licht: 0","177677","3","7","0","05","11","3","0","0","1","0","1","0"
"POINT (11.422922638000045 48.161266809000040)","Unfall 177678 (2018) Kat:3, Licht: 0","177678","3","3","5","05","17","5","1","0","1","1","0","0"
"POINT (11.566194095000071 48.157918647000031)","Unfall 177679 (2018) Kat:3, Licht: 0","177679","3","2","4","05","18","3","0","0","1","1","0","0"
"POINT (11.479049925000027 48.125856700000043)","Unfall 177682 (2018) Kat:3, Licht: 0","177682","3","7","0","05","08","3","0","0","0","0","0","0"
"POINT (11.583299381000074 48.141559225000037)","Unfall 177683 (2018) Kat:3, Licht: 0","177683","3","2","5","05","06","5","1","0","1","1","0","0"
"POINT (11.637229527000045 48.155115303000059)","Unfall 177685 (2018) Kat:3, Licht: 0","177685","3","4","6","05","10","3","0","0","0","0","1","0"
"POINT (11.502795597000045 48.094511703000080)","Unfall 177687 (2018) Kat:3, Licht: 0","177687","3","3","5","05","07","3","0","0","1","1","0","0"
"POINT (11.607604530000060 48.206463509000059)","Unfall 177689 (2018) Kat:3, Licht: 0","177689","3","3","5","05","18","3","0","0","1","1","0","0"
"POINT (11.566062220000049 48.153932707000081)","Unfall 177692 (2018) Kat:3, Licht: 0","177692","3","3","5","05","18","3","0","0","0","1","0","0"
"POINT (11.566035858000021 48.174572788000035)","Unfall 177693 (2018) Kat:3, Licht: 0","177693","3","2","3","05","15","3","1","0","1","1","0","0"
"POINT (11.576401012000076 48.135920616000078)","Unfall 177694 (2018) Kat:3, Licht: 1","177694","3","7","5","05","20","3","1","1","1","0","0","0"
"POINT (11.554887726000061 48.166934439000045)","Unfall 177697 (2018) Kat:3, Licht: 0","177697","3","4","6","05","15","3","1","0","0","1","1","0"
"POINT (11.520659034000062 48.150098443000047)","Unfall 177698 (2018) Kat:3, Licht: 0","177698","3","6","3","05","19","3","0","0","0","1","0","0"
"POINT (11.564886191000028 48.167931479000060)","Unfall 177701 (2018) Kat:3, Licht: 0","177701","3","4","6","05","07","3","0","0","1","0","1","0"
"POINT (11.642717329000050 48.099377704000062)","Unfall 177703 (2018) Kat:3, Licht: 0","177703","3","3","6","05","15","3","1","0","0","1","1","0"
"POINT (11.530747028000064 48.159813933000066)","Unfall 177706 (2018) Kat:3, Licht: 0","177706","3","2","0","05","08","3","0","0","0","1","0","1"
"POINT (11.502986090000036 48.089872182000079)","Unfall 177709 (2018) Kat:3, Licht: 0","177709","3","1","9","05","17","3","0","0","0","1","0","0"
"POINT (11.707426671000064 48.133462328000064)","Unfall 177712 (2018) Kat:3, Licht: 0","177712","3","3","5","05","18","3","1","0","0","1","0","0"
"POINT (11.612803835000022 48.120658335000030)","Unfall 177713 (2018) Kat:3, Licht: 0","177713","3","2","6","05","15","3","1","0","0","1","1","0"
"POINT (11.588636985000051 48.155357050000077)","Unfall 177715 (2018) Kat:3, Licht: 0","177715","3","5","1","05","19","3","1","0","1","1","0","0"
"POINT (11.562970977000077 48.141561680000052)","Unfall 177864 (2018) Kat:3, Licht: 0","177864","3","5","0","05","12","3","0","0","1","1","0","0"
"POINT (11.536364158000026 48.146181137000042)","Unfall 177866 (2018) Kat:3, Licht: 0","177866","3","2","5","05","11","3","0","0","1","1","0","0"
"POINT (11.555147466000051 48.123792757000047)","Unfall 177868 (2018) Kat:2, Licht: 0","177868","2","3","5","05","12","3","0","0","0","1","0","0"
"POINT (11.501245740000059 48.118463434000034)","Unfall 177869 (2018) Kat:3, Licht: 0","177869","3","3","5","05","13","3","0","0","0","1","0","0"
"POINT (11.572590735000063 48.188567103000025)","Unfall 177870 (2018) Kat:3, Licht: 0","177870","3","2","5","05","11","3","0","0","0","1","0","0"
"POINT (11.652904782000064 48.109056103000057)","Unfall 177872 (2018) Kat:3, Licht: 0","177872","3","3","5","05","20","3","1","0","0","1","0","0"
"POINT (11.613098740000055 48.138368703000026)","Unfall 177873 (2018) Kat:3, Licht: 0","177873","3","7","6","05","12","3","0","0","0","1","1","0"
"POINT (11.575441557000033 48.167044394000072)","Unfall 177876 (2018) Kat:3, Licht: 0","177876","3","3","5","05","19","3","0","0","0","1","0","1"
"POINT (11.542907382000067 48.146509617000049)","Unfall 177878 (2018) Kat:3, Licht: 0","177878","3","6","2","05","15","3","0","0","0","1","0","0"
"POINT (11.478920488000028 48.129136889000051)","Unfall 177880 (2018) Kat:3, Licht: 1","177880","3","6","1","05","20","3","0","1","0","1","0","0"
"POINT (11.501869244000034 48.120196001000068)","Unfall 177881 (2018) Kat:3, Licht: 0","177881","3","2","5","05","17","3","0","0","1","1","0","0"
"POINT (11.669553308000047 48.125307924000026)","Unfall 177884 (2018) Kat:3, Licht: 0","177884","3","1","0","05","08","3","0","0","1","0","0","0"
"POINT (11.625497785000050 48.096311841000045)","Unfall 177891 (2018) Kat:3, Licht: 0","177891","3","6","2","05","15","7","0","0","0","1","0","1"
"POINT (11.481849107000073 48.141695870000035)","Unfall 177893 (2018) Kat:3, Licht: 0","177893","3","6","2","05","11","7","0","0","0","1","0","0"
"POINT (11.503058858000031 48.136189593000040)","Unfall 177895 (2018) Kat:3, Licht: 0","177895","3","4","6","05","12","7","0","0","1","0","1","0"
"POINT (11.413075728000024 48.150717330000077)","Unfall 177898 (2018) Kat:3, Licht: 1","177898","3","4","6","05","20","7","1","1","0","1","1","0"
"POINT (11.463784746000044 48.154005344000041)","Unfall 177899 (2018) Kat:3, Licht: 0","177899","3","3","5","05","13","7","0","0","0","1","0","0"
"POINT (11.639398643000050 48.109082934000071)","Unfall 177902 (2018) Kat:3, Licht: 1","177902","3","2","4","05","18","7","1","1","0","1","0","0"
"POINT (11.622015332000046 48.127959009000051)","Unfall 177904 (2018) Kat:3, Licht: 0","177904","3","7","5","05","14","7","0","0","0","1","0","0"
"POINT (11.643476270000065 48.168742733000045)","Unfall 177906 (2018) Kat:3, Licht: 0","177906","3","7","2","05","17","7","0","0","0","1","0","1"
"POINT (11.613021899000046 48.136558151000031)","Unfall 177908 (2018) Kat:3, Licht: 0","177908","3","6","5","05","14","7","0","0","1","0","0","0"
"POINT (11.570582096000066 48.146883791000050)","Unfall 177910 (2018) Kat:3, Licht: 0","177910","3","7","0","05","10","7","0","0","1","0","0","0"
"POINT (11.516318607000073 48.165541973000074)","Unfall 177985 (2018) Kat:3, Licht: 0","177985","3","3","5","05","15","2","0","0","0","1","0","0"
"POINT (11.579333061000057 48.129245509000043)","Unfall 177986 (2018) Kat:3, Licht: 0","177986","3","2","5","05","15","2","0","0","1","1","0","0"
"POINT (11.624260776000028 48.190808771000036)","Unfall 177988 (2018) Kat:2, Licht: 0","177988","2","1","6","05","12","2","0","0","0","1","1","0"
"POINT (11.504249385000037 48.172927253000069)","Unfall 177989 (2018) Kat:3, Licht: 0","177989","3","7","0","05","14","2","0","0","1","0","0","0"
"POINT (11.588538313000072 48.122224582000058)","Unfall 178006 (2018) Kat:3, Licht: 0","178006","3","4","0","05","15","6","0","0","0","1","1","0"
"POINT (11.588548243000048 48.143061530000068)","Unfall 178009 (2018) Kat:3, Licht: 0","178009","3","2","5","05","08","6","0","0","0","1","0","1"
"POINT (11.521152172000029 48.090421217000028)","Unfall 178011 (2018) Kat:3, Licht: 0","178011","3","6","1","05","09","6","0","0","0","1","0","0"
"POINT (11.601435968000033 48.141049126000041)","Unfall 178013 (2018) Kat:3, Licht: 0","178013","3","5","1","05","18","6","0","0","0","1","0","1"
"POINT (11.608459449000065 48.128090971000063)","Unfall 178017 (2018) Kat:3, Licht: 0","178017","3","3","5","05","15","6","0","0","1","1","0","0"
"POINT (11.564182130000063 48.139370040000074)","Unfall 178020 (2018) Kat:2, Licht: 0","178020","2","3","1","05","06","6","0","0","1","1","0","0"
"POINT (11.566513391000058 48.184357346000070)","Unfall 178022 (2018) Kat:3, Licht: 0","178022","3","6","2","05","12","6","0","0","0","1","0","0"
"POINT (11.648569984000062 48.120301213000062)","Unfall 178025 (2018) Kat:3, Licht: 0","178025","3","1","0","05","14","6","0","0","1","0","0","0"
"POINT (11.566891321000071 48.181601526000065)","Unfall 178026 (2018) Kat:3, Licht: 0","178026","3","2","3","05","07","6","0","0","0","0","0","0"
"POINT (11.537490583000022 48.137041335000049)","Unfall 178028 (2018) Kat:2, Licht: 0","178028","2","4","6","05","11","6","0","0","0","1","1","0"
"POINT (11.516718747000027 48.141417740000065)","Unfall 178030 (2018) Kat:2, Licht: 2","178030","2","5","1","05","22","6","0","2","1","1","0","0"
"POINT (11.592208825000057 48.114992496000070)","Unfall 178031 (2018) Kat:3, Licht: 0","178031","3","2","4","05","17","6","0","0","1","1","0","0"
"POINT (11.559115613000074 48.212984407000079)","Unfall 178034 (2018) Kat:3, Licht: 0","178034","3","3","5","05","12","6","0","0","1","1","0","0"
"POINT (11.602201533000027 48.115737796000076)","Unfall 178036 (2018) Kat:3, Licht: 0","178036","3","2","5","05","18","6","0","0","0","1","0","0"
"POINT (11.541487802000063 48.168970148000028)","Unfall 178054 (2018) Kat:3, Licht: 0","178054","3","6","3","05","17","6","0","0","1","0","0","0"
"POINT (11.554253537000022 48.160333775000026)","Unfall 178055 (2018) Kat:3, Licht: 0","178055","3","3","5","05","09","6","0","0","1","1","0","0"
"POINT (11.563872962000062 48.156945554000060)","Unfall 178057 (2018) Kat:3, Licht: 0","178057","3","3","5","05","18","1","0","0","0","1","0","1"
"POINT (11.643421719000060 48.169385613000031)","Unfall 178058 (2018) Kat:3, Licht: 1","178058","3","3","5","05","20","6","0","1","1","1","0","0"
"POINT (11.555923446000065 48.138034735000076)","Unfall 178059 (2018) Kat:3, Licht: 0","178059","3","1","0","05","20","1","0","0","1","0","0","0"
"POINT (11.637331094000047 48.153100981000080)","Unfall 178060 (2018) Kat:3, Licht: 0","178060","3","3","5","05","15","6","0","0","1","1","0","0"
"POINT (11.589851337000027 48.106690297000057)","Unfall 178064 (2018) Kat:3, Licht: 2","178064","3","6","1","05","21","1","0","2","0","1","0","0"
"POINT (11.574105771000063 48.160445769000034)","Unfall 178067 (2018) Kat:3, Licht: 0","178067","3","5","3","05","19","1","0","0","1","1","0","0"
"POINT (11.583349857000030 48.154913021000027)","Unfall 178068 (2018) Kat:3, Licht: 0","178068","3","5","0","05","12","1","0","0","1","1","0","0"
"POINT (11.597007033000068 48.149393228000065)","Unfall 178071 (2018) Kat:3, Licht: 0","178071","3","4","6","05","13","1","0","0","1","0","1","0"
"POINT (11.650308758000051 48.113119409000035)","Unfall 178152 (2018) Kat:3, Licht: 0","178152","3","4","6","05","12","5","0","0","0","1","1","0"
"POINT (11.517224211000041 48.135079924000081)","Unfall 178155 (2018) Kat:3, Licht: 0","178155","3","2","4","05","17","5","0","0","1","0","0","0"
"POINT (11.583856861000072 48.165708209000059)","Unfall 178156 (2018) Kat:3, Licht: 0","178156","3","2","4","05","15","5","0","0","1","1","0","0"
"POINT (11.587353398000062 48.143305791000046)","Unfall 178158 (2018) Kat:3, Licht: 0","178158","3","3","5","05","17","5","0","0","1","1","0","0"
"POINT (11.545051637000029 48.122512063000045)","Unfall 178161 (2018) Kat:2, Licht: 0","178161","2","2","4","05","10","5","1","0","1","1","0","0"
"POINT (11.582702228000073 48.157634761000054)","Unfall 178162 (2018) Kat:3, Licht: 2","178162","3","5","1","05","23","7","0","2","1","1","0","0"
"POINT (11.525957065000057 48.155372046000082)","Unfall 178163 (2018) Kat:3, Licht: 2","178163","3","7","0","05","02","5","0","2","1","1","0","0"
"POINT (11.511154629000032 48.130071729000065)","Unfall 178164 (2018) Kat:3, Licht: 0","178164","3","6","3","05","18","7","0","0","1","0","0","0"
"POINT (11.617519246000029 48.198367578000045)","Unfall 178165 (2018) Kat:3, Licht: 0","178165","3","7","0","05","09","5","1","0","1","0","0","0"
"POINT (11.547766355000022 48.171485624000070)","Unfall 178166 (2018) Kat:3, Licht: 0","178166","3","7","0","05","18","7","0","0","1","0","0","0"
"POINT (11.597960964000038 48.115020936000064)","Unfall 178167 (2018) Kat:3, Licht: 0","178167","3","5","1","05","17","5","0","0","1","1","0","0"
"POINT (11.503017957000054 48.134911686000066)","Unfall 178168 (2018) Kat:3, Licht: 0","178168","3","7","0","05","17","5","0","0","0","0","0","0"
"POINT (11.572866951000037 48.185826324000061)","Unfall 178169 (2018) Kat:3, Licht: 2","178169","3","3","5","05","20","7","0","2","0","1","0","1"
"POINT (11.556378339000048 48.152266713000074)","Unfall 178170 (2018) Kat:3, Licht: 0","178170","3","6","3","05","13","7","0","0","0","1","0","0"
"POINT (11.596004741000058 48.141685239000026)","Unfall 178171 (2018) Kat:3, Licht: 0","178171","3","7","0","05","06","5","1","0","1","0","0","0"
"POINT (11.616136242000039 48.120774467000047)","Unfall 178172 (2018) Kat:3, Licht: 0","178172","3","3","5","05","09","5","1","0","1","1","0","0"
"POINT (11.628334196000026 48.101300157000026)","Unfall 178173 (2018) Kat:3, Licht: 0","178173","3","2","5","05","17","7","0","0","1","1","0","0"
"POINT (11.609599633000073 48.135443635000058)","Unfall 178175 (2018) Kat:3, Licht: 0","178175","3","4","6","05","14","7","0","0","1","0","1","0"
"POINT (11.589608360000057 48.201299091000067)","Unfall 178256 (2018) Kat:3, Licht: 0","178256","3","6","3","05","18","4","0","0","1","1","0","0"
"POINT (11.551719521000052 48.119395100000077)","Unfall 178257 (2018) Kat:3, Licht: 0","178257","3","3","5","05","06","4","0","0","1","1","0","0"
"POINT (11.545539341000051 48.135796961000040)","Unfall 178259 (2018) Kat:3, Licht: 0","178259","3","3","5","05","18","4","0","0","0","1","0","1"
"POINT (11.553464098000063 48.213625999000044)","Unfall 178260 (2018) Kat:3, Licht: 2","178260","3","3","5","05","21","4","1","2","0","1","0","1"
"POINT (11.585951400000056 48.171146163000060)","Unfall 178262 (2018) Kat:3, Licht: 0","178262","3","6","1","05","19","4","0","0","0","1","0","1"
"POINT (11.583541248000074 48.155322750000039)","Unfall 178263 (2018) Kat:3, Licht: 0","178263","3","3","5","05","20","4","0","0","1","1","0","0"
"POINT (11.575296132000062 48.159670889000040)","Unfall 178266 (2018) Kat:2, Licht: 0","178266","2","6","2","05","08","4","0","0","1","1","0","0"
"POINT (11.506480231000069 48.179773885000031)","Unfall 178268 (2018) Kat:3, Licht: 0","178268","3","5","1","05","14","4","0","0","1","1","0","0"
"POINT (11.581002551000040 48.116019382000047)","Unfall 178270 (2018) Kat:3, Licht: 0","178270","3","7","0","05","13","4","0","0","0","1","0","0"
"POINT (11.541256907000047 48.122790883000050)","Unfall 178271 (2018) Kat:3, Licht: 0","178271","3","5","1","05","11","4","0","0","0","1","0","0"
"POINT (11.535663735000071 48.198035908000065)","Unfall 178274 (2018) Kat:3, Licht: 0","178274","3","7","0","05","18","4","0","0","0","0","0","0"
"POINT (11.556578995000052 48.161375173000067)","Unfall 178275 (2018) Kat:3, Licht: 0","178275","3","7","0","05","17","4","0","0","1","0","0","0"
"POINT (11.560419943000056 48.134271123000076)","Unfall 178278 (2018) Kat:3, Licht: 0","178278","3","5","1","05","14","4","0","0","1","1","0","0"
"POINT (11.589706065000030 48.131751066000049)","Unfall 178296 (2018) Kat:3, Licht: 0","178296","3","2","5","05","11","6","0","0","1","1","0","0"
"POINT (11.616399900000033 48.148935657000038)","Unfall 178297 (2018) Kat:3, Licht: 0","178297","3","6","2","05","19","6","0","0","0","1","0","1"
"POINT (11.503054866000070 48.136044208000044)","Unfall 178301 (2018) Kat:3, Licht: 0","178301","3","6","2","05","13","6","0","0","0","1","0","0"
"POINT (11.564898950000043 48.139312619000066)","Unfall 178302 (2018) Kat:3, Licht: 0","178302","3","7","0","05","19","6","0","0","1","0","0","0"
"POINT (11.566487376000055 48.211642688000040)","Unfall 178304 (2018) Kat:3, Licht: 0","178304","3","5","1","05","07","6","0","0","1","1","0","0"
"POINT (11.532295110000064 48.130039334000060)","Unfall 178305 (2018) Kat:3, Licht: 0","178305","3","2","5","05","06","6","0","0","0","1","0","1"