WKT,Name,OBJECTID,UKATEGORIE,UTYP1,UART,UMONAT,USTUNDE,UWOCHENTAG,STRZUSTAND,ULICHTVERH,ISTRAD,ISTPKW,ISTFUSS,ISTKRAD
"POINT (11.592701087000023 48.114904097000078)","Unfall 179427 (2018) Kat:3, Licht: 0","179427","3","2","5","06","18","1","0","0","1","1","0","0"
"POINT (11.496498990000077 48.177205899000057)","Unfall 179428 (2018) Kat:3, Licht: 0","179428","3","3","5","06","10","1","0","0","0","1","0","0"
"POINT (11.530577163000032 48.200272057000063)","Unfall 179430 (2018) Kat:3, Licht: 0","179430","3","7","0","06","20","1","1","0","1","0","0","0"
"POINT (11.579719788000034 48.159995938000066)","Unfall 179432 (2018) Kat:3, Licht: 0","179432","3","7","3","06","14","1","0","0","1","0","0","0"
"POINT (11.566744440000036 48.182715028000075)","Unfall 179435 (2018) Kat:2, Licht: 0","179435","2","2","4","06","16","1","0","0","0","1","0","1"
"POINT (11.502488240000048 48.130995914000039)","Unfall 179438 (2018) Kat:3, Licht: 1","179438","3","7","3","06","21","1","0","1","1","1","0","0"
"POINT (11.518033071000048 48.139085305000037)","Unfall 179439 (2018) Kat:3, Licht: 0","179439","3","1","1","06","16","1","0","0","0","1","0","1"
"POINT (11.574514611000041 48.089446209000073)","Unfall 179442 (2018) Kat:3, Licht: 0","179442","3","6","0","06","20","1","0","0","1","0","0","0"
"POINT (11.568390019000049 48.164180795000050)","Unfall 179446 (2018) Kat:3, Licht: 0","179446","3","1","1","06","17","1","0","0","1","1","0","0"
"POINT (11.552369845000044 48.155462365000062)","Unfall 179536 (2018) Kat:3, Licht: 0","179536","3","6","2","06","13","2","0","0","0","1","0","1"
"POINT (11.673797242000035 48.125991133000070)","Unfall 179538 (2018) Kat:3, Licht: 0","179538","3","7","1","06","16","7","0","0","1","1","0","0"
"POINT (11.555755935000036 48.139174320000052)","Unfall 179539 (2018) Kat:3, Licht: 0","179539","3","6","6","06","15","2","0","0","1","0","1","0"
"POINT (11.569690052000055 48.136198487000058)","Unfall 179540 (2018) Kat:3, Licht: 0","179540","3","6","4","06","19","2","0","0","1","1","0","0"
"POINT (11.521879530000035 48.127959205000082)","Unfall 179541 (2018) Kat:3, Licht: 0","179541","3","7","5","06","12","7","0","0","0","1","0","0"
"POINT (11.534583008000027 48.116917188000059)","Unfall 179542 (2018) Kat:3, Licht: 0","179542","3","2","5","06","13","2","0","0","0","1","0","1"
"POINT (11.530402727000023 48.182941122000045)","Unfall 179543 (2018) Kat:3, Licht: 0","179543","3","3","5","06","15","7","0","0","1","1","0","0"
"POINT (11.576799514000072 48.112746209000079)","Unfall 179544 (2018) Kat:3, Licht: 0","179544","3","2","5","06","16","7","0","0","1","0","0","0"
"POINT (11.556002623000040 48.128347417000043)","Unfall 179545 (2018) Kat:3, Licht: 0","179545","3","2","4","06","13","2","0","0","1","1","0","0"
"POINT (11.548274967000054 48.170490469000072)","Unfall 179546 (2018) Kat:3, Licht: 0","179546","3","7","0","06","13","7","0","0","0","0","0","0"
"POINT (11.632507962000034 48.138336023000079)","Unfall 179547 (2018) Kat:3, Licht: 0","179547","3","5","1","06","19","2","0","0","0","1","0","0"
"POINT (11.709020867000049 48.110751559000050)","Unfall 179548 (2018) Kat:3, Licht: 2","179548","3","1","8","06","01","7","0","2","0","0","0","1"
"POINT (11.458807258000036 48.164657375000047)","Unfall 179549 (2018) Kat:3, Licht: 2","179549","3","3","5","06","00","2","0","2","0","1","0","0"
"POINT (11.532694053000057 48.178815799000063)","Unfall 179550 (2018) Kat:3, Licht: 0","179550","3","5","1","06","15","2","0","0","1","0","0","0"
"POINT (11.521799269000041 48.175904582000044)","Unfall 179551 (2018) Kat:2, Licht: 0","179551","2","2","4","06","13","7","0","0","1","1","0","0"
"POINT (11.558166845000073 48.129415545000029)","Unfall 179552 (2018) Kat:3, Licht: 0","179552","3","2","0","06","16","7","0","0","1","0","0","1"
"POINT (11.594320049000032 48.173331311000027)","Unfall 179553 (2018) Kat:3, Licht: 0","179553","3","5","1","06","07","2","0","0","1","1","0","0"
"POINT (11.561544162000075 48.142042161000063)","Unfall 179554 (2018) Kat:3, Licht: 0","179554","3","7","0","06","08","2","0","0","0","0","0","1"
"POINT (11.449903936000055 48.147996710000029)","Unfall 179555 (2018) Kat:3, Licht: 0","179555","3","5","1","06","06","7","0","0","0","1","0","0"
"POINT (11.593942507000065 48.128663783000036)","Unfall 179556 (2018) Kat:3, Licht: 0","179556","3","6","2","06","16","2","0","0","1","1","0","0"
"POINT (11.524184096000056 48.100191500000051)","Unfall 179557 (2018) Kat:2, Licht: 0","179557","2","2","5","06","09","2","0","0","1","1","0","0"
"POINT (11.455109704000051 48.199021307000066)","Unfall 179558 (2018) Kat:3, Licht: 0","179558","3","3","5","06","13","7","0","0","0","1","0","0"
"POINT (11.568384424000044 48.181744059000039)","Unfall 179560 (2018) Kat:3, Licht: 0","179560","3","6","1","06","18","2","0","0","0","1","0","1"
"POINT (11.559545114000059 48.130058029000054)","Unfall 179561 (2018) Kat:3, Licht: 0","179561","3","3","5","06","12","2","0","0","1","1","0","0"
"POINT (11.545692223000060 48.108194253000079)","Unfall 179562 (2018) Kat:3, Licht: 0","179562","3","6","2","06","12","7","0","0","0","1","0","0"
"POINT (11.535574003000022 48.152112469000031)","Unfall 179563 (2018) Kat:3, Licht: 0","179563","3","2","0","06","18","2","1","0","1","1","0","0"
"POINT (11.502525629000047 48.142904941000040)","Unfall 179564 (2018) Kat:3, Licht: 0","179564","3","6","1","06","14","2","0","0","0","1","0","0"
"POINT (11.531390682000051 48.146966170000042)","Unfall 179567 (2018) Kat:3, Licht: 0","179567","3","2","4","06","16","2","0","0","0","1","0","0"
"POINT (11.568109784000058 48.204895838000027)","Unfall 179568 (2018) Kat:3, Licht: 0","179568","3","2","0","06","17","2","1","0","0","1","0","0"
"POINT (11.455539986000076 48.200137390000066)","Unfall 179570 (2018) Kat:3, Licht: 0","179570","3","1","0","06","07","2","0","0","1","0","0","0"
"POINT (11.606652925000049 48.143297670000038)","Unfall 179572 (2018) Kat:3, Licht: 0","179572","3","7","1","06","14","2","0","0","0","1","0","0"
"POINT (11.542545476000043 48.122025412000028)","Unfall 179575 (2018) Kat:3, Licht: 0","179575","3","2","5","06","09","2","0","0","1","0","0","0"
"POINT (11.518499194000071 48.104966265000030)","Unfall 179576 (2018) Kat:3, Licht: 0","179576","3","7","0","06","16","2","0","0","1","0","0","0"
"POINT (11.555936188000032 48.138387408000028)","Unfall 179578 (2018) Kat:3, Licht: 0","179578","3","7","0","06","09","2","0","0","0","0","0","0"
"POINT (11.565035437000063 48.152353822000066)","Unfall 179579 (2018) Kat:3, Licht: 0","179579","3","7","1","06","16","2","0","0","1","0","0","0"
"POINT (11.563817749000066 48.150485183000058)","Unfall 179582 (2018) Kat:3, Licht: 0","179582","3","4","6","06","07","2","0","0","1","0","1","0"
"POINT (11.463102959000025 48.164810124000041)","Unfall 179616 (2018) Kat:3, Licht: 0","179616","3","3","5","06","11","5","0","0","0","1","0","0"
"POINT (11.566712130000042 48.182930867000039)","Unfall 179617 (2018) Kat:3, Licht: 0","179617","3","5","3","06","07","5","0","0","0","1","0","0"
"POINT (11.560680456000057 48.141142330000037)","Unfall 179618 (2018) Kat:3, Licht: 0","179618","3","6","3","06","08","5","0","0","1","1","0","0"
"POINT (11.529837141000030 48.182059905000074)","Unfall 179619 (2018) Kat:3, Licht: 0","179619","3","2","4","06","09","5","0","0","1","1","0","0"
"POINT (11.645451301000037 48.099641080000026)","Unfall 179620 (2018) Kat:3, Licht: 0","179620","3","7","6","06","14","5","0","0","0","1","1","0"
"POINT (11.571802946000048 48.210033332000080)","Unfall 179621 (2018) Kat:3, Licht: 0","179621","3","4","6","06","16","5","0","0","0","1","1","0"
"POINT (11.529437828000027 48.182050982000078)","Unfall 179622 (2018) Kat:3, Licht: 0","179622","3","2","6","06","13","5","0","0","0","1","1","0"
"POINT (11.460828416000027 48.199327943000071)","Unfall 179623 (2018) Kat:3, Licht: 0","179623","3","1","0","06","10","5","0","0","1","0","0","0"
"POINT (11.686014055000044 48.140474148000067)","Unfall 179624 (2018) Kat:3, Licht: 0","179624","3","3","4","06","19","5","0","0","1","0","0","0"
"POINT (11.551378737000050 48.100658676000080)","Unfall 179625 (2018) Kat:3, Licht: 0","179625","3","6","2","06","09","5","0","0","0","1","0","1"
"POINT (11.605668912000056 48.139702869000075)","Unfall 179626 (2018) Kat:3, Licht: 0","179626","3","6","3","06","05","5","0","0","0","1","0","0"
"POINT (11.539337385000067 48.116786626000078)","Unfall 179627 (2018) Kat:3, Licht: 0","179627","3","7","6","06","17","5","0","0","0","0","1","0"
"POINT (11.575404376000051 48.142413628000043)","Unfall 179628 (2018) Kat:3, Licht: 0","179628","3","7","0","06","09","5","0","0","0","1","0","1"
"POINT (11.555990073000032 48.140471703000060)","Unfall 179669 (2018) Kat:3, Licht: 0","179669","3","6","6","06","16","6","0","0","1","0","1","0"
"POINT (11.520382558000051 48.147538847000078)","Unfall 179670 (2018) Kat:3, Licht: 0","179670","3","2","5","06","13","6","0","0","0","1","0","0"
"POINT (11.408371203000058 48.181405712000071)","Unfall 179671 (2018) Kat:2, Licht: 2","179671","2","1","0","06","22","6","0","2","0","0","0","1"
"POINT (11.649811679000038 48.109169585000075)","Unfall 179673 (2018) Kat:3, Licht: 1","179673","3","3","5","06","18","6","0","1","0","1","0","0"
"POINT (11.527107504000071 48.182038524000063)","Unfall 179674 (2018) Kat:3, Licht: 0","179674","3","3","5","06","17","6","0","0","0","1","0","0"
"POINT (11.528756101000056 48.129913339000041)","Unfall 179676 (2018) Kat:3, Licht: 0","179676","3","2","3","06","07","6","0","0","1","1","0","0"
"POINT (11.567530184000077 48.147746317000042)","Unfall 179677 (2018) Kat:3, Licht: 0","179677","3","6","2","06","08","6","0","0","1","0","0","0"
"POINT (11.669671976000075 48.082624887000065)","Unfall 179685 (2018) Kat:3, Licht: 0","179685","3","3","5","06","17","6","0","0","0","1","0","0"
"POINT (11.457855539000036 48.139535270000067)","Unfall 179686 (2018) Kat:3, Licht: 0","179686","3","3","4","06","14","6","0","0","1","1","0","0"
"POINT (11.593983493000053 48.141945570000075)","Unfall 179688 (2018) Kat:3, Licht: 0","179688","3","4","6","06","17","6","0","0","1","0","1","0"
"POINT (11.481070164000073 48.178030796000030)","Unfall 179694 (2018) Kat:3, Licht: 0","179694","3","4","6","06","13","6","0","0","0","1","1","0"
"POINT (11.523859818000062 48.099206707000064)","Unfall 179695 (2018) Kat:3, Licht: 0","179695","3","2","4","06","12","6","0","0","0","1","0","0"
"POINT (11.643781878000027 48.099191664000045)","Unfall 179697 (2018) Kat:3, Licht: 0","179697","3","1","1","06","14","6","0","0","0","1","0","0"
"POINT (11.563174557000025 48.131623209000054)","Unfall 179698 (2018) Kat:3, Licht: 0","179698","3","2","3","06","06","6","0","0","1","1","0","0"
"POINT (11.562871139000038 48.137404918000072)","Unfall 179699 (2018) Kat:3, Licht: 0","179699","3","4","6","06","16","6","0","0","0","0","1","1"
"POINT (11.562619451000046 48.158353114000079)","Unfall 179758 (2018) Kat:3, Licht: 0","179758","3","2","4","06","16","4","1","0","1","1","0","0"
"POINT (11.625634902000058 48.131722989000082)","Unfall 179760 (2018) Kat:3, Licht: 0","179760","3","5","1","06","17","4","1","0","0","1","0","0"
"POINT (11.562514459000056 48.139401274000079)","Unfall 179762 (2018) Kat:3, Licht: 0","179762","3","3","5","06","17","4","1","0","0","1","0","0"
"POINT (11.454586809000034 48.154187127000057)","Unfall 179763 (2018) Kat:3, Licht: 0","179763","3","7","1","06","10","4","1","0","0","1","0","0"
"POINT (11.483101025000053 48.119159120000063)","Unfall 179765 (2018) Kat:3, Licht: 0","179765","3","2","5","06","07","4","1","0","1","1","0","0"
"POINT (11.527023589000066 48.120470015000080)","Unfall 179766 (2018) Kat:2, Licht: 0","179766","2","3","5","06","18","4","1","0","1","1","0","0"
"POINT (11.598833191000040 48.088488429000051)","Unfall 179769 (2018) Kat:2, Licht: 0","179769","2","7","6","06","15","4","1","0","0","1","1","0"
"POINT (11.559092511000074 48.212544432000072)","Unfall 179774 (2018) Kat:3, Licht: 0","179774","3","4","5","06","16","4","0","0","0","1","1","0"
"POINT (11.555175909000070 48.213402288000054)","Unfall 179776 (2018) Kat:3, Licht: 0","179776","3","5","0","06","07","4","1","0","1","1","0","0"
"POINT (11.513672947000032 48.140526349000027)","Unfall 179777 (2018) Kat:3, Licht: 0","179777","3","7","6","06","15","4","0","0","0","1","1","0"
"POINT (11.603972428000077 48.130405483000061)","Unfall 179781 (2018) Kat:3, Licht: 0","179781","3","7","1","06","12","4","1","0","1","1","0","0"
"POINT (11.570681974000024 48.151729044000035)","Unfall 179784 (2018) Kat:3, Licht: 0","179784","3","2","5","06","13","4","1","0","1","1","0","0"
"POINT (11.551391134000028 48.109103119000054)","Unfall 179853 (2018) Kat:3, Licht: 0","179853","3","3","5","06","07","3","0","0","1","0","0","0"
"POINT (11.546689999000023 48.159266793000029)","Unfall 179856 (2018) Kat:3, Licht: 0","179856","3","2","5","06","17","3","1","0","1","1","0","0"
"POINT (11.542210352000041 48.159650093000039)","Unfall 179857 (2018) Kat:2, Licht: 2","179857","2","2","5","06","22","3","0","2","0","1","0","1"
"POINT (11.520334043000048 48.146575972000051)","Unfall 179858 (2018) Kat:2, Licht: 0","179858","2","2","0","06","15","5","0","0","1","1","0","0"
"POINT (11.578481352000040 48.152222128000062)","Unfall 179859 (2018) Kat:3, Licht: 0","179859","3","5","1","06","10","5","0","0","1","1","0","0"
"POINT (11.586785640000073 48.137757670000042)","Unfall 179860 (2018) Kat:3, Licht: 0","179860","3","3","5","06","16","3","1","0","1","1","0","0"
"POINT (11.602138879000051 48.123895353000080)","Unfall 179861 (2018) Kat:3, Licht: 0","179861","3","2","4","06","08","3","0","0","1","1","0","0"
"POINT (11.673677334000047 48.125881053000057)","Unfall 179862 (2018) Kat:3, Licht: 0","179862","3","7","0","06","16","5","0","0","0","0","0","1"
"POINT (11.586227113000064 48.113099833000035)","Unfall 179863 (2018) Kat:3, Licht: 0","179863","3","6","4","06","19","3","1","0","0","1","0","0"
"POINT (11.594579681000027 48.085892219000073)","Unfall 179864 (2018) Kat:3, Licht: 0","179864","3","3","5","06","10","5","0","0","1","1","0","0"
"POINT (11.596349041000053 48.086265887000081)","Unfall 179865 (2018) Kat:3, Licht: 0","179865","3","2","5","06","19","5","0","0","0","1","0","1"
"POINT (11.641877877000070 48.156725793000078)","Unfall 179866 (2018) Kat:3, Licht: 0","179866","3","3","5","06","14","3","0","0","0","1","1","1"
"POINT (11.554783930000042 48.159789135000040)","Unfall 179867 (2018) Kat:3, Licht: 0","179867","3","3","2","06","09","5","0","0","1","1","0","0"
"POINT (11.613660748000029 48.115567872000042)","Unfall 179868 (2018) Kat:3, Licht: 0","179868","3","2","5","06","08","5","0","0","1","1","0","0"
"POINT (11.468495873000052 48.119273614000065)","Unfall 179869 (2018) Kat:3, Licht: 0","179869","3","5","1","06","17","3","1","0","0","1","0","0"
"POINT (11.557934409000040 48.145609441000033)","Unfall 179870 (2018) Kat:2, Licht: 0","179870","2","2","4","06","08","3","0","0","0","1","0","1"
"POINT (11.596722283000076 48.091072485000041)","Unfall 179872 (2018) Kat:2, Licht: 0","179872","2","4","6","06","06","3","0","0","1","0","1","0"
"POINT (11.637819507000074 48.110237717000075)","Unfall 179873 (2018) Kat:3, Licht: 0","179873","3","3","0","06","11","5","0","0","1","1","0","0"
"POINT (11.534057793000045 48.135007306000034)","Unfall 179875 (2018) Kat:3, Licht: 2","179875","3","3","5","06","22","3","1","2","0","1","0","0"
"POINT (11.610242712000058 48.132614835000027)","Unfall 179876 (2018) Kat:3, Licht: 0","179876","3","2","5","06","08","5","0","0","1","1","0","0"
"POINT (11.462284217000047 48.150535399000034)","Unfall 179877 (2018) Kat:3, Licht: 0","179877","3","3","5","06","18","5","0","0","1","1","0","0"
"POINT (11.572524767000061 48.189536238000073)","Unfall 179878 (2018) Kat:3, Licht: 0","179878","3","6","2","06","14","3","1","0","0","1","0","0"
"POINT (11.583498939000037 48.133163064000030)","Unfall 179879 (2018) Kat:3, Licht: 0","179879","3","1","0","06","18","5","0","0","1","0","0","0"
"POINT (11.511493994000034 48.172566280000069)","Unfall 179880 (2018) Kat:3, Licht: 0","179880","3","3","5","06","07","3","0","0","1","1","0","0"
"POINT (11.538259281000023 48.139917431000072)","Unfall 179881 (2018) Kat:3, Licht: 0","179881","3","2","5","06","08","5","0","0","1","1","0","0"
"POINT (11.535525779000068 48.168160158000035)","Unfall 179882 (2018) Kat:3, Licht: 0","179882","3","6","2","06","15","3","1","0","0","1","0","0"
"POINT (11.565305424000030 48.137727875000053)","Unfall 179883 (2018) Kat:3, Licht: 0","179883","3","6","3","06","19","5","0","0","0","1","0","0"
"POINT (11.579453594000029 48.129410957000061)","Unfall 179910 (2018) Kat:3, Licht: 0","179910","3","6","3","06","16","3","0","0","0","1","0","1"
"POINT (11.602362677000031 48.136289201000068)","Unfall 179915 (2018) Kat:3, Licht: 0","179915","3","7","0","06","12","3","0","0","1","1","0","0"
"POINT (11.526770127000077 48.168727792000027)","Unfall 179916 (2018) Kat:3, Licht: 0","179916","3","2","5","06","08","3","0","0","1","1","0","0"
"POINT (11.568139928000051 48.133793184000069)","Unfall 179920 (2018) Kat:3, Licht: 0","179920","3","2","5","06","18","3","0","0","1","0","0","1"
"POINT (11.631482733000041 48.174278437000055)","Unfall 179924 (2018) Kat:1, Licht: 0","179924","1","7","0","06","11","3","0","0","1","0","0","0"
"POINT (11.664342713000053 48.109098556000049)","Unfall 179926 (2018) Kat:3, Licht: 0","179926","3","7","0","06","10","3","0","0","1","1","0","0"
"POINT (11.568069656000034 48.150041485000031)","Unfall 179927 (2018) Kat:3, Licht: 0","179927","3","6","3","06","09","3","0","0","1","0","0","0"
"POINT (11.519516375000023 48.113954524000064)","Unfall 179930 (2018) Kat:3, Licht: 0","179930","3","3","0","06","14","3","0","0","1","0","0","0"
"POINT (11.590088357000070 48.122366384000031)","Unfall 179932 (2018) Kat:3, Licht: 0","179932","3","3","1","06","16","3","0","0","1","1","0","0"
"POINT (11.563061762000075 48.131792125000061)","Unfall 179933 (2018) Kat:3, Licht: 0","179933","3","2","4","06","08","3","0","0","0","1","0","0"
"POINT (11.576035180000076 48.139854890000038)","Unfall 179934 (2018) Kat:3, Licht: 0","179934","3","7","0","06","07","3","0","0","1","0","0","0"
"POINT (11.471796085000051 48.151004464000039)","Unfall 179936 (2018) Kat:3, Licht: 0","179936","3","6","6","06","18","3","0","0","1","0","1","0"
"POINT (11.505273418000058 48.161217177000026)","Unfall 179937 (2018) Kat:3, Licht: 0","179937","3","7","0","06","19","3","0","0","1","0","0","0"
"POINT (11.547041363000062 48.149758584000040)","Unfall 179939 (2018) Kat:3, Licht: 0","179939","3","2","2","06","16","3","0","0","0","1","0","1"
"POINT (11.508451887000035 48.153064754000070)","Unfall 179940 (2018) Kat:3, Licht: 0","179940","3","7","0","06","08","3","0","0","0","0","0","1"
"POINT (11.476917690000050 48.113462081000080)","Unfall 179943 (2018) Kat:3, Licht: 0","179943","3","4","6","06","08","3","0","0","0","1","1","0"
"POINT (11.668194961000040 48.136410687000080)","Unfall 179946 (2018) Kat:3, Licht: 0","179946","3","7","0","06","16","3","0","0","1","0","0","0"
"POINT (11.533274455000026 48.136240429000054)","Unfall 179948 (2018) Kat:3, Licht: 0","179948","3","1","0","06","18","3","0","0","1","0","0","0"
"POINT (11.583720944000049 48.144411513000080)","Unfall 179949 (2018) Kat:3, Licht: 0","179949","3","7","6","06","06","3","0","0","1","0","1","0"
"POINT (11.466538519000039 48.150060217000032)","Unfall 179965 (2018) Kat:3, Licht: 0","179965","3","2","4","06","17","1","0","0","1","1","0","0"
"POINT (11.613125246000038 48.124739455000054)","Unfall 179970 (2018) Kat:3, Licht: 2","179970","3","2","4","06","22","1","1","2","0","1","0","0"
"POINT (11.575879910000026 48.130917017000058)","Unfall 179971 (2018) Kat:2, Licht: 2","179971","2","5","1","06","01","1","0","2","1","0","0","0"
"POINT (11.566996202000041 48.140594120000060)","Unfall 179974 (2018) Kat:3, Licht: 0","179974","3","2","3","06","11","1","0","0","0","1","0","0"
"POINT (11.533290343000033 48.153432613000064)","Unfall 179975 (2018) Kat:3, Licht: 2","179975","3","1","0","06","21","1","1","2","1","0","0","0"
"POINT (11.677016189000028 48.129610728000046)","Unfall 179977 (2018) Kat:3, Licht: 0","179977","3","6","2","06","16","1","0","0","0","1","0","0"
"POINT (11.585553787000038 48.159772613000030)","Unfall 179978 (2018) Kat:3, Licht: 0","179978","3","6","3","06","16","1","0","0","1","0","0","0"
"POINT (11.548571364000054 48.114667683000050)","Unfall 180052 (2018) Kat:3, Licht: 0","180052","3","3","9","06","14","7","0","0","1","1","0","0"
"POINT (11.564337931000068 48.164548192000041)","Unfall 180054 (2018) Kat:2, Licht: 0","180054","2","3","0","06","17","7","0","0","1","0","0","0"
"POINT (11.598998820000077 48.121337508000067)","Unfall 180058 (2018) Kat:3, Licht: 0","180058","3","6","5","06","21","7","0","0","1","1","0","0"
"POINT (11.504060913000046 48.150916492000079)","Unfall 180061 (2018) Kat:3, Licht: 0","180061","3","3","5","06","12","7","0","0","0","1","0","0"
"POINT (11.567863530000068 48.141650847000051)","Unfall 180062 (2018) Kat:3, Licht: 0","180062","3","4","1","06","20","7","0","0","1","1","1","0"
"POINT (11.564712671000052 48.168004358000076)","Unfall 180067 (2018) Kat:3, Licht: 0","180067","3","2","3","06","16","7","0","0","1","1","0","0"
"POINT (11.536230543000045 48.146284653000066)","Unfall 180070 (2018) Kat:3, Licht: 0","180070","3","3","5","06","17","7","0","0","0","1","0","0"
"POINT (11.653780143000063 48.141104543000040)","Unfall 180074 (2018) Kat:3, Licht: 0","180074","3","7","0","06","07","7","1","0","1","1","0","0"
"POINT (11.544372844000065 48.150287349000052)","Unfall 180075 (2018) Kat:3, Licht: 0","180075","3","6","0","06","15","2","0","0","0","0","0","1"
"POINT (11.546915213000034 48.139221554000073)","Unfall 180076 (2018) Kat:3, Licht: 0","180076","3","3","1","06","10","7","0","0","1","0","0","0"
"POINT (11.564815669000041 48.124063161000038)","Unfall 180077 (2018) Kat:3, Licht: 0","180077","3","7","4","06","12","2","0","0","0","1","0","1"
"POINT (11.550556363000055 48.136001487000044)","Unfall 180078 (2018) Kat:3, Licht: 0","180078","3","2","3","06","18","2","0","0","1","0","0","0"
"POINT (11.577780839000070 48.143022761000054)","Unfall 180079 (2018) Kat:3, Licht: 0","180079","3","6","1","06","13","7","0","0","0","1","0","0"
"POINT (11.634959252000044 48.137910631000068)","Unfall 180080 (2018) Kat:3, Licht: 0","180080","3","2","5","06","09","2","0","0","1","1","0","0"
"POINT (11.536369060000027 48.146180643000037)","Unfall 180082 (2018) Kat:3, Licht: 0","180082","3","6","2","06","09","2","0","0","0","1","0","0"
"POINT (11.597769934000041 48.135142387000030)","Unfall 180086 (2018) Kat:2, Licht: 0","180086","2","4","6","06","14","2","0","0","0","1","1","0"
"POINT (11.564062818000025 48.163239143000055)","Unfall 180089 (2018) Kat:3, Licht: 0","180089","3","7","0","06","10","2","0","0","0","1","0","0"
"POINT (11.523991184000067 48.197668785000076)","Unfall 180093 (2018) Kat:3, Licht: 0","180093","3","3","5","06","16","2","0","0","1","1","0","0"
"POINT (11.564284550000025 48.200471745000073)","Unfall 180096 (2018) Kat:3, Licht: 0","180096","3","3","5","06","08","2","0","0","0","1","0","0"
"POINT (11.648955489000059 48.125988662000054)","Unfall 180099 (2018) Kat:3, Licht: 0","180099","3","7","0","06","07","2","0","0","1","1","0","0"
"POINT (11.645931940000025 48.103802621000057)","Unfall 180100 (2018) Kat:3, Licht: 0","180100","3","6","2","06","16","2","0","0","0","1","0","0"
"POINT (11.569246621000048 48.121646899000041)","Unfall 180103 (2018) Kat:3, Licht: 0","180103","3","2","0","06","18","2","0","0","1","1","0","0"
"POINT (11.515473804000067 48.118065335000040)","Unfall 180105 (2018) Kat:3, Licht: 0","180105","3","3","5","06","12","2","0","0","1","0","0","0"
"POINT (11.560041158000047 48.137405282000032)","Unfall 180107 (2018) Kat:3, Licht: 0","180107","3","5","6","06","08","2","0","0","0","0","1","0"
"POINT (11.588845214000060 48.155966532000036)","Unfall 180108 (2018) Kat:2, Licht: 0","180108","2","5","1","06","19","2","0","0","1","1","0","0"
"POINT (11.577506581000023 48.149815267000065)","Unfall 180111 (2018) Kat:3, Licht: 0","180111","3","6","0","06","21","2","0","0","1","1","0","0"
"POINT (11.568276766000054 48.132474872000046)","Unfall 180114 (2018) Kat:3, Licht: 0","180114","3","2","5","06","12","2","0","0","1","0","0","0"
"POINT (11.596578978000025 48.126981392000062)","Unfall 180169 (2018) Kat:3, Licht: 0","180169","3","7","1","06","20","6","0","0","1","1","0","0"
"POINT (11.557350845000030 48.123654418000058)","Unfall 180171 (2018) Kat:3, Licht: 0","180171","3","3","5","06","09","6","0","0","1","0","0","0"
"POINT (11.593302988000062 48.180127508000055)","Unfall 180187 (2018) Kat:2, Licht: 0","180187","2","4","6","06","08","4","0","0","0","0","0","0"
"POINT (11.654827237000063 48.109152314000028)","Unfall 180190 (2018) Kat:3, Licht: 0","180190","3","1","5","06","17","4","0","0","1","1","0","0"
"POINT (11.572482844000035 48.120651625000050)","Unfall 180192 (2018) Kat:3, Licht: 0","180192","3","2","4","06","09","4","0","0","1","1","0","0"
"POINT (11.568315235000057 48.132529051000063)","Unfall 180193 (2018) Kat:3, Licht: 0","180193","3","3","5","06","15","4","0","0","1","1","0","0"
"POINT (11.524141637000071 48.161007698000049)","Unfall 180194 (2018) Kat:3, Licht: 0","180194","3","2","5","06","16","4","0","0","1","1","0","0"
"POINT (11.585715685000025 48.143259858000079)","Unfall 180196 (2018) Kat:3, Licht: 0","180196","3","2","3","06","16","4","0","0","1","1","0","0"
"POINT (11.561693234000074 48.154318877000037)","Unfall 180197 (2018) Kat:3, Licht: 0","180197","3","7","1","06","07","4","0","0","1","1","0","0"
"POINT (11.598950248000051 48.121413754000059)","Unfall 180199 (2018) Kat:3, Licht: 0","180199","3","2","5","06","07","4","0","0","1","1","0","0"
"POINT (11.522965127000077 48.193627809000077)","Unfall 180200 (2018) Kat:3, Licht: 0","180200","3","3","1","06","14","4","0","0","1","1","0","0"
"POINT (11.477892555000039 48.111976170000048)","Unfall 180203 (2018) Kat:3, Licht: 0","180203","3","7","0","06","09","4","0","0","0","0","0","1"
"POINT (11.573656070000027 48.117354625000075)","Unfall 180208 (2018) Kat:3, Licht: 0","180208","3","6","3","06","08","4","0","0","0","1","0","1"
"POINT (11.629319576000057 48.163548306000052)","Unfall 180209 (2018) Kat:3, Licht: 0","180209","3","1","0","06","15","4","0","0","1","0","0","0"
"POINT (11.579078417000062 48.125754798000060)","Unfall 180211 (2018) Kat:3, Licht: 0","180211","3","3","5","06","08","4","0","0","0","1","0","1"
"POINT (11.575313297000037 48.119493386000045)","Unfall 180212 (2018) Kat:3, Licht: 0","180212","3","3","5","06","08","4","0","0","1","0","0","0"
"POINT (11.557265159000053 48.119485103000045)","Unfall 180217 (2018) Kat:3, Licht: 0","180217","3","2","3","06","19","4","0","0","1","0","0","0"
"POINT (11.585572947000060 48.174283751000075)","Unfall 180218 (2018) Kat:3, Licht: 0","180218","3","3","1","06","18","4","0","0","1","1","0","0"
"POINT (11.569528401000071 48.145251721000079)","Unfall 180314 (2018) Kat:2, Licht: 0","180314","2","4","0","06","17","5","0","0","1","0","1","0"
"POINT (11.519886008000071 48.101906082000028)","Unfall 180315 (2018) Kat:3, Licht: 0","180315","3","4","6","06","07","5","0","0","1","0","1","0"