WKT,Name,OBJECTID,UKATEGORIE,UTYP1,UART,UMONAT,USTUNDE,UWOCHENTAG,STRZUSTAND,ULICHTVERH,ISTRAD,ISTPKW,ISTFUSS,ISTKRAD
"POINT (11.543212112000049 48.150412636000055)","Unfall 180318 (2018) Kat:3, Licht: 0","180318","3","3","5","06","08","5","0","0","1","1","0","0"
"POINT (11.620331548000024 48.148803975000078)","Unfall 180321 (2018) Kat:3, Licht: 0","180321","3","5","1","06","11","5","0","0","0","1","0","1"
"POINT (11.585844636000047 48.137991845000045)","Unfall 180324 (2018) Kat:3, Licht: 0","180324","3","6","3","06","17","5","0","0","1","0","0","0"
"POINT (11.571078302000046 48.134804621000058)","Unfall 180327 (2018) Kat:2, Licht: 0","180327","2","2","5","06","17","5","0","0","1","1","0","0"
"POINT (11.568120735000036 48.152480432000061)","Unfall 180330 (2018) Kat:2, Licht: 0","180330","2","2","4","06","14","5","0","0","1","1","0","0"
"POINT (11.529877997000028 48.157175119000044)","Unfall 180333 (2018) Kat:2, Licht: 0","180333","2","3","4","06","08","5","0","0","1","1","0","0"
"POINT (11.456016210000030 48.153184081000063)","Unfall 180339 (2018) Kat:3, Licht: 0","180339","3","6","4","06","15","5","0","0","1","0","0","0"
"POINT (11.543270823000057 48.214173332000030)","Unfall 180341 (2018) Kat:3, Licht: 0","180341","3","1","0","06","20","5","0","0","0","0","0","0"
"POINT (11.536737486000050 48.082363918000055)","Unfall 180343 (2018) Kat:3, Licht: 0","180343","3","3","5","06","13","5","0","0","1","1","0","0"
"POINT (11.614672984000038 48.115696339000067)","Unfall 180348 (2018) Kat:3, Licht: 0","180348","3","3","5","06","19","5","0","0","1","1","0","0"
"POINT (11.560587164000026 48.137405376000061)","Unfall 180350 (2018) Kat:3, Licht: 1","180350","3","4","6","06","20","5","0","1","0","1","1","0"
"POINT (11.536866552000049 48.133855801000038)","Unfall 180351 (2018) Kat:2, Licht: 0","180351","2","3","5","06","08","5","0","0","1","1","0","0"
"POINT (11.533925364000027 48.134411769000053)","Unfall 180354 (2018) Kat:3, Licht: 0","180354","3","2","5","06","07","5","0","0","1","1","0","0"
"POINT (11.570180369000070 48.093244605000052)","Unfall 180399 (2018) Kat:3, Licht: 0","180399","3","6","2","06","14","3","0","0","0","1","0","0"
"POINT (11.566640005000068 48.159343098000079)","Unfall 180400 (2018) Kat:3, Licht: 0","180400","3","2","4","06","17","3","0","0","0","1","0","0"
"POINT (11.564471025000046 48.170522349000066)","Unfall 180402 (2018) Kat:3, Licht: 0","180402","3","7","1","06","18","3","0","0","1","0","0","0"
"POINT (11.525538037000047 48.140536300000065)","Unfall 180404 (2018) Kat:2, Licht: 0","180404","2","3","5","06","17","3","0","0","0","1","0","1"
"POINT (11.587998614000071 48.137410736000049)","Unfall 180406 (2018) Kat:3, Licht: 0","180406","3","2","5","06","08","3","0","0","1","1","0","0"
"POINT (11.573336991000076 48.130027055000028)","Unfall 180426 (2018) Kat:3, Licht: 0","180426","3","3","5","06","08","3","0","0","1","0","0","1"
"POINT (11.502269222000052 48.111929621000058)","Unfall 180429 (2018) Kat:3, Licht: 0","180429","3","4","6","06","17","3","0","0","0","1","1","0"
"POINT (11.592488630000048 48.160743229000047)","Unfall 180434 (2018) Kat:3, Licht: 0","180434","3","6","1","06","18","3","0","0","0","1","0","1"
"POINT (11.534450454000023 48.132852615000047)","Unfall 180440 (2018) Kat:3, Licht: 0","180440","3","2","4","06","17","3","0","0","1","1","0","0"
"POINT (11.563816232000022 48.170642469000029)","Unfall 180442 (2018) Kat:2, Licht: 0","180442","2","4","6","06","12","3","0","0","1","0","1","0"
"POINT (11.572453826000071 48.149765565000052)","Unfall 180443 (2018) Kat:3, Licht: 0","180443","3","5","3","06","13","1","0","0","1","1","0","0"
"POINT (11.475665399000036 48.151795730000060)","Unfall 180444 (2018) Kat:3, Licht: 0","180444","3","3","0","06","11","3","0","0","0","1","0","0"
"POINT (11.628240197000025 48.127302310000061)","Unfall 180445 (2018) Kat:3, Licht: 0","180445","3","5","1","06","11","1","0","0","0","1","0","0"
"POINT (11.633949368000060 48.125920718000032)","Unfall 180446 (2018) Kat:3, Licht: 1","180446","3","3","5","06","21","1","0","1","1","1","0","0"
"POINT (11.608970685000031 48.118057181000040)","Unfall 180447 (2018) Kat:3, Licht: 0","180447","3","6","2","06","17","3","0","0","0","1","0","0"
"POINT (11.488495824000040 48.164124973000071)","Unfall 180448 (2018) Kat:3, Licht: 0","180448","3","6","4","06","13","3","0","0","0","1","0","0"
"POINT (11.548428857000033 48.115755266000065)","Unfall 180450 (2018) Kat:3, Licht: 0","180450","3","7","0","06","12","3","0","0","1","0","1","0"
"POINT (11.572802100000047 48.176448690000029)","Unfall 180451 (2018) Kat:3, Licht: 0","180451","3","6","3","06","17","3","0","0","1","1","0","0"
"POINT (11.607382231000031 48.135898128000065)","Unfall 180452 (2018) Kat:3, Licht: 1","180452","3","6","2","06","21","1","0","1","0","1","0","1"
"POINT (11.615912039000023 48.138229510000031)","Unfall 180454 (2018) Kat:2, Licht: 0","180454","2","4","6","06","07","3","0","0","0","0","1","1"
"POINT (11.549905547000037 48.110935929000050)","Unfall 180456 (2018) Kat:3, Licht: 0","180456","3","7","1","06","10","3","0","0","0","1","0","0"
"POINT (11.556656412000052 48.143214499000067)","Unfall 180457 (2018) Kat:3, Licht: 0","180457","3","6","2","06","09","3","0","0","0","1","0","0"
"POINT (11.508386146000021 48.163276242000052)","Unfall 180458 (2018) Kat:3, Licht: 0","180458","3","2","3","06","15","3","0","0","1","1","0","0"
"POINT (11.449816394000038 48.138720189000026)","Unfall 180460 (2018) Kat:3, Licht: 0","180460","3","3","5","06","17","3","0","0","1","1","0","0"
"POINT (11.477536476000068 48.164267334000044)","Unfall 180461 (2018) Kat:3, Licht: 0","180461","3","6","4","06","14","3","0","0","1","0","0","0"
"POINT (11.448250885000050 48.158691839000028)","Unfall 180463 (2018) Kat:3, Licht: 0","180463","3","7","5","06","07","3","0","0","1","0","0","0"
"POINT (11.519910663000076 48.144745379000028)","Unfall 180464 (2018) Kat:3, Licht: 0","180464","3","4","0","06","07","3","0","0","1","0","1","0"
"POINT (11.494930238000052 48.134137566000049)","Unfall 180467 (2018) Kat:3, Licht: 0","180467","3","3","5","06","08","3","0","0","1","1","0","0"
"POINT (11.548634264000043 48.112016265000079)","Unfall 180473 (2018) Kat:3, Licht: 2","180473","3","7","1","06","22","3","0","2","0","1","0","0"
"POINT (11.647015446000069 48.130327907000037)","Unfall 180481 (2018) Kat:3, Licht: 0","180481","3","2","5","06","18","3","0","0","1","1","0","0"
"POINT (11.602871859000061 48.149088189000054)","Unfall 180482 (2018) Kat:3, Licht: 0","180482","3","7","0","06","07","3","0","0","1","0","0","0"
"POINT (11.543708418000051 48.118361004000064)","Unfall 180484 (2018) Kat:3, Licht: 0","180484","3","3","5","06","09","3","0","0","0","1","0","1"
"POINT (11.559763267000051 48.132941297000059)","Unfall 180485 (2018) Kat:3, Licht: 0","180485","3","1","0","06","11","3","0","0","1","0","1","0"
"POINT (11.570143111000050 48.113051870000049)","Unfall 180536 (2018) Kat:2, Licht: 0","180536","2","3","5","06","16","7","0","0","0","1","0","1"
"POINT (11.588775756000075 48.109982023000043)","Unfall 180537 (2018) Kat:3, Licht: 0","180537","3","6","4","06","11","7","0","0","1","1","0","0"
"POINT (11.588223765000066 48.167407433000051)","Unfall 180539 (2018) Kat:3, Licht: 0","180539","3","2","5","06","17","7","0","0","0","1","0","0"
"POINT (11.579491100000041 48.134504118000052)","Unfall 180542 (2018) Kat:3, Licht: 0","180542","3","2","1","06","15","7","0","0","1","1","0","0"
"POINT (11.556557733000034 48.137469187000079)","Unfall 180545 (2018) Kat:3, Licht: 0","180545","3","7","0","06","20","7","0","0","0","1","1","0"
"POINT (11.540168200000039 48.116316377000032)","Unfall 180547 (2018) Kat:3, Licht: 0","180547","3","6","2","06","09","7","0","0","0","1","0","1"
"POINT (11.540780860000041 48.125199026000075)","Unfall 180549 (2018) Kat:3, Licht: 0","180549","3","2","3","06","17","7","0","0","1","1","0","0"
"POINT (11.569297864000077 48.140909482000040)","Unfall 180550 (2018) Kat:2, Licht: 0","180550","2","3","5","06","06","7","0","0","1","1","0","0"
"POINT (11.573299426000062 48.180048845000044)","Unfall 180552 (2018) Kat:3, Licht: 0","180552","3","5","3","06","18","7","0","0","1","1","0","0"
"POINT (11.629600917000062 48.118952555000078)","Unfall 180553 (2018) Kat:3, Licht: 0","180553","3","2","5","06","12","7","0","0","0","1","0","0"
"POINT (11.548520053000061 48.114739284000052)","Unfall 180555 (2018) Kat:3, Licht: 0","180555","3","6","0","06","12","7","0","0","0","1","0","0"
"POINT (11.570015710000064 48.128746014000058)","Unfall 180556 (2018) Kat:3, Licht: 0","180556","3","7","0","06","14","7","0","0","0","1","0","0"
"POINT (11.593714080000041 48.140396161000069)","Unfall 180616 (2018) Kat:3, Licht: 0","180616","3","6","3","06","12","2","0","0","1","1","0","0"
"POINT (11.581064667000021 48.138924036000049)","Unfall 180617 (2018) Kat:3, Licht: 0","180617","3","1","0","06","09","2","0","0","1","1","0","0"
"POINT (11.525675770000021 48.218142795000063)","Unfall 180620 (2018) Kat:3, Licht: 0","180620","3","4","6","06","07","2","0","0","0","1","1","0"
"POINT (11.568050062000054 48.150047053000037)","Unfall 180623 (2018) Kat:3, Licht: 0","180623","3","7","0","06","18","2","0","0","0","1","0","1"
"POINT (11.567122418000054 48.094818130000078)","Unfall 180624 (2018) Kat:3, Licht: 0","180624","3","3","1","06","18","2","0","0","1","1","0","0"
"POINT (11.508502408000027 48.098170806000041)","Unfall 180627 (2018) Kat:3, Licht: 0","180627","3","3","5","06","19","2","0","0","0","1","0","0"
"POINT (11.562175210000021 48.186798600000031)","Unfall 180629 (2018) Kat:3, Licht: 0","180629","3","2","5","06","19","2","0","0","1","1","0","0"
"POINT (11.526309717000061 48.071729324000046)","Unfall 180631 (2018) Kat:3, Licht: 0","180631","3","3","5","06","07","2","1","0","0","1","0","0"
"POINT (11.678864740000051 48.114947223000058)","Unfall 180632 (2018) Kat:3, Licht: 0","180632","3","3","5","06","08","2","0","0","1","1","0","0"
"POINT (11.615325011000039 48.130982554000070)","Unfall 180633 (2018) Kat:3, Licht: 2","180633","3","4","6","06","21","6","0","2","0","1","1","0"
"POINT (11.572440233000066 48.149744685000030)","Unfall 180634 (2018) Kat:3, Licht: 0","180634","3","7","0","06","10","6","0","0","1","0","0","0"
"POINT (11.584763985000052 48.159399727000050)","Unfall 180636 (2018) Kat:3, Licht: 0","180636","3","1","0","06","12","6","0","0","1","0","0","0"
"POINT (11.584656165000069 48.132366366000042)","Unfall 180637 (2018) Kat:3, Licht: 0","180637","3","6","2","06","14","6","0","0","0","1","0","0"
"POINT (11.478450032000069 48.119800481000027)","Unfall 180640 (2018) Kat:3, Licht: 0","180640","3","3","5","06","16","6","0","0","1","1","0","0"
"POINT (11.503491217000033 48.125435323000033)","Unfall 180643 (2018) Kat:3, Licht: 0","180643","3","6","2","06","11","6","0","0","0","1","0","0"
"POINT (11.534442348000027 48.136628131000066)","Unfall 180644 (2018) Kat:2, Licht: 0","180644","2","3","5","06","17","6","0","0","1","1","0","0"
"POINT (11.496431539000071 48.140924637000069)","Unfall 180648 (2018) Kat:3, Licht: 0","180648","3","4","6","06","09","6","0","0","0","1","1","0"
"POINT (11.564840425000057 48.137408880000066)","Unfall 180650 (2018) Kat:3, Licht: 0","180650","3","3","5","06","18","6","0","0","0","1","0","0"
"POINT (11.640777201000049 48.118403278000073)","Unfall 180653 (2018) Kat:3, Licht: 0","180653","3","2","5","06","12","6","0","0","0","1","0","1"
"POINT (11.555927627000074 48.138150484000050)","Unfall 180656 (2018) Kat:1, Licht: 0","180656","1","7","4","06","11","6","0","0","0","1","0","1"
"POINT (11.455768541000054 48.150401704000046)","Unfall 180658 (2018) Kat:3, Licht: 0","180658","3","6","1","06","11","6","0","0","0","1","0","0"
"POINT (11.512842026000044 48.198944785000037)","Unfall 180659 (2018) Kat:2, Licht: 0","180659","2","5","1","06","19","6","0","0","1","1","0","0"
"POINT (11.676203810000061 48.113208466000060)","Unfall 180662 (2018) Kat:3, Licht: 0","180662","3","3","5","06","17","6","0","0","1","1","0","0"
"POINT (11.572408883000037 48.114699984000026)","Unfall 180665 (2018) Kat:3, Licht: 0","180665","3","7","1","06","14","6","0","0","0","1","0","1"
"POINT (11.601574347000053 48.144435122000061)","Unfall 180667 (2018) Kat:3, Licht: 0","180667","3","3","0","06","09","6","0","0","1","1","0","0"
"POINT (11.609652653000069 48.129045720000079)","Unfall 180669 (2018) Kat:3, Licht: 0","180669","3","7","0","06","08","6","0","0","0","0","1","0"
"POINT (11.520995490000075 48.181938207000030)","Unfall 180722 (2018) Kat:3, Licht: 0","180722","3","6","2","06","14","6","1","0","0","1","0","0"
"POINT (11.503017537000062 48.089142662000029)","Unfall 180725 (2018) Kat:3, Licht: 0","180725","3","4","6","06","16","6","0","0","0","1","1","0"
"POINT (11.554768655000032 48.197567260000028)","Unfall 180726 (2018) Kat:2, Licht: 0","180726","2","3","5","06","20","6","0","0","1","1","0","0"
"POINT (11.598798114000033 48.132316280000055)","Unfall 180728 (2018) Kat:2, Licht: 0","180728","2","7","0","06","17","6","0","0","0","1","0","1"
"POINT (11.604345540000054 48.106524454000066)","Unfall 180732 (2018) Kat:3, Licht: 0","180732","3","3","1","06","19","6","0","0","1","1","0","0"
"POINT (11.530894331000070 48.165853271000060)","Unfall 180735 (2018) Kat:3, Licht: 1","180735","3","6","4","06","20","6","0","1","1","1","0","0"
"POINT (11.534332263000067 48.192748039000037)","Unfall 180739 (2018) Kat:3, Licht: 0","180739","3","3","5","06","16","6","0","0","1","1","0","0"
"POINT (11.504124629000046 48.094437169000059)","Unfall 180741 (2018) Kat:3, Licht: 0","180741","3","6","1","06","14","6","0","0","0","1","0","0"
"POINT (11.683137924000050 48.120560251000029)","Unfall 180742 (2018) Kat:3, Licht: 0","180742","3","6","4","06","18","6","0","0","1","1","0","0"
"POINT (11.570039140000063 48.141923111000040)","Unfall 180759 (2018) Kat:3, Licht: 0","180759","3","7","0","06","10","4","1","0","0","0","0","1"
"POINT (11.582677658000023 48.141201394000063)","Unfall 180761 (2018) Kat:3, Licht: 0","180761","3","3","4","06","08","4","0","0","1","0","0","0"
"POINT (11.621412708000037 48.163427998000031)","Unfall 180763 (2018) Kat:2, Licht: 0","180763","2","7","0","06","04","4","0","0","0","0","0","1"
"POINT (11.463815521000072 48.166477192000059)","Unfall 180766 (2018) Kat:3, Licht: 0","180766","3","3","5","06","08","4","0","0","1","1","0","0"
"POINT (11.470812893000073 48.156664045000070)","Unfall 180769 (2018) Kat:3, Licht: 0","180769","3","6","4","06","16","4","0","0","1","1","0","0"
"POINT (11.576613582000050 48.113198057000034)","Unfall 180770 (2018) Kat:3, Licht: 0","180770","3","2","3","06","18","4","0","0","1","1","0","0"
"POINT (11.575054524000052 48.157228674000066)","Unfall 180773 (2018) Kat:3, Licht: 0","180773","3","7","1","06","13","4","0","0","1","1","0","0"
"POINT (11.534055488000035 48.134994975000041)","Unfall 180777 (2018) Kat:3, Licht: 0","180777","3","2","4","06","15","4","0","0","1","1","0","0"
"POINT (11.575994110000067 48.127753250000069)","Unfall 180780 (2018) Kat:3, Licht: 0","180780","3","4","6","06","11","4","0","0","0","1","1","0"
"POINT (11.573361934000047 48.172673233000069)","Unfall 180782 (2018) Kat:3, Licht: 0","180782","3","3","5","06","08","4","0","0","1","0","0","0"
"POINT (11.565924721000044 48.188753800000029)","Unfall 180784 (2018) Kat:3, Licht: 0","180784","3","6","3","06","08","4","0","0","1","0","0","0"
"POINT (11.518810228000063 48.155851364000057)","Unfall 180785 (2018) Kat:3, Licht: 0","180785","3","3","5","06","07","4","0","0","0","1","0","0"
"POINT (11.540604496000071 48.100668941000038)","Unfall 180788 (2018) Kat:3, Licht: 0","180788","3","7","1","06","19","4","0","0","1","1","0","0"
"POINT (11.652310040000032 48.130683245000057)","Unfall 180791 (2018) Kat:3, Licht: 0","180791","3","1","0","06","18","4","0","0","1","0","0","0"
"POINT (11.701525039000046 48.105908886000066)","Unfall 180792 (2018) Kat:3, Licht: 0","180792","3","3","5","06","17","4","0","0","1","1","0","0"
"POINT (11.679388394000057 48.138873599000078)","Unfall 180794 (2018) Kat:3, Licht: 1","180794","3","7","0","06","21","4","0","1","1","0","0","0"
"POINT (11.579938206000065 48.115525675000072)","Unfall 180795 (2018) Kat:2, Licht: 0","180795","2","4","6","06","19","4","0","0","0","0","1","0"
"POINT (11.538479125000038 48.136472963000074)","Unfall 180796 (2018) Kat:3, Licht: 0","180796","3","7","1","06","17","4","1","0","0","1","0","1"
"POINT (11.644984196000053 48.099092074000055)","Unfall 180878 (2018) Kat:3, Licht: 0","180878","3","2","5","06","16","5","1","0","1","1","0","0"
"POINT (11.573368135000067 48.153713186000061)","Unfall 180880 (2018) Kat:3, Licht: 0","180880","3","3","5","06","08","5","1","0","1","1","0","0"
"POINT (11.467996078000056 48.140346203000036)","Unfall 180881 (2018) Kat:3, Licht: 0","180881","3","1","0","06","09","5","1","0","0","0","0","1"
"POINT (11.533774861000040 48.113247754000042)","Unfall 180884 (2018) Kat:3, Licht: 0","180884","3","4","0","06","15","5","1","0","0","0","1","0"
"POINT (11.538215032000039 48.154526900000064)","Unfall 180885 (2018) Kat:3, Licht: 0","180885","3","6","2","06","16","5","1","0","0","1","0","0"
"POINT (11.536996203000058 48.110860421000041)","Unfall 180887 (2018) Kat:3, Licht: 0","180887","3","6","2","06","14","5","1","0","1","1","0","0"
"POINT (11.570469611000021 48.146702809000033)","Unfall 180888 (2018) Kat:3, Licht: 2","180888","3","7","1","06","01","5","0","2","1","1","0","0"
"POINT (11.605362249000052 48.104564400000072)","Unfall 180891 (2018) Kat:3, Licht: 2","180891","3","2","4","06","21","5","1","2","1","1","0","0"
"POINT (11.542447212000070 48.139587107000068)","Unfall 180892 (2018) Kat:3, Licht: 0","180892","3","7","3","06","15","5","1","0","0","1","0","0"
"POINT (11.500812393000047 48.183565955000063)","Unfall 180894 (2018) Kat:3, Licht: 0","180894","3","3","5","06","18","5","1","0","0","1","0","0"
"POINT (11.528739447000021 48.176400530000080)","Unfall 180895 (2018) Kat:3, Licht: 0","180895","3","6","2","06","08","5","1","0","0","1","0","0"
"POINT (11.556212843000026 48.212392939000040)","Unfall 180898 (2018) Kat:3, Licht: 0","180898","3","3","5","06","15","5","1","0","0","1","0","1"
"POINT (11.544889215000069 48.127958166000042)","Unfall 180901 (2018) Kat:3, Licht: 0","180901","3","7","0","06","07","5","1","0","0","0","0","0"
"POINT (11.648133702000052 48.139852686000040)","Unfall 180903 (2018) Kat:3, Licht: 1","180903","3","2","5","06","20","5","1","1","0","1","0","1"
"POINT (11.647889554000074 48.098470163000059)","Unfall 180906 (2018) Kat:3, Licht: 1","180906","3","1","2","06","20","5","0","1","0","1","0","0"
"POINT (11.596257113000036 48.134162818000050)","Unfall 180907 (2018) Kat:3, Licht: 0","180907","3","2","6","06","13","5","1","0","0","1","1","0"
"POINT (11.559680408000077 48.125737052000034)","Unfall 180909 (2018) Kat:3, Licht: 0","180909","3","2","5","06","17","5","1","0","1","1","0","0"
"POINT (11.587729673000069 48.136771348000082)","Unfall 180910 (2018) Kat:3, Licht: 1","180910","3","3","0","06","16","5","1","1","1","0","1","0"
"POINT (11.588630854000030 48.139526228000079)","Unfall 180939 (2018) Kat:3, Licht: 0","180939","3","7","0","06","15","3","0","0","0","0","1","0"
"POINT (11.558489813000051 48.132834549000052)","Unfall 180941 (2018) Kat:3, Licht: 0","180941","3","2","5","06","07","3","0","0","1","1","0","0"
"POINT (11.579765569000074 48.123103789000027)","Unfall 180948 (2018) Kat:3, Licht: 0","180948","3","3","5","07","15","2","0","0","1","1","0","0"
"POINT (11.565375995000068 48.133600466000075)","Unfall 180953 (2018) Kat:3, Licht: 0","180953","3","3","5","07","16","2","0","0","0","1","0","0"
"POINT (11.549004516000025 48.143508054000051)","Unfall 180966 (2018) Kat:3, Licht: 2","180966","3","4","6","07","22","2","0","2","1","0","1","0"
"POINT (11.519914649000043 48.088126564000049)","Unfall 180976 (2018) Kat:2, Licht: 0","180976","2","6","1","07","08","2","0","0","0","1","0","1"
"POINT (11.546990379000022 48.214713936000066)","Unfall 180979 (2018) Kat:3, Licht: 0","180979","3","6","2","07","19","1","0","0","1","0","0","1"
"POINT (11.482406933000050 48.130037685000048)","Unfall 180984 (2018) Kat:3, Licht: 0","180984","3","7","6","07","18","2","0","0","1","0","1","0"
"POINT (11.582249154000067 48.119694692000053)","Unfall 180986 (2018) Kat:3, Licht: 0","180986","3","3","5","07","09","2","0","0","0","1","0","1"
"POINT (11.608250983000062 48.137546676000056)","Unfall 180987 (2018) Kat:3, Licht: 0","180987","3","7","0","07","14","1","0","0","0","0","0","1"
"POINT (11.575343344000032 48.119492244000071)","Unfall 180990 (2018) Kat:3, Licht: 2","180990","3","2","5","07","21","1","0","2","1","1","0","0"
"POINT (11.496704013000056 48.142641579000042)","Unfall 180991 (2018) Kat:3, Licht: 0","180991","3","7","1","07","15","1","0","0","1","1","0","0"
"POINT (11.576335303000064 48.119079455000076)","Unfall 180994 (2018) Kat:2, Licht: 0","180994","2","1","0","07","20","1","0","0","1","0","0","0"
"POINT (11.610100218000071 48.120864750000067)","Unfall 180996 (2018) Kat:3, Licht: 0","180996","3","7","4","07","17","2","0","0","1","1","0","0"
"POINT (11.542666327000063 48.169301222000058)","Unfall 180998 (2018) Kat:3, Licht: 0","180998","3","6","3","07","19","1","0","0","1","0","0","0"
"POINT (11.577840579000053 48.136277942000049)","Unfall 180999 (2018) Kat:3, Licht: 2","180999","3","7","4","07","02","1","0","2","1","1","0","0"
"POINT (11.585825964000037 48.171730172000025)","Unfall 181000 (2018) Kat:3, Licht: 0","181000","3","1","0","07","16","1","0","0","1","0","0","0"
"POINT (11.560564088000035 48.152605926000035)","Unfall 181002 (2018) Kat:3, Licht: 0","181002","3","5","1","07","13","1","0","0","1","1","0","0"
"POINT (11.555852009000034 48.136042677000034)","Unfall 181014 (2018) Kat:3, Licht: 0","181014","3","7","0","07","07","2","0","0","1","0","0","0"
"POINT (11.586450383000056 48.167329614000039)","Unfall 181023 (2018) Kat:3, Licht: 0","181023","3","2","5","07","10","2","0","0","1","1","0","0"
"POINT (11.631290647000071 48.098482957000044)","Unfall 181036 (2018) Kat:3, Licht: 0","181036","3","7","5","07","16","2","0","0","1","1","0","0"
"POINT (11.613033852000058 48.149192152000069)","Unfall 181048 (2018) Kat:3, Licht: 2","181048","3","3","5","07","22","2","0","2","1","1","0","0"
"POINT (11.550608662000059 48.143847693000055)","Unfall 181062 (2018) Kat:3, Licht: 2","181062","3","1","0","07","21","2","0","2","1","0","0","0"
"POINT (11.594873975000041 48.110075278000068)","Unfall 181077 (2018) Kat:3, Licht: 0","181077","3","7","0","07","15","2","0","0","0","1","0","0"
"POINT (11.449139951000063 48.173748901000067)","Unfall 181085 (2018) Kat:3, Licht: 0","181085","3","6","2","07","06","2","0","0","0","1","0","1"
"POINT (11.613284264000072 48.124681118000069)","Unfall 181088 (2018) Kat:3, Licht: 0","181088","3","6","3","07","09","2","0","0","0","1","0","1"
"POINT (11.598986587000070 48.121356730000059)","Unfall 181098 (2018) Kat:3, Licht: 0","181098","3","2","5","07","18","2","0","0","1","1","0","0"
"POINT (11.584245632000034 48.192720615000042)","Unfall 181105 (2018) Kat:3, Licht: 0","181105","3","3","5","07","16","2","0","0","1","1","0","0"
"POINT (11.547133198000040 48.139196910000067)","Unfall 181119 (2018) Kat:3, Licht: 0","181119","3","2","2","07","13","2","0","0","0","1","0","0"
"POINT (11.521733565000034 48.175820292000026)","Unfall 181121 (2018) Kat:3, Licht: 2","181121","3","3","5","06","23","7","0","2","0","1","0","0"
"POINT (11.412765509000053 48.132282527000029)","Unfall 181124 (2018) Kat:3, Licht: 0","181124","3","2","3","06","12","7","0","0","0","1","0","1"
"POINT (11.509367760000032 48.135059735000027)","Unfall 181125 (2018) Kat:3, Licht: 0","181125","3","7","0","06","15","7","0","0","1","0","0","0"
"POINT (11.564981815000067 48.167979651000053)","Unfall 181128 (2018) Kat:3, Licht: 0","181128","3","7","5","06","14","7","0","0","0","1","0","0"
"POINT (11.522045836000075 48.175863690000028)","Unfall 181129 (2018) Kat:3, Licht: 2","181129","3","2","5","06","22","7","0","2","0","1","0","0"
"POINT (11.581236617000059 48.133762090000062)","Unfall 181130 (2018) Kat:3, Licht: 0","181130","3","5","0","06","14","7","0","0","1","1","0","0"
"POINT (11.542834174000063 48.169348401000036)","Unfall 181131 (2018) Kat:3, Licht: 0","181131","3","6","3","06","15","7","0","0","1","0","0","0"
"POINT (11.576295521000077 48.127915641000072)","Unfall 181132 (2018) Kat:3, Licht: 0","181132","3","7","5","07","15","2","0","0","0","0","0","1"
"POINT (11.492286643000057 48.080228860000034)","Unfall 181134 (2018) Kat:3, Licht: 0","181134","3","2","5","06","17","7","0","0","1","0","0","0"
"POINT (11.531257528000026 48.099876963000042)","Unfall 181137 (2018) Kat:2, Licht: 0","181137","2","2","4","06","12","7","0","0","1","1","0","0"
"POINT (11.508335264000038 48.098116239000035)","Unfall 181138 (2018) Kat:3, Licht: 2","181138","3","3","4","06","23","7","0","2","0","1","0","0"
"POINT (11.590061923000064 48.201454448000050)","Unfall 181141 (2018) Kat:3, Licht: 0","181141","3","3","5","06","12","7","0","0","0","1","0","1"
"POINT (11.539213360000076 48.130807570000059)","Unfall 181143 (2018) Kat:3, Licht: 0","181143","3","2","4","07","17","2","0","0","0","1","0","0"
"POINT (11.668060756000045 48.123156499000061)","Unfall 181149 (2018) Kat:3, Licht: 0","181149","3","6","2","06","18","7","0","0","0","1","0","0"
"POINT (11.662553566000042 48.134256138000069)","Unfall 181152 (2018) Kat:2, Licht: 0","181152","2","5","3","06","12","7","0","0","0","1","0","1"
"POINT (11.548321842000064 48.117533729000058)","Unfall 181153 (2018) Kat:3, Licht: 0","181153","3","2","5","07","14","2","0","0","1","1","0","0"
"POINT (11.670093070000064 48.121891543000061)","Unfall 181155 (2018) Kat:3, Licht: 0","181155","3","7","6","06","12","7","0","0","0","0","1","0"
"POINT (11.653666154000064 48.139752520000059)","Unfall 181156 (2018) Kat:3, Licht: 0","181156","3","3","5","06","08","7","0","0","1","1","0","0"
"POINT (11.579610388000049 48.115228944000080)","Unfall 181157 (2018) Kat:2, Licht: 0","181157","2","1","0","07","14","2","0","0","0","1","0","0"
"POINT (11.586598289000051 48.130505365000033)","Unfall 181158 (2018) Kat:3, Licht: 0","181158","3","6","4","06","18","7","0","0","1","0","0","0"
"POINT (11.548377618000075 48.116310604000034)","Unfall 181159 (2018) Kat:3, Licht: 0","181159","3","1","1","06","16","7","0","0","0","1","0","1"
"POINT (11.579510833000029 48.135025119000034)","Unfall 181160 (2018) Kat:2, Licht: 0","181160","2","1","0","06","20","7","0","0","1","0","0","0"
"POINT (11.616355917000021 48.138116457000081)","Unfall 181171 (2018) Kat:2, Licht: 0","181171","2","7","0","07","17","2","0","0","0","0","0","1"
"POINT (11.583524941000064 48.126565028000073)","Unfall 181178 (2018) Kat:3, Licht: 2","181178","3","2","4","07","23","2","0","2","1","1","0","0"
"POINT (11.544342017000076 48.164544925000030)","Unfall 181182 (2018) Kat:2, Licht: 0","181182","2","6","3","07","15","2","0","0","1","1","0","0"
"POINT (11.529476656000043 48.101018131000046)","Unfall 181188 (2018) Kat:3, Licht: 0","181188","3","6","3","07","15","2","0","0","1","0","0","0"
"POINT (11.567223055000056 48.178178339000056)","Unfall 181193 (2018) Kat:3, Licht: 0","181193","3","2","5","07","07","3","0","0","1","1","0","0"
"POINT (11.561324597000066 48.139429254000049)","Unfall 181202 (2018) Kat:3, Licht: 0","181202","3","4","6","07","10","3","0","0","0","0","1","0"