WKT,Name,OBJECTID,UKATEGORIE,UTYP1,UART,UMONAT,USTUNDE,UWOCHENTAG,STRZUSTAND,ULICHTVERH,ISTRAD,ISTPKW,ISTFUSS,ISTKRAD
"POINT (11.584871922000048 48.181732567000040)","Unfall 181203 (2018) Kat:3, Licht: 0","181203","3","2","4","07","08","3","0","0","0","1","0","1"
"POINT (11.606699119000041 48.200352044000056)","Unfall 181205 (2018) Kat:3, Licht: 0","181205","3","2","5","07","07","3","0","0","0","1","0","0"
"POINT (11.534417115000053 48.152535324000041)","Unfall 181209 (2018) Kat:3, Licht: 0","181209","3","6","4","07","08","3","0","0","1","0","0","0"
"POINT (11.537637389000054 48.150405378000073)","Unfall 181211 (2018) Kat:3, Licht: 0","181211","3","6","3","07","15","3","0","0","1","0","0","0"
"POINT (11.582951703000049 48.141193834000035)","Unfall 181214 (2018) Kat:3, Licht: 0","181214","3","6","2","07","16","3","0","0","0","1","0","0"
"POINT (11.521796980000033 48.133535529000028)","Unfall 181215 (2018) Kat:3, Licht: 0","181215","3","2","5","07","15","3","0","0","1","1","0","0"
"POINT (11.648985665000055 48.111961244000042)","Unfall 181217 (2018) Kat:3, Licht: 0","181217","3","3","5","07","13","3","0","0","0","1","0","0"
"POINT (11.624040940000043 48.132067256000028)","Unfall 181219 (2018) Kat:3, Licht: 0","181219","3","4","5","07","09","3","0","0","0","1","1","0"
"POINT (11.625080664000052 48.100839141000051)","Unfall 181220 (2018) Kat:3, Licht: 0","181220","3","3","5","07","15","3","0","0","1","1","0","0"
"POINT (11.573432692000040 48.126335742000037)","Unfall 181221 (2018) Kat:3, Licht: 2","181221","3","1","0","07","22","3","0","2","1","0","0","0"
"POINT (11.558637743000077 48.137404055000047)","Unfall 181223 (2018) Kat:3, Licht: 0","181223","3","3","5","07","17","3","0","0","0","1","0","0"
"POINT (11.541678460000071 48.158231229000080)","Unfall 181244 (2018) Kat:3, Licht: 0","181244","3","3","5","07","10","5","0","0","0","1","0","1"
"POINT (11.602221668000027 48.123955198000033)","Unfall 181245 (2018) Kat:3, Licht: 0","181245","3","2","3","07","07","5","0","0","1","1","0","0"
"POINT (11.551111264000042 48.143042364000053)","Unfall 181246 (2018) Kat:3, Licht: 2","181246","3","6","3","07","23","3","0","2","0","1","0","1"
"POINT (11.465943607000042 48.148186369000030)","Unfall 181247 (2018) Kat:3, Licht: 0","181247","3","6","1","07","12","5","0","0","0","1","0","0"
"POINT (11.553537568000024 48.183066280000048)","Unfall 181250 (2018) Kat:3, Licht: 2","181250","3","2","5","07","22","5","1","2","1","1","0","0"
"POINT (11.548857400000031 48.151112468000065)","Unfall 181252 (2018) Kat:3, Licht: 0","181252","3","4","0","07","12","5","0","0","1","0","1","0"
"POINT (11.669225723000068 48.139818344000048)","Unfall 181254 (2018) Kat:3, Licht: 0","181254","3","3","5","07","06","5","0","0","0","1","0","1"
"POINT (11.577035777000049 48.115912444000060)","Unfall 181256 (2018) Kat:3, Licht: 0","181256","3","3","5","07","09","5","0","0","1","1","0","0"
"POINT (11.568833613000038 48.140843422000046)","Unfall 181258 (2018) Kat:3, Licht: 0","181258","3","6","2","07","14","5","0","0","0","1","0","0"
"POINT (11.597807532000047 48.122806683000078)","Unfall 181306 (2018) Kat:3, Licht: 0","181306","3","2","5","07","17","3","0","0","1","1","0","0"
"POINT (11.577579267000033 48.142627213000026)","Unfall 181309 (2018) Kat:3, Licht: 2","181309","3","7","2","07","21","3","0","2","0","1","0","0"
"POINT (11.536997720000045 48.111358747000054)","Unfall 181367 (2018) Kat:3, Licht: 0","181367","3","7","6","07","18","3","0","0","1","0","1","0"
"POINT (11.569339107000076 48.140891986000042)","Unfall 181387 (2018) Kat:3, Licht: 0","181387","3","7","0","07","10","4","0","0","1","0","0","0"
"POINT (11.583256139000071 48.141172327000049)","Unfall 181389 (2018) Kat:3, Licht: 0","181389","3","3","5","07","19","4","0","0","1","0","0","0"
"POINT (11.634976622000067 48.137906440000052)","Unfall 181392 (2018) Kat:3, Licht: 0","181392","3","2","3","07","12","4","0","0","1","0","0","0"
"POINT (11.594520667000040 48.141933557000073)","Unfall 181394 (2018) Kat:3, Licht: 0","181394","3","2","5","07","13","4","0","0","1","1","0","0"
"POINT (11.544298992000051 48.122281925000038)","Unfall 181396 (2018) Kat:3, Licht: 0","181396","3","2","3","07","07","4","0","0","1","1","0","0"
"POINT (11.605665887000043 48.126227425000081)","Unfall 181398 (2018) Kat:3, Licht: 0","181398","3","6","2","07","16","4","0","0","0","1","0","1"
"POINT (11.503587624000033 48.142700971000068)","Unfall 181400 (2018) Kat:3, Licht: 0","181400","3","7","4","07","08","4","0","0","1","0","0","0"
"POINT (11.498097503000054 48.095069218000049)","Unfall 181401 (2018) Kat:3, Licht: 0","181401","3","2","5","07","18","4","0","0","1","1","0","0"
"POINT (11.608391935000043 48.131354734000070)","Unfall 181403 (2018) Kat:3, Licht: 0","181403","3","5","1","07","11","4","0","0","1","1","0","0"
"POINT (11.568036311000071 48.147604613000055)","Unfall 181406 (2018) Kat:2, Licht: 0","181406","2","3","5","07","12","4","0","0","1","1","0","0"
"POINT (11.460258436000061 48.148036873000081)","Unfall 181408 (2018) Kat:3, Licht: 0","181408","3","1","0","07","14","4","0","0","1","0","0","0"
"POINT (11.496527097000069 48.177192073000072)","Unfall 181410 (2018) Kat:3, Licht: 0","181410","3","3","5","07","09","4","0","0","0","1","0","0"
"POINT (11.554740958000025 48.172462582000037)","Unfall 181411 (2018) Kat:3, Licht: 0","181411","3","7","0","07","19","4","0","0","1","0","0","0"
"POINT (11.531843325000068 48.199680189000048)","Unfall 181413 (2018) Kat:3, Licht: 0","181413","3","7","6","07","07","4","0","0","0","1","1","0"
"POINT (11.479247049000037 48.124108883000076)","Unfall 181414 (2018) Kat:3, Licht: 0","181414","3","6","2","07","17","4","0","0","0","1","0","0"
"POINT (11.617557713000053 48.148899355000026)","Unfall 181419 (2018) Kat:3, Licht: 0","181419","3","6","3","07","07","4","0","0","1","0","0","0"
"POINT (11.591379349000022 48.132767334000050)","Unfall 181421 (2018) Kat:3, Licht: 0","181421","3","3","5","07","08","4","0","0","1","0","0","1"
"POINT (11.533058946000040 48.124918076000029)","Unfall 181423 (2018) Kat:2, Licht: 0","181423","2","1","9","07","19","4","0","0","0","0","0","1"
"POINT (11.571151051000072 48.152456203000042)","Unfall 181424 (2018) Kat:3, Licht: 0","181424","3","3","5","07","20","4","0","0","1","1","0","0"
"POINT (11.463094606000027 48.164786737000043)","Unfall 181425 (2018) Kat:3, Licht: 0","181425","3","3","5","07","07","3","0","0","1","1","0","0"
"POINT (11.583219342000064 48.142246211000042)","Unfall 181456 (2018) Kat:3, Licht: 0","181456","3","6","2","07","09","5","0","0","0","1","0","0"
"POINT (11.596219228000052 48.123656512000025)","Unfall 181477 (2018) Kat:3, Licht: 0","181477","3","6","2","07","11","5","0","0","0","1","0","0"
"POINT (11.574898798000049 48.158404008000048)","Unfall 181486 (2018) Kat:3, Licht: 2","181486","3","6","0","07","00","5","0","2","1","1","0","0"
"POINT (11.569845843000053 48.142566603000034)","Unfall 181531 (2018) Kat:3, Licht: 0","181531","3","4","6","07","14","5","0","0","0","1","1","0"
"POINT (11.671540765000032 48.144550638000055)","Unfall 181545 (2018) Kat:3, Licht: 0","181545","3","7","6","07","14","1","0","0","0","1","1","0"
"POINT (11.612990527000022 48.122419675000060)","Unfall 181547 (2018) Kat:3, Licht: 0","181547","3","2","5","07","07","1","0","0","1","1","0","0"
"POINT (11.584431668000036 48.132623980000062)","Unfall 181548 (2018) Kat:3, Licht: 0","181548","3","1","0","07","10","1","0","0","1","0","0","0"
"POINT (11.558394786000065 48.128185423000048)","Unfall 181549 (2018) Kat:3, Licht: 0","181549","3","7","0","07","13","6","0","0","0","0","1","0"
"POINT (11.518528271000037 48.168026568000073)","Unfall 181550 (2018) Kat:3, Licht: 0","181550","3","2","2","07","18","1","0","0","0","1","0","1"
"POINT (11.477615393000065 48.129101922000075)","Unfall 181551 (2018) Kat:3, Licht: 0","181551","3","4","6","07","08","6","1","0","0","1","1","0"
"POINT (11.497090931000059 48.116569890000051)","Unfall 181552 (2018) Kat:3, Licht: 0","181552","3","5","1","07","19","1","0","0","0","1","0","0"
"POINT (11.560113281000042 48.157645722000041)","Unfall 181553 (2018) Kat:3, Licht: 0","181553","3","3","5","07","14","6","0","0","1","1","0","0"
"POINT (11.516637553000066 48.167715967000049)","Unfall 181555 (2018) Kat:3, Licht: 0","181555","3","1","0","07","14","1","0","0","1","0","0","0"
"POINT (11.533550551000076 48.169603869000071)","Unfall 181556 (2018) Kat:3, Licht: 0","181556","3","5","1","07","10","6","1","0","1","0","0","0"
"POINT (11.553170780000073 48.212776824000059)","Unfall 181557 (2018) Kat:3, Licht: 0","181557","3","2","5","07","12","1","0","0","1","1","0","0"
"POINT (11.455351546000031 48.166512189000059)","Unfall 181558 (2018) Kat:2, Licht: 0","181558","2","1","3","07","13","6","1","0","0","1","0","0"
"POINT (11.562772713000072 48.141621980000082)","Unfall 181559 (2018) Kat:2, Licht: 0","181559","2","7","3","07","09","6","1","0","0","1","0","0"
"POINT (11.502611198000068 48.126049906000048)","Unfall 181560 (2018) Kat:3, Licht: 0","181560","3","2","3","07","18","1","0","0","1","1","0","0"
"POINT (11.573354457000050 48.133337803000074)","Unfall 181561 (2018) Kat:3, Licht: 0","181561","3","6","5","07","16","6","0","0","0","1","0","1"
"POINT (11.545661159000076 48.104315782000072)","Unfall 181562 (2018) Kat:3, Licht: 0","181562","3","6","3","07","18","1","0","0","1","0","0","0"
"POINT (11.533986338000034 48.138746487000049)","Unfall 181563 (2018) Kat:3, Licht: 0","181563","3","6","3","07","15","1","0","0","1","0","0","0"
"POINT (11.586273099000039 48.162381097000036)","Unfall 181564 (2018) Kat:3, Licht: 0","181564","3","1","0","07","17","6","1","0","0","0","0","1"
"POINT (11.564655088000052 48.159623743000054)","Unfall 181565 (2018) Kat:3, Licht: 0","181565","3","7","0","07","18","1","0","0","1","0","0","0"
"POINT (11.583450774000028 48.195832180000082)","Unfall 181566 (2018) Kat:3, Licht: 0","181566","3","7","3","07","19","6","0","0","0","1","0","0"
"POINT (11.557670577000067 48.117614060000051)","Unfall 181568 (2018) Kat:3, Licht: 0","181568","3","6","2","07","13","6","1","0","0","1","0","0"
"POINT (11.520752777000041 48.138448468000036)","Unfall 181571 (2018) Kat:3, Licht: 0","181571","3","2","6","07","09","6","1","0","0","1","1","0"
"POINT (11.599626317000059 48.142281752000031)","Unfall 181572 (2018) Kat:3, Licht: 0","181572","3","7","5","07","15","6","0","0","0","1","0","0"
"POINT (11.605299377000051 48.135119028000076)","Unfall 181574 (2018) Kat:3, Licht: 0","181574","3","5","1","07","18","6","0","0","1","1","0","0"
"POINT (11.605486227000029 48.129416537000054)","Unfall 181577 (2018) Kat:3, Licht: 0","181577","3","6","2","07","12","6","1","0","0","1","0","0"
"POINT (11.540126001000033 48.116075988000034)","Unfall 181579 (2018) Kat:3, Licht: 0","181579","3","6","1","07","10","6","0","0","0","1","0","0"
"POINT (11.585638593000056 48.173621177000030)","Unfall 181581 (2018) Kat:3, Licht: 0","181581","3","1","0","07","15","6","1","0","0","0","0","1"
"POINT (11.586386595000022 48.163964184000065)","Unfall 181582 (2018) Kat:3, Licht: 2","181582","3","6","1","07","22","6","1","2","0","1","0","0"
"POINT (11.578742094000063 48.145125864000079)","Unfall 181650 (2018) Kat:3, Licht: 0","181650","3","7","0","07","16","5","0","0","0","1","0","0"
"POINT (11.532153633000064 48.146705533000045)","Unfall 181676 (2018) Kat:3, Licht: 0","181676","3","6","0","07","17","7","0","0","0","0","0","1"
"POINT (11.664945461000059 48.140452715000038)","Unfall 181679 (2018) Kat:2, Licht: 0","181679","2","7","6","07","11","7","0","0","1","0","1","0"
"POINT (11.581005748000052 48.149942304000035)","Unfall 181681 (2018) Kat:3, Licht: 2","181681","3","7","0","07","23","7","0","2","0","1","0","1"
"POINT (11.566827300000057 48.133020777000070)","Unfall 181682 (2018) Kat:3, Licht: 2","181682","3","4","6","07","00","7","1","2","0","1","1","0"
"POINT (11.524831903000063 48.132845523000071)","Unfall 181686 (2018) Kat:3, Licht: 0","181686","3","3","5","07","19","7","0","0","1","1","0","0"
"POINT (11.497150613000031 48.181750411000053)","Unfall 181689 (2018) Kat:3, Licht: 0","181689","3","3","5","07","15","7","0","0","1","1","0","0"
"POINT (11.532621539000047 48.097754989000066)","Unfall 181691 (2018) Kat:3, Licht: 0","181691","3","7","0","07","18","7","0","0","1","1","0","0"
"POINT (11.597650625000028 48.102853326000059)","Unfall 181692 (2018) Kat:3, Licht: 0","181692","3","6","3","07","10","7","0","0","0","1","0","1"
"POINT (11.548605432000045 48.112146804000076)","Unfall 181695 (2018) Kat:3, Licht: 2","181695","3","2","3","07","23","7","0","2","1","1","0","0"
"POINT (11.495636395000076 48.183526313000073)","Unfall 181696 (2018) Kat:3, Licht: 0","181696","3","3","1","07","14","7","0","0","0","1","0","0"
"POINT (11.628323546000047 48.147467354000071)","Unfall 181700 (2018) Kat:3, Licht: 0","181700","3","3","5","07","08","7","0","0","0","1","0","0"
"POINT (11.557277452000051 48.121298134000028)","Unfall 181703 (2018) Kat:3, Licht: 2","181703","3","1","0","07","22","7","0","2","1","0","0","0"
"POINT (11.588111755000057 48.135399341000038)","Unfall 181705 (2018) Kat:3, Licht: 0","181705","3","3","5","07","09","5","0","0","0","1","0","1"
"POINT (11.645907403000024 48.100774268000066)","Unfall 181707 (2018) Kat:3, Licht: 2","181707","3","7","0","07","22","5","1","2","0","1","0","1"
"POINT (11.551662368000052 48.138995527000077)","Unfall 181726 (2018) Kat:3, Licht: 2","181726","3","3","5","07","00","3","0","2","1","1","0","0"
"POINT (11.579072965000023 48.139306822000037)","Unfall 181727 (2018) Kat:2, Licht: 0","181727","2","7","0","07","17","3","1","0","1","0","0","0"
"POINT (11.477408429000036 48.116435012000068)","Unfall 181728 (2018) Kat:3, Licht: 0","181728","3","7","0","07","14","3","0","0","1","0","0","0"
"POINT (11.539963853000074 48.152358643000071)","Unfall 181729 (2018) Kat:3, Licht: 0","181729","3","3","5","07","16","3","0","0","0","1","0","0"
"POINT (11.537002055000073 48.116909862000057)","Unfall 181730 (2018) Kat:3, Licht: 0","181730","3","6","3","07","16","3","0","0","1","1","0","0"
"POINT (11.538248789000022 48.100372453000034)","Unfall 181731 (2018) Kat:3, Licht: 2","181731","3","2","5","07","02","3","0","2","1","1","0","0"
"POINT (11.479272204000040 48.164200354000059)","Unfall 181732 (2018) Kat:3, Licht: 0","181732","3","2","3","07","08","3","0","0","1","1","0","0"
"POINT (11.410974105000037 48.134852418000037)","Unfall 181733 (2018) Kat:3, Licht: 0","181733","3","2","4","07","17","3","0","0","0","1","0","0"
"POINT (11.657591831000047 48.130084533000058)","Unfall 181734 (2018) Kat:2, Licht: 0","181734","2","2","4","07","17","3","1","0","1","1","0","0"
"POINT (11.508269657000028 48.124612386000081)","Unfall 181737 (2018) Kat:3, Licht: 0","181737","3","2","4","07","16","3","0","0","1","1","0","0"
"POINT (11.559571220000066 48.161234495000031)","Unfall 181739 (2018) Kat:3, Licht: 0","181739","3","7","0","07","09","3","0","0","1","0","0","0"
"POINT (11.502511324000068 48.117084370000043)","Unfall 181742 (2018) Kat:3, Licht: 0","181742","3","1","0","07","19","3","1","0","0","1","0","1"
"POINT (11.501304668000046 48.124381791000076)","Unfall 181743 (2018) Kat:3, Licht: 0","181743","3","1","0","07","13","3","0","0","1","0","0","0"
"POINT (11.609998206000057 48.134753068000066)","Unfall 181747 (2018) Kat:3, Licht: 0","181747","3","1","0","07","17","3","1","0","1","0","0","0"
"POINT (11.581296720000068 48.133229105000055)","Unfall 181750 (2018) Kat:3, Licht: 2","181750","3","1","0","07","01","3","0","2","1","0","0","0"
"POINT (11.553074671000047 48.139096467000059)","Unfall 181752 (2018) Kat:3, Licht: 0","181752","3","2","3","07","08","3","0","0","0","1","0","0"
"POINT (11.567506268000045 48.151508009000054)","Unfall 181755 (2018) Kat:3, Licht: 0","181755","3","3","5","07","16","3","1","0","1","1","0","0"
"POINT (11.569814169000040 48.130965864000075)","Unfall 181757 (2018) Kat:3, Licht: 0","181757","3","1","0","07","16","3","1","0","1","0","0","0"
"POINT (11.568154856000035 48.161166667000032)","Unfall 181858 (2018) Kat:3, Licht: 0","181858","3","4","0","07","17","2","0","0","0","0","1","0"
"POINT (11.570960589000038 48.140580930000056)","Unfall 181861 (2018) Kat:3, Licht: 0","181861","3","6","2","07","08","2","0","0","1","0","0","0"
"POINT (11.570998055000075 48.140574731000072)","Unfall 181863 (2018) Kat:3, Licht: 0","181863","3","6","2","07","12","2","0","0","1","1","0","0"
"POINT (11.580825436000055 48.134608818000061)","Unfall 181865 (2018) Kat:3, Licht: 0","181865","3","3","5","07","12","2","0","0","1","1","0","0"
"POINT (11.578856039000073 48.126822434000076)","Unfall 181867 (2018) Kat:3, Licht: 0","181867","3","2","5","07","17","2","0","0","1","0","0","0"
"POINT (11.501094129000023 48.128998187000036)","Unfall 181868 (2018) Kat:3, Licht: 0","181868","3","7","0","07","09","2","0","0","0","1","0","0"
"POINT (11.530120273000023 48.154218195000055)","Unfall 181870 (2018) Kat:3, Licht: 0","181870","3","6","4","07","09","2","0","0","1","0","0","0"
"POINT (11.495012259000077 48.147298797000076)","Unfall 181872 (2018) Kat:3, Licht: 0","181872","3","3","5","07","08","2","0","0","1","0","0","0"
"POINT (11.560928544000035 48.136286343000052)","Unfall 181875 (2018) Kat:3, Licht: 0","181875","3","2","6","07","11","2","0","0","0","0","1","0"
"POINT (11.568156631000022 48.110946565000063)","Unfall 181878 (2018) Kat:3, Licht: 0","181878","3","3","5","07","15","2","0","0","0","1","0","0"
"POINT (11.538531984000031 48.145836963000079)","Unfall 181880 (2018) Kat:3, Licht: 0","181880","3","6","3","07","10","2","0","0","0","1","0","0"
"POINT (11.690668402000028 48.111668815000030)","Unfall 181884 (2018) Kat:3, Licht: 0","181884","3","3","5","07","14","2","0","0","1","0","0","0"
"POINT (11.666572435000035 48.124065311000038)","Unfall 181886 (2018) Kat:3, Licht: 0","181886","3","1","0","07","06","2","0","0","1","0","0","0"
"POINT (11.599916951000068 48.121677692000048)","Unfall 181889 (2018) Kat:3, Licht: 0","181889","3","1","0","07","18","2","0","0","1","0","0","0"
"POINT (11.609111623000047 48.128558010000063)","Unfall 181891 (2018) Kat:3, Licht: 0","181891","3","3","0","07","10","2","1","0","1","1","0","0"
"POINT (11.594360759000040 48.129161302000057)","Unfall 181892 (2018) Kat:3, Licht: 2","181892","3","5","1","07","22","2","0","2","1","1","0","0"
"POINT (11.588548243000048 48.143061530000068)","Unfall 181893 (2018) Kat:3, Licht: 2","181893","3","7","0","07","21","4","0","2","1","0","0","0"
"POINT (11.590307692000067 48.122396540000068)","Unfall 181894 (2018) Kat:3, Licht: 0","181894","3","7","2","07","16","2","0","0","0","1","0","0"
"POINT (11.557402421000063 48.127065713000036)","Unfall 181895 (2018) Kat:3, Licht: 0","181895","3","6","3","07","11","4","0","0","1","1","0","0"
"POINT (11.555934313000023 48.139229810000074)","Unfall 181896 (2018) Kat:3, Licht: 0","181896","3","3","5","07","06","2","0","0","0","1","0","0"
"POINT (11.585631687000046 48.113333055000055)","Unfall 181897 (2018) Kat:3, Licht: 0","181897","3","4","6","07","18","4","0","0","1","0","1","0"
"POINT (11.585130846000027 48.158688444000063)","Unfall 181898 (2018) Kat:3, Licht: 1","181898","3","6","3","07","20","4","0","1","1","1","0","0"
"POINT (11.556227958000022 48.128511649000075)","Unfall 181899 (2018) Kat:3, Licht: 2","181899","3","6","3","07","21","2","0","2","0","1","0","1"
"POINT (11.563082530000031 48.152747825000063)","Unfall 181900 (2018) Kat:3, Licht: 0","181900","3","3","5","07","19","2","0","0","1","1","0","0"
"POINT (11.547760869000058 48.126669620000030)","Unfall 181901 (2018) Kat:2, Licht: 2","181901","2","6","2","07","22","4","0","2","0","1","0","1"
"POINT (11.565168008000057 48.132705551000072)","Unfall 181902 (2018) Kat:3, Licht: 0","181902","3","6","3","07","08","4","0","0","1","0","0","0"
"POINT (11.565833831000077 48.188461731000075)","Unfall 181903 (2018) Kat:3, Licht: 0","181903","3","6","3","07","12","4","0","0","0","1","0","0"
"POINT (11.502611486000035 48.128974649000043)","Unfall 181906 (2018) Kat:3, Licht: 0","181906","3","3","5","07","13","4","0","0","1","1","0","0"
"POINT (11.579789578000032 48.115068314000041)","Unfall 181908 (2018) Kat:3, Licht: 0","181908","3","6","2","07","16","4","0","0","1","0","0","0"
"POINT (11.533477846000039 48.182164034000039)","Unfall 181910 (2018) Kat:3, Licht: 0","181910","3","7","6","07","19","4","0","0","0","1","1","0"
"POINT (11.544439317000069 48.177061994000042)","Unfall 181913 (2018) Kat:3, Licht: 0","181913","3","1","0","07","13","4","0","0","1","0","0","0"
"POINT (11.564226369000039 48.124272587000064)","Unfall 181915 (2018) Kat:3, Licht: 0","181915","3","2","5","07","18","4","0","0","1","1","0","0"
"POINT (11.567953252000052 48.128582142000027)","Unfall 181917 (2018) Kat:3, Licht: 0","181917","3","2","5","07","20","4","0","0","1","0","0","1"
"POINT (11.579390278000062 48.149298309000073)","Unfall 181919 (2018) Kat:3, Licht: 0","181919","3","7","6","07","12","4","0","0","1","0","1","0"
"POINT (11.602500220000024 48.135721203000060)","Unfall 181983 (2018) Kat:3, Licht: 0","181983","3","7","3","07","14","6","0","0","0","1","0","0"
"POINT (11.564439789000062 48.124180379000052)","Unfall 181984 (2018) Kat:3, Licht: 0","181984","3","5","3","07","17","6","0","0","1","1","0","0"
"POINT (11.578612984000074 48.133287784000061)","Unfall 181985 (2018) Kat:3, Licht: 0","181985","3","7","0","07","11","6","0","0","1","0","0","0"
"POINT (11.583635151000067 48.107792345000064)","Unfall 181986 (2018) Kat:3, Licht: 0","181986","3","2","5","07","07","6","0","0","0","0","0","1"
"POINT (11.505283123000027 48.161055220000037)","Unfall 181987 (2018) Kat:1, Licht: 0","181987","1","7","0","07","18","6","0","0","1","0","0","0"
"POINT (11.558807998000077 48.147922058000063)","Unfall 181988 (2018) Kat:2, Licht: 0","181988","2","4","6","07","11","6","0","0","0","1","1","0"
"POINT (11.553927532000046 48.142401571000050)","Unfall 181989 (2018) Kat:3, Licht: 2","181989","3","2","5","07","21","1","0","2","0","1","0","0"
"POINT (11.537381851000077 48.169493124000041)","Unfall 181991 (2018) Kat:3, Licht: 0","181991","3","3","5","07","07","6","0","0","1","1","0","0"
"POINT (11.498128976000032 48.116558213000076)","Unfall 181992 (2018) Kat:3, Licht: 0","181992","3","1","0","07","11","1","0","0","0","1","0","0"
"POINT (11.515010869000037 48.140384833000041)","Unfall 181994 (2018) Kat:3, Licht: 2","181994","3","6","2","07","01","1","0","2","1","0","0","0"
"POINT (11.499860882000064 48.100675674000058)","Unfall 181995 (2018) Kat:3, Licht: 0","181995","3","2","0","07","15","6","0","0","1","0","0","0"
"POINT (11.542331117000060 48.103873277000048)","Unfall 181996 (2018) Kat:2, Licht: 0","181996","2","3","3","07","08","6","0","0","1","1","0","0"
"POINT (11.501706414000068 48.169850033000046)","Unfall 181997 (2018) Kat:2, Licht: 0","181997","2","1","0","07","19","1","0","0","1","0","0","0"
"POINT (11.666757464000057 48.135233172000028)","Unfall 181998 (2018) Kat:3, Licht: 0","181998","3","6","3","07","07","6","0","0","0","1","0","1"
"POINT (11.540142594000031 48.117439989000047)","Unfall 181999 (2018) Kat:3, Licht: 0","181999","3","7","6","07","14","1","0","0","0","1","1","0"
"POINT (11.581093591000069 48.097781665000070)","Unfall 182000 (2018) Kat:3, Licht: 0","182000","3","3","5","07","08","6","0","0","1","1","0","0"
"POINT (11.660092221000070 48.146866623000051)","Unfall 182001 (2018) Kat:3, Licht: 0","182001","3","3","5","07","17","6","0","0","1","1","0","0"
"POINT (11.521203609000054 48.094882888000029)","Unfall 182003 (2018) Kat:3, Licht: 0","182003","3","3","5","07","09","1","0","0","1","1","0","0"
"POINT (11.481886898000027 48.115693848000035)","Unfall 182004 (2018) Kat:3, Licht: 0","182004","3","5","1","07","10","6","0","0","1","1","0","0"
"POINT (11.592953894000061 48.146550051000077)","Unfall 182005 (2018) Kat:2, Licht: 0","182005","2","3","5","07","12","1","0","0","1","1","0","0"
"POINT (11.573320494000029 48.130016707000038)","Unfall 182006 (2018) Kat:3, Licht: 0","182006","3","3","5","07","13","6","0","0","0","1","0","1"
"POINT (11.548428983000065 48.115755266000065)","Unfall 182007 (2018) Kat:3, Licht: 0","182007","3","2","6","07","19","1","0","0","0","1","1","0"
"POINT (11.562185165000074 48.137404910000043)","Unfall 182008 (2018) Kat:3, Licht: 0","182008","3","1","6","07","20","6","0","0","0","0","1","1"
"POINT (11.534222115000034 48.134962175000055)","Unfall 182009 (2018) Kat:3, Licht: 0","182009","3","2","5","07","07","6","0","0","1","1","0","0"
"POINT (11.529733597000074 48.187226596000073)","Unfall 182010 (2018) Kat:3, Licht: 0","182010","3","3","5","07","16","1","1","0","1","1","0","0"
"POINT (11.575851708000073 48.160258199000054)","Unfall 182011 (2018) Kat:3, Licht: 0","182011","3","5","1","07","14","6","0","0","1","1","0","0"
"POINT (11.564982341000075 48.107555916000081)","Unfall 182012 (2018) Kat:3, Licht: 0","182012","3","1","0","07","16","1","0","0","1","0","0","0"
"POINT (11.589900086000057 48.137335675000031)","Unfall 182013 (2018) Kat:3, Licht: 0","182013","3","3","5","07","07","6","0","0","1","1","0","0"
"POINT (11.593192781000027 48.110643547000052)","Unfall 182015 (2018) Kat:3, Licht: 0","182015","3","6","4","07","12","1","0","0","1","0","0","0"
"POINT (11.567805679000060 48.163249648000033)","Unfall 182116 (2018) Kat:3, Licht: 2","182116","3","3","5","07","00","7","0","2","0","1","0","0"
"POINT (11.605183508000039 48.104570808000062)","Unfall 182118 (2018) Kat:3, Licht: 0","182118","3","2","5","07","19","7","0","0","0","1","0","0"
"POINT (11.502402647000054 48.112011061000032)","Unfall 182121 (2018) Kat:3, Licht: 0","182121","3","2","5","07","13","7","0","0","1","1","0","0"
"POINT (11.479022922000070 48.145193977000076)","Unfall 182127 (2018) Kat:3, Licht: 2","182127","3","6","2","07","21","7","0","2","0","1","0","0"
"POINT (11.526280059000044 48.116458252000029)","Unfall 182130 (2018) Kat:3, Licht: 0","182130","3","7","6","07","14","7","0","0","0","1","1","0"
"POINT (11.589857424000058 48.137308956000027)","Unfall 182132 (2018) Kat:3, Licht: 0","182132","3","2","4","07","13","7","1","0","1","0","0","0"
"POINT (11.690563338000061 48.133451370000046)","Unfall 182135 (2018) Kat:3, Licht: 0","182135","3","2","3","07","16","7","0","0","0","0","0","1"
"POINT (11.606931733000067 48.135710122000035)","Unfall 182137 (2018) Kat:3, Licht: 0","182137","3","5","1","07","16","7","0","0","1","1","0","0"
"POINT (11.564845631000026 48.132702996000035)","Unfall 182138 (2018) Kat:3, Licht: 0","182138","3","5","0","07","11","7","0","0","1","1","0","0"
"POINT (11.595134310000049 48.095770353000034)","Unfall 182158 (2018) Kat:3, Licht: 0","182158","3","3","5","07","13","5","0","0","0","1","0","0"
"POINT (11.566299426000057 48.123591974000078)","Unfall 182161 (2018) Kat:3, Licht: 2","182161","3","1","0","07","22","5","0","2","1","0","0","0"
"POINT (11.579473910000047 48.112812018000056)","Unfall 182162 (2018) Kat:3, Licht: 2","182162","3","3","5","07","22","5","0","2","0","1","0","0"
"POINT (11.395191714000077 48.146202709000079)","Unfall 182163 (2018) Kat:3, Licht: 0","182163","3","6","4","07","18","5","0","0","0","1","0","0"
"POINT (11.583637576000058 48.107870165000065)","Unfall 182166 (2018) Kat:3, Licht: 0","182166","3","2","5","07","08","5","0","0","1","1","0","0"