WKT,Name,OBJECTID,UKATEGORIE,UTYP1,UART,UMONAT,USTUNDE,UWOCHENTAG,STRZUSTAND,ULICHTVERH,ISTRAD,ISTPKW,ISTFUSS,ISTKRAD
"POINT (11.505368298000064 48.180545536000068)","Unfall 182168 (2018) Kat:2, Licht: 0","182168","2","1","0","07","16","5","0","0","1","0","0","0"
"POINT (11.540764764000073 48.120133200000055)","Unfall 182170 (2018) Kat:3, Licht: 0","182170","3","7","0","07","12","5","0","0","0","0","0","1"
"POINT (11.583937162000041 48.163434150000057)","Unfall 182173 (2018) Kat:3, Licht: 0","182173","3","3","4","07","18","5","0","0","1","1","0","0"
"POINT (11.566150388000040 48.187318755000035)","Unfall 182175 (2018) Kat:2, Licht: 0","182175","2","3","5","07","16","5","0","0","1","1","0","0"
"POINT (11.558961321000027 48.168529126000067)","Unfall 182177 (2018) Kat:3, Licht: 0","182177","3","2","5","07","19","5","0","0","1","1","0","0"
"POINT (11.601563890000023 48.186780410000040)","Unfall 182179 (2018) Kat:3, Licht: 0","182179","3","7","3","07","08","5","0","0","1","1","0","0"
"POINT (11.568688527000063 48.161405948000038)","Unfall 182181 (2018) Kat:2, Licht: 0","182181","2","1","0","07","16","5","0","0","1","0","0","0"
"POINT (11.558392072000061 48.126221103000034)","Unfall 182182 (2018) Kat:3, Licht: 0","182182","3","2","4","07","14","5","0","0","1","1","0","0"
"POINT (11.579237622000051 48.129325756000071)","Unfall 182184 (2018) Kat:3, Licht: 0","182184","3","2","5","07","14","5","0","0","0","1","0","0"
"POINT (11.502891672000032 48.087425387000053)","Unfall 182187 (2018) Kat:3, Licht: 0","182187","3","7","4","07","17","5","0","0","0","1","0","0"
"POINT (11.535765698000034 48.146833262000030)","Unfall 182189 (2018) Kat:3, Licht: 0","182189","3","2","4","07","18","5","0","0","1","1","0","0"
"POINT (11.522794000000033 48.149544620000029)","Unfall 182191 (2018) Kat:2, Licht: 0","182191","2","6","2","07","12","5","0","0","0","1","0","1"
"POINT (11.538615124000046 48.145717076000039)","Unfall 182192 (2018) Kat:3, Licht: 0","182192","3","2","3","07","10","5","0","0","1","0","0","0"
"POINT (11.579874507000056 48.157717699000045)","Unfall 182197 (2018) Kat:3, Licht: 0","182197","3","6","3","07","08","5","0","0","1","0","0","0"
"POINT (11.649825355000075 48.108776961000046)","Unfall 182200 (2018) Kat:3, Licht: 1","182200","3","1","2","07","21","5","0","1","0","1","0","0"
"POINT (11.610831118000021 48.151002747000064)","Unfall 182202 (2018) Kat:3, Licht: 0","182202","3","3","5","07","07","5","0","0","1","1","0","0"
"POINT (11.584827518000054 48.120493990000057)","Unfall 182204 (2018) Kat:3, Licht: 0","182204","3","6","0","07","20","5","0","0","1","0","0","0"
"POINT (11.595959386000061 48.125213218000056)","Unfall 182205 (2018) Kat:3, Licht: 0","182205","3","6","3","07","18","5","0","0","1","1","0","0"
"POINT (11.532607059000043 48.105817752000064)","Unfall 182311 (2018) Kat:3, Licht: 0","182311","3","7","0","07","17","2","1","0","0","0","0","1"
"POINT (11.655570214000022 48.096238293000056)","Unfall 182313 (2018) Kat:3, Licht: 0","182313","3","2","5","07","09","2","0","0","1","0","0","0"
"POINT (11.587937503000035 48.135196728000039)","Unfall 182316 (2018) Kat:3, Licht: 0","182316","3","5","1","07","19","2","0","0","0","1","0","0"
"POINT (11.512436074000050 48.181321682000032)","Unfall 182318 (2018) Kat:3, Licht: 0","182318","3","3","5","07","15","2","0","0","1","1","0","0"
"POINT (11.585137729000053 48.109631328000035)","Unfall 182320 (2018) Kat:3, Licht: 0","182320","3","2","4","07","16","2","0","0","1","1","0","0"
"POINT (11.535729356000047 48.214469473000065)","Unfall 182322 (2018) Kat:3, Licht: 0","182322","3","3","5","07","16","2","0","0","0","1","0","1"
"POINT (11.529124436000075 48.176265420000050)","Unfall 182325 (2018) Kat:3, Licht: 0","182325","3","2","5","07","08","2","0","0","0","1","0","1"
"POINT (11.543220167000072 48.213843495000049)","Unfall 182327 (2018) Kat:3, Licht: 0","182327","3","3","5","07","16","2","0","0","1","1","0","0"
"POINT (11.530162121000046 48.159204304000070)","Unfall 182328 (2018) Kat:3, Licht: 0","182328","3","6","2","07","16","2","0","0","1","0","0","0"
"POINT (11.603737365000029 48.110139766000032)","Unfall 182330 (2018) Kat:3, Licht: 0","182330","3","2","2","07","16","2","0","0","1","1","0","0"
"POINT (11.641527478000057 48.154358695000042)","Unfall 182332 (2018) Kat:3, Licht: 0","182332","3","3","5","07","07","2","1","0","1","1","0","0"
"POINT (11.555935667000028 48.138372994000065)","Unfall 182335 (2018) Kat:3, Licht: 0","182335","3","7","4","07","11","2","0","0","0","1","0","0"
"POINT (11.581883066000046 48.103602301000080)","Unfall 182409 (2018) Kat:3, Licht: 0","182409","3","2","5","07","16","3","0","0","1","1","0","0"
"POINT (11.535725521000074 48.153506677000053)","Unfall 182410 (2018) Kat:3, Licht: 0","182410","3","1","0","07","19","3","0","0","1","0","0","0"
"POINT (11.627842500000042 48.147555187000080)","Unfall 182412 (2018) Kat:3, Licht: 0","182412","3","7","6","07","17","3","1","0","1","0","0","0"
"POINT (11.586435289000065 48.164188858000045)","Unfall 182415 (2018) Kat:3, Licht: 0","182415","3","6","2","07","17","3","0","0","0","1","0","0"
"POINT (11.560660282000072 48.157522043000029)","Unfall 182417 (2018) Kat:3, Licht: 0","182417","3","3","5","07","16","3","0","0","1","1","0","0"
"POINT (11.615589249000038 48.143959458000040)","Unfall 182419 (2018) Kat:3, Licht: 0","182419","3","4","6","07","16","3","0","0","0","1","1","0"
"POINT (11.601565811000057 48.144249064000064)","Unfall 182420 (2018) Kat:3, Licht: 0","182420","3","3","5","07","12","3","0","0","1","1","0","0"
"POINT (11.524043070000062 48.198003844000027)","Unfall 182423 (2018) Kat:3, Licht: 0","182423","3","4","6","07","10","3","0","0","0","1","1","0"
"POINT (11.462194763000070 48.201697522000075)","Unfall 182424 (2018) Kat:3, Licht: 0","182424","3","6","2","07","13","3","0","0","0","1","0","1"
"POINT (11.528163152000047 48.172390737000057)","Unfall 182425 (2018) Kat:2, Licht: 0","182425","2","6","6","07","18","3","0","0","1","0","1","0"
"POINT (11.547477590000028 48.159585352000079)","Unfall 182428 (2018) Kat:3, Licht: 0","182428","3","6","2","07","17","3","1","0","0","1","0","0"
"POINT (11.651961443000062 48.104464758000063)","Unfall 182430 (2018) Kat:2, Licht: 0","182430","2","1","0","07","18","3","1","0","0","0","0","1"
"POINT (11.502560336000045 48.147215360000075)","Unfall 182432 (2018) Kat:2, Licht: 0","182432","2","4","5","07","16","3","0","0","0","1","1","0"
"POINT (11.577060747000075 48.115856586000064)","Unfall 182435 (2018) Kat:2, Licht: 0","182435","2","3","5","07","07","3","0","0","1","0","0","1"
"POINT (11.604455198000039 48.139944277000041)","Unfall 182437 (2018) Kat:3, Licht: 0","182437","3","2","4","07","14","3","0","0","0","1","0","1"
"POINT (11.517574875000037 48.137589658000081)","Unfall 182439 (2018) Kat:3, Licht: 0","182439","3","3","5","07","17","3","1","0","1","1","0","0"
"POINT (11.562495468000066 48.139402436000069)","Unfall 182441 (2018) Kat:2, Licht: 0","182441","2","2","3","07","14","3","0","0","1","1","0","0"
"POINT (11.573031001000061 48.120428549000053)","Unfall 182443 (2018) Kat:3, Licht: 0","182443","3","4","6","07","18","3","0","0","1","1","1","0"
"POINT (11.573216418000072 48.178909600000054)","Unfall 182444 (2018) Kat:3, Licht: 0","182444","3","6","3","07","17","3","0","0","0","1","0","1"
"POINT (11.523065926000072 48.153238345000034)","Unfall 182446 (2018) Kat:3, Licht: 0","182446","3","2","5","07","08","3","0","0","1","1","0","0"
"POINT (11.512472241000069 48.096200551000038)","Unfall 182451 (2018) Kat:3, Licht: 0","182451","3","6","4","07","16","3","0","0","0","1","0","1"
"POINT (11.642807834000052 48.122695515000032)","Unfall 182453 (2018) Kat:3, Licht: 1","182453","3","2","0","07","20","3","0","1","0","1","0","0"
"POINT (11.599782228000038 48.148869261000073)","Unfall 182454 (2018) Kat:3, Licht: 0","182454","3","2","3","07","07","3","0","0","1","1","0","0"
"POINT (11.558588369000063 48.135036693000075)","Unfall 182456 (2018) Kat:3, Licht: 0","182456","3","7","6","07","11","3","0","0","0","1","1","0"
"POINT (11.568949103000023 48.137349001000075)","Unfall 182457 (2018) Kat:3, Licht: 0","182457","3","5","0","07","18","3","0","0","0","1","0","0"
"POINT (11.573643295000068 48.143438164000031)","Unfall 182459 (2018) Kat:3, Licht: 0","182459","3","1","0","07","06","3","0","0","1","0","0","0"
"POINT (11.604456486000061 48.139949873000035)","Unfall 182485 (2018) Kat:2, Licht: 0","182485","2","2","3","07","17","5","0","0","1","1","0","0"
"POINT (11.610064903000023 48.152478189000078)","Unfall 182486 (2018) Kat:3, Licht: 0","182486","3","6","0","07","19","5","0","0","1","0","0","0"
"POINT (11.597723536000046 48.123123718000045)","Unfall 182487 (2018) Kat:3, Licht: 0","182487","3","2","5","07","09","5","0","0","1","1","0","0"
"POINT (11.581901258000073 48.120364885000072)","Unfall 182488 (2018) Kat:3, Licht: 0","182488","3","2","5","07","06","5","0","0","0","1","0","1"
"POINT (11.659734414000070 48.085828558000060)","Unfall 182489 (2018) Kat:3, Licht: 0","182489","3","7","0","07","10","6","0","0","1","1","0","0"
"POINT (11.569366373000037 48.149673746000076)","Unfall 182490 (2018) Kat:3, Licht: 2","182490","3","3","6","07","23","5","0","2","0","1","1","0"
"POINT (11.490697534000049 48.184101031000068)","Unfall 182491 (2018) Kat:3, Licht: 0","182491","3","1","1","07","16","6","0","0","1","1","0","0"
"POINT (11.509675210000069 48.137142791000031)","Unfall 182492 (2018) Kat:3, Licht: 2","182492","3","7","0","07","21","6","0","2","1","1","1","0"
"POINT (11.575379270000042 48.150399806000053)","Unfall 182493 (2018) Kat:3, Licht: 0","182493","3","5","1","07","18","5","0","0","1","1","0","0"
"POINT (11.517225617000065 48.113368343000047)","Unfall 182494 (2018) Kat:3, Licht: 0","182494","3","3","5","07","10","6","0","0","0","1","0","0"
"POINT (11.529288287000043 48.161872643000038)","Unfall 182497 (2018) Kat:2, Licht: 2","182497","2","1","0","07","22","6","1","2","1","0","0","0"
"POINT (11.565095089000067 48.192740482000033)","Unfall 182499 (2018) Kat:1, Licht: 2","182499","1","2","5","07","23","6","1","2","1","0","0","0"
"POINT (11.589981434000038 48.166216367000061)","Unfall 182502 (2018) Kat:3, Licht: 0","182502","3","3","2","07","16","6","0","0","0","1","0","1"
"POINT (11.549695019000069 48.125100534000069)","Unfall 182504 (2018) Kat:3, Licht: 0","182504","3","2","4","07","14","6","0","0","0","1","0","1"
"POINT (11.514430454000035 48.168241612000031)","Unfall 182506 (2018) Kat:3, Licht: 0","182506","3","4","6","07","08","6","0","0","0","1","1","0"
"POINT (11.593996619000052 48.128609863000065)","Unfall 182507 (2018) Kat:3, Licht: 2","182507","3","2","5","07","00","6","0","2","1","1","0","0"
"POINT (11.495443109000064 48.135859461000052)","Unfall 182509 (2018) Kat:3, Licht: 0","182509","3","3","5","07","14","6","0","0","0","1","0","0"
"POINT (11.534287662000054 48.192751632000068)","Unfall 182514 (2018) Kat:3, Licht: 0","182514","3","3","0","07","19","6","0","0","0","1","0","0"
"POINT (11.543265638000037 48.213921422000055)","Unfall 182516 (2018) Kat:3, Licht: 0","182516","3","4","6","07","13","6","0","0","0","0","1","0"
"POINT (11.522489718000031 48.145269773000052)","Unfall 182517 (2018) Kat:3, Licht: 0","182517","3","4","6","07","19","6","0","0","0","1","1","0"
"POINT (11.503039047000073 48.135540670000069)","Unfall 182519 (2018) Kat:3, Licht: 0","182519","3","2","5","07","09","6","0","0","1","1","0","0"
"POINT (11.583896556000070 48.117020064000030)","Unfall 182521 (2018) Kat:3, Licht: 0","182521","3","4","6","07","14","6","0","0","0","1","1","0"
"POINT (11.615135129000066 48.141232135000052)","Unfall 182522 (2018) Kat:3, Licht: 0","182522","3","2","3","07","08","6","0","0","1","1","0","0"
"POINT (11.584203231000060 48.131803283000067)","Unfall 182524 (2018) Kat:2, Licht: 2","182524","2","6","3","07","02","6","0","2","1","0","0","0"
"POINT (11.592477053000039 48.129639061000034)","Unfall 182525 (2018) Kat:3, Licht: 0","182525","3","3","5","07","12","6","0","0","1","1","0","0"
"POINT (11.573918123000055 48.129576679000081)","Unfall 182527 (2018) Kat:3, Licht: 0","182527","3","3","5","07","09","6","0","0","0","1","0","1"
"POINT (11.590121835000048 48.136530915000037)","Unfall 182683 (2018) Kat:3, Licht: 0","182683","3","4","0","07","16","4","0","0","1","0","1","0"
"POINT (11.534765521000054 48.120439711000074)","Unfall 182685 (2018) Kat:3, Licht: 2","182685","3","3","5","07","21","4","0","2","1","0","0","1"
"POINT (11.574749223000026 48.153313668000067)","Unfall 182686 (2018) Kat:3, Licht: 0","182686","3","3","0","07","15","4","0","0","0","1","0","1"
"POINT (11.577193718000046 48.159047932000078)","Unfall 182688 (2018) Kat:3, Licht: 0","182688","3","3","5","07","09","4","0","0","1","1","0","0"
"POINT (11.579257703000053 48.176205672000037)","Unfall 182690 (2018) Kat:3, Licht: 0","182690","3","5","1","07","08","4","0","0","0","1","0","0"
"POINT (11.679794835000052 48.138578905000031)","Unfall 182693 (2018) Kat:3, Licht: 0","182693","3","3","5","07","08","4","0","0","0","1","0","1"
"POINT (11.464966172000061 48.193417920000059)","Unfall 182694 (2018) Kat:3, Licht: 0","182694","3","3","5","07","15","4","0","0","1","1","0","0"
"POINT (11.543911810000054 48.122112268000080)","Unfall 182698 (2018) Kat:3, Licht: 0","182698","3","3","5","07","18","4","0","0","1","1","0","0"
"POINT (11.551707881000027 48.126205600000048)","Unfall 182699 (2018) Kat:3, Licht: 0","182699","3","7","0","07","17","4","0","0","1","0","0","0"
"POINT (11.574061909000022 48.157699773000047)","Unfall 182701 (2018) Kat:2, Licht: 0","182701","2","3","5","07","08","4","0","0","1","1","0","0"
"POINT (11.545140237000055 48.117062432000068)","Unfall 182703 (2018) Kat:2, Licht: 0","182703","2","2","5","07","12","4","0","0","1","1","0","0"
"POINT (11.528299109000045 48.152066816000058)","Unfall 182706 (2018) Kat:3, Licht: 0","182706","3","2","5","07","08","4","0","0","1","1","0","0"
"POINT (11.631868727000040 48.121890663000045)","Unfall 182708 (2018) Kat:2, Licht: 0","182708","2","2","4","07","19","4","0","0","1","1","0","0"
"POINT (11.508455514000048 48.106665371000076)","Unfall 182710 (2018) Kat:3, Licht: 0","182710","3","7","1","07","17","4","0","0","1","1","0","0"
"POINT (11.536291059000064 48.132022345000053)","Unfall 182712 (2018) Kat:3, Licht: 2","182712","3","4","6","07","22","4","0","2","1","0","1","0"
"POINT (11.576170226000045 48.188840877000075)","Unfall 182714 (2018) Kat:3, Licht: 0","182714","3","7","0","07","16","4","0","0","1","0","0","0"
"POINT (11.556653999000048 48.151890362000074)","Unfall 182715 (2018) Kat:3, Licht: 0","182715","3","5","1","07","14","5","0","0","0","1","0","0"
"POINT (11.546787925000046 48.149808171000075)","Unfall 182716 (2018) Kat:3, Licht: 0","182716","3","7","0","07","09","5","0","0","1","0","0","0"
"POINT (11.513962172000049 48.181495756000061)","Unfall 182717 (2018) Kat:3, Licht: 0","182717","3","6","3","07","08","4","0","0","1","0","0","0"
"POINT (11.569096759000047 48.094319717000076)","Unfall 182718 (2018) Kat:3, Licht: 0","182718","3","4","6","07","16","5","0","0","0","1","1","0"
"POINT (11.539207254000075 48.153701973000068)","Unfall 182719 (2018) Kat:3, Licht: 0","182719","3","5","1","07","08","4","0","0","1","1","0","0"
"POINT (11.503134095000064 48.138761621000072)","Unfall 182720 (2018) Kat:3, Licht: 0","182720","3","6","3","07","08","4","0","0","0","1","0","0"
"POINT (11.546441055000059 48.123123632000045)","Unfall 182721 (2018) Kat:3, Licht: 0","182721","3","6","2","07","09","5","0","0","1","0","0","0"
"POINT (11.441948941000021 48.149126810000041)","Unfall 182723 (2018) Kat:3, Licht: 0","182723","3","3","0","07","15","5","0","0","0","1","0","1"
"POINT (11.560032132000060 48.130197149000026)","Unfall 182724 (2018) Kat:3, Licht: 2","182724","3","1","0","07","21","4","0","2","1","0","0","0"
"POINT (11.509395752000046 48.135316813000031)","Unfall 182725 (2018) Kat:3, Licht: 0","182725","3","6","2","07","12","5","0","0","1","0","0","0"
"POINT (11.516697089000047 48.114518607000036)","Unfall 182726 (2018) Kat:3, Licht: 2","182726","3","6","2","07","22","5","0","2","0","1","0","1"
"POINT (11.594804285000066 48.170798058000059)","Unfall 182727 (2018) Kat:3, Licht: 0","182727","3","2","5","07","19","4","0","0","0","1","0","1"
"POINT (11.634105723000062 48.175486098000079)","Unfall 182728 (2018) Kat:3, Licht: 0","182728","3","3","5","07","08","5","0","0","1","1","0","0"
"POINT (11.586228544000051 48.167319889000055)","Unfall 182729 (2018) Kat:3, Licht: 0","182729","3","2","4","07","18","5","0","0","0","1","0","0"
"POINT (11.586083314000064 48.143271129000027)","Unfall 182730 (2018) Kat:3, Licht: 0","182730","3","5","3","07","12","4","0","0","1","1","0","0"
"POINT (11.587517236000053 48.171414111000047)","Unfall 182731 (2018) Kat:3, Licht: 1","182731","3","5","1","07","21","5","0","1","1","1","0","0"
"POINT (11.627401422000048 48.109983636000038)","Unfall 182734 (2018) Kat:3, Licht: 0","182734","3","7","2","07","14","5","0","0","1","1","0","0"
"POINT (11.673633632000076 48.111157591000051)","Unfall 182736 (2018) Kat:3, Licht: 0","182736","3","4","5","07","13","5","0","0","0","0","1","0"
"POINT (11.638008065000065 48.110235854000052)","Unfall 182738 (2018) Kat:3, Licht: 0","182738","3","3","5","07","17","5","0","0","1","1","0","0"
"POINT (11.528246654000043 48.097517422000067)","Unfall 182739 (2018) Kat:3, Licht: 0","182739","3","3","5","07","20","5","0","0","1","0","0","0"
"POINT (11.502920123000024 48.131251754000061)","Unfall 182741 (2018) Kat:3, Licht: 0","182741","3","4","6","07","10","5","0","0","1","0","1","0"
"POINT (11.549918859000059 48.100781079000058)","Unfall 182744 (2018) Kat:3, Licht: 0","182744","3","4","6","07","17","5","0","0","0","0","1","1"
"POINT (11.581032584000070 48.184200898000029)","Unfall 182748 (2018) Kat:3, Licht: 0","182748","3","6","2","07","13","5","0","0","0","1","0","1"
"POINT (11.460448203000055 48.148392542000067)","Unfall 182750 (2018) Kat:2, Licht: 0","182750","2","1","0","07","19","5","0","0","1","0","0","0"
"POINT (11.517897383000047 48.130224785000053)","Unfall 182752 (2018) Kat:3, Licht: 2","182752","3","1","0","07","22","5","0","2","0","0","0","1"
"POINT (11.525800294000021 48.158820659000071)","Unfall 182753 (2018) Kat:3, Licht: 0","182753","3","3","5","07","20","5","0","0","1","1","0","0"
"POINT (11.544858852000061 48.138419348000070)","Unfall 182810 (2018) Kat:2, Licht: 2","182810","2","5","1","07","00","1","1","2","1","1","0","0"
"POINT (11.646443642000065 48.107168283000078)","Unfall 182813 (2018) Kat:3, Licht: 0","182813","3","5","2","07","16","1","0","0","0","1","0","0"
"POINT (11.538766661000068 48.128486954000039)","Unfall 182815 (2018) Kat:3, Licht: 0","182815","3","7","8","07","14","1","1","0","0","1","0","0"
"POINT (11.411103513000057 48.134906468000054)","Unfall 182817 (2018) Kat:3, Licht: 2","182817","3","3","5","07","00","1","1","2","0","1","0","0"
"POINT (11.565548703000047 48.133036550000043)","Unfall 182818 (2018) Kat:3, Licht: 1","182818","3","3","5","07","05","1","1","1","0","1","0","0"
"POINT (11.560885137000071 48.186674685000071)","Unfall 182820 (2018) Kat:3, Licht: 1","182820","3","1","0","07","20","1","1","1","0","0","0","1"
"POINT (11.565206999000054 48.192918963000068)","Unfall 182822 (2018) Kat:3, Licht: 1","182822","3","5","1","07","20","1","0","1","0","1","0","0"
"POINT (11.565270645000055 48.122486199000036)","Unfall 182823 (2018) Kat:2, Licht: 2","182823","2","3","5","07","04","1","1","2","0","1","0","0"
"POINT (11.499607894000064 48.135575435000078)","Unfall 182825 (2018) Kat:3, Licht: 0","182825","3","3","5","07","13","1","1","0","0","1","0","0"
"POINT (11.560748781000029 48.153125184000032)","Unfall 182836 (2018) Kat:3, Licht: 0","182836","3","6","3","07","18","1","1","0","1","1","0","0"
"POINT (11.558540509000068 48.134510251000052)","Unfall 182891 (2018) Kat:3, Licht: 0","182891","3","7","0","07","13","7","1","0","0","1","0","0"
"POINT (11.555810106000024 48.128315880000059)","Unfall 182893 (2018) Kat:3, Licht: 2","182893","3","2","4","07","04","7","1","2","0","1","0","0"
"POINT (11.552250639000022 48.142803756000035)","Unfall 182895 (2018) Kat:3, Licht: 0","182895","3","5","1","07","13","7","1","0","1","1","0","0"
"POINT (11.551518667000039 48.136207238000054)","Unfall 182896 (2018) Kat:2, Licht: 0","182896","2","1","0","07","10","7","1","0","1","0","0","0"
"POINT (11.602165488000026 48.127106029000061)","Unfall 182898 (2018) Kat:2, Licht: 2","182898","2","4","6","07","22","7","1","2","0","1","1","0"
"POINT (11.574483927000074 48.129158759000063)","Unfall 182899 (2018) Kat:2, Licht: 0","182899","2","7","0","07","14","7","1","0","1","1","0","1"
"POINT (11.514216275000024 48.198651361000032)","Unfall 182901 (2018) Kat:2, Licht: 0","182901","2","1","0","07","11","7","1","0","1","0","0","0"
"POINT (11.571177394000074 48.133609087000082)","Unfall 182904 (2018) Kat:3, Licht: 0","182904","3","6","4","07","18","7","1","0","0","1","0","1"
"POINT (11.566441230000066 48.154538760000037)","Unfall 182906 (2018) Kat:3, Licht: 0","182906","3","7","0","07","12","7","1","0","0","1","0","1"
"POINT (11.567041487000040 48.150333456000055)","Unfall 182908 (2018) Kat:3, Licht: 0","182908","3","6","3","07","16","7","0","0","0","1","0","1"
"POINT (11.557658869000022 48.139143600000068)","Unfall 182915 (2018) Kat:3, Licht: 0","182915","3","1","0","07","20","2","0","0","1","0","0","0"
"POINT (11.558832366000047 48.147785737000049)","Unfall 182917 (2018) Kat:3, Licht: 0","182917","3","6","1","07","16","2","0","0","0","1","0","0"
"POINT (11.537244269000041 48.116909397000029)","Unfall 182919 (2018) Kat:3, Licht: 0","182919","3","2","0","07","19","2","0","0","0","0","0","1"
"POINT (11.594160604000024 48.151638725000055)","Unfall 182922 (2018) Kat:3, Licht: 0","182922","3","6","4","07","18","2","0","0","1","0","0","0"
"POINT (11.502390584000068 48.121297470000059)","Unfall 182923 (2018) Kat:3, Licht: 0","182923","3","3","5","07","18","2","0","0","1","1","0","0"
"POINT (11.573407842000051 48.130071497000074)","Unfall 182925 (2018) Kat:3, Licht: 0","182925","3","4","6","07","08","2","0","0","1","0","1","0"
"POINT (11.529180392000058 48.100146375000065)","Unfall 182927 (2018) Kat:3, Licht: 0","182927","3","6","3","07","12","2","0","0","1","1","0","0"
"POINT (11.425136837000025 48.140324304000046)","Unfall 182930 (2018) Kat:3, Licht: 0","182930","3","2","6","07","18","2","0","0","0","1","1","0"
"POINT (11.572186098000032 48.157147527000063)","Unfall 182932 (2018) Kat:3, Licht: 0","182932","3","7","5","07","19","2","1","0","1","0","0","1"
"POINT (11.573028232000070 48.145788900000070)","Unfall 182934 (2018) Kat:3, Licht: 0","182934","3","3","5","07","18","2","0","0","1","0","0","0"
"POINT (11.558087784000065 48.139296153000032)","Unfall 182936 (2018) Kat:3, Licht: 0","182936","3","6","0","07","13","2","0","0","0","1","0","0"
"POINT (11.598818416000029 48.182169583000075)","Unfall 182937 (2018) Kat:2, Licht: 0","182937","2","2","4","07","09","2","0","0","0","1","0","1"
"POINT (11.557697724000036 48.139145975000076)","Unfall 182939 (2018) Kat:3, Licht: 0","182939","3","3","1","07","07","2","0","0","1","1","0","0"
"POINT (11.504426278000039 48.151703536000070)","Unfall 182941 (2018) Kat:3, Licht: 0","182941","3","4","6","07","17","2","0","0","1","0","1","0"
"POINT (11.507273109000039 48.087243636000039)","Unfall 182946 (2018) Kat:3, Licht: 1","182946","3","7","0","07","20","2","1","1","1","1","0","0"
"POINT (11.616117012000075 48.147059842000033)","Unfall 182947 (2018) Kat:3, Licht: 0","182947","3","4","6","07","09","2","0","0","0","0","1","1"
"POINT (11.582681474000026 48.125799448000066)","Unfall 182949 (2018) Kat:3, Licht: 0","182949","3","7","6","07","18","2","0","0","1","0","1","0"
"POINT (11.560861838000051 48.139417973000036)","Unfall 182951 (2018) Kat:3, Licht: 0","182951","3","2","6","07","10","2","0","0","0","1","1","0"
"POINT (11.578617377000057 48.166855352000027)","Unfall 182953 (2018) Kat:3, Licht: 0","182953","3","2","5","07","09","2","0","0","1","1","0","0"
"POINT (11.562175636000063 48.144312865000074)","Unfall 183010 (2018) Kat:3, Licht: 0","183010","3","5","2","07","07","6","0","0","1","1","0","0"
"POINT (11.573627835000025 48.151581055000065)","Unfall 183012 (2018) Kat:3, Licht: 0","183012","3","5","1","07","19","6","0","0","1","1","0","0"
"POINT (11.613927785000044 48.136732077000033)","Unfall 183014 (2018) Kat:3, Licht: 2","183014","3","1","9","07","22","6","1","2","1","0","0","0"
"POINT (11.604095241000039 48.122567061000041)","Unfall 183015 (2018) Kat:3, Licht: 0","183015","3","2","3","07","08","6","0","0","1","1","0","0"
"POINT (11.549742385000059 48.137428431000046)","Unfall 183017 (2018) Kat:3, Licht: 0","183017","3","3","0","07","13","6","0","0","1","0","0","1"
"POINT (11.529018849000067 48.217993166000042)","Unfall 183020 (2018) Kat:3, Licht: 0","183020","3","3","5","07","14","6","0","0","1","1","0","0"
"POINT (11.565850103000059 48.133014881000065)","Unfall 183021 (2018) Kat:3, Licht: 0","183021","3","3","5","07","08","6","0","0","1","1","0","0"
"POINT (11.578337684000076 48.144290332000026)","Unfall 183024 (2018) Kat:3, Licht: 0","183024","3","6","3","07","08","6","0","0","1","0","0","0"
"POINT (11.575891518000049 48.207226337000066)","Unfall 183026 (2018) Kat:3, Licht: 0","183026","3","1","1","07","07","6","0","0","0","1","0","0"
"POINT (11.571502340000052 48.160668157000032)","Unfall 183028 (2018) Kat:3, Licht: 2","183028","3","1","0","07","23","6","1","2","1","0","0","0"
"POINT (11.588366565000058 48.094863543000031)","Unfall 183029 (2018) Kat:3, Licht: 0","183029","3","3","5","07","08","6","0","0","0","1","0","1"
"POINT (11.458885526000074 48.157178750000071)","Unfall 183044 (2018) Kat:3, Licht: 0","183044","3","3","5","07","19","4","0","0","1","1","0","0"
"POINT (11.513663483000073 48.217308692000074)","Unfall 183045 (2018) Kat:3, Licht: 0","183045","3","3","5","07","18","4","1","0","1","1","0","0"
"POINT (11.549787416000072 48.136793428000033)","Unfall 183046 (2018) Kat:3, Licht: 0","183046","3","3","5","07","10","4","0","0","1","1","0","0"
"POINT (11.468146473000047 48.145812340000077)","Unfall 183047 (2018) Kat:3, Licht: 0","183047","3","6","1","07","09","4","0","0","0","1","0","0"
"POINT (11.586398141000075 48.161808227000051)","Unfall 183048 (2018) Kat:3, Licht: 0","183048","3","6","2","07","08","4","0","0","0","1","0","1"
"POINT (11.573659663000058 48.169168210000066)","Unfall 183049 (2018) Kat:3, Licht: 0","183049","3","2","5","07","09","4","0","0","1","1","0","0"
"POINT (11.561928749000060 48.161185189000037)","Unfall 183050 (2018) Kat:3, Licht: 0","183050","3","2","5","07","18","4","1","0","0","1","0","1"
"POINT (11.557657728000038 48.139143531000059)","Unfall 183051 (2018) Kat:3, Licht: 0","183051","3","5","1","07","10","4","0","0","1","1","0","0"
"POINT (11.576702603000058 48.097084616000075)","Unfall 183052 (2018) Kat:3, Licht: 2","183052","3","1","0","07","23","4","0","2","1","0","0","0"
"POINT (11.536388049000038 48.134982640000032)","Unfall 183053 (2018) Kat:2, Licht: 2","183053","2","7","1","07","01","4","0","2","1","1","0","0"
"POINT (11.605698377000067 48.162780216000044)","Unfall 183055 (2018) Kat:2, Licht: 0","183055","2","3","5","07","17","4","0","0","1","0","0","1"