WKT,Name,OBJECTID,UKATEGORIE,UTYP1,UART,UMONAT,USTUNDE,UWOCHENTAG,STRZUSTAND,ULICHTVERH,ISTRAD,ISTPKW,ISTFUSS,ISTKRAD
"POINT (11.606594848000043 48.186481020000031)","Unfall 183056 (2018) Kat:2, Licht: 0","183056","2","3","5","07","09","4","0","0","0","1","0","0"
"POINT (11.586182097000062 48.166674792000038)","Unfall 183058 (2018) Kat:3, Licht: 0","183058","3","7","3","07","19","4","0","0","1","0","0","0"
"POINT (11.567546295000056 48.129678496000054)","Unfall 183060 (2018) Kat:3, Licht: 2","183060","3","3","5","07","21","4","0","2","1","1","0","0"
"POINT (11.492199663000065 48.165390188000060)","Unfall 183061 (2018) Kat:3, Licht: 0","183061","3","1","9","07","05","4","0","0","0","1","0","0"
"POINT (11.505957920000071 48.155057852000027)","Unfall 183064 (2018) Kat:3, Licht: 0","183064","3","6","4","07","10","4","0","0","1","1","0","0"
"POINT (11.550101088000076 48.149208177000048)","Unfall 183066 (2018) Kat:2, Licht: 0","183066","2","3","5","07","19","4","1","0","1","1","0","0"
"POINT (11.526109103000067 48.077295320000076)","Unfall 183068 (2018) Kat:3, Licht: 0","183068","3","4","6","07","08","4","0","0","0","1","1","0"
"POINT (11.584426051000037 48.115182251000078)","Unfall 183071 (2018) Kat:2, Licht: 0","183071","2","3","5","07","14","4","0","0","1","1","0","0"
"POINT (11.574864856000033 48.155288443000074)","Unfall 183073 (2018) Kat:3, Licht: 0","183073","3","2","0","07","19","4","1","0","0","1","0","1"
"POINT (11.537819082000055 48.165870511000037)","Unfall 183074 (2018) Kat:3, Licht: 0","183074","3","7","5","07","10","4","0","0","1","1","0","0"
"POINT (11.598544133000075 48.151050120000036)","Unfall 183204 (2018) Kat:3, Licht: 0","183204","3","7","1","07","17","5","0","0","1","0","0","0"
"POINT (11.526588680000032 48.168837235000069)","Unfall 183207 (2018) Kat:3, Licht: 0","183207","3","2","6","07","13","5","0","0","0","1","1","0"
"POINT (11.554014363000022 48.154343718000064)","Unfall 183210 (2018) Kat:3, Licht: 0","183210","3","2","5","07","09","5","0","0","1","1","0","0"
"POINT (11.521062550000067 48.184874901000057)","Unfall 183212 (2018) Kat:3, Licht: 0","183212","3","3","5","07","14","5","0","0","1","1","0","0"
"POINT (11.555254928000068 48.192693996000060)","Unfall 183214 (2018) Kat:3, Licht: 2","183214","3","1","1","07","01","5","0","2","0","0","0","1"
"POINT (11.692682990000037 48.102596010000070)","Unfall 183216 (2018) Kat:2, Licht: 0","183216","2","5","1","07","19","5","0","0","1","1","0","0"
"POINT (11.573424897000052 48.135748737000029)","Unfall 183219 (2018) Kat:3, Licht: 0","183219","3","3","5","07","14","5","0","0","1","1","0","0"
"POINT (11.575921550000032 48.128106295000066)","Unfall 183221 (2018) Kat:3, Licht: 0","183221","3","1","0","07","18","5","0","0","1","0","0","0"
"POINT (11.549665709000067 48.125079494000033)","Unfall 183224 (2018) Kat:3, Licht: 0","183224","3","2","3","07","13","5","0","0","1","1","0","0"
"POINT (11.609826545000033 48.135063408000065)","Unfall 183227 (2018) Kat:2, Licht: 0","183227","2","3","5","07","12","5","0","0","1","0","0","0"
"POINT (11.561857823000025 48.140040291000048)","Unfall 183229 (2018) Kat:3, Licht: 0","183229","3","4","6","07","10","5","0","0","0","1","1","0"
"POINT (11.531541430000061 48.217450587000030)","Unfall 183231 (2018) Kat:3, Licht: 0","183231","3","6","4","07","11","5","0","0","1","0","0","0"
"POINT (11.602599487000077 48.186917434000065)","Unfall 183233 (2018) Kat:3, Licht: 0","183233","3","6","2","07","19","5","0","0","0","1","0","1"
"POINT (11.502662625000028 48.164543513000069)","Unfall 183235 (2018) Kat:3, Licht: 0","183235","3","3","5","07","19","5","0","0","0","1","0","0"
"POINT (11.550153852000051 48.160786186000053)","Unfall 183238 (2018) Kat:3, Licht: 0","183238","3","6","3","07","07","5","0","0","1","0","0","0"
"POINT (11.573003929000038 48.120439566000073)","Unfall 183239 (2018) Kat:3, Licht: 0","183239","3","2","3","07","16","5","0","0","0","1","0","1"
"POINT (11.530117560000065 48.129326007000031)","Unfall 183243 (2018) Kat:3, Licht: 0","183243","3","3","5","07","18","5","0","0","1","1","0","0"
"POINT (11.564931583000032 48.154239249000057)","Unfall 183244 (2018) Kat:3, Licht: 0","183244","3","7","1","07","10","5","0","0","1","1","0","0"
"POINT (11.523540389000061 48.097750248000068)","Unfall 183262 (2018) Kat:3, Licht: 0","183262","3","3","1","07","17","3","0","0","1","1","0","0"
"POINT (11.610201670000038 48.134738464000066)","Unfall 183264 (2018) Kat:3, Licht: 0","183264","3","3","5","07","19","3","0","0","1","1","0","0"
"POINT (11.568259578000038 48.110868473000039)","Unfall 183267 (2018) Kat:3, Licht: 0","183267","3","4","6","07","11","3","0","0","0","1","1","0"
"POINT (11.520499663000066 48.176711140000066)","Unfall 183269 (2018) Kat:3, Licht: 0","183269","3","2","5","07","16","3","0","0","1","1","0","0"
"POINT (11.605183508000039 48.104570808000062)","Unfall 183271 (2018) Kat:3, Licht: 0","183271","3","2","5","07","10","3","0","0","1","1","0","0"
"POINT (11.563151731000062 48.182473640000069)","Unfall 183272 (2018) Kat:3, Licht: 2","183272","3","6","3","07","21","3","0","2","1","0","0","0"
"POINT (11.566179105000060 48.095517901000051)","Unfall 183274 (2018) Kat:3, Licht: 0","183274","3","2","4","07","17","3","0","0","1","1","0","0"
"POINT (11.582003471000064 48.210851511000044)","Unfall 183275 (2018) Kat:3, Licht: 0","183275","3","7","0","07","18","3","0","0","0","0","0","0"
"POINT (11.525522687000034 48.163280649000058)","Unfall 183277 (2018) Kat:3, Licht: 0","183277","3","3","5","07","15","3","0","0","1","1","0","0"
"POINT (11.564376008000067 48.158110461000035)","Unfall 183280 (2018) Kat:3, Licht: 0","183280","3","3","5","07","13","3","0","0","1","1","0","0"
"POINT (11.575988007000035 48.184374745000071)","Unfall 183282 (2018) Kat:3, Licht: 0","183282","3","2","5","07","17","3","0","0","1","0","0","0"
"POINT (11.659397317000071 48.126442531000066)","Unfall 183284 (2018) Kat:3, Licht: 0","183284","3","6","0","07","14","3","0","0","0","0","0","1"
"POINT (11.601674167000056 48.138756036000075)","Unfall 183285 (2018) Kat:3, Licht: 0","183285","3","7","3","07","06","3","0","0","1","0","0","0"
"POINT (11.564281510000058 48.146392196000079)","Unfall 183287 (2018) Kat:3, Licht: 0","183287","3","3","5","07","10","3","0","0","1","1","0","0"
"POINT (11.560636286000033 48.145566394000070)","Unfall 183290 (2018) Kat:3, Licht: 0","183290","3","6","3","07","16","3","0","0","1","1","0","0"
"POINT (11.540726593000045 48.125307575000079)","Unfall 183300 (2018) Kat:3, Licht: 0","183300","3","3","5","07","19","1","0","0","0","1","0","1"
"POINT (11.584502381000050 48.157361219000052)","Unfall 183301 (2018) Kat:3, Licht: 0","183301","3","1","0","07","19","1","0","0","0","0","0","1"
"POINT (11.599593231000028 48.107606454000063)","Unfall 183307 (2018) Kat:3, Licht: 0","183307","3","6","2","07","15","2","0","0","1","1","0","0"
"POINT (11.579829011000072 48.127278340000032)","Unfall 183319 (2018) Kat:2, Licht: 0","183319","2","6","4","07","14","2","0","0","1","0","0","0"
"POINT (11.602506175000030 48.135584213000072)","Unfall 183326 (2018) Kat:3, Licht: 0","183326","3","2","3","07","15","2","1","0","1","1","0","0"
"POINT (11.521375524000064 48.180773087000034)","Unfall 183330 (2018) Kat:3, Licht: 0","183330","3","3","5","07","18","2","0","0","0","1","0","1"
"POINT (11.475154769000028 48.104819842000040)","Unfall 183355 (2018) Kat:3, Licht: 0","183355","3","7","0","07","16","2","0","0","1","0","0","0"
"POINT (11.520342333000031 48.146677908000072)","Unfall 183360 (2018) Kat:3, Licht: 0","183360","3","4","6","07","18","2","0","0","1","0","1","0"
"POINT (11.586187301000052 48.156867740000052)","Unfall 183367 (2018) Kat:2, Licht: 0","183367","2","5","1","07","12","6","0","0","1","1","0","0"
"POINT (11.549081516000058 48.124664787000029)","Unfall 183368 (2018) Kat:3, Licht: 0","183368","3","7","3","07","09","2","0","0","1","1","0","0"
"POINT (11.575679407000052 48.157670138000071)","Unfall 183369 (2018) Kat:2, Licht: 0","183369","2","2","4","07","14","6","0","0","0","1","0","1"
"POINT (11.599782661000063 48.148872111000060)","Unfall 183371 (2018) Kat:3, Licht: 0","183371","3","2","5","07","10","6","0","0","1","1","0","0"
"POINT (11.566249145000029 48.134246733000055)","Unfall 183374 (2018) Kat:3, Licht: 2","183374","3","1","8","07","00","6","0","2","1","0","0","0"
"POINT (11.529049550000025 48.227418153000031)","Unfall 183377 (2018) Kat:3, Licht: 0","183377","3","3","5","07","17","2","0","0","1","1","0","0"
"POINT (11.588357145000032 48.138235471000030)","Unfall 183390 (2018) Kat:3, Licht: 0","183390","3","6","3","07","20","2","0","0","1","1","0","0"
"POINT (11.553563731000054 48.131809463000081)","Unfall 183398 (2018) Kat:2, Licht: 2","183398","2","1","0","07","21","7","0","2","1","0","0","0"
"POINT (11.566652751000049 48.184561237000025)","Unfall 183400 (2018) Kat:3, Licht: 2","183400","3","3","0","07","00","7","0","2","0","1","0","1"
"POINT (11.564568565000059 48.170506576000037)","Unfall 183403 (2018) Kat:3, Licht: 0","183403","3","3","5","07","19","7","0","0","1","1","0","0"
"POINT (11.581638740000074 48.166213226000082)","Unfall 183404 (2018) Kat:3, Licht: 1","183404","3","7","1","07","21","7","0","1","1","1","0","0"
"POINT (11.573627835000025 48.151581055000065)","Unfall 183406 (2018) Kat:3, Licht: 2","183406","3","7","6","07","01","7","0","2","0","1","1","0"
"POINT (11.650072200000068 48.112843569000063)","Unfall 183407 (2018) Kat:2, Licht: 0","183407","2","1","8","07","08","7","0","0","0","0","0","1"
"POINT (11.587801469000055 48.161575541000047)","Unfall 183408 (2018) Kat:3, Licht: 0","183408","3","5","1","07","11","2","0","0","1","1","0","0"
"POINT (11.466547397000056 48.145937202000027)","Unfall 183409 (2018) Kat:3, Licht: 0","183409","3","6","4","07","14","7","0","0","1","0","0","0"
"POINT (11.462165736000031 48.150656867000066)","Unfall 183411 (2018) Kat:3, Licht: 0","183411","3","7","0","07","17","7","0","0","1","0","0","0"
"POINT (11.500661792000074 48.161155417000032)","Unfall 183413 (2018) Kat:2, Licht: 2","183413","2","7","0","07","23","7","0","2","1","0","0","0"
"POINT (11.499373088000027 48.146822479000036)","Unfall 183415 (2018) Kat:3, Licht: 2","183415","3","7","0","07","01","7","0","2","1","0","0","0"
"POINT (11.525793716000067 48.158840978000057)","Unfall 183416 (2018) Kat:3, Licht: 0","183416","3","3","5","07","15","7","0","0","1","0","0","1"
"POINT (11.629379737000022 48.113664291000077)","Unfall 183419 (2018) Kat:3, Licht: 0","183419","3","7","1","07","14","7","0","0","0","1","0","0"
"POINT (11.647846652000055 48.111459560000071)","Unfall 183420 (2018) Kat:3, Licht: 0","183420","3","7","0","07","07","2","0","0","0","1","1","0"
"POINT (11.611027702000058 48.090033370000071)","Unfall 183421 (2018) Kat:3, Licht: 0","183421","3","1","1","07","13","7","0","0","1","0","0","1"
"POINT (11.617125913000052 48.140429936000032)","Unfall 183423 (2018) Kat:3, Licht: 0","183423","3","7","0","07","09","7","0","0","1","0","0","0"
"POINT (11.565318361000038 48.139241275000074)","Unfall 183425 (2018) Kat:3, Licht: 0","183425","3","6","2","07","19","7","0","0","0","1","0","0"
"POINT (11.630074897000043 48.111960583000041)","Unfall 183428 (2018) Kat:3, Licht: 0","183428","3","1","0","07","19","2","0","0","1","0","0","0"
"POINT (11.601347880000048 48.180751408000049)","Unfall 183432 (2018) Kat:3, Licht: 0","183432","3","2","4","07","17","2","0","0","1","1","0","0"
"POINT (11.586462861000030 48.164187901000048)","Unfall 183458 (2018) Kat:2, Licht: 0","183458","2","1","0","07","08","2","0","0","1","0","0","0"
"POINT (11.555956218000063 48.124431210000068)","Unfall 183463 (2018) Kat:3, Licht: 0","183463","3","2","4","07","14","2","0","0","1","1","0","0"
"POINT (11.503343637000057 48.148556267000060)","Unfall 183467 (2018) Kat:3, Licht: 2","183467","3","7","0","07","00","1","0","2","1","0","0","0"
"POINT (11.578871004000064 48.145280247000073)","Unfall 183469 (2018) Kat:3, Licht: 2","183469","3","7","8","07","01","1","0","2","0","1","0","0"
"POINT (11.552604978000033 48.137502007000080)","Unfall 183472 (2018) Kat:3, Licht: 0","183472","3","2","3","07","08","2","0","0","0","0","0","1"
"POINT (11.474344750000057 48.176590341000065)","Unfall 183477 (2018) Kat:3, Licht: 0","183477","3","6","4","07","10","1","0","0","0","1","0","0"
"POINT (11.563300999000035 48.137404921000041)","Unfall 183479 (2018) Kat:3, Licht: 2","183479","3","7","3","07","02","1","0","2","0","1","0","0"
"POINT (11.532857359000047 48.169867836000037)","Unfall 183482 (2018) Kat:3, Licht: 0","183482","3","6","9","07","12","1","0","0","0","1","0","0"
"POINT (11.553243003000034 48.216525466000064)","Unfall 183485 (2018) Kat:2, Licht: 0","183485","2","6","0","07","12","2","0","0","1","1","0","1"
"POINT (11.606225771000027 48.186520585000039)","Unfall 183489 (2018) Kat:3, Licht: 2","183489","3","2","5","07","23","1","0","2","0","1","0","0"
"POINT (11.576686491000032 48.163624024000057)","Unfall 183497 (2018) Kat:3, Licht: 0","183497","3","1","1","07","18","2","0","0","1","1","0","0"
"POINT (11.641292753000073 48.109081934000073)","Unfall 183501 (2018) Kat:3, Licht: 0","183501","3","7","0","07","13","1","0","0","1","0","0","0"
"POINT (11.578378213000065 48.125125201000060)","Unfall 183508 (2018) Kat:3, Licht: 0","183508","3","3","5","07","12","1","0","0","0","1","0","1"
"POINT (11.500263815000039 48.139672021000081)","Unfall 183510 (2018) Kat:3, Licht: 0","183510","3","3","0","07","20","1","0","0","1","0","0","1"
"POINT (11.555102056000067 48.111998347000053)","Unfall 183514 (2018) Kat:3, Licht: 2","183514","3","1","1","07","23","6","0","2","1","1","0","0"
"POINT (11.563806124000052 48.133409301000029)","Unfall 183515 (2018) Kat:3, Licht: 0","183515","3","7","0","07","19","2","1","0","1","0","0","0"
"POINT (11.566598243000044 48.145416252000075)","Unfall 183516 (2018) Kat:3, Licht: 0","183516","3","2","5","07","11","6","0","0","0","1","0","1"
"POINT (11.657723881000038 48.163926966000076)","Unfall 183518 (2018) Kat:3, Licht: 0","183518","3","2","3","07","11","6","0","0","1","1","0","0"
"POINT (11.551404492000074 48.112352686000065)","Unfall 183519 (2018) Kat:3, Licht: 0","183519","3","6","2","07","13","6","0","0","0","1","0","0"
"POINT (11.570102393000070 48.187459228000080)","Unfall 183520 (2018) Kat:3, Licht: 0","183520","3","6","4","07","18","6","0","0","1","0","0","0"
"POINT (11.542889460000026 48.169363941000029)","Unfall 183521 (2018) Kat:3, Licht: 0","183521","3","6","4","07","20","6","0","0","1","0","0","0"
"POINT (11.539803439000025 48.133829453000033)","Unfall 183522 (2018) Kat:3, Licht: 0","183522","3","2","2","07","08","2","0","0","0","1","0","0"
"POINT (11.572315898000056 48.151291990000061)","Unfall 183523 (2018) Kat:3, Licht: 0","183523","3","6","2","07","08","6","0","0","1","1","0","0"
"POINT (11.529598893000070 48.182052193000061)","Unfall 183524 (2018) Kat:2, Licht: 0","183524","2","2","5","07","09","6","0","0","1","1","0","0"
"POINT (11.424315974000024 48.141821025000070)","Unfall 183525 (2018) Kat:3, Licht: 0","183525","3","6","2","07","16","2","0","0","0","1","0","1"
"POINT (11.609769574000040 48.092971880000050)","Unfall 183526 (2018) Kat:3, Licht: 2","183526","3","7","1","07","23","6","0","2","0","1","0","0"
"POINT (11.559561479000024 48.145132215000046)","Unfall 183528 (2018) Kat:3, Licht: 0","183528","3","7","6","07","09","6","0","0","0","1","1","0"
"POINT (11.555873940000026 48.128468074000068)","Unfall 183529 (2018) Kat:3, Licht: 0","183529","3","3","3","07","12","6","0","0","1","0","0","0"
"POINT (11.587448748000043 48.162278927000045)","Unfall 183530 (2018) Kat:3, Licht: 0","183530","3","7","2","07","08","6","0","0","1","0","0","0"
"POINT (11.483256026000049 48.129021145000081)","Unfall 183531 (2018) Kat:3, Licht: 0","183531","3","3","5","07","19","6","0","0","0","1","0","0"
"POINT (11.574613914000054 48.148194700000033)","Unfall 183533 (2018) Kat:3, Licht: 0","183533","3","2","2","07","09","6","0","0","0","1","0","0"
"POINT (11.599097891000042 48.187302526000053)","Unfall 183539 (2018) Kat:3, Licht: 0","183539","3","7","5","07","18","6","0","0","0","1","0","0"
"POINT (11.511966425000026 48.134960391000050)","Unfall 183540 (2018) Kat:3, Licht: 0","183540","3","1","0","07","16","6","0","0","1","1","0","0"
"POINT (11.659696360000055 48.118868236000026)","Unfall 183541 (2018) Kat:3, Licht: 0","183541","3","3","5","07","13","6","0","0","1","1","0","0"
"POINT (11.576342588000045 48.119076446000065)","Unfall 183549 (2018) Kat:3, Licht: 0","183549","3","1","0","07","19","3","0","0","1","0","0","0"
"POINT (11.609112431000028 48.136327522000045)","Unfall 183551 (2018) Kat:3, Licht: 0","183551","3","2","5","07","10","3","0","0","0","1","0","0"
"POINT (11.532542531000047 48.105796286000043)","Unfall 183554 (2018) Kat:3, Licht: 2","183554","3","7","4","07","22","3","0","2","1","1","0","0"
"POINT (11.557937697000057 48.139160641000046)","Unfall 183556 (2018) Kat:3, Licht: 0","183556","3","5","1","07","13","3","0","0","0","1","0","0"
"POINT (11.538061182000035 48.104694075000054)","Unfall 183558 (2018) Kat:3, Licht: 0","183558","3","4","6","07","14","3","0","0","0","1","1","0"
"POINT (11.557056411000076 48.204381857000044)","Unfall 183560 (2018) Kat:3, Licht: 0","183560","3","3","5","07","17","3","0","0","1","1","0","0"
"POINT (11.564761621000059 48.142515430000060)","Unfall 183561 (2018) Kat:3, Licht: 0","183561","3","1","0","07","13","3","0","0","0","0","0","1"
"POINT (11.592166802000065 48.142320991000076)","Unfall 183563 (2018) Kat:3, Licht: 0","183563","3","7","0","07","20","3","0","0","1","0","0","0"
"POINT (11.567354334000072 48.118432311000049)","Unfall 183565 (2018) Kat:3, Licht: 0","183565","3","1","1","07","15","3","0","0","0","1","0","1"
"POINT (11.582348570000022 48.114374680000026)","Unfall 183582 (2018) Kat:3, Licht: 0","183582","3","6","3","07","14","3","0","0","0","1","0","1"
"POINT (11.543963918000031 48.186166958000058)","Unfall 183590 (2018) Kat:3, Licht: 0","183590","3","6","0","07","18","3","0","0","0","1","0","0"
"POINT (11.531925907000073 48.082279331000052)","Unfall 183604 (2018) Kat:3, Licht: 0","183604","3","3","5","07","15","3","0","0","0","1","0","0"
"POINT (11.541108723000036 48.124526404000051)","Unfall 183606 (2018) Kat:3, Licht: 0","183606","3","6","2","08","17","5","0","0","0","1","0","1"
"POINT (11.579185237000047 48.136078269000052)","Unfall 183608 (2018) Kat:3, Licht: 0","183608","3","4","0","08","12","5","0","0","1","0","1","0"
"POINT (11.546864764000077 48.159842315000049)","Unfall 183611 (2018) Kat:3, Licht: 0","183611","3","4","6","08","17","5","0","0","0","1","1","0"
"POINT (11.511217400000021 48.139445231000082)","Unfall 183613 (2018) Kat:3, Licht: 0","183613","3","2","5","08","11","5","0","0","1","1","0","0"
"POINT (11.612808785000027 48.120680660000062)","Unfall 183615 (2018) Kat:2, Licht: 0","183615","2","2","5","08","13","5","0","0","1","1","0","0"
"POINT (11.526263175000054 48.109468975000027)","Unfall 183616 (2018) Kat:3, Licht: 0","183616","3","1","9","08","17","5","0","0","0","0","0","1"
"POINT (11.540494682000030 48.118774796000025)","Unfall 183617 (2018) Kat:3, Licht: 0","183617","3","7","0","08","18","5","0","0","1","0","0","0"
"POINT (11.502780100000052 48.131139922000045)","Unfall 183618 (2018) Kat:3, Licht: 0","183618","3","6","0","08","12","5","0","0","0","0","0","0"
"POINT (11.577778404000071 48.143016679000027)","Unfall 183619 (2018) Kat:2, Licht: 0","183619","2","7","4","08","16","5","0","0","0","1","0","1"
"POINT (11.559773090000022 48.132942177000075)","Unfall 183621 (2018) Kat:3, Licht: 2","183621","3","7","7","08","01","5","0","2","1","0","0","0"
"POINT (11.504119156000058 48.167397066000035)","Unfall 183624 (2018) Kat:3, Licht: 0","183624","3","3","5","08","19","5","0","0","0","0","0","1"
"POINT (11.502470094000046 48.115779487000054)","Unfall 183626 (2018) Kat:3, Licht: 0","183626","3","6","2","08","15","5","0","0","0","1","0","0"
"POINT (11.503002318000028 48.138893063000069)","Unfall 183628 (2018) Kat:3, Licht: 0","183628","3","7","0","08","17","5","0","0","1","0","0","0"
"POINT (11.601510119000068 48.124152276000075)","Unfall 183635 (2018) Kat:3, Licht: 0","183635","3","2","5","08","07","5","0","0","1","0","0","0"
"POINT (11.555744058000073 48.128950453000073)","Unfall 183637 (2018) Kat:3, Licht: 0","183637","3","1","0","08","07","5","0","0","1","0","0","0"
"POINT (11.557854691000045 48.121419474000049)","Unfall 183639 (2018) Kat:3, Licht: 0","183639","3","1","1","08","15","5","0","0","1","1","0","0"
"POINT (11.569466678000026 48.145013252000069)","Unfall 183640 (2018) Kat:3, Licht: 0","183640","3","6","2","08","16","5","0","0","1","1","0","0"
"POINT (11.571986184000025 48.131601815000067)","Unfall 183642 (2018) Kat:3, Licht: 0","183642","3","4","0","08","15","5","0","0","1","0","1","0"
"POINT (11.558503645000030 48.156750183000042)","Unfall 183648 (2018) Kat:3, Licht: 0","183648","3","2","5","07","11","3","0","0","0","1","0","0"
"POINT (11.572869441000023 48.115649438000048)","Unfall 183662 (2018) Kat:3, Licht: 0","183662","3","7","0","07","15","3","0","0","1","0","1","0"
"POINT (11.514747219000071 48.178814196000076)","Unfall 183695 (2018) Kat:3, Licht: 0","183695","3","3","5","07","15","3","0","0","1","1","0","0"
"POINT (11.668242140000075 48.136562593000065)","Unfall 183710 (2018) Kat:3, Licht: 0","183710","3","7","3","07","16","3","0","0","0","1","0","0"
"POINT (11.636844404000044 48.146275898000056)","Unfall 183720 (2018) Kat:3, Licht: 0","183720","3","5","0","07","11","3","0","0","1","0","0","0"
"POINT (11.607516873000066 48.139009031000057)","Unfall 183751 (2018) Kat:3, Licht: 0","183751","3","7","0","08","18","4","0","0","0","0","0","0"
"POINT (11.564727447000053 48.137428183000054)","Unfall 183753 (2018) Kat:3, Licht: 0","183753","3","3","5","08","18","4","0","0","0","1","0","1"
"POINT (11.635408923000057 48.175067597000066)","Unfall 183754 (2018) Kat:2, Licht: 0","183754","2","1","8","07","08","3","0","0","0","0","0","1"
"POINT (11.583091974000070 48.118549218000055)","Unfall 183755 (2018) Kat:3, Licht: 1","183755","3","1","0","08","21","4","0","1","1","0","0","0"
"POINT (11.565957643000047 48.148186571000053)","Unfall 183759 (2018) Kat:3, Licht: 0","183759","3","7","0","08","19","4","0","0","1","0","0","0"
"POINT (11.623105040000041 48.185890812000025)","Unfall 183760 (2018) Kat:3, Licht: 0","183760","3","2","5","08","09","4","0","0","0","1","0","1"
"POINT (11.622445062000054 48.128837019000059)","Unfall 183762 (2018) Kat:3, Licht: 0","183762","3","3","3","08","18","4","0","0","0","1","0","1"
"POINT (11.522050810000053 48.175865814000076)","Unfall 183765 (2018) Kat:3, Licht: 0","183765","3","2","4","08","19","4","0","0","0","1","0","0"
"POINT (11.519945874000030 48.164123748000065)","Unfall 183767 (2018) Kat:3, Licht: 0","183767","3","1","0","08","06","4","0","0","1","0","0","0"
"POINT (11.592159452000033 48.101527874000055)","Unfall 183768 (2018) Kat:3, Licht: 0","183768","3","5","2","07","06","3","0","0","0","1","0","1"
"POINT (11.559540891000040 48.174952977000032)","Unfall 183769 (2018) Kat:3, Licht: 0","183769","3","6","1","08","07","4","0","0","0","1","0","1"
"POINT (11.503195505000065 48.135356043000058)","Unfall 183770 (2018) Kat:3, Licht: 0","183770","3","2","3","08","14","4","0","0","1","1","0","0"
"POINT (11.662843182000074 48.113116508000076)","Unfall 183772 (2018) Kat:3, Licht: 0","183772","3","3","5","08","17","4","0","0","0","1","0","1"
"POINT (11.609455277000052 48.095731254000043)","Unfall 183774 (2018) Kat:3, Licht: 0","183774","3","6","0","08","08","4","0","0","1","0","0","0"
"POINT (11.592098087000068 48.132999834000032)","Unfall 183776 (2018) Kat:3, Licht: 1","183776","3","1","0","08","19","4","0","1","1","0","0","0"
"POINT (11.595234161000064 48.174156423000056)","Unfall 183779 (2018) Kat:3, Licht: 0","183779","3","6","2","08","16","4","0","0","0","1","0","0"
"POINT (11.590795445000026 48.142600959000049)","Unfall 183781 (2018) Kat:3, Licht: 0","183781","3","5","1","08","12","4","0","0","1","1","0","0"
"POINT (11.628658255000062 48.131149034000032)","Unfall 183782 (2018) Kat:3, Licht: 0","183782","3","6","5","07","17","3","0","0","0","1","0","1"
"POINT (11.559982980000029 48.143520476000049)","Unfall 183783 (2018) Kat:3, Licht: 0","183783","3","5","1","08","10","4","0","0","1","1","0","0"
"POINT (11.484292779000043 48.136942499000043)","Unfall 183805 (2018) Kat:3, Licht: 0","183805","3","2","5","08","07","7","0","0","1","1","0","0"
"POINT (11.582768446000046 48.116956752000078)","Unfall 183807 (2018) Kat:3, Licht: 0","183807","3","2","5","08","08","7","0","0","1","1","0","0"
"POINT (11.586024575000067 48.192681101000062)","Unfall 183808 (2018) Kat:3, Licht: 0","183808","3","3","5","08","16","7","0","0","1","1","0","0"
"POINT (11.542604947000029 48.214873296000064)","Unfall 183809 (2018) Kat:3, Licht: 0","183809","3","2","3","08","17","7","0","0","1","1","0","0"
"POINT (11.564435103000051 48.181472763000045)","Unfall 183810 (2018) Kat:3, Licht: 2","183810","3","1","9","08","00","7","0","2","1","0","0","0"
"POINT (11.528721563000033 48.208888810000076)","Unfall 183811 (2018) Kat:3, Licht: 0","183811","3","3","5","08","15","7","0","0","1","1","0","0"
"POINT (11.626997165000034 48.139317703000074)","Unfall 183813 (2018) Kat:3, Licht: 0","183813","3","2","4","08","19","7","0","0","0","1","0","0"
"POINT (11.610238486000071 48.133722629000033)","Unfall 183814 (2018) Kat:3, Licht: 0","183814","3","6","2","08","08","7","0","0","0","1","0","1"
"POINT (11.548496200000045 48.141758735000053)","Unfall 183815 (2018) Kat:3, Licht: 1","183815","3","1","0","08","22","7","0","1","0","0","0","0"
"POINT (11.551209018000065 48.143021549000025)","Unfall 183816 (2018) Kat:3, Licht: 0","183816","3","4","6","08","14","7","0","0","1","0","1","0"
"POINT (11.564640747000055 48.136926385000038)","Unfall 183834 (2018) Kat:3, Licht: 0","183834","3","3","0","08","19","2","0","0","1","0","0","0"
"POINT (11.599894310000025 48.140750053000033)","Unfall 183836 (2018) Kat:3, Licht: 0","183836","3","4","6","08","15","2","0","0","0","0","1","0"
"POINT (11.534765126000025 48.146437384000080)","Unfall 183838 (2018) Kat:3, Licht: 0","183838","3","3","5","08","16","2","0","0","1","1","0","0"
"POINT (11.546571896000046 48.149778904000073)","Unfall 183839 (2018) Kat:3, Licht: 0","183839","3","2","5","08","12","2","0","0","0","1","0","1"
"POINT (11.596394289000045 48.135875670000075)","Unfall 183842 (2018) Kat:3, Licht: 0","183842","3","6","3","08","13","2","0","0","1","0","0","0"
"POINT (11.546481981000056 48.111983140000063)","Unfall 183844 (2018) Kat:2, Licht: 2","183844","2","7","0","08","04","2","0","2","1","0","0","0"
"POINT (11.564402763000032 48.124191926000037)","Unfall 183846 (2018) Kat:3, Licht: 0","183846","3","7","2","08","14","2","0","0","0","1","0","0"
"POINT (11.415012687000058 48.160034579000069)","Unfall 183856 (2018) Kat:3, Licht: 2","183856","3","3","5","08","22","2","0","2","0","0","0","1"
"POINT (11.602417764000052 48.140227087000028)","Unfall 183857 (2018) Kat:3, Licht: 0","183857","3","4","6","08","14","2","0","0","0","1","1","0"
"POINT (11.558425694000050 48.088100274000055)","Unfall 183911 (2018) Kat:3, Licht: 2","183911","3","5","1","08","23","6","0","2","0","1","0","0"
"POINT (11.509584323000070 48.187170402000049)","Unfall 183913 (2018) Kat:3, Licht: 0","183913","3","3","0","08","18","6","0","0","1","1","0","0"