WKT,Name,OBJECTID,UKATEGORIE,UTYP1,UART,UMONAT,USTUNDE,UWOCHENTAG,STRZUSTAND,ULICHTVERH,ISTRAD,ISTPKW,ISTFUSS,ISTKRAD
"POINT (11.591234969000027 48.132232109000029)","Unfall 183917 (2018) Kat:3, Licht: 0","183917","3","3","5","08","09","6","0","0","1","0","0","1"
"POINT (11.590256377000060 48.201402954000059)","Unfall 183920 (2018) Kat:3, Licht: 0","183920","3","2","4","08","16","6","0","0","0","1","0","1"
"POINT (11.582880879000072 48.154086504000077)","Unfall 183922 (2018) Kat:3, Licht: 0","183922","3","2","4","08","11","6","0","0","0","1","0","0"
"POINT (11.576145315000076 48.127834275000055)","Unfall 183923 (2018) Kat:3, Licht: 2","183923","3","3","5","08","00","6","0","2","0","1","0","0"
"POINT (11.487268317000030 48.179405002000067)","Unfall 183925 (2018) Kat:3, Licht: 0","183925","3","3","5","08","16","6","0","0","0","1","0","1"
"POINT (11.559110752000038 48.212893929000074)","Unfall 183927 (2018) Kat:3, Licht: 2","183927","3","3","5","08","22","6","0","2","1","1","0","0"
"POINT (11.576345000000060 48.119075450000025)","Unfall 183930 (2018) Kat:2, Licht: 0","183930","2","4","6","08","08","6","0","0","0","1","1","0"
"POINT (11.552621999000053 48.124983408000048)","Unfall 183933 (2018) Kat:3, Licht: 0","183933","3","1","0","08","06","6","0","0","1","0","0","0"
"POINT (11.615497013000038 48.142483176000042)","Unfall 183935 (2018) Kat:3, Licht: 0","183935","3","6","2","08","08","6","0","0","0","1","0","0"
"POINT (11.585331664000023 48.159115935000045)","Unfall 183937 (2018) Kat:3, Licht: 0","183937","3","6","0","08","14","6","0","0","0","1","0","0"
"POINT (11.563583527000048 48.137404923000076)","Unfall 183938 (2018) Kat:2, Licht: 1","183938","2","4","6","08","21","6","0","1","0","1","1","0"
"POINT (11.626938617000064 48.139308431000075)","Unfall 183940 (2018) Kat:3, Licht: 0","183940","3","3","5","08","09","6","0","0","0","1","0","1"
"POINT (11.610769954000034 48.151135328000066)","Unfall 183944 (2018) Kat:3, Licht: 0","183944","3","2","5","08","13","6","0","0","1","1","0","0"
"POINT (11.583813396000039 48.155901143000051)","Unfall 183946 (2018) Kat:2, Licht: 2","183946","2","7","3","08","21","6","0","2","0","1","0","1"
"POINT (11.513101708000022 48.180190093000078)","Unfall 183948 (2018) Kat:3, Licht: 0","183948","3","4","6","08","12","6","0","0","1","0","1","0"
"POINT (11.524121295000043 48.135985324000046)","Unfall 183950 (2018) Kat:3, Licht: 0","183950","3","6","2","08","12","6","0","0","0","1","0","1"
"POINT (11.503134371000044 48.138769825000054)","Unfall 183952 (2018) Kat:3, Licht: 0","183952","3","6","2","08","18","6","0","0","0","1","0","0"
"POINT (11.551853580000056 48.100648976000059)","Unfall 183958 (2018) Kat:3, Licht: 1","183958","3","1","0","08","19","6","0","1","1","0","0","0"
"POINT (11.579936698000040 48.139101842000059)","Unfall 183960 (2018) Kat:3, Licht: 0","183960","3","3","5","08","15","6","0","0","1","0","0","0"
"POINT (11.519365666000056 48.168172111000047)","Unfall 183979 (2018) Kat:3, Licht: 2","183979","3","1","0","08","00","1","0","2","1","0","0","0"
"POINT (11.581301188000054 48.116854074000059)","Unfall 183982 (2018) Kat:2, Licht: 0","183982","2","5","0","08","10","1","0","0","1","1","0","0"
"POINT (11.582220091000067 48.186851928000067)","Unfall 183984 (2018) Kat:3, Licht: 0","183984","3","4","6","08","13","1","0","0","0","1","1","0"
"POINT (11.555325958000026 48.161358969000048)","Unfall 184060 (2018) Kat:3, Licht: 2","184060","3","3","5","08","22","7","0","2","1","1","0","0"
"POINT (11.539591939000047 48.116696944000068)","Unfall 184061 (2018) Kat:3, Licht: 0","184061","3","4","6","08","14","7","0","0","1","0","1","0"
"POINT (11.562595351000027 48.213430451000079)","Unfall 184063 (2018) Kat:3, Licht: 0","184063","3","3","5","08","19","7","0","0","1","1","0","0"
"POINT (11.509086313000068 48.170618487000070)","Unfall 184065 (2018) Kat:3, Licht: 2","184065","3","6","4","08","00","7","0","2","1","0","0","0"
"POINT (11.495743177000065 48.086563400000045)","Unfall 184067 (2018) Kat:3, Licht: 0","184067","3","1","0","08","12","7","0","0","1","0","0","0"
"POINT (11.567601267000043 48.210766698000043)","Unfall 184069 (2018) Kat:2, Licht: 0","184069","2","3","5","08","12","4","0","0","1","1","0","0"
"POINT (11.590926670000044 48.166300563000050)","Unfall 184070 (2018) Kat:3, Licht: 2","184070","3","4","6","08","23","4","0","2","1","0","1","0"
"POINT (11.586284917000057 48.161825309000051)","Unfall 184071 (2018) Kat:3, Licht: 2","184071","3","2","5","08","23","4","0","2","1","0","0","1"
"POINT (11.529034126000056 48.178361024000026)","Unfall 184072 (2018) Kat:3, Licht: 0","184072","3","2","5","08","09","4","0","0","1","1","0","0"
"POINT (11.628378988000065 48.101332696000043)","Unfall 184073 (2018) Kat:3, Licht: 0","184073","3","3","5","08","09","4","0","0","1","1","0","0"
"POINT (11.566064344000040 48.175297963000048)","Unfall 184074 (2018) Kat:3, Licht: 1","184074","3","6","4","08","21","4","0","1","1","0","0","0"
"POINT (11.456205820000037 48.135379820000026)","Unfall 184075 (2018) Kat:3, Licht: 0","184075","3","7","5","08","18","4","0","0","1","1","0","0"
"POINT (11.520462462000069 48.082269985000039)","Unfall 184076 (2018) Kat:3, Licht: 0","184076","3","1","0","08","09","4","0","0","1","0","0","0"
"POINT (11.577212516000031 48.124179146000074)","Unfall 184077 (2018) Kat:3, Licht: 0","184077","3","3","5","08","15","4","0","0","1","1","0","0"
"POINT (11.594351062000044 48.129152427000065)","Unfall 184078 (2018) Kat:3, Licht: 0","184078","3","5","1","08","09","4","0","0","1","1","0","0"
"POINT (11.565625651000062 48.143924424000033)","Unfall 184079 (2018) Kat:2, Licht: 0","184079","2","5","1","08","10","4","0","0","1","1","0","0"
"POINT (11.588854589000050 48.142998713000054)","Unfall 184090 (2018) Kat:3, Licht: 0","184090","3","7","3","08","15","6","0","0","0","1","0","1"
"POINT (11.567922662000058 48.142657354000050)","Unfall 184092 (2018) Kat:3, Licht: 0","184092","3","2","5","08","15","6","0","0","1","1","0","0"
"POINT (11.503723705000027 48.182606051000050)","Unfall 184093 (2018) Kat:3, Licht: 0","184093","3","3","5","08","13","6","1","0","0","1","0","1"
"POINT (11.587380591000056 48.137695896000025)","Unfall 184095 (2018) Kat:3, Licht: 0","184095","3","6","2","08","17","6","0","0","0","1","0","0"
"POINT (11.546280976000048 48.186227085000041)","Unfall 184100 (2018) Kat:2, Licht: 0","184100","2","2","4","08","08","6","1","0","1","1","0","0"
"POINT (11.588890489000050 48.128036913000074)","Unfall 184101 (2018) Kat:3, Licht: 0","184101","3","7","0","08","13","6","1","0","0","0","0","1"
"POINT (11.421498032000045 48.147490607000066)","Unfall 184103 (2018) Kat:3, Licht: 0","184103","3","2","5","08","19","6","0","0","0","1","0","0"
"POINT (11.609258412000031 48.150998780000066)","Unfall 184109 (2018) Kat:3, Licht: 0","184109","3","2","6","08","10","6","1","0","0","1","1","0"
"POINT (11.534334118000061 48.192747889000032)","Unfall 184172 (2018) Kat:3, Licht: 0","184172","3","3","5","08","08","3","0","0","1","1","0","0"
"POINT (11.665411745000029 48.124468564000040)","Unfall 184174 (2018) Kat:3, Licht: 0","184174","3","1","0","08","16","3","0","0","1","0","0","0"
"POINT (11.452358577000041 48.162265236000053)","Unfall 184176 (2018) Kat:3, Licht: 0","184176","3","3","5","08","08","3","0","0","1","1","0","0"
"POINT (11.559300147000044 48.141510687000050)","Unfall 184178 (2018) Kat:3, Licht: 0","184178","3","4","6","08","17","3","1","0","1","0","1","0"
"POINT (11.572868895000056 48.184546810000029)","Unfall 184179 (2018) Kat:3, Licht: 0","184179","3","2","5","08","15","3","0","0","1","1","0","0"
"POINT (11.527752474000067 48.166198991000044)","Unfall 184181 (2018) Kat:3, Licht: 0","184181","3","1","0","08","08","3","0","0","1","0","0","0"
"POINT (11.449543116000029 48.181053853000037)","Unfall 184184 (2018) Kat:3, Licht: 0","184184","3","7","6","08","20","3","0","0","1","0","1","0"
"POINT (11.563354362000041 48.137404922000030)","Unfall 184186 (2018) Kat:3, Licht: 0","184186","3","7","6","08","12","3","0","0","0","1","1","0"
"POINT (11.579482217000077 48.163961198000038)","Unfall 184188 (2018) Kat:3, Licht: 0","184188","3","3","5","08","18","3","0","0","0","1","0","0"
"POINT (11.575604696000028 48.192334220000077)","Unfall 184189 (2018) Kat:3, Licht: 0","184189","3","3","0","08","09","3","0","0","1","1","0","0"
"POINT (11.565486395000050 48.137913310000044)","Unfall 184198 (2018) Kat:3, Licht: 0","184198","3","3","5","08","17","5","0","0","1","1","0","0"
"POINT (11.608826267000040 48.128347286000064)","Unfall 184200 (2018) Kat:3, Licht: 1","184200","3","1","0","08","20","5","1","1","0","1","0","1"
"POINT (11.543145208000055 48.186317983000038)","Unfall 184204 (2018) Kat:3, Licht: 1","184204","3","4","6","08","20","5","0","1","0","1","1","0"
"POINT (11.605853846000059 48.102739893000034)","Unfall 184206 (2018) Kat:2, Licht: 0","184206","2","7","0","08","18","5","0","0","1","0","0","0"
"POINT (11.592056288000038 48.184015782000074)","Unfall 184208 (2018) Kat:3, Licht: 0","184208","3","4","6","08","15","5","0","0","0","1","1","0"
"POINT (11.574359335000054 48.144863500000042)","Unfall 184210 (2018) Kat:3, Licht: 2","184210","3","7","3","08","20","5","1","2","0","1","0","0"
"POINT (11.621058134000066 48.185865305000050)","Unfall 184212 (2018) Kat:3, Licht: 0","184212","3","7","0","08","08","5","0","0","1","0","1","0"
"POINT (11.536202821000074 48.176297463000026)","Unfall 184215 (2018) Kat:3, Licht: 0","184215","3","1","0","08","18","5","1","0","1","0","0","0"
"POINT (11.432146368000076 48.201158670000041)","Unfall 184216 (2018) Kat:2, Licht: 0","184216","2","3","5","08","09","5","0","0","1","1","0","0"
"POINT (11.566480139000021 48.175717600000041)","Unfall 184218 (2018) Kat:3, Licht: 0","184218","3","2","5","08","20","5","0","0","1","1","0","0"
"POINT (11.502340531000073 48.115984428000047)","Unfall 184220 (2018) Kat:3, Licht: 0","184220","3","6","4","08","15","5","0","0","1","0","0","0"
"POINT (11.699533936000023 48.128702988000043)","Unfall 184223 (2018) Kat:3, Licht: 0","184223","3","3","5","08","16","5","0","0","1","1","0","0"
"POINT (11.655818732000057 48.108986863000041)","Unfall 184225 (2018) Kat:3, Licht: 0","184225","3","1","9","08","19","5","0","0","0","0","0","1"
"POINT (11.582853260000036 48.106968092000045)","Unfall 184226 (2018) Kat:3, Licht: 0","184226","3","2","5","08","16","5","0","0","1","1","0","0"
"POINT (11.555993893000050 48.140521948000071)","Unfall 184228 (2018) Kat:3, Licht: 0","184228","3","6","3","08","08","5","0","0","1","0","0","0"
"POINT (11.587377541000023 48.164397621000035)","Unfall 184230 (2018) Kat:3, Licht: 0","184230","3","7","5","08","11","5","0","0","1","1","0","0"
"POINT (11.571338885000046 48.150444817000050)","Unfall 184231 (2018) Kat:3, Licht: 0","184231","3","7","5","08","16","5","0","0","1","0","0","0"
"POINT (11.581763795000029 48.138755224000079)","Unfall 184233 (2018) Kat:3, Licht: 0","184233","3","2","5","08","19","5","1","0","1","1","0","0"
"POINT (11.565852870000072 48.133164509000039)","Unfall 184235 (2018) Kat:3, Licht: 0","184235","3","1","0","08","08","5","0","0","1","0","0","0"
"POINT (11.631499492000046 48.130174814000043)","Unfall 184324 (2018) Kat:3, Licht: 0","184324","3","6","1","08","17","4","0","0","0","1","0","0"
"POINT (11.614621198000066 48.136783738000076)","Unfall 184326 (2018) Kat:3, Licht: 0","184326","3","3","5","08","17","4","0","0","1","1","0","0"
"POINT (11.585919929000056 48.167307056000027)","Unfall 184327 (2018) Kat:2, Licht: 0","184327","2","6","3","08","18","2","0","0","1","0","0","0"
"POINT (11.531396891000043 48.146995214000071)","Unfall 184373 (2018) Kat:3, Licht: 0","184373","3","2","2","08","18","1","0","0","0","1","0","0"
"POINT (11.676327446000073 48.125855523000041)","Unfall 184374 (2018) Kat:3, Licht: 2","184374","3","1","8","08","21","1","0","2","0","1","0","0"
"POINT (11.605187570000055 48.121658979000074)","Unfall 184376 (2018) Kat:3, Licht: 1","184376","3","5","1","08","05","1","0","1","0","1","0","1"
"POINT (11.502344406000077 48.120172200000070)","Unfall 184379 (2018) Kat:3, Licht: 0","184379","3","2","3","08","15","1","0","0","1","1","0","0"
"POINT (11.555874728000049 48.136726126000042)","Unfall 184407 (2018) Kat:3, Licht: 0","184407","3","5","0","08","14","3","0","0","1","1","0","0"
"POINT (11.563821273000030 48.170636605000027)","Unfall 184410 (2018) Kat:2, Licht: 0","184410","2","4","6","08","12","3","0","0","1","0","1","0"
"POINT (11.510623351000049 48.169835422000062)","Unfall 184412 (2018) Kat:3, Licht: 0","184412","3","6","0","08","16","3","0","0","0","0","0","0"
"POINT (11.507288869000035 48.180239688000029)","Unfall 184414 (2018) Kat:3, Licht: 0","184414","3","4","6","08","12","3","0","0","0","1","1","0"
"POINT (11.645548630000064 48.169400607000057)","Unfall 184417 (2018) Kat:3, Licht: 0","184417","3","7","0","08","17","3","0","0","1","0","0","0"
"POINT (11.573532300000068 48.140132582000035)","Unfall 184421 (2018) Kat:3, Licht: 0","184421","3","7","0","08","14","3","0","0","1","0","0","0"
"POINT (11.574484675000065 48.143225776000065)","Unfall 184423 (2018) Kat:3, Licht: 0","184423","3","6","0","08","13","3","0","0","0","1","0","1"
"POINT (11.505362326000068 48.090503543000068)","Unfall 184425 (2018) Kat:3, Licht: 0","184425","3","7","0","08","07","3","0","0","0","1","0","0"
"POINT (11.593817003000026 48.115016986000057)","Unfall 184426 (2018) Kat:3, Licht: 0","184426","3","2","5","08","10","3","0","0","1","1","0","0"
"POINT (11.563771776000067 48.137404923000076)","Unfall 184428 (2018) Kat:3, Licht: 0","184428","3","4","6","08","11","3","0","0","1","0","1","0"
"POINT (11.498714934000077 48.141879940000081)","Unfall 184431 (2018) Kat:3, Licht: 0","184431","3","2","5","08","12","3","0","0","1","1","0","0"
"POINT (11.541338636000035 48.148964381000042)","Unfall 184435 (2018) Kat:3, Licht: 0","184435","3","5","1","08","08","3","0","0","0","1","0","1"
"POINT (11.541138044000036 48.122091999000077)","Unfall 184436 (2018) Kat:3, Licht: 0","184436","3","4","6","08","08","3","0","0","1","0","1","0"
"POINT (11.511126218000072 48.171181800000056)","Unfall 184486 (2018) Kat:3, Licht: 0","184486","3","2","5","08","17","7","0","0","1","0","0","0"
"POINT (11.445532705000062 48.137673428000028)","Unfall 184487 (2018) Kat:3, Licht: 0","184487","3","3","5","08","08","7","0","0","0","1","0","0"
"POINT (11.553623626000046 48.139114609000046)","Unfall 184489 (2018) Kat:3, Licht: 0","184489","3","2","5","08","17","7","0","0","0","1","0","0"
"POINT (11.562731695000025 48.158705874000077)","Unfall 184491 (2018) Kat:3, Licht: 1","184491","3","2","5","08","20","7","0","1","1","1","0","0"
"POINT (11.576719745000048 48.166877583000030)","Unfall 184496 (2018) Kat:3, Licht: 0","184496","3","5","1","08","14","7","0","0","0","1","0","0"
"POINT (11.601726374000066 48.151453563000075)","Unfall 184499 (2018) Kat:3, Licht: 2","184499","3","1","0","08","20","7","0","2","1","0","0","0"
"POINT (11.575436702000047 48.158992506000061)","Unfall 184524 (2018) Kat:3, Licht: 0","184524","3","7","6","08","13","2","0","0","0","1","0","0"
"POINT (11.572633533000044 48.154749615000071)","Unfall 184525 (2018) Kat:3, Licht: 2","184525","3","3","5","08","21","2","0","2","1","1","0","0"
"POINT (11.562248191000037 48.121090030000062)","Unfall 184527 (2018) Kat:3, Licht: 0","184527","3","6","2","08","18","2","1","0","0","1","0","0"
"POINT (11.570254283000054 48.134096914000054)","Unfall 184530 (2018) Kat:3, Licht: 0","184530","3","3","5","08","14","2","0","0","1","1","0","0"
"POINT (11.526980616000060 48.126317076000078)","Unfall 184534 (2018) Kat:3, Licht: 0","184534","3","3","5","08","08","2","0","0","1","0","0","1"
"POINT (11.461752261000072 48.140334784000061)","Unfall 184537 (2018) Kat:3, Licht: 2","184537","3","3","5","08","21","2","1","2","0","1","0","0"
"POINT (11.503127387000063 48.138562862000072)","Unfall 184539 (2018) Kat:3, Licht: 0","184539","3","6","1","08","17","2","1","0","0","1","0","0"
"POINT (11.685762879000038 48.120887294000056)","Unfall 184543 (2018) Kat:3, Licht: 1","184543","3","7","6","08","17","2","1","1","1","0","1","0"
"POINT (11.609175886000060 48.204783889000055)","Unfall 184545 (2018) Kat:2, Licht: 2","184545","2","6","4","08","22","2","0","2","1","0","0","0"
"POINT (11.562741011000071 48.158735152000077)","Unfall 184546 (2018) Kat:3, Licht: 0","184546","3","7","1","08","11","2","0","0","1","1","0","0"
"POINT (11.534563712000022 48.121388165000042)","Unfall 184588 (2018) Kat:3, Licht: 0","184588","3","7","5","08","20","6","0","0","1","0","0","0"
"POINT (11.523696453000071 48.099304965000044)","Unfall 184589 (2018) Kat:3, Licht: 0","184589","3","3","5","08","10","6","0","0","0","1","0","0"
"POINT (11.528241423000054 48.130421842000032)","Unfall 184590 (2018) Kat:3, Licht: 0","184590","3","3","5","08","14","6","0","0","0","1","0","0"
"POINT (11.567449322000073 48.187327873000072)","Unfall 184591 (2018) Kat:3, Licht: 0","184591","3","6","2","08","17","6","0","0","0","1","0","0"
"POINT (11.570324354000036 48.130880430000047)","Unfall 184592 (2018) Kat:3, Licht: 0","184592","3","1","0","08","08","6","0","0","1","0","0","0"
"POINT (11.564110676000041 48.121362186000056)","Unfall 184593 (2018) Kat:3, Licht: 0","184593","3","1","0","08","19","6","0","0","1","0","0","0"
"POINT (11.660398000000043 48.133176225000057)","Unfall 184594 (2018) Kat:3, Licht: 0","184594","3","4","6","08","13","6","0","0","0","1","1","0"
"POINT (11.564026359000025 48.146155140000076)","Unfall 184595 (2018) Kat:2, Licht: 0","184595","2","2","3","08","16","6","0","0","1","0","0","0"
"POINT (11.544360150000045 48.199036736000039)","Unfall 184597 (2018) Kat:3, Licht: 0","184597","3","7","0","08","09","6","0","0","1","0","0","0"
"POINT (11.607743119000077 48.140573317000076)","Unfall 184600 (2018) Kat:3, Licht: 0","184600","3","4","6","08","17","6","0","0","1","0","1","0"
"POINT (11.549754909000058 48.137631124000052)","Unfall 184602 (2018) Kat:3, Licht: 0","184602","3","2","4","08","10","6","0","0","0","1","0","0"
"POINT (11.548481458000026 48.141669506000028)","Unfall 184605 (2018) Kat:3, Licht: 0","184605","3","1","0","08","09","6","0","0","1","0","0","0"
"POINT (11.512750208000057 48.180263165000042)","Unfall 184674 (2018) Kat:3, Licht: 0","184674","3","6","2","08","13","1","0","0","0","1","0","0"
"POINT (11.571368230000076 48.088338060000069)","Unfall 184677 (2018) Kat:3, Licht: 2","184677","3","1","0","08","22","1","0","2","1","0","0","0"
"POINT (11.571517906000054 48.088380935000032)","Unfall 184679 (2018) Kat:3, Licht: 2","184679","3","1","0","08","22","1","0","2","1","0","0","0"
"POINT (11.432027012000049 48.198788056000069)","Unfall 184681 (2018) Kat:3, Licht: 0","184681","3","1","0","08","18","1","0","0","0","0","0","1"
"POINT (11.502029860000050 48.105347785000049)","Unfall 184682 (2018) Kat:3, Licht: 0","184682","3","7","8","08","17","1","0","0","0","1","0","0"
"POINT (11.409703833000037 48.156293610000034)","Unfall 184685 (2018) Kat:2, Licht: 0","184685","2","7","0","08","11","1","0","0","1","0","0","0"
"POINT (11.517541533000042 48.217088372000035)","Unfall 184686 (2018) Kat:3, Licht: 1","184686","3","6","2","08","20","1","0","1","0","1","0","0"
"POINT (11.520261140000059 48.150066273000050)","Unfall 184688 (2018) Kat:2, Licht: 2","184688","2","7","9","08","03","1","0","2","1","0","0","0"
"POINT (11.569734510000046 48.144617540000070)","Unfall 184702 (2018) Kat:3, Licht: 0","184702","3","3","5","08","18","5","0","0","1","1","0","0"
"POINT (11.644669438000051 48.165231196000036)","Unfall 184703 (2018) Kat:3, Licht: 0","184703","3","7","4","08","12","5","0","0","0","1","0","0"
"POINT (11.600789845000065 48.153399186000058)","Unfall 184705 (2018) Kat:3, Licht: 0","184705","3","6","3","08","14","5","0","0","0","1","0","0"
"POINT (11.529195309000045 48.182049008000035)","Unfall 184706 (2018) Kat:3, Licht: 0","184706","3","6","2","08","14","5","0","0","0","1","0","0"
"POINT (11.564663347000021 48.165778426000031)","Unfall 184708 (2018) Kat:3, Licht: 0","184708","3","6","3","08","19","5","0","0","1","0","0","0"
"POINT (11.583489401000065 48.118937762000030)","Unfall 184711 (2018) Kat:3, Licht: 0","184711","3","2","3","08","14","5","0","0","0","1","0","0"
"POINT (11.539951187000042 48.145467995000047)","Unfall 184713 (2018) Kat:2, Licht: 2","184713","2","6","4","08","22","5","0","2","1","0","0","0"
"POINT (11.647662033000074 48.148671598000078)","Unfall 184715 (2018) Kat:3, Licht: 0","184715","3","1","0","08","16","5","0","0","1","0","0","0"
"POINT (11.591366665000066 48.117385339000066)","Unfall 184716 (2018) Kat:3, Licht: 0","184716","3","3","5","08","16","5","0","0","1","1","0","0"
"POINT (11.577143983000042 48.113044590000072)","Unfall 184768 (2018) Kat:3, Licht: 0","184768","3","2","1","08","19","7","0","0","1","1","0","0"
"POINT (11.577286416000049 48.134417937000080)","Unfall 184770 (2018) Kat:3, Licht: 0","184770","3","5","6","08","11","7","0","0","0","1","1","0"
"POINT (11.599837797000077 48.166170698000030)","Unfall 184772 (2018) Kat:3, Licht: 2","184772","3","7","3","08","01","7","0","2","1","0","0","0"
"POINT (11.521842318000040 48.136088814000061)","Unfall 184774 (2018) Kat:3, Licht: 2","184774","3","1","1","08","03","7","0","2","1","1","0","0"
"POINT (11.540428160000033 48.118360549000045)","Unfall 184776 (2018) Kat:3, Licht: 0","184776","3","7","0","08","18","7","0","0","0","0","0","1"
"POINT (11.614637747000074 48.138091898000027)","Unfall 184779 (2018) Kat:3, Licht: 0","184779","3","2","4","08","18","7","0","0","1","1","0","0"
"POINT (11.617777723000074 48.148894289000054)","Unfall 184809 (2018) Kat:3, Licht: 0","184809","3","6","3","08","17","4","0","0","0","1","0","0"
"POINT (11.607375998000066 48.139054490000035)","Unfall 184812 (2018) Kat:3, Licht: 0","184812","3","6","3","08","13","4","0","0","0","0","0","1"
"POINT (11.502754057000061 48.121428948000073)","Unfall 184814 (2018) Kat:3, Licht: 0","184814","3","1","0","08","18","4","0","0","1","0","0","0"
"POINT (11.668616307000036 48.087714481000035)","Unfall 184900 (2018) Kat:3, Licht: 0","184900","3","7","1","08","13","3","0","0","1","1","0","0"
"POINT (11.582062248000057 48.163805697000043)","Unfall 184901 (2018) Kat:3, Licht: 0","184901","3","3","5","08","17","3","0","0","0","1","0","0"
"POINT (11.654309895000040 48.091462813000078)","Unfall 184903 (2018) Kat:2, Licht: 0","184903","2","2","4","08","12","3","0","0","0","1","0","1"
"POINT (11.571787387000029 48.158109195000065)","Unfall 184906 (2018) Kat:3, Licht: 0","184906","3","1","0","08","18","3","0","0","1","0","0","0"
"POINT (11.565781164000043 48.187915785000030)","Unfall 184908 (2018) Kat:3, Licht: 0","184908","3","2","5","08","17","3","0","0","1","1","0","0"
"POINT (11.582617610000057 48.153365962000066)","Unfall 184909 (2018) Kat:3, Licht: 0","184909","3","6","2","08","19","3","0","0","0","1","0","1"
"POINT (11.460051061000058 48.146676141000057)","Unfall 184911 (2018) Kat:3, Licht: 0","184911","3","7","1","08","08","3","0","0","1","1","0","0"
"POINT (11.634169091000047 48.130254921000073)","Unfall 184915 (2018) Kat:2, Licht: 0","184915","2","3","5","08","08","3","0","0","1","0","0","0"
"POINT (11.588616585000068 48.131794403000072)","Unfall 184917 (2018) Kat:3, Licht: 0","184917","3","2","5","08","19","3","0","0","1","0","0","1"
"POINT (11.585006875000033 48.177209134000066)","Unfall 184920 (2018) Kat:2, Licht: 2","184920","2","1","0","08","23","3","0","2","1","0","0","0"
"POINT (11.591666151000027 48.165866773000062)","Unfall 184922 (2018) Kat:3, Licht: 0","184922","3","4","6","08","10","3","0","0","0","1","1","0"
"POINT (11.574601352000059 48.163268726000069)","Unfall 184923 (2018) Kat:3, Licht: 0","184923","3","6","2","08","10","3","0","0","0","1","0","0"
"POINT (11.565606509000077 48.148284870000055)","Unfall 184925 (2018) Kat:3, Licht: 0","184925","3","5","3","08","10","3","0","0","0","1","0","1"
"POINT (11.555794987000070 48.130000633000066)","Unfall 184929 (2018) Kat:3, Licht: 0","184929","3","3","5","08","17","5","0","0","0","1","0","1"
"POINT (11.627681095000071 48.144278681000060)","Unfall 184930 (2018) Kat:3, Licht: 0","184930","3","6","2","08","14","5","0","0","0","1","0","0"
"POINT (11.409826927000040 48.136804522000034)","Unfall 184931 (2018) Kat:3, Licht: 0","184931","3","4","6","08","18","5","0","0","0","1","1","0"
"POINT (11.563223188000052 48.181476448000069)","Unfall 184932 (2018) Kat:3, Licht: 2","184932","3","7","5","08","05","5","0","2","0","1","0","0"
"POINT (11.555966285000068 48.137482265000074)","Unfall 184934 (2018) Kat:3, Licht: 0","184934","3","7","0","08","08","5","0","0","0","0","0","1"
"POINT (11.489372114000048 48.129974591000064)","Unfall 184937 (2018) Kat:3, Licht: 0","184937","3","4","6","08","12","5","0","0","1","0","1","0"
"POINT (11.566950268000028 48.181049748000078)","Unfall 184941 (2018) Kat:3, Licht: 0","184941","3","6","2","08","17","5","0","0","0","1","0","1"
"POINT (11.531554890000052 48.153384747000075)","Unfall 184944 (2018) Kat:2, Licht: 2","184944","2","5","1","08","22","5","0","2","1","1","0","0"
"POINT (11.615938547000042 48.138122897000073)","Unfall 184948 (2018) Kat:3, Licht: 0","184948","3","3","5","08","12","5","0","0","0","1","0","1"
"POINT (11.573553359000073 48.170254344000057)","Unfall 184950 (2018) Kat:3, Licht: 0","184950","3","2","6","08","18","5","0","0","1","0","1","0"
"POINT (11.577808716000050 48.113533073000042)","Unfall 185049 (2018) Kat:3, Licht: 0","185049","3","1","7","08","18","4","0","0","1","0","0","0"
"POINT (11.560474944000077 48.152364243000079)","Unfall 185050 (2018) Kat:3, Licht: 0","185050","3","7","0","08","17","2","0","0","1","0","0","0"
"POINT (11.557192848000057 48.125463884000055)","Unfall 185051 (2018) Kat:3, Licht: 0","185051","3","5","1","08","11","4","0","0","1","0","0","0"
"POINT (11.571917584000062 48.151415906000068)","Unfall 185052 (2018) Kat:3, Licht: 0","185052","3","5","1","08","18","4","0","0","1","1","0","0"
"POINT (11.558477008000068 48.132888878000074)","Unfall 185053 (2018) Kat:3, Licht: 2","185053","3","7","5","08","00","2","0","2","0","1","0","0"
"POINT (11.541466488000026 48.139645453000071)","Unfall 185054 (2018) Kat:3, Licht: 0","185054","3","3","5","08","19","4","0","0","1","1","0","0"
"POINT (11.568702880000046 48.157277833000080)","Unfall 185055 (2018) Kat:3, Licht: 2","185055","3","6","3","08","21","2","0","2","1","1","0","0"
"POINT (11.490054231000045 48.144336885000030)","Unfall 185057 (2018) Kat:3, Licht: 0","185057","3","7","0","08","16","4","0","0","1","0","0","0"
"POINT (11.669227463000027 48.139825582000071)","Unfall 185058 (2018) Kat:3, Licht: 0","185058","3","2","4","08","07","2","0","0","0","1","0","0"
"POINT (11.540944488000036 48.148555754000029)","Unfall 185059 (2018) Kat:3, Licht: 0","185059","3","4","6","08","13","4","0","0","0","1","1","0"
"POINT (11.478676465000035 48.129236233000029)","Unfall 185060 (2018) Kat:3, Licht: 0","185060","3","7","4","08","14","2","0","0","1","0","0","0"
"POINT (11.574781973000029 48.137242404000062)","Unfall 185062 (2018) Kat:3, Licht: 0","185062","3","7","6","08","17","2","0","0","0","1","1","0"
"POINT (11.596144151000033 48.107283262000067)","Unfall 185063 (2018) Kat:1, Licht: 0","185063","1","4","6","08","11","2","0","0","0","1","1","0"