WKT,Name,OBJECTID,UKATEGORIE,UTYP1,UART,UMONAT,USTUNDE,UWOCHENTAG,STRZUSTAND,ULICHTVERH,ISTRAD,ISTPKW,ISTFUSS,ISTKRAD
"POINT (11.558187472000043 48.186436719000028)","Unfall 185064 (2018) Kat:3, Licht: 0","185064","3","3","5","08","17","4","0","0","1","1","0","0"
"POINT (11.578639263000071 48.166839150000044)","Unfall 185065 (2018) Kat:3, Licht: 0","185065","3","2","5","08","18","2","0","0","1","1","0","0"
"POINT (11.526167347000069 48.131796679000047)","Unfall 185066 (2018) Kat:3, Licht: 0","185066","3","4","6","08","07","4","0","0","1","0","1","0"
"POINT (11.576256150000063 48.133197354000060)","Unfall 185067 (2018) Kat:3, Licht: 0","185067","3","3","5","08","11","2","0","0","1","1","0","0"
"POINT (11.579385219000073 48.106467296000062)","Unfall 185068 (2018) Kat:3, Licht: 2","185068","3","3","5","08","21","4","0","2","1","0","0","0"
"POINT (11.563322460000052 48.208804429000054)","Unfall 185069 (2018) Kat:3, Licht: 0","185069","3","6","1","08","15","2","0","0","0","0","0","1"
"POINT (11.607321480000053 48.127324382000040)","Unfall 185070 (2018) Kat:3, Licht: 0","185070","3","7","0","08","15","4","1","0","1","1","0","0"
"POINT (11.597794285000077 48.128516134000051)","Unfall 185071 (2018) Kat:3, Licht: 0","185071","3","5","1","08","13","2","0","0","1","1","0","0"
"POINT (11.597613747000025 48.120154582000055)","Unfall 185072 (2018) Kat:3, Licht: 0","185072","3","2","3","08","17","4","0","0","0","1","0","1"
"POINT (11.533806306000031 48.133212554000067)","Unfall 185073 (2018) Kat:3, Licht: 0","185073","3","4","6","08","09","4","0","0","0","1","1","0"
"POINT (11.563610833000041 48.159746977000054)","Unfall 185075 (2018) Kat:3, Licht: 0","185075","3","5","2","08","12","4","0","0","0","1","0","1"
"POINT (11.578938975000028 48.145310377000044)","Unfall 185155 (2018) Kat:3, Licht: 0","185155","3","3","5","08","12","3","0","0","0","1","0","1"
"POINT (11.577434027000038 48.163715694000075)","Unfall 185157 (2018) Kat:3, Licht: 0","185157","3","3","5","08","18","3","0","0","0","1","0","1"
"POINT (11.558124759000066 48.206973357000038)","Unfall 185158 (2018) Kat:3, Licht: 0","185158","3","3","5","08","16","1","0","0","0","1","0","0"
"POINT (11.527975283000046 48.137280182000040)","Unfall 185159 (2018) Kat:3, Licht: 0","185159","3","3","5","08","08","3","0","0","1","1","0","0"
"POINT (11.536319794000065 48.176385491000076)","Unfall 185160 (2018) Kat:3, Licht: 0","185160","3","2","4","08","09","1","0","0","0","1","0","0"
"POINT (11.479514016000053 48.125615653000068)","Unfall 185161 (2018) Kat:3, Licht: 0","185161","3","6","1","08","16","1","0","0","0","1","0","0"
"POINT (11.675005824000039 48.112150999000050)","Unfall 185162 (2018) Kat:3, Licht: 0","185162","3","3","5","08","18","3","0","0","1","1","0","0"
"POINT (11.492721769000070 48.194423370000038)","Unfall 185164 (2018) Kat:3, Licht: 2","185164","3","6","2","08","20","3","0","2","0","1","0","0"
"POINT (11.547260840000035 48.159467691000032)","Unfall 185165 (2018) Kat:3, Licht: 0","185165","3","6","2","08","09","3","0","0","1","0","0","0"
"POINT (11.598539054000071 48.141112610000050)","Unfall 185166 (2018) Kat:3, Licht: 0","185166","3","3","5","08","17","3","0","0","0","1","0","1"
"POINT (11.477579288000072 48.111008551000054)","Unfall 185169 (2018) Kat:3, Licht: 0","185169","3","5","1","08","11","3","0","0","1","1","0","0"
"POINT (11.680115257000068 48.116155830000025)","Unfall 185172 (2018) Kat:3, Licht: 0","185172","3","6","4","08","14","3","0","0","1","0","0","0"
"POINT (11.579895750000048 48.115485699000033)","Unfall 185174 (2018) Kat:3, Licht: 0","185174","3","7","0","08","13","3","0","0","0","0","1","0"
"POINT (11.574318734000030 48.105903882000064)","Unfall 185175 (2018) Kat:3, Licht: 0","185175","3","1","0","08","17","3","0","0","1","0","0","0"
"POINT (11.561286239000026 48.140606338000055)","Unfall 185177 (2018) Kat:3, Licht: 0","185177","3","3","5","08","12","3","0","0","1","1","0","0"
"POINT (11.573691729000075 48.129743372000064)","Unfall 185178 (2018) Kat:3, Licht: 0","185178","3","5","1","08","19","3","0","0","1","1","0","0"
"POINT (11.584940918000029 48.158284132000063)","Unfall 185179 (2018) Kat:3, Licht: 0","185179","3","4","6","08","13","3","0","0","0","1","1","0"
"POINT (11.524685076000026 48.117157252000027)","Unfall 185226 (2018) Kat:3, Licht: 2","185226","3","1","0","08","21","7","1","2","0","1","0","1"
"POINT (11.625958776000061 48.216259056000069)","Unfall 185228 (2018) Kat:3, Licht: 2","185228","3","6","2","08","00","7","0","2","0","1","0","0"
"POINT (11.459569200000033 48.151558959000056)","Unfall 185229 (2018) Kat:3, Licht: 0","185229","3","3","5","08","15","7","1","0","1","1","0","0"
"POINT (11.527737192000075 48.147764885000072)","Unfall 185230 (2018) Kat:3, Licht: 0","185230","3","2","3","08","18","7","1","0","0","1","0","0"
"POINT (11.540521984000065 48.119862294000029)","Unfall 185232 (2018) Kat:3, Licht: 0","185232","3","2","4","08","15","7","1","0","1","1","0","0"
"POINT (11.591886761000069 48.115024013000038)","Unfall 185280 (2018) Kat:3, Licht: 0","185280","3","5","0","08","12","2","0","0","1","0","0","0"
"POINT (11.554700097000023 48.125128835000055)","Unfall 185282 (2018) Kat:3, Licht: 0","185282","3","5","1","08","11","2","0","0","1","1","0","0"
"POINT (11.651682825000023 48.104670458000044)","Unfall 185284 (2018) Kat:3, Licht: 0","185284","3","3","5","08","18","2","0","0","1","1","0","0"
"POINT (11.465278746000024 48.146144595000067)","Unfall 185285 (2018) Kat:3, Licht: 0","185285","3","2","5","08","07","2","0","0","0","1","0","0"
"POINT (11.600026796000066 48.140723057000059)","Unfall 185289 (2018) Kat:3, Licht: 0","185289","3","2","4","08","11","2","0","0","0","1","0","0"
"POINT (11.594508397000027 48.128217894000045)","Unfall 185292 (2018) Kat:3, Licht: 0","185292","3","5","1","08","06","2","0","0","1","1","0","0"
"POINT (11.573355512000035 48.146257147000028)","Unfall 185294 (2018) Kat:3, Licht: 0","185294","3","1","9","08","14","2","0","0","0","0","0","1"
"POINT (11.558143981000057 48.150346048000074)","Unfall 185295 (2018) Kat:2, Licht: 0","185295","2","4","6","08","16","2","0","0","1","0","1","0"
"POINT (11.534765521000054 48.120439711000074)","Unfall 185297 (2018) Kat:3, Licht: 0","185297","3","3","5","08","14","2","0","0","1","0","0","0"
"POINT (11.573872754000035 48.120085395000046)","Unfall 185301 (2018) Kat:3, Licht: 0","185301","3","4","6","08","16","2","0","0","0","0","1","0"
"POINT (11.460583342000064 48.164760334000050)","Unfall 185303 (2018) Kat:3, Licht: 0","185303","3","3","5","08","09","2","0","0","0","1","0","1"
"POINT (11.424554726000054 48.141524524000033)","Unfall 185305 (2018) Kat:3, Licht: 0","185305","3","7","0","08","08","6","0","0","1","0","0","0"
"POINT (11.639908715000047 48.107380043000035)","Unfall 185306 (2018) Kat:2, Licht: 0","185306","2","4","6","08","15","2","0","0","0","1","1","0"
"POINT (11.549721673000022 48.125119667000035)","Unfall 185307 (2018) Kat:3, Licht: 0","185307","3","2","0","08","14","6","1","0","0","1","0","1"
"POINT (11.587113155000054 48.123251318000030)","Unfall 185308 (2018) Kat:2, Licht: 0","185308","2","3","5","08","15","2","0","0","1","1","0","0"
"POINT (11.643331902000057 48.169330749000039)","Unfall 185309 (2018) Kat:3, Licht: 0","185309","3","3","5","08","09","2","0","0","1","1","0","0"
"POINT (11.604589878000070 48.105743438000047)","Unfall 185310 (2018) Kat:3, Licht: 0","185310","3","2","5","08","16","6","1","0","0","1","0","0"
"POINT (11.536871767000036 48.133882273000040)","Unfall 185312 (2018) Kat:3, Licht: 0","185312","3","3","5","08","14","2","0","0","0","1","0","0"
"POINT (11.501341077000063 48.080243075000055)","Unfall 185313 (2018) Kat:3, Licht: 0","185313","3","3","5","08","16","6","0","0","0","1","0","1"
"POINT (11.593431685000041 48.142073130000028)","Unfall 185315 (2018) Kat:3, Licht: 0","185315","3","4","6","08","14","6","0","0","0","0","1","1"
"POINT (11.586323764000042 48.163146161000043)","Unfall 185316 (2018) Kat:3, Licht: 2","185316","3","1","0","08","21","6","1","2","0","0","0","1"
"POINT (11.519479065000041 48.143529525000076)","Unfall 185319 (2018) Kat:3, Licht: 0","185319","3","7","3","08","17","6","1","0","0","1","0","1"
"POINT (11.571420446000047 48.121097111000040)","Unfall 185321 (2018) Kat:3, Licht: 0","185321","3","6","0","08","12","6","1","0","0","1","0","1"
"POINT (11.623201519000077 48.130467954000039)","Unfall 185324 (2018) Kat:3, Licht: 0","185324","3","7","6","08","17","6","1","0","1","0","1","0"
"POINT (11.475925256000039 48.108597807000081)","Unfall 185327 (2018) Kat:3, Licht: 2","185327","3","2","0","08","22","6","1","2","0","0","0","1"
"POINT (11.572624299000040 48.178061062000040)","Unfall 185329 (2018) Kat:3, Licht: 2","185329","3","2","5","08","21","6","1","2","1","1","0","0"
"POINT (11.484668391000071 48.183347229000049)","Unfall 185332 (2018) Kat:3, Licht: 0","185332","3","7","0","08","11","6","1","0","1","0","0","0"
"POINT (11.468841376000057 48.183893436000062)","Unfall 185335 (2018) Kat:3, Licht: 0","185335","3","4","6","08","17","6","1","0","1","1","1","0"
"POINT (11.560369378000075 48.186626121000074)","Unfall 185338 (2018) Kat:3, Licht: 0","185338","3","1","0","08","11","6","1","0","0","0","0","1"
"POINT (11.558765279000056 48.147582117000070)","Unfall 185340 (2018) Kat:3, Licht: 0","185340","3","3","5","08","08","6","0","0","1","1","0","0"
"POINT (11.575732215000073 48.120040371000073)","Unfall 185412 (2018) Kat:3, Licht: 0","185412","3","6","0","09","09","2","0","0","1","1","0","0"
"POINT (11.658170455000061 48.126816649000034)","Unfall 185413 (2018) Kat:3, Licht: 2","185413","3","3","5","09","20","2","0","2","0","1","0","0"
"POINT (11.595533634000049 48.108390733000078)","Unfall 185420 (2018) Kat:3, Licht: 0","185420","3","3","5","09","13","2","0","0","0","1","0","0"
"POINT (11.585072611000044 48.132455702000073)","Unfall 185422 (2018) Kat:3, Licht: 0","185422","3","2","0","09","19","2","0","0","1","1","0","0"
"POINT (11.422497577000058 48.147673096000062)","Unfall 185423 (2018) Kat:3, Licht: 0","185423","3","7","0","09","11","2","0","0","0","1","0","0"
"POINT (11.553733055000066 48.160686156000054)","Unfall 185425 (2018) Kat:3, Licht: 0","185425","3","3","0","09","18","2","0","0","1","1","0","0"
"POINT (11.525933221000059 48.077758160000030)","Unfall 185428 (2018) Kat:3, Licht: 0","185428","3","2","5","09","09","2","0","0","1","1","0","0"
"POINT (11.568417095000029 48.133344328000078)","Unfall 185432 (2018) Kat:3, Licht: 0","185432","3","1","0","09","17","2","0","0","1","0","0","0"
"POINT (11.566418311000064 48.123553704000074)","Unfall 185473 (2018) Kat:3, Licht: 0","185473","3","6","2","08","15","5","1","0","0","1","0","0"
"POINT (11.542902248000075 48.214874340000051)","Unfall 185476 (2018) Kat:3, Licht: 0","185476","3","3","5","08","15","5","0","0","1","1","0","0"
"POINT (11.549276128000031 48.170042006000074)","Unfall 185478 (2018) Kat:2, Licht: 0","185478","2","6","4","08","14","5","1","0","1","0","0","0"
"POINT (11.602695364000056 48.113505447000080)","Unfall 185479 (2018) Kat:2, Licht: 2","185479","2","5","1","08","06","5","1","2","0","1","0","1"
"POINT (11.547633063000035 48.159668855000064)","Unfall 185533 (2018) Kat:3, Licht: 0","185533","3","7","1","09","09","1","1","0","0","1","0","0"
"POINT (11.602500155000030 48.135721804000070)","Unfall 185536 (2018) Kat:2, Licht: 1","185536","2","2","3","09","20","1","0","1","1","0","0","0"
"POINT (11.537234381000076 48.176376664000031)","Unfall 185537 (2018) Kat:3, Licht: 0","185537","3","6","2","08","15","6","1","0","0","1","0","0"
"POINT (11.418998590000058 48.153239825000071)","Unfall 185539 (2018) Kat:3, Licht: 2","185539","3","2","5","09","01","1","1","2","0","1","0","0"
"POINT (11.539254627000048 48.130904990000033)","Unfall 185546 (2018) Kat:3, Licht: 2","185546","3","1","0","08","01","6","0","2","1","0","0","0"
"POINT (11.535018527000034 48.152312429000062)","Unfall 185552 (2018) Kat:3, Licht: 0","185552","3","2","5","08","16","6","1","0","0","1","0","0"
"POINT (11.467393464000054 48.164182091000043)","Unfall 185563 (2018) Kat:3, Licht: 0","185563","3","3","5","08","19","4","0","0","1","1","0","0"
"POINT (11.544805965000023 48.142865565000079)","Unfall 185569 (2018) Kat:3, Licht: 2","185569","3","7","1","08","21","4","0","2","1","1","0","0"
"POINT (11.508133137000073 48.152914343000077)","Unfall 185572 (2018) Kat:2, Licht: 2","185572","2","4","6","08","21","4","1","2","0","1","1","0"
"POINT (11.506910165000022 48.163650156000074)","Unfall 185574 (2018) Kat:3, Licht: 0","185574","3","2","4","08","06","4","0","0","1","1","0","0"
"POINT (11.502795864000063 48.094457744000067)","Unfall 185577 (2018) Kat:3, Licht: 0","185577","3","3","5","08","11","6","1","0","0","1","0","0"
"POINT (11.589931437000075 48.187992099000041)","Unfall 185578 (2018) Kat:3, Licht: 0","185578","3","6","2","08","08","4","0","0","0","1","0","0"
"POINT (11.560830297000052 48.170738890000052)","Unfall 185580 (2018) Kat:3, Licht: 2","185580","3","5","0","08","20","4","0","2","1","1","0","0"
"POINT (11.505528843000036 48.160312133000048)","Unfall 185583 (2018) Kat:3, Licht: 0","185583","3","3","5","08","13","4","0","0","1","0","0","0"
"POINT (11.582039185000042 48.113302623000038)","Unfall 185585 (2018) Kat:3, Licht: 0","185585","3","3","5","09","14","7","1","0","0","1","0","0"
"POINT (11.536678102000053 48.153732080000054)","Unfall 185586 (2018) Kat:3, Licht: 2","185586","3","1","0","08","22","4","1","2","1","0","0","0"
"POINT (11.556152376000057 48.142070213000068)","Unfall 185587 (2018) Kat:3, Licht: 2","185587","3","2","5","09","04","7","1","2","0","1","0","0"
"POINT (11.582580119000056 48.127851259000067)","Unfall 185590 (2018) Kat:3, Licht: 2","185590","3","1","0","09","23","7","1","2","1","0","0","0"
"POINT (11.639807639000026 48.116940146000047)","Unfall 185591 (2018) Kat:3, Licht: 0","185591","3","2","5","08","14","6","1","0","0","1","0","0"
"POINT (11.547562450000044 48.113374113000077)","Unfall 185592 (2018) Kat:3, Licht: 0","185592","3","5","1","08","15","4","0","0","1","1","0","0"
"POINT (11.538767174000043 48.128472774000045)","Unfall 185593 (2018) Kat:3, Licht: 2","185593","3","2","5","09","00","7","1","2","1","1","0","0"
"POINT (11.553281850000076 48.135836895000068)","Unfall 185594 (2018) Kat:3, Licht: 0","185594","3","7","0","08","08","4","0","0","1","0","1","0"
"POINT (11.534799031000034 48.139937607000036)","Unfall 185595 (2018) Kat:3, Licht: 0","185595","3","6","0","09","15","7","1","0","0","1","0","0"
"POINT (11.586041102000024 48.171473033000041)","Unfall 185596 (2018) Kat:3, Licht: 0","185596","3","6","2","08","19","4","0","0","0","1","0","0"
"POINT (11.594602254000051 48.170606710000072)","Unfall 185597 (2018) Kat:3, Licht: 0","185597","3","6","3","08","16","4","0","0","0","1","0","0"
"POINT (11.513586387000032 48.109679779000032)","Unfall 185598 (2018) Kat:3, Licht: 1","185598","3","3","5","09","19","7","1","1","0","1","0","0"
"POINT (11.546416217000058 48.112013196000078)","Unfall 185599 (2018) Kat:3, Licht: 1","185599","3","3","5","08","19","6","1","1","0","1","0","0"
"POINT (11.564992208000035 48.166339087000040)","Unfall 185600 (2018) Kat:3, Licht: 2","185600","3","2","5","08","22","4","1","2","1","1","0","0"
"POINT (11.563095128000043 48.211074263000057)","Unfall 185659 (2018) Kat:3, Licht: 0","185659","3","3","5","09","11","2","0","0","1","1","0","0"
"POINT (11.578914399000041 48.145207653000057)","Unfall 185661 (2018) Kat:3, Licht: 0","185661","3","2","5","09","13","2","0","0","1","0","0","0"
"POINT (11.599069753000038 48.187212935000048)","Unfall 185662 (2018) Kat:3, Licht: 0","185662","3","6","2","09","08","5","0","0","0","1","0","1"
"POINT (11.568440484000064 48.128910910000059)","Unfall 185664 (2018) Kat:3, Licht: 0","185664","3","1","0","09","08","5","1","0","1","0","0","0"
"POINT (11.582099582000069 48.102745785000081)","Unfall 185679 (2018) Kat:2, Licht: 0","185679","2","4","6","09","15","6","0","0","1","0","1","0"
"POINT (11.542165638000029 48.186247712000068)","Unfall 185691 (2018) Kat:3, Licht: 0","185691","3","6","2","09","15","5","0","0","0","1","0","0"
"POINT (11.583013083000026 48.186849851000034)","Unfall 185697 (2018) Kat:3, Licht: 0","185697","3","3","6","09","08","5","0","0","0","1","1","0"
"POINT (11.569869327000049 48.129698016000077)","Unfall 185699 (2018) Kat:2, Licht: 0","185699","2","6","3","09","09","5","0","0","1","1","0","0"
"POINT (11.633037238000043 48.133338188000039)","Unfall 185703 (2018) Kat:3, Licht: 0","185703","3","1","1","09","18","5","0","0","0","1","0","0"
"POINT (11.461851213000045 48.213998884000034)","Unfall 185710 (2018) Kat:3, Licht: 0","185710","3","6","6","09","10","5","0","0","1","0","1","0"
"POINT (11.527602680000030 48.206086573000050)","Unfall 185714 (2018) Kat:3, Licht: 0","185714","3","1","8","09","10","4","0","0","0","1","0","0"
"POINT (11.617515468000022 48.103765060000057)","Unfall 185716 (2018) Kat:3, Licht: 0","185716","3","3","5","09","14","6","0","0","1","1","0","0"
"POINT (11.584732619000022 48.158213629000045)","Unfall 185717 (2018) Kat:3, Licht: 0","185717","3","1","6","09","18","4","0","0","0","0","1","1"
"POINT (11.521550462000050 48.215359300000046)","Unfall 185718 (2018) Kat:3, Licht: 0","185718","3","7","0","09","17","4","1","0","1","0","0","0"
"POINT (11.511455757000022 48.154260725000029)","Unfall 185719 (2018) Kat:3, Licht: 0","185719","3","2","4","09","18","4","0","0","0","1","0","1"
"POINT (11.466912277000063 48.177562932000058)","Unfall 185721 (2018) Kat:2, Licht: 0","185721","2","6","0","09","18","4","0","0","1","0","0","0"
"POINT (11.556113182000047 48.142141567000067)","Unfall 185723 (2018) Kat:3, Licht: 2","185723","3","3","5","09","05","4","0","2","0","1","0","0"
"POINT (11.585471986000073 48.192434209000055)","Unfall 185724 (2018) Kat:3, Licht: 0","185724","3","6","2","09","14","4","0","0","0","1","0","0"
"POINT (11.548860698000055 48.146185512000045)","Unfall 185725 (2018) Kat:3, Licht: 0","185725","3","6","0","09","14","4","0","0","0","1","0","1"
"POINT (11.526265502000058 48.134417347000067)","Unfall 185726 (2018) Kat:3, Licht: 0","185726","3","3","5","09","17","4","0","0","1","0","1","0"
"POINT (11.555233086000044 48.131341640000073)","Unfall 185727 (2018) Kat:3, Licht: 0","185727","3","3","5","09","17","5","0","0","1","1","0","0"
"POINT (11.520290158000023 48.149994246000063)","Unfall 185729 (2018) Kat:3, Licht: 0","185729","3","2","5","09","06","5","0","0","1","1","0","0"
"POINT (11.638772545000052 48.129826702000059)","Unfall 185732 (2018) Kat:3, Licht: 0","185732","3","7","6","09","11","4","0","0","1","0","1","0"
"POINT (11.559548462000066 48.141389946000061)","Unfall 185735 (2018) Kat:3, Licht: 1","185735","3","4","6","09","21","4","0","1","0","1","1","0"
"POINT (11.589729158000068 48.137245629000063)","Unfall 185742 (2018) Kat:3, Licht: 0","185742","3","2","3","09","08","5","0","0","1","1","0","0"
"POINT (11.503598434000025 48.107510429000058)","Unfall 185793 (2018) Kat:3, Licht: 0","185793","3","7","5","09","13","6","0","0","1","1","0","0"
"POINT (11.523994101000028 48.197689306000029)","Unfall 185805 (2018) Kat:3, Licht: 0","185805","3","3","5","09","16","5","0","0","1","1","0","0"
"POINT (11.657709071000056 48.163905250000028)","Unfall 185820 (2018) Kat:3, Licht: 0","185820","3","3","5","09","10","5","0","0","1","0","0","0"
"POINT (11.474729791000073 48.179443264000042)","Unfall 185838 (2018) Kat:3, Licht: 1","185838","3","3","5","09","06","6","1","1","0","1","0","0"
"POINT (11.588493199000027 48.094844481000052)","Unfall 185843 (2018) Kat:3, Licht: 0","185843","3","6","1","09","09","3","0","0","0","1","0","0"
"POINT (11.529833903000053 48.182325245000072)","Unfall 185844 (2018) Kat:3, Licht: 0","185844","3","6","1","09","12","3","0","0","0","1","0","0"
"POINT (11.498547850000023 48.097631700000079)","Unfall 185845 (2018) Kat:3, Licht: 0","185845","3","3","5","09","13","3","1","0","1","1","0","0"
"POINT (11.608631923000075 48.151349556000071)","Unfall 185848 (2018) Kat:3, Licht: 0","185848","3","6","3","09","18","3","1","0","0","1","0","1"
"POINT (11.507125208000048 48.163834369000028)","Unfall 185850 (2018) Kat:3, Licht: 0","185850","3","2","5","09","17","5","0","0","1","1","0","0"
"POINT (11.564616964000038 48.170665676000056)","Unfall 185851 (2018) Kat:3, Licht: 2","185851","3","3","5","09","20","3","0","2","1","1","0","0"
"POINT (11.564960815000063 48.137419899000065)","Unfall 185853 (2018) Kat:3, Licht: 0","185853","3","4","6","09","11","3","1","0","0","0","1","0"
"POINT (11.511468378000075 48.158319616000028)","Unfall 185856 (2018) Kat:3, Licht: 0","185856","3","2","4","09","14","3","0","0","0","1","0","0"
"POINT (11.458432329000061 48.146984941000028)","Unfall 185859 (2018) Kat:3, Licht: 0","185859","3","2","5","09","18","3","0","0","1","1","0","0"
"POINT (11.663736332000042 48.125271917000077)","Unfall 185860 (2018) Kat:3, Licht: 2","185860","3","7","2","09","05","3","1","2","0","1","0","0"
"POINT (11.606673278000073 48.126920086000041)","Unfall 185883 (2018) Kat:3, Licht: 0","185883","3","5","1","09","18","6","0","0","1","1","0","0"
"POINT (11.619893240000067 48.209358796000060)","Unfall 185884 (2018) Kat:3, Licht: 0","185884","3","6","2","09","09","5","0","0","0","1","0","0"
"POINT (11.579672273000028 48.192589322000060)","Unfall 185887 (2018) Kat:3, Licht: 0","185887","3","2","5","09","12","6","1","0","1","0","0","0"
"POINT (11.558168228000056 48.150266621000071)","Unfall 185890 (2018) Kat:3, Licht: 0","185890","3","2","5","09","08","2","0","0","1","1","0","0"
"POINT (11.505279283000050 48.161119295000049)","Unfall 185895 (2018) Kat:3, Licht: 0","185895","3","5","1","09","18","5","0","0","1","1","0","0"
"POINT (11.594608001000040 48.141821191000076)","Unfall 185899 (2018) Kat:3, Licht: 0","185899","3","2","5","09","11","2","0","0","1","1","0","0"
"POINT (11.541500078000070 48.145193064000068)","Unfall 185901 (2018) Kat:3, Licht: 0","185901","3","2","5","09","15","2","0","0","0","1","0","0"
"POINT (11.560892653000053 48.139878096000075)","Unfall 185902 (2018) Kat:3, Licht: 0","185902","3","4","6","09","16","2","0","0","0","0","1","0"
"POINT (11.505227667000042 48.105450919000077)","Unfall 185903 (2018) Kat:2, Licht: 0","185903","2","3","5","09","17","2","0","0","0","1","0","1"
"POINT (11.559310347000064 48.122655665000082)","Unfall 185905 (2018) Kat:2, Licht: 0","185905","2","2","4","09","13","2","0","0","1","1","0","0"
"POINT (11.541690280000068 48.150819526000078)","Unfall 185906 (2018) Kat:3, Licht: 0","185906","3","6","3","09","08","2","0","0","1","1","1","0"
"POINT (11.601250996000033 48.124297297000055)","Unfall 185907 (2018) Kat:3, Licht: 2","185907","3","7","0","09","23","3","0","2","1","0","0","0"
"POINT (11.502664207000066 48.116326229000038)","Unfall 185908 (2018) Kat:3, Licht: 0","185908","3","2","5","09","08","2","0","0","1","1","0","0"
"POINT (11.644753114000025 48.165021737000075)","Unfall 185909 (2018) Kat:3, Licht: 0","185909","3","3","5","09","17","2","0","0","0","1","0","0"
"POINT (11.582730541000046 48.153597947000037)","Unfall 185911 (2018) Kat:3, Licht: 0","185911","3","2","3","09","13","2","0","0","1","1","0","0"
"POINT (11.586398141000075 48.161808227000051)","Unfall 185912 (2018) Kat:3, Licht: 0","185912","3","2","5","09","08","2","0","0","1","1","0","0"
"POINT (11.605624733000070 48.129332302000080)","Unfall 185918 (2018) Kat:3, Licht: 0","185918","3","2","5","09","13","3","0","0","0","1","0","0"
"POINT (11.535058464000031 48.161789691000081)","Unfall 185942 (2018) Kat:3, Licht: 0","185942","3","6","2","09","19","3","0","0","1","0","0","0"
"POINT (11.586532901000055 48.164859542000045)","Unfall 185960 (2018) Kat:3, Licht: 2","185960","3","1","0","09","21","3","0","2","1","0","0","0"
"POINT (11.502371630000027 48.116315170000064)","Unfall 185968 (2018) Kat:3, Licht: 2","185968","3","2","4","09","20","3","0","2","0","1","0","0"
"POINT (11.534792728000070 48.138048989000026)","Unfall 185973 (2018) Kat:3, Licht: 0","185973","3","6","5","09","15","3","0","0","1","1","0","0"
"POINT (11.573150812000051 48.184476631000052)","Unfall 185982 (2018) Kat:3, Licht: 0","185982","3","6","3","09","14","3","0","0","1","1","0","0"
"POINT (11.512517530000025 48.077517512000043)","Unfall 185994 (2018) Kat:3, Licht: 0","185994","3","5","1","09","16","3","0","0","0","1","0","0"
"POINT (11.496450306000042 48.088728041000081)","Unfall 185995 (2018) Kat:3, Licht: 2","185995","3","2","5","09","21","1","0","2","1","1","0","0"
"POINT (11.584583754000050 48.134253777000026)","Unfall 185996 (2018) Kat:3, Licht: 0","185996","3","5","1","09","17","1","0","0","1","1","0","0"
"POINT (11.681323826000039 48.116857868000068)","Unfall 185998 (2018) Kat:3, Licht: 0","185998","3","6","2","09","17","1","0","0","0","1","0","0"
"POINT (11.523856336000051 48.168735507000065)","Unfall 186000 (2018) Kat:3, Licht: 0","186000","3","6","2","09","13","1","0","0","0","1","0","1"
"POINT (11.636495832000037 48.108385949000080)","Unfall 186003 (2018) Kat:3, Licht: 0","186003","3","1","9","09","06","1","0","0","0","1","0","0"
"POINT (11.561451310000052 48.154937180000047)","Unfall 186005 (2018) Kat:2, Licht: 0","186005","2","6","3","09","14","1","0","0","1","1","0","0"
"POINT (11.533559394000065 48.153063407000047)","Unfall 186006 (2018) Kat:3, Licht: 2","186006","3","7","0","09","23","1","0","2","0","0","0","0"
"POINT (11.596406782000031 48.135902847000068)","Unfall 186007 (2018) Kat:3, Licht: 2","186007","3","6","2","09","20","1","0","2","1","0","0","0"
"POINT (11.562752985000031 48.144180855000059)","Unfall 186008 (2018) Kat:3, Licht: 2","186008","3","2","3","09","23","1","0","2","1","1","0","0"
"POINT (11.565153969000050 48.168610771000033)","Unfall 186013 (2018) Kat:3, Licht: 0","186013","3","6","1","09","17","3","0","0","0","1","0","0"
"POINT (11.586334217000058 48.160997667000061)","Unfall 186023 (2018) Kat:3, Licht: 0","186023","3","3","5","09","14","3","0","0","0","1","0","0"
"POINT (11.563429854000049 48.207443094000041)","Unfall 186032 (2018) Kat:3, Licht: 0","186032","3","6","3","09","07","3","0","0","0","1","0","0"
"POINT (11.563375137000037 48.171102800000028)","Unfall 186036 (2018) Kat:3, Licht: 0","186036","3","3","5","09","13","3","0","0","1","1","0","0"
"POINT (11.579622252000036 48.106545655000048)","Unfall 186062 (2018) Kat:3, Licht: 0","186062","3","5","5","09","08","3","0","0","0","1","0","1"
"POINT (11.571013039000036 48.121220216000040)","Unfall 186074 (2018) Kat:2, Licht: 0","186074","2","7","0","09","16","3","0","0","1","0","0","0"
"POINT (11.553893707000043 48.215079289000073)","Unfall 186076 (2018) Kat:3, Licht: 0","186076","3","2","4","09","12","7","0","0","0","1","0","1"
"POINT (11.569158200000061 48.155744971000047)","Unfall 186078 (2018) Kat:3, Licht: 0","186078","3","5","1","09","09","7","0","0","1","1","0","0"
"POINT (11.556502498000043 48.137470409000059)","Unfall 186082 (2018) Kat:2, Licht: 0","186082","2","7","4","09","18","7","0","0","0","1","0","1"
"POINT (11.545844810000062 48.103892434000045)","Unfall 186084 (2018) Kat:3, Licht: 0","186084","3","3","1","09","16","7","0","0","1","1","0","0"
"POINT (11.561854577000076 48.120850492000045)","Unfall 186086 (2018) Kat:2, Licht: 0","186086","2","1","0","09","15","7","0","0","1","0","0","0"