WKT,Name,OBJECTID,UKATEGORIE,UTYP1,UART,UMONAT,USTUNDE,UWOCHENTAG,STRZUSTAND,ULICHTVERH,ISTRAD,ISTPKW,ISTFUSS,ISTKRAD
"POINT (11.536278758000037 48.146189737000043)","Unfall 186099 (2018) Kat:3, Licht: 0","186099","3","6","4","09","08","3","0","0","1","0","0","0"
"POINT (11.609225849000040 48.136406389000058)","Unfall 186118 (2018) Kat:3, Licht: 0","186118","3","6","2","09","18","3","0","0","0","1","0","0"
"POINT (11.547495998000045 48.159309509000082)","Unfall 186126 (2018) Kat:3, Licht: 0","186126","3","3","5","09","18","3","0","0","1","1","0","0"
"POINT (11.579680622000069 48.133965088000082)","Unfall 186129 (2018) Kat:3, Licht: 0","186129","3","1","0","09","09","3","0","0","1","0","0","0"
"POINT (11.560002927000028 48.174189777000038)","Unfall 186138 (2018) Kat:3, Licht: 0","186138","3","6","6","09","18","3","0","0","1","0","1","0"
"POINT (11.502795553000055 48.094520667000040)","Unfall 186146 (2018) Kat:3, Licht: 0","186146","3","3","5","09","08","2","0","0","1","1","0","0"
"POINT (11.554478386000028 48.100229036000030)","Unfall 186151 (2018) Kat:2, Licht: 0","186151","2","6","3","09","16","2","0","0","1","1","0","0"
"POINT (11.614704161000077 48.131161345000066)","Unfall 186153 (2018) Kat:3, Licht: 0","186153","3","7","0","09","09","2","0","0","1","0","0","0"
"POINT (11.539905786000077 48.133847751000076)","Unfall 186181 (2018) Kat:3, Licht: 0","186181","3","1","0","09","10","6","0","0","0","0","0","1"
"POINT (11.548626824000053 48.137616073000061)","Unfall 186183 (2018) Kat:3, Licht: 0","186183","3","2","5","09","15","6","0","0","1","1","0","0"
"POINT (11.562703865000060 48.208749382000065)","Unfall 186185 (2018) Kat:3, Licht: 0","186185","3","6","3","09","13","6","0","0","0","1","0","0"
"POINT (11.669228872000076 48.139831447000063)","Unfall 186188 (2018) Kat:3, Licht: 0","186188","3","2","4","09","06","6","1","0","0","1","0","0"
"POINT (11.656725323000046 48.117075094000029)","Unfall 186191 (2018) Kat:3, Licht: 0","186191","3","2","5","09","15","6","0","0","0","1","1","0"
"POINT (11.629487685000072 48.176562834000038)","Unfall 186193 (2018) Kat:3, Licht: 0","186193","3","6","4","09","08","6","1","0","1","1","0","0"
"POINT (11.609050384000057 48.151691893000077)","Unfall 186195 (2018) Kat:3, Licht: 0","186195","3","1","0","09","09","6","1","0","1","0","0","0"
"POINT (11.595808165000051 48.125423517000058)","Unfall 186197 (2018) Kat:3, Licht: 0","186197","3","7","0","09","08","6","1","0","1","1","0","0"
"POINT (11.555941261000044 48.138597790000063)","Unfall 186199 (2018) Kat:3, Licht: 0","186199","3","6","3","09","11","6","1","0","1","1","0","0"
"POINT (11.555800818000023 48.133400212000026)","Unfall 186242 (2018) Kat:3, Licht: 0","186242","3","2","4","09","08","4","0","0","0","1","0","1"
"POINT (11.588678095000034 48.155471621000061)","Unfall 186243 (2018) Kat:3, Licht: 0","186243","3","5","1","09","15","4","0","0","1","1","0","0"
"POINT (11.558866291000072 48.160898729000053)","Unfall 186247 (2018) Kat:2, Licht: 0","186247","2","7","0","09","18","4","0","0","1","0","0","0"
"POINT (11.618702619000032 48.108876510000073)","Unfall 186252 (2018) Kat:3, Licht: 0","186252","3","3","5","09","09","4","0","0","0","1","0","1"
"POINT (11.601974856000027 48.140317113000037)","Unfall 186254 (2018) Kat:3, Licht: 1","186254","3","6","2","09","19","4","0","1","0","1","0","0"
"POINT (11.556089574000055 48.186383445000047)","Unfall 186255 (2018) Kat:3, Licht: 0","186255","3","2","3","09","17","4","0","0","1","1","0","0"
"POINT (11.636640345000046 48.168775837000055)","Unfall 186257 (2018) Kat:3, Licht: 0","186257","3","3","5","09","12","4","0","0","1","1","0","0"
"POINT (11.653913421000027 48.094164341000067)","Unfall 186259 (2018) Kat:3, Licht: 0","186259","3","2","3","09","11","4","0","0","0","1","0","0"
"POINT (11.594330692000028 48.092194522000057)","Unfall 186261 (2018) Kat:3, Licht: 0","186261","3","6","0","09","17","4","0","0","0","1","0","1"
"POINT (11.479100133000031 48.123339049000037)","Unfall 186264 (2018) Kat:3, Licht: 0","186264","3","3","2","09","08","4","0","0","0","1","0","0"
"POINT (11.534478130000025 48.168722043000059)","Unfall 186265 (2018) Kat:3, Licht: 0","186265","3","6","3","09","17","4","0","0","0","1","0","1"
"POINT (11.520951712000056 48.175041264000072)","Unfall 186266 (2018) Kat:2, Licht: 0","186266","2","3","5","09","10","4","0","0","0","1","0","1"
"POINT (11.668021205000059 48.102860007000061)","Unfall 186267 (2018) Kat:3, Licht: 0","186267","3","7","3","09","18","4","0","0","1","1","0","0"
"POINT (11.629366168000047 48.170461811000052)","Unfall 186269 (2018) Kat:3, Licht: 2","186269","3","7","1","09","22","4","0","2","0","1","0","1"
"POINT (11.555897082000058 48.137374491000060)","Unfall 186271 (2018) Kat:3, Licht: 1","186271","3","2","6","09","19","4","0","1","0","1","1","0"
"POINT (11.643278763000069 48.095359346000066)","Unfall 186273 (2018) Kat:3, Licht: 0","186273","3","7","5","09","13","4","0","0","1","1","0","0"
"POINT (11.613955920000024 48.131365306000077)","Unfall 186274 (2018) Kat:3, Licht: 0","186274","3","6","3","09","07","4","0","0","1","0","0","0"
"POINT (11.607959922000077 48.200325669000051)","Unfall 186276 (2018) Kat:3, Licht: 0","186276","3","2","5","09","09","4","0","0","1","1","0","0"
"POINT (11.631842394000046 48.099732450000033)","Unfall 186280 (2018) Kat:3, Licht: 0","186280","3","3","1","09","17","4","0","0","0","1","0","1"
"POINT (11.619466738000028 48.138044269000034)","Unfall 186281 (2018) Kat:3, Licht: 0","186281","3","2","4","09","17","4","0","0","0","1","0","0"
"POINT (11.555939960000046 48.138543851000065)","Unfall 186283 (2018) Kat:3, Licht: 0","186283","3","2","2","09","09","4","0","0","0","1","0","0"
"POINT (11.584492773000022 48.157231859000035)","Unfall 186284 (2018) Kat:3, Licht: 0","186284","3","2","5","09","10","4","0","0","1","0","0","0"
"POINT (11.582165654000050 48.138736974000039)","Unfall 186286 (2018) Kat:3, Licht: 0","186286","3","2","5","09","11","4","0","0","1","1","0","0"
"POINT (11.560841949000064 48.153391016000057)","Unfall 186354 (2018) Kat:3, Licht: 0","186354","3","6","4","09","17","5","0","0","1","0","0","0"
"POINT (11.539222953000035 48.130760085000077)","Unfall 186356 (2018) Kat:3, Licht: 0","186356","3","2","5","09","08","5","0","0","1","1","0","0"
"POINT (11.611877013000026 48.149574639000036)","Unfall 186357 (2018) Kat:3, Licht: 0","186357","3","1","0","09","12","5","0","0","1","0","0","0"
"POINT (11.600926934000029 48.124471102000030)","Unfall 186359 (2018) Kat:3, Licht: 0","186359","3","1","7","09","15","5","0","0","0","0","0","1"
"POINT (11.582976736000035 48.138544017000072)","Unfall 186362 (2018) Kat:3, Licht: 0","186362","3","5","1","09","17","5","0","0","1","1","0","0"
"POINT (11.617863063000073 48.124691062000068)","Unfall 186366 (2018) Kat:3, Licht: 0","186366","3","6","0","09","12","5","0","0","1","0","0","0"
"POINT (11.643712275000041 48.167501373000050)","Unfall 186371 (2018) Kat:3, Licht: 2","186371","3","6","6","09","01","5","0","2","1","0","1","0"
"POINT (11.547670159000063 48.126809692000052)","Unfall 186374 (2018) Kat:3, Licht: 0","186374","3","2","5","09","16","5","0","0","1","1","0","0"
"POINT (11.612693659000058 48.203391254000053)","Unfall 186378 (2018) Kat:3, Licht: 0","186378","3","7","0","09","19","5","0","0","1","1","0","0"
"POINT (11.568216078000034 48.204580787000054)","Unfall 186381 (2018) Kat:3, Licht: 0","186381","3","7","4","09","14","5","0","0","1","1","0","0"
"POINT (11.540415913000061 48.149832909000054)","Unfall 186383 (2018) Kat:3, Licht: 0","186383","3","6","1","09","14","5","0","0","1","1","0","0"
"POINT (11.546413668000071 48.112103073000071)","Unfall 186387 (2018) Kat:3, Licht: 0","186387","3","3","5","09","11","5","0","0","1","1","0","0"
"POINT (11.559526702000028 48.137410766000073)","Unfall 186390 (2018) Kat:3, Licht: 0","186390","3","5","1","09","15","5","0","0","1","1","0","0"
"POINT (11.416800173000070 48.146501437000040)","Unfall 186418 (2018) Kat:3, Licht: 2","186418","3","3","5","09","20","1","0","2","1","1","0","0"
"POINT (11.464688389000059 48.170315822000077)","Unfall 186420 (2018) Kat:2, Licht: 0","186420","2","3","5","09","07","1","0","0","0","1","0","1"
"POINT (11.584876613000063 48.132297883000035)","Unfall 186421 (2018) Kat:3, Licht: 2","186421","3","3","5","09","23","1","1","2","0","1","0","0"
"POINT (11.634370617000059 48.169218713000078)","Unfall 186423 (2018) Kat:3, Licht: 2","186423","3","3","5","09","01","1","0","2","0","1","0","0"
"POINT (11.584732764000023 48.139419644000043)","Unfall 186426 (2018) Kat:3, Licht: 0","186426","3","7","5","09","14","1","0","0","1","1","0","0"
"POINT (11.648321394000050 48.169373814000039)","Unfall 186446 (2018) Kat:3, Licht: 0","186446","3","5","0","09","08","2","1","0","1","0","0","0"
"POINT (11.576173936000032 48.131434364000029)","Unfall 186541 (2018) Kat:3, Licht: 0","186541","3","6","2","09","15","7","0","0","0","1","0","0"
"POINT (11.518207903000075 48.084715657000061)","Unfall 186542 (2018) Kat:3, Licht: 2","186542","3","6","3","09","06","2","1","2","1","0","0","0"
"POINT (11.502672121000046 48.164632950000055)","Unfall 186543 (2018) Kat:3, Licht: 0","186543","3","2","1","09","15","7","0","0","1","1","0","0"
"POINT (11.655288419000044 48.126726717000054)","Unfall 186544 (2018) Kat:2, Licht: 0","186544","2","1","0","09","18","2","0","0","1","0","0","0"
"POINT (11.462812355000040 48.135360516000048)","Unfall 186546 (2018) Kat:3, Licht: 0","186546","3","3","5","09","09","2","0","0","1","1","0","0"
"POINT (11.556777714000077 48.178534901000035)","Unfall 186547 (2018) Kat:3, Licht: 2","186547","3","1","9","09","04","7","0","2","0","1","0","0"
"POINT (11.564225013000055 48.187074353000071)","Unfall 186548 (2018) Kat:3, Licht: 1","186548","3","6","1","09","06","2","1","1","0","1","0","0"
"POINT (11.536033890000056 48.126010959000041)","Unfall 186550 (2018) Kat:3, Licht: 0","186550","3","3","5","09","10","7","0","0","0","1","0","1"
"POINT (11.511513907000051 48.172348779000060)","Unfall 186551 (2018) Kat:3, Licht: 0","186551","3","3","5","09","11","7","0","0","1","1","0","0"
"POINT (11.541663653000057 48.207492518000038)","Unfall 186552 (2018) Kat:2, Licht: 2","186552","2","3","5","09","05","2","1","2","0","1","0","1"
"POINT (11.660020230000043 48.132720540000037)","Unfall 186554 (2018) Kat:3, Licht: 2","186554","3","7","4","09","20","7","0","2","0","1","0","1"
"POINT (11.450099878000060 48.157501232000072)","Unfall 186555 (2018) Kat:3, Licht: 0","186555","3","2","4","09","10","2","0","0","0","0","0","1"
"POINT (11.593851524000058 48.203738383000029)","Unfall 186556 (2018) Kat:3, Licht: 0","186556","3","6","3","09","17","7","0","0","1","1","0","0"
"POINT (11.585820305000027 48.171141134000038)","Unfall 186557 (2018) Kat:3, Licht: 0","186557","3","7","3","09","07","2","0","0","1","1","0","0"
"POINT (11.596778745000051 48.105681800000070)","Unfall 186559 (2018) Kat:3, Licht: 0","186559","3","7","5","09","08","7","0","0","1","1","0","0"
"POINT (11.576754731000051 48.205377681000073)","Unfall 186560 (2018) Kat:2, Licht: 0","186560","2","7","0","09","11","2","0","0","0","1","0","0"
"POINT (11.640177604000030 48.129495796000072)","Unfall 186562 (2018) Kat:3, Licht: 0","186562","3","2","5","09","06","2","0","0","0","1","0","1"
"POINT (11.578540002000068 48.144716696000046)","Unfall 186564 (2018) Kat:3, Licht: 0","186564","3","7","3","09","12","2","0","0","1","1","0","0"
"POINT (11.636616461000074 48.172739637000063)","Unfall 186565 (2018) Kat:3, Licht: 0","186565","3","4","6","09","09","7","0","0","0","1","1","0"
"POINT (11.672219272000063 48.121463252000069)","Unfall 186566 (2018) Kat:3, Licht: 0","186566","3","7","0","09","07","2","1","0","1","0","0","0"
"POINT (11.541494485000044 48.145096181000042)","Unfall 186567 (2018) Kat:2, Licht: 0","186567","2","4","6","09","10","2","0","0","0","1","1","0"
"POINT (11.576444664000064 48.133241879000082)","Unfall 186569 (2018) Kat:3, Licht: 0","186569","3","7","6","09","14","7","0","0","0","1","1","0"
"POINT (11.585852444000068 48.141486297000029)","Unfall 186570 (2018) Kat:2, Licht: 0","186570","2","4","6","09","08","2","0","0","0","1","1","0"
"POINT (11.560745846000032 48.118750920000082)","Unfall 186571 (2018) Kat:3, Licht: 0","186571","3","6","3","09","17","2","0","0","1","1","0","0"
"POINT (11.663748278000071 48.125245756000027)","Unfall 186573 (2018) Kat:2, Licht: 0","186573","2","2","4","09","15","2","0","0","0","0","0","1"
"POINT (11.460457674000054 48.148409137000044)","Unfall 186576 (2018) Kat:3, Licht: 0","186576","3","7","6","09","12","2","0","0","1","0","1","0"
"POINT (11.561497131000067 48.217527746000030)","Unfall 186578 (2018) Kat:3, Licht: 0","186578","3","6","3","09","07","2","0","0","1","0","0","0"
"POINT (11.647029023000073 48.130353235000030)","Unfall 186583 (2018) Kat:3, Licht: 0","186583","3","3","5","09","06","2","1","0","1","0","0","0"
"POINT (11.530477003000044 48.135559036000075)","Unfall 186586 (2018) Kat:3, Licht: 1","186586","3","3","5","09","19","2","0","1","0","1","0","0"
"POINT (11.554338623000035 48.135062104000042)","Unfall 186588 (2018) Kat:3, Licht: 0","186588","3","5","0","09","17","2","0","0","1","1","0","0"
"POINT (11.535216534000028 48.138168723000035)","Unfall 186591 (2018) Kat:3, Licht: 0","186591","3","5","1","09","12","2","0","0","1","1","0","0"
"POINT (11.596940898000071 48.154902431000039)","Unfall 186593 (2018) Kat:3, Licht: 0","186593","3","7","4","09","17","2","0","0","1","0","1","0"
"POINT (11.575034545000051 48.135299313000075)","Unfall 186595 (2018) Kat:3, Licht: 0","186595","3","4","6","09","10","2","0","0","1","0","1","0"
"POINT (11.521868489000042 48.137638647000074)","Unfall 186677 (2018) Kat:3, Licht: 0","186677","3","7","0","09","15","4","0","0","0","0","0","0"
"POINT (11.582721543000048 48.136227147000056)","Unfall 186678 (2018) Kat:3, Licht: 0","186678","3","5","1","09","14","4","0","0","0","1","0","0"
"POINT (11.405984271000023 48.161287009000034)","Unfall 186679 (2018) Kat:3, Licht: 0","186679","3","7","0","09","17","4","0","0","1","0","0","0"
"POINT (11.601404270000046 48.117140109000047)","Unfall 186680 (2018) Kat:3, Licht: 0","186680","3","6","5","09","07","4","0","0","0","1","0","0"
"POINT (11.604446024000026 48.116526069000031)","Unfall 186681 (2018) Kat:3, Licht: 0","186681","3","7","5","09","08","4","0","0","0","1","0","1"
"POINT (11.570725847000062 48.156494647000045)","Unfall 186682 (2018) Kat:3, Licht: 0","186682","3","3","5","09","07","4","0","0","1","1","0","0"
"POINT (11.545639906000076 48.108419979000075)","Unfall 186684 (2018) Kat:3, Licht: 0","186684","3","3","5","09","15","4","0","0","1","1","0","0"
"POINT (11.601043477000076 48.119725593000055)","Unfall 186685 (2018) Kat:3, Licht: 2","186685","3","7","0","09","05","4","0","2","0","0","0","0"
"POINT (11.504066397000031 48.173052773000052)","Unfall 186686 (2018) Kat:3, Licht: 0","186686","3","2","1","09","08","4","0","0","0","0","0","0"
"POINT (11.556948852000062 48.141938495000034)","Unfall 186687 (2018) Kat:3, Licht: 0","186687","3","4","6","09","08","4","0","0","1","0","1","0"
"POINT (11.566173430000049 48.187166685000079)","Unfall 186689 (2018) Kat:3, Licht: 0","186689","3","2","4","09","15","4","0","0","0","1","0","0"
"POINT (11.586288748000072 48.168861642000081)","Unfall 186691 (2018) Kat:3, Licht: 0","186691","3","7","0","09","08","4","0","0","1","1","0","0"
"POINT (11.562378596000030 48.140676693000046)","Unfall 186692 (2018) Kat:3, Licht: 0","186692","3","3","6","09","18","4","0","0","0","0","1","0"
"POINT (11.602022193000039 48.115649311000027)","Unfall 186694 (2018) Kat:3, Licht: 0","186694","3","2","5","09","08","4","0","0","1","0","0","0"
"POINT (11.550841649000063 48.100696285000026)","Unfall 186696 (2018) Kat:2, Licht: 0","186696","2","6","2","09","08","4","1","0","1","0","0","0"
"POINT (11.581849718000058 48.098434100000077)","Unfall 186698 (2018) Kat:3, Licht: 0","186698","3","2","3","09","15","4","0","0","1","1","0","0"
"POINT (11.533622155000046 48.116944151000041)","Unfall 186699 (2018) Kat:3, Licht: 0","186699","3","2","5","09","17","4","0","0","1","1","0","0"
"POINT (11.434092468000074 48.149405042000069)","Unfall 186702 (2018) Kat:3, Licht: 0","186702","3","2","5","09","11","4","0","0","1","1","0","0"
"POINT (11.559909352000034 48.151982074000045)","Unfall 186704 (2018) Kat:3, Licht: 0","186704","3","6","3","09","10","4","0","0","1","0","0","0"
"POINT (11.660596664000025 48.099209685000062)","Unfall 186707 (2018) Kat:2, Licht: 0","186707","2","3","5","09","17","4","0","0","0","1","0","1"
"POINT (11.553744173000041 48.112501517000055)","Unfall 186710 (2018) Kat:3, Licht: 0","186710","3","6","2","09","11","4","0","0","0","1","0","0"
"POINT (11.589037983000026 48.156594478000045)","Unfall 186712 (2018) Kat:3, Licht: 0","186712","3","3","5","09","09","4","0","0","1","0","0","0"
"POINT (11.494478075000075 48.130434612000045)","Unfall 186745 (2018) Kat:3, Licht: 0","186745","3","3","5","09","19","5","0","0","1","1","0","0"
"POINT (11.609024185000067 48.150965198000051)","Unfall 186748 (2018) Kat:3, Licht: 0","186748","3","1","0","09","09","5","0","0","0","1","0","1"
"POINT (11.553605627000024 48.124523475000046)","Unfall 186752 (2018) Kat:3, Licht: 0","186752","3","3","5","09","15","5","0","0","0","1","0","1"
"POINT (11.589193880000039 48.137405622000074)","Unfall 186754 (2018) Kat:3, Licht: 2","186754","3","3","5","09","23","5","0","2","0","1","0","0"
"POINT (11.555723746000069 48.130014054000071)","Unfall 186756 (2018) Kat:3, Licht: 0","186756","3","7","0","09","18","5","0","0","0","0","0","1"
"POINT (11.654916096000022 48.125972633000060)","Unfall 186757 (2018) Kat:3, Licht: 0","186757","3","2","4","09","15","5","0","0","0","1","0","0"
"POINT (11.561303569000074 48.174479453000060)","Unfall 186759 (2018) Kat:3, Licht: 2","186759","3","7","1","09","21","5","0","2","1","1","0","0"
"POINT (11.556305405000046 48.142001751000066)","Unfall 186762 (2018) Kat:3, Licht: 0","186762","3","3","3","09","12","5","0","0","1","1","0","0"
"POINT (11.475792951000074 48.154622966000034)","Unfall 186767 (2018) Kat:3, Licht: 0","186767","3","3","5","09","08","5","0","0","0","1","0","0"
"POINT (11.445298848000050 48.148473414000080)","Unfall 186768 (2018) Kat:3, Licht: 0","186768","3","2","4","09","17","5","0","0","1","0","0","1"
"POINT (11.528966624000077 48.177656546000037)","Unfall 186769 (2018) Kat:3, Licht: 2","186769","3","2","5","09","05","5","0","2","1","1","0","0"
"POINT (11.534252276000075 48.192808222000053)","Unfall 186770 (2018) Kat:3, Licht: 0","186770","3","3","5","09","16","5","0","0","0","1","0","0"
"POINT (11.523875934000046 48.099705674000063)","Unfall 186772 (2018) Kat:3, Licht: 0","186772","3","3","5","09","16","5","0","0","1","1","0","0"
"POINT (11.520852237000042 48.078616574000080)","Unfall 186775 (2018) Kat:3, Licht: 0","186775","3","3","5","09","12","5","0","0","1","1","0","0"
"POINT (11.599232653000058 48.140884871000026)","Unfall 186777 (2018) Kat:3, Licht: 0","186777","3","1","0","09","11","5","0","0","0","0","0","1"
"POINT (11.601629621000029 48.133801890000029)","Unfall 186778 (2018) Kat:3, Licht: 0","186778","3","5","0","09","13","5","0","0","1","1","0","0"
"POINT (11.540360762000034 48.118360071000041)","Unfall 186780 (2018) Kat:2, Licht: 0","186780","2","7","8","09","17","5","0","0","0","0","0","1"
"POINT (11.580570587000068 48.149031095000055)","Unfall 186783 (2018) Kat:3, Licht: 0","186783","3","3","5","09","15","5","0","0","1","0","0","0"
"POINT (11.527700457000037 48.116664825000043)","Unfall 186849 (2018) Kat:3, Licht: 0","186849","3","6","0","09","14","3","0","0","1","0","0","0"
"POINT (11.524348105000058 48.080107411000029)","Unfall 186851 (2018) Kat:3, Licht: 0","186851","3","2","4","09","10","3","0","0","1","1","0","0"
"POINT (11.590653058000044 48.184203854000032)","Unfall 186852 (2018) Kat:3, Licht: 0","186852","3","4","6","09","17","3","0","0","0","0","1","1"
"POINT (11.558634007000023 48.132846282000060)","Unfall 186854 (2018) Kat:3, Licht: 0","186854","3","6","4","09","09","3","0","0","1","0","0","0"
"POINT (11.622622706000072 48.148474889000056)","Unfall 186856 (2018) Kat:3, Licht: 0","186856","3","6","2","09","08","3","0","0","0","1","0","0"
"POINT (11.458911005000061 48.148494445000040)","Unfall 186857 (2018) Kat:2, Licht: 0","186857","2","7","0","09","18","3","0","0","1","0","0","0"
"POINT (11.526840430000050 48.133997973000078)","Unfall 186861 (2018) Kat:3, Licht: 0","186861","3","3","6","09","12","3","0","0","0","1","1","0"
"POINT (11.510419613000067 48.200928325000064)","Unfall 186864 (2018) Kat:3, Licht: 0","186864","3","7","0","09","17","3","0","0","1","0","0","0"
"POINT (11.603198352000049 48.179837346000056)","Unfall 186867 (2018) Kat:3, Licht: 0","186867","3","4","6","09","12","3","0","0","0","1","1","0"
"POINT (11.508185199000025 48.173927300000059)","Unfall 186869 (2018) Kat:2, Licht: 0","186869","2","2","5","09","15","3","0","0","1","1","0","0"
"POINT (11.488715784000021 48.174944617000051)","Unfall 186871 (2018) Kat:3, Licht: 0","186871","3","1","1","09","15","3","0","0","1","1","0","0"
"POINT (11.561575020000021 48.168441247000032)","Unfall 186872 (2018) Kat:3, Licht: 2","186872","3","3","5","09","23","3","0","2","0","1","0","0"
"POINT (11.580513468000049 48.133858572000065)","Unfall 186874 (2018) Kat:3, Licht: 0","186874","3","3","5","09","18","3","0","0","1","0","0","0"
"POINT (11.626494786000023 48.150230620000059)","Unfall 186877 (2018) Kat:3, Licht: 0","186877","3","1","0","09","13","3","0","0","1","0","0","0"
"POINT (11.554920794000054 48.127898704000074)","Unfall 186879 (2018) Kat:3, Licht: 0","186879","3","6","3","09","09","3","0","0","1","0","0","0"
"POINT (11.548694928000032 48.139055069000051)","Unfall 186880 (2018) Kat:3, Licht: 0","186880","3","1","0","09","09","3","0","0","1","0","0","0"
"POINT (11.576195661000042 48.142896514000029)","Unfall 186882 (2018) Kat:3, Licht: 0","186882","3","6","2","09","10","3","0","0","1","1","0","0"
"POINT (11.543043977000025 48.125997678000033)","Unfall 186965 (2018) Kat:3, Licht: 2","186965","3","6","3","09","21","7","1","2","0","1","0","0"
"POINT (11.479824893000057 48.138594610000041)","Unfall 186967 (2018) Kat:3, Licht: 2","186967","3","6","0","09","19","7","1","2","1","0","0","1"
"POINT (11.577753021000035 48.133556675000079)","Unfall 186970 (2018) Kat:3, Licht: 1","186970","3","6","2","09","19","7","1","1","0","0","0","1"
"POINT (11.543205114000045 48.150395998000079)","Unfall 186971 (2018) Kat:3, Licht: 2","186971","3","3","5","09","22","7","1","2","1","1","0","0"
"POINT (11.530800311000064 48.183381244000032)","Unfall 186973 (2018) Kat:3, Licht: 0","186973","3","2","5","09","15","7","0","0","1","1","0","0"
"POINT (11.613012445000038 48.136591547000080)","Unfall 186976 (2018) Kat:3, Licht: 0","186976","3","3","5","09","18","7","0","0","1","1","0","0"
"POINT (11.543064331000039 48.122188317000052)","Unfall 186978 (2018) Kat:3, Licht: 2","186978","3","6","6","09","23","7","0","2","1","0","1","0"
"POINT (11.566017322000050 48.123175090000075)","Unfall 186979 (2018) Kat:3, Licht: 0","186979","3","5","1","09","13","7","0","0","0","1","0","1"
"POINT (11.540771505000066 48.125217756000040)","Unfall 186981 (2018) Kat:3, Licht: 2","186981","3","2","5","09","20","7","1","2","1","1","0","0"
"POINT (11.478796115000023 48.125831942000048)","Unfall 186987 (2018) Kat:3, Licht: 0","186987","3","6","3","09","14","7","0","0","1","1","0","0"
"POINT (11.572713590000035 48.186616031000028)","Unfall 186988 (2018) Kat:3, Licht: 0","186988","3","4","6","09","11","7","0","0","0","1","1","0"
"POINT (11.460108677000051 48.149012233000064)","Unfall 186990 (2018) Kat:3, Licht: 2","186990","3","3","1","09","23","7","1","2","1","1","0","0"
"POINT (11.687388552000073 48.136900053000033)","Unfall 186993 (2018) Kat:3, Licht: 0","186993","3","1","1","09","13","7","0","0","0","1","0","0"
"POINT (11.571893011000043 48.120891262000043)","Unfall 186995 (2018) Kat:2, Licht: 1","186995","2","4","0","09","18","7","0","1","1","0","1","0"
"POINT (11.547291516000030 48.118353607000074)","Unfall 186997 (2018) Kat:3, Licht: 0","186997","3","6","2","09","14","7","0","0","1","1","0","0"
"POINT (11.551706682000031 48.107764679000070)","Unfall 186998 (2018) Kat:2, Licht: 0","186998","2","7","0","09","10","7","1","0","1","0","0","0"
"POINT (11.558488420000060 48.139318503000027)","Unfall 187000 (2018) Kat:3, Licht: 2","187000","3","4","6","09","22","7","1","2","0","1","1","0"
"POINT (11.556689028000051 48.127728527000045)","Unfall 187002 (2018) Kat:3, Licht: 2","187002","3","4","6","09","23","7","1","2","1","0","1","0"
"POINT (11.565431801000045 48.150787615000070)","Unfall 187003 (2018) Kat:3, Licht: 0","187003","3","3","5","09","08","7","0","0","0","1","0","0"
"POINT (11.529440482000041 48.152179408000052)","Unfall 187049 (2018) Kat:3, Licht: 0","187049","3","2","5","09","13","2","0","0","1","1","0","0"
"POINT (11.622447595000040 48.153691314000071)","Unfall 187051 (2018) Kat:3, Licht: 0","187051","3","4","6","09","17","2","0","0","0","1","1","0"
"POINT (11.585842749000051 48.171142414000030)","Unfall 187052 (2018) Kat:3, Licht: 0","187052","3","1","1","09","15","2","0","0","0","1","0","0"
"POINT (11.564682262000076 48.164464724000027)","Unfall 187054 (2018) Kat:3, Licht: 0","187054","3","2","2","09","13","2","0","0","1","0","0","0"
"POINT (11.511934609000036 48.172643640000047)","Unfall 187055 (2018) Kat:3, Licht: 0","187055","3","7","0","09","17","2","0","0","1","0","0","0"
"POINT (11.414933703000031 48.146473426000057)","Unfall 187058 (2018) Kat:2, Licht: 0","187058","2","6","0","09","15","2","0","0","1","0","0","0"
"POINT (11.580082311000069 48.158823625000025)","Unfall 187061 (2018) Kat:3, Licht: 0","187061","3","3","5","09","15","2","0","0","0","1","0","0"
"POINT (11.565438745000051 48.132835783000075)","Unfall 187063 (2018) Kat:3, Licht: 2","187063","3","6","2","09","00","2","1","2","0","1","0","0"
"POINT (11.478437755000073 48.182696064000027)","Unfall 187064 (2018) Kat:3, Licht: 0","187064","3","3","5","09","09","2","0","0","0","1","0","0"
"POINT (11.667887346000043 48.105665291000037)","Unfall 187066 (2018) Kat:3, Licht: 0","187066","3","7","0","09","12","2","0","0","0","0","0","0"
"POINT (11.478775976000065 48.087819679000063)","Unfall 187068 (2018) Kat:3, Licht: 1","187068","3","5","1","09","06","2","0","1","1","1","0","0"
"POINT (11.596954417000063 48.192806919000077)","Unfall 187069 (2018) Kat:3, Licht: 0","187069","3","6","2","09","11","6","0","0","0","1","0","0"
"POINT (11.517259003000049 48.086028542000065)","Unfall 187070 (2018) Kat:3, Licht: 1","187070","3","3","5","09","19","6","1","1","1","1","0","0"
"POINT (11.573736134000058 48.150889128000074)","Unfall 187071 (2018) Kat:3, Licht: 2","187071","3","6","2","09","22","6","1","2","1","1","0","0"
"POINT (11.668615645000045 48.080491038000048)","Unfall 187072 (2018) Kat:3, Licht: 0","187072","3","3","5","09","15","2","0","0","1","1","0","0"
"POINT (11.578574138000022 48.114158248000081)","Unfall 187073 (2018) Kat:3, Licht: 0","187073","3","2","3","09","10","6","0","0","0","1","0","0"
"POINT (11.611991555000031 48.131592656000066)","Unfall 187075 (2018) Kat:3, Licht: 0","187075","3","7","6","09","10","2","0","0","0","1","1","0"
"POINT (11.562128722000068 48.125024979000045)","Unfall 187076 (2018) Kat:3, Licht: 0","187076","3","6","1","09","16","6","0","0","0","1","0","0"