WKT,Name,OBJECTID,UKATEGORIE,UTYP1,UART,UMONAT,USTUNDE,UWOCHENTAG,STRZUSTAND,ULICHTVERH,ISTRAD,ISTPKW,ISTFUSS,ISTKRAD
"POINT (11.591687968000031 48.141554764000034)","Unfall 187077 (2018) Kat:3, Licht: 0","187077","3","6","3","09","08","2","0","0","0","1","0","0"
"POINT (11.579605535000042 48.136384060000069)","Unfall 187078 (2018) Kat:3, Licht: 0","187078","3","5","1","09","08","2","0","0","1","1","0","0"
"POINT (11.572652865000066 48.187714019000055)","Unfall 187079 (2018) Kat:3, Licht: 0","187079","3","2","4","09","06","6","0","0","1","1","0","0"
"POINT (11.586694281000064 48.140028171000040)","Unfall 187080 (2018) Kat:3, Licht: 2","187080","3","1","7","09","05","2","1","2","0","0","0","1"
"POINT (11.460248913000044 48.148017984000035)","Unfall 187081 (2018) Kat:2, Licht: 1","187081","2","3","5","09","19","6","0","1","0","1","0","1"
"POINT (11.480839241000069 48.209799924000038)","Unfall 187083 (2018) Kat:3, Licht: 0","187083","3","2","3","09","07","6","0","0","1","1","0","0"
"POINT (11.517734784000027 48.218212028000039)","Unfall 187085 (2018) Kat:3, Licht: 0","187085","3","3","5","09","15","6","0","0","1","1","0","0"
"POINT (11.518781464000028 48.145520744000066)","Unfall 187089 (2018) Kat:3, Licht: 0","187089","3","3","5","09","17","6","0","0","1","1","0","0"
"POINT (11.525040227000034 48.158813928000029)","Unfall 187092 (2018) Kat:3, Licht: 2","187092","3","7","0","09","01","6","0","2","1","0","0","0"
"POINT (11.520184233000066 48.150169196000036)","Unfall 187094 (2018) Kat:3, Licht: 0","187094","3","2","5","09","08","6","0","0","1","1","0","0"
"POINT (11.483038254000064 48.119175497000072)","Unfall 187095 (2018) Kat:3, Licht: 0","187095","3","2","5","09","09","6","0","0","1","1","0","0"
"POINT (11.507802458000072 48.112456516000066)","Unfall 187097 (2018) Kat:3, Licht: 1","187097","3","2","5","09","18","6","1","1","0","1","0","0"
"POINT (11.586322464000034 48.167355865000047)","Unfall 187099 (2018) Kat:3, Licht: 2","187099","3","2","4","09","22","6","1","2","0","1","0","1"
"POINT (11.597076972000025 48.173216081000078)","Unfall 187101 (2018) Kat:3, Licht: 0","187101","3","3","5","09","06","6","0","0","0","1","0","0"
"POINT (11.578073462000077 48.135000355000045)","Unfall 187103 (2018) Kat:3, Licht: 2","187103","3","6","0","09","21","6","1","2","1","1","0","0"
"POINT (11.582070571000031 48.098297351000042)","Unfall 187173 (2018) Kat:3, Licht: 2","187173","3","3","5","09","04","1","1","2","0","1","0","0"
"POINT (11.610103561000074 48.132357699000067)","Unfall 187175 (2018) Kat:3, Licht: 2","187175","3","3","5","09","21","1","1","2","0","1","0","0"
"POINT (11.598634300000072 48.140945457000043)","Unfall 187177 (2018) Kat:3, Licht: 0","187177","3","6","2","09","10","1","1","0","0","1","0","0"
"POINT (11.536144613000033 48.176388193000037)","Unfall 187179 (2018) Kat:3, Licht: 2","187179","3","4","6","09","01","1","1","2","0","1","1","0"
"POINT (11.605072399000051 48.186555805000069)","Unfall 187182 (2018) Kat:3, Licht: 1","187182","3","6","2","09","19","1","1","1","0","1","0","0"
"POINT (11.542607398000030 48.134617398000046)","Unfall 187184 (2018) Kat:3, Licht: 1","187184","3","6","6","09","22","1","0","1","0","1","1","0"
"POINT (11.541932273000043 48.118378689000053)","Unfall 187185 (2018) Kat:3, Licht: 0","187185","3","3","5","09","10","1","1","0","0","1","0","0"
"POINT (11.551554588000045 48.136719356000071)","Unfall 187262 (2018) Kat:3, Licht: 0","187262","3","3","5","09","17","4","0","0","0","1","0","0"
"POINT (11.544069380000053 48.126316817000031)","Unfall 187263 (2018) Kat:3, Licht: 0","187263","3","3","5","09","13","4","0","0","1","1","0","0"
"POINT (11.531898527000067 48.082301052000048)","Unfall 187266 (2018) Kat:3, Licht: 0","187266","3","3","5","09","12","4","0","0","0","1","0","0"
"POINT (11.563798647000056 48.137404923000076)","Unfall 187268 (2018) Kat:3, Licht: 0","187268","3","6","3","09","15","4","0","0","1","0","0","0"
"POINT (11.502907523000033 48.130836351000028)","Unfall 187269 (2018) Kat:3, Licht: 0","187269","3","6","3","09","17","4","0","0","0","1","0","0"
"POINT (11.542838956000026 48.121102879000034)","Unfall 187271 (2018) Kat:3, Licht: 0","187271","3","7","5","09","09","4","0","0","0","1","0","1"
"POINT (11.542519934000040 48.162756094000031)","Unfall 187273 (2018) Kat:2, Licht: 1","187273","2","6","3","09","18","4","0","1","0","1","0","1"
"POINT (11.572867092000024 48.205058692000080)","Unfall 187276 (2018) Kat:3, Licht: 0","187276","3","3","5","09","16","4","0","0","1","1","0","0"
"POINT (11.467624154000077 48.180412147000027)","Unfall 187281 (2018) Kat:3, Licht: 0","187281","3","3","5","09","13","4","0","0","1","1","0","0"
"POINT (11.585044445000051 48.192153053000027)","Unfall 187283 (2018) Kat:3, Licht: 0","187283","3","2","5","09","09","4","0","0","0","1","0","1"
"POINT (11.602893176000066 48.112924855000074)","Unfall 187284 (2018) Kat:3, Licht: 0","187284","3","3","5","09","13","4","0","0","0","1","0","0"
"POINT (11.502949858000022 48.092753577000053)","Unfall 187286 (2018) Kat:3, Licht: 0","187286","3","2","5","09","09","4","0","0","1","1","0","0"
"POINT (11.590233473000069 48.160992209000028)","Unfall 187288 (2018) Kat:3, Licht: 0","187288","3","5","1","09","16","4","0","0","1","1","0","0"
"POINT (11.552757235000058 48.126727740000035)","Unfall 187291 (2018) Kat:3, Licht: 0","187291","3","3","5","09","08","4","0","0","1","0","0","1"
"POINT (11.515859366000029 48.094508020000035)","Unfall 187293 (2018) Kat:3, Licht: 0","187293","3","3","5","09","08","4","0","0","0","1","0","1"
"POINT (11.673375149000037 48.131668196000078)","Unfall 187294 (2018) Kat:3, Licht: 0","187294","3","3","5","09","14","4","0","0","1","1","0","0"
"POINT (11.639776083000072 48.117050563000078)","Unfall 187296 (2018) Kat:3, Licht: 0","187296","3","2","5","09","16","4","0","0","1","1","0","0"
"POINT (11.637411189000034 48.090343931000064)","Unfall 187297 (2018) Kat:2, Licht: 0","187297","2","1","0","09","15","4","0","0","1","0","0","0"
"POINT (11.582636030000060 48.118101693000028)","Unfall 187298 (2018) Kat:3, Licht: 0","187298","3","5","3","09","08","4","0","0","0","1","0","0"
"POINT (11.534174604000043 48.110318518000042)","Unfall 187300 (2018) Kat:3, Licht: 0","187300","3","3","5","09","11","4","0","0","0","1","0","0"
"POINT (11.548506730000042 48.112139038000066)","Unfall 187302 (2018) Kat:3, Licht: 0","187302","3","4","6","09","07","4","0","0","0","1","1","0"
"POINT (11.537179869000056 48.135387831000060)","Unfall 187305 (2018) Kat:2, Licht: 1","187305","2","1","9","09","19","4","0","1","0","0","0","1"
"POINT (11.565342519000069 48.139653464000048)","Unfall 187336 (2018) Kat:3, Licht: 0","187336","3","7","0","09","09","5","0","0","0","0","0","0"
"POINT (11.621423635000042 48.153653902000030)","Unfall 187337 (2018) Kat:3, Licht: 0","187337","3","3","5","09","13","5","0","0","0","1","0","0"
"POINT (11.558115814000075 48.126415066000050)","Unfall 187339 (2018) Kat:3, Licht: 0","187339","3","2","6","09","11","5","0","0","0","1","1","0"
"POINT (11.457016157000055 48.140193295000074)","Unfall 187342 (2018) Kat:3, Licht: 0","187342","3","3","5","09","12","5","0","0","0","1","0","0"
"POINT (11.572706439000058 48.186786115000075)","Unfall 187344 (2018) Kat:3, Licht: 0","187344","3","2","3","09","11","5","0","0","0","1","0","1"
"POINT (11.620042341000044 48.168404974000055)","Unfall 187346 (2018) Kat:3, Licht: 0","187346","3","1","6","09","15","5","0","0","0","1","1","0"
"POINT (11.614841742000067 48.114783965000072)","Unfall 187347 (2018) Kat:3, Licht: 2","187347","3","1","1","09","20","5","0","2","0","1","0","1"
"POINT (11.597000761000061 48.123819939000043)","Unfall 187348 (2018) Kat:3, Licht: 0","187348","3","7","0","09","12","5","0","0","0","0","0","0"
"POINT (11.605624733000070 48.129332302000080)","Unfall 187350 (2018) Kat:3, Licht: 0","187350","3","7","5","09","15","5","0","0","1","1","0","0"
"POINT (11.561794005000024 48.142637099000069)","Unfall 187351 (2018) Kat:3, Licht: 0","187351","3","3","5","09","16","5","0","0","1","0","0","0"
"POINT (11.563089830000024 48.159795384000063)","Unfall 187353 (2018) Kat:2, Licht: 0","187353","2","4","6","09","12","5","0","0","0","1","1","0"
"POINT (11.539067162000038 48.100521989000072)","Unfall 187356 (2018) Kat:3, Licht: 2","187356","3","6","1","09","19","5","0","2","1","1","0","0"
"POINT (11.599182689000031 48.140895052000076)","Unfall 187358 (2018) Kat:3, Licht: 2","187358","3","7","4","09","20","5","0","2","0","1","0","1"
"POINT (11.519345232000035 48.150387279000029)","Unfall 187360 (2018) Kat:3, Licht: 0","187360","3","7","0","09","17","5","0","0","0","0","1","0"
"POINT (11.525354354000058 48.121376652000038)","Unfall 187362 (2018) Kat:2, Licht: 0","187362","2","3","5","09","18","5","0","0","1","0","0","0"
"POINT (11.549579064000056 48.145975115000056)","Unfall 187366 (2018) Kat:3, Licht: 0","187366","3","2","4","09","17","5","0","0","0","1","0","0"
"POINT (11.541530366000075 48.138606564000042)","Unfall 187369 (2018) Kat:3, Licht: 0","187369","3","4","6","09","13","5","0","0","0","1","1","0"
"POINT (11.609054647000050 48.150459431000058)","Unfall 187371 (2018) Kat:3, Licht: 0","187371","3","2","0","09","16","5","0","0","0","1","0","0"
"POINT (11.486571833000028 48.142169704000025)","Unfall 187372 (2018) Kat:3, Licht: 0","187372","3","3","5","09","16","5","0","0","1","1","0","0"
"POINT (11.607974678000062 48.101165974000025)","Unfall 187374 (2018) Kat:3, Licht: 2","187374","3","4","6","09","06","5","0","2","0","0","1","1"
"POINT (11.616304670000034 48.120559861000061)","Unfall 187376 (2018) Kat:3, Licht: 2","187376","3","7","1","09","23","5","0","2","0","1","0","0"
"POINT (11.584615653000071 48.138143726000067)","Unfall 187378 (2018) Kat:3, Licht: 2","187378","3","1","0","09","22","5","0","2","1","0","0","0"
"POINT (11.574017724000043 48.152186343000039)","Unfall 187416 (2018) Kat:3, Licht: 2","187416","3","3","5","09","19","3","0","2","0","1","0","1"
"POINT (11.559692068000061 48.095705730000077)","Unfall 187418 (2018) Kat:3, Licht: 0","187418","3","7","4","09","18","3","0","0","1","1","0","0"
"POINT (11.588115638000033 48.109888058000081)","Unfall 187419 (2018) Kat:3, Licht: 2","187419","3","5","1","09","20","3","0","2","1","1","0","0"
"POINT (11.587909657000068 48.166313262000074)","Unfall 187421 (2018) Kat:3, Licht: 2","187421","3","5","1","09","20","3","0","2","1","1","0","0"
"POINT (11.518874990000029 48.076337620000061)","Unfall 187424 (2018) Kat:3, Licht: 0","187424","3","6","2","09","11","3","0","0","0","1","0","0"
"POINT (11.543760216000067 48.157545913000035)","Unfall 187426 (2018) Kat:2, Licht: 0","187426","2","4","6","09","11","3","0","0","0","0","1","0"
"POINT (11.539451689000032 48.114224494000041)","Unfall 187427 (2018) Kat:3, Licht: 0","187427","3","3","5","09","06","3","0","0","0","1","0","1"
"POINT (11.487831914000026 48.163936894000074)","Unfall 187432 (2018) Kat:3, Licht: 0","187432","3","6","2","09","12","3","0","0","0","1","0","0"
"POINT (11.528536346000067 48.172339454000053)","Unfall 187434 (2018) Kat:3, Licht: 0","187434","3","6","2","09","11","3","0","0","0","1","0","0"
"POINT (11.553345632000060 48.148508318000040)","Unfall 187437 (2018) Kat:3, Licht: 0","187437","3","6","2","09","18","3","0","0","1","0","0","0"
"POINT (11.520261140000059 48.150066273000050)","Unfall 187439 (2018) Kat:3, Licht: 0","187439","3","6","3","09","10","3","0","0","1","0","0","0"
"POINT (11.537385295000036 48.154069508000077)","Unfall 187440 (2018) Kat:3, Licht: 0","187440","3","3","5","09","10","3","0","0","0","1","0","0"
"POINT (11.600300354000069 48.108607860000063)","Unfall 187442 (2018) Kat:3, Licht: 0","187442","3","1","5","09","17","3","0","0","1","1","0","0"
"POINT (11.594523995000031 48.111133379000080)","Unfall 187445 (2018) Kat:3, Licht: 0","187445","3","7","6","09","15","3","0","0","0","1","1","0"
"POINT (11.581955390000076 48.125127790000079)","Unfall 187447 (2018) Kat:3, Licht: 0","187447","3","7","3","09","08","3","0","0","0","1","0","1"
"POINT (11.605743058000030 48.120700707000026)","Unfall 187448 (2018) Kat:3, Licht: 0","187448","3","7","1","09","08","3","0","0","0","1","0","1"
"POINT (11.584358555000051 48.157055291000063)","Unfall 187450 (2018) Kat:3, Licht: 2","187450","3","1","0","09","21","3","0","2","1","0","1","0"
"POINT (11.575364927000066 48.157654183000034)","Unfall 187452 (2018) Kat:3, Licht: 0","187452","3","5","3","09","08","3","0","0","1","1","0","0"
"POINT (11.516656209000075 48.116190451000080)","Unfall 187522 (2018) Kat:2, Licht: 2","187522","2","1","8","10","23","4","0","2","0","0","0","1"
"POINT (11.576265757000044 48.127837469000042)","Unfall 187524 (2018) Kat:3, Licht: 2","187524","3","2","4","10","23","4","0","2","0","1","0","0"
"POINT (11.568951039000069 48.125709853000046)","Unfall 187525 (2018) Kat:3, Licht: 2","187525","3","1","0","10","22","4","0","2","1","0","0","0"
"POINT (11.588960484000040 48.165396511000040)","Unfall 187526 (2018) Kat:3, Licht: 2","187526","3","1","0","10","06","4","0","2","1","0","0","0"
"POINT (11.566054462000068 48.178065992000029)","Unfall 187528 (2018) Kat:3, Licht: 2","187528","3","4","6","10","19","4","0","2","0","1","1","0"
"POINT (11.524469594000038 48.135597955000037)","Unfall 187531 (2018) Kat:3, Licht: 2","187531","3","2","3","10","00","4","0","2","1","1","0","0"
"POINT (11.633473912000056 48.124918107000042)","Unfall 187533 (2018) Kat:3, Licht: 2","187533","3","1","9","10","21","4","0","2","0","0","0","1"
"POINT (11.575948854000046 48.150287712000079)","Unfall 187542 (2018) Kat:2, Licht: 2","187542","2","2","5","09","21","1","0","2","1","1","0","0"
"POINT (11.560384316000068 48.174137726000026)","Unfall 187544 (2018) Kat:3, Licht: 0","187544","3","3","5","09","17","1","0","0","1","0","0","0"
"POINT (11.568363284000043 48.155098569000074)","Unfall 187545 (2018) Kat:2, Licht: 0","187545","2","3","4","09","17","1","0","0","0","1","0","1"
"POINT (11.462329719000024 48.136225349000028)","Unfall 187547 (2018) Kat:3, Licht: 0","187547","3","6","3","09","11","1","0","0","1","1","0","0"
"POINT (11.513326711000047 48.118075745000056)","Unfall 187550 (2018) Kat:2, Licht: 0","187550","2","7","0","09","16","1","0","0","1","1","0","0"
"POINT (11.543991187000074 48.126350879000029)","Unfall 187552 (2018) Kat:3, Licht: 1","187552","3","6","6","09","17","1","0","1","1","0","1","0"
"POINT (11.582750286000021 48.170957736000048)","Unfall 187567 (2018) Kat:3, Licht: 0","187567","3","3","5","10","16","3","0","0","1","1","0","0"
"POINT (11.584958606000043 48.137220354000078)","Unfall 187570 (2018) Kat:3, Licht: 0","187570","3","1","0","10","15","3","0","0","1","0","0","0"
"POINT (11.451141359000076 48.153848017000030)","Unfall 187572 (2018) Kat:3, Licht: 0","187572","3","6","4","10","17","3","0","0","1","1","0","0"
"POINT (11.562201196000046 48.157192652000049)","Unfall 187573 (2018) Kat:3, Licht: 0","187573","3","2","4","10","18","3","0","0","1","1","0","0"
"POINT (11.513993177000032 48.104209366000077)","Unfall 187575 (2018) Kat:2, Licht: 0","187575","2","6","3","10","17","3","0","0","1","0","0","0"
"POINT (11.663930360000052 48.118238271000052)","Unfall 187578 (2018) Kat:3, Licht: 0","187578","3","3","5","10","15","3","0","0","0","1","0","0"
"POINT (11.552743433000046 48.126736677000054)","Unfall 187585 (2018) Kat:1, Licht: 2","187585","1","7","1","10","19","3","0","2","0","1","0","1"
"POINT (11.557424382000022 48.121396779000065)","Unfall 187588 (2018) Kat:3, Licht: 0","187588","3","4","6","10","10","3","0","0","0","1","1","0"
"POINT (11.576625725000042 48.113962128000026)","Unfall 187591 (2018) Kat:3, Licht: 2","187591","3","2","4","10","05","3","1","2","0","1","0","1"
"POINT (11.522661137000057 48.106901712000081)","Unfall 187593 (2018) Kat:3, Licht: 0","187593","3","6","3","10","17","3","0","0","1","0","0","0"
"POINT (11.502598592000027 48.125605280000059)","Unfall 187594 (2018) Kat:3, Licht: 1","187594","3","3","5","10","20","3","0","1","0","1","0","0"
"POINT (11.502543967000065 48.118109715000060)","Unfall 187596 (2018) Kat:3, Licht: 0","187596","3","4","6","10","12","3","0","0","0","1","1","0"
"POINT (11.673763163000046 48.111247129000049)","Unfall 187600 (2018) Kat:3, Licht: 0","187600","3","2","5","10","08","3","0","0","1","1","0","0"
"POINT (11.558706562000054 48.139325111000062)","Unfall 187603 (2018) Kat:3, Licht: 0","187603","3","2","5","10","13","3","0","0","0","1","0","1"
"POINT (11.577609638000069 48.161872597000070)","Unfall 187605 (2018) Kat:3, Licht: 0","187605","3","7","1","10","15","3","0","0","1","1","0","0"
"POINT (11.575347687000033 48.143072583000048)","Unfall 187606 (2018) Kat:3, Licht: 0","187606","3","2","5","10","08","3","1","0","0","1","0","1"
"POINT (11.568699660000050 48.148619866000047)","Unfall 187608 (2018) Kat:3, Licht: 0","187608","3","7","1","10","10","3","0","0","1","1","0","0"
"POINT (11.529024222000032 48.224362233000079)","Unfall 187627 (2018) Kat:3, Licht: 0","187627","3","6","3","09","15","1","0","0","0","1","0","1"
"POINT (11.551291555000034 48.152900320000072)","Unfall 187634 (2018) Kat:3, Licht: 0","187634","3","7","7","09","14","7","0","0","1","0","0","0"
"POINT (11.550700119000055 48.137536923000027)","Unfall 187636 (2018) Kat:2, Licht: 0","187636","2","5","3","09","08","7","0","0","1","1","0","0"
"POINT (11.559552694000047 48.137410489000047)","Unfall 187637 (2018) Kat:3, Licht: 0","187637","3","7","3","09","11","7","0","0","0","1","0","0"
"POINT (11.569232057000022 48.140975190000063)","Unfall 187639 (2018) Kat:3, Licht: 0","187639","3","6","1","09","16","7","0","0","0","1","0","1"
"POINT (11.561019135000038 48.137305744000059)","Unfall 187641 (2018) Kat:3, Licht: 0","187641","3","7","6","09","18","7","0","0","0","1","1","0"
"POINT (11.555800610000063 48.133346255000049)","Unfall 187643 (2018) Kat:2, Licht: 0","187643","2","3","5","09","11","7","0","0","0","1","0","1"
"POINT (11.549769182000034 48.157315940000046)","Unfall 187645 (2018) Kat:3, Licht: 0","187645","3","6","2","09","15","7","0","0","1","0","0","0"
"POINT (11.529077198000039 48.099842481000053)","Unfall 187646 (2018) Kat:3, Licht: 2","187646","3","3","4","09","20","7","0","2","0","1","0","1"
"POINT (11.609122155000023 48.136380281000072)","Unfall 187647 (2018) Kat:3, Licht: 2","187647","3","3","4","09","19","7","0","2","0","1","0","0"
"POINT (11.529085052000028 48.129853210000078)","Unfall 187649 (2018) Kat:3, Licht: 0","187649","3","6","0","09","10","7","0","0","0","1","0","1"
"POINT (11.509804118000034 48.137471068000082)","Unfall 187705 (2018) Kat:3, Licht: 0","187705","3","6","2","10","11","2","0","0","0","1","0","0"
"POINT (11.502477019000025 48.120365919000051)","Unfall 187707 (2018) Kat:3, Licht: 2","187707","3","6","2","10","05","2","0","2","0","1","0","0"
"POINT (11.577025157000037 48.164738533000047)","Unfall 187710 (2018) Kat:3, Licht: 0","187710","3","3","5","10","09","2","1","0","0","1","0","0"
"POINT (11.669343004000041 48.139859390000026)","Unfall 187712 (2018) Kat:3, Licht: 0","187712","3","2","4","10","15","2","0","0","0","1","0","0"
"POINT (11.553542915000037 48.217254618000027)","Unfall 187713 (2018) Kat:3, Licht: 1","187713","3","4","6","10","07","2","1","1","0","1","1","0"
"POINT (11.523760157000027 48.136252039000055)","Unfall 187715 (2018) Kat:2, Licht: 2","187715","2","4","6","10","23","2","0","2","0","1","1","0"
"POINT (11.457012371000076 48.140196842000080)","Unfall 187717 (2018) Kat:3, Licht: 0","187717","3","2","4","10","14","2","0","0","0","1","0","0"
"POINT (11.501811201000066 48.172561752000036)","Unfall 187719 (2018) Kat:3, Licht: 0","187719","3","3","5","10","09","2","1","0","0","1","0","0"
"POINT (11.558779798000046 48.147579332000078)","Unfall 187721 (2018) Kat:3, Licht: 0","187721","3","6","2","10","15","2","0","0","0","1","0","0"
"POINT (11.534077158000059 48.124208367000051)","Unfall 187724 (2018) Kat:3, Licht: 2","187724","3","7","6","10","19","2","0","2","0","1","1","0"
"POINT (11.572841558000050 48.184892848000061)","Unfall 187725 (2018) Kat:3, Licht: 0","187725","3","4","6","09","16","6","0","0","0","1","1","0"
"POINT (11.580920578000075 48.169280280000066)","Unfall 187726 (2018) Kat:3, Licht: 0","187726","3","3","5","10","07","2","1","0","0","1","0","0"
"POINT (11.537438805000022 48.146129504000044)","Unfall 187728 (2018) Kat:3, Licht: 2","187728","3","6","3","09","20","6","0","2","0","1","0","0"
"POINT (11.476240828000073 48.094243954000035)","Unfall 187730 (2018) Kat:3, Licht: 0","187730","3","3","5","09","14","6","0","0","0","1","0","0"
"POINT (11.658989346000055 48.103517759000056)","Unfall 187733 (2018) Kat:3, Licht: 2","187733","3","2","5","09","21","6","0","2","0","1","0","0"
"POINT (11.566784827000049 48.114850244000081)","Unfall 187735 (2018) Kat:3, Licht: 0","187735","3","6","2","09","18","6","0","0","1","0","0","0"
"POINT (11.601825949000045 48.126925119000077)","Unfall 187737 (2018) Kat:3, Licht: 0","187737","3","2","5","09","12","6","0","0","1","1","0","0"
"POINT (11.570124506000070 48.134078385000066)","Unfall 187739 (2018) Kat:3, Licht: 0","187739","3","6","1","09","11","6","0","0","1","1","0","0"
"POINT (11.666685937000068 48.134387435000065)","Unfall 187760 (2018) Kat:2, Licht: 2","187760","2","5","1","10","06","1","1","2","0","1","0","0"
"POINT (11.569858172000067 48.130953866000027)","Unfall 187762 (2018) Kat:3, Licht: 2","187762","3","7","0","10","00","1","1","2","1","0","0","0"
"POINT (11.584283537000033 48.158317282000041)","Unfall 187764 (2018) Kat:3, Licht: 0","187764","3","7","4","10","13","1","0","0","0","1","0","0"
"POINT (11.517706009000051 48.104598349000071)","Unfall 187767 (2018) Kat:3, Licht: 0","187767","3","6","2","10","14","1","0","0","0","1","0","1"
"POINT (11.567562913000074 48.141564529000050)","Unfall 187768 (2018) Kat:2, Licht: 2","187768","2","7","0","10","04","1","1","2","1","0","0","0"
"POINT (11.577039176000028 48.115901220000069)","Unfall 187770 (2018) Kat:3, Licht: 2","187770","3","3","5","10","06","1","1","2","0","1","0","1"
"POINT (11.544968772000061 48.128245096000057)","Unfall 187771 (2018) Kat:3, Licht: 2","187771","3","7","6","10","01","1","0","2","0","1","1","0"
"POINT (11.589594365000039 48.137152122000032)","Unfall 187772 (2018) Kat:3, Licht: 2","187772","3","6","1","10","18","1","0","2","0","1","0","0"
"POINT (11.565810150000061 48.130199455000081)","Unfall 187773 (2018) Kat:3, Licht: 0","187773","3","2","3","10","11","1","0","0","1","1","0","0"
"POINT (11.548324079000054 48.118910222000068)","Unfall 187849 (2018) Kat:3, Licht: 2","187849","3","6","3","10","00","7","0","2","0","1","0","0"
"POINT (11.504761841000061 48.133146685000042)","Unfall 187851 (2018) Kat:3, Licht: 0","187851","3","3","5","10","17","7","0","0","0","1","0","0"
"POINT (11.562864012000034 48.093641566000031)","Unfall 187854 (2018) Kat:3, Licht: 2","187854","3","6","0","10","23","7","1","2","1","0","0","0"
"POINT (11.497753381000052 48.183928584000057)","Unfall 187855 (2018) Kat:3, Licht: 0","187855","3","3","5","10","17","7","0","0","0","1","0","0"
"POINT (11.624785033000023 48.131891626000026)","Unfall 187859 (2018) Kat:3, Licht: 0","187859","3","2","5","10","15","7","0","0","1","1","0","0"
"POINT (11.630546654000057 48.099888316000033)","Unfall 187862 (2018) Kat:3, Licht: 2","187862","3","4","6","10","04","7","0","2","0","1","1","0"
"POINT (11.642198865000069 48.158794131000036)","Unfall 187864 (2018) Kat:3, Licht: 0","187864","3","2","6","10","15","7","0","0","0","1","1","0"
"POINT (11.519937963000075 48.112821799000073)","Unfall 187865 (2018) Kat:3, Licht: 0","187865","3","2","5","10","10","7","0","0","0","1","0","1"
"POINT (11.565594436000026 48.132904870000061)","Unfall 187867 (2018) Kat:3, Licht: 0","187867","3","6","3","10","15","7","0","0","1","0","0","0"
"POINT (11.583178845000077 48.150252125000065)","Unfall 187881 (2018) Kat:3, Licht: 0","187881","3","7","1","10","17","5","0","0","1","0","0","0"
"POINT (11.586313410000059 48.165197497000065)","Unfall 187883 (2018) Kat:3, Licht: 0","187883","3","3","3","10","16","5","0","0","0","1","0","0"
"POINT (11.577936959000056 48.113628188000064)","Unfall 187885 (2018) Kat:3, Licht: 2","187885","3","7","0","10","19","5","0","2","1","0","0","0"
"POINT (11.605322677000061 48.202416565000078)","Unfall 187889 (2018) Kat:3, Licht: 2","187889","3","3","5","10","06","5","0","2","0","1","0","0"
"POINT (11.533626604000062 48.114514865000046)","Unfall 187892 (2018) Kat:3, Licht: 2","187892","3","5","0","10","20","5","0","2","1","1","0","0"
"POINT (11.588223765000066 48.167407433000051)","Unfall 187894 (2018) Kat:2, Licht: 2","187894","2","2","4","10","23","5","0","2","0","1","0","1"
"POINT (11.550580103000073 48.152517265000029)","Unfall 187895 (2018) Kat:3, Licht: 0","187895","3","7","7","10","16","5","0","0","1","0","0","0"
"POINT (11.566843985000048 48.133329730000071)","Unfall 187897 (2018) Kat:3, Licht: 0","187897","3","3","4","10","10","5","0","0","1","1","0","0"
"POINT (11.541630466000072 48.156225290000066)","Unfall 187899 (2018) Kat:2, Licht: 0","187899","2","6","6","10","07","5","0","0","1","0","1","0"
"POINT (11.476713389000054 48.113384679000035)","Unfall 187901 (2018) Kat:3, Licht: 0","187901","3","2","5","10","08","5","0","0","1","1","0","0"
"POINT (11.590343377000067 48.115108669000051)","Unfall 187903 (2018) Kat:3, Licht: 0","187903","3","6","2","10","07","5","0","0","0","1","0","0"
"POINT (11.611098847000051 48.117526403000056)","Unfall 187904 (2018) Kat:3, Licht: 0","187904","3","1","0","10","17","5","0","0","1","0","0","0"
"POINT (11.557172847000061 48.134698613000069)","Unfall 187962 (2018) Kat:3, Licht: 0","187962","3","6","0","10","18","6","0","0","1","1","0","0"
"POINT (11.510989156000051 48.129502260000038)","Unfall 187963 (2018) Kat:3, Licht: 0","187963","3","3","5","10","14","6","0","0","1","1","0","0"
"POINT (11.566268592000029 48.136551400000030)","Unfall 187965 (2018) Kat:3, Licht: 0","187965","3","4","6","10","10","6","0","0","0","1","1","0"
"POINT (11.449000705000060 48.144431863000079)","Unfall 187968 (2018) Kat:3, Licht: 1","187968","3","7","0","10","19","6","0","1","1","0","0","0"
"POINT (11.474923587000035 48.164471287000026)","Unfall 187970 (2018) Kat:3, Licht: 0","187970","3","7","5","10","11","6","0","0","0","1","0","1"
"POINT (11.614213130000053 48.128677441000036)","Unfall 187971 (2018) Kat:3, Licht: 0","187971","3","2","0","10","11","6","0","0","1","1","0","0"
"POINT (11.522182998000062 48.175425329000063)","Unfall 187973 (2018) Kat:3, Licht: 0","187973","3","2","2","10","13","6","0","0","0","1","0","0"
"POINT (11.630569200000025 48.118752052000048)","Unfall 187976 (2018) Kat:3, Licht: 0","187976","3","3","5","10","16","6","0","0","0","1","0","0"
"POINT (11.552448233000064 48.155398195000032)","Unfall 187977 (2018) Kat:2, Licht: 2","187977","2","4","6","10","01","6","0","2","0","1","1","0"
"POINT (11.583247778000043 48.160876309000059)","Unfall 187979 (2018) Kat:3, Licht: 0","187979","3","2","5","10","09","6","0","0","0","1","0","1"
"POINT (11.586216320000062 48.161859658000026)","Unfall 187982 (2018) Kat:3, Licht: 0","187982","3","6","0","10","09","6","0","0","0","1","0","0"
"POINT (11.586033643000064 48.169494648000068)","Unfall 187984 (2018) Kat:3, Licht: 0","187984","3","7","5","10","09","6","0","0","1","1","0","0"