WKT,Name,OBJECTID,UKATEGORIE,UTYP1,UART,UMONAT,USTUNDE,UWOCHENTAG,STRZUSTAND,ULICHTVERH,ISTRAD,ISTPKW,ISTFUSS,ISTKRAD
"POINT (11.523130594000065 48.181967515000053)","Unfall 187985 (2018) Kat:3, Licht: 2","187985","3","7","3","10","23","6","0","2","0","1","0","1"
"POINT (11.525240122000071 48.132558923000033)","Unfall 187992 (2018) Kat:3, Licht: 0","187992","3","2","0","10","15","6","0","0","0","1","0","1"
"POINT (11.502990500000067 48.125615894000077)","Unfall 187994 (2018) Kat:3, Licht: 0","187994","3","7","3","10","17","6","0","0","0","1","0","1"
"POINT (11.636614397000073 48.173335125000051)","Unfall 187996 (2018) Kat:3, Licht: 0","187996","3","7","6","10","17","6","0","0","1","0","1","0"
"POINT (11.653666154000064 48.139752520000059)","Unfall 187998 (2018) Kat:3, Licht: 0","187998","3","3","5","10","08","6","0","0","1","1","0","0"
"POINT (11.554284799000072 48.121752680000043)","Unfall 187999 (2018) Kat:3, Licht: 0","187999","3","6","4","10","13","6","0","0","1","0","0","0"
"POINT (11.587950848000048 48.164289868000026)","Unfall 188001 (2018) Kat:3, Licht: 0","188001","3","6","4","10","16","6","0","0","1","0","0","0"
"POINT (11.609564226000032 48.150919779000048)","Unfall 188026 (2018) Kat:3, Licht: 0","188026","3","2","3","10","13","4","0","0","1","1","0","0"
"POINT (11.508781791000047 48.081901989000073)","Unfall 188038 (2018) Kat:3, Licht: 0","188038","3","4","0","10","18","4","0","0","0","0","1","0"
"POINT (11.615506059000040 48.120706248000033)","Unfall 188060 (2018) Kat:3, Licht: 0","188060","3","6","3","10","16","4","0","0","0","1","0","0"
"POINT (11.530990556000063 48.169319676000043)","Unfall 188064 (2018) Kat:3, Licht: 1","188064","3","3","5","10","19","4","0","1","1","1","0","0"
"POINT (11.572653665000075 48.187703432000035)","Unfall 188074 (2018) Kat:3, Licht: 0","188074","3","4","6","10","17","4","0","0","0","1","1","0"
"POINT (11.643255359000023 48.139983497000060)","Unfall 188083 (2018) Kat:3, Licht: 0","188083","3","6","2","10","14","3","0","0","0","1","0","0"
"POINT (11.508426030000066 48.170722633000025)","Unfall 188084 (2018) Kat:3, Licht: 0","188084","3","6","6","10","17","3","0","0","1","0","1","0"
"POINT (11.555932131000077 48.139311730000031)","Unfall 188085 (2018) Kat:2, Licht: 0","188085","2","4","6","10","11","4","0","0","1","0","1","0"
"POINT (11.549536219000061 48.146049534000042)","Unfall 188086 (2018) Kat:3, Licht: 0","188086","3","2","3","10","16","3","0","0","1","1","0","0"
"POINT (11.589786304000029 48.201358839000079)","Unfall 188087 (2018) Kat:3, Licht: 2","188087","3","6","2","10","20","3","0","2","0","1","0","1"
"POINT (11.589190064000036 48.137397442000065)","Unfall 188089 (2018) Kat:3, Licht: 2","188089","3","2","5","10","00","3","0","2","0","1","0","0"
"POINT (11.545032441000046 48.122663216000035)","Unfall 188091 (2018) Kat:3, Licht: 0","188091","3","2","5","10","16","3","0","0","1","1","0","0"
"POINT (11.572431555000037 48.132786891000080)","Unfall 188092 (2018) Kat:3, Licht: 0","188092","3","4","6","10","14","3","0","0","0","1","1","0"
"POINT (11.586322403000054 48.167337741000040)","Unfall 188094 (2018) Kat:3, Licht: 0","188094","3","2","4","10","15","3","0","0","0","1","0","0"
"POINT (11.561316218000059 48.141041200000075)","Unfall 188095 (2018) Kat:2, Licht: 0","188095","2","6","2","10","09","3","0","0","1","1","0","0"
"POINT (11.574716219000038 48.162470360000043)","Unfall 188098 (2018) Kat:3, Licht: 2","188098","3","6","3","10","20","3","0","2","0","1","0","1"
"POINT (11.606281072000058 48.120835662000047)","Unfall 188101 (2018) Kat:3, Licht: 0","188101","3","2","4","10","13","3","0","0","0","1","0","0"
"POINT (11.568228992000058 48.140622628000074)","Unfall 188103 (2018) Kat:3, Licht: 0","188103","3","7","0","10","08","4","0","0","0","1","0","1"
"POINT (11.508167477000029 48.135130954000033)","Unfall 188104 (2018) Kat:3, Licht: 0","188104","3","3","5","10","15","3","0","0","1","1","0","0"
"POINT (11.461394197000061 48.147886243000073)","Unfall 188105 (2018) Kat:3, Licht: 0","188105","3","3","5","10","09","3","0","0","1","1","0","0"
"POINT (11.459777423000048 48.146944794000035)","Unfall 188106 (2018) Kat:3, Licht: 2","188106","3","7","0","10","05","3","0","2","1","0","0","0"
"POINT (11.534274837000055 48.100057997000079)","Unfall 188108 (2018) Kat:3, Licht: 0","188108","3","2","4","10","10","3","0","0","1","1","0","0"
"POINT (11.671266039000045 48.109527692000029)","Unfall 188109 (2018) Kat:3, Licht: 0","188109","3","3","5","10","17","3","0","0","0","1","0","1"
"POINT (11.599981493000030 48.140732289000027)","Unfall 188110 (2018) Kat:3, Licht: 0","188110","3","2","3","10","11","3","0","0","1","0","0","0"
"POINT (11.575988203000065 48.120397239000056)","Unfall 188113 (2018) Kat:3, Licht: 2","188113","3","2","0","10","19","3","0","2","0","1","0","1"
"POINT (11.563736942000048 48.153740876000029)","Unfall 188114 (2018) Kat:3, Licht: 0","188114","3","3","5","10","15","4","0","0","0","1","0","0"
"POINT (11.573241361000044 48.130076004000045)","Unfall 188115 (2018) Kat:3, Licht: 0","188115","3","3","5","10","13","3","0","0","1","1","0","0"
"POINT (11.547661322000067 48.126819942000054)","Unfall 188116 (2018) Kat:3, Licht: 0","188116","3","2","5","10","17","3","0","0","1","1","0","0"
"POINT (11.552907115000039 48.148596375000068)","Unfall 188140 (2018) Kat:3, Licht: 2","188140","3","2","3","10","19","4","0","2","0","1","0","1"
"POINT (11.570265502000041 48.191613647000054)","Unfall 188164 (2018) Kat:3, Licht: 0","188164","3","6","3","10","09","4","0","0","0","1","0","1"
"POINT (11.602789958000074 48.124357820000057)","Unfall 188169 (2018) Kat:2, Licht: 0","188169","2","7","3","10","18","4","0","0","0","1","0","1"
"POINT (11.576277081000057 48.133202298000072)","Unfall 188178 (2018) Kat:3, Licht: 0","188178","3","6","0","10","13","4","0","0","0","1","0","1"
"POINT (11.672254448000047 48.100764570000081)","Unfall 188190 (2018) Kat:3, Licht: 0","188190","3","3","5","10","07","4","0","0","1","1","0","0"
"POINT (11.558400192000022 48.128417967000075)","Unfall 188205 (2018) Kat:3, Licht: 0","188205","3","6","3","10","17","2","0","0","1","1","0","0"
"POINT (11.481112759000041 48.085708950000026)","Unfall 188207 (2018) Kat:3, Licht: 0","188207","3","3","5","10","08","2","1","0","0","1","0","0"
"POINT (11.565383631000032 48.116545564000035)","Unfall 188208 (2018) Kat:3, Licht: 0","188208","3","6","4","10","14","2","0","0","0","1","0","0"
"POINT (11.613027739000074 48.124687010000059)","Unfall 188211 (2018) Kat:3, Licht: 0","188211","3","2","5","10","17","2","0","0","0","1","0","0"
"POINT (11.572227558000066 48.193639251000036)","Unfall 188213 (2018) Kat:3, Licht: 0","188213","3","3","5","10","08","2","0","0","1","0","0","0"
"POINT (11.588389021000069 48.131533255000079)","Unfall 188214 (2018) Kat:3, Licht: 2","188214","3","6","0","10","20","2","0","2","0","1","0","1"
"POINT (11.502658569000062 48.164505303000055)","Unfall 188215 (2018) Kat:2, Licht: 0","188215","2","2","5","10","16","2","0","0","0","1","0","1"
"POINT (11.613842080000040 48.160754480000037)","Unfall 188216 (2018) Kat:3, Licht: 0","188216","3","6","5","10","07","2","1","0","1","1","0","0"
"POINT (11.705650076000040 48.105281624000042)","Unfall 188218 (2018) Kat:3, Licht: 0","188218","3","4","0","10","16","2","0","0","1","0","1","0"
"POINT (11.521495505000075 48.177096092000056)","Unfall 188219 (2018) Kat:3, Licht: 0","188219","3","4","6","10","13","2","0","0","0","1","1","0"
"POINT (11.572517737000055 48.189638601000070)","Unfall 188222 (2018) Kat:3, Licht: 0","188222","3","2","2","10","07","2","1","0","0","1","0","0"
"POINT (11.568543241000043 48.132582414000069)","Unfall 188223 (2018) Kat:3, Licht: 2","188223","3","2","5","10","19","4","0","2","0","1","0","1"
"POINT (11.599920332000067 48.125605836000034)","Unfall 188224 (2018) Kat:3, Licht: 0","188224","3","7","6","10","12","2","0","0","0","1","1","0"
"POINT (11.601351926000063 48.186962951000055)","Unfall 188225 (2018) Kat:3, Licht: 0","188225","3","6","1","10","16","2","0","0","0","1","0","0"
"POINT (11.496715958000038 48.192397374000052)","Unfall 188227 (2018) Kat:3, Licht: 0","188227","3","7","0","10","09","2","0","0","1","0","0","0"
"POINT (11.551076832000035 48.155393228000037)","Unfall 188229 (2018) Kat:2, Licht: 2","188229","2","2","6","10","06","2","0","2","0","1","1","0"
"POINT (11.478111218000038 48.118734774000075)","Unfall 188232 (2018) Kat:3, Licht: 0","188232","3","6","3","10","11","2","0","0","1","0","0","0"
"POINT (11.528385018000051 48.165158390000045)","Unfall 188233 (2018) Kat:3, Licht: 1","188233","3","6","0","10","07","4","0","1","1","0","0","0"
"POINT (11.628688904000057 48.150703936000070)","Unfall 188234 (2018) Kat:3, Licht: 0","188234","3","3","5","10","14","2","0","0","1","0","0","0"
"POINT (11.474467240000024 48.142456501000026)","Unfall 188235 (2018) Kat:3, Licht: 0","188235","3","2","6","10","18","4","0","0","0","1","1","0"
"POINT (11.540172072000075 48.117629246000035)","Unfall 188236 (2018) Kat:3, Licht: 0","188236","3","6","1","10","08","2","0","0","0","1","0","1"
"POINT (11.558420955000031 48.129372148000073)","Unfall 188237 (2018) Kat:3, Licht: 0","188237","3","3","5","10","17","2","0","0","1","0","0","0"
"POINT (11.546132717000035 48.131705143000033)","Unfall 188238 (2018) Kat:3, Licht: 0","188238","3","7","0","10","11","2","0","0","0","1","0","0"
"POINT (11.576728007000042 48.143850523000026)","Unfall 188243 (2018) Kat:2, Licht: 0","188243","2","5","1","10","08","4","0","0","1","1","0","0"
"POINT (11.562498503000029 48.163075199000048)","Unfall 188259 (2018) Kat:2, Licht: 0","188259","2","6","0","10","13","4","0","0","1","0","0","0"
"POINT (11.571707645000060 48.205064898000046)","Unfall 188275 (2018) Kat:3, Licht: 2","188275","3","3","5","10","00","6","0","2","0","1","0","1"
"POINT (11.548625029000050 48.111993526000049)","Unfall 188280 (2018) Kat:3, Licht: 0","188280","3","2","5","10","17","6","0","0","1","1","0","0"
"POINT (11.546728132000055 48.101383381000062)","Unfall 188282 (2018) Kat:3, Licht: 1","188282","3","3","5","10","18","6","0","1","1","1","0","0"
"POINT (11.539822796000067 48.211812603000055)","Unfall 188297 (2018) Kat:3, Licht: 0","188297","3","3","5","10","15","6","0","0","0","1","0","1"
"POINT (11.564093401000036 48.202701811000054)","Unfall 188300 (2018) Kat:3, Licht: 2","188300","3","7","1","10","04","6","0","2","0","1","0","0"
"POINT (11.516630047000035 48.157165970000051)","Unfall 188306 (2018) Kat:3, Licht: 0","188306","3","3","5","10","11","6","0","0","0","1","0","0"
"POINT (11.449166845000036 48.154905278000058)","Unfall 188308 (2018) Kat:3, Licht: 0","188308","3","6","4","10","09","5","0","0","1","1","0","0"
"POINT (11.531381470000042 48.182135441000071)","Unfall 188312 (2018) Kat:3, Licht: 0","188312","3","3","5","10","10","5","0","0","1","1","0","0"
"POINT (11.628444928000022 48.147445063000077)","Unfall 188313 (2018) Kat:2, Licht: 0","188313","2","2","4","10","09","6","0","0","1","1","0","0"
"POINT (11.564240952000034 48.186984923000068)","Unfall 188314 (2018) Kat:3, Licht: 0","188314","3","6","3","10","15","5","0","0","0","1","0","1"
"POINT (11.540127373000075 48.116080960000033)","Unfall 188316 (2018) Kat:3, Licht: 0","188316","3","7","6","10","10","5","0","0","0","1","1","0"
"POINT (11.698601874000076 48.140092570000036)","Unfall 188317 (2018) Kat:3, Licht: 0","188317","3","6","2","10","09","5","0","0","0","1","0","0"
"POINT (11.528809836000050 48.130035223000050)","Unfall 188320 (2018) Kat:3, Licht: 2","188320","3","3","5","10","05","5","0","2","0","1","0","0"
"POINT (11.421050890000060 48.144051317000049)","Unfall 188324 (2018) Kat:3, Licht: 0","188324","3","7","6","10","11","5","0","0","0","1","1","0"
"POINT (11.597185236000030 48.173161238000034)","Unfall 188328 (2018) Kat:3, Licht: 1","188328","3","2","4","10","20","5","0","1","0","1","0","0"
"POINT (11.605665996000027 48.126227499000038)","Unfall 188331 (2018) Kat:3, Licht: 0","188331","3","2","4","10","14","5","0","0","1","1","0","0"
"POINT (11.523042561000068 48.176240892000067)","Unfall 188343 (2018) Kat:3, Licht: 0","188343","3","6","2","10","16","5","0","0","0","1","0","0"
"POINT (11.598004845000048 48.135603694000054)","Unfall 188344 (2018) Kat:3, Licht: 0","188344","3","6","3","10","14","6","0","0","1","1","0","0"
"POINT (11.517118003000064 48.083649138000055)","Unfall 188346 (2018) Kat:3, Licht: 0","188346","3","6","2","10","13","5","0","0","0","1","0","0"
"POINT (11.574038640000026 48.157622148000030)","Unfall 188354 (2018) Kat:3, Licht: 0","188354","3","3","5","10","18","5","0","0","0","1","0","1"
"POINT (11.504952271000036 48.135504074000039)","Unfall 188356 (2018) Kat:3, Licht: 0","188356","3","2","5","10","17","5","0","0","1","1","0","0"
"POINT (11.581107327000041 48.124375100000066)","Unfall 188357 (2018) Kat:3, Licht: 2","188357","3","2","4","10","19","6","0","2","0","1","0","0"
"POINT (11.521265153000058 48.182018173000074)","Unfall 188359 (2018) Kat:2, Licht: 0","188359","2","2","6","10","06","5","0","0","0","1","1","0"
"POINT (11.563316801000042 48.155663164000032)","Unfall 188366 (2018) Kat:3, Licht: 0","188366","3","6","3","10","15","5","0","0","1","1","0","0"
"POINT (11.576345000000060 48.119075450000025)","Unfall 188368 (2018) Kat:3, Licht: 0","188368","3","4","6","10","17","6","0","0","0","1","1","0"
"POINT (11.524258358000054 48.102177295000047)","Unfall 188370 (2018) Kat:2, Licht: 0","188370","2","2","4","10","09","5","0","0","1","1","0","0"
"POINT (11.502594583000075 48.119837976000042)","Unfall 188374 (2018) Kat:3, Licht: 0","188374","3","2","5","10","07","6","0","0","1","1","0","0"
"POINT (11.577887879000059 48.196189268000069)","Unfall 188376 (2018) Kat:3, Licht: 0","188376","3","7","1","10","13","5","0","0","1","1","0","0"
"POINT (11.514165613000046 48.178264526000078)","Unfall 188385 (2018) Kat:2, Licht: 1","188385","2","2","5","10","18","5","0","1","1","1","0","0"
"POINT (11.525180560000024 48.132600740000044)","Unfall 188389 (2018) Kat:3, Licht: 0","188389","3","2","2","10","09","5","0","0","0","1","0","0"
"POINT (11.589112279000062 48.131604381000045)","Unfall 188390 (2018) Kat:3, Licht: 0","188390","3","6","4","10","14","6","0","0","1","1","0","0"
"POINT (11.502379271000052 48.110537835000059)","Unfall 188392 (2018) Kat:3, Licht: 0","188392","3","5","1","10","10","5","0","0","1","0","0","0"
"POINT (11.648176944000056 48.139925190000042)","Unfall 188394 (2018) Kat:2, Licht: 1","188394","2","1","0","10","18","5","0","1","1","0","0","0"
"POINT (11.572032834000026 48.141854234000050)","Unfall 188398 (2018) Kat:3, Licht: 2","188398","3","4","3","10","01","7","0","2","0","1","1","0"
"POINT (11.573120782000046 48.199265631000060)","Unfall 188400 (2018) Kat:3, Licht: 0","188400","3","3","5","10","16","7","0","0","0","1","0","0"
"POINT (11.593845339000040 48.128510338000069)","Unfall 188401 (2018) Kat:2, Licht: 2","188401","2","1","0","10","20","5","0","2","1","0","0","0"
"POINT (11.628166396000040 48.101215078000052)","Unfall 188403 (2018) Kat:3, Licht: 0","188403","3","2","5","10","10","7","0","0","1","1","0","0"
"POINT (11.540470863000053 48.119862912000031)","Unfall 188404 (2018) Kat:3, Licht: 0","188404","3","7","0","10","17","5","0","0","0","0","0","0"
"POINT (11.556141240000045 48.124328210000044)","Unfall 188405 (2018) Kat:3, Licht: 0","188405","3","5","3","10","09","7","0","0","1","1","0","0"
"POINT (11.615432225000063 48.198855266000066)","Unfall 188407 (2018) Kat:3, Licht: 0","188407","3","3","5","10","14","7","0","0","0","1","0","0"
"POINT (11.494885009000029 48.177985600000056)","Unfall 188408 (2018) Kat:3, Licht: 0","188408","3","3","4","10","16","7","0","0","1","1","0","0"
"POINT (11.585656270000072 48.155196843000056)","Unfall 188409 (2018) Kat:3, Licht: 0","188409","3","3","5","10","07","5","0","0","1","1","0","0"
"POINT (11.583777190000035 48.119188465000036)","Unfall 188410 (2018) Kat:3, Licht: 0","188410","3","6","2","10","13","7","0","0","1","1","0","0"
"POINT (11.646435246000067 48.106941243000051)","Unfall 188412 (2018) Kat:2, Licht: 2","188412","2","4","6","10","20","7","0","2","0","1","1","0"
"POINT (11.568201705000035 48.123573849000081)","Unfall 188413 (2018) Kat:3, Licht: 2","188413","3","5","1","10","19","7","0","2","0","1","0","1"
"POINT (11.553573258000029 48.194807958000069)","Unfall 188415 (2018) Kat:3, Licht: 0","188415","3","4","0","10","13","7","0","0","1","0","1","0"
"POINT (11.561026876000028 48.137395345000073)","Unfall 188416 (2018) Kat:3, Licht: 0","188416","3","7","5","10","16","5","0","0","0","1","0","1"
"POINT (11.568012229000033 48.204890686000056)","Unfall 188417 (2018) Kat:3, Licht: 0","188417","3","2","4","10","16","6","0","0","0","1","0","1"
"POINT (11.590263496000034 48.166638534000072)","Unfall 188418 (2018) Kat:3, Licht: 0","188418","3","7","3","10","15","7","0","0","1","0","0","0"
"POINT (11.571136671000033 48.112073506000058)","Unfall 188420 (2018) Kat:2, Licht: 2","188420","2","6","8","10","06","7","0","2","0","0","0","1"
"POINT (11.546736230000022 48.149818285000038)","Unfall 188424 (2018) Kat:3, Licht: 0","188424","3","3","5","10","15","7","0","0","1","1","0","0"
"POINT (11.495242097000073 48.117926195000052)","Unfall 188426 (2018) Kat:3, Licht: 2","188426","3","5","1","10","22","7","0","2","1","1","0","0"
"POINT (11.603476922000027 48.111136589000068)","Unfall 188430 (2018) Kat:3, Licht: 0","188430","3","7","0","10","17","7","0","0","1","1","0","0"
"POINT (11.541745173000038 48.125559627000030)","Unfall 188444 (2018) Kat:3, Licht: 1","188444","3","6","3","10","18","6","0","1","0","1","0","1"
"POINT (11.547359371000027 48.118353397000078)","Unfall 188465 (2018) Kat:3, Licht: 0","188465","3","6","5","10","11","6","0","0","0","1","0","0"
"POINT (11.502402647000054 48.112011061000032)","Unfall 188476 (2018) Kat:3, Licht: 0","188476","3","2","5","10","15","6","0","0","1","1","0","0"
"POINT (11.513094595000041 48.153778793000072)","Unfall 188479 (2018) Kat:3, Licht: 0","188479","3","2","5","10","12","6","0","0","0","1","0","0"
"POINT (11.583836949000045 48.118959375000031)","Unfall 188490 (2018) Kat:3, Licht: 0","188490","3","4","6","10","09","6","0","0","0","1","1","0"
"POINT (11.561082595000073 48.138088269000036)","Unfall 188511 (2018) Kat:3, Licht: 0","188511","3","4","6","10","16","6","0","0","0","1","1","0"
"POINT (11.536233921000075 48.153610761000039)","Unfall 188543 (2018) Kat:3, Licht: 0","188543","3","7","0","10","12","1","0","0","1","0","0","0"
"POINT (11.511760633000051 48.072649236000075)","Unfall 188563 (2018) Kat:2, Licht: 0","188563","2","3","1","10","14","1","0","0","1","1","0","0"
"POINT (11.574932646000036 48.160342287000049)","Unfall 188577 (2018) Kat:3, Licht: 0","188577","3","1","0","10","12","4","0","0","1","0","0","0"
"POINT (11.538851377000071 48.170332397000038)","Unfall 188579 (2018) Kat:3, Licht: 0","188579","3","3","5","10","14","4","0","0","1","1","0","0"
"POINT (11.545844810000062 48.103892434000045)","Unfall 188581 (2018) Kat:3, Licht: 0","188581","3","6","2","10","16","4","0","0","0","1","0","1"
"POINT (11.615325011000039 48.130982554000070)","Unfall 188584 (2018) Kat:3, Licht: 0","188584","3","3","5","10","09","4","0","0","0","1","0","0"
"POINT (11.535587834000069 48.146344372000044)","Unfall 188588 (2018) Kat:3, Licht: 2","188588","3","3","5","10","21","4","0","2","1","0","0","0"
"POINT (11.526168323000036 48.134488231000034)","Unfall 188591 (2018) Kat:3, Licht: 0","188591","3","2","5","10","11","4","0","0","1","0","0","0"
"POINT (11.605076636000035 48.130423090000079)","Unfall 188593 (2018) Kat:3, Licht: 0","188593","3","3","0","10","14","4","0","0","0","1","0","0"
"POINT (11.549860823000074 48.136040244000071)","Unfall 188596 (2018) Kat:3, Licht: 0","188596","3","3","5","10","10","4","0","0","0","1","0","1"
"POINT (11.592690923000077 48.168781680000052)","Unfall 188598 (2018) Kat:3, Licht: 0","188598","3","7","7","10","16","4","0","0","1","0","1","0"
"POINT (11.566640005000068 48.159343098000079)","Unfall 188599 (2018) Kat:3, Licht: 0","188599","3","2","4","10","17","4","0","0","1","1","0","0"
"POINT (11.584189550000076 48.143691103000037)","Unfall 188601 (2018) Kat:3, Licht: 2","188601","3","1","0","10","19","4","0","2","0","1","0","0"
"POINT (11.562587997000037 48.213474899000062)","Unfall 188622 (2018) Kat:3, Licht: 2","188622","3","3","5","10","19","2","0","2","1","1","0","0"
"POINT (11.605492908000031 48.129420967000044)","Unfall 188624 (2018) Kat:2, Licht: 0","188624","2","6","2","10","12","2","0","0","1","0","0","0"
"POINT (11.540188881000063 48.134785193000027)","Unfall 188626 (2018) Kat:3, Licht: 1","188626","3","4","6","10","19","2","0","1","0","1","1","0"
"POINT (11.565248309000026 48.137358282000037)","Unfall 188628 (2018) Kat:2, Licht: 2","188628","2","4","6","10","19","2","0","2","1","1","1","0"
"POINT (11.584224979000055 48.139749555000037)","Unfall 188630 (2018) Kat:3, Licht: 0","188630","3","6","4","10","09","2","0","0","1","1","0","0"
"POINT (11.465250243000071 48.146149254000079)","Unfall 188632 (2018) Kat:3, Licht: 0","188632","3","2","5","10","15","2","0","0","0","1","0","1"
"POINT (11.537253508000049 48.169247160000054)","Unfall 188634 (2018) Kat:3, Licht: 0","188634","3","7","0","10","07","2","0","0","1","0","1","0"
"POINT (11.499015372000031 48.179913875000068)","Unfall 188635 (2018) Kat:3, Licht: 2","188635","3","2","5","10","07","2","0","2","1","1","0","0"
"POINT (11.551982325000040 48.185963930000071)","Unfall 188637 (2018) Kat:3, Licht: 2","188637","3","2","5","10","22","2","0","2","1","1","0","0"
"POINT (11.534300340000073 48.193356655000059)","Unfall 188639 (2018) Kat:3, Licht: 0","188639","3","6","2","10","16","2","0","0","0","1","0","0"
"POINT (11.523201725000035 48.095103366000046)","Unfall 188641 (2018) Kat:3, Licht: 1","188641","3","2","1","10","18","2","0","1","0","1","0","0"
"POINT (11.502937470000063 48.131809739000062)","Unfall 188741 (2018) Kat:3, Licht: 0","188741","3","1","0","10","15","3","0","0","1","0","0","0"
"POINT (11.548456248000036 48.121360004000053)","Unfall 188743 (2018) Kat:3, Licht: 2","188743","3","7","0","10","19","3","0","2","0","1","0","1"
"POINT (11.590153324000028 48.176851261000081)","Unfall 188745 (2018) Kat:3, Licht: 0","188745","3","3","5","10","10","3","0","0","1","1","0","0"
"POINT (11.575676331000068 48.184383992000051)","Unfall 188747 (2018) Kat:3, Licht: 0","188747","3","2","3","10","14","3","0","0","1","0","0","0"
"POINT (11.476706305000050 48.113347636000071)","Unfall 188749 (2018) Kat:3, Licht: 0","188749","3","2","5","10","16","3","0","0","0","1","0","0"
"POINT (11.646638283000073 48.139897059000077)","Unfall 188751 (2018) Kat:2, Licht: 0","188751","2","6","4","10","16","3","0","0","0","1","0","1"
"POINT (11.478660428000069 48.129270257000030)","Unfall 188753 (2018) Kat:3, Licht: 0","188753","3","2","4","10","09","3","0","0","0","1","0","1"
"POINT (11.552387402000022 48.123902572000077)","Unfall 188755 (2018) Kat:2, Licht: 0","188755","2","4","6","10","07","3","0","0","0","0","1","1"
"POINT (11.555365901000073 48.219532022000067)","Unfall 188757 (2018) Kat:2, Licht: 0","188757","2","6","0","10","10","3","0","0","0","1","0","0"
"POINT (11.421480801000030 48.147450368000079)","Unfall 188759 (2018) Kat:2, Licht: 0","188759","2","3","5","10","10","3","0","0","0","1","0","1"
"POINT (11.541711039000063 48.207544369000061)","Unfall 188761 (2018) Kat:3, Licht: 0","188761","3","2","2","10","16","3","0","0","1","1","0","0"
"POINT (11.514252018000036 48.120732152000073)","Unfall 188763 (2018) Kat:3, Licht: 0","188763","3","7","0","10","14","3","0","0","1","0","0","0"
"POINT (11.548692340000059 48.123919155000067)","Unfall 188765 (2018) Kat:3, Licht: 0","188765","3","3","5","10","15","3","0","0","0","1","0","1"
"POINT (11.568220053000061 48.132567073000075)","Unfall 188766 (2018) Kat:3, Licht: 0","188766","3","1","0","10","11","3","0","0","1","0","0","0"
"POINT (11.636911809000026 48.118668877000061)","Unfall 188771 (2018) Kat:3, Licht: 0","188771","3","6","3","10","17","1","0","0","1","0","0","0"
"POINT (11.612898061000067 48.122580006000078)","Unfall 188773 (2018) Kat:3, Licht: 0","188773","3","2","5","10","17","1","0","0","1","1","0","0"
"POINT (11.575921708000067 48.134525582000038)","Unfall 188775 (2018) Kat:3, Licht: 2","188775","3","6","4","10","20","1","0","2","0","1","0","1"
"POINT (11.534511752000071 48.119405770000071)","Unfall 188776 (2018) Kat:3, Licht: 2","188776","3","5","1","10","04","1","0","2","0","1","0","0"
"POINT (11.465304064000065 48.146140457000058)","Unfall 188780 (2018) Kat:3, Licht: 0","188780","3","2","4","10","13","1","0","0","0","1","0","0"
"POINT (11.548707490000027 48.170941882000079)","Unfall 188782 (2018) Kat:3, Licht: 0","188782","3","4","6","10","12","1","0","0","1","0","1","0"
"POINT (11.511448067000060 48.158098153000026)","Unfall 188784 (2018) Kat:3, Licht: 0","188784","3","7","0","10","11","1","0","0","1","0","0","0"
"POINT (11.536145986000065 48.155862118000073)","Unfall 188828 (2018) Kat:3, Licht: 2","188828","3","7","1","10","19","1","0","2","0","1","0","1"
"POINT (11.659204392000049 48.103512503000047)","Unfall 188830 (2018) Kat:3, Licht: 0","188830","3","2","3","10","17","1","0","0","1","1","0","0"
"POINT (11.540453112000023 48.118374934000030)","Unfall 188832 (2018) Kat:3, Licht: 0","188832","3","2","4","10","12","1","0","0","1","1","0","0"
"POINT (11.479325792000054 48.125704881000047)","Unfall 188835 (2018) Kat:3, Licht: 0","188835","3","2","3","10","12","1","0","0","1","1","0","0"
"POINT (11.533797926000034 48.117854088000058)","Unfall 188851 (2018) Kat:3, Licht: 0","188851","3","3","5","10","10","5","0","0","1","1","0","0"
"POINT (11.479325679000056 48.125767532000054)","Unfall 188853 (2018) Kat:3, Licht: 0","188853","3","7","0","10","16","5","0","0","0","0","0","0"
"POINT (11.561195984000051 48.219953913000040)","Unfall 188856 (2018) Kat:3, Licht: 0","188856","3","3","4","10","14","5","0","0","1","0","0","0"
"POINT (11.575724781000076 48.160267103000081)","Unfall 188858 (2018) Kat:3, Licht: 2","188858","3","2","5","10","19","5","0","2","0","1","0","1"
"POINT (11.586372948000076 48.164548703000037)","Unfall 188860 (2018) Kat:3, Licht: 0","188860","3","6","0","10","16","5","0","0","0","1","0","0"
"POINT (11.578397289000065 48.149573819000068)","Unfall 188861 (2018) Kat:2, Licht: 1","188861","2","1","0","10","18","5","0","1","1","0","1","0"
"POINT (11.601175023000053 48.126447328000040)","Unfall 188863 (2018) Kat:3, Licht: 0","188863","3","7","5","10","13","5","0","0","0","0","0","1"
"POINT (11.478147723000063 48.118588233000025)","Unfall 188866 (2018) Kat:3, Licht: 0","188866","3","2","5","10","07","5","0","0","0","1","0","1"
"POINT (11.577448517000050 48.139597268000045)","Unfall 188868 (2018) Kat:3, Licht: 0","188868","3","6","4","10","15","5","0","0","1","0","0","0"
"POINT (11.562565899000049 48.105012867000028)","Unfall 188871 (2018) Kat:2, Licht: 0","188871","2","7","5","10","10","5","0","0","1","1","0","0"
"POINT (11.667361302000074 48.085022265000077)","Unfall 188873 (2018) Kat:3, Licht: 0","188873","3","3","5","10","11","5","0","0","1","1","0","0"
"POINT (11.568711899000050 48.132402622000029)","Unfall 188875 (2018) Kat:3, Licht: 0","188875","3","1","0","10","14","5","0","0","1","0","0","0"