WKT,Name,OBJECTID,UKATEGORIE,UTYP1,UART,UMONAT,USTUNDE,UWOCHENTAG,STRZUSTAND,ULICHTVERH,ISTRAD,ISTPKW,ISTFUSS,ISTKRAD
"POINT (11.581806634000031 48.120457686000066)","Unfall 188876 (2018) Kat:3, Licht: 0","188876","3","6","3","10","10","5","0","0","0","1","0","1"
"POINT (11.607730221000054 48.150365039000064)","Unfall 188878 (2018) Kat:3, Licht: 2","188878","3","6","0","10","21","5","1","2","0","0","0","1"
"POINT (11.624214597000048 48.169428337000056)","Unfall 188880 (2018) Kat:3, Licht: 0","188880","3","6","2","10","12","5","0","0","0","1","0","1"
"POINT (11.568341631000067 48.132492464000052)","Unfall 188883 (2018) Kat:3, Licht: 0","188883","3","5","5","10","08","5","0","0","1","1","0","0"
"POINT (11.558193498000037 48.143266043000040)","Unfall 188885 (2018) Kat:3, Licht: 0","188885","3","6","6","10","13","5","0","0","0","1","1","0"
"POINT (11.514177258000075 48.139083827000036)","Unfall 188887 (2018) Kat:3, Licht: 0","188887","3","6","0","10","13","5","0","0","0","1","0","1"
"POINT (11.459815630000037 48.188576564000073)","Unfall 188888 (2018) Kat:3, Licht: 2","188888","3","3","5","10","20","5","0","2","1","1","0","0"
"POINT (11.520359462000044 48.150052293000044)","Unfall 188890 (2018) Kat:3, Licht: 0","188890","3","3","5","10","15","5","0","0","0","1","0","0"
"POINT (11.506759479000038 48.163856943000042)","Unfall 188892 (2018) Kat:3, Licht: 0","188892","3","6","1","10","10","5","0","0","0","1","0","0"
"POINT (11.546591159000059 48.200431643000059)","Unfall 188893 (2018) Kat:3, Licht: 0","188893","3","3","5","10","11","7","0","0","1","1","0","0"
"POINT (11.615952104000030 48.146115456000075)","Unfall 188894 (2018) Kat:3, Licht: 0","188894","3","6","3","10","17","5","0","0","1","0","0","0"
"POINT (11.558227027000044 48.118981661000078)","Unfall 188895 (2018) Kat:3, Licht: 0","188895","3","7","2","10","13","7","0","0","0","1","0","0"
"POINT (11.609233689000064 48.136300994000067)","Unfall 188896 (2018) Kat:3, Licht: 0","188896","3","2","2","10","14","5","0","0","0","1","0","1"
"POINT (11.582405571000038 48.133757159000027)","Unfall 188897 (2018) Kat:2, Licht: 0","188897","2","7","0","10","10","7","0","0","1","0","0","0"
"POINT (11.534740952000050 48.132720466000080)","Unfall 188898 (2018) Kat:3, Licht: 2","188898","3","5","0","10","22","5","0","2","1","1","0","0"
"POINT (11.481609139000057 48.141668428000060)","Unfall 188899 (2018) Kat:3, Licht: 0","188899","3","2","3","10","12","7","0","0","0","1","0","0"
"POINT (11.548531009000044 48.122230983000065)","Unfall 188901 (2018) Kat:3, Licht: 0","188901","3","2","3","10","14","7","0","0","1","1","0","0"
"POINT (11.565863007000075 48.137889031000043)","Unfall 188903 (2018) Kat:3, Licht: 0","188903","3","5","1","10","14","7","0","0","1","1","0","0"
"POINT (11.537422591000052 48.166281915000070)","Unfall 188906 (2018) Kat:3, Licht: 0","188906","3","5","1","10","12","7","0","0","0","1","0","0"
"POINT (11.535779708000064 48.153517771000054)","Unfall 188908 (2018) Kat:3, Licht: 0","188908","3","1","0","10","12","7","0","0","1","0","0","0"
"POINT (11.548515972000075 48.125852413000075)","Unfall 188910 (2018) Kat:2, Licht: 2","188910","2","2","3","10","20","7","0","2","0","1","0","1"
"POINT (11.560198814000046 48.130363103000036)","Unfall 188914 (2018) Kat:3, Licht: 0","188914","3","5","1","10","13","7","0","0","0","1","0","1"
"POINT (11.572764020000022 48.150243220000050)","Unfall 188994 (2018) Kat:3, Licht: 0","188994","3","7","0","10","16","6","0","0","0","0","0","1"
"POINT (11.508739703000060 48.135261294000031)","Unfall 188997 (2018) Kat:3, Licht: 0","188997","3","5","2","10","12","6","0","0","0","1","0","0"
"POINT (11.547952297000052 48.208700579000038)","Unfall 189000 (2018) Kat:3, Licht: 0","189000","3","6","0","10","16","6","0","0","0","1","0","0"
"POINT (11.460457796000071 48.146633564000069)","Unfall 189002 (2018) Kat:3, Licht: 2","189002","3","3","6","10","18","6","0","2","1","0","1","0"
"POINT (11.465304064000065 48.146140457000058)","Unfall 189003 (2018) Kat:3, Licht: 0","189003","3","3","5","10","14","6","0","0","1","1","0","0"
"POINT (11.526197519000050 48.131774836000034)","Unfall 189005 (2018) Kat:3, Licht: 0","189005","3","6","3","10","08","6","0","0","0","1","0","1"
"POINT (11.552483740000071 48.148787763000030)","Unfall 189007 (2018) Kat:2, Licht: 0","189007","2","7","5","10","10","6","0","0","1","1","0","0"
"POINT (11.620810015000075 48.186630052000055)","Unfall 189010 (2018) Kat:3, Licht: 0","189010","3","6","2","10","11","6","0","0","1","1","0","0"
"POINT (11.557861740000021 48.126016239000080)","Unfall 189033 (2018) Kat:3, Licht: 2","189033","3","2","3","10","18","4","0","2","1","1","0","0"
"POINT (11.631746683000074 48.130586964000031)","Unfall 189036 (2018) Kat:3, Licht: 0","189036","3","2","4","10","09","4","0","0","0","1","0","0"
"POINT (11.491571993000036 48.165313000000026)","Unfall 189038 (2018) Kat:3, Licht: 0","189038","3","3","4","10","14","4","0","0","1","0","0","0"
"POINT (11.578603776000023 48.154781560000060)","Unfall 189040 (2018) Kat:3, Licht: 0","189040","3","5","1","10","18","4","0","0","1","1","0","0"
"POINT (11.670189152000034 48.127002373000039)","Unfall 189042 (2018) Kat:3, Licht: 0","189042","3","1","1","10","17","4","0","0","1","1","0","0"
"POINT (11.583048464000058 48.115119965000076)","Unfall 189044 (2018) Kat:3, Licht: 2","189044","3","2","5","10","19","4","0","2","1","1","0","0"
"POINT (11.590148427000031 48.176846911000041)","Unfall 189045 (2018) Kat:3, Licht: 0","189045","3","3","5","10","08","4","0","0","1","1","0","0"
"POINT (11.573287291000042 48.202683430000036)","Unfall 189049 (2018) Kat:3, Licht: 0","189049","3","4","6","10","16","4","0","0","0","1","1","0"
"POINT (11.573591933000046 48.120200268000076)","Unfall 189053 (2018) Kat:3, Licht: 0","189053","3","5","0","10","10","4","0","0","0","1","0","0"
"POINT (11.645672663000028 48.167632670000046)","Unfall 189091 (2018) Kat:3, Licht: 2","189091","3","7","0","10","20","3","0","2","1","0","0","0"
"POINT (11.556868050000048 48.143599838000057)","Unfall 189092 (2018) Kat:3, Licht: 0","189092","3","2","3","10","14","3","0","0","1","1","0","0"
"POINT (11.602418758000056 48.114755758000058)","Unfall 189094 (2018) Kat:3, Licht: 2","189094","3","3","5","10","20","3","0","2","0","1","0","0"
"POINT (11.568961080000065 48.133775185000047)","Unfall 189096 (2018) Kat:3, Licht: 0","189096","3","3","5","10","14","3","0","0","1","1","0","0"
"POINT (11.547190009000076 48.159565914000041)","Unfall 189098 (2018) Kat:3, Licht: 0","189098","3","3","5","10","15","3","0","0","1","1","0","0"
"POINT (11.479281130000061 48.123298682000041)","Unfall 189101 (2018) Kat:3, Licht: 1","189101","3","2","4","10","17","3","1","1","0","1","0","0"
"POINT (11.560920447000058 48.140062447000048)","Unfall 189103 (2018) Kat:3, Licht: 0","189103","3","2","3","10","11","3","0","0","0","1","0","1"
"POINT (11.552694559000031 48.155068850000077)","Unfall 189105 (2018) Kat:1, Licht: 0","189105","1","2","3","10","08","3","0","0","0","1","0","1"
"POINT (11.513467008000077 48.177705295000067)","Unfall 189107 (2018) Kat:3, Licht: 0","189107","3","3","5","10","08","3","0","0","1","1","0","0"
"POINT (11.513625764000039 48.135182436000036)","Unfall 189108 (2018) Kat:3, Licht: 0","189108","3","2","6","10","16","3","0","0","0","0","1","0"
"POINT (11.540558785000030 48.125640323000027)","Unfall 189109 (2018) Kat:2, Licht: 1","189109","2","4","6","10","18","3","1","1","0","1","1","0"
"POINT (11.579915661000030 48.157822110000041)","Unfall 189113 (2018) Kat:3, Licht: 0","189113","3","3","5","10","08","5","0","0","1","0","0","0"
"POINT (11.582852107000065 48.167105209000056)","Unfall 189115 (2018) Kat:3, Licht: 0","189115","3","6","2","10","08","5","0","0","0","1","0","0"
"POINT (11.451416444000074 48.156649578000042)","Unfall 189117 (2018) Kat:3, Licht: 0","189117","3","3","5","10","13","5","0","0","0","1","0","0"
"POINT (11.705504225000027 48.133142995000071)","Unfall 189119 (2018) Kat:3, Licht: 0","189119","3","3","5","10","07","5","0","0","1","1","0","0"
"POINT (11.536640577000071 48.181937686000026)","Unfall 189122 (2018) Kat:3, Licht: 0","189122","3","3","5","10","07","5","1","0","1","1","0","0"
"POINT (11.605486227000029 48.129416537000054)","Unfall 189124 (2018) Kat:3, Licht: 0","189124","3","7","3","10","11","5","0","0","0","1","0","0"
"POINT (11.586398141000075 48.161808227000051)","Unfall 189126 (2018) Kat:3, Licht: 0","189126","3","6","0","10","09","5","1","0","0","1","0","1"
"POINT (11.572590568000066 48.188569578000056)","Unfall 189127 (2018) Kat:3, Licht: 0","189127","3","3","5","10","15","5","0","0","0","1","0","1"
"POINT (11.576378731000034 48.160221227000079)","Unfall 189129 (2018) Kat:3, Licht: 0","189129","3","7","3","10","15","5","0","0","1","0","0","0"
"POINT (11.535155702000054 48.146062206000067)","Unfall 189131 (2018) Kat:3, Licht: 2","189131","3","3","5","10","19","5","1","2","0","1","0","0"
"POINT (11.590125093000040 48.131159170000046)","Unfall 189132 (2018) Kat:3, Licht: 0","189132","3","2","2","10","17","5","0","0","0","1","0","1"
"POINT (11.573285692000070 48.179177963000029)","Unfall 189134 (2018) Kat:3, Licht: 2","189134","3","4","6","10","06","5","1","2","0","1","1","1"
"POINT (11.565092038000046 48.172024550000060)","Unfall 189137 (2018) Kat:3, Licht: 0","189137","3","2","3","10","11","5","0","0","1","1","0","0"
"POINT (11.531358430000068 48.148348249000037)","Unfall 189139 (2018) Kat:3, Licht: 0","189139","3","2","4","10","13","5","0","0","0","1","0","0"
"POINT (11.572679949000076 48.187288128000034)","Unfall 189190 (2018) Kat:3, Licht: 0","189190","3","6","2","10","16","2","0","0","0","1","0","1"
"POINT (11.558522232000030 48.146698782000044)","Unfall 189192 (2018) Kat:2, Licht: 0","189192","2","1","7","10","07","2","0","0","0","0","0","1"
"POINT (11.534717629000056 48.120233024000072)","Unfall 189193 (2018) Kat:3, Licht: 0","189193","3","3","5","10","08","2","0","0","0","1","0","1"
"POINT (11.617872573000056 48.192365446000053)","Unfall 189195 (2018) Kat:3, Licht: 0","189195","3","2","5","10","12","2","0","0","1","1","0","0"
"POINT (11.576471877000074 48.159098968000080)","Unfall 189197 (2018) Kat:3, Licht: 2","189197","3","1","1","10","20","2","0","2","1","1","0","0"
"POINT (11.489001421000069 48.179423236000048)","Unfall 189200 (2018) Kat:3, Licht: 2","189200","3","6","2","10","20","2","0","2","0","1","0","0"
"POINT (11.534154119000050 48.169052122000039)","Unfall 189202 (2018) Kat:3, Licht: 0","189202","3","6","2","10","12","2","0","0","0","1","0","0"
"POINT (11.569569542000067 48.187249907000080)","Unfall 189205 (2018) Kat:3, Licht: 0","189205","3","3","5","10","13","2","0","0","1","1","0","0"
"POINT (11.576343770000051 48.119075958000053)","Unfall 189207 (2018) Kat:3, Licht: 0","189207","3","1","0","10","17","2","0","0","1","0","0","0"
"POINT (11.577618007000069 48.152473772000064)","Unfall 189208 (2018) Kat:3, Licht: 0","189208","3","6","2","10","08","2","0","0","1","0","0","1"
"POINT (11.485053277000077 48.136849475000076)","Unfall 189212 (2018) Kat:3, Licht: 1","189212","3","2","6","10","07","2","0","1","0","1","1","0"
"POINT (11.574829915000066 48.116288069000063)","Unfall 189214 (2018) Kat:3, Licht: 0","189214","3","7","1","10","12","2","0","0","1","1","0","0"
"POINT (11.600207415000057 48.140685716000064)","Unfall 189216 (2018) Kat:3, Licht: 0","189216","3","7","0","10","08","2","0","0","1","1","0","0"
"POINT (11.596436499000049 48.125229317000048)","Unfall 189218 (2018) Kat:3, Licht: 0","189218","3","7","0","10","16","2","0","0","1","1","0","0"
"POINT (11.566930623000076 48.133183462000034)","Unfall 189220 (2018) Kat:3, Licht: 0","189220","3","7","0","10","15","2","0","0","0","0","0","0"
"POINT (11.530512347000069 48.152399096000067)","Unfall 189236 (2018) Kat:3, Licht: 2","189236","3","4","6","10","20","4","1","2","0","1","1","0"
"POINT (11.664097897000033 48.134593204000055)","Unfall 189238 (2018) Kat:3, Licht: 0","189238","3","6","1","10","12","4","0","0","0","1","0","0"
"POINT (11.511457225000072 48.181210393000072)","Unfall 189240 (2018) Kat:3, Licht: 1","189240","3","2","5","10","17","4","1","1","1","1","0","0"
"POINT (11.688939742000059 48.133090575000040)","Unfall 189243 (2018) Kat:3, Licht: 2","189243","3","2","5","10","18","4","1","2","1","1","0","0"
"POINT (11.606006777000061 48.186652269000035)","Unfall 189245 (2018) Kat:3, Licht: 2","189245","3","2","6","10","20","4","1","2","0","1","1","0"
"POINT (11.520321593000062 48.146465842000055)","Unfall 189247 (2018) Kat:3, Licht: 2","189247","3","2","6","10","19","4","1","2","0","1","1","0"
"POINT (11.584700919000056 48.162116350000076)","Unfall 189248 (2018) Kat:3, Licht: 0","189248","3","2","3","10","09","4","0","0","1","1","0","0"
"POINT (11.566326499000070 48.164346753000075)","Unfall 189250 (2018) Kat:3, Licht: 0","189250","3","3","5","10","13","4","0","0","1","1","0","0"
"POINT (11.558765279000056 48.147582117000070)","Unfall 189252 (2018) Kat:3, Licht: 0","189252","3","3","5","10","16","4","1","0","1","1","0","0"
"POINT (11.578006343000027 48.164820205000069)","Unfall 189254 (2018) Kat:2, Licht: 2","189254","2","4","6","10","19","4","1","2","1","0","1","0"
"POINT (11.571402367000076 48.140505931000064)","Unfall 189257 (2018) Kat:3, Licht: 0","189257","3","5","1","10","08","4","0","0","0","1","0","0"
"POINT (11.534031308000067 48.134863092000046)","Unfall 189259 (2018) Kat:2, Licht: 0","189259","2","2","6","10","17","4","1","0","0","1","1","0"
"POINT (11.539102951000075 48.153623451000044)","Unfall 189261 (2018) Kat:3, Licht: 0","189261","3","2","5","10","07","4","0","0","1","1","0","0"
"POINT (11.461517106000031 48.145897866000041)","Unfall 189262 (2018) Kat:3, Licht: 0","189262","3","2","6","10","17","4","1","0","0","1","1","0"
"POINT (11.514410878000035 48.072579056000052)","Unfall 189264 (2018) Kat:3, Licht: 0","189264","3","3","5","10","16","4","1","0","0","1","0","0"
"POINT (11.626268799000059 48.113051535000068)","Unfall 189267 (2018) Kat:3, Licht: 0","189267","3","2","8","10","15","4","1","0","1","0","0","0"
"POINT (11.613836592000041 48.136724658000048)","Unfall 189270 (2018) Kat:2, Licht: 2","189270","2","4","6","10","17","4","0","2","0","1","1","0"
"POINT (11.601995448000025 48.140312828000049)","Unfall 189272 (2018) Kat:3, Licht: 2","189272","3","7","3","10","22","4","0","2","0","1","0","1"
"POINT (11.605457772000022 48.139726664000079)","Unfall 189274 (2018) Kat:3, Licht: 0","189274","3","6","3","10","16","4","1","0","0","1","0","1"
"POINT (11.555898002000049 48.137401193000073)","Unfall 189275 (2018) Kat:3, Licht: 2","189275","3","2","3","10","19","4","1","2","1","1","0","0"
"POINT (11.530833369000050 48.131153154000060)","Unfall 189277 (2018) Kat:3, Licht: 2","189277","3","6","2","10","18","4","1","2","0","1","0","1"
"POINT (11.579446261000044 48.146830044000069)","Unfall 189279 (2018) Kat:3, Licht: 2","189279","3","2","5","10","18","4","1","2","1","0","0","0"
"POINT (11.576250466000033 48.137194380000039)","Unfall 189281 (2018) Kat:3, Licht: 2","189281","3","1","0","10","03","4","1","2","1","0","0","0"
"POINT (11.651682825000023 48.104670458000044)","Unfall 189332 (2018) Kat:3, Licht: 1","189332","3","6","2","10","18","1","1","1","0","1","0","0"
"POINT (11.558419795000077 48.129507043000046)","Unfall 189333 (2018) Kat:2, Licht: 2","189333","2","3","5","10","19","1","1","2","0","1","0","0"
"POINT (11.519540083000038 48.113541170000076)","Unfall 189334 (2018) Kat:3, Licht: 0","189334","3","2","6","10","15","1","1","0","0","1","1","0"
"POINT (11.564923447000069 48.122135235000030)","Unfall 189335 (2018) Kat:3, Licht: 2","189335","3","5","0","10","03","1","1","2","0","1","1","0"
"POINT (11.540817458000049 48.150993223000057)","Unfall 189336 (2018) Kat:3, Licht: 0","189336","3","2","4","10","13","1","1","0","0","1","0","1"
"POINT (11.531921655000076 48.082278386000041)","Unfall 189337 (2018) Kat:3, Licht: 0","189337","3","3","5","10","11","1","1","0","0","1","0","0"
"POINT (11.646433141000045 48.210455886000034)","Unfall 189386 (2018) Kat:3, Licht: 0","189386","3","6","2","10","10","1","1","0","0","1","0","0"
"POINT (11.586575296000035 48.163975673000039)","Unfall 189388 (2018) Kat:3, Licht: 1","189388","3","6","1","10","18","7","1","1","0","1","0","1"
"POINT (11.555738243000064 48.130013270000063)","Unfall 189391 (2018) Kat:3, Licht: 2","189391","3","3","5","10","22","7","1","2","0","1","0","0"
"POINT (11.495984246000035 48.137862481000070)","Unfall 189393 (2018) Kat:3, Licht: 0","189393","3","1","0","10","10","7","1","0","1","1","0","0"
"POINT (11.530931002000045 48.116838844000029)","Unfall 189395 (2018) Kat:3, Licht: 0","189395","3","3","1","10","15","7","0","0","0","1","0","0"
"POINT (11.593864065000048 48.128738787000032)","Unfall 189396 (2018) Kat:3, Licht: 0","189396","3","4","6","10","16","7","1","0","0","1","1","0"
"POINT (11.615868617000046 48.198885312000073)","Unfall 189398 (2018) Kat:3, Licht: 2","189398","3","2","4","10","19","7","1","2","0","1","0","0"
"POINT (11.654033066000068 48.096769762000065)","Unfall 189400 (2018) Kat:3, Licht: 0","189400","3","3","5","10","14","7","1","0","0","1","0","0"
"POINT (11.480922544000066 48.178019952000056)","Unfall 189401 (2018) Kat:3, Licht: 0","189401","3","2","6","10","15","7","0","0","0","1","1","0"
"POINT (11.656577149000043 48.117129339000030)","Unfall 189403 (2018) Kat:3, Licht: 2","189403","3","2","3","10","18","7","1","2","1","1","0","0"
"POINT (11.616336796000041 48.149122175000059)","Unfall 189406 (2018) Kat:3, Licht: 0","189406","3","6","4","10","12","7","1","0","0","1","0","0"
"POINT (11.614184005000027 48.128627658000028)","Unfall 189408 (2018) Kat:3, Licht: 0","189408","3","6","2","10","10","7","1","0","0","1","0","0"
"POINT (11.549803525000073 48.136045993000039)","Unfall 189412 (2018) Kat:3, Licht: 0","189412","3","2","5","10","08","3","0","0","1","1","0","0"
"POINT (11.510462248000067 48.169994500000030)","Unfall 189414 (2018) Kat:3, Licht: 0","189414","3","1","8","10","10","3","0","0","0","1","0","0"
"POINT (11.656768656000054 48.098378588000060)","Unfall 189416 (2018) Kat:2, Licht: 2","189416","2","4","6","10","19","3","0","2","0","1","1","0"
"POINT (11.570197250000035 48.158620203000055)","Unfall 189417 (2018) Kat:3, Licht: 1","189417","3","2","4","10","17","3","0","1","0","1","0","1"
"POINT (11.542330604000028 48.162869315000080)","Unfall 189419 (2018) Kat:3, Licht: 0","189419","3","6","3","10","16","3","0","0","0","1","0","1"
"POINT (11.536858525000071 48.133813978000035)","Unfall 189424 (2018) Kat:3, Licht: 0","189424","3","3","5","10","16","3","0","0","1","1","0","0"
"POINT (11.578011908000065 48.143575966000071)","Unfall 189426 (2018) Kat:3, Licht: 0","189426","3","5","1","10","12","3","0","0","1","0","0","0"
"POINT (11.556302092000067 48.142244906000030)","Unfall 189484 (2018) Kat:3, Licht: 2","189484","3","2","5","10","21","6","0","2","1","1","0","0"
"POINT (11.586394397000049 48.164199342000074)","Unfall 189488 (2018) Kat:3, Licht: 0","189488","3","2","3","10","17","6","0","0","1","0","0","0"
"POINT (11.549112278000052 48.160301692000075)","Unfall 189490 (2018) Kat:2, Licht: 0","189490","2","3","5","10","16","6","0","0","1","0","0","0"
"POINT (11.454565919000061 48.166112261000080)","Unfall 189497 (2018) Kat:3, Licht: 0","189497","3","7","3","10","13","6","0","0","0","1","0","0"
"POINT (11.463367976000029 48.194954375000066)","Unfall 189499 (2018) Kat:3, Licht: 0","189499","3","7","0","10","16","6","0","0","1","0","0","0"
"POINT (11.523640408000063 48.098761204000027)","Unfall 189501 (2018) Kat:2, Licht: 2","189501","2","7","9","10","19","6","1","2","0","1","0","0"
"POINT (11.600977828000055 48.128345752000030)","Unfall 189503 (2018) Kat:3, Licht: 0","189503","3","1","0","10","16","6","0","0","1","1","0","1"
"POINT (11.522574820000045 48.134511028000077)","Unfall 189515 (2018) Kat:3, Licht: 0","189515","3","2","5","10","17","2","0","0","1","1","0","0"
"POINT (11.658968656000070 48.103534290000027)","Unfall 189518 (2018) Kat:3, Licht: 1","189518","3","2","4","10","17","2","1","1","0","1","0","0"
"POINT (11.429815638000036 48.173924032000059)","Unfall 189520 (2018) Kat:3, Licht: 0","189520","3","3","5","10","07","2","1","0","0","1","0","0"
"POINT (11.557560197000043 48.161681493000060)","Unfall 189524 (2018) Kat:3, Licht: 2","189524","3","2","5","10","17","2","0","2","1","1","0","0"
"POINT (11.508281994000072 48.098158944000033)","Unfall 189525 (2018) Kat:3, Licht: 0","189525","3","2","4","10","09","2","1","0","0","1","0","0"
"POINT (11.562583682000025 48.209543736000057)","Unfall 189527 (2018) Kat:3, Licht: 0","189527","3","4","6","10","08","2","1","0","1","0","1","0"
"POINT (11.479053931000067 48.123141938000060)","Unfall 189529 (2018) Kat:3, Licht: 1","189529","3","6","2","10","17","2","1","1","0","1","0","0"
"POINT (11.542110975000071 48.095371165000074)","Unfall 189532 (2018) Kat:3, Licht: 0","189532","3","1","0","10","08","2","1","0","1","0","0","0"
"POINT (11.613965171000075 48.131384225000033)","Unfall 189534 (2018) Kat:3, Licht: 0","189534","3","2","3","10","13","2","0","0","1","1","0","0"
"POINT (11.610110737000070 48.134229539000046)","Unfall 189535 (2018) Kat:3, Licht: 2","189535","3","2","3","10","18","2","1","2","1","1","0","0"
"POINT (11.593782757000042 48.128411437000068)","Unfall 189537 (2018) Kat:3, Licht: 0","189537","3","7","6","10","09","2","0","0","1","0","1","0"
"POINT (11.562145848000057 48.137404909000054)","Unfall 189538 (2018) Kat:3, Licht: 0","189538","3","6","2","10","13","2","1","0","0","0","0","0"
"POINT (11.570894634000069 48.131917936000036)","Unfall 189603 (2018) Kat:3, Licht: 2","189603","3","5","2","11","02","1","0","2","0","1","0","0"
"POINT (11.587602355000058 48.170650129000080)","Unfall 189605 (2018) Kat:3, Licht: 0","189605","3","5","5","11","13","1","0","0","0","1","0","0"
"POINT (11.571804410000027 48.141788142000053)","Unfall 189607 (2018) Kat:3, Licht: 2","189607","3","7","6","11","04","1","0","2","0","1","1","0"
"POINT (11.581432854000070 48.187738458000069)","Unfall 189610 (2018) Kat:3, Licht: 0","189610","3","6","3","11","13","1","0","0","0","1","0","0"
"POINT (11.527117207000060 48.154877815000077)","Unfall 189638 (2018) Kat:3, Licht: 0","189638","3","3","5","11","14","7","0","0","1","1","0","0"
"POINT (11.694745691000037 48.109701677000032)","Unfall 189641 (2018) Kat:3, Licht: 2","189641","3","7","1","11","22","7","0","2","0","1","0","0"
"POINT (11.584318402000065 48.143635442000061)","Unfall 189643 (2018) Kat:3, Licht: 0","189643","3","6","2","11","16","7","0","0","1","0","0","0"
"POINT (11.621779755000034 48.126255493000031)","Unfall 189645 (2018) Kat:3, Licht: 0","189645","3","7","0","11","14","7","0","0","0","0","1","0"
"POINT (11.534619139000029 48.127385233000041)","Unfall 189646 (2018) Kat:2, Licht: 0","189646","2","4","6","11","07","3","0","0","1","0","1","0"
"POINT (11.586394397000049 48.164199342000074)","Unfall 189647 (2018) Kat:3, Licht: 2","189647","3","6","2","11","19","7","0","2","0","1","0","0"
"POINT (11.536548304000064 48.176383287000078)","Unfall 189648 (2018) Kat:3, Licht: 2","189648","3","6","2","11","05","7","1","2","0","1","0","0"
"POINT (11.639353842000048 48.159124705000067)","Unfall 189652 (2018) Kat:3, Licht: 0","189652","3","5","3","11","09","3","0","0","0","1","0","0"
"POINT (11.529381836000027 48.217300422000051)","Unfall 189653 (2018) Kat:3, Licht: 2","189653","3","3","5","11","17","3","0","2","1","1","0","0"
"POINT (11.581828803000064 48.134707289000062)","Unfall 189655 (2018) Kat:3, Licht: 0","189655","3","2","5","11","09","3","0","0","1","1","0","0"
"POINT (11.561230132000048 48.141042259000073)","Unfall 189657 (2018) Kat:3, Licht: 0","189657","3","3","5","11","07","3","0","0","0","1","0","0"
"POINT (11.660328546000073 48.133100461000026)","Unfall 189659 (2018) Kat:3, Licht: 1","189659","3","2","4","11","16","3","0","1","0","1","0","0"
"POINT (11.585779948000038 48.172195393000038)","Unfall 189662 (2018) Kat:3, Licht: 0","189662","3","2","2","11","11","3","0","0","0","1","0","0"
"POINT (11.587040418000072 48.134253384000033)","Unfall 189664 (2018) Kat:2, Licht: 2","189664","2","2","3","11","17","3","0","2","0","1","0","1"
"POINT (11.547498894000057 48.159307053000077)","Unfall 189666 (2018) Kat:3, Licht: 2","189666","3","2","5","11","18","3","0","2","1","1","0","0"
"POINT (11.573643898000057 48.170253353000078)","Unfall 189667 (2018) Kat:3, Licht: 2","189667","3","2","5","11","18","3","0","2","1","1","0","0"
"POINT (11.586326234000069 48.163190674000077)","Unfall 189669 (2018) Kat:3, Licht: 2","189669","3","6","1","11","23","3","0","2","1","1","0","0"
"POINT (11.584047783000074 48.145464909000054)","Unfall 189672 (2018) Kat:3, Licht: 2","189672","3","1","6","11","21","3","0","2","1","0","1","0"
"POINT (11.481506111000044 48.183457308000072)","Unfall 189674 (2018) Kat:3, Licht: 0","189674","3","1","0","11","07","3","0","0","1","0","0","0"
"POINT (11.604322977000038 48.106538418000071)","Unfall 189677 (2018) Kat:3, Licht: 2","189677","3","7","6","11","17","3","0","2","1","1","1","0"
"POINT (11.555031382000038 48.144305167000027)","Unfall 189679 (2018) Kat:3, Licht: 2","189679","3","2","2","11","18","3","0","2","1","1","0","0"
"POINT (11.579382375000023 48.110792578000030)","Unfall 189688 (2018) Kat:2, Licht: 2","189688","2","2","6","11","17","6","0","2","0","1","1","0"
"POINT (11.459635549000041 48.149167768000041)","Unfall 189690 (2018) Kat:2, Licht: 0","189690","2","4","6","11","14","6","0","0","0","1","1","0"
"POINT (11.562242131000062 48.157184702000052)","Unfall 189692 (2018) Kat:3, Licht: 0","189692","3","7","5","11","11","6","0","0","1","1","0","0"
"POINT (11.581616265000036 48.120657225000059)","Unfall 189695 (2018) Kat:2, Licht: 0","189695","2","1","0","11","09","6","0","0","1","0","0","0"
"POINT (11.587228878000076 48.192567386000064)","Unfall 189697 (2018) Kat:3, Licht: 0","189697","3","2","5","11","12","6","0","0","0","1","0","1"
"POINT (11.560326721000024 48.136346612000068)","Unfall 189699 (2018) Kat:3, Licht: 2","189699","3","5","1","11","19","6","1","2","1","1","0","0"
"POINT (11.570687955000039 48.135876907000068)","Unfall 189701 (2018) Kat:3, Licht: 0","189701","3","1","6","11","13","6","0","0","0","1","1","1"
"POINT (11.558558354000070 48.134290108000073)","Unfall 189767 (2018) Kat:3, Licht: 0","189767","3","5","3","11","14","5","0","0","1","1","0","0"
"POINT (11.582349705000070 48.106437415000073)","Unfall 189769 (2018) Kat:3, Licht: 0","189769","3","3","5","11","14","5","0","0","0","1","0","0"
"POINT (11.414216619000058 48.162063501000034)","Unfall 189778 (2018) Kat:3, Licht: 0","189778","3","3","5","11","14","2","0","0","0","1","0","0"
"POINT (11.584931296000036 48.139362940000069)","Unfall 189780 (2018) Kat:3, Licht: 0","189780","3","2","4","11","08","2","0","0","1","1","0","0"
"POINT (11.584276169000077 48.143645521000053)","Unfall 189783 (2018) Kat:3, Licht: 0","189783","3","2","5","11","12","2","0","0","1","1","0","0"
"POINT (11.495710513000063 48.182696683000074)","Unfall 189785 (2018) Kat:3, Licht: 1","189785","3","4","6","11","16","2","0","1","0","1","1","0"
"POINT (11.533071644000074 48.154217057000039)","Unfall 189787 (2018) Kat:3, Licht: 0","189787","3","6","3","11","16","2","0","0","1","1","0","0"
"POINT (11.591236083000069 48.125828931000058)","Unfall 189788 (2018) Kat:3, Licht: 1","189788","3","4","2","11","17","2","0","1","0","1","1","0"