WKT,Name,OBJECTID,UKATEGORIE,UTYP1,UART,UMONAT,USTUNDE,UWOCHENTAG,STRZUSTAND,ULICHTVERH,ISTRAD,ISTPKW,ISTFUSS,ISTKRAD
"POINT (11.610141208000073 48.132926821000069)","Unfall 189790 (2018) Kat:3, Licht: 0","189790","3","2","5","11","13","2","0","0","0","1","0","0"
"POINT (11.539226437000025 48.125280938000060)","Unfall 189792 (2018) Kat:3, Licht: 2","189792","3","7","0","11","17","2","0","2","1","0","0","0"
"POINT (11.648935260000030 48.100588468000069)","Unfall 189794 (2018) Kat:3, Licht: 0","189794","3","2","0","11","10","2","0","0","1","0","0","0"
"POINT (11.541174301000069 48.159684445000039)","Unfall 189797 (2018) Kat:2, Licht: 2","189797","2","6","2","11","17","2","0","2","0","1","0","1"
"POINT (11.468808070000023 48.151505708000059)","Unfall 189801 (2018) Kat:3, Licht: 0","189801","3","3","5","11","10","2","0","0","0","1","0","0"
"POINT (11.524329973000022 48.183215031000032)","Unfall 189802 (2018) Kat:3, Licht: 0","189802","3","3","6","11","15","2","0","0","0","1","1","0"
"POINT (11.532447555000033 48.146554962000039)","Unfall 189804 (2018) Kat:3, Licht: 0","189804","3","3","3","11","16","2","0","0","1","1","0","0"
"POINT (11.606106750000038 48.120808198000077)","Unfall 189807 (2018) Kat:3, Licht: 2","189807","3","2","5","11","20","2","0","2","0","1","0","0"
"POINT (11.585287740000069 48.129431781000051)","Unfall 189810 (2018) Kat:3, Licht: 0","189810","3","2","5","11","14","2","0","0","1","1","0","0"
"POINT (11.592478325000059 48.114895449000073)","Unfall 189812 (2018) Kat:3, Licht: 0","189812","3","3","5","11","11","2","0","0","0","1","0","0"
"POINT (11.555797120000022 48.134887794000065)","Unfall 189814 (2018) Kat:3, Licht: 1","189814","3","2","5","11","18","2","0","1","0","1","0","0"
"POINT (11.549753638000027 48.136049627000034)","Unfall 189815 (2018) Kat:3, Licht: 0","189815","3","1","0","11","06","2","0","0","1","0","0","0"
"POINT (11.555183843000066 48.128027219000046)","Unfall 189820 (2018) Kat:3, Licht: 0","189820","3","6","3","10","15","4","0","0","1","0","0","0"
"POINT (11.628318998000054 48.147445958000048)","Unfall 189822 (2018) Kat:3, Licht: 0","189822","3","2","4","10","13","4","0","0","0","1","0","0"
"POINT (11.584290434000025 48.119785086000036)","Unfall 189824 (2018) Kat:3, Licht: 0","189824","3","5","1","10","16","4","0","0","1","1","0","0"
"POINT (11.640507441000068 48.149218343000030)","Unfall 189826 (2018) Kat:3, Licht: 2","189826","3","6","2","10","19","4","0","2","0","1","0","0"
"POINT (11.577154665000023 48.124235888000044)","Unfall 189828 (2018) Kat:3, Licht: 2","189828","3","7","1","10","23","4","0","2","1","1","0","0"
"POINT (11.510973962000037 48.169745452000029)","Unfall 189830 (2018) Kat:3, Licht: 2","189830","3","2","5","10","18","4","0","2","1","1","0","0"
"POINT (11.572667566000064 48.187513130000070)","Unfall 189832 (2018) Kat:3, Licht: 0","189832","3","2","5","10","09","4","0","0","0","1","0","1"
"POINT (11.570676866000042 48.178673574000072)","Unfall 189834 (2018) Kat:3, Licht: 0","189834","3","7","0","10","16","4","0","0","1","1","0","0"
"POINT (11.578215804000024 48.144032590000052)","Unfall 189836 (2018) Kat:2, Licht: 0","189836","2","7","3","10","14","4","0","0","0","1","0","1"
"POINT (11.554670711000028 48.153669046000061)","Unfall 189838 (2018) Kat:2, Licht: 0","189838","2","7","8","10","13","4","0","0","0","1","1","0"
"POINT (11.475304981000022 48.181552681000028)","Unfall 189841 (2018) Kat:3, Licht: 2","189841","3","3","5","10","17","4","0","2","0","1","0","0"
"POINT (11.521803398000031 48.151196492000054)","Unfall 189843 (2018) Kat:3, Licht: 0","189843","3","3","0","10","13","4","0","0","0","1","0","1"
"POINT (11.595234161000064 48.174156423000056)","Unfall 189847 (2018) Kat:3, Licht: 0","189847","3","3","5","10","14","4","0","0","1","1","0","0"
"POINT (11.586164134000057 48.166883352000070)","Unfall 189849 (2018) Kat:2, Licht: 0","189849","2","6","3","10","12","4","0","0","1","0","0","0"
"POINT (11.520386660000042 48.148284557000068)","Unfall 189897 (2018) Kat:3, Licht: 2","189897","3","1","0","11","05","1","0","2","1","0","0","0"
"POINT (11.585595723000040 48.200986547000070)","Unfall 189898 (2018) Kat:3, Licht: 0","189898","3","2","4","11","11","5","0","0","1","1","0","0"
"POINT (11.602425351000022 48.135675937000030)","Unfall 189899 (2018) Kat:2, Licht: 0","189899","2","2","3","11","11","5","0","0","0","1","0","0"
"POINT (11.593583003000049 48.171757651000064)","Unfall 189901 (2018) Kat:2, Licht: 1","189901","2","6","4","11","16","5","0","1","0","1","0","1"
"POINT (11.556989920000035 48.143694847000063)","Unfall 189903 (2018) Kat:3, Licht: 0","189903","3","2","3","11","13","1","0","0","1","1","0","0"
"POINT (11.502474467000070 48.120266824000055)","Unfall 189905 (2018) Kat:3, Licht: 2","189905","3","6","1","11","17","1","0","2","0","1","0","0"
"POINT (11.502993366000055 48.189518077000059)","Unfall 189906 (2018) Kat:3, Licht: 1","189906","3","3","5","11","17","5","0","1","1","1","0","0"
"POINT (11.497842598000034 48.182661448000033)","Unfall 189907 (2018) Kat:3, Licht: 0","189907","3","1","1","11","09","1","1","0","1","1","0","0"
"POINT (11.509728628000062 48.117547151000053)","Unfall 189909 (2018) Kat:3, Licht: 0","189909","3","3","5","11","11","1","1","0","0","1","0","1"
"POINT (11.561129657000038 48.138833559000034)","Unfall 189910 (2018) Kat:3, Licht: 0","189910","3","5","1","11","16","5","0","0","1","1","0","0"
"POINT (11.568604829000037 48.144779573000051)","Unfall 189911 (2018) Kat:3, Licht: 2","189911","3","3","0","11","23","5","0","2","1","1","0","0"
"POINT (11.481609667000043 48.141665386000057)","Unfall 189976 (2018) Kat:3, Licht: 1","189976","3","2","5","11","17","7","0","1","0","1","0","0"
"POINT (11.517048420000037 48.134995023000045)","Unfall 189978 (2018) Kat:2, Licht: 0","189978","2","2","5","11","13","7","0","0","1","1","0","0"
"POINT (11.569778843000051 48.144508595000048)","Unfall 189980 (2018) Kat:3, Licht: 0","189980","3","5","1","11","14","7","0","0","0","1","0","1"
"POINT (11.643311427000071 48.095420893000039)","Unfall 189983 (2018) Kat:3, Licht: 0","189983","3","4","6","11","13","7","0","0","0","1","1","0"
"POINT (11.564090624000073 48.204692031000036)","Unfall 189985 (2018) Kat:3, Licht: 2","189985","3","6","2","11","18","7","0","2","0","1","0","0"
"POINT (11.601322233000076 48.096839305000060)","Unfall 189987 (2018) Kat:3, Licht: 2","189987","3","5","1","11","18","7","0","2","1","1","0","0"
"POINT (11.533034563000058 48.106316250000077)","Unfall 189989 (2018) Kat:3, Licht: 0","189989","3","7","0","11","13","7","0","0","1","0","0","0"
"POINT (11.534476531000053 48.137569137000071)","Unfall 190014 (2018) Kat:3, Licht: 0","190014","3","7","0","11","15","4","0","0","1","0","0","0"
"POINT (11.588675052000042 48.134953368000026)","Unfall 190015 (2018) Kat:3, Licht: 0","190015","3","2","5","11","08","4","0","0","1","0","0","0"
"POINT (11.564702530000034 48.169549331000042)","Unfall 190020 (2018) Kat:3, Licht: 0","190020","3","6","3","11","15","4","0","0","1","1","0","0"
"POINT (11.581764670000041 48.138758466000070)","Unfall 190022 (2018) Kat:3, Licht: 2","190022","3","2","3","11","18","4","0","2","1","1","0","0"
"POINT (11.564107815000057 48.178972153000075)","Unfall 190024 (2018) Kat:3, Licht: 0","190024","3","6","0","11","07","4","0","0","1","0","0","0"
"POINT (11.564219220000041 48.124277462000066)","Unfall 190026 (2018) Kat:3, Licht: 2","190026","3","2","6","11","21","4","0","2","0","1","1","0"
"POINT (11.584252373000027 48.143651199000033)","Unfall 190028 (2018) Kat:2, Licht: 0","190028","2","2","5","11","09","4","0","0","1","0","0","0"
"POINT (11.558437435000030 48.126193105000027)","Unfall 190030 (2018) Kat:2, Licht: 0","190030","2","2","6","11","13","4","0","0","0","1","1","0"
"POINT (11.674259923000022 48.143881990000068)","Unfall 190032 (2018) Kat:2, Licht: 0","190032","2","3","5","11","07","4","0","0","1","1","0","0"
"POINT (11.572654991000036 48.187685890000068)","Unfall 190034 (2018) Kat:2, Licht: 0","190034","2","4","6","11","07","4","0","0","0","1","1","0"
"POINT (11.532884565000074 48.154196765000052)","Unfall 190036 (2018) Kat:3, Licht: 0","190036","3","4","6","11","13","4","0","0","1","0","1","0"
"POINT (11.499751850000052 48.135564092000038)","Unfall 190037 (2018) Kat:3, Licht: 0","190037","3","3","5","11","08","4","0","0","0","1","0","0"
"POINT (11.507775860000038 48.094455684000081)","Unfall 190039 (2018) Kat:3, Licht: 0","190039","3","2","5","11","07","4","0","0","1","1","0","0"
"POINT (11.648767839000072 48.112093426000058)","Unfall 190043 (2018) Kat:3, Licht: 0","190043","3","3","5","11","07","4","0","0","1","1","0","0"
"POINT (11.602418758000056 48.114755758000058)","Unfall 190045 (2018) Kat:3, Licht: 0","190045","3","6","2","11","16","4","0","0","1","1","0","0"
"POINT (11.570263874000034 48.121449034000079)","Unfall 190047 (2018) Kat:3, Licht: 2","190047","3","6","3","11","18","4","0","2","1","0","0","0"
"POINT (11.563499032000038 48.160905049000064)","Unfall 190049 (2018) Kat:3, Licht: 0","190049","3","2","4","11","09","4","0","0","0","1","0","0"
"POINT (11.560555170000043 48.145440635000057)","Unfall 190051 (2018) Kat:3, Licht: 2","190051","3","5","3","11","17","4","0","2","1","1","0","0"
"POINT (11.594668474000059 48.110966775000065)","Unfall 190053 (2018) Kat:3, Licht: 2","190053","3","2","6","11","06","6","0","2","0","1","1","0"
"POINT (11.611085343000070 48.117517461000034)","Unfall 190055 (2018) Kat:3, Licht: 0","190055","3","3","5","11","08","6","0","0","1","1","0","0"
"POINT (11.646430835000046 48.102758703000063)","Unfall 190057 (2018) Kat:3, Licht: 0","190057","3","1","1","11","12","6","0","0","0","1","0","0"
"POINT (11.656398510000031 48.146126984000034)","Unfall 190060 (2018) Kat:3, Licht: 0","190060","3","3","5","11","11","6","0","0","1","0","0","0"
"POINT (11.606289095000022 48.200530366000066)","Unfall 190062 (2018) Kat:3, Licht: 0","190062","3","6","2","11","16","6","0","0","0","1","0","0"
"POINT (11.552361081000072 48.186106741000060)","Unfall 190064 (2018) Kat:3, Licht: 2","190064","3","6","1","11","16","6","0","2","0","1","0","0"
"POINT (11.625232190000077 48.130834697000068)","Unfall 190066 (2018) Kat:3, Licht: 2","190066","3","2","5","11","17","6","0","2","0","1","0","1"
"POINT (11.531574034000073 48.166044025000076)","Unfall 190067 (2018) Kat:3, Licht: 0","190067","3","4","6","11","15","6","0","0","1","0","1","0"
"POINT (11.585361955000053 48.118362131000026)","Unfall 190069 (2018) Kat:3, Licht: 2","190069","3","5","1","11","04","6","0","2","1","0","0","0"
"POINT (11.562319681000076 48.146636281000042)","Unfall 190074 (2018) Kat:3, Licht: 0","190074","3","5","0","11","08","6","0","0","1","1","0","0"
"POINT (11.441976151000063 48.149190445000045)","Unfall 190134 (2018) Kat:3, Licht: 0","190134","3","3","5","11","14","6","0","0","1","1","0","0"
"POINT (11.491396165000026 48.091258451000044)","Unfall 190139 (2018) Kat:3, Licht: 0","190139","3","2","3","11","14","6","0","0","1","0","0","0"
"POINT (11.560272991000033 48.136347002000036)","Unfall 190141 (2018) Kat:3, Licht: 0","190141","3","4","6","11","12","6","0","0","1","0","1","0"
"POINT (11.609092733000068 48.118841299000053)","Unfall 190143 (2018) Kat:3, Licht: 0","190143","3","6","2","11","15","6","0","0","0","1","0","0"
"POINT (11.587275943000066 48.138060454000026)","Unfall 190145 (2018) Kat:3, Licht: 2","190145","3","6","2","11","19","6","0","2","0","1","0","0"
"POINT (11.508460628000023 48.163027811000063)","Unfall 190147 (2018) Kat:3, Licht: 0","190147","3","6","3","11","10","6","0","0","0","1","0","0"
"POINT (11.555927198000063 48.128417403000071)","Unfall 190189 (2018) Kat:3, Licht: 1","190189","3","2","5","11","16","3","1","1","0","1","0","0"
"POINT (11.508167468000067 48.152929705000076)","Unfall 190190 (2018) Kat:3, Licht: 1","190190","3","3","5","11","17","3","0","1","1","1","0","0"
"POINT (11.487556103000031 48.179366251000033)","Unfall 190193 (2018) Kat:2, Licht: 0","190193","2","1","0","11","10","3","1","0","1","0","0","0"
"POINT (11.674992364000047 48.127507733000073)","Unfall 190195 (2018) Kat:2, Licht: 2","190195","2","4","6","11","17","3","1","2","0","1","1","0"
"POINT (11.548578615000054 48.122819309000079)","Unfall 190197 (2018) Kat:3, Licht: 0","190197","3","7","6","11","09","3","0","0","0","1","1","0"
"POINT (11.565583491000041 48.191273130000070)","Unfall 190199 (2018) Kat:3, Licht: 0","190199","3","6","2","11","15","3","0","0","0","0","0","0"
"POINT (11.405860053000026 48.178466558000025)","Unfall 190200 (2018) Kat:3, Licht: 0","190200","3","2","5","11","07","3","0","0","1","1","0","0"
"POINT (11.554073219000031 48.154375919000074)","Unfall 190202 (2018) Kat:3, Licht: 0","190202","3","7","0","11","15","3","0","0","0","0","1","0"
"POINT (11.605861760000039 48.120948044000045)","Unfall 190204 (2018) Kat:3, Licht: 0","190204","3","3","0","11","11","3","0","0","1","0","0","0"
"POINT (11.583779878000030 48.126482854000074)","Unfall 190207 (2018) Kat:3, Licht: 0","190207","3","6","2","11","15","3","0","0","0","1","0","0"
"POINT (11.545479527000055 48.137858995000045)","Unfall 190209 (2018) Kat:3, Licht: 2","190209","3","6","3","11","17","3","0","2","1","1","0","0"
"POINT (11.563448099000027 48.131355386000052)","Unfall 190212 (2018) Kat:3, Licht: 0","190212","3","5","3","11","08","3","0","0","1","1","0","0"
"POINT (11.579719451000074 48.136454625000056)","Unfall 190214 (2018) Kat:3, Licht: 0","190214","3","5","0","11","13","3","0","0","1","1","0","0"
"POINT (11.646232240000074 48.109173235000071)","Unfall 190237 (2018) Kat:3, Licht: 0","190237","3","6","4","11","07","5","1","0","1","0","0","0"
"POINT (11.507130362000055 48.078498195000066)","Unfall 190239 (2018) Kat:2, Licht: 0","190239","2","2","0","11","12","5","0","0","1","0","0","0"
"POINT (11.576406546000044 48.187668115000065)","Unfall 190241 (2018) Kat:3, Licht: 0","190241","3","7","2","11","09","5","0","0","1","1","0","0"
"POINT (11.501785441000038 48.080719167000041)","Unfall 190243 (2018) Kat:3, Licht: 2","190243","3","2","6","11","17","5","0","2","0","1","1","0"
"POINT (11.552812491000054 48.100615224000080)","Unfall 190245 (2018) Kat:3, Licht: 2","190245","3","6","4","11","07","5","0","2","0","1","0","0"
"POINT (11.424042802000031 48.161537142000043)","Unfall 190247 (2018) Kat:3, Licht: 0","190247","3","1","1","11","12","5","0","0","0","1","0","1"
"POINT (11.597607930000038 48.123241697000026)","Unfall 190250 (2018) Kat:3, Licht: 0","190250","3","2","2","11","08","5","0","0","1","0","0","0"
"POINT (11.561842406000039 48.146777825000072)","Unfall 190252 (2018) Kat:2, Licht: 2","190252","2","5","1","11","20","5","0","2","0","1","0","1"
"POINT (11.482260021000059 48.087204743000029)","Unfall 190254 (2018) Kat:3, Licht: 2","190254","3","6","0","11","17","5","0","2","1","1","0","0"
"POINT (11.564076634000060 48.163472809000041)","Unfall 190256 (2018) Kat:2, Licht: 2","190256","2","2","6","11","18","5","0","2","1","0","1","0"
"POINT (11.542538457000035 48.190931996000074)","Unfall 190261 (2018) Kat:3, Licht: 1","190261","3","1","8","11","18","5","0","1","0","1","0","0"
"POINT (11.562823158000072 48.192635644000063)","Unfall 190263 (2018) Kat:3, Licht: 0","190263","3","3","5","11","07","5","0","0","1","0","0","1"
"POINT (11.558394667000073 48.129942939000045)","Unfall 190265 (2018) Kat:3, Licht: 0","190265","3","4","6","11","11","5","0","0","0","0","1","0"
"POINT (11.570917332000022 48.137415660000045)","Unfall 190267 (2018) Kat:3, Licht: 2","190267","3","5","1","11","19","5","0","2","1","1","0","0"
"POINT (11.646298315000024 48.102722901000050)","Unfall 190295 (2018) Kat:3, Licht: 2","190295","3","6","2","11","17","2","0","2","0","1","0","0"
"POINT (11.598664313000029 48.119236931000046)","Unfall 190299 (2018) Kat:3, Licht: 0","190299","3","2","4","11","09","2","0","0","0","1","0","1"
"POINT (11.577512892000072 48.142632041000070)","Unfall 190301 (2018) Kat:3, Licht: 0","190301","3","5","1","11","15","2","0","0","1","1","0","0"
"POINT (11.588925283000037 48.117162413000074)","Unfall 190303 (2018) Kat:2, Licht: 0","190303","2","3","5","11","07","2","0","0","1","1","0","0"
"POINT (11.557130111000049 48.091533338000033)","Unfall 190306 (2018) Kat:3, Licht: 0","190306","3","1","0","11","15","2","0","0","1","0","0","0"
"POINT (11.602589892000026 48.148475246000032)","Unfall 190308 (2018) Kat:3, Licht: 0","190308","3","1","0","11","13","2","1","0","1","0","0","0"
"POINT (11.413771911000026 48.162036020000073)","Unfall 190333 (2018) Kat:3, Licht: 0","190333","3","2","6","11","14","4","0","0","0","1","1","0"
"POINT (11.505767279000054 48.181205922000061)","Unfall 190338 (2018) Kat:2, Licht: 0","190338","2","7","6","11","12","4","0","0","0","1","1","0"
"POINT (11.489911540000037 48.136373316000061)","Unfall 190340 (2018) Kat:2, Licht: 2","190340","2","3","5","11","20","4","1","2","1","1","0","0"
"POINT (11.556691000000058 48.178509823000070)","Unfall 190341 (2018) Kat:3, Licht: 0","190341","3","2","4","11","09","4","0","0","0","1","0","0"
"POINT (11.588878784000030 48.169603606000067)","Unfall 190346 (2018) Kat:3, Licht: 0","190346","3","5","0","11","12","4","0","0","1","1","0","0"
"POINT (11.591620613000032 48.128814166000041)","Unfall 190353 (2018) Kat:3, Licht: 2","190353","3","6","3","11","19","4","0","2","1","1","0","0"
"POINT (11.556068511000035 48.207056183000077)","Unfall 190354 (2018) Kat:3, Licht: 0","190354","3","6","2","11","16","4","0","0","1","1","0","0"
"POINT (11.688293530000067 48.139523730000064)","Unfall 190358 (2018) Kat:2, Licht: 0","190358","2","3","5","11","11","4","0","0","0","1","0","0"
"POINT (11.590129453000031 48.094858356000032)","Unfall 190360 (2018) Kat:3, Licht: 0","190360","3","3","5","11","14","4","0","0","1","1","0","0"
"POINT (11.615688917000057 48.144563284000071)","Unfall 190362 (2018) Kat:3, Licht: 0","190362","3","6","2","11","15","4","0","0","0","1","0","0"
"POINT (11.536381716000051 48.214372698000034)","Unfall 190396 (2018) Kat:3, Licht: 1","190396","3","6","2","11","16","5","0","1","0","1","0","0"
"POINT (11.681780473000060 48.135498821000056)","Unfall 190397 (2018) Kat:3, Licht: 0","190397","3","4","6","11","16","3","0","0","0","1","1","0"
"POINT (11.581063827000037 48.199287006000077)","Unfall 190398 (2018) Kat:3, Licht: 0","190398","3","2","5","11","07","3","0","0","1","1","0","0"
"POINT (11.562291796000068 48.157177772000068)","Unfall 190400 (2018) Kat:3, Licht: 0","190400","3","6","2","11","14","3","0","0","1","1","0","0"
"POINT (11.580493476000072 48.105154284000037)","Unfall 190401 (2018) Kat:3, Licht: 0","190401","3","3","5","11","11","3","0","0","0","1","0","0"
"POINT (11.504686617000061 48.184420178000039)","Unfall 190402 (2018) Kat:2, Licht: 0","190402","2","4","6","11","15","3","0","0","0","1","1","0"
"POINT (11.535349289000067 48.123282891000031)","Unfall 190406 (2018) Kat:3, Licht: 2","190406","3","4","6","11","23","5","1","2","0","1","1","0"
"POINT (11.535185216000059 48.168400949000045)","Unfall 190407 (2018) Kat:3, Licht: 0","190407","3","7","0","11","13","4","0","0","1","0","0","0"
"POINT (11.564813460000039 48.198548443000050)","Unfall 190408 (2018) Kat:3, Licht: 0","190408","3","3","5","11","14","3","0","0","1","1","0","0"
"POINT (11.559045247000029 48.132879746000071)","Unfall 190409 (2018) Kat:2, Licht: 0","190409","2","4","5","11","09","4","0","0","1","0","1","0"
"POINT (11.502973605000022 48.126222159000065)","Unfall 190410 (2018) Kat:3, Licht: 0","190410","3","2","5","11","13","3","0","0","1","1","0","0"
"POINT (11.510502974000076 48.170204449000039)","Unfall 190412 (2018) Kat:3, Licht: 0","190412","3","2","3","11","12","3","0","0","1","1","0","0"
"POINT (11.562892966000049 48.186875985000029)","Unfall 190414 (2018) Kat:3, Licht: 0","190414","3","6","1","11","15","3","0","0","0","1","0","0"
"POINT (11.543580527000074 48.163435672000048)","Unfall 190416 (2018) Kat:3, Licht: 0","190416","3","7","0","11","07","3","0","0","0","0","0","1"
"POINT (11.604842578000046 48.139793905000033)","Unfall 190417 (2018) Kat:3, Licht: 2","190417","3","6","4","11","16","3","0","2","1","0","0","0"
"POINT (11.540641377000043 48.125476221000042)","Unfall 190419 (2018) Kat:3, Licht: 0","190419","3","7","4","11","09","3","0","0","0","1","0","1"
"POINT (11.615185028000042 48.131005977000029)","Unfall 190430 (2018) Kat:1, Licht: 0","190430","1","4","6","11","14","5","0","0","0","0","1","0"
"POINT (11.558849109000050 48.136357353000051)","Unfall 190434 (2018) Kat:3, Licht: 0","190434","3","6","2","11","12","5","0","0","0","1","0","0"
"POINT (11.564948635000064 48.138719202000061)","Unfall 190439 (2018) Kat:3, Licht: 0","190439","3","7","0","11","13","4","0","0","0","0","1","0"
"POINT (11.496093336000058 48.139975019000076)","Unfall 190442 (2018) Kat:3, Licht: 0","190442","3","2","6","11","07","5","0","0","0","1","1","0"
"POINT (11.608459703000051 48.179190562000031)","Unfall 190449 (2018) Kat:3, Licht: 0","190449","3","7","0","11","12","4","0","0","1","1","0","0"
"POINT (11.574114188000067 48.120109467000077)","Unfall 190455 (2018) Kat:3, Licht: 0","190455","3","2","5","11","16","4","1","0","1","1","0","0"
"POINT (11.562497026000074 48.185887046000062)","Unfall 190471 (2018) Kat:3, Licht: 0","190471","3","3","5","11","15","5","0","0","0","1","0","0"
"POINT (11.609445096000059 48.135681731000034)","Unfall 190474 (2018) Kat:3, Licht: 1","190474","3","6","2","11","16","4","0","1","0","1","0","0"
"POINT (11.511887415000047 48.135122515000035)","Unfall 190478 (2018) Kat:3, Licht: 0","190478","3","7","4","11","14","4","0","0","0","1","0","0"
"POINT (11.558914581000067 48.147407818000033)","Unfall 190483 (2018) Kat:3, Licht: 2","190483","3","6","3","11","17","2","0","2","0","1","0","1"
"POINT (11.538343452000049 48.151490901000045)","Unfall 190484 (2018) Kat:3, Licht: 0","190484","3","7","0","11","14","5","0","0","1","0","0","0"
"POINT (11.504554080000048 48.180898805000027)","Unfall 190485 (2018) Kat:3, Licht: 2","190485","3","6","2","11","20","2","0","2","0","1","0","1"
"POINT (11.566203904000076 48.186991110000065)","Unfall 190487 (2018) Kat:3, Licht: 0","190487","3","6","2","11","07","2","1","0","0","0","0","1"
"POINT (11.645336673000031 48.098905641000044)","Unfall 190489 (2018) Kat:3, Licht: 1","190489","3","2","5","11","06","2","1","1","0","1","0","0"
"POINT (11.561001137000062 48.137097384000072)","Unfall 190491 (2018) Kat:2, Licht: 0","190491","2","6","6","11","14","2","0","0","0","1","1","0"
"POINT (11.587396230000024 48.135983206000049)","Unfall 190493 (2018) Kat:3, Licht: 1","190493","3","4","6","11","07","2","1","1","0","1","1","0"
"POINT (11.614883058000032 48.139867070000037)","Unfall 190494 (2018) Kat:3, Licht: 0","190494","3","7","3","11","15","5","0","0","1","1","0","0"
"POINT (11.673672328000066 48.111183181000058)","Unfall 190495 (2018) Kat:3, Licht: 2","190495","3","6","1","11","17","2","1","2","0","1","0","1"
"POINT (11.602302490000056 48.103832061000048)","Unfall 190524 (2018) Kat:2, Licht: 2","190524","2","5","1","11","17","5","1","2","0","1","0","0"
"POINT (11.533639917000073 48.152841322000029)","Unfall 190534 (2018) Kat:3, Licht: 0","190534","3","6","0","11","11","5","0","0","0","1","0","0"
"POINT (11.492733079000061 48.140295812000033)","Unfall 190547 (2018) Kat:3, Licht: 0","190547","3","6","1","11","11","5","0","0","0","1","0","0"
"POINT (11.588835613000072 48.141127994000044)","Unfall 190558 (2018) Kat:3, Licht: 2","190558","3","1","0","11","20","1","1","2","1","0","0","0"
"POINT (11.584067443000038 48.156435213000066)","Unfall 190559 (2018) Kat:3, Licht: 0","190559","3","2","5","11","08","5","0","0","1","1","0","0"
"POINT (11.503025251000054 48.126481492000039)","Unfall 190560 (2018) Kat:3, Licht: 0","190560","3","3","5","11","08","1","0","0","1","1","0","0"
"POINT (11.586064632000046 48.160210537000069)","Unfall 190562 (2018) Kat:2, Licht: 2","190562","2","3","0","11","00","1","0","2","1","1","0","0"
"POINT (11.585169495000059 48.118523217000075)","Unfall 190564 (2018) Kat:3, Licht: 2","190564","3","5","3","11","03","1","0","2","0","1","0","0"
"POINT (11.538993555000047 48.139809160000027)","Unfall 190565 (2018) Kat:3, Licht: 0","190565","3","5","3","11","12","4","0","0","1","1","0","0"
"POINT (11.558424486000035 48.095038470000077)","Unfall 190568 (2018) Kat:3, Licht: 0","190568","3","1","0","11","12","1","1","0","0","0","0","0"
"POINT (11.441143948000047 48.160687261000078)","Unfall 190570 (2018) Kat:3, Licht: 0","190570","3","3","5","11","15","1","0","0","1","1","0","0"
"POINT (11.558468542000071 48.132594613000037)","Unfall 190572 (2018) Kat:3, Licht: 2","190572","3","1","0","11","01","1","0","2","1","0","0","0"
"POINT (11.570515477000072 48.142074440000044)","Unfall 190574 (2018) Kat:2, Licht: 2","190574","2","4","6","11","02","1","0","2","0","1","1","0"
"POINT (11.531250501000045 48.183884289000048)","Unfall 190576 (2018) Kat:3, Licht: 1","190576","3","6","3","11","16","1","0","1","0","1","0","0"
"POINT (11.572886674000074 48.177719178000075)","Unfall 190582 (2018) Kat:3, Licht: 2","190582","3","2","5","11","16","5","0","2","1","0","0","0"
"POINT (11.559134625000070 48.147507666000081)","Unfall 190593 (2018) Kat:3, Licht: 0","190593","3","7","0","11","09","5","0","0","1","0","0","0"
"POINT (11.439787826000043 48.149537753000061)","Unfall 190596 (2018) Kat:3, Licht: 0","190596","3","6","2","11","15","7","0","0","0","1","0","0"
"POINT (11.645098643000040 48.099075825000057)","Unfall 190598 (2018) Kat:3, Licht: 0","190598","3","2","5","11","12","7","0","0","0","1","0","1"
"POINT (11.513704123000025 48.137486667000076)","Unfall 190600 (2018) Kat:3, Licht: 2","190600","3","7","5","11","21","7","0","2","0","1","0","0"
"POINT (11.555321964000029 48.128088719000061)","Unfall 190602 (2018) Kat:3, Licht: 2","190602","3","6","3","11","00","7","0","2","1","0","0","0"
"POINT (11.607347255000036 48.149882017000039)","Unfall 190603 (2018) Kat:3, Licht: 0","190603","3","5","1","11","14","5","0","0","1","1","0","0"
"POINT (11.634655744000042 48.127380384000048)","Unfall 190604 (2018) Kat:3, Licht: 0","190604","3","6","2","11","14","7","0","0","0","1","0","0"
"POINT (11.483332413000028 48.137855225000067)","Unfall 190606 (2018) Kat:3, Licht: 0","190606","3","5","0","11","09","7","0","0","1","1","0","0"
"POINT (11.573077382000065 48.178266726000061)","Unfall 190608 (2018) Kat:3, Licht: 1","190608","3","2","3","11","16","5","0","1","1","1","0","0"
"POINT (11.512877378000042 48.196807712000066)","Unfall 190609 (2018) Kat:3, Licht: 2","190609","3","5","1","11","16","7","0","2","1","1","0","0"
"POINT (11.557063609000068 48.151550222000026)","Unfall 190610 (2018) Kat:3, Licht: 0","190610","3","3","5","11","11","7","0","0","1","1","0","0"
"POINT (11.568584934000057 48.144854164000037)","Unfall 190612 (2018) Kat:3, Licht: 0","190612","3","2","3","11","11","7","0","0","1","1","0","0"
"POINT (11.562587534000045 48.213477695000051)","Unfall 190630 (2018) Kat:3, Licht: 0","190630","3","3","5","11","14","5","0","0","1","1","0","0"
"POINT (11.578604070000040 48.138652185000069)","Unfall 190632 (2018) Kat:3, Licht: 2","190632","3","4","6","11","16","4","0","2","0","1","1","0"
"POINT (11.639323535000074 48.143726020000031)","Unfall 190642 (2018) Kat:3, Licht: 2","190642","3","5","1","11","17","5","0","2","0","1","0","0"