WKT,Name,OBJECTID,UKATEGORIE,UTYP1,UART,UMONAT,USTUNDE,UWOCHENTAG,STRZUSTAND,ULICHTVERH,ISTRAD,ISTPKW,ISTFUSS,ISTKRAD
"POINT (11.583691532000046 48.132995037000057)","Unfall 190646 (2018) Kat:3, Licht: 0","190646","3","5","0","11","08","4","0","0","1","0","0","0"
"POINT (11.524503341000070 48.135620617000029)","Unfall 190651 (2018) Kat:3, Licht: 2","190651","3","6","2","11","21","2","1","2","0","1","0","0"
"POINT (11.533495057000039 48.152936696000040)","Unfall 190654 (2018) Kat:3, Licht: 2","190654","3","4","6","11","18","7","1","2","0","1","1","0"
"POINT (11.588655268000025 48.155408003000048)","Unfall 190672 (2018) Kat:3, Licht: 0","190672","3","6","3","11","10","1","0","0","1","1","0","0"
"POINT (11.592897960000073 48.181027363000055)","Unfall 190674 (2018) Kat:3, Licht: 0","190674","3","7","6","11","08","2","1","0","0","1","0","0"
"POINT (11.605366312000058 48.104565335000075)","Unfall 190681 (2018) Kat:3, Licht: 2","190681","3","2","6","11","22","2","1","2","0","1","1","0"
"POINT (11.474475253000037 48.183412518000068)","Unfall 190698 (2018) Kat:3, Licht: 0","190698","3","6","0","11","08","7","1","0","1","0","0","0"
"POINT (11.660834938000050 48.133573110000043)","Unfall 190701 (2018) Kat:3, Licht: 1","190701","3","3","5","11","17","4","0","1","1","1","0","0"
"POINT (11.571931854000070 48.148946227000067)","Unfall 190703 (2018) Kat:3, Licht: 0","190703","3","3","5","11","11","4","0","0","0","1","0","0"
"POINT (11.501932503000035 48.135425728000030)","Unfall 190705 (2018) Kat:2, Licht: 0","190705","2","3","5","11","08","4","1","0","1","0","0","1"
"POINT (11.546406382000043 48.139263409000080)","Unfall 190707 (2018) Kat:3, Licht: 2","190707","3","4","6","11","18","4","0","2","0","0","1","0"
"POINT (11.581007978000059 48.135477245000061)","Unfall 190709 (2018) Kat:3, Licht: 0","190709","3","4","6","11","11","4","0","0","0","1","1","0"
"POINT (11.564253755000038 48.170220881000034)","Unfall 190710 (2018) Kat:3, Licht: 0","190710","3","1","0","11","08","4","2","0","1","0","0","0"
"POINT (11.560652270000048 48.157489093000038)","Unfall 190712 (2018) Kat:3, Licht: 2","190712","3","3","5","11","05","4","0","2","0","1","0","0"
"POINT (11.506216568000070 48.082257985000069)","Unfall 190715 (2018) Kat:3, Licht: 0","190715","3","6","1","11","12","4","0","0","0","1","0","0"
"POINT (11.562114661000066 48.139416064000045)","Unfall 190716 (2018) Kat:3, Licht: 0","190716","3","5","2","11","14","4","0","0","1","1","0","0"
"POINT (11.536647226000071 48.132714129000078)","Unfall 190724 (2018) Kat:3, Licht: 2","190724","3","7","5","11","19","2","1","2","1","1","0","0"
"POINT (11.604398213000024 48.120406627000079)","Unfall 190729 (2018) Kat:3, Licht: 0","190729","3","3","5","11","15","5","0","0","0","1","0","0"
"POINT (11.559455166000021 48.175014101000045)","Unfall 190736 (2018) Kat:3, Licht: 2","190736","3","6","3","11","19","6","0","2","0","1","0","0"
"POINT (11.540884407000021 48.145388480000065)","Unfall 190738 (2018) Kat:3, Licht: 2","190738","3","3","5","11","21","2","1","2","0","1","0","1"
"POINT (11.524476331000074 48.135602479000056)","Unfall 190740 (2018) Kat:3, Licht: 0","190740","3","2","5","11","10","6","0","0","1","1","0","0"
"POINT (11.562701245000028 48.186861531000034)","Unfall 190744 (2018) Kat:3, Licht: 2","190744","3","6","2","11","20","7","1","2","0","1","0","0"
"POINT (11.541072627000062 48.145422419000056)","Unfall 190746 (2018) Kat:3, Licht: 0","190746","3","6","2","11","07","6","0","0","0","1","0","0"
"POINT (11.572353119000070 48.191704747000074)","Unfall 190750 (2018) Kat:3, Licht: 2","190750","3","6","2","11","06","6","1","2","0","1","0","0"
"POINT (11.502891965000060 48.135269218000076)","Unfall 190756 (2018) Kat:3, Licht: 0","190756","3","2","5","11","15","6","0","0","1","1","0","0"
"POINT (11.658685823000042 48.098402453000062)","Unfall 190762 (2018) Kat:3, Licht: 0","190762","3","7","1","11","13","6","0","0","0","1","0","0"
"POINT (11.548363094000024 48.124208177000071)","Unfall 190766 (2018) Kat:3, Licht: 2","190766","3","3","5","11","20","6","1","2","1","1","0","0"
"POINT (11.552274887000067 48.142798467000034)","Unfall 190770 (2018) Kat:3, Licht: 2","190770","3","4","6","11","20","6","0","2","1","0","1","0"
"POINT (11.569681501000048 48.133906154000044)","Unfall 190774 (2018) Kat:3, Licht: 0","190774","3","5","1","11","11","6","1","0","1","0","0","0"
"POINT (11.534476531000053 48.137570092000033)","Unfall 190779 (2018) Kat:3, Licht: 0","190779","3","1","0","11","12","1","1","0","1","0","0","0"
"POINT (11.559913838000057 48.186213089000034)","Unfall 190783 (2018) Kat:3, Licht: 2","190783","3","4","6","11","05","2","1","2","0","1","1","0"
"POINT (11.528517053000030 48.172348755000030)","Unfall 190794 (2018) Kat:3, Licht: 2","190794","3","6","2","11","17","3","1","2","0","1","0","0"
"POINT (11.558970928000065 48.147685614000068)","Unfall 190796 (2018) Kat:2, Licht: 2","190796","2","2","6","11","18","3","1","2","0","1","1","0"
"POINT (11.647594813000069 48.098505738000028)","Unfall 190797 (2018) Kat:3, Licht: 2","190797","3","4","6","11","17","2","1","2","0","1","1","0"
"POINT (11.511813026000027 48.155618390000029)","Unfall 190798 (2018) Kat:3, Licht: 0","190798","3","6","1","11","07","3","1","0","0","1","0","0"
"POINT (11.504100371000050 48.186402602000044)","Unfall 190800 (2018) Kat:3, Licht: 0","190800","3","3","5","11","15","3","1","0","1","1","0","0"
"POINT (11.508211567000046 48.098064943000054)","Unfall 190802 (2018) Kat:3, Licht: 0","190802","3","2","6","11","14","3","1","0","0","1","1","0"
"POINT (11.572682778000058 48.187234492000073)","Unfall 190803 (2018) Kat:2, Licht: 0","190803","2","7","3","11","11","7","1","0","0","1","0","0"
"POINT (11.513887228000044 48.113319357000080)","Unfall 190804 (2018) Kat:3, Licht: 2","190804","3","3","5","11","06","3","1","2","0","1","0","0"
"POINT (11.586582223000050 48.164208881000036)","Unfall 190808 (2018) Kat:3, Licht: 0","190808","3","2","3","11","13","3","1","0","1","1","0","0"
"POINT (11.592556448000039 48.192755799000054)","Unfall 190812 (2018) Kat:3, Licht: 2","190812","3","6","3","11","20","3","1","2","0","1","0","0"
"POINT (11.585456662000070 48.121178380000060)","Unfall 190814 (2018) Kat:3, Licht: 2","190814","3","6","3","11","17","3","1","2","1","1","0","0"
"POINT (11.577188786000022 48.136514981000062)","Unfall 190815 (2018) Kat:2, Licht: 0","190815","2","4","6","11","14","3","1","0","1","0","1","0"
"POINT (11.485408574000076 48.141536353000049)","Unfall 190849 (2018) Kat:3, Licht: 0","190849","3","7","1","11","08","5","0","0","0","1","0","0"
"POINT (11.585068128000046 48.132452093000040)","Unfall 190855 (2018) Kat:2, Licht: 1","190855","2","2","6","11","07","2","0","1","0","1","1","0"
"POINT (11.540335876000029 48.215099425000062)","Unfall 190860 (2018) Kat:3, Licht: 2","190860","3","4","0","11","16","2","1","2","0","1","1","0"
"POINT (11.519238921000067 48.086983121000060)","Unfall 190879 (2018) Kat:3, Licht: 0","190879","3","7","0","11","15","7","0","0","1","0","0","0"
"POINT (11.552857130000064 48.126735722000035)","Unfall 190888 (2018) Kat:3, Licht: 2","190888","3","2","4","11","16","2","1","2","1","1","0","0"
"POINT (11.549563206000073 48.145888169000045)","Unfall 190890 (2018) Kat:3, Licht: 2","190890","3","2","6","11","17","2","1","2","0","1","1","0"
"POINT (11.570254673000022 48.115898245000039)","Unfall 190891 (2018) Kat:3, Licht: 2","190891","3","4","6","11","16","2","1","2","0","1","1","0"
"POINT (11.530127778000065 48.159725662000028)","Unfall 190893 (2018) Kat:3, Licht: 2","190893","3","2","6","11","18","2","1","2","0","1","1","0"
"POINT (11.628312826000069 48.147416938000049)","Unfall 190894 (2018) Kat:3, Licht: 0","190894","3","3","5","11","09","2","1","0","0","1","0","0"
"POINT (11.564671654000051 48.137404920000051)","Unfall 190896 (2018) Kat:3, Licht: 2","190896","3","3","5","11","16","2","1","2","0","1","0","0"
"POINT (11.598957044000031 48.121403150000049)","Unfall 190899 (2018) Kat:3, Licht: 2","190899","3","3","5","11","17","2","1","2","1","1","0","0"
"POINT (11.578329953000036 48.139431278000075)","Unfall 190900 (2018) Kat:3, Licht: 2","190900","3","7","0","11","00","1","1","2","1","0","0","0"
"POINT (11.443230366000023 48.163804733000063)","Unfall 190901 (2018) Kat:3, Licht: 0","190901","3","3","4","11","07","2","1","0","0","1","0","0"
"POINT (11.562890551000066 48.159830909000050)","Unfall 190903 (2018) Kat:3, Licht: 2","190903","3","4","6","11","17","2","1","2","0","1","1","0"
"POINT (11.655556607000051 48.096433167000043)","Unfall 190904 (2018) Kat:2, Licht: 2","190904","2","2","6","11","17","2","1","2","0","1","1","0"
"POINT (11.584528050000074 48.195864635000078)","Unfall 190906 (2018) Kat:2, Licht: 2","190906","2","4","6","11","19","2","1","2","0","1","1","0"
"POINT (11.671908613000028 48.122650366000073)","Unfall 190908 (2018) Kat:3, Licht: 0","190908","3","3","5","11","15","5","0","0","0","1","0","0"
"POINT (11.590623068000070 48.192729691000068)","Unfall 190938 (2018) Kat:3, Licht: 0","190938","3","3","5","12","13","7","0","0","0","1","0","0"
"POINT (11.565110542000070 48.194745024000042)","Unfall 190939 (2018) Kat:3, Licht: 2","190939","3","6","9","12","23","7","0","2","0","1","0","0"
"POINT (11.584219440000027 48.128451142000074)","Unfall 190940 (2018) Kat:3, Licht: 0","190940","3","7","1","12","13","7","0","0","0","1","0","0"
"POINT (11.467042110000023 48.164766757000052)","Unfall 190942 (2018) Kat:3, Licht: 2","190942","3","2","4","12","20","7","0","2","1","1","0","0"
"POINT (11.502847839000026 48.133354585000063)","Unfall 190943 (2018) Kat:3, Licht: 2","190943","3","6","5","12","23","7","0","2","0","1","0","0"
"POINT (11.498558766000031 48.094991805000063)","Unfall 190944 (2018) Kat:3, Licht: 0","190944","3","4","6","12","11","7","1","0","0","1","1","0"
"POINT (11.565453353000066 48.148327746000064)","Unfall 190946 (2018) Kat:3, Licht: 0","190946","3","3","5","12","08","7","1","0","0","1","0","0"
"POINT (11.558650183000054 48.139194876000033)","Unfall 190947 (2018) Kat:3, Licht: 2","190947","3","1","1","12","01","7","1","2","0","1","1","0"
"POINT (11.578396186000077 48.144259771000065)","Unfall 190948 (2018) Kat:3, Licht: 0","190948","3","7","5","12","15","7","0","0","0","1","0","0"
"POINT (11.570744522000041 48.128260841000042)","Unfall 190988 (2018) Kat:3, Licht: 2","190988","3","5","1","11","02","6","0","2","1","1","0","0"
"POINT (11.601006751000057 48.126335095000059)","Unfall 190990 (2018) Kat:3, Licht: 0","190990","3","7","3","11","15","6","1","0","0","1","0","0"
"POINT (11.646048094000037 48.128505631000053)","Unfall 190992 (2018) Kat:3, Licht: 2","190992","3","2","6","11","17","6","1","2","0","1","1","0"
"POINT (11.474865650000027 48.128312084000072)","Unfall 190995 (2018) Kat:3, Licht: 0","190995","3","5","2","11","10","6","1","0","0","1","0","0"
"POINT (11.570588758000042 48.146894871000029)","Unfall 190997 (2018) Kat:3, Licht: 2","190997","3","2","5","11","18","6","1","2","0","1","0","0"
"POINT (11.558420104000049 48.129471071000069)","Unfall 191000 (2018) Kat:3, Licht: 2","191000","3","2","4","11","06","6","1","2","0","1","0","1"
"POINT (11.548654705000047 48.112197202000061)","Unfall 191004 (2018) Kat:3, Licht: 2","191004","3","3","5","11","03","6","1","2","0","1","0","0"
"POINT (11.585744177000038 48.159800070000074)","Unfall 191006 (2018) Kat:2, Licht: 2","191006","2","7","0","11","19","6","1","2","0","0","0","1"
"POINT (11.563235660000032 48.181424059000051)","Unfall 191008 (2018) Kat:2, Licht: 0","191008","2","3","5","11","15","6","1","0","0","1","0","0"
"POINT (11.463950347000036 48.183023518000027)","Unfall 191010 (2018) Kat:3, Licht: 0","191010","3","3","5","11","07","6","0","0","1","1","0","0"
"POINT (11.562573904000033 48.158203013000048)","Unfall 191012 (2018) Kat:2, Licht: 2","191012","2","4","6","11","16","6","1","2","0","1","1","0"
"POINT (11.578335812000034 48.167164559000071)","Unfall 191014 (2018) Kat:3, Licht: 1","191014","3","2","6","11","16","6","1","1","0","1","1","0"
"POINT (11.566598243000044 48.145416252000075)","Unfall 191016 (2018) Kat:3, Licht: 0","191016","3","4","6","11","12","6","0","0","0","1","1","0"
"POINT (11.565537432000042 48.191581070000041)","Unfall 191018 (2018) Kat:3, Licht: 0","191018","3","3","5","11","09","6","0","0","1","0","0","0"
"POINT (11.594048855000040 48.192771237000045)","Unfall 191020 (2018) Kat:3, Licht: 2","191020","3","4","6","11","17","6","1","2","0","1","1","0"
"POINT (11.461534637000057 48.148401910000075)","Unfall 191022 (2018) Kat:3, Licht: 0","191022","3","5","0","11","12","6","0","0","1","0","0","0"
"POINT (11.522484919000021 48.137188885000057)","Unfall 191024 (2018) Kat:3, Licht: 0","191024","3","6","2","11","11","6","0","0","0","1","0","0"
"POINT (11.574608951000073 48.118488181000032)","Unfall 191026 (2018) Kat:3, Licht: 2","191026","3","2","4","11","18","6","1","2","1","1","0","0"
"POINT (11.576307103000033 48.127921867000055)","Unfall 191028 (2018) Kat:3, Licht: 0","191028","3","2","5","11","15","6","1","0","1","0","0","0"
"POINT (11.548457660000054 48.121376197000075)","Unfall 191030 (2018) Kat:2, Licht: 2","191030","2","4","6","11","17","6","1","2","0","1","1","0"
"POINT (11.565988883000045 48.159438074000036)","Unfall 191032 (2018) Kat:3, Licht: 0","191032","3","1","1","11","11","6","0","0","0","1","0","0"
"POINT (11.568212228000050 48.132451447000051)","Unfall 191034 (2018) Kat:3, Licht: 0","191034","3","1","0","11","14","6","1","0","1","0","0","0"
"POINT (11.566810700000076 48.150420130000043)","Unfall 191042 (2018) Kat:3, Licht: 0","191042","3","4","6","12","09","2","1","0","0","1","1","0"
"POINT (11.603165366000042 48.123232409000082)","Unfall 191044 (2018) Kat:3, Licht: 2","191044","3","3","1","12","19","2","1","2","1","1","0","0"
"POINT (11.463026696000043 48.147744128000056)","Unfall 191046 (2018) Kat:3, Licht: 0","191046","3","4","6","12","10","2","0","0","0","0","1","0"
"POINT (11.503037622000022 48.139821230000052)","Unfall 191050 (2018) Kat:3, Licht: 0","191050","3","4","6","12","13","2","0","0","0","1","1","0"
"POINT (11.578184475000057 48.154824254000062)","Unfall 191052 (2018) Kat:2, Licht: 0","191052","2","6","1","12","15","2","0","0","0","1","0","1"
"POINT (11.502916445000039 48.131133442000078)","Unfall 191054 (2018) Kat:3, Licht: 2","191054","3","7","4","12","17","2","1","2","0","1","0","0"
"POINT (11.479393426000058 48.116372827000077)","Unfall 191056 (2018) Kat:3, Licht: 0","191056","3","3","5","12","11","2","1","0","1","1","0","0"
"POINT (11.546636519000060 48.101412036000056)","Unfall 191058 (2018) Kat:3, Licht: 0","191058","3","2","4","12","08","2","1","0","0","1","0","0"
"POINT (11.569105607000040 48.141549542000064)","Unfall 191062 (2018) Kat:3, Licht: 2","191062","3","4","6","12","18","2","0","2","1","0","1","0"
"POINT (11.576015628000050 48.164651892000052)","Unfall 191105 (2018) Kat:3, Licht: 0","191105","3","3","5","11","13","5","0","0","1","1","0","0"
"POINT (11.594601915000055 48.110791616000029)","Unfall 191107 (2018) Kat:3, Licht: 2","191107","3","2","4","11","00","5","1","2","0","1","0","0"
"POINT (11.508806079000067 48.179035185000032)","Unfall 191109 (2018) Kat:3, Licht: 0","191109","3","3","5","11","14","5","0","0","0","1","0","0"
"POINT (11.671852002000037 48.122634600000026)","Unfall 191112 (2018) Kat:3, Licht: 2","191112","3","2","4","11","18","5","0","2","0","1","0","0"
"POINT (11.659487427000045 48.145464524000033)","Unfall 191117 (2018) Kat:3, Licht: 2","191117","3","3","6","11","19","5","0","2","0","1","1","0"
"POINT (11.641558390000057 48.146581161000029)","Unfall 191119 (2018) Kat:3, Licht: 0","191119","3","3","5","11","07","5","0","0","1","1","0","0"
"POINT (11.563255558000037 48.131732200000044)","Unfall 191121 (2018) Kat:3, Licht: 0","191121","3","3","5","11","10","5","0","0","1","0","0","0"
"POINT (11.555939790000025 48.138536831000067)","Unfall 191124 (2018) Kat:3, Licht: 2","191124","3","4","6","11","17","5","0","2","0","1","1","0"
"POINT (11.578742868000063 48.145127528000046)","Unfall 191126 (2018) Kat:3, Licht: 1","191126","3","3","5","11","16","5","0","1","1","1","0","0"
"POINT (11.594766297000035 48.183496660000060)","Unfall 191186 (2018) Kat:3, Licht: 0","191186","3","7","5","12","08","3","1","0","1","1","0","0"
"POINT (11.503605117000063 48.164404710000042)","Unfall 191206 (2018) Kat:3, Licht: 2","191206","3","6","2","12","21","5","0","2","0","1","0","0"
"POINT (11.502676769000061 48.127353944000049)","Unfall 191207 (2018) Kat:3, Licht: 2","191207","3","6","2","12","18","3","1","2","0","1","0","0"
"POINT (11.639521842000022 48.144284391000042)","Unfall 191209 (2018) Kat:3, Licht: 0","191209","3","1","0","12","11","5","1","0","0","0","0","1"
"POINT (11.536392645000035 48.134982434000051)","Unfall 191211 (2018) Kat:3, Licht: 2","191211","3","5","1","12","17","5","0","2","1","1","0","0"
"POINT (11.462825895000037 48.151277903000050)","Unfall 191213 (2018) Kat:2, Licht: 0","191213","2","3","0","12","10","5","1","0","0","1","0","1"
"POINT (11.555705512000031 48.136386170000037)","Unfall 191214 (2018) Kat:3, Licht: 1","191214","3","4","6","12","17","3","0","1","1","0","1","0"
"POINT (11.571799580000061 48.141786744000058)","Unfall 191219 (2018) Kat:2, Licht: 2","191219","2","7","9","12","17","5","0","2","0","1","0","0"
"POINT (11.531210059000045 48.146876084000041)","Unfall 191221 (2018) Kat:2, Licht: 1","191221","2","3","5","12","15","5","0","1","1","0","0","0"
"POINT (11.549754730000075 48.137621962000026)","Unfall 191223 (2018) Kat:3, Licht: 0","191223","3","1","0","12","09","5","1","0","0","0","0","1"
"POINT (11.495663894000074 48.147231006000027)","Unfall 191225 (2018) Kat:2, Licht: 2","191225","2","7","0","12","01","5","1","2","1","0","0","0"
"POINT (11.529478085000051 48.182051309000030)","Unfall 191227 (2018) Kat:3, Licht: 2","191227","3","2","5","12","17","5","1","2","1","1","0","0"
"POINT (11.578889292000042 48.139341835000039)","Unfall 191230 (2018) Kat:3, Licht: 0","191230","3","1","0","12","13","5","0","0","1","0","0","0"
"POINT (11.566670205000037 48.167831518000071)","Unfall 191263 (2018) Kat:3, Licht: 2","191263","3","3","5","12","17","3","1","2","0","1","0","1"
"POINT (11.566415867000046 48.187157827000078)","Unfall 191285 (2018) Kat:3, Licht: 2","191285","3","2","6","12","20","1","1","2","0","1","1","0"
"POINT (11.623345952000022 48.153778582000029)","Unfall 191287 (2018) Kat:3, Licht: 2","191287","3","7","3","12","01","1","1","2","0","1","0","0"
"POINT (11.568694779000054 48.141229845000055)","Unfall 191289 (2018) Kat:2, Licht: 2","191289","2","4","6","12","03","1","1","2","0","1","1","0"
"POINT (11.577215634000027 48.136626325000066)","Unfall 191320 (2018) Kat:2, Licht: 0","191320","2","3","5","12","12","7","0","0","0","1","0","0"
"POINT (11.503079477000028 48.087453076000031)","Unfall 191322 (2018) Kat:3, Licht: 2","191322","3","3","4","12","17","7","0","2","0","1","0","0"
"POINT (11.520290496000030 48.149967172000061)","Unfall 191323 (2018) Kat:3, Licht: 1","191323","3","2","5","12","08","4","0","1","1","1","0","0"
"POINT (11.616948032000039 48.130633725000052)","Unfall 191324 (2018) Kat:2, Licht: 2","191324","2","2","6","12","22","7","0","2","0","1","1","0"
"POINT (11.572004235000065 48.132540988000073)","Unfall 191325 (2018) Kat:3, Licht: 0","191325","3","6","3","12","10","4","0","0","1","1","0","0"
"POINT (11.595726570000068 48.134068398000068)","Unfall 191327 (2018) Kat:3, Licht: 0","191327","3","4","6","12","15","4","1","0","0","0","1","0"
"POINT (11.566860939000037 48.140590869000050)","Unfall 191328 (2018) Kat:3, Licht: 2","191328","3","6","3","12","06","7","1","2","0","1","0","0"
"POINT (11.520050983000033 48.150096162000068)","Unfall 191332 (2018) Kat:2, Licht: 0","191332","2","6","3","12","12","7","0","0","1","0","0","0"
"POINT (11.541671547000021 48.139633348000075)","Unfall 191333 (2018) Kat:3, Licht: 0","191333","3","3","5","12","13","4","0","0","1","1","0","0"
"POINT (11.641582423000045 48.131902591000028)","Unfall 191334 (2018) Kat:3, Licht: 2","191334","3","3","5","12","18","7","0","2","0","1","0","0"
"POINT (11.579705092000040 48.159996913000043)","Unfall 191335 (2018) Kat:3, Licht: 2","191335","3","6","2","12","18","4","0","2","1","1","0","0"
"POINT (11.535442473000046 48.146266938000053)","Unfall 191337 (2018) Kat:3, Licht: 0","191337","3","4","6","12","14","4","0","0","0","0","1","0"
"POINT (11.536792329000036 48.139941245000045)","Unfall 191339 (2018) Kat:3, Licht: 2","191339","3","7","3","12","23","4","0","2","0","1","0","1"
"POINT (11.509540059000074 48.135224295000057)","Unfall 191341 (2018) Kat:3, Licht: 0","191341","3","6","3","12","12","4","0","0","1","0","0","0"
"POINT (11.536351029000059 48.146182459000045)","Unfall 191343 (2018) Kat:3, Licht: 0","191343","3","2","3","12","10","4","0","0","1","1","0","0"
"POINT (11.477392361000057 48.116219994000062)","Unfall 191345 (2018) Kat:3, Licht: 0","191345","3","3","5","12","08","4","0","0","0","1","0","0"
"POINT (11.479019953000034 48.122998879000079)","Unfall 191347 (2018) Kat:3, Licht: 2","191347","3","3","5","12","17","4","0","2","1","1","0","0"
"POINT (11.624175061000074 48.131994956000028)","Unfall 191350 (2018) Kat:3, Licht: 2","191350","3","2","3","12","17","4","1","2","1","1","0","0"
"POINT (11.517159691000074 48.116503078000051)","Unfall 191352 (2018) Kat:3, Licht: 0","191352","3","6","2","12","09","4","0","0","0","1","0","0"
"POINT (11.508450651000032 48.098237072000074)","Unfall 191395 (2018) Kat:3, Licht: 2","191395","3","7","4","12","20","6","1","2","0","1","0","0"
"POINT (11.548531253000021 48.114640819000044)","Unfall 191397 (2018) Kat:2, Licht: 0","191397","2","2","6","12","13","6","0","0","0","1","1","0"
"POINT (11.620778280000025 48.196877332000042)","Unfall 191399 (2018) Kat:3, Licht: 0","191399","3","7","0","12","15","6","0","0","0","1","0","0"
"POINT (11.555794529000025 48.130081511000071)","Unfall 191401 (2018) Kat:3, Licht: 0","191401","3","2","0","12","09","6","0","0","1","1","0","0"
"POINT (11.552784854000038 48.147098019000055)","Unfall 191403 (2018) Kat:3, Licht: 0","191403","3","6","1","12","12","6","0","0","0","1","0","0"
"POINT (11.603543555000044 48.110705913000061)","Unfall 191405 (2018) Kat:3, Licht: 2","191405","3","6","2","12","17","6","0","2","0","1","0","0"
"POINT (11.587059851000049 48.134248111000034)","Unfall 191409 (2018) Kat:3, Licht: 2","191409","3","3","5","12","22","6","1","2","0","1","0","0"
"POINT (11.521884700000044 48.137626938000039)","Unfall 191412 (2018) Kat:3, Licht: 1","191412","3","7","6","12","07","6","0","1","0","0","1","0"
"POINT (11.564921321000043 48.164447536000068)","Unfall 191414 (2018) Kat:3, Licht: 1","191414","3","5","6","12","07","6","0","1","0","1","0","0"
"POINT (11.572890240000049 48.175471715000072)","Unfall 191416 (2018) Kat:3, Licht: 0","191416","3","6","2","12","10","6","0","0","0","1","0","1"
"POINT (11.578261757000064 48.136191780000047)","Unfall 191418 (2018) Kat:3, Licht: 0","191418","3","2","4","12","15","6","0","0","1","0","0","0"
"POINT (11.541657330000021 48.139523454000027)","Unfall 191429 (2018) Kat:3, Licht: 0","191429","3","2","4","12","13","3","1","0","0","1","0","1"
"POINT (11.575926032000041 48.201923976000046)","Unfall 191432 (2018) Kat:2, Licht: 2","191432","2","7","0","12","19","3","1","2","0","0","1","0"
"POINT (11.569374822000043 48.141021178000074)","Unfall 191434 (2018) Kat:2, Licht: 2","191434","2","4","6","12","16","3","1","2","1","0","1","0"
"POINT (11.582891972000027 48.133988673000033)","Unfall 191437 (2018) Kat:3, Licht: 0","191437","3","4","6","12","14","3","1","0","0","0","1","0"
"POINT (11.544686693000074 48.117065378000063)","Unfall 191439 (2018) Kat:3, Licht: 0","191439","3","4","6","12","13","3","1","0","0","1","1","0"
"POINT (11.597755150000069 48.201424421000070)","Unfall 191441 (2018) Kat:3, Licht: 2","191441","3","2","5","12","16","3","1","2","0","1","0","0"
"POINT (11.579620563000049 48.133964869000067)","Unfall 191474 (2018) Kat:3, Licht: 2","191474","3","1","0","12","23","4","1","2","1","0","0","0"
"POINT (11.570523784000045 48.134369761000073)","Unfall 191475 (2018) Kat:3, Licht: 2","191475","3","1","6","12","23","4","0","2","0","1","1","0"
"POINT (11.558072274000040 48.141772217000039)","Unfall 191476 (2018) Kat:2, Licht: 2","191476","2","4","6","12","07","4","2","2","0","0","1","0"
"POINT (11.568728840000063 48.132462235000048)","Unfall 191477 (2018) Kat:3, Licht: 0","191477","3","7","6","12","08","4","1","0","0","1","1","0"
"POINT (11.502477466000073 48.120383259000050)","Unfall 191478 (2018) Kat:3, Licht: 0","191478","3","6","3","12","14","4","1","0","0","1","0","0"
"POINT (11.646406529000046 48.101289019000035)","Unfall 191479 (2018) Kat:3, Licht: 0","191479","3","2","5","12","12","4","0","0","1","0","0","0"
"POINT (11.505841564000036 48.181364229000053)","Unfall 191480 (2018) Kat:3, Licht: 2","191480","3","4","0","12","18","4","1","2","0","0","1","0"
"POINT (11.603812296000058 48.122801864000053)","Unfall 191484 (2018) Kat:3, Licht: 2","191484","3","4","6","12","18","4","1","2","0","0","1","0"
"POINT (11.533235939000065 48.116893183000059)","Unfall 191486 (2018) Kat:3, Licht: 0","191486","3","1","0","12","15","4","1","0","0","0","0","1"
"POINT (11.579064164000044 48.139308500000027)","Unfall 191488 (2018) Kat:3, Licht: 0","191488","3","1","0","12","11","4","1","0","1","0","0","0"
"POINT (11.584629696000036 48.138196735000065)","Unfall 191519 (2018) Kat:2, Licht: 2","191519","2","3","5","12","03","1","0","2","0","1","0","0"
"POINT (11.577257855000028 48.124180128000035)","Unfall 191520 (2018) Kat:3, Licht: 2","191520","3","6","2","12","01","1","0","2","0","1","0","0"
"POINT (11.527708190000055 48.099711453000054)","Unfall 191555 (2018) Kat:3, Licht: 0","191555","3","7","1","12","10","3","0","0","0","1","0","0"
"POINT (11.620147527000029 48.120312741000077)","Unfall 191557 (2018) Kat:3, Licht: 0","191557","3","2","4","12","11","3","0","0","0","1","0","0"
"POINT (11.536361512000042 48.176295819000075)","Unfall 191559 (2018) Kat:3, Licht: 0","191559","3","3","5","12","15","3","1","0","0","1","0","0"
"POINT (11.534456274000036 48.152520811000045)","Unfall 191561 (2018) Kat:3, Licht: 2","191561","3","6","0","12","21","3","1","2","0","1","0","1"
"POINT (11.595912206000037 48.147311850000051)","Unfall 191562 (2018) Kat:3, Licht: 2","191562","3","7","6","12","06","7","0","2","0","1","1","0"
"POINT (11.546676238000032 48.137791996000033)","Unfall 191564 (2018) Kat:3, Licht: 0","191564","3","4","6","12","11","7","1","0","1","0","1","0"
"POINT (11.646155948000057 48.101402839000059)","Unfall 191565 (2018) Kat:3, Licht: 2","191565","3","1","6","12","16","3","1","2","0","1","1","0"
"POINT (11.581429415000059 48.138850585000057)","Unfall 191566 (2018) Kat:3, Licht: 0","191566","3","1","0","12","14","7","0","0","1","0","0","0"
"POINT (11.502774975000023 48.130934629000080)","Unfall 191567 (2018) Kat:3, Licht: 1","191567","3","2","6","12","07","3","1","1","0","1","1","0"
"POINT (11.545309821000046 48.111887596000031)","Unfall 191569 (2018) Kat:3, Licht: 0","191569","3","7","4","12","08","3","1","0","0","1","0","0"
"POINT (11.573275459000058 48.143223342000056)","Unfall 191571 (2018) Kat:3, Licht: 0","191571","3","3","5","12","15","3","1","0","1","1","0","0"