WKT,Name,OBJECTID,UKATEGORIE,UTYP1,UART,UMONAT,USTUNDE,UWOCHENTAG,STRZUSTAND,ULICHTVERH,ISTRAD,ISTPKW,ISTFUSS,ISTKRAD
"POINT (11.511453027000073 48.155035739000027)","Unfall 191593 (2018) Kat:3, Licht: 2","191593","3","7","0","12","18","6","0","2","0","0","0","0"
"POINT (11.573645480000039 48.133515756000065)","Unfall 191595 (2018) Kat:3, Licht: 0","191595","3","6","1","12","11","6","0","0","0","1","0","0"
"POINT (11.564954418000070 48.138751362000050)","Unfall 191597 (2018) Kat:3, Licht: 2","191597","3","3","3","12","22","6","0","2","0","1","0","0"
"POINT (11.552545923000025 48.155318158000057)","Unfall 191599 (2018) Kat:2, Licht: 2","191599","2","3","5","12","16","6","0","2","1","0","0","0"
"POINT (11.615118062000022 48.141134954000051)","Unfall 191601 (2018) Kat:3, Licht: 0","191601","3","2","3","12","14","6","0","0","1","1","0","0"
"POINT (11.405985337000061 48.161289475000046)","Unfall 191603 (2018) Kat:3, Licht: 2","191603","3","3","5","12","17","6","0","2","1","1","0","0"
"POINT (11.483364570000049 48.130154427000036)","Unfall 191605 (2018) Kat:3, Licht: 0","191605","3","6","1","12","12","6","0","0","0","1","0","0"
"POINT (11.590815351000060 48.142596895000054)","Unfall 191607 (2018) Kat:3, Licht: 2","191607","3","6","2","12","19","6","0","2","0","1","0","0"
"POINT (11.647028629000033 48.130352502000051)","Unfall 191675 (2018) Kat:2, Licht: 0","191675","2","3","5","12","10","5","1","0","0","1","0","0"
"POINT (11.556099596000024 48.210825230000069)","Unfall 191677 (2018) Kat:3, Licht: 0","191677","3","3","5","12","14","5","0","0","0","1","0","0"
"POINT (11.454294956000069 48.146930066000039)","Unfall 191678 (2018) Kat:3, Licht: 0","191678","3","2","3","12","08","2","1","0","1","0","0","0"
"POINT (11.524033979000023 48.136050350000062)","Unfall 191679 (2018) Kat:3, Licht: 1","191679","3","2","0","12","16","5","0","1","0","1","0","0"
"POINT (11.562049297000044 48.186914641000044)","Unfall 191680 (2018) Kat:3, Licht: 2","191680","3","2","6","12","06","2","1","2","0","1","1","0"
"POINT (11.535284619000038 48.140005954000060)","Unfall 191681 (2018) Kat:3, Licht: 2","191681","3","6","1","12","22","5","1","2","0","1","0","0"
"POINT (11.503133465000076 48.125297957000043)","Unfall 191682 (2018) Kat:3, Licht: 0","191682","3","4","6","12","08","2","1","0","0","1","1","0"
"POINT (11.584970015000067 48.138160896000045)","Unfall 191683 (2018) Kat:3, Licht: 0","191683","3","6","3","12","10","5","0","0","1","0","0","0"
"POINT (11.572490006000066 48.187456773000065)","Unfall 191684 (2018) Kat:3, Licht: 2","191684","3","6","0","12","20","5","0","2","0","0","0","0"
"POINT (11.604217878000043 48.106929298000068)","Unfall 191685 (2018) Kat:2, Licht: 0","191685","2","6","4","12","14","2","1","0","0","1","0","0"
"POINT (11.580715311000063 48.136877657000070)","Unfall 191686 (2018) Kat:3, Licht: 1","191686","3","4","6","12","15","5","0","1","0","1","1","0"
"POINT (11.461621383000022 48.211096722000036)","Unfall 191687 (2018) Kat:3, Licht: 0","191687","3","3","5","12","15","2","1","0","1","1","0","0"
"POINT (11.643711163000035 48.097175320000076)","Unfall 191688 (2018) Kat:3, Licht: 0","191688","3","7","6","12","15","5","0","0","0","1","1","0"
"POINT (11.591324851000024 48.111053665000043)","Unfall 191689 (2018) Kat:3, Licht: 0","191689","3","7","5","12","11","2","1","0","0","1","0","1"
"POINT (11.572143908000044 48.196640013000035)","Unfall 191690 (2018) Kat:3, Licht: 2","191690","3","6","3","12","17","5","0","2","0","1","0","0"
"POINT (11.658592830000032 48.101140302000033)","Unfall 191691 (2018) Kat:3, Licht: 0","191691","3","1","0","12","10","2","1","0","0","1","0","0"
"POINT (11.584700878000035 48.138213236000070)","Unfall 191692 (2018) Kat:3, Licht: 2","191692","3","3","5","12","21","5","0","2","0","1","0","0"
"POINT (11.558705885000052 48.139325086000042)","Unfall 191693 (2018) Kat:2, Licht: 2","191693","2","3","5","12","04","2","1","2","0","1","0","0"
"POINT (11.647982944000034 48.139857161000066)","Unfall 191700 (2018) Kat:3, Licht: 2","191700","3","2","6","12","06","2","1","2","0","0","1","0"
"POINT (11.510860094000066 48.169799614000055)","Unfall 191716 (2018) Kat:3, Licht: 0","191716","3","6","2","12","10","4","1","0","0","1","0","0"
"POINT (11.608106794000037 48.148451338000029)","Unfall 191717 (2018) Kat:2, Licht: 2","191717","2","3","5","12","17","4","1","2","0","1","0","0"
"POINT (11.502792179000039 48.131529094000030)","Unfall 191718 (2018) Kat:3, Licht: 2","191718","3","6","2","12","19","4","0","2","0","1","0","0"
"POINT (11.533764347000044 48.113600262000034)","Unfall 191719 (2018) Kat:3, Licht: 0","191719","3","7","6","12","14","4","0","0","0","1","1","0"
"POINT (11.652933479000069 48.098515920000068)","Unfall 191720 (2018) Kat:3, Licht: 0","191720","3","7","6","12","12","4","0","0","0","0","1","0"
"POINT (11.480121837000070 48.167759606000061)","Unfall 191721 (2018) Kat:3, Licht: 0","191721","3","1","0","12","07","4","2","0","1","0","0","0"
"POINT (11.536329649000038 48.176928762000045)","Unfall 191722 (2018) Kat:3, Licht: 0","191722","3","1","9","12","11","4","0","0","0","1","0","0"
"POINT (11.564752177000059 48.137563486000033)","Unfall 191724 (2018) Kat:3, Licht: 0","191724","3","6","1","12","12","4","0","0","0","1","0","0"
"POINT (11.579176922000045 48.136015618000044)","Unfall 191725 (2018) Kat:3, Licht: 2","191725","3","4","6","12","17","4","1","2","1","0","1","0"
"POINT (11.479513656000051 48.125813897000057)","Unfall 191729 (2018) Kat:3, Licht: 1","191729","3","2","3","12","16","6","1","1","1","1","0","0"
"POINT (11.533984642000064 48.111449330000028)","Unfall 191733 (2018) Kat:3, Licht: 0","191733","3","3","5","12","08","6","0","0","0","1","0","0"
"POINT (11.559125633000065 48.129865076000044)","Unfall 191735 (2018) Kat:3, Licht: 1","191735","3","6","3","12","16","6","1","1","0","1","0","0"
"POINT (11.542031137000038 48.139521715000058)","Unfall 191737 (2018) Kat:3, Licht: 2","191737","3","5","1","12","23","6","1","2","0","1","0","0"
"POINT (11.405598824000037 48.178561998000077)","Unfall 191739 (2018) Kat:3, Licht: 0","191739","3","6","2","12","15","6","1","0","0","1","0","0"
"POINT (11.516433177000067 48.167710825000029)","Unfall 191741 (2018) Kat:2, Licht: 0","191741","2","3","1","12","11","6","1","0","1","0","0","0"
"POINT (11.503442013000040 48.173488258000077)","Unfall 191744 (2018) Kat:3, Licht: 0","191744","3","6","1","12","13","6","1","0","0","1","0","0"
"POINT (11.579593557000067 48.206677669000044)","Unfall 191745 (2018) Kat:3, Licht: 1","191745","3","6","6","12","07","6","0","1","0","1","1","0"
"POINT (11.644334139000023 48.097154098000033)","Unfall 191746 (2018) Kat:3, Licht: 0","191746","3","2","6","12","15","6","1","0","0","1","1","0"
"POINT (11.534078815000044 48.110921627000039)","Unfall 191747 (2018) Kat:3, Licht: 2","191747","3","3","0","12","06","6","0","2","1","1","0","0"
"POINT (11.561990673000025 48.121032110000044)","Unfall 191796 (2018) Kat:3, Licht: 1","191796","3","3","5","12","07","3","1","1","1","1","0","0"
"POINT (11.589758768000024 48.134155688000078)","Unfall 191799 (2018) Kat:3, Licht: 0","191799","3","7","5","12","09","3","2","0","1","0","0","0"
"POINT (11.660421850000034 48.133058809000033)","Unfall 191801 (2018) Kat:2, Licht: 2","191801","2","4","6","12","17","3","1","2","0","1","1","0"
"POINT (11.570325751000041 48.128192626000043)","Unfall 191803 (2018) Kat:3, Licht: 0","191803","3","7","3","12","13","3","0","0","1","1","0","0"
"POINT (11.624326804000077 48.169638244000055)","Unfall 191805 (2018) Kat:3, Licht: 2","191805","3","7","3","12","19","3","1","2","1","1","0","0"
"POINT (11.637524939000059 48.146440853000058)","Unfall 191807 (2018) Kat:3, Licht: 2","191807","3","3","5","12","20","3","1","2","0","1","0","0"
"POINT (11.502548908000051 48.081558209000036)","Unfall 191809 (2018) Kat:2, Licht: 1","191809","2","4","6","12","07","3","1","1","0","1","1","0"
"POINT (11.636291115000063 48.140292276000025)","Unfall 191811 (2018) Kat:3, Licht: 2","191811","3","3","5","12","06","3","1","2","0","1","0","0"
"POINT (11.529146183000023 48.178031787000066)","Unfall 191818 (2018) Kat:3, Licht: 0","191818","3","3","5","12","08","3","2","0","1","0","0","0"
"POINT (11.516064794000044 48.185090826000078)","Unfall 191820 (2018) Kat:3, Licht: 0","191820","3","1","0","12","07","3","2","0","1","0","0","0"
"POINT (11.484647024000026 48.136014922000072)","Unfall 191822 (2018) Kat:3, Licht: 0","191822","3","1","0","12","08","3","1","0","1","0","0","0"
"POINT (11.546469443000035 48.151875795000080)","Unfall 191823 (2018) Kat:3, Licht: 0","191823","3","2","5","12","14","5","0","0","1","1","0","0"
"POINT (11.517209418000050 48.130680393000034)","Unfall 191824 (2018) Kat:3, Licht: 2","191824","3","1","0","12","21","3","1","2","0","0","0","1"
"POINT (11.573141013000054 48.210277622000035)","Unfall 191825 (2018) Kat:3, Licht: 0","191825","3","7","4","12","15","5","0","0","0","1","0","0"
"POINT (11.500110521000067 48.141808534000063)","Unfall 191826 (2018) Kat:3, Licht: 0","191826","3","7","0","12","09","3","1","0","1","1","0","0"
"POINT (11.603741965000040 48.179579916000080)","Unfall 191827 (2018) Kat:3, Licht: 0","191827","3","2","3","12","09","5","0","0","1","1","0","0"
"POINT (11.503027665000047 48.139540294000028)","Unfall 191828 (2018) Kat:3, Licht: 0","191828","3","2","3","12","09","3","2","0","1","1","0","0"
"POINT (11.519185906000075 48.142701509000062)","Unfall 191829 (2018) Kat:3, Licht: 1","191829","3","7","0","12","16","5","0","1","1","0","1","0"
"POINT (11.525300779000077 48.132538061000048)","Unfall 191830 (2018) Kat:3, Licht: 0","191830","3","3","5","12","09","3","0","0","0","1","0","0"
"POINT (11.561697469000023 48.204519507000043)","Unfall 191831 (2018) Kat:3, Licht: 0","191831","3","6","0","12","14","5","0","0","0","1","0","0"
"POINT (11.606781999000077 48.139471861000061)","Unfall 191833 (2018) Kat:3, Licht: 2","191833","3","7","0","12","20","5","0","2","0","0","1","0"
"POINT (11.634057903000041 48.103164661000051)","Unfall 191834 (2018) Kat:3, Licht: 2","191834","3","1","0","12","06","3","2","2","1","0","0","0"
"POINT (11.586648634000028 48.169501964000062)","Unfall 191835 (2018) Kat:3, Licht: 2","191835","3","6","2","12","17","5","0","2","0","1","0","0"
"POINT (11.589083253000069 48.102699477000044)","Unfall 191836 (2018) Kat:3, Licht: 0","191836","3","4","6","12","14","3","0","0","0","1","1","0"
"POINT (11.544818140000075 48.140413592000073)","Unfall 191838 (2018) Kat:3, Licht: 1","191838","3","1","0","12","07","3","2","1","1","0","0","0"
"POINT (11.535155253000028 48.152155595000067)","Unfall 191941 (2018) Kat:3, Licht: 0","191941","3","2","5","12","09","2","2","0","1","0","0","0"
"POINT (11.585460230000024 48.175275832000068)","Unfall 191943 (2018) Kat:3, Licht: 0","191943","3","7","0","12","14","2","1","0","0","0","0","0"
"POINT (11.596423696000045 48.134205851000047)","Unfall 191945 (2018) Kat:2, Licht: 2","191945","2","4","6","12","19","2","1","2","0","1","1","0"
"POINT (11.502626149000037 48.120139933000075)","Unfall 191947 (2018) Kat:3, Licht: 0","191947","3","3","4","12","11","2","0","0","0","1","0","0"
"POINT (11.547080714000060 48.139250517000050)","Unfall 191949 (2018) Kat:3, Licht: 0","191949","3","7","0","12","11","2","1","0","0","1","0","0"
"POINT (11.623456354000041 48.130877957000052)","Unfall 191951 (2018) Kat:3, Licht: 0","191951","3","4","6","12","11","2","1","0","0","1","1","0"
"POINT (11.591268198000023 48.140790482000057)","Unfall 191953 (2018) Kat:3, Licht: 2","191953","3","2","6","12","18","2","1","2","0","1","1","0"
"POINT (11.604954273000033 48.104565043000036)","Unfall 191956 (2018) Kat:3, Licht: 2","191956","3","2","6","12","19","2","1","2","0","1","1","0"
"POINT (11.571520761000045 48.121148945000073)","Unfall 191983 (2018) Kat:2, Licht: 2","191983","2","1","0","12","00","4","0","2","1","0","0","0"
"POINT (11.557944192000036 48.139287364000040)","Unfall 191988 (2018) Kat:3, Licht: 2","191988","3","7","5","12","21","5","0","2","0","1","0","0"
"POINT (11.574643945000048 48.145527654000034)","Unfall 191989 (2018) Kat:3, Licht: 0","191989","3","3","5","12","08","5","0","0","0","1","0","0"
"POINT (11.503329799000028 48.146647790000031)","Unfall 191990 (2018) Kat:3, Licht: 0","191990","3","6","2","12","14","5","0","0","0","1","0","0"
"POINT (11.528709781000032 48.129957657000034)","Unfall 191991 (2018) Kat:3, Licht: 0","191991","3","3","5","12","08","5","0","0","0","1","0","0"
"POINT (11.565288739000039 48.152745507000077)","Unfall 191992 (2018) Kat:3, Licht: 1","191992","3","6","2","12","15","5","0","1","0","1","0","0"
"POINT (11.517374911000047 48.134921789000032)","Unfall 192012 (2018) Kat:3, Licht: 2","192012","3","2","6","12","19","4","1","2","0","1","1","0"
"POINT (11.502400845000068 48.112217855000040)","Unfall 192026 (2018) Kat:3, Licht: 2","192026","3","7","4","12","17","3","0","2","0","1","0","0"
"POINT (11.571566896000036 48.131382067000061)","Unfall 192028 (2018) Kat:3, Licht: 2","192028","3","2","5","12","18","3","0","2","0","1","0","0"
"POINT (11.525886236000076 48.134693991000063)","Unfall 192032 (2018) Kat:3, Licht: 0","192032","3","1","0","12","07","2","1","0","1","0","0","0"
"POINT (11.484339715000033 48.130172357000049)","Unfall 192033 (2018) Kat:3, Licht: 0","192033","3","6","2","12","11","2","0","0","0","1","0","0"
"POINT (11.529933337000045 48.159673284000064)","Unfall 192034 (2018) Kat:3, Licht: 2","192034","3","2","5","12","18","2","1","2","1","1","0","0"
"POINT (11.597666904000050 48.152273003000062)","Unfall 192058 (2018) Kat:3, Licht: 2","192058","3","5","1","12","16","1","1","2","0","1","0","0"
"POINT (11.567290303000050 48.129873058000044)","Unfall 192062 (2018) Kat:3, Licht: 0","192062","3","5","1","12","09","2","1","0","1","0","0","0"
"POINT (11.501110984000036 48.094618432000061)","Unfall 192064 (2018) Kat:3, Licht: 2","192064","3","4","6","12","19","2","1","2","0","1","1","0"
"POINT (11.608088751000025 48.148429456000031)","Unfall 192066 (2018) Kat:3, Licht: 2","192066","3","3","5","12","18","2","1","2","0","1","0","0"
"POINT (11.568044548000046 48.132597002000068)","Unfall 192091 (2018) Kat:3, Licht: 2","192091","3","5","1","12","00","7","1","2","0","1","0","0"
"POINT (11.586322354000060 48.167324004000079)","Unfall 192093 (2018) Kat:3, Licht: 0","192093","3","2","5","12","14","7","1","0","1","1","0","0"
"POINT (11.588211035000029 48.201217472000053)","Unfall 192096 (2018) Kat:3, Licht: 0","192096","3","2","3","12","11","7","0","0","1","1","0","0"
"POINT (11.553669457000069 48.183102002000055)","Unfall 192098 (2018) Kat:3, Licht: 2","192098","3","2","5","12","17","7","1","2","0","1","0","0"
"POINT (11.671124526000028 48.126629318000028)","Unfall 192100 (2018) Kat:2, Licht: 2","192100","2","4","6","12","17","7","1","2","0","1","1","0"
"POINT (11.665167374000077 48.121851974000037)","Unfall 192102 (2018) Kat:3, Licht: 0","192102","3","2","4","12","14","7","1","0","0","1","0","0"
"POINT (11.521261525000057 48.106255866000026)","Unfall 192104 (2018) Kat:3, Licht: 0","192104","3","6","2","12","09","7","0","0","0","1","0","0"
"POINT (11.558626120000042 48.139058757000043)","Unfall 192106 (2018) Kat:3, Licht: 2","192106","3","2","6","12","18","7","1","2","0","1","1","0"
"POINT (11.605557276000070 48.121349831000032)","Unfall 192109 (2018) Kat:2, Licht: 2","192109","2","4","6","12","00","7","0","2","0","1","1","0"
"POINT (11.549680789000035 48.146134602000075)","Unfall 192111 (2018) Kat:3, Licht: 2","192111","3","7","0","12","18","7","0","2","0","0","1","0"
"POINT (11.575348537000025 48.119499562000044)","Unfall 192144 (2018) Kat:3, Licht: 0","192144","3","2","4","12","13","6","0","0","0","1","0","0"
"POINT (11.476527838000038 48.111272922000069)","Unfall 192146 (2018) Kat:3, Licht: 0","192146","3","7","1","12","12","6","0","0","0","1","0","0"
"POINT (11.566424370000050 48.186116244000061)","Unfall 192148 (2018) Kat:3, Licht: 0","192148","3","3","5","12","12","6","0","0","1","1","0","0"
"POINT (11.537755529000037 48.156333250000046)","Unfall 192179 (2018) Kat:3, Licht: 1","192179","3","1","0","12","17","6","0","1","1","0","0","0"
"POINT (11.646299061000036 48.106247946000053)","Unfall 192181 (2018) Kat:3, Licht: 2","192181","3","3","5","12","17","6","1","2","1","1","0","0"
"POINT (11.522756366000067 48.134325103000037)","Unfall 192182 (2018) Kat:3, Licht: 0","192182","3","2","5","12","10","6","1","0","0","1","0","0"
"POINT (11.586406828000065 48.161880335000035)","Unfall 192184 (2018) Kat:3, Licht: 0","192184","3","6","2","12","11","6","1","0","0","1","0","0"
"POINT (11.578283850000048 48.110222550000060)","Unfall 51975 (2019) Kat:3, Licht: 0","51975","3","6","2","01","11","7","2","0","0","1","0","0"
"POINT (11.521248885000034 48.222688972000071)","Unfall 52055 (2019) Kat:3, Licht: 2","52055","3","6","3","01","05","7","2","2","0","1","0","0"
"POINT (11.502992166000070 48.143310002000078)","Unfall 52059 (2019) Kat:3, Licht: 2","52059","3","3","5","01","17","6","1","2","0","1","0","0"
"POINT (11.541005701000074 48.093954583000027)","Unfall 52123 (2019) Kat:3, Licht: 2","52123","3","3","5","01","20","5","0","2","0","1","0","0"
"POINT (11.526039705000073 48.077565833000051)","Unfall 52124 (2019) Kat:2, Licht: 0","52124","2","2","6","01","14","5","1","0","0","1","1","0"
"POINT (11.532884009000043 48.140058532000069)","Unfall 52125 (2019) Kat:3, Licht: 2","52125","3","6","3","01","17","5","1","2","0","1","0","0"
"POINT (11.503358051000077 48.143282297000042)","Unfall 52126 (2019) Kat:3, Licht: 0","52126","3","6","3","01","15","5","0","0","0","1","0","0"
"POINT (11.537043769000036 48.151830593000057)","Unfall 52171 (2019) Kat:3, Licht: 2","52171","3","2","3","01","17","4","1","2","1","0","0","0"
"POINT (11.494762854000044 48.112275060000059)","Unfall 52221 (2019) Kat:3, Licht: 2","52221","3","2","5","01","17","4","2","2","0","1","0","0"
"POINT (11.645060160000071 48.092502631000059)","Unfall 52341 (2019) Kat:3, Licht: 0","52341","3","6","2","01","14","3","1","0","0","1","0","0"
"POINT (11.585245753000038 48.200925962000042)","Unfall 52342 (2019) Kat:3, Licht: 2","52342","3","6","2","01","06","3","1","2","0","1","0","0"
"POINT (11.677027413000076 48.119370989000060)","Unfall 52444 (2019) Kat:3, Licht: 1","52444","3","2","6","01","07","2","1","1","0","1","1","0"
"POINT (11.541012258000023 48.185376239000050)","Unfall 52473 (2019) Kat:3, Licht: 2","52473","3","6","1","01","18","2","1","2","0","1","0","0"
"POINT (11.604004132000057 48.179486320000080)","Unfall 52474 (2019) Kat:2, Licht: 2","52474","2","2","3","01","17","1","1","2","1","1","0","0"
"POINT (11.615126412000052 48.112155440000038)","Unfall 52475 (2019) Kat:3, Licht: 2","52475","3","3","5","01","22","1","1","2","0","1","0","0"
"POINT (11.599593231000028 48.107606454000063)","Unfall 52574 (2019) Kat:3, Licht: 2","52574","3","3","5","01","20","6","2","2","0","1","0","0"
"POINT (11.537330660000066 48.156357936000063)","Unfall 52575 (2019) Kat:3, Licht: 1","52575","3","6","2","01","18","6","1","1","0","1","0","0"
"POINT (11.491068845000029 48.202051740000059)","Unfall 52576 (2019) Kat:3, Licht: 2","52576","3","1","8","01","19","6","1","2","0","1","0","0"
"POINT (11.584324435000042 48.187854672000071)","Unfall 52579 (2019) Kat:3, Licht: 2","52579","3","2","5","01","19","2","1","2","0","1","0","0"
"POINT (11.518011762000071 48.070019873000035)","Unfall 52759 (2019) Kat:3, Licht: 2","52759","3","6","2","01","07","5","2","2","0","1","0","0"
"POINT (11.453407894000065 48.167184554000073)","Unfall 52810 (2019) Kat:3, Licht: 0","52810","3","1","0","01","16","7","0","0","0","1","0","0"
"POINT (11.687039638000044 48.117998499000066)","Unfall 52818 (2019) Kat:3, Licht: 2","52818","3","6","2","01","18","6","0","2","0","1","0","0"
"POINT (11.586295440000072 48.205461099000047)","Unfall 52842 (2019) Kat:3, Licht: 0","52842","3","2","4","01","13","7","0","0","0","1","0","0"
"POINT (11.473737587000073 48.145364509000046)","Unfall 52922 (2019) Kat:3, Licht: 0","52922","3","6","2","01","12","5","0","0","0","1","0","0"
"POINT (11.616143090000037 48.146665421000080)","Unfall 52923 (2019) Kat:3, Licht: 0","52923","3","6","2","01","15","5","0","0","0","1","0","0"
"POINT (11.599577153000041 48.107603118000043)","Unfall 52925 (2019) Kat:3, Licht: 2","52925","3","3","5","01","18","5","0","2","0","1","0","0"
"POINT (11.653823082000031 48.094139848000054)","Unfall 52926 (2019) Kat:3, Licht: 0","52926","3","6","2","01","15","5","0","0","0","1","0","0"
"POINT (11.500387829000033 48.143436047000080)","Unfall 52968 (2019) Kat:3, Licht: 2","52968","3","4","6","01","20","7","2","2","0","1","1","0"
"POINT (11.509212913000056 48.125226125000040)","Unfall 52993 (2019) Kat:3, Licht: 0","52993","3","6","3","01","10","5","0","0","0","1","0","0"
"POINT (11.516982518000077 48.116012352000041)","Unfall 53000 (2019) Kat:3, Licht: 2","53000","3","6","3","01","10","4","0","2","0","1","0","0"
"POINT (11.613454607000051 48.103187716000036)","Unfall 53069 (2019) Kat:3, Licht: 0","53069","3","6","8","01","15","4","0","0","0","1","0","0"
"POINT (11.615986110000051 48.145768158000067)","Unfall 53089 (2019) Kat:3, Licht: 2","53089","3","1","8","01","01","7","0","2","0","1","0","0"
"POINT (11.498952633000044 48.212506444000041)","Unfall 53092 (2019) Kat:3, Licht: 0","53092","3","6","2","01","12","4","0","0","0","1","0","0"
"POINT (11.528292050000061 48.080186422000054)","Unfall 53099 (2019) Kat:3, Licht: 0","53099","3","6","2","01","11","3","1","0","0","1","0","0"
"POINT (11.617529853000065 48.130707807000078)","Unfall 53100 (2019) Kat:3, Licht: 0","53100","3","5","1","01","10","3","1","0","0","1","0","0"
"POINT (11.395206628000039 48.141886725000063)","Unfall 53119 (2019) Kat:3, Licht: 0","53119","3","6","2","01","13","6","0","0","0","1","0","0"
"POINT (11.398119774000065 48.154569911000067)","Unfall 53120 (2019) Kat:2, Licht: 2","53120","2","1","8","01","04","6","2","2","0","1","0","0"
"POINT (11.584085407000032 48.192677234000030)","Unfall 53128 (2019) Kat:3, Licht: 1","53128","3","3","5","01","07","5","0","1","1","1","0","0"
"POINT (11.599984545000041 48.171175170000026)","Unfall 53129 (2019) Kat:1, Licht: 2","53129","1","1","9","01","22","5","1","2","0","0","0","1"
"POINT (11.601330844000074 48.159948178000036)","Unfall 53134 (2019) Kat:3, Licht: 2","53134","3","6","2","01","19","5","1","2","0","1","0","0"
"POINT (11.502356958000064 48.112155979000079)","Unfall 53137 (2019) Kat:3, Licht: 0","53137","3","2","5","01","11","5","0","0","0","1","0","0"
"POINT (11.502289889000053 48.112155898000026)","Unfall 53184 (2019) Kat:3, Licht: 2","53184","3","2","4","01","23","6","2","2","0","1","0","0"
"POINT (11.430476078000027 48.182293637000043)","Unfall 53230 (2019) Kat:2, Licht: 0","53230","2","1","9","01","10","5","0","0","0","1","0","0"
"POINT (11.606208933000062 48.156396191000056)","Unfall 53242 (2019) Kat:3, Licht: 0","53242","3","6","2","01","12","4","0","0","0","1","0","0"
"POINT (11.517812508000077 48.141466281000078)","Unfall 53245 (2019) Kat:3, Licht: 2","53245","3","7","0","01","17","4","0","2","1","0","1","0"
"POINT (11.456989672000077 48.202924115000030)","Unfall 53247 (2019) Kat:3, Licht: 0","53247","3","3","5","01","14","4","0","0","0","1","0","0"
"POINT (11.432263663000072 48.181344128000035)","Unfall 53334 (2019) Kat:3, Licht: 2","53334","3","1","3","01","06","4","2","2","0","1","0","0"
"POINT (11.620233608000035 48.120352510000032)","Unfall 53343 (2019) Kat:3, Licht: 0","53343","3","6","2","01","09","3","1","0","0","1","0","0"
"POINT (11.536705259000030 48.149126422000052)","Unfall 53345 (2019) Kat:3, Licht: 0","53345","3","6","1","01","15","3","0","0","0","1","0","0"
"POINT (11.446518695000066 48.145997886000032)","Unfall 53346 (2019) Kat:2, Licht: 0","53346","2","2","3","01","07","3","0","0","1","0","0","0"
"POINT (11.590954254000053 48.176410351000072)","Unfall 53347 (2019) Kat:3, Licht: 0","53347","3","6","2","01","13","3","0","0","0","1","0","0"
"POINT (11.585454270000071 48.201016303000074)","Unfall 53348 (2019) Kat:3, Licht: 0","53348","3","2","5","01","16","3","0","0","1","1","0","0"
"POINT (11.523229863000040 48.189551597000047)","Unfall 53406 (2019) Kat:3, Licht: 2","53406","3","6","2","01","16","6","0","2","0","1","0","0"
"POINT (11.618362540000021 48.199522867000042)","Unfall 53436 (2019) Kat:3, Licht: 2","53436","3","1","8","01","21","3","1","2","0","1","0","0"
"POINT (11.624804613000038 48.092429280000033)","Unfall 53441 (2019) Kat:3, Licht: 2","53441","3","3","5","01","17","2","1","2","0","1","0","0"
"POINT (11.437171405000072 48.188642717000050)","Unfall 53524 (2019) Kat:3, Licht: 2","53524","3","6","2","01","19","5","0","2","0","1","0","0"
"POINT (11.476955225000040 48.145257237000067)","Unfall 53536 (2019) Kat:3, Licht: 2","53536","3","2","2","01","17","4","0","2","0","1","0","0"
"POINT (11.522804780000058 48.126750688000072)","Unfall 53541 (2019) Kat:3, Licht: 2","53541","3","6","2","02","19","6","1","2","0","1","0","0"
"POINT (11.411997338000049 48.141177246000041)","Unfall 53571 (2019) Kat:3, Licht: 2","53571","3","6","2","01","18","5","0","2","0","1","0","0"
"POINT (11.585225295000043 48.200830066000037)","Unfall 53584 (2019) Kat:3, Licht: 0","53584","3","6","1","02","12","7","1","0","0","1","0","0"
"POINT (11.574961164000058 48.109631715000035)","Unfall 53623 (2019) Kat:3, Licht: 0","53623","3","3","5","01","07","3","0","0","1","1","0","0"
"POINT (11.521059251000054 48.125200080000070)","Unfall 53625 (2019) Kat:3, Licht: 0","53625","3","6","3","01","13","3","0","0","0","1","0","1"
"POINT (11.585659233000058 48.202093985000033)","Unfall 53709 (2019) Kat:3, Licht: 2","53709","3","6","2","02","21","6","0","2","0","1","0","0"
"POINT (11.501671164000072 48.214355684000054)","Unfall 53733 (2019) Kat:3, Licht: 2","53733","3","1","8","01","06","3","1","2","0","1","0","0"
"POINT (11.489884181000036 48.085266216000036)","Unfall 53743 (2019) Kat:3, Licht: 0","53743","3","4","6","01","14","2","0","0","0","1","1","0"
"POINT (11.576286274000040 48.111612929000046)","Unfall 53745 (2019) Kat:3, Licht: 2","53745","3","4","6","01","19","2","1","2","0","1","1","0"
"POINT (11.480819687000064 48.209750618000044)","Unfall 53746 (2019) Kat:3, Licht: 0","53746","3","3","5","01","15","2","0","0","1","1","0","0"
"POINT (11.556685841000046 48.178605476000030)","Unfall 53748 (2019) Kat:3, Licht: 0","53748","3","4","6","01","15","2","0","0","0","1","1","0"
"POINT (11.575978041000042 48.111709556000051)","Unfall 53749 (2019) Kat:3, Licht: 0","53749","3","3","5","01","07","2","1","0","1","1","0","0"
"POINT (11.524101347000055 48.127807887000074)","Unfall 53820 (2019) Kat:3, Licht: 0","53820","3","6","3","01","12","5","0","0","0","1","0","0"
"POINT (11.537355333000050 48.151740643000039)","Unfall 53836 (2019) Kat:3, Licht: 2","53836","3","3","5","02","06","7","1","2","0","1","0","0"
"POINT (11.585540666000043 48.202469591000067)","Unfall 53873 (2019) Kat:3, Licht: 0","53873","3","7","5","01","10","7","2","0","0","1","0","0"
"POINT (11.453212415000053 48.146893076000026)","Unfall 53876 (2019) Kat:2, Licht: 1","53876","2","3","5","01","17","1","1","1","0","1","0","0"
"POINT (11.580282139000076 48.107032330000038)","Unfall 53890 (2019) Kat:3, Licht: 2","53890","3","6","2","02","20","6","0","2","0","1","0","0"
"POINT (11.538920719000032 48.174036790000059)","Unfall 53896 (2019) Kat:3, Licht: 2","53896","3","6","2","01","20","5","0","2","0","1","0","0"