WKT,Name,OBJECTID,UKATEGORIE,UTYP1,UART,UMONAT,USTUNDE,UWOCHENTAG,STRZUSTAND,ULICHTVERH,ISTRAD,ISTPKW,ISTFUSS,ISTKRAD
"POINT (11.625645908000024 48.197893158000056)","Unfall 53949 (2019) Kat:3, Licht: 0","53949","3","3","5","02","13","4","1","0","0","1","0","0"
"POINT (11.620069763000060 48.120297019000077)","Unfall 53975 (2019) Kat:3, Licht: 0","53975","3","2","4","02","10","2","1","0","0","1","0","0"
"POINT (11.559731187000068 48.112625809000065)","Unfall 53990 (2019) Kat:3, Licht: 0","53990","3","6","2","02","16","3","0","0","0","1","0","0"
"POINT (11.540645915000027 48.183512542000074)","Unfall 54053 (2019) Kat:3, Licht: 1","54053","3","6","2","02","07","4","1","1","0","1","0","0"
"POINT (11.629278959000033 48.221307754000065)","Unfall 54057 (2019) Kat:3, Licht: 0","54057","3","1","3","02","08","5","1","0","0","1","0","0"
"POINT (11.511848337000060 48.124867826000070)","Unfall 54139 (2019) Kat:3, Licht: 0","54139","3","6","2","02","12","7","0","0","0","1","0","0"
"POINT (11.451568631000043 48.133696186000066)","Unfall 54147 (2019) Kat:3, Licht: 2","54147","3","1","4","02","20","1","2","2","0","1","0","0"
"POINT (11.474906383000075 48.145325523000054)","Unfall 54152 (2019) Kat:3, Licht: 0","54152","3","6","0","02","13","6","1","0","0","1","0","0"
"POINT (11.518282671000065 48.110695009000040)","Unfall 54244 (2019) Kat:3, Licht: 0","54244","3","6","2","02","12","3","0","0","0","1","0","0"
"POINT (11.579614598000035 48.228064230000030)","Unfall 54261 (2019) Kat:3, Licht: 0","54261","3","6","2","02","10","5","0","0","0","0","0","0"
"POINT (11.627232909000043 48.216808562000040)","Unfall 54340 (2019) Kat:3, Licht: 0","54340","3","6","2","02","15","6","0","0","0","1","0","0"
"POINT (11.626595899000051 48.215541599000062)","Unfall 54342 (2019) Kat:3, Licht: 1","54342","3","6","2","02","17","6","0","1","0","1","0","0"
"POINT (11.661758713000040 48.090628624000033)","Unfall 54358 (2019) Kat:3, Licht: 2","54358","3","2","6","02","19","5","1","2","0","1","1","0"
"POINT (11.560426685000039 48.112716266000064)","Unfall 54361 (2019) Kat:3, Licht: 0","54361","3","6","2","02","15","5","1","0","0","1","0","0"
"POINT (11.549371972000074 48.190752532000033)","Unfall 54380 (2019) Kat:3, Licht: 0","54380","3","7","4","02","08","4","0","0","0","1","0","0"
"POINT (11.608335722000049 48.109097786000063)","Unfall 54497 (2019) Kat:3, Licht: 2","54497","3","1","8","02","21","7","0","2","0","1","0","0"
"POINT (11.584085312000070 48.193730176000031)","Unfall 54499 (2019) Kat:3, Licht: 0","54499","3","7","3","02","14","7","0","0","1","0","0","0"
"POINT (11.551700757000049 48.186063796000042)","Unfall 54515 (2019) Kat:3, Licht: 2","54515","3","2","4","02","20","3","0","2","0","1","0","0"
"POINT (11.521148540000070 48.125118221000037)","Unfall 54616 (2019) Kat:3, Licht: 1","54616","3","6","2","02","17","6","0","1","0","1","0","0"
"POINT (11.540679546000035 48.186346560000061)","Unfall 54618 (2019) Kat:3, Licht: 0","54618","3","2","5","02","16","6","0","0","1","1","0","0"
"POINT (11.480290907000040 48.216679203000069)","Unfall 54620 (2019) Kat:2, Licht: 2","54620","2","2","6","02","23","6","0","2","0","1","1","0"
"POINT (11.534000514000070 48.139914956000041)","Unfall 54632 (2019) Kat:3, Licht: 1","54632","3","6","1","02","16","2","0","1","0","1","0","0"
"POINT (11.539482706000058 48.112847243000033)","Unfall 54634 (2019) Kat:3, Licht: 0","54634","3","2","5","02","12","2","1","0","0","1","0","0"
"POINT (11.587224664000075 48.210202905000074)","Unfall 54636 (2019) Kat:3, Licht: 2","54636","3","2","3","02","18","2","1","2","0","1","0","0"
"POINT (11.634448397000028 48.127421550000065)","Unfall 54785 (2019) Kat:3, Licht: 0","54785","3","2","5","02","16","5","0","0","1","1","0","0"
"POINT (11.667553462000058 48.120523408000054)","Unfall 54787 (2019) Kat:3, Licht: 0","54787","3","3","5","02","08","5","0","0","1","1","0","0"
"POINT (11.493220222000048 48.124410688000069)","Unfall 54796 (2019) Kat:3, Licht: 0","54796","3","6","2","02","14","2","1","0","0","1","0","0"
"POINT (11.622858528000052 48.204623331000050)","Unfall 54805 (2019) Kat:3, Licht: 2","54805","3","1","8","02","00","2","0","2","0","1","0","0"
"POINT (11.551683579000041 48.185907103000034)","Unfall 54896 (2019) Kat:3, Licht: 2","54896","3","7","5","02","18","7","1","2","0","1","1","0"
"POINT (11.616231036000045 48.113044876000060)","Unfall 54906 (2019) Kat:3, Licht: 0","54906","3","2","5","02","08","7","0","0","0","1","0","0"
"POINT (11.528032234000023 48.130010771000059)","Unfall 54908 (2019) Kat:3, Licht: 0","54908","3","6","2","02","13","7","0","0","0","1","0","0"
"POINT (11.619062709000048 48.118189454000060)","Unfall 54942 (2019) Kat:3, Licht: 0","54942","3","3","5","02","08","3","0","0","1","1","0","0"
"POINT (11.516980132000072 48.116119946000026)","Unfall 54944 (2019) Kat:3, Licht: 2","54944","3","6","3","02","15","3","0","2","0","1","0","0"
"POINT (11.503186765000066 48.087506264000069)","Unfall 54950 (2019) Kat:3, Licht: 1","54950","3","2","5","02","06","3","0","1","1","1","0","0"
"POINT (11.633349133000024 48.210447121000072)","Unfall 55056 (2019) Kat:3, Licht: 0","55056","3","6","2","02","09","2","0","0","0","1","0","0"
"POINT (11.554740103000029 48.086776152000027)","Unfall 55057 (2019) Kat:2, Licht: 2","55057","2","4","6","02","18","4","0","2","0","1","1","0"
"POINT (11.610977716000036 48.186160435000033)","Unfall 55059 (2019) Kat:3, Licht: 0","55059","3","2","5","02","07","4","1","0","0","1","0","0"
"POINT (11.618550206000066 48.186739074000059)","Unfall 55060 (2019) Kat:3, Licht: 0","55060","3","6","3","02","07","2","0","0","0","1","0","0"
"POINT (11.462153174000036 48.177039315000059)","Unfall 55061 (2019) Kat:3, Licht: 2","55061","3","3","4","02","22","4","0","2","0","1","0","0"
"POINT (11.510531667000066 48.125046680000025)","Unfall 55242 (2019) Kat:3, Licht: 2","55242","3","6","2","02","21","1","0","2","0","1","0","0"
"POINT (11.516920482000046 48.110102633000054)","Unfall 55253 (2019) Kat:3, Licht: 0","55253","3","6","5","02","11","7","0","0","0","1","0","0"
"POINT (11.423810150000065 48.142848928000035)","Unfall 55255 (2019) Kat:3, Licht: 2","55255","3","2","5","02","18","7","0","2","0","1","0","1"
"POINT (11.709101866000026 48.111542875000055)","Unfall 55257 (2019) Kat:3, Licht: 0","55257","3","6","2","02","13","7","0","0","0","1","0","0"
"POINT (11.548142351000024 48.176150512000049)","Unfall 55259 (2019) Kat:2, Licht: 0","55259","2","3","5","02","12","7","0","0","0","1","0","0"
"POINT (11.528575205000038 48.129911142000026)","Unfall 55324 (2019) Kat:3, Licht: 0","55324","3","6","2","02","09","2","0","0","0","1","0","0"
"POINT (11.617036720000044 48.114025836000053)","Unfall 55335 (2019) Kat:3, Licht: 0","55335","3","3","5","02","09","6","1","0","1","1","0","0"
"POINT (11.614929753000069 48.135589249000077)","Unfall 55337 (2019) Kat:3, Licht: 0","55337","3","7","5","02","11","6","0","0","0","1","0","0"
"POINT (11.510665911000046 48.125028445000055)","Unfall 55440 (2019) Kat:3, Licht: 0","55440","3","6","2","02","15","6","0","0","0","1","0","0"
"POINT (11.488369137000063 48.085932860000071)","Unfall 55455 (2019) Kat:3, Licht: 0","55455","3","3","5","02","14","5","0","0","0","1","0","0"
"POINT (11.501900667000029 48.143106648000071)","Unfall 55457 (2019) Kat:2, Licht: 0","55457","2","2","3","02","11","5","0","0","1","0","0","0"
"POINT (11.493668654000032 48.144011044000081)","Unfall 55491 (2019) Kat:2, Licht: 0","55491","2","6","3","03","12","7","0","0","0","1","0","1"
"POINT (11.557999568000071 48.176381252000056)","Unfall 55493 (2019) Kat:3, Licht: 2","55493","3","3","5","03","20","7","0","2","0","1","0","0"
"POINT (11.456859472000076 48.165337472000033)","Unfall 55516 (2019) Kat:3, Licht: 0","55516","3","2","5","03","15","7","0","0","0","1","0","0"
"POINT (11.582368177000035 48.104554731000064)","Unfall 55518 (2019) Kat:3, Licht: 0","55518","3","6","0","03","12","7","1","0","0","1","0","0"
"POINT (11.472513395000021 48.145543904000078)","Unfall 55522 (2019) Kat:3, Licht: 2","55522","3","1","9","03","01","7","0","2","0","1","0","0"
"POINT (11.502922540000043 48.214943565000056)","Unfall 55560 (2019) Kat:3, Licht: 0","55560","3","7","8","03","12","2","0","0","0","1","0","0"
"POINT (11.622008837000067 48.129849752000041)","Unfall 55579 (2019) Kat:3, Licht: 2","55579","3","4","6","03","20","6","0","2","0","0","1","0"
"POINT (11.422357095000052 48.188055225000028)","Unfall 55618 (2019) Kat:1, Licht: 0","55618","1","6","2","03","14","7","0","0","0","1","0","0"
"POINT (11.427816593000045 48.184451468000077)","Unfall 55620 (2019) Kat:3, Licht: 0","55620","3","6","2","03","14","7","0","0","0","1","0","0"
"POINT (11.541493520000074 48.186078622000025)","Unfall 55636 (2019) Kat:2, Licht: 0","55636","2","6","8","03","12","6","1","0","0","0","0","1"
"POINT (11.481771900000069 48.114891435000061)","Unfall 55638 (2019) Kat:2, Licht: 2","55638","2","4","6","03","19","6","1","2","0","1","1","0"
"POINT (11.587246699000048 48.210314060000030)","Unfall 55642 (2019) Kat:3, Licht: 0","55642","3","2","5","03","12","6","1","0","0","1","0","0"
"POINT (11.671169178000071 48.119552769000052)","Unfall 55644 (2019) Kat:3, Licht: 0","55644","3","2","4","03","07","6","1","0","0","1","0","0"
"POINT (11.414478191000057 48.141543561000049)","Unfall 55655 (2019) Kat:2, Licht: 0","55655","2","6","2","03","13","1","0","0","0","1","0","0"
"POINT (11.615557785000021 48.112520349000079)","Unfall 55677 (2019) Kat:2, Licht: 0","55677","2","7","3","03","16","1","0","0","1","1","0","0"
"POINT (11.590015977000064 48.176778927000043)","Unfall 55679 (2019) Kat:2, Licht: 0","55679","2","3","5","03","17","5","0","0","1","1","0","0"
"POINT (11.559772890000033 48.112539603000073)","Unfall 55680 (2019) Kat:3, Licht: 0","55680","3","6","2","03","15","5","1","0","0","1","0","0"
"POINT (11.584184655000058 48.195543732000033)","Unfall 55682 (2019) Kat:3, Licht: 2","55682","3","6","3","03","21","5","0","2","1","0","0","0"
"POINT (11.611844213000040 48.186836111000048)","Unfall 55782 (2019) Kat:2, Licht: 2","55782","2","4","6","03","22","4","0","2","0","1","1","0"
"POINT (11.530800505000059 48.211006777000080)","Unfall 55784 (2019) Kat:3, Licht: 0","55784","3","7","0","03","17","4","0","0","1","0","0","0"
"POINT (11.397428829000035 48.137524943000074)","Unfall 55796 (2019) Kat:3, Licht: 0","55796","3","6","2","03","14","6","1","0","0","1","0","0"
"POINT (11.561143882000067 48.176003367000078)","Unfall 55818 (2019) Kat:3, Licht: 0","55818","3","6","2","02","13","5","0","0","0","1","0","0"
"POINT (11.614759035000077 48.139747262000071)","Unfall 55822 (2019) Kat:3, Licht: 0","55822","3","1","8","02","12","5","0","0","0","0","0","1"
"POINT (11.506415202000028 48.142808451000064)","Unfall 55921 (2019) Kat:3, Licht: 0","55921","3","2","5","03","08","3","0","0","0","1","0","0"
"POINT (11.480590769000059 48.123705793000056)","Unfall 55985 (2019) Kat:3, Licht: 0","55985","3","6","2","02","17","5","0","0","0","1","0","0"
"POINT (11.594819802000075 48.174361587000078)","Unfall 55995 (2019) Kat:3, Licht: 0","55995","3","6","2","03","09","2","0","0","0","1","0","0"
"POINT (11.538726735000068 48.172174674000075)","Unfall 55999 (2019) Kat:3, Licht: 2","55999","3","6","2","02","18","4","0","2","0","1","0","0"
"POINT (11.596975767000060 48.162528623000071)","Unfall 56011 (2019) Kat:3, Licht: 0","56011","3","1","0","02","17","4","0","0","1","0","0","0"
"POINT (11.458878992000052 48.150355958000034)","Unfall 56192 (2019) Kat:3, Licht: 1","56192","3","6","2","03","17","3","0","1","0","1","0","0"
"POINT (11.615384136000046 48.131130279000047)","Unfall 56194 (2019) Kat:3, Licht: 0","56194","3","2","3","03","11","3","0","0","0","0","0","0"
"POINT (11.457321029000070 48.168662837000056)","Unfall 56196 (2019) Kat:3, Licht: 0","56196","3","3","5","03","15","3","0","0","1","1","0","0"
"POINT (11.521939963000023 48.189834123000026)","Unfall 56224 (2019) Kat:3, Licht: 0","56224","3","2","5","03","11","5","0","0","0","1","0","0"
"POINT (11.534036483000023 48.135448237000048)","Unfall 56255 (2019) Kat:3, Licht: 2","56255","3","6","2","03","19","2","0","2","0","1","0","0"
"POINT (11.503396801000065 48.143279363000033)","Unfall 56256 (2019) Kat:2, Licht: 1","56256","2","4","6","03","17","2","0","1","0","0","1","0"
"POINT (11.541180694000047 48.101341919000049)","Unfall 56258 (2019) Kat:3, Licht: 0","56258","3","6","1","03","08","2","2","0","0","1","0","0"
"POINT (11.410125775000040 48.128958763000071)","Unfall 56376 (2019) Kat:3, Licht: 0","56376","3","6","3","03","15","3","0","0","0","1","0","1"
"POINT (11.610948300000075 48.186132381000050)","Unfall 56381 (2019) Kat:3, Licht: 0","56381","3","2","5","03","16","2","0","0","1","0","0","0"
"POINT (11.643370384000036 48.212750767000045)","Unfall 56539 (2019) Kat:3, Licht: 0","56539","3","6","2","03","11","1","0","0","0","1","0","0"
"POINT (11.584367947000032 48.187336229000039)","Unfall 56543 (2019) Kat:3, Licht: 0","56543","3","7","6","03","17","7","0","0","1","0","1","0"
"POINT (11.681817572000057 48.118693554000060)","Unfall 56545 (2019) Kat:3, Licht: 0","56545","3","6","2","03","13","7","0","0","0","1","0","0"
"POINT (11.618898041000023 48.118138891000058)","Unfall 56546 (2019) Kat:3, Licht: 0","56546","3","7","6","03","15","7","0","0","0","1","1","0"
"POINT (11.519663578000063 48.109751037000080)","Unfall 56605 (2019) Kat:3, Licht: 2","56605","3","1","8","03","00","6","1","2","0","1","0","0"
"POINT (11.394943463000061 48.179939458000035)","Unfall 56606 (2019) Kat:3, Licht: 0","56606","3","6","2","03","12","6","1","0","0","1","0","0"
"POINT (11.531609753000055 48.132111898000062)","Unfall 56609 (2019) Kat:3, Licht: 2","56609","3","6","2","03","18","6","1","2","0","1","0","0"
"POINT (11.615445771000054 48.111533186000031)","Unfall 56622 (2019) Kat:2, Licht: 0","56622","2","7","2","03","10","6","1","0","0","1","0","0"
"POINT (11.671189298000058 48.119678153000052)","Unfall 56665 (2019) Kat:3, Licht: 0","56665","3","2","4","03","13","6","0","0","0","1","0","0"
"POINT (11.427491162000024 48.184491417000061)","Unfall 56780 (2019) Kat:3, Licht: 0","56780","3","6","2","03","16","6","0","0","0","1","0","0"
"POINT (11.646196899000074 48.210622028000046)","Unfall 56784 (2019) Kat:3, Licht: 0","56784","3","6","3","03","11","6","0","0","0","1","0","0"
"POINT (11.668936981000058 48.088095988000077)","Unfall 56790 (2019) Kat:3, Licht: 0","56790","3","3","5","03","07","5","0","0","0","1","0","0"
"POINT (11.537852848000057 48.165950446000068)","Unfall 56791 (2019) Kat:2, Licht: 2","56791","2","3","5","03","22","5","0","2","0","1","0","0"
"POINT (11.615313315000037 48.136906497000041)","Unfall 56792 (2019) Kat:3, Licht: 0","56792","3","2","3","03","09","5","0","0","1","1","0","0"
"POINT (11.686631900000066 48.118041484000059)","Unfall 56874 (2019) Kat:3, Licht: 0","56874","3","6","2","03","12","7","0","0","0","1","0","0"
"POINT (11.616301980000060 48.113123984000026)","Unfall 56898 (2019) Kat:3, Licht: 2","56898","3","6","3","03","20","4","0","2","0","1","0","0"
"POINT (11.463848559000041 48.148809371000027)","Unfall 56901 (2019) Kat:3, Licht: 0","56901","3","6","2","03","17","4","0","0","0","1","0","0"
"POINT (11.519097033000037 48.123885929000039)","Unfall 56923 (2019) Kat:3, Licht: 0","56923","3","6","2","03","12","7","0","0","0","1","0","0"
"POINT (11.506002459000058 48.216630596000073)","Unfall 56930 (2019) Kat:2, Licht: 0","56930","2","6","2","03","15","4","0","0","0","0","0","0"
"POINT (11.705190010000024 48.112195832000054)","Unfall 57063 (2019) Kat:3, Licht: 0","57063","3","6","3","03","12","5","0","0","0","1","0","1"
"POINT (11.647706339000024 48.098526285000048)","Unfall 57076 (2019) Kat:3, Licht: 2","57076","3","2","5","03","21","4","0","2","0","1","0","0"
"POINT (11.502664537000044 48.143004837000035)","Unfall 57078 (2019) Kat:3, Licht: 2","57078","3","4","6","03","23","4","0","2","0","1","1","0"
"POINT (11.595492620000073 48.174306059000060)","Unfall 57079 (2019) Kat:3, Licht: 0","57079","3","2","6","03","17","4","0","0","0","1","1","0"
"POINT (11.495568533000039 48.099450877000038)","Unfall 57123 (2019) Kat:3, Licht: 2","57123","3","6","2","03","00","4","0","2","0","1","0","0"
"POINT (11.596326915000077 48.106714432000047)","Unfall 57153 (2019) Kat:3, Licht: 0","57153","3","2","5","03","07","3","0","0","1","1","0","0"
"POINT (11.596682325000074 48.106873629000063)","Unfall 57155 (2019) Kat:3, Licht: 0","57155","3","7","0","03","16","3","0","0","0","0","1","0"
"POINT (11.518783744000075 48.141377647000070)","Unfall 57231 (2019) Kat:3, Licht: 2","57231","3","2","4","03","18","2","1","2","0","1","0","0"
"POINT (11.426791445000049 48.143253860000073)","Unfall 57352 (2019) Kat:3, Licht: 0","57352","3","2","5","03","18","1","0","0","1","1","0","0"
"POINT (11.485086939000041 48.210135643000058)","Unfall 57354 (2019) Kat:3, Licht: 0","57354","3","3","5","03","14","1","0","0","0","1","0","0"
"POINT (11.624577846000022 48.090936363000026)","Unfall 57414 (2019) Kat:3, Licht: 0","57414","3","6","1","04","16","3","0","0","0","1","0","1"
"POINT (11.492938397000046 48.097934448000046)","Unfall 57468 (2019) Kat:2, Licht: 0","57468","2","6","1","04","07","3","0","0","0","1","0","0"
"POINT (11.608535401000040 48.109138383000072)","Unfall 57472 (2019) Kat:3, Licht: 0","57472","3","1","8","04","17","3","0","0","0","0","0","1"
"POINT (11.436936091000064 48.195499187000053)","Unfall 57476 (2019) Kat:2, Licht: 0","57476","2","6","2","04","06","2","0","0","0","1","0","0"
"POINT (11.608063451000021 48.109046271000068)","Unfall 57489 (2019) Kat:3, Licht: 2","57489","3","6","2","03","22","1","0","2","0","1","0","0"
"POINT (11.620747877000042 48.122788029000048)","Unfall 57496 (2019) Kat:3, Licht: 0","57496","3","6","3","03","17","1","0","0","0","1","0","1"
"POINT (11.429755197000077 48.178422915000056)","Unfall 57606 (2019) Kat:3, Licht: 0","57606","3","6","2","04","16","6","0","0","0","1","0","0"
"POINT (11.584964030000037 48.180347773000051)","Unfall 57618 (2019) Kat:3, Licht: 0","57618","3","6","2","04","08","5","0","0","0","1","0","0"
"POINT (11.626861833000021 48.183927189000030)","Unfall 57619 (2019) Kat:3, Licht: 0","57619","3","6","2","04","08","5","0","0","0","1","0","0"
"POINT (11.706835552000030 48.142191292000064)","Unfall 57657 (2019) Kat:2, Licht: 0","57657","2","7","7","03","10","1","0","0","0","1","0","0"
"POINT (11.527906790000031 48.079611009000075)","Unfall 57660 (2019) Kat:3, Licht: 0","57660","3","5","1","03","13","7","0","0","0","1","0","0"
"POINT (11.587603288000025 48.213032277000082)","Unfall 57724 (2019) Kat:3, Licht: 0","57724","3","3","5","04","06","3","0","0","1","1","0","0"
"POINT (11.416873692000024 48.141872882000030)","Unfall 57758 (2019) Kat:3, Licht: 0","57758","3","1","0","04","11","4","0","0","0","0","0","1"
"POINT (11.395325868000043 48.179859502000056)","Unfall 57763 (2019) Kat:3, Licht: 0","57763","3","2","3","04","16","4","0","0","1","1","0","0"
"POINT (11.469651544000044 48.123823380000033)","Unfall 57764 (2019) Kat:3, Licht: 0","57764","3","6","2","04","07","3","0","0","0","1","0","0"
"POINT (11.603989606000027 48.179473300000041)","Unfall 57785 (2019) Kat:3, Licht: 0","57785","3","4","6","04","07","2","0","0","0","1","1","0"
"POINT (11.587107610000032 48.209612412000070)","Unfall 57816 (2019) Kat:2, Licht: 0","57816","2","7","0","04","18","3","0","0","1","0","0","0"
"POINT (11.624910395000029 48.212576756000033)","Unfall 57872 (2019) Kat:3, Licht: 0","57872","3","6","2","04","07","3","0","0","0","1","0","0"
"POINT (11.539770412000053 48.110309912000048)","Unfall 57878 (2019) Kat:3, Licht: 2","57878","3","3","5","04","22","2","0","2","0","1","0","0"
"POINT (11.534255433000055 48.135894543000063)","Unfall 57992 (2019) Kat:3, Licht: 2","57992","3","1","0","04","11","5","0","2","0","0","0","1"
"POINT (11.503684378000059 48.112162661000070)","Unfall 57993 (2019) Kat:3, Licht: 0","57993","3","2","3","04","18","5","0","0","1","1","0","0"
"POINT (11.493486228000052 48.144028765000030)","Unfall 57996 (2019) Kat:3, Licht: 0","57996","3","6","0","04","16","5","0","0","0","0","0","1"
"POINT (11.653712561000077 48.094175445000076)","Unfall 58067 (2019) Kat:3, Licht: 0","58067","3","2","5","04","15","7","0","0","0","1","0","0"
"POINT (11.432490525000048 48.180975157000034)","Unfall 58085 (2019) Kat:2, Licht: 2","58085","2","6","2","04","20","5","0","2","0","1","0","0"
"POINT (11.625265231000071 48.212891140000067)","Unfall 58098 (2019) Kat:3, Licht: 0","58098","3","6","2","04","18","5","0","0","0","1","0","0"
"POINT (11.527776636000056 48.129488218000063)","Unfall 58104 (2019) Kat:3, Licht: 0","58104","3","6","4","04","17","4","0","0","1","0","0","0"
"POINT (11.525104268000064 48.090550101000076)","Unfall 58224 (2019) Kat:3, Licht: 2","58224","3","3","5","04","23","3","1","2","0","1","0","1"
"POINT (11.614801221000050 48.136675426000068)","Unfall 58227 (2019) Kat:3, Licht: 0","58227","3","2","3","04","17","3","0","0","1","1","0","0"
"POINT (11.584389475000023 48.188654922000069)","Unfall 58239 (2019) Kat:3, Licht: 0","58239","3","3","5","04","11","6","0","0","1","1","0","0"
"POINT (11.522247020000066 48.124114252000027)","Unfall 58333 (2019) Kat:3, Licht: 0","58333","3","6","2","04","16","3","0","0","0","1","0","0"
"POINT (11.610919729000045 48.186026448000064)","Unfall 58359 (2019) Kat:3, Licht: 0","58359","3","2","4","04","15","2","0","0","0","1","0","0"
"POINT (11.621811524000066 48.105854587000067)","Unfall 58360 (2019) Kat:3, Licht: 0","58360","3","6","2","04","14","2","0","0","1","0","0","0"
"POINT (11.457714613000064 48.156803936000074)","Unfall 58391 (2019) Kat:3, Licht: 0","58391","3","2","5","04","15","5","0","0","0","1","0","1"
"POINT (11.490981345000023 48.202002121000078)","Unfall 58514 (2019) Kat:2, Licht: 0","58514","2","6","2","04","16","1","0","0","0","0","0","1"
"POINT (11.643215153000028 48.212677080000049)","Unfall 58544 (2019) Kat:3, Licht: 0","58544","3","6","3","04","10","5","0","0","0","1","0","0"
"POINT (11.478183849000061 48.145219577000034)","Unfall 58566 (2019) Kat:2, Licht: 0","58566","2","3","5","04","13","4","0","0","0","1","0","1"
"POINT (11.533954500000050 48.187066017000063)","Unfall 58569 (2019) Kat:3, Licht: 0","58569","3","6","1","04","15","4","0","0","0","1","0","0"
"POINT (11.606083669000043 48.108793320000075)","Unfall 58570 (2019) Kat:3, Licht: 0","58570","3","6","3","04","12","4","0","0","0","1","0","1"
"POINT (11.563851076000049 48.096939243000065)","Unfall 58598 (2019) Kat:3, Licht: 2","58598","3","5","1","04","01","7","0","2","0","1","0","0"
"POINT (11.505325344000028 48.143007594000039)","Unfall 58601 (2019) Kat:3, Licht: 2","58601","3","7","1","04","03","7","0","2","0","1","0","0"
"POINT (11.397115056000075 48.138345825000044)","Unfall 58602 (2019) Kat:3, Licht: 0","58602","3","6","1","04","13","7","0","0","0","1","0","0"
"POINT (11.646688836000067 48.210276062000048)","Unfall 58711 (2019) Kat:3, Licht: 0","58711","3","6","3","04","17","4","0","0","0","1","0","0"
"POINT (11.557657670000026 48.176383673000032)","Unfall 58717 (2019) Kat:3, Licht: 2","58717","3","4","6","04","22","3","0","2","0","1","1","0"
"POINT (11.616503105000049 48.133180845000027)","Unfall 58719 (2019) Kat:3, Licht: 0","58719","3","1","0","04","15","6","0","0","1","0","1","0"
"POINT (11.616837943000064 48.113957541000048)","Unfall 58720 (2019) Kat:3, Licht: 0","58720","3","6","1","04","14","3","0","0","0","1","0","0"
"POINT (11.492015624000032 48.209779933000050)","Unfall 58789 (2019) Kat:3, Licht: 0","58789","3","6","3","04","16","4","0","0","0","1","0","0"
"POINT (11.597018680000076 48.173245654000027)","Unfall 58795 (2019) Kat:2, Licht: 0","58795","2","2","5","04","09","3","0","0","1","1","0","0"
"POINT (11.478627076000066 48.115402427000049)","Unfall 58886 (2019) Kat:3, Licht: 0","58886","3","6","2","04","17","6","1","0","0","1","0","0"
"POINT (11.542169186000024 48.110971016000065)","Unfall 58903 (2019) Kat:3, Licht: 0","58903","3","7","3","04","12","2","0","0","0","1","0","1"
"POINT (11.518438131000039 48.123968489000049)","Unfall 58904 (2019) Kat:3, Licht: 0","58904","3","6","2","04","14","6","1","0","0","1","0","0"
"POINT (11.518490982000060 48.141374597000038)","Unfall 58906 (2019) Kat:2, Licht: 0","58906","2","3","5","04","14","2","0","0","1","0","0","0"
"POINT (11.584953167000037 48.198489708000068)","Unfall 58908 (2019) Kat:3, Licht: 0","58908","3","7","6","04","16","2","0","0","1","0","1","0"
"POINT (11.676885442000071 48.119504626000037)","Unfall 58916 (2019) Kat:3, Licht: 0","58916","3","2","3","04","14","2","0","0","1","1","0","0"
"POINT (11.617031471000075 48.114018659000067)","Unfall 58922 (2019) Kat:3, Licht: 0","58922","3","3","5","04","12","5","0","0","1","1","0","0"
"POINT (11.503458986000055 48.142915462000076)","Unfall 58923 (2019) Kat:3, Licht: 0","58923","3","3","5","04","16","5","0","0","0","1","0","0"
"POINT (11.599023343000056 48.169444196000029)","Unfall 58926 (2019) Kat:3, Licht: 0","58926","3","3","5","04","11","5","0","0","1","1","0","0"
"POINT (11.598416692000058 48.161924642000031)","Unfall 58928 (2019) Kat:3, Licht: 0","58928","3","6","2","04","18","5","0","0","0","1","0","0"
"POINT (11.607393734000027 48.108942013000046)","Unfall 59067 (2019) Kat:2, Licht: 2","59067","2","4","6","04","23","1","0","2","0","0","1","1"
"POINT (11.615299029000028 48.193206664000058)","Unfall 59124 (2019) Kat:3, Licht: 0","59124","3","6","2","04","17","5","0","0","0","1","0","0"
"POINT (11.533970817000068 48.186996559000079)","Unfall 59129 (2019) Kat:2, Licht: 0","59129","2","7","6","04","14","4","0","0","1","0","1","0"
"POINT (11.634473336000042 48.127322579000065)","Unfall 59133 (2019) Kat:3, Licht: 0","59133","3","2","5","04","15","4","0","0","1","1","0","0"
"POINT (11.615719311000021 48.136946688000080)","Unfall 59162 (2019) Kat:3, Licht: 0","59162","3","6","3","04","14","7","0","0","0","1","0","1"
"POINT (11.521982716000025 48.189823785000044)","Unfall 59163 (2019) Kat:2, Licht: 0","59163","2","3","4","04","14","7","0","0","0","1","0","1"
"POINT (11.474503637000055 48.145338958000082)","Unfall 59316 (2019) Kat:3, Licht: 1","59316","3","2","0","04","19","6","0","1","0","1","0","1"
"POINT (11.533739611000044 48.187085364000040)","Unfall 59345 (2019) Kat:3, Licht: 0","59345","3","3","5","05","12","5","0","0","0","1","0","0"
"POINT (11.596542965000026 48.173857004000070)","Unfall 59362 (2019) Kat:3, Licht: 0","59362","3","6","2","05","14","4","0","0","0","1","0","0"
"POINT (11.517143687000043 48.141544748000058)","Unfall 59366 (2019) Kat:2, Licht: 2","59366","2","4","6","05","21","4","0","2","0","1","1","0"
"POINT (11.528463721000037 48.140345636000063)","Unfall 59369 (2019) Kat:3, Licht: 2","59369","3","6","4","05","22","4","0","2","1","0","0","0"
"POINT (11.471347179000077 48.115033935000042)","Unfall 59433 (2019) Kat:3, Licht: 0","59433","3","6","2","05","07","2","0","0","0","1","0","0"
"POINT (11.458901830000059 48.146859321000079)","Unfall 59434 (2019) Kat:3, Licht: 0","59434","3","7","4","05","11","5","0","0","1","1","0","0"
"POINT (11.589554220000025 48.176953803000060)","Unfall 59460 (2019) Kat:3, Licht: 0","59460","3","6","2","05","14","7","1","0","0","1","0","0"
"POINT (11.551819508000051 48.185850871000071)","Unfall 59461 (2019) Kat:3, Licht: 0","59461","3","7","3","05","13","5","0","0","0","1","0","1"