WKT,Name,OBJECTID,UKATEGORIE,UTYP1,UART,UMONAT,USTUNDE,UWOCHENTAG,STRZUSTAND,ULICHTVERH,ISTRAD,ISTPKW,ISTFUSS,ISTKRAD
"POINT (11.430579110000053 48.182033371000045)","Unfall 59472 (2019) Kat:3, Licht: 0","59472","3","1","9","05","14","4","0","0","0","0","0","1"
"POINT (11.480232806000060 48.145154936000040)","Unfall 59488 (2019) Kat:3, Licht: 0","59488","3","6","2","04","08","3","1","0","0","1","0","0"
"POINT (11.569790249000050 48.104639082000062)","Unfall 59492 (2019) Kat:3, Licht: 2","59492","3","3","5","04","04","3","1","2","0","1","0","0"
"POINT (11.470992035000052 48.209712209000031)","Unfall 59527 (2019) Kat:3, Licht: 2","59527","3","6","3","05","22","6","1","2","0","1","0","0"
"POINT (11.530634941000073 48.082296610000071)","Unfall 59575 (2019) Kat:3, Licht: 0","59575","3","2","3","05","16","5","0","0","0","1","0","1"
"POINT (11.615255572000024 48.151950411000030)","Unfall 59627 (2019) Kat:3, Licht: 2","59627","3","1","8","05","23","1","0","2","0","1","0","0"
"POINT (11.540382404000070 48.226121849000037)","Unfall 59649 (2019) Kat:3, Licht: 1","59649","3","1","8","04","07","3","1","1","0","1","0","0"
"POINT (11.584598101000040 48.184409749000054)","Unfall 59658 (2019) Kat:3, Licht: 0","59658","3","2","4","04","07","2","1","0","0","1","0","0"
"POINT (11.585459641000057 48.201044547000038)","Unfall 59661 (2019) Kat:3, Licht: 0","59661","3","2","5","04","09","2","0","0","1","1","0","0"
"POINT (11.528383236000025 48.080375203000074)","Unfall 59662 (2019) Kat:3, Licht: 0","59662","3","6","2","04","16","2","1","0","0","1","0","0"
"POINT (11.531607826000027 48.082924197000068)","Unfall 59666 (2019) Kat:3, Licht: 0","59666","3","3","5","04","15","2","1","0","0","1","0","1"
"POINT (11.626055646000054 48.101036643000043)","Unfall 59692 (2019) Kat:2, Licht: 0","59692","2","7","0","05","12","5","0","0","1","0","0","0"
"POINT (11.536668107000025 48.148710238000035)","Unfall 59780 (2019) Kat:3, Licht: 0","59780","3","6","0","05","16","5","0","0","0","0","0","1"
"POINT (11.490065814000047 48.144373580000035)","Unfall 59794 (2019) Kat:3, Licht: 0","59794","3","6","2","04","09","1","0","0","0","1","0","0"
"POINT (11.516979330000026 48.116156145000048)","Unfall 59852 (2019) Kat:3, Licht: 2","59852","3","6","2","05","16","2","0","2","0","1","0","0"
"POINT (11.499792940000077 48.213190905000033)","Unfall 59869 (2019) Kat:3, Licht: 0","59869","3","6","2","04","07","1","0","0","0","1","0","0"
"POINT (11.566909098000053 48.100978155000064)","Unfall 59876 (2019) Kat:3, Licht: 2","59876","3","3","5","04","22","7","1","2","0","1","0","0"
"POINT (11.587403361000042 48.104701999000042)","Unfall 59900 (2019) Kat:3, Licht: 0","59900","3","6","3","05","09","6","1","0","0","1","0","1"
"POINT (11.501973777000046 48.125569088000077)","Unfall 59902 (2019) Kat:3, Licht: 0","59902","3","6","1","05","06","3","0","0","0","1","0","0"
"POINT (11.626586399000075 48.215522710000073)","Unfall 59994 (2019) Kat:3, Licht: 0","59994","3","6","2","05","15","6","0","0","0","1","0","0"
"POINT (11.538681331000021 48.204075137000075)","Unfall 60001 (2019) Kat:2, Licht: 0","60001","2","4","6","05","16","5","0","0","0","0","1","0"
"POINT (11.585569063000037 48.202618852000057)","Unfall 60140 (2019) Kat:3, Licht: 0","60140","3","3","5","05","18","3","0","0","0","1","0","0"
"POINT (11.512387647000025 48.142094597000039)","Unfall 60141 (2019) Kat:3, Licht: 0","60141","3","7","5","05","17","3","0","0","0","0","0","1"
"POINT (11.656059046000053 48.093258813000034)","Unfall 60210 (2019) Kat:3, Licht: 0","60210","3","3","5","05","15","3","0","0","1","1","0","0"
"POINT (11.524275289000059 48.090530499000067)","Unfall 60211 (2019) Kat:3, Licht: 0","60211","3","1","1","05","10","3","0","0","0","1","0","0"
"POINT (11.631742544000076 48.207907446000036)","Unfall 60212 (2019) Kat:3, Licht: 0","60212","3","7","3","05","17","3","0","0","0","1","0","1"
"POINT (11.617829163000067 48.115417326000056)","Unfall 60213 (2019) Kat:3, Licht: 2","60213","3","6","3","05","21","3","0","2","0","1","0","0"
"POINT (11.451178060000075 48.146630453000057)","Unfall 60214 (2019) Kat:3, Licht: 0","60214","3","3","2","05","14","3","0","0","0","1","0","0"
"POINT (11.618700722000028 48.117367792000039)","Unfall 60215 (2019) Kat:3, Licht: 0","60215","3","6","2","05","17","3","0","0","0","1","0","0"
"POINT (11.625724205000040 48.102940597000043)","Unfall 60216 (2019) Kat:3, Licht: 0","60216","3","3","5","05","17","3","0","0","0","1","0","0"
"POINT (11.613808770000048 48.152952299000049)","Unfall 60217 (2019) Kat:3, Licht: 2","60217","3","6","2","05","18","3","0","2","0","1","0","0"
"POINT (11.446608221000076 48.146009770000035)","Unfall 60292 (2019) Kat:3, Licht: 2","60292","3","2","5","05","21","2","0","2","1","1","0","0"
"POINT (11.513728634000074 48.220228246000033)","Unfall 60415 (2019) Kat:3, Licht: 0","60415","3","6","2","05","18","1","1","0","0","1","0","0"
"POINT (11.524224187000073 48.223447037000028)","Unfall 60416 (2019) Kat:2, Licht: 0","60416","2","1","0","05","14","1","1","0","0","1","0","0"
"POINT (11.614423271000021 48.191477176000035)","Unfall 60417 (2019) Kat:3, Licht: 1","60417","3","6","2","05","17","1","1","1","0","1","0","0"
"POINT (11.422424614000022 48.142649558000073)","Unfall 60420 (2019) Kat:3, Licht: 0","60420","3","2","5","05","14","7","1","0","0","1","0","0"
"POINT (11.651260699000034 48.104608123000048)","Unfall 60421 (2019) Kat:3, Licht: 0","60421","3","6","2","05","15","7","1","0","0","1","0","0"
"POINT (11.499647478000043 48.143452202000049)","Unfall 60473 (2019) Kat:3, Licht: 0","60473","3","2","5","05","14","6","0","0","1","1","0","0"
"POINT (11.636015973000042 48.234699418000048)","Unfall 60565 (2019) Kat:3, Licht: 0","60565","3","6","2","05","10","7","0","0","0","1","0","0"
"POINT (11.471630444000027 48.145435033000069)","Unfall 60569 (2019) Kat:3, Licht: 0","60569","3","2","5","05","06","6","0","0","0","1","0","0"
"POINT (11.585396301000060 48.177978260000032)","Unfall 60571 (2019) Kat:3, Licht: 0","60571","3","6","3","05","10","6","0","0","0","1","0","1"
"POINT (11.618972899000028 48.108344721000037)","Unfall 60572 (2019) Kat:3, Licht: 0","60572","3","6","4","05","18","6","0","0","1","0","0","0"
"POINT (11.503329660000077 48.125721217000034)","Unfall 60646 (2019) Kat:3, Licht: 0","60646","3","6","2","05","16","6","0","0","0","1","0","0"
"POINT (11.646033706000026 48.210736796000049)","Unfall 60651 (2019) Kat:3, Licht: 0","60651","3","6","3","05","16","6","0","0","0","1","0","0"
"POINT (11.586078553000050 48.204432563000069)","Unfall 60658 (2019) Kat:3, Licht: 0","60658","3","2","3","05","14","5","0","0","1","1","0","0"
"POINT (11.590637823000066 48.105192345000034)","Unfall 60735 (2019) Kat:3, Licht: 0","60735","3","6","2","05","15","4","0","0","0","1","0","0"
"POINT (11.620571028000029 48.137527704000036)","Unfall 60791 (2019) Kat:2, Licht: 0","60791","2","6","2","05","10","7","0","0","0","1","0","1"
"POINT (11.520334784000056 48.123932378000063)","Unfall 60798 (2019) Kat:3, Licht: 0","60798","3","7","2","05","13","7","0","0","0","1","0","0"
"POINT (11.440216364000037 48.203918080000051)","Unfall 60832 (2019) Kat:2, Licht: 2","60832","2","6","2","05","23","4","0","2","0","1","0","0"
"POINT (11.584872956000027 48.198181327000043)","Unfall 60849 (2019) Kat:3, Licht: 0","60849","3","3","5","05","16","3","1","0","1","1","0","0"
"POINT (11.584734818000072 48.198329897000065)","Unfall 60850 (2019) Kat:3, Licht: 0","60850","3","4","6","05","13","3","1","0","0","1","1","0"
"POINT (11.646184583000036 48.210630689000027)","Unfall 60926 (2019) Kat:3, Licht: 0","60926","3","6","3","05","10","3","1","0","0","1","0","0"
"POINT (11.584598221000022 48.184400819000075)","Unfall 60931 (2019) Kat:3, Licht: 0","60931","3","4","6","05","16","2","1","0","0","1","1","0"
"POINT (11.598012818000029 48.173919655000077)","Unfall 60932 (2019) Kat:3, Licht: 0","60932","3","6","2","05","12","2","0","0","0","1","0","0"
"POINT (11.593422078000060 48.175258070000041)","Unfall 60933 (2019) Kat:3, Licht: 1","60933","3","6","2","05","09","2","1","1","0","1","0","0"
"POINT (11.593507337000062 48.175338434000025)","Unfall 60935 (2019) Kat:3, Licht: 0","60935","3","6","2","05","07","2","1","0","0","1","0","0"
"POINT (11.396316514000034 48.179750535000039)","Unfall 60936 (2019) Kat:3, Licht: 0","60936","3","7","2","05","16","2","1","0","0","0","0","0"
"POINT (11.500303112000040 48.125821619000078)","Unfall 61083 (2019) Kat:3, Licht: 2","61083","3","1","8","05","20","2","1","2","0","1","0","0"
"POINT (11.400266736000049 48.156302003000064)","Unfall 61086 (2019) Kat:2, Licht: 0","61086","2","1","8","05","05","2","1","0","0","1","0","0"
"POINT (11.616746944000056 48.195798577000062)","Unfall 61095 (2019) Kat:3, Licht: 0","61095","3","6","3","05","18","2","1","0","0","1","0","0"
"POINT (11.547956125000042 48.176153157000044)","Unfall 61111 (2019) Kat:3, Licht: 0","61111","3","3","1","05","16","1","0","0","0","1","0","0"
"POINT (11.522148201000050 48.109703934000038)","Unfall 61113 (2019) Kat:3, Licht: 0","61113","3","6","2","05","12","1","0","0","0","1","0","0"
"POINT (11.546548140000027 48.195272607000049)","Unfall 61129 (2019) Kat:3, Licht: 0","61129","3","3","5","05","18","4","0","0","1","1","0","0"
"POINT (11.634922744000050 48.232553396000071)","Unfall 61218 (2019) Kat:3, Licht: 0","61218","3","6","2","05","14","4","0","0","0","1","0","0"
"POINT (11.485456855000052 48.144821717000070)","Unfall 61266 (2019) Kat:2, Licht: 0","61266","2","3","5","05","15","7","0","0","0","1","0","1"
"POINT (11.585478639000030 48.177321592000055)","Unfall 61338 (2019) Kat:3, Licht: 0","61338","3","2","5","05","18","6","0","0","1","1","0","0"
"POINT (11.560472963000052 48.176116642000068)","Unfall 61339 (2019) Kat:3, Licht: 0","61339","3","6","2","05","16","6","0","0","0","1","0","1"
"POINT (11.519963693000022 48.109764997000070)","Unfall 61340 (2019) Kat:2, Licht: 2","61340","2","3","5","05","20","6","0","2","0","1","0","1"
"POINT (11.536578806000023 48.151722718000030)","Unfall 61341 (2019) Kat:3, Licht: 0","61341","3","3","2","05","11","6","0","0","1","1","0","0"
"POINT (11.584597860000031 48.184427798000058)","Unfall 61342 (2019) Kat:3, Licht: 0","61342","3","6","2","05","11","6","0","0","0","1","0","0"
"POINT (11.533995533000052 48.140245968000045)","Unfall 61521 (2019) Kat:3, Licht: 0","61521","3","7","0","05","18","1","0","0","1","0","0","0"
"POINT (11.633789194000030 48.127559841000050)","Unfall 61558 (2019) Kat:2, Licht: 0","61558","2","4","6","05","10","5","0","0","0","1","1","0"
"POINT (11.536438135000026 48.186890822000066)","Unfall 61560 (2019) Kat:3, Licht: 0","61560","3","4","6","05","18","5","0","0","0","1","1","0"
"POINT (11.661786528000050 48.090618864000078)","Unfall 61564 (2019) Kat:3, Licht: 0","61564","3","3","5","05","18","5","0","0","1","0","0","0"
"POINT (11.517555351000055 48.111556735000079)","Unfall 61566 (2019) Kat:2, Licht: 2","61566","2","1","8","05","19","5","0","2","0","1","0","1"
"POINT (11.620684742000037 48.122239895000064)","Unfall 61568 (2019) Kat:3, Licht: 0","61568","3","2","2","05","15","5","0","0","0","1","0","1"
"POINT (11.456818720000058 48.152498859000048)","Unfall 61570 (2019) Kat:2, Licht: 0","61570","2","2","5","05","10","5","0","0","0","0","0","1"
"POINT (11.620775878000074 48.124089115000061)","Unfall 61581 (2019) Kat:3, Licht: 0","61581","3","6","3","05","15","5","0","0","0","1","0","1"
"POINT (11.594732988000032 48.175061494000033)","Unfall 61697 (2019) Kat:3, Licht: 0","61697","3","6","2","05","15","4","0","0","0","1","0","0"
"POINT (11.457483968000076 48.155388550000055)","Unfall 61699 (2019) Kat:3, Licht: 0","61699","3","6","1","05","14","4","0","0","0","1","0","0"
"POINT (11.485951057000023 48.208055939000076)","Unfall 61701 (2019) Kat:3, Licht: 0","61701","3","6","2","05","17","4","0","0","0","1","0","0"
"POINT (11.618141082000022 48.130527105000056)","Unfall 61839 (2019) Kat:3, Licht: 2","61839","3","6","3","05","20","6","0","2","1","0","0","0"
"POINT (11.525044866000030 48.076776657000039)","Unfall 61842 (2019) Kat:3, Licht: 0","61842","3","3","5","05","13","6","0","0","1","1","0","0"
"POINT (11.428774958000076 48.183820658000059)","Unfall 61850 (2019) Kat:3, Licht: 0","61850","3","6","2","05","17","4","0","0","0","1","0","0"
"POINT (11.479126570000062 48.115405662000057)","Unfall 61864 (2019) Kat:3, Licht: 2","61864","3","3","5","05","02","3","1","2","0","1","0","0"
"POINT (11.537169028000051 48.155980083000031)","Unfall 61865 (2019) Kat:3, Licht: 0","61865","3","6","2","05","07","3","1","0","0","1","0","0"
"POINT (11.605220247000034 48.180774237000037)","Unfall 61869 (2019) Kat:2, Licht: 0","61869","2","3","5","05","08","3","1","0","1","1","0","0"
"POINT (11.709437507000075 48.111338962000048)","Unfall 61870 (2019) Kat:3, Licht: 0","61870","3","7","4","05","19","3","0","0","0","1","0","0"
"POINT (11.706484014000068 48.112073344000066)","Unfall 61872 (2019) Kat:3, Licht: 0","61872","3","5","3","05","13","3","1","0","0","1","0","0"
"POINT (11.479356189000043 48.088638923000076)","Unfall 61874 (2019) Kat:3, Licht: 0","61874","3","2","6","05","10","3","1","0","0","1","1","0"
"POINT (11.656080097000029 48.093246743000066)","Unfall 61876 (2019) Kat:3, Licht: 1","61876","3","3","5","05","20","3","1","1","1","1","0","0"
"POINT (11.641520411000045 48.213848161000044)","Unfall 62001 (2019) Kat:2, Licht: 0","62001","2","6","2","05","12","3","1","0","0","0","0","0"
"POINT (11.645216806000064 48.087547704000031)","Unfall 62009 (2019) Kat:3, Licht: 0","62009","3","4","6","05","08","2","0","0","0","1","1","0"
"POINT (11.645219484000052 48.089814596000053)","Unfall 62010 (2019) Kat:3, Licht: 0","62010","3","5","3","05","15","2","0","0","0","1","0","0"
"POINT (11.625118320000070 48.184668520000059)","Unfall 62057 (2019) Kat:3, Licht: 0","62057","3","6","2","06","15","2","0","0","0","1","0","0"
"POINT (11.534616651000022 48.086811045000047)","Unfall 62173 (2019) Kat:3, Licht: 0","62173","3","3","5","06","11","4","0","0","0","1","0","1"
"POINT (11.493427740000072 48.144034696000062)","Unfall 62175 (2019) Kat:3, Licht: 0","62175","3","3","5","06","19","4","0","0","0","1","0","1"
"POINT (11.616500393000024 48.133203436000031)","Unfall 62177 (2019) Kat:3, Licht: 0","62177","3","1","0","06","08","4","0","0","0","0","0","1"
"POINT (11.493160478000050 48.144061800000031)","Unfall 62179 (2019) Kat:3, Licht: 0","62179","3","6","2","06","20","4","0","0","0","1","0","1"
"POINT (11.615535969000064 48.143046304000052)","Unfall 62281 (2019) Kat:3, Licht: 0","62281","3","4","6","06","13","1","0","0","0","1","1","0"
"POINT (11.630601653000042 48.206051338000066)","Unfall 62393 (2019) Kat:3, Licht: 0","62393","3","7","1","06","09","3","0","0","0","1","0","1"
"POINT (11.620103701000062 48.120373291000078)","Unfall 62395 (2019) Kat:3, Licht: 0","62395","3","6","2","06","14","3","0","0","0","1","0","1"
"POINT (11.604248712000071 48.108573122000053)","Unfall 62397 (2019) Kat:3, Licht: 0","62397","3","2","3","06","09","3","0","0","1","1","0","0"
"POINT (11.559135218000051 48.112459239000032)","Unfall 62399 (2019) Kat:3, Licht: 0","62399","3","6","2","06","08","3","0","0","0","1","0","0"
"POINT (11.606017268000073 48.156557260000056)","Unfall 62400 (2019) Kat:3, Licht: 0","62400","3","6","2","06","07","3","0","0","0","1","0","1"
"POINT (11.485068768000076 48.210249281000074)","Unfall 62489 (2019) Kat:2, Licht: 1","62489","2","2","5","06","21","7","0","1","0","1","0","1"
"POINT (11.596041247000073 48.164450289000058)","Unfall 62493 (2019) Kat:3, Licht: 0","62493","3","6","2","06","15","7","0","0","0","1","0","0"
"POINT (11.453358587000025 48.147089671000060)","Unfall 62497 (2019) Kat:3, Licht: 0","62497","3","6","0","06","13","7","0","0","0","1","0","1"
"POINT (11.584350494000034 48.195734820000041)","Unfall 62591 (2019) Kat:2, Licht: 0","62591","2","3","5","06","17","3","0","0","1","1","0","0"
"POINT (11.534772761000056 48.143029354000078)","Unfall 62593 (2019) Kat:3, Licht: 0","62593","3","6","3","06","11","3","0","0","0","1","0","1"
"POINT (11.482744967000031 48.209166662000030)","Unfall 62596 (2019) Kat:2, Licht: 0","62596","2","7","8","06","11","1","0","0","0","0","0","1"
"POINT (11.502669733000062 48.143004161000079)","Unfall 62597 (2019) Kat:2, Licht: 2","62597","2","4","6","06","23","3","0","2","0","1","1","0"
"POINT (11.590055271000040 48.176764129000048)","Unfall 62599 (2019) Kat:3, Licht: 0","62599","3","3","5","06","17","3","0","0","1","1","0","0"
"POINT (11.580978798000046 48.177513396000052)","Unfall 62601 (2019) Kat:3, Licht: 0","62601","3","6","2","06","15","3","0","0","0","1","0","0"
"POINT (11.584926903000053 48.182117328000061)","Unfall 62603 (2019) Kat:3, Licht: 0","62603","3","3","5","06","19","3","0","0","0","1","0","1"
"POINT (11.584838886000057 48.198931625000057)","Unfall 62605 (2019) Kat:3, Licht: 0","62605","3","6","1","06","08","3","0","0","0","1","0","0"
"POINT (11.584256732000028 48.195152050000047)","Unfall 62607 (2019) Kat:3, Licht: 1","62607","3","6","2","06","20","3","0","1","0","1","0","0"
"POINT (11.544913471000029 48.111903000000041)","Unfall 62617 (2019) Kat:3, Licht: 2","62617","3","1","9","06","13","7","0","2","0","1","0","0"
"POINT (11.599104360000069 48.174977237000064)","Unfall 62621 (2019) Kat:2, Licht: 0","62621","2","7","2","06","16","7","0","0","1","0","0","0"
"POINT (11.573781209000060 48.177841777000026)","Unfall 62763 (2019) Kat:3, Licht: 2","62763","3","7","8","06","23","6","0","2","0","0","0","1"
"POINT (11.422484181000073 48.142657658000076)","Unfall 62764 (2019) Kat:3, Licht: 0","62764","3","3","5","06","17","6","0","0","1","1","0","0"
"POINT (11.500417026000036 48.143317442000068)","Unfall 62766 (2019) Kat:3, Licht: 0","62766","3","7","4","06","19","6","0","0","0","1","0","1"
"POINT (11.587278295000033 48.104695830000026)","Unfall 62768 (2019) Kat:3, Licht: 0","62768","3","2","5","06","14","6","0","0","0","1","0","1"
"POINT (11.528747982000027 48.081023102000074)","Unfall 62773 (2019) Kat:3, Licht: 0","62773","3","3","5","06","11","6","0","0","1","1","0","0"
"POINT (11.615096216000040 48.112131651000027)","Unfall 62778 (2019) Kat:3, Licht: 0","62778","3","2","4","06","18","6","0","0","0","1","0","0"
"POINT (11.645312655000055 48.211243876000026)","Unfall 62808 (2019) Kat:3, Licht: 0","62808","3","6","3","06","16","3","0","0","0","1","0","0"
"POINT (11.537973188000024 48.165734266000072)","Unfall 62950 (2019) Kat:3, Licht: 0","62950","3","7","5","06","16","1","0","0","0","1","0","0"
"POINT (11.459024040000031 48.150161752000031)","Unfall 62952 (2019) Kat:3, Licht: 0","62952","3","3","5","06","17","1","0","0","0","1","0","0"
"POINT (11.563687991000052 48.095948289000034)","Unfall 62957 (2019) Kat:1, Licht: 0","62957","1","7","6","06","12","1","0","0","0","1","1","0"
"POINT (11.488631955000074 48.123871022000060)","Unfall 62985 (2019) Kat:3, Licht: 0","62985","3","6","2","06","14","6","0","0","0","1","0","0"
"POINT (11.410116479000067 48.196146789000068)","Unfall 62986 (2019) Kat:3, Licht: 0","62986","3","6","2","06","15","6","0","0","0","1","0","0"
"POINT (11.618796128000042 48.130411210000034)","Unfall 63016 (2019) Kat:3, Licht: 0","63016","3","2","5","06","15","5","0","0","1","1","0","0"
"POINT (11.421473626000022 48.142520231000049)","Unfall 63018 (2019) Kat:3, Licht: 0","63018","3","3","5","06","19","5","0","0","1","1","0","0"
"POINT (11.708458889000042 48.111676145000047)","Unfall 63022 (2019) Kat:2, Licht: 0","63022","2","7","6","06","09","5","0","0","1","0","1","0"
"POINT (11.516895158000068 48.113506174000065)","Unfall 63101 (2019) Kat:3, Licht: 0","63101","3","6","3","06","15","3","0","0","0","1","0","0"
"POINT (11.654297599000074 48.124839777000034)","Unfall 63160 (2019) Kat:3, Licht: 0","63160","3","2","4","06","11","6","0","0","1","1","0","0"
"POINT (11.562166754000032 48.176082851000047)","Unfall 63162 (2019) Kat:3, Licht: 0","63162","3","6","3","06","15","6","0","0","0","1","0","1"
"POINT (11.457303517000071 48.202372937000064)","Unfall 63167 (2019) Kat:3, Licht: 0","63167","3","2","5","06","11","6","0","0","0","1","0","1"
"POINT (11.529991236000058 48.188254121000057)","Unfall 63240 (2019) Kat:3, Licht: 0","63240","3","1","2","06","14","2","0","0","0","1","0","1"
"POINT (11.597196634000056 48.107105973000046)","Unfall 63244 (2019) Kat:3, Licht: 0","63244","3","6","2","06","07","2","0","0","0","1","0","1"
"POINT (11.626424011000040 48.199128865000034)","Unfall 63249 (2019) Kat:2, Licht: 0","63249","2","4","6","06","19","2","0","0","1","0","1","0"
"POINT (11.426331107000067 48.143190651000054)","Unfall 63250 (2019) Kat:3, Licht: 2","63250","3","1","0","06","22","3","0","2","1","0","0","0"
"POINT (11.629434290000063 48.128634608000027)","Unfall 63343 (2019) Kat:3, Licht: 0","63343","3","4","6","06","18","3","0","0","1","0","1","0"
"POINT (11.657876938000072 48.123698420000039)","Unfall 63362 (2019) Kat:3, Licht: 0","63362","3","2","5","06","19","5","0","0","0","1","0","1"
"POINT (11.521649887000024 48.141027326000028)","Unfall 63489 (2019) Kat:3, Licht: 0","63489","3","6","2","06","14","3","0","0","0","1","0","0"
"POINT (11.489364663000060 48.209429510000064)","Unfall 63584 (2019) Kat:3, Licht: 0","63584","3","6","2","06","18","1","0","0","0","1","0","0"
"POINT (11.637650035000036 48.106032933000051)","Unfall 63587 (2019) Kat:3, Licht: 0","63587","3","2","1","06","16","7","0","0","0","1","0","0"
"POINT (11.512541750000025 48.124601730000052)","Unfall 63588 (2019) Kat:3, Licht: 0","63588","3","6","2","06","15","5","0","0","0","1","0","0"
"POINT (11.446127571000034 48.203988395000067)","Unfall 63589 (2019) Kat:3, Licht: 0","63589","3","6","2","06","13","5","0","0","0","1","0","0"
"POINT (11.539769207000063 48.110320155000068)","Unfall 63590 (2019) Kat:3, Licht: 2","63590","3","2","5","06","01","7","0","2","0","1","0","0"
"POINT (11.425969822000070 48.143142030000035)","Unfall 63599 (2019) Kat:3, Licht: 0","63599","3","2","2","06","18","7","0","0","0","1","0","0"
"POINT (11.579033213000059 48.177632732000063)","Unfall 63605 (2019) Kat:3, Licht: 2","63605","3","6","2","06","17","7","0","2","0","1","0","0"
"POINT (11.520586477000052 48.123517612000057)","Unfall 63606 (2019) Kat:3, Licht: 0","63606","3","6","2","06","18","4","0","0","0","1","0","0"
"POINT (11.497236199000042 48.143661796000060)","Unfall 63607 (2019) Kat:3, Licht: 0","63607","3","6","2","06","10","7","0","0","0","1","0","0"
"POINT (11.706539346000056 48.112062581000032)","Unfall 63608 (2019) Kat:3, Licht: 0","63608","3","6","2","06","11","4","0","0","0","1","0","0"
"POINT (11.490036306000036 48.144376517000069)","Unfall 63615 (2019) Kat:3, Licht: 0","63615","3","6","1","06","12","3","0","0","0","1","0","0"
"POINT (11.534406020000063 48.137965103000056)","Unfall 63684 (2019) Kat:2, Licht: 0","63684","2","6","2","06","14","6","0","0","0","1","0","0"
"POINT (11.398810572000059 48.179649476000066)","Unfall 63686 (2019) Kat:3, Licht: 2","63686","3","3","5","06","23","6","0","2","0","1","0","0"
"POINT (11.513932215000068 48.089909121000062)","Unfall 63687 (2019) Kat:3, Licht: 2","63687","3","3","5","06","20","6","1","2","0","1","0","0"
"POINT (11.578944565000029 48.109205837000047)","Unfall 63776 (2019) Kat:3, Licht: 0","63776","3","1","0","06","14","5","0","0","1","0","0","0"
"POINT (11.477393407000022 48.115616631000080)","Unfall 63830 (2019) Kat:3, Licht: 0","63830","3","2","4","06","19","4","0","0","1","1","0","0"
"POINT (11.536479551000070 48.147281531000033)","Unfall 63985 (2019) Kat:3, Licht: 2","63985","3","6","1","06","23","2","0","2","0","1","0","1"
"POINT (11.418509879000055 48.142106412000032)","Unfall 63986 (2019) Kat:3, Licht: 0","63986","3","2","4","06","11","2","0","0","0","1","0","1"
"POINT (11.524220412000034 48.140768514000058)","Unfall 63989 (2019) Kat:2, Licht: 0","63989","2","6","2","06","19","2","0","0","0","1","0","0"
"POINT (11.499752187000070 48.143450740000048)","Unfall 63990 (2019) Kat:3, Licht: 0","63990","3","6","2","06","14","2","0","0","1","0","0","0"
"POINT (11.433866132000048 48.180282790000035)","Unfall 64097 (2019) Kat:3, Licht: 0","64097","3","6","3","06","20","2","0","0","0","1","0","0"
"POINT (11.613106158000051 48.188043756000070)","Unfall 64228 (2019) Kat:3, Licht: 0","64228","3","6","4","06","14","5","0","0","1","0","0","0"
"POINT (11.541297336000071 48.100766782000051)","Unfall 64230 (2019) Kat:3, Licht: 1","64230","3","2","5","06","21","5","0","1","1","1","0","0"
"POINT (11.394308154000043 48.146174461000044)","Unfall 64233 (2019) Kat:3, Licht: 0","64233","3","6","2","06","19","5","0","0","0","1","0","0"
"POINT (11.554191036000077 48.176090175000070)","Unfall 64237 (2019) Kat:3, Licht: 0","64237","3","6","3","06","15","5","0","0","0","1","0","0"
"POINT (11.502092972000071 48.192880527000057)","Unfall 64391 (2019) Kat:3, Licht: 0","64391","3","2","5","06","07","4","0","0","1","1","0","0"
"POINT (11.611244811000063 48.185986064000076)","Unfall 64395 (2019) Kat:2, Licht: 0","64395","2","7","9","06","13","4","0","0","1","1","0","0"
"POINT (11.584450884000034 48.186194165000074)","Unfall 64396 (2019) Kat:3, Licht: 0","64396","3","6","3","06","21","4","0","0","0","1","0","1"
"POINT (11.521916996000073 48.110003716000051)","Unfall 64398 (2019) Kat:3, Licht: 0","64398","3","6","1","06","07","4","0","0","0","1","0","0"
"POINT (11.411272701000030 48.195382402000064)","Unfall 64484 (2019) Kat:3, Licht: 0","64484","3","7","6","06","15","4","0","0","0","1","0","0"
"POINT (11.429406049000022 48.183225911000079)","Unfall 64486 (2019) Kat:3, Licht: 0","64486","3","6","3","06","18","4","0","0","0","0","0","1"
"POINT (11.503025028000025 48.143307513000082)","Unfall 64503 (2019) Kat:3, Licht: 0","64503","3","3","5","06","11","3","0","0","0","1","0","0"
"POINT (11.458118077000051 48.198118226000076)","Unfall 64505 (2019) Kat:3, Licht: 0","64505","3","3","5","06","11","3","0","0","1","0","0","1"
"POINT (11.462207726000031 48.176952302000075)","Unfall 64507 (2019) Kat:3, Licht: 0","64507","3","2","6","06","09","3","0","0","0","1","1","0"
"POINT (11.581180518000053 48.177514282000061)","Unfall 64548 (2019) Kat:3, Licht: 0","64548","3","1","0","06","13","1","0","0","1","0","0","0"
"POINT (11.578302514000029 48.177793470000040)","Unfall 64560 (2019) Kat:3, Licht: 2","64560","3","7","0","06","13","1","0","2","1","0","0","0"
"POINT (11.456026886000075 48.150813465000056)","Unfall 64594 (2019) Kat:3, Licht: 0","64594","3","6","0","06","15","7","0","0","0","1","0","1"
"POINT (11.425159896000025 48.143033227000046)","Unfall 64606 (2019) Kat:3, Licht: 0","64606","3","3","5","06","18","1","0","0","1","1","0","0"
"POINT (11.475021934000040 48.145321668000065)","Unfall 64638 (2019) Kat:2, Licht: 0","64638","2","6","0","06","18","7","0","0","1","0","1","0"
"POINT (11.516726358000028 48.113242830000047)","Unfall 64668 (2019) Kat:3, Licht: 0","64668","3","3","5","06","09","1","0","0","0","1","0","0"
"POINT (11.637537093000049 48.126834627000051)","Unfall 64730 (2019) Kat:3, Licht: 0","64730","3","1","0","06","16","1","0","0","1","0","0","0"
"POINT (11.534936413000025 48.110555332000047)","Unfall 64752 (2019) Kat:3, Licht: 0","64752","3","6","2","06","18","1","0","0","0","1","0","0"
"POINT (11.549493343000051 48.190557299000034)","Unfall 64783 (2019) Kat:3, Licht: 0","64783","3","1","9","06","20","6","0","0","1","0","0","0"