WKT,Name,OBJECTID,UKATEGORIE,UTYP1,UART,UMONAT,USTUNDE,UWOCHENTAG,STRZUSTAND,ULICHTVERH,ISTRAD,ISTPKW,ISTFUSS,ISTKRAD
"POINT (11.458151066000028 48.199513800000034)","Unfall 64788 (2019) Kat:3, Licht: 0","64788","3","7","0","06","07","6","0","0","0","1","0","1"
"POINT (11.453815308000060 48.166724596000051)","Unfall 64804 (2019) Kat:3, Licht: 0","64804","3","3","5","06","20","6","0","0","0","1","0","0"
"POINT (11.497689086000037 48.125264309000045)","Unfall 64841 (2019) Kat:3, Licht: 0","64841","3","6","2","07","09","3","0","0","0","1","0","0"
"POINT (11.458255567000037 48.205650627000068)","Unfall 64843 (2019) Kat:3, Licht: 0","64843","3","6","2","07","08","3","0","0","0","1","0","0"
"POINT (11.498932137000054 48.112190737000049)","Unfall 64864 (2019) Kat:3, Licht: 2","64864","3","6","3","06","00","1","0","2","0","1","0","0"
"POINT (11.517994097000042 48.141443106000054)","Unfall 64865 (2019) Kat:3, Licht: 0","64865","3","6","3","07","18","2","1","0","0","1","0","1"
"POINT (11.619529191000026 48.186630100000059)","Unfall 64867 (2019) Kat:3, Licht: 0","64867","3","6","3","07","14","2","0","0","0","1","0","0"
"POINT (11.601105771000050 48.176991610000073)","Unfall 64930 (2019) Kat:3, Licht: 2","64930","3","6","2","07","21","5","0","2","0","1","0","1"
"POINT (11.544215002000044 48.199022504000027)","Unfall 64934 (2019) Kat:3, Licht: 0","64934","3","3","5","07","17","5","0","0","0","1","0","1"
"POINT (11.422386142000050 48.142644326000038)","Unfall 65047 (2019) Kat:3, Licht: 0","65047","3","3","5","07","18","4","0","0","1","0","0","0"
"POINT (11.703175895000072 48.112756727000033)","Unfall 65149 (2019) Kat:3, Licht: 0","65149","3","3","5","07","13","6","0","0","1","1","0","0"
"POINT (11.537282107000067 48.150760769000044)","Unfall 65153 (2019) Kat:3, Licht: 0","65153","3","6","3","07","19","6","0","0","0","1","0","0"
"POINT (11.617632948000050 48.115034220000041)","Unfall 65156 (2019) Kat:1, Licht: 0","65156","1","3","0","07","20","6","0","0","0","1","0","1"
"POINT (11.615577022000025 48.112217642000076)","Unfall 65215 (2019) Kat:3, Licht: 0","65215","3","6","2","07","17","3","0","0","0","1","0","0"
"POINT (11.563191248000066 48.093851011000027)","Unfall 65216 (2019) Kat:3, Licht: 0","65216","3","6","3","07","12","3","0","0","0","1","0","1"
"POINT (11.532206038000027 48.187126884000065)","Unfall 65224 (2019) Kat:3, Licht: 0","65224","3","6","2","07","15","3","0","0","0","1","0","0"
"POINT (11.541622881000023 48.098678858000028)","Unfall 65312 (2019) Kat:3, Licht: 0","65312","3","2","3","07","07","3","0","0","0","1","0","1"
"POINT (11.582369102000030 48.104157999000051)","Unfall 65314 (2019) Kat:3, Licht: 0","65314","3","6","2","07","07","3","0","0","0","1","0","0"
"POINT (11.627105719000042 48.200218143000029)","Unfall 65315 (2019) Kat:3, Licht: 0","65315","3","6","2","07","07","3","0","0","0","1","0","0"
"POINT (11.615025042000070 48.109146997000039)","Unfall 65376 (2019) Kat:3, Licht: 0","65376","3","6","2","07","15","3","0","0","0","1","0","0"
"POINT (11.527794812000025 48.140387180000062)","Unfall 65392 (2019) Kat:3, Licht: 0","65392","3","6","2","07","10","2","0","0","0","1","0","1"
"POINT (11.534287941000059 48.110324635000040)","Unfall 65393 (2019) Kat:3, Licht: 0","65393","3","2","5","07","16","2","0","0","1","1","0","0"
"POINT (11.468696325000053 48.209796985000025)","Unfall 65463 (2019) Kat:3, Licht: 0","65463","3","6","3","07","18","5","0","0","0","1","0","0"
"POINT (11.517389244000071 48.124108502000070)","Unfall 65465 (2019) Kat:2, Licht: 0","65465","2","6","2","07","11","5","0","0","0","1","0","0"
"POINT (11.485250034000046 48.208033934000071)","Unfall 65467 (2019) Kat:3, Licht: 0","65467","3","6","1","07","19","5","1","0","0","1","0","0"
"POINT (11.435594273000049 48.185228837000068)","Unfall 65474 (2019) Kat:2, Licht: 0","65474","2","6","3","07","13","2","0","0","0","1","0","0"
"POINT (11.468307807000031 48.123871000000065)","Unfall 65478 (2019) Kat:3, Licht: 0","65478","3","6","2","07","09","2","1","0","0","1","0","0"
"POINT (11.538345985000035 48.110595893000038)","Unfall 65490 (2019) Kat:3, Licht: 0","65490","3","6","4","07","07","4","0","0","1","0","0","0"
"POINT (11.594603776000042 48.174468548000050)","Unfall 65491 (2019) Kat:2, Licht: 0","65491","2","6","5","07","15","1","0","0","1","0","0","0"
"POINT (11.518499997000049 48.141373354000052)","Unfall 65495 (2019) Kat:3, Licht: 0","65495","3","2","5","07","21","4","0","0","1","1","0","0"
"POINT (11.536761551000041 48.149791781000033)","Unfall 65638 (2019) Kat:3, Licht: 0","65638","3","6","2","07","13","7","0","0","0","1","0","0"
"POINT (11.668636659000072 48.120052507000025)","Unfall 65644 (2019) Kat:3, Licht: 0","65644","3","7","1","07","08","7","0","0","0","1","0","0"
"POINT (11.413912081000035 48.166812243000038)","Unfall 65695 (2019) Kat:3, Licht: 0","65695","3","6","2","07","18","4","0","0","0","1","0","0"
"POINT (11.539011467000023 48.226154987000029)","Unfall 65843 (2019) Kat:3, Licht: 0","65843","3","1","9","07","16","3","0","0","0","0","0","1"
"POINT (11.548887827000044 48.112215951000053)","Unfall 65855 (2019) Kat:3, Licht: 0","65855","3","3","5","07","09","2","0","0","1","1","0","0"
"POINT (11.541622881000023 48.098678858000028)","Unfall 65856 (2019) Kat:3, Licht: 0","65856","3","2","3","07","16","6","0","0","0","1","0","1"
"POINT (11.611014470000043 48.186195489000056)","Unfall 65858 (2019) Kat:3, Licht: 0","65858","3","2","5","07","17","6","0","0","0","1","0","0"
"POINT (11.485933032000048 48.208085060000030)","Unfall 65859 (2019) Kat:3, Licht: 0","65859","3","6","2","07","14","6","1","0","0","1","0","0"
"POINT (11.558157523000034 48.176815051000062)","Unfall 65861 (2019) Kat:3, Licht: 0","65861","3","6","3","07","14","6","1","0","0","0","0","1"
"POINT (11.620067154000026 48.120291459000043)","Unfall 65863 (2019) Kat:3, Licht: 2","65863","3","2","5","07","21","6","0","2","0","1","0","0"
"POINT (11.624891475000027 48.129399942000077)","Unfall 65865 (2019) Kat:3, Licht: 0","65865","3","6","2","07","12","2","0","0","0","1","0","0"
"POINT (11.480520344000070 48.209541960000081)","Unfall 66032 (2019) Kat:3, Licht: 0","66032","3","6","3","07","11","6","1","0","0","1","0","1"
"POINT (11.563717279000059 48.096045594000032)","Unfall 66049 (2019) Kat:3, Licht: 0","66049","3","3","5","07","07","5","0","0","1","1","0","0"
"POINT (11.616575796000063 48.133019275000038)","Unfall 66050 (2019) Kat:3, Licht: 2","66050","3","1","0","07","16","5","0","2","1","0","0","0"
"POINT (11.569928011000059 48.104617390000044)","Unfall 66051 (2019) Kat:3, Licht: 0","66051","3","2","5","07","15","5","1","0","0","1","0","1"
"POINT (11.618903229000068 48.118150753000066)","Unfall 66053 (2019) Kat:3, Licht: 0","66053","3","6","3","07","15","5","1","0","0","1","0","0"
"POINT (11.537426173000028 48.157797785000071)","Unfall 66058 (2019) Kat:3, Licht: 0","66058","3","6","2","07","18","5","1","0","0","1","0","0"
"POINT (11.600686754000037 48.182907863000025)","Unfall 66059 (2019) Kat:3, Licht: 0","66059","3","6","2","07","15","5","1","0","0","1","0","0"
"POINT (11.664819556000054 48.121302543000070)","Unfall 66103 (2019) Kat:3, Licht: 0","66103","3","3","2","07","18","1","0","0","0","1","1","0"
"POINT (11.554313801000035 48.112355966000052)","Unfall 66105 (2019) Kat:3, Licht: 0","66105","3","6","2","07","13","1","0","0","0","1","0","0"
"POINT (11.551828514000022 48.185839397000052)","Unfall 66286 (2019) Kat:3, Licht: 2","66286","3","2","5","07","21","7","0","2","1","1","0","0"
"POINT (11.527926751000052 48.140379258000053)","Unfall 66288 (2019) Kat:3, Licht: 2","66288","3","5","1","07","01","7","0","2","0","1","0","0"
"POINT (11.504991438000047 48.088075891000074)","Unfall 66290 (2019) Kat:3, Licht: 0","66290","3","6","2","07","12","7","0","0","0","1","0","1"
"POINT (11.620078342000056 48.120315301000062)","Unfall 66295 (2019) Kat:3, Licht: 0","66295","3","6","0","07","11","7","0","0","0","0","0","1"
"POINT (11.559078901000021 48.112542031000032)","Unfall 66296 (2019) Kat:3, Licht: 0","66296","3","6","2","07","10","7","0","0","0","1","0","0"
"POINT (11.615562306000072 48.130945356000041)","Unfall 66376 (2019) Kat:3, Licht: 2","66376","3","3","5","07","22","4","0","2","0","1","0","1"
"POINT (11.615504557000065 48.135122958000068)","Unfall 66381 (2019) Kat:3, Licht: 0","66381","3","6","3","07","05","4","0","0","0","1","0","1"
"POINT (11.700267165000071 48.142114272000072)","Unfall 66467 (2019) Kat:3, Licht: 2","66467","3","6","2","07","00","7","0","2","0","1","0","0"
"POINT (11.457684285000028 48.156583870000077)","Unfall 66480 (2019) Kat:2, Licht: 0","66480","2","6","2","07","08","6","0","0","0","1","0","0"
"POINT (11.603807645000074 48.179303883000046)","Unfall 66620 (2019) Kat:3, Licht: 2","66620","3","7","0","07","21","3","0","2","0","0","0","0"
"POINT (11.518904903000077 48.121636436000074)","Unfall 66622 (2019) Kat:3, Licht: 2","66622","3","6","2","07","22","1","0","2","0","1","0","0"
"POINT (11.636374220000050 48.216814034000038)","Unfall 66623 (2019) Kat:2, Licht: 2","66623","2","3","5","07","21","3","0","2","0","1","0","1"
"POINT (11.579216306000035 48.108672181000031)","Unfall 66626 (2019) Kat:3, Licht: 0","66626","3","6","3","07","12","3","0","0","0","1","0","0"
"POINT (11.628896736000058 48.203211750000037)","Unfall 66635 (2019) Kat:3, Licht: 0","66635","3","6","2","07","15","1","0","0","0","1","0","0"
"POINT (11.615390376000050 48.136914126000079)","Unfall 66670 (2019) Kat:3, Licht: 0","66670","3","7","5","07","14","5","0","0","1","1","0","0"
"POINT (11.519892631000062 48.072477156000048)","Unfall 66674 (2019) Kat:3, Licht: 0","66674","3","2","5","07","12","5","0","0","1","1","0","0"
"POINT (11.398812284000030 48.179605181000056)","Unfall 66797 (2019) Kat:3, Licht: 0","66797","3","2","5","07","08","4","0","0","1","1","0","0"
"POINT (11.556908787000054 48.178397555000060)","Unfall 66890 (2019) Kat:2, Licht: 0","66890","2","7","4","07","05","3","0","0","0","1","0","1"
"POINT (11.590026155000032 48.176775094000050)","Unfall 66894 (2019) Kat:3, Licht: 0","66894","3","3","5","07","09","3","0","0","1","1","0","0"
"POINT (11.483892365000031 48.144959890000052)","Unfall 66897 (2019) Kat:3, Licht: 0","66897","3","3","4","07","11","3","0","0","1","1","0","0"
"POINT (11.676764501000036 48.084158994000063)","Unfall 66903 (2019) Kat:3, Licht: 0","66903","3","6","1","07","07","3","0","0","1","0","0","0"
"POINT (11.505027824000024 48.088087238000071)","Unfall 66969 (2019) Kat:3, Licht: 0","66969","3","2","5","07","15","6","0","0","0","1","0","1"
"POINT (11.529214061000062 48.109984911000026)","Unfall 66971 (2019) Kat:3, Licht: 0","66971","3","6","2","07","10","6","0","0","0","1","0","0"
"POINT (11.503784381000060 48.103641507000077)","Unfall 66999 (2019) Kat:2, Licht: 2","66999","2","6","3","07","21","5","0","2","0","1","0","1"
"POINT (11.542626894000023 48.226196562000041)","Unfall 67106 (2019) Kat:3, Licht: 0","67106","3","6","1","07","10","3","0","0","0","1","0","0"
"POINT (11.400200192000057 48.139275946000055)","Unfall 67123 (2019) Kat:3, Licht: 0","67123","3","1","0","07","12","2","0","0","0","0","0","1"
"POINT (11.502024224000024 48.192888177000043)","Unfall 67125 (2019) Kat:3, Licht: 0","67125","3","2","5","07","08","2","0","0","1","1","0","0"
"POINT (11.475835865000022 48.209736055000064)","Unfall 67298 (2019) Kat:3, Licht: 0","67298","3","6","2","07","17","6","0","0","0","1","0","0"
"POINT (11.509585721000064 48.125005472000055)","Unfall 67301 (2019) Kat:3, Licht: 0","67301","3","6","2","07","10","6","0","0","0","1","0","0"
"POINT (11.527910328000075 48.140380244000028)","Unfall 67326 (2019) Kat:3, Licht: 0","67326","3","7","0","07","13","5","0","0","1","0","0","0"
"POINT (11.511190003000024 48.124957255000027)","Unfall 67327 (2019) Kat:3, Licht: 1","67327","3","7","8","07","03","2","0","1","0","1","0","0"
"POINT (11.417191720000062 48.191463596000062)","Unfall 67328 (2019) Kat:3, Licht: 2","67328","3","7","2","07","02","2","0","2","0","1","0","0"
"POINT (11.590182285000026 48.105080057000066)","Unfall 67332 (2019) Kat:3, Licht: 0","67332","3","6","2","07","13","4","0","0","0","1","0","0"
"POINT (11.530079512000043 48.213291685000058)","Unfall 67341 (2019) Kat:3, Licht: 0","67341","3","3","5","07","18","5","0","0","1","1","0","0"
"POINT (11.614802236000060 48.136672304000058)","Unfall 67346 (2019) Kat:3, Licht: 0","67346","3","1","0","07","15","5","0","0","1","0","0","0"
"POINT (11.507236049000028 48.125498941000046)","Unfall 67400 (2019) Kat:2, Licht: 0","67400","2","6","1","07","17","3","0","0","0","0","0","0"
"POINT (11.492967346000057 48.124362139000027)","Unfall 67401 (2019) Kat:3, Licht: 0","67401","3","6","2","07","17","3","0","0","0","1","0","0"
"POINT (11.607496734000051 48.108954361000031)","Unfall 67423 (2019) Kat:3, Licht: 2","67423","3","3","5","07","01","2","1","2","0","1","0","0"
"POINT (11.557277420000048 48.112384212000052)","Unfall 67499 (2019) Kat:3, Licht: 0","67499","3","6","3","07","16","1","1","0","0","1","0","1"
"POINT (11.616078219000030 48.154150653000045)","Unfall 67585 (2019) Kat:2, Licht: 2","67585","2","1","0","07","00","7","0","2","1","0","0","0"
"POINT (11.528122197000073 48.140367523000066)","Unfall 67586 (2019) Kat:2, Licht: 0","67586","2","3","3","07","14","7","1","0","1","1","0","0"
"POINT (11.548127049000072 48.176278850000074)","Unfall 67656 (2019) Kat:3, Licht: 0","67656","3","6","2","08","16","5","0","0","0","1","0","1"
"POINT (11.456279647000031 48.147076108000078)","Unfall 67657 (2019) Kat:3, Licht: 0","67657","3","2","3","08","17","5","0","0","1","1","0","0"
"POINT (11.585277687000030 48.201087255000061)","Unfall 67658 (2019) Kat:3, Licht: 0","67658","3","7","0","08","19","5","0","0","1","0","0","0"
"POINT (11.638125883000043 48.126649333000046)","Unfall 67662 (2019) Kat:3, Licht: 0","67662","3","1","0","08","18","5","0","0","1","0","0","0"
"POINT (11.620123894000074 48.120424445000026)","Unfall 67663 (2019) Kat:3, Licht: 0","67663","3","2","5","08","19","5","0","0","1","1","0","0"
"POINT (11.432320510000068 48.204302033000033)","Unfall 67736 (2019) Kat:3, Licht: 0","67736","3","6","2","08","16","5","0","0","0","1","0","0"
"POINT (11.536391794000053 48.146316680000041)","Unfall 67750 (2019) Kat:3, Licht: 0","67750","3","3","5","07","18","4","0","0","1","1","0","0"
"POINT (11.485017360000029 48.211652295000079)","Unfall 67752 (2019) Kat:3, Licht: 0","67752","3","6","2","07","11","4","1","0","0","1","0","0"
"POINT (11.644335277000039 48.126083740000070)","Unfall 67753 (2019) Kat:3, Licht: 0","67753","3","6","1","07","15","4","1","0","0","1","0","0"
"POINT (11.696893962000047 48.141999646000045)","Unfall 67781 (2019) Kat:3, Licht: 0","67781","3","6","2","08","14","7","0","0","0","1","0","0"
"POINT (11.475565996000057 48.145303516000070)","Unfall 67788 (2019) Kat:1, Licht: 0","67788","1","4","6","08","12","6","0","0","0","1","1","0"
"POINT (11.553686333000030 48.183106573000032)","Unfall 67790 (2019) Kat:3, Licht: 0","67790","3","2","3","08","16","6","0","0","1","0","0","1"
"POINT (11.543117977000065 48.200596165000036)","Unfall 67895 (2019) Kat:2, Licht: 0","67895","2","2","4","07","07","3","0","0","1","1","0","0"
"POINT (11.633328633000076 48.127660930000047)","Unfall 67896 (2019) Kat:2, Licht: 0","67896","2","7","0","07","17","3","0","0","1","1","0","0"
"POINT (11.503417590000026 48.143277788000034)","Unfall 68016 (2019) Kat:3, Licht: 0","68016","3","3","5","08","10","7","0","0","0","1","0","0"
"POINT (11.472906207000051 48.145474113000034)","Unfall 68018 (2019) Kat:3, Licht: 0","68018","3","2","3","08","11","7","0","0","1","1","0","0"
"POINT (11.703690241000061 48.112639279000064)","Unfall 68059 (2019) Kat:3, Licht: 0","68059","3","4","6","08","17","2","0","0","0","0","1","0"
"POINT (11.545661770000038 48.196698267000045)","Unfall 68188 (2019) Kat:3, Licht: 0","68188","3","3","5","08","17","1","0","0","1","1","0","0"
"POINT (11.584199307000063 48.189307698000050)","Unfall 68192 (2019) Kat:3, Licht: 0","68192","3","3","5","08","13","1","0","0","1","1","0","0"
"POINT (11.530314813000075 48.140333964000035)","Unfall 68284 (2019) Kat:2, Licht: 0","68284","2","4","6","08","11","5","0","0","0","0","1","0"
"POINT (11.496290483000053 48.143755407000072)","Unfall 68285 (2019) Kat:3, Licht: 1","68285","3","2","5","08","20","5","0","1","1","1","0","0"
"POINT (11.597011805000022 48.162519398000029)","Unfall 68287 (2019) Kat:3, Licht: 0","68287","3","3","3","08","15","5","0","0","0","0","0","0"
"POINT (11.586178490000066 48.205813603000081)","Unfall 68359 (2019) Kat:3, Licht: 0","68359","3","2","5","08","08","6","0","0","1","0","0","0"
"POINT (11.599949643000059 48.171047941000040)","Unfall 68363 (2019) Kat:2, Licht: 0","68363","2","1","8","08","14","6","0","0","0","0","0","1"
"POINT (11.596600331000047 48.163000872000055)","Unfall 68366 (2019) Kat:3, Licht: 2","68366","3","6","5","08","20","6","0","2","0","1","0","1"
"POINT (11.653881947000059 48.094120916000065)","Unfall 68368 (2019) Kat:3, Licht: 0","68368","3","7","5","08","06","6","0","0","0","1","0","0"
"POINT (11.648615298000038 48.083720010000036)","Unfall 68370 (2019) Kat:3, Licht: 0","68370","3","3","5","08","18","6","0","0","1","0","0","0"
"POINT (11.569801723000069 48.104651779000051)","Unfall 68372 (2019) Kat:3, Licht: 0","68372","3","2","5","08","15","6","0","0","0","1","0","0"
"POINT (11.597082016000059 48.162501424000027)","Unfall 68376 (2019) Kat:3, Licht: 0","68376","3","7","0","08","13","6","0","0","0","1","0","0"
"POINT (11.395668837000073 48.140952636000065)","Unfall 68417 (2019) Kat:3, Licht: 0","68417","3","6","2","08","17","5","0","0","0","1","0","0"
"POINT (11.474973380000051 48.145323288000043)","Unfall 68433 (2019) Kat:3, Licht: 0","68433","3","6","4","08","08","4","0","0","0","1","0","0"
"POINT (11.667486467000060 48.138397549000047)","Unfall 68559 (2019) Kat:3, Licht: 0","68559","3","6","2","08","14","4","1","0","0","1","0","0"
"POINT (11.581435975000034 48.177515403000029)","Unfall 68569 (2019) Kat:3, Licht: 2","68569","3","6","2","08","18","3","0","2","0","1","0","1"
"POINT (11.518673107000041 48.141390705000049)","Unfall 68571 (2019) Kat:3, Licht: 0","68571","3","3","5","08","17","3","0","0","0","1","0","1"
"POINT (11.584451760000036 48.187617230000058)","Unfall 68574 (2019) Kat:3, Licht: 0","68574","3","6","4","08","13","3","0","0","1","0","0","0"
"POINT (11.527949563000050 48.140377889000035)","Unfall 68617 (2019) Kat:3, Licht: 0","68617","3","1","0","08","12","5","1","0","0","0","0","1"
"POINT (11.519723948000035 48.222249950000048)","Unfall 68647 (2019) Kat:3, Licht: 0","68647","3","6","3","08","12","5","1","0","0","1","0","0"
"POINT (11.584823491000066 48.181810672000040)","Unfall 68650 (2019) Kat:3, Licht: 0","68650","3","6","3","08","18","4","0","0","0","1","0","0"
"POINT (11.488349124000024 48.205137709000041)","Unfall 68654 (2019) Kat:3, Licht: 0","68654","3","6","2","08","17","4","0","0","0","1","0","1"
"POINT (11.620947243000046 48.191612591000080)","Unfall 68657 (2019) Kat:3, Licht: 2","68657","3","2","5","08","04","4","1","2","1","1","0","0"
"POINT (11.603890718000059 48.108525937000081)","Unfall 68663 (2019) Kat:3, Licht: 0","68663","3","6","2","08","07","4","0","0","0","1","0","0"
"POINT (11.531396065000024 48.220542935000026)","Unfall 68772 (2019) Kat:3, Licht: 0","68772","3","6","2","08","09","3","0","0","0","1","0","0"
"POINT (11.697490123000023 48.114428592000081)","Unfall 68774 (2019) Kat:3, Licht: 0","68774","3","5","1","08","16","3","0","0","0","1","0","0"
"POINT (11.584849343000030 48.198108624000042)","Unfall 68775 (2019) Kat:3, Licht: 0","68775","3","6","1","08","10","3","0","0","0","1","0","0"
"POINT (11.519984682000029 48.124148262000062)","Unfall 68855 (2019) Kat:2, Licht: 0","68855","2","1","9","08","13","3","0","0","0","0","0","1"
"POINT (11.547642096000061 48.176286025000081)","Unfall 68858 (2019) Kat:3, Licht: 0","68858","3","6","2","08","09","2","1","0","0","1","0","0"
"POINT (11.605482329000040 48.108726782000076)","Unfall 68901 (2019) Kat:2, Licht: 0","68901","2","2","2","08","10","7","1","0","0","1","0","0"
"POINT (11.584709868000061 48.184460088000037)","Unfall 68903 (2019) Kat:3, Licht: 0","68903","3","6","2","08","14","7","1","0","0","1","0","1"
"POINT (11.541410525000060 48.096352105000051)","Unfall 68998 (2019) Kat:3, Licht: 0","68998","3","2","1","08","18","1","0","0","0","1","0","1"
"POINT (11.610094406000030 48.154898982000077)","Unfall 69000 (2019) Kat:2, Licht: 0","69000","2","6","2","08","16","1","0","0","0","1","0","0"
"POINT (11.498593755000059 48.112194443000078)","Unfall 69102 (2019) Kat:3, Licht: 0","69102","3","3","5","08","14","7","0","0","1","1","0","0"
"POINT (11.484694859000058 48.212733291000063)","Unfall 69112 (2019) Kat:3, Licht: 1","69112","3","2","5","08","05","6","0","1","0","1","0","0"
"POINT (11.620219999000028 48.120319529000028)","Unfall 69142 (2019) Kat:3, Licht: 0","69142","3","2","5","08","17","1","0","0","1","1","0","0"
"POINT (11.523123655000063 48.127124075000040)","Unfall 69172 (2019) Kat:3, Licht: 0","69172","3","6","3","08","10","6","0","0","0","1","0","0"
"POINT (11.556743391000055 48.178507689000071)","Unfall 69205 (2019) Kat:3, Licht: 0","69205","3","3","5","08","11","1","0","0","0","1","0","0"
"POINT (11.595986194000034 48.106615097000031)","Unfall 69269 (2019) Kat:3, Licht: 1","69269","3","6","2","08","17","3","1","1","0","1","0","0"
"POINT (11.689723871000069 48.117731270000036)","Unfall 69287 (2019) Kat:2, Licht: 0","69287","2","2","3","08","17","6","0","0","1","0","0","0"
"POINT (11.402165720000028 48.158161824000047)","Unfall 69317 (2019) Kat:3, Licht: 2","69317","3","6","1","08","13","2","0","2","0","1","0","0"
"POINT (11.599719836000077 48.170633510000073)","Unfall 69408 (2019) Kat:3, Licht: 2","69408","3","6","0","08","22","7","0","2","0","1","0","0"
"POINT (11.584596401000056 48.184536596000044)","Unfall 69422 (2019) Kat:3, Licht: 0","69422","3","2","5","08","18","2","0","0","0","1","0","0"
"POINT (11.548112329000048 48.176279027000078)","Unfall 69423 (2019) Kat:3, Licht: 0","69423","3","6","2","08","16","2","0","0","0","1","0","0"
"POINT (11.626569275000065 48.199361986000042)","Unfall 69424 (2019) Kat:2, Licht: 0","69424","2","6","2","08","10","1","0","0","0","1","0","1"
"POINT (11.489339928000049 48.144447249000052)","Unfall 69427 (2019) Kat:3, Licht: 0","69427","3","6","2","08","13","2","0","0","0","1","0","0"
"POINT (11.647471988000063 48.097861926000064)","Unfall 69430 (2019) Kat:3, Licht: 0","69430","3","6","2","08","16","2","0","0","0","1","0","0"
"POINT (11.578582525000058 48.110462302000030)","Unfall 69619 (2019) Kat:3, Licht: 0","69619","3","2","5","08","18","6","0","0","1","1","0","0"
"POINT (11.584408600000074 48.186705355000072)","Unfall 69621 (2019) Kat:3, Licht: 0","69621","3","6","2","08","08","6","0","0","0","1","0","0"
"POINT (11.620537896000030 48.130108675000031)","Unfall 69686 (2019) Kat:3, Licht: 0","69686","3","2","4","08","16","2","0","0","1","1","0","0"
"POINT (11.540898030000051 48.093819490000044)","Unfall 69687 (2019) Kat:3, Licht: 0","69687","3","3","5","08","14","2","0","0","1","1","0","0"
"POINT (11.585099316000026 48.178963544000055)","Unfall 69690 (2019) Kat:3, Licht: 0","69690","3","6","1","08","16","2","0","0","0","1","0","0"
"POINT (11.419173586000056 48.170300522000048)","Unfall 69769 (2019) Kat:3, Licht: 2","69769","3","6","2","08","13","6","0","2","0","1","0","0"
"POINT (11.462134688000049 48.177068806000079)","Unfall 69777 (2019) Kat:3, Licht: 0","69777","3","2","5","08","15","5","0","0","0","1","0","0"
"POINT (11.457488538000064 48.155146914000056)","Unfall 69778 (2019) Kat:3, Licht: 0","69778","3","6","1","08","16","5","0","0","0","1","0","1"
"POINT (11.432948397000075 48.181309021000061)","Unfall 69819 (2019) Kat:3, Licht: 0","69819","3","6","2","08","18","2","0","0","0","1","0","0"
"POINT (11.642181750000077 48.126443516000052)","Unfall 69972 (2019) Kat:3, Licht: 1","69972","3","7","0","09","18","2","0","1","1","1","0","0"
"POINT (11.712427398000045 48.111094545000071)","Unfall 69990 (2019) Kat:3, Licht: 0","69990","3","6","3","08","17","6","0","0","1","0","0","0"
"POINT (11.476908229000060 48.145258795000075)","Unfall 69993 (2019) Kat:3, Licht: 0","69993","3","6","2","08","12","6","0","0","0","1","0","0"
"POINT (11.520102978000068 48.141202059000079)","Unfall 69995 (2019) Kat:3, Licht: 0","69995","3","6","0","08","14","6","0","0","0","1","0","0"
"POINT (11.536851935000072 48.151124620000076)","Unfall 69997 (2019) Kat:3, Licht: 0","69997","3","6","2","08","13","6","0","0","0","1","0","0"
"POINT (11.615450283000030 48.131036715000050)","Unfall 69998 (2019) Kat:3, Licht: 0","69998","3","3","5","08","11","6","0","0","0","1","0","0"
"POINT (11.641688503000069 48.213459395000029)","Unfall 70127 (2019) Kat:3, Licht: 0","70127","3","6","3","08","07","6","0","0","0","1","0","0"
"POINT (11.446613731000070 48.146010504000060)","Unfall 70130 (2019) Kat:3, Licht: 0","70130","3","2","3","08","12","5","0","0","1","1","0","0"
"POINT (11.615115012000047 48.112008243000048)","Unfall 70139 (2019) Kat:3, Licht: 2","70139","3","3","5","09","22","1","1","2","0","1","0","0"
"POINT (11.512295056000028 48.107726031000027)","Unfall 70259 (2019) Kat:3, Licht: 0","70259","3","6","2","09","15","1","0","0","0","1","0","1"
"POINT (11.612742045000061 48.187114752000070)","Unfall 70260 (2019) Kat:3, Licht: 0","70260","3","1","0","08","13","5","0","0","0","0","0","1"
"POINT (11.521664650000048 48.141025672000069)","Unfall 70266 (2019) Kat:3, Licht: 2","70266","3","7","0","08","00","4","0","2","1","0","0","0"
"POINT (11.490332415000069 48.202887411000063)","Unfall 70270 (2019) Kat:3, Licht: 0","70270","3","6","2","08","07","4","0","0","0","1","0","0"
"POINT (11.459252085000060 48.193727739000053)","Unfall 70272 (2019) Kat:3, Licht: 0","70272","3","3","5","08","18","4","0","0","0","1","0","1"
"POINT (11.623091635000037 48.193831703000058)","Unfall 70292 (2019) Kat:3, Licht: 0","70292","3","7","8","08","18","7","0","0","1","0","0","0"
"POINT (11.476380453000047 48.209739772000034)","Unfall 70422 (2019) Kat:3, Licht: 0","70422","3","6","2","08","15","4","0","0","0","1","0","0"
"POINT (11.516928370000073 48.090418158000034)","Unfall 70441 (2019) Kat:2, Licht: 2","70441","2","1","1","08","21","3","0","2","0","1","0","0"
"POINT (11.533953936000046 48.135006568000051)","Unfall 70444 (2019) Kat:3, Licht: 1","70444","3","6","2","08","18","3","0","1","0","1","0","0"
"POINT (11.535606057000052 48.186880335000069)","Unfall 70447 (2019) Kat:3, Licht: 0","70447","3","3","0","08","15","3","0","0","1","1","0","0"
"POINT (11.584533286000067 48.186411837000037)","Unfall 70454 (2019) Kat:3, Licht: 0","70454","3","2","5","08","07","3","0","0","1","1","0","0"
"POINT (11.615700657000048 48.131049670000039)","Unfall 70459 (2019) Kat:3, Licht: 0","70459","3","2","3","08","08","3","0","0","1","1","0","0"
"POINT (11.575296999000045 48.110124196000072)","Unfall 70461 (2019) Kat:3, Licht: 0","70461","3","3","5","08","16","3","0","0","1","1","0","0"
"POINT (11.395836225000039 48.152119662000075)","Unfall 70511 (2019) Kat:3, Licht: 0","70511","3","7","0","09","10","7","1","0","0","1","0","0"
"POINT (11.537034252000069 48.186784615000079)","Unfall 70520 (2019) Kat:3, Licht: 0","70520","3","3","5","09","17","6","0","0","1","1","0","0"