WKT,Name,OBJECTID,UKATEGORIE,UTYP1,UART,UMONAT,USTUNDE,UWOCHENTAG,STRZUSTAND,ULICHTVERH,ISTRAD,ISTPKW,ISTFUSS,ISTKRAD
"POINT (11.531657903000053 48.082975141000077)","Unfall 70521 (2019) Kat:3, Licht: 2","70521","3","2","4","09","20","6","1","2","1","1","0","0"
"POINT (11.643491159000064 48.126194224000074)","Unfall 70523 (2019) Kat:3, Licht: 0","70523","3","2","5","09","17","6","0","0","1","1","0","0"
"POINT (11.430744242000060 48.179763323000032)","Unfall 70595 (2019) Kat:3, Licht: 0","70595","3","6","3","09","13","6","0","0","0","1","0","0"
"POINT (11.536634848000062 48.153238553000051)","Unfall 70604 (2019) Kat:3, Licht: 0","70604","3","3","5","09","14","5","1","0","1","1","0","0"
"POINT (11.500385677000054 48.143321969000056)","Unfall 70606 (2019) Kat:3, Licht: 0","70606","3","6","3","09","13","5","1","0","0","1","0","0"
"POINT (11.614873293000073 48.137131527000065)","Unfall 70608 (2019) Kat:3, Licht: 0","70608","3","6","2","09","16","5","0","0","0","1","0","0"
"POINT (11.394463202000054 48.149574283000049)","Unfall 70633 (2019) Kat:3, Licht: 0","70633","3","6","2","09","13","2","1","0","0","1","0","0"
"POINT (11.394159982000076 48.144298394000032)","Unfall 70637 (2019) Kat:3, Licht: 0","70637","3","1","9","09","13","2","1","0","0","1","0","0"
"POINT (11.528674835000061 48.129963906000057)","Unfall 70658 (2019) Kat:3, Licht: 2","70658","3","2","5","09","20","1","1","2","1","1","0","0"
"POINT (11.620434115000023 48.124769778000029)","Unfall 70663 (2019) Kat:3, Licht: 2","70663","3","3","4","09","21","1","1","2","0","1","0","0"
"POINT (11.494762854000044 48.112275060000059)","Unfall 70743 (2019) Kat:3, Licht: 0","70743","3","6","3","09","07","4","0","0","0","0","0","1"
"POINT (11.485182827000074 48.210234223000043)","Unfall 70750 (2019) Kat:3, Licht: 2","70750","3","6","1","09","21","4","0","2","0","1","0","0"
"POINT (11.653923853000038 48.124915641000030)","Unfall 70753 (2019) Kat:3, Licht: 0","70753","3","6","2","09","09","4","0","0","1","0","0","0"
"POINT (11.597571164000044 48.167341555000064)","Unfall 70756 (2019) Kat:3, Licht: 0","70756","3","6","1","09","16","4","0","0","0","1","0","0"
"POINT (11.464588614000036 48.148594753000054)","Unfall 70762 (2019) Kat:3, Licht: 0","70762","3","6","2","09","17","3","0","0","0","1","0","0"
"POINT (11.583958729000074 48.192605709000077)","Unfall 70765 (2019) Kat:3, Licht: 2","70765","3","3","5","09","20","3","0","2","1","1","0","0"
"POINT (11.477525381000021 48.145238334000055)","Unfall 70769 (2019) Kat:3, Licht: 0","70769","3","3","1","09","12","3","0","0","0","1","0","1"
"POINT (11.667416090000074 48.120428109000045)","Unfall 70770 (2019) Kat:3, Licht: 0","70770","3","2","5","09","18","3","0","0","1","0","0","0"
"POINT (11.625788114000045 48.102782282000078)","Unfall 70772 (2019) Kat:3, Licht: 0","70772","3","2","6","09","17","3","0","0","0","1","1","0"
"POINT (11.525877291000029 48.189186300000074)","Unfall 70775 (2019) Kat:3, Licht: 0","70775","3","6","3","09","06","3","0","0","0","1","0","1"
"POINT (11.479578246000074 48.088607105000051)","Unfall 70778 (2019) Kat:3, Licht: 0","70778","3","2","5","09","08","3","0","0","1","1","0","0"
"POINT (11.617368796000051 48.114801272000079)","Unfall 70780 (2019) Kat:3, Licht: 0","70780","3","6","2","09","08","3","0","0","0","1","0","0"
"POINT (11.467635996000070 48.123895541000081)","Unfall 70968 (2019) Kat:2, Licht: 2","70968","2","7","8","09","00","3","1","2","0","0","0","0"
"POINT (11.499109582000074 48.212599806000071)","Unfall 70972 (2019) Kat:3, Licht: 0","70972","3","6","2","09","14","4","0","0","0","0","0","0"
"POINT (11.631484577000037 48.128017902000067)","Unfall 70984 (2019) Kat:3, Licht: 0","70984","3","1","0","09","13","3","0","0","1","0","0","0"
"POINT (11.479694404000043 48.145172706000039)","Unfall 71000 (2019) Kat:3, Licht: 2","71000","3","3","5","09","00","2","1","2","1","1","0","0"
"POINT (11.555327669000064 48.226817347000065)","Unfall 71133 (2019) Kat:3, Licht: 0","71133","3","6","2","09","14","7","0","0","0","1","0","0"
"POINT (11.604684057000043 48.180256124000039)","Unfall 71142 (2019) Kat:3, Licht: 0","71142","3","6","2","09","16","6","0","0","0","1","0","0"
"POINT (11.547347961000071 48.176162167000030)","Unfall 71144 (2019) Kat:3, Licht: 0","71144","3","6","2","09","07","6","0","0","0","1","0","0"
"POINT (11.632267972000022 48.208738537000045)","Unfall 71254 (2019) Kat:3, Licht: 0","71254","3","6","2","09","08","5","0","0","1","0","0","0"
"POINT (11.612741044000074 48.187706171000059)","Unfall 71255 (2019) Kat:3, Licht: 2","71255","3","1","0","09","20","5","0","2","1","0","0","0"
"POINT (11.422370694000051 48.142642225000031)","Unfall 71256 (2019) Kat:3, Licht: 0","71256","3","2","3","09","07","5","0","0","1","0","0","0"
"POINT (11.547226726000076 48.176163224000049)","Unfall 71257 (2019) Kat:3, Licht: 0","71257","3","6","2","09","08","5","0","0","0","1","0","0"
"POINT (11.653633611000032 48.124964409000029)","Unfall 71332 (2019) Kat:3, Licht: 2","71332","3","1","1","09","20","4","0","2","0","1","0","1"
"POINT (11.584500025000068 48.186820284000078)","Unfall 71334 (2019) Kat:2, Licht: 0","71334","2","7","4","09","13","4","0","0","0","1","0","1"
"POINT (11.433989276000034 48.182749713000078)","Unfall 71376 (2019) Kat:3, Licht: 0","71376","3","6","2","09","09","3","0","0","0","1","0","0"
"POINT (11.628312243000039 48.219391263000034)","Unfall 71380 (2019) Kat:3, Licht: 0","71380","3","6","2","09","08","3","0","0","0","1","0","0"
"POINT (11.529502203000050 48.130804111000032)","Unfall 71386 (2019) Kat:3, Licht: 0","71386","3","6","2","09","16","2","0","0","0","1","0","0"
"POINT (11.502953095000066 48.142967723000027)","Unfall 71387 (2019) Kat:3, Licht: 0","71387","3","3","5","09","15","2","0","0","0","1","0","1"
"POINT (11.605448061000061 48.156785440000078)","Unfall 71389 (2019) Kat:3, Licht: 0","71389","3","6","2","09","08","2","0","0","0","1","0","0"
"POINT (11.529858086000047 48.217856321000056)","Unfall 71393 (2019) Kat:3, Licht: 0","71393","3","2","4","09","13","2","0","0","0","1","0","1"
"POINT (11.600019428000053 48.175843135000036)","Unfall 71395 (2019) Kat:3, Licht: 0","71395","3","6","3","09","13","2","0","0","0","0","0","1"
"POINT (11.537425322000047 48.159747784000047)","Unfall 71396 (2019) Kat:3, Licht: 0","71396","3","6","2","09","15","2","0","0","0","1","0","0"
"POINT (11.548518235000074 48.226535827000077)","Unfall 71466 (2019) Kat:3, Licht: 0","71466","3","6","3","09","08","2","0","0","0","1","0","0"
"POINT (11.637907475000077 48.238502194000034)","Unfall 71467 (2019) Kat:3, Licht: 0","71467","3","6","2","09","10","2","0","0","0","1","0","0"
"POINT (11.617650151000021 48.137136087000044)","Unfall 71475 (2019) Kat:3, Licht: 0","71475","3","7","3","09","08","1","0","0","0","0","0","1"
"POINT (11.516861654000024 48.115472112000077)","Unfall 71479 (2019) Kat:3, Licht: 2","71479","3","6","0","09","12","1","0","2","0","1","0","1"
"POINT (11.617316317000075 48.114701399000069)","Unfall 71560 (2019) Kat:3, Licht: 0","71560","3","2","3","09","08","3","0","0","1","1","0","0"
"POINT (11.542409517000067 48.231370155000036)","Unfall 71620 (2019) Kat:3, Licht: 0","71620","3","6","2","09","17","1","0","0","0","1","0","0"
"POINT (11.533572440000057 48.187101919000042)","Unfall 71624 (2019) Kat:2, Licht: 0","71624","2","3","5","09","09","7","0","0","0","1","0","1"
"POINT (11.584348466000051 48.189124441000047)","Unfall 71629 (2019) Kat:3, Licht: 0","71629","3","7","6","09","13","7","0","0","0","1","1","0"
"POINT (11.523703488000024 48.140728653000053)","Unfall 71630 (2019) Kat:3, Licht: 0","71630","3","7","0","09","14","7","0","0","1","1","0","0"
"POINT (11.622150565000027 48.223986516000082)","Unfall 71751 (2019) Kat:3, Licht: 1","71751","3","6","2","09","18","6","0","1","0","1","0","0"
"POINT (11.594886237000026 48.178012327000033)","Unfall 71752 (2019) Kat:3, Licht: 0","71752","3","6","2","09","17","6","0","0","0","1","0","0"
"POINT (11.636449382000023 48.235571140000047)","Unfall 71754 (2019) Kat:3, Licht: 0","71754","3","6","2","09","14","6","0","0","0","1","0","0"
"POINT (11.536612402000060 48.148054018000039)","Unfall 71759 (2019) Kat:3, Licht: 0","71759","3","6","2","09","09","5","0","0","0","1","0","0"
"POINT (11.460717522000039 48.188696495000045)","Unfall 71761 (2019) Kat:3, Licht: 0","71761","3","2","6","09","09","5","0","0","0","1","1","0"
"POINT (11.526312343000029 48.090568731000076)","Unfall 71762 (2019) Kat:3, Licht: 0","71762","3","7","4","09","18","5","0","0","0","1","0","1"
"POINT (11.540934924000055 48.226919414000065)","Unfall 71840 (2019) Kat:2, Licht: 0","71840","2","1","3","09","14","5","0","0","0","1","0","0"
"POINT (11.540329719000056 48.103921617000026)","Unfall 71844 (2019) Kat:3, Licht: 0","71844","3","6","6","09","15","4","0","0","1","0","1","0"
"POINT (11.455031042000030 48.149550654000052)","Unfall 71845 (2019) Kat:2, Licht: 0","71845","2","7","5","09","17","4","0","0","0","1","1","0"
"POINT (11.649178126000038 48.105521546000034)","Unfall 71846 (2019) Kat:3, Licht: 2","71846","3","6","2","09","20","4","0","2","0","1","0","0"
"POINT (11.406872785000076 48.140262689000053)","Unfall 71847 (2019) Kat:3, Licht: 0","71847","3","2","5","09","12","4","0","0","0","1","0","0"
"POINT (11.392277101000047 48.146131506000074)","Unfall 71848 (2019) Kat:3, Licht: 1","71848","3","2","4","09","06","4","0","1","0","1","0","0"
"POINT (11.612744750000047 48.187709755000071)","Unfall 71849 (2019) Kat:3, Licht: 2","71849","3","7","0","09","23","4","0","2","1","0","0","0"
"POINT (11.584451081000054 48.187636952000048)","Unfall 71850 (2019) Kat:3, Licht: 0","71850","3","2","5","09","09","4","0","0","1","0","0","0"
"POINT (11.452897027000063 48.146853781000061)","Unfall 71852 (2019) Kat:3, Licht: 0","71852","3","6","2","09","12","4","0","0","0","1","0","0"
"POINT (11.473920622000037 48.145358405000081)","Unfall 71853 (2019) Kat:3, Licht: 0","71853","3","7","7","09","07","4","0","0","0","1","0","0"
"POINT (11.477710714000068 48.209701664000079)","Unfall 71957 (2019) Kat:3, Licht: 0","71957","3","6","3","09","12","4","0","0","0","1","0","0"
"POINT (11.625732198000037 48.213824290000048)","Unfall 71976 (2019) Kat:3, Licht: 1","71976","3","6","2","09","18","4","0","1","0","1","0","0"
"POINT (11.707787038000049 48.145203945000048)","Unfall 71980 (2019) Kat:3, Licht: 0","71980","3","1","0","09","17","3","0","0","0","0","0","1"
"POINT (11.534770109000021 48.140097738000065)","Unfall 71982 (2019) Kat:2, Licht: 0","71982","2","3","5","09","17","3","0","0","0","1","0","1"
"POINT (11.537004100000047 48.151398987000050)","Unfall 71986 (2019) Kat:3, Licht: 0","71986","3","6","2","09","07","3","0","0","0","1","0","0"
"POINT (11.593866373000026 48.085375410000040)","Unfall 72024 (2019) Kat:2, Licht: 2","72024","2","6","8","09","21","3","0","2","0","1","0","0"
"POINT (11.590031959000044 48.176772909000078)","Unfall 72036 (2019) Kat:3, Licht: 2","72036","3","3","5","09","00","2","0","2","1","1","0","0"
"POINT (11.539278210000077 48.110563640000066)","Unfall 72127 (2019) Kat:2, Licht: 2","72127","2","4","6","09","21","1","0","2","0","1","1","0"
"POINT (11.617172276000076 48.137090508000028)","Unfall 72132 (2019) Kat:3, Licht: 2","72132","3","3","5","09","20","1","0","2","1","1","0","0"
"POINT (11.456033593000029 48.150621680000029)","Unfall 72148 (2019) Kat:3, Licht: 0","72148","3","2","4","09","14","4","0","0","0","1","0","0"
"POINT (11.585067908000042 48.177827803000071)","Unfall 72154 (2019) Kat:3, Licht: 0","72154","3","2","5","09","12","4","0","0","1","1","0","0"
"POINT (11.639139053000065 48.215119363000042)","Unfall 72263 (2019) Kat:3, Licht: 0","72263","3","6","1","09","16","1","0","0","0","1","0","0"
"POINT (11.537425175000067 48.157780638000077)","Unfall 72268 (2019) Kat:3, Licht: 0","72268","3","6","2","09","13","7","0","0","0","1","0","0"
"POINT (11.597786607000046 48.173226654000075)","Unfall 72271 (2019) Kat:3, Licht: 0","72271","3","6","2","09","14","7","0","0","0","0","0","0"
"POINT (11.487690906000068 48.091765308000049)","Unfall 72276 (2019) Kat:3, Licht: 0","72276","3","6","3","09","13","4","0","0","0","1","0","0"
"POINT (11.467635996000070 48.123895541000081)","Unfall 72298 (2019) Kat:3, Licht: 0","72298","3","7","8","09","14","4","0","0","0","1","0","0"
"POINT (11.614076266000041 48.185571657000025)","Unfall 72310 (2019) Kat:3, Licht: 0","72310","3","6","3","09","15","3","0","0","0","1","0","0"
"POINT (11.476674067000033 48.088929255000039)","Unfall 72312 (2019) Kat:3, Licht: 0","72312","3","4","0","09","10","3","0","0","1","1","1","0"
"POINT (11.675605395000048 48.085101849000068)","Unfall 72391 (2019) Kat:2, Licht: 2","72391","2","4","6","09","23","7","0","2","0","1","1","0"
"POINT (11.484786685000074 48.210203615000069)","Unfall 72392 (2019) Kat:3, Licht: 2","72392","3","6","1","09","23","7","0","2","0","1","0","0"
"POINT (11.530386554000074 48.218575941000040)","Unfall 72393 (2019) Kat:3, Licht: 0","72393","3","6","3","09","07","7","1","0","0","0","0","1"
"POINT (11.456424269000024 48.164533802000051)","Unfall 72443 (2019) Kat:3, Licht: 0","72443","3","7","0","09","15","6","0","0","0","0","0","0"
"POINT (11.499974060000056 48.193174939000073)","Unfall 72445 (2019) Kat:2, Licht: 2","72445","2","7","6","09","23","6","1","2","1","0","1","0"
"POINT (11.567370440000047 48.101746127000069)","Unfall 72446 (2019) Kat:3, Licht: 2","72446","3","2","4","09","20","6","0","2","1","1","0","0"
"POINT (11.536881336000022 48.151522699000054)","Unfall 72447 (2019) Kat:3, Licht: 2","72447","3","6","2","09","18","6","0","2","0","1","0","0"
"POINT (11.683152921000044 48.118579723000039)","Unfall 72448 (2019) Kat:3, Licht: 0","72448","3","7","0","09","14","6","0","0","0","0","0","1"
"POINT (11.534729439000046 48.142737942000053)","Unfall 72449 (2019) Kat:3, Licht: 0","72449","3","6","2","09","12","6","0","0","0","1","0","0"
"POINT (11.621452606000048 48.106119841000066)","Unfall 72450 (2019) Kat:3, Licht: 0","72450","3","3","5","09","14","6","0","0","1","1","0","0"
"POINT (11.603928872000040 48.108531281000069)","Unfall 72451 (2019) Kat:3, Licht: 0","72451","3","2","5","09","17","6","0","0","1","0","0","0"
"POINT (11.537675636000074 48.161476884000081)","Unfall 72526 (2019) Kat:3, Licht: 1","72526","3","2","3","09","19","2","0","1","1","1","0","0"
"POINT (11.584451412000021 48.187627329000065)","Unfall 72529 (2019) Kat:3, Licht: 0","72529","3","2","3","09","16","2","0","0","1","1","0","0"
"POINT (11.628731659000039 48.219838100000061)","Unfall 72611 (2019) Kat:3, Licht: 0","72611","3","6","2","09","16","6","0","0","0","1","0","0"
"POINT (11.584369692000053 48.104732583000043)","Unfall 72621 (2019) Kat:3, Licht: 0","72621","3","4","2","09","10","5","0","0","0","1","1","0"
"POINT (11.539909404000070 48.107282568000073)","Unfall 72624 (2019) Kat:3, Licht: 2","72624","3","3","5","09","05","5","0","2","0","1","0","0"
"POINT (11.531787152000049 48.132182581000052)","Unfall 72658 (2019) Kat:2, Licht: 0","72658","2","6","2","09","15","1","0","0","0","1","0","1"
"POINT (11.518364264000070 48.120913798000061)","Unfall 72661 (2019) Kat:3, Licht: 2","72661","3","3","5","09","22","1","1","2","0","1","0","1"
"POINT (11.676662539000063 48.084207332000062)","Unfall 72782 (2019) Kat:3, Licht: 0","72782","3","2","4","10","12","2","1","0","0","1","0","0"
"POINT (11.487450949000049 48.086439468000037)","Unfall 72783 (2019) Kat:3, Licht: 0","72783","3","3","5","10","08","2","1","0","0","1","0","0"
"POINT (11.597761469000034 48.167777562000026)","Unfall 72785 (2019) Kat:3, Licht: 0","72785","3","6","2","10","14","2","1","0","0","1","0","0"
"POINT (11.530513665000058 48.187310827000033)","Unfall 72820 (2019) Kat:3, Licht: 0","72820","3","6","4","10","18","4","1","0","1","1","0","0"
"POINT (11.517329549000067 48.067518282000037)","Unfall 72822 (2019) Kat:3, Licht: 0","72822","3","6","2","10","15","4","0","0","0","1","0","0"
"POINT (11.478426549000062 48.145212173000061)","Unfall 72825 (2019) Kat:3, Licht: 1","72825","3","7","0","10","18","4","1","1","0","1","0","0"
"POINT (11.446603265000022 48.146009111000069)","Unfall 72827 (2019) Kat:3, Licht: 2","72827","3","3","5","10","19","4","1","2","1","1","0","0"
"POINT (11.394463202000054 48.149574283000049)","Unfall 72930 (2019) Kat:3, Licht: 0","72930","3","6","2","10","17","2","0","0","0","1","0","0"
"POINT (11.639780201000065 48.214775938000059)","Unfall 73024 (2019) Kat:3, Licht: 2","73024","3","6","2","10","20","1","1","2","0","1","0","0"
"POINT (11.540028497000037 48.225956016000055)","Unfall 73025 (2019) Kat:3, Licht: 2","73025","3","6","2","10","18","4","1","2","0","1","0","0"
"POINT (11.537078988000076 48.152913205000061)","Unfall 73034 (2019) Kat:3, Licht: 0","73034","3","6","2","10","13","7","0","0","0","1","0","0"
"POINT (11.479827045000036 48.145168323000064)","Unfall 73042 (2019) Kat:3, Licht: 0","73042","3","6","2","10","07","3","0","0","0","1","0","0"
"POINT (11.553309976000037 48.183700162000036)","Unfall 73044 (2019) Kat:3, Licht: 0","73044","3","6","2","10","15","3","0","0","0","1","0","0"
"POINT (11.516838142000040 48.115908425000043)","Unfall 73047 (2019) Kat:3, Licht: 2","73047","3","6","2","10","07","3","0","2","0","1","0","0"
"POINT (11.540978108000047 48.110966610000048)","Unfall 73105 (2019) Kat:2, Licht: 2","73105","2","1","9","10","22","6","1","2","1","0","0","0"
"POINT (11.585067302000027 48.177836780000064)","Unfall 73108 (2019) Kat:3, Licht: 0","73108","3","2","5","10","13","6","1","0","1","1","0","0"
"POINT (11.394524165000064 48.149746170000071)","Unfall 73245 (2019) Kat:3, Licht: 0","73245","3","6","2","10","10","6","0","0","0","1","0","0"
"POINT (11.476896339000064 48.145259189000058)","Unfall 73265 (2019) Kat:3, Licht: 0","73265","3","6","2","10","16","5","0","0","0","1","0","0"
"POINT (11.513888015000077 48.113293770000041)","Unfall 73266 (2019) Kat:2, Licht: 0","73266","2","3","5","10","16","5","1","0","0","1","0","1"
"POINT (11.562489558000038 48.092053145000079)","Unfall 73267 (2019) Kat:3, Licht: 0","73267","3","2","4","10","17","5","0","0","0","1","0","0"
"POINT (11.560331742000074 48.112611978000075)","Unfall 73269 (2019) Kat:3, Licht: 0","73269","3","6","2","10","16","5","1","0","0","1","0","0"
"POINT (11.523541904000069 48.109989000000041)","Unfall 73303 (2019) Kat:3, Licht: 0","73303","3","6","2","10","10","7","0","0","0","1","0","0"
"POINT (11.546783129000062 48.176167090000035)","Unfall 73308 (2019) Kat:2, Licht: 0","73308","2","6","3","10","11","7","0","0","0","1","0","1"
"POINT (11.603628998000033 48.108489282000050)","Unfall 73310 (2019) Kat:3, Licht: 0","73310","3","6","2","10","08","7","0","0","0","1","0","0"
"POINT (11.615754513000070 48.194127541000057)","Unfall 73375 (2019) Kat:3, Licht: 0","73375","3","6","2","10","17","5","0","0","0","1","0","0"
"POINT (11.485117659000025 48.211731560000032)","Unfall 73385 (2019) Kat:3, Licht: 2","73385","3","2","5","10","21","4","0","2","0","1","0","0"
"POINT (11.397110421000036 48.138115760000062)","Unfall 73525 (2019) Kat:2, Licht: 0","73525","2","6","3","10","15","7","0","0","0","1","0","1"
"POINT (11.646365119000052 48.210686277000036)","Unfall 73538 (2019) Kat:3, Licht: 0","73538","3","6","2","10","08","4","0","0","0","1","0","0"
"POINT (11.534620945000029 48.142913425000074)","Unfall 73541 (2019) Kat:3, Licht: 0","73541","3","7","0","10","09","3","0","0","0","0","0","0"
"POINT (11.567548040000077 48.176572175000047)","Unfall 73542 (2019) Kat:3, Licht: 2","73542","3","2","4","10","19","6","0","2","0","1","0","0"
"POINT (11.568203967000045 48.176769856000078)","Unfall 73543 (2019) Kat:3, Licht: 0","73543","3","6","2","10","07","3","0","0","0","1","0","0"
"POINT (11.498667096000077 48.143528985000046)","Unfall 73544 (2019) Kat:3, Licht: 1","73544","3","7","9","10","18","3","0","1","1","0","1","0"
"POINT (11.497833509000031 48.143606134000038)","Unfall 73547 (2019) Kat:3, Licht: 0","73547","3","5","1","10","14","6","0","0","1","1","0","0"
"POINT (11.540391364000072 48.186471790000041)","Unfall 73548 (2019) Kat:3, Licht: 0","73548","3","6","1","10","08","3","0","0","0","1","0","0"
"POINT (11.517747923000059 48.119222916000069)","Unfall 73549 (2019) Kat:3, Licht: 0","73549","3","3","5","10","07","3","0","0","1","1","0","0"
"POINT (11.540942363000056 48.184477481000044)","Unfall 73550 (2019) Kat:3, Licht: 0","73550","3","6","2","10","14","6","0","0","0","1","0","0"
"POINT (11.523731546000022 48.127425493000032)","Unfall 73569 (2019) Kat:3, Licht: 0","73569","3","6","1","10","16","6","0","0","0","1","0","0"
"POINT (11.471395688000030 48.123771807000026)","Unfall 73708 (2019) Kat:3, Licht: 0","73708","3","6","2","10","08","3","0","0","0","1","0","0"
"POINT (11.597145774000069 48.180231249000030)","Unfall 73722 (2019) Kat:3, Licht: 2","73722","3","6","2","10","18","3","0","2","0","1","0","0"
"POINT (11.503466856000045 48.143272534000062)","Unfall 73731 (2019) Kat:2, Licht: 0","73731","2","2","0","10","14","2","0","0","1","0","0","0"
"POINT (11.512364449000074 48.142097189000026)","Unfall 73733 (2019) Kat:3, Licht: 0","73733","3","2","5","10","16","2","0","0","0","1","0","0"
"POINT (11.610611522000056 48.154673344000059)","Unfall 73736 (2019) Kat:2, Licht: 0","73736","2","6","3","10","08","2","0","0","1","0","0","0"
"POINT (11.476765923000073 48.145263512000042)","Unfall 73739 (2019) Kat:3, Licht: 0","73739","3","2","5","10","17","2","0","0","1","1","0","0"
"POINT (11.600647745000060 48.182999957000050)","Unfall 73826 (2019) Kat:3, Licht: 2","73826","3","6","2","10","19","5","0","2","0","1","0","0"
"POINT (11.612171506000038 48.110304449000068)","Unfall 73842 (2019) Kat:3, Licht: 2","73842","3","4","6","10","19","4","0","2","0","1","1","0"
"POINT (11.615325011000039 48.130982554000070)","Unfall 73843 (2019) Kat:3, Licht: 0","73843","3","2","5","10","13","4","0","0","1","1","0","0"
"POINT (11.584826770000063 48.177323288000025)","Unfall 73845 (2019) Kat:3, Licht: 0","73845","3","2","5","10","14","4","0","0","1","1","0","0"
"POINT (11.579544679000037 48.108371785000031)","Unfall 73847 (2019) Kat:3, Licht: 0","73847","3","6","2","10","17","4","0","0","0","1","0","0"
"POINT (11.398338904000070 48.138716552000062)","Unfall 73848 (2019) Kat:3, Licht: 0","73848","3","6","1","10","15","4","0","0","0","1","0","0"
"POINT (11.528151018000074 48.140365792000068)","Unfall 73852 (2019) Kat:3, Licht: 1","73852","3","2","3","10","17","4","0","1","1","1","0","0"
"POINT (11.410032123000065 48.164326373000051)","Unfall 73983 (2019) Kat:3, Licht: 2","73983","3","6","2","10","15","2","0","2","0","1","0","0"
"POINT (11.517779351000058 48.124056429000063)","Unfall 73985 (2019) Kat:3, Licht: 0","73985","3","6","2","10","10","2","0","0","0","1","0","0"
"POINT (11.644154546000038 48.212039089000029)","Unfall 73992 (2019) Kat:3, Licht: 0","73992","3","6","3","10","08","2","0","0","0","1","0","0"
"POINT (11.492316530000039 48.080264171000067)","Unfall 74004 (2019) Kat:3, Licht: 0","74004","3","3","4","10","14","1","0","0","0","0","0","1"
"POINT (11.457213851000063 48.142654171000061)","Unfall 74007 (2019) Kat:3, Licht: 1","74007","3","7","8","10","18","1","0","1","0","1","0","0"
"POINT (11.455618607000076 48.150300784000081)","Unfall 74013 (2019) Kat:3, Licht: 0","74013","3","4","6","10","17","3","0","0","0","0","1","1"
"POINT (11.540651788000048 48.186511761000077)","Unfall 74014 (2019) Kat:3, Licht: 0","74014","3","6","3","10","16","3","0","0","0","1","0","0"
"POINT (11.566906536000033 48.100974920000056)","Unfall 74018 (2019) Kat:3, Licht: 0","74018","3","3","5","10","14","3","0","0","0","1","0","1"
"POINT (11.394880345000047 48.142570513000067)","Unfall 74113 (2019) Kat:3, Licht: 0","74113","3","6","2","10","14","6","0","0","0","1","0","0"
"POINT (11.609516270000029 48.185789668000041)","Unfall 74261 (2019) Kat:3, Licht: 0","74261","3","6","1","10","15","6","0","0","0","1","0","0"
"POINT (11.523664638000071 48.127380409000068)","Unfall 74272 (2019) Kat:3, Licht: 2","74272","3","6","1","10","22","5","0","2","0","1","0","0"
"POINT (11.654259610000054 48.124847399000032)","Unfall 74273 (2019) Kat:2, Licht: 2","74273","2","2","4","10","19","5","0","2","0","0","0","1"
"POINT (11.513845017000051 48.220127988000058)","Unfall 74334 (2019) Kat:3, Licht: 0","74334","3","6","2","10","06","2","0","0","0","1","0","0"
"POINT (11.635536003000027 48.218010031000063)","Unfall 74337 (2019) Kat:3, Licht: 2","74337","3","6","2","10","18","7","0","2","0","1","0","0"
"POINT (11.620705743000030 48.122382327000025)","Unfall 74430 (2019) Kat:3, Licht: 0","74430","3","6","2","10","08","4","0","0","0","1","0","0"
"POINT (11.584976505000043 48.198625968000044)","Unfall 74433 (2019) Kat:3, Licht: 0","74433","3","7","0","10","14","4","0","0","1","0","0","0"
"POINT (11.540031091000060 48.107276257000080)","Unfall 74437 (2019) Kat:3, Licht: 0","74437","3","6","2","10","07","4","0","0","0","1","0","0"
"POINT (11.600648214000046 48.160578907000058)","Unfall 74456 (2019) Kat:3, Licht: 1","74456","3","3","5","10","17","7","1","1","0","1","0","0"
"POINT (11.452389842000059 48.146790587000055)","Unfall 74596 (2019) Kat:3, Licht: 1","74596","3","6","0","10","06","3","0","1","0","1","0","0"
"POINT (11.526089115000048 48.077615332000050)","Unfall 74599 (2019) Kat:3, Licht: 0","74599","3","2","5","10","15","3","0","0","1","1","0","0"
"POINT (11.552366980000045 48.112301573000082)","Unfall 74601 (2019) Kat:2, Licht: 2","74601","2","6","3","10","15","3","0","2","0","1","0","0"
"POINT (11.479307894000044 48.088644406000071)","Unfall 74603 (2019) Kat:3, Licht: 0","74603","3","2","6","10","14","3","0","0","0","1","1","0"
"POINT (11.618644478000022 48.109135042000048)","Unfall 74605 (2019) Kat:3, Licht: 0","74605","3","6","3","10","09","3","0","0","1","1","0","0"
"POINT (11.610911546000068 48.186097326000038)","Unfall 74639 (2019) Kat:2, Licht: 0","74639","2","2","5","10","07","6","0","0","1","0","0","0"
"POINT (11.504172988000050 48.125830994000069)","Unfall 74761 (2019) Kat:3, Licht: 2","74761","3","6","2","10","21","3","0","2","0","1","0","0"
"POINT (11.619405772000050 48.201583938000056)","Unfall 74780 (2019) Kat:3, Licht: 1","74780","3","6","2","10","07","3","0","1","0","1","0","0"
"POINT (11.456100738000032 48.150655174000065)","Unfall 74784 (2019) Kat:3, Licht: 0","74784","3","2","0","10","17","2","0","0","0","1","0","1"
"POINT (11.497046836000038 48.193836622000049)","Unfall 74786 (2019) Kat:3, Licht: 2","74786","3","6","2","10","06","2","0","2","0","1","0","0"
"POINT (11.615758480000068 48.194135652000057)","Unfall 74790 (2019) Kat:3, Licht: 2","74790","3","6","2","10","19","7","0","2","0","1","0","0"
"POINT (11.615692057000047 48.193653436000034)","Unfall 74868 (2019) Kat:3, Licht: 0","74868","3","1","8","10","15","3","0","0","0","1","0","0"
"POINT (11.512618561000068 48.142068800000061)","Unfall 74874 (2019) Kat:3, Licht: 0","74874","3","7","0","10","13","2","1","0","0","1","0","1"
"POINT (11.602719831000059 48.178448769000056)","Unfall 74875 (2019) Kat:3, Licht: 2","74875","3","2","5","10","17","2","0","2","1","1","0","0"
"POINT (11.442225717000042 48.149085835000051)","Unfall 74876 (2019) Kat:3, Licht: 0","74876","3","4","6","10","11","2","1","0","0","1","1","0"
"POINT (11.587114995000036 48.210607093000078)","Unfall 74877 (2019) Kat:3, Licht: 1","74877","3","6","2","10","06","2","1","1","0","1","0","0"