WKT,Name,OBJECTID,UKATEGORIE,UTYP1,UART,UMONAT,USTUNDE,UWOCHENTAG,STRZUSTAND,ULICHTVERH,ISTRAD,ISTPKW,ISTFUSS,ISTKRAD
"POINT (11.584348078000062 48.195719882000049)","Unfall 74897 (2019) Kat:3, Licht: 2","74897","3","2","5","10","19","3","0","2","0","1","0","0"
"POINT (11.475163179000049 48.209731461000047)","Unfall 74932 (2019) Kat:3, Licht: 2","74932","3","6","3","10","19","2","0","2","0","1","0","0"
"POINT (11.476235970000062 48.145281160000081)","Unfall 74939 (2019) Kat:2, Licht: 0","74939","2","3","5","10","10","1","0","0","0","1","0","1"
"POINT (11.584298236000052 48.188169476000041)","Unfall 74941 (2019) Kat:3, Licht: 0","74941","3","6","2","10","13","1","0","0","0","1","0","0"
"POINT (11.708553492000021 48.142751036000050)","Unfall 75011 (2019) Kat:3, Licht: 0","75011","3","3","5","10","12","7","0","0","0","1","0","0"
"POINT (11.698299051000049 48.140047714000048)","Unfall 75013 (2019) Kat:3, Licht: 0","75013","3","6","2","10","09","7","0","0","0","1","0","0"
"POINT (11.549486771000034 48.176262877000056)","Unfall 75074 (2019) Kat:3, Licht: 0","75074","3","3","5","10","13","3","0","0","0","1","0","0"
"POINT (11.604093726000031 48.108553958000073)","Unfall 75117 (2019) Kat:3, Licht: 2","75117","3","3","5","11","19","7","0","2","0","1","0","0"
"POINT (11.455570898000076 48.150239875000068)","Unfall 75198 (2019) Kat:3, Licht: 0","75198","3","7","3","11","16","6","0","0","0","1","0","1"
"POINT (11.584848948000058 48.198106929000062)","Unfall 75239 (2019) Kat:3, Licht: 0","75239","3","6","2","10","14","5","0","0","0","1","0","0"
"POINT (11.399812636000036 48.139160972000070)","Unfall 75242 (2019) Kat:2, Licht: 0","75242","2","1","9","10","13","5","0","0","0","1","0","0"
"POINT (11.620233608000035 48.120352510000032)","Unfall 75333 (2019) Kat:3, Licht: 0","75333","3","3","4","10","14","4","0","0","0","1","0","0"
"POINT (11.598133694000069 48.107304298000031)","Unfall 75334 (2019) Kat:2, Licht: 0","75334","2","1","8","10","08","4","1","0","1","0","0","0"
"POINT (11.593002530000035 48.175732823000033)","Unfall 75361 (2019) Kat:3, Licht: 2","75361","3","6","2","10","06","4","0","2","0","1","0","0"
"POINT (11.596621530000050 48.163104248000081)","Unfall 75377 (2019) Kat:3, Licht: 0","75377","3","6","2","11","14","1","1","0","0","1","0","0"
"POINT (11.616105759000050 48.130935791000070)","Unfall 75390 (2019) Kat:3, Licht: 2","75390","3","3","5","10","20","3","1","2","0","1","0","0"
"POINT (11.580383275000031 48.106898147000038)","Unfall 75407 (2019) Kat:3, Licht: 0","75407","3","2","3","11","07","5","0","0","1","0","0","0"
"POINT (11.487033132000022 48.209091408000063)","Unfall 75408 (2019) Kat:3, Licht: 0","75408","3","6","2","11","08","5","0","0","0","1","0","0"
"POINT (11.518020217000071 48.119869511000047)","Unfall 75414 (2019) Kat:3, Licht: 2","75414","3","6","2","11","17","4","0","2","0","1","0","0"
"POINT (11.598738461000039 48.107429073000048)","Unfall 75415 (2019) Kat:3, Licht: 0","75415","3","3","5","11","10","4","0","0","1","1","0","0"
"POINT (11.464151443000048 48.209170601000039)","Unfall 75416 (2019) Kat:3, Licht: 0","75416","3","6","4","11","07","4","1","0","0","1","0","0"
"POINT (11.610969582000052 48.186152677000052)","Unfall 75418 (2019) Kat:3, Licht: 1","75418","3","2","5","11","06","4","0","1","0","1","0","0"
"POINT (11.646029771000030 48.210739563000061)","Unfall 75512 (2019) Kat:3, Licht: 0","75512","3","6","3","11","09","4","0","0","0","1","0","0"
"POINT (11.649059443000056 48.105554962000042)","Unfall 75516 (2019) Kat:3, Licht: 2","75516","3","6","2","11","18","3","0","2","0","1","0","0"
"POINT (11.584352608000074 48.187602705000074)","Unfall 75517 (2019) Kat:3, Licht: 0","75517","3","6","2","11","15","3","0","0","0","1","0","0"
"POINT (11.525469020000060 48.140585012000031)","Unfall 75520 (2019) Kat:3, Licht: 0","75520","3","6","0","11","07","3","1","0","0","1","0","1"
"POINT (11.512364449000074 48.142097189000026)","Unfall 75539 (2019) Kat:3, Licht: 0","75539","3","2","5","11","11","5","0","0","0","1","0","0"
"POINT (11.392760241000076 48.146143652000035)","Unfall 75599 (2019) Kat:3, Licht: 0","75599","3","6","3","11","13","2","0","0","0","1","0","0"
"POINT (11.648813865000022 48.083536890000062)","Unfall 75602 (2019) Kat:3, Licht: 0","75602","3","3","5","11","10","2","0","0","0","1","0","0"
"POINT (11.535722732000067 48.186938853000072)","Unfall 75603 (2019) Kat:3, Licht: 0","75603","3","6","3","11","15","5","0","0","0","1","0","0"
"POINT (11.528151018000074 48.140365792000068)","Unfall 75719 (2019) Kat:3, Licht: 2","75719","3","2","5","11","17","2","0","2","1","1","0","0"
"POINT (11.595109775000026 48.174592410000059)","Unfall 75721 (2019) Kat:3, Licht: 2","75721","3","6","2","11","19","2","0","2","0","1","0","0"
"POINT (11.524456482000062 48.076335111000049)","Unfall 75727 (2019) Kat:3, Licht: 0","75727","3","2","6","11","11","3","0","0","0","1","1","0"
"POINT (11.575343036000049 48.109971941000026)","Unfall 75739 (2019) Kat:3, Licht: 0","75739","3","5","1","11","09","3","0","0","1","1","0","0"
"POINT (11.620226885000022 48.120336217000045)","Unfall 75743 (2019) Kat:3, Licht: 2","75743","3","2","5","11","00","3","1","2","1","1","0","0"
"POINT (11.518425550000075 48.120753663000073)","Unfall 75752 (2019) Kat:3, Licht: 2","75752","3","6","2","11","09","3","0","2","0","1","0","0"
"POINT (11.499889609000036 48.101433060000033)","Unfall 75795 (2019) Kat:3, Licht: 0","75795","3","6","2","11","08","2","0","0","0","1","0","0"
"POINT (11.493179385000076 48.210214394000047)","Unfall 75817 (2019) Kat:3, Licht: 0","75817","3","6","2","11","12","2","0","0","0","1","0","0"
"POINT (11.558942234000028 48.112523875000079)","Unfall 75821 (2019) Kat:3, Licht: 2","75821","3","6","2","11","16","1","0","2","0","1","0","0"
"POINT (11.578205492000052 48.177710706000028)","Unfall 75872 (2019) Kat:3, Licht: 2","75872","3","6","1","11","13","7","0","2","0","1","0","0"
"POINT (11.624892671000055 48.212141071000076)","Unfall 75912 (2019) Kat:3, Licht: 2","75912","3","6","2","11","18","4","1","2","0","1","0","0"
"POINT (11.617723809000040 48.111550755000053)","Unfall 75950 (2019) Kat:3, Licht: 0","75950","3","2","3","11","13","6","1","0","0","1","0","1"
"POINT (11.536649926000052 48.148506566000037)","Unfall 75952 (2019) Kat:3, Licht: 2","75952","3","5","1","11","17","6","1","2","0","1","0","0"
"POINT (11.487325785000053 48.206299851000040)","Unfall 75953 (2019) Kat:3, Licht: 0","75953","3","6","2","11","16","6","0","0","0","1","0","0"
"POINT (11.665088543000024 48.121313791000034)","Unfall 75955 (2019) Kat:3, Licht: 0","75955","3","6","2","11","12","6","1","0","0","1","0","0"
"POINT (11.409051083000065 48.140750455000045)","Unfall 75958 (2019) Kat:3, Licht: 2","75958","3","6","2","11","18","6","0","2","0","1","0","0"
"POINT (11.666321108000034 48.120786868000039)","Unfall 75959 (2019) Kat:2, Licht: 0","75959","2","6","0","11","14","6","1","0","0","0","0","1"
"POINT (11.400669982000068 48.156661693000046)","Unfall 75988 (2019) Kat:3, Licht: 0","75988","3","6","2","11","12","4","0","0","0","1","0","0"
"POINT (11.510397360000070 48.218727286000046)","Unfall 76004 (2019) Kat:2, Licht: 2","76004","2","6","2","11","06","4","1","2","0","1","0","0"
"POINT (11.680627886000025 48.137523406000071)","Unfall 76067 (2019) Kat:3, Licht: 2","76067","3","6","2","11","18","3","0","2","0","1","0","0"
"POINT (11.678907396000056 48.137318676000064)","Unfall 76071 (2019) Kat:3, Licht: 0","76071","3","6","2","11","07","3","1","0","0","1","0","0"
"POINT (11.547550868000030 48.176160398000036)","Unfall 76109 (2019) Kat:3, Licht: 0","76109","3","6","1","11","08","3","0","0","0","1","0","0"
"POINT (11.599525572000061 48.170346858000073)","Unfall 76130 (2019) Kat:3, Licht: 2","76130","3","6","2","11","18","3","0","2","0","1","0","0"
"POINT (11.536433433000070 48.146366513000032)","Unfall 76154 (2019) Kat:3, Licht: 2","76154","3","3","5","11","05","6","0","2","1","1","0","0"
"POINT (11.637361930000054 48.237406460000045)","Unfall 76171 (2019) Kat:3, Licht: 2","76171","3","6","2","11","17","3","0","2","0","1","0","0"
"POINT (11.512349035000057 48.142098906000058)","Unfall 76189 (2019) Kat:3, Licht: 2","76189","3","3","5","11","20","2","0","2","0","1","0","0"
"POINT (11.430868684000075 48.143817255000044)","Unfall 76191 (2019) Kat:3, Licht: 0","76191","3","3","5","11","14","2","0","0","0","1","0","1"
"POINT (11.546470934000070 48.176169809000044)","Unfall 76194 (2019) Kat:3, Licht: 0","76194","3","6","3","11","13","2","0","0","0","1","0","1"
"POINT (11.667773140000065 48.120312467000076)","Unfall 76215 (2019) Kat:3, Licht: 0","76215","3","6","2","11","08","3","0","0","0","1","0","0"
"POINT (11.547403281000072 48.071561978000034)","Unfall 76304 (2019) Kat:3, Licht: 0","76304","3","2","5","11","08","5","0","0","1","1","0","0"
"POINT (11.488353056000051 48.086435822000055)","Unfall 76307 (2019) Kat:3, Licht: 0","76307","3","6","2","11","10","5","0","0","0","1","0","0"
"POINT (11.538321113000052 48.110595570000044)","Unfall 76310 (2019) Kat:3, Licht: 1","76310","3","6","2","11","18","5","0","1","0","1","0","0"
"POINT (11.502385131000040 48.112065445000042)","Unfall 76311 (2019) Kat:3, Licht: 0","76311","3","2","5","11","15","5","0","0","0","1","0","0"
"POINT (11.590267560000029 48.091586018000044)","Unfall 76347 (2019) Kat:3, Licht: 0","76347","3","6","2","11","10","2","0","0","0","1","0","0"
"POINT (11.603844693000042 48.108519491000038)","Unfall 76454 (2019) Kat:2, Licht: 2","76454","2","4","6","11","17","7","0","2","0","1","1","0"
"POINT (11.583942673000024 48.193364205000080)","Unfall 76457 (2019) Kat:2, Licht: 0","76457","2","2","3","11","11","7","0","0","0","1","0","1"
"POINT (11.471769126000027 48.145854176000057)","Unfall 76461 (2019) Kat:3, Licht: 0","76461","3","1","2","11","15","4","0","0","0","1","0","0"
"POINT (11.534478215000036 48.140926058000048)","Unfall 76462 (2019) Kat:3, Licht: 0","76462","3","6","2","11","09","4","1","0","0","1","0","0"
"POINT (11.456406578000042 48.150845264000054)","Unfall 76466 (2019) Kat:3, Licht: 0","76466","3","6","2","11","07","3","0","0","0","1","0","0"
"POINT (11.657772671000032 48.138368414000070)","Unfall 76539 (2019) Kat:3, Licht: 0","76539","3","3","5","11","11","6","0","0","0","1","0","0"
"POINT (11.530172200000038 48.140235493000034)","Unfall 76544 (2019) Kat:3, Licht: 2","76544","3","4","6","11","23","6","0","2","0","1","1","0"
"POINT (11.414698122000061 48.141571497000029)","Unfall 76559 (2019) Kat:3, Licht: 2","76559","3","6","1","11","23","7","0","2","0","1","1","0"
"POINT (11.550360471000033 48.188981008000042)","Unfall 76662 (2019) Kat:3, Licht: 2","76662","3","6","2","11","18","3","0","2","0","1","0","0"
"POINT (11.555052843000055 48.176210616000049)","Unfall 76664 (2019) Kat:3, Licht: 1","76664","3","1","1","11","06","3","0","1","0","0","0","1"
"POINT (11.615823411000065 48.151284547000046)","Unfall 76668 (2019) Kat:3, Licht: 0","76668","3","6","3","11","14","3","0","0","0","1","0","0"
"POINT (11.532725641000070 48.187166230000059)","Unfall 76676 (2019) Kat:3, Licht: 1","76676","3","6","3","11","15","5","0","1","0","1","0","1"
"POINT (11.501093735000040 48.143219710000039)","Unfall 76751 (2019) Kat:3, Licht: 0","76751","3","6","3","11","13","7","0","0","0","1","0","0"
"POINT (11.492107477000047 48.200861705000079)","Unfall 76865 (2019) Kat:3, Licht: 0","76865","3","6","2","11","07","2","1","0","0","1","0","1"
"POINT (11.581432533000054 48.105752154000072)","Unfall 76868 (2019) Kat:3, Licht: 0","76868","3","2","5","11","10","4","0","0","1","1","0","0"
"POINT (11.589982493000036 48.176791537000042)","Unfall 76873 (2019) Kat:3, Licht: 0","76873","3","3","5","11","09","4","0","0","1","0","0","0"
"POINT (11.539651817000049 48.092237524000041)","Unfall 76875 (2019) Kat:3, Licht: 2","76875","3","6","1","11","20","4","0","2","0","1","0","1"
"POINT (11.608053063000057 48.109044395000069)","Unfall 76955 (2019) Kat:3, Licht: 0","76955","3","6","1","11","11","1","0","0","0","1","0","0"
"POINT (11.613570226000036 48.189879003000044)","Unfall 76964 (2019) Kat:3, Licht: 2","76964","3","6","2","12","18","1","0","2","0","1","0","0"
"POINT (11.644918361000066 48.126002348000043)","Unfall 76967 (2019) Kat:3, Licht: 0","76967","3","3","5","11","10","7","1","0","0","1","0","0"
"POINT (11.620223443000043 48.120327873000065)","Unfall 76969 (2019) Kat:3, Licht: 0","76969","3","2","3","11","13","7","0","0","1","1","0","0"
"POINT (11.513339868000060 48.108255781000025)","Unfall 77003 (2019) Kat:3, Licht: 2","77003","3","6","3","11","00","7","1","2","0","1","0","0"
"POINT (11.620626470000047 48.124659406000035)","Unfall 77015 (2019) Kat:3, Licht: 0","77015","3","3","5","11","15","6","1","0","1","1","0","0"
"POINT (11.687698873000045 48.118068602000051)","Unfall 77018 (2019) Kat:3, Licht: 0","77018","3","6","3","11","14","6","0","0","0","1","0","0"
"POINT (11.445361601000059 48.148471361000077)","Unfall 77019 (2019) Kat:3, Licht: 2","77019","3","2","5","11","18","6","1","2","0","1","0","0"
"POINT (11.460659393000071 48.176527334000070)","Unfall 77022 (2019) Kat:3, Licht: 1","77022","3","4","6","11","15","6","1","1","0","1","1","0"
"POINT (11.601791163000030 48.159222911000029)","Unfall 77024 (2019) Kat:3, Licht: 1","77024","3","7","9","11","16","6","1","1","0","1","0","0"
"POINT (11.518800685000031 48.141292366000073)","Unfall 77026 (2019) Kat:3, Licht: 2","77026","3","7","0","11","19","6","1","2","0","1","0","0"
"POINT (11.517523581000034 48.124090570000078)","Unfall 77052 (2019) Kat:3, Licht: 0","77052","3","6","2","12","13","4","0","0","0","1","0","0"
"POINT (11.410032123000065 48.164326373000051)","Unfall 77056 (2019) Kat:2, Licht: 1","77056","2","6","2","12","07","4","0","1","0","1","0","0"
"POINT (11.625846623000029 48.129255274000059)","Unfall 77067 (2019) Kat:3, Licht: 0","77067","3","5","1","12","08","3","0","0","0","1","0","0"
"POINT (11.469782305000024 48.209706617000052)","Unfall 77189 (2019) Kat:2, Licht: 0","77189","2","6","3","11","11","6","0","0","0","1","0","0"
"POINT (11.485517747000074 48.209167297000079)","Unfall 77197 (2019) Kat:3, Licht: 2","77197","3","6","3","12","18","3","0","2","0","1","0","0"
"POINT (11.631412029000046 48.138662609000050)","Unfall 77204 (2019) Kat:3, Licht: 2","77204","3","6","2","11","17","6","1","2","0","1","0","0"
"POINT (11.566771691000042 48.100996718000033)","Unfall 77206 (2019) Kat:3, Licht: 0","77206","3","2","5","12","10","2","1","0","0","1","1","0"
"POINT (11.487550146000046 48.209466398000075)","Unfall 77207 (2019) Kat:3, Licht: 2","77207","3","6","1","11","06","6","1","2","0","1","0","0"
"POINT (11.604843470000048 48.156943704000071)","Unfall 77210 (2019) Kat:3, Licht: 2","77210","3","6","2","12","22","2","0","2","0","1","0","0"
"POINT (11.527269062000073 48.140423158000033)","Unfall 77211 (2019) Kat:3, Licht: 1","77211","3","7","5","11","15","5","0","1","0","1","0","0"
"POINT (11.476185742000041 48.115395197000055)","Unfall 77213 (2019) Kat:3, Licht: 0","77213","3","7","0","12","11","2","0","0","0","0","0","0"
"POINT (11.545529941000041 48.176305722000052)","Unfall 77216 (2019) Kat:3, Licht: 0","77216","3","6","2","11","13","5","0","0","0","1","0","0"
"POINT (11.608277586000042 48.183510422000040)","Unfall 77217 (2019) Kat:3, Licht: 2","77217","3","6","3","11","16","5","0","2","0","1","0","0"
"POINT (11.471799289000046 48.209715662000065)","Unfall 77341 (2019) Kat:3, Licht: 2","77341","3","6","3","11","16","5","1","2","0","1","0","0"
"POINT (11.598693197000046 48.181643018000045)","Unfall 77350 (2019) Kat:3, Licht: 2","77350","3","6","2","11","17","5","1","2","0","1","0","0"
"POINT (11.624803931000031 48.092410354000037)","Unfall 77358 (2019) Kat:3, Licht: 0","77358","3","3","5","11","12","4","1","0","1","1","0","0"
"POINT (11.496889951000071 48.143694061000076)","Unfall 77359 (2019) Kat:3, Licht: 0","77359","3","2","5","11","15","4","0","0","0","1","0","0"
"POINT (11.603361952000057 48.108453390000079)","Unfall 77387 (2019) Kat:3, Licht: 2","77387","3","6","2","12","19","1","0","2","0","1","0","0"
"POINT (11.649022085000070 48.139325334000034)","Unfall 77540 (2019) Kat:3, Licht: 2","77540","3","6","2","12","01","4","0","2","0","1","0","0"
"POINT (11.501902521000034 48.193029329000069)","Unfall 77546 (2019) Kat:3, Licht: 2","77546","3","6","2","12","17","3","0","2","0","1","0","0"
"POINT (11.537341818000073 48.151583545000051)","Unfall 77549 (2019) Kat:3, Licht: 1","77549","3","2","5","12","07","3","0","1","1","1","0","0"
"POINT (11.502936546000058 48.142969485000037)","Unfall 77550 (2019) Kat:3, Licht: 0","77550","3","3","5","12","15","3","0","0","0","1","0","0"
"POINT (11.626061826000068 48.101003147000029)","Unfall 77587 (2019) Kat:2, Licht: 0","77587","2","2","5","12","14","6","0","0","0","1","0","0"
"POINT (11.513901073000056 48.113203982000073)","Unfall 77589 (2019) Kat:3, Licht: 2","77589","3","3","5","12","18","6","1","2","0","1","0","0"
"POINT (11.560452849000058 48.176117043000033)","Unfall 77591 (2019) Kat:3, Licht: 0","77591","3","6","3","12","16","6","0","0","0","1","0","0"
"POINT (11.478967678000060 48.145195663000038)","Unfall 77593 (2019) Kat:3, Licht: 2","77593","3","7","2","12","16","6","0","2","0","1","0","0"
"POINT (11.615254024000023 48.111806421000040)","Unfall 77728 (2019) Kat:3, Licht: 2","77728","3","6","2","12","06","6","1","2","0","1","0","0"
"POINT (11.430420233000063 48.182373945000052)","Unfall 77757 (2019) Kat:3, Licht: 2","77757","3","1","9","12","01","6","1","2","0","1","0","0"
"POINT (11.456298603000050 48.150900526000044)","Unfall 77909 (2019) Kat:3, Licht: 2","77909","3","6","2","12","18","4","0","2","0","1","0","0"
"POINT (11.414894046000029 48.160061996000081)","Unfall 77913 (2019) Kat:3, Licht: 0","77913","3","2","6","12","14","4","0","0","0","1","1","0"
"POINT (11.673650102000067 48.137463695000065)","Unfall 77930 (2019) Kat:3, Licht: 0","77930","3","6","2","12","07","2","0","0","0","1","0","0"
"POINT (11.621600425000054 48.224532697000029)","Unfall 77932 (2019) Kat:3, Licht: 0","77932","3","6","3","12","14","2","0","0","0","1","0","0"
"POINT (11.526680430000056 48.129290185000059)","Unfall 77937 (2019) Kat:3, Licht: 0","77937","3","6","2","12","14","1","0","0","0","1","0","0"
"POINT (11.683757501000059 48.118479779000040)","Unfall 77940 (2019) Kat:3, Licht: 0","77940","3","1","5","12","13","1","0","0","1","1","0","0"
"POINT (11.541298153000071 48.100762484000029)","Unfall 77943 (2019) Kat:3, Licht: 0","77943","3","3","5","12","14","1","0","0","1","0","0","0"
"POINT (11.510183509000058 48.106655822000050)","Unfall 78003 (2019) Kat:3, Licht: 1","78003","3","6","1","12","16","1","0","1","0","1","0","0"
"POINT (11.490798891000054 48.209661639000046)","Unfall 78034 (2019) Kat:3, Licht: 2","78034","3","6","2","12","16","3","0","2","0","1","0","0"
"POINT (11.644755062000058 48.126117093000062)","Unfall 78059 (2019) Kat:3, Licht: 0","78059","3","2","4","12","08","2","0","0","1","1","0","0"
"POINT (11.644755062000058 48.126117093000062)","Unfall 78096 (2019) Kat:3, Licht: 0","78096","3","2","6","12","07","7","1","0","0","1","1","0"
"POINT (11.627908148000074 48.222580595000068)","Unfall 78103 (2019) Kat:2, Licht: 2","78103","2","1","9","12","06","1","1","2","0","1","0","0"
"POINT (11.666206420000037 48.138743608000027)","Unfall 78143 (2019) Kat:3, Licht: 1","78143","3","6","2","12","07","3","0","1","0","1","0","0"
"POINT (11.569713274000037 48.111549208000042)","Unfall 78207 (2019) Kat:3, Licht: 2","78207","3","3","5","12","07","7","0","2","0","1","0","0"
"POINT (11.635722016000045 48.127172816000041)","Unfall 78217 (2019) Kat:3, Licht: 2","78217","3","4","6","12","07","6","0","2","0","1","1","0"
"POINT (11.627382351000051 48.217508964000046)","Unfall 78247 (2019) Kat:3, Licht: 2","78247","3","6","3","12","07","3","0","2","0","1","0","0"
"POINT (11.589186705000031 48.177333082000075)","Unfall 78271 (2019) Kat:3, Licht: 1","78271","3","3","5","12","05","5","1","1","0","1","0","0"
"POINT (11.417942943000071 48.142025175000072)","Unfall 78274 (2019) Kat:3, Licht: 2","78274","3","6","2","12","16","2","0","2","0","1","0","0"
"POINT (11.649802660000034 48.095453241000030)","Unfall 78275 (2019) Kat:3, Licht: 2","78275","3","3","5","12","16","5","0","2","0","1","0","0"
"POINT (11.491580028000044 48.201470881000034)","Unfall 78276 (2019) Kat:3, Licht: 2","78276","3","2","5","12","06","5","1","2","0","1","0","0"
"POINT (11.480838355000060 48.209748384000079)","Unfall 78278 (2019) Kat:3, Licht: 2","78278","3","3","2","12","19","5","0","2","0","1","0","0"
"POINT (11.615722783000024 48.194062672000030)","Unfall 78298 (2019) Kat:3, Licht: 1","78298","3","6","2","12","18","4","0","1","0","1","0","0"
"POINT (11.562695557000040 48.092028045000063)","Unfall 78314 (2019) Kat:3, Licht: 0","78314","3","2","4","12","12","7","0","0","0","1","0","0"
"POINT (11.436679998000045 48.144631321000077)","Unfall 78467 (2019) Kat:3, Licht: 2","78467","3","6","1","12","17","1","0","2","0","1","0","0"
"POINT (11.503537319000031 48.142910181000047)","Unfall 78491 (2019) Kat:2, Licht: 1","78491","2","3","5","12","16","6","0","1","1","1","0","0"
"POINT (11.479262000000062 48.123679688000038)","Unfall 78493 (2019) Kat:3, Licht: 2","78493","3","6","2","12","17","5","0","2","0","1","0","0"
"POINT (11.620523850000041 48.130111115000034)","Unfall 78521 (2019) Kat:3, Licht: 0","78521","3","2","3","12","07","4","1","0","1","1","0","0"
"POINT (11.648752433000027 48.083596780000050)","Unfall 78525 (2019) Kat:3, Licht: 0","78525","3","2","2","12","09","4","0","0","0","1","0","0"
"POINT (11.624285209000050 48.104088277000074)","Unfall 78532 (2019) Kat:3, Licht: 2","78532","3","2","5","12","17","4","1","2","1","1","0","0"
"POINT (11.406416712000066 48.140300048000029)","Unfall 78566 (2019) Kat:3, Licht: 0","78566","3","6","2","12","14","4","0","0","0","1","0","0"
"POINT (11.635263351000049 48.174253645000078)","Unfall 78571 (2019) Kat:3, Licht: 0","78571","3","6","2","12","14","4","0","0","0","1","0","0"
"POINT (11.532923909000033 48.140055909000068)","Unfall 78578 (2019) Kat:3, Licht: 0","78578","3","6","2","12","15","2","0","0","0","1","0","0"
"POINT (11.546470934000070 48.176169809000044)","Unfall 78638 (2019) Kat:3, Licht: 2","78638","3","6","3","12","20","7","0","2","0","1","0","0"
"POINT (11.510800155000027 48.125010210000028)","Unfall 78787 (2019) Kat:3, Licht: 2","78787","3","6","2","12","18","7","1","2","0","1","0","0"
"POINT (11.628893688000062 48.219984473000068)","Unfall 78794 (2019) Kat:2, Licht: 0","78794","2","6","3","12","15","7","1","0","0","1","0","0"
"POINT (11.481353541000033 48.114978378000046)","Unfall 78798 (2019) Kat:2, Licht: 1","78798","2","6","2","12","16","6","0","1","0","1","0","0"
"POINT (11.602731928000026 48.178305617000035)","Unfall 78799 (2019) Kat:3, Licht: 0","78799","3","6","2","12","15","6","0","0","1","0","0","0"
"POINT (11.596326915000077 48.106714432000047)","Unfall 78801 (2019) Kat:3, Licht: 0","78801","3","3","5","12","17","6","0","0","0","1","0","0"
"POINT (11.606009810000046 48.108785147000049)","Unfall 78802 (2019) Kat:3, Licht: 2","78802","3","6","1","12","16","6","0","2","0","1","0","0"
"POINT (11.523023251000041 48.110147803000075)","Unfall 78803 (2019) Kat:3, Licht: 0","78803","3","1","9","12","14","6","0","0","0","1","0","0"
"POINT (11.422359996000068 48.142640771000060)","Unfall 78805 (2019) Kat:3, Licht: 0","78805","3","3","5","12","12","6","0","0","0","1","0","1"
"POINT (11.631412029000046 48.138662609000050)","Unfall 78917 (2019) Kat:3, Licht: 2","78917","3","6","2","12","21","6","0","2","0","1","0","0"
"POINT (11.517853038000055 48.069602010000040)","Unfall 78918 (2019) Kat:3, Licht: 0","78918","3","6","3","12","15","5","0","0","0","1","0","1"
"POINT (11.620310555000060 48.120559414000070)","Unfall 79022 (2019) Kat:3, Licht: 0","79022","3","2","3","12","11","7","0","0","1","1","0","0"
"POINT (11.644167980000077 48.212030082000069)","Unfall 79102 (2019) Kat:3, Licht: 1","79102","3","6","3","12","07","6","1","1","0","1","0","0"
"POINT (11.504548769000053 48.125636089000068)","Unfall 79131 (2019) Kat:3, Licht: 0","79131","3","6","2","12","12","5","0","0","0","1","0","0"
"POINT (11.565275749000023 48.113264806000075)","Unfall 79132 (2019) Kat:3, Licht: 0","79132","3","3","5","12","14","4","0","0","1","1","0","0"
"POINT (11.452498785000046 48.204495108000060)","Unfall 79168 (2019) Kat:2, Licht: 2","79168","2","7","2","12","18","4","1","2","0","1","0","0"
"POINT (11.584599065000077 48.184337870000036)","Unfall 79211 (2019) Kat:3, Licht: 2","79211","3","2","0","12","16","2","1","2","0","1","0","0"
"POINT (11.518856562000053 48.141284491000079)","Unfall 79212 (2019) Kat:3, Licht: 1","79212","3","6","0","12","16","2","1","1","0","0","0","0"
"POINT (11.639721450000025 48.116968056000076)","Unfall 202617 (2019) Kat:3, Licht: 2","202617","3","6","2","01","18","4","2","2","0","1","0","0"
"POINT (11.597581060000039 48.102774753000062)","Unfall 202619 (2019) Kat:3, Licht: 1","202619","3","1","2","01","17","4","2","1","0","1","0","0"
"POINT (11.560449753000057 48.152207951000037)","Unfall 202620 (2019) Kat:3, Licht: 2","202620","3","2","0","01","19","4","2","2","1","0","0","0"
"POINT (11.502597853000054 48.125591384000074)","Unfall 202621 (2019) Kat:3, Licht: 0","202621","3","3","5","01","10","4","1","0","0","1","0","0"
"POINT (11.591588256000023 48.178067205000048)","Unfall 202624 (2019) Kat:3, Licht: 2","202624","3","1","1","01","18","4","1","2","0","1","0","0"
"POINT (11.524469655000075 48.135597996000058)","Unfall 202625 (2019) Kat:2, Licht: 0","202625","2","2","5","01","10","4","0","0","1","0","0","0"
"POINT (11.404680466000059 48.179242065000039)","Unfall 202627 (2019) Kat:2, Licht: 1","202627","2","1","4","01","17","4","1","1","0","1","0","0"
"POINT (11.566349526000067 48.187245225000026)","Unfall 202628 (2019) Kat:3, Licht: 0","202628","3","6","2","01","15","4","1","0","0","1","0","0"
"POINT (11.518832892000034 48.141706645000056)","Unfall 202631 (2019) Kat:3, Licht: 2","202631","3","6","2","01","18","4","2","2","0","1","0","0"
"POINT (11.608613583000022 48.117881648000036)","Unfall 202632 (2019) Kat:3, Licht: 2","202632","3","6","1","01","19","4","2","2","0","1","0","0"
"POINT (11.573632852000060 48.170041120000064)","Unfall 202635 (2019) Kat:3, Licht: 1","202635","3","1","2","01","19","4","2","1","0","1","0","0"
"POINT (11.636769952000066 48.217173656000057)","Unfall 202709 (2019) Kat:3, Licht: 2","202709","3","6","3","01","19","4","2","2","0","1","0","0"
"POINT (11.567244718000040 48.123253527000031)","Unfall 202715 (2019) Kat:3, Licht: 2","202715","3","4","6","01","03","3","1","2","0","1","1","0"
"POINT (11.582313747000057 48.130999630000076)","Unfall 202716 (2019) Kat:3, Licht: 2","202716","3","2","4","01","06","3","1","2","0","1","0","0"
"POINT (11.487840600000027 48.216119987000070)","Unfall 202719 (2019) Kat:3, Licht: 1","202719","3","7","0","01","15","3","0","1","0","0","0","0"
"POINT (11.648770793000040 48.129974905000040)","Unfall 202805 (2019) Kat:3, Licht: 0","202805","3","2","4","01","11","5","2","0","0","1","0","0"
"POINT (11.671138132000067 48.121475300000043)","Unfall 202806 (2019) Kat:3, Licht: 2","202806","3","2","4","01","06","5","2","2","0","1","0","0"