WKT,Name,OBJECTID,UKATEGORIE,UTYP1,UART,UMONAT,USTUNDE,UWOCHENTAG,STRZUSTAND,ULICHTVERH,ISTRAD,ISTPKW,ISTFUSS,ISTKRAD
"POINT (11.693965112000058 48.113136673000042)","Unfall 202807 (2019) Kat:3, Licht: 0","202807","3","4","6","01","07","5","2","0","0","1","1","0"
"POINT (11.553151349000075 48.161030293000067)","Unfall 202809 (2019) Kat:3, Licht: 0","202809","3","3","5","01","14","5","1","0","0","1","0","0"
"POINT (11.526668300000040 48.134123533000036)","Unfall 202810 (2019) Kat:3, Licht: 2","202810","3","6","2","01","16","5","2","2","0","1","0","0"
"POINT (11.657703455000046 48.129970233000051)","Unfall 202811 (2019) Kat:3, Licht: 1","202811","3","6","2","01","07","5","2","1","0","1","0","0"
"POINT (11.673599516000024 48.111132572000031)","Unfall 202812 (2019) Kat:3, Licht: 0","202812","3","4","6","01","15","5","1","0","0","1","1","0"
"POINT (11.588496959000054 48.115399497000055)","Unfall 202839 (2019) Kat:3, Licht: 2","202839","3","3","6","01","05","4","2","2","0","1","1","0"
"POINT (11.576821262000067 48.112732836000077)","Unfall 202840 (2019) Kat:3, Licht: 2","202840","3","7","0","01","16","4","1","2","0","1","0","0"
"POINT (11.576284573000066 48.127822476000063)","Unfall 202841 (2019) Kat:3, Licht: 2","202841","3","2","6","01","22","4","2","2","0","1","1","0"
"POINT (11.516312641000070 48.165555119000032)","Unfall 202842 (2019) Kat:3, Licht: 0","202842","3","3","5","01","14","4","1","0","0","1","0","0"
"POINT (11.578537816000050 48.154268040000034)","Unfall 202843 (2019) Kat:3, Licht: 0","202843","3","6","0","01","09","4","2","0","1","1","0","0"
"POINT (11.602579909000042 48.187033642000074)","Unfall 202844 (2019) Kat:3, Licht: 2","202844","3","3","8","01","21","4","2","2","0","1","0","0"
"POINT (11.544874428000071 48.127771638000070)","Unfall 202845 (2019) Kat:3, Licht: 0","202845","3","3","5","01","12","4","1","0","0","1","0","0"
"POINT (11.531499580000059 48.117853174000061)","Unfall 202884 (2019) Kat:3, Licht: 1","202884","3","3","5","01","16","3","1","1","0","1","0","0"
"POINT (11.460697703000051 48.148800735000066)","Unfall 202885 (2019) Kat:3, Licht: 2","202885","3","6","3","01","18","3","1","2","0","1","0","0"
"POINT (11.509380893000071 48.179483040000036)","Unfall 202886 (2019) Kat:2, Licht: 2","202886","2","7","6","01","06","3","1","2","0","1","1","0"
"POINT (11.529945816000065 48.154316208000068)","Unfall 202887 (2019) Kat:3, Licht: 0","202887","3","3","5","01","12","3","0","0","1","1","0","0"
"POINT (11.589011385000049 48.124852000000033)","Unfall 202888 (2019) Kat:3, Licht: 2","202888","3","2","4","01","06","3","1","2","1","1","0","0"
"POINT (11.543503904000033 48.157407358000057)","Unfall 202913 (2019) Kat:3, Licht: 1","202913","3","2","5","01","07","2","1","1","0","1","0","0"
"POINT (11.555362569000067 48.128106799000079)","Unfall 202914 (2019) Kat:3, Licht: 2","202914","3","5","6","01","18","2","1","2","0","1","1","0"
"POINT (11.597297207000054 48.126547992000042)","Unfall 202915 (2019) Kat:3, Licht: 2","202915","3","2","4","01","17","2","1","2","1","1","0","0"
"POINT (11.573287080000057 48.151022850000061)","Unfall 202916 (2019) Kat:3, Licht: 0","202916","3","2","2","01","10","2","1","0","0","1","0","0"
"POINT (11.584993829000041 48.099316624000039)","Unfall 202917 (2019) Kat:3, Licht: 1","202917","3","6","2","01","16","2","1","1","0","1","0","0"
"POINT (11.534092880000060 48.110844214000053)","Unfall 202951 (2019) Kat:3, Licht: 0","202951","3","3","5","01","09","7","2","0","0","1","0","0"
"POINT (11.636458789000073 48.104616421000060)","Unfall 202952 (2019) Kat:3, Licht: 0","202952","3","6","5","01","13","7","2","0","0","1","0","0"
"POINT (11.461063247000027 48.146628472000032)","Unfall 202953 (2019) Kat:3, Licht: 2","202953","3","1","0","01","17","7","2","2","1","0","0","0"
"POINT (11.434176836000063 48.164615236000031)","Unfall 202954 (2019) Kat:3, Licht: 0","202954","3","7","6","01","11","7","2","0","0","1","1","0"
"POINT (11.538574262000054 48.112048238000057)","Unfall 202970 (2019) Kat:3, Licht: 2","202970","3","1","0","01","01","6","0","2","0","0","0","1"
"POINT (11.597361551000063 48.149795606000055)","Unfall 202971 (2019) Kat:3, Licht: 0","202971","3","4","6","01","15","6","1","0","0","0","1","0"
"POINT (11.583783742000037 48.171013288000040)","Unfall 202972 (2019) Kat:3, Licht: 0","202972","3","1","0","01","15","6","2","0","1","0","0","0"
"POINT (11.564736644000050 48.165631500000075)","Unfall 202973 (2019) Kat:3, Licht: 0","202973","3","6","3","01","13","6","2","0","1","0","0","0"
"POINT (11.548328084000048 48.104519964000076)","Unfall 202974 (2019) Kat:3, Licht: 0","202974","3","3","5","01","12","6","1","0","0","1","0","0"
"POINT (11.636459583000033 48.172128545000078)","Unfall 202975 (2019) Kat:3, Licht: 0","202975","3","2","5","01","15","6","1","0","0","1","0","0"
"POINT (11.558540429000061 48.150231121000047)","Unfall 203000 (2019) Kat:3, Licht: 2","203000","3","4","6","01","19","5","0","2","0","1","1","0"
"POINT (11.581698077000055 48.152318657000080)","Unfall 203001 (2019) Kat:3, Licht: 0","203001","3","6","1","01","08","5","2","0","0","1","0","0"
"POINT (11.612084675000062 48.128907730000037)","Unfall 203002 (2019) Kat:3, Licht: 2","203002","3","1","0","01","18","5","2","2","1","0","0","0"
"POINT (11.527163072000064 48.136978286000044)","Unfall 203003 (2019) Kat:3, Licht: 0","203003","3","3","5","01","13","5","0","0","0","1","0","0"
"POINT (11.595589859000029 48.136334731000034)","Unfall 203034 (2019) Kat:3, Licht: 0","203034","3","6","4","01","13","6","0","0","1","0","0","0"
"POINT (11.586465198000042 48.133686766000039)","Unfall 203035 (2019) Kat:3, Licht: 0","203035","3","6","2","01","13","6","0","0","0","1","0","0"
"POINT (11.459034795000036 48.146090699000069)","Unfall 203036 (2019) Kat:3, Licht: 0","203036","3","4","6","01","14","6","2","0","0","1","1","0"
"POINT (11.507511819000058 48.116070930000035)","Unfall 203037 (2019) Kat:3, Licht: 0","203037","3","6","4","01","08","6","1","0","1","1","0","0"
"POINT (11.533445112000038 48.153042507000066)","Unfall 203038 (2019) Kat:3, Licht: 0","203038","3","3","5","01","14","6","0","0","1","1","0","0"
"POINT (11.621646525000074 48.148593468000058)","Unfall 203039 (2019) Kat:3, Licht: 0","203039","3","6","3","01","16","6","0","0","0","1","0","0"
"POINT (11.533680095000022 48.115978846000075)","Unfall 203080 (2019) Kat:3, Licht: 0","203080","3","3","5","01","09","5","0","0","0","1","0","0"
"POINT (11.521238263000043 48.175712270000076)","Unfall 203081 (2019) Kat:3, Licht: 2","203081","3","2","2","01","16","5","1","2","0","1","0","0"
"POINT (11.520283490000054 48.150263148000079)","Unfall 203082 (2019) Kat:3, Licht: 2","203082","3","2","6","01","18","5","0","2","0","1","1","0"
"POINT (11.534770038000033 48.140044880000062)","Unfall 203084 (2019) Kat:2, Licht: 0","203084","2","3","0","01","14","5","0","0","0","1","0","0"
"POINT (11.531764912000028 48.178699983000058)","Unfall 203085 (2019) Kat:3, Licht: 2","203085","3","3","6","01","17","5","0","2","0","1","1","0"
"POINT (11.476899657000047 48.113367716000027)","Unfall 203086 (2019) Kat:3, Licht: 1","203086","3","7","4","01","17","5","0","1","0","1","0","0"
"POINT (11.713377741000045 48.139074505000053)","Unfall 203087 (2019) Kat:3, Licht: 0","203087","3","3","5","01","10","5","0","0","0","1","0","0"
"POINT (11.569902760000048 48.111492139000063)","Unfall 203088 (2019) Kat:3, Licht: 0","203088","3","3","5","01","13","5","0","0","0","1","0","0"
"POINT (11.544420504000072 48.126742549000028)","Unfall 203089 (2019) Kat:3, Licht: 0","203089","3","6","3","01","08","5","0","0","1","0","0","0"
"POINT (11.566424277000067 48.133384224000054)","Unfall 203090 (2019) Kat:3, Licht: 2","203090","3","3","5","01","01","5","0","2","0","1","0","0"
"POINT (11.560957614000074 48.140308962000063)","Unfall 203119 (2019) Kat:3, Licht: 0","203119","3","4","6","01","14","4","1","0","0","0","1","0"
"POINT (11.475013540000077 48.156135745000029)","Unfall 203120 (2019) Kat:3, Licht: 0","203120","3","1","0","01","13","4","2","0","1","0","0","0"
"POINT (11.632162084000072 48.131437752000068)","Unfall 203121 (2019) Kat:3, Licht: 2","203121","3","4","6","01","18","4","1","2","0","1","1","0"
"POINT (11.561374318000048 48.125259014000051)","Unfall 203122 (2019) Kat:2, Licht: 0","203122","2","7","0","01","15","4","0","0","0","0","1","0"
"POINT (11.690549752000038 48.133451283000056)","Unfall 203123 (2019) Kat:3, Licht: 2","203123","3","2","4","01","20","4","0","2","0","1","0","0"
"POINT (11.660052787000041 48.132761180000045)","Unfall 203124 (2019) Kat:2, Licht: 0","203124","2","4","6","01","10","4","0","0","0","1","1","0"
"POINT (11.566784528000028 48.167731851000042)","Unfall 203125 (2019) Kat:3, Licht: 2","203125","3","2","6","01","18","4","1","2","0","1","1","0"
"POINT (11.571625601000051 48.207357912000077)","Unfall 203127 (2019) Kat:3, Licht: 0","203127","3","3","5","01","15","4","1","0","1","1","0","0"
"POINT (11.544982514000026 48.169838297000069)","Unfall 203128 (2019) Kat:3, Licht: 2","203128","3","6","6","01","19","4","0","2","1","0","1","0"
"POINT (11.536672218000035 48.151810991000048)","Unfall 203129 (2019) Kat:3, Licht: 2","203129","3","2","5","01","18","4","1","2","0","1","0","0"
"POINT (11.539395950000028 48.225889956000060)","Unfall 203156 (2019) Kat:3, Licht: 0","203156","3","6","3","01","11","4","0","0","0","1","0","0"
"POINT (11.634566597000060 48.127202814000043)","Unfall 203162 (2019) Kat:3, Licht: 2","203162","3","2","5","01","18","3","1","2","1","1","0","0"
"POINT (11.645975637000049 48.100941924000040)","Unfall 203182 (2019) Kat:3, Licht: 2","203182","3","2","5","01","18","6","2","2","0","1","0","0"
"POINT (11.540819232000047 48.161779646000070)","Unfall 203198 (2019) Kat:3, Licht: 2","203198","3","4","6","01","06","2","1","2","0","1","1","0"
"POINT (11.503988591000052 48.186365067000054)","Unfall 203199 (2019) Kat:3, Licht: 1","203199","3","2","6","01","16","2","1","1","0","1","1","0"
"POINT (11.502715814000055 48.128802655000072)","Unfall 203200 (2019) Kat:3, Licht: 2","203200","3","6","2","01","18","2","1","2","0","1","0","0"
"POINT (11.549561104000077 48.145883075000029)","Unfall 203202 (2019) Kat:3, Licht: 0","203202","3","2","3","01","15","2","1","0","1","1","0","0"
"POINT (11.586329193000040 48.160998333000066)","Unfall 203203 (2019) Kat:3, Licht: 2","203203","3","7","0","01","19","2","1","2","1","1","0","0"
"POINT (11.610204158000045 48.132530094000060)","Unfall 203204 (2019) Kat:3, Licht: 2","203204","3","7","5","01","06","2","1","2","1","1","0","0"
"POINT (11.463602931000025 48.164773859000036)","Unfall 203205 (2019) Kat:3, Licht: 0","203205","3","6","3","01","07","2","1","0","0","1","0","0"
"POINT (11.535472030000051 48.116913960000034)","Unfall 203237 (2019) Kat:3, Licht: 2","203237","3","5","1","01","00","1","2","2","0","0","0","0"
"POINT (11.578166612000075 48.134459329000038)","Unfall 203238 (2019) Kat:3, Licht: 2","203238","3","5","1","01","21","1","1","2","0","1","0","0"
"POINT (11.568916990000048 48.132740318000060)","Unfall 203240 (2019) Kat:3, Licht: 0","203240","3","7","0","01","12","1","1","0","0","1","0","0"
"POINT (11.564586614000063 48.128502775000072)","Unfall 203258 (2019) Kat:3, Licht: 2","203258","3","7","0","01","22","6","1","2","0","1","0","1"
"POINT (11.581951305000075 48.098336680000045)","Unfall 203261 (2019) Kat:3, Licht: 2","203261","3","3","5","01","22","6","1","2","0","1","0","0"
"POINT (11.471191482000052 48.145521377000080)","Unfall 203263 (2019) Kat:3, Licht: 0","203263","3","3","6","01","12","6","1","0","0","1","1","0"
"POINT (11.574630908000074 48.145529161000070)","Unfall 203264 (2019) Kat:3, Licht: 2","203264","3","2","0","01","18","7","0","2","0","1","0","0"
"POINT (11.545156863000045 48.150131207000072)","Unfall 203278 (2019) Kat:3, Licht: 0","203278","3","7","0","01","13","6","0","0","1","0","0","0"
"POINT (11.584147178000023 48.135854871000049)","Unfall 203283 (2019) Kat:3, Licht: 0","203283","3","3","5","01","09","6","0","0","1","1","0","0"
"POINT (11.594511861000058 48.118232919000036)","Unfall 203284 (2019) Kat:3, Licht: 2","203284","3","6","4","01","16","6","1","2","0","1","0","0"
"POINT (11.555900526000073 48.137474386000065)","Unfall 203286 (2019) Kat:3, Licht: 1","203286","3","2","2","01","16","1","0","1","0","1","0","0"
"POINT (11.566503228000045 48.123440398000071)","Unfall 203318 (2019) Kat:3, Licht: 0","203318","3","2","3","01","11","6","1","0","1","0","0","0"
"POINT (11.502996050000036 48.126019090000057)","Unfall 203319 (2019) Kat:3, Licht: 2","203319","3","6","1","01","17","6","0","2","0","1","0","0"
"POINT (11.526708052000060 48.134094536000077)","Unfall 203320 (2019) Kat:3, Licht: 0","203320","3","6","2","01","12","6","0","0","0","1","0","0"
"POINT (11.540167153000027 48.116433833000031)","Unfall 203321 (2019) Kat:3, Licht: 0","203321","3","6","2","01","15","6","0","0","0","1","0","0"
"POINT (11.561453200000074 48.151908035000076)","Unfall 203322 (2019) Kat:3, Licht: 0","203322","3","6","2","01","12","6","1","0","1","1","0","0"
"POINT (11.548654586000055 48.112210870000069)","Unfall 203368 (2019) Kat:3, Licht: 2","203368","3","2","6","01","07","5","0","2","0","1","1","0"
"POINT (11.620934117000047 48.196774916000038)","Unfall 203369 (2019) Kat:3, Licht: 0","203369","3","6","1","01","17","5","1","0","0","1","0","0"
"POINT (11.588564621000046 48.122156979000067)","Unfall 203370 (2019) Kat:3, Licht: 0","203370","3","2","3","01","08","5","0","0","1","0","0","0"
"POINT (11.490349926000022 48.165361481000048)","Unfall 203399 (2019) Kat:3, Licht: 2","203399","3","2","4","01","18","4","1","2","1","1","0","0"
"POINT (11.440716787000042 48.169720992000066)","Unfall 203401 (2019) Kat:3, Licht: 0","203401","3","2","5","01","08","4","1","0","0","1","0","0"
"POINT (11.557014194000033 48.186336080000046)","Unfall 203402 (2019) Kat:3, Licht: 1","203402","3","6","2","01","07","4","0","1","0","1","0","0"
"POINT (11.479087619000040 48.123285054000064)","Unfall 203403 (2019) Kat:3, Licht: 0","203403","3","3","5","01","16","4","0","0","0","1","0","0"
"POINT (11.580867429000023 48.135522745000060)","Unfall 203404 (2019) Kat:3, Licht: 0","203404","3","4","0","01","13","4","0","0","0","1","0","0"
"POINT (11.563693946000058 48.204672369000036)","Unfall 203406 (2019) Kat:3, Licht: 2","203406","3","3","5","01","06","4","0","2","1","1","0","0"
"POINT (11.571582904000024 48.128953059000025)","Unfall 203407 (2019) Kat:3, Licht: 0","203407","3","5","3","01","07","4","0","0","1","0","0","0"
"POINT (11.583919802000025 48.145435920000068)","Unfall 203408 (2019) Kat:3, Licht: 0","203408","3","6","4","01","14","4","0","0","1","0","0","0"
"POINT (11.569736558000045 48.131981426000038)","Unfall 203409 (2019) Kat:3, Licht: 0","203409","3","6","0","01","12","4","0","0","1","0","0","0"
"POINT (11.510493084000075 48.180214744000068)","Unfall 203435 (2019) Kat:3, Licht: 0","203435","3","3","5","01","16","3","1","0","1","1","0","0"
"POINT (11.574046488000022 48.157648327000061)","Unfall 203436 (2019) Kat:3, Licht: 0","203436","3","3","5","01","13","3","0","0","1","1","0","0"
"POINT (11.663825500000030 48.134546749000037)","Unfall 203437 (2019) Kat:3, Licht: 0","203437","3","2","4","01","11","3","1","0","0","1","0","0"
"POINT (11.561815767000041 48.125063258000068)","Unfall 203438 (2019) Kat:3, Licht: 2","203438","3","3","5","01","22","3","0","2","0","1","0","0"
"POINT (11.570233233000067 48.134109045000059)","Unfall 203439 (2019) Kat:3, Licht: 0","203439","3","2","4","01","12","3","0","0","1","1","0","0"
"POINT (11.621260064000069 48.207078200000069)","Unfall 203440 (2019) Kat:3, Licht: 0","203440","3","1","8","01","14","3","1","0","0","1","0","0"
"POINT (11.549525993000032 48.147958137000046)","Unfall 203441 (2019) Kat:3, Licht: 1","203441","3","2","4","01","06","3","0","1","1","1","0","0"
"POINT (11.531949824000037 48.082284640000069)","Unfall 203442 (2019) Kat:2, Licht: 2","203442","2","2","6","01","18","3","1","2","0","1","1","0"
"POINT (11.548258328000031 48.118350609000061)","Unfall 203443 (2019) Kat:2, Licht: 0","203443","2","2","5","01","14","3","0","0","1","1","0","0"
"POINT (11.529935881000029 48.102556237000044)","Unfall 203472 (2019) Kat:3, Licht: 2","203472","3","2","6","01","17","2","1","2","0","1","1","0"
"POINT (11.584547605000068 48.205813400000068)","Unfall 203475 (2019) Kat:3, Licht: 0","203475","3","4","6","01","16","2","0","0","0","1","1","0"
"POINT (11.502488457000027 48.116459669000051)","Unfall 203476 (2019) Kat:3, Licht: 0","203476","3","7","0","01","08","2","0","0","0","0","1","0"
"POINT (11.568884260000061 48.160292492000053)","Unfall 203477 (2019) Kat:3, Licht: 2","203477","3","3","5","01","06","2","2","2","0","1","0","0"
"POINT (11.556177484000045 48.186390900000049)","Unfall 203529 (2019) Kat:3, Licht: 0","203529","3","6","2","01","10","7","1","0","0","1","0","0"
"POINT (11.576627862000066 48.147589523000079)","Unfall 203530 (2019) Kat:2, Licht: 0","203530","2","2","6","01","13","7","0","0","0","1","1","0"
"POINT (11.671411446000036 48.122063822000030)","Unfall 203531 (2019) Kat:3, Licht: 0","203531","3","2","4","01","11","7","1","0","0","1","0","0"
"POINT (11.502344133000065 48.116191228000048)","Unfall 203532 (2019) Kat:2, Licht: 2","203532","2","7","6","01","19","7","0","2","0","1","1","0"
"POINT (11.606056604000059 48.120925633000070)","Unfall 203533 (2019) Kat:2, Licht: 0","203533","2","2","3","01","13","7","0","0","1","1","0","0"
"POINT (11.525935565000054 48.116407730000049)","Unfall 203535 (2019) Kat:3, Licht: 2","203535","3","6","1","01","23","7","0","2","0","1","0","0"
"POINT (11.565123621000055 48.132600311000033)","Unfall 203536 (2019) Kat:3, Licht: 0","203536","3","2","5","01","16","7","0","0","1","1","0","0"
"POINT (11.579636080000057 48.167110184000080)","Unfall 203537 (2019) Kat:3, Licht: 2","203537","3","7","0","01","19","7","1","2","1","1","0","0"
"POINT (11.573281968000060 48.143176653000069)","Unfall 203538 (2019) Kat:3, Licht: 2","203538","3","2","6","01","22","7","0","2","0","1","1","0"
"POINT (11.543708703000050 48.118370230000039)","Unfall 203545 (2019) Kat:3, Licht: 0","203545","3","3","5","02","08","1","2","0","0","1","0","0"
"POINT (11.586223152000059 48.165142466000077)","Unfall 203546 (2019) Kat:3, Licht: 2","203546","3","5","1","02","22","1","2","2","0","1","0","0"
"POINT (11.551315939000062 48.186112920000028)","Unfall 203547 (2019) Kat:3, Licht: 2","203547","3","7","9","02","05","1","1","2","0","1","0","0"
"POINT (11.519367181000064 48.143214044000047)","Unfall 203548 (2019) Kat:3, Licht: 0","203548","3","4","6","02","15","1","2","0","0","1","1","0"
"POINT (11.584137612000063 48.144153003000042)","Unfall 203549 (2019) Kat:3, Licht: 2","203549","3","7","0","02","23","1","2","2","0","1","0","0"
"POINT (11.657075525000039 48.098566099000038)","Unfall 203579 (2019) Kat:3, Licht: 0","203579","3","2","4","02","11","7","1","0","0","1","0","0"
"POINT (11.557529067000075 48.143495939000047)","Unfall 203580 (2019) Kat:3, Licht: 2","203580","3","6","2","02","18","7","0","2","0","1","0","0"
"POINT (11.497093339000060 48.091512539000064)","Unfall 203603 (2019) Kat:3, Licht: 0","203603","3","3","5","02","12","6","2","0","1","1","0","0"
"POINT (11.552587913000025 48.134855967000078)","Unfall 203604 (2019) Kat:3, Licht: 0","203604","3","3","5","02","09","6","0","0","1","1","0","0"
"POINT (11.520220856000037 48.146531262000053)","Unfall 203605 (2019) Kat:3, Licht: 1","203605","3","2","5","02","17","6","0","1","1","1","0","0"
"POINT (11.578880236000032 48.116048149000051)","Unfall 203606 (2019) Kat:3, Licht: 0","203606","3","3","5","02","10","6","0","0","1","1","0","0"
"POINT (11.522664667000072 48.175639957000044)","Unfall 203607 (2019) Kat:3, Licht: 0","203607","3","2","5","02","14","6","0","0","1","1","0","0"
"POINT (11.565893030000041 48.156800893000081)","Unfall 203608 (2019) Kat:3, Licht: 2","203608","3","3","5","02","19","6","0","2","1","1","0","0"
"POINT (11.608766980000041 48.195019723000030)","Unfall 203609 (2019) Kat:3, Licht: 2","203609","3","3","5","02","18","6","0","2","1","1","0","0"
"POINT (11.696985712000071 48.139029373000028)","Unfall 203611 (2019) Kat:3, Licht: 2","203611","3","7","6","02","19","6","0","2","0","0","1","0"
"POINT (11.609732317000066 48.100788767000040)","Unfall 203612 (2019) Kat:3, Licht: 2","203612","3","5","1","02","19","6","2","2","0","1","0","0"
"POINT (11.560235602000034 48.142569911000066)","Unfall 203640 (2019) Kat:3, Licht: 2","203640","3","3","6","01","22","5","0","2","0","1","1","0"
"POINT (11.567510270000071 48.177492329000074)","Unfall 203641 (2019) Kat:3, Licht: 2","203641","3","3","5","01","18","5","0","2","1","1","0","0"
"POINT (11.627182396000023 48.162413171000026)","Unfall 203643 (2019) Kat:3, Licht: 1","203643","3","6","2","01","16","5","1","1","0","1","0","0"
"POINT (11.647928356000023 48.162389739000048)","Unfall 203644 (2019) Kat:3, Licht: 0","203644","3","3","5","01","08","5","0","0","1","1","0","0"
"POINT (11.601774088000070 48.148902580000026)","Unfall 203645 (2019) Kat:3, Licht: 0","203645","3","4","6","01","15","5","0","0","1","1","1","0"
"POINT (11.567207967000058 48.110177513000053)","Unfall 203646 (2019) Kat:3, Licht: 0","203646","3","7","0","01","12","5","0","0","0","0","1","0"
"POINT (11.595430782000051 48.145277280000073)","Unfall 203688 (2019) Kat:3, Licht: 0","203688","3","3","5","01","12","4","1","0","0","1","0","0"
"POINT (11.567618252000045 48.131858700000066)","Unfall 203689 (2019) Kat:3, Licht: 0","203689","3","2","5","01","07","4","0","0","1","1","0","0"
"POINT (11.519555747000027 48.139325744000075)","Unfall 203690 (2019) Kat:3, Licht: 0","203690","3","7","1","01","08","4","0","0","0","1","0","0"
"POINT (11.602309607000052 48.186858035000057)","Unfall 203691 (2019) Kat:3, Licht: 0","203691","3","7","0","01","09","4","0","0","0","1","0","0"
"POINT (11.564601505000041 48.136572226000055)","Unfall 203721 (2019) Kat:3, Licht: 2","203721","3","6","2","01","20","3","0","2","0","1","0","0"
"POINT (11.574447050000060 48.157651001000033)","Unfall 203722 (2019) Kat:3, Licht: 2","203722","3","3","5","01","22","3","0","2","0","1","0","0"
"POINT (11.573958015000073 48.117944554000076)","Unfall 203723 (2019) Kat:3, Licht: 0","203723","3","2","5","01","12","3","1","0","1","1","0","0"
"POINT (11.560235602000034 48.142569911000066)","Unfall 203724 (2019) Kat:3, Licht: 0","203724","3","4","6","01","10","3","0","0","0","1","1","0"
"POINT (11.529505222000068 48.182051531000070)","Unfall 203727 (2019) Kat:3, Licht: 1","203727","3","2","5","01","17","3","0","1","1","0","0","0"
"POINT (11.600093641000058 48.125870741000028)","Unfall 203751 (2019) Kat:3, Licht: 2","203751","3","7","6","01","20","2","1","2","0","1","1","0"
"POINT (11.565453353000066 48.148327746000064)","Unfall 203753 (2019) Kat:2, Licht: 2","203753","2","2","6","01","18","2","1","2","0","1","1","0"
"POINT (11.516851393000024 48.178358686000081)","Unfall 203754 (2019) Kat:3, Licht: 2","203754","3","3","5","01","23","2","1","2","0","1","0","0"
"POINT (11.555946916000039 48.138832314000069)","Unfall 203755 (2019) Kat:3, Licht: 2","203755","3","4","6","01","20","2","0","2","0","0","1","0"
"POINT (11.558457535000059 48.126181337000048)","Unfall 203756 (2019) Kat:3, Licht: 0","203756","3","2","6","01","12","2","1","0","0","1","1","0"
"POINT (11.593269022000072 48.201768897000079)","Unfall 203818 (2019) Kat:2, Licht: 2","203818","2","2","6","02","19","1","1","2","0","0","1","0"
"POINT (11.579524198000058 48.129447009000046)","Unfall 203819 (2019) Kat:3, Licht: 1","203819","3","6","1","02","17","1","0","1","0","1","0","0"
"POINT (11.504427010000029 48.185535789000028)","Unfall 203820 (2019) Kat:3, Licht: 0","203820","3","3","5","02","09","2","1","0","1","1","0","0"
"POINT (11.517947426000035 48.139029979000043)","Unfall 203821 (2019) Kat:3, Licht: 2","203821","3","5","1","02","03","1","0","2","0","1","0","0"
"POINT (11.525618387000065 48.116297122000049)","Unfall 203822 (2019) Kat:2, Licht: 0","203822","2","4","6","02","13","1","0","0","1","0","1","0"
"POINT (11.574872188000029 48.135310856000046)","Unfall 203837 (2019) Kat:3, Licht: 0","203837","3","4","0","02","14","7","0","0","1","0","1","0"
"POINT (11.690608757000064 48.112509134000049)","Unfall 203838 (2019) Kat:3, Licht: 0","203838","3","3","5","02","13","7","0","0","0","1","0","0"
"POINT (11.577137960000073 48.136534154000060)","Unfall 203839 (2019) Kat:3, Licht: 2","203839","3","4","6","02","00","7","0","2","0","1","1","0"
"POINT (11.574608096000077 48.119782830000077)","Unfall 203840 (2019) Kat:3, Licht: 2","203840","3","6","2","02","18","7","0","2","0","1","0","0"
"POINT (11.580199450000066 48.135742315000073)","Unfall 203841 (2019) Kat:3, Licht: 0","203841","3","4","6","02","16","7","1","0","0","1","1","0"
"POINT (11.537968172000035 48.204343027000050)","Unfall 203845 (2019) Kat:3, Licht: 0","203845","3","7","0","02","13","2","0","0","0","0","0","0"
"POINT (11.566213990000051 48.186932862000049)","Unfall 203872 (2019) Kat:3, Licht: 0","203872","3","6","2","02","10","2","1","0","0","1","0","0"
"POINT (11.583396749000030 48.155013408000059)","Unfall 203875 (2019) Kat:3, Licht: 0","203875","3","5","1","02","08","6","1","0","1","1","0","0"
"POINT (11.626061826000068 48.101003147000029)","Unfall 203876 (2019) Kat:3, Licht: 2","203876","3","3","5","02","21","6","1","2","0","1","0","0"
"POINT (11.528792435000071 48.110997396000073)","Unfall 203877 (2019) Kat:2, Licht: 0","203877","2","7","0","02","08","6","2","0","1","0","0","0"
"POINT (11.640029820000052 48.117086439000047)","Unfall 203878 (2019) Kat:3, Licht: 0","203878","3","2","0","02","07","6","2","0","1","1","0","0"
"POINT (11.491605512000035 48.179234141000052)","Unfall 203879 (2019) Kat:3, Licht: 2","203879","3","3","5","02","17","6","0","2","0","1","0","0"
"POINT (11.553713421000054 48.133642084000030)","Unfall 203880 (2019) Kat:3, Licht: 0","203880","3","7","0","02","08","6","2","0","1","0","0","0"
"POINT (11.555952316000059 48.186371806000068)","Unfall 203881 (2019) Kat:3, Licht: 0","203881","3","3","5","02","07","6","1","0","1","1","0","0"
"POINT (11.660870940000052 48.119378183000038)","Unfall 203882 (2019) Kat:3, Licht: 0","203882","3","6","2","02","15","6","1","0","0","1","0","0"
"POINT (11.576999803000035 48.115696992000039)","Unfall 203883 (2019) Kat:3, Licht: 0","203883","3","6","2","02","12","6","0","0","0","1","0","0"
"POINT (11.534486748000063 48.123990331000073)","Unfall 203884 (2019) Kat:3, Licht: 0","203884","3","6","1","02","08","6","0","0","0","1","0","0"
"POINT (11.566390527000067 48.187156804000040)","Unfall 203921 (2019) Kat:3, Licht: 2","203921","3","2","5","02","18","5","1","2","1","1","0","0"
"POINT (11.573538579000058 48.133472986000072)","Unfall 203922 (2019) Kat:3, Licht: 2","203922","3","2","4","02","23","5","0","2","1","1","0","0"
"POINT (11.539452783000058 48.112824083000078)","Unfall 203923 (2019) Kat:3, Licht: 0","203923","3","2","5","02","13","5","1","0","0","1","0","0"
"POINT (11.646504969000034 48.109099543000070)","Unfall 203924 (2019) Kat:3, Licht: 0","203924","3","2","5","02","07","5","1","0","0","1","0","0"
"POINT (11.503895754000041 48.094306420000066)","Unfall 203925 (2019) Kat:3, Licht: 0","203925","3","3","5","02","12","2","1","0","0","1","0","0"
"POINT (11.610459519000074 48.117916081000033)","Unfall 203926 (2019) Kat:3, Licht: 0","203926","3","7","0","02","13","5","1","0","0","0","1","0"