WKT,Name,OBJECTID,UKATEGORIE,UTYP1,UART,UMONAT,USTUNDE,UWOCHENTAG,STRZUSTAND,ULICHTVERH,ISTRAD,ISTPKW,ISTFUSS,ISTKRAD
"POINT (11.565281330000062 48.122497133000081)","Unfall 203927 (2019) Kat:3, Licht: 0","203927","3","3","5","02","10","5","0","0","0","1","0","0"
"POINT (11.456788945000028 48.165301799000076)","Unfall 203928 (2019) Kat:3, Licht: 0","203928","3","6","2","02","12","5","1","0","0","1","0","0"
"POINT (11.512005639000051 48.127343802000041)","Unfall 203929 (2019) Kat:3, Licht: 0","203929","3","4","6","02","14","5","1","0","0","1","1","0"
"POINT (11.481464664000043 48.164051950000044)","Unfall 203930 (2019) Kat:3, Licht: 0","203930","3","6","3","02","08","5","1","0","0","1","0","0"
"POINT (11.532254480000063 48.155785376000040)","Unfall 203931 (2019) Kat:3, Licht: 0","203931","3","2","0","02","16","5","0","0","0","1","0","0"
"POINT (11.551864651000074 48.148799784000062)","Unfall 203932 (2019) Kat:3, Licht: 2","203932","3","4","6","02","20","5","1","2","1","0","1","0"
"POINT (11.510371037000027 48.117692665000050)","Unfall 203933 (2019) Kat:3, Licht: 2","203933","3","5","1","02","20","5","1","2","0","1","0","0"
"POINT (11.581953667000050 48.101609490000044)","Unfall 203934 (2019) Kat:3, Licht: 0","203934","3","2","6","02","08","2","1","0","0","1","1","0"
"POINT (11.558727072000067 48.134486388000028)","Unfall 203937 (2019) Kat:3, Licht: 2","203937","3","2","6","02","20","2","1","2","0","1","1","0"
"POINT (11.470099327000071 48.145435245000044)","Unfall 203964 (2019) Kat:3, Licht: 0","203964","3","7","6","02","12","4","0","0","0","0","1","0"
"POINT (11.688428385000066 48.139597344000038)","Unfall 203965 (2019) Kat:3, Licht: 0","203965","3","3","5","02","12","4","1","0","0","1","0","0"
"POINT (11.520300862000056 48.149564480000038)","Unfall 203966 (2019) Kat:3, Licht: 2","203966","3","7","8","02","18","4","1","2","0","1","0","0"
"POINT (11.570607650000056 48.146876687000031)","Unfall 203967 (2019) Kat:3, Licht: 2","203967","3","6","2","02","22","4","1","2","0","1","0","0"
"POINT (11.414748372000076 48.143694062000066)","Unfall 203968 (2019) Kat:3, Licht: 2","203968","3","1","1","02","20","4","2","2","0","1","0","0"
"POINT (11.585058117000074 48.132444036000038)","Unfall 203969 (2019) Kat:3, Licht: 2","203969","3","2","6","02","19","4","1","2","0","1","1","0"
"POINT (11.584303038000030 48.156936257000041)","Unfall 203977 (2019) Kat:3, Licht: 2","203977","3","5","0","02","23","2","1","2","1","0","0","0"
"POINT (11.558278890000054 48.161320057000069)","Unfall 203994 (2019) Kat:3, Licht: 0","203994","3","2","4","02","17","3","1","0","0","1","0","0"
"POINT (11.509074956000063 48.137057941000080)","Unfall 203996 (2019) Kat:2, Licht: 0","203996","2","1","0","02","13","3","1","0","1","0","0","0"
"POINT (11.545695580000029 48.196669577000080)","Unfall 203997 (2019) Kat:3, Licht: 0","203997","3","5","1","02","11","3","1","0","0","1","0","0"
"POINT (11.568231936000075 48.132459449000066)","Unfall 203998 (2019) Kat:3, Licht: 0","203998","3","7","5","02","10","3","0","0","1","1","0","0"
"POINT (11.557274121000034 48.150471653000068)","Unfall 204000 (2019) Kat:3, Licht: 2","204000","3","2","5","02","18","3","1","2","1","1","0","0"
"POINT (11.578603657000031 48.114115452000078)","Unfall 204002 (2019) Kat:3, Licht: 0","204002","3","2","3","02","11","3","0","0","0","1","0","0"
"POINT (11.502969261000032 48.143311736000044)","Unfall 204035 (2019) Kat:3, Licht: 2","204035","3","3","5","02","22","2","0","2","0","1","0","0"
"POINT (11.558570639000038 48.141666810000061)","Unfall 204037 (2019) Kat:3, Licht: 0","204037","3","3","5","02","10","2","1","0","0","1","0","0"
"POINT (11.554381740000053 48.153757694000035)","Unfall 204040 (2019) Kat:3, Licht: 0","204040","3","5","1","02","13","2","1","0","0","0","1","0"
"POINT (11.410968983000032 48.150497255000062)","Unfall 204041 (2019) Kat:3, Licht: 2","204041","3","6","6","02","18","2","2","2","0","1","1","0"
"POINT (11.480312149000042 48.090063795000049)","Unfall 204043 (2019) Kat:3, Licht: 0","204043","3","4","6","02","10","2","2","0","0","1","1","0"
"POINT (11.573471353000059 48.202410709000048)","Unfall 204044 (2019) Kat:3, Licht: 0","204044","3","4","6","02","07","2","1","0","0","1","1","0"
"POINT (11.542866551000031 48.169357502000025)","Unfall 204068 (2019) Kat:3, Licht: 0","204068","3","6","3","02","15","1","0","0","1","0","0","0"
"POINT (11.641613330000041 48.156739898000069)","Unfall 204069 (2019) Kat:3, Licht: 0","204069","3","2","4","02","16","1","0","0","1","1","0","0"
"POINT (11.612761864000049 48.138279131000047)","Unfall 204070 (2019) Kat:3, Licht: 0","204070","3","7","0","02","14","1","0","0","0","1","0","1"
"POINT (11.582753629000024 48.170947331000036)","Unfall 204071 (2019) Kat:3, Licht: 0","204071","3","2","5","02","16","1","0","0","1","1","0","0"
"POINT (11.590111398000033 48.131169353000075)","Unfall 204091 (2019) Kat:2, Licht: 0","204091","2","2","4","02","14","1","0","0","1","1","0","0"
"POINT (11.545290903000023 48.097385298000063)","Unfall 204095 (2019) Kat:2, Licht: 0","204095","2","7","0","02","08","7","0","0","1","0","1","0"
"POINT (11.448546607000026 48.150425808000080)","Unfall 204096 (2019) Kat:2, Licht: 2","204096","2","4","6","02","19","7","0","2","1","0","1","0"
"POINT (11.555718911000042 48.148070828000073)","Unfall 204097 (2019) Kat:3, Licht: 0","204097","3","2","4","02","09","7","0","0","1","1","0","0"
"POINT (11.535891803000027 48.203752948000044)","Unfall 204098 (2019) Kat:3, Licht: 2","204098","3","1","1","02","00","7","0","2","0","1","0","0"
"POINT (11.558741990000044 48.147586583000077)","Unfall 204099 (2019) Kat:3, Licht: 2","204099","3","2","5","02","20","7","0","2","0","1","0","0"
"POINT (11.590425127000060 48.109620189000054)","Unfall 204100 (2019) Kat:2, Licht: 0","204100","2","4","6","02","13","7","0","0","0","1","1","0"
"POINT (11.533969470000045 48.155253230000028)","Unfall 204101 (2019) Kat:3, Licht: 0","204101","3","6","2","02","12","7","0","0","1","1","0","0"
"POINT (11.557608630000061 48.139266862000056)","Unfall 204102 (2019) Kat:3, Licht: 0","204102","3","7","3","02","14","1","0","0","0","1","0","0"
"POINT (11.507890953000071 48.183040886000072)","Unfall 204141 (2019) Kat:3, Licht: 0","204141","3","4","6","02","16","6","0","0","0","1","1","0"
"POINT (11.519930011000042 48.082535583000038)","Unfall 204142 (2019) Kat:3, Licht: 0","204142","3","3","5","02","07","6","1","0","0","1","0","0"
"POINT (11.605853407000041 48.200672401000077)","Unfall 204143 (2019) Kat:3, Licht: 2","204143","3","2","4","02","19","6","0","2","0","1","0","0"
"POINT (11.576144718000023 48.132405835000043)","Unfall 204144 (2019) Kat:3, Licht: 2","204144","3","4","6","02","18","6","0","2","0","0","1","1"
"POINT (11.463095354000075 48.164788828000042)","Unfall 204145 (2019) Kat:3, Licht: 0","204145","3","2","4","02","07","6","0","0","0","1","0","0"
"POINT (11.569842504000064 48.145735987000080)","Unfall 204146 (2019) Kat:3, Licht: 0","204146","3","1","0","02","13","1","0","0","1","0","0","0"
"POINT (11.463053557000023 48.151472373000047)","Unfall 204147 (2019) Kat:3, Licht: 2","204147","3","2","6","02","19","6","0","2","0","1","1","0"
"POINT (11.642646016000072 48.099357187000066)","Unfall 204148 (2019) Kat:2, Licht: 0","204148","2","3","5","02","13","6","0","0","0","1","0","1"
"POINT (11.561390627000037 48.220931515000075)","Unfall 204149 (2019) Kat:2, Licht: 0","204149","2","4","6","02","07","6","0","0","0","1","1","0"
"POINT (11.552509134000047 48.213796261000027)","Unfall 204151 (2019) Kat:3, Licht: 2","204151","3","5","1","02","19","6","0","2","0","1","0","0"
"POINT (11.571374397000056 48.121100854000076)","Unfall 204152 (2019) Kat:3, Licht: 0","204152","3","2","4","02","07","6","0","0","1","1","0","0"
"POINT (11.615009029000021 48.138158595000050)","Unfall 204153 (2019) Kat:3, Licht: 0","204153","3","6","2","02","13","6","0","0","0","1","0","0"
"POINT (11.627910273000055 48.145230832000038)","Unfall 204154 (2019) Kat:3, Licht: 0","204154","3","1","8","02","16","6","0","0","0","1","0","0"
"POINT (11.573732540000037 48.120143045000077)","Unfall 204155 (2019) Kat:3, Licht: 0","204155","3","5","0","02","12","6","0","0","0","1","0","0"
"POINT (11.559954090000076 48.174183539000069)","Unfall 204200 (2019) Kat:3, Licht: 0","204200","3","1","0","02","17","1","1","0","1","0","0","0"
"POINT (11.571533210000041 48.204983423000044)","Unfall 204211 (2019) Kat:3, Licht: 0","204211","3","7","0","02","14","1","0","0","1","0","0","0"
"POINT (11.428980631000059 48.177174769000032)","Unfall 204219 (2019) Kat:3, Licht: 0","204219","3","6","2","02","16","6","0","0","0","1","0","0"
"POINT (11.493284673000062 48.136103063000064)","Unfall 204221 (2019) Kat:3, Licht: 0","204221","3","7","0","02","12","5","0","0","0","0","0","0"
"POINT (11.630932569000038 48.118667941000069)","Unfall 204222 (2019) Kat:3, Licht: 1","204222","3","3","5","02","06","5","1","1","1","1","0","0"
"POINT (11.592350711000051 48.142284656000072)","Unfall 204223 (2019) Kat:3, Licht: 0","204223","3","6","1","02","14","5","0","0","0","1","0","0"
"POINT (11.496440069000073 48.088699264000070)","Unfall 204224 (2019) Kat:3, Licht: 0","204224","3","4","6","02","12","5","0","0","0","1","1","0"
"POINT (11.574926934000075 48.136327604000030)","Unfall 204225 (2019) Kat:3, Licht: 0","204225","3","7","3","02","10","5","0","0","1","1","0","0"
"POINT (11.564287552000053 48.124237247000053)","Unfall 204227 (2019) Kat:3, Licht: 0","204227","3","6","2","02","16","5","0","0","0","1","0","0"
"POINT (11.507902225000066 48.110893466000050)","Unfall 204228 (2019) Kat:3, Licht: 2","204228","3","3","2","02","06","5","0","2","1","1","0","0"
"POINT (11.540726593000045 48.125307575000079)","Unfall 204229 (2019) Kat:3, Licht: 0","204229","3","3","5","02","12","5","0","0","0","1","0","1"
"POINT (11.545988135000073 48.103915486000062)","Unfall 204253 (2019) Kat:3, Licht: 0","204253","3","3","5","02","13","1","0","0","1","1","0","0"
"POINT (11.595724104000055 48.141598460000068)","Unfall 204256 (2019) Kat:3, Licht: 2","204256","3","6","2","02","02","1","0","2","0","1","0","0"
"POINT (11.621919124000044 48.132547584000065)","Unfall 204262 (2019) Kat:3, Licht: 0","204262","3","2","3","02","08","4","1","0","1","1","0","0"
"POINT (11.563056377000066 48.164632011000037)","Unfall 204263 (2019) Kat:2, Licht: 0","204263","2","4","6","02","11","4","0","0","1","0","1","0"
"POINT (11.600057413000059 48.140635296000028)","Unfall 204264 (2019) Kat:3, Licht: 0","204264","3","2","6","02","12","4","0","0","0","1","1","0"
"POINT (11.526082426000073 48.112776640000050)","Unfall 204265 (2019) Kat:3, Licht: 0","204265","3","2","6","02","10","4","0","0","0","1","1","0"
"POINT (11.647830265000039 48.101032683000028)","Unfall 204266 (2019) Kat:3, Licht: 0","204266","3","7","0","02","14","4","0","0","0","0","1","0"
"POINT (11.622448257000030 48.154592534000074)","Unfall 204267 (2019) Kat:3, Licht: 0","204267","3","1","0","02","14","4","0","0","1","0","0","0"
"POINT (11.603443110000057 48.130416739000054)","Unfall 204268 (2019) Kat:3, Licht: 2","204268","3","3","5","02","20","4","0","2","1","1","0","0"
"POINT (11.562623967000036 48.139394573000061)","Unfall 204308 (2019) Kat:3, Licht: 0","204308","3","4","6","02","15","3","0","0","0","1","1","0"
"POINT (11.585826571000041 48.159967353000070)","Unfall 204309 (2019) Kat:3, Licht: 2","204309","3","4","6","02","19","3","1","2","0","0","1","0"
"POINT (11.560186117000057 48.088863312000058)","Unfall 204310 (2019) Kat:3, Licht: 0","204310","3","1","0","02","16","1","1","0","1","0","0","0"
"POINT (11.545936069000049 48.103026343000067)","Unfall 204311 (2019) Kat:3, Licht: 1","204311","3","3","5","02","07","3","1","1","0","1","0","0"
"POINT (11.514658905000033 48.130541381000057)","Unfall 204312 (2019) Kat:3, Licht: 0","204312","3","6","2","02","09","3","2","0","0","1","0","0"
"POINT (11.541007188000037 48.098647923000044)","Unfall 204313 (2019) Kat:3, Licht: 0","204313","3","4","6","02","08","3","2","0","0","1","1","0"
"POINT (11.590492448000077 48.142662849000033)","Unfall 204338 (2019) Kat:3, Licht: 0","204338","3","3","5","02","16","1","0","0","1","1","0","0"
"POINT (11.405196683000042 48.178853972000070)","Unfall 204339 (2019) Kat:3, Licht: 0","204339","3","4","6","02","17","1","0","0","0","1","1","0"
"POINT (11.548004222000031 48.176151918000073)","Unfall 204340 (2019) Kat:3, Licht: 0","204340","3","6","6","02","13","1","0","0","1","0","1","0"
"POINT (11.585501287000056 48.173800731000028)","Unfall 204353 (2019) Kat:3, Licht: 2","204353","3","3","5","02","19","7","0","2","1","1","0","0"
"POINT (11.595939731000044 48.130609068000069)","Unfall 204354 (2019) Kat:3, Licht: 0","204354","3","4","6","02","09","7","0","0","1","0","1","0"
"POINT (11.511706931000049 48.158734907000053)","Unfall 204355 (2019) Kat:3, Licht: 2","204355","3","6","4","02","21","7","0","2","1","0","0","0"
"POINT (11.678804442000057 48.114987653000071)","Unfall 204356 (2019) Kat:3, Licht: 0","204356","3","3","5","02","13","7","0","0","1","1","0","0"
"POINT (11.533485516000042 48.116897024000082)","Unfall 204357 (2019) Kat:3, Licht: 0","204357","3","2","5","02","13","7","0","0","1","1","0","0"
"POINT (11.577784038000061 48.138816186000042)","Unfall 204358 (2019) Kat:3, Licht: 2","204358","3","1","0","02","01","7","1","2","1","0","0","0"
"POINT (11.571241897000050 48.127787096000077)","Unfall 204376 (2019) Kat:3, Licht: 0","204376","3","3","5","02","16","6","0","0","1","0","0","0"
"POINT (11.474672486000031 48.108283238000070)","Unfall 204377 (2019) Kat:3, Licht: 2","204377","3","7","0","02","18","6","0","2","0","0","0","0"
"POINT (11.642068115000029 48.122883085000069)","Unfall 204378 (2019) Kat:2, Licht: 0","204378","2","4","6","02","16","6","0","0","0","1","1","0"
"POINT (11.472028959000056 48.117523153000036)","Unfall 204379 (2019) Kat:2, Licht: 0","204379","2","7","0","02","14","6","0","0","1","0","0","0"
"POINT (11.572261346000062 48.144610152000041)","Unfall 204409 (2019) Kat:3, Licht: 0","204409","3","3","5","02","10","5","0","0","1","1","0","0"
"POINT (11.564510883000025 48.137404922000030)","Unfall 204410 (2019) Kat:2, Licht: 2","204410","2","6","1","02","20","5","0","2","1","0","0","0"
"POINT (11.562580839000077 48.105031164000081)","Unfall 204411 (2019) Kat:2, Licht: 1","204411","2","1","1","02","17","5","0","1","0","1","0","0"
"POINT (11.551654367000026 48.138654488000043)","Unfall 204412 (2019) Kat:3, Licht: 1","204412","3","7","5","02","06","5","0","1","0","1","0","0"
"POINT (11.558612169000071 48.136055090000070)","Unfall 204413 (2019) Kat:3, Licht: 0","204413","3","7","6","02","14","5","0","0","0","1","1","0"
"POINT (11.622358714000029 48.128608843000052)","Unfall 204415 (2019) Kat:3, Licht: 1","204415","3","4","6","02","17","5","0","1","0","1","1","0"
"POINT (11.520624617000067 48.131948449000049)","Unfall 204416 (2019) Kat:3, Licht: 2","204416","3","7","6","02","18","5","0","2","0","1","1","0"
"POINT (11.588808941000025 48.094527905000064)","Unfall 204418 (2019) Kat:3, Licht: 0","204418","3","1","8","02","15","5","0","0","0","1","0","0"
"POINT (11.537611496000068 48.166084839000064)","Unfall 204463 (2019) Kat:3, Licht: 0","204463","3","2","1","02","10","4","0","0","1","1","0","0"
"POINT (11.630346007000071 48.099919637000028)","Unfall 204464 (2019) Kat:3, Licht: 2","204464","3","4","6","02","19","4","0","2","1","0","1","0"
"POINT (11.607920875000048 48.120984348000036)","Unfall 204465 (2019) Kat:3, Licht: 2","204465","3","7","3","02","05","4","1","2","0","1","0","0"
"POINT (11.503091829000027 48.147141600000054)","Unfall 204466 (2019) Kat:2, Licht: 0","204466","2","2","4","02","10","4","0","0","1","1","0","0"
"POINT (11.589878654000074 48.201367435000066)","Unfall 204467 (2019) Kat:3, Licht: 0","204467","3","2","5","02","08","4","0","0","1","1","0","0"
"POINT (11.502408432000038 48.130998104000071)","Unfall 204468 (2019) Kat:3, Licht: 0","204468","3","6","1","02","14","4","0","0","0","1","0","0"
"POINT (11.613927785000044 48.136732077000033)","Unfall 204470 (2019) Kat:3, Licht: 0","204470","3","7","1","02","10","4","0","0","1","0","0","0"
"POINT (11.537484029000041 48.109120968000070)","Unfall 204503 (2019) Kat:2, Licht: 0","204503","2","2","3","02","14","3","0","0","1","1","0","0"
"POINT (11.659062328000061 48.103444909000075)","Unfall 204505 (2019) Kat:3, Licht: 0","204505","3","1","0","02","09","3","0","0","0","0","0","0"
"POINT (11.566863246000025 48.191507553000065)","Unfall 204506 (2019) Kat:3, Licht: 0","204506","3","2","5","02","08","3","0","0","1","1","0","0"
"POINT (11.524364757000058 48.102184584000042)","Unfall 204507 (2019) Kat:3, Licht: 0","204507","3","2","5","02","09","3","0","0","0","1","0","0"
"POINT (11.602202103000025 48.123941055000046)","Unfall 204508 (2019) Kat:3, Licht: 2","204508","3","2","3","02","18","3","0","2","1","1","0","0"
"POINT (11.574365760000035 48.129246444000046)","Unfall 204509 (2019) Kat:3, Licht: 1","204509","3","1","0","02","18","3","0","1","1","0","0","0"
"POINT (11.568371395000042 48.155689567000081)","Unfall 204510 (2019) Kat:3, Licht: 2","204510","3","1","0","02","21","3","0","2","1","0","0","0"
"POINT (11.589190064000036 48.137397442000065)","Unfall 204512 (2019) Kat:3, Licht: 0","204512","3","3","5","02","11","3","0","0","0","1","0","0"
"POINT (11.584398185000055 48.137361350000049)","Unfall 204513 (2019) Kat:3, Licht: 2","204513","3","6","2","02","18","3","0","2","0","1","0","1"
"POINT (11.569094131000043 48.131163047000030)","Unfall 204515 (2019) Kat:3, Licht: 2","204515","3","3","5","02","20","3","0","2","1","1","0","0"
"POINT (11.421075292000069 48.171293412000068)","Unfall 204540 (2019) Kat:3, Licht: 2","204540","3","6","3","02","06","3","0","2","0","1","0","0"
"POINT (11.650285237000048 48.161981561000061)","Unfall 204542 (2019) Kat:3, Licht: 0","204542","3","3","5","02","10","2","0","0","0","1","0","0"
"POINT (11.502692040000056 48.128973555000073)","Unfall 204544 (2019) Kat:2, Licht: 0","204544","2","3","5","02","11","2","0","0","0","1","0","0"
"POINT (11.546779349000076 48.112008406000029)","Unfall 204545 (2019) Kat:3, Licht: 0","204545","3","6","3","02","14","2","0","0","0","1","0","0"
"POINT (11.649824586000022 48.108929804000070)","Unfall 204547 (2019) Kat:1, Licht: 0","204547","1","2","4","02","16","2","0","0","1","1","0","0"
"POINT (11.557713770000021 48.150831388000029)","Unfall 204548 (2019) Kat:3, Licht: 0","204548","3","2","6","02","16","2","0","0","0","1","1","0"
"POINT (11.621826296000052 48.126477420000072)","Unfall 204549 (2019) Kat:2, Licht: 0","204549","2","2","4","02","08","2","0","0","1","1","0","0"
"POINT (11.458994657000062 48.210998007000057)","Unfall 204550 (2019) Kat:3, Licht: 0","204550","3","1","0","02","08","2","0","0","0","0","0","0"
"POINT (11.495525600000065 48.079905300000064)","Unfall 204551 (2019) Kat:3, Licht: 0","204551","3","1","0","02","14","2","2","0","1","0","0","0"
"POINT (11.629092724000031 48.158123346000082)","Unfall 204552 (2019) Kat:3, Licht: 0","204552","3","4","6","02","16","2","0","0","0","0","1","0"
"POINT (11.638979780000057 48.149786567000035)","Unfall 204553 (2019) Kat:3, Licht: 0","204553","3","6","4","02","07","2","0","0","1","1","0","0"
"POINT (11.648297311000022 48.139847708000048)","Unfall 204590 (2019) Kat:3, Licht: 1","204590","3","3","5","03","06","1","0","1","1","1","0","0"
"POINT (11.690272951000054 48.135530696000046)","Unfall 204593 (2019) Kat:3, Licht: 2","204593","3","3","5","03","21","7","0","2","0","1","0","0"
"POINT (11.556002908000039 48.140640554000072)","Unfall 204601 (2019) Kat:3, Licht: 2","204601","3","7","9","03","04","1","0","2","0","1","0","0"
"POINT (11.561783316000060 48.137404903000061)","Unfall 204606 (2019) Kat:3, Licht: 2","204606","3","7","6","03","19","1","0","2","0","1","1","0"
"POINT (11.461361876000069 48.146563996000054)","Unfall 204610 (2019) Kat:3, Licht: 0","204610","3","2","5","03","09","6","1","0","1","0","0","0"
"POINT (11.548632729000076 48.142600776000052)","Unfall 204611 (2019) Kat:3, Licht: 0","204611","3","7","7","03","08","6","1","0","1","0","0","0"
"POINT (11.708552059000056 48.109606211000028)","Unfall 204614 (2019) Kat:3, Licht: 0","204614","3","3","5","03","10","6","1","0","0","1","0","0"
"POINT (11.582935953000060 48.133921260000079)","Unfall 204615 (2019) Kat:3, Licht: 2","204615","3","2","4","03","19","6","1","2","0","1","0","0"
"POINT (11.428810657000042 48.153953114000046)","Unfall 204616 (2019) Kat:3, Licht: 0","204616","3","7","7","03","16","1","0","0","1","0","0","0"
"POINT (11.500813002000029 48.183537145000059)","Unfall 204617 (2019) Kat:3, Licht: 0","204617","3","3","5","03","15","6","0","0","0","1","0","0"
"POINT (11.511614039000051 48.155011907000073)","Unfall 204618 (2019) Kat:2, Licht: 0","204618","2","4","6","03","13","6","1","0","0","0","1","0"
"POINT (11.503835228000071 48.082086952000054)","Unfall 204619 (2019) Kat:3, Licht: 1","204619","3","2","6","03","08","6","1","1","0","1","1","0"
"POINT (11.570504513000060 48.142070930000045)","Unfall 204620 (2019) Kat:3, Licht: 0","204620","3","6","3","03","16","6","0","0","0","1","0","0"
"POINT (11.665895169000066 48.103143202000069)","Unfall 204660 (2019) Kat:3, Licht: 1","204660","3","1","0","03","06","6","1","1","0","0","0","1"
"POINT (11.557629925000072 48.139141831000074)","Unfall 204661 (2019) Kat:2, Licht: 0","204661","2","5","0","02","16","5","0","0","1","1","0","0"
"POINT (11.558627495000053 48.136847258000046)","Unfall 204663 (2019) Kat:3, Licht: 2","204663","3","5","1","02","01","5","0","2","0","1","0","0"
"POINT (11.584908421000023 48.132259998000052)","Unfall 204665 (2019) Kat:3, Licht: 0","204665","3","2","3","02","10","5","0","0","1","1","0","0"
"POINT (11.605768806000071 48.173033834000080)","Unfall 204667 (2019) Kat:3, Licht: 0","204667","3","2","3","02","11","5","0","0","1","0","0","0"
"POINT (11.448632384000064 48.192600127000048)","Unfall 204669 (2019) Kat:3, Licht: 0","204669","3","6","2","02","08","5","0","0","0","1","0","0"
"POINT (11.508313478000048 48.097912602000065)","Unfall 204670 (2019) Kat:3, Licht: 0","204670","3","2","5","02","16","5","0","0","1","1","0","0"
"POINT (11.577127795000024 48.136537989000033)","Unfall 204671 (2019) Kat:3, Licht: 1","204671","3","3","6","03","17","1","0","1","1","0","1","0"
"POINT (11.625859995000042 48.102832826000054)","Unfall 204672 (2019) Kat:3, Licht: 2","204672","3","2","3","02","21","5","0","2","1","1","0","0"
"POINT (11.588637137000035 48.137505822000037)","Unfall 204673 (2019) Kat:3, Licht: 0","204673","3","2","5","02","16","5","0","0","1","1","0","0"
"POINT (11.521333062000053 48.121407633000047)","Unfall 204678 (2019) Kat:3, Licht: 2","204678","3","6","6","03","21","1","0","2","0","1","1","0"
"POINT (11.568715963000045 48.148644949000072)","Unfall 204724 (2019) Kat:3, Licht: 0","204724","3","7","3","02","08","4","0","0","0","1","0","1"
"POINT (11.548751572000072 48.124447612000040)","Unfall 204725 (2019) Kat:3, Licht: 0","204725","3","6","3","02","07","4","0","0","1","0","0","0"
"POINT (11.537269206000076 48.151688556000067)","Unfall 204727 (2019) Kat:3, Licht: 0","204727","3","2","5","02","09","4","0","0","0","1","0","0"
"POINT (11.514639669000076 48.155591576000063)","Unfall 204730 (2019) Kat:3, Licht: 0","204730","3","1","0","02","16","4","0","0","1","0","0","0"
"POINT (11.518840559000068 48.139848750000056)","Unfall 204731 (2019) Kat:3, Licht: 0","204731","3","6","0","02","16","4","0","0","0","1","0","0"
"POINT (11.481379069000070 48.094085466000081)","Unfall 204732 (2019) Kat:3, Licht: 2","204732","3","2","4","02","19","4","0","2","1","1","0","0"
"POINT (11.576565706000054 48.112923628000033)","Unfall 204733 (2019) Kat:2, Licht: 0","204733","2","4","6","02","08","4","0","0","0","1","1","0"
"POINT (11.540433388000054 48.125891139000032)","Unfall 204734 (2019) Kat:3, Licht: 0","204734","3","4","6","02","17","4","0","0","0","1","1","0"
"POINT (11.583149565000042 48.154487200000062)","Unfall 204735 (2019) Kat:3, Licht: 2","204735","3","4","6","02","18","4","0","2","1","0","1","0"
"POINT (11.479170886000077 48.123697119000042)","Unfall 204792 (2019) Kat:3, Licht: 0","204792","3","6","3","02","15","3","0","0","0","1","0","0"
"POINT (11.548405012000046 48.120765598000048)","Unfall 204793 (2019) Kat:3, Licht: 0","204793","3","7","0","02","09","3","0","0","1","0","1","0"
"POINT (11.572506540000063 48.187457349000056)","Unfall 204794 (2019) Kat:3, Licht: 2","204794","3","2","5","02","05","3","0","2","0","1","0","0"
"POINT (11.598501153000029 48.140961098000048)","Unfall 204795 (2019) Kat:3, Licht: 0","204795","3","6","3","02","17","3","0","0","0","0","0","1"
"POINT (11.582396991000053 48.138660115000050)","Unfall 204796 (2019) Kat:3, Licht: 0","204796","3","5","1","03","15","1","0","0","1","1","0","0"
"POINT (11.549047764000022 48.136216426000033)","Unfall 204797 (2019) Kat:3, Licht: 0","204797","3","7","5","02","17","3","0","0","1","1","0","0"
"POINT (11.592166802000065 48.142320991000076)","Unfall 204798 (2019) Kat:3, Licht: 0","204798","3","2","3","02","07","3","0","0","0","1","0","1"
"POINT (11.576660135000054 48.128103209000074)","Unfall 204799 (2019) Kat:2, Licht: 0","204799","2","4","6","02","15","3","0","0","0","1","1","0"
"POINT (11.594016432000046 48.191705551000041)","Unfall 204800 (2019) Kat:3, Licht: 0","204800","3","7","0","02","14","3","0","0","1","0","0","0"
"POINT (11.489876444000060 48.141983000000039)","Unfall 204802 (2019) Kat:3, Licht: 0","204802","3","3","5","02","13","3","0","0","0","1","0","0"
"POINT (11.584709640000028 48.132163448000028)","Unfall 204803 (2019) Kat:3, Licht: 0","204803","3","6","2","02","13","3","0","0","0","1","0","0"
"POINT (11.606401920000053 48.139610458000050)","Unfall 204846 (2019) Kat:3, Licht: 0","204846","3","6","2","02","16","2","0","0","0","1","0","0"
"POINT (11.575351227000056 48.119503355000063)","Unfall 204847 (2019) Kat:3, Licht: 2","204847","3","3","5","03","19","7","0","2","0","1","0","0"
"POINT (11.583272565000073 48.141558349000036)","Unfall 204848 (2019) Kat:3, Licht: 0","204848","3","2","3","02","17","2","0","0","1","1","0","0"
"POINT (11.620080965000056 48.153783698000041)","Unfall 204849 (2019) Kat:2, Licht: 0","204849","2","2","3","02","14","2","0","0","1","1","0","0"
"POINT (11.502472993000026 48.115995410000039)","Unfall 204850 (2019) Kat:3, Licht: 2","204850","3","6","1","02","18","2","0","2","0","1","0","0"
"POINT (11.582472737000046 48.130892887000073)","Unfall 204851 (2019) Kat:2, Licht: 0","204851","2","7","5","02","15","2","0","0","1","1","0","0"
"POINT (11.565453353000066 48.148327746000064)","Unfall 204852 (2019) Kat:2, Licht: 0","204852","2","6","3","02","13","2","0","0","1","0","0","0"
"POINT (11.504757079000058 48.133093358000053)","Unfall 204853 (2019) Kat:2, Licht: 0","204853","2","3","5","02","15","2","0","0","1","1","0","0"
"POINT (11.508158544000025 48.178525988000047)","Unfall 204855 (2019) Kat:3, Licht: 1","204855","3","6","3","02","18","2","0","1","1","0","0","0"
"POINT (11.502350976000059 48.116396266000038)","Unfall 204856 (2019) Kat:3, Licht: 0","204856","3","1","0","02","14","2","0","0","1","0","0","0"
"POINT (11.569585663000055 48.147166422000055)","Unfall 204857 (2019) Kat:3, Licht: 0","204857","3","5","1","02","10","2","0","0","1","0","0","0"