WKT,Name,OBJECTID,UKATEGORIE,UTYP1,UART,UMONAT,USTUNDE,UWOCHENTAG,STRZUSTAND,ULICHTVERH,ISTRAD,ISTPKW,ISTFUSS,ISTKRAD
"POINT (11.562407757000074 48.157673445000057)","Unfall 204858 (2019) Kat:3, Licht: 0","204858","3","2","3","02","11","2","0","0","1","1","0","0"
"POINT (11.502663428000062 48.164551069000026)","Unfall 204859 (2019) Kat:3, Licht: 0","204859","3","2","5","03","11","7","0","0","0","1","0","0"
"POINT (11.571258864000072 48.141626707000057)","Unfall 204866 (2019) Kat:3, Licht: 2","204866","3","6","3","03","05","7","0","2","0","1","0","0"
"POINT (11.545176056000059 48.134452033000059)","Unfall 204874 (2019) Kat:3, Licht: 0","204874","3","6","2","03","08","2","2","0","0","1","0","0"
"POINT (11.585045719000050 48.162059115000034)","Unfall 204875 (2019) Kat:3, Licht: 0","204875","3","7","1","03","11","2","1","0","0","1","0","0"
"POINT (11.514659932000029 48.128584481000075)","Unfall 204876 (2019) Kat:3, Licht: 0","204876","3","3","5","03","14","2","0","0","1","0","0","0"
"POINT (11.556023797000023 48.140914134000070)","Unfall 204877 (2019) Kat:3, Licht: 0","204877","3","6","2","03","08","2","1","0","0","1","0","0"
"POINT (11.520289709000053 48.150030141000059)","Unfall 204878 (2019) Kat:3, Licht: 0","204878","3","3","5","03","14","2","0","0","0","1","0","0"
"POINT (11.522215501000062 48.076347545000033)","Unfall 204879 (2019) Kat:3, Licht: 0","204879","3","3","5","03","16","2","2","0","1","1","0","0"
"POINT (11.630340656000044 48.100394648000076)","Unfall 204880 (2019) Kat:3, Licht: 1","204880","3","2","5","03","17","2","1","1","1","1","0","0"
"POINT (11.593504771000028 48.127972115000034)","Unfall 204881 (2019) Kat:3, Licht: 0","204881","3","5","1","03","07","2","1","0","1","1","0","0"
"POINT (11.574909141000035 48.158301075000054)","Unfall 204882 (2019) Kat:3, Licht: 0","204882","3","1","0","03","17","2","1","0","1","1","0","0"
"POINT (11.567522528000040 48.151503432000027)","Unfall 204917 (2019) Kat:2, Licht: 2","204917","2","3","5","03","19","1","0","2","1","1","0","0"
"POINT (11.610291100000040 48.152600778000078)","Unfall 204930 (2019) Kat:3, Licht: 0","204930","3","3","5","03","10","7","0","0","1","1","0","0"
"POINT (11.572524954000073 48.120634488000064)","Unfall 204931 (2019) Kat:3, Licht: 0","204931","3","6","2","03","13","7","0","0","0","1","0","0"
"POINT (11.561769501000072 48.137404903000061)","Unfall 204932 (2019) Kat:2, Licht: 2","204932","2","7","3","03","23","7","0","2","0","1","0","0"
"POINT (11.562477141000045 48.211146556000074)","Unfall 204933 (2019) Kat:3, Licht: 2","204933","3","6","3","03","22","7","0","2","0","1","0","0"
"POINT (11.545573947000037 48.137806150000074)","Unfall 204934 (2019) Kat:3, Licht: 2","204934","3","3","5","03","00","7","0","2","1","1","0","0"
"POINT (11.604353880000076 48.145452741000042)","Unfall 204939 (2019) Kat:3, Licht: 0","204939","3","3","5","03","08","3","0","0","1","0","0","0"
"POINT (11.543446270000061 48.157413759000065)","Unfall 204957 (2019) Kat:3, Licht: 0","204957","3","2","5","03","07","6","0","0","0","1","0","1"
"POINT (11.522209308000072 48.095041959000071)","Unfall 204958 (2019) Kat:2, Licht: 0","204958","2","7","6","03","10","6","0","0","0","1","1","0"
"POINT (11.558448395000028 48.095753005000063)","Unfall 204961 (2019) Kat:3, Licht: 0","204961","3","3","5","03","14","6","0","0","1","1","0","0"
"POINT (11.599682320000056 48.148812541000041)","Unfall 204962 (2019) Kat:3, Licht: 0","204962","3","1","0","03","12","6","0","0","1","0","0","0"
"POINT (11.578102773000069 48.126370882000060)","Unfall 204963 (2019) Kat:3, Licht: 2","204963","3","2","5","03","20","6","0","2","1","1","0","0"
"POINT (11.563964593000037 48.124357106000048)","Unfall 204964 (2019) Kat:3, Licht: 2","204964","3","3","5","03","00","6","0","2","1","1","0","0"
"POINT (11.547208972000021 48.159549800000036)","Unfall 205007 (2019) Kat:2, Licht: 0","205007","2","4","6","03","17","5","0","0","0","1","1","0"
"POINT (11.554225246000044 48.127495959000044)","Unfall 205008 (2019) Kat:2, Licht: 1","205008","2","3","5","03","17","5","0","1","1","1","0","0"
"POINT (11.550114376000067 48.143262957000047)","Unfall 205010 (2019) Kat:3, Licht: 0","205010","3","7","0","03","14","5","0","0","0","0","0","0"
"POINT (11.509011501000032 48.153584758000079)","Unfall 205011 (2019) Kat:3, Licht: 0","205011","3","2","4","03","09","5","0","0","0","1","0","0"
"POINT (11.524863145000040 48.201254089000031)","Unfall 205013 (2019) Kat:3, Licht: 2","205013","3","6","4","03","19","5","0","2","1","0","0","0"
"POINT (11.578931439000030 48.097107501000039)","Unfall 205014 (2019) Kat:3, Licht: 0","205014","3","4","6","03","08","5","0","0","0","1","1","0"
"POINT (11.553500621000069 48.131218540000077)","Unfall 205015 (2019) Kat:3, Licht: 0","205015","3","5","1","03","06","5","0","0","1","1","0","0"
"POINT (11.525246104000075 48.132509030000051)","Unfall 205051 (2019) Kat:3, Licht: 0","205051","3","2","4","03","17","4","0","0","0","1","0","0"
"POINT (11.633922918000053 48.125861630000031)","Unfall 205052 (2019) Kat:3, Licht: 0","205052","3","1","2","03","08","4","1","0","0","1","0","1"
"POINT (11.583616376000066 48.140387352000062)","Unfall 205053 (2019) Kat:3, Licht: 0","205053","3","6","0","03","08","4","1","0","0","1","0","1"
"POINT (11.582948210000040 48.157577096000068)","Unfall 205055 (2019) Kat:2, Licht: 0","205055","2","1","1","03","07","4","0","0","0","1","0","1"
"POINT (11.507013071000074 48.139664090000053)","Unfall 205056 (2019) Kat:2, Licht: 2","205056","2","2","3","03","19","4","0","2","0","1","0","0"
"POINT (11.636085532000038 48.168913437000072)","Unfall 205058 (2019) Kat:3, Licht: 0","205058","3","5","1","03","07","4","1","0","0","1","0","0"
"POINT (11.553298658000074 48.130079573000046)","Unfall 205059 (2019) Kat:3, Licht: 2","205059","3","2","4","03","19","4","0","2","1","1","0","0"
"POINT (11.553015287000051 48.161636599000076)","Unfall 205092 (2019) Kat:3, Licht: 2","205092","3","2","3","03","22","3","1","2","1","1","0","0"
"POINT (11.609956914000065 48.132443953000063)","Unfall 205094 (2019) Kat:3, Licht: 0","205094","3","3","5","03","15","3","0","0","1","1","0","0"
"POINT (11.545485902000053 48.208943616000056)","Unfall 205095 (2019) Kat:2, Licht: 0","205095","2","4","6","03","13","3","0","0","0","1","1","0"
"POINT (11.606013614000062 48.120815875000062)","Unfall 205096 (2019) Kat:3, Licht: 0","205096","3","3","0","03","14","3","0","0","1","0","0","0"
"POINT (11.518456022000066 48.140163021000035)","Unfall 205097 (2019) Kat:3, Licht: 2","205097","3","2","3","03","18","3","1","2","1","1","0","0"
"POINT (11.588455828000065 48.192698479000057)","Unfall 205098 (2019) Kat:3, Licht: 0","205098","3","6","2","03","12","3","0","0","0","1","0","0"
"POINT (11.505320401000063 48.182542413000078)","Unfall 205099 (2019) Kat:3, Licht: 0","205099","3","5","2","03","09","3","0","0","1","1","0","0"
"POINT (11.529202577000035 48.176480116000050)","Unfall 205101 (2019) Kat:3, Licht: 0","205101","3","2","5","03","09","3","0","0","0","1","0","0"
"POINT (11.581409938000036 48.114672708000057)","Unfall 205102 (2019) Kat:3, Licht: 0","205102","3","3","5","03","10","3","0","0","0","1","0","0"
"POINT (11.559964704000038 48.136349245000076)","Unfall 205104 (2019) Kat:3, Licht: 0","205104","3","5","0","03","15","3","0","0","1","1","0","0"
"POINT (11.584769796000046 48.132211875000053)","Unfall 205105 (2019) Kat:3, Licht: 0","205105","3","2","5","03","12","3","0","0","1","1","0","0"
"POINT (11.605118509000022 48.104603253000050)","Unfall 205159 (2019) Kat:3, Licht: 0","205159","3","2","5","03","14","1","0","0","0","1","0","0"
"POINT (11.622996621000027 48.211476104000042)","Unfall 205160 (2019) Kat:3, Licht: 2","205160","3","3","5","03","20","1","1","2","0","1","0","0"
"POINT (11.502974863000077 48.133076076000066)","Unfall 205161 (2019) Kat:3, Licht: 2","205161","3","7","0","03","20","1","1","2","0","1","0","0"
"POINT (11.648005110000042 48.148440497000081)","Unfall 205162 (2019) Kat:2, Licht: 2","205162","2","2","4","03","20","1","1","2","1","1","0","0"
"POINT (11.570444931000054 48.135329169000045)","Unfall 205163 (2019) Kat:3, Licht: 0","205163","3","7","0","03","14","1","0","0","0","1","1","0"
"POINT (11.467097308000064 48.182013951000044)","Unfall 205165 (2019) Kat:3, Licht: 0","205165","3","6","3","03","10","1","0","0","0","1","0","1"
"POINT (11.546231362000071 48.108712638000043)","Unfall 205166 (2019) Kat:3, Licht: 0","205166","3","2","5","03","17","1","0","0","1","1","0","0"
"POINT (11.513509827000064 48.097989363000067)","Unfall 205168 (2019) Kat:3, Licht: 0","205168","3","3","5","03","11","1","0","0","1","1","0","0"
"POINT (11.521210307000047 48.094865824000067)","Unfall 205169 (2019) Kat:3, Licht: 2","205169","3","3","5","03","20","1","1","2","1","1","0","0"
"POINT (11.626610327000037 48.100453043000073)","Unfall 205170 (2019) Kat:3, Licht: 0","205170","3","5","1","03","13","1","0","0","1","1","0","0"
"POINT (11.575389882000024 48.119557841000073)","Unfall 205171 (2019) Kat:3, Licht: 2","205171","3","2","5","03","18","1","1","2","1","1","0","0"
"POINT (11.558935884000050 48.174991088000070)","Unfall 205172 (2019) Kat:3, Licht: 0","205172","3","7","6","03","16","1","0","0","1","0","1","0"
"POINT (11.574229416000037 48.133891820000031)","Unfall 205197 (2019) Kat:3, Licht: 2","205197","3","4","6","03","23","7","1","2","0","1","1","0"
"POINT (11.563099549000071 48.141523075000066)","Unfall 205198 (2019) Kat:3, Licht: 2","205198","3","7","1","03","04","7","1","2","0","1","0","0"
"POINT (11.547766780000075 48.135554148000040)","Unfall 205199 (2019) Kat:3, Licht: 0","205199","3","3","5","03","08","7","0","0","1","1","0","0"
"POINT (11.584586443000035 48.116524079000044)","Unfall 205200 (2019) Kat:3, Licht: 0","205200","3","2","4","03","17","7","0","0","1","1","0","0"
"POINT (11.589236044000074 48.137495973000057)","Unfall 205201 (2019) Kat:3, Licht: 2","205201","3","3","5","03","19","7","0","2","0","1","0","0"
"POINT (11.571931854000070 48.148946227000067)","Unfall 205202 (2019) Kat:3, Licht: 2","205202","3","7","2","03","00","7","1","2","0","1","0","0"
"POINT (11.552356120000070 48.161520020000069)","Unfall 205203 (2019) Kat:3, Licht: 0","205203","3","6","3","03","17","7","0","0","1","0","0","0"
"POINT (11.585236693000070 48.159285453000052)","Unfall 205204 (2019) Kat:3, Licht: 2","205204","3","6","3","03","19","7","0","2","1","0","0","0"
"POINT (11.541160686000069 48.159668694000061)","Unfall 205236 (2019) Kat:3, Licht: 2","205236","3","2","3","03","18","6","1","2","1","1","0","0"
"POINT (11.461399016000030 48.147917785000061)","Unfall 205237 (2019) Kat:3, Licht: 2","205237","3","3","5","03","21","6","1","2","0","1","0","0"
"POINT (11.569392294000068 48.149666403000026)","Unfall 205239 (2019) Kat:3, Licht: 0","205239","3","2","4","03","13","6","1","0","0","1","0","0"
"POINT (11.558173966000027 48.129868383000030)","Unfall 205241 (2019) Kat:3, Licht: 0","205241","3","2","6","03","13","6","1","0","0","1","1","0"
"POINT (11.539719708000064 48.115031735000059)","Unfall 205242 (2019) Kat:2, Licht: 0","205242","2","7","3","03","12","6","1","0","0","1","0","0"
"POINT (11.459999534000076 48.146685664000074)","Unfall 205243 (2019) Kat:3, Licht: 0","205243","3","4","6","03","08","6","1","0","0","0","1","0"
"POINT (11.562492154000040 48.185904117000064)","Unfall 205244 (2019) Kat:3, Licht: 0","205244","3","3","5","03","15","6","1","0","0","1","0","1"
"POINT (11.608078354000043 48.148177289000046)","Unfall 205246 (2019) Kat:3, Licht: 0","205246","3","4","6","03","08","6","1","0","0","1","1","0"
"POINT (11.555898321000029 48.137410440000053)","Unfall 205247 (2019) Kat:3, Licht: 1","205247","3","3","5","03","15","6","1","1","0","1","0","0"
"POINT (11.585066036000057 48.132450409000057)","Unfall 205249 (2019) Kat:3, Licht: 0","205249","3","2","5","03","09","6","1","0","1","1","0","0"
"POINT (11.530689979000044 48.215179906000060)","Unfall 205288 (2019) Kat:3, Licht: 1","205288","3","2","0","03","18","2","0","1","0","0","0","0"
"POINT (11.555792680000025 48.130288355000062)","Unfall 205295 (2019) Kat:3, Licht: 0","205295","3","6","2","03","15","5","1","0","0","1","0","0"
"POINT (11.554330841000024 48.123077285000079)","Unfall 205296 (2019) Kat:3, Licht: 0","205296","3","3","5","03","14","5","0","0","1","1","0","0"
"POINT (11.593220790000032 48.139585089000036)","Unfall 205297 (2019) Kat:2, Licht: 0","205297","2","7","0","03","16","2","0","0","1","0","0","0"
"POINT (11.541701976000070 48.207542668000031)","Unfall 205298 (2019) Kat:3, Licht: 0","205298","3","3","0","03","12","5","1","0","0","1","0","0"
"POINT (11.507091961000071 48.163791211000046)","Unfall 205299 (2019) Kat:3, Licht: 0","205299","3","5","1","03","15","5","1","0","0","1","0","0"
"POINT (11.554860868000048 48.132928294000067)","Unfall 205300 (2019) Kat:3, Licht: 0","205300","3","2","5","03","12","5","0","0","0","1","0","0"
"POINT (11.475114589000043 48.113245141000050)","Unfall 205301 (2019) Kat:3, Licht: 0","205301","3","4","6","03","15","5","1","0","0","1","1","0"
"POINT (11.553564367000035 48.112242704000039)","Unfall 205302 (2019) Kat:3, Licht: 2","205302","3","2","5","03","00","5","1","2","0","1","0","0"
"POINT (11.587540429000057 48.167386330000056)","Unfall 205303 (2019) Kat:3, Licht: 1","205303","3","7","3","03","17","5","1","1","0","1","0","1"
"POINT (11.547243560000027 48.191468894000081)","Unfall 205304 (2019) Kat:3, Licht: 0","205304","3","3","5","03","12","5","1","0","0","1","0","0"
"POINT (11.567850153000052 48.187357535000046)","Unfall 205305 (2019) Kat:3, Licht: 0","205305","3","6","1","03","09","5","0","0","0","1","0","1"
"POINT (11.558473812000045 48.132756143000051)","Unfall 205306 (2019) Kat:3, Licht: 0","205306","3","2","6","03","16","5","1","0","0","1","1","0"
"POINT (11.642087458000049 48.156778891000044)","Unfall 205307 (2019) Kat:3, Licht: 0","205307","3","4","6","03","15","5","1","0","0","1","1","0"
"POINT (11.599041746000069 48.121137746000045)","Unfall 205309 (2019) Kat:2, Licht: 1","205309","2","3","0","03","18","5","1","1","1","0","0","0"
"POINT (11.547331514000064 48.159912683000073)","Unfall 205310 (2019) Kat:3, Licht: 0","205310","3","6","2","03","14","5","1","0","1","1","0","0"
"POINT (11.548238582000067 48.142629970000030)","Unfall 205311 (2019) Kat:3, Licht: 0","205311","3","7","3","03","08","2","0","0","1","1","0","0"
"POINT (11.545807106000041 48.148991298000055)","Unfall 205312 (2019) Kat:3, Licht: 0","205312","3","3","5","03","07","5","1","0","1","0","0","0"
"POINT (11.582086025000024 48.115765253000063)","Unfall 205313 (2019) Kat:3, Licht: 0","205313","3","7","6","03","08","5","1","0","0","1","0","0"
"POINT (11.610710301000040 48.146449602000075)","Unfall 205314 (2019) Kat:3, Licht: 1","205314","3","3","5","03","18","5","1","1","0","1","0","0"
"POINT (11.580154874000073 48.135758622000026)","Unfall 205315 (2019) Kat:3, Licht: 0","205315","3","7","6","03","13","5","1","0","0","0","1","0"
"POINT (11.548785454000040 48.125652710000054)","Unfall 205319 (2019) Kat:3, Licht: 1","205319","3","4","6","03","19","2","0","1","0","1","1","0"
"POINT (11.574463593000075 48.187520473000063)","Unfall 205324 (2019) Kat:3, Licht: 0","205324","3","6","2","03","08","2","0","0","0","1","0","0"
"POINT (11.645464899000046 48.099674528000037)","Unfall 205327 (2019) Kat:3, Licht: 0","205327","3","6","2","03","12","2","0","0","0","1","0","0"
"POINT (11.665474646000064 48.122221416000059)","Unfall 205361 (2019) Kat:3, Licht: 0","205361","3","2","3","03","07","4","1","0","1","1","0","0"
"POINT (11.618088058000069 48.101119774000040)","Unfall 205362 (2019) Kat:3, Licht: 2","205362","3","4","6","03","19","4","1","2","0","1","1","0"
"POINT (11.514732909000031 48.179267355000036)","Unfall 205363 (2019) Kat:3, Licht: 0","205363","3","7","6","03","16","4","0","0","0","0","1","0"
"POINT (11.664891360000070 48.124770865000073)","Unfall 205364 (2019) Kat:3, Licht: 0","205364","3","7","0","03","17","4","0","0","0","0","0","0"
"POINT (11.590174610000076 48.187866639000049)","Unfall 205365 (2019) Kat:3, Licht: 0","205365","3","6","2","03","11","4","0","0","0","1","0","0"
"POINT (11.411795454000071 48.160462536000068)","Unfall 205366 (2019) Kat:3, Licht: 0","205366","3","7","0","03","07","4","1","0","0","1","0","0"
"POINT (11.503032527000073 48.135389416000066)","Unfall 205367 (2019) Kat:3, Licht: 0","205367","3","3","5","03","12","4","0","0","0","1","0","0"
"POINT (11.457210826000050 48.134605282000052)","Unfall 205368 (2019) Kat:3, Licht: 2","205368","3","3","5","03","18","4","0","2","0","1","0","0"
"POINT (11.521037956000043 48.181935793000036)","Unfall 205370 (2019) Kat:3, Licht: 0","205370","3","1","0","03","10","4","0","0","1","0","0","0"
"POINT (11.544842632000041 48.161114193000060)","Unfall 205371 (2019) Kat:3, Licht: 0","205371","3","3","5","03","09","4","1","0","1","1","0","0"
"POINT (11.579350459000068 48.129230810000081)","Unfall 205413 (2019) Kat:3, Licht: 0","205413","3","2","3","03","17","3","0","0","1","1","0","0"
"POINT (11.571931854000070 48.148946227000067)","Unfall 205414 (2019) Kat:3, Licht: 1","205414","3","3","5","03","18","3","0","1","0","1","0","0"
"POINT (11.631801806000055 48.125252499000055)","Unfall 205415 (2019) Kat:3, Licht: 0","205415","3","1","4","03","07","3","0","0","1","1","0","0"
"POINT (11.615486635000025 48.142484533000072)","Unfall 205416 (2019) Kat:3, Licht: 2","205416","3","2","5","03","18","3","0","2","1","1","0","0"
"POINT (11.510034302000065 48.179063222000082)","Unfall 205417 (2019) Kat:3, Licht: 0","205417","3","7","6","03","16","3","0","0","0","1","1","0"
"POINT (11.556874639000057 48.095602513000074)","Unfall 205419 (2019) Kat:3, Licht: 0","205419","3","1","6","03","18","3","0","0","0","1","1","0"
"POINT (11.586398141000075 48.161808227000051)","Unfall 205461 (2019) Kat:3, Licht: 0","205461","3","2","6","03","16","6","0","0","0","1","1","0"
"POINT (11.567984757000033 48.184550545000036)","Unfall 205462 (2019) Kat:3, Licht: 0","205462","3","7","1","03","15","6","0","0","0","1","0","0"
"POINT (11.565815159000067 48.125091680000025)","Unfall 205463 (2019) Kat:2, Licht: 0","205463","2","7","0","03","10","6","0","0","1","0","0","0"
"POINT (11.573772883000061 48.152661516000080)","Unfall 205464 (2019) Kat:3, Licht: 2","205464","3","7","1","03","21","6","0","2","1","1","0","0"
"POINT (11.574731434000057 48.210594124000067)","Unfall 205465 (2019) Kat:3, Licht: 0","205465","3","6","2","03","17","6","0","0","0","1","0","0"
"POINT (11.572204653000028 48.187535479000076)","Unfall 205466 (2019) Kat:3, Licht: 0","205466","3","7","6","03","11","6","0","0","1","0","1","0"
"POINT (11.557021252000027 48.220091627000045)","Unfall 205467 (2019) Kat:3, Licht: 0","205467","3","7","6","03","17","6","0","0","0","1","1","0"
"POINT (11.552892506000035 48.142742663000035)","Unfall 205469 (2019) Kat:3, Licht: 0","205469","3","2","4","03","13","6","0","0","1","1","0","0"
"POINT (11.537904929000035 48.165944831000047)","Unfall 205532 (2019) Kat:3, Licht: 0","205532","3","3","5","03","17","5","0","0","0","1","0","0"
"POINT (11.574989936000065 48.157646245000080)","Unfall 205533 (2019) Kat:3, Licht: 0","205533","3","3","5","03","16","5","0","0","1","0","0","0"
"POINT (11.534184834000030 48.110250611000026)","Unfall 205534 (2019) Kat:3, Licht: 0","205534","3","2","3","03","09","5","0","0","1","0","0","0"
"POINT (11.581185282000035 48.150082190000035)","Unfall 205535 (2019) Kat:3, Licht: 2","205535","3","3","5","03","20","5","0","2","0","1","0","0"
"POINT (11.468991872000061 48.145675120000078)","Unfall 205536 (2019) Kat:3, Licht: 0","205536","3","3","1","03","11","5","0","0","0","1","0","0"
"POINT (11.548910933000059 48.173968256000080)","Unfall 205537 (2019) Kat:3, Licht: 0","205537","3","7","0","03","14","5","0","0","1","0","0","0"
"POINT (11.520388778000040 48.148500716000058)","Unfall 205538 (2019) Kat:3, Licht: 0","205538","3","3","3","03","15","5","0","0","0","1","0","0"
"POINT (11.503375010000070 48.142771374000063)","Unfall 205539 (2019) Kat:3, Licht: 0","205539","3","6","0","03","17","5","0","0","1","1","0","0"
"POINT (11.453926761000048 48.165117390000034)","Unfall 205540 (2019) Kat:3, Licht: 2","205540","3","2","6","03","19","5","0","2","0","0","1","0"
"POINT (11.643988088000071 48.096507487000054)","Unfall 205541 (2019) Kat:3, Licht: 0","205541","3","7","0","03","15","5","0","0","1","0","0","0"
"POINT (11.606679959000076 48.126924679000069)","Unfall 205542 (2019) Kat:3, Licht: 0","205542","3","5","1","03","15","5","0","0","1","1","0","0"
"POINT (11.517965251000021 48.119195855000044)","Unfall 205543 (2019) Kat:3, Licht: 0","205543","3","3","5","03","07","5","0","0","1","1","0","0"
"POINT (11.553309174000049 48.133919960000071)","Unfall 205544 (2019) Kat:3, Licht: 0","205544","3","7","0","03","17","5","0","0","0","0","1","1"
"POINT (11.543243721000067 48.139450050000050)","Unfall 205582 (2019) Kat:3, Licht: 0","205582","3","7","3","03","08","4","0","0","0","1","0","0"
"POINT (11.547681019000038 48.126797097000065)","Unfall 205583 (2019) Kat:3, Licht: 2","205583","3","3","5","03","20","4","0","2","1","1","0","0"
"POINT (11.503036826000027 48.135486763000074)","Unfall 205584 (2019) Kat:3, Licht: 0","205584","3","7","5","03","17","4","0","0","0","1","0","0"
"POINT (11.570144098000071 48.209858209000060)","Unfall 205586 (2019) Kat:3, Licht: 0","205586","3","3","5","03","07","4","0","0","1","1","0","0"
"POINT (11.605986206000068 48.120751647000077)","Unfall 205587 (2019) Kat:2, Licht: 0","205587","2","3","5","03","17","4","0","0","1","1","0","0"
"POINT (11.463105245000065 48.164816525000049)","Unfall 205588 (2019) Kat:3, Licht: 0","205588","3","2","4","03","08","4","0","0","0","1","0","1"
"POINT (11.489661855000065 48.179502824000053)","Unfall 205589 (2019) Kat:3, Licht: 1","205589","3","2","5","03","19","4","0","1","0","1","0","0"
"POINT (11.531183612000063 48.152560999000059)","Unfall 205590 (2019) Kat:3, Licht: 2","205590","3","5","1","03","19","4","0","2","1","1","0","0"
"POINT (11.623719367000035 48.153771814000038)","Unfall 205592 (2019) Kat:2, Licht: 0","205592","2","6","3","03","08","4","0","0","1","0","0","0"
"POINT (11.516879631000052 48.126907513000049)","Unfall 205593 (2019) Kat:3, Licht: 0","205593","3","4","6","03","08","4","0","0","0","1","1","0"
"POINT (11.586805213000048 48.137806676000025)","Unfall 205594 (2019) Kat:3, Licht: 0","205594","3","3","5","03","15","4","0","0","1","1","0","0"
"POINT (11.576431404000061 48.131620271000031)","Unfall 205648 (2019) Kat:3, Licht: 0","205648","3","5","2","03","15","3","0","0","1","1","0","0"
"POINT (11.541610241000058 48.186427887000036)","Unfall 205650 (2019) Kat:3, Licht: 0","205650","3","6","1","03","10","3","0","0","0","1","0","0"
"POINT (11.509586387000070 48.202705928000057)","Unfall 205651 (2019) Kat:3, Licht: 0","205651","3","5","1","03","08","3","0","0","1","1","0","0"
"POINT (11.600067400000057 48.112617463000049)","Unfall 205652 (2019) Kat:3, Licht: 0","205652","3","7","0","03","16","3","0","0","0","1","0","1"
"POINT (11.573003362000065 48.180875248000063)","Unfall 205653 (2019) Kat:3, Licht: 0","205653","3","3","2","03","07","3","0","0","0","1","0","0"
"POINT (11.612878368000054 48.148566136000056)","Unfall 205689 (2019) Kat:3, Licht: 0","205689","3","6","2","03","09","5","0","0","0","1","0","0"
"POINT (11.588448473000028 48.135839317000034)","Unfall 205690 (2019) Kat:3, Licht: 1","205690","3","5","1","03","05","5","0","1","0","1","0","0"
"POINT (11.578885561000050 48.145434666000028)","Unfall 205691 (2019) Kat:3, Licht: 0","205691","3","6","2","03","13","5","0","0","0","1","0","0"
"POINT (11.555791599000031 48.130612281000026)","Unfall 205692 (2019) Kat:3, Licht: 0","205692","3","2","5","03","17","5","0","0","1","1","0","0"
"POINT (11.604941260000032 48.104466752000064)","Unfall 205694 (2019) Kat:3, Licht: 0","205694","3","6","1","03","11","5","0","0","0","1","0","0"
"POINT (11.541657330000021 48.139523454000027)","Unfall 205695 (2019) Kat:3, Licht: 0","205695","3","6","2","03","16","5","0","0","0","1","0","0"
"POINT (11.612693641000021 48.120889257000044)","Unfall 205696 (2019) Kat:3, Licht: 0","205696","3","2","5","03","07","5","0","0","1","1","0","0"
"POINT (11.586589232000051 48.130498130000035)","Unfall 205697 (2019) Kat:3, Licht: 0","205697","3","6","1","03","09","5","0","0","1","0","0","0"
"POINT (11.591920323000068 48.101466591000076)","Unfall 205698 (2019) Kat:2, Licht: 0","205698","2","7","0","03","10","5","0","0","1","0","0","0"
"POINT (11.568016929000066 48.160227630000065)","Unfall 205699 (2019) Kat:3, Licht: 0","205699","3","1","1","03","14","7","0","0","0","1","0","1"
"POINT (11.573906557000043 48.143953639000074)","Unfall 205700 (2019) Kat:3, Licht: 0","205700","3","6","3","03","16","5","0","0","0","1","0","1"
"POINT (11.555639553000049 48.132494632000032)","Unfall 205701 (2019) Kat:3, Licht: 0","205701","3","3","5","03","16","5","0","0","1","0","0","0"
"POINT (11.432768680000038 48.163540300000079)","Unfall 205702 (2019) Kat:3, Licht: 0","205702","3","5","5","03","12","5","0","0","0","1","0","0"
"POINT (11.413209810000069 48.150299592000067)","Unfall 205703 (2019) Kat:3, Licht: 1","205703","3","7","6","03","19","5","0","1","0","0","1","0"
"POINT (11.552165690000038 48.186093455000048)","Unfall 205704 (2019) Kat:3, Licht: 1","205704","3","6","3","03","20","5","0","1","0","1","0","0"
"POINT (11.642768704000048 48.094398219000027)","Unfall 205706 (2019) Kat:3, Licht: 2","205706","3","7","5","03","19","5","0","2","1","1","0","0"
"POINT (11.524696004000077 48.115906813000038)","Unfall 205707 (2019) Kat:3, Licht: 0","205707","3","2","3","03","14","5","0","0","1","1","0","0"
"POINT (11.585997350000071 48.167310204000046)","Unfall 205708 (2019) Kat:3, Licht: 0","205708","3","4","6","03","16","5","0","0","0","1","1","0"
"POINT (11.559527241000069 48.145257244000049)","Unfall 205709 (2019) Kat:3, Licht: 2","205709","3","1","0","03","20","5","0","2","1","1","0","0"
"POINT (11.529875439000023 48.159657615000071)","Unfall 205750 (2019) Kat:3, Licht: 0","205750","3","2","5","03","15","4","0","0","1","1","0","0"
"POINT (11.480476211000052 48.177990501000068)","Unfall 205751 (2019) Kat:3, Licht: 0","205751","3","6","2","03","07","4","1","0","0","1","0","0"
"POINT (11.576443024000071 48.112240081000039)","Unfall 205752 (2019) Kat:3, Licht: 0","205752","3","7","0","03","08","4","1","0","0","0","0","0"
"POINT (11.649919213000032 48.108912083000064)","Unfall 205753 (2019) Kat:3, Licht: 0","205753","3","7","0","03","12","4","1","0","0","1","0","0"
"POINT (11.469991338000057 48.167143419000070)","Unfall 205754 (2019) Kat:2, Licht: 0","205754","2","3","5","03","07","4","0","0","0","1","0","0"
"POINT (11.573877900000070 48.160475912000038)","Unfall 205755 (2019) Kat:3, Licht: 0","205755","3","7","6","03","11","4","0","0","1","0","1","0"
"POINT (11.568141524000055 48.205099986000050)","Unfall 205757 (2019) Kat:3, Licht: 0","205757","3","4","6","03","10","4","0","0","0","1","1","0"
"POINT (11.566002282000056 48.174512597000046)","Unfall 205758 (2019) Kat:3, Licht: 0","205758","3","6","2","03","08","4","1","0","0","1","0","0"
"POINT (11.558836292000024 48.147684105000053)","Unfall 205759 (2019) Kat:3, Licht: 0","205759","3","3","5","03","13","4","0","0","1","0","0","0"