WKT,Name,OBJECTID,UKATEGORIE,UTYP1,UART,UMONAT,USTUNDE,UWOCHENTAG,STRZUSTAND,ULICHTVERH,ISTRAD,ISTPKW,ISTFUSS,ISTKRAD
"POINT (11.519109746000026 48.106776146000072)","Unfall 205760 (2019) Kat:3, Licht: 0","205760","3","3","5","03","07","4","1","0","0","1","0","0"
"POINT (11.579916472000036 48.157822079000027)","Unfall 205761 (2019) Kat:3, Licht: 0","205761","3","3","5","03","15","4","0","0","0","1","0","0"
"POINT (11.574865983000052 48.161676803000034)","Unfall 205762 (2019) Kat:3, Licht: 0","205762","3","2","0","03","07","4","1","0","0","0","0","1"
"POINT (11.580956452000066 48.170534633000045)","Unfall 205763 (2019) Kat:3, Licht: 0","205763","3","7","3","03","08","4","1","0","0","1","0","0"
"POINT (11.591195698000035 48.188885121000055)","Unfall 205793 (2019) Kat:3, Licht: 0","205793","3","2","4","03","17","3","0","0","1","1","0","0"
"POINT (11.492554975000076 48.140252587000077)","Unfall 205794 (2019) Kat:3, Licht: 0","205794","3","7","5","03","16","3","0","0","0","1","0","0"
"POINT (11.558840126000064 48.141286500000035)","Unfall 205795 (2019) Kat:3, Licht: 0","205795","3","5","0","03","10","3","0","0","0","1","0","0"
"POINT (11.487340241000027 48.141217425000036)","Unfall 205796 (2019) Kat:3, Licht: 0","205796","3","6","3","03","07","3","0","0","1","0","0","0"
"POINT (11.614717724000059 48.115742343000079)","Unfall 205797 (2019) Kat:2, Licht: 0","205797","2","2","5","03","18","3","0","0","1","0","0","0"
"POINT (11.413803238000071 48.157967187000054)","Unfall 205799 (2019) Kat:3, Licht: 0","205799","3","7","6","03","07","3","0","0","0","1","1","0"
"POINT (11.492002349000074 48.138621276000038)","Unfall 205800 (2019) Kat:3, Licht: 0","205800","3","1","0","03","07","3","0","0","1","0","0","0"
"POINT (11.487006135000058 48.130118568000057)","Unfall 205801 (2019) Kat:3, Licht: 0","205801","3","3","5","03","16","3","0","0","1","0","0","0"
"POINT (11.657903267000052 48.130204352000078)","Unfall 205802 (2019) Kat:3, Licht: 0","205802","3","6","2","03","15","3","1","0","0","1","0","0"
"POINT (11.604865164000046 48.104449016000046)","Unfall 205803 (2019) Kat:3, Licht: 0","205803","3","6","2","03","06","3","0","0","0","1","0","0"
"POINT (11.606641671000034 48.149203295000063)","Unfall 205804 (2019) Kat:3, Licht: 0","205804","3","2","3","03","07","3","0","0","1","1","0","0"
"POINT (11.584227860000055 48.157286523000039)","Unfall 205805 (2019) Kat:3, Licht: 0","205805","3","6","4","03","06","3","0","0","1","0","0","0"
"POINT (11.579488107000032 48.134468269000081)","Unfall 205806 (2019) Kat:3, Licht: 0","205806","3","4","6","03","10","3","0","0","0","1","1","0"
"POINT (11.578972521000026 48.136042085000042)","Unfall 205832 (2019) Kat:3, Licht: 1","205832","3","7","3","03","18","2","1","1","1","1","0","0"
"POINT (11.592540723000070 48.114987215000042)","Unfall 205833 (2019) Kat:3, Licht: 0","205833","3","3","5","03","16","2","1","0","0","1","0","0"
"POINT (11.589621142000055 48.130870913000081)","Unfall 205834 (2019) Kat:3, Licht: 2","205834","3","7","6","03","19","2","1","2","0","1","1","0"
"POINT (11.584292332000075 48.163394860000039)","Unfall 205835 (2019) Kat:3, Licht: 0","205835","3","3","5","03","15","2","1","0","1","1","0","0"
"POINT (11.582674057000077 48.187927919000060)","Unfall 205836 (2019) Kat:3, Licht: 0","205836","3","3","5","03","14","2","0","0","1","1","0","0"
"POINT (11.458631437000065 48.145020989000045)","Unfall 205837 (2019) Kat:3, Licht: 0","205837","3","4","6","03","12","2","0","0","1","0","1","0"
"POINT (11.509129331000054 48.179287686000066)","Unfall 205838 (2019) Kat:3, Licht: 0","205838","3","3","5","03","16","2","0","0","1","0","0","0"
"POINT (11.672965429000044 48.139695121000045)","Unfall 205839 (2019) Kat:3, Licht: 0","205839","3","6","2","03","07","2","0","0","0","1","0","0"
"POINT (11.598423304000050 48.135588877000032)","Unfall 205840 (2019) Kat:3, Licht: 0","205840","3","7","0","03","18","2","0","0","0","0","0","0"
"POINT (11.593620390000069 48.128154838000057)","Unfall 205841 (2019) Kat:3, Licht: 2","205841","3","1","0","03","20","2","1","2","0","0","0","1"
"POINT (11.558475483000052 48.132807342000035)","Unfall 205842 (2019) Kat:3, Licht: 2","205842","3","3","5","03","22","2","0","2","1","1","0","0"
"POINT (11.581132072000059 48.124396913000055)","Unfall 205876 (2019) Kat:3, Licht: 0","205876","3","7","1","03","17","1","0","0","1","1","0","0"
"POINT (11.568951739000056 48.140883556000063)","Unfall 205877 (2019) Kat:3, Licht: 0","205877","3","6","1","03","10","1","0","0","0","1","0","0"
"POINT (11.580918121000025 48.164380938000079)","Unfall 205878 (2019) Kat:3, Licht: 2","205878","3","7","1","03","00","1","0","2","1","1","0","0"
"POINT (11.573566570000025 48.143464919000053)","Unfall 205879 (2019) Kat:3, Licht: 2","205879","3","2","2","03","04","1","0","2","0","1","0","0"
"POINT (11.586398141000075 48.161808227000051)","Unfall 205880 (2019) Kat:3, Licht: 2","205880","3","2","5","03","20","1","0","2","0","1","0","0"
"POINT (11.586398141000075 48.161808227000051)","Unfall 205884 (2019) Kat:3, Licht: 0","205884","3","3","0","03","16","7","0","0","0","1","0","0"
"POINT (11.563741772000071 48.153739532000031)","Unfall 205917 (2019) Kat:3, Licht: 2","205917","3","3","5","03","00","7","0","2","0","1","0","0"
"POINT (11.576643614000034 48.125396014000046)","Unfall 205918 (2019) Kat:2, Licht: 2","205918","2","7","1","03","01","7","0","2","1","1","0","0"
"POINT (11.580551530000037 48.148990562000051)","Unfall 205919 (2019) Kat:3, Licht: 2","205919","3","3","5","03","19","7","0","2","1","0","0","0"
"POINT (11.589971531000060 48.166207010000051)","Unfall 205920 (2019) Kat:3, Licht: 0","205920","3","6","2","03","15","7","0","0","0","1","0","0"
"POINT (11.555928946000051 48.138186968000070)","Unfall 205921 (2019) Kat:3, Licht: 0","205921","3","7","1","03","10","7","0","0","0","1","0","1"
"POINT (11.553016970000044 48.193144689000064)","Unfall 205923 (2019) Kat:3, Licht: 0","205923","3","5","1","03","09","7","0","0","1","1","0","0"
"POINT (11.531258176000051 48.156918318000066)","Unfall 205924 (2019) Kat:3, Licht: 0","205924","3","1","0","03","13","7","0","0","0","0","0","1"
"POINT (11.507441499000038 48.141116891000081)","Unfall 205925 (2019) Kat:3, Licht: 0","205925","3","2","3","03","13","7","0","0","1","1","0","0"
"POINT (11.620050946000049 48.131405236000035)","Unfall 205927 (2019) Kat:3, Licht: 0","205927","3","7","6","03","16","7","0","0","1","0","1","0"
"POINT (11.541054517000077 48.139671384000053)","Unfall 205941 (2019) Kat:3, Licht: 0","205941","3","5","0","04","15","2","0","0","1","1","0","0"
"POINT (11.584882134000054 48.132302332000052)","Unfall 205942 (2019) Kat:3, Licht: 0","205942","3","6","2","04","12","2","0","0","0","1","0","0"
"POINT (11.432158438000044 48.154826321000030)","Unfall 205943 (2019) Kat:3, Licht: 2","205943","3","7","0","04","01","2","0","2","1","0","0","0"
"POINT (11.547707109000044 48.139907543000049)","Unfall 205944 (2019) Kat:3, Licht: 0","205944","3","5","1","04","18","2","0","0","1","1","0","0"
"POINT (11.604451477000055 48.139928122000072)","Unfall 205945 (2019) Kat:3, Licht: 0","205945","3","2","5","04","11","2","0","0","1","0","0","0"
"POINT (11.529709730000036 48.157225374000063)","Unfall 205946 (2019) Kat:3, Licht: 0","205946","3","3","5","04","17","2","0","0","1","1","0","0"
"POINT (11.548652975000039 48.123920502000033)","Unfall 205947 (2019) Kat:3, Licht: 0","205947","3","7","5","04","15","2","0","0","0","1","0","0"
"POINT (11.603153651000071 48.179858455000044)","Unfall 205948 (2019) Kat:3, Licht: 0","205948","3","7","1","04","17","2","0","0","0","0","0","0"
"POINT (11.471802467000032 48.151018237000073)","Unfall 205949 (2019) Kat:3, Licht: 2","205949","3","4","0","04","06","2","0","2","0","0","1","1"
"POINT (11.573856965000061 48.129621710000038)","Unfall 205950 (2019) Kat:3, Licht: 0","205950","3","7","5","04","07","2","0","0","1","1","0","0"
"POINT (11.544650372000035 48.214816319000079)","Unfall 205951 (2019) Kat:3, Licht: 0","205951","3","7","1","04","15","2","0","0","0","1","0","1"
"POINT (11.473540799000034 48.129143452000051)","Unfall 205952 (2019) Kat:3, Licht: 0","205952","3","3","1","04","07","2","0","0","0","1","0","1"
"POINT (11.537664355000061 48.096152204000077)","Unfall 205954 (2019) Kat:3, Licht: 0","205954","3","6","5","04","08","2","0","0","1","1","0","0"
"POINT (11.602948942000069 48.140064683000048)","Unfall 205955 (2019) Kat:3, Licht: 0","205955","3","2","5","04","12","2","0","0","0","1","0","1"
"POINT (11.594418055000062 48.127886997000076)","Unfall 205956 (2019) Kat:3, Licht: 0","205956","3","1","0","04","09","2","0","0","1","0","0","0"
"POINT (11.561075144000029 48.137998645000039)","Unfall 205957 (2019) Kat:3, Licht: 0","205957","3","4","6","04","17","2","0","0","1","0","1","0"
"POINT (11.567291958000055 48.130420164000043)","Unfall 205958 (2019) Kat:3, Licht: 0","205958","3","5","1","04","12","2","0","0","1","0","0","0"
"POINT (11.581531102000042 48.138829371000043)","Unfall 205959 (2019) Kat:3, Licht: 0","205959","3","7","1","04","06","2","0","0","1","0","0","0"
"POINT (11.559905365000077 48.143797174000042)","Unfall 206021 (2019) Kat:3, Licht: 0","206021","3","1","6","03","17","1","0","0","0","0","1","0"
"POINT (11.574882278000075 48.210326891000079)","Unfall 206022 (2019) Kat:3, Licht: 0","206022","3","2","9","03","18","1","0","0","0","1","0","0"
"POINT (11.536713016000022 48.182514003000051)","Unfall 206023 (2019) Kat:3, Licht: 0","206023","3","5","1","03","14","1","0","0","0","1","0","0"
"POINT (11.533968553000022 48.138746801000082)","Unfall 206024 (2019) Kat:3, Licht: 0","206024","3","6","3","03","15","1","0","0","1","0","0","0"
"POINT (11.643028216000062 48.131563012000072)","Unfall 206025 (2019) Kat:3, Licht: 1","206025","3","7","1","03","06","1","0","1","0","1","0","0"
"POINT (11.559566066000059 48.174712957000054)","Unfall 206026 (2019) Kat:3, Licht: 0","206026","3","4","6","03","15","1","0","0","0","1","1","0"
"POINT (11.500058051000053 48.116409802000078)","Unfall 206027 (2019) Kat:3, Licht: 0","206027","3","6","3","03","14","1","0","0","1","0","0","0"
"POINT (11.573057832000075 48.116053616000045)","Unfall 206028 (2019) Kat:3, Licht: 0","206028","3","6","1","03","15","1","0","0","0","1","0","0"
"POINT (11.572636237000040 48.120589201000030)","Unfall 206029 (2019) Kat:3, Licht: 0","206029","3","7","1","03","13","1","0","0","1","1","0","0"
"POINT (11.560923352000032 48.125456455000062)","Unfall 206030 (2019) Kat:3, Licht: 0","206030","3","2","3","03","15","1","0","0","1","1","0","0"
"POINT (11.548416050000071 48.120119872000032)","Unfall 206068 (2019) Kat:3, Licht: 1","206068","3","7","0","03","19","7","0","1","0","0","1","0"
"POINT (11.547008543000061 48.081989579000037)","Unfall 206070 (2019) Kat:3, Licht: 0","206070","3","5","6","03","11","7","0","0","0","1","1","0"
"POINT (11.593269022000072 48.201768897000079)","Unfall 206071 (2019) Kat:3, Licht: 0","206071","3","3","5","03","16","7","0","0","1","1","0","0"
"POINT (11.572776073000057 48.175681862000033)","Unfall 206072 (2019) Kat:3, Licht: 2","206072","3","3","5","03","01","7","0","2","1","1","0","0"
"POINT (11.556015532000060 48.210033247000069)","Unfall 206073 (2019) Kat:3, Licht: 0","206073","3","7","1","03","14","7","0","0","0","1","0","0"
"POINT (11.592584725000052 48.201700186000039)","Unfall 206074 (2019) Kat:3, Licht: 2","206074","3","6","2","03","21","7","0","2","0","1","0","0"
"POINT (11.552218031000052 48.171785126000032)","Unfall 206075 (2019) Kat:3, Licht: 0","206075","3","6","3","03","15","7","0","0","1","0","0","0"
"POINT (11.481611224000062 48.141605629000026)","Unfall 206076 (2019) Kat:3, Licht: 0","206076","3","2","5","03","13","7","0","0","1","1","0","0"
"POINT (11.573031106000030 48.121300630000064)","Unfall 206077 (2019) Kat:3, Licht: 2","206077","3","7","0","03","21","7","0","2","0","1","0","0"
"POINT (11.585127007000040 48.158680273000073)","Unfall 206078 (2019) Kat:3, Licht: 2","206078","3","5","3","03","19","7","0","2","1","1","0","0"
"POINT (11.565475805000062 48.137913993000041)","Unfall 206079 (2019) Kat:3, Licht: 0","206079","3","2","0","03","13","7","0","0","1","1","0","0"
"POINT (11.572964016000071 48.172295703000032)","Unfall 206120 (2019) Kat:3, Licht: 0","206120","3","7","0","03","18","6","0","0","0","0","1","0"
"POINT (11.452587657000038 48.151135892000070)","Unfall 206121 (2019) Kat:3, Licht: 0","206121","3","3","5","03","17","6","0","0","0","1","0","0"
"POINT (11.528383522000070 48.218036251000058)","Unfall 206122 (2019) Kat:3, Licht: 0","206122","3","3","5","03","15","6","0","0","1","1","0","0"
"POINT (11.585433497000054 48.159235913000032)","Unfall 206123 (2019) Kat:2, Licht: 0","206123","2","7","6","03","11","6","0","0","1","0","1","0"
"POINT (11.680646133000039 48.137824322000029)","Unfall 206124 (2019) Kat:2, Licht: 0","206124","2","3","3","03","16","6","0","0","1","1","0","0"
"POINT (11.605765136000059 48.200371080000082)","Unfall 206125 (2019) Kat:3, Licht: 0","206125","3","3","5","03","13","6","0","0","0","1","0","0"
"POINT (11.492554975000076 48.140252587000077)","Unfall 206126 (2019) Kat:3, Licht: 0","206126","3","2","3","03","08","6","0","0","0","1","0","0"
"POINT (11.586486076000028 48.164313002000029)","Unfall 206127 (2019) Kat:3, Licht: 0","206127","3","2","4","03","14","6","0","0","1","1","0","0"
"POINT (11.574871907000045 48.187535065000077)","Unfall 206128 (2019) Kat:3, Licht: 0","206128","3","6","3","03","13","6","0","0","0","1","0","0"
"POINT (11.539383607000048 48.155169658000034)","Unfall 206129 (2019) Kat:3, Licht: 0","206129","3","5","1","03","11","6","0","0","1","1","0","0"
"POINT (11.536693598000056 48.153737285000034)","Unfall 206130 (2019) Kat:3, Licht: 2","206130","3","3","5","03","18","6","0","2","1","1","0","0"
"POINT (11.603982133000045 48.109098837000033)","Unfall 206132 (2019) Kat:3, Licht: 0","206132","3","7","1","03","14","6","0","0","0","1","0","0"
"POINT (11.597439036000026 48.102965762000053)","Unfall 206133 (2019) Kat:3, Licht: 0","206133","3","6","2","03","16","6","0","0","0","1","0","0"
"POINT (11.625620266000055 48.162792140000079)","Unfall 206134 (2019) Kat:3, Licht: 0","206134","3","7","0","03","12","6","0","0","0","1","0","0"
"POINT (11.576046653000049 48.127780418000043)","Unfall 206135 (2019) Kat:3, Licht: 2","206135","3","1","0","03","23","6","0","2","1","0","0","0"
"POINT (11.534247688000050 48.128649552000070)","Unfall 206136 (2019) Kat:3, Licht: 0","206136","3","4","6","03","17","6","0","0","0","0","1","1"
"POINT (11.578100089000031 48.135000759000036)","Unfall 206137 (2019) Kat:3, Licht: 0","206137","3","4","6","03","11","6","0","0","1","0","1","0"
"POINT (11.538213630000030 48.101206674000025)","Unfall 206217 (2019) Kat:3, Licht: 0","206217","3","6","4","04","16","6","0","0","1","1","0","0"
"POINT (11.543553418000045 48.200792754000076)","Unfall 206218 (2019) Kat:3, Licht: 0","206218","3","2","4","04","12","6","0","0","0","1","0","1"
"POINT (11.420522868000035 48.150090339000030)","Unfall 206219 (2019) Kat:3, Licht: 2","206219","3","6","1","04","22","6","0","2","0","1","1","1"
"POINT (11.530069691000051 48.109819050000056)","Unfall 206220 (2019) Kat:2, Licht: 0","206220","2","7","6","04","10","6","0","0","0","1","1","0"
"POINT (11.575320578000060 48.181619779000073)","Unfall 206221 (2019) Kat:3, Licht: 0","206221","3","3","6","04","10","6","1","0","1","0","1","0"
"POINT (11.543559799000036 48.200796885000045)","Unfall 206222 (2019) Kat:3, Licht: 0","206222","3","3","5","04","14","6","0","0","1","1","0","0"
"POINT (11.552917102000038 48.161735799000041)","Unfall 206223 (2019) Kat:3, Licht: 0","206223","3","6","1","04","13","6","0","0","0","1","0","0"
"POINT (11.614983365000057 48.140368018000061)","Unfall 206224 (2019) Kat:3, Licht: 0","206224","3","7","5","04","18","6","0","0","1","1","0","0"
"POINT (11.561345914000071 48.141175224000051)","Unfall 206225 (2019) Kat:2, Licht: 0","206225","2","1","0","04","17","6","0","0","0","0","0","0"
"POINT (11.561778585000070 48.136335499000040)","Unfall 206226 (2019) Kat:3, Licht: 0","206226","3","5","1","04","16","6","0","0","1","1","0","0"
"POINT (11.593709787000023 48.152214959000048)","Unfall 206227 (2019) Kat:3, Licht: 0","206227","3","4","6","04","18","6","0","0","1","0","1","0"
"POINT (11.534580496000046 48.153269799000043)","Unfall 206269 (2019) Kat:3, Licht: 0","206269","3","1","0","04","13","7","0","0","1","0","0","0"
"POINT (11.481232469000076 48.093688738000026)","Unfall 206271 (2019) Kat:3, Licht: 0","206271","3","3","5","04","13","5","0","0","1","1","0","0"
"POINT (11.658171997000068 48.134101107000049)","Unfall 206272 (2019) Kat:3, Licht: 0","206272","3","7","6","04","07","5","0","0","0","1","1","0"
"POINT (11.535486601000059 48.148104963000037)","Unfall 206273 (2019) Kat:3, Licht: 0","206273","3","3","5","04","14","5","0","0","1","1","0","0"
"POINT (11.509645860000035 48.167510840000034)","Unfall 206274 (2019) Kat:3, Licht: 0","206274","3","6","1","04","14","5","0","0","0","1","0","0"
"POINT (11.533450494000022 48.153094361000058)","Unfall 206275 (2019) Kat:3, Licht: 0","206275","3","3","4","04","13","5","0","0","1","1","0","0"
"POINT (11.538752332000058 48.146081558000049)","Unfall 206276 (2019) Kat:3, Licht: 1","206276","3","7","1","04","06","5","0","1","1","0","0","0"
"POINT (11.520493723000072 48.147668243000055)","Unfall 206277 (2019) Kat:3, Licht: 0","206277","3","2","3","04","15","5","0","0","1","1","0","0"
"POINT (11.536792611000067 48.151786295000079)","Unfall 206278 (2019) Kat:3, Licht: 0","206278","3","2","3","04","15","5","0","0","1","1","0","0"
"POINT (11.556019959000025 48.137481078000064)","Unfall 206280 (2019) Kat:3, Licht: 0","206280","3","2","4","04","08","5","0","0","1","1","0","0"
"POINT (11.508538662000035 48.078230423000036)","Unfall 206311 (2019) Kat:3, Licht: 2","206311","3","3","5","04","06","7","0","2","0","1","0","1"
"POINT (11.585720076000030 48.096462641000073)","Unfall 206330 (2019) Kat:3, Licht: 0","206330","3","3","5","04","14","4","0","0","0","1","0","0"
"POINT (11.570378584000025 48.144338517000051)","Unfall 206331 (2019) Kat:3, Licht: 0","206331","3","6","4","04","08","4","0","0","1","1","0","0"
"POINT (11.531091911000033 48.136447994000036)","Unfall 206332 (2019) Kat:3, Licht: 0","206332","3","3","5","04","12","4","0","0","1","1","0","0"
"POINT (11.553495047000069 48.217486087000054)","Unfall 206333 (2019) Kat:3, Licht: 0","206333","3","2","5","04","15","4","0","0","0","1","0","1"
"POINT (11.595034766000026 48.149929242000042)","Unfall 206334 (2019) Kat:3, Licht: 0","206334","3","5","1","04","14","4","0","0","1","1","0","0"
"POINT (11.580082311000069 48.158823625000025)","Unfall 206335 (2019) Kat:3, Licht: 0","206335","3","3","5","04","10","4","0","0","0","1","0","0"
"POINT (11.538042483000027 48.139782240000045)","Unfall 206336 (2019) Kat:2, Licht: 1","206336","2","3","5","04","19","4","0","1","0","1","0","1"
"POINT (11.532332024000027 48.155419865000056)","Unfall 206338 (2019) Kat:2, Licht: 0","206338","2","6","3","04","11","4","0","0","1","0","0","0"
"POINT (11.546807671000067 48.149804308000057)","Unfall 206339 (2019) Kat:3, Licht: 0","206339","3","2","4","04","14","4","0","0","1","1","0","0"
"POINT (11.575896954000029 48.128239952000058)","Unfall 206340 (2019) Kat:2, Licht: 0","206340","2","7","3","04","08","4","0","0","1","1","0","0"
"POINT (11.464894930000071 48.139560805000031)","Unfall 206342 (2019) Kat:3, Licht: 0","206342","3","3","5","04","16","4","0","0","0","1","0","1"
"POINT (11.529424055000050 48.182050870000069)","Unfall 206343 (2019) Kat:3, Licht: 0","206343","3","2","5","04","10","4","0","0","1","1","0","0"
"POINT (11.562724389000039 48.212601427000038)","Unfall 206344 (2019) Kat:3, Licht: 0","206344","3","4","6","04","17","4","0","0","1","0","1","0"
"POINT (11.691408451000029 48.115479606000065)","Unfall 206345 (2019) Kat:3, Licht: 0","206345","3","3","5","04","18","4","0","0","1","1","0","0"
"POINT (11.609672971000066 48.118456352000067)","Unfall 206346 (2019) Kat:3, Licht: 0","206346","3","2","4","04","15","4","0","0","0","1","0","0"
"POINT (11.576357362000067 48.127764478000074)","Unfall 206347 (2019) Kat:3, Licht: 0","206347","3","6","3","04","13","4","0","0","1","0","0","0"
"POINT (11.527480474000072 48.095381563000046)","Unfall 206388 (2019) Kat:3, Licht: 0","206388","3","4","2","04","11","3","0","0","0","1","1","0"
"POINT (11.559606416000065 48.137409917000070)","Unfall 206389 (2019) Kat:3, Licht: 0","206389","3","6","0","04","08","3","0","0","1","0","0","0"
"POINT (11.565453353000066 48.148327746000064)","Unfall 206390 (2019) Kat:3, Licht: 0","206390","3","3","5","04","14","3","0","0","0","1","0","0"
"POINT (11.557240907000050 48.128980938000041)","Unfall 206391 (2019) Kat:3, Licht: 0","206391","3","4","6","04","18","3","0","0","0","0","1","1"
"POINT (11.644473858000026 48.165674613000078)","Unfall 206392 (2019) Kat:2, Licht: 0","206392","2","2","3","04","16","3","0","0","1","1","0","0"
"POINT (11.479325889000052 48.125651173000051)","Unfall 206393 (2019) Kat:3, Licht: 0","206393","3","6","2","04","14","3","0","0","0","1","0","0"
"POINT (11.539361252000049 48.151377422000053)","Unfall 206394 (2019) Kat:3, Licht: 0","206394","3","2","4","04","16","3","0","0","1","1","0","0"
"POINT (11.585083413000064 48.187737028000072)","Unfall 206395 (2019) Kat:3, Licht: 0","206395","3","1","9","04","14","3","0","0","0","1","0","0"
"POINT (11.455080453000051 48.201352901000064)","Unfall 206397 (2019) Kat:3, Licht: 2","206397","3","2","5","04","05","3","0","2","1","1","0","0"
"POINT (11.565852658000040 48.187221291000071)","Unfall 206398 (2019) Kat:3, Licht: 0","206398","3","2","5","04","07","3","0","0","1","1","0","0"
"POINT (11.583720382000024 48.184285248000037)","Unfall 206399 (2019) Kat:3, Licht: 0","206399","3","7","5","04","16","3","0","0","1","1","0","0"
"POINT (11.511479776000044 48.158726860000058)","Unfall 206401 (2019) Kat:3, Licht: 0","206401","3","2","5","04","16","3","0","0","0","1","0","0"
"POINT (11.677037093000024 48.100447197000051)","Unfall 206402 (2019) Kat:3, Licht: 0","206402","3","6","2","04","08","3","0","0","1","0","0","1"
"POINT (11.584496354000066 48.157231182000032)","Unfall 206404 (2019) Kat:3, Licht: 0","206404","3","6","3","04","18","3","0","0","1","1","0","0"
"POINT (11.581618059000050 48.151232444000073)","Unfall 206405 (2019) Kat:3, Licht: 0","206405","3","3","1","04","17","3","0","0","1","1","0","0"
"POINT (11.590432203000034 48.192726487000073)","Unfall 206456 (2019) Kat:3, Licht: 0","206456","3","1","0","04","16","4","0","0","0","0","0","1"
"POINT (11.566024830000060 48.123179580000055)","Unfall 206457 (2019) Kat:3, Licht: 0","206457","3","6","0","04","16","4","0","0","0","1","0","0"
"POINT (11.694109078000054 48.132771536000064)","Unfall 206459 (2019) Kat:3, Licht: 0","206459","3","3","5","04","14","4","0","0","1","1","0","0"
"POINT (11.503027347000057 48.139532190000068)","Unfall 206460 (2019) Kat:3, Licht: 0","206460","3","2","3","04","08","4","0","0","1","1","0","0"
"POINT (11.471622271000058 48.182462776000079)","Unfall 206463 (2019) Kat:3, Licht: 0","206463","3","7","6","04","11","4","0","0","0","1","1","0"
"POINT (11.579785342000037 48.115381741000078)","Unfall 206464 (2019) Kat:3, Licht: 0","206464","3","4","6","04","13","4","0","0","0","0","1","0"
"POINT (11.596809916000041 48.126842039000053)","Unfall 206465 (2019) Kat:3, Licht: 2","206465","3","6","2","04","18","4","1","2","0","1","0","0"
"POINT (11.596595850000028 48.150022710000030)","Unfall 206466 (2019) Kat:3, Licht: 0","206466","3","7","0","04","18","4","1","0","1","0","0","0"
"POINT (11.645009448000053 48.092149939000080)","Unfall 206511 (2019) Kat:3, Licht: 2","206511","3","3","5","04","20","3","0","2","0","1","0","0"
"POINT (11.690032773000041 48.137249301000054)","Unfall 206512 (2019) Kat:3, Licht: 0","206512","3","3","5","04","09","3","0","0","0","1","0","0"
"POINT (11.567262879000054 48.154521624000040)","Unfall 206513 (2019) Kat:3, Licht: 0","206513","3","5","4","04","15","3","0","0","1","1","0","0"
"POINT (11.479886161000024 48.155734558000063)","Unfall 206515 (2019) Kat:2, Licht: 0","206515","2","3","5","04","08","3","0","0","1","0","0","0"
"POINT (11.557622099000071 48.219787316000065)","Unfall 206516 (2019) Kat:3, Licht: 0","206516","3","4","6","04","13","3","0","0","0","1","1","0"
"POINT (11.548022903000060 48.140146357000049)","Unfall 206517 (2019) Kat:2, Licht: 0","206517","2","5","1","04","17","3","0","0","0","1","0","1"
"POINT (11.543384144000072 48.122194157000081)","Unfall 206518 (2019) Kat:2, Licht: 0","206518","2","4","6","04","08","3","0","0","1","0","1","0"
"POINT (11.540457157000048 48.216536547000032)","Unfall 206519 (2019) Kat:3, Licht: 0","206519","3","3","5","04","06","3","0","0","0","1","0","0"
"POINT (11.506574326000077 48.096370513000068)","Unfall 206520 (2019) Kat:3, Licht: 0","206520","3","5","1","04","17","3","0","0","0","1","0","0"
"POINT (11.546414474000073 48.112076230000071)","Unfall 206521 (2019) Kat:2, Licht: 0","206521","2","3","5","04","17","3","0","0","1","1","0","0"
"POINT (11.592111513000077 48.142257109000070)","Unfall 206522 (2019) Kat:3, Licht: 0","206522","3","2","5","04","07","3","0","0","1","1","0","0"
"POINT (11.585069174000068 48.132452935000060)","Unfall 206523 (2019) Kat:3, Licht: 0","206523","3","2","3","04","08","3","0","0","1","1","0","0"
"POINT (11.564448963000075 48.170064231000026)","Unfall 206564 (2019) Kat:2, Licht: 0","206564","2","6","2","04","07","2","0","0","0","1","0","0"
"POINT (11.597615790000077 48.123233736000032)","Unfall 206565 (2019) Kat:3, Licht: 0","206565","3","6","1","04","18","2","0","0","0","1","0","0"
"POINT (11.524065136000047 48.099863900000059)","Unfall 206566 (2019) Kat:2, Licht: 0","206566","2","2","3","04","17","2","0","0","1","1","0","0"
"POINT (11.647344043000032 48.100861537000071)","Unfall 206567 (2019) Kat:2, Licht: 0","206567","2","7","0","04","11","2","1","0","0","0","0","0"
"POINT (11.564388526000073 48.164544882000030)","Unfall 206568 (2019) Kat:3, Licht: 0","206568","3","2","4","04","16","2","0","0","1","1","0","0"
"POINT (11.562752984000042 48.144180855000059)","Unfall 206569 (2019) Kat:2, Licht: 0","206569","2","7","0","04","15","2","0","0","1","0","0","0"
"POINT (11.466386299000021 48.150649821000059)","Unfall 206571 (2019) Kat:3, Licht: 0","206571","3","7","0","04","17","2","0","0","0","0","0","1"
"POINT (11.455680966000045 48.150427798000067)","Unfall 206573 (2019) Kat:3, Licht: 0","206573","3","4","6","04","08","2","1","0","0","1","1","0"
"POINT (11.530759915000033 48.177713618000041)","Unfall 206574 (2019) Kat:3, Licht: 0","206574","3","3","5","04","08","2","0","0","1","1","0","0"
"POINT (11.558514538000054 48.156740942000056)","Unfall 206575 (2019) Kat:3, Licht: 0","206575","3","2","5","04","08","2","0","0","1","1","0","0"
"POINT (11.589448448000041 48.122278444000074)","Unfall 206578 (2019) Kat:3, Licht: 0","206578","3","2","5","04","09","2","0","0","1","1","0","0"
"POINT (11.581549226000050 48.151086631000055)","Unfall 206632 (2019) Kat:3, Licht: 0","206632","3","3","1","04","15","1","0","0","1","1","0","0"
"POINT (11.396983982000052 48.145158793000064)","Unfall 206633 (2019) Kat:2, Licht: 0","206633","2","7","0","04","17","1","0","0","1","0","0","0"
"POINT (11.570725847000062 48.156494647000045)","Unfall 206634 (2019) Kat:3, Licht: 0","206634","3","3","5","04","15","1","0","0","1","1","0","0"