WKT,Name,OBJECTID,UKATEGORIE,UTYP1,UART,UMONAT,USTUNDE,UWOCHENTAG,STRZUSTAND,ULICHTVERH,ISTRAD,ISTPKW,ISTFUSS,ISTKRAD
"POINT (11.588496999000029 48.174155286000030)","Unfall 206636 (2019) Kat:3, Licht: 0","206636","3","6","3","04","19","1","0","0","1","1","0","0"
"POINT (11.503195189000053 48.135356047000073)","Unfall 206638 (2019) Kat:3, Licht: 2","206638","3","2","3","04","19","1","0","2","1","1","0","0"
"POINT (11.615620718000059 48.154191922000052)","Unfall 206639 (2019) Kat:3, Licht: 0","206639","3","3","5","04","16","1","0","0","1","1","0","0"
"POINT (11.538557620000063 48.139838297000040)","Unfall 206640 (2019) Kat:3, Licht: 0","206640","3","5","8","04","09","1","0","0","0","1","0","0"
"POINT (11.577833687000066 48.143154731000038)","Unfall 206697 (2019) Kat:3, Licht: 0","206697","3","7","3","04","17","7","0","0","0","1","0","1"
"POINT (11.533521786000051 48.167689754000037)","Unfall 206698 (2019) Kat:3, Licht: 0","206698","3","1","5","04","15","7","0","0","1","1","0","0"
"POINT (11.611475067000072 48.199932549000039)","Unfall 206699 (2019) Kat:3, Licht: 2","206699","3","3","5","04","21","7","0","2","0","1","0","0"
"POINT (11.577175458000056 48.127151376000029)","Unfall 206700 (2019) Kat:3, Licht: 0","206700","3","4","6","04","18","7","0","0","1","0","1","0"
"POINT (11.529793545000075 48.217849389000037)","Unfall 206701 (2019) Kat:3, Licht: 2","206701","3","3","5","04","22","7","0","2","0","1","0","0"
"POINT (11.488420421000058 48.164102599000046)","Unfall 206702 (2019) Kat:3, Licht: 0","206702","3","3","5","04","12","7","0","0","1","1","0","0"
"POINT (11.592166802000065 48.142320991000076)","Unfall 206703 (2019) Kat:2, Licht: 2","206703","2","3","5","04","03","7","0","2","0","1","0","0"
"POINT (11.689476546000037 48.135501729000055)","Unfall 206704 (2019) Kat:3, Licht: 0","206704","3","6","2","04","15","7","0","0","0","1","0","0"
"POINT (11.564265962000036 48.208859064000080)","Unfall 206705 (2019) Kat:3, Licht: 0","206705","3","7","0","04","16","7","0","0","1","0","0","0"
"POINT (11.559331348000057 48.145972576000077)","Unfall 206710 (2019) Kat:3, Licht: 2","206710","3","7","3","04","23","3","0","2","1","0","0","0"
"POINT (11.585764759000028 48.171137968000039)","Unfall 206711 (2019) Kat:3, Licht: 0","206711","3","4","6","04","17","3","0","0","1","0","1","0"
"POINT (11.571293699000023 48.184486715000048)","Unfall 206712 (2019) Kat:3, Licht: 0","206712","3","7","5","04","12","3","0","0","1","1","0","0"
"POINT (11.594523624000033 48.141940484000031)","Unfall 206713 (2019) Kat:3, Licht: 0","206713","3","2","3","04","18","3","0","0","1","1","0","0"
"POINT (11.571826807000036 48.160597165000070)","Unfall 206714 (2019) Kat:3, Licht: 0","206714","3","5","1","04","16","3","0","0","1","1","0","0"
"POINT (11.502526077000027 48.122226357000045)","Unfall 206715 (2019) Kat:2, Licht: 0","206715","2","1","0","04","19","3","0","0","0","0","0","0"
"POINT (11.638564392000035 48.142509721000067)","Unfall 206716 (2019) Kat:3, Licht: 0","206716","3","3","3","04","16","3","0","0","1","1","0","0"
"POINT (11.671655367000028 48.109352209000065)","Unfall 206717 (2019) Kat:3, Licht: 0","206717","3","3","5","04","14","3","0","0","0","1","0","0"
"POINT (11.500962349000076 48.165931038000053)","Unfall 206719 (2019) Kat:3, Licht: 0","206719","3","7","1","04","05","3","0","0","0","1","0","0"
"POINT (11.614009261000035 48.131277193000074)","Unfall 206720 (2019) Kat:3, Licht: 2","206720","3","2","3","04","21","3","0","2","0","0","0","1"
"POINT (11.529910886000039 48.116803918000073)","Unfall 206721 (2019) Kat:3, Licht: 0","206721","3","3","3","04","17","3","0","0","0","1","0","0"
"POINT (11.548520358000076 48.138353532000053)","Unfall 206774 (2019) Kat:3, Licht: 0","206774","3","6","4","04","07","2","0","0","1","0","0","0"
"POINT (11.605229900000040 48.104533959000037)","Unfall 206776 (2019) Kat:3, Licht: 2","206776","3","2","4","04","22","2","0","2","0","1","0","0"
"POINT (11.583822619000046 48.195702985000025)","Unfall 206778 (2019) Kat:3, Licht: 0","206778","3","7","2","04","12","2","0","0","1","1","0","0"
"POINT (11.546363911000071 48.158974865000062)","Unfall 206779 (2019) Kat:3, Licht: 0","206779","3","4","6","04","11","2","0","0","0","0","1","0"
"POINT (11.481127464000053 48.092213066000056)","Unfall 206780 (2019) Kat:3, Licht: 0","206780","3","7","4","04","10","2","0","0","0","1","0","0"
"POINT (11.532446203000063 48.176428238000028)","Unfall 206781 (2019) Kat:3, Licht: 0","206781","3","6","3","04","15","2","0","0","0","1","0","0"
"POINT (11.521648629000026 48.221416819000069)","Unfall 206782 (2019) Kat:3, Licht: 0","206782","3","5","3","04","14","2","0","0","1","1","0","0"
"POINT (11.599298398000030 48.148853108000026)","Unfall 206783 (2019) Kat:3, Licht: 0","206783","3","7","0","04","13","2","0","0","0","0","0","0"
"POINT (11.609672971000066 48.118456352000067)","Unfall 206784 (2019) Kat:3, Licht: 0","206784","3","2","5","04","07","2","0","0","0","1","0","0"
"POINT (11.599039640000058 48.121137183000030)","Unfall 206785 (2019) Kat:3, Licht: 0","206785","3","1","0","04","17","2","0","0","1","0","0","0"
"POINT (11.577837273000057 48.170140107000066)","Unfall 206786 (2019) Kat:3, Licht: 0","206786","3","6","5","04","10","2","0","0","0","1","0","0"
"POINT (11.561353444000076 48.144566039000040)","Unfall 206787 (2019) Kat:3, Licht: 0","206787","3","4","6","04","17","2","0","0","0","1","1","0"
"POINT (11.540157092000072 48.135238320000042)","Unfall 206844 (2019) Kat:2, Licht: 0","206844","2","1","1","04","16","1","0","0","1","0","0","0"
"POINT (11.566810700000076 48.150420130000043)","Unfall 206845 (2019) Kat:3, Licht: 0","206845","3","7","0","04","14","1","0","0","0","0","0","0"
"POINT (11.569100541000068 48.158911677000049)","Unfall 206846 (2019) Kat:3, Licht: 0","206846","3","2","3","04","16","1","0","0","0","1","0","1"
"POINT (11.645119880000038 48.162840655000082)","Unfall 206848 (2019) Kat:2, Licht: 0","206848","2","3","5","04","13","1","0","0","1","1","0","0"
"POINT (11.561391513000046 48.154794225000046)","Unfall 206849 (2019) Kat:3, Licht: 0","206849","3","7","0","04","17","1","0","0","1","0","0","0"
"POINT (11.584194582000066 48.184297889000050)","Unfall 206872 (2019) Kat:3, Licht: 0","206872","3","7","1","04","17","7","0","0","1","1","0","0"
"POINT (11.523155325000062 48.134077925000042)","Unfall 206873 (2019) Kat:3, Licht: 0","206873","3","6","1","04","13","7","0","0","0","1","0","1"
"POINT (11.522774696000056 48.153211590000069)","Unfall 206874 (2019) Kat:3, Licht: 0","206874","3","5","1","04","09","7","0","0","1","1","0","0"
"POINT (11.580946328000039 48.210941800000057)","Unfall 206875 (2019) Kat:3, Licht: 1","206875","3","1","4","04","19","7","0","1","0","1","0","0"
"POINT (11.536897414000066 48.199968325000043)","Unfall 206876 (2019) Kat:3, Licht: 0","206876","3","1","0","04","16","7","0","0","1","0","0","0"
"POINT (11.592231640000023 48.139437981000071)","Unfall 206877 (2019) Kat:3, Licht: 0","206877","3","7","0","04","12","7","0","0","1","0","0","0"
"POINT (11.593995825000036 48.141943124000079)","Unfall 206906 (2019) Kat:3, Licht: 0","206906","3","7","0","04","09","6","0","0","0","0","1","0"
"POINT (11.510302104000061 48.181953526000029)","Unfall 206907 (2019) Kat:3, Licht: 0","206907","3","5","1","04","19","6","0","0","1","1","0","0"
"POINT (11.459542094000028 48.172019934000048)","Unfall 206908 (2019) Kat:3, Licht: 0","206908","3","3","5","04","18","6","0","0","1","1","0","0"
"POINT (11.588254355000061 48.115414999000052)","Unfall 206909 (2019) Kat:3, Licht: 0","206909","3","2","6","04","13","6","0","0","0","0","1","0"
"POINT (11.593579231000035 48.123487069000078)","Unfall 206910 (2019) Kat:2, Licht: 2","206910","2","1","1","04","20","6","0","2","0","1","0","1"
"POINT (11.585027532000026 48.126074731000074)","Unfall 206911 (2019) Kat:3, Licht: 0","206911","3","3","5","04","14","6","0","0","1","1","0","0"
"POINT (11.590230058000031 48.101108010000075)","Unfall 206958 (2019) Kat:3, Licht: 0","206958","3","3","5","04","15","5","0","0","1","1","0","0"
"POINT (11.590357549000032 48.191705294000030)","Unfall 206960 (2019) Kat:3, Licht: 0","206960","3","1","0","04","10","5","0","0","0","0","0","1"
"POINT (11.569784685000059 48.104673423000065)","Unfall 206961 (2019) Kat:3, Licht: 0","206961","3","7","0","04","11","5","0","0","0","0","0","0"
"POINT (11.609405933000062 48.136319045000050)","Unfall 206963 (2019) Kat:3, Licht: 0","206963","3","2","5","04","09","5","0","0","1","0","0","0"
"POINT (11.595289539000021 48.133960464000040)","Unfall 206964 (2019) Kat:3, Licht: 2","206964","3","4","6","04","23","5","0","2","0","1","1","0"
"POINT (11.551707076000071 48.185960716000068)","Unfall 206965 (2019) Kat:3, Licht: 0","206965","3","3","5","04","17","5","0","0","1","1","0","0"
"POINT (11.596467036000035 48.135948243000030)","Unfall 206966 (2019) Kat:3, Licht: 2","206966","3","2","4","04","20","5","0","2","1","1","0","0"
"POINT (11.604207091000035 48.147010030000047)","Unfall 206967 (2019) Kat:3, Licht: 0","206967","3","1","1","04","18","5","0","0","1","1","0","0"
"POINT (11.566087821000053 48.133255635000069)","Unfall 206968 (2019) Kat:3, Licht: 0","206968","3","6","3","04","14","5","0","0","1","0","0","0"
"POINT (11.579165065000041 48.134543933000032)","Unfall 206981 (2019) Kat:3, Licht: 0","206981","3","2","3","04","11","7","0","0","1","1","0","0"
"POINT (11.558419872000059 48.129498049000063)","Unfall 206982 (2019) Kat:3, Licht: 0","206982","3","2","5","04","11","7","0","0","0","1","0","0"
"POINT (11.571084736000046 48.141571956000064)","Unfall 206983 (2019) Kat:3, Licht: 2","206983","3","5","1","04","21","7","0","2","0","1","0","0"
"POINT (11.538501433000022 48.096237170000052)","Unfall 206984 (2019) Kat:3, Licht: 0","206984","3","2","4","04","15","7","0","0","1","1","0","0"
"POINT (11.502537276000055 48.126930948000052)","Unfall 206985 (2019) Kat:3, Licht: 0","206985","3","2","5","04","11","7","0","0","1","1","0","0"
"POINT (11.443630082000027 48.176438404000066)","Unfall 206986 (2019) Kat:3, Licht: 0","206986","3","4","6","04","12","7","0","0","0","0","1","1"
"POINT (11.503566341000067 48.089835699000048)","Unfall 206987 (2019) Kat:3, Licht: 0","206987","3","6","2","04","12","7","0","0","0","1","0","0"
"POINT (11.462967390000074 48.146692568000049)","Unfall 206990 (2019) Kat:3, Licht: 0","206990","3","4","6","04","14","7","0","0","0","1","1","0"
"POINT (11.582207857000071 48.135134472000061)","Unfall 206991 (2019) Kat:3, Licht: 0","206991","3","7","0","04","12","7","0","0","0","0","0","1"
"POINT (11.613102796000021 48.138292575000037)","Unfall 206993 (2019) Kat:2, Licht: 0","206993","2","3","5","04","13","7","0","0","0","1","0","1"
"POINT (11.468749692000074 48.151521039000045)","Unfall 206994 (2019) Kat:3, Licht: 2","206994","3","3","5","04","22","7","0","2","0","1","0","1"
"POINT (11.597176888000035 48.102329387000054)","Unfall 206996 (2019) Kat:3, Licht: 0","206996","3","3","5","04","12","7","0","0","1","0","0","0"
"POINT (11.588496321000036 48.131753218000028)","Unfall 206997 (2019) Kat:3, Licht: 0","206997","3","6","3","04","15","7","0","0","1","0","0","0"
"POINT (11.573885201000053 48.129600920000030)","Unfall 206998 (2019) Kat:3, Licht: 0","206998","3","6","3","04","13","7","0","0","1","1","0","0"
"POINT (11.588704514000028 48.140501581000080)","Unfall 207000 (2019) Kat:3, Licht: 0","207000","3","1","1","04","13","7","0","0","1","1","0","0"
"POINT (11.619870675000072 48.191876099000069)","Unfall 207072 (2019) Kat:3, Licht: 0","207072","3","1","1","04","18","6","0","0","1","1","0","0"
"POINT (11.565050753000037 48.167883358000040)","Unfall 207074 (2019) Kat:3, Licht: 0","207074","3","3","4","04","12","6","0","0","0","1","0","0"
"POINT (11.481054923000045 48.180423390000044)","Unfall 207075 (2019) Kat:1, Licht: 0","207075","1","3","5","04","11","6","0","0","0","1","0","0"
"POINT (11.530887567000036 48.102655222000067)","Unfall 207076 (2019) Kat:3, Licht: 0","207076","3","2","6","04","19","6","0","0","0","0","1","0"
"POINT (11.494384072000059 48.120608003000029)","Unfall 207077 (2019) Kat:3, Licht: 0","207077","3","5","1","04","19","6","0","0","1","1","0","0"
"POINT (11.580290860000048 48.114936245000081)","Unfall 207078 (2019) Kat:3, Licht: 0","207078","3","1","0","04","19","6","0","0","1","0","0","0"
"POINT (11.502534007000065 48.122417186000064)","Unfall 207130 (2019) Kat:3, Licht: 0","207130","3","6","3","04","14","5","0","0","0","1","0","0"
"POINT (11.566566037000030 48.122698721000063)","Unfall 207131 (2019) Kat:3, Licht: 0","207131","3","6","2","04","09","5","0","0","0","1","0","0"
"POINT (11.610677919000068 48.132175709000080)","Unfall 207132 (2019) Kat:2, Licht: 0","207132","2","1","0","04","17","5","0","0","0","0","0","1"
"POINT (11.558508440000026 48.186591870000029)","Unfall 207133 (2019) Kat:3, Licht: 0","207133","3","6","0","04","14","5","0","0","1","0","0","0"
"POINT (11.584415441000033 48.157177256000068)","Unfall 207134 (2019) Kat:3, Licht: 0","207134","3","2","5","04","14","5","0","0","1","1","0","0"
"POINT (11.587154682000062 48.162292679000075)","Unfall 207135 (2019) Kat:3, Licht: 0","207135","3","4","6","04","18","5","0","0","1","0","1","0"
"POINT (11.581578124000032 48.187743237000063)","Unfall 207136 (2019) Kat:3, Licht: 0","207136","3","6","3","04","10","5","0","0","0","1","0","0"
"POINT (11.502786547000028 48.131347623000067)","Unfall 207137 (2019) Kat:3, Licht: 0","207137","3","6","0","04","16","5","0","0","0","1","0","0"
"POINT (11.551298204000034 48.126017580000052)","Unfall 207138 (2019) Kat:3, Licht: 0","207138","3","2","2","04","14","5","0","0","0","1","0","1"
"POINT (11.503030926000065 48.139623512000071)","Unfall 207191 (2019) Kat:3, Licht: 0","207191","3","2","4","04","10","4","0","0","0","1","0","0"
"POINT (11.557534383000075 48.126942429000053)","Unfall 207192 (2019) Kat:3, Licht: 0","207192","3","2","4","04","16","4","0","0","1","1","0","0"
"POINT (11.588631898000074 48.137578479000069)","Unfall 207194 (2019) Kat:3, Licht: 0","207194","3","2","5","04","09","4","0","0","1","1","0","0"
"POINT (11.511156187000040 48.169923236000045)","Unfall 207195 (2019) Kat:3, Licht: 0","207195","3","6","1","04","16","4","0","0","0","1","0","1"
"POINT (11.628618367000058 48.147412815000052)","Unfall 207196 (2019) Kat:2, Licht: 0","207196","2","7","0","04","19","4","0","0","1","0","0","0"
"POINT (11.590273352000054 48.166620538000075)","Unfall 207197 (2019) Kat:3, Licht: 2","207197","3","6","2","04","23","4","0","2","0","1","0","0"
"POINT (11.582287590000021 48.135062569000070)","Unfall 207199 (2019) Kat:3, Licht: 0","207199","3","6","3","04","11","4","0","0","1","0","0","0"
"POINT (11.520285432000037 48.150191649000078)","Unfall 207200 (2019) Kat:3, Licht: 0","207200","3","2","5","04","11","4","0","0","0","1","0","0"
"POINT (11.503025385000058 48.098579940000036)","Unfall 207201 (2019) Kat:3, Licht: 0","207201","3","3","5","04","17","4","0","0","0","1","0","0"
"POINT (11.534125710000069 48.137967666000065)","Unfall 207202 (2019) Kat:3, Licht: 1","207202","3","1","0","04","19","4","0","1","1","0","0","0"
"POINT (11.568266674000029 48.147540434000064)","Unfall 207203 (2019) Kat:3, Licht: 0","207203","3","1","2","04","12","4","0","0","1","1","0","0"
"POINT (11.596110769000063 48.141838894000045)","Unfall 207245 (2019) Kat:3, Licht: 0","207245","3","6","3","04","10","5","0","0","0","1","0","1"
"POINT (11.546402374000024 48.149981720000028)","Unfall 207247 (2019) Kat:3, Licht: 0","207247","3","2","5","04","07","5","0","0","1","1","0","0"
"POINT (11.599743570000044 48.148811129000080)","Unfall 207248 (2019) Kat:3, Licht: 2","207248","3","7","0","04","22","5","0","2","1","0","0","0"
"POINT (11.607672106000052 48.138915816000065)","Unfall 207249 (2019) Kat:3, Licht: 2","207249","3","2","5","04","21","5","0","2","1","1","0","0"
"POINT (11.559318814000051 48.136353941000039)","Unfall 207251 (2019) Kat:3, Licht: 0","207251","3","5","1","04","18","5","0","0","1","1","0","0"
"POINT (11.555391805000056 48.132601521000026)","Unfall 207252 (2019) Kat:3, Licht: 0","207252","3","6","1","04","08","5","0","0","0","1","0","1"
"POINT (11.573672523000027 48.170252134000066)","Unfall 207253 (2019) Kat:3, Licht: 0","207253","3","6","2","04","08","5","0","0","0","1","0","1"
"POINT (11.571931854000070 48.148946227000067)","Unfall 207254 (2019) Kat:3, Licht: 1","207254","3","7","0","04","19","5","0","1","1","0","0","0"
"POINT (11.567416866000030 48.123151824000047)","Unfall 207304 (2019) Kat:3, Licht: 0","207304","3","3","5","04","11","5","0","0","1","1","0","0"
"POINT (11.580545515000040 48.148977769000055)","Unfall 207318 (2019) Kat:3, Licht: 0","207318","3","3","5","04","17","5","0","0","1","1","0","0"
"POINT (11.465228974000070 48.146152731000029)","Unfall 207322 (2019) Kat:3, Licht: 0","207322","3","2","5","04","12","4","0","0","0","1","0","0"
"POINT (11.562092739000036 48.125036253000076)","Unfall 207323 (2019) Kat:3, Licht: 0","207323","3","7","0","04","09","4","0","0","0","0","0","1"
"POINT (11.571565978000024 48.131338225000036)","Unfall 207324 (2019) Kat:3, Licht: 0","207324","3","7","0","04","09","4","0","0","1","0","0","0"
"POINT (11.537611891000040 48.151629318000062)","Unfall 207326 (2019) Kat:3, Licht: 0","207326","3","7","1","04","13","4","0","0","1","0","0","0"
"POINT (11.565519244000029 48.133023367000078)","Unfall 207327 (2019) Kat:3, Licht: 2","207327","3","3","5","04","19","4","0","2","1","1","0","0"
"POINT (11.503030585000033 48.139614820000077)","Unfall 207328 (2019) Kat:3, Licht: 2","207328","3","2","4","04","21","4","0","2","0","1","0","0"
"POINT (11.587776598000062 48.179751376000070)","Unfall 207330 (2019) Kat:3, Licht: 0","207330","3","2","5","04","09","4","0","0","1","1","0","0"
"POINT (11.524007463000032 48.161182941000050)","Unfall 207332 (2019) Kat:2, Licht: 0","207332","2","7","0","04","13","4","0","0","0","0","0","1"
"POINT (11.503028802000074 48.139569306000055)","Unfall 207333 (2019) Kat:3, Licht: 2","207333","3","2","4","04","21","4","0","2","1","1","0","0"
"POINT (11.581385219000026 48.124620065000045)","Unfall 207334 (2019) Kat:2, Licht: 0","207334","2","7","6","04","14","4","0","0","0","0","1","0"
"POINT (11.550821454000072 48.112367226000060)","Unfall 207335 (2019) Kat:3, Licht: 2","207335","3","3","5","04","22","4","0","2","0","1","0","0"
"POINT (11.564905541000030 48.124035134000053)","Unfall 207336 (2019) Kat:3, Licht: 0","207336","3","5","1","04","19","4","0","0","1","1","0","0"
"POINT (11.540699172000075 48.163640256000065)","Unfall 207349 (2019) Kat:3, Licht: 0","207349","3","7","0","04","13","5","0","0","1","0","0","0"
"POINT (11.570225610000023 48.160966803000065)","Unfall 207358 (2019) Kat:3, Licht: 0","207358","3","1","4","04","10","5","0","0","1","0","0","0"
"POINT (11.593714630000022 48.140213424000081)","Unfall 207363 (2019) Kat:3, Licht: 2","207363","3","7","0","04","22","5","0","2","0","1","0","1"
"POINT (11.651786610000045 48.114268133000053)","Unfall 207398 (2019) Kat:3, Licht: 0","207398","3","2","5","04","17","3","0","0","0","1","0","1"
"POINT (11.562121191000074 48.147897685000032)","Unfall 207399 (2019) Kat:3, Licht: 0","207399","3","2","5","04","14","3","0","0","1","1","0","0"
"POINT (11.601329123000028 48.143640934000075)","Unfall 207401 (2019) Kat:3, Licht: 0","207401","3","5","0","04","12","3","0","0","1","1","0","0"
"POINT (11.541111646000047 48.121913999000071)","Unfall 207402 (2019) Kat:3, Licht: 0","207402","3","1","0","04","18","3","0","0","0","0","0","1"
"POINT (11.549161918000038 48.102751104000049)","Unfall 207403 (2019) Kat:3, Licht: 2","207403","3","6","6","04","20","3","0","2","1","0","1","0"
"POINT (11.582525367000073 48.117991332000031)","Unfall 207404 (2019) Kat:3, Licht: 0","207404","3","5","1","04","18","5","0","0","0","1","0","1"
"POINT (11.624222453000073 48.121894300000065)","Unfall 207405 (2019) Kat:3, Licht: 0","207405","3","7","0","04","19","3","0","0","0","1","1","0"
"POINT (11.645969322000042 48.138678542000036)","Unfall 207406 (2019) Kat:3, Licht: 0","207406","3","3","5","04","17","3","0","0","0","1","0","0"
"POINT (11.458726624000064 48.148112899000068)","Unfall 207407 (2019) Kat:3, Licht: 0","207407","3","6","4","04","19","3","0","0","1","1","0","0"
"POINT (11.565551950000042 48.139013924000039)","Unfall 207408 (2019) Kat:3, Licht: 1","207408","3","4","6","04","20","3","0","1","1","1","1","0"
"POINT (11.611842096000032 48.201938000000041)","Unfall 207410 (2019) Kat:3, Licht: 0","207410","3","7","0","04","19","3","0","0","1","0","0","0"
"POINT (11.588145332000067 48.163104494000038)","Unfall 207411 (2019) Kat:3, Licht: 0","207411","3","1","4","04","19","3","0","0","1","1","0","0"
"POINT (11.586235249000026 48.160894966000058)","Unfall 207412 (2019) Kat:3, Licht: 0","207412","3","6","3","04","14","3","0","0","1","0","0","0"
"POINT (11.570528927000055 48.142756664000046)","Unfall 207413 (2019) Kat:3, Licht: 0","207413","3","3","5","04","11","3","0","0","0","1","0","0"
"POINT (11.595028225000021 48.126683173000060)","Unfall 207417 (2019) Kat:3, Licht: 0","207417","3","2","4","04","09","5","0","0","0","1","0","0"
"POINT (11.575308906000032 48.139468246000035)","Unfall 207432 (2019) Kat:3, Licht: 0","207432","3","1","0","04","08","5","0","0","1","0","0","0"
"POINT (11.562943030000042 48.211083449000057)","Unfall 207458 (2019) Kat:3, Licht: 0","207458","3","3","5","04","10","2","0","0","1","1","0","0"
"POINT (11.524494753000056 48.080009711000059)","Unfall 207459 (2019) Kat:3, Licht: 0","207459","3","6","2","04","19","2","0","0","0","1","0","1"
"POINT (11.521116010000071 48.098901110000043)","Unfall 207460 (2019) Kat:3, Licht: 0","207460","3","6","3","04","18","2","0","0","0","1","0","1"
"POINT (11.590309951000052 48.192905063000069)","Unfall 207461 (2019) Kat:3, Licht: 0","207461","3","3","5","04","14","2","0","0","0","1","0","0"
"POINT (11.491887571000063 48.179810705000079)","Unfall 207462 (2019) Kat:3, Licht: 0","207462","3","3","5","04","13","2","0","0","1","1","0","0"
"POINT (11.518080990000044 48.167948293000052)","Unfall 207463 (2019) Kat:2, Licht: 0","207463","2","2","5","04","18","2","0","0","1","1","0","0"
"POINT (11.600698630000068 48.118478417000063)","Unfall 207464 (2019) Kat:2, Licht: 0","207464","2","7","0","04","17","2","0","0","1","0","0","0"
"POINT (11.567177171000026 48.132297127000072)","Unfall 207465 (2019) Kat:3, Licht: 2","207465","3","1","0","04","20","2","0","2","1","0","0","0"
"POINT (11.585559301000046 48.184348330000034)","Unfall 207470 (2019) Kat:3, Licht: 0","207470","3","3","5","04","17","5","0","0","0","1","0","1"
"POINT (11.542244417000063 48.137744631000032)","Unfall 207475 (2019) Kat:3, Licht: 0","207475","3","3","5","04","08","5","0","0","0","1","0","0"
"POINT (11.508440088000043 48.125747236000052)","Unfall 207502 (2019) Kat:3, Licht: 0","207502","3","6","2","04","18","1","0","0","0","1","0","0"
"POINT (11.610477627000023 48.185985610000046)","Unfall 207503 (2019) Kat:3, Licht: 0","207503","3","3","5","04","19","1","0","0","1","0","0","1"
"POINT (11.533910236000054 48.111988075000056)","Unfall 207505 (2019) Kat:2, Licht: 0","207505","2","1","0","04","10","1","0","0","1","0","0","0"
"POINT (11.533986471000048 48.189235797000038)","Unfall 207506 (2019) Kat:3, Licht: 2","207506","3","7","0","04","04","1","0","2","0","0","0","1"
"POINT (11.546776623000028 48.156990093000047)","Unfall 207508 (2019) Kat:3, Licht: 0","207508","3","3","0","04","10","1","0","0","1","0","0","0"
"POINT (11.586139500000058 48.160640952000051)","Unfall 207509 (2019) Kat:3, Licht: 0","207509","3","1","1","04","17","1","0","0","1","1","0","0"
"POINT (11.583388742000068 48.154996265000079)","Unfall 207515 (2019) Kat:3, Licht: 0","207515","3","6","2","04","16","5","0","0","0","1","0","0"
"POINT (11.543265720000022 48.214870281000060)","Unfall 207519 (2019) Kat:3, Licht: 0","207519","3","3","5","04","15","2","1","0","0","1","0","0"
"POINT (11.597411532000024 48.133003650000035)","Unfall 207525 (2019) Kat:3, Licht: 0","207525","3","1","1","04","16","2","1","0","1","1","0","0"
"POINT (11.529072466000059 48.099832603000038)","Unfall 207534 (2019) Kat:3, Licht: 0","207534","3","2","5","04","11","1","0","0","0","1","0","0"
"POINT (11.613019269000063 48.120766523000043)","Unfall 207537 (2019) Kat:3, Licht: 0","207537","3","7","5","04","18","6","1","0","0","1","0","0"
"POINT (11.587842398000021 48.131482673000050)","Unfall 207539 (2019) Kat:2, Licht: 0","207539","2","3","5","04","08","7","1","0","0","1","0","0"
"POINT (11.603642660000048 48.149320608000039)","Unfall 207541 (2019) Kat:3, Licht: 0","207541","3","3","0","04","17","2","1","0","0","1","0","1"
"POINT (11.595373554000048 48.150654996000071)","Unfall 207542 (2019) Kat:3, Licht: 0","207542","3","3","5","04","15","6","1","0","1","1","0","0"
"POINT (11.556006900000057 48.186376434000067)","Unfall 207546 (2019) Kat:3, Licht: 0","207546","3","3","5","04","12","7","0","0","1","1","0","0"
"POINT (11.519692586000076 48.144132701000046)","Unfall 207548 (2019) Kat:3, Licht: 2","207548","3","7","6","04","23","2","1","2","1","0","1","0"
"POINT (11.590379916000074 48.166568873000074)","Unfall 207549 (2019) Kat:3, Licht: 2","207549","3","2","5","04","02","6","0","2","0","1","0","1"
"POINT (11.597362446000034 48.133220119000043)","Unfall 207553 (2019) Kat:3, Licht: 0","207553","3","3","5","04","14","6","1","0","0","1","0","1"
"POINT (11.565183543000046 48.139435546000072)","Unfall 207554 (2019) Kat:3, Licht: 0","207554","3","1","0","04","10","2","1","0","0","0","0","1"
"POINT (11.562216579000051 48.204559770000060)","Unfall 207555 (2019) Kat:3, Licht: 0","207555","3","3","5","04","18","6","1","0","0","1","0","1"
"POINT (11.605083184000023 48.147850645000062)","Unfall 207556 (2019) Kat:3, Licht: 2","207556","3","7","0","04","00","1","1","2","0","0","1","1"
"POINT (11.533662493000065 48.117266667000081)","Unfall 207559 (2019) Kat:3, Licht: 0","207559","3","4","6","04","12","6","0","0","0","1","1","0"
"POINT (11.531304833000036 48.183945123000058)","Unfall 207562 (2019) Kat:2, Licht: 0","207562","2","3","1","04","19","6","0","0","0","1","0","0"
"POINT (11.551961473000063 48.137515168000050)","Unfall 207567 (2019) Kat:2, Licht: 0","207567","2","5","3","04","09","6","0","0","1","1","0","0"
"POINT (11.586311204000026 48.162919781000028)","Unfall 207569 (2019) Kat:3, Licht: 2","207569","3","1","0","04","20","7","1","2","0","0","0","1"
"POINT (11.585815260000061 48.143864416000042)","Unfall 207573 (2019) Kat:3, Licht: 0","207573","3","6","2","04","13","6","0","0","0","1","0","0"
"POINT (11.553475221000042 48.133230577000063)","Unfall 207575 (2019) Kat:3, Licht: 0","207575","3","7","1","04","15","7","0","0","1","1","0","0"
"POINT (11.628755763000072 48.096711638000045)","Unfall 207576 (2019) Kat:3, Licht: 0","207576","3","2","5","04","16","2","1","0","1","1","0","0"
"POINT (11.548746133000066 48.136012532000052)","Unfall 207577 (2019) Kat:2, Licht: 2","207577","2","4","6","04","23","6","0","2","0","1","1","0"
"POINT (11.599405633000060 48.187269235000031)","Unfall 207579 (2019) Kat:3, Licht: 0","207579","3","6","2","04","07","2","0","0","0","1","0","0"
"POINT (11.523129960000063 48.134570883000038)","Unfall 207583 (2019) Kat:3, Licht: 0","207583","3","3","6","04","14","6","1","0","0","1","1","0"