WKT,Name,OBJECTID,UKATEGORIE,UTYP1,UART,UMONAT,USTUNDE,UWOCHENTAG,STRZUSTAND,ULICHTVERH,ISTRAD,ISTPKW,ISTFUSS,ISTKRAD
"POINT (11.474291864000065 48.142566241000054)","Unfall 207589 (2019) Kat:3, Licht: 2","207589","3","6","1","04","22","1","0","2","0","1","0","0"
"POINT (11.495358559000067 48.094761348000077)","Unfall 207601 (2019) Kat:3, Licht: 0","207601","3","3","5","04","12","6","0","0","1","1","0","0"
"POINT (11.599528201000055 48.125233398000034)","Unfall 207614 (2019) Kat:3, Licht: 2","207614","3","2","4","04","02","7","1","2","0","1","0","0"
"POINT (11.636463676000062 48.106837935000044)","Unfall 207619 (2019) Kat:3, Licht: 0","207619","3","2","4","04","17","6","1","0","0","1","0","0"
"POINT (11.565000679000036 48.137426438000034)","Unfall 207624 (2019) Kat:3, Licht: 0","207624","3","3","5","04","10","7","0","0","0","1","0","0"
"POINT (11.542140119000067 48.140611125000078)","Unfall 207629 (2019) Kat:2, Licht: 0","207629","2","2","0","04","16","2","1","0","1","1","0","0"
"POINT (11.534084465000035 48.128481588000056)","Unfall 207631 (2019) Kat:3, Licht: 0","207631","3","3","5","04","14","6","1","0","1","0","0","0"
"POINT (11.575728335000065 48.127615825000078)","Unfall 207635 (2019) Kat:3, Licht: 0","207635","3","6","2","05","12","4","0","0","0","1","0","0"
"POINT (11.528619165000066 48.218025704000070)","Unfall 207636 (2019) Kat:2, Licht: 0","207636","2","6","3","05","16","4","0","0","1","0","0","0"
"POINT (11.621870012000045 48.115847102000032)","Unfall 207638 (2019) Kat:2, Licht: 2","207638","2","4","6","05","00","4","0","2","0","1","1","0"
"POINT (11.479245671000058 48.124099076000050)","Unfall 207641 (2019) Kat:3, Licht: 0","207641","3","6","1","05","11","4","0","0","0","1","0","0"
"POINT (11.645411240000044 48.113831479000055)","Unfall 207642 (2019) Kat:3, Licht: 0","207642","3","6","4","05","13","4","0","0","1","0","0","0"
"POINT (11.499671121000063 48.192734048000034)","Unfall 207643 (2019) Kat:3, Licht: 0","207643","3","3","5","04","11","7","0","0","0","1","0","0"
"POINT (11.558087278000073 48.126436810000030)","Unfall 207644 (2019) Kat:3, Licht: 2","207644","3","7","0","05","23","4","0","2","1","0","0","0"
"POINT (11.565100088000065 48.137446723000039)","Unfall 207645 (2019) Kat:3, Licht: 0","207645","3","6","3","05","11","4","0","0","0","1","0","0"
"POINT (11.513251128000036 48.155720508000059)","Unfall 207648 (2019) Kat:2, Licht: 0","207648","2","1","0","04","09","2","1","0","0","0","0","1"
"POINT (11.560650319000047 48.145588149000048)","Unfall 207650 (2019) Kat:3, Licht: 2","207650","3","5","1","04","22","6","1","2","1","1","0","0"
"POINT (11.581178363000049 48.150304930000061)","Unfall 207666 (2019) Kat:3, Licht: 0","207666","3","7","0","04","11","2","1","0","1","0","0","0"
"POINT (11.612989346000063 48.199368782000079)","Unfall 207705 (2019) Kat:3, Licht: 0","207705","3","6","2","04","15","2","1","0","0","1","0","0"
"POINT (11.537064620000024 48.151730559000043)","Unfall 207716 (2019) Kat:3, Licht: 0","207716","3","6","3","04","15","3","0","0","0","1","0","1"
"POINT (11.543185152000035 48.122190409000041)","Unfall 207717 (2019) Kat:2, Licht: 0","207717","2","6","3","04","17","3","0","0","0","1","0","1"
"POINT (11.551000382000041 48.125781510000081)","Unfall 207718 (2019) Kat:3, Licht: 0","207718","3","2","5","04","17","7","0","0","1","1","0","0"
"POINT (11.594076833000031 48.115086738000059)","Unfall 207719 (2019) Kat:3, Licht: 0","207719","3","3","5","04","07","3","1","0","1","1","0","0"
"POINT (11.530536825000070 48.135599839000065)","Unfall 207720 (2019) Kat:3, Licht: 0","207720","3","2","6","04","08","3","1","0","0","0","1","0"
"POINT (11.542923245000054 48.211011762000055)","Unfall 207723 (2019) Kat:3, Licht: 0","207723","3","3","5","04","07","3","0","0","0","1","0","0"
"POINT (11.544680007000068 48.150324115000046)","Unfall 207725 (2019) Kat:3, Licht: 1","207725","3","2","3","04","20","3","1","1","1","1","0","0"
"POINT (11.578787013000067 48.145295638000050)","Unfall 207728 (2019) Kat:3, Licht: 0","207728","3","6","2","04","12","3","1","0","0","1","0","0"
"POINT (11.553596535000054 48.112282387000050)","Unfall 207745 (2019) Kat:3, Licht: 2","207745","3","3","4","04","21","1","0","2","0","1","0","0"
"POINT (11.556152376000057 48.142070213000068)","Unfall 207786 (2019) Kat:3, Licht: 2","207786","3","2","4","04","23","2","1","2","0","1","0","0"
"POINT (11.574897961000033 48.161489497000048)","Unfall 207789 (2019) Kat:3, Licht: 0","207789","3","1","0","04","12","7","1","0","1","0","0","0"
"POINT (11.566062220000049 48.153932707000081)","Unfall 207797 (2019) Kat:3, Licht: 0","207797","3","3","5","05","12","1","0","0","0","1","0","1"
"POINT (11.480236192000064 48.126708278000081)","Unfall 207812 (2019) Kat:3, Licht: 0","207812","3","3","5","05","17","7","1","0","1","0","0","0"
"POINT (11.539119231000029 48.170513508000056)","Unfall 207813 (2019) Kat:3, Licht: 0","207813","3","2","5","05","12","7","0","0","1","1","0","0"
"POINT (11.600152556000069 48.125829538000062)","Unfall 207814 (2019) Kat:3, Licht: 0","207814","3","6","2","05","10","7","0","0","0","1","0","0"
"POINT (11.558490122000023 48.129565969000055)","Unfall 207815 (2019) Kat:3, Licht: 0","207815","3","2","4","05","16","7","1","0","0","1","0","0"
"POINT (11.597478865000028 48.180093236000062)","Unfall 207816 (2019) Kat:3, Licht: 2","207816","3","1","1","05","20","7","1","2","0","1","0","0"
"POINT (11.461306262000051 48.144797132000065)","Unfall 207817 (2019) Kat:3, Licht: 0","207817","3","7","6","05","14","7","0","0","0","1","1","0"
"POINT (11.640155350000043 48.162058201000036)","Unfall 207819 (2019) Kat:3, Licht: 0","207819","3","3","5","05","09","7","0","0","1","1","0","0"
"POINT (11.647713195000051 48.148647558000050)","Unfall 207820 (2019) Kat:3, Licht: 0","207820","3","5","1","05","15","7","1","0","1","1","0","0"
"POINT (11.535223900000062 48.108578393000073)","Unfall 207821 (2019) Kat:3, Licht: 0","207821","3","7","1","05","15","7","1","0","1","1","0","0"
"POINT (11.456292349000023 48.153034621000074)","Unfall 207862 (2019) Kat:3, Licht: 0","207862","3","5","1","05","14","6","1","0","0","1","0","0"
"POINT (11.567037548000030 48.150790803000064)","Unfall 207863 (2019) Kat:3, Licht: 0","207863","3","7","3","05","13","6","1","0","1","1","0","0"
"POINT (11.520287366000048 48.150119936000067)","Unfall 207864 (2019) Kat:3, Licht: 0","207864","3","3","5","05","06","6","1","0","0","1","0","0"
"POINT (11.618265369000028 48.120513927000047)","Unfall 207865 (2019) Kat:3, Licht: 0","207865","3","6","2","05","08","6","1","0","0","1","0","0"
"POINT (11.540360970000052 48.117923279000081)","Unfall 207867 (2019) Kat:3, Licht: 0","207867","3","6","3","05","15","6","0","0","0","1","0","0"
"POINT (11.569844649000061 48.145739306000053)","Unfall 207868 (2019) Kat:3, Licht: 0","207868","3","7","0","05","13","6","0","0","1","0","0","0"
"POINT (11.503055625000059 48.136071844000071)","Unfall 207870 (2019) Kat:3, Licht: 0","207870","3","7","2","05","14","6","1","0","0","1","0","0"
"POINT (11.682390929000064 48.117324461000067)","Unfall 207871 (2019) Kat:3, Licht: 0","207871","3","2","4","05","07","6","1","0","1","1","0","0"
"POINT (11.532750006000072 48.185384001000045)","Unfall 207872 (2019) Kat:3, Licht: 0","207872","3","6","3","05","15","6","0","0","1","1","0","0"
"POINT (11.505439874000047 48.181158843000048)","Unfall 207873 (2019) Kat:3, Licht: 0","207873","3","5","1","05","16","6","0","0","0","1","0","0"
"POINT (11.506994745000043 48.163666190000072)","Unfall 207874 (2019) Kat:3, Licht: 0","207874","3","3","5","05","17","6","0","0","0","1","0","0"
"POINT (11.588627425000027 48.094781674000046)","Unfall 207875 (2019) Kat:3, Licht: 0","207875","3","6","2","05","07","6","1","0","0","1","0","0"
"POINT (11.598713015000044 48.137896098000056)","Unfall 207876 (2019) Kat:3, Licht: 0","207876","3","1","0","05","07","6","1","0","1","0","0","0"
"POINT (11.533930460000022 48.138747475000059)","Unfall 207890 (2019) Kat:2, Licht: 0","207890","2","2","5","05","18","3","0","0","1","0","0","0"
"POINT (11.511188504000074 48.180832177000070)","Unfall 207892 (2019) Kat:3, Licht: 0","207892","3","4","6","05","13","3","0","0","0","1","1","0"
"POINT (11.594640542000036 48.141817412000080)","Unfall 207893 (2019) Kat:3, Licht: 0","207893","3","6","3","05","17","3","0","0","1","0","0","0"
"POINT (11.555559441000071 48.132420440000033)","Unfall 207895 (2019) Kat:3, Licht: 0","207895","3","6","0","05","17","3","0","0","0","1","0","1"
"POINT (11.565715748000059 48.188884108000082)","Unfall 207896 (2019) Kat:2, Licht: 0","207896","2","3","5","05","16","3","0","0","0","1","0","0"
"POINT (11.545013978000043 48.127748146000044)","Unfall 207898 (2019) Kat:2, Licht: 0","207898","2","2","4","05","08","3","0","0","1","1","0","0"
"POINT (11.406376798000053 48.145229991000065)","Unfall 207899 (2019) Kat:3, Licht: 1","207899","3","7","0","05","20","3","0","1","0","0","0","1"
"POINT (11.552942105000056 48.153792634000069)","Unfall 207987 (2019) Kat:3, Licht: 0","207987","3","5","1","05","10","2","0","0","1","1","0","0"
"POINT (11.524052895000068 48.099863179000067)","Unfall 207988 (2019) Kat:3, Licht: 0","207988","3","3","5","05","11","2","0","0","1","1","0","0"
"POINT (11.641706113000055 48.156660259000034)","Unfall 207989 (2019) Kat:3, Licht: 0","207989","3","7","0","05","12","5","0","0","0","0","0","1"
"POINT (11.541185342000063 48.145447821000062)","Unfall 207990 (2019) Kat:3, Licht: 0","207990","3","6","2","05","10","2","0","0","0","1","0","0"
"POINT (11.431961703000070 48.153598098000032)","Unfall 207991 (2019) Kat:3, Licht: 0","207991","3","7","0","05","18","2","0","0","1","0","0","0"
"POINT (11.586688515000048 48.157363222000072)","Unfall 207992 (2019) Kat:3, Licht: 2","207992","3","1","1","05","01","5","0","2","1","1","0","0"
"POINT (11.548306586000024 48.126015133000067)","Unfall 207993 (2019) Kat:3, Licht: 0","207993","3","6","2","05","08","2","0","0","1","0","0","0"
"POINT (11.552362263000077 48.208329272000071)","Unfall 207994 (2019) Kat:3, Licht: 2","207994","3","4","6","05","20","5","0","2","0","1","1","0"
"POINT (11.570411964000073 48.167462032000060)","Unfall 207997 (2019) Kat:3, Licht: 0","207997","3","2","4","05","08","5","0","0","1","0","0","0"
"POINT (11.600700702000040 48.144650426000055)","Unfall 207999 (2019) Kat:3, Licht: 0","207999","3","5","1","05","13","2","0","0","1","1","0","0"
"POINT (11.690142896000054 48.136461278000070)","Unfall 208000 (2019) Kat:3, Licht: 0","208000","3","6","1","05","17","5","0","0","0","1","0","0"
"POINT (11.584779812000022 48.149166382000033)","Unfall 208002 (2019) Kat:3, Licht: 0","208002","3","7","5","05","17","5","0","0","1","0","0","0"
"POINT (11.412738480000030 48.131788744000062)","Unfall 208004 (2019) Kat:3, Licht: 0","208004","3","2","3","05","11","5","0","0","1","0","0","0"
"POINT (11.508450652000022 48.098237072000074)","Unfall 208008 (2019) Kat:3, Licht: 0","208008","3","2","5","05","17","5","0","0","0","1","0","0"
"POINT (11.625821419000033 48.131687467000063)","Unfall 208013 (2019) Kat:3, Licht: 0","208013","3","2","4","05","14","5","0","0","1","1","0","0"
"POINT (11.595912815000077 48.123589265000078)","Unfall 208015 (2019) Kat:3, Licht: 0","208015","3","7","5","05","07","5","0","0","0","1","0","1"
"POINT (11.563287070000058 48.131747939000036)","Unfall 208074 (2019) Kat:3, Licht: 2","208074","3","4","6","05","02","1","1","2","0","1","1","0"
"POINT (11.612076891000072 48.131559851000077)","Unfall 208075 (2019) Kat:2, Licht: 2","208075","2","3","5","05","01","1","1","2","1","1","0","0"
"POINT (11.408448884000052 48.183004850000032)","Unfall 208076 (2019) Kat:2, Licht: 0","208076","2","3","1","05","14","1","1","0","0","1","0","1"
"POINT (11.541839717000073 48.121887161000075)","Unfall 208088 (2019) Kat:3, Licht: 0","208088","3","6","4","05","08","7","1","0","0","1","0","0"
"POINT (11.566569305000030 48.154732714000033)","Unfall 208089 (2019) Kat:3, Licht: 2","208089","3","3","5","05","04","7","1","2","0","1","0","0"
"POINT (11.594985734000034 48.102247444000056)","Unfall 208090 (2019) Kat:3, Licht: 0","208090","3","6","1","05","15","7","0","0","0","1","0","0"
"POINT (11.510631475000025 48.135108374000026)","Unfall 208091 (2019) Kat:3, Licht: 0","208091","3","7","4","05","18","7","0","0","1","0","0","0"
"POINT (11.583378667000034 48.154974697000057)","Unfall 208092 (2019) Kat:3, Licht: 0","208092","3","1","3","05","14","7","1","0","0","1","0","0"
"POINT (11.578858308000065 48.145376352000028)","Unfall 208118 (2019) Kat:3, Licht: 0","208118","3","2","4","05","07","6","0","0","1","1","0","0"
"POINT (11.570333163000043 48.131780190000029)","Unfall 208119 (2019) Kat:2, Licht: 0","208119","2","2","5","05","08","6","0","0","1","1","0","0"
"POINT (11.508300652000059 48.130356079000080)","Unfall 208120 (2019) Kat:3, Licht: 0","208120","3","2","3","05","13","6","0","0","1","1","0","0"
"POINT (11.630337421000036 48.100344229000029)","Unfall 208121 (2019) Kat:3, Licht: 0","208121","3","7","6","05","15","6","0","0","1","0","1","0"
"POINT (11.556559958000037 48.168519147000040)","Unfall 208122 (2019) Kat:2, Licht: 2","208122","2","4","6","05","23","6","0","2","0","1","1","0"
"POINT (11.529872400000045 48.182248152000057)","Unfall 208123 (2019) Kat:3, Licht: 0","208123","3","7","0","05","07","6","0","0","0","0","0","1"
"POINT (11.476680550000026 48.125660118000042)","Unfall 208124 (2019) Kat:3, Licht: 0","208124","3","4","6","05","11","6","1","0","0","1","1","0"
"POINT (11.616598323000062 48.159086069000068)","Unfall 208125 (2019) Kat:3, Licht: 0","208125","3","5","1","05","08","6","0","0","1","1","0","0"
"POINT (11.569131573000050 48.163139548000061)","Unfall 208126 (2019) Kat:3, Licht: 0","208126","3","2","3","05","18","6","0","0","1","1","0","0"
"POINT (11.574681158000033 48.150607706000073)","Unfall 208127 (2019) Kat:3, Licht: 0","208127","3","5","1","05","14","6","0","0","1","0","0","0"
"POINT (11.567893451000032 48.131596694000052)","Unfall 208128 (2019) Kat:2, Licht: 0","208128","2","5","0","05","14","6","0","0","1","1","0","0"
"POINT (11.588441778000060 48.115183352000031)","Unfall 208151 (2019) Kat:3, Licht: 0","208151","3","2","5","05","17","5","0","0","1","1","0","0"
"POINT (11.619830007000076 48.224763365000058)","Unfall 208170 (2019) Kat:3, Licht: 0","208170","3","6","3","05","18","6","0","0","0","1","0","0"
"POINT (11.566548662000059 48.133429385000056)","Unfall 208177 (2019) Kat:3, Licht: 2","208177","3","6","3","05","22","5","0","2","1","1","0","0"
"POINT (11.587954597000021 48.135216296000067)","Unfall 208178 (2019) Kat:3, Licht: 2","208178","3","4","6","05","23","5","1","2","0","1","1","0"
"POINT (11.591096131000029 48.130572017000077)","Unfall 208179 (2019) Kat:2, Licht: 2","208179","2","7","2","05","23","5","0","2","1","1","0","0"
"POINT (11.562747280000053 48.163899722000053)","Unfall 208180 (2019) Kat:3, Licht: 0","208180","3","5","3","05","07","5","0","0","1","1","0","0"
"POINT (11.475687064000056 48.120869653000057)","Unfall 208181 (2019) Kat:3, Licht: 0","208181","3","3","5","05","17","5","0","0","0","1","0","0"
"POINT (11.424185115000057 48.148113194000075)","Unfall 208182 (2019) Kat:3, Licht: 0","208182","3","6","1","05","17","5","0","0","0","1","0","0"
"POINT (11.584277796000038 48.132697264000058)","Unfall 208183 (2019) Kat:2, Licht: 0","208183","2","4","6","05","11","5","0","0","1","0","1","0"
"POINT (11.600430875000029 48.118982340000059)","Unfall 208232 (2019) Kat:3, Licht: 0","208232","3","5","0","05","17","4","1","0","1","1","0","0"
"POINT (11.534167707000051 48.155308808000029)","Unfall 208233 (2019) Kat:3, Licht: 0","208233","3","4","6","05","17","4","0","0","0","1","1","0"
"POINT (11.519972892000055 48.139022023000052)","Unfall 208234 (2019) Kat:3, Licht: 0","208234","3","2","6","05","08","4","0","0","0","1","1","0"
"POINT (11.556596407000029 48.186477597000078)","Unfall 208235 (2019) Kat:3, Licht: 0","208235","3","2","5","05","18","4","1","0","1","0","0","0"
"POINT (11.644136062000030 48.099132987000075)","Unfall 208236 (2019) Kat:3, Licht: 0","208236","3","7","6","05","12","4","1","0","0","1","1","0"
"POINT (11.513148390000026 48.217186901000048)","Unfall 208237 (2019) Kat:3, Licht: 0","208237","3","1","9","05","14","4","0","0","0","1","0","0"
"POINT (11.577013874000045 48.152646168000047)","Unfall 208238 (2019) Kat:3, Licht: 0","208238","3","4","6","05","13","4","0","0","1","0","1","0"
"POINT (11.560661037000045 48.204441265000071)","Unfall 208240 (2019) Kat:3, Licht: 1","208240","3","5","1","05","20","4","0","1","0","1","0","0"
"POINT (11.523810556000058 48.149206209000056)","Unfall 208241 (2019) Kat:2, Licht: 0","208241","2","3","9","05","18","4","0","0","0","1","1","1"
"POINT (11.525608272000056 48.218142436000051)","Unfall 208242 (2019) Kat:3, Licht: 0","208242","3","4","6","05","17","4","0","0","0","1","1","0"
"POINT (11.548648602000071 48.112894344000040)","Unfall 208243 (2019) Kat:3, Licht: 0","208243","3","3","0","05","11","4","0","0","1","1","0","0"
"POINT (11.477834022000025 48.101163355000040)","Unfall 208292 (2019) Kat:3, Licht: 0","208292","3","3","5","05","14","6","0","0","1","0","0","0"
"POINT (11.526932900000077 48.155537150000043)","Unfall 208293 (2019) Kat:2, Licht: 2","208293","2","3","5","05","01","6","0","2","1","1","0","0"
"POINT (11.567955971000060 48.184550776000037)","Unfall 208294 (2019) Kat:3, Licht: 0","208294","3","6","3","05","16","6","0","0","1","1","0","0"
"POINT (11.562551417000066 48.186940625000034)","Unfall 208295 (2019) Kat:3, Licht: 2","208295","3","6","3","05","23","6","0","2","0","1","0","1"
"POINT (11.592557080000063 48.101630330000035)","Unfall 208296 (2019) Kat:3, Licht: 0","208296","3","5","1","05","07","6","0","0","0","1","0","0"
"POINT (11.458500697000034 48.140540379000072)","Unfall 208297 (2019) Kat:2, Licht: 0","208297","2","2","5","05","19","6","0","0","1","1","0","0"
"POINT (11.564388526000073 48.164544882000030)","Unfall 208298 (2019) Kat:3, Licht: 0","208298","3","6","2","05","15","6","0","0","1","0","0","0"
"POINT (11.565039854000077 48.172025364000035)","Unfall 208299 (2019) Kat:3, Licht: 0","208299","3","6","1","05","08","6","0","0","1","0","0","0"
"POINT (11.534712768000077 48.195194077000053)","Unfall 208300 (2019) Kat:3, Licht: 0","208300","3","6","2","05","15","6","0","0","0","1","0","0"
"POINT (11.603304865000041 48.170283330000075)","Unfall 208301 (2019) Kat:3, Licht: 0","208301","3","2","4","05","13","6","0","0","1","1","0","0"
"POINT (11.570990230000064 48.111867173000064)","Unfall 208302 (2019) Kat:3, Licht: 0","208302","3","6","0","05","14","6","0","0","0","1","0","0"
"POINT (11.478976381000052 48.122076511000046)","Unfall 208304 (2019) Kat:3, Licht: 0","208304","3","6","2","05","11","6","0","0","0","1","0","0"
"POINT (11.481385990000035 48.094085154000027)","Unfall 208305 (2019) Kat:3, Licht: 0","208305","3","2","4","05","15","6","0","0","1","1","0","0"
"POINT (11.581055017000040 48.169971386000043)","Unfall 208307 (2019) Kat:3, Licht: 0","208307","3","7","1","05","14","6","0","0","1","1","0","0"
"POINT (11.572058268000035 48.135243070000058)","Unfall 208308 (2019) Kat:3, Licht: 0","208308","3","4","6","05","13","6","0","0","1","0","1","0"
"POINT (11.552751704000059 48.142694456000072)","Unfall 208365 (2019) Kat:3, Licht: 0","208365","3","2","2","05","10","5","0","0","0","1","0","0"
"POINT (11.463267020000046 48.135553688000073)","Unfall 208366 (2019) Kat:3, Licht: 0","208366","3","6","2","05","10","5","0","0","0","1","0","0"
"POINT (11.588848910000024 48.141031634000058)","Unfall 208367 (2019) Kat:2, Licht: 0","208367","2","1","0","05","13","5","0","0","1","0","0","0"
"POINT (11.601457150000044 48.103833422000037)","Unfall 208368 (2019) Kat:3, Licht: 0","208368","3","1","0","05","12","5","0","0","1","0","0","0"
"POINT (11.584288220000076 48.139987050000059)","Unfall 208369 (2019) Kat:3, Licht: 0","208369","3","3","5","05","07","5","0","0","1","0","0","0"
"POINT (11.533225803000050 48.207882686000062)","Unfall 208370 (2019) Kat:2, Licht: 0","208370","2","6","1","05","07","5","0","0","0","1","0","1"
"POINT (11.577376848000029 48.145523446000027)","Unfall 208371 (2019) Kat:3, Licht: 0","208371","3","2","4","05","14","5","0","0","0","1","0","0"
"POINT (11.584652492000032 48.138302612000075)","Unfall 208372 (2019) Kat:3, Licht: 0","208372","3","2","5","05","15","5","0","0","1","1","0","0"
"POINT (11.463145907000069 48.164774989000080)","Unfall 208373 (2019) Kat:3, Licht: 0","208373","3","2","5","05","07","5","0","0","0","1","0","0"
"POINT (11.563700772000061 48.205529507000051)","Unfall 208374 (2019) Kat:2, Licht: 0","208374","2","7","0","05","15","5","0","0","0","0","1","0"
"POINT (11.460715844000049 48.140408895000064)","Unfall 208375 (2019) Kat:3, Licht: 0","208375","3","6","2","05","15","5","0","0","0","1","0","0"
"POINT (11.527155244000028 48.117234255000028)","Unfall 208376 (2019) Kat:2, Licht: 0","208376","2","4","6","05","10","5","0","0","0","1","1","0"
"POINT (11.610395663000077 48.133322649000036)","Unfall 208377 (2019) Kat:3, Licht: 0","208377","3","6","6","05","12","5","0","0","0","1","1","0"
"POINT (11.511279839000053 48.158316600000035)","Unfall 208378 (2019) Kat:3, Licht: 0","208378","3","2","5","05","08","5","0","0","1","1","0","0"
"POINT (11.541932046000056 48.160116554000069)","Unfall 208409 (2019) Kat:3, Licht: 0","208409","3","5","5","05","07","4","0","0","0","1","0","1"
"POINT (11.615373632000058 48.113633537000055)","Unfall 208410 (2019) Kat:3, Licht: 0","208410","3","1","3","05","18","4","0","0","1","1","0","0"
"POINT (11.598145965000072 48.164228935000040)","Unfall 208411 (2019) Kat:3, Licht: 0","208411","3","4","6","05","09","4","0","0","1","0","1","0"
"POINT (11.549730818000057 48.137299998000060)","Unfall 208412 (2019) Kat:3, Licht: 0","208412","3","7","2","05","09","4","0","0","0","1","0","0"
"POINT (11.503027052000050 48.139524674000029)","Unfall 208413 (2019) Kat:3, Licht: 0","208413","3","7","4","05","10","4","0","0","0","1","0","0"
"POINT (11.540457215000060 48.154892582000059)","Unfall 208414 (2019) Kat:3, Licht: 0","208414","3","4","6","05","17","4","0","0","0","1","1","0"
"POINT (11.600826842000060 48.181060831000082)","Unfall 208416 (2019) Kat:3, Licht: 0","208416","3","2","3","05","08","4","0","0","1","1","0","0"
"POINT (11.536679387000049 48.100785790000032)","Unfall 208417 (2019) Kat:3, Licht: 0","208417","3","5","0","05","07","4","0","0","1","1","0","0"
"POINT (11.576188719000072 48.155033994000064)","Unfall 208419 (2019) Kat:3, Licht: 0","208419","3","7","0","05","19","4","0","0","1","0","0","0"
"POINT (11.568126391000021 48.133776904000058)","Unfall 208420 (2019) Kat:3, Licht: 2","208420","3","2","4","05","21","4","0","2","1","1","0","0"
"POINT (11.663905474000046 48.108337317000064)","Unfall 208459 (2019) Kat:3, Licht: 0","208459","3","3","5","05","05","3","0","0","0","1","0","0"
"POINT (11.577026486000022 48.148087768000039)","Unfall 208460 (2019) Kat:3, Licht: 0","208460","3","2","5","05","09","3","0","0","1","0","0","0"
"POINT (11.646397800000045 48.101039992000040)","Unfall 208461 (2019) Kat:3, Licht: 0","208461","3","1","0","05","07","3","0","0","0","0","0","0"
"POINT (11.549205637000057 48.117640723000079)","Unfall 208462 (2019) Kat:3, Licht: 0","208462","3","3","4","05","08","3","0","0","1","1","0","0"
"POINT (11.669518695000022 48.135428613000045)","Unfall 208463 (2019) Kat:3, Licht: 0","208463","3","6","3","05","14","3","0","0","0","1","0","0"
"POINT (11.581612515000074 48.123674701000027)","Unfall 208464 (2019) Kat:3, Licht: 0","208464","3","2","0","05","06","3","0","0","1","1","0","0"
"POINT (11.553236478000031 48.161144458000081)","Unfall 208465 (2019) Kat:3, Licht: 0","208465","3","6","1","05","16","3","1","0","0","1","0","1"
"POINT (11.558786376000057 48.147437338000032)","Unfall 208467 (2019) Kat:3, Licht: 0","208467","3","2","5","05","08","3","0","0","1","1","0","0"
"POINT (11.579341889000034 48.176047987000061)","Unfall 208468 (2019) Kat:3, Licht: 0","208468","3","2","5","05","17","3","0","0","0","1","0","0"
"POINT (11.562713014000053 48.124834291000070)","Unfall 208469 (2019) Kat:3, Licht: 0","208469","3","6","0","05","17","3","0","0","0","1","0","0"
"POINT (11.587455959000067 48.172178710000026)","Unfall 208470 (2019) Kat:3, Licht: 0","208470","3","5","1","05","16","3","0","0","1","1","0","0"
"POINT (11.573240170000076 48.160519534000059)","Unfall 208471 (2019) Kat:2, Licht: 0","208471","2","1","0","05","12","3","0","0","1","0","0","0"
"POINT (11.568846978000067 48.144203271000038)","Unfall 208534 (2019) Kat:2, Licht: 1","208534","2","7","0","05","21","2","0","1","1","0","0","0"
"POINT (11.552902152000058 48.180604140000071)","Unfall 208535 (2019) Kat:3, Licht: 1","208535","3","7","5","05","20","2","0","1","1","1","0","0"
"POINT (11.577248900000029 48.116013207000037)","Unfall 208536 (2019) Kat:3, Licht: 0","208536","3","6","2","05","08","2","0","0","0","1","0","1"
"POINT (11.476481577000072 48.144919719000029)","Unfall 208538 (2019) Kat:3, Licht: 0","208538","3","6","4","05","16","2","0","0","0","1","0","0"
"POINT (11.575755879000042 48.090964686000063)","Unfall 208539 (2019) Kat:3, Licht: 0","208539","3","2","3","05","19","2","0","0","1","0","0","0"
"POINT (11.579206537000061 48.187758367000072)","Unfall 208541 (2019) Kat:2, Licht: 0","208541","2","2","3","05","08","2","0","0","1","0","0","0"
"POINT (11.606806705000054 48.101084348000029)","Unfall 208543 (2019) Kat:3, Licht: 0","208543","3","7","1","05","14","2","0","0","0","1","0","0"
"POINT (11.569642588000022 48.187443777000055)","Unfall 208545 (2019) Kat:3, Licht: 0","208545","3","6","2","05","10","2","0","0","0","1","0","0"
"POINT (11.434345424000071 48.149415896000050)","Unfall 208546 (2019) Kat:3, Licht: 0","208546","3","3","5","05","13","2","0","0","1","1","0","0"
"POINT (11.539723103000028 48.115040094000051)","Unfall 208547 (2019) Kat:3, Licht: 0","208547","3","7","0","05","08","6","0","0","0","1","0","0"
"POINT (11.550514024000051 48.149069529000030)","Unfall 208548 (2019) Kat:3, Licht: 0","208548","3","2","5","05","18","2","0","0","1","1","0","0"
"POINT (11.584523555000033 48.150064478000047)","Unfall 208574 (2019) Kat:3, Licht: 2","208574","3","3","5","05","04","3","1","2","0","1","0","0"
"POINT (11.573141008000050 48.181170970000039)","Unfall 208575 (2019) Kat:3, Licht: 0","208575","3","3","5","05","08","3","1","0","0","1","0","1"
"POINT (11.572657086000049 48.187658165000073)","Unfall 208576 (2019) Kat:3, Licht: 2","208576","3","2","6","05","22","3","1","2","0","1","1","0"
"POINT (11.552570181000021 48.152325835000056)","Unfall 208577 (2019) Kat:2, Licht: 0","208577","2","5","1","05","14","3","1","0","1","1","0","0"
"POINT (11.567780279000033 48.181730226000070)","Unfall 208578 (2019) Kat:3, Licht: 0","208578","3","4","6","05","07","3","1","0","0","1","1","0"
"POINT (11.481561666000061 48.089745943000025)","Unfall 208579 (2019) Kat:3, Licht: 0","208579","3","7","6","05","12","3","1","0","0","1","1","0"
"POINT (11.516714809000064 48.113370064000037)","Unfall 208580 (2019) Kat:3, Licht: 0","208580","3","2","5","05","13","3","1","0","1","1","0","0"
"POINT (11.596426022000060 48.142428681000069)","Unfall 208581 (2019) Kat:3, Licht: 0","208581","3","1","0","05","08","3","1","0","1","0","0","0"