WKT,Name,OBJECTID,UKATEGORIE,UTYP1,UART,UMONAT,USTUNDE,UWOCHENTAG,STRZUSTAND,ULICHTVERH,ISTRAD,ISTPKW,ISTFUSS,ISTKRAD
"POINT (11.588739834000023 48.140621277000037)","Unfall 208582 (2019) Kat:3, Licht: 0","208582","3","6","2","05","16","3","1","0","1","1","0","0"
"POINT (11.465574250000031 48.186406354000042)","Unfall 208633 (2019) Kat:3, Licht: 0","208633","3","6","4","05","13","2","1","0","1","1","0","0"
"POINT (11.618503019000059 48.207092302000035)","Unfall 208634 (2019) Kat:3, Licht: 0","208634","3","3","5","05","16","2","1","0","0","1","0","1"
"POINT (11.548341975000028 48.117066381000029)","Unfall 208635 (2019) Kat:3, Licht: 1","208635","3","6","1","05","20","2","1","1","0","1","0","0"
"POINT (11.613804035000044 48.112599056000079)","Unfall 208636 (2019) Kat:3, Licht: 0","208636","3","6","2","05","09","2","1","0","0","1","0","0"
"POINT (11.598998452000046 48.112605209000037)","Unfall 208637 (2019) Kat:3, Licht: 2","208637","3","3","5","05","20","2","1","2","0","1","0","0"
"POINT (11.595925401000045 48.115064619000066)","Unfall 208638 (2019) Kat:3, Licht: 2","208638","3","7","1","05","02","2","1","2","0","1","0","0"
"POINT (11.604315068000062 48.106187323000029)","Unfall 208639 (2019) Kat:3, Licht: 0","208639","3","4","6","05","15","2","0","0","0","1","1","0"
"POINT (11.593204981000042 48.201763160000041)","Unfall 208640 (2019) Kat:3, Licht: 0","208640","3","4","6","05","18","2","1","0","0","1","1","0"
"POINT (11.589751892000038 48.201355636000073)","Unfall 208641 (2019) Kat:3, Licht: 0","208641","3","6","2","05","08","2","1","0","0","1","0","0"
"POINT (11.481601269000066 48.141732408000053)","Unfall 208642 (2019) Kat:3, Licht: 0","208642","3","7","5","05","16","2","0","0","0","1","0","0"
"POINT (11.579397459000063 48.129383075000078)","Unfall 208643 (2019) Kat:1, Licht: 0","208643","1","2","3","05","13","2","0","0","1","0","0","0"
"POINT (11.578226559000029 48.196165144000076)","Unfall 208644 (2019) Kat:3, Licht: 0","208644","3","7","1","05","08","2","1","0","1","1","0","0"
"POINT (11.485288171000036 48.136832081000080)","Unfall 208645 (2019) Kat:3, Licht: 0","208645","3","3","5","05","06","2","1","0","1","1","0","0"
"POINT (11.662103325000032 48.114869400000032)","Unfall 208646 (2019) Kat:2, Licht: 0","208646","2","7","0","05","17","2","1","0","1","0","0","0"
"POINT (11.585528361000058 48.159208325000066)","Unfall 208647 (2019) Kat:3, Licht: 0","208647","3","2","5","05","08","2","1","0","1","1","0","0"
"POINT (11.574716219000038 48.162470360000043)","Unfall 208691 (2019) Kat:3, Licht: 1","208691","3","1","0","05","19","1","0","1","1","0","0","0"
"POINT (11.575305913000022 48.119496416000061)","Unfall 208692 (2019) Kat:3, Licht: 2","208692","3","1","0","05","00","1","0","2","1","0","0","0"
"POINT (11.558497432000024 48.100048635000064)","Unfall 208693 (2019) Kat:3, Licht: 0","208693","3","6","2","05","13","1","0","0","1","1","0","0"
"POINT (11.587752692000038 48.201177068000050)","Unfall 208694 (2019) Kat:2, Licht: 0","208694","2","2","5","05","17","1","0","0","1","1","0","0"
"POINT (11.498121838000031 48.199683770000036)","Unfall 208695 (2019) Kat:3, Licht: 0","208695","3","7","0","05","16","1","0","0","1","0","0","0"
"POINT (11.699988182000027 48.131132307000030)","Unfall 208696 (2019) Kat:3, Licht: 0","208696","3","3","5","05","16","1","0","0","1","1","0","0"
"POINT (11.520285664000028 48.150183088000063)","Unfall 208698 (2019) Kat:3, Licht: 0","208698","3","3","5","05","11","1","0","0","0","1","0","0"
"POINT (11.601686964000066 48.177319338000075)","Unfall 208699 (2019) Kat:3, Licht: 0","208699","3","2","5","05","17","1","0","0","0","1","0","0"
"POINT (11.597966587000030 48.086588595000080)","Unfall 208700 (2019) Kat:3, Licht: 0","208700","3","3","5","05","14","1","0","0","1","1","0","0"
"POINT (11.600105895000070 48.147979124000074)","Unfall 208701 (2019) Kat:3, Licht: 0","208701","3","5","1","05","12","1","0","0","1","1","0","0"
"POINT (11.593896959000062 48.128675253000040)","Unfall 208702 (2019) Kat:3, Licht: 0","208702","3","1","0","05","12","1","0","0","0","1","0","1"
"POINT (11.540426115000059 48.118210283000053)","Unfall 208703 (2019) Kat:3, Licht: 0","208703","3","1","0","05","15","1","0","0","0","0","0","1"
"POINT (11.564961888000028 48.167712522000045)","Unfall 208704 (2019) Kat:3, Licht: 0","208704","3","6","2","05","16","1","0","0","1","1","0","0"
"POINT (11.582316219000063 48.106404503000078)","Unfall 208737 (2019) Kat:3, Licht: 0","208737","3","7","5","05","15","7","0","0","0","1","1","0"
"POINT (11.613324405000071 48.205111718000069)","Unfall 208738 (2019) Kat:3, Licht: 0","208738","3","6","2","05","14","7","0","0","1","1","0","0"
"POINT (11.475729537000063 48.120892332000039)","Unfall 208739 (2019) Kat:3, Licht: 1","208739","3","3","5","05","21","7","0","1","1","1","0","0"
"POINT (11.571931854000070 48.148946227000067)","Unfall 208740 (2019) Kat:3, Licht: 2","208740","3","3","5","05","23","7","0","2","1","1","0","0"
"POINT (11.563094905000071 48.159807692000072)","Unfall 208741 (2019) Kat:3, Licht: 0","208741","3","2","5","05","16","4","0","0","1","1","0","0"
"POINT (11.613690589000043 48.127093025000079)","Unfall 208742 (2019) Kat:3, Licht: 2","208742","3","3","5","05","22","7","0","2","0","1","0","0"
"POINT (11.539600456000073 48.114738191000072)","Unfall 208743 (2019) Kat:3, Licht: 0","208743","3","2","0","05","10","7","0","0","0","1","0","0"
"POINT (11.593383030000041 48.127779717000067)","Unfall 208744 (2019) Kat:3, Licht: 0","208744","3","4","6","05","15","4","0","0","0","1","1","0"
"POINT (11.571931854000070 48.148946227000067)","Unfall 208745 (2019) Kat:3, Licht: 0","208745","3","3","5","05","17","7","0","0","0","1","0","0"
"POINT (11.601580749000050 48.139073753000048)","Unfall 208746 (2019) Kat:3, Licht: 0","208746","3","5","1","05","08","4","1","0","1","1","0","0"
"POINT (11.572575645000029 48.204992178000055)","Unfall 208747 (2019) Kat:3, Licht: 0","208747","3","7","0","05","17","7","0","0","1","0","0","0"
"POINT (11.535493804000055 48.146262470000067)","Unfall 208748 (2019) Kat:3, Licht: 0","208748","3","3","5","05","08","4","1","0","1","0","0","0"
"POINT (11.521211460000075 48.146481155000060)","Unfall 208750 (2019) Kat:3, Licht: 2","208750","3","1","0","05","22","7","0","2","1","0","0","0"
"POINT (11.544815559000028 48.150199555000029)","Unfall 208751 (2019) Kat:3, Licht: 0","208751","3","7","0","05","07","7","0","0","1","0","0","0"
"POINT (11.488753487000054 48.140831326000068)","Unfall 208752 (2019) Kat:3, Licht: 0","208752","3","7","0","05","07","7","0","0","0","0","0","0"
"POINT (11.643396039000038 48.169323935000079)","Unfall 208753 (2019) Kat:3, Licht: 0","208753","3","3","5","05","14","7","0","0","1","1","0","0"
"POINT (11.605897628000037 48.129689060000032)","Unfall 208759 (2019) Kat:3, Licht: 0","208759","3","6","0","05","18","4","0","0","0","1","1","0"
"POINT (11.607808614000021 48.186350895000032)","Unfall 208761 (2019) Kat:2, Licht: 0","208761","2","2","3","05","08","4","0","0","0","1","0","1"
"POINT (11.567394888000024 48.156789959000037)","Unfall 208765 (2019) Kat:3, Licht: 0","208765","3","1","6","05","08","4","1","0","0","0","1","1"
"POINT (11.547569268000075 48.157435963000069)","Unfall 208768 (2019) Kat:3, Licht: 0","208768","3","7","0","05","11","4","0","0","0","1","0","0"
"POINT (11.615853058000027 48.165962360000037)","Unfall 208773 (2019) Kat:3, Licht: 0","208773","3","5","1","05","08","4","1","0","1","1","0","0"
"POINT (11.563842427000054 48.127563297000052)","Unfall 208776 (2019) Kat:3, Licht: 0","208776","3","6","0","05","08","4","1","0","0","1","0","0"
"POINT (11.555346192000059 48.137482083000066)","Unfall 208778 (2019) Kat:3, Licht: 0","208778","3","3","5","05","16","4","0","0","0","1","0","0"
"POINT (11.588259779000055 48.168378836000045)","Unfall 208780 (2019) Kat:3, Licht: 0","208780","3","3","5","05","08","4","1","0","0","1","0","0"
"POINT (11.567642571000022 48.131835845000069)","Unfall 208786 (2019) Kat:3, Licht: 2","208786","3","1","0","05","22","4","0","2","1","0","0","0"
"POINT (11.503251765000073 48.183749848000048)","Unfall 208839 (2019) Kat:3, Licht: 0","208839","3","3","5","05","13","7","0","0","1","1","0","0"
"POINT (11.566287481000074 48.123595820000048)","Unfall 208840 (2019) Kat:3, Licht: 2","208840","3","1","0","05","00","7","0","2","1","0","0","0"
"POINT (11.571150136000028 48.141592520000074)","Unfall 208841 (2019) Kat:3, Licht: 2","208841","3","4","6","05","03","7","0","2","0","1","1","0"
"POINT (11.532429968000031 48.170137988000079)","Unfall 208842 (2019) Kat:3, Licht: 0","208842","3","6","1","05","19","7","0","0","0","1","0","0"
"POINT (11.546570640000027 48.149776700000075)","Unfall 208843 (2019) Kat:3, Licht: 0","208843","3","7","0","05","15","7","0","0","0","0","0","1"
"POINT (11.569362764000061 48.141017294000051)","Unfall 208844 (2019) Kat:3, Licht: 2","208844","3","7","6","05","03","7","0","2","0","1","0","0"
"POINT (11.597072514000047 48.134352050000075)","Unfall 208846 (2019) Kat:3, Licht: 2","208846","3","7","8","05","22","7","1","2","0","0","0","1"
"POINT (11.416385463000040 48.160044747000029)","Unfall 208888 (2019) Kat:3, Licht: 0","208888","3","3","5","05","08","6","0","0","1","1","0","0"
"POINT (11.539454771000067 48.114252033000071)","Unfall 208889 (2019) Kat:3, Licht: 0","208889","3","3","5","05","12","6","0","0","1","0","0","0"
"POINT (11.595897495000031 48.141422649000049)","Unfall 208890 (2019) Kat:3, Licht: 0","208890","3","1","0","05","16","6","0","0","0","0","0","1"
"POINT (11.645725439000046 48.121010812000065)","Unfall 208891 (2019) Kat:3, Licht: 0","208891","3","3","5","05","14","6","0","0","0","1","0","0"
"POINT (11.548777139000038 48.143488223000077)","Unfall 208892 (2019) Kat:3, Licht: 0","208892","3","2","4","05","12","6","0","0","0","0","0","1"
"POINT (11.585630285000036 48.165286472000048)","Unfall 208893 (2019) Kat:3, Licht: 0","208893","3","1","0","05","10","6","0","0","1","0","0","0"
"POINT (11.565571740000053 48.133046242000034)","Unfall 208894 (2019) Kat:2, Licht: 0","208894","2","6","3","05","19","6","0","0","1","1","0","0"
"POINT (11.613143515000047 48.193924888000026)","Unfall 208895 (2019) Kat:3, Licht: 0","208895","3","7","1","05","18","6","0","0","0","1","0","0"
"POINT (11.586056559000042 48.169274854000037)","Unfall 208896 (2019) Kat:3, Licht: 0","208896","3","6","2","05","16","6","0","0","0","1","0","1"
"POINT (11.606011801000022 48.186449585000048)","Unfall 208897 (2019) Kat:3, Licht: 0","208897","3","2","5","05","16","6","0","0","0","1","0","0"
"POINT (11.476150485000062 48.108610320000025)","Unfall 208899 (2019) Kat:2, Licht: 0","208899","2","2","5","05","09","6","0","0","1","1","0","0"
"POINT (11.654251994000049 48.086414118000050)","Unfall 208901 (2019) Kat:3, Licht: 0","208901","3","1","5","05","09","6","0","0","1","1","0","0"
"POINT (11.610823993000054 48.157832458000030)","Unfall 208902 (2019) Kat:3, Licht: 0","208902","3","2","5","05","12","6","0","0","1","1","0","0"
"POINT (11.520955469000057 48.112613861000057)","Unfall 208903 (2019) Kat:3, Licht: 0","208903","3","5","1","05","07","6","0","0","1","1","0","0"
"POINT (11.573566570000025 48.143464919000053)","Unfall 208904 (2019) Kat:3, Licht: 1","208904","3","7","4","05","20","6","0","1","0","1","0","1"
"POINT (11.569926116000033 48.141887605000079)","Unfall 208905 (2019) Kat:3, Licht: 2","208905","3","7","4","05","21","6","0","2","0","1","0","1"
"POINT (11.571657825000045 48.135145647000058)","Unfall 208906 (2019) Kat:3, Licht: 0","208906","3","2","5","05","14","6","0","0","1","1","0","0"
"POINT (11.627247842000031 48.108562653000035)","Unfall 208973 (2019) Kat:2, Licht: 0","208973","2","5","1","05","08","5","0","0","1","0","0","0"
"POINT (11.530577802000039 48.093736111000055)","Unfall 208974 (2019) Kat:3, Licht: 0","208974","3","7","0","05","16","5","0","0","1","0","0","0"
"POINT (11.551387263000038 48.198125585000071)","Unfall 208975 (2019) Kat:3, Licht: 0","208975","3","3","5","05","18","5","0","0","1","0","0","0"
"POINT (11.508788814000070 48.182794259000048)","Unfall 208976 (2019) Kat:3, Licht: 0","208976","3","7","8","05","13","5","0","0","0","0","0","0"
"POINT (11.567871473000025 48.140465055000050)","Unfall 208977 (2019) Kat:3, Licht: 0","208977","3","3","5","05","16","5","0","0","1","1","0","0"
"POINT (11.586458111000070 48.165695873000061)","Unfall 208978 (2019) Kat:3, Licht: 0","208978","3","6","2","05","18","5","0","0","1","0","0","0"
"POINT (11.584820538000031 48.152660816000036)","Unfall 208979 (2019) Kat:2, Licht: 2","208979","2","7","0","05","22","5","0","2","1","0","0","0"
"POINT (11.656551619000027 48.146686097000043)","Unfall 208980 (2019) Kat:3, Licht: 0","208980","3","4","6","05","16","5","0","0","0","1","1","0"
"POINT (11.556989920000035 48.143694847000063)","Unfall 208982 (2019) Kat:3, Licht: 0","208982","3","7","0","05","19","5","0","0","1","0","0","0"
"POINT (11.575866349000023 48.119270218000054)","Unfall 208983 (2019) Kat:3, Licht: 0","208983","3","4","2","05","19","5","0","0","1","1","1","0"
"POINT (11.577681648000066 48.192563544000052)","Unfall 208984 (2019) Kat:3, Licht: 0","208984","3","6","3","05","08","5","0","0","1","0","0","0"
"POINT (11.688985986000034 48.138775721000059)","Unfall 208986 (2019) Kat:3, Licht: 0","208986","3","3","5","05","11","5","0","0","0","1","0","0"
"POINT (11.624441255000022 48.119988503000059)","Unfall 208987 (2019) Kat:3, Licht: 0","208987","3","2","6","05","08","5","0","0","0","1","1","0"
"POINT (11.649814832000061 48.092160587000080)","Unfall 208989 (2019) Kat:3, Licht: 0","208989","3","7","4","05","15","5","0","0","1","0","0","0"
"POINT (11.613059727000064 48.120783458000062)","Unfall 208991 (2019) Kat:3, Licht: 0","208991","3","2","4","05","13","5","0","0","1","1","0","0"
"POINT (11.520289485000035 48.150048088000062)","Unfall 208992 (2019) Kat:3, Licht: 0","208992","3","2","5","05","17","1","0","0","0","1","0","1"
"POINT (11.584647349000022 48.128820189000066)","Unfall 208993 (2019) Kat:3, Licht: 0","208993","3","1","0","05","15","5","0","0","1","0","0","0"
"POINT (11.585790761000055 48.165247493000038)","Unfall 208994 (2019) Kat:3, Licht: 2","208994","3","1","0","05","00","1","0","2","1","0","0","0"
"POINT (11.463795152000046 48.177255152000043)","Unfall 208997 (2019) Kat:2, Licht: 0","208997","2","5","0","05","13","1","0","0","1","1","0","0"
"POINT (11.568397858000026 48.181744366000032)","Unfall 209000 (2019) Kat:3, Licht: 0","209000","3","5","1","05","14","1","0","0","1","1","0","0"
"POINT (11.519930826000063 48.109766856000078)","Unfall 209011 (2019) Kat:3, Licht: 0","209011","3","3","5","05","09","1","0","0","0","1","0","0"
"POINT (11.529798704000029 48.217848404000051)","Unfall 209014 (2019) Kat:3, Licht: 2","209014","3","3","5","05","01","1","1","2","0","1","0","0"
"POINT (11.556007061000059 48.137481364000053)","Unfall 209074 (2019) Kat:3, Licht: 2","209074","3","2","4","05","22","4","0","2","1","1","0","0"
"POINT (11.533039331000055 48.177840551000031)","Unfall 209076 (2019) Kat:3, Licht: 0","209076","3","5","1","05","17","4","0","0","0","1","0","0"
"POINT (11.548237120000067 48.126069116000053)","Unfall 209078 (2019) Kat:3, Licht: 0","209078","3","1","0","05","08","4","1","0","1","0","0","0"
"POINT (11.548971906000077 48.160387645000071)","Unfall 209079 (2019) Kat:2, Licht: 0","209079","2","6","2","05","20","4","0","0","1","0","0","0"
"POINT (11.557401100000050 48.123626347000027)","Unfall 209081 (2019) Kat:3, Licht: 0","209081","3","3","5","05","16","4","1","0","0","1","0","1"
"POINT (11.582170323000071 48.192567722000035)","Unfall 209106 (2019) Kat:3, Licht: 0","209106","3","6","2","05","15","3","0","0","0","1","0","0"
"POINT (11.465304302000050 48.146360342000037)","Unfall 209107 (2019) Kat:3, Licht: 0","209107","3","2","6","05","11","3","1","0","0","1","1","0"
"POINT (11.596544800000061 48.205879436000032)","Unfall 209108 (2019) Kat:3, Licht: 0","209108","3","3","0","05","18","3","0","0","0","1","0","0"
"POINT (11.628314700000033 48.147425747000057)","Unfall 209109 (2019) Kat:3, Licht: 0","209109","3","3","5","05","09","3","1","0","0","1","0","0"
"POINT (11.676737351000043 48.119405420000078)","Unfall 209110 (2019) Kat:3, Licht: 0","209110","3","2","4","05","09","3","1","0","0","1","0","0"
"POINT (11.658959394000021 48.080457852000052)","Unfall 209111 (2019) Kat:3, Licht: 0","209111","3","3","5","05","14","3","1","0","0","1","0","0"
"POINT (11.635346904000073 48.170068471000036)","Unfall 209112 (2019) Kat:3, Licht: 0","209112","3","6","2","05","19","3","0","0","0","1","0","0"
"POINT (11.625811596000062 48.102964714000052)","Unfall 209149 (2019) Kat:2, Licht: 2","209149","2","3","5","05","00","2","0","2","0","1","0","0"
"POINT (11.561391513000046 48.154794225000046)","Unfall 209153 (2019) Kat:2, Licht: 0","209153","2","6","3","05","17","2","1","0","1","0","0","0"
"POINT (11.604888839000068 48.104454534000070)","Unfall 209155 (2019) Kat:3, Licht: 0","209155","3","6","2","05","19","2","1","0","0","1","0","0"
"POINT (11.600716950000049 48.153594600000076)","Unfall 209159 (2019) Kat:3, Licht: 2","209159","3","3","5","05","22","2","1","2","0","1","0","0"
"POINT (11.565334924000069 48.132394695000073)","Unfall 209163 (2019) Kat:2, Licht: 0","209163","2","7","6","05","11","2","0","0","1","0","1","0"
"POINT (11.558617221000077 48.136297305000028)","Unfall 209166 (2019) Kat:3, Licht: 0","209166","3","7","6","05","14","2","1","0","0","1","1","0"
"POINT (11.562242131000062 48.157184702000052)","Unfall 209169 (2019) Kat:3, Licht: 2","209169","3","4","0","05","22","2","1","2","0","1","1","0"
"POINT (11.521272460000034 48.181942265000032)","Unfall 209171 (2019) Kat:3, Licht: 0","209171","3","2","4","05","17","2","1","0","0","1","0","1"
"POINT (11.581999416000031 48.101962374000038)","Unfall 209173 (2019) Kat:3, Licht: 0","209173","3","1","1","05","18","2","1","0","0","1","0","0"
"POINT (11.558451709000053 48.126184748000071)","Unfall 209177 (2019) Kat:3, Licht: 2","209177","3","2","5","05","21","2","1","2","1","1","0","0"
"POINT (11.579208114000039 48.146125915000027)","Unfall 209180 (2019) Kat:3, Licht: 1","209180","3","4","6","05","19","2","1","1","0","1","1","0"
"POINT (11.600168452000048 48.086971017000053)","Unfall 209188 (2019) Kat:3, Licht: 0","209188","3","6","2","05","14","5","0","0","1","1","0","0"
"POINT (11.573287080000057 48.151022850000061)","Unfall 209190 (2019) Kat:3, Licht: 0","209190","3","2","4","05","15","5","0","0","0","1","0","1"
"POINT (11.620310580000023 48.196308897000051)","Unfall 209192 (2019) Kat:3, Licht: 0","209192","3","2","5","05","13","5","0","0","0","1","0","1"
"POINT (11.502416412000059 48.113092368000025)","Unfall 209193 (2019) Kat:2, Licht: 0","209193","2","4","6","05","17","5","0","0","1","0","1","0"
"POINT (11.567050746000064 48.110027568000078)","Unfall 209195 (2019) Kat:3, Licht: 0","209195","3","7","0","05","16","5","0","0","0","0","0","0"
"POINT (11.540767456000026 48.125225861000047)","Unfall 209196 (2019) Kat:3, Licht: 0","209196","3","2","3","05","16","5","0","0","1","1","0","0"
"POINT (11.542804477000061 48.160415599000032)","Unfall 209198 (2019) Kat:3, Licht: 0","209198","3","3","5","05","10","5","0","0","0","1","0","0"
"POINT (11.520164187000034 48.145557318000044)","Unfall 209200 (2019) Kat:2, Licht: 0","209200","2","1","0","05","19","5","0","0","1","0","0","0"
"POINT (11.550951822000059 48.156625488000032)","Unfall 209205 (2019) Kat:2, Licht: 0","209205","2","7","0","05","11","5","0","0","0","0","0","1"
"POINT (11.505912830000057 48.156568989000050)","Unfall 209206 (2019) Kat:3, Licht: 0","209206","3","4","6","05","18","5","0","0","1","0","1","0"
"POINT (11.637667858000043 48.120604734000040)","Unfall 209208 (2019) Kat:3, Licht: 0","209208","3","3","5","05","13","5","0","0","1","1","0","0"
"POINT (11.536383077000039 48.149097521000044)","Unfall 209209 (2019) Kat:3, Licht: 0","209209","3","3","5","05","20","5","0","0","1","1","0","0"
"POINT (11.588004740000031 48.135273695000080)","Unfall 209211 (2019) Kat:3, Licht: 2","209211","3","6","2","05","22","5","0","2","0","1","0","0"
"POINT (11.658557660000042 48.101155331000029)","Unfall 209286 (2019) Kat:3, Licht: 0","209286","3","1","8","05","18","4","0","0","0","1","0","0"
"POINT (11.580542691000062 48.116173585000070)","Unfall 209287 (2019) Kat:3, Licht: 0","209287","3","4","6","05","11","4","0","0","0","0","1","0"
"POINT (11.575102650000076 48.132370661000039)","Unfall 209288 (2019) Kat:3, Licht: 0","209288","3","1","0","05","17","4","0","0","1","0","0","0"
"POINT (11.671140311000045 48.128770350000082)","Unfall 209289 (2019) Kat:3, Licht: 1","209289","3","3","5","05","19","4","0","1","0","1","0","0"
"POINT (11.503246383000032 48.139652766000040)","Unfall 209290 (2019) Kat:3, Licht: 0","209290","3","2","3","05","12","4","0","0","0","1","0","0"
"POINT (11.521394320000070 48.180790120000040)","Unfall 209291 (2019) Kat:3, Licht: 0","209291","3","3","5","05","18","4","0","0","0","1","0","1"
"POINT (11.557347228000026 48.150181937000070)","Unfall 209293 (2019) Kat:3, Licht: 2","209293","3","3","5","05","22","4","0","2","1","1","0","0"
"POINT (11.534936270000060 48.132631996000043)","Unfall 209295 (2019) Kat:3, Licht: 0","209295","3","7","6","05","10","4","0","0","0","1","1","0"
"POINT (11.552466223000067 48.148765126000058)","Unfall 209370 (2019) Kat:3, Licht: 2","209370","3","7","0","06","01","1","0","2","1","0","0","0"
"POINT (11.548383213000022 48.120498604000034)","Unfall 209371 (2019) Kat:3, Licht: 0","209371","3","6","4","06","18","1","0","0","1","0","0","0"
"POINT (11.503318780000029 48.147018085000070)","Unfall 209372 (2019) Kat:3, Licht: 0","209372","3","2","4","06","16","1","0","0","1","1","0","0"
"POINT (11.483073207000075 48.104309090000072)","Unfall 209373 (2019) Kat:3, Licht: 0","209373","3","3","5","06","18","1","0","0","1","1","0","0"
"POINT (11.562457065000046 48.186049261000051)","Unfall 209374 (2019) Kat:2, Licht: 2","209374","2","7","2","06","02","1","0","2","0","1","0","1"
"POINT (11.535043244000065 48.176400668000042)","Unfall 209375 (2019) Kat:3, Licht: 0","209375","3","6","3","06","16","1","0","0","0","1","0","0"
"POINT (11.502419648000057 48.123631193000051)","Unfall 209376 (2019) Kat:3, Licht: 0","209376","3","3","5","06","20","1","0","0","1","1","0","0"
"POINT (11.614608443000066 48.118438408000031)","Unfall 209377 (2019) Kat:3, Licht: 0","209377","3","5","5","06","13","1","0","0","0","1","0","1"
"POINT (11.503009332000033 48.139072182000064)","Unfall 209378 (2019) Kat:3, Licht: 2","209378","3","7","0","06","02","1","0","2","1","0","0","0"
"POINT (11.557839355000056 48.096510573000046)","Unfall 209379 (2019) Kat:3, Licht: 0","209379","3","1","0","06","11","1","0","0","1","1","0","0"
"POINT (11.527787567000075 48.147826587000054)","Unfall 209380 (2019) Kat:3, Licht: 0","209380","3","2","5","06","14","1","0","0","0","1","0","1"
"POINT (11.396488577000071 48.150276158000054)","Unfall 209381 (2019) Kat:3, Licht: 0","209381","3","1","8","06","14","1","0","0","1","1","0","0"
"POINT (11.409726420000027 48.149946489000058)","Unfall 209382 (2019) Kat:2, Licht: 0","209382","2","7","0","06","14","1","0","0","1","0","0","0"
"POINT (11.588896887000033 48.162356730000056)","Unfall 209384 (2019) Kat:2, Licht: 0","209384","2","4","6","06","12","1","0","0","1","0","1","0"
"POINT (11.615093540000032 48.101725725000051)","Unfall 209451 (2019) Kat:3, Licht: 0","209451","3","4","6","06","19","7","0","0","0","1","1","0"
"POINT (11.521459114000038 48.178148805000035)","Unfall 209452 (2019) Kat:3, Licht: 0","209452","3","2","5","06","10","7","0","0","1","1","0","0"
"POINT (11.601839250000069 48.126916040000026)","Unfall 209453 (2019) Kat:3, Licht: 0","209453","3","3","5","06","15","7","0","0","1","1","0","0"
"POINT (11.646308454000064 48.107154856000079)","Unfall 209454 (2019) Kat:3, Licht: 0","209454","3","2","4","06","20","7","0","0","1","1","0","0"
"POINT (11.572867704000032 48.185826299000041)","Unfall 209455 (2019) Kat:2, Licht: 2","209455","2","3","5","06","22","7","0","2","0","1","0","1"
"POINT (11.516876590000038 48.117916935000039)","Unfall 209456 (2019) Kat:3, Licht: 0","209456","3","3","5","06","19","7","0","0","0","1","0","1"
"POINT (11.645785807000038 48.103739040000050)","Unfall 209457 (2019) Kat:3, Licht: 0","209457","3","2","5","06","15","7","0","0","1","1","0","0"
"POINT (11.673152829000060 48.083807017000026)","Unfall 209458 (2019) Kat:3, Licht: 0","209458","3","3","5","06","09","7","0","0","0","1","0","0"
"POINT (11.618058020000035 48.189805453000076)","Unfall 209459 (2019) Kat:3, Licht: 0","209459","3","7","7","06","09","7","0","0","1","0","0","0"
"POINT (11.457921417000023 48.164813926000079)","Unfall 209460 (2019) Kat:3, Licht: 0","209460","3","6","2","06","15","7","0","0","0","1","0","0"
"POINT (11.499545715000068 48.181779655000071)","Unfall 209461 (2019) Kat:3, Licht: 0","209461","3","3","5","06","17","7","0","0","1","1","0","0"
"POINT (11.556664721000061 48.154850490000058)","Unfall 209463 (2019) Kat:3, Licht: 0","209463","3","3","5","06","17","7","0","0","1","1","0","0"
"POINT (11.516415350000045 48.078965152000080)","Unfall 209464 (2019) Kat:3, Licht: 2","209464","3","3","5","06","21","7","0","2","0","1","0","0"
"POINT (11.511713271000076 48.084475627000074)","Unfall 209467 (2019) Kat:3, Licht: 0","209467","3","6","0","06","10","7","0","0","1","1","0","0"
"POINT (11.713897939000049 48.138626863000070)","Unfall 209469 (2019) Kat:3, Licht: 0","209469","3","5","1","06","14","7","0","0","0","1","0","1"
"POINT (11.594122872000071 48.110743485000057)","Unfall 209470 (2019) Kat:2, Licht: 0","209470","2","4","0","06","13","7","0","0","1","0","1","0"
"POINT (11.555724411000028 48.126665914000057)","Unfall 209471 (2019) Kat:3, Licht: 0","209471","3","4","6","06","14","7","0","0","1","0","1","0"
"POINT (11.555947758000059 48.139146462000042)","Unfall 209539 (2019) Kat:3, Licht: 2","209539","3","3","5","05","00","6","0","2","0","1","0","0"
"POINT (11.554407312000023 48.204156360000070)","Unfall 209541 (2019) Kat:3, Licht: 1","209541","3","6","1","05","21","6","0","1","0","1","0","0"
"POINT (11.584639636000077 48.138237465000032)","Unfall 209543 (2019) Kat:3, Licht: 0","209543","3","2","4","05","11","6","0","0","0","1","0","1"
"POINT (11.575984524000035 48.120393204000038)","Unfall 209545 (2019) Kat:3, Licht: 0","209545","3","3","5","05","13","6","0","0","0","1","0","0"
"POINT (11.433668924000074 48.163971881000066)","Unfall 209546 (2019) Kat:2, Licht: 0","209546","2","7","8","05","20","6","0","0","0","1","0","0"
"POINT (11.573025511000026 48.204424065000069)","Unfall 209547 (2019) Kat:3, Licht: 2","209547","3","3","5","05","23","6","0","2","1","1","0","0"
"POINT (11.545212352000021 48.143794710000066)","Unfall 209548 (2019) Kat:3, Licht: 0","209548","3","2","5","05","11","6","0","0","0","1","0","0"
"POINT (11.576622492000070 48.114045430000033)","Unfall 209549 (2019) Kat:3, Licht: 1","209549","3","6","3","05","20","6","0","1","0","1","0","0"
"POINT (11.601879798000027 48.116238955000028)","Unfall 209550 (2019) Kat:3, Licht: 0","209550","3","6","3","05","12","6","0","0","0","1","0","1"
"POINT (11.559512028000029 48.141397822000044)","Unfall 209551 (2019) Kat:3, Licht: 0","209551","3","4","6","05","06","6","0","0","0","1","1","0"
"POINT (11.550193958000023 48.114012853000077)","Unfall 209552 (2019) Kat:3, Licht: 0","209552","3","3","5","05","07","6","0","0","1","1","0","0"