WKT,Name,OBJECTID,UKATEGORIE,UTYP1,UART,UMONAT,USTUNDE,UWOCHENTAG,STRZUSTAND,ULICHTVERH,ISTRAD,ISTPKW,ISTFUSS,ISTKRAD
"POINT (11.483192080000038 48.167364855000073)","Unfall 209678 (2019) Kat:3, Licht: 0","209678","3","3","5","06","15","3","0","0","0","1","0","0"
"POINT (11.558254196000064 48.161402173000056)","Unfall 209679 (2019) Kat:3, Licht: 0","209679","3","2","0","06","18","3","0","0","0","1","0","0"
"POINT (11.418469233000053 48.174614920000067)","Unfall 209680 (2019) Kat:3, Licht: 0","209680","3","2","4","06","16","3","0","0","1","1","0","0"
"POINT (11.563198591000059 48.144874576000063)","Unfall 209681 (2019) Kat:3, Licht: 2","209681","3","7","0","06","02","3","1","2","1","0","0","0"
"POINT (11.668638058000056 48.086747321000075)","Unfall 209682 (2019) Kat:2, Licht: 0","209682","2","7","1","06","11","3","0","0","1","1","0","0"
"POINT (11.624316000000022 48.190747102000046)","Unfall 209683 (2019) Kat:3, Licht: 0","209683","3","2","5","06","09","3","0","0","0","1","0","0"
"POINT (11.507284686000048 48.182490610000059)","Unfall 209684 (2019) Kat:3, Licht: 0","209684","3","6","2","06","07","3","0","0","0","1","0","0"
"POINT (11.559540425000023 48.137410620000026)","Unfall 209685 (2019) Kat:3, Licht: 0","209685","3","5","1","06","16","3","0","0","1","1","0","0"
"POINT (11.584523555000033 48.150064478000047)","Unfall 209686 (2019) Kat:3, Licht: 2","209686","3","3","5","06","22","3","0","2","1","1","0","0"
"POINT (11.663866882000036 48.134544957000060)","Unfall 209687 (2019) Kat:3, Licht: 0","209687","3","2","4","06","10","3","0","0","0","1","0","0"
"POINT (11.477816470000050 48.111870199000066)","Unfall 209689 (2019) Kat:3, Licht: 0","209689","3","6","0","06","14","3","0","0","1","1","0","0"
"POINT (11.582097732000022 48.102730626000039)","Unfall 209691 (2019) Kat:3, Licht: 0","209691","3","7","4","06","13","3","0","0","0","1","0","1"
"POINT (11.576902665000034 48.142750979000027)","Unfall 209692 (2019) Kat:3, Licht: 0","209692","3","6","3","06","18","3","0","0","1","0","0","0"
"POINT (11.588649733000068 48.116681303000064)","Unfall 209693 (2019) Kat:2, Licht: 2","209693","2","3","5","06","23","3","0","2","1","1","0","0"
"POINT (11.580511049000052 48.115633757000069)","Unfall 209694 (2019) Kat:3, Licht: 0","209694","3","6","3","06","15","3","0","0","0","1","0","1"
"POINT (11.566640005000068 48.159343097000033)","Unfall 209695 (2019) Kat:3, Licht: 0","209695","3","7","5","06","09","3","0","0","1","0","0","0"
"POINT (11.508062422000023 48.183201324000038)","Unfall 209696 (2019) Kat:3, Licht: 0","209696","3","2","5","06","14","3","0","0","1","1","0","0"
"POINT (11.591749302000039 48.184062897000047)","Unfall 209697 (2019) Kat:3, Licht: 0","209697","3","7","3","06","17","3","0","0","1","1","0","0"
"POINT (11.599273554000035 48.194354316000044)","Unfall 209698 (2019) Kat:3, Licht: 0","209698","3","6","1","06","10","3","0","0","0","1","0","1"
"POINT (11.606418709000025 48.173797003000061)","Unfall 209699 (2019) Kat:3, Licht: 0","209699","3","6","2","06","13","3","0","0","0","1","0","1"
"POINT (11.528410349000069 48.172672877000082)","Unfall 209700 (2019) Kat:3, Licht: 0","209700","3","2","5","06","09","3","0","0","1","1","0","0"
"POINT (11.567953644000056 48.122704435000060)","Unfall 209701 (2019) Kat:3, Licht: 0","209701","3","6","4","06","17","3","0","0","1","0","0","0"
"POINT (11.608158485000047 48.150902100000053)","Unfall 209702 (2019) Kat:3, Licht: 0","209702","3","7","5","06","08","3","0","0","1","1","0","0"
"POINT (11.598207025000022 48.132317729000079)","Unfall 209703 (2019) Kat:3, Licht: 0","209703","3","6","3","06","16","3","0","0","1","0","0","0"
"POINT (11.555898649000028 48.137419945000033)","Unfall 209704 (2019) Kat:3, Licht: 0","209704","3","3","5","06","17","3","0","0","0","1","0","1"
"POINT (11.589080957000021 48.156591153000079)","Unfall 209705 (2019) Kat:3, Licht: 0","209705","3","3","5","06","13","3","0","0","1","1","0","0"
"POINT (11.566429728000060 48.133241302000044)","Unfall 209706 (2019) Kat:3, Licht: 2","209706","3","4","6","06","22","3","0","2","0","1","1","0"
"POINT (11.543019398000069 48.121096558000033)","Unfall 209767 (2019) Kat:2, Licht: 0","209767","2","5","1","06","13","4","0","0","0","1","0","1"
"POINT (11.621843598000055 48.186564049000026)","Unfall 209772 (2019) Kat:3, Licht: 0","209772","3","6","2","06","07","4","0","0","1","1","0","0"
"POINT (11.583909063000021 48.132876521000071)","Unfall 209774 (2019) Kat:3, Licht: 0","209774","3","4","6","06","13","4","0","0","1","0","1","0"
"POINT (11.529819911000061 48.217844355000068)","Unfall 209776 (2019) Kat:2, Licht: 2","209776","2","3","5","06","21","4","0","2","1","1","0","0"
"POINT (11.588496959000054 48.115399497000055)","Unfall 209779 (2019) Kat:3, Licht: 0","209779","3","2","5","06","08","4","0","0","0","1","0","0"
"POINT (11.573148916000036 48.181083809000029)","Unfall 209787 (2019) Kat:3, Licht: 0","209787","3","4","6","06","18","4","0","0","0","1","1","0"
"POINT (11.580770547000043 48.145829123000055)","Unfall 209791 (2019) Kat:3, Licht: 0","209791","3","5","1","06","07","4","0","0","1","0","0","0"
"POINT (11.615172303000065 48.162554814000032)","Unfall 209797 (2019) Kat:3, Licht: 1","209797","3","7","0","06","20","2","0","1","1","0","0","0"
"POINT (11.645771921000062 48.100436276000039)","Unfall 209798 (2019) Kat:3, Licht: 0","209798","3","7","1","06","18","2","0","0","1","1","0","0"
"POINT (11.579224233000048 48.146021639000026)","Unfall 209799 (2019) Kat:3, Licht: 0","209799","3","2","3","06","07","4","0","0","1","1","0","0"
"POINT (11.489190522000058 48.116876754000032)","Unfall 209800 (2019) Kat:3, Licht: 0","209800","3","7","0","06","16","2","0","0","1","0","0","0"
"POINT (11.573024171000043 48.199329163000073)","Unfall 209801 (2019) Kat:3, Licht: 0","209801","3","2","2","06","08","2","0","0","0","1","0","1"
"POINT (11.620282782000061 48.138132519000067)","Unfall 209802 (2019) Kat:3, Licht: 0","209802","3","6","2","06","09","4","0","0","0","1","0","0"
"POINT (11.433788891000063 48.164087147000032)","Unfall 209803 (2019) Kat:3, Licht: 0","209803","3","2","4","06","15","2","0","0","0","1","0","0"
"POINT (11.597954340000058 48.086586029000046)","Unfall 209804 (2019) Kat:3, Licht: 0","209804","3","3","5","06","17","2","0","0","1","1","0","0"
"POINT (11.617563790000077 48.131825222000032)","Unfall 209806 (2019) Kat:3, Licht: 0","209806","3","2","2","06","06","2","0","0","1","1","0","0"
"POINT (11.584642099000064 48.138249943000062)","Unfall 209807 (2019) Kat:3, Licht: 0","209807","3","2","5","06","13","2","0","0","0","1","0","1"
"POINT (11.566801386000066 48.133370076000062)","Unfall 209808 (2019) Kat:3, Licht: 0","209808","3","2","3","06","11","2","0","0","1","0","0","1"
"POINT (11.549628071000029 48.138765699000032)","Unfall 209809 (2019) Kat:3, Licht: 0","209809","3","3","5","06","15","2","0","0","1","1","0","0"
"POINT (11.527377062000028 48.118773035000061)","Unfall 209810 (2019) Kat:3, Licht: 0","209810","3","3","5","06","20","2","0","0","0","1","0","1"
"POINT (11.606993720000048 48.139319086000057)","Unfall 209812 (2019) Kat:3, Licht: 0","209812","3","6","2","06","15","2","0","0","0","0","0","1"
"POINT (11.555728103000035 48.148085030000061)","Unfall 209813 (2019) Kat:3, Licht: 0","209813","3","3","5","06","09","4","0","0","1","1","0","0"
"POINT (11.508111003000067 48.152879704000043)","Unfall 209814 (2019) Kat:3, Licht: 0","209814","3","2","4","06","17","2","0","0","1","1","0","0"
"POINT (11.529690107000022 48.157257601000026)","Unfall 209815 (2019) Kat:3, Licht: 0","209815","3","3","4","06","16","2","0","0","1","1","0","0"
"POINT (11.532797600000038 48.176333894000038)","Unfall 209816 (2019) Kat:3, Licht: 0","209816","3","6","3","06","06","4","0","0","0","1","0","1"
"POINT (11.598840839000047 48.187092783000026)","Unfall 209818 (2019) Kat:3, Licht: 0","209818","3","2","5","06","13","4","0","0","1","1","0","0"
"POINT (11.682279026000060 48.117396769000038)","Unfall 209819 (2019) Kat:3, Licht: 0","209819","3","3","5","06","11","2","0","0","1","1","0","0"
"POINT (11.585888647000047 48.160517376000030)","Unfall 209820 (2019) Kat:3, Licht: 0","209820","3","4","0","06","17","4","0","0","0","0","1","0"
"POINT (11.636792463000063 48.101741000000061)","Unfall 209821 (2019) Kat:3, Licht: 0","209821","3","3","5","06","18","2","0","0","1","1","0","0"
"POINT (11.597456615000056 48.132779237000079)","Unfall 209822 (2019) Kat:3, Licht: 0","209822","3","7","1","06","08","2","0","0","1","1","0","0"
"POINT (11.562763908000022 48.163674782000044)","Unfall 209823 (2019) Kat:3, Licht: 0","209823","3","3","5","06","13","2","0","0","1","1","0","0"
"POINT (11.569100541000068 48.158911677000049)","Unfall 209824 (2019) Kat:3, Licht: 0","209824","3","2","3","06","08","2","0","0","1","1","0","0"
"POINT (11.557065758000022 48.143703289000030)","Unfall 209831 (2019) Kat:3, Licht: 0","209831","3","2","5","06","10","4","0","0","1","0","0","0"
"POINT (11.568533168000044 48.122214871000040)","Unfall 209833 (2019) Kat:2, Licht: 0","209833","2","6","4","06","18","4","0","0","1","0","0","0"
"POINT (11.630623571000058 48.118930866000028)","Unfall 209837 (2019) Kat:3, Licht: 0","209837","3","3","5","06","07","4","0","0","1","1","0","0"
"POINT (11.523214643000074 48.133940721000045)","Unfall 209840 (2019) Kat:3, Licht: 0","209840","3","6","2","06","07","4","0","0","0","1","0","0"
"POINT (11.508286165000072 48.139577485000075)","Unfall 209842 (2019) Kat:3, Licht: 0","209842","3","7","7","06","07","4","0","0","1","0","0","0"
"POINT (11.565143964000072 48.193418752000071)","Unfall 209845 (2019) Kat:2, Licht: 0","209845","2","3","5","06","17","4","0","0","1","1","0","0"
"POINT (11.479439465000041 48.124132815000053)","Unfall 209848 (2019) Kat:3, Licht: 0","209848","3","6","2","06","09","4","0","0","0","0","0","1"
"POINT (11.518754245000025 48.098751361000041)","Unfall 209850 (2019) Kat:3, Licht: 0","209850","3","6","1","06","14","4","0","0","0","1","0","0"
"POINT (11.664860166000039 48.109947846000068)","Unfall 209858 (2019) Kat:3, Licht: 0","209858","3","2","4","06","19","4","0","0","1","1","0","0"
"POINT (11.596062584000038 48.141761717000065)","Unfall 209860 (2019) Kat:3, Licht: 0","209860","3","1","0","06","08","4","0","0","1","0","0","0"
"POINT (11.575574938000045 48.123157942000034)","Unfall 209862 (2019) Kat:3, Licht: 0","209862","3","5","1","06","17","4","0","0","1","1","0","0"
"POINT (11.558080675000042 48.150222493000058)","Unfall 209864 (2019) Kat:3, Licht: 0","209864","3","2","0","06","20","4","0","0","1","1","0","0"
"POINT (11.583615388000055 48.148924365000028)","Unfall 209866 (2019) Kat:3, Licht: 0","209866","3","5","1","06","13","4","0","0","1","1","0","0"
"POINT (11.568812883000021 48.148794066000050)","Unfall 209868 (2019) Kat:3, Licht: 0","209868","3","4","6","06","17","4","0","0","1","0","1","0"
"POINT (11.570847005000076 48.131959124000048)","Unfall 209933 (2019) Kat:3, Licht: 0","209933","3","3","3","06","06","5","0","0","0","1","0","1"
"POINT (11.537749942000062 48.156333400000051)","Unfall 209934 (2019) Kat:3, Licht: 0","209934","3","2","5","06","09","5","0","0","1","0","0","0"
"POINT (11.588346862000037 48.115410659000077)","Unfall 209935 (2019) Kat:3, Licht: 0","209935","3","2","4","06","09","5","0","0","1","1","0","0"
"POINT (11.543913721000024 48.122090617000026)","Unfall 209936 (2019) Kat:3, Licht: 0","209936","3","6","2","06","09","5","0","0","1","0","0","0"
"POINT (11.637403453000047 48.161895779000076)","Unfall 209937 (2019) Kat:3, Licht: 0","209937","3","7","4","06","15","5","0","0","1","1","0","0"
"POINT (11.569392294000068 48.149666403000026)","Unfall 209938 (2019) Kat:3, Licht: 0","209938","3","2","3","06","08","5","0","0","1","1","0","0"
"POINT (11.570759754000051 48.156549607000045)","Unfall 209941 (2019) Kat:3, Licht: 0","209941","3","3","5","06","15","5","0","0","1","1","0","0"
"POINT (11.461345536000067 48.140379257000063)","Unfall 209944 (2019) Kat:3, Licht: 0","209944","3","7","0","06","10","5","0","0","0","0","0","0"
"POINT (11.543546335000030 48.157430295000040)","Unfall 209947 (2019) Kat:2, Licht: 0","209947","2","4","6","06","18","5","0","0","0","1","1","0"
"POINT (11.575857701000075 48.133207811000034)","Unfall 209948 (2019) Kat:3, Licht: 2","209948","3","7","0","06","02","7","0","2","1","1","0","0"
"POINT (11.510964613000056 48.170020018000059)","Unfall 209949 (2019) Kat:3, Licht: 0","209949","3","3","5","06","08","5","0","0","0","1","0","0"
"POINT (11.539732733000051 48.115063798000051)","Unfall 209950 (2019) Kat:3, Licht: 0","209950","3","6","2","06","14","7","0","0","0","1","0","1"
"POINT (11.457793903000038 48.143526515000076)","Unfall 209951 (2019) Kat:3, Licht: 1","209951","3","3","5","06","21","5","1","1","0","1","0","0"
"POINT (11.504713243000026 48.094904674000077)","Unfall 209952 (2019) Kat:3, Licht: 0","209952","3","5","2","06","17","7","0","0","0","1","0","0"
"POINT (11.556106213000021 48.141953385000079)","Unfall 209953 (2019) Kat:3, Licht: 2","209953","3","7","3","06","00","7","0","2","1","1","0","0"
"POINT (11.547242678000032 48.159926953000081)","Unfall 209954 (2019) Kat:2, Licht: 0","209954","2","1","0","06","19","5","0","0","1","1","0","0"
"POINT (11.565001860000052 48.140945722000026)","Unfall 209955 (2019) Kat:2, Licht: 0","209955","2","5","1","06","16","7","0","0","0","1","0","1"
"POINT (11.592166802000065 48.142320991000076)","Unfall 209956 (2019) Kat:3, Licht: 2","209956","3","2","4","06","23","5","0","2","1","1","0","0"
"POINT (11.628958538000063 48.162234379000040)","Unfall 209957 (2019) Kat:3, Licht: 1","209957","3","1","0","06","04","7","0","1","1","0","0","0"
"POINT (11.498095785000032 48.095051974000057)","Unfall 209958 (2019) Kat:2, Licht: 0","209958","2","2","3","06","06","5","0","0","1","1","0","0"
"POINT (11.528395743000033 48.130309766000039)","Unfall 209959 (2019) Kat:3, Licht: 0","209959","3","6","2","06","20","7","0","0","0","1","0","0"
"POINT (11.572515328000065 48.132750976000068)","Unfall 209960 (2019) Kat:3, Licht: 2","209960","3","2","3","06","00","7","0","2","1","0","0","0"
"POINT (11.487006135000058 48.130118568000057)","Unfall 209961 (2019) Kat:3, Licht: 0","209961","3","7","0","06","13","5","0","0","1","1","0","0"
"POINT (11.530490941000039 48.093556982000052)","Unfall 209963 (2019) Kat:3, Licht: 0","209963","3","3","5","06","16","5","0","0","1","1","0","0"
"POINT (11.574518625000053 48.095262941000044)","Unfall 209967 (2019) Kat:3, Licht: 0","209967","3","2","6","06","13","5","0","0","0","1","1","0"
"POINT (11.639393442000028 48.143089090000046)","Unfall 209969 (2019) Kat:3, Licht: 0","209969","3","3","5","06","17","5","0","0","1","0","0","0"
"POINT (11.586297211000044 48.165378725000039)","Unfall 209973 (2019) Kat:3, Licht: 0","209973","3","5","0","06","17","5","0","0","1","1","0","0"
"POINT (11.563920949000021 48.151207701000033)","Unfall 209977 (2019) Kat:3, Licht: 0","209977","3","7","0","06","18","5","0","0","1","0","0","0"
"POINT (11.580713939000077 48.144897394000054)","Unfall 209980 (2019) Kat:3, Licht: 0","209980","3","6","2","06","09","5","0","0","0","1","0","0"
"POINT (11.530281428000023 48.152405075000047)","Unfall 210068 (2019) Kat:2, Licht: 0","210068","2","7","6","06","20","6","0","0","1","0","1","0"
"POINT (11.528412208000077 48.165167242000052)","Unfall 210069 (2019) Kat:3, Licht: 0","210069","3","3","5","06","07","6","0","0","1","1","0","0"
"POINT (11.560560366000061 48.137405372000046)","Unfall 210071 (2019) Kat:3, Licht: 0","210071","3","4","6","06","15","6","0","0","0","1","1","1"
"POINT (11.634045892000074 48.118366079000054)","Unfall 210073 (2019) Kat:3, Licht: 0","210073","3","5","1","06","15","6","0","0","0","1","0","0"
"POINT (11.597368137000046 48.103058997000062)","Unfall 210074 (2019) Kat:3, Licht: 0","210074","3","6","0","06","13","6","0","0","0","1","0","1"
"POINT (11.429746346000059 48.173814024000080)","Unfall 210076 (2019) Kat:3, Licht: 0","210076","3","2","1","06","07","6","0","0","0","1","0","0"
"POINT (11.503911060000064 48.094304715000078)","Unfall 210077 (2019) Kat:2, Licht: 1","210077","2","3","5","06","21","6","0","1","0","1","0","0"
"POINT (11.594843057000048 48.110159869000029)","Unfall 210078 (2019) Kat:3, Licht: 0","210078","3","5","1","06","06","6","0","0","1","1","0","0"
"POINT (11.558472723000023 48.143172170000071)","Unfall 210079 (2019) Kat:3, Licht: 0","210079","3","1","5","06","08","6","0","0","1","1","0","0"
"POINT (11.621143722000056 48.187056102000042)","Unfall 210080 (2019) Kat:3, Licht: 0","210080","3","2","5","06","13","6","0","0","1","1","0","0"
"POINT (11.444481034000034 48.184885441000063)","Unfall 210082 (2019) Kat:3, Licht: 0","210082","3","3","4","06","12","6","0","0","1","0","0","0"
"POINT (11.556706968000071 48.186436215000072)","Unfall 210083 (2019) Kat:3, Licht: 0","210083","3","3","5","06","13","6","0","0","1","1","0","0"
"POINT (11.502383567000038 48.110690415000079)","Unfall 210085 (2019) Kat:2, Licht: 0","210085","2","4","6","06","18","6","0","0","1","0","1","0"
"POINT (11.592622948000042 48.110621560000027)","Unfall 210087 (2019) Kat:3, Licht: 0","210087","3","2","5","06","17","6","0","0","1","1","0","0"
"POINT (11.526064368000050 48.116563926000026)","Unfall 210089 (2019) Kat:3, Licht: 0","210089","3","2","3","06","07","6","0","0","1","1","0","0"
"POINT (11.560686443000066 48.133033040000043)","Unfall 210090 (2019) Kat:3, Licht: 0","210090","3","1","0","06","13","6","0","0","0","0","0","1"
"POINT (11.602596360000064 48.160270289000039)","Unfall 210091 (2019) Kat:3, Licht: 0","210091","3","3","5","06","14","6","0","0","1","1","0","0"
"POINT (11.565276656000037 48.143393118000063)","Unfall 210092 (2019) Kat:3, Licht: 0","210092","3","3","6","06","07","6","0","0","1","0","1","0"
"POINT (11.582700718000069 48.135082578000038)","Unfall 210093 (2019) Kat:3, Licht: 0","210093","3","4","2","06","13","6","0","0","0","1","1","0"
"POINT (11.565834352000024 48.139524976000075)","Unfall 210203 (2019) Kat:3, Licht: 2","210203","3","4","6","06","22","3","0","2","0","1","1","0"
"POINT (11.508480720000023 48.098142374000076)","Unfall 210205 (2019) Kat:2, Licht: 0","210205","2","2","4","06","10","3","0","0","0","1","0","1"
"POINT (11.557334288000050 48.137768469000036)","Unfall 210213 (2019) Kat:3, Licht: 0","210213","3","5","1","06","15","2","0","0","0","1","0","0"
"POINT (11.492286643000057 48.080228860000034)","Unfall 210214 (2019) Kat:3, Licht: 0","210214","3","2","0","06","19","2","1","0","0","1","0","1"
"POINT (11.446574078000026 48.171984355000063)","Unfall 210216 (2019) Kat:3, Licht: 0","210216","3","6","4","06","18","2","1","0","0","1","0","0"
"POINT (11.482896914000037 48.086635714000067)","Unfall 210217 (2019) Kat:2, Licht: 0","210217","2","1","0","06","18","2","0","0","1","0","0","0"
"POINT (11.533691993000048 48.133980628000074)","Unfall 210218 (2019) Kat:3, Licht: 0","210218","3","7","0","06","20","3","0","0","1","0","0","0"
"POINT (11.587685406000048 48.154800406000049)","Unfall 210240 (2019) Kat:3, Licht: 0","210240","3","1","1","06","13","3","0","0","0","1","0","0"
"POINT (11.507347157000027 48.075931732000072)","Unfall 210243 (2019) Kat:3, Licht: 0","210243","3","3","5","06","13","3","0","0","0","1","0","0"
"POINT (11.426515459000029 48.157319040000061)","Unfall 210244 (2019) Kat:3, Licht: 0","210244","3","3","5","06","08","3","1","0","1","1","0","0"
"POINT (11.551928863000057 48.126307555000039)","Unfall 210248 (2019) Kat:3, Licht: 0","210248","3","7","0","06","08","3","1","0","0","0","0","1"
"POINT (11.581901264000066 48.115396563000047)","Unfall 210306 (2019) Kat:3, Licht: 0","210306","3","3","5","06","18","4","0","0","0","1","0","0"
"POINT (11.568341302000022 48.178311745000030)","Unfall 210308 (2019) Kat:3, Licht: 0","210308","3","5","1","06","16","4","0","0","1","1","0","0"
"POINT (11.465291489000037 48.146272209000074)","Unfall 210310 (2019) Kat:3, Licht: 0","210310","3","3","5","06","18","4","0","0","0","1","0","0"
"POINT (11.521020721000070 48.184000901000047)","Unfall 210312 (2019) Kat:3, Licht: 0","210312","3","3","5","06","18","4","0","0","1","1","0","0"
"POINT (11.656812070000058 48.108405775000051)","Unfall 210313 (2019) Kat:3, Licht: 0","210313","3","2","5","06","09","4","0","0","0","1","0","0"
"POINT (11.611474251000061 48.199930379000079)","Unfall 210315 (2019) Kat:3, Licht: 0","210315","3","2","5","06","15","4","0","0","0","1","0","0"
"POINT (11.587987754000039 48.137386679000031)","Unfall 210317 (2019) Kat:3, Licht: 0","210317","3","2","5","06","09","4","0","0","1","1","0","0"
"POINT (11.527265445000069 48.218032365000056)","Unfall 210319 (2019) Kat:3, Licht: 0","210319","3","7","1","06","16","4","0","0","1","1","0","0"
"POINT (11.568639507000057 48.183111019000080)","Unfall 210320 (2019) Kat:3, Licht: 0","210320","3","6","2","06","18","4","0","0","0","1","0","1"
"POINT (11.511465809000072 48.131806050000080)","Unfall 210322 (2019) Kat:3, Licht: 0","210322","3","5","0","06","10","4","0","0","1","1","0","0"
"POINT (11.552107270000022 48.100646593000079)","Unfall 210323 (2019) Kat:2, Licht: 2","210323","2","1","8","06","23","1","0","2","1","0","0","0"
"POINT (11.510496720000049 48.170206277000034)","Unfall 210325 (2019) Kat:3, Licht: 0","210325","3","2","5","06","15","1","0","0","1","1","0","0"
"POINT (11.561584513000071 48.168253594000078)","Unfall 210340 (2019) Kat:2, Licht: 2","210340","2","7","0","06","21","1","0","2","1","0","0","0"
"POINT (11.596865868000066 48.102705900000046)","Unfall 210342 (2019) Kat:3, Licht: 0","210342","3","2","5","06","15","1","0","0","0","1","0","0"
"POINT (11.674087865000047 48.109766120000074)","Unfall 210346 (2019) Kat:3, Licht: 0","210346","3","5","1","06","18","1","0","0","1","1","0","0"
"POINT (11.521944047000034 48.151219688000026)","Unfall 210349 (2019) Kat:3, Licht: 0","210349","3","5","1","06","14","1","0","0","1","1","0","0"
"POINT (11.540437567000026 48.085080817000062)","Unfall 210351 (2019) Kat:2, Licht: 0","210351","2","1","4","06","13","1","0","0","1","0","0","0"
"POINT (11.590824143000077 48.128116536000050)","Unfall 210390 (2019) Kat:3, Licht: 0","210390","3","5","1","06","07","3","1","0","0","1","0","1"
"POINT (11.575269895000076 48.149235820000058)","Unfall 210392 (2019) Kat:3, Licht: 0","210392","3","7","1","06","10","3","0","0","1","1","0","0"
"POINT (11.602923225000040 48.127606732000061)","Unfall 210393 (2019) Kat:3, Licht: 0","210393","3","7","0","06","12","3","0","0","0","0","1","0"
"POINT (11.513223768000046 48.135032899000066)","Unfall 210396 (2019) Kat:3, Licht: 0","210396","3","1","0","06","09","3","0","0","1","0","0","0"
"POINT (11.484147577000044 48.118892786000060)","Unfall 210441 (2019) Kat:2, Licht: 0","210441","2","2","6","06","19","1","1","0","0","1","1","0"
"POINT (11.520280762000027 48.150363659000050)","Unfall 210442 (2019) Kat:3, Licht: 0","210442","3","6","3","06","14","1","0","0","0","1","0","0"
"POINT (11.579831358000035 48.115057307000029)","Unfall 210443 (2019) Kat:3, Licht: 0","210443","3","6","3","06","17","1","0","0","1","0","0","0"
"POINT (11.599511211000049 48.130982199000073)","Unfall 210444 (2019) Kat:3, Licht: 0","210444","3","5","1","06","08","1","0","0","1","1","0","0"
"POINT (11.567134327000076 48.140597301000071)","Unfall 210445 (2019) Kat:3, Licht: 0","210445","3","6","2","06","15","1","0","0","0","1","0","0"
"POINT (11.583556349000048 48.126553774000058)","Unfall 210469 (2019) Kat:3, Licht: 2","210469","3","3","5","06","02","7","0","2","1","1","0","0"
"POINT (11.534191653000050 48.191818949000037)","Unfall 210470 (2019) Kat:3, Licht: 0","210470","3","1","6","06","12","7","0","0","1","0","1","0"
"POINT (11.454605633000028 48.189673918000040)","Unfall 210472 (2019) Kat:3, Licht: 0","210472","3","1","0","06","13","7","0","0","1","0","0","0"
"POINT (11.560954984000034 48.140291523000030)","Unfall 210473 (2019) Kat:2, Licht: 0","210473","2","6","3","06","11","7","0","0","1","1","0","0"
"POINT (11.584998644000052 48.162585001000082)","Unfall 210474 (2019) Kat:2, Licht: 0","210474","2","6","2","06","14","7","0","0","1","0","0","0"
"POINT (11.515738823000049 48.161928677000049)","Unfall 210476 (2019) Kat:3, Licht: 0","210476","3","1","3","06","15","7","0","0","1","0","0","0"
"POINT (11.547169592000046 48.159583265000037)","Unfall 210477 (2019) Kat:2, Licht: 0","210477","2","4","6","06","19","7","0","0","0","1","1","0"
"POINT (11.461329439000053 48.147187998000049)","Unfall 210478 (2019) Kat:3, Licht: 0","210478","3","1","0","06","17","7","0","0","1","0","0","0"
"POINT (11.564092387000073 48.106784006000055)","Unfall 210479 (2019) Kat:3, Licht: 2","210479","3","1","0","06","02","7","0","2","1","0","0","0"
"POINT (11.580569795000031 48.149029411000072)","Unfall 210480 (2019) Kat:3, Licht: 0","210480","3","6","3","06","12","7","0","0","0","1","0","1"
"POINT (11.580570880000039 48.149031719000050)","Unfall 210481 (2019) Kat:3, Licht: 0","210481","3","3","5","06","12","7","0","0","1","1","0","0"
"POINT (11.503249754000024 48.143933578000031)","Unfall 210526 (2019) Kat:3, Licht: 0","210526","3","4","6","06","15","6","0","0","0","1","1","0"
"POINT (11.642398114000059 48.138686477000078)","Unfall 210528 (2019) Kat:3, Licht: 0","210528","3","3","5","06","16","6","0","0","0","1","0","1"
"POINT (11.579389318000040 48.115176363000046)","Unfall 210529 (2019) Kat:3, Licht: 0","210529","3","6","2","06","09","6","0","0","1","0","0","0"
"POINT (11.559957812000050 48.141367110000033)","Unfall 210530 (2019) Kat:3, Licht: 0","210530","3","5","2","06","14","6","0","0","1","1","0","0"
"POINT (11.578452647000063 48.138703758000077)","Unfall 210532 (2019) Kat:3, Licht: 0","210532","3","4","6","06","10","6","0","0","1","0","1","0"
"POINT (11.614266451000049 48.090928908000080)","Unfall 210533 (2019) Kat:3, Licht: 0","210533","3","3","3","06","10","6","0","0","1","1","0","0"
"POINT (11.656246055000054 48.105889360000049)","Unfall 210534 (2019) Kat:2, Licht: 0","210534","2","3","5","06","11","6","0","0","1","1","0","0"
"POINT (11.534592484000029 48.194841861000043)","Unfall 210535 (2019) Kat:1, Licht: 0","210535","1","2","5","06","14","6","0","0","1","1","0","0"
"POINT (11.511321058000021 48.165291699000079)","Unfall 210537 (2019) Kat:3, Licht: 0","210537","3","3","1","06","18","6","0","0","1","1","0","0"
"POINT (11.562717992000046 48.144162004000066)","Unfall 210544 (2019) Kat:3, Licht: 0","210544","3","2","5","06","13","6","0","0","1","1","0","0"
"POINT (11.604902020000054 48.147680370000046)","Unfall 210598 (2019) Kat:3, Licht: 2","210598","3","1","0","06","22","5","0","2","1","0","0","0"
"POINT (11.545163051000031 48.150129968000044)","Unfall 210599 (2019) Kat:3, Licht: 0","210599","3","2","3","06","08","5","0","0","0","1","0","1"
"POINT (11.589249318000043 48.165805033000026)","Unfall 210600 (2019) Kat:3, Licht: 0","210600","3","6","5","06","10","5","0","0","1","0","0","0"
"POINT (11.437518158000046 48.175372971000058)","Unfall 210601 (2019) Kat:3, Licht: 0","210601","3","2","4","06","15","5","0","0","0","0","0","1"
"POINT (11.574465535000058 48.120247129000063)","Unfall 210603 (2019) Kat:3, Licht: 2","210603","3","3","0","06","22","5","0","2","1","1","0","0"
"POINT (11.560425915000053 48.212678821000054)","Unfall 210604 (2019) Kat:3, Licht: 0","210604","3","7","0","06","19","5","0","0","1","1","0","0"