WKT,Name,OBJECTID,UKATEGORIE,UTYP1,UART,UMONAT,USTUNDE,UWOCHENTAG,STRZUSTAND,ULICHTVERH,ISTRAD,ISTPKW,ISTFUSS,ISTKRAD
"POINT (11.523964063000051 48.180917894000061)","Unfall 210605 (2019) Kat:3, Licht: 0","210605","3","3","5","06","17","5","0","0","0","1","0","0"
"POINT (11.508162949000052 48.129833603000066)","Unfall 210606 (2019) Kat:3, Licht: 0","210606","3","4","6","06","19","5","0","0","1","0","1","0"
"POINT (11.486693163000041 48.110925615000042)","Unfall 210607 (2019) Kat:3, Licht: 0","210607","3","3","5","06","13","5","0","0","1","1","0","0"
"POINT (11.570699653000077 48.151756369000054)","Unfall 210609 (2019) Kat:3, Licht: 0","210609","3","6","3","06","18","5","0","0","1","0","0","0"
"POINT (11.574632602000065 48.139644069000042)","Unfall 210610 (2019) Kat:3, Licht: 0","210610","3","6","3","06","13","5","0","0","1","0","0","0"
"POINT (11.568492834000040 48.131338795000033)","Unfall 210611 (2019) Kat:3, Licht: 0","210611","3","3","5","06","18","5","0","0","1","0","0","0"
"POINT (11.596469659000036 48.123716450000074)","Unfall 210665 (2019) Kat:3, Licht: 0","210665","3","7","0","06","13","5","0","0","0","0","0","1"
"POINT (11.579222825000045 48.129300407000073)","Unfall 210666 (2019) Kat:3, Licht: 2","210666","3","3","0","06","01","5","0","2","0","1","0","1"
"POINT (11.563164268000037 48.182297830000039)","Unfall 210667 (2019) Kat:3, Licht: 2","210667","3","4","6","06","00","5","0","2","0","1","1","0"
"POINT (11.688645818000055 48.115551150000044)","Unfall 210668 (2019) Kat:3, Licht: 0","210668","3","3","5","06","13","5","0","0","0","1","0","0"
"POINT (11.581130818000076 48.104903813000078)","Unfall 210669 (2019) Kat:3, Licht: 0","210669","3","1","0","06","13","5","0","0","1","0","0","0"
"POINT (11.581533022000031 48.135365760000070)","Unfall 210670 (2019) Kat:3, Licht: 2","210670","3","1","0","06","00","5","0","2","1","0","0","0"
"POINT (11.622515962000023 48.148577707000072)","Unfall 210706 (2019) Kat:3, Licht: 0","210706","3","2","5","06","19","4","0","0","1","1","0","0"
"POINT (11.547748743000056 48.126699508000058)","Unfall 210707 (2019) Kat:3, Licht: 0","210707","3","2","4","06","06","4","0","0","1","1","0","0"
"POINT (11.501490495000041 48.134407601000078)","Unfall 210708 (2019) Kat:3, Licht: 0","210708","3","1","1","06","16","4","0","0","1","1","0","0"
"POINT (11.579719263000072 48.147216504000028)","Unfall 210709 (2019) Kat:3, Licht: 2","210709","3","7","1","06","21","4","0","2","1","1","0","0"
"POINT (11.409149543000069 48.138206472000036)","Unfall 210710 (2019) Kat:3, Licht: 0","210710","3","2","4","06","12","4","0","0","0","0","0","1"
"POINT (11.568686614000057 48.131282157000044)","Unfall 210711 (2019) Kat:3, Licht: 2","210711","3","5","1","06","21","4","0","2","1","1","0","0"
"POINT (11.647031342000048 48.130357561000039)","Unfall 210713 (2019) Kat:3, Licht: 0","210713","3","3","5","06","17","4","0","0","1","1","0","0"
"POINT (11.640168567000046 48.098080516000039)","Unfall 210714 (2019) Kat:3, Licht: 0","210714","3","6","3","06","07","4","0","0","1","0","0","0"
"POINT (11.551850084000023 48.142887072000065)","Unfall 210715 (2019) Kat:3, Licht: 0","210715","3","5","1","06","18","4","0","0","0","1","0","0"
"POINT (11.570005497000068 48.130915386000027)","Unfall 210716 (2019) Kat:3, Licht: 0","210716","3","1","0","06","07","4","0","0","1","0","0","0"
"POINT (11.520480903000077 48.146516954000049)","Unfall 210717 (2019) Kat:3, Licht: 0","210717","3","3","5","06","07","4","0","0","1","0","0","0"
"POINT (11.566856071000075 48.132976077000080)","Unfall 210718 (2019) Kat:2, Licht: 0","210718","2","2","3","06","10","4","0","0","1","0","0","0"
"POINT (11.503921852000076 48.094303513000057)","Unfall 210720 (2019) Kat:2, Licht: 0","210720","2","3","5","06","16","4","0","0","0","1","0","1"
"POINT (11.516742991000058 48.162216005000062)","Unfall 210721 (2019) Kat:3, Licht: 0","210721","3","7","0","06","15","4","0","0","1","0","1","0"
"POINT (11.495136927000033 48.094533396000031)","Unfall 210723 (2019) Kat:3, Licht: 0","210723","3","6","0","06","20","4","0","0","0","1","0","1"
"POINT (11.586429863000035 48.143255084000032)","Unfall 210797 (2019) Kat:3, Licht: 0","210797","3","6","2","06","18","3","0","0","0","1","0","0"
"POINT (11.502279855000040 48.191608790000032)","Unfall 210798 (2019) Kat:3, Licht: 0","210798","3","2","5","06","18","3","0","0","0","0","0","1"
"POINT (11.564644249000025 48.137404921000041)","Unfall 210799 (2019) Kat:2, Licht: 0","210799","2","3","3","06","07","3","0","0","1","1","0","0"
"POINT (11.605998084000021 48.200565943000072)","Unfall 210800 (2019) Kat:3, Licht: 0","210800","3","4","6","06","11","3","0","0","0","1","1","0"
"POINT (11.652372107000076 48.114740336000068)","Unfall 210802 (2019) Kat:3, Licht: 0","210802","3","3","5","06","12","3","0","0","0","1","0","0"
"POINT (11.526339225000072 48.071732190000034)","Unfall 210803 (2019) Kat:2, Licht: 0","210803","2","3","5","06","10","3","0","0","0","1","0","1"
"POINT (11.585251086000028 48.129450066000061)","Unfall 210804 (2019) Kat:3, Licht: 0","210804","3","3","5","06","05","3","0","0","1","1","0","0"
"POINT (11.471975822000047 48.144511592000072)","Unfall 210805 (2019) Kat:3, Licht: 0","210805","3","3","5","06","18","3","0","0","1","1","0","0"
"POINT (11.455314597000040 48.207400027000062)","Unfall 210806 (2019) Kat:3, Licht: 0","210806","3","6","4","06","08","3","0","0","1","1","0","0"
"POINT (11.516481975000033 48.153839257000072)","Unfall 210807 (2019) Kat:3, Licht: 0","210807","3","3","5","06","18","3","0","0","0","1","0","1"
"POINT (11.477616009000030 48.116482051000048)","Unfall 210808 (2019) Kat:3, Licht: 0","210808","3","6","4","06","08","3","0","0","1","0","0","0"
"POINT (11.576326019000021 48.152840254000068)","Unfall 210810 (2019) Kat:3, Licht: 0","210810","3","5","1","06","08","3","0","0","1","1","0","0"
"POINT (11.576189009000075 48.111907768000037)","Unfall 210877 (2019) Kat:3, Licht: 0","210877","3","1","3","06","15","2","0","0","0","1","0","0"
"POINT (11.571240966000062 48.147920553000063)","Unfall 210878 (2019) Kat:3, Licht: 0","210878","3","7","0","06","19","2","0","0","1","0","0","0"
"POINT (11.509317989000067 48.155603124000038)","Unfall 210880 (2019) Kat:3, Licht: 0","210880","3","5","1","06","19","2","0","0","1","1","0","0"
"POINT (11.540157223000051 48.117539550000060)","Unfall 210881 (2019) Kat:3, Licht: 0","210881","3","7","0","06","08","2","0","0","1","0","0","0"
"POINT (11.570142504000046 48.137304821000043)","Unfall 210882 (2019) Kat:3, Licht: 0","210882","3","6","3","06","19","2","0","0","0","1","0","1"
"POINT (11.571408412000039 48.140504902000032)","Unfall 210883 (2019) Kat:3, Licht: 0","210883","3","1","0","06","09","2","0","0","1","0","0","0"
"POINT (11.530327344000057 48.171326596000029)","Unfall 210885 (2019) Kat:3, Licht: 0","210885","3","6","3","06","08","2","0","0","1","0","0","0"
"POINT (11.558531982000034 48.146427510000080)","Unfall 210887 (2019) Kat:3, Licht: 0","210887","3","6","0","06","12","2","0","0","0","1","0","1"
"POINT (11.454940705000070 48.167085995000036)","Unfall 210889 (2019) Kat:3, Licht: 0","210889","3","6","3","06","14","2","0","0","0","1","0","0"
"POINT (11.537985332000062 48.154400968000061)","Unfall 210891 (2019) Kat:3, Licht: 2","210891","3","6","3","06","23","2","0","2","1","0","0","0"
"POINT (11.583650773000045 48.131499586000075)","Unfall 210892 (2019) Kat:3, Licht: 0","210892","3","6","2","06","09","2","0","0","0","1","0","1"
"POINT (11.520096438000053 48.145304439000029)","Unfall 210893 (2019) Kat:2, Licht: 0","210893","2","7","3","06","18","2","0","0","0","1","0","1"
"POINT (11.566411367000057 48.185791272000074)","Unfall 210896 (2019) Kat:3, Licht: 0","210896","3","6","3","06","17","2","0","0","0","1","0","0"
"POINT (11.503316683000037 48.147070172000042)","Unfall 210898 (2019) Kat:3, Licht: 0","210898","3","3","5","06","07","2","0","0","1","0","0","0"
"POINT (11.550341229000026 48.114228431000072)","Unfall 210902 (2019) Kat:3, Licht: 0","210902","3","7","0","06","18","2","0","0","1","0","0","0"
"POINT (11.565574410000067 48.133047365000039)","Unfall 210904 (2019) Kat:3, Licht: 2","210904","3","3","5","06","22","2","0","2","1","1","0","0"
"POINT (11.578848922000077 48.149448513000038)","Unfall 210905 (2019) Kat:3, Licht: 0","210905","3","7","0","06","17","2","0","0","0","1","0","1"
"POINT (11.571474242000022 48.141605321000043)","Unfall 210951 (2019) Kat:3, Licht: 2","210951","3","2","5","06","23","7","1","2","1","1","0","0"
"POINT (11.455976805000034 48.163807430000077)","Unfall 210952 (2019) Kat:2, Licht: 2","210952","2","6","2","06","22","7","1","2","0","1","0","0"
"POINT (11.584679872000038 48.157734200000050)","Unfall 210954 (2019) Kat:2, Licht: 2","210954","2","4","6","06","22","7","1","2","0","1","1","0"
"POINT (11.619700767000040 48.154435649000050)","Unfall 210955 (2019) Kat:3, Licht: 0","210955","3","4","6","06","16","7","0","0","0","1","1","0"
"POINT (11.544897317000050 48.097961153000028)","Unfall 210957 (2019) Kat:3, Licht: 0","210957","3","4","6","06","14","7","0","0","0","1","1","0"
"POINT (11.532973947000073 48.154563200000041)","Unfall 210958 (2019) Kat:3, Licht: 0","210958","3","2","5","06","17","7","0","0","1","1","0","0"
"POINT (11.509091231000070 48.153672407000045)","Unfall 210959 (2019) Kat:3, Licht: 0","210959","3","4","6","06","10","7","0","0","1","0","1","0"
"POINT (11.653290291000076 48.128558651000048)","Unfall 210960 (2019) Kat:3, Licht: 0","210960","3","7","9","06","19","7","0","0","1","0","0","0"
"POINT (11.612611967000021 48.115370579000057)","Unfall 210961 (2019) Kat:3, Licht: 0","210961","3","6","2","06","12","7","0","0","1","0","0","0"
"POINT (11.586436187000061 48.167328992000080)","Unfall 210962 (2019) Kat:3, Licht: 2","210962","3","2","5","06","02","7","0","2","1","1","0","0"
"POINT (11.571191638000073 48.158348325000077)","Unfall 210963 (2019) Kat:3, Licht: 2","210963","3","1","0","06","22","7","1","2","1","0","0","0"
"POINT (11.578570691000039 48.137812987000075)","Unfall 210964 (2019) Kat:3, Licht: 0","210964","3","4","6","06","16","7","0","0","0","1","1","0"
"POINT (11.559851992000063 48.144333363000044)","Unfall 210989 (2019) Kat:3, Licht: 2","210989","3","5","1","06","22","2","0","2","0","1","0","0"
"POINT (11.532388560000072 48.185102662000077)","Unfall 210991 (2019) Kat:3, Licht: 0","210991","3","6","2","06","12","2","0","0","0","1","0","0"
"POINT (11.612983097000040 48.120615289000057)","Unfall 210993 (2019) Kat:3, Licht: 0","210993","3","6","2","06","16","2","0","0","0","1","0","1"
"POINT (11.584281896000050 48.139981104000071)","Unfall 210996 (2019) Kat:3, Licht: 0","210996","3","3","5","06","13","2","0","0","1","1","0","0"
"POINT (11.575903967000045 48.119255050000049)","Unfall 210998 (2019) Kat:3, Licht: 0","210998","3","4","5","06","07","2","0","0","1","0","1","0"
"POINT (11.580359275000035 48.148579448000078)","Unfall 211000 (2019) Kat:3, Licht: 0","211000","3","6","3","06","14","2","0","0","1","0","0","0"
"POINT (11.576345706000041 48.135888046000048)","Unfall 211002 (2019) Kat:2, Licht: 0","211002","2","4","6","06","09","2","0","0","1","0","1","0"
"POINT (11.592370468000070 48.174199489000046)","Unfall 211003 (2019) Kat:3, Licht: 0","211003","3","3","5","06","18","2","0","0","0","1","0","1"
"POINT (11.599656099000072 48.125425889000041)","Unfall 211005 (2019) Kat:3, Licht: 0","211005","3","6","3","06","16","2","0","0","1","0","0","0"
"POINT (11.583035017000043 48.163619080000046)","Unfall 211006 (2019) Kat:3, Licht: 0","211006","3","7","6","06","17","2","0","0","0","1","1","0"
"POINT (11.577370617000042 48.145467053000061)","Unfall 211008 (2019) Kat:3, Licht: 0","211008","3","3","5","06","16","2","0","0","0","1","1","0"
"POINT (11.626980298000035 48.139527080000050)","Unfall 211010 (2019) Kat:3, Licht: 0","211010","3","6","3","06","15","2","0","0","0","1","0","0"
"POINT (11.432262953000077 48.174320441000077)","Unfall 211013 (2019) Kat:3, Licht: 0","211013","3","1","0","06","13","2","0","0","1","0","0","0"
"POINT (11.520887175000041 48.177294048000078)","Unfall 211015 (2019) Kat:3, Licht: 0","211015","3","4","6","06","07","2","0","0","0","1","1","0"
"POINT (11.541238337000038 48.186369112000079)","Unfall 211016 (2019) Kat:3, Licht: 0","211016","3","6","2","06","17","2","0","0","0","1","0","0"
"POINT (11.529446369000027 48.154273439000065)","Unfall 211018 (2019) Kat:3, Licht: 0","211018","3","3","5","06","14","2","0","0","0","1","0","1"
"POINT (11.502400828000077 48.112236106000069)","Unfall 211020 (2019) Kat:3, Licht: 0","211020","3","2","3","06","15","2","0","0","1","1","0","0"
"POINT (11.595715599000073 48.130387912000060)","Unfall 211024 (2019) Kat:3, Licht: 2","211024","3","1","0","06","22","2","0","2","1","0","0","0"
"POINT (11.592976831000044 48.127057167000032)","Unfall 211025 (2019) Kat:3, Licht: 0","211025","3","2","5","06","16","2","0","0","1","0","0","1"
"POINT (11.536506942000074 48.116910814000050)","Unfall 211027 (2019) Kat:3, Licht: 0","211027","3","7","0","06","18","2","0","0","1","0","0","0"
"POINT (11.578736992000074 48.138008859000081)","Unfall 211029 (2019) Kat:3, Licht: 0","211029","3","7","1","06","09","2","0","0","1","1","0","0"
"POINT (11.559294723000050 48.146106314000065)","Unfall 211044 (2019) Kat:3, Licht: 2","211044","3","1","1","06","21","6","1","2","1","1","0","0"
"POINT (11.513781046000076 48.111735800000076)","Unfall 211046 (2019) Kat:3, Licht: 0","211046","3","5","0","06","10","6","0","0","1","1","0","0"
"POINT (11.597796664000043 48.149581556000044)","Unfall 211048 (2019) Kat:3, Licht: 0","211048","3","3","5","06","15","6","0","0","0","1","0","0"
"POINT (11.581573555000034 48.104410304000055)","Unfall 211051 (2019) Kat:3, Licht: 0","211051","3","2","3","06","07","6","0","0","1","1","0","0"
"POINT (11.565252749000024 48.139726210000049)","Unfall 211054 (2019) Kat:3, Licht: 0","211054","3","2","3","06","19","6","0","0","1","1","0","0"
"POINT (11.598840262000067 48.114330195000036)","Unfall 211056 (2019) Kat:3, Licht: 0","211056","3","6","3","06","14","6","0","0","0","1","0","0"
"POINT (11.542915300000061 48.162292579000052)","Unfall 211058 (2019) Kat:3, Licht: 0","211058","3","5","6","06","08","6","0","0","1","0","1","0"
"POINT (11.535561396000048 48.197943302000056)","Unfall 211060 (2019) Kat:3, Licht: 0","211060","3","5","3","06","11","6","0","0","1","1","0","0"
"POINT (11.558507798000051 48.149058681000042)","Unfall 211063 (2019) Kat:3, Licht: 0","211063","3","2","5","06","14","6","0","0","1","1","0","0"
"POINT (11.495037838000030 48.094455418000052)","Unfall 211064 (2019) Kat:3, Licht: 0","211064","3","6","3","06","10","6","0","0","1","0","0","0"
"POINT (11.658931678000044 48.105886594000026)","Unfall 211068 (2019) Kat:3, Licht: 0","211068","3","2","5","06","15","6","0","0","0","1","0","0"
"POINT (11.593384952000065 48.131956629000058)","Unfall 211071 (2019) Kat:3, Licht: 0","211071","3","5","1","06","15","6","0","0","1","1","0","0"
"POINT (11.566728775000058 48.133346502000052)","Unfall 211149 (2019) Kat:3, Licht: 2","211149","3","3","5","06","04","1","1","2","0","1","0","0"
"POINT (11.592166802000065 48.142320991000076)","Unfall 211151 (2019) Kat:3, Licht: 0","211151","3","3","5","06","18","1","0","0","1","1","0","0"
"POINT (11.548656244000028 48.113316694000048)","Unfall 211153 (2019) Kat:3, Licht: 0","211153","3","7","3","06","16","1","0","0","0","1","0","1"
"POINT (11.546169801000076 48.131939303000081)","Unfall 211154 (2019) Kat:2, Licht: 2","211154","2","1","0","06","22","1","0","2","1","0","0","0"
"POINT (11.580442785000059 48.184198606000052)","Unfall 211155 (2019) Kat:2, Licht: 0","211155","2","4","6","06","16","1","0","0","1","0","1","0"
"POINT (11.508350374000031 48.172821764000048)","Unfall 211157 (2019) Kat:3, Licht: 0","211157","3","7","0","06","15","1","0","0","1","1","1","0"
"POINT (11.548505809000062 48.121930040000052)","Unfall 211158 (2019) Kat:2, Licht: 1","211158","2","7","3","06","20","1","0","1","0","1","0","0"
"POINT (11.511458440000069 48.155832055000076)","Unfall 211160 (2019) Kat:2, Licht: 0","211160","2","3","5","06","14","1","1","0","0","1","0","0"
"POINT (11.520536431000039 48.150027136000062)","Unfall 211162 (2019) Kat:3, Licht: 2","211162","3","7","0","06","04","1","1","2","0","0","0","1"
"POINT (11.511525913000071 48.160146351000037)","Unfall 211163 (2019) Kat:3, Licht: 0","211163","3","6","2","06","14","1","0","0","0","1","0","0"
"POINT (11.477892555000039 48.111976169000059)","Unfall 211164 (2019) Kat:3, Licht: 0","211164","3","1","0","06","09","1","1","0","1","0","0","0"
"POINT (11.546401532000061 48.123105423000027)","Unfall 211166 (2019) Kat:3, Licht: 0","211166","3","7","3","06","15","1","0","0","0","1","0","0"
"POINT (11.574666266000065 48.145708203000027)","Unfall 211216 (2019) Kat:3, Licht: 0","211216","3","3","5","06","16","4","0","0","0","1","0","0"
"POINT (11.573625701000026 48.151577744000065)","Unfall 211217 (2019) Kat:3, Licht: 0","211217","3","5","1","06","14","4","0","0","1","1","0","0"
"POINT (11.577376889000050 48.145514410000033)","Unfall 211218 (2019) Kat:3, Licht: 0","211218","3","3","5","06","07","4","0","0","0","1","0","0"
"POINT (11.646030085000064 48.100730667000050)","Unfall 211219 (2019) Kat:3, Licht: 0","211219","3","5","6","06","09","4","0","0","0","1","1","0"
"POINT (11.566241007000031 48.130892565000067)","Unfall 211220 (2019) Kat:3, Licht: 2","211220","3","7","2","06","22","4","0","2","1","1","0","0"
"POINT (11.566819565000060 48.182230607000065)","Unfall 211221 (2019) Kat:3, Licht: 0","211221","3","4","6","06","16","4","0","0","1","0","1","0"
"POINT (11.456977121000023 48.140142608000076)","Unfall 211222 (2019) Kat:3, Licht: 0","211222","3","2","4","06","16","4","0","0","0","1","0","1"
"POINT (11.661892734000048 48.105284886000049)","Unfall 211223 (2019) Kat:3, Licht: 0","211223","3","2","3","06","08","4","0","0","0","1","0","1"
"POINT (11.576341357000047 48.119076954000036)","Unfall 211224 (2019) Kat:3, Licht: 0","211224","3","6","3","06","06","4","0","0","1","0","0","0"
"POINT (11.579356106000034 48.167102417000081)","Unfall 211226 (2019) Kat:3, Licht: 0","211226","3","3","3","06","16","4","0","0","1","1","0","0"
"POINT (11.548783814000046 48.191700935000028)","Unfall 211228 (2019) Kat:2, Licht: 0","211228","2","2","0","06","14","4","0","0","1","0","0","1"
"POINT (11.504350418000058 48.172858389000055)","Unfall 211230 (2019) Kat:3, Licht: 0","211230","3","7","2","06","10","4","0","0","0","1","0","0"
"POINT (11.524059335000061 48.198087751000060)","Unfall 211231 (2019) Kat:2, Licht: 0","211231","2","1","3","06","07","4","0","0","1","1","0","0"
"POINT (11.566487626000026 48.184443763000047)","Unfall 211232 (2019) Kat:3, Licht: 0","211232","3","4","6","06","15","4","0","0","1","0","1","0"
"POINT (11.510236362000057 48.094456059000038)","Unfall 211234 (2019) Kat:2, Licht: 0","211234","2","1","0","06","16","4","0","0","1","0","0","0"
"POINT (11.636237651000044 48.140292814000077)","Unfall 211235 (2019) Kat:3, Licht: 0","211235","3","2","4","06","05","4","0","0","1","1","0","0"
"POINT (11.653743860000077 48.140966098000035)","Unfall 211236 (2019) Kat:3, Licht: 0","211236","3","7","0","06","18","4","0","0","0","0","0","1"
"POINT (11.583473994000030 48.161731920000079)","Unfall 211237 (2019) Kat:3, Licht: 0","211237","3","5","0","06","07","4","0","0","1","0","0","0"
"POINT (11.599798002000057 48.107182844000079)","Unfall 211302 (2019) Kat:3, Licht: 0","211302","3","3","5","06","15","3","0","0","1","1","0","0"
"POINT (11.544287902000065 48.122279645000049)","Unfall 211303 (2019) Kat:3, Licht: 0","211303","3","6","3","06","11","3","0","0","0","1","0","1"
"POINT (11.578158319000067 48.167680435000079)","Unfall 211304 (2019) Kat:3, Licht: 0","211304","3","7","5","06","08","3","0","0","0","1","0","1"
"POINT (11.562761161000026 48.144193877000077)","Unfall 211305 (2019) Kat:3, Licht: 0","211305","3","2","6","06","06","3","0","0","0","1","1","0"
"POINT (11.502610968000056 48.126016696000079)","Unfall 211306 (2019) Kat:3, Licht: 0","211306","3","6","3","06","14","3","0","0","0","1","0","0"
"POINT (11.580009368000049 48.135811853000064)","Unfall 211307 (2019) Kat:2, Licht: 0","211307","2","5","6","06","16","3","0","0","1","0","1","0"
"POINT (11.555801340000073 48.133535406000078)","Unfall 211308 (2019) Kat:3, Licht: 0","211308","3","6","5","06","11","3","0","0","0","1","0","1"
"POINT (11.484910689000060 48.115666024000063)","Unfall 211309 (2019) Kat:2, Licht: 0","211309","2","7","0","06","14","3","0","0","1","0","0","0"
"POINT (11.564902653000047 48.138463417000025)","Unfall 211311 (2019) Kat:3, Licht: 0","211311","3","6","2","06","16","3","0","0","0","1","0","1"
"POINT (11.462565010000048 48.192659919000050)","Unfall 211312 (2019) Kat:3, Licht: 0","211312","3","7","0","06","15","3","0","0","0","0","0","1"
"POINT (11.537688450000076 48.116909258000078)","Unfall 211313 (2019) Kat:3, Licht: 0","211313","3","7","0","06","09","3","0","0","0","0","0","0"
"POINT (11.489408485000070 48.194885888000044)","Unfall 211315 (2019) Kat:2, Licht: 0","211315","2","3","5","06","16","3","0","0","1","0","0","0"
"POINT (11.534770038000033 48.140044880000062)","Unfall 211316 (2019) Kat:3, Licht: 0","211316","3","2","5","06","18","3","0","0","1","0","0","0"
"POINT (11.530392571000050 48.182929879000028)","Unfall 211317 (2019) Kat:3, Licht: 0","211317","3","3","5","06","15","3","0","0","0","1","0","0"
"POINT (11.489828885000065 48.181883849000030)","Unfall 211318 (2019) Kat:3, Licht: 0","211318","3","3","5","06","07","3","0","0","0","1","0","0"
"POINT (11.562809927000046 48.164147309000043)","Unfall 211319 (2019) Kat:3, Licht: 0","211319","3","5","1","06","09","3","0","0","1","1","0","0"
"POINT (11.552491809000060 48.148798190000036)","Unfall 211320 (2019) Kat:3, Licht: 2","211320","3","2","5","06","23","3","0","2","1","1","0","0"
"POINT (11.529696545000036 48.157247028000029)","Unfall 211321 (2019) Kat:3, Licht: 0","211321","3","3","5","06","09","3","0","0","1","1","0","0"
"POINT (11.488941181000030 48.140797687000031)","Unfall 211322 (2019) Kat:3, Licht: 0","211322","3","3","5","06","13","3","0","0","1","1","0","0"
"POINT (11.476597619000074 48.103304361000028)","Unfall 211323 (2019) Kat:3, Licht: 0","211323","3","2","5","06","10","3","0","0","1","1","0","0"
"POINT (11.674428536000050 48.125647372000060)","Unfall 211326 (2019) Kat:3, Licht: 0","211326","3","2","5","06","18","3","0","0","0","1","0","1"
"POINT (11.688985986000034 48.138775721000059)","Unfall 211327 (2019) Kat:3, Licht: 0","211327","3","2","4","06","13","3","0","0","0","1","0","0"
"POINT (11.643961140000044 48.115127380000047)","Unfall 211328 (2019) Kat:3, Licht: 0","211328","3","2","5","06","07","3","0","0","1","1","0","0"
"POINT (11.624051165000026 48.131804906000070)","Unfall 211329 (2019) Kat:3, Licht: 0","211329","3","7","0","06","08","3","0","0","1","1","0","0"
"POINT (11.584709640000028 48.132163448000028)","Unfall 211330 (2019) Kat:3, Licht: 0","211330","3","6","1","06","19","3","0","0","0","1","0","0"
"POINT (11.543912644000045 48.122102827000049)","Unfall 211331 (2019) Kat:3, Licht: 0","211331","3","2","5","06","18","3","0","0","1","1","0","0"
"POINT (11.576172391000057 48.142901358000074)","Unfall 211332 (2019) Kat:3, Licht: 0","211332","3","6","1","06","15","3","0","0","1","1","0","0"
"POINT (11.690075092000029 48.111610016000043)","Unfall 211430 (2019) Kat:3, Licht: 0","211430","3","6","2","06","10","7","0","0","1","1","0","0"
"POINT (11.608924917000024 48.088966003000053)","Unfall 211431 (2019) Kat:3, Licht: 0","211431","3","1","0","06","19","7","0","0","1","0","0","0"
"POINT (11.608889989000033 48.150558946000046)","Unfall 211432 (2019) Kat:3, Licht: 2","211432","3","5","1","06","01","7","0","2","0","1","0","1"
"POINT (11.592944240000065 48.116943630000037)","Unfall 211433 (2019) Kat:3, Licht: 0","211433","3","2","3","06","09","7","0","0","0","1","0","1"
"POINT (11.586082110000063 48.160510593000026)","Unfall 211434 (2019) Kat:3, Licht: 0","211434","3","4","6","06","18","7","0","0","1","0","1","0"
"POINT (11.454254561000027 48.145918530000074)","Unfall 211511 (2019) Kat:3, Licht: 0","211511","3","3","5","06","11","6","0","0","0","1","0","1"
"POINT (11.561829299000067 48.125079923000044)","Unfall 211512 (2019) Kat:3, Licht: 0","211512","3","3","5","06","16","6","0","0","0","1","0","1"
"POINT (11.581047064000074 48.124347736000061)","Unfall 211513 (2019) Kat:2, Licht: 0","211513","2","1","0","06","10","6","0","0","0","0","0","0"
"POINT (11.572656438000024 48.187666735000050)","Unfall 211514 (2019) Kat:3, Licht: 0","211514","3","3","5","06","06","6","0","0","0","1","0","0"
"POINT (11.419731603000059 48.147271165000063)","Unfall 211516 (2019) Kat:3, Licht: 0","211516","3","2","5","06","18","6","0","0","1","1","0","0"
"POINT (11.570182699000043 48.130885228000068)","Unfall 211517 (2019) Kat:3, Licht: 2","211517","3","1","0","06","01","6","0","2","1","0","0","0"
"POINT (11.686153727000033 48.121377744000029)","Unfall 211519 (2019) Kat:3, Licht: 0","211519","3","1","0","06","12","6","0","0","1","0","0","0"
"POINT (11.520939786000042 48.175283143000058)","Unfall 211520 (2019) Kat:2, Licht: 1","211520","2","1","8","06","21","6","0","1","0","1","0","0"
"POINT (11.584059714000034 48.196907515000078)","Unfall 211521 (2019) Kat:3, Licht: 2","211521","3","7","5","06","00","6","0","2","1","1","0","0"
"POINT (11.575766898000040 48.183235357000058)","Unfall 211522 (2019) Kat:3, Licht: 0","211522","3","4","6","06","16","6","0","0","1","0","1","0"
"POINT (11.521180854000022 48.187622766000061)","Unfall 211523 (2019) Kat:3, Licht: 0","211523","3","2","4","06","13","6","0","0","1","1","0","0"
"POINT (11.511264678000032 48.161459638000053)","Unfall 211524 (2019) Kat:3, Licht: 0","211524","3","6","1","06","09","6","0","0","0","1","0","0"
"POINT (11.570654884000021 48.142119067000067)","Unfall 211525 (2019) Kat:3, Licht: 2","211525","3","1","6","06","23","6","0","2","1","1","1","0"
"POINT (11.532316398000034 48.184919510000043)","Unfall 211526 (2019) Kat:3, Licht: 0","211526","3","2","5","06","12","6","0","0","0","1","0","1"
"POINT (11.533995653000034 48.149161560000039)","Unfall 211527 (2019) Kat:3, Licht: 0","211527","3","3","6","06","18","6","0","0","0","1","1","0"
"POINT (11.593722201000048 48.128315737000037)","Unfall 211528 (2019) Kat:3, Licht: 0","211528","3","6","3","06","09","6","0","0","0","1","1","0"
"POINT (11.555502122000064 48.124009785000055)","Unfall 211529 (2019) Kat:3, Licht: 0","211529","3","2","4","06","15","6","0","0","1","1","0","0"
"POINT (11.572230100000070 48.149428698000065)","Unfall 211530 (2019) Kat:3, Licht: 2","211530","3","7","0","06","23","6","0","2","1","0","0","0"
"POINT (11.581839993000074 48.152039861000048)","Unfall 211531 (2019) Kat:3, Licht: 0","211531","3","7","0","06","07","6","0","0","1","0","0","0"
"POINT (11.561455880000040 48.154949862000080)","Unfall 211532 (2019) Kat:3, Licht: 0","211532","3","3","5","06","16","6","0","0","1","1","0","0"
"POINT (11.584275574000060 48.139975159000073)","Unfall 211533 (2019) Kat:3, Licht: 0","211533","3","3","5","06","17","6","0","0","1","1","0","0"
"POINT (11.562577402000045 48.122092825000038)","Unfall 211644 (2019) Kat:3, Licht: 2","211644","3","5","1","06","23","5","0","2","1","1","0","0"