WKT,Name,OBJECTID,UKATEGORIE,UTYP1,UART,UMONAT,USTUNDE,UWOCHENTAG,STRZUSTAND,ULICHTVERH,ISTRAD,ISTPKW,ISTFUSS,ISTKRAD
"POINT (11.571705890000032 48.131232456000077)","Unfall 211645 (2019) Kat:3, Licht: 2","211645","3","5","1","06","23","5","0","2","1","1","0","0"
"POINT (11.503316668000025 48.147070540000072)","Unfall 211647 (2019) Kat:3, Licht: 0","211647","3","6","2","06","09","5","0","0","0","1","0","0"
"POINT (11.575071814000069 48.160527822000063)","Unfall 211649 (2019) Kat:3, Licht: 0","211649","3","1","0","06","17","5","0","0","1","0","0","0"
"POINT (11.502892460000055 48.135278927000059)","Unfall 211650 (2019) Kat:3, Licht: 0","211650","3","2","4","06","16","5","0","0","1","1","0","0"
"POINT (11.459621126000059 48.191106918000060)","Unfall 211651 (2019) Kat:3, Licht: 0","211651","3","3","5","06","13","5","0","0","1","1","0","0"
"POINT (11.584288068000035 48.143642681000074)","Unfall 211652 (2019) Kat:3, Licht: 0","211652","3","2","5","06","18","5","0","0","1","1","0","0"
"POINT (11.602198663000024 48.148964689000081)","Unfall 211653 (2019) Kat:3, Licht: 0","211653","3","2","5","06","17","5","0","0","1","1","0","0"
"POINT (11.574847303000070 48.119684650000067)","Unfall 211654 (2019) Kat:3, Licht: 0","211654","3","6","3","06","13","5","0","0","1","0","0","0"
"POINT (11.532178751000060 48.137802050000062)","Unfall 211655 (2019) Kat:2, Licht: 0","211655","2","3","5","06","17","5","0","0","1","0","0","0"
"POINT (11.579500232000044 48.110972982000078)","Unfall 211656 (2019) Kat:3, Licht: 0","211656","3","3","5","06","11","5","0","0","1","1","0","0"
"POINT (11.536002640000049 48.137198270000056)","Unfall 211657 (2019) Kat:3, Licht: 2","211657","3","5","4","06","02","5","0","2","1","1","0","0"
"POINT (11.539226279000047 48.125278723000065)","Unfall 211658 (2019) Kat:3, Licht: 0","211658","3","3","5","06","08","5","0","0","1","1","0","0"
"POINT (11.562856378000049 48.159835031000057)","Unfall 211659 (2019) Kat:2, Licht: 0","211659","2","6","4","06","17","5","0","0","1","0","0","0"
"POINT (11.602789705000077 48.112923519000049)","Unfall 211661 (2019) Kat:2, Licht: 0","211661","2","2","3","06","16","5","0","0","1","1","0","0"
"POINT (11.548743146000049 48.112157984000078)","Unfall 211662 (2019) Kat:3, Licht: 0","211662","3","2","5","06","20","7","0","0","1","1","0","0"
"POINT (11.676703102000033 48.085211258000072)","Unfall 211663 (2019) Kat:3, Licht: 0","211663","3","5","1","06","13","5","0","0","1","1","0","0"
"POINT (11.590239030000021 48.194358807000071)","Unfall 211664 (2019) Kat:3, Licht: 0","211664","3","2","0","06","11","5","0","0","1","1","0","0"
"POINT (11.448304383000050 48.164453381000044)","Unfall 211665 (2019) Kat:3, Licht: 0","211665","3","7","6","06","15","5","0","0","0","1","1","0"
"POINT (11.563622171000077 48.161770301000047)","Unfall 211666 (2019) Kat:3, Licht: 2","211666","3","1","0","06","03","7","0","2","1","0","0","0"
"POINT (11.549368033000064 48.168908173000034)","Unfall 211667 (2019) Kat:3, Licht: 0","211667","3","3","5","06","11","5","0","0","1","0","0","0"
"POINT (11.542306446000055 48.147806099000036)","Unfall 211668 (2019) Kat:3, Licht: 0","211668","3","3","5","06","17","5","0","0","1","1","0","0"
"POINT (11.544248080000045 48.150311936000037)","Unfall 211669 (2019) Kat:2, Licht: 0","211669","2","3","5","06","16","5","0","0","1","0","0","1"
"POINT (11.518882262000034 48.139818120000029)","Unfall 211670 (2019) Kat:3, Licht: 0","211670","3","1","0","06","16","5","0","0","1","0","0","0"
"POINT (11.578874647000077 48.145411313000068)","Unfall 211671 (2019) Kat:3, Licht: 1","211671","3","7","6","06","20","7","0","1","0","1","1","0"
"POINT (11.566513202000067 48.133416555000053)","Unfall 211673 (2019) Kat:3, Licht: 0","211673","3","2","5","06","16","7","0","0","0","1","0","0"
"POINT (11.604118253000024 48.107517677000033)","Unfall 211674 (2019) Kat:3, Licht: 0","211674","3","6","3","06","16","5","0","0","1","0","0","0"
"POINT (11.489915449000023 48.164454887000034)","Unfall 211675 (2019) Kat:3, Licht: 0","211675","3","6","3","06","16","7","0","0","1","0","0","0"
"POINT (11.596603434000031 48.140589108000029)","Unfall 211676 (2019) Kat:3, Licht: 2","211676","3","7","0","06","23","5","0","2","1","0","0","0"
"POINT (11.513544401000047 48.125280608000025)","Unfall 211677 (2019) Kat:2, Licht: 2","211677","2","5","0","06","22","7","0","2","1","1","0","0"
"POINT (11.584820251000053 48.128971910000075)","Unfall 211678 (2019) Kat:3, Licht: 0","211678","3","1","0","06","18","5","0","0","1","0","0","0"
"POINT (11.589562469000043 48.131761587000028)","Unfall 211679 (2019) Kat:3, Licht: 0","211679","3","6","2","06","19","5","0","0","0","1","0","1"
"POINT (11.543568692000065 48.122199448000060)","Unfall 211680 (2019) Kat:3, Licht: 0","211680","3","2","5","06","09","5","0","0","1","1","0","0"
"POINT (11.454223157000058 48.137282151000079)","Unfall 211681 (2019) Kat:3, Licht: 0","211681","3","3","5","06","12","7","0","0","0","1","0","0"
"POINT (11.562495847000037 48.143770194000069)","Unfall 211682 (2019) Kat:3, Licht: 0","211682","3","7","5","06","10","5","0","0","1","1","0","0"
"POINT (11.589307898000072 48.156573593000076)","Unfall 211683 (2019) Kat:2, Licht: 0","211683","2","7","0","06","14","5","0","0","0","0","0","0"
"POINT (11.571340656000075 48.141652001000068)","Unfall 211685 (2019) Kat:3, Licht: 0","211685","3","3","5","06","08","5","0","0","0","1","0","0"
"POINT (11.528198681000049 48.109329600000081)","Unfall 211686 (2019) Kat:3, Licht: 0","211686","3","6","4","06","21","7","0","0","1","0","0","0"
"POINT (11.461074247000056 48.197302684000078)","Unfall 211690 (2019) Kat:2, Licht: 0","211690","2","7","0","06","12","7","0","0","1","0","0","0"
"POINT (11.606104590000029 48.120740564000073)","Unfall 211692 (2019) Kat:3, Licht: 0","211692","3","3","5","07","18","2","1","0","1","1","0","0"
"POINT (11.590693838000050 48.130736238000054)","Unfall 211693 (2019) Kat:3, Licht: 0","211693","3","6","1","07","12","2","0","0","0","1","0","0"
"POINT (11.581273682000074 48.161950311000055)","Unfall 211694 (2019) Kat:3, Licht: 0","211694","3","5","1","07","10","2","0","0","0","1","0","0"
"POINT (11.429861070000072 48.173960638000040)","Unfall 211695 (2019) Kat:3, Licht: 0","211695","3","6","4","07","08","2","0","0","0","1","0","0"
"POINT (11.457221244000038 48.147627509000074)","Unfall 211696 (2019) Kat:3, Licht: 0","211696","3","7","0","07","08","2","0","0","0","1","1","0"
"POINT (11.586615102000053 48.181863239000052)","Unfall 211697 (2019) Kat:3, Licht: 0","211697","3","3","5","07","18","2","0","0","0","1","0","0"
"POINT (11.535539705000076 48.146348976000070)","Unfall 211698 (2019) Kat:3, Licht: 0","211698","3","3","5","07","19","2","1","0","1","1","0","0"
"POINT (11.535128001000032 48.146104781000076)","Unfall 211699 (2019) Kat:3, Licht: 0","211699","3","7","0","07","14","2","0","0","0","0","0","1"
"POINT (11.676203809000071 48.113208466000060)","Unfall 211701 (2019) Kat:3, Licht: 0","211701","3","3","5","07","07","2","0","0","1","1","0","0"
"POINT (11.682313286000067 48.117374632000065)","Unfall 211702 (2019) Kat:3, Licht: 0","211702","3","7","0","07","17","2","0","0","1","0","1","0"
"POINT (11.611269730000060 48.138435843000082)","Unfall 211703 (2019) Kat:3, Licht: 0","211703","3","6","2","07","07","2","0","0","0","1","0","0"
"POINT (11.563666789000024 48.131245659000058)","Unfall 211704 (2019) Kat:3, Licht: 0","211704","3","3","5","07","17","2","1","0","0","1","0","1"
"POINT (11.555737023000063 48.128730303000054)","Unfall 211705 (2019) Kat:3, Licht: 0","211705","3","5","3","07","10","2","0","0","1","0","0","0"
"POINT (11.568772468000077 48.157587168000077)","Unfall 211706 (2019) Kat:3, Licht: 0","211706","3","3","5","07","09","2","0","0","0","1","0","0"
"POINT (11.538693831000046 48.138077828000064)","Unfall 211774 (2019) Kat:3, Licht: 2","211774","3","5","1","07","00","3","0","2","1","1","0","0"
"POINT (11.542712767000069 48.216483752000045)","Unfall 211775 (2019) Kat:3, Licht: 0","211775","3","3","5","07","10","3","0","0","1","1","0","0"
"POINT (11.475397623000049 48.125942935000069)","Unfall 211776 (2019) Kat:3, Licht: 0","211776","3","1","9","07","16","3","0","0","1","1","0","0"
"POINT (11.586215970000069 48.169565606000049)","Unfall 211778 (2019) Kat:3, Licht: 0","211778","3","6","0","07","17","3","0","0","1","0","0","0"
"POINT (11.502481880000062 48.120554695000067)","Unfall 211779 (2019) Kat:3, Licht: 0","211779","3","6","3","07","16","3","0","0","0","1","0","1"
"POINT (11.497672829000066 48.121013641000047)","Unfall 211781 (2019) Kat:3, Licht: 2","211781","3","2","0","07","22","3","0","2","0","1","0","1"
"POINT (11.535072947000060 48.159727077000070)","Unfall 211783 (2019) Kat:3, Licht: 0","211783","3","3","5","07","18","3","0","0","1","0","0","0"
"POINT (11.545000572000049 48.196215660000064)","Unfall 211786 (2019) Kat:3, Licht: 0","211786","3","3","5","07","13","3","0","0","1","1","0","0"
"POINT (11.668640903000039 48.126835590000042)","Unfall 211788 (2019) Kat:3, Licht: 0","211788","3","6","2","07","07","3","1","0","0","1","0","1"
"POINT (11.667778024000029 48.105576145000043)","Unfall 211790 (2019) Kat:3, Licht: 2","211790","3","3","5","07","22","3","0","2","0","1","0","0"
"POINT (11.508017583000026 48.108760712000048)","Unfall 211791 (2019) Kat:3, Licht: 0","211791","3","5","1","06","10","1","0","0","1","1","0","0"
"POINT (11.469012098000064 48.183405017000041)","Unfall 211792 (2019) Kat:2, Licht: 0","211792","2","4","6","07","11","3","0","0","1","0","1","0"
"POINT (11.509920304000048 48.135142798000061)","Unfall 211793 (2019) Kat:3, Licht: 0","211793","3","4","1","07","18","3","0","0","1","1","1","0"
"POINT (11.565149311000027 48.136112132000051)","Unfall 211794 (2019) Kat:3, Licht: 0","211794","3","6","3","06","12","1","0","0","0","1","0","1"
"POINT (11.547647663000021 48.126650856000026)","Unfall 211795 (2019) Kat:3, Licht: 0","211795","3","2","5","07","07","3","0","0","1","1","0","0"
"POINT (11.585806957000045 48.171922328000051)","Unfall 211796 (2019) Kat:3, Licht: 0","211796","3","1","8","07","06","3","1","0","0","1","0","0"
"POINT (11.556382200000030 48.221969511000054)","Unfall 211797 (2019) Kat:3, Licht: 0","211797","3","7","4","06","18","1","0","0","0","1","0","1"
"POINT (11.551643341000045 48.153066639000031)","Unfall 211798 (2019) Kat:3, Licht: 0","211798","3","3","5","07","17","3","0","0","1","1","0","0"
"POINT (11.697071592000043 48.131514443000071)","Unfall 211800 (2019) Kat:3, Licht: 2","211800","3","3","5","07","01","3","0","2","1","1","0","0"
"POINT (11.502731507000021 48.098578676000045)","Unfall 211801 (2019) Kat:3, Licht: 0","211801","3","3","5","06","13","1","0","0","0","1","0","0"
"POINT (11.697036812000022 48.133462829000052)","Unfall 211802 (2019) Kat:3, Licht: 0","211802","3","6","3","07","07","3","1","0","0","1","0","0"
"POINT (11.606322476000059 48.094337511000049)","Unfall 211803 (2019) Kat:3, Licht: 0","211803","3","6","4","07","08","3","1","0","1","0","0","0"
"POINT (11.526339225000072 48.071732190000034)","Unfall 211804 (2019) Kat:3, Licht: 0","211804","3","3","5","06","14","1","0","0","0","1","0","1"
"POINT (11.557406023000055 48.099685947000069)","Unfall 211805 (2019) Kat:3, Licht: 2","211805","3","1","8","07","21","3","0","2","0","0","0","1"
"POINT (11.682237652000026 48.117423504000044)","Unfall 211806 (2019) Kat:3, Licht: 0","211806","3","1","5","07","08","3","1","0","0","1","0","1"
"POINT (11.616623837000077 48.142390571000078)","Unfall 211807 (2019) Kat:3, Licht: 0","211807","3","3","5","06","12","1","0","0","1","1","0","0"
"POINT (11.588941988000045 48.124898134000034)","Unfall 211808 (2019) Kat:3, Licht: 0","211808","3","2","5","07","18","3","0","0","1","1","0","0"
"POINT (11.595207935000076 48.174133027000039)","Unfall 211809 (2019) Kat:3, Licht: 0","211809","3","3","5","06","10","1","0","0","1","1","0","0"
"POINT (11.583991760000060 48.150155040000072)","Unfall 211811 (2019) Kat:3, Licht: 0","211811","3","6","2","07","13","3","0","0","1","0","0","0"
"POINT (11.612814291000063 48.120238458000074)","Unfall 211813 (2019) Kat:2, Licht: 0","211813","2","4","6","06","18","1","0","0","0","1","1","0"
"POINT (11.582337993000067 48.152211721000072)","Unfall 211816 (2019) Kat:3, Licht: 0","211816","3","2","5","06","14","1","0","0","1","0","0","1"
"POINT (11.532914337000022 48.152950780000026)","Unfall 211818 (2019) Kat:3, Licht: 0","211818","3","7","0","06","16","1","0","0","1","0","0","0"
"POINT (11.548343463000037 48.111584347000075)","Unfall 211820 (2019) Kat:3, Licht: 0","211820","3","4","6","06","10","1","0","0","1","0","1","0"
"POINT (11.558399685000040 48.129735579000055)","Unfall 211823 (2019) Kat:3, Licht: 2","211823","3","2","5","06","00","1","0","2","1","1","0","0"
"POINT (11.581014787000072 48.097993923000047)","Unfall 211945 (2019) Kat:3, Licht: 0","211945","3","6","2","07","13","2","1","0","0","1","0","0"
"POINT (11.479413590000036 48.098551896000060)","Unfall 211947 (2019) Kat:3, Licht: 0","211947","3","2","5","07","11","2","0","0","1","1","0","0"
"POINT (11.557000330000051 48.151602769000078)","Unfall 211949 (2019) Kat:3, Licht: 0","211949","3","7","6","07","13","2","0","0","1","0","1","0"
"POINT (11.633762453000031 48.136197988000049)","Unfall 211950 (2019) Kat:3, Licht: 0","211950","3","7","0","07","14","2","0","0","0","0","1","1"
"POINT (11.561152861000039 48.204477264000047)","Unfall 211953 (2019) Kat:3, Licht: 0","211953","3","3","0","07","13","5","0","0","1","0","0","0"
"POINT (11.592936380000026 48.127068515000076)","Unfall 211955 (2019) Kat:3, Licht: 0","211955","3","2","5","07","09","5","0","0","1","1","0","0"
"POINT (11.552438433000077 48.139076944000067)","Unfall 211956 (2019) Kat:3, Licht: 0","211956","3","4","1","07","17","5","0","0","1","1","1","0"
"POINT (11.621101842000030 48.210458461000030)","Unfall 211957 (2019) Kat:3, Licht: 0","211957","3","2","5","07","07","5","0","0","0","1","0","1"
"POINT (11.602147630000047 48.140363806000039)","Unfall 211958 (2019) Kat:3, Licht: 0","211958","3","3","5","07","18","5","0","0","1","1","0","0"
"POINT (11.541486254000063 48.145147265000048)","Unfall 211959 (2019) Kat:3, Licht: 0","211959","3","6","2","07","19","5","0","0","0","1","0","0"
"POINT (11.573717933000069 48.129724078000038)","Unfall 211960 (2019) Kat:3, Licht: 0","211960","3","7","5","07","09","5","0","0","0","1","0","0"
"POINT (11.544685868000045 48.161330131000057)","Unfall 211962 (2019) Kat:3, Licht: 0","211962","3","6","0","07","19","5","0","0","0","1","0","1"
"POINT (11.496277272000043 48.088206234000040)","Unfall 211963 (2019) Kat:3, Licht: 0","211963","3","2","3","07","08","5","0","0","1","1","0","0"
"POINT (11.591702989000055 48.139003564000063)","Unfall 211964 (2019) Kat:3, Licht: 0","211964","3","3","5","07","08","5","0","0","1","1","0","0"
"POINT (11.597468996000032 48.102926364000041)","Unfall 211965 (2019) Kat:3, Licht: 0","211965","3","2","5","07","10","5","0","0","1","1","0","0"
"POINT (11.605128600000057 48.121708289000026)","Unfall 211966 (2019) Kat:3, Licht: 0","211966","3","6","3","07","08","5","0","0","1","0","0","0"
"POINT (11.569044640000072 48.137534855000069)","Unfall 211967 (2019) Kat:3, Licht: 0","211967","3","5","1","07","18","5","0","0","1","1","0","0"
"POINT (11.532189831000039 48.184907182000074)","Unfall 211968 (2019) Kat:3, Licht: 0","211968","3","2","4","07","11","5","0","0","0","1","0","1"
"POINT (11.586179724000033 48.161607879000030)","Unfall 211969 (2019) Kat:3, Licht: 0","211969","3","6","2","07","17","5","0","0","1","0","0","0"
"POINT (11.567299236000053 48.178174124000066)","Unfall 211970 (2019) Kat:3, Licht: 0","211970","3","2","4","07","18","5","0","0","0","1","0","1"
"POINT (11.563595293000049 48.161299663000079)","Unfall 211971 (2019) Kat:2, Licht: 0","211971","2","1","0","07","17","5","0","0","0","0","0","1"
"POINT (11.669167448000053 48.139873037000029)","Unfall 211972 (2019) Kat:3, Licht: 0","211972","3","2","4","07","09","5","0","0","0","1","0","0"
"POINT (11.547998100000029 48.159864913000035)","Unfall 211973 (2019) Kat:2, Licht: 0","211973","2","6","3","07","16","5","0","0","0","1","0","1"
"POINT (11.515216536000025 48.152372147000051)","Unfall 211974 (2019) Kat:2, Licht: 0","211974","2","4","6","07","13","5","0","0","0","1","1","0"
"POINT (11.601580295000076 48.187029788000075)","Unfall 211975 (2019) Kat:2, Licht: 1","211975","2","2","3","07","05","5","0","1","1","1","0","0"
"POINT (11.467183572000067 48.150063209000052)","Unfall 211976 (2019) Kat:3, Licht: 0","211976","3","7","7","07","16","5","0","0","1","0","0","0"
"POINT (11.460543538000024 48.148559569000042)","Unfall 211977 (2019) Kat:3, Licht: 0","211977","3","1","0","07","13","5","0","0","1","0","0","0"
"POINT (11.465492418000053 48.146884331000081)","Unfall 211978 (2019) Kat:3, Licht: 0","211978","3","6","2","07","17","5","0","0","0","1","0","0"
"POINT (11.444993943000043 48.138620455000080)","Unfall 211979 (2019) Kat:3, Licht: 0","211979","3","7","8","07","15","5","0","0","0","1","0","0"
"POINT (11.547621058000061 48.214670035000040)","Unfall 211980 (2019) Kat:3, Licht: 0","211980","3","4","6","07","14","5","0","0","0","1","1","0"
"POINT (11.630465769000068 48.117712847000064)","Unfall 211982 (2019) Kat:3, Licht: 0","211982","3","1","0","07","11","5","0","0","1","0","0","0"
"POINT (11.602652260000070 48.186820644000079)","Unfall 211983 (2019) Kat:3, Licht: 0","211983","3","2","5","07","16","5","0","0","0","1","1","0"
"POINT (11.588223765000066 48.167407432000061)","Unfall 211984 (2019) Kat:3, Licht: 0","211984","3","3","1","07","18","5","0","0","1","1","0","0"
"POINT (11.584084304000044 48.134175142000061)","Unfall 211985 (2019) Kat:3, Licht: 0","211985","3","1","0","07","18","5","0","0","1","0","0","0"
"POINT (11.586331826000048 48.160997984000062)","Unfall 212085 (2019) Kat:3, Licht: 2","212085","3","7","0","07","23","4","0","2","0","0","0","1"
"POINT (11.548169424000037 48.149535898000067)","Unfall 212086 (2019) Kat:3, Licht: 0","212086","3","6","3","07","13","4","0","0","0","1","0","1"
"POINT (11.671937405000051 48.122682073000078)","Unfall 212087 (2019) Kat:3, Licht: 0","212087","3","3","5","07","15","4","0","0","0","1","0","0"
"POINT (11.586459911000077 48.125695254000050)","Unfall 212088 (2019) Kat:3, Licht: 0","212088","3","5","1","07","18","4","0","0","1","1","0","0"
"POINT (11.554102390000025 48.127566223000031)","Unfall 212089 (2019) Kat:3, Licht: 0","212089","3","3","5","07","18","4","0","0","1","1","0","0"
"POINT (11.609328365000067 48.195924288000072)","Unfall 212090 (2019) Kat:3, Licht: 0","212090","3","3","5","07","18","4","0","0","1","1","0","0"
"POINT (11.554468648000068 48.090920188000041)","Unfall 212091 (2019) Kat:3, Licht: 0","212091","3","1","1","07","16","4","0","0","1","1","0","0"
"POINT (11.554617518000043 48.200011884000048)","Unfall 212092 (2019) Kat:3, Licht: 0","212092","3","7","6","07","16","4","0","0","0","1","1","0"
"POINT (11.540879948000054 48.120360386000073)","Unfall 212093 (2019) Kat:3, Licht: 2","212093","3","1","1","07","23","4","0","2","1","1","0","0"
"POINT (11.573517431000027 48.142844560000071)","Unfall 212094 (2019) Kat:2, Licht: 1","212094","2","7","0","07","05","4","0","1","0","0","0","0"
"POINT (11.550339086000065 48.136152562000063)","Unfall 212095 (2019) Kat:3, Licht: 0","212095","3","4","6","07","14","4","0","0","1","0","1","0"
"POINT (11.581230084000026 48.138891817000058)","Unfall 212096 (2019) Kat:3, Licht: 0","212096","3","3","0","07","18","4","0","0","1","1","0","0"
"POINT (11.516595126000027 48.098436645000049)","Unfall 212097 (2019) Kat:3, Licht: 0","212097","3","7","2","07","19","4","0","0","0","1","0","0"
"POINT (11.567912866000029 48.140400045000035)","Unfall 212098 (2019) Kat:3, Licht: 0","212098","3","2","3","07","17","4","0","0","1","1","0","0"
"POINT (11.457378271000039 48.149907915000028)","Unfall 212099 (2019) Kat:3, Licht: 0","212099","3","3","5","07","14","4","0","0","1","0","0","0"
"POINT (11.550122100000067 48.149258085000042)","Unfall 212100 (2019) Kat:3, Licht: 0","212100","3","7","0","07","16","4","0","0","1","0","0","0"
"POINT (11.578600207000022 48.110441132000062)","Unfall 212102 (2019) Kat:3, Licht: 0","212102","3","3","5","07","08","4","0","0","1","1","0","0"
"POINT (11.524733694000076 48.116733208000028)","Unfall 212103 (2019) Kat:3, Licht: 0","212103","3","7","1","07","19","4","0","0","1","1","0","0"
"POINT (11.557079516000044 48.143730193000067)","Unfall 212104 (2019) Kat:3, Licht: 0","212104","3","2","5","07","15","4","0","0","1","1","0","0"
"POINT (11.562501238000038 48.143778806000057)","Unfall 212105 (2019) Kat:3, Licht: 2","212105","3","7","0","07","21","4","0","2","1","1","0","0"
"POINT (11.594922319000034 48.142918423000026)","Unfall 212106 (2019) Kat:3, Licht: 0","212106","3","6","4","07","18","4","0","0","1","0","0","0"
"POINT (11.566303600000026 48.158366760000035)","Unfall 212107 (2019) Kat:3, Licht: 0","212107","3","3","5","07","17","4","0","0","1","1","0","0"
"POINT (11.571500998000033 48.141598805000058)","Unfall 212108 (2019) Kat:3, Licht: 1","212108","3","3","5","07","21","4","0","1","1","1","0","0"
"POINT (11.639618162000033 48.117001502000051)","Unfall 212201 (2019) Kat:3, Licht: 0","212201","3","6","2","07","07","5","0","0","0","1","0","1"
"POINT (11.619595854000067 48.161987201000045)","Unfall 212203 (2019) Kat:3, Licht: 0","212203","3","3","0","07","09","5","0","0","0","1","0","1"
"POINT (11.570522756000059 48.170704979000050)","Unfall 212207 (2019) Kat:3, Licht: 0","212207","3","1","0","07","20","5","0","0","1","0","0","0"
"POINT (11.533447078000052 48.108848901000044)","Unfall 212210 (2019) Kat:3, Licht: 0","212210","3","7","1","07","18","5","0","0","1","1","0","0"
"POINT (11.552769081000065 48.120176936000064)","Unfall 212212 (2019) Kat:3, Licht: 0","212212","3","5","1","07","20","5","0","0","1","1","0","0"
"POINT (11.538203570000064 48.139771491000033)","Unfall 212228 (2019) Kat:3, Licht: 0","212228","3","1","0","07","15","1","0","0","1","0","0","0"
"POINT (11.584856876000060 48.132281976000058)","Unfall 212229 (2019) Kat:3, Licht: 2","212229","3","3","5","07","01","1","0","2","0","1","0","0"
"POINT (11.578339291000077 48.111924420000037)","Unfall 212230 (2019) Kat:2, Licht: 0","212230","2","3","5","07","16","1","0","0","0","1","0","0"
"POINT (11.556464848000076 48.137471241000071)","Unfall 212233 (2019) Kat:3, Licht: 0","212233","3","5","1","07","17","1","0","0","1","1","0","0"
"POINT (11.559477864000030 48.125792841000077)","Unfall 212235 (2019) Kat:3, Licht: 0","212235","3","6","3","07","19","1","0","0","0","1","0","0"
"POINT (11.585223801000041 48.151595935000046)","Unfall 212273 (2019) Kat:2, Licht: 0","212273","2","7","0","07","16","7","0","0","1","0","0","0"
"POINT (11.520336121000071 48.135775689000070)","Unfall 212274 (2019) Kat:3, Licht: 0","212274","3","5","3","07","10","7","0","0","1","1","0","0"
"POINT (11.592908512000065 48.162938933000078)","Unfall 212275 (2019) Kat:3, Licht: 0","212275","3","4","6","07","19","7","0","0","1","0","1","0"
"POINT (11.473304681000059 48.171568886000045)","Unfall 212276 (2019) Kat:3, Licht: 0","212276","3","4","6","07","18","7","0","0","0","1","1","0"
"POINT (11.585639619000062 48.143594845000052)","Unfall 212277 (2019) Kat:3, Licht: 0","212277","3","6","2","07","16","7","0","0","0","1","0","0"
"POINT (11.543189720000044 48.200645055000052)","Unfall 212278 (2019) Kat:3, Licht: 0","212278","3","2","5","07","16","7","0","0","1","1","0","0"
"POINT (11.556206043000032 48.212217974000055)","Unfall 212279 (2019) Kat:3, Licht: 0","212279","3","3","0","07","16","7","0","0","1","0","0","0"
"POINT (11.503376068000023 48.188297315000057)","Unfall 212280 (2019) Kat:3, Licht: 0","212280","3","6","2","07","13","7","0","0","0","1","0","0"
"POINT (11.567618972000048 48.208254134000072)","Unfall 212281 (2019) Kat:3, Licht: 0","212281","3","7","0","07","16","7","0","0","0","1","0","0"
"POINT (11.621873738000033 48.164219643000081)","Unfall 212282 (2019) Kat:3, Licht: 0","212282","3","6","2","07","12","7","0","0","0","1","0","0"
"POINT (11.552615508000031 48.142619172000082)","Unfall 212283 (2019) Kat:3, Licht: 0","212283","3","2","5","07","14","7","0","0","1","0","0","0"
"POINT (11.583084240000062 48.159757575000071)","Unfall 212284 (2019) Kat:3, Licht: 0","212284","3","3","5","07","10","7","0","0","1","1","0","0"
"POINT (11.581687047000059 48.144883721000042)","Unfall 212365 (2019) Kat:2, Licht: 0","212365","2","3","5","07","20","6","0","0","1","1","0","0"
"POINT (11.561030311000025 48.186688354000069)","Unfall 212366 (2019) Kat:3, Licht: 0","212366","3","6","1","07","19","6","0","0","0","1","0","1"
"POINT (11.496930334000069 48.193044780000037)","Unfall 212367 (2019) Kat:3, Licht: 0","212367","3","6","2","07","18","6","0","0","0","1","0","1"
"POINT (11.659552193000025 48.118999946000031)","Unfall 212368 (2019) Kat:3, Licht: 0","212368","3","4","6","07","20","6","0","0","0","1","1","0"
"POINT (11.452976866000029 48.151100960000065)","Unfall 212369 (2019) Kat:3, Licht: 0","212369","3","6","2","07","15","6","0","0","0","1","0","0"
"POINT (11.561001649000048 48.161462822000033)","Unfall 212370 (2019) Kat:2, Licht: 0","212370","2","5","1","07","16","6","0","0","1","1","0","0"
"POINT (11.511618334000048 48.154696836000028)","Unfall 212371 (2019) Kat:2, Licht: 2","212371","2","7","0","07","00","6","0","2","1","0","0","0"
"POINT (11.598590932000036 48.149156221000055)","Unfall 212372 (2019) Kat:3, Licht: 0","212372","3","6","4","07","08","6","0","0","1","0","0","0"
"POINT (11.545283565000034 48.127699066000048)","Unfall 212373 (2019) Kat:3, Licht: 0","212373","3","1","0","07","08","6","0","0","0","0","0","0"
"POINT (11.678732603000071 48.115055832000053)","Unfall 212374 (2019) Kat:3, Licht: 2","212374","3","3","5","07","22","6","0","2","0","1","0","0"
"POINT (11.556501664000052 48.213247801000080)","Unfall 212375 (2019) Kat:3, Licht: 0","212375","3","2","5","07","07","6","0","0","1","1","0","0"
"POINT (11.585004509000044 48.126071539000066)","Unfall 212376 (2019) Kat:3, Licht: 0","212376","3","6","1","07","19","6","0","0","0","1","0","1"
"POINT (11.517996378000021 48.117666322000048)","Unfall 212377 (2019) Kat:3, Licht: 2","212377","3","1","1","07","02","6","0","2","1","1","0","0"
"POINT (11.548616273000050 48.114666083000031)","Unfall 212378 (2019) Kat:3, Licht: 0","212378","3","2","5","07","09","6","0","0","1","1","0","0"
"POINT (11.564695894000067 48.168006865000052)","Unfall 212379 (2019) Kat:3, Licht: 0","212379","3","2","5","07","15","6","0","0","1","1","0","0"
"POINT (11.585323395000046 48.159264493000080)","Unfall 212380 (2019) Kat:3, Licht: 2","212380","3","7","0","07","22","6","0","2","0","1","0","0"
"POINT (11.590121417000034 48.201390174000039)","Unfall 212381 (2019) Kat:3, Licht: 0","212381","3","4","6","07","16","6","0","0","1","0","1","0"
"POINT (11.711310776000062 48.137770671000055)","Unfall 212382 (2019) Kat:3, Licht: 0","212382","3","7","1","07","11","6","0","0","0","1","0","1"
"POINT (11.529364535000070 48.116778739000040)","Unfall 212384 (2019) Kat:3, Licht: 0","212384","3","7","0","07","11","6","0","0","0","1","0","0"
"POINT (11.561470263000047 48.141702078000037)","Unfall 212388 (2019) Kat:3, Licht: 0","212388","3","7","8","07","17","6","0","0","1","0","0","0"
"POINT (11.545048071000053 48.158362976000035)","Unfall 212389 (2019) Kat:3, Licht: 2","212389","3","2","5","07","22","6","0","2","1","1","0","0"