WKT,Name,OBJECTID,UKATEGORIE,UTYP1,UART,UMONAT,USTUNDE,UWOCHENTAG,STRZUSTAND,ULICHTVERH,ISTRAD,ISTPKW,ISTFUSS,ISTKRAD
"POINT (11.585399943000027 48.099664091000079)","Unfall 212390 (2019) Kat:1, Licht: 0","212390","1","6","3","07","16","6","0","0","0","0","0","1"
"POINT (11.544621766000034 48.161492599000042)","Unfall 212391 (2019) Kat:3, Licht: 0","212391","3","1","2","07","16","6","0","0","0","1","0","1"
"POINT (11.429641314000037 48.173814373000027)","Unfall 212392 (2019) Kat:3, Licht: 0","212392","3","3","5","07","18","6","0","0","1","0","0","1"
"POINT (11.454411152000034 48.205064672000049)","Unfall 212394 (2019) Kat:3, Licht: 0","212394","3","3","5","07","07","6","0","0","1","1","0","0"
"POINT (11.562655779000067 48.201837937000050)","Unfall 212396 (2019) Kat:3, Licht: 0","212396","3","1","0","07","17","6","0","0","1","0","0","0"
"POINT (11.620916469000065 48.106398485000057)","Unfall 212397 (2019) Kat:3, Licht: 0","212397","3","2","4","07","18","6","0","0","1","1","0","0"
"POINT (11.596225417000028 48.136001067000052)","Unfall 212398 (2019) Kat:3, Licht: 0","212398","3","2","5","07","14","6","0","0","1","1","0","0"
"POINT (11.648166226000058 48.138797197000031)","Unfall 212400 (2019) Kat:3, Licht: 0","212400","3","3","5","07","15","6","0","0","1","1","0","0"
"POINT (11.594581466000022 48.164530355000068)","Unfall 212402 (2019) Kat:3, Licht: 0","212402","3","2","5","07","18","6","0","0","1","1","0","0"
"POINT (11.586315644000024 48.161263791000067)","Unfall 212403 (2019) Kat:3, Licht: 0","212403","3","7","1","07","12","6","0","0","0","0","0","1"
"POINT (11.569767569000021 48.145621436000056)","Unfall 212405 (2019) Kat:3, Licht: 0","212405","3","7","0","07","17","6","0","0","1","0","0","0"
"POINT (11.589899551000030 48.137335340000050)","Unfall 212406 (2019) Kat:3, Licht: 0","212406","3","2","2","07","07","6","0","0","1","1","0","0"
"POINT (11.564567397000076 48.170513588000063)","Unfall 212490 (2019) Kat:3, Licht: 0","212490","3","3","5","07","14","4","0","0","1","1","0","0"
"POINT (11.566326500000059 48.164346754000064)","Unfall 212491 (2019) Kat:3, Licht: 0","212491","3","3","5","07","19","4","0","0","1","1","0","0"
"POINT (11.565971536000063 48.154893850000065)","Unfall 212492 (2019) Kat:3, Licht: 0","212492","3","4","6","07","16","4","0","0","0","1","1","0"
"POINT (11.543775827000047 48.149143103000029)","Unfall 212494 (2019) Kat:3, Licht: 0","212494","3","7","1","07","07","4","0","0","1","1","0","0"
"POINT (11.500808229000029 48.094715074000078)","Unfall 212495 (2019) Kat:3, Licht: 0","212495","3","3","5","07","07","4","0","0","1","1","0","0"
"POINT (11.412942875000056 48.137168250000059)","Unfall 212496 (2019) Kat:3, Licht: 0","212496","3","6","5","07","07","4","0","0","0","1","0","1"
"POINT (11.511694929000043 48.158734437000078)","Unfall 212497 (2019) Kat:2, Licht: 0","212497","2","6","3","07","15","4","0","0","1","0","0","0"
"POINT (11.659056608000071 48.105872999000042)","Unfall 212499 (2019) Kat:3, Licht: 2","212499","3","3","5","07","21","4","0","2","0","1","0","0"
"POINT (11.599336102000052 48.135694502000035)","Unfall 212500 (2019) Kat:3, Licht: 0","212500","3","6","3","07","09","4","0","0","1","0","0","0"
"POINT (11.549582460000067 48.145934833000069)","Unfall 212501 (2019) Kat:3, Licht: 0","212501","3","2","5","07","18","4","0","0","0","1","0","0"
"POINT (11.576081668000029 48.155629634000036)","Unfall 212502 (2019) Kat:3, Licht: 0","212502","3","5","3","07","10","4","0","0","1","1","0","0"
"POINT (11.580262514000026 48.139080269000033)","Unfall 212503 (2019) Kat:3, Licht: 1","212503","3","1","0","07","21","4","0","1","1","0","0","0"
"POINT (11.590779357000031 48.142604245000030)","Unfall 212586 (2019) Kat:3, Licht: 0","212586","3","7","0","07","19","3","0","0","0","0","0","0"
"POINT (11.502985592000073 48.125583011000060)","Unfall 212587 (2019) Kat:3, Licht: 0","212587","3","3","5","07","18","3","0","0","0","1","0","0"
"POINT (11.573437850000062 48.135754993000035)","Unfall 212588 (2019) Kat:3, Licht: 0","212588","3","3","5","07","19","3","0","0","1","0","0","0"
"POINT (11.601141009000060 48.142131309000035)","Unfall 212589 (2019) Kat:3, Licht: 0","212589","3","1","0","07","18","3","0","0","1","0","0","0"
"POINT (11.502627066000059 48.128974438000057)","Unfall 212590 (2019) Kat:3, Licht: 0","212590","3","3","5","07","14","3","0","0","1","1","0","0"
"POINT (11.609957511000061 48.138083895000079)","Unfall 212597 (2019) Kat:3, Licht: 0","212597","3","2","5","07","07","3","0","0","1","1","0","0"
"POINT (11.640743742000041 48.118410407000056)","Unfall 212598 (2019) Kat:3, Licht: 0","212598","3","2","3","07","09","3","0","0","0","1","0","1"
"POINT (11.502262799000050 48.106569329000081)","Unfall 212599 (2019) Kat:3, Licht: 0","212599","3","7","0","07","14","3","0","0","0","1","0","1"
"POINT (11.567313927000043 48.123352666000073)","Unfall 212600 (2019) Kat:3, Licht: 0","212600","3","6","3","07","18","3","0","0","1","0","0","0"
"POINT (11.565374403000021 48.191766201000064)","Unfall 212601 (2019) Kat:3, Licht: 0","212601","3","1","0","07","08","3","0","0","1","0","0","0"
"POINT (11.586341200000049 48.133573371000068)","Unfall 212602 (2019) Kat:3, Licht: 0","212602","3","3","5","07","18","3","0","0","0","1","0","1"
"POINT (11.620015915000067 48.138037550000035)","Unfall 212603 (2019) Kat:3, Licht: 0","212603","3","2","4","07","18","3","0","0","1","1","0","0"
"POINT (11.568635575000030 48.140775397000027)","Unfall 212604 (2019) Kat:2, Licht: 2","212604","2","1","0","07","22","3","0","2","1","0","0","0"
"POINT (11.574785758000075 48.162144355000066)","Unfall 212605 (2019) Kat:3, Licht: 0","212605","3","6","2","07","13","3","0","0","0","0","0","1"
"POINT (11.573566570000025 48.143464919000053)","Unfall 212606 (2019) Kat:3, Licht: 0","212606","3","2","5","07","15","3","0","0","0","1","0","1"
"POINT (11.588816578000035 48.136522876000072)","Unfall 212607 (2019) Kat:2, Licht: 0","212607","2","3","0","07","07","3","0","0","0","0","0","1"
"POINT (11.605770141000050 48.200381858000071)","Unfall 212608 (2019) Kat:3, Licht: 2","212608","3","2","4","07","20","3","0","2","0","1","0","1"
"POINT (11.586133466000035 48.168209433000072)","Unfall 212609 (2019) Kat:3, Licht: 0","212609","3","7","3","07","08","3","0","0","1","1","0","0"
"POINT (11.593087516000026 48.165275499000074)","Unfall 212610 (2019) Kat:2, Licht: 0","212610","2","2","4","07","08","3","0","0","0","1","0","1"
"POINT (11.589196484000070 48.137411199000042)","Unfall 212611 (2019) Kat:3, Licht: 1","212611","3","3","5","07","21","3","0","1","0","1","0","0"
"POINT (11.455887120000057 48.143820883000046)","Unfall 212612 (2019) Kat:2, Licht: 0","212612","2","7","0","07","17","3","0","0","1","1","0","0"
"POINT (11.569825665000053 48.130962730000078)","Unfall 212613 (2019) Kat:3, Licht: 0","212613","3","6","2","07","09","3","0","0","1","1","0","0"
"POINT (11.589784443000042 48.201358666000033)","Unfall 212614 (2019) Kat:3, Licht: 0","212614","3","4","6","07","08","3","0","0","1","0","1","0"
"POINT (11.481995217000076 48.144568063000065)","Unfall 212615 (2019) Kat:3, Licht: 0","212615","3","5","1","07","17","3","0","0","1","1","0","0"
"POINT (11.528081366000038 48.172566030000041)","Unfall 212616 (2019) Kat:3, Licht: 0","212616","3","3","5","07","18","3","0","0","1","0","0","0"
"POINT (11.554999433000035 48.148178701000063)","Unfall 212617 (2019) Kat:3, Licht: 0","212617","3","2","3","07","12","3","0","0","1","0","0","0"
"POINT (11.546407171000055 48.158835359000079)","Unfall 212618 (2019) Kat:3, Licht: 0","212618","3","6","2","07","07","3","0","0","1","0","0","0"
"POINT (11.533998359000066 48.152690519000032)","Unfall 212619 (2019) Kat:3, Licht: 0","212619","3","6","2","07","14","3","0","0","0","1","0","1"
"POINT (11.558850405000044 48.148272683000073)","Unfall 212620 (2019) Kat:3, Licht: 0","212620","3","5","1","07","16","3","0","0","1","1","1","0"
"POINT (11.654767897000056 48.116338057000064)","Unfall 212622 (2019) Kat:3, Licht: 0","212622","3","3","5","07","10","3","0","0","0","1","0","0"
"POINT (11.573464982000075 48.135738127000081)","Unfall 212623 (2019) Kat:3, Licht: 0","212623","3","2","5","07","13","3","0","0","1","1","0","0"
"POINT (11.555952529000024 48.139065067000047)","Unfall 212624 (2019) Kat:3, Licht: 0","212624","3","6","3","07","09","3","0","0","1","1","0","0"
"POINT (11.612066864000042 48.131471028000078)","Unfall 212625 (2019) Kat:3, Licht: 0","212625","3","2","5","07","08","3","0","0","1","0","0","0"
"POINT (11.586187899000038 48.160767792000058)","Unfall 212626 (2019) Kat:3, Licht: 0","212626","3","7","0","07","11","3","0","0","0","0","0","0"
"POINT (11.561817103000067 48.147409585000048)","Unfall 212627 (2019) Kat:3, Licht: 0","212627","3","7","1","07","18","3","0","0","0","1","0","1"
"POINT (11.564991433000046 48.153391719000069)","Unfall 212629 (2019) Kat:3, Licht: 0","212629","3","7","6","07","09","3","0","0","1","1","1","0"
"POINT (11.580235459000050 48.139085539000064)","Unfall 212630 (2019) Kat:3, Licht: 0","212630","3","3","0","07","13","3","0","0","1","1","0","0"
"POINT (11.433483000000024 48.144119424000053)","Unfall 212687 (2019) Kat:3, Licht: 0","212687","3","3","5","07","10","2","0","0","1","1","0","0"
"POINT (11.570522299000061 48.160897297000076)","Unfall 212688 (2019) Kat:2, Licht: 0","212688","2","1","0","07","18","2","0","0","1","0","0","0"
"POINT (11.571363572000052 48.187501241000064)","Unfall 212689 (2019) Kat:3, Licht: 0","212689","3","2","5","07","08","2","0","0","1","0","0","0"
"POINT (11.512477424000053 48.181327134000071)","Unfall 212691 (2019) Kat:3, Licht: 0","212691","3","3","5","07","12","2","0","0","0","1","0","1"
"POINT (11.581627756000046 48.138809207000065)","Unfall 212692 (2019) Kat:3, Licht: 0","212692","3","6","0","07","09","2","1","0","0","1","0","1"
"POINT (11.571965736000038 48.197336697000026)","Unfall 212698 (2019) Kat:3, Licht: 0","212698","3","6","4","07","19","2","0","0","1","0","0","0"
"POINT (11.601517811000065 48.186944779000044)","Unfall 212699 (2019) Kat:3, Licht: 0","212699","3","6","0","07","08","2","1","0","0","0","0","1"
"POINT (11.527047663000076 48.167527550000045)","Unfall 212700 (2019) Kat:3, Licht: 0","212700","3","6","2","07","16","2","0","0","0","1","0","0"
"POINT (11.562557088000062 48.186941051000076)","Unfall 212701 (2019) Kat:3, Licht: 0","212701","3","6","2","07","15","2","0","0","0","1","0","0"
"POINT (11.537434383000061 48.095335619000082)","Unfall 212702 (2019) Kat:3, Licht: 0","212702","3","3","4","07","07","2","1","0","1","1","0","0"
"POINT (11.661663107000038 48.121038001000045)","Unfall 212705 (2019) Kat:3, Licht: 0","212705","3","7","0","07","14","2","1","0","0","1","0","0"
"POINT (11.576591506000057 48.118854603000045)","Unfall 212706 (2019) Kat:3, Licht: 2","212706","3","2","0","07","22","2","0","2","1","1","0","0"
"POINT (11.528701399000056 48.118576330000053)","Unfall 212707 (2019) Kat:3, Licht: 1","212707","3","7","0","07","08","2","1","1","1","0","0","0"
"POINT (11.555820217000075 48.144039379000048)","Unfall 212708 (2019) Kat:3, Licht: 0","212708","3","3","5","07","18","2","0","0","0","1","0","1"
"POINT (11.589643349000028 48.165894212000069)","Unfall 212709 (2019) Kat:3, Licht: 0","212709","3","6","2","07","16","2","0","0","0","1","0","0"
"POINT (11.565659440000047 48.142206144000056)","Unfall 212710 (2019) Kat:3, Licht: 0","212710","3","5","1","07","12","2","0","0","1","1","0","0"
"POINT (11.558027045000074 48.141714833000037)","Unfall 212711 (2019) Kat:2, Licht: 0","212711","2","1","0","07","08","2","1","0","1","0","0","0"
"POINT (11.540932941000051 48.221264470000051)","Unfall 212761 (2019) Kat:3, Licht: 0","212761","3","6","0","07","12","1","0","0","1","0","1","0"
"POINT (11.629595027000050 48.154818528000078)","Unfall 212762 (2019) Kat:3, Licht: 0","212762","3","1","0","07","13","1","0","0","1","0","0","0"
"POINT (11.549864889000048 48.125222470000040)","Unfall 212763 (2019) Kat:2, Licht: 2","212763","2","2","2","07","01","1","0","2","0","1","0","0"
"POINT (11.545859103000055 48.103894733000061)","Unfall 212765 (2019) Kat:3, Licht: 0","212765","3","3","5","07","16","1","1","0","0","1","0","0"
"POINT (11.566932362000045 48.135797223000054)","Unfall 212808 (2019) Kat:3, Licht: 0","212808","3","1","0","07","18","7","0","0","0","0","0","0"
"POINT (11.585864863000040 48.170333006000078)","Unfall 212809 (2019) Kat:3, Licht: 0","212809","3","2","5","07","12","7","0","0","1","1","0","0"
"POINT (11.666719977000071 48.123933661000081)","Unfall 212810 (2019) Kat:3, Licht: 0","212810","3","2","4","07","19","7","1","0","1","1","0","0"
"POINT (11.574061909000022 48.157699773000047)","Unfall 212811 (2019) Kat:3, Licht: 0","212811","3","2","5","07","14","7","1","0","1","1","0","0"
"POINT (11.694281426000032 48.133378619000041)","Unfall 212812 (2019) Kat:3, Licht: 0","212812","3","1","8","07","12","7","1","0","0","1","0","0"
"POINT (11.610206216000051 48.132534618000079)","Unfall 212813 (2019) Kat:3, Licht: 0","212813","3","3","0","07","16","7","1","0","1","1","0","0"
"POINT (11.605161652000049 48.104518120000080)","Unfall 212814 (2019) Kat:3, Licht: 1","212814","3","3","5","07","20","7","1","1","0","1","0","0"
"POINT (11.422340849000022 48.147576929000081)","Unfall 212815 (2019) Kat:3, Licht: 0","212815","3","3","5","07","16","7","1","0","1","1","0","0"
"POINT (11.625186515000053 48.096211209000046)","Unfall 212816 (2019) Kat:3, Licht: 0","212816","3","6","2","07","18","7","1","0","0","1","0","0"
"POINT (11.578788046000057 48.129102883000030)","Unfall 212817 (2019) Kat:3, Licht: 0","212817","3","1","1","07","13","7","1","0","0","1","0","1"
"POINT (11.413741383000058 48.148595602000057)","Unfall 212848 (2019) Kat:3, Licht: 0","212848","3","3","0","07","18","6","0","0","0","1","0","0"
"POINT (11.565207928000063 48.122548633000065)","Unfall 212849 (2019) Kat:3, Licht: 0","212849","3","4","6","07","21","6","0","0","0","1","1","0"
"POINT (11.554441326000074 48.148280681000074)","Unfall 212850 (2019) Kat:2, Licht: 0","212850","2","6","3","07","13","6","1","0","1","0","0","0"
"POINT (11.509612635000053 48.140971093000076)","Unfall 212851 (2019) Kat:3, Licht: 2","212851","3","5","1","07","23","6","0","2","1","1","0","0"
"POINT (11.563862640000025 48.156924261000029)","Unfall 212852 (2019) Kat:3, Licht: 0","212852","3","3","5","07","14","6","1","0","0","1","0","0"
"POINT (11.503856836000068 48.094310756000027)","Unfall 212853 (2019) Kat:3, Licht: 0","212853","3","2","5","07","09","6","0","0","0","1","0","1"
"POINT (11.656695834000061 48.117086985000071)","Unfall 212856 (2019) Kat:3, Licht: 0","212856","3","2","3","07","17","6","0","0","1","1","0","0"
"POINT (11.426590349000037 48.157332467000060)","Unfall 212857 (2019) Kat:3, Licht: 0","212857","3","3","5","07","13","6","1","0","1","1","0","0"
"POINT (11.465228974000070 48.146152731000029)","Unfall 212858 (2019) Kat:3, Licht: 0","212858","3","2","4","07","18","6","0","0","0","1","0","1"
"POINT (11.659635151000032 48.126376760000028)","Unfall 212859 (2019) Kat:2, Licht: 0","212859","2","2","5","07","10","6","0","0","0","1","0","0"
"POINT (11.557449428000041 48.145727616000045)","Unfall 212860 (2019) Kat:3, Licht: 0","212860","3","2","5","07","16","6","0","0","1","1","0","0"
"POINT (11.491587898000034 48.179268633000049)","Unfall 212861 (2019) Kat:3, Licht: 0","212861","3","3","5","07","07","6","0","0","1","1","0","0"
"POINT (11.502567097000053 48.081575351000026)","Unfall 212862 (2019) Kat:3, Licht: 0","212862","3","5","1","07","20","6","0","0","1","1","0","0"
"POINT (11.556095923000044 48.141862099000036)","Unfall 212863 (2019) Kat:3, Licht: 0","212863","3","6","0","07","11","6","0","0","0","1","0","1"
"POINT (11.548759233000055 48.143376754000030)","Unfall 212864 (2019) Kat:3, Licht: 2","212864","3","1","0","07","22","6","1","2","1","0","0","0"
"POINT (11.554663918000074 48.139148006000028)","Unfall 212865 (2019) Kat:3, Licht: 0","212865","3","7","0","07","10","6","0","0","1","0","0","0"
"POINT (11.567913820000058 48.147432969000079)","Unfall 212920 (2019) Kat:3, Licht: 0","212920","3","6","4","07","16","5","1","0","0","1","0","1"
"POINT (11.517696836000027 48.118478142000072)","Unfall 212921 (2019) Kat:3, Licht: 0","212921","3","2","5","07","16","5","1","0","1","1","0","0"
"POINT (11.539372793000041 48.151401914000076)","Unfall 212922 (2019) Kat:3, Licht: 0","212922","3","7","0","07","18","5","1","0","1","0","0","0"
"POINT (11.535168874000021 48.146019941000077)","Unfall 212923 (2019) Kat:3, Licht: 0","212923","3","7","0","07","18","5","1","0","1","0","0","0"
"POINT (11.576301791000049 48.138183298000058)","Unfall 212924 (2019) Kat:3, Licht: 0","212924","3","7","6","07","18","5","0","0","0","1","1","0"
"POINT (11.585503822000021 48.129571163000037)","Unfall 212926 (2019) Kat:3, Licht: 0","212926","3","6","2","07","18","5","1","0","1","1","0","0"
"POINT (11.614816572000052 48.139287077000063)","Unfall 212927 (2019) Kat:3, Licht: 0","212927","3","3","5","07","15","5","0","0","0","1","0","0"
"POINT (11.585057676000076 48.100220052000054)","Unfall 212928 (2019) Kat:3, Licht: 0","212928","3","3","5","07","16","5","1","0","1","1","0","0"
"POINT (11.533609740000031 48.116840872000068)","Unfall 212929 (2019) Kat:3, Licht: 2","212929","3","7","4","07","21","5","1","2","0","1","0","0"
"POINT (11.565275738000025 48.172936681000067)","Unfall 212930 (2019) Kat:3, Licht: 0","212930","3","6","3","07","07","5","0","0","1","1","0","0"
"POINT (11.546841020000045 48.132908562000068)","Unfall 212931 (2019) Kat:3, Licht: 0","212931","3","2","5","07","17","5","1","0","1","1","0","0"
"POINT (11.568097477000038 48.161162356000034)","Unfall 212932 (2019) Kat:3, Licht: 0","212932","3","4","6","07","07","5","0","0","0","0","1","1"
"POINT (11.523834006000072 48.097303984000064)","Unfall 212934 (2019) Kat:2, Licht: 0","212934","2","2","3","07","19","5","1","0","1","0","0","0"
"POINT (11.542509502000030 48.209235257000046)","Unfall 212935 (2019) Kat:3, Licht: 0","212935","3","2","4","07","16","5","1","0","0","1","0","0"
"POINT (11.511507042000062 48.172321044000057)","Unfall 212936 (2019) Kat:3, Licht: 0","212936","3","3","5","07","13","5","0","0","1","1","0","0"
"POINT (11.585148807000053 48.158726680000029)","Unfall 212937 (2019) Kat:3, Licht: 0","212937","3","4","6","07","10","5","0","0","0","1","1","0"
"POINT (11.541657330000021 48.139523454000027)","Unfall 212938 (2019) Kat:3, Licht: 1","212938","3","3","3","07","21","5","1","1","0","1","0","0"
"POINT (11.487763133000044 48.130094445000054)","Unfall 212940 (2019) Kat:3, Licht: 0","212940","3","6","3","07","14","5","1","0","1","0","0","0"
"POINT (11.513594091000073 48.075958884000045)","Unfall 212941 (2019) Kat:3, Licht: 0","212941","3","2","5","07","17","5","1","0","1","1","0","0"
"POINT (11.645638784000027 48.127673658000049)","Unfall 212942 (2019) Kat:3, Licht: 0","212942","3","6","3","07","07","5","0","0","1","0","0","0"
"POINT (11.576623610000070 48.114016611000068)","Unfall 212944 (2019) Kat:2, Licht: 0","212944","2","2","5","07","14","5","0","0","0","1","0","0"
"POINT (11.596285040000055 48.131150486000081)","Unfall 212945 (2019) Kat:3, Licht: 0","212945","3","3","5","07","08","5","0","0","1","0","0","0"
"POINT (11.558403199000054 48.129699747000075)","Unfall 212946 (2019) Kat:3, Licht: 0","212946","3","2","5","07","18","5","0","0","1","1","0","0"
"POINT (11.528411052000024 48.118236586000080)","Unfall 212948 (2019) Kat:3, Licht: 0","212948","3","3","5","07","19","5","1","0","1","1","0","0"
"POINT (11.580969703000051 48.169272302000081)","Unfall 212949 (2019) Kat:3, Licht: 0","212949","3","3","5","07","17","5","1","0","0","1","0","0"
"POINT (11.552411797000047 48.130203547000065)","Unfall 212983 (2019) Kat:3, Licht: 0","212983","3","7","0","07","20","4","0","0","1","0","0","0"
"POINT (11.583548522000058 48.155338320000055)","Unfall 212984 (2019) Kat:3, Licht: 0","212984","3","5","1","07","14","4","0","0","1","1","0","0"
"POINT (11.560221300000023 48.118284975000051)","Unfall 213016 (2019) Kat:3, Licht: 0","213016","3","7","5","07","11","4","0","0","1","1","0","0"
"POINT (11.565487753000070 48.137913222000066)","Unfall 213028 (2019) Kat:3, Licht: 0","213028","3","6","5","07","05","4","0","0","1","1","0","0"
"POINT (11.556094638000047 48.131500223000046)","Unfall 213055 (2019) Kat:3, Licht: 0","213055","3","6","2","07","17","4","0","0","0","1","0","0"
"POINT (11.549579795000056 48.126979816000073)","Unfall 213064 (2019) Kat:3, Licht: 0","213064","3","3","5","07","17","3","0","0","1","1","0","0"
"POINT (11.498268588000030 48.131660307000061)","Unfall 213065 (2019) Kat:3, Licht: 0","213065","3","3","5","07","16","3","0","0","1","1","0","0"
"POINT (11.575283773000024 48.139474780000057)","Unfall 213066 (2019) Kat:3, Licht: 0","213066","3","7","0","07","14","3","0","0","1","0","0","0"
"POINT (11.569824798000070 48.177299472000072)","Unfall 213068 (2019) Kat:3, Licht: 0","213068","3","1","0","07","14","3","0","0","0","0","0","1"
"POINT (11.540500548000068 48.125756808000062)","Unfall 213070 (2019) Kat:3, Licht: 0","213070","3","4","6","07","11","3","0","0","1","0","1","0"
"POINT (11.455351494000070 48.166512045000047)","Unfall 213071 (2019) Kat:3, Licht: 0","213071","3","6","3","07","19","3","0","0","0","1","0","1"
"POINT (11.551905829000077 48.153231740000081)","Unfall 213072 (2019) Kat:3, Licht: 0","213072","3","6","2","07","10","3","0","0","1","0","0","0"
"POINT (11.597451934000048 48.180066274000069)","Unfall 213073 (2019) Kat:3, Licht: 0","213073","3","7","0","07","08","3","0","0","1","1","0","0"
"POINT (11.590736714000059 48.139240280000081)","Unfall 213074 (2019) Kat:2, Licht: 0","213074","2","3","0","07","20","3","0","0","0","1","0","1"
"POINT (11.608106369000041 48.148451328000078)","Unfall 213075 (2019) Kat:3, Licht: 0","213075","3","3","5","07","15","3","0","0","0","1","0","0"
"POINT (11.619991930000026 48.138125727000045)","Unfall 213077 (2019) Kat:3, Licht: 0","213077","3","6","3","07","19","3","0","0","0","1","0","0"
"POINT (11.553572126000063 48.112252275000060)","Unfall 213078 (2019) Kat:2, Licht: 2","213078","2","2","5","07","23","3","0","2","0","0","0","1"
"POINT (11.554863458000057 48.159959095000033)","Unfall 213081 (2019) Kat:3, Licht: 0","213081","3","3","5","07","19","3","0","0","1","1","0","0"
"POINT (11.546422574000076 48.149880813000038)","Unfall 213082 (2019) Kat:3, Licht: 0","213082","3","6","3","07","09","3","0","0","1","0","0","0"
"POINT (11.511491696000064 48.155840600000033)","Unfall 213083 (2019) Kat:3, Licht: 0","213083","3","3","1","07","14","3","0","0","0","1","0","0"
"POINT (11.558339493000062 48.150140199000077)","Unfall 213084 (2019) Kat:3, Licht: 0","213084","3","6","2","07","16","3","0","0","0","1","0","1"
"POINT (11.589187634000041 48.137392236000039)","Unfall 213085 (2019) Kat:3, Licht: 0","213085","3","7","5","07","08","3","0","0","1","1","0","0"
"POINT (11.470338742000024 48.144860196000081)","Unfall 213086 (2019) Kat:3, Licht: 0","213086","3","5","1","07","19","3","0","0","1","1","0","0"
"POINT (11.501098739000042 48.094576986000050)","Unfall 213088 (2019) Kat:3, Licht: 0","213088","3","1","0","07","08","3","0","0","1","0","0","0"
"POINT (11.627894904000073 48.090938353000070)","Unfall 213090 (2019) Kat:3, Licht: 0","213090","3","7","1","07","15","3","0","0","1","1","0","0"
"POINT (11.566934196000034 48.101317858000073)","Unfall 213091 (2019) Kat:3, Licht: 0","213091","3","3","1","07","18","3","0","0","1","1","0","0"
"POINT (11.562520772000028 48.131063733000076)","Unfall 213092 (2019) Kat:3, Licht: 0","213092","3","3","5","07","19","3","0","0","1","1","0","0"
"POINT (11.547595069000067 48.126883353000039)","Unfall 213093 (2019) Kat:3, Licht: 0","213093","3","2","3","07","13","3","0","0","1","1","0","0"
"POINT (11.537191876000065 48.135444843000073)","Unfall 213094 (2019) Kat:3, Licht: 0","213094","3","5","1","07","10","3","0","0","1","1","0","0"
"POINT (11.528463522000038 48.116722369000058)","Unfall 213108 (2019) Kat:3, Licht: 1","213108","3","2","2","07","20","4","0","1","0","1","0","1"
"POINT (11.455783078000024 48.182647014000054)","Unfall 213117 (2019) Kat:2, Licht: 0","213117","2","4","6","07","20","4","0","0","0","1","1","0"
"POINT (11.457943998000076 48.191831408000041)","Unfall 213120 (2019) Kat:3, Licht: 0","213120","3","7","0","07","17","4","0","0","1","0","0","0"
"POINT (11.453191399000048 48.201280207000082)","Unfall 213159 (2019) Kat:3, Licht: 0","213159","3","3","5","07","09","4","0","0","1","1","0","0"
"POINT (11.560780744000056 48.186792124000078)","Unfall 213170 (2019) Kat:3, Licht: 0","213170","3","6","1","07","19","4","0","0","0","1","0","0"
"POINT (11.571570891000022 48.125350938000054)","Unfall 213174 (2019) Kat:3, Licht: 0","213174","3","7","4","07","14","2","0","0","1","0","0","0"
"POINT (11.585945002000074 48.161897483000075)","Unfall 213175 (2019) Kat:3, Licht: 0","213175","3","5","1","07","10","2","0","0","1","0","1","0"
"POINT (11.558488087000057 48.150233764000063)","Unfall 213176 (2019) Kat:3, Licht: 0","213176","3","2","3","07","14","2","0","0","1","1","0","0"
"POINT (11.512161861000038 48.089474172000052)","Unfall 213177 (2019) Kat:3, Licht: 0","213177","3","3","5","07","18","2","0","0","0","1","0","1"
"POINT (11.558637962000034 48.137431024000080)","Unfall 213178 (2019) Kat:3, Licht: 2","213178","3","3","5","07","02","2","0","2","0","1","0","0"
"POINT (11.551643452000064 48.139052330000027)","Unfall 213180 (2019) Kat:2, Licht: 0","213180","2","4","6","07","09","2","0","0","1","0","1","0"
"POINT (11.586325216000034 48.163172334000080)","Unfall 213181 (2019) Kat:3, Licht: 0","213181","3","7","0","07","14","2","0","0","0","0","0","0"
"POINT (11.558116424000048 48.150224469000079)","Unfall 213182 (2019) Kat:3, Licht: 0","213182","3","2","5","07","15","4","0","0","1","1","0","0"
"POINT (11.505171783000037 48.154688107000027)","Unfall 213183 (2019) Kat:3, Licht: 0","213183","3","7","1","07","15","2","0","0","1","0","0","0"
"POINT (11.553519744000027 48.213617781000039)","Unfall 213186 (2019) Kat:3, Licht: 0","213186","3","6","2","07","14","2","0","0","0","1","0","0"
"POINT (11.523713666000049 48.196083948000080)","Unfall 213187 (2019) Kat:3, Licht: 0","213187","3","6","2","07","18","2","0","0","0","1","0","1"
"POINT (11.538206195000043 48.154522055000029)","Unfall 213188 (2019) Kat:3, Licht: 0","213188","3","5","1","07","18","2","0","0","1","1","0","0"
"POINT (11.507133551000038 48.145995916000061)","Unfall 213189 (2019) Kat:3, Licht: 0","213189","3","3","5","07","13","2","0","0","1","1","0","0"
"POINT (11.533142876000056 48.128952003000052)","Unfall 213190 (2019) Kat:3, Licht: 0","213190","3","6","4","07","19","2","0","0","1","0","0","0"
"POINT (11.461353935000034 48.146613843000068)","Unfall 213191 (2019) Kat:3, Licht: 0","213191","3","7","0","07","10","2","0","0","1","0","0","0"
"POINT (11.674409351000065 48.156904884000028)","Unfall 213193 (2019) Kat:3, Licht: 0","213193","3","3","5","07","16","2","0","0","1","1","0","0"
"POINT (11.576816322000070 48.157733511000060)","Unfall 213194 (2019) Kat:3, Licht: 0","213194","3","1","0","07","10","2","0","0","1","0","0","0"
"POINT (11.565534543000069 48.133030214000030)","Unfall 213195 (2019) Kat:3, Licht: 0","213195","3","3","5","07","14","2","0","0","0","1","0","0"