WKT,Name,OBJECTID,UKATEGORIE,UTYP1,UART,UMONAT,USTUNDE,UWOCHENTAG,STRZUSTAND,ULICHTVERH,ISTRAD,ISTPKW,ISTFUSS,ISTKRAD
"POINT (11.503329613000062 48.146748998000078)","Unfall 214025 (2019) Kat:3, Licht: 0","214025","3","7","0","07","07","3","0","0","1","0","0","0"
"POINT (11.477376345000039 48.115681846000030)","Unfall 214026 (2019) Kat:3, Licht: 0","214026","3","2","4","07","18","3","0","0","1","1","0","0"
"POINT (11.574290289000032 48.132941211000059)","Unfall 214053 (2019) Kat:3, Licht: 0","214053","3","6","3","07","20","2","0","0","1","1","0","0"
"POINT (11.566447790000041 48.123410329000080)","Unfall 214065 (2019) Kat:3, Licht: 2","214065","3","7","0","07","21","2","0","2","0","0","0","0"
"POINT (11.565151194000066 48.136539328000026)","Unfall 214069 (2019) Kat:3, Licht: 2","214069","3","6","0","07","04","1","0","2","0","1","0","0"
"POINT (11.561496553000040 48.146895051000058)","Unfall 214070 (2019) Kat:3, Licht: 2","214070","3","3","5","07","04","1","0","2","0","1","0","0"
"POINT (11.574981184000023 48.139553447000026)","Unfall 214071 (2019) Kat:3, Licht: 0","214071","3","7","6","07","10","2","0","0","0","0","1","0"
"POINT (11.575385089000065 48.157655206000072)","Unfall 214072 (2019) Kat:3, Licht: 2","214072","3","1","0","07","03","1","0","2","1","0","0","0"
"POINT (11.551532703000021 48.139047877000053)","Unfall 214073 (2019) Kat:3, Licht: 2","214073","3","7","0","07","04","1","0","2","0","0","0","0"
"POINT (11.585838719000037 48.143859798000051)","Unfall 214074 (2019) Kat:3, Licht: 2","214074","3","7","5","07","03","1","0","2","0","1","0","0"
"POINT (11.596243652000055 48.107041936000030)","Unfall 214075 (2019) Kat:3, Licht: 0","214075","3","1","8","07","07","1","0","0","0","1","0","0"
"POINT (11.596268823000059 48.106981120000057)","Unfall 214076 (2019) Kat:3, Licht: 0","214076","3","1","8","07","06","1","0","0","0","1","0","0"
"POINT (11.510220774000061 48.170112695000057)","Unfall 214077 (2019) Kat:3, Licht: 0","214077","3","1","0","07","15","1","1","0","0","0","0","1"
"POINT (11.567582420000065 48.177080984000042)","Unfall 214078 (2019) Kat:3, Licht: 1","214078","3","6","2","07","20","1","1","1","0","1","0","0"
"POINT (11.535051683000063 48.155556637000075)","Unfall 214079 (2019) Kat:3, Licht: 0","214079","3","2","4","07","14","1","0","0","1","1","0","0"
"POINT (11.502687943000069 48.127751039000032)","Unfall 214080 (2019) Kat:3, Licht: 0","214080","3","6","2","07","19","1","1","0","0","1","0","0"
"POINT (11.578946624000025 48.145308276000037)","Unfall 214081 (2019) Kat:3, Licht: 0","214081","3","2","5","07","10","1","0","0","1","0","0","0"
"POINT (11.572848523000062 48.175935324000079)","Unfall 214084 (2019) Kat:3, Licht: 2","214084","3","1","0","07","23","2","0","2","1","0","0","0"
"POINT (11.555762679000054 48.137483307000082)","Unfall 214097 (2019) Kat:3, Licht: 0","214097","3","2","3","07","08","2","1","0","1","1","0","0"
"POINT (11.554684079000026 48.214805359000081)","Unfall 214106 (2019) Kat:3, Licht: 0","214106","3","5","1","07","11","2","1","0","0","1","0","0"
"POINT (11.586117999000066 48.134503648000077)","Unfall 214110 (2019) Kat:3, Licht: 0","214110","3","3","5","07","14","2","0","0","1","1","0","0"
"POINT (11.610540234000041 48.134078211000030)","Unfall 214120 (2019) Kat:3, Licht: 0","214120","3","2","3","07","11","2","0","0","1","1","0","0"
"POINT (11.468608476000043 48.145736640000052)","Unfall 214133 (2019) Kat:3, Licht: 0","214133","3","7","0","07","10","7","0","0","1","0","0","0"
"POINT (11.486996813000076 48.112439238000036)","Unfall 214134 (2019) Kat:3, Licht: 0","214134","3","3","5","07","11","7","0","0","1","1","0","0"
"POINT (11.439747165000028 48.149438512000074)","Unfall 214135 (2019) Kat:3, Licht: 0","214135","3","2","5","07","11","7","0","0","1","1","0","0"
"POINT (11.552485923000063 48.168354009000041)","Unfall 214136 (2019) Kat:3, Licht: 1","214136","3","7","0","07","21","7","0","1","0","0","0","0"
"POINT (11.560247799000024 48.174247823000030)","Unfall 214137 (2019) Kat:3, Licht: 0","214137","3","6","2","07","13","7","0","0","0","1","0","1"
"POINT (11.611125571000059 48.198908693000078)","Unfall 214138 (2019) Kat:3, Licht: 0","214138","3","3","5","07","16","2","0","0","1","1","0","0"
"POINT (11.598434660000066 48.120983625000065)","Unfall 214140 (2019) Kat:3, Licht: 0","214140","3","4","6","07","16","7","1","0","0","0","1","1"
"POINT (11.588835614000061 48.141127994000044)","Unfall 214141 (2019) Kat:3, Licht: 0","214141","3","7","1","07","13","7","0","0","1","1","0","0"
"POINT (11.561496553000040 48.146895051000058)","Unfall 214142 (2019) Kat:3, Licht: 0","214142","3","3","5","07","16","7","0","0","0","1","0","0"
"POINT (11.503028790000030 48.139569012000038)","Unfall 214152 (2019) Kat:3, Licht: 0","214152","3","2","5","07","11","2","1","0","1","1","0","0"
"POINT (11.611991281000030 48.141757743000028)","Unfall 214165 (2019) Kat:3, Licht: 0","214165","3","3","5","07","08","2","1","0","0","1","0","0"
"POINT (11.621827249000034 48.137470448000045)","Unfall 214175 (2019) Kat:3, Licht: 0","214175","3","3","5","07","09","2","1","0","0","1","0","0"
"POINT (11.613017365000076 48.136574168000038)","Unfall 214178 (2019) Kat:3, Licht: 0","214178","3","3","5","07","15","2","0","0","1","1","0","0"
"POINT (11.573420782000028 48.133377428000074)","Unfall 214184 (2019) Kat:3, Licht: 0","214184","3","6","3","07","16","2","0","0","1","1","0","0"
"POINT (11.559001566000063 48.142992257000060)","Unfall 214215 (2019) Kat:3, Licht: 0","214215","3","4","6","07","17","6","0","0","0","1","1","0"
"POINT (11.574037964000070 48.127382242000067)","Unfall 214216 (2019) Kat:3, Licht: 2","214216","3","6","4","07","00","6","0","2","0","1","0","1"
"POINT (11.580753123000022 48.149419341000055)","Unfall 214217 (2019) Kat:3, Licht: 2","214217","3","5","1","07","22","6","0","2","1","1","0","0"
"POINT (11.540168991000030 48.116565833000038)","Unfall 214218 (2019) Kat:2, Licht: 2","214218","2","3","5","07","22","6","1","2","1","1","0","0"
"POINT (11.567578508000054 48.131936937000035)","Unfall 214219 (2019) Kat:3, Licht: 2","214219","3","1","0","07","00","6","0","2","1","0","0","0"
"POINT (11.591329503000054 48.165561116000049)","Unfall 214220 (2019) Kat:3, Licht: 0","214220","3","1","0","07","19","6","0","0","0","0","0","0"
"POINT (11.597104671000068 48.102657592000071)","Unfall 214222 (2019) Kat:3, Licht: 2","214222","3","3","5","07","21","6","0","2","0","1","0","0"
"POINT (11.589706118000038 48.139898167000069)","Unfall 214223 (2019) Kat:3, Licht: 0","214223","3","4","6","07","11","6","0","0","1","0","1","0"
"POINT (11.479050617000041 48.158962364000047)","Unfall 214224 (2019) Kat:2, Licht: 0","214224","2","1","0","07","18","6","0","0","0","1","0","1"
"POINT (11.539224134000051 48.125519274000055)","Unfall 214225 (2019) Kat:3, Licht: 0","214225","3","2","0","07","17","6","0","0","1","1","0","0"
"POINT (11.572707162000029 48.186772403000077)","Unfall 214226 (2019) Kat:3, Licht: 0","214226","3","4","6","07","12","6","0","0","1","0","1","0"
"POINT (11.573346658000048 48.201199591000034)","Unfall 214227 (2019) Kat:3, Licht: 0","214227","3","2","5","07","08","6","0","0","1","1","0","0"
"POINT (11.541356226000062 48.186447979000036)","Unfall 214228 (2019) Kat:2, Licht: 0","214228","2","1","0","07","19","6","0","0","0","0","0","1"
"POINT (11.563064145000055 48.208689849000052)","Unfall 214229 (2019) Kat:3, Licht: 0","214229","3","2","5","07","13","6","0","0","1","1","0","0"
"POINT (11.565030865000040 48.167888000000062)","Unfall 214230 (2019) Kat:3, Licht: 0","214230","3","2","5","07","08","6","0","0","1","1","0","0"
"POINT (11.562158574000023 48.213446841000064)","Unfall 214231 (2019) Kat:3, Licht: 0","214231","3","3","5","07","13","6","0","0","0","1","0","0"
"POINT (11.529162962000044 48.165386257000080)","Unfall 214233 (2019) Kat:3, Licht: 0","214233","3","7","5","07","19","6","0","0","1","0","0","0"
"POINT (11.559587841000052 48.154922312000053)","Unfall 214234 (2019) Kat:3, Licht: 2","214234","3","2","4","07","22","6","0","2","1","1","0","0"
"POINT (11.523029726000061 48.136788651000074)","Unfall 214235 (2019) Kat:3, Licht: 0","214235","3","6","1","07","13","6","0","0","0","1","0","0"
"POINT (11.579972161000057 48.127338048000070)","Unfall 214237 (2019) Kat:3, Licht: 0","214237","3","3","5","07","15","6","0","0","1","1","0","0"
"POINT (11.555934939000053 48.139533016000030)","Unfall 214239 (2019) Kat:3, Licht: 0","214239","3","5","1","07","09","6","0","0","1","1","0","0"
"POINT (11.539254262000043 48.130903302000036)","Unfall 214240 (2019) Kat:2, Licht: 0","214240","2","2","5","07","14","6","0","0","1","1","0","0"
"POINT (11.598100493000061 48.149373923000041)","Unfall 214241 (2019) Kat:3, Licht: 0","214241","3","7","0","07","09","6","0","0","1","0","0","0"
"POINT (11.577580978000071 48.141261091000047)","Unfall 214243 (2019) Kat:3, Licht: 0","214243","3","4","6","07","13","6","0","0","1","0","1","0"
"POINT (11.584312767000029 48.156957117000047)","Unfall 214305 (2019) Kat:3, Licht: 2","214305","3","6","3","08","22","6","0","2","0","1","0","1"
"POINT (11.611159546000067 48.117566596000074)","Unfall 214315 (2019) Kat:3, Licht: 0","214315","3","3","5","08","12","6","0","0","1","1","0","0"
"POINT (11.681507278000026 48.135389614000076)","Unfall 214328 (2019) Kat:3, Licht: 2","214328","3","3","5","08","22","6","1","2","0","1","0","1"
"POINT (11.584068949000027 48.145481198000027)","Unfall 214332 (2019) Kat:3, Licht: 0","214332","3","6","4","08","19","5","0","0","1","0","0","0"
"POINT (11.556406552000055 48.139237723000065)","Unfall 214333 (2019) Kat:3, Licht: 0","214333","3","1","0","08","08","5","0","0","1","0","0","0"
"POINT (11.521508643000061 48.175935076000030)","Unfall 214334 (2019) Kat:3, Licht: 0","214334","3","6","2","08","15","5","0","0","0","1","0","0"
"POINT (11.514546948000032 48.103008036000062)","Unfall 214335 (2019) Kat:3, Licht: 0","214335","3","1","5","08","13","6","0","0","0","1","0","1"
"POINT (11.581904650000070 48.138754903000063)","Unfall 214336 (2019) Kat:3, Licht: 0","214336","3","1","0","08","19","5","0","0","1","0","0","0"
"POINT (11.550071922000029 48.186134093000078)","Unfall 214337 (2019) Kat:3, Licht: 2","214337","3","6","2","08","20","5","0","2","0","0","0","1"
"POINT (11.563049252000042 48.126681228000052)","Unfall 214338 (2019) Kat:3, Licht: 0","214338","3","6","2","08","10","5","0","0","1","0","0","0"
"POINT (11.598390729000073 48.089481983000042)","Unfall 214339 (2019) Kat:3, Licht: 0","214339","3","1","1","08","11","5","0","0","0","1","0","1"
"POINT (11.567482970000071 48.177654373000053)","Unfall 214340 (2019) Kat:3, Licht: 0","214340","3","5","3","08","17","6","0","0","0","1","0","0"
"POINT (11.555049960000076 48.180710736000037)","Unfall 214341 (2019) Kat:3, Licht: 0","214341","3","2","4","08","12","5","0","0","1","1","0","0"
"POINT (11.571706948000042 48.146566597000060)","Unfall 214342 (2019) Kat:3, Licht: 0","214342","3","5","1","08","17","5","0","0","1","1","0","0"
"POINT (11.533467437000070 48.133430828000030)","Unfall 214343 (2019) Kat:2, Licht: 0","214343","2","3","1","08","13","5","0","0","1","1","0","0"
"POINT (11.518989551000061 48.199162336000029)","Unfall 214344 (2019) Kat:3, Licht: 0","214344","3","7","0","08","17","5","0","0","1","0","0","0"
"POINT (11.546631903000048 48.101393175000055)","Unfall 214346 (2019) Kat:2, Licht: 0","214346","2","1","8","08","17","6","0","0","0","0","0","1"
"POINT (11.592878849000044 48.110673641000062)","Unfall 214347 (2019) Kat:3, Licht: 0","214347","3","1","0","08","18","5","0","0","1","0","0","0"
"POINT (11.557403060000070 48.117241061000072)","Unfall 214348 (2019) Kat:3, Licht: 0","214348","3","2","5","08","06","5","0","0","1","1","0","0"
"POINT (11.572366393000038 48.126528057000030)","Unfall 214349 (2019) Kat:3, Licht: 2","214349","3","1","1","08","22","5","0","2","1","1","0","0"
"POINT (11.585757800000067 48.171137572000077)","Unfall 214350 (2019) Kat:3, Licht: 0","214350","3","2","5","08","17","5","0","0","1","1","0","0"
"POINT (11.562193940000043 48.186800431000052)","Unfall 214359 (2019) Kat:3, Licht: 2","214359","3","6","1","08","22","6","0","2","0","1","0","0"
"POINT (11.565015441000071 48.167891599000029)","Unfall 214382 (2019) Kat:3, Licht: 0","214382","3","2","5","08","16","6","0","0","0","1","0","0"
"POINT (11.476903398000047 48.113387289000059)","Unfall 214386 (2019) Kat:3, Licht: 0","214386","3","7","0","08","14","6","0","0","0","0","0","0"
"POINT (11.601813609000033 48.138667806000058)","Unfall 214393 (2019) Kat:3, Licht: 0","214393","3","7","8","08","10","6","0","0","0","1","0","0"
"POINT (11.576044293000052 48.155837589000043)","Unfall 214394 (2019) Kat:3, Licht: 0","214394","3","2","1","07","13","4","1","0","0","1","0","0"
"POINT (11.566863028000057 48.123417668000059)","Unfall 214395 (2019) Kat:3, Licht: 0","214395","3","6","3","07","16","4","0","0","0","1","0","0"
"POINT (11.580919800000061 48.180453078000028)","Unfall 214396 (2019) Kat:3, Licht: 0","214396","3","6","3","08","17","6","0","0","1","0","0","1"
"POINT (11.610378494000031 48.118881637000072)","Unfall 214397 (2019) Kat:3, Licht: 0","214397","3","6","2","07","18","4","0","0","0","1","0","0"
"POINT (11.622512181000047 48.148566584000037)","Unfall 214398 (2019) Kat:3, Licht: 0","214398","3","2","5","07","15","4","0","0","1","1","0","0"
"POINT (11.639307151000025 48.143684774000064)","Unfall 214399 (2019) Kat:2, Licht: 2","214399","2","5","1","07","21","4","0","2","0","1","0","0"
"POINT (11.534180211000034 48.152623123000069)","Unfall 214400 (2019) Kat:3, Licht: 0","214400","3","7","2","07","18","4","0","0","0","1","0","1"
"POINT (11.526240886000039 48.157481992000044)","Unfall 214401 (2019) Kat:3, Licht: 0","214401","3","3","5","07","14","4","1","0","0","1","0","0"
"POINT (11.480227983000077 48.164092739000068)","Unfall 214402 (2019) Kat:3, Licht: 0","214402","3","6","2","08","13","6","0","0","0","1","0","1"
"POINT (11.503859970000065 48.186760780000043)","Unfall 214403 (2019) Kat:3, Licht: 0","214403","3","2","5","07","16","4","0","0","1","1","0","0"
"POINT (11.511984713000061 48.175692982000044)","Unfall 214404 (2019) Kat:3, Licht: 0","214404","3","6","3","07","07","4","0","0","1","1","0","0"
"POINT (11.558619519000047 48.147610071000031)","Unfall 214405 (2019) Kat:3, Licht: 0","214405","3","3","5","07","15","4","0","0","1","1","0","0"
"POINT (11.512163915000031 48.181285798000033)","Unfall 214406 (2019) Kat:3, Licht: 0","214406","3","5","5","07","17","4","0","0","0","1","0","0"
"POINT (11.503313241000058 48.147152393000056)","Unfall 214407 (2019) Kat:3, Licht: 0","214407","3","2","5","07","19","4","0","0","1","1","0","0"
"POINT (11.677180506000070 48.098446664000051)","Unfall 214409 (2019) Kat:2, Licht: 0","214409","2","3","5","07","14","4","1","0","1","1","0","0"
"POINT (11.607307521000052 48.098121581000044)","Unfall 214410 (2019) Kat:3, Licht: 0","214410","3","1","1","07","19","4","0","0","1","1","0","0"
"POINT (11.587196630000051 48.143334505000041)","Unfall 214411 (2019) Kat:3, Licht: 0","214411","3","7","2","07","18","4","0","0","0","1","0","1"
"POINT (11.594920025000022 48.127972508000028)","Unfall 214412 (2019) Kat:3, Licht: 2","214412","3","5","3","07","21","4","0","2","1","1","0","0"
"POINT (11.602721917000054 48.120070803000033)","Unfall 214413 (2019) Kat:3, Licht: 0","214413","3","6","2","07","17","4","0","0","0","1","0","0"
"POINT (11.459133217000044 48.146082496000076)","Unfall 214414 (2019) Kat:3, Licht: 0","214414","3","4","6","08","11","6","0","0","0","1","1","0"
"POINT (11.592556363000028 48.126549179000051)","Unfall 214415 (2019) Kat:3, Licht: 0","214415","3","3","5","07","07","4","1","0","0","1","0","0"
"POINT (11.562495468000066 48.139402436000069)","Unfall 214416 (2019) Kat:3, Licht: 0","214416","3","3","0","07","11","4","1","0","0","1","0","0"
"POINT (11.581619839000041 48.163881590000074)","Unfall 214417 (2019) Kat:3, Licht: 0","214417","3","1","0","07","08","4","0","0","1","0","0","0"
"POINT (11.583271983000031 48.141558330000066)","Unfall 214418 (2019) Kat:3, Licht: 0","214418","3","2","4","07","18","4","0","0","1","1","0","0"
"POINT (11.588894680000067 48.161304673000075)","Unfall 214438 (2019) Kat:3, Licht: 2","214438","3","7","0","08","02","6","0","2","1","0","0","0"
"POINT (11.549784702000068 48.136796997000033)","Unfall 214442 (2019) Kat:3, Licht: 0","214442","3","3","5","08","09","6","0","0","1","1","0","0"
"POINT (11.578705213000035 48.144194655000035)","Unfall 214449 (2019) Kat:3, Licht: 0","214449","3","5","0","08","18","6","0","0","1","1","0","0"
"POINT (11.581894840000075 48.115397599000062)","Unfall 214490 (2019) Kat:3, Licht: 0","214490","3","3","5","07","18","3","0","0","0","1","0","0"
"POINT (11.577487004000034 48.145495071000028)","Unfall 214491 (2019) Kat:3, Licht: 0","214491","3","4","0","07","12","3","0","0","0","0","1","0"
"POINT (11.598769001000051 48.121065321000060)","Unfall 214492 (2019) Kat:3, Licht: 0","214492","3","3","1","07","11","3","0","0","1","1","0","0"
"POINT (11.556989920000035 48.143694847000063)","Unfall 214494 (2019) Kat:3, Licht: 0","214494","3","6","1","07","17","3","0","0","0","1","0","1"
"POINT (11.564708682000060 48.168004954000025)","Unfall 214495 (2019) Kat:3, Licht: 0","214495","3","2","5","07","16","3","0","0","1","1","0","0"
"POINT (11.535047516000077 48.153367195000044)","Unfall 214496 (2019) Kat:3, Licht: 0","214496","3","3","5","07","19","3","0","0","1","1","0","0"
"POINT (11.461341296000057 48.146763761000045)","Unfall 214497 (2019) Kat:3, Licht: 0","214497","3","2","5","07","09","3","0","0","1","1","0","0"
"POINT (11.505972415000031 48.116883692000044)","Unfall 214499 (2019) Kat:3, Licht: 0","214499","3","2","5","07","10","3","0","0","1","0","0","1"
"POINT (11.596567167000046 48.102544739000052)","Unfall 214501 (2019) Kat:3, Licht: 0","214501","3","1","3","07","15","3","0","0","1","1","0","0"
"POINT (11.577065360000063 48.107618627000079)","Unfall 214502 (2019) Kat:3, Licht: 0","214502","3","7","1","07","16","3","0","0","1","1","0","0"
"POINT (11.599018828000055 48.112584663000064)","Unfall 214503 (2019) Kat:3, Licht: 0","214503","3","3","5","07","08","3","0","0","0","1","0","0"
"POINT (11.503317737000032 48.116399799000078)","Unfall 214504 (2019) Kat:3, Licht: 0","214504","3","7","3","07","08","3","0","0","1","0","0","0"
"POINT (11.570530277000046 48.125554225000030)","Unfall 214505 (2019) Kat:3, Licht: 2","214505","3","3","5","07","22","3","0","2","0","1","0","1"
"POINT (11.552877033000073 48.112341645000072)","Unfall 214586 (2019) Kat:3, Licht: 0","214586","3","1","4","08","13","3","0","0","0","0","0","1"
"POINT (11.589370275000022 48.161653941000054)","Unfall 214587 (2019) Kat:3, Licht: 0","214587","3","4","6","08","20","3","0","0","0","1","1","0"
"POINT (11.619582080000043 48.162033909000058)","Unfall 214588 (2019) Kat:3, Licht: 0","214588","3","2","4","08","13","3","0","0","0","1","0","0"
"POINT (11.621131735000063 48.187043121000045)","Unfall 214589 (2019) Kat:3, Licht: 0","214589","3","2","5","08","17","3","0","0","1","1","0","0"
"POINT (11.568975427000055 48.121875940000052)","Unfall 214590 (2019) Kat:3, Licht: 2","214590","3","6","5","08","23","3","0","2","1","1","0","0"
"POINT (11.531600416000060 48.184276069000077)","Unfall 214593 (2019) Kat:3, Licht: 0","214593","3","2","5","08","19","3","0","0","1","1","0","0"
"POINT (11.563788360000046 48.160891052000068)","Unfall 214595 (2019) Kat:3, Licht: 0","214595","3","6","2","08","13","3","0","0","0","1","0","0"
"POINT (11.596173262000036 48.141963641000075)","Unfall 214596 (2019) Kat:3, Licht: 0","214596","3","1","9","08","20","3","0","0","0","0","0","1"
"POINT (11.629447474000074 48.165189357000031)","Unfall 214597 (2019) Kat:2, Licht: 0","214597","2","2","3","08","14","3","0","0","0","1","0","0"
"POINT (11.613108830000044 48.124603351000076)","Unfall 214598 (2019) Kat:3, Licht: 0","214598","3","2","5","08","18","3","0","0","0","1","1","0"
"POINT (11.614159433000054 48.128585655000052)","Unfall 214599 (2019) Kat:3, Licht: 0","214599","3","5","1","08","18","3","0","0","1","1","0","0"
"POINT (11.592166802000065 48.142320991000076)","Unfall 214600 (2019) Kat:3, Licht: 0","214600","3","2","5","08","07","3","0","0","1","1","0","0"
"POINT (11.566342470000052 48.140524182000036)","Unfall 214601 (2019) Kat:3, Licht: 0","214601","3","2","5","08","14","3","0","0","0","1","0","0"
"POINT (11.503350411000042 48.148781449000069)","Unfall 214654 (2019) Kat:3, Licht: 0","214654","3","6","2","08","16","2","0","0","0","1","0","0"
"POINT (11.558448033000047 48.150234588000046)","Unfall 214656 (2019) Kat:3, Licht: 0","214656","3","2","5","08","18","2","0","0","1","1","0","0"
"POINT (11.575403941000047 48.142384151000044)","Unfall 214657 (2019) Kat:3, Licht: 0","214657","3","5","1","08","18","2","0","0","1","1","0","0"
"POINT (11.606064897000067 48.120918385000039)","Unfall 214658 (2019) Kat:3, Licht: 0","214658","3","2","5","08","08","2","0","0","1","1","0","0"
"POINT (11.587424973000054 48.143383672000027)","Unfall 214659 (2019) Kat:2, Licht: 0","214659","2","3","1","08","18","2","0","0","1","1","0","0"
"POINT (11.574826822000034 48.148548897000069)","Unfall 214662 (2019) Kat:3, Licht: 0","214662","3","7","0","08","14","2","0","0","0","0","0","1"
"POINT (11.577427684000043 48.140397644000075)","Unfall 214663 (2019) Kat:3, Licht: 0","214663","3","1","6","08","18","2","0","0","0","0","1","0"
"POINT (11.564892154000063 48.175460124000040)","Unfall 214665 (2019) Kat:3, Licht: 0","214665","3","6","4","08","08","2","0","0","1","0","0","0"
"POINT (11.575542744000074 48.137115906000076)","Unfall 214666 (2019) Kat:3, Licht: 2","214666","3","7","6","08","21","2","0","2","0","0","1","0"
"POINT (11.578874085000052 48.139318624000055)","Unfall 214667 (2019) Kat:2, Licht: 0","214667","2","4","6","08","15","2","0","0","0","1","1","0"
"POINT (11.581099119000044 48.188869138000030)","Unfall 214668 (2019) Kat:3, Licht: 0","214668","3","7","6","08","09","2","0","0","0","1","1","0"
"POINT (11.561005851000061 48.139288406000048)","Unfall 214669 (2019) Kat:3, Licht: 0","214669","3","6","3","08","11","2","0","0","0","1","0","1"
"POINT (11.611305231000074 48.199804562000054)","Unfall 214670 (2019) Kat:3, Licht: 0","214670","3","2","5","08","07","2","0","0","1","1","0","0"
"POINT (11.505037325000046 48.126128891000064)","Unfall 214672 (2019) Kat:3, Licht: 0","214672","3","6","2","08","19","2","0","0","0","1","0","0"
"POINT (11.421016173000055 48.148688703000062)","Unfall 214673 (2019) Kat:3, Licht: 2","214673","3","3","5","08","20","2","0","2","0","1","0","0"
"POINT (11.658778339000037 48.126621589000081)","Unfall 214676 (2019) Kat:3, Licht: 0","214676","3","6","3","08","16","2","0","0","1","0","0","0"
"POINT (11.601319826000065 48.143169166000064)","Unfall 214677 (2019) Kat:3, Licht: 0","214677","3","7","1","08","16","2","0","0","1","1","0","0"
"POINT (11.548244644000022 48.120144675000063)","Unfall 214678 (2019) Kat:3, Licht: 0","214678","3","2","5","08","16","2","0","0","1","0","0","0"
"POINT (11.531839970000021 48.119155276000072)","Unfall 214679 (2019) Kat:3, Licht: 0","214679","3","3","5","08","07","2","0","0","0","1","0","0"
"POINT (11.587365880000050 48.143303505000063)","Unfall 214726 (2019) Kat:3, Licht: 0","214726","3","4","6","08","16","1","0","0","0","1","1","0"
"POINT (11.598075413000061 48.201600716000030)","Unfall 214727 (2019) Kat:2, Licht: 0","214727","2","2","5","08","09","1","0","0","1","1","0","0"
"POINT (11.526376226000025 48.204013559000032)","Unfall 214729 (2019) Kat:3, Licht: 2","214729","3","7","1","08","00","1","0","2","1","1","0","0"
"POINT (11.566777570000056 48.133100787000046)","Unfall 214730 (2019) Kat:3, Licht: 0","214730","3","3","5","08","18","1","0","0","1","0","0","0"
"POINT (11.579020085000025 48.206721650000077)","Unfall 214732 (2019) Kat:3, Licht: 0","214732","3","7","0","08","15","1","0","0","0","0","0","1"
"POINT (11.547592245000033 48.149650797000049)","Unfall 214735 (2019) Kat:3, Licht: 0","214735","3","7","0","08","10","1","0","0","1","1","0","0"
"POINT (11.488391535000062 48.076371704000053)","Unfall 214736 (2019) Kat:3, Licht: 0","214736","3","1","1","08","13","1","0","0","1","1","0","0"
"POINT (11.507348837000052 48.118159307000042)","Unfall 214737 (2019) Kat:3, Licht: 0","214737","3","7","0","08","12","1","0","0","1","1","0","0"
"POINT (11.533825557000057 48.187723625000046)","Unfall 214802 (2019) Kat:3, Licht: 0","214802","3","3","5","08","19","7","0","0","0","1","0","0"
"POINT (11.500494113000059 48.139679971000078)","Unfall 214803 (2019) Kat:2, Licht: 0","214803","2","1","0","08","17","7","0","0","1","0","0","0"
"POINT (11.484391409000068 48.136878300000035)","Unfall 214804 (2019) Kat:2, Licht: 2","214804","2","7","0","08","01","7","1","2","1","0","0","0"
"POINT (11.669347675000040 48.122341829000050)","Unfall 214805 (2019) Kat:3, Licht: 0","214805","3","3","5","08","13","7","0","0","0","1","0","0"
"POINT (11.546053592000021 48.149953456000048)","Unfall 214806 (2019) Kat:3, Licht: 1","214806","3","6","2","08","19","7","0","1","0","1","0","0"
"POINT (11.589990693000061 48.191365287000053)","Unfall 214807 (2019) Kat:3, Licht: 0","214807","3","1","8","08","20","7","0","0","0","1","0","0"
"POINT (11.555293300000073 48.177898935000030)","Unfall 214808 (2019) Kat:2, Licht: 0","214808","2","1","0","08","10","7","0","0","1","0","0","0"
"POINT (11.578364401000044 48.144266469000058)","Unfall 214810 (2019) Kat:2, Licht: 0","214810","2","1","0","08","19","7","0","0","1","0","0","0"
"POINT (11.553602148000039 48.112289311000040)","Unfall 214811 (2019) Kat:3, Licht: 0","214811","3","2","4","08","12","7","0","0","0","1","0","0"
"POINT (11.556528301000071 48.127873189000070)","Unfall 214861 (2019) Kat:3, Licht: 0","214861","3","4","6","08","16","4","1","0","0","0","1","1"
"POINT (11.483623679000061 48.115424882000070)","Unfall 214863 (2019) Kat:3, Licht: 0","214863","3","3","5","08","13","6","0","0","0","1","0","0"
"POINT (11.580859408000038 48.144794780000041)","Unfall 214874 (2019) Kat:3, Licht: 0","214874","3","6","1","08","13","5","0","0","0","1","0","0"
"POINT (11.575640019000048 48.128791540000066)","Unfall 214877 (2019) Kat:3, Licht: 0","214877","3","7","1","08","11","5","0","0","1","1","0","0"
"POINT (11.519264270000065 48.162948060000076)","Unfall 214884 (2019) Kat:3, Licht: 0","214884","3","6","2","08","19","7","1","0","1","0","0","0"
"POINT (11.469195609000053 48.182366548000061)","Unfall 214886 (2019) Kat:3, Licht: 0","214886","3","3","5","08","15","5","0","0","0","1","0","0"
"POINT (11.610286499000040 48.132349314000066)","Unfall 214897 (2019) Kat:3, Licht: 0","214897","3","6","0","08","10","5","0","0","1","0","0","0"
"POINT (11.618928489000041 48.148708695000039)","Unfall 214910 (2019) Kat:3, Licht: 0","214910","3","2","4","08","16","6","0","0","1","1","0","0"
"POINT (11.539207744000066 48.125019076000058)","Unfall 214911 (2019) Kat:2, Licht: 0","214911","2","7","0","08","08","6","0","0","1","0","0","0"
"POINT (11.599403361000043 48.131053864000080)","Unfall 214915 (2019) Kat:3, Licht: 0","214915","3","5","1","08","18","5","0","0","1","1","0","0"
"POINT (11.499151951000044 48.146838107000065)","Unfall 214920 (2019) Kat:3, Licht: 0","214920","3","2","4","08","08","6","0","0","1","1","0","0"
"POINT (11.520855125000026 48.153389966000077)","Unfall 214932 (2019) Kat:3, Licht: 0","214932","3","4","6","08","14","7","1","0","1","0","1","0"