WKT,Name,OBJECTID,UKATEGORIE,UTYP1,UART,UMONAT,USTUNDE,UWOCHENTAG,STRZUSTAND,ULICHTVERH,ISTRAD,ISTPKW,ISTFUSS,ISTKRAD
"POINT (11.584629697000025 48.138196735000065)","Unfall 217010 (2019) Kat:3, Licht: 0","217010","3","3","5","09","15","7","0","0","0","1","0","0"
"POINT (11.653007793000029 48.104723019000062)","Unfall 217080 (2019) Kat:3, Licht: 0","217080","3","6","3","09","10","6","0","0","1","0","0","0"
"POINT (11.577764706000039 48.142982473000075)","Unfall 217081 (2019) Kat:3, Licht: 0","217081","3","6","2","09","09","6","0","0","0","1","0","1"
"POINT (11.508604983000055 48.078275257000030)","Unfall 217082 (2019) Kat:3, Licht: 0","217082","3","2","4","09","18","6","0","0","1","1","0","0"
"POINT (11.627488132000053 48.127940436000074)","Unfall 217083 (2019) Kat:3, Licht: 0","217083","3","2","3","09","09","6","0","0","1","1","0","0"
"POINT (11.575004102000037 48.157555289000072)","Unfall 217084 (2019) Kat:3, Licht: 0","217084","3","1","0","09","15","6","0","0","0","0","0","1"
"POINT (11.565154977000077 48.136634142000048)","Unfall 217085 (2019) Kat:3, Licht: 2","217085","3","4","6","09","22","6","0","2","0","1","1","1"
"POINT (11.553218231000074 48.112332452000032)","Unfall 217086 (2019) Kat:2, Licht: 0","217086","2","1","8","09","14","6","0","0","1","0","0","0"
"POINT (11.588000902000033 48.137415804000057)","Unfall 217087 (2019) Kat:3, Licht: 0","217087","3","3","5","09","07","6","0","0","1","1","0","0"
"POINT (11.520477718000052 48.146517110000048)","Unfall 217088 (2019) Kat:3, Licht: 0","217088","3","2","5","09","06","6","0","0","1","0","0","0"
"POINT (11.478146492000064 48.118588265000028)","Unfall 217089 (2019) Kat:3, Licht: 0","217089","3","3","5","09","10","6","0","0","1","1","0","0"
"POINT (11.627003696000031 48.139193605000060)","Unfall 217090 (2019) Kat:3, Licht: 0","217090","3","2","4","09","15","6","0","0","1","1","0","0"
"POINT (11.617724785000064 48.153553023000029)","Unfall 217091 (2019) Kat:3, Licht: 0","217091","3","2","3","09","07","6","0","0","0","1","0","0"
"POINT (11.588048466000032 48.131628342000056)","Unfall 217092 (2019) Kat:3, Licht: 0","217092","3","7","4","09","15","6","0","0","1","0","1","0"
"POINT (11.574987241000031 48.135263325000039)","Unfall 217093 (2019) Kat:3, Licht: 0","217093","3","7","0","09","11","6","0","0","0","0","1","0"
"POINT (11.566769005000026 48.132208176000063)","Unfall 217154 (2019) Kat:3, Licht: 0","217154","3","6","1","09","20","5","0","0","1","1","0","0"
"POINT (11.545453964000046 48.120970860000057)","Unfall 217155 (2019) Kat:3, Licht: 0","217155","3","7","0","09","19","5","0","0","1","0","0","0"
"POINT (11.588108107000039 48.131213848000073)","Unfall 217156 (2019) Kat:3, Licht: 0","217156","3","6","2","09","18","5","0","0","0","1","0","0"
"POINT (11.529921757000068 48.159670151000057)","Unfall 217157 (2019) Kat:3, Licht: 0","217157","3","2","5","09","14","5","0","0","1","1","0","0"
"POINT (11.597950784000034 48.135734764000063)","Unfall 217158 (2019) Kat:3, Licht: 0","217158","3","6","2","09","16","5","0","0","1","0","0","1"
"POINT (11.592153233000033 48.176898914000049)","Unfall 217159 (2019) Kat:3, Licht: 0","217159","3","4","6","09","08","5","0","0","1","0","1","0"
"POINT (11.621300511000072 48.144183145000056)","Unfall 217160 (2019) Kat:3, Licht: 0","217160","3","6","4","09","07","5","0","0","1","1","0","0"
"POINT (11.470942811000043 48.117652151000073)","Unfall 217161 (2019) Kat:3, Licht: 0","217161","3","6","4","09","08","5","0","0","1","1","0","0"
"POINT (11.477663091000068 48.131298129000072)","Unfall 217162 (2019) Kat:3, Licht: 1","217162","3","7","0","09","18","5","0","1","1","0","1","0"
"POINT (11.495442365000031 48.118179233000035)","Unfall 217164 (2019) Kat:3, Licht: 0","217164","3","2","0","09","14","5","0","0","1","0","0","0"
"POINT (11.479342693000035 48.088423211000077)","Unfall 217166 (2019) Kat:3, Licht: 0","217166","3","2","5","09","12","5","0","0","1","0","0","0"
"POINT (11.480347413000061 48.089964524000038)","Unfall 217167 (2019) Kat:3, Licht: 0","217167","3","7","6","09","17","5","0","0","1","0","1","0"
"POINT (11.608419428000047 48.131372634000058)","Unfall 217169 (2019) Kat:3, Licht: 0","217169","3","5","3","09","08","5","0","0","1","1","0","0"
"POINT (11.559755932000030 48.141411415000050)","Unfall 217170 (2019) Kat:3, Licht: 0","217170","3","4","6","09","19","5","0","0","0","1","1","0"
"POINT (11.567335937000053 48.130813117000059)","Unfall 217171 (2019) Kat:3, Licht: 2","217171","3","2","6","09","21","5","0","2","0","1","1","0"
"POINT (11.579560549000064 48.133962826000072)","Unfall 217172 (2019) Kat:3, Licht: 0","217172","3","3","5","09","10","5","0","0","1","1","0","0"
"POINT (11.611397307000061 48.199494850000065)","Unfall 217261 (2019) Kat:2, Licht: 0","217261","2","2","5","09","18","4","0","0","0","1","0","1"
"POINT (11.559502999000074 48.142817701000070)","Unfall 217262 (2019) Kat:3, Licht: 0","217262","3","6","3","09","17","4","0","0","1","1","0","0"
"POINT (11.562227920000055 48.212776863000045)","Unfall 217263 (2019) Kat:3, Licht: 0","217263","3","6","3","09","12","4","0","0","0","1","0","0"
"POINT (11.598277799000073 48.127141513000026)","Unfall 217264 (2019) Kat:3, Licht: 0","217264","3","3","5","09","16","4","0","0","1","1","0","0"
"POINT (11.598269670000036 48.202390180000066)","Unfall 217265 (2019) Kat:3, Licht: 0","217265","3","2","5","09","07","4","0","0","1","1","0","0"
"POINT (11.465841506000061 48.147890983000082)","Unfall 217266 (2019) Kat:3, Licht: 0","217266","3","7","0","09","15","4","0","0","1","0","0","0"
"POINT (11.547008482000024 48.142784106000079)","Unfall 217269 (2019) Kat:3, Licht: 0","217269","3","2","6","09","08","4","0","0","1","0","1","0"
"POINT (11.631717848000051 48.130541856000036)","Unfall 217271 (2019) Kat:2, Licht: 0","217271","2","2","5","09","15","4","0","0","1","0","0","0"
"POINT (11.579352026000038 48.168231176000063)","Unfall 217272 (2019) Kat:3, Licht: 0","217272","3","7","1","09","14","4","0","0","1","1","0","0"
"POINT (11.575152639000066 48.148032822000062)","Unfall 217273 (2019) Kat:3, Licht: 0","217273","3","7","0","09","10","4","0","0","1","0","1","0"
"POINT (11.596047713000075 48.187745970000037)","Unfall 217274 (2019) Kat:3, Licht: 0","217274","3","3","1","09","16","4","0","0","1","1","0","0"
"POINT (11.398809428000050 48.179679108000073)","Unfall 217275 (2019) Kat:3, Licht: 0","217275","3","2","6","09","17","4","0","0","0","1","1","0"
"POINT (11.528956060000041 48.177657231000069)","Unfall 217276 (2019) Kat:3, Licht: 0","217276","3","3","5","09","07","4","0","0","1","1","0","0"
"POINT (11.526418271000068 48.159300528000074)","Unfall 217278 (2019) Kat:3, Licht: 0","217278","3","6","2","09","07","4","0","0","1","1","0","0"
"POINT (11.488112806000061 48.118533995000064)","Unfall 217279 (2019) Kat:3, Licht: 0","217279","3","3","5","09","07","4","0","0","1","1","0","0"
"POINT (11.658565516000067 48.100713209000048)","Unfall 217280 (2019) Kat:3, Licht: 0","217280","3","6","2","09","12","4","0","0","0","1","0","0"
"POINT (11.643170572000031 48.109008128000028)","Unfall 217281 (2019) Kat:3, Licht: 0","217281","3","3","5","09","12","4","0","0","1","1","0","0"
"POINT (11.547556991000022 48.119346237000059)","Unfall 217282 (2019) Kat:3, Licht: 0","217282","3","7","0","09","18","4","0","0","1","0","0","0"
"POINT (11.577796394000075 48.170048436000059)","Unfall 217283 (2019) Kat:3, Licht: 0","217283","3","7","1","09","17","4","0","0","0","1","0","1"
"POINT (11.563742585000057 48.160889471000075)","Unfall 217284 (2019) Kat:3, Licht: 0","217284","3","4","6","09","15","4","0","0","1","0","1","0"
"POINT (11.596595850000028 48.150022710000030)","Unfall 217338 (2019) Kat:3, Licht: 0","217338","3","4","6","09","07","3","0","0","1","0","1","0"
"POINT (11.547623616000067 48.126856030000056)","Unfall 217339 (2019) Kat:3, Licht: 0","217339","3","6","1","09","13","3","0","0","0","1","0","0"
"POINT (11.636468477000051 48.172085321000054)","Unfall 217340 (2019) Kat:3, Licht: 0","217340","3","7","4","09","13","3","0","0","0","1","0","0"
"POINT (11.586919371000022 48.138074985000060)","Unfall 217341 (2019) Kat:2, Licht: 0","217341","2","3","5","09","09","3","0","0","1","0","0","1"
"POINT (11.585327755000037 48.159263439000028)","Unfall 217342 (2019) Kat:3, Licht: 0","217342","3","2","5","09","08","3","0","0","0","1","0","1"
"POINT (11.539109087000043 48.151333135000073)","Unfall 217344 (2019) Kat:3, Licht: 0","217344","3","7","3","09","07","3","1","0","0","1","0","1"
"POINT (11.558637066000074 48.137367279000046)","Unfall 217345 (2019) Kat:3, Licht: 0","217345","3","2","4","09","14","3","0","0","0","0","0","1"
"POINT (11.563375578000034 48.094226520000063)","Unfall 217346 (2019) Kat:3, Licht: 1","217346","3","3","0","09","19","3","0","1","1","1","0","0"
"POINT (11.589152973000068 48.137319083000079)","Unfall 217347 (2019) Kat:3, Licht: 0","217347","3","2","5","09","11","3","0","0","1","1","0","0"
"POINT (11.547371932000033 48.159906191000061)","Unfall 217348 (2019) Kat:3, Licht: 0","217348","3","2","5","09","18","3","0","0","0","1","0","0"
"POINT (11.506890190000036 48.139712280000026)","Unfall 217349 (2019) Kat:3, Licht: 0","217349","3","4","5","09","13","3","0","0","0","0","1","0"
"POINT (11.507466529000055 48.116470883000034)","Unfall 217352 (2019) Kat:3, Licht: 0","217352","3","7","0","09","07","3","1","0","1","0","0","0"
"POINT (11.584958087000075 48.139362002000041)","Unfall 217353 (2019) Kat:3, Licht: 0","217353","3","2","4","09","16","3","0","0","1","1","0","0"
"POINT (11.605446113000028 48.129500615000040)","Unfall 217416 (2019) Kat:3, Licht: 0","217416","3","3","5","09","16","2","0","0","0","0","0","1"
"POINT (11.587679158000071 48.106623385000034)","Unfall 217417 (2019) Kat:3, Licht: 0","217417","3","4","6","09","07","2","0","0","0","1","1","0"
"POINT (11.563730945000032 48.138259184000049)","Unfall 217418 (2019) Kat:3, Licht: 0","217418","3","7","0","09","16","2","0","0","0","1","0","1"
"POINT (11.506942260000073 48.098784904000070)","Unfall 217419 (2019) Kat:3, Licht: 2","217419","3","3","5","09","22","2","0","2","0","1","0","0"
"POINT (11.578658082000061 48.106797714000038)","Unfall 217420 (2019) Kat:3, Licht: 0","217420","3","3","5","09","17","2","0","0","1","1","0","0"
"POINT (11.564026358000035 48.146155140000076)","Unfall 217421 (2019) Kat:3, Licht: 2","217421","3","7","7","09","19","2","0","2","1","0","0","0"
"POINT (11.585845947000053 48.171142596000038)","Unfall 217422 (2019) Kat:3, Licht: 0","217422","3","6","2","09","11","2","0","0","0","1","0","0"
"POINT (11.409691311000074 48.174953818000063)","Unfall 217424 (2019) Kat:3, Licht: 0","217424","3","6","4","09","06","2","0","0","1","1","0","0"
"POINT (11.564002248000065 48.204687750000062)","Unfall 217425 (2019) Kat:3, Licht: 0","217425","3","2","5","09","08","2","0","0","1","1","0","0"
"POINT (11.654556682000077 48.128131990000043)","Unfall 217426 (2019) Kat:2, Licht: 2","217426","2","7","0","09","21","2","0","2","0","1","0","1"
"POINT (11.549443920000044 48.208546032000072)","Unfall 217427 (2019) Kat:3, Licht: 2","217427","3","6","2","09","05","2","0","2","0","1","0","1"
"POINT (11.529367858000057 48.100711071000035)","Unfall 217428 (2019) Kat:3, Licht: 0","217428","3","3","5","09","18","2","0","0","1","1","0","0"
"POINT (11.574208094000028 48.118046482000068)","Unfall 217430 (2019) Kat:3, Licht: 0","217430","3","6","6","09","13","2","0","0","1","0","1","0"
"POINT (11.572225544000048 48.120756173000075)","Unfall 217431 (2019) Kat:3, Licht: 2","217431","3","6","1","09","21","2","0","2","1","1","0","0"
"POINT (11.636468091000040 48.140517439000064)","Unfall 217432 (2019) Kat:3, Licht: 0","217432","3","3","5","09","06","2","0","0","1","1","0","0"
"POINT (11.507170245000054 48.119718712000065)","Unfall 217433 (2019) Kat:3, Licht: 0","217433","3","6","4","09","07","2","0","0","1","0","0","0"
"POINT (11.562171653000064 48.137404910000043)","Unfall 217434 (2019) Kat:3, Licht: 0","217434","3","7","0","09","16","2","0","0","0","1","0","0"
"POINT (11.541034181000043 48.139672743000062)","Unfall 217435 (2019) Kat:3, Licht: 1","217435","3","5","1","09","18","2","0","1","1","1","0","0"
"POINT (11.586235005000049 48.165139587000056)","Unfall 217436 (2019) Kat:3, Licht: 0","217436","3","3","5","09","10","2","0","0","1","1","0","0"
"POINT (11.565116552000063 48.140910912000038)","Unfall 217437 (2019) Kat:3, Licht: 0","217437","3","6","2","09","14","2","0","0","1","1","0","0"
"POINT (11.577365212000075 48.154907670000057)","Unfall 217473 (2019) Kat:3, Licht: 2","217473","3","1","0","09","02","1","0","2","1","0","0","0"
"POINT (11.555794368000022 48.130099480000069)","Unfall 217474 (2019) Kat:2, Licht: 2","217474","2","4","6","09","19","1","0","2","0","1","1","0"
"POINT (11.548607825000033 48.142453517000035)","Unfall 217475 (2019) Kat:2, Licht: 2","217475","2","4","0","09","01","1","0","2","0","1","1","0"
"POINT (11.560024519000024 48.137405460000082)","Unfall 217476 (2019) Kat:3, Licht: 0","217476","3","7","6","09","18","1","0","0","0","0","1","0"
"POINT (11.665256575000058 48.140389848000041)","Unfall 217479 (2019) Kat:3, Licht: 0","217479","3","6","4","09","16","1","0","0","0","1","0","0"
"POINT (11.537024631000065 48.109097849000079)","Unfall 217480 (2019) Kat:3, Licht: 0","217480","3","5","1","09","17","1","0","0","1","1","0","0"
"POINT (11.531585746000076 48.163486642000066)","Unfall 217529 (2019) Kat:3, Licht: 2","217529","3","7","0","09","21","7","0","2","1","0","0","0"
"POINT (11.548451317000058 48.114667058000066)","Unfall 217530 (2019) Kat:3, Licht: 0","217530","3","3","5","09","11","7","0","0","1","1","0","0"
"POINT (11.592199096000058 48.142398174000050)","Unfall 217531 (2019) Kat:3, Licht: 0","217531","3","3","5","09","08","7","0","0","0","1","0","0"
"POINT (11.557184688000063 48.143602979000036)","Unfall 217532 (2019) Kat:3, Licht: 2","217532","3","2","6","09","23","7","0","2","0","1","1","0"
"POINT (11.599062492000030 48.121143301000075)","Unfall 217533 (2019) Kat:3, Licht: 0","217533","3","6","2","09","14","7","0","0","0","1","0","0"
"POINT (11.595398656000043 48.150715027000047)","Unfall 217534 (2019) Kat:2, Licht: 0","217534","2","2","5","09","12","7","0","0","1","1","0","0"
"POINT (11.567800851000072 48.131685205000053)","Unfall 217536 (2019) Kat:3, Licht: 0","217536","3","7","0","09","17","7","0","0","1","0","0","0"
"POINT (11.593589908000069 48.187795564000055)","Unfall 217537 (2019) Kat:2, Licht: 0","217537","2","6","2","09","10","7","0","0","1","0","0","0"
"POINT (11.465864420000059 48.146178316000032)","Unfall 217538 (2019) Kat:3, Licht: 0","217538","3","4","6","09","18","7","0","0","0","1","1","0"
"POINT (11.480422777000058 48.090092723000055)","Unfall 217539 (2019) Kat:2, Licht: 0","217539","2","2","5","09","18","7","0","0","1","1","0","0"
"POINT (11.572654171000067 48.132919424000079)","Unfall 217540 (2019) Kat:3, Licht: 0","217540","3","6","2","09","12","7","0","0","0","1","0","1"
"POINT (11.558052428000053 48.145563661000040)","Unfall 217588 (2019) Kat:3, Licht: 0","217588","3","6","1","09","15","6","0","0","0","1","0","0"
"POINT (11.545595607000052 48.137885458000028)","Unfall 217589 (2019) Kat:3, Licht: 0","217589","3","3","5","09","16","6","0","0","1","1","0","0"
"POINT (11.535592598000051 48.153479464000043)","Unfall 217590 (2019) Kat:3, Licht: 2","217590","3","3","5","09","22","6","0","2","0","1","0","0"
"POINT (11.605435097000054 48.104042818000039)","Unfall 217591 (2019) Kat:3, Licht: 0","217591","3","6","3","09","16","6","0","0","0","1","0","0"
"POINT (11.556367320000049 48.142377296000063)","Unfall 217592 (2019) Kat:3, Licht: 2","217592","3","6","2","09","19","6","0","2","0","1","0","0"
"POINT (11.565536560000055 48.140776339000070)","Unfall 217593 (2019) Kat:3, Licht: 0","217593","3","6","2","09","13","6","0","0","0","1","0","0"
"POINT (11.614834891000044 48.129641505000052)","Unfall 217594 (2019) Kat:3, Licht: 0","217594","3","4","6","09","14","6","0","0","1","0","1","0"
"POINT (11.525215589000027 48.148800315000074)","Unfall 217595 (2019) Kat:2, Licht: 0","217595","2","7","0","09","16","6","0","0","1","0","0","0"
"POINT (11.537366174000056 48.150463771000034)","Unfall 217596 (2019) Kat:3, Licht: 0","217596","3","2","4","09","06","6","0","0","0","1","0","0"
"POINT (11.582969429000059 48.133874151000043)","Unfall 217597 (2019) Kat:2, Licht: 0","217597","2","3","5","09","17","6","0","0","0","1","0","0"
"POINT (11.552929324000047 48.161485023000068)","Unfall 217598 (2019) Kat:3, Licht: 2","217598","3","2","4","09","22","6","0","2","0","1","0","0"
"POINT (11.503074459000061 48.141277668000043)","Unfall 217599 (2019) Kat:3, Licht: 0","217599","3","5","1","09","07","6","0","0","0","1","0","0"
"POINT (11.520142760000056 48.150083109000036)","Unfall 217600 (2019) Kat:2, Licht: 0","217600","2","6","3","09","18","6","0","0","0","1","0","1"
"POINT (11.574228800000071 48.187599528000078)","Unfall 217602 (2019) Kat:3, Licht: 0","217602","3","6","3","09","18","6","0","0","0","1","0","0"
"POINT (11.511667069000055 48.180955416000074)","Unfall 217604 (2019) Kat:3, Licht: 0","217604","3","4","6","09","13","6","0","0","0","0","1","0"
"POINT (11.551187974000072 48.193789538000033)","Unfall 217605 (2019) Kat:3, Licht: 1","217605","3","3","5","09","18","6","0","1","0","1","0","1"
"POINT (11.522436444000050 48.149734367000065)","Unfall 217606 (2019) Kat:3, Licht: 1","217606","3","5","1","09","20","6","0","1","0","1","0","0"
"POINT (11.503250482000055 48.143956650000064)","Unfall 217607 (2019) Kat:3, Licht: 0","217607","3","6","4","09","13","6","0","0","1","0","0","0"
"POINT (11.508056561000046 48.097850950000065)","Unfall 217609 (2019) Kat:3, Licht: 0","217609","3","6","1","09","16","6","0","0","0","1","0","0"
"POINT (11.528450795000026 48.098085648000051)","Unfall 217610 (2019) Kat:3, Licht: 0","217610","3","3","5","09","08","6","0","0","1","1","0","0"
"POINT (11.551013166000075 48.125775146000080)","Unfall 217611 (2019) Kat:3, Licht: 0","217611","3","3","5","09","12","6","0","0","1","1","0","0"
"POINT (11.548831865000068 48.115754304000063)","Unfall 217612 (2019) Kat:3, Licht: 0","217612","3","7","0","09","07","6","0","0","1","1","0","0"
"POINT (11.540470054000025 48.136651931000074)","Unfall 217613 (2019) Kat:3, Licht: 1","217613","3","4","6","09","18","6","0","1","1","0","1","0"
"POINT (11.546295863000068 48.144068325000035)","Unfall 217614 (2019) Kat:3, Licht: 2","217614","3","5","0","09","21","6","0","2","0","1","0","0"
"POINT (11.594649648000029 48.170805695000070)","Unfall 217615 (2019) Kat:3, Licht: 0","217615","3","3","5","09","17","6","0","0","1","1","0","0"
"POINT (11.595411136000052 48.150751151000065)","Unfall 217616 (2019) Kat:2, Licht: 0","217616","2","2","4","09","14","6","0","0","1","1","0","0"
"POINT (11.646369094000022 48.109027210000079)","Unfall 217674 (2019) Kat:3, Licht: 0","217674","3","2","5","09","17","5","0","0","1","1","0","0"
"POINT (11.549105674000032 48.136053145000062)","Unfall 217675 (2019) Kat:3, Licht: 2","217675","3","3","4","09","20","5","0","2","1","1","0","0"
"POINT (11.636471733000064 48.103619420000030)","Unfall 217676 (2019) Kat:2, Licht: 0","217676","2","4","6","09","16","5","0","0","0","1","1","0"
"POINT (11.470395299000074 48.177115200000060)","Unfall 217677 (2019) Kat:2, Licht: 0","217677","2","7","1","09","14","5","0","0","0","0","0","1"
"POINT (11.527400057000023 48.164861707000057)","Unfall 217679 (2019) Kat:3, Licht: 0","217679","3","4","0","09","18","5","0","0","1","0","1","0"
"POINT (11.533488894000072 48.077795085000048)","Unfall 217680 (2019) Kat:3, Licht: 1","217680","3","6","2","09","18","5","0","1","1","1","0","0"
"POINT (11.555979427000068 48.128396504000079)","Unfall 217682 (2019) Kat:3, Licht: 2","217682","3","2","5","09","22","5","0","2","0","1","0","1"
"POINT (11.558391917000051 48.132816524000077)","Unfall 217683 (2019) Kat:3, Licht: 0","217683","3","2","3","09","16","5","0","0","1","1","0","0"
"POINT (11.594050911000068 48.141932194000049)","Unfall 217684 (2019) Kat:3, Licht: 0","217684","3","6","3","09","07","5","0","0","1","0","0","0"
"POINT (11.571617613000058 48.135183077000079)","Unfall 217685 (2019) Kat:3, Licht: 0","217685","3","7","0","09","13","5","0","0","0","0","0","1"
"POINT (11.585823044000051 48.173664476000056)","Unfall 217730 (2019) Kat:3, Licht: 0","217730","3","1","0","09","13","5","0","0","1","0","0","0"
"POINT (11.549255449000043 48.124781878000078)","Unfall 217731 (2019) Kat:3, Licht: 2","217731","3","7","0","09","23","5","0","2","0","0","0","0"
"POINT (11.535475096000027 48.135987524000029)","Unfall 217732 (2019) Kat:3, Licht: 0","217732","3","1","4","09","11","5","0","0","1","0","0","0"
"POINT (11.530607652000072 48.157791421000070)","Unfall 217733 (2019) Kat:2, Licht: 0","217733","2","2","3","09","15","5","1","0","0","1","0","1"
"POINT (11.487923316000035 48.118546370000047)","Unfall 217734 (2019) Kat:3, Licht: 0","217734","3","7","0","09","17","5","0","0","1","1","0","0"
"POINT (11.569233753000049 48.121765698000047)","Unfall 217735 (2019) Kat:3, Licht: 0","217735","3","6","2","09","14","5","1","0","0","1","0","1"
"POINT (11.537441827000066 48.136763250000058)","Unfall 217736 (2019) Kat:2, Licht: 0","217736","2","4","6","09","11","5","0","0","1","0","1","0"
"POINT (11.577828154000031 48.136281602000054)","Unfall 217737 (2019) Kat:2, Licht: 0","217737","2","5","1","09","14","5","0","0","1","1","0","0"
"POINT (11.535416894000036 48.123564836000071)","Unfall 217739 (2019) Kat:3, Licht: 2","217739","3","7","0","09","05","5","0","2","1","0","0","0"
"POINT (11.563945449000073 48.137404923000076)","Unfall 217740 (2019) Kat:3, Licht: 1","217740","3","7","4","09","18","5","0","1","0","1","0","0"
"POINT (11.646619035000072 48.156820423000056)","Unfall 217741 (2019) Kat:2, Licht: 0","217741","2","1","2","09","12","5","0","0","1","1","0","0"
"POINT (11.572649805000026 48.150066580000043)","Unfall 217742 (2019) Kat:1, Licht: 0","217742","1","4","6","09","11","5","0","0","0","0","1","0"
"POINT (11.529232912000055 48.162085321000063)","Unfall 217743 (2019) Kat:2, Licht: 0","217743","2","4","6","09","09","5","0","0","0","0","1","0"
"POINT (11.550420069000040 48.161005893000038)","Unfall 217744 (2019) Kat:3, Licht: 0","217744","3","2","5","09","09","5","0","0","1","0","0","0"
"POINT (11.594493654000075 48.141870274000041)","Unfall 217745 (2019) Kat:3, Licht: 0","217745","3","6","2","09","18","5","0","0","0","1","0","0"
"POINT (11.558626316000073 48.139031801000044)","Unfall 217746 (2019) Kat:3, Licht: 0","217746","3","4","6","09","17","5","0","0","0","1","1","0"
"POINT (11.544682612000031 48.127287268000032)","Unfall 217747 (2019) Kat:3, Licht: 2","217747","3","7","3","09","01","5","1","2","0","1","0","1"
"POINT (11.572890187000041 48.181768529000067)","Unfall 217748 (2019) Kat:3, Licht: 0","217748","3","7","6","09","07","5","0","0","1","0","1","0"
"POINT (11.530527798000037 48.152446903000055)","Unfall 217749 (2019) Kat:3, Licht: 0","217749","3","3","5","09","17","5","0","0","1","1","0","0"
"POINT (11.646197624000024 48.156530680000060)","Unfall 217750 (2019) Kat:3, Licht: 0","217750","3","1","0","09","07","5","0","0","1","0","0","0"
"POINT (11.598112740000033 48.124482742000055)","Unfall 217751 (2019) Kat:3, Licht: 0","217751","3","1","0","09","17","5","1","0","0","0","0","1"
"POINT (11.549374764000049 48.125250189000042)","Unfall 217752 (2019) Kat:3, Licht: 2","217752","3","1","1","09","01","5","0","2","1","1","0","0"
"POINT (11.583378864000053 48.154975118000038)","Unfall 217753 (2019) Kat:3, Licht: 0","217753","3","6","3","09","14","5","1","0","1","0","0","0"
"POINT (11.512430083000027 48.154143549000025)","Unfall 217797 (2019) Kat:3, Licht: 0","217797","3","4","6","09","16","4","0","0","1","0","1","0"
"POINT (11.580033348000029 48.139123915000027)","Unfall 217798 (2019) Kat:3, Licht: 0","217798","3","4","6","09","08","4","0","0","1","0","1","0"
"POINT (11.642408118000048 48.121655905000068)","Unfall 217799 (2019) Kat:3, Licht: 0","217799","3","3","5","09","15","4","0","0","1","1","0","0"
"POINT (11.546408098000029 48.135729989000026)","Unfall 217800 (2019) Kat:3, Licht: 2","217800","3","7","6","09","02","4","1","2","0","1","1","0"
"POINT (11.521512908000034 48.218079050000028)","Unfall 217801 (2019) Kat:3, Licht: 2","217801","3","3","5","09","20","4","1","2","1","1","0","0"
"POINT (11.556485723000037 48.168394378000073)","Unfall 217802 (2019) Kat:3, Licht: 2","217802","3","6","3","09","19","4","0","2","0","0","0","1"
"POINT (11.502517069000021 48.117264873000067)","Unfall 217803 (2019) Kat:3, Licht: 0","217803","3","2","5","09","10","4","0","0","0","1","0","0"
"POINT (11.574296853000021 48.113685304000057)","Unfall 217804 (2019) Kat:2, Licht: 0","217804","2","4","0","09","10","4","0","0","1","0","1","0"
"POINT (11.619438515000070 48.167838470000049)","Unfall 217805 (2019) Kat:3, Licht: 2","217805","3","3","5","09","06","4","1","2","1","1","0","0"
"POINT (11.609564416000069 48.135500644000047)","Unfall 217806 (2019) Kat:3, Licht: 0","217806","3","4","0","09","09","4","0","0","0","0","1","0"
"POINT (11.555800611000052 48.133346706000054)","Unfall 217807 (2019) Kat:3, Licht: 0","217807","3","2","5","09","09","4","0","0","0","1","0","1"
"POINT (11.578874085000052 48.139318624000055)","Unfall 217808 (2019) Kat:3, Licht: 0","217808","3","4","6","09","10","4","0","0","0","1","1","0"
"POINT (11.580360033000034 48.134597798000073)","Unfall 217809 (2019) Kat:3, Licht: 0","217809","3","6","1","09","13","4","0","0","0","1","0","0"
"POINT (11.481327026000031 48.178049664000071)","Unfall 217858 (2019) Kat:3, Licht: 0","217858","3","3","6","09","17","3","1","0","0","1","1","0"
"POINT (11.614838196000051 48.197330078000050)","Unfall 217859 (2019) Kat:3, Licht: 0","217859","3","4","6","09","17","3","0","0","0","1","1","0"
"POINT (11.542722430000026 48.215107911000075)","Unfall 217860 (2019) Kat:3, Licht: 0","217860","3","4","6","09","09","3","0","0","0","1","1","0"
"POINT (11.578722972000037 48.211119291000045)","Unfall 217861 (2019) Kat:3, Licht: 0","217861","3","1","1","09","06","3","0","0","0","1","0","0"
"POINT (11.512754076000022 48.180379347000041)","Unfall 217862 (2019) Kat:3, Licht: 0","217862","3","6","2","09","11","3","0","0","0","1","0","0"
"POINT (11.524029750000068 48.149127421000060)","Unfall 217863 (2019) Kat:2, Licht: 0","217863","2","4","6","09","10","3","0","0","0","1","1","0"
"POINT (11.490043174000050 48.179512922000072)","Unfall 217864 (2019) Kat:3, Licht: 0","217864","3","6","1","09","10","3","0","0","0","1","0","0"
"POINT (11.560655666000059 48.157503062000046)","Unfall 217865 (2019) Kat:3, Licht: 0","217865","3","3","5","09","08","3","0","0","0","1","0","0"
"POINT (11.586139187000072 48.167213301000061)","Unfall 217866 (2019) Kat:3, Licht: 0","217866","3","2","2","09","17","3","0","0","1","0","0","0"
"POINT (11.577680467000050 48.142772113000035)","Unfall 217867 (2019) Kat:3, Licht: 0","217867","3","5","1","09","14","3","0","0","1","1","0","0"
"POINT (11.612018163000073 48.146134671000027)","Unfall 217922 (2019) Kat:3, Licht: 0","217922","3","3","5","09","12","2","1","0","0","1","0","0"
"POINT (11.536466532000077 48.155950589000042)","Unfall 217923 (2019) Kat:3, Licht: 0","217923","3","4","6","09","15","2","1","0","0","1","1","0"
"POINT (11.578761892000045 48.133378806000053)","Unfall 217924 (2019) Kat:3, Licht: 2","217924","3","3","5","09","21","2","1","2","1","1","0","0"