WKT,Name,OBJECTID,UKATEGORIE,UTYP1,UART,UMONAT,USTUNDE,UWOCHENTAG,STRZUSTAND,ULICHTVERH,ISTRAD,ISTPKW,ISTFUSS,ISTKRAD
"POINT (11.561825072000033 48.161163007000027)","Unfall 218706 (2019) Kat:3, Licht: 2","218706","3","2","2","10","19","2","0","2","0","1","0","0"
"POINT (11.530117145000077 48.159460566000064)","Unfall 218707 (2019) Kat:3, Licht: 0","218707","3","5","1","10","09","2","1","0","0","1","0","1"
"POINT (11.475683572000037 48.125636251000060)","Unfall 218708 (2019) Kat:3, Licht: 0","218708","3","7","6","10","12","2","1","0","0","0","1","0"
"POINT (11.479575469000054 48.088711597000042)","Unfall 218709 (2019) Kat:3, Licht: 2","218709","3","2","6","10","05","2","1","2","0","1","1","0"
"POINT (11.545877235000034 48.103786055000057)","Unfall 218710 (2019) Kat:3, Licht: 0","218710","3","6","2","10","11","2","1","0","0","1","0","0"
"POINT (11.575196363000032 48.108496319000039)","Unfall 218711 (2019) Kat:3, Licht: 0","218711","3","3","5","10","08","2","1","0","1","1","0","0"
"POINT (11.581697669000050 48.104116065000028)","Unfall 218712 (2019) Kat:3, Licht: 0","218712","3","6","4","10","09","2","1","0","0","1","0","1"
"POINT (11.638033532000065 48.146269074000031)","Unfall 218713 (2019) Kat:3, Licht: 0","218713","3","2","0","10","10","2","0","0","0","1","0","0"
"POINT (11.558329884000045 48.141651049000075)","Unfall 218714 (2019) Kat:3, Licht: 0","218714","3","6","6","10","08","2","1","0","0","1","1","0"
"POINT (11.571342552000033 48.163721926000051)","Unfall 218715 (2019) Kat:3, Licht: 2","218715","3","7","6","10","02","2","1","2","0","1","1","0"
"POINT (11.588001184000063 48.137416429000041)","Unfall 218716 (2019) Kat:3, Licht: 0","218716","3","2","3","10","09","2","0","0","1","1","0","0"
"POINT (11.579979250000065 48.152660898000079)","Unfall 218757 (2019) Kat:3, Licht: 0","218757","3","3","0","10","14","1","0","0","1","0","0","0"
"POINT (11.524018974000057 48.084243036000032)","Unfall 218758 (2019) Kat:3, Licht: 0","218758","3","3","5","10","17","1","1","0","0","1","0","0"
"POINT (11.596374485000069 48.132320431000039)","Unfall 218759 (2019) Kat:3, Licht: 0","218759","3","6","5","10","14","1","0","0","0","1","0","0"
"POINT (11.545942366000077 48.131909683000060)","Unfall 218760 (2019) Kat:3, Licht: 2","218760","3","1","8","10","01","1","0","2","0","0","0","0"
"POINT (11.569731799000067 48.144521936000046)","Unfall 218761 (2019) Kat:3, Licht: 0","218761","3","6","3","10","15","1","1","0","1","1","0","0"
"POINT (11.577373870000031 48.134463218000064)","Unfall 218762 (2019) Kat:3, Licht: 2","218762","3","4","6","10","21","1","1","2","0","1","1","0"
"POINT (11.520271875000049 48.151038364000044)","Unfall 218763 (2019) Kat:3, Licht: 2","218763","3","3","5","10","19","1","1","2","1","1","0","0"
"POINT (11.555898985000056 48.137429709000060)","Unfall 218764 (2019) Kat:3, Licht: 2","218764","3","3","5","10","23","1","1","2","0","1","0","0"
"POINT (11.528770572000042 48.213467816000048)","Unfall 218798 (2019) Kat:3, Licht: 2","218798","3","3","5","10","06","2","0","2","0","1","0","0"
"POINT (11.542914349000057 48.157088683000040)","Unfall 218799 (2019) Kat:3, Licht: 0","218799","3","3","3","10","08","2","0","0","1","0","0","0"
"POINT (11.551661942000067 48.138977354000076)","Unfall 218800 (2019) Kat:3, Licht: 0","218800","3","2","3","10","11","2","0","0","1","1","0","0"
"POINT (11.639999758000044 48.146253727000044)","Unfall 218801 (2019) Kat:3, Licht: 0","218801","3","2","6","10","10","2","0","0","0","1","1","0"
"POINT (11.479253389000064 48.158125227000028)","Unfall 218803 (2019) Kat:3, Licht: 0","218803","3","4","6","10","17","2","0","0","0","1","1","0"
"POINT (11.578678512000067 48.146120321000069)","Unfall 218804 (2019) Kat:3, Licht: 0","218804","3","6","3","10","08","2","0","0","1","0","0","0"
"POINT (11.584506461000046 48.162147207000032)","Unfall 218805 (2019) Kat:3, Licht: 0","218805","3","6","2","10","17","2","0","0","1","1","0","0"
"POINT (11.634698944000036 48.140243800000064)","Unfall 218806 (2019) Kat:3, Licht: 2","218806","3","5","2","10","22","2","0","2","0","1","0","0"
"POINT (11.609921981000070 48.199907965000079)","Unfall 218808 (2019) Kat:3, Licht: 0","218808","3","6","2","10","07","2","1","0","0","1","0","0"
"POINT (11.642916501000059 48.131595140000059)","Unfall 218809 (2019) Kat:3, Licht: 0","218809","3","3","5","10","15","2","0","0","1","1","0","0"
"POINT (11.575070796000034 48.157639260000053)","Unfall 218810 (2019) Kat:3, Licht: 0","218810","3","2","5","10","07","2","0","0","1","1","0","0"
"POINT (11.585057845000051 48.176904916000069)","Unfall 218811 (2019) Kat:3, Licht: 0","218811","3","6","3","10","17","2","0","0","1","0","0","0"
"POINT (11.646339681000029 48.107955103000052)","Unfall 218874 (2019) Kat:3, Licht: 0","218874","3","6","2","10","14","1","0","0","0","1","0","0"
"POINT (11.550726600000075 48.176250541000059)","Unfall 218875 (2019) Kat:3, Licht: 2","218875","3","6","3","10","21","1","0","2","0","1","0","0"
"POINT (11.491211115000056 48.136309366000035)","Unfall 218876 (2019) Kat:3, Licht: 2","218876","3","3","5","10","20","1","0","2","0","1","0","0"
"POINT (11.516712271000074 48.113414399000078)","Unfall 218922 (2019) Kat:2, Licht: 0","218922","2","6","2","10","13","7","0","0","1","0","0","0"
"POINT (11.650723687000038 48.128990662000035)","Unfall 218923 (2019) Kat:3, Licht: 1","218923","3","7","0","10","20","7","0","1","0","1","0","1"
"POINT (11.525140218000047 48.151558240000043)","Unfall 218924 (2019) Kat:3, Licht: 0","218924","3","7","1","10","18","7","0","0","1","1","0","0"
"POINT (11.556215490000056 48.172771131000047)","Unfall 218925 (2019) Kat:3, Licht: 0","218925","3","4","6","10","17","7","0","0","1","0","1","0"
"POINT (11.560449753000057 48.152207951000037)","Unfall 218926 (2019) Kat:3, Licht: 2","218926","3","2","3","10","22","7","0","2","1","1","0","0"
"POINT (11.508255017000067 48.180975221000040)","Unfall 218927 (2019) Kat:3, Licht: 0","218927","3","2","5","10","09","7","0","0","0","1","0","0"
"POINT (11.530797963000055 48.129422059000035)","Unfall 218928 (2019) Kat:3, Licht: 0","218928","3","7","2","10","11","7","0","0","0","1","0","1"
"POINT (11.567687286000023 48.140653831000066)","Unfall 218929 (2019) Kat:3, Licht: 2","218929","3","1","0","10","01","7","0","2","0","0","0","0"
"POINT (11.561415720000070 48.220046057000047)","Unfall 218930 (2019) Kat:3, Licht: 0","218930","3","6","1","10","15","7","0","0","0","1","0","0"
"POINT (11.592936380000026 48.127068515000076)","Unfall 218931 (2019) Kat:3, Licht: 0","218931","3","6","2","10","15","7","0","0","1","1","0","0"
"POINT (11.526118171000064 48.111740878000035)","Unfall 218932 (2019) Kat:3, Licht: 2","218932","3","3","5","10","06","7","0","2","1","1","0","0"
"POINT (11.555756731000031 48.129174123000041)","Unfall 218933 (2019) Kat:3, Licht: 0","218933","3","5","0","10","16","7","0","0","1","1","0","0"
"POINT (11.595020392000038 48.109674682000048)","Unfall 218988 (2019) Kat:3, Licht: 0","218988","3","5","1","10","10","6","0","0","1","1","0","0"
"POINT (11.604506795000077 48.105971968000063)","Unfall 218989 (2019) Kat:3, Licht: 0","218989","3","6","2","10","09","6","0","0","0","1","0","1"
"POINT (11.577025256000070 48.152642954000044)","Unfall 218990 (2019) Kat:3, Licht: 0","218990","3","5","1","10","14","6","0","0","1","1","0","0"
"POINT (11.569998281000039 48.104588992000060)","Unfall 218991 (2019) Kat:3, Licht: 0","218991","3","2","4","10","14","6","0","0","0","1","0","0"
"POINT (11.713581139000041 48.138899680000065)","Unfall 218992 (2019) Kat:3, Licht: 0","218992","3","2","3","10","14","6","0","0","0","0","0","1"
"POINT (11.586386550000043 48.163962881000032)","Unfall 218993 (2019) Kat:3, Licht: 0","218993","3","6","2","10","17","6","0","0","1","0","0","0"
"POINT (11.571490419000042 48.209974510000052)","Unfall 218994 (2019) Kat:3, Licht: 0","218994","3","6","1","10","15","6","0","0","0","1","0","0"
"POINT (11.589916732000063 48.115156659000036)","Unfall 218996 (2019) Kat:3, Licht: 0","218996","3","1","0","10","15","6","0","0","1","0","0","0"
"POINT (11.553064471000027 48.161308918000032)","Unfall 218998 (2019) Kat:2, Licht: 0","218998","2","2","5","10","12","6","0","0","1","1","0","0"
"POINT (11.454863259000035 48.166142065000031)","Unfall 218999 (2019) Kat:3, Licht: 0","218999","3","3","5","10","16","6","0","0","0","1","0","1"
"POINT (11.605194133000055 48.104552524000042)","Unfall 219000 (2019) Kat:3, Licht: 1","219000","3","2","4","10","19","6","0","1","0","1","0","1"
"POINT (11.650754341000038 48.113432259000035)","Unfall 219001 (2019) Kat:3, Licht: 1","219001","3","6","2","10","06","6","1","1","0","1","0","0"
"POINT (11.588801468000042 48.187993317000064)","Unfall 219003 (2019) Kat:3, Licht: 0","219003","3","6","2","10","15","6","0","0","0","1","0","1"
"POINT (11.574595677000048 48.119787928000051)","Unfall 219004 (2019) Kat:2, Licht: 0","219004","2","4","6","10","13","6","0","0","0","0","1","1"
"POINT (11.522312479000050 48.159596541000042)","Unfall 219005 (2019) Kat:3, Licht: 0","219005","3","5","1","10","09","6","0","0","1","1","0","0"
"POINT (11.642037110000047 48.158589634000066)","Unfall 219006 (2019) Kat:3, Licht: 1","219006","3","2","6","10","07","6","0","1","0","1","1","0"
"POINT (11.616337391000059 48.149140860000045)","Unfall 219007 (2019) Kat:3, Licht: 0","219007","3","7","2","10","09","6","0","0","0","1","0","0"
"POINT (11.586609755000040 48.130514525000081)","Unfall 219008 (2019) Kat:2, Licht: 0","219008","2","1","0","10","16","6","0","0","0","1","0","1"
"POINT (11.469045806000054 48.164768880000054)","Unfall 219036 (2019) Kat:3, Licht: 0","219036","3","6","6","10","12","6","0","0","0","1","1","0"
"POINT (11.612618136000037 48.151734103000081)","Unfall 219039 (2019) Kat:3, Licht: 0","219039","3","3","5","10","09","6","0","0","1","1","0","0"
"POINT (11.614192514000024 48.111798225000030)","Unfall 219040 (2019) Kat:3, Licht: 0","219040","3","6","2","10","09","6","0","0","0","1","0","0"
"POINT (11.612077132000024 48.131481446000066)","Unfall 219041 (2019) Kat:3, Licht: 1","219041","3","2","5","10","17","6","0","1","1","1","0","0"
"POINT (11.561096836000047 48.126022406000061)","Unfall 219042 (2019) Kat:2, Licht: 2","219042","2","1","0","10","19","6","0","2","1","0","0","0"
"POINT (11.583244585000045 48.141557434000049)","Unfall 219043 (2019) Kat:3, Licht: 0","219043","3","2","3","10","15","6","0","0","1","1","0","0"
"POINT (11.531204722000041 48.183833033000042)","Unfall 219095 (2019) Kat:2, Licht: 0","219095","2","7","0","10","13","6","0","0","0","0","0","0"
"POINT (11.570251838000047 48.143144065000058)","Unfall 219106 (2019) Kat:3, Licht: 1","219106","3","5","1","10","19","5","0","1","1","0","0","0"
"POINT (11.525269508000065 48.135143837000044)","Unfall 219107 (2019) Kat:3, Licht: 0","219107","3","3","5","10","13","5","0","0","1","1","0","0"
"POINT (11.704834759000050 48.138532890000079)","Unfall 219108 (2019) Kat:3, Licht: 0","219108","3","5","1","10","14","5","0","0","1","1","0","0"
"POINT (11.566278670000031 48.154804925000064)","Unfall 219109 (2019) Kat:3, Licht: 0","219109","3","4","6","10","09","5","0","0","0","0","1","0"
"POINT (11.558637569000041 48.137485006000077)","Unfall 219110 (2019) Kat:3, Licht: 0","219110","3","1","0","10","08","5","0","0","1","0","0","0"
"POINT (11.560364111000069 48.142509627000038)","Unfall 219111 (2019) Kat:3, Licht: 0","219111","3","2","6","10","11","5","0","0","0","1","1","0"
"POINT (11.576520307000067 48.142829564000067)","Unfall 219112 (2019) Kat:3, Licht: 2","219112","3","5","0","10","19","5","0","2","1","1","0","0"
"POINT (11.498101137000049 48.095105670000066)","Unfall 219113 (2019) Kat:3, Licht: 0","219113","3","2","5","10","16","5","0","0","1","1","0","0"
"POINT (11.520908129000077 48.163027730000067)","Unfall 219114 (2019) Kat:2, Licht: 0","219114","2","3","5","10","13","5","0","0","1","1","0","0"
"POINT (11.567788964000044 48.176699054000039)","Unfall 219115 (2019) Kat:2, Licht: 0","219115","2","2","5","10","13","5","0","0","1","1","0","0"
"POINT (11.518396817000053 48.119175357000074)","Unfall 219116 (2019) Kat:3, Licht: 0","219116","3","7","1","10","14","5","0","0","0","1","0","0"
"POINT (11.566168804000029 48.187192831000061)","Unfall 219117 (2019) Kat:2, Licht: 2","219117","2","2","4","10","19","5","0","2","0","1","0","0"
"POINT (11.582753629000024 48.170947331000036)","Unfall 219118 (2019) Kat:3, Licht: 0","219118","3","2","6","10","11","5","0","0","0","1","1","0"
"POINT (11.518341788000043 48.139826566000067)","Unfall 219119 (2019) Kat:2, Licht: 0","219119","2","4","6","10","08","5","0","0","0","1","1","0"
"POINT (11.702815272000066 48.133551370000077)","Unfall 219120 (2019) Kat:3, Licht: 0","219120","3","7","3","10","12","5","0","0","0","1","0","0"
"POINT (11.673902755000029 48.083664797000040)","Unfall 219121 (2019) Kat:3, Licht: 0","219121","3","3","5","10","07","5","0","0","1","1","0","0"
"POINT (11.584496354000066 48.157231182000032)","Unfall 219122 (2019) Kat:3, Licht: 0","219122","3","2","4","10","14","5","0","0","1","1","0","0"
"POINT (11.515738823000049 48.161928677000049)","Unfall 219123 (2019) Kat:3, Licht: 0","219123","3","7","0","10","13","5","0","0","1","0","1","0"
"POINT (11.529709730000036 48.157225374000063)","Unfall 219124 (2019) Kat:3, Licht: 0","219124","3","3","5","10","16","5","0","0","1","1","0","0"
"POINT (11.579734579000046 48.115333933000045)","Unfall 219125 (2019) Kat:3, Licht: 1","219125","3","6","0","10","19","5","0","1","0","0","0","0"
"POINT (11.619179447000022 48.152143182000032)","Unfall 219126 (2019) Kat:3, Licht: 0","219126","3","7","6","10","11","5","0","0","0","1","1","0"
"POINT (11.607679131000054 48.138861508000048)","Unfall 219127 (2019) Kat:3, Licht: 0","219127","3","2","3","10","10","5","0","0","1","1","0","0"
"POINT (11.548764187000074 48.112302479000050)","Unfall 219128 (2019) Kat:3, Licht: 0","219128","3","2","3","10","08","5","0","0","1","0","0","0"
"POINT (11.551166960000046 48.192373616000054)","Unfall 219154 (2019) Kat:3, Licht: 0","219154","3","6","0","10","16","6","0","0","1","1","0","0"
"POINT (11.588063782000063 48.135151601000075)","Unfall 219180 (2019) Kat:3, Licht: 2","219180","3","7","5","10","19","4","0","2","1","0","0","0"
"POINT (11.543697592000058 48.150420419000056)","Unfall 219182 (2019) Kat:3, Licht: 0","219182","3","7","6","10","12","4","0","0","0","0","1","0"
"POINT (11.540692724000053 48.139695572000051)","Unfall 219185 (2019) Kat:3, Licht: 0","219185","3","6","3","10","11","4","0","0","0","1","0","0"
"POINT (11.505384346000028 48.094287917000031)","Unfall 219186 (2019) Kat:3, Licht: 0","219186","3","2","5","10","10","4","0","0","1","1","0","0"
"POINT (11.518995755000049 48.085803654000074)","Unfall 219187 (2019) Kat:3, Licht: 2","219187","3","3","5","10","07","4","1","2","1","1","0","0"
"POINT (11.568052357000056 48.204892805000043)","Unfall 219188 (2019) Kat:3, Licht: 2","219188","3","2","4","10","00","4","1","2","0","0","0","1"
"POINT (11.554661106000026 48.137480068000059)","Unfall 219189 (2019) Kat:3, Licht: 0","219189","3","4","6","10","15","4","0","0","0","0","1","1"
"POINT (11.558052428000053 48.145563661000040)","Unfall 219190 (2019) Kat:2, Licht: 0","219190","2","4","6","10","15","4","0","0","0","1","1","0"
"POINT (11.541146419000029 48.144758318000072)","Unfall 219191 (2019) Kat:2, Licht: 2","219191","2","4","6","10","18","4","0","2","0","1","1","0"
"POINT (11.616320937000069 48.190743067000028)","Unfall 219192 (2019) Kat:3, Licht: 0","219192","3","3","5","10","17","4","0","0","1","1","0","0"
"POINT (11.592259557000034 48.182955804000073)","Unfall 219193 (2019) Kat:3, Licht: 0","219193","3","2","6","10","16","4","0","0","0","1","1","0"
"POINT (11.529186230000050 48.162295037000035)","Unfall 219194 (2019) Kat:3, Licht: 0","219194","3","3","5","10","09","4","1","0","1","1","0","0"
"POINT (11.549181947000022 48.149334146000058)","Unfall 219195 (2019) Kat:3, Licht: 0","219195","3","6","3","10","17","4","0","0","1","0","0","0"
"POINT (11.602850409000041 48.113041791000057)","Unfall 219197 (2019) Kat:3, Licht: 2","219197","3","7","1","10","06","4","1","2","0","1","0","1"
"POINT (11.641314336000050 48.146329411000067)","Unfall 219198 (2019) Kat:3, Licht: 0","219198","3","1","0","10","15","4","0","0","1","0","0","0"
"POINT (11.437781730000040 48.170227692000026)","Unfall 219254 (2019) Kat:3, Licht: 0","219254","3","7","5","10","07","3","0","0","0","1","0","0"
"POINT (11.587925266000070 48.137248253000053)","Unfall 219255 (2019) Kat:3, Licht: 0","219255","3","1","1","10","09","3","0","0","0","1","0","1"
"POINT (11.510894480000047 48.170524103000048)","Unfall 219256 (2019) Kat:3, Licht: 0","219256","3","6","1","10","13","3","0","0","0","1","0","1"
"POINT (11.553653980000036 48.186061103000043)","Unfall 219257 (2019) Kat:3, Licht: 0","219257","3","2","5","10","12","3","0","0","1","0","0","0"
"POINT (11.534122061000062 48.111435682000035)","Unfall 219260 (2019) Kat:3, Licht: 0","219260","3","7","6","10","08","3","0","0","0","0","1","0"
"POINT (11.565414768000039 48.123746959000073)","Unfall 219261 (2019) Kat:3, Licht: 0","219261","3","2","5","10","08","3","0","0","1","1","0","0"
"POINT (11.564238015000058 48.132229988000063)","Unfall 219262 (2019) Kat:3, Licht: 0","219262","3","7","6","10","07","3","0","0","1","0","1","0"
"POINT (11.464981286000068 48.193403490000037)","Unfall 219263 (2019) Kat:2, Licht: 0","219263","2","3","6","10","10","3","0","0","0","1","1","0"
"POINT (11.474953596000034 48.183442333000073)","Unfall 219264 (2019) Kat:3, Licht: 0","219264","3","3","5","10","13","3","0","0","1","1","0","0"
"POINT (11.596522627000070 48.136217322000050)","Unfall 219266 (2019) Kat:3, Licht: 0","219266","3","7","1","10","13","3","0","0","1","1","0","0"
"POINT (11.584956270000077 48.158316815000035)","Unfall 219267 (2019) Kat:3, Licht: 0","219267","3","6","0","10","18","3","0","0","0","1","0","1"
"POINT (11.571316384000056 48.137214740000047)","Unfall 219268 (2019) Kat:3, Licht: 0","219268","3","4","6","10","14","3","0","0","0","1","1","0"
"POINT (11.559130670000059 48.142326387000026)","Unfall 219274 (2019) Kat:2, Licht: 0","219274","2","2","3","10","14","6","0","0","0","1","0","1"
"POINT (11.552982515000053 48.148467561000075)","Unfall 219338 (2019) Kat:3, Licht: 0","219338","3","6","5","10","10","3","0","0","1","0","0","0"
"POINT (11.493455642000072 48.143905064000080)","Unfall 219340 (2019) Kat:3, Licht: 0","219340","3","2","4","10","11","3","0","0","0","1","0","0"
"POINT (11.536100452000028 48.125936088000060)","Unfall 219341 (2019) Kat:3, Licht: 0","219341","3","7","0","10","16","3","0","0","1","0","0","0"
"POINT (11.517656943000077 48.124712028000033)","Unfall 219342 (2019) Kat:3, Licht: 0","219342","3","7","0","10","08","3","0","0","1","0","0","0"
"POINT (11.583669701000076 48.114032360000067)","Unfall 219343 (2019) Kat:3, Licht: 1","219343","3","2","3","10","17","3","0","1","0","1","0","0"
"POINT (11.585973812000077 48.131962481000073)","Unfall 219344 (2019) Kat:3, Licht: 0","219344","3","3","5","10","07","3","0","0","1","0","0","1"
"POINT (11.557803007000075 48.141762019000055)","Unfall 219399 (2019) Kat:3, Licht: 0","219399","3","4","6","10","09","2","0","0","0","1","1","0"
"POINT (11.540748069000074 48.214910737000025)","Unfall 219400 (2019) Kat:3, Licht: 0","219400","3","6","1","10","11","2","0","0","0","1","0","0"
"POINT (11.558395631000053 48.127814782000030)","Unfall 219401 (2019) Kat:3, Licht: 0","219401","3","7","5","10","16","2","0","0","1","1","0","0"
"POINT (11.474486043000070 48.169344140000078)","Unfall 219402 (2019) Kat:3, Licht: 0","219402","3","7","0","10","09","2","0","0","1","0","0","0"
"POINT (11.599976552000044 48.148816999000076)","Unfall 219403 (2019) Kat:3, Licht: 0","219403","3","7","0","10","16","2","0","0","0","0","0","0"
"POINT (11.471919128000025 48.165411895000034)","Unfall 219404 (2019) Kat:2, Licht: 0","219404","2","7","0","10","15","2","0","0","1","0","0","0"
"POINT (11.540703496000049 48.133805063000068)","Unfall 219405 (2019) Kat:3, Licht: 1","219405","3","3","3","10","17","2","0","1","0","1","0","0"
"POINT (11.606154224000022 48.135626396000077)","Unfall 219406 (2019) Kat:3, Licht: 0","219406","3","7","0","10","11","2","0","0","1","1","0","0"
"POINT (11.490939524000055 48.120604654000033)","Unfall 219407 (2019) Kat:3, Licht: 0","219407","3","7","0","10","15","2","0","0","1","1","0","0"
"POINT (11.508450652000022 48.098237072000074)","Unfall 219408 (2019) Kat:3, Licht: 0","219408","3","2","4","10","07","2","0","0","1","1","0","0"
"POINT (11.579838600000073 48.205988484000045)","Unfall 219409 (2019) Kat:3, Licht: 0","219409","3","7","6","10","14","2","0","0","0","1","1","0"
"POINT (11.661736770000061 48.090001214000040)","Unfall 219410 (2019) Kat:3, Licht: 1","219410","3","3","5","10","06","2","0","1","1","1","0","0"
"POINT (11.547605653000062 48.126873222000029)","Unfall 219411 (2019) Kat:3, Licht: 0","219411","3","2","5","10","09","2","0","0","1","1","0","0"
"POINT (11.621147464000046 48.187060155000040)","Unfall 219412 (2019) Kat:3, Licht: 0","219412","3","3","5","10","17","2","0","0","1","1","0","0"
"POINT (11.496932120000054 48.176992857000073)","Unfall 219413 (2019) Kat:3, Licht: 0","219413","3","3","5","10","08","2","0","0","0","1","0","0"
"POINT (11.533102345000032 48.184674032000032)","Unfall 219414 (2019) Kat:3, Licht: 2","219414","3","6","3","10","19","2","0","2","0","1","0","0"
"POINT (11.555334330000051 48.151157215000069)","Unfall 219415 (2019) Kat:3, Licht: 0","219415","3","3","5","10","09","2","0","0","1","0","0","0"
"POINT (11.544664412000031 48.150286026000060)","Unfall 219416 (2019) Kat:3, Licht: 0","219416","3","2","5","10","07","2","0","0","1","1","0","0"
"POINT (11.518580297000028 48.140005163000069)","Unfall 219417 (2019) Kat:3, Licht: 0","219417","3","3","5","10","07","2","0","0","1","1","0","0"
"POINT (11.648349787000029 48.111618074000035)","Unfall 219418 (2019) Kat:3, Licht: 1","219418","3","6","1","10","17","2","0","1","0","1","0","0"
"POINT (11.663572090000059 48.140495073000068)","Unfall 219419 (2019) Kat:3, Licht: 0","219419","3","7","0","10","13","2","0","0","1","0","0","0"
"POINT (11.574499764000052 48.126902683000026)","Unfall 219477 (2019) Kat:3, Licht: 0","219477","3","7","1","10","17","1","0","0","0","1","0","0"
"POINT (11.563151236000067 48.209600144000035)","Unfall 219478 (2019) Kat:2, Licht: 0","219478","2","6","2","10","17","1","0","0","0","1","0","1"
"POINT (11.515743861000033 48.224840920000076)","Unfall 219479 (2019) Kat:3, Licht: 2","219479","3","1","1","10","19","1","0","2","0","1","0","0"
"POINT (11.554494926000075 48.144550208000055)","Unfall 219480 (2019) Kat:2, Licht: 0","219480","2","7","0","10","16","1","0","0","1","0","0","0"
"POINT (11.555876376000072 48.136773913000070)","Unfall 219481 (2019) Kat:3, Licht: 2","219481","3","1","1","10","23","1","0","2","0","1","0","0"
"POINT (11.670851677000030 48.109743915000081)","Unfall 219482 (2019) Kat:2, Licht: 0","219482","2","7","0","10","14","1","0","0","0","1","0","0"
"POINT (11.599783579000075 48.148878158000059)","Unfall 219483 (2019) Kat:3, Licht: 0","219483","3","1","0","10","16","1","0","0","1","0","0","0"
"POINT (11.518502117000025 48.199189728000079)","Unfall 219484 (2019) Kat:3, Licht: 0","219484","3","3","5","10","11","1","0","0","0","1","0","0"
"POINT (11.545061269000030 48.122434404000046)","Unfall 219485 (2019) Kat:3, Licht: 2","219485","3","7","0","10","18","1","0","2","1","0","0","1"
"POINT (11.593907271000035 48.170105854000042)","Unfall 219518 (2019) Kat:3, Licht: 0","219518","3","6","2","10","15","7","0","0","0","1","0","0"
"POINT (11.511411402000022 48.158779070000037)","Unfall 219519 (2019) Kat:2, Licht: 0","219519","2","2","0","10","13","7","0","0","0","1","0","0"
"POINT (11.601013433000048 48.126339552000047)","Unfall 219520 (2019) Kat:3, Licht: 0","219520","3","3","5","10","12","7","0","0","1","1","0","0"
"POINT (11.531281351000075 48.099878207000074)","Unfall 219521 (2019) Kat:3, Licht: 0","219521","3","2","5","10","14","7","0","0","1","1","0","0"
"POINT (11.569075104000035 48.187416924000047)","Unfall 219522 (2019) Kat:3, Licht: 2","219522","3","6","2","10","22","7","0","2","0","1","0","0"
"POINT (11.588548243000048 48.143061530000068)","Unfall 219523 (2019) Kat:3, Licht: 2","219523","3","3","5","10","03","7","0","2","0","1","0","0"
"POINT (11.556019022000044 48.128332482000076)","Unfall 219524 (2019) Kat:3, Licht: 0","219524","3","3","5","10","16","7","0","0","0","1","0","0"
"POINT (11.563254060000077 48.207348395000054)","Unfall 219525 (2019) Kat:3, Licht: 0","219525","3","2","2","10","15","7","0","0","0","1","0","0"
"POINT (11.542069457000025 48.163028792000034)","Unfall 219526 (2019) Kat:2, Licht: 0","219526","2","2","4","10","10","7","0","0","1","1","0","0"
"POINT (11.503457940000033 48.147125606000031)","Unfall 219527 (2019) Kat:3, Licht: 2","219527","3","2","6","10","21","7","0","2","0","1","1","0"
"POINT (11.619764416000066 48.093431929000076)","Unfall 219528 (2019) Kat:2, Licht: 0","219528","2","1","9","10","11","7","0","0","0","1","0","0"
"POINT (11.564013654000064 48.106693723000035)","Unfall 219529 (2019) Kat:2, Licht: 2","219529","2","6","2","10","23","7","1","2","1","0","0","0"
"POINT (11.614634990000070 48.138136798000062)","Unfall 219530 (2019) Kat:3, Licht: 0","219530","3","2","3","10","13","7","0","0","0","1","0","1"
"POINT (11.583614669000042 48.119050153000046)","Unfall 219531 (2019) Kat:3, Licht: 0","219531","3","2","4","10","09","7","0","0","0","1","0","0"
"POINT (11.584195845000067 48.143704507000052)","Unfall 219532 (2019) Kat:3, Licht: 0","219532","3","2","4","10","12","7","0","0","0","1","0","0"
"POINT (11.583500080000022 48.138440495000054)","Unfall 219533 (2019) Kat:3, Licht: 2","219533","3","6","2","10","23","7","0","2","0","1","0","0"
"POINT (11.629090279000025 48.159048948000077)","Unfall 219569 (2019) Kat:3, Licht: 0","219569","3","2","4","10","16","6","0","0","0","1","0","0"
"POINT (11.639124824000021 48.155877928000052)","Unfall 219570 (2019) Kat:3, Licht: 2","219570","3","1","0","10","19","6","0","2","0","0","0","1"
"POINT (11.578155215000038 48.145366588000059)","Unfall 219571 (2019) Kat:3, Licht: 2","219571","3","6","2","10","20","6","0","2","0","1","0","0"
"POINT (11.649613543000044 48.092162777000055)","Unfall 219573 (2019) Kat:3, Licht: 0","219573","3","2","3","10","17","6","0","0","1","0","0","0"
"POINT (11.575254753000024 48.155824520000067)","Unfall 219574 (2019) Kat:2, Licht: 0","219574","2","7","0","10","11","6","0","0","0","0","0","0"
"POINT (11.562439731000040 48.125841736000041)","Unfall 219575 (2019) Kat:3, Licht: 0","219575","3","5","1","10","10","6","0","0","1","1","0","0"
"POINT (11.552483464000034 48.148787406000054)","Unfall 219576 (2019) Kat:3, Licht: 0","219576","3","2","6","10","08","6","0","0","0","1","1","0"
"POINT (11.577873567000040 48.163770963000047)","Unfall 219577 (2019) Kat:3, Licht: 0","219577","3","5","1","10","13","6","0","0","1","1","0","0"
"POINT (11.584798433000060 48.187898410000059)","Unfall 219580 (2019) Kat:3, Licht: 0","219580","3","2","0","10","10","6","0","0","0","1","0","0"
"POINT (11.573594048000075 48.156612587000041)","Unfall 219581 (2019) Kat:3, Licht: 2","219581","3","3","4","10","23","6","0","2","1","0","0","1"
"POINT (11.684160484000074 48.078110180000067)","Unfall 219608 (2019) Kat:3, Licht: 0","219608","3","3","5","10","13","7","0","0","0","1","0","0"