WKT,Name,OBJECTID,UKATEGORIE,UTYP1,UART,UMONAT,USTUNDE,UWOCHENTAG,STRZUSTAND,ULICHTVERH,ISTRAD,ISTPKW,ISTFUSS,ISTKRAD
"POINT (11.502811206000047 48.127373416000069)","Unfall 219609 (2019) Kat:3, Licht: 0","219609","3","6","2","10","16","7","0","0","0","1","0","1"
"POINT (11.439791607000075 48.149548340000081)","Unfall 219610 (2019) Kat:3, Licht: 2","219610","3","7","0","10","21","7","0","2","0","1","0","1"
"POINT (11.564491723000060 48.146334699000079)","Unfall 219611 (2019) Kat:3, Licht: 0","219611","3","7","0","10","18","7","0","0","1","0","0","0"
"POINT (11.510831250000024 48.135099409000077)","Unfall 219612 (2019) Kat:3, Licht: 0","219612","3","5","1","10","10","7","0","0","0","1","0","1"
"POINT (11.596389012000031 48.127096022000046)","Unfall 219613 (2019) Kat:2, Licht: 0","219613","2","1","2","10","12","7","0","0","0","1","0","1"
"POINT (11.539590780000026 48.114713090000066)","Unfall 219614 (2019) Kat:3, Licht: 0","219614","3","7","3","10","15","7","0","0","0","1","0","0"
"POINT (11.454505135000034 48.167134120000071)","Unfall 219615 (2019) Kat:3, Licht: 0","219615","3","6","5","10","17","7","0","0","0","1","0","0"
"POINT (11.562665560000028 48.213006104000044)","Unfall 219616 (2019) Kat:2, Licht: 1","219616","2","7","0","10","19","7","0","1","1","0","0","0"
"POINT (11.594127284000024 48.128452636000077)","Unfall 219617 (2019) Kat:3, Licht: 0","219617","3","7","5","10","15","7","0","0","0","1","0","0"
"POINT (11.539024975000075 48.129778328000043)","Unfall 219618 (2019) Kat:3, Licht: 0","219618","3","2","5","10","13","7","0","0","1","1","0","0"
"POINT (11.602549354000075 48.186900643000058)","Unfall 219619 (2019) Kat:3, Licht: 0","219619","3","2","5","10","14","7","0","0","1","1","0","0"
"POINT (11.567628410000054 48.209253839000041)","Unfall 219667 (2019) Kat:3, Licht: 0","219667","3","6","1","10","15","6","0","0","0","1","0","0"
"POINT (11.615874316000031 48.154042178000054)","Unfall 219668 (2019) Kat:3, Licht: 0","219668","3","7","0","10","13","6","0","0","0","1","0","1"
"POINT (11.579708404000030 48.145136876000038)","Unfall 219669 (2019) Kat:3, Licht: 2","219669","3","7","0","10","21","6","0","2","0","0","0","0"
"POINT (11.586383507000050 48.160991134000028)","Unfall 219670 (2019) Kat:3, Licht: 1","219670","3","3","1","10","17","6","0","1","1","1","0","0"
"POINT (11.503170300000022 48.139758079000046)","Unfall 219671 (2019) Kat:3, Licht: 0","219671","3","6","3","10","15","6","0","0","0","1","0","0"
"POINT (11.692522623000059 48.131507476000081)","Unfall 219672 (2019) Kat:3, Licht: 2","219672","3","4","6","10","18","6","0","2","0","1","1","0"
"POINT (11.544708459000049 48.114570642000047)","Unfall 219673 (2019) Kat:3, Licht: 2","219673","3","7","5","10","19","6","0","2","0","1","1","0"
"POINT (11.588517855000077 48.142975889000070)","Unfall 219674 (2019) Kat:3, Licht: 0","219674","3","2","3","10","16","6","0","0","1","1","0","0"
"POINT (11.571067236000033 48.144143221000036)","Unfall 219736 (2019) Kat:3, Licht: 2","219736","3","6","3","10","20","5","0","2","1","1","0","0"
"POINT (11.562752984000042 48.144180855000059)","Unfall 219737 (2019) Kat:3, Licht: 0","219737","3","3","5","10","08","5","0","0","1","1","0","0"
"POINT (11.576291220000030 48.127817180000079)","Unfall 219738 (2019) Kat:3, Licht: 0","219738","3","2","4","10","07","5","0","0","0","1","0","0"
"POINT (11.476775306000036 48.118657723000069)","Unfall 219739 (2019) Kat:3, Licht: 0","219739","3","7","1","10","11","5","0","0","0","1","0","0"
"POINT (11.555934313000023 48.139229810000074)","Unfall 219740 (2019) Kat:3, Licht: 0","219740","3","3","5","10","08","5","0","0","0","1","0","1"
"POINT (11.474578038000061 48.169350298000040)","Unfall 219741 (2019) Kat:3, Licht: 1","219741","3","3","5","10","18","5","0","1","0","1","0","1"
"POINT (11.529009368000061 48.099676038000041)","Unfall 219743 (2019) Kat:3, Licht: 2","219743","3","2","5","10","22","5","0","2","1","1","0","0"
"POINT (11.537858308000068 48.125547280000035)","Unfall 219747 (2019) Kat:3, Licht: 2","219747","3","7","0","10","06","5","1","2","1","0","0","0"
"POINT (11.602222631000075 48.168984968000075)","Unfall 219748 (2019) Kat:3, Licht: 0","219748","3","3","5","10","09","5","1","0","1","0","0","1"
"POINT (11.555638843000054 48.128234030000044)","Unfall 219749 (2019) Kat:3, Licht: 1","219749","3","7","3","10","17","5","0","1","0","1","0","1"
"POINT (11.674994215000027 48.127403289000029)","Unfall 219804 (2019) Kat:3, Licht: 2","219804","3","3","5","10","06","4","1","2","1","1","0","0"
"POINT (11.540510650000044 48.125300982000056)","Unfall 219805 (2019) Kat:3, Licht: 1","219805","3","6","6","10","06","4","0","1","0","1","1","1"
"POINT (11.417585837000047 48.155896389000077)","Unfall 219807 (2019) Kat:3, Licht: 0","219807","3","3","5","10","10","4","0","0","1","1","0","0"
"POINT (11.565399713000033 48.132817571000032)","Unfall 219808 (2019) Kat:3, Licht: 0","219808","3","6","6","10","09","4","0","0","1","0","1","0"
"POINT (11.612967116000050 48.151854645000071)","Unfall 219809 (2019) Kat:3, Licht: 0","219809","3","7","0","10","09","4","0","0","0","0","0","0"
"POINT (11.590819540000041 48.167166954000038)","Unfall 219810 (2019) Kat:3, Licht: 0","219810","3","7","0","10","14","4","0","0","1","1","0","0"
"POINT (11.579543995000051 48.178569718000062)","Unfall 219811 (2019) Kat:3, Licht: 0","219811","3","3","5","10","14","4","0","0","1","1","0","0"
"POINT (11.565006977000053 48.140944169000079)","Unfall 219812 (2019) Kat:3, Licht: 2","219812","3","7","1","10","21","4","0","2","0","1","0","1"
"POINT (11.583299368000041 48.103199242000073)","Unfall 219813 (2019) Kat:3, Licht: 0","219813","3","3","5","10","15","4","0","0","1","1","0","0"
"POINT (11.539060908000067 48.160406451000028)","Unfall 219814 (2019) Kat:3, Licht: 0","219814","3","6","2","10","08","4","0","0","1","1","0","0"
"POINT (11.551712862000045 48.147333794000076)","Unfall 219815 (2019) Kat:3, Licht: 2","219815","3","6","1","10","19","4","0","2","1","1","0","0"
"POINT (11.503320676000044 48.146215330000075)","Unfall 219816 (2019) Kat:3, Licht: 0","219816","3","3","5","10","11","4","0","0","1","1","0","0"
"POINT (11.522616214000038 48.134330056000067)","Unfall 219817 (2019) Kat:3, Licht: 2","219817","3","2","5","10","19","4","0","2","0","1","0","1"
"POINT (11.658388023000043 48.110434249000036)","Unfall 219818 (2019) Kat:3, Licht: 0","219818","3","7","3","10","07","4","1","0","1","1","0","0"
"POINT (11.565438724000046 48.088354555000080)","Unfall 219819 (2019) Kat:3, Licht: 0","219819","3","3","5","10","10","4","0","0","0","1","0","0"
"POINT (11.615066819000049 48.112160477000032)","Unfall 219820 (2019) Kat:3, Licht: 0","219820","3","3","5","10","16","4","0","0","0","1","0","0"
"POINT (11.585899741000048 48.143306585000062)","Unfall 219821 (2019) Kat:3, Licht: 0","219821","3","6","4","10","08","4","1","0","1","0","0","0"
"POINT (11.548836459000029 48.113387559000046)","Unfall 219863 (2019) Kat:3, Licht: 0","219863","3","6","3","10","08","5","1","0","1","0","0","0"
"POINT (11.556173401000024 48.142270028000041)","Unfall 219864 (2019) Kat:3, Licht: 0","219864","3","6","2","10","11","5","0","0","0","1","0","0"
"POINT (11.581751498000074 48.163151932000062)","Unfall 219865 (2019) Kat:3, Licht: 2","219865","3","4","6","10","20","5","0","2","0","1","1","0"
"POINT (11.584136853000075 48.187705424000058)","Unfall 219866 (2019) Kat:3, Licht: 1","219866","3","3","5","10","18","5","0","1","1","1","0","0"
"POINT (11.406912445000046 48.140336146000038)","Unfall 219867 (2019) Kat:3, Licht: 2","219867","3","2","4","10","22","5","0","2","0","1","0","0"
"POINT (11.546130688000062 48.186231512000063)","Unfall 219868 (2019) Kat:3, Licht: 2","219868","3","3","5","10","20","5","0","2","0","1","0","0"
"POINT (11.502603872000066 48.120115281000039)","Unfall 219869 (2019) Kat:3, Licht: 1","219869","3","2","5","10","18","5","0","1","0","1","0","0"
"POINT (11.548643886000036 48.139063221000072)","Unfall 219870 (2019) Kat:3, Licht: 2","219870","3","6","3","10","18","5","0","2","0","1","0","0"
"POINT (11.546946485000035 48.139309075000028)","Unfall 219919 (2019) Kat:3, Licht: 0","219919","3","7","0","10","12","4","0","0","0","0","0","0"
"POINT (11.661967730000072 48.140604738000036)","Unfall 219920 (2019) Kat:3, Licht: 1","219920","3","2","5","10","16","4","0","1","0","1","0","0"
"POINT (11.612229606000028 48.131511827000054)","Unfall 219921 (2019) Kat:3, Licht: 0","219921","3","3","5","10","16","4","0","0","1","1","0","0"
"POINT (11.538134727000056 48.116944586000045)","Unfall 219922 (2019) Kat:3, Licht: 0","219922","3","3","5","10","08","4","1","0","0","0","0","1"
"POINT (11.565080736000027 48.208891664000078)","Unfall 219923 (2019) Kat:3, Licht: 0","219923","3","4","6","10","13","4","0","0","0","1","1","0"
"POINT (11.645220354000060 48.126831853000056)","Unfall 219924 (2019) Kat:3, Licht: 0","219924","3","2","3","10","09","4","0","0","0","1","0","1"
"POINT (11.506961568000065 48.163815722000038)","Unfall 219925 (2019) Kat:3, Licht: 0","219925","3","2","5","10","12","4","0","0","1","1","0","0"
"POINT (11.555569193000053 48.090409588000057)","Unfall 219928 (2019) Kat:3, Licht: 0","219928","3","7","0","10","12","4","1","0","0","1","0","1"
"POINT (11.528749310000023 48.129919836000056)","Unfall 219929 (2019) Kat:3, Licht: 1","219929","3","2","3","10","16","4","0","1","1","1","0","0"
"POINT (11.581509008000069 48.151339930000063)","Unfall 219972 (2019) Kat:3, Licht: 2","219972","3","3","5","10","18","3","0","2","1","1","0","0"
"POINT (11.557718512000065 48.096350927000060)","Unfall 219973 (2019) Kat:3, Licht: 0","219973","3","1","9","10","08","3","1","0","0","1","0","0"
"POINT (11.605730832000063 48.148437469000044)","Unfall 219974 (2019) Kat:2, Licht: 1","219974","2","7","0","10","15","3","1","1","1","0","0","0"
"POINT (11.572731357000066 48.119431761000044)","Unfall 219975 (2019) Kat:3, Licht: 0","219975","3","3","5","10","10","3","1","0","0","1","0","0"
"POINT (11.570089417000077 48.155485685000031)","Unfall 219976 (2019) Kat:3, Licht: 0","219976","3","7","0","10","14","3","1","0","1","0","0","0"
"POINT (11.518792823000069 48.131492774000037)","Unfall 219977 (2019) Kat:3, Licht: 2","219977","3","3","5","10","19","3","0","2","0","1","0","1"
"POINT (11.508450652000022 48.098237072000074)","Unfall 219978 (2019) Kat:3, Licht: 0","219978","3","2","3","10","13","3","0","0","1","0","0","0"
"POINT (11.548654586000055 48.112210870000069)","Unfall 219979 (2019) Kat:3, Licht: 2","219979","3","2","5","10","19","3","0","2","1","1","0","0"
"POINT (11.533612227000049 48.116861441000026)","Unfall 219981 (2019) Kat:3, Licht: 0","219981","3","3","5","10","09","3","1","0","0","1","0","0"
"POINT (11.574197441000024 48.127397004000045)","Unfall 219982 (2019) Kat:3, Licht: 0","219982","3","3","3","10","13","3","1","0","0","1","0","0"
"POINT (11.474562709000054 48.142456618000040)","Unfall 219983 (2019) Kat:3, Licht: 0","219983","3","3","4","10","14","3","1","0","1","1","0","0"
"POINT (11.532812664000062 48.160605899000075)","Unfall 219984 (2019) Kat:3, Licht: 2","219984","3","7","2","10","18","3","1","2","1","1","0","0"
"POINT (11.525332422000076 48.132401099000049)","Unfall 219985 (2019) Kat:3, Licht: 0","219985","3","6","2","10","08","3","1","0","0","1","0","1"
"POINT (11.668884197000068 48.138723584000047)","Unfall 219986 (2019) Kat:3, Licht: 0","219986","3","6","3","10","09","3","1","0","0","1","0","0"
"POINT (11.627357539000059 48.101801547000036)","Unfall 219987 (2019) Kat:3, Licht: 0","219987","3","3","5","10","08","3","1","0","0","1","0","0"
"POINT (11.625484485000072 48.192128962000027)","Unfall 220028 (2019) Kat:3, Licht: 0","220028","3","7","0","10","09","2","1","0","1","0","0","0"
"POINT (11.558572518000062 48.137421830000051)","Unfall 220029 (2019) Kat:3, Licht: 2","220029","3","2","5","10","21","2","0","2","0","1","0","1"
"POINT (11.582308042000022 48.119622270000036)","Unfall 220031 (2019) Kat:3, Licht: 0","220031","3","1","4","10","10","2","1","0","0","1","0","0"
"POINT (11.553834060000042 48.154264475000048)","Unfall 220032 (2019) Kat:3, Licht: 0","220032","3","2","5","10","08","2","1","0","0","1","0","0"
"POINT (11.489604507000024 48.144108774000074)","Unfall 220033 (2019) Kat:3, Licht: 2","220033","3","7","6","10","20","2","0","2","0","1","1","0"
"POINT (11.466788925000060 48.164976273000036)","Unfall 220034 (2019) Kat:3, Licht: 2","220034","3","7","0","10","18","2","0","2","1","0","0","0"
"POINT (11.579548238000029 48.155544325000051)","Unfall 220036 (2019) Kat:3, Licht: 2","220036","3","6","2","10","18","2","0","2","1","1","0","0"
"POINT (11.558818794000047 48.100180996000063)","Unfall 220054 (2019) Kat:3, Licht: 0","220054","3","6","5","10","15","1","1","0","1","1","0","0"
"POINT (11.429783377000035 48.148159390000046)","Unfall 220055 (2019) Kat:3, Licht: 0","220055","3","7","0","10","13","1","0","0","1","0","0","0"
"POINT (11.527916875000074 48.085907629000076)","Unfall 220056 (2019) Kat:3, Licht: 0","220056","3","2","5","10","13","1","0","0","1","0","0","0"
"POINT (11.585248602000036 48.158939118000035)","Unfall 220058 (2019) Kat:3, Licht: 1","220058","3","6","4","10","19","1","0","1","0","1","0","0"
"POINT (11.484312415000034 48.081911049000041)","Unfall 220089 (2019) Kat:3, Licht: 0","220089","3","3","5","11","12","4","0","0","1","1","0","0"
"POINT (11.553015274000074 48.161636856000030)","Unfall 220090 (2019) Kat:3, Licht: 0","220090","3","2","3","11","13","4","0","0","1","1","0","0"
"POINT (11.474345188000029 48.164514108000049)","Unfall 220091 (2019) Kat:3, Licht: 0","220091","3","3","5","11","10","4","0","0","0","1","0","0"
"POINT (11.478349845000025 48.155992406000053)","Unfall 220092 (2019) Kat:3, Licht: 0","220092","3","2","4","11","08","4","0","0","1","1","0","0"
"POINT (11.534656091000045 48.152446755000028)","Unfall 220093 (2019) Kat:3, Licht: 2","220093","3","6","3","11","18","4","0","2","0","1","0","0"
"POINT (11.647974127000055 48.139857422000034)","Unfall 220094 (2019) Kat:3, Licht: 2","220094","3","6","2","11","18","4","0","2","1","0","0","0"
"POINT (11.607060624000042 48.144573620000074)","Unfall 220095 (2019) Kat:3, Licht: 0","220095","3","3","5","11","08","4","0","0","1","1","0","0"
"POINT (11.576881656000069 48.154956903000027)","Unfall 220096 (2019) Kat:3, Licht: 2","220096","3","5","2","11","17","4","0","2","1","1","0","0"
"POINT (11.523690941000041 48.156203446000063)","Unfall 220116 (2019) Kat:3, Licht: 0","220116","3","7","6","11","09","4","0","0","0","0","1","0"
"POINT (11.642017562000035 48.124572673000046)","Unfall 220117 (2019) Kat:3, Licht: 2","220117","3","2","5","11","17","4","0","2","1","1","0","0"
"POINT (11.522035182000025 48.175859141000046)","Unfall 220118 (2019) Kat:3, Licht: 0","220118","3","2","5","11","14","4","0","0","0","1","0","0"
"POINT (11.502469612000027 48.115753187000053)","Unfall 220151 (2019) Kat:3, Licht: 0","220151","3","1","0","11","13","3","1","0","0","0","0","1"
"POINT (11.520290383000031 48.149976222000078)","Unfall 220152 (2019) Kat:3, Licht: 2","220152","3","2","5","11","05","3","1","2","1","1","0","0"
"POINT (11.572315354000068 48.192213859000049)","Unfall 220153 (2019) Kat:3, Licht: 0","220153","3","2","3","11","07","3","1","0","1","1","0","0"
"POINT (11.507057198000041 48.171492301000058)","Unfall 220154 (2019) Kat:3, Licht: 2","220154","3","2","5","11","17","3","0","2","1","1","0","0"
"POINT (11.552478769000061 48.208158784000034)","Unfall 220155 (2019) Kat:3, Licht: 0","220155","3","2","3","11","07","3","1","0","1","1","0","0"
"POINT (11.539948492000065 48.115594654000063)","Unfall 220156 (2019) Kat:3, Licht: 2","220156","3","6","6","11","19","3","0","2","1","0","1","0"
"POINT (11.571546768000076 48.160658293000040)","Unfall 220157 (2019) Kat:3, Licht: 0","220157","3","6","2","11","07","3","1","0","1","1","0","0"
"POINT (11.530065911000065 48.159608251000066)","Unfall 220201 (2019) Kat:3, Licht: 1","220201","3","6","2","11","16","2","0","1","0","1","0","0"
"POINT (11.573553359000073 48.170254344000057)","Unfall 220202 (2019) Kat:3, Licht: 0","220202","3","3","5","11","14","2","1","0","1","1","0","0"
"POINT (11.566363637000052 48.140628961000061)","Unfall 220203 (2019) Kat:3, Licht: 0","220203","3","3","5","11","16","2","1","0","1","0","0","0"
"POINT (11.558148415000062 48.119432746000030)","Unfall 220204 (2019) Kat:2, Licht: 0","220204","2","7","5","11","09","2","0","0","1","1","0","0"
"POINT (11.653873100000055 48.118049226000039)","Unfall 220206 (2019) Kat:3, Licht: 2","220206","3","3","5","11","18","2","1","2","1","1","0","0"
"POINT (11.660768456000028 48.126093396000044)","Unfall 220207 (2019) Kat:3, Licht: 0","220207","3","4","6","11","07","2","0","0","1","0","1","0"
"POINT (11.581008947000043 48.124379749000070)","Unfall 220208 (2019) Kat:2, Licht: 2","220208","2","2","6","11","17","2","1","2","0","1","1","0"
"POINT (11.474139512000022 48.182029277000026)","Unfall 220209 (2019) Kat:3, Licht: 1","220209","3","3","5","11","16","2","1","1","0","1","0","0"
"POINT (11.676909523000063 48.079095807000044)","Unfall 220210 (2019) Kat:3, Licht: 0","220210","3","2","5","11","16","2","1","0","0","1","0","0"
"POINT (11.536261690000060 48.116911284000025)","Unfall 220211 (2019) Kat:3, Licht: 0","220211","3","4","6","11","16","2","1","0","1","0","1","0"
"POINT (11.528198658000065 48.139027559000056)","Unfall 220212 (2019) Kat:3, Licht: 2","220212","3","3","5","11","19","2","1","2","0","1","0","0"
"POINT (11.590475108000021 48.166522160000056)","Unfall 220213 (2019) Kat:3, Licht: 0","220213","3","7","0","11","12","2","0","0","1","0","0","0"
"POINT (11.580130361000045 48.115785017000064)","Unfall 220282 (2019) Kat:3, Licht: 2","220282","3","1","1","11","17","1","1","2","0","1","0","0"
"POINT (11.591226280000058 48.116189426000062)","Unfall 220283 (2019) Kat:3, Licht: 2","220283","3","7","0","11","19","1","1","2","0","1","0","1"
"POINT (11.548774275000028 48.125660772000060)","Unfall 220284 (2019) Kat:3, Licht: 0","220284","3","7","0","11","14","1","1","0","1","0","0","0"
"POINT (11.628344093000067 48.101365722000025)","Unfall 220285 (2019) Kat:2, Licht: 2","220285","2","2","5","11","18","1","1","2","0","1","0","0"
"POINT (11.643454255000051 48.124068506000071)","Unfall 220286 (2019) Kat:3, Licht: 0","220286","3","7","0","11","12","1","0","0","1","0","0","0"
"POINT (11.466435399000034 48.149980603000074)","Unfall 220287 (2019) Kat:3, Licht: 2","220287","3","3","6","11","18","1","1","2","0","1","1","0"
"POINT (11.552073871000061 48.186089558000049)","Unfall 220288 (2019) Kat:3, Licht: 2","220288","3","6","2","11","17","1","1","2","0","1","0","0"
"POINT (11.584645105000050 48.138265178000040)","Unfall 220289 (2019) Kat:3, Licht: 2","220289","3","6","3","11","19","1","1","2","0","1","0","1"
"POINT (11.577280705000021 48.138959048000061)","Unfall 220306 (2019) Kat:3, Licht: 1","220306","3","1","0","11","22","7","0","1","0","0","0","0"
"POINT (11.578485030000024 48.152221056000030)","Unfall 220307 (2019) Kat:3, Licht: 2","220307","3","7","4","11","19","7","0","2","1","1","0","0"
"POINT (11.435502231000044 48.156535922000046)","Unfall 220308 (2019) Kat:3, Licht: 2","220308","3","7","0","11","19","7","1","2","0","0","0","1"
"POINT (11.646433906000027 48.103765659000032)","Unfall 220309 (2019) Kat:3, Licht: 0","220309","3","6","2","11","16","7","0","0","0","1","0","0"
"POINT (11.566436606000025 48.133388843000034)","Unfall 220310 (2019) Kat:3, Licht: 0","220310","3","3","5","11","16","7","0","0","0","1","0","0"
"POINT (11.556323549000069 48.148993213000040)","Unfall 220312 (2019) Kat:3, Licht: 2","220312","3","7","7","11","20","7","1","2","1","0","0","0"
"POINT (11.534145142000057 48.108895275000066)","Unfall 220313 (2019) Kat:3, Licht: 0","220313","3","2","5","11","14","7","1","0","1","1","0","0"
"POINT (11.575105771000040 48.160321887000066)","Unfall 220314 (2019) Kat:3, Licht: 0","220314","3","7","0","11","12","7","1","0","1","0","0","0"
"POINT (11.579116908000060 48.145929575000025)","Unfall 220347 (2019) Kat:3, Licht: 2","220347","3","7","0","11","01","6","1","2","0","0","0","0"
"POINT (11.594287422000036 48.161791531000063)","Unfall 220348 (2019) Kat:3, Licht: 0","220348","3","5","1","11","11","6","0","0","1","1","0","0"
"POINT (11.580683531000034 48.187807723000049)","Unfall 220390 (2019) Kat:3, Licht: 0","220390","3","6","3","11","14","2","1","0","0","1","0","0"
"POINT (11.599401256000021 48.187269708000031)","Unfall 220391 (2019) Kat:3, Licht: 0","220391","3","6","2","11","11","2","0","0","0","1","0","0"
"POINT (11.587328022000065 48.143224419000035)","Unfall 220392 (2019) Kat:3, Licht: 1","220392","3","2","3","11","17","2","0","1","1","1","0","0"
"POINT (11.687594952000040 48.140304271000048)","Unfall 220393 (2019) Kat:3, Licht: 1","220393","3","7","3","11","17","2","1","1","1","0","0","0"
"POINT (11.534649608000052 48.182121754000036)","Unfall 220394 (2019) Kat:3, Licht: 0","220394","3","5","1","11","16","2","0","0","1","1","0","0"
"POINT (11.494589308000059 48.095426878000069)","Unfall 220395 (2019) Kat:3, Licht: 0","220395","3","5","1","11","13","2","0","0","1","1","0","0"
"POINT (11.581665278000060 48.105880607000074)","Unfall 220396 (2019) Kat:3, Licht: 0","220396","3","3","5","11","09","2","0","0","1","1","0","0"
"POINT (11.522874311000066 48.134190295000053)","Unfall 220431 (2019) Kat:3, Licht: 2","220431","3","1","8","11","02","1","0","2","0","1","0","0"
"POINT (11.565048502000025 48.135597363000045)","Unfall 220432 (2019) Kat:3, Licht: 2","220432","3","6","2","11","01","1","0","2","0","1","0","0"
"POINT (11.688927796000030 48.138836109000067)","Unfall 220433 (2019) Kat:3, Licht: 2","220433","3","2","4","11","15","1","0","2","0","1","0","0"
"POINT (11.534475188000044 48.194844035000074)","Unfall 220434 (2019) Kat:3, Licht: 2","220434","3","3","5","11","17","1","0","2","1","1","0","0"
"POINT (11.632251794000069 48.139533533000076)","Unfall 220435 (2019) Kat:3, Licht: 0","220435","3","1","0","11","15","1","1","0","1","0","0","0"
"POINT (11.571172210000043 48.137375494000025)","Unfall 220452 (2019) Kat:3, Licht: 0","220452","3","7","0","11","09","7","1","0","0","0","0","0"
"POINT (11.564603463000026 48.136530762000064)","Unfall 220453 (2019) Kat:3, Licht: 2","220453","3","4","6","11","18","7","0","2","0","1","1","0"
"POINT (11.570080168000061 48.135178505000056)","Unfall 220454 (2019) Kat:3, Licht: 2","220454","3","7","0","11","00","7","0","2","0","0","0","0"
"POINT (11.711054862000026 48.106664494000029)","Unfall 220455 (2019) Kat:3, Licht: 0","220455","3","2","5","11","10","7","1","0","0","1","0","1"
"POINT (11.588619665000067 48.137622001000068)","Unfall 220456 (2019) Kat:2, Licht: 0","220456","2","1","0","11","13","7","0","0","1","0","0","0"
"POINT (11.576003052000033 48.134493517000067)","Unfall 220457 (2019) Kat:2, Licht: 2","220457","2","6","4","11","00","7","0","2","0","1","0","1"
"POINT (11.570509682000022 48.142072584000061)","Unfall 220458 (2019) Kat:3, Licht: 2","220458","3","7","6","11","05","7","0","2","0","1","1","0"
"POINT (11.579877902000021 48.125172364000036)","Unfall 220459 (2019) Kat:3, Licht: 2","220459","3","6","0","11","01","7","0","2","0","1","0","0"
"POINT (11.681644357000039 48.135424176000072)","Unfall 220460 (2019) Kat:3, Licht: 2","220460","3","6","2","11","17","7","1","2","0","1","0","0"
"POINT (11.547166601000072 48.186203479000028)","Unfall 220461 (2019) Kat:3, Licht: 0","220461","3","6","2","11","10","7","1","0","0","1","0","0"
"POINT (11.502782438000054 48.164492317000054)","Unfall 220462 (2019) Kat:3, Licht: 0","220462","3","6","1","11","10","7","0","0","0","1","0","0"
"POINT (11.486590347000060 48.075342036000052)","Unfall 220463 (2019) Kat:3, Licht: 0","220463","3","3","5","11","11","7","1","0","0","1","0","0"
"POINT (11.616306321000025 48.148780881000050)","Unfall 220464 (2019) Kat:3, Licht: 2","220464","3","4","0","11","21","7","0","2","0","1","1","0"
"POINT (11.572935284000039 48.174984044000041)","Unfall 220465 (2019) Kat:3, Licht: 2","220465","3","6","2","11","21","7","0","2","0","1","0","0"
"POINT (11.559534834000033 48.139221759000066)","Unfall 220488 (2019) Kat:2, Licht: 0","220488","2","4","6","11","08","6","0","0","0","1","1","0"
"POINT (11.547896713000057 48.198293071000080)","Unfall 220490 (2019) Kat:3, Licht: 0","220490","3","3","5","11","09","6","0","0","0","1","0","0"
"POINT (11.617760600000054 48.153547310000079)","Unfall 220491 (2019) Kat:3, Licht: 0","220491","3","7","3","11","08","6","0","0","0","1","0","0"
"POINT (11.490139554000052 48.176581739000028)","Unfall 220493 (2019) Kat:3, Licht: 0","220493","3","3","5","11","07","6","0","0","1","1","0","0"
"POINT (11.661438253000028 48.133902668000076)","Unfall 220494 (2019) Kat:3, Licht: 0","220494","3","6","3","11","11","6","1","0","0","1","0","0"
"POINT (11.583415030000026 48.157467658000030)","Unfall 220495 (2019) Kat:3, Licht: 2","220495","3","6","3","11","20","6","0","2","1","1","0","0"
"POINT (11.429814008000051 48.173932900000068)","Unfall 220496 (2019) Kat:3, Licht: 2","220496","3","3","5","11","17","6","0","2","0","1","0","0"
"POINT (11.555889619000027 48.137158024000030)","Unfall 220498 (2019) Kat:3, Licht: 0","220498","3","5","3","11","11","6","1","0","1","1","0","0"
"POINT (11.576942528000075 48.131055213000081)","Unfall 220558 (2019) Kat:3, Licht: 0","220558","3","2","0","11","12","5","0","0","1","0","0","0"
"POINT (11.490621045000069 48.118424079000079)","Unfall 220559 (2019) Kat:3, Licht: 0","220559","3","1","9","11","14","5","0","0","0","1","0","0"
"POINT (11.562562452000066 48.210453648000055)","Unfall 220560 (2019) Kat:3, Licht: 0","220560","3","6","1","11","14","5","0","0","0","1","0","0"
"POINT (11.535271428000044 48.176398122000080)","Unfall 220561 (2019) Kat:3, Licht: 2","220561","3","6","3","11","23","5","0","2","0","1","0","0"
"POINT (11.381972835000056 48.164041730000065)","Unfall 220562 (2019) Kat:3, Licht: 0","220562","3","3","5","11","07","5","0","0","1","1","0","0"
"POINT (11.564560007000068 48.198428489000037)","Unfall 220563 (2019) Kat:2, Licht: 0","220563","2","2","5","11","09","5","0","0","1","1","0","0"
"POINT (11.572870372000068 48.204804980000063)","Unfall 220564 (2019) Kat:3, Licht: 2","220564","3","6","4","11","05","5","0","2","1","0","0","0"
"POINT (11.537395131000039 48.176375112000073)","Unfall 220565 (2019) Kat:3, Licht: 0","220565","3","6","2","11","08","5","0","0","0","1","0","0"
"POINT (11.480633803000046 48.181134986000075)","Unfall 220566 (2019) Kat:3, Licht: 0","220566","3","3","5","11","08","5","0","0","0","1","0","1"
"POINT (11.589482829000076 48.131803092000041)","Unfall 220568 (2019) Kat:3, Licht: 0","220568","3","2","3","11","09","5","0","0","1","1","0","0"
"POINT (11.550612542000067 48.143875311000045)","Unfall 220569 (2019) Kat:3, Licht: 2","220569","3","1","0","11","00","5","0","2","1","0","0","0"
"POINT (11.577327377000074 48.166799012000070)","Unfall 220570 (2019) Kat:3, Licht: 0","220570","3","7","2","11","15","5","0","0","0","1","0","1"
"POINT (11.566179526000042 48.161002404000044)","Unfall 220571 (2019) Kat:3, Licht: 0","220571","3","6","5","11","13","5","0","0","0","0","0","0"
"POINT (11.546097407000047 48.216246463000061)","Unfall 220654 (2019) Kat:3, Licht: 2","220654","3","3","5","11","17","1","0","2","1","1","0","0"