WKT,Name,OBJECTID,UKATEGORIE,UTYP1,UART,UMONAT,USTUNDE,UWOCHENTAG,STRZUSTAND,ULICHTVERH,ISTRAD,ISTPKW,ISTFUSS,ISTKRAD
"POINT (11.558607896000069 48.134501379000028)","Unfall 220655 (2019) Kat:3, Licht: 1","220655","3","3","5","11","16","1","0","1","1","1","0","0"
"POINT (11.607506393000051 48.120956487000058)","Unfall 220656 (2019) Kat:3, Licht: 2","220656","3","6","1","11","22","1","1","2","0","1","0","0"
"POINT (11.609793544000070 48.118449421000037)","Unfall 220657 (2019) Kat:3, Licht: 2","220657","3","4","6","11","06","1","1","2","0","1","1","0"
"POINT (11.591807624000069 48.136844267000072)","Unfall 220658 (2019) Kat:3, Licht: 2","220658","3","7","0","11","03","1","1","2","1","0","0","0"
"POINT (11.472372348000022 48.152120420000074)","Unfall 220675 (2019) Kat:3, Licht: 0","220675","3","2","6","11","09","7","0","0","0","1","1","0"
"POINT (11.544918573000075 48.148914395000077)","Unfall 220676 (2019) Kat:3, Licht: 0","220676","3","5","1","11","11","7","0","0","1","1","0","0"
"POINT (11.558803100000034 48.147488795000072)","Unfall 220677 (2019) Kat:3, Licht: 1","220677","3","2","5","11","16","7","0","1","1","1","0","0"
"POINT (11.503014296000060 48.134722183000065)","Unfall 220678 (2019) Kat:3, Licht: 0","220678","3","6","3","11","13","7","0","0","0","1","0","0"
"POINT (11.646210158000031 48.106865893000077)","Unfall 220679 (2019) Kat:3, Licht: 2","220679","3","7","5","11","19","7","0","2","1","1","0","0"
"POINT (11.625642344000028 48.121414324000057)","Unfall 220680 (2019) Kat:3, Licht: 0","220680","3","1","8","11","14","7","0","0","1","0","0","0"
"POINT (11.604590718000054 48.105741221000073)","Unfall 220681 (2019) Kat:3, Licht: 0","220681","3","2","5","11","13","7","0","0","1","1","0","0"
"POINT (11.602968649000047 48.128650696000079)","Unfall 220682 (2019) Kat:3, Licht: 2","220682","3","7","6","11","19","7","0","2","0","1","1","0"
"POINT (11.571841217000042 48.113526054000033)","Unfall 220713 (2019) Kat:2, Licht: 2","220713","2","7","0","11","01","6","0","2","1","0","0","0"
"POINT (11.579450944000030 48.146828795000033)","Unfall 220714 (2019) Kat:3, Licht: 0","220714","3","2","3","11","08","6","0","0","1","1","0","0"
"POINT (11.487472949000050 48.139725600000077)","Unfall 220715 (2019) Kat:3, Licht: 0","220715","3","7","0","11","13","6","0","0","1","0","0","0"
"POINT (11.636092845000064 48.125526775000026)","Unfall 220716 (2019) Kat:3, Licht: 0","220716","3","3","5","11","12","6","0","0","1","1","0","0"
"POINT (11.670978648000073 48.115576328000031)","Unfall 220717 (2019) Kat:3, Licht: 2","220717","3","3","5","11","17","6","1","2","0","0","0","0"
"POINT (11.576073735000023 48.184445168000082)","Unfall 220718 (2019) Kat:3, Licht: 2","220718","3","4","6","11","17","6","0","2","1","0","1","0"
"POINT (11.548231092000037 48.191338184000074)","Unfall 220719 (2019) Kat:2, Licht: 0","220719","2","1","0","11","08","6","0","0","1","0","0","0"
"POINT (11.573533048000058 48.094536152000046)","Unfall 220720 (2019) Kat:3, Licht: 0","220720","3","2","5","11","13","6","0","0","1","1","0","0"
"POINT (11.592288221000047 48.165647530000058)","Unfall 220721 (2019) Kat:3, Licht: 1","220721","3","6","2","11","17","6","0","1","0","1","0","0"
"POINT (11.584230798000021 48.157285906000027)","Unfall 220722 (2019) Kat:3, Licht: 0","220722","3","6","3","11","12","6","0","0","1","1","0","0"
"POINT (11.583023170000047 48.154215360000080)","Unfall 220753 (2019) Kat:3, Licht: 1","220753","3","6","2","11","18","5","0","1","0","1","0","0"
"POINT (11.579287306000026 48.149326880000046)","Unfall 220754 (2019) Kat:3, Licht: 1","220754","3","4","6","11","17","5","0","1","0","1","1","0"
"POINT (11.521958841000071 48.098965314000054)","Unfall 220755 (2019) Kat:3, Licht: 0","220755","3","2","5","11","09","5","0","0","1","1","0","0"
"POINT (11.547220609000021 48.159930498000051)","Unfall 220756 (2019) Kat:2, Licht: 2","220756","2","3","3","11","05","5","0","2","1","1","0","0"
"POINT (11.702793646000032 48.114555075000055)","Unfall 220757 (2019) Kat:2, Licht: 0","220757","2","7","0","11","13","5","0","0","1","1","0","0"
"POINT (11.629802861000030 48.115686155000049)","Unfall 220758 (2019) Kat:3, Licht: 0","220758","3","6","2","11","07","5","1","0","1","1","0","0"
"POINT (11.548710544000073 48.143073667000067)","Unfall 220759 (2019) Kat:3, Licht: 0","220759","3","5","1","11","07","5","0","0","1","1","0","0"
"POINT (11.551103516000069 48.145793372000071)","Unfall 220760 (2019) Kat:3, Licht: 2","220760","3","7","7","11","18","5","0","2","1","0","0","0"
"POINT (11.558664587000067 48.147601428000030)","Unfall 220808 (2019) Kat:2, Licht: 1","220808","2","4","6","11","19","4","1","1","1","0","1","0"
"POINT (11.566764878000072 48.182486519000065)","Unfall 220809 (2019) Kat:3, Licht: 2","220809","3","3","5","11","17","4","0","2","0","1","0","0"
"POINT (11.630459887000029 48.128345632000048)","Unfall 220810 (2019) Kat:2, Licht: 2","220810","2","6","5","11","21","4","0","2","1","1","0","0"
"POINT (11.528235929000061 48.165323050000040)","Unfall 220811 (2019) Kat:3, Licht: 1","220811","3","2","5","11","08","4","1","1","1","0","0","0"
"POINT (11.586213456000053 48.128953365000029)","Unfall 220812 (2019) Kat:3, Licht: 0","220812","3","3","5","11","15","4","0","0","1","1","0","0"
"POINT (11.554559447000031 48.127690488000042)","Unfall 220813 (2019) Kat:3, Licht: 0","220813","3","6","3","11","09","4","1","0","0","1","0","0"
"POINT (11.502965332000031 48.135390565000080)","Unfall 220814 (2019) Kat:2, Licht: 1","220814","2","4","6","11","16","4","1","1","0","1","1","0"
"POINT (11.611465444000032 48.199906974000044)","Unfall 220815 (2019) Kat:3, Licht: 0","220815","3","2","5","11","07","4","1","0","1","1","0","0"
"POINT (11.588363173000062 48.201230828000064)","Unfall 220816 (2019) Kat:3, Licht: 0","220816","3","2","5","11","08","4","1","0","1","1","0","0"
"POINT (11.596596459000068 48.187574569000049)","Unfall 220817 (2019) Kat:3, Licht: 2","220817","3","6","1","11","06","4","1","2","0","1","0","0"
"POINT (11.461730708000061 48.140443490000052)","Unfall 220818 (2019) Kat:3, Licht: 2","220818","3","2","6","11","18","4","1","2","0","1","1","0"
"POINT (11.511493767000047 48.156252895000080)","Unfall 220819 (2019) Kat:3, Licht: 0","220819","3","6","2","11","07","4","1","0","0","1","0","0"
"POINT (11.530004274000021 48.129206018000048)","Unfall 220820 (2019) Kat:3, Licht: 2","220820","3","3","5","11","04","4","1","2","0","1","0","1"
"POINT (11.585711542000070 48.175975039000036)","Unfall 220821 (2019) Kat:3, Licht: 0","220821","3","3","5","11","08","4","0","0","1","1","0","0"
"POINT (11.563741772000071 48.153739532000031)","Unfall 220822 (2019) Kat:3, Licht: 0","220822","3","3","5","11","14","4","0","0","1","1","0","0"
"POINT (11.583249822000028 48.141557605000060)","Unfall 220866 (2019) Kat:3, Licht: 0","220866","3","2","4","11","09","3","1","0","1","1","0","0"
"POINT (11.566504850000058 48.123441278000030)","Unfall 220867 (2019) Kat:2, Licht: 0","220867","2","3","5","11","15","3","0","0","1","0","0","0"
"POINT (11.577023582000038 48.164738402000069)","Unfall 220868 (2019) Kat:3, Licht: 0","220868","3","3","5","11","09","3","1","0","0","1","0","0"
"POINT (11.480004958000052 48.108686540000065)","Unfall 220869 (2019) Kat:3, Licht: 1","220869","3","2","5","11","17","3","0","1","1","1","0","0"
"POINT (11.514558943000054 48.165276879000032)","Unfall 220870 (2019) Kat:3, Licht: 0","220870","3","7","1","11","14","3","0","0","0","1","0","0"
"POINT (11.523971298000049 48.118721527000048)","Unfall 220871 (2019) Kat:3, Licht: 2","220871","3","3","5","11","17","3","0","2","1","1","0","0"
"POINT (11.582358759000044 48.130974670000057)","Unfall 220872 (2019) Kat:3, Licht: 1","220872","3","6","3","11","16","3","1","1","0","1","0","0"
"POINT (11.575679407000052 48.157670138000071)","Unfall 220873 (2019) Kat:3, Licht: 0","220873","3","3","5","11","10","3","0","0","1","1","0","0"
"POINT (11.620804647000057 48.210425957000041)","Unfall 220874 (2019) Kat:3, Licht: 0","220874","3","1","8","11","12","3","1","0","0","1","0","0"
"POINT (11.585822489000066 48.131850099000076)","Unfall 220875 (2019) Kat:3, Licht: 0","220875","3","2","3","11","10","3","1","0","1","1","0","0"
"POINT (11.563857657000028 48.204680745000076)","Unfall 220876 (2019) Kat:3, Licht: 0","220876","3","6","2","11","07","3","1","0","0","1","0","0"
"POINT (11.470290991000070 48.164738708000073)","Unfall 220877 (2019) Kat:3, Licht: 2","220877","3","2","3","11","18","3","0","2","1","1","0","0"
"POINT (11.669856671000048 48.122028236000062)","Unfall 220879 (2019) Kat:3, Licht: 0","220879","3","5","3","11","07","3","1","0","1","1","0","0"
"POINT (11.605340909000063 48.148082129000045)","Unfall 220880 (2019) Kat:3, Licht: 0","220880","3","1","0","11","09","3","1","0","1","0","0","0"
"POINT (11.602235954000037 48.115755379000063)","Unfall 220881 (2019) Kat:3, Licht: 0","220881","3","2","5","11","08","3","0","0","1","1","0","0"
"POINT (11.537602264000043 48.120158234000030)","Unfall 220901 (2019) Kat:3, Licht: 0","220901","3","6","3","11","15","1","0","0","1","0","0","0"
"POINT (11.565589020000061 48.153207915000053)","Unfall 220920 (2019) Kat:3, Licht: 0","220920","3","6","3","11","14","7","0","0","1","1","0","0"
"POINT (11.542979906000028 48.209188610000069)","Unfall 220921 (2019) Kat:3, Licht: 0","220921","3","4","6","11","10","7","0","0","0","1","1","0"
"POINT (11.565103872000066 48.209140179000030)","Unfall 220961 (2019) Kat:3, Licht: 0","220961","3","7","6","11","11","6","0","0","0","1","1","0"
"POINT (11.475637802000051 48.107308855000042)","Unfall 220962 (2019) Kat:3, Licht: 0","220962","3","3","5","11","14","6","0","0","0","1","0","0"
"POINT (11.572230100000070 48.149428698000065)","Unfall 220963 (2019) Kat:2, Licht: 0","220963","2","4","6","11","10","6","0","0","0","0","1","0"
"POINT (11.659324692000041 48.103510261000054)","Unfall 220964 (2019) Kat:3, Licht: 2","220964","3","2","6","11","16","6","0","2","0","1","1","0"
"POINT (11.561519071000077 48.146931197000072)","Unfall 220965 (2019) Kat:3, Licht: 0","220965","3","1","0","11","08","6","0","0","0","0","0","1"
"POINT (11.566105416000028 48.134498365000070)","Unfall 221001 (2019) Kat:3, Licht: 0","221001","3","4","6","11","14","5","0","0","0","1","1","0"
"POINT (11.562285344000031 48.215592425000068)","Unfall 221002 (2019) Kat:3, Licht: 2","221002","3","6","2","11","16","5","0","2","0","1","0","0"
"POINT (11.447866433000058 48.140371514000037)","Unfall 221003 (2019) Kat:3, Licht: 2","221003","3","4","6","11","17","5","0","2","0","1","1","0"
"POINT (11.545542845000057 48.139403761000040)","Unfall 221004 (2019) Kat:2, Licht: 0","221004","2","7","0","11","15","5","0","0","1","0","0","0"
"POINT (11.554017877000035 48.144632763000061)","Unfall 221005 (2019) Kat:3, Licht: 0","221005","3","7","0","11","09","5","0","0","1","0","0","0"
"POINT (11.503261115000043 48.188656655000045)","Unfall 221006 (2019) Kat:3, Licht: 0","221006","3","3","5","11","11","5","0","0","1","1","0","0"
"POINT (11.531349404000025 48.156736014000046)","Unfall 221007 (2019) Kat:2, Licht: 0","221007","2","2","5","11","08","5","0","0","1","1","0","0"
"POINT (11.520448874000067 48.146518524000044)","Unfall 221008 (2019) Kat:3, Licht: 1","221008","3","2","5","11","07","5","0","1","1","1","0","0"
"POINT (11.613690589000043 48.127093025000079)","Unfall 221009 (2019) Kat:3, Licht: 2","221009","3","3","5","11","06","5","0","2","0","1","0","0"
"POINT (11.574906498000075 48.153264904000025)","Unfall 221048 (2019) Kat:3, Licht: 2","221048","3","5","2","11","19","4","0","2","1","1","0","0"
"POINT (11.573037361000047 48.135561545000030)","Unfall 221049 (2019) Kat:3, Licht: 0","221049","3","1","0","11","12","4","0","0","1","1","0","0"
"POINT (11.577283758000021 48.160157731000027)","Unfall 221050 (2019) Kat:3, Licht: 0","221050","3","2","3","11","07","4","0","0","1","0","0","0"
"POINT (11.547035259000040 48.149759778000032)","Unfall 221052 (2019) Kat:2, Licht: 2","221052","2","6","2","11","18","4","0","2","1","0","0","0"
"POINT (11.574290673000064 48.185778068000047)","Unfall 221053 (2019) Kat:3, Licht: 0","221053","3","7","1","11","07","4","0","0","1","1","0","0"
"POINT (11.508378455000070 48.171089428000073)","Unfall 221054 (2019) Kat:3, Licht: 0","221054","3","3","5","11","10","4","0","0","1","1","0","0"
"POINT (11.534201287000030 48.152615312000080)","Unfall 221055 (2019) Kat:3, Licht: 2","221055","3","7","0","11","19","4","0","2","0","0","0","1"
"POINT (11.580125676000023 48.115700416000038)","Unfall 221056 (2019) Kat:3, Licht: 0","221056","3","4","6","11","11","4","0","0","0","0","1","0"
"POINT (11.588683671000069 48.143033760000037)","Unfall 221057 (2019) Kat:3, Licht: 2","221057","3","6","5","11","21","4","0","2","0","1","0","1"
"POINT (11.534382437000033 48.169018357000027)","Unfall 221095 (2019) Kat:3, Licht: 0","221095","3","2","3","11","08","3","0","0","1","1","0","0"
"POINT (11.631285463000040 48.166866043000027)","Unfall 221096 (2019) Kat:3, Licht: 0","221096","3","3","5","11","07","3","0","0","1","1","0","0"
"POINT (11.602894165000066 48.116033297000058)","Unfall 221097 (2019) Kat:3, Licht: 0","221097","3","7","0","11","09","3","0","0","0","0","0","0"
"POINT (11.650006975000053 48.109154817000046)","Unfall 221098 (2019) Kat:2, Licht: 1","221098","2","3","5","11","07","3","0","1","0","1","0","0"
"POINT (11.522572018000062 48.144989509000027)","Unfall 221099 (2019) Kat:3, Licht: 2","221099","3","4","6","11","22","3","0","2","0","1","1","0"
"POINT (11.463172647000022 48.164774923000039)","Unfall 221100 (2019) Kat:2, Licht: 0","221100","2","2","4","11","07","3","1","0","0","0","0","1"
"POINT (11.573306976000026 48.155752286000052)","Unfall 221101 (2019) Kat:3, Licht: 0","221101","3","6","0","11","13","3","0","0","1","1","0","0"
"POINT (11.494756546000076 48.177952769000058)","Unfall 221102 (2019) Kat:3, Licht: 2","221102","3","2","5","11","06","3","0","2","1","1","0","0"
"POINT (11.564885533000052 48.167914032000056)","Unfall 221103 (2019) Kat:3, Licht: 2","221103","3","6","2","11","17","3","0","2","0","1","0","0"
"POINT (11.502611198000068 48.126049906000048)","Unfall 221104 (2019) Kat:3, Licht: 2","221104","3","2","4","11","05","3","0","2","1","1","0","0"
"POINT (11.602308555000036 48.123748710000029)","Unfall 221105 (2019) Kat:3, Licht: 0","221105","3","2","5","11","09","3","0","0","1","1","0","0"
"POINT (11.602567561000058 48.114056010000070)","Unfall 221140 (2019) Kat:3, Licht: 2","221140","3","3","5","11","17","2","1","2","1","1","0","0"
"POINT (11.529090201000031 48.099880776000077)","Unfall 221141 (2019) Kat:3, Licht: 2","221141","3","2","5","11","20","2","0","2","0","1","0","0"
"POINT (11.493356902000073 48.129145757000060)","Unfall 221142 (2019) Kat:3, Licht: 0","221142","3","6","6","11","13","2","0","0","1","0","1","0"
"POINT (11.462547199000028 48.154123994000031)","Unfall 221143 (2019) Kat:2, Licht: 0","221143","2","3","5","11","09","2","0","0","1","1","0","0"
"POINT (11.583084240000062 48.159757575000071)","Unfall 221144 (2019) Kat:3, Licht: 1","221144","3","3","0","11","17","2","0","1","0","1","0","0"
"POINT (11.528539467000030 48.155825661000051)","Unfall 221145 (2019) Kat:3, Licht: 1","221145","3","5","1","11","16","2","0","1","1","1","0","0"
"POINT (11.523826366000037 48.099532364000027)","Unfall 221146 (2019) Kat:3, Licht: 2","221146","3","3","5","11","17","2","0","2","0","1","0","0"
"POINT (11.502518612000074 48.116319871000030)","Unfall 221147 (2019) Kat:3, Licht: 0","221147","3","3","5","11","08","2","0","0","1","1","0","0"
"POINT (11.534114190000025 48.148782400000073)","Unfall 221149 (2019) Kat:3, Licht: 1","221149","3","3","5","11","17","2","0","1","1","1","0","0"
"POINT (11.634520836000036 48.169150717000036)","Unfall 221150 (2019) Kat:3, Licht: 0","221150","3","2","3","11","13","2","0","0","0","0","0","0"
"POINT (11.644751556000074 48.165026283000032)","Unfall 221151 (2019) Kat:3, Licht: 0","221151","3","1","0","11","08","2","0","0","1","0","0","0"
"POINT (11.552745632000040 48.161517045000039)","Unfall 221154 (2019) Kat:3, Licht: 0","221154","3","2","5","11","09","6","0","0","1","1","0","0"
"POINT (11.565336184000046 48.143422081000040)","Unfall 221155 (2019) Kat:3, Licht: 0","221155","3","2","3","11","12","6","0","0","1","1","0","0"
"POINT (11.528772924000066 48.187291714000025)","Unfall 221156 (2019) Kat:3, Licht: 0","221156","3","3","5","11","07","6","1","0","0","1","0","1"
"POINT (11.531765325000038 48.163261094000063)","Unfall 221157 (2019) Kat:3, Licht: 0","221157","3","5","1","11","14","6","1","0","1","1","0","0"
"POINT (11.609958493000022 48.138200990000030)","Unfall 221159 (2019) Kat:3, Licht: 2","221159","3","4","6","11","17","6","0","2","0","1","1","0"
"POINT (11.544691500000056 48.113741042000072)","Unfall 221160 (2019) Kat:3, Licht: 0","221160","3","6","1","11","12","6","1","0","1","1","0","0"
"POINT (11.549762748000035 48.127043131000050)","Unfall 221161 (2019) Kat:3, Licht: 2","221161","3","5","1","11","06","6","1","2","1","1","0","0"
"POINT (11.584226928000021 48.143848678000040)","Unfall 221162 (2019) Kat:3, Licht: 2","221162","3","3","5","11","18","6","0","2","1","1","0","0"
"POINT (11.570285056000046 48.140686759000062)","Unfall 221215 (2019) Kat:3, Licht: 2","221215","3","1","0","11","02","5","0","2","0","0","0","0"
"POINT (11.558620759000064 48.132845204000034)","Unfall 221216 (2019) Kat:3, Licht: 2","221216","3","2","5","11","06","5","1","2","1","1","0","0"
"POINT (11.565287461000025 48.122503406000078)","Unfall 221217 (2019) Kat:3, Licht: 0","221217","3","3","5","11","12","5","0","0","0","1","0","0"
"POINT (11.579293930000063 48.149325042000044)","Unfall 221218 (2019) Kat:3, Licht: 0","221218","3","7","0","11","14","5","0","0","0","0","0","0"
"POINT (11.574038578000057 48.140304452000066)","Unfall 221219 (2019) Kat:3, Licht: 2","221219","3","1","0","11","00","5","0","2","0","0","0","0"
"POINT (11.538069728000039 48.135835646000032)","Unfall 221220 (2019) Kat:3, Licht: 0","221220","3","6","3","11","14","5","0","0","1","1","0","0"
"POINT (11.592764359000057 48.177508168000031)","Unfall 221221 (2019) Kat:3, Licht: 0","221221","3","3","5","11","11","5","0","0","0","1","0","0"
"POINT (11.556072490000076 48.139107815000045)","Unfall 221222 (2019) Kat:3, Licht: 0","221222","3","3","3","11","14","5","0","0","0","1","0","0"
"POINT (11.577847649000034 48.149362680000081)","Unfall 221223 (2019) Kat:2, Licht: 2","221223","2","6","2","11","20","5","0","2","1","1","0","0"
"POINT (11.556237874000033 48.208322001000056)","Unfall 221224 (2019) Kat:3, Licht: 2","221224","3","3","5","11","22","5","0","2","0","1","0","0"
"POINT (11.560226030000024 48.088769644000081)","Unfall 221225 (2019) Kat:3, Licht: 0","221225","3","3","5","11","16","5","0","0","0","1","0","0"
"POINT (11.465814236000028 48.197812934000069)","Unfall 221226 (2019) Kat:3, Licht: 1","221226","3","2","5","11","07","5","1","1","1","0","0","0"
"POINT (11.554059379000023 48.148360034000063)","Unfall 221227 (2019) Kat:3, Licht: 0","221227","3","2","5","11","09","5","1","0","1","1","0","0"
"POINT (11.615567683000052 48.155405843000040)","Unfall 221228 (2019) Kat:3, Licht: 0","221228","3","3","5","11","07","5","1","0","0","1","0","0"
"POINT (11.645123294000030 48.162917823000043)","Unfall 221229 (2019) Kat:3, Licht: 0","221229","3","1","0","11","08","5","1","0","1","0","0","0"
"POINT (11.658442943000068 48.147148240000035)","Unfall 221230 (2019) Kat:3, Licht: 0","221230","3","4","6","11","07","5","1","0","0","1","1","0"
"POINT (11.495181851000041 48.136016223000070)","Unfall 221231 (2019) Kat:3, Licht: 1","221231","3","2","0","11","07","5","0","1","0","1","1","0"
"POINT (11.528148892000047 48.140161313000078)","Unfall 221232 (2019) Kat:3, Licht: 2","221232","3","1","0","11","20","5","0","2","1","0","0","0"
"POINT (11.588722789000030 48.139086281000061)","Unfall 221233 (2019) Kat:3, Licht: 0","221233","3","1","1","11","07","5","1","0","1","1","0","0"
"POINT (11.570532991000050 48.128304529000047)","Unfall 221272 (2019) Kat:3, Licht: 0","221272","3","7","0","11","08","4","0","0","0","1","0","1"
"POINT (11.589935005000029 48.109634538000080)","Unfall 221273 (2019) Kat:3, Licht: 0","221273","3","5","1","11","08","4","0","0","1","0","0","0"
"POINT (11.644603871000072 48.096940105000044)","Unfall 221274 (2019) Kat:3, Licht: 2","221274","3","6","2","11","19","4","1","2","0","1","0","0"
"POINT (11.503361861000030 48.112416832000065)","Unfall 221275 (2019) Kat:2, Licht: 2","221275","2","4","6","11","18","4","0","2","0","0","1","0"
"POINT (11.496521032000032 48.116721335000079)","Unfall 221276 (2019) Kat:2, Licht: 2","221276","2","5","1","11","20","4","1","2","1","1","0","0"
"POINT (11.577609052000071 48.139552240000057)","Unfall 221277 (2019) Kat:3, Licht: 0","221277","3","6","0","11","12","4","0","0","1","1","0","0"
"POINT (11.541650876000062 48.134680992000028)","Unfall 221278 (2019) Kat:3, Licht: 0","221278","3","7","1","11","13","4","0","0","1","1","0","0"
"POINT (11.481604263000065 48.141531631000078)","Unfall 221279 (2019) Kat:3, Licht: 0","221279","3","2","3","11","13","4","1","0","1","1","0","0"
"POINT (11.599001022000039 48.112584213000048)","Unfall 221331 (2019) Kat:3, Licht: 0","221331","3","3","5","11","08","3","1","0","0","1","0","0"
"POINT (11.586704677000057 48.187870982000049)","Unfall 221332 (2019) Kat:2, Licht: 0","221332","2","6","3","11","13","3","0","0","0","1","0","1"
"POINT (11.556379028000038 48.152266136000037)","Unfall 221333 (2019) Kat:3, Licht: 0","221333","3","4","6","11","07","3","1","0","1","0","0","0"
"POINT (11.565994623000051 48.159437237000077)","Unfall 221335 (2019) Kat:3, Licht: 0","221335","3","1","0","11","12","3","0","0","0","1","0","0"
"POINT (11.473257707000073 48.125703187000056)","Unfall 221336 (2019) Kat:3, Licht: 2","221336","3","7","6","11","19","3","0","2","1","0","1","0"
"POINT (11.639372007000077 48.159121432000063)","Unfall 221337 (2019) Kat:3, Licht: 2","221337","3","5","1","11","17","3","0","2","1","1","0","0"
"POINT (11.690373582000063 48.133449901000063)","Unfall 221338 (2019) Kat:3, Licht: 2","221338","3","3","5","11","05","3","1","2","1","1","0","0"
"POINT (11.522000820000073 48.137543060000041)","Unfall 221339 (2019) Kat:3, Licht: 0","221339","3","3","5","11","13","3","0","0","1","1","0","0"
"POINT (11.606586141000037 48.140041428000075)","Unfall 221340 (2019) Kat:2, Licht: 0","221340","2","1","0","11","07","3","1","0","1","0","0","0"
"POINT (11.634990288000040 48.147454323000034)","Unfall 221341 (2019) Kat:3, Licht: 1","221341","3","1","0","11","16","3","0","1","1","0","0","0"
"POINT (11.533770903000061 48.133235593000052)","Unfall 221342 (2019) Kat:3, Licht: 0","221342","3","2","1","11","09","3","0","0","0","1","0","0"
"POINT (11.579363053000066 48.129220170000053)","Unfall 221376 (2019) Kat:2, Licht: 1","221376","2","2","6","11","16","2","0","1","1","0","1","0"
"POINT (11.521569994000060 48.179427816000043)","Unfall 221377 (2019) Kat:3, Licht: 2","221377","3","2","4","11","16","2","0","2","1","0","0","0"
"POINT (11.574803007000071 48.128921985000034)","Unfall 221378 (2019) Kat:3, Licht: 0","221378","3","1","3","11","09","2","0","0","1","1","0","0"
"POINT (11.548178001000053 48.149534189000065)","Unfall 221379 (2019) Kat:3, Licht: 0","221379","3","6","3","11","10","2","0","0","1","0","0","0"
"POINT (11.474341411000069 48.164593446000026)","Unfall 221380 (2019) Kat:3, Licht: 2","221380","3","4","6","11","16","2","1","2","0","1","1","0"
"POINT (11.574808825000048 48.167087347000063)","Unfall 221381 (2019) Kat:3, Licht: 0","221381","3","5","1","11","07","2","0","0","1","0","0","0"
"POINT (11.519399252000028 48.150143111000034)","Unfall 221383 (2019) Kat:3, Licht: 1","221383","3","1","0","11","07","2","1","1","1","0","0","0"
"POINT (11.460588972000039 48.148639169000035)","Unfall 221384 (2019) Kat:3, Licht: 0","221384","3","1","0","11","07","2","1","0","1","0","0","0"
"POINT (11.549394847000030 48.160614662000057)","Unfall 221386 (2019) Kat:3, Licht: 2","221386","3","7","3","11","18","2","0","2","0","1","0","0"
"POINT (11.463408245000039 48.166618388000074)","Unfall 221387 (2019) Kat:3, Licht: 1","221387","3","7","9","11","16","2","0","1","1","0","0","0"
"POINT (11.530574237000053 48.171296988000051)","Unfall 221388 (2019) Kat:3, Licht: 2","221388","3","6","1","11","20","2","1","2","0","1","0","0"
"POINT (11.556898841000077 48.186453308000068)","Unfall 221389 (2019) Kat:3, Licht: 0","221389","3","6","2","11","13","2","0","0","0","1","0","0"
"POINT (11.502718738000056 48.128956017000064)","Unfall 221390 (2019) Kat:3, Licht: 1","221390","3","2","4","11","16","2","1","1","0","1","0","0"
"POINT (11.646691011000030 48.109076703000028)","Unfall 221391 (2019) Kat:3, Licht: 0","221391","3","3","5","11","15","2","0","0","1","1","0","0"
"POINT (11.604762409000045 48.105344242000058)","Unfall 221392 (2019) Kat:3, Licht: 2","221392","3","2","3","11","18","2","0","2","1","1","0","0"
"POINT (11.622147325000071 48.144886938000070)","Unfall 221393 (2019) Kat:3, Licht: 0","221393","3","6","4","11","13","2","0","0","1","0","0","0"
"POINT (11.635607050000033 48.140298140000027)","Unfall 221394 (2019) Kat:2, Licht: 2","221394","2","1","0","11","16","2","0","2","1","0","0","0"
"POINT (11.590389471000037 48.132410448000030)","Unfall 221395 (2019) Kat:3, Licht: 2","221395","3","6","2","11","17","2","0","2","0","1","0","0"
"POINT (11.546412758000031 48.130465288000039)","Unfall 221396 (2019) Kat:3, Licht: 1","221396","3","2","4","11","16","2","0","1","1","0","0","0"
"POINT (11.574642699000037 48.163011489000041)","Unfall 221397 (2019) Kat:3, Licht: 0","221397","3","1","2","11","15","2","0","0","1","1","0","0"
"POINT (11.573843168000053 48.135089784000058)","Unfall 221398 (2019) Kat:3, Licht: 0","221398","3","7","6","11","11","2","0","0","0","1","1","0"
"POINT (11.577376889000050 48.145514410000033)","Unfall 221433 (2019) Kat:3, Licht: 2","221433","3","3","6","12","05","5","0","2","0","1","1","0"
"POINT (11.565665272000047 48.142201712000031)","Unfall 221434 (2019) Kat:3, Licht: 2","221434","3","3","5","12","19","5","0","2","1","1","0","0"
"POINT (11.594542302000036 48.164494124000043)","Unfall 221435 (2019) Kat:3, Licht: 2","221435","3","2","5","12","18","5","1","2","1","1","0","0"
"POINT (11.526840430000050 48.133997973000078)","Unfall 221436 (2019) Kat:3, Licht: 0","221436","3","3","5","12","13","5","0","0","1","0","0","0"
"POINT (11.545507169000075 48.134646052000051)","Unfall 221438 (2019) Kat:2, Licht: 2","221438","2","2","6","12","17","5","0","2","0","1","1","0"
"POINT (11.572919151000065 48.177778789000058)","Unfall 221439 (2019) Kat:2, Licht: 0","221439","2","2","6","12","09","5","0","0","0","1","1","0"
"POINT (11.558484696000050 48.156726073000073)","Unfall 221478 (2019) Kat:3, Licht: 1","221478","3","3","5","12","16","4","0","1","0","1","0","0"
"POINT (11.549778172000060 48.138396535000027)","Unfall 221479 (2019) Kat:3, Licht: 2","221479","3","6","3","12","19","4","0","2","0","1","0","0"
"POINT (11.548983496000062 48.144136076000052)","Unfall 221480 (2019) Kat:3, Licht: 2","221480","3","2","2","12","17","4","0","2","1","1","0","0"
"POINT (11.541645737000067 48.139439732000028)","Unfall 221481 (2019) Kat:3, Licht: 0","221481","3","3","5","12","07","4","0","0","1","1","0","0"