WKT,Name,OBJECTID,UKATEGORIE,UTYP1,UART,UMONAT,USTUNDE,UWOCHENTAG,STRZUSTAND,ULICHTVERH,ISTRAD,ISTPKW,ISTFUSS,ISTKRAD
"POINT (11.479084285000056 48.122493422000048)","Unfall 221482 (2019) Kat:3, Licht: 2","221482","3","6","2","12","02","4","0","2","0","1","0","0"
"POINT (11.618236132000050 48.120515754000053)","Unfall 221483 (2019) Kat:3, Licht: 0","221483","3","3","5","12","10","4","0","0","1","1","0","0"
"POINT (11.668904755000028 48.088057588000026)","Unfall 221484 (2019) Kat:3, Licht: 0","221484","3","3","5","12","07","4","1","0","0","1","0","0"
"POINT (11.586398141000075 48.161808227000051)","Unfall 221485 (2019) Kat:3, Licht: 0","221485","3","2","6","12","10","4","0","0","0","1","1","0"
"POINT (11.503979704000074 48.173112669000034)","Unfall 221486 (2019) Kat:3, Licht: 0","221486","3","6","2","12","10","4","0","0","0","1","0","0"
"POINT (11.552042082000071 48.147220123000068)","Unfall 221487 (2019) Kat:3, Licht: 1","221487","3","6","2","12","07","4","0","1","0","1","0","0"
"POINT (11.511976875000073 48.135892101000081)","Unfall 221488 (2019) Kat:3, Licht: 0","221488","3","3","5","12","07","4","0","0","1","1","0","0"
"POINT (11.481298526000046 48.088299729000028)","Unfall 221489 (2019) Kat:3, Licht: 0","221489","3","6","1","12","13","4","0","0","0","0","0","0"
"POINT (11.636394932000030 48.140419122000026)","Unfall 221490 (2019) Kat:3, Licht: 2","221490","3","3","5","12","17","4","0","2","1","1","0","0"
"POINT (11.568036311000071 48.147604613000055)","Unfall 221491 (2019) Kat:3, Licht: 0","221491","3","2","6","12","10","4","0","0","0","1","1","0"
"POINT (11.575683220000030 48.129175906000057)","Unfall 221542 (2019) Kat:3, Licht: 0","221542","3","7","0","12","10","3","0","0","1","0","0","0"
"POINT (11.579711712000062 48.152255511000078)","Unfall 221543 (2019) Kat:3, Licht: 1","221543","3","7","0","12","17","3","0","1","1","1","0","0"
"POINT (11.606828986000039 48.139439512000081)","Unfall 221544 (2019) Kat:3, Licht: 2","221544","3","7","0","12","22","3","0","2","0","0","0","0"
"POINT (11.475215493000064 48.105157219000034)","Unfall 221545 (2019) Kat:3, Licht: 0","221545","3","7","0","12","10","3","0","0","0","0","0","0"
"POINT (11.565931636000073 48.139617448000081)","Unfall 221546 (2019) Kat:3, Licht: 0","221546","3","7","5","12","08","3","0","0","1","0","0","0"
"POINT (11.640513661000057 48.148877560000074)","Unfall 221547 (2019) Kat:2, Licht: 1","221547","2","2","3","12","18","3","0","1","1","1","0","0"
"POINT (11.564990745000046 48.140949096000043)","Unfall 221548 (2019) Kat:3, Licht: 0","221548","3","6","3","12","09","3","0","0","1","0","0","0"
"POINT (11.576222182000038 48.187850814000058)","Unfall 221549 (2019) Kat:3, Licht: 0","221549","3","7","0","12","08","3","0","0","1","1","0","0"
"POINT (11.535852322000039 48.125923814000032)","Unfall 221550 (2019) Kat:3, Licht: 0","221550","3","6","2","12","08","3","0","0","0","1","0","1"
"POINT (11.577055252000036 48.136486531000060)","Unfall 221551 (2019) Kat:3, Licht: 0","221551","3","7","6","12","10","3","0","0","1","0","1","0"
"POINT (11.547018105000063 48.133642908000070)","Unfall 221552 (2019) Kat:3, Licht: 0","221552","3","5","6","12","16","3","0","0","0","1","1","0"
"POINT (11.511481712000034 48.158319603000052)","Unfall 221588 (2019) Kat:3, Licht: 2","221588","3","2","5","12","17","2","0","2","0","1","0","0"
"POINT (11.487493188000030 48.124052657000050)","Unfall 221589 (2019) Kat:3, Licht: 0","221589","3","3","5","12","07","2","1","0","0","1","0","0"
"POINT (11.589027554000040 48.124837995000064)","Unfall 221590 (2019) Kat:3, Licht: 0","221590","3","3","5","12","12","2","0","0","0","1","0","0"
"POINT (11.583720944000049 48.144411513000080)","Unfall 221591 (2019) Kat:3, Licht: 2","221591","3","1","0","12","20","2","0","2","1","0","0","0"
"POINT (11.526081765000072 48.112794099000041)","Unfall 221592 (2019) Kat:2, Licht: 0","221592","2","2","6","12","15","2","0","0","0","1","1","0"
"POINT (11.508424204000050 48.170734182000047)","Unfall 221593 (2019) Kat:3, Licht: 2","221593","3","2","5","12","17","2","0","2","1","1","0","0"
"POINT (11.545261870000047 48.150110179000080)","Unfall 221594 (2019) Kat:3, Licht: 0","221594","3","6","2","12","14","2","0","0","0","1","0","0"
"POINT (11.526604618000022 48.095279960000028)","Unfall 221595 (2019) Kat:3, Licht: 0","221595","3","2","5","12","15","2","1","0","1","1","0","0"
"POINT (11.581255527000053 48.138886861000060)","Unfall 221597 (2019) Kat:3, Licht: 0","221597","3","1","0","12","10","2","1","0","1","0","0","0"
"POINT (11.494669740000063 48.112170069000058)","Unfall 221621 (2019) Kat:3, Licht: 1","221621","3","3","4","12","17","1","0","1","0","1","0","0"
"POINT (11.571101410000040 48.131738203000054)","Unfall 221622 (2019) Kat:3, Licht: 0","221622","3","1","2","12","15","1","1","0","0","1","0","0"
"POINT (11.564503099000035 48.164505399000063)","Unfall 221623 (2019) Kat:3, Licht: 2","221623","3","2","5","12","00","1","0","2","0","1","0","0"
"POINT (11.514530805000049 48.179471353000054)","Unfall 221624 (2019) Kat:3, Licht: 2","221624","3","4","2","12","03","1","0","2","0","1","1","0"
"POINT (11.696274396000035 48.106595432000063)","Unfall 221625 (2019) Kat:3, Licht: 0","221625","3","3","5","12","09","1","1","0","1","1","0","0"
"POINT (11.502242852000052 48.110491649000039)","Unfall 221626 (2019) Kat:2, Licht: 1","221626","2","1","4","12","16","1","1","1","0","1","0","0"
"POINT (11.484912045000044 48.136858132000043)","Unfall 221627 (2019) Kat:3, Licht: 2","221627","3","4","6","12","19","1","0","2","0","1","1","0"
"POINT (11.526081405000070 48.112803606000057)","Unfall 221628 (2019) Kat:3, Licht: 0","221628","3","3","6","12","11","1","0","0","1","0","1","0"
"POINT (11.647928286000024 48.162390364000032)","Unfall 221647 (2019) Kat:3, Licht: 0","221647","3","3","5","11","08","7","0","0","1","1","0","0"
"POINT (11.472546476000048 48.184327212000028)","Unfall 221648 (2019) Kat:3, Licht: 0","221648","3","2","5","11","11","7","0","0","0","1","0","1"
"POINT (11.456964353000046 48.140241838000065)","Unfall 221649 (2019) Kat:3, Licht: 0","221649","3","2","5","11","12","7","0","0","1","1","0","0"
"POINT (11.576623247000043 48.114025967000032)","Unfall 221650 (2019) Kat:3, Licht: 2","221650","3","4","6","11","17","7","0","2","0","1","1","0"
"POINT (11.607309597000040 48.127357352000047)","Unfall 221651 (2019) Kat:2, Licht: 2","221651","2","7","0","11","16","7","0","2","0","0","0","0"
"POINT (11.584464954000055 48.157282570000064)","Unfall 221652 (2019) Kat:3, Licht: 0","221652","3","6","1","11","11","7","0","0","0","1","0","0"
"POINT (11.529303038000023 48.177649146000078)","Unfall 221688 (2019) Kat:3, Licht: 2","221688","3","3","5","11","18","6","1","2","1","1","0","0"
"POINT (11.564372281000033 48.158102240000062)","Unfall 221689 (2019) Kat:3, Licht: 0","221689","3","3","5","11","09","6","1","0","0","1","0","0"
"POINT (11.516713021000044 48.155582426000080)","Unfall 221690 (2019) Kat:2, Licht: 1","221690","2","7","0","11","17","6","0","1","0","0","0","1"
"POINT (11.502611196000032 48.126049606000038)","Unfall 221691 (2019) Kat:3, Licht: 2","221691","3","4","6","11","17","6","1","2","0","1","1","0"
"POINT (11.558625136000046 48.139194114000077)","Unfall 221693 (2019) Kat:3, Licht: 2","221693","3","1","0","11","21","6","1","2","1","0","0","0"
"POINT (11.688946389000023 48.132902462000061)","Unfall 221694 (2019) Kat:3, Licht: 2","221694","3","6","0","12","17","4","0","2","0","0","0","0"
"POINT (11.609255725000025 48.150998394000055)","Unfall 221695 (2019) Kat:3, Licht: 0","221695","3","2","6","12","13","4","0","0","0","1","1","0"
"POINT (11.575354796000056 48.119476479000070)","Unfall 221696 (2019) Kat:3, Licht: 2","221696","3","3","5","12","06","4","0","2","0","1","0","0"
"POINT (11.585688810000022 48.160365454000043)","Unfall 221697 (2019) Kat:3, Licht: 0","221697","3","2","5","12","09","4","0","0","1","0","0","0"
"POINT (11.593467427000064 48.142154979000054)","Unfall 221698 (2019) Kat:3, Licht: 2","221698","3","3","5","12","18","4","0","2","1","1","0","0"
"POINT (11.537080699000057 48.113011726000082)","Unfall 221729 (2019) Kat:3, Licht: 2","221729","3","7","0","12","17","3","0","2","0","0","0","0"
"POINT (11.607271251000043 48.135757653000042)","Unfall 221730 (2019) Kat:3, Licht: 0","221730","3","2","6","12","08","3","0","0","0","1","1","0"
"POINT (11.565132070000061 48.122963374000051)","Unfall 221731 (2019) Kat:3, Licht: 2","221731","3","6","1","12","17","3","0","2","0","1","0","0"
"POINT (11.587766696000074 48.137708493000048)","Unfall 221732 (2019) Kat:3, Licht: 2","221732","3","2","3","12","18","3","0","2","1","1","0","0"
"POINT (11.566941047000057 48.191509215000053)","Unfall 221733 (2019) Kat:3, Licht: 1","221733","3","7","0","12","16","3","0","1","0","0","0","1"
"POINT (11.588298485000053 48.201225149000038)","Unfall 221734 (2019) Kat:3, Licht: 2","221734","3","4","6","12","18","3","0","2","1","0","1","0"
"POINT (11.558289668000043 48.150317723000057)","Unfall 221735 (2019) Kat:3, Licht: 2","221735","3","2","6","12","16","3","0","2","0","1","1","0"
"POINT (11.518656795000027 48.140955762000033)","Unfall 221736 (2019) Kat:3, Licht: 0","221736","3","2","5","12","14","3","0","0","1","1","0","0"
"POINT (11.600531995000040 48.105683502000034)","Unfall 221780 (2019) Kat:3, Licht: 2","221780","3","3","0","12","17","2","0","2","0","1","0","0"
"POINT (11.636421289000054 48.097120572000051)","Unfall 221781 (2019) Kat:3, Licht: 1","221781","3","3","5","12","07","2","0","1","1","1","0","0"
"POINT (11.640029099000060 48.117085103000079)","Unfall 221782 (2019) Kat:3, Licht: 0","221782","3","3","5","12","08","2","0","0","1","1","0","0"
"POINT (11.578608119000023 48.138930515000027)","Unfall 221784 (2019) Kat:3, Licht: 1","221784","3","7","3","12","07","2","0","1","1","0","0","0"
"POINT (11.609035011000060 48.136289376000036)","Unfall 221785 (2019) Kat:3, Licht: 2","221785","3","2","3","12","17","2","0","2","0","1","0","0"
"POINT (11.599068412000065 48.110402910000062)","Unfall 221786 (2019) Kat:3, Licht: 0","221786","3","2","6","12","16","2","0","0","0","1","1","0"
"POINT (11.563764407000065 48.131902348000040)","Unfall 221787 (2019) Kat:3, Licht: 0","221787","3","3","0","12","12","2","0","0","1","1","0","0"
"POINT (11.566357618000040 48.209021913000072)","Unfall 221788 (2019) Kat:3, Licht: 2","221788","3","1","1","12","22","2","1","2","0","1","0","0"
"POINT (11.585089802000027 48.188079386000027)","Unfall 221789 (2019) Kat:3, Licht: 2","221789","3","6","0","12","17","2","1","2","0","0","0","0"
"POINT (11.528235929000061 48.165323050000040)","Unfall 221790 (2019) Kat:3, Licht: 2","221790","3","3","5","12","17","2","1","2","1","1","0","0"
"POINT (11.537326665000023 48.151676760000043)","Unfall 221791 (2019) Kat:3, Licht: 0","221791","3","3","5","12","10","2","0","0","1","1","0","0"
"POINT (11.561742021000043 48.137404902000071)","Unfall 221792 (2019) Kat:3, Licht: 2","221792","3","5","1","12","18","2","0","2","1","1","0","0"
"POINT (11.477858302000072 48.164241111000081)","Unfall 221836 (2019) Kat:3, Licht: 2","221836","3","7","0","12","17","1","0","2","1","0","0","0"
"POINT (11.643493319000072 48.169316786000081)","Unfall 221837 (2019) Kat:3, Licht: 2","221837","3","2","4","12","18","1","0","2","1","1","0","0"
"POINT (11.569476527000063 48.164086919000056)","Unfall 221838 (2019) Kat:3, Licht: 2","221838","3","3","5","12","17","1","0","2","1","1","0","0"
"POINT (11.541792827000052 48.163077017000035)","Unfall 221861 (2019) Kat:3, Licht: 0","221861","3","7","0","12","12","7","0","0","0","0","1","0"
"POINT (11.601989817000060 48.116029953000066)","Unfall 221862 (2019) Kat:3, Licht: 2","221862","3","6","2","12","19","7","0","2","0","1","0","0"
"POINT (11.542894677000049 48.210983902000066)","Unfall 221863 (2019) Kat:3, Licht: 0","221863","3","3","5","12","13","7","1","0","0","1","0","0"
"POINT (11.594901121000021 48.110380890000044)","Unfall 221865 (2019) Kat:3, Licht: 0","221865","3","6","3","12","12","7","0","0","0","1","0","0"
"POINT (11.576720271000056 48.136125180000079)","Unfall 221866 (2019) Kat:3, Licht: 0","221866","3","7","6","12","15","7","0","0","0","1","1","0"
"POINT (11.579360750000035 48.129222115000061)","Unfall 221913 (2019) Kat:3, Licht: 0","221913","3","2","4","12","09","6","0","0","1","1","0","0"
"POINT (11.558995369000058 48.175833942000054)","Unfall 221914 (2019) Kat:3, Licht: 2","221914","3","2","4","12","17","6","0","2","1","1","0","0"
"POINT (11.519170643000052 48.177099078000026)","Unfall 221915 (2019) Kat:3, Licht: 0","221915","3","5","1","12","07","6","1","0","0","1","0","0"
"POINT (11.592451698000048 48.165570554000055)","Unfall 221916 (2019) Kat:3, Licht: 0","221916","3","6","2","12","14","6","0","0","0","1","0","0"
"POINT (11.553368958000021 48.139105712000060)","Unfall 221917 (2019) Kat:2, Licht: 0","221917","2","1","0","12","13","6","1","0","1","0","0","0"
"POINT (11.551689845000055 48.185961378000059)","Unfall 221918 (2019) Kat:3, Licht: 0","221918","3","2","5","12","12","6","0","0","0","1","0","0"
"POINT (11.572580446000075 48.115057756000056)","Unfall 221919 (2019) Kat:3, Licht: 0","221919","3","7","0","12","12","6","0","0","0","0","0","0"
"POINT (11.607894103000035 48.193505540000046)","Unfall 221920 (2019) Kat:3, Licht: 0","221920","3","3","5","12","13","6","0","0","1","1","0","0"
"POINT (11.566876749000073 48.133460155000080)","Unfall 221921 (2019) Kat:3, Licht: 0","221921","3","7","5","12","13","6","0","0","0","1","0","0"
"POINT (11.530081942000038 48.165654413000027)","Unfall 221922 (2019) Kat:3, Licht: 0","221922","3","7","6","12","13","6","0","0","0","1","1","0"
"POINT (11.546930792000069 48.117230811000070)","Unfall 221923 (2019) Kat:1, Licht: 0","221923","1","7","0","12","09","6","0","0","0","1","1","0"
"POINT (11.509370830000023 48.170502993000071)","Unfall 221924 (2019) Kat:3, Licht: 2","221924","3","4","6","12","17","6","0","2","0","1","1","0"
"POINT (11.519778328000029 48.088062403000038)","Unfall 221926 (2019) Kat:3, Licht: 0","221926","3","3","5","12","07","6","2","0","0","1","0","0"
"POINT (11.606604394000044 48.140411737000079)","Unfall 221928 (2019) Kat:3, Licht: 0","221928","3","5","0","12","09","6","0","0","0","1","0","0"
"POINT (11.544078779000074 48.126312721000033)","Unfall 221929 (2019) Kat:2, Licht: 0","221929","2","3","5","12","15","6","0","0","0","1","0","0"
"POINT (11.570688943000050 48.146854088000055)","Unfall 221930 (2019) Kat:3, Licht: 0","221930","3","2","6","12","08","6","0","0","0","1","1","0"
"POINT (11.531261098000073 48.156888722000076)","Unfall 221963 (2019) Kat:3, Licht: 2","221963","3","7","6","12","17","4","0","2","0","1","1","0"
"POINT (11.577915834000066 48.113612748000037)","Unfall 221964 (2019) Kat:3, Licht: 1","221964","3","3","5","12","06","4","0","1","0","1","0","0"
"POINT (11.516841225000064 48.151175663000060)","Unfall 221974 (2019) Kat:2, Licht: 2","221974","2","5","1","12","23","4","1","2","0","1","0","0"
"POINT (11.560579934000032 48.147133391000068)","Unfall 221978 (2019) Kat:2, Licht: 2","221978","2","7","0","12","21","4","0","2","1","0","0","0"
"POINT (11.566710878000038 48.161054262000050)","Unfall 221979 (2019) Kat:3, Licht: 0","221979","3","4","6","12","11","4","0","0","0","1","1","0"
"POINT (11.543585710000059 48.201539564000029)","Unfall 221982 (2019) Kat:3, Licht: 2","221982","3","4","6","12","19","4","1","2","0","1","1","0"
"POINT (11.540124807000041 48.116483034000055)","Unfall 221983 (2019) Kat:3, Licht: 2","221983","3","2","5","12","18","4","1","2","1","1","0","0"
"POINT (11.529803284000025 48.182058247000043)","Unfall 221984 (2019) Kat:3, Licht: 0","221984","3","7","4","12","13","2","0","0","0","1","0","0"
"POINT (11.552956082000037 48.164944688000048)","Unfall 221985 (2019) Kat:3, Licht: 2","221985","3","3","4","12","18","2","0","2","1","1","0","0"
"POINT (11.477334128000052 48.116202841000074)","Unfall 221986 (2019) Kat:3, Licht: 1","221986","3","2","5","12","16","2","0","1","0","1","0","0"
"POINT (11.505507631000057 48.105592897000065)","Unfall 221988 (2019) Kat:3, Licht: 1","221988","3","5","0","12","15","2","0","1","1","0","0","0"
"POINT (11.534727703000044 48.119627850000029)","Unfall 221989 (2019) Kat:3, Licht: 2","221989","3","7","0","12","06","2","0","2","1","0","1","0"
"POINT (11.561055530000033 48.137761372000057)","Unfall 221990 (2019) Kat:3, Licht: 0","221990","3","6","6","12","10","2","0","0","1","0","1","0"
"POINT (11.545597971000063 48.137890464000066)","Unfall 221991 (2019) Kat:3, Licht: 2","221991","3","6","4","12","19","2","0","2","1","1","0","0"
"POINT (11.584678929000063 48.132509234000054)","Unfall 221992 (2019) Kat:3, Licht: 0","221992","3","6","3","12","11","2","0","0","1","0","0","0"
"POINT (11.612384328000076 48.192424054000071)","Unfall 222036 (2019) Kat:3, Licht: 2","222036","3","5","1","12","23","1","0","2","0","1","0","0"
"POINT (11.548882021000054 48.119326306000062)","Unfall 222037 (2019) Kat:3, Licht: 2","222037","3","5","1","12","20","1","0","2","0","1","0","0"
"POINT (11.520358035000072 48.150144404000059)","Unfall 222038 (2019) Kat:3, Licht: 1","222038","3","7","5","12","16","1","0","1","0","1","0","0"
"POINT (11.582283186000041 48.127846995000027)","Unfall 222039 (2019) Kat:3, Licht: 2","222039","3","5","1","12","19","1","0","2","0","1","0","1"
"POINT (11.661488747000021 48.119701664000047)","Unfall 222041 (2019) Kat:2, Licht: 0","222041","2","7","6","12","15","1","0","0","0","0","1","0"
"POINT (11.580020186000070 48.127311566000060)","Unfall 222042 (2019) Kat:3, Licht: 0","222042","3","4","6","12","14","1","0","0","0","1","1","0"
"POINT (11.552382636000061 48.155182921000062)","Unfall 222043 (2019) Kat:3, Licht: 0","222043","3","2","0","12","09","1","1","0","1","1","0","0"
"POINT (11.557251227000052 48.130619638000042)","Unfall 222060 (2019) Kat:3, Licht: 0","222060","3","7","1","12","10","7","0","0","0","1","0","0"
"POINT (11.574716219000038 48.162470360000043)","Unfall 222061 (2019) Kat:3, Licht: 2","222061","3","5","3","12","18","7","0","2","1","1","0","0"
"POINT (11.551775866000071 48.185960008000052)","Unfall 222062 (2019) Kat:3, Licht: 2","222062","3","2","5","12","00","7","0","2","0","1","0","0"
"POINT (11.573472158000072 48.135733666000078)","Unfall 222063 (2019) Kat:3, Licht: 0","222063","3","2","6","12","11","7","0","0","0","0","1","0"
"POINT (11.585819266000044 48.160362730000031)","Unfall 222064 (2019) Kat:3, Licht: 1","222064","3","6","2","12","17","7","0","1","0","1","0","0"
"POINT (11.471109099000046 48.164706065000075)","Unfall 222065 (2019) Kat:3, Licht: 0","222065","3","6","1","12","09","7","0","0","0","1","0","0"
"POINT (11.487490172000037 48.113679648000073)","Unfall 222066 (2019) Kat:3, Licht: 0","222066","3","2","5","12","11","7","0","0","1","1","0","0"
"POINT (11.567470966000030 48.123107039000047)","Unfall 222067 (2019) Kat:3, Licht: 2","222067","3","2","4","12","18","7","0","2","1","1","0","0"
"POINT (11.506435330000045 48.084758054000076)","Unfall 222099 (2019) Kat:3, Licht: 2","222099","3","5","1","12","18","6","0","2","0","1","0","0"
"POINT (11.507921484000065 48.078481963000058)","Unfall 222100 (2019) Kat:3, Licht: 2","222100","3","3","5","12","06","6","0","2","1","1","0","0"
"POINT (11.502598869000053 48.125610477000066)","Unfall 222101 (2019) Kat:3, Licht: 2","222101","3","3","5","12","20","6","0","2","0","1","0","0"
"POINT (11.540562335000061 48.118362060000038)","Unfall 222102 (2019) Kat:3, Licht: 2","222102","3","2","3","12","15","6","0","2","1","1","0","0"
"POINT (11.560928986000022 48.136289696000063)","Unfall 222103 (2019) Kat:2, Licht: 0","222103","2","7","6","12","12","6","1","0","0","0","1","0"
"POINT (11.580202907000057 48.211008105000076)","Unfall 222104 (2019) Kat:3, Licht: 0","222104","3","7","5","12","11","6","1","0","1","1","0","0"
"POINT (11.555851824000058 48.158865398000046)","Unfall 222105 (2019) Kat:3, Licht: 1","222105","3","3","3","12","07","6","1","1","1","1","0","0"
"POINT (11.622370936000038 48.120260105000057)","Unfall 222106 (2019) Kat:3, Licht: 0","222106","3","6","1","12","07","6","1","0","0","1","0","0"
"POINT (11.561084064000056 48.137405328000057)","Unfall 222107 (2019) Kat:3, Licht: 2","222107","3","2","2","12","20","6","0","2","0","1","0","0"
"POINT (11.566574120000041 48.154739662000054)","Unfall 222108 (2019) Kat:3, Licht: 2","222108","3","2","4","12","17","6","1","2","1","0","0","0"
"POINT (11.566295229000048 48.187152956000034)","Unfall 222168 (2019) Kat:3, Licht: 2","222168","3","2","4","12","06","5","1","2","1","1","0","0"
"POINT (11.570456361000026 48.158571635000044)","Unfall 222169 (2019) Kat:3, Licht: 2","222169","3","1","0","12","22","5","1","2","1","0","0","0"
"POINT (11.585504816000025 48.159215173000064)","Unfall 222170 (2019) Kat:3, Licht: 0","222170","3","3","5","12","09","5","0","0","1","1","0","0"
"POINT (11.654104970000049 48.128281264000066)","Unfall 222171 (2019) Kat:3, Licht: 2","222171","3","3","5","12","19","5","2","2","1","1","0","0"
"POINT (11.577790966000066 48.142162382000038)","Unfall 222172 (2019) Kat:3, Licht: 2","222172","3","6","4","12","23","5","2","2","1","0","0","0"
"POINT (11.531307003000052 48.146773531000065)","Unfall 222173 (2019) Kat:3, Licht: 2","222173","3","2","3","12","23","5","1","2","1","1","0","0"
"POINT (11.646432813000047 48.103703752000058)","Unfall 222174 (2019) Kat:3, Licht: 2","222174","3","2","6","12","17","5","0","2","0","0","1","0"
"POINT (11.525856735000048 48.079177584000035)","Unfall 222175 (2019) Kat:3, Licht: 1","222175","3","3","5","12","16","5","0","1","0","1","0","0"
"POINT (11.505049171000053 48.180649321000033)","Unfall 222176 (2019) Kat:3, Licht: 1","222176","3","5","1","12","16","5","0","1","1","1","0","0"
"POINT (11.519948961000068 48.144851903000074)","Unfall 222177 (2019) Kat:3, Licht: 2","222177","3","4","0","12","18","5","0","2","1","0","1","0"
"POINT (11.520271389000072 48.151045054000065)","Unfall 222178 (2019) Kat:3, Licht: 0","222178","3","3","0","12","09","5","1","0","0","0","0","1"
"POINT (11.537945761000060 48.085355005000054)","Unfall 222179 (2019) Kat:3, Licht: 2","222179","3","5","1","12","17","5","1","2","1","1","0","0"
"POINT (11.534286919000067 48.100059106000060)","Unfall 222180 (2019) Kat:3, Licht: 0","222180","3","4","6","12","13","5","1","0","0","1","1","0"
"POINT (11.585207291000074 48.129471914000078)","Unfall 222182 (2019) Kat:3, Licht: 0","222182","3","3","4","12","08","5","1","0","1","0","0","0"
"POINT (11.553935522000074 48.127325831000064)","Unfall 222183 (2019) Kat:3, Licht: 2","222183","3","3","5","12","06","5","1","2","0","1","0","1"
"POINT (11.544300469000063 48.137826466000035)","Unfall 222184 (2019) Kat:3, Licht: 0","222184","3","5","1","12","14","5","1","0","1","1","0","0"
"POINT (11.565589020000061 48.153207915000053)","Unfall 222185 (2019) Kat:3, Licht: 0","222185","3","2","4","12","15","5","1","0","1","1","0","0"
"POINT (11.566738350000037 48.182755711000027)","Unfall 222209 (2019) Kat:3, Licht: 0","222209","3","3","0","12","13","4","0","0","0","1","0","0"
"POINT (11.549800454000035 48.145991399000081)","Unfall 222210 (2019) Kat:3, Licht: 2","222210","3","6","1","12","19","4","1","2","0","1","0","0"
"POINT (11.646371501000033 48.109135585000047)","Unfall 222212 (2019) Kat:2, Licht: 0","222212","2","2","6","12","10","6","0","0","0","1","1","0"
"POINT (11.526764369000034 48.168790028000046)","Unfall 222213 (2019) Kat:3, Licht: 0","222213","3","2","5","12","12","6","0","0","1","1","0","0"
"POINT (11.562219321000043 48.213210527000058)","Unfall 222214 (2019) Kat:3, Licht: 0","222214","3","1","0","12","12","6","0","0","1","0","0","0"
"POINT (11.602613348000034 48.113846763000026)","Unfall 222215 (2019) Kat:3, Licht: 0","222215","3","5","1","12","15","6","0","0","1","1","0","0"
"POINT (11.579276898000046 48.125609912000073)","Unfall 222216 (2019) Kat:3, Licht: 1","222216","3","4","0","12","18","6","1","1","0","0","1","1"
"POINT (11.569053286000042 48.144303732000026)","Unfall 222217 (2019) Kat:3, Licht: 0","222217","3","3","5","12","14","6","0","0","1","1","0","0"
"POINT (11.577376678000064 48.145560305000060)","Unfall 222218 (2019) Kat:3, Licht: 2","222218","3","6","1","12","18","6","0","2","0","1","0","0"
"POINT (11.562236806000044 48.211983825000061)","Unfall 222231 (2019) Kat:3, Licht: 0","222231","3","3","5","12","08","6","0","0","1","1","0","0"
"POINT (11.529505059000030 48.182051529000034)","Unfall 222232 (2019) Kat:3, Licht: 0","222232","3","2","5","12","11","6","0","0","1","1","0","0"
"POINT (11.575124148000043 48.134473212000046)","Unfall 222238 (2019) Kat:3, Licht: 2","222238","3","1","0","12","21","6","1","2","1","0","0","0"
"POINT (11.580748602000028 48.135561213000074)","Unfall 222239 (2019) Kat:3, Licht: 0","222239","3","1","0","12","12","6","0","0","0","0","0","0"
"POINT (11.510683266000058 48.175835812000059)","Unfall 222241 (2019) Kat:3, Licht: 0","222241","3","4","6","12","11","6","0","0","0","1","1","0"
"POINT (11.551759868000033 48.148820491000038)","Unfall 222287 (2019) Kat:3, Licht: 0","222287","3","3","5","12","15","5","0","0","0","1","0","1"
"POINT (11.665182539000057 48.132852002000050)","Unfall 222288 (2019) Kat:3, Licht: 0","222288","3","5","1","12","13","5","0","0","0","1","0","0"
"POINT (11.592011652000053 48.168302284000049)","Unfall 222289 (2019) Kat:3, Licht: 2","222289","3","1","0","12","23","5","1","2","1","0","0","0"
"POINT (11.531023156000060 48.157258510000077)","Unfall 222290 (2019) Kat:3, Licht: 0","222290","3","4","6","12","09","5","0","0","1","0","1","0"
"POINT (11.421028388000025 48.148655171000030)","Unfall 222291 (2019) Kat:3, Licht: 2","222291","3","3","5","12","22","5","0","2","0","1","0","0"
"POINT (11.586198824000064 48.161737139000081)","Unfall 222292 (2019) Kat:3, Licht: 2","222292","3","6","4","12","06","5","0","2","1","0","0","0"
"POINT (11.524200033000056 48.100893624000037)","Unfall 222293 (2019) Kat:3, Licht: 0","222293","3","6","3","12","09","5","0","0","1","1","0","0"
"POINT (11.689181619000067 48.138780789000066)","Unfall 222294 (2019) Kat:3, Licht: 0","222294","3","3","5","12","10","5","0","0","0","1","0","0"
"POINT (11.573543243000074 48.133450589000063)","Unfall 222295 (2019) Kat:3, Licht: 0","222295","3","6","3","12","15","5","0","0","1","1","0","0"
"POINT (11.519080523000071 48.125906595000060)","Unfall 222351 (2019) Kat:3, Licht: 0","222351","3","6","3","12","14","4","0","0","0","1","0","0"
"POINT (11.567839811000056 48.112932584000077)","Unfall 222352 (2019) Kat:3, Licht: 2","222352","3","3","0","12","17","4","1","2","1","1","0","0"
"POINT (11.446518899000068 48.134184895000033)","Unfall 222353 (2019) Kat:3, Licht: 0","222353","3","2","4","12","09","4","0","0","1","1","0","0"
"POINT (11.548651563000021 48.113054802000079)","Unfall 222354 (2019) Kat:3, Licht: 0","222354","3","4","6","12","08","4","1","0","0","1","1","0"
"POINT (11.590032035000036 48.166264182000077)","Unfall 222355 (2019) Kat:3, Licht: 0","222355","3","6","2","12","08","4","1","0","0","1","0","0"
"POINT (11.545526369000072 48.079786737000063)","Unfall 222357 (2019) Kat:3, Licht: 2","222357","3","3","5","12","19","4","0","2","1","1","0","0"
"POINT (11.608008828000038 48.150827275000040)","Unfall 222358 (2019) Kat:2, Licht: 0","222358","2","2","4","12","08","4","0","0","1","1","0","0"
"POINT (11.568967042000054 48.159941674000038)","Unfall 222359 (2019) Kat:3, Licht: 0","222359","3","1","5","12","12","4","0","0","0","1","0","1"