WKT,Name,OBJECTID,UKATEGORIE,UTYP1,UART,UMONAT,USTUNDE,UWOCHENTAG,STRZUSTAND,ULICHTVERH,ISTRAD,ISTPKW,ISTFUSS,ISTKRAD
"POINT (11.418692888000066 48.157333330000029)","Unfall 222399 (2019) Kat:3, Licht: 0","222399","3","7","0","12","07","3","0","0","1","0","0","0"
"POINT (11.575467244000038 48.154547142000069)","Unfall 222400 (2019) Kat:3, Licht: 0","222400","3","4","6","12","12","3","0","0","1","0","1","0"
"POINT (11.512525901000060 48.139178692000030)","Unfall 222401 (2019) Kat:3, Licht: 1","222401","3","2","3","12","16","3","0","1","1","1","0","0"
"POINT (11.581648881000035 48.134721162000062)","Unfall 222402 (2019) Kat:3, Licht: 2","222402","3","7","1","12","06","3","0","2","0","0","0","1"
"POINT (11.460006280000073 48.138194576000046)","Unfall 222404 (2019) Kat:3, Licht: 0","222404","3","3","3","12","13","3","0","0","1","1","0","0"
"POINT (11.570604928000023 48.116638907000038)","Unfall 222405 (2019) Kat:3, Licht: 0","222405","3","7","0","12","09","3","0","0","1","0","0","0"
"POINT (11.557691233000071 48.139145578000068)","Unfall 222406 (2019) Kat:3, Licht: 1","222406","3","7","3","12","17","3","0","1","0","1","0","0"
"POINT (11.557104569000046 48.141909119000047)","Unfall 222407 (2019) Kat:3, Licht: 0","222407","3","6","6","12","12","3","0","0","0","1","1","0"
"POINT (11.502688434000049 48.164779072000044)","Unfall 222408 (2019) Kat:3, Licht: 0","222408","3","7","6","12","11","3","0","0","0","1","1","0"
"POINT (11.496503409000070 48.177203725000027)","Unfall 222409 (2019) Kat:3, Licht: 0","222409","3","2","5","12","15","3","0","0","1","1","0","0"
"POINT (11.503354030000025 48.139654251000081)","Unfall 222410 (2019) Kat:3, Licht: 1","222410","3","2","6","12","08","3","0","1","0","1","1","0"
"POINT (11.659060974000056 48.102969720000033)","Unfall 222411 (2019) Kat:2, Licht: 2","222411","2","7","0","12","18","3","0","2","1","0","1","0"
"POINT (11.571798241000067 48.120929761000070)","Unfall 222412 (2019) Kat:3, Licht: 0","222412","3","5","0","12","11","3","0","0","1","1","0","0"
"POINT (11.540547497000034 48.119360194000080)","Unfall 222413 (2019) Kat:3, Licht: 0","222413","3","7","3","12","09","3","0","0","0","1","0","0"
"POINT (11.588022553000030 48.169561853000062)","Unfall 222414 (2019) Kat:3, Licht: 2","222414","3","2","6","12","19","3","1","2","0","1","1","0"
"POINT (11.589269493000074 48.136916721000034)","Unfall 222415 (2019) Kat:3, Licht: 2","222415","3","3","4","12","19","3","0","2","1","0","0","0"
"POINT (11.428420603000063 48.177536302000078)","Unfall 222452 (2019) Kat:3, Licht: 2","222452","3","6","3","12","17","3","0","2","0","1","0","0"
"POINT (11.479884703000039 48.088937345000033)","Unfall 222458 (2019) Kat:3, Licht: 0","222458","3","7","0","12","07","2","0","0","0","0","0","0"
"POINT (11.573933206000049 48.147159809000073)","Unfall 222459 (2019) Kat:3, Licht: 0","222459","3","7","5","12","14","2","0","0","1","0","1","0"
"POINT (11.502745713000024 48.128972625000074)","Unfall 222460 (2019) Kat:3, Licht: 0","222460","3","2","5","12","15","2","0","0","0","1","0","1"
"POINT (11.548080834000075 48.170448737000072)","Unfall 222462 (2019) Kat:3, Licht: 2","222462","3","3","5","12","17","2","0","2","1","0","0","0"
"POINT (11.502986220000025 48.125586440000063)","Unfall 222463 (2019) Kat:3, Licht: 2","222463","3","3","2","12","17","2","0","2","0","1","0","0"
"POINT (11.519223548000070 48.139567613000054)","Unfall 222464 (2019) Kat:3, Licht: 0","222464","3","6","3","12","09","2","0","0","0","1","0","0"
"POINT (11.565981687000033 48.139659641000037)","Unfall 222465 (2019) Kat:3, Licht: 2","222465","3","4","6","12","18","2","0","2","0","1","1","0"
"POINT (11.546946029000026 48.159131797000043)","Unfall 222466 (2019) Kat:2, Licht: 2","222466","2","4","6","12","17","2","0","2","0","1","1","0"
"POINT (11.503847767000025 48.150925068000049)","Unfall 222467 (2019) Kat:3, Licht: 1","222467","3","2","5","12","07","2","0","1","1","1","0","0"
"POINT (11.481853963000049 48.170864251000069)","Unfall 222468 (2019) Kat:3, Licht: 2","222468","3","2","5","12","18","2","0","2","1","1","0","0"
"POINT (11.536941749000050 48.199973503000081)","Unfall 222469 (2019) Kat:3, Licht: 0","222469","3","3","5","12","12","3","1","0","0","1","0","0"
"POINT (11.557490018000067 48.150189833000070)","Unfall 222470 (2019) Kat:3, Licht: 0","222470","3","5","0","12","11","3","0","0","0","1","0","0"
"POINT (11.551175512000043 48.119516137000062)","Unfall 222485 (2019) Kat:3, Licht: 2","222485","3","7","0","12","22","2","0","2","0","0","0","0"
"POINT (11.605737354000041 48.148442952000039)","Unfall 222491 (2019) Kat:2, Licht: 2","222491","2","4","6","12","18","3","1","2","0","1","1","0"
"POINT (11.568775212000048 48.122013950000053)","Unfall 222493 (2019) Kat:3, Licht: 1","222493","3","1","8","12","07","2","1","1","0","1","0","0"
"POINT (11.503069937000021 48.136592975000042)","Unfall 222494 (2019) Kat:3, Licht: 0","222494","3","6","2","12","14","2","0","0","0","1","0","0"
"POINT (11.563183613000035 48.207243715000061)","Unfall 222495 (2019) Kat:3, Licht: 0","222495","3","7","6","12","14","2","0","0","0","1","1","0"
"POINT (11.497753332000059 48.183940788000029)","Unfall 222496 (2019) Kat:3, Licht: 0","222496","3","3","5","12","12","2","0","0","0","1","0","0"
"POINT (11.576285599000073 48.127821659000062)","Unfall 222497 (2019) Kat:3, Licht: 2","222497","3","2","4","12","20","2","0","2","0","1","0","0"
"POINT (11.569148460000065 48.145070505000035)","Unfall 222498 (2019) Kat:3, Licht: 2","222498","3","3","5","12","17","2","0","2","1","1","0","0"
"POINT (11.566383807000022 48.140511289000074)","Unfall 222499 (2019) Kat:3, Licht: 2","222499","3","2","5","12","23","2","0","2","0","1","0","0"
"POINT (11.491568726000025 48.179165617000081)","Unfall 222532 (2019) Kat:3, Licht: 2","222532","3","3","5","12","17","1","0","2","0","1","0","1"
"POINT (11.640502739000055 48.148220557000059)","Unfall 222533 (2019) Kat:2, Licht: 2","222533","2","1","0","12","18","1","0","2","1","0","0","0"
"POINT (11.505288485000051 48.160965715000032)","Unfall 222534 (2019) Kat:3, Licht: 0","222534","3","5","1","12","15","1","0","0","1","1","0","0"
"POINT (11.576152103000027 48.127837981000027)","Unfall 222535 (2019) Kat:3, Licht: 0","222535","3","3","5","12","15","1","1","0","0","1","0","0"
"POINT (11.584910966000052 48.158220372000073)","Unfall 222536 (2019) Kat:3, Licht: 2","222536","3","3","5","12","01","1","0","2","0","1","0","0"
"POINT (11.563382774000047 48.208807922000062)","Unfall 222547 (2019) Kat:3, Licht: 0","222547","3","2","3","12","16","7","0","0","1","1","0","0"
"POINT (11.549725371000022 48.125049630000035)","Unfall 222548 (2019) Kat:3, Licht: 2","222548","3","6","0","12","17","7","0","2","0","0","0","0"
"POINT (11.541092472000059 48.121784713000068)","Unfall 222549 (2019) Kat:3, Licht: 0","222549","3","3","6","12","10","7","0","0","1","0","1","0"
"POINT (11.564725414000065 48.137417061000065)","Unfall 222562 (2019) Kat:3, Licht: 2","222562","3","3","5","12","22","6","0","2","0","1","0","0"
"POINT (11.618771204000041 48.207198687000073)","Unfall 222563 (2019) Kat:3, Licht: 0","222563","3","2","5","12","14","6","1","0","0","1","0","0"
"POINT (11.495189325000069 48.129535551000060)","Unfall 222564 (2019) Kat:3, Licht: 0","222564","3","3","5","12","13","6","1","0","0","1","0","0"
"POINT (11.548010596000040 48.139157452000063)","Unfall 222565 (2019) Kat:3, Licht: 0","222565","3","6","1","12","10","6","0","0","0","1","0","0"
"POINT (11.595228884000051 48.165519694000068)","Unfall 222566 (2019) Kat:3, Licht: 2","222566","3","1","0","12","18","6","1","2","1","0","0","0"
"POINT (11.567337531000021 48.140595176000033)","Unfall 222584 (2019) Kat:2, Licht: 0","222584","2","6","3","12","16","5","0","0","1","0","0","0"
"POINT (11.517226009000069 48.076270786000066)","Unfall 222606 (2019) Kat:3, Licht: 0","222606","3","2","6","12","14","3","1","0","0","1","1","0"
"POINT (11.466529622000053 48.150966589000063)","Unfall 222607 (2019) Kat:3, Licht: 0","222607","3","7","4","12","10","3","1","0","0","1","0","0"
"POINT (11.476746851000030 48.194363922000036)","Unfall 222608 (2019) Kat:3, Licht: 2","222608","3","1","9","12","01","3","1","2","0","1","0","0"
"POINT (11.574881082000047 48.148633021000080)","Unfall 222627 (2019) Kat:3, Licht: 2","222627","3","5","1","12","18","2","1","2","1","1","0","0"
"POINT (11.565096128000050 48.139281827000048)","Unfall 222628 (2019) Kat:3, Licht: 0","222628","3","1","0","12","09","2","1","0","0","0","0","1"
"POINT (11.536646950000033 48.151816174000032)","Unfall 222629 (2019) Kat:3, Licht: 0","222629","3","2","5","12","14","2","1","0","1","1","0","0"
"POINT (11.583201642000063 48.154597189000071)","Unfall 222630 (2019) Kat:3, Licht: 0","222630","3","3","3","12","14","2","1","0","0","1","0","0"
"POINT (11.558187319000069 48.121892157000048)","Unfall 222631 (2019) Kat:3, Licht: 0","222631","3","7","0","12","08","2","1","0","0","1","0","0"
"POINT (11.507265077000056 48.180217811000034)","Unfall 222632 (2019) Kat:3, Licht: 0","222632","3","4","6","12","10","2","0","0","0","1","1","0"
"POINT (11.493788448000032 48.117865760000029)","Unfall 222633 (2019) Kat:3, Licht: 0","222633","3","7","0","12","08","2","1","0","0","0","0","1"
"POINT (11.629927777000034 48.155243377000033)","Unfall 222635 (2019) Kat:3, Licht: 0","222635","3","4","6","12","11","2","1","0","1","0","1","0"
"POINT (11.561482363000039 48.136337847000050)","Unfall 222636 (2019) Kat:3, Licht: 2","222636","3","5","2","12","23","2","1","2","0","1","0","0"
"POINT (11.562784691000047 48.164319639000041)","Unfall 222667 (2019) Kat:3, Licht: 2","222667","3","1","6","12","04","1","0","2","0","1","1","0"
"POINT (11.610123584000064 48.132506486000068)","Unfall 222687 (2019) Kat:3, Licht: 2","222687","3","3","5","12","17","7","1","2","0","1","0","0"
"POINT (11.546896447000051 48.132796940000048)","Unfall 222688 (2019) Kat:2, Licht: 2","222688","2","1","1","12","06","7","1","2","0","1","0","0"
"POINT (11.621159851000073 48.191592864000029)","Unfall 222689 (2019) Kat:3, Licht: 0","222689","3","2","5","12","13","7","1","0","0","1","0","0"
"POINT (11.552191500000049 48.213851937000072)","Unfall 222690 (2019) Kat:3, Licht: 0","222690","3","3","5","12","14","7","1","0","1","1","0","0"
"POINT (11.546708949000049 48.149823623000032)","Unfall 222691 (2019) Kat:3, Licht: 1","222691","3","2","6","12","07","7","1","1","0","1","1","0"
"POINT (11.551363293000065 48.126047214000039)","Unfall 222692 (2019) Kat:3, Licht: 2","222692","3","6","4","12","20","7","0","2","1","0","0","0"
"POINT (11.568436580000025 48.143559819000075)","Unfall 222693 (2019) Kat:2, Licht: 1","222693","2","7","1","12","15","7","1","1","1","1","0","0"
"POINT (11.507560375000025 48.105325615000027)","Unfall 22827 (2020) Kat:3, Licht: 0","22827","3","6","2","01","14","7","1","0","0","1","0","0"
"POINT (11.483036256000048 48.214174485000058)","Unfall 22852 (2020) Kat:3, Licht: 0","22852","3","5","1","01","12","6","0","0","0","1","0","0"
"POINT (11.485171689000026 48.210462219000078)","Unfall 22879 (2020) Kat:3, Licht: 0","22879","3","1","0","01","15","2","0","0","0","0","0","1"
"POINT (11.490402342000039 48.202808063000077)","Unfall 22905 (2020) Kat:3, Licht: 2","22905","3","6","2","01","17","3","1","2","0","1","0","0"
"POINT (11.507370261000062 48.125480599000070)","Unfall 22981 (2020) Kat:3, Licht: 0","22981","3","6","2","01","11","5","1","0","0","1","0","0"
"POINT (11.554716895000070 48.086727626000027)","Unfall 22992 (2020) Kat:3, Licht: 0","22992","3","6","2","01","08","3","2","0","0","1","0","0"
"POINT (11.540592650000065 48.186398686000075)","Unfall 23022 (2020) Kat:3, Licht: 2","23022","3","6","2","01","05","6","0","2","0","1","0","0"
"POINT (11.584389626000075 48.186959597000055)","Unfall 23063 (2020) Kat:3, Licht: 2","23063","3","6","2","01","18","1","0","2","1","0","0","0"
"POINT (11.483491539000056 48.144991341000036)","Unfall 23119 (2020) Kat:3, Licht: 0","23119","3","6","1","01","12","5","0","0","0","1","0","0"
"POINT (11.540314076000072 48.104155815000070)","Unfall 23126 (2020) Kat:3, Licht: 2","23126","3","6","2","01","21","1","1","2","0","1","0","0"
"POINT (11.514791548000062 48.141820593000034)","Unfall 23128 (2020) Kat:2, Licht: 2","23128","2","1","8","01","19","5","0","2","0","0","0","1"
"POINT (11.537217139000063 48.156671876000075)","Unfall 23187 (2020) Kat:3, Licht: 1","23187","3","7","8","01","07","2","0","1","0","1","0","0"
"POINT (11.490056766000066 48.144374481000057)","Unfall 23225 (2020) Kat:3, Licht: 1","23225","3","6","1","01","17","4","0","1","0","1","0","0"
"POINT (11.614683394000053 48.139431951000063)","Unfall 23233 (2020) Kat:3, Licht: 1","23233","3","6","2","01","16","4","0","1","0","1","0","0"
"POINT (11.512340982000069 48.142099802000075)","Unfall 23248 (2020) Kat:3, Licht: 0","23248","3","2","5","01","12","5","0","0","0","1","0","0"
"POINT (11.502290934000030 48.112065875000042)","Unfall 23296 (2020) Kat:3, Licht: 0","23296","3","2","5","01","14","2","0","0","0","1","0","0"
"POINT (11.616547402000037 48.088701023000056)","Unfall 23318 (2020) Kat:3, Licht: 0","23318","3","6","2","01","12","6","0","0","0","1","0","0"
"POINT (11.474206570000035 48.145348867000052)","Unfall 23327 (2020) Kat:3, Licht: 2","23327","3","7","0","01","17","3","0","2","0","0","0","0"
"POINT (11.579656099000033 48.177565766000043)","Unfall 23329 (2020) Kat:3, Licht: 2","23329","3","6","2","01","18","5","0","2","0","1","0","0"
"POINT (11.521483412000066 48.125321337000059)","Unfall 23330 (2020) Kat:3, Licht: 0","23330","3","6","1","01","09","3","0","0","0","1","0","0"
"POINT (11.643657965000045 48.212372004000031)","Unfall 23335 (2020) Kat:3, Licht: 0","23335","3","6","3","01","09","7","1","0","0","1","0","0"
"POINT (11.596485079000047 48.179557368000076)","Unfall 23488 (2020) Kat:3, Licht: 1","23488","3","6","2","01","17","5","0","1","0","1","0","0"
"POINT (11.506127472000060 48.125475247000054)","Unfall 23579 (2020) Kat:3, Licht: 2","23579","3","6","2","01","18","6","0","2","0","1","0","0"
"POINT (11.620373574000041 48.203102932000036)","Unfall 23736 (2020) Kat:3, Licht: 1","23736","3","6","5","01","06","3","0","1","0","1","0","0"
"POINT (11.486519132000069 48.209069323000051)","Unfall 23740 (2020) Kat:3, Licht: 1","23740","3","6","2","01","07","3","0","1","0","1","0","0"
"POINT (11.424405335000074 48.174396148000028)","Unfall 23749 (2020) Kat:3, Licht: 0","23749","3","7","1","01","11","7","0","0","0","1","0","0"
"POINT (11.485681399000043 48.086814218000029)","Unfall 23752 (2020) Kat:3, Licht: 2","23752","3","6","2","01","19","2","1","2","0","1","0","0"
"POINT (11.458805382000037 48.150238259000048)","Unfall 23755 (2020) Kat:3, Licht: 2","23755","3","6","2","01","19","2","0","2","0","1","0","0"
"POINT (11.650117661000024 48.103590831000076)","Unfall 23761 (2020) Kat:3, Licht: 0","23761","3","6","3","01","15","2","1","0","0","1","0","0"
"POINT (11.615059939000048 48.136058300000059)","Unfall 23764 (2020) Kat:3, Licht: 1","23764","3","3","5","01","17","5","0","1","1","1","0","0"
"POINT (11.532901472000049 48.140057384000045)","Unfall 23798 (2020) Kat:3, Licht: 1","23798","3","6","3","01","16","6","1","1","0","1","0","0"
"POINT (11.480278716000043 48.216690757000038)","Unfall 23936 (2020) Kat:3, Licht: 0","23936","3","3","4","01","08","5","0","0","0","1","0","0"
"POINT (11.511247949000051 48.107195164000075)","Unfall 23948 (2020) Kat:3, Licht: 2","23948","3","6","2","01","07","4","0","2","0","1","0","0"
"POINT (11.603904949000025 48.179394758000058)","Unfall 23969 (2020) Kat:3, Licht: 0","23969","3","2","4","01","07","6","0","0","0","1","0","0"
"POINT (11.441562280000028 48.203894544000036)","Unfall 23988 (2020) Kat:3, Licht: 0","23988","3","6","2","01","09","2","1","0","0","1","0","0"
"POINT (11.587585765000028 48.212156835000030)","Unfall 24013 (2020) Kat:3, Licht: 2","24013","3","6","2","01","18","5","0","2","0","1","0","0"
"POINT (11.597372454000038 48.107150402000059)","Unfall 24044 (2020) Kat:3, Licht: 2","24044","3","6","1","01","06","3","1","2","0","1","0","0"
"POINT (11.495510956000032 48.194414869000070)","Unfall 24048 (2020) Kat:3, Licht: 0","24048","3","6","1","01","15","6","0","0","0","1","0","0"
"POINT (11.518650524000066 48.121174209000060)","Unfall 24058 (2020) Kat:3, Licht: 0","24058","3","6","2","01","09","3","0","0","0","1","0","0"
"POINT (11.597209475000056 48.166976254000076)","Unfall 24059 (2020) Kat:3, Licht: 0","24059","3","6","2","01","15","4","0","0","0","1","0","0"
"POINT (11.537184100000047 48.156189734000066)","Unfall 24098 (2020) Kat:3, Licht: 0","24098","3","6","2","01","15","6","0","0","0","1","0","0"
"POINT (11.695290229000022 48.115416382000035)","Unfall 24122 (2020) Kat:3, Licht: 0","24122","3","4","6","01","13","5","0","0","0","1","1","0"
"POINT (11.620500776000029 48.124627764000081)","Unfall 24181 (2020) Kat:3, Licht: 0","24181","3","2","4","01","12","6","1","0","0","1","0","0"
"POINT (11.506531536000068 48.125422279000077)","Unfall 24193 (2020) Kat:3, Licht: 1","24193","3","6","2","01","06","6","1","1","0","1","0","0"
"POINT (11.563854216000038 48.113082351000060)","Unfall 24212 (2020) Kat:3, Licht: 0","24212","3","6","2","01","09","5","0","0","0","1","0","0"
"POINT (11.537423176000061 48.159715259000052)","Unfall 24215 (2020) Kat:3, Licht: 2","24215","3","2","5","01","19","3","0","2","1","1","0","0"
"POINT (11.486990608000042 48.144678004000070)","Unfall 24219 (2020) Kat:3, Licht: 0","24219","3","7","3","01","10","2","0","0","0","1","0","0"
"POINT (11.485666745000060 48.086683506000043)","Unfall 24231 (2020) Kat:2, Licht: 2","24231","2","6","1","01","06","3","1","2","0","1","0","0"
"POINT (11.451766927000051 48.146710562000067)","Unfall 24250 (2020) Kat:3, Licht: 2","24250","3","2","5","01","18","4","1","2","1","1","0","0"
"POINT (11.615119814000025 48.112150241000052)","Unfall 24274 (2020) Kat:3, Licht: 0","24274","3","2","4","01","10","6","1","0","0","1","0","0"
"POINT (11.573446508000075 48.107939272000067)","Unfall 24292 (2020) Kat:3, Licht: 0","24292","3","5","2","01","14","6","0","0","0","1","0","0"
"POINT (11.615223572000048 48.135999501000072)","Unfall 24299 (2020) Kat:3, Licht: 0","24299","3","6","2","01","12","5","0","0","0","1","0","0"
"POINT (11.597687706000045 48.173608056000035)","Unfall 24357 (2020) Kat:2, Licht: 0","24357","2","6","0","01","11","6","0","0","0","1","0","0"
"POINT (11.433671835000041 48.182352108000032)","Unfall 24372 (2020) Kat:3, Licht: 2","24372","3","6","2","01","18","6","0","2","0","1","0","0"
"POINT (11.620647552000037 48.123300759000074)","Unfall 24385 (2020) Kat:3, Licht: 2","24385","3","6","3","01","17","5","1","2","0","1","0","1"
"POINT (11.625676072000033 48.102979250000033)","Unfall 24429 (2020) Kat:3, Licht: 0","24429","3","2","5","01","07","4","1","0","1","0","0","0"
"POINT (11.523452967000026 48.127362535000032)","Unfall 24461 (2020) Kat:3, Licht: 2","24461","3","6","8","01","22","1","1","2","0","1","0","0"
"POINT (11.533631780000064 48.187027951000061)","Unfall 24466 (2020) Kat:3, Licht: 0","24466","3","3","5","01","08","6","0","0","0","1","0","0"
"POINT (11.615922590000025 48.130963932000043)","Unfall 24472 (2020) Kat:3, Licht: 0","24472","3","2","6","01","08","5","0","0","0","1","1","0"
"POINT (11.614912406000030 48.136869513000079)","Unfall 24510 (2020) Kat:3, Licht: 2","24510","3","2","5","01","21","4","1","2","1","1","0","0"
"POINT (11.648466395000071 48.083851926000079)","Unfall 24514 (2020) Kat:3, Licht: 0","24514","3","2","2","02","12","5","0","0","1","1","0","0"
"POINT (11.628914769000062 48.219698295000057)","Unfall 24534 (2020) Kat:3, Licht: 0","24534","3","1","3","02","08","3","1","0","0","1","0","0"
"POINT (11.436333640000043 48.144585610000036)","Unfall 24546 (2020) Kat:3, Licht: 0","24546","3","7","1","02","14","2","1","0","0","1","0","0"
"POINT (11.528527146000044 48.189115106000031)","Unfall 24549 (2020) Kat:3, Licht: 2","24549","3","6","2","02","05","2","1","2","0","1","0","0"
"POINT (11.626064076000034 48.100987197000052)","Unfall 24592 (2020) Kat:3, Licht: 1","24592","3","2","5","02","16","3","1","1","1","1","0","0"
"POINT (11.612740378000069 48.110611523000046)","Unfall 24599 (2020) Kat:3, Licht: 2","24599","3","6","2","02","19","6","0","2","0","1","0","0"
"POINT (11.564551021000057 48.098227779000069)","Unfall 24613 (2020) Kat:3, Licht: 0","24613","3","5","1","02","16","7","0","0","0","1","0","0"
"POINT (11.585059844000057 48.177947354000025)","Unfall 24616 (2020) Kat:3, Licht: 0","24616","3","2","5","02","09","3","1","0","1","1","0","0"
"POINT (11.608760441000072 48.109189097000069)","Unfall 24625 (2020) Kat:3, Licht: 0","24625","3","6","2","02","09","6","0","0","0","1","0","0"
"POINT (11.392304336000052 48.146132178000073)","Unfall 24690 (2020) Kat:3, Licht: 0","24690","3","2","4","02","11","5","0","0","0","1","0","0"
"POINT (11.584831786000052 48.181732268000076)","Unfall 24733 (2020) Kat:3, Licht: 2","24733","3","2","6","02","06","6","1","2","0","1","1","0"
"POINT (11.596737365000024 48.179816734000042)","Unfall 24752 (2020) Kat:3, Licht: 0","24752","3","6","2","02","07","2","1","0","0","1","0","0"
"POINT (11.551309925000055 48.079466303000061)","Unfall 24799 (2020) Kat:3, Licht: 0","24799","3","6","2","02","15","5","0","0","0","1","0","0"
"POINT (11.531578171000035 48.131931733000044)","Unfall 24808 (2020) Kat:3, Licht: 0","24808","3","6","2","02","14","6","0","0","0","1","0","0"
"POINT (11.409161995000034 48.140766510000049)","Unfall 24870 (2020) Kat:3, Licht: 0","24870","3","6","3","02","12","7","0","0","0","1","0","0"
"POINT (11.615703106000069 48.131055728000035)","Unfall 24882 (2020) Kat:3, Licht: 0","24882","3","3","5","02","12","7","1","0","0","1","0","0"
"POINT (11.506832182000039 48.125553420000074)","Unfall 24885 (2020) Kat:3, Licht: 0","24885","3","6","2","02","13","6","0","0","0","0","0","0"
"POINT (11.433196337000027 48.180725141000039)","Unfall 24891 (2020) Kat:3, Licht: 2","24891","3","6","3","02","21","7","0","2","0","1","0","0"
"POINT (11.553978384000061 48.112269548000029)","Unfall 24934 (2020) Kat:3, Licht: 0","24934","3","6","2","02","15","6","0","0","0","1","0","0"
"POINT (11.634127402000047 48.218655946000069)","Unfall 25009 (2020) Kat:1, Licht: 2","25009","1","7","6","02","20","4","0","2","0","1","1","0"
"POINT (11.539523782000060 48.111700204000044)","Unfall 25029 (2020) Kat:3, Licht: 0","25029","3","6","1","02","16","4","1","0","0","1","0","0"
"POINT (11.707786577000036 48.111683048000032)","Unfall 25068 (2020) Kat:3, Licht: 0","25068","3","7","1","02","10","4","0","0","0","1","0","0"
"POINT (11.551245383000037 48.176245378000033)","Unfall 25132 (2020) Kat:3, Licht: 0","25132","3","6","3","02","09","3","0","0","0","1","0","0"
"POINT (11.565853531000073 48.176096997000059)","Unfall 25139 (2020) Kat:3, Licht: 0","25139","3","6","2","02","14","4","0","0","0","1","0","0"
"POINT (11.431040314000029 48.179461141000047)","Unfall 25227 (2020) Kat:3, Licht: 2","25227","3","6","2","02","17","3","1","2","0","1","0","0"
"POINT (11.690718978000064 48.117631800000026)","Unfall 25228 (2020) Kat:3, Licht: 0","25228","3","1","7","02","07","4","0","0","1","0","0","0"
"POINT (11.422256608000055 48.142626711000048)","Unfall 25249 (2020) Kat:3, Licht: 0","25249","3","6","2","02","14","2","0","0","0","1","0","0"
"POINT (11.528683731000058 48.216193790000034)","Unfall 25250 (2020) Kat:3, Licht: 2","25250","3","1","1","02","21","2","0","2","0","1","0","0"
"POINT (11.600582867000071 48.160629024000059)","Unfall 25251 (2020) Kat:3, Licht: 2","25251","3","6","2","02","20","5","1","2","0","1","0","0"
"POINT (11.619165850000059 48.130346933000055)","Unfall 25365 (2020) Kat:3, Licht: 1","25365","3","1","0","02","17","3","0","1","1","0","0","0"
"POINT (11.518673107000041 48.141390705000049)","Unfall 25402 (2020) Kat:3, Licht: 2","25402","3","1","0","02","20","4","0","2","1","0","0","0"
"POINT (11.593138820000036 48.175712399000076)","Unfall 25414 (2020) Kat:3, Licht: 1","25414","3","6","2","02","17","3","0","1","0","1","0","0"
"POINT (11.457819603000075 48.206110972000033)","Unfall 25416 (2020) Kat:3, Licht: 2","25416","3","6","2","02","21","2","1","2","0","1","0","0"
"POINT (11.608599634000029 48.109152859000062)","Unfall 25483 (2020) Kat:3, Licht: 2","25483","3","6","2","02","20","1","0","2","0","1","0","0"
"POINT (11.571279322000066 48.111847811000075)","Unfall 25484 (2020) Kat:3, Licht: 2","25484","3","6","0","02","22","1","0","2","0","0","0","0"
"POINT (11.599563807000038 48.107600348000062)","Unfall 25487 (2020) Kat:3, Licht: 2","25487","3","2","4","02","21","1","0","2","0","1","0","0"
"POINT (11.528683858000022 48.080937845000051)","Unfall 25488 (2020) Kat:3, Licht: 0","25488","3","2","5","02","14","1","0","0","1","1","0","0"
"POINT (11.491161267000052 48.084660081000038)","Unfall 25528 (2020) Kat:3, Licht: 2","25528","3","4","6","02","23","7","0","2","0","1","1","0"
"POINT (11.502267742000072 48.112065684000072)","Unfall 25529 (2020) Kat:3, Licht: 2","25529","3","2","5","02","20","7","0","2","0","1","0","0"
"POINT (11.523060786000030 48.140787568000064)","Unfall 25530 (2020) Kat:3, Licht: 0","25530","3","2","3","02","13","7","0","0","1","1","0","0"
"POINT (11.519131591000075 48.141328100000067)","Unfall 25531 (2020) Kat:3, Licht: 2","25531","3","4","6","02","05","7","1","2","0","1","1","0"
"POINT (11.517779351000058 48.124056429000063)","Unfall 25569 (2020) Kat:3, Licht: 0","25569","3","6","2","02","16","5","0","0","0","1","0","0"
"POINT (11.426155668000035 48.185377877000064)","Unfall 25580 (2020) Kat:3, Licht: 0","25580","3","6","2","02","11","7","0","0","0","1","0","0"
"POINT (11.513783241000056 48.113289550000047)","Unfall 25585 (2020) Kat:3, Licht: 0","25585","3","7","6","02","06","4","0","0","0","1","1","0"
"POINT (11.604155288000072 48.184085024000069)","Unfall 25588 (2020) Kat:3, Licht: 0","25588","3","6","2","02","14","7","0","0","0","1","0","0"
"POINT (11.494680018000054 48.196020293000061)","Unfall 25592 (2020) Kat:2, Licht: 0","25592","2","7","8","02","08","6","0","0","0","1","0","0"
"POINT (11.422999164000032 48.142728357000067)","Unfall 25594 (2020) Kat:3, Licht: 0","25594","3","4","6","02","13","6","0","0","0","1","1","0"
"POINT (11.420586667000066 48.171265215000062)","Unfall 25624 (2020) Kat:3, Licht: 0","25624","3","6","2","02","09","5","0","0","0","1","0","0"
"POINT (11.533854177000023 48.225199299000053)","Unfall 25626 (2020) Kat:3, Licht: 2","25626","3","6","3","02","05","5","0","2","0","1","0","0"
"POINT (11.626060164000023 48.101012157000071)","Unfall 25633 (2020) Kat:3, Licht: 2","25633","3","3","5","02","23","4","1","2","0","1","0","0"
"POINT (11.573374768000065 48.178179528000044)","Unfall 25634 (2020) Kat:3, Licht: 0","25634","3","6","2","02","10","4","0","0","0","1","0","0"
"POINT (11.648177533000023 48.095934806000059)","Unfall 25635 (2020) Kat:2, Licht: 0","25635","2","4","6","02","08","4","0","0","0","1","1","0"
"POINT (11.617769919000068 48.115583084000036)","Unfall 25705 (2020) Kat:3, Licht: 1","25705","3","6","2","02","18","3","1","1","0","1","0","0"
"POINT (11.411649042000022 48.141127099000073)","Unfall 25751 (2020) Kat:3, Licht: 0","25751","3","2","5","02","08","2","1","0","0","1","0","0"
"POINT (11.434865062000029 48.204156388000058)","Unfall 25809 (2020) Kat:3, Licht: 0","25809","3","6","2","02","06","2","1","0","0","1","0","0"