WKT,Name,OBJECTID,UKATEGORIE,UTYP1,UART,UMONAT,USTUNDE,UWOCHENTAG,STRZUSTAND,ULICHTVERH,ISTRAD,ISTPKW,ISTFUSS,ISTKRAD
"POINT (11.502915108000025 48.214939063000031)","Unfall 25811 (2020) Kat:2, Licht: 0","25811","2","6","2","02","14","6","0","0","0","1","0","0"
"POINT (11.453131276000022 48.167863626000042)","Unfall 25962 (2020) Kat:3, Licht: 0","25962","3","6","3","02","15","7","0","0","0","1","0","0"
"POINT (11.626059969000039 48.101013209000030)","Unfall 26024 (2020) Kat:3, Licht: 2","26024","3","3","5","03","00","3","1","2","0","1","0","0"
"POINT (11.524039833000074 48.140783546000080)","Unfall 26053 (2020) Kat:3, Licht: 2","26053","3","4","0","03","01","1","1","2","0","1","1","0"
"POINT (11.701897748000022 48.112939401000062)","Unfall 26074 (2020) Kat:3, Licht: 0","26074","3","2","5","02","09","7","0","0","1","1","0","0"
"POINT (11.479742829000031 48.088572066000040)","Unfall 26125 (2020) Kat:3, Licht: 0","26125","3","6","2","02","09","6","0","0","0","1","0","0"
"POINT (11.473682881000059 48.209723697000072)","Unfall 26134 (2020) Kat:3, Licht: 2","26134","3","6","3","03","21","2","0","2","0","1","0","0"
"POINT (11.701104522000037 48.113300204000041)","Unfall 26150 (2020) Kat:3, Licht: 0","26150","3","2","5","02","09","7","0","0","1","1","0","0"
"POINT (11.614473851000071 48.138135973000033)","Unfall 26221 (2020) Kat:3, Licht: 0","26221","3","1","0","02","11","5","0","0","0","1","0","0"
"POINT (11.448461732000055 48.204355720000081)","Unfall 26228 (2020) Kat:3, Licht: 0","26228","3","6","3","03","14","1","0","0","0","1","0","0"
"POINT (11.544943489000048 48.111758366000061)","Unfall 26247 (2020) Kat:3, Licht: 0","26247","3","7","0","03","11","3","0","0","1","0","0","0"
"POINT (11.601659806000043 48.159627459000035)","Unfall 26263 (2020) Kat:2, Licht: 0","26263","2","6","3","03","15","2","0","0","0","1","0","1"
"POINT (11.585656762000042 48.202080989000081)","Unfall 26297 (2020) Kat:3, Licht: 2","26297","3","3","1","02","20","7","0","2","0","1","0","0"
"POINT (11.574806276000061 48.109241685000029)","Unfall 26325 (2020) Kat:3, Licht: 0","26325","3","7","6","03","16","3","1","0","0","1","1","0"
"POINT (11.585225503000061 48.200831046000076)","Unfall 26361 (2020) Kat:2, Licht: 0","26361","2","3","5","03","14","1","0","0","1","1","0","0"
"POINT (11.496802019000029 48.193912672000067)","Unfall 26384 (2020) Kat:3, Licht: 0","26384","3","6","2","03","09","6","0","0","0","0","0","0"
"POINT (11.648466395000071 48.083851926000079)","Unfall 26415 (2020) Kat:3, Licht: 1","26415","3","6","2","03","16","2","1","1","0","1","0","0"
"POINT (11.615174194000076 48.141994129000068)","Unfall 26440 (2020) Kat:3, Licht: 0","26440","3","6","2","03","13","1","0","0","0","1","0","0"
"POINT (11.503234530000043 48.142937756000038)","Unfall 26455 (2020) Kat:3, Licht: 0","26455","3","6","2","03","15","4","0","0","0","1","0","0"
"POINT (11.503912786000058 48.215523941000072)","Unfall 26464 (2020) Kat:3, Licht: 0","26464","3","6","2","03","14","1","0","0","0","1","0","0"
"POINT (11.615413122000064 48.110944885000038)","Unfall 26471 (2020) Kat:3, Licht: 0","26471","3","6","2","03","14","2","0","0","0","1","0","0"
"POINT (11.638333360000047 48.126710443000036)","Unfall 26484 (2020) Kat:3, Licht: 0","26484","3","2","5","03","13","7","1","0","1","1","0","0"
"POINT (11.575006225000038 48.109690979000050)","Unfall 26492 (2020) Kat:3, Licht: 1","26492","3","3","6","03","17","3","1","1","1","0","1","0"
"POINT (11.615893325000059 48.130968428000074)","Unfall 26553 (2020) Kat:3, Licht: 1","26553","3","6","3","03","06","6","1","1","0","1","0","1"
"POINT (11.614344239000047 48.189240305000055)","Unfall 26569 (2020) Kat:3, Licht: 0","26569","3","6","4","03","07","4","0","0","1","0","0","0"
"POINT (11.558445796000058 48.112371560000042)","Unfall 26575 (2020) Kat:3, Licht: 0","26575","3","6","0","03","10","3","1","0","0","1","0","0"
"POINT (11.534003189000032 48.140476074000048)","Unfall 26584 (2020) Kat:3, Licht: 1","26584","3","6","3","03","05","2","1","1","0","1","0","0"
"POINT (11.523870687000056 48.140715170000078)","Unfall 26635 (2020) Kat:3, Licht: 0","26635","3","3","0","03","08","6","0","0","1","0","0","0"
"POINT (11.501695387000041 48.143359325000063)","Unfall 26641 (2020) Kat:3, Licht: 0","26641","3","2","4","03","14","6","0","0","1","1","0","0"
"POINT (11.551635616000056 48.185997845000031)","Unfall 26649 (2020) Kat:3, Licht: 1","26649","3","2","5","03","18","5","1","1","0","1","0","0"
"POINT (11.526675667000063 48.078202508000061)","Unfall 26655 (2020) Kat:3, Licht: 2","26655","3","6","1","03","19","7","0","2","0","1","0","0"
"POINT (11.607536673000027 48.108960380000042)","Unfall 26659 (2020) Kat:3, Licht: 1","26659","3","3","5","03","17","5","1","1","0","1","0","0"
"POINT (11.616947237000034 48.130808282000032)","Unfall 26664 (2020) Kat:3, Licht: 0","26664","3","4","6","03","14","3","1","0","0","0","1","0"
"POINT (11.616063297000039 48.146209109000040)","Unfall 26693 (2020) Kat:3, Licht: 2","26693","3","6","2","03","13","1","0","2","0","1","0","0"
"POINT (11.392303947000073 48.146132168000065)","Unfall 26697 (2020) Kat:3, Licht: 0","26697","3","2","4","03","06","6","0","0","0","1","0","0"
"POINT (11.631614268000021 48.207703721000030)","Unfall 26729 (2020) Kat:3, Licht: 2","26729","3","6","4","03","18","3","0","2","1","0","0","0"
"POINT (11.502988030000040 48.142964003000031)","Unfall 26768 (2020) Kat:3, Licht: 0","26768","3","3","5","03","16","2","0","0","0","1","0","0"
"POINT (11.403984073000061 48.140003832000048)","Unfall 26781 (2020) Kat:3, Licht: 0","26781","3","2","4","03","07","5","0","0","1","1","0","0"
"POINT (11.482542464000062 48.114731292000045)","Unfall 26806 (2020) Kat:3, Licht: 0","26806","3","6","2","03","10","4","0","0","0","1","0","0"
"POINT (11.621830990000035 48.105910293000079)","Unfall 26814 (2020) Kat:3, Licht: 0","26814","3","7","2","03","10","5","0","0","0","1","0","0"
"POINT (11.424850338000056 48.142992814000081)","Unfall 26860 (2020) Kat:2, Licht: 0","26860","2","2","4","03","16","2","0","0","0","1","0","1"
"POINT (11.584298815000068 48.188162914000031)","Unfall 26908 (2020) Kat:3, Licht: 0","26908","3","3","3","03","17","3","0","0","1","1","0","0"
"POINT (11.422195643000066 48.172226218000048)","Unfall 26918 (2020) Kat:3, Licht: 1","26918","3","6","3","03","06","2","0","1","0","1","0","0"
"POINT (11.507592311000053 48.142654347000075)","Unfall 26941 (2020) Kat:2, Licht: 2","26941","2","4","6","03","00","7","0","2","0","1","1","0"
"POINT (11.597928027000023 48.173835934000067)","Unfall 26949 (2020) Kat:3, Licht: 0","26949","3","4","6","03","16","2","0","0","1","0","1","0"
"POINT (11.528641625000034 48.129946318000066)","Unfall 26960 (2020) Kat:3, Licht: 0","26960","3","2","5","03","17","4","0","0","1","1","0","0"
"POINT (11.579636077000032 48.107812715000080)","Unfall 26981 (2020) Kat:3, Licht: 0","26981","3","6","3","03","10","6","0","0","0","1","0","0"
"POINT (11.456654892000074 48.165039666000041)","Unfall 27072 (2020) Kat:2, Licht: 0","27072","2","2","5","03","09","4","0","0","1","0","0","0"
"POINT (11.655137002000060 48.124650810000048)","Unfall 27097 (2020) Kat:3, Licht: 0","27097","3","6","2","03","17","6","0","0","0","1","0","1"
"POINT (11.533674734000044 48.187091625000050)","Unfall 27160 (2020) Kat:3, Licht: 0","27160","3","1","1","03","16","6","0","0","0","1","0","0"
"POINT (11.597126219000074 48.162490108000043)","Unfall 27182 (2020) Kat:3, Licht: 0","27182","3","6","3","03","14","5","0","0","0","1","0","0"
"POINT (11.533177043000023 48.133466610000028)","Unfall 27185 (2020) Kat:3, Licht: 1","27185","3","2","6","03","19","5","0","1","0","1","1","0"
"POINT (11.609006011000076 48.109244436000040)","Unfall 27189 (2020) Kat:3, Licht: 0","27189","3","7","3","03","17","5","0","0","0","1","0","0"
"POINT (11.519074913000054 48.110531423000054)","Unfall 27201 (2020) Kat:3, Licht: 2","27201","3","6","3","03","20","5","0","2","0","1","0","0"
"POINT (11.627133621000041 48.105911468000045)","Unfall 27232 (2020) Kat:3, Licht: 0","27232","3","5","1","04","16","5","0","0","0","1","0","0"
"POINT (11.551482606000036 48.186353191000080)","Unfall 27242 (2020) Kat:3, Licht: 0","27242","3","6","2","03","14","4","0","0","0","1","0","0"
"POINT (11.610944630000063 48.186128881000059)","Unfall 27291 (2020) Kat:3, Licht: 1","27291","3","3","5","03","18","3","0","1","0","1","0","0"
"POINT (11.576377233000073 48.111506236000025)","Unfall 27294 (2020) Kat:3, Licht: 0","27294","3","2","3","03","08","3","0","0","1","1","0","0"
"POINT (11.615890332000049 48.130968887000051)","Unfall 27354 (2020) Kat:3, Licht: 0","27354","3","3","3","03","13","2","0","0","1","0","0","0"
"POINT (11.530844919000060 48.131193734000078)","Unfall 27355 (2020) Kat:3, Licht: 0","27355","3","3","5","03","09","2","0","0","0","1","0","0"
"POINT (11.537702924000030 48.204534154000044)","Unfall 27357 (2020) Kat:3, Licht: 0","27357","3","4","6","03","18","2","0","0","1","0","1","0"
"POINT (11.614402897000048 48.111607372000037)","Unfall 27361 (2020) Kat:3, Licht: 0","27361","3","6","2","03","13","2","0","0","0","1","0","0"
"POINT (11.672279671000069 48.119443245000070)","Unfall 27365 (2020) Kat:3, Licht: 0","27365","3","6","2","03","07","2","0","0","0","1","0","0"
"POINT (11.541407621000076 48.096335464000049)","Unfall 27385 (2020) Kat:3, Licht: 0","27385","3","6","2","03","14","3","0","0","0","1","0","0"
"POINT (11.569909486000029 48.111526759000071)","Unfall 27463 (2020) Kat:3, Licht: 0","27463","3","2","3","03","17","7","0","0","1","1","0","0"
"POINT (11.534382396000069 48.138387213000044)","Unfall 27465 (2020) Kat:3, Licht: 0","27465","3","6","2","03","16","6","0","0","0","1","0","0"
"POINT (11.622727210000050 48.129803656000036)","Unfall 27467 (2020) Kat:3, Licht: 0","27467","3","7","6","03","15","6","0","0","0","1","1","0"
"POINT (11.587066948000029 48.210364768000034)","Unfall 27553 (2020) Kat:3, Licht: 0","27553","3","2","4","03","10","3","0","0","1","1","0","0"
"POINT (11.706852585000036 48.142081797000060)","Unfall 27653 (2020) Kat:3, Licht: 0","27653","3","6","2","04","10","3","0","0","0","1","0","0"
"POINT (11.595216456000060 48.106452557000068)","Unfall 27706 (2020) Kat:3, Licht: 2","27706","3","6","2","04","21","4","0","2","0","1","0","0"
"POINT (11.541315708000070 48.095808821000048)","Unfall 27749 (2020) Kat:3, Licht: 0","27749","3","2","5","04","16","5","0","0","1","1","0","0"
"POINT (11.519892631000062 48.072477156000048)","Unfall 27761 (2020) Kat:3, Licht: 0","27761","3","6","0","04","16","2","0","0","1","1","0","0"
"POINT (11.451247470000055 48.146639896000067)","Unfall 27816 (2020) Kat:3, Licht: 0","27816","3","6","0","04","16","4","0","0","1","0","0","0"
"POINT (11.622975288000077 48.208317099000055)","Unfall 27823 (2020) Kat:2, Licht: 2","27823","2","6","2","04","05","5","0","2","0","1","0","1"
"POINT (11.535581880000052 48.110864133000064)","Unfall 27826 (2020) Kat:3, Licht: 0","27826","3","1","0","04","18","5","0","0","1","0","0","0"
"POINT (11.456594666000058 48.164919777000080)","Unfall 27886 (2020) Kat:3, Licht: 0","27886","3","6","2","04","18","7","0","0","0","1","0","0"
"POINT (11.533030694000047 48.208426080000038)","Unfall 27888 (2020) Kat:3, Licht: 0","27888","3","6","2","04","14","1","0","0","1","0","0","0"
"POINT (11.538074477000066 48.167262823000044)","Unfall 27921 (2020) Kat:3, Licht: 0","27921","3","6","1","04","16","5","0","0","0","1","0","0"
"POINT (11.516979985000035 48.110529832000054)","Unfall 27965 (2020) Kat:3, Licht: 0","27965","3","6","3","04","13","7","0","0","0","1","0","0"
"POINT (11.680441580000036 48.119077276000041)","Unfall 27968 (2020) Kat:3, Licht: 2","27968","3","7","0","04","20","7","0","2","1","0","0","0"
"POINT (11.633466271000032 48.127630603000057)","Unfall 27981 (2020) Kat:2, Licht: 0","27981","2","2","3","04","12","6","0","0","1","0","0","0"
"POINT (11.557120397000062 48.112439749000032)","Unfall 28009 (2020) Kat:3, Licht: 0","28009","3","6","3","04","17","4","0","0","0","1","0","0"
"POINT (11.584361158000036 48.187454178000053)","Unfall 28049 (2020) Kat:3, Licht: 0","28049","3","3","5","04","15","6","0","0","1","1","0","0"
"POINT (11.603885712000022 48.108525236000048)","Unfall 28081 (2020) Kat:3, Licht: 0","28081","3","2","3","04","17","5","0","0","1","1","0","0"
"POINT (11.534772735000047 48.139898414000072)","Unfall 28093 (2020) Kat:2, Licht: 0","28093","2","2","3","04","16","3","0","0","1","1","1","0"
"POINT (11.534480179000070 48.140960788000029)","Unfall 28103 (2020) Kat:3, Licht: 0","28103","3","6","3","04","06","5","0","0","0","1","0","1"
"POINT (11.646464617000049 48.096325294000053)","Unfall 28113 (2020) Kat:3, Licht: 0","28113","3","2","3","04","19","4","0","0","1","1","0","0"
"POINT (11.704509452000025 48.112332626000068)","Unfall 28119 (2020) Kat:3, Licht: 0","28119","3","2","5","04","16","2","0","0","1","1","0","0"
"POINT (11.567457068000067 48.176544651000029)","Unfall 28181 (2020) Kat:3, Licht: 0","28181","3","3","5","04","10","5","0","0","0","1","0","0"
"POINT (11.585510396000075 48.177702792000048)","Unfall 28205 (2020) Kat:3, Licht: 0","28205","3","2","5","04","09","5","0","0","1","1","0","0"
"POINT (11.645049027000027 48.126076793000038)","Unfall 28207 (2020) Kat:3, Licht: 0","28207","3","1","0","04","19","1","0","0","0","0","0","1"
"POINT (11.632173742000077 48.127940557000045)","Unfall 28230 (2020) Kat:3, Licht: 0","28230","3","1","0","04","19","1","0","0","0","0","0","0"
"POINT (11.585744349000038 48.202541502000031)","Unfall 28251 (2020) Kat:3, Licht: 0","28251","3","2","4","04","16","2","0","0","0","1","0","0"
"POINT (11.584975484000040 48.181656474000079)","Unfall 28253 (2020) Kat:3, Licht: 0","28253","3","2","3","04","09","6","0","0","1","0","0","0"
"POINT (11.537934924000069 48.204377221000072)","Unfall 28258 (2020) Kat:3, Licht: 0","28258","3","6","4","04","15","7","0","0","1","0","0","0"
"POINT (11.619577188000051 48.107549662000054)","Unfall 28271 (2020) Kat:2, Licht: 0","28271","2","7","6","04","15","6","0","0","0","1","1","0"
"POINT (11.651663512000027 48.104548551000050)","Unfall 28288 (2020) Kat:3, Licht: 0","28288","3","2","4","04","14","6","0","0","0","1","0","0"
"POINT (11.505401882000058 48.112283434000062)","Unfall 28290 (2020) Kat:3, Licht: 0","28290","3","3","5","04","08","5","0","0","1","1","0","0"
"POINT (11.714467909000064 48.141963627000052)","Unfall 28300 (2020) Kat:3, Licht: 1","28300","3","6","2","04","18","5","0","1","0","1","0","1"
"POINT (11.702879493000069 48.112689975000080)","Unfall 28302 (2020) Kat:2, Licht: 0","28302","2","6","2","04","16","3","0","0","0","1","0","1"
"POINT (11.596625247000077 48.106843073000050)","Unfall 28313 (2020) Kat:3, Licht: 0","28313","3","7","2","04","13","5","0","0","0","1","0","1"
"POINT (11.584831786000052 48.181732268000076)","Unfall 28321 (2020) Kat:3, Licht: 0","28321","3","2","5","04","07","6","0","0","1","1","0","0"
"POINT (11.478542920000052 48.145208623000030)","Unfall 28372 (2020) Kat:3, Licht: 0","28372","3","2","4","04","14","7","0","0","1","1","0","0"
"POINT (11.477558785000042 48.145237226000063)","Unfall 28393 (2020) Kat:3, Licht: 0","28393","3","3","5","04","15","5","0","0","1","1","0","0"
"POINT (11.528179895000051 48.140363931000081)","Unfall 28419 (2020) Kat:3, Licht: 0","28419","3","2","5","04","07","5","0","0","0","0","0","0"
"POINT (11.581687754000029 48.105855996000059)","Unfall 28421 (2020) Kat:3, Licht: 0","28421","3","3","5","04","14","1","0","0","1","1","0","0"
"POINT (11.616149635000056 48.130929142000070)","Unfall 28429 (2020) Kat:3, Licht: 0","28429","3","2","3","04","12","4","0","0","1","1","0","0"
"POINT (11.624803931000031 48.092410354000037)","Unfall 28435 (2020) Kat:3, Licht: 0","28435","3","3","5","04","11","2","0","0","1","1","0","0"
"POINT (11.641380239000057 48.126509811000062)","Unfall 28443 (2020) Kat:2, Licht: 0","28443","2","7","6","04","18","1","0","0","0","1","1","0"
"POINT (11.585451575000036 48.201002134000078)","Unfall 28473 (2020) Kat:3, Licht: 0","28473","3","2","5","04","16","7","0","0","1","1","0","0"
"POINT (11.456264675000057 48.150947382000027)","Unfall 28495 (2020) Kat:3, Licht: 0","28495","3","6","0","04","14","5","0","0","0","1","0","0"
"POINT (11.697131972000022 48.114555866000046)","Unfall 28501 (2020) Kat:3, Licht: 1","28501","3","7","4","04","20","5","0","1","0","1","0","0"
"POINT (11.548811867000040 48.176143696000054)","Unfall 28513 (2020) Kat:3, Licht: 0","28513","3","6","3","04","10","3","0","0","0","1","0","0"
"POINT (11.553575433000049 48.112369067000031)","Unfall 28536 (2020) Kat:3, Licht: 0","28536","3","6","2","04","07","4","0","0","0","1","0","0"
"POINT (11.512126472000034 48.107865955000079)","Unfall 28572 (2020) Kat:3, Licht: 0","28572","3","6","3","04","15","4","0","0","0","1","0","0"
"POINT (11.571911236000062 48.106827957000064)","Unfall 28690 (2020) Kat:3, Licht: 0","28690","3","6","1","05","12","7","0","0","0","1","0","0"
"POINT (11.481281836000051 48.088142986000037)","Unfall 28723 (2020) Kat:3, Licht: 0","28723","3","6","2","05","16","7","1","0","0","1","0","0"
"POINT (11.524288854000076 48.140681307000079)","Unfall 28736 (2020) Kat:2, Licht: 2","28736","2","2","3","05","05","7","1","2","1","0","0","0"
"POINT (11.485477550000041 48.144819838000046)","Unfall 28764 (2020) Kat:3, Licht: 0","28764","3","3","1","04","14","4","0","0","0","1","0","0"
"POINT (11.417814194000073 48.142006838000043)","Unfall 28765 (2020) Kat:3, Licht: 0","28765","3","6","1","04","12","4","1","0","0","1","0","0"
"POINT (11.492423705000022 48.112690478000047)","Unfall 28767 (2020) Kat:2, Licht: 0","28767","2","3","5","04","14","4","1","0","1","1","0","0"
"POINT (11.501159289000043 48.143210243000055)","Unfall 28769 (2020) Kat:3, Licht: 0","28769","3","6","2","04","07","4","0","0","0","1","0","0"
"POINT (11.479336114000034 48.123252825000066)","Unfall 28830 (2020) Kat:3, Licht: 0","28830","3","2","4","04","17","2","0","0","0","1","0","0"
"POINT (11.459969358000023 48.185454850000042)","Unfall 28838 (2020) Kat:3, Licht: 0","28838","3","2","5","04","16","2","0","0","0","1","0","1"
"POINT (11.654266546000031 48.124846007000031)","Unfall 28844 (2020) Kat:3, Licht: 0","28844","3","2","5","04","13","3","0","0","1","1","0","0"
"POINT (11.598262596000041 48.107330319000027)","Unfall 28846 (2020) Kat:3, Licht: 0","28846","3","6","3","04","11","3","0","0","1","1","0","0"
"POINT (11.666941922000035 48.120583208000028)","Unfall 28902 (2020) Kat:3, Licht: 0","28902","3","4","6","05","12","3","0","0","0","1","1","0"
"POINT (11.517423046000033 48.141511974000025)","Unfall 28953 (2020) Kat:3, Licht: 0","28953","3","3","5","05","10","4","0","0","1","1","0","0"
"POINT (11.654257985000072 48.124847725000052)","Unfall 28956 (2020) Kat:3, Licht: 0","28956","3","2","5","05","14","5","0","0","1","1","0","0"
"POINT (11.519664521000038 48.109841304000042)","Unfall 29014 (2020) Kat:3, Licht: 2","29014","3","1","4","05","00","4","0","2","0","1","0","0"
"POINT (11.400836171000037 48.156809930000065)","Unfall 29048 (2020) Kat:3, Licht: 0","29048","3","6","2","05","10","5","0","0","0","1","0","0"
"POINT (11.615325011000039 48.130982554000070)","Unfall 29079 (2020) Kat:2, Licht: 0","29079","2","7","0","05","12","3","0","0","0","0","0","0"
"POINT (11.618048399000031 48.137177197000028)","Unfall 29127 (2020) Kat:3, Licht: 0","29127","3","6","2","05","14","4","0","0","0","1","0","0"
"POINT (11.544679389000066 48.111764240000070)","Unfall 29221 (2020) Kat:3, Licht: 2","29221","3","1","0","05","01","4","0","2","0","1","0","0"
"POINT (11.585478654000042 48.202143635000027)","Unfall 29287 (2020) Kat:3, Licht: 0","29287","3","6","2","05","14","4","0","0","0","1","0","1"
"POINT (11.623944301000051 48.223438736000048)","Unfall 29331 (2020) Kat:3, Licht: 0","29331","3","6","2","05","19","1","0","0","0","1","0","0"
"POINT (11.604799911000043 48.108641273000046)","Unfall 29336 (2020) Kat:3, Licht: 0","29336","3","6","2","05","12","7","0","0","0","1","0","0"
"POINT (11.492635489000065 48.084457594000071)","Unfall 29337 (2020) Kat:3, Licht: 0","29337","3","3","5","05","08","4","0","0","1","1","0","0"
"POINT (11.485076425000045 48.210195843000065)","Unfall 29338 (2020) Kat:3, Licht: 1","29338","3","3","5","05","05","7","0","1","0","1","0","0"
"POINT (11.480791826000029 48.209753953000074)","Unfall 29340 (2020) Kat:3, Licht: 0","29340","3","6","2","05","18","7","0","0","0","1","0","0"
"POINT (11.619521971000040 48.158257956000057)","Unfall 29394 (2020) Kat:3, Licht: 0","29394","3","1","9","05","16","2","1","0","0","1","0","0"
"POINT (11.583270606000042 48.102975924000077)","Unfall 29421 (2020) Kat:3, Licht: 0","29421","3","6","2","05","08","4","0","0","0","1","0","0"
"POINT (11.632126274000029 48.219589183000039)","Unfall 29570 (2020) Kat:3, Licht: 0","29570","3","6","9","05","13","7","0","0","0","1","0","0"
"POINT (11.667157454000062 48.120512708000035)","Unfall 29581 (2020) Kat:3, Licht: 0","29581","3","1","2","05","07","6","1","0","0","1","0","0"
"POINT (11.646036520000052 48.210734817000059)","Unfall 29587 (2020) Kat:3, Licht: 0","29587","3","6","9","05","10","3","0","0","0","1","0","1"
"POINT (11.581816404000051 48.104528607000077)","Unfall 29597 (2020) Kat:2, Licht: 0","29597","2","7","0","05","19","2","0","0","1","0","0","0"
"POINT (11.502298693000057 48.192876132000038)","Unfall 29602 (2020) Kat:3, Licht: 0","29602","3","6","4","05","16","2","0","0","1","0","0","0"
"POINT (11.644562142000041 48.126052081000068)","Unfall 29749 (2020) Kat:3, Licht: 0","29749","3","6","3","05","19","2","0","0","0","1","0","1"
"POINT (11.617524030000027 48.196659150000073)","Unfall 29750 (2020) Kat:2, Licht: 0","29750","2","1","9","05","20","2","0","0","0","0","0","1"
"POINT (11.626320691000046 48.214994416000081)","Unfall 29780 (2020) Kat:3, Licht: 0","29780","3","6","8","05","09","6","0","0","0","1","0","0"
"POINT (11.592538259000037 48.175998625000034)","Unfall 29785 (2020) Kat:3, Licht: 0","29785","3","6","3","05","10","6","1","0","0","1","0","0"
"POINT (11.581621020000057 48.105925132000039)","Unfall 29799 (2020) Kat:3, Licht: 0","29799","3","3","5","05","18","5","1","0","0","1","0","0"
"POINT (11.518278107000071 48.141403948000061)","Unfall 29823 (2020) Kat:3, Licht: 0","29823","3","6","1","05","17","2","0","0","0","1","0","0"
"POINT (11.395642645000066 48.141005570000061)","Unfall 29883 (2020) Kat:3, Licht: 0","29883","3","1","9","05","17","6","0","0","0","0","0","1"
"POINT (11.683706009000048 48.118358646000047)","Unfall 29900 (2020) Kat:3, Licht: 1","29900","3","2","4","05","20","6","0","1","1","1","0","0"
"POINT (11.609416068000030 48.155096889000049)","Unfall 29916 (2020) Kat:3, Licht: 0","29916","3","6","2","05","10","6","0","0","0","1","0","0"
"POINT (11.582079984000075 48.104481448000058)","Unfall 29960 (2020) Kat:3, Licht: 0","29960","3","6","2","05","16","7","1","0","0","1","0","0"
"POINT (11.455638059000023 48.150325616000032)","Unfall 29983 (2020) Kat:3, Licht: 0","29983","3","3","0","05","13","5","0","0","1","0","0","1"
"POINT (11.532613783000045 48.132971556000030)","Unfall 30064 (2020) Kat:3, Licht: 0","30064","3","1","0","05","14","6","0","0","0","0","0","1"
"POINT (11.419291303000023 48.142216913000027)","Unfall 30079 (2020) Kat:3, Licht: 0","30079","3","6","3","05","12","6","0","0","0","1","0","1"
"POINT (11.513923250000062 48.113204269000050)","Unfall 30124 (2020) Kat:3, Licht: 0","30124","3","3","5","05","10","7","1","0","0","1","0","1"
"POINT (11.583478668000055 48.104753541000036)","Unfall 30140 (2020) Kat:3, Licht: 0","30140","3","6","3","05","12","6","0","0","0","1","0","1"
"POINT (11.624803931000031 48.092410354000037)","Unfall 30164 (2020) Kat:3, Licht: 0","30164","3","3","5","05","14","3","0","0","1","1","0","0"
"POINT (11.545579696000061 48.176396251000028)","Unfall 30171 (2020) Kat:3, Licht: 2","30171","3","6","0","05","00","3","0","2","0","1","0","0"
"POINT (11.615171882000027 48.136893038000039)","Unfall 30200 (2020) Kat:3, Licht: 0","30200","3","3","5","05","09","7","1","0","0","1","0","0"
"POINT (11.516982322000047 48.116021189000037)","Unfall 30270 (2020) Kat:3, Licht: 2","30270","3","6","2","05","16","5","0","2","0","1","0","1"
"POINT (11.584920172000068 48.177322962000062)","Unfall 30301 (2020) Kat:3, Licht: 0","30301","3","6","2","05","14","4","0","0","0","1","0","0"
"POINT (11.600359389000062 48.160682745000031)","Unfall 30307 (2020) Kat:3, Licht: 0","30307","3","6","2","05","07","6","0","0","0","1","0","1"
"POINT (11.458234758000060 48.197059170000045)","Unfall 30364 (2020) Kat:3, Licht: 0","30364","3","2","2","05","18","1","0","0","1","1","0","0"
"POINT (11.691040883000028 48.117486131000078)","Unfall 30393 (2020) Kat:3, Licht: 0","30393","3","6","2","05","13","6","0","0","0","1","0","0"
"POINT (11.518290325000066 48.120480844000042)","Unfall 30489 (2020) Kat:3, Licht: 2","30489","3","6","3","05","09","6","0","2","0","1","0","0"
"POINT (11.625528564000035 48.096331144000033)","Unfall 30515 (2020) Kat:3, Licht: 0","30515","3","3","5","05","13","2","1","0","0","1","0","0"
"POINT (11.612245623000035 48.110336817000075)","Unfall 30518 (2020) Kat:3, Licht: 0","30518","3","2","3","05","16","2","1","0","1","1","0","0"
"POINT (11.533867268000051 48.187005896000073)","Unfall 30538 (2020) Kat:3, Licht: 0","30538","3","2","3","05","16","5","0","0","1","1","0","0"
"POINT (11.501644432000035 48.125900170000079)","Unfall 30695 (2020) Kat:3, Licht: 0","30695","3","6","2","06","16","5","1","0","0","1","0","0"
"POINT (11.596649802000059 48.166083519000040)","Unfall 30739 (2020) Kat:3, Licht: 0","30739","3","6","2","06","16","4","0","0","0","1","0","0"
"POINT (11.554003238000064 48.112537589000056)","Unfall 30771 (2020) Kat:3, Licht: 0","30771","3","6","2","06","17","3","0","0","0","1","0","0"
"POINT (11.617693083000063 48.115151005000030)","Unfall 30863 (2020) Kat:3, Licht: 0","30863","3","6","3","06","12","3","0","0","0","1","0","1"
"POINT (11.599277572000062 48.161351235000041)","Unfall 30905 (2020) Kat:2, Licht: 0","30905","2","1","0","06","07","4","0","0","0","0","0","1"
"POINT (11.477683989000070 48.145233301000076)","Unfall 30955 (2020) Kat:3, Licht: 0","30955","3","5","3","06","11","2","0","0","1","0","0","0"
"POINT (11.583938250000074 48.193049893000079)","Unfall 30960 (2020) Kat:2, Licht: 0","30960","2","4","6","06","13","2","0","0","0","1","1","0"
"POINT (11.584585126000036 48.197559313000056)","Unfall 30976 (2020) Kat:3, Licht: 0","30976","3","6","1","06","17","2","0","0","0","1","0","0"
"POINT (11.713325985000040 48.111010833000080)","Unfall 31008 (2020) Kat:3, Licht: 0","31008","3","2","3","06","14","1","1","0","1","1","0","0"
"POINT (11.487899327000036 48.092665541000031)","Unfall 31009 (2020) Kat:3, Licht: 0","31009","3","6","2","06","12","6","1","0","0","1","0","0"
"POINT (11.559878601000037 48.112644891000059)","Unfall 31028 (2020) Kat:3, Licht: 0","31028","3","6","2","06","07","4","0","0","0","1","0","0"
"POINT (11.402502163000065 48.139799156000038)","Unfall 31097 (2020) Kat:3, Licht: 2","31097","3","6","2","06","22","4","0","2","0","1","0","0"
"POINT (11.401667254000074 48.157741520000059)","Unfall 31145 (2020) Kat:2, Licht: 0","31145","2","6","2","06","13","6","1","0","0","0","0","0"