WKT,Name,OBJECTID,UKATEGORIE,UTYP1,UART,UMONAT,USTUNDE,UWOCHENTAG,STRZUSTAND,ULICHTVERH,ISTRAD,ISTPKW,ISTFUSS,ISTKRAD
"POINT (11.642013627000040 48.126367382000069)","Unfall 31162 (2020) Kat:2, Licht: 0","31162","2","3","5","06","08","5","0","0","1","0","0","0"
"POINT (11.592563863000066 48.175627363000046)","Unfall 31183 (2020) Kat:3, Licht: 0","31183","3","6","2","06","17","2","1","0","0","1","0","0"
"POINT (11.655249308000066 48.124527007000040)","Unfall 31292 (2020) Kat:3, Licht: 0","31292","3","3","5","06","08","2","1","0","0","1","0","0"
"POINT (11.607748580000077 48.108992313000044)","Unfall 31331 (2020) Kat:3, Licht: 0","31331","3","4","6","06","19","5","0","0","1","0","1","0"
"POINT (11.535474689000068 48.110564181000029)","Unfall 31333 (2020) Kat:3, Licht: 0","31333","3","6","2","06","18","5","0","0","0","1","0","0"
"POINT (11.518705643000033 48.141345965000028)","Unfall 31384 (2020) Kat:2, Licht: 0","31384","2","2","5","06","10","7","0","0","0","1","0","1"
"POINT (11.613353002000053 48.153161485000055)","Unfall 31411 (2020) Kat:3, Licht: 0","31411","3","6","2","06","12","2","1","0","0","1","0","0"
"POINT (11.613652191000028 48.152647772000080)","Unfall 31414 (2020) Kat:3, Licht: 0","31414","3","7","0","06","10","7","0","0","0","0","0","1"
"POINT (11.598085353000045 48.168249146000051)","Unfall 31447 (2020) Kat:3, Licht: 0","31447","3","6","2","06","12","4","1","0","0","1","0","0"
"POINT (11.584298194000041 48.188169956000081)","Unfall 31523 (2020) Kat:3, Licht: 2","31523","3","3","5","06","22","2","1","2","0","1","0","0"
"POINT (11.626058917000023 48.101018917000033)","Unfall 31527 (2020) Kat:3, Licht: 0","31527","3","2","4","06","16","6","0","0","0","1","0","0"
"POINT (11.483835900000031 48.144964320000042)","Unfall 31535 (2020) Kat:3, Licht: 0","31535","3","6","2","06","17","7","0","0","0","1","0","0"
"POINT (11.621025209000038 48.106446125000048)","Unfall 31537 (2020) Kat:3, Licht: 0","31537","3","2","5","06","20","6","0","0","1","1","0","0"
"POINT (11.671737292000046 48.119616520000079)","Unfall 31558 (2020) Kat:3, Licht: 0","31558","3","6","2","06","17","3","0","0","0","1","0","0"
"POINT (11.520078402000024 48.109644147000040)","Unfall 31559 (2020) Kat:3, Licht: 0","31559","3","6","2","06","18","3","0","0","0","1","0","0"
"POINT (11.605585948000055 48.108738247000076)","Unfall 31641 (2020) Kat:3, Licht: 0","31641","3","3","5","06","12","2","1","0","1","1","0","0"
"POINT (11.593744749000052 48.176003999000045)","Unfall 31661 (2020) Kat:3, Licht: 0","31661","3","1","8","06","11","3","1","0","0","1","0","0"
"POINT (11.617489188000036 48.196644307000042)","Unfall 31662 (2020) Kat:3, Licht: 0","31662","3","1","9","06","10","3","1","0","0","1","0","0"
"POINT (11.520907808000061 48.073582754000029)","Unfall 31667 (2020) Kat:3, Licht: 0","31667","3","2","4","06","13","2","0","0","0","1","0","0"
"POINT (11.607360297000071 48.155934156000058)","Unfall 31668 (2020) Kat:3, Licht: 0","31668","3","1","0","06","18","2","1","0","1","0","0","0"
"POINT (11.599593231000028 48.107606454000063)","Unfall 31697 (2020) Kat:3, Licht: 0","31697","3","3","5","06","10","1","1","0","0","1","0","0"
"POINT (11.422266709000041 48.142628085000069)","Unfall 31725 (2020) Kat:3, Licht: 0","31725","3","6","3","06","19","7","0","0","0","1","0","0"
"POINT (11.622318383000049 48.224070309000069)","Unfall 31821 (2020) Kat:3, Licht: 2","31821","3","7","8","06","00","1","0","2","0","1","0","0"
"POINT (11.420598656000038 48.142401140000061)","Unfall 31826 (2020) Kat:3, Licht: 0","31826","3","6","2","06","11","7","0","0","0","1","0","0"
"POINT (11.607519220000029 48.108957749000069)","Unfall 31863 (2020) Kat:3, Licht: 0","31863","3","2","5","06","18","3","0","0","1","1","0","0"
"POINT (11.555590484000049 48.112261539000031)","Unfall 31898 (2020) Kat:3, Licht: 0","31898","3","6","2","06","17","2","0","0","0","1","0","0"
"POINT (11.512389770000027 48.142094360000044)","Unfall 31908 (2020) Kat:2, Licht: 0","31908","2","3","5","06","16","6","1","0","1","1","0","0"
"POINT (11.518863915000054 48.141366228000038)","Unfall 31909 (2020) Kat:3, Licht: 0","31909","3","2","5","06","09","6","1","0","1","1","0","0"
"POINT (11.514935808000075 48.109064342000067)","Unfall 31912 (2020) Kat:3, Licht: 0","31912","3","6","2","06","17","3","0","0","0","1","0","0"
"POINT (11.664831051000021 48.121400709000056)","Unfall 31913 (2020) Kat:3, Licht: 2","31913","3","3","5","06","22","6","0","2","0","1","0","0"
"POINT (11.537655518000065 48.089901614000041)","Unfall 31939 (2020) Kat:3, Licht: 0","31939","3","2","2","06","18","2","0","0","1","1","0","1"
"POINT (11.531455906000076 48.131977868000035)","Unfall 31962 (2020) Kat:2, Licht: 0","31962","2","6","2","06","17","2","0","0","0","1","0","0"
"POINT (11.586792559000060 48.104680890000054)","Unfall 31982 (2020) Kat:2, Licht: 0","31982","2","1","0","06","06","2","0","0","0","1","0","1"
"POINT (11.621463592000055 48.205649463000043)","Unfall 31983 (2020) Kat:3, Licht: 0","31983","3","6","2","06","08","3","0","0","0","1","0","0"
"POINT (11.584333093000055 48.195627204000061)","Unfall 32007 (2020) Kat:3, Licht: 0","32007","3","3","5","06","11","2","0","0","1","1","0","0"
"POINT (11.634570837000069 48.127303353000059)","Unfall 32008 (2020) Kat:3, Licht: 0","32008","3","3","5","06","09","2","0","0","1","1","0","0"
"POINT (11.510141818000022 48.125099633000048)","Unfall 32027 (2020) Kat:3, Licht: 0","32027","3","6","2","06","17","6","0","0","0","1","0","0"
"POINT (11.483792980000032 48.144967689000055)","Unfall 32055 (2020) Kat:2, Licht: 0","32055","2","7","1","06","12","3","0","0","0","1","0","0"
"POINT (11.653605495000022 48.139291018000051)","Unfall 32135 (2020) Kat:3, Licht: 2","32135","3","6","2","06","22","2","0","2","0","1","0","0"
"POINT (11.501754865000066 48.214406359000066)","Unfall 32152 (2020) Kat:2, Licht: 0","32152","2","6","2","06","14","5","0","0","0","0","0","0"
"POINT (11.534997643000054 48.206647839000027)","Unfall 32159 (2020) Kat:3, Licht: 0","32159","3","6","2","06","10","4","0","0","0","1","0","0"
"POINT (11.445423832000074 48.145847618000062)","Unfall 32160 (2020) Kat:3, Licht: 0","32160","3","7","0","06","08","4","1","0","1","0","1","0"
"POINT (11.584161232000042 48.191461428000025)","Unfall 32162 (2020) Kat:3, Licht: 0","32162","3","6","0","06","17","4","0","0","1","0","0","0"
"POINT (11.646358886000030 48.096487789000037)","Unfall 32167 (2020) Kat:3, Licht: 0","32167","3","3","5","06","11","3","0","0","0","1","0","0"
"POINT (11.633042351000029 48.127631076000057)","Unfall 32331 (2020) Kat:2, Licht: 0","32331","2","7","6","06","11","6","0","0","0","0","1","1"
"POINT (11.554063473000042 48.182496391000029)","Unfall 32373 (2020) Kat:2, Licht: 0","32373","2","5","5","06","08","6","0","0","1","1","0","0"
"POINT (11.676836113000036 48.119381416000067)","Unfall 32377 (2020) Kat:3, Licht: 0","32377","3","7","4","06","14","5","0","0","0","1","0","0"
"POINT (11.490676140000062 48.084809523000047)","Unfall 32379 (2020) Kat:3, Licht: 0","32379","3","6","1","06","15","5","0","0","0","1","0","0"
"POINT (11.610768950000022 48.185808660000077)","Unfall 32380 (2020) Kat:3, Licht: 1","32380","3","6","0","06","21","5","0","1","0","1","0","1"
"POINT (11.671463209000024 48.119644908000055)","Unfall 32382 (2020) Kat:3, Licht: 0","32382","3","1","0","06","17","5","0","0","1","0","0","0"
"POINT (11.616288781000037 48.132571031000055)","Unfall 32383 (2020) Kat:3, Licht: 0","32383","3","1","0","06","07","5","0","0","1","0","0","0"
"POINT (11.620347642000070 48.120661219000056)","Unfall 32385 (2020) Kat:3, Licht: 0","32385","3","1","0","06","20","5","0","0","0","0","0","1"
"POINT (11.604275696000059 48.108576458000073)","Unfall 32481 (2020) Kat:3, Licht: 0","32481","3","2","5","06","08","6","0","0","1","0","0","0"
"POINT (11.392384817000050 48.146134179000057)","Unfall 32493 (2020) Kat:2, Licht: 0","32493","2","3","5","06","10","6","0","0","0","1","0","0"
"POINT (11.511488385000064 48.124747589000037)","Unfall 32520 (2020) Kat:2, Licht: 0","32520","2","6","2","06","07","5","0","0","0","1","0","0"
"POINT (11.460238032000063 48.207562149000069)","Unfall 32532 (2020) Kat:3, Licht: 0","32532","3","6","4","06","17","4","0","0","1","0","0","0"
"POINT (11.551592623000033 48.186160447000077)","Unfall 32533 (2020) Kat:3, Licht: 0","32533","3","3","5","06","19","4","0","0","1","1","0","0"
"POINT (11.584265569000024 48.190154386000074)","Unfall 32535 (2020) Kat:3, Licht: 0","32535","3","6","2","06","20","4","0","0","1","0","0","0"
"POINT (11.472882010000035 48.145478339000078)","Unfall 32571 (2020) Kat:3, Licht: 0","32571","3","3","5","06","17","3","0","0","0","0","0","1"
"POINT (11.611232169000061 48.154388624000035)","Unfall 32594 (2020) Kat:3, Licht: 0","32594","3","6","2","06","07","2","1","0","0","1","0","0"
"POINT (11.533280542000057 48.187057099000072)","Unfall 32616 (2020) Kat:3, Licht: 0","32616","3","6","2","06","18","3","0","0","0","1","0","0"
"POINT (11.528206837000027 48.140362195000080)","Unfall 32622 (2020) Kat:3, Licht: 0","32622","3","2","5","06","17","3","0","0","1","1","0","0"
"POINT (11.560325022000029 48.112702868000042)","Unfall 32632 (2020) Kat:3, Licht: 0","32632","3","6","2","06","19","7","0","0","0","1","0","0"
"POINT (11.516901363000045 48.113398102000076)","Unfall 32639 (2020) Kat:3, Licht: 0","32639","3","3","5","06","11","1","0","0","0","1","0","0"
"POINT (11.624186371000064 48.138336896000055)","Unfall 32679 (2020) Kat:3, Licht: 0","32679","3","6","1","06","17","3","0","0","0","1","0","0"
"POINT (11.582449838000059 48.104856378000079)","Unfall 32699 (2020) Kat:3, Licht: 0","32699","3","6","1","06","15","1","0","0","0","1","0","0"
"POINT (11.494742155000040 48.124750664000032)","Unfall 32717 (2020) Kat:3, Licht: 0","32717","3","6","2","07","08","4","0","0","0","1","0","0"
"POINT (11.583914136000033 48.101907497000070)","Unfall 32755 (2020) Kat:3, Licht: 0","32755","3","6","2","06","14","3","0","0","0","1","0","0"
"POINT (11.623767819000022 48.210286001000043)","Unfall 32762 (2020) Kat:3, Licht: 0","32762","3","6","2","06","08","3","0","0","0","1","0","0"
"POINT (11.527943174000029 48.140378272000078)","Unfall 32774 (2020) Kat:3, Licht: 0","32774","3","6","2","06","06","2","1","0","0","1","0","0"
"POINT (11.597632984000029 48.167591049000066)","Unfall 32798 (2020) Kat:3, Licht: 0","32798","3","6","2","06","06","3","0","0","0","1","0","0"
"POINT (11.394039114000066 48.147975869000049)","Unfall 32809 (2020) Kat:3, Licht: 1","32809","3","6","2","06","20","3","0","1","0","1","0","1"
"POINT (11.615905754000039 48.128767323000034)","Unfall 32822 (2020) Kat:3, Licht: 0","32822","3","7","0","06","11","1","0","0","1","0","1","0"
"POINT (11.621040995000044 48.106434038000032)","Unfall 32835 (2020) Kat:2, Licht: 0","32835","2","2","5","06","16","2","0","0","1","1","0","0"
"POINT (11.621836145000032 48.105836751000027)","Unfall 32847 (2020) Kat:3, Licht: 0","32847","3","7","0","06","18","3","0","0","1","0","0","0"
"POINT (11.624413835000041 48.163322885000071)","Unfall 32917 (2020) Kat:2, Licht: 0","32917","2","3","5","07","09","5","0","0","0","1","0","1"
"POINT (11.615800922000062 48.131039620000081)","Unfall 32923 (2020) Kat:3, Licht: 0","32923","3","6","3","07","08","5","0","0","1","0","0","0"
"POINT (11.580960520000076 48.228190176000055)","Unfall 32982 (2020) Kat:3, Licht: 0","32982","3","6","2","07","12","7","0","0","0","1","0","0"
"POINT (11.646517224000036 48.096416366000028)","Unfall 32998 (2020) Kat:3, Licht: 0","32998","3","2","4","07","15","6","0","0","0","1","0","0"
"POINT (11.620223442000054 48.120327873000065)","Unfall 33067 (2020) Kat:3, Licht: 0","33067","3","2","4","07","12","6","0","0","0","1","0","0"
"POINT (11.397003562000066 48.138311260000080)","Unfall 33077 (2020) Kat:3, Licht: 0","33077","3","6","2","07","07","5","1","0","0","1","0","0"
"POINT (11.501483405000045 48.112157491000062)","Unfall 33103 (2020) Kat:2, Licht: 0","33103","2","6","2","07","18","4","0","0","0","1","0","1"
"POINT (11.592206562000058 48.175777289000052)","Unfall 33106 (2020) Kat:3, Licht: 0","33106","3","6","2","07","15","4","0","0","0","1","0","0"
"POINT (11.532255913000029 48.140099826000039)","Unfall 33107 (2020) Kat:3, Licht: 0","33107","3","2","3","07","12","4","0","0","1","1","0","0"
"POINT (11.492252139000072 48.097769404000076)","Unfall 33242 (2020) Kat:3, Licht: 0","33242","3","6","3","07","15","1","0","0","0","1","0","0"
"POINT (11.615418872000021 48.143492161000040)","Unfall 33250 (2020) Kat:3, Licht: 2","33250","3","7","2","07","15","4","0","2","0","1","0","0"
"POINT (11.520843807000062 48.141117665000081)","Unfall 33310 (2020) Kat:3, Licht: 0","33310","3","6","5","07","16","3","0","0","0","1","0","1"
"POINT (11.621763724000061 48.129967242000077)","Unfall 33385 (2020) Kat:3, Licht: 2","33385","3","6","2","07","21","3","0","2","0","1","0","0"
"POINT (11.615890332000049 48.130968887000051)","Unfall 33406 (2020) Kat:3, Licht: 0","33406","3","2","3","07","06","4","0","0","1","1","0","0"
"POINT (11.494696440000041 48.084566125000038)","Unfall 33415 (2020) Kat:3, Licht: 0","33415","3","1","0","07","19","1","0","0","1","0","0","0"
"POINT (11.620135136000044 48.120455675000073)","Unfall 33422 (2020) Kat:3, Licht: 0","33422","3","2","3","07","12","2","0","0","0","1","0","1"
"POINT (11.517389243000025 48.124108502000070)","Unfall 33424 (2020) Kat:3, Licht: 0","33424","3","6","1","07","18","1","0","0","0","1","0","0"
"POINT (11.620706545000075 48.203475820000051)","Unfall 33438 (2020) Kat:2, Licht: 1","33438","2","6","3","07","05","1","0","1","0","1","0","0"
"POINT (11.536786010000071 48.155137262000039)","Unfall 33442 (2020) Kat:3, Licht: 2","33442","3","1","3","07","21","3","0","2","1","0","0","0"
"POINT (11.596731982000051 48.173669996000058)","Unfall 33458 (2020) Kat:2, Licht: 0","33458","2","5","1","07","13","7","0","0","0","0","0","1"
"POINT (11.554824513000028 48.112266561000069)","Unfall 33466 (2020) Kat:3, Licht: 0","33466","3","6","3","07","13","7","0","0","0","1","0","1"
"POINT (11.582473582000034 48.104817881000031)","Unfall 33470 (2020) Kat:3, Licht: 2","33470","3","7","0","07","23","7","0","2","1","0","0","0"
"POINT (11.562478445000067 48.112983668000027)","Unfall 33473 (2020) Kat:3, Licht: 0","33473","3","6","3","07","11","7","0","0","0","1","0","1"
"POINT (11.528198323000026 48.140362743000026)","Unfall 33496 (2020) Kat:3, Licht: 0","33496","3","1","0","07","08","2","0","0","1","0","0","0"
"POINT (11.502075776000027 48.112154028000077)","Unfall 33498 (2020) Kat:3, Licht: 0","33498","3","2","6","07","10","7","0","0","0","1","1","0"
"POINT (11.576499286000058 48.111791705000030)","Unfall 33512 (2020) Kat:3, Licht: 0","33512","3","2","3","07","13","7","0","0","1","0","0","0"
"POINT (11.578696785000034 48.109829256000069)","Unfall 33551 (2020) Kat:3, Licht: 0","33551","3","6","2","07","09","2","0","0","0","1","0","0"
"POINT (11.530557988000055 48.187293486000044)","Unfall 33554 (2020) Kat:3, Licht: 0","33554","3","2","5","07","07","4","0","0","1","1","0","0"
"POINT (11.661570677000043 48.122420660000046)","Unfall 33563 (2020) Kat:3, Licht: 0","33563","3","6","2","07","16","1","0","0","0","1","0","0"
"POINT (11.576889169000026 48.111024898000039)","Unfall 33568 (2020) Kat:3, Licht: 0","33568","3","6","3","07","15","2","0","0","1","1","0","0"
"POINT (11.523862513000040 48.109986338000056)","Unfall 33620 (2020) Kat:3, Licht: 0","33620","3","6","2","07","17","2","0","0","0","1","0","0"
"POINT (11.620707736000043 48.122395845000028)","Unfall 33651 (2020) Kat:3, Licht: 0","33651","3","6","2","07","07","6","0","0","0","1","0","0"
"POINT (11.531965245000038 48.131879655000034)","Unfall 33704 (2020) Kat:3, Licht: 0","33704","3","2","5","07","10","7","1","0","1","1","0","0"
"POINT (11.524460789000045 48.140667143000030)","Unfall 33707 (2020) Kat:2, Licht: 2","33707","2","3","5","07","21","2","0","2","1","0","0","0"
"POINT (11.494648583000071 48.084369424000045)","Unfall 33708 (2020) Kat:3, Licht: 0","33708","3","7","0","07","12","7","0","0","0","0","0","0"
"POINT (11.576310584000055 48.111529402000031)","Unfall 33716 (2020) Kat:3, Licht: 0","33716","3","2","5","07","13","7","1","0","0","1","0","0"
"POINT (11.484689320000030 48.212740653000026)","Unfall 33722 (2020) Kat:3, Licht: 2","33722","3","3","5","07","22","7","1","2","0","1","0","1"
"POINT (11.528070124000067 48.130030824000073)","Unfall 33727 (2020) Kat:3, Licht: 0","33727","3","6","3","07","09","2","0","0","0","1","0","1"
"POINT (11.492699543000072 48.200222162000046)","Unfall 33793 (2020) Kat:3, Licht: 0","33793","3","7","0","07","20","2","0","0","1","0","0","0"
"POINT (11.495457188000046 48.086052388000041)","Unfall 33799 (2020) Kat:3, Licht: 0","33799","3","1","0","07","17","1","0","0","1","0","0","0"
"POINT (11.662467024000023 48.122210117000066)","Unfall 33861 (2020) Kat:3, Licht: 0","33861","3","3","5","07","17","5","0","0","1","1","0","0"
"POINT (11.539150826000025 48.173257454000066)","Unfall 33862 (2020) Kat:3, Licht: 0","33862","3","6","2","07","15","5","0","0","0","1","0","0"
"POINT (11.487543373000051 48.113696121000032)","Unfall 33865 (2020) Kat:3, Licht: 0","33865","3","2","4","07","18","5","0","0","1","1","0","0"
"POINT (11.502936546000058 48.142969485000037)","Unfall 33869 (2020) Kat:3, Licht: 0","33869","3","3","5","07","17","5","0","0","0","1","0","0"
"POINT (11.559139289000029 48.176044302000037)","Unfall 33872 (2020) Kat:3, Licht: 0","33872","3","6","2","07","16","5","0","0","0","1","0","0"
"POINT (11.616301980000060 48.113123984000026)","Unfall 33873 (2020) Kat:3, Licht: 0","33873","3","6","1","07","11","5","0","0","0","1","0","0"
"POINT (11.548533390000046 48.112094285000069)","Unfall 33904 (2020) Kat:3, Licht: 0","33904","3","2","5","07","06","2","0","0","1","1","0","0"
"POINT (11.460718076000035 48.176418417000036)","Unfall 33946 (2020) Kat:3, Licht: 0","33946","3","2","5","07","09","1","0","0","1","1","0","0"
"POINT (11.609057144000076 48.184252718000039)","Unfall 33964 (2020) Kat:3, Licht: 0","33964","3","7","0","07","14","2","0","0","1","0","0","0"
"POINT (11.471126578000053 48.209712784000033)","Unfall 34025 (2020) Kat:3, Licht: 0","34025","3","6","3","07","11","6","0","0","0","1","0","0"
"POINT (11.593913813000029 48.175065877000065)","Unfall 34069 (2020) Kat:3, Licht: 0","34069","3","6","3","07","16","5","1","0","0","1","0","0"
"POINT (11.600538359000041 48.160661319000042)","Unfall 34081 (2020) Kat:3, Licht: 0","34081","3","3","5","07","11","1","0","0","0","1","0","0"
"POINT (11.523347283000021 48.090508132000082)","Unfall 34187 (2020) Kat:3, Licht: 0","34187","3","3","5","07","14","6","0","0","0","0","1","0"
"POINT (11.528073276000043 48.079811701000040)","Unfall 34205 (2020) Kat:3, Licht: 0","34205","3","7","0","07","11","1","0","0","0","1","0","1"
"POINT (11.460752901000035 48.188398436000057)","Unfall 34279 (2020) Kat:3, Licht: 0","34279","3","7","1","07","11","1","0","0","1","1","0","0"
"POINT (11.620665139000039 48.124569203000078)","Unfall 34286 (2020) Kat:2, Licht: 0","34286","2","3","5","07","10","6","0","0","1","1","0","0"
"POINT (11.512364449000074 48.142097189000026)","Unfall 34303 (2020) Kat:3, Licht: 0","34303","3","2","4","07","18","3","0","0","0","1","0","0"
"POINT (11.584382389000041 48.187085339000078)","Unfall 34310 (2020) Kat:3, Licht: 0","34310","3","7","0","07","14","3","0","0","1","0","0","0"
"POINT (11.514515130000063 48.124328938000076)","Unfall 34313 (2020) Kat:3, Licht: 0","34313","3","6","2","07","14","2","0","0","0","1","0","0"
"POINT (11.491645136000045 48.201395685000080)","Unfall 34323 (2020) Kat:3, Licht: 0","34323","3","1","0","07","16","3","0","0","1","0","0","0"
"POINT (11.613727266000069 48.104728329000068)","Unfall 34349 (2020) Kat:3, Licht: 2","34349","3","1","9","07","20","5","1","2","0","1","0","0"
"POINT (11.559395258000052 48.112583057000052)","Unfall 34351 (2020) Kat:3, Licht: 0","34351","3","6","2","07","13","7","0","0","0","1","0","1"
"POINT (11.590274124000075 48.105100361000041)","Unfall 34359 (2020) Kat:3, Licht: 0","34359","3","3","5","07","06","5","0","0","0","1","0","0"
"POINT (11.706351622000057 48.111968047000062)","Unfall 34441 (2020) Kat:3, Licht: 2","34441","3","6","2","07","00","4","0","2","0","1","0","1"
"POINT (11.618853579000074 48.137264530000039)","Unfall 34443 (2020) Kat:3, Licht: 2","34443","3","6","2","07","21","7","0","2","0","1","0","0"
"POINT (11.612546001000055 48.110474891000081)","Unfall 34446 (2020) Kat:3, Licht: 0","34446","3","4","6","07","17","4","0","0","1","0","1","0"
"POINT (11.485678991000043 48.086814919000062)","Unfall 34451 (2020) Kat:3, Licht: 0","34451","3","2","5","07","18","5","1","0","1","1","0","0"
"POINT (11.620634491000033 48.124642572000027)","Unfall 34462 (2020) Kat:3, Licht: 2","34462","3","2","5","07","22","4","1","2","0","1","0","0"
"POINT (11.593679688000066 48.175886056000081)","Unfall 34533 (2020) Kat:3, Licht: 0","34533","3","1","8","07","13","1","0","0","0","1","0","0"
"POINT (11.536441458000070 48.110573285000044)","Unfall 34540 (2020) Kat:3, Licht: 0","34540","3","6","2","07","15","5","0","0","0","1","0","0"
"POINT (11.590947342000050 48.105273683000064)","Unfall 34605 (2020) Kat:3, Licht: 0","34605","3","5","1","07","09","3","0","0","0","1","0","0"
"POINT (11.521921534000057 48.123749492000059)","Unfall 34642 (2020) Kat:2, Licht: 2","34642","2","1","9","07","02","1","0","2","0","0","0","1"
"POINT (11.652930777000051 48.139414510000051)","Unfall 34686 (2020) Kat:2, Licht: 0","34686","2","6","2","07","08","3","0","0","0","1","0","1"
"POINT (11.621054421000053 48.106423757000073)","Unfall 34733 (2020) Kat:3, Licht: 2","34733","3","7","0","07","21","2","0","2","1","0","0","0"
"POINT (11.458086693000041 48.198946888000080)","Unfall 34737 (2020) Kat:3, Licht: 0","34737","3","6","1","07","16","2","0","0","0","1","0","1"
"POINT (11.584450487000026 48.187990071000058)","Unfall 34750 (2020) Kat:3, Licht: 2","34750","3","1","0","07","22","2","0","2","1","0","0","0"
"POINT (11.462116276000074 48.177107156000034)","Unfall 34755 (2020) Kat:3, Licht: 0","34755","3","2","4","07","18","2","0","0","1","1","0","0"
"POINT (11.523933458000045 48.109893668000041)","Unfall 34763 (2020) Kat:3, Licht: 0","34763","3","6","1","07","19","2","0","0","0","1","0","1"
"POINT (11.502698371000065 48.143000439000048)","Unfall 34767 (2020) Kat:3, Licht: 0","34767","3","3","5","07","08","6","0","0","1","1","0","0"
"POINT (11.537504364000029 48.186750827000026)","Unfall 34771 (2020) Kat:3, Licht: 0","34771","3","7","0","07","14","7","0","0","1","0","0","0"
"POINT (11.478770875000066 48.145201667000038)","Unfall 34805 (2020) Kat:3, Licht: 0","34805","3","2","5","07","16","4","0","0","1","1","0","0"
"POINT (11.497790866000059 48.212014912000029)","Unfall 34828 (2020) Kat:3, Licht: 0","34828","3","6","2","07","15","5","1","0","0","1","0","0"
"POINT (11.503623476000030 48.112158591000082)","Unfall 34830 (2020) Kat:3, Licht: 0","34830","3","7","5","07","16","4","0","0","0","1","0","0"
"POINT (11.524345673000028 48.076251954000043)","Unfall 34882 (2020) Kat:3, Licht: 1","34882","3","2","3","07","21","4","0","1","1","1","0","0"
"POINT (11.481943036000075 48.114855869000053)","Unfall 34949 (2020) Kat:3, Licht: 0","34949","3","2","3","07","11","3","0","0","1","1","0","0"
"POINT (11.537046101000044 48.151866487000063)","Unfall 34975 (2020) Kat:3, Licht: 0","34975","3","3","5","07","17","6","0","0","1","0","1","1"
"POINT (11.491311277000023 48.201627726000027)","Unfall 34979 (2020) Kat:3, Licht: 1","34979","3","7","0","07","21","7","0","1","1","0","0","0"
"POINT (11.614977319000047 48.129476307000061)","Unfall 34986 (2020) Kat:3, Licht: 0","34986","3","2","4","07","09","5","0","0","1","1","0","0"
"POINT (11.516956038000046 48.123798366000074)","Unfall 35006 (2020) Kat:3, Licht: 0","35006","3","6","2","07","13","7","0","0","0","1","0","1"
"POINT (11.654294276000030 48.124746228000049)","Unfall 35007 (2020) Kat:3, Licht: 0","35007","3","2","0","07","12","4","0","0","0","0","0","1"
"POINT (11.616452476000063 48.133425109000029)","Unfall 35010 (2020) Kat:2, Licht: 0","35010","2","7","0","07","09","3","0","0","1","0","0","0"
"POINT (11.626406361000022 48.199100419000047)","Unfall 35022 (2020) Kat:3, Licht: 0","35022","3","2","3","07","15","3","0","0","1","1","0","0"
"POINT (11.516902711000057 48.113374624000073)","Unfall 35024 (2020) Kat:3, Licht: 0","35024","3","3","5","07","10","3","0","0","1","1","0","0"
"POINT (11.645036786000048 48.090262861000042)","Unfall 35057 (2020) Kat:2, Licht: 0","35057","2","3","5","07","07","4","0","0","1","1","0","0"
"POINT (11.476749198000050 48.115459839000039)","Unfall 35110 (2020) Kat:3, Licht: 0","35110","3","6","0","07","17","2","0","0","0","1","0","0"
"POINT (11.541285419000076 48.110790534000046)","Unfall 35114 (2020) Kat:2, Licht: 0","35114","2","1","9","07","07","5","0","0","0","0","0","1"
"POINT (11.403763662000074 48.128208818000076)","Unfall 35115 (2020) Kat:2, Licht: 0","35115","2","6","3","07","11","5","0","0","0","1","0","1"
"POINT (11.649092039000038 48.105546392000065)","Unfall 35142 (2020) Kat:3, Licht: 0","35142","3","6","2","07","10","5","0","0","0","1","0","0"
"POINT (11.564182793000043 48.176045209000051)","Unfall 35164 (2020) Kat:3, Licht: 0","35164","3","6","2","07","17","4","0","0","0","1","0","1"
"POINT (11.478966975000048 48.145195684000043)","Unfall 35178 (2020) Kat:3, Licht: 1","35178","3","1","0","07","05","6","0","1","0","1","0","0"
"POINT (11.403528986000026 48.159163930000034)","Unfall 35208 (2020) Kat:3, Licht: 0","35208","3","6","2","07","14","4","0","0","0","1","0","0"
"POINT (11.471952951000048 48.145423459000028)","Unfall 35217 (2020) Kat:3, Licht: 0","35217","3","3","5","07","18","5","0","0","0","1","0","0"
"POINT (11.510787270000037 48.125011961000041)","Unfall 35281 (2020) Kat:3, Licht: 0","35281","3","6","2","07","15","6","0","0","0","1","0","0"
"POINT (11.547697899000070 48.112031912000077)","Unfall 35292 (2020) Kat:3, Licht: 2","35292","3","6","3","07","16","4","0","2","0","1","0","0"
"POINT (11.645537505000050 48.125921029000040)","Unfall 35326 (2020) Kat:3, Licht: 0","35326","3","6","1","07","18","5","0","0","0","1","0","1"
"POINT (11.481341690000022 48.088124810000068)","Unfall 35355 (2020) Kat:3, Licht: 1","35355","3","7","0","07","21","5","0","1","0","1","0","0"
"POINT (11.488494105000029 48.095271274000027)","Unfall 35369 (2020) Kat:3, Licht: 0","35369","3","7","0","07","16","2","0","0","0","1","0","0"
"POINT (11.584299321000060 48.189747485000055)","Unfall 35390 (2020) Kat:3, Licht: 0","35390","3","6","3","07","17","6","0","0","0","1","0","0"
"POINT (11.626101768000069 48.198616867000055)","Unfall 35427 (2020) Kat:2, Licht: 2","35427","2","7","0","07","22","5","0","2","1","0","0","0"
"POINT (11.520174116000021 48.123751524000056)","Unfall 35446 (2020) Kat:3, Licht: 0","35446","3","6","2","07","17","2","0","0","0","1","0","0"
"POINT (11.534509678000063 48.138556889000029)","Unfall 35495 (2020) Kat:3, Licht: 0","35495","3","6","2","07","13","6","0","0","0","1","0","0"
"POINT (11.615883569000061 48.130969926000034)","Unfall 35496 (2020) Kat:3, Licht: 0","35496","3","2","4","07","18","4","0","0","1","1","0","0"
"POINT (11.527380317000052 48.140414192000037)","Unfall 35501 (2020) Kat:3, Licht: 2","35501","3","7","0","07","03","3","0","2","1","0","0","0"