WKT,Name,OBJECTID,UKATEGORIE,UTYP1,UART,UMONAT,USTUNDE,UWOCHENTAG,STRZUSTAND,ULICHTVERH,ISTRAD,ISTPKW,ISTFUSS,ISTKRAD
"POINT (11.502907677000053 48.214934562000053)","Unfall 35544 (2020) Kat:3, Licht: 0","35544","3","6","2","08","14","5","0","0","0","0","0","0"
"POINT (11.502425356000060 48.112065266000059)","Unfall 35595 (2020) Kat:3, Licht: 0","35595","3","2","5","08","10","4","0","0","1","1","0","0"
"POINT (11.615953151000042 48.130885329000080)","Unfall 35640 (2020) Kat:3, Licht: 0","35640","3","6","2","08","16","5","0","0","0","1","0","0"
"POINT (11.587073005000036 48.210396052000078)","Unfall 35643 (2020) Kat:3, Licht: 0","35643","3","2","5","08","11","4","0","0","1","1","0","0"
"POINT (11.579416114000026 48.108255386000053)","Unfall 35760 (2020) Kat:3, Licht: 0","35760","3","6","3","08","19","6","0","0","0","0","0","1"
"POINT (11.663065182000025 48.122005272000081)","Unfall 35773 (2020) Kat:3, Licht: 1","35773","3","5","1","08","04","1","0","1","0","1","0","0"
"POINT (11.487404566000066 48.086443389000067)","Unfall 35779 (2020) Kat:3, Licht: 0","35779","3","3","5","08","12","7","0","0","0","1","0","0"
"POINT (11.596471095000027 48.163140601000066)","Unfall 35782 (2020) Kat:3, Licht: 0","35782","3","6","2","08","07","2","1","0","0","1","0","0"
"POINT (11.394828808000057 48.137644253000076)","Unfall 35796 (2020) Kat:2, Licht: 0","35796","2","2","5","08","12","7","0","0","0","1","0","0"
"POINT (11.541561628000068 48.097351599000035)","Unfall 35807 (2020) Kat:2, Licht: 2","35807","2","6","3","08","22","7","1","2","1","0","0","0"
"POINT (11.536513266000043 48.110573919000046)","Unfall 35815 (2020) Kat:2, Licht: 0","35815","2","4","6","08","06","7","0","0","0","1","1","0"
"POINT (11.445720298000026 48.203958684000042)","Unfall 35836 (2020) Kat:3, Licht: 1","35836","3","6","2","08","17","4","0","1","0","1","0","0"
"POINT (11.584293572000036 48.188222302000042)","Unfall 35862 (2020) Kat:3, Licht: 0","35862","3","7","0","08","18","3","0","0","0","0","0","1"
"POINT (11.491346129000021 48.201588176000030)","Unfall 36003 (2020) Kat:3, Licht: 0","36003","3","3","5","08","11","5","0","0","1","1","0","0"
"POINT (11.548844724000048 48.074396818000025)","Unfall 36005 (2020) Kat:2, Licht: 2","36005","2","1","0","08","01","6","0","2","1","0","0","0"
"POINT (11.394913494000036 48.137618139000040)","Unfall 36072 (2020) Kat:3, Licht: 0","36072","3","6","2","08","08","6","0","0","0","1","0","0"
"POINT (11.518050681000034 48.124020210000026)","Unfall 36087 (2020) Kat:3, Licht: 0","36087","3","6","2","08","13","3","1","0","0","1","0","0"
"POINT (11.546190911000053 48.176298613000029)","Unfall 36090 (2020) Kat:3, Licht: 0","36090","3","6","2","08","17","5","0","0","0","1","0","0"
"POINT (11.517389243000025 48.124108502000070)","Unfall 36098 (2020) Kat:3, Licht: 0","36098","3","6","2","08","14","7","0","0","0","1","0","0"
"POINT (11.508810601000050 48.125282126000059)","Unfall 36104 (2020) Kat:3, Licht: 0","36104","3","6","2","08","12","2","1","0","0","1","0","0"
"POINT (11.539836643000058 48.203334370000050)","Unfall 36131 (2020) Kat:3, Licht: 0","36131","3","3","5","08","12","2","0","0","1","0","0","1"
"POINT (11.530582573000061 48.187359181000033)","Unfall 36184 (2020) Kat:3, Licht: 0","36184","3","2","2","08","08","2","0","0","1","1","0","0"
"POINT (11.492660954000030 48.084455856000034)","Unfall 36208 (2020) Kat:3, Licht: 0","36208","3","3","5","08","09","3","0","0","1","1","0","0"
"POINT (11.419736739000030 48.170676272000037)","Unfall 36229 (2020) Kat:3, Licht: 0","36229","3","6","0","08","15","3","0","0","0","1","0","0"
"POINT (11.683739203000073 48.118482194000080)","Unfall 36238 (2020) Kat:3, Licht: 0","36238","3","2","5","08","12","2","0","0","1","1","0","0"
"POINT (11.493333146000055 48.144044290000068)","Unfall 36246 (2020) Kat:3, Licht: 0","36246","3","7","5","08","17","7","0","0","0","1","0","0"
"POINT (11.537651461000053 48.089896512000053)","Unfall 36298 (2020) Kat:3, Licht: 0","36298","3","6","2","08","09","2","0","0","0","1","0","0"
"POINT (11.603883329000041 48.108524902000056)","Unfall 36308 (2020) Kat:2, Licht: 0","36308","2","2","6","08","14","3","0","0","0","0","1","0"
"POINT (11.638267892000044 48.216085588000055)","Unfall 36364 (2020) Kat:3, Licht: 0","36364","3","6","9","08","11","4","0","0","0","1","0","0"
"POINT (11.600483961000066 48.160700082000062)","Unfall 36375 (2020) Kat:3, Licht: 0","36375","3","1","0","08","15","3","0","0","1","0","0","0"
"POINT (11.398804907000056 48.134986200000071)","Unfall 36509 (2020) Kat:3, Licht: 2","36509","3","1","3","08","22","6","1","2","0","1","0","0"
"POINT (11.518708528000047 48.123934434000034)","Unfall 36511 (2020) Kat:3, Licht: 0","36511","3","6","2","08","14","6","0","0","0","1","0","0"
"POINT (11.584348405000071 48.195721900000080)","Unfall 36577 (2020) Kat:3, Licht: 2","36577","3","2","5","08","22","7","0","2","0","1","0","0"
"POINT (11.622353912000051 48.207456636000074)","Unfall 36640 (2020) Kat:3, Licht: 0","36640","3","6","2","08","18","5","0","0","0","1","0","0"
"POINT (11.619425017000026 48.201621957000043)","Unfall 36641 (2020) Kat:3, Licht: 0","36641","3","1","8","08","15","5","0","0","0","1","0","0"
"POINT (11.618096432000073 48.110589713000081)","Unfall 36644 (2020) Kat:3, Licht: 0","36644","3","2","4","08","08","4","0","0","1","1","0","0"
"POINT (11.496019121000074 48.194244883000067)","Unfall 36647 (2020) Kat:2, Licht: 0","36647","2","3","5","08","13","4","0","0","1","1","0","0"
"POINT (11.527749190000065 48.140389920000075)","Unfall 36694 (2020) Kat:2, Licht: 1","36694","2","6","4","08","20","6","0","1","1","0","0","0"
"POINT (11.584299517000034 48.189744974000064)","Unfall 36717 (2020) Kat:3, Licht: 0","36717","3","7","0","08","13","4","0","0","1","0","0","0"
"POINT (11.628467682000064 48.202488606000031)","Unfall 36774 (2020) Kat:2, Licht: 0","36774","2","3","5","08","13","3","1","0","1","1","0","0"
"POINT (11.482016834000035 48.114840532000073)","Unfall 36785 (2020) Kat:3, Licht: 0","36785","3","3","1","08","17","2","0","0","1","1","0","0"
"POINT (11.701074736000066 48.113169450000044)","Unfall 36903 (2020) Kat:3, Licht: 0","36903","3","2","3","08","17","2","0","0","1","1","0","0"
"POINT (11.516849390000061 48.115975824000031)","Unfall 36911 (2020) Kat:3, Licht: 2","36911","3","6","3","08","21","3","0","2","0","1","0","0"
"POINT (11.537501128000031 48.186751078000043)","Unfall 36919 (2020) Kat:3, Licht: 0","36919","3","6","2","08","14","4","0","0","0","1","0","0"
"POINT (11.502969261000032 48.143311736000044)","Unfall 36924 (2020) Kat:2, Licht: 0","36924","2","3","5","08","09","1","0","0","0","1","0","1"
"POINT (11.531513544000063 48.140148629000066)","Unfall 36987 (2020) Kat:3, Licht: 0","36987","3","6","2","08","19","2","0","0","0","1","0","0"
"POINT (11.453116691000048 48.135651572000029)","Unfall 37035 (2020) Kat:2, Licht: 0","37035","2","7","0","08","10","2","0","0","1","0","0","0"
"POINT (11.585098629000072 48.180047970000032)","Unfall 37063 (2020) Kat:3, Licht: 2","37063","3","6","2","08","21","7","0","2","0","1","0","0"
"POINT (11.584389349000048 48.186964419000049)","Unfall 37084 (2020) Kat:3, Licht: 0","37084","3","2","5","08","19","5","0","0","1","1","0","0"
"POINT (11.534120251000047 48.135896429000070)","Unfall 37086 (2020) Kat:3, Licht: 2","37086","3","6","2","08","15","5","0","2","0","0","0","0"
"POINT (11.522005194000030 48.189818350000053)","Unfall 37089 (2020) Kat:3, Licht: 0","37089","3","2","4","08","16","5","0","0","0","1","0","0"
"POINT (11.646278726000048 48.096352325000055)","Unfall 37096 (2020) Kat:3, Licht: 0","37096","3","1","5","08","16","5","0","0","1","1","0","0"
"POINT (11.620064701000047 48.120286234000048)","Unfall 37105 (2020) Kat:2, Licht: 1","37105","2","2","4","08","19","5","0","1","0","1","0","1"
"POINT (11.488445383000055 48.086090865000074)","Unfall 37111 (2020) Kat:3, Licht: 0","37111","3","6","2","08","17","1","1","0","0","1","0","0"
"POINT (11.522468499000070 48.109909062000042)","Unfall 37117 (2020) Kat:3, Licht: 0","37117","3","6","2","08","17","2","0","0","0","1","0","0"
"POINT (11.451960563000057 48.204469274000076)","Unfall 37118 (2020) Kat:3, Licht: 0","37118","3","6","2","08","10","7","0","0","0","1","0","0"
"POINT (11.457669023000051 48.205831548000049)","Unfall 37119 (2020) Kat:3, Licht: 0","37119","3","1","8","08","14","7","1","0","0","1","0","0"
"POINT (11.615270111000029 48.136824163000028)","Unfall 37134 (2020) Kat:3, Licht: 0","37134","3","6","2","08","11","6","0","0","0","1","0","0"
"POINT (11.614441989000056 48.111503363000054)","Unfall 37268 (2020) Kat:3, Licht: 2","37268","3","6","3","08","23","2","0","2","0","1","0","0"
"POINT (11.624140648000036 48.195511001000057)","Unfall 37270 (2020) Kat:3, Licht: 0","37270","3","7","0","08","15","7","1","0","1","0","0","0"
"POINT (11.528215047000060 48.080036875000076)","Unfall 37343 (2020) Kat:3, Licht: 1","37343","3","3","0","08","20","7","1","1","1","1","0","0"
"POINT (11.708283478000055 48.111580580000066)","Unfall 37424 (2020) Kat:3, Licht: 0","37424","3","1","0","08","13","6","0","0","1","0","0","0"
"POINT (11.451630102000024 48.146691948000068)","Unfall 37446 (2020) Kat:3, Licht: 0","37446","3","1","7","08","15","1","1","0","0","1","0","0"
"POINT (11.542851686000063 48.200826451000069)","Unfall 37448 (2020) Kat:3, Licht: 0","37448","3","6","3","08","19","4","0","0","1","0","0","0"
"POINT (11.589362781000034 48.177216742000041)","Unfall 37450 (2020) Kat:3, Licht: 0","37450","3","2","0","08","18","5","0","0","1","1","0","0"
"POINT (11.471847872000069 48.145460645000071)","Unfall 37508 (2020) Kat:3, Licht: 2","37508","3","3","5","08","19","6","1","2","1","1","0","0"
"POINT (11.429119642000046 48.177618860000052)","Unfall 37513 (2020) Kat:2, Licht: 1","37513","2","6","2","08","18","4","0","1","0","1","0","0"
"POINT (11.484990787000072 48.211865315000068)","Unfall 37529 (2020) Kat:3, Licht: 0","37529","3","6","1","08","12","4","0","0","0","1","0","0"
"POINT (11.537965441000040 48.167643944000076)","Unfall 37531 (2020) Kat:3, Licht: 0","37531","3","6","3","08","13","5","0","0","0","1","0","0"
"POINT (11.578600207000022 48.110441132000062)","Unfall 37570 (2020) Kat:3, Licht: 0","37570","3","3","5","08","13","3","0","0","1","1","0","0"
"POINT (11.444347516000050 48.145690564000063)","Unfall 37585 (2020) Kat:3, Licht: 0","37585","3","2","5","08","12","6","0","0","1","1","0","0"
"POINT (11.617493990000071 48.130639577000068)","Unfall 37590 (2020) Kat:3, Licht: 0","37590","3","7","0","08","17","3","0","0","1","0","0","0"
"POINT (11.548874581000064 48.112214884000082)","Unfall 37594 (2020) Kat:3, Licht: 0","37594","3","2","5","08","10","7","1","0","1","1","0","0"
"POINT (11.584750774000042 48.184106658000076)","Unfall 37612 (2020) Kat:3, Licht: 1","37612","3","7","0","08","20","4","0","1","0","0","0","0"
"POINT (11.567742795000072 48.112729184000045)","Unfall 37615 (2020) Kat:3, Licht: 0","37615","3","3","5","08","18","5","0","0","1","0","0","1"
"POINT (11.405657710000071 48.128055681000035)","Unfall 37658 (2020) Kat:2, Licht: 0","37658","2","1","9","08","12","5","0","0","0","0","0","1"
"POINT (11.599362149000058 48.107558501000028)","Unfall 37665 (2020) Kat:3, Licht: 0","37665","3","6","2","08","16","6","0","0","0","1","0","1"
"POINT (11.618346755000061 48.190838238000026)","Unfall 37694 (2020) Kat:3, Licht: 0","37694","3","2","5","08","16","4","0","0","1","1","0","0"
"POINT (11.403838088000043 48.139983662000077)","Unfall 37696 (2020) Kat:3, Licht: 1","37696","3","3","5","08","06","5","0","1","1","1","0","0"
"POINT (11.634632080000074 48.127290921000053)","Unfall 37748 (2020) Kat:3, Licht: 0","37748","3","2","3","08","11","6","0","0","0","1","0","0"
"POINT (11.502354060000073 48.112156036000044)","Unfall 37757 (2020) Kat:3, Licht: 2","37757","3","7","5","08","20","7","1","2","0","1","0","0"
"POINT (11.579599233000067 48.107887742000059)","Unfall 37769 (2020) Kat:3, Licht: 0","37769","3","1","0","08","18","4","0","0","1","0","0","0"
"POINT (11.537609328000030 48.225697197000045)","Unfall 37775 (2020) Kat:3, Licht: 0","37775","3","1","9","08","09","2","0","0","0","1","0","0"
"POINT (11.590386013000057 48.176244420000046)","Unfall 37777 (2020) Kat:3, Licht: 1","37777","3","6","2","08","06","4","0","1","0","1","0","0"
"POINT (11.616151557000023 48.131051704000072)","Unfall 37794 (2020) Kat:3, Licht: 0","37794","3","2","5","08","12","5","0","0","1","1","0","0"
"POINT (11.501218203000064 48.214081449000048)","Unfall 37809 (2020) Kat:3, Licht: 2","37809","3","6","2","08","04","7","1","2","0","1","0","0"
"POINT (11.395082384000034 48.142137806000051)","Unfall 37847 (2020) Kat:2, Licht: 2","37847","2","7","9","09","00","5","0","2","0","1","0","0"
"POINT (11.617884937000042 48.111149048000073)","Unfall 37860 (2020) Kat:3, Licht: 0","37860","3","5","1","09","13","4","0","0","1","1","0","0"
"POINT (11.460422543000050 48.183507613000074)","Unfall 37865 (2020) Kat:3, Licht: 0","37865","3","3","5","09","14","4","0","0","1","1","0","0"
"POINT (11.554372385000022 48.182045756000036)","Unfall 37866 (2020) Kat:3, Licht: 0","37866","3","1","0","09","17","4","0","0","1","0","0","0"
"POINT (11.548140490000037 48.176278689000071)","Unfall 37868 (2020) Kat:3, Licht: 0","37868","3","6","2","09","15","4","0","0","0","1","0","0"
"POINT (11.522605628000065 48.140837900000065)","Unfall 37871 (2020) Kat:3, Licht: 0","37871","3","2","0","09","17","4","0","0","1","1","0","0"
"POINT (11.603947000000062 48.108533819000058)","Unfall 37872 (2020) Kat:3, Licht: 0","37872","3","2","3","09","12","4","0","0","1","1","0","0"
"POINT (11.485635580000064 48.208403496000074)","Unfall 37873 (2020) Kat:3, Licht: 0","37873","3","6","1","08","14","2","0","0","0","1","0","0"
"POINT (11.521826545000067 48.126113710000027)","Unfall 37904 (2020) Kat:2, Licht: 0","37904","2","6","3","09","16","6","0","0","0","1","0","1"
"POINT (11.618722547000061 48.108932797000080)","Unfall 38034 (2020) Kat:3, Licht: 0","38034","3","4","6","09","13","3","1","0","0","0","1","1"
"POINT (11.700811818000034 48.113258428000051)","Unfall 38039 (2020) Kat:3, Licht: 0","38039","3","6","2","09","15","3","0","0","0","1","0","0"
"POINT (11.604297495000026 48.179900080000039)","Unfall 38041 (2020) Kat:3, Licht: 0","38041","3","7","0","09","16","5","0","0","0","0","0","0"
"POINT (11.536163551000072 48.186908950000031)","Unfall 38072 (2020) Kat:2, Licht: 0","38072","2","7","2","09","14","6","0","0","0","1","0","0"
"POINT (11.615072282000028 48.136427829000070)","Unfall 38120 (2020) Kat:3, Licht: 0","38120","3","6","0","09","16","5","0","0","0","1","0","1"
"POINT (11.479959250000036 48.209609142000033)","Unfall 38213 (2020) Kat:3, Licht: 0","38213","3","6","2","09","12","3","0","0","0","1","0","0"
"POINT (11.491211943000053 48.144259391000048)","Unfall 38229 (2020) Kat:3, Licht: 0","38229","3","6","4","09","18","4","0","0","1","0","0","0"
"POINT (11.707182637000074 48.111936822000075)","Unfall 38231 (2020) Kat:3, Licht: 0","38231","3","3","5","09","13","7","0","0","1","1","0","0"
"POINT (11.393929907000029 48.146168744000079)","Unfall 38275 (2020) Kat:3, Licht: 0","38275","3","1","0","09","13","5","0","0","0","0","0","1"
"POINT (11.584339693000061 48.189229250000039)","Unfall 38280 (2020) Kat:3, Licht: 0","38280","3","6","3","09","14","3","0","0","0","1","0","0"
"POINT (11.616146678000064 48.130929590000051)","Unfall 38321 (2020) Kat:3, Licht: 0","38321","3","2","5","09","16","4","0","0","1","1","0","0"
"POINT (11.617793521000067 48.115346447000036)","Unfall 38383 (2020) Kat:3, Licht: 2","38383","3","2","5","09","01","2","1","2","0","1","0","0"
"POINT (11.531874892000076 48.131823866000047)","Unfall 38387 (2020) Kat:3, Licht: 0","38387","3","2","5","09","08","4","0","0","1","1","0","0"
"POINT (11.578616868000040 48.109784577000028)","Unfall 38440 (2020) Kat:3, Licht: 0","38440","3","6","2","09","14","1","0","0","0","1","0","0"
"POINT (11.479643029000044 48.088593313000047)","Unfall 38471 (2020) Kat:3, Licht: 0","38471","3","2","5","09","18","3","0","0","1","0","0","0"
"POINT (11.487299485000051 48.086018683000077)","Unfall 38477 (2020) Kat:3, Licht: 0","38477","3","6","2","09","08","2","0","0","0","1","0","0"
"POINT (11.541279018000068 48.100863126000036)","Unfall 38506 (2020) Kat:3, Licht: 0","38506","3","6","2","09","07","4","0","0","0","1","0","0"
"POINT (11.582630616000074 48.104042277000076)","Unfall 38511 (2020) Kat:3, Licht: 0","38511","3","6","2","09","09","4","0","0","0","1","0","0"
"POINT (11.586946504000025 48.104685625000059)","Unfall 38579 (2020) Kat:3, Licht: 0","38579","3","7","0","09","18","4","0","0","0","0","1","0"
"POINT (11.622703339000054 48.129732978000050)","Unfall 38625 (2020) Kat:3, Licht: 0","38625","3","6","2","09","18","4","0","0","1","0","0","0"
"POINT (11.479507554000065 48.145178880000060)","Unfall 38629 (2020) Kat:3, Licht: 0","38629","3","3","4","09","14","1","0","0","1","1","0","0"
"POINT (11.563828871000055 48.176050486000065)","Unfall 38664 (2020) Kat:3, Licht: 0","38664","3","6","3","09","11","2","0","0","0","1","0","0"
"POINT (11.671276800000044 48.119666272000075)","Unfall 38700 (2020) Kat:2, Licht: 0","38700","2","4","6","09","17","3","0","0","0","1","1","0"
"POINT (11.502166740000064 48.143341270000064)","Unfall 38878 (2020) Kat:2, Licht: 0","38878","2","1","0","09","14","1","0","0","1","0","0","0"
"POINT (11.622674747000076 48.137789123000061)","Unfall 38885 (2020) Kat:3, Licht: 0","38885","3","6","2","09","11","2","0","0","0","1","0","1"
"POINT (11.620526718000065 48.106799696000053)","Unfall 39006 (2020) Kat:3, Licht: 0","39006","3","3","5","09","10","6","0","0","0","1","0","1"
"POINT (11.489682629000072 48.113254984000037)","Unfall 39009 (2020) Kat:3, Licht: 0","39009","3","3","5","09","17","7","0","0","1","1","0","0"
"POINT (11.537222310000061 48.149880998000071)","Unfall 39012 (2020) Kat:3, Licht: 0","39012","3","6","4","09","18","6","0","0","1","0","0","0"
"POINT (11.613028599000074 48.187970742000061)","Unfall 39015 (2020) Kat:3, Licht: 2","39015","3","7","0","09","21","6","0","2","1","0","0","0"
"POINT (11.443335246000061 48.145558724000068)","Unfall 39016 (2020) Kat:3, Licht: 0","39016","3","7","0","09","14","6","0","0","1","0","0","0"
"POINT (11.524133646000053 48.109893178000050)","Unfall 39036 (2020) Kat:3, Licht: 0","39036","3","6","2","09","16","3","0","0","0","1","0","0"
"POINT (11.487426672000026 48.085957831000030)","Unfall 39037 (2020) Kat:3, Licht: 2","39037","3","2","5","09","20","7","0","2","1","1","0","0"
"POINT (11.663146506000032 48.121876504000056)","Unfall 39050 (2020) Kat:3, Licht: 0","39050","3","6","2","09","17","5","0","0","0","1","0","0"
"POINT (11.645365573000049 48.086489452000080)","Unfall 39056 (2020) Kat:3, Licht: 0","39056","3","1","1","09","17","5","0","0","1","1","0","0"
"POINT (11.621045241000047 48.137494840000045)","Unfall 39072 (2020) Kat:1, Licht: 2","39072","1","1","0","09","02","5","0","2","0","0","0","1"
"POINT (11.444742899000062 48.145748259000072)","Unfall 39106 (2020) Kat:3, Licht: 2","39106","3","1","8","09","02","1","0","2","0","1","0","0"
"POINT (11.599054415000069 48.169488205000050)","Unfall 39114 (2020) Kat:2, Licht: 0","39114","2","6","3","09","09","2","0","0","0","1","0","1"
"POINT (11.585210333000077 48.200759935000065)","Unfall 39326 (2020) Kat:3, Licht: 0","39326","3","2","5","09","18","6","0","0","1","1","0","0"
"POINT (11.428162807000035 48.204548835000026)","Unfall 39337 (2020) Kat:3, Licht: 0","39337","3","6","2","09","15","6","0","0","0","1","0","0"
"POINT (11.405080351000038 48.160636923000027)","Unfall 39343 (2020) Kat:2, Licht: 2","39343","2","6","2","09","11","6","0","2","0","0","0","0"
"POINT (11.595322993000025 48.106473176000065)","Unfall 39352 (2020) Kat:3, Licht: 1","39352","3","6","2","09","20","7","0","1","0","1","0","0"
"POINT (11.633281000000068 48.210339450000049)","Unfall 39353 (2020) Kat:1, Licht: 2","39353","1","4","6","09","00","1","0","2","0","1","1","0"
"POINT (11.533656793000034 48.187025254000048)","Unfall 39355 (2020) Kat:3, Licht: 0","39355","3","6","2","09","11","2","0","0","0","1","0","0"
"POINT (11.614385077000065 48.111593905000063)","Unfall 39366 (2020) Kat:3, Licht: 0","39366","3","3","5","09","15","5","0","0","0","1","0","0"
"POINT (11.625574705000076 48.197780115000057)","Unfall 39369 (2020) Kat:3, Licht: 0","39369","3","2","5","09","08","5","0","0","1","1","0","0"
"POINT (11.611171704000071 48.186345448000054)","Unfall 39375 (2020) Kat:3, Licht: 0","39375","3","7","0","09","15","5","0","0","1","0","0","0"
"POINT (11.453149031000066 48.167363617000035)","Unfall 39411 (2020) Kat:2, Licht: 0","39411","2","6","2","09","12","2","0","0","0","1","0","1"
"POINT (11.533869129000038 48.187005728000031)","Unfall 39432 (2020) Kat:3, Licht: 0","39432","3","2","5","09","06","6","0","0","1","1","0","0"
"POINT (11.498986532000060 48.212695238000038)","Unfall 39436 (2020) Kat:3, Licht: 0","39436","3","6","2","09","08","2","0","0","0","1","0","0"
"POINT (11.593558706000067 48.106089695000037)","Unfall 39464 (2020) Kat:3, Licht: 0","39464","3","6","3","09","15","2","0","0","0","1","0","0"
"POINT (11.617954755000028 48.130559827000070)","Unfall 39544 (2020) Kat:3, Licht: 0","39544","3","2","3","09","13","6","0","0","1","1","0","0"
"POINT (11.551553891000026 48.186228303000064)","Unfall 39553 (2020) Kat:3, Licht: 0","39553","3","6","2","09","15","6","0","0","0","1","0","0"
"POINT (11.538570166000056 48.171106070000064)","Unfall 39577 (2020) Kat:3, Licht: 0","39577","3","6","1","09","11","2","0","0","0","1","0","0"
"POINT (11.575073115000066 48.109577582000043)","Unfall 39660 (2020) Kat:3, Licht: 0","39660","3","6","2","09","07","6","0","0","0","1","0","0"
"POINT (11.616152591000059 48.130928695000080)","Unfall 39665 (2020) Kat:3, Licht: 0","39665","3","2","3","09","08","4","0","0","1","1","0","0"
"POINT (11.507772342000067 48.112473183000077)","Unfall 39668 (2020) Kat:3, Licht: 0","39668","3","6","2","09","11","4","0","0","0","1","0","1"
"POINT (11.460679666000033 48.176489708000076)","Unfall 39672 (2020) Kat:3, Licht: 1","39672","3","3","5","09","19","4","0","1","1","1","0","0"
"POINT (11.569440790000044 48.177136160000032)","Unfall 39689 (2020) Kat:3, Licht: 2","39689","3","6","2","09","17","7","0","2","0","1","0","0"
"POINT (11.576157386000034 48.111459710000076)","Unfall 39692 (2020) Kat:3, Licht: 0","39692","3","2","4","09","16","2","0","0","0","1","0","0"
"POINT (11.536509528000067 48.150764723000066)","Unfall 39768 (2020) Kat:3, Licht: 0","39768","3","3","5","09","12","6","0","0","1","1","0","0"
"POINT (11.433204305000061 48.151198851000061)","Unfall 39800 (2020) Kat:2, Licht: 0","39800","2","7","0","09","10","2","0","0","1","0","0","0"
"POINT (11.468846384000074 48.209679364000067)","Unfall 39849 (2020) Kat:3, Licht: 2","39849","3","6","3","09","03","5","0","2","0","1","0","0"
"POINT (11.557927113000062 48.112412011000060)","Unfall 39866 (2020) Kat:3, Licht: 0","39866","3","6","2","09","15","4","0","0","0","1","0","0"
"POINT (11.534269744000028 48.140077006000070)","Unfall 39868 (2020) Kat:3, Licht: 0","39868","3","6","2","09","13","4","0","0","0","1","0","0"
"POINT (11.613626838000073 48.104268343000058)","Unfall 39971 (2020) Kat:3, Licht: 0","39971","3","1","9","09","09","4","1","0","0","1","0","0"
"POINT (11.598074346000033 48.162019838000049)","Unfall 39999 (2020) Kat:3, Licht: 0","39999","3","7","2","09","14","3","0","0","0","1","0","0"
"POINT (11.585857458000021 48.203175667000039)","Unfall 40001 (2020) Kat:3, Licht: 0","40001","3","3","5","09","18","3","0","0","1","1","0","0"
"POINT (11.491079125000056 48.202040074000081)","Unfall 40006 (2020) Kat:3, Licht: 0","40006","3","7","2","09","17","3","0","0","0","1","0","0"
"POINT (11.541130704000068 48.094178566000039)","Unfall 40008 (2020) Kat:3, Licht: 2","40008","3","6","0","09","21","3","1","2","0","1","0","0"
"POINT (11.698444759000040 48.114086564000047)","Unfall 40009 (2020) Kat:3, Licht: 0","40009","3","7","0","09","15","3","0","0","1","0","0","0"
"POINT (11.569781235000050 48.111495436000041)","Unfall 40013 (2020) Kat:3, Licht: 1","40013","3","2","5","09","18","5","0","1","1","1","0","0"
"POINT (11.627649881000025 48.217650953000032)","Unfall 40068 (2020) Kat:3, Licht: 2","40068","3","6","2","09","17","6","1","2","0","1","0","0"
"POINT (11.614457454000046 48.191544324000063)","Unfall 40136 (2020) Kat:3, Licht: 1","40136","3","6","2","09","19","1","0","1","0","1","0","1"
"POINT (11.596330511000076 48.179563169000062)","Unfall 40138 (2020) Kat:3, Licht: 2","40138","3","1","8","09","06","4","0","2","0","1","0","0"
"POINT (11.593665768000051 48.175787852000042)","Unfall 40147 (2020) Kat:3, Licht: 0","40147","3","1","0","09","18","7","1","0","0","1","0","0"
"POINT (11.618311111000025 48.130571369000052)","Unfall 40155 (2020) Kat:2, Licht: 0","40155","2","1","0","09","11","3","1","0","1","0","0","0"
"POINT (11.620206806000056 48.120289950000029)","Unfall 40168 (2020) Kat:3, Licht: 0","40168","3","3","5","09","15","6","1","0","0","1","0","0"
"POINT (11.528184812000063 48.130091523000033)","Unfall 40169 (2020) Kat:3, Licht: 0","40169","3","6","2","09","14","1","0","0","0","1","0","0"
"POINT (11.597627797000030 48.173216371000080)","Unfall 40178 (2020) Kat:3, Licht: 0","40178","3","6","2","09","13","6","1","0","0","1","0","0"
"POINT (11.537635477000038 48.089876415000049)","Unfall 40181 (2020) Kat:3, Licht: 0","40181","3","2","3","09","17","6","1","0","1","1","0","0"
"POINT (11.481438538000077 48.114960715000052)","Unfall 40200 (2020) Kat:3, Licht: 0","40200","3","7","1","09","14","3","0","0","0","1","0","1"
"POINT (11.615514304000044 48.135104130000059)","Unfall 40203 (2020) Kat:3, Licht: 0","40203","3","6","2","09","13","6","1","0","0","1","0","0"
"POINT (11.548800693000032 48.176143810000042)","Unfall 40208 (2020) Kat:3, Licht: 0","40208","3","6","2","09","14","2","0","0","0","1","0","0"
"POINT (11.533708611000066 48.090612817000078)","Unfall 40326 (2020) Kat:3, Licht: 2","40326","3","6","0","09","18","3","1","2","0","1","0","0"
"POINT (11.584690068000043 48.184617790000061)","Unfall 40357 (2020) Kat:3, Licht: 0","40357","3","7","0","09","12","1","0","0","1","0","0","0"
"POINT (11.415835363000042 48.168069770000045)","Unfall 40386 (2020) Kat:3, Licht: 2","40386","3","6","2","09","14","1","0","2","0","1","0","0"
"POINT (11.554263812000045 48.182204143000035)","Unfall 40393 (2020) Kat:3, Licht: 0","40393","3","3","5","09","08","4","0","0","1","1","0","0"
"POINT (11.536579121000045 48.147168217000058)","Unfall 40400 (2020) Kat:3, Licht: 0","40400","3","6","2","09","16","4","0","0","0","1","0","1"
"POINT (11.529175190000046 48.110072716000047)","Unfall 40404 (2020) Kat:3, Licht: 0","40404","3","6","3","10","11","1","0","0","0","1","0","0"
"POINT (11.521455454000034 48.125530834000074)","Unfall 40439 (2020) Kat:3, Licht: 2","40439","3","1","9","10","02","7","1","2","0","1","0","0"
"POINT (11.393127985000035 48.137086683000064)","Unfall 40489 (2020) Kat:3, Licht: 2","40489","3","7","0","10","01","7","1","2","0","0","0","1"
"POINT (11.627291641000056 48.129040333000034)","Unfall 40520 (2020) Kat:3, Licht: 0","40520","3","4","6","10","13","5","0","0","1","0","1","0"
"POINT (11.615715315000045 48.190196212000046)","Unfall 40524 (2020) Kat:3, Licht: 0","40524","3","2","3","10","08","5","0","0","1","1","0","0"