WKT,Name,OBJECTID,UKATEGORIE,UTYP1,UART,UMONAT,USTUNDE,UWOCHENTAG,STRZUSTAND,ULICHTVERH,ISTRAD,ISTPKW,ISTFUSS,ISTKRAD
"POINT (11.616127806000065 48.132132480000053)","Unfall 40534 (2020) Kat:3, Licht: 0","40534","3","2","5","10","17","5","0","0","1","1","0","0"
"POINT (11.620799419000036 48.123740333000057)","Unfall 40536 (2020) Kat:3, Licht: 1","40536","3","6","3","10","06","5","0","1","0","1","0","0"
"POINT (11.598863323000046 48.107454986000050)","Unfall 40575 (2020) Kat:2, Licht: 0","40575","2","7","0","10","15","7","1","0","1","1","0","0"
"POINT (11.617808474000071 48.115376537000031)","Unfall 40606 (2020) Kat:3, Licht: 0","40606","3","6","2","10","13","1","0","0","0","1","0","0"
"POINT (11.534681491000072 48.139942545000054)","Unfall 40693 (2020) Kat:2, Licht: 2","40693","2","3","0","10","20","7","1","2","0","1","0","0"
"POINT (11.599570764000077 48.107601792000025)","Unfall 40716 (2020) Kat:3, Licht: 0","40716","3","6","3","09","16","4","0","0","0","0","0","1"
"POINT (11.536851367000054 48.149265831000037)","Unfall 40719 (2020) Kat:3, Licht: 0","40719","3","6","2","09","18","4","0","0","0","1","0","0"
"POINT (11.487522709000075 48.209476244000030)","Unfall 40720 (2020) Kat:2, Licht: 2","40720","2","1","9","10","03","7","1","2","0","1","0","0"
"POINT (11.576245645000029 48.111551973000076)","Unfall 40723 (2020) Kat:3, Licht: 0","40723","3","3","5","10","09","6","0","0","0","1","0","0"
"POINT (11.585358003000067 48.178442894000057)","Unfall 40724 (2020) Kat:3, Licht: 2","40724","3","2","5","09","19","4","0","2","1","1","0","0"
"POINT (11.460708433000036 48.188731601000029)","Unfall 40742 (2020) Kat:3, Licht: 0","40742","3","4","5","10","09","4","1","0","0","1","1","0"
"POINT (11.641926445000024 48.126464866000049)","Unfall 40780 (2020) Kat:3, Licht: 0","40780","3","2","5","10","12","3","0","0","1","1","0","0"
"POINT (11.485250034000046 48.208033934000071)","Unfall 40895 (2020) Kat:3, Licht: 0","40895","3","6","1","10","08","4","1","0","0","1","0","0"
"POINT (11.471126578000053 48.209712784000033)","Unfall 40925 (2020) Kat:3, Licht: 0","40925","3","6","3","10","09","6","0","0","0","1","0","0"
"POINT (11.474649170000077 48.115305040000067)","Unfall 40928 (2020) Kat:3, Licht: 0","40928","3","3","5","10","12","3","1","0","1","1","0","0"
"POINT (11.634644064000042 48.218374883000081)","Unfall 40944 (2020) Kat:3, Licht: 2","40944","3","6","2","10","22","5","0","2","0","1","0","0"
"POINT (11.529858087000036 48.217856321000056)","Unfall 40962 (2020) Kat:3, Licht: 0","40962","3","3","5","10","12","4","1","0","0","1","0","0"
"POINT (11.551738980000039 48.185993026000062)","Unfall 41014 (2020) Kat:3, Licht: 1","41014","3","6","1","10","06","5","1","1","0","1","0","0"
"POINT (11.660523487000034 48.091061710000076)","Unfall 41038 (2020) Kat:3, Licht: 0","41038","3","6","2","10","07","4","1","0","0","1","0","0"
"POINT (11.534316786000034 48.140019933000076)","Unfall 41080 (2020) Kat:2, Licht: 0","41080","2","2","3","10","11","2","0","0","1","0","0","0"
"POINT (11.418826559000024 48.169891086000064)","Unfall 41138 (2020) Kat:3, Licht: 0","41138","3","6","2","10","09","3","0","0","0","1","0","0"
"POINT (11.610036728000068 48.154923635000046)","Unfall 41149 (2020) Kat:3, Licht: 0","41149","3","6","2","10","10","2","0","0","0","1","0","0"
"POINT (11.607497730000034 48.155962762000058)","Unfall 41152 (2020) Kat:3, Licht: 0","41152","3","6","2","10","15","2","1","0","0","1","0","0"
"POINT (11.582476078000070 48.104813834000026)","Unfall 41167 (2020) Kat:3, Licht: 2","41167","3","6","0","10","06","3","0","2","0","1","0","0"
"POINT (11.630931565000026 48.169910441000070)","Unfall 41184 (2020) Kat:3, Licht: 2","41184","3","2","4","10","05","4","0","2","0","1","0","1"
"POINT (11.592966599000022 48.105902642000046)","Unfall 41225 (2020) Kat:3, Licht: 0","41225","3","6","2","10","16","3","0","0","0","1","0","0"
"POINT (11.416448228000036 48.141812346000052)","Unfall 41271 (2020) Kat:3, Licht: 0","41271","3","7","0","10","07","6","0","0","1","0","0","0"
"POINT (11.567877791000058 48.176671605000081)","Unfall 41290 (2020) Kat:3, Licht: 2","41290","3","6","2","10","06","6","0","2","0","1","0","0"
"POINT (11.451151863000064 48.204435857000078)","Unfall 41294 (2020) Kat:3, Licht: 0","41294","3","6","2","10","07","4","0","0","0","1","0","0"
"POINT (11.603036392000035 48.178740293000033)","Unfall 41322 (2020) Kat:3, Licht: 1","41322","3","6","1","10","17","5","1","1","0","1","0","0"
"POINT (11.661539487000027 48.090702718000045)","Unfall 41347 (2020) Kat:3, Licht: 0","41347","3","4","6","10","13","4","1","0","0","1","1","0"
"POINT (11.449409075000062 48.146383844000070)","Unfall 41422 (2020) Kat:3, Licht: 0","41422","3","3","5","10","16","4","0","0","1","1","0","0"
"POINT (11.595369154000025 48.174369483000078)","Unfall 41435 (2020) Kat:3, Licht: 2","41435","3","6","2","10","22","7","1","2","0","1","0","0"
"POINT (11.418636308000032 48.142124558000035)","Unfall 41437 (2020) Kat:3, Licht: 0","41437","3","6","2","10","14","7","1","0","0","1","0","0"
"POINT (11.604268897000054 48.157177280000042)","Unfall 41528 (2020) Kat:3, Licht: 0","41528","3","3","1","10","15","2","0","0","0","1","0","0"
"POINT (11.554777690000037 48.086854738000056)","Unfall 41537 (2020) Kat:2, Licht: 0","41537","2","3","5","10","13","5","0","0","1","1","0","0"
"POINT (11.579037343000039 48.109025108000026)","Unfall 41542 (2020) Kat:3, Licht: 0","41542","3","6","3","10","12","6","1","0","0","1","0","0"
"POINT (11.536281464000069 48.225666209000053)","Unfall 41562 (2020) Kat:2, Licht: 0","41562","2","6","9","10","13","5","0","0","0","1","0","0"
"POINT (11.537717505000046 48.089979548000031)","Unfall 41629 (2020) Kat:3, Licht: 1","41629","3","6","2","10","17","5","0","1","0","1","0","0"
"POINT (11.566772380000032 48.112804794000056)","Unfall 41648 (2020) Kat:3, Licht: 0","41648","3","6","2","10","16","4","0","0","0","1","0","0"
"POINT (11.479391452000073 48.088634920000061)","Unfall 41706 (2020) Kat:3, Licht: 0","41706","3","3","5","10","09","3","0","0","1","0","0","0"
"POINT (11.541623074000029 48.098657006000053)","Unfall 41707 (2020) Kat:2, Licht: 2","41707","2","2","3","10","23","7","1","2","0","1","0","0"
"POINT (11.645049602000029 48.092262617000074)","Unfall 41711 (2020) Kat:3, Licht: 0","41711","3","6","2","10","11","2","0","0","0","1","0","0"
"POINT (11.616464995000058 48.130881357000078)","Unfall 41721 (2020) Kat:3, Licht: 0","41721","3","6","3","10","16","5","0","0","1","0","0","0"
"POINT (11.617373904000033 48.114810994000038)","Unfall 41786 (2020) Kat:2, Licht: 2","41786","2","6","2","10","19","6","1","2","0","1","0","0"
"POINT (11.519195625000066 48.141236706000029)","Unfall 41797 (2020) Kat:3, Licht: 2","41797","3","6","2","10","23","7","0","2","0","1","0","0"
"POINT (11.518803475000027 48.141291973000079)","Unfall 41801 (2020) Kat:3, Licht: 2","41801","3","2","5","10","20","2","0","2","0","1","0","0"
"POINT (11.517168477000041 48.112242179000077)","Unfall 41810 (2020) Kat:3, Licht: 0","41810","3","3","5","10","07","5","0","0","1","1","0","0"
"POINT (11.619057413000064 48.118178644000068)","Unfall 41816 (2020) Kat:2, Licht: 2","41816","2","3","5","10","19","5","0","2","1","1","0","0"
"POINT (11.656507499000043 48.124167516000057)","Unfall 41828 (2020) Kat:3, Licht: 0","41828","3","5","1","10","15","6","1","0","0","1","0","0"
"POINT (11.491443679000042 48.201477478000072)","Unfall 41836 (2020) Kat:3, Licht: 0","41836","3","3","5","10","12","4","0","0","0","1","0","0"
"POINT (11.497098235000067 48.125130786000057)","Unfall 41906 (2020) Kat:3, Licht: 0","41906","3","6","2","10","08","5","0","0","0","1","0","1"
"POINT (11.467081854000071 48.114678087000073)","Unfall 41935 (2020) Kat:1, Licht: 2","41935","1","4","6","10","21","6","1","2","0","1","1","0"
"POINT (11.555384416000038 48.088122452000050)","Unfall 41941 (2020) Kat:2, Licht: 0","41941","2","3","5","10","18","5","0","0","1","0","0","0"
"POINT (11.519135898000059 48.122056157000031)","Unfall 41945 (2020) Kat:3, Licht: 2","41945","3","6","3","10","17","3","0","2","0","1","0","0"
"POINT (11.413912081000035 48.166812242000049)","Unfall 41976 (2020) Kat:3, Licht: 2","41976","3","6","3","10","16","2","0","2","0","1","0","0"
"POINT (11.481933129000026 48.123735514000032)","Unfall 41981 (2020) Kat:3, Licht: 0","41981","3","6","2","10","08","2","0","0","0","1","0","0"
"POINT (11.517526625000073 48.111268933000076)","Unfall 41995 (2020) Kat:3, Licht: 1","41995","3","6","2","10","17","4","0","1","0","1","0","0"
"POINT (11.429514368000071 48.183155044000046)","Unfall 41998 (2020) Kat:3, Licht: 0","41998","3","6","0","10","12","7","0","0","0","1","0","0"
"POINT (11.615377041000045 48.129774625000039)","Unfall 42008 (2020) Kat:2, Licht: 2","42008","2","7","0","10","19","1","0","2","0","0","0","1"
"POINT (11.518705428000032 48.121273976000055)","Unfall 42012 (2020) Kat:3, Licht: 0","42012","3","6","3","10","12","1","0","0","0","1","0","0"
"POINT (11.487681514000030 48.205895061000035)","Unfall 42015 (2020) Kat:3, Licht: 0","42015","3","6","2","10","15","6","1","0","0","1","0","0"
"POINT (11.436501789000033 48.144607802000053)","Unfall 42018 (2020) Kat:3, Licht: 0","42018","3","6","2","10","13","1","0","0","0","1","0","0"
"POINT (11.539570602000026 48.092122302000064)","Unfall 42022 (2020) Kat:2, Licht: 0","42022","2","2","4","10","13","1","0","0","0","1","0","1"
"POINT (11.460706447000064 48.176440000000071)","Unfall 42027 (2020) Kat:2, Licht: 0","42027","2","2","5","10","11","1","0","0","1","0","0","0"
"POINT (11.467173861000049 48.114684879000038)","Unfall 42031 (2020) Kat:3, Licht: 0","42031","3","2","4","10","14","1","0","0","1","0","0","0"
"POINT (11.539509863000035 48.113495388000047)","Unfall 42032 (2020) Kat:3, Licht: 0","42032","3","7","0","10","14","1","1","0","1","0","0","0"
"POINT (11.420573648000072 48.171255951000035)","Unfall 42046 (2020) Kat:3, Licht: 2","42046","3","6","1","10","10","5","1","2","0","0","0","0"
"POINT (11.501372529000037 48.125891995000075)","Unfall 42064 (2020) Kat:3, Licht: 0","42064","3","7","2","10","14","3","0","0","0","1","0","0"
"POINT (11.507818373000077 48.112479917000030)","Unfall 42079 (2020) Kat:3, Licht: 0","42079","3","3","5","10","14","2","1","0","0","1","0","0"
"POINT (11.654257985000072 48.124847725000052)","Unfall 42179 (2020) Kat:3, Licht: 2","42179","3","2","5","10","05","2","1","2","1","1","0","0"
"POINT (11.634216468000034 48.127467595000041)","Unfall 42185 (2020) Kat:3, Licht: 0","42185","3","2","3","10","08","4","0","0","1","1","0","0"
"POINT (11.492061046000060 48.097486048000064)","Unfall 42193 (2020) Kat:2, Licht: 0","42193","2","6","2","10","15","1","0","0","0","1","0","1"
"POINT (11.596571292000021 48.106817002000071)","Unfall 42197 (2020) Kat:3, Licht: 0","42197","3","3","5","10","08","2","0","0","1","1","0","0"
"POINT (11.518502733000048 48.141372977000060)","Unfall 42269 (2020) Kat:3, Licht: 0","42269","3","2","5","10","15","2","1","0","1","1","0","0"
"POINT (11.616080505000070 48.146307515000046)","Unfall 42283 (2020) Kat:3, Licht: 2","42283","3","1","8","10","06","7","0","2","0","1","0","0"
"POINT (11.399058558000036 48.155224284000042)","Unfall 42343 (2020) Kat:2, Licht: 0","42343","2","6","2","10","13","3","0","0","0","1","0","0"
"POINT (11.551317140000037 48.226602895000042)","Unfall 42350 (2020) Kat:3, Licht: 2","42350","3","6","2","10","20","5","1","2","0","1","0","0"
"POINT (11.709229283000070 48.111384384000075)","Unfall 42364 (2020) Kat:3, Licht: 1","42364","3","2","5","10","16","2","1","1","1","1","0","0"
"POINT (11.616302466000036 48.148000610000054)","Unfall 42383 (2020) Kat:3, Licht: 0","42383","3","6","0","10","15","2","1","0","0","1","0","1"
"POINT (11.640533906000030 48.214257304000057)","Unfall 42424 (2020) Kat:3, Licht: 0","42424","3","1","8","11","07","6","0","0","0","0","0","0"
"POINT (11.620206806000056 48.120289950000029)","Unfall 42484 (2020) Kat:2, Licht: 2","42484","2","3","5","10","18","7","0","2","0","1","0","0"
"POINT (11.534780359000024 48.187005583000030)","Unfall 42553 (2020) Kat:3, Licht: 2","42553","3","2","4","11","18","2","0","2","1","1","0","0"
"POINT (11.555039024000052 48.112355570000034)","Unfall 42565 (2020) Kat:3, Licht: 0","42565","3","6","2","10","11","7","0","0","0","1","0","0"
"POINT (11.567833920000055 48.102130895000073)","Unfall 42586 (2020) Kat:3, Licht: 0","42586","3","7","2","10","12","7","0","0","0","1","0","1"
"POINT (11.517703668000024 48.111192688000074)","Unfall 42610 (2020) Kat:3, Licht: 2","42610","3","6","2","11","18","1","1","2","0","1","0","0"
"POINT (11.433792976000063 48.144235483000045)","Unfall 42625 (2020) Kat:3, Licht: 1","42625","3","7","0","11","16","1","0","1","1","1","0","0"
"POINT (11.683689428000037 48.137829768000074)","Unfall 42652 (2020) Kat:3, Licht: 2","42652","3","1","8","10","21","7","0","2","0","1","0","0"
"POINT (11.456799803000024 48.165265887000032)","Unfall 42658 (2020) Kat:3, Licht: 2","42658","3","3","5","11","05","2","1","2","1","1","0","0"
"POINT (11.683509521000076 48.118383900000026)","Unfall 42695 (2020) Kat:3, Licht: 0","42695","3","6","2","11","09","3","1","0","0","1","0","0"
"POINT (11.600215333000051 48.160783728000069)","Unfall 42702 (2020) Kat:3, Licht: 0","42702","3","3","5","10","11","7","0","0","0","1","0","0"
"POINT (11.539987576000044 48.179808107000042)","Unfall 42711 (2020) Kat:3, Licht: 0","42711","3","1","9","11","12","6","0","0","0","1","0","0"
"POINT (11.562634669000033 48.091970747000062)","Unfall 42724 (2020) Kat:3, Licht: 0","42724","3","2","0","11","16","2","1","0","1","1","0","0"
"POINT (11.417792637000048 48.155090342000051)","Unfall 42759 (2020) Kat:3, Licht: 0","42759","3","3","5","10","13","6","0","0","1","1","0","0"
"POINT (11.528170680000073 48.140364525000052)","Unfall 42783 (2020) Kat:3, Licht: 0","42783","3","2","3","10","11","7","0","0","1","1","0","0"
"POINT (11.695165263000035 48.115475484000058)","Unfall 42807 (2020) Kat:3, Licht: 0","42807","3","2","4","10","08","6","0","0","0","1","0","0"
"POINT (11.502223402000027 48.112155253000026)","Unfall 42817 (2020) Kat:3, Licht: 2","42817","3","3","5","11","23","6","0","2","0","1","0","0"
"POINT (11.530521065000073 48.082238256000039)","Unfall 42828 (2020) Kat:3, Licht: 0","42828","3","2","3","11","11","1","1","0","1","1","0","0"
"POINT (11.601236683000025 48.160048714000027)","Unfall 42834 (2020) Kat:3, Licht: 0","42834","3","6","2","11","08","2","0","0","0","1","0","0"
"POINT (11.683617947000073 48.118369964000067)","Unfall 42876 (2020) Kat:3, Licht: 1","42876","3","2","5","11","16","2","0","1","1","1","0","0"
"POINT (11.407349643000032 48.176518698000052)","Unfall 42883 (2020) Kat:3, Licht: 2","42883","3","4","6","10","17","5","1","2","0","1","1","0"
"POINT (11.613369279000040 48.104293430000041)","Unfall 42885 (2020) Kat:3, Licht: 2","42885","3","1","3","11","17","2","1","2","0","1","0","1"
"POINT (11.622933585000055 48.105062250000060)","Unfall 42909 (2020) Kat:3, Licht: 0","42909","3","1","0","11","12","3","1","0","1","0","0","0"
"POINT (11.591513071000065 48.176177459000030)","Unfall 42917 (2020) Kat:3, Licht: 2","42917","3","7","2","10","21","7","0","2","0","1","0","0"
"POINT (11.503389889000061 48.143279886000073)","Unfall 42926 (2020) Kat:3, Licht: 0","42926","3","6","3","11","07","6","0","0","0","1","0","0"
"POINT (11.460458002000053 48.189561358000049)","Unfall 42939 (2020) Kat:3, Licht: 2","42939","3","5","1","11","18","2","0","2","0","1","0","1"
"POINT (11.522105150000073 48.140976301000080)","Unfall 42969 (2020) Kat:3, Licht: 2","42969","3","3","5","11","20","2","0","2","0","1","0","1"
"POINT (11.584106197000040 48.193990811000049)","Unfall 42974 (2020) Kat:3, Licht: 1","42974","3","7","6","11","17","3","0","1","1","0","1","0"
"POINT (11.584753065000029 48.184078775000046)","Unfall 42979 (2020) Kat:3, Licht: 0","42979","3","6","1","11","15","5","0","0","0","1","0","1"
"POINT (11.584597981000059 48.184418709000056)","Unfall 42985 (2020) Kat:3, Licht: 0","42985","3","6","2","11","08","5","0","0","0","1","0","0"
"POINT (11.436847311000065 48.195850486000040)","Unfall 43074 (2020) Kat:3, Licht: 2","43074","3","6","0","11","19","6","0","2","0","1","0","0"
"POINT (11.501704425000071 48.192923765000046)","Unfall 43085 (2020) Kat:3, Licht: 0","43085","3","6","2","11","15","4","0","0","0","1","0","0"
"POINT (11.617621186000065 48.115011379000066)","Unfall 43122 (2020) Kat:3, Licht: 0","43122","3","6","2","11","10","4","0","0","0","1","0","0"
"POINT (11.516985515000044 48.115877166000075)","Unfall 43197 (2020) Kat:3, Licht: 2","43197","3","6","3","11","07","4","0","2","0","1","0","0"
"POINT (11.558429778000061 48.175854117000029)","Unfall 43205 (2020) Kat:3, Licht: 0","43205","3","3","5","11","16","3","0","0","0","1","0","0"
"POINT (11.582299160000048 48.104537199000049)","Unfall 43250 (2020) Kat:3, Licht: 0","43250","3","6","2","11","08","6","0","0","0","1","0","1"
"POINT (11.479262000000062 48.123679688000038)","Unfall 43324 (2020) Kat:3, Licht: 0","43324","3","6","2","11","15","4","0","0","0","1","0","0"
"POINT (11.595254114000056 48.106459846000064)","Unfall 43357 (2020) Kat:3, Licht: 0","43357","3","4","0","11","11","3","0","0","1","0","0","0"
"POINT (11.518036716000040 48.119908689000056)","Unfall 43386 (2020) Kat:3, Licht: 2","43386","3","6","2","11","08","5","0","2","0","1","0","0"
"POINT (11.511445606000052 48.124922534000063)","Unfall 43418 (2020) Kat:3, Licht: 2","43418","3","6","2","11","17","6","0","2","0","1","0","0"
"POINT (11.531581831000040 48.082897752000065)","Unfall 43429 (2020) Kat:3, Licht: 1","43429","3","3","5","11","16","4","0","1","1","1","0","0"
"POINT (11.599578227000052 48.107603340000026)","Unfall 43437 (2020) Kat:3, Licht: 0","43437","3","6","2","11","14","3","0","0","0","1","0","0"
"POINT (11.490297823000049 48.085011892000068)","Unfall 43479 (2020) Kat:3, Licht: 0","43479","3","1","0","11","13","6","0","0","1","0","0","0"
"POINT (11.485130385000048 48.208004312000071)","Unfall 43496 (2020) Kat:3, Licht: 2","43496","3","6","2","11","05","3","0","2","0","1","0","0"
"POINT (11.619260110000027 48.225091102000079)","Unfall 43569 (2020) Kat:3, Licht: 2","43569","3","6","3","11","21","3","0","2","0","1","0","0"
"POINT (11.622199256000044 48.129815977000078)","Unfall 43574 (2020) Kat:3, Licht: 1","43574","3","6","3","11","15","2","1","1","1","0","0","0"
"POINT (11.599953859000038 48.171058961000028)","Unfall 43576 (2020) Kat:3, Licht: 0","43576","3","1","9","11","15","2","1","0","0","1","0","0"
"POINT (11.528151018000074 48.140365792000068)","Unfall 43637 (2020) Kat:3, Licht: 1","43637","3","2","2","11","18","3","0","1","0","1","0","0"
"POINT (11.533718543000077 48.187019305000035)","Unfall 43707 (2020) Kat:3, Licht: 2","43707","3","3","5","11","20","7","0","2","0","1","0","0"
"POINT (11.596489099000053 48.106778085000030)","Unfall 43708 (2020) Kat:2, Licht: 2","43708","2","1","0","11","18","7","0","2","1","0","0","0"
"POINT (11.581167192000066 48.177514223000060)","Unfall 43711 (2020) Kat:3, Licht: 0","43711","3","1","0","11","08","7","0","0","0","1","0","0"
"POINT (11.580189083000050 48.106895710000060)","Unfall 43714 (2020) Kat:3, Licht: 0","43714","3","6","3","11","14","7","0","0","0","1","0","0"
"POINT (11.597250589000055 48.167035940000062)","Unfall 43715 (2020) Kat:3, Licht: 2","43715","3","6","2","11","17","7","0","2","0","1","0","0"
"POINT (11.530850805000057 48.131197315000065)","Unfall 43718 (2020) Kat:3, Licht: 2","43718","3","7","0","11","03","7","2","2","1","0","0","0"
"POINT (11.513857074000043 48.113292524000030)","Unfall 43743 (2020) Kat:3, Licht: 2","43743","3","2","5","11","18","3","0","2","1","1","0","0"
"POINT (11.644557410000061 48.211768998000025)","Unfall 43758 (2020) Kat:3, Licht: 2","43758","3","6","2","11","22","7","0","2","0","1","0","0"
"POINT (11.579943662000062 48.107571070000063)","Unfall 43762 (2020) Kat:3, Licht: 2","43762","3","6","2","11","16","6","0","2","0","1","0","0"
"POINT (11.585114912000051 48.179876366000030)","Unfall 43803 (2020) Kat:3, Licht: 2","43803","3","6","1","11","21","7","0","2","0","1","0","0"
"POINT (11.576412877000053 48.111822663000055)","Unfall 43820 (2020) Kat:2, Licht: 2","43820","2","2","3","11","06","6","0","2","1","1","0","0"
"POINT (11.431647874000021 48.204341026000066)","Unfall 43886 (2020) Kat:2, Licht: 2","43886","2","7","6","11","20","2","0","2","0","0","1","0"
"POINT (11.584456897000052 48.104725850000079)","Unfall 43897 (2020) Kat:3, Licht: 0","43897","3","6","3","11","07","6","0","0","0","1","0","0"
"POINT (11.518685896000022 48.121238483000070)","Unfall 43918 (2020) Kat:3, Licht: 0","43918","3","6","2","11","10","2","0","0","0","1","0","0"
"POINT (11.619076069000073 48.108158971000080)","Unfall 43944 (2020) Kat:3, Licht: 0","43944","3","6","2","11","13","6","0","0","0","1","0","0"
"POINT (11.494527960000028 48.084356233000051)","Unfall 43958 (2020) Kat:3, Licht: 2","43958","3","6","4","11","18","6","0","2","1","0","0","0"
"POINT (11.533847650000041 48.140103494000073)","Unfall 43980 (2020) Kat:3, Licht: 0","43980","3","3","5","11","07","2","0","0","1","1","0","0"
"POINT (11.620069606000072 48.120296683000049)","Unfall 44023 (2020) Kat:3, Licht: 0","44023","3","6","2","11","12","6","0","0","0","1","0","0"
"POINT (11.612494296000023 48.188072053000042)","Unfall 44029 (2020) Kat:2, Licht: 2","44029","2","1","9","12","05","3","0","2","0","1","0","0"
"POINT (11.518812234000052 48.141373589000068)","Unfall 44066 (2020) Kat:2, Licht: 0","44066","2","2","4","11","13","4","0","0","0","1","0","0"
"POINT (11.584966548000068 48.180321419000052)","Unfall 44076 (2020) Kat:3, Licht: 0","44076","3","6","2","11","13","4","0","0","0","1","0","0"
"POINT (11.587068428000066 48.210372415000052)","Unfall 44078 (2020) Kat:2, Licht: 2","44078","2","1","9","11","22","6","0","2","0","1","0","0"
"POINT (11.620540292000044 48.124532700000032)","Unfall 44107 (2020) Kat:3, Licht: 0","44107","3","2","4","12","08","7","0","0","0","1","0","0"
"POINT (11.634572121000076 48.127303100000063)","Unfall 44156 (2020) Kat:3, Licht: 0","44156","3","2","4","12","14","6","0","0","0","1","0","0"
"POINT (11.416312271000038 48.168389295000054)","Unfall 44163 (2020) Kat:3, Licht: 2","44163","3","6","2","12","15","4","0","2","0","1","0","0"
"POINT (11.617043869000042 48.130792676000056)","Unfall 44180 (2020) Kat:3, Licht: 2","44180","3","5","1","12","18","3","1","2","1","1","0","0"
"POINT (11.646322214000065 48.096428729000081)","Unfall 44184 (2020) Kat:3, Licht: 2","44184","3","3","5","12","01","1","1","2","1","1","0","0"
"POINT (11.584283922000054 48.189942504000044)","Unfall 44191 (2020) Kat:3, Licht: 0","44191","3","1","1","12","08","3","2","0","1","1","0","0"
"POINT (11.507838078000077 48.112575071000037)","Unfall 44193 (2020) Kat:3, Licht: 0","44193","3","2","5","12","08","3","2","0","1","1","0","0"
"POINT (11.633043868000073 48.228255718000071)","Unfall 44200 (2020) Kat:1, Licht: 2","44200","1","7","6","12","03","6","0","2","0","0","1","0"
"POINT (11.558179497000026 48.112435144000074)","Unfall 44201 (2020) Kat:3, Licht: 0","44201","3","6","3","12","07","3","0","0","0","1","0","1"
"POINT (11.540286117000051 48.093107622000048)","Unfall 44203 (2020) Kat:3, Licht: 0","44203","3","6","2","12","14","6","0","0","0","1","0","0"
"POINT (11.540686957000048 48.186342114000070)","Unfall 44204 (2020) Kat:2, Licht: 2","44204","2","3","5","12","20","5","0","2","1","1","0","0"
"POINT (11.506787733000067 48.125389649000056)","Unfall 44237 (2020) Kat:3, Licht: 0","44237","3","6","3","12","10","2","0","0","0","1","0","0"
"POINT (11.534382811000057 48.090587590000041)","Unfall 44321 (2020) Kat:3, Licht: 1","44321","3","7","1","12","17","1","1","1","0","1","0","0"
"POINT (11.573472691000063 48.178182615000026)","Unfall 44349 (2020) Kat:3, Licht: 2","44349","3","5","1","12","21","4","1","2","1","1","0","0"
"POINT (11.479328228000043 48.145184805000042)","Unfall 44352 (2020) Kat:3, Licht: 2","44352","3","6","2","12","19","4","1","2","0","1","0","0"
"POINT (11.520174116000021 48.123751524000056)","Unfall 44373 (2020) Kat:3, Licht: 0","44373","3","6","2","12","10","2","0","0","0","1","0","0"
"POINT (11.616277261000050 48.113096419000044)","Unfall 44402 (2020) Kat:3, Licht: 2","44402","3","3","5","12","22","1","1","2","0","1","0","0"
"POINT (11.530184825000049 48.224571853000043)","Unfall 44433 (2020) Kat:3, Licht: 0","44433","3","6","2","12","11","5","1","0","0","1","0","0"
"POINT (11.541410740000060 48.096353340000064)","Unfall 44440 (2020) Kat:3, Licht: 2","44440","3","2","6","12","19","1","0","2","0","1","1","0"
"POINT (11.502102631000071 48.112154251000049)","Unfall 44450 (2020) Kat:3, Licht: 2","44450","3","2","6","12","17","6","1","2","0","1","1","0"
"POINT (11.458078178000051 48.200861210000028)","Unfall 44473 (2020) Kat:3, Licht: 2","44473","3","6","3","12","18","5","1","2","1","0","0","0"
"POINT (11.617788325000049 48.115336218000039)","Unfall 44487 (2020) Kat:3, Licht: 0","44487","3","6","2","12","09","7","0","0","0","1","0","0"
"POINT (11.615048221000052 48.192707889000076)","Unfall 44505 (2020) Kat:3, Licht: 1","44505","3","6","2","12","08","3","0","1","0","1","0","0"
"POINT (11.648515224000050 48.139171513000065)","Unfall 44531 (2020) Kat:3, Licht: 2","44531","3","6","3","12","18","6","0","2","0","1","0","0"
"POINT (11.608660241000052 48.183874791000051)","Unfall 44552 (2020) Kat:3, Licht: 2","44552","3","6","2","12","18","3","1","2","0","1","0","0"
"POINT (11.523694837000050 48.075720833000048)","Unfall 44559 (2020) Kat:3, Licht: 0","44559","3","3","3","12","14","3","0","0","1","1","0","0"
"POINT (11.585457960000042 48.201035703000059)","Unfall 44605 (2020) Kat:3, Licht: 0","44605","3","2","4","12","08","2","1","0","1","1","0","0"
"POINT (11.614535212000021 48.138336550000076)","Unfall 44607 (2020) Kat:3, Licht: 2","44607","3","6","7","12","11","6","0","2","0","0","0","0"
"POINT (11.582346707000056 48.177519368000048)","Unfall 44618 (2020) Kat:3, Licht: 2","44618","3","6","2","12","07","3","0","2","0","1","0","0"
"POINT (11.648771710000062 48.083579458000031)","Unfall 44630 (2020) Kat:3, Licht: 1","44630","3","3","5","12","16","5","0","1","0","1","0","0"
"POINT (11.502996709000058 48.142963079000026)","Unfall 44645 (2020) Kat:3, Licht: 2","44645","3","3","5","12","20","7","1","2","0","1","0","0"
"POINT (11.518962375000058 48.123902741000052)","Unfall 44679 (2020) Kat:3, Licht: 2","44679","3","6","2","12","17","2","0","2","0","1","0","0"
"POINT (11.478604329000063 48.145206750000057)","Unfall 44685 (2020) Kat:3, Licht: 2","44685","3","6","2","12","19","6","0","2","0","1","0","0"
"POINT (11.482794701000046 48.145046017000027)","Unfall 44706 (2020) Kat:3, Licht: 2","44706","3","7","3","12","19","5","0","2","0","1","0","0"
"POINT (11.528279829000041 48.130141812000033)","Unfall 44742 (2020) Kat:3, Licht: 0","44742","3","7","0","12","08","2","2","0","1","0","0","0"
"POINT (11.676846529000045 48.119506694000052)","Unfall 44746 (2020) Kat:3, Licht: 0","44746","3","2","3","12","14","2","0","0","1","1","0","0"
"POINT (11.600002135000068 48.171315380000067)","Unfall 44762 (2020) Kat:3, Licht: 2","44762","3","6","9","12","22","4","0","2","0","1","0","0"
"POINT (11.585847097000055 48.177511828000036)","Unfall 44763 (2020) Kat:3, Licht: 2","44763","3","6","2","12","17","6","0","2","0","1","0","0"