WKT,Name,OBJECTID,UKATEGORIE,UTYP1,UART,UMONAT,USTUNDE,UWOCHENTAG,STRZUSTAND,ULICHTVERH,ISTRAD,ISTPKW,ISTFUSS,ISTKRAD
"POINT (11.518573869000022 48.123951246000047)","Unfall 44768 (2020) Kat:3, Licht: 2","44768","3","6","2","12","16","6","0","2","0","1","0","0"
"POINT (11.393820441000059 48.145112239000071)","Unfall 44796 (2020) Kat:2, Licht: 0","44796","2","1","9","12","12","4","1","0","0","1","0","0"
"POINT (11.512796405000074 48.219867007000062)","Unfall 44855 (2020) Kat:3, Licht: 2","44855","3","6","3","12","17","4","0","2","0","1","0","0"
"POINT (11.517058410000061 48.066898320000064)","Unfall 44866 (2020) Kat:3, Licht: 0","44866","3","6","2","12","12","6","0","0","0","1","0","0"
"POINT (11.526095914000052 48.077622143000042)","Unfall 44870 (2020) Kat:2, Licht: 0","44870","2","2","6","12","15","6","0","0","0","0","1","0"
"POINT (11.584733764000077 48.184313795000037)","Unfall 44871 (2020) Kat:3, Licht: 2","44871","3","2","4","12","20","6","1","2","1","1","0","0"
"POINT (11.453840688000071 48.166687423000042)","Unfall 44874 (2020) Kat:3, Licht: 0","44874","3","3","2","12","11","6","1","0","0","1","0","0"
"POINT (11.619604370000047 48.191107199000044)","Unfall 44876 (2020) Kat:3, Licht: 0","44876","3","4","6","12","09","3","0","0","0","1","1","0"
"POINT (11.576519952000069 48.111784179000040)","Unfall 44878 (2020) Kat:3, Licht: 0","44878","3","2","5","12","13","3","1","0","1","1","0","0"
"POINT (11.520274976000053 48.124055838000061)","Unfall 44881 (2020) Kat:3, Licht: 0","44881","3","1","9","12","14","6","0","0","0","1","0","0"
"POINT (11.617403722000063 48.114603150000050)","Unfall 44893 (2020) Kat:3, Licht: 2","44893","3","6","3","12","17","3","0","2","0","1","0","0"
"POINT (11.526066608000065 48.077592784000046)","Unfall 44940 (2020) Kat:3, Licht: 0","44940","3","2","5","12","15","4","0","0","1","1","0","0"
"POINT (11.617292071000065 48.114655256000049)","Unfall 45004 (2020) Kat:3, Licht: 0","45004","3","6","2","12","15","5","0","0","0","1","0","0"
"POINT (11.523047719000033 48.140789008000070)","Unfall 45007 (2020) Kat:3, Licht: 0","45007","3","2","5","12","14","5","0","0","1","1","0","0"
"POINT (11.645025351000072 48.089515609000046)","Unfall 45031 (2020) Kat:3, Licht: 0","45031","3","7","0","12","12","1","0","0","1","0","0","0"
"POINT (11.490257246000056 48.096564107000063)","Unfall 45082 (2020) Kat:3, Licht: 2","45082","3","1","9","12","23","6","1","2","0","1","0","0"
"POINT (11.477275343000031 48.115493496000056)","Unfall 45107 (2020) Kat:3, Licht: 0","45107","3","3","0","12","15","4","0","0","1","0","0","0"
"POINT (11.459677137000028 48.191038545000026)","Unfall 45121 (2020) Kat:3, Licht: 1","45121","3","6","2","12","16","4","0","1","0","1","0","0"
"POINT (11.613772032000043 48.188677107000046)","Unfall 45124 (2020) Kat:3, Licht: 2","45124","3","7","0","12","21","4","0","2","0","1","0","0"
"POINT (11.597318049000023 48.173275032000049)","Unfall 45214 (2020) Kat:3, Licht: 2","45214","3","3","5","12","19","1","1","2","0","1","0","0"
"POINT (11.461280189000036 48.181626830000027)","Unfall 45306 (2020) Kat:3, Licht: 2","45306","3","3","5","12","18","1","0","2","0","1","0","0"
"POINT (11.588523581000061 48.094094692000056)","Unfall 45393 (2020) Kat:2, Licht: 2","45393","2","6","3","12","17","4","1","2","0","1","0","0"
"POINT (11.456850313000075 48.165327321000063)","Unfall 45433 (2020) Kat:3, Licht: 2","45433","3","3","5","12","17","7","0","2","0","1","0","0"
"POINT (11.490465546000053 48.084907320000070)","Unfall 45444 (2020) Kat:3, Licht: 2","45444","3","2","5","12","20","7","1","2","1","0","0","0"
"POINT (11.465243835000024 48.209082914000078)","Unfall 45479 (2020) Kat:3, Licht: 2","45479","3","7","2","12","09","4","0","2","0","1","0","0"
"POINT (11.604021893000038 48.108544308000035)","Unfall 45561 (2020) Kat:3, Licht: 2","45561","3","2","3","12","20","3","0","2","1","1","0","0"
"POINT (11.584220724000033 48.195767659000069)","Unfall 45583 (2020) Kat:3, Licht: 2","45583","3","2","6","12","17","2","1","2","0","1","1","0"
"POINT (11.599528084000042 48.125309793000042)","Unfall 157788 (2020) Kat:3, Licht: 2","157788","3","2","4","01","20","4","0","2","1","1","0","0"
"POINT (11.483101681000051 48.124388634000070)","Unfall 157891 (2020) Kat:3, Licht: 2","157891","3","7","1","01","04","4","0","2","0","1","1","0"
"POINT (11.666960075000077 48.123872214000073)","Unfall 157980 (2020) Kat:3, Licht: 2","157980","3","1","0","01","17","4","0","2","0","0","0","0"
"POINT (11.529219315000034 48.100282752000055)","Unfall 158038 (2020) Kat:3, Licht: 0","158038","3","4","6","01","08","6","1","0","0","0","1","1"
"POINT (11.495163973000047 48.128058295000073)","Unfall 158040 (2020) Kat:3, Licht: 0","158040","3","1","0","01","08","3","2","0","1","0","0","0"
"POINT (11.623989006000045 48.140513973000054)","Unfall 158042 (2020) Kat:3, Licht: 0","158042","3","1","0","01","08","6","2","0","1","0","0","0"
"POINT (11.584949973000050 48.158303410000030)","Unfall 158044 (2020) Kat:3, Licht: 0","158044","3","6","3","01","16","6","0","0","0","1","0","1"
"POINT (11.612800505000052 48.115929709000056)","Unfall 158056 (2020) Kat:3, Licht: 0","158056","3","7","0","01","08","3","1","0","0","0","0","0"
"POINT (11.561187014000041 48.220043300000043)","Unfall 158057 (2020) Kat:3, Licht: 2","158057","3","3","5","01","22","4","0","2","0","1","0","0"
"POINT (11.591976837000061 48.140663563000032)","Unfall 158070 (2020) Kat:3, Licht: 0","158070","3","5","0","01","11","3","1","0","1","1","0","0"
"POINT (11.694280344000049 48.133388775000071)","Unfall 158071 (2020) Kat:3, Licht: 0","158071","3","3","5","01","10","4","0","0","0","1","0","0"
"POINT (11.529296749000025 48.178518545000031)","Unfall 158086 (2020) Kat:3, Licht: 0","158086","3","2","5","01","08","3","0","0","1","1","0","0"
"POINT (11.587310904000049 48.187869866000028)","Unfall 158099 (2020) Kat:3, Licht: 0","158099","3","7","0","01","08","3","2","0","1","0","0","0"
"POINT (11.532017729000074 48.184620190000032)","Unfall 158104 (2020) Kat:3, Licht: 2","158104","3","6","2","01","21","1","0","2","0","1","0","0"
"POINT (11.552417038000044 48.134903224000027)","Unfall 158106 (2020) Kat:3, Licht: 0","158106","3","1","0","01","09","3","2","0","1","0","0","0"
"POINT (11.479376813000044 48.123777191000045)","Unfall 158107 (2020) Kat:3, Licht: 0","158107","3","3","5","01","15","4","0","0","0","1","0","0"
"POINT (11.525558061000027 48.084354889000053)","Unfall 158109 (2020) Kat:3, Licht: 0","158109","3","1","0","01","08","3","2","0","1","0","0","0"
"POINT (11.567026096000063 48.140701396000054)","Unfall 158110 (2020) Kat:3, Licht: 1","158110","3","2","3","01","07","4","1","1","1","1","0","0"
"POINT (11.566707197000028 48.136555761000068)","Unfall 158130 (2020) Kat:3, Licht: 0","158130","3","3","5","01","10","7","1","0","0","1","0","0"
"POINT (11.564401035000060 48.208866885000077)","Unfall 158137 (2020) Kat:3, Licht: 2","158137","3","6","0","01","17","7","0","2","0","1","0","0"
"POINT (11.615590619000045 48.148915273000057)","Unfall 158139 (2020) Kat:2, Licht: 0","158139","2","4","6","01","15","3","1","0","0","1","1","0"
"POINT (11.518191631000036 48.140115543000036)","Unfall 158140 (2020) Kat:3, Licht: 2","158140","3","2","6","01","19","7","0","2","0","1","1","0"
"POINT (11.630715068000029 48.118718288000025)","Unfall 158142 (2020) Kat:3, Licht: 2","158142","3","3","5","01","18","5","1","2","1","1","0","0"
"POINT (11.549577422000027 48.145922622000057)","Unfall 158147 (2020) Kat:3, Licht: 0","158147","3","2","4","01","13","5","0","0","0","1","0","0"
"POINT (11.564355148000061 48.170064219000039)","Unfall 158148 (2020) Kat:3, Licht: 1","158148","3","3","5","01","07","3","1","1","1","1","0","0"
"POINT (11.575101707000044 48.135298789000046)","Unfall 158149 (2020) Kat:3, Licht: 2","158149","3","7","6","01","21","7","0","2","0","1","1","0"
"POINT (11.526233219000062 48.131839546000037)","Unfall 158152 (2020) Kat:3, Licht: 0","158152","3","6","2","01","12","5","0","0","0","1","0","0"
"POINT (11.572366170000066 48.114610913000035)","Unfall 158159 (2020) Kat:3, Licht: 0","158159","3","6","2","01","09","3","1","0","0","1","0","0"
"POINT (11.568367170000045 48.155097082000054)","Unfall 158160 (2020) Kat:3, Licht: 0","158160","3","1","0","01","07","4","2","0","1","0","0","0"
"POINT (11.600939297000025 48.115391155000054)","Unfall 158171 (2020) Kat:3, Licht: 2","158171","3","6","0","01","02","1","1","2","0","1","0","0"
"POINT (11.589445046000037 48.157563754000080)","Unfall 158173 (2020) Kat:2, Licht: 0","158173","2","1","0","01","09","3","1","0","1","0","0","0"
"POINT (11.544684929000027 48.150336135000032)","Unfall 158174 (2020) Kat:3, Licht: 0","158174","3","2","3","01","07","4","2","0","1","1","0","0"
"POINT (11.594869675000041 48.088664583000082)","Unfall 158190 (2020) Kat:3, Licht: 0","158190","3","1","0","01","08","3","2","0","1","0","0","0"
"POINT (11.509952726000051 48.090459867000050)","Unfall 158198 (2020) Kat:2, Licht: 2","158198","2","1","0","01","18","3","2","2","1","0","0","0"
"POINT (11.565205331000072 48.139740971000037)","Unfall 158199 (2020) Kat:3, Licht: 0","158199","3","7","0","01","07","4","2","0","1","0","0","0"
"POINT (11.555018511000071 48.214753872000074)","Unfall 158203 (2020) Kat:2, Licht: 0","158203","2","4","6","01","15","3","1","0","0","1","1","0"
"POINT (11.636839838000071 48.100831174000064)","Unfall 158205 (2020) Kat:3, Licht: 2","158205","3","3","5","01","19","2","0","2","0","1","0","0"
"POINT (11.645055280000065 48.162257458000056)","Unfall 158208 (2020) Kat:3, Licht: 2","158208","3","7","0","01","00","1","1","2","0","0","1","0"
"POINT (11.578177572000072 48.126421888000039)","Unfall 158210 (2020) Kat:3, Licht: 0","158210","3","1","0","01","09","3","1","0","1","0","0","0"
"POINT (11.604583489000049 48.105760301000032)","Unfall 158211 (2020) Kat:3, Licht: 0","158211","3","2","2","01","11","4","0","0","0","1","0","0"
"POINT (11.655930351000052 48.093225418000031)","Unfall 158222 (2020) Kat:3, Licht: 2","158222","3","7","5","01","17","4","1","2","1","1","0","0"
"POINT (11.587896461000071 48.137253817000044)","Unfall 158227 (2020) Kat:3, Licht: 2","158227","3","1","0","01","19","6","1","2","1","0","0","0"
"POINT (11.584823378000067 48.138190840000050)","Unfall 158228 (2020) Kat:3, Licht: 0","158228","3","2","1","01","14","3","1","0","1","1","0","0"
"POINT (11.488704686000062 48.148560776000068)","Unfall 158229 (2020) Kat:2, Licht: 0","158229","2","7","0","01","13","6","1","0","1","0","0","0"
"POINT (11.610852117000036 48.199751151000044)","Unfall 158238 (2020) Kat:3, Licht: 0","158238","3","6","1","01","16","6","0","0","0","1","0","0"
"POINT (11.705367531000036 48.133202185000073)","Unfall 158239 (2020) Kat:3, Licht: 0","158239","3","1","0","01","08","3","2","0","1","0","0","0"
"POINT (11.527176480000037 48.168920789000026)","Unfall 158250 (2020) Kat:3, Licht: 0","158250","3","7","0","01","08","3","2","0","1","0","0","0"
"POINT (11.483678065000049 48.141508638000062)","Unfall 158252 (2020) Kat:3, Licht: 0","158252","3","5","0","01","14","2","0","0","0","1","0","0"
"POINT (11.558638041000052 48.137420233000057)","Unfall 158257 (2020) Kat:3, Licht: 0","158257","3","3","5","01","12","3","1","0","0","1","0","0"
"POINT (11.560223890000032 48.137405314000034)","Unfall 158262 (2020) Kat:3, Licht: 0","158262","3","3","3","01","07","4","1","0","1","1","0","0"
"POINT (11.509633443000041 48.182347156000048)","Unfall 158272 (2020) Kat:3, Licht: 2","158272","3","4","6","01","06","4","1","2","0","1","1","0"
"POINT (11.605113138000036 48.104702668000073)","Unfall 158276 (2020) Kat:3, Licht: 2","158276","3","2","3","01","22","6","1","2","1","1","0","0"
"POINT (11.583061545000021 48.159759202000032)","Unfall 158287 (2020) Kat:3, Licht: 2","158287","3","2","4","01","18","3","0","2","1","1","0","0"
"POINT (11.627909844000044 48.131289718000062)","Unfall 158303 (2020) Kat:3, Licht: 0","158303","3","3","5","01","13","4","0","0","1","1","0","0"
"POINT (11.528983918000051 48.163498902000072)","Unfall 158328 (2020) Kat:3, Licht: 0","158328","3","3","5","01","15","3","0","0","0","1","0","0"
"POINT (11.572726881000051 48.131991130000074)","Unfall 158337 (2020) Kat:3, Licht: 0","158337","3","7","3","01","08","5","0","0","1","0","0","0"
"POINT (11.540317046000041 48.214952570000037)","Unfall 158338 (2020) Kat:3, Licht: 0","158338","3","3","5","01","10","3","0","0","0","1","0","0"
"POINT (11.556989920000035 48.143694847000063)","Unfall 158341 (2020) Kat:3, Licht: 0","158341","3","2","2","01","12","5","0","0","0","1","0","0"
"POINT (11.522331878000045 48.176124475000051)","Unfall 158343 (2020) Kat:3, Licht: 2","158343","3","6","2","01","17","5","1","2","0","1","0","0"
"POINT (11.586398141000075 48.161808227000051)","Unfall 158346 (2020) Kat:3, Licht: 0","158346","3","2","5","01","09","5","0","0","1","1","0","0"
"POINT (11.568231635000075 48.122464087000026)","Unfall 158348 (2020) Kat:3, Licht: 0","158348","3","6","3","01","08","5","1","0","1","0","0","0"
"POINT (11.567589722000037 48.209246597000060)","Unfall 158351 (2020) Kat:3, Licht: 2","158351","3","2","6","01","17","5","0","2","0","1","1","0"
"POINT (11.524348886000041 48.080002546000060)","Unfall 158353 (2020) Kat:3, Licht: 0","158353","3","3","5","01","09","2","0","0","0","1","0","0"
"POINT (11.562637981000023 48.158350711000026)","Unfall 158355 (2020) Kat:3, Licht: 2","158355","3","3","5","01","17","2","0","2","0","1","0","0"
"POINT (11.573634708000043 48.170027583000035)","Unfall 158356 (2020) Kat:3, Licht: 0","158356","3","5","1","01","08","5","0","0","1","1","0","0"
"POINT (11.548638362000077 48.112044056000059)","Unfall 158357 (2020) Kat:3, Licht: 2","158357","3","2","4","01","07","2","0","2","1","1","0","0"
"POINT (11.505068225000059 48.089852618000066)","Unfall 158360 (2020) Kat:3, Licht: 0","158360","3","3","5","01","12","2","0","0","1","1","0","0"
"POINT (11.636585520000040 48.127010217000077)","Unfall 158361 (2020) Kat:3, Licht: 2","158361","3","6","2","01","17","2","0","2","0","1","0","0"
"POINT (11.530309847000069 48.152409884000065)","Unfall 158363 (2020) Kat:3, Licht: 0","158363","3","6","3","01","08","2","0","0","1","0","0","0"
"POINT (11.546684695000067 48.159995951000042)","Unfall 158365 (2020) Kat:3, Licht: 1","158365","3","4","6","01","17","2","1","1","1","0","1","0"
"POINT (11.507302349000042 48.093666911000071)","Unfall 158367 (2020) Kat:3, Licht: 0","158367","3","1","0","01","11","2","0","0","1","0","0","0"
"POINT (11.528098288000024 48.097103865000065)","Unfall 158368 (2020) Kat:3, Licht: 2","158368","3","7","0","01","06","2","0","2","0","0","0","0"
"POINT (11.594444240000030 48.141750793000028)","Unfall 158370 (2020) Kat:3, Licht: 2","158370","3","2","4","01","17","2","0","2","1","0","0","0"
"POINT (11.599199630000044 48.140891600000032)","Unfall 158375 (2020) Kat:3, Licht: 0","158375","3","6","2","01","11","3","0","0","0","1","0","0"
"POINT (11.551559716000042 48.151995336000027)","Unfall 158379 (2020) Kat:2, Licht: 0","158379","2","6","0","01","08","3","0","0","1","0","0","0"
"POINT (11.450279083000055 48.181266359000062)","Unfall 158388 (2020) Kat:3, Licht: 2","158388","3","5","4","01","16","3","0","2","1","0","0","0"
"POINT (11.518870037000056 48.131454334000068)","Unfall 158408 (2020) Kat:3, Licht: 1","158408","3","2","5","01","17","4","0","1","0","1","0","0"
"POINT (11.594490124000060 48.164450091000049)","Unfall 158420 (2020) Kat:3, Licht: 2","158420","3","2","5","01","18","3","1","2","1","1","0","0"
"POINT (11.586043077000056 48.169403054000043)","Unfall 158425 (2020) Kat:3, Licht: 2","158425","3","3","5","01","17","1","0","2","1","0","0","0"
"POINT (11.563007471000049 48.208913867000035)","Unfall 158427 (2020) Kat:2, Licht: 2","158427","2","2","6","01","21","1","1","2","0","1","1","0"
"POINT (11.578742149000050 48.145305856000050)","Unfall 158428 (2020) Kat:3, Licht: 2","158428","3","6","2","01","05","1","1","2","0","1","0","0"
"POINT (11.508351180000034 48.098111515000028)","Unfall 158430 (2020) Kat:3, Licht: 0","158430","3","2","4","01","14","1","0","0","0","1","0","0"
"POINT (11.534800100000041 48.120597839000027)","Unfall 158432 (2020) Kat:3, Licht: 0","158432","3","7","6","01","08","3","0","0","1","0","1","0"
"POINT (11.537297033000073 48.116909295000028)","Unfall 158433 (2020) Kat:3, Licht: 2","158433","3","6","2","01","18","1","1","2","0","1","0","1"
"POINT (11.586234749000027 48.131877471000053)","Unfall 158435 (2020) Kat:3, Licht: 0","158435","3","6","6","01","12","1","0","0","1","0","1","0"
"POINT (11.536422738000056 48.131962519000069)","Unfall 158437 (2020) Kat:3, Licht: 2","158437","3","5","0","01","18","1","2","2","1","1","0","0"
"POINT (11.555882771000029 48.130004995000036)","Unfall 158453 (2020) Kat:3, Licht: 0","158453","3","2","4","01","11","7","0","0","0","1","0","0"
"POINT (11.649506015000043 48.156571841000073)","Unfall 158455 (2020) Kat:2, Licht: 0","158455","2","3","0","01","14","7","0","0","1","1","0","0"
"POINT (11.690517131000036 48.113174775000061)","Unfall 158457 (2020) Kat:3, Licht: 0","158457","3","7","0","01","14","7","0","0","1","0","0","0"
"POINT (11.584512365000023 48.157228158000066)","Unfall 158458 (2020) Kat:3, Licht: 2","158458","3","3","5","01","19","7","0","2","0","1","0","0"
"POINT (11.558250365000049 48.161410381000053)","Unfall 158460 (2020) Kat:3, Licht: 0","158460","3","2","5","01","08","7","1","0","0","1","0","0"
"POINT (11.583062748000032 48.150269506000029)","Unfall 158462 (2020) Kat:3, Licht: 0","158462","3","4","6","01","13","7","0","0","1","0","1","0"
"POINT (11.492088698000032 48.182608660000028)","Unfall 158463 (2020) Kat:3, Licht: 2","158463","3","5","2","01","20","7","0","2","0","1","0","0"
"POINT (11.582356962000063 48.198593663000054)","Unfall 158483 (2020) Kat:3, Licht: 0","158483","3","3","5","01","11","3","0","0","1","0","0","0"
"POINT (11.562957428000061 48.187714678000077)","Unfall 158485 (2020) Kat:3, Licht: 1","158485","3","4","0","01","16","3","0","1","1","1","1","0"
"POINT (11.546106536000025 48.145788912000057)","Unfall 158489 (2020) Kat:3, Licht: 0","158489","3","7","0","01","10","6","0","0","1","0","0","0"
"POINT (11.502177250000045 48.108233446000042)","Unfall 158491 (2020) Kat:3, Licht: 1","158491","3","6","1","01","17","6","0","1","0","1","0","0"
"POINT (11.502842200000032 48.190044985000043)","Unfall 158492 (2020) Kat:3, Licht: 0","158492","3","6","2","01","13","6","0","0","0","1","0","0"
"POINT (11.498294134000048 48.094997461000048)","Unfall 158494 (2020) Kat:3, Licht: 2","158494","3","7","4","01","18","3","0","2","0","1","0","0"
"POINT (11.583351754000034 48.154917081000065)","Unfall 158496 (2020) Kat:3, Licht: 0","158496","3","1","3","01","11","6","0","0","0","1","0","1"
"POINT (11.534300852000058 48.153213570000048)","Unfall 158497 (2020) Kat:3, Licht: 0","158497","3","4","6","01","14","6","0","0","1","0","1","0"
"POINT (11.576884267000025 48.116277378000063)","Unfall 158499 (2020) Kat:2, Licht: 0","158499","2","7","0","01","08","6","0","0","1","0","0","0"
"POINT (11.597985539000035 48.134913551000068)","Unfall 158501 (2020) Kat:3, Licht: 0","158501","3","4","6","01","07","6","0","0","1","0","1","0"
"POINT (11.585709951000069 48.160119705000056)","Unfall 158503 (2020) Kat:3, Licht: 0","158503","3","6","1","01","08","6","0","0","1","1","0","0"
"POINT (11.578742149000050 48.145305856000050)","Unfall 158532 (2020) Kat:3, Licht: 0","158532","3","2","2","01","12","4","0","0","0","1","0","0"
"POINT (11.571358401000055 48.121106791000045)","Unfall 158533 (2020) Kat:3, Licht: 2","158533","3","3","6","01","06","3","0","2","1","0","1","0"
"POINT (11.544364257000041 48.166094121000071)","Unfall 158542 (2020) Kat:3, Licht: 0","158542","3","6","4","01","09","4","1","0","1","1","0","0"
"POINT (11.581435901000077 48.114630518000070)","Unfall 158544 (2020) Kat:3, Licht: 2","158544","3","3","5","01","03","1","1","2","0","1","0","0"
"POINT (11.481026393000036 48.180454824000037)","Unfall 158545 (2020) Kat:3, Licht: 2","158545","3","3","5","01","17","5","0","2","1","1","0","0"
"POINT (11.562672144000032 48.212966314000028)","Unfall 158550 (2020) Kat:2, Licht: 0","158550","2","1","8","01","10","5","0","0","0","1","0","0"
"POINT (11.551134003000072 48.185985786000060)","Unfall 158553 (2020) Kat:3, Licht: 0","158553","3","6","2","01","11","5","0","0","0","1","0","0"
"POINT (11.535592929000074 48.161915312000076)","Unfall 158555 (2020) Kat:3, Licht: 0","158555","3","2","5","01","15","5","0","0","1","1","0","0"
"POINT (11.582855710000047 48.184261391000064)","Unfall 158558 (2020) Kat:3, Licht: 2","158558","3","4","6","01","23","2","0","2","0","1","1","0"
"POINT (11.564229712000042 48.130067260000033)","Unfall 158564 (2020) Kat:3, Licht: 0","158564","3","1","0","01","13","5","0","0","1","0","0","0"
"POINT (11.594387760000075 48.164619565000066)","Unfall 158567 (2020) Kat:3, Licht: 0","158567","3","2","5","01","08","5","0","0","1","1","0","0"
"POINT (11.572678066000037 48.187323794000065)","Unfall 158569 (2020) Kat:3, Licht: 0","158569","3","4","6","01","10","6","0","0","0","1","1","0"
"POINT (11.570763177000060 48.134566260000042)","Unfall 158572 (2020) Kat:3, Licht: 0","158572","3","3","5","01","14","5","0","0","1","0","0","0"
"POINT (11.463029193000068 48.189169259000039)","Unfall 158581 (2020) Kat:3, Licht: 0","158581","3","6","2","01","11","6","1","0","0","1","0","0"
"POINT (11.566655155000035 48.145501858000046)","Unfall 158593 (2020) Kat:3, Licht: 0","158593","3","2","6","01","16","1","0","0","0","1","1","0"
"POINT (11.525918922000074 48.187402506000069)","Unfall 158605 (2020) Kat:3, Licht: 2","158605","3","4","6","01","19","7","1","2","0","1","1","0"
"POINT (11.534909000000027 48.152353021000067)","Unfall 158619 (2020) Kat:2, Licht: 0","158619","2","5","1","01","16","6","0","0","0","1","0","1"
"POINT (11.588548243000048 48.143061530000068)","Unfall 158622 (2020) Kat:3, Licht: 2","158622","3","2","6","01","17","2","0","2","0","1","1","0"
"POINT (11.546514664000028 48.200437239000053)","Unfall 158629 (2020) Kat:3, Licht: 0","158629","3","3","5","01","08","6","0","0","1","1","0","0"
"POINT (11.582859731000042 48.187817378000034)","Unfall 158662 (2020) Kat:3, Licht: 0","158662","3","6","2","01","08","2","1","0","0","1","0","0"
"POINT (11.578005660000031 48.143561279000039)","Unfall 158673 (2020) Kat:3, Licht: 2","158673","3","7","1","01","03","7","1","2","0","1","0","0"
"POINT (11.536378337000031 48.146270839000067)","Unfall 158675 (2020) Kat:3, Licht: 2","158675","3","2","5","01","20","6","0","2","0","1","0","0"
"POINT (11.475618556000029 48.183462830000053)","Unfall 158685 (2020) Kat:3, Licht: 0","158685","3","3","5","01","14","6","0","0","0","1","0","0"
"POINT (11.560268288000032 48.174227030000054)","Unfall 158698 (2020) Kat:3, Licht: 2","158698","3","3","5","01","19","1","1","2","0","1","0","1"
"POINT (11.575583575000053 48.150338962000035)","Unfall 158725 (2020) Kat:3, Licht: 0","158725","3","6","3","01","15","6","0","0","1","1","0","0"
"POINT (11.435056651000025 48.173925574000066)","Unfall 158729 (2020) Kat:3, Licht: 2","158729","3","7","8","01","04","2","1","2","0","1","0","0"
"POINT (11.561559868000074 48.217100555000059)","Unfall 158737 (2020) Kat:2, Licht: 0","158737","2","4","6","01","09","6","0","0","0","1","1","0"
"POINT (11.568587919000038 48.156769602000054)","Unfall 158744 (2020) Kat:2, Licht: 0","158744","2","3","5","01","12","5","0","0","0","1","0","1"
"POINT (11.516715406000060 48.113359643000081)","Unfall 158751 (2020) Kat:3, Licht: 0","158751","3","2","8","01","09","5","0","0","1","0","0","0"
"POINT (11.515182222000021 48.081568500000060)","Unfall 158761 (2020) Kat:2, Licht: 0","158761","2","7","6","01","13","4","0","0","1","0","1","0"
"POINT (11.504628115000060 48.116614034000065)","Unfall 158763 (2020) Kat:3, Licht: 0","158763","3","4","6","01","09","4","0","0","1","0","1","0"
"POINT (11.507046663000040 48.087330541000028)","Unfall 158766 (2020) Kat:3, Licht: 1","158766","3","3","5","01","19","2","1","1","0","1","0","0"
"POINT (11.551662839000073 48.186097713000038)","Unfall 158776 (2020) Kat:3, Licht: 2","158776","3","2","6","01","20","7","2","2","0","1","1","0"
"POINT (11.458003907000034 48.140549695000061)","Unfall 158777 (2020) Kat:3, Licht: 0","158777","3","7","0","01","13","6","0","0","0","0","0","0"
"POINT (11.592246710000040 48.138799580000068)","Unfall 158778 (2020) Kat:3, Licht: 0","158778","3","3","5","01","12","2","0","0","1","0","0","0"
"POINT (11.563448538000046 48.161085425000067)","Unfall 158781 (2020) Kat:3, Licht: 0","158781","3","7","5","01","08","4","0","0","0","1","0","0"
"POINT (11.574888609000027 48.159829807000051)","Unfall 158785 (2020) Kat:2, Licht: 0","158785","2","1","0","01","15","6","0","0","1","0","0","0"
"POINT (11.567141122000066 48.179856714000039)","Unfall 158787 (2020) Kat:3, Licht: 0","158787","3","7","0","01","11","6","0","0","1","1","0","0"
"POINT (11.478472172000068 48.156192144000045)","Unfall 158790 (2020) Kat:3, Licht: 0","158790","3","7","0","01","16","4","0","0","0","1","0","0"
"POINT (11.584452412000076 48.171025896000060)","Unfall 158791 (2020) Kat:3, Licht: 0","158791","3","6","2","01","14","5","0","0","0","1","0","0"
"POINT (11.521164349000060 48.177724032000071)","Unfall 158799 (2020) Kat:3, Licht: 0","158799","3","5","1","01","14","4","0","0","1","1","0","0"
"POINT (11.504696558000035 48.176169826000034)","Unfall 158850 (2020) Kat:3, Licht: 0","158850","3","3","5","01","17","1","0","0","0","1","0","0"
"POINT (11.563067871000044 48.131717005000041)","Unfall 158852 (2020) Kat:3, Licht: 0","158852","3","1","0","01","15","1","0","0","0","0","0","1"
"POINT (11.538409064000064 48.135895226000059)","Unfall 158855 (2020) Kat:3, Licht: 2","158855","3","2","6","01","00","1","0","2","0","1","1","0"
"POINT (11.564040030000058 48.137404923000076)","Unfall 158860 (2020) Kat:3, Licht: 2","158860","3","6","2","01","18","4","0","2","0","1","0","0"
"POINT (11.655176801000039 48.127927877000047)","Unfall 158863 (2020) Kat:2, Licht: 0","158863","2","6","0","01","12","4","1","0","0","0","0","1"
"POINT (11.575373571000057 48.143005893000065)","Unfall 158866 (2020) Kat:3, Licht: 2","158866","3","3","5","01","18","4","0","2","1","0","0","1"
"POINT (11.555449278000026 48.213369323000052)","Unfall 158869 (2020) Kat:3, Licht: 0","158869","3","7","0","01","13","4","0","0","0","0","0","0"
"POINT (11.558168696000052 48.126374770000041)","Unfall 158870 (2020) Kat:3, Licht: 0","158870","3","2","4","01","15","7","0","0","1","1","0","0"
"POINT (11.481053397000039 48.180419421000067)","Unfall 158871 (2020) Kat:3, Licht: 0","158871","3","3","5","01","10","7","0","0","0","1","0","0"
"POINT (11.424404827000046 48.141707462000056)","Unfall 158872 (2020) Kat:3, Licht: 0","158872","3","1","0","01","14","7","2","0","1","0","0","0"
"POINT (11.586278577000030 48.162431406000053)","Unfall 158873 (2020) Kat:3, Licht: 2","158873","3","7","0","01","19","7","0","2","0","0","0","0"
"POINT (11.540672688000029 48.125414256000056)","Unfall 158875 (2020) Kat:3, Licht: 0","158875","3","2","5","01","16","4","0","0","1","1","0","0"
"POINT (11.584749453000029 48.158209743000043)","Unfall 158877 (2020) Kat:3, Licht: 0","158877","3","2","5","01","11","4","0","0","1","1","0","0"
"POINT (11.606781556000044 48.101082591000079)","Unfall 158879 (2020) Kat:3, Licht: 0","158879","3","1","0","01","15","7","0","0","0","0","0","1"