WKT,Name,OBJECTID,UKATEGORIE,UTYP1,UART,UMONAT,USTUNDE,UWOCHENTAG,STRZUSTAND,ULICHTVERH,ISTRAD,ISTPKW,ISTFUSS,ISTKRAD
"POINT (11.601533662000065 48.145822958000053)","Unfall 158880 (2020) Kat:3, Licht: 0","158880","3","3","5","01","16","7","1","0","0","1","0","0"
"POINT (11.584263875000033 48.131843968000055)","Unfall 158881 (2020) Kat:3, Licht: 0","158881","3","7","3","01","16","7","0","0","0","1","0","0"
"POINT (11.665196535000064 48.110461383000029)","Unfall 158885 (2020) Kat:3, Licht: 1","158885","3","6","4","01","07","4","2","1","1","1","0","0"
"POINT (11.547400916000072 48.139250273000073)","Unfall 158887 (2020) Kat:3, Licht: 2","158887","3","6","2","01","05","4","0","2","0","1","0","0"
"POINT (11.556040676000066 48.142018768000071)","Unfall 158892 (2020) Kat:3, Licht: 0","158892","3","6","5","01","09","4","0","0","1","1","0","0"
"POINT (11.648435054000061 48.111959193000075)","Unfall 158899 (2020) Kat:3, Licht: 1","158899","3","6","2","01","16","2","0","1","0","1","0","0"
"POINT (11.628072307000025 48.092319514000053)","Unfall 158907 (2020) Kat:3, Licht: 0","158907","3","3","5","01","14","2","0","0","0","1","0","0"
"POINT (11.575391822000029 48.142345527000032)","Unfall 158911 (2020) Kat:3, Licht: 0","158911","3","7","1","01","15","2","0","0","1","1","0","0"
"POINT (11.586629355000071 48.156948447000048)","Unfall 158916 (2020) Kat:3, Licht: 2","158916","3","1","0","01","20","6","0","2","1","0","0","0"
"POINT (11.478308389000063 48.197466527000074)","Unfall 158919 (2020) Kat:3, Licht: 0","158919","3","3","5","01","12","6","0","0","1","1","0","0"
"POINT (11.587281839000070 48.134480121000081)","Unfall 158921 (2020) Kat:3, Licht: 2","158921","3","1","1","01","07","6","0","2","0","1","0","0"
"POINT (11.460181151000029 48.184763109000073)","Unfall 158922 (2020) Kat:3, Licht: 0","158922","3","6","2","01","10","2","1","0","1","1","0","0"
"POINT (11.614803813000037 48.137014549000071)","Unfall 158923 (2020) Kat:3, Licht: 1","158923","3","2","5","01","18","6","0","1","0","0","0","0"
"POINT (11.572677076000048 48.187342563000072)","Unfall 158924 (2020) Kat:2, Licht: 2","158924","2","2","6","01","06","6","0","2","0","1","1","0"
"POINT (11.564142943000036 48.163501087000043)","Unfall 158925 (2020) Kat:3, Licht: 0","158925","3","7","4","01","14","6","0","0","0","1","0","0"
"POINT (11.547065861000021 48.143770718000042)","Unfall 158928 (2020) Kat:3, Licht: 2","158928","3","3","5","01","20","6","1","2","1","1","0","0"
"POINT (11.503171632000033 48.139796171000057)","Unfall 158929 (2020) Kat:3, Licht: 0","158929","3","3","0","01","16","6","0","0","0","0","1","0"
"POINT (11.520089123000048 48.145280702000036)","Unfall 158932 (2020) Kat:3, Licht: 2","158932","3","6","2","01","19","6","1","2","0","1","0","0"
"POINT (11.502906468000049 48.130800633000035)","Unfall 158934 (2020) Kat:3, Licht: 0","158934","3","6","3","01","14","6","0","0","0","1","0","0"
"POINT (11.694277428000021 48.133416138000030)","Unfall 158935 (2020) Kat:3, Licht: 2","158935","3","2","5","01","19","2","0","2","1","1","0","0"
"POINT (11.597686030000034 48.138600195000038)","Unfall 158937 (2020) Kat:3, Licht: 0","158937","3","6","0","01","10","6","1","0","0","1","0","1"
"POINT (11.613481088000071 48.131291820000058)","Unfall 158938 (2020) Kat:3, Licht: 2","158938","3","6","4","01","18","6","1","2","1","0","0","0"
"POINT (11.553765617000067 48.127226060000055)","Unfall 158943 (2020) Kat:3, Licht: 1","158943","3","5","6","01","16","6","0","1","0","0","1","0"
"POINT (11.581239730000050 48.133761706000030)","Unfall 158946 (2020) Kat:3, Licht: 0","158946","3","1","0","01","15","6","0","0","1","0","0","0"
"POINT (11.469535457000063 48.177399274000038)","Unfall 158953 (2020) Kat:3, Licht: 0","158953","3","7","0","01","07","2","1","0","1","0","0","0"
"POINT (11.535189965000029 48.152108960000078)","Unfall 158955 (2020) Kat:3, Licht: 0","158955","3","2","5","01","09","2","0","0","1","1","0","0"
"POINT (11.605486945000052 48.104593081000075)","Unfall 158974 (2020) Kat:3, Licht: 1","158974","3","6","1","01","16","2","0","1","0","1","0","0"
"POINT (11.605076637000025 48.130423047000079)","Unfall 158999 (2020) Kat:3, Licht: 0","158999","3","2","5","01","16","2","0","0","1","1","0","0"
"POINT (11.646299390000024 48.106239109000057)","Unfall 159021 (2020) Kat:3, Licht: 0","159021","3","3","2","01","07","5","0","0","0","1","0","0"
"POINT (11.526956186000064 48.157183438000061)","Unfall 159023 (2020) Kat:3, Licht: 0","159023","3","1","1","01","08","5","1","0","0","1","0","1"
"POINT (11.524405338000065 48.135426248000044)","Unfall 159027 (2020) Kat:3, Licht: 0","159027","3","6","1","01","09","5","0","0","0","1","0","0"
"POINT (11.535682753000060 48.225587734000044)","Unfall 159028 (2020) Kat:3, Licht: 0","159028","3","6","3","01","16","4","0","0","0","1","0","0"
"POINT (11.559973274000072 48.152016563000075)","Unfall 159029 (2020) Kat:3, Licht: 0","159029","3","7","0","01","08","5","0","0","1","0","0","0"
"POINT (11.555821027000036 48.135187336000058)","Unfall 159036 (2020) Kat:3, Licht: 1","159036","3","5","1","01","17","3","0","1","0","1","0","0"
"POINT (11.613315547000070 48.120767180000030)","Unfall 159040 (2020) Kat:3, Licht: 2","159040","3","2","2","01","18","3","1","2","0","1","0","0"
"POINT (11.572867230000043 48.205059624000057)","Unfall 159046 (2020) Kat:3, Licht: 2","159046","3","3","5","01","20","3","0","2","1","1","0","0"
"POINT (11.657597381000073 48.107882934000031)","Unfall 159048 (2020) Kat:3, Licht: 2","159048","3","2","0","01","19","3","0","2","1","1","0","0"
"POINT (11.541329371000074 48.139562903000069)","Unfall 159058 (2020) Kat:3, Licht: 2","159058","3","4","6","01","18","2","0","2","0","1","1","0"
"POINT (11.572690056000056 48.148735136000028)","Unfall 159079 (2020) Kat:3, Licht: 2","159079","3","3","6","01","07","4","1","2","0","1","1","0"
"POINT (11.602120461000027 48.115809902000080)","Unfall 159080 (2020) Kat:3, Licht: 0","159080","3","2","5","02","15","7","0","0","0","1","0","0"
"POINT (11.502624238000067 48.174071356000070)","Unfall 159081 (2020) Kat:3, Licht: 2","159081","3","6","2","02","17","2","1","2","0","1","0","0"
"POINT (11.543569175000073 48.205006828000080)","Unfall 159083 (2020) Kat:3, Licht: 0","159083","3","3","5","02","15","2","1","0","0","1","0","1"
"POINT (11.633199943000022 48.118196878000049)","Unfall 159086 (2020) Kat:3, Licht: 2","159086","3","6","2","01","18","4","0","2","0","1","0","0"
"POINT (11.604507796000064 48.120428788000027)","Unfall 159089 (2020) Kat:2, Licht: 0","159089","2","6","3","01","11","4","1","0","0","1","0","0"
"POINT (11.502184051000029 48.108457944000065)","Unfall 159092 (2020) Kat:3, Licht: 0","159092","3","6","2","01","13","6","0","0","0","1","0","0"
"POINT (11.689192640000044 48.138867766000033)","Unfall 159100 (2020) Kat:3, Licht: 0","159100","3","3","5","01","13","4","1","0","0","1","0","0"
"POINT (11.614392501000054 48.111532339000064)","Unfall 159101 (2020) Kat:3, Licht: 2","159101","3","3","5","02","17","1","1","2","0","1","0","0"
"POINT (11.566578855000046 48.140126040000041)","Unfall 159103 (2020) Kat:3, Licht: 0","159103","3","2","5","01","16","4","1","0","1","1","0","0"
"POINT (11.479388663000066 48.116353826000079)","Unfall 159106 (2020) Kat:3, Licht: 0","159106","3","3","5","01","07","6","1","0","0","1","0","0"
"POINT (11.527413556000056 48.118752487000052)","Unfall 159116 (2020) Kat:3, Licht: 0","159116","3","3","5","01","11","6","1","0","0","1","0","0"
"POINT (11.629938369000058 48.130911266000055)","Unfall 159121 (2020) Kat:3, Licht: 0","159121","3","3","4","02","11","7","0","0","1","1","0","0"
"POINT (11.582831772000077 48.153809477000038)","Unfall 159128 (2020) Kat:3, Licht: 2","159128","3","6","2","01","19","5","0","2","0","1","0","0"
"POINT (11.465908989000070 48.177436339000053)","Unfall 159135 (2020) Kat:3, Licht: 2","159135","3","2","5","02","20","7","1","2","0","1","0","0"
"POINT (11.572336299000028 48.114548621000040)","Unfall 159145 (2020) Kat:3, Licht: 2","159145","3","3","5","01","06","6","1","2","0","1","0","0"
"POINT (11.512002906000077 48.175691548000032)","Unfall 159156 (2020) Kat:2, Licht: 0","159156","2","5","0","01","11","6","1","0","0","1","0","1"
"POINT (11.572149002000060 48.132624295000028)","Unfall 159169 (2020) Kat:3, Licht: 2","159169","3","6","2","01","18","6","0","2","0","1","0","1"
"POINT (11.615335336000044 48.142382508000026)","Unfall 159174 (2020) Kat:3, Licht: 0","159174","3","2","6","02","09","7","0","0","0","1","1","0"
"POINT (11.596704295000052 48.102670071000034)","Unfall 159175 (2020) Kat:3, Licht: 2","159175","3","2","5","02","06","2","1","2","1","1","0","0"
"POINT (11.522678876000043 48.134430628000075)","Unfall 159186 (2020) Kat:3, Licht: 1","159186","3","2","5","01","07","5","0","1","1","1","0","0"
"POINT (11.616448998000067 48.148842591000061)","Unfall 159188 (2020) Kat:3, Licht: 2","159188","3","2","6","02","18","7","1","2","0","1","1","0"
"POINT (11.565393368000059 48.138200249000079)","Unfall 159189 (2020) Kat:3, Licht: 0","159189","3","6","3","02","15","2","1","0","0","1","0","0"
"POINT (11.410039862000076 48.152592670000047)","Unfall 159194 (2020) Kat:2, Licht: 2","159194","2","4","6","02","19","1","1","2","0","1","1","0"
"POINT (11.577092290000053 48.136526241000070)","Unfall 159198 (2020) Kat:3, Licht: 2","159198","3","3","0","01","19","5","1","2","0","0","1","0"
"POINT (11.563964594000026 48.124357106000048)","Unfall 159203 (2020) Kat:3, Licht: 0","159203","3","7","0","01","08","6","1","0","1","0","0","0"
"POINT (11.591078809000066 48.192738588000054)","Unfall 159216 (2020) Kat:3, Licht: 0","159216","3","6","1","01","15","6","0","0","0","1","0","0"
"POINT (11.634025697000027 48.169283677000067)","Unfall 159227 (2020) Kat:3, Licht: 0","159227","3","6","3","01","12","6","0","0","1","0","0","0"
"POINT (11.546324634000030 48.100537480000071)","Unfall 159233 (2020) Kat:3, Licht: 1","159233","3","2","5","02","16","2","1","1","1","1","0","0"
"POINT (11.567102203000047 48.146176955000044)","Unfall 159241 (2020) Kat:3, Licht: 0","159241","3","5","3","02","14","7","0","0","1","1","0","0"
"POINT (11.576768777000041 48.147549403000028)","Unfall 159242 (2020) Kat:3, Licht: 2","159242","3","7","5","02","18","2","1","2","1","1","0","0"
"POINT (11.607307979000041 48.127333472000032)","Unfall 159246 (2020) Kat:3, Licht: 2","159246","3","3","5","02","17","7","1","2","0","1","0","1"
"POINT (11.645141371000022 48.162744440000040)","Unfall 159247 (2020) Kat:3, Licht: 0","159247","3","2","4","02","08","2","1","0","0","1","0","0"
"POINT (11.526025624000056 48.114276884000049)","Unfall 159256 (2020) Kat:3, Licht: 1","159256","3","7","0","01","17","6","0","1","1","0","0","0"
"POINT (11.583361319000062 48.154937557000039)","Unfall 159261 (2020) Kat:3, Licht: 0","159261","3","7","1","01","09","3","1","0","1","1","0","0"
"POINT (11.564190578000023 48.204696873000046)","Unfall 159268 (2020) Kat:2, Licht: 0","159268","2","4","6","01","07","6","1","0","0","1","1","0"
"POINT (11.519543099000032 48.113442691000046)","Unfall 159270 (2020) Kat:3, Licht: 0","159270","3","3","5","01","11","3","0","0","0","1","0","0"
"POINT (11.565521964000027 48.153242620000071)","Unfall 159279 (2020) Kat:3, Licht: 2","159279","3","2","6","01","22","6","0","2","0","1","1","0"
"POINT (11.636820702000023 48.172085675000062)","Unfall 159284 (2020) Kat:3, Licht: 1","159284","3","7","0","02","17","7","1","1","0","0","1","0"
"POINT (11.455347725000024 48.166501461000053)","Unfall 159285 (2020) Kat:3, Licht: 2","159285","3","3","5","02","19","2","1","2","0","1","0","0"
"POINT (11.608251092000046 48.204786510000076)","Unfall 159288 (2020) Kat:3, Licht: 0","159288","3","3","5","01","15","3","1","0","1","1","0","0"
"POINT (11.512372179000067 48.127531614000077)","Unfall 159290 (2020) Kat:3, Licht: 0","159290","3","7","6","01","13","3","1","0","0","1","1","0"
"POINT (11.545472327000027 48.098604102000081)","Unfall 159292 (2020) Kat:3, Licht: 0","159292","3","1","0","01","14","3","1","0","0","0","0","0"
"POINT (11.646299197000076 48.106670514000029)","Unfall 159294 (2020) Kat:3, Licht: 0","159294","3","3","6","01","10","5","0","0","0","1","1","0"
"POINT (11.625668539000060 48.131716582000081)","Unfall 159295 (2020) Kat:3, Licht: 0","159295","3","2","5","01","08","3","0","0","1","1","0","0"
"POINT (11.669263879000027 48.081808880000040)","Unfall 159296 (2020) Kat:3, Licht: 0","159296","3","3","5","02","09","7","0","0","1","1","0","0"
"POINT (11.553871132000040 48.148399144000052)","Unfall 159297 (2020) Kat:3, Licht: 0","159297","3","5","1","02","09","2","1","0","0","1","0","1"
"POINT (11.571219765000023 48.146705190000034)","Unfall 159300 (2020) Kat:3, Licht: 2","159300","3","7","0","01","18","3","0","2","1","0","0","0"
"POINT (11.568591788000049 48.144630169000038)","Unfall 159306 (2020) Kat:3, Licht: 0","159306","3","3","3","01","07","5","0","0","1","1","0","0"
"POINT (11.457033814000056 48.140176748000044)","Unfall 159310 (2020) Kat:3, Licht: 2","159310","3","3","5","01","18","6","1","2","0","1","0","0"
"POINT (11.531645567000055 48.152620498000033)","Unfall 159318 (2020) Kat:2, Licht: 0","159318","2","2","5","01","12","6","0","0","1","1","0","0"
"POINT (11.600118062000035 48.119550542000070)","Unfall 159320 (2020) Kat:3, Licht: 0","159320","3","2","5","01","14","6","0","0","0","1","0","0"
"POINT (11.584672094000041 48.135499331000062)","Unfall 159334 (2020) Kat:3, Licht: 2","159334","3","7","0","02","06","7","0","2","0","0","0","0"
"POINT (11.528151018000074 48.140365792000068)","Unfall 159345 (2020) Kat:3, Licht: 2","159345","3","6","2","02","02","1","0","2","0","1","0","0"
"POINT (11.598146108000037 48.165455282000039)","Unfall 159346 (2020) Kat:3, Licht: 2","159346","3","6","9","02","05","1","0","2","0","1","0","0"
"POINT (11.492227073000038 48.142470709000065)","Unfall 159350 (2020) Kat:3, Licht: 2","159350","3","4","6","02","18","1","0","2","1","0","1","0"
"POINT (11.520290496000030 48.149967210000057)","Unfall 159357 (2020) Kat:3, Licht: 0","159357","3","2","5","02","17","2","0","0","1","1","0","0"
"POINT (11.462757341000042 48.181797371000073)","Unfall 159383 (2020) Kat:3, Licht: 2","159383","3","5","1","02","23","7","0","2","0","1","0","0"
"POINT (11.621160676000045 48.196739383000079)","Unfall 159388 (2020) Kat:3, Licht: 2","159388","3","3","5","02","21","7","0","2","0","1","0","0"
"POINT (11.577184420000037 48.145468834000042)","Unfall 159389 (2020) Kat:3, Licht: 0","159389","3","6","1","02","17","7","0","0","0","1","0","0"
"POINT (11.502675989000068 48.121442100000081)","Unfall 159391 (2020) Kat:2, Licht: 2","159391","2","6","2","02","22","7","0","2","0","1","0","0"
"POINT (11.565399673000059 48.132817552000063)","Unfall 159393 (2020) Kat:3, Licht: 0","159393","3","6","2","02","07","7","1","0","0","1","0","0"
"POINT (11.540387870000075 48.118360263000056)","Unfall 159396 (2020) Kat:3, Licht: 0","159396","3","2","6","02","14","2","0","0","0","1","1","0"
"POINT (11.572886674000074 48.177719178000075)","Unfall 159431 (2020) Kat:3, Licht: 0","159431","3","6","2","02","08","6","0","0","0","1","0","0"
"POINT (11.581820085000061 48.098337592000064)","Unfall 159432 (2020) Kat:3, Licht: 0","159432","3","2","5","02","09","2","1","0","0","1","0","0"
"POINT (11.557092001000058 48.151670632000048)","Unfall 159433 (2020) Kat:3, Licht: 2","159433","3","7","9","02","03","6","0","2","0","1","0","0"
"POINT (11.529899729000022 48.217831133000061)","Unfall 159434 (2020) Kat:3, Licht: 2","159434","3","3","5","02","00","6","0","2","0","1","0","0"
"POINT (11.548778566000067 48.143497107000030)","Unfall 159435 (2020) Kat:3, Licht: 2","159435","3","3","5","02","20","6","0","2","0","1","0","0"
"POINT (11.533485743000028 48.116897028000039)","Unfall 159439 (2020) Kat:3, Licht: 0","159439","3","7","3","02","17","6","0","0","0","1","0","0"
"POINT (11.591864368000074 48.127381819000050)","Unfall 159440 (2020) Kat:3, Licht: 0","159440","3","1","0","02","11","2","1","0","1","0","0","0"
"POINT (11.589811093000037 48.100932403000058)","Unfall 159441 (2020) Kat:3, Licht: 2","159441","3","6","2","02","18","6","0","2","0","1","0","0"
"POINT (11.535425854000039 48.123565365000047)","Unfall 159442 (2020) Kat:3, Licht: 0","159442","3","2","5","02","07","6","0","0","1","1","0","0"
"POINT (11.508383958000024 48.130672148000031)","Unfall 159443 (2020) Kat:3, Licht: 1","159443","3","7","1","02","07","2","1","1","1","1","0","0"
"POINT (11.464067383000042 48.151440225000044)","Unfall 159447 (2020) Kat:3, Licht: 0","159447","3","5","1","02","11","3","1","0","1","1","0","0"
"POINT (11.599093515000050 48.187302999000053)","Unfall 159450 (2020) Kat:3, Licht: 2","159450","3","2","6","02","07","3","1","2","0","1","1","0"
"POINT (11.524657256000069 48.118519653000078)","Unfall 159456 (2020) Kat:3, Licht: 0","159456","3","6","4","02","16","3","1","0","0","1","0","0"
"POINT (11.610295713000028 48.132345227000030)","Unfall 159459 (2020) Kat:3, Licht: 0","159459","3","2","4","02","07","3","1","0","1","1","0","0"
"POINT (11.556093719000046 48.142096215000038)","Unfall 159462 (2020) Kat:3, Licht: 0","159462","3","2","4","02","07","3","1","0","1","1","0","0"
"POINT (11.519586057000026 48.143830981000065)","Unfall 159463 (2020) Kat:2, Licht: 1","159463","2","7","4","02","07","2","1","1","0","1","0","0"
"POINT (11.552362264000067 48.208329272000071)","Unfall 159468 (2020) Kat:3, Licht: 2","159468","3","4","6","02","18","3","1","2","0","1","1","0"
"POINT (11.594608039000036 48.110779871000034)","Unfall 159473 (2020) Kat:3, Licht: 0","159473","3","2","4","02","07","3","0","0","0","1","0","0"
"POINT (11.613585635000049 48.126645316000065)","Unfall 159476 (2020) Kat:3, Licht: 2","159476","3","6","0","02","22","3","1","2","0","1","0","0"
"POINT (11.567452377000052 48.123121702000049)","Unfall 159480 (2020) Kat:3, Licht: 2","159480","3","3","5","02","21","3","1","2","0","1","0","0"
"POINT (11.574752961000058 48.162335005000045)","Unfall 159492 (2020) Kat:3, Licht: 0","159492","3","5","1","02","12","3","1","0","0","0","0","1"
"POINT (11.572962207000046 48.187553132000062)","Unfall 159500 (2020) Kat:3, Licht: 2","159500","3","7","4","02","17","5","1","2","0","1","0","0"
"POINT (11.503521083000066 48.125441817000080)","Unfall 159501 (2020) Kat:3, Licht: 0","159501","3","6","1","02","14","5","0","0","0","1","0","0"
"POINT (11.631256507000046 48.098633543000062)","Unfall 159503 (2020) Kat:3, Licht: 0","159503","3","5","0","02","13","2","1","0","0","1","0","0"
"POINT (11.412372006000055 48.132407725000064)","Unfall 159504 (2020) Kat:3, Licht: 0","159504","3","6","1","02","12","5","0","0","0","1","0","0"
"POINT (11.492554975000076 48.140252587000077)","Unfall 159506 (2020) Kat:3, Licht: 2","159506","3","2","3","02","18","5","0","2","0","1","0","0"
"POINT (11.621228873000064 48.191581277000068)","Unfall 159509 (2020) Kat:3, Licht: 0","159509","3","7","0","02","10","5","0","0","1","0","0","0"
"POINT (11.466433257000062 48.191619428000081)","Unfall 159510 (2020) Kat:3, Licht: 0","159510","3","3","5","02","10","5","0","0","0","1","0","0"
"POINT (11.479994382000029 48.122347297000033)","Unfall 159511 (2020) Kat:3, Licht: 0","159511","3","3","5","02","11","5","0","0","1","1","0","0"
"POINT (11.565712201000053 48.132957126000065)","Unfall 159514 (2020) Kat:3, Licht: 2","159514","3","3","5","02","19","5","0","2","1","1","0","0"
"POINT (11.561426024000070 48.141524574000073)","Unfall 159516 (2020) Kat:3, Licht: 0","159516","3","6","3","02","13","5","0","0","1","1","0","0"
"POINT (11.581254940000065 48.150077941000063)","Unfall 159517 (2020) Kat:3, Licht: 2","159517","3","2","5","02","19","5","0","2","1","1","0","0"
"POINT (11.465189106000025 48.187917786000071)","Unfall 159568 (2020) Kat:3, Licht: 0","159568","3","7","6","02","14","2","0","0","0","1","1","0"
"POINT (11.578148146000046 48.134457613000052)","Unfall 159584 (2020) Kat:3, Licht: 0","159584","3","4","6","02","12","4","0","0","0","1","1","0"
"POINT (11.532541070000036 48.176287734000027)","Unfall 159585 (2020) Kat:3, Licht: 0","159585","3","1","0","02","14","4","0","0","0","0","0","1"
"POINT (11.535100934000070 48.095781628000054)","Unfall 159594 (2020) Kat:3, Licht: 2","159594","3","3","5","02","18","2","0","2","1","1","0","0"
"POINT (11.590334527000039 48.192658752000057)","Unfall 159596 (2020) Kat:3, Licht: 0","159596","3","7","5","02","16","7","0","0","0","1","0","1"
"POINT (11.556734397000071 48.178522791000034)","Unfall 159598 (2020) Kat:3, Licht: 2","159598","3","4","6","02","06","6","1","2","0","1","1","0"
"POINT (11.646297869000023 48.103675109000051)","Unfall 159610 (2020) Kat:3, Licht: 0","159610","3","2","4","02","08","5","1","0","0","1","0","0"
"POINT (11.522736746000021 48.134292085000027)","Unfall 159622 (2020) Kat:3, Licht: 0","159622","3","2","5","02","14","5","0","0","0","1","0","0"
"POINT (11.555170221000026 48.147345215000030)","Unfall 159636 (2020) Kat:3, Licht: 1","159636","3","5","3","02","17","4","0","1","1","1","0","0"
"POINT (11.596008246000054 48.134999153000081)","Unfall 159637 (2020) Kat:3, Licht: 2","159637","3","7","6","02","19","7","0","2","0","1","1","0"
"POINT (11.488300068000058 48.140951059000031)","Unfall 159639 (2020) Kat:3, Licht: 0","159639","3","4","0","02","14","6","1","0","0","0","1","0"
"POINT (11.642638964000071 48.122738335000065)","Unfall 159640 (2020) Kat:3, Licht: 2","159640","3","6","1","02","17","2","1","2","1","1","0","0"
"POINT (11.641401248000022 48.156615818000034)","Unfall 159641 (2020) Kat:3, Licht: 2","159641","3","6","1","02","20","4","1","2","0","1","0","0"
"POINT (11.480907417000026 48.164065610000080)","Unfall 159645 (2020) Kat:2, Licht: 0","159645","2","6","3","02","11","1","0","0","1","0","0","0"
"POINT (11.578882960000044 48.154752986000062)","Unfall 159647 (2020) Kat:3, Licht: 0","159647","3","2","3","02","15","4","1","0","1","1","0","0"
"POINT (11.563109594000025 48.126759884000080)","Unfall 159648 (2020) Kat:2, Licht: 0","159648","2","4","6","02","12","7","0","0","1","0","1","0"
"POINT (11.603436879000071 48.149259788000052)","Unfall 159651 (2020) Kat:3, Licht: 0","159651","3","5","1","02","13","2","0","0","1","1","0","0"
"POINT (11.465401756000063 48.146631795000076)","Unfall 159653 (2020) Kat:3, Licht: 0","159653","3","6","2","02","16","4","1","0","0","1","0","0"
"POINT (11.517626393000057 48.223893375000046)","Unfall 159655 (2020) Kat:3, Licht: 0","159655","3","1","0","02","12","4","1","0","1","0","0","0"
"POINT (11.556069774000036 48.132379557000036)","Unfall 159657 (2020) Kat:3, Licht: 0","159657","3","1","0","02","07","4","0","0","1","0","0","0"
"POINT (11.575004950000050 48.157550027000070)","Unfall 159666 (2020) Kat:3, Licht: 2","159666","3","2","6","02","05","5","1","2","0","1","1","0"
"POINT (11.559606638000048 48.141444178000029)","Unfall 159677 (2020) Kat:2, Licht: 2","159677","2","7","9","02","01","5","0","2","0","1","0","0"
"POINT (11.565696664000029 48.208933308000042)","Unfall 159686 (2020) Kat:3, Licht: 2","159686","3","5","1","02","22","7","0","2","0","1","0","0"
"POINT (11.577176892000068 48.136597255000027)","Unfall 159688 (2020) Kat:3, Licht: 0","159688","3","2","6","02","09","5","0","0","1","0","1","0"
"POINT (11.577740582000047 48.112240200000031)","Unfall 159690 (2020) Kat:3, Licht: 0","159690","3","5","0","02","12","7","0","0","1","1","0","0"
"POINT (11.594133397000064 48.101939292000054)","Unfall 159692 (2020) Kat:3, Licht: 0","159692","3","3","2","02","14","6","0","0","0","1","0","0"
"POINT (11.583310851000022 48.118763203000071)","Unfall 159693 (2020) Kat:3, Licht: 2","159693","3","4","6","02","19","2","1","2","0","0","1","0"
"POINT (11.449689292000073 48.192949481000028)","Unfall 159704 (2020) Kat:3, Licht: 0","159704","3","7","0","02","16","6","0","0","1","0","0","0"
"POINT (11.457747704000042 48.149782788000039)","Unfall 159706 (2020) Kat:3, Licht: 0","159706","3","5","3","02","07","2","0","0","1","1","0","0"
"POINT (11.585858235000046 48.171143297000071)","Unfall 159718 (2020) Kat:3, Licht: 0","159718","3","3","5","02","07","5","0","0","1","1","0","0"
"POINT (11.561197712000023 48.219938492000040)","Unfall 159730 (2020) Kat:3, Licht: 2","159730","3","4","6","02","18","5","0","2","0","1","1","0"
"POINT (11.608277363000070 48.150908022000067)","Unfall 159732 (2020) Kat:3, Licht: 0","159732","3","2","5","02","12","7","0","0","1","1","0","0"
"POINT (11.567598316000044 48.207841171000041)","Unfall 159744 (2020) Kat:3, Licht: 2","159744","3","3","5","02","00","7","0","2","0","1","0","0"
"POINT (11.513429154000050 48.185298172000046)","Unfall 159746 (2020) Kat:3, Licht: 0","159746","3","2","3","02","08","6","0","0","1","1","0","0"
"POINT (11.458741541000052 48.156862733000025)","Unfall 159748 (2020) Kat:3, Licht: 1","159748","3","6","3","02","07","2","0","1","1","1","0","0"
"POINT (11.646354213000052 48.109171153000034)","Unfall 159752 (2020) Kat:3, Licht: 0","159752","3","3","5","02","16","1","0","0","0","1","0","0"
"POINT (11.499718390000055 48.094863004000047)","Unfall 159755 (2020) Kat:3, Licht: 0","159755","3","6","6","02","15","7","0","0","1","0","1","0"
"POINT (11.559152089000065 48.125884120000080)","Unfall 159757 (2020) Kat:3, Licht: 0","159757","3","2","3","02","12","6","0","0","0","1","0","0"
"POINT (11.573552708000022 48.094500695000079)","Unfall 159781 (2020) Kat:3, Licht: 2","159781","3","1","0","02","06","5","2","2","1","0","0","0"
"POINT (11.587172751000026 48.158307782000065)","Unfall 159786 (2020) Kat:3, Licht: 0","159786","3","1","0","02","07","5","2","0","1","0","0","0"
"POINT (11.553407606000064 48.200015436000058)","Unfall 159787 (2020) Kat:3, Licht: 0","159787","3","3","5","02","12","3","0","0","1","1","0","0"
"POINT (11.503843484000072 48.081995787000039)","Unfall 159789 (2020) Kat:3, Licht: 0","159789","3","2","6","02","16","3","1","0","0","1","1","0"
"POINT (11.705937465000034 48.138306716000045)","Unfall 159795 (2020) Kat:3, Licht: 0","159795","3","6","2","02","08","3","1","0","0","1","0","0"
"POINT (11.550093550000042 48.149190276000070)","Unfall 159796 (2020) Kat:2, Licht: 0","159796","2","3","5","02","12","7","0","0","1","1","0","0"
"POINT (11.507119700000032 48.139701433000027)","Unfall 159798 (2020) Kat:3, Licht: 0","159798","3","2","3","02","08","6","0","0","0","1","0","0"
"POINT (11.502864703000057 48.166287482000030)","Unfall 159803 (2020) Kat:3, Licht: 0","159803","3","2","5","02","14","1","0","0","0","1","0","0"
"POINT (11.520359765000023 48.147019896000074)","Unfall 159805 (2020) Kat:2, Licht: 0","159805","2","6","0","02","13","3","0","0","0","0","0","0"
"POINT (11.574484827000049 48.152908057000047)","Unfall 159809 (2020) Kat:3, Licht: 2","159809","3","7","1","02","17","2","1","2","1","1","0","0"
"POINT (11.556909895000047 48.161319622000065)","Unfall 159812 (2020) Kat:3, Licht: 0","159812","3","3","5","02","13","3","1","0","1","1","0","0"
"POINT (11.591436140000042 48.191677102000028)","Unfall 159814 (2020) Kat:3, Licht: 1","159814","3","6","2","02","06","2","0","1","0","1","0","0"
"POINT (11.562530881000043 48.185702578000075)","Unfall 159816 (2020) Kat:2, Licht: 0","159816","2","7","0","02","13","3","1","0","0","1","0","1"
"POINT (11.558877868000025 48.201083703000052)","Unfall 159818 (2020) Kat:3, Licht: 0","159818","3","1","8","02","10","3","1","0","0","1","0","0"