WKT,Name,OBJECTID,UKATEGORIE,UTYP1,UART,UMONAT,USTUNDE,UWOCHENTAG,STRZUSTAND,ULICHTVERH,ISTRAD,ISTPKW,ISTFUSS,ISTKRAD
"POINT (11.611056006000069 48.128176386000064)","Unfall 159820 (2020) Kat:3, Licht: 0","159820","3","5","0","02","09","3","1","0","1","1","0","0"
"POINT (11.597402725000052 48.149694393000061)","Unfall 159825 (2020) Kat:2, Licht: 1","159825","2","7","0","02","06","5","2","1","1","0","0","0"
"POINT (11.586714721000021 48.137580117000027)","Unfall 159826 (2020) Kat:3, Licht: 1","159826","3","7","6","02","20","3","1","1","0","1","1","0"
"POINT (11.414949446000037 48.160017434000054)","Unfall 159828 (2020) Kat:3, Licht: 0","159828","3","7","4","02","07","3","1","0","0","1","0","0"
"POINT (11.578840573000036 48.110573751000061)","Unfall 159830 (2020) Kat:3, Licht: 2","159830","3","4","6","02","18","3","1","2","0","1","1","0"
"POINT (11.529341861000034 48.181758210000055)","Unfall 159835 (2020) Kat:3, Licht: 0","159835","3","7","6","02","16","5","0","0","0","1","1","0"
"POINT (11.614736469000036 48.139255421000030)","Unfall 159836 (2020) Kat:3, Licht: 2","159836","3","2","5","02","18","3","1","2","1","1","0","0"
"POINT (11.574611467000068 48.126962194000043)","Unfall 159837 (2020) Kat:3, Licht: 0","159837","3","1","0","02","17","7","0","0","1","0","0","0"
"POINT (11.549567017000072 48.145897404000038)","Unfall 159838 (2020) Kat:3, Licht: 0","159838","3","2","2","02","17","3","1","0","1","1","0","0"
"POINT (11.582756880000034 48.153652984000075)","Unfall 159847 (2020) Kat:3, Licht: 0","159847","3","6","3","02","11","3","1","0","0","1","0","0"
"POINT (11.645219743000041 48.098928048000062)","Unfall 159848 (2020) Kat:3, Licht: 0","159848","3","3","5","02","15","7","0","0","1","1","0","0"
"POINT (11.579062321000038 48.132200239000042)","Unfall 159850 (2020) Kat:2, Licht: 0","159850","2","3","5","02","08","6","0","0","0","1","0","0"
"POINT (11.580773034000060 48.145828813000037)","Unfall 159852 (2020) Kat:3, Licht: 0","159852","3","7","6","02","10","2","0","0","0","0","1","0"
"POINT (11.576947606000033 48.138957264000055)","Unfall 159856 (2020) Kat:3, Licht: 0","159856","3","6","4","02","16","3","0","0","1","0","0","0"
"POINT (11.563964594000026 48.124357106000048)","Unfall 159892 (2020) Kat:3, Licht: 0","159892","3","4","6","02","14","3","0","0","0","1","1","0"
"POINT (11.577767784000059 48.142990159000078)","Unfall 159895 (2020) Kat:3, Licht: 2","159895","3","7","0","02","19","6","0","2","1","0","0","0"
"POINT (11.559565541000040 48.137410352000074)","Unfall 159896 (2020) Kat:2, Licht: 2","159896","2","7","0","02","19","6","0","2","1","1","0","0"
"POINT (11.528739295000037 48.208993150000026)","Unfall 159897 (2020) Kat:2, Licht: 1","159897","2","6","5","02","06","3","0","1","1","1","0","0"
"POINT (11.562169668000024 48.125012150000032)","Unfall 159898 (2020) Kat:3, Licht: 0","159898","3","6","2","02","11","6","0","0","0","1","0","0"
"POINT (11.542954815000030 48.205879059000040)","Unfall 159900 (2020) Kat:3, Licht: 0","159900","3","6","7","02","09","6","0","0","0","1","0","0"
"POINT (11.509661443000027 48.154251420000037)","Unfall 159902 (2020) Kat:3, Licht: 0","159902","3","2","5","02","14","3","0","0","0","1","0","0"
"POINT (11.586177066000062 48.169997817000080)","Unfall 159903 (2020) Kat:3, Licht: 2","159903","3","1","0","02","01","6","1","2","1","0","0","0"
"POINT (11.575467244000038 48.154547142000069)","Unfall 159904 (2020) Kat:3, Licht: 2","159904","3","1","0","02","02","6","1","2","0","0","0","0"
"POINT (11.476588276000030 48.113314480000042)","Unfall 159905 (2020) Kat:3, Licht: 0","159905","3","7","1","02","15","6","0","0","0","1","0","0"
"POINT (11.478151023000066 48.119721142000060)","Unfall 159906 (2020) Kat:3, Licht: 0","159906","3","5","1","02","15","6","0","0","0","1","0","0"
"POINT (11.548704321000059 48.112214681000069)","Unfall 159907 (2020) Kat:2, Licht: 2","159907","2","6","3","02","20","3","0","2","0","1","0","1"
"POINT (11.659761715000059 48.132398768000030)","Unfall 159908 (2020) Kat:3, Licht: 0","159908","3","5","5","02","17","6","0","0","0","1","0","0"
"POINT (11.548408504000065 48.115849957000080)","Unfall 159910 (2020) Kat:3, Licht: 0","159910","3","6","2","02","13","6","0","0","1","0","0","0"
"POINT (11.584641569000041 48.155400889000077)","Unfall 159912 (2020) Kat:3, Licht: 0","159912","3","4","6","02","17","6","0","0","0","1","1","0"
"POINT (11.576245987000050 48.112070905000053)","Unfall 159913 (2020) Kat:1, Licht: 0","159913","1","4","6","02","12","3","0","0","0","0","1","0"
"POINT (11.464809380000077 48.140277827000034)","Unfall 159915 (2020) Kat:3, Licht: 2","159915","3","7","0","02","18","3","0","2","0","0","0","1"
"POINT (11.462614288000054 48.197440871000026)","Unfall 159917 (2020) Kat:3, Licht: 0","159917","3","7","0","02","17","3","0","0","1","0","0","0"
"POINT (11.563143750000052 48.207240656000067)","Unfall 159919 (2020) Kat:3, Licht: 2","159919","3","3","5","02","18","3","0","2","1","1","0","0"
"POINT (11.532786025000064 48.155107681000061)","Unfall 159921 (2020) Kat:3, Licht: 0","159921","3","7","3","02","13","3","0","0","1","0","0","0"
"POINT (11.529474453000034 48.101011914000026)","Unfall 159927 (2020) Kat:3, Licht: 0","159927","3","1","0","02","12","3","0","0","1","0","0","0"
"POINT (11.621410689000072 48.153121961000068)","Unfall 159929 (2020) Kat:3, Licht: 0","159929","3","6","3","02","14","3","0","0","1","1","0","0"
"POINT (11.598037254000076 48.136413697000080)","Unfall 159937 (2020) Kat:3, Licht: 0","159937","3","3","5","02","09","3","0","0","1","0","0","1"
"POINT (11.531923259000052 48.130092062000074)","Unfall 159939 (2020) Kat:3, Licht: 0","159939","3","2","6","02","16","3","0","0","0","1","1","0"
"POINT (11.527787572000022 48.120506092000028)","Unfall 159944 (2020) Kat:3, Licht: 0","159944","3","7","3","02","08","3","0","0","0","1","0","1"
"POINT (11.575955712000052 48.156260358000054)","Unfall 159948 (2020) Kat:3, Licht: 2","159948","3","7","5","02","19","3","0","2","1","1","0","0"
"POINT (11.556942593000031 48.143741132000059)","Unfall 159967 (2020) Kat:3, Licht: 2","159967","3","3","5","02","18","5","0","2","0","1","0","0"
"POINT (11.454179770000053 48.154566138000064)","Unfall 159969 (2020) Kat:2, Licht: 0","159969","2","3","5","02","14","5","0","0","1","1","0","0"
"POINT (11.417300350000062 48.146553992000065)","Unfall 159971 (2020) Kat:3, Licht: 0","159971","3","3","5","02","11","5","0","0","1","0","0","0"
"POINT (11.565832587000045 48.189450991000058)","Unfall 159972 (2020) Kat:3, Licht: 0","159972","3","3","5","02","07","5","0","0","1","1","0","0"
"POINT (11.622639456000059 48.100900261000049)","Unfall 159975 (2020) Kat:3, Licht: 0","159975","3","6","2","02","07","5","0","0","0","1","0","0"
"POINT (11.573069620000069 48.150715837000064)","Unfall 159978 (2020) Kat:3, Licht: 0","159978","3","4","6","02","11","5","0","0","0","1","1","0"
"POINT (11.593195159000061 48.201762280000025)","Unfall 159979 (2020) Kat:3, Licht: 0","159979","3","4","6","02","13","5","0","0","0","1","1","0"
"POINT (11.502975265000032 48.126212327000076)","Unfall 159981 (2020) Kat:3, Licht: 0","159981","3","2","6","02","13","5","0","0","0","1","1","0"
"POINT (11.609942553000053 48.118277304000060)","Unfall 159983 (2020) Kat:3, Licht: 2","159983","3","4","6","02","17","5","0","2","0","1","1","0"
"POINT (11.559701886000028 48.137408899000036)","Unfall 159984 (2020) Kat:3, Licht: 2","159984","3","7","0","02","01","5","0","2","1","1","0","0"
"POINT (11.593219749000070 48.144084762000034)","Unfall 159991 (2020) Kat:3, Licht: 0","159991","3","7","2","02","08","7","0","0","0","1","1","0"
"POINT (11.532400304000021 48.184800683000049)","Unfall 160002 (2020) Kat:3, Licht: 2","160002","3","2","4","02","20","7","0","2","1","1","0","0"
"POINT (11.567244567000046 48.130816823000032)","Unfall 160004 (2020) Kat:3, Licht: 2","160004","3","7","0","02","03","1","1","2","0","0","0","0"
"POINT (11.558404158000030 48.128553025000031)","Unfall 160006 (2020) Kat:2, Licht: 0","160006","2","6","3","02","11","1","0","0","1","0","0","0"
"POINT (11.511669318000031 48.160430023000060)","Unfall 160012 (2020) Kat:3, Licht: 0","160012","3","3","5","02","12","7","0","0","1","1","0","0"
"POINT (11.565030865000040 48.167888000000062)","Unfall 160047 (2020) Kat:3, Licht: 2","160047","3","3","5","02","18","1","0","2","0","1","0","0"
"POINT (11.532753246000027 48.154905936000034)","Unfall 160052 (2020) Kat:3, Licht: 0","160052","3","2","5","02","14","7","0","0","0","1","0","0"
"POINT (11.646299385000077 48.106247986000028)","Unfall 160055 (2020) Kat:3, Licht: 0","160055","3","6","1","02","16","7","0","0","0","1","0","0"
"POINT (11.543546134000053 48.200788040000077)","Unfall 160056 (2020) Kat:3, Licht: 2","160056","3","7","0","02","18","4","0","2","0","0","0","0"
"POINT (11.530010314000037 48.092334749000031)","Unfall 160057 (2020) Kat:2, Licht: 0","160057","2","4","6","02","16","4","1","0","0","1","1","0"
"POINT (11.598703825000030 48.141026400000044)","Unfall 160058 (2020) Kat:3, Licht: 0","160058","3","2","4","02","12","4","0","0","0","1","0","0"
"POINT (11.423577105000049 48.174229267000044)","Unfall 160059 (2020) Kat:3, Licht: 0","160059","3","6","2","02","14","4","0","0","0","1","0","0"
"POINT (11.449982099000067 48.173996202000069)","Unfall 160061 (2020) Kat:3, Licht: 0","160061","3","3","5","02","08","4","0","0","0","1","0","0"
"POINT (11.595203062000053 48.174128681000070)","Unfall 160063 (2020) Kat:3, Licht: 0","160063","3","3","5","02","07","4","0","0","1","1","0","0"
"POINT (11.568061421000039 48.150043825000068)","Unfall 160065 (2020) Kat:3, Licht: 0","160065","3","1","0","02","13","4","1","0","1","1","0","0"
"POINT (11.462575624000067 48.150457167000070)","Unfall 160066 (2020) Kat:3, Licht: 0","160066","3","7","0","02","14","4","1","0","1","0","0","0"
"POINT (11.558722343000056 48.204396339000027)","Unfall 160068 (2020) Kat:3, Licht: 0","160068","3","3","4","02","15","4","0","0","1","1","0","0"
"POINT (11.548324956000044 48.117434134000064)","Unfall 160069 (2020) Kat:3, Licht: 1","160069","3","6","1","02","16","4","0","1","0","1","0","0"
"POINT (11.571433023000054 48.141615360000060)","Unfall 160071 (2020) Kat:3, Licht: 0","160071","3","3","5","02","08","4","0","0","1","1","0","0"
"POINT (11.565854314000035 48.139545535000082)","Unfall 160073 (2020) Kat:3, Licht: 0","160073","3","3","5","02","08","4","0","0","1","1","0","0"
"POINT (11.609391802000061 48.136315282000055)","Unfall 160104 (2020) Kat:2, Licht: 0","160104","2","3","5","02","10","1","1","0","1","1","0","0"
"POINT (11.581151401000056 48.124413951000065)","Unfall 160106 (2020) Kat:3, Licht: 0","160106","3","6","1","02","14","1","0","0","0","1","0","0"
"POINT (11.579083410000067 48.187754314000074)","Unfall 160113 (2020) Kat:3, Licht: 0","160113","3","6","2","02","17","5","1","0","0","1","0","0"
"POINT (11.617026834000058 48.148821485000042)","Unfall 160115 (2020) Kat:3, Licht: 0","160115","3","3","5","02","15","4","1","0","0","1","0","0"
"POINT (11.636626059000037 48.103141611000069)","Unfall 160134 (2020) Kat:3, Licht: 2","160134","3","3","5","02","23","7","1","2","0","1","0","0"
"POINT (11.589729158000068 48.137245629000063)","Unfall 160140 (2020) Kat:3, Licht: 1","160140","3","2","3","03","17","1","0","1","1","1","0","0"
"POINT (11.646100690000026 48.100905595000029)","Unfall 160141 (2020) Kat:2, Licht: 2","160141","2","4","6","02","20","3","0","2","0","1","1","0"
"POINT (11.560043876000066 48.137436057000059)","Unfall 160144 (2020) Kat:3, Licht: 2","160144","3","3","5","02","17","3","1","2","0","1","0","0"
"POINT (11.467020968000043 48.189853595000045)","Unfall 160148 (2020) Kat:3, Licht: 0","160148","3","6","0","02","16","6","0","0","0","1","0","0"
"POINT (11.547408556000050 48.159902426000031)","Unfall 160149 (2020) Kat:3, Licht: 2","160149","3","7","0","02","02","3","0","2","1","0","0","0"
"POINT (11.585643829000048 48.202628390000029)","Unfall 160152 (2020) Kat:3, Licht: 0","160152","3","1","4","03","11","1","0","0","0","1","0","0"
"POINT (11.586323199000049 48.167976211000052)","Unfall 160153 (2020) Kat:2, Licht: 0","160153","2","7","0","02","10","4","0","0","0","0","1","0"
"POINT (11.536606323000058 48.151824507000072)","Unfall 160154 (2020) Kat:3, Licht: 0","160154","3","2","3","02","11","3","0","0","1","1","0","0"
"POINT (11.502592342000071 48.125475352000080)","Unfall 160160 (2020) Kat:3, Licht: 0","160160","3","2","5","02","06","3","0","0","1","1","0","0"
"POINT (11.590700549000076 48.130731247000028)","Unfall 160162 (2020) Kat:2, Licht: 2","160162","2","4","6","02","19","5","1","2","0","1","1","0"
"POINT (11.549772450000034 48.138271098000075)","Unfall 160169 (2020) Kat:3, Licht: 2","160169","3","4","6","02","22","3","0","2","0","1","1","0"
"POINT (11.568615645000023 48.141175094000062)","Unfall 160171 (2020) Kat:3, Licht: 0","160171","3","6","3","02","11","3","0","0","0","1","0","1"
"POINT (11.561873868000077 48.172616670000082)","Unfall 160185 (2020) Kat:3, Licht: 0","160185","3","6","2","02","13","7","0","0","0","1","0","0"
"POINT (11.459582233000049 48.164715657000045)","Unfall 160196 (2020) Kat:3, Licht: 2","160196","3","6","2","02","18","6","0","2","0","1","0","0"
"POINT (11.616581167000049 48.138112982000052)","Unfall 160199 (2020) Kat:2, Licht: 0","160199","2","4","6","02","14","5","0","0","0","0","1","0"
"POINT (11.550126611000053 48.149268800000073)","Unfall 160200 (2020) Kat:3, Licht: 0","160200","3","3","5","02","08","6","1","0","1","1","0","0"
"POINT (11.594617112000037 48.164573165000036)","Unfall 160204 (2020) Kat:3, Licht: 2","160204","3","2","4","03","18","1","0","2","0","1","0","0"
"POINT (11.511635581000064 48.135132037000062)","Unfall 160206 (2020) Kat:1, Licht: 2","160206","1","4","6","02","22","4","1","2","0","1","1","0"
"POINT (11.492381424000030 48.098125099000072)","Unfall 160212 (2020) Kat:3, Licht: 2","160212","3","7","0","02","22","5","1","2","0","1","1","0"
"POINT (11.634959252000044 48.137910631000068)","Unfall 160215 (2020) Kat:3, Licht: 0","160215","3","2","3","02","09","4","0","0","1","1","0","0"
"POINT (11.551193126000044 48.100668393000035)","Unfall 160216 (2020) Kat:2, Licht: 0","160216","2","6","2","03","16","1","0","0","1","1","0","0"
"POINT (11.570528927000055 48.142756664000046)","Unfall 160217 (2020) Kat:3, Licht: 0","160217","3","3","5","02","12","4","0","0","0","1","0","0"
"POINT (11.559497224000040 48.137411080000049)","Unfall 160226 (2020) Kat:3, Licht: 0","160226","3","3","5","02","07","4","0","0","1","1","0","0"
"POINT (11.566339829000071 48.164345952000076)","Unfall 160239 (2020) Kat:2, Licht: 0","160239","2","3","5","02","08","4","0","0","1","1","0","0"
"POINT (11.568455355000026 48.131349750000027)","Unfall 160252 (2020) Kat:2, Licht: 0","160252","2","5","1","02","11","7","0","0","1","1","0","0"
"POINT (11.588382269000022 48.094861179000077)","Unfall 160253 (2020) Kat:3, Licht: 0","160253","3","3","5","02","09","6","1","0","0","1","0","0"
"POINT (11.490846105000060 48.134817500000054)","Unfall 160258 (2020) Kat:2, Licht: 2","160258","2","5","1","03","00","1","1","2","0","1","0","0"
"POINT (11.572431154000071 48.120633327000064)","Unfall 160264 (2020) Kat:3, Licht: 0","160264","3","3","5","02","10","6","0","0","0","1","0","0"
"POINT (11.450123135000069 48.150932394000051)","Unfall 160268 (2020) Kat:3, Licht: 0","160268","3","6","0","02","16","5","1","0","0","1","1","0"
"POINT (11.410015110000074 48.136828609000077)","Unfall 160270 (2020) Kat:3, Licht: 0","160270","3","7","4","02","08","4","0","0","0","1","0","0"
"POINT (11.574554317000036 48.153014831000064)","Unfall 160292 (2020) Kat:3, Licht: 2","160292","3","7","3","02","21","7","0","2","1","1","0","0"
"POINT (11.579371872000024 48.146849875000044)","Unfall 160293 (2020) Kat:3, Licht: 0","160293","3","2","5","02","12","6","0","0","1","0","0","0"
"POINT (11.511118496000051 48.171159454000076)","Unfall 160304 (2020) Kat:3, Licht: 0","160304","3","1","2","02","16","6","0","0","0","1","0","0"
"POINT (11.518201129000033 48.089844063000044)","Unfall 160307 (2020) Kat:3, Licht: 0","160307","3","3","5","02","08","5","1","0","0","1","0","0"
"POINT (11.639479650000055 48.109082892000060)","Unfall 160308 (2020) Kat:3, Licht: 2","160308","3","2","0","03","19","1","1","2","0","1","1","0"
"POINT (11.553383411000027 48.137482726000030)","Unfall 160309 (2020) Kat:2, Licht: 0","160309","2","2","0","02","11","4","0","0","0","0","1","0"
"POINT (11.558699947000036 48.146606444000042)","Unfall 160312 (2020) Kat:3, Licht: 2","160312","3","2","3","03","01","1","1","2","1","1","0","0"
"POINT (11.558295815000065 48.161261527000079)","Unfall 160319 (2020) Kat:3, Licht: 2","160319","3","3","5","02","21","5","1","2","1","1","0","0"
"POINT (11.658161766000035 48.126757098000041)","Unfall 160323 (2020) Kat:3, Licht: 0","160323","3","6","4","02","16","2","0","0","1","1","0","0"
"POINT (11.483008053000049 48.130012612000030)","Unfall 160325 (2020) Kat:3, Licht: 2","160325","3","1","8","02","04","2","1","2","0","1","0","0"
"POINT (11.553804785000068 48.127249060000054)","Unfall 160328 (2020) Kat:3, Licht: 0","160328","3","5","2","02","14","2","1","0","0","1","0","0"
"POINT (11.585680293000053 48.173200753000060)","Unfall 160333 (2020) Kat:3, Licht: 0","160333","3","7","0","02","11","2","0","0","0","1","0","0"
"POINT (11.568920650000052 48.105056380000065)","Unfall 160336 (2020) Kat:3, Licht: 2","160336","3","5","1","02","01","2","1","2","0","1","0","0"
"POINT (11.554285957000047 48.130689887000074)","Unfall 160341 (2020) Kat:3, Licht: 2","160341","3","6","3","02","23","2","0","2","1","0","0","0"
"POINT (11.566639069000075 48.184561347000056)","Unfall 160346 (2020) Kat:3, Licht: 2","160346","3","3","5","02","05","2","1","2","1","1","0","0"
"POINT (11.547669237000036 48.137718163000045)","Unfall 160348 (2020) Kat:3, Licht: 0","160348","3","4","0","02","10","2","1","0","0","0","1","1"
"POINT (11.383746222000070 48.163426209000079)","Unfall 160352 (2020) Kat:3, Licht: 2","160352","3","6","4","02","19","6","0","2","0","1","0","0"
"POINT (11.584763896000027 48.111735880000026)","Unfall 160353 (2020) Kat:3, Licht: 0","160353","3","3","5","02","11","7","0","0","0","1","0","0"
"POINT (11.565230103000033 48.192737402000034)","Unfall 160354 (2020) Kat:3, Licht: 0","160354","3","2","4","02","11","6","1","0","0","1","0","0"
"POINT (11.588223765000066 48.167407433000051)","Unfall 160355 (2020) Kat:3, Licht: 0","160355","3","2","3","02","10","2","1","0","1","1","0","0"
"POINT (11.517908753000029 48.138840886000025)","Unfall 160359 (2020) Kat:3, Licht: 2","160359","3","5","1","03","05","1","1","2","0","1","0","0"
"POINT (11.567044159000034 48.140764246000060)","Unfall 160365 (2020) Kat:3, Licht: 0","160365","3","1","0","02","14","2","0","0","1","0","0","0"
"POINT (11.516724576000058 48.113258433000055)","Unfall 160366 (2020) Kat:3, Licht: 2","160366","3","3","5","02","18","5","1","2","0","1","0","0"
"POINT (11.598607367000056 48.140916260000040)","Unfall 160398 (2020) Kat:3, Licht: 0","160398","3","3","5","03","16","7","0","0","0","1","0","0"
"POINT (11.613053608000030 48.120874457000070)","Unfall 160399 (2020) Kat:3, Licht: 0","160399","3","2","6","03","10","2","1","0","0","1","1","0"
"POINT (11.643544516000077 48.086257409000041)","Unfall 160400 (2020) Kat:3, Licht: 0","160400","3","3","5","03","08","3","1","0","1","1","0","0"
"POINT (11.477373138000075 48.108633685000029)","Unfall 160401 (2020) Kat:3, Licht: 0","160401","3","3","5","03","16","7","1","0","0","1","0","0"
"POINT (11.472138391000044 48.186331278000068)","Unfall 160402 (2020) Kat:2, Licht: 0","160402","2","3","5","03","10","7","1","0","1","1","0","0"
"POINT (11.448448305000056 48.196873036000056)","Unfall 160403 (2020) Kat:3, Licht: 2","160403","3","1","0","03","18","7","1","2","1","0","0","0"
"POINT (11.576065358000051 48.184279561000039)","Unfall 160404 (2020) Kat:3, Licht: 0","160404","3","3","5","03","14","7","0","0","0","1","0","0"
"POINT (11.583889532000057 48.136104372000034)","Unfall 160405 (2020) Kat:3, Licht: 0","160405","3","6","2","03","09","3","1","0","0","1","0","0"
"POINT (11.582260527000074 48.119661103000055)","Unfall 160407 (2020) Kat:3, Licht: 2","160407","3","7","0","03","01","7","0","2","0","0","0","0"
"POINT (11.657368716000065 48.127129788000047)","Unfall 160409 (2020) Kat:3, Licht: 0","160409","3","6","3","03","10","7","0","0","0","1","0","1"
"POINT (11.496910346000050 48.176938176000078)","Unfall 160411 (2020) Kat:3, Licht: 0","160411","3","3","5","03","16","3","1","0","0","1","0","0"
"POINT (11.613102782000055 48.138292850000028)","Unfall 160412 (2020) Kat:3, Licht: 0","160412","3","3","5","03","12","7","1","0","0","1","0","0"
"POINT (11.550988710000070 48.125787320000029)","Unfall 160413 (2020) Kat:3, Licht: 0","160413","3","4","6","03","15","7","0","0","1","0","1","0"
"POINT (11.570405977000064 48.130890666000028)","Unfall 160414 (2020) Kat:3, Licht: 2","160414","3","1","0","03","03","7","1","2","1","0","0","0"
"POINT (11.582165654000050 48.138736974000039)","Unfall 160415 (2020) Kat:2, Licht: 1","160415","2","3","5","03","18","7","0","1","1","1","0","0"
"POINT (11.604758342000025 48.105352243000027)","Unfall 160416 (2020) Kat:3, Licht: 2","160416","3","4","6","03","19","3","1","2","0","1","1","0"
"POINT (11.555404700000054 48.165039051000065)","Unfall 160421 (2020) Kat:3, Licht: 0","160421","3","7","1","03","16","3","0","0","1","0","0","0"
"POINT (11.558489298000040 48.139318526000068)","Unfall 160423 (2020) Kat:3, Licht: 2","160423","3","3","5","03","17","3","0","2","1","1","1","0"
"POINT (11.621558119000042 48.157227115000069)","Unfall 160425 (2020) Kat:3, Licht: 1","160425","3","3","4","03","07","3","1","1","1","1","0","0"
"POINT (11.521061662000022 48.149935490000075)","Unfall 160427 (2020) Kat:3, Licht: 0","160427","3","3","0","03","08","3","1","0","0","1","0","1"
"POINT (11.564982068000063 48.167987675000063)","Unfall 160429 (2020) Kat:3, Licht: 2","160429","3","2","5","03","19","3","0","2","1","1","0","0"
"POINT (11.614416086000062 48.136768667000069)","Unfall 160435 (2020) Kat:3, Licht: 0","160435","3","6","2","03","07","3","1","0","0","1","0","0"
"POINT (11.602272703000040 48.115886397000054)","Unfall 160437 (2020) Kat:3, Licht: 1","160437","3","2","6","03","06","3","1","1","0","1","1","0"
"POINT (11.594500773000050 48.118230232000030)","Unfall 160444 (2020) Kat:2, Licht: 0","160444","2","1","0","03","17","3","1","0","1","0","0","0"
"POINT (11.586507200000028 48.125687870000036)","Unfall 160446 (2020) Kat:3, Licht: 2","160446","3","7","3","03","18","2","0","2","1","1","0","0"
"POINT (11.531365662000042 48.146911942000031)","Unfall 160455 (2020) Kat:3, Licht: 0","160455","3","2","5","03","13","6","0","0","0","1","0","0"
"POINT (11.594648692000021 48.142233470000065)","Unfall 160457 (2020) Kat:2, Licht: 0","160457","2","5","3","03","17","1","0","0","0","1","0","1"
"POINT (11.566948388000071 48.134776508000073)","Unfall 160458 (2020) Kat:3, Licht: 0","160458","3","7","1","03","09","6","0","0","0","1","0","0"
"POINT (11.557276796000053 48.136372311000059)","Unfall 160459 (2020) Kat:3, Licht: 0","160459","3","5","1","03","17","2","0","0","1","1","0","0"
"POINT (11.569740937000063 48.144651471000032)","Unfall 160460 (2020) Kat:3, Licht: 0","160460","3","6","3","03","15","6","0","0","0","1","0","1"
"POINT (11.504868778000059 48.126070023000068)","Unfall 160461 (2020) Kat:3, Licht: 0","160461","3","6","1","03","14","6","0","0","0","1","0","0"
"POINT (11.590216682000062 48.131226212000058)","Unfall 160463 (2020) Kat:3, Licht: 0","160463","3","2","5","03","12","6","0","0","1","1","0","0"
"POINT (11.578487784000060 48.137718617000075)","Unfall 160464 (2020) Kat:3, Licht: 0","160464","3","4","6","03","16","6","0","0","1","0","1","0"
"POINT (11.558603674000040 48.097787146000030)","Unfall 160466 (2020) Kat:2, Licht: 0","160466","2","7","3","03","10","1","0","0","1","1","0","0"
"POINT (11.576617107000061 48.205315355000039)","Unfall 160497 (2020) Kat:3, Licht: 0","160497","3","3","5","03","14","1","0","0","0","1","0","0"
"POINT (11.419754397000077 48.151939559000027)","Unfall 160499 (2020) Kat:3, Licht: 0","160499","3","3","5","03","11","2","1","0","0","1","0","0"
"POINT (11.539824425000063 48.211820064000051)","Unfall 160510 (2020) Kat:3, Licht: 0","160510","3","3","5","03","17","1","0","0","1","1","0","0"
"POINT (11.588334511000028 48.115411238000036)","Unfall 160518 (2020) Kat:3, Licht: 0","160518","3","2","3","03","16","5","1","0","1","1","0","0"
"POINT (11.564645147000022 48.136951919000069)","Unfall 160519 (2020) Kat:3, Licht: 2","160519","3","4","6","03","23","5","0","2","1","0","1","0"
"POINT (11.475212920000047 48.125638742000035)","Unfall 160521 (2020) Kat:3, Licht: 0","160521","3","2","6","03","14","1","0","0","0","1","1","0"
"POINT (11.536191208000048 48.100238743000034)","Unfall 160522 (2020) Kat:3, Licht: 0","160522","3","7","0","03","08","5","0","0","0","0","1","0"
"POINT (11.506718716000023 48.098609025000030)","Unfall 160524 (2020) Kat:3, Licht: 2","160524","3","3","6","03","06","5","0","2","0","0","1","0"
"POINT (11.578702407000037 48.126731735000078)","Unfall 160525 (2020) Kat:3, Licht: 2","160525","3","7","6","03","18","5","1","2","1","0","1","0"
"POINT (11.530133171000045 48.119833592000077)","Unfall 160527 (2020) Kat:3, Licht: 2","160527","3","3","5","03","18","5","1","2","0","1","0","0"
"POINT (11.561091055000077 48.158568725000066)","Unfall 160529 (2020) Kat:3, Licht: 1","160529","3","2","6","03","18","5","1","1","0","1","1","0"
"POINT (11.615800723000063 48.198902176000047)","Unfall 160531 (2020) Kat:3, Licht: 2","160531","3","2","5","03","20","5","1","2","0","1","0","0"
"POINT (11.502802180000060 48.124826622000057)","Unfall 160532 (2020) Kat:3, Licht: 0","160532","3","6","2","03","07","5","1","0","1","0","0","0"
"POINT (11.603129559000024 48.124572644000068)","Unfall 160536 (2020) Kat:3, Licht: 2","160536","3","7","1","03","19","5","1","2","1","1","0","0"
"POINT (11.558162149000054 48.136363548000077)","Unfall 160537 (2020) Kat:3, Licht: 0","160537","3","4","6","03","16","5","1","0","0","1","1","0"
"POINT (11.575245148000022 48.119358854000041)","Unfall 160550 (2020) Kat:3, Licht: 0","160550","3","6","3","03","11","2","0","0","1","0","0","0"
"POINT (11.554229394000060 48.137484867000069)","Unfall 160552 (2020) Kat:3, Licht: 2","160552","3","5","1","03","19","2","0","2","1","1","0","0"
"POINT (11.600021726000023 48.119514345000027)","Unfall 160559 (2020) Kat:3, Licht: 0","160559","3","2","3","03","11","2","0","0","1","1","0","0"
"POINT (11.522267399000043 48.139909556000077)","Unfall 160560 (2020) Kat:3, Licht: 2","160560","3","4","6","03","00","1","0","2","0","1","1","0"
"POINT (11.658759619000023 48.101134129000059)","Unfall 160567 (2020) Kat:3, Licht: 0","160567","3","2","5","03","08","2","0","0","1","1","0","0"
"POINT (11.574472771000046 48.174658476000047)","Unfall 160576 (2020) Kat:3, Licht: 0","160576","3","3","5","03","16","4","0","0","0","1","0","0"
"POINT (11.660465975000022 48.133249723000063)","Unfall 160577 (2020) Kat:3, Licht: 0","160577","3","6","2","03","13","4","0","0","0","1","0","0"
"POINT (11.584006985000030 48.105557414000032)","Unfall 160578 (2020) Kat:3, Licht: 0","160578","3","4","6","03","14","2","0","0","0","1","1","0"
"POINT (11.565833746000067 48.189441383000030)","Unfall 160580 (2020) Kat:3, Licht: 2","160580","3","2","3","03","06","4","1","2","1","1","0","0"