WKT,Name,OBJECTID,UKATEGORIE,UTYP1,UART,UMONAT,USTUNDE,UWOCHENTAG,STRZUSTAND,ULICHTVERH,ISTRAD,ISTPKW,ISTFUSS,ISTKRAD
"POINT (11.489803357000028 48.179399803000081)","Unfall 160581 (2020) Kat:2, Licht: 2","160581","2","2","6","03","20","2","1","2","0","1","1","0"
"POINT (11.552911826000070 48.155040340000028)","Unfall 160583 (2020) Kat:3, Licht: 0","160583","3","6","2","03","15","2","0","0","0","1","0","0"
"POINT (11.561444194000046 48.139427258000069)","Unfall 160584 (2020) Kat:3, Licht: 0","160584","3","6","2","03","15","4","0","0","1","1","0","0"
"POINT (11.498512310000024 48.127830840000058)","Unfall 160585 (2020) Kat:3, Licht: 0","160585","3","4","6","03","07","4","1","0","0","1","1","0"
"POINT (11.574853429000029 48.108041115000049)","Unfall 160587 (2020) Kat:3, Licht: 2","160587","3","2","3","03","19","4","0","2","1","1","0","0"
"POINT (11.514682849000053 48.086785633000034)","Unfall 160589 (2020) Kat:3, Licht: 0","160589","3","3","5","03","12","2","0","0","0","1","0","0"
"POINT (11.590719218000061 48.130717364000077)","Unfall 160591 (2020) Kat:3, Licht: 0","160591","3","7","0","03","14","2","0","0","1","1","0","0"
"POINT (11.544185842000047 48.138386090000040)","Unfall 160595 (2020) Kat:3, Licht: 2","160595","3","4","6","03","19","2","0","2","1","0","1","0"
"POINT (11.581084446000034 48.168144033000033)","Unfall 160600 (2020) Kat:3, Licht: 2","160600","3","5","1","03","19","2","0","2","1","1","0","0"
"POINT (11.578535995000038 48.144708609000077)","Unfall 160603 (2020) Kat:3, Licht: 0","160603","3","6","1","03","17","2","0","0","0","1","0","0"
"POINT (11.488445253000066 48.136561291000078)","Unfall 160632 (2020) Kat:3, Licht: 0","160632","3","7","0","03","12","5","0","0","0","1","0","0"
"POINT (11.697361543000056 48.104391743000065)","Unfall 160633 (2020) Kat:3, Licht: 0","160633","3","3","5","03","16","3","1","0","0","1","0","0"
"POINT (11.511401610000064 48.079837279000060)","Unfall 160641 (2020) Kat:3, Licht: 0","160641","3","3","5","03","16","5","0","0","0","1","0","0"
"POINT (11.615074035000077 48.112146882000047)","Unfall 160643 (2020) Kat:2, Licht: 2","160643","2","2","5","03","19","5","1","2","0","1","0","0"
"POINT (11.579549041000064 48.115191911000068)","Unfall 160644 (2020) Kat:3, Licht: 0","160644","3","2","5","03","14","1","0","0","0","1","0","0"
"POINT (11.623660018000066 48.126689413000065)","Unfall 160645 (2020) Kat:3, Licht: 2","160645","3","5","1","03","01","7","0","2","0","1","0","0"
"POINT (11.576070390000041 48.184396607000053)","Unfall 160648 (2020) Kat:3, Licht: 0","160648","3","2","5","03","18","5","0","0","1","1","0","0"
"POINT (11.574137025000027 48.120128823000073)","Unfall 160652 (2020) Kat:3, Licht: 0","160652","3","2","4","03","10","5","0","0","1","1","0","0"
"POINT (11.488405700000044 48.164098230000036)","Unfall 160655 (2020) Kat:3, Licht: 0","160655","3","3","5","03","09","5","0","0","1","1","0","0"
"POINT (11.547347331000026 48.159910142000058)","Unfall 160657 (2020) Kat:3, Licht: 0","160657","3","2","2","03","14","5","0","0","0","1","0","0"
"POINT (11.548857930000054 48.125600442000064)","Unfall 160658 (2020) Kat:3, Licht: 0","160658","3","1","0","03","13","1","0","0","1","0","0","0"
"POINT (11.612809354000035 48.120186817000047)","Unfall 160660 (2020) Kat:3, Licht: 0","160660","3","2","4","03","12","6","0","0","0","1","0","0"
"POINT (11.632349524000063 48.099659074000044)","Unfall 160662 (2020) Kat:3, Licht: 0","160662","3","4","6","03","10","5","0","0","0","0","1","0"
"POINT (11.490546124000048 48.116018209000060)","Unfall 160667 (2020) Kat:3, Licht: 1","160667","3","1","4","03","06","5","0","1","1","1","0","0"
"POINT (11.566522765000059 48.123450995000042)","Unfall 160672 (2020) Kat:3, Licht: 2","160672","3","7","4","03","04","6","1","2","1","1","0","0"
"POINT (11.549065787000075 48.144373473000030)","Unfall 160673 (2020) Kat:3, Licht: 0","160673","3","2","4","03","16","3","1","0","1","1","0","0"
"POINT (11.678294685000026 48.119675884000060)","Unfall 160679 (2020) Kat:3, Licht: 0","160679","3","6","1","03","09","5","0","0","1","1","0","0"
"POINT (11.560333124000067 48.141219993000050)","Unfall 160682 (2020) Kat:3, Licht: 0","160682","3","3","3","03","11","5","0","0","0","1","0","0"
"POINT (11.581643536000058 48.151005896000072)","Unfall 160684 (2020) Kat:3, Licht: 1","160684","3","4","6","03","18","5","0","1","1","0","1","0"
"POINT (11.551199700000041 48.135733854000080)","Unfall 160686 (2020) Kat:3, Licht: 0","160686","3","2","3","03","10","5","0","0","1","1","0","0"
"POINT (11.566062220000049 48.153932707000081)","Unfall 160687 (2020) Kat:3, Licht: 0","160687","3","3","5","03","11","3","1","0","0","1","0","1"
"POINT (11.578899766000063 48.145321142000057)","Unfall 160697 (2020) Kat:2, Licht: 0","160697","2","3","5","03","16","1","0","0","0","1","0","0"
"POINT (11.475818095000022 48.125637141000027)","Unfall 160698 (2020) Kat:3, Licht: 2","160698","3","1","8","03","21","7","0","2","0","1","0","0"
"POINT (11.434643125000036 48.183154612000067)","Unfall 160700 (2020) Kat:3, Licht: 2","160700","3","1","7","03","19","7","0","2","0","1","0","0"
"POINT (11.459860545000026 48.149093804000074)","Unfall 160707 (2020) Kat:3, Licht: 0","160707","3","7","0","03","15","6","0","0","0","0","1","0"
"POINT (11.607715548000044 48.146180012000059)","Unfall 160712 (2020) Kat:3, Licht: 0","160712","3","3","5","03","16","6","0","0","0","1","0","0"
"POINT (11.511490227000024 48.156360493000079)","Unfall 160722 (2020) Kat:3, Licht: 0","160722","3","6","2","03","17","3","0","0","0","1","0","0"
"POINT (11.522130007000044 48.175622060000080)","Unfall 160736 (2020) Kat:3, Licht: 2","160736","3","6","4","03","22","3","0","2","1","0","0","0"
"POINT (11.540317593000054 48.155672396000057)","Unfall 160749 (2020) Kat:3, Licht: 0","160749","3","6","2","03","10","1","0","0","0","1","0","0"
"POINT (11.612922896000043 48.120874004000029)","Unfall 160763 (2020) Kat:3, Licht: 0","160763","3","3","5","03","15","1","0","0","0","1","0","0"
"POINT (11.565516490000050 48.133020872000031)","Unfall 160764 (2020) Kat:3, Licht: 2","160764","3","3","5","03","18","7","0","2","1","1","0","0"
"POINT (11.612062773000048 48.131466877000037)","Unfall 160765 (2020) Kat:3, Licht: 0","160765","3","3","3","03","14","6","0","0","1","1","0","0"
"POINT (11.478648700000065 48.120588966000071)","Unfall 160776 (2020) Kat:3, Licht: 2","160776","3","3","5","03","18","3","1","2","1","0","0","0"
"POINT (11.454718358000036 48.137216707000050)","Unfall 160777 (2020) Kat:2, Licht: 0","160777","2","3","5","03","08","4","0","0","0","1","0","1"
"POINT (11.489133627000058 48.179420386000061)","Unfall 160778 (2020) Kat:3, Licht: 2","160778","3","6","2","03","18","6","0","2","0","1","0","0"
"POINT (11.584119364000060 48.173706969000079)","Unfall 160803 (2020) Kat:3, Licht: 0","160803","3","3","4","03","14","1","0","0","1","1","0","0"
"POINT (11.458031581000057 48.199014984000030)","Unfall 160804 (2020) Kat:3, Licht: 2","160804","3","7","0","03","01","7","0","2","1","0","0","0"
"POINT (11.573625701000026 48.151577744000065)","Unfall 160805 (2020) Kat:3, Licht: 0","160805","3","5","1","03","15","6","0","0","1","1","0","0"
"POINT (11.506365713000037 48.094316274000050)","Unfall 160817 (2020) Kat:3, Licht: 0","160817","3","2","3","03","08","6","1","0","1","1","0","0"
"POINT (11.585574720000068 48.174265837000064)","Unfall 160829 (2020) Kat:3, Licht: 0","160829","3","6","3","03","12","6","0","0","1","0","0","0"
"POINT (11.597916461000068 48.122859797000046)","Unfall 160843 (2020) Kat:3, Licht: 0","160843","3","7","6","03","14","3","1","0","1","0","1","0"
"POINT (11.513613247000023 48.225903611000035)","Unfall 160853 (2020) Kat:2, Licht: 0","160853","2","6","4","03","12","1","0","0","1","0","0","0"
"POINT (11.502377208000041 48.117108113000029)","Unfall 160855 (2020) Kat:3, Licht: 1","160855","3","6","4","03","18","4","1","1","1","0","0","0"
"POINT (11.562416881000047 48.151631873000042)","Unfall 160856 (2020) Kat:3, Licht: 2","160856","3","6","3","03","00","1","0","2","0","1","0","0"
"POINT (11.561817487000042 48.125065376000066)","Unfall 160860 (2020) Kat:3, Licht: 0","160860","3","6","2","03","17","4","0","0","0","1","0","0"
"POINT (11.534985694000056 48.160696300000041)","Unfall 160863 (2020) Kat:3, Licht: 0","160863","3","1","0","03","09","4","0","0","1","0","0","0"
"POINT (11.569234550000033 48.121665280000059)","Unfall 160866 (2020) Kat:3, Licht: 0","160866","3","6","3","03","15","4","0","0","1","0","0","0"
"POINT (11.503223315000071 48.135355724000078)","Unfall 160867 (2020) Kat:3, Licht: 0","160867","3","2","2","03","17","6","0","0","0","1","0","0"
"POINT (11.544953372000066 48.127758349000032)","Unfall 160868 (2020) Kat:3, Licht: 0","160868","3","2","5","03","16","7","0","0","0","1","0","0"
"POINT (11.479873983000061 48.173869686000046)","Unfall 160869 (2020) Kat:2, Licht: 2","160869","2","7","0","03","22","6","1","2","1","0","0","0"
"POINT (11.575251827000045 48.155844026000068)","Unfall 160871 (2020) Kat:3, Licht: 0","160871","3","5","1","03","08","4","0","0","1","1","0","0"
"POINT (11.666316998000070 48.135094193000043)","Unfall 160874 (2020) Kat:3, Licht: 0","160874","3","7","3","03","11","2","1","0","0","1","0","0"
"POINT (11.502485583000066 48.120698525000080)","Unfall 160880 (2020) Kat:3, Licht: 0","160880","3","6","2","03","15","3","1","0","0","1","0","0"
"POINT (11.618937775000063 48.148540910000065)","Unfall 160881 (2020) Kat:1, Licht: 2","160881","1","7","6","03","19","4","0","2","0","1","1","0"
"POINT (11.618721993000065 48.207179282000027)","Unfall 160883 (2020) Kat:3, Licht: 0","160883","3","2","5","03","07","2","0","0","0","1","0","0"
"POINT (11.588829576000023 48.140945579000061)","Unfall 160886 (2020) Kat:3, Licht: 0","160886","3","5","1","03","14","3","0","0","1","1","0","0"
"POINT (11.591587862000040 48.167898328000035)","Unfall 160891 (2020) Kat:3, Licht: 0","160891","3","6","3","03","17","4","0","0","0","1","0","1"
"POINT (11.669226419000040 48.139821239000071)","Unfall 160897 (2020) Kat:3, Licht: 0","160897","3","2","4","03","07","2","0","0","0","1","0","0"
"POINT (11.519192298000064 48.145494077000080)","Unfall 160900 (2020) Kat:3, Licht: 2","160900","3","5","1","03","22","4","0","2","0","1","0","0"
"POINT (11.457230702000061 48.139997660000063)","Unfall 160903 (2020) Kat:3, Licht: 0","160903","3","6","2","03","17","4","0","0","0","1","0","0"
"POINT (11.584148076000076 48.143609681000044)","Unfall 160910 (2020) Kat:3, Licht: 0","160910","3","3","5","03","09","3","0","0","1","1","0","0"
"POINT (11.685862235000059 48.135465690000046)","Unfall 160916 (2020) Kat:3, Licht: 0","160916","3","3","5","03","18","6","0","0","1","1","0","0"
"POINT (11.502989800000023 48.126107337000064)","Unfall 160924 (2020) Kat:3, Licht: 0","160924","3","1","9","03","10","3","0","0","0","1","0","0"
"POINT (11.520284680000032 48.150219374000073)","Unfall 160927 (2020) Kat:3, Licht: 0","160927","3","2","4","03","16","5","0","0","0","1","0","0"
"POINT (11.529029338000043 48.179226830000061)","Unfall 160929 (2020) Kat:3, Licht: 0","160929","3","6","4","03","17","4","0","0","1","0","0","0"
"POINT (11.574863070000049 48.119678179000061)","Unfall 160940 (2020) Kat:3, Licht: 0","160940","3","1","0","03","09","4","0","0","1","0","0","0"
"POINT (11.520759971000075 48.177095716000053)","Unfall 160942 (2020) Kat:3, Licht: 2","160942","3","1","0","03","19","7","1","2","0","0","0","1"
"POINT (11.478955935000045 48.164161504000049)","Unfall 160961 (2020) Kat:3, Licht: 2","160961","3","6","1","03","18","2","0","2","0","1","0","0"
"POINT (11.524278796000033 48.197093119000044)","Unfall 160964 (2020) Kat:3, Licht: 0","160964","3","4","6","03","15","6","0","0","1","0","1","0"
"POINT (11.529305577000059 48.136592777000033)","Unfall 160971 (2020) Kat:3, Licht: 0","160971","3","3","6","03","12","2","0","0","1","0","1","0"
"POINT (11.518849086000046 48.085811780000029)","Unfall 160972 (2020) Kat:2, Licht: 0","160972","2","2","5","03","12","3","0","0","1","1","0","0"
"POINT (11.570001363000074 48.117879202000040)","Unfall 160976 (2020) Kat:3, Licht: 0","160976","3","2","4","03","10","2","0","0","0","1","0","1"
"POINT (11.557836666000071 48.186534337000069)","Unfall 160977 (2020) Kat:2, Licht: 0","160977","2","2","4","03","10","3","0","0","1","0","0","0"
"POINT (11.558633425000039 48.147607404000041)","Unfall 160980 (2020) Kat:3, Licht: 0","160980","3","2","4","03","15","5","0","0","1","1","0","0"
"POINT (11.533378798000058 48.116895382000052)","Unfall 160985 (2020) Kat:3, Licht: 0","160985","3","7","0","03","08","2","0","0","1","0","0","0"
"POINT (11.596749605000070 48.131401596000046)","Unfall 160986 (2020) Kat:3, Licht: 0","160986","3","1","0","03","13","3","0","0","1","0","0","0"
"POINT (11.484046634000038 48.117723059000070)","Unfall 160991 (2020) Kat:3, Licht: 0","160991","3","7","5","03","09","3","0","0","0","1","0","0"
"POINT (11.563883208000050 48.127607101000081)","Unfall 160995 (2020) Kat:3, Licht: 0","160995","3","1","0","03","10","4","0","0","1","0","0","0"
"POINT (11.573436272000038 48.132364262000067)","Unfall 160999 (2020) Kat:3, Licht: 0","160999","3","4","6","03","16","2","0","0","0","1","1","0"
"POINT (11.524485968000022 48.135713743000053)","Unfall 161005 (2020) Kat:3, Licht: 0","161005","3","3","5","03","16","2","0","0","0","1","0","1"
"POINT (11.555011135000029 48.144311796000068)","Unfall 161006 (2020) Kat:3, Licht: 0","161006","3","2","4","03","08","6","0","0","1","1","0","0"
"POINT (11.403219188000037 48.160686989000055)","Unfall 161008 (2020) Kat:3, Licht: 0","161008","3","6","4","03","16","4","0","0","1","0","0","0"
"POINT (11.556005499000037 48.137481399000080)","Unfall 161009 (2020) Kat:3, Licht: 0","161009","3","2","4","03","11","2","0","0","1","1","0","0"
"POINT (11.524746566000033 48.135525266000059)","Unfall 161012 (2020) Kat:2, Licht: 0","161012","2","3","5","03","15","2","0","0","1","0","0","1"
"POINT (11.674445927000022 48.125624949000041)","Unfall 161018 (2020) Kat:3, Licht: 0","161018","3","2","3","03","07","2","0","0","1","1","0","0"
"POINT (11.550330651000024 48.125537780000059)","Unfall 161022 (2020) Kat:3, Licht: 2","161022","3","2","6","03","18","2","0","2","0","1","1","0"
"POINT (11.662030314000049 48.140723616000059)","Unfall 161035 (2020) Kat:3, Licht: 0","161035","3","1","0","03","06","5","0","0","1","0","0","0"
"POINT (11.581374768000046 48.196755595000070)","Unfall 161038 (2020) Kat:3, Licht: 0","161038","3","3","5","03","17","1","0","0","0","1","0","0"
"POINT (11.592764566000028 48.133214972000076)","Unfall 161049 (2020) Kat:3, Licht: 0","161049","3","1","0","03","14","4","0","0","1","0","0","0"
"POINT (11.562375295000038 48.131317062000051)","Unfall 161060 (2020) Kat:3, Licht: 0","161060","3","2","3","03","08","4","0","0","1","1","0","0"
"POINT (11.592794061000063 48.140572008000049)","Unfall 161063 (2020) Kat:3, Licht: 0","161063","3","3","5","03","08","4","0","0","1","1","0","0"
"POINT (11.556734397000071 48.178522791000034)","Unfall 161071 (2020) Kat:2, Licht: 0","161071","2","4","6","03","07","2","0","0","0","1","1","0"
"POINT (11.576956687000063 48.136380531000043)","Unfall 161085 (2020) Kat:3, Licht: 2","161085","3","3","5","03","18","3","0","2","1","1","0","0"
"POINT (11.544821740000032 48.140440779000073)","Unfall 161086 (2020) Kat:3, Licht: 0","161086","3","3","5","03","14","5","0","0","1","1","0","0"
"POINT (11.655420766000077 48.116539900000078)","Unfall 161099 (2020) Kat:2, Licht: 0","161099","2","6","2","03","18","4","0","0","0","1","0","0"
"POINT (11.632695139000077 48.163381588000050)","Unfall 161102 (2020) Kat:3, Licht: 0","161102","3","3","4","03","09","4","0","0","1","1","0","0"
"POINT (11.630877231000056 48.176022265000029)","Unfall 161122 (2020) Kat:3, Licht: 0","161122","3","5","1","03","13","2","0","0","0","1","0","0"
"POINT (11.502043864000029 48.102048727000067)","Unfall 161125 (2020) Kat:2, Licht: 0","161125","2","1","9","03","17","6","0","0","0","0","0","1"
"POINT (11.609383656000034 48.165795393000053)","Unfall 161139 (2020) Kat:3, Licht: 2","161139","3","7","7","03","02","5","0","2","1","0","0","0"
"POINT (11.546384678000038 48.149940208000032)","Unfall 161181 (2020) Kat:3, Licht: 0","161181","3","2","3","03","17","6","0","0","1","1","0","0"
"POINT (11.554553366000050 48.151445015000036)","Unfall 161186 (2020) Kat:3, Licht: 0","161186","3","3","5","03","13","6","0","0","0","1","0","0"
"POINT (11.683024487000068 48.143814668000061)","Unfall 161191 (2020) Kat:2, Licht: 0","161191","2","7","0","03","13","6","0","0","1","0","1","0"
"POINT (11.610044156000072 48.132607985000050)","Unfall 161196 (2020) Kat:3, Licht: 0","161196","3","1","0","04","15","5","0","0","1","0","0","0"
"POINT (11.614785083000072 48.188542459000075)","Unfall 161198 (2020) Kat:3, Licht: 0","161198","3","2","4","03","16","6","0","0","1","1","0","0"
"POINT (11.541336775000048 48.123056462000079)","Unfall 161202 (2020) Kat:3, Licht: 0","161202","3","3","5","04","11","7","0","0","0","1","0","1"
"POINT (11.539417004000029 48.112822981000079)","Unfall 161203 (2020) Kat:3, Licht: 0","161203","3","3","5","03","17","6","0","0","0","1","0","0"
"POINT (11.495523050000031 48.120369720000042)","Unfall 161204 (2020) Kat:3, Licht: 0","161204","3","6","4","04","14","6","0","0","0","1","0","0"
"POINT (11.569175510000036 48.133147227000052)","Unfall 161206 (2020) Kat:3, Licht: 0","161206","3","7","0","03","13","6","0","0","0","1","1","0"
"POINT (11.545018701000060 48.123861779000038)","Unfall 161241 (2020) Kat:3, Licht: 0","161241","3","6","4","03","16","7","0","0","1","1","0","0"
"POINT (11.575086747000057 48.156994809000025)","Unfall 161244 (2020) Kat:3, Licht: 0","161244","3","7","3","04","18","5","0","0","0","1","0","1"
"POINT (11.580490442000041 48.148993050000058)","Unfall 161248 (2020) Kat:3, Licht: 0","161248","3","2","5","04","11","1","0","0","1","1","0","0"
"POINT (11.600790959000051 48.135738158000038)","Unfall 161252 (2020) Kat:3, Licht: 0","161252","3","4","6","04","06","5","0","0","1","1","1","0"
"POINT (11.465221222000025 48.146131556000057)","Unfall 161253 (2020) Kat:3, Licht: 0","161253","3","2","5","03","12","7","0","0","1","1","0","0"
"POINT (11.596833718000028 48.192805820000046)","Unfall 161255 (2020) Kat:3, Licht: 0","161255","3","2","5","04","18","5","0","0","0","1","0","0"
"POINT (11.428062172000068 48.157569621000050)","Unfall 161257 (2020) Kat:3, Licht: 0","161257","3","6","0","04","11","6","0","0","0","1","0","0"
"POINT (11.587976749000063 48.102584994000040)","Unfall 161264 (2020) Kat:3, Licht: 0","161264","3","3","5","04","14","5","0","0","1","1","0","0"
"POINT (11.575957752000022 48.120390517000033)","Unfall 161271 (2020) Kat:3, Licht: 0","161271","3","3","5","03","17","7","0","0","1","1","0","0"
"POINT (11.584441892000029 48.151476571000046)","Unfall 161275 (2020) Kat:3, Licht: 0","161275","3","7","0","04","10","5","0","0","1","0","0","0"
"POINT (11.512570614000026 48.181339421000075)","Unfall 161280 (2020) Kat:3, Licht: 0","161280","3","3","3","03","12","7","0","0","1","1","0","0"
"POINT (11.557858848000023 48.096692336000046)","Unfall 161301 (2020) Kat:3, Licht: 0","161301","3","1","8","04","15","5","0","0","1","0","0","0"
"POINT (11.615360748000057 48.126295011000082)","Unfall 161307 (2020) Kat:3, Licht: 0","161307","3","4","6","04","11","7","0","0","0","1","1","0"
"POINT (11.561723809000057 48.103904319000037)","Unfall 161336 (2020) Kat:3, Licht: 0","161336","3","7","0","03","10","5","0","0","0","0","0","0"
"POINT (11.506937510000057 48.139710060000027)","Unfall 161342 (2020) Kat:3, Licht: 0","161342","3","7","0","03","16","5","0","0","0","1","0","1"
"POINT (11.574545303000036 48.118510521000076)","Unfall 161347 (2020) Kat:2, Licht: 0","161347","2","3","5","04","16","4","0","0","0","1","0","1"
"POINT (11.548996639000052 48.171137006000038)","Unfall 161352 (2020) Kat:2, Licht: 0","161352","2","1","0","04","17","5","0","0","1","0","0","0"
"POINT (11.703131054000039 48.101062444000036)","Unfall 161355 (2020) Kat:3, Licht: 0","161355","3","4","0","04","17","1","0","0","1","0","1","0"
"POINT (11.519742088000044 48.087991735000060)","Unfall 161356 (2020) Kat:3, Licht: 2","161356","3","2","3","04","21","4","0","2","1","1","0","0"
"POINT (11.493998259000023 48.124190856000041)","Unfall 161358 (2020) Kat:2, Licht: 2","161358","2","7","1","04","23","7","0","2","1","1","0","0"
"POINT (11.622235583000077 48.128283459000045)","Unfall 161359 (2020) Kat:3, Licht: 2","161359","3","2","3","04","20","6","0","2","1","1","0","0"
"POINT (11.619414423000023 48.153737065000030)","Unfall 161382 (2020) Kat:3, Licht: 0","161382","3","3","5","03","07","3","0","0","1","1","0","0"
"POINT (11.517078752000032 48.178248784000061)","Unfall 161388 (2020) Kat:3, Licht: 0","161388","3","7","0","04","14","4","0","0","1","0","0","0"
"POINT (11.628365689000077 48.101358357000038)","Unfall 161395 (2020) Kat:3, Licht: 0","161395","3","3","5","04","13","4","0","0","1","0","0","0"
"POINT (11.580930206000062 48.159911946000079)","Unfall 161405 (2020) Kat:3, Licht: 0","161405","3","5","0","04","08","5","0","0","1","0","0","0"
"POINT (11.543911768000044 48.122112745000038)","Unfall 161406 (2020) Kat:3, Licht: 0","161406","3","2","5","04","08","3","0","0","1","1","0","0"
"POINT (11.566578371000048 48.133484480000050)","Unfall 161415 (2020) Kat:3, Licht: 0","161415","3","2","6","04","16","5","0","0","0","1","1","0"
"POINT (11.557768011000064 48.096393902000045)","Unfall 161429 (2020) Kat:2, Licht: 0","161429","2","1","0","04","17","6","0","0","1","0","0","0"
"POINT (11.586773742000048 48.164179846000081)","Unfall 161433 (2020) Kat:3, Licht: 0","161433","3","1","0","04","08","3","0","0","0","0","0","1"
"POINT (11.557201962000022 48.213174382000034)","Unfall 161434 (2020) Kat:3, Licht: 0","161434","3","6","2","04","17","7","0","0","0","1","0","0"
"POINT (11.540778812000042 48.145261083000037)","Unfall 161441 (2020) Kat:3, Licht: 2","161441","3","7","0","04","20","4","0","2","1","0","0","0"
"POINT (11.519808596000075 48.144459803000075)","Unfall 161442 (2020) Kat:3, Licht: 0","161442","3","6","4","04","17","6","0","0","1","0","0","0"
"POINT (11.535491102000037 48.148087294000049)","Unfall 161446 (2020) Kat:3, Licht: 0","161446","3","3","5","04","17","3","0","0","1","1","0","0"
"POINT (11.556007061000059 48.137481364000053)","Unfall 161469 (2020) Kat:3, Licht: 0","161469","3","2","3","04","07","5","0","0","1","0","0","0"
"POINT (11.540832332000036 48.086400142000059)","Unfall 161480 (2020) Kat:2, Licht: 0","161480","2","7","0","04","13","6","0","0","1","0","0","0"
"POINT (11.495409719000065 48.201422916000070)","Unfall 161481 (2020) Kat:3, Licht: 0","161481","3","3","5","04","14","6","0","0","1","1","0","0"
"POINT (11.604609358000062 48.105692018000070)","Unfall 161488 (2020) Kat:3, Licht: 0","161488","3","3","5","04","15","4","0","0","1","1","0","0"
"POINT (11.467437995000068 48.116701679000073)","Unfall 161489 (2020) Kat:3, Licht: 0","161489","3","7","0","04","13","6","0","0","1","1","0","0"
"POINT (11.536290156000064 48.116911228000049)","Unfall 161493 (2020) Kat:3, Licht: 0","161493","3","6","2","04","13","3","0","0","0","1","0","1"
"POINT (11.588673396000047 48.143273410000063)","Unfall 161498 (2020) Kat:2, Licht: 2","161498","2","7","0","04","01","3","0","2","1","0","0","0"
"POINT (11.562467203000040 48.157851366000045)","Unfall 161504 (2020) Kat:3, Licht: 0","161504","3","6","3","04","16","5","0","0","1","1","0","0"
"POINT (11.468039339000029 48.164765797000030)","Unfall 161507 (2020) Kat:3, Licht: 0","161507","3","2","3","04","17","3","0","0","1","1","0","0"
"POINT (11.526635535000025 48.160413938000033)","Unfall 161519 (2020) Kat:3, Licht: 0","161519","3","3","5","04","12","5","0","0","0","1","0","1"
"POINT (11.583247778000043 48.160876309000059)","Unfall 161534 (2020) Kat:3, Licht: 0","161534","3","1","0","04","15","6","0","0","1","0","0","0"
"POINT (11.555757373000063 48.129185455000027)","Unfall 161540 (2020) Kat:3, Licht: 0","161540","3","4","6","04","18","3","0","0","1","0","1","0"
"POINT (11.515972026000043 48.098477937000041)","Unfall 161541 (2020) Kat:3, Licht: 2","161541","3","6","3","04","22","7","0","2","0","1","0","0"
"POINT (11.495055089000061 48.134353574000045)","Unfall 161544 (2020) Kat:3, Licht: 0","161544","3","7","0","04","09","4","0","0","1","0","0","0"
"POINT (11.642136281000035 48.125787531000071)","Unfall 161548 (2020) Kat:3, Licht: 0","161548","3","7","0","04","11","4","0","0","1","1","0","0"
"POINT (11.583938251000063 48.193050027000027)","Unfall 161549 (2020) Kat:3, Licht: 1","161549","3","6","2","04","19","6","0","1","0","1","0","0"
"POINT (11.601822990000073 48.129417855000042)","Unfall 161553 (2020) Kat:3, Licht: 0","161553","3","6","5","04","15","3","0","0","1","0","0","0"
"POINT (11.507380113000067 48.139765652000051)","Unfall 161554 (2020) Kat:3, Licht: 0","161554","3","3","5","04","14","7","0","0","1","0","0","0"
"POINT (11.572943629000065 48.183493867000038)","Unfall 161560 (2020) Kat:3, Licht: 0","161560","3","6","2","04","09","5","0","0","0","1","0","1"
"POINT (11.632804786000065 48.118489137000040)","Unfall 161564 (2020) Kat:3, Licht: 0","161564","3","3","5","04","19","3","0","0","1","1","0","0"
"POINT (11.580360157000030 48.184199660000047)","Unfall 161569 (2020) Kat:3, Licht: 0","161569","3","7","1","04","18","2","0","0","0","1","0","1"
"POINT (11.573873993000063 48.184451151000076)","Unfall 161570 (2020) Kat:3, Licht: 0","161570","3","2","5","04","09","2","0","0","1","1","0","0"
"POINT (11.584838266000077 48.134770819000039)","Unfall 161572 (2020) Kat:3, Licht: 0","161572","3","7","0","04","14","2","0","0","0","0","1","0"
"POINT (11.560748781000029 48.153125184000032)","Unfall 161578 (2020) Kat:3, Licht: 0","161578","3","7","0","04","12","2","0","0","1","0","0","0"
"POINT (11.585925164000059 48.167307269000048)","Unfall 161584 (2020) Kat:3, Licht: 0","161584","3","6","2","04","10","2","0","0","0","1","0","0"
"POINT (11.522105865000071 48.175889321000056)","Unfall 161586 (2020) Kat:3, Licht: 0","161586","3","3","5","04","11","2","0","0","0","1","0","0"
"POINT (11.511455761000036 48.161393693000036)","Unfall 161590 (2020) Kat:3, Licht: 0","161590","3","6","3","04","13","2","0","0","0","0","0","1"
"POINT (11.540727100000026 48.144374484000082)","Unfall 161592 (2020) Kat:3, Licht: 0","161592","3","7","0","04","15","2","0","0","1","0","0","0"
"POINT (11.566775702000029 48.182505094000078)","Unfall 161596 (2020) Kat:2, Licht: 2","161596","2","3","5","04","20","4","0","2","0","1","0","1"
"POINT (11.558835590000058 48.147758260000046)","Unfall 161597 (2020) Kat:3, Licht: 0","161597","3","6","1","04","12","6","0","0","0","1","0","1"
"POINT (11.502890627000056 48.135243006000053)","Unfall 161602 (2020) Kat:3, Licht: 0","161602","3","2","5","04","18","3","0","0","0","1","0","0"
"POINT (11.535101648000023 48.095783673000028)","Unfall 161607 (2020) Kat:3, Licht: 0","161607","3","3","5","04","16","3","0","0","1","1","0","0"
"POINT (11.541643269000076 48.139421909000077)","Unfall 161608 (2020) Kat:3, Licht: 0","161608","3","2","0","04","10","7","0","0","0","1","1","0"
"POINT (11.601319410000031 48.143180492000056)","Unfall 161625 (2020) Kat:3, Licht: 0","161625","3","2","5","04","11","5","0","0","0","1","0","0"