WKT,Name,OBJECTID,UKATEGORIE,UTYP1,UART,UMONAT,USTUNDE,UWOCHENTAG,STRZUSTAND,ULICHTVERH,ISTRAD,ISTPKW,ISTFUSS,ISTKRAD
"POINT (11.605126411000072 48.104605091000053)","Unfall 161635 (2020) Kat:3, Licht: 2","161635","3","2","5","04","20","4","0","2","0","1","0","0"
"POINT (11.587386776000073 48.134589795000068)","Unfall 161639 (2020) Kat:3, Licht: 0","161639","3","1","0","04","14","6","0","0","1","0","0","0"
"POINT (11.599315974000035 48.108322704000045)","Unfall 161644 (2020) Kat:3, Licht: 0","161644","3","6","2","04","15","7","0","0","0","1","0","0"
"POINT (11.595883346000051 48.205945345000032)","Unfall 161647 (2020) Kat:2, Licht: 0","161647","2","7","0","04","13","4","0","0","1","0","0","0"
"POINT (11.580008574000033 48.147827857000038)","Unfall 161650 (2020) Kat:3, Licht: 0","161650","3","7","0","04","15","6","0","0","1","0","0","0"
"POINT (11.559785772000055 48.127095045000033)","Unfall 161654 (2020) Kat:2, Licht: 0","161654","2","4","6","04","16","3","0","0","0","1","1","0"
"POINT (11.531368316000055 48.146915551000063)","Unfall 161657 (2020) Kat:3, Licht: 0","161657","3","1","0","04","16","3","0","0","1","0","0","0"
"POINT (11.555711881000036 48.134897981000051)","Unfall 161660 (2020) Kat:3, Licht: 0","161660","3","6","3","04","06","3","0","0","0","1","0","0"
"POINT (11.546648621000031 48.101453926000033)","Unfall 161661 (2020) Kat:3, Licht: 0","161661","3","1","1","04","12","5","0","0","0","1","0","0"
"POINT (11.569947870000021 48.179723398000078)","Unfall 161668 (2020) Kat:3, Licht: 0","161668","3","3","5","04","13","6","0","0","1","1","0","0"
"POINT (11.597701141000073 48.149474320000081)","Unfall 161692 (2020) Kat:3, Licht: 0","161692","3","6","3","04","13","6","0","0","1","0","0","0"
"POINT (11.594703949000063 48.085917602000052)","Unfall 161706 (2020) Kat:2, Licht: 0","161706","2","2","5","04","19","6","0","0","0","1","1","0"
"POINT (11.497961106000048 48.181764046000069)","Unfall 161709 (2020) Kat:3, Licht: 0","161709","3","7","0","04","16","4","0","0","1","1","0","0"
"POINT (11.649423398000067 48.082702472000051)","Unfall 161710 (2020) Kat:3, Licht: 0","161710","3","1","8","04","15","4","0","0","0","1","0","0"
"POINT (11.586635236000063 48.169501423000042)","Unfall 161712 (2020) Kat:3, Licht: 0","161712","3","7","0","04","17","4","0","0","0","1","0","0"
"POINT (11.548867158000064 48.143800459000033)","Unfall 161713 (2020) Kat:2, Licht: 0","161713","2","7","0","04","14","4","0","0","1","0","0","0"
"POINT (11.468239829000026 48.139993797000045)","Unfall 161714 (2020) Kat:3, Licht: 0","161714","3","3","5","04","09","4","0","0","1","0","0","0"
"POINT (11.624962842000059 48.210909512000057)","Unfall 161716 (2020) Kat:3, Licht: 0","161716","3","7","7","04","15","4","0","0","1","0","0","0"
"POINT (11.506975135000062 48.152519391000055)","Unfall 161717 (2020) Kat:3, Licht: 0","161717","3","2","1","04","17","6","0","0","0","1","0","1"
"POINT (11.548634264000043 48.112016265000079)","Unfall 161755 (2020) Kat:3, Licht: 0","161755","3","2","3","04","18","6","0","0","1","1","0","0"
"POINT (11.514972891000070 48.179027521000080)","Unfall 161759 (2020) Kat:3, Licht: 0","161759","3","2","5","04","16","6","0","0","1","1","0","0"
"POINT (11.586073402000068 48.171149570000068)","Unfall 161765 (2020) Kat:3, Licht: 0","161765","3","1","8","04","12","3","0","0","0","1","0","0"
"POINT (11.523968174000061 48.174994415000072)","Unfall 161767 (2020) Kat:3, Licht: 0","161767","3","6","3","04","16","3","0","0","1","0","0","0"
"POINT (11.601326741000037 48.143585804000054)","Unfall 161769 (2020) Kat:3, Licht: 0","161769","3","1","0","04","09","3","0","0","1","0","0","0"
"POINT (11.429454079000038 48.149256844000035)","Unfall 161772 (2020) Kat:3, Licht: 0","161772","3","3","1","04","08","3","0","0","0","1","0","0"
"POINT (11.630278567000062 48.100876519000053)","Unfall 161773 (2020) Kat:3, Licht: 0","161773","3","7","5","04","11","3","0","0","1","1","0","0"
"POINT (11.692266190000055 48.116147774000069)","Unfall 161788 (2020) Kat:3, Licht: 0","161788","3","3","5","04","18","5","0","0","1","1","0","0"
"POINT (11.600869623000051 48.121950154000046)","Unfall 161790 (2020) Kat:3, Licht: 0","161790","3","7","0","04","18","5","0","0","0","0","1","0"
"POINT (11.583824987000071 48.155925619000072)","Unfall 161793 (2020) Kat:2, Licht: 0","161793","2","7","5","04","15","5","0","0","1","0","0","0"
"POINT (11.553118507000022 48.124743464000062)","Unfall 161799 (2020) Kat:3, Licht: 2","161799","3","7","1","04","22","5","0","2","1","1","0","0"
"POINT (11.613830747000065 48.195258500000079)","Unfall 161801 (2020) Kat:3, Licht: 2","161801","3","7","0","04","02","6","0","2","1","0","0","0"
"POINT (11.504972903000066 48.176342824000074)","Unfall 161804 (2020) Kat:3, Licht: 0","161804","3","2","5","04","12","5","0","0","1","1","0","0"
"POINT (11.566222497000069 48.186154874000067)","Unfall 161809 (2020) Kat:3, Licht: 0","161809","3","6","4","04","16","5","0","0","1","0","0","0"
"POINT (11.584257288000060 48.131839447000061)","Unfall 161813 (2020) Kat:3, Licht: 0","161813","3","6","0","04","13","5","0","0","1","0","0","0"
"POINT (11.463108408000039 48.146461956000053)","Unfall 161815 (2020) Kat:3, Licht: 0","161815","3","7","5","04","13","6","0","0","1","1","0","0"
"POINT (11.622805715000027 48.126358762000052)","Unfall 161816 (2020) Kat:3, Licht: 0","161816","3","7","0","04","12","2","0","0","0","1","1","0"
"POINT (11.613046423000071 48.120784305000029)","Unfall 161819 (2020) Kat:2, Licht: 0","161819","2","2","4","04","16","2","0","0","1","1","0","0"
"POINT (11.584464954000055 48.157282571000053)","Unfall 161822 (2020) Kat:3, Licht: 0","161822","3","3","5","04","13","2","0","0","1","1","0","0"
"POINT (11.589039587000059 48.156594354000049)","Unfall 161824 (2020) Kat:3, Licht: 0","161824","3","3","5","04","17","5","0","0","1","1","0","0"
"POINT (11.539968824000027 48.116564163000078)","Unfall 161859 (2020) Kat:3, Licht: 2","161859","3","1","8","04","23","1","1","2","0","1","0","0"
"POINT (11.502965332000031 48.135390565000080)","Unfall 161860 (2020) Kat:3, Licht: 0","161860","3","7","0","04","14","1","0","0","0","0","0","0"
"POINT (11.602581515000054 48.113990159000082)","Unfall 161864 (2020) Kat:2, Licht: 0","161864","2","1","0","04","16","1","0","0","1","0","0","0"
"POINT (11.598077548000049 48.141011655000057)","Unfall 161870 (2020) Kat:2, Licht: 0","161870","2","3","5","04","13","6","0","0","1","1","0","0"
"POINT (11.392672026000071 48.186680122000041)","Unfall 161913 (2020) Kat:3, Licht: 0","161913","3","6","3","04","12","1","0","0","1","1","0","0"
"POINT (11.415886190000037 48.154526216000079)","Unfall 161921 (2020) Kat:3, Licht: 2","161921","3","7","0","04","20","6","0","2","1","0","0","0"
"POINT (11.611673297000038 48.151734551000061)","Unfall 161924 (2020) Kat:2, Licht: 0","161924","2","3","5","04","15","6","0","0","1","1","0","0"
"POINT (11.472369371000070 48.182501834000050)","Unfall 161932 (2020) Kat:3, Licht: 0","161932","3","3","5","04","14","3","0","0","1","1","0","0"
"POINT (11.577873853000028 48.142545856000027)","Unfall 161937 (2020) Kat:3, Licht: 0","161937","3","1","7","04","15","3","0","0","1","0","0","0"
"POINT (11.565149671000029 48.095657065000069)","Unfall 161942 (2020) Kat:3, Licht: 0","161942","3","2","5","04","16","3","0","0","1","0","0","0"
"POINT (11.588748447000057 48.161343800000054)","Unfall 161948 (2020) Kat:3, Licht: 0","161948","3","3","5","04","09","3","0","0","1","1","0","0"
"POINT (11.542789612000036 48.186333698000055)","Unfall 161950 (2020) Kat:3, Licht: 0","161950","3","6","2","04","16","3","0","0","0","1","0","0"
"POINT (11.566508763000058 48.184389008000039)","Unfall 161952 (2020) Kat:3, Licht: 0","161952","3","6","3","04","16","4","0","0","1","0","0","0"
"POINT (11.555552441000032 48.151080133000050)","Unfall 161955 (2020) Kat:2, Licht: 0","161955","2","5","1","04","11","3","0","0","1","0","0","0"
"POINT (11.589138629000047 48.137289347000035)","Unfall 161957 (2020) Kat:3, Licht: 0","161957","3","7","5","04","13","5","0","0","1","0","0","0"
"POINT (11.454692899000065 48.166114905000029)","Unfall 162006 (2020) Kat:3, Licht: 0","162006","3","6","2","04","11","4","0","0","0","1","0","0"
"POINT (11.478294301000062 48.197432093000032)","Unfall 162015 (2020) Kat:3, Licht: 0","162015","3","3","5","04","06","4","0","0","1","1","0","0"
"POINT (11.578251705000071 48.137449966000077)","Unfall 162022 (2020) Kat:3, Licht: 1","162022","3","7","0","04","20","1","0","1","1","0","0","0"
"POINT (11.542534845000034 48.134911217000081)","Unfall 162062 (2020) Kat:3, Licht: 2","162062","3","1","1","04","23","4","0","2","1","1","0","0"
"POINT (11.598711857000069 48.119213638000076)","Unfall 162073 (2020) Kat:3, Licht: 0","162073","3","2","5","04","07","4","0","0","1","1","0","0"
"POINT (11.595510035000075 48.145270872000026)","Unfall 162075 (2020) Kat:3, Licht: 0","162075","3","2","4","04","15","1","0","0","1","0","0","0"
"POINT (11.531813196000030 48.130082147000053)","Unfall 162079 (2020) Kat:3, Licht: 0","162079","3","7","0","04","18","7","1","0","1","0","0","0"
"POINT (11.588664113000050 48.138929181000037)","Unfall 162094 (2020) Kat:3, Licht: 0","162094","3","1","0","04","17","7","1","0","1","0","0","0"
"POINT (11.569103366000036 48.133783497000081)","Unfall 162106 (2020) Kat:3, Licht: 0","162106","3","1","0","04","12","7","0","0","1","0","0","0"
"POINT (11.480599697000059 48.129698343000030)","Unfall 162111 (2020) Kat:3, Licht: 2","162111","3","5","1","04","20","7","1","2","0","1","0","0"
"POINT (11.574486742000033 48.210525622000034)","Unfall 162114 (2020) Kat:3, Licht: 0","162114","3","6","2","04","06","4","0","0","0","1","0","0"
"POINT (11.629165866000051 48.112626092000028)","Unfall 162122 (2020) Kat:3, Licht: 0","162122","3","5","1","04","10","7","0","0","0","1","0","0"
"POINT (11.530045021000035 48.102561460000061)","Unfall 162126 (2020) Kat:2, Licht: 0","162126","2","7","0","04","16","4","0","0","1","0","0","0"
"POINT (11.559634403000075 48.141907137000032)","Unfall 162129 (2020) Kat:3, Licht: 0","162129","3","7","6","04","18","2","0","0","0","1","1","0"
"POINT (11.592320495000024 48.114987112000051)","Unfall 162132 (2020) Kat:3, Licht: 2","162132","3","2","5","04","21","7","1","2","1","1","0","0"
"POINT (11.562752985000031 48.144180855000059)","Unfall 162135 (2020) Kat:3, Licht: 0","162135","3","7","2","04","10","5","0","0","1","1","0","0"
"POINT (11.609685741000021 48.129101278000064)","Unfall 162136 (2020) Kat:3, Licht: 0","162136","3","1","0","04","18","7","1","0","1","0","0","0"
"POINT (11.506986947000030 48.175836202000028)","Unfall 162145 (2020) Kat:3, Licht: 0","162145","3","4","6","04","10","7","0","0","1","0","1","0"
"POINT (11.556079136000051 48.132312844000069)","Unfall 162149 (2020) Kat:2, Licht: 0","162149","2","6","2","04","09","2","0","0","0","1","0","1"
"POINT (11.578697728000066 48.126728973000070)","Unfall 162158 (2020) Kat:3, Licht: 0","162158","3","5","1","04","10","7","0","0","1","1","0","0"
"POINT (11.537571067000044 48.157981145000065)","Unfall 162163 (2020) Kat:3, Licht: 0","162163","3","6","4","04","17","7","1","0","1","0","0","0"
"POINT (11.629916314000070 48.147159108000039)","Unfall 162166 (2020) Kat:3, Licht: 0","162166","3","1","0","04","11","7","0","0","1","0","0","0"
"POINT (11.530387609000059 48.165705507000041)","Unfall 162169 (2020) Kat:3, Licht: 0","162169","3","2","3","04","16","4","0","0","1","0","0","0"
"POINT (11.578268542000046 48.152284158000043)","Unfall 162173 (2020) Kat:3, Licht: 0","162173","3","7","0","04","18","7","0","0","1","0","0","0"
"POINT (11.530855434000046 48.156664093000074)","Unfall 162176 (2020) Kat:3, Licht: 0","162176","3","4","6","04","19","4","0","0","1","0","1","0"
"POINT (11.514345901000070 48.203641972000071)","Unfall 162180 (2020) Kat:3, Licht: 0","162180","3","6","3","04","16","1","0","0","1","0","0","0"
"POINT (11.464997923000055 48.193387605000055)","Unfall 162182 (2020) Kat:3, Licht: 0","162182","3","3","0","04","18","3","0","0","0","1","0","1"
"POINT (11.566299396000034 48.133191151000062)","Unfall 162184 (2020) Kat:3, Licht: 2","162184","3","1","2","04","21","7","0","2","0","1","0","0"
"POINT (11.651046861000054 48.129361499000026)","Unfall 162196 (2020) Kat:3, Licht: 0","162196","3","3","5","04","19","1","0","0","0","1","0","0"
"POINT (11.577485586000023 48.187700387000064)","Unfall 162200 (2020) Kat:2, Licht: 0","162200","2","3","1","04","10","2","0","0","1","0","0","0"
"POINT (11.581834361000062 48.151672994000080)","Unfall 162211 (2020) Kat:3, Licht: 0","162211","3","6","3","04","15","2","0","0","1","0","0","0"
"POINT (11.412846693000063 48.137470019000034)","Unfall 162213 (2020) Kat:3, Licht: 0","162213","3","3","5","04","17","6","0","0","0","1","0","0"
"POINT (11.506889168000043 48.139712328000030)","Unfall 162215 (2020) Kat:3, Licht: 0","162215","3","2","5","04","13","6","0","0","0","0","0","0"
"POINT (11.578371931000049 48.133140434000040)","Unfall 162220 (2020) Kat:3, Licht: 0","162220","3","5","1","04","14","6","0","0","1","1","0","0"
"POINT (11.481896789000075 48.119423020000056)","Unfall 162223 (2020) Kat:3, Licht: 0","162223","3","1","0","04","18","6","0","0","1","0","0","0"
"POINT (11.418571690000022 48.139212911000072)","Unfall 162225 (2020) Kat:3, Licht: 0","162225","3","7","5","04","15","6","0","0","1","1","0","0"
"POINT (11.576593628000069 48.118851348000078)","Unfall 162230 (2020) Kat:3, Licht: 0","162230","3","2","4","04","14","7","0","0","1","1","0","0"
"POINT (11.518983163000030 48.139744009000026)","Unfall 162233 (2020) Kat:3, Licht: 0","162233","3","3","5","04","07","6","0","0","1","1","0","0"
"POINT (11.504094764000058 48.186401419000049)","Unfall 162234 (2020) Kat:3, Licht: 0","162234","3","7","0","04","12","1","0","0","1","0","0","0"
"POINT (11.479350151000062 48.116194648000032)","Unfall 162238 (2020) Kat:3, Licht: 0","162238","3","5","1","04","10","6","0","0","1","1","0","0"
"POINT (11.580978490000064 48.170538652000062)","Unfall 162239 (2020) Kat:3, Licht: 0","162239","3","3","5","04","11","7","0","0","1","1","0","0"
"POINT (11.511612203000027 48.155146697000077)","Unfall 162241 (2020) Kat:3, Licht: 0","162241","3","5","3","04","13","7","0","0","0","1","0","1"
"POINT (11.535851820000062 48.126120508000042)","Unfall 162248 (2020) Kat:3, Licht: 0","162248","3","5","2","04","14","2","0","0","0","1","0","0"
"POINT (11.533488894000072 48.077795085000048)","Unfall 162267 (2020) Kat:2, Licht: 0","162267","2","7","0","04","13","7","0","0","1","0","0","0"
"POINT (11.537151095000070 48.116909575000079)","Unfall 162277 (2020) Kat:3, Licht: 0","162277","3","7","3","04","18","7","0","0","0","1","0","1"
"POINT (11.571524202000035 48.185665955000047)","Unfall 162285 (2020) Kat:3, Licht: 1","162285","3","4","6","04","20","1","0","1","0","1","1","0"
"POINT (11.483984221000071 48.116787647000081)","Unfall 162290 (2020) Kat:3, Licht: 0","162290","3","3","5","04","12","7","0","0","1","1","0","0"
"POINT (11.588111755000057 48.135399341000038)","Unfall 162301 (2020) Kat:3, Licht: 0","162301","3","3","5","04","07","2","1","0","0","1","0","1"
"POINT (11.581900187000031 48.152385145000039)","Unfall 162324 (2020) Kat:2, Licht: 0","162324","2","1","0","04","14","1","0","0","1","0","0","0"
"POINT (11.519717529000047 48.174459428000034)","Unfall 162329 (2020) Kat:3, Licht: 0","162329","3","2","5","04","14","7","0","0","1","1","0","0"
"POINT (11.663509346000069 48.166554731000076)","Unfall 162333 (2020) Kat:3, Licht: 0","162333","3","7","0","04","15","7","0","0","1","0","0","0"
"POINT (11.459056822000036 48.168972142000030)","Unfall 162337 (2020) Kat:3, Licht: 0","162337","3","6","2","04","14","1","0","0","1","0","0","0"
"POINT (11.615847009000049 48.120592318000035)","Unfall 162343 (2020) Kat:3, Licht: 0","162343","3","3","5","04","19","7","0","0","1","0","0","0"
"POINT (11.568233051000050 48.122462892000044)","Unfall 162348 (2020) Kat:3, Licht: 0","162348","3","6","4","04","14","1","0","0","1","0","0","0"
"POINT (11.593218083000068 48.169444546000079)","Unfall 162352 (2020) Kat:3, Licht: 0","162352","3","6","3","04","11","2","0","0","0","1","0","0"
"POINT (11.594593015000044 48.141826171000048)","Unfall 162364 (2020) Kat:3, Licht: 0","162364","3","3","4","04","08","2","0","0","1","1","0","0"
"POINT (11.571474780000074 48.112768427000049)","Unfall 162374 (2020) Kat:3, Licht: 0","162374","3","2","5","04","12","1","0","0","1","1","0","0"
"POINT (11.598761729000046 48.135579222000047)","Unfall 162383 (2020) Kat:3, Licht: 0","162383","3","4","6","04","18","7","0","0","0","1","1","0"
"POINT (11.511520640000072 48.160434429000077)","Unfall 162394 (2020) Kat:3, Licht: 0","162394","3","3","5","04","07","7","0","0","0","1","0","0"
"POINT (11.593087516000026 48.165275499000074)","Unfall 162401 (2020) Kat:3, Licht: 0","162401","3","2","1","04","16","2","0","0","0","1","0","0"
"POINT (11.555553241000041 48.131505015000073)","Unfall 162405 (2020) Kat:3, Licht: 0","162405","3","3","5","04","16","2","0","0","1","1","0","0"
"POINT (11.506809586000031 48.136562567000055)","Unfall 162415 (2020) Kat:3, Licht: 0","162415","3","3","5","04","15","5","0","0","1","0","0","0"
"POINT (11.609688997000035 48.151081322000039)","Unfall 162417 (2020) Kat:3, Licht: 0","162417","3","6","2","04","09","5","0","0","0","1","0","1"
"POINT (11.548258468000029 48.118350609000061)","Unfall 162420 (2020) Kat:3, Licht: 0","162420","3","2","2","04","10","5","0","0","1","0","0","0"
"POINT (11.533348642000021 48.153245077000065)","Unfall 162425 (2020) Kat:3, Licht: 0","162425","3","5","1","04","18","5","0","0","1","1","0","0"
"POINT (11.523711177000052 48.110736532000033)","Unfall 162427 (2020) Kat:2, Licht: 0","162427","2","6","4","04","15","5","0","0","0","1","0","0"
"POINT (11.489489675000073 48.165422603000081)","Unfall 162430 (2020) Kat:3, Licht: 0","162430","3","2","5","04","16","7","0","0","0","1","0","0"
"POINT (11.545374602000038 48.158267501000068)","Unfall 162436 (2020) Kat:3, Licht: 0","162436","3","6","3","04","10","5","0","0","0","1","0","1"
"POINT (11.421224828000049 48.174472108000032)","Unfall 162437 (2020) Kat:3, Licht: 2","162437","3","7","0","04","00","1","0","2","1","0","0","0"
"POINT (11.462179500000047 48.151520211000047)","Unfall 162445 (2020) Kat:2, Licht: 0","162445","2","3","5","04","19","5","0","0","1","1","0","0"
"POINT (11.519533898000077 48.113621252000030)","Unfall 162447 (2020) Kat:3, Licht: 0","162447","3","3","4","04","09","4","1","0","1","1","0","0"
"POINT (11.570960515000024 48.133086520000063)","Unfall 162454 (2020) Kat:3, Licht: 0","162454","3","1","0","04","09","4","1","0","1","0","0","0"
"POINT (11.624499661000073 48.190760582000053)","Unfall 162456 (2020) Kat:3, Licht: 0","162456","3","3","5","04","08","4","1","0","0","1","0","0"
"POINT (11.547121838000066 48.134520101000078)","Unfall 162465 (2020) Kat:2, Licht: 0","162465","2","2","4","04","13","4","1","0","0","1","0","1"
"POINT (11.672830894000072 48.123939929000073)","Unfall 162467 (2020) Kat:3, Licht: 0","162467","3","6","2","04","17","4","0","0","0","1","0","0"
"POINT (11.583084240000062 48.159757575000071)","Unfall 162473 (2020) Kat:3, Licht: 0","162473","3","3","5","04","14","4","0","0","1","1","0","0"
"POINT (11.526209887000050 48.151671339000075)","Unfall 162476 (2020) Kat:2, Licht: 0","162476","2","7","0","04","16","4","0","0","1","0","0","0"
"POINT (11.556939051000029 48.161373813000068)","Unfall 162478 (2020) Kat:3, Licht: 0","162478","3","2","5","04","14","4","0","0","0","1","0","0"
"POINT (11.630762976000028 48.118707198000038)","Unfall 162480 (2020) Kat:3, Licht: 0","162480","3","2","6","04","16","4","0","0","0","1","1","0"
"POINT (11.573562504000051 48.150940833000050)","Unfall 162492 (2020) Kat:3, Licht: 0","162492","3","7","6","05","13","2","0","0","0","1","1","0"
"POINT (11.658718458000067 48.126639421000050)","Unfall 162494 (2020) Kat:3, Licht: 0","162494","3","1","1","05","09","1","0","0","1","1","0","0"
"POINT (11.522640124000077 48.175729779000051)","Unfall 162495 (2020) Kat:3, Licht: 0","162495","3","7","0","05","12","1","0","0","1","0","0","0"
"POINT (11.434303914000054 48.148092723000047)","Unfall 162497 (2020) Kat:3, Licht: 0","162497","3","6","2","05","11","1","0","0","0","1","0","0"
"POINT (11.551668299000028 48.186097487000040)","Unfall 162538 (2020) Kat:3, Licht: 2","162538","3","3","5","05","23","7","0","2","0","1","0","0"
"POINT (11.589972890000070 48.192722010000068)","Unfall 162540 (2020) Kat:3, Licht: 0","162540","3","7","2","05","13","7","1","0","0","1","0","0"
"POINT (11.539726887000029 48.115049406000026)","Unfall 162541 (2020) Kat:3, Licht: 0","162541","3","7","5","05","08","2","0","0","0","1","0","0"
"POINT (11.564531034000026 48.198230549000073)","Unfall 162548 (2020) Kat:3, Licht: 0","162548","3","6","2","05","08","2","0","0","0","1","0","0"
"POINT (11.575906937000070 48.128249549000031)","Unfall 162551 (2020) Kat:3, Licht: 0","162551","3","2","3","05","12","2","1","0","1","1","0","0"
"POINT (11.657097953000061 48.098538299000040)","Unfall 162561 (2020) Kat:3, Licht: 0","162561","3","2","4","05","12","2","1","0","0","1","0","0"
"POINT (11.544537624000043 48.159667709000075)","Unfall 162573 (2020) Kat:3, Licht: 1","162573","3","1","0","05","20","2","1","1","1","0","0","0"
"POINT (11.502892441000029 48.135278562000053)","Unfall 162582 (2020) Kat:3, Licht: 0","162582","3","2","5","05","11","2","0","0","1","1","0","0"
"POINT (11.603629940000076 48.179633541000044)","Unfall 162594 (2020) Kat:3, Licht: 0","162594","3","2","5","05","17","6","1","0","1","0","0","0"
"POINT (11.629454548000069 48.165208422000035)","Unfall 162595 (2020) Kat:3, Licht: 0","162595","3","2","3","05","13","2","1","0","0","1","0","0"
"POINT (11.697766340000044 48.117757474000030)","Unfall 162596 (2020) Kat:1, Licht: 0","162596","1","1","8","05","06","6","0","0","0","1","0","0"
"POINT (11.606082642000047 48.120902876000059)","Unfall 162597 (2020) Kat:3, Licht: 0","162597","3","2","5","05","13","6","0","0","1","1","0","0"
"POINT (11.591725393000047 48.165921814000058)","Unfall 162598 (2020) Kat:3, Licht: 0","162598","3","2","3","05","16","6","1","0","1","1","0","0"
"POINT (11.481259632000047 48.094166868000059)","Unfall 162605 (2020) Kat:3, Licht: 0","162605","3","3","4","04","07","3","0","0","1","1","0","0"
"POINT (11.439620651000041 48.149069336000025)","Unfall 162607 (2020) Kat:3, Licht: 0","162607","3","3","1","04","13","3","0","0","1","1","0","0"
"POINT (11.556101165000030 48.141930256000080)","Unfall 162609 (2020) Kat:3, Licht: 0","162609","3","2","5","04","17","3","0","0","1","1","0","0"
"POINT (11.601945041000022 48.128271462000043)","Unfall 162612 (2020) Kat:3, Licht: 0","162612","3","4","6","05","16","2","0","0","1","0","1","0"
"POINT (11.546834132000072 48.159868344000074)","Unfall 162614 (2020) Kat:3, Licht: 0","162614","3","6","2","04","08","3","0","0","0","1","0","0"
"POINT (11.487472709000031 48.179485300000067)","Unfall 162616 (2020) Kat:3, Licht: 2","162616","3","7","8","04","22","5","1","2","0","1","0","0"
"POINT (11.584496353000077 48.157231182000032)","Unfall 162618 (2020) Kat:3, Licht: 0","162618","3","3","5","04","17","5","0","0","1","1","0","0"
"POINT (11.566058101000067 48.187053937000030)","Unfall 162619 (2020) Kat:3, Licht: 0","162619","3","2","5","04","14","3","0","0","1","1","0","0"
"POINT (11.561875301000043 48.161055582000074)","Unfall 162621 (2020) Kat:3, Licht: 0","162621","3","2","4","04","08","3","0","0","0","1","0","1"
"POINT (11.573482203000026 48.151355044000070)","Unfall 162622 (2020) Kat:3, Licht: 1","162622","3","5","1","04","19","5","1","1","1","1","0","0"
"POINT (11.552799385000071 48.161516534000043)","Unfall 162624 (2020) Kat:3, Licht: 2","162624","3","2","3","04","20","5","1","2","1","1","0","0"
"POINT (11.568414944000040 48.132493500000066)","Unfall 162625 (2020) Kat:3, Licht: 0","162625","3","1","0","04","15","5","0","0","0","1","0","1"
"POINT (11.474210440000036 48.142435319000072)","Unfall 162626 (2020) Kat:3, Licht: 0","162626","3","3","5","04","10","5","0","0","1","0","0","0"
"POINT (11.554979918000072 48.147094158000073)","Unfall 162627 (2020) Kat:3, Licht: 0","162627","3","7","1","04","15","3","0","0","0","1","0","0"
"POINT (11.563240783000026 48.160385772000041)","Unfall 162628 (2020) Kat:3, Licht: 2","162628","3","1","0","04","21","5","1","2","0","1","0","0"
"POINT (11.488484495000023 48.129989200000068)","Unfall 162629 (2020) Kat:2, Licht: 0","162629","2","3","5","04","13","5","0","0","1","1","0","0"
"POINT (11.529752576000021 48.160443584000063)","Unfall 162630 (2020) Kat:3, Licht: 0","162630","3","7","0","04","11","5","1","0","1","0","0","0"
"POINT (11.523247003000051 48.133917065000048)","Unfall 162631 (2020) Kat:3, Licht: 0","162631","3","2","5","04","12","3","0","0","1","1","0","0"
"POINT (11.529597942000066 48.157179356000029)","Unfall 162632 (2020) Kat:3, Licht: 0","162632","3","1","0","04","15","5","0","0","0","0","0","1"
"POINT (11.571510340000032 48.160666380000066)","Unfall 162633 (2020) Kat:3, Licht: 0","162633","3","1","1","04","17","3","1","0","1","1","0","0"
"POINT (11.504699730000027 48.132211251000058)","Unfall 162634 (2020) Kat:3, Licht: 0","162634","3","3","5","04","11","5","0","0","0","1","0","0"
"POINT (11.575183237000033 48.128639830000054)","Unfall 162636 (2020) Kat:2, Licht: 0","162636","2","4","6","05","16","2","0","0","1","0","1","0"
"POINT (11.652918663000037 48.107140546000039)","Unfall 162637 (2020) Kat:3, Licht: 0","162637","3","7","5","04","17","5","0","0","1","0","0","0"
"POINT (11.479042740000068 48.182697312000073)","Unfall 162646 (2020) Kat:3, Licht: 0","162646","3","7","0","05","07","2","0","0","1","0","0","0"
"POINT (11.582889201000057 48.153929481000034)","Unfall 162694 (2020) Kat:3, Licht: 0","162694","3","6","4","05","10","2","0","0","1","0","0","0"
"POINT (11.572991073000026 48.150594363000039)","Unfall 162696 (2020) Kat:3, Licht: 0","162696","3","7","5","05","09","2","0","0","1","1","0","0"
"POINT (11.560260938000056 48.142490379000037)","Unfall 162697 (2020) Kat:3, Licht: 0","162697","3","2","3","04","15","4","0","0","1","1","0","0"
"POINT (11.404917490000059 48.179072929000029)","Unfall 162698 (2020) Kat:3, Licht: 0","162698","3","2","5","04","11","4","1","0","1","1","0","0"
"POINT (11.414958428000034 48.162798078000037)","Unfall 162700 (2020) Kat:3, Licht: 2","162700","3","3","5","05","20","2","1","2","0","1","0","0"
"POINT (11.582731472000035 48.133907417000046)","Unfall 162702 (2020) Kat:3, Licht: 0","162702","3","3","5","05","08","4","0","0","0","1","0","0"
"POINT (11.569872445000044 48.130949975000078)","Unfall 162704 (2020) Kat:3, Licht: 2","162704","3","1","0","05","23","6","0","2","1","0","0","0"
"POINT (11.459682568000062 48.151542938000034)","Unfall 162714 (2020) Kat:2, Licht: 0","162714","2","3","5","05","07","6","0","0","1","1","0","0"
"POINT (11.599017461000074 48.121308217000035)","Unfall 162716 (2020) Kat:3, Licht: 0","162716","3","3","0","05","08","4","0","0","1","0","0","0"
"POINT (11.637061167000070 48.155056417000026)","Unfall 162725 (2020) Kat:3, Licht: 0","162725","3","2","4","05","12","6","0","0","0","1","0","0"
"POINT (11.540153390000057 48.116185501000075)","Unfall 162727 (2020) Kat:3, Licht: 0","162727","3","7","0","05","18","5","0","0","0","0","0","1"