WKT,Name,OBJECTID,UKATEGORIE,UTYP1,UART,UMONAT,USTUNDE,UWOCHENTAG,STRZUSTAND,ULICHTVERH,ISTRAD,ISTPKW,ISTFUSS,ISTKRAD
"POINT (11.675399828000025 48.127922476000037)","Unfall 163736 (2020) Kat:3, Licht: 0","163736","3","7","2","05","13","6","0","0","0","1","0","0"
"POINT (11.602796378000050 48.127942779000080)","Unfall 163756 (2020) Kat:3, Licht: 2","163756","3","7","0","05","00","3","0","2","0","0","0","0"
"POINT (11.548325690000070 48.119331730000056)","Unfall 163759 (2020) Kat:3, Licht: 0","163759","3","3","5","05","18","1","0","0","0","1","0","0"
"POINT (11.560210161000043 48.137405312000055)","Unfall 163760 (2020) Kat:3, Licht: 0","163760","3","4","6","05","12","7","0","0","1","0","1","0"
"POINT (11.586523078000027 48.111172471000032)","Unfall 163762 (2020) Kat:3, Licht: 0","163762","3","7","0","05","10","2","0","0","1","0","0","0"
"POINT (11.503050239000061 48.140224203000059)","Unfall 163764 (2020) Kat:3, Licht: 0","163764","3","5","1","05","15","6","0","0","1","1","0","0"
"POINT (11.461540212000045 48.148581610000065)","Unfall 163767 (2020) Kat:3, Licht: 0","163767","3","1","0","05","19","2","0","0","1","0","0","0"
"POINT (11.566051696000045 48.187088969000058)","Unfall 163769 (2020) Kat:3, Licht: 0","163769","3","7","3","05","13","3","0","0","1","1","0","0"
"POINT (11.583485850000045 48.119121025000027)","Unfall 163776 (2020) Kat:3, Licht: 0","163776","3","7","0","05","11","6","0","0","1","0","0","0"
"POINT (11.495915420000074 48.122003380000081)","Unfall 163787 (2020) Kat:3, Licht: 0","163787","3","5","1","05","09","6","0","0","0","1","0","0"
"POINT (11.629925064000076 48.153504255000030)","Unfall 163795 (2020) Kat:3, Licht: 0","163795","3","6","2","05","08","3","0","0","0","1","0","0"
"POINT (11.566237932000035 48.187240763000034)","Unfall 163810 (2020) Kat:3, Licht: 0","163810","3","7","3","05","13","3","0","0","1","1","0","0"
"POINT (11.599820729000044 48.149601661000077)","Unfall 163812 (2020) Kat:2, Licht: 0","163812","2","6","3","05","12","1","0","0","1","0","0","0"
"POINT (11.652934083000048 48.098425988000031)","Unfall 163815 (2020) Kat:3, Licht: 0","163815","3","2","1","05","15","7","1","0","1","1","0","0"
"POINT (11.602941765000025 48.140045619000034)","Unfall 163818 (2020) Kat:3, Licht: 0","163818","3","2","5","05","07","2","1","0","1","1","0","0"
"POINT (11.541950943000074 48.158635210000057)","Unfall 163820 (2020) Kat:3, Licht: 0","163820","3","4","6","05","11","3","0","0","0","1","1","0"
"POINT (11.557048465000037 48.136374570000044)","Unfall 163829 (2020) Kat:3, Licht: 0","163829","3","6","3","05","15","2","0","0","1","1","0","0"
"POINT (11.592077174000053 48.107066181000050)","Unfall 163840 (2020) Kat:3, Licht: 0","163840","3","5","1","05","19","6","0","0","1","1","0","0"
"POINT (11.556630350000034 48.213233864000074)","Unfall 163842 (2020) Kat:3, Licht: 0","163842","3","1","0","05","15","6","0","0","1","0","0","0"
"POINT (11.418391865000046 48.158415342000069)","Unfall 163845 (2020) Kat:3, Licht: 0","163845","3","3","5","05","17","6","0","0","1","1","0","0"
"POINT (11.543607095000027 48.186176602000046)","Unfall 163856 (2020) Kat:2, Licht: 0","163856","2","3","5","05","15","6","0","0","1","1","0","0"
"POINT (11.646257000000048 48.103675578000036)","Unfall 163860 (2020) Kat:3, Licht: 0","163860","3","2","6","05","14","2","0","0","0","1","1","0"
"POINT (11.570456361000026 48.158571635000044)","Unfall 163862 (2020) Kat:2, Licht: 0","163862","2","3","5","05","16","3","0","0","0","1","0","1"
"POINT (11.584907759000032 48.150000260000070)","Unfall 163866 (2020) Kat:3, Licht: 0","163866","3","2","3","05","09","3","0","0","1","0","0","0"
"POINT (11.603789814000038 48.161289476000036)","Unfall 163870 (2020) Kat:2, Licht: 2","163870","2","1","0","05","20","6","0","2","1","0","0","0"
"POINT (11.574932437000029 48.139566120000040)","Unfall 163871 (2020) Kat:3, Licht: 0","163871","3","1","0","05","18","7","1","0","1","0","0","0"
"POINT (11.547899241000039 48.158818032000056)","Unfall 163873 (2020) Kat:3, Licht: 0","163873","3","2","5","05","18","2","0","0","1","1","0","0"
"POINT (11.582152133000022 48.098333108000077)","Unfall 163875 (2020) Kat:3, Licht: 0","163875","3","2","5","05","17","6","0","0","1","1","0","0"
"POINT (11.602797943000041 48.140150539000047)","Unfall 163885 (2020) Kat:3, Licht: 0","163885","3","6","3","05","14","6","0","0","1","0","0","0"
"POINT (11.529379009000024 48.084196067000050)","Unfall 163887 (2020) Kat:3, Licht: 0","163887","3","3","5","05","09","6","0","0","1","1","0","0"
"POINT (11.558476335000023 48.132833452000057)","Unfall 163889 (2020) Kat:3, Licht: 0","163889","3","7","1","05","17","6","0","0","1","1","0","0"
"POINT (11.575384268000050 48.119464596000057)","Unfall 163898 (2020) Kat:3, Licht: 0","163898","3","7","6","05","15","6","0","0","1","0","1","0"
"POINT (11.575909956000032 48.119252635000066)","Unfall 163910 (2020) Kat:3, Licht: 0","163910","3","5","1","05","14","6","0","0","1","1","0","0"
"POINT (11.565460970000061 48.150779390000025)","Unfall 163911 (2020) Kat:3, Licht: 2","163911","3","3","5","05","23","7","0","2","0","1","0","1"
"POINT (11.556015414000058 48.142022987000075)","Unfall 163920 (2020) Kat:3, Licht: 0","163920","3","1","0","05","11","3","0","0","1","0","0","0"
"POINT (11.581598847000066 48.138815239000053)","Unfall 163923 (2020) Kat:3, Licht: 0","163923","3","1","0","05","15","1","0","0","1","0","0","0"
"POINT (11.545057198000052 48.122467383000071)","Unfall 163924 (2020) Kat:3, Licht: 0","163924","3","2","5","05","15","7","1","0","0","1","0","1"
"POINT (11.604163919000030 48.146962917000053)","Unfall 163926 (2020) Kat:3, Licht: 0","163926","3","2","5","05","16","2","0","0","1","1","0","0"
"POINT (11.626335604000076 48.171796352000058)","Unfall 163930 (2020) Kat:3, Licht: 0","163930","3","3","5","05","11","2","0","0","1","1","0","0"
"POINT (11.579184407000071 48.176033599000050)","Unfall 163932 (2020) Kat:3, Licht: 0","163932","3","6","3","05","10","3","0","0","1","0","0","0"
"POINT (11.545065975000057 48.191699873000061)","Unfall 163935 (2020) Kat:3, Licht: 0","163935","3","3","5","05","10","6","0","0","1","1","0","0"
"POINT (11.584496353000077 48.157231182000032)","Unfall 163940 (2020) Kat:3, Licht: 0","163940","3","3","5","05","09","6","0","0","1","1","0","0"
"POINT (11.517455499000050 48.137110259000053)","Unfall 163969 (2020) Kat:3, Licht: 2","163969","3","7","0","05","00","2","0","2","0","0","0","0"
"POINT (11.558718298000031 48.129673363000052)","Unfall 163971 (2020) Kat:3, Licht: 0","163971","3","6","2","05","18","3","0","0","1","0","0","0"
"POINT (11.554108102000043 48.167396898000050)","Unfall 163973 (2020) Kat:3, Licht: 0","163973","3","7","0","05","15","1","0","0","1","0","0","0"
"POINT (11.564491216000022 48.153530945000057)","Unfall 163974 (2020) Kat:3, Licht: 0","163974","3","7","1","05","12","3","0","0","1","1","0","0"
"POINT (11.566332698000053 48.139933998000060)","Unfall 163978 (2020) Kat:3, Licht: 0","163978","3","3","3","05","14","7","0","0","1","1","0","0"
"POINT (11.644301136000024 48.097091896000052)","Unfall 163981 (2020) Kat:3, Licht: 0","163981","3","6","3","05","15","2","0","0","1","1","0","0"
"POINT (11.549868010000068 48.138899308000077)","Unfall 163983 (2020) Kat:3, Licht: 2","163983","3","1","0","05","21","3","0","2","1","0","0","0"
"POINT (11.534431769000037 48.192740131000050)","Unfall 163994 (2020) Kat:3, Licht: 0","163994","3","6","2","05","11","6","0","0","0","1","0","0"
"POINT (11.558297854000045 48.161254476000067)","Unfall 163996 (2020) Kat:3, Licht: 0","163996","3","7","0","05","09","6","0","0","1","0","0","0"
"POINT (11.520187054000075 48.150168793000034)","Unfall 164004 (2020) Kat:3, Licht: 0","164004","3","2","5","05","13","4","0","0","1","0","0","1"
"POINT (11.462486932000047 48.136936966000064)","Unfall 164009 (2020) Kat:3, Licht: 0","164009","3","7","1","05","18","4","0","0","1","1","0","0"
"POINT (11.556152376000057 48.142070213000068)","Unfall 164012 (2020) Kat:3, Licht: 0","164012","3","2","5","05","08","4","0","0","1","1","0","0"
"POINT (11.480204763000074 48.216760840000063)","Unfall 164025 (2020) Kat:3, Licht: 0","164025","3","6","6","05","10","4","0","0","1","0","1","0"
"POINT (11.587886603000072 48.173448938000035)","Unfall 164027 (2020) Kat:3, Licht: 0","164027","3","3","3","05","11","4","0","0","1","0","0","0"
"POINT (11.557364386000074 48.127101246000052)","Unfall 164031 (2020) Kat:2, Licht: 0","164031","2","6","3","05","19","6","0","0","1","0","0","0"
"POINT (11.572968079000077 48.145699221000029)","Unfall 164032 (2020) Kat:3, Licht: 0","164032","3","7","5","05","15","6","0","0","0","0","0","0"
"POINT (11.676612389000070 48.121656907000045)","Unfall 164035 (2020) Kat:3, Licht: 0","164035","3","3","5","05","18","4","0","0","1","1","0","0"
"POINT (11.575993470000071 48.160248254000066)","Unfall 164036 (2020) Kat:3, Licht: 0","164036","3","1","1","05","08","6","0","0","0","1","0","1"
"POINT (11.532203472000049 48.130064322000067)","Unfall 164037 (2020) Kat:1, Licht: 2","164037","1","1","8","05","02","4","0","2","0","1","0","0"
"POINT (11.626990626000065 48.139398867000068)","Unfall 164038 (2020) Kat:3, Licht: 0","164038","3","2","4","05","08","4","0","0","1","1","0","0"
"POINT (11.506994251000037 48.152524274000029)","Unfall 164039 (2020) Kat:3, Licht: 0","164039","3","6","2","05","08","6","0","0","0","1","0","0"
"POINT (11.569946872000060 48.151970625000047)","Unfall 164041 (2020) Kat:3, Licht: 0","164041","3","6","3","05","12","6","0","0","1","1","0","0"
"POINT (11.658640728000023 48.101084233000051)","Unfall 164042 (2020) Kat:3, Licht: 0","164042","3","1","8","05","13","6","0","0","0","1","0","0"
"POINT (11.598196965000056 48.149328929000035)","Unfall 164044 (2020) Kat:3, Licht: 0","164044","3","6","3","05","18","4","0","0","1","0","0","0"
"POINT (11.526221086000021 48.157535207000080)","Unfall 164046 (2020) Kat:3, Licht: 0","164046","3","3","5","05","18","6","0","0","1","1","0","0"
"POINT (11.593575671000053 48.128084165000075)","Unfall 164048 (2020) Kat:3, Licht: 0","164048","3","5","0","05","11","4","0","0","1","1","0","0"
"POINT (11.518807197000058 48.131484503000081)","Unfall 164049 (2020) Kat:3, Licht: 0","164049","3","7","0","05","15","6","0","0","1","0","0","0"
"POINT (11.543916611000043 48.103252337000072)","Unfall 164050 (2020) Kat:3, Licht: 0","164050","3","2","2","05","19","6","0","0","1","1","0","0"
"POINT (11.613118624000037 48.137806820000037)","Unfall 164053 (2020) Kat:3, Licht: 0","164053","3","5","1","05","14","6","0","0","1","1","0","0"
"POINT (11.657760517000042 48.149812091000058)","Unfall 164054 (2020) Kat:3, Licht: 0","164054","3","2","4","05","12","6","0","0","1","1","0","0"
"POINT (11.597091857000066 48.123924369000065)","Unfall 164055 (2020) Kat:3, Licht: 0","164055","3","2","3","05","07","4","0","0","1","1","0","0"
"POINT (11.582281875000035 48.127062609000063)","Unfall 164057 (2020) Kat:3, Licht: 0","164057","3","1","0","05","07","6","0","0","1","0","0","0"
"POINT (11.583964832000049 48.162233153000045)","Unfall 164059 (2020) Kat:3, Licht: 0","164059","3","1","1","05","19","7","0","0","1","1","0","0"
"POINT (11.557530128000053 48.129907157000048)","Unfall 164060 (2020) Kat:3, Licht: 0","164060","3","5","1","05","17","4","0","0","1","1","0","0"
"POINT (11.552223363000053 48.142809707000026)","Unfall 164151 (2020) Kat:3, Licht: 0","164151","3","6","3","05","17","5","0","0","1","0","0","0"
"POINT (11.506676414000026 48.167417015000069)","Unfall 164155 (2020) Kat:3, Licht: 0","164155","3","2","3","05","18","5","0","0","0","1","0","0"
"POINT (11.550492329000065 48.155897417000062)","Unfall 164158 (2020) Kat:3, Licht: 0","164158","3","1","0","05","16","5","0","0","1","0","0","0"
"POINT (11.581462782000074 48.138843624000060)","Unfall 164159 (2020) Kat:2, Licht: 0","164159","2","1","0","05","12","5","1","0","1","0","0","0"
"POINT (11.586000372000058 48.142297389000078)","Unfall 164161 (2020) Kat:3, Licht: 0","164161","3","4","6","05","11","5","1","0","0","1","1","0"
"POINT (11.566203214000041 48.154826772000035)","Unfall 164162 (2020) Kat:3, Licht: 0","164162","3","3","5","05","10","5","0","0","1","1","0","0"
"POINT (11.572906834000037 48.177756183000042)","Unfall 164165 (2020) Kat:3, Licht: 0","164165","3","2","5","05","11","5","1","0","0","1","0","0"
"POINT (11.453323204000071 48.147766385000068)","Unfall 164166 (2020) Kat:3, Licht: 0","164166","3","1","0","05","09","5","0","0","1","0","0","0"
"POINT (11.528639496000039 48.099824791000060)","Unfall 164169 (2020) Kat:3, Licht: 0","164169","3","3","0","05","09","5","0","0","1","1","0","0"
"POINT (11.555871966000041 48.130005635000032)","Unfall 164170 (2020) Kat:3, Licht: 0","164170","3","2","4","05","16","5","0","0","1","0","0","1"
"POINT (11.587239679000049 48.169525908000026)","Unfall 164172 (2020) Kat:3, Licht: 0","164172","3","1","3","05","08","5","0","0","1","0","0","0"
"POINT (11.573679950000042 48.151661933000071)","Unfall 164174 (2020) Kat:3, Licht: 1","164174","3","1","1","05","19","5","1","1","1","1","0","0"
"POINT (11.573725034000063 48.143327494000062)","Unfall 164177 (2020) Kat:3, Licht: 0","164177","3","7","0","05","17","5","1","0","1","0","0","0"
"POINT (11.573885211000061 48.167152997000073)","Unfall 164219 (2020) Kat:3, Licht: 0","164219","3","6","3","05","18","7","0","0","1","1","0","0"
"POINT (11.503955412000039 48.172868595000068)","Unfall 164260 (2020) Kat:2, Licht: 0","164260","2","1","8","05","14","4","0","0","0","1","0","0"
"POINT (11.593831047000037 48.140396284000076)","Unfall 164263 (2020) Kat:3, Licht: 0","164263","3","4","5","05","20","4","0","0","1","0","1","0"
"POINT (11.568544242000030 48.156805749000057)","Unfall 164265 (2020) Kat:3, Licht: 0","164265","3","4","6","05","19","4","0","0","0","1","1","0"
"POINT (11.524287464000054 48.158791124000061)","Unfall 164275 (2020) Kat:3, Licht: 0","164275","3","5","1","06","10","3","0","0","1","0","0","0"
"POINT (11.593480035000027 48.142183851000027)","Unfall 164284 (2020) Kat:3, Licht: 0","164284","3","2","5","06","14","3","0","0","1","1","0","0"
"POINT (11.591141330000028 48.130539738000039)","Unfall 164306 (2020) Kat:3, Licht: 0","164306","3","4","6","06","18","2","0","0","1","0","1","0"
"POINT (11.416095184000028 48.149179092000054)","Unfall 164307 (2020) Kat:3, Licht: 0","164307","3","3","5","06","11","3","0","0","0","1","0","0"
"POINT (11.643043310000053 48.159712631000048)","Unfall 164319 (2020) Kat:3, Licht: 0","164319","3","1","4","06","16","3","0","0","0","1","0","0"
"POINT (11.506856897000034 48.092929114000071)","Unfall 164327 (2020) Kat:3, Licht: 0","164327","3","1","0","06","10","3","0","0","1","0","0","0"
"POINT (11.572649805000026 48.150066580000043)","Unfall 164337 (2020) Kat:3, Licht: 2","164337","3","7","0","06","22","3","0","2","1","0","0","0"
"POINT (11.463521457000070 48.135403556000028)","Unfall 164355 (2020) Kat:3, Licht: 0","164355","3","3","5","06","11","2","0","0","1","1","0","0"
"POINT (11.569115961000023 48.131125724000071)","Unfall 164356 (2020) Kat:3, Licht: 0","164356","3","2","5","06","19","3","0","0","1","1","0","0"
"POINT (11.548874087000058 48.092002968000031)","Unfall 164368 (2020) Kat:3, Licht: 0","164368","3","1","0","06","16","2","0","0","1","0","0","0"
"POINT (11.498366319000070 48.131641907000073)","Unfall 164369 (2020) Kat:3, Licht: 0","164369","3","3","0","06","09","2","0","0","0","1","0","1"
"POINT (11.586284224000053 48.168904679000036)","Unfall 164370 (2020) Kat:3, Licht: 0","164370","3","2","3","06","12","3","0","0","1","0","0","0"
"POINT (11.505882732000032 48.164128708000078)","Unfall 164381 (2020) Kat:2, Licht: 0","164381","2","4","6","06","14","3","0","0","0","1","1","0"
"POINT (11.540157849000025 48.134787405000054)","Unfall 164393 (2020) Kat:3, Licht: 0","164393","3","4","6","06","08","3","0","0","1","0","1","0"
"POINT (11.599434937000069 48.125230199000043)","Unfall 164410 (2020) Kat:3, Licht: 2","164410","3","2","5","06","21","2","0","2","0","1","0","0"
"POINT (11.587202667000042 48.127182117000075)","Unfall 164415 (2020) Kat:3, Licht: 0","164415","3","7","1","06","19","3","0","0","1","1","0","0"
"POINT (11.574989936000065 48.157646245000080)","Unfall 164426 (2020) Kat:3, Licht: 0","164426","3","2","4","06","07","3","0","0","1","0","0","0"
"POINT (11.547522262000030 48.159287234000033)","Unfall 164434 (2020) Kat:3, Licht: 0","164434","3","4","6","06","11","3","0","0","0","0","1","1"
"POINT (11.560838758000045 48.153382577000059)","Unfall 164445 (2020) Kat:3, Licht: 0","164445","3","7","0","06","15","3","0","0","1","0","0","0"
"POINT (11.481607790000055 48.095059511000045)","Unfall 164465 (2020) Kat:3, Licht: 0","164465","3","6","2","06","18","2","0","0","0","1","0","1"
"POINT (11.596349140000029 48.192800802000079)","Unfall 164466 (2020) Kat:3, Licht: 0","164466","3","6","1","06","18","3","0","0","0","0","0","0"
"POINT (11.532885007000061 48.154195187000028)","Unfall 164477 (2020) Kat:3, Licht: 0","164477","3","6","4","06","15","2","0","0","1","0","0","0"
"POINT (11.564511553000045 48.178079989000025)","Unfall 164478 (2020) Kat:3, Licht: 0","164478","3","6","2","06","11","3","0","0","0","1","0","0"
"POINT (11.549652710000032 48.125086394000050)","Unfall 164479 (2020) Kat:3, Licht: 1","164479","3","2","4","05","20","1","0","1","0","1","0","1"
"POINT (11.603733547000047 48.135742403000052)","Unfall 164484 (2020) Kat:3, Licht: 0","164484","3","2","0","06","10","3","0","0","1","1","0","0"
"POINT (11.504716769000026 48.151924180000037)","Unfall 164485 (2020) Kat:3, Licht: 0","164485","3","1","0","05","14","1","0","0","1","0","0","0"
"POINT (11.580367508000052 48.129878230000031)","Unfall 164486 (2020) Kat:3, Licht: 0","164486","3","7","3","05","17","1","0","0","0","1","0","0"
"POINT (11.584029089000069 48.136652451000032)","Unfall 164487 (2020) Kat:3, Licht: 0","164487","3","6","5","06","17","3","0","0","0","0","0","1"
"POINT (11.538820127000065 48.210554253000055)","Unfall 164488 (2020) Kat:3, Licht: 0","164488","3","5","1","05","18","1","0","0","0","1","0","1"
"POINT (11.503004596000039 48.134219924000035)","Unfall 164489 (2020) Kat:3, Licht: 2","164489","3","6","8","05","04","1","0","2","1","1","0","0"
"POINT (11.588549208000074 48.140141124000081)","Unfall 164493 (2020) Kat:3, Licht: 0","164493","3","1","0","06","16","3","0","0","1","0","0","0"
"POINT (11.461225162000062 48.154191452000077)","Unfall 164494 (2020) Kat:3, Licht: 0","164494","3","3","5","05","16","1","0","0","1","0","0","0"
"POINT (11.519212960000061 48.142778043000078)","Unfall 164497 (2020) Kat:3, Licht: 0","164497","3","6","2","05","17","1","0","0","0","1","0","0"
"POINT (11.584173901000042 48.138306998000076)","Unfall 164514 (2020) Kat:3, Licht: 0","164514","3","1","1","06","09","3","0","0","1","1","0","0"
"POINT (11.556612694000023 48.145971594000059)","Unfall 164516 (2020) Kat:3, Licht: 0","164516","3","3","5","06","19","3","0","0","1","1","0","0"
"POINT (11.547329614000034 48.139260518000071)","Unfall 164526 (2020) Kat:3, Licht: 0","164526","3","7","0","06","17","3","0","0","0","0","1","0"
"POINT (11.609119851000059 48.138744042000042)","Unfall 164555 (2020) Kat:3, Licht: 0","164555","3","3","5","06","06","2","0","0","0","1","0","0"
"POINT (11.592656542000043 48.129526035000026)","Unfall 164570 (2020) Kat:3, Licht: 0","164570","3","2","5","06","08","2","0","0","1","1","0","0"
"POINT (11.486693085000070 48.110926267000082)","Unfall 164575 (2020) Kat:3, Licht: 0","164575","3","3","5","06","14","1","1","0","0","1","0","0"
"POINT (11.543221602000074 48.150435197000036)","Unfall 164576 (2020) Kat:3, Licht: 0","164576","3","3","5","06","13","1","1","0","0","1","0","0"
"POINT (11.564235091000057 48.151125823000029)","Unfall 164577 (2020) Kat:3, Licht: 0","164577","3","3","5","06","12","1","1","0","0","1","0","0"
"POINT (11.594617112000037 48.164573165000036)","Unfall 164579 (2020) Kat:3, Licht: 0","164579","3","2","4","06","17","1","1","0","1","1","0","0"
"POINT (11.534174604000043 48.110318518000042)","Unfall 164580 (2020) Kat:3, Licht: 0","164580","3","2","5","06","20","2","0","0","1","1","0","0"
"POINT (11.595131309000067 48.165354456000046)","Unfall 164581 (2020) Kat:3, Licht: 0","164581","3","7","2","06","18","1","1","0","0","1","0","0"
"POINT (11.570934767000040 48.125768763000053)","Unfall 164582 (2020) Kat:3, Licht: 0","164582","3","4","0","06","15","1","1","0","0","0","1","0"
"POINT (11.587608739000075 48.165196905000073)","Unfall 164584 (2020) Kat:3, Licht: 0","164584","3","5","1","06","15","1","0","0","0","1","0","0"
"POINT (11.552352794000058 48.155476323000073)","Unfall 164606 (2020) Kat:3, Licht: 2","164606","3","4","6","06","23","7","1","2","1","0","1","0"
"POINT (11.581664702000069 48.144819134000045)","Unfall 164608 (2020) Kat:3, Licht: 0","164608","3","4","6","06","17","7","1","0","0","1","1","0"
"POINT (11.575310643000023 48.128546658000062)","Unfall 164610 (2020) Kat:3, Licht: 0","164610","3","4","6","06","13","7","0","0","0","0","1","1"
"POINT (11.559110021000038 48.142955359000041)","Unfall 164611 (2020) Kat:3, Licht: 0","164611","3","1","0","06","17","7","1","0","1","0","0","0"
"POINT (11.418455597000047 48.154004409000038)","Unfall 164612 (2020) Kat:2, Licht: 0","164612","2","4","6","06","10","7","0","0","0","1","1","0"
"POINT (11.629729997000027 48.155765331000055)","Unfall 164613 (2020) Kat:3, Licht: 2","164613","3","6","2","06","21","7","1","2","0","1","0","0"
"POINT (11.534457423000049 48.136626736000039)","Unfall 164615 (2020) Kat:3, Licht: 0","164615","3","3","5","06","14","7","0","0","1","1","0","0"
"POINT (11.565315924000060 48.126009543000066)","Unfall 164616 (2020) Kat:3, Licht: 0","164616","3","4","2","06","12","2","0","0","0","1","1","1"
"POINT (11.576559268000040 48.133049769000081)","Unfall 164617 (2020) Kat:3, Licht: 0","164617","3","4","6","06","14","7","0","0","1","0","1","0"
"POINT (11.529936753000072 48.102556279000055)","Unfall 164633 (2020) Kat:3, Licht: 0","164633","3","2","3","06","19","2","0","0","1","1","0","0"
"POINT (11.437616320000075 48.174759919000053)","Unfall 164642 (2020) Kat:3, Licht: 0","164642","3","3","5","06","17","2","0","0","0","1","0","0"
"POINT (11.434830082000076 48.183397874000036)","Unfall 164649 (2020) Kat:3, Licht: 0","164649","3","6","3","06","14","5","1","0","0","1","0","0"
"POINT (11.539964732000044 48.161128106000035)","Unfall 164654 (2020) Kat:3, Licht: 0","164654","3","6","2","06","19","2","1","0","0","1","0","1"
"POINT (11.544709024000042 48.139589373000035)","Unfall 164658 (2020) Kat:3, Licht: 0","164658","3","1","5","06","14","4","0","0","1","1","0","0"
"POINT (11.591981991000068 48.168274010000061)","Unfall 164661 (2020) Kat:3, Licht: 2","164661","3","1","0","06","21","4","1","2","1","0","0","0"
"POINT (11.508000124000034 48.097776012000054)","Unfall 164665 (2020) Kat:3, Licht: 0","164665","3","3","5","06","12","4","0","0","1","1","0","0"
"POINT (11.574617347000071 48.177552599000080)","Unfall 164672 (2020) Kat:3, Licht: 0","164672","3","1","0","06","20","4","0","0","1","0","0","0"
"POINT (11.534090096000057 48.137979219000044)","Unfall 164675 (2020) Kat:3, Licht: 0","164675","3","3","5","06","17","2","0","0","1","1","0","0"
"POINT (11.540075801000057 48.126563655000041)","Unfall 164678 (2020) Kat:2, Licht: 0","164678","2","7","3","06","07","2","0","0","0","1","0","1"
"POINT (11.506833370000038 48.179257886000073)","Unfall 164679 (2020) Kat:3, Licht: 0","164679","3","1","2","06","09","6","1","0","0","1","0","0"
"POINT (11.575050505000036 48.161139695000031)","Unfall 164680 (2020) Kat:3, Licht: 0","164680","3","3","5","06","12","6","1","0","0","1","0","1"
"POINT (11.587235972000030 48.135741147000033)","Unfall 164681 (2020) Kat:3, Licht: 0","164681","3","1","0","06","14","4","0","0","1","0","0","0"
"POINT (11.528137886000025 48.218043223000052)","Unfall 164682 (2020) Kat:3, Licht: 0","164682","3","4","6","06","15","6","1","0","0","1","1","0"
"POINT (11.513374266000028 48.132005270000036)","Unfall 164684 (2020) Kat:3, Licht: 2","164684","3","7","0","06","23","6","0","2","0","0","1","0"
"POINT (11.454397170000050 48.150829692000059)","Unfall 164686 (2020) Kat:3, Licht: 0","164686","3","1","0","06","18","4","0","0","1","0","0","0"
"POINT (11.415751661000058 48.174897729000065)","Unfall 164688 (2020) Kat:3, Licht: 0","164688","3","7","7","06","14","4","0","0","1","0","0","0"
"POINT (11.577376889000050 48.145514475000027)","Unfall 164689 (2020) Kat:2, Licht: 0","164689","2","2","5","06","18","4","0","0","0","0","0","1"
"POINT (11.481933796000021 48.170809876000078)","Unfall 164692 (2020) Kat:3, Licht: 0","164692","3","7","5","06","16","2","0","0","1","1","0","0"
"POINT (11.473831112000028 48.111057422000044)","Unfall 164694 (2020) Kat:3, Licht: 0","164694","3","3","5","06","13","4","0","0","1","1","0","0"
"POINT (11.534749890000057 48.146517080000081)","Unfall 164700 (2020) Kat:3, Licht: 0","164700","3","2","5","06","18","4","0","0","1","1","0","0"
"POINT (11.597599337000077 48.123250400000074)","Unfall 164708 (2020) Kat:3, Licht: 0","164708","3","1","0","06","07","4","0","0","1","0","0","0"
"POINT (11.539034137000044 48.129821148000076)","Unfall 164712 (2020) Kat:3, Licht: 0","164712","3","3","5","06","17","4","0","0","1","0","0","0"
"POINT (11.567778764000025 48.140431355000032)","Unfall 164718 (2020) Kat:3, Licht: 0","164718","3","7","6","06","16","2","0","0","0","1","1","0"
"POINT (11.640566941000031 48.094945716000041)","Unfall 164756 (2020) Kat:3, Licht: 0","164756","3","6","1","06","12","5","0","0","0","1","0","0"
"POINT (11.540393596000058 48.213892192000060)","Unfall 164758 (2020) Kat:3, Licht: 0","164758","3","7","6","06","15","5","0","0","0","0","1","0"
"POINT (11.570361122000065 48.130885041000056)","Unfall 164759 (2020) Kat:3, Licht: 0","164759","3","7","0","06","19","5","1","0","1","0","0","0"
"POINT (11.658215475000077 48.101226895000082)","Unfall 164760 (2020) Kat:3, Licht: 0","164760","3","6","1","06","18","5","1","0","0","1","0","0"
"POINT (11.617120287000034 48.130955398000026)","Unfall 164762 (2020) Kat:3, Licht: 0","164762","3","6","3","06","17","5","1","0","0","1","0","1"
"POINT (11.574552288000064 48.150646083000026)","Unfall 164764 (2020) Kat:3, Licht: 0","164764","3","6","3","06","14","5","1","0","1","1","0","0"
"POINT (11.542570737000062 48.122148805000052)","Unfall 164765 (2020) Kat:3, Licht: 0","164765","3","3","5","06","06","5","0","0","0","1","0","0"
"POINT (11.540085746000045 48.116511387000060)","Unfall 164766 (2020) Kat:3, Licht: 0","164766","3","2","5","06","17","5","1","0","1","1","0","0"
"POINT (11.580119779000029 48.115694959000052)","Unfall 164767 (2020) Kat:2, Licht: 0","164767","2","4","6","06","13","5","0","0","0","0","1","0"
"POINT (11.449863446000052 48.187390041000072)","Unfall 164768 (2020) Kat:3, Licht: 2","164768","3","1","9","06","22","5","1","2","0","1","0","0"
"POINT (11.604916446000061 48.147693928000081)","Unfall 164769 (2020) Kat:3, Licht: 0","164769","3","5","1","06","17","5","1","0","0","1","0","1"
"POINT (11.444337128000029 48.145725910000067)","Unfall 164774 (2020) Kat:3, Licht: 0","164774","3","4","6","06","15","2","0","0","0","1","1","0"
"POINT (11.546045398000047 48.102064581000036)","Unfall 164777 (2020) Kat:3, Licht: 0","164777","3","7","6","06","16","2","1","0","1","0","1","0"