WKT,Name,OBJECTID,UKATEGORIE,UTYP1,UART,UMONAT,USTUNDE,UWOCHENTAG,STRZUSTAND,ULICHTVERH,ISTRAD,ISTPKW,ISTFUSS,ISTKRAD
"POINT (11.555801619000022 48.133607649000055)","Unfall 164782 (2020) Kat:3, Licht: 0","164782","3","6","2","06","10","4","1","0","1","0","0","0"
"POINT (11.455683551000050 48.150426988000049)","Unfall 164784 (2020) Kat:2, Licht: 0","164784","2","3","5","06","16","6","0","0","0","1","0","1"
"POINT (11.536723794000068 48.182581041000049)","Unfall 164806 (2020) Kat:2, Licht: 0","164806","2","3","5","06","15","5","0","0","1","1","0","0"
"POINT (11.552714485000024 48.180604100000039)","Unfall 164809 (2020) Kat:2, Licht: 0","164809","2","2","3","06","07","6","0","0","1","1","0","0"
"POINT (11.570276070000034 48.130881748000036)","Unfall 164816 (2020) Kat:3, Licht: 0","164816","3","7","0","06","09","3","1","0","0","0","0","1"
"POINT (11.512230548000048 48.197352805000037)","Unfall 164819 (2020) Kat:3, Licht: 0","164819","3","1","0","06","19","4","1","0","1","1","0","0"
"POINT (11.633874125000034 48.136159971000041)","Unfall 164821 (2020) Kat:3, Licht: 0","164821","3","3","3","06","16","6","0","0","1","1","0","0"
"POINT (11.581189372000040 48.150081779000061)","Unfall 164830 (2020) Kat:3, Licht: 0","164830","3","7","5","06","16","4","1","0","1","1","0","0"
"POINT (11.452603099000044 48.151134659000036)","Unfall 164832 (2020) Kat:3, Licht: 0","164832","3","7","0","06","11","6","0","0","0","0","0","0"
"POINT (11.615515090000031 48.142480811000041)","Unfall 164843 (2020) Kat:3, Licht: 0","164843","3","2","3","06","17","4","1","0","1","1","0","0"
"POINT (11.523804024000071 48.161448649000079)","Unfall 164846 (2020) Kat:3, Licht: 0","164846","3","1","0","06","18","3","1","0","1","0","0","0"
"POINT (11.556081145000064 48.136384136000061)","Unfall 164853 (2020) Kat:3, Licht: 0","164853","3","6","2","06","18","3","0","0","0","1","0","0"
"POINT (11.604449708000061 48.147250574000054)","Unfall 164855 (2020) Kat:2, Licht: 1","164855","2","7","1","06","20","5","0","1","1","1","0","0"
"POINT (11.503167930000075 48.139695331000041)","Unfall 164856 (2020) Kat:3, Licht: 0","164856","3","7","5","06","11","3","1","0","0","1","0","0"
"POINT (11.578896028000031 48.145457062000048)","Unfall 164865 (2020) Kat:3, Licht: 0","164865","3","6","2","06","15","5","0","0","0","1","0","0"
"POINT (11.509751902000062 48.097955983000077)","Unfall 164868 (2020) Kat:3, Licht: 0","164868","3","5","1","06","13","6","0","0","1","1","0","0"
"POINT (11.656257685000071 48.127563681000026)","Unfall 164872 (2020) Kat:3, Licht: 0","164872","3","2","3","06","12","6","0","0","1","1","0","0"
"POINT (11.443470500000046 48.180509835000066)","Unfall 164876 (2020) Kat:3, Licht: 0","164876","3","3","5","06","19","6","0","0","1","1","0","0"
"POINT (11.604998929000033 48.148398584000063)","Unfall 164877 (2020) Kat:3, Licht: 0","164877","3","7","0","06","13","6","0","0","0","1","0","0"
"POINT (11.516463509000062 48.155834339000080)","Unfall 164879 (2020) Kat:3, Licht: 1","164879","3","1","0","06","19","4","1","1","1","0","0","0"
"POINT (11.593345040000031 48.163463600000057)","Unfall 164881 (2020) Kat:3, Licht: 0","164881","3","5","1","06","09","6","0","0","0","1","0","1"
"POINT (11.670650995000074 48.121601893000047)","Unfall 164884 (2020) Kat:2, Licht: 0","164884","2","3","5","06","06","6","0","0","1","1","0","0"
"POINT (11.537276821000034 48.145939148000082)","Unfall 164887 (2020) Kat:3, Licht: 0","164887","3","3","5","06","16","6","0","0","1","1","0","0"
"POINT (11.610314436000067 48.186001594000061)","Unfall 164895 (2020) Kat:3, Licht: 0","164895","3","6","2","06","12","3","0","0","0","0","0","1"
"POINT (11.620933566000076 48.153758565000032)","Unfall 164897 (2020) Kat:3, Licht: 0","164897","3","7","6","06","12","6","0","0","1","0","1","0"
"POINT (11.696204297000065 48.131518570000026)","Unfall 164907 (2020) Kat:3, Licht: 0","164907","3","4","6","06","17","3","0","0","0","1","1","0"
"POINT (11.579706005000048 48.138761523000028)","Unfall 164909 (2020) Kat:3, Licht: 0","164909","3","3","5","06","08","6","0","0","1","1","0","0"
"POINT (11.597076972000025 48.173216081000078)","Unfall 164913 (2020) Kat:3, Licht: 0","164913","3","6","2","06","11","6","0","0","0","1","0","1"
"POINT (11.558969698000055 48.147659332000046)","Unfall 164920 (2020) Kat:2, Licht: 0","164920","2","2","3","06","18","3","0","0","1","1","0","0"
"POINT (11.459606046000033 48.151548547000061)","Unfall 164922 (2020) Kat:2, Licht: 0","164922","2","3","5","06","16","5","0","0","1","1","0","0"
"POINT (11.540765548000024 48.120134748000055)","Unfall 164923 (2020) Kat:3, Licht: 0","164923","3","6","4","06","16","4","0","0","0","1","0","0"
"POINT (11.574155361000066 48.134399841000061)","Unfall 164925 (2020) Kat:3, Licht: 0","164925","3","6","2","06","10","6","0","0","1","1","0","0"
"POINT (11.565198584000029 48.137013041000046)","Unfall 164930 (2020) Kat:3, Licht: 0","164930","3","6","2","06","10","6","0","0","1","1","0","0"
"POINT (11.567800850000026 48.131685205000053)","Unfall 164934 (2020) Kat:3, Licht: 0","164934","3","6","2","06","15","4","1","0","1","1","0","0"
"POINT (11.568783207000024 48.187403110000048)","Unfall 164946 (2020) Kat:3, Licht: 0","164946","3","6","3","06","14","3","0","0","0","1","0","0"
"POINT (11.569856191000042 48.130954407000047)","Unfall 164948 (2020) Kat:3, Licht: 0","164948","3","7","0","06","13","6","0","0","1","0","0","0"
"POINT (11.558811790000050 48.147515532000057)","Unfall 164961 (2020) Kat:3, Licht: 0","164961","3","7","0","06","17","5","1","0","0","0","0","0"
"POINT (11.633908976000043 48.153714355000034)","Unfall 164972 (2020) Kat:3, Licht: 0","164972","3","1","0","06","16","5","0","0","1","0","0","0"
"POINT (11.445240219000027 48.148428958000068)","Unfall 164985 (2020) Kat:3, Licht: 0","164985","3","2","0","06","05","4","0","0","1","1","0","0"
"POINT (11.533603411000058 48.116788547000056)","Unfall 164996 (2020) Kat:3, Licht: 0","164996","3","2","3","06","11","4","1","0","1","1","0","0"
"POINT (11.526057422000065 48.116912309000043)","Unfall 165021 (2020) Kat:3, Licht: 0","165021","3","1","0","06","14","5","0","0","1","0","0","0"
"POINT (11.548296694000044 48.100871831000063)","Unfall 165022 (2020) Kat:3, Licht: 1","165022","3","2","5","06","19","4","1","1","1","1","0","0"
"POINT (11.576746265000054 48.154970686000070)","Unfall 165029 (2020) Kat:3, Licht: 2","165029","3","5","1","06","03","6","0","2","1","1","0","0"
"POINT (11.600792397000077 48.153569648000030)","Unfall 165035 (2020) Kat:2, Licht: 0","165035","2","1","0","06","13","7","0","0","1","0","0","0"
"POINT (11.582410537000044 48.167116718000045)","Unfall 165036 (2020) Kat:3, Licht: 0","165036","3","4","0","06","11","2","1","0","1","0","1","0"
"POINT (11.602116165000041 48.123878934000061)","Unfall 165041 (2020) Kat:3, Licht: 0","165041","3","2","5","06","10","3","0","0","1","1","0","0"
"POINT (11.596742052000025 48.104915040000037)","Unfall 165042 (2020) Kat:2, Licht: 2","165042","2","1","0","06","02","7","0","2","1","0","0","0"
"POINT (11.575621420000061 48.168222120000053)","Unfall 165043 (2020) Kat:3, Licht: 0","165043","3","6","2","06","11","7","0","0","0","1","0","1"
"POINT (11.593695344000025 48.128273293000063)","Unfall 165045 (2020) Kat:2, Licht: 0","165045","2","1","0","06","11","7","0","0","1","0","0","0"
"POINT (11.674535240000068 48.126992289000043)","Unfall 165051 (2020) Kat:3, Licht: 0","165051","3","3","5","06","14","3","0","0","0","1","0","1"
"POINT (11.579293657000051 48.129278799000076)","Unfall 165052 (2020) Kat:3, Licht: 0","165052","3","3","5","06","10","7","0","0","0","1","0","0"
"POINT (11.480838355000060 48.209748384000079)","Unfall 165054 (2020) Kat:2, Licht: 0","165054","2","6","2","06","19","7","0","0","0","1","0","1"
"POINT (11.572920375000024 48.183812245000070)","Unfall 165056 (2020) Kat:3, Licht: 0","165056","3","7","0","06","10","4","0","0","1","0","0","0"
"POINT (11.614117794000038 48.209434735000059)","Unfall 165059 (2020) Kat:3, Licht: 0","165059","3","7","1","06","17","7","0","0","0","1","0","0"
"POINT (11.423209284000052 48.144155789000081)","Unfall 165063 (2020) Kat:3, Licht: 0","165063","3","5","1","06","18","7","0","0","1","1","0","0"
"POINT (11.555728103000035 48.148085030000061)","Unfall 165064 (2020) Kat:3, Licht: 0","165064","3","2","5","06","18","7","0","0","1","1","0","0"
"POINT (11.596704295000052 48.102670071000034)","Unfall 165067 (2020) Kat:3, Licht: 0","165067","3","2","5","06","16","7","0","0","1","1","0","0"
"POINT (11.608089636000045 48.148450916000058)","Unfall 165069 (2020) Kat:3, Licht: 0","165069","3","3","5","06","13","4","0","0","0","1","0","0"
"POINT (11.560821631000067 48.149618882000027)","Unfall 165072 (2020) Kat:3, Licht: 0","165072","3","7","1","06","17","7","0","0","1","1","0","0"
"POINT (11.537543247000031 48.096139191000077)","Unfall 165073 (2020) Kat:3, Licht: 0","165073","3","3","5","06","18","2","1","0","0","1","0","0"
"POINT (11.646307660000048 48.107130247000043)","Unfall 165078 (2020) Kat:3, Licht: 0","165078","3","2","3","06","16","3","0","0","0","1","0","0"
"POINT (11.579183004000072 48.136076336000031)","Unfall 165079 (2020) Kat:3, Licht: 0","165079","3","1","2","06","14","7","0","0","0","1","0","0"
"POINT (11.502589332000070 48.125409524000077)","Unfall 165081 (2020) Kat:3, Licht: 0","165081","3","1","0","06","12","4","0","0","1","1","0","0"
"POINT (11.597174947000042 48.115087947000063)","Unfall 165085 (2020) Kat:3, Licht: 0","165085","3","6","2","06","16","2","1","0","0","1","0","0"
"POINT (11.585093096000037 48.132329600000048)","Unfall 165101 (2020) Kat:3, Licht: 0","165101","3","3","0","06","16","3","0","0","1","1","0","0"
"POINT (11.584219288000043 48.156756694000080)","Unfall 165106 (2020) Kat:3, Licht: 0","165106","3","6","3","06","15","4","0","0","1","0","0","0"
"POINT (11.444371129000046 48.145605284000055)","Unfall 165117 (2020) Kat:3, Licht: 0","165117","3","7","0","06","10","4","0","0","1","1","0","0"
"POINT (11.558445085000074 48.139317387000062)","Unfall 165121 (2020) Kat:3, Licht: 1","165121","3","7","9","06","19","2","1","1","0","1","1","0"
"POINT (11.534236036000038 48.128445113000055)","Unfall 165129 (2020) Kat:3, Licht: 0","165129","3","4","0","06","17","4","0","0","0","1","1","0"
"POINT (11.589399249000053 48.199681388000045)","Unfall 165139 (2020) Kat:3, Licht: 0","165139","3","3","4","06","17","3","0","0","1","1","0","0"
"POINT (11.570330198000022 48.131764912000051)","Unfall 165144 (2020) Kat:3, Licht: 0","165144","3","2","5","06","18","3","0","0","1","1","0","0"
"POINT (11.563251006000030 48.131729926000048)","Unfall 165153 (2020) Kat:3, Licht: 0","165153","3","4","6","06","11","3","1","0","1","0","1","0"
"POINT (11.470242961000054 48.186245328000041)","Unfall 165160 (2020) Kat:3, Licht: 0","165160","3","7","0","06","07","4","0","0","1","0","0","0"
"POINT (11.643356494000045 48.169329922000031)","Unfall 165162 (2020) Kat:3, Licht: 0","165162","3","2","6","06","18","1","1","0","0","1","1","0"
"POINT (11.505759701000045 48.132144289000053)","Unfall 165171 (2020) Kat:3, Licht: 0","165171","3","3","5","06","16","4","0","0","1","0","0","0"
"POINT (11.562482499000055 48.140610897000045)","Unfall 165176 (2020) Kat:3, Licht: 0","165176","3","7","0","06","14","4","0","0","0","1","1","0"
"POINT (11.503122767000036 48.085627567000074)","Unfall 165180 (2020) Kat:3, Licht: 0","165180","3","4","6","06","15","2","1","0","0","1","1","0"
"POINT (11.474424449000026 48.108869881000032)","Unfall 165183 (2020) Kat:3, Licht: 2","165183","3","3","6","06","01","1","1","2","0","1","1","0"
"POINT (11.562050988000067 48.168372243000078)","Unfall 165187 (2020) Kat:3, Licht: 2","165187","3","7","0","06","04","1","1","2","0","0","0","0"
"POINT (11.507989766000037 48.097762257000056)","Unfall 165191 (2020) Kat:3, Licht: 0","165191","3","6","2","06","17","2","1","0","0","1","0","0"
"POINT (11.442440250000061 48.165131535000057)","Unfall 165196 (2020) Kat:2, Licht: 0","165196","2","5","2","06","15","3","0","0","1","1","0","0"
"POINT (11.583763170000054 48.155795083000044)","Unfall 165203 (2020) Kat:3, Licht: 2","165203","3","4","6","06","20","1","1","2","1","1","1","0"
"POINT (11.548675464000041 48.143578493000064)","Unfall 165209 (2020) Kat:2, Licht: 0","165209","2","4","6","06","08","3","1","0","0","1","1","0"
"POINT (11.458072547000029 48.192840246000060)","Unfall 165214 (2020) Kat:3, Licht: 0","165214","3","6","4","06","14","4","0","0","1","1","0","0"
"POINT (11.522763996000037 48.175302406000071)","Unfall 165224 (2020) Kat:3, Licht: 0","165224","3","7","0","06","08","4","1","0","1","0","0","0"
"POINT (11.556034419000071 48.137480759000027)","Unfall 165226 (2020) Kat:3, Licht: 0","165226","3","2","3","06","18","1","1","0","1","1","0","0"
"POINT (11.592491036000069 48.138953974000060)","Unfall 165229 (2020) Kat:3, Licht: 0","165229","3","6","2","06","14","2","1","0","0","1","0","0"
"POINT (11.602252454000052 48.115467124000077)","Unfall 165238 (2020) Kat:3, Licht: 2","165238","3","1","0","06","22","4","1","2","1","0","0","0"
"POINT (11.614323746000025 48.113885952000032)","Unfall 165246 (2020) Kat:3, Licht: 0","165246","3","6","3","06","17","3","0","0","0","1","0","1"
"POINT (11.536733101000038 48.116910379000046)","Unfall 165249 (2020) Kat:3, Licht: 0","165249","3","6","1","06","07","3","1","0","0","1","0","0"
"POINT (11.648184993000029 48.111646271000041)","Unfall 165257 (2020) Kat:3, Licht: 0","165257","3","3","5","06","18","3","0","0","1","1","0","0"
"POINT (11.537928802000067 48.139789059000066)","Unfall 165262 (2020) Kat:3, Licht: 0","165262","3","6","2","06","16","4","0","0","0","1","0","1"
"POINT (11.537648957000044 48.156336121000038)","Unfall 165274 (2020) Kat:3, Licht: 0","165274","3","3","5","06","17","4","1","0","1","0","0","0"
"POINT (11.578236053000069 48.153799097000046)","Unfall 165283 (2020) Kat:3, Licht: 0","165283","3","7","5","06","18","1","1","0","0","1","0","1"
"POINT (11.586074447000044 48.169104764000053)","Unfall 165285 (2020) Kat:3, Licht: 0","165285","3","1","3","06","08","4","0","0","1","1","0","0"
"POINT (11.562341802000049 48.186822185000040)","Unfall 165306 (2020) Kat:3, Licht: 0","165306","3","3","5","06","10","1","0","0","0","1","0","0"
"POINT (11.556781285000056 48.139244001000066)","Unfall 165323 (2020) Kat:3, Licht: 0","165323","3","6","2","06","15","6","0","0","0","1","0","0"
"POINT (11.461332048000031 48.213311501000078)","Unfall 165324 (2020) Kat:3, Licht: 0","165324","3","4","6","06","11","6","1","0","0","1","1","0"
"POINT (11.584948174000033 48.155339117000040)","Unfall 165326 (2020) Kat:2, Licht: 0","165326","2","5","1","06","13","6","1","0","1","1","0","0"
"POINT (11.578688991000035 48.137875767000025)","Unfall 165328 (2020) Kat:3, Licht: 0","165328","3","3","0","06","06","6","0","0","1","1","0","0"
"POINT (11.478476302000047 48.129662492000080)","Unfall 165330 (2020) Kat:3, Licht: 0","165330","3","5","1","06","10","6","1","0","1","1","0","0"
"POINT (11.558421185000043 48.129345166000064)","Unfall 165332 (2020) Kat:3, Licht: 0","165332","3","6","2","06","07","6","1","0","1","0","0","0"
"POINT (11.597864646000062 48.122834532000070)","Unfall 165333 (2020) Kat:3, Licht: 0","165333","3","6","9","06","14","6","1","0","0","1","0","0"
"POINT (11.563019223000026 48.211069624000061)","Unfall 165335 (2020) Kat:2, Licht: 0","165335","2","3","5","06","14","6","1","0","1","1","0","0"
"POINT (11.554607502000067 48.146602843000039)","Unfall 165337 (2020) Kat:3, Licht: 0","165337","3","2","4","06","07","6","1","0","0","1","0","1"
"POINT (11.533844353000063 48.152681369000049)","Unfall 165339 (2020) Kat:3, Licht: 0","165339","3","6","0","06","17","6","1","0","1","0","1","0"
"POINT (11.662708658000042 48.112877276000063)","Unfall 165340 (2020) Kat:3, Licht: 0","165340","3","1","0","06","09","6","1","0","1","0","0","0"
"POINT (11.575031335000062 48.109724003000053)","Unfall 165342 (2020) Kat:3, Licht: 0","165342","3","7","5","06","14","6","1","0","0","1","0","0"
"POINT (11.578991262000045 48.126880536000044)","Unfall 165344 (2020) Kat:3, Licht: 0","165344","3","3","5","06","19","6","0","0","1","1","0","0"
"POINT (11.584569246000058 48.157217414000058)","Unfall 165345 (2020) Kat:3, Licht: 0","165345","3","2","1","06","08","6","1","0","1","1","0","0"
"POINT (11.543284902000039 48.214857314000028)","Unfall 165359 (2020) Kat:3, Licht: 0","165359","3","3","5","06","11","1","0","0","0","1","0","1"
"POINT (11.533198422000055 48.169530437000049)","Unfall 165388 (2020) Kat:3, Licht: 0","165388","3","2","2","06","12","1","0","0","0","1","0","0"
"POINT (11.629380454000056 48.165240966000056)","Unfall 165394 (2020) Kat:3, Licht: 0","165394","3","2","4","06","15","1","0","0","0","1","0","1"
"POINT (11.582431557000064 48.134830025000042)","Unfall 165399 (2020) Kat:3, Licht: 1","165399","3","1","0","06","20","1","0","1","1","0","0","0"
"POINT (11.575950326000054 48.143637809000040)","Unfall 165406 (2020) Kat:2, Licht: 0","165406","2","7","0","06","11","7","0","0","1","0","0","0"
"POINT (11.489843324000049 48.125167979000025)","Unfall 165411 (2020) Kat:3, Licht: 0","165411","3","3","5","06","17","1","0","0","1","1","0","0"
"POINT (11.529101511000022 48.182048244000043)","Unfall 165413 (2020) Kat:3, Licht: 0","165413","3","4","6","06","16","7","0","0","0","1","1","0"
"POINT (11.498095248000027 48.135696502000030)","Unfall 165415 (2020) Kat:3, Licht: 0","165415","3","7","0","06","19","7","0","0","1","0","0","0"
"POINT (11.559115613000074 48.212984407000079)","Unfall 165417 (2020) Kat:3, Licht: 0","165417","3","3","5","06","10","7","0","0","1","1","0","0"
"POINT (11.542547689000060 48.134603073000051)","Unfall 165423 (2020) Kat:3, Licht: 0","165423","3","3","5","06","10","7","0","0","1","1","0","0"
"POINT (11.531388237000044 48.146954736000055)","Unfall 165427 (2020) Kat:3, Licht: 0","165427","3","3","5","06","12","7","0","0","0","1","0","0"
"POINT (11.578329953000036 48.139431278000075)","Unfall 165432 (2020) Kat:3, Licht: 0","165432","3","1","0","06","14","7","1","0","1","0","0","0"
"POINT (11.495645439000043 48.201521865000075)","Unfall 165436 (2020) Kat:3, Licht: 2","165436","3","1","0","06","04","7","0","2","0","0","0","1"
"POINT (11.522665872000061 48.156068091000066)","Unfall 165447 (2020) Kat:3, Licht: 0","165447","3","7","1","06","13","7","1","0","1","1","0","0"
"POINT (11.607316327000035 48.127361894000046)","Unfall 165448 (2020) Kat:3, Licht: 2","165448","3","7","0","06","23","5","0","2","0","0","0","0"
"POINT (11.539376640000057 48.151410079000073)","Unfall 165450 (2020) Kat:3, Licht: 0","165450","3","3","5","06","09","5","0","0","1","1","0","0"
"POINT (11.423324062000063 48.147836335000079)","Unfall 165451 (2020) Kat:3, Licht: 0","165451","3","1","0","06","18","5","0","0","0","0","0","0"
"POINT (11.534656908000045 48.119970955000042)","Unfall 165453 (2020) Kat:2, Licht: 0","165453","2","7","0","06","09","5","0","0","1","0","0","0"
"POINT (11.478155351000055 48.118970630000035)","Unfall 165454 (2020) Kat:3, Licht: 0","165454","3","6","2","06","16","7","0","0","0","1","0","0"
"POINT (11.578358235000053 48.111909550000064)","Unfall 165455 (2020) Kat:3, Licht: 0","165455","3","3","5","06","12","7","1","0","1","1","0","0"
"POINT (11.590489368000021 48.142619420000074)","Unfall 165456 (2020) Kat:3, Licht: 0","165456","3","6","1","06","12","5","0","0","0","1","0","0"
"POINT (11.576145690000033 48.166953053000043)","Unfall 165457 (2020) Kat:3, Licht: 0","165457","3","5","0","06","18","7","0","0","1","1","0","0"
"POINT (11.522063788000025 48.175655473000063)","Unfall 165458 (2020) Kat:2, Licht: 0","165458","2","3","5","06","05","5","0","0","0","1","0","0"
"POINT (11.450988976000076 48.149887462000038)","Unfall 165459 (2020) Kat:3, Licht: 0","165459","3","7","1","06","15","5","0","0","1","1","0","0"
"POINT (11.576643321000063 48.128094863000058)","Unfall 165461 (2020) Kat:3, Licht: 0","165461","3","1","0","06","07","5","1","0","1","0","0","0"
"POINT (11.573625701000026 48.151577744000065)","Unfall 165462 (2020) Kat:2, Licht: 0","165462","2","5","1","06","13","7","1","0","1","1","0","0"
"POINT (11.657472873000074 48.130153915000051)","Unfall 165465 (2020) Kat:3, Licht: 0","165465","3","6","2","06","10","5","0","0","0","1","0","1"
"POINT (11.538795864000065 48.145869795000067)","Unfall 165466 (2020) Kat:3, Licht: 0","165466","3","2","0","06","19","1","1","0","0","0","0","1"
"POINT (11.646287663000066 48.096467180000047)","Unfall 165467 (2020) Kat:3, Licht: 0","165467","3","2","3","06","11","5","0","0","1","1","0","0"
"POINT (11.599795133000043 48.107188779000069)","Unfall 165469 (2020) Kat:3, Licht: 0","165469","3","3","5","06","10","5","0","0","0","1","0","0"
"POINT (11.600152923000053 48.143740064000042)","Unfall 165471 (2020) Kat:3, Licht: 0","165471","3","3","5","06","17","5","0","0","0","1","0","1"
"POINT (11.594056015000035 48.170090493000032)","Unfall 165472 (2020) Kat:3, Licht: 0","165472","3","3","5","06","17","5","0","0","1","1","0","0"
"POINT (11.628326591000075 48.147487944000034)","Unfall 165475 (2020) Kat:3, Licht: 0","165475","3","3","5","06","16","1","0","0","0","1","0","0"
"POINT (11.583510507000028 48.142335081000056)","Unfall 165515 (2020) Kat:3, Licht: 2","165515","3","6","4","06","00","1","0","2","1","0","0","0"
"POINT (11.573487077000038 48.151362610000035)","Unfall 165548 (2020) Kat:3, Licht: 0","165548","3","7","1","06","15","1","0","0","0","1","0","0"
"POINT (11.609673000000043 48.118456334000030)","Unfall 165549 (2020) Kat:3, Licht: 0","165549","3","3","5","06","13","4","0","0","0","1","0","0"
"POINT (11.484279942000057 48.118862132000061)","Unfall 165551 (2020) Kat:3, Licht: 0","165551","3","2","5","06","18","2","0","0","0","1","0","0"
"POINT (11.707603964000043 48.108544858000073)","Unfall 165555 (2020) Kat:3, Licht: 0","165555","3","3","5","06","16","4","0","0","0","1","0","0"
"POINT (11.479473189000032 48.124375208000060)","Unfall 165556 (2020) Kat:3, Licht: 0","165556","3","7","0","06","16","2","1","0","1","0","0","0"
"POINT (11.584544736000055 48.157450224000058)","Unfall 165557 (2020) Kat:3, Licht: 0","165557","3","7","4","06","08","3","0","0","0","1","0","1"
"POINT (11.577369043000033 48.134416445000056)","Unfall 165558 (2020) Kat:2, Licht: 0","165558","2","3","5","06","19","2","0","0","0","1","0","1"
"POINT (11.500799162000021 48.161138333000054)","Unfall 165561 (2020) Kat:3, Licht: 0","165561","3","7","2","06","12","2","0","0","1","1","0","0"
"POINT (11.592157393000036 48.133018977000063)","Unfall 165565 (2020) Kat:2, Licht: 0","165565","2","1","0","06","17","4","0","0","0","0","0","1"
"POINT (11.465262902000063 48.146147185000075)","Unfall 165567 (2020) Kat:3, Licht: 0","165567","3","2","0","06","16","2","0","0","0","1","0","1"
"POINT (11.497530819000076 48.092691352000031)","Unfall 165570 (2020) Kat:3, Licht: 0","165570","3","3","5","06","19","2","0","0","1","1","0","0"
"POINT (11.575428051000074 48.160287918000051)","Unfall 165573 (2020) Kat:3, Licht: 2","165573","3","5","1","06","21","3","0","2","1","1","0","0"
"POINT (11.587120810000044 48.100138726000068)","Unfall 165579 (2020) Kat:3, Licht: 2","165579","3","6","4","06","22","2","0","2","1","0","0","0"
"POINT (11.561569310000039 48.131007980000049)","Unfall 165581 (2020) Kat:3, Licht: 0","165581","3","4","6","06","15","2","1","0","1","0","1","0"
"POINT (11.538893292000068 48.135770111000056)","Unfall 165584 (2020) Kat:3, Licht: 0","165584","3","5","5","06","19","2","0","0","1","0","0","0"
"POINT (11.578271629000028 48.137472639000066)","Unfall 165587 (2020) Kat:3, Licht: 0","165587","3","6","3","06","16","3","0","0","1","0","0","0"
"POINT (11.567886506000036 48.142689446000077)","Unfall 165589 (2020) Kat:3, Licht: 0","165589","3","3","5","06","10","2","0","0","0","1","0","0"
"POINT (11.464800825000054 48.189482552000072)","Unfall 165593 (2020) Kat:3, Licht: 0","165593","3","6","4","06","13","4","0","0","0","1","1","0"
"POINT (11.578985011000043 48.114850150000052)","Unfall 165597 (2020) Kat:3, Licht: 0","165597","3","2","5","06","16","3","0","0","0","1","0","0"
"POINT (11.608264922000046 48.150907402000030)","Unfall 165604 (2020) Kat:3, Licht: 0","165604","3","6","2","06","08","4","0","0","0","1","0","1"
"POINT (11.557865451000055 48.151018000000079)","Unfall 165611 (2020) Kat:3, Licht: 2","165611","3","2","5","06","21","3","0","2","1","1","0","0"
"POINT (11.565022914000053 48.172025629000075)","Unfall 165613 (2020) Kat:3, Licht: 2","165613","3","3","0","06","21","4","0","2","0","1","0","1"
"POINT (11.555937572000062 48.139210424000055)","Unfall 165626 (2020) Kat:3, Licht: 0","165626","3","3","5","06","17","3","0","0","1","1","0","0"
"POINT (11.531863726000040 48.119152491000079)","Unfall 165646 (2020) Kat:3, Licht: 0","165646","3","3","5","06","16","4","0","0","1","1","0","0"
"POINT (11.497465997000063 48.176741155000059)","Unfall 165649 (2020) Kat:3, Licht: 0","165649","3","7","0","06","16","4","0","0","1","0","0","0"
"POINT (11.447987991000048 48.144161720000056)","Unfall 165656 (2020) Kat:3, Licht: 0","165656","3","6","2","06","16","4","0","0","1","0","0","0"
"POINT (11.573059468000054 48.178231797000080)","Unfall 165660 (2020) Kat:3, Licht: 0","165660","3","2","5","06","07","4","0","0","1","1","0","0"
"POINT (11.570366809000063 48.137432267000065)","Unfall 165662 (2020) Kat:2, Licht: 2","165662","2","7","0","06","23","3","0","2","1","0","0","0"
"POINT (11.653810732000068 48.115888482000059)","Unfall 165693 (2020) Kat:3, Licht: 0","165693","3","6","2","06","11","3","0","0","0","1","0","0"
"POINT (11.570970345000035 48.142220036000026)","Unfall 165700 (2020) Kat:3, Licht: 0","165700","3","4","6","06","14","4","0","0","0","1","1","0"
"POINT (11.541377199000067 48.207823881000081)","Unfall 165702 (2020) Kat:3, Licht: 0","165702","3","7","8","06","17","3","0","0","0","1","0","0"
"POINT (11.523157517000072 48.194333226000026)","Unfall 165703 (2020) Kat:3, Licht: 0","165703","3","7","5","06","10","4","0","0","1","0","0","0"
"POINT (11.512429606000069 48.160655777000045)","Unfall 165704 (2020) Kat:2, Licht: 0","165704","2","6","2","06","06","3","0","0","1","1","0","0"
"POINT (11.564273001000061 48.128097166000032)","Unfall 165705 (2020) Kat:3, Licht: 0","165705","3","2","5","06","07","4","0","0","1","0","0","0"
"POINT (11.606063666000068 48.192119932000026)","Unfall 165711 (2020) Kat:3, Licht: 0","165711","3","7","0","06","19","4","0","0","1","0","0","0"
"POINT (11.585436465000043 48.118428976000075)","Unfall 165724 (2020) Kat:2, Licht: 0","165724","2","4","6","06","19","4","0","0","0","0","1","0"
"POINT (11.618785385000024 48.207204280000042)","Unfall 165732 (2020) Kat:3, Licht: 0","165732","3","3","5","06","15","3","0","0","0","1","0","1"
"POINT (11.558048931000030 48.139293775000056)","Unfall 165744 (2020) Kat:3, Licht: 0","165744","3","7","0","06","19","3","0","0","0","0","1","0"
"POINT (11.507025808000037 48.163706074000061)","Unfall 165754 (2020) Kat:3, Licht: 0","165754","3","6","1","06","12","3","0","0","0","1","0","1"
"POINT (11.487083433000066 48.217630490000033)","Unfall 165755 (2020) Kat:3, Licht: 0","165755","3","3","5","06","17","4","0","0","0","1","0","0"
"POINT (11.505257410000070 48.082134604000032)","Unfall 165769 (2020) Kat:3, Licht: 0","165769","3","7","0","06","14","4","0","0","0","1","0","0"