WKT,Name,OBJECTID,UKATEGORIE,UTYP1,UART,UMONAT,USTUNDE,UWOCHENTAG,STRZUSTAND,ULICHTVERH,ISTRAD,ISTPKW,ISTFUSS,ISTKRAD
"POINT (11.587685740000040 48.143237913000064)","Unfall 165794 (2020) Kat:3, Licht: 2","165794","3","1","0","06","22","3","0","2","0","0","0","0"
"POINT (11.582620161000023 48.167181386000038)","Unfall 165802 (2020) Kat:3, Licht: 0","165802","3","3","5","06","13","4","0","0","1","0","0","0"
"POINT (11.564894778000053 48.168436387000042)","Unfall 165805 (2020) Kat:2, Licht: 0","165805","2","7","1","06","10","4","0","0","1","0","0","0"
"POINT (11.504188939000073 48.185818294000057)","Unfall 165811 (2020) Kat:3, Licht: 0","165811","3","7","7","06","20","5","0","0","1","0","1","0"
"POINT (11.513130862000025 48.168895665000036)","Unfall 165813 (2020) Kat:2, Licht: 0","165813","2","2","5","06","09","7","0","0","1","1","0","0"
"POINT (11.528813576000061 48.211111155000026)","Unfall 165816 (2020) Kat:3, Licht: 0","165816","3","6","3","06","18","5","0","0","1","0","0","0"
"POINT (11.616329432000043 48.149007398000037)","Unfall 165818 (2020) Kat:3, Licht: 0","165818","3","2","5","06","09","5","0","0","1","1","0","0"
"POINT (11.629883450000023 48.155245588000071)","Unfall 165821 (2020) Kat:3, Licht: 0","165821","3","2","3","06","20","5","0","0","1","0","0","0"
"POINT (11.602155252000045 48.140375617000075)","Unfall 165827 (2020) Kat:3, Licht: 0","165827","3","3","5","06","13","5","1","0","1","1","0","0"
"POINT (11.594609438000077 48.127513082000064)","Unfall 165830 (2020) Kat:3, Licht: 0","165830","3","7","0","06","17","5","0","0","1","1","0","0"
"POINT (11.562082725000039 48.140760179000040)","Unfall 165835 (2020) Kat:3, Licht: 2","165835","3","1","0","06","23","5","0","2","1","0","0","0"
"POINT (11.523812106000037 48.098980433000065)","Unfall 165837 (2020) Kat:3, Licht: 0","165837","3","6","3","06","10","7","0","0","0","1","0","0"
"POINT (11.548222051000039 48.146314325000048)","Unfall 165840 (2020) Kat:3, Licht: 0","165840","3","1","0","06","16","5","0","0","1","0","0","0"
"POINT (11.503172221000057 48.139813072000038)","Unfall 165865 (2020) Kat:3, Licht: 0","165865","3","2","5","06","09","6","0","0","1","1","0","0"
"POINT (11.503081175000034 48.141611212000043)","Unfall 165867 (2020) Kat:3, Licht: 0","165867","3","2","4","06","13","6","0","0","0","1","0","0"
"POINT (11.565619437000066 48.188881541000057)","Unfall 165868 (2020) Kat:3, Licht: 0","165868","3","3","5","06","18","6","0","0","1","1","0","0"
"POINT (11.605320334000055 48.199410949000026)","Unfall 165871 (2020) Kat:3, Licht: 0","165871","3","3","5","06","15","6","0","0","0","0","0","1"
"POINT (11.623564742000042 48.195510086000070)","Unfall 165873 (2020) Kat:3, Licht: 0","165873","3","2","2","06","17","6","0","0","0","1","0","0"
"POINT (11.550683980000031 48.144374403000029)","Unfall 165874 (2020) Kat:3, Licht: 2","165874","3","1","0","06","23","6","0","2","1","0","0","0"
"POINT (11.579514785000072 48.146790412000030)","Unfall 165876 (2020) Kat:3, Licht: 2","165876","3","6","4","06","22","7","0","2","1","0","0","0"
"POINT (11.572362776000034 48.130735864000030)","Unfall 165877 (2020) Kat:3, Licht: 0","165877","3","6","2","06","10","6","0","0","0","1","0","0"
"POINT (11.615160333000063 48.103844330000072)","Unfall 165878 (2020) Kat:3, Licht: 0","165878","3","2","4","06","07","6","0","0","1","0","0","0"
"POINT (11.517665193000028 48.090522251000039)","Unfall 165879 (2020) Kat:2, Licht: 2","165879","2","7","0","06","21","6","0","2","1","0","0","0"
"POINT (11.575438752000025 48.196388312000067)","Unfall 165881 (2020) Kat:3, Licht: 2","165881","3","3","5","06","23","6","1","2","1","1","0","0"
"POINT (11.461374877000026 48.147759790000066)","Unfall 165882 (2020) Kat:2, Licht: 0","165882","2","1","0","06","11","6","0","0","1","0","0","0"
"POINT (11.564886203000071 48.167931756000030)","Unfall 165884 (2020) Kat:3, Licht: 0","165884","3","2","5","06","10","6","0","0","1","1","0","0"
"POINT (11.559079077000035 48.147519454000076)","Unfall 165885 (2020) Kat:3, Licht: 0","165885","3","6","4","06","08","6","0","0","1","0","0","0"
"POINT (11.584960051000053 48.099527078000051)","Unfall 165887 (2020) Kat:3, Licht: 0","165887","3","3","5","06","15","6","0","0","1","1","0","0"
"POINT (11.614825181000072 48.139286811000034)","Unfall 165888 (2020) Kat:3, Licht: 0","165888","3","3","5","06","09","6","0","0","0","1","0","1"
"POINT (11.629678840000054 48.154215636000060)","Unfall 165890 (2020) Kat:3, Licht: 0","165890","3","3","5","06","18","6","0","0","1","1","0","0"
"POINT (11.577276706000077 48.120764079000026)","Unfall 165891 (2020) Kat:2, Licht: 0","165891","2","6","0","06","18","6","0","0","0","1","0","1"
"POINT (11.589011126000059 48.141082215000040)","Unfall 165893 (2020) Kat:3, Licht: 0","165893","3","6","3","06","20","6","0","0","1","0","0","0"
"POINT (11.574937037000041 48.139564924000069)","Unfall 165894 (2020) Kat:3, Licht: 0","165894","3","1","4","06","15","6","0","0","1","0","1","0"
"POINT (11.585721042000046 48.133010808000051)","Unfall 165895 (2020) Kat:3, Licht: 0","165895","3","6","4","06","20","6","0","0","1","0","0","0"
"POINT (11.582319566000024 48.184243602000038)","Unfall 165898 (2020) Kat:3, Licht: 0","165898","3","7","0","06","10","7","0","0","1","1","0","0"
"POINT (11.589884748000031 48.137214669000059)","Unfall 165902 (2020) Kat:3, Licht: 0","165902","3","3","5","06","17","7","0","0","1","1","0","0"
"POINT (11.606564480000031 48.139602004000039)","Unfall 165912 (2020) Kat:3, Licht: 0","165912","3","2","4","06","10","7","0","0","0","1","0","1"
"POINT (11.593446726000025 48.201930019000031)","Unfall 165944 (2020) Kat:3, Licht: 0","165944","3","3","5","06","16","7","0","0","1","1","0","0"
"POINT (11.416164507000076 48.156044277000035)","Unfall 165956 (2020) Kat:3, Licht: 0","165956","3","4","6","06","17","7","0","0","0","1","1","0"
"POINT (11.539783674000034 48.168476818000045)","Unfall 165968 (2020) Kat:2, Licht: 2","165968","2","7","0","06","00","7","0","2","1","0","0","0"
"POINT (11.541444252000076 48.123047588000077)","Unfall 165982 (2020) Kat:3, Licht: 0","165982","3","2","5","06","15","7","0","0","1","1","0","0"
"POINT (11.533900983000024 48.205938809000031)","Unfall 166006 (2020) Kat:3, Licht: 0","166006","3","6","3","06","13","7","0","0","1","0","0","0"
"POINT (11.517370513000060 48.215989383000078)","Unfall 166009 (2020) Kat:3, Licht: 2","166009","3","7","0","06","23","7","0","2","1","0","0","0"
"POINT (11.644014971000047 48.096930302000032)","Unfall 166018 (2020) Kat:2, Licht: 0","166018","2","2","5","06","10","7","0","0","1","0","0","0"
"POINT (11.577406627000073 48.140523959000063)","Unfall 166039 (2020) Kat:3, Licht: 0","166039","3","6","3","06","18","5","0","0","1","0","0","0"
"POINT (11.505805114000054 48.155216542000062)","Unfall 166040 (2020) Kat:3, Licht: 0","166040","3","7","0","06","19","5","0","0","1","0","0","0"
"POINT (11.542963502000077 48.125970537000057)","Unfall 166043 (2020) Kat:3, Licht: 0","166043","3","1","0","06","15","5","0","0","1","0","0","0"
"POINT (11.536971654000070 48.151749597000048)","Unfall 166044 (2020) Kat:3, Licht: 0","166044","3","6","2","06","13","5","0","0","1","0","0","0"
"POINT (11.586997495000048 48.164299952000079)","Unfall 166045 (2020) Kat:2, Licht: 0","166045","2","1","0","06","11","5","0","0","1","0","0","0"
"POINT (11.542515601000048 48.209261315000049)","Unfall 166047 (2020) Kat:3, Licht: 0","166047","3","3","5","06","05","5","0","0","0","1","0","0"
"POINT (11.605986206000068 48.120751647000077)","Unfall 166048 (2020) Kat:3, Licht: 0","166048","3","3","5","06","16","5","0","0","1","0","0","0"
"POINT (11.643355198000052 48.086306699000033)","Unfall 166050 (2020) Kat:2, Licht: 0","166050","2","3","5","06","10","5","0","0","1","1","0","0"
"POINT (11.511413723000032 48.158701365000070)","Unfall 166051 (2020) Kat:3, Licht: 0","166051","3","2","4","06","09","5","0","0","1","1","0","0"
"POINT (11.534641596000029 48.180925398000056)","Unfall 166052 (2020) Kat:2, Licht: 2","166052","2","5","1","06","01","5","0","2","1","1","0","0"
"POINT (11.586847065000029 48.143332732000033)","Unfall 166053 (2020) Kat:3, Licht: 0","166053","3","7","5","06","09","5","0","0","0","1","0","0"
"POINT (11.643001505000029 48.094836900000075)","Unfall 166056 (2020) Kat:2, Licht: 0","166056","2","7","6","06","10","7","0","0","0","0","1","0"
"POINT (11.602940223000076 48.140041522000047)","Unfall 166057 (2020) Kat:3, Licht: 0","166057","3","2","3","06","18","5","0","0","1","0","0","0"
"POINT (11.598412095000072 48.122251219000077)","Unfall 166058 (2020) Kat:3, Licht: 0","166058","3","1","0","06","07","5","0","0","1","1","0","0"
"POINT (11.558391516000029 48.129818881000062)","Unfall 166060 (2020) Kat:3, Licht: 0","166060","3","1","0","06","09","5","0","0","1","1","0","0"
"POINT (11.460475312000028 48.174420979000047)","Unfall 166062 (2020) Kat:3, Licht: 2","166062","3","3","5","06","21","5","0","2","1","1","0","0"
"POINT (11.412189310000031 48.152585871000042)","Unfall 166063 (2020) Kat:3, Licht: 0","166063","3","1","0","06","17","5","0","0","1","0","0","0"
"POINT (11.466098055000032 48.192355139000028)","Unfall 166064 (2020) Kat:3, Licht: 0","166064","3","6","3","06","13","5","0","0","1","0","0","0"
"POINT (11.621389495000074 48.168683633000057)","Unfall 166066 (2020) Kat:3, Licht: 2","166066","3","1","0","06","21","7","0","2","1","0","0","0"
"POINT (11.507126346000064 48.078431729000044)","Unfall 166086 (2020) Kat:3, Licht: 0","166086","3","2","4","06","17","1","0","0","1","1","0","0"
"POINT (11.497942869000042 48.176512741000067)","Unfall 166088 (2020) Kat:3, Licht: 0","166088","3","1","0","06","14","1","0","0","1","0","0","0"
"POINT (11.555640583000070 48.147965726000052)","Unfall 166089 (2020) Kat:3, Licht: 0","166089","3","2","3","06","12","2","1","0","1","1","0","0"
"POINT (11.584496353000077 48.157231182000032)","Unfall 166091 (2020) Kat:3, Licht: 0","166091","3","3","5","06","18","3","0","0","1","1","0","0"
"POINT (11.573572384000045 48.120208224000066)","Unfall 166093 (2020) Kat:2, Licht: 0","166093","2","6","4","06","19","1","0","0","1","1","0","0"
"POINT (11.423820028000023 48.142826338000077)","Unfall 166101 (2020) Kat:3, Licht: 2","166101","3","2","4","06","00","1","0","2","0","1","0","1"
"POINT (11.486546640000029 48.130125697000040)","Unfall 166102 (2020) Kat:3, Licht: 0","166102","3","7","5","06","17","2","0","0","0","1","0","1"
"POINT (11.588053708000075 48.113914773000033)","Unfall 166104 (2020) Kat:2, Licht: 0","166104","2","7","0","06","17","3","0","0","1","0","1","0"
"POINT (11.587733262000029 48.164171057000033)","Unfall 166106 (2020) Kat:3, Licht: 0","166106","3","6","3","06","09","1","0","0","1","0","0","0"
"POINT (11.572025218000022 48.139388259000043)","Unfall 166115 (2020) Kat:3, Licht: 0","166115","3","5","1","06","09","3","0","0","1","1","0","0"
"POINT (11.692817606000062 48.118818788000056)","Unfall 166140 (2020) Kat:3, Licht: 0","166140","3","6","2","06","10","2","1","0","0","1","0","0"
"POINT (11.568728840000063 48.132462235000048)","Unfall 166142 (2020) Kat:3, Licht: 0","166142","3","6","3","06","12","3","0","0","1","1","0","0"
"POINT (11.644228040000030 48.115213011000037)","Unfall 166151 (2020) Kat:3, Licht: 0","166151","3","6","4","06","07","2","1","0","0","1","0","0"
"POINT (11.579916472000036 48.157822080000074)","Unfall 166152 (2020) Kat:2, Licht: 0","166152","2","2","4","06","10","3","0","0","1","1","0","0"
"POINT (11.555162891000066 48.213403858000049)","Unfall 166163 (2020) Kat:3, Licht: 0","166163","3","3","5","06","06","3","0","0","1","1","0","0"
"POINT (11.568439872000056 48.152399526000067)","Unfall 166178 (2020) Kat:3, Licht: 0","166178","3","7","0","06","18","3","0","0","1","0","0","0"
"POINT (11.616622630000052 48.128134011000043)","Unfall 166194 (2020) Kat:3, Licht: 0","166194","3","7","0","06","15","2","1","0","1","0","0","0"
"POINT (11.588511843000049 48.094841674000065)","Unfall 166196 (2020) Kat:3, Licht: 0","166196","3","3","5","06","11","3","0","0","1","1","0","0"
"POINT (11.574971954000034 48.148773906000031)","Unfall 166206 (2020) Kat:3, Licht: 0","166206","3","6","4","06","14","3","0","0","1","1","0","0"
"POINT (11.541100740000047 48.121840460000044)","Unfall 166209 (2020) Kat:3, Licht: 0","166209","3","4","6","06","09","2","1","0","0","1","1","0"
"POINT (11.558185901000058 48.161548591000042)","Unfall 166220 (2020) Kat:3, Licht: 0","166220","3","3","4","06","16","3","0","0","1","0","0","0"
"POINT (11.569103985000027 48.144298612000057)","Unfall 166249 (2020) Kat:3, Licht: 0","166249","3","7","0","06","09","2","1","0","1","0","0","0"
"POINT (11.568104348000077 48.133843788000036)","Unfall 166251 (2020) Kat:3, Licht: 0","166251","3","2","4","06","13","3","0","0","1","1","0","0"
"POINT (11.519594532000042 48.176887160000035)","Unfall 166259 (2020) Kat:3, Licht: 0","166259","3","1","0","06","18","2","0","0","1","0","0","0"
"POINT (11.578740319000076 48.114116605000049)","Unfall 166261 (2020) Kat:3, Licht: 0","166261","3","2","3","06","15","3","0","0","1","1","0","0"
"POINT (11.529315627000074 48.177649704000032)","Unfall 166274 (2020) Kat:2, Licht: 0","166274","2","3","5","06","06","3","0","0","0","1","0","0"
"POINT (11.604255611000042 48.107966964000070)","Unfall 166285 (2020) Kat:3, Licht: 0","166285","3","3","5","06","11","3","0","0","1","1","0","0"
"POINT (11.541035280000074 48.124516064000034)","Unfall 166298 (2020) Kat:3, Licht: 0","166298","3","2","5","06","18","2","0","0","0","1","0","0"
"POINT (11.571379792000073 48.163838413000065)","Unfall 166310 (2020) Kat:3, Licht: 0","166310","3","3","5","06","18","2","0","0","1","1","0","0"
"POINT (11.562575402000050 48.213565285000072)","Unfall 166311 (2020) Kat:1, Licht: 0","166311","1","3","5","06","10","3","0","0","1","1","0","0"
"POINT (11.508646037000062 48.094407979000039)","Unfall 166313 (2020) Kat:3, Licht: 0","166313","3","7","5","06","09","3","0","0","1","1","0","0"
"POINT (11.564529235000066 48.158482120000031)","Unfall 166315 (2020) Kat:2, Licht: 2","166315","2","7","1","06","00","7","0","2","1","1","0","0"
"POINT (11.520452060000025 48.146518367000056)","Unfall 166321 (2020) Kat:3, Licht: 0","166321","3","2","5","06","08","3","0","0","1","1","0","0"
"POINT (11.556909090000033 48.129944109000064)","Unfall 166324 (2020) Kat:3, Licht: 2","166324","3","1","0","06","03","7","1","2","1","0","0","0"
"POINT (11.580107266000027 48.135003377000032)","Unfall 166328 (2020) Kat:3, Licht: 0","166328","3","7","0","07","18","6","0","0","0","0","0","0"
"POINT (11.563595294000038 48.161299663000079)","Unfall 166334 (2020) Kat:3, Licht: 0","166334","3","5","1","07","11","6","0","0","1","1","0","0"
"POINT (11.535713824000027 48.139897453000060)","Unfall 166336 (2020) Kat:3, Licht: 0","166336","3","1","0","07","09","6","0","0","0","0","0","0"
"POINT (11.503313652000031 48.147143407000044)","Unfall 166338 (2020) Kat:3, Licht: 0","166338","3","2","5","07","20","6","0","0","1","0","0","0"
"POINT (11.588388015000021 48.138303819000043)","Unfall 166346 (2020) Kat:3, Licht: 2","166346","3","1","0","07","22","6","0","2","1","0","0","0"
"POINT (11.646328625000024 48.107686408000063)","Unfall 166348 (2020) Kat:3, Licht: 0","166348","3","3","5","07","10","6","0","0","1","1","0","0"
"POINT (11.511758600000064 48.155549539000049)","Unfall 166353 (2020) Kat:3, Licht: 0","166353","3","2","5","07","14","6","0","0","1","1","0","0"
"POINT (11.555893992000051 48.158921271000054)","Unfall 166357 (2020) Kat:3, Licht: 0","166357","3","3","5","07","12","6","0","0","0","1","0","1"
"POINT (11.509157616000039 48.094427605000078)","Unfall 166362 (2020) Kat:3, Licht: 0","166362","3","2","5","07","14","6","0","0","1","1","0","0"
"POINT (11.529112042000065 48.099945092000041)","Unfall 166368 (2020) Kat:3, Licht: 0","166368","3","2","5","07","08","6","1","0","1","1","0","0"
"POINT (11.521896371000025 48.175739988000032)","Unfall 166373 (2020) Kat:3, Licht: 2","166373","3","3","5","07","00","5","0","2","0","1","0","0"
"POINT (11.613873250000040 48.136727640000061)","Unfall 166374 (2020) Kat:3, Licht: 0","166374","3","1","0","07","19","6","0","0","1","0","0","0"
"POINT (11.572695955000029 48.115298631000030)","Unfall 166376 (2020) Kat:3, Licht: 0","166376","3","3","5","07","20","5","1","0","0","1","0","0"
"POINT (11.573889848000022 48.120078294000052)","Unfall 166377 (2020) Kat:3, Licht: 2","166377","3","2","5","07","21","5","1","2","1","1","0","0"
"POINT (11.569906933000027 48.130940571000053)","Unfall 166379 (2020) Kat:3, Licht: 2","166379","3","7","0","07","01","5","1","2","1","0","0","0"
"POINT (11.585211343000026 48.142679665000060)","Unfall 166380 (2020) Kat:3, Licht: 0","166380","3","7","0","07","13","6","0","0","0","0","0","0"
"POINT (11.539378456000065 48.125385369000071)","Unfall 166381 (2020) Kat:3, Licht: 0","166381","3","7","0","07","13","5","0","0","0","0","0","0"
"POINT (11.574823765000076 48.161923428000080)","Unfall 166384 (2020) Kat:3, Licht: 0","166384","3","6","0","07","20","5","1","0","1","0","0","0"
"POINT (11.581433874000027 48.138849655000058)","Unfall 166385 (2020) Kat:3, Licht: 0","166385","3","1","0","07","19","5","1","0","1","0","0","0"
"POINT (11.580961241000068 48.137236739000059)","Unfall 166386 (2020) Kat:3, Licht: 0","166386","3","4","6","07","10","6","0","0","1","0","1","0"
"POINT (11.492471046000048 48.129994943000042)","Unfall 166389 (2020) Kat:3, Licht: 1","166389","3","3","0","07","21","5","1","1","0","1","0","0"
"POINT (11.520107210000049 48.150180187000046)","Unfall 166391 (2020) Kat:3, Licht: 0","166391","3","3","5","07","18","5","0","0","1","1","0","0"
"POINT (11.640889647000051 48.099883028000079)","Unfall 166393 (2020) Kat:3, Licht: 0","166393","3","1","6","07","14","5","0","0","0","0","1","0"
"POINT (11.572377164000045 48.120561473000066)","Unfall 166395 (2020) Kat:2, Licht: 0","166395","2","4","5","07","15","5","0","0","1","0","1","0"
"POINT (11.585378901000070 48.132711442000073)","Unfall 166396 (2020) Kat:3, Licht: 0","166396","3","6","0","07","08","5","1","0","1","0","0","0"
"POINT (11.547664262000069 48.114608043000032)","Unfall 166397 (2020) Kat:3, Licht: 0","166397","3","6","0","07","18","5","0","0","1","1","0","0"
"POINT (11.585433497000054 48.159235913000032)","Unfall 166398 (2020) Kat:3, Licht: 1","166398","3","6","1","07","20","5","1","1","0","1","0","0"
"POINT (11.467128319000039 48.145814411000060)","Unfall 166401 (2020) Kat:3, Licht: 0","166401","3","2","3","07","19","5","1","0","1","1","0","0"
"POINT (11.561900303000073 48.214877240000078)","Unfall 166403 (2020) Kat:3, Licht: 0","166403","3","6","4","07","14","5","0","0","1","0","0","0"
"POINT (11.598646493000047 48.140993163000076)","Unfall 166404 (2020) Kat:3, Licht: 0","166404","3","2","4","07","18","5","0","0","1","1","0","0"
"POINT (11.582227655000054 48.119712345000039)","Unfall 166405 (2020) Kat:3, Licht: 0","166405","3","1","0","07","07","5","1","0","0","0","0","1"
"POINT (11.600218932000075 48.119377254000028)","Unfall 166406 (2020) Kat:3, Licht: 0","166406","3","1","0","07","08","5","1","0","1","0","0","0"
"POINT (11.563607074000060 48.121056529000043)","Unfall 166407 (2020) Kat:2, Licht: 2","166407","2","1","0","07","22","5","1","2","1","0","0","0"
"POINT (11.569683661000056 48.145493501000033)","Unfall 166410 (2020) Kat:3, Licht: 0","166410","3","1","0","07","06","5","1","0","1","0","0","0"
"POINT (11.568120735000036 48.152480432000061)","Unfall 166411 (2020) Kat:3, Licht: 0","166411","3","2","5","07","09","5","0","0","0","1","1","0"
"POINT (11.567637192000063 48.210683279000079)","Unfall 166512 (2020) Kat:3, Licht: 0","166512","3","3","5","07","10","4","0","0","1","1","0","0"
"POINT (11.542160422000052 48.134294636000050)","Unfall 166514 (2020) Kat:3, Licht: 0","166514","3","7","1","07","14","4","0","0","1","1","0","0"
"POINT (11.529578849000075 48.136197824000078)","Unfall 166515 (2020) Kat:3, Licht: 0","166515","3","7","0","07","10","4","0","0","1","0","0","0"
"POINT (11.656329828000025 48.146131462000028)","Unfall 166516 (2020) Kat:2, Licht: 0","166516","2","7","0","07","18","4","1","0","1","0","0","0"
"POINT (11.502146899000024 48.139707907000059)","Unfall 166519 (2020) Kat:3, Licht: 0","166519","3","5","3","07","09","4","0","0","0","1","0","0"
"POINT (11.529574685000057 48.182052096000064)","Unfall 166522 (2020) Kat:3, Licht: 0","166522","3","7","4","07","06","4","1","0","0","1","0","0"
"POINT (11.549626942000032 48.171321784000042)","Unfall 166523 (2020) Kat:2, Licht: 0","166523","2","7","4","07","16","4","0","0","1","0","0","0"
"POINT (11.594460631000061 48.133737355000051)","Unfall 166525 (2020) Kat:3, Licht: 0","166525","3","6","2","07","14","4","0","0","0","1","0","0"
"POINT (11.537265242000046 48.150485501000048)","Unfall 166526 (2020) Kat:3, Licht: 0","166526","3","2","5","07","20","4","1","0","1","1","0","0"
"POINT (11.432071230000076 48.201933903000054)","Unfall 166529 (2020) Kat:3, Licht: 0","166529","3","3","5","07","19","4","0","0","1","0","0","0"
"POINT (11.534243429000071 48.192708774000039)","Unfall 166532 (2020) Kat:2, Licht: 0","166532","2","2","3","07","08","4","0","0","0","1","0","1"
"POINT (11.465237258000059 48.146280642000079)","Unfall 166535 (2020) Kat:3, Licht: 0","166535","3","2","5","07","18","4","0","0","0","1","0","0"
"POINT (11.572972391000064 48.142904260000080)","Unfall 166536 (2020) Kat:3, Licht: 0","166536","3","5","1","07","15","4","0","0","0","1","0","1"
"POINT (11.566087129000039 48.123660317000031)","Unfall 166538 (2020) Kat:3, Licht: 0","166538","3","2","5","07","08","4","0","0","1","0","0","1"
"POINT (11.516340737000064 48.153379913000038)","Unfall 166539 (2020) Kat:3, Licht: 2","166539","3","7","0","07","22","4","0","2","1","0","0","0"
"POINT (11.572093442000039 48.139367595000067)","Unfall 166542 (2020) Kat:3, Licht: 2","166542","3","7","1","07","01","4","0","2","1","1","0","0"
"POINT (11.575295693000044 48.119427341000062)","Unfall 166546 (2020) Kat:2, Licht: 0","166546","2","3","5","07","15","4","0","0","1","0","0","0"
"POINT (11.559252594000043 48.142906856000081)","Unfall 166547 (2020) Kat:3, Licht: 0","166547","3","6","2","07","16","4","0","0","1","0","0","1"
"POINT (11.526264261000051 48.109449094000070)","Unfall 166548 (2020) Kat:3, Licht: 0","166548","3","4","6","07","18","4","0","0","1","0","1","0"
"POINT (11.558630896000068 48.138402192000058)","Unfall 166551 (2020) Kat:3, Licht: 0","166551","3","6","4","07","16","4","0","0","1","0","0","0"
"POINT (11.570893078000040 48.131919289000052)","Unfall 166552 (2020) Kat:3, Licht: 2","166552","3","2","4","07","21","4","1","2","0","1","0","0"
"POINT (11.578276244000051 48.201190390000079)","Unfall 166556 (2020) Kat:3, Licht: 0","166556","3","7","0","07","20","4","1","0","1","0","0","0"
"POINT (11.552680353000028 48.161391651000031)","Unfall 166558 (2020) Kat:3, Licht: 0","166558","3","6","2","07","06","4","0","0","0","1","0","1"
"POINT (11.539147668000055 48.161089545000038)","Unfall 166559 (2020) Kat:3, Licht: 0","166559","3","1","0","07","20","4","1","0","0","0","0","1"
"POINT (11.536303694000026 48.148212080000064)","Unfall 166560 (2020) Kat:2, Licht: 0","166560","2","3","5","07","17","4","0","0","1","1","0","0"
"POINT (11.509030299000074 48.132959260000064)","Unfall 166561 (2020) Kat:3, Licht: 0","166561","3","3","0","07","20","4","1","0","0","1","0","1"
"POINT (11.503607933000069 48.079340207000030)","Unfall 166564 (2020) Kat:3, Licht: 0","166564","3","2","6","07","09","4","0","0","0","1","1","0"
"POINT (11.549285875000066 48.088146086000052)","Unfall 166568 (2020) Kat:3, Licht: 0","166568","3","1","0","07","20","4","1","0","1","0","0","0"
"POINT (11.559578102000046 48.139357967000080)","Unfall 166569 (2020) Kat:3, Licht: 0","166569","3","5","1","07","08","4","0","0","1","1","0","0"
"POINT (11.554251440000030 48.139133888000060)","Unfall 166570 (2020) Kat:2, Licht: 0","166570","2","6","3","07","09","4","0","0","1","0","0","0"
"POINT (11.580991303000076 48.149912494000034)","Unfall 166571 (2020) Kat:2, Licht: 0","166571","2","3","3","07","14","4","0","0","1","1","0","0"
"POINT (11.569977349000055 48.130921968000052)","Unfall 166574 (2020) Kat:3, Licht: 0","166574","3","1","0","07","15","4","0","0","1","0","0","0"
"POINT (11.556346575000077 48.213264597000034)","Unfall 166586 (2020) Kat:3, Licht: 0","166586","3","5","0","07","10","6","0","0","0","0","0","0"
"POINT (11.548920172000066 48.108762377000062)","Unfall 166607 (2020) Kat:2, Licht: 2","166607","2","7","0","07","00","1","0","2","1","0","0","0"
"POINT (11.611708551000049 48.154071276000082)","Unfall 166619 (2020) Kat:3, Licht: 0","166619","3","7","0","07","15","2","0","0","0","0","0","1"
"POINT (11.602520452000022 48.135674880000067)","Unfall 166631 (2020) Kat:3, Licht: 0","166631","3","2","5","07","12","1","0","0","0","1","0","0"
"POINT (11.527999715000021 48.116651580000052)","Unfall 166633 (2020) Kat:3, Licht: 0","166633","3","3","5","07","10","2","0","0","0","1","0","1"
"POINT (11.550827662000074 48.149007706000077)","Unfall 166637 (2020) Kat:2, Licht: 2","166637","2","7","0","07","23","7","0","2","0","0","0","0"
"POINT (11.631903154000042 48.122444547000043)","Unfall 166640 (2020) Kat:3, Licht: 0","166640","3","6","3","07","08","2","0","0","1","0","0","0"
"POINT (11.627869935000035 48.117857028000060)","Unfall 166641 (2020) Kat:2, Licht: 1","166641","2","7","0","07","21","7","0","1","0","1","0","1"
"POINT (11.540487552000059 48.136735412000064)","Unfall 166646 (2020) Kat:3, Licht: 0","166646","3","3","5","07","19","7","0","0","1","1","0","0"
"POINT (11.577656336000075 48.093205189000059)","Unfall 166651 (2020) Kat:3, Licht: 0","166651","3","2","5","07","09","7","0","0","1","0","0","0"
"POINT (11.565559986000039 48.187200914000073)","Unfall 166653 (2020) Kat:3, Licht: 2","166653","3","6","3","07","00","7","0","2","1","1","0","0"
"POINT (11.644867472000044 48.161650623000071)","Unfall 166655 (2020) Kat:3, Licht: 2","166655","3","5","1","07","02","1","0","2","1","1","0","0"
"POINT (11.459100646000024 48.145878383000081)","Unfall 166656 (2020) Kat:3, Licht: 0","166656","3","6","3","07","11","7","0","0","1","1","0","0"
"POINT (11.583380421000072 48.154978451000034)","Unfall 166658 (2020) Kat:3, Licht: 2","166658","3","1","0","07","23","7","0","2","1","0","0","0"
"POINT (11.511600356000031 48.131022556000062)","Unfall 166661 (2020) Kat:3, Licht: 0","166661","3","6","2","07","18","7","0","0","1","1","0","0"
"POINT (11.522107994000066 48.175890230000050)","Unfall 166666 (2020) Kat:3, Licht: 0","166666","3","3","5","07","09","7","0","0","0","1","0","0"
"POINT (11.507781804000047 48.078429220000032)","Unfall 166668 (2020) Kat:3, Licht: 0","166668","3","2","6","07","16","1","0","0","0","1","1","0"
"POINT (11.548483652000073 48.124135141000068)","Unfall 166670 (2020) Kat:3, Licht: 0","166670","3","2","5","07","11","2","0","0","1","1","0","0"
"POINT (11.531991125000047 48.091561970000043)","Unfall 166673 (2020) Kat:3, Licht: 0","166673","3","4","6","07","20","2","0","0","0","1","1","0"
"POINT (11.648005822000073 48.139856481000038)","Unfall 166677 (2020) Kat:3, Licht: 0","166677","3","4","6","07","11","7","0","0","1","0","1","0"
"POINT (11.567807508000044 48.123368380000045)","Unfall 166679 (2020) Kat:3, Licht: 0","166679","3","6","2","07","19","1","0","0","0","1","0","0"
"POINT (11.602524787000050 48.127343451000058)","Unfall 166680 (2020) Kat:3, Licht: 0","166680","3","7","5","07","09","7","0","0","1","0","0","1"