WKT,Name,OBJECTID,UKATEGORIE,UTYP1,UART,UMONAT,USTUNDE,UWOCHENTAG,STRZUSTAND,ULICHTVERH,ISTRAD,ISTPKW,ISTFUSS,ISTKRAD
"POINT (11.465902513000060 48.185413884000070)","Unfall 166681 (2020) Kat:3, Licht: 0","166681","3","2","5","07","10","2","0","0","1","0","0","0"
"POINT (11.582574302000069 48.125700437000035)","Unfall 166685 (2020) Kat:3, Licht: 0","166685","3","6","3","07","10","7","0","0","1","0","0","0"
"POINT (11.588277972000071 48.131649658000072)","Unfall 166688 (2020) Kat:3, Licht: 0","166688","3","6","4","07","18","7","0","0","1","0","0","0"
"POINT (11.503809337000064 48.150923754000075)","Unfall 166692 (2020) Kat:3, Licht: 0","166692","3","2","5","07","08","2","0","0","1","1","0","0"
"POINT (11.579034816000046 48.129214993000062)","Unfall 166698 (2020) Kat:3, Licht: 0","166698","3","6","2","07","11","7","0","0","0","1","0","1"
"POINT (11.598907912000072 48.135575007000057)","Unfall 166707 (2020) Kat:3, Licht: 0","166707","3","1","0","07","19","2","0","0","1","0","0","0"
"POINT (11.561755909000055 48.124989537000033)","Unfall 166708 (2020) Kat:3, Licht: 0","166708","3","2","5","07","14","7","0","0","1","1","0","0"
"POINT (11.685131728000044 48.137585630000046)","Unfall 166712 (2020) Kat:3, Licht: 0","166712","3","3","5","07","18","1","0","0","1","1","0","0"
"POINT (11.527178033000041 48.136985923000054)","Unfall 166723 (2020) Kat:3, Licht: 0","166723","3","1","0","07","16","1","0","0","0","0","0","1"
"POINT (11.507936467000036 48.110559315000046)","Unfall 166725 (2020) Kat:3, Licht: 0","166725","3","5","1","07","08","2","0","0","1","1","0","0"
"POINT (11.511617892000061 48.180987108000068)","Unfall 166735 (2020) Kat:3, Licht: 0","166735","3","2","5","07","19","2","0","0","1","1","0","0"
"POINT (11.478065745000038 48.119386970000050)","Unfall 166762 (2020) Kat:3, Licht: 0","166762","3","7","0","07","16","1","0","0","1","0","0","0"
"POINT (11.656579865000026 48.089805540000043)","Unfall 166764 (2020) Kat:3, Licht: 0","166764","3","2","2","07","08","2","0","0","0","1","0","0"
"POINT (11.556989920000035 48.143694847000063)","Unfall 166778 (2020) Kat:3, Licht: 0","166778","3","7","6","07","10","2","0","0","1","0","1","0"
"POINT (11.558238526000025 48.126268312000036)","Unfall 166787 (2020) Kat:3, Licht: 0","166787","3","7","0","07","12","1","0","0","1","0","0","0"
"POINT (11.534009463000075 48.152622959000041)","Unfall 166789 (2020) Kat:2, Licht: 1","166789","2","4","6","07","20","2","0","1","1","0","1","0"
"POINT (11.585998726000071 48.169859848000044)","Unfall 166800 (2020) Kat:3, Licht: 0","166800","3","3","3","07","08","2","0","0","1","1","0","0"
"POINT (11.605754122000064 48.103147074000049)","Unfall 166812 (2020) Kat:3, Licht: 0","166812","3","2","4","07","18","2","0","0","1","1","0","0"
"POINT (11.597554729000024 48.149661415000025)","Unfall 166817 (2020) Kat:3, Licht: 0","166817","3","7","0","07","09","1","0","0","0","0","0","0"
"POINT (11.565258961000040 48.137431347000074)","Unfall 166827 (2020) Kat:2, Licht: 0","166827","2","3","5","07","15","2","0","0","1","1","0","0"
"POINT (11.566154418000053 48.187287630000071)","Unfall 166829 (2020) Kat:3, Licht: 0","166829","3","2","6","07","18","1","0","0","0","1","1","0"
"POINT (11.587321240000051 48.159455297000079)","Unfall 166831 (2020) Kat:3, Licht: 0","166831","3","3","5","07","08","2","0","0","1","0","0","0"
"POINT (11.575718739000024 48.164626504000069)","Unfall 166837 (2020) Kat:3, Licht: 0","166837","3","3","5","07","20","1","0","0","1","1","0","0"
"POINT (11.568614853000042 48.186359421000077)","Unfall 166839 (2020) Kat:2, Licht: 0","166839","2","3","5","07","09","2","0","0","1","0","0","0"
"POINT (11.502504351000027 48.121578572000033)","Unfall 166850 (2020) Kat:3, Licht: 0","166850","3","6","4","07","16","2","0","0","1","0","0","0"
"POINT (11.586462978000043 48.137533104000056)","Unfall 166862 (2020) Kat:3, Licht: 0","166862","3","7","5","07","17","5","0","0","1","1","0","0"
"POINT (11.565336363000029 48.145772963000070)","Unfall 166875 (2020) Kat:3, Licht: 2","166875","3","7","6","07","22","3","0","2","1","0","1","0"
"POINT (11.457115292000026 48.171665799000039)","Unfall 166877 (2020) Kat:3, Licht: 0","166877","3","7","0","07","08","3","0","0","1","0","0","0"
"POINT (11.628521075000037 48.103567532000056)","Unfall 166883 (2020) Kat:3, Licht: 0","166883","3","4","6","07","17","3","0","0","0","1","1","0"
"POINT (11.566359073000058 48.176558532000058)","Unfall 166886 (2020) Kat:3, Licht: 0","166886","3","3","5","07","14","3","0","0","1","0","0","0"
"POINT (11.583625702000063 48.192614817000049)","Unfall 166888 (2020) Kat:3, Licht: 0","166888","3","3","5","07","16","3","0","0","0","1","0","1"
"POINT (11.491877100000067 48.091698816000076)","Unfall 166890 (2020) Kat:3, Licht: 0","166890","3","1","0","07","17","3","0","0","1","0","0","0"
"POINT (11.607188354000073 48.139417488000049)","Unfall 166896 (2020) Kat:3, Licht: 0","166896","3","7","0","07","10","3","0","0","1","0","0","0"
"POINT (11.585839955000040 48.143859555000063)","Unfall 166899 (2020) Kat:3, Licht: 0","166899","3","6","4","07","17","5","0","0","1","0","0","0"
"POINT (11.582947468000043 48.118407938000075)","Unfall 166901 (2020) Kat:3, Licht: 0","166901","3","5","3","07","17","3","0","0","1","1","0","0"
"POINT (11.567969662000053 48.186256625000055)","Unfall 166902 (2020) Kat:3, Licht: 0","166902","3","6","4","07","19","5","0","0","1","1","0","0"
"POINT (11.659785706000036 48.121967713000060)","Unfall 166907 (2020) Kat:2, Licht: 0","166907","2","4","6","07","14","3","0","0","0","1","1","0"
"POINT (11.578899766000063 48.145321142000057)","Unfall 166912 (2020) Kat:3, Licht: 0","166912","3","7","5","07","14","3","0","0","1","1","0","0"
"POINT (11.570588758000042 48.146894871000029)","Unfall 166914 (2020) Kat:3, Licht: 0","166914","3","6","2","07","18","3","0","0","0","1","0","0"
"POINT (11.561287859000061 48.218992146000062)","Unfall 166916 (2020) Kat:3, Licht: 0","166916","3","7","5","07","15","3","0","0","1","0","0","0"
"POINT (11.504323867000039 48.152822608000065)","Unfall 166918 (2020) Kat:3, Licht: 0","166918","3","7","5","07","07","3","0","0","1","0","0","0"
"POINT (11.502400836000049 48.112227112000028)","Unfall 166920 (2020) Kat:3, Licht: 0","166920","3","2","4","07","07","3","0","0","1","1","0","0"
"POINT (11.634693888000072 48.169159533000027)","Unfall 166925 (2020) Kat:3, Licht: 0","166925","3","7","0","07","18","3","0","0","1","0","0","0"
"POINT (11.635936298000047 48.170820535000075)","Unfall 166927 (2020) Kat:3, Licht: 0","166927","3","7","1","07","17","3","0","0","1","1","0","0"
"POINT (11.589729158000068 48.137245629000063)","Unfall 166928 (2020) Kat:3, Licht: 0","166928","3","4","6","07","07","5","0","0","1","0","1","0"
"POINT (11.598300683000048 48.122426451000081)","Unfall 166936 (2020) Kat:3, Licht: 0","166936","3","1","0","07","15","3","0","0","1","0","0","0"
"POINT (11.517078195000067 48.112021671000036)","Unfall 166938 (2020) Kat:3, Licht: 0","166938","3","7","6","07","15","3","0","0","0","1","1","0"
"POINT (11.472377048000055 48.156719421000048)","Unfall 166939 (2020) Kat:3, Licht: 0","166939","3","5","1","07","10","5","0","0","1","1","0","0"
"POINT (11.590693856000030 48.166890784000032)","Unfall 166944 (2020) Kat:3, Licht: 0","166944","3","1","0","07","20","3","0","0","1","0","0","0"
"POINT (11.556587731000036 48.124939974000029)","Unfall 166947 (2020) Kat:3, Licht: 0","166947","3","5","1","07","13","3","0","0","1","1","0","0"
"POINT (11.577830728000038 48.110309346000065)","Unfall 166950 (2020) Kat:2, Licht: 0","166950","2","4","6","07","16","5","0","0","0","1","1","0"
"POINT (11.681376264000050 48.136706205000053)","Unfall 166960 (2020) Kat:3, Licht: 0","166960","3","1","0","07","11","5","0","0","1","0","0","0"
"POINT (11.647929421000072 48.162380167000038)","Unfall 166964 (2020) Kat:3, Licht: 0","166964","3","7","0","07","12","5","0","0","1","0","0","0"
"POINT (11.573023526000043 48.174280729000031)","Unfall 166965 (2020) Kat:3, Licht: 0","166965","3","5","1","07","19","5","0","0","1","1","0","0"
"POINT (11.568499276000068 48.122238214000049)","Unfall 166970 (2020) Kat:3, Licht: 0","166970","3","6","4","07","18","4","0","0","1","0","0","0"
"POINT (11.568858153000065 48.121939698000062)","Unfall 166972 (2020) Kat:3, Licht: 0","166972","3","6","3","07","16","4","0","0","1","0","0","0"
"POINT (11.594648140000061 48.151585694000062)","Unfall 166973 (2020) Kat:3, Licht: 0","166973","3","7","0","07","18","4","0","0","1","0","0","0"
"POINT (11.599806974000046 48.148811530000046)","Unfall 166974 (2020) Kat:3, Licht: 1","166974","3","6","3","07","21","5","0","1","1","0","0","0"
"POINT (11.547775758000057 48.139956980000079)","Unfall 166975 (2020) Kat:3, Licht: 0","166975","3","2","3","07","17","4","0","0","1","0","0","0"
"POINT (11.575303026000029 48.187785087000066)","Unfall 166976 (2020) Kat:3, Licht: 0","166976","3","3","0","07","08","4","0","0","0","1","0","1"
"POINT (11.594593025000052 48.170978676000061)","Unfall 166978 (2020) Kat:2, Licht: 0","166978","2","3","4","07","06","4","0","0","1","0","0","0"
"POINT (11.458792364000033 48.156190674000072)","Unfall 166980 (2020) Kat:3, Licht: 0","166980","3","2","5","07","17","4","0","0","1","0","0","0"
"POINT (11.443077752000022 48.146677472000079)","Unfall 166983 (2020) Kat:3, Licht: 0","166983","3","5","1","07","11","4","0","0","1","0","0","0"
"POINT (11.538219782000056 48.118751121000059)","Unfall 166984 (2020) Kat:3, Licht: 0","166984","3","7","0","07","11","4","0","0","1","0","0","0"
"POINT (11.533049392000066 48.124625796000032)","Unfall 166985 (2020) Kat:3, Licht: 0","166985","3","3","5","07","07","5","0","0","1","1","0","0"
"POINT (11.584202263000066 48.144026993000068)","Unfall 166986 (2020) Kat:3, Licht: 0","166986","3","3","5","07","16","4","0","0","1","1","0","0"
"POINT (11.522831611000072 48.117133925000076)","Unfall 166987 (2020) Kat:3, Licht: 0","166987","3","3","5","07","16","4","0","0","1","1","0","0"
"POINT (11.573300721000066 48.094682072000069)","Unfall 166990 (2020) Kat:3, Licht: 0","166990","3","1","0","07","15","4","0","0","1","0","0","0"
"POINT (11.574595676000058 48.119787928000051)","Unfall 166992 (2020) Kat:3, Licht: 0","166992","3","6","2","07","19","5","0","0","0","1","0","0"
"POINT (11.592908512000065 48.162938933000078)","Unfall 166993 (2020) Kat:3, Licht: 0","166993","3","6","3","07","16","4","0","0","1","1","0","0"
"POINT (11.574042778000035 48.166226327000061)","Unfall 166994 (2020) Kat:3, Licht: 0","166994","3","6","2","07","12","4","0","0","0","1","0","0"
"POINT (11.604088327000056 48.122142350000047)","Unfall 166995 (2020) Kat:2, Licht: 0","166995","2","4","6","07","14","4","0","0","0","0","1","0"
"POINT (11.574454628000069 48.095029940000074)","Unfall 166997 (2020) Kat:3, Licht: 0","166997","3","1","0","07","19","5","0","0","1","0","0","0"
"POINT (11.527144995000072 48.169274370000039)","Unfall 166999 (2020) Kat:3, Licht: 0","166999","3","7","0","07","11","4","0","0","0","0","0","0"
"POINT (11.531663671000047 48.152568426000073)","Unfall 167000 (2020) Kat:3, Licht: 0","167000","3","2","5","07","15","4","0","0","1","1","0","0"
"POINT (11.502592389000029 48.125476363000075)","Unfall 167001 (2020) Kat:3, Licht: 0","167001","3","2","5","07","08","4","0","0","1","1","0","0"
"POINT (11.553564367000035 48.112242704000039)","Unfall 167005 (2020) Kat:3, Licht: 0","167005","3","7","0","07","15","5","0","0","1","0","0","0"
"POINT (11.534207217000073 48.148467272000062)","Unfall 167006 (2020) Kat:2, Licht: 0","167006","2","2","4","07","14","5","0","0","0","1","0","1"
"POINT (11.545515990000069 48.135608127000069)","Unfall 167008 (2020) Kat:3, Licht: 0","167008","3","4","6","07","15","5","0","0","1","0","1","0"
"POINT (11.595940315000064 48.141636615000039)","Unfall 167009 (2020) Kat:3, Licht: 0","167009","3","1","0","07","19","4","0","0","1","0","0","0"
"POINT (11.587567602000036 48.125487155000030)","Unfall 167010 (2020) Kat:3, Licht: 0","167010","3","6","1","07","18","4","0","0","1","1","0","0"
"POINT (11.606712412000036 48.120295496000040)","Unfall 167011 (2020) Kat:3, Licht: 0","167011","3","6","4","07","16","4","0","0","1","0","0","0"
"POINT (11.564685879000024 48.159620109000059)","Unfall 167014 (2020) Kat:3, Licht: 0","167014","3","6","2","07","08","4","0","0","1","0","0","0"
"POINT (11.579151728000056 48.136019679000071)","Unfall 167025 (2020) Kat:3, Licht: 0","167025","3","6","5","07","19","5","0","0","1","0","0","0"
"POINT (11.607536037000045 48.192596611000056)","Unfall 167046 (2020) Kat:3, Licht: 0","167046","3","4","6","07","07","5","0","0","0","1","1","0"
"POINT (11.531664061000072 48.152567305000048)","Unfall 167055 (2020) Kat:3, Licht: 0","167055","3","2","5","07","12","5","0","0","1","1","0","0"
"POINT (11.613053018000073 48.088754997000080)","Unfall 167058 (2020) Kat:3, Licht: 0","167058","3","3","5","07","09","5","0","0","0","1","0","0"
"POINT (11.581773046000023 48.187839881000059)","Unfall 167094 (2020) Kat:3, Licht: 2","167094","3","7","0","07","22","5","0","2","1","0","0","0"
"POINT (11.588224401000048 48.167452390000051)","Unfall 167105 (2020) Kat:3, Licht: 0","167105","3","2","4","07","17","5","0","0","1","1","0","0"
"POINT (11.536871828000073 48.199964916000056)","Unfall 167111 (2020) Kat:3, Licht: 0","167111","3","2","3","07","20","5","0","0","1","1","0","0"
"POINT (11.608581941000068 48.105405217000055)","Unfall 167115 (2020) Kat:3, Licht: 0","167115","3","7","1","07","14","1","0","0","0","1","0","0"
"POINT (11.580171430000064 48.134594057000072)","Unfall 167129 (2020) Kat:3, Licht: 0","167129","3","6","3","07","12","7","1","0","0","1","0","1"
"POINT (11.593635494000068 48.133496098000080)","Unfall 167138 (2020) Kat:3, Licht: 0","167138","3","1","0","07","17","6","0","0","1","0","0","0"
"POINT (11.510509229000036 48.170202622000033)","Unfall 167139 (2020) Kat:3, Licht: 0","167139","3","2","3","07","18","1","0","0","1","1","0","0"
"POINT (11.592089312000041 48.142220296000062)","Unfall 167142 (2020) Kat:3, Licht: 0","167142","3","7","0","07","19","7","0","0","1","0","0","0"
"POINT (11.531283401000053 48.183921126000030)","Unfall 167151 (2020) Kat:3, Licht: 0","167151","3","3","5","07","17","6","0","0","1","1","0","0"
"POINT (11.456238308000025 48.165662033000046)","Unfall 167152 (2020) Kat:3, Licht: 2","167152","3","6","2","07","21","1","0","2","0","1","0","0"
"POINT (11.541426387000058 48.139557253000078)","Unfall 167162 (2020) Kat:3, Licht: 1","167162","3","6","1","07","19","6","1","1","0","1","0","0"
"POINT (11.476748709000049 48.177865485000041)","Unfall 167163 (2020) Kat:3, Licht: 0","167163","3","1","0","07","14","1","0","0","1","0","0","0"
"POINT (11.462769214000048 48.203324151000061)","Unfall 167176 (2020) Kat:3, Licht: 0","167176","3","1","0","07","14","6","0","0","1","0","0","0"
"POINT (11.546477422000066 48.204372059000036)","Unfall 167179 (2020) Kat:3, Licht: 0","167179","3","3","5","07","18","7","0","0","1","1","0","0"
"POINT (11.586814923000077 48.164179081000043)","Unfall 167198 (2020) Kat:3, Licht: 0","167198","3","2","5","07","13","6","0","0","1","0","0","0"
"POINT (11.519750056000021 48.126678965000053)","Unfall 167199 (2020) Kat:3, Licht: 2","167199","3","5","1","07","00","1","0","2","0","1","0","0"
"POINT (11.517679755000074 48.130350288000045)","Unfall 167203 (2020) Kat:3, Licht: 2","167203","3","7","0","07","03","1","0","2","0","1","0","0"
"POINT (11.666437509000048 48.113088151000056)","Unfall 167211 (2020) Kat:3, Licht: 0","167211","3","3","5","07","17","1","0","0","1","1","0","0"
"POINT (11.562768169000037 48.163960488000043)","Unfall 167213 (2020) Kat:3, Licht: 0","167213","3","7","1","07","13","6","0","0","1","1","0","0"
"POINT (11.463770747000069 48.169384019000063)","Unfall 167216 (2020) Kat:3, Licht: 0","167216","3","6","4","07","13","6","0","0","1","0","0","0"
"POINT (11.510932755000056 48.100790033000067)","Unfall 167225 (2020) Kat:3, Licht: 0","167225","3","6","2","07","08","6","0","0","0","1","0","1"
"POINT (11.580192633000024 48.135744809000073)","Unfall 167228 (2020) Kat:3, Licht: 0","167228","3","7","3","07","13","7","0","0","1","0","0","0"
"POINT (11.535065850000024 48.121853715000043)","Unfall 167232 (2020) Kat:3, Licht: 0","167232","3","7","6","07","16","7","0","0","1","1","1","0"
"POINT (11.589733814000056 48.131765970000060)","Unfall 167254 (2020) Kat:3, Licht: 0","167254","3","2","3","07","18","1","0","0","1","1","0","0"
"POINT (11.571114039000065 48.181778315000031)","Unfall 167256 (2020) Kat:3, Licht: 2","167256","3","7","1","07","22","6","1","2","1","1","0","0"
"POINT (11.591406887000062 48.191676784000038)","Unfall 167258 (2020) Kat:3, Licht: 0","167258","3","7","0","07","12","6","0","0","0","1","0","0"
"POINT (11.533302565000042 48.153015057000061)","Unfall 167266 (2020) Kat:3, Licht: 0","167266","3","2","5","07","20","1","0","0","1","0","0","0"
"POINT (11.457399515000077 48.149900982000077)","Unfall 167276 (2020) Kat:3, Licht: 0","167276","3","1","0","07","15","6","0","0","1","0","0","0"
"POINT (11.574405822000074 48.140674098000034)","Unfall 167278 (2020) Kat:3, Licht: 2","167278","3","1","0","07","03","1","0","2","1","0","0","0"
"POINT (11.552380946000028 48.155182034000063)","Unfall 167279 (2020) Kat:3, Licht: 2","167279","3","7","0","07","01","6","0","2","1","0","0","0"
"POINT (11.531340238000041 48.146945796000068)","Unfall 167282 (2020) Kat:3, Licht: 0","167282","3","7","5","07","19","7","0","0","0","1","0","0"
"POINT (11.565327034000063 48.176308208000080)","Unfall 167299 (2020) Kat:3, Licht: 0","167299","3","3","5","07","11","6","0","0","1","1","0","0"
"POINT (11.489335027000038 48.217221998000070)","Unfall 167304 (2020) Kat:2, Licht: 2","167304","2","3","5","07","00","1","1","2","1","1","0","0"
"POINT (11.586233102000051 48.169391002000054)","Unfall 167308 (2020) Kat:3, Licht: 0","167308","3","1","0","07","16","1","0","0","1","0","0","0"
"POINT (11.501834947000077 48.120197719000032)","Unfall 167315 (2020) Kat:3, Licht: 0","167315","3","4","6","07","17","1","0","0","0","1","1","0"
"POINT (11.599007687000039 48.125536590000081)","Unfall 167319 (2020) Kat:3, Licht: 0","167319","3","5","3","07","18","7","0","0","1","1","0","0"
"POINT (11.518441647000031 48.140478171000041)","Unfall 167328 (2020) Kat:3, Licht: 0","167328","3","6","2","07","17","6","0","0","0","1","0","0"
"POINT (11.569476527000063 48.164086919000056)","Unfall 167354 (2020) Kat:3, Licht: 0","167354","3","1","3","07","14","1","0","0","1","1","0","0"
"POINT (11.551894121000032 48.161518220000062)","Unfall 167356 (2020) Kat:3, Licht: 0","167356","3","6","4","07","13","6","0","0","1","0","0","0"
"POINT (11.624908838000067 48.092407438000066)","Unfall 167362 (2020) Kat:3, Licht: 0","167362","3","3","5","07","16","1","0","0","1","1","0","0"
"POINT (11.581244206000065 48.150078376000067)","Unfall 167363 (2020) Kat:3, Licht: 0","167363","3","2","5","07","06","6","0","0","1","1","0","0"
"POINT (11.547748743000056 48.126699508000058)","Unfall 167417 (2020) Kat:3, Licht: 0","167417","3","2","4","07","12","4","0","0","1","1","0","0"
"POINT (11.596953994000046 48.123864641000068)","Unfall 167423 (2020) Kat:3, Licht: 0","167423","3","5","1","07","17","3","0","0","1","1","0","0"
"POINT (11.604916621000029 48.104461009000033)","Unfall 167426 (2020) Kat:3, Licht: 2","167426","3","6","2","07","22","3","0","2","0","1","0","0"
"POINT (11.498010693000026 48.143340320000050)","Unfall 167429 (2020) Kat:3, Licht: 0","167429","3","7","6","07","16","4","0","0","0","1","1","0"
"POINT (11.562752704000047 48.146507858000064)","Unfall 167432 (2020) Kat:2, Licht: 0","167432","2","7","0","07","09","3","0","0","1","0","0","0"
"POINT (11.536189439000054 48.146197680000057)","Unfall 167436 (2020) Kat:3, Licht: 0","167436","3","2","5","07","11","3","0","0","1","1","0","0"
"POINT (11.584501961000058 48.170701009000027)","Unfall 167442 (2020) Kat:3, Licht: 0","167442","3","5","1","07","14","3","0","0","1","1","0","0"
"POINT (11.679848997000022 48.115917683000077)","Unfall 167446 (2020) Kat:3, Licht: 0","167446","3","3","5","07","18","3","0","0","1","1","0","0"
"POINT (11.553534197000033 48.112203319000059)","Unfall 167450 (2020) Kat:3, Licht: 0","167450","3","3","0","07","10","3","0","0","1","0","0","0"
"POINT (11.581239869000058 48.141459621000081)","Unfall 167454 (2020) Kat:3, Licht: 0","167454","3","1","0","07","17","3","0","0","1","0","0","0"
"POINT (11.572021591000066 48.196510456000055)","Unfall 167463 (2020) Kat:3, Licht: 0","167463","3","2","3","07","09","3","0","0","1","1","0","0"
"POINT (11.581870332000051 48.123309787000039)","Unfall 167466 (2020) Kat:3, Licht: 0","167466","3","1","0","07","10","2","0","0","1","0","1","0"
"POINT (11.608147834000022 48.137695273000077)","Unfall 167467 (2020) Kat:3, Licht: 0","167467","3","3","5","07","15","4","0","0","0","1","0","0"
"POINT (11.571327904000043 48.121047013000066)","Unfall 167469 (2020) Kat:3, Licht: 1","167469","3","6","2","07","21","2","0","1","1","0","0","0"
"POINT (11.461446093000063 48.148077227000044)","Unfall 167470 (2020) Kat:3, Licht: 0","167470","3","6","3","07","16","2","0","0","1","0","0","0"
"POINT (11.583387891000029 48.154994445000057)","Unfall 167473 (2020) Kat:3, Licht: 0","167473","3","5","3","07","20","2","0","0","1","1","0","0"
"POINT (11.516123342000071 48.212401827000065)","Unfall 167474 (2020) Kat:3, Licht: 0","167474","3","4","6","07","14","3","0","0","0","1","1","0"
"POINT (11.454075407000062 48.150911904000054)","Unfall 167475 (2020) Kat:3, Licht: 0","167475","3","7","5","07","15","2","0","0","0","1","1","0"
"POINT (11.541425622000077 48.150872278000065)","Unfall 167476 (2020) Kat:3, Licht: 0","167476","3","6","2","07","12","3","0","0","0","1","0","1"
"POINT (11.544675629000039 48.150313422000067)","Unfall 167477 (2020) Kat:3, Licht: 0","167477","3","2","5","07","13","2","0","0","1","1","0","0"
"POINT (11.501740990000030 48.141719633000037)","Unfall 167478 (2020) Kat:3, Licht: 0","167478","3","3","5","07","08","3","0","0","1","1","0","0"
"POINT (11.478407923000077 48.156010982000055)","Unfall 167479 (2020) Kat:3, Licht: 0","167479","3","3","5","07","18","2","0","0","1","0","0","0"
"POINT (11.538218544000074 48.133959413000071)","Unfall 167481 (2020) Kat:3, Licht: 0","167481","3","2","5","07","13","2","0","0","1","1","0","0"
"POINT (11.557386983000072 48.117218644000047)","Unfall 167482 (2020) Kat:3, Licht: 0","167482","3","6","2","07","09","2","0","0","0","1","0","0"
"POINT (11.506931533000056 48.130992766000077)","Unfall 167483 (2020) Kat:3, Licht: 0","167483","3","3","5","07","09","3","0","0","1","0","0","0"
"POINT (11.556003666000038 48.139230972000064)","Unfall 167484 (2020) Kat:3, Licht: 0","167484","3","2","3","07","18","2","0","0","1","1","0","0"
"POINT (11.547434617000022 48.126652780000029)","Unfall 167485 (2020) Kat:3, Licht: 2","167485","3","1","0","07","00","2","0","2","1","0","0","0"
"POINT (11.558400037000069 48.129731986000081)","Unfall 167487 (2020) Kat:3, Licht: 0","167487","3","7","0","07","17","2","0","0","0","0","1","0"
"POINT (11.568161356000076 48.131435679000049)","Unfall 167488 (2020) Kat:3, Licht: 0","167488","3","7","1","07","18","2","0","0","1","1","0","0"
"POINT (11.683312851000039 48.097200855000040)","Unfall 167490 (2020) Kat:3, Licht: 0","167490","3","6","3","07","19","2","0","0","1","0","0","1"
"POINT (11.621151206000036 48.187064207000049)","Unfall 167493 (2020) Kat:2, Licht: 0","167493","2","3","5","07","18","2","0","0","1","1","0","0"
"POINT (11.685131730000023 48.137585509000075)","Unfall 167494 (2020) Kat:3, Licht: 0","167494","3","3","5","07","08","3","0","0","1","1","0","0"
"POINT (11.492877737000072 48.147372942000061)","Unfall 167496 (2020) Kat:3, Licht: 0","167496","3","6","4","07","16","2","0","0","1","0","0","0"
"POINT (11.599619770000061 48.086958733000074)","Unfall 167499 (2020) Kat:3, Licht: 0","167499","3","3","5","07","08","3","0","0","1","1","0","0"
"POINT (11.534053843000038 48.138170459000037)","Unfall 167501 (2020) Kat:3, Licht: 0","167501","3","6","3","07","17","2","0","0","1","0","0","0"
"POINT (11.586366125000040 48.163696596000079)","Unfall 167503 (2020) Kat:3, Licht: 0","167503","3","6","4","07","19","3","0","0","1","0","0","0"
"POINT (11.551777284000025 48.142902160000062)","Unfall 167504 (2020) Kat:3, Licht: 0","167504","3","6","6","07","13","2","0","0","1","0","1","0"
"POINT (11.578986700000030 48.160044537000033)","Unfall 167505 (2020) Kat:3, Licht: 0","167505","3","5","1","07","07","2","0","0","1","1","0","0"
"POINT (11.579320541000072 48.146369525000068)","Unfall 167506 (2020) Kat:3, Licht: 0","167506","3","6","2","07","18","2","0","0","0","1","0","0"
"POINT (11.583676409000077 48.155611872000065)","Unfall 167507 (2020) Kat:3, Licht: 2","167507","3","6","5","07","22","3","0","2","0","1","0","1"
"POINT (11.563077799000041 48.152740162000043)","Unfall 167509 (2020) Kat:3, Licht: 0","167509","3","3","5","07","12","2","0","0","1","0","0","0"
"POINT (11.592096485000070 48.142232189000026)","Unfall 167510 (2020) Kat:2, Licht: 0","167510","2","7","0","07","18","2","0","0","1","0","0","0"
"POINT (11.594451638000066 48.141768823000064)","Unfall 167519 (2020) Kat:3, Licht: 0","167519","3","7","0","07","07","3","0","0","1","0","0","0"
"POINT (11.652904846000069 48.109047108000027)","Unfall 167523 (2020) Kat:3, Licht: 1","167523","3","3","5","07","20","4","1","1","0","1","0","0"
"POINT (11.564981364000062 48.167965385000059)","Unfall 167535 (2020) Kat:3, Licht: 0","167535","3","2","3","07","16","4","0","0","1","1","0","0"
"POINT (11.549558264000041 48.137553596000032)","Unfall 167574 (2020) Kat:2, Licht: 0","167574","2","6","4","07","19","4","1","0","1","0","0","0"
"POINT (11.597474441000031 48.102919203000056)","Unfall 167585 (2020) Kat:3, Licht: 0","167585","3","2","3","07","16","4","0","0","1","1","0","0"
"POINT (11.508207731000027 48.098059375000048)","Unfall 167622 (2020) Kat:3, Licht: 0","167622","3","7","2","07","19","4","1","0","0","1","0","0"
"POINT (11.551156977000062 48.186120363000043)","Unfall 167623 (2020) Kat:3, Licht: 0","167623","3","7","0","07","20","5","1","0","0","0","0","1"
"POINT (11.581738028000075 48.117245733000061)","Unfall 167649 (2020) Kat:2, Licht: 0","167649","2","5","1","07","20","7","0","0","0","1","0","1"
"POINT (11.563063850000049 48.211072351000041)","Unfall 167654 (2020) Kat:3, Licht: 0","167654","3","3","5","07","19","7","0","0","1","1","0","0"
"POINT (11.500081803000057 48.141809831000046)","Unfall 167660 (2020) Kat:3, Licht: 0","167660","3","3","5","07","10","5","0","0","1","1","0","0"
"POINT (11.574700647000043 48.150601903000052)","Unfall 167663 (2020) Kat:3, Licht: 0","167663","3","4","6","07","13","7","0","0","1","0","1","0"
"POINT (11.552626828000029 48.134876529000053)","Unfall 167667 (2020) Kat:3, Licht: 0","167667","3","2","1","07","07","1","0","0","0","1","0","1"
"POINT (11.586558909000075 48.098136602000068)","Unfall 167670 (2020) Kat:3, Licht: 0","167670","3","3","0","07","20","1","0","0","1","1","0","0"
"POINT (11.555810968000060 48.139172577000068)","Unfall 167687 (2020) Kat:3, Licht: 0","167687","3","2","5","07","08","5","0","0","1","1","0","0"
"POINT (11.576845557000070 48.153867477000063)","Unfall 167694 (2020) Kat:2, Licht: 2","167694","2","5","1","07","23","7","0","2","0","1","0","0"