WKT,Name,OBJECTID,UKATEGORIE,UTYP1,UART,UMONAT,USTUNDE,UWOCHENTAG,STRZUSTAND,ULICHTVERH,ISTRAD,ISTPKW,ISTFUSS,ISTKRAD
"POINT (11.713419274000046 48.139045272000033)","Unfall 167702 (2020) Kat:3, Licht: 0","167702","3","3","5","07","16","7","0","0","0","1","0","0"
"POINT (11.502473563000024 48.120231719000060)","Unfall 167708 (2020) Kat:3, Licht: 0","167708","3","3","5","07","07","5","0","0","1","1","0","0"
"POINT (11.565237520000039 48.137284297000065)","Unfall 167713 (2020) Kat:3, Licht: 0","167713","3","1","0","07","15","5","1","0","0","0","0","1"
"POINT (11.516714991000072 48.113366897000049)","Unfall 167716 (2020) Kat:3, Licht: 2","167716","3","3","5","07","22","7","0","2","0","1","0","0"
"POINT (11.563148446000071 48.126726023000060)","Unfall 167732 (2020) Kat:3, Licht: 0","167732","3","2","3","07","10","6","0","0","1","1","0","0"
"POINT (11.581534410000074 48.138828681000064)","Unfall 167735 (2020) Kat:3, Licht: 0","167735","3","1","0","07","18","6","0","0","1","1","0","0"
"POINT (11.574507999000048 48.134598447000030)","Unfall 167737 (2020) Kat:3, Licht: 0","167737","3","5","0","07","19","5","1","0","1","1","0","0"
"POINT (11.574474214000077 48.133964980000030)","Unfall 167738 (2020) Kat:3, Licht: 0","167738","3","3","5","07","09","6","1","0","0","1","0","1"
"POINT (11.629255571000044 48.164386293000064)","Unfall 167744 (2020) Kat:3, Licht: 0","167744","3","6","2","07","16","7","0","0","0","1","0","0"
"POINT (11.563645694000058 48.136328350000042)","Unfall 167747 (2020) Kat:3, Licht: 2","167747","3","7","0","07","02","6","1","2","0","0","0","1"
"POINT (11.479653496000026 48.183469846000037)","Unfall 167750 (2020) Kat:3, Licht: 0","167750","3","6","0","07","08","6","1","0","1","0","0","0"
"POINT (11.545069760000047 48.122365632000026)","Unfall 167755 (2020) Kat:3, Licht: 0","167755","3","7","0","07","09","6","1","0","1","0","0","0"
"POINT (11.496842557000036 48.143569899000056)","Unfall 167757 (2020) Kat:3, Licht: 0","167757","3","3","0","07","16","7","0","0","1","0","0","0"
"POINT (11.492554975000076 48.140252587000077)","Unfall 167759 (2020) Kat:3, Licht: 0","167759","3","7","3","07","10","6","0","0","0","1","0","0"
"POINT (11.508391003000042 48.172317933000045)","Unfall 167761 (2020) Kat:3, Licht: 0","167761","3","3","5","07","20","1","0","0","1","1","0","0"
"POINT (11.573632417000056 48.132479710000041)","Unfall 167763 (2020) Kat:3, Licht: 0","167763","3","4","0","07","13","6","0","0","1","0","1","0"
"POINT (11.503151810000077 48.084673974000054)","Unfall 167766 (2020) Kat:2, Licht: 0","167766","2","7","0","07","14","5","1","0","0","0","0","0"
"POINT (11.424532809000027 48.174269870000046)","Unfall 167767 (2020) Kat:3, Licht: 2","167767","3","6","3","07","22","6","0","2","0","1","0","1"
"POINT (11.585832162000031 48.156949082000040)","Unfall 167769 (2020) Kat:3, Licht: 0","167769","3","1","0","07","11","7","0","0","0","0","0","0"
"POINT (11.540771668000048 48.120146818000080)","Unfall 167773 (2020) Kat:2, Licht: 0","167773","2","7","0","07","18","1","0","0","1","0","0","0"
"POINT (11.561854457000038 48.125110907000078)","Unfall 167777 (2020) Kat:3, Licht: 0","167777","3","2","5","07","11","5","1","0","1","1","0","0"
"POINT (11.505014414000073 48.126122461000080)","Unfall 167780 (2020) Kat:3, Licht: 0","167780","3","6","2","07","09","5","0","0","0","1","0","0"
"POINT (11.480848790000039 48.170578314000068)","Unfall 167781 (2020) Kat:3, Licht: 0","167781","3","3","5","07","14","6","0","0","0","0","0","1"
"POINT (11.490795738000031 48.140581637000025)","Unfall 167786 (2020) Kat:3, Licht: 0","167786","3","7","0","07","17","6","0","0","1","0","0","0"
"POINT (11.648643547000063 48.092387205000080)","Unfall 167789 (2020) Kat:3, Licht: 0","167789","3","2","5","07","10","6","0","0","1","1","0","0"
"POINT (11.612002370000027 48.141739676000043)","Unfall 167792 (2020) Kat:3, Licht: 0","167792","3","3","5","07","13","6","0","0","0","1","0","0"
"POINT (11.591380610000044 48.136926527000071)","Unfall 167795 (2020) Kat:3, Licht: 0","167795","3","6","4","07","14","6","0","0","1","0","0","0"
"POINT (11.602495834000024 48.135753911000052)","Unfall 167800 (2020) Kat:3, Licht: 0","167800","3","2","5","07","09","6","0","0","0","1","0","0"
"POINT (11.577055583000060 48.120716482000034)","Unfall 167806 (2020) Kat:3, Licht: 0","167806","3","6","2","07","15","5","1","0","0","1","0","1"
"POINT (11.561210951000021 48.139799529000072)","Unfall 167811 (2020) Kat:3, Licht: 0","167811","3","1","0","07","17","7","0","0","1","0","0","0"
"POINT (11.557882119000055 48.096894234000047)","Unfall 167818 (2020) Kat:3, Licht: 0","167818","3","1","0","07","14","5","1","0","1","0","0","0"
"POINT (11.570130155000072 48.113054753000029)","Unfall 167825 (2020) Kat:3, Licht: 0","167825","3","3","5","07","07","7","0","0","0","1","0","0"
"POINT (11.519834695000043 48.097248314000069)","Unfall 167831 (2020) Kat:3, Licht: 0","167831","3","3","5","07","17","5","1","0","1","0","0","1"
"POINT (11.589039587000059 48.156594354000049)","Unfall 167840 (2020) Kat:3, Licht: 0","167840","3","3","2","07","15","1","0","0","1","1","0","0"
"POINT (11.570459570000025 48.146686651000039)","Unfall 167844 (2020) Kat:2, Licht: 0","167844","2","1","1","07","12","5","1","0","0","1","0","1"
"POINT (11.586134894000054 48.167301440000074)","Unfall 167851 (2020) Kat:3, Licht: 0","167851","3","2","3","07","19","7","0","0","0","1","0","0"
"POINT (11.568871546000025 48.187316875000079)","Unfall 167862 (2020) Kat:3, Licht: 0","167862","3","7","5","07","15","7","0","0","0","1","0","1"
"POINT (11.660228717000052 48.126226988000042)","Unfall 167866 (2020) Kat:3, Licht: 0","167866","3","1","0","07","19","1","0","0","1","0","0","0"
"POINT (11.562685673000033 48.142610200000036)","Unfall 167870 (2020) Kat:3, Licht: 0","167870","3","6","1","07","17","5","1","0","1","1","0","0"
"POINT (11.557049943000038 48.133876080000050)","Unfall 167873 (2020) Kat:3, Licht: 0","167873","3","6","3","07","16","7","0","0","1","0","0","0"
"POINT (11.534661078000056 48.120448395000039)","Unfall 167881 (2020) Kat:3, Licht: 0","167881","3","5","1","07","09","5","0","0","1","1","0","0"
"POINT (11.511293272000046 48.158316858000035)","Unfall 167889 (2020) Kat:3, Licht: 0","167889","3","2","5","07","13","2","0","0","1","1","0","0"
"POINT (11.539588533000028 48.139678934000074)","Unfall 167911 (2020) Kat:2, Licht: 0","167911","2","7","0","07","12","2","0","0","1","0","0","0"
"POINT (11.417654371000026 48.143294656000080)","Unfall 167926 (2020) Kat:3, Licht: 0","167926","3","3","5","07","14","2","0","0","1","1","0","0"
"POINT (11.581821684000033 48.151760792000061)","Unfall 167928 (2020) Kat:3, Licht: 0","167928","3","1","0","07","17","3","1","0","0","0","0","1"
"POINT (11.567810678000058 48.140442051000036)","Unfall 167931 (2020) Kat:3, Licht: 0","167931","3","2","5","07","06","3","0","0","1","0","0","0"
"POINT (11.628413881000029 48.101343294000060)","Unfall 167937 (2020) Kat:3, Licht: 0","167937","3","6","2","07","15","2","0","0","0","1","0","0"
"POINT (11.428980631000059 48.177174769000032)","Unfall 167946 (2020) Kat:3, Licht: 0","167946","3","6","2","07","18","3","0","0","0","1","0","0"
"POINT (11.575409070000035 48.143060831000071)","Unfall 167949 (2020) Kat:3, Licht: 0","167949","3","3","5","07","07","2","0","0","1","1","0","0"
"POINT (11.542243588000076 48.095412950000082)","Unfall 167964 (2020) Kat:3, Licht: 0","167964","3","3","5","07","15","2","0","0","1","0","0","0"
"POINT (11.528296130000058 48.097655137000061)","Unfall 167967 (2020) Kat:3, Licht: 0","167967","3","5","1","07","08","3","0","0","1","1","0","0"
"POINT (11.575814059000038 48.187656304000029)","Unfall 167977 (2020) Kat:1, Licht: 0","167977","1","1","0","07","12","2","0","0","1","0","0","0"
"POINT (11.496504752000021 48.179255409000064)","Unfall 167979 (2020) Kat:3, Licht: 0","167979","3","3","0","07","19","3","0","0","0","1","0","0"
"POINT (11.574787785000069 48.167088741000043)","Unfall 167986 (2020) Kat:3, Licht: 0","167986","3","1","0","07","12","2","0","0","1","1","0","0"
"POINT (11.551745179000022 48.147425652000038)","Unfall 167990 (2020) Kat:3, Licht: 2","167990","3","3","0","07","23","2","0","2","1","0","0","0"
"POINT (11.671862736000037 48.144755640000028)","Unfall 168017 (2020) Kat:3, Licht: 0","168017","3","1","1","07","18","2","0","0","0","0","0","1"
"POINT (11.540377274000036 48.215422281000031)","Unfall 168030 (2020) Kat:3, Licht: 2","168030","3","7","0","07","02","2","0","2","1","0","0","0"
"POINT (11.637647470000047 48.155207933000042)","Unfall 168033 (2020) Kat:3, Licht: 0","168033","3","6","3","07","17","3","1","0","0","1","0","1"
"POINT (11.518246817000033 48.130857176000063)","Unfall 168042 (2020) Kat:3, Licht: 0","168042","3","1","0","07","13","2","0","0","1","1","0","0"
"POINT (11.564766080000027 48.137639553000042)","Unfall 168054 (2020) Kat:3, Licht: 0","168054","3","6","2","07","09","2","0","0","1","1","0","0"
"POINT (11.550930432000030 48.161395739000056)","Unfall 168080 (2020) Kat:3, Licht: 0","168080","3","7","0","07","15","2","0","0","1","0","1","0"
"POINT (11.574666266000065 48.145708203000027)","Unfall 168082 (2020) Kat:3, Licht: 0","168082","3","1","0","07","16","3","1","0","1","0","0","0"
"POINT (11.608097151000038 48.183252101000051)","Unfall 168085 (2020) Kat:3, Licht: 0","168085","3","3","5","07","07","2","0","0","1","1","0","0"
"POINT (11.575039390000029 48.152011313000060)","Unfall 168087 (2020) Kat:2, Licht: 0","168087","2","7","0","07","19","3","0","0","0","1","0","0"
"POINT (11.549743439000054 48.139031209000052)","Unfall 168093 (2020) Kat:3, Licht: 0","168093","3","2","5","07","16","2","0","0","1","1","0","0"
"POINT (11.458506289000070 48.155654303000063)","Unfall 168121 (2020) Kat:3, Licht: 2","168121","3","7","0","07","00","2","0","2","1","0","0","0"
"POINT (11.599256282000056 48.160030472000074)","Unfall 168124 (2020) Kat:3, Licht: 2","168124","3","1","0","07","23","3","1","2","1","0","0","0"
"POINT (11.606386058000055 48.104799872000058)","Unfall 168131 (2020) Kat:3, Licht: 0","168131","3","2","3","07","15","2","0","0","1","1","0","0"
"POINT (11.573243288000072 48.143236192000074)","Unfall 168140 (2020) Kat:3, Licht: 0","168140","3","3","5","07","19","2","0","0","1","1","0","0"
"POINT (11.568036311000071 48.147604613000055)","Unfall 168143 (2020) Kat:2, Licht: 0","168143","2","6","3","07","13","5","0","0","1","1","0","0"
"POINT (11.507385928000076 48.139551106000056)","Unfall 168148 (2020) Kat:3, Licht: 0","168148","3","3","5","07","09","5","0","0","0","1","0","0"
"POINT (11.585637077000058 48.152276014000051)","Unfall 168151 (2020) Kat:2, Licht: 0","168151","2","1","0","07","18","5","0","0","1","0","0","0"
"POINT (11.528695028000072 48.185215059000029)","Unfall 168152 (2020) Kat:2, Licht: 0","168152","2","7","0","07","11","6","0","0","1","1","0","0"
"POINT (11.498125265000056 48.139654722000046)","Unfall 168153 (2020) Kat:3, Licht: 0","168153","3","1","0","07","17","4","0","0","1","0","0","0"
"POINT (11.567917557000044 48.134108842000046)","Unfall 168154 (2020) Kat:3, Licht: 0","168154","3","1","0","07","07","5","0","0","1","0","0","0"
"POINT (11.545596727000031 48.137887831000057)","Unfall 168159 (2020) Kat:3, Licht: 0","168159","3","3","6","07","08","5","0","0","0","1","1","0"
"POINT (11.586400039000068 48.167327408000062)","Unfall 168160 (2020) Kat:3, Licht: 2","168160","3","3","5","07","23","6","0","2","1","1","0","0"
"POINT (11.563084517000050 48.152751043000080)","Unfall 168161 (2020) Kat:3, Licht: 0","168161","3","3","5","07","18","4","0","0","1","1","0","0"
"POINT (11.566216498000074 48.109134912000059)","Unfall 168162 (2020) Kat:3, Licht: 2","168162","3","6","1","07","23","5","1","2","0","1","0","0"
"POINT (11.573665387000062 48.132501675000071)","Unfall 168166 (2020) Kat:3, Licht: 0","168166","3","1","0","07","15","5","1","0","0","0","0","1"
"POINT (11.570883213000059 48.160812590000035)","Unfall 168170 (2020) Kat:3, Licht: 0","168170","3","1","1","07","08","5","0","0","1","1","0","0"
"POINT (11.565111036000076 48.192741261000037)","Unfall 168172 (2020) Kat:3, Licht: 0","168172","3","2","3","07","14","5","0","0","1","1","0","0"
"POINT (11.577946608000047 48.138793365000026)","Unfall 168175 (2020) Kat:3, Licht: 0","168175","3","3","0","07","18","5","0","0","1","1","0","0"
"POINT (11.526035344000036 48.182007693000060)","Unfall 168180 (2020) Kat:3, Licht: 0","168180","3","3","5","07","17","5","0","0","1","1","0","0"
"POINT (11.522332513000038 48.175419864000048)","Unfall 168185 (2020) Kat:1, Licht: 0","168185","1","3","5","07","11","5","0","0","1","1","0","0"
"POINT (11.558419573000037 48.129532765000079)","Unfall 168191 (2020) Kat:3, Licht: 0","168191","3","2","5","07","07","6","0","0","0","1","0","0"
"POINT (11.561729317000072 48.120764797000049)","Unfall 168192 (2020) Kat:3, Licht: 0","168192","3","3","5","07","08","4","0","0","0","1","0","1"
"POINT (11.578949744000056 48.125850004000029)","Unfall 168193 (2020) Kat:3, Licht: 0","168193","3","7","1","07","15","5","0","0","1","1","0","0"
"POINT (11.562714985000071 48.170062157000075)","Unfall 168197 (2020) Kat:3, Licht: 0","168197","3","7","0","07","12","5","0","0","1","0","0","0"
"POINT (11.557425815000045 48.151249443000040)","Unfall 168200 (2020) Kat:3, Licht: 0","168200","3","6","3","07","07","5","0","0","1","0","0","0"
"POINT (11.463002075000077 48.147260295000081)","Unfall 168201 (2020) Kat:3, Licht: 0","168201","3","7","0","07","15","6","0","0","1","0","0","0"
"POINT (11.599615122000046 48.125392131000069)","Unfall 168202 (2020) Kat:3, Licht: 0","168202","3","6","2","07","14","4","0","0","0","1","0","0"
"POINT (11.514743463000059 48.128624149000075)","Unfall 168203 (2020) Kat:3, Licht: 0","168203","3","2","4","07","18","5","0","0","0","1","0","1"
"POINT (11.665194870000050 48.124639390000027)","Unfall 168204 (2020) Kat:3, Licht: 0","168204","3","4","6","07","07","5","0","0","0","1","1","0"
"POINT (11.661326589000055 48.097164938000049)","Unfall 168205 (2020) Kat:3, Licht: 0","168205","3","7","0","07","16","6","0","0","1","0","1","0"
"POINT (11.589294430000052 48.136905775000059)","Unfall 168206 (2020) Kat:3, Licht: 0","168206","3","2","3","07","08","4","0","0","1","0","0","0"
"POINT (11.605681982000021 48.129546225000070)","Unfall 168207 (2020) Kat:3, Licht: 2","168207","3","1","0","07","00","5","0","2","1","0","0","0"
"POINT (11.539738566000040 48.164332390000027)","Unfall 168212 (2020) Kat:3, Licht: 0","168212","3","6","3","07","17","5","0","0","1","0","0","0"
"POINT (11.549277100000040 48.160390290000066)","Unfall 168213 (2020) Kat:2, Licht: 0","168213","2","2","5","07","06","6","0","0","0","1","0","0"
"POINT (11.576174428000058 48.155019693000042)","Unfall 168214 (2020) Kat:2, Licht: 0","168214","2","7","5","07","14","4","0","0","1","0","0","0"
"POINT (11.544877838000048 48.127917129000082)","Unfall 168215 (2020) Kat:3, Licht: 0","168215","3","2","5","07","13","5","0","0","1","1","0","0"
"POINT (11.576763734000053 48.166871895000043)","Unfall 168220 (2020) Kat:3, Licht: 0","168220","3","7","5","07","19","5","0","0","0","1","0","1"
"POINT (11.561627011000041 48.131035103000045)","Unfall 168221 (2020) Kat:3, Licht: 0","168221","3","7","6","07","13","6","0","0","1","0","1","0"
"POINT (11.570049046000065 48.130905202000065)","Unfall 168223 (2020) Kat:3, Licht: 0","168223","3","1","0","07","18","5","0","0","1","0","0","0"
"POINT (11.600974577000045 48.119711508000080)","Unfall 168241 (2020) Kat:3, Licht: 0","168241","3","6","1","07","10","6","0","0","0","1","0","1"
"POINT (11.582549710000023 48.130833806000055)","Unfall 168242 (2020) Kat:3, Licht: 0","168242","3","2","3","07","08","4","0","0","1","0","0","0"
"POINT (11.481328322000024 48.093259925000041)","Unfall 168255 (2020) Kat:3, Licht: 0","168255","3","4","6","07","12","6","0","0","1","0","1","0"
"POINT (11.557731410000031 48.150846765000040)","Unfall 168256 (2020) Kat:3, Licht: 0","168256","3","2","5","07","06","4","0","0","1","1","0","0"
"POINT (11.503108472000065 48.133178325000074)","Unfall 168263 (2020) Kat:3, Licht: 0","168263","3","2","3","07","11","6","0","0","1","1","0","0"
"POINT (11.539838436000025 48.213916734000065)","Unfall 168267 (2020) Kat:3, Licht: 0","168267","3","4","6","07","17","6","0","0","0","1","1","0"
"POINT (11.557466932000068 48.129085651000025)","Unfall 168268 (2020) Kat:3, Licht: 0","168268","3","6","6","07","14","4","0","0","1","0","1","0"
"POINT (11.563609812000038 48.121051175000048)","Unfall 168276 (2020) Kat:3, Licht: 2","168276","3","2","3","07","21","6","0","2","1","1","0","0"
"POINT (11.416181761000075 48.156494159000033)","Unfall 168296 (2020) Kat:3, Licht: 0","168296","3","1","0","07","11","6","0","0","1","0","0","0"
"POINT (11.574281438000071 48.152589010000042)","Unfall 168297 (2020) Kat:3, Licht: 0","168297","3","7","0","07","15","4","0","0","1","0","0","0"
"POINT (11.568115766000062 48.152472937000027)","Unfall 168299 (2020) Kat:3, Licht: 0","168299","3","6","3","07","16","6","0","0","1","1","0","0"
"POINT (11.566569004000030 48.154732281000065)","Unfall 168300 (2020) Kat:3, Licht: 0","168300","3","2","5","07","17","4","0","0","1","0","0","0"
"POINT (11.572539851000045 48.115338234000035)","Unfall 168311 (2020) Kat:3, Licht: 0","168311","3","1","0","07","09","4","0","0","1","0","0","0"
"POINT (11.529680997000071 48.160655975000054)","Unfall 168321 (2020) Kat:3, Licht: 0","168321","3","7","0","07","13","6","0","0","1","0","0","0"
"POINT (11.582628057000022 48.167387783000038)","Unfall 168322 (2020) Kat:3, Licht: 0","168322","3","7","0","07","07","4","0","0","1","0","0","0"
"POINT (11.549246515000050 48.112199607000036)","Unfall 168331 (2020) Kat:3, Licht: 0","168331","3","6","5","07","07","6","0","0","1","1","0","0"
"POINT (11.625118152000027 48.163016771000059)","Unfall 168350 (2020) Kat:3, Licht: 0","168350","3","3","5","07","16","6","0","0","0","1","0","0"
"POINT (11.448627772000066 48.173718228000041)","Unfall 168351 (2020) Kat:3, Licht: 0","168351","3","6","4","07","14","4","0","0","1","0","0","0"
"POINT (11.507585792000043 48.164664367000057)","Unfall 168363 (2020) Kat:2, Licht: 0","168363","2","7","0","07","10","6","0","0","1","0","0","0"
"POINT (11.584857204000059 48.099493127000073)","Unfall 168364 (2020) Kat:3, Licht: 0","168364","3","7","0","07","16","4","0","0","0","1","0","0"
"POINT (11.541068019000022 48.159647476000032)","Unfall 168371 (2020) Kat:3, Licht: 0","168371","3","3","5","07","09","6","0","0","1","1","0","0"
"POINT (11.451507061000029 48.191942367000081)","Unfall 168375 (2020) Kat:3, Licht: 0","168375","3","3","5","07","14","6","0","0","0","1","0","0"
"POINT (11.583955585000069 48.118921809000028)","Unfall 168376 (2020) Kat:3, Licht: 0","168376","3","6","3","07","17","4","0","0","0","1","0","1"
"POINT (11.558133804000022 48.126202113000033)","Unfall 168382 (2020) Kat:3, Licht: 0","168382","3","2","0","07","10","6","0","0","1","1","0","0"
"POINT (11.561006128000031 48.186813246000042)","Unfall 168400 (2020) Kat:3, Licht: 0","168400","3","2","3","07","18","6","0","0","1","1","0","0"
"POINT (11.602091561000066 48.123888339000075)","Unfall 168401 (2020) Kat:3, Licht: 0","168401","3","6","2","07","09","4","0","0","0","1","0","0"
"POINT (11.530675384000062 48.176358777000075)","Unfall 168414 (2020) Kat:3, Licht: 0","168414","3","6","3","07","07","2","0","0","0","1","0","0"
"POINT (11.496864719000030 48.143850140000040)","Unfall 168417 (2020) Kat:3, Licht: 0","168417","3","3","5","07","14","3","0","0","1","1","0","0"
"POINT (11.597807824000029 48.090351357000031)","Unfall 168426 (2020) Kat:3, Licht: 0","168426","3","7","1","07","19","2","0","0","1","1","0","0"
"POINT (11.507158474000050 48.119371890000082)","Unfall 168438 (2020) Kat:3, Licht: 1","168438","3","7","0","07","20","2","0","1","1","1","0","0"
"POINT (11.461423876000026 48.141503960000080)","Unfall 168457 (2020) Kat:3, Licht: 0","168457","3","6","2","07","16","2","0","0","0","1","0","0"
"POINT (11.554918612000051 48.139156722000052)","Unfall 168463 (2020) Kat:3, Licht: 2","168463","3","7","0","07","00","7","0","2","1","0","0","0"
"POINT (11.554619449000029 48.139146484000037)","Unfall 168465 (2020) Kat:3, Licht: 0","168465","3","4","6","07","11","7","0","0","1","0","1","0"
"POINT (11.572321945000056 48.149562999000068)","Unfall 168467 (2020) Kat:3, Licht: 0","168467","3","7","2","07","14","7","0","0","1","1","0","0"
"POINT (11.563799201000052 48.204833705000055)","Unfall 168470 (2020) Kat:3, Licht: 0","168470","3","7","0","07","15","7","0","0","0","0","0","0"
"POINT (11.504294403000074 48.135411741000041)","Unfall 168472 (2020) Kat:3, Licht: 0","168472","3","5","1","07","12","3","0","0","0","1","0","0"
"POINT (11.655257903000063 48.096307691000050)","Unfall 168477 (2020) Kat:3, Licht: 0","168477","3","3","5","07","18","7","0","0","0","1","0","1"
"POINT (11.603614108000045 48.116217441000060)","Unfall 168478 (2020) Kat:3, Licht: 0","168478","3","1","0","07","19","2","0","0","1","0","0","0"
"POINT (11.673683787000073 48.125803393000069)","Unfall 168485 (2020) Kat:3, Licht: 0","168485","3","3","5","07","08","3","0","0","1","1","0","0"
"POINT (11.547661322000067 48.126819942000054)","Unfall 168489 (2020) Kat:3, Licht: 0","168489","3","2","5","07","12","7","0","0","1","1","0","0"
"POINT (11.590145104000044 48.166682521000041)","Unfall 168490 (2020) Kat:2, Licht: 0","168490","2","2","6","07","16","2","0","0","0","1","1","0"
"POINT (11.594677735000062 48.170832222000058)","Unfall 168491 (2020) Kat:3, Licht: 0","168491","3","3","5","07","15","7","0","0","0","1","0","1"
"POINT (11.628365366000025 48.101358468000058)","Unfall 168496 (2020) Kat:3, Licht: 0","168496","3","2","4","07","08","2","0","0","1","1","0","0"
"POINT (11.575955241000031 48.119234376000065)","Unfall 168497 (2020) Kat:3, Licht: 0","168497","3","7","5","07","14","7","0","0","0","1","0","1"
"POINT (11.516878578000046 48.099695062000080)","Unfall 168501 (2020) Kat:3, Licht: 0","168501","3","7","1","07","15","7","0","0","0","1","0","0"
"POINT (11.567324376000045 48.130709816000035)","Unfall 168509 (2020) Kat:3, Licht: 2","168509","3","7","7","07","23","2","0","2","1","0","0","0"
"POINT (11.587164486000063 48.190842499000041)","Unfall 168510 (2020) Kat:3, Licht: 0","168510","3","2","5","07","18","7","0","0","0","1","0","1"
"POINT (11.598254463000046 48.127139794000072)","Unfall 168513 (2020) Kat:3, Licht: 0","168513","3","2","2","07","19","3","0","0","0","1","0","1"
"POINT (11.479413203000036 48.123956984000074)","Unfall 168520 (2020) Kat:3, Licht: 2","168520","3","3","5","07","23","7","0","2","1","1","0","0"
"POINT (11.541777981000052 48.094808632000081)","Unfall 168523 (2020) Kat:2, Licht: 0","168523","2","7","0","07","12","7","0","0","1","0","0","0"
"POINT (11.572563855000055 48.177847927000073)","Unfall 168524 (2020) Kat:3, Licht: 0","168524","3","3","5","07","16","2","0","0","0","1","0","1"
"POINT (11.507519219000073 48.094355076000056)","Unfall 168525 (2020) Kat:3, Licht: 0","168525","3","2","3","07","19","7","0","0","1","1","0","0"
"POINT (11.522238708000032 48.175423293000051)","Unfall 168527 (2020) Kat:3, Licht: 0","168527","3","2","2","07","09","3","0","0","0","1","0","0"
"POINT (11.540620560000036 48.125303699000028)","Unfall 168533 (2020) Kat:3, Licht: 0","168533","3","6","2","07","11","2","0","0","0","1","0","0"
"POINT (11.627567906000024 48.131354844000043)","Unfall 168536 (2020) Kat:3, Licht: 0","168536","3","5","5","07","10","2","0","0","1","1","0","0"
"POINT (11.684842779000064 48.115859608000051)","Unfall 168537 (2020) Kat:3, Licht: 0","168537","3","7","2","07","15","7","0","0","0","1","1","0"
"POINT (11.590453486000058 48.166532770000060)","Unfall 168544 (2020) Kat:3, Licht: 0","168544","3","2","5","07","10","7","0","0","1","1","0","0"
"POINT (11.574889012000028 48.145524757000032)","Unfall 168546 (2020) Kat:3, Licht: 0","168546","3","1","0","07","14","2","0","0","0","0","0","1"
"POINT (11.566636366000068 48.183436984000082)","Unfall 168560 (2020) Kat:3, Licht: 2","168560","3","2","4","07","23","1","1","2","0","1","0","1"
"POINT (11.520478622000041 48.089065174000041)","Unfall 168563 (2020) Kat:2, Licht: 0","168563","2","7","0","07","12","1","1","0","1","0","0","0"
"POINT (11.510502974000076 48.170204449000039)","Unfall 168566 (2020) Kat:3, Licht: 0","168566","3","2","5","07","05","2","0","0","1","1","0","0"
"POINT (11.589195269000072 48.137408596000057)","Unfall 168568 (2020) Kat:3, Licht: 1","168568","3","3","5","07","20","2","0","1","0","1","0","0"
"POINT (11.573209257000030 48.179027831000042)","Unfall 168577 (2020) Kat:3, Licht: 0","168577","3","3","5","07","07","2","0","0","0","1","0","1"
"POINT (11.514113516000066 48.094489780000060)","Unfall 168581 (2020) Kat:2, Licht: 0","168581","2","7","0","07","11","1","1","0","0","0","0","1"
"POINT (11.630686756000046 48.176035686000034)","Unfall 168591 (2020) Kat:3, Licht: 0","168591","3","2","3","07","08","2","0","0","1","1","0","0"
"POINT (11.586191633000055 48.169835983000041)","Unfall 168602 (2020) Kat:3, Licht: 0","168602","3","6","2","07","18","2","0","0","0","1","0","0"
"POINT (11.555128964000062 48.112063137000064)","Unfall 168606 (2020) Kat:3, Licht: 0","168606","3","7","0","07","11","1","1","0","0","1","0","1"
"POINT (11.533600413000045 48.152864396000041)","Unfall 168609 (2020) Kat:3, Licht: 0","168609","3","3","5","07","11","2","0","0","1","1","0","0"
"POINT (11.572614576000035 48.107528948000038)","Unfall 168620 (2020) Kat:3, Licht: 0","168620","3","3","5","07","11","2","0","0","1","1","0","0"
"POINT (11.575001356000030 48.157572358000039)","Unfall 168633 (2020) Kat:3, Licht: 0","168633","3","2","5","07","13","2","0","0","1","0","0","0"
"POINT (11.518723564000027 48.141403351000065)","Unfall 168636 (2020) Kat:3, Licht: 0","168636","3","2","3","07","18","3","1","0","1","1","0","0"
"POINT (11.530789859000038 48.116834813000025)","Unfall 168641 (2020) Kat:3, Licht: 0","168641","3","7","3","07","14","2","0","0","0","1","0","0"
"POINT (11.578477338000027 48.138740216000031)","Unfall 168647 (2020) Kat:3, Licht: 2","168647","3","3","5","07","22","3","0","2","1","1","0","0"
"POINT (11.577821941000025 48.136283432000027)","Unfall 168652 (2020) Kat:3, Licht: 0","168652","3","5","1","07","11","2","0","0","1","1","0","0"
"POINT (11.560374004000039 48.174124629000062)","Unfall 168672 (2020) Kat:2, Licht: 0","168672","2","3","5","07","07","2","0","0","1","0","0","0"
"POINT (11.581856337000033 48.121816904000070)","Unfall 168675 (2020) Kat:3, Licht: 0","168675","3","5","1","07","07","3","0","0","1","0","0","1"
"POINT (11.570636719000049 48.158497782000040)","Unfall 168677 (2020) Kat:3, Licht: 0","168677","3","1","0","07","14","4","0","0","1","0","0","0"
"POINT (11.583890761000077 48.136106363000067)","Unfall 168683 (2020) Kat:3, Licht: 0","168683","3","6","2","07","17","4","0","0","0","1","0","1"
"POINT (11.634785379000050 48.137955042000044)","Unfall 168684 (2020) Kat:3, Licht: 1","168684","3","2","2","07","20","5","0","1","0","1","0","0"
"POINT (11.612079168000037 48.131483510000066)","Unfall 168691 (2020) Kat:3, Licht: 2","168691","3","1","0","07","22","5","0","2","1","0","0","0"
"POINT (11.595038089000070 48.127847194000026)","Unfall 168696 (2020) Kat:3, Licht: 0","168696","3","3","5","07","18","6","0","0","1","1","0","0"