WKT,Name,OBJECTID,UKATEGORIE,UTYP1,UART,UMONAT,USTUNDE,UWOCHENTAG,STRZUSTAND,ULICHTVERH,ISTRAD,ISTPKW,ISTFUSS,ISTKRAD
"POINT (11.581209039000044 48.150079802000050)","Unfall 168710 (2020) Kat:3, Licht: 0","168710","3","2","5","07","14","6","1","0","1","1","0","0"
"POINT (11.578656009000042 48.137886097000035)","Unfall 168724 (2020) Kat:3, Licht: 0","168724","3","6","3","07","17","5","0","0","1","0","0","0"
"POINT (11.582174790000067 48.138705035000044)","Unfall 168736 (2020) Kat:3, Licht: 0","168736","3","5","1","07","14","5","0","0","1","1","0","0"
"POINT (11.652442223000037 48.092125228000043)","Unfall 168738 (2020) Kat:3, Licht: 0","168738","3","2","3","07","09","6","0","0","1","0","0","0"
"POINT (11.530643241000064 48.119559012000082)","Unfall 168751 (2020) Kat:3, Licht: 0","168751","3","7","6","07","17","6","0","0","0","1","1","0"
"POINT (11.566660784000021 48.143027809000046)","Unfall 168759 (2020) Kat:3, Licht: 0","168759","3","7","0","07","11","5","0","0","1","0","0","0"
"POINT (11.583789626000055 48.138382315000058)","Unfall 168761 (2020) Kat:3, Licht: 2","168761","3","5","1","07","23","6","0","2","1","1","0","0"
"POINT (11.508156722000024 48.178648093000049)","Unfall 168778 (2020) Kat:2, Licht: 0","168778","2","3","5","07","15","4","0","0","1","0","0","0"
"POINT (11.584753708000051 48.138203577000070)","Unfall 168788 (2020) Kat:3, Licht: 0","168788","3","6","5","07","13","4","0","0","1","0","0","0"
"POINT (11.612802282000075 48.120219107000025)","Unfall 168792 (2020) Kat:3, Licht: 0","168792","3","3","5","07","09","4","0","0","1","1","0","0"
"POINT (11.501196156000049 48.183563224000068)","Unfall 168794 (2020) Kat:3, Licht: 0","168794","3","3","5","07","18","5","0","0","0","1","0","0"
"POINT (11.597609834000025 48.123239768000076)","Unfall 168802 (2020) Kat:3, Licht: 2","168802","3","1","0","07","21","5","0","2","1","0","0","0"
"POINT (11.570023252000055 48.126778730000069)","Unfall 168804 (2020) Kat:3, Licht: 0","168804","3","7","1","07","15","6","0","0","1","1","0","0"
"POINT (11.532221509000067 48.176340279000044)","Unfall 168805 (2020) Kat:3, Licht: 0","168805","3","6","3","07","08","5","0","0","0","1","0","1"
"POINT (11.600536836000060 48.141313464000064)","Unfall 168807 (2020) Kat:3, Licht: 1","168807","3","1","0","07","20","6","0","1","1","0","0","0"
"POINT (11.542395958000043 48.144933487000060)","Unfall 168811 (2020) Kat:2, Licht: 0","168811","2","6","3","07","12","4","0","0","1","0","0","0"
"POINT (11.585621644000071 48.132922406000034)","Unfall 168814 (2020) Kat:3, Licht: 0","168814","3","5","2","07","12","5","0","0","0","0","0","1"
"POINT (11.416786905000038 48.146500397000068)","Unfall 168821 (2020) Kat:3, Licht: 0","168821","3","3","5","07","12","4","0","0","1","1","0","0"
"POINT (11.621133986000075 48.187045559000069)","Unfall 168826 (2020) Kat:3, Licht: 0","168826","3","3","5","07","09","4","0","0","1","1","0","0"
"POINT (11.475849030000063 48.164404616000070)","Unfall 168835 (2020) Kat:3, Licht: 0","168835","3","6","1","07","10","4","0","0","0","1","0","0"
"POINT (11.504052370000068 48.094379778000075)","Unfall 168837 (2020) Kat:3, Licht: 0","168837","3","6","2","07","08","5","0","0","0","1","0","0"
"POINT (11.640777565000064 48.118403200000046)","Unfall 168846 (2020) Kat:3, Licht: 0","168846","3","2","5","07","11","4","0","0","0","0","0","1"
"POINT (11.529884494000044 48.159660065000025)","Unfall 168848 (2020) Kat:2, Licht: 2","168848","2","3","0","07","21","5","0","2","1","0","0","0"
"POINT (11.508563067000068 48.150386535000052)","Unfall 168859 (2020) Kat:3, Licht: 0","168859","3","5","1","07","14","4","0","0","1","1","0","0"
"POINT (11.571658594000041 48.206082383000080)","Unfall 168861 (2020) Kat:3, Licht: 0","168861","3","7","0","07","12","4","0","0","1","1","0","0"
"POINT (11.530450558000041 48.103434935000053)","Unfall 168862 (2020) Kat:3, Licht: 0","168862","3","2","5","07","17","5","0","0","1","1","0","0"
"POINT (11.615231371000050 48.126966044000028)","Unfall 168864 (2020) Kat:3, Licht: 2","168864","3","1","1","07","21","6","0","2","0","1","0","1"
"POINT (11.425362378000045 48.161260424000034)","Unfall 168868 (2020) Kat:3, Licht: 0","168868","3","3","5","07","07","4","0","0","1","0","0","0"
"POINT (11.556517092000036 48.127883277000080)","Unfall 168873 (2020) Kat:3, Licht: 0","168873","3","2","4","07","09","5","0","0","1","0","0","0"
"POINT (11.564325948000032 48.146626900000058)","Unfall 168875 (2020) Kat:3, Licht: 0","168875","3","7","0","07","11","6","0","0","1","0","0","0"
"POINT (11.512184828000045 48.165037777000066)","Unfall 168879 (2020) Kat:3, Licht: 0","168879","3","7","1","07","20","4","0","0","1","1","0","0"
"POINT (11.542679415000066 48.216485157000079)","Unfall 168891 (2020) Kat:2, Licht: 0","168891","2","1","0","07","11","4","0","0","1","0","0","0"
"POINT (11.611847441000066 48.087124870000025)","Unfall 168900 (2020) Kat:3, Licht: 0","168900","3","6","4","07","12","4","0","0","1","0","0","0"
"POINT (11.561570069000027 48.103666644000043)","Unfall 168903 (2020) Kat:3, Licht: 2","168903","3","1","0","07","21","6","0","2","1","0","0","0"
"POINT (11.593863919000057 48.128539702000069)","Unfall 168906 (2020) Kat:3, Licht: 0","168906","3","2","1","07","17","5","0","0","0","1","0","1"
"POINT (11.659751425000024 48.081802154000059)","Unfall 168911 (2020) Kat:3, Licht: 0","168911","3","1","0","07","17","4","0","0","1","0","0","0"
"POINT (11.593387182000072 48.115010997000070)","Unfall 168913 (2020) Kat:3, Licht: 0","168913","3","1","0","07","20","5","0","0","1","0","0","0"
"POINT (11.574866588000077 48.158797761000073)","Unfall 168915 (2020) Kat:3, Licht: 0","168915","3","3","5","07","10","6","0","0","1","1","0","0"
"POINT (11.609679721000077 48.118451896000067)","Unfall 168920 (2020) Kat:3, Licht: 0","168920","3","3","5","07","13","3","0","0","0","1","0","0"
"POINT (11.603819739000073 48.109816213000045)","Unfall 168922 (2020) Kat:3, Licht: 0","168922","3","4","6","07","17","4","0","0","1","0","1","0"
"POINT (11.574212343000056 48.138364043000081)","Unfall 168924 (2020) Kat:3, Licht: 0","168924","3","4","6","07","09","5","0","0","0","0","1","0"
"POINT (11.514028701000029 48.181500489000030)","Unfall 168925 (2020) Kat:3, Licht: 0","168925","3","5","1","07","16","3","0","0","0","1","0","1"
"POINT (11.586301953000032 48.161188599000070)","Unfall 168928 (2020) Kat:3, Licht: 0","168928","3","6","6","07","14","3","0","0","1","0","1","0"
"POINT (11.593629261000046 48.123443503000033)","Unfall 168930 (2020) Kat:3, Licht: 0","168930","3","7","1","07","15","4","0","0","0","1","0","1"
"POINT (11.534269852000023 48.108903576000046)","Unfall 168933 (2020) Kat:3, Licht: 0","168933","3","6","5","07","19","4","0","0","0","1","0","1"
"POINT (11.570262040000046 48.130882132000067)","Unfall 168942 (2020) Kat:3, Licht: 0","168942","3","7","0","07","15","4","0","0","1","0","0","0"
"POINT (11.571031394000045 48.146758776000070)","Unfall 168954 (2020) Kat:3, Licht: 0","168954","3","7","0","08","19","7","0","0","0","0","0","0"
"POINT (11.540316112000028 48.214945283000077)","Unfall 168955 (2020) Kat:3, Licht: 0","168955","3","3","5","08","10","2","0","0","1","1","0","0"
"POINT (11.481562813000039 48.085561555000027)","Unfall 168967 (2020) Kat:2, Licht: 0","168967","2","7","0","08","10","3","1","0","1","0","0","0"
"POINT (11.567725513000028 48.176679939000053)","Unfall 168986 (2020) Kat:3, Licht: 0","168986","3","2","5","08","18","3","0","0","1","1","0","0"
"POINT (11.511403008000059 48.159490339000058)","Unfall 168989 (2020) Kat:3, Licht: 2","168989","3","7","0","08","02","1","0","2","1","0","0","0"
"POINT (11.599073892000035 48.187305122000055)","Unfall 168994 (2020) Kat:3, Licht: 0","168994","3","2","5","08","19","7","0","0","0","1","0","0"
"POINT (11.520455104000064 48.150130567000076)","Unfall 168995 (2020) Kat:3, Licht: 0","168995","3","6","1","08","10","2","1","0","0","1","0","0"
"POINT (11.548754889000065 48.112286815000061)","Unfall 168998 (2020) Kat:3, Licht: 0","168998","3","2","4","08","06","2","1","0","1","1","0","0"
"POINT (11.575311925000051 48.147984959000041)","Unfall 169000 (2020) Kat:3, Licht: 0","169000","3","5","1","08","13","1","1","0","1","1","0","0"
"POINT (11.574989317000075 48.160165687000074)","Unfall 169005 (2020) Kat:3, Licht: 2","169005","3","1","0","08","23","7","1","2","0","0","0","1"
"POINT (11.577085801000067 48.115845742000033)","Unfall 169006 (2020) Kat:3, Licht: 0","169006","3","3","5","08","09","2","1","0","0","1","0","1"
"POINT (11.562705336000022 48.212752620000060)","Unfall 169018 (2020) Kat:3, Licht: 0","169018","3","3","5","08","13","7","0","0","1","1","0","0"
"POINT (11.570462849000023 48.146691928000052)","Unfall 169022 (2020) Kat:3, Licht: 0","169022","3","7","0","08","15","3","1","0","1","0","0","0"
"POINT (11.630156156000055 48.127625423000040)","Unfall 169036 (2020) Kat:3, Licht: 0","169036","3","5","5","08","18","3","0","0","1","1","0","0"
"POINT (11.522457323000026 48.149728918000051)","Unfall 169039 (2020) Kat:3, Licht: 2","169039","3","3","1","08","21","1","1","2","0","1","0","1"
"POINT (11.563843853000037 48.204513622000036)","Unfall 169044 (2020) Kat:3, Licht: 0","169044","3","6","2","08","17","1","0","0","0","1","0","1"
"POINT (11.532956007000053 48.116886892000025)","Unfall 169050 (2020) Kat:3, Licht: 0","169050","3","7","5","08","11","2","1","0","0","1","0","0"
"POINT (11.503046503000064 48.135721585000056)","Unfall 169051 (2020) Kat:3, Licht: 0","169051","3","7","0","08","19","7","0","0","0","1","0","1"
"POINT (11.506432225000026 48.142673541000079)","Unfall 169058 (2020) Kat:3, Licht: 2","169058","3","7","0","08","03","7","0","2","0","0","0","0"
"POINT (11.566802591000055 48.160152054000037)","Unfall 169059 (2020) Kat:3, Licht: 0","169059","3","5","3","08","09","7","0","0","1","1","0","0"
"POINT (11.566340135000075 48.139939743000070)","Unfall 169060 (2020) Kat:3, Licht: 0","169060","3","2","3","08","12","2","1","0","0","1","0","0"
"POINT (11.668197312000075 48.139941383000064)","Unfall 169061 (2020) Kat:3, Licht: 0","169061","3","6","2","08","17","7","0","0","0","1","0","0"
"POINT (11.590372555000044 48.191704748000063)","Unfall 169063 (2020) Kat:3, Licht: 0","169063","3","3","5","08","11","2","1","0","0","1","0","0"
"POINT (11.574893196000062 48.135024050000027)","Unfall 169079 (2020) Kat:3, Licht: 0","169079","3","7","0","08","12","3","1","0","0","0","0","0"
"POINT (11.580444974000045 48.115653794000082)","Unfall 169099 (2020) Kat:3, Licht: 0","169099","3","1","0","08","16","1","0","0","1","0","0","0"
"POINT (11.535588214000029 48.168111453000051)","Unfall 169106 (2020) Kat:3, Licht: 0","169106","3","6","2","08","15","2","0","0","0","1","0","0"
"POINT (11.582425678000050 48.130929009000056)","Unfall 169111 (2020) Kat:2, Licht: 0","169111","2","1","0","08","19","1","1","0","1","0","0","0"
"POINT (11.579964390000043 48.111338641000032)","Unfall 169116 (2020) Kat:3, Licht: 2","169116","3","1","0","08","03","7","0","2","1","0","0","0"
"POINT (11.503237379000041 48.135355564000065)","Unfall 169117 (2020) Kat:3, Licht: 0","169117","3","2","6","08","19","2","1","0","0","1","1","0"
"POINT (11.419790770000077 48.157697579000057)","Unfall 169129 (2020) Kat:3, Licht: 2","169129","3","6","2","08","01","7","0","2","1","0","0","0"
"POINT (11.669972446000031 48.123138071000028)","Unfall 169133 (2020) Kat:3, Licht: 0","169133","3","7","0","08","13","3","1","0","0","1","0","0"
"POINT (11.576945391000038 48.139643763000038)","Unfall 169149 (2020) Kat:2, Licht: 0","169149","2","1","8","08","16","3","1","0","1","0","0","0"
"POINT (11.575078181000038 48.153829895000058)","Unfall 169153 (2020) Kat:2, Licht: 0","169153","2","7","0","08","12","1","1","0","1","0","0","0"
"POINT (11.543618228000071 48.157469158000026)","Unfall 169158 (2020) Kat:2, Licht: 0","169158","2","4","6","08","13","7","0","0","0","1","1","0"
"POINT (11.550832983000021 48.184183916000052)","Unfall 169159 (2020) Kat:2, Licht: 0","169159","2","7","1","08","16","2","0","0","1","1","0","0"
"POINT (11.609451498000055 48.131870570000046)","Unfall 169163 (2020) Kat:3, Licht: 0","169163","3","6","2","08","09","2","1","0","0","1","0","0"
"POINT (11.572314960000028 48.149552268000036)","Unfall 169165 (2020) Kat:3, Licht: 2","169165","3","7","0","08","01","1","0","2","1","0","0","0"
"POINT (11.632872131000056 48.133850753000047)","Unfall 169170 (2020) Kat:3, Licht: 2","169170","3","5","1","08","22","7","1","2","1","0","0","0"
"POINT (11.514893980000068 48.132304073000057)","Unfall 169171 (2020) Kat:3, Licht: 0","169171","3","6","5","08","15","2","0","0","1","0","0","0"
"POINT (11.568906638000044 48.147359015000063)","Unfall 169173 (2020) Kat:3, Licht: 2","169173","3","7","0","07","22","6","0","2","1","0","0","0"
"POINT (11.598982618000036 48.138489630000038)","Unfall 169174 (2020) Kat:1, Licht: 0","169174","1","3","4","07","15","6","0","0","0","0","0","1"
"POINT (11.578871004000064 48.145280247000073)","Unfall 169176 (2020) Kat:3, Licht: 0","169176","3","2","3","07","15","6","0","0","1","1","0","0"
"POINT (11.615340045000039 48.188391312000078)","Unfall 169178 (2020) Kat:3, Licht: 0","169178","3","7","1","07","18","6","0","0","0","1","0","0"
"POINT (11.500104550000060 48.138469948000079)","Unfall 169181 (2020) Kat:3, Licht: 0","169181","3","3","5","08","13","7","0","0","1","1","0","0"
"POINT (11.602735263000056 48.179962990000035)","Unfall 169184 (2020) Kat:3, Licht: 0","169184","3","1","0","07","13","6","0","0","0","0","0","0"
"POINT (11.535856013000057 48.153533393000032)","Unfall 169188 (2020) Kat:3, Licht: 0","169188","3","3","0","07","10","6","0","0","1","1","0","0"
"POINT (11.562086923000038 48.186918382000044)","Unfall 169191 (2020) Kat:3, Licht: 0","169191","3","4","6","08","16","3","1","0","0","1","1","0"
"POINT (11.549484627000027 48.160662852000030)","Unfall 169193 (2020) Kat:3, Licht: 0","169193","3","3","2","07","15","6","0","0","1","0","0","0"
"POINT (11.549374827000065 48.158060284000044)","Unfall 169198 (2020) Kat:3, Licht: 2","169198","3","7","0","07","22","6","0","2","1","1","0","0"
"POINT (11.537183182000035 48.162337733000072)","Unfall 169202 (2020) Kat:3, Licht: 0","169202","3","2","3","07","16","6","0","0","1","1","0","0"
"POINT (11.589745149000066 48.131772058000081)","Unfall 169206 (2020) Kat:3, Licht: 1","169206","3","3","5","08","19","1","1","1","1","1","0","0"
"POINT (11.503227796000033 48.137433756000064)","Unfall 169207 (2020) Kat:3, Licht: 0","169207","3","3","5","07","09","6","0","0","1","1","0","0"
"POINT (11.549707219000027 48.125109292000047)","Unfall 169213 (2020) Kat:3, Licht: 0","169213","3","1","0","08","14","2","1","0","0","0","0","1"
"POINT (11.540481701000033 48.186530427000037)","Unfall 169220 (2020) Kat:3, Licht: 2","169220","3","1","9","08","02","7","0","2","0","1","0","0"
"POINT (11.557086301000027 48.143743461000042)","Unfall 169230 (2020) Kat:3, Licht: 2","169230","3","2","4","08","22","6","0","2","1","1","0","0"
"POINT (11.587871695000047 48.137258602000031)","Unfall 169232 (2020) Kat:3, Licht: 0","169232","3","4","6","08","12","6","0","0","0","1","1","0"
"POINT (11.482346608000057 48.128875701000027)","Unfall 169237 (2020) Kat:3, Licht: 0","169237","3","3","5","08","18","6","0","0","1","1","0","0"
"POINT (11.609806063000065 48.118455359000052)","Unfall 169240 (2020) Kat:3, Licht: 0","169240","3","3","5","08","09","6","0","0","0","1","0","0"
"POINT (11.527895489000059 48.169124924000073)","Unfall 169244 (2020) Kat:2, Licht: 0","169244","2","3","5","08","12","6","0","0","1","1","0","0"
"POINT (11.503190003000043 48.140343759000075)","Unfall 169248 (2020) Kat:3, Licht: 0","169248","3","2","5","08","17","6","0","0","0","1","0","0"
"POINT (11.525029718000042 48.218139359000077)","Unfall 169253 (2020) Kat:3, Licht: 0","169253","3","6","3","08","11","6","0","0","1","1","0","0"
"POINT (11.589128518000052 48.131305525000073)","Unfall 169258 (2020) Kat:3, Licht: 0","169258","3","6","6","08","12","6","0","0","0","0","1","0"
"POINT (11.531528115000071 48.117836764000060)","Unfall 169263 (2020) Kat:3, Licht: 0","169263","3","3","5","08","18","6","0","0","1","1","0","0"
"POINT (11.542151302000036 48.120141232000037)","Unfall 169270 (2020) Kat:3, Licht: 0","169270","3","7","1","08","13","6","0","0","0","1","0","0"
"POINT (11.586667636000072 48.164181819000078)","Unfall 169275 (2020) Kat:3, Licht: 0","169275","3","1","0","08","06","6","0","0","0","0","0","1"
"POINT (11.504953323000052 48.135485542000026)","Unfall 169281 (2020) Kat:2, Licht: 0","169281","2","3","6","08","14","5","0","0","0","1","1","0"
"POINT (11.529442297000060 48.078931589000035)","Unfall 169283 (2020) Kat:2, Licht: 0","169283","2","3","5","08","18","5","0","0","1","1","0","0"
"POINT (11.465138390000050 48.145194940000067)","Unfall 169284 (2020) Kat:3, Licht: 2","169284","3","7","0","08","22","5","0","2","1","0","0","0"
"POINT (11.552458857000033 48.185987213000033)","Unfall 169285 (2020) Kat:2, Licht: 1","169285","2","1","0","08","20","5","0","1","1","0","0","0"
"POINT (11.565824818000067 48.188518687000055)","Unfall 169286 (2020) Kat:3, Licht: 0","169286","3","6","2","08","15","5","0","0","0","1","0","0"
"POINT (11.548410803000024 48.119314470000063)","Unfall 169288 (2020) Kat:3, Licht: 0","169288","3","7","6","08","09","5","0","0","0","1","1","0"
"POINT (11.485233485000037 48.102890282000033)","Unfall 169289 (2020) Kat:2, Licht: 0","169289","2","2","3","08","15","5","0","0","1","1","0","0"
"POINT (11.522873294000021 48.162705718000041)","Unfall 169291 (2020) Kat:2, Licht: 0","169291","2","3","5","08","18","5","0","0","1","1","0","0"
"POINT (11.517119583000067 48.134929725000063)","Unfall 169293 (2020) Kat:2, Licht: 0","169293","2","6","3","08","08","5","0","0","0","1","0","1"
"POINT (11.601347810000050 48.143786427000066)","Unfall 169294 (2020) Kat:3, Licht: 0","169294","3","1","1","08","13","5","0","0","1","1","0","0"
"POINT (11.607708112000068 48.138702236000029)","Unfall 169295 (2020) Kat:3, Licht: 0","169295","3","1","0","08","19","5","0","0","0","0","0","1"
"POINT (11.563152928000022 48.126724899000067)","Unfall 169296 (2020) Kat:3, Licht: 0","169296","3","2","5","08","09","5","0","0","1","1","0","0"
"POINT (11.584211496000023 48.143737830000077)","Unfall 169298 (2020) Kat:3, Licht: 0","169298","3","6","2","08","19","5","0","0","0","1","0","0"
"POINT (11.571643188000053 48.135159272000067)","Unfall 169299 (2020) Kat:3, Licht: 0","169299","3","2","3","08","09","5","0","0","1","1","0","0"
"POINT (11.588054350000050 48.135155353000073)","Unfall 169301 (2020) Kat:2, Licht: 2","169301","2","6","4","08","22","5","0","2","1","0","0","0"
"POINT (11.557465393000030 48.139258117000054)","Unfall 169399 (2020) Kat:3, Licht: 2","169399","3","7","0","08","23","4","0","2","0","0","0","0"
"POINT (11.561759911000024 48.172733501000039)","Unfall 169400 (2020) Kat:3, Licht: 0","169400","3","1","2","08","07","4","0","0","0","1","0","1"
"POINT (11.549746837000043 48.146249628000078)","Unfall 169402 (2020) Kat:3, Licht: 0","169402","3","6","3","08","10","4","0","0","1","0","0","0"
"POINT (11.658708404000038 48.101014843000030)","Unfall 169403 (2020) Kat:2, Licht: 0","169403","2","1","0","08","08","4","0","0","1","0","0","0"
"POINT (11.539092663000076 48.107932804000029)","Unfall 169408 (2020) Kat:3, Licht: 1","169408","3","7","6","08","19","4","0","1","0","1","1","0"
"POINT (11.463174064000043 48.191187785000068)","Unfall 169409 (2020) Kat:3, Licht: 0","169409","3","5","1","08","18","4","0","0","1","0","0","0"
"POINT (11.686339393000026 48.141968073000044)","Unfall 169412 (2020) Kat:3, Licht: 0","169412","3","7","3","08","15","4","0","0","0","1","0","1"
"POINT (11.595343503000038 48.118434476000061)","Unfall 169413 (2020) Kat:2, Licht: 0","169413","2","6","2","08","11","4","0","0","1","1","0","0"
"POINT (11.534305102000076 48.193408616000056)","Unfall 169414 (2020) Kat:3, Licht: 0","169414","3","1","8","08","14","4","0","0","0","1","0","1"
"POINT (11.568814811000038 48.181750789000034)","Unfall 169416 (2020) Kat:3, Licht: 0","169416","3","2","5","08","19","4","0","0","1","0","0","0"
"POINT (11.469138062000070 48.183024946000046)","Unfall 169417 (2020) Kat:3, Licht: 0","169417","3","2","5","08","11","4","0","0","0","1","0","1"
"POINT (11.554429560000074 48.172458079000080)","Unfall 169418 (2020) Kat:3, Licht: 0","169418","3","6","2","08","20","4","0","0","1","0","0","0"
"POINT (11.537851822000050 48.150359211000080)","Unfall 169420 (2020) Kat:3, Licht: 0","169420","3","6","2","08","13","4","0","0","1","1","0","0"
"POINT (11.642107787000043 48.116079238000054)","Unfall 169421 (2020) Kat:3, Licht: 0","169421","3","3","5","08","12","4","0","0","0","1","0","0"
"POINT (11.662683958000059 48.106802659000039)","Unfall 169424 (2020) Kat:3, Licht: 0","169424","3","1","0","08","17","4","0","0","0","0","0","1"
"POINT (11.609991277000063 48.134768607000069)","Unfall 169425 (2020) Kat:3, Licht: 0","169425","3","1","0","08","10","4","0","0","1","0","0","0"
"POINT (11.550723440000070 48.112330628000052)","Unfall 169426 (2020) Kat:3, Licht: 0","169426","3","6","1","08","17","4","0","0","0","1","0","0"
"POINT (11.536672965000037 48.132731797000076)","Unfall 169427 (2020) Kat:3, Licht: 0","169427","3","3","5","08","16","4","0","0","1","1","0","0"
"POINT (11.568855262000056 48.161217897000029)","Unfall 169431 (2020) Kat:3, Licht: 0","169431","3","4","6","08","14","4","0","0","1","0","1","0"
"POINT (11.577429344000052 48.139581661000079)","Unfall 169433 (2020) Kat:3, Licht: 0","169433","3","3","5","08","08","4","0","0","1","0","0","0"
"POINT (11.530474138000045 48.093517535000046)","Unfall 169480 (2020) Kat:3, Licht: 0","169480","3","1","0","08","14","2","0","0","1","0","0","0"
"POINT (11.624299017000055 48.148214526000061)","Unfall 169482 (2020) Kat:3, Licht: 0","169482","3","7","0","08","16","3","0","0","0","0","0","1"
"POINT (11.570114301000046 48.114487214000064)","Unfall 169496 (2020) Kat:3, Licht: 0","169496","3","1","0","08","18","1","0","0","1","0","0","0"
"POINT (11.586149746000046 48.161405007000042)","Unfall 169509 (2020) Kat:3, Licht: 2","169509","3","7","0","08","23","1","0","2","0","0","0","1"
"POINT (11.535603816000048 48.137235661000034)","Unfall 169510 (2020) Kat:3, Licht: 0","169510","3","3","5","08","15","2","0","0","1","1","0","0"
"POINT (11.508395794000023 48.163286807000077)","Unfall 169511 (2020) Kat:3, Licht: 0","169511","3","2","5","08","15","3","0","0","1","1","0","0"
"POINT (11.429721560000075 48.174376027000051)","Unfall 169520 (2020) Kat:3, Licht: 0","169520","3","3","5","08","17","2","0","0","0","1","0","1"
"POINT (11.574651641000059 48.173594373000071)","Unfall 169521 (2020) Kat:2, Licht: 0","169521","2","3","5","08","07","3","0","0","1","0","0","0"
"POINT (11.579657013000030 48.147087021000061)","Unfall 169529 (2020) Kat:3, Licht: 0","169529","3","7","0","08","07","2","0","0","0","0","0","1"
"POINT (11.582710045000056 48.157669069000065)","Unfall 169531 (2020) Kat:3, Licht: 0","169531","3","3","5","08","14","3","0","0","1","1","0","0"
"POINT (11.453403330000071 48.163733730000047)","Unfall 169536 (2020) Kat:3, Licht: 0","169536","3","3","5","08","07","3","0","0","1","1","0","0"
"POINT (11.584668235000038 48.118688278000036)","Unfall 169547 (2020) Kat:3, Licht: 2","169547","3","7","1","08","00","1","0","2","1","1","1","0"
"POINT (11.495410632000073 48.201423298000066)","Unfall 169550 (2020) Kat:3, Licht: 0","169550","3","3","5","08","15","1","0","0","1","1","0","0"
"POINT (11.556942053000057 48.143640099000038)","Unfall 169553 (2020) Kat:3, Licht: 2","169553","3","3","5","08","23","7","0","2","1","1","0","0"
"POINT (11.516715323000028 48.113361082000040)","Unfall 169555 (2020) Kat:3, Licht: 2","169555","3","3","5","08","23","7","0","2","1","1","0","0"
"POINT (11.548773961000052 48.143468438000070)","Unfall 169557 (2020) Kat:3, Licht: 0","169557","3","2","5","08","18","1","0","0","0","1","0","1"
"POINT (11.609210677000021 48.136334946000034)","Unfall 169558 (2020) Kat:3, Licht: 0","169558","3","2","5","08","15","2","0","0","0","1","0","0"
"POINT (11.595234161000064 48.174156423000056)","Unfall 169559 (2020) Kat:3, Licht: 0","169559","3","3","5","08","17","3","0","0","1","1","0","0"
"POINT (11.539240443000040 48.151306844000032)","Unfall 169561 (2020) Kat:3, Licht: 0","169561","3","6","2","08","19","7","0","0","0","1","0","0"
"POINT (11.511477142000047 48.154300430000035)","Unfall 169565 (2020) Kat:3, Licht: 2","169565","3","2","0","08","17","7","0","2","0","1","0","0"
"POINT (11.543513219000033 48.186366899000063)","Unfall 169571 (2020) Kat:3, Licht: 0","169571","3","2","3","08","17","2","0","0","1","1","0","0"
"POINT (11.554317842000046 48.167657274000078)","Unfall 169572 (2020) Kat:3, Licht: 0","169572","3","5","1","08","14","3","0","0","0","1","0","0"
"POINT (11.588656632000038 48.136172031000058)","Unfall 169574 (2020) Kat:3, Licht: 2","169574","3","6","3","08","22","7","0","2","0","1","0","0"
"POINT (11.604581876000054 48.105764559000079)","Unfall 169584 (2020) Kat:3, Licht: 0","169584","3","3","5","08","14","7","0","0","0","1","0","0"
"POINT (11.509359017000065 48.179465862000029)","Unfall 169585 (2020) Kat:3, Licht: 0","169585","3","5","6","08","12","2","0","0","0","1","1","0"
"POINT (11.582910811000033 48.153974635000054)","Unfall 169586 (2020) Kat:3, Licht: 0","169586","3","6","2","08","18","7","0","0","0","1","0","1"
"POINT (11.672409161000076 48.110429650000071)","Unfall 169587 (2020) Kat:3, Licht: 0","169587","3","3","5","08","08","3","0","0","0","1","0","0"
"POINT (11.420803692000050 48.174296356000070)","Unfall 169589 (2020) Kat:3, Licht: 0","169589","3","6","3","08","16","7","0","0","1","0","0","0"
"POINT (11.522012473000075 48.176094267000053)","Unfall 169595 (2020) Kat:3, Licht: 0","169595","3","3","5","08","18","7","0","0","1","1","0","0"
"POINT (11.553686249000066 48.213597248000042)","Unfall 169597 (2020) Kat:3, Licht: 0","169597","3","7","0","08","10","7","0","0","1","0","0","0"
"POINT (11.575539629000048 48.210714118000055)","Unfall 169600 (2020) Kat:3, Licht: 2","169600","3","5","9","08","20","7","0","2","0","0","0","1"
"POINT (11.606401920000053 48.139610458000050)","Unfall 169602 (2020) Kat:3, Licht: 0","169602","3","7","0","08","13","1","0","0","0","0","0","1"
"POINT (11.521165823000047 48.214100294000048)","Unfall 169606 (2020) Kat:3, Licht: 0","169606","3","1","4","08","18","7","0","0","1","0","0","0"
"POINT (11.538702550000039 48.139738194000074)","Unfall 169609 (2020) Kat:3, Licht: 0","169609","3","1","0","08","17","7","0","0","1","0","0","0"
"POINT (11.491278674000057 48.136406717000057)","Unfall 169613 (2020) Kat:3, Licht: 0","169613","3","7","0","08","18","7","0","0","0","0","0","1"
"POINT (11.595568731000071 48.130269876000057)","Unfall 169615 (2020) Kat:3, Licht: 0","169615","3","1","0","08","19","1","0","0","1","0","0","0"
"POINT (11.586543062000032 48.164749073000053)","Unfall 169616 (2020) Kat:3, Licht: 0","169616","3","6","2","08","17","2","0","0","1","0","0","0"
"POINT (11.583724900000050 48.155714270000033)","Unfall 169619 (2020) Kat:3, Licht: 2","169619","3","6","3","08","02","7","0","2","0","1","0","0"
"POINT (11.548656813000036 48.113163697000061)","Unfall 169625 (2020) Kat:3, Licht: 0","169625","3","7","6","08","15","2","0","0","1","0","1","0"
"POINT (11.501057444000025 48.149768676000065)","Unfall 169627 (2020) Kat:2, Licht: 0","169627","2","6","5","08","16","2","0","0","1","0","0","0"