WKT,Name,OBJECTID,UKATEGORIE,UTYP1,UART,UMONAT,USTUNDE,UWOCHENTAG,STRZUSTAND,ULICHTVERH,ISTRAD,ISTPKW,ISTFUSS,ISTKRAD
"POINT (11.562757073000057 48.144187366000040)","Unfall 169628 (2020) Kat:3, Licht: 0","169628","3","3","5","08","13","3","0","0","0","1","0","0"
"POINT (11.526002096000070 48.116301360000080)","Unfall 169636 (2020) Kat:3, Licht: 0","169636","3","2","4","08","18","2","0","0","0","1","0","0"
"POINT (11.534834520000061 48.120759796000073)","Unfall 169638 (2020) Kat:3, Licht: 0","169638","3","7","1","08","16","3","0","0","1","0","0","0"
"POINT (11.590678835000062 48.137827367000057)","Unfall 169642 (2020) Kat:3, Licht: 0","169642","3","6","4","08","17","1","0","0","1","0","0","0"
"POINT (11.554602939000063 48.172465588000080)","Unfall 169666 (2020) Kat:3, Licht: 0","169666","3","7","0","08","19","1","0","0","1","0","0","0"
"POINT (11.590723935000028 48.137855538000053)","Unfall 169668 (2020) Kat:3, Licht: 0","169668","3","1","0","08","17","2","0","0","1","0","0","0"
"POINT (11.557029402000069 48.151578627000049)","Unfall 169678 (2020) Kat:3, Licht: 0","169678","3","2","5","08","08","2","0","0","1","1","0","0"
"POINT (11.571159738000063 48.144116987000075)","Unfall 169679 (2020) Kat:3, Licht: 0","169679","3","6","3","08","14","3","0","0","1","1","0","0"
"POINT (11.580044055000030 48.139121900000077)","Unfall 169686 (2020) Kat:2, Licht: 2","169686","2","6","3","08","23","2","0","2","1","0","0","0"
"POINT (11.475294075000022 48.194170688000042)","Unfall 169691 (2020) Kat:3, Licht: 0","169691","3","7","0","08","14","2","0","0","1","0","0","0"
"POINT (11.518944261000058 48.146612202000028)","Unfall 169693 (2020) Kat:3, Licht: 0","169693","3","3","5","08","19","3","0","0","1","1","0","0"
"POINT (11.663673616000040 48.103366154000071)","Unfall 169707 (2020) Kat:2, Licht: 0","169707","2","7","0","08","18","1","0","0","1","1","0","0"
"POINT (11.580483818000062 48.148994888000061)","Unfall 169715 (2020) Kat:3, Licht: 0","169715","3","3","5","08","09","2","0","0","1","0","0","1"
"POINT (11.537903360000030 48.154356027000063)","Unfall 169716 (2020) Kat:3, Licht: 0","169716","3","1","0","08","19","3","0","0","1","0","0","0"
"POINT (11.538303598000027 48.151499049000051)","Unfall 169717 (2020) Kat:3, Licht: 0","169717","3","6","3","08","19","1","0","0","0","1","0","1"
"POINT (11.573456380000039 48.094672304000028)","Unfall 169727 (2020) Kat:2, Licht: 0","169727","2","2","4","08","11","2","0","0","1","1","0","0"
"POINT (11.645188788000041 48.099031834000073)","Unfall 169728 (2020) Kat:3, Licht: 0","169728","3","2","4","08","10","3","0","0","0","1","0","1"
"POINT (11.562848444000053 48.211696286000063)","Unfall 169732 (2020) Kat:2, Licht: 0","169732","2","1","6","08","19","6","0","0","0","1","1","0"
"POINT (11.590796990000058 48.140849994000064)","Unfall 169733 (2020) Kat:3, Licht: 0","169733","3","5","1","08","13","4","0","0","1","1","0","0"
"POINT (11.442126905000066 48.165120090000073)","Unfall 169735 (2020) Kat:3, Licht: 0","169735","3","5","1","08","16","6","0","0","1","1","0","0"
"POINT (11.542069855000022 48.139519427000039)","Unfall 169736 (2020) Kat:3, Licht: 0","169736","3","3","5","08","12","6","0","0","0","1","0","0"
"POINT (11.592471031000059 48.114482228000043)","Unfall 169737 (2020) Kat:3, Licht: 0","169737","3","7","0","08","16","6","0","0","0","0","0","0"
"POINT (11.577162653000073 48.136524839000060)","Unfall 169739 (2020) Kat:3, Licht: 0","169739","3","2","5","08","11","6","0","0","1","0","0","0"
"POINT (11.541339597000047 48.144958433000056)","Unfall 169741 (2020) Kat:3, Licht: 0","169741","3","3","5","08","08","6","0","0","1","0","0","0"
"POINT (11.502486068000053 48.120717355000068)","Unfall 169743 (2020) Kat:3, Licht: 0","169743","3","6","2","08","12","6","0","0","0","1","0","0"
"POINT (11.460244884000076 48.148095359000081)","Unfall 169745 (2020) Kat:3, Licht: 0","169745","3","2","2","08","13","6","0","0","1","1","0","0"
"POINT (11.634193770000024 48.146674333000078)","Unfall 169746 (2020) Kat:3, Licht: 0","169746","3","7","4","08","12","6","0","0","1","1","0","0"
"POINT (11.645708971000033 48.121014325000033)","Unfall 169747 (2020) Kat:2, Licht: 0","169747","2","3","5","08","13","6","0","0","0","1","0","0"
"POINT (11.573160481000059 48.180956351000077)","Unfall 169748 (2020) Kat:3, Licht: 0","169748","3","7","8","08","19","6","0","0","1","0","0","0"
"POINT (11.601448865000066 48.177453207000042)","Unfall 169749 (2020) Kat:3, Licht: 0","169749","3","3","5","08","09","6","0","0","1","1","0","0"
"POINT (11.536337902000071 48.146183781000047)","Unfall 169751 (2020) Kat:3, Licht: 0","169751","3","2","3","08","11","6","0","0","1","1","0","0"
"POINT (11.502611165000076 48.126044792000073)","Unfall 169753 (2020) Kat:3, Licht: 2","169753","3","2","5","08","23","6","1","2","1","1","0","0"
"POINT (11.505762501000049 48.130988314000035)","Unfall 169755 (2020) Kat:3, Licht: 0","169755","3","3","5","08","08","6","0","0","1","1","0","0"
"POINT (11.560951996000028 48.144694257000026)","Unfall 169757 (2020) Kat:3, Licht: 0","169757","3","3","5","08","14","6","0","0","0","1","0","1"
"POINT (11.571279107000066 48.140526906000048)","Unfall 169760 (2020) Kat:3, Licht: 0","169760","3","6","2","08","14","6","0","0","1","1","0","0"
"POINT (11.549074715000074 48.124660208000080)","Unfall 169796 (2020) Kat:3, Licht: 2","169796","3","7","0","08","01","7","0","2","1","0","0","0"
"POINT (11.563186406000057 48.136277244000041)","Unfall 169856 (2020) Kat:3, Licht: 0","169856","3","3","5","08","10","5","0","0","1","0","0","1"
"POINT (11.465136128000040 48.164770707000059)","Unfall 169858 (2020) Kat:3, Licht: 0","169858","3","7","0","08","12","5","1","0","1","0","0","0"
"POINT (11.562938835000068 48.149033682000038)","Unfall 169860 (2020) Kat:3, Licht: 1","169860","3","2","6","08","20","5","0","1","0","1","1","0"
"POINT (11.598727513000028 48.141059675000065)","Unfall 169862 (2020) Kat:2, Licht: 0","169862","2","6","2","08","18","5","0","0","0","1","0","1"
"POINT (11.552152296000031 48.185967193000067)","Unfall 169863 (2020) Kat:2, Licht: 0","169863","2","6","3","08","08","5","0","0","1","0","0","0"
"POINT (11.421473152000033 48.147472083000025)","Unfall 169866 (2020) Kat:2, Licht: 0","169866","2","7","0","08","10","5","0","0","0","0","0","0"
"POINT (11.553364588000022 48.166442654000036)","Unfall 169868 (2020) Kat:3, Licht: 2","169868","3","5","2","08","21","5","0","2","0","1","0","0"
"POINT (11.554568131000053 48.151427992000038)","Unfall 169870 (2020) Kat:3, Licht: 0","169870","3","3","5","08","17","5","0","0","1","1","0","0"
"POINT (11.448961580000059 48.150619348000077)","Unfall 169871 (2020) Kat:3, Licht: 1","169871","3","6","3","08","20","5","0","1","0","1","0","1"
"POINT (11.622309542000039 48.168542268000067)","Unfall 169873 (2020) Kat:2, Licht: 0","169873","2","7","0","08","10","5","0","0","1","0","0","0"
"POINT (11.596471746000077 48.124505064000061)","Unfall 169875 (2020) Kat:3, Licht: 0","169875","3","6","4","08","14","5","0","0","0","1","0","0"
"POINT (11.557982311000046 48.129329702000064)","Unfall 169876 (2020) Kat:3, Licht: 0","169876","3","6","3","08","19","5","0","0","1","0","0","0"
"POINT (11.587434743000074 48.136074719000078)","Unfall 169951 (2020) Kat:3, Licht: 2","169951","3","1","0","08","21","7","0","2","1","0","0","0"
"POINT (11.511751129000061 48.155785267000056)","Unfall 169964 (2020) Kat:3, Licht: 0","169964","3","7","0","08","19","4","0","0","0","0","0","1"
"POINT (11.464814302000036 48.140237094000042)","Unfall 169965 (2020) Kat:3, Licht: 0","169965","3","3","5","08","15","4","0","0","0","1","0","1"
"POINT (11.508379370000057 48.171080473000075)","Unfall 169967 (2020) Kat:3, Licht: 0","169967","3","3","5","08","19","4","0","0","1","1","0","0"
"POINT (11.528632270000060 48.150506214000075)","Unfall 169969 (2020) Kat:3, Licht: 0","169969","3","5","1","08","11","4","0","0","1","1","0","0"
"POINT (11.543652849000068 48.118350759000066)","Unfall 169971 (2020) Kat:3, Licht: 0","169971","3","4","6","08","12","4","0","0","0","0","1","0"
"POINT (11.637251257000059 48.146189200000038)","Unfall 169972 (2020) Kat:3, Licht: 0","169972","3","2","4","08","17","4","0","0","1","1","0","0"
"POINT (11.543589733000033 48.203311040000074)","Unfall 169974 (2020) Kat:3, Licht: 0","169974","3","3","5","08","15","4","0","0","1","1","0","0"
"POINT (11.480247493000036 48.108689472000037)","Unfall 169975 (2020) Kat:2, Licht: 0","169975","2","4","6","08","09","4","0","0","1","0","1","0"
"POINT (11.518665758000054 48.140992245000064)","Unfall 169976 (2020) Kat:3, Licht: 0","169976","3","3","5","08","11","4","0","0","1","1","0","0"
"POINT (11.590737123000054 48.115064369000038)","Unfall 169979 (2020) Kat:3, Licht: 0","169979","3","6","2","08","09","4","0","0","0","1","0","0"
"POINT (11.644059705000075 48.169353689000047)","Unfall 169981 (2020) Kat:3, Licht: 0","169981","3","7","1","08","12","4","0","0","1","1","0","0"
"POINT (11.548486209000032 48.124132109000072)","Unfall 169983 (2020) Kat:3, Licht: 0","169983","3","2","0","08","09","4","0","0","1","1","0","0"
"POINT (11.585290069000052 48.159027389000073)","Unfall 169984 (2020) Kat:3, Licht: 0","169984","3","6","3","08","18","4","0","0","1","0","0","0"
"POINT (11.452960269000073 48.165072527000063)","Unfall 169992 (2020) Kat:2, Licht: 0","169992","2","7","0","08","11","1","0","0","1","0","0","0"
"POINT (11.578800922000028 48.125960119000069)","Unfall 169994 (2020) Kat:3, Licht: 0","169994","3","1","0","08","18","4","0","0","1","0","0","0"
"POINT (11.578871004000064 48.145280247000073)","Unfall 169995 (2020) Kat:3, Licht: 2","169995","3","3","5","08","23","1","0","2","0","1","0","0"
"POINT (11.575583416000029 48.139403973000071)","Unfall 169996 (2020) Kat:3, Licht: 0","169996","3","7","0","08","11","4","0","0","0","0","1","0"
"POINT (11.600856943000053 48.140550140000073)","Unfall 169997 (2020) Kat:3, Licht: 0","169997","3","6","3","08","17","2","0","0","1","0","0","0"
"POINT (11.614747278000038 48.138168871000062)","Unfall 169998 (2020) Kat:3, Licht: 0","169998","3","2","3","08","13","1","0","0","1","1","0","0"
"POINT (11.506822886000066 48.164073277000057)","Unfall 170000 (2020) Kat:3, Licht: 0","170000","3","7","0","08","09","3","0","0","1","0","0","0"
"POINT (11.585541827000043 48.159562389000030)","Unfall 170003 (2020) Kat:3, Licht: 0","170003","3","4","6","08","19","3","0","0","1","0","1","0"
"POINT (11.621273576000021 48.196886611000082)","Unfall 170005 (2020) Kat:2, Licht: 0","170005","2","3","5","08","14","1","0","0","1","1","0","0"
"POINT (11.578725791000068 48.114120256000035)","Unfall 170010 (2020) Kat:3, Licht: 0","170010","3","2","5","08","16","3","0","0","1","1","0","0"
"POINT (11.546676996000031 48.149829875000080)","Unfall 170034 (2020) Kat:3, Licht: 0","170034","3","6","2","08","19","4","0","0","0","1","0","0"
"POINT (11.520255514000041 48.150067073000059)","Unfall 170036 (2020) Kat:2, Licht: 0","170036","2","2","5","08","15","4","0","0","0","1","0","0"
"POINT (11.569918802000075 48.149517251000077)","Unfall 170051 (2020) Kat:3, Licht: 0","170051","3","1","0","08","11","4","0","0","0","0","0","1"
"POINT (11.549279963000060 48.138922999000044)","Unfall 170052 (2020) Kat:3, Licht: 0","170052","3","7","0","08","18","2","0","0","1","0","0","0"
"POINT (11.576323121000030 48.133882148000055)","Unfall 170055 (2020) Kat:3, Licht: 0","170055","3","3","0","08","11","3","1","0","0","1","0","1"
"POINT (11.529018598000050 48.162263371000051)","Unfall 170064 (2020) Kat:3, Licht: 0","170064","3","3","5","08","12","3","0","0","1","1","0","0"
"POINT (11.566293647000066 48.133188940000025)","Unfall 170073 (2020) Kat:3, Licht: 0","170073","3","3","5","08","08","4","0","0","1","1","0","0"
"POINT (11.558493127000077 48.149591533000034)","Unfall 170088 (2020) Kat:3, Licht: 0","170088","3","3","5","08","13","2","1","0","1","1","0","0"
"POINT (11.511461333000057 48.181039337000072)","Unfall 170092 (2020) Kat:3, Licht: 0","170092","3","3","5","08","16","3","0","0","0","1","0","0"
"POINT (11.658330071000023 48.114885450000031)","Unfall 170098 (2020) Kat:3, Licht: 0","170098","3","5","0","08","19","4","0","0","1","1","0","0"
"POINT (11.565001861000042 48.140945723000073)","Unfall 170100 (2020) Kat:3, Licht: 2","170100","3","7","3","08","20","4","0","2","0","1","0","1"
"POINT (11.561769669000057 48.125006485000029)","Unfall 170101 (2020) Kat:3, Licht: 0","170101","3","1","5","08","07","2","0","0","1","1","0","0"
"POINT (11.559453950000034 48.175082389000067)","Unfall 170104 (2020) Kat:3, Licht: 0","170104","3","2","2","08","07","3","1","0","1","0","0","0"
"POINT (11.536885666000046 48.200001570000040)","Unfall 170141 (2020) Kat:3, Licht: 0","170141","3","1","5","08","10","4","0","0","1","1","0","0"
"POINT (11.581796014000076 48.121803186000079)","Unfall 170142 (2020) Kat:3, Licht: 0","170142","3","5","4","08","15","2","0","0","1","1","0","0"
"POINT (11.520350682000071 48.199006081000050)","Unfall 170157 (2020) Kat:3, Licht: 0","170157","3","2","5","08","14","3","0","0","1","1","0","0"
"POINT (11.667803814000024 48.110692004000043)","Unfall 170161 (2020) Kat:3, Licht: 0","170161","3","1","0","08","12","3","0","0","1","1","0","0"
"POINT (11.568269807000036 48.143300638000028)","Unfall 170168 (2020) Kat:3, Licht: 0","170168","3","1","0","08","13","3","1","0","1","0","0","0"
"POINT (11.560064940000075 48.130170793000048)","Unfall 170193 (2020) Kat:3, Licht: 0","170193","3","2","3","08","11","4","0","0","1","1","0","0"
"POINT (11.473801342000058 48.082658065000032)","Unfall 170204 (2020) Kat:2, Licht: 0","170204","2","3","5","08","17","4","0","0","1","1","0","0"
"POINT (11.563416121000046 48.142756696000049)","Unfall 170206 (2020) Kat:3, Licht: 0","170206","3","1","0","08","17","4","0","0","0","0","0","0"
"POINT (11.588446292000071 48.115453612000067)","Unfall 170207 (2020) Kat:3, Licht: 0","170207","3","2","0","08","14","2","0","0","1","1","0","0"
"POINT (11.641623895000066 48.156741247000070)","Unfall 170210 (2020) Kat:3, Licht: 0","170210","3","2","5","08","13","3","1","0","1","1","0","0"
"POINT (11.528764688000024 48.098959352000065)","Unfall 170221 (2020) Kat:3, Licht: 0","170221","3","6","2","08","10","3","0","0","0","1","0","1"
"POINT (11.525293911000063 48.135126038000067)","Unfall 170230 (2020) Kat:3, Licht: 0","170230","3","3","5","08","16","4","0","0","1","1","0","0"
"POINT (11.594837622000057 48.181719396000062)","Unfall 170237 (2020) Kat:3, Licht: 1","170237","3","4","6","08","20","1","0","1","1","0","1","0"
"POINT (11.625107883000055 48.190763505000064)","Unfall 170243 (2020) Kat:3, Licht: 0","170243","3","7","1","08","13","4","0","0","1","1","0","0"
"POINT (11.502311507000059 48.114527947000056)","Unfall 170244 (2020) Kat:3, Licht: 0","170244","3","5","1","08","13","2","0","0","0","0","0","0"
"POINT (11.562765905000049 48.141624051000065)","Unfall 170245 (2020) Kat:2, Licht: 2","170245","2","6","2","08","22","7","0","2","0","1","0","0"
"POINT (11.584765923000077 48.132469719000028)","Unfall 170248 (2020) Kat:3, Licht: 0","170248","3","6","3","08","11","7","0","0","1","1","0","0"
"POINT (11.582297951000044 48.135048475000076)","Unfall 170250 (2020) Kat:3, Licht: 1","170250","3","3","5","08","05","7","0","1","1","1","0","0"
"POINT (11.586304695000024 48.167323229000033)","Unfall 170281 (2020) Kat:3, Licht: 0","170281","3","2","4","08","18","1","1","0","0","1","0","1"
"POINT (11.579702402000066 48.147181433000071)","Unfall 170323 (2020) Kat:3, Licht: 0","170323","3","7","6","08","18","6","0","0","1","0","1","0"
"POINT (11.551562794000063 48.136809520000043)","Unfall 170324 (2020) Kat:3, Licht: 0","170324","3","1","4","08","18","6","0","0","1","1","0","0"
"POINT (11.518588479000073 48.074174849000030)","Unfall 170325 (2020) Kat:3, Licht: 0","170325","3","3","5","08","18","6","0","0","0","1","0","0"
"POINT (11.477972963000070 48.118594126000062)","Unfall 170327 (2020) Kat:3, Licht: 0","170327","3","7","5","08","10","6","0","0","0","1","0","0"
"POINT (11.536210561000075 48.176387112000043)","Unfall 170331 (2020) Kat:3, Licht: 0","170331","3","3","4","08","14","6","0","0","1","1","0","0"
"POINT (11.585210598000060 48.176125793000040)","Unfall 170332 (2020) Kat:3, Licht: 0","170332","3","3","5","08","19","6","0","0","1","0","0","0"
"POINT (11.596957029000066 48.141132267000046)","Unfall 170333 (2020) Kat:3, Licht: 0","170333","3","6","3","08","19","6","0","0","0","1","0","1"
"POINT (11.580221830000028 48.115794346000030)","Unfall 170335 (2020) Kat:3, Licht: 0","170335","3","2","3","08","14","6","0","0","1","1","0","0"
"POINT (11.559604973000035 48.125757830000055)","Unfall 170337 (2020) Kat:3, Licht: 0","170337","3","6","2","08","18","6","0","0","1","0","0","0"
"POINT (11.573802890000024 48.143381322000039)","Unfall 170338 (2020) Kat:3, Licht: 0","170338","3","3","5","08","15","6","0","0","0","1","0","0"
"POINT (11.565096786000026 48.192740594000043)","Unfall 170340 (2020) Kat:2, Licht: 0","170340","2","2","3","08","11","6","0","0","1","0","0","0"
"POINT (11.556931969000061 48.087445111000079)","Unfall 170342 (2020) Kat:3, Licht: 0","170342","3","2","4","08","15","6","0","0","1","1","0","0"
"POINT (11.535729218000029 48.146330846000069)","Unfall 170344 (2020) Kat:3, Licht: 1","170344","3","3","2","08","20","6","0","1","1","1","0","0"
"POINT (11.563483310000038 48.134484607000047)","Unfall 170347 (2020) Kat:3, Licht: 0","170347","3","7","6","08","12","6","0","0","0","1","1","0"
"POINT (11.564505950000068 48.136335692000046)","Unfall 170349 (2020) Kat:3, Licht: 2","170349","3","2","5","08","23","6","0","2","1","1","0","0"
"POINT (11.563998559000026 48.143796796000061)","Unfall 170352 (2020) Kat:3, Licht: 0","170352","3","5","1","08","08","6","0","0","1","1","0","0"
"POINT (11.583146207000027 48.164858874000060)","Unfall 170355 (2020) Kat:2, Licht: 0","170355","2","7","5","08","16","6","0","0","1","0","0","0"
"POINT (11.582945440000060 48.133616733000054)","Unfall 170358 (2020) Kat:3, Licht: 0","170358","3","1","0","08","19","6","0","0","1","0","0","0"
"POINT (11.538506009000059 48.136694651000028)","Unfall 170381 (2020) Kat:3, Licht: 0","170381","3","1","7","08","18","7","0","0","0","1","0","0"
"POINT (11.562778697000056 48.141620161000048)","Unfall 170387 (2020) Kat:3, Licht: 0","170387","3","5","3","08","15","1","0","0","1","1","0","0"
"POINT (11.647602328000062 48.152926429000047)","Unfall 170394 (2020) Kat:3, Licht: 0","170394","3","3","5","08","19","7","1","0","1","1","0","0"
"POINT (11.598032532000047 48.135601028000053)","Unfall 170405 (2020) Kat:3, Licht: 2","170405","3","2","3","08","00","7","0","2","0","0","1","0"
"POINT (11.581586595000033 48.151317327000072)","Unfall 170436 (2020) Kat:3, Licht: 2","170436","3","2","5","08","23","1","0","2","1","1","0","0"
"POINT (11.580712693000066 48.123953826000047)","Unfall 170444 (2020) Kat:3, Licht: 0","170444","3","6","4","08","11","7","0","0","1","0","0","0"
"POINT (11.554415051000035 48.122243632000050)","Unfall 170448 (2020) Kat:3, Licht: 0","170448","3","7","0","08","13","7","1","0","1","0","0","0"
"POINT (11.545315672000072 48.119464553000057)","Unfall 170456 (2020) Kat:3, Licht: 0","170456","3","4","6","08","10","7","0","0","0","1","1","0"
"POINT (11.502969571000051 48.125510578000046)","Unfall 170475 (2020) Kat:3, Licht: 0","170475","3","6","2","08","12","1","0","0","1","0","0","0"
"POINT (11.502401584000040 48.112101033000044)","Unfall 170478 (2020) Kat:3, Licht: 0","170478","3","2","5","08","17","5","0","0","1","1","0","0"
"POINT (11.584626129000071 48.157206669000061)","Unfall 170480 (2020) Kat:3, Licht: 0","170480","3","6","3","08","17","5","0","0","1","1","0","0"
"POINT (11.647860807000029 48.123423666000065)","Unfall 170481 (2020) Kat:3, Licht: 0","170481","3","1","0","08","10","5","0","0","1","0","0","0"
"POINT (11.566370844000062 48.133364054000026)","Unfall 170482 (2020) Kat:3, Licht: 2","170482","3","7","0","08","01","5","0","2","0","0","0","0"
"POINT (11.554695033000030 48.172463795000056)","Unfall 170484 (2020) Kat:3, Licht: 0","170484","3","4","6","08","15","5","0","0","1","0","1","0"
"POINT (11.551775124000073 48.175873050000064)","Unfall 170485 (2020) Kat:3, Licht: 0","170485","3","1","0","08","19","5","0","0","0","0","0","0"
"POINT (11.671492307000051 48.172048032000077)","Unfall 170486 (2020) Kat:3, Licht: 0","170486","3","7","0","08","15","1","0","0","1","0","1","0"
"POINT (11.561448799000061 48.160032740000077)","Unfall 170488 (2020) Kat:3, Licht: 0","170488","3","7","0","08","16","5","0","0","1","0","0","0"
"POINT (11.520694012000035 48.125724268000056)","Unfall 170489 (2020) Kat:3, Licht: 0","170489","3","1","9","08","19","5","0","0","1","0","0","0"
"POINT (11.573213429000077 48.116590911000060)","Unfall 170491 (2020) Kat:3, Licht: 0","170491","3","1","0","08","19","5","0","0","1","0","0","0"
"POINT (11.594457967000039 48.133736611000074)","Unfall 170492 (2020) Kat:3, Licht: 0","170492","3","1","0","08","16","5","0","0","1","0","0","0"
"POINT (11.536994586000048 48.110222412000041)","Unfall 170494 (2020) Kat:3, Licht: 0","170494","3","7","6","08","18","5","0","0","1","0","1","0"
"POINT (11.552494020000040 48.134838995000052)","Unfall 170495 (2020) Kat:3, Licht: 0","170495","3","2","5","08","18","7","1","0","0","1","0","1"
"POINT (11.529947964000030 48.116805436000050)","Unfall 170496 (2020) Kat:3, Licht: 0","170496","3","6","2","08","17","5","0","0","0","1","0","0"
"POINT (11.542894725000053 48.129414291000046)","Unfall 170498 (2020) Kat:3, Licht: 2","170498","3","4","6","08","21","5","0","2","0","1","1","0"
"POINT (11.568422807000047 48.141043804000049)","Unfall 170500 (2020) Kat:3, Licht: 2","170500","3","1","8","08","22","5","0","2","0","0","0","1"
"POINT (11.578737539000031 48.114117304000047)","Unfall 170507 (2020) Kat:2, Licht: 0","170507","2","2","3","08","07","4","0","0","1","0","0","0"
"POINT (11.583938512000032 48.134151537000037)","Unfall 170509 (2020) Kat:3, Licht: 0","170509","3","5","0","08","11","3","0","0","1","1","0","0"
"POINT (11.454172887000027 48.206596735000062)","Unfall 170514 (2020) Kat:3, Licht: 0","170514","3","5","5","08","07","2","0","0","1","1","0","0"
"POINT (11.671636626000065 48.109360430000038)","Unfall 170517 (2020) Kat:3, Licht: 0","170517","3","3","5","08","12","4","0","0","1","1","0","0"
"POINT (11.543687534000071 48.161796160000051)","Unfall 170523 (2020) Kat:3, Licht: 0","170523","3","3","5","08","19","2","0","0","1","0","0","1"
"POINT (11.578384478000032 48.096873719000030)","Unfall 170524 (2020) Kat:3, Licht: 0","170524","3","4","6","08","08","4","0","0","0","1","1","0"
"POINT (11.607801089000077 48.138423347000071)","Unfall 170527 (2020) Kat:3, Licht: 0","170527","3","7","6","08","11","4","0","0","1","0","1","0"
"POINT (11.561280769000064 48.140167599000051)","Unfall 170532 (2020) Kat:3, Licht: 0","170532","3","2","3","08","19","4","0","0","1","1","0","0"
"POINT (11.585168558000021 48.176316075000045)","Unfall 170534 (2020) Kat:3, Licht: 0","170534","3","7","5","08","18","3","0","0","0","1","0","1"
"POINT (11.581226412000035 48.138892532000057)","Unfall 170536 (2020) Kat:3, Licht: 2","170536","3","2","4","08","23","4","0","2","1","1","0","0"
"POINT (11.579915809000056 48.162792763000027)","Unfall 170539 (2020) Kat:3, Licht: 0","170539","3","6","3","08","14","3","0","0","1","0","0","0"
"POINT (11.562278287000026 48.186841027000071)","Unfall 170564 (2020) Kat:3, Licht: 2","170564","3","6","2","08","21","2","0","2","0","1","0","0"
"POINT (11.556648833000054 48.128706638000040)","Unfall 170575 (2020) Kat:3, Licht: 0","170575","3","6","6","08","09","2","0","0","1","0","1","0"
"POINT (11.529203669000026 48.176506656000072)","Unfall 170577 (2020) Kat:3, Licht: 0","170577","3","2","5","08","09","3","0","0","0","1","0","0"
"POINT (11.520138130000021 48.152901221000036)","Unfall 170588 (2020) Kat:2, Licht: 0","170588","2","7","0","08","08","3","0","0","0","0","0","0"
"POINT (11.555791635000048 48.130684500000029)","Unfall 170597 (2020) Kat:3, Licht: 0","170597","3","6","1","08","07","3","0","0","1","0","0","0"
"POINT (11.559279825000033 48.154969899000037)","Unfall 170601 (2020) Kat:3, Licht: 0","170601","3","7","0","08","09","3","0","0","1","0","0","0"
"POINT (11.581579430000033 48.138819290000072)","Unfall 170628 (2020) Kat:3, Licht: 1","170628","3","1","0","08","20","2","0","1","1","0","0","0"
"POINT (11.567017410000062 48.140636974000074)","Unfall 170630 (2020) Kat:3, Licht: 0","170630","3","6","2","08","11","3","0","0","1","1","0","0"
"POINT (11.573172508000027 48.132239095000045)","Unfall 170633 (2020) Kat:3, Licht: 0","170633","3","7","0","08","16","3","0","0","1","0","0","0"
"POINT (11.576066518000061 48.187573842000063)","Unfall 170643 (2020) Kat:2, Licht: 0","170643","2","2","3","08","12","3","0","0","1","1","0","0"
"POINT (11.529600306000077 48.101367101000051)","Unfall 170656 (2020) Kat:2, Licht: 0","170656","2","6","3","08","18","3","0","0","1","0","0","0"
"POINT (11.523371397000062 48.136537645000033)","Unfall 170672 (2020) Kat:3, Licht: 0","170672","3","3","5","08","15","2","0","0","1","1","0","0"
"POINT (11.553186574000051 48.161512639000080)","Unfall 170686 (2020) Kat:3, Licht: 2","170686","3","6","0","08","22","3","0","2","1","0","0","0"
"POINT (11.472256883000057 48.170499066000048)","Unfall 170697 (2020) Kat:3, Licht: 0","170697","3","1","0","08","07","3","0","0","1","0","0","0"
"POINT (11.605835436000064 48.133065629000043)","Unfall 170707 (2020) Kat:3, Licht: 0","170707","3","1","0","08","09","3","0","0","1","0","0","0"
"POINT (11.528729283000075 48.208934234000026)","Unfall 170711 (2020) Kat:3, Licht: 0","170711","3","3","5","08","15","3","0","0","0","1","0","0"
"POINT (11.588564621000046 48.122156979000067)","Unfall 170718 (2020) Kat:3, Licht: 0","170718","3","7","0","08","15","4","0","0","0","0","0","0"
"POINT (11.570866307000074 48.139102503000061)","Unfall 170723 (2020) Kat:3, Licht: 1","170723","3","4","3","08","19","2","0","1","0","1","1","0"
"POINT (11.586992792000046 48.158029816000067)","Unfall 170734 (2020) Kat:3, Licht: 0","170734","3","6","4","08","11","2","0","0","1","0","0","0"
"POINT (11.578872032000049 48.145328757000073)","Unfall 170736 (2020) Kat:3, Licht: 0","170736","3","6","2","08","09","3","0","0","0","1","0","0"
"POINT (11.524964271000044 48.077463121000051)","Unfall 170740 (2020) Kat:3, Licht: 2","170740","3","1","0","08","23","3","0","2","1","0","0","0"
"POINT (11.579187030000071 48.134550051000076)","Unfall 170758 (2020) Kat:2, Licht: 0","170758","2","7","0","08","11","4","0","0","1","0","0","0"
"POINT (11.533255427000029 48.099892110000042)","Unfall 170759 (2020) Kat:3, Licht: 0","170759","3","2","3","08","07","3","0","0","1","1","0","0"
"POINT (11.570299358000057 48.180694034000055)","Unfall 170766 (2020) Kat:3, Licht: 0","170766","3","7","0","08","17","3","0","0","1","0","0","0"
"POINT (11.581480028000044 48.162589057000048)","Unfall 170774 (2020) Kat:3, Licht: 0","170774","3","6","2","08","15","2","0","0","1","0","0","0"
"POINT (11.454115536000074 48.165389486000038)","Unfall 170779 (2020) Kat:3, Licht: 0","170779","3","7","0","08","17","7","1","0","0","0","0","1"
"POINT (11.615335920000064 48.148926880000033)","Unfall 170795 (2020) Kat:3, Licht: 0","170795","3","6","4","09","17","3","1","0","1","0","0","0"