WKT,Name,OBJECTID,UKATEGORIE,UTYP1,UART,UMONAT,USTUNDE,UWOCHENTAG,STRZUSTAND,ULICHTVERH,ISTRAD,ISTPKW,ISTFUSS,ISTKRAD
"POINT (11.585106657000040 48.134331861000078)","Unfall 170801 (2020) Kat:3, Licht: 0","170801","3","3","5","08","14","1","1","0","0","1","0","0"
"POINT (11.600106003000064 48.119533691000072)","Unfall 170806 (2020) Kat:3, Licht: 2","170806","3","3","5","08","22","6","1","2","0","1","0","0"
"POINT (11.544657589000053 48.122366765000038)","Unfall 170813 (2020) Kat:3, Licht: 0","170813","3","7","0","08","13","2","0","0","0","0","0","0"
"POINT (11.549117404000071 48.186028000000078)","Unfall 170816 (2020) Kat:3, Licht: 0","170816","3","6","2","08","14","6","0","0","0","1","0","0"
"POINT (11.437651896000034 48.174760005000053)","Unfall 170829 (2020) Kat:3, Licht: 0","170829","3","3","5","08","09","7","1","0","0","1","0","0"
"POINT (11.578930224000032 48.145205080000039)","Unfall 170841 (2020) Kat:3, Licht: 0","170841","3","2","5","08","10","7","1","0","1","1","0","0"
"POINT (11.503042035000021 48.135613159000059)","Unfall 170849 (2020) Kat:3, Licht: 0","170849","3","1","0","09","11","3","1","0","0","0","0","1"
"POINT (11.554289780000033 48.127533573000051)","Unfall 170850 (2020) Kat:3, Licht: 0","170850","3","2","3","08","14","1","0","0","1","1","0","0"
"POINT (11.533251229000030 48.154004260000079)","Unfall 170855 (2020) Kat:3, Licht: 0","170855","3","3","5","08","18","6","1","0","1","1","0","0"
"POINT (11.574633802000051 48.095107525000060)","Unfall 170857 (2020) Kat:3, Licht: 2","170857","3","1","0","09","23","3","1","2","0","0","0","1"
"POINT (11.519918666000024 48.155918490000033)","Unfall 170861 (2020) Kat:3, Licht: 0","170861","3","3","5","09","07","3","1","0","0","1","0","0"
"POINT (11.536759245000042 48.155971543000078)","Unfall 170867 (2020) Kat:3, Licht: 0","170867","3","3","0","08","16","6","1","0","1","1","0","0"
"POINT (11.550123109000026 48.149260482000045)","Unfall 170868 (2020) Kat:3, Licht: 0","170868","3","3","5","08","16","6","1","0","1","1","0","0"
"POINT (11.516498401000035 48.094589998000060)","Unfall 170881 (2020) Kat:3, Licht: 0","170881","3","3","5","08","16","2","0","0","1","1","0","0"
"POINT (11.478089863000037 48.119851978000042)","Unfall 170892 (2020) Kat:3, Licht: 0","170892","3","3","5","08","10","1","1","0","1","1","0","0"
"POINT (11.510211670000047 48.170286630000078)","Unfall 170897 (2020) Kat:3, Licht: 2","170897","3","1","8","08","23","7","1","2","0","1","0","0"
"POINT (11.504565427000045 48.180813580000063)","Unfall 170898 (2020) Kat:3, Licht: 0","170898","3","3","5","08","16","5","0","0","1","1","0","0"
"POINT (11.574919890000047 48.181693960000075)","Unfall 170903 (2020) Kat:3, Licht: 0","170903","3","3","5","09","14","3","1","0","0","1","0","0"
"POINT (11.562705187000063 48.136328140000046)","Unfall 170905 (2020) Kat:3, Licht: 0","170905","3","7","5","08","14","5","0","0","1","1","0","0"
"POINT (11.611230869000053 48.138440794000076)","Unfall 170908 (2020) Kat:3, Licht: 0","170908","3","6","2","08","19","5","0","0","0","1","0","0"
"POINT (11.465396029000033 48.187640355000042)","Unfall 170910 (2020) Kat:3, Licht: 0","170910","3","5","1","08","15","6","0","0","1","1","0","0"
"POINT (11.532059411000034 48.182166940000059)","Unfall 170912 (2020) Kat:2, Licht: 0","170912","2","4","6","08","12","5","0","0","0","1","1","0"
"POINT (11.522311811000066 48.159606554000050)","Unfall 170914 (2020) Kat:3, Licht: 2","170914","3","1","1","08","03","6","0","2","0","1","0","0"
"POINT (11.571209467000074 48.131644277000078)","Unfall 170916 (2020) Kat:3, Licht: 0","170916","3","2","3","09","17","3","0","0","1","1","0","0"
"POINT (11.501925765000067 48.124880687000029)","Unfall 170918 (2020) Kat:3, Licht: 2","170918","3","2","4","08","21","5","0","2","1","1","0","0"
"POINT (11.603685376000044 48.128112556000076)","Unfall 170922 (2020) Kat:3, Licht: 2","170922","3","4","0","08","23","2","0","2","0","1","1","0"
"POINT (11.586707928000067 48.164181070000041)","Unfall 170927 (2020) Kat:3, Licht: 2","170927","3","2","5","09","22","3","1","2","1","1","0","0"
"POINT (11.563649820000023 48.205889395000042)","Unfall 170929 (2020) Kat:3, Licht: 0","170929","3","3","5","08","16","5","0","0","1","1","0","0"
"POINT (11.555865178000033 48.136449083000059)","Unfall 170938 (2020) Kat:3, Licht: 0","170938","3","2","6","08","15","7","1","0","0","1","1","0"
"POINT (11.595437367000045 48.109219090000067)","Unfall 170939 (2020) Kat:3, Licht: 0","170939","3","4","6","08","11","5","0","0","0","1","1","0"
"POINT (11.662859695000066 48.162316653000062)","Unfall 170944 (2020) Kat:3, Licht: 0","170944","3","1","0","08","08","5","0","0","0","0","0","1"
"POINT (11.610033889000022 48.135062547000075)","Unfall 170949 (2020) Kat:3, Licht: 0","170949","3","7","0","08","12","5","0","0","0","0","0","0"
"POINT (11.573271198000043 48.151027579000072)","Unfall 170951 (2020) Kat:3, Licht: 0","170951","3","1","0","08","18","7","1","0","0","0","0","0"
"POINT (11.549792864000040 48.136786264000079)","Unfall 170952 (2020) Kat:3, Licht: 0","170952","3","3","5","08","17","5","0","0","1","1","0","0"
"POINT (11.622071681000023 48.153776743000037)","Unfall 170956 (2020) Kat:3, Licht: 0","170956","3","6","2","09","07","3","0","0","0","1","0","0"
"POINT (11.575434928000050 48.154738174000045)","Unfall 170958 (2020) Kat:3, Licht: 0","170958","3","1","0","08","09","5","0","0","1","0","0","0"
"POINT (11.556071311000039 48.139107797000065)","Unfall 170960 (2020) Kat:3, Licht: 0","170960","3","7","0","09","08","3","1","0","1","1","0","0"
"POINT (11.650383986000065 48.113088026000071)","Unfall 170961 (2020) Kat:3, Licht: 0","170961","3","3","5","08","12","1","1","0","0","1","0","0"
"POINT (11.565446481000038 48.137915883000062)","Unfall 170962 (2020) Kat:3, Licht: 0","170962","3","2","5","08","08","5","0","0","1","1","0","0"
"POINT (11.533818313000040 48.171084022000059)","Unfall 170966 (2020) Kat:3, Licht: 0","170966","3","7","0","08","10","6","0","0","1","0","0","0"
"POINT (11.593435112000066 48.201873325000065)","Unfall 170969 (2020) Kat:3, Licht: 0","170969","3","2","5","09","13","3","0","0","1","1","0","0"
"POINT (11.502509654000050 48.147212242000080)","Unfall 170977 (2020) Kat:3, Licht: 0","170977","3","6","2","08","16","6","1","0","1","0","0","0"
"POINT (11.537326665000023 48.151676760000043)","Unfall 170989 (2020) Kat:3, Licht: 0","170989","3","2","5","08","08","2","0","0","1","0","0","0"
"POINT (11.522552643000040 48.149704045000078)","Unfall 170999 (2020) Kat:3, Licht: 0","170999","3","7","0","08","16","1","1","0","0","0","0","0"
"POINT (11.465794347000042 48.147752927000056)","Unfall 171004 (2020) Kat:3, Licht: 0","171004","3","3","5","08","12","7","1","0","0","1","0","0"
"POINT (11.580779667000058 48.196004154000036)","Unfall 171009 (2020) Kat:3, Licht: 0","171009","3","3","5","09","13","3","1","0","0","1","0","1"
"POINT (11.586874431000069 48.201099486000032)","Unfall 171015 (2020) Kat:3, Licht: 0","171015","3","2","5","08","17","6","1","0","1","1","0","0"
"POINT (11.597567285000025 48.132367433000070)","Unfall 171017 (2020) Kat:3, Licht: 0","171017","3","1","0","09","13","3","1","0","1","0","0","0"
"POINT (11.586396597000032 48.161795631000075)","Unfall 171018 (2020) Kat:3, Licht: 2","171018","3","7","0","08","01","6","0","2","0","0","0","0"
"POINT (11.567161249000037 48.209166519000064)","Unfall 171020 (2020) Kat:3, Licht: 0","171020","3","6","2","09","08","3","0","0","0","1","0","0"
"POINT (11.564254498000025 48.128071943000066)","Unfall 171034 (2020) Kat:3, Licht: 0","171034","3","2","5","09","08","4","0","0","1","0","0","1"
"POINT (11.608340326000075 48.117449524000051)","Unfall 171036 (2020) Kat:3, Licht: 0","171036","3","3","5","09","18","6","0","0","1","1","0","0"
"POINT (11.572414609000077 48.151264669000057)","Unfall 171038 (2020) Kat:2, Licht: 0","171038","2","5","1","09","16","6","0","0","1","1","0","0"
"POINT (11.510715904000051 48.169728091000081)","Unfall 171039 (2020) Kat:3, Licht: 0","171039","3","6","3","09","06","4","0","0","0","1","0","1"
"POINT (11.570900696000024 48.131942462000040)","Unfall 171041 (2020) Kat:2, Licht: 0","171041","2","3","0","09","15","6","0","0","0","1","0","1"
"POINT (11.532836005000036 48.154369894000070)","Unfall 171042 (2020) Kat:3, Licht: 0","171042","3","6","2","09","16","4","0","0","1","0","0","0"
"POINT (11.654336941000054 48.100122983000063)","Unfall 171043 (2020) Kat:2, Licht: 2","171043","2","1","0","09","22","6","0","2","1","0","0","0"
"POINT (11.479274008000061 48.123268104000033)","Unfall 171044 (2020) Kat:3, Licht: 0","171044","3","2","5","09","12","4","0","0","0","1","0","0"
"POINT (11.688852797000038 48.138677712000060)","Unfall 171045 (2020) Kat:3, Licht: 0","171045","3","2","3","09","15","6","0","0","1","1","0","0"
"POINT (11.572502175000068 48.187457197000072)","Unfall 171046 (2020) Kat:3, Licht: 0","171046","3","2","5","09","11","6","0","0","1","1","0","0"
"POINT (11.445258709000029 48.148442977000059)","Unfall 171048 (2020) Kat:3, Licht: 1","171048","3","2","5","09","05","6","0","1","1","0","0","0"
"POINT (11.556130861000042 48.219533437000052)","Unfall 171049 (2020) Kat:3, Licht: 0","171049","3","1","1","09","19","6","0","0","1","1","0","0"
"POINT (11.603296334000049 48.146132769000076)","Unfall 171052 (2020) Kat:3, Licht: 1","171052","3","1","0","09","20","4","1","1","0","0","0","1"
"POINT (11.548407119000046 48.120791402000066)","Unfall 171054 (2020) Kat:2, Licht: 0","171054","2","3","5","09","12","4","0","0","1","0","0","0"
"POINT (11.560072419000051 48.142613951000044)","Unfall 171060 (2020) Kat:3, Licht: 0","171060","3","6","1","09","12","4","0","0","1","1","0","0"
"POINT (11.579934776000073 48.139099009000063)","Unfall 171063 (2020) Kat:2, Licht: 0","171063","2","1","0","09","19","4","0","0","1","0","0","0"
"POINT (11.540067106000038 48.115900099000044)","Unfall 171156 (2020) Kat:3, Licht: 0","171156","3","6","4","09","16","5","0","0","0","1","0","0"
"POINT (11.642892446000076 48.097379092000040)","Unfall 171158 (2020) Kat:3, Licht: 0","171158","3","6","0","09","13","5","0","0","0","1","0","0"
"POINT (11.573167539000053 48.142133511000054)","Unfall 171160 (2020) Kat:3, Licht: 0","171160","3","3","5","09","15","5","0","0","1","1","0","0"
"POINT (11.585531017000051 48.176241894000043)","Unfall 171162 (2020) Kat:3, Licht: 0","171162","3","7","0","09","16","5","0","0","1","0","0","0"
"POINT (11.572852528000055 48.184753982000075)","Unfall 171163 (2020) Kat:3, Licht: 0","171163","3","6","3","09","18","5","0","0","0","1","0","1"
"POINT (11.606650621000028 48.150244673000032)","Unfall 171166 (2020) Kat:2, Licht: 2","171166","2","1","0","09","00","5","0","2","0","0","0","0"
"POINT (11.502926784000067 48.135391787000060)","Unfall 171170 (2020) Kat:3, Licht: 2","171170","3","7","3","09","23","5","0","2","0","1","0","0"
"POINT (11.520167475000051 48.145569708000039)","Unfall 171172 (2020) Kat:3, Licht: 0","171172","3","7","0","09","14","5","0","0","1","0","0","0"
"POINT (11.543780121000054 48.119182963000071)","Unfall 171173 (2020) Kat:3, Licht: 0","171173","3","7","0","09","11","5","0","0","0","0","0","0"
"POINT (11.570794118000038 48.124940689000027)","Unfall 171174 (2020) Kat:3, Licht: 0","171174","3","6","1","09","09","5","0","0","1","0","0","0"
"POINT (11.520456276000061 48.174922399000081)","Unfall 171179 (2020) Kat:3, Licht: 0","171179","3","2","5","09","12","5","0","0","0","1","0","0"
"POINT (11.542665743000043 48.162668897000060)","Unfall 171180 (2020) Kat:3, Licht: 0","171180","3","3","5","09","15","5","0","0","1","1","0","0"
"POINT (11.641973887000063 48.120951179000031)","Unfall 171183 (2020) Kat:3, Licht: 0","171183","3","2","5","09","06","5","0","0","1","1","0","0"
"POINT (11.576770507000049 48.119342021000080)","Unfall 171185 (2020) Kat:3, Licht: 2","171185","3","1","0","09","21","5","0","2","1","0","0","0"
"POINT (11.594965985000044 48.109823539000047)","Unfall 171188 (2020) Kat:3, Licht: 0","171188","3","6","1","09","18","5","0","0","0","1","0","1"
"POINT (11.609337248000031 48.136435564000067)","Unfall 171190 (2020) Kat:3, Licht: 2","171190","3","1","0","09","20","5","0","2","1","0","0","0"
"POINT (11.553085621000037 48.144931114000030)","Unfall 171191 (2020) Kat:3, Licht: 0","171191","3","3","5","09","10","5","0","0","1","1","0","0"
"POINT (11.583518838000032 48.139229807000049)","Unfall 171194 (2020) Kat:3, Licht: 0","171194","3","3","5","09","18","5","0","0","1","1","0","0"
"POINT (11.566359838000039 48.148073974000056)","Unfall 171283 (2020) Kat:3, Licht: 0","171283","3","7","0","09","12","4","0","0","1","0","0","0"
"POINT (11.598363488000075 48.125914907000038)","Unfall 171286 (2020) Kat:2, Licht: 0","171286","2","3","5","09","13","4","0","0","0","1","0","1"
"POINT (11.581861000000060 48.151700136000045)","Unfall 171288 (2020) Kat:3, Licht: 0","171288","3","7","5","09","16","4","0","0","1","0","0","0"
"POINT (11.549767472000042 48.138904106000041)","Unfall 171291 (2020) Kat:3, Licht: 2","171291","3","6","2","09","23","4","0","2","0","1","0","0"
"POINT (11.572316641000043 48.114507963000051)","Unfall 171292 (2020) Kat:2, Licht: 2","171292","2","4","6","09","20","4","0","2","0","1","1","0"
"POINT (11.520290498000065 48.149967057000026)","Unfall 171309 (2020) Kat:3, Licht: 0","171309","3","4","6","09","13","2","0","0","1","0","1","0"
"POINT (11.564079643000071 48.163472347000038)","Unfall 171312 (2020) Kat:3, Licht: 0","171312","3","2","5","09","16","2","0","0","0","1","0","0"
"POINT (11.560126257000036 48.130328368000050)","Unfall 171320 (2020) Kat:3, Licht: 0","171320","3","7","6","09","11","2","0","0","1","0","1","0"
"POINT (11.518796781000049 48.141607146000069)","Unfall 171321 (2020) Kat:3, Licht: 0","171321","3","6","2","09","10","3","0","0","0","1","0","0"
"POINT (11.540635826000027 48.119860919000075)","Unfall 171322 (2020) Kat:3, Licht: 2","171322","3","7","0","09","21","4","0","2","0","0","0","1"
"POINT (11.503131633000066 48.138688681000076)","Unfall 171336 (2020) Kat:3, Licht: 0","171336","3","6","1","09","08","3","0","0","0","1","0","0"
"POINT (11.575052064000033 48.157247269000038)","Unfall 171337 (2020) Kat:3, Licht: 0","171337","3","7","5","09","15","4","0","0","1","1","0","0"
"POINT (11.551302415000066 48.139040119000072)","Unfall 171342 (2020) Kat:3, Licht: 0","171342","3","5","2","09","16","1","0","0","0","1","0","0"
"POINT (11.558224721000045 48.126259586000060)","Unfall 171350 (2020) Kat:3, Licht: 2","171350","3","2","6","09","22","1","1","2","0","1","1","0"
"POINT (11.634035729000061 48.126104525000073)","Unfall 171353 (2020) Kat:3, Licht: 0","171353","3","4","6","09","15","2","0","0","1","0","1","0"
"POINT (11.601256424000042 48.124294259000067)","Unfall 171354 (2020) Kat:3, Licht: 0","171354","3","7","0","09","10","1","0","0","1","0","0","0"
"POINT (11.558634888000029 48.137853700000051)","Unfall 171356 (2020) Kat:2, Licht: 0","171356","2","7","0","09","12","1","0","0","0","0","0","1"
"POINT (11.509368407000068 48.139518493000026)","Unfall 171360 (2020) Kat:3, Licht: 0","171360","3","3","0","09","13","1","0","0","0","1","0","0"
"POINT (11.619512707000069 48.162000812000031)","Unfall 171363 (2020) Kat:3, Licht: 2","171363","3","6","8","09","23","1","1","2","0","1","0","0"
"POINT (11.645292602000040 48.098960460000058)","Unfall 171366 (2020) Kat:3, Licht: 0","171366","3","7","4","09","15","2","0","0","0","1","0","0"
"POINT (11.573271198000043 48.151027579000072)","Unfall 171368 (2020) Kat:3, Licht: 2","171368","3","3","5","09","03","1","1","2","0","1","0","0"
"POINT (11.564559306000035 48.136336147000065)","Unfall 171374 (2020) Kat:3, Licht: 0","171374","3","2","0","09","14","2","0","0","1","1","1","0"
"POINT (11.528977712000028 48.099582033000047)","Unfall 171377 (2020) Kat:3, Licht: 2","171377","3","1","0","09","20","2","0","2","1","0","0","0"
"POINT (11.575168250000047 48.091791774000058)","Unfall 171379 (2020) Kat:3, Licht: 0","171379","3","6","1","09","16","4","0","0","1","1","0","0"
"POINT (11.533561434000035 48.133755198000074)","Unfall 171387 (2020) Kat:3, Licht: 0","171387","3","3","5","09","16","3","0","0","1","0","0","0"
"POINT (11.579914447000021 48.139146406000066)","Unfall 171388 (2020) Kat:3, Licht: 0","171388","3","1","0","09","17","4","0","0","1","0","0","0"
"POINT (11.604522114000076 48.186708389000046)","Unfall 171392 (2020) Kat:3, Licht: 0","171392","3","2","5","09","17","3","0","0","1","1","0","0"
"POINT (11.531055391000052 48.136451619000070)","Unfall 171393 (2020) Kat:3, Licht: 0","171393","3","3","5","09","08","4","0","0","0","1","0","1"
"POINT (11.565572011000029 48.133045371000037)","Unfall 171408 (2020) Kat:3, Licht: 0","171408","3","3","5","09","17","2","0","0","1","1","0","0"
"POINT (11.583034234000024 48.141163921000043)","Unfall 171421 (2020) Kat:3, Licht: 0","171421","3","3","0","09","10","2","0","0","1","1","0","0"
"POINT (11.625731179000070 48.123883938000063)","Unfall 171433 (2020) Kat:3, Licht: 0","171433","3","1","0","09","07","2","1","0","1","0","0","0"
"POINT (11.506967271000065 48.163823132000061)","Unfall 171434 (2020) Kat:3, Licht: 0","171434","3","6","0","09","16","3","0","0","0","1","0","0"
"POINT (11.597496546000059 48.133818729000041)","Unfall 171435 (2020) Kat:2, Licht: 0","171435","2","1","0","09","17","4","0","0","1","0","0","0"
"POINT (11.565237836000051 48.175778673000082)","Unfall 171448 (2020) Kat:3, Licht: 0","171448","3","6","3","09","18","3","0","0","1","0","0","0"
"POINT (11.558260823000069 48.129863152000041)","Unfall 171449 (2020) Kat:3, Licht: 0","171449","3","2","5","09","18","4","0","0","1","1","0","0"
"POINT (11.557731410000031 48.150846765000040)","Unfall 171479 (2020) Kat:3, Licht: 0","171479","3","7","1","09","09","2","0","0","1","1","0","0"
"POINT (11.579588857000033 48.155674201000068)","Unfall 171487 (2020) Kat:3, Licht: 1","171487","3","3","5","09","20","2","0","1","1","0","0","0"
"POINT (11.563325422000048 48.207254609000074)","Unfall 171488 (2020) Kat:3, Licht: 0","171488","3","2","5","09","18","3","0","0","0","1","0","0"
"POINT (11.550774705000038 48.112199331000056)","Unfall 171489 (2020) Kat:2, Licht: 0","171489","2","2","5","09","18","4","0","0","1","1","0","0"
"POINT (11.680165604000024 48.115718937000054)","Unfall 171490 (2020) Kat:3, Licht: 1","171490","3","3","5","09","19","7","0","1","1","1","0","0"
"POINT (11.504745633000027 48.150821541000028)","Unfall 171491 (2020) Kat:3, Licht: 0","171491","3","5","0","09","14","2","0","0","1","1","0","0"
"POINT (11.624015641000028 48.166796958000077)","Unfall 171493 (2020) Kat:3, Licht: 0","171493","3","2","6","09","07","4","0","0","1","0","1","0"
"POINT (11.599030731000028 48.086773142000027)","Unfall 171494 (2020) Kat:2, Licht: 0","171494","2","1","0","09","16","7","0","0","1","0","0","0"
"POINT (11.595625417000065 48.134045819000050)","Unfall 171497 (2020) Kat:3, Licht: 2","171497","3","1","0","09","00","7","0","2","1","0","0","0"
"POINT (11.586340454000037 48.169489479000049)","Unfall 171502 (2020) Kat:3, Licht: 0","171502","3","2","5","09","14","3","0","0","1","0","0","0"
"POINT (11.561378856000033 48.154764896000074)","Unfall 171503 (2020) Kat:3, Licht: 2","171503","3","7","0","09","20","4","0","2","1","0","0","0"
"POINT (11.639194418000045 48.116017992000081)","Unfall 171504 (2020) Kat:3, Licht: 1","171504","3","4","6","09","19","7","0","1","1","0","1","0"
"POINT (11.595839012000056 48.171783869000080)","Unfall 171516 (2020) Kat:3, Licht: 2","171516","3","6","3","09","20","7","1","2","0","1","0","1"
"POINT (11.550108091000027 48.149224814000036)","Unfall 171519 (2020) Kat:3, Licht: 0","171519","3","3","5","09","16","2","0","0","1","0","0","0"
"POINT (11.609107360000053 48.136334994000038)","Unfall 171521 (2020) Kat:3, Licht: 0","171521","3","6","2","09","17","7","0","0","0","1","0","0"
"POINT (11.576430555000059 48.131404711000073)","Unfall 171522 (2020) Kat:3, Licht: 2","171522","3","5","1","09","03","7","0","2","1","1","0","0"
"POINT (11.571210374000032 48.125160234000077)","Unfall 171525 (2020) Kat:3, Licht: 0","171525","3","3","5","09","13","7","0","0","1","0","0","0"
"POINT (11.511154677000036 48.201978864000068)","Unfall 171528 (2020) Kat:3, Licht: 0","171528","3","7","6","09","15","7","0","0","0","1","1","0"
"POINT (11.555739129000074 48.128840426000068)","Unfall 171531 (2020) Kat:3, Licht: 0","171531","3","2","2","09","13","2","0","0","0","1","0","0"
"POINT (11.577620459000059 48.113394247000031)","Unfall 171533 (2020) Kat:3, Licht: 0","171533","3","1","0","09","19","7","0","0","1","0","0","0"
"POINT (11.555207441000050 48.139166607000050)","Unfall 171544 (2020) Kat:3, Licht: 0","171544","3","5","1","09","07","3","0","0","1","1","0","0"
"POINT (11.573551329000054 48.120216793000054)","Unfall 171545 (2020) Kat:3, Licht: 0","171545","3","6","2","09","08","4","0","0","1","1","0","0"
"POINT (11.562822260000075 48.186870655000064)","Unfall 171556 (2020) Kat:3, Licht: 0","171556","3","6","1","09","18","3","0","0","0","1","0","0"
"POINT (11.560920703000022 48.125447838000071)","Unfall 171557 (2020) Kat:3, Licht: 2","171557","3","2","1","09","23","4","0","2","1","1","0","0"
"POINT (11.583328513000026 48.133114070000033)","Unfall 171595 (2020) Kat:3, Licht: 0","171595","3","6","1","09","11","6","0","0","1","0","0","0"
"POINT (11.580323347000046 48.114927686000044)","Unfall 171596 (2020) Kat:2, Licht: 0","171596","2","1","0","09","07","6","0","0","1","0","0","0"
"POINT (11.477500314000054 48.110663245000069)","Unfall 171599 (2020) Kat:3, Licht: 0","171599","3","5","1","09","18","6","0","0","1","1","0","0"
"POINT (11.606985500000064 48.144623976000048)","Unfall 171602 (2020) Kat:2, Licht: 0","171602","2","3","5","09","12","6","0","0","1","1","0","0"
"POINT (11.527059159000032 48.182019334000074)","Unfall 171604 (2020) Kat:3, Licht: 0","171604","3","3","5","09","14","6","0","0","0","1","0","0"
"POINT (11.584861815000068 48.137102994000031)","Unfall 171606 (2020) Kat:3, Licht: 2","171606","3","1","8","09","23","6","0","2","1","0","0","0"
"POINT (11.573463972000070 48.135767776000080)","Unfall 171607 (2020) Kat:3, Licht: 0","171607","3","3","5","09","07","6","0","0","1","1","0","0"
"POINT (11.543904604000033 48.122193906000064)","Unfall 171608 (2020) Kat:3, Licht: 0","171608","3","2","5","09","17","6","0","0","1","1","0","0"
"POINT (11.531366523000031 48.152592820000052)","Unfall 171611 (2020) Kat:3, Licht: 0","171611","3","6","3","09","15","6","0","0","1","0","0","0"
"POINT (11.509530911000070 48.167486127000075)","Unfall 171612 (2020) Kat:3, Licht: 0","171612","3","3","5","09","16","6","0","0","0","1","0","0"
"POINT (11.585754804000032 48.159821646000069)","Unfall 171614 (2020) Kat:3, Licht: 0","171614","3","6","0","09","10","6","0","0","0","1","0","0"
"POINT (11.705504210000072 48.133151965000081)","Unfall 171615 (2020) Kat:3, Licht: 0","171615","3","2","5","09","07","6","0","0","1","1","0","0"
"POINT (11.470051097000066 48.165431110000043)","Unfall 171618 (2020) Kat:3, Licht: 0","171618","3","3","5","09","16","6","0","0","1","1","0","0"
"POINT (11.551262965000035 48.148920408000038)","Unfall 171619 (2020) Kat:3, Licht: 0","171619","3","7","3","09","17","6","0","0","1","0","0","0"
"POINT (11.543578687000036 48.105018922000056)","Unfall 171620 (2020) Kat:3, Licht: 0","171620","3","6","3","09","08","6","0","0","1","1","0","0"
"POINT (11.580570758000022 48.127633174000039)","Unfall 171623 (2020) Kat:3, Licht: 0","171623","3","1","0","09","08","6","0","0","1","0","0","0"
"POINT (11.543748073000074 48.124936571000035)","Unfall 171624 (2020) Kat:3, Licht: 0","171624","3","7","0","09","14","6","0","0","1","1","0","0"
"POINT (11.573226846000068 48.160519562000047)","Unfall 171626 (2020) Kat:3, Licht: 0","171626","3","3","5","09","15","6","0","0","1","1","0","0"
"POINT (11.548244003000036 48.124138283000036)","Unfall 171763 (2020) Kat:3, Licht: 2","171763","3","6","3","09","23","4","0","2","1","0","0","1"
"POINT (11.546400029000040 48.130427700000041)","Unfall 171768 (2020) Kat:2, Licht: 2","171768","2","7","7","09","21","5","0","2","1","0","1","0"
"POINT (11.556071549000023 48.137479938000070)","Unfall 171769 (2020) Kat:3, Licht: 0","171769","3","2","3","09","08","5","0","0","1","1","0","0"
"POINT (11.578917576000038 48.125873806000072)","Unfall 171771 (2020) Kat:2, Licht: 0","171771","2","2","4","09","18","5","0","0","1","1","0","0"
"POINT (11.508148065000057 48.180824588000064)","Unfall 171772 (2020) Kat:2, Licht: 0","171772","2","6","8","09","16","5","0","0","1","1","0","0"
"POINT (11.494184099000051 48.128635362000068)","Unfall 171773 (2020) Kat:3, Licht: 0","171773","3","2","5","09","18","5","0","0","0","1","0","1"
"POINT (11.561922224000057 48.125189047000049)","Unfall 171774 (2020) Kat:3, Licht: 0","171774","3","3","5","09","09","4","0","0","1","1","0","0"
"POINT (11.504246460000047 48.135412454000061)","Unfall 171776 (2020) Kat:3, Licht: 1","171776","3","3","1","09","19","5","0","1","0","1","0","0"
"POINT (11.606587516000047 48.139564772000028)","Unfall 171777 (2020) Kat:3, Licht: 2","171777","3","7","0","09","20","5","0","2","1","0","0","0"
"POINT (11.601438918000042 48.140978246000032)","Unfall 171778 (2020) Kat:3, Licht: 0","171778","3","7","1","09","16","5","0","0","1","1","0","0"
"POINT (11.558848672000067 48.129734723000070)","Unfall 171779 (2020) Kat:3, Licht: 0","171779","3","3","5","09","07","4","0","0","1","1","0","0"
"POINT (11.543056522000029 48.122188182000059)","Unfall 171780 (2020) Kat:2, Licht: 0","171780","2","4","0","09","08","4","0","0","1","0","1","0"
"POINT (11.537014769000052 48.116909838000026)","Unfall 171781 (2020) Kat:2, Licht: 0","171781","2","7","8","09","11","5","0","0","0","0","0","1"
"POINT (11.534406692000061 48.132874484000070)","Unfall 171782 (2020) Kat:3, Licht: 0","171782","3","6","6","09","08","5","0","0","1","0","1","0"
"POINT (11.503247228000021 48.143851037000047)","Unfall 171783 (2020) Kat:3, Licht: 0","171783","3","6","4","09","15","4","0","0","0","1","0","0"
"POINT (11.539993021000043 48.139651818000061)","Unfall 171784 (2020) Kat:3, Licht: 2","171784","3","7","0","09","23","5","0","2","1","0","0","0"
"POINT (11.583815375000029 48.155905321000034)","Unfall 171786 (2020) Kat:3, Licht: 2","171786","3","5","1","09","20","5","0","2","1","1","0","0"
"POINT (11.584219285000074 48.131813366000074)","Unfall 171787 (2020) Kat:3, Licht: 1","171787","3","1","0","09","19","5","0","1","0","0","0","1"
"POINT (11.692175794000036 48.112045415000068)","Unfall 171792 (2020) Kat:3, Licht: 0","171792","3","1","0","09","17","4","0","0","1","0","0","0"
"POINT (11.633734234000030 48.136152102000040)","Unfall 171795 (2020) Kat:3, Licht: 0","171795","3","3","5","09","10","4","0","0","0","1","0","0"
"POINT (11.554985529000021 48.123594433000051)","Unfall 171801 (2020) Kat:2, Licht: 0","171801","2","7","7","09","08","4","0","0","1","0","0","0"
"POINT (11.458894918000055 48.176116511000032)","Unfall 171803 (2020) Kat:3, Licht: 0","171803","3","6","3","09","16","4","0","0","0","1","0","1"
"POINT (11.631699453000067 48.130595008000057)","Unfall 171813 (2020) Kat:3, Licht: 0","171813","3","2","2","09","16","4","0","0","0","1","0","0"
"POINT (11.534245069000065 48.192726059000051)","Unfall 171822 (2020) Kat:3, Licht: 0","171822","3","2","5","09","12","4","0","0","0","1","0","1"
"POINT (11.492250259000059 48.140222303000030)","Unfall 171830 (2020) Kat:3, Licht: 0","171830","3","6","1","09","07","2","0","0","0","1","0","0"