WKT,Name,OBJECTID,UKATEGORIE,UTYP1,UART,UMONAT,USTUNDE,UWOCHENTAG,STRZUSTAND,ULICHTVERH,ISTRAD,ISTPKW,ISTFUSS,ISTKRAD
"POINT (11.585427193000044 48.159237747000077)","Unfall 171837 (2020) Kat:3, Licht: 0","171837","3","6","2","09","17","1","0","0","0","0","0","1"
"POINT (11.548648474000061 48.112908962000063)","Unfall 171842 (2020) Kat:3, Licht: 0","171842","3","7","5","09","16","2","0","0","1","1","0","0"
"POINT (11.573978445000023 48.152125356000056)","Unfall 171848 (2020) Kat:3, Licht: 2","171848","3","5","0","09","21","1","0","2","1","1","0","0"
"POINT (11.591239918000042 48.132723646000045)","Unfall 171858 (2020) Kat:3, Licht: 0","171858","3","7","0","09","18","2","0","0","1","0","0","0"
"POINT (11.412001436000025 48.175621285000034)","Unfall 171867 (2020) Kat:3, Licht: 0","171867","3","2","4","09","09","2","0","0","1","1","0","0"
"POINT (11.540129399000023 48.117286898000032)","Unfall 171870 (2020) Kat:3, Licht: 0","171870","3","4","6","09","15","2","0","0","1","0","1","0"
"POINT (11.524920012000052 48.095222282000066)","Unfall 171878 (2020) Kat:3, Licht: 0","171878","3","1","0","09","13","2","0","0","1","0","0","0"
"POINT (11.592906095000046 48.162930249000055)","Unfall 171891 (2020) Kat:3, Licht: 0","171891","3","3","5","09","09","2","0","0","1","1","0","0"
"POINT (11.575808658000028 48.137034387000028)","Unfall 171899 (2020) Kat:3, Licht: 1","171899","3","7","6","09","18","1","0","1","0","0","1","0"
"POINT (11.558460608000075 48.132025311000064)","Unfall 171906 (2020) Kat:3, Licht: 0","171906","3","7","3","09","11","2","0","0","0","1","0","0"
"POINT (11.567929528000036 48.205926363000060)","Unfall 171917 (2020) Kat:3, Licht: 0","171917","3","3","5","09","16","2","0","0","1","1","0","0"
"POINT (11.544472802000030 48.150267651000036)","Unfall 171931 (2020) Kat:3, Licht: 0","171931","3","4","6","09","14","2","0","0","1","0","1","0"
"POINT (11.505935438000051 48.128115145000038)","Unfall 171938 (2020) Kat:2, Licht: 0","171938","2","4","0","09","07","1","0","0","0","0","1","0"
"POINT (11.472178014000065 48.141398000000038)","Unfall 171959 (2020) Kat:3, Licht: 0","171959","3","6","3","09","17","2","0","0","1","1","0","0"
"POINT (11.612891754000032 48.120144938000067)","Unfall 171971 (2020) Kat:3, Licht: 0","171971","3","2","0","09","06","2","0","0","1","0","0","0"
"POINT (11.574602410000068 48.153088570000079)","Unfall 171987 (2020) Kat:3, Licht: 2","171987","3","1","1","09","20","7","0","2","1","1","0","0"
"POINT (11.586556964000067 48.187871260000065)","Unfall 171989 (2020) Kat:3, Licht: 2","171989","3","7","3","09","20","1","0","2","0","1","0","0"
"POINT (11.658057827000050 48.130385392000051)","Unfall 171993 (2020) Kat:3, Licht: 0","171993","3","6","0","09","15","7","0","0","1","0","0","0"
"POINT (11.542193551000025 48.139512117000038)","Unfall 171997 (2020) Kat:3, Licht: 0","171997","3","5","1","09","07","2","0","0","1","1","0","0"
"POINT (11.568866704000072 48.133776720000071)","Unfall 171999 (2020) Kat:3, Licht: 0","171999","3","6","0","09","17","7","0","0","1","0","0","0"
"POINT (11.579097155000056 48.125740934000078)","Unfall 172001 (2020) Kat:3, Licht: 0","172001","3","3","5","09","18","7","0","0","0","1","0","1"
"POINT (11.599035325000045 48.121280146000061)","Unfall 172008 (2020) Kat:2, Licht: 0","172008","2","4","6","09","11","7","0","0","0","1","1","0"
"POINT (11.581239869000058 48.141459621000081)","Unfall 172011 (2020) Kat:3, Licht: 0","172011","3","6","2","09","17","2","0","0","1","0","0","0"
"POINT (11.526241017000075 48.109874662000038)","Unfall 172016 (2020) Kat:2, Licht: 0","172016","2","3","5","09","15","7","0","0","1","1","0","0"
"POINT (11.549564546000056 48.145891418000076)","Unfall 172021 (2020) Kat:3, Licht: 0","172021","3","2","5","09","13","2","0","0","1","0","0","0"
"POINT (11.464689254000064 48.144370720000040)","Unfall 172025 (2020) Kat:3, Licht: 1","172025","3","7","0","09","18","2","0","1","0","1","0","1"
"POINT (11.580771043000027 48.124574072000030)","Unfall 172035 (2020) Kat:3, Licht: 2","172035","3","1","0","09","19","7","0","2","1","0","0","0"
"POINT (11.600020647000065 48.115439324000079)","Unfall 172036 (2020) Kat:3, Licht: 0","172036","3","1","7","09","17","7","0","0","0","0","0","0"
"POINT (11.581256708000069 48.150077869000029)","Unfall 172038 (2020) Kat:3, Licht: 2","172038","3","2","3","09","23","7","0","2","1","1","0","0"
"POINT (11.569385812000064 48.149668239000050)","Unfall 172040 (2020) Kat:2, Licht: 0","172040","2","7","5","09","14","7","0","0","0","1","0","1"
"POINT (11.556989920000035 48.143694847000063)","Unfall 172044 (2020) Kat:3, Licht: 0","172044","3","7","0","09","14","2","0","0","1","0","0","0"
"POINT (11.518473935000031 48.165818234000028)","Unfall 172054 (2020) Kat:3, Licht: 0","172054","3","7","0","09","13","1","0","0","1","0","0","0"
"POINT (11.588640035000026 48.094841958000075)","Unfall 172061 (2020) Kat:3, Licht: 0","172061","3","7","5","09","06","2","0","0","1","0","0","0"
"POINT (11.612017965000064 48.136704455000029)","Unfall 172070 (2020) Kat:3, Licht: 0","172070","3","7","1","09","15","2","0","0","0","1","0","0"
"POINT (11.566768304000050 48.147959619000062)","Unfall 172078 (2020) Kat:2, Licht: 2","172078","2","5","1","09","03","5","0","2","0","1","0","0"
"POINT (11.572649223000042 48.187762205000070)","Unfall 172086 (2020) Kat:3, Licht: 0","172086","3","7","6","09","18","5","0","0","1","0","1","0"
"POINT (11.455060886000069 48.145839851000062)","Unfall 172088 (2020) Kat:3, Licht: 0","172088","3","7","0","09","18","5","0","0","1","0","0","0"
"POINT (11.524328990000072 48.102010626000038)","Unfall 172091 (2020) Kat:3, Licht: 0","172091","3","6","3","09","08","4","0","0","0","0","0","1"
"POINT (11.614454526000031 48.103896706000057)","Unfall 172093 (2020) Kat:3, Licht: 0","172093","3","1","0","09","12","4","0","0","1","0","0","0"
"POINT (11.551649446000056 48.186098270000059)","Unfall 172094 (2020) Kat:3, Licht: 0","172094","3","2","3","09","07","4","0","0","1","1","0","0"
"POINT (11.614853512000025 48.138164701000051)","Unfall 172096 (2020) Kat:3, Licht: 0","172096","3","2","4","09","07","4","0","0","1","1","0","0"
"POINT (11.493660310000053 48.112367405000043)","Unfall 172097 (2020) Kat:3, Licht: 0","172097","3","1","0","09","17","5","1","0","0","0","0","1"
"POINT (11.542770192000035 48.122176001000071)","Unfall 172098 (2020) Kat:2, Licht: 0","172098","2","1","0","09","09","4","0","0","1","0","0","0"
"POINT (11.523729956000068 48.099611231000040)","Unfall 172099 (2020) Kat:3, Licht: 0","172099","3","2","3","09","16","5","0","0","1","1","0","0"
"POINT (11.564968750000048 48.148464570000044)","Unfall 172100 (2020) Kat:2, Licht: 2","172100","2","6","3","09","22","4","0","2","1","0","0","1"
"POINT (11.567517035000037 48.123067138000067)","Unfall 172101 (2020) Kat:3, Licht: 2","172101","3","4","6","09","20","4","0","2","0","1","1","0"
"POINT (11.614269553000042 48.127833044000056)","Unfall 172102 (2020) Kat:3, Licht: 0","172102","3","3","5","09","07","4","0","0","0","1","0","0"
"POINT (11.575100591000023 48.119580690000078)","Unfall 172105 (2020) Kat:3, Licht: 2","172105","3","1","0","09","00","5","0","2","0","0","0","1"
"POINT (11.480005276000043 48.167750536000028)","Unfall 172107 (2020) Kat:3, Licht: 0","172107","3","6","0","09","09","4","0","0","0","1","0","1"
"POINT (11.572515434000024 48.120731487000057)","Unfall 172108 (2020) Kat:3, Licht: 0","172108","3","2","5","09","09","5","0","0","1","1","0","0"
"POINT (11.605150821000052 48.121689708000076)","Unfall 172109 (2020) Kat:3, Licht: 0","172109","3","2","5","09","08","5","0","0","1","1","0","0"
"POINT (11.432641388000036 48.185635839000042)","Unfall 172110 (2020) Kat:2, Licht: 0","172110","2","6","6","09","17","4","0","0","1","0","1","0"
"POINT (11.583070994000025 48.119312227000080)","Unfall 172111 (2020) Kat:3, Licht: 0","172111","3","1","0","09","16","5","0","0","1","0","0","0"
"POINT (11.620066884000039 48.150019916000076)","Unfall 172112 (2020) Kat:3, Licht: 0","172112","3","7","1","09","10","4","0","0","1","0","0","0"
"POINT (11.537404973000037 48.116909137000050)","Unfall 172113 (2020) Kat:3, Licht: 2","172113","3","7","0","09","21","4","0","2","1","0","0","0"
"POINT (11.557795035000026 48.134612924000066)","Unfall 172114 (2020) Kat:3, Licht: 0","172114","3","5","2","09","08","4","0","0","1","1","0","0"
"POINT (11.576535824000075 48.152824187000078)","Unfall 172116 (2020) Kat:3, Licht: 0","172116","3","3","5","09","17","4","0","0","1","1","0","0"
"POINT (11.600033690000032 48.125683297000080)","Unfall 172117 (2020) Kat:3, Licht: 0","172117","3","6","2","09","17","5","0","0","0","1","0","0"
"POINT (11.581047942000055 48.161988483000073)","Unfall 172123 (2020) Kat:3, Licht: 0","172123","3","3","4","09","18","5","0","0","1","1","0","0"
"POINT (11.568868642000041 48.161218530000042)","Unfall 172128 (2020) Kat:3, Licht: 0","172128","3","5","0","09","18","5","0","0","1","1","0","0"
"POINT (11.586415841000075 48.166174367000053)","Unfall 172134 (2020) Kat:3, Licht: 0","172134","3","1","1","09","18","5","0","0","1","1","0","0"
"POINT (11.562523385000077 48.158036524000067)","Unfall 172136 (2020) Kat:3, Licht: 0","172136","3","6","2","09","12","5","0","0","0","1","0","0"
"POINT (11.583204380000041 48.154602972000077)","Unfall 172138 (2020) Kat:3, Licht: 0","172138","3","6","3","09","13","5","0","0","1","1","0","0"
"POINT (11.584474071000045 48.139511975000062)","Unfall 172140 (2020) Kat:3, Licht: 0","172140","3","6","2","09","17","5","0","0","0","1","0","1"
"POINT (11.589045616000021 48.165136625000059)","Unfall 172166 (2020) Kat:3, Licht: 2","172166","3","1","0","09","21","5","0","2","1","0","0","0"
"POINT (11.518985988000054 48.085804195000037)","Unfall 172170 (2020) Kat:3, Licht: 0","172170","3","2","5","09","14","5","0","0","1","1","0","0"
"POINT (11.641592201000037 48.156737199000077)","Unfall 172179 (2020) Kat:3, Licht: 0","172179","3","6","4","09","17","5","0","0","1","0","0","0"
"POINT (11.576516163000065 48.161225497000032)","Unfall 172213 (2020) Kat:3, Licht: 0","172213","3","7","2","09","10","5","0","0","1","1","0","0"
"POINT (11.560205320000023 48.142704589000061)","Unfall 172224 (2020) Kat:2, Licht: 2","172224","2","7","0","09","05","5","0","2","1","0","0","0"
"POINT (11.573758433000023 48.192302615000074)","Unfall 172236 (2020) Kat:3, Licht: 0","172236","3","3","5","09","17","5","0","0","1","1","0","0"
"POINT (11.557965682000031 48.126090519000059)","Unfall 172251 (2020) Kat:3, Licht: 0","172251","3","6","2","09","08","3","0","0","0","1","0","0"
"POINT (11.552579495000032 48.208317917000045)","Unfall 172252 (2020) Kat:3, Licht: 0","172252","3","2","4","09","10","3","0","0","0","1","0","0"
"POINT (11.555249053000068 48.160169428000074)","Unfall 172253 (2020) Kat:2, Licht: 0","172253","2","3","5","09","15","3","0","0","1","1","0","0"
"POINT (11.568590243000074 48.156769334000046)","Unfall 172257 (2020) Kat:3, Licht: 1","172257","3","3","5","09","19","3","0","1","1","1","0","0"
"POINT (11.633965563000061 48.110218758000030)","Unfall 172260 (2020) Kat:2, Licht: 0","172260","2","3","0","09","12","3","0","0","1","1","0","0"
"POINT (11.583887850000053 48.162245368000072)","Unfall 172261 (2020) Kat:3, Licht: 0","172261","3","1","3","09","08","3","0","0","1","1","0","0"
"POINT (11.582090570000048 48.160954010000069)","Unfall 172263 (2020) Kat:3, Licht: 0","172263","3","7","0","09","11","3","0","0","0","1","1","0"
"POINT (11.560055439000053 48.130294466000066)","Unfall 172268 (2020) Kat:3, Licht: 0","172268","3","6","0","09","16","3","0","0","0","1","0","1"
"POINT (11.534032167000021 48.152563812000039)","Unfall 172270 (2020) Kat:3, Licht: 0","172270","3","4","6","09","15","3","0","0","1","0","1","0"
"POINT (11.632725621000077 48.130419486000051)","Unfall 172271 (2020) Kat:3, Licht: 0","172271","3","3","1","09","09","3","0","0","0","1","0","1"
"POINT (11.572106544000064 48.195364363000067)","Unfall 172273 (2020) Kat:3, Licht: 0","172273","3","2","3","09","08","3","0","0","0","1","0","1"
"POINT (11.556003407000048 48.139230968000049)","Unfall 172274 (2020) Kat:3, Licht: 2","172274","3","2","3","09","22","3","0","2","1","1","0","0"
"POINT (11.578010165000023 48.130271447000041)","Unfall 172276 (2020) Kat:3, Licht: 0","172276","3","3","0","09","11","5","0","0","0","1","0","0"
"POINT (11.583833556000059 48.195773274000032)","Unfall 172277 (2020) Kat:3, Licht: 0","172277","3","2","5","09","18","3","0","0","1","1","0","0"
"POINT (11.524751438000067 48.201038680000067)","Unfall 172278 (2020) Kat:3, Licht: 0","172278","3","1","8","09","10","3","0","0","1","0","0","0"
"POINT (11.519593927000074 48.159034098000063)","Unfall 172279 (2020) Kat:3, Licht: 0","172279","3","3","5","09","16","3","0","0","1","1","0","0"
"POINT (11.583894453000028 48.171022494000056)","Unfall 172280 (2020) Kat:2, Licht: 0","172280","2","7","3","09","10","5","0","0","0","1","0","0"
"POINT (11.511489941000036 48.156369201000075)","Unfall 172281 (2020) Kat:3, Licht: 2","172281","3","7","0","09","23","3","0","2","0","0","0","0"
"POINT (11.504761955000049 48.133147541000028)","Unfall 172282 (2020) Kat:3, Licht: 0","172282","3","3","5","09","16","3","0","0","1","1","0","0"
"POINT (11.653216965000070 48.109087903000045)","Unfall 172283 (2020) Kat:3, Licht: 0","172283","3","6","4","09","08","3","0","0","1","0","0","0"
"POINT (11.513880854000035 48.113086846000044)","Unfall 172285 (2020) Kat:3, Licht: 0","172285","3","3","0","09","18","3","0","0","1","1","0","0"
"POINT (11.542269730000044 48.118373671000029)","Unfall 172286 (2020) Kat:3, Licht: 0","172286","3","7","1","09","10","3","0","0","1","1","0","0"
"POINT (11.605337274000021 48.137258324000072)","Unfall 172288 (2020) Kat:3, Licht: 0","172288","3","3","5","09","07","5","0","0","1","1","0","0"
"POINT (11.556838014000050 48.143284289000064)","Unfall 172289 (2020) Kat:3, Licht: 0","172289","3","6","3","09","15","3","0","0","0","1","0","1"
"POINT (11.585259705000055 48.159279890000050)","Unfall 172290 (2020) Kat:3, Licht: 0","172290","3","2","6","09","18","3","0","0","0","1","1","0"
"POINT (11.580999175000045 48.149928739000075)","Unfall 172291 (2020) Kat:3, Licht: 0","172291","3","6","0","09","18","3","0","0","1","0","0","0"
"POINT (11.561787523000021 48.204526492000070)","Unfall 172327 (2020) Kat:2, Licht: 0","172327","2","2","4","09","07","5","0","0","0","1","0","1"
"POINT (11.569859471000029 48.163068498000030)","Unfall 172343 (2020) Kat:3, Licht: 2","172343","3","5","1","09","22","7","0","2","1","1","0","0"
"POINT (11.538918075000026 48.151275967000061)","Unfall 172356 (2020) Kat:3, Licht: 0","172356","3","7","7","09","08","2","0","0","1","0","0","0"
"POINT (11.580164810000042 48.139099173000034)","Unfall 172361 (2020) Kat:2, Licht: 0","172361","2","1","0","09","18","6","0","0","1","0","0","0"
"POINT (11.632585074000076 48.124559497000064)","Unfall 172366 (2020) Kat:3, Licht: 0","172366","3","6","4","09","07","6","0","0","1","0","0","0"
"POINT (11.581308894000074 48.116860983000038)","Unfall 172368 (2020) Kat:3, Licht: 0","172368","3","5","1","09","13","7","0","0","0","1","0","0"
"POINT (11.588181378000058 48.100414772000079)","Unfall 172369 (2020) Kat:3, Licht: 0","172369","3","6","2","09","14","6","0","0","0","1","0","0"
"POINT (11.581876696000052 48.130673884000032)","Unfall 172370 (2020) Kat:2, Licht: 0","172370","2","4","6","09","17","6","0","0","1","0","1","0"
"POINT (11.643572340000048 48.102624304000074)","Unfall 172371 (2020) Kat:3, Licht: 0","172371","3","4","0","09","10","7","0","0","1","0","1","0"
"POINT (11.557244441000023 48.186355787000082)","Unfall 172372 (2020) Kat:3, Licht: 0","172372","3","3","5","09","17","6","0","0","1","0","0","0"
"POINT (11.613885911000068 48.208386412000038)","Unfall 172375 (2020) Kat:3, Licht: 0","172375","3","6","3","09","14","1","0","0","1","1","0","0"
"POINT (11.596581820000040 48.123746125000025)","Unfall 172381 (2020) Kat:3, Licht: 0","172381","3","7","1","09","15","2","0","0","0","0","0","1"
"POINT (11.502882046000025 48.129973236000069)","Unfall 172383 (2020) Kat:3, Licht: 0","172383","3","6","2","09","15","6","0","0","0","1","0","0"
"POINT (11.531926250000026 48.121626335000030)","Unfall 172387 (2020) Kat:3, Licht: 0","172387","3","5","1","09","17","1","0","0","1","1","0","0"
"POINT (11.531589701000030 48.184264072000076)","Unfall 172389 (2020) Kat:3, Licht: 0","172389","3","3","3","09","16","6","0","0","1","1","0","0"
"POINT (11.608166583000070 48.186312516000044)","Unfall 172393 (2020) Kat:3, Licht: 2","172393","3","6","2","09","20","2","0","2","0","1","0","0"
"POINT (11.479285890000028 48.164043173000039)","Unfall 172395 (2020) Kat:3, Licht: 0","172395","3","3","5","09","09","6","0","0","1","1","0","0"
"POINT (11.596833359000073 48.123816453000074)","Unfall 172399 (2020) Kat:3, Licht: 0","172399","3","3","5","09","09","6","0","0","1","0","0","0"
"POINT (11.628982253000061 48.160464742000045)","Unfall 172401 (2020) Kat:3, Licht: 0","172401","3","7","8","09","13","6","0","0","1","0","0","0"
"POINT (11.600058117000060 48.106644730000028)","Unfall 172409 (2020) Kat:3, Licht: 0","172409","3","7","1","09","17","6","0","0","1","1","0","0"
"POINT (11.502990252000075 48.139683670000068)","Unfall 172410 (2020) Kat:3, Licht: 0","172410","3","2","5","09","15","7","0","0","0","1","0","0"
"POINT (11.614917989000048 48.148982599000078)","Unfall 172411 (2020) Kat:3, Licht: 1","172411","3","3","5","09","19","6","0","1","0","1","0","1"
"POINT (11.586583001000065 48.182349424000051)","Unfall 172414 (2020) Kat:3, Licht: 0","172414","3","4","6","09","18","1","0","0","0","1","1","0"
"POINT (11.564768096000023 48.196350995000046)","Unfall 172419 (2020) Kat:3, Licht: 0","172419","3","6","3","09","13","6","0","0","0","1","0","1"
"POINT (11.555741109000053 48.139174791000073)","Unfall 172420 (2020) Kat:3, Licht: 2","172420","3","7","4","09","21","7","0","2","0","0","1","0"
"POINT (11.511462252000058 48.155215347000080)","Unfall 172423 (2020) Kat:2, Licht: 2","172423","2","4","0","09","05","1","0","2","0","0","1","0"
"POINT (11.679043013000069 48.115351559000032)","Unfall 172425 (2020) Kat:3, Licht: 0","172425","3","6","3","09","13","6","0","0","1","0","0","0"
"POINT (11.594150431000060 48.101943531000074)","Unfall 172429 (2020) Kat:3, Licht: 0","172429","3","2","5","09","08","6","0","0","1","1","0","0"
"POINT (11.546558687000072 48.149853333000067)","Unfall 172432 (2020) Kat:3, Licht: 2","172432","3","7","0","09","23","7","0","2","1","0","0","0"
"POINT (11.540013640000041 48.107287753000037)","Unfall 172433 (2020) Kat:3, Licht: 0","172433","3","6","2","09","17","2","0","0","0","1","0","0"
"POINT (11.577376444000038 48.152543779000041)","Unfall 172436 (2020) Kat:3, Licht: 2","172436","3","3","5","09","00","1","0","2","0","1","0","0"
"POINT (11.577778019000050 48.113466845000062)","Unfall 172438 (2020) Kat:3, Licht: 0","172438","3","1","0","09","18","6","0","0","1","0","0","0"
"POINT (11.558580352000035 48.148786461000043)","Unfall 172443 (2020) Kat:3, Licht: 0","172443","3","2","5","09","09","2","0","0","1","1","0","0"
"POINT (11.586079069000050 48.131785143000059)","Unfall 172445 (2020) Kat:3, Licht: 2","172445","3","1","0","09","20","7","0","2","0","0","0","0"
"POINT (11.559263064000049 48.129928292000045)","Unfall 172447 (2020) Kat:2, Licht: 0","172447","2","7","2","09","10","2","0","0","0","1","0","1"
"POINT (11.543013840000071 48.122187443000030)","Unfall 172449 (2020) Kat:2, Licht: 0","172449","2","4","6","09","17","6","0","0","0","1","1","0"
"POINT (11.573444663000032 48.171456703000047)","Unfall 172451 (2020) Kat:3, Licht: 0","172451","3","1","0","09","16","6","0","0","1","0","0","0"
"POINT (11.572063446000072 48.158125894000079)","Unfall 172453 (2020) Kat:3, Licht: 0","172453","3","6","2","09","09","6","0","0","0","1","0","0"
"POINT (11.577858193000054 48.134993803000043)","Unfall 172460 (2020) Kat:3, Licht: 0","172460","3","4","6","09","14","6","0","0","0","1","1","0"
"POINT (11.610193899000024 48.134756163000077)","Unfall 172474 (2020) Kat:3, Licht: 0","172474","3","7","0","09","17","7","0","0","0","0","0","0"
"POINT (11.574530306000042 48.118430759000034)","Unfall 172481 (2020) Kat:2, Licht: 1","172481","2","7","3","09","18","1","0","1","0","1","0","1"
"POINT (11.617718236000030 48.153554138000061)","Unfall 172488 (2020) Kat:3, Licht: 0","172488","3","2","3","09","08","2","0","0","0","1","0","0"
"POINT (11.539216310000029 48.081546263000064)","Unfall 172493 (2020) Kat:3, Licht: 0","172493","3","7","0","09","13","1","0","0","1","0","0","0"
"POINT (11.600390405000041 48.127906265000036)","Unfall 172499 (2020) Kat:3, Licht: 0","172499","3","7","4","09","08","2","0","0","1","1","0","0"
"POINT (11.547362455000041 48.159420396000030)","Unfall 172518 (2020) Kat:3, Licht: 0","172518","3","2","5","09","17","7","0","0","0","1","0","1"
"POINT (11.596406592000051 48.205795421000062)","Unfall 172527 (2020) Kat:3, Licht: 0","172527","3","3","5","09","18","7","0","0","0","1","0","0"
"POINT (11.461744086000067 48.140372615000047)","Unfall 172532 (2020) Kat:3, Licht: 0","172532","3","3","5","09","17","1","0","0","1","1","0","0"
"POINT (11.619582235000053 48.123185869000054)","Unfall 172537 (2020) Kat:3, Licht: 2","172537","3","1","0","09","21","7","0","2","0","0","0","0"
"POINT (11.630630725000060 48.118947446000050)","Unfall 172538 (2020) Kat:3, Licht: 2","172538","3","2","3","09","21","2","0","2","1","0","0","0"
"POINT (11.645465841000032 48.099676846000079)","Unfall 172543 (2020) Kat:3, Licht: 0","172543","3","7","0","09","15","2","0","0","0","0","0","1"
"POINT (11.595241770000030 48.150764028000026)","Unfall 172545 (2020) Kat:3, Licht: 0","172545","3","6","3","09","15","1","0","0","1","0","0","0"
"POINT (11.422962547000054 48.154312615000038)","Unfall 172551 (2020) Kat:3, Licht: 0","172551","3","6","5","09","14","2","0","0","0","1","0","0"
"POINT (11.533707090000064 48.114515253000036)","Unfall 172566 (2020) Kat:3, Licht: 2","172566","3","6","2","09","20","7","0","2","0","1","0","1"
"POINT (11.571579700000029 48.204984792000062)","Unfall 172578 (2020) Kat:3, Licht: 0","172578","3","2","4","09","11","7","0","0","1","1","0","0"
"POINT (11.529442065000069 48.152174069000068)","Unfall 172581 (2020) Kat:3, Licht: 0","172581","3","2","5","09","16","1","0","0","1","1","0","0"
"POINT (11.526761928000042 48.168816414000048)","Unfall 172582 (2020) Kat:3, Licht: 0","172582","3","2","5","09","09","1","0","0","0","1","0","1"
"POINT (11.525745525000048 48.134796628000061)","Unfall 172587 (2020) Kat:3, Licht: 0","172587","3","7","1","09","16","7","0","0","0","1","0","1"
"POINT (11.566871029000026 48.137910988000044)","Unfall 172598 (2020) Kat:3, Licht: 0","172598","3","2","3","09","15","5","0","0","1","0","0","0"
"POINT (11.497245701000054 48.193024379000065)","Unfall 172604 (2020) Kat:3, Licht: 0","172604","3","2","2","09","18","5","0","0","1","1","0","0"
"POINT (11.507013071000074 48.139664090000053)","Unfall 172606 (2020) Kat:3, Licht: 1","172606","3","2","3","09","20","5","0","1","0","1","0","0"
"POINT (11.605245837000041 48.104537625000034)","Unfall 172608 (2020) Kat:3, Licht: 2","172608","3","2","5","09","06","5","0","2","0","1","0","1"
"POINT (11.591356868000048 48.187990441000068)","Unfall 172616 (2020) Kat:3, Licht: 0","172616","3","6","2","09","16","4","0","0","0","1","0","0"
"POINT (11.609638231000076 48.129055010000059)","Unfall 172617 (2020) Kat:3, Licht: 0","172617","3","2","5","09","17","5","0","0","0","1","0","1"
"POINT (11.474686893000069 48.142337237000049)","Unfall 172618 (2020) Kat:3, Licht: 0","172618","3","3","5","09","16","4","0","0","1","0","0","0"
"POINT (11.575908207000055 48.128116685000066)","Unfall 172619 (2020) Kat:3, Licht: 0","172619","3","6","1","09","10","5","0","0","0","1","0","0"
"POINT (11.547146026000064 48.139195065000081)","Unfall 172620 (2020) Kat:3, Licht: 0","172620","3","1","8","09","13","4","0","0","0","0","0","1"
"POINT (11.574149621000061 48.152554270000053)","Unfall 172622 (2020) Kat:3, Licht: 0","172622","3","3","5","09","15","4","0","0","0","1","0","0"
"POINT (11.496727766000049 48.142797628000039)","Unfall 172624 (2020) Kat:3, Licht: 1","172624","3","1","0","09","07","4","1","1","1","0","0","0"
"POINT (11.580300096000030 48.139359213000034)","Unfall 172625 (2020) Kat:3, Licht: 0","172625","3","3","5","09","13","5","0","0","1","1","0","0"
"POINT (11.605862156000057 48.192067805000079)","Unfall 172627 (2020) Kat:3, Licht: 0","172627","3","7","0","09","13","4","1","0","1","0","0","0"
"POINT (11.599007751000045 48.121323473000075)","Unfall 172630 (2020) Kat:3, Licht: 0","172630","3","3","5","09","13","4","0","0","0","1","0","1"
"POINT (11.576235652000037 48.133051750000050)","Unfall 172632 (2020) Kat:3, Licht: 0","172632","3","2","6","09","14","4","0","0","0","0","1","0"
"POINT (11.491566345000024 48.137999664000063)","Unfall 172688 (2020) Kat:3, Licht: 0","172688","3","7","0","09","17","5","0","0","0","1","0","1"
"POINT (11.508230936000075 48.180844521000040)","Unfall 172697 (2020) Kat:3, Licht: 0","172697","3","2","6","09","14","5","0","0","0","0","1","0"
"POINT (11.506674498000052 48.078544920000070)","Unfall 172719 (2020) Kat:3, Licht: 2","172719","3","6","4","09","19","3","1","2","1","0","0","0"
"POINT (11.503702083000064 48.079183515000068)","Unfall 172720 (2020) Kat:3, Licht: 0","172720","3","2","6","09","10","3","0","0","0","1","1","0"
"POINT (11.555844188000037 48.142116001000034)","Unfall 172722 (2020) Kat:3, Licht: 2","172722","3","2","6","09","20","3","1","2","0","1","1","0"
"POINT (11.459975001000032 48.147378064000065)","Unfall 172724 (2020) Kat:3, Licht: 0","172724","3","1","0","09","10","3","0","0","1","0","0","0"
"POINT (11.502184471000021 48.139706827000055)","Unfall 172725 (2020) Kat:3, Licht: 0","172725","3","7","0","09","15","3","0","0","1","0","0","0"
"POINT (11.507768817000056 48.094443424000076)","Unfall 172727 (2020) Kat:2, Licht: 0","172727","2","2","4","09","10","3","0","0","1","1","0","0"
"POINT (11.599007751000045 48.121323473000075)","Unfall 172729 (2020) Kat:3, Licht: 0","172729","3","7","5","09","09","3","0","0","1","1","0","0"
"POINT (11.571856329000070 48.210043383000027)","Unfall 172731 (2020) Kat:3, Licht: 0","172731","3","6","2","09","17","5","0","0","0","0","0","1"
"POINT (11.661713558000031 48.115069099000038)","Unfall 172732 (2020) Kat:3, Licht: 0","172732","3","3","5","09","07","3","0","0","1","1","0","0"
"POINT (11.426634728000067 48.143231510000078)","Unfall 172736 (2020) Kat:3, Licht: 0","172736","3","3","5","09","17","3","0","0","1","1","0","0"
"POINT (11.571587407000038 48.116434155000036)","Unfall 172737 (2020) Kat:2, Licht: 0","172737","2","1","0","09","18","3","0","0","1","0","0","0"
"POINT (11.597297206000064 48.126547991000052)","Unfall 172738 (2020) Kat:3, Licht: 0","172738","3","6","2","09","12","3","0","0","0","1","0","0"
"POINT (11.534771288000059 48.139936248000026)","Unfall 172739 (2020) Kat:3, Licht: 0","172739","3","6","3","09","11","3","0","0","0","0","0","0"
"POINT (11.592282743000055 48.177770540000040)","Unfall 172741 (2020) Kat:3, Licht: 0","172741","3","2","5","09","10","5","1","0","0","1","0","1"
"POINT (11.566638464000050 48.161047195000037)","Unfall 172753 (2020) Kat:2, Licht: 1","172753","2","2","4","09","18","5","0","1","1","1","0","0"