WKT,Name,OBJECTID,UKATEGORIE,UTYP1,UART,UMONAT,USTUNDE,UWOCHENTAG,STRZUSTAND,ULICHTVERH,ISTRAD,ISTPKW,ISTFUSS,ISTKRAD
"POINT (11.515125276000049 48.182931342000074)","Unfall 172793 (2020) Kat:3, Licht: 0","172793","3","1","1","09","07","5","1","0","1","1","0","0"
"POINT (11.531582196000045 48.182145248000040)","Unfall 172798 (2020) Kat:3, Licht: 0","172798","3","3","5","09","18","5","1","0","1","1","0","0"
"POINT (11.565473873000030 48.210246606000055)","Unfall 172806 (2020) Kat:3, Licht: 0","172806","3","3","5","09","15","5","0","0","1","1","0","0"
"POINT (11.517988272000025 48.181900502000076)","Unfall 172843 (2020) Kat:3, Licht: 0","172843","3","7","1","09","08","5","1","0","0","1","0","0"
"POINT (11.462575624000067 48.150457167000070)","Unfall 172856 (2020) Kat:2, Licht: 0","172856","2","1","0","09","13","2","1","0","1","0","0","0"
"POINT (11.511413723000032 48.158701365000070)","Unfall 172857 (2020) Kat:3, Licht: 0","172857","3","2","4","09","16","1","0","0","1","1","0","0"
"POINT (11.605718777000050 48.103287451000028)","Unfall 172858 (2020) Kat:3, Licht: 0","172858","3","2","5","09","07","4","0","0","0","1","0","1"
"POINT (11.551602707000029 48.186099949000038)","Unfall 172861 (2020) Kat:3, Licht: 0","172861","3","3","5","09","17","3","0","0","0","1","0","0"
"POINT (11.553290271000037 48.137495777000026)","Unfall 172866 (2020) Kat:3, Licht: 0","172866","3","4","6","09","09","2","1","0","0","0","1","1"
"POINT (11.562728962000051 48.158697282000048)","Unfall 172872 (2020) Kat:3, Licht: 0","172872","3","5","1","09","07","3","0","0","1","0","0","0"
"POINT (11.578933375000076 48.145204569000043)","Unfall 172877 (2020) Kat:3, Licht: 0","172877","3","2","3","09","13","4","0","0","1","1","0","0"
"POINT (11.479326020000030 48.125227775000042)","Unfall 172882 (2020) Kat:3, Licht: 0","172882","3","7","6","09","11","1","0","0","0","1","1","0"
"POINT (11.561488845000042 48.146882678000054)","Unfall 172893 (2020) Kat:3, Licht: 2","172893","3","2","4","09","19","3","0","2","1","1","0","0"
"POINT (11.503253343000040 48.144047271000034)","Unfall 172896 (2020) Kat:3, Licht: 0","172896","3","7","6","09","15","2","0","0","1","0","1","0"
"POINT (11.560188429000050 48.147238409000067)","Unfall 172901 (2020) Kat:3, Licht: 0","172901","3","1","0","09","09","3","1","0","1","0","0","0"
"POINT (11.528263981000066 48.130405582000037)","Unfall 172904 (2020) Kat:3, Licht: 0","172904","3","3","5","09","11","3","1","0","0","1","0","0"
"POINT (11.586745464000046 48.187870905000068)","Unfall 172907 (2020) Kat:3, Licht: 1","172907","3","2","5","09","17","2","1","1","1","0","0","0"
"POINT (11.567327770000077 48.140594859000032)","Unfall 172908 (2020) Kat:3, Licht: 0","172908","3","6","2","09","15","1","0","0","0","1","0","0"
"POINT (11.528140541000027 48.099797674000058)","Unfall 172909 (2020) Kat:3, Licht: 0","172909","3","3","5","09","10","4","0","0","1","1","0","0"
"POINT (11.608134549000056 48.127884740000070)","Unfall 172912 (2020) Kat:3, Licht: 2","172912","3","3","5","09","23","3","0","2","1","1","0","0"
"POINT (11.533181220000074 48.129277780000052)","Unfall 172913 (2020) Kat:3, Licht: 0","172913","3","6","2","09","10","7","1","0","0","1","0","0"
"POINT (11.611365701000068 48.138424462000046)","Unfall 172914 (2020) Kat:3, Licht: 0","172914","3","6","2","09","09","7","1","0","0","1","0","0"
"POINT (11.590302730000076 48.191779227000040)","Unfall 172916 (2020) Kat:3, Licht: 0","172916","3","3","5","09","11","7","1","0","1","1","0","0"
"POINT (11.516419562000067 48.078911664000032)","Unfall 172918 (2020) Kat:3, Licht: 0","172918","3","3","5","09","15","7","1","0","1","1","0","0"
"POINT (11.525892885000076 48.116321373000062)","Unfall 172920 (2020) Kat:3, Licht: 0","172920","3","7","0","09","12","7","1","0","0","0","0","1"
"POINT (11.609121882000068 48.136313595000047)","Unfall 172921 (2020) Kat:3, Licht: 0","172921","3","2","0","09","08","2","1","0","0","1","0","1"
"POINT (11.586440344000039 48.106912409000074)","Unfall 172922 (2020) Kat:3, Licht: 0","172922","3","4","6","09","07","4","0","0","0","1","1","0"
"POINT (11.541835456000058 48.121885495000072)","Unfall 172932 (2020) Kat:3, Licht: 0","172932","3","7","3","09","13","4","0","0","1","1","0","0"
"POINT (11.559967405000066 48.125658893000036)","Unfall 172942 (2020) Kat:3, Licht: 0","172942","3","4","6","09","11","3","1","0","0","1","1","0"
"POINT (11.586408263000067 48.161893212000052)","Unfall 172945 (2020) Kat:3, Licht: 0","172945","3","1","0","09","13","2","1","0","0","0","0","1"
"POINT (11.561488845000042 48.146882678000054)","Unfall 172949 (2020) Kat:2, Licht: 0","172949","2","1","1","09","13","2","1","0","1","1","0","0"
"POINT (11.573424313000032 48.133895206000034)","Unfall 172954 (2020) Kat:3, Licht: 0","172954","3","3","3","09","12","3","1","0","1","1","0","0"
"POINT (11.463002038000070 48.147259558000030)","Unfall 172958 (2020) Kat:3, Licht: 0","172958","3","7","6","09","10","2","1","0","0","1","1","0"
"POINT (11.577136209000059 48.138507960000027)","Unfall 172960 (2020) Kat:3, Licht: 2","172960","3","1","7","09","01","4","0","2","0","0","0","1"
"POINT (11.546518514000070 48.134548733000031)","Unfall 172964 (2020) Kat:3, Licht: 0","172964","3","7","6","09","12","3","0","0","0","1","1","0"
"POINT (11.526627809000047 48.168838491000031)","Unfall 172965 (2020) Kat:3, Licht: 0","172965","3","1","0","09","17","4","0","0","0","0","0","0"
"POINT (11.556027909000022 48.128418966000027)","Unfall 172969 (2020) Kat:3, Licht: 0","172969","3","7","6","09","08","3","1","0","1","0","1","0"
"POINT (11.530862327000023 48.131131388000028)","Unfall 172974 (2020) Kat:3, Licht: 0","172974","3","7","0","09","11","2","1","0","0","0","0","1"
"POINT (11.555070269000055 48.148166755000034)","Unfall 172975 (2020) Kat:3, Licht: 0","172975","3","4","6","09","08","4","0","0","0","1","1","0"
"POINT (11.558420027000068 48.129480063000074)","Unfall 172987 (2020) Kat:3, Licht: 0","172987","3","7","5","09","17","4","0","0","1","1","0","0"
"POINT (11.466344857000024 48.164771291000079)","Unfall 172999 (2020) Kat:3, Licht: 0","172999","3","6","2","09","12","3","0","0","0","1","0","0"
"POINT (11.631848394000031 48.121700784000041)","Unfall 173004 (2020) Kat:3, Licht: 0","173004","3","6","4","09","15","3","1","0","0","1","0","0"
"POINT (11.516622932000075 48.083179449000056)","Unfall 173007 (2020) Kat:3, Licht: 0","173007","3","6","5","09","07","2","1","0","1","0","0","0"
"POINT (11.607307979000041 48.127333472000032)","Unfall 173013 (2020) Kat:3, Licht: 0","173013","3","1","0","09","12","3","1","0","0","0","0","0"
"POINT (11.580483818000062 48.148994888000061)","Unfall 173018 (2020) Kat:3, Licht: 0","173018","3","2","5","09","15","2","1","0","1","1","0","0"
"POINT (11.502268830000048 48.111965615000031)","Unfall 173020 (2020) Kat:3, Licht: 0","173020","3","2","5","09","17","4","0","0","1","1","0","0"
"POINT (11.619847658000026 48.118088912000076)","Unfall 173023 (2020) Kat:3, Licht: 0","173023","3","3","5","09","08","3","1","0","0","1","0","0"
"POINT (11.571880731000022 48.144000145000064)","Unfall 173028 (2020) Kat:3, Licht: 0","173028","3","3","5","09","12","2","1","0","1","0","0","0"
"POINT (11.639826886000037 48.145521618000032)","Unfall 173029 (2020) Kat:3, Licht: 0","173029","3","2","4","09","08","4","0","0","1","1","0","0"
"POINT (11.598801579000053 48.133239744000036)","Unfall 173034 (2020) Kat:3, Licht: 0","173034","3","7","0","09","15","2","0","0","0","0","0","0"
"POINT (11.612929471000029 48.120792593000033)","Unfall 173035 (2020) Kat:3, Licht: 0","173035","3","2","5","09","15","4","0","0","1","1","0","0"
"POINT (11.580993801000034 48.144776848000049)","Unfall 173038 (2020) Kat:3, Licht: 0","173038","3","6","2","09","17","3","0","0","0","1","0","0"
"POINT (11.579716054000073 48.156585805000077)","Unfall 173043 (2020) Kat:3, Licht: 0","173043","3","7","0","09","16","4","0","0","1","0","1","0"
"POINT (11.567333542000029 48.130791709000050)","Unfall 173055 (2020) Kat:3, Licht: 0","173055","3","4","6","09","11","3","0","0","1","0","1","0"
"POINT (11.578781842000069 48.133391000000074)","Unfall 173058 (2020) Kat:3, Licht: 2","173058","3","7","0","09","03","6","1","2","1","0","0","0"
"POINT (11.575415652000061 48.119594166000070)","Unfall 173059 (2020) Kat:3, Licht: 0","173059","3","2","3","09","16","2","1","0","1","1","0","0"
"POINT (11.572914080000032 48.150475292000067)","Unfall 173064 (2020) Kat:3, Licht: 0","173064","3","1","1","09","13","2","1","0","1","1","0","0"
"POINT (11.627831433000040 48.153592469000046)","Unfall 173069 (2020) Kat:3, Licht: 0","173069","3","5","2","09","13","3","1","0","0","1","0","0"
"POINT (11.518870037000056 48.131454334000068)","Unfall 173071 (2020) Kat:3, Licht: 0","173071","3","2","5","09","10","6","1","0","0","1","0","0"
"POINT (11.566304964000039 48.187153348000038)","Unfall 173072 (2020) Kat:3, Licht: 2","173072","3","2","5","09","22","2","1","2","1","1","0","0"
"POINT (11.616465959000038 48.148841620000042)","Unfall 173074 (2020) Kat:3, Licht: 0","173074","3","2","4","09","06","4","0","0","1","1","0","0"
"POINT (11.546416075000025 48.112022827000033)","Unfall 173077 (2020) Kat:3, Licht: 0","173077","3","3","5","09","11","3","1","0","0","1","0","0"
"POINT (11.597032679000051 48.137884044000032)","Unfall 173078 (2020) Kat:3, Licht: 2","173078","3","7","0","09","19","6","1","2","1","0","0","0"
"POINT (11.588137872000061 48.137685829000077)","Unfall 173080 (2020) Kat:3, Licht: 2","173080","3","2","3","09","19","3","0","2","1","1","0","0"
"POINT (11.561214394000046 48.146462417000066)","Unfall 173081 (2020) Kat:3, Licht: 0","173081","3","6","1","09","14","6","1","0","1","1","0","0"
"POINT (11.403928453000049 48.140033062000043)","Unfall 173082 (2020) Kat:3, Licht: 0","173082","3","3","5","09","17","6","1","0","0","1","0","0"
"POINT (11.466809123000075 48.155094236000082)","Unfall 173084 (2020) Kat:3, Licht: 0","173084","3","2","5","09","07","6","1","0","1","1","0","0"
"POINT (11.543708412000058 48.118360765000034)","Unfall 173085 (2020) Kat:3, Licht: 0","173085","3","7","0","09","16","2","1","0","1","0","0","0"
"POINT (11.505139853000060 48.147012448000055)","Unfall 173086 (2020) Kat:3, Licht: 0","173086","3","5","0","09","07","4","0","0","1","1","0","0"
"POINT (11.575052882000023 48.160329306000051)","Unfall 173090 (2020) Kat:3, Licht: 1","173090","3","3","0","09","18","6","0","1","0","1","0","0"
"POINT (11.561066717000074 48.137897307000060)","Unfall 173097 (2020) Kat:3, Licht: 0","173097","3","5","0","09","18","4","0","0","1","1","0","0"
"POINT (11.502986217000057 48.125589336000075)","Unfall 173101 (2020) Kat:3, Licht: 0","173101","3","3","5","09","11","6","1","0","0","1","0","0"
"POINT (11.575114011000039 48.119575182000062)","Unfall 173105 (2020) Kat:3, Licht: 0","173105","3","7","3","09","07","6","1","0","0","1","0","1"
"POINT (11.605076904000043 48.130405104000033)","Unfall 173107 (2020) Kat:2, Licht: 0","173107","2","3","5","09","12","3","0","0","0","1","0","1"
"POINT (11.559506210000052 48.147422804000030)","Unfall 173109 (2020) Kat:3, Licht: 0","173109","3","7","0","09","09","3","1","0","1","0","0","0"
"POINT (11.553480706000073 48.112133492000055)","Unfall 173111 (2020) Kat:3, Licht: 1","173111","3","2","3","09","16","6","1","1","1","0","0","0"
"POINT (11.556386386000042 48.214520356000037)","Unfall 173112 (2020) Kat:3, Licht: 0","173112","3","7","6","09","17","2","0","0","0","1","1","0"
"POINT (11.587231574000043 48.156849749000060)","Unfall 173116 (2020) Kat:3, Licht: 1","173116","3","7","0","09","19","1","0","1","1","1","0","0"
"POINT (11.548384016000057 48.197460944000056)","Unfall 173118 (2020) Kat:3, Licht: 0","173118","3","3","5","09","10","3","1","0","0","1","0","0"
"POINT (11.605049463000057 48.133113617000049)","Unfall 173119 (2020) Kat:3, Licht: 2","173119","3","3","5","09","01","1","0","2","0","1","0","0"
"POINT (11.519543865000060 48.113433288000067)","Unfall 173121 (2020) Kat:3, Licht: 0","173121","3","3","5","09","17","6","1","0","0","1","0","0"
"POINT (11.511796067000034 48.180872286000067)","Unfall 173122 (2020) Kat:3, Licht: 0","173122","3","6","0","09","11","2","1","0","0","1","0","1"
"POINT (11.563979880000034 48.192688310000051)","Unfall 173123 (2020) Kat:2, Licht: 0","173123","2","3","5","09","07","4","0","0","1","1","0","0"
"POINT (11.568256494000025 48.122443110000063)","Unfall 173125 (2020) Kat:3, Licht: 2","173125","3","6","2","10","20","2","0","2","0","1","0","1"
"POINT (11.596756717000062 48.102681885000038)","Unfall 173126 (2020) Kat:3, Licht: 0","173126","3","2","5","10","12","1","0","0","1","1","0","0"
"POINT (11.574058553000043 48.166992508000078)","Unfall 173132 (2020) Kat:3, Licht: 2","173132","3","6","2","10","19","1","0","2","0","1","0","0"
"POINT (11.569191220000050 48.155736088000026)","Unfall 173133 (2020) Kat:3, Licht: 2","173133","3","7","1","10","03","1","0","2","1","1","0","0"
"POINT (11.577331774000072 48.138877517000026)","Unfall 173165 (2020) Kat:2, Licht: 2","173165","2","4","6","10","19","6","0","2","0","0","1","0"
"POINT (11.589120417000061 48.137251592000041)","Unfall 173167 (2020) Kat:3, Licht: 2","173167","3","2","3","10","22","6","0","2","1","1","0","0"
"POINT (11.546099702000049 48.186242980000031)","Unfall 173168 (2020) Kat:3, Licht: 2","173168","3","3","5","10","05","6","0","2","0","1","0","0"
"POINT (11.670192678000035 48.121835264000026)","Unfall 173169 (2020) Kat:3, Licht: 0","173169","3","7","0","10","12","6","0","0","0","1","1","0"
"POINT (11.567365882000047 48.123136160000058)","Unfall 173171 (2020) Kat:3, Licht: 0","173171","3","3","0","10","16","6","0","0","0","1","0","0"
"POINT (11.507940549000068 48.164945857000077)","Unfall 173172 (2020) Kat:3, Licht: 0","173172","3","3","5","10","17","6","0","0","1","1","0","0"
"POINT (11.603596790000040 48.135623581000061)","Unfall 173173 (2020) Kat:3, Licht: 0","173173","3","3","5","10","14","6","0","0","1","1","0","0"
"POINT (11.639162176000070 48.125083095000036)","Unfall 173174 (2020) Kat:3, Licht: 0","173174","3","1","1","10","17","2","0","0","1","1","0","0"
"POINT (11.474914882000064 48.128009385000041)","Unfall 173176 (2020) Kat:3, Licht: 0","173176","3","6","3","10","14","6","0","0","0","1","0","0"
"POINT (11.643750230000023 48.109083580000060)","Unfall 173178 (2020) Kat:3, Licht: 0","173178","3","4","6","10","07","6","0","0","0","1","1","0"
"POINT (11.551147930000070 48.185985605000042)","Unfall 173179 (2020) Kat:3, Licht: 1","173179","3","7","1","10","06","6","0","1","0","1","0","1"
"POINT (11.528543240000033 48.173122096000043)","Unfall 173180 (2020) Kat:3, Licht: 2","173180","3","3","5","10","18","6","0","2","1","1","0","0"
"POINT (11.511364132000040 48.180964522000068)","Unfall 173183 (2020) Kat:3, Licht: 0","173183","3","2","5","10","09","6","0","0","1","1","0","0"
"POINT (11.536070941000048 48.125954576000026)","Unfall 173186 (2020) Kat:3, Licht: 0","173186","3","2","3","10","17","6","0","0","1","1","0","0"
"POINT (11.589472477000072 48.124406814000054)","Unfall 173212 (2020) Kat:3, Licht: 0","173212","3","6","2","10","13","2","0","0","0","1","0","0"
"POINT (11.616470792000030 48.148841342000026)","Unfall 173226 (2020) Kat:3, Licht: 0","173226","3","1","0","10","08","2","1","0","1","0","0","0"
"POINT (11.586567369000022 48.198282718000030)","Unfall 173229 (2020) Kat:3, Licht: 0","173229","3","7","0","10","14","1","0","0","0","1","0","0"
"POINT (11.653855663000058 48.094084885000029)","Unfall 173261 (2020) Kat:3, Licht: 2","173261","3","2","5","10","23","1","0","2","0","1","0","0"
"POINT (11.576853876000030 48.112712780000038)","Unfall 173275 (2020) Kat:3, Licht: 0","173275","3","2","5","10","10","1","0","0","1","1","0","0"
"POINT (11.628362706000075 48.147727943000064)","Unfall 173283 (2020) Kat:3, Licht: 0","173283","3","2","2","10","13","2","0","0","0","1","0","1"
"POINT (11.517158504000065 48.134991528000057)","Unfall 173286 (2020) Kat:2, Licht: 0","173286","2","3","5","10","13","1","0","0","1","1","0","0"
"POINT (11.542936806000057 48.211156729000038)","Unfall 173292 (2020) Kat:3, Licht: 0","173292","3","6","6","10","17","5","0","0","1","0","1","0"
"POINT (11.535062055000026 48.121836111000050)","Unfall 173294 (2020) Kat:3, Licht: 2","173294","3","7","0","10","00","7","1","2","1","0","0","0"
"POINT (11.578005660000031 48.143561279000039)","Unfall 173295 (2020) Kat:3, Licht: 0","173295","3","4","6","10","17","5","0","0","0","0","1","0"
"POINT (11.552945792000060 48.111435199000027)","Unfall 173296 (2020) Kat:3, Licht: 2","173296","3","3","5","10","19","5","0","2","1","1","0","0"
"POINT (11.523527449000028 48.136423000000036)","Unfall 173298 (2020) Kat:3, Licht: 0","173298","3","7","0","10","12","5","0","0","0","0","0","0"
"POINT (11.548656488000063 48.112166386000069)","Unfall 173300 (2020) Kat:3, Licht: 2","173300","3","2","5","10","22","7","1","2","0","1","0","0"
"POINT (11.526032138000062 48.131986219000055)","Unfall 173301 (2020) Kat:3, Licht: 0","173301","3","3","5","10","16","5","0","0","1","1","0","0"
"POINT (11.448872897000058 48.150555485000041)","Unfall 173302 (2020) Kat:3, Licht: 0","173302","3","7","0","10","08","5","1","0","1","0","0","0"
"POINT (11.588989545000061 48.098155373000054)","Unfall 173303 (2020) Kat:3, Licht: 0","173303","3","3","1","10","07","5","0","0","1","1","0","0"
"POINT (11.602216179000038 48.168986806000078)","Unfall 173304 (2020) Kat:3, Licht: 0","173304","3","3","5","10","15","5","0","0","1","1","0","0"
"POINT (11.471930163000025 48.144489676000035)","Unfall 173305 (2020) Kat:3, Licht: 0","173305","3","3","5","10","13","7","0","0","0","1","0","0"
"POINT (11.615816972000061 48.198898140000040)","Unfall 173306 (2020) Kat:3, Licht: 2","173306","3","2","4","10","19","5","0","2","0","1","0","0"
"POINT (11.517643877000069 48.166634319000082)","Unfall 173308 (2020) Kat:3, Licht: 0","173308","3","5","1","10","12","7","0","0","1","1","0","0"
"POINT (11.561535683000045 48.160069385000043)","Unfall 173310 (2020) Kat:3, Licht: 2","173310","3","3","5","10","21","5","0","2","1","0","0","0"
"POINT (11.556806808000033 48.149666232000072)","Unfall 173311 (2020) Kat:3, Licht: 2","173311","3","7","0","10","22","5","0","2","1","0","0","0"
"POINT (11.571041449000063 48.204968943000040)","Unfall 173312 (2020) Kat:3, Licht: 2","173312","3","1","1","10","02","7","0","2","1","1","0","0"
"POINT (11.548530348000043 48.114647457000046)","Unfall 173313 (2020) Kat:3, Licht: 1","173313","3","2","5","10","18","5","0","1","0","1","0","0"
"POINT (11.537238357000035 48.120190494000042)","Unfall 173314 (2020) Kat:3, Licht: 2","173314","3","1","0","10","02","7","0","2","1","0","0","0"
"POINT (11.533666802000027 48.114515059000041)","Unfall 173315 (2020) Kat:2, Licht: 0","173315","2","2","3","10","18","5","0","0","1","1","0","0"
"POINT (11.668216729000051 48.131864334000056)","Unfall 173318 (2020) Kat:3, Licht: 0","173318","3","1","1","10","07","7","0","0","0","1","0","0"
"POINT (11.502222397000025 48.105730853000068)","Unfall 173323 (2020) Kat:3, Licht: 0","173323","3","3","5","10","08","7","0","0","0","1","0","0"
"POINT (11.588478821000024 48.100404180000055)","Unfall 173325 (2020) Kat:3, Licht: 0","173325","3","6","2","10","12","1","0","0","0","1","0","1"
"POINT (11.587900388000037 48.131487557000071)","Unfall 173329 (2020) Kat:3, Licht: 2","173329","3","3","5","10","03","1","1","2","1","1","0","0"
"POINT (11.532533143000023 48.185267565000061)","Unfall 173335 (2020) Kat:3, Licht: 0","173335","3","6","3","10","10","2","0","0","0","1","0","1"
"POINT (11.581923277000044 48.101290115000040)","Unfall 173338 (2020) Kat:3, Licht: 0","173338","3","6","2","10","10","1","0","0","0","1","0","0"
"POINT (11.518845811000062 48.077062975000047)","Unfall 173342 (2020) Kat:3, Licht: 0","173342","3","7","0","10","17","7","1","0","1","0","0","0"
"POINT (11.596223553000073 48.123657461000050)","Unfall 173345 (2020) Kat:3, Licht: 0","173345","3","1","0","10","08","7","0","0","1","0","0","0"
"POINT (11.570576665000033 48.134413167000048)","Unfall 173346 (2020) Kat:3, Licht: 0","173346","3","5","3","10","14","7","0","0","1","1","0","0"
"POINT (11.562784186000044 48.122818313000039)","Unfall 173377 (2020) Kat:3, Licht: 0","173377","3","7","2","10","14","1","0","0","1","0","0","0"
"POINT (11.582607003000021 48.153344367000045)","Unfall 173385 (2020) Kat:3, Licht: 0","173385","3","6","9","10","17","2","0","0","1","0","0","0"
"POINT (11.582918791000054 48.107039735000058)","Unfall 173389 (2020) Kat:3, Licht: 0","173389","3","7","1","10","07","3","1","0","0","1","0","1"
"POINT (11.586304695000024 48.167323229000033)","Unfall 173391 (2020) Kat:3, Licht: 0","173391","3","5","1","10","16","3","1","0","1","1","0","0"
"POINT (11.572795257000053 48.150291530000061)","Unfall 173394 (2020) Kat:3, Licht: 2","173394","3","1","0","10","21","3","1","2","1","0","0","0"
"POINT (11.574329782000063 48.135370781000063)","Unfall 173396 (2020) Kat:3, Licht: 0","173396","3","7","0","10","11","3","0","0","0","0","0","0"
"POINT (11.628118966000045 48.092318787000067)","Unfall 173397 (2020) Kat:3, Licht: 0","173397","3","3","5","10","15","5","0","0","1","1","0","0"
"POINT (11.615614566000033 48.129936746000055)","Unfall 173417 (2020) Kat:3, Licht: 2","173417","3","6","4","10","19","5","0","2","1","0","0","0"
"POINT (11.557233429000064 48.143588606000037)","Unfall 173418 (2020) Kat:3, Licht: 0","173418","3","2","3","10","18","3","1","0","1","1","0","0"
"POINT (11.652563735000058 48.097718621000070)","Unfall 173422 (2020) Kat:3, Licht: 0","173422","3","7","6","10","16","5","0","0","1","0","1","0"
"POINT (11.601555498000039 48.129861686000027)","Unfall 173426 (2020) Kat:2, Licht: 0","173426","2","5","0","10","09","4","1","0","1","1","0","0"
"POINT (11.457681603000026 48.163753351000025)","Unfall 173431 (2020) Kat:2, Licht: 0","173431","2","7","0","10","16","3","1","0","1","0","0","0"
"POINT (11.529717262000077 48.157213005000074)","Unfall 173434 (2020) Kat:3, Licht: 0","173434","3","1","0","10","13","4","0","0","1","0","0","0"
"POINT (11.690507388000071 48.133600316000070)","Unfall 173436 (2020) Kat:3, Licht: 1","173436","3","6","2","10","19","4","1","1","0","1","0","0"
"POINT (11.531383480000045 48.176438710000070)","Unfall 173460 (2020) Kat:3, Licht: 0","173460","3","6","3","10","08","5","0","0","0","1","0","0"
"POINT (11.620478931000036 48.130294156000048)","Unfall 173471 (2020) Kat:3, Licht: 0","173471","3","3","5","10","16","5","0","0","1","1","0","0"
"POINT (11.590000208000049 48.201378749000071)","Unfall 173480 (2020) Kat:3, Licht: 2","173480","3","2","5","10","22","3","1","2","0","1","0","1"
"POINT (11.550937279000038 48.117669986000067)","Unfall 173483 (2020) Kat:3, Licht: 0","173483","3","3","6","10","16","5","0","0","1","0","1","0"
"POINT (11.584602198000027 48.134256573000073)","Unfall 173484 (2020) Kat:3, Licht: 0","173484","3","7","6","10","17","3","0","0","0","1","1","0"
"POINT (11.534142994000035 48.149809794000078)","Unfall 173487 (2020) Kat:3, Licht: 0","173487","3","3","0","10","10","4","1","0","1","1","0","0"
"POINT (11.551624149000077 48.137483658000065)","Unfall 173492 (2020) Kat:3, Licht: 0","173492","3","2","4","10","18","3","1","0","1","1","0","0"
"POINT (11.528667903000041 48.116565957000034)","Unfall 173512 (2020) Kat:3, Licht: 0","173512","3","3","5","10","08","5","1","0","0","1","0","0"
"POINT (11.410421992000067 48.145908449000046)","Unfall 173515 (2020) Kat:3, Licht: 0","173515","3","6","1","10","16","5","0","0","0","1","1","1"
"POINT (11.650294184000074 48.161960261000047)","Unfall 173524 (2020) Kat:3, Licht: 0","173524","3","3","5","10","16","5","0","0","0","1","0","0"
"POINT (11.590221560000032 48.156554597000081)","Unfall 173525 (2020) Kat:3, Licht: 0","173525","3","3","5","10","13","3","1","0","1","0","0","0"
"POINT (11.562362977000021 48.131331532000047)","Unfall 173529 (2020) Kat:3, Licht: 0","173529","3","2","5","10","07","4","1","0","1","1","0","0"
"POINT (11.503876969000032 48.094252493000056)","Unfall 173533 (2020) Kat:3, Licht: 2","173533","3","3","5","10","22","4","1","2","0","1","0","0"
"POINT (11.528953311000066 48.177657410000052)","Unfall 173538 (2020) Kat:3, Licht: 0","173538","3","3","5","10","13","3","0","0","1","1","0","0"
"POINT (11.541663653000057 48.207492518000038)","Unfall 173541 (2020) Kat:3, Licht: 0","173541","3","3","5","10","16","4","1","0","0","1","0","0"
"POINT (11.552047306000077 48.205894578000027)","Unfall 173548 (2020) Kat:3, Licht: 0","173548","3","2","4","10","18","3","1","0","0","1","0","1"
"POINT (11.557829395000056 48.117835496000055)","Unfall 173554 (2020) Kat:2, Licht: 2","173554","2","2","4","10","06","5","1","2","0","1","0","1"
"POINT (11.548631045000036 48.142591912000057)","Unfall 173567 (2020) Kat:3, Licht: 0","173567","3","3","6","10","09","5","0","0","0","0","1","1"
"POINT (11.604445245000022 48.128568093000069)","Unfall 173575 (2020) Kat:3, Licht: 0","173575","3","2","5","10","08","5","1","0","0","0","0","1"
"POINT (11.566869659000076 48.123617556000056)","Unfall 173579 (2020) Kat:3, Licht: 0","173579","3","6","3","10","08","5","1","0","0","1","0","1"
"POINT (11.570741281000039 48.156519114000048)","Unfall 173583 (2020) Kat:3, Licht: 2","173583","3","3","0","10","20","4","0","2","1","1","0","0"
"POINT (11.645636332000038 48.113673137000035)","Unfall 173589 (2020) Kat:2, Licht: 0","173589","2","5","7","10","13","3","0","0","1","0","0","0"
"POINT (11.538165641000035 48.165542274000074)","Unfall 173591 (2020) Kat:3, Licht: 2","173591","3","7","9","10","03","3","1","2","0","1","0","0"
"POINT (11.577339626000025 48.149859833000050)","Unfall 173594 (2020) Kat:3, Licht: 0","173594","3","6","3","10","12","4","0","0","1","0","0","0"
"POINT (11.494053298000040 48.190301770000076)","Unfall 173599 (2020) Kat:3, Licht: 2","173599","3","6","6","10","21","3","1","2","0","1","1","0"
"POINT (11.608113905000039 48.137702527000044)","Unfall 173605 (2020) Kat:3, Licht: 0","173605","3","2","5","10","16","5","0","0","1","1","0","0"
"POINT (11.588727301000063 48.139105250000057)","Unfall 173608 (2020) Kat:3, Licht: 0","173608","3","1","0","10","08","4","1","0","1","0","0","0"
"POINT (11.590148427000031 48.176846911000041)","Unfall 173609 (2020) Kat:3, Licht: 0","173609","3","3","5","10","16","2","0","0","0","1","0","0"
"POINT (11.635282537000023 48.103084707000050)","Unfall 173611 (2020) Kat:3, Licht: 0","173611","3","5","1","10","08","2","1","0","0","1","0","0"
"POINT (11.583851009000057 48.113669088000051)","Unfall 173617 (2020) Kat:2, Licht: 0","173617","2","5","2","10","17","2","0","0","0","1","0","1"
"POINT (11.577774770000076 48.157692912000073)","Unfall 173618 (2020) Kat:3, Licht: 0","173618","3","3","5","10","11","5","0","0","1","1","0","0"
"POINT (11.508160656000030 48.094383910000033)","Unfall 173619 (2020) Kat:3, Licht: 0","173619","3","3","1","10","15","2","0","0","0","1","0","0"
"POINT (11.607992046000049 48.200444378000043)","Unfall 173621 (2020) Kat:3, Licht: 1","173621","3","3","5","10","07","2","1","1","1","1","0","0"
"POINT (11.549010068000030 48.172808358000054)","Unfall 173627 (2020) Kat:3, Licht: 0","173627","3","6","0","10","13","2","0","0","1","0","0","0"
"POINT (11.580086775000041 48.097601297000040)","Unfall 173628 (2020) Kat:3, Licht: 0","173628","3","1","0","10","07","5","1","0","0","0","0","1"