WKT,Name,OBJECTID,UKATEGORIE,UTYP1,UART,UMONAT,USTUNDE,UWOCHENTAG,STRZUSTAND,ULICHTVERH,ISTRAD,ISTPKW,ISTFUSS,ISTKRAD
"POINT (11.543865531000051 48.122219275000077)","Unfall 173629 (2020) Kat:3, Licht: 0","173629","3","6","2","10","15","2","0","0","0","1","0","1"
"POINT (11.502985406000050 48.126143760000048)","Unfall 173632 (2020) Kat:3, Licht: 0","173632","3","3","0","10","14","4","1","0","1","0","0","0"
"POINT (11.619692239000074 48.124630373000059)","Unfall 173636 (2020) Kat:3, Licht: 0","173636","3","2","3","10","18","4","1","0","1","1","0","0"
"POINT (11.535097943000039 48.146132125000065)","Unfall 173639 (2020) Kat:2, Licht: 1","173639","2","4","6","10","18","2","0","1","0","1","1","0"
"POINT (11.526712136000071 48.095280240000079)","Unfall 173641 (2020) Kat:3, Licht: 1","173641","3","2","5","10","06","3","1","1","1","1","0","0"
"POINT (11.526766904000056 48.168762642000047)","Unfall 173644 (2020) Kat:3, Licht: 2","173644","3","2","5","10","19","4","0","2","1","1","0","0"
"POINT (11.579555979000077 48.108592924000050)","Unfall 173645 (2020) Kat:3, Licht: 1","173645","3","3","5","10","17","3","1","1","0","1","0","0"
"POINT (11.528711842000064 48.208834468000077)","Unfall 173647 (2020) Kat:3, Licht: 0","173647","3","3","5","10","13","2","0","0","1","1","0","0"
"POINT (11.589113863000023 48.137238006000075)","Unfall 173665 (2020) Kat:3, Licht: 0","173665","3","2","0","10","14","4","0","0","1","1","0","0"
"POINT (11.613944036000021 48.131341000000077)","Unfall 173669 (2020) Kat:3, Licht: 0","173669","3","7","2","10","16","4","0","0","0","1","0","0"
"POINT (11.561635238000065 48.155463258000054)","Unfall 173673 (2020) Kat:3, Licht: 1","173673","3","6","3","10","18","3","1","1","1","1","0","0"
"POINT (11.616621778000024 48.164212191000047)","Unfall 173674 (2020) Kat:3, Licht: 0","173674","3","7","0","10","11","3","1","0","0","1","0","1"
"POINT (11.594220550000045 48.129028393000056)","Unfall 173676 (2020) Kat:3, Licht: 0","173676","3","5","1","10","15","3","0","0","1","1","0","0"
"POINT (11.507034243000021 48.083723993000035)","Unfall 173677 (2020) Kat:3, Licht: 0","173677","3","3","5","10","08","3","1","0","0","1","0","0"
"POINT (11.581193192000057 48.116757245000031)","Unfall 173679 (2020) Kat:3, Licht: 0","173679","3","1","0","10","13","3","1","0","1","1","0","0"
"POINT (11.534197794000022 48.134962833000031)","Unfall 173682 (2020) Kat:3, Licht: 0","173682","3","2","3","10","11","3","0","0","0","1","0","0"
"POINT (11.567620868000063 48.176747410000075)","Unfall 173684 (2020) Kat:3, Licht: 2","173684","3","3","5","10","19","3","0","2","0","1","0","0"
"POINT (11.549323546000039 48.169944145000045)","Unfall 173686 (2020) Kat:3, Licht: 0","173686","3","7","0","10","08","3","1","0","1","0","0","0"
"POINT (11.557731410000031 48.150846765000040)","Unfall 173687 (2020) Kat:3, Licht: 2","173687","3","2","3","10","06","3","1","2","1","1","0","0"
"POINT (11.560593220000044 48.152152974000046)","Unfall 173690 (2020) Kat:2, Licht: 0","173690","2","6","2","10","15","3","1","0","0","1","0","1"
"POINT (11.579376554000021 48.146848626000065)","Unfall 173721 (2020) Kat:3, Licht: 0","173721","3","2","5","10","13","4","0","0","1","0","0","0"
"POINT (11.498091206000026 48.094996941000034)","Unfall 173751 (2020) Kat:3, Licht: 0","173751","3","2","4","10","09","4","1","0","0","1","0","0"
"POINT (11.578600207000022 48.110441132000062)","Unfall 173761 (2020) Kat:3, Licht: 0","173761","3","2","5","10","15","4","0","0","1","1","0","0"
"POINT (11.547998792000044 48.149659336000070)","Unfall 173767 (2020) Kat:3, Licht: 0","173767","3","2","1","10","12","2","0","0","1","1","0","0"
"POINT (11.555384096000068 48.148113831000046)","Unfall 173769 (2020) Kat:3, Licht: 0","173769","3","3","5","10","14","2","1","0","0","1","0","1"
"POINT (11.566923804000055 48.132874118000075)","Unfall 173770 (2020) Kat:2, Licht: 2","173770","2","4","6","10","04","2","0","2","0","1","1","0"
"POINT (11.556030702000044 48.142020434000074)","Unfall 173772 (2020) Kat:3, Licht: 2","173772","3","3","5","10","19","2","1","2","0","1","0","0"
"POINT (11.576990460000047 48.151878388000057)","Unfall 173773 (2020) Kat:3, Licht: 0","173773","3","4","6","10","13","2","1","0","1","0","1","0"
"POINT (11.463216360000047 48.156659341000079)","Unfall 173774 (2020) Kat:3, Licht: 0","173774","3","7","1","10","15","4","0","0","0","1","0","0"
"POINT (11.562651753000068 48.185043973000063)","Unfall 173776 (2020) Kat:3, Licht: 0","173776","3","5","1","10","10","2","0","0","0","1","0","1"
"POINT (11.585701616000051 48.172985788000062)","Unfall 173777 (2020) Kat:3, Licht: 0","173777","3","6","1","10","11","2","0","0","0","1","0","0"
"POINT (11.551728338000032 48.119479653000042)","Unfall 173778 (2020) Kat:3, Licht: 0","173778","3","2","5","10","08","4","1","0","1","1","0","0"
"POINT (11.539943778000065 48.155312069000047)","Unfall 173780 (2020) Kat:3, Licht: 0","173780","3","2","5","10","09","2","0","0","1","0","0","0"
"POINT (11.559284606000062 48.146143258000052)","Unfall 173782 (2020) Kat:3, Licht: 0","173782","3","7","5","10","15","2","1","0","0","1","0","0"
"POINT (11.558459595000045 48.088037742000040)","Unfall 173783 (2020) Kat:3, Licht: 0","173783","3","6","2","10","17","2","0","0","0","1","0","0"
"POINT (11.612524912000026 48.131447340000079)","Unfall 173784 (2020) Kat:3, Licht: 0","173784","3","1","0","10","12","4","1","0","0","0","0","1"
"POINT (11.594698481000023 48.170851814000059)","Unfall 173786 (2020) Kat:3, Licht: 2","173786","3","2","5","10","22","2","1","2","0","1","0","0"
"POINT (11.575055387000077 48.160616383000047)","Unfall 173787 (2020) Kat:3, Licht: 2","173787","3","5","1","10","19","2","1","2","1","0","0","0"
"POINT (11.591495176000024 48.141235050000034)","Unfall 173789 (2020) Kat:3, Licht: 0","173789","3","6","0","10","09","2","0","0","0","1","0","1"
"POINT (11.459291055000051 48.184823732000041)","Unfall 173791 (2020) Kat:3, Licht: 0","173791","3","6","4","10","14","6","0","0","1","0","0","0"
"POINT (11.486530531000028 48.179138410000064)","Unfall 173794 (2020) Kat:3, Licht: 0","173794","3","2","5","10","11","6","0","0","1","1","0","0"
"POINT (11.546079848000034 48.132061067000052)","Unfall 173800 (2020) Kat:3, Licht: 0","173800","3","3","5","10","07","6","0","0","0","1","0","1"
"POINT (11.563240899000050 48.124660977000076)","Unfall 173804 (2020) Kat:3, Licht: 1","173804","3","6","3","10","19","4","0","1","1","0","0","0"
"POINT (11.588994574000026 48.111979066000060)","Unfall 173812 (2020) Kat:3, Licht: 0","173812","3","6","3","10","17","6","0","0","1","0","0","0"
"POINT (11.599997578000057 48.140729011000076)","Unfall 173817 (2020) Kat:3, Licht: 0","173817","3","2","3","10","07","6","0","0","1","1","0","0"
"POINT (11.627558226000076 48.127860044000045)","Unfall 173820 (2020) Kat:3, Licht: 0","173820","3","6","5","10","16","6","0","0","1","1","0","0"
"POINT (11.489362230000040 48.140665362000050)","Unfall 173822 (2020) Kat:3, Licht: 0","173822","3","3","5","10","10","6","0","0","1","1","0","0"
"POINT (11.572582449000038 48.188690305000080)","Unfall 173827 (2020) Kat:3, Licht: 2","173827","3","3","3","10","18","6","0","2","0","1","0","0"
"POINT (11.584641379000061 48.138246298000070)","Unfall 173832 (2020) Kat:3, Licht: 0","173832","3","2","4","10","11","4","1","0","0","1","0","0"
"POINT (11.554703755000048 48.153410980000046)","Unfall 173833 (2020) Kat:3, Licht: 0","173833","3","7","2","10","13","6","0","0","1","0","0","0"
"POINT (11.502346833000047 48.116282714000079)","Unfall 173835 (2020) Kat:1, Licht: 0","173835","1","7","5","10","12","6","0","0","0","1","0","1"
"POINT (11.593424421000066 48.142056499000034)","Unfall 173841 (2020) Kat:3, Licht: 1","173841","3","7","5","10","06","6","0","1","1","1","0","0"
"POINT (11.606570908000037 48.186389620000057)","Unfall 173845 (2020) Kat:3, Licht: 0","173845","3","6","2","10","13","4","0","0","0","1","0","0"
"POINT (11.544733725000071 48.137848106000035)","Unfall 173846 (2020) Kat:3, Licht: 0","173846","3","6","4","10","15","6","0","0","1","1","0","0"
"POINT (11.569236620000027 48.187424567000051)","Unfall 173848 (2020) Kat:3, Licht: 0","173848","3","6","3","10","14","6","0","0","0","1","0","1"
"POINT (11.460097888000064 48.149015780000070)","Unfall 173855 (2020) Kat:3, Licht: 0","173855","3","4","6","10","12","6","0","0","0","1","1","0"
"POINT (11.482607178000023 48.141667281000025)","Unfall 173865 (2020) Kat:3, Licht: 0","173865","3","7","0","10","14","6","0","0","1","0","0","0"
"POINT (11.594584049000048 48.141827824000075)","Unfall 173871 (2020) Kat:3, Licht: 0","173871","3","2","6","10","14","4","0","0","0","1","1","0"
"POINT (11.558057046000044 48.150221186000067)","Unfall 173872 (2020) Kat:3, Licht: 0","173872","3","3","1","10","12","6","0","0","1","1","0","0"
"POINT (11.510233705000076 48.162229275000072)","Unfall 173875 (2020) Kat:3, Licht: 2","173875","3","6","2","10","19","6","0","2","0","1","0","0"
"POINT (11.502992734000031 48.138605029000075)","Unfall 173878 (2020) Kat:3, Licht: 1","173878","3","4","6","10","19","6","0","1","1","0","1","0"
"POINT (11.489444545000026 48.108091672000057)","Unfall 173880 (2020) Kat:3, Licht: 0","173880","3","7","4","10","08","6","0","0","0","1","0","1"
"POINT (11.540352670000061 48.161422576000064)","Unfall 173881 (2020) Kat:3, Licht: 1","173881","3","4","6","10","18","1","0","1","0","1","1","0"
"POINT (11.580173023000043 48.128527482000038)","Unfall 173882 (2020) Kat:3, Licht: 2","173882","3","6","4","10","21","1","1","2","1","0","0","0"
"POINT (11.509147794000057 48.133485281000048)","Unfall 173883 (2020) Kat:3, Licht: 0","173883","3","7","1","10","17","1","0","0","0","1","0","0"
"POINT (11.570555585000022 48.163929450000069)","Unfall 173884 (2020) Kat:3, Licht: 2","173884","3","3","4","10","20","1","1","2","1","1","0","0"
"POINT (11.483077764000029 48.119165189000057)","Unfall 173885 (2020) Kat:2, Licht: 0","173885","2","2","5","10","09","4","1","0","1","1","0","0"
"POINT (11.604095354000037 48.107758339000043)","Unfall 173886 (2020) Kat:2, Licht: 0","173886","2","4","6","10","13","6","0","0","1","0","1","0"
"POINT (11.651363770000046 48.109073719000037)","Unfall 173887 (2020) Kat:3, Licht: 0","173887","3","6","3","10","12","1","0","0","0","1","0","0"
"POINT (11.578451791000077 48.136113134000027)","Unfall 173888 (2020) Kat:3, Licht: 0","173888","3","1","1","10","09","6","0","0","1","1","0","0"
"POINT (11.508308257000067 48.098193083000069)","Unfall 173889 (2020) Kat:3, Licht: 2","173889","3","2","4","10","20","1","0","2","0","1","0","0"
"POINT (11.615100010000049 48.125682558000051)","Unfall 173891 (2020) Kat:3, Licht: 0","173891","3","4","6","10","14","1","0","0","0","1","1","0"
"POINT (11.575360786000033 48.119474065000077)","Unfall 173892 (2020) Kat:3, Licht: 2","173892","3","2","3","10","18","1","1","2","1","1","0","0"
"POINT (11.544227105000061 48.150316070000031)","Unfall 173896 (2020) Kat:3, Licht: 0","173896","3","6","3","10","12","4","1","0","1","0","1","0"
"POINT (11.521027777000029 48.184189652000043)","Unfall 173905 (2020) Kat:3, Licht: 0","173905","3","6","4","10","13","7","1","0","0","1","0","0"
"POINT (11.571220639000046 48.154316873000027)","Unfall 173907 (2020) Kat:2, Licht: 0","173907","2","1","0","10","15","7","1","0","0","0","0","0"
"POINT (11.557325488000060 48.137498096000058)","Unfall 173908 (2020) Kat:3, Licht: 0","173908","3","2","5","10","12","7","1","0","1","1","0","0"
"POINT (11.563992376000044 48.175235155000053)","Unfall 173910 (2020) Kat:3, Licht: 2","173910","3","1","1","10","23","7","1","2","0","1","0","0"
"POINT (11.575687157000061 48.128279949000046)","Unfall 173912 (2020) Kat:3, Licht: 0","173912","3","2","2","10","14","7","1","0","0","1","0","0"
"POINT (11.561066623000045 48.139292937000050)","Unfall 173914 (2020) Kat:3, Licht: 0","173914","3","4","6","10","09","7","1","0","0","1","1","0"
"POINT (11.569911689000037 48.130939274000070)","Unfall 173917 (2020) Kat:3, Licht: 0","173917","3","1","0","10","14","7","1","0","1","0","0","0"
"POINT (11.579182084000024 48.125678939000068)","Unfall 173919 (2020) Kat:3, Licht: 0","173919","3","7","0","10","11","4","1","0","0","0","0","1"
"POINT (11.584068949000027 48.145481198000027)","Unfall 173921 (2020) Kat:3, Licht: 2","173921","3","1","0","10","03","1","1","2","1","0","0","0"
"POINT (11.537261521000062 48.151690135000081)","Unfall 173922 (2020) Kat:3, Licht: 0","173922","3","2","4","10","07","6","1","0","1","1","0","0"
"POINT (11.541048933000070 48.120702300000062)","Unfall 173923 (2020) Kat:3, Licht: 2","173923","3","7","1","10","00","3","0","2","0","1","0","0"
"POINT (11.567262800000037 48.123243097000056)","Unfall 173933 (2020) Kat:3, Licht: 0","173933","3","7","0","10","16","2","0","0","1","0","0","0"
"POINT (11.478043103000061 48.164226053000050)","Unfall 173942 (2020) Kat:2, Licht: 0","173942","2","4","6","10","16","2","0","0","0","1","1","0"
"POINT (11.529618889000062 48.101419548000081)","Unfall 173945 (2020) Kat:3, Licht: 0","173945","3","6","2","10","12","6","1","0","0","1","0","0"
"POINT (11.566117912000038 48.133121319000054)","Unfall 173946 (2020) Kat:3, Licht: 0","173946","3","2","3","10","08","3","0","0","1","0","0","0"
"POINT (11.584476415000040 48.144149816000038)","Unfall 173957 (2020) Kat:3, Licht: 0","173957","3","3","5","10","15","2","0","0","1","1","0","0"
"POINT (11.565148649000037 48.136475558000029)","Unfall 173961 (2020) Kat:3, Licht: 2","173961","3","6","2","10","21","3","0","2","0","1","0","0"
"POINT (11.700506633000032 48.140117607000036)","Unfall 173968 (2020) Kat:3, Licht: 2","173968","3","5","1","10","03","1","0","2","0","1","0","0"
"POINT (11.634307364000051 48.169093630000077)","Unfall 173969 (2020) Kat:3, Licht: 2","173969","3","2","6","10","18","6","1","2","0","1","1","0"
"POINT (11.612828887000035 48.120771288000071)","Unfall 173977 (2020) Kat:3, Licht: 2","173977","3","2","6","10","20","7","0","2","0","1","1","0"
"POINT (11.584195977000036 48.184297926000056)","Unfall 173992 (2020) Kat:3, Licht: 0","173992","3","7","0","10","11","2","0","0","0","0","1","0"
"POINT (11.534179651000045 48.110285018000070)","Unfall 173995 (2020) Kat:3, Licht: 0","173995","3","2","5","10","16","2","0","0","1","1","0","0"
"POINT (11.554620939000074 48.146620569000049)","Unfall 173998 (2020) Kat:3, Licht: 2","173998","3","2","4","10","19","3","0","2","0","1","0","1"
"POINT (11.509854692000033 48.137580611000033)","Unfall 174004 (2020) Kat:3, Licht: 0","174004","3","5","1","10","16","1","0","0","1","1","0","0"
"POINT (11.603153289000034 48.127642039000079)","Unfall 174005 (2020) Kat:3, Licht: 0","174005","3","2","6","10","17","6","1","0","0","1","1","0"
"POINT (11.557207528000049 48.119505633000074)","Unfall 174009 (2020) Kat:3, Licht: 2","174009","3","6","2","10","19","6","1","2","1","1","0","0"
"POINT (11.605836364000027 48.129648482000050)","Unfall 174010 (2020) Kat:3, Licht: 0","174010","3","5","1","10","10","3","0","0","0","1","0","1"
"POINT (11.558447584000021 48.131333498000060)","Unfall 174018 (2020) Kat:3, Licht: 0","174018","3","2","1","10","09","6","1","0","0","1","1","0"
"POINT (11.546547581000027 48.113868555000067)","Unfall 174019 (2020) Kat:3, Licht: 1","174019","3","7","0","10","07","3","0","1","1","0","0","0"
"POINT (11.511411403000068 48.158779070000037)","Unfall 174034 (2020) Kat:3, Licht: 0","174034","3","2","2","10","11","2","0","0","0","1","0","0"
"POINT (11.574738603000071 48.143171405000032)","Unfall 174038 (2020) Kat:3, Licht: 0","174038","3","7","5","10","11","5","0","0","1","0","0","0"
"POINT (11.558638041000052 48.137420233000057)","Unfall 174041 (2020) Kat:3, Licht: 1","174041","3","2","5","10","17","5","0","1","0","1","0","1"
"POINT (11.612093658000049 48.131636534000052)","Unfall 174046 (2020) Kat:3, Licht: 2","174046","3","7","0","10","18","2","0","2","1","0","0","0"
"POINT (11.596946340000045 48.123852113000055)","Unfall 174050 (2020) Kat:3, Licht: 0","174050","3","2","3","10","08","3","0","0","1","0","0","0"
"POINT (11.558550755000056 48.143145624000056)","Unfall 174052 (2020) Kat:3, Licht: 2","174052","3","2","5","10","19","5","1","2","0","1","0","1"
"POINT (11.600152556000069 48.125829538000062)","Unfall 174055 (2020) Kat:3, Licht: 0","174055","3","3","5","10","07","5","0","0","0","1","0","0"
"POINT (11.515703762000044 48.112614851000046)","Unfall 174059 (2020) Kat:3, Licht: 0","174059","3","7","0","10","15","2","0","0","1","0","0","0"
"POINT (11.469422874000031 48.120105101000036)","Unfall 174060 (2020) Kat:3, Licht: 0","174060","3","4","6","10","07","5","0","0","1","0","1","0"
"POINT (11.502179972000022 48.108330438000053)","Unfall 174070 (2020) Kat:3, Licht: 0","174070","3","6","2","10","15","5","1","0","0","1","0","0"
"POINT (11.558631288000072 48.138348326000028)","Unfall 174071 (2020) Kat:3, Licht: 1","174071","3","6","0","10","17","1","0","1","1","1","0","0"
"POINT (11.568856376000042 48.191550118000066)","Unfall 174073 (2020) Kat:3, Licht: 0","174073","3","7","8","10","17","3","0","0","1","0","0","0"
"POINT (11.522365981000064 48.156042827000078)","Unfall 174076 (2020) Kat:3, Licht: 0","174076","3","1","0","10","14","5","1","0","1","0","0","0"
"POINT (11.514008390000072 48.094534271000043)","Unfall 174077 (2020) Kat:3, Licht: 2","174077","3","3","5","10","21","5","1","2","0","1","0","0"
"POINT (11.575921212000026 48.131419209000057)","Unfall 174079 (2020) Kat:3, Licht: 0","174079","3","7","0","10","11","5","0","0","1","1","0","0"
"POINT (11.668160880000073 48.171457654000051)","Unfall 174080 (2020) Kat:3, Licht: 0","174080","3","6","6","10","17","7","0","0","1","0","1","0"
"POINT (11.561832369000058 48.142702371000041)","Unfall 174082 (2020) Kat:3, Licht: 0","174082","3","7","0","10","07","6","1","0","1","0","0","0"
"POINT (11.539228737000030 48.125313156000061)","Unfall 174083 (2020) Kat:3, Licht: 2","174083","3","3","5","10","18","5","1","2","1","1","0","0"
"POINT (11.442392567000070 48.149474510000061)","Unfall 174088 (2020) Kat:3, Licht: 0","174088","3","3","5","10","14","5","1","0","1","1","0","0"
"POINT (11.564634080000076 48.136887688000058)","Unfall 174095 (2020) Kat:3, Licht: 0","174095","3","6","0","10","16","2","0","0","0","1","0","1"
"POINT (11.556072018000066 48.139107808000063)","Unfall 174096 (2020) Kat:3, Licht: 0","174096","3","7","5","10","11","5","0","0","1","1","0","0"
"POINT (11.586009775000036 48.155806529000074)","Unfall 174099 (2020) Kat:3, Licht: 0","174099","3","6","4","10","11","2","0","0","0","1","0","0"
"POINT (11.584299771000076 48.138285651000047)","Unfall 174100 (2020) Kat:3, Licht: 0","174100","3","2","5","10","16","5","0","0","1","1","0","0"
"POINT (11.565773505000038 48.187915336000060)","Unfall 174106 (2020) Kat:3, Licht: 2","174106","3","3","5","10","18","6","1","2","1","1","0","0"
"POINT (11.659062674000040 48.106348746000037)","Unfall 174107 (2020) Kat:3, Licht: 2","174107","3","7","6","10","21","2","0","2","1","0","1","0"
"POINT (11.485130443000060 48.136795443000040)","Unfall 174116 (2020) Kat:3, Licht: 0","174116","3","6","3","10","14","3","0","0","0","1","0","1"
"POINT (11.478099203000056 48.161391339000033)","Unfall 174157 (2020) Kat:3, Licht: 0","174157","3","7","0","10","08","2","0","0","1","0","0","0"
"POINT (11.465204909000022 48.146086992000050)","Unfall 174161 (2020) Kat:3, Licht: 2","174161","3","3","5","10","22","3","0","2","0","1","0","0"
"POINT (11.587534785000059 48.106351470000050)","Unfall 174163 (2020) Kat:3, Licht: 0","174163","3","1","1","10","08","6","1","0","0","1","0","0"
"POINT (11.470708528000046 48.131108466000057)","Unfall 174166 (2020) Kat:3, Licht: 2","174166","3","7","0","10","20","6","1","2","0","0","0","1"
"POINT (11.586304695000024 48.167323229000033)","Unfall 174170 (2020) Kat:3, Licht: 0","174170","3","2","4","10","13","3","0","0","0","1","0","0"
"POINT (11.573143921000053 48.172324217000039)","Unfall 174177 (2020) Kat:3, Licht: 1","174177","3","2","0","10","18","5","0","1","0","0","0","0"
"POINT (11.620093925000049 48.197634672000049)","Unfall 174181 (2020) Kat:3, Licht: 0","174181","3","7","3","10","17","4","0","0","0","1","0","1"
"POINT (11.555266532000076 48.139168628000050)","Unfall 174185 (2020) Kat:3, Licht: 0","174185","3","6","3","10","08","5","0","0","0","1","0","0"
"POINT (11.502974946000052 48.126214219000076)","Unfall 174190 (2020) Kat:3, Licht: 0","174190","3","2","5","10","08","4","0","0","1","1","0","0"
"POINT (11.521623766000062 48.107982487000072)","Unfall 174204 (2020) Kat:3, Licht: 1","174204","3","6","3","10","19","4","0","1","1","0","0","0"
"POINT (11.579598009000051 48.155702928000039)","Unfall 174210 (2020) Kat:3, Licht: 2","174210","3","7","0","10","01","7","1","2","1","0","0","0"
"POINT (11.560898195000050 48.136056123000060)","Unfall 174215 (2020) Kat:3, Licht: 0","174215","3","5","1","10","13","7","0","0","1","1","0","0"
"POINT (11.569580351000070 48.186989671000049)","Unfall 174218 (2020) Kat:2, Licht: 0","174218","2","4","6","10","14","1","0","0","0","1","1","0"
"POINT (11.461531934000050 48.156423138000036)","Unfall 174221 (2020) Kat:3, Licht: 0","174221","3","4","6","10","15","7","1","0","1","0","1","0"
"POINT (11.575795550000066 48.135643947000062)","Unfall 174225 (2020) Kat:3, Licht: 0","174225","3","6","4","10","16","5","0","0","1","0","1","0"
"POINT (11.559625747000041 48.141885736000063)","Unfall 174228 (2020) Kat:3, Licht: 2","174228","3","4","6","10","20","7","0","2","0","1","1","0"
"POINT (11.564722826000036 48.170656927000039)","Unfall 174229 (2020) Kat:3, Licht: 0","174229","3","3","5","10","07","4","1","0","1","1","0","0"
"POINT (11.530485581000050 48.152470579000067)","Unfall 174230 (2020) Kat:3, Licht: 0","174230","3","3","5","10","10","7","1","0","0","1","0","1"
"POINT (11.495976159000065 48.180005870000059)","Unfall 174231 (2020) Kat:3, Licht: 0","174231","3","7","5","10","14","7","0","0","0","1","0","1"
"POINT (11.663853681000035 48.134490483000036)","Unfall 174233 (2020) Kat:2, Licht: 2","174233","2","3","5","10","05","7","1","2","0","1","0","0"
"POINT (11.502404569000021 48.111840292000068)","Unfall 174237 (2020) Kat:3, Licht: 0","174237","3","6","2","10","16","5","0","0","0","1","0","0"
"POINT (11.528659208000022 48.214905795000050)","Unfall 174239 (2020) Kat:3, Licht: 0","174239","3","6","1","10","13","7","1","0","0","1","0","0"
"POINT (11.507251449000023 48.128399599000034)","Unfall 174241 (2020) Kat:3, Licht: 0","174241","3","7","5","10","07","4","0","0","1","1","0","0"
"POINT (11.572456564000049 48.149769770000034)","Unfall 174242 (2020) Kat:2, Licht: 0","174242","2","1","0","10","13","7","0","0","1","0","0","0"
"POINT (11.533943449000049 48.138747245000047)","Unfall 174252 (2020) Kat:3, Licht: 0","174252","3","3","1","10","17","4","0","0","1","0","0","0"
"POINT (11.502204861000052 48.109159264000027)","Unfall 174255 (2020) Kat:3, Licht: 0","174255","3","7","0","10","14","1","1","0","1","1","0","0"
"POINT (11.641978934000065 48.129093538000063)","Unfall 174268 (2020) Kat:3, Licht: 0","174268","3","3","5","10","16","1","0","0","0","1","0","0"
"POINT (11.535415395000030 48.140000431000033)","Unfall 174270 (2020) Kat:3, Licht: 0","174270","3","7","0","10","16","4","0","0","1","0","0","0"
"POINT (11.568249925000032 48.122448653000049)","Unfall 174275 (2020) Kat:3, Licht: 1","174275","3","1","0","10","17","1","1","1","1","0","0","0"
"POINT (11.613015764000068 48.120748456000058)","Unfall 174276 (2020) Kat:3, Licht: 2","174276","3","2","5","10","20","5","0","2","0","1","0","0"
"POINT (11.584194034000063 48.131797507000044)","Unfall 174278 (2020) Kat:3, Licht: 0","174278","3","3","5","10","12","1","1","0","1","0","0","0"
"POINT (11.589448101000073 48.137300922000065)","Unfall 174279 (2020) Kat:2, Licht: 2","174279","2","6","7","10","18","5","0","2","1","0","0","0"
"POINT (11.424070482000047 48.159835928000064)","Unfall 174283 (2020) Kat:3, Licht: 2","174283","3","2","6","10","07","4","0","2","0","0","1","0"
"POINT (11.608474748000049 48.150791292000065)","Unfall 174288 (2020) Kat:3, Licht: 2","174288","3","6","3","10","16","5","0","2","0","1","0","1"
"POINT (11.543832108000061 48.157584776000078)","Unfall 174295 (2020) Kat:3, Licht: 1","174295","3","7","0","10","06","4","1","1","0","0","0","1"
"POINT (11.589274709000051 48.136950613000067)","Unfall 174308 (2020) Kat:3, Licht: 2","174308","3","3","4","10","17","1","0","2","1","0","0","0"
"POINT (11.620026914000050 48.138001336000059)","Unfall 174309 (2020) Kat:3, Licht: 0","174309","3","7","2","10","08","4","0","0","0","1","0","1"
"POINT (11.567252704000055 48.128274307000027)","Unfall 174330 (2020) Kat:3, Licht: 0","174330","3","5","1","10","07","5","0","0","1","1","0","0"
"POINT (11.566034086000059 48.187187472000062)","Unfall 174334 (2020) Kat:3, Licht: 0","174334","3","6","1","10","13","4","0","0","0","1","0","0"
"POINT (11.562806129000023 48.186869439000077)","Unfall 174343 (2020) Kat:2, Licht: 0","174343","2","6","1","10","16","5","0","0","0","1","0","1"
"POINT (11.502518548000069 48.117311310000048)","Unfall 174347 (2020) Kat:3, Licht: 0","174347","3","2","5","10","17","4","0","0","1","1","0","0"
"POINT (11.549622339000052 48.146016306000035)","Unfall 174358 (2020) Kat:3, Licht: 0","174358","3","3","5","10","16","4","0","0","1","0","0","1"
"POINT (11.502680336000026 48.135400147000041)","Unfall 174369 (2020) Kat:2, Licht: 2","174369","2","4","6","10","18","5","0","2","0","1","1","0"
"POINT (11.533108135000077 48.159873968000056)","Unfall 174374 (2020) Kat:3, Licht: 0","174374","3","1","0","10","14","1","1","0","1","0","0","0"
"POINT (11.443224148000070 48.163815546000080)","Unfall 174376 (2020) Kat:3, Licht: 0","174376","3","2","3","10","13","4","0","0","1","0","0","0"
"POINT (11.628025273000048 48.092320816000040)","Unfall 174377 (2020) Kat:3, Licht: 0","174377","3","3","5","10","12","6","0","0","0","1","0","0"
"POINT (11.405196128000057 48.147374045000049)","Unfall 174381 (2020) Kat:2, Licht: 2","174381","2","2","4","10","18","5","0","2","0","1","0","1"
"POINT (11.694789707000041 48.113309060000063)","Unfall 174383 (2020) Kat:3, Licht: 1","174383","3","3","5","10","07","6","1","1","0","1","0","1"
"POINT (11.676791251000054 48.113696048000065)","Unfall 174384 (2020) Kat:2, Licht: 0","174384","2","6","3","10","17","6","0","0","1","0","0","1"
"POINT (11.504025108000064 48.172912958000040)","Unfall 174386 (2020) Kat:3, Licht: 1","174386","3","2","5","10","07","6","1","1","1","0","0","0"
"POINT (11.566929307000066 48.181568296000080)","Unfall 174387 (2020) Kat:2, Licht: 2","174387","2","2","4","10","06","4","0","2","0","1","1","1"
"POINT (11.626062611000066 48.171645991000048)","Unfall 174388 (2020) Kat:3, Licht: 0","174388","3","6","2","10","07","6","0","0","0","1","0","0"
"POINT (11.641575556000021 48.131890497000029)","Unfall 174394 (2020) Kat:2, Licht: 2","174394","2","3","5","10","19","6","0","2","0","1","0","0"
"POINT (11.640673906000075 48.148465201000079)","Unfall 174396 (2020) Kat:3, Licht: 0","174396","3","4","6","10","08","4","0","0","0","1","1","0"
"POINT (11.543211105000069 48.150410240000042)","Unfall 174400 (2020) Kat:3, Licht: 0","174400","3","3","5","10","11","4","0","0","1","1","0","0"
"POINT (11.548606303000042 48.123124437000058)","Unfall 174401 (2020) Kat:3, Licht: 0","174401","3","6","2","10","16","6","0","0","0","1","0","0"
"POINT (11.548388612000053 48.117522002000044)","Unfall 174406 (2020) Kat:3, Licht: 0","174406","3","2","6","10","10","6","0","0","0","1","1","0"