WKT,Name,OBJECTID,UKATEGORIE,UTYP1,UART,UMONAT,USTUNDE,UWOCHENTAG,STRZUSTAND,ULICHTVERH,ISTRAD,ISTPKW,ISTFUSS,ISTKRAD
"POINT (11.571887520000075 48.144011025000054)","Unfall 174409 (2020) Kat:3, Licht: 0","174409","3","7","6","10","10","6","0","0","0","0","1","0"
"POINT (11.570510684000055 48.134359009000036)","Unfall 174416 (2020) Kat:3, Licht: 0","174416","3","6","3","10","08","6","0","0","1","1","0","0"
"POINT (11.481347896000045 48.094086871000059)","Unfall 174427 (2020) Kat:3, Licht: 0","174427","3","2","3","10","15","1","0","0","1","1","0","0"
"POINT (11.600565884000048 48.177785539000070)","Unfall 174430 (2020) Kat:3, Licht: 0","174430","3","3","0","10","12","3","0","0","1","1","0","0"
"POINT (11.489286382000046 48.143623520000062)","Unfall 174433 (2020) Kat:3, Licht: 2","174433","3","2","6","10","18","5","1","2","0","1","1","0"
"POINT (11.545593337000071 48.108429460000082)","Unfall 174437 (2020) Kat:3, Licht: 0","174437","3","3","5","10","16","4","0","0","1","1","0","0"
"POINT (11.646431259000053 48.102731942000048)","Unfall 174442 (2020) Kat:3, Licht: 0","174442","3","6","3","10","12","5","1","0","0","1","0","0"
"POINT (11.623370977000036 48.116241769000055)","Unfall 174447 (2020) Kat:3, Licht: 2","174447","3","7","0","10","17","6","1","2","1","0","0","0"
"POINT (11.520645969000043 48.089392278000048)","Unfall 174453 (2020) Kat:3, Licht: 2","174453","3","6","4","10","19","3","1","2","1","0","0","0"
"POINT (11.498224476000075 48.096228497000027)","Unfall 174456 (2020) Kat:3, Licht: 0","174456","3","7","6","10","11","6","1","0","1","0","1","0"
"POINT (11.601937924000026 48.168595830000072)","Unfall 174462 (2020) Kat:3, Licht: 0","174462","3","1","0","10","08","6","1","0","1","0","0","0"
"POINT (11.587988046000021 48.154004574000055)","Unfall 174468 (2020) Kat:3, Licht: 2","174468","3","3","5","10","06","3","1","2","1","1","0","0"
"POINT (11.598654876000069 48.115138995000052)","Unfall 174471 (2020) Kat:3, Licht: 0","174471","3","3","5","10","14","5","1","0","1","1","0","0"
"POINT (11.566571720000070 48.159353058000079)","Unfall 174478 (2020) Kat:3, Licht: 0","174478","3","1","0","10","16","3","1","0","1","0","0","0"
"POINT (11.591226280000058 48.116189426000062)","Unfall 174481 (2020) Kat:3, Licht: 0","174481","3","7","0","10","08","5","1","0","0","1","0","0"
"POINT (11.571241102000045 48.152431266000065)","Unfall 174485 (2020) Kat:3, Licht: 2","174485","3","2","5","10","18","4","1","2","0","1","0","0"
"POINT (11.529926830000022 48.145584601000053)","Unfall 174489 (2020) Kat:3, Licht: 2","174489","3","7","0","10","22","4","1","2","0","1","1","0"
"POINT (11.576451459000054 48.131694758000037)","Unfall 174494 (2020) Kat:3, Licht: 1","174494","3","4","6","10","06","5","1","1","0","0","1","0"
"POINT (11.527641576000065 48.147643391000031)","Unfall 174499 (2020) Kat:3, Licht: 0","174499","3","2","3","10","08","6","0","0","1","1","0","0"
"POINT (11.494370537000066 48.176581531000068)","Unfall 174506 (2020) Kat:3, Licht: 0","174506","3","3","5","10","13","2","1","0","0","1","0","0"
"POINT (11.523880845000065 48.182034020000060)","Unfall 174509 (2020) Kat:3, Licht: 1","174509","3","2","5","10","17","6","0","1","1","1","0","0"
"POINT (11.534450496000034 48.168864957000039)","Unfall 174510 (2020) Kat:3, Licht: 0","174510","3","6","2","10","08","2","0","0","0","1","0","0"
"POINT (11.561206554000023 48.139763817000073)","Unfall 174514 (2020) Kat:3, Licht: 0","174514","3","7","0","10","08","2","0","0","1","0","0","0"
"POINT (11.586133755000048 48.168173460000048)","Unfall 174515 (2020) Kat:3, Licht: 0","174515","3","6","2","10","11","3","1","0","0","1","0","0"
"POINT (11.553047874000072 48.161324786000080)","Unfall 174518 (2020) Kat:3, Licht: 0","174518","3","2","5","10","13","2","1","0","1","1","0","0"
"POINT (11.568453681000051 48.092440514000032)","Unfall 174526 (2020) Kat:2, Licht: 0","174526","2","1","0","10","13","4","1","0","1","1","0","0"
"POINT (11.546598780000068 48.200415202000045)","Unfall 174527 (2020) Kat:3, Licht: 2","174527","3","3","5","10","19","2","1","2","0","1","0","0"
"POINT (11.582027930000038 48.098257503000070)","Unfall 174532 (2020) Kat:2, Licht: 2","174532","2","4","6","10","18","5","1","2","0","1","1","0"
"POINT (11.600055614000041 48.115323481000075)","Unfall 174535 (2020) Kat:3, Licht: 0","174535","3","6","2","10","08","5","1","0","1","1","0","0"
"POINT (11.569831538000074 48.111542845000031)","Unfall 174536 (2020) Kat:3, Licht: 0","174536","3","2","5","10","14","2","1","0","1","1","0","0"
"POINT (11.567946466000024 48.210354461000065)","Unfall 174538 (2020) Kat:3, Licht: 0","174538","3","3","5","10","16","2","1","0","1","1","0","0"
"POINT (11.463773141000047 48.146373363000066)","Unfall 174539 (2020) Kat:3, Licht: 0","174539","3","6","3","10","08","4","0","0","1","0","0","0"
"POINT (11.502915025000050 48.131087767000054)","Unfall 174541 (2020) Kat:2, Licht: 2","174541","2","4","6","10","18","2","1","2","0","1","1","0"
"POINT (11.641906344000063 48.156904532000055)","Unfall 174546 (2020) Kat:2, Licht: 2","174546","2","2","6","10","18","2","1","2","0","1","1","0"
"POINT (11.510880211000028 48.170134754000060)","Unfall 174552 (2020) Kat:2, Licht: 0","174552","2","3","5","10","12","6","0","0","1","1","0","0"
"POINT (11.573201240000060 48.178330090000031)","Unfall 174553 (2020) Kat:3, Licht: 2","174553","3","2","3","10","19","2","1","2","1","1","0","0"
"POINT (11.421435255000063 48.147480560000076)","Unfall 174558 (2020) Kat:3, Licht: 1","174558","3","3","5","10","05","2","1","1","0","1","0","0"
"POINT (11.529279945000042 48.100166454000032)","Unfall 174562 (2020) Kat:3, Licht: 0","174562","3","3","0","10","14","6","0","0","1","1","0","0"
"POINT (11.530078501000048 48.156222312000068)","Unfall 174563 (2020) Kat:3, Licht: 0","174563","3","7","0","10","12","2","1","0","1","0","0","0"
"POINT (11.556021588000021 48.142021956000065)","Unfall 174566 (2020) Kat:3, Licht: 0","174566","3","1","0","10","14","6","0","0","0","0","0","1"
"POINT (11.502917843000034 48.131178381000041)","Unfall 174567 (2020) Kat:3, Licht: 2","174567","3","2","6","10","18","2","1","2","0","1","1","0"
"POINT (11.682280595000066 48.140067669000075)","Unfall 174571 (2020) Kat:3, Licht: 0","174571","3","5","4","10","11","2","1","0","1","0","0","0"
"POINT (11.533020331000046 48.154398858000036)","Unfall 174575 (2020) Kat:3, Licht: 0","174575","3","2","0","10","11","3","1","0","1","1","0","0"
"POINT (11.504059310000059 48.172934731000055)","Unfall 174576 (2020) Kat:3, Licht: 2","174576","3","2","3","10","17","5","1","2","0","1","0","0"
"POINT (11.577773115000070 48.157773841000051)","Unfall 174579 (2020) Kat:3, Licht: 0","174579","3","3","5","10","08","4","0","0","1","1","0","0"
"POINT (11.553240317000075 48.129948869000032)","Unfall 174582 (2020) Kat:3, Licht: 0","174582","3","7","6","10","10","2","1","0","0","1","1","0"
"POINT (11.612828887000035 48.120771288000071)","Unfall 174586 (2020) Kat:3, Licht: 2","174586","3","2","3","10","06","5","1","2","1","1","0","0"
"POINT (11.555746096000064 48.124548067000035)","Unfall 174587 (2020) Kat:3, Licht: 2","174587","3","2","5","10","18","2","1","2","1","1","0","0"
"POINT (11.541010272000051 48.124739715000032)","Unfall 174589 (2020) Kat:3, Licht: 1","174589","3","4","6","10","17","2","1","1","1","0","1","0"
"POINT (11.562075305000064 48.140054681000038)","Unfall 174590 (2020) Kat:3, Licht: 0","174590","3","4","6","10","16","4","0","0","1","0","1","0"
"POINT (11.614628627000059 48.138242334000040)","Unfall 174594 (2020) Kat:3, Licht: 2","174594","3","3","5","10","18","3","0","2","1","1","0","0"
"POINT (11.548620166000035 48.112147964000030)","Unfall 174599 (2020) Kat:3, Licht: 2","174599","3","2","4","10","22","5","1","2","0","1","0","0"
"POINT (11.554633532000025 48.146568578000029)","Unfall 174604 (2020) Kat:3, Licht: 0","174604","3","2","5","10","13","6","0","0","1","0","0","1"
"POINT (11.404904498000064 48.179082202000075)","Unfall 174615 (2020) Kat:3, Licht: 0","174615","3","2","3","10","08","6","1","0","1","1","0","0"
"POINT (11.564415927000027 48.143677720000028)","Unfall 174618 (2020) Kat:3, Licht: 0","174618","3","7","0","10","12","3","1","0","0","0","0","0"
"POINT (11.504335014000048 48.185545791000038)","Unfall 174625 (2020) Kat:3, Licht: 0","174625","3","3","5","10","09","5","1","0","1","1","0","0"
"POINT (11.574570963000042 48.163455605000081)","Unfall 174632 (2020) Kat:3, Licht: 2","174632","3","3","5","10","21","4","0","2","1","1","0","0"
"POINT (11.549656149000043 48.125071968000043)","Unfall 174637 (2020) Kat:3, Licht: 0","174637","3","3","5","10","15","5","1","0","0","1","0","0"
"POINT (11.570582096000066 48.146883791000050)","Unfall 174653 (2020) Kat:3, Licht: 0","174653","3","6","2","10","11","6","0","0","0","1","0","0"
"POINT (11.564528228000029 48.179194564000056)","Unfall 174658 (2020) Kat:3, Licht: 0","174658","3","6","0","10","14","6","0","0","1","0","0","0"
"POINT (11.589352521000023 48.117115963000060)","Unfall 174666 (2020) Kat:3, Licht: 2","174666","3","1","0","10","21","6","0","2","0","0","0","0"
"POINT (11.463239704000046 48.140333493000071)","Unfall 174677 (2020) Kat:3, Licht: 0","174677","3","6","1","10","09","3","0","0","0","1","0","0"
"POINT (11.656965016000072 48.098636303000035)","Unfall 174678 (2020) Kat:3, Licht: 0","174678","3","4","6","10","15","5","1","0","0","1","1","0"
"POINT (11.571365821000029 48.120050639000056)","Unfall 174687 (2020) Kat:3, Licht: 0","174687","3","5","0","11","13","5","0","0","1","1","0","0"
"POINT (11.556884519000050 48.151698939000028)","Unfall 174720 (2020) Kat:3, Licht: 0","174720","3","7","0","11","13","4","0","0","1","0","0","0"
"POINT (11.586110845000064 48.161179983000068)","Unfall 174722 (2020) Kat:3, Licht: 1","174722","3","7","0","11","16","2","0","1","1","0","0","0"
"POINT (11.502751930000045 48.100412120000044)","Unfall 174723 (2020) Kat:3, Licht: 2","174723","3","7","0","11","23","2","1","2","0","0","0","1"
"POINT (11.528999296000052 48.157572604000052)","Unfall 174725 (2020) Kat:3, Licht: 2","174725","3","5","0","11","20","4","1","2","1","1","0","0"
"POINT (11.592808937000029 48.174003282000058)","Unfall 174727 (2020) Kat:3, Licht: 2","174727","3","1","0","11","18","2","1","2","1","0","0","0"
"POINT (11.588488089000066 48.100388635000058)","Unfall 174730 (2020) Kat:3, Licht: 2","174730","3","2","3","11","19","2","0","2","1","1","0","0"
"POINT (11.423852228000044 48.142752707000056)","Unfall 174731 (2020) Kat:3, Licht: 0","174731","3","1","0","11","15","4","1","0","1","0","1","0"
"POINT (11.532048941000028 48.156024314000035)","Unfall 174732 (2020) Kat:3, Licht: 0","174732","3","6","3","11","15","2","0","0","0","1","0","1"
"POINT (11.548768899000038 48.143436931000053)","Unfall 174736 (2020) Kat:3, Licht: 2","174736","3","2","5","11","21","4","0","2","1","1","0","0"
"POINT (11.459828179000056 48.149104444000045)","Unfall 174743 (2020) Kat:3, Licht: 2","174743","3","4","6","11","06","4","0","2","0","1","1","0"
"POINT (11.506926045000057 48.087357862000033)","Unfall 174745 (2020) Kat:3, Licht: 0","174745","3","3","5","11","13","4","0","0","1","1","0","0"
"POINT (11.661709511000026 48.134078459000079)","Unfall 174747 (2020) Kat:3, Licht: 0","174747","3","3","5","11","12","4","0","0","1","1","0","0"
"POINT (11.600141199000063 48.125837480000030)","Unfall 174749 (2020) Kat:3, Licht: 0","174749","3","3","5","11","11","4","0","0","1","0","0","0"
"POINT (11.579566837000073 48.129468782000060)","Unfall 174755 (2020) Kat:3, Licht: 0","174755","3","6","2","11","13","4","0","0","0","1","0","0"
"POINT (11.457194852000043 48.153024315000039)","Unfall 174792 (2020) Kat:2, Licht: 0","174792","2","7","0","11","16","1","1","0","1","0","0","1"
"POINT (11.549693157000036 48.146016106000047)","Unfall 174795 (2020) Kat:1, Licht: 0","174795","1","3","5","11","12","1","1","0","1","1","0","0"
"POINT (11.545837405000043 48.149995814000079)","Unfall 174797 (2020) Kat:3, Licht: 0","174797","3","6","2","11","15","1","1","0","0","1","0","0"
"POINT (11.568013070000063 48.184550318000049)","Unfall 174799 (2020) Kat:3, Licht: 0","174799","3","3","1","11","09","1","1","0","1","1","0","0"
"POINT (11.461744086000067 48.140372615000047)","Unfall 174803 (2020) Kat:3, Licht: 0","174803","3","3","5","11","10","5","0","0","0","1","0","0"
"POINT (11.556026562000056 48.124434966000081)","Unfall 174815 (2020) Kat:3, Licht: 0","174815","3","3","5","11","15","5","0","0","0","1","0","0"
"POINT (11.502401584000040 48.112101033000044)","Unfall 174834 (2020) Kat:2, Licht: 0","174834","2","3","5","10","07","7","0","0","1","1","0","0"
"POINT (11.505127432000052 48.164239532000067)","Unfall 174836 (2020) Kat:3, Licht: 0","174836","3","2","5","11","16","5","0","0","1","1","0","0"
"POINT (11.532871896000074 48.169998503000045)","Unfall 174837 (2020) Kat:3, Licht: 2","174837","3","6","2","10","18","7","0","2","1","0","0","0"
"POINT (11.555282077000072 48.142146219000040)","Unfall 174838 (2020) Kat:3, Licht: 2","174838","3","1","0","11","17","5","0","2","1","0","0","0"
"POINT (11.558451682000054 48.139317556000037)","Unfall 174839 (2020) Kat:3, Licht: 0","174839","3","1","0","10","14","7","0","0","1","0","0","0"
"POINT (11.549736268000061 48.125044175000028)","Unfall 174840 (2020) Kat:3, Licht: 0","174840","3","2","4","10","12","7","0","0","1","1","0","0"
"POINT (11.502478419000056 48.120420281000065)","Unfall 174841 (2020) Kat:3, Licht: 0","174841","3","1","0","10","14","7","0","0","0","0","0","1"
"POINT (11.532250290000036 48.099928822000038)","Unfall 174842 (2020) Kat:3, Licht: 0","174842","3","3","5","10","13","7","0","0","0","1","0","1"
"POINT (11.598820289000059 48.114951209000026)","Unfall 174845 (2020) Kat:3, Licht: 0","174845","3","2","3","10","14","7","1","0","1","1","0","0"
"POINT (11.463065845000074 48.164689912000028)","Unfall 174846 (2020) Kat:2, Licht: 0","174846","2","7","5","10","11","7","0","0","1","1","0","0"
"POINT (11.438569552000047 48.169583670000065)","Unfall 174850 (2020) Kat:3, Licht: 0","174850","3","6","2","10","13","7","0","0","0","1","0","0"
"POINT (11.523251255000048 48.115402039000060)","Unfall 174851 (2020) Kat:3, Licht: 0","174851","3","3","5","11","10","3","0","0","1","1","0","0"
"POINT (11.506770272000040 48.098610147000045)","Unfall 174852 (2020) Kat:3, Licht: 2","174852","3","3","5","10","20","7","0","2","1","1","0","0"
"POINT (11.570436851000068 48.144321993000062)","Unfall 174853 (2020) Kat:2, Licht: 2","174853","2","4","6","11","18","3","1","2","0","1","1","0"
"POINT (11.518411904000061 48.085032153000043)","Unfall 174855 (2020) Kat:2, Licht: 0","174855","2","7","5","10","15","7","0","0","1","0","1","0"
"POINT (11.599879263000048 48.140310025000076)","Unfall 174856 (2020) Kat:3, Licht: 0","174856","3","5","1","11","12","5","0","0","1","1","0","0"
"POINT (11.586622726000030 48.112931370000069)","Unfall 174857 (2020) Kat:3, Licht: 2","174857","3","7","4","11","20","3","1","2","0","1","0","1"
"POINT (11.634865632000071 48.172550463000050)","Unfall 174859 (2020) Kat:3, Licht: 0","174859","3","1","0","10","16","7","1","0","1","0","0","0"
"POINT (11.638541064000037 48.142481418000045)","Unfall 174860 (2020) Kat:3, Licht: 0","174860","3","3","5","10","11","7","0","0","0","1","0","1"
"POINT (11.581692644000043 48.144899902000077)","Unfall 174861 (2020) Kat:3, Licht: 0","174861","3","3","5","10","14","7","0","0","1","0","0","0"
"POINT (11.430932418000054 48.149244500000066)","Unfall 174863 (2020) Kat:3, Licht: 2","174863","3","7","0","11","18","3","1","2","0","1","0","1"
"POINT (11.635711961000027 48.142620288000046)","Unfall 174866 (2020) Kat:3, Licht: 2","174866","3","2","6","11","17","3","0","2","0","1","1","0"
"POINT (11.502918681000040 48.131205345000069)","Unfall 174874 (2020) Kat:3, Licht: 2","174874","3","2","6","11","20","3","1","2","0","1","1","0"
"POINT (11.555113006000056 48.142179568000074)","Unfall 174877 (2020) Kat:3, Licht: 2","174877","3","7","0","11","19","3","1","2","1","0","0","0"
"POINT (11.580540592000034 48.139026109000042)","Unfall 174883 (2020) Kat:3, Licht: 0","174883","3","1","0","11","10","3","1","0","1","0","0","0"
"POINT (11.521149678000029 48.186168465000037)","Unfall 174940 (2020) Kat:3, Licht: 0","174940","3","1","0","11","14","5","0","0","1","0","0","0"
"POINT (11.477225781000072 48.115827058000036)","Unfall 174942 (2020) Kat:3, Licht: 0","174942","3","6","2","11","08","5","0","0","0","1","0","0"
"POINT (11.559110714000042 48.212893200000053)","Unfall 174956 (2020) Kat:3, Licht: 2","174956","3","3","5","11","16","2","0","2","1","1","0","0"
"POINT (11.562443687000041 48.124923562000049)","Unfall 174958 (2020) Kat:3, Licht: 0","174958","3","6","2","11","16","4","0","0","0","1","0","1"
"POINT (11.522057876000076 48.175420116000055)","Unfall 174970 (2020) Kat:2, Licht: 0","174970","2","6","3","11","15","1","0","0","1","0","0","0"
"POINT (11.568525235000038 48.133170391000078)","Unfall 174975 (2020) Kat:3, Licht: 2","174975","3","7","0","11","03","1","1","2","1","0","0","0"
"POINT (11.519926697000074 48.164145823000069)","Unfall 174980 (2020) Kat:3, Licht: 0","174980","3","1","0","11","16","1","0","0","1","0","0","0"
"POINT (11.521762416000058 48.091622566000069)","Unfall 174983 (2020) Kat:3, Licht: 0","174983","3","1","0","11","14","1","0","0","1","0","0","0"
"POINT (11.599093518000075 48.187210332000063)","Unfall 174985 (2020) Kat:3, Licht: 0","174985","3","7","2","11","16","5","0","0","0","1","0","1"
"POINT (11.519547590000059 48.113387574000058)","Unfall 174997 (2020) Kat:3, Licht: 1","174997","3","3","5","11","16","5","0","1","1","1","0","0"
"POINT (11.498087426000041 48.135697178000044)","Unfall 175008 (2020) Kat:2, Licht: 2","175008","2","4","6","11","18","4","0","2","0","1","1","0"
"POINT (11.606134936000046 48.120716063000032)","Unfall 175011 (2020) Kat:2, Licht: 0","175011","2","7","5","11","10","4","0","0","1","1","0","0"
"POINT (11.537792522000075 48.165897933000053)","Unfall 175023 (2020) Kat:3, Licht: 2","175023","3","7","5","11","18","5","0","2","1","1","0","0"
"POINT (11.535157674000061 48.116914630000053)","Unfall 175033 (2020) Kat:3, Licht: 2","175033","3","7","5","11","19","3","0","2","1","1","0","0"
"POINT (11.534518924000054 48.152497591000042)","Unfall 175034 (2020) Kat:3, Licht: 0","175034","3","6","3","11","14","5","0","0","1","0","0","0"
"POINT (11.651065293000045 48.157280359000026)","Unfall 175046 (2020) Kat:3, Licht: 0","175046","3","6","6","11","15","2","0","0","0","1","1","0"
"POINT (11.574900994000075 48.161471731000063)","Unfall 175047 (2020) Kat:3, Licht: 2","175047","3","3","5","11","17","5","0","2","1","0","0","0"
"POINT (11.589582631000042 48.131742977000044)","Unfall 175054 (2020) Kat:3, Licht: 0","175054","3","6","0","11","08","2","0","0","1","0","0","0"
"POINT (11.600645088000022 48.135603103000051)","Unfall 175057 (2020) Kat:3, Licht: 0","175057","3","6","4","11","15","2","0","0","1","1","0","0"
"POINT (11.501895987000069 48.152898344000050)","Unfall 175059 (2020) Kat:3, Licht: 0","175059","3","7","0","11","16","7","0","0","1","0","0","0"
"POINT (11.600673795000034 48.153608873000053)","Unfall 175062 (2020) Kat:3, Licht: 0","175062","3","2","4","11","14","7","0","0","1","1","0","0"
"POINT (11.463608135000072 48.146527279000054)","Unfall 175063 (2020) Kat:3, Licht: 0","175063","3","6","1","11","16","4","0","0","0","1","0","0"
"POINT (11.504080176000059 48.172948012000063)","Unfall 175074 (2020) Kat:2, Licht: 2","175074","2","2","5","11","18","4","0","2","0","1","0","0"
"POINT (11.569066147000058 48.158917674000065)","Unfall 175087 (2020) Kat:3, Licht: 2","175087","3","2","5","11","19","3","0","2","1","1","0","0"
"POINT (11.654045341000028 48.100295476000042)","Unfall 175088 (2020) Kat:3, Licht: 2","175088","3","7","5","11","17","5","0","2","0","0","0","1"
"POINT (11.537223450000056 48.151697951000074)","Unfall 175092 (2020) Kat:3, Licht: 1","175092","3","6","2","11","17","5","0","1","0","1","0","0"
"POINT (11.537645648000023 48.166213245000051)","Unfall 175104 (2020) Kat:3, Licht: 2","175104","3","6","2","11","18","4","0","2","0","1","0","0"
"POINT (11.547925016000022 48.197325839000030)","Unfall 175115 (2020) Kat:2, Licht: 0","175115","2","7","1","11","09","4","1","0","0","1","0","0"
"POINT (11.555933594000066 48.128374897000072)","Unfall 175131 (2020) Kat:3, Licht: 0","175131","3","3","5","11","13","5","0","0","1","1","0","0"
"POINT (11.590141218000042 48.101260152000066)","Unfall 175141 (2020) Kat:3, Licht: 0","175141","3","5","0","11","12","3","0","0","0","1","0","1"
"POINT (11.567788739000036 48.187262905000068)","Unfall 175143 (2020) Kat:3, Licht: 2","175143","3","6","0","11","17","5","0","2","0","1","0","0"
"POINT (11.560507463000022 48.141872670000055)","Unfall 175155 (2020) Kat:3, Licht: 2","175155","3","6","6","11","17","5","0","2","0","0","1","0"
"POINT (11.580363549000026 48.157866639000076)","Unfall 175169 (2020) Kat:3, Licht: 0","175169","3","2","3","11","14","4","0","0","1","1","0","0"
"POINT (11.556434532000026 48.213895414000035)","Unfall 175176 (2020) Kat:3, Licht: 0","175176","3","4","6","11","11","6","0","0","0","1","1","0"
"POINT (11.577775606000046 48.136297081000066)","Unfall 175179 (2020) Kat:3, Licht: 2","175179","3","5","0","11","18","6","0","2","1","1","0","0"
"POINT (11.411103215000026 48.134977213000070)","Unfall 175181 (2020) Kat:3, Licht: 2","175181","3","2","4","11","17","4","0","2","0","1","0","0"
"POINT (11.534722659000067 48.152422084000079)","Unfall 175182 (2020) Kat:2, Licht: 2","175182","2","4","6","11","17","6","0","2","0","1","1","0"
"POINT (11.671881848000055 48.122620892000043)","Unfall 175187 (2020) Kat:3, Licht: 0","175187","3","6","2","11","15","6","0","0","0","1","0","0"
"POINT (11.606427055000040 48.186405567000065)","Unfall 175190 (2020) Kat:3, Licht: 0","175190","3","2","5","11","09","6","0","0","1","1","0","0"
"POINT (11.555994165000072 48.137481649000051)","Unfall 175191 (2020) Kat:2, Licht: 0","175191","2","2","3","11","10","3","0","0","1","1","0","0"
"POINT (11.578908030000036 48.145208688000025)","Unfall 175195 (2020) Kat:3, Licht: 2","175195","3","2","3","11","18","5","0","2","1","0","0","0"
"POINT (11.604792533000023 48.105284993000055)","Unfall 175198 (2020) Kat:3, Licht: 0","175198","3","6","2","11","12","6","0","0","0","1","0","0"
"POINT (11.579367894000029 48.146472129000074)","Unfall 175205 (2020) Kat:3, Licht: 0","175205","3","6","3","11","15","5","0","0","1","0","0","0"
"POINT (11.634596738000027 48.169177208000065)","Unfall 175208 (2020) Kat:3, Licht: 0","175208","3","7","3","11","12","6","0","0","0","1","0","0"
"POINT (11.572483007000073 48.139463365000040)","Unfall 175223 (2020) Kat:3, Licht: 0","175223","3","4","6","11","11","3","0","0","1","0","1","0"
"POINT (11.584794730000056 48.141358627000045)","Unfall 175232 (2020) Kat:3, Licht: 0","175232","3","7","0","11","11","3","0","0","1","1","0","0"
"POINT (11.647930347000056 48.162371846000042)","Unfall 175233 (2020) Kat:3, Licht: 0","175233","3","3","5","11","16","2","0","0","0","1","0","0"
"POINT (11.421664341000053 48.146930857000029)","Unfall 175248 (2020) Kat:3, Licht: 0","175248","3","5","3","11","10","2","0","0","1","1","0","0"
"POINT (11.574943702000041 48.170183706000046)","Unfall 175258 (2020) Kat:3, Licht: 2","175258","3","1","0","11","18","2","0","2","1","0","0","0"
"POINT (11.633473912000056 48.124918107000042)","Unfall 175275 (2020) Kat:3, Licht: 2","175275","3","1","8","11","06","3","0","2","0","0","0","1"
"POINT (11.616771407000044 48.154893039000058)","Unfall 175285 (2020) Kat:2, Licht: 2","175285","2","1","0","11","00","2","0","2","1","0","0","0"
"POINT (11.586129305000043 48.169480708000037)","Unfall 175286 (2020) Kat:3, Licht: 0","175286","3","2","5","11","15","3","0","0","0","1","0","0"
"POINT (11.551182148000066 48.100668998000060)","Unfall 175295 (2020) Kat:3, Licht: 2","175295","3","1","0","11","17","2","0","2","1","0","0","0"
"POINT (11.508129667000048 48.106957414000078)","Unfall 175309 (2020) Kat:2, Licht: 0","175309","2","3","5","11","15","1","0","0","1","1","0","0"
"POINT (11.507922890000032 48.078410467000026)","Unfall 175316 (2020) Kat:2, Licht: 0","175316","2","4","6","11","11","7","0","0","0","1","1","0"
"POINT (11.591035100000056 48.138045693000038)","Unfall 175322 (2020) Kat:3, Licht: 0","175322","3","6","4","11","14","1","0","0","1","0","0","0"
"POINT (11.556827004000070 48.143264037000051)","Unfall 175325 (2020) Kat:3, Licht: 0","175325","3","5","1","11","15","3","0","0","1","1","0","0"
"POINT (11.458931299000028 48.190148315000044)","Unfall 175326 (2020) Kat:3, Licht: 0","175326","3","6","3","11","10","4","0","0","1","0","0","0"
"POINT (11.584990120000043 48.151034432000074)","Unfall 175334 (2020) Kat:3, Licht: 0","175334","3","5","0","11","14","7","0","0","1","1","0","0"
"POINT (11.528260374000070 48.165281338000057)","Unfall 175337 (2020) Kat:3, Licht: 0","175337","3","3","5","11","15","3","0","0","1","1","0","0"
"POINT (11.508341521000034 48.163194350000026)","Unfall 175338 (2020) Kat:3, Licht: 2","175338","3","6","2","11","19","4","0","2","0","1","0","0"
"POINT (11.642831595000075 48.103762707000044)","Unfall 175339 (2020) Kat:3, Licht: 0","175339","3","2","6","11","12","2","0","0","0","1","1","0"
"POINT (11.669852867000031 48.107864666000069)","Unfall 175348 (2020) Kat:3, Licht: 0","175348","3","6","2","11","09","7","0","0","1","1","0","0"
"POINT (11.554901629000028 48.154829155000073)","Unfall 175352 (2020) Kat:2, Licht: 2","175352","2","4","6","11","07","2","1","2","0","1","1","0"
"POINT (11.579266486000051 48.125617492000060)","Unfall 175357 (2020) Kat:3, Licht: 2","175357","3","1","0","11","00","7","0","2","1","0","0","0"
"POINT (11.527015885000026 48.136903144000030)","Unfall 175358 (2020) Kat:2, Licht: 0","175358","2","6","3","11","11","4","0","0","1","0","0","0"
"POINT (11.591288805000033 48.139106537000032)","Unfall 175360 (2020) Kat:3, Licht: 0","175360","3","7","6","11","13","4","0","0","1","0","1","0"
"POINT (11.567805987000042 48.163234944000067)","Unfall 175363 (2020) Kat:3, Licht: 2","175363","3","2","4","11","18","2","0","2","1","1","0","0"
"POINT (11.562917582000068 48.146458957000050)","Unfall 175368 (2020) Kat:3, Licht: 2","175368","3","2","3","11","17","7","0","2","0","1","0","1"
"POINT (11.467513675000077 48.212553818000060)","Unfall 175376 (2020) Kat:3, Licht: 2","175376","3","5","1","11","06","3","0","2","0","1","0","1"
"POINT (11.563824790000069 48.203279322000071)","Unfall 175377 (2020) Kat:3, Licht: 0","175377","3","7","0","11","13","4","0","0","1","0","0","0"
"POINT (11.531391148000068 48.184041765000075)","Unfall 175381 (2020) Kat:3, Licht: 2","175381","3","6","2","11","17","7","0","2","0","1","0","0"
"POINT (11.492614504000073 48.127979757000048)","Unfall 175386 (2020) Kat:3, Licht: 2","175386","3","7","0","11","23","7","0","2","1","0","0","0"
"POINT (11.566266872000028 48.154257021000035)","Unfall 175389 (2020) Kat:3, Licht: 2","175389","3","1","0","11","17","3","0","2","1","0","0","0"
"POINT (11.612994761000039 48.121034412000029)","Unfall 175390 (2020) Kat:3, Licht: 1","175390","3","2","5","11","06","2","1","1","1","1","0","0"
"POINT (11.542447953000021 48.135792641000080)","Unfall 175392 (2020) Kat:3, Licht: 2","175392","3","2","3","11","18","6","0","2","1","1","0","0"