WKT,Name,OBJECTID,UKATEGORIE,UTYP1,UART,UMONAT,USTUNDE,UWOCHENTAG,STRZUSTAND,ULICHTVERH,ISTRAD,ISTPKW,ISTFUSS,ISTKRAD
"POINT (11.472868323000057 48.162358337000057)","Unfall 175395 (2020) Kat:3, Licht: 0","175395","3","3","0","11","15","6","0","0","1","1","0","0"
"POINT (11.558787917000075 48.147442081000065)","Unfall 175398 (2020) Kat:3, Licht: 0","175398","3","2","5","11","10","6","0","0","1","1","0","0"
"POINT (11.657856679000076 48.120071425000049)","Unfall 175404 (2020) Kat:3, Licht: 0","175404","3","1","0","11","07","6","0","0","1","0","0","0"
"POINT (11.557799224000064 48.096424678000062)","Unfall 175407 (2020) Kat:3, Licht: 0","175407","3","1","0","11","15","7","0","0","1","0","0","0"
"POINT (11.513938653000025 48.076206080000077)","Unfall 175415 (2020) Kat:2, Licht: 0","175415","2","7","8","11","14","1","0","0","0","0","0","1"
"POINT (11.586095408000062 48.170905091000066)","Unfall 175416 (2020) Kat:3, Licht: 2","175416","3","6","1","11","21","6","0","2","0","1","0","0"
"POINT (11.519340076000049 48.150376476000076)","Unfall 175422 (2020) Kat:2, Licht: 1","175422","2","2","4","11","17","6","0","1","1","1","0","0"
"POINT (11.544111837000059 48.146878256000036)","Unfall 175423 (2020) Kat:1, Licht: 0","175423","1","4","6","11","16","6","0","0","0","1","1","0"
"POINT (11.613164491000077 48.124682653000036)","Unfall 175425 (2020) Kat:3, Licht: 1","175425","3","2","4","11","06","6","0","1","0","1","0","0"
"POINT (11.538173871000026 48.154504333000034)","Unfall 175426 (2020) Kat:3, Licht: 0","175426","3","6","3","11","14","1","0","0","1","0","0","0"
"POINT (11.630003279000050 48.099452027000041)","Unfall 175427 (2020) Kat:3, Licht: 1","175427","3","5","2","11","15","6","0","1","0","1","0","0"
"POINT (11.593255614000043 48.122866283000064)","Unfall 175429 (2020) Kat:3, Licht: 0","175429","3","3","5","11","13","3","0","0","1","0","0","0"
"POINT (11.437331469000071 48.164753669000049)","Unfall 175433 (2020) Kat:3, Licht: 0","175433","3","3","5","11","15","6","0","0","1","1","0","0"
"POINT (11.556003179000072 48.140644112000075)","Unfall 175436 (2020) Kat:3, Licht: 2","175436","3","6","3","11","13","6","0","2","1","0","0","0"
"POINT (11.543158303000041 48.122189943000080)","Unfall 175441 (2020) Kat:3, Licht: 0","175441","3","4","6","11","15","6","0","0","1","0","1","0"
"POINT (11.563621838000074 48.150183811000034)","Unfall 175443 (2020) Kat:2, Licht: 2","175443","2","3","5","11","17","3","0","2","0","1","0","1"
"POINT (11.534805878000043 48.140039309000031)","Unfall 175446 (2020) Kat:3, Licht: 0","175446","3","2","2","11","08","6","0","0","0","1","0","0"
"POINT (11.561901794000050 48.125096076000034)","Unfall 175449 (2020) Kat:3, Licht: 0","175449","3","2","2","11","15","6","0","0","0","1","0","1"
"POINT (11.555810907000023 48.134811195000054)","Unfall 175452 (2020) Kat:3, Licht: 0","175452","3","2","5","11","12","2","0","0","1","1","0","0"
"POINT (11.625353041000039 48.131776666000064)","Unfall 175453 (2020) Kat:3, Licht: 0","175453","3","3","5","11","14","2","0","0","1","1","0","0"
"POINT (11.594045562000076 48.128505831000041)","Unfall 175464 (2020) Kat:3, Licht: 0","175464","3","1","0","11","09","1","0","0","1","0","0","0"
"POINT (11.576273528000058 48.127831277000041)","Unfall 175470 (2020) Kat:3, Licht: 2","175470","3","3","0","11","02","7","0","2","0","1","0","0"
"POINT (11.643170573000077 48.109008128000028)","Unfall 175473 (2020) Kat:3, Licht: 0","175473","3","3","5","11","16","3","0","0","1","1","0","0"
"POINT (11.448880772000052 48.173507409000081)","Unfall 175483 (2020) Kat:2, Licht: 2","175483","2","2","4","11","06","2","0","2","1","1","0","0"
"POINT (11.645091372000024 48.099076858000046)","Unfall 175485 (2020) Kat:3, Licht: 2","175485","3","6","1","11","17","2","1","2","0","1","0","0"
"POINT (11.567192666000039 48.207808731000057)","Unfall 175487 (2020) Kat:3, Licht: 2","175487","3","1","1","11","00","1","1","2","0","1","0","0"
"POINT (11.549699806000035 48.125103970000055)","Unfall 175493 (2020) Kat:3, Licht: 2","175493","3","3","5","11","23","2","1","2","0","1","0","0"
"POINT (11.577196880000031 48.138695785000039)","Unfall 175511 (2020) Kat:3, Licht: 0","175511","3","5","1","11","11","7","0","0","1","1","0","0"
"POINT (11.527789611000060 48.206402459000060)","Unfall 175515 (2020) Kat:3, Licht: 0","175515","3","6","4","11","07","4","0","0","1","0","0","0"
"POINT (11.575467244000038 48.154547142000069)","Unfall 175518 (2020) Kat:3, Licht: 0","175518","3","7","5","11","10","4","0","0","1","1","0","0"
"POINT (11.486693085000070 48.110926267000082)","Unfall 175522 (2020) Kat:3, Licht: 2","175522","3","3","5","11","18","7","0","2","0","1","0","0"
"POINT (11.628300050000064 48.147356843000068)","Unfall 175525 (2020) Kat:3, Licht: 2","175525","3","2","3","11","17","3","0","2","1","1","0","0"
"POINT (11.520257228000048 48.145990494000046)","Unfall 175537 (2020) Kat:3, Licht: 0","175537","3","2","5","11","13","3","0","0","1","1","0","0"
"POINT (11.485840440000061 48.128637465000054)","Unfall 175538 (2020) Kat:3, Licht: 0","175538","3","7","1","11","08","2","0","0","0","1","1","0"
"POINT (11.659230357000069 48.103512019000050)","Unfall 175550 (2020) Kat:3, Licht: 1","175550","3","2","6","11","16","2","1","1","0","1","1","0"
"POINT (11.568853573000069 48.154978511000081)","Unfall 175557 (2020) Kat:3, Licht: 0","175557","3","7","0","11","15","4","0","0","1","1","0","0"
"POINT (11.410970614000064 48.134858396000027)","Unfall 175561 (2020) Kat:3, Licht: 0","175561","3","3","5","11","15","7","0","0","0","1","0","0"
"POINT (11.587226491000024 48.190930661000039)","Unfall 175566 (2020) Kat:2, Licht: 0","175566","2","3","5","11","12","7","0","0","0","1","0","0"
"POINT (11.541266392000068 48.154224691000081)","Unfall 175570 (2020) Kat:3, Licht: 0","175570","3","7","6","11","14","4","0","0","0","1","1","0"
"POINT (11.453838354000027 48.166578500000071)","Unfall 175578 (2020) Kat:2, Licht: 0","175578","2","7","9","11","09","3","1","0","0","1","0","0"
"POINT (11.591961303000062 48.122629874000040)","Unfall 175580 (2020) Kat:3, Licht: 0","175580","3","4","6","11","09","2","0","0","1","0","1","0"
"POINT (11.564904448000050 48.187046730000077)","Unfall 175591 (2020) Kat:2, Licht: 0","175591","2","6","3","11","13","6","0","0","0","1","0","1"
"POINT (11.590270979000024 48.166621684000063)","Unfall 175592 (2020) Kat:3, Licht: 0","175592","3","7","4","11","14","2","1","0","0","1","0","0"
"POINT (11.583786864000047 48.138382871000033)","Unfall 175604 (2020) Kat:3, Licht: 0","175604","3","6","3","11","12","6","0","0","1","0","0","0"
"POINT (11.615466008000055 48.142487232000065)","Unfall 175605 (2020) Kat:3, Licht: 0","175605","3","2","3","11","07","2","0","0","1","1","0","0"
"POINT (11.645295307000026 48.098965558000032)","Unfall 175607 (2020) Kat:3, Licht: 0","175607","3","3","5","11","15","5","1","0","0","1","0","0"
"POINT (11.529173915000058 48.100127299000064)","Unfall 175611 (2020) Kat:3, Licht: 1","175611","3","7","3","11","16","5","1","1","1","1","0","0"
"POINT (11.541063529000041 48.121623316000068)","Unfall 175615 (2020) Kat:3, Licht: 0","175615","3","6","2","11","12","5","1","0","0","1","0","0"
"POINT (11.559106393000036 48.150105099000029)","Unfall 175621 (2020) Kat:3, Licht: 0","175621","3","6","3","11","08","5","0","0","0","1","0","1"
"POINT (11.570417068000040 48.132185484000047)","Unfall 175622 (2020) Kat:3, Licht: 0","175622","3","2","5","11","13","7","0","0","1","1","0","0"
"POINT (11.671087678000049 48.128789626000071)","Unfall 175626 (2020) Kat:3, Licht: 0","175626","3","3","5","11","15","6","0","0","0","1","0","0"
"POINT (11.506392070000061 48.179352595000069)","Unfall 175627 (2020) Kat:3, Licht: 0","175627","3","1","0","11","11","4","0","0","1","0","0","0"
"POINT (11.566841171000021 48.133334481000077)","Unfall 175629 (2020) Kat:3, Licht: 0","175629","3","7","0","11","11","6","0","0","1","0","0","0"
"POINT (11.499690187000056 48.135494830000027)","Unfall 175632 (2020) Kat:3, Licht: 0","175632","3","2","5","11","07","5","0","0","1","1","0","0"
"POINT (11.440875752000068 48.180640736000043)","Unfall 175633 (2020) Kat:2, Licht: 0","175633","2","3","5","11","10","7","0","0","0","1","0","0"
"POINT (11.549753311000075 48.137549754000077)","Unfall 175636 (2020) Kat:3, Licht: 2","175636","3","2","5","11","17","3","0","2","0","1","0","1"
"POINT (11.566433750000044 48.115105814000060)","Unfall 175639 (2020) Kat:3, Licht: 0","175639","3","3","5","11","12","5","1","0","0","1","0","0"
"POINT (11.503027961000043 48.142213811000033)","Unfall 175640 (2020) Kat:3, Licht: 0","175640","3","6","3","11","12","5","1","0","1","0","0","0"
"POINT (11.581000475000053 48.149931423000055)","Unfall 175642 (2020) Kat:3, Licht: 0","175642","3","6","2","11","16","5","1","0","1","1","0","0"
"POINT (11.497261397000045 48.132952989000046)","Unfall 175646 (2020) Kat:3, Licht: 0","175646","3","5","0","11","16","6","0","0","1","1","0","0"
"POINT (11.548451055000044 48.197447246000081)","Unfall 175647 (2020) Kat:3, Licht: 0","175647","3","3","5","11","15","5","1","0","0","1","0","0"
"POINT (11.575305395000044 48.187749527000051)","Unfall 175650 (2020) Kat:3, Licht: 1","175650","3","2","5","11","16","3","0","1","0","0","0","1"
"POINT (11.564640596000061 48.198545083000056)","Unfall 175651 (2020) Kat:3, Licht: 2","175651","3","5","5","11","18","2","1","2","1","1","0","0"
"POINT (11.523649082000077 48.133624815000076)","Unfall 175652 (2020) Kat:3, Licht: 0","175652","3","7","0","11","11","5","0","0","1","0","0","0"
"POINT (11.557855099000051 48.151028358000076)","Unfall 175655 (2020) Kat:3, Licht: 2","175655","3","2","5","11","19","5","0","2","1","1","0","0"
"POINT (11.499754326000073 48.135655695000025)","Unfall 175661 (2020) Kat:3, Licht: 0","175661","3","3","5","11","16","5","0","0","1","1","0","0"
"POINT (11.670279724000068 48.118302666000034)","Unfall 175663 (2020) Kat:3, Licht: 2","175663","3","6","2","11","16","2","1","2","0","1","0","0"
"POINT (11.547096139000075 48.134521321000079)","Unfall 175665 (2020) Kat:3, Licht: 0","175665","3","2","5","11","14","5","1","0","0","1","0","0"
"POINT (11.580547936000073 48.139024679000045)","Unfall 175668 (2020) Kat:3, Licht: 2","175668","3","1","0","11","17","5","1","2","1","0","0","0"
"POINT (11.598522381000066 48.141120655000066)","Unfall 175672 (2020) Kat:3, Licht: 0","175672","3","3","5","11","12","6","0","0","0","1","0","0"
"POINT (11.612974386000076 48.123360214000058)","Unfall 175676 (2020) Kat:3, Licht: 0","175676","3","3","5","11","13","7","0","0","0","1","0","0"
"POINT (11.662143137000044 48.132307368000056)","Unfall 175680 (2020) Kat:3, Licht: 0","175680","3","5","1","11","13","4","0","0","1","1","0","0"
"POINT (11.600101946000052 48.119532760000027)","Unfall 175685 (2020) Kat:2, Licht: 2","175685","2","2","3","11","07","4","0","2","1","1","0","0"
"POINT (11.537737673000038 48.096159646000046)","Unfall 175689 (2020) Kat:3, Licht: 0","175689","3","2","3","11","12","7","0","0","1","1","0","0"
"POINT (11.569534535000059 48.111456550000071)","Unfall 175692 (2020) Kat:3, Licht: 0","175692","3","2","6","11","08","3","0","0","0","1","1","0"
"POINT (11.631693390000066 48.130596040000057)","Unfall 175703 (2020) Kat:3, Licht: 0","175703","3","6","3","11","11","2","0","0","1","0","0","0"
"POINT (11.633899762000055 48.136161412000035)","Unfall 175716 (2020) Kat:3, Licht: 0","175716","3","2","3","11","09","2","0","0","1","1","0","0"
"POINT (11.499640942000042 48.192713166000033)","Unfall 175729 (2020) Kat:2, Licht: 0","175729","2","3","5","11","14","7","0","0","1","0","0","0"
"POINT (11.520966382000040 48.179436356000053)","Unfall 175735 (2020) Kat:3, Licht: 0","175735","3","6","2","11","13","4","0","0","1","1","0","0"
"POINT (11.577873853000028 48.142545856000027)","Unfall 175737 (2020) Kat:3, Licht: 2","175737","3","7","6","11","18","6","0","2","1","0","1","0"
"POINT (11.537137451000035 48.151715605000049)","Unfall 175742 (2020) Kat:3, Licht: 0","175742","3","2","5","11","08","3","0","0","0","1","0","0"
"POINT (11.581673327000033 48.144797210000036)","Unfall 175771 (2020) Kat:3, Licht: 2","175771","3","3","5","12","18","4","0","2","1","1","0","0"
"POINT (11.586123687000054 48.170590880000077)","Unfall 175777 (2020) Kat:3, Licht: 2","175777","3","7","2","11","19","2","0","2","0","1","0","0"
"POINT (11.503139900000065 48.138933680000036)","Unfall 175779 (2020) Kat:3, Licht: 2","175779","3","4","6","11","19","2","0","2","1","0","1","0"
"POINT (11.580168090000029 48.128531792000047)","Unfall 175780 (2020) Kat:3, Licht: 0","175780","3","4","6","11","09","2","0","0","1","0","1","0"
"POINT (11.577789359000064 48.139521986000034)","Unfall 175782 (2020) Kat:3, Licht: 0","175782","3","5","0","11","08","2","0","0","1","0","0","0"
"POINT (11.552428342000042 48.155272389000061)","Unfall 175783 (2020) Kat:3, Licht: 0","175783","3","2","5","11","08","2","0","0","1","1","0","0"
"POINT (11.594679348000057 48.085912577000045)","Unfall 175785 (2020) Kat:3, Licht: 1","175785","3","2","5","11","07","2","0","1","1","1","0","0"
"POINT (11.584771420000038 48.114753474000054)","Unfall 175786 (2020) Kat:3, Licht: 2","175786","3","6","2","12","17","4","0","2","0","1","0","0"
"POINT (11.596182132000024 48.131516658000066)","Unfall 175787 (2020) Kat:3, Licht: 0","175787","3","3","5","11","07","2","0","0","1","1","0","0"
"POINT (11.530750202000036 48.103860345000044)","Unfall 175788 (2020) Kat:2, Licht: 2","175788","2","7","0","11","17","2","0","2","1","0","0","0"
"POINT (11.588995835000048 48.124862337000081)","Unfall 175792 (2020) Kat:3, Licht: 0","175792","3","2","5","12","13","5","0","0","1","0","0","0"
"POINT (11.538421884000059 48.144547044000035)","Unfall 175796 (2020) Kat:3, Licht: 0","175796","3","1","0","12","14","4","0","0","0","0","0","1"
"POINT (11.546125777000043 48.186635141000068)","Unfall 175825 (2020) Kat:3, Licht: 0","175825","3","7","0","12","11","3","1","0","0","0","0","0"
"POINT (11.656185920000041 48.154279232000079)","Unfall 175828 (2020) Kat:3, Licht: 0","175828","3","3","5","12","08","3","2","0","1","1","0","0"
"POINT (11.647777053000027 48.098608071000058)","Unfall 175833 (2020) Kat:2, Licht: 2","175833","2","2","6","12","18","3","1","2","0","1","1","0"
"POINT (11.528268642000057 48.162121703000025)","Unfall 175835 (2020) Kat:2, Licht: 0","175835","2","7","1","12","10","4","0","0","0","1","0","0"
"POINT (11.581693369000050 48.137139214000058)","Unfall 175837 (2020) Kat:3, Licht: 0","175837","3","6","4","12","10","3","2","0","1","1","0","0"
"POINT (11.540360762000034 48.118360071000041)","Unfall 175838 (2020) Kat:3, Licht: 0","175838","3","2","4","11","15","1","0","0","1","1","0","0"
"POINT (11.571173743000031 48.131675330000064)","Unfall 175839 (2020) Kat:3, Licht: 2","175839","3","5","2","12","19","4","1","2","0","1","0","0"
"POINT (11.421473152000033 48.147472083000025)","Unfall 175840 (2020) Kat:3, Licht: 1","175840","3","2","4","11","16","1","0","1","0","1","0","0"
"POINT (11.579614190000029 48.134469472000035)","Unfall 175846 (2020) Kat:3, Licht: 0","175846","3","4","6","12","15","3","1","0","0","1","1","0"
"POINT (11.572510546000046 48.204994116000080)","Unfall 175848 (2020) Kat:2, Licht: 0","175848","2","6","4","12","08","4","0","0","1","0","0","0"
"POINT (11.547962101000053 48.123972837000053)","Unfall 175858 (2020) Kat:3, Licht: 0","175858","3","7","0","12","08","3","1","0","0","0","0","1"
"POINT (11.458216163000031 48.153406496000059)","Unfall 175860 (2020) Kat:3, Licht: 1","175860","3","6","4","12","07","3","2","1","1","1","0","0"
"POINT (11.412376018000032 48.138946867000072)","Unfall 175867 (2020) Kat:3, Licht: 2","175867","3","6","2","12","21","3","1","2","0","1","0","0"
"POINT (11.548118471000066 48.149546047000058)","Unfall 175870 (2020) Kat:3, Licht: 0","175870","3","1","0","12","08","3","2","0","1","0","0","0"
"POINT (11.483993770000041 48.116773505000026)","Unfall 175873 (2020) Kat:3, Licht: 0","175873","3","3","5","12","08","3","1","0","0","1","0","0"
"POINT (11.649116583000023 48.111871712000038)","Unfall 175875 (2020) Kat:3, Licht: 2","175875","3","7","8","11","20","7","0","2","0","1","0","0"
"POINT (11.520434162000072 48.137088900000037)","Unfall 175882 (2020) Kat:3, Licht: 0","175882","3","7","5","12","11","4","1","0","1","1","0","0"
"POINT (11.577387654000063 48.153791556000044)","Unfall 175884 (2020) Kat:3, Licht: 1","175884","3","6","3","12","07","3","2","1","1","1","0","0"
"POINT (11.502444057000048 48.121295125000074)","Unfall 175896 (2020) Kat:3, Licht: 2","175896","3","2","4","12","16","4","0","2","0","1","0","0"
"POINT (11.527517332000059 48.102382785000032)","Unfall 175906 (2020) Kat:3, Licht: 0","175906","3","7","0","12","07","4","1","0","1","0","0","0"
"POINT (11.647921677000056 48.128177316000063)","Unfall 175925 (2020) Kat:3, Licht: 1","175925","3","5","1","11","16","6","1","1","1","1","0","0"
"POINT (11.571602685000073 48.184486654000068)","Unfall 175927 (2020) Kat:3, Licht: 0","175927","3","7","3","11","11","6","0","0","1","1","0","0"
"POINT (11.465402426000026 48.146254029000033)","Unfall 175928 (2020) Kat:3, Licht: 0","175928","3","7","4","11","10","6","0","0","0","1","0","0"
"POINT (11.559407725000028 48.141401526000038)","Unfall 175930 (2020) Kat:3, Licht: 0","175930","3","4","0","11","12","6","0","0","1","0","1","0"
"POINT (11.570693770000048 48.177543128000082)","Unfall 175931 (2020) Kat:3, Licht: 0","175931","3","2","5","11","15","6","0","0","0","1","0","0"
"POINT (11.609245550000026 48.150996935000080)","Unfall 175933 (2020) Kat:3, Licht: 0","175933","3","3","5","11","09","6","0","0","1","1","0","0"
"POINT (11.421681716000023 48.191815399000063)","Unfall 175955 (2020) Kat:3, Licht: 0","175955","3","6","4","12","14","5","2","0","1","1","0","0"
"POINT (11.577366809000068 48.145456471000045)","Unfall 175994 (2020) Kat:3, Licht: 0","175994","3","3","4","12","08","5","0","0","1","1","0","0"
"POINT (11.559145354000066 48.150094009000043)","Unfall 175995 (2020) Kat:3, Licht: 0","175995","3","5","1","11","11","5","0","0","0","1","0","0"
"POINT (11.481055595000043 48.088524622000079)","Unfall 175997 (2020) Kat:3, Licht: 1","175997","3","7","0","11","17","5","0","1","0","0","0","0"
"POINT (11.528999296000052 48.157572604000052)","Unfall 175998 (2020) Kat:3, Licht: 2","175998","3","5","1","11","16","5","1","2","1","1","0","0"
"POINT (11.529878807000046 48.119617067000036)","Unfall 176000 (2020) Kat:3, Licht: 2","176000","3","5","1","11","17","5","0","2","1","1","0","0"
"POINT (11.540538763000029 48.153084045000071)","Unfall 176002 (2020) Kat:3, Licht: 0","176002","3","3","5","11","13","5","0","0","1","1","0","0"
"POINT (11.503053345000069 48.135988817000054)","Unfall 176004 (2020) Kat:3, Licht: 0","176004","3","7","0","11","08","5","0","0","0","0","0","0"
"POINT (11.417271697000047 48.149357062000036)","Unfall 176018 (2020) Kat:3, Licht: 0","176018","3","5","1","12","11","4","2","0","1","1","0","0"
"POINT (11.582012128000031 48.184233401000029)","Unfall 176023 (2020) Kat:3, Licht: 0","176023","3","2","5","12","11","1","0","0","1","1","0","0"
"POINT (11.548532336000051 48.122247573000038)","Unfall 176029 (2020) Kat:3, Licht: 0","176029","3","2","6","12","08","4","1","0","0","1","1","0"
"POINT (11.502275321000070 48.191618649000077)","Unfall 176043 (2020) Kat:3, Licht: 0","176043","3","3","5","12","12","7","1","0","0","1","0","0"
"POINT (11.578898872000025 48.145275511000079)","Unfall 176053 (2020) Kat:3, Licht: 2","176053","3","3","5","12","04","6","1","2","0","1","0","0"
"POINT (11.562562670000034 48.140622047000079)","Unfall 176058 (2020) Kat:3, Licht: 2","176058","3","3","5","12","22","7","1","2","1","1","0","0"
"POINT (11.408327505000045 48.175413630000037)","Unfall 176064 (2020) Kat:3, Licht: 2","176064","3","3","5","12","07","6","0","2","1","1","0","0"
"POINT (11.609677530000056 48.118548962000034)","Unfall 176070 (2020) Kat:3, Licht: 0","176070","3","3","5","12","10","4","1","0","0","1","0","0"
"POINT (11.513107566000031 48.153684182000063)","Unfall 176075 (2020) Kat:3, Licht: 2","176075","3","2","5","12","18","1","1","2","0","1","0","0"
"POINT (11.620302878000075 48.153643817000045)","Unfall 176081 (2020) Kat:3, Licht: 2","176081","3","7","0","12","19","5","0","2","0","0","1","0"
"POINT (11.524665196000058 48.196503605000032)","Unfall 176087 (2020) Kat:3, Licht: 0","176087","3","4","6","12","08","2","1","0","0","1","1","0"
"POINT (11.616217439000025 48.148034403000054)","Unfall 176090 (2020) Kat:3, Licht: 0","176090","3","3","5","12","13","2","0","0","0","1","0","0"
"POINT (11.495448368000041 48.135902526000052)","Unfall 176098 (2020) Kat:3, Licht: 0","176098","3","2","4","12","07","2","1","0","1","1","0","0"
"POINT (11.519324307000034 48.181833553000047)","Unfall 176101 (2020) Kat:3, Licht: 0","176101","3","7","0","12","09","2","2","0","1","0","0","0"
"POINT (11.472934770000052 48.129085603000078)","Unfall 176104 (2020) Kat:3, Licht: 0","176104","3","5","1","12","09","6","0","0","0","1","1","0"
"POINT (11.454509179000070 48.204604774000074)","Unfall 176107 (2020) Kat:2, Licht: 1","176107","2","1","0","12","07","2","2","1","1","0","0","0"
"POINT (11.572799780000025 48.184486410000034)","Unfall 176110 (2020) Kat:3, Licht: 0","176110","3","4","6","12","09","2","1","0","0","1","1","0"
"POINT (11.503060895000033 48.135357588000034)","Unfall 176112 (2020) Kat:3, Licht: 0","176112","3","2","5","12","11","7","1","0","0","1","0","0"
"POINT (11.655350372000044 48.155527901000028)","Unfall 176117 (2020) Kat:3, Licht: 0","176117","3","7","6","12","08","6","0","0","0","1","1","0"
"POINT (11.567144367000026 48.140371679000054)","Unfall 176119 (2020) Kat:3, Licht: 0","176119","3","1","0","12","08","5","0","0","1","0","0","0"
"POINT (11.532481015000030 48.129953423000075)","Unfall 176120 (2020) Kat:3, Licht: 0","176120","3","2","5","12","08","2","1","0","1","1","0","0"
"POINT (11.589837428000067 48.137296433000074)","Unfall 176123 (2020) Kat:3, Licht: 0","176123","3","2","6","12","07","4","1","0","0","0","1","0"
"POINT (11.575010739000049 48.157636213000046)","Unfall 176130 (2020) Kat:2, Licht: 2","176130","2","2","4","12","20","2","0","2","0","1","0","1"
"POINT (11.504072989000065 48.098582124000075)","Unfall 176132 (2020) Kat:2, Licht: 0","176132","2","3","5","12","15","2","0","0","0","1","0","0"
"POINT (11.555989206000049 48.128359635000038)","Unfall 176133 (2020) Kat:3, Licht: 2","176133","3","3","5","12","18","1","1","2","1","1","0","0"
"POINT (11.548996891000058 48.150990309000065)","Unfall 176135 (2020) Kat:3, Licht: 0","176135","3","7","0","12","11","2","0","0","1","0","0","0"
"POINT (11.566362909000077 48.133215591000067)","Unfall 176138 (2020) Kat:3, Licht: 2","176138","3","1","9","12","02","3","1","2","1","0","0","0"
"POINT (11.579455627000073 48.146827546000054)","Unfall 176141 (2020) Kat:3, Licht: 0","176141","3","3","5","12","12","2","0","0","1","1","1","0"
"POINT (11.581997062000028 48.150435200000061)","Unfall 176143 (2020) Kat:3, Licht: 0","176143","3","6","0","12","15","2","0","0","0","1","0","1"
"POINT (11.565922243000045 48.134769675000030)","Unfall 176146 (2020) Kat:3, Licht: 0","176146","3","5","1","12","11","2","1","0","0","0","0","0"
"POINT (11.517682738000076 48.130459372000075)","Unfall 176149 (2020) Kat:3, Licht: 1","176149","3","4","6","12","16","3","0","1","0","0","1","0"
"POINT (11.529155536000076 48.176481296000077)","Unfall 176156 (2020) Kat:3, Licht: 2","176156","3","2","5","12","17","2","0","2","0","1","0","1"
"POINT (11.550603288000048 48.188747372000080)","Unfall 176157 (2020) Kat:3, Licht: 0","176157","3","3","5","12","13","6","0","0","1","1","0","0"
"POINT (11.539421421000043 48.127525121000076)","Unfall 176161 (2020) Kat:3, Licht: 0","176161","3","7","0","12","08","2","2","0","1","0","0","0"
"POINT (11.574901231000069 48.135040214000071)","Unfall 176162 (2020) Kat:3, Licht: 2","176162","3","4","6","12","17","6","0","2","0","1","1","0"
"POINT (11.586102978000042 48.161136834000047)","Unfall 176166 (2020) Kat:3, Licht: 0","176166","3","4","6","12","14","2","0","0","1","0","1","0"
"POINT (11.582644244000051 48.210793853000041)","Unfall 176168 (2020) Kat:3, Licht: 2","176168","3","7","1","12","17","7","1","2","0","1","0","0"
"POINT (11.578898872000025 48.145275511000079)","Unfall 176170 (2020) Kat:3, Licht: 0","176170","3","3","5","12","12","3","0","0","1","1","0","0"
"POINT (11.583192383000039 48.199342287000036)","Unfall 176171 (2020) Kat:3, Licht: 1","176171","3","7","6","12","16","6","1","1","0","1","1","0"
"POINT (11.631264176000059 48.166879448000032)","Unfall 176172 (2020) Kat:2, Licht: 2","176172","2","3","6","12","07","3","1","2","0","1","1","0"
"POINT (11.579287340000064 48.176042852000080)","Unfall 176173 (2020) Kat:3, Licht: 0","176173","3","7","0","12","16","6","0","0","0","0","0","0"
"POINT (11.564246181000044 48.163533468000026)","Unfall 176175 (2020) Kat:3, Licht: 0","176175","3","2","5","12","12","6","0","0","1","1","0","0"
"POINT (11.572866815000054 48.205056828000068)","Unfall 176181 (2020) Kat:3, Licht: 2","176181","3","3","5","12","06","4","1","2","1","1","0","0"
"POINT (11.545614869000076 48.137857396000072)","Unfall 176182 (2020) Kat:3, Licht: 0","176182","3","3","5","12","12","6","0","0","1","1","0","0"
"POINT (11.621790200000021 48.120064440000078)","Unfall 176186 (2020) Kat:3, Licht: 2","176186","3","2","6","12","18","1","1","2","0","1","1","0"
"POINT (11.563207884000064 48.208797547000074)","Unfall 176191 (2020) Kat:3, Licht: 2","176191","3","2","4","12","06","3","1","2","0","1","0","0"
"POINT (11.559846821000065 48.186706550000054)","Unfall 176192 (2020) Kat:3, Licht: 0","176192","3","7","6","12","13","5","1","0","0","1","1","0"
"POINT (11.558419465000043 48.129074133000074)","Unfall 176195 (2020) Kat:3, Licht: 0","176195","3","5","1","12","15","4","1","0","1","1","0","0"
"POINT (11.523788550000063 48.184781907000058)","Unfall 176215 (2020) Kat:3, Licht: 0","176215","3","7","0","12","10","3","0","0","1","0","0","0"
"POINT (11.558884060000025 48.146914986000070)","Unfall 176216 (2020) Kat:3, Licht: 2","176216","3","3","5","12","21","6","0","2","1","1","0","0"
"POINT (11.533667096000045 48.115978886000050)","Unfall 176222 (2020) Kat:2, Licht: 0","176222","2","4","6","12","08","4","1","0","0","1","1","0"
"POINT (11.595166009000025 48.147264746000076)","Unfall 176224 (2020) Kat:3, Licht: 2","176224","3","7","1","12","00","7","0","2","0","1","0","0"
"POINT (11.583329108000044 48.141560196000057)","Unfall 176228 (2020) Kat:3, Licht: 0","176228","3","2","5","12","09","6","0","0","1","0","0","0"
"POINT (11.563241445000074 48.208773242000063)","Unfall 176230 (2020) Kat:3, Licht: 2","176230","3","2","5","12","17","5","1","2","0","1","0","0"
"POINT (11.602208338000025 48.123945563000063)","Unfall 176234 (2020) Kat:3, Licht: 1","176234","3","2","5","12","07","4","1","1","1","1","0","0"
"POINT (11.527106769000056 48.182074492000027)","Unfall 176266 (2020) Kat:3, Licht: 0","176266","3","2","5","12","13","6","0","0","1","1","0","0"
"POINT (11.470638470000040 48.164659718000053)","Unfall 176273 (2020) Kat:3, Licht: 0","176273","3","3","5","12","12","7","1","0","1","1","0","0"
"POINT (11.570344573000057 48.130882966000058)","Unfall 176275 (2020) Kat:3, Licht: 0","176275","3","1","0","12","08","3","1","0","1","0","0","0"