WKT,Name,OBJECTID,UKATEGORIE,UTYP1,UART,UMONAT,USTUNDE,UWOCHENTAG,STRZUSTAND,ULICHTVERH,ISTRAD,ISTPKW,ISTFUSS,ISTKRAD
"POINT (11.597640512000055 48.135718934000067)","Unfall 176278 (2020) Kat:3, Licht: 0","176278","3","1","0","12","08","6","0","0","1","0","0","0"
"POINT (11.603873144000033 48.109606443000075)","Unfall 176283 (2020) Kat:3, Licht: 0","176283","3","6","2","12","15","5","0","0","0","1","0","0"
"POINT (11.502976924000052 48.126202495000030)","Unfall 176285 (2020) Kat:3, Licht: 2","176285","3","2","3","12","17","2","0","2","1","1","0","0"
"POINT (11.539956507000056 48.086560126000052)","Unfall 176295 (2020) Kat:3, Licht: 2","176295","3","4","6","12","16","3","0","2","0","1","1","0"
"POINT (11.640037812000060 48.086960544000078)","Unfall 176307 (2020) Kat:2, Licht: 2","176307","2","7","0","12","16","4","0","2","1","0","0","0"
"POINT (11.570818739000060 48.130992102000050)","Unfall 176308 (2020) Kat:3, Licht: 0","176308","3","5","2","12","10","3","0","0","1","1","0","0"
"POINT (11.567992616000026 48.137713996000059)","Unfall 176313 (2020) Kat:3, Licht: 0","176313","3","3","5","12","09","2","0","0","1","1","0","0"
"POINT (11.558420027000068 48.129093253000065)","Unfall 176315 (2020) Kat:3, Licht: 2","176315","3","1","0","12","21","5","2","2","1","0","0","0"
"POINT (11.584878558000071 48.166605442000048)","Unfall 176318 (2020) Kat:3, Licht: 2","176318","3","1","0","12","03","4","0","2","0","0","0","0"
"POINT (11.584258374000058 48.139958986000067)","Unfall 176324 (2020) Kat:3, Licht: 0","176324","3","1","0","12","10","2","0","0","1","1","0","0"
"POINT (11.573673189000033 48.158943449000049)","Unfall 176331 (2020) Kat:3, Licht: 0","176331","3","6","1","12","14","5","0","0","0","1","0","0"
"POINT (11.640048304000061 48.146470822000026)","Unfall 176335 (2020) Kat:2, Licht: 0","176335","2","2","3","12","11","6","0","0","1","0","0","0"
"POINT (11.630955668000070 48.118757361000064)","Unfall 176349 (2020) Kat:3, Licht: 1","176349","3","6","1","12","16","3","0","1","0","1","0","0"
"POINT (11.412541920000024 48.131802302000040)","Unfall 176350 (2020) Kat:3, Licht: 0","176350","3","7","0","12","15","6","0","0","0","0","0","1"
"POINT (11.640099197000040 48.146690469000077)","Unfall 176351 (2020) Kat:2, Licht: 0","176351","2","1","6","12","14","1","1","0","0","1","1","0"
"POINT (11.471527159000061 48.115117919000056)","Unfall 176356 (2020) Kat:3, Licht: 0","176356","3","6","2","12","15","4","0","0","0","1","0","0"
"POINT (11.471294348000072 48.164699616000064)","Unfall 176360 (2020) Kat:3, Licht: 2","176360","3","6","4","12","17","3","0","2","0","1","0","0"
"POINT (11.540138349000074 48.145516921000080)","Unfall 176370 (2020) Kat:3, Licht: 0","176370","3","5","2","12","08","5","0","0","0","1","0","0"
"POINT (11.590847423000071 48.111231653000061)","Unfall 176372 (2020) Kat:3, Licht: 2","176372","3","4","6","12","07","2","0","2","0","1","1","0"
"POINT (11.591946772000028 48.201507690000028)","Unfall 176373 (2020) Kat:3, Licht: 1","176373","3","4","6","12","18","5","1","1","0","0","1","0"
"POINT (11.533626872000070 48.116983717000039)","Unfall 176375 (2020) Kat:3, Licht: 0","176375","3","2","5","12","16","2","0","0","1","1","0","0"
"POINT (11.618929996000077 48.148681459000045)","Unfall 176382 (2020) Kat:3, Licht: 0","176382","3","2","6","12","11","2","0","0","0","1","1","1"
"POINT (11.485489698000038 48.086408980000044)","Unfall 176386 (2020) Kat:3, Licht: 2","176386","3","7","4","12","21","6","1","2","0","1","0","1"
"POINT (11.536129006000067 48.146294009000030)","Unfall 176399 (2020) Kat:3, Licht: 0","176399","3","2","3","12","12","3","0","0","0","1","0","0"
"POINT (11.567709258000036 48.176675042000056)","Unfall 176403 (2020) Kat:3, Licht: 0","176403","3","3","5","12","11","5","0","0","0","1","0","0"
"POINT (11.589442853000037 48.201326912000070)","Unfall 176410 (2020) Kat:3, Licht: 2","176410","3","3","5","12","19","4","1","2","0","1","0","1"
"POINT (11.580410956000037 48.149015106000036)","Unfall 176412 (2020) Kat:3, Licht: 0","176412","3","2","5","12","15","3","0","0","1","1","0","0"
"POINT (11.567742047000024 48.139613785000051)","Unfall 176415 (2020) Kat:3, Licht: 1","176415","3","1","6","12","07","5","0","1","0","1","1","0"
"POINT (11.489906537000024 48.184073835000049)","Unfall 176417 (2020) Kat:3, Licht: 0","176417","3","2","5","12","10","2","0","0","0","1","0","0"
"POINT (11.562083542000039 48.153007945000070)","Unfall 176421 (2020) Kat:3, Licht: 2","176421","3","1","0","12","18","4","0","2","0","0","0","0"
"POINT (11.561945753000032 48.125082304000045)","Unfall 176425 (2020) Kat:3, Licht: 0","176425","3","6","2","12","15","5","0","0","0","1","0","0"
"POINT (11.520879090000051 48.131803724000065)","Unfall 176427 (2020) Kat:3, Licht: 0","176427","3","4","6","12","09","2","0","0","0","0","1","0"
"POINT (11.522006545000067 48.137387876000048)","Unfall 176428 (2020) Kat:3, Licht: 0","176428","3","3","5","12","07","2","1","0","1","1","0","0"
"POINT (11.555094705000045 48.144354761000045)","Unfall 176430 (2020) Kat:3, Licht: 0","176430","3","6","3","12","09","2","1","0","1","0","0","0"
"POINT (11.605767679000053 48.135585838000054)","Unfall 176435 (2020) Kat:3, Licht: 2","176435","3","6","0","12","17","5","0","2","1","0","0","0"
"POINT (11.650580460000072 48.171013792000053)","Unfall 176437 (2020) Kat:3, Licht: 2","176437","3","2","4","12","20","2","0","2","1","0","0","0"
"POINT (11.634032688000048 48.097506444000032)","Unfall 176447 (2020) Kat:3, Licht: 0","176447","3","1","0","12","09","2","2","0","1","0","0","1"
"POINT (11.542026111000041 48.139522012000043)","Unfall 176448 (2020) Kat:3, Licht: 2","176448","3","7","3","12","07","3","1","2","0","1","0","0"
"POINT (11.598049208000077 48.135599423000031)","Unfall 176453 (2020) Kat:3, Licht: 0","176453","3","3","5","12","13","6","0","0","1","1","0","0"
"POINT (11.540166626000030 48.155593025000030)","Unfall 176454 (2020) Kat:2, Licht: 0","176454","2","6","3","12","13","1","0","0","0","1","0","1"
"POINT (11.599795644000039 48.086994718000028)","Unfall 176460 (2020) Kat:2, Licht: 0","176460","2","1","0","12","10","4","1","0","1","0","0","0"
"POINT (11.591007784000055 48.138028999000028)","Unfall 176464 (2020) Kat:3, Licht: 0","176464","3","6","4","12","13","5","0","0","1","0","0","0"
"POINT (11.566437288000031 48.115109143000041)","Unfall 176465 (2020) Kat:3, Licht: 2","176465","3","2","5","12","17","1","1","2","0","1","0","0"
"POINT (11.535392397000066 48.079986875000031)","Unfall 176469 (2020) Kat:3, Licht: 0","176469","3","7","1","12","16","5","1","0","1","0","0","0"
"POINT (11.475658824000050 48.183464077000053)","Unfall 176470 (2020) Kat:2, Licht: 2","176470","2","3","5","12","00","1","1","2","0","1","0","1"
"POINT (11.566346071000055 48.140480782000054)","Unfall 176472 (2020) Kat:3, Licht: 0","176472","3","1","0","12","14","4","0","0","1","0","0","0"
"POINT (11.568064752000055 48.204893460000051)","Unfall 176476 (2020) Kat:3, Licht: 0","176476","3","7","6","12","13","5","0","0","0","0","1","0"
"POINT (11.602541108000025 48.120031309000069)","Unfall 176478 (2020) Kat:3, Licht: 0","176478","3","7","6","12","07","2","0","0","0","1","0","0"
"POINT (11.565707387000032 48.156080535000058)","Unfall 176480 (2020) Kat:3, Licht: 0","176480","3","7","5","12","08","2","0","0","0","1","0","1"
"POINT (11.581453289000024 48.138845604000039)","Unfall 176484 (2020) Kat:3, Licht: 2","176484","3","4","6","12","17","5","0","2","1","0","1","0"
"POINT (11.595842962000063 48.141245393000077)","Unfall 176488 (2020) Kat:3, Licht: 0","176488","3","5","1","12","15","6","0","0","0","1","0","0"
"POINT (11.670979825000074 48.121545921000063)","Unfall 176492 (2020) Kat:3, Licht: 1","176492","3","2","4","12","16","7","1","1","0","1","0","0"
"POINT (11.578916847000073 48.139336582000055)","Unfall 176494 (2020) Kat:3, Licht: 0","176494","3","7","0","12","09","7","1","0","1","0","0","0"
"POINT (11.580209509000042 48.139153441000076)","Unfall 176497 (2020) Kat:3, Licht: 2","176497","3","4","6","12","18","7","1","2","0","1","1","0"
"POINT (11.560200455000029 48.139209055000038)","Unfall 176499 (2020) Kat:3, Licht: 1","176499","3","3","5","12","16","7","1","1","0","1","0","1"
"POINT (11.584924083000033 48.132253319000029)","Unfall 176501 (2020) Kat:3, Licht: 2","176501","3","2","5","12","17","3","0","2","1","1","0","0"
"POINT (11.521030006000046 48.126627527000039)","Unfall 176502 (2020) Kat:3, Licht: 0","176502","3","3","5","12","13","6","0","0","1","1","0","0"
"POINT (11.571532103000038 48.131363833000080)","Unfall 176503 (2020) Kat:3, Licht: 2","176503","3","3","5","12","17","1","0","2","0","1","0","0"
"POINT (11.410800883000036 48.161043604000042)","Unfall 176506 (2020) Kat:3, Licht: 0","176506","3","7","0","12","13","7","1","0","1","0","0","0"
"POINT (11.674451586000032 48.125617653000063)","Unfall 176507 (2020) Kat:3, Licht: 0","176507","3","7","0","12","14","7","1","0","0","1","0","0"
"POINT (11.605418503000067 48.104577338000070)","Unfall 176510 (2020) Kat:3, Licht: 2","176510","3","2","6","12","18","7","1","2","0","1","1","0"
"POINT (11.547984438000071 48.126667719000068)","Unfall 176511 (2020) Kat:3, Licht: 2","176511","3","3","5","12","16","4","0","2","1","1","0","0"
"POINT (11.595779570000047 48.146643114000028)","Unfall 176512 (2020) Kat:3, Licht: 0","176512","3","7","4","12","12","3","0","0","1","0","0","0"
"POINT (11.581527310000070 48.195949549000034)","Unfall 176514 (2020) Kat:3, Licht: 2","176514","3","4","6","12","17","7","0","2","0","1","1","0"
"POINT (11.492363147000049 48.134414568000068)","Unfall 176516 (2020) Kat:3, Licht: 0","176516","3","3","5","12","15","5","0","0","1","1","0","0"
"POINT (11.563241332000075 48.208774036000079)","Unfall 176517 (2020) Kat:3, Licht: 2","176517","3","2","4","12","18","7","1","2","0","1","0","0"
"POINT (11.580600496000045 48.187804784000036)","Unfall 176518 (2020) Kat:3, Licht: 0","176518","3","6","2","12","14","7","1","0","0","1","0","0"
"POINT (11.502427203000025 48.113648720000072)","Unfall 176525 (2020) Kat:2, Licht: 2","176525","2","4","6","12","17","5","0","2","0","0","1","1"
"POINT (11.535128001000032 48.146104781000076)","Unfall 176526 (2020) Kat:3, Licht: 1","176526","3","7","0","12","07","7","0","1","1","0","0","0"
"POINT (11.634568528000045 48.090894944000070)","Unfall 176528 (2020) Kat:3, Licht: 0","176528","3","3","4","12","09","2","0","0","1","1","0","0"
"POINT (11.500921752000067 48.181865115000051)","Unfall 176530 (2020) Kat:3, Licht: 0","176530","3","1","0","12","08","2","1","0","1","0","0","0"
"POINT (11.578783929000053 48.138065382000036)","Unfall 176534 (2020) Kat:3, Licht: 0","176534","3","3","5","12","13","7","1","0","1","1","0","0"
"POINT (11.583627161000038 48.144432206000033)","Unfall 176537 (2020) Kat:3, Licht: 0","176537","3","3","5","12","15","3","1","0","1","1","0","0"
"POINT (11.498059834000060 48.142676879000078)","Unfall 176542 (2020) Kat:3, Licht: 0","176542","3","3","5","12","12","3","0","0","0","1","0","0"
"POINT (11.585575083000037 48.175913719000050)","Unfall 176545 (2020) Kat:3, Licht: 2","176545","3","6","2","12","18","3","1","2","0","1","0","0"
"POINT (11.614332401000070 48.111602198000071)","Unfall 176547 (2020) Kat:3, Licht: 1","176547","3","2","5","12","07","3","1","1","0","1","0","0"
"POINT (11.674046360000034 48.126344223000046)","Unfall 176550 (2020) Kat:3, Licht: 2","176550","3","6","2","12","19","4","0","2","0","1","0","1"
"POINT (11.570093987000064 48.209712402000036)","Unfall 176557 (2020) Kat:2, Licht: 2","176557","2","4","6","12","17","3","1","2","0","0","1","1"
"POINT (11.478900663000047 48.122521114000051)","Unfall 176559 (2020) Kat:3, Licht: 1","176559","3","7","2","12","16","3","1","1","0","1","0","0"
"POINT (11.520384429000046 48.147638422000057)","Unfall 176564 (2020) Kat:3, Licht: 2","176564","3","3","5","12","18","3","1","2","0","1","0","0"
"POINT (11.570029396000052 48.130909797000072)","Unfall 176566 (2020) Kat:3, Licht: 0","176566","3","1","0","12","12","3","1","0","1","0","0","0"
"POINT (11.555884028000037 48.130004920000033)","Unfall 176588 (2020) Kat:3, Licht: 0","176588","3","3","5","12","12","3","1","0","1","1","0","0"
"POINT (11.655250587000069 48.109142376000079)","Unfall 176589 (2020) Kat:3, Licht: 0","176589","3","3","6","12","10","3","0","0","0","1","1","0"
"POINT (11.520386588000065 48.148277175000032)","Unfall 176592 (2020) Kat:2, Licht: 0","176592","2","1","0","12","10","3","2","0","1","0","0","0"
"POINT (11.537969170000054 48.154392108000081)","Unfall 176593 (2020) Kat:2, Licht: 2","176593","2","5","0","12","17","3","1","2","0","1","0","1"
"POINT (11.588584939000043 48.115388081000049)","Unfall 176595 (2020) Kat:2, Licht: 0","176595","2","1","0","12","10","3","2","0","1","0","0","0"
"POINT (11.587054077000062 48.130848425000067)","Unfall 176597 (2020) Kat:2, Licht: 0","176597","2","7","0","12","12","3","2","0","1","0","0","0"
"POINT (11.579093088000036 48.131244116000062)","Unfall 176598 (2020) Kat:3, Licht: 0","176598","3","7","6","12","15","3","0","0","1","0","1","0"
"POINT (11.478109884000048 48.164221331000078)","Unfall 176623 (2020) Kat:2, Licht: 2","176623","2","4","6","12","16","2","1","2","0","1","1","0"
"POINT (11.558822410000062 48.139200110000047)","Unfall 176624 (2020) Kat:3, Licht: 0","176624","3","4","6","12","12","2","0","0","0","1","1","0"
"POINT (11.526764809000042 48.117206239000041)","Unfall 176657 (2020) Kat:3, Licht: 0","176657","3","6","4","12","14","1","0","0","1","1","0","0"
"POINT (11.602896759000032 48.112914387000046)","Unfall 176658 (2020) Kat:3, Licht: 2","176658","3","3","5","12","19","1","0","2","0","1","0","0"
"POINT (11.523536246000049 48.080544240000052)","Unfall 176659 (2020) Kat:3, Licht: 0","176659","3","3","5","12","11","2","0","0","0","1","0","0"
"POINT (11.530495316000042 48.176451926000027)","Unfall 176662 (2020) Kat:3, Licht: 1","176662","3","7","2","12","16","2","0","1","0","1","0","0"
"POINT (11.629407965000041 48.153367442000047)","Unfall 176664 (2020) Kat:3, Licht: 0","176664","3","7","0","12","15","2","0","0","0","0","0","0"
"POINT (11.502603722000060 48.125729525000054)","Unfall 176665 (2020) Kat:3, Licht: 2","176665","3","1","0","12","06","7","2","2","0","0","0","1"
"POINT (11.510603560000050 48.169786965000071)","Unfall 176667 (2020) Kat:3, Licht: 2","176667","3","2","5","12","20","7","0","2","1","1","0","0"
"POINT (11.610171414000035 48.132400357000051)","Unfall 176668 (2020) Kat:3, Licht: 2","176668","3","2","5","12","20","7","1","2","0","1","0","0"
"POINT (11.510112185000025 48.162293942000076)","Unfall 176670 (2020) Kat:3, Licht: 0","176670","3","2","3","12","15","2","0","0","1","1","0","0"
"POINT (11.556975035000050 48.147882648000063)","Unfall 176675 (2020) Kat:3, Licht: 2","176675","3","6","2","12","17","2","0","2","1","0","1","0"
"POINT (11.502598762000048 48.119962758000042)","Unfall 176682 (2020) Kat:3, Licht: 0","176682","3","6","2","12","15","5","0","0","0","1","0","0"
"POINT (11.561489561000030 48.141939417000060)","Unfall 176688 (2020) Kat:3, Licht: 2","176688","3","4","6","12","17","6","1","2","0","0","1","1"
"POINT (11.614192834000050 48.136753249000037)","Unfall 176692 (2020) Kat:3, Licht: 2","176692","3","4","6","12","17","2","1","2","1","0","1","0"
"POINT (11.570979252000029 48.147511983000072)","Unfall 176693 (2020) Kat:3, Licht: 0","176693","3","1","0","12","12","5","0","0","1","0","0","0"
"POINT (11.599549726000021 48.086846694000030)","Unfall 176695 (2020) Kat:3, Licht: 0","176695","3","3","5","12","14","5","0","0","0","1","0","1"
"POINT (11.588655223000046 48.140122136000059)","Unfall 176697 (2020) Kat:3, Licht: 0","176697","3","1","0","12","14","2","0","0","1","0","0","0"
"POINT (11.622367669000027 48.120260368000061)","Unfall 176698 (2020) Kat:3, Licht: 2","176698","3","6","2","12","20","5","1","2","0","1","0","0"
"POINT (11.489579222000032 48.129863119000049)","Unfall 176699 (2020) Kat:3, Licht: 2","176699","3","3","5","12","20","5","1","2","1","1","0","0"
"POINT (11.461542389000044 48.148432716000059)","Unfall 176719 (2020) Kat:3, Licht: 0","176719","3","7","0","12","11","4","0","0","1","0","0","0"
"POINT (11.608839544000034 48.136721608000073)","Unfall 176720 (2020) Kat:3, Licht: 0","176720","3","6","1","12","12","4","1","0","0","1","0","0"
"POINT (11.547671860000037 48.126807720000045)","Unfall 176722 (2020) Kat:3, Licht: 0","176722","3","3","5","12","11","4","1","0","1","1","0","0"
"POINT (11.570197888000052 48.146281913000053)","Unfall 176723 (2020) Kat:3, Licht: 1","176723","3","7","1","12","16","4","0","1","1","1","0","0"
"POINT (11.656568110000023 48.105888729000071)","Unfall 176724 (2020) Kat:3, Licht: 0","176724","3","4","6","12","11","4","1","0","0","1","1","0"
"POINT (11.544603912000071 48.150241813000036)","Unfall 176727 (2020) Kat:3, Licht: 0","176727","3","3","5","12","10","4","1","0","1","1","0","0"
"POINT (11.561169395000036 48.174442917000079)","Unfall 176732 (2020) Kat:3, Licht: 0","176732","3","1","0","12","13","4","1","0","0","1","0","0"
"POINT (11.582237169000052 48.122477637000031)","Unfall 176737 (2020) Kat:3, Licht: 2","176737","3","1","0","12","17","4","1","2","0","0","0","0"
"POINT (11.539611226000034 48.112829668000074)","Unfall 87320 (2021) Kat:3, Licht: 2","87320","3","2","4","01","18","6","","2","0","1","0","0"
"POINT (11.617058385000064 48.130790141000034)","Unfall 87422 (2021) Kat:3, Licht: 1","87422","3","2","3","01","07","3","","1","0","1","0","0"
"POINT (11.432282326000063 48.181331658000033)","Unfall 87456 (2021) Kat:3, Licht: 0","87456","3","1","8","01","09","2","","0","0","0","0","0"
"POINT (11.394479453000031 48.143513628000051)","Unfall 87464 (2021) Kat:3, Licht: 2","87464","3","1","8","01","22","1","","2","0","1","0","0"
"POINT (11.477071470000055 48.115610112000070)","Unfall 87524 (2021) Kat:3, Licht: 0","87524","3","2","5","01","14","2","","0","1","1","0","0"
"POINT (11.713461772000073 48.139053036000064)","Unfall 87707 (2021) Kat:2, Licht: 0","87707","2","2","4","01","16","1","","0","0","1","0","0"
"POINT (11.436491167000042 48.186434827000028)","Unfall 87734 (2021) Kat:3, Licht: 0","87734","3","1","9","01","08","3","","0","0","1","0","0"
"POINT (11.530576946000053 48.082266891000074)","Unfall 87752 (2021) Kat:3, Licht: 0","87752","3","2","3","01","11","3","","0","1","1","0","0"
"POINT (11.592050868000058 48.175949761000027)","Unfall 87758 (2021) Kat:3, Licht: 0","87758","3","1","5","01","12","1","","0","0","1","0","0"
"POINT (11.621224553000047 48.191768512000067)","Unfall 87826 (2021) Kat:3, Licht: 0","87826","3","2","5","01","08","4","","0","0","1","0","0"
"POINT (11.537947222000071 48.186783175000073)","Unfall 87850 (2021) Kat:3, Licht: 2","87850","3","6","3","01","19","1","","2","0","1","0","0"
"POINT (11.437189944000067 48.188079166000080)","Unfall 87909 (2021) Kat:3, Licht: 0","87909","3","6","2","01","16","7","","0","0","1","0","0"
"POINT (11.435547455000062 48.179349010000067)","Unfall 87915 (2021) Kat:3, Licht: 2","87915","3","1","2","01","19","1","","2","0","1","0","0"
"POINT (11.616105759000050 48.130935791000070)","Unfall 87978 (2021) Kat:3, Licht: 0","87978","3","2","5","01","16","1","","0","1","1","0","0"
"POINT (11.583878443000060 48.104765273000055)","Unfall 87991 (2021) Kat:3, Licht: 1","87991","3","3","5","01","16","7","","1","1","1","0","0"
"POINT (11.517136571000037 48.117713052000056)","Unfall 88007 (2021) Kat:3, Licht: 2","88007","3","6","3","01","15","5","","2","0","1","0","0"
"POINT (11.700050708000049 48.139702515000067)","Unfall 88041 (2021) Kat:3, Licht: 0","88041","3","3","5","01","10","3","","0","1","1","0","0"
"POINT (11.563439834000064 48.095773843000075)","Unfall 88042 (2021) Kat:3, Licht: 0","88042","3","2","5","01","09","7","","0","0","1","0","0"
"POINT (11.539611037000043 48.112886367000044)","Unfall 88162 (2021) Kat:3, Licht: 0","88162","3","2","6","01","11","3","","0","0","0","1","0"
"POINT (11.394014961000039 48.144422030000044)","Unfall 88209 (2021) Kat:3, Licht: 2","88209","3","1","9","01","04","2","","2","0","1","0","0"
"POINT (11.398372618000053 48.138726637000048)","Unfall 88222 (2021) Kat:3, Licht: 0","88222","3","6","2","01","08","2","","0","0","1","0","0"
"POINT (11.503356808000035 48.125719448000041)","Unfall 88344 (2021) Kat:2, Licht: 0","88344","2","7","0","01","09","5","","0","0","1","0","0"
"POINT (11.576035323000042 48.111693761000026)","Unfall 88354 (2021) Kat:3, Licht: 2","88354","3","3","5","01","06","2","","2","0","1","0","0"
"POINT (11.617205782000042 48.130764401000079)","Unfall 88390 (2021) Kat:3, Licht: 2","88390","3","6","1","01","16","3","","2","0","1","0","0"
"POINT (11.576280924000059 48.111771078000061)","Unfall 88411 (2021) Kat:3, Licht: 2","88411","3","2","5","01","20","5","","2","1","1","0","0"
"POINT (11.606989115000033 48.108896090000030)","Unfall 88494 (2021) Kat:3, Licht: 0","88494","3","6","2","01","09","2","","0","0","1","0","0"
"POINT (11.539773487000048 48.110283736000042)","Unfall 88503 (2021) Kat:3, Licht: 0","88503","3","3","5","01","15","5","","0","0","1","0","0"
"POINT (11.521090244000050 48.090498264000075)","Unfall 88542 (2021) Kat:3, Licht: 0","88542","3","3","5","01","14","5","","0","0","1","0","0"
"POINT (11.472498916000063 48.209718650000070)","Unfall 88565 (2021) Kat:3, Licht: 2","88565","3","6","3","01","18","4","","2","0","1","0","0"
"POINT (11.572809702000029 48.111943326000073)","Unfall 88570 (2021) Kat:3, Licht: 2","88570","3","6","2","01","17","5","","2","0","1","0","0"
"POINT (11.603934377000030 48.179574414000058)","Unfall 88591 (2021) Kat:2, Licht: 1","88591","2","2","4","01","16","6","","1","0","1","0","0"
"POINT (11.479755290000071 48.088569412000027)","Unfall 88635 (2021) Kat:3, Licht: 0","88635","3","6","1","01","12","3","","0","0","1","0","0"
"POINT (11.479262000000062 48.123679688000038)","Unfall 88678 (2021) Kat:3, Licht: 2","88678","3","6","2","01","17","1","","2","0","1","0","0"
"POINT (11.634445316000040 48.231598682000026)","Unfall 88682 (2021) Kat:3, Licht: 0","88682","3","1","8","01","15","3","","0","0","1","0","0"
"POINT (11.604921620000027 48.108656608000047)","Unfall 88708 (2021) Kat:3, Licht: 0","88708","3","6","3","02","09","2","","0","0","1","0","0"
"POINT (11.557515932000058 48.176484505000076)","Unfall 88752 (2021) Kat:3, Licht: 0","88752","3","6","2","02","11","6","","0","0","1","0","0"
"POINT (11.695268565000049 48.115426628000080)","Unfall 88810 (2021) Kat:3, Licht: 0","88810","3","3","6","02","08","6","","0","0","1","1","0"
"POINT (11.548364358000072 48.192345775000035)","Unfall 88820 (2021) Kat:3, Licht: 0","88820","3","2","3","02","17","3","","0","0","1","0","0"
"POINT (11.671706306000033 48.119619729000078)","Unfall 88857 (2021) Kat:3, Licht: 0","88857","3","6","2","02","15","7","","0","0","1","0","0"
"POINT (11.522388214000046 48.109999863000041)","Unfall 88859 (2021) Kat:3, Licht: 0","88859","3","6","2","02","11","2","","0","0","1","0","0"
"POINT (11.620006595000063 48.120168854000042)","Unfall 88887 (2021) Kat:3, Licht: 2","88887","3","2","6","02","21","3","","2","0","1","1","0"
"POINT (11.487011706000033 48.206666804000065)","Unfall 88902 (2021) Kat:3, Licht: 0","88902","3","6","2","02","13","6","","0","0","1","0","0"
"POINT (11.603728295000053 48.108503189000032)","Unfall 88934 (2021) Kat:3, Licht: 1","88934","3","6","2","01","17","7","","1","0","1","0","0"
"POINT (11.675875568000038 48.119397189000040)","Unfall 88949 (2021) Kat:3, Licht: 0","88949","3","3","5","02","15","4","","0","1","1","0","0"
"POINT (11.513369845000057 48.108270966000077)","Unfall 88964 (2021) Kat:3, Licht: 0","88964","3","6","3","02","13","2","","0","0","1","0","0"
"POINT (11.617769534000047 48.115299474000039)","Unfall 89055 (2021) Kat:3, Licht: 0","89055","3","2","3","02","10","5","","0","1","1","0","0"
"POINT (11.456233957000052 48.150713387000053)","Unfall 89074 (2021) Kat:3, Licht: 2","89074","3","3","5","02","21","1","","2","0","1","0","0"
"POINT (11.495589756000072 48.211016160000042)","Unfall 89087 (2021) Kat:3, Licht: 0","89087","3","6","2","02","14","5","","0","0","1","0","0"
"POINT (11.479491881000058 48.088623517000030)","Unfall 89102 (2021) Kat:3, Licht: 0","89102","3","2","4","02","13","3","","0","0","1","0","0"
"POINT (11.547424866000028 48.071599065000044)","Unfall 89169 (2021) Kat:3, Licht: 2","89169","3","7","0","02","23","6","","2","0","0","0","0"
"POINT (11.531273338000062 48.140164419000030)","Unfall 89171 (2021) Kat:3, Licht: 0","89171","3","3","5","02","07","2","","0","1","1","0","0"
"POINT (11.599477356000023 48.172249947000068)","Unfall 89176 (2021) Kat:3, Licht: 2","89176","3","6","2","02","16","4","","2","0","1","0","0"
"POINT (11.412061657000038 48.141186501000050)","Unfall 89232 (2021) Kat:3, Licht: 2","89232","3","2","5","02","18","4","","2","1","1","0","0"
"POINT (11.616214358000036 48.113026279000053)","Unfall 89261 (2021) Kat:3, Licht: 0","89261","3","3","5","02","16","5","","0","0","1","0","0"
"POINT (11.617267110000057 48.112323002000039)","Unfall 89302 (2021) Kat:3, Licht: 0","89302","3","6","3","02","09","3","","0","0","1","0","0"
"POINT (11.411686547000045 48.129350096000053)","Unfall 89309 (2021) Kat:3, Licht: 0","89309","3","1","8","02","16","4","","0","0","1","0","0"
"POINT (11.544098218000045 48.176174616000026)","Unfall 89325 (2021) Kat:3, Licht: 2","89325","3","1","9","02","01","1","","2","0","1","0","0"
"POINT (11.590306516000055 48.176670060000049)","Unfall 89336 (2021) Kat:3, Licht: 0","89336","3","6","1","02","08","4","","0","0","1","0","0"
"POINT (11.526312709000024 48.077839327000049)","Unfall 89375 (2021) Kat:3, Licht: 0","89375","3","6","4","02","08","2","","0","1","0","0","0"
"POINT (11.615234102000045 48.111844016000077)","Unfall 89377 (2021) Kat:3, Licht: 2","89377","3","7","8","02","21","7","","2","0","1","0","0"
"POINT (11.427644573000066 48.184566847000042)","Unfall 89439 (2021) Kat:3, Licht: 0","89439","3","7","2","02","08","6","","0","0","1","0","0"
"POINT (11.616170236000073 48.112977081000054)","Unfall 89459 (2021) Kat:3, Licht: 2","89459","3","6","9","02","22","4","","2","0","1","0","0"
"POINT (11.584080674000063 48.193618957000069)","Unfall 89524 (2021) Kat:2, Licht: 0","89524","2","4","6","02","16","6","","0","0","1","1","0"
"POINT (11.614533477000066 48.138259346000041)","Unfall 89532 (2021) Kat:3, Licht: 2","89532","3","6","9","02","09","4","","2","0","1","0","0"
"POINT (11.570901132000074 48.177655508000043)","Unfall 89551 (2021) Kat:3, Licht: 2","89551","3","3","0","02","22","3","","2","1","1","0","0"
"POINT (11.495701367000038 48.210914375000073)","Unfall 89572 (2021) Kat:3, Licht: 0","89572","3","6","3","02","10","5","","0","0","1","0","0"
"POINT (11.584916093000061 48.198273252000035)","Unfall 89579 (2021) Kat:3, Licht: 2","89579","3","2","6","01","20","7","","2","0","1","1","0"
"POINT (11.531193609000070 48.082605475000037)","Unfall 89581 (2021) Kat:3, Licht: 1","89581","3","6","2","02","17","4","","1","0","1","0","0"
"POINT (11.524339901000076 48.140758643000026)","Unfall 89636 (2021) Kat:3, Licht: 0","89636","3","2","5","02","16","2","","0","0","1","0","0"
"POINT (11.584346968000034 48.195713016000070)","Unfall 89641 (2021) Kat:3, Licht: 2","89641","3","2","4","02","20","4","","2","0","1","0","0"
"POINT (11.612270625000065 48.110347735000062)","Unfall 89650 (2021) Kat:3, Licht: 0","89650","3","2","5","01","15","6","","0","1","1","0","0"