WKT,Name,OBJECTID,UKATEGORIE,UTYP1,UART,UMONAT,USTUNDE,UWOCHENTAG,STRZUSTAND,ULICHTVERH,ISTRAD,ISTPKW,ISTFUSS,ISTKRAD
"POINT (11.530199026000048 48.110083566000071)","Unfall 89713 (2021) Kat:3, Licht: 0","89713","3","5","1","02","13","6","","0","0","1","0","0"
"POINT (11.593591903000060 48.176444954000033)","Unfall 89859 (2021) Kat:3, Licht: 2","89859","3","1","0","02","00","4","","2","0","0","0","1"
"POINT (11.624621718000071 48.103826923000042)","Unfall 89874 (2021) Kat:3, Licht: 0","89874","3","7","6","02","16","5","","0","0","1","1","0"
"POINT (11.676665098000058 48.119387762000031)","Unfall 89883 (2021) Kat:3, Licht: 0","89883","3","2","5","02","13","7","","0","0","1","0","0"
"POINT (11.403779238000027 48.128201975000081)","Unfall 89906 (2021) Kat:3, Licht: 2","89906","3","1","8","02","19","4","","2","0","1","0","0"
"POINT (11.600117484000066 48.160847288000070)","Unfall 89908 (2021) Kat:3, Licht: 0","89908","3","1","0","02","13","1","","0","1","0","0","0"
"POINT (11.479279222000059 48.123679464000077)","Unfall 89993 (2021) Kat:3, Licht: 0","89993","3","6","2","03","12","5","","0","0","1","0","0"
"POINT (11.541420867000056 48.096420206000062)","Unfall 90015 (2021) Kat:3, Licht: 0","90015","3","3","5","03","10","6","","0","1","1","0","0"
"POINT (11.516980921000027 48.116084364000073)","Unfall 90037 (2021) Kat:2, Licht: 0","90037","2","6","3","04","12","5","","0","0","1","0","0"
"POINT (11.519075852000071 48.141336040000056)","Unfall 90051 (2021) Kat:3, Licht: 0","90051","3","4","6","03","10","6","","0","0","1","1","0"
"POINT (11.707815039000025 48.144840158000079)","Unfall 90078 (2021) Kat:3, Licht: 0","90078","3","6","2","03","15","6","","0","0","1","0","0"
"POINT (11.585532254000043 48.202425372000050)","Unfall 90108 (2021) Kat:3, Licht: 0","90108","3","2","5","02","15","7","","0","0","1","0","0"
"POINT (11.414049975000069 48.166726411000070)","Unfall 90128 (2021) Kat:3, Licht: 0","90128","3","6","2","04","16","4","","0","0","0","0","0"
"POINT (11.597589488000040 48.167527907000078)","Unfall 90138 (2021) Kat:3, Licht: 0","90138","3","6","2","03","12","6","","0","0","1","0","0"
"POINT (11.534502539000073 48.141200142000059)","Unfall 90170 (2021) Kat:3, Licht: 0","90170","3","6","2","03","07","6","","0","0","1","0","0"
"POINT (11.540131931000076 48.106207956000048)","Unfall 90193 (2021) Kat:3, Licht: 0","90193","3","6","3","03","12","5","","0","0","1","0","0"
"POINT (11.573011300000076 48.111949679000077)","Unfall 90216 (2021) Kat:3, Licht: 0","90216","3","6","2","03","07","4","","0","0","1","0","0"
"POINT (11.676989685000024 48.119373045000032)","Unfall 90249 (2021) Kat:3, Licht: 1","90249","3","6","2","03","18","3","","1","0","1","0","0"
"POINT (11.626493332000052 48.215730810000025)","Unfall 90270 (2021) Kat:3, Licht: 2","90270","3","6","8","04","22","7","","2","0","1","0","0"
"POINT (11.419655022000029 48.142267528000048)","Unfall 90274 (2021) Kat:3, Licht: 0","90274","3","6","2","03","11","5","","0","0","1","0","0"
"POINT (11.599807625000039 48.170589122000081)","Unfall 90363 (2021) Kat:3, Licht: 0","90363","3","6","2","03","07","5","","0","0","1","0","0"
"POINT (11.471140038000044 48.209712842000044)","Unfall 90394 (2021) Kat:3, Licht: 0","90394","3","6","3","03","10","4","","0","0","1","0","0"
"POINT (11.536635263000051 48.148327961000064)","Unfall 90404 (2021) Kat:3, Licht: 0","90404","3","6","2","03","13","4","","0","0","1","0","0"
"POINT (11.494426928000053 48.210599239000032)","Unfall 90421 (2021) Kat:3, Licht: 2","90421","3","1","8","03","01","3","","2","0","1","0","0"
"POINT (11.516846095000062 48.116119774000026)","Unfall 90426 (2021) Kat:3, Licht: 2","90426","3","6","2","04","13","6","","2","0","1","0","0"
"POINT (11.488483520000045 48.086071357000037)","Unfall 90430 (2021) Kat:3, Licht: 0","90430","3","2","0","03","07","5","","0","1","1","0","0"
"POINT (11.533121386000062 48.225082564000047)","Unfall 90443 (2021) Kat:3, Licht: 0","90443","3","1","8","04","15","6","","0","0","1","0","0"
"POINT (11.449147693000043 48.204375351000067)","Unfall 90463 (2021) Kat:3, Licht: 2","90463","3","6","1","03","20","5","","2","0","1","0","0"
"POINT (11.434085066000023 48.180138197000076)","Unfall 90465 (2021) Kat:3, Licht: 0","90465","3","1","9","03","06","4","","0","0","1","0","0"
"POINT (11.417615578000039 48.155540108000025)","Unfall 90468 (2021) Kat:2, Licht: 0","90468","2","6","4","03","11","7","","0","1","0","0","0"
"POINT (11.430841506000036 48.180017568000039)","Unfall 90538 (2021) Kat:2, Licht: 0","90538","2","7","9","03","12","1","","0","0","0","0","1"
"POINT (11.531969754000045 48.132295378000038)","Unfall 90544 (2021) Kat:3, Licht: 0","90544","3","6","2","03","14","5","","0","0","1","0","0"
"POINT (11.598034368000071 48.168174283000042)","Unfall 90575 (2021) Kat:3, Licht: 2","90575","3","6","2","03","18","6","","2","0","1","0","0"
"POINT (11.456603512000072 48.151874837000037)","Unfall 90580 (2021) Kat:3, Licht: 0","90580","3","6","1","03","14","6","","0","0","1","0","0"
"POINT (11.502749867000034 48.142993747000048)","Unfall 90689 (2021) Kat:3, Licht: 2","90689","3","3","5","03","19","4","","2","1","1","0","0"
"POINT (11.520205171000043 48.123652340000035)","Unfall 90699 (2021) Kat:3, Licht: 0","90699","3","6","2","03","07","5","","0","0","1","0","0"
"POINT (11.530292276000068 48.140227751000054)","Unfall 90701 (2021) Kat:3, Licht: 0","90701","3","1","0","03","09","6","","0","0","0","0","0"
"POINT (11.524207991000026 48.140687968000066)","Unfall 90726 (2021) Kat:2, Licht: 0","90726","2","2","4","03","11","3","","0","1","0","0","0"
"POINT (11.528007411000033 48.140374415000053)","Unfall 90750 (2021) Kat:3, Licht: 0","90750","3","1","0","04","09","5","","0","1","0","0","0"
"POINT (11.485496889000046 48.208095049000065)","Unfall 90766 (2021) Kat:3, Licht: 0","90766","3","6","2","04","17","5","","0","0","1","0","0"
"POINT (11.593541351000056 48.175227107000069)","Unfall 90777 (2021) Kat:3, Licht: 1","90777","3","6","2","03","17","4","","1","0","1","0","0"
"POINT (11.487848940000049 48.083816122000030)","Unfall 90780 (2021) Kat:3, Licht: 0","90780","3","7","7","04","06","3","","0","0","1","0","0"
"POINT (11.456182661000071 48.151409939000075)","Unfall 90812 (2021) Kat:3, Licht: 0","90812","3","6","3","03","08","3","","0","0","1","0","1"
"POINT (11.580360959000075 48.177522926000051)","Unfall 90819 (2021) Kat:3, Licht: 2","90819","3","6","1","04","15","5","","2","0","1","0","0"
"POINT (11.563705910000067 48.096596476000059)","Unfall 90833 (2021) Kat:3, Licht: 0","90833","3","3","5","03","07","5","","0","1","1","0","0"
"POINT (11.594726254000022 48.174691085000063)","Unfall 90866 (2021) Kat:2, Licht: 0","90866","2","6","4","03","09","5","","0","0","1","0","0"
"POINT (11.587114948000021 48.210606859000052)","Unfall 90886 (2021) Kat:3, Licht: 0","90886","3","2","5","03","11","1","","0","0","1","0","0"
"POINT (11.557445828000027 48.177323503000025)","Unfall 90888 (2021) Kat:3, Licht: 2","90888","3","6","2","03","00","3","","2","0","1","0","1"
"POINT (11.479581826000071 48.088527042000067)","Unfall 90900 (2021) Kat:3, Licht: 0","90900","3","2","5","03","16","4","","0","1","0","0","0"
"POINT (11.493117895000069 48.199710242000037)","Unfall 91047 (2021) Kat:3, Licht: 0","91047","3","6","3","03","16","2","","0","0","1","0","0"
"POINT (11.522188027000027 48.140967012000033)","Unfall 91061 (2021) Kat:3, Licht: 0","91061","3","6","2","03","12","7","","0","0","1","0","0"
"POINT (11.554790718000049 48.086881978000065)","Unfall 91086 (2021) Kat:2, Licht: 2","91086","2","4","6","03","18","3","","2","0","1","1","0"
"POINT (11.610961744000065 48.186021366000034)","Unfall 91113 (2021) Kat:3, Licht: 2","91113","3","2","4","04","19","5","","2","1","1","0","0"
"POINT (11.484575602000064 48.144900475000043)","Unfall 91134 (2021) Kat:2, Licht: 0","91134","2","3","5","03","10","2","","0","1","1","0","0"
"POINT (11.578840142000047 48.109390774000076)","Unfall 91148 (2021) Kat:3, Licht: 0","91148","3","6","3","03","12","5","","0","0","1","0","0"
"POINT (11.501620343000070 48.143145768000068)","Unfall 91181 (2021) Kat:3, Licht: 0","91181","3","6","2","03","13","5","","0","0","1","0","0"
"POINT (11.605567102000066 48.108736162000071)","Unfall 91187 (2021) Kat:3, Licht: 0","91187","3","6","0","03","10","2","","0","0","1","0","0"
"POINT (11.581718461000037 48.177516642000057)","Unfall 91196 (2021) Kat:3, Licht: 2","91196","3","6","2","03","15","2","","2","0","1","0","0"
"POINT (11.615089607000073 48.189796277000028)","Unfall 91197 (2021) Kat:3, Licht: 2","91197","3","6","4","02","17","6","","2","0","0","0","1"
"POINT (11.675200880000034 48.119520420000072)","Unfall 91235 (2021) Kat:3, Licht: 2","91235","3","7","9","03","21","4","","2","0","1","0","0"
"POINT (11.576186435000068 48.111524343000042)","Unfall 91305 (2021) Kat:3, Licht: 2","91305","3","3","5","03","19","7","","2","0","1","0","0"
"POINT (11.618872340000053 48.118080124000073)","Unfall 91361 (2021) Kat:3, Licht: 2","91361","3","6","2","03","20","6","","2","0","1","0","0"
"POINT (11.536721147000037 48.149304399000073)","Unfall 91363 (2021) Kat:3, Licht: 0","91363","3","6","2","03","08","5","","0","0","1","0","0"
"POINT (11.502985591000026 48.087438074000033)","Unfall 91436 (2021) Kat:3, Licht: 0","91436","3","3","5","03","13","1","","0","1","1","0","0"
"POINT (11.584753764000027 48.184070250000048)","Unfall 91497 (2021) Kat:3, Licht: 2","91497","3","2","5","03","22","6","","2","0","1","0","0"
"POINT (11.502824433000058 48.125746765000031)","Unfall 91553 (2021) Kat:3, Licht: 0","91553","3","6","3","04","11","5","","0","0","1","0","0"
"POINT (11.534186620000071 48.186979971000028)","Unfall 91587 (2021) Kat:3, Licht: 2","91587","3","1","2","03","23","5","","2","0","1","0","0"
"POINT (11.599578227000052 48.107603341000072)","Unfall 91617 (2021) Kat:3, Licht: 0","91617","3","4","6","03","13","6","","0","0","1","1","0"
"POINT (11.545978486000024 48.111988094000026)","Unfall 91648 (2021) Kat:3, Licht: 2","91648","3","6","2","03","09","3","","2","0","1","0","0"
"POINT (11.555640676000053 48.088565513000049)","Unfall 91696 (2021) Kat:3, Licht: 0","91696","3","5","3","03","10","2","","0","0","1","0","0"
"POINT (11.598032031000059 48.168170851000070)","Unfall 91749 (2021) Kat:3, Licht: 0","91749","3","6","2","03","07","6","","0","0","1","0","0"
"POINT (11.645260682000071 48.092739159000075)","Unfall 91769 (2021) Kat:3, Licht: 2","91769","3","1","0","03","22","2","","2","1","0","0","0"
"POINT (11.615651458000059 48.092240324000045)","Unfall 91779 (2021) Kat:3, Licht: 2","91779","3","6","9","03","19","2","","2","0","1","0","0"
"POINT (11.612273365000021 48.110348932000079)","Unfall 91799 (2021) Kat:3, Licht: 2","91799","3","2","4","04","20","2","","2","0","1","0","0"
"POINT (11.540649498000050 48.226149263000082)","Unfall 91804 (2021) Kat:2, Licht: 1","91804","2","6","2","03","17","2","","1","0","1","0","0"
"POINT (11.563586156000042 48.095644408000055)","Unfall 91819 (2021) Kat:3, Licht: 0","91819","3","6","1","04","17","1","","0","0","1","0","0"
"POINT (11.512109149000025 48.219447062000029)","Unfall 91847 (2021) Kat:3, Licht: 0","91847","3","1","3","04","07","4","","0","0","1","0","0"
"POINT (11.474298155000042 48.210092786000075)","Unfall 91850 (2021) Kat:3, Licht: 0","91850","3","6","2","03","06","4","","0","0","1","0","0"
"POINT (11.459012953000070 48.150165572000049)","Unfall 91885 (2021) Kat:3, Licht: 0","91885","3","2","5","03","14","3","","0","0","1","0","0"
"POINT (11.587245432000032 48.210307665000073)","Unfall 91897 (2021) Kat:3, Licht: 0","91897","3","2","4","03","15","4","","0","0","1","0","0"
"POINT (11.677190132000021 48.119488428000068)","Unfall 91899 (2021) Kat:3, Licht: 0","91899","3","6","2","04","14","7","","0","0","1","0","0"
"POINT (11.622687944000063 48.129809808000061)","Unfall 91934 (2021) Kat:2, Licht: 0","91934","2","2","6","04","07","6","","0","0","1","1","0"
"POINT (11.503560593000032 48.142908612000042)","Unfall 91942 (2021) Kat:3, Licht: 0","91942","3","3","1","04","13","7","","0","1","1","0","0"
"POINT (11.553405279000060 48.112280619000046)","Unfall 91957 (2021) Kat:2, Licht: 0","91957","2","4","6","05","16","6","","0","1","0","1","0"
"POINT (11.620462580000037 48.124709136000035)","Unfall 91959 (2021) Kat:3, Licht: 2","91959","3","3","5","05","00","6","","2","0","1","0","0"
"POINT (11.472498916000063 48.209718650000070)","Unfall 91978 (2021) Kat:3, Licht: 0","91978","3","6","3","05","16","4","","0","0","1","0","0"
"POINT (11.622064744000056 48.129839836000031)","Unfall 91981 (2021) Kat:3, Licht: 0","91981","3","6","3","04","17","6","","0","0","1","0","0"
"POINT (11.392358627000021 48.146133517000067)","Unfall 92005 (2021) Kat:3, Licht: 0","92005","3","3","5","04","08","5","","0","0","1","0","0"
"POINT (11.512670366000066 48.108141701000079)","Unfall 92039 (2021) Kat:3, Licht: 0","92039","3","6","3","05","06","4","","0","0","1","0","0"
"POINT (11.479638777000048 48.088594218000026)","Unfall 92065 (2021) Kat:3, Licht: 0","92065","3","2","5","04","16","6","","0","1","0","0","1"
"POINT (11.508043329000031 48.217794046000051)","Unfall 92140 (2021) Kat:3, Licht: 0","92140","3","6","2","05","14","7","","0","0","1","0","0"
"POINT (11.661953412000059 48.122288833000027)","Unfall 92143 (2021) Kat:3, Licht: 0","92143","3","2","5","04","09","6","","0","0","1","0","0"
"POINT (11.518705643000033 48.141345965000028)","Unfall 92155 (2021) Kat:3, Licht: 0","92155","3","3","5","05","15","2","","0","0","1","0","0"
"POINT (11.668974999000056 48.088081210000041)","Unfall 92168 (2021) Kat:3, Licht: 0","92168","3","2","5","04","06","6","","0","1","1","0","0"
"POINT (11.541118429000051 48.101652481000031)","Unfall 92178 (2021) Kat:3, Licht: 0","92178","3","1","8","05","10","6","","0","0","1","0","0"
"POINT (11.519085874000041 48.141334612000037)","Unfall 92221 (2021) Kat:3, Licht: 0","92221","3","6","2","05","13","7","","0","0","1","0","0"
"POINT (11.553697196000030 48.084589992000076)","Unfall 92273 (2021) Kat:3, Licht: 0","92273","3","7","3","04","08","3","","0","0","1","0","1"
"POINT (11.536202088000039 48.186906405000059)","Unfall 92370 (2021) Kat:3, Licht: 0","92370","3","6","2","05","16","7","","0","0","1","0","1"
"POINT (11.453050250000047 48.204531847000055)","Unfall 92374 (2021) Kat:3, Licht: 0","92374","3","6","2","05","16","4","","0","0","1","0","0"
"POINT (11.497804336000058 48.212021569000058)","Unfall 92377 (2021) Kat:3, Licht: 0","92377","3","6","2","05","18","6","","0","0","1","0","0"
"POINT (11.523338143000046 48.075440961000027)","Unfall 92389 (2021) Kat:3, Licht: 0","92389","3","3","5","05","15","1","","0","0","1","0","1"
"POINT (11.495591656000045 48.194551184000034)","Unfall 92456 (2021) Kat:2, Licht: 0","92456","2","6","4","04","15","4","","0","1","0","0","0"
"POINT (11.487822330000029 48.113638555000080)","Unfall 92479 (2021) Kat:3, Licht: 0","92479","3","6","2","05","18","7","","0","0","1","0","0"
"POINT (11.598977618000049 48.169379434000064)","Unfall 92489 (2021) Kat:3, Licht: 0","92489","3","6","2","05","13","2","","0","0","1","0","0"
"POINT (11.597301721000065 48.162677275000078)","Unfall 92624 (2021) Kat:3, Licht: 0","92624","3","6","2","05","16","4","","0","0","1","0","0"
"POINT (11.548543003000077 48.112188253000056)","Unfall 92647 (2021) Kat:2, Licht: 0","92647","2","2","6","05","14","6","","0","0","1","1","0"
"POINT (11.519349238000075 48.123685168000065)","Unfall 92651 (2021) Kat:2, Licht: 0","92651","2","1","9","05","12","1","","0","0","0","0","1"
"POINT (11.635584683000047 48.214695743000050)","Unfall 92703 (2021) Kat:3, Licht: 0","92703","3","6","4","05","17","3","","0","0","1","0","0"
"POINT (11.586807643000043 48.209025355000051)","Unfall 92754 (2021) Kat:3, Licht: 0","92754","3","7","0","05","10","1","","0","0","0","0","1"
"POINT (11.690110694000055 48.140611327000045)","Unfall 92774 (2021) Kat:3, Licht: 2","92774","3","6","3","05","21","1","","2","0","1","0","0"
"POINT (11.620053423000059 48.191241803000025)","Unfall 92786 (2021) Kat:3, Licht: 0","92786","3","2","5","04","18","6","","0","1","1","0","0"
"POINT (11.618493822000062 48.117214591000049)","Unfall 92811 (2021) Kat:3, Licht: 0","92811","3","1","9","04","14","6","","0","0","1","0","1"
"POINT (11.523704530000032 48.127407289000075)","Unfall 92831 (2021) Kat:3, Licht: 0","92831","3","6","2","04","15","5","","0","0","1","0","0"
"POINT (11.510194265000052 48.106661272000053)","Unfall 92848 (2021) Kat:3, Licht: 0","92848","3","6","2","04","17","7","","0","0","1","0","0"
"POINT (11.521238510000046 48.222686312000064)","Unfall 92850 (2021) Kat:3, Licht: 0","92850","3","6","2","05","08","2","","0","0","1","0","0"
"POINT (11.536925164000024 48.152200636000032)","Unfall 92855 (2021) Kat:3, Licht: 0","92855","3","7","0","04","16","4","","0","0","0","0","1"
"POINT (11.534204451000051 48.110320129000058)","Unfall 92859 (2021) Kat:3, Licht: 0","92859","3","2","3","04","14","7","","0","0","1","0","0"
"POINT (11.599993081000036 48.171460548000027)","Unfall 92875 (2021) Kat:3, Licht: 0","92875","3","6","2","05","09","6","","0","0","1","0","0"
"POINT (11.522865379000052 48.075075440000035)","Unfall 92877 (2021) Kat:3, Licht: 0","92877","3","3","5","04","15","3","","0","1","1","0","0"
"POINT (11.477374297000040 48.115617211000028)","Unfall 92896 (2021) Kat:3, Licht: 2","92896","3","2","4","04","22","5","","2","0","1","0","0"
"POINT (11.485746789000075 48.208419735000064)","Unfall 92916 (2021) Kat:2, Licht: 0","92916","2","6","2","04","17","4","","0","0","1","0","1"
"POINT (11.538294384000039 48.110684736000053)","Unfall 92983 (2021) Kat:3, Licht: 0","92983","3","6","2","05","07","4","","0","0","1","0","1"
"POINT (11.620665009000049 48.123740177000059)","Unfall 93044 (2021) Kat:3, Licht: 0","93044","3","6","2","04","10","7","","0","0","1","0","0"
"POINT (11.526014621000058 48.109875529000078)","Unfall 93073 (2021) Kat:3, Licht: 0","93073","3","6","2","05","13","4","","0","0","1","0","0"
"POINT (11.646511712000063 48.096408019000080)","Unfall 93114 (2021) Kat:3, Licht: 0","93114","3","2","4","04","16","6","","0","0","1","0","0"
"POINT (11.604197250000027 48.157124464000049)","Unfall 93147 (2021) Kat:3, Licht: 0","93147","3","3","5","05","18","1","","0","0","1","0","1"
"POINT (11.476108811000074 48.145285403000059)","Unfall 93255 (2021) Kat:3, Licht: 0","93255","3","1","7","05","16","3","","0","1","0","0","0"
"POINT (11.552743709000026 48.112297483000077)","Unfall 93262 (2021) Kat:3, Licht: 1","93262","3","6","3","05","06","4","","1","0","1","0","0"
"POINT (11.539612266000063 48.112861272000032)","Unfall 93282 (2021) Kat:3, Licht: 0","93282","3","7","5","04","17","4","","0","0","1","0","0"
"POINT (11.556685974000061 48.178601336000042)","Unfall 93289 (2021) Kat:3, Licht: 0","93289","3","4","6","05","10","5","","0","0","1","1","0"
"POINT (11.415975434000075 48.167985386000055)","Unfall 93375 (2021) Kat:3, Licht: 2","93375","3","6","2","05","19","4","","2","0","1","0","0"
"POINT (11.607596790000059 48.155923398000027)","Unfall 93403 (2021) Kat:3, Licht: 0","93403","3","6","2","05","13","4","","0","0","1","0","0"
"POINT (11.505489654000030 48.125548355000035)","Unfall 93407 (2021) Kat:3, Licht: 0","93407","3","6","2","04","15","6","","0","0","1","0","0"
"POINT (11.595608655000035 48.174246451000045)","Unfall 93481 (2021) Kat:3, Licht: 0","93481","3","6","2","05","06","4","","0","0","1","0","0"
"POINT (11.617813805000026 48.115387048000059)","Unfall 93515 (2021) Kat:3, Licht: 0","93515","3","2","5","04","07","6","","0","1","1","0","0"
"POINT (11.616361869000059 48.195020900000031)","Unfall 93522 (2021) Kat:3, Licht: 0","93522","3","6","3","04","10","5","","0","0","1","0","0"
"POINT (11.578600207000022 48.110441132000062)","Unfall 93524 (2021) Kat:3, Licht: 0","93524","3","6","0","05","15","4","","0","0","1","1","0"
"POINT (11.613499222000030 48.153067907000036)","Unfall 93535 (2021) Kat:3, Licht: 0","93535","3","6","2","05","16","2","","0","0","1","0","0"
"POINT (11.501750878000053 48.102378480000027)","Unfall 93652 (2021) Kat:3, Licht: 0","93652","3","6","3","04","08","2","","0","0","1","0","0"
"POINT (11.628445040000031 48.128892797000049)","Unfall 93661 (2021) Kat:3, Licht: 0","93661","3","6","2","05","13","5","","0","0","1","0","1"
"POINT (11.685701237000046 48.118259350000073)","Unfall 93665 (2021) Kat:3, Licht: 0","93665","3","6","3","04","13","3","","0","1","0","0","0"
"POINT (11.619779671000060 48.202322574000050)","Unfall 93670 (2021) Kat:3, Licht: 0","93670","3","6","2","05","17","4","","0","0","1","0","0"
"POINT (11.590114769000024 48.176741852000077)","Unfall 93678 (2021) Kat:3, Licht: 0","93678","3","2","2","04","13","7","","0","0","1","0","0"
"POINT (11.707160964000025 48.111809731000051)","Unfall 93744 (2021) Kat:3, Licht: 0","93744","3","7","0","04","12","5","","0","1","0","1","0"
"POINT (11.439618008000025 48.176476283000056)","Unfall 93763 (2021) Kat:3, Licht: 0","93763","3","7","0","05","16","1","","0","0","0","0","1"
"POINT (11.566779828000051 48.100818779000065)","Unfall 93767 (2021) Kat:2, Licht: 0","93767","2","4","6","05","11","3","","0","0","1","1","0"
"POINT (11.515399380000076 48.113309503000039)","Unfall 93780 (2021) Kat:2, Licht: 0","93780","2","6","4","04","17","3","","0","1","0","0","0"
"POINT (11.596532050000064 48.106798039000068)","Unfall 93786 (2021) Kat:3, Licht: 0","93786","3","2","5","04","12","1","","0","1","1","0","0"
"POINT (11.522423620000041 48.126600091000057)","Unfall 93802 (2021) Kat:3, Licht: 0","93802","3","6","3","05","13","3","","0","0","1","0","0"
"POINT (11.617117037000071 48.130779899000061)","Unfall 93834 (2021) Kat:3, Licht: 0","93834","3","2","5","05","15","5","","0","1","1","0","0"
"POINT (11.479279222000059 48.123679464000077)","Unfall 93942 (2021) Kat:2, Licht: 0","93942","2","6","3","04","15","4","","0","0","0","0","1"
"POINT (11.491133984000044 48.144267248000062)","Unfall 93945 (2021) Kat:3, Licht: 0","93945","3","3","5","04","10","3","","0","0","1","0","0"
"POINT (11.610938331000057 48.186122873000045)","Unfall 94043 (2021) Kat:3, Licht: 0","94043","3","6","2","04","18","7","","0","0","1","0","0"
"POINT (11.406562331000032 48.140260163000050)","Unfall 94049 (2021) Kat:3, Licht: 0","94049","3","6","1","04","19","1","","0","0","1","0","0"
"POINT (11.502969261000032 48.143311736000044)","Unfall 94057 (2021) Kat:3, Licht: 0","94057","3","3","5","05","13","6","","0","0","1","0","0"
"POINT (11.398269111000047 48.154493222000042)","Unfall 94074 (2021) Kat:3, Licht: 0","94074","3","6","2","05","16","3","","0","0","1","0","0"
"POINT (11.598046447000058 48.107287232000033)","Unfall 94085 (2021) Kat:3, Licht: 2","94085","3","6","9","04","22","6","","2","0","1","0","0"
"POINT (11.524231741000051 48.140686012000060)","Unfall 94102 (2021) Kat:3, Licht: 1","94102","3","2","3","04","05","5","","1","1","1","0","0"
"POINT (11.613586497000028 48.188504081000076)","Unfall 94108 (2021) Kat:3, Licht: 0","94108","3","6","1","04","14","1","","0","0","1","0","1"
"POINT (11.438121998000042 48.144817891000059)","Unfall 94116 (2021) Kat:3, Licht: 0","94116","3","7","0","05","19","5","","0","1","0","0","0"
"POINT (11.492078779000053 48.144171494000034)","Unfall 94122 (2021) Kat:2, Licht: 1","94122","2","6","4","05","20","6","","1","1","0","0","0"
"POINT (11.534711478000077 48.142628296000055)","Unfall 94154 (2021) Kat:3, Licht: 0","94154","3","6","2","05","12","6","","0","0","1","0","0"
"POINT (11.615450329000055 48.130962910000051)","Unfall 94177 (2021) Kat:3, Licht: 0","94177","3","6","2","05","09","6","","0","0","1","0","0"
"POINT (11.572929771000076 48.111947110000074)","Unfall 94205 (2021) Kat:3, Licht: 0","94205","3","6","3","05","14","4","","0","0","1","0","0"
"POINT (11.572559144000024 48.110963118000029)","Unfall 94228 (2021) Kat:3, Licht: 0","94228","3","6","2","05","19","6","","0","0","1","0","0"
"POINT (11.644866051000065 48.126009658000044)","Unfall 94325 (2021) Kat:2, Licht: 0","94325","2","4","6","05","15","5","","0","0","1","1","0"
"POINT (11.536544534000029 48.147523363000062)","Unfall 94354 (2021) Kat:3, Licht: 0","94354","3","6","2","05","10","5","","0","0","1","0","0"
"POINT (11.406347786000026 48.128095785000028)","Unfall 94360 (2021) Kat:3, Licht: 0","94360","3","6","2","05","16","3","","0","0","1","0","0"
"POINT (11.491618833000075 48.144218133000038)","Unfall 94424 (2021) Kat:3, Licht: 0","94424","3","6","2","04","16","5","","0","0","1","0","0"
"POINT (11.566797398000062 48.112893148000069)","Unfall 94459 (2021) Kat:3, Licht: 0","94459","3","6","2","04","18","3","","0","0","1","0","0"
"POINT (11.536906019000071 48.151775072000078)","Unfall 94502 (2021) Kat:3, Licht: 0","94502","3","2","5","04","18","3","","0","1","1","0","0"
"POINT (11.542743981000058 48.111236484000074)","Unfall 94527 (2021) Kat:3, Licht: 0","94527","3","6","3","04","17","4","","0","0","1","0","1"
"POINT (11.616187611000043 48.113171516000079)","Unfall 94543 (2021) Kat:3, Licht: 0","94543","3","2","2","05","06","5","","0","1","1","0","0"
"POINT (11.512486893000073 48.124609499000030)","Unfall 94615 (2021) Kat:3, Licht: 0","94615","3","6","3","05","18","1","","0","0","1","0","0"
"POINT (11.612180069000033 48.187320871000054)","Unfall 94623 (2021) Kat:3, Licht: 0","94623","3","1","0","05","16","1","","0","1","0","0","0"
"POINT (11.597545631000060 48.107188704000066)","Unfall 94637 (2021) Kat:3, Licht: 0","94637","3","6","1","06","10","6","","0","0","1","0","0"
"POINT (11.669560640000043 48.119958470000029)","Unfall 94724 (2021) Kat:3, Licht: 0","94724","3","6","2","06","16","7","","0","0","1","0","0"
"POINT (11.595868259000042 48.106585042000063)","Unfall 94729 (2021) Kat:3, Licht: 0","94729","3","6","1","05","15","7","","0","0","1","0","0"
"POINT (11.501001654000049 48.143398331000071)","Unfall 94737 (2021) Kat:3, Licht: 0","94737","3","1","1","05","12","1","","0","0","1","0","0"
"POINT (11.662601047000067 48.122064082000065)","Unfall 94752 (2021) Kat:3, Licht: 2","94752","3","1","0","06","22","6","","2","0","0","0","1"
"POINT (11.400606099000072 48.139395071000081)","Unfall 94757 (2021) Kat:3, Licht: 0","94757","3","6","2","06","19","4","","0","0","1","0","0"
"POINT (11.525503605000040 48.128641997000045)","Unfall 94763 (2021) Kat:3, Licht: 0","94763","3","6","2","06","12","5","","0","0","1","0","0"
"POINT (11.543243316000030 48.226368949000062)","Unfall 94783 (2021) Kat:3, Licht: 0","94783","3","1","9","06","18","2","","0","0","1","0","0"
"POINT (11.608092336000027 48.183336435000058)","Unfall 94808 (2021) Kat:2, Licht: 2","94808","2","3","5","06","23","1","","2","0","1","0","0"
"POINT (11.425318128000072 48.143054324000047)","Unfall 94825 (2021) Kat:3, Licht: 0","94825","3","7","0","06","17","5","","0","0","0","0","0"
"POINT (11.492586342000038 48.210053376000076)","Unfall 94856 (2021) Kat:3, Licht: 0","94856","3","1","8","06","17","5","","0","0","1","0","0"
"POINT (11.613550918000044 48.189846485000032)","Unfall 94876 (2021) Kat:3, Licht: 0","94876","3","6","2","06","07","5","","0","0","1","0","0"
"POINT (11.626156434000052 48.222405693000042)","Unfall 94942 (2021) Kat:3, Licht: 0","94942","3","1","8","06","14","7","","0","0","1","0","0"
"POINT (11.455957625000053 48.147075936000078)","Unfall 95061 (2021) Kat:3, Licht: 0","95061","3","6","6","06","14","4","","0","1","0","1","0"