WKT,Name,OBJECTID,UKATEGORIE,UTYP1,UART,UMONAT,USTUNDE,UWOCHENTAG,STRZUSTAND,ULICHTVERH,ISTRAD,ISTPKW,ISTFUSS,ISTKRAD
"POINT (11.469795559000033 48.209706807000032)","Unfall 95077 (2021) Kat:3, Licht: 0","95077","3","6","9","06","15","4","","0","0","1","0","0"
"POINT (11.620506865000038 48.106813612000053)","Unfall 95120 (2021) Kat:3, Licht: 1","95120","3","7","1","06","20","7","","1","0","1","0","0"
"POINT (11.539913517000059 48.107233149000081)","Unfall 95193 (2021) Kat:2, Licht: 0","95193","2","2","6","06","09","6","","0","0","1","1","0"
"POINT (11.551733377000062 48.186003320000054)","Unfall 95233 (2021) Kat:3, Licht: 0","95233","3","3","4","06","09","5","","0","0","1","0","0"
"POINT (11.555148069000040 48.112265112000046)","Unfall 95258 (2021) Kat:3, Licht: 0","95258","3","6","3","06","16","4","","0","0","1","0","0"
"POINT (11.453360258000032 48.147092671000053)","Unfall 95267 (2021) Kat:3, Licht: 0","95267","3","6","1","06","20","7","","0","0","1","0","0"
"POINT (11.574300292000032 48.227574427000036)","Unfall 95270 (2021) Kat:3, Licht: 0","95270","3","6","0","06","17","6","","0","0","1","0","0"
"POINT (11.476398053000025 48.088879792000057)","Unfall 95305 (2021) Kat:3, Licht: 0","95305","3","3","5","06","13","3","","0","0","1","0","1"
"POINT (11.541158240000073 48.094235392000030)","Unfall 95313 (2021) Kat:3, Licht: 0","95313","3","2","5","06","19","4","","0","1","1","0","0"
"POINT (11.585656762000042 48.202080989000081)","Unfall 95318 (2021) Kat:2, Licht: 0","95318","2","3","1","06","16","4","","0","0","1","0","1"
"POINT (11.539600802000052 48.113059636000060)","Unfall 95442 (2021) Kat:3, Licht: 0","95442","3","3","5","06","15","4","","0","1","1","0","0"
"POINT (11.513577632000022 48.108376223000050)","Unfall 95459 (2021) Kat:3, Licht: 0","95459","3","6","2","06","19","5","","0","0","1","0","0"
"POINT (11.668960833000028 48.088086716000078)","Unfall 95505 (2021) Kat:3, Licht: 0","95505","3","3","5","06","16","4","","0","1","1","0","0"
"POINT (11.395066067000073 48.142594502000065)","Unfall 95537 (2021) Kat:2, Licht: 0","95537","2","7","2","06","18","4","","0","0","1","0","0"
"POINT (11.654514077000044 48.124792967000076)","Unfall 95546 (2021) Kat:3, Licht: 0","95546","3","6","2","06","19","3","","0","0","1","0","0"
"POINT (11.530460099000038 48.187483473000043)","Unfall 95634 (2021) Kat:3, Licht: 0","95634","3","6","0","06","19","2","","0","0","0","0","1"
"POINT (11.534712045000049 48.142631755000082)","Unfall 95644 (2021) Kat:3, Licht: 0","95644","3","4","0","06","07","3","","0","1","0","1","0"
"POINT (11.620758526000031 48.122941930000081)","Unfall 95658 (2021) Kat:3, Licht: 0","95658","3","7","0","06","15","5","","0","1","0","0","0"
"POINT (11.515813049000030 48.124014620000025)","Unfall 95663 (2021) Kat:3, Licht: 0","95663","3","6","2","05","16","2","","0","0","1","0","0"
"POINT (11.479618921000053 48.209649890000037)","Unfall 95687 (2021) Kat:3, Licht: 0","95687","3","6","2","06","09","3","","0","0","1","0","0"
"POINT (11.534509334000063 48.141261653000072)","Unfall 95776 (2021) Kat:3, Licht: 0","95776","3","6","2","06","08","5","","0","0","1","0","0"
"POINT (11.619986411000070 48.191219513000078)","Unfall 95798 (2021) Kat:3, Licht: 0","95798","3","2","5","06","16","7","","0","1","1","0","0"
"POINT (11.598594910000031 48.172823565000044)","Unfall 95853 (2021) Kat:3, Licht: 0","95853","3","6","2","06","12","7","","0","0","1","0","0"
"POINT (11.584639088000074 48.185188362000076)","Unfall 95867 (2021) Kat:3, Licht: 0","95867","3","2","5","06","14","2","","0","1","1","0","0"
"POINT (11.528073109000047 48.129919618000031)","Unfall 95937 (2021) Kat:3, Licht: 0","95937","3","6","2","06","15","7","","0","0","1","0","0"
"POINT (11.601562445000070 48.108082627000044)","Unfall 95982 (2021) Kat:3, Licht: 0","95982","3","6","2","06","07","5","","0","0","1","0","0"
"POINT (11.678950895000071 48.137322268000048)","Unfall 95996 (2021) Kat:3, Licht: 0","95996","3","6","2","06","06","2","","0","0","1","0","0"
"POINT (11.436226506000025 48.204076663000080)","Unfall 95997 (2021) Kat:3, Licht: 0","95997","3","6","1","06","08","5","","0","0","1","0","0"
"POINT (11.590756065000051 48.176489815000082)","Unfall 96002 (2021) Kat:3, Licht: 0","96002","3","6","3","07","10","5","","0","0","1","0","0"
"POINT (11.502293744000042 48.143338217000064)","Unfall 96015 (2021) Kat:3, Licht: 0","96015","3","4","6","06","07","4","","0","1","0","1","0"
"POINT (11.559783026000048 48.112632519000044)","Unfall 96022 (2021) Kat:3, Licht: 0","96022","3","6","2","06","09","3","","0","0","1","0","0"
"POINT (11.548168950000047 48.176150241000073)","Unfall 96028 (2021) Kat:3, Licht: 0","96028","3","6","3","06","15","6","","0","0","1","0","0"
"POINT (11.559200398000030 48.112559324000074)","Unfall 96093 (2021) Kat:3, Licht: 0","96093","3","6","2","07","07","6","","0","0","1","0","0"
"POINT (11.518682316000024 48.071026179000057)","Unfall 96173 (2021) Kat:3, Licht: 0","96173","3","6","2","07","14","6","","0","0","1","0","0"
"POINT (11.648568409000063 48.125523523000027)","Unfall 96192 (2021) Kat:3, Licht: 0","96192","3","1","0","06","11","5","","0","1","0","0","0"
"POINT (11.640832495000041 48.126447873000075)","Unfall 96206 (2021) Kat:3, Licht: 0","96206","3","1","0","06","13","5","","0","1","0","0","0"
"POINT (11.482196310000063 48.114803233000032)","Unfall 96235 (2021) Kat:3, Licht: 0","96235","3","6","3","06","08","3","","0","0","0","0","1"
"POINT (11.711278982000067 48.138212676000080)","Unfall 96242 (2021) Kat:3, Licht: 0","96242","3","3","5","06","06","2","","0","1","1","0","0"
"POINT (11.620632809000028 48.124646103000032)","Unfall 96243 (2021) Kat:3, Licht: 0","96243","3","2","5","06","07","4","","0","0","1","0","0"
"POINT (11.655874797000024 48.124455131000047)","Unfall 96257 (2021) Kat:3, Licht: 0","96257","3","2","3","06","08","3","","0","1","1","0","0"
"POINT (11.518044263000036 48.119926610000050)","Unfall 96362 (2021) Kat:3, Licht: 2","96362","3","6","3","06","15","5","","2","0","1","0","0"
"POINT (11.552855168000065 48.082793680000066)","Unfall 96379 (2021) Kat:2, Licht: 0","96379","2","3","3","06","12","1","","0","0","1","0","0"
"POINT (11.616618240000037 48.132961010000031)","Unfall 96449 (2021) Kat:3, Licht: 0","96449","3","6","2","06","18","3","","0","0","1","0","0"
"POINT (11.620071632000077 48.120032912000056)","Unfall 96457 (2021) Kat:3, Licht: 0","96457","3","6","2","06","09","4","","0","0","1","0","0"
"POINT (11.585468720000051 48.201092285000072)","Unfall 96468 (2021) Kat:3, Licht: 0","96468","3","2","5","07","18","5","","0","0","1","0","0"
"POINT (11.476812165000069 48.145261979000054)","Unfall 96473 (2021) Kat:3, Licht: 0","96473","3","2","5","06","15","3","","0","0","1","0","1"
"POINT (11.455937962000064 48.162359559000038)","Unfall 96479 (2021) Kat:3, Licht: 0","96479","3","6","2","06","09","4","","0","0","1","0","0"
"POINT (11.502797677000046 48.125747852000075)","Unfall 96538 (2021) Kat:3, Licht: 0","96538","3","6","2","06","15","7","","0","1","1","0","0"
"POINT (11.392276713000058 48.146131496000066)","Unfall 96592 (2021) Kat:3, Licht: 0","96592","3","3","5","06","09","3","","0","0","1","0","0"
"POINT (11.644653023000046 48.126039399000035)","Unfall 96609 (2021) Kat:3, Licht: 0","96609","3","2","5","06","13","3","","0","1","1","0","0"
"POINT (11.616270049000036 48.137001204000057)","Unfall 96643 (2021) Kat:3, Licht: 0","96643","3","3","5","06","18","2","","0","0","1","0","1"
"POINT (11.671200044000045 48.119548948000045)","Unfall 96648 (2021) Kat:3, Licht: 0","96648","3","3","5","06","14","1","","0","0","1","0","0"
"POINT (11.518042635000029 48.119922743000075)","Unfall 96753 (2021) Kat:3, Licht: 0","96753","3","6","3","06","10","2","","0","0","1","0","0"
"POINT (11.683426105000024 48.138140489000079)","Unfall 96762 (2021) Kat:2, Licht: 0","96762","2","6","3","06","17","6","","0","0","1","0","0"
"POINT (11.579645601000038 48.107793319000052)","Unfall 96804 (2021) Kat:3, Licht: 0","96804","3","6","3","06","17","6","","0","1","1","0","0"
"POINT (11.394337689000054 48.180114708000076)","Unfall 96812 (2021) Kat:3, Licht: 2","96812","3","6","4","06","21","6","","2","1","0","0","0"
"POINT (11.618038705000060 48.225393948000033)","Unfall 96856 (2021) Kat:3, Licht: 2","96856","3","6","2","06","22","6","","2","0","1","0","0"
"POINT (11.393753663000041 48.145043038000040)","Unfall 96886 (2021) Kat:3, Licht: 0","96886","3","7","9","06","19","6","","0","0","0","0","1"
"POINT (11.535883163000051 48.186860882000076)","Unfall 96893 (2021) Kat:3, Licht: 0","96893","3","2","5","06","07","2","","0","1","1","0","0"
"POINT (11.667451596000035 48.120556378000060)","Unfall 96911 (2021) Kat:3, Licht: 0","96911","3","2","5","06","08","4","","0","1","1","0","0"
"POINT (11.586169310000059 48.205768236000040)","Unfall 96927 (2021) Kat:2, Licht: 0","96927","2","2","3","06","07","6","","0","0","0","0","1"
"POINT (11.503578100000027 48.143260669000028)","Unfall 96931 (2021) Kat:3, Licht: 0","96931","3","3","4","06","17","4","","0","1","0","1","0"
"POINT (11.540837232000058 48.110926786000050)","Unfall 96952 (2021) Kat:3, Licht: 0","96952","3","6","3","06","08","2","","0","1","0","0","0"
"POINT (11.534795664000058 48.140907136000067)","Unfall 96962 (2021) Kat:3, Licht: 0","96962","3","6","3","06","18","3","","0","1","0","0","0"
"POINT (11.617003946000068 48.114192851000041)","Unfall 96971 (2021) Kat:3, Licht: 2","96971","3","3","5","06","22","4","","2","1","1","0","0"
"POINT (11.533141274000059 48.187068031000081)","Unfall 96996 (2021) Kat:3, Licht: 0","96996","3","6","3","06","16","4","","0","0","1","0","1"
"POINT (11.615319656000054 48.141743319000057)","Unfall 96997 (2021) Kat:3, Licht: 2","96997","3","6","2","06","14","7","","2","0","1","0","0"
"POINT (11.517404803000034 48.124106425000036)","Unfall 97054 (2021) Kat:3, Licht: 0","97054","3","6","2","06","17","4","","0","0","1","0","0"
"POINT (11.458850709000046 48.145475438000062)","Unfall 97056 (2021) Kat:2, Licht: 0","97056","2","4","6","06","10","4","","0","0","0","1","0"
"POINT (11.649013027000024 48.100527779000060)","Unfall 97059 (2021) Kat:2, Licht: 0","97059","2","3","5","06","19","2","","0","1","0","0","0"
"POINT (11.528620350000040 48.129935051000075)","Unfall 97090 (2021) Kat:2, Licht: 1","97090","2","2","5","07","19","5","","1","1","1","0","0"
"POINT (11.624478725000074 48.090610969000068)","Unfall 97103 (2021) Kat:3, Licht: 0","97103","3","3","5","06","11","4","","0","0","1","0","0"
"POINT (11.502519472000074 48.112065620000067)","Unfall 97168 (2021) Kat:3, Licht: 0","97168","3","2","5","06","17","6","","0","1","1","0","0"
"POINT (11.665876055000069 48.120939118000081)","Unfall 97201 (2021) Kat:2, Licht: 0","97201","2","3","5","06","12","5","","0","1","1","0","0"
"POINT (11.626628821000054 48.138354792000030)","Unfall 97218 (2021) Kat:3, Licht: 0","97218","3","6","2","06","10","3","","0","0","1","0","0"
"POINT (11.617772641000045 48.115305507000073)","Unfall 97241 (2021) Kat:3, Licht: 0","97241","3","2","5","06","08","3","","0","1","1","0","0"
"POINT (11.516698398000074 48.109989665000057)","Unfall 97268 (2021) Kat:3, Licht: 2","97268","3","1","0","06","03","7","","2","0","0","0","1"
"POINT (11.702070974000037 48.113026596000054)","Unfall 97287 (2021) Kat:3, Licht: 0","97287","3","6","1","06","19","4","","0","0","1","0","0"
"POINT (11.617742874000044 48.115247700000054)","Unfall 97315 (2021) Kat:3, Licht: 0","97315","3","6","1","06","15","6","","0","0","1","0","0"
"POINT (11.585615185000051 48.202861332000055)","Unfall 97341 (2021) Kat:3, Licht: 0","97341","3","3","5","06","15","3","","0","1","1","0","0"
"POINT (11.584073496000030 48.193148727000050)","Unfall 97375 (2021) Kat:2, Licht: 0","97375","2","4","6","06","13","2","","0","0","1","1","0"
"POINT (11.599734567000041 48.172013848000063)","Unfall 97414 (2021) Kat:3, Licht: 0","97414","3","6","2","06","07","4","","0","0","1","0","0"
"POINT (11.541623153000046 48.098648013000059)","Unfall 97447 (2021) Kat:2, Licht: 0","97447","2","2","3","06","08","5","","0","0","1","0","1"
"POINT (11.524207991000026 48.140687968000066)","Unfall 97468 (2021) Kat:3, Licht: 0","97468","3","2","5","07","09","5","","0","0","1","0","0"
"POINT (11.550367015000063 48.188964130000045)","Unfall 97489 (2021) Kat:3, Licht: 0","97489","3","6","1","06","17","3","","0","0","1","0","0"
"POINT (11.487404566000066 48.086443389000067)","Unfall 97493 (2021) Kat:3, Licht: 0","97493","3","3","5","06","14","5","","0","0","1","0","0"
"POINT (11.695271490000039 48.115581689000066)","Unfall 97501 (2021) Kat:3, Licht: 0","97501","3","2","3","06","10","4","","0","1","1","0","0"
"POINT (11.585003711000070 48.177322670000081)","Unfall 97509 (2021) Kat:3, Licht: 0","97509","3","2","3","06","09","5","","0","1","0","0","0"
"POINT (11.407039826000073 48.171975346000067)","Unfall 97516 (2021) Kat:3, Licht: 2","97516","3","1","8","06","23","3","","2","0","1","0","0"
"POINT (11.525441869000076 48.140672426000037)","Unfall 97537 (2021) Kat:3, Licht: 0","97537","3","3","5","06","11","6","","0","1","1","0","0"
"POINT (11.537394854000070 48.152764607000051)","Unfall 97568 (2021) Kat:3, Licht: 0","97568","3","7","0","06","09","4","","0","1","0","0","0"
"POINT (11.537049137000054 48.151913223000065)","Unfall 97639 (2021) Kat:3, Licht: 2","97639","3","2","5","07","21","5","","2","1","1","0","0"
"POINT (11.590416294000022 48.176626045000035)","Unfall 97648 (2021) Kat:3, Licht: 0","97648","3","6","2","07","13","1","","0","0","1","0","0"
"POINT (11.617122911000024 48.130778873000054)","Unfall 97723 (2021) Kat:3, Licht: 0","97723","3","3","5","07","17","5","","0","1","1","0","0"
"POINT (11.620645345000071 48.124618323000050)","Unfall 97736 (2021) Kat:3, Licht: 0","97736","3","2","5","07","09","4","","0","0","1","0","0"
"POINT (11.620534795000026 48.124546549000058)","Unfall 97780 (2021) Kat:3, Licht: 0","97780","3","6","3","07","12","6","","0","1","0","0","0"
"POINT (11.615932344000043 48.130962433000036)","Unfall 97820 (2021) Kat:3, Licht: 2","97820","3","2","5","07","23","4","","2","1","1","0","0"
"POINT (11.485816448000037 48.208287847000065)","Unfall 97837 (2021) Kat:3, Licht: 0","97837","3","7","2","07","13","7","","0","0","1","0","0"
"POINT (11.590253247000021 48.176690004000079)","Unfall 97859 (2021) Kat:3, Licht: 0","97859","3","2","5","07","17","3","","0","1","1","0","0"
"POINT (11.537695131000021 48.110564729000032)","Unfall 97922 (2021) Kat:3, Licht: 0","97922","3","6","2","07","07","2","","0","0","1","0","0"
"POINT (11.537440772000025 48.166811609000035)","Unfall 97929 (2021) Kat:3, Licht: 0","97929","3","6","2","07","19","6","","0","0","1","0","0"
"POINT (11.614917950000063 48.135616538000079)","Unfall 97985 (2021) Kat:3, Licht: 0","97985","3","1","0","07","08","7","","0","0","0","0","1"
"POINT (11.526109433000045 48.109965422000073)","Unfall 97989 (2021) Kat:3, Licht: 0","97989","3","5","1","08","20","2","","0","0","1","0","1"
"POINT (11.539396970000041 48.112798371000054)","Unfall 97996 (2021) Kat:3, Licht: 0","97996","3","2","5","07","16","7","","0","0","1","0","0"
"POINT (11.674341799000047 48.119516326000053)","Unfall 98010 (2021) Kat:3, Licht: 0","98010","3","7","0","07","06","4","","0","1","0","1","0"
"POINT (11.580615340000065 48.106007348000048)","Unfall 98021 (2021) Kat:2, Licht: 0","98021","2","6","3","07","17","5","","0","0","1","0","1"
"POINT (11.458997828000065 48.150170782000032)","Unfall 98025 (2021) Kat:3, Licht: 1","98025","3","2","3","07","06","6","","1","0","1","0","0"
"POINT (11.592628806000050 48.105788675000042)","Unfall 98034 (2021) Kat:3, Licht: 0","98034","3","4","6","07","12","4","","0","0","1","1","0"
"POINT (11.515014430000065 48.141794526000069)","Unfall 98119 (2021) Kat:3, Licht: 0","98119","3","3","5","07","17","4","","0","1","1","0","0"
"POINT (11.651663512000027 48.104548551000050)","Unfall 98170 (2021) Kat:3, Licht: 0","98170","3","2","5","07","15","7","","0","0","1","0","0"
"POINT (11.707826828000066 48.144054205000032)","Unfall 98185 (2021) Kat:3, Licht: 0","98185","3","6","2","07","14","4","","0","0","1","0","0"
"POINT (11.621178647000022 48.106328639000026)","Unfall 98190 (2021) Kat:3, Licht: 0","98190","3","4","6","07","07","6","","0","0","0","1","1"
"POINT (11.522896748000051 48.075099473000080)","Unfall 98200 (2021) Kat:3, Licht: 0","98200","3","2","5","07","11","4","","0","1","1","0","0"
"POINT (11.626560163000022 48.199347443000079)","Unfall 98222 (2021) Kat:2, Licht: 0","98222","2","7","0","07","15","1","","0","1","0","0","0"
"POINT (11.696971098000063 48.114775578000035)","Unfall 98236 (2021) Kat:3, Licht: 0","98236","3","6","2","07","18","6","","0","0","1","0","0"
"POINT (11.701915463000034 48.112934302000042)","Unfall 98237 (2021) Kat:3, Licht: 0","98237","3","3","1","07","17","6","","0","1","0","0","0"
"POINT (11.522868214000027 48.075077612000030)","Unfall 98283 (2021) Kat:3, Licht: 0","98283","3","3","5","08","12","2","","0","1","1","0","0"
"POINT (11.509496361000060 48.125187302000029)","Unfall 98286 (2021) Kat:3, Licht: 2","98286","3","6","3","07","00","7","","2","0","1","0","0"
"POINT (11.585323319000054 48.201327121000077)","Unfall 98320 (2021) Kat:3, Licht: 0","98320","3","6","2","07","17","4","","0","0","1","0","1"
"POINT (11.612765164000052 48.110538838000082)","Unfall 98338 (2021) Kat:3, Licht: 0","98338","3","6","3","07","08","7","","0","1","1","0","0"
"POINT (11.590914483000063 48.176426297000035)","Unfall 98351 (2021) Kat:3, Licht: 0","98351","3","6","2","07","13","4","","0","0","1","0","0"
"POINT (11.707812921000027 48.144362496000042)","Unfall 98383 (2021) Kat:3, Licht: 0","98383","3","6","2","07","15","4","","0","0","1","0","0"
"POINT (11.604388563000043 48.157126092000055)","Unfall 98431 (2021) Kat:3, Licht: 0","98431","3","3","5","07","06","6","","0","0","1","0","0"
"POINT (11.469795559000033 48.209706807000032)","Unfall 98526 (2021) Kat:3, Licht: 0","98526","3","6","1","07","17","6","","0","0","1","0","0"
"POINT (11.539388357000064 48.112835516000075)","Unfall 98542 (2021) Kat:3, Licht: 0","98542","3","2","5","07","09","4","","0","1","1","0","0"
"POINT (11.519177507000052 48.122537978000025)","Unfall 98578 (2021) Kat:3, Licht: 2","98578","3","6","2","07","15","7","","2","0","1","0","1"
"POINT (11.533846269000037 48.140103585000077)","Unfall 98643 (2021) Kat:3, Licht: 0","98643","3","3","5","07","16","6","","0","1","1","0","0"
"POINT (11.502422500000023 48.101293630000043)","Unfall 98702 (2021) Kat:3, Licht: 2","98702","3","1","9","07","00","6","","2","0","1","0","0"
"POINT (11.616287810000074 48.113108184000055)","Unfall 98706 (2021) Kat:3, Licht: 0","98706","3","6","2","07","18","3","","0","0","1","0","0"
"POINT (11.476467881000076 48.088873916000068)","Unfall 98739 (2021) Kat:3, Licht: 0","98739","3","3","1","07","10","5","","0","0","1","0","0"
"POINT (11.530832394000072 48.131186115000048)","Unfall 98745 (2021) Kat:3, Licht: 0","98745","3","2","5","08","13","1","","0","0","1","0","1"
"POINT (11.584249137000029 48.190344079000056)","Unfall 98756 (2021) Kat:2, Licht: 0","98756","2","7","6","07","16","5","","0","1","0","1","0"
"POINT (11.534770169000069 48.140142889000060)","Unfall 98768 (2021) Kat:3, Licht: 0","98768","3","3","5","07","18","3","","0","1","1","0","0"
"POINT (11.493107989000066 48.144067123000070)","Unfall 98773 (2021) Kat:3, Licht: 0","98773","3","6","2","07","08","6","","0","0","1","0","0"
"POINT (11.534265599000037 48.086423667000076)","Unfall 98856 (2021) Kat:3, Licht: 2","98856","3","6","3","07","01","2","","2","1","1","0","0"
"POINT (11.620135017000052 48.120142075000047)","Unfall 98868 (2021) Kat:3, Licht: 1","98868","3","6","2","07","05","4","","1","0","1","0","0"
"POINT (11.529680208000059 48.130908616000056)","Unfall 98900 (2021) Kat:3, Licht: 0","98900","3","6","2","07","14","7","","0","0","1","0","0"
"POINT (11.516889334000041 48.114240216000042)","Unfall 98909 (2021) Kat:3, Licht: 2","98909","3","6","2","07","15","7","","2","0","1","0","0"
"POINT (11.584584009000025 48.197554531000037)","Unfall 98913 (2021) Kat:3, Licht: 0","98913","3","2","5","07","06","1","","0","0","1","0","0"
"POINT (11.467110723000076 48.114680218000046)","Unfall 98936 (2021) Kat:3, Licht: 0","98936","3","3","5","07","08","3","","0","1","0","0","0"
"POINT (11.641695524000056 48.213454555000055)","Unfall 98938 (2021) Kat:3, Licht: 0","98938","3","6","2","07","15","6","","0","0","1","0","0"
"POINT (11.645578652000040 48.086388728000031)","Unfall 98948 (2021) Kat:3, Licht: 0","98948","3","6","3","07","18","6","","0","0","1","0","0"
"POINT (11.620645056000058 48.123262495000063)","Unfall 98964 (2021) Kat:3, Licht: 0","98964","3","6","3","07","11","2","","0","0","0","0","1"
"POINT (11.587242112000069 48.210290918000055)","Unfall 99004 (2021) Kat:3, Licht: 0","99004","3","6","2","07","18","1","","0","0","1","0","0"
"POINT (11.531597910000073 48.132065641000054)","Unfall 99029 (2021) Kat:3, Licht: 0","99029","3","6","2","07","10","7","","0","0","1","0","0"
"POINT (11.499436140000057 48.112094948000049)","Unfall 99076 (2021) Kat:3, Licht: 0","99076","3","2","5","07","12","3","","0","1","1","0","0"
"POINT (11.616126709000071 48.130988814000034)","Unfall 99107 (2021) Kat:3, Licht: 0","99107","3","4","6","07","16","5","","0","0","1","1","0"
"POINT (11.444561674000056 48.145721814000069)","Unfall 99122 (2021) Kat:3, Licht: 0","99122","3","6","3","07","08","6","","0","1","0","0","1"
"POINT (11.531906180000021 48.140122818000066)","Unfall 99140 (2021) Kat:3, Licht: 0","99140","3","6","3","07","15","5","","0","0","1","0","1"
"POINT (11.480818700000043 48.115085600000043)","Unfall 99155 (2021) Kat:2, Licht: 0","99155","2","3","5","07","07","4","","0","0","1","0","1"
"POINT (11.478942974000063 48.145196416000033)","Unfall 99164 (2021) Kat:3, Licht: 0","99164","3","3","0","07","13","2","","0","0","1","0","0"
"POINT (11.416432076000035 48.130473012000039)","Unfall 99167 (2021) Kat:3, Licht: 0","99167","3","1","9","07","09","5","","0","0","1","0","0"
"POINT (11.503681117000042 48.142900486000030)","Unfall 99178 (2021) Kat:3, Licht: 2","99178","3","4","6","07","01","1","","2","0","1","1","0"
"POINT (11.607127038000044 48.182415877000039)","Unfall 99221 (2021) Kat:3, Licht: 0","99221","3","3","5","07","08","2","","0","0","1","0","0"
"POINT (11.658303147000026 48.139253847000077)","Unfall 99238 (2021) Kat:3, Licht: 0","99238","3","6","2","07","17","7","","0","0","1","0","0"
"POINT (11.472672498000065 48.089921942000046)","Unfall 99251 (2021) Kat:2, Licht: 0","99251","2","3","5","07","10","7","","0","1","1","0","0"
"POINT (11.598390663000032 48.161845637000056)","Unfall 99254 (2021) Kat:3, Licht: 0","99254","3","6","2","07","18","5","","0","0","1","0","0"
"POINT (11.597204501000022 48.166806639000072)","Unfall 99357 (2021) Kat:3, Licht: 0","99357","3","6","2","07","16","6","","0","0","1","0","0"
"POINT (11.582436478000034 48.104878040000074)","Unfall 99463 (2021) Kat:3, Licht: 0","99463","3","6","2","07","08","6","","0","0","1","0","0"
"POINT (11.620635022000045 48.124641460000078)","Unfall 99481 (2021) Kat:3, Licht: 2","99481","3","2","5","08","21","1","","2","0","1","0","0"
"POINT (11.620090125000047 48.120341891000066)","Unfall 99488 (2021) Kat:3, Licht: 0","99488","3","2","4","07","10","3","","0","0","1","0","1"
"POINT (11.614694480000026 48.111038908000069)","Unfall 99563 (2021) Kat:3, Licht: 0","99563","3","6","3","07","14","4","","0","0","1","0","1"
"POINT (11.524231741000051 48.140686012000060)","Unfall 99618 (2021) Kat:3, Licht: 0","99618","3","2","5","07","15","3","","0","1","1","0","0"
"POINT (11.584300948000077 48.189726613000062)","Unfall 99646 (2021) Kat:3, Licht: 0","99646","3","6","3","07","13","2","","0","1","0","0","0"
"POINT (11.521326344000045 48.222573962000070)","Unfall 99668 (2021) Kat:3, Licht: 0","99668","3","6","2","07","15","6","","0","0","1","0","0"
"POINT (11.554041444000063 48.085325647000047)","Unfall 99671 (2021) Kat:3, Licht: 0","99671","3","4","5","07","10","6","","0","1","1","1","0"
"POINT (11.502191234000065 48.143066348000048)","Unfall 99732 (2021) Kat:3, Licht: 0","99732","3","7","6","07","14","5","","0","1","0","1","0"
"POINT (11.392304336000052 48.146132178000073)","Unfall 99766 (2021) Kat:3, Licht: 0","99766","3","3","5","07","13","6","","0","0","1","0","0"
"POINT (11.584596535000060 48.184526622000078)","Unfall 99801 (2021) Kat:2, Licht: 0","99801","2","2","5","07","08","6","","0","0","0","0","0"
"POINT (11.615803238000069 48.131045342000050)","Unfall 99826 (2021) Kat:3, Licht: 0","99826","3","3","5","07","07","2","","0","1","1","0","0"
"POINT (11.522198814000035 48.140965803000029)","Unfall 99905 (2021) Kat:3, Licht: 0","99905","3","7","0","07","16","5","","0","1","1","0","0"
"POINT (11.625611009000067 48.197837752000055)","Unfall 99924 (2021) Kat:2, Licht: 0","99924","2","2","5","07","08","3","","0","1","1","0","0"
"POINT (11.534490706000042 48.142119525000055)","Unfall 99941 (2021) Kat:3, Licht: 1","99941","3","6","2","07","19","7","","1","0","1","0","0"
"POINT (11.627619436000032 48.166925025000069)","Unfall 99958 (2021) Kat:3, Licht: 0","99958","3","1","0","07","16","7","","0","0","0","0","1"
"POINT (11.461272853000025 48.181592357000056)","Unfall 99960 (2021) Kat:3, Licht: 0","99960","3","2","3","07","06","5","","0","1","0","0","0"
"POINT (11.624576091000051 48.103863158000081)","Unfall 99961 (2021) Kat:3, Licht: 0","99961","3","6","3","07","18","2","","0","1","0","0","0"
"POINT (11.523218820000068 48.109774619000063)","Unfall 99966 (2021) Kat:3, Licht: 0","99966","3","6","2","07","17","3","","0","0","1","0","0"
"POINT (11.502267742000072 48.112065684000072)","Unfall 99968 (2021) Kat:3, Licht: 0","99968","3","2","5","07","18","5","","0","1","1","0","0"
"POINT (11.518734451000057 48.123931216000074)","Unfall 99984 (2021) Kat:3, Licht: 0","99984","3","6","2","07","16","7","","0","0","1","0","0"
"POINT (11.521976824000035 48.126246317000039)","Unfall 99987 (2021) Kat:3, Licht: 0","99987","3","2","3","07","10","4","","0","1","1","0","0"
"POINT (11.521186822000061 48.090491645000043)","Unfall 99988 (2021) Kat:3, Licht: 0","99988","3","2","5","07","10","3","","0","0","1","0","0"
"POINT (11.519657363000022 48.109782318000043)","Unfall 100048 (2021) Kat:3, Licht: 0","100048","3","7","3","07","07","2","","0","0","1","0","1"
"POINT (11.528360177000025 48.080325153000047)","Unfall 100112 (2021) Kat:3, Licht: 0","100112","3","1","0","07","13","7","","0","1","0","0","0"
"POINT (11.587619243000063 48.213115561000052)","Unfall 100124 (2021) Kat:2, Licht: 0","100124","2","3","5","07","17","1","","0","1","1","0","0"
"POINT (11.520599120000043 48.073251107000033)","Unfall 100140 (2021) Kat:3, Licht: 0","100140","3","3","5","07","09","4","","0","1","1","0","0"
"POINT (11.518492597000034 48.141374374000065)","Unfall 100143 (2021) Kat:3, Licht: 0","100143","3","2","5","07","15","5","","0","0","1","0","0"
"POINT (11.616502518000061 48.133185745000048)","Unfall 100157 (2021) Kat:3, Licht: 0","100157","3","6","0","07","18","4","","0","1","0","0","0"
"POINT (11.618725890000064 48.108924137000031)","Unfall 100176 (2021) Kat:3, Licht: 0","100176","3","3","5","07","09","1","","0","0","1","0","0"
"POINT (11.528041911000059 48.130288119000056)","Unfall 100183 (2021) Kat:3, Licht: 0","100183","3","2","5","07","14","3","","0","1","1","0","0"
"POINT (11.434360872000070 48.144316951000064)","Unfall 100224 (2021) Kat:3, Licht: 0","100224","3","3","5","08","17","4","","0","1","1","0","0"