WKT,Name,OBJECTID,UKATEGORIE,UTYP1,UART,UMONAT,USTUNDE,UWOCHENTAG,STRZUSTAND,ULICHTVERH,ISTRAD,ISTPKW,ISTFUSS,ISTKRAD
"POINT (11.394523487000072 48.146177806000026)","Unfall 100227 (2021) Kat:2, Licht: 0","100227","2","2","4","08","13","4","","0","0","1","0","0"
"POINT (11.623979349000024 48.129538769000078)","Unfall 100237 (2021) Kat:3, Licht: 0","100237","3","2","5","08","16","7","","0","1","1","0","0"
"POINT (11.613725562000070 48.104720957000040)","Unfall 100254 (2021) Kat:3, Licht: 0","100254","3","1","8","08","17","2","","0","0","1","0","0"
"POINT (11.619283576000043 48.157833406000066)","Unfall 100293 (2021) Kat:3, Licht: 0","100293","3","2","3","08","16","6","","0","1","0","0","0"
"POINT (11.422565874000043 48.172491028000081)","Unfall 100312 (2021) Kat:3, Licht: 0","100312","3","6","2","08","15","3","","0","0","1","0","0"
"POINT (11.405238812000050 48.140181941000037)","Unfall 100365 (2021) Kat:3, Licht: 0","100365","3","6","2","08","16","3","","0","0","1","0","1"
"POINT (11.525093460000051 48.076813125000058)","Unfall 100394 (2021) Kat:3, Licht: 0","100394","3","3","5","08","17","3","","0","1","1","0","0"
"POINT (11.476398053000025 48.088879792000057)","Unfall 100418 (2021) Kat:3, Licht: 0","100418","3","3","5","08","15","6","","0","0","1","0","1"
"POINT (11.552019655000038 48.080990248000035)","Unfall 100427 (2021) Kat:3, Licht: 0","100427","3","6","1","08","09","4","","0","0","1","0","0"
"POINT (11.608306123000034 48.155550544000050)","Unfall 100448 (2021) Kat:3, Licht: 0","100448","3","6","2","08","17","3","","0","0","1","0","0"
"POINT (11.617808474000071 48.115376537000031)","Unfall 100532 (2021) Kat:3, Licht: 0","100532","3","3","5","08","10","2","","0","0","1","0","0"
"POINT (11.458055749000039 48.195155174000035)","Unfall 100561 (2021) Kat:3, Licht: 0","100561","3","1","0","08","15","7","","0","1","0","0","0"
"POINT (11.502699034000045 48.143324378000045)","Unfall 100582 (2021) Kat:3, Licht: 0","100582","3","1","0","08","17","3","","0","1","0","0","0"
"POINT (11.685741516000064 48.118255352000062)","Unfall 100597 (2021) Kat:3, Licht: 0","100597","3","6","2","08","10","2","","0","0","1","0","0"
"POINT (11.507800875000044 48.112477103000060)","Unfall 100599 (2021) Kat:3, Licht: 0","100599","3","2","5","08","17","5","","0","0","1","0","0"
"POINT (11.603914831000054 48.179556884000078)","Unfall 100621 (2021) Kat:3, Licht: 0","100621","3","2","5","08","12","4","","0","1","1","0","0"
"POINT (11.695317612000053 48.115559637000047)","Unfall 100663 (2021) Kat:2, Licht: 0","100663","2","2","5","08","13","7","","0","1","0","0","1"
"POINT (11.620215398000028 48.120308377000072)","Unfall 100740 (2021) Kat:2, Licht: 0","100740","2","4","6","08","17","4","","0","1","0","1","0"
"POINT (11.665222170000050 48.121168217000047)","Unfall 100808 (2021) Kat:3, Licht: 0","100808","3","7","0","08","15","3","","0","0","0","0","0"
"POINT (11.438273395000067 48.144836968000050)","Unfall 100809 (2021) Kat:2, Licht: 0","100809","2","7","8","08","11","6","","0","0","1","0","0"
"POINT (11.630447348000075 48.220609908000029)","Unfall 100817 (2021) Kat:3, Licht: 0","100817","3","6","3","08","13","5","","0","0","1","0","0"
"POINT (11.485666745000060 48.086683506000043)","Unfall 100824 (2021) Kat:3, Licht: 0","100824","3","3","4","08","19","4","","0","0","1","0","0"
"POINT (11.483786491000046 48.209215382000082)","Unfall 100852 (2021) Kat:3, Licht: 0","100852","3","6","3","08","19","4","","0","0","1","0","0"
"POINT (11.572953302000030 48.177810661000080)","Unfall 100879 (2021) Kat:3, Licht: 0","100879","3","3","5","08","13","5","","0","0","1","0","0"
"POINT (11.634697113000072 48.127276952000045)","Unfall 100883 (2021) Kat:2, Licht: 0","100883","2","2","5","08","09","1","","0","0","1","0","0"
"POINT (11.536906019000071 48.151775072000078)","Unfall 100884 (2021) Kat:3, Licht: 0","100884","3","2","3","08","14","4","","0","1","0","0","0"
"POINT (11.590071542000032 48.176758037000070)","Unfall 100891 (2021) Kat:2, Licht: 0","100891","2","3","5","08","05","7","","0","1","1","0","0"
"POINT (11.529833112000063 48.217831766000074)","Unfall 100925 (2021) Kat:2, Licht: 0","100925","2","3","5","08","15","4","","0","0","1","0","0"
"POINT (11.570519583000021 48.105404855000074)","Unfall 100940 (2021) Kat:3, Licht: 0","100940","3","1","0","08","15","7","","0","1","0","0","0"
"POINT (11.586503873000026 48.097705396000038)","Unfall 100946 (2021) Kat:3, Licht: 0","100946","3","6","2","08","08","5","","0","0","1","0","0"
"POINT (11.491930542000034 48.209893601000033)","Unfall 100961 (2021) Kat:3, Licht: 0","100961","3","6","2","08","13","6","","0","0","1","0","0"
"POINT (11.472291086000041 48.145626759000038)","Unfall 100984 (2021) Kat:2, Licht: 0","100984","2","3","5","08","08","4","","0","1","1","0","0"
"POINT (11.461661647000028 48.178364697000063)","Unfall 100997 (2021) Kat:3, Licht: 2","100997","3","6","2","08","00","6","","2","1","0","1","0"
"POINT (11.648791363000043 48.083559612000045)","Unfall 101016 (2021) Kat:3, Licht: 0","101016","3","7","0","08","17","3","","0","0","0","0","0"
"POINT (11.616124592000062 48.146418009000058)","Unfall 101069 (2021) Kat:3, Licht: 0","101069","3","6","7","08","15","1","","0","0","1","0","0"
"POINT (11.473844338000049 48.209724384000026)","Unfall 101075 (2021) Kat:3, Licht: 0","101075","3","6","3","08","16","3","","0","0","1","0","0"
"POINT (11.585271834000025 48.201056484000048)","Unfall 101098 (2021) Kat:3, Licht: 1","101098","3","2","5","08","19","7","","1","0","1","0","0"
"POINT (11.638191446000064 48.215593474000059)","Unfall 101107 (2021) Kat:3, Licht: 0","101107","3","6","2","08","12","3","","0","0","1","0","1"
"POINT (11.457240712000043 48.202474788000075)","Unfall 101122 (2021) Kat:3, Licht: 0","101122","3","6","2","08","12","4","","0","0","1","0","0"
"POINT (11.519930729000066 48.109766778000051)","Unfall 101129 (2021) Kat:3, Licht: 0","101129","3","3","0","08","15","4","","0","0","0","0","0"
"POINT (11.519659913000055 48.109769480000068)","Unfall 101136 (2021) Kat:3, Licht: 0","101136","3","3","5","08","18","7","","0","0","1","0","0"
"POINT (11.566876644000047 48.100937175000070)","Unfall 101191 (2021) Kat:3, Licht: 0","101191","3","2","5","08","06","4","","0","0","1","0","0"
"POINT (11.620160336000026 48.120525679000082)","Unfall 101210 (2021) Kat:3, Licht: 0","101210","3","6","2","08","19","5","","0","0","1","0","0"
"POINT (11.420261177000043 48.170849780000026)","Unfall 101215 (2021) Kat:3, Licht: 0","101215","3","6","2","08","07","4","","0","0","1","0","0"
"POINT (11.411656534000031 48.141128185000071)","Unfall 101275 (2021) Kat:3, Licht: 0","101275","3","3","5","08","16","4","","0","0","1","0","0"
"POINT (11.499934698000061 48.143399447000036)","Unfall 101279 (2021) Kat:2, Licht: 0","101279","2","7","0","08","14","1","","0","1","0","0","0"
"POINT (11.534770469000023 48.140007971000045)","Unfall 101356 (2021) Kat:3, Licht: 0","101356","3","3","5","08","06","2","","0","0","1","0","0"
"POINT (11.472228001000076 48.145414853000034)","Unfall 101392 (2021) Kat:3, Licht: 0","101392","3","7","0","08","11","5","","0","1","0","0","0"
"POINT (11.579779652000070 48.107893941000043)","Unfall 101459 (2021) Kat:3, Licht: 0","101459","3","6","3","08","16","5","","0","0","1","0","0"
"POINT (11.528144883000039 48.130070391000061)","Unfall 101477 (2021) Kat:3, Licht: 0","101477","3","6","2","09","15","1","","0","0","1","0","0"
"POINT (11.476928425000040 48.145258125000055)","Unfall 101537 (2021) Kat:3, Licht: 0","101537","3","6","2","09","13","1","","0","0","1","0","1"
"POINT (11.622506922000071 48.129763026000035)","Unfall 101576 (2021) Kat:3, Licht: 0","101576","3","6","2","08","18","3","","0","1","0","0","0"
"POINT (11.505888549000076 48.216730755000071)","Unfall 101583 (2021) Kat:3, Licht: 0","101583","3","6","3","09","14","4","","0","0","1","0","0"
"POINT (11.623378268000067 48.209129806000078)","Unfall 101598 (2021) Kat:3, Licht: 0","101598","3","1","8","08","19","4","","0","0","0","0","1"
"POINT (11.539773334000074 48.110285038000029)","Unfall 101785 (2021) Kat:3, Licht: 0","101785","3","3","5","09","13","5","","0","0","1","0","0"
"POINT (11.612035398000046 48.153996773000074)","Unfall 101883 (2021) Kat:3, Licht: 0","101883","3","6","3","08","12","7","","0","0","1","0","0"
"POINT (11.612638848000074 48.187607334000063)","Unfall 101885 (2021) Kat:3, Licht: 0","101885","3","7","0","09","15","7","","0","1","0","0","0"
"POINT (11.631399693000049 48.128136404000031)","Unfall 101945 (2021) Kat:3, Licht: 0","101945","3","7","0","08","10","5","","0","0","1","0","0"
"POINT (11.618834206000031 48.130404520000070)","Unfall 101949 (2021) Kat:3, Licht: 0","101949","3","3","5","08","14","1","","0","1","1","0","0"
"POINT (11.589717019000034 48.176922445000059)","Unfall 101969 (2021) Kat:3, Licht: 0","101969","3","6","3","09","15","4","","0","0","1","0","1"
"POINT (11.408283100000062 48.162952709000081)","Unfall 101982 (2021) Kat:3, Licht: 2","101982","3","6","2","09","12","7","","2","0","1","0","0"
"POINT (11.648771710000062 48.083579458000031)","Unfall 102036 (2021) Kat:3, Licht: 0","102036","3","6","2","09","15","7","","0","0","1","0","0"
"POINT (11.568568600000049 48.112494374000050)","Unfall 102088 (2021) Kat:3, Licht: 2","102088","3","3","5","08","20","7","","2","0","1","0","0"
"POINT (11.517807813000047 48.124052630000051)","Unfall 102095 (2021) Kat:2, Licht: 0","102095","2","6","2","09","17","1","","0","0","1","0","1"
"POINT (11.597083375000068 48.166793198000050)","Unfall 102157 (2021) Kat:3, Licht: 0","102157","3","6","2","09","16","3","","0","0","1","0","0"
"POINT (11.394097168000030 48.144355328000074)","Unfall 102158 (2021) Kat:3, Licht: 0","102158","3","1","0","08","10","3","","0","0","0","0","1"
"POINT (11.646293833000072 48.096378869000034)","Unfall 102208 (2021) Kat:3, Licht: 0","102208","3","3","5","08","14","2","","0","0","1","0","0"
"POINT (11.534421652000049 48.141649903000030)","Unfall 102237 (2021) Kat:3, Licht: 0","102237","3","6","2","08","12","7","","0","0","1","0","0"
"POINT (11.494685944000025 48.112187930000061)","Unfall 102260 (2021) Kat:3, Licht: 0","102260","3","2","5","09","18","7","","0","1","1","0","0"
"POINT (11.488293622000072 48.095328819000031)","Unfall 102268 (2021) Kat:3, Licht: 2","102268","3","6","2","08","22","3","","2","0","1","0","0"
"POINT (11.648507838000057 48.125530847000050)","Unfall 102269 (2021) Kat:3, Licht: 0","102269","3","1","0","08","08","6","","0","0","0","0","1"
"POINT (11.503310345000045 48.143285909000042)","Unfall 102293 (2021) Kat:2, Licht: 0","102293","2","1","0","08","10","7","","0","1","0","0","0"
"POINT (11.616231398000025 48.190393878000066)","Unfall 102312 (2021) Kat:3, Licht: 0","102312","3","2","5","09","09","4","","0","1","1","0","0"
"POINT (11.509496361000060 48.125187302000029)","Unfall 102362 (2021) Kat:3, Licht: 0","102362","3","6","2","09","18","5","","0","0","1","0","1"
"POINT (11.418275428000072 48.154344532000039)","Unfall 102371 (2021) Kat:3, Licht: 0","102371","3","6","2","08","18","2","","0","0","1","0","0"
"POINT (11.590690451000057 48.175312398000074)","Unfall 102407 (2021) Kat:3, Licht: 2","102407","3","1","9","08","22","1","","2","0","0","0","1"
"POINT (11.479001474000029 48.115484865000042)","Unfall 102408 (2021) Kat:2, Licht: 0","102408","2","2","6","09","17","2","","0","0","1","1","0"
"POINT (11.390989885000067 48.181376925000052)","Unfall 102476 (2021) Kat:1, Licht: 2","102476","1","3","5","09","20","7","","2","0","1","0","0"
"POINT (11.425437462000048 48.186023442000078)","Unfall 102494 (2021) Kat:3, Licht: 0","102494","3","6","2","09","19","5","","0","0","1","0","0"
"POINT (11.517807813000047 48.124052630000051)","Unfall 102521 (2021) Kat:3, Licht: 0","102521","3","6","2","09","10","4","","0","0","1","0","0"
"POINT (11.662051555000062 48.122356025000045)","Unfall 102566 (2021) Kat:3, Licht: 0","102566","3","3","4","09","16","1","","0","0","1","0","0"
"POINT (11.495442514000047 48.143838718000040)","Unfall 102577 (2021) Kat:3, Licht: 0","102577","3","7","4","08","15","2","","0","1","1","0","0"
"POINT (11.431755232000057 48.143943147000073)","Unfall 102614 (2021) Kat:3, Licht: 0","102614","3","3","5","09","10","6","","0","0","1","0","0"
"POINT (11.487958632000073 48.087710660000027)","Unfall 102632 (2021) Kat:3, Licht: 0","102632","3","1","8","09","16","4","","0","0","1","0","0"
"POINT (11.417586391000043 48.155752339000060)","Unfall 102649 (2021) Kat:3, Licht: 0","102649","3","7","0","09","11","3","","0","0","0","1","0"
"POINT (11.549801910000042 48.076321027000063)","Unfall 102681 (2021) Kat:3, Licht: 0","102681","3","7","3","09","13","6","","0","1","1","0","0"
"POINT (11.484743631000072 48.087083410000048)","Unfall 102706 (2021) Kat:3, Licht: 0","102706","3","1","0","08","16","6","","0","1","0","0","0"
"POINT (11.625766862000035 48.102906341000050)","Unfall 102720 (2021) Kat:3, Licht: 0","102720","3","2","5","09","08","2","","0","1","1","0","0"
"POINT (11.567765805000022 48.176637872000072)","Unfall 102789 (2021) Kat:3, Licht: 0","102789","3","2","2","08","13","1","","0","0","1","0","0"
"POINT (11.510197334000054 48.142350449000048)","Unfall 102829 (2021) Kat:3, Licht: 1","102829","3","1","9","08","20","5","","1","1","0","0","0"
"POINT (11.411627587000055 48.141123989000050)","Unfall 102867 (2021) Kat:3, Licht: 0","102867","3","2","3","08","17","6","","0","1","0","0","0"
"POINT (11.590746537000030 48.176493635000043)","Unfall 102890 (2021) Kat:3, Licht: 0","102890","3","6","2","09","14","3","","0","0","1","0","0"
"POINT (11.484621771000036 48.212667559000067)","Unfall 102951 (2021) Kat:3, Licht: 2","102951","3","6","2","09","04","3","","2","0","1","0","0"
"POINT (11.504321970000035 48.143172983000056)","Unfall 102953 (2021) Kat:3, Licht: 1","102953","3","2","5","09","06","2","","1","1","1","0","0"
"POINT (11.584451662000049 48.187620083000070)","Unfall 102957 (2021) Kat:3, Licht: 0","102957","3","2","5","09","17","6","","0","0","1","0","0"
"POINT (11.585162991000061 48.179420584000070)","Unfall 102967 (2021) Kat:3, Licht: 0","102967","3","1","1","09","16","1","","0","0","1","0","0"
"POINT (11.534356549000051 48.137221549000060)","Unfall 103014 (2021) Kat:3, Licht: 2","103014","3","6","2","09","17","4","","2","0","1","0","0"
"POINT (11.561076533000062 48.112708799000075)","Unfall 103039 (2021) Kat:3, Licht: 0","103039","3","7","3","09","13","6","","0","0","1","0","0"
"POINT (11.473134886000025 48.145384610000065)","Unfall 103041 (2021) Kat:3, Licht: 0","103041","3","7","5","08","16","1","","0","0","1","0","0"
"POINT (11.620021744000042 48.120194696000056)","Unfall 103050 (2021) Kat:3, Licht: 0","103050","3","3","5","09","12","1","","0","1","1","0","0"
"POINT (11.568675994000046 48.176911717000053)","Unfall 103124 (2021) Kat:3, Licht: 2","103124","3","6","2","09","13","7","","2","0","1","0","0"
"POINT (11.598939468000026 48.161540561000038)","Unfall 103135 (2021) Kat:3, Licht: 0","103135","3","6","3","09","17","4","","0","1","0","0","0"
"POINT (11.522119209000039 48.109912147000045)","Unfall 103160 (2021) Kat:3, Licht: 0","103160","3","6","2","09","08","3","","0","0","1","0","1"
"POINT (11.612287989000038 48.110355318000074)","Unfall 103177 (2021) Kat:3, Licht: 0","103177","3","3","5","08","10","7","","0","1","1","0","0"
"POINT (11.521921534000057 48.123749492000059)","Unfall 103187 (2021) Kat:3, Licht: 0","103187","3","1","8","08","08","1","","0","0","1","0","0"
"POINT (11.671247847000075 48.119670872000029)","Unfall 103300 (2021) Kat:3, Licht: 0","103300","3","2","5","09","17","3","","0","1","1","0","0"
"POINT (11.604438293000044 48.157106159000080)","Unfall 103304 (2021) Kat:3, Licht: 0","103304","3","6","5","10","15","6","","0","0","1","0","1"
"POINT (11.596268795000071 48.163949832000071)","Unfall 103315 (2021) Kat:3, Licht: 2","103315","3","7","0","09","23","4","","2","1","0","0","0"
"POINT (11.597255609000058 48.166881357000079)","Unfall 103338 (2021) Kat:3, Licht: 0","103338","3","6","3","10","09","6","","0","0","1","0","0"
"POINT (11.615319114000044 48.130079340000066)","Unfall 103346 (2021) Kat:3, Licht: 0","103346","3","6","2","10","12","1","","0","0","1","0","0"
"POINT (11.541414916000065 48.096379383000055)","Unfall 103375 (2021) Kat:3, Licht: 0","103375","3","6","4","10","06","3","","0","1","0","0","0"
"POINT (11.593597878000026 48.106101171000034)","Unfall 103421 (2021) Kat:3, Licht: 0","103421","3","6","2","10","08","3","","0","0","1","0","0"
"POINT (11.616248762000055 48.133944147000079)","Unfall 103440 (2021) Kat:3, Licht: 2","103440","3","7","0","09","21","4","","2","0","1","0","0"
"POINT (11.467147163000050 48.209500605000073)","Unfall 103442 (2021) Kat:3, Licht: 0","103442","3","6","3","09","09","5","","0","0","1","0","0"
"POINT (11.457005342000059 48.152976695000064)","Unfall 103448 (2021) Kat:3, Licht: 0","103448","3","6","4","09","17","5","","0","1","0","0","0"
"POINT (11.548613752000051 48.112101494000058)","Unfall 103456 (2021) Kat:3, Licht: 0","103456","3","6","0","10","07","2","","0","0","0","0","0"
"POINT (11.654247301000055 48.124849868000069)","Unfall 103462 (2021) Kat:3, Licht: 1","103462","3","2","5","09","19","2","","1","0","1","0","1"
"POINT (11.507473496000046 48.125296860000049)","Unfall 103467 (2021) Kat:3, Licht: 0","103467","3","6","3","09","14","1","","0","0","1","0","1"
"POINT (11.615923251000027 48.151128744000061)","Unfall 103538 (2021) Kat:2, Licht: 0","103538","2","3","3","09","18","2","","0","0","1","0","1"
"POINT (11.530474453000068 48.187465811000038)","Unfall 103573 (2021) Kat:3, Licht: 2","103573","3","7","5","10","21","2","","2","0","1","0","0"
"POINT (11.485066627000037 48.210312636000026)","Unfall 103581 (2021) Kat:3, Licht: 0","103581","3","6","1","10","15","7","","0","0","1","0","0"
"POINT (11.479216610000037 48.115390677000050)","Unfall 103585 (2021) Kat:3, Licht: 0","103585","3","4","6","10","08","4","","0","0","1","1","0"
"POINT (11.517404803000034 48.124106425000036)","Unfall 103590 (2021) Kat:3, Licht: 0","103590","3","6","2","09","11","4","","0","0","1","0","1"
"POINT (11.605364664000035 48.156821457000035)","Unfall 103598 (2021) Kat:3, Licht: 2","103598","3","6","2","10","18","5","","2","0","1","0","0"
"POINT (11.567899221000062 48.112694675000057)","Unfall 103601 (2021) Kat:3, Licht: 2","103601","3","6","2","09","23","1","","2","0","1","0","0"
"POINT (11.510652888000038 48.142296871000042)","Unfall 103615 (2021) Kat:3, Licht: 0","103615","3","2","5","09","12","3","","0","1","1","0","0"
"POINT (11.585389901000042 48.178055913000037)","Unfall 103641 (2021) Kat:3, Licht: 2","103641","3","6","3","09","02","1","","2","0","1","0","0"
"POINT (11.458446958000025 48.194729297000038)","Unfall 103650 (2021) Kat:3, Licht: 2","103650","3","3","5","09","20","6","","2","0","1","0","0"
"POINT (11.485803979000025 48.086639969000032)","Unfall 103673 (2021) Kat:3, Licht: 0","103673","3","6","0","09","09","2","","0","0","0","0","1"
"POINT (11.598955791000037 48.169516655000052)","Unfall 103688 (2021) Kat:3, Licht: 0","103688","3","6","2","09","16","2","","0","0","1","0","0"
"POINT (11.584775871000033 48.104701223000063)","Unfall 103710 (2021) Kat:2, Licht: 0","103710","2","6","3","09","08","5","","0","0","1","0","1"
"POINT (11.576126629000044 48.111396091000074)","Unfall 103751 (2021) Kat:3, Licht: 0","103751","3","2","3","09","16","3","","0","1","1","0","0"
"POINT (11.523117653000043 48.075268719000064)","Unfall 103761 (2021) Kat:3, Licht: 0","103761","3","2","5","10","09","1","","0","0","1","0","1"
"POINT (11.598441710000031 48.174502574000030)","Unfall 103770 (2021) Kat:3, Licht: 0","103770","3","7","0","09","14","4","","0","0","0","0","0"
"POINT (11.541044195000040 48.094023558000060)","Unfall 103785 (2021) Kat:3, Licht: 1","103785","3","2","5","10","18","4","","1","1","1","0","0"
"POINT (11.512205367000035 48.142114908000053)","Unfall 103795 (2021) Kat:3, Licht: 0","103795","3","2","5","09","16","2","","0","1","1","0","0"
"POINT (11.533762291000073 48.187083322000035)","Unfall 103835 (2021) Kat:2, Licht: 0","103835","2","3","5","10","07","2","","0","0","1","0","0"
"POINT (11.618298746000050 48.190828558000078)","Unfall 103858 (2021) Kat:3, Licht: 0","103858","3","2","4","09","11","4","","0","1","1","0","0"
"POINT (11.539478766000059 48.112249409000071)","Unfall 103859 (2021) Kat:3, Licht: 0","103859","3","2","5","09","09","7","","0","0","1","0","0"
"POINT (11.531912032000037 48.132259721000025)","Unfall 103869 (2021) Kat:3, Licht: 0","103869","3","6","2","09","14","5","","0","0","1","0","0"
"POINT (11.584414637000066 48.196067376000030)","Unfall 103881 (2021) Kat:3, Licht: 0","103881","3","6","1","10","09","6","","0","0","1","0","0"
"POINT (11.456931724000071 48.165417540000078)","Unfall 103931 (2021) Kat:3, Licht: 0","103931","3","2","3","09","10","1","","0","1","1","0","0"
"POINT (11.620572796000033 48.106767397000056)","Unfall 103978 (2021) Kat:3, Licht: 0","103978","3","3","5","09","12","7","","0","0","1","0","1"
"POINT (11.539771900000062 48.110297232000050)","Unfall 104009 (2021) Kat:3, Licht: 1","104009","3","2","5","09","18","7","","1","0","1","0","0"
"POINT (11.537047637000057 48.186850582000034)","Unfall 104026 (2021) Kat:3, Licht: 0","104026","3","3","5","10","13","7","","0","1","1","0","0"
"POINT (11.597261831000026 48.173401508000040)","Unfall 104066 (2021) Kat:3, Licht: 2","104066","3","6","2","10","21","1","","2","0","1","0","0"
"POINT (11.518932419000066 48.110387846000037)","Unfall 104122 (2021) Kat:3, Licht: 2","104122","3","6","2","09","17","5","","2","0","1","0","0"
"POINT (11.541474211000036 48.096786151000060)","Unfall 104182 (2021) Kat:3, Licht: 0","104182","3","6","2","09","17","4","","0","0","1","0","0"
"POINT (11.551830752000058 48.112308469000027)","Unfall 104194 (2021) Kat:3, Licht: 2","104194","3","1","0","09","10","6","","2","0","0","0","1"
"POINT (11.502573233000021 48.112065822000034)","Unfall 104199 (2021) Kat:2, Licht: 0","104199","2","2","4","09","14","3","","0","1","1","0","0"
"POINT (11.615693890000045 48.131032934000075)","Unfall 104238 (2021) Kat:3, Licht: 0","104238","3","3","5","10","09","4","","0","1","1","0","0"
"POINT (11.665110121000055 48.121306507000043)","Unfall 104243 (2021) Kat:3, Licht: 2","104243","3","6","2","10","20","3","","2","0","1","0","0"
"POINT (11.551487825000038 48.176116418000049)","Unfall 104274 (2021) Kat:3, Licht: 0","104274","3","6","3","09","16","4","","0","0","1","0","0"
"POINT (11.612265420000028 48.110345462000055)","Unfall 104289 (2021) Kat:3, Licht: 2","104289","3","6","9","09","21","5","","2","0","1","0","0"
"POINT (11.683387680000067 48.118406302000039)","Unfall 104303 (2021) Kat:3, Licht: 0","104303","3","3","4","10","14","4","","0","1","0","0","0"
"POINT (11.590071542000032 48.176758037000070)","Unfall 104343 (2021) Kat:3, Licht: 0","104343","3","3","5","09","08","2","","0","1","1","0","0"
"POINT (11.587074812000026 48.210405386000048)","Unfall 104349 (2021) Kat:3, Licht: 0","104349","3","2","4","09","12","7","","0","1","1","0","0"
"POINT (11.577699008000025 48.177848266000069)","Unfall 104357 (2021) Kat:3, Licht: 2","104357","3","7","0","10","17","6","","2","1","0","0","0"
"POINT (11.491617616000042 48.201427469000066)","Unfall 104361 (2021) Kat:3, Licht: 0","104361","3","6","2","10","14","2","","0","0","1","0","0"
"POINT (11.471294375000070 48.146629601000029)","Unfall 104396 (2021) Kat:3, Licht: 0","104396","3","7","8","09","14","3","","0","0","0","0","1"
"POINT (11.520674318000033 48.124383853000040)","Unfall 104415 (2021) Kat:3, Licht: 0","104415","3","6","3","09","16","5","","0","0","1","0","0"
"POINT (11.410897015000046 48.195626886000070)","Unfall 104417 (2021) Kat:3, Licht: 0","104417","3","6","2","10","11","6","","0","0","1","0","0"
"POINT (11.563743116000069 48.096118202000071)","Unfall 104427 (2021) Kat:2, Licht: 0","104427","2","1","0","09","15","4","","0","1","0","0","0"
"POINT (11.533585467000023 48.187033165000059)","Unfall 104452 (2021) Kat:3, Licht: 2","104452","3","3","4","10","21","3","","2","0","1","0","0"
"POINT (11.406807938000043 48.140328138000029)","Unfall 104456 (2021) Kat:3, Licht: 2","104456","3","1","8","10","04","2","","2","0","1","0","0"
"POINT (11.499042343000042 48.125503447000028)","Unfall 104469 (2021) Kat:3, Licht: 0","104469","3","6","2","09","14","1","","0","0","1","0","0"
"POINT (11.534203445000060 48.110827589000053)","Unfall 104494 (2021) Kat:3, Licht: 2","104494","3","3","5","10","22","3","","2","1","1","0","0"
"POINT (11.565714074000027 48.112926924000078)","Unfall 104563 (2021) Kat:3, Licht: 2","104563","3","1","0","09","23","4","","2","0","1","0","0"
"POINT (11.620483855000032 48.124663812000051)","Unfall 104576 (2021) Kat:3, Licht: 0","104576","3","2","0","09","11","5","","0","1","1","0","0"
"POINT (11.403263892000041 48.128475584000057)","Unfall 104587 (2021) Kat:3, Licht: 2","104587","3","6","3","09","22","4","","2","0","1","0","0"
"POINT (11.618636807000030 48.130514488000074)","Unfall 104632 (2021) Kat:3, Licht: 0","104632","3","7","1","09","12","1","","0","1","1","0","0"
"POINT (11.533585467000023 48.187033165000059)","Unfall 104649 (2021) Kat:2, Licht: 2","104649","2","3","4","09","05","2","","2","0","1","0","0"
"POINT (11.620295563000070 48.120516674000044)","Unfall 104662 (2021) Kat:3, Licht: 0","104662","3","2","3","09","17","5","","0","1","1","0","0"
"POINT (11.411012470000060 48.164947645000041)","Unfall 104678 (2021) Kat:3, Licht: 2","104678","3","6","2","09","16","5","","2","0","1","0","0"
"POINT (11.583292103000076 48.102940253000043)","Unfall 104690 (2021) Kat:3, Licht: 0","104690","3","5","1","09","11","4","","0","0","1","0","0"
"POINT (11.551592303000064 48.186100276000047)","Unfall 104694 (2021) Kat:3, Licht: 0","104694","3","6","2","09","14","4","","0","0","1","0","0"
"POINT (11.482731865000062 48.145050947000072)","Unfall 104708 (2021) Kat:3, Licht: 0","104708","3","2","4","09","17","3","","0","0","1","0","1"
"POINT (11.546405135000043 48.176296512000079)","Unfall 104711 (2021) Kat:3, Licht: 2","104711","3","6","2","10","18","4","","2","0","1","0","0"
"POINT (11.619884381000077 48.197390551000069)","Unfall 104721 (2021) Kat:3, Licht: 0","104721","3","2","5","10","16","6","","0","0","1","0","0"
"POINT (11.508578425000053 48.142536968000059)","Unfall 104744 (2021) Kat:3, Licht: 0","104744","3","6","2","09","16","3","","0","0","1","0","1"
"POINT (11.668936981000058 48.088095988000077)","Unfall 104785 (2021) Kat:3, Licht: 0","104785","3","3","5","09","16","2","","0","0","1","0","0"
"POINT (11.604305129000068 48.157126887000061)","Unfall 104817 (2021) Kat:3, Licht: 0","104817","3","3","5","09","14","2","","0","0","1","0","0"
"POINT (11.644841471000063 48.126013093000040)","Unfall 104832 (2021) Kat:3, Licht: 0","104832","3","2","5","09","07","5","","0","0","1","0","1"
"POINT (11.534042263000060 48.134753878000026)","Unfall 104833 (2021) Kat:3, Licht: 2","104833","3","7","0","10","23","1","","2","0","0","0","1"
"POINT (11.538315211000054 48.169605111000067)","Unfall 104929 (2021) Kat:3, Licht: 0","104929","3","6","3","09","13","5","","0","0","1","0","0"
"POINT (11.586851602000024 48.104682706000062)","Unfall 104995 (2021) Kat:3, Licht: 2","104995","3","6","4","10","20","3","","2","0","0","0","0"