WKT,Name,OBJECTID,UKATEGORIE,UTYP1,UART,UMONAT,USTUNDE,UWOCHENTAG,STRZUSTAND,ULICHTVERH,ISTRAD,ISTPKW,ISTFUSS,ISTKRAD
"POINT (11.584084973000074 48.192703186000074)","Unfall 105021 (2021) Kat:3, Licht: 0","105021","3","3","5","09","17","5","","0","1","1","0","0"
"POINT (11.614401505000046 48.111606321000068)","Unfall 105033 (2021) Kat:3, Licht: 0","105033","3","3","4","10","12","4","","0","0","1","0","0"
"POINT (11.598306372000025 48.161985355000070)","Unfall 105085 (2021) Kat:2, Licht: 0","105085","2","6","0","10","14","6","","0","0","1","0","0"
"POINT (11.572601589000044 48.177909259000046)","Unfall 105102 (2021) Kat:3, Licht: 2","105102","3","6","2","09","11","7","","2","0","1","0","0"
"POINT (11.592342442000074 48.175827142000060)","Unfall 105150 (2021) Kat:3, Licht: 0","105150","3","6","2","09","16","5","","0","0","1","0","0"
"POINT (11.502944834000061 48.214957067000057)","Unfall 105156 (2021) Kat:3, Licht: 0","105156","3","6","2","10","07","5","","0","0","1","0","0"
"POINT (11.563639015000035 48.095790312000076)","Unfall 105304 (2021) Kat:3, Licht: 0","105304","3","2","3","09","07","4","","0","1","1","0","0"
"POINT (11.482258387000059 48.145078163000051)","Unfall 105358 (2021) Kat:3, Licht: 0","105358","3","7","1","09","11","2","","0","0","1","0","0"
"POINT (11.574164445000065 48.227564678000078)","Unfall 105400 (2021) Kat:3, Licht: 0","105400","3","6","3","10","09","6","","0","0","1","0","0"
"POINT (11.414049975000069 48.166726411000070)","Unfall 105516 (2021) Kat:3, Licht: 0","105516","3","6","2","09","14","2","","0","0","1","0","0"
"POINT (11.562355349000029 48.091937573000052)","Unfall 105524 (2021) Kat:3, Licht: 0","105524","3","2","6","09","13","5","","0","0","0","1","0"
"POINT (11.487557581000033 48.113693188000070)","Unfall 105529 (2021) Kat:3, Licht: 0","105529","3","6","1","09","11","7","","0","0","1","0","0"
"POINT (11.502267742000072 48.112065684000072)","Unfall 105597 (2021) Kat:3, Licht: 0","105597","3","2","5","09","13","5","","0","0","1","0","0"
"POINT (11.614522114000067 48.153002842000035)","Unfall 105644 (2021) Kat:3, Licht: 0","105644","3","6","2","09","11","7","","0","0","1","0","0"
"POINT (11.577693857000042 48.177756244000079)","Unfall 105660 (2021) Kat:3, Licht: 2","105660","3","6","2","10","16","3","","2","0","1","0","0"
"POINT (11.410449280000023 48.128965076000043)","Unfall 105667 (2021) Kat:3, Licht: 2","105667","3","6","2","09","06","3","","2","0","1","0","0"
"POINT (11.622974919000058 48.129691564000041)","Unfall 105678 (2021) Kat:3, Licht: 2","105678","3","3","3","09","19","7","","2","1","0","0","0"
"POINT (11.533865263000052 48.134538484000075)","Unfall 105690 (2021) Kat:2, Licht: 2","105690","2","6","3","10","11","2","","2","0","1","0","1"
"POINT (11.667513851000024 48.120396367000069)","Unfall 105717 (2021) Kat:3, Licht: 2","105717","3","3","5","09","00","1","","2","1","0","0","0"
"POINT (11.584300526000050 48.188143543000081)","Unfall 105727 (2021) Kat:3, Licht: 0","105727","3","2","3","09","15","3","","0","1","1","0","0"
"POINT (11.563787564000052 48.096255457000041)","Unfall 105744 (2021) Kat:3, Licht: 2","105744","3","1","1","09","01","5","","2","1","0","0","0"
"POINT (11.598819044000038 48.107445796000036)","Unfall 105747 (2021) Kat:3, Licht: 0","105747","3","6","2","09","12","2","","0","0","1","0","0"
"POINT (11.551629342000069 48.186141448000058)","Unfall 105812 (2021) Kat:3, Licht: 0","105812","3","3","5","10","14","6","","0","1","1","0","0"
"POINT (11.624873265000076 48.093271991000051)","Unfall 105864 (2021) Kat:3, Licht: 2","105864","3","6","4","09","20","3","","2","1","0","0","0"
"POINT (11.615147364000052 48.192905052000071)","Unfall 105873 (2021) Kat:3, Licht: 1","105873","3","6","2","10","06","3","","1","0","1","0","0"
"POINT (11.569735361000028 48.104405024000073)","Unfall 105902 (2021) Kat:3, Licht: 0","105902","3","6","1","10","07","4","","0","0","1","0","0"
"POINT (11.616301980000060 48.113123984000026)","Unfall 105940 (2021) Kat:3, Licht: 0","105940","3","7","0","09","09","2","","0","0","0","0","0"
"POINT (11.555765288000032 48.112259721000044)","Unfall 105952 (2021) Kat:3, Licht: 0","105952","3","6","2","09","17","4","","0","0","1","0","0"
"POINT (11.618737299000031 48.130496938000078)","Unfall 105976 (2021) Kat:3, Licht: 2","105976","3","6","4","10","00","7","","2","1","0","0","0"
"POINT (11.531982654000046 48.132303347000061)","Unfall 106018 (2021) Kat:3, Licht: 2","106018","3","6","2","10","20","6","","2","0","1","0","0"
"POINT (11.500946664000026 48.102195370000061)","Unfall 106181 (2021) Kat:3, Licht: 0","106181","3","6","1","10","11","6","","0","0","1","0","0"
"POINT (11.506813628000032 48.125386351000031)","Unfall 106194 (2021) Kat:3, Licht: 2","106194","3","6","2","11","18","6","","2","0","1","0","0"
"POINT (11.545608705000063 48.111866433000046)","Unfall 106230 (2021) Kat:3, Licht: 2","106230","3","1","0","10","14","4","","2","0","0","0","1"
"POINT (11.482639304000031 48.145057677000068)","Unfall 106238 (2021) Kat:3, Licht: 2","106238","3","2","1","10","19","3","","2","0","1","0","0"
"POINT (11.452765603000046 48.146837406000031)","Unfall 106285 (2021) Kat:3, Licht: 0","106285","3","6","3","10","15","1","","0","0","1","0","1"
"POINT (11.615289634000021 48.193187980000062)","Unfall 106293 (2021) Kat:3, Licht: 0","106293","3","6","2","10","07","3","","0","0","1","0","0"
"POINT (11.620090125000047 48.120341891000066)","Unfall 106360 (2021) Kat:3, Licht: 0","106360","3","2","5","10","09","4","","0","1","1","0","0"
"POINT (11.572875645000067 48.107478453000056)","Unfall 106407 (2021) Kat:3, Licht: 0","106407","3","2","3","10","09","3","","0","1","1","0","0"
"POINT (11.534390423000048 48.141411545000039)","Unfall 106425 (2021) Kat:2, Licht: 0","106425","2","6","2","10","13","4","","0","0","1","0","1"
"POINT (11.523761743000023 48.127445841000053)","Unfall 106461 (2021) Kat:3, Licht: 0","106461","3","6","2","10","09","4","","0","0","1","0","0"
"POINT (11.587264677000064 48.210404749000077)","Unfall 106517 (2021) Kat:3, Licht: 2","106517","3","2","5","10","05","6","","2","0","1","0","1"
"POINT (11.519154449000041 48.141324845000042)","Unfall 106518 (2021) Kat:3, Licht: 0","106518","3","6","2","10","15","7","","0","0","1","0","0"
"POINT (11.596228620000034 48.163476448000040)","Unfall 106537 (2021) Kat:3, Licht: 0","106537","3","6","2","10","14","4","","0","0","1","0","0"
"POINT (11.518765105000057 48.141380302000073)","Unfall 106579 (2021) Kat:3, Licht: 2","106579","3","2","4","10","19","3","","2","0","1","0","0"
"POINT (11.477232282000045 48.115494286000057)","Unfall 106580 (2021) Kat:3, Licht: 2","106580","3","2","5","10","06","6","","2","0","1","0","0"
"POINT (11.616130427000030 48.132139200000040)","Unfall 106618 (2021) Kat:3, Licht: 2","106618","3","3","5","10","20","5","","2","0","1","0","0"
"POINT (11.537982091000060 48.165870816000051)","Unfall 106629 (2021) Kat:3, Licht: 0","106629","3","7","3","11","14","2","","0","0","1","0","0"
"POINT (11.489682061000053 48.144411899000033)","Unfall 106649 (2021) Kat:3, Licht: 2","106649","3","2","5","11","18","5","","2","0","1","0","1"
"POINT (11.681189749000055 48.083084058000054)","Unfall 106654 (2021) Kat:3, Licht: 0","106654","3","2","4","11","10","6","","0","0","1","0","0"
"POINT (11.521609866000063 48.125721609000038)","Unfall 106660 (2021) Kat:3, Licht: 2","106660","3","7","8","10","18","7","","2","0","1","0","0"
"POINT (11.617033967000054 48.114022072000068)","Unfall 106663 (2021) Kat:3, Licht: 2","106663","3","3","5","11","17","1","","2","1","1","0","0"
"POINT (11.634590580000065 48.127299460000074)","Unfall 106677 (2021) Kat:3, Licht: 0","106677","3","3","4","10","09","6","","0","1","1","0","0"
"POINT (11.501352254000039 48.143183180000051)","Unfall 106690 (2021) Kat:3, Licht: 0","106690","3","3","5","10","14","6","","0","1","1","0","0"
"POINT (11.573018454000021 48.177814764000061)","Unfall 106712 (2021) Kat:3, Licht: 0","106712","3","3","5","10","18","2","","0","0","1","0","0"
"POINT (11.465511069000058 48.148171533000038)","Unfall 106722 (2021) Kat:3, Licht: 0","106722","3","2","3","10","14","7","","0","0","1","0","0"
"POINT (11.479297190000068 48.209932812000034)","Unfall 106733 (2021) Kat:3, Licht: 0","106733","3","6","2","10","15","3","","0","0","1","0","0"
"POINT (11.616287810000074 48.113108184000055)","Unfall 106757 (2021) Kat:3, Licht: 0","106757","3","3","5","10","11","3","","0","1","1","0","0"
"POINT (11.472758664000025 48.145397157000048)","Unfall 106773 (2021) Kat:3, Licht: 0","106773","3","7","0","10","09","5","","0","0","0","0","1"
"POINT (11.456468744000063 48.161755581000079)","Unfall 106795 (2021) Kat:3, Licht: 0","106795","3","6","2","10","13","6","","0","0","1","0","0"
"POINT (11.516604911000059 48.065871607000076)","Unfall 106822 (2021) Kat:3, Licht: 0","106822","3","6","2","11","15","4","","0","0","1","0","0"
"POINT (11.459954091000043 48.185515560000056)","Unfall 106830 (2021) Kat:3, Licht: 1","106830","3","2","6","11","16","2","","1","0","1","1","0"
"POINT (11.534698995000042 48.142552113000079)","Unfall 106936 (2021) Kat:3, Licht: 2","106936","3","6","2","10","18","4","","2","0","1","0","0"
"POINT (11.584834004000072 48.181709047000027)","Unfall 106951 (2021) Kat:3, Licht: 2","106951","3","2","6","11","20","4","","2","0","1","1","0"
"POINT (11.512414825000064 48.142091561000029)","Unfall 106954 (2021) Kat:3, Licht: 2","106954","3","2","4","10","18","5","","2","0","1","0","1"
"POINT (11.584353041000043 48.195750570000030)","Unfall 106959 (2021) Kat:3, Licht: 2","106959","3","7","5","10","21","5","","2","0","1","0","1"
"POINT (11.615313565000065 48.136682494000070)","Unfall 107002 (2021) Kat:3, Licht: 0","107002","3","1","0","10","15","1","","0","0","0","0","0"
"POINT (11.547077999000066 48.226597193000032)","Unfall 107045 (2021) Kat:3, Licht: 2","107045","3","6","2","11","21","6","","2","0","1","0","0"
"POINT (11.518533951000052 48.141368672000056)","Unfall 107075 (2021) Kat:3, Licht: 2","107075","3","2","3","11","05","5","","2","1","1","0","0"
"POINT (11.494895340000028 48.143891878000034)","Unfall 107080 (2021) Kat:3, Licht: 2","107080","3","5","1","10","23","3","","2","0","1","0","0"
"POINT (11.586459620000028 48.207227609000029)","Unfall 107090 (2021) Kat:3, Licht: 0","107090","3","7","0","10","15","6","","0","1","0","0","0"
"POINT (11.459909130000028 48.186145918000079)","Unfall 107106 (2021) Kat:3, Licht: 0","107106","3","7","1","11","11","2","","0","1","1","0","0"
"POINT (11.584601857000052 48.184279613000058)","Unfall 107111 (2021) Kat:3, Licht: 0","107111","3","2","6","10","07","3","","0","0","1","1","0"
"POINT (11.600057187000061 48.160885895000035)","Unfall 107167 (2021) Kat:3, Licht: 1","107167","3","6","2","10","06","5","","1","0","1","0","0"
"POINT (11.557869380000056 48.176075056000059)","Unfall 107186 (2021) Kat:3, Licht: 0","107186","3","6","1","10","07","4","","0","0","1","0","1"
"POINT (11.530173112000057 48.211678461000076)","Unfall 107202 (2021) Kat:3, Licht: 1","107202","3","7","6","11","16","5","","1","1","0","1","0"
"POINT (11.538477119000049 48.171274692000054)","Unfall 107220 (2021) Kat:3, Licht: 0","107220","3","6","2","10","14","4","","0","0","1","0","0"
"POINT (11.701939579000054 48.112927360000072)","Unfall 107244 (2021) Kat:3, Licht: 0","107244","3","3","5","10","10","3","","0","0","1","0","0"
"POINT (11.493444387000068 48.112480567000034)","Unfall 107245 (2021) Kat:3, Licht: 2","107245","3","7","1","10","23","6","","2","0","1","0","0"
"POINT (11.590313530000060 48.176562096000055)","Unfall 107312 (2021) Kat:3, Licht: 0","107312","3","6","2","10","13","1","","0","0","1","0","0"
"POINT (11.426688483000021 48.185204898000052)","Unfall 107342 (2021) Kat:3, Licht: 0","107342","3","6","2","10","12","7","","0","0","1","0","0"
"POINT (11.479229221000026 48.209696548000068)","Unfall 107483 (2021) Kat:3, Licht: 2","107483","3","6","3","12","17","2","","2","0","1","0","0"
"POINT (11.490389945000061 48.202822129000026)","Unfall 107556 (2021) Kat:3, Licht: 1","107556","3","6","1","12","16","4","","1","0","1","0","0"
"POINT (11.521889010000052 48.189769854000076)","Unfall 107558 (2021) Kat:3, Licht: 2","107558","3","2","4","12","21","5","","2","0","1","0","0"
"POINT (11.651649590000034 48.104498253000031)","Unfall 107590 (2021) Kat:3, Licht: 0","107590","3","6","2","11","09","4","","0","0","1","0","0"
"POINT (11.472729584000035 48.145398127000078)","Unfall 107607 (2021) Kat:3, Licht: 0","107607","3","6","2","12","14","6","","0","0","1","0","0"
"POINT (11.517807813000047 48.124052630000051)","Unfall 107616 (2021) Kat:3, Licht: 0","107616","3","6","2","11","09","2","","0","0","1","0","0"
"POINT (11.582253844000036 48.104525680000052)","Unfall 107618 (2021) Kat:3, Licht: 0","107618","3","6","4","11","15","5","","0","1","0","0","0"
"POINT (11.401076598000031 48.157024383000078)","Unfall 107627 (2021) Kat:3, Licht: 0","107627","3","6","1","11","10","6","","0","0","1","0","0"
"POINT (11.584338184000046 48.189248627000040)","Unfall 107668 (2021) Kat:3, Licht: 1","107668","3","7","9","11","16","1","","1","1","0","0","0"
"POINT (11.709662703000049 48.111430827000049)","Unfall 107675 (2021) Kat:3, Licht: 1","107675","3","6","3","11","17","2","","1","0","1","0","0"
"POINT (11.617712248000032 48.156322963000036)","Unfall 107680 (2021) Kat:3, Licht: 0","107680","3","1","1","11","14","3","","0","0","1","0","0"
"POINT (11.456922519000045 48.205243229000075)","Unfall 107740 (2021) Kat:3, Licht: 2","107740","3","6","2","11","07","3","","2","0","1","0","0"
"POINT (11.477623712000025 48.145235073000038)","Unfall 107765 (2021) Kat:3, Licht: 0","107765","3","7","7","12","10","1","","0","0","1","0","0"
"POINT (11.530674834000024 48.215183605000050)","Unfall 107781 (2021) Kat:3, Licht: 2","107781","3","3","5","11","05","4","","2","0","1","0","0"
"POINT (11.653957720000051 48.094096525000054)","Unfall 107807 (2021) Kat:3, Licht: 2","107807","3","2","3","12","17","4","","2","1","1","0","0"
"POINT (11.589966417000028 48.176797591000081)","Unfall 107867 (2021) Kat:3, Licht: 0","107867","3","6","2","11","13","4","","0","0","1","0","0"
"POINT (11.533524277000026 48.140124637000042)","Unfall 107887 (2021) Kat:3, Licht: 0","107887","3","3","5","11","11","2","","0","0","1","0","0"
"POINT (11.616423388000044 48.113447257000075)","Unfall 107892 (2021) Kat:3, Licht: 0","107892","3","6","3","11","08","1","","0","0","1","0","1"
"POINT (11.600267708000047 48.160849548000044)","Unfall 107923 (2021) Kat:3, Licht: 0","107923","3","3","5","11","13","1","","0","0","1","0","0"
"POINT (11.585975401000042 48.104668882000055)","Unfall 107951 (2021) Kat:3, Licht: 2","107951","3","7","4","11","17","7","","2","0","1","0","0"
"POINT (11.534538155000064 48.186955297000054)","Unfall 107959 (2021) Kat:3, Licht: 1","107959","3","6","3","11","07","6","","1","0","1","0","0"
"POINT (11.591540243000054 48.105438853000067)","Unfall 108037 (2021) Kat:3, Licht: 2","108037","3","6","2","12","17","4","","2","0","1","0","0"
"POINT (11.516635200000053 48.113327456000036)","Unfall 108172 (2021) Kat:3, Licht: 2","108172","3","3","5","11","18","6","","2","1","1","0","0"
"POINT (11.686374828000055 48.118192493000038)","Unfall 108176 (2021) Kat:3, Licht: 1","108176","3","6","2","11","17","6","","1","0","1","0","1"
"POINT (11.576092916000050 48.111918530000025)","Unfall 108233 (2021) Kat:3, Licht: 2","108233","3","2","6","11","17","3","","2","0","1","1","0"
"POINT (11.479105698000069 48.115344143000073)","Unfall 108234 (2021) Kat:3, Licht: 0","108234","3","2","5","11","14","4","","0","1","1","0","0"
"POINT (11.502555583000060 48.192949543000054)","Unfall 108239 (2021) Kat:3, Licht: 0","108239","3","1","2","11","14","6","","0","0","0","0","1"
"POINT (11.500720474000047 48.143273618000080)","Unfall 108265 (2021) Kat:3, Licht: 2","108265","3","6","2","11","18","3","","2","0","1","0","1"
"POINT (11.519830654000032 48.072406395000030)","Unfall 108287 (2021) Kat:3, Licht: 2","108287","3","3","5","12","17","1","","2","1","1","0","0"
"POINT (11.608415197000056 48.155506184000046)","Unfall 108290 (2021) Kat:3, Licht: 2","108290","3","6","2","11","22","1","","2","0","1","0","0"
"POINT (11.429196670000067 48.177690195000025)","Unfall 108346 (2021) Kat:3, Licht: 2","108346","3","6","2","11","17","3","","2","0","1","0","0"
"POINT (11.534505159000048 48.141224729000044)","Unfall 108396 (2021) Kat:3, Licht: 2","108396","3","6","2","12","18","3","","2","0","1","0","0"
"POINT (11.499248894000061 48.086986731000081)","Unfall 108475 (2021) Kat:3, Licht: 0","108475","3","7","0","11","09","2","","0","1","0","0","0"
"POINT (11.566876644000047 48.100937175000070)","Unfall 108524 (2021) Kat:3, Licht: 0","108524","3","2","5","11","15","2","","0","0","1","0","0"
"POINT (11.502666001000023 48.112155696000059)","Unfall 108537 (2021) Kat:3, Licht: 2","108537","3","6","3","12","18","7","","2","0","1","0","0"
"POINT (11.614767229000051 48.129149779000045)","Unfall 108543 (2021) Kat:3, Licht: 1","108543","3","6","0","11","05","6","","1","0","1","0","0"
"POINT (11.503251004000049 48.087528035000048)","Unfall 108587 (2021) Kat:3, Licht: 1","108587","3","3","5","11","07","3","","1","1","1","0","0"
"POINT (11.702893965000044 48.112819852000030)","Unfall 108599 (2021) Kat:2, Licht: 0","108599","2","1","0","11","09","6","","0","1","0","0","0"
"POINT (11.615724093000040 48.194065351000063)","Unfall 108605 (2021) Kat:3, Licht: 1","108605","3","6","2","11","06","3","","1","0","1","0","0"
"POINT (11.398532247000048 48.135862389000067)","Unfall 108607 (2021) Kat:3, Licht: 2","108607","3","6","2","12","19","2","","2","0","1","0","0"
"POINT (11.615117949000023 48.112148772000069)","Unfall 108613 (2021) Kat:3, Licht: 2","108613","3","3","5","11","19","4","","2","0","1","0","0"
"POINT (11.488670557000034 48.123701190000077)","Unfall 108687 (2021) Kat:3, Licht: 1","108687","3","6","2","11","18","6","","1","0","1","0","0"
"POINT (11.620619992000059 48.121887124000068)","Unfall 108710 (2021) Kat:3, Licht: 1","108710","3","6","2","11","16","7","","1","0","1","0","0"
"POINT (11.423765508000031 48.173919652000052)","Unfall 108721 (2021) Kat:3, Licht: 0","108721","3","7","2","12","12","6","","0","0","1","0","0"
"POINT (11.494863209000073 48.143894999000054)","Unfall 108722 (2021) Kat:3, Licht: 0","108722","3","5","3","11","14","3","","0","1","1","0","0"
"POINT (11.644732530000056 48.126028304000044)","Unfall 108743 (2021) Kat:2, Licht: 1","108743","2","2","4","11","16","5","","1","0","1","0","1"
"POINT (11.541314922000026 48.186407950000046)","Unfall 108765 (2021) Kat:3, Licht: 0","108765","3","6","3","11","07","3","","0","0","0","0","1"
"POINT (11.624803931000031 48.092410354000037)","Unfall 108830 (2021) Kat:3, Licht: 2","108830","3","3","5","11","19","5","","2","1","1","0","0"
"POINT (11.614533477000066 48.138259346000041)","Unfall 108843 (2021) Kat:3, Licht: 2","108843","3","1","9","11","09","4","","2","0","1","0","0"
"POINT (11.503492701000027 48.142913189000069)","Unfall 108847 (2021) Kat:3, Licht: 2","108847","3","3","5","12","05","7","","2","0","1","0","0"
"POINT (11.493714687000022 48.084393085000045)","Unfall 108854 (2021) Kat:3, Licht: 0","108854","3","6","2","11","07","3","","0","0","1","0","0"
"POINT (11.585257303000049 48.200980100000038)","Unfall 108950 (2021) Kat:3, Licht: 0","108950","3","6","2","11","06","2","","0","0","1","0","0"
"POINT (11.492226713000036 48.144156492000036)","Unfall 108993 (2021) Kat:3, Licht: 1","108993","3","5","1","11","07","4","","1","1","1","0","0"
"POINT (11.615100017000032 48.112134645000026)","Unfall 109042 (2021) Kat:3, Licht: 0","109042","3","3","5","11","07","3","","0","0","1","0","0"
"POINT (11.518717230000050 48.141385769000067)","Unfall 109055 (2021) Kat:2, Licht: 1","109055","2","2","4","11","06","6","","1","0","1","0","1"
"POINT (11.529322250000064 48.130585503000077)","Unfall 109076 (2021) Kat:3, Licht: 2","109076","3","6","2","12","06","5","","2","0","1","0","0"
"POINT (11.620090125000047 48.120341891000066)","Unfall 109087 (2021) Kat:3, Licht: 0","109087","3","3","2","11","15","3","","0","0","1","0","0"
"POINT (11.411811596000064 48.166414618000033)","Unfall 109095 (2021) Kat:2, Licht: 2","109095","2","2","4","11","17","1","","2","0","1","0","1"
"POINT (11.694624822000037 48.141563510000026)","Unfall 109113 (2021) Kat:3, Licht: 2","109113","3","3","3","11","18","3","","2","0","1","0","0"
"POINT (11.573152984000046 48.177823237000041)","Unfall 109125 (2021) Kat:3, Licht: 0","109125","3","2","5","11","08","2","","0","1","1","0","0"
"POINT (11.617098601000066 48.130783118000068)","Unfall 109131 (2021) Kat:3, Licht: 2","109131","3","3","5","12","18","3","","2","0","1","0","0"
"POINT (11.608276771000021 48.155562481000061)","Unfall 109149 (2021) Kat:3, Licht: 1","109149","3","6","2","11","18","2","","1","0","1","0","0"
"POINT (11.539500013000065 48.186642115000041)","Unfall 109198 (2021) Kat:3, Licht: 2","109198","3","6","1","11","16","2","","2","0","1","0","0"
"POINT (11.488399124000068 48.086114527000063)","Unfall 109262 (2021) Kat:3, Licht: 0","109262","3","6","5","12","08","3","","0","1","1","0","0"
"POINT (11.634574537000049 48.127302624000038)","Unfall 109354 (2021) Kat:3, Licht: 2","109354","3","2","5","12","18","3","","2","1","1","0","0"
"POINT (11.584440880000045 48.188107963000050)","Unfall 109495 (2021) Kat:3, Licht: 2","109495","3","7","5","12","19","5","","2","0","1","0","0"
"POINT (11.614949761000048 48.136814349000076)","Unfall 109571 (2021) Kat:3, Licht: 2","109571","3","2","5","12","00","6","","2","1","1","0","0"
"POINT (11.616297245000055 48.113300196000068)","Unfall 109603 (2021) Kat:3, Licht: 2","109603","3","6","2","12","18","1","","2","0","1","0","0"
"POINT (11.620067772000027 48.137628593000045)","Unfall 109923 (2021) Kat:3, Licht: 2","109923","3","7","5","12","21","4","","2","0","1","0","0"
"POINT (11.513098623000076 48.108358817000067)","Unfall 109934 (2021) Kat:3, Licht: 2","109934","3","6","3","12","07","3","","2","0","1","0","0"
"POINT (11.654006540000069 48.094080809000047)","Unfall 109964 (2021) Kat:3, Licht: 2","109964","3","6","4","12","20","3","","2","1","0","0","0"
"POINT (11.398088157000075 48.138641547000077)","Unfall 109970 (2021) Kat:3, Licht: 0","109970","3","7","0","12","15","7","","0","0","0","0","1"
"POINT (11.479602281000041 48.088601988000050)","Unfall 110015 (2021) Kat:3, Licht: 0","110015","3","2","5","12","15","3","","0","1","1","0","0"
"POINT (11.513682674000052 48.108429432000037)","Unfall 110128 (2021) Kat:3, Licht: 0","110128","3","6","2","12","12","5","","0","0","1","0","0"
"POINT (11.522687654000038 48.140828713000076)","Unfall 110175 (2021) Kat:3, Licht: 1","110175","3","3","5","12","16","6","","1","1","1","0","0"
"POINT (11.460703597000077 48.183072668000079)","Unfall 110198 (2021) Kat:3, Licht: 2","110198","3","3","5","12","22","5","","2","1","1","0","0"
"POINT (11.534994607000044 48.186990412000057)","Unfall 110360 (2021) Kat:3, Licht: 2","110360","3","6","2","12","18","1","","2","0","1","0","0"
"POINT (11.480255853000074 48.145154176000062)","Unfall 110384 (2021) Kat:3, Licht: 2","110384","3","1","9","12","00","6","","2","1","0","0","0"
"POINT (11.584303990000024 48.188104320000036)","Unfall 110386 (2021) Kat:3, Licht: 2","110386","3","6","1","12","21","6","","2","0","1","0","0"
"POINT (11.616816597000025 48.112740946000031)","Unfall 110454 (2021) Kat:3, Licht: 0","110454","3","5","5","12","12","2","","0","1","1","0","0"
"POINT (11.539911537000023 48.107256930000062)","Unfall 110532 (2021) Kat:3, Licht: 2","110532","3","3","5","12","21","4","","2","0","1","0","0"
"POINT (11.513961772000073 48.113204770000038)","Unfall 110646 (2021) Kat:3, Licht: 0","110646","3","2","3","12","12","1","","0","1","1","0","0"
"POINT (11.499333881000041 48.212905070000033)","Unfall 110700 (2021) Kat:3, Licht: 2","110700","3","6","2","12","17","5","","2","0","1","0","0"
"POINT (11.473014496000076 48.123566020000055)","Unfall 110765 (2021) Kat:3, Licht: 2","110765","3","6","2","12","20","4","","2","0","1","0","0"
"POINT (11.512405767000075 48.142092573000070)","Unfall 110789 (2021) Kat:3, Licht: 2","110789","3","2","5","12","21","3","","2","0","1","0","0"
"POINT (11.522751569000036 48.109906102000082)","Unfall 110850 (2021) Kat:3, Licht: 0","110850","3","6","2","12","13","2","","0","0","1","0","0"
"POINT (11.616382858000065 48.133679363000056)","Unfall 110897 (2021) Kat:3, Licht: 2","110897","3","7","8","12","00","1","","2","0","1","0","0"
"POINT (11.541325570000026 48.111128561000044)","Unfall 110924 (2021) Kat:3, Licht: 2","110924","3","3","3","12","21","2","","2","0","1","0","0"
"POINT (11.512626904000058 48.107894385000066)","Unfall 110929 (2021) Kat:3, Licht: 2","110929","3","6","2","12","18","6","","2","0","1","0","0"
"POINT (11.597331397000062 48.173366254000030)","Unfall 110969 (2021) Kat:3, Licht: 0","110969","3","6","2","12","08","4","","0","0","1","0","0"
"POINT (11.552206580000075 48.081396134000045)","Unfall 111190 (2021) Kat:3, Licht: 0","111190","3","5","1","12","13","2","","0","1","1","0","0"
"POINT (11.571741144000043 48.106517414000052)","Unfall 111192 (2021) Kat:3, Licht: 0","111192","3","7","6","12","08","3","","0","0","1","1","0"
"POINT (11.525356504000058 48.109882053000035)","Unfall 111318 (2021) Kat:3, Licht: 0","111318","3","6","2","12","11","6","","0","0","1","0","0"
"POINT (11.617389239000033 48.114578019000078)","Unfall 111338 (2021) Kat:3, Licht: 0","111338","3","3","5","12","12","6","","0","1","1","0","0"
"POINT (11.615406075000067 48.130969847000074)","Unfall 111447 (2021) Kat:3, Licht: 2","111447","3","2","5","12","19","4","","2","0","1","0","0"
"POINT (11.653881947000059 48.094120916000065)","Unfall 111463 (2021) Kat:2, Licht: 2","111463","2","2","5","12","19","5","","2","0","1","0","0"
"POINT (11.620550957000034 48.130106407000028)","Unfall 111516 (2021) Kat:2, Licht: 0","111516","2","4","6","12","10","2","","0","0","0","1","0"
"POINT (11.468472888000065 48.209654528000044)","Unfall 111531 (2021) Kat:3, Licht: 0","111531","3","6","3","12","13","2","","0","0","1","0","0"
"POINT (11.524380731000065 48.076278264000052)","Unfall 111580 (2021) Kat:2, Licht: 2","111580","2","2","6","12","19","3","","2","0","1","1","0"
"POINT (11.526656585000069 48.129277801000057)","Unfall 111677 (2021) Kat:3, Licht: 0","111677","3","6","2","12","14","6","","0","0","1","0","0"
"POINT (11.526085136000063 48.077611346000026)","Unfall 111693 (2021) Kat:3, Licht: 0","111693","3","3","6","12","10","6","","0","0","1","1","0"
"POINT (11.599281548000022 48.161443453000061)","Unfall 111720 (2021) Kat:3, Licht: 0","111720","3","7","7","12","16","2","","0","1","0","0","0"
"POINT (11.597377115000029 48.107151474000034)","Unfall 111761 (2021) Kat:3, Licht: 0","111761","3","4","6","12","14","7","","0","0","1","1","0"
"POINT (11.592619719000027 48.175603926000065)","Unfall 111765 (2021) Kat:3, Licht: 2","111765","3","7","3","12","19","2","","2","0","1","0","0"
"POINT (11.596449806000066 48.106761632000030)","Unfall 111937 (2021) Kat:3, Licht: 0","111937","3","2","2","12","11","4","","0","0","1","0","0"
"POINT (11.510714698000072 48.106924973000048)","Unfall 111993 (2021) Kat:3, Licht: 2","111993","3","6","2","12","16","1","","2","0","1","0","0"
"POINT (11.540659205000054 48.183552638000037)","Unfall 112013 (2021) Kat:3, Licht: 0","112013","3","7","2","12","09","4","","0","0","1","0","0"