WKT,Name,OBJECTID,UKATEGORIE,UTYP1,UART,UMONAT,USTUNDE,UWOCHENTAG,STRZUSTAND,ULICHTVERH,ISTRAD,ISTPKW,ISTFUSS,ISTKRAD
"POINT (11.424348870000074 48.173967318000052)","Unfall 191195 (2021) Kat:3, Licht: 0","191195","3","6","3","02","12","3","","0","0","1","0","0"
"POINT (11.566815727000062 48.123431600000060)","Unfall 191198 (2021) Kat:3, Licht: 1","191198","3","6","3","02","17","1","","1","0","1","0","0"
"POINT (11.476683660000049 48.113157428000079)","Unfall 191206 (2021) Kat:3, Licht: 0","191206","3","2","6","02","07","7","","0","0","1","1","0"
"POINT (11.560395027000027 48.130455995000034)","Unfall 191213 (2021) Kat:3, Licht: 0","191213","3","7","3","03","15","1","","0","0","1","0","1"
"POINT (11.655543008000052 48.096414181000057)","Unfall 191220 (2021) Kat:3, Licht: 0","191220","3","4","6","02","16","1","","0","1","0","1","0"
"POINT (11.636637130000054 48.103001910000046)","Unfall 191231 (2021) Kat:3, Licht: 0","191231","3","7","0","02","14","6","","0","0","0","1","0"
"POINT (11.561969754000074 48.156420331000049)","Unfall 191232 (2021) Kat:3, Licht: 0","191232","3","3","5","02","09","6","","0","0","1","0","1"
"POINT (11.630304291000073 48.147083268000074)","Unfall 191240 (2021) Kat:3, Licht: 0","191240","3","1","0","02","15","3","","0","1","0","0","0"
"POINT (11.460292366000033 48.148103134000053)","Unfall 191248 (2021) Kat:1, Licht: 0","191248","1","7","6","02","09","7","","0","1","0","1","0"
"POINT (11.652812657000027 48.109151598000039)","Unfall 191254 (2021) Kat:2, Licht: 0","191254","2","3","0","02","16","1","","0","0","1","0","1"
"POINT (11.459275357000024 48.147994586000038)","Unfall 191255 (2021) Kat:3, Licht: 0","191255","3","4","6","03","10","5","","0","0","1","1","0"
"POINT (11.513996344000077 48.145283616000029)","Unfall 191259 (2021) Kat:3, Licht: 0","191259","3","2","5","02","14","6","","0","1","1","0","0"
"POINT (11.548946639000064 48.144029752000051)","Unfall 191260 (2021) Kat:3, Licht: 0","191260","3","6","3","03","09","5","","0","1","0","0","0"
"POINT (11.558660503000056 48.132848438000053)","Unfall 191264 (2021) Kat:3, Licht: 0","191264","3","4","6","02","11","4","","0","0","1","1","0"
"POINT (11.588837735000027 48.137414668000076)","Unfall 191267 (2021) Kat:3, Licht: 0","191267","3","2","2","03","09","4","","0","1","1","0","0"
"POINT (11.549557137000022 48.145873460000075)","Unfall 191268 (2021) Kat:3, Licht: 0","191268","3","3","3","03","09","3","","0","1","1","0","0"
"POINT (11.584906976000070 48.147933092000073)","Unfall 191270 (2021) Kat:3, Licht: 2","191270","3","1","1","02","21","5","","2","0","1","0","0"
"POINT (11.663626148000048 48.114226039000073)","Unfall 191271 (2021) Kat:3, Licht: 0","191271","3","1","0","02","13","2","","0","1","0","0","0"
"POINT (11.503134088000024 48.141598988000055)","Unfall 191287 (2021) Kat:3, Licht: 0","191287","3","7","3","02","15","3","","0","0","1","0","0"
"POINT (11.613867716000073 48.136727190000045)","Unfall 191307 (2021) Kat:3, Licht: 0","191307","3","4","6","03","16","4","","0","0","1","1","0"
"POINT (11.604508722000048 48.151441184000078)","Unfall 191312 (2021) Kat:3, Licht: 2","191312","3","5","1","03","18","1","","2","0","1","0","0"
"POINT (11.556950802000074 48.161985572000049)","Unfall 191321 (2021) Kat:3, Licht: 0","191321","3","1","0","02","09","1","","0","1","0","0","0"
"POINT (11.554259241000068 48.127515774000074)","Unfall 191323 (2021) Kat:3, Licht: 2","191323","3","7","3","02","06","2","","2","0","1","0","0"
"POINT (11.583941742000036 48.134152103000076)","Unfall 191325 (2021) Kat:3, Licht: 0","191325","3","5","1","03","15","2","","0","1","1","0","0"
"POINT (11.584793597000044 48.120363225000062)","Unfall 191326 (2021) Kat:3, Licht: 0","191326","3","6","3","03","17","3","","0","1","0","0","0"
"POINT (11.663414089000071 48.125372363000054)","Unfall 191333 (2021) Kat:3, Licht: 0","191333","3","6","4","02","13","6","","0","1","0","0","0"
"POINT (11.548015820000046 48.146291350000070)","Unfall 191335 (2021) Kat:2, Licht: 0","191335","2","6","3","02","09","3","","0","0","1","0","0"
"POINT (11.519541744000037 48.113459329000079)","Unfall 191337 (2021) Kat:3, Licht: 0","191337","3","3","5","03","11","2","","0","0","1","0","0"
"POINT (11.488528512000073 48.096094977000064)","Unfall 191342 (2021) Kat:3, Licht: 0","191342","3","3","5","02","11","1","","0","1","1","0","0"
"POINT (11.622208488000069 48.128211860000079)","Unfall 191349 (2021) Kat:3, Licht: 0","191349","3","1","0","03","07","2","","0","1","0","0","0"
"POINT (11.498869048000074 48.129251680000039)","Unfall 191359 (2021) Kat:3, Licht: 0","191359","3","3","5","03","10","7","","0","0","1","0","1"
"POINT (11.573253202000046 48.181756363000034)","Unfall 191375 (2021) Kat:3, Licht: 0","191375","3","2","5","02","15","3","","0","1","1","0","0"
"POINT (11.558772609000073 48.126018432000080)","Unfall 191378 (2021) Kat:3, Licht: 0","191378","3","6","3","02","09","7","","0","0","1","0","0"
"POINT (11.611218196000038 48.117364353000028)","Unfall 191380 (2021) Kat:3, Licht: 0","191380","3","1","0","02","10","6","","0","1","0","0","0"
"POINT (11.538324590000059 48.119579432000080)","Unfall 191381 (2021) Kat:3, Licht: 0","191381","3","5","1","02","07","4","","0","1","1","0","0"
"POINT (11.547510579000061 48.159297143000060)","Unfall 191398 (2021) Kat:2, Licht: 0","191398","2","2","3","03","11","3","","0","1","0","0","0"
"POINT (11.502180897000073 48.108359331000031)","Unfall 191405 (2021) Kat:3, Licht: 0","191405","3","6","2","02","16","5","","0","0","1","0","0"
"POINT (11.575782473000061 48.152982446000067)","Unfall 191406 (2021) Kat:3, Licht: 0","191406","3","3","5","02","14","2","","0","1","1","0","0"
"POINT (11.549328131000038 48.143436590000078)","Unfall 191407 (2021) Kat:3, Licht: 2","191407","3","3","6","02","18","6","","2","0","1","1","0"
"POINT (11.514552773000048 48.168183977000069)","Unfall 191412 (2021) Kat:3, Licht: 0","191412","3","3","5","02","10","7","","0","1","1","0","0"
"POINT (11.564903457000071 48.160917227000027)","Unfall 191413 (2021) Kat:3, Licht: 2","191413","3","1","0","02","23","4","","2","0","0","0","1"
"POINT (11.583433966000030 48.142175052000027)","Unfall 191414 (2021) Kat:3, Licht: 0","191414","3","6","2","03","08","3","","0","0","1","0","0"
"POINT (11.564225132000047 48.124454637000042)","Unfall 191418 (2021) Kat:3, Licht: 2","191418","3","7","0","02","20","7","","2","1","0","0","0"
"POINT (11.572398558000032 48.140456297000071)","Unfall 191422 (2021) Kat:2, Licht: 0","191422","2","7","3","02","10","3","","0","0","0","0","0"
"POINT (11.588524623000069 48.100500706000048)","Unfall 191436 (2021) Kat:3, Licht: 0","191436","3","5","3","03","15","7","","0","0","1","0","0"
"POINT (11.552331193000043 48.110632565000060)","Unfall 191441 (2021) Kat:3, Licht: 0","191441","3","2","5","03","17","4","","0","1","1","0","0"
"POINT (11.567490847000045 48.123203322000052)","Unfall 191442 (2021) Kat:3, Licht: 0","191442","3","3","5","03","07","3","","0","1","1","0","0"
"POINT (11.507074895000073 48.152546253000025)","Unfall 191443 (2021) Kat:3, Licht: 2","191443","3","7","0","02","18","5","","2","1","0","0","0"
"POINT (11.589019716000053 48.165148289000058)","Unfall 191445 (2021) Kat:2, Licht: 0","191445","2","3","5","02","10","6","","0","1","1","0","0"
"POINT (11.511995997000042 48.135118408000039)","Unfall 191455 (2021) Kat:3, Licht: 0","191455","3","1","0","02","12","2","","0","1","0","0","0"
"POINT (11.635003548000043 48.137899943000036)","Unfall 191469 (2021) Kat:3, Licht: 0","191469","3","2","3","03","16","5","","0","1","1","0","0"
"POINT (11.620080524000059 48.209588706000034)","Unfall 191478 (2021) Kat:3, Licht: 0","191478","3","3","5","03","16","5","","0","0","1","0","0"
"POINT (11.560821497000063 48.162852822000048)","Unfall 191485 (2021) Kat:3, Licht: 0","191485","3","5","1","03","17","2","","0","1","1","0","0"
"POINT (11.585413273000029 48.141454304000035)","Unfall 191491 (2021) Kat:3, Licht: 0","191491","3","4","6","03","17","4","","0","1","0","1","0"
"POINT (11.581137022000064 48.124401276000071)","Unfall 191494 (2021) Kat:3, Licht: 0","191494","3","2","0","02","08","5","","0","1","0","0","0"
"POINT (11.561139181000044 48.138989496000079)","Unfall 191497 (2021) Kat:3, Licht: 0","191497","3","7","6","03","13","6","","0","0","0","1","1"
"POINT (11.517120647000070 48.120843711000077)","Unfall 191516 (2021) Kat:3, Licht: 0","191516","3","7","0","02","15","5","","0","1","0","0","0"
"POINT (11.581855120000057 48.120410134000053)","Unfall 191519 (2021) Kat:3, Licht: 0","191519","3","6","2","03","16","2","","0","0","1","0","1"
"POINT (11.572822899000073 48.130389570000034)","Unfall 191521 (2021) Kat:3, Licht: 0","191521","3","3","3","02","13","3","","0","1","1","0","0"
"POINT (11.587208554000028 48.201129001000027)","Unfall 191524 (2021) Kat:2, Licht: 0","191524","2","7","2","03","14","4","","0","1","1","0","0"
"POINT (11.526372146000028 48.116475745000059)","Unfall 191525 (2021) Kat:3, Licht: 0","191525","3","6","3","02","12","4","","0","0","1","0","1"
"POINT (11.564470251000046 48.164516802000037)","Unfall 191530 (2021) Kat:3, Licht: 0","191530","3","2","3","02","09","2","","0","0","1","0","0"
"POINT (11.518589020000036 48.140679894000073)","Unfall 191533 (2021) Kat:3, Licht: 2","191533","3","1","1","03","20","1","","2","0","1","0","1"
"POINT (11.542592283000033 48.162591963000068)","Unfall 191543 (2021) Kat:3, Licht: 0","191543","3","6","3","02","08","2","","0","0","1","0","0"
"POINT (11.575001093000026 48.157573988000081)","Unfall 191544 (2021) Kat:3, Licht: 0","191544","3","3","5","02","12","5","","0","0","1","0","0"
"POINT (11.502362827000070 48.109953795000081)","Unfall 191545 (2021) Kat:3, Licht: 0","191545","3","7","0","03","14","3","","0","1","0","0","0"
"POINT (11.567529273000048 48.123056811000026)","Unfall 191551 (2021) Kat:3, Licht: 0","191551","3","1","0","02","13","6","","0","1","0","0","0"
"POINT (11.521172067000066 48.214158161000057)","Unfall 191561 (2021) Kat:2, Licht: 0","191561","2","6","4","02","15","5","","0","1","1","0","0"
"POINT (11.475318062000042 48.108559184000057)","Unfall 191562 (2021) Kat:3, Licht: 0","191562","3","7","0","03","14","5","","0","0","0","0","0"
"POINT (11.554025890000048 48.154350024000053)","Unfall 191565 (2021) Kat:3, Licht: 0","191565","3","2","5","03","17","1","","0","1","1","0","0"
"POINT (11.500061559000073 48.142047259000037)","Unfall 191570 (2021) Kat:3, Licht: 0","191570","3","3","6","03","08","3","","0","1","0","1","0"
"POINT (11.588149911000073 48.114156569000045)","Unfall 191582 (2021) Kat:3, Licht: 0","191582","3","2","4","02","08","3","","0","1","0","0","0"
"POINT (11.584537905000047 48.150062080000055)","Unfall 191586 (2021) Kat:3, Licht: 0","191586","3","3","5","02","16","6","","0","1","1","0","0"
"POINT (11.513798883000049 48.198740483000051)","Unfall 191591 (2021) Kat:3, Licht: 2","191591","3","1","0","02","17","4","","2","1","0","0","0"
"POINT (11.435633460000076 48.150783575000048)","Unfall 191593 (2021) Kat:3, Licht: 0","191593","3","2","0","03","13","3","","0","1","1","0","0"
"POINT (11.549531195000043 48.125152568000033)","Unfall 191595 (2021) Kat:2, Licht: 0","191595","2","3","6","02","14","3","","0","0","1","1","0"
"POINT (11.592824746000076 48.136648315000059)","Unfall 191596 (2021) Kat:2, Licht: 2","191596","2","1","8","02","00","1","","2","1","0","0","0"
"POINT (11.583878890000051 48.155554541000072)","Unfall 191598 (2021) Kat:3, Licht: 0","191598","3","7","0","02","10","7","","0","0","0","1","0"
"POINT (11.594083029000046 48.141925821000029)","Unfall 191609 (2021) Kat:3, Licht: 0","191609","3","7","0","03","16","4","","0","1","0","0","0"
"POINT (11.559785796000028 48.127095025000074)","Unfall 191613 (2021) Kat:3, Licht: 0","191613","3","7","0","02","12","6","","0","1","1","0","0"
"POINT (11.522678573000064 48.134382877000064)","Unfall 191625 (2021) Kat:3, Licht: 0","191625","3","2","2","02","12","2","","0","0","1","0","0"
"POINT (11.481626814000037 48.108813792000035)","Unfall 191629 (2021) Kat:3, Licht: 0","191629","3","2","5","03","08","2","","0","1","1","0","0"
"POINT (11.631452992000050 48.120704497000077)","Unfall 191630 (2021) Kat:2, Licht: 0","191630","2","1","0","02","17","4","","0","1","0","0","0"
"POINT (11.573031001000061 48.120428548000064)","Unfall 191633 (2021) Kat:3, Licht: 2","191633","3","6","2","03","20","5","","2","0","1","0","1"
"POINT (11.530650332000050 48.152468221000049)","Unfall 191639 (2021) Kat:3, Licht: 0","191639","3","2","5","02","07","3","","0","1","1","0","0"
"POINT (11.571224383000072 48.125167644000044)","Unfall 191641 (2021) Kat:3, Licht: 0","191641","3","7","0","03","13","7","","0","0","0","0","0"
"POINT (11.525177689000031 48.155105110000079)","Unfall 191649 (2021) Kat:3, Licht: 0","191649","3","4","6","02","09","5","","0","1","0","1","0"
"POINT (11.654445035000037 48.095186129000069)","Unfall 191654 (2021) Kat:3, Licht: 0","191654","3","7","0","03","15","2","","0","1","1","0","0"
"POINT (11.554151031000060 48.137485800000036)","Unfall 191655 (2021) Kat:3, Licht: 0","191655","3","6","2","03","11","7","","0","0","1","0","0"
"POINT (11.560199794000027 48.156295471000078)","Unfall 191658 (2021) Kat:3, Licht: 0","191658","3","2","5","02","09","6","","0","0","1","0","0"
"POINT (11.544817394000063 48.111851218000027)","Unfall 191659 (2021) Kat:3, Licht: 0","191659","3","7","1","02","10","6","","0","0","1","0","0"
"POINT (11.562929239000027 48.149036326000044)","Unfall 191661 (2021) Kat:3, Licht: 0","191661","3","3","5","03","07","3","","0","0","1","0","0"
"POINT (11.502322273000061 48.115068274000066)","Unfall 191678 (2021) Kat:3, Licht: 0","191678","3","5","0","03","11","2","","0","0","1","0","0"
"POINT (11.443515607000052 48.163887875000057)","Unfall 191684 (2021) Kat:3, Licht: 0","191684","3","1","0","02","12","6","","0","1","0","0","0"
"POINT (11.502469789000031 48.115762853000035)","Unfall 191687 (2021) Kat:3, Licht: 1","191687","3","6","2","03","17","2","","1","0","1","0","0"
"POINT (11.562478270000042 48.161065227000051)","Unfall 191695 (2021) Kat:3, Licht: 1","191695","3","7","6","02","17","2","","1","0","1","1","0"
"POINT (11.518787654000050 48.139886760000081)","Unfall 191700 (2021) Kat:3, Licht: 2","191700","3","7","1","02","17","7","","2","0","1","0","0"
"POINT (11.619901074000040 48.115352317000031)","Unfall 191701 (2021) Kat:3, Licht: 2","191701","3","5","1","02","17","4","","2","0","1","0","0"
"POINT (11.576518689000068 48.142831018000038)","Unfall 191702 (2021) Kat:3, Licht: 0","191702","3","5","1","03","12","3","","0","1","1","0","0"
"POINT (11.547006079000028 48.133294017000026)","Unfall 191707 (2021) Kat:3, Licht: 0","191707","3","4","6","02","16","1","","0","0","1","1","0"
"POINT (11.542555677000053 48.162734719000071)","Unfall 191708 (2021) Kat:3, Licht: 0","191708","3","6","2","02","14","6","","0","0","1","0","1"
"POINT (11.578963111000064 48.136043187000041)","Unfall 191712 (2021) Kat:3, Licht: 0","191712","3","7","0","03","11","2","","0","1","0","0","0"
"POINT (11.503087754000035 48.135357279000061)","Unfall 191734 (2021) Kat:3, Licht: 0","191734","3","3","5","03","13","2","","0","0","1","0","0"
"POINT (11.657621851000044 48.129874435000033)","Unfall 191739 (2021) Kat:2, Licht: 0","191739","2","7","0","03","17","4","","0","0","1","0","0"
"POINT (11.663417146000029 48.114312708000057)","Unfall 191744 (2021) Kat:3, Licht: 2","191744","3","7","6","03","23","6","","2","0","1","1","0"
"POINT (11.594823611000038 48.110597206000079)","Unfall 191749 (2021) Kat:3, Licht: 2","191749","3","7","0","03","18","3","","2","0","0","0","0"
"POINT (11.547537711000075 48.139138733000038)","Unfall 191751 (2021) Kat:3, Licht: 0","191751","3","1","0","02","13","1","","0","1","0","0","0"
"POINT (11.575966305000065 48.127738872000066)","Unfall 191755 (2021) Kat:2, Licht: 2","191755","2","4","6","02","20","6","","2","0","1","1","0"
"POINT (11.511735853000062 48.158750232000045)","Unfall 191765 (2021) Kat:3, Licht: 0","191765","3","6","1","02","14","5","","0","1","0","0","0"
"POINT (11.555981443000064 48.158934758000044)","Unfall 191766 (2021) Kat:3, Licht: 1","191766","3","2","4","02","07","2","","1","1","1","0","0"
"POINT (11.621956495000063 48.127965322000080)","Unfall 191775 (2021) Kat:3, Licht: 0","191775","3","2","5","03","16","4","","0","1","1","0","0"
"POINT (11.582243579000021 48.119685279000066)","Unfall 191781 (2021) Kat:3, Licht: 0","191781","3","6","1","02","13","3","","0","0","1","0","0"
"POINT (11.546220245000029 48.108713215000080)","Unfall 191783 (2021) Kat:3, Licht: 0","191783","3","6","5","02","13","7","","0","1","1","0","0"
"POINT (11.525644844000055 48.116306627000029)","Unfall 191786 (2021) Kat:3, Licht: 2","191786","3","1","9","02","02","4","","2","0","1","0","0"
"POINT (11.585739361000037 48.096468412000036)","Unfall 191788 (2021) Kat:3, Licht: 0","191788","3","3","5","02","15","2","","0","1","1","0","0"
"POINT (11.568176893000043 48.132581482000035)","Unfall 191796 (2021) Kat:3, Licht: 0","191796","3","2","3","03","11","3","","0","1","1","0","0"
"POINT (11.605302248000044 48.104550599000049)","Unfall 191800 (2021) Kat:3, Licht: 0","191800","3","1","9","02","11","7","","0","0","1","0","0"
"POINT (11.614854894000075 48.139285718000053)","Unfall 191811 (2021) Kat:2, Licht: 0","191811","2","3","5","03","12","4","","0","0","1","0","0"
"POINT (11.558255369000051 48.161399661000075)","Unfall 191819 (2021) Kat:3, Licht: 0","191819","3","2","5","02","15","4","","0","0","1","0","0"
"POINT (11.472487336000029 48.158462212000074)","Unfall 191821 (2021) Kat:3, Licht: 0","191821","3","7","0","03","13","3","","0","0","0","0","1"
"POINT (11.647940100000028 48.148312423000050)","Unfall 191832 (2021) Kat:2, Licht: 0","191832","2","7","0","02","16","4","","0","1","0","0","0"
"POINT (11.472622712000032 48.128140028000075)","Unfall 191835 (2021) Kat:3, Licht: 1","191835","3","7","6","03","17","3","","1","0","1","1","0"
"POINT (11.548743146000049 48.112157984000078)","Unfall 191838 (2021) Kat:3, Licht: 0","191838","3","2","5","02","11","5","","0","1","1","0","0"
"POINT (11.582314535000023 48.190948847000072)","Unfall 191856 (2021) Kat:3, Licht: 0","191856","3","6","2","03","12","7","","0","0","1","0","0"
"POINT (11.565239715000075 48.175778859000047)","Unfall 191882 (2021) Kat:3, Licht: 0","191882","3","4","6","02","16","1","","0","1","0","1","0"
"POINT (11.585521928000048 48.155004549000068)","Unfall 191886 (2021) Kat:3, Licht: 2","191886","3","4","6","02","21","6","","2","1","0","1","0"
"POINT (11.592731252000021 48.133204219000049)","Unfall 191889 (2021) Kat:3, Licht: 0","191889","3","5","3","03","08","2","","0","1","1","0","0"
"POINT (11.565603932000045 48.133059455000080)","Unfall 191890 (2021) Kat:3, Licht: 0","191890","3","2","5","03","13","1","","0","1","1","0","0"
"POINT (11.574862228000029 48.094309378000048)","Unfall 191900 (2021) Kat:3, Licht: 0","191900","3","2","1","02","15","6","","0","1","1","0","0"
"POINT (11.523188480000044 48.134737624000081)","Unfall 191902 (2021) Kat:3, Licht: 0","191902","3","5","1","02","15","3","","0","0","1","0","0"
"POINT (11.639684380000062 48.144909970000072)","Unfall 191903 (2021) Kat:3, Licht: 0","191903","3","7","6","03","16","2","","0","0","1","1","0"
"POINT (11.550944643000037 48.148865400000034)","Unfall 191905 (2021) Kat:3, Licht: 0","191905","3","2","6","02","15","4","","0","0","1","1","0"
"POINT (11.596856165000077 48.149942877000058)","Unfall 191906 (2021) Kat:2, Licht: 0","191906","2","6","3","02","14","1","","0","1","0","0","0"
"POINT (11.549769349000030 48.200220203000072)","Unfall 191911 (2021) Kat:2, Licht: 0","191911","2","7","0","02","13","5","","0","1","0","0","0"
"POINT (11.517906679000077 48.111007825000058)","Unfall 191912 (2021) Kat:2, Licht: 0","191912","2","3","5","02","12","2","","0","1","1","0","0"
"POINT (11.581902866000064 48.101069853000070)","Unfall 191915 (2021) Kat:3, Licht: 0","191915","3","6","2","02","11","3","","0","0","1","0","0"
"POINT (11.448981795000066 48.150598764000051)","Unfall 191933 (2021) Kat:3, Licht: 2","191933","3","5","6","03","17","4","","2","1","0","1","0"
"POINT (11.584512285000073 48.171065914000053)","Unfall 191934 (2021) Kat:3, Licht: 0","191934","3","3","5","03","12","4","","0","0","1","0","0"
"POINT (11.410052533000055 48.136765823000076)","Unfall 191937 (2021) Kat:3, Licht: 0","191937","3","2","4","02","08","2","","0","0","1","0","0"
"POINT (11.549707220000073 48.125109292000047)","Unfall 191948 (2021) Kat:3, Licht: 2","191948","3","3","5","03","22","6","","2","0","1","0","0"
"POINT (11.548455296000043 48.197440745000051)","Unfall 191951 (2021) Kat:2, Licht: 0","191951","2","3","5","02","11","4","","0","0","1","0","0"
"POINT (11.572747840000034 48.186118341000054)","Unfall 191953 (2021) Kat:3, Licht: 0","191953","3","6","3","03","12","3","","0","0","1","0","1"
"POINT (11.531609887000059 48.184286673000031)","Unfall 191955 (2021) Kat:3, Licht: 0","191955","3","2","5","02","16","1","","0","1","1","0","0"
"POINT (11.676621475000047 48.125821484000028)","Unfall 191958 (2021) Kat:3, Licht: 0","191958","3","3","5","02","08","5","","0","1","1","0","0"
"POINT (11.549213019000035 48.149327950000043)","Unfall 191962 (2021) Kat:3, Licht: 0","191962","3","7","0","02","15","3","","0","1","0","0","0"
"POINT (11.566884216000062 48.123624275000054)","Unfall 191967 (2021) Kat:3, Licht: 0","191967","3","6","2","02","15","1","","0","0","1","0","1"
"POINT (11.552812823000068 48.161516407000079)","Unfall 191968 (2021) Kat:2, Licht: 2","191968","2","2","3","03","22","5","","2","1","1","0","0"
"POINT (11.413683395000021 48.161901621000027)","Unfall 191970 (2021) Kat:3, Licht: 0","191970","3","7","4","02","17","6","","0","1","1","0","0"
"POINT (11.482854986000063 48.130100500000026)","Unfall 191984 (2021) Kat:3, Licht: 0","191984","3","2","5","03","12","7","","0","1","1","0","0"
"POINT (11.516395880000061 48.117970834000062)","Unfall 191994 (2021) Kat:3, Licht: 0","191994","3","5","3","02","14","7","","0","1","1","0","0"
"POINT (11.655593348000025 48.117477208000025)","Unfall 192002 (2021) Kat:3, Licht: 1","192002","3","3","5","02","05","3","","1","1","1","0","0"
"POINT (11.593085280000025 48.112800642000082)","Unfall 192016 (2021) Kat:3, Licht: 0","192016","3","2","2","03","07","4","","0","0","1","0","0"
"POINT (11.528308292000077 48.097688993000077)","Unfall 192022 (2021) Kat:3, Licht: 0","192022","3","6","2","02","10","6","","0","0","1","0","0"
"POINT (11.549361091000037 48.157771431000072)","Unfall 192025 (2021) Kat:3, Licht: 0","192025","3","6","3","03","09","2","","0","1","0","0","0"
"POINT (11.553225954000027 48.139101109000080)","Unfall 192026 (2021) Kat:3, Licht: 0","192026","3","7","0","03","12","2","","0","1","0","0","0"
"POINT (11.549572403000070 48.145910459000049)","Unfall 192034 (2021) Kat:3, Licht: 0","192034","3","2","3","02","13","5","","0","1","1","0","0"
"POINT (11.636770431000059 48.100285683000038)","Unfall 192035 (2021) Kat:3, Licht: 0","192035","3","7","8","02","15","6","","0","0","0","0","0"
"POINT (11.513526332000026 48.181902647000072)","Unfall 192036 (2021) Kat:3, Licht: 2","192036","3","7","6","02","19","1","","2","0","1","1","0"
"POINT (11.553261596000027 48.126937681000072)","Unfall 192041 (2021) Kat:3, Licht: 0","192041","3","6","0","02","14","7","","0","1","0","0","0"
"POINT (11.655452595000042 48.130608060000043)","Unfall 192042 (2021) Kat:3, Licht: 0","192042","3","4","6","03","11","3","","0","1","0","1","0"
"POINT (11.609314539000025 48.117528360000051)","Unfall 192048 (2021) Kat:3, Licht: 2","192048","3","1","9","02","01","2","","2","0","1","0","0"
"POINT (11.495752899000024 48.181698048000044)","Unfall 192050 (2021) Kat:3, Licht: 0","192050","3","3","5","02","08","3","","0","1","1","0","0"
"POINT (11.513756986000033 48.173173702000042)","Unfall 192052 (2021) Kat:3, Licht: 1","192052","3","6","3","03","17","2","","1","0","1","0","0"
"POINT (11.574545438000030 48.174229150000031)","Unfall 192054 (2021) Kat:3, Licht: 0","192054","3","5","0","02","14","1","","0","1","1","0","0"
"POINT (11.650536427000077 48.170972816000074)","Unfall 192069 (2021) Kat:3, Licht: 0","192069","3","7","1","02","13","7","","0","1","1","0","0"
"POINT (11.581735524000067 48.157708023000055)","Unfall 192073 (2021) Kat:3, Licht: 0","192073","3","7","6","02","09","5","","0","1","0","1","0"
"POINT (11.535006368000040 48.138144410000052)","Unfall 192080 (2021) Kat:3, Licht: 1","192080","3","3","5","03","19","3","","1","1","0","0","0"
"POINT (11.413953527000047 48.147966252000060)","Unfall 192090 (2021) Kat:3, Licht: 0","192090","3","1","8","02","10","3","","0","0","1","0","0"
"POINT (11.579471882000064 48.146823213000062)","Unfall 192091 (2021) Kat:3, Licht: 0","192091","3","1","0","02","13","7","","0","0","0","0","1"
"POINT (11.572452283000075 48.192271199000061)","Unfall 192105 (2021) Kat:2, Licht: 2","192105","2","3","5","02","17","1","","2","0","1","0","1"
"POINT (11.454796991000023 48.143974034000053)","Unfall 192106 (2021) Kat:3, Licht: 0","192106","3","6","2","03","16","5","","0","1","0","0","0"
"POINT (11.548638774000040 48.112046851000059)","Unfall 192110 (2021) Kat:3, Licht: 0","192110","3","3","5","03","07","4","","0","1","1","0","0"
"POINT (11.599001227000031 48.112559210000029)","Unfall 192111 (2021) Kat:3, Licht: 0","192111","3","3","5","02","11","6","","0","0","1","0","0"
"POINT (11.541685895000057 48.136751195000045)","Unfall 192113 (2021) Kat:3, Licht: 0","192113","3","3","5","02","13","3","","0","0","1","0","0"
"POINT (11.586652430000072 48.192681152000034)","Unfall 192121 (2021) Kat:3, Licht: 0","192121","3","6","5","02","16","5","","0","1","1","0","0"
"POINT (11.552835910000056 48.209687039000073)","Unfall 192123 (2021) Kat:3, Licht: 0","192123","3","4","6","02","15","2","","0","0","1","1","0"
"POINT (11.584765676000075 48.132318791000046)","Unfall 192125 (2021) Kat:3, Licht: 1","192125","3","2","5","03","17","6","","1","1","0","0","0"
"POINT (11.566480718000037 48.198566068000048)","Unfall 192126 (2021) Kat:3, Licht: 0","192126","3","1","0","02","07","3","","0","1","0","0","0"
"POINT (11.523696381000036 48.099304267000036)","Unfall 192133 (2021) Kat:3, Licht: 2","192133","3","3","5","02","06","2","","2","0","1","0","0"
"POINT (11.529429177000054 48.157148562000032)","Unfall 192140 (2021) Kat:3, Licht: 0","192140","3","3","5","02","12","7","","0","1","1","0","0"
"POINT (11.563181027000041 48.126717850000034)","Unfall 192141 (2021) Kat:3, Licht: 0","192141","3","3","5","02","08","6","","0","1","1","0","0"
"POINT (11.602108749000024 48.115804018000063)","Unfall 192142 (2021) Kat:3, Licht: 0","192142","3","3","5","03","13","4","","0","0","1","0","0"
"POINT (11.538690705000022 48.130927022000037)","Unfall 192146 (2021) Kat:3, Licht: 0","192146","3","3","5","02","08","2","","0","0","1","0","0"
"POINT (11.452298245000065 48.164326056000050)","Unfall 192148 (2021) Kat:3, Licht: 0","192148","3","6","1","03","15","7","","0","1","1","0","0"
"POINT (11.643622147000031 48.095616976000031)","Unfall 192149 (2021) Kat:2, Licht: 2","192149","2","3","5","04","20","5","","2","1","1","0","0"
"POINT (11.602122684000051 48.115811019000034)","Unfall 192165 (2021) Kat:3, Licht: 2","192165","3","6","1","03","18","5","","2","0","1","0","0"
"POINT (11.555080563000047 48.123823805000029)","Unfall 192170 (2021) Kat:3, Licht: 0","192170","3","2","6","04","17","6","","0","0","1","1","0"