WKT,Name,OBJECTID,UKATEGORIE,UTYP1,UART,UMONAT,USTUNDE,UWOCHENTAG,STRZUSTAND,ULICHTVERH,ISTRAD,ISTPKW,ISTFUSS,ISTKRAD
"POINT (11.605142057000023 48.202376450000031)","Unfall 192182 (2021) Kat:3, Licht: 0","192182","3","3","5","03","08","7","","0","1","1","0","0"
"POINT (11.569492584000045 48.144364738000036)","Unfall 192184 (2021) Kat:2, Licht: 0","192184","2","3","5","03","12","3","","0","1","1","0","0"
"POINT (11.567603290000022 48.123261933000038)","Unfall 192188 (2021) Kat:3, Licht: 0","192188","3","2","5","04","14","1","","0","1","1","0","0"
"POINT (11.554747693000024 48.127799760000073)","Unfall 192195 (2021) Kat:3, Licht: 0","192195","3","4","6","04","16","5","","0","0","1","1","0"
"POINT (11.569828442000073 48.130961973000069)","Unfall 192200 (2021) Kat:3, Licht: 0","192200","3","1","0","04","18","5","","0","1","0","0","0"
"POINT (11.566874280000036 48.182714463000082)","Unfall 192207 (2021) Kat:3, Licht: 0","192207","3","1","0","04","06","4","","0","1","0","0","0"
"POINT (11.530486225000061 48.152469028000041)","Unfall 192212 (2021) Kat:3, Licht: 0","192212","3","3","5","04","11","5","","0","1","0","0","0"
"POINT (11.502465528000073 48.120028465000075)","Unfall 192215 (2021) Kat:3, Licht: 2","192215","3","2","5","03","19","1","","2","0","1","0","0"
"POINT (11.600088533000076 48.149283242000081)","Unfall 192222 (2021) Kat:3, Licht: 0","192222","3","7","6","03","08","5","","0","1","0","1","0"
"POINT (11.575035920000062 48.210623047000070)","Unfall 192223 (2021) Kat:3, Licht: 1","192223","3","6","1","03","17","6","","1","0","1","0","1"
"POINT (11.465686917000028 48.164772383000070)","Unfall 192226 (2021) Kat:3, Licht: 0","192226","3","6","2","03","11","6","","0","0","1","0","0"
"POINT (11.519586760000038 48.094629314000031)","Unfall 192227 (2021) Kat:3, Licht: 0","192227","3","6","0","03","16","1","","0","1","0","0","0"
"POINT (11.676656726000033 48.084160418000067)","Unfall 192231 (2021) Kat:3, Licht: 0","192231","3","1","0","03","08","4","","0","0","0","0","1"
"POINT (11.576881881000077 48.151713610000058)","Unfall 192232 (2021) Kat:3, Licht: 0","192232","3","7","0","04","17","5","","0","1","0","0","0"
"POINT (11.545850930000029 48.149993164000080)","Unfall 192233 (2021) Kat:3, Licht: 0","192233","3","6","2","03","12","2","","0","1","0","0","0"
"POINT (11.549451365000039 48.137555702000043)","Unfall 192242 (2021) Kat:3, Licht: 0","192242","3","1","0","03","12","2","","0","1","0","0","0"
"POINT (11.544606883000029 48.166251105000072)","Unfall 192244 (2021) Kat:3, Licht: 0","192244","3","2","5","04","13","7","","0","0","1","0","0"
"POINT (11.471857013000033 48.145490938000080)","Unfall 192250 (2021) Kat:3, Licht: 0","192250","3","7","5","04","16","6","","0","0","1","0","0"
"POINT (11.540128050000021 48.116083417000027)","Unfall 192253 (2021) Kat:2, Licht: 0","192253","2","7","3","04","13","2","","0","0","1","0","0"
"POINT (11.540456293000034 48.216517919000069)","Unfall 192256 (2021) Kat:3, Licht: 0","192256","3","3","5","03","06","3","","0","1","1","0","0"
"POINT (11.541734805000033 48.139629546000037)","Unfall 192259 (2021) Kat:3, Licht: 0","192259","3","3","3","03","16","5","","0","0","1","0","0"
"POINT (11.634144875000061 48.169261231000064)","Unfall 192268 (2021) Kat:3, Licht: 0","192268","3","6","2","03","16","4","","0","0","1","0","0"
"POINT (11.558592672000032 48.135191907000035)","Unfall 192279 (2021) Kat:3, Licht: 0","192279","3","1","0","03","13","7","","0","0","0","0","0"
"POINT (11.566044265000073 48.187129603000074)","Unfall 192288 (2021) Kat:3, Licht: 2","192288","3","3","5","04","21","1","","2","0","1","0","0"
"POINT (11.579580724000039 48.115123339000036)","Unfall 192293 (2021) Kat:3, Licht: 0","192293","3","2","6","03","14","3","","0","0","1","1","0"
"POINT (11.568751044000066 48.178418320000048)","Unfall 192297 (2021) Kat:3, Licht: 0","192297","3","3","5","04","16","3","","0","0","1","0","0"
"POINT (11.521019207000052 48.110863439000070)","Unfall 192307 (2021) Kat:3, Licht: 0","192307","3","2","6","03","17","7","","0","0","1","1","0"
"POINT (11.671397084000034 48.119784951000042)","Unfall 192308 (2021) Kat:3, Licht: 2","192308","3","7","0","04","21","6","","2","0","1","1","0"
"POINT (11.571083361000035 48.132031468000037)","Unfall 192314 (2021) Kat:3, Licht: 2","192314","3","2","1","03","21","5","","2","0","1","0","0"
"POINT (11.590531555000041 48.166494460000081)","Unfall 192315 (2021) Kat:3, Licht: 1","192315","3","2","6","03","17","3","","1","0","1","1","0"
"POINT (11.491004693000036 48.165360475000057)","Unfall 192316 (2021) Kat:2, Licht: 0","192316","2","4","6","04","10","2","","0","0","1","1","0"
"POINT (11.548954147000074 48.120105215000081)","Unfall 192321 (2021) Kat:3, Licht: 0","192321","3","6","4","03","14","2","","0","1","1","1","0"
"POINT (11.629382374000045 48.153557727000077)","Unfall 192324 (2021) Kat:3, Licht: 0","192324","3","2","6","04","07","4","","0","0","1","1","0"
"POINT (11.582730877000074 48.125844290000032)","Unfall 192326 (2021) Kat:3, Licht: 1","192326","3","4","6","03","05","5","","1","0","0","1","0"
"POINT (11.458993285000076 48.144996362000029)","Unfall 192337 (2021) Kat:3, Licht: 0","192337","3","7","0","04","15","7","","0","0","1","0","0"
"POINT (11.609410920000073 48.095491391000053)","Unfall 192353 (2021) Kat:3, Licht: 0","192353","3","6","2","04","13","6","","0","1","1","0","0"
"POINT (11.559431814000050 48.137411777000068)","Unfall 192358 (2021) Kat:3, Licht: 0","192358","3","1","0","04","14","5","","0","0","1","0","1"
"POINT (11.527592859000038 48.169109475000027)","Unfall 192359 (2021) Kat:3, Licht: 0","192359","3","7","0","03","15","3","","0","1","0","0","0"
"POINT (11.656112642000039 48.108862458000033)","Unfall 192396 (2021) Kat:3, Licht: 0","192396","3","1","9","03","06","3","","0","0","1","0","0"
"POINT (11.486690234000037 48.110952660000066)","Unfall 192399 (2021) Kat:3, Licht: 0","192399","3","3","5","03","09","4","","0","1","1","0","0"
"POINT (11.553825906000043 48.121267890000070)","Unfall 192406 (2021) Kat:3, Licht: 2","192406","3","7","0","04","20","2","","2","1","0","0","0"
"POINT (11.477124163000042 48.115436867000028)","Unfall 192407 (2021) Kat:3, Licht: 0","192407","3","3","5","03","12","7","","0","0","1","0","0"
"POINT (11.571948114000065 48.148941700000080)","Unfall 192408 (2021) Kat:3, Licht: 0","192408","3","1","0","04","15","5","","0","1","0","0","0"
"POINT (11.628528838000022 48.104068238000082)","Unfall 192426 (2021) Kat:2, Licht: 0","192426","2","1","0","04","18","5","","0","1","0","0","0"
"POINT (11.536696918000075 48.180781087000071)","Unfall 192428 (2021) Kat:3, Licht: 0","192428","3","7","0","04","14","6","","0","1","0","1","0"
"POINT (11.609222727000031 48.195746597000038)","Unfall 192432 (2021) Kat:3, Licht: 0","192432","3","6","4","04","11","6","","0","0","1","1","0"
"POINT (11.492554975000076 48.140252587000077)","Unfall 192434 (2021) Kat:3, Licht: 0","192434","3","2","5","03","16","3","","0","0","1","0","0"
"POINT (11.597172014000023 48.114997795000079)","Unfall 192436 (2021) Kat:3, Licht: 0","192436","3","3","5","03","14","4","","0","0","1","0","1"
"POINT (11.694525550000037 48.133494181000060)","Unfall 192439 (2021) Kat:3, Licht: 0","192439","3","7","0","03","15","1","","0","0","1","0","0"
"POINT (11.613821102000031 48.127096714000061)","Unfall 192440 (2021) Kat:3, Licht: 1","192440","3","7","3","04","18","2","","1","0","1","0","0"
"POINT (11.555554678000021 48.128194869000026)","Unfall 192443 (2021) Kat:3, Licht: 0","192443","3","2","3","04","08","5","","0","1","1","0","0"
"POINT (11.694279519000077 48.133396519000030)","Unfall 192446 (2021) Kat:3, Licht: 0","192446","3","3","5","03","16","4","","0","0","1","0","0"
"POINT (11.502964955000039 48.142873744000042)","Unfall 192450 (2021) Kat:2, Licht: 0","192450","2","7","0","03","16","5","","0","1","0","0","0"
"POINT (11.609493312000041 48.139710771000068)","Unfall 192452 (2021) Kat:3, Licht: 0","192452","3","6","2","03","20","4","","0","1","1","0","0"
"POINT (11.569738454000060 48.130986510000071)","Unfall 192467 (2021) Kat:3, Licht: 0","192467","3","6","2","03","11","2","","0","0","1","0","0"
"POINT (11.540597022000043 48.125302838000039)","Unfall 192481 (2021) Kat:2, Licht: 2","192481","2","2","3","04","20","6","","2","1","1","0","0"
"POINT (11.501030755000045 48.139697198000079)","Unfall 192486 (2021) Kat:2, Licht: 0","192486","2","1","0","03","17","3","","0","1","0","0","0"
"POINT (11.568943144000059 48.132824781000068)","Unfall 192487 (2021) Kat:3, Licht: 0","192487","3","3","5","03","14","3","","0","1","1","0","0"
"POINT (11.479844693000075 48.088946817000078)","Unfall 192489 (2021) Kat:2, Licht: 0","192489","2","7","0","03","18","4","","0","0","0","0","0"
"POINT (11.573582522000038 48.169710420000058)","Unfall 192494 (2021) Kat:3, Licht: 0","192494","3","2","6","03","13","7","","0","0","1","1","0"
"POINT (11.592146436000064 48.173258126000064)","Unfall 192497 (2021) Kat:3, Licht: 0","192497","3","3","5","04","12","5","","0","1","1","0","0"
"POINT (11.602766462000034 48.120080686000051)","Unfall 192500 (2021) Kat:3, Licht: 2","192500","3","4","6","03","19","4","","2","1","0","1","0"
"POINT (11.534346202000052 48.121404250000069)","Unfall 192501 (2021) Kat:3, Licht: 0","192501","3","3","5","04","09","4","","0","1","1","0","0"
"POINT (11.564724020000028 48.171834807000039)","Unfall 192513 (2021) Kat:3, Licht: 0","192513","3","6","3","03","13","6","","0","1","0","0","1"
"POINT (11.542081924000058 48.139518714000076)","Unfall 192524 (2021) Kat:3, Licht: 2","192524","3","7","2","03","19","1","","2","0","1","0","0"
"POINT (11.532690281000043 48.107598730000063)","Unfall 192525 (2021) Kat:3, Licht: 0","192525","3","1","1","04","15","5","","0","0","1","0","0"
"POINT (11.582172934000027 48.192538404000061)","Unfall 192531 (2021) Kat:3, Licht: 1","192531","3","1","8","04","19","2","","1","0","1","0","0"
"POINT (11.519232910000028 48.138394127000026)","Unfall 192534 (2021) Kat:3, Licht: 0","192534","3","7","0","04","13","6","","0","1","0","0","0"
"POINT (11.476624945000026 48.110996750000027)","Unfall 192550 (2021) Kat:3, Licht: 0","192550","3","3","5","03","16","2","","0","1","1","0","0"
"POINT (11.646299810000073 48.106886861000078)","Unfall 192555 (2021) Kat:3, Licht: 0","192555","3","3","5","04","13","7","","0","0","1","0","0"
"POINT (11.477630591000036 48.108681092000040)","Unfall 192559 (2021) Kat:3, Licht: 2","192559","3","7","8","03","22","7","","2","0","1","0","0"
"POINT (11.448365307000074 48.173267235000026)","Unfall 192570 (2021) Kat:3, Licht: 0","192570","3","1","9","04","07","6","","0","0","1","0","0"
"POINT (11.571961620000025 48.141485794000062)","Unfall 192579 (2021) Kat:3, Licht: 0","192579","3","3","5","04","11","5","","0","0","1","0","0"
"POINT (11.522593909000022 48.134496279000075)","Unfall 192580 (2021) Kat:3, Licht: 0","192580","3","2","5","03","08","3","","0","1","0","0","0"
"POINT (11.567994591000058 48.092414887000075)","Unfall 192584 (2021) Kat:3, Licht: 0","192584","3","3","5","03","16","7","","0","0","1","0","0"
"POINT (11.544643143000030 48.150234081000065)","Unfall 192598 (2021) Kat:3, Licht: 0","192598","3","2","3","03","13","2","","0","1","1","0","0"
"POINT (11.565525053000044 48.135404145000052)","Unfall 192600 (2021) Kat:3, Licht: 0","192600","3","7","0","04","14","4","","0","1","0","0","0"
"POINT (11.656059971000047 48.089020205000054)","Unfall 192602 (2021) Kat:3, Licht: 0","192602","3","3","5","03","10","5","","0","0","1","0","0"
"POINT (11.577648211000053 48.093195069000046)","Unfall 192607 (2021) Kat:2, Licht: 0","192607","2","3","3","04","13","6","","0","1","0","0","0"
"POINT (11.572757548000027 48.185977262000051)","Unfall 192609 (2021) Kat:3, Licht: 0","192609","3","7","0","03","13","2","","0","0","0","1","0"
"POINT (11.502635287000032 48.121320429000036)","Unfall 192614 (2021) Kat:3, Licht: 0","192614","3","3","5","03","06","4","","0","0","1","0","1"
"POINT (11.657648237000046 48.129905411000038)","Unfall 192616 (2021) Kat:3, Licht: 0","192616","3","4","6","03","17","6","","0","0","1","1","0"
"POINT (11.579365169000027 48.135984035000035)","Unfall 192619 (2021) Kat:3, Licht: 0","192619","3","4","6","03","15","7","","0","0","1","1","0"
"POINT (11.562034887000038 48.177378929000042)","Unfall 192623 (2021) Kat:3, Licht: 0","192623","3","3","5","03","16","4","","0","1","1","0","0"
"POINT (11.585433022000075 48.175413828000046)","Unfall 192626 (2021) Kat:3, Licht: 0","192626","3","1","8","04","14","1","","0","0","1","0","0"
"POINT (11.537577712000029 48.120160411000029)","Unfall 192634 (2021) Kat:3, Licht: 0","192634","3","6","2","04","08","4","","0","1","0","0","0"
"POINT (11.559933465000029 48.139233870000055)","Unfall 192638 (2021) Kat:3, Licht: 2","192638","3","1","0","04","22","5","","2","1","0","0","0"
"POINT (11.595214247000058 48.183374807000064)","Unfall 192646 (2021) Kat:2, Licht: 1","192646","2","4","6","03","19","3","","1","1","0","1","0"
"POINT (11.560466550000058 48.168520720000060)","Unfall 192651 (2021) Kat:3, Licht: 0","192651","3","6","2","03","18","1","","0","0","0","0","0"
"POINT (11.510344028000077 48.181928813000070)","Unfall 192654 (2021) Kat:3, Licht: 0","192654","3","6","2","03","16","5","","0","0","1","0","0"
"POINT (11.480542615000047 48.090012040000033)","Unfall 192660 (2021) Kat:3, Licht: 0","192660","3","2","5","03","10","3","","0","1","1","0","0"
"POINT (11.657890828000063 48.130189781000070)","Unfall 192663 (2021) Kat:2, Licht: 0","192663","2","1","0","03","11","5","","0","1","0","0","0"
"POINT (11.597612951000031 48.133973154000046)","Unfall 192670 (2021) Kat:2, Licht: 2","192670","2","6","0","03","21","3","","2","1","0","0","0"
"POINT (11.556960310000022 48.178809372000046)","Unfall 192672 (2021) Kat:2, Licht: 2","192672","2","7","0","03","23","4","","2","1","0","0","0"
"POINT (11.599078530000043 48.110300034000034)","Unfall 192680 (2021) Kat:3, Licht: 0","192680","3","6","1","03","07","3","","0","0","1","0","0"
"POINT (11.558582646000048 48.129609517000063)","Unfall 192681 (2021) Kat:3, Licht: 2","192681","3","7","1","04","20","6","","2","1","1","0","0"
"POINT (11.560170515000038 48.137405305000073)","Unfall 192682 (2021) Kat:3, Licht: 0","192682","3","4","6","03","14","2","","0","0","1","1","0"
"POINT (11.461341636000043 48.147420691000036)","Unfall 192691 (2021) Kat:3, Licht: 0","192691","3","6","6","04","15","6","","0","0","0","1","0"
"POINT (11.523973902000023 48.109721309000065)","Unfall 192697 (2021) Kat:3, Licht: 0","192697","3","6","6","03","16","3","","0","1","0","1","0"
"POINT (11.613690589000043 48.127093025000079)","Unfall 192706 (2021) Kat:2, Licht: 2","192706","2","2","5","03","18","5","","2","1","1","0","0"
"POINT (11.533138854000072 48.153978924000057)","Unfall 192708 (2021) Kat:3, Licht: 0","192708","3","3","5","04","13","5","","0","1","1","0","0"
"POINT (11.645550392000075 48.098995152000043)","Unfall 192712 (2021) Kat:2, Licht: 1","192712","2","6","2","03","19","4","","1","0","0","0","1"
"POINT (11.555757271000061 48.186355265000032)","Unfall 192714 (2021) Kat:3, Licht: 0","192714","3","6","2","04","15","7","","0","0","1","0","0"
"POINT (11.554420771000025 48.162695010000050)","Unfall 192725 (2021) Kat:3, Licht: 0","192725","3","1","0","03","08","2","","0","1","0","0","0"
"POINT (11.559474660000035 48.087975402000041)","Unfall 192727 (2021) Kat:3, Licht: 0","192727","3","6","3","03","17","4","","0","1","1","0","0"
"POINT (11.561499256000047 48.128633851000075)","Unfall 192728 (2021) Kat:2, Licht: 0","192728","2","4","6","04","12","4","","0","1","0","1","0"
"POINT (11.536457898000037 48.146262827000044)","Unfall 192733 (2021) Kat:3, Licht: 2","192733","3","3","5","03","00","4","","2","1","1","0","0"
"POINT (11.536413062000065 48.176384592000034)","Unfall 192735 (2021) Kat:3, Licht: 0","192735","3","2","2","03","07","2","","0","0","1","0","0"
"POINT (11.577362461000064 48.132775674000072)","Unfall 192736 (2021) Kat:3, Licht: 1","192736","3","7","6","03","17","7","","1","0","0","1","0"
"POINT (11.567454804000022 48.177841437000041)","Unfall 192755 (2021) Kat:3, Licht: 0","192755","3","6","2","03","12","3","","0","0","1","0","0"
"POINT (11.581550118000052 48.159867523000059)","Unfall 192770 (2021) Kat:3, Licht: 0","192770","3","1","1","04","10","6","","0","1","1","0","0"
"POINT (11.686109109000029 48.132255482000062)","Unfall 192784 (2021) Kat:3, Licht: 2","192784","3","4","6","03","19","7","","2","0","1","1","0"
"POINT (11.521877979000067 48.175671956000031)","Unfall 192786 (2021) Kat:3, Licht: 0","192786","3","6","2","03","08","3","","0","0","1","0","0"
"POINT (11.558663387000024 48.129647518000070)","Unfall 192788 (2021) Kat:3, Licht: 0","192788","3","2","3","03","09","4","","0","1","0","0","0"
"POINT (11.452718897000068 48.151125410000077)","Unfall 192790 (2021) Kat:3, Licht: 0","192790","3","5","3","04","15","5","","0","1","1","0","0"
"POINT (11.545058555000026 48.122456391000071)","Unfall 192793 (2021) Kat:3, Licht: 2","192793","3","3","5","03","05","6","","2","0","1","0","0"
"POINT (11.577684897000040 48.162720749000073)","Unfall 192797 (2021) Kat:3, Licht: 0","192797","3","2","4","04","18","5","","0","0","1","0","0"
"POINT (11.582516785000053 48.130859078000071)","Unfall 192798 (2021) Kat:3, Licht: 0","192798","3","2","5","03","15","3","","0","1","1","0","0"
"POINT (11.502912843000047 48.131016589000069)","Unfall 192799 (2021) Kat:3, Licht: 2","192799","3","4","6","03","20","3","","2","0","1","1","0"
"POINT (11.601224788000025 48.133906752000030)","Unfall 192810 (2021) Kat:3, Licht: 0","192810","3","7","0","04","18","4","","0","0","1","1","0"
"POINT (11.507768065000050 48.148770829000057)","Unfall 192821 (2021) Kat:3, Licht: 0","192821","3","3","5","03","16","6","","0","1","1","0","0"
"POINT (11.586491499000033 48.165317916000049)","Unfall 192835 (2021) Kat:2, Licht: 2","192835","2","1","7","04","05","5","","2","1","0","0","0"
"POINT (11.562900135000064 48.159227655000052)","Unfall 192862 (2021) Kat:2, Licht: 0","192862","2","1","4","03","16","5","","0","1","1","0","0"
"POINT (11.416363643000068 48.164352178000058)","Unfall 192867 (2021) Kat:3, Licht: 0","192867","3","4","5","03","13","6","","0","1","0","1","0"
"POINT (11.581740299000046 48.105929050000043)","Unfall 192873 (2021) Kat:3, Licht: 0","192873","3","3","5","03","12","6","","0","1","1","0","0"
"POINT (11.548651095000025 48.112120699000059)","Unfall 192874 (2021) Kat:3, Licht: 2","192874","3","3","5","03","20","1","","2","0","1","0","0"
"POINT (11.534577781000053 48.147270411000079)","Unfall 192879 (2021) Kat:2, Licht: 0","192879","2","5","1","03","09","3","","0","1","1","0","0"
"POINT (11.615220548000025 48.141718472000036)","Unfall 192883 (2021) Kat:3, Licht: 0","192883","3","2","4","03","18","3","","0","1","1","0","0"
"POINT (11.596470118000070 48.187588523000045)","Unfall 192886 (2021) Kat:3, Licht: 0","192886","3","6","0","03","10","2","","0","0","1","0","0"
"POINT (11.593667397000047 48.152276467000036)","Unfall 192887 (2021) Kat:3, Licht: 0","192887","3","6","3","03","18","4","","0","1","0","0","1"
"POINT (11.481944677000058 48.180382509000026)","Unfall 192890 (2021) Kat:3, Licht: 2","192890","3","4","6","03","18","7","","2","0","1","1","0"
"POINT (11.620737521000024 48.132782149000036)","Unfall 192892 (2021) Kat:3, Licht: 0","192892","3","5","0","03","10","6","","0","1","1","0","0"
"POINT (11.477823861000047 48.118602472000077)","Unfall 192907 (2021) Kat:3, Licht: 0","192907","3","3","5","03","11","3","","0","1","1","0","0"
"POINT (11.548877044000051 48.112169056000027)","Unfall 192940 (2021) Kat:3, Licht: 0","192940","3","2","3","03","16","4","","0","1","1","0","0"
"POINT (11.429662570000062 48.173941738000053)","Unfall 192957 (2021) Kat:3, Licht: 0","192957","3","2","5","04","12","5","","0","1","1","0","0"
"POINT (11.574952021000058 48.182665714000052)","Unfall 192962 (2021) Kat:3, Licht: 0","192962","3","3","5","03","06","3","","0","0","1","0","0"
"POINT (11.528583680000054 48.214981258000080)","Unfall 192963 (2021) Kat:3, Licht: 0","192963","3","2","0","04","16","1","","0","0","1","0","1"
"POINT (11.697673855000062 48.117712545000074)","Unfall 192964 (2021) Kat:3, Licht: 1","192964","3","3","5","03","06","6","","1","1","1","0","0"
"POINT (11.567908285000044 48.100601135000034)","Unfall 192968 (2021) Kat:3, Licht: 1","192968","3","3","5","03","17","2","","1","0","1","0","0"
"POINT (11.634186788000022 48.175509106000050)","Unfall 192978 (2021) Kat:3, Licht: 0","192978","3","3","5","03","12","5","","0","1","1","0","0"
"POINT (11.548405921000040 48.120776732000081)","Unfall 192979 (2021) Kat:3, Licht: 0","192979","3","7","0","03","15","1","","0","1","0","1","0"
"POINT (11.571494059000031 48.128895472000067)","Unfall 192988 (2021) Kat:3, Licht: 0","192988","3","5","1","03","16","4","","0","1","1","0","0"
"POINT (11.583380795000039 48.138464463000048)","Unfall 192994 (2021) Kat:3, Licht: 0","192994","3","3","5","04","10","3","","0","1","0","0","0"
"POINT (11.556677431000026 48.127738966000038)","Unfall 192995 (2021) Kat:3, Licht: 0","192995","3","4","6","03","12","6","","0","1","0","1","0"
"POINT (11.455191257000024 48.166954534000070)","Unfall 192996 (2021) Kat:2, Licht: 0","192996","2","1","0","04","13","6","","0","0","0","0","1"
"POINT (11.556933120000053 48.143459228000040)","Unfall 192999 (2021) Kat:3, Licht: 0","192999","3","6","1","04","18","5","","0","0","1","0","0"
"POINT (11.588268387000028 48.143122490000053)","Unfall 193006 (2021) Kat:3, Licht: 0","193006","3","6","2","04","18","5","","0","0","1","0","0"
"POINT (11.592186570000024 48.142317085000059)","Unfall 193011 (2021) Kat:3, Licht: 0","193011","3","2","4","04","11","5","","0","0","1","0","0"
"POINT (11.533781557000054 48.113023240000075)","Unfall 193012 (2021) Kat:2, Licht: 0","193012","2","7","0","03","15","3","","0","0","0","1","0"
"POINT (11.513974451000024 48.173243177000074)","Unfall 193030 (2021) Kat:3, Licht: 0","193030","3","6","2","04","16","6","","0","0","1","0","0"
"POINT (11.502713060000076 48.180707547000054)","Unfall 193034 (2021) Kat:2, Licht: 0","193034","2","7","1","03","10","5","","0","0","1","0","1"
"POINT (11.661698172000058 48.085096271000054)","Unfall 193038 (2021) Kat:3, Licht: 0","193038","3","3","4","03","07","5","","0","1","1","0","0"
"POINT (11.541226897000058 48.150911822000069)","Unfall 193041 (2021) Kat:3, Licht: 0","193041","3","6","2","03","12","2","","0","0","1","0","0"
"POINT (11.577040733000047 48.115835769000057)","Unfall 193045 (2021) Kat:3, Licht: 0","193045","3","3","5","03","16","3","","0","1","1","0","0"
"POINT (11.503054415000065 48.136027793000039)","Unfall 193046 (2021) Kat:3, Licht: 0","193046","3","7","0","03","17","4","","0","1","0","0","0"
"POINT (11.588286968000034 48.158066948000055)","Unfall 193048 (2021) Kat:3, Licht: 0","193048","3","7","1","03","13","6","","0","1","1","0","0"
"POINT (11.564283559000046 48.201320887000065)","Unfall 193052 (2021) Kat:3, Licht: 0","193052","3","7","4","04","11","5","","0","0","1","0","1"
"POINT (11.607428215000027 48.125342476000071)","Unfall 193064 (2021) Kat:3, Licht: 1","193064","3","7","6","03","06","2","","1","0","0","1","0"
"POINT (11.525958968000054 48.102272616000050)","Unfall 193066 (2021) Kat:3, Licht: 0","193066","3","7","6","04","16","5","","0","0","0","1","0"
"POINT (11.528125110000076 48.218043585000032)","Unfall 193075 (2021) Kat:3, Licht: 2","193075","3","6","1","03","19","7","","2","0","1","0","0"
"POINT (11.519340077000038 48.150376476000076)","Unfall 193096 (2021) Kat:3, Licht: 0","193096","3","2","4","03","16","5","","0","0","1","0","0"
"POINT (11.467300074000036 48.163816527000051)","Unfall 193097 (2021) Kat:3, Licht: 2","193097","3","7","1","03","19","2","","2","1","1","0","0"
"POINT (11.609902952000027 48.092575643000032)","Unfall 193099 (2021) Kat:3, Licht: 0","193099","3","3","5","03","16","7","","0","0","1","0","0"
"POINT (11.501209921000054 48.182265297000072)","Unfall 193104 (2021) Kat:3, Licht: 0","193104","3","3","5","03","15","1","","0","0","1","0","0"
"POINT (11.480645297000024 48.155609921000064)","Unfall 193109 (2021) Kat:3, Licht: 0","193109","3","7","0","03","08","4","","0","1","0","0","0"
"POINT (11.513717933000066 48.072600052000041)","Unfall 193115 (2021) Kat:3, Licht: 0","193115","3","7","8","03","16","3","","0","1","0","0","0"
"POINT (11.575348432000055 48.138581147000082)","Unfall 193118 (2021) Kat:2, Licht: 0","193118","2","7","0","03","13","2","","0","1","0","0","0"
"POINT (11.586137141000052 48.167255293000039)","Unfall 193127 (2021) Kat:3, Licht: 0","193127","3","6","8","04","07","6","","0","1","1","0","0"
"POINT (11.574406810000028 48.139690273000042)","Unfall 193137 (2021) Kat:3, Licht: 0","193137","3","7","0","03","12","1","","0","1","0","0","0"
"POINT (11.421627831000023 48.147032932000059)","Unfall 193143 (2021) Kat:3, Licht: 0","193143","3","3","5","04","15","5","","0","0","1","0","1"
"POINT (11.510966795000058 48.142083095000032)","Unfall 193146 (2021) Kat:3, Licht: 0","193146","3","7","2","03","16","4","","0","0","1","0","1"
"POINT (11.569721943000047 48.164840868000056)","Unfall 193153 (2021) Kat:3, Licht: 0","193153","3","2","5","03","12","4","","0","1","0","0","0"
"POINT (11.561055196000041 48.137757084000043)","Unfall 193162 (2021) Kat:3, Licht: 0","193162","3","6","1","03","11","4","","0","1","1","0","0"
"POINT (11.491245274000050 48.097545026000034)","Unfall 193168 (2021) Kat:3, Licht: 0","193168","3","7","0","03","16","6","","0","1","0","0","0"
"POINT (11.637190139000040 48.093449595000038)","Unfall 193171 (2021) Kat:3, Licht: 0","193171","3","3","5","03","09","7","","0","1","1","0","0"
"POINT (11.588234282000030 48.168342818000042)","Unfall 193192 (2021) Kat:3, Licht: 0","193192","3","4","1","03","16","3","","0","0","1","1","0"
"POINT (11.508607877000031 48.098177344000078)","Unfall 193196 (2021) Kat:3, Licht: 0","193196","3","3","5","03","16","5","","0","1","1","0","0"
"POINT (11.528823676000059 48.210139844000025)","Unfall 193198 (2021) Kat:3, Licht: 0","193198","3","6","2","04","15","5","","0","0","1","0","0"
"POINT (11.581274241000074 48.150077158000045)","Unfall 193218 (2021) Kat:2, Licht: 0","193218","2","2","5","03","14","6","","0","1","1","0","0"
"POINT (11.543265460000043 48.213912787000027)","Unfall 193221 (2021) Kat:2, Licht: 0","193221","2","4","6","03","17","7","","0","0","1","1","0"
"POINT (11.558003302000031 48.129339690000052)","Unfall 193226 (2021) Kat:2, Licht: 0","193226","2","1","0","03","12","3","","0","0","0","0","1"
"POINT (11.558861861000025 48.100162519000037)","Unfall 193228 (2021) Kat:3, Licht: 0","193228","3","2","4","03","07","6","","0","1","1","0","0"
"POINT (11.511370997000029 48.153256591000059)","Unfall 193235 (2021) Kat:3, Licht: 0","193235","3","7","1","04","12","4","","0","0","1","0","1"
"POINT (11.628850615000033 48.160467094000069)","Unfall 193243 (2021) Kat:3, Licht: 0","193243","3","2","5","04","11","7","","0","1","1","0","0"
"POINT (11.552545923000025 48.155318158000057)","Unfall 193252 (2021) Kat:3, Licht: 0","193252","3","3","5","04","14","3","","0","1","0","0","0"
"POINT (11.582263312000066 48.150393005000069)","Unfall 193253 (2021) Kat:3, Licht: 1","193253","3","6","3","04","20","6","","1","1","0","0","0"
"POINT (11.627766131000044 48.143408752000028)","Unfall 193254 (2021) Kat:2, Licht: 0","193254","2","7","6","04","15","2","","0","0","0","1","0"