WKT,Name,OBJECTID,UKATEGORIE,UTYP1,UART,UMONAT,USTUNDE,UWOCHENTAG,STRZUSTAND,ULICHTVERH,ISTRAD,ISTPKW,ISTFUSS,ISTKRAD
"POINT (11.602654051000059 48.180102611000052)","Unfall 193257 (2021) Kat:3, Licht: 0","193257","3","7","1","05","16","2","","0","0","1","0","1"
"POINT (11.564390552000077 48.124195734000068)","Unfall 193260 (2021) Kat:3, Licht: 0","193260","3","6","3","04","19","4","","0","1","1","0","0"
"POINT (11.560407463000047 48.152213162000066)","Unfall 193265 (2021) Kat:3, Licht: 0","193265","3","1","0","04","17","7","","0","0","0","0","1"
"POINT (11.570337749000032 48.131803825000077)","Unfall 193267 (2021) Kat:3, Licht: 0","193267","3","3","5","04","07","7","","0","1","1","0","0"
"POINT (11.548297552000065 48.112122579000072)","Unfall 193282 (2021) Kat:3, Licht: 0","193282","3","4","6","04","17","5","","0","0","1","1","0"
"POINT (11.503125453000052 48.139714770000069)","Unfall 193285 (2021) Kat:3, Licht: 0","193285","3","4","6","04","14","6","","0","0","0","1","0"
"POINT (11.586037965000060 48.171504459000062)","Unfall 193293 (2021) Kat:3, Licht: 0","193293","3","7","0","04","10","2","","0","0","0","0","0"
"POINT (11.561513571000035 48.146875345000069)","Unfall 193295 (2021) Kat:2, Licht: 1","193295","2","2","5","04","19","5","","1","1","1","0","0"
"POINT (11.593431582000051 48.133430279000038)","Unfall 193297 (2021) Kat:3, Licht: 0","193297","3","1","0","04","12","6","","0","1","0","0","0"
"POINT (11.554167436000057 48.148337584000046)","Unfall 193310 (2021) Kat:3, Licht: 0","193310","3","2","3","04","13","7","","0","0","1","0","0"
"POINT (11.629196983000043 48.112273035000044)","Unfall 193318 (2021) Kat:3, Licht: 0","193318","3","3","5","04","11","5","","0","1","1","0","0"
"POINT (11.563743571000032 48.162178577000077)","Unfall 193330 (2021) Kat:3, Licht: 0","193330","3","1","8","04","08","4","","0","1","0","0","0"
"POINT (11.576142930000060 48.155842651000057)","Unfall 193331 (2021) Kat:2, Licht: 0","193331","2","3","5","04","15","5","","0","1","1","0","0"
"POINT (11.576164661000064 48.160236245000078)","Unfall 193335 (2021) Kat:3, Licht: 0","193335","3","6","1","04","18","6","","0","1","1","0","0"
"POINT (11.589228917000071 48.131371346000037)","Unfall 193339 (2021) Kat:2, Licht: 2","193339","2","7","7","04","23","4","","2","1","0","1","0"
"POINT (11.502593577000027 48.125501962000044)","Unfall 193341 (2021) Kat:3, Licht: 0","193341","3","7","1","04","09","4","","0","1","1","0","0"
"POINT (11.553260820000048 48.139102178000030)","Unfall 193344 (2021) Kat:3, Licht: 0","193344","3","6","3","04","17","7","","0","0","1","0","1"
"POINT (11.701792785000066 48.117093622000027)","Unfall 193346 (2021) Kat:3, Licht: 0","193346","3","2","2","04","17","7","","0","1","0","0","0"
"POINT (11.558569282000065 48.134444036000048)","Unfall 193352 (2021) Kat:2, Licht: 0","193352","2","2","6","04","15","4","","0","0","1","1","0"
"POINT (11.567037939000045 48.133505631000048)","Unfall 193354 (2021) Kat:3, Licht: 0","193354","3","4","6","04","13","4","","0","1","0","1","0"
"POINT (11.566650426000024 48.159315261000074)","Unfall 193355 (2021) Kat:3, Licht: 0","193355","3","2","4","04","13","7","","0","1","1","0","0"
"POINT (11.497093786000050 48.199273654000081)","Unfall 193362 (2021) Kat:3, Licht: 0","193362","3","3","5","04","09","2","","0","1","0","0","0"
"POINT (11.574601609000069 48.163440999000045)","Unfall 193364 (2021) Kat:3, Licht: 0","193364","3","6","5","04","18","3","","0","1","0","0","0"
"POINT (11.561886662000063 48.172603496000079)","Unfall 193373 (2021) Kat:3, Licht: 0","193373","3","6","2","04","18","1","","0","0","1","0","0"
"POINT (11.574996798000029 48.157600674000037)","Unfall 193379 (2021) Kat:2, Licht: 2","193379","2","1","4","04","21","6","","2","0","1","0","1"
"POINT (11.545400698000037 48.134534284000040)","Unfall 193381 (2021) Kat:3, Licht: 0","193381","3","2","0","04","14","6","","0","0","0","0","0"
"POINT (11.654634107000049 48.109090193000043)","Unfall 193386 (2021) Kat:3, Licht: 0","193386","3","3","0","04","07","3","","0","1","0","0","0"
"POINT (11.547824020000064 48.126654352000060)","Unfall 193394 (2021) Kat:3, Licht: 0","193394","3","2","5","04","19","7","","0","0","1","0","0"
"POINT (11.644763864000026 48.148756329000037)","Unfall 193397 (2021) Kat:3, Licht: 0","193397","3","7","0","04","10","2","","0","1","0","0","0"
"POINT (11.566969056000062 48.175353932000064)","Unfall 193399 (2021) Kat:2, Licht: 0","193399","2","7","6","04","07","5","","0","0","1","1","0"
"POINT (11.534296182000048 48.193311272000074)","Unfall 193402 (2021) Kat:2, Licht: 0","193402","2","2","2","04","16","5","","0","1","1","0","0"
"POINT (11.578799057000026 48.160056975000032)","Unfall 193406 (2021) Kat:3, Licht: 0","193406","3","5","0","04","17","6","","0","1","1","0","0"
"POINT (11.553253950000055 48.136353876000044)","Unfall 193425 (2021) Kat:3, Licht: 0","193425","3","3","5","04","17","6","","0","1","1","0","0"
"POINT (11.574960337000050 48.139558867000062)","Unfall 193426 (2021) Kat:3, Licht: 0","193426","3","7","0","04","18","2","","0","0","0","0","0"
"POINT (11.557083105000061 48.116812758000037)","Unfall 193427 (2021) Kat:2, Licht: 0","193427","2","6","7","04","15","6","","0","0","1","0","0"
"POINT (11.458436097000060 48.189114537000080)","Unfall 193447 (2021) Kat:2, Licht: 0","193447","2","6","3","04","19","5","","0","1","1","0","0"
"POINT (11.659029892000035 48.102207800000031)","Unfall 193448 (2021) Kat:2, Licht: 0","193448","2","3","5","04","16","3","","0","0","1","0","0"
"POINT (11.576253587000053 48.133179147000078)","Unfall 193449 (2021) Kat:3, Licht: 1","193449","3","1","0","04","20","6","","1","0","0","0","0"
"POINT (11.525145602000066 48.095233569000072)","Unfall 193453 (2021) Kat:3, Licht: 0","193453","3","3","6","05","15","2","","0","0","1","1","0"
"POINT (11.588172444000065 48.154337984000051)","Unfall 193454 (2021) Kat:3, Licht: 0","193454","3","5","0","04","15","1","","0","1","1","0","0"
"POINT (11.587452960000064 48.172356279000041)","Unfall 193462 (2021) Kat:3, Licht: 0","193462","3","1","0","04","16","7","","0","1","0","0","0"
"POINT (11.597783696000022 48.123058296000067)","Unfall 193463 (2021) Kat:3, Licht: 0","193463","3","1","0","04","15","6","","0","1","0","0","0"
"POINT (11.585460231000070 48.175275832000068)","Unfall 193464 (2021) Kat:3, Licht: 0","193464","3","5","1","05","12","2","","0","1","1","0","0"
"POINT (11.602465786000039 48.135801657000059)","Unfall 193469 (2021) Kat:3, Licht: 0","193469","3","2","3","04","12","2","","0","1","1","0","0"
"POINT (11.592186570000024 48.142317085000059)","Unfall 193485 (2021) Kat:3, Licht: 0","193485","3","3","5","04","11","3","","0","0","1","0","0"
"POINT (11.555940398000075 48.138562027000035)","Unfall 193493 (2021) Kat:2, Licht: 0","193493","2","6","1","04","14","2","","0","1","0","0","0"
"POINT (11.502400836000049 48.112226954000050)","Unfall 193496 (2021) Kat:3, Licht: 0","193496","3","2","4","04","18","3","","0","1","1","0","0"
"POINT (11.596435715000041 48.150139093000064)","Unfall 193497 (2021) Kat:3, Licht: 0","193497","3","1","0","04","15","6","","0","1","0","0","0"
"POINT (11.554591206000055 48.146581344000026)","Unfall 193499 (2021) Kat:3, Licht: 0","193499","3","3","5","04","15","6","","0","0","1","0","0"
"POINT (11.624788868000053 48.120818366000037)","Unfall 193518 (2021) Kat:3, Licht: 0","193518","3","4","6","04","17","3","","0","0","1","1","0"
"POINT (11.509827290000032 48.137523701000077)","Unfall 193525 (2021) Kat:3, Licht: 0","193525","3","2","5","04","16","2","","0","1","1","0","0"
"POINT (11.656955542000048 48.096059413000035)","Unfall 193528 (2021) Kat:3, Licht: 0","193528","3","3","5","04","12","5","","0","0","1","0","0"
"POINT (11.610027711000043 48.148503714000071)","Unfall 193529 (2021) Kat:3, Licht: 0","193529","3","3","5","04","16","2","","0","0","1","0","0"
"POINT (11.575469998000074 48.138725025000042)","Unfall 193532 (2021) Kat:3, Licht: 0","193532","3","7","6","04","12","3","","0","0","0","1","0"
"POINT (11.457025737000038 48.190089245000081)","Unfall 193536 (2021) Kat:3, Licht: 0","193536","3","5","1","04","11","3","","0","1","1","0","0"
"POINT (11.502834522000057 48.127669901000047)","Unfall 193546 (2021) Kat:2, Licht: 0","193546","2","6","2","04","10","5","","0","0","1","0","0"
"POINT (11.548532763000026 48.122252904000050)","Unfall 193548 (2021) Kat:3, Licht: 0","193548","3","3","5","04","16","6","","0","1","1","0","0"
"POINT (11.511668170000064 48.135130805000074)","Unfall 193555 (2021) Kat:3, Licht: 0","193555","3","6","2","04","14","3","","0","1","0","0","0"
"POINT (11.593452675000037 48.142050893000032)","Unfall 193559 (2021) Kat:3, Licht: 2","193559","3","3","5","04","21","6","","2","1","1","0","0"
"POINT (11.597101703000021 48.131600723000076)","Unfall 193569 (2021) Kat:3, Licht: 0","193569","3","1","0","04","17","5","","0","1","0","0","0"
"POINT (11.649833277000027 48.109067111000059)","Unfall 193580 (2021) Kat:3, Licht: 2","193580","3","2","4","04","20","1","","2","0","1","0","0"
"POINT (11.594226015000061 48.111404043000050)","Unfall 193584 (2021) Kat:3, Licht: 0","193584","3","4","0","04","14","3","","0","1","1","1","0"
"POINT (11.549259500000062 48.170073957000056)","Unfall 193585 (2021) Kat:3, Licht: 0","193585","3","6","6","04","16","6","","0","1","0","1","0"
"POINT (11.530192206000038 48.119781908000050)","Unfall 193586 (2021) Kat:3, Licht: 0","193586","3","3","5","04","11","1","","0","0","1","0","0"
"POINT (11.512175654000032 48.181287345000044)","Unfall 193591 (2021) Kat:3, Licht: 0","193591","3","5","6","04","15","4","","0","0","1","1","0"
"POINT (11.585697826000057 48.132990160000077)","Unfall 193612 (2021) Kat:3, Licht: 0","193612","3","4","6","04","18","7","","0","1","0","1","0"
"POINT (11.512565226000049 48.186435750000044)","Unfall 193618 (2021) Kat:3, Licht: 0","193618","3","6","0","04","15","5","","0","1","0","1","0"
"POINT (11.567167372000029 48.133542147000071)","Unfall 193624 (2021) Kat:3, Licht: 0","193624","3","7","8","04","11","2","","0","1","0","0","0"
"POINT (11.564085942000077 48.201382925000075)","Unfall 193633 (2021) Kat:3, Licht: 0","193633","3","6","3","04","12","6","","0","1","0","0","0"
"POINT (11.581740299000046 48.105929050000043)","Unfall 193641 (2021) Kat:3, Licht: 0","193641","3","3","5","04","16","5","","0","1","1","0","0"
"POINT (11.647553611000035 48.112822092000044)","Unfall 193645 (2021) Kat:3, Licht: 0","193645","3","3","1","05","16","1","","0","0","1","0","0"
"POINT (11.513516232000029 48.097953882000070)","Unfall 193648 (2021) Kat:3, Licht: 0","193648","3","3","5","04","17","2","","0","1","1","0","0"
"POINT (11.526053281000031 48.114360261000058)","Unfall 193649 (2021) Kat:3, Licht: 0","193649","3","2","4","04","08","4","","0","0","1","0","0"
"POINT (11.674532727000042 48.125654761000078)","Unfall 193650 (2021) Kat:3, Licht: 0","193650","3","5","1","04","19","5","","0","0","1","0","1"
"POINT (11.613032505000035 48.149186398000040)","Unfall 193651 (2021) Kat:3, Licht: 0","193651","3","2","4","04","16","3","","0","0","1","0","0"
"POINT (11.605047054000067 48.135543067000071)","Unfall 193652 (2021) Kat:2, Licht: 0","193652","2","7","0","04","08","6","","0","0","0","0","0"
"POINT (11.502978540000072 48.125548847000061)","Unfall 193655 (2021) Kat:3, Licht: 0","193655","3","3","5","04","12","7","","0","0","1","0","0"
"POINT (11.533639912000069 48.114514929000052)","Unfall 193665 (2021) Kat:3, Licht: 0","193665","3","3","5","04","18","2","","0","0","1","0","1"
"POINT (11.475297672000067 48.120671351000055)","Unfall 193673 (2021) Kat:3, Licht: 1","193673","3","6","0","04","20","4","","1","1","1","0","0"
"POINT (11.601488127000039 48.103769318000047)","Unfall 193678 (2021) Kat:3, Licht: 0","193678","3","2","0","04","09","7","","0","1","0","0","0"
"POINT (11.585046959000067 48.210591524000051)","Unfall 193683 (2021) Kat:3, Licht: 0","193683","3","7","5","04","15","3","","0","0","1","0","0"
"POINT (11.605005046000031 48.142359789000068)","Unfall 193686 (2021) Kat:3, Licht: 0","193686","3","2","0","04","09","6","","0","1","1","0","0"
"POINT (11.566673709000042 48.159389353000051)","Unfall 193689 (2021) Kat:3, Licht: 0","193689","3","2","5","05","19","1","","0","0","1","0","0"
"POINT (11.537825240000075 48.165864152000040)","Unfall 193693 (2021) Kat:3, Licht: 0","193693","3","7","0","04","19","5","","0","1","0","0","0"
"POINT (11.602131557000064 48.123868032000075)","Unfall 193695 (2021) Kat:3, Licht: 0","193695","3","6","2","04","15","3","","0","0","1","0","1"
"POINT (11.538978293000071 48.116903646000026)","Unfall 193698 (2021) Kat:2, Licht: 0","193698","2","6","2","04","07","6","","0","0","1","0","1"
"POINT (11.544263019000027 48.157656165000049)","Unfall 193700 (2021) Kat:3, Licht: 0","193700","3","4","6","05","16","2","","0","0","1","1","0"
"POINT (11.575308799000027 48.141373315000067)","Unfall 193706 (2021) Kat:3, Licht: 0","193706","3","4","6","04","10","4","","0","0","0","1","0"
"POINT (11.607417340000040 48.135672180000029)","Unfall 193709 (2021) Kat:3, Licht: 0","193709","3","2","3","04","14","7","","0","0","1","0","1"
"POINT (11.435563439000077 48.150684035000040)","Unfall 193718 (2021) Kat:3, Licht: 0","193718","3","2","5","04","08","4","","0","0","1","0","1"
"POINT (11.575375307000058 48.142978958000072)","Unfall 193724 (2021) Kat:3, Licht: 0","193724","3","2","6","04","12","7","","0","0","1","1","0"
"POINT (11.608145363000062 48.148452286000065)","Unfall 193729 (2021) Kat:3, Licht: 0","193729","3","3","5","04","12","2","","0","1","1","0","0"
"POINT (11.603969129000063 48.146725712000034)","Unfall 193731 (2021) Kat:3, Licht: 0","193731","3","7","1","04","12","3","","0","0","1","0","0"
"POINT (11.581230902000073 48.166241438000043)","Unfall 193739 (2021) Kat:3, Licht: 1","193739","3","3","5","05","20","1","","1","1","1","0","0"
"POINT (11.523524073000033 48.136425481000060)","Unfall 193744 (2021) Kat:3, Licht: 0","193744","3","3","5","04","17","4","","0","1","1","0","0"
"POINT (11.605240911000067 48.139679962000059)","Unfall 193751 (2021) Kat:3, Licht: 0","193751","3","6","3","05","08","2","","0","1","1","0","0"
"POINT (11.497250406000035 48.142742603000045)","Unfall 193757 (2021) Kat:2, Licht: 0","193757","2","7","3","04","14","4","","0","1","1","0","0"
"POINT (11.594694372000049 48.182764512000062)","Unfall 193758 (2021) Kat:3, Licht: 0","193758","3","7","4","04","19","7","","0","1","1","0","0"
"POINT (11.593831742000077 48.140397510000071)","Unfall 193760 (2021) Kat:2, Licht: 0","193760","2","7","0","04","08","5","","0","1","0","0","0"
"POINT (11.560066382000059 48.152063626000029)","Unfall 193763 (2021) Kat:3, Licht: 2","193763","3","7","0","04","22","7","","2","1","0","0","0"
"POINT (11.571316552000042 48.116507531000082)","Unfall 193769 (2021) Kat:3, Licht: 0","193769","3","7","6","04","13","5","","0","0","1","1","0"
"POINT (11.658040903000028 48.149735974000066)","Unfall 193774 (2021) Kat:2, Licht: 0","193774","2","7","0","04","14","2","","0","0","0","0","0"
"POINT (11.585207004000040 48.134343174000037)","Unfall 193780 (2021) Kat:2, Licht: 0","193780","2","3","5","04","16","2","","0","0","1","0","1"
"POINT (11.551626650000060 48.137511125000060)","Unfall 193782 (2021) Kat:3, Licht: 0","193782","3","3","5","04","09","3","","0","1","0","0","0"
"POINT (11.604742139000052 48.128745613000035)","Unfall 193794 (2021) Kat:3, Licht: 0","193794","3","4","6","04","11","5","","0","0","1","1","0"
"POINT (11.502642626000068 48.121689759000049)","Unfall 193796 (2021) Kat:3, Licht: 0","193796","3","7","2","04","12","3","","0","0","1","0","0"
"POINT (11.640813733000073 48.118395494000026)","Unfall 193802 (2021) Kat:3, Licht: 0","193802","3","3","0","04","16","1","","0","1","1","0","0"
"POINT (11.552599491000024 48.148655560000066)","Unfall 193810 (2021) Kat:3, Licht: 2","193810","3","6","6","04","20","6","","2","1","0","1","0"
"POINT (11.534883888000024 48.138107158000025)","Unfall 193811 (2021) Kat:3, Licht: 1","193811","3","3","5","04","19","7","","1","1","1","0","0"
"POINT (11.578905374000044 48.099836126000071)","Unfall 193812 (2021) Kat:3, Licht: 0","193812","3","4","6","05","16","1","","0","0","1","1","0"
"POINT (11.653736271000071 48.156932661000042)","Unfall 193813 (2021) Kat:3, Licht: 0","193813","3","7","0","04","14","2","","0","1","0","0","0"
"POINT (11.563970797000025 48.150720978000038)","Unfall 193815 (2021) Kat:3, Licht: 2","193815","3","3","5","04","21","5","","2","1","1","0","0"
"POINT (11.572175565000066 48.178970982000067)","Unfall 193816 (2021) Kat:3, Licht: 0","193816","3","3","5","04","08","2","","0","0","1","0","0"
"POINT (11.605342725000071 48.129144110000027)","Unfall 193820 (2021) Kat:3, Licht: 0","193820","3","7","0","04","06","6","","0","0","0","0","0"
"POINT (11.578997949000041 48.126876149000054)","Unfall 193821 (2021) Kat:3, Licht: 0","193821","3","3","0","04","18","2","","0","0","1","0","1"
"POINT (11.627099254000029 48.126771846000054)","Unfall 193833 (2021) Kat:3, Licht: 0","193833","3","1","0","04","19","6","","0","1","0","0","0"
"POINT (11.628947940000046 48.101216692000037)","Unfall 193836 (2021) Kat:2, Licht: 0","193836","2","1","0","04","12","1","","0","1","0","0","0"
"POINT (11.567335143000037 48.178644716000065)","Unfall 193841 (2021) Kat:3, Licht: 0","193841","3","2","4","04","16","6","","0","1","1","0","0"
"POINT (11.578151128000059 48.167706555000052)","Unfall 193842 (2021) Kat:3, Licht: 0","193842","3","6","2","04","12","2","","0","1","0","0","0"
"POINT (11.553350160000036 48.186040557000069)","Unfall 193847 (2021) Kat:3, Licht: 0","193847","3","7","0","04","12","3","","0","0","0","0","0"
"POINT (11.616157004000058 48.124625778000052)","Unfall 193864 (2021) Kat:3, Licht: 0","193864","3","7","6","04","16","6","","0","0","1","1","0"
"POINT (11.563098327000034 48.141523434000078)","Unfall 193865 (2021) Kat:3, Licht: 0","193865","3","5","3","04","09","2","","0","1","0","0","0"
"POINT (11.588721391000036 48.139080404000026)","Unfall 193871 (2021) Kat:3, Licht: 0","193871","3","1","0","04","10","3","","0","1","1","0","0"
"POINT (11.586849469000072 48.201097281000045)","Unfall 193875 (2021) Kat:3, Licht: 2","193875","3","2","5","04","20","7","","2","1","1","0","0"
"POINT (11.553448792000040 48.112325182000063)","Unfall 193877 (2021) Kat:3, Licht: 0","193877","3","7","0","04","16","7","","0","1","0","0","0"
"POINT (11.644803866000075 48.131041061000076)","Unfall 193878 (2021) Kat:3, Licht: 0","193878","3","3","5","05","11","2","","0","0","1","0","0"
"POINT (11.519115216000046 48.094628446000058)","Unfall 193882 (2021) Kat:3, Licht: 0","193882","3","3","5","04","16","2","","0","1","1","0","0"
"POINT (11.561854457000038 48.125110907000078)","Unfall 193888 (2021) Kat:3, Licht: 0","193888","3","2","2","04","16","2","","0","0","1","0","0"
"POINT (11.557741784000029 48.147778548000076)","Unfall 193896 (2021) Kat:3, Licht: 0","193896","3","1","0","04","18","3","","0","1","0","0","0"
"POINT (11.565472726000053 48.148322323000059)","Unfall 193908 (2021) Kat:3, Licht: 0","193908","3","3","5","04","09","3","","0","1","1","0","0"
"POINT (11.610146279000048 48.101363806000052)","Unfall 193909 (2021) Kat:3, Licht: 0","193909","3","2","5","04","10","6","","0","0","1","0","1"
"POINT (11.645351860000062 48.106872879000036)","Unfall 193911 (2021) Kat:3, Licht: 0","193911","3","7","6","04","14","6","","0","0","1","1","0"
"POINT (11.470714348000058 48.186271593000072)","Unfall 193914 (2021) Kat:3, Licht: 0","193914","3","6","4","05","12","2","","0","1","0","0","0"
"POINT (11.518336090000048 48.140079235000030)","Unfall 193919 (2021) Kat:3, Licht: 0","193919","3","2","4","04","16","4","","0","0","1","0","1"
"POINT (11.521226115000047 48.094951563000052)","Unfall 193925 (2021) Kat:3, Licht: 0","193925","3","3","5","04","16","7","","0","1","1","0","0"
"POINT (11.573256807000064 48.116305076000060)","Unfall 193928 (2021) Kat:3, Licht: 0","193928","3","3","5","04","14","2","","0","1","1","0","0"
"POINT (11.507949949000022 48.097429810000051)","Unfall 193936 (2021) Kat:3, Licht: 0","193936","3","4","6","04","09","2","","0","0","1","1","0"
"POINT (11.622512383000071 48.148567179000054)","Unfall 193938 (2021) Kat:3, Licht: 0","193938","3","3","5","04","11","6","","0","1","1","0","0"
"POINT (11.516364002000046 48.180892208000046)","Unfall 193943 (2021) Kat:3, Licht: 0","193943","3","5","1","04","12","4","","0","0","1","0","1"
"POINT (11.556890309000039 48.095679407000034)","Unfall 193946 (2021) Kat:2, Licht: 0","193946","2","1","4","04","18","6","","0","1","1","0","0"
"POINT (11.605054516000052 48.133364994000033)","Unfall 193957 (2021) Kat:3, Licht: 0","193957","3","4","6","04","15","5","","0","0","1","1","0"
"POINT (11.511624487000063 48.180982857000060)","Unfall 193958 (2021) Kat:3, Licht: 0","193958","3","3","4","04","13","5","","0","1","1","0","0"
"POINT (11.523916899000028 48.085652554000035)","Unfall 193965 (2021) Kat:3, Licht: 0","193965","3","7","0","04","16","3","","0","1","0","0","0"
"POINT (11.577065107000067 48.117454790000068)","Unfall 193968 (2021) Kat:3, Licht: 0","193968","3","1","0","04","13","4","","0","1","0","0","0"
"POINT (11.530652323000027 48.171248872000035)","Unfall 193969 (2021) Kat:3, Licht: 0","193969","3","6","0","04","16","6","","0","0","0","0","1"
"POINT (11.521684379000021 48.162309811000057)","Unfall 193971 (2021) Kat:2, Licht: 1","193971","2","4","6","04","19","7","","1","1","0","1","0"
"POINT (11.567539309000040 48.123228583000071)","Unfall 193972 (2021) Kat:3, Licht: 1","193972","3","1","0","04","06","6","","1","0","0","0","0"
"POINT (11.502952772000071 48.135422290000065)","Unfall 193973 (2021) Kat:3, Licht: 0","193973","3","4","6","04","15","7","","0","0","1","1","0"
"POINT (11.512063636000050 48.135116855000035)","Unfall 193976 (2021) Kat:3, Licht: 0","193976","3","2","5","04","07","2","","0","0","1","0","1"
"POINT (11.565343860000041 48.123898441000051)","Unfall 193987 (2021) Kat:3, Licht: 0","193987","3","2","5","04","18","1","","0","1","1","0","0"
"POINT (11.502471867000054 48.120165815000064)","Unfall 193989 (2021) Kat:2, Licht: 0","193989","2","2","4","04","12","1","","0","0","1","0","1"
"POINT (11.622681602000057 48.100898179000069)","Unfall 193992 (2021) Kat:3, Licht: 0","193992","3","7","0","04","16","3","","0","0","0","1","1"
"POINT (11.599980673000061 48.203151299000069)","Unfall 193999 (2021) Kat:3, Licht: 0","193999","3","3","5","04","17","4","","0","0","1","0","0"
"POINT (11.575731033000068 48.155082448000030)","Unfall 194000 (2021) Kat:3, Licht: 0","194000","3","5","1","04","18","4","","0","1","1","0","0"
"POINT (11.566766861000076 48.140273956000044)","Unfall 194005 (2021) Kat:3, Licht: 0","194005","3","6","1","04","16","7","","0","0","1","0","1"
"POINT (11.577653125000040 48.170125720000044)","Unfall 194008 (2021) Kat:3, Licht: 2","194008","3","6","5","05","21","7","","2","0","1","1","0"
"POINT (11.584878843000070 48.139144879000071)","Unfall 194013 (2021) Kat:3, Licht: 0","194013","3","6","3","04","11","4","","0","1","0","0","0"
"POINT (11.561540596000043 48.160003509000035)","Unfall 194016 (2021) Kat:3, Licht: 0","194016","3","7","0","04","15","7","","0","0","0","0","1"
"POINT (11.568795870000031 48.116093106000051)","Unfall 194021 (2021) Kat:3, Licht: 0","194021","3","4","6","04","17","2","","0","0","1","1","0"
"POINT (11.587304273000029 48.135718562000079)","Unfall 194031 (2021) Kat:3, Licht: 2","194031","3","1","0","04","21","1","","2","1","0","0","0"
"POINT (11.483024023000041 48.141528329000039)","Unfall 194037 (2021) Kat:3, Licht: 0","194037","3","2","3","04","09","6","","0","1","1","0","0"
"POINT (11.529430217000026 48.152214062000041)","Unfall 194043 (2021) Kat:3, Licht: 0","194043","3","2","0","04","08","4","","0","0","1","0","0"
"POINT (11.576916255000071 48.116486759000054)","Unfall 194055 (2021) Kat:3, Licht: 2","194055","3","1","0","04","22","2","","2","0","1","0","0"
"POINT (11.563470513000027 48.160806108000031)","Unfall 194064 (2021) Kat:3, Licht: 0","194064","3","6","4","04","17","1","","0","1","0","0","0"
"POINT (11.456813072000045 48.165286051000066)","Unfall 194070 (2021) Kat:3, Licht: 0","194070","3","6","2","04","15","5","","0","0","1","0","0"
"POINT (11.568779045000042 48.137567196000077)","Unfall 194084 (2021) Kat:3, Licht: 0","194084","3","5","1","04","14","6","","0","1","1","0","0"
"POINT (11.621917343000064 48.127969523000047)","Unfall 194086 (2021) Kat:3, Licht: 0","194086","3","7","6","05","15","2","","0","0","0","1","0"
"POINT (11.503395705000059 48.135417035000046)","Unfall 194095 (2021) Kat:3, Licht: 0","194095","3","6","3","04","19","6","","0","0","1","0","0"
"POINT (11.569215366000037 48.121694486000081)","Unfall 194102 (2021) Kat:3, Licht: 0","194102","3","2","5","04","16","2","","0","1","1","0","0"
"POINT (11.466685443000074 48.168176494000079)","Unfall 194117 (2021) Kat:3, Licht: 0","194117","3","7","0","04","18","6","","0","1","0","0","0"
"POINT (11.511764892000031 48.133545825000056)","Unfall 194124 (2021) Kat:2, Licht: 0","194124","2","4","6","04","11","2","","0","0","1","1","0"
"POINT (11.463257562000024 48.146580350000079)","Unfall 194126 (2021) Kat:3, Licht: 0","194126","3","5","0","04","08","3","","0","1","0","0","0"
"POINT (11.608970685000031 48.118057181000040)","Unfall 194127 (2021) Kat:3, Licht: 0","194127","3","3","5","04","14","5","","0","1","1","0","0"
"POINT (11.499682013000040 48.135482476000050)","Unfall 194146 (2021) Kat:3, Licht: 0","194146","3","1","6","04","15","3","","0","0","1","1","0"
"POINT (11.566870438000024 48.123415486000056)","Unfall 194154 (2021) Kat:3, Licht: 0","194154","3","7","0","04","10","1","","0","1","0","0","0"
"POINT (11.586040483000033 48.171479240000053)","Unfall 194158 (2021) Kat:2, Licht: 0","194158","2","1","0","04","15","6","","0","0","0","0","0"
"POINT (11.563180840000030 48.131617060000053)","Unfall 194162 (2021) Kat:3, Licht: 0","194162","3","2","3","05","12","2","","0","1","1","0","0"
"POINT (11.479022922000070 48.145193977000076)","Unfall 194167 (2021) Kat:3, Licht: 0","194167","3","2","6","04","18","4","","0","0","1","1","0"
"POINT (11.529525337000052 48.176472023000031)","Unfall 194168 (2021) Kat:3, Licht: 0","194168","3","6","1","04","15","7","","0","0","1","0","0"
"POINT (11.596828443000049 48.102602893000039)","Unfall 194170 (2021) Kat:3, Licht: 0","194170","3","6","2","04","18","5","","0","0","1","0","0"
"POINT (11.564328698000054 48.200993141000026)","Unfall 194183 (2021) Kat:3, Licht: 0","194183","3","6","2","04","16","3","","0","0","1","0","0"
"POINT (11.626495913000042 48.131559012000025)","Unfall 194185 (2021) Kat:3, Licht: 0","194185","3","2","0","04","14","2","","0","0","1","0","0"
"POINT (11.413265135000074 48.160584852000056)","Unfall 194188 (2021) Kat:3, Licht: 1","194188","3","6","0","04","19","1","","1","0","1","0","1"
"POINT (11.531643269000028 48.152627108000047)","Unfall 194201 (2021) Kat:3, Licht: 0","194201","3","2","3","04","10","6","","0","1","0","0","0"
"POINT (11.563303584000039 48.186997178000070)","Unfall 194206 (2021) Kat:3, Licht: 0","194206","3","6","3","04","15","5","","0","0","0","1","0"
"POINT (11.502573603000030 48.123577015000080)","Unfall 194207 (2021) Kat:3, Licht: 0","194207","3","7","2","04","13","5","","0","0","1","0","0"