WKT,Name,OBJECTID,UKATEGORIE,UTYP1,UART,UMONAT,USTUNDE,UWOCHENTAG,STRZUSTAND,ULICHTVERH,ISTRAD,ISTPKW,ISTFUSS,ISTKRAD
"POINT (11.579413478000049 48.146838783000078)","Unfall 194210 (2021) Kat:3, Licht: 0","194210","3","7","0","04","10","1","","0","1","0","0","0"
"POINT (11.548381882000058 48.120482305000053)","Unfall 194226 (2021) Kat:3, Licht: 0","194226","3","6","8","05","15","1","","0","0","1","0","0"
"POINT (11.504052567000031 48.175673323000069)","Unfall 194234 (2021) Kat:2, Licht: 0","194234","2","3","5","04","10","6","","0","1","1","0","0"
"POINT (11.472009592000063 48.136941177000040)","Unfall 194235 (2021) Kat:2, Licht: 0","194235","2","7","0","04","13","2","","0","1","0","0","0"
"POINT (11.579059447000077 48.131213968000054)","Unfall 194261 (2021) Kat:3, Licht: 0","194261","3","5","1","05","20","1","","0","0","1","0","1"
"POINT (11.578600207000022 48.110441132000062)","Unfall 194265 (2021) Kat:3, Licht: 0","194265","3","3","6","05","17","6","","0","0","1","1","0"
"POINT (11.513704123000025 48.137486667000076)","Unfall 194266 (2021) Kat:2, Licht: 0","194266","2","2","3","05","19","5","","0","0","1","0","0"
"POINT (11.502919882000072 48.091677517000051)","Unfall 194274 (2021) Kat:3, Licht: 0","194274","3","4","6","05","13","3","","0","1","0","1","0"
"POINT (11.579594712000073 48.135935575000076)","Unfall 194286 (2021) Kat:3, Licht: 0","194286","3","6","3","05","16","4","","0","1","1","0","0"
"POINT (11.501890128000070 48.135266041000079)","Unfall 194287 (2021) Kat:3, Licht: 0","194287","3","3","5","05","16","1","","0","1","1","0","0"
"POINT (11.643666559000053 48.167650071000025)","Unfall 194289 (2021) Kat:3, Licht: 0","194289","3","6","6","05","17","4","","0","0","1","1","0"
"POINT (11.530795436000062 48.178616671000043)","Unfall 194290 (2021) Kat:3, Licht: 0","194290","3","5","5","05","19","6","","0","0","1","0","0"
"POINT (11.534363037000048 48.136144292000040)","Unfall 194294 (2021) Kat:3, Licht: 0","194294","3","7","0","05","14","3","","0","0","0","0","0"
"POINT (11.548349947000077 48.149499936000041)","Unfall 194306 (2021) Kat:3, Licht: 0","194306","3","2","5","05","15","3","","0","0","1","0","1"
"POINT (11.575326033000067 48.181619371000068)","Unfall 194316 (2021) Kat:3, Licht: 2","194316","3","4","6","05","23","1","","2","1","0","1","0"
"POINT (11.538173871000026 48.154504334000080)","Unfall 194322 (2021) Kat:3, Licht: 1","194322","3","7","0","05","18","5","","1","0","0","0","1"
"POINT (11.586251391000076 48.113491199000066)","Unfall 194323 (2021) Kat:3, Licht: 0","194323","3","1","1","05","19","5","","0","1","1","0","0"
"POINT (11.567675673000053 48.123299661000033)","Unfall 194325 (2021) Kat:3, Licht: 0","194325","3","2","5","05","08","4","","0","1","1","0","0"
"POINT (11.579933566000022 48.104652909000038)","Unfall 194329 (2021) Kat:3, Licht: 0","194329","3","3","1","05","13","1","","0","0","1","0","1"
"POINT (11.576163214000076 48.187575307000031)","Unfall 194333 (2021) Kat:3, Licht: 0","194333","3","2","4","05","14","1","","0","1","1","0","0"
"POINT (11.586277968000047 48.162425807000034)","Unfall 194336 (2021) Kat:3, Licht: 0","194336","3","6","3","05","09","6","","0","0","1","0","1"
"POINT (11.656480989000045 48.116991637000069)","Unfall 194340 (2021) Kat:3, Licht: 0","194340","3","6","2","05","11","3","","0","0","0","0","1"
"POINT (11.477383206000070 48.116356887000052)","Unfall 194345 (2021) Kat:3, Licht: 0","194345","3","6","2","05","10","2","","0","1","1","0","0"
"POINT (11.503223948000027 48.135355717000039)","Unfall 194351 (2021) Kat:3, Licht: 0","194351","3","7","0","05","11","5","","0","1","0","0","0"
"POINT (11.657879701000070 48.129916411000067)","Unfall 194352 (2021) Kat:3, Licht: 0","194352","3","2","5","05","12","7","","0","1","1","0","0"
"POINT (11.548855541000023 48.143540952000080)","Unfall 194353 (2021) Kat:2, Licht: 0","194353","2","1","0","05","17","2","","0","0","0","0","1"
"POINT (11.629267390000052 48.164458954000054)","Unfall 194356 (2021) Kat:2, Licht: 0","194356","2","6","2","05","10","4","","0","0","1","0","0"
"POINT (11.566691059000050 48.159334707000028)","Unfall 194359 (2021) Kat:3, Licht: 0","194359","3","1","0","05","10","4","","0","0","0","0","0"
"POINT (11.577774411000064 48.157710454000039)","Unfall 194360 (2021) Kat:3, Licht: 0","194360","3","1","0","05","16","4","","0","1","0","0","0"
"POINT (11.600953461000074 48.124457261000032)","Unfall 194365 (2021) Kat:3, Licht: 0","194365","3","6","6","05","09","4","","0","0","0","1","0"
"POINT (11.534050834000027 48.152515176000065)","Unfall 194379 (2021) Kat:3, Licht: 0","194379","3","7","0","05","11","4","","0","1","1","0","0"
"POINT (11.433738026000071 48.164191746000029)","Unfall 194383 (2021) Kat:3, Licht: 2","194383","3","7","0","05","23","6","","2","1","0","0","0"
"POINT (11.569522920000054 48.145243184000037)","Unfall 194384 (2021) Kat:3, Licht: 0","194384","3","7","0","05","14","6","","0","1","0","0","0"
"POINT (11.566038227000035 48.087583957000049)","Unfall 194387 (2021) Kat:3, Licht: 0","194387","3","5","1","05","11","3","","0","1","1","0","0"
"POINT (11.589224048000062 48.136908577000042)","Unfall 194390 (2021) Kat:3, Licht: 0","194390","3","3","5","05","12","3","","0","1","1","0","0"
"POINT (11.448873683000045 48.150555797000038)","Unfall 194393 (2021) Kat:3, Licht: 0","194393","3","6","2","05","17","5","","0","0","1","0","0"
"POINT (11.528173895000066 48.172633764000068)","Unfall 194395 (2021) Kat:3, Licht: 0","194395","3","2","4","05","13","6","","0","1","1","0","0"
"POINT (11.538039374000050 48.139767481000035)","Unfall 194400 (2021) Kat:3, Licht: 1","194400","3","3","5","05","19","2","","1","0","1","0","0"
"POINT (11.503826592000053 48.135351441000068)","Unfall 194418 (2021) Kat:3, Licht: 0","194418","3","3","5","05","14","6","","0","1","1","0","0"
"POINT (11.578332613000043 48.175953551000077)","Unfall 194419 (2021) Kat:2, Licht: 0","194419","2","7","0","05","19","5","","0","0","0","0","0"
"POINT (11.569515256000045 48.163107533000073)","Unfall 194420 (2021) Kat:3, Licht: 0","194420","3","6","2","05","18","6","","0","1","0","0","0"
"POINT (11.565454919000047 48.139777615000071)","Unfall 194422 (2021) Kat:3, Licht: 0","194422","3","2","3","05","09","3","","0","1","1","0","0"
"POINT (11.389105390000054 48.176970670000060)","Unfall 194425 (2021) Kat:3, Licht: 0","194425","3","6","1","05","12","3","","0","1","0","0","0"
"POINT (11.582450549000043 48.152186464000067)","Unfall 194442 (2021) Kat:3, Licht: 0","194442","3","2","5","05","18","6","","0","1","1","0","0"
"POINT (11.564289589000055 48.146391099000027)","Unfall 194443 (2021) Kat:3, Licht: 1","194443","3","3","5","05","20","4","","1","1","1","0","0"
"POINT (11.503140339000026 48.096329692000040)","Unfall 194447 (2021) Kat:3, Licht: 0","194447","3","4","1","05","15","7","","0","1","1","1","0"
"POINT (11.604131539000036 48.107409080000082)","Unfall 194455 (2021) Kat:3, Licht: 0","194455","3","3","5","05","13","4","","0","0","1","0","1"
"POINT (11.556062223000026 48.124372211000036)","Unfall 194458 (2021) Kat:3, Licht: 0","194458","3","4","6","05","17","7","","0","0","0","1","1"
"POINT (11.559828875000051 48.160489278000057)","Unfall 194470 (2021) Kat:3, Licht: 0","194470","3","3","5","05","17","7","","0","1","1","0","0"
"POINT (11.461561977000031 48.148553709000055)","Unfall 194478 (2021) Kat:3, Licht: 0","194478","3","7","0","05","12","5","","0","1","0","0","0"
"POINT (11.584174854000025 48.144098718000066)","Unfall 194490 (2021) Kat:3, Licht: 0","194490","3","6","1","05","17","4","","0","0","1","0","0"
"POINT (11.669567613000027 48.125307649000035)","Unfall 194500 (2021) Kat:3, Licht: 2","194500","3","7","0","05","21","3","","2","1","0","0","0"
"POINT (11.569465289000050 48.126176566000026)","Unfall 194506 (2021) Kat:2, Licht: 0","194506","2","3","0","05","10","4","","0","0","0","0","1"
"POINT (11.646780707000062 48.128336541000067)","Unfall 194509 (2021) Kat:3, Licht: 0","194509","3","7","6","05","16","7","","0","0","0","1","0"
"POINT (11.528930793000029 48.183271188000049)","Unfall 194517 (2021) Kat:3, Licht: 0","194517","3","3","5","05","17","6","","0","1","1","0","0"
"POINT (11.540030079000076 48.107288357000073)","Unfall 194519 (2021) Kat:3, Licht: 0","194519","3","7","4","05","17","6","","0","1","0","0","0"
"POINT (11.556603592000045 48.087368548000029)","Unfall 194520 (2021) Kat:3, Licht: 0","194520","3","3","5","05","18","7","","0","1","1","0","0"
"POINT (11.530629906000058 48.183192608000070)","Unfall 194521 (2021) Kat:3, Licht: 0","194521","3","6","3","05","19","7","","0","0","1","0","1"
"POINT (11.578046353000047 48.149671185000045)","Unfall 194522 (2021) Kat:3, Licht: 0","194522","3","2","4","05","12","2","","0","0","1","0","1"
"POINT (11.546228514000063 48.139365601000065)","Unfall 194526 (2021) Kat:3, Licht: 0","194526","3","4","6","05","16","5","","0","1","0","1","0"
"POINT (11.567454228000031 48.177845265000030)","Unfall 194533 (2021) Kat:3, Licht: 2","194533","3","7","6","05","22","2","","2","0","1","1","0"
"POINT (11.439956343000063 48.181340272000057)","Unfall 194544 (2021) Kat:1, Licht: 0","194544","1","7","2","05","06","3","","0","0","0","0","1"
"POINT (11.548488550000059 48.121730795000076)","Unfall 194549 (2021) Kat:3, Licht: 0","194549","3","3","5","05","17","2","","0","1","0","0","0"
"POINT (11.574299337000070 48.129295733000049)","Unfall 194562 (2021) Kat:3, Licht: 0","194562","3","6","2","05","13","5","","0","0","1","0","0"
"POINT (11.589123099000062 48.143462320000026)","Unfall 194563 (2021) Kat:2, Licht: 0","194563","2","7","0","05","17","6","","0","1","0","0","0"
"POINT (11.598471190000055 48.141138010000077)","Unfall 194564 (2021) Kat:3, Licht: 0","194564","3","3","5","05","16","2","","0","1","1","0","0"
"POINT (11.571268044000021 48.131216979000044)","Unfall 194569 (2021) Kat:3, Licht: 0","194569","3","1","0","05","15","7","","0","0","0","0","1"
"POINT (11.520270980000021 48.150932928000032)","Unfall 194572 (2021) Kat:3, Licht: 0","194572","3","7","0","05","17","5","","0","1","0","0","0"
"POINT (11.520083101000068 48.150183628000036)","Unfall 194580 (2021) Kat:3, Licht: 0","194580","3","2","6","05","09","2","","0","0","1","1","0"
"POINT (11.609648461000063 48.185614652000027)","Unfall 194591 (2021) Kat:3, Licht: 2","194591","3","1","8","05","01","3","","2","0","1","0","0"
"POINT (11.467103277000035 48.157170654000026)","Unfall 194594 (2021) Kat:3, Licht: 0","194594","3","4","6","05","15","3","","0","0","1","1","0"
"POINT (11.429730867000046 48.174366025000040)","Unfall 194599 (2021) Kat:3, Licht: 0","194599","3","2","5","05","07","6","","0","0","1","0","1"
"POINT (11.555382707000035 48.172460605000026)","Unfall 194601 (2021) Kat:3, Licht: 0","194601","3","1","0","05","15","7","","0","1","0","0","0"
"POINT (11.526804453000068 48.156654099000036)","Unfall 194602 (2021) Kat:3, Licht: 0","194602","3","7","0","05","15","5","","0","1","0","0","0"
"POINT (11.579538954000043 48.136342816000081)","Unfall 194622 (2021) Kat:3, Licht: 0","194622","3","5","1","05","16","3","","0","1","1","0","0"
"POINT (11.564748102000067 48.167999062000035)","Unfall 194630 (2021) Kat:3, Licht: 0","194630","3","1","0","05","11","1","","0","0","0","0","0"
"POINT (11.547113252000031 48.159386537000046)","Unfall 194633 (2021) Kat:3, Licht: 2","194633","3","2","6","05","21","4","","2","0","1","1","0"
"POINT (11.611166657000069 48.117571305000070)","Unfall 194635 (2021) Kat:3, Licht: 0","194635","3","7","5","05","07","4","","0","1","1","0","0"
"POINT (11.609477014000049 48.150946488000045)","Unfall 194650 (2021) Kat:3, Licht: 0","194650","3","4","6","05","11","6","","0","1","0","1","0"
"POINT (11.583999386000073 48.095650910000074)","Unfall 194651 (2021) Kat:3, Licht: 2","194651","3","3","5","05","21","5","","2","0","1","0","0"
"POINT (11.588665211000034 48.138931669000044)","Unfall 194662 (2021) Kat:3, Licht: 0","194662","3","1","0","05","07","4","","0","1","0","0","0"
"POINT (11.473575929000049 48.164567459000068)","Unfall 194663 (2021) Kat:3, Licht: 0","194663","3","7","6","05","09","4","","0","1","0","1","0"
"POINT (11.513710953000043 48.153405431000067)","Unfall 194666 (2021) Kat:3, Licht: 0","194666","3","7","2","05","14","7","","0","0","1","0","0"
"POINT (11.685767719000069 48.135463193000078)","Unfall 194668 (2021) Kat:3, Licht: 0","194668","3","3","0","05","13","3","","0","0","0","0","0"
"POINT (11.569966101000034 48.116387791000079)","Unfall 194672 (2021) Kat:3, Licht: 1","194672","3","3","5","05","05","3","","1","0","1","0","0"
"POINT (11.589663247000033 48.191216346000033)","Unfall 194677 (2021) Kat:3, Licht: 0","194677","3","6","3","05","11","7","","0","1","1","0","0"
"POINT (11.552458306000062 48.112346849000062)","Unfall 194683 (2021) Kat:3, Licht: 0","194683","3","6","1","05","18","5","","0","0","1","0","0"
"POINT (11.593581048000033 48.182540985000060)","Unfall 194684 (2021) Kat:3, Licht: 0","194684","3","4","6","05","13","5","","0","0","1","1","0"
"POINT (11.448759414000051 48.173553067000057)","Unfall 194689 (2021) Kat:3, Licht: 0","194689","3","2","4","05","13","5","","0","0","1","0","0"
"POINT (11.520282508000037 48.150299327000027)","Unfall 194690 (2021) Kat:3, Licht: 0","194690","3","7","0","05","07","6","","0","0","0","0","1"
"POINT (11.646727122000073 48.157195302000048)","Unfall 194696 (2021) Kat:2, Licht: 0","194696","2","3","5","05","10","3","","0","1","0","0","0"
"POINT (11.503205780000030 48.143811118000031)","Unfall 194698 (2021) Kat:3, Licht: 0","194698","3","4","0","05","16","4","","0","1","0","1","0"
"POINT (11.489391646000058 48.116876080000054)","Unfall 194701 (2021) Kat:3, Licht: 0","194701","3","5","3","05","09","4","","0","1","1","0","0"
"POINT (11.549059474000046 48.191778748000047)","Unfall 194710 (2021) Kat:2, Licht: 0","194710","2","6","4","05","08","4","","0","1","1","0","0"
"POINT (11.547429135000073 48.139692528000069)","Unfall 194716 (2021) Kat:3, Licht: 0","194716","3","2","3","05","17","3","","0","1","0","0","0"
"POINT (11.534929825000063 48.120691628000031)","Unfall 194719 (2021) Kat:3, Licht: 0","194719","3","6","3","05","12","3","","0","1","0","0","0"
"POINT (11.538939367000069 48.116910420000067)","Unfall 194721 (2021) Kat:3, Licht: 1","194721","3","6","3","05","21","2","","1","0","1","0","1"
"POINT (11.598873684000068 48.121532880000075)","Unfall 194723 (2021) Kat:3, Licht: 0","194723","3","2","5","05","19","5","","0","1","1","0","0"
"POINT (11.681496629000037 48.135403906000079)","Unfall 194724 (2021) Kat:3, Licht: 0","194724","3","3","5","05","10","6","","0","0","1","0","0"
"POINT (11.511715447000029 48.181060448000039)","Unfall 194726 (2021) Kat:3, Licht: 0","194726","3","7","0","05","11","7","","0","1","0","0","0"
"POINT (11.462466545000041 48.137037328000076)","Unfall 194730 (2021) Kat:3, Licht: 0","194730","3","3","5","05","19","3","","0","1","1","0","0"
"POINT (11.546179061000032 48.123002923000058)","Unfall 194732 (2021) Kat:3, Licht: 0","194732","3","2","4","05","09","4","","0","0","1","0","0"
"POINT (11.532405500000039 48.184799610000027)","Unfall 194748 (2021) Kat:3, Licht: 0","194748","3","3","5","05","07","6","","0","1","1","0","0"
"POINT (11.611750893000021 48.136766432000059)","Unfall 194752 (2021) Kat:3, Licht: 0","194752","3","3","5","05","12","1","","0","1","1","0","0"
"POINT (11.583212908000064 48.142232757000045)","Unfall 194760 (2021) Kat:3, Licht: 0","194760","3","6","2","05","15","6","","0","0","1","0","0"
"POINT (11.691437537000070 48.115502745000072)","Unfall 194764 (2021) Kat:3, Licht: 0","194764","3","3","5","05","13","3","","0","0","1","0","0"
"POINT (11.474534943000037 48.187721026000077)","Unfall 194767 (2021) Kat:3, Licht: 0","194767","3","6","1","05","15","3","","0","1","1","0","0"
"POINT (11.587878217000025 48.137129767000033)","Unfall 194771 (2021) Kat:3, Licht: 0","194771","3","1","1","05","07","5","","0","1","1","0","0"
"POINT (11.572657294000066 48.120580632000042)","Unfall 194777 (2021) Kat:3, Licht: 0","194777","3","5","1","05","14","2","","0","1","1","0","0"
"POINT (11.577119937000077 48.115830968000068)","Unfall 194788 (2021) Kat:3, Licht: 0","194788","3","6","3","05","18","2","","0","1","1","0","0"
"POINT (11.546549943000059 48.186074116000043)","Unfall 194790 (2021) Kat:3, Licht: 0","194790","3","6","2","05","13","4","","0","0","1","0","0"
"POINT (11.564794033000055 48.142505158000063)","Unfall 194791 (2021) Kat:3, Licht: 0","194791","3","7","5","05","13","4","","0","1","1","0","0"
"POINT (11.639997423000068 48.117026357000043)","Unfall 194792 (2021) Kat:3, Licht: 0","194792","3","7","0","05","15","1","","0","0","1","0","0"
"POINT (11.652904720000038 48.109065092000037)","Unfall 194796 (2021) Kat:3, Licht: 1","194796","3","2","4","05","19","6","","1","0","1","0","0"
"POINT (11.566707023000049 48.133215717000041)","Unfall 194802 (2021) Kat:3, Licht: 1","194802","3","3","5","05","05","3","","1","1","1","0","0"
"POINT (11.575314374000072 48.109602424000059)","Unfall 194807 (2021) Kat:3, Licht: 0","194807","3","3","5","05","19","6","","0","1","0","0","1"
"POINT (11.581049132000032 48.097853724000061)","Unfall 194808 (2021) Kat:3, Licht: 0","194808","3","3","5","05","08","4","","0","1","1","0","0"
"POINT (11.484193052000023 48.078844553000067)","Unfall 194809 (2021) Kat:3, Licht: 0","194809","3","7","0","05","15","5","","0","0","0","0","0"
"POINT (11.608013197000048 48.204311361000066)","Unfall 194810 (2021) Kat:3, Licht: 0","194810","3","5","1","05","09","5","","0","0","1","0","1"
"POINT (11.534186882000029 48.110237017000031)","Unfall 194817 (2021) Kat:3, Licht: 0","194817","3","7","0","05","19","2","","0","1","0","0","0"
"POINT (11.574880536000023 48.158598746000052)","Unfall 194819 (2021) Kat:3, Licht: 0","194819","3","1","1","05","20","5","","0","1","1","0","0"
"POINT (11.510723974000030 48.170089254000061)","Unfall 194820 (2021) Kat:2, Licht: 0","194820","2","6","4","05","17","6","","0","1","0","0","0"
"POINT (11.584388204000049 48.157118859000036)","Unfall 194822 (2021) Kat:3, Licht: 0","194822","3","6","2","05","20","7","","0","0","1","0","0"
"POINT (11.590442118000055 48.132386498000074)","Unfall 194828 (2021) Kat:3, Licht: 0","194828","3","1","7","05","18","5","","0","0","0","0","1"
"POINT (11.577979222000067 48.137205049000045)","Unfall 194834 (2021) Kat:3, Licht: 0","194834","3","5","0","05","15","1","","0","1","1","0","0"
"POINT (11.562224777000040 48.148061442000028)","Unfall 194836 (2021) Kat:3, Licht: 2","194836","3","3","5","05","21","4","","2","0","1","0","0"
"POINT (11.502958126000067 48.137490042000081)","Unfall 194843 (2021) Kat:3, Licht: 0","194843","3","7","6","05","18","6","","0","0","0","1","0"
"POINT (11.563511641000048 48.136327205000043)","Unfall 194848 (2021) Kat:3, Licht: 0","194848","3","5","1","05","15","3","","0","1","1","0","0"
"POINT (11.466221505000021 48.137934215000030)","Unfall 194866 (2021) Kat:3, Licht: 0","194866","3","7","9","05","17","4","","0","1","0","0","0"
"POINT (11.503333261000023 48.148211372000048)","Unfall 194869 (2021) Kat:3, Licht: 1","194869","3","7","0","05","20","7","","1","1","0","0","0"
"POINT (11.628935423000030 48.097175690000029)","Unfall 194874 (2021) Kat:3, Licht: 0","194874","3","5","3","05","10","2","","0","1","1","0","0"
"POINT (11.524772230000053 48.135506547000034)","Unfall 194878 (2021) Kat:3, Licht: 0","194878","3","1","0","05","14","4","","0","1","0","0","0"
"POINT (11.580462743000055 48.149000736000062)","Unfall 194886 (2021) Kat:3, Licht: 2","194886","3","1","5","05","20","1","","2","0","1","0","0"
"POINT (11.434426952000024 48.146599613000035)","Unfall 194891 (2021) Kat:3, Licht: 0","194891","3","6","2","05","15","5","","0","0","1","0","0"
"POINT (11.562520124000059 48.202122072000066)","Unfall 194900 (2021) Kat:3, Licht: 0","194900","3","7","0","05","10","5","","0","1","0","0","0"
"POINT (11.586682052000072 48.164307084000029)","Unfall 194909 (2021) Kat:3, Licht: 0","194909","3","1","0","05","18","2","","0","0","0","0","0"
"POINT (11.686835941000027 48.141181195000058)","Unfall 194911 (2021) Kat:3, Licht: 0","194911","3","3","5","05","08","4","","0","0","1","0","0"
"POINT (11.548925542000063 48.158122401000071)","Unfall 194913 (2021) Kat:3, Licht: 0","194913","3","3","5","05","19","4","","0","0","1","0","0"
"POINT (11.502402445000030 48.112029027000062)","Unfall 194919 (2021) Kat:3, Licht: 0","194919","3","2","5","05","11","3","","0","1","0","0","1"
"POINT (11.424298208000039 48.148142418000077)","Unfall 194922 (2021) Kat:3, Licht: 0","194922","3","3","5","05","13","3","","0","0","1","0","0"
"POINT (11.486827204000065 48.214583532000063)","Unfall 194926 (2021) Kat:3, Licht: 0","194926","3","3","5","05","16","6","","0","1","1","0","0"
"POINT (11.536472591000063 48.150185893000071)","Unfall 194927 (2021) Kat:3, Licht: 0","194927","3","2","3","05","17","7","","0","1","1","0","0"
"POINT (11.564360862000058 48.141140276000044)","Unfall 194930 (2021) Kat:3, Licht: 0","194930","3","6","3","05","16","7","","0","1","0","0","0"
"POINT (11.557047535000038 48.161497959000030)","Unfall 194932 (2021) Kat:3, Licht: 0","194932","3","6","3","05","10","3","","0","0","1","0","1"
"POINT (11.441978442000050 48.149195804000044)","Unfall 194935 (2021) Kat:3, Licht: 0","194935","3","2","6","05","11","3","","0","0","1","1","0"
"POINT (11.574267149000036 48.137379849000069)","Unfall 194940 (2021) Kat:3, Licht: 0","194940","3","4","6","05","18","6","","0","0","0","1","0"
"POINT (11.505469407000021 48.184668527000042)","Unfall 194941 (2021) Kat:2, Licht: 0","194941","2","7","0","05","11","7","","0","1","0","0","0"
"POINT (11.650358209000046 48.113096409000036)","Unfall 194954 (2021) Kat:3, Licht: 0","194954","3","3","5","05","15","1","","0","0","1","0","0"
"POINT (11.629440802000033 48.118508100000042)","Unfall 194956 (2021) Kat:3, Licht: 0","194956","3","7","0","05","16","2","","0","1","0","0","0"
"POINT (11.490349686000059 48.165361481000048)","Unfall 194967 (2021) Kat:3, Licht: 0","194967","3","2","4","05","16","3","","0","0","1","0","1"
"POINT (11.572963641000058 48.175560389000054)","Unfall 194969 (2021) Kat:3, Licht: 1","194969","3","1","0","05","20","3","","1","0","0","0","1"
"POINT (11.582782544000054 48.170922458000064)","Unfall 194970 (2021) Kat:3, Licht: 0","194970","3","2","5","05","09","3","","0","0","1","0","0"
"POINT (11.552832020000039 48.137499943000080)","Unfall 194975 (2021) Kat:3, Licht: 0","194975","3","2","3","05","17","7","","0","1","1","0","0"
"POINT (11.586976074000063 48.134270841000045)","Unfall 194979 (2021) Kat:3, Licht: 0","194979","3","6","0","05","16","2","","0","0","1","0","0"
"POINT (11.584622971000044 48.138171349000061)","Unfall 194982 (2021) Kat:3, Licht: 0","194982","3","1","0","05","09","4","","0","0","0","0","1"
"POINT (11.522417230000030 48.119236547000071)","Unfall 194986 (2021) Kat:3, Licht: 0","194986","3","7","3","05","11","4","","0","1","1","0","0"
"POINT (11.412739503000068 48.150751018000051)","Unfall 194996 (2021) Kat:3, Licht: 2","194996","3","2","4","05","22","5","","2","1","1","0","0"
"POINT (11.503131347000021 48.138680216000068)","Unfall 194997 (2021) Kat:3, Licht: 0","194997","3","7","0","05","13","5","","0","0","1","1","0"
"POINT (11.640500218000057 48.097994006000079)","Unfall 195015 (2021) Kat:2, Licht: 0","195015","2","6","5","05","08","3","","0","1","1","0","0"
"POINT (11.578188047000026 48.175939693000032)","Unfall 195017 (2021) Kat:3, Licht: 0","195017","3","7","5","05","07","3","","0","1","1","0","0"
"POINT (11.572729124000034 48.131992326000045)","Unfall 195018 (2021) Kat:3, Licht: 0","195018","3","7","0","05","16","3","","0","1","0","0","0"
"POINT (11.413818043000049 48.162113358000056)","Unfall 195021 (2021) Kat:3, Licht: 0","195021","3","7","0","05","11","5","","0","1","0","0","0"
"POINT (11.547433485000056 48.120896728000048)","Unfall 195024 (2021) Kat:3, Licht: 0","195024","3","5","1","05","12","7","","0","1","1","0","0"
"POINT (11.567424338000023 48.131284703000063)","Unfall 195025 (2021) Kat:3, Licht: 0","195025","3","4","6","05","17","5","","0","0","1","1","0"
"POINT (11.567292798000040 48.130427662000045)","Unfall 195047 (2021) Kat:3, Licht: 0","195047","3","7","1","05","11","5","","0","0","1","0","1"
"POINT (11.572795378000023 48.185478938000074)","Unfall 195048 (2021) Kat:3, Licht: 0","195048","3","3","5","05","19","6","","0","1","1","0","0"
"POINT (11.606586179000033 48.101068935000058)","Unfall 195049 (2021) Kat:3, Licht: 0","195049","3","2","4","05","17","7","","0","1","1","0","0"
"POINT (11.505386179000027 48.205855798000073)","Unfall 195053 (2021) Kat:3, Licht: 0","195053","3","6","0","05","20","2","","0","1","0","0","0"
"POINT (11.584539912000025 48.157440088000044)","Unfall 195064 (2021) Kat:3, Licht: 0","195064","3","6","3","05","16","3","","0","1","0","0","0"
"POINT (11.592067494000048 48.187863556000082)","Unfall 195068 (2021) Kat:3, Licht: 0","195068","3","4","6","05","16","2","","0","1","0","1","0"
"POINT (11.604964935000055 48.104472270000031)","Unfall 195069 (2021) Kat:3, Licht: 0","195069","3","6","2","05","14","3","","0","0","1","0","0"
"POINT (11.563167543000077 48.182190879000075)","Unfall 195070 (2021) Kat:3, Licht: 0","195070","3","3","5","05","07","5","","0","1","1","0","0"
"POINT (11.611575831000039 48.199757552000051)","Unfall 195080 (2021) Kat:3, Licht: 2","195080","3","6","2","05","21","2","","2","0","1","0","0"
"POINT (11.488878641000042 48.179425099000071)","Unfall 195090 (2021) Kat:2, Licht: 0","195090","2","6","3","05","08","3","","0","1","0","0","0"
"POINT (11.605618592000042 48.129328204000046)","Unfall 195093 (2021) Kat:3, Licht: 0","195093","3","7","1","05","17","3","","0","1","1","0","0"
"POINT (11.420125841000072 48.151109746000031)","Unfall 195094 (2021) Kat:3, Licht: 0","195094","3","7","0","05","10","3","","0","0","0","0","0"
"POINT (11.593332570000030 48.153082358000063)","Unfall 195097 (2021) Kat:3, Licht: 0","195097","3","6","3","05","09","5","","0","1","1","0","0"
"POINT (11.653750242000058 48.128400526000064)","Unfall 195099 (2021) Kat:3, Licht: 0","195099","3","3","5","05","16","7","","0","1","1","0","0"
"POINT (11.594202313000039 48.103819610000073)","Unfall 195101 (2021) Kat:2, Licht: 0","195101","2","3","5","05","06","7","","0","0","1","0","1"
"POINT (11.559795150000070 48.144190085000048)","Unfall 195105 (2021) Kat:3, Licht: 2","195105","3","1","0","05","21","4","","2","0","0","0","0"
"POINT (11.476525548000041 48.164701769000033)","Unfall 195106 (2021) Kat:3, Licht: 0","195106","3","3","5","05","12","5","","0","1","1","0","0"
"POINT (11.609963182000058 48.118529867000063)","Unfall 195117 (2021) Kat:3, Licht: 0","195117","3","7","0","05","08","4","","0","1","0","0","0"
"POINT (11.534672272000023 48.137322991000076)","Unfall 195120 (2021) Kat:3, Licht: 0","195120","3","3","5","05","18","4","","0","1","1","0","0"
"POINT (11.613920052000026 48.206666861000031)","Unfall 195127 (2021) Kat:3, Licht: 0","195127","3","6","0","05","12","2","","0","1","0","0","0"
"POINT (11.516317069000024 48.167715746000056)","Unfall 195131 (2021) Kat:2, Licht: 0","195131","2","6","2","05","17","4","","0","0","1","0","0"
"POINT (11.574774067000021 48.153305965000072)","Unfall 195140 (2021) Kat:3, Licht: 0","195140","3","6","3","05","12","3","","0","1","1","0","0"
"POINT (11.610443800000041 48.138541067000062)","Unfall 195143 (2021) Kat:3, Licht: 0","195143","3","1","0","05","14","6","","0","0","0","0","1"