WKT,Name,OBJECTID,UKATEGORIE,UTYP1,UART,UMONAT,USTUNDE,UWOCHENTAG,STRZUSTAND,ULICHTVERH,ISTRAD,ISTPKW,ISTFUSS,ISTKRAD
"POINT (11.568474437000077 48.187388498000075)","Unfall 195145 (2021) Kat:3, Licht: 0","195145","3","6","2","05","13","6","","0","0","1","0","0"
"POINT (11.483141096000054 48.112003233000053)","Unfall 195153 (2021) Kat:3, Licht: 0","195153","3","3","5","05","15","4","","0","0","1","1","0"
"POINT (11.553680667000037 48.137491396000030)","Unfall 195161 (2021) Kat:3, Licht: 0","195161","3","6","2","05","16","2","","0","0","1","0","0"
"POINT (11.586417243000028 48.160986662000028)","Unfall 195174 (2021) Kat:3, Licht: 0","195174","3","2","5","05","13","3","","0","1","1","0","0"
"POINT (11.570408346000022 48.131846474000042)","Unfall 195176 (2021) Kat:3, Licht: 0","195176","3","2","4","05","18","2","","0","1","0","0","1"
"POINT (11.588990834000072 48.124840642000038)","Unfall 195179 (2021) Kat:3, Licht: 0","195179","3","3","5","05","15","6","","0","0","1","0","0"
"POINT (11.522257102000026 48.117825819000075)","Unfall 195180 (2021) Kat:3, Licht: 0","195180","3","5","1","05","16","2","","0","1","1","0","0"
"POINT (11.579324640000038 48.149316521000060)","Unfall 195186 (2021) Kat:3, Licht: 1","195186","3","5","1","05","19","3","","1","1","1","0","0"
"POINT (11.538772720000054 48.154861153000070)","Unfall 195187 (2021) Kat:3, Licht: 0","195187","3","6","2","05","10","3","","0","0","1","0","0"
"POINT (11.592848108000055 48.161590923000063)","Unfall 195192 (2021) Kat:3, Licht: 0","195192","3","7","4","05","14","5","","0","1","1","0","0"
"POINT (11.508276330000058 48.180849595000041)","Unfall 195199 (2021) Kat:3, Licht: 0","195199","3","3","5","05","16","2","","0","0","1","0","0"
"POINT (11.542815325000049 48.160419175000072)","Unfall 195211 (2021) Kat:3, Licht: 0","195211","3","3","5","05","15","4","","0","0","1","0","0"
"POINT (11.595217884000022 48.143916917000070)","Unfall 195221 (2021) Kat:3, Licht: 0","195221","3","3","5","05","16","3","","0","0","1","0","1"
"POINT (11.541989080000064 48.116784352000082)","Unfall 195224 (2021) Kat:3, Licht: 0","195224","3","7","6","05","07","3","","0","0","0","1","0"
"POINT (11.518616027000064 48.129684807000046)","Unfall 195229 (2021) Kat:3, Licht: 0","195229","3","7","1","05","14","6","","0","1","1","0","0"
"POINT (11.594254058000047 48.164250868000067)","Unfall 195230 (2021) Kat:2, Licht: 2","195230","2","2","5","05","21","2","","2","1","1","0","0"
"POINT (11.572818210000037 48.130393084000048)","Unfall 195234 (2021) Kat:3, Licht: 2","195234","3","7","0","05","22","7","","2","1","0","0","0"
"POINT (11.494836880000037 48.130849731000069)","Unfall 195237 (2021) Kat:3, Licht: 0","195237","3","3","5","05","19","2","","0","0","1","0","0"
"POINT (11.590215810000075 48.192725617000065)","Unfall 195239 (2021) Kat:3, Licht: 2","195239","3","3","5","05","22","4","","2","0","1","0","0"
"POINT (11.479196807000051 48.164454971000055)","Unfall 195271 (2021) Kat:3, Licht: 0","195271","3","2","1","05","18","7","","0","0","1","0","1"
"POINT (11.581183237000062 48.150082395000027)","Unfall 195272 (2021) Kat:3, Licht: 0","195272","3","7","1","05","18","3","","0","1","1","0","0"
"POINT (11.566711210000051 48.182484707000071)","Unfall 195278 (2021) Kat:3, Licht: 0","195278","3","2","3","05","17","5","","0","1","1","0","0"
"POINT (11.562787966000030 48.144142181000063)","Unfall 195279 (2021) Kat:3, Licht: 2","195279","3","3","5","05","23","6","","2","1","1","0","0"
"POINT (11.503075645000024 48.136800835000031)","Unfall 195281 (2021) Kat:3, Licht: 0","195281","3","2","3","05","16","5","","0","1","1","1","0"
"POINT (11.546441809000044 48.113038385000038)","Unfall 195290 (2021) Kat:3, Licht: 0","195290","3","3","5","05","13","1","","0","1","1","0","0"
"POINT (11.538904059000060 48.116914323000060)","Unfall 195292 (2021) Kat:3, Licht: 2","195292","3","7","3","05","22","4","","2","0","1","0","0"
"POINT (11.573667066000041 48.162585680000063)","Unfall 195295 (2021) Kat:3, Licht: 0","195295","3","6","3","05","15","7","","0","1","1","0","0"
"POINT (11.611449641000036 48.199864972000057)","Unfall 195301 (2021) Kat:3, Licht: 0","195301","3","6","2","05","08","2","","0","0","1","0","1"
"POINT (11.595848773000057 48.141527361000044)","Unfall 195305 (2021) Kat:2, Licht: 0","195305","2","1","0","05","16","2","","0","1","0","0","0"
"POINT (11.509307196000066 48.153909824000038)","Unfall 195309 (2021) Kat:2, Licht: 0","195309","2","6","2","06","15","4","","0","0","1","0","0"
"POINT (11.571064056000068 48.125082834000068)","Unfall 195313 (2021) Kat:3, Licht: 0","195313","3","3","4","06","18","5","","0","1","1","0","0"
"POINT (11.577597740000044 48.142694050000046)","Unfall 195318 (2021) Kat:3, Licht: 2","195318","3","7","6","06","23","6","","2","0","1","0","0"
"POINT (11.572095876000049 48.135303070000077)","Unfall 195334 (2021) Kat:3, Licht: 0","195334","3","4","6","06","14","7","","0","0","0","1","0"
"POINT (11.542792092000070 48.160396117000062)","Unfall 195337 (2021) Kat:3, Licht: 0","195337","3","3","5","06","08","4","","0","1","1","0","0"
"POINT (11.672820380000076 48.143631922000054)","Unfall 195347 (2021) Kat:2, Licht: 0","195347","2","6","1","06","10","2","","0","1","1","0","0"
"POINT (11.588519322000025 48.142980024000053)","Unfall 195349 (2021) Kat:3, Licht: 0","195349","3","2","5","06","12","3","","0","1","1","0","0"
"POINT (11.559227464000060 48.147487964000049)","Unfall 195351 (2021) Kat:3, Licht: 0","195351","3","3","5","05","14","7","","0","1","1","0","0"
"POINT (11.503272235000054 48.144640457000037)","Unfall 195353 (2021) Kat:3, Licht: 0","195353","3","7","6","06","12","6","","0","1","0","1","0"
"POINT (11.478452259000051 48.113205832000062)","Unfall 195360 (2021) Kat:3, Licht: 0","195360","3","6","2","06","17","4","","0","1","1","0","0"
"POINT (11.581954588000031 48.185431102000052)","Unfall 195366 (2021) Kat:3, Licht: 0","195366","3","7","0","06","19","6","","0","0","0","1","0"
"POINT (11.583193916000027 48.154580871000064)","Unfall 195397 (2021) Kat:3, Licht: 2","195397","3","5","3","06","22","3","","2","1","1","0","0"
"POINT (11.465812852000056 48.147807098000044)","Unfall 195399 (2021) Kat:3, Licht: 0","195399","3","2","5","06","17","3","","0","1","1","0","0"
"POINT (11.548884475000023 48.112796342000081)","Unfall 195403 (2021) Kat:3, Licht: 0","195403","3","7","0","06","17","6","","0","1","0","0","0"
"POINT (11.536876152000048 48.153805352000063)","Unfall 195416 (2021) Kat:3, Licht: 0","195416","3","6","1","05","11","2","","0","0","1","0","0"
"POINT (11.566504850000058 48.123441278000030)","Unfall 195417 (2021) Kat:3, Licht: 0","195417","3","2","5","06","14","7","","0","1","1","0","1"
"POINT (11.568865683000070 48.133721201000071)","Unfall 195426 (2021) Kat:3, Licht: 0","195426","3","7","0","05","18","7","","0","1","0","0","0"
"POINT (11.669226418000051 48.139821239000071)","Unfall 195432 (2021) Kat:3, Licht: 0","195432","3","2","5","06","13","1","","0","0","1","0","0"
"POINT (11.600885800000071 48.121954781000056)","Unfall 195435 (2021) Kat:3, Licht: 0","195435","3","6","3","06","07","4","","0","0","1","0","1"
"POINT (11.565842081000028 48.139532937000070)","Unfall 195436 (2021) Kat:2, Licht: 0","195436","2","1","0","06","17","4","","0","0","0","0","1"
"POINT (11.530897481000068 48.131104964000031)","Unfall 195440 (2021) Kat:3, Licht: 0","195440","3","3","5","06","11","5","","0","1","1","0","0"
"POINT (11.567406558000073 48.155208073000040)","Unfall 195443 (2021) Kat:3, Licht: 0","195443","3","5","1","05","16","2","","0","1","1","0","0"
"POINT (11.502310898000076 48.108190550000074)","Unfall 195450 (2021) Kat:2, Licht: 0","195450","2","1","0","06","13","3","","0","1","0","0","0"
"POINT (11.598582115000056 48.149160533000043)","Unfall 195451 (2021) Kat:3, Licht: 0","195451","3","1","0","06","10","5","","0","1","0","0","0"
"POINT (11.552820348000068 48.155109183000036)","Unfall 195453 (2021) Kat:3, Licht: 0","195453","3","2","5","05","15","7","","0","1","0","0","1"
"POINT (11.575690798000039 48.131502634000071)","Unfall 195472 (2021) Kat:3, Licht: 0","195472","3","2","5","06","16","4","","0","1","1","0","0"
"POINT (11.575629555000035 48.127564748000054)","Unfall 195475 (2021) Kat:3, Licht: 0","195475","3","7","0","06","16","5","","0","1","0","1","0"
"POINT (11.534730748000072 48.146224606000033)","Unfall 195491 (2021) Kat:3, Licht: 0","195491","3","7","0","06","15","3","","0","0","0","0","1"
"POINT (11.458497967000028 48.161472289000073)","Unfall 195494 (2021) Kat:3, Licht: 0","195494","3","6","1","06","20","6","","0","1","0","0","0"
"POINT (11.664227812000036 48.107969067000056)","Unfall 195496 (2021) Kat:3, Licht: 0","195496","3","6","0","06","12","7","","0","1","0","0","0"
"POINT (11.507113528000048 48.163819206000028)","Unfall 195504 (2021) Kat:3, Licht: 2","195504","3","7","0","06","00","6","","2","1","0","0","0"
"POINT (11.583238807000043 48.154343166000046)","Unfall 195508 (2021) Kat:3, Licht: 2","195508","3","4","6","06","21","7","","2","0","0","1","0"
"POINT (11.531276204000051 48.109837016000029)","Unfall 195511 (2021) Kat:3, Licht: 0","195511","3","6","4","06","14","4","","0","1","1","0","0"
"POINT (11.565928030000066 48.188735238000049)","Unfall 195516 (2021) Kat:3, Licht: 1","195516","3","1","0","05","20","2","","1","0","1","0","1"
"POINT (11.566052316000025 48.187233751000065)","Unfall 195526 (2021) Kat:2, Licht: 1","195526","2","3","5","06","05","5","","1","0","1","0","0"
"POINT (11.564404234000051 48.170414280000045)","Unfall 195538 (2021) Kat:3, Licht: 0","195538","3","2","5","06","16","3","","0","1","1","0","0"
"POINT (11.583296483000026 48.124313400000062)","Unfall 195543 (2021) Kat:3, Licht: 0","195543","3","7","1","06","18","7","","0","0","1","0","0"
"POINT (11.531929026000057 48.194905044000052)","Unfall 195547 (2021) Kat:3, Licht: 0","195547","3","3","5","06","11","4","","0","0","1","0","0"
"POINT (11.511889896000071 48.181249667000031)","Unfall 195564 (2021) Kat:2, Licht: 2","195564","2","7","0","06","02","4","","2","0","0","0","0"
"POINT (11.554886220000071 48.159971511000037)","Unfall 195565 (2021) Kat:3, Licht: 0","195565","3","7","0","05","17","6","","0","1","0","1","0"
"POINT (11.515922944000067 48.129060375000051)","Unfall 195567 (2021) Kat:3, Licht: 0","195567","3","6","1","06","17","5","","0","0","1","0","0"
"POINT (11.593999008000026 48.141942492000055)","Unfall 195574 (2021) Kat:3, Licht: 0","195574","3","1","0","06","11","2","","0","1","0","0","0"
"POINT (11.574707798000077 48.210639967000077)","Unfall 195576 (2021) Kat:3, Licht: 0","195576","3","2","4","06","18","3","","0","1","1","0","0"
"POINT (11.586331123000036 48.165002849000075)","Unfall 195578 (2021) Kat:3, Licht: 2","195578","3","5","1","05","23","7","","2","1","1","0","0"
"POINT (11.549064667000039 48.085422209000058)","Unfall 195581 (2021) Kat:3, Licht: 0","195581","3","5","1","06","13","6","","0","1","0","0","0"
"POINT (11.587428197000065 48.098279854000054)","Unfall 195589 (2021) Kat:3, Licht: 0","195589","3","3","5","06","17","3","","0","1","1","0","0"
"POINT (11.576538919000029 48.151189384000077)","Unfall 195594 (2021) Kat:3, Licht: 2","195594","3","7","6","06","00","7","","2","0","1","1","0"
"POINT (11.425177973000075 48.179610089000050)","Unfall 195601 (2021) Kat:3, Licht: 2","195601","3","6","3","06","23","5","","2","1","0","0","0"
"POINT (11.534895038000059 48.146266827000034)","Unfall 195603 (2021) Kat:3, Licht: 0","195603","3","7","0","06","15","5","","0","0","1","0","1"
"POINT (11.613940071000059 48.131332890000067)","Unfall 195605 (2021) Kat:3, Licht: 0","195605","3","6","0","05","12","2","","0","1","1","0","0"
"POINT (11.529542255000024 48.161238603000072)","Unfall 195612 (2021) Kat:3, Licht: 0","195612","3","2","5","06","17","3","","0","1","1","0","0"
"POINT (11.609528519000037 48.139693161000025)","Unfall 195614 (2021) Kat:3, Licht: 0","195614","3","3","5","06","16","3","","0","0","1","0","0"
"POINT (11.599587982000060 48.103244511000071)","Unfall 195615 (2021) Kat:3, Licht: 0","195615","3","1","0","05","13","7","","0","1","0","0","0"
"POINT (11.475689359000057 48.184099012000047)","Unfall 195626 (2021) Kat:3, Licht: 0","195626","3","3","6","06","19","3","","0","0","1","1","0"
"POINT (11.466715744000055 48.153529756000069)","Unfall 195627 (2021) Kat:3, Licht: 0","195627","3","7","0","05","14","7","","0","1","0","0","0"
"POINT (11.580491690000031 48.134981733000075)","Unfall 195630 (2021) Kat:3, Licht: 0","195630","3","7","0","06","16","6","","0","1","1","0","0"
"POINT (11.579344953000032 48.122398074000046)","Unfall 195644 (2021) Kat:3, Licht: 0","195644","3","1","0","06","18","1","","0","1","0","0","0"
"POINT (11.573099129000070 48.181632530000059)","Unfall 195648 (2021) Kat:3, Licht: 0","195648","3","1","3","06","13","4","","0","0","1","0","1"
"POINT (11.502268244000049 48.112019550000070)","Unfall 195651 (2021) Kat:2, Licht: 1","195651","2","2","5","06","21","5","","1","0","1","0","0"
"POINT (11.596847391000040 48.192805945000032)","Unfall 195655 (2021) Kat:3, Licht: 0","195655","3","2","5","05","15","2","","0","0","1","0","1"
"POINT (11.584808824000049 48.158005176000074)","Unfall 195660 (2021) Kat:3, Licht: 0","195660","3","5","0","06","20","2","","0","1","1","0","0"
"POINT (11.597603208000066 48.132290953000052)","Unfall 195662 (2021) Kat:3, Licht: 0","195662","3","4","6","06","07","3","","0","0","1","1","0"
"POINT (11.522287335000044 48.106726475000073)","Unfall 195663 (2021) Kat:3, Licht: 0","195663","3","3","5","06","16","5","","0","1","1","0","0"
"POINT (11.583951272000036 48.098996538000051)","Unfall 195668 (2021) Kat:2, Licht: 0","195668","2","3","0","06","19","6","","0","1","1","0","0"
"POINT (11.639972451000062 48.146382644000028)","Unfall 195676 (2021) Kat:3, Licht: 0","195676","3","2","3","05","14","6","","0","1","1","0","0"
"POINT (11.545141590000071 48.117924521000077)","Unfall 195677 (2021) Kat:2, Licht: 0","195677","2","4","6","06","14","3","","0","0","1","1","0"
"POINT (11.442840020000062 48.142385041000068)","Unfall 195683 (2021) Kat:3, Licht: 0","195683","3","7","0","06","08","4","","0","1","1","0","0"
"POINT (11.443042280000043 48.177371836000077)","Unfall 195687 (2021) Kat:3, Licht: 0","195687","3","6","3","06","12","5","","0","1","0","0","0"
"POINT (11.576191576000042 48.155018101000053)","Unfall 195694 (2021) Kat:3, Licht: 0","195694","3","3","5","05","17","2","","0","1","1","0","0"
"POINT (11.544924780000031 48.093546338000067)","Unfall 195695 (2021) Kat:2, Licht: 0","195695","2","1","0","06","18","7","","0","1","0","0","0"
"POINT (11.624395609000032 48.118492511000056)","Unfall 195697 (2021) Kat:3, Licht: 0","195697","3","2","4","06","07","4","","0","1","1","0","0"
"POINT (11.503110874000072 48.089830564000067)","Unfall 195699 (2021) Kat:3, Licht: 0","195699","3","1","5","05","16","6","","0","1","0","0","0"
"POINT (11.513956540000038 48.173348848000046)","Unfall 195701 (2021) Kat:3, Licht: 0","195701","3","3","5","06","11","5","","0","1","1","0","0"
"POINT (11.494285121000075 48.178199460000030)","Unfall 195723 (2021) Kat:2, Licht: 0","195723","2","7","0","06","13","7","","0","1","0","0","0"
"POINT (11.503120658000057 48.141599146000033)","Unfall 195726 (2021) Kat:3, Licht: 0","195726","3","3","5","05","15","6","","0","0","1","0","0"
"POINT (11.696967474000076 48.140377212000033)","Unfall 195730 (2021) Kat:3, Licht: 0","195730","3","7","8","05","15","2","","0","0","1","0","0"
"POINT (11.576369217000035 48.119065449000061)","Unfall 195739 (2021) Kat:2, Licht: 2","195739","2","1","0","05","22","7","","2","1","0","0","0"
"POINT (11.583841980000045 48.155561977000048)","Unfall 195747 (2021) Kat:2, Licht: 2","195747","2","7","0","06","23","7","","2","1","0","0","0"
"POINT (11.550971267000023 48.187496354000075)","Unfall 195754 (2021) Kat:3, Licht: 0","195754","3","2","4","06","13","5","","0","0","1","0","1"
"POINT (11.607620955000073 48.203512774000046)","Unfall 195757 (2021) Kat:3, Licht: 0","195757","3","3","5","06","11","6","","0","1","1","0","0"
"POINT (11.634485401000063 48.169197501000042)","Unfall 195760 (2021) Kat:3, Licht: 0","195760","3","6","2","06","17","2","","0","0","1","0","0"
"POINT (11.575933379000048 48.120323914000039)","Unfall 195763 (2021) Kat:3, Licht: 2","195763","3","7","1","06","01","7","","2","0","1","0","0"
"POINT (11.572852665000028 48.175889524000070)","Unfall 195770 (2021) Kat:2, Licht: 0","195770","2","6","4","06","18","6","","0","1","0","0","0"
"POINT (11.579283553000039 48.160024858000043)","Unfall 195772 (2021) Kat:3, Licht: 0","195772","3","1","0","06","19","7","","0","1","0","0","0"
"POINT (11.608718432000046 48.136887447000049)","Unfall 195776 (2021) Kat:3, Licht: 0","195776","3","7","0","05","14","6","","0","1","0","0","0"
"POINT (11.558461912000041 48.219846518000054)","Unfall 195788 (2021) Kat:3, Licht: 0","195788","3","5","1","06","18","3","","0","1","0","0","0"
"POINT (11.494877415000076 48.178155401000026)","Unfall 195792 (2021) Kat:3, Licht: 0","195792","3","1","0","06","09","6","","0","1","0","0","0"
"POINT (11.578271925000024 48.126351881000062)","Unfall 195798 (2021) Kat:3, Licht: 0","195798","3","6","3","06","17","7","","0","1","0","0","0"
"POINT (11.508899410000026 48.153461531000062)","Unfall 195807 (2021) Kat:3, Licht: 2","195807","3","7","1","06","21","1","","2","0","1","0","0"
"POINT (11.502411783000070 48.112893005000046)","Unfall 195810 (2021) Kat:3, Licht: 0","195810","3","6","2","06","17","4","","0","0","1","0","0"
"POINT (11.575676331000068 48.184383992000051)","Unfall 195814 (2021) Kat:3, Licht: 2","195814","3","3","5","06","21","5","","2","1","1","0","0"
"POINT (11.586111163000055 48.141381657000068)","Unfall 195819 (2021) Kat:3, Licht: 0","195819","3","1","0","06","10","1","","0","1","0","0","0"
"POINT (11.520489095000073 48.150033865000069)","Unfall 195822 (2021) Kat:3, Licht: 0","195822","3","2","3","06","12","4","","0","1","1","0","0"
"POINT (11.492554975000076 48.140252587000077)","Unfall 195824 (2021) Kat:3, Licht: 0","195824","3","2","5","05","17","6","","0","0","1","0","0"
"POINT (11.544542188000037 48.150253976000045)","Unfall 195830 (2021) Kat:3, Licht: 0","195830","3","4","6","05","16","2","","0","1","0","1","0"
"POINT (11.597108477000063 48.134375503000058)","Unfall 195839 (2021) Kat:3, Licht: 0","195839","3","1","0","06","16","3","","0","1","0","0","0"
"POINT (11.633614282000053 48.106831844000055)","Unfall 195840 (2021) Kat:3, Licht: 0","195840","3","3","5","05","13","7","","0","1","1","0","0"
"POINT (11.578924085000040 48.145271227000080)","Unfall 195842 (2021) Kat:3, Licht: 2","195842","3","6","2","06","02","6","","2","0","1","0","0"
"POINT (11.529430217000026 48.152214062000041)","Unfall 195865 (2021) Kat:3, Licht: 0","195865","3","2","4","06","09","5","","0","1","1","0","0"
"POINT (11.583234137000034 48.135408410000025)","Unfall 195880 (2021) Kat:3, Licht: 0","195880","3","7","0","05","15","1","","0","1","0","0","0"
"POINT (11.533104210000033 48.112756810000064)","Unfall 195881 (2021) Kat:3, Licht: 1","195881","3","2","5","06","20","6","","1","1","1","0","0"
"POINT (11.541092196000022 48.121782847000077)","Unfall 195884 (2021) Kat:3, Licht: 0","195884","3","2","5","05","16","2","","0","1","1","0","0"
"POINT (11.583265805000053 48.141230529000040)","Unfall 195889 (2021) Kat:3, Licht: 0","195889","3","7","5","06","08","2","","0","1","0","0","0"
"POINT (11.580511518000037 48.148987202000058)","Unfall 195891 (2021) Kat:3, Licht: 0","195891","3","7","0","06","15","3","","0","1","0","0","0"
"POINT (11.566237286000046 48.108892473000026)","Unfall 195892 (2021) Kat:3, Licht: 0","195892","3","4","6","06","16","5","","0","0","1","1","0"
"POINT (11.642260321000037 48.156796400000076)","Unfall 195893 (2021) Kat:3, Licht: 0","195893","3","6","2","06","13","3","","0","0","1","0","1"
"POINT (11.580934759000058 48.169339124000032)","Unfall 195894 (2021) Kat:3, Licht: 2","195894","3","5","1","05","21","7","","2","1","1","0","0"
"POINT (11.581028532000062 48.138931073000037)","Unfall 195897 (2021) Kat:3, Licht: 0","195897","3","1","0","06","15","6","","0","1","0","0","0"
"POINT (11.669685961000027 48.139829881000026)","Unfall 195904 (2021) Kat:3, Licht: 0","195904","3","1","0","05","16","1","","0","1","0","0","0"
"POINT (11.550269790000073 48.112295219000032)","Unfall 195911 (2021) Kat:3, Licht: 0","195911","3","6","3","06","18","4","","0","1","0","0","0"
"POINT (11.695384633000060 48.140580833000058)","Unfall 195912 (2021) Kat:3, Licht: 0","195912","3","3","5","05","11","6","","0","1","1","0","0"
"POINT (11.553866668000069 48.218619663000027)","Unfall 195919 (2021) Kat:3, Licht: 0","195919","3","3","1","06","11","6","","0","0","1","0","1"
"POINT (11.566049696000050 48.187099902000057)","Unfall 195925 (2021) Kat:3, Licht: 2","195925","3","3","5","06","01","7","","2","0","1","0","0"
"POINT (11.542890016000058 48.214874477000080)","Unfall 195929 (2021) Kat:3, Licht: 0","195929","3","4","6","06","16","3","","0","0","1","1","0"
"POINT (11.460719604000076 48.137719561000040)","Unfall 195936 (2021) Kat:3, Licht: 0","195936","3","1","8","06","20","7","","0","0","0","0","0"
"POINT (11.642512073000034 48.158616012000039)","Unfall 195940 (2021) Kat:3, Licht: 0","195940","3","6","3","05","10","6","","0","1","1","0","0"
"POINT (11.586736570000028 48.164180537000050)","Unfall 195950 (2021) Kat:3, Licht: 0","195950","3","2","5","06","18","4","","0","1","1","0","0"
"POINT (11.566275336000047 48.158269878000056)","Unfall 195951 (2021) Kat:3, Licht: 0","195951","3","7","6","05","10","6","","0","1","0","1","0"
"POINT (11.579263995000076 48.187669833000029)","Unfall 195952 (2021) Kat:3, Licht: 0","195952","3","7","0","06","16","3","","0","0","0","0","0"
"POINT (11.657727742000077 48.140424607000057)","Unfall 195967 (2021) Kat:3, Licht: 0","195967","3","2","4","06","14","6","","0","0","1","0","1"
"POINT (11.503071930000033 48.141151443000069)","Unfall 195975 (2021) Kat:3, Licht: 2","195975","3","5","1","06","22","4","","2","1","1","0","0"
"POINT (11.563456760000065 48.208812206000061)","Unfall 195980 (2021) Kat:3, Licht: 0","195980","3","2","6","06","13","6","","0","0","1","1","0"
"POINT (11.598786459000053 48.121668624000051)","Unfall 195983 (2021) Kat:3, Licht: 0","195983","3","3","5","06","12","7","","0","0","1","0","0"
"POINT (11.563019127000075 48.131749724000031)","Unfall 195985 (2021) Kat:3, Licht: 0","195985","3","2","4","06","10","4","","0","1","1","0","0"
"POINT (11.643183033000071 48.100761212000066)","Unfall 195990 (2021) Kat:2, Licht: 0","195990","2","6","4","06","19","5","","0","1","1","0","0"
"POINT (11.587609389000022 48.125476122000066)","Unfall 196000 (2021) Kat:3, Licht: 2","196000","3","5","1","05","23","7","","2","0","1","0","0"
"POINT (11.602374925000049 48.146742875000029)","Unfall 196011 (2021) Kat:3, Licht: 1","196011","3","2","5","06","20","3","","1","1","1","0","0"
"POINT (11.502913930000034 48.131052551000039)","Unfall 196016 (2021) Kat:3, Licht: 0","196016","3","7","0","06","10","6","","0","0","0","0","0"
"POINT (11.635211197000046 48.170250978000070)","Unfall 196021 (2021) Kat:3, Licht: 0","196021","3","7","0","06","13","7","","0","1","0","0","0"
"POINT (11.511748755000042 48.158327182000050)","Unfall 196025 (2021) Kat:3, Licht: 0","196025","3","2","1","06","07","3","","0","1","1","0","0"
"POINT (11.508182548000036 48.158920546000047)","Unfall 196034 (2021) Kat:3, Licht: 0","196034","3","6","4","06","18","4","","0","1","0","0","0"
"POINT (11.469340258000045 48.170366501000046)","Unfall 196046 (2021) Kat:3, Licht: 0","196046","3","2","5","06","14","2","","0","1","0","0","0"
"POINT (11.536185929000055 48.167499955000039)","Unfall 196048 (2021) Kat:3, Licht: 0","196048","3","6","2","06","18","3","","0","1","0","0","0"
"POINT (11.579939206000063 48.115526617000057)","Unfall 196050 (2021) Kat:3, Licht: 0","196050","3","1","0","05","14","7","","0","1","0","0","0"
"POINT (11.509006428000077 48.125881084000071)","Unfall 196053 (2021) Kat:3, Licht: 0","196053","3","7","0","06","11","6","","0","1","0","0","0"
"POINT (11.548417296000025 48.150397573000078)","Unfall 196059 (2021) Kat:3, Licht: 0","196059","3","3","5","06","12","7","","0","1","0","0","0"
"POINT (11.579321888000038 48.129254948000039)","Unfall 196072 (2021) Kat:3, Licht: 0","196072","3","2","2","06","11","4","","0","0","1","0","0"
"POINT (11.407250303000069 48.177545476000034)","Unfall 196080 (2021) Kat:3, Licht: 0","196080","3","3","5","06","06","3","","0","1","1","0","0"
"POINT (11.577154558000075 48.127166818000035)","Unfall 196085 (2021) Kat:3, Licht: 0","196085","3","1","0","06","13","1","","0","1","0","0","0"
"POINT (11.654027202000066 48.156668866000075)","Unfall 196087 (2021) Kat:3, Licht: 0","196087","3","7","0","06","18","4","","0","1","0","0","0"
"POINT (11.607066083000063 48.203073690000053)","Unfall 196089 (2021) Kat:3, Licht: 0","196089","3","3","5","05","17","6","","0","1","1","0","0"
"POINT (11.409996505000038 48.136751433000029)","Unfall 196095 (2021) Kat:2, Licht: 0","196095","2","2","4","05","07","2","","0","0","1","0","1"
"POINT (11.636119070000063 48.098918164000054)","Unfall 196105 (2021) Kat:2, Licht: 0","196105","2","1","0","05","11","7","","0","1","0","0","0"
"POINT (11.516454014000033 48.109500096000033)","Unfall 196108 (2021) Kat:3, Licht: 0","196108","3","5","1","06","16","6","","0","1","1","0","0"
"POINT (11.516700007000054 48.120800001000077)","Unfall 196110 (2021) Kat:3, Licht: 2","196110","3","7","0","05","22","2","","2","0","0","0","0"
"POINT (11.463146051000024 48.164774988000033)","Unfall 196116 (2021) Kat:3, Licht: 0","196116","3","2","0","06","16","3","","0","0","1","0","0"
"POINT (11.592210815000044 48.138777061000042)","Unfall 196117 (2021) Kat:2, Licht: 0","196117","2","6","5","05","11","1","","0","1","0","0","0"
"POINT (11.586324220000051 48.163154377000069)","Unfall 196123 (2021) Kat:3, Licht: 0","196123","3","7","1","06","15","4","","0","0","1","0","0"
"POINT (11.599743570000044 48.148811129000080)","Unfall 196124 (2021) Kat:3, Licht: 0","196124","3","2","4","06","16","4","","0","1","1","0","0"
"POINT (11.456248172000073 48.153023121000047)","Unfall 196127 (2021) Kat:2, Licht: 1","196127","2","2","5","06","20","5","","1","0","1","0","1"
"POINT (11.517738346000044 48.218193246000055)","Unfall 196132 (2021) Kat:2, Licht: 0","196132","2","3","5","06","16","6","","0","1","1","0","0"
"POINT (11.682313099000055 48.117374753000036)","Unfall 196138 (2021) Kat:3, Licht: 0","196138","3","3","5","05","16","6","","0","1","1","0","0"
"POINT (11.591537995000067 48.142449313000043)","Unfall 196149 (2021) Kat:2, Licht: 0","196149","2","6","3","06","14","2","","0","1","0","0","0"
"POINT (11.528930269000057 48.163814847000026)","Unfall 196162 (2021) Kat:3, Licht: 1","196162","3","7","0","06","19","7","","1","1","0","0","0"
"POINT (11.534828125000047 48.168075884000075)","Unfall 196164 (2021) Kat:2, Licht: 0","196164","2","3","5","06","10","4","","0","1","0","0","0"
"POINT (11.518473372000074 48.140600243000051)","Unfall 196166 (2021) Kat:3, Licht: 0","196166","3","6","3","06","08","3","","0","1","1","0","0"
"POINT (11.611267666000060 48.089539811000066)","Unfall 196169 (2021) Kat:3, Licht: 0","196169","3","2","4","05","12","2","","0","1","1","0","0"
"POINT (11.638969181000050 48.128133365000053)","Unfall 196175 (2021) Kat:3, Licht: 0","196175","3","7","6","06","09","2","","0","0","1","1","0"