WKT,Name,OBJECTID,UKATEGORIE,UTYP1,UART,UMONAT,USTUNDE,UWOCHENTAG,STRZUSTAND,ULICHTVERH,ISTRAD,ISTPKW,ISTFUSS,ISTKRAD
"POINT (11.638845383000046 48.127902754000047)","Unfall 196178 (2021) Kat:3, Licht: 0","196178","3","3","5","06","16","5","","0","1","1","0","0"
"POINT (11.579155290000074 48.151373711000076)","Unfall 196197 (2021) Kat:3, Licht: 0","196197","3","5","1","06","11","4","","0","1","1","0","0"
"POINT (11.432441984000036 48.174352924000061)","Unfall 196202 (2021) Kat:3, Licht: 2","196202","3","7","0","06","00","7","","2","1","0","0","0"
"POINT (11.595311055000025 48.130073370000048)","Unfall 196211 (2021) Kat:3, Licht: 0","196211","3","4","6","06","11","7","","0","1","0","1","0"
"POINT (11.584213045000070 48.156743310000081)","Unfall 196215 (2021) Kat:3, Licht: 2","196215","3","6","4","05","23","6","","2","1","0","0","0"
"POINT (11.599727668000071 48.120187455000064)","Unfall 196217 (2021) Kat:2, Licht: 0","196217","2","7","0","06","15","5","","0","1","0","0","0"
"POINT (11.578923306000036 48.184220768000046)","Unfall 196226 (2021) Kat:3, Licht: 0","196226","3","7","0","06","18","3","","0","0","0","0","0"
"POINT (11.596967675000030 48.104917626000031)","Unfall 196230 (2021) Kat:3, Licht: 0","196230","3","4","0","06","13","6","","0","0","0","1","0"
"POINT (11.507525741000052 48.115932761000067)","Unfall 196231 (2021) Kat:3, Licht: 0","196231","3","7","5","06","07","6","","0","1","1","0","0"
"POINT (11.507171969000069 48.163895067000055)","Unfall 196233 (2021) Kat:3, Licht: 0","196233","3","6","2","06","11","1","","0","0","1","0","0"
"POINT (11.699950543000057 48.133497235000050)","Unfall 196240 (2021) Kat:3, Licht: 0","196240","3","3","5","06","18","3","","0","0","1","0","0"
"POINT (11.502959946000033 48.132555893000074)","Unfall 196256 (2021) Kat:3, Licht: 0","196256","3","7","0","05","08","2","","0","1","0","0","0"
"POINT (11.474225138000065 48.171518809000077)","Unfall 196262 (2021) Kat:2, Licht: 0","196262","2","7","0","06","15","3","","0","1","0","0","0"
"POINT (11.579577596000036 48.187770580000063)","Unfall 196277 (2021) Kat:3, Licht: 0","196277","3","7","0","06","07","3","","0","0","0","0","0"
"POINT (11.579483288000063 48.133957241000076)","Unfall 196278 (2021) Kat:3, Licht: 0","196278","3","1","0","05","18","7","","0","1","0","0","0"
"POINT (11.583962127000063 48.158391467000058)","Unfall 196281 (2021) Kat:3, Licht: 0","196281","3","6","6","06","08","6","","0","1","0","1","0"
"POINT (11.587978590000034 48.163696927000046)","Unfall 196283 (2021) Kat:3, Licht: 2","196283","3","6","4","06","01","1","","2","1","1","0","0"
"POINT (11.627181386000075 48.151157452000064)","Unfall 196290 (2021) Kat:3, Licht: 0","196290","3","7","5","06","07","3","","0","1","1","0","0"
"POINT (11.570383121000077 48.121412579000037)","Unfall 196294 (2021) Kat:2, Licht: 0","196294","2","6","6","05","08","2","","0","1","0","1","0"
"POINT (11.513031364000028 48.118075112000042)","Unfall 196295 (2021) Kat:3, Licht: 0","196295","3","7","0","06","15","1","","0","1","0","0","0"
"POINT (11.604148155000075 48.146945476000042)","Unfall 196298 (2021) Kat:3, Licht: 0","196298","3","5","2","06","17","4","","0","0","1","0","1"
"POINT (11.596711220000032 48.172850742000037)","Unfall 196301 (2021) Kat:2, Licht: 0","196301","2","1","0","06","14","5","","0","1","0","0","0"
"POINT (11.690093705000038 48.135510125000053)","Unfall 196302 (2021) Kat:3, Licht: 0","196302","3","2","3","06","12","5","","0","1","1","0","0"
"POINT (11.567603418000033 48.209249161000059)","Unfall 196306 (2021) Kat:3, Licht: 0","196306","3","6","2","05","09","2","","0","0","0","0","1"
"POINT (11.568955352000046 48.131203609000067)","Unfall 196307 (2021) Kat:3, Licht: 0","196307","3","1","0","06","18","7","","0","1","0","0","0"
"POINT (11.519454486000029 48.099007658000062)","Unfall 196313 (2021) Kat:3, Licht: 0","196313","3","5","2","06","16","3","","0","0","1","0","1"
"POINT (11.575646990000052 48.131538127000056)","Unfall 196316 (2021) Kat:3, Licht: 0","196316","3","2","3","06","18","3","","0","1","0","0","0"
"POINT (11.555950866000046 48.138996102000078)","Unfall 196318 (2021) Kat:2, Licht: 0","196318","2","7","0","05","17","1","","0","1","0","0","0"
"POINT (11.505865869000047 48.184399493000058)","Unfall 196320 (2021) Kat:3, Licht: 0","196320","3","3","5","06","17","6","","0","1","1","0","0"
"POINT (11.645226972000046 48.109083756000075)","Unfall 196324 (2021) Kat:3, Licht: 0","196324","3","1","0","06","09","7","","0","0","0","0","0"
"POINT (11.584333441000069 48.143631853000045)","Unfall 196328 (2021) Kat:3, Licht: 0","196328","3","3","3","05","12","6","","0","1","1","0","0"
"POINT (11.658178527000075 48.126779117000069)","Unfall 196329 (2021) Kat:3, Licht: 0","196329","3","3","5","06","14","3","","0","1","1","0","0"
"POINT (11.584239550000063 48.201142144000073)","Unfall 196332 (2021) Kat:3, Licht: 0","196332","3","7","0","05","13","7","","0","1","0","0","0"
"POINT (11.601859664000074 48.140341084000056)","Unfall 196334 (2021) Kat:3, Licht: 0","196334","3","1","0","06","16","6","","0","1","0","0","0"
"POINT (11.701047939000034 48.112348815000075)","Unfall 196335 (2021) Kat:3, Licht: 0","196335","3","7","0","06","08","6","","0","0","1","0","1"
"POINT (11.581003798000040 48.138935891000074)","Unfall 196342 (2021) Kat:3, Licht: 0","196342","3","1","0","06","18","4","","0","1","0","0","0"
"POINT (11.571554598000034 48.121028737000074)","Unfall 196344 (2021) Kat:3, Licht: 0","196344","3","2","3","06","07","3","","0","1","1","0","0"
"POINT (11.484292599000071 48.136932184000045)","Unfall 196351 (2021) Kat:2, Licht: 2","196351","2","3","6","06","00","4","","2","0","1","1","0"
"POINT (11.567572925000036 48.131901297000070)","Unfall 196353 (2021) Kat:3, Licht: 0","196353","3","1","0","05","11","6","","0","1","0","0","0"
"POINT (11.583932154000024 48.162238338000066)","Unfall 196368 (2021) Kat:2, Licht: 0","196368","2","4","1","06","19","5","","0","1","0","1","0"
"POINT (11.529318040000021 48.177649810000048)","Unfall 196374 (2021) Kat:3, Licht: 0","196374","3","3","5","06","14","6","","0","1","1","0","0"
"POINT (11.575966844000050 48.120371082000077)","Unfall 196378 (2021) Kat:3, Licht: 0","196378","3","3","5","06","14","4","","0","1","1","0","0"
"POINT (11.569723506000059 48.144584044000055)","Unfall 196379 (2021) Kat:3, Licht: 2","196379","3","3","5","06","22","4","","2","1","1","0","0"
"POINT (11.604092029000071 48.107822126000030)","Unfall 196380 (2021) Kat:3, Licht: 0","196380","3","3","5","05","07","6","","0","1","0","0","0"
"POINT (11.528669237000031 48.208598705000043)","Unfall 196382 (2021) Kat:3, Licht: 1","196382","3","6","4","06","20","5","","1","0","1","0","0"
"POINT (11.488255015000050 48.140862564000031)","Unfall 196384 (2021) Kat:2, Licht: 0","196384","2","2","3","05","13","2","","0","1","1","0","0"
"POINT (11.425267817000076 48.157425075000049)","Unfall 196390 (2021) Kat:3, Licht: 0","196390","3","7","0","06","17","3","","0","1","1","0","0"
"POINT (11.504187262000073 48.082055607000029)","Unfall 196399 (2021) Kat:3, Licht: 0","196399","3","7","0","06","07","3","","0","0","1","0","0"
"POINT (11.476862810000057 48.164322223000056)","Unfall 196400 (2021) Kat:3, Licht: 0","196400","3","6","4","06","15","1","","0","1","0","0","0"
"POINT (11.578762499000050 48.145301221000068)","Unfall 196408 (2021) Kat:3, Licht: 0","196408","3","3","5","06","20","5","","0","0","1","0","0"
"POINT (11.588499526000021 48.142903620000027)","Unfall 196412 (2021) Kat:3, Licht: 0","196412","3","6","3","06","17","2","","0","0","1","0","1"
"POINT (11.541132228000038 48.121627870000054)","Unfall 196418 (2021) Kat:3, Licht: 0","196418","3","7","0","06","11","6","","0","0","0","0","0"
"POINT (11.577154558000075 48.127166818000035)","Unfall 196424 (2021) Kat:3, Licht: 0","196424","3","4","6","06","20","3","","0","1","0","1","0"
"POINT (11.552928755000039 48.161493658000040)","Unfall 196427 (2021) Kat:3, Licht: 0","196427","3","2","4","06","17","3","","0","0","1","0","0"
"POINT (11.549623118000056 48.125102104000064)","Unfall 196442 (2021) Kat:3, Licht: 0","196442","3","3","0","06","16","2","","0","1","0","0","1"
"POINT (11.521915616000058 48.195142144000044)","Unfall 196445 (2021) Kat:3, Licht: 0","196445","3","6","4","06","18","5","","0","0","1","0","0"
"POINT (11.553055947000075 48.161514335000049)","Unfall 196446 (2021) Kat:3, Licht: 0","196446","3","2","5","06","10","4","","0","0","1","0","1"
"POINT (11.547748743000056 48.126699508000058)","Unfall 196459 (2021) Kat:3, Licht: 0","196459","3","2","5","06","07","2","","0","1","1","0","0"
"POINT (11.555920992000040 48.128368874000046)","Unfall 196466 (2021) Kat:3, Licht: 2","196466","3","6","3","06","00","7","","2","1","0","0","0"
"POINT (11.560477361000039 48.208566008000048)","Unfall 196472 (2021) Kat:3, Licht: 0","196472","3","3","5","06","11","3","","0","1","1","0","0"
"POINT (11.577775607000035 48.136297081000066)","Unfall 196473 (2021) Kat:3, Licht: 2","196473","3","1","0","06","21","1","","2","1","0","0","0"
"POINT (11.593892387000039 48.128727481000055)","Unfall 196474 (2021) Kat:3, Licht: 0","196474","3","2","5","06","08","2","","0","0","0","1","1"
"POINT (11.585456138000040 48.176668487000029)","Unfall 196477 (2021) Kat:3, Licht: 2","196477","3","2","3","06","00","4","","2","0","1","0","0"
"POINT (11.557866712000077 48.096763864000081)","Unfall 196486 (2021) Kat:3, Licht: 0","196486","3","1","0","06","15","6","","0","1","0","0","0"
"POINT (11.608627202000037 48.117888323000045)","Unfall 196492 (2021) Kat:3, Licht: 0","196492","3","3","5","06","11","5","","0","1","1","0","0"
"POINT (11.556412742000077 48.149123396000050)","Unfall 196503 (2021) Kat:3, Licht: 0","196503","3","2","5","06","12","3","","0","1","1","0","0"
"POINT (11.586513463000074 48.163178347000041)","Unfall 196508 (2021) Kat:3, Licht: 0","196508","3","7","0","06","19","1","","0","1","0","0","0"
"POINT (11.576757461000057 48.118896642000038)","Unfall 196509 (2021) Kat:3, Licht: 0","196509","3","3","5","06","18","2","","0","1","1","0","0"
"POINT (11.555308569000033 48.139170067000066)","Unfall 196510 (2021) Kat:3, Licht: 0","196510","3","7","0","06","19","6","","0","0","0","0","0"
"POINT (11.558990379000022 48.175841513000080)","Unfall 196521 (2021) Kat:2, Licht: 0","196521","2","3","5","06","09","3","","0","1","1","0","0"
"POINT (11.574112848000027 48.120108332000029)","Unfall 196523 (2021) Kat:3, Licht: 0","196523","3","2","5","06","13","2","","0","1","1","0","0"
"POINT (11.549168441000063 48.124723304000042)","Unfall 196535 (2021) Kat:3, Licht: 2","196535","3","1","0","06","23","6","","2","1","0","0","0"
"POINT (11.578454967000027 48.157817336000051)","Unfall 196536 (2021) Kat:3, Licht: 0","196536","3","6","3","06","19","3","","0","1","0","0","0"
"POINT (11.579395048000038 48.115101268000046)","Unfall 196546 (2021) Kat:3, Licht: 0","196546","3","1","3","06","19","2","","0","1","0","0","0"
"POINT (11.577020151000056 48.115951774000052)","Unfall 196549 (2021) Kat:3, Licht: 0","196549","3","3","5","06","14","4","","0","0","1","0","0"
"POINT (11.522162736000041 48.137425566000047)","Unfall 196551 (2021) Kat:3, Licht: 0","196551","3","7","1","06","17","3","","0","0","1","0","1"
"POINT (11.578303390000031 48.137367639000047)","Unfall 196570 (2021) Kat:3, Licht: 2","196570","3","1","0","06","00","6","","2","1","0","0","0"
"POINT (11.535584457000027 48.139993288000028)","Unfall 196573 (2021) Kat:3, Licht: 0","196573","3","1","0","06","07","3","","0","1","0","0","0"
"POINT (11.496722029000068 48.095021715000030)","Unfall 196575 (2021) Kat:3, Licht: 0","196575","3","2","5","06","08","2","","0","0","1","0","0"
"POINT (11.657149220000065 48.110870781000074)","Unfall 196580 (2021) Kat:3, Licht: 0","196580","3","1","0","06","10","6","","0","1","0","0","0"
"POINT (11.420960945000047 48.174443977000067)","Unfall 196581 (2021) Kat:2, Licht: 0","196581","2","7","0","06","18","5","","0","0","0","0","1"
"POINT (11.700001271000076 48.132296375000067)","Unfall 196582 (2021) Kat:3, Licht: 0","196582","3","3","5","06","18","3","","0","0","1","0","0"
"POINT (11.511625809000066 48.158746777000033)","Unfall 196591 (2021) Kat:3, Licht: 0","196591","3","3","2","06","15","2","","0","1","1","0","0"
"POINT (11.537295925000024 48.192488544000071)","Unfall 196596 (2021) Kat:2, Licht: 0","196596","2","6","0","06","16","3","","0","1","0","0","0"
"POINT (11.586583960000041 48.157138126000063)","Unfall 196599 (2021) Kat:3, Licht: 0","196599","3","5","1","06","17","4","","0","1","1","0","0"
"POINT (11.548375467000028 48.116342678000080)","Unfall 196605 (2021) Kat:3, Licht: 0","196605","3","2","4","06","16","5","","0","0","1","0","1"
"POINT (11.459467629000073 48.189505432000033)","Unfall 196622 (2021) Kat:2, Licht: 0","196622","2","7","0","06","16","1","","0","1","0","1","0"
"POINT (11.581784128000038 48.118703979000031)","Unfall 196624 (2021) Kat:3, Licht: 0","196624","3","1","0","06","20","3","","0","1","0","0","0"
"POINT (11.575806530000023 48.187656055000048)","Unfall 196625 (2021) Kat:3, Licht: 2","196625","3","1","0","06","03","1","","2","1","0","0","0"
"POINT (11.555794987000070 48.130000634000055)","Unfall 196626 (2021) Kat:2, Licht: 0","196626","2","3","5","06","09","2","","0","1","1","0","0"
"POINT (11.562141366000048 48.156903404000047)","Unfall 196628 (2021) Kat:3, Licht: 0","196628","3","7","0","06","15","5","","0","1","0","0","0"
"POINT (11.640083862000040 48.089743297000041)","Unfall 196629 (2021) Kat:3, Licht: 0","196629","3","3","5","06","11","4","","0","1","1","0","0"
"POINT (11.474047720000044 48.110681986000031)","Unfall 196634 (2021) Kat:3, Licht: 0","196634","3","6","3","06","07","4","","0","1","0","0","0"
"POINT (11.559795761000032 48.186702175000050)","Unfall 196640 (2021) Kat:3, Licht: 0","196640","3","3","5","06","17","3","","0","1","0","0","1"
"POINT (11.534181261000072 48.134963282000058)","Unfall 196641 (2021) Kat:3, Licht: 0","196641","3","3","5","06","13","2","","0","1","1","0","0"
"POINT (11.541656340000031 48.139516301000072)","Unfall 196643 (2021) Kat:3, Licht: 0","196643","3","2","5","06","15","5","","0","0","1","0","1"
"POINT (11.560236415000077 48.144922799000028)","Unfall 196650 (2021) Kat:3, Licht: 0","196650","3","7","0","06","07","1","","0","1","0","0","0"
"POINT (11.594617555000070 48.141821647000029)","Unfall 196656 (2021) Kat:3, Licht: 0","196656","3","3","5","06","15","2","","0","1","1","0","0"
"POINT (11.602746925000076 48.187752160000059)","Unfall 196663 (2021) Kat:3, Licht: 0","196663","3","2","5","06","14","6","","0","1","1","0","0"
"POINT (11.520711182000070 48.138479538000070)","Unfall 196664 (2021) Kat:3, Licht: 0","196664","3","1","0","06","15","3","","0","0","0","0","1"
"POINT (11.474519339000040 48.091286295000032)","Unfall 196668 (2021) Kat:3, Licht: 0","196668","3","6","2","06","14","4","","0","1","1","0","0"
"POINT (11.580827226000054 48.140609232000031)","Unfall 196671 (2021) Kat:3, Licht: 0","196671","3","6","2","06","17","1","","0","1","1","0","0"
"POINT (11.639627807000068 48.116560301000050)","Unfall 196674 (2021) Kat:3, Licht: 0","196674","3","7","1","06","16","1","","0","1","1","0","0"
"POINT (11.622503477000066 48.138306946000057)","Unfall 196675 (2021) Kat:3, Licht: 0","196675","3","6","3","06","17","2","","0","0","1","0","0"
"POINT (11.564667384000074 48.168011126000067)","Unfall 196684 (2021) Kat:3, Licht: 0","196684","3","2","5","06","16","2","","0","1","1","0","0"
"POINT (11.576895328000035 48.144199797000056)","Unfall 196687 (2021) Kat:3, Licht: 0","196687","3","7","0","06","14","6","","0","1","1","0","0"
"POINT (11.569534031000046 48.139927984000053)","Unfall 196700 (2021) Kat:2, Licht: 0","196700","2","2","3","06","13","6","","0","1","1","0","0"
"POINT (11.585812950000047 48.173766275000048)","Unfall 196701 (2021) Kat:3, Licht: 2","196701","3","6","3","06","22","5","","2","0","1","0","0"
"POINT (11.578453683000021 48.167023547000042)","Unfall 196703 (2021) Kat:3, Licht: 0","196703","3","2","4","06","19","4","","0","1","1","0","0"
"POINT (11.414354992000028 48.146484955000062)","Unfall 196705 (2021) Kat:3, Licht: 2","196705","3","2","3","06","23","2","","2","0","1","0","1"
"POINT (11.595573040000033 48.171685526000033)","Unfall 196707 (2021) Kat:3, Licht: 0","196707","3","6","0","06","15","7","","0","1","0","0","0"
"POINT (11.588491060000024 48.159246618000054)","Unfall 196708 (2021) Kat:3, Licht: 0","196708","3","6","4","06","18","4","","0","1","1","0","0"
"POINT (11.525891400000035 48.156524030000071)","Unfall 196713 (2021) Kat:3, Licht: 0","196713","3","5","3","06","15","6","","0","1","1","0","0"
"POINT (11.514295046000029 48.118033836000052)","Unfall 196720 (2021) Kat:3, Licht: 0","196720","3","3","5","06","18","3","","0","1","0","0","0"
"POINT (11.519802044000073 48.157257382000068)","Unfall 196723 (2021) Kat:3, Licht: 0","196723","3","3","5","06","19","3","","0","0","1","0","0"
"POINT (11.483079151000027 48.132813824000038)","Unfall 196725 (2021) Kat:3, Licht: 0","196725","3","5","1","06","12","2","","0","1","1","0","0"
"POINT (11.559727585000076 48.137408625000035)","Unfall 196726 (2021) Kat:3, Licht: 0","196726","3","7","3","06","10","6","","0","0","1","0","1"
"POINT (11.487218276000021 48.082068259000039)","Unfall 196737 (2021) Kat:3, Licht: 2","196737","3","6","5","06","20","6","","2","1","0","0","0"
"POINT (11.569996998000022 48.130917374000035)","Unfall 196738 (2021) Kat:3, Licht: 0","196738","3","1","0","06","15","3","","0","1","0","0","0"
"POINT (11.529058425000073 48.163050717000033)","Unfall 196742 (2021) Kat:3, Licht: 0","196742","3","4","6","06","15","5","","0","1","0","1","0"
"POINT (11.545236446000047 48.118357594000031)","Unfall 196752 (2021) Kat:3, Licht: 1","196752","3","3","5","06","06","4","","1","0","1","0","1"
"POINT (11.512637659000063 48.094467996000049)","Unfall 196753 (2021) Kat:2, Licht: 0","196753","2","3","3","06","10","4","","0","1","1","0","0"
"POINT (11.645298572000058 48.139934948000075)","Unfall 196755 (2021) Kat:3, Licht: 0","196755","3","2","4","06","18","1","","0","1","1","0","0"
"POINT (11.575380127000074 48.155144430000064)","Unfall 196757 (2021) Kat:3, Licht: 2","196757","3","7","0","06","00","4","","2","1","0","0","0"
"POINT (11.580970491000073 48.135489380000081)","Unfall 196762 (2021) Kat:3, Licht: 0","196762","3","1","0","06","17","3","","0","0","0","0","0"
"POINT (11.533327623000048 48.148657054000068)","Unfall 196765 (2021) Kat:3, Licht: 0","196765","3","3","1","06","11","4","","0","1","1","0","0"
"POINT (11.557520819000047 48.126955100000032)","Unfall 196767 (2021) Kat:3, Licht: 0","196767","3","2","5","06","18","3","","0","1","1","0","0"
"POINT (11.585677140000030 48.129722698000080)","Unfall 196770 (2021) Kat:3, Licht: 0","196770","3","6","2","06","14","4","","0","0","1","0","0"
"POINT (11.570787036000070 48.184486813000035)","Unfall 196776 (2021) Kat:3, Licht: 0","196776","3","7","0","06","19","4","","0","1","0","0","0"
"POINT (11.511952477000023 48.108813178000048)","Unfall 196786 (2021) Kat:3, Licht: 0","196786","3","4","1","06","17","6","","0","1","1","1","0"
"POINT (11.535019351000074 48.146393316000058)","Unfall 196789 (2021) Kat:2, Licht: 0","196789","2","4","6","06","15","7","","0","0","1","1","0"
"POINT (11.630507422000051 48.118071879000070)","Unfall 196790 (2021) Kat:2, Licht: 0","196790","2","5","1","06","13","4","","0","1","1","0","0"
"POINT (11.502404671000022 48.111831231000053)","Unfall 196793 (2021) Kat:3, Licht: 0","196793","3","3","5","06","08","3","","0","0","1","0","0"
"POINT (11.664583773000061 48.107672411000067)","Unfall 196794 (2021) Kat:3, Licht: 0","196794","3","7","0","06","14","1","","0","1","0","0","0"
"POINT (11.572211898000035 48.154037589000040)","Unfall 196797 (2021) Kat:2, Licht: 0","196797","2","2","4","06","06","2","","0","0","1","0","1"
"POINT (11.535662980000041 48.199717451000026)","Unfall 196799 (2021) Kat:3, Licht: 2","196799","3","3","5","06","23","4","","2","0","1","0","0"
"POINT (11.496512329000041 48.130193103000067)","Unfall 196809 (2021) Kat:3, Licht: 0","196809","3","7","4","06","18","6","","0","0","1","0","0"
"POINT (11.616946563000056 48.130629591000059)","Unfall 196815 (2021) Kat:3, Licht: 0","196815","3","3","5","06","08","2","","0","1","1","0","0"
"POINT (11.536639129000037 48.132673857000043)","Unfall 196822 (2021) Kat:3, Licht: 0","196822","3","7","6","06","16","6","","0","0","1","1","0"
"POINT (11.588988637000057 48.100780361000034)","Unfall 196826 (2021) Kat:3, Licht: 0","196826","3","2","3","06","09","2","","0","1","1","0","0"
"POINT (11.448850025000070 48.173534221000068)","Unfall 196832 (2021) Kat:3, Licht: 0","196832","3","3","5","06","17","6","","0","0","1","0","0"
"POINT (11.585361880000050 48.129392853000070)","Unfall 196833 (2021) Kat:3, Licht: 2","196833","3","1","7","06","00","3","","2","1","0","0","0"
"POINT (11.510282486000051 48.163463161000038)","Unfall 196834 (2021) Kat:3, Licht: 0","196834","3","3","5","06","17","2","","0","0","1","0","0"
"POINT (11.627514633000033 48.151134690000049)","Unfall 196838 (2021) Kat:3, Licht: 0","196838","3","3","5","06","11","3","","0","1","0","0","0"
"POINT (11.573223885000061 48.132253041000070)","Unfall 196841 (2021) Kat:3, Licht: 0","196841","3","1","0","06","15","3","","0","0","0","0","1"
"POINT (11.602472004000049 48.135859004000054)","Unfall 196855 (2021) Kat:3, Licht: 2","196855","3","2","3","06","21","6","","2","1","1","0","0"
"POINT (11.621148954000034 48.187061768000035)","Unfall 196856 (2021) Kat:3, Licht: 0","196856","3","3","5","06","16","5","","0","1","1","0","0"
"POINT (11.511181512000064 48.161542564000058)","Unfall 196861 (2021) Kat:3, Licht: 2","196861","3","5","3","06","23","7","","2","1","1","0","0"
"POINT (11.562530452000033 48.212793601000044)","Unfall 196863 (2021) Kat:3, Licht: 0","196863","3","4","4","06","07","5","","0","1","0","1","0"
"POINT (11.588540357000056 48.143039305000059)","Unfall 196866 (2021) Kat:2, Licht: 2","196866","2","3","5","06","21","6","","2","1","1","0","0"
"POINT (11.590739354000050 48.130702391000057)","Unfall 196885 (2021) Kat:3, Licht: 0","196885","3","5","0","06","15","3","","0","1","1","0","0"
"POINT (11.538292663000050 48.203770632000044)","Unfall 196888 (2021) Kat:3, Licht: 0","196888","3","3","0","06","15","3","","0","0","0","0","0"
"POINT (11.602882213000044 48.112955458000044)","Unfall 196890 (2021) Kat:3, Licht: 0","196890","3","3","5","06","13","2","","0","1","1","0","0"
"POINT (11.440576187000033 48.180738146000067)","Unfall 196912 (2021) Kat:3, Licht: 0","196912","3","6","1","06","14","1","","0","1","0","0","1"
"POINT (11.579111037000075 48.125730662000080)","Unfall 196925 (2021) Kat:3, Licht: 0","196925","3","5","4","06","16","1","","0","1","1","0","0"
"POINT (11.562794929000063 48.141615223000031)","Unfall 196928 (2021) Kat:3, Licht: 0","196928","3","7","0","06","12","5","","0","0","0","0","0"
"POINT (11.503296863000060 48.143672732000027)","Unfall 196933 (2021) Kat:3, Licht: 0","196933","3","4","6","06","19","2","","0","0","0","1","0"
"POINT (11.534558002000040 48.128105180000034)","Unfall 196938 (2021) Kat:3, Licht: 0","196938","3","6","3","06","09","6","","0","1","0","0","0"
"POINT (11.513712336000026 48.202054723000060)","Unfall 196939 (2021) Kat:3, Licht: 0","196939","3","3","5","06","15","3","","0","1","0","0","0"
"POINT (11.570326047000037 48.137414106000051)","Unfall 196940 (2021) Kat:3, Licht: 0","196940","3","6","2","06","10","2","","0","0","1","0","1"
"POINT (11.502998101000060 48.125991662000047)","Unfall 196949 (2021) Kat:3, Licht: 0","196949","3","2","5","06","17","2","","0","0","1","0","1"
"POINT (11.595066455000051 48.171047838000050)","Unfall 196952 (2021) Kat:3, Licht: 0","196952","3","2","9","06","12","6","","0","0","1","0","0"
"POINT (11.577868522000074 48.107246964000069)","Unfall 196953 (2021) Kat:3, Licht: 0","196953","3","1","0","06","12","3","","0","0","0","0","0"
"POINT (11.509438408000051 48.154052612000044)","Unfall 196956 (2021) Kat:3, Licht: 0","196956","3","2","3","06","08","7","","0","0","1","0","1"
"POINT (11.502789095000026 48.131429738000065)","Unfall 196965 (2021) Kat:3, Licht: 0","196965","3","6","2","06","07","4","","0","0","1","0","0"
"POINT (11.537510719000068 48.166189470000063)","Unfall 196967 (2021) Kat:2, Licht: 0","196967","2","6","3","06","09","3","","0","1","1","0","0"
"POINT (11.571497642000054 48.187506496000026)","Unfall 196978 (2021) Kat:3, Licht: 0","196978","3","6","2","06","17","2","","0","0","1","0","0"
"POINT (11.507471825000039 48.215986414000042)","Unfall 196984 (2021) Kat:3, Licht: 0","196984","3","2","4","06","16","6","","0","0","1","0","1"
"POINT (11.580900757000052 48.124470599000063)","Unfall 196985 (2021) Kat:3, Licht: 2","196985","3","1","0","06","23","5","","2","1","1","0","0"
"POINT (11.573145801000067 48.203243649000058)","Unfall 196987 (2021) Kat:3, Licht: 0","196987","3","6","9","06","19","4","","0","0","1","0","0"
"POINT (11.519812896000076 48.109879433000060)","Unfall 196992 (2021) Kat:2, Licht: 0","196992","2","1","0","06","13","3","","0","0","0","0","1"
"POINT (11.425456103000045 48.174049468000078)","Unfall 196996 (2021) Kat:3, Licht: 0","196996","3","7","0","06","14","2","","0","0","1","0","1"
"POINT (11.589879684000039 48.192720626000039)","Unfall 197005 (2021) Kat:3, Licht: 0","197005","3","6","3","06","15","2","","0","0","1","0","1"
"POINT (11.592417200000057 48.154990791000046)","Unfall 197014 (2021) Kat:3, Licht: 0","197014","3","3","5","06","17","1","","0","1","0","0","0"
"POINT (11.527920964000032 48.137315407000074)","Unfall 197017 (2021) Kat:3, Licht: 0","197017","3","2","4","06","19","6","","0","0","1","0","1"
"POINT (11.502265990000069 48.112199765000071)","Unfall 197021 (2021) Kat:3, Licht: 0","197021","3","2","4","06","06","2","","0","1","1","0","0"
"POINT (11.541664721000075 48.094559147000041)","Unfall 197027 (2021) Kat:2, Licht: 0","197027","2","1","0","06","19","6","","0","1","0","0","0"
"POINT (11.606351225000026 48.101312247000067)","Unfall 197061 (2021) Kat:3, Licht: 0","197061","3","2","0","06","20","1","","0","1","1","0","0"
"POINT (11.465836746000036 48.177543589000038)","Unfall 197067 (2021) Kat:3, Licht: 0","197067","3","2","4","06","07","2","","0","0","0","0","1"
"POINT (11.603149922000057 48.140080110000042)","Unfall 197068 (2021) Kat:3, Licht: 0","197068","3","6","0","06","09","4","","0","0","1","0","0"
"POINT (11.586787468000068 48.137762249000048)","Unfall 197071 (2021) Kat:3, Licht: 0","197071","3","6","1","06","19","2","","0","0","1","0","0"
"POINT (11.660870695000028 48.119397340000035)","Unfall 197075 (2021) Kat:3, Licht: 0","197075","3","6","0","06","13","6","","0","1","0","0","0"
"POINT (11.599038627000027 48.121274959000061)","Unfall 197076 (2021) Kat:3, Licht: 0","197076","3","6","0","06","07","3","","0","1","0","0","0"
"POINT (11.458772123000074 48.149769560000038)","Unfall 197079 (2021) Kat:3, Licht: 0","197079","3","7","1","06","12","7","","0","0","1","0","0"
"POINT (11.549451486000066 48.136528065000050)","Unfall 197080 (2021) Kat:3, Licht: 2","197080","3","6","2","06","21","4","","2","0","1","0","0"
"POINT (11.459093405000033 48.209525273000054)","Unfall 197083 (2021) Kat:2, Licht: 0","197083","2","6","0","06","17","3","","0","1","0","0","0"