WKT,Name,OBJECTID,UKATEGORIE,UTYP1,UART,UMONAT,USTUNDE,UWOCHENTAG,STRZUSTAND,ULICHTVERH,ISTRAD,ISTPKW,ISTFUSS,ISTKRAD
"POINT (11.502731507000021 48.098578676000045)","Unfall 197086 (2021) Kat:3, Licht: 0","197086","3","3","5","06","08","3","","0","0","1","0","0"
"POINT (11.503079156000069 48.087516345000040)","Unfall 197087 (2021) Kat:3, Licht: 0","197087","3","2","5","06","15","1","","0","1","1","0","0"
"POINT (11.548446838000075 48.115459373000078)","Unfall 197089 (2021) Kat:3, Licht: 0","197089","3","6","3","06","18","6","","0","1","0","0","0"
"POINT (11.614023694000025 48.131138086000078)","Unfall 197099 (2021) Kat:3, Licht: 0","197099","3","2","5","06","17","6","","0","1","1","0","0"
"POINT (11.622656346000042 48.120715339000071)","Unfall 197100 (2021) Kat:2, Licht: 0","197100","2","7","6","06","18","3","","0","0","0","1","0"
"POINT (11.586467904000074 48.161784877000059)","Unfall 197106 (2021) Kat:3, Licht: 0","197106","3","3","5","06","14","7","","0","1","0","0","1"
"POINT (11.585234539000055 48.132120538000038)","Unfall 197107 (2021) Kat:3, Licht: 2","197107","3","1","0","06","21","4","","2","1","0","0","0"
"POINT (11.510127367000052 48.131118417000039)","Unfall 197113 (2021) Kat:3, Licht: 0","197113","3","3","5","06","18","3","","0","1","1","0","0"
"POINT (11.619325385000025 48.197821956000041)","Unfall 197114 (2021) Kat:3, Licht: 0","197114","3","6","2","06","18","4","","0","0","1","0","0"
"POINT (11.594531857000050 48.164485310000032)","Unfall 197118 (2021) Kat:2, Licht: 0","197118","2","2","5","06","11","4","","0","0","1","0","1"
"POINT (11.564475925000067 48.170064234000051)","Unfall 197120 (2021) Kat:3, Licht: 0","197120","3","6","4","06","15","2","","0","1","0","0","0"
"POINT (11.640557656000055 48.149887288000059)","Unfall 197122 (2021) Kat:3, Licht: 0","197122","3","7","1","06","11","7","","0","1","1","0","0"
"POINT (11.576226986000052 48.131451098000070)","Unfall 197123 (2021) Kat:3, Licht: 0","197123","3","2","3","06","17","4","","0","1","0","0","0"
"POINT (11.573760373000027 48.151786767000033)","Unfall 197128 (2021) Kat:3, Licht: 0","197128","3","5","3","06","12","6","","0","1","1","0","0"
"POINT (11.511035193000055 48.158726679000040)","Unfall 197134 (2021) Kat:3, Licht: 0","197134","3","5","1","06","11","3","","0","1","1","0","0"
"POINT (11.612047304000043 48.146148044000029)","Unfall 197139 (2021) Kat:2, Licht: 0","197139","2","3","5","06","14","2","","0","1","1","0","0"
"POINT (11.486246549000043 48.144234345000029)","Unfall 197151 (2021) Kat:3, Licht: 0","197151","3","3","5","06","17","6","","0","1","1","0","0"
"POINT (11.685760277000043 48.120883949000074)","Unfall 197152 (2021) Kat:3, Licht: 0","197152","3","6","4","06","08","3","","0","1","0","0","0"
"POINT (11.582996833000038 48.157565697000052)","Unfall 197155 (2021) Kat:3, Licht: 0","197155","3","5","1","06","17","7","","0","1","1","0","0"
"POINT (11.546588823000036 48.130583114000046)","Unfall 197156 (2021) Kat:3, Licht: 0","197156","3","2","3","06","17","4","","0","1","0","0","0"
"POINT (11.446819373000039 48.149652015000072)","Unfall 197162 (2021) Kat:3, Licht: 0","197162","3","6","2","06","19","3","","0","0","1","0","0"
"POINT (11.653857782000046 48.128364371000032)","Unfall 197163 (2021) Kat:3, Licht: 0","197163","3","3","5","06","14","2","","0","1","1","0","0"
"POINT (11.534623856000053 48.119828310000059)","Unfall 197167 (2021) Kat:2, Licht: 2","197167","2","6","2","06","23","3","","2","1","1","0","0"
"POINT (11.552082231000043 48.139066012000058)","Unfall 197170 (2021) Kat:3, Licht: 0","197170","3","3","5","06","17","4","","0","1","0","0","0"
"POINT (11.419156552000061 48.153129558000046)","Unfall 197179 (2021) Kat:3, Licht: 0","197179","3","4","6","06","20","2","","0","0","1","1","0"
"POINT (11.407450766000068 48.177602762000049)","Unfall 197180 (2021) Kat:2, Licht: 0","197180","2","5","1","06","15","3","","0","1","1","0","0"
"POINT (11.581614116000026 48.151309308000066)","Unfall 197185 (2021) Kat:3, Licht: 2","197185","3","6","2","06","00","1","","2","0","1","0","0"
"POINT (11.564280331000077 48.200508161000073)","Unfall 197186 (2021) Kat:3, Licht: 0","197186","3","2","3","06","20","2","","0","0","0","0","1"
"POINT (11.565632652000033 48.134653654000033)","Unfall 197189 (2021) Kat:2, Licht: 0","197189","2","6","0","06","13","4","","0","0","1","0","0"
"POINT (11.596447156000067 48.136000193000029)","Unfall 197192 (2021) Kat:3, Licht: 0","197192","3","2","3","06","18","2","","0","1","1","0","0"
"POINT (11.569974763000062 48.112278534000041)","Unfall 197198 (2021) Kat:3, Licht: 0","197198","3","4","6","06","11","6","","0","0","1","1","0"
"POINT (11.589338086000055 48.136886608000054)","Unfall 197199 (2021) Kat:3, Licht: 0","197199","3","3","3","06","07","3","","0","1","1","0","0"
"POINT (11.561639221000064 48.155475640000077)","Unfall 197201 (2021) Kat:3, Licht: 0","197201","3","5","0","06","18","2","","0","1","1","0","0"
"POINT (11.541994045000024 48.128912662000062)","Unfall 197202 (2021) Kat:3, Licht: 2","197202","3","1","0","06","02","7","","2","0","0","0","0"
"POINT (11.580969381000045 48.154479189000028)","Unfall 197213 (2021) Kat:3, Licht: 2","197213","3","5","1","06","00","4","","2","0","1","0","0"
"POINT (11.568252872000073 48.131408931000067)","Unfall 197217 (2021) Kat:3, Licht: 0","197217","3","1","0","06","15","4","","0","1","0","0","0"
"POINT (11.640697581000040 48.097942030000070)","Unfall 197227 (2021) Kat:3, Licht: 0","197227","3","2","3","06","07","2","","0","1","1","0","0"
"POINT (11.579464994000034 48.146825049000029)","Unfall 197231 (2021) Kat:3, Licht: 2","197231","3","3","5","06","23","6","","2","1","1","0","0"
"POINT (11.582759422000038 48.153658296000060)","Unfall 197234 (2021) Kat:3, Licht: 2","197234","3","6","2","06","01","7","","2","0","1","0","0"
"POINT (11.554469319000077 48.148274865000076)","Unfall 197237 (2021) Kat:3, Licht: 0","197237","3","2","4","06","20","3","","0","0","1","0","1"
"POINT (11.555812808000042 48.120244407000030)","Unfall 197244 (2021) Kat:3, Licht: 0","197244","3","2","4","06","09","6","","0","0","1","0","1"
"POINT (11.502344202000074 48.116192434000027)","Unfall 197245 (2021) Kat:3, Licht: 0","197245","3","2","3","06","16","3","","0","1","1","0","0"
"POINT (11.446413985000049 48.156439831000057)","Unfall 197250 (2021) Kat:3, Licht: 0","197250","3","5","0","06","13","3","","0","1","1","0","0"
"POINT (11.520983976000025 48.149949165000066)","Unfall 197253 (2021) Kat:3, Licht: 0","197253","3","2","6","06","10","3","","0","0","1","1","0"
"POINT (11.557815397000070 48.143398280000042)","Unfall 197257 (2021) Kat:3, Licht: 0","197257","3","7","0","06","17","4","","0","1","0","0","0"
"POINT (11.548590152000031 48.170857255000044)","Unfall 197267 (2021) Kat:3, Licht: 0","197267","3","7","0","06","13","6","","0","1","0","0","0"
"POINT (11.609144887000070 48.186016873000028)","Unfall 197276 (2021) Kat:3, Licht: 0","197276","3","6","2","06","09","5","","0","0","1","0","0"
"POINT (11.457158596000056 48.140061090000074)","Unfall 197279 (2021) Kat:3, Licht: 0","197279","3","7","0","06","12","6","","0","0","0","0","0"
"POINT (11.630496278000066 48.117763718000049)","Unfall 197280 (2021) Kat:3, Licht: 0","197280","3","6","1","06","10","3","","0","1","1","0","0"
"POINT (11.580217276000042 48.133901643000058)","Unfall 197287 (2021) Kat:3, Licht: 2","197287","3","1","0","06","01","1","","2","1","0","0","0"
"POINT (11.601962419000074 48.135794577000070)","Unfall 197291 (2021) Kat:3, Licht: 0","197291","3","2","3","06","10","2","","0","1","1","0","0"
"POINT (11.504180554000072 48.151278575000049)","Unfall 197299 (2021) Kat:3, Licht: 0","197299","3","6","4","06","14","2","","0","1","0","0","0"
"POINT (11.520364287000064 48.147108615000036)","Unfall 197304 (2021) Kat:3, Licht: 0","197304","3","6","3","06","17","2","","0","0","1","0","1"
"POINT (11.536936416000060 48.109079286000053)","Unfall 197306 (2021) Kat:3, Licht: 0","197306","3","3","5","06","16","5","","0","1","0","0","0"
"POINT (11.600480397000069 48.148833247000027)","Unfall 197307 (2021) Kat:3, Licht: 0","197307","3","4","6","06","15","4","","0","0","1","1","0"
"POINT (11.547855373000061 48.176302280000073)","Unfall 197308 (2021) Kat:3, Licht: 0","197308","3","6","3","06","15","4","","0","1","0","0","0"
"POINT (11.641912799000067 48.157074733000059)","Unfall 197316 (2021) Kat:3, Licht: 2","197316","3","6","2","06","21","6","","2","0","1","0","1"
"POINT (11.630497272000071 48.117791201000045)","Unfall 197318 (2021) Kat:3, Licht: 0","197318","3","6","1","06","16","4","","0","1","1","0","0"
"POINT (11.585005378000062 48.177262841000072)","Unfall 197320 (2021) Kat:3, Licht: 0","197320","3","2","5","06","09","2","","0","1","1","0","0"
"POINT (11.602208766000047 48.123945872000036)","Unfall 197321 (2021) Kat:3, Licht: 0","197321","3","2","3","06","07","4","","0","1","1","0","0"
"POINT (11.608119368000075 48.148451647000059)","Unfall 197324 (2021) Kat:3, Licht: 0","197324","3","3","5","06","16","4","","0","0","1","0","0"
"POINT (11.569814237000060 48.121126657000048)","Unfall 197329 (2021) Kat:3, Licht: 0","197329","3","1","0","06","18","6","","0","0","0","0","0"
"POINT (11.441984698000056 48.149210436000033)","Unfall 197335 (2021) Kat:3, Licht: 0","197335","3","2","3","06","18","3","","0","1","0","0","0"
"POINT (11.570101241000032 48.181423477000067)","Unfall 197341 (2021) Kat:3, Licht: 0","197341","3","7","2","06","09","2","","0","0","1","0","0"
"POINT (11.548855263000064 48.112167255000031)","Unfall 197345 (2021) Kat:3, Licht: 0","197345","3","7","0","06","08","3","","0","0","0","0","0"
"POINT (11.554672052000058 48.146556959000065)","Unfall 197348 (2021) Kat:3, Licht: 1","197348","3","3","5","06","20","2","","1","0","1","0","0"
"POINT (11.582180432000030 48.098345515000062)","Unfall 197349 (2021) Kat:3, Licht: 0","197349","3","2","5","06","14","4","","0","0","1","1","0"
"POINT (11.579360072000043 48.129365232000055)","Unfall 197354 (2021) Kat:3, Licht: 0","197354","3","4","6","06","13","6","","0","0","1","1","0"
"POINT (11.586573713000064 48.163931265000031)","Unfall 197355 (2021) Kat:3, Licht: 0","197355","3","6","3","06","16","5","","0","0","1","0","1"
"POINT (11.471603537000021 48.149699114000043)","Unfall 197359 (2021) Kat:2, Licht: 2","197359","2","7","6","06","00","5","","2","0","0","1","0"
"POINT (11.629865814000027 48.165707082000040)","Unfall 197360 (2021) Kat:3, Licht: 0","197360","3","3","5","06","16","4","","0","1","0","0","0"
"POINT (11.536976413000048 48.111076065000077)","Unfall 197366 (2021) Kat:3, Licht: 0","197366","3","7","1","06","16","3","","0","1","1","0","0"
"POINT (11.584674631000041 48.157723186000055)","Unfall 197368 (2021) Kat:3, Licht: 2","197368","3","1","1","06","03","6","","2","1","1","0","0"
"POINT (11.582368521000035 48.098552928000061)","Unfall 197370 (2021) Kat:3, Licht: 2","197370","3","1","0","06","23","4","","2","1","0","0","0"
"POINT (11.582980202000044 48.133858990000078)","Unfall 197373 (2021) Kat:3, Licht: 0","197373","3","1","4","06","09","7","","0","0","0","0","1"
"POINT (11.548982559000024 48.136185943000044)","Unfall 197374 (2021) Kat:3, Licht: 0","197374","3","7","4","06","17","5","","0","1","0","0","0"
"POINT (11.587686244000054 48.169545955000046)","Unfall 197383 (2021) Kat:3, Licht: 0","197383","3","1","1","06","18","4","","0","1","1","0","0"
"POINT (11.572436928000059 48.149739610000040)","Unfall 197385 (2021) Kat:3, Licht: 2","197385","3","1","1","06","02","3","","2","1","1","0","0"
"POINT (11.575284500000066 48.128169346000050)","Unfall 197388 (2021) Kat:3, Licht: 0","197388","3","7","0","06","10","4","","0","1","0","1","0"
"POINT (11.512325426000075 48.196944405000067)","Unfall 197392 (2021) Kat:2, Licht: 0","197392","2","3","5","06","20","2","","0","1","1","0","0"
"POINT (11.547017901000061 48.199705349000055)","Unfall 197398 (2021) Kat:3, Licht: 0","197398","3","7","0","06","07","2","","0","0","1","0","1"
"POINT (11.582754545000057 48.157622496000045)","Unfall 197404 (2021) Kat:3, Licht: 0","197404","3","2","6","06","17","6","","0","0","1","1","0"
"POINT (11.551781239000036 48.135352163000050)","Unfall 197408 (2021) Kat:3, Licht: 0","197408","3","6","3","06","08","4","","0","1","1","0","0"
"POINT (11.570830403000059 48.162952067000049)","Unfall 197411 (2021) Kat:3, Licht: 0","197411","3","5","1","06","11","3","","0","1","1","0","0"
"POINT (11.573190778000026 48.143260967000060)","Unfall 197412 (2021) Kat:3, Licht: 0","197412","3","1","0","06","10","1","","0","0","0","0","1"
"POINT (11.614007989000072 48.188763331000075)","Unfall 197414 (2021) Kat:3, Licht: 0","197414","3","2","5","06","19","3","","0","1","1","0","0"
"POINT (11.570871997000040 48.177593405000039)","Unfall 197415 (2021) Kat:3, Licht: 0","197415","3","2","5","06","18","2","","0","1","1","0","0"
"POINT (11.546685300000036 48.101396778000037)","Unfall 197417 (2021) Kat:3, Licht: 0","197417","3","1","0","06","19","4","","0","1","0","0","0"
"POINT (11.559994261000043 48.130227571000034)","Unfall 197427 (2021) Kat:3, Licht: 0","197427","3","3","5","07","07","4","","0","1","1","0","0"
"POINT (11.562586601000021 48.139396860000033)","Unfall 197433 (2021) Kat:3, Licht: 0","197433","3","7","6","06","18","2","","0","0","1","1","0"
"POINT (11.564110393000021 48.201205693000077)","Unfall 197447 (2021) Kat:3, Licht: 0","197447","3","2","4","07","09","5","","0","0","1","0","0"
"POINT (11.689043440000034 48.131492931000025)","Unfall 197457 (2021) Kat:2, Licht: 0","197457","2","3","0","06","20","6","","0","0","0","0","1"
"POINT (11.520368315000042 48.075981372000058)","Unfall 197469 (2021) Kat:3, Licht: 0","197469","3","4","6","07","15","5","","0","0","1","1","0"
"POINT (11.601871712000047 48.119894658000078)","Unfall 197496 (2021) Kat:3, Licht: 2","197496","3","1","0","07","03","7","","2","1","0","0","0"
"POINT (11.564876869000045 48.160916756000063)","Unfall 197508 (2021) Kat:3, Licht: 0","197508","3","5","4","06","19","2","","0","1","1","0","0"
"POINT (11.590309952000041 48.192905065000048)","Unfall 197512 (2021) Kat:3, Licht: 2","197512","3","3","5","07","02","1","","2","0","1","0","0"
"POINT (11.587877101000061 48.173601261000044)","Unfall 197546 (2021) Kat:3, Licht: 0","197546","3","2","5","07","12","7","","0","1","1","0","0"
"POINT (11.563813331000063 48.160891914000047)","Unfall 197556 (2021) Kat:3, Licht: 0","197556","3","1","0","07","13","4","","0","1","0","0","0"
"POINT (11.581408271000043 48.138854996000077)","Unfall 197558 (2021) Kat:3, Licht: 2","197558","3","1","0","06","22","2","","2","1","0","0","0"
"POINT (11.572120796000036 48.191609105000055)","Unfall 197559 (2021) Kat:3, Licht: 0","197559","3","6","2","07","08","2","","0","0","1","0","1"
"POINT (11.574984963000077 48.210613834000071)","Unfall 197563 (2021) Kat:3, Licht: 0","197563","3","2","5","06","16","1","","0","1","1","0","0"
"POINT (11.635409170000059 48.138852462000045)","Unfall 197564 (2021) Kat:3, Licht: 1","197564","3","6","3","06","20","5","","1","1","1","0","0"
"POINT (11.551140476000057 48.117445215000032)","Unfall 197576 (2021) Kat:3, Licht: 0","197576","3","3","0","06","20","3","","0","0","1","0","1"
"POINT (11.556044891000056 48.127985548000026)","Unfall 197581 (2021) Kat:3, Licht: 0","197581","3","5","3","07","19","7","","0","1","1","0","0"
"POINT (11.607957289000069 48.148447290000036)","Unfall 197593 (2021) Kat:3, Licht: 0","197593","3","3","5","07","13","3","","0","0","1","0","0"
"POINT (11.577505847000054 48.113310142000046)","Unfall 197600 (2021) Kat:3, Licht: 0","197600","3","5","3","06","15","5","","0","1","1","0","0"
"POINT (11.475607908000029 48.128600304000031)","Unfall 197603 (2021) Kat:3, Licht: 0","197603","3","7","0","07","20","3","","0","0","0","0","0"
"POINT (11.642427751000071 48.121652131000076)","Unfall 197604 (2021) Kat:3, Licht: 0","197604","3","6","2","06","17","6","","0","1","1","0","0"
"POINT (11.584066473000064 48.156433190000030)","Unfall 197605 (2021) Kat:3, Licht: 0","197605","3","6","3","07","18","6","","0","0","1","0","1"
"POINT (11.552114973000073 48.204216984000027)","Unfall 197607 (2021) Kat:3, Licht: 0","197607","3","7","0","07","14","4","","0","0","1","0","0"
"POINT (11.512718398000061 48.094469239000034)","Unfall 197612 (2021) Kat:3, Licht: 0","197612","3","3","5","06","12","5","","0","0","1","0","0"
"POINT (11.569394985000031 48.140868281000053)","Unfall 197613 (2021) Kat:3, Licht: 0","197613","3","7","6","06","14","3","","0","0","0","1","0"
"POINT (11.583379884000067 48.154977302000077)","Unfall 197616 (2021) Kat:3, Licht: 0","197616","3","5","1","06","20","6","","0","0","1","0","0"
"POINT (11.477829677000045 48.131098158000043)","Unfall 197621 (2021) Kat:2, Licht: 0","197621","2","7","0","07","07","4","","0","1","0","1","0"
"POINT (11.576630061000060 48.114339911000059)","Unfall 197630 (2021) Kat:3, Licht: 0","197630","3","2","5","07","11","4","","0","1","1","0","0"
"POINT (11.534784160000072 48.152399290000062)","Unfall 197631 (2021) Kat:3, Licht: 0","197631","3","3","1","06","09","7","","0","0","1","0","1"
"POINT (11.610650378000059 48.118858724000063)","Unfall 197633 (2021) Kat:3, Licht: 0","197633","3","6","6","06","16","2","","0","1","0","1","0"
"POINT (11.709296608000045 48.111411441000030)","Unfall 197634 (2021) Kat:3, Licht: 0","197634","3","3","4","07","19","2","","0","0","1","0","1"
"POINT (11.619545039000059 48.167969690000064)","Unfall 197638 (2021) Kat:2, Licht: 0","197638","2","1","0","06","06","4","","0","1","0","0","0"
"POINT (11.584943376000069 48.158289365000030)","Unfall 197649 (2021) Kat:2, Licht: 2","197649","2","5","1","06","00","5","","2","1","1","0","0"
"POINT (11.586114769000062 48.131775027000060)","Unfall 197662 (2021) Kat:3, Licht: 0","197662","3","7","6","06","14","6","","0","1","0","1","0"
"POINT (11.603468449000047 48.135758534000047)","Unfall 197671 (2021) Kat:3, Licht: 0","197671","3","6","3","06","10","1","","0","1","1","0","0"
"POINT (11.556027419000031 48.136384667000073)","Unfall 197675 (2021) Kat:3, Licht: 2","197675","3","3","5","06","22","6","","2","1","1","0","0"
"POINT (11.503002542000047 48.125924413000064)","Unfall 197676 (2021) Kat:3, Licht: 0","197676","3","6","2","06","18","4","","0","0","1","0","0"
"POINT (11.571097985000051 48.131128473000047)","Unfall 197677 (2021) Kat:3, Licht: 0","197677","3","7","0","07","18","6","","0","1","0","0","0"
"POINT (11.586127449000060 48.161861284000054)","Unfall 197680 (2021) Kat:3, Licht: 0","197680","3","2","5","06","14","7","","0","1","1","0","0"
"POINT (11.559627616000057 48.149956734000057)","Unfall 197693 (2021) Kat:3, Licht: 0","197693","3","2","3","07","16","6","","0","1","0","0","1"
"POINT (11.524328612000033 48.135830930000054)","Unfall 197695 (2021) Kat:3, Licht: 0","197695","3","1","0","06","17","1","","0","1","0","0","0"
"POINT (11.523503262000077 48.157405968000035)","Unfall 197697 (2021) Kat:3, Licht: 0","197697","3","5","0","06","08","3","","0","1","1","0","0"
"POINT (11.566709188000061 48.182950518000041)","Unfall 197698 (2021) Kat:3, Licht: 0","197698","3","4","6","07","07","5","","0","1","0","1","0"
"POINT (11.478351892000035 48.119761843000049)","Unfall 197704 (2021) Kat:2, Licht: 0","197704","2","3","5","07","18","4","","0","0","1","0","0"
"POINT (11.694712623000044 48.103373166000040)","Unfall 197719 (2021) Kat:3, Licht: 0","197719","3","6","1","07","12","1","","0","1","0","0","0"
"POINT (11.587654136000026 48.106626107000068)","Unfall 197720 (2021) Kat:2, Licht: 1","197720","2","7","0","06","04","1","","1","0","0","0","1"
"POINT (11.602344152000057 48.123727264000081)","Unfall 197721 (2021) Kat:3, Licht: 0","197721","3","6","2","06","08","5","","0","1","0","0","0"
"POINT (11.586265826000044 48.162314303000073)","Unfall 197723 (2021) Kat:3, Licht: 0","197723","3","7","6","07","12","5","","0","0","0","1","0"
"POINT (11.579011038000033 48.145703095000044)","Unfall 197736 (2021) Kat:3, Licht: 2","197736","3","5","6","06","02","1","","2","1","0","1","0"
"POINT (11.535075187000075 48.168195309000055)","Unfall 197740 (2021) Kat:3, Licht: 0","197740","3","3","5","07","17","3","","0","1","1","0","0"
"POINT (11.586577558000045 48.164039106000075)","Unfall 197743 (2021) Kat:3, Licht: 0","197743","3","6","0","06","17","2","","0","0","0","0","0"
"POINT (11.562631156000066 48.185953766000068)","Unfall 197754 (2021) Kat:3, Licht: 0","197754","3","7","0","07","13","6","","0","1","0","0","0"
"POINT (11.548815188000049 48.143549863000032)","Unfall 197757 (2021) Kat:3, Licht: 0","197757","3","3","0","06","13","7","","0","0","1","0","0"
"POINT (11.612555043000043 48.116967601000056)","Unfall 197765 (2021) Kat:3, Licht: 0","197765","3","1","0","07","16","4","","0","0","0","0","1"
"POINT (11.498738555000045 48.081609716000060)","Unfall 197773 (2021) Kat:3, Licht: 0","197773","3","6","4","06","09","5","","0","0","0","0","0"
"POINT (11.564787937000062 48.138053490000061)","Unfall 197782 (2021) Kat:3, Licht: 0","197782","3","6","6","07","17","4","","0","0","0","1","0"
"POINT (11.579835957000057 48.162193652000042)","Unfall 197786 (2021) Kat:3, Licht: 0","197786","3","4","6","06","17","3","","0","0","0","1","0"
"POINT (11.534578496000051 48.137331782000047)","Unfall 197791 (2021) Kat:3, Licht: 0","197791","3","2","5","07","15","7","","0","1","1","0","0"
"POINT (11.582578990000059 48.120149468000079)","Unfall 197795 (2021) Kat:3, Licht: 0","197795","3","1","0","07","17","2","","0","0","0","0","0"
"POINT (11.562216382000031 48.148048734000042)","Unfall 197800 (2021) Kat:3, Licht: 0","197800","3","2","0","06","18","6","","0","0","1","0","0"
"POINT (11.582968455000071 48.150283623000064)","Unfall 197802 (2021) Kat:3, Licht: 0","197802","3","7","1","07","19","6","","0","0","1","0","1"
"POINT (11.557568887000059 48.219783385000028)","Unfall 197805 (2021) Kat:3, Licht: 0","197805","3","3","0","06","19","7","","0","1","0","0","0"
"POINT (11.587215838000077 48.169524943000056)","Unfall 197810 (2021) Kat:3, Licht: 0","197810","3","3","0","06","12","4","","0","0","1","0","0"
"POINT (11.485069210000063 48.136848499000052)","Unfall 197820 (2021) Kat:3, Licht: 0","197820","3","3","5","06","19","1","","0","1","0","0","0"
"POINT (11.469329758000072 48.177311341000063)","Unfall 197822 (2021) Kat:3, Licht: 0","197822","3","3","5","06","16","3","","0","1","1","0","0"
"POINT (11.549045851000074 48.125470547000077)","Unfall 197823 (2021) Kat:3, Licht: 0","197823","3","6","3","07","17","5","","0","1","1","0","1"
"POINT (11.534033801000021 48.152559553000060)","Unfall 197830 (2021) Kat:3, Licht: 0","197830","3","2","5","06","16","1","","0","1","0","0","1"
"POINT (11.518801342000074 48.131446329000028)","Unfall 197834 (2021) Kat:3, Licht: 0","197834","3","3","0","06","10","6","","0","0","1","0","1"
"POINT (11.548654586000055 48.112210870000069)","Unfall 197835 (2021) Kat:3, Licht: 0","197835","3","2","5","06","19","4","","0","1","1","0","0"
"POINT (11.593011552000064 48.116271180000069)","Unfall 197836 (2021) Kat:3, Licht: 2","197836","3","1","0","07","00","6","","2","0","0","0","0"
"POINT (11.572742099000038 48.119393480000042)","Unfall 197839 (2021) Kat:3, Licht: 0","197839","3","3","5","06","16","7","","0","0","1","0","1"
"POINT (11.611737680000033 48.201734801000043)","Unfall 197840 (2021) Kat:3, Licht: 0","197840","3","3","5","06","18","2","","0","1","1","0","0"
"POINT (11.581806233000066 48.117304530000069)","Unfall 197841 (2021) Kat:2, Licht: 0","197841","2","1","0","07","13","2","","0","0","0","0","0"
"POINT (11.610175185000060 48.150112693000040)","Unfall 197849 (2021) Kat:3, Licht: 0","197849","3","7","0","07","07","3","","0","1","0","0","0"
"POINT (11.541136238000036 48.122079822000046)","Unfall 197855 (2021) Kat:3, Licht: 0","197855","3","7","6","06","14","5","","0","0","1","1","0"
"POINT (11.581312622000041 48.114664050000044)","Unfall 197868 (2021) Kat:3, Licht: 0","197868","3","6","6","06","15","1","","0","0","0","1","0"
"POINT (11.632500125000035 48.173862477000057)","Unfall 197869 (2021) Kat:3, Licht: 0","197869","3","7","0","06","15","5","","0","1","0","0","0"
"POINT (11.504055423000068 48.120238882000081)","Unfall 197870 (2021) Kat:3, Licht: 0","197870","3","7","6","06","07","3","","0","1","0","1","0"
"POINT (11.556421314000033 48.168406246000075)","Unfall 197871 (2021) Kat:3, Licht: 2","197871","3","7","9","07","01","5","","2","0","1","0","0"
"POINT (11.562967632000039 48.186971920000076)","Unfall 197872 (2021) Kat:3, Licht: 0","197872","3","6","3","07","08","3","","0","0","1","0","0"
"POINT (11.620056831000056 48.197348021000039)","Unfall 197888 (2021) Kat:3, Licht: 0","197888","3","2","5","06","15","2","","0","0","1","0","0"
"POINT (11.567214215000035 48.123558716000048)","Unfall 197895 (2021) Kat:3, Licht: 0","197895","3","4","6","06","16","5","","0","1","0","1","0"
"POINT (11.538663969000027 48.151424827000028)","Unfall 197896 (2021) Kat:3, Licht: 0","197896","3","6","2","07","09","5","","0","1","0","0","0"
"POINT (11.574980854000046 48.118360790000054)","Unfall 197897 (2021) Kat:3, Licht: 0","197897","3","2","4","07","10","3","","0","1","1","0","0"
"POINT (11.680285570000024 48.140433940000037)","Unfall 197911 (2021) Kat:2, Licht: 0","197911","2","4","6","07","07","6","","0","0","1","1","0"
"POINT (11.507379882000066 48.188832031000061)","Unfall 197918 (2021) Kat:3, Licht: 0","197918","3","3","5","06","07","6","","0","1","1","0","0"
"POINT (11.577311281000050 48.166722224000068)","Unfall 197919 (2021) Kat:3, Licht: 0","197919","3","3","5","06","08","4","","0","1","1","0","0"
"POINT (11.516154300000039 48.094511696000041)","Unfall 197923 (2021) Kat:3, Licht: 0","197923","3","2","3","07","17","6","","0","1","1","0","0"
"POINT (11.541238337000038 48.186369112000079)","Unfall 197937 (2021) Kat:3, Licht: 0","197937","3","2","2","06","06","2","","0","1","1","0","0"
"POINT (11.576611649000029 48.113183617000061)","Unfall 197941 (2021) Kat:3, Licht: 0","197941","3","6","2","07","19","1","","0","0","1","0","1"
"POINT (11.528836357000046 48.216586812000060)","Unfall 197942 (2021) Kat:3, Licht: 0","197942","3","3","5","06","20","1","","0","1","0","0","0"
"POINT (11.583498553000027 48.134077346000026)","Unfall 197976 (2021) Kat:3, Licht: 0","197976","3","1","0","07","12","2","","0","0","0","0","1"
"POINT (11.625125573000048 48.153727330000038)","Unfall 197983 (2021) Kat:3, Licht: 0","197983","3","6","0","07","08","3","","0","1","0","0","0"
"POINT (11.538912366000034 48.151263872000072)","Unfall 197988 (2021) Kat:3, Licht: 0","197988","3","4","5","06","16","2","","0","1","0","1","0"
"POINT (11.564381963000073 48.170064222000065)","Unfall 197989 (2021) Kat:3, Licht: 0","197989","3","7","5","07","16","2","","0","1","0","0","0"
"POINT (11.467352345000052 48.189902485000061)","Unfall 198026 (2021) Kat:3, Licht: 0","198026","3","7","3","06","12","5","","0","1","0","0","0"
"POINT (11.598837248000052 48.121589584000048)","Unfall 198027 (2021) Kat:3, Licht: 0","198027","3","6","5","06","08","3","","0","1","0","0","0"
"POINT (11.549505034000049 48.169550244000050)","Unfall 198029 (2021) Kat:2, Licht: 0","198029","2","7","0","07","07","3","","0","1","0","0","0"
"POINT (11.559374033000040 48.215046711000070)","Unfall 198030 (2021) Kat:3, Licht: 0","198030","3","4","6","06","19","6","","0","0","1","1","0"
"POINT (11.565514934000021 48.139832161000072)","Unfall 198032 (2021) Kat:3, Licht: 0","198032","3","6","2","06","17","2","","0","0","1","0","0"