WKT,Name,OBJECTID,UKATEGORIE,UTYP1,UART,UMONAT,USTUNDE,UWOCHENTAG,STRZUSTAND,ULICHTVERH,ISTRAD,ISTPKW,ISTFUSS,ISTKRAD
"POINT (11.557382985000061 48.150433177000082)","Unfall 198035 (2021) Kat:3, Licht: 0","198035","3","3","5","07","09","4","","0","0","1","0","1"
"POINT (11.613480868000067 48.119434553000076)","Unfall 198036 (2021) Kat:3, Licht: 0","198036","3","3","5","06","19","1","","0","0","1","0","0"
"POINT (11.568135429000051 48.132424505000074)","Unfall 198041 (2021) Kat:3, Licht: 0","198041","3","2","3","06","09","4","","0","1","1","0","0"
"POINT (11.575758389000043 48.103960662000077)","Unfall 198044 (2021) Kat:3, Licht: 0","198044","3","1","0","07","10","4","","0","1","0","0","0"
"POINT (11.570384196000077 48.120642005000036)","Unfall 198048 (2021) Kat:3, Licht: 0","198048","3","7","1","07","13","4","","0","1","1","0","0"
"POINT (11.534374923000030 48.147919042000069)","Unfall 198056 (2021) Kat:3, Licht: 0","198056","3","3","5","07","18","7","","0","0","1","0","0"
"POINT (11.481247139000061 48.080873695000037)","Unfall 198059 (2021) Kat:3, Licht: 0","198059","3","4","6","06","17","2","","0","0","1","1","0"
"POINT (11.526246374000038 48.076879879000046)","Unfall 198060 (2021) Kat:3, Licht: 0","198060","3","6","1","07","12","2","","0","1","1","0","0"
"POINT (11.609070671000040 48.128521222000074)","Unfall 198063 (2021) Kat:3, Licht: 0","198063","3","4","6","06","17","4","","0","0","1","1","0"
"POINT (11.618294661000050 48.124676745000045)","Unfall 198067 (2021) Kat:2, Licht: 0","198067","2","3","0","07","13","3","","0","1","1","0","0"
"POINT (11.531701972000064 48.217399081000053)","Unfall 198073 (2021) Kat:3, Licht: 2","198073","3","3","5","06","23","5","","2","0","1","0","0"
"POINT (11.463785011000027 48.140389716000072)","Unfall 198086 (2021) Kat:3, Licht: 0","198086","3","3","5","06","13","6","","0","1","1","0","0"
"POINT (11.700106833000063 48.139702429000067)","Unfall 198087 (2021) Kat:2, Licht: 0","198087","2","4","6","06","14","4","","0","0","1","1","0"
"POINT (11.585835495000026 48.124506391000068)","Unfall 198095 (2021) Kat:3, Licht: 0","198095","3","1","0","07","05","1","","0","0","0","0","0"
"POINT (11.584227888000044 48.143803960000071)","Unfall 198098 (2021) Kat:3, Licht: 0","198098","3","6","2","07","16","5","","0","0","1","0","0"
"POINT (11.697157448000041 48.131515430000036)","Unfall 198099 (2021) Kat:3, Licht: 0","198099","3","2","5","07","16","3","","0","1","1","0","0"
"POINT (11.565296816000057 48.136624454000071)","Unfall 198104 (2021) Kat:3, Licht: 2","198104","3","1","0","06","22","2","","2","0","0","0","0"
"POINT (11.452018317000068 48.137635034000027)","Unfall 198105 (2021) Kat:3, Licht: 0","198105","3","7","0","07","17","2","","0","1","0","0","0"
"POINT (11.503514135000046 48.150007281000057)","Unfall 198109 (2021) Kat:3, Licht: 2","198109","3","5","1","07","21","1","","2","0","1","0","0"
"POINT (11.533936101000052 48.103098386000056)","Unfall 198117 (2021) Kat:3, Licht: 2","198117","3","7","7","06","22","2","","2","1","0","0","0"
"POINT (11.578600207000022 48.110441132000062)","Unfall 198118 (2021) Kat:3, Licht: 0","198118","3","3","1","07","12","6","","0","1","1","0","0"
"POINT (11.458981046000076 48.154345064000040)","Unfall 198124 (2021) Kat:3, Licht: 0","198124","3","2","5","07","07","3","","0","1","0","0","0"
"POINT (11.643388303000052 48.139980310000055)","Unfall 198128 (2021) Kat:3, Licht: 0","198128","3","3","5","07","16","6","","0","0","1","0","1"
"POINT (11.531788901000027 48.166152517000057)","Unfall 198130 (2021) Kat:3, Licht: 0","198130","3","7","0","07","18","4","","0","1","0","0","0"
"POINT (11.574534839000023 48.163654817000065)","Unfall 198135 (2021) Kat:3, Licht: 2","198135","3","7","0","06","01","6","","2","1","0","0","0"
"POINT (11.509952989000055 48.182159312000067)","Unfall 198147 (2021) Kat:3, Licht: 0","198147","3","6","2","06","11","5","","0","0","1","0","0"
"POINT (11.503074742000024 48.147142630000076)","Unfall 198148 (2021) Kat:3, Licht: 0","198148","3","2","4","07","08","5","","0","1","1","0","0"
"POINT (11.569983014000059 48.145874283000069)","Unfall 198159 (2021) Kat:3, Licht: 0","198159","3","2","3","06","07","3","","0","1","1","0","0"
"POINT (11.469391516000030 48.139173626000058)","Unfall 198162 (2021) Kat:3, Licht: 0","198162","3","7","6","06","14","2","","0","0","0","1","0"
"POINT (11.508352162000051 48.136149297000031)","Unfall 198164 (2021) Kat:3, Licht: 0","198164","3","4","6","07","13","6","","0","0","0","1","0"
"POINT (11.557606447000069 48.090488175000075)","Unfall 198167 (2021) Kat:3, Licht: 0","198167","3","6","0","06","14","7","","0","1","0","0","0"
"POINT (11.491812794000055 48.165326343000061)","Unfall 198181 (2021) Kat:3, Licht: 0","198181","3","7","0","07","16","4","","0","1","0","0","0"
"POINT (11.547443042000054 48.159566796000036)","Unfall 198182 (2021) Kat:3, Licht: 0","198182","3","2","5","06","09","7","","0","0","1","0","0"
"POINT (11.566832171000044 48.133349671000076)","Unfall 198185 (2021) Kat:3, Licht: 2","198185","3","3","5","06","00","6","","2","1","1","0","0"
"POINT (11.558474626000077 48.095755333000056)","Unfall 198187 (2021) Kat:3, Licht: 0","198187","3","3","5","06","07","4","","0","1","1","0","0"
"POINT (11.502773291000040 48.165487962000043)","Unfall 198195 (2021) Kat:3, Licht: 0","198195","3","7","1","07","17","1","","0","0","1","0","0"
"POINT (11.528744412000037 48.187293660000080)","Unfall 198209 (2021) Kat:3, Licht: 0","198209","3","3","5","06","16","3","","0","0","1","0","1"
"POINT (11.562656091000065 48.158348362000027)","Unfall 198218 (2021) Kat:3, Licht: 0","198218","3","3","5","07","17","2","","0","1","1","0","0"
"POINT (11.579656280000052 48.155948824000063)","Unfall 198220 (2021) Kat:3, Licht: 0","198220","3","5","1","06","10","2","","0","1","1","0","0"
"POINT (11.595959561000029 48.136098673000049)","Unfall 198243 (2021) Kat:3, Licht: 0","198243","3","7","6","06","18","5","","0","1","0","1","0"
"POINT (11.629391572000031 48.162246728000071)","Unfall 198245 (2021) Kat:3, Licht: 0","198245","3","2","3","07","17","5","","0","1","1","0","0"
"POINT (11.570744359000059 48.177557303000071)","Unfall 198250 (2021) Kat:3, Licht: 0","198250","3","2","3","07","07","6","","0","0","1","0","1"
"POINT (11.657767162000027 48.130044928000075)","Unfall 198257 (2021) Kat:2, Licht: 0","198257","2","2","3","06","10","6","","0","1","0","0","0"
"POINT (11.508353048000060 48.088774070000056)","Unfall 198260 (2021) Kat:2, Licht: 0","198260","2","2","4","07","14","7","","0","0","1","0","1"
"POINT (11.588493151000023 48.142551141000069)","Unfall 198263 (2021) Kat:2, Licht: 2","198263","2","7","0","06","01","2","","2","0","0","0","0"
"POINT (11.573376141000040 48.146289785000079)","Unfall 198264 (2021) Kat:3, Licht: 0","198264","3","3","5","07","17","2","","0","0","1","0","1"
"POINT (11.556459494000023 48.139238610000064)","Unfall 198266 (2021) Kat:3, Licht: 0","198266","3","6","2","06","18","2","","0","0","1","0","1"
"POINT (11.592850841000029 48.136643286000037)","Unfall 198275 (2021) Kat:3, Licht: 2","198275","3","1","8","07","21","6","","2","1","0","0","0"
"POINT (11.612043331000052 48.131572167000058)","Unfall 198281 (2021) Kat:3, Licht: 0","198281","3","3","5","07","14","3","","0","1","1","0","0"
"POINT (11.532076842000038 48.129959294000059)","Unfall 198284 (2021) Kat:3, Licht: 1","198284","3","6","6","07","21","6","","1","1","0","1","0"
"POINT (11.583846379000022 48.138370912000028)","Unfall 198286 (2021) Kat:3, Licht: 0","198286","3","1","0","07","08","4","","0","1","0","0","0"
"POINT (11.545380730000034 48.144170230000043)","Unfall 198292 (2021) Kat:2, Licht: 2","198292","2","2","3","06","21","5","","2","1","1","0","0"
"POINT (11.614814225000032 48.136798592000048)","Unfall 198293 (2021) Kat:2, Licht: 0","198293","2","2","6","06","14","3","","0","0","1","1","0"
"POINT (11.599974810000049 48.086826178000081)","Unfall 198295 (2021) Kat:3, Licht: 0","198295","3","6","2","07","18","3","","0","1","0","0","0"
"POINT (11.488362237000047 48.176360315000068)","Unfall 198316 (2021) Kat:3, Licht: 2","198316","3","7","1","07","22","1","","2","0","1","0","0"
"POINT (11.560933405000071 48.141067042000032)","Unfall 198320 (2021) Kat:3, Licht: 0","198320","3","1","2","07","18","3","","0","0","1","0","0"
"POINT (11.579667186000052 48.133965039000032)","Unfall 198330 (2021) Kat:3, Licht: 2","198330","3","1","0","06","01","3","","2","0","0","0","1"
"POINT (11.515040468000052 48.158849068000052)","Unfall 198332 (2021) Kat:3, Licht: 0","198332","3","7","1","07","13","3","","0","1","1","0","0"
"POINT (11.414092555000025 48.154025507000028)","Unfall 198336 (2021) Kat:2, Licht: 0","198336","2","1","4","07","18","7","","0","1","1","0","0"
"POINT (11.564341777000038 48.170064217000061)","Unfall 198348 (2021) Kat:3, Licht: 0","198348","3","7","5","07","11","2","","0","1","1","0","0"
"POINT (11.540522052000028 48.118361571000037)","Unfall 198352 (2021) Kat:3, Licht: 2","198352","3","2","4","06","22","1","","2","1","1","0","0"
"POINT (11.448822557000028 48.145079706000047)","Unfall 198353 (2021) Kat:3, Licht: 0","198353","3","3","5","06","14","5","","0","1","1","0","0"
"POINT (11.504338143000041 48.085182871000029)","Unfall 198367 (2021) Kat:3, Licht: 0","198367","3","5","1","06","15","5","","0","1","1","0","0"
"POINT (11.602498368000056 48.135738359000072)","Unfall 198369 (2021) Kat:3, Licht: 0","198369","3","2","3","07","17","5","","0","0","1","0","0"
"POINT (11.547845713000072 48.101037327000029)","Unfall 198370 (2021) Kat:3, Licht: 0","198370","3","6","1","07","17","3","","0","1","1","0","0"
"POINT (11.565658529000075 48.208930059000068)","Unfall 198372 (2021) Kat:3, Licht: 0","198372","3","5","1","06","18","2","","0","0","1","0","0"
"POINT (11.530614524000043 48.117838668000047)","Unfall 198374 (2021) Kat:3, Licht: 0","198374","3","7","7","06","11","2","","0","1","0","0","0"
"POINT (11.588037521000047 48.135161311000047)","Unfall 198375 (2021) Kat:3, Licht: 0","198375","3","6","4","07","09","6","","0","1","0","0","0"
"POINT (11.580114196000068 48.123520580000047)","Unfall 198379 (2021) Kat:2, Licht: 0","198379","2","6","3","06","11","3","","0","1","1","0","0"
"POINT (11.581848120000075 48.152163720000033)","Unfall 198381 (2021) Kat:2, Licht: 0","198381","2","1","0","07","08","3","","0","1","0","0","0"
"POINT (11.536644378000062 48.180963817000077)","Unfall 198400 (2021) Kat:3, Licht: 0","198400","3","3","5","06","09","2","","0","1","1","0","0"
"POINT (11.616945746000056 48.130627289000074)","Unfall 198406 (2021) Kat:3, Licht: 0","198406","3","3","5","07","09","5","","0","1","1","0","0"
"POINT (11.639943709000022 48.095105058000058)","Unfall 198407 (2021) Kat:3, Licht: 0","198407","3","1","0","07","14","3","","0","1","0","0","0"
"POINT (11.566976998000030 48.127657939000073)","Unfall 198419 (2021) Kat:3, Licht: 0","198419","3","6","2","06","15","6","","0","1","1","0","0"
"POINT (11.535882931000060 48.126328523000041)","Unfall 198423 (2021) Kat:3, Licht: 0","198423","3","7","0","06","10","6","","0","0","0","0","0"
"POINT (11.627830520000032 48.153592508000031)","Unfall 198424 (2021) Kat:3, Licht: 0","198424","3","7","0","06","11","2","","0","0","1","0","0"
"POINT (11.540069672000072 48.138135660000046)","Unfall 198425 (2021) Kat:3, Licht: 0","198425","3","7","1","07","12","2","","0","1","1","0","0"
"POINT (11.701605352000058 48.139404677000073)","Unfall 198426 (2021) Kat:3, Licht: 0","198426","3","3","5","07","13","6","","0","1","1","0","0"
"POINT (11.550871800000039 48.112444505000042)","Unfall 198432 (2021) Kat:3, Licht: 0","198432","3","3","6","06","07","3","","0","1","0","1","0"
"POINT (11.593978708000066 48.187763059000076)","Unfall 198434 (2021) Kat:3, Licht: 0","198434","3","6","2","06","15","6","","0","0","1","0","0"
"POINT (11.575337114000035 48.142206985000030)","Unfall 198436 (2021) Kat:3, Licht: 2","198436","3","1","0","07","22","6","","2","1","0","0","0"
"POINT (11.407970320000061 48.160776471000077)","Unfall 198444 (2021) Kat:3, Licht: 0","198444","3","1","0","06","06","2","","0","1","0","0","0"
"POINT (11.594621351000058 48.164578258000063)","Unfall 198458 (2021) Kat:3, Licht: 0","198458","3","3","5","07","18","3","","0","1","0","0","0"
"POINT (11.686818059000075 48.141442576000031)","Unfall 198461 (2021) Kat:3, Licht: 0","198461","3","7","3","07","11","6","","0","0","1","0","0"
"POINT (11.500061113000072 48.142065925000054)","Unfall 198464 (2021) Kat:3, Licht: 0","198464","3","7","6","06","20","1","","0","0","0","1","0"
"POINT (11.542846196000028 48.162439845000051)","Unfall 198469 (2021) Kat:3, Licht: 0","198469","3","6","2","06","14","4","","0","0","1","0","0"
"POINT (11.501301210000065 48.121359662000032)","Unfall 198472 (2021) Kat:3, Licht: 0","198472","3","3","5","07","16","4","","0","1","1","0","0"
"POINT (11.515909872000066 48.179861781000056)","Unfall 198481 (2021) Kat:3, Licht: 0","198481","3","7","5","07","11","3","","0","1","0","0","0"
"POINT (11.568542733000072 48.094200862000037)","Unfall 198483 (2021) Kat:3, Licht: 0","198483","3","5","1","07","12","7","","0","0","1","0","1"
"POINT (11.585903304000055 48.107082613000046)","Unfall 198490 (2021) Kat:3, Licht: 0","198490","3","1","1","07","13","1","","0","0","1","0","0"
"POINT (11.534958048000021 48.121349364000025)","Unfall 198507 (2021) Kat:3, Licht: 0","198507","3","3","5","07","06","2","","0","0","1","0","1"
"POINT (11.611981816000025 48.141773165000075)","Unfall 198510 (2021) Kat:3, Licht: 0","198510","3","3","5","07","13","2","","0","1","1","0","0"
"POINT (11.565422153000043 48.132828420000067)","Unfall 198517 (2021) Kat:3, Licht: 0","198517","3","7","0","07","08","3","","0","0","0","1","0"
"POINT (11.588211035000029 48.201217472000053)","Unfall 198523 (2021) Kat:3, Licht: 0","198523","3","2","4","07","14","4","","0","1","1","0","0"
"POINT (11.584478658000023 48.157234525000035)","Unfall 198540 (2021) Kat:3, Licht: 0","198540","3","3","5","07","17","6","","0","0","1","0","0"
"POINT (11.523098721000054 48.093212444000073)","Unfall 198541 (2021) Kat:2, Licht: 0","198541","2","1","6","07","09","2","","0","0","1","1","0"
"POINT (11.523369385000024 48.136539122000045)","Unfall 198543 (2021) Kat:3, Licht: 0","198543","3","6","2","07","13","7","","0","0","1","0","0"
"POINT (11.507396019000055 48.179027147000056)","Unfall 198551 (2021) Kat:3, Licht: 0","198551","3","7","0","07","12","6","","0","0","0","0","0"
"POINT (11.565764320000028 48.132978955000056)","Unfall 198552 (2021) Kat:3, Licht: 0","198552","3","6","1","07","12","2","","0","0","1","0","1"
"POINT (11.593214618000047 48.144075223000073)","Unfall 198568 (2021) Kat:2, Licht: 0","198568","2","6","2","07","09","4","","0","0","1","0","1"
"POINT (11.573212422000040 48.150936682000065)","Unfall 198569 (2021) Kat:3, Licht: 0","198569","3","6","1","07","13","3","","0","0","0","0","1"
"POINT (11.590907290000075 48.167093256000044)","Unfall 198578 (2021) Kat:2, Licht: 0","198578","2","1","0","07","13","5","","0","1","0","0","0"
"POINT (11.502595744000075 48.119872626000074)","Unfall 198584 (2021) Kat:3, Licht: 0","198584","3","6","2","07","15","6","","0","0","1","0","0"
"POINT (11.555932861000031 48.138295345000074)","Unfall 198589 (2021) Kat:3, Licht: 0","198589","3","7","0","07","11","2","","0","1","0","0","0"
"POINT (11.521021953000059 48.195231751000051)","Unfall 198590 (2021) Kat:3, Licht: 0","198590","3","5","1","07","14","3","","0","1","1","0","0"
"POINT (11.407870758000058 48.195052637000060)","Unfall 198594 (2021) Kat:3, Licht: 0","198594","3","7","0","07","13","4","","0","0","0","0","0"
"POINT (11.563742042000058 48.208828726000036)","Unfall 198608 (2021) Kat:3, Licht: 0","198608","3","3","5","07","19","7","","0","0","1","0","0"
"POINT (11.616648679000036 48.138111940000044)","Unfall 198610 (2021) Kat:3, Licht: 0","198610","3","6","3","07","08","5","","0","0","1","0","0"
"POINT (11.514967792000050 48.128517011000042)","Unfall 198623 (2021) Kat:3, Licht: 0","198623","3","3","5","07","15","1","","0","1","1","0","0"
"POINT (11.561399994000055 48.119329103000041)","Unfall 198626 (2021) Kat:3, Licht: 0","198626","3","1","0","07","20","1","","0","1","0","0","0"
"POINT (11.605116115000044 48.186550935000071)","Unfall 198630 (2021) Kat:3, Licht: 0","198630","3","6","2","07","13","6","","0","0","1","0","0"
"POINT (11.461367829000039 48.146526630000039)","Unfall 198631 (2021) Kat:3, Licht: 0","198631","3","1","0","07","16","5","","0","1","0","0","0"
"POINT (11.566718221000031 48.150277694000067)","Unfall 198634 (2021) Kat:3, Licht: 0","198634","3","1","0","07","15","1","","0","0","0","0","1"
"POINT (11.586765228000047 48.167345323000063)","Unfall 198639 (2021) Kat:3, Licht: 0","198639","3","6","2","07","14","4","","0","0","1","0","0"
"POINT (11.466594831000066 48.165114819000053)","Unfall 198642 (2021) Kat:3, Licht: 0","198642","3","5","1","07","16","3","","0","1","1","0","0"
"POINT (11.616046488000052 48.145434871000077)","Unfall 198663 (2021) Kat:3, Licht: 0","198663","3","3","5","07","10","1","","0","1","1","0","0"
"POINT (11.646403656000075 48.117357973000026)","Unfall 198666 (2021) Kat:3, Licht: 0","198666","3","3","5","07","15","4","","0","0","1","0","0"
"POINT (11.516590029000042 48.139067010000076)","Unfall 198667 (2021) Kat:2, Licht: 2","198667","2","5","1","07","22","6","","2","0","1","0","0"
"POINT (11.583615382000062 48.119036054000048)","Unfall 198668 (2021) Kat:2, Licht: 0","198668","2","1","5","07","13","2","","0","0","1","0","1"
"POINT (11.574224511000068 48.132908090000058)","Unfall 198673 (2021) Kat:2, Licht: 0","198673","2","2","4","07","19","6","","0","0","1","0","0"
"POINT (11.566591683000070 48.154714366000064)","Unfall 198679 (2021) Kat:3, Licht: 2","198679","3","7","0","07","00","4","","2","0","0","0","0"
"POINT (11.580343501000073 48.135693509000077)","Unfall 198680 (2021) Kat:3, Licht: 2","198680","3","1","0","07","00","6","","2","0","0","0","0"
"POINT (11.567476366000051 48.132594220000044)","Unfall 198685 (2021) Kat:2, Licht: 2","198685","2","6","4","07","22","2","","2","0","1","0","1"
"POINT (11.586157364000030 48.161456558000054)","Unfall 198692 (2021) Kat:3, Licht: 0","198692","3","1","0","07","07","3","","0","1","0","0","0"
"POINT (11.559112723000055 48.212931674000060)","Unfall 198694 (2021) Kat:3, Licht: 0","198694","3","3","5","07","08","7","","0","0","1","0","1"
"POINT (11.555968252000071 48.124424518000069)","Unfall 198695 (2021) Kat:3, Licht: 2","198695","3","3","5","07","00","7","","2","0","1","0","1"
"POINT (11.505168894000064 48.164235026000028)","Unfall 198699 (2021) Kat:3, Licht: 0","198699","3","3","5","07","17","4","","0","0","1","0","0"
"POINT (11.479567815000053 48.088700745000040)","Unfall 198713 (2021) Kat:3, Licht: 0","198713","3","1","0","07","15","1","","0","0","0","0","1"
"POINT (11.603509311000039 48.120231255000078)","Unfall 198718 (2021) Kat:3, Licht: 0","198718","3","6","2","07","17","2","","0","0","1","0","0"
"POINT (11.573911559000067 48.160471522000080)","Unfall 198726 (2021) Kat:3, Licht: 0","198726","3","1","0","07","12","4","","0","1","0","0","0"
"POINT (11.579518077000046 48.115139843000065)","Unfall 198727 (2021) Kat:2, Licht: 0","198727","2","2","3","07","15","2","","0","1","1","0","0"
"POINT (11.559106795000048 48.168618870000046)","Unfall 198730 (2021) Kat:3, Licht: 0","198730","3","5","0","07","12","3","","0","1","0","0","0"
"POINT (11.558538882000050 48.134015849000036)","Unfall 198736 (2021) Kat:3, Licht: 0","198736","3","5","3","07","12","4","","0","0","1","0","1"
"POINT (11.530492182000046 48.129272178000065)","Unfall 198738 (2021) Kat:3, Licht: 2","198738","3","1","8","07","01","1","","2","0","1","0","0"
"POINT (11.594173316000024 48.118055338000033)","Unfall 198743 (2021) Kat:2, Licht: 0","198743","2","2","5","07","14","3","","0","1","1","0","0"
"POINT (11.530716305000055 48.131237998000074)","Unfall 198757 (2021) Kat:3, Licht: 0","198757","3","6","2","07","15","5","","0","0","1","0","0"
"POINT (11.640547408000032 48.090122715000064)","Unfall 198758 (2021) Kat:3, Licht: 2","198758","3","3","0","07","21","6","","2","0","0","0","1"
"POINT (11.529333041000029 48.177650474000075)","Unfall 198765 (2021) Kat:3, Licht: 0","198765","3","3","5","07","05","4","","0","1","1","0","0"
"POINT (11.572953310000059 48.150535962000049)","Unfall 198766 (2021) Kat:3, Licht: 0","198766","3","7","0","07","11","6","","0","1","1","0","0"
"POINT (11.603005699000050 48.169932448000054)","Unfall 198769 (2021) Kat:3, Licht: 2","198769","3","7","0","07","22","7","","2","0","0","0","0"
"POINT (11.578832824000074 48.145322513000053)","Unfall 198770 (2021) Kat:3, Licht: 2","198770","3","6","2","07","21","2","","2","0","1","0","1"
"POINT (11.530699966000043 48.215227408000032)","Unfall 198774 (2021) Kat:3, Licht: 0","198774","3","2","5","07","17","4","","0","1","0","0","0"
"POINT (11.569597671000054 48.111476310000057)","Unfall 198778 (2021) Kat:3, Licht: 0","198778","3","2","5","07","06","3","","0","1","1","0","0"
"POINT (11.629712229000063 48.154604867000046)","Unfall 198784 (2021) Kat:3, Licht: 0","198784","3","6","3","07","13","3","","0","1","1","0","0"
"POINT (11.600993294000034 48.126326119000055)","Unfall 198792 (2021) Kat:3, Licht: 0","198792","3","4","0","07","19","6","","0","0","0","1","0"
"POINT (11.590028033000067 48.192722829000047)","Unfall 198793 (2021) Kat:3, Licht: 2","198793","3","1","8","07","00","5","","2","0","1","0","0"
"POINT (11.565144206000070 48.095648710000034)","Unfall 198801 (2021) Kat:2, Licht: 0","198801","2","3","5","07","15","4","","0","1","1","0","0"
"POINT (11.529222954000033 48.180460390000064)","Unfall 198820 (2021) Kat:3, Licht: 0","198820","3","3","5","07","17","2","","0","1","1","0","0"
"POINT (11.508589898000025 48.094405195000036)","Unfall 198822 (2021) Kat:3, Licht: 0","198822","3","2","5","07","19","7","","0","1","1","0","0"
"POINT (11.528789625000059 48.129881264000062)","Unfall 198826 (2021) Kat:3, Licht: 0","198826","3","2","5","07","16","5","","0","1","1","0","0"
"POINT (11.611159834000034 48.117566787000044)","Unfall 198827 (2021) Kat:2, Licht: 0","198827","2","2","3","07","07","4","","0","1","1","0","0"
"POINT (11.596405601000072 48.135900277000076)","Unfall 198831 (2021) Kat:3, Licht: 0","198831","3","3","5","07","18","3","","0","1","0","0","0"
"POINT (11.570665621000046 48.137437389000070)","Unfall 198842 (2021) Kat:3, Licht: 2","198842","3","6","2","07","00","1","","2","1","1","0","0"
"POINT (11.473873590000039 48.128874399000040)","Unfall 198847 (2021) Kat:3, Licht: 0","198847","3","1","0","07","20","5","","0","1","0","0","0"
"POINT (11.524027700000033 48.099532664000037)","Unfall 198851 (2021) Kat:2, Licht: 0","198851","2","4","6","07","15","5","","0","0","1","1","0"
"POINT (11.548857051000027 48.196631773000036)","Unfall 198852 (2021) Kat:3, Licht: 0","198852","3","3","5","07","11","2","","0","1","1","0","0"
"POINT (11.502478114000041 48.139698391000081)","Unfall 198862 (2021) Kat:3, Licht: 0","198862","3","5","1","07","16","7","","0","1","1","0","0"
"POINT (11.566732878000039 48.168488299000046)","Unfall 198863 (2021) Kat:2, Licht: 1","198863","2","1","0","07","21","7","","1","1","0","0","0"
"POINT (11.564878246000035 48.138313701000072)","Unfall 198874 (2021) Kat:3, Licht: 0","198874","3","3","5","07","11","2","","0","0","1","0","0"
"POINT (11.434720103000075 48.146539303000054)","Unfall 198875 (2021) Kat:3, Licht: 0","198875","3","1","1","07","12","3","","0","0","1","0","0"
"POINT (11.540729927000029 48.120064489000072)","Unfall 198889 (2021) Kat:3, Licht: 0","198889","3","7","0","07","11","6","","0","0","0","1","0"
"POINT (11.515228483000044 48.152363935000039)","Unfall 198891 (2021) Kat:3, Licht: 0","198891","3","3","5","07","14","3","","0","1","0","0","0"
"POINT (11.576244486000064 48.119116960000042)","Unfall 198899 (2021) Kat:3, Licht: 0","198899","3","1","0","07","19","6","","0","0","0","0","1"
"POINT (11.601878335000038 48.116241733000038)","Unfall 198912 (2021) Kat:3, Licht: 0","198912","3","2","1","07","16","7","","0","1","1","0","0"
"POINT (11.570265374000030 48.155764643000055)","Unfall 198916 (2021) Kat:3, Licht: 0","198916","3","7","0","07","15","4","","0","0","0","0","0"
"POINT (11.519590815000072 48.113510621000046)","Unfall 198917 (2021) Kat:3, Licht: 0","198917","3","3","5","07","07","3","","0","0","1","0","0"
"POINT (11.558679102000042 48.137419796000074)","Unfall 198934 (2021) Kat:3, Licht: 0","198934","3","3","4","07","16","2","","0","0","1","0","1"
"POINT (11.573060970000029 48.175564142000042)","Unfall 198941 (2021) Kat:3, Licht: 0","198941","3","3","5","07","17","1","","0","1","1","0","0"
"POINT (11.558675307000044 48.141578215000038)","Unfall 198946 (2021) Kat:3, Licht: 0","198946","3","7","3","07","14","2","","0","0","1","0","0"
"POINT (11.562730819000024 48.212558301000058)","Unfall 198949 (2021) Kat:3, Licht: 0","198949","3","3","0","07","17","2","","0","1","0","1","0"
"POINT (11.587379907000070 48.143261177000056)","Unfall 198962 (2021) Kat:3, Licht: 0","198962","3","7","0","07","20","4","","0","1","0","0","0"
"POINT (11.595002517000069 48.182047019000038)","Unfall 198971 (2021) Kat:2, Licht: 0","198971","2","3","5","07","16","5","","0","1","1","0","0"
"POINT (11.596082507000062 48.130795369000055)","Unfall 198980 (2021) Kat:3, Licht: 0","198980","3","6","0","07","18","6","","0","0","1","1","0"
"POINT (11.549660766000045 48.146023564000075)","Unfall 198981 (2021) Kat:3, Licht: 0","198981","3","3","5","07","18","2","","0","0","1","0","0"
"POINT (11.542133368000066 48.162867844000061)","Unfall 198984 (2021) Kat:3, Licht: 0","198984","3","6","2","07","08","2","","0","0","1","0","0"
"POINT (11.581638119000047 48.123639190000063)","Unfall 198988 (2021) Kat:3, Licht: 0","198988","3","6","3","07","09","4","","0","1","0","0","0"
"POINT (11.560834047000071 48.153370128000063)","Unfall 198992 (2021) Kat:3, Licht: 0","198992","3","2","4","07","18","3","","0","1","1","0","0"
"POINT (11.562267477000034 48.139412628000059)","Unfall 198996 (2021) Kat:3, Licht: 1","198996","3","4","6","07","20","7","","1","0","1","1","0"
"POINT (11.534144394000066 48.152636397000038)","Unfall 198997 (2021) Kat:3, Licht: 0","198997","3","6","3","07","18","2","","0","1","0","0","0"
"POINT (11.594796148000057 48.085936435000065)","Unfall 199003 (2021) Kat:3, Licht: 0","199003","3","6","1","07","13","2","","0","0","1","0","0"
"POINT (11.573545315000047 48.133468156000049)","Unfall 199006 (2021) Kat:3, Licht: 0","199006","3","2","5","07","19","3","","0","0","1","0","1"
"POINT (11.651627510000026 48.114139901000044)","Unfall 199021 (2021) Kat:3, Licht: 2","199021","3","5","1","07","22","5","","2","0","1","0","0"
"POINT (11.569968965000044 48.130940721000059)","Unfall 199022 (2021) Kat:3, Licht: 0","199022","3","1","0","07","12","6","","0","0","0","0","1"
"POINT (11.581765119000067 48.157706113000074)","Unfall 199036 (2021) Kat:3, Licht: 0","199036","3","1","8","07","14","5","","0","0","1","0","0"
"POINT (11.567268398000067 48.129911456000059)","Unfall 199037 (2021) Kat:3, Licht: 0","199037","3","7","0","07","19","4","","0","1","0","0","0"
"POINT (11.570471477000069 48.120569996000029)","Unfall 199047 (2021) Kat:3, Licht: 0","199047","3","7","0","07","18","6","","0","1","0","0","0"