WKT,Name,OBJECTID,UKATEGORIE,UTYP1,UART,UMONAT,USTUNDE,UWOCHENTAG,STRZUSTAND,ULICHTVERH,ISTRAD,ISTPKW,ISTFUSS,ISTKRAD
"POINT (11.502604436000070 48.125747675000071)","Unfall 199051 (2021) Kat:3, Licht: 0","199051","3","6","3","07","19","1","","0","0","1","0","0"
"POINT (11.539345865000030 48.151344764000044)","Unfall 199053 (2021) Kat:3, Licht: 0","199053","3","2","0","07","13","1","","0","0","1","0","1"
"POINT (11.628172192000022 48.147494990000041)","Unfall 199056 (2021) Kat:3, Licht: 0","199056","3","7","0","07","11","4","","0","1","0","0","0"
"POINT (11.629244817000028 48.152681710000081)","Unfall 199057 (2021) Kat:3, Licht: 0","199057","3","4","6","07","09","6","","0","0","1","1","0"
"POINT (11.584935700000074 48.158273024000039)","Unfall 199072 (2021) Kat:3, Licht: 0","199072","3","7","0","07","18","6","","0","0","0","1","0"
"POINT (11.537407465000058 48.166462722000063)","Unfall 199073 (2021) Kat:1, Licht: 0","199073","1","4","6","07","13","5","","0","0","0","1","0"
"POINT (11.565466828000069 48.123895528000048)","Unfall 199083 (2021) Kat:2, Licht: 0","199083","2","2","4","07","11","2","","0","1","1","0","0"
"POINT (11.578958906000025 48.145591574000036)","Unfall 199086 (2021) Kat:3, Licht: 2","199086","3","6","2","07","23","7","","2","0","1","0","0"
"POINT (11.681816412000046 48.140690289000077)","Unfall 199112 (2021) Kat:3, Licht: 0","199112","3","3","1","07","20","7","","0","0","1","0","0"
"POINT (11.587198497000031 48.201128113000038)","Unfall 199120 (2021) Kat:3, Licht: 2","199120","3","2","5","07","22","3","","2","1","1","0","0"
"POINT (11.606346773000041 48.120688288000053)","Unfall 199127 (2021) Kat:3, Licht: 0","199127","3","3","5","07","15","2","","0","1","0","0","0"
"POINT (11.530090812000026 48.213319827000078)","Unfall 199134 (2021) Kat:3, Licht: 0","199134","3","2","4","07","18","3","","0","1","1","0","0"
"POINT (11.562162766000029 48.156963146000066)","Unfall 199136 (2021) Kat:3, Licht: 0","199136","3","6","2","07","12","7","","0","0","1","0","0"
"POINT (11.493442370000025 48.143851389000076)","Unfall 199140 (2021) Kat:3, Licht: 0","199140","3","3","5","07","16","4","","0","0","1","0","0"
"POINT (11.600646986000072 48.141461533000040)","Unfall 199142 (2021) Kat:3, Licht: 0","199142","3","7","0","07","12","1","","0","1","0","0","0"
"POINT (11.536978133000048 48.111357992000080)","Unfall 199165 (2021) Kat:3, Licht: 0","199165","3","7","0","07","18","4","","0","1","0","1","0"
"POINT (11.556008109000061 48.140708916000051)","Unfall 199166 (2021) Kat:3, Licht: 0","199166","3","6","3","07","09","2","","0","1","0","0","0"
"POINT (11.478735251000046 48.129321132000030)","Unfall 199175 (2021) Kat:3, Licht: 0","199175","3","3","5","07","06","4","","0","1","1","0","0"
"POINT (11.592455434000044 48.142263965000041)","Unfall 199177 (2021) Kat:3, Licht: 0","199177","3","7","0","07","19","1","","0","1","0","0","0"
"POINT (11.671150923000027 48.121306788000027)","Unfall 199183 (2021) Kat:3, Licht: 0","199183","3","6","2","07","15","5","","0","0","1","0","0"
"POINT (11.575676331000068 48.184383992000051)","Unfall 199186 (2021) Kat:2, Licht: 0","199186","2","3","6","07","18","5","","0","1","0","1","0"
"POINT (11.588299245000030 48.161455842000066)","Unfall 199196 (2021) Kat:3, Licht: 0","199196","3","6","4","07","11","5","","0","0","0","0","1"
"POINT (11.526001487000030 48.116255992000049)","Unfall 199201 (2021) Kat:3, Licht: 0","199201","3","6","2","07","18","3","","0","0","1","0","0"
"POINT (11.459896135000065 48.146704773000067)","Unfall 199205 (2021) Kat:3, Licht: 0","199205","3","6","4","07","18","4","","0","1","0","0","0"
"POINT (11.456096008000031 48.143676734000053)","Unfall 199210 (2021) Kat:3, Licht: 0","199210","3","2","4","07","08","5","","0","1","1","0","0"
"POINT (11.582180753000046 48.134452826000029)","Unfall 199211 (2021) Kat:3, Licht: 0","199211","3","6","3","07","17","2","","0","0","1","0","0"
"POINT (11.645785077000028 48.120969800000069)","Unfall 199225 (2021) Kat:3, Licht: 2","199225","3","3","5","07","22","3","","2","0","1","0","0"
"POINT (11.620217142000058 48.101766776000034)","Unfall 199232 (2021) Kat:3, Licht: 0","199232","3","7","6","07","08","6","","0","0","1","1","0"
"POINT (11.605720410000060 48.201445512000078)","Unfall 199233 (2021) Kat:2, Licht: 0","199233","2","7","0","07","18","5","","0","0","1","0","0"
"POINT (11.483726162000039 48.085171305000074)","Unfall 199236 (2021) Kat:3, Licht: 0","199236","3","7","1","07","07","5","","0","0","1","0","0"
"POINT (11.519534804000045 48.113612895000074)","Unfall 199239 (2021) Kat:3, Licht: 0","199239","3","3","5","07","08","5","","0","1","1","0","0"
"POINT (11.576800546000072 48.136213186000077)","Unfall 199245 (2021) Kat:3, Licht: 0","199245","3","7","6","07","07","2","","0","1","0","1","0"
"POINT (11.636598310000068 48.106754953000063)","Unfall 199247 (2021) Kat:3, Licht: 2","199247","3","2","4","07","00","3","","2","0","1","0","0"
"POINT (11.571817579000026 48.148979449000080)","Unfall 199249 (2021) Kat:3, Licht: 0","199249","3","4","0","07","11","7","","0","0","0","1","0"
"POINT (11.548009430000036 48.149680969000030)","Unfall 199258 (2021) Kat:3, Licht: 2","199258","3","2","4","07","23","6","","2","1","0","0","0"
"POINT (11.583224383000072 48.162338275000081)","Unfall 199261 (2021) Kat:3, Licht: 0","199261","3","1","0","07","12","7","","0","1","1","0","0"
"POINT (11.573467065000045 48.133524262000037)","Unfall 199262 (2021) Kat:3, Licht: 0","199262","3","2","3","07","15","2","","0","1","1","0","0"
"POINT (11.576285697000060 48.127821581000035)","Unfall 199269 (2021) Kat:3, Licht: 0","199269","3","2","5","07","13","3","","0","1","0","0","0"
"POINT (11.561874043000046 48.125104771000053)","Unfall 199284 (2021) Kat:3, Licht: 0","199284","3","4","6","07","10","6","","0","0","1","1","0"
"POINT (11.518301302000054 48.120075843000052)","Unfall 199290 (2021) Kat:3, Licht: 0","199290","3","5","3","07","14","5","","0","0","1","0","0"
"POINT (11.630054861000076 48.127697960000035)","Unfall 199300 (2021) Kat:3, Licht: 0","199300","3","2","3","07","13","7","","0","1","1","0","0"
"POINT (11.506367116000035 48.179389701000048)","Unfall 199310 (2021) Kat:2, Licht: 0","199310","2","1","0","07","16","5","","0","1","0","0","0"
"POINT (11.519871126000055 48.144635410000035)","Unfall 199325 (2021) Kat:3, Licht: 0","199325","3","7","1","07","09","6","","0","0","1","0","0"
"POINT (11.562006513000028 48.147713612000075)","Unfall 199333 (2021) Kat:3, Licht: 0","199333","3","3","1","07","18","4","","0","1","1","0","0"
"POINT (11.615970559000061 48.198859991000063)","Unfall 199335 (2021) Kat:3, Licht: 0","199335","3","6","5","07","10","2","","0","0","1","0","1"
"POINT (11.565008529000067 48.139303234000067)","Unfall 199349 (2021) Kat:2, Licht: 2","199349","2","2","5","07","23","7","","2","1","1","0","0"
"POINT (11.557877011000073 48.126028657000063)","Unfall 199352 (2021) Kat:3, Licht: 0","199352","3","2","5","07","09","4","","0","1","1","0","0"
"POINT (11.562943314000051 48.146451679000052)","Unfall 199365 (2021) Kat:3, Licht: 0","199365","3","3","4","07","14","1","","0","0","1","0","1"
"POINT (11.584897735000027 48.138175656000044)","Unfall 199370 (2021) Kat:3, Licht: 0","199370","3","1","1","07","17","2","","0","1","1","0","0"
"POINT (11.558630897000057 48.138402208000059)","Unfall 199386 (2021) Kat:3, Licht: 0","199386","3","7","0","07","15","7","","0","1","0","0","0"
"POINT (11.663117299000021 48.125476634000051)","Unfall 199387 (2021) Kat:3, Licht: 0","199387","3","7","1","07","11","2","","0","0","0","0","0"
"POINT (11.573921318000032 48.120065221000061)","Unfall 199389 (2021) Kat:2, Licht: 0","199389","2","2","4","07","07","6","","0","1","1","0","0"
"POINT (11.471677044000046 48.164686294000035)","Unfall 199397 (2021) Kat:3, Licht: 0","199397","3","3","5","07","10","7","","0","1","1","0","0"
"POINT (11.568443166000066 48.128910097000073)","Unfall 199400 (2021) Kat:3, Licht: 0","199400","3","5","1","07","12","4","","0","1","1","0","0"
"POINT (11.644493540000042 48.147216532000073)","Unfall 199411 (2021) Kat:3, Licht: 0","199411","3","6","2","07","08","5","","0","1","1","0","0"
"POINT (11.564992225000026 48.098354343000040)","Unfall 199413 (2021) Kat:3, Licht: 0","199413","3","1","6","07","13","5","","0","1","1","0","0"
"POINT (11.594626023000046 48.164583868000079)","Unfall 199419 (2021) Kat:3, Licht: 0","199419","3","2","5","07","15","6","","0","1","1","0","0"
"POINT (11.666399224000031 48.112629566000066)","Unfall 199420 (2021) Kat:3, Licht: 0","199420","3","6","1","07","16","2","","0","0","1","0","0"
"POINT (11.465767767000045 48.164772629000026)","Unfall 199423 (2021) Kat:3, Licht: 0","199423","3","6","2","07","18","2","","0","0","1","0","0"
"POINT (11.479729161000023 48.084586171000069)","Unfall 199427 (2021) Kat:3, Licht: 0","199427","3","3","0","07","16","4","","0","0","1","0","0"
"POINT (11.577801245000046 48.170002511000064)","Unfall 199431 (2021) Kat:3, Licht: 0","199431","3","7","6","07","12","3","","0","0","1","0","0"
"POINT (11.571032550000041 48.125108936000061)","Unfall 199451 (2021) Kat:3, Licht: 0","199451","3","2","5","07","13","4","","0","1","1","0","0"
"POINT (11.658837257000073 48.118359766000026)","Unfall 199463 (2021) Kat:2, Licht: 0","199463","2","2","5","07","13","3","","0","1","1","0","0"
"POINT (11.574044836000041 48.127383328000064)","Unfall 199466 (2021) Kat:3, Licht: 0","199466","3","4","6","07","16","3","","0","0","1","1","0"
"POINT (11.540451633000032 48.118360715000051)","Unfall 199471 (2021) Kat:3, Licht: 0","199471","3","2","0","07","08","2","","0","1","0","0","0"
"POINT (11.543617771000072 48.200809839000044)","Unfall 199474 (2021) Kat:3, Licht: 0","199474","3","3","5","07","14","2","","0","1","1","0","0"
"POINT (11.604591491000065 48.105739179000068)","Unfall 199475 (2021) Kat:3, Licht: 0","199475","3","3","5","07","17","7","","0","0","1","0","1"
"POINT (11.537997645000075 48.151561597000068)","Unfall 199477 (2021) Kat:3, Licht: 0","199477","3","2","5","07","15","4","","0","1","1","0","0"
"POINT (11.605302091000055 48.104550563000032)","Unfall 199493 (2021) Kat:3, Licht: 0","199493","3","2","4","07","13","3","","0","0","1","0","0"
"POINT (11.517219612000076 48.076314534000062)","Unfall 199498 (2021) Kat:3, Licht: 2","199498","3","5","6","07","21","6","","2","0","1","1","0"
"POINT (11.563086795000061 48.141456351000045)","Unfall 199503 (2021) Kat:3, Licht: 0","199503","3","2","5","07","08","2","","0","1","0","0","0"
"POINT (11.555281364000052 48.175648444000046)","Unfall 199511 (2021) Kat:3, Licht: 1","199511","3","1","0","07","20","3","","1","1","0","0","0"
"POINT (11.572738749000052 48.186250443000063)","Unfall 199515 (2021) Kat:3, Licht: 0","199515","3","4","6","07","12","6","","0","0","1","1","0"
"POINT (11.558420877000060 48.129381140000078)","Unfall 199517 (2021) Kat:3, Licht: 0","199517","3","2","5","07","13","3","","0","1","1","0","0"
"POINT (11.562843206000025 48.148997558000076)","Unfall 199527 (2021) Kat:3, Licht: 0","199527","3","2","3","07","16","3","","0","1","1","0","0"
"POINT (11.562840318000042 48.159047244000078)","Unfall 199531 (2021) Kat:3, Licht: 0","199531","3","2","4","07","18","4","","0","1","0","0","1"
"POINT (11.539297502000068 48.138079611000080)","Unfall 199532 (2021) Kat:3, Licht: 0","199532","3","6","2","07","15","4","","0","1","1","0","0"
"POINT (11.570746034000024 48.092628738000030)","Unfall 199537 (2021) Kat:3, Licht: 0","199537","3","6","3","07","10","3","","0","1","0","0","0"
"POINT (11.541960968000069 48.121934564000071)","Unfall 199544 (2021) Kat:3, Licht: 0","199544","3","1","0","07","15","3","","0","0","0","0","1"
"POINT (11.564877619000072 48.138309236000055)","Unfall 199547 (2021) Kat:3, Licht: 0","199547","3","6","3","07","14","1","","0","0","0","0","1"
"POINT (11.615453011000056 48.198850618000051)","Unfall 199565 (2021) Kat:3, Licht: 0","199565","3","7","0","07","12","7","","0","1","0","0","0"
"POINT (11.577411081000037 48.137422414000071)","Unfall 199575 (2021) Kat:3, Licht: 0","199575","3","4","6","07","16","5","","0","0","1","1","0"
"POINT (11.480391493000070 48.090033825000035)","Unfall 199577 (2021) Kat:2, Licht: 0","199577","2","2","6","07","18","6","","0","0","1","1","0"
"POINT (11.651953704000050 48.129030895000028)","Unfall 199582 (2021) Kat:3, Licht: 0","199582","3","1","0","07","19","5","","0","1","0","0","0"
"POINT (11.586088324000059 48.170983798000066)","Unfall 199585 (2021) Kat:3, Licht: 0","199585","3","3","5","07","08","2","","0","1","0","0","0"
"POINT (11.540546815000027 48.133815593000065)","Unfall 199586 (2021) Kat:2, Licht: 0","199586","2","3","5","07","15","6","","0","0","1","0","1"
"POINT (11.532178090000059 48.130051562000062)","Unfall 199588 (2021) Kat:3, Licht: 0","199588","3","3","5","08","15","1","","0","0","1","0","1"
"POINT (11.566461753000056 48.140033907000031)","Unfall 199589 (2021) Kat:3, Licht: 0","199589","3","6","3","07","10","7","","0","0","1","0","1"
"POINT (11.534320341000068 48.118610973000045)","Unfall 199596 (2021) Kat:3, Licht: 0","199596","3","6","5","08","12","3","","0","1","0","0","0"
"POINT (11.586386288000028 48.163955458000032)","Unfall 199603 (2021) Kat:3, Licht: 0","199603","3","6","4","07","15","5","","0","1","0","0","0"
"POINT (11.564958120000028 48.167678930000079)","Unfall 199607 (2021) Kat:3, Licht: 0","199607","3","1","0","08","16","4","","0","1","0","0","0"
"POINT (11.646650982000040 48.156931226000040)","Unfall 199610 (2021) Kat:3, Licht: 0","199610","3","6","3","07","08","4","","0","1","1","0","0"
"POINT (11.605070924000074 48.133512991000032)","Unfall 199613 (2021) Kat:3, Licht: 0","199613","3","5","1","08","08","2","","0","1","1","0","0"
"POINT (11.643014258000051 48.099412295000036)","Unfall 199615 (2021) Kat:3, Licht: 0","199615","3","2","3","07","11","5","","0","1","1","0","0"
"POINT (11.580763412000067 48.144954544000029)","Unfall 199617 (2021) Kat:3, Licht: 0","199617","3","7","0","07","20","5","","0","1","0","0","0"
"POINT (11.520373526000071 48.147292850000042)","Unfall 199619 (2021) Kat:3, Licht: 0","199619","3","2","5","07","19","6","","0","1","1","0","0"
"POINT (11.548766177000061 48.143419982000069)","Unfall 199623 (2021) Kat:3, Licht: 2","199623","3","2","3","07","21","7","","2","1","1","0","0"
"POINT (11.588734602000045 48.156636873000082)","Unfall 199629 (2021) Kat:3, Licht: 0","199629","3","7","0","07","14","3","","0","0","0","0","0"
"POINT (11.588328867000030 48.164792107000039)","Unfall 199633 (2021) Kat:3, Licht: 0","199633","3","4","6","07","12","1","","0","1","0","1","0"
"POINT (11.551029820000053 48.152759483000068)","Unfall 199650 (2021) Kat:3, Licht: 0","199650","3","2","3","08","17","4","","0","1","1","0","0"
"POINT (11.502907823000044 48.130846518000055)","Unfall 199654 (2021) Kat:3, Licht: 0","199654","3","6","3","07","06","6","","0","0","1","0","0"
"POINT (11.608077381000044 48.135960546000035)","Unfall 199661 (2021) Kat:3, Licht: 0","199661","3","7","0","07","12","2","","0","0","1","0","0"
"POINT (11.567805308000061 48.145074004000037)","Unfall 199665 (2021) Kat:3, Licht: 0","199665","3","7","0","08","16","1","","0","1","0","0","0"
"POINT (11.645165985000062 48.162739479000038)","Unfall 199666 (2021) Kat:2, Licht: 0","199666","2","2","4","07","16","7","","0","0","1","0","0"
"POINT (11.545846535000067 48.139242845000069)","Unfall 199667 (2021) Kat:3, Licht: 0","199667","3","2","5","07","11","7","","0","1","0","0","0"
"POINT (11.514445889000058 48.168027362000032)","Unfall 199674 (2021) Kat:3, Licht: 0","199674","3","3","5","07","12","3","","0","1","1","0","0"
"POINT (11.563940521000063 48.185699673000045)","Unfall 199684 (2021) Kat:3, Licht: 0","199684","3","7","6","07","16","5","","0","0","1","1","0"
"POINT (11.587541727000030 48.131250353000041)","Unfall 199686 (2021) Kat:2, Licht: 0","199686","2","6","0","07","20","5","","0","1","0","0","0"
"POINT (11.592478325000059 48.114895449000073)","Unfall 199687 (2021) Kat:2, Licht: 0","199687","2","2","6","07","16","2","","0","0","1","1","0"
"POINT (11.605129707000060 48.104671501000041)","Unfall 199689 (2021) Kat:3, Licht: 0","199689","3","2","3","07","07","4","","0","1","1","0","0"
"POINT (11.557137074000025 48.219755935000080)","Unfall 199692 (2021) Kat:3, Licht: 2","199692","3","3","5","07","21","7","","2","0","1","0","0"
"POINT (11.528436498000076 48.102406000000030)","Unfall 199693 (2021) Kat:3, Licht: 0","199693","3","2","4","07","14","7","","0","1","1","0","0"
"POINT (11.549023804000058 48.173412693000046)","Unfall 199698 (2021) Kat:3, Licht: 2","199698","3","1","0","08","23","2","","2","1","0","0","0"
"POINT (11.514041776000056 48.153256939000073)","Unfall 199705 (2021) Kat:3, Licht: 0","199705","3","1","0","07","13","4","","0","0","0","0","1"
"POINT (11.583146950000071 48.154481675000056)","Unfall 199710 (2021) Kat:3, Licht: 0","199710","3","6","3","07","16","5","","0","1","1","0","0"
"POINT (11.600374673000033 48.166814398000042)","Unfall 199715 (2021) Kat:2, Licht: 0","199715","2","5","1","07","08","2","","0","1","1","0","0"
"POINT (11.527388961000042 48.118750278000050)","Unfall 199718 (2021) Kat:3, Licht: 0","199718","3","6","4","07","15","7","","0","0","1","0","1"
"POINT (11.572009133000051 48.135961061000046)","Unfall 199725 (2021) Kat:3, Licht: 0","199725","3","7","6","07","13","3","","0","0","0","1","0"
"POINT (11.502795993000063 48.131651987000055)","Unfall 199732 (2021) Kat:3, Licht: 0","199732","3","2","5","07","14","6","","0","1","1","0","0"
"POINT (11.574895199000025 48.158439832000056)","Unfall 199733 (2021) Kat:3, Licht: 0","199733","3","5","3","08","18","2","","0","1","1","0","0"
"POINT (11.561737976000074 48.155782700000032)","Unfall 199735 (2021) Kat:3, Licht: 0","199735","3","7","0","07","12","3","","0","1","0","0","0"
"POINT (11.594207103000031 48.164211241000032)","Unfall 199736 (2021) Kat:3, Licht: 0","199736","3","6","4","07","16","5","","0","0","1","0","0"
"POINT (11.585618828000065 48.200988591000055)","Unfall 199738 (2021) Kat:3, Licht: 0","199738","3","2","5","07","19","5","","0","1","1","0","0"
"POINT (11.585723478000034 48.172765367000068)","Unfall 199739 (2021) Kat:3, Licht: 0","199739","3","6","2","07","13","2","","0","0","1","0","0"
"POINT (11.555577558000039 48.108009006000032)","Unfall 199740 (2021) Kat:3, Licht: 0","199740","3","7","6","07","16","6","","0","1","0","1","0"
"POINT (11.573241726000049 48.187470638000036)","Unfall 199743 (2021) Kat:3, Licht: 0","199743","3","6","2","07","12","7","","0","0","1","0","0"
"POINT (11.572971054000050 48.204034487000058)","Unfall 199744 (2021) Kat:3, Licht: 0","199744","3","4","6","07","10","7","","0","0","0","1","1"
"POINT (11.552930132000029 48.163138456000070)","Unfall 199748 (2021) Kat:3, Licht: 0","199748","3","1","7","07","15","1","","0","1","0","0","0"
"POINT (11.594617555000070 48.141821647000029)","Unfall 199751 (2021) Kat:3, Licht: 0","199751","3","2","3","07","13","3","","0","1","1","0","0"
"POINT (11.542390952000062 48.134478241000068)","Unfall 199761 (2021) Kat:3, Licht: 1","199761","3","7","0","07","20","5","","1","0","0","0","0"
"POINT (11.636628448000067 48.172246285000028)","Unfall 199762 (2021) Kat:3, Licht: 0","199762","3","3","0","07","13","6","","0","1","0","0","0"
"POINT (11.573309802000040 48.130010234000054)","Unfall 199773 (2021) Kat:3, Licht: 0","199773","3","7","0","08","18","4","","0","0","0","0","0"
"POINT (11.527968792000024 48.137284392000026)","Unfall 199778 (2021) Kat:3, Licht: 0","199778","3","7","5","07","07","6","","0","1","1","0","0"
"POINT (11.643541241000037 48.168182113000057)","Unfall 199779 (2021) Kat:3, Licht: 0","199779","3","3","0","08","17","2","","0","0","1","0","0"
"POINT (11.505043016000059 48.088091976000044)","Unfall 199785 (2021) Kat:3, Licht: 0","199785","3","2","5","07","19","5","","0","1","1","0","0"
"POINT (11.490746789000070 48.107764376000034)","Unfall 199786 (2021) Kat:3, Licht: 0","199786","3","2","5","07","09","2","","0","1","0","0","0"
"POINT (11.541447097000059 48.161316146000047)","Unfall 199788 (2021) Kat:3, Licht: 0","199788","3","6","4","07","18","6","","0","0","1","0","1"
"POINT (11.587627831000077 48.170445315000052)","Unfall 199790 (2021) Kat:3, Licht: 1","199790","3","1","0","07","19","7","","1","1","0","0","0"
"POINT (11.572167438000065 48.196638301000064)","Unfall 199792 (2021) Kat:3, Licht: 0","199792","3","2","5","07","07","7","","0","1","1","0","0"
"POINT (11.606425471000023 48.139605490000065)","Unfall 199797 (2021) Kat:3, Licht: 0","199797","3","2","4","08","13","3","","0","1","0","0","0"
"POINT (11.531410790000052 48.130718825000031)","Unfall 199798 (2021) Kat:3, Licht: 0","199798","3","7","3","07","12","3","","0","0","1","0","0"
"POINT (11.535773538000058 48.125091167000051)","Unfall 199811 (2021) Kat:3, Licht: 0","199811","3","5","0","07","14","4","","0","1","1","0","0"
"POINT (11.477287809000075 48.150199926000028)","Unfall 199812 (2021) Kat:3, Licht: 2","199812","3","7","0","07","00","6","","2","0","0","0","0"
"POINT (11.556504124000071 48.146004343000072)","Unfall 199813 (2021) Kat:3, Licht: 0","199813","3","6","4","08","10","2","","0","1","1","0","0"
"POINT (11.394211260000077 48.178350038000076)","Unfall 199817 (2021) Kat:3, Licht: 2","199817","3","7","0","07","23","5","","2","1","0","0","0"
"POINT (11.549077658000044 48.173048504000064)","Unfall 199826 (2021) Kat:3, Licht: 0","199826","3","1","0","07","19","6","","0","1","0","0","0"
"POINT (11.558774711000069 48.146622884000067)","Unfall 199834 (2021) Kat:3, Licht: 0","199834","3","2","5","07","12","6","","0","1","1","0","0"
"POINT (11.493286712000042 48.125754652000069)","Unfall 199842 (2021) Kat:2, Licht: 2","199842","2","7","0","08","01","3","","2","1","0","0","0"
"POINT (11.589172138000038 48.156584098000053)","Unfall 199852 (2021) Kat:3, Licht: 0","199852","3","3","5","07","13","3","","0","1","1","0","0"
"POINT (11.594080957000074 48.115123922000066)","Unfall 199853 (2021) Kat:3, Licht: 1","199853","3","3","5","08","19","4","","1","1","1","0","0"
"POINT (11.544893546000026 48.127768419000063)","Unfall 199856 (2021) Kat:3, Licht: 0","199856","3","2","5","07","12","4","","0","0","1","0","0"
"POINT (11.494363864000036 48.089290959000039)","Unfall 199865 (2021) Kat:3, Licht: 0","199865","3","3","1","07","13","6","","0","1","1","0","0"
"POINT (11.585848490000046 48.171502436000026)","Unfall 199869 (2021) Kat:3, Licht: 0","199869","3","7","0","07","11","7","","0","1","0","0","0"
"POINT (11.508418439000025 48.170770664000031)","Unfall 199876 (2021) Kat:2, Licht: 0","199876","2","3","5","07","06","3","","0","1","1","0","0"
"POINT (11.604065738000031 48.108574351000073)","Unfall 199880 (2021) Kat:3, Licht: 0","199880","3","2","5","07","20","6","","0","1","1","0","0"
"POINT (11.549515405000022 48.139012945000047)","Unfall 199890 (2021) Kat:3, Licht: 0","199890","3","1","0","07","09","3","","0","0","0","0","0"
"POINT (11.642308041000035 48.086544685000035)","Unfall 199895 (2021) Kat:3, Licht: 1","199895","3","7","1","07","05","1","","1","0","1","0","0"
"POINT (11.529600965000043 48.101368962000038)","Unfall 199902 (2021) Kat:3, Licht: 0","199902","3","6","2","08","08","4","","0","1","0","0","0"
"POINT (11.548657893000041 48.113280527000029)","Unfall 199911 (2021) Kat:3, Licht: 0","199911","3","6","3","07","19","5","","0","0","1","0","1"
"POINT (11.549382027000036 48.125245501000052)","Unfall 199916 (2021) Kat:3, Licht: 0","199916","3","7","0","07","14","2","","0","1","0","0","0"
"POINT (11.510590322000041 48.169754555000054)","Unfall 199928 (2021) Kat:2, Licht: 2","199928","2","2","5","07","22","3","","2","0","1","0","1"
"POINT (11.508337875000052 48.098252879000029)","Unfall 199932 (2021) Kat:3, Licht: 0","199932","3","2","5","07","17","4","","0","1","0","0","0"
"POINT (11.645413309000048 48.086373403000039)","Unfall 199933 (2021) Kat:3, Licht: 2","199933","3","4","6","07","00","1","","2","0","1","1","0"
"POINT (11.592410809000057 48.115066247000073)","Unfall 199934 (2021) Kat:3, Licht: 0","199934","3","2","4","07","12","6","","0","0","1","0","0"
"POINT (11.479191993000029 48.095141284000078)","Unfall 199935 (2021) Kat:3, Licht: 0","199935","3","5","1","08","08","2","","0","1","1","0","0"
"POINT (11.417674740000052 48.143317187000036)","Unfall 199938 (2021) Kat:3, Licht: 0","199938","3","3","5","07","14","5","","0","1","1","0","0"
"POINT (11.613015764000068 48.120748456000058)","Unfall 199941 (2021) Kat:3, Licht: 0","199941","3","2","4","07","16","2","","0","0","1","0","0"
"POINT (11.572742029000040 48.177051795000068)","Unfall 199951 (2021) Kat:3, Licht: 1","199951","3","6","3","07","20","5","","1","0","0","0","1"
"POINT (11.565323725000042 48.192107288000045)","Unfall 199954 (2021) Kat:3, Licht: 0","199954","3","3","1","07","07","2","","0","1","1","0","0"
"POINT (11.566168981000033 48.181522064000035)","Unfall 199956 (2021) Kat:3, Licht: 0","199956","3","1","0","07","12","4","","0","1","0","0","0"
"POINT (11.571881202000043 48.151359794000030)","Unfall 199966 (2021) Kat:2, Licht: 0","199966","2","7","0","07","08","6","","0","1","0","0","0"
"POINT (11.583531004000065 48.155300819000047)","Unfall 199978 (2021) Kat:3, Licht: 2","199978","3","1","0","07","01","5","","2","1","0","0","0"
"POINT (11.571228198000028 48.125924393000048)","Unfall 199986 (2021) Kat:3, Licht: 2","199986","3","7","0","07","00","5","","2","0","0","0","0"
"POINT (11.456428311000025 48.140632244000074)","Unfall 199989 (2021) Kat:3, Licht: 0","199989","3","6","2","07","15","2","","0","0","0","0","0"
"POINT (11.576921850000076 48.127338742000063)","Unfall 199993 (2021) Kat:3, Licht: 0","199993","3","6","3","07","11","7","","0","0","0","0","0"
"POINT (11.573370465000039 48.150998019000042)","Unfall 199994 (2021) Kat:3, Licht: 2","199994","3","2","5","07","22","7","","2","1","1","0","0"
"POINT (11.499130338000043 48.133588502000066)","Unfall 199996 (2021) Kat:3, Licht: 0","199996","3","3","5","08","07","3","","0","0","1","0","0"
"POINT (11.535172516000046 48.132524987000068)","Unfall 200000 (2021) Kat:3, Licht: 0","200000","3","3","4","07","09","3","","0","0","1","0","1"
"POINT (11.605281358000070 48.202329860000077)","Unfall 200006 (2021) Kat:3, Licht: 0","200006","3","7","3","07","18","7","","0","1","0","0","0"
"POINT (11.552529781000032 48.134807810000041)","Unfall 200008 (2021) Kat:3, Licht: 0","200008","3","3","5","08","07","3","","0","1","0","0","0"
"POINT (11.586133006000068 48.160623934000057)","Unfall 200012 (2021) Kat:3, Licht: 0","200012","3","1","1","07","20","3","","0","1","1","0","0"
"POINT (11.587718618000054 48.161592434000056)","Unfall 200031 (2021) Kat:3, Licht: 2","200031","3","7","0","07","04","5","","2","0","0","0","0"
"POINT (11.597675275000029 48.132210406000070)","Unfall 200033 (2021) Kat:3, Licht: 0","200033","3","1","0","07","08","5","","0","1","0","0","0"
"POINT (11.548468997000043 48.115229095000075)","Unfall 200036 (2021) Kat:3, Licht: 0","200036","3","6","3","07","13","6","","0","0","1","0","1"
"POINT (11.527503882000076 48.151811506000058)","Unfall 200042 (2021) Kat:2, Licht: 0","200042","2","6","2","07","19","1","","0","0","1","0","1"
"POINT (11.575098233000062 48.148969685000054)","Unfall 200052 (2021) Kat:3, Licht: 0","200052","3","6","2","08","16","2","","0","1","1","0","0"
"POINT (11.593982341000071 48.141945799000041)","Unfall 200055 (2021) Kat:3, Licht: 2","200055","3","6","4","07","22","5","","2","1","0","0","0"