WKT,Name,OBJECTID,UKATEGORIE,UTYP1,UART,UMONAT,USTUNDE,UWOCHENTAG,STRZUSTAND,ULICHTVERH,ISTRAD,ISTPKW,ISTFUSS,ISTKRAD
"POINT (11.555810105000035 48.128315880000059)","Unfall 200056 (2021) Kat:2, Licht: 1","200056","2","2","6","08","19","4","","1","0","1","1","0"
"POINT (11.589866227000073 48.137314470000035)","Unfall 200059 (2021) Kat:3, Licht: 0","200059","3","6","4","07","18","4","","0","1","0","0","0"
"POINT (11.591434913000057 48.116015243000049)","Unfall 200068 (2021) Kat:3, Licht: 0","200068","3","3","5","08","17","4","","0","0","1","0","1"
"POINT (11.556933439000034 48.143459816000075)","Unfall 200076 (2021) Kat:3, Licht: 0","200076","3","7","0","07","15","5","","0","0","0","0","0"
"POINT (11.520411772000045 48.089537766000035)","Unfall 200079 (2021) Kat:3, Licht: 0","200079","3","1","0","07","18","2","","0","1","0","0","0"
"POINT (11.577156461000072 48.157752948000052)","Unfall 200080 (2021) Kat:3, Licht: 0","200080","3","6","0","07","16","6","","0","1","0","0","0"
"POINT (11.638391231000071 48.142293875000064)","Unfall 200082 (2021) Kat:3, Licht: 0","200082","3","6","2","07","15","6","","0","0","1","0","0"
"POINT (11.427356797000073 48.155603884000072)","Unfall 200084 (2021) Kat:3, Licht: 0","200084","3","7","1","07","15","7","","0","1","1","0","0"
"POINT (11.573259039000050 48.126243891000058)","Unfall 200085 (2021) Kat:3, Licht: 0","200085","3","6","3","07","14","7","","0","0","1","0","1"
"POINT (11.668621216000076 48.135711748000062)","Unfall 200091 (2021) Kat:3, Licht: 0","200091","3","3","3","07","10","3","","0","0","1","0","1"
"POINT (11.572662598000022 48.150086365000050)","Unfall 200096 (2021) Kat:3, Licht: 0","200096","3","5","5","07","14","1","","0","0","1","0","1"
"POINT (11.520272611000053 48.151028247000056)","Unfall 200104 (2021) Kat:3, Licht: 0","200104","3","3","5","07","16","5","","0","1","1","0","0"
"POINT (11.584184634000053 48.143680636000056)","Unfall 200107 (2021) Kat:1, Licht: 0","200107","1","3","5","07","08","4","","0","1","1","0","0"
"POINT (11.585267631000022 48.120949980000034)","Unfall 200110 (2021) Kat:2, Licht: 1","200110","2","1","0","07","20","7","","1","1","0","0","0"
"POINT (11.513767724000047 48.139019850000068)","Unfall 200117 (2021) Kat:2, Licht: 0","200117","2","3","5","07","19","6","","0","1","1","0","0"
"POINT (11.555990264000059 48.134705341000029)","Unfall 200118 (2021) Kat:3, Licht: 0","200118","3","3","5","07","09","3","","0","1","1","0","0"
"POINT (11.545950982000022 48.102300587000059)","Unfall 200123 (2021) Kat:3, Licht: 0","200123","3","1","0","07","19","6","","0","1","0","0","0"
"POINT (11.545061780000026 48.122430267000027)","Unfall 200127 (2021) Kat:3, Licht: 0","200127","3","3","5","07","16","5","","0","1","0","0","1"
"POINT (11.551733465000041 48.142911241000036)","Unfall 200131 (2021) Kat:3, Licht: 2","200131","3","1","0","07","20","6","","2","0","0","0","0"
"POINT (11.577548964000073 48.141134797000063)","Unfall 200135 (2021) Kat:2, Licht: 2","200135","2","7","7","07","00","7","","2","1","0","0","0"
"POINT (11.528569463000053 48.172434173000056)","Unfall 200142 (2021) Kat:3, Licht: 0","200142","3","6","2","07","11","3","","0","0","1","0","0"
"POINT (11.434530766000023 48.146510728000067)","Unfall 200146 (2021) Kat:3, Licht: 0","200146","3","3","5","07","07","1","","0","0","0","0","1"
"POINT (11.586526501000037 48.163413819000027)","Unfall 200151 (2021) Kat:2, Licht: 0","200151","2","1","0","07","10","5","","0","1","0","0","0"
"POINT (11.509337237000068 48.151635093000039)","Unfall 200153 (2021) Kat:3, Licht: 0","200153","3","3","5","07","07","5","","0","1","0","0","0"
"POINT (11.503535210000052 48.079251378000038)","Unfall 200159 (2021) Kat:2, Licht: 2","200159","2","3","5","07","00","7","","2","0","1","0","1"
"POINT (11.601513493000027 48.150315299000056)","Unfall 200160 (2021) Kat:3, Licht: 0","200160","3","5","1","07","17","7","","0","1","1","0","0"
"POINT (11.629576243000031 48.154596126000058)","Unfall 200166 (2021) Kat:3, Licht: 0","200166","3","1","7","07","16","3","","0","1","0","0","0"
"POINT (11.575752982000040 48.120069643000079)","Unfall 200174 (2021) Kat:3, Licht: 0","200174","3","6","1","07","18","5","","0","0","1","0","1"
"POINT (11.567154132000041 48.123304365000081)","Unfall 200176 (2021) Kat:3, Licht: 0","200176","3","7","0","08","13","2","","0","0","0","0","0"
"POINT (11.571708075000060 48.120966389000046)","Unfall 200181 (2021) Kat:3, Licht: 0","200181","3","7","0","07","17","4","","0","0","0","0","0"
"POINT (11.568321830000059 48.132494029000043)","Unfall 200184 (2021) Kat:3, Licht: 0","200184","3","3","5","08","05","2","","0","1","1","0","0"
"POINT (11.529109335000044 48.162280512000052)","Unfall 200191 (2021) Kat:2, Licht: 0","200191","2","3","5","08","19","4","","0","1","1","0","0"
"POINT (11.564056140000048 48.138426063000054)","Unfall 200192 (2021) Kat:3, Licht: 0","200192","3","4","0","07","10","5","","0","1","0","1","0"
"POINT (11.594622081000068 48.164579133000075)","Unfall 200194 (2021) Kat:3, Licht: 2","200194","3","2","5","07","05","4","","2","1","1","0","0"
"POINT (11.576695135000023 48.121297855000080)","Unfall 200196 (2021) Kat:3, Licht: 0","200196","3","4","6","07","19","6","","0","1","0","1","0"
"POINT (11.561217779000060 48.146957450000059)","Unfall 200200 (2021) Kat:3, Licht: 0","200200","3","6","2","07","10","5","","0","1","0","0","0"
"POINT (11.566660375000026 48.159340126000075)","Unfall 200203 (2021) Kat:3, Licht: 2","200203","3","3","5","07","22","2","","2","1","1","0","0"
"POINT (11.613301545000070 48.113839442000028)","Unfall 200204 (2021) Kat:3, Licht: 0","200204","3","1","0","07","16","6","","0","1","0","0","0"
"POINT (11.579415606000055 48.167105593000031)","Unfall 200206 (2021) Kat:2, Licht: 2","200206","2","7","0","08","00","1","","2","1","0","0","0"
"POINT (11.544683077000059 48.157887188000075)","Unfall 200213 (2021) Kat:3, Licht: 0","200213","3","2","3","08","08","3","","0","1","1","0","0"
"POINT (11.480273214000022 48.136836564000077)","Unfall 200225 (2021) Kat:3, Licht: 0","200225","3","6","3","07","15","5","","0","1","0","0","0"
"POINT (11.644644119000077 48.125410068000065)","Unfall 200229 (2021) Kat:3, Licht: 0","200229","3","3","5","07","08","6","","0","1","1","0","0"
"POINT (11.506997257000023 48.163768180000034)","Unfall 200230 (2021) Kat:2, Licht: 0","200230","2","6","2","08","15","2","","0","0","1","0","1"
"POINT (11.576990040000055 48.115999204000047)","Unfall 200236 (2021) Kat:2, Licht: 0","200236","2","3","5","07","13","6","","0","1","1","0","0"
"POINT (11.559473213000047 48.157293563000053)","Unfall 200238 (2021) Kat:3, Licht: 2","200238","3","7","1","08","20","1","","2","0","1","0","1"
"POINT (11.571589569000025 48.125360818000047)","Unfall 200239 (2021) Kat:3, Licht: 2","200239","3","7","0","07","01","7","","2","1","0","0","0"
"POINT (11.502949214000068 48.132187475000080)","Unfall 200250 (2021) Kat:3, Licht: 0","200250","3","2","5","07","13","6","","0","1","0","0","0"
"POINT (11.576297768000074 48.127811963000056)","Unfall 200252 (2021) Kat:3, Licht: 2","200252","3","2","5","07","21","7","","2","0","1","0","0"
"POINT (11.583142563000024 48.141231890000029)","Unfall 200258 (2021) Kat:3, Licht: 0","200258","3","3","5","08","18","3","","0","1","1","0","0"
"POINT (11.452201018000039 48.193612458000075)","Unfall 200269 (2021) Kat:3, Licht: 0","200269","3","3","5","08","10","4","","0","0","1","0","0"
"POINT (11.577278892000038 48.159489020000080)","Unfall 200270 (2021) Kat:3, Licht: 0","200270","3","3","4","07","09","5","","0","1","0","0","0"
"POINT (11.598972332000073 48.138466858000072)","Unfall 200272 (2021) Kat:3, Licht: 0","200272","3","7","0","07","14","4","","0","0","0","0","1"
"POINT (11.586363834000053 48.163673618000075)","Unfall 200274 (2021) Kat:3, Licht: 1","200274","3","5","1","08","21","2","","1","0","1","0","0"
"POINT (11.602743269000030 48.128121635000070)","Unfall 200279 (2021) Kat:3, Licht: 0","200279","3","1","0","07","16","5","","0","1","0","0","0"
"POINT (11.569209722000039 48.154891692000035)","Unfall 200280 (2021) Kat:3, Licht: 0","200280","3","2","4","07","11","2","","0","1","1","0","0"
"POINT (11.569559119000075 48.139923556000042)","Unfall 200282 (2021) Kat:3, Licht: 0","200282","3","5","1","07","19","6","","0","1","1","0","0"
"POINT (11.584523545000025 48.150055062000035)","Unfall 200284 (2021) Kat:3, Licht: 2","200284","3","1","0","07","03","7","","2","0","0","0","1"
"POINT (11.594618569000033 48.164574915000060)","Unfall 200293 (2021) Kat:3, Licht: 0","200293","3","1","0","07","12","3","","0","0","1","0","1"
"POINT (11.575758897000071 48.090967335000073)","Unfall 200305 (2021) Kat:3, Licht: 0","200305","3","1","0","07","17","5","","0","1","0","0","0"
"POINT (11.554911952000054 48.147004495000033)","Unfall 200308 (2021) Kat:3, Licht: 0","200308","3","5","1","07","16","3","","0","1","1","0","0"
"POINT (11.568701253000029 48.148622318000037)","Unfall 200320 (2021) Kat:3, Licht: 2","200320","3","7","0","07","01","5","","2","1","0","0","0"
"POINT (11.454220426000063 48.154565606000062)","Unfall 200322 (2021) Kat:3, Licht: 0","200322","3","2","5","07","08","4","","0","1","1","0","0"
"POINT (11.539762917000076 48.133527150000077)","Unfall 200327 (2021) Kat:3, Licht: 0","200327","3","6","4","07","13","5","","0","1","0","0","0"
"POINT (11.654877865000060 48.126062732000037)","Unfall 200329 (2021) Kat:3, Licht: 0","200329","3","6","2","07","14","5","","0","0","1","0","0"
"POINT (11.604373359000022 48.106384852000076)","Unfall 200331 (2021) Kat:3, Licht: 0","200331","3","6","3","07","09","6","","0","1","1","0","0"
"POINT (11.586314081000069 48.165189996000038)","Unfall 200335 (2021) Kat:3, Licht: 1","200335","3","1","0","07","19","7","","1","0","0","0","1"
"POINT (11.561971805000042 48.146739450000041)","Unfall 200343 (2021) Kat:3, Licht: 0","200343","3","7","1","07","08","3","","0","1","0","0","0"
"POINT (11.572716604000050 48.186572239000043)","Unfall 200347 (2021) Kat:3, Licht: 0","200347","3","4","6","07","08","4","","0","1","0","1","0"
"POINT (11.563102677000074 48.208417556000029)","Unfall 200348 (2021) Kat:3, Licht: 0","200348","3","6","3","07","13","1","","0","0","1","0","1"
"POINT (11.584023766000030 48.150133518000075)","Unfall 200350 (2021) Kat:3, Licht: 0","200350","3","3","5","07","18","6","","0","0","0","0","1"
"POINT (11.690120775000025 48.136619556000028)","Unfall 200351 (2021) Kat:2, Licht: 0","200351","2","4","6","08","16","2","","0","1","0","1","0"
"POINT (11.575026319000074 48.210075540000048)","Unfall 200353 (2021) Kat:3, Licht: 0","200353","3","3","1","07","09","5","","0","0","1","0","0"
"POINT (11.533015563000049 48.199688948000073)","Unfall 200356 (2021) Kat:2, Licht: 0","200356","2","7","0","07","09","2","","0","0","0","0","0"
"POINT (11.565970570000047 48.137022523000041)","Unfall 200361 (2021) Kat:3, Licht: 2","200361","3","7","0","07","04","7","","2","0","1","0","0"
"POINT (11.538246262000030 48.165618837000068)","Unfall 200363 (2021) Kat:3, Licht: 0","200363","3","2","4","08","12","3","","0","1","1","0","0"
"POINT (11.591264612000032 48.187864925000042)","Unfall 200368 (2021) Kat:3, Licht: 0","200368","3","6","4","07","18","5","","0","1","0","0","0"
"POINT (11.487940488000049 48.140282631000048)","Unfall 200369 (2021) Kat:3, Licht: 0","200369","3","7","0","07","16","2","","0","1","1","0","0"
"POINT (11.471855016000063 48.164676547000056)","Unfall 200374 (2021) Kat:3, Licht: 2","200374","3","3","5","07","19","7","","2","1","1","0","0"
"POINT (11.583550107000065 48.155341713000041)","Unfall 200375 (2021) Kat:3, Licht: 2","200375","3","4","2","07","23","7","","2","0","1","1","1"
"POINT (11.575979547000031 48.145347370000081)","Unfall 200379 (2021) Kat:3, Licht: 2","200379","3","6","2","07","21","5","","2","1","0","0","0"
"POINT (11.441978442000050 48.149195804000044)","Unfall 200397 (2021) Kat:3, Licht: 0","200397","3","2","4","07","08","6","","0","1","1","0","0"
"POINT (11.586155145000077 48.161441540000055)","Unfall 200398 (2021) Kat:3, Licht: 0","200398","3","4","6","08","09","2","","0","1","0","1","0"
"POINT (11.594500660000051 48.141843197000071)","Unfall 200401 (2021) Kat:3, Licht: 0","200401","3","3","1","07","17","5","","0","1","0","0","0"
"POINT (11.532918767000069 48.152951361000078)","Unfall 200404 (2021) Kat:3, Licht: 0","200404","3","7","0","07","12","2","","0","1","0","0","0"
"POINT (11.544839146000072 48.127777577000074)","Unfall 200405 (2021) Kat:3, Licht: 0","200405","3","2","4","07","17","6","","0","0","1","0","0"
"POINT (11.562248191000037 48.121090030000062)","Unfall 200406 (2021) Kat:3, Licht: 0","200406","3","1","0","07","13","6","","0","0","0","0","1"
"POINT (11.526591314000029 48.095279925000057)","Unfall 200408 (2021) Kat:3, Licht: 0","200408","3","3","1","07","17","7","","0","1","1","0","0"
"POINT (11.573240404000046 48.160519534000059)","Unfall 200414 (2021) Kat:3, Licht: 0","200414","3","3","5","08","17","3","","0","0","1","0","1"
"POINT (11.533702153000036 48.117455008000036)","Unfall 200415 (2021) Kat:3, Licht: 0","200415","3","4","6","07","16","3","","0","0","1","1","0"
"POINT (11.503039759000046 48.139894124000080)","Unfall 200425 (2021) Kat:3, Licht: 0","200425","3","6","1","08","16","4","","0","0","1","0","0"
"POINT (11.574851056000057 48.130976920000080)","Unfall 200426 (2021) Kat:3, Licht: 0","200426","3","4","6","07","10","5","","0","1","0","1","0"
"POINT (11.536708454000063 48.179044280000028)","Unfall 200427 (2021) Kat:3, Licht: 0","200427","3","3","5","07","14","3","","0","1","1","0","0"
"POINT (11.520283723000034 48.150254587000063)","Unfall 200437 (2021) Kat:3, Licht: 1","200437","3","3","5","08","17","4","","1","0","1","0","0"
"POINT (11.582047637000073 48.170774991000030)","Unfall 200438 (2021) Kat:3, Licht: 2","200438","3","7","1","07","22","5","","2","1","0","0","0"
"POINT (11.581858939000028 48.151698036000028)","Unfall 200443 (2021) Kat:3, Licht: 0","200443","3","6","3","08","17","2","","0","1","0","0","0"
"POINT (11.528718226000024 48.098830028000066)","Unfall 200446 (2021) Kat:3, Licht: 0","200446","3","7","0","07","18","5","","0","0","0","0","1"
"POINT (11.564180211000064 48.163458328000047)","Unfall 200450 (2021) Kat:3, Licht: 0","200450","3","7","3","07","12","6","","0","0","1","0","0"
"POINT (11.545091561000049 48.100387069000078)","Unfall 200451 (2021) Kat:3, Licht: 0","200451","3","7","0","07","07","6","","0","1","0","0","0"
"POINT (11.545823655000049 48.108339446000059)","Unfall 200453 (2021) Kat:3, Licht: 0","200453","3","6","2","07","14","7","","0","0","1","0","1"
"POINT (11.429730867000046 48.174366025000040)","Unfall 200460 (2021) Kat:3, Licht: 0","200460","3","3","5","08","15","3","","0","1","1","0","0"
"POINT (11.540372343000058 48.214923192000072)","Unfall 200471 (2021) Kat:3, Licht: 0","200471","3","3","5","08","16","4","","0","1","0","0","0"
"POINT (11.589057111000045 48.124812393000070)","Unfall 200478 (2021) Kat:3, Licht: 0","200478","3","3","5","07","07","5","","0","0","1","0","0"
"POINT (11.564813429000026 48.137898596000070)","Unfall 200481 (2021) Kat:3, Licht: 0","200481","3","5","6","07","12","2","","0","1","0","1","0"
"POINT (11.534694447000049 48.195140426000080)","Unfall 200482 (2021) Kat:3, Licht: 0","200482","3","1","0","07","07","6","","0","0","0","0","0"
"POINT (11.578762499000050 48.145301221000068)","Unfall 200485 (2021) Kat:3, Licht: 2","200485","3","3","5","07","01","4","","2","0","0","0","1"
"POINT (11.573884412000041 48.167588430000080)","Unfall 200494 (2021) Kat:3, Licht: 0","200494","3","4","6","07","19","6","","0","1","0","1","0"
"POINT (11.427197143000058 48.188143619000073)","Unfall 200497 (2021) Kat:2, Licht: 0","200497","2","1","0","08","08","1","","0","1","0","0","0"
"POINT (11.574862234000022 48.158848787000068)","Unfall 200498 (2021) Kat:3, Licht: 2","200498","3","7","0","07","21","7","","2","1","0","0","0"
"POINT (11.548451198000066 48.149479766000070)","Unfall 200499 (2021) Kat:2, Licht: 0","200499","2","4","6","07","18","7","","0","0","1","1","0"
"POINT (11.538205998000024 48.133493417000068)","Unfall 200506 (2021) Kat:3, Licht: 0","200506","3","4","6","07","17","3","","0","0","1","1","0"
"POINT (11.468138592000059 48.142537672000060)","Unfall 200511 (2021) Kat:3, Licht: 0","200511","3","5","1","07","14","1","","0","1","1","0","0"
"POINT (11.512130171000024 48.135115328000040)","Unfall 200517 (2021) Kat:3, Licht: 0","200517","3","2","5","08","15","4","","0","0","1","0","1"
"POINT (11.548324592000029 48.117441990000032)","Unfall 200518 (2021) Kat:3, Licht: 0","200518","3","7","0","07","20","5","","0","1","0","0","0"
"POINT (11.466718426000057 48.153575056000079)","Unfall 200519 (2021) Kat:3, Licht: 0","200519","3","1","0","07","12","2","","0","1","0","0","0"
"POINT (11.546513369000024 48.117273423000029)","Unfall 200529 (2021) Kat:3, Licht: 0","200529","3","7","2","07","14","5","","0","1","1","0","0"
"POINT (11.580293279000045 48.184200513000064)","Unfall 200531 (2021) Kat:3, Licht: 1","200531","3","3","5","07","05","6","","1","1","1","0","0"
"POINT (11.456813390000036 48.175909622000063)","Unfall 200539 (2021) Kat:3, Licht: 2","200539","3","1","8","07","00","1","","2","0","1","0","0"
"POINT (11.563128437000046 48.141514590000043)","Unfall 200545 (2021) Kat:3, Licht: 0","200545","3","7","4","08","11","4","","0","0","1","0","0"
"POINT (11.585704962000023 48.160361945000034)","Unfall 200546 (2021) Kat:3, Licht: 0","200546","3","2","5","07","12","5","","0","1","1","0","0"
"POINT (11.555847446000030 48.128333725000061)","Unfall 200550 (2021) Kat:3, Licht: 0","200550","3","6","3","08","13","1","","0","0","1","0","0"
"POINT (11.537491951000050 48.151647427000057)","Unfall 200560 (2021) Kat:3, Licht: 0","200560","3","7","5","07","10","3","","0","1","1","0","0"
"POINT (11.549227933000054 48.126889797000047)","Unfall 200570 (2021) Kat:3, Licht: 1","200570","3","3","1","07","21","5","","1","0","1","0","1"
"POINT (11.545038203000047 48.122617845000036)","Unfall 200576 (2021) Kat:3, Licht: 0","200576","3","2","5","07","12","4","","0","1","1","0","0"
"POINT (11.550329636000072 48.119512539000027)","Unfall 200578 (2021) Kat:2, Licht: 2","200578","2","7","5","08","21","1","","2","1","1","0","0"
"POINT (11.603358611000033 48.150762152000027)","Unfall 200579 (2021) Kat:3, Licht: 2","200579","3","7","1","07","21","7","","2","0","1","0","0"
"POINT (11.502323914000044 48.118395502000055)","Unfall 200584 (2021) Kat:3, Licht: 0","200584","3","3","5","07","06","5","","0","1","1","0","0"
"POINT (11.567324350000035 48.178711299000042)","Unfall 200587 (2021) Kat:3, Licht: 0","200587","3","6","1","07","13","3","","0","0","1","0","0"
"POINT (11.466929956000058 48.155093723000050)","Unfall 200595 (2021) Kat:3, Licht: 0","200595","3","2","5","08","11","2","","0","1","1","0","0"
"POINT (11.570320225000046 48.146469336000052)","Unfall 200600 (2021) Kat:3, Licht: 0","200600","3","6","2","07","12","4","","0","0","1","0","0"
"POINT (11.654575282000053 48.116259096000078)","Unfall 200603 (2021) Kat:3, Licht: 0","200603","3","6","2","08","18","2","","0","0","1","0","0"
"POINT (11.600714697000058 48.140579831000025)","Unfall 200611 (2021) Kat:3, Licht: 0","200611","3","6","2","07","11","7","","0","0","1","0","0"
"POINT (11.622652303000052 48.199733099000071)","Unfall 200616 (2021) Kat:3, Licht: 0","200616","3","3","5","08","14","4","","0","1","1","0","0"
"POINT (11.577494134000062 48.143829223000068)","Unfall 200618 (2021) Kat:2, Licht: 0","200618","2","7","0","08","15","6","","0","0","0","0","0"
"POINT (11.540168876000052 48.116557528000044)","Unfall 200626 (2021) Kat:3, Licht: 0","200626","3","3","5","08","05","5","","0","0","0","0","1"
"POINT (11.480134618000022 48.178096280000034)","Unfall 200639 (2021) Kat:3, Licht: 0","200639","3","5","1","08","11","5","","0","0","0","0","0"
"POINT (11.555915898000023 48.128428154000062)","Unfall 200650 (2021) Kat:3, Licht: 2","200650","3","3","5","08","00","4","","2","1","1","0","0"
"POINT (11.572333934000028 48.149581414000068)","Unfall 200651 (2021) Kat:3, Licht: 2","200651","3","1","0","08","22","6","","2","1","0","0","0"
"POINT (11.643562759000076 48.169337501000030)","Unfall 200652 (2021) Kat:3, Licht: 0","200652","3","1","0","08","09","5","","0","1","0","0","0"
"POINT (11.645858756000052 48.151667443000065)","Unfall 200654 (2021) Kat:3, Licht: 0","200654","3","1","0","08","08","6","","0","1","0","0","0"
"POINT (11.564900044000069 48.135827001000052)","Unfall 200661 (2021) Kat:3, Licht: 0","200661","3","4","6","08","15","3","","0","1","0","1","0"
"POINT (11.576292144000035 48.127913825000064)","Unfall 200662 (2021) Kat:3, Licht: 0","200662","3","2","4","08","12","5","","0","0","1","0","1"
"POINT (11.585739361000037 48.096468412000036)","Unfall 200669 (2021) Kat:3, Licht: 0","200669","3","3","5","08","14","3","","0","0","1","0","0"
"POINT (11.561160429000040 48.134213419000048)","Unfall 200688 (2021) Kat:3, Licht: 0","200688","3","3","5","08","15","6","","0","0","1","0","0"
"POINT (11.568003424000040 48.132599324000068)","Unfall 200692 (2021) Kat:3, Licht: 0","200692","3","7","2","08","15","2","","0","0","1","0","0"
"POINT (11.538613823000048 48.145709239000041)","Unfall 200693 (2021) Kat:3, Licht: 0","200693","3","2","5","08","08","4","","0","1","1","0","0"
"POINT (11.562332824000066 48.155973717000052)","Unfall 200706 (2021) Kat:3, Licht: 0","200706","3","5","1","08","18","3","","0","1","1","0","0"
"POINT (11.584508899000070 48.144141587000036)","Unfall 200708 (2021) Kat:3, Licht: 2","200708","3","3","5","08","21","7","","2","1","1","0","0"
"POINT (11.555802680000056 48.120236633000047)","Unfall 200710 (2021) Kat:3, Licht: 0","200710","3","2","4","08","17","5","","0","1","1","0","0"
"POINT (11.612459683000054 48.205023048000044)","Unfall 200712 (2021) Kat:2, Licht: 0","200712","2","7","0","08","11","6","","0","1","0","0","0"
"POINT (11.576307688000043 48.127804058000038)","Unfall 200730 (2021) Kat:2, Licht: 0","200730","2","2","4","08","13","4","","0","1","1","0","0"
"POINT (11.558759688000066 48.137418938000053)","Unfall 200734 (2021) Kat:2, Licht: 0","200734","2","2","6","08","09","1","","0","0","1","1","0"
"POINT (11.548272596000061 48.140446875000066)","Unfall 200743 (2021) Kat:3, Licht: 2","200743","3","7","0","08","00","7","","2","1","0","0","0"
"POINT (11.585302813000055 48.159054519000051)","Unfall 200746 (2021) Kat:3, Licht: 0","200746","3","7","0","08","11","4","","0","0","0","1","0"
"POINT (11.565649643000029 48.132929367000031)","Unfall 200747 (2021) Kat:3, Licht: 0","200747","3","6","2","08","12","6","","0","1","0","0","0"
"POINT (11.562244560000067 48.131325378000042)","Unfall 200748 (2021) Kat:3, Licht: 0","200748","3","7","3","08","18","5","","0","0","1","0","0"
"POINT (11.566815552000037 48.150397393000048)","Unfall 200751 (2021) Kat:3, Licht: 0","200751","3","2","3","08","17","7","","0","1","0","0","1"
"POINT (11.471916955000040 48.165359470000055)","Unfall 200772 (2021) Kat:3, Licht: 0","200772","3","3","5","08","07","4","","0","1","1","0","0"
"POINT (11.566801342000076 48.133062060000043)","Unfall 200778 (2021) Kat:3, Licht: 0","200778","3","7","0","08","06","3","","0","0","0","0","0"
"POINT (11.562816285000054 48.141608728000051)","Unfall 200781 (2021) Kat:3, Licht: 0","200781","3","6","2","08","13","7","","0","0","1","0","0"
"POINT (11.566968507000070 48.140367533000074)","Unfall 200782 (2021) Kat:3, Licht: 0","200782","3","3","5","08","14","4","","0","0","1","0","0"
"POINT (11.598549296000044 48.143850304000068)","Unfall 200787 (2021) Kat:2, Licht: 0","200787","2","1","0","08","15","2","","0","1","0","0","0"
"POINT (11.509763044000067 48.158254778000071)","Unfall 200797 (2021) Kat:3, Licht: 0","200797","3","4","6","08","15","5","","0","1","0","1","0"
"POINT (11.560834047000071 48.153370128000063)","Unfall 200803 (2021) Kat:3, Licht: 0","200803","3","5","0","08","18","5","","0","1","1","0","0"
"POINT (11.429813345000071 48.186657544000070)","Unfall 200813 (2021) Kat:2, Licht: 0","200813","2","3","5","08","16","1","","0","1","1","0","0"
"POINT (11.549190855000063 48.136059127000067)","Unfall 200814 (2021) Kat:3, Licht: 0","200814","3","1","0","08","07","3","","0","0","0","0","1"
"POINT (11.647574008000049 48.156867487000056)","Unfall 200820 (2021) Kat:3, Licht: 0","200820","3","6","2","08","17","4","","0","1","1","0","0"
"POINT (11.671307472000024 48.121462121000036)","Unfall 200822 (2021) Kat:3, Licht: 0","200822","3","2","5","08","18","6","","0","0","1","0","0"
"POINT (11.481238205000068 48.183432035000067)","Unfall 200830 (2021) Kat:3, Licht: 0","200830","3","3","5","08","14","5","","0","1","1","0","0"
"POINT (11.574650365000025 48.126983355000050)","Unfall 200842 (2021) Kat:3, Licht: 1","200842","3","2","5","08","19","5","","1","1","0","0","0"
"POINT (11.595413385000029 48.150757659000078)","Unfall 200854 (2021) Kat:3, Licht: 0","200854","3","3","5","08","08","5","","0","1","0","0","0"
"POINT (11.558344246000047 48.126251892000028)","Unfall 200855 (2021) Kat:3, Licht: 0","200855","3","2","5","08","10","4","","0","0","1","0","1"
"POINT (11.541370308000069 48.121712676000072)","Unfall 200864 (2021) Kat:3, Licht: 0","200864","3","7","0","08","19","2","","0","1","0","0","0"
"POINT (11.612827535000065 48.120765196000036)","Unfall 200867 (2021) Kat:3, Licht: 0","200867","3","2","4","08","07","5","","0","1","1","0","0"
"POINT (11.552382062000049 48.155452364000041)","Unfall 200869 (2021) Kat:2, Licht: 0","200869","2","6","2","08","16","6","","0","1","0","0","0"
"POINT (11.711299864000068 48.138193351000041)","Unfall 200870 (2021) Kat:3, Licht: 0","200870","3","3","5","08","17","5","","0","0","1","0","0"
"POINT (11.554209972000024 48.180613150000056)","Unfall 200872 (2021) Kat:2, Licht: 0","200872","2","5","1","08","09","6","","0","0","1","0","1"
"POINT (11.552912226000046 48.148595392000061)","Unfall 200879 (2021) Kat:3, Licht: 0","200879","3","6","4","08","19","3","","0","1","0","0","0"
"POINT (11.580787484000041 48.115368053000054)","Unfall 200880 (2021) Kat:3, Licht: 0","200880","3","3","5","08","15","5","","0","0","1","0","1"
"POINT (11.582774915000073 48.144520361000048)","Unfall 200885 (2021) Kat:3, Licht: 2","200885","3","7","0","08","00","1","","2","1","0","0","0"
"POINT (11.566692457000045 48.133239527000057)","Unfall 200891 (2021) Kat:3, Licht: 2","200891","3","3","5","08","00","5","","2","0","1","0","1"
"POINT (11.605036923000057 48.104489049000051)","Unfall 200898 (2021) Kat:3, Licht: 0","200898","3","6","2","08","18","7","","0","0","1","0","0"
"POINT (11.566815552000037 48.150397393000048)","Unfall 200900 (2021) Kat:2, Licht: 2","200900","2","3","5","08","22","7","","2","1","1","0","0"
"POINT (11.645165708000036 48.098721319000049)","Unfall 200901 (2021) Kat:3, Licht: 0","200901","3","6","2","08","12","4","","0","0","1","0","1"
"POINT (11.581623735000051 48.121414319000053)","Unfall 200905 (2021) Kat:3, Licht: 0","200905","3","6","3","08","16","6","","0","0","1","0","1"
"POINT (11.573097968000070 48.210269868000069)","Unfall 200906 (2021) Kat:3, Licht: 0","200906","3","2","5","08","16","7","","0","0","1","0","0"
"POINT (11.420193475000076 48.134934878000081)","Unfall 200913 (2021) Kat:2, Licht: 0","200913","2","1","0","08","19","3","","0","0","0","0","1"
"POINT (11.564364968000064 48.151091871000062)","Unfall 200915 (2021) Kat:3, Licht: 0","200915","3","1","0","08","17","7","","0","1","0","0","0"