WKT,Name,OBJECTID,UKATEGORIE,UTYP1,UART,UMONAT,USTUNDE,UWOCHENTAG,STRZUSTAND,ULICHTVERH,ISTRAD,ISTPKW,ISTFUSS,ISTKRAD
"POINT (11.599397592000059 48.125307662000068)","Unfall 200925 (2021) Kat:3, Licht: 0","200925","3","2","1","08","11","5","","0","1","0","0","0"
"POINT (11.563341458000025 48.137404922000030)","Unfall 200926 (2021) Kat:3, Licht: 0","200926","3","6","2","08","19","7","","0","0","1","0","0"
"POINT (11.551998827000034 48.100647612000046)","Unfall 200929 (2021) Kat:3, Licht: 0","200929","3","6","3","08","12","3","","0","1","1","0","0"
"POINT (11.610031056000025 48.136415361000047)","Unfall 200931 (2021) Kat:3, Licht: 0","200931","3","6","3","08","19","7","","0","1","0","0","0"
"POINT (11.568904727000074 48.144290855000065)","Unfall 200933 (2021) Kat:3, Licht: 0","200933","3","7","0","08","17","6","","0","0","0","0","0"
"POINT (11.584933944000056 48.132344076000038)","Unfall 200946 (2021) Kat:3, Licht: 0","200946","3","2","4","08","10","6","","0","0","1","0","0"
"POINT (11.614662224000028 48.142535072000044)","Unfall 200948 (2021) Kat:3, Licht: 0","200948","3","6","0","08","11","3","","0","1","1","0","0"
"POINT (11.529109821000077 48.099938550000047)","Unfall 200950 (2021) Kat:3, Licht: 2","200950","3","2","5","08","23","2","","2","0","1","0","0"
"POINT (11.583064612000044 48.133743791000029)","Unfall 200952 (2021) Kat:2, Licht: 0","200952","2","1","8","08","09","4","","0","0","1","1","0"
"POINT (11.623828046000028 48.131462649000071)","Unfall 200964 (2021) Kat:2, Licht: 0","200964","2","3","4","08","07","3","","0","1","1","0","0"
"POINT (11.578732738000042 48.138003735000041)","Unfall 200966 (2021) Kat:3, Licht: 0","200966","3","6","4","08","16","5","","0","0","1","0","0"
"POINT (11.528914679000025 48.169179887000041)","Unfall 200978 (2021) Kat:3, Licht: 0","200978","3","3","5","08","05","4","","0","1","0","0","0"
"POINT (11.564793715000064 48.137407302000042)","Unfall 200985 (2021) Kat:3, Licht: 0","200985","3","3","5","08","06","3","","0","0","1","0","0"
"POINT (11.528659431000051 48.208544437000057)","Unfall 201003 (2021) Kat:3, Licht: 0","201003","3","6","4","08","08","7","","0","1","0","0","1"
"POINT (11.562417297000025 48.186226662000081)","Unfall 201004 (2021) Kat:3, Licht: 0","201004","3","1","0","08","07","4","","0","0","0","0","0"
"POINT (11.545124740000063 48.139428446000068)","Unfall 201005 (2021) Kat:3, Licht: 0","201005","3","4","6","08","09","6","","0","0","1","1","0"
"POINT (11.534768542000052 48.120453525000073)","Unfall 201016 (2021) Kat:3, Licht: 2","201016","3","1","7","08","20","3","","2","1","0","0","0"
"POINT (11.576833880000038 48.136215539000034)","Unfall 201022 (2021) Kat:3, Licht: 0","201022","3","6","1","08","17","6","","0","1","1","0","0"
"POINT (11.602528800000073 48.120028797000032)","Unfall 201027 (2021) Kat:2, Licht: 0","201027","2","2","5","08","11","2","","0","1","1","0","0"
"POINT (11.539213360000076 48.130807570000059)","Unfall 201028 (2021) Kat:3, Licht: 2","201028","3","2","4","08","22","4","","2","1","1","0","0"
"POINT (11.519400985000061 48.112870239000074)","Unfall 201029 (2021) Kat:3, Licht: 0","201029","3","3","5","08","11","4","","0","1","1","0","0"
"POINT (11.567628126000045 48.134532484000033)","Unfall 201030 (2021) Kat:3, Licht: 0","201030","3","7","0","08","12","6","","0","0","0","0","0"
"POINT (11.531502485000033 48.102732492000030)","Unfall 201041 (2021) Kat:3, Licht: 2","201041","3","1","0","08","22","5","","2","1","0","0","0"
"POINT (11.597868491000042 48.149482236000040)","Unfall 201045 (2021) Kat:3, Licht: 0","201045","3","2","3","08","08","7","","0","1","0","0","0"
"POINT (11.570500693000042 48.134350808000079)","Unfall 201047 (2021) Kat:3, Licht: 0","201047","3","5","3","08","12","7","","0","1","1","0","0"
"POINT (11.551625128000069 48.137494408000066)","Unfall 201068 (2021) Kat:3, Licht: 0","201068","3","7","3","08","10","7","","0","0","1","0","0"
"POINT (11.606281072000058 48.120835662000047)","Unfall 201070 (2021) Kat:2, Licht: 0","201070","2","2","5","08","18","4","","0","1","1","0","0"
"POINT (11.586264336000056 48.162300618000074)","Unfall 201072 (2021) Kat:3, Licht: 0","201072","3","6","1","08","19","6","","0","0","1","0","0"
"POINT (11.605376769000031 48.129166828000052)","Unfall 201073 (2021) Kat:3, Licht: 0","201073","3","6","0","08","14","5","","0","0","1","0","0"
"POINT (11.587673435000056 48.143240386000059)","Unfall 201075 (2021) Kat:3, Licht: 0","201075","3","4","6","08","19","6","","0","0","1","1","0"
"POINT (11.579407421000042 48.129387829000052)","Unfall 201080 (2021) Kat:3, Licht: 2","201080","3","4","6","08","23","5","","2","0","1","1","0"
"POINT (11.586228544000051 48.167319889000055)","Unfall 201089 (2021) Kat:3, Licht: 0","201089","3","2","3","08","19","1","","0","0","1","0","0"
"POINT (11.629309262000049 48.184024505000082)","Unfall 201104 (2021) Kat:2, Licht: 0","201104","2","1","0","08","10","1","","0","1","0","0","0"
"POINT (11.586663509000061 48.137457531000052)","Unfall 201107 (2021) Kat:3, Licht: 0","201107","3","2","0","08","16","5","","0","1","1","0","0"
"POINT (11.555853161000073 48.136078628000064)","Unfall 201119 (2021) Kat:3, Licht: 0","201119","3","7","0","08","11","4","","0","1","0","0","0"
"POINT (11.505517580000060 48.160357331000057)","Unfall 201122 (2021) Kat:3, Licht: 0","201122","3","7","6","08","10","5","","0","0","1","1","0"
"POINT (11.554028557000038 48.133929286000068)","Unfall 201124 (2021) Kat:3, Licht: 0","201124","3","6","3","08","17","6","","0","1","0","0","0"
"POINT (11.664243920000047 48.153356077000069)","Unfall 201125 (2021) Kat:3, Licht: 0","201125","3","7","5","08","06","7","","0","1","1","0","0"
"POINT (11.548451317000058 48.114667058000066)","Unfall 201132 (2021) Kat:3, Licht: 0","201132","3","3","5","08","07","3","","0","1","1","0","0"
"POINT (11.585259462000067 48.129445173000079)","Unfall 201135 (2021) Kat:3, Licht: 0","201135","3","2","4","08","16","5","","0","1","0","0","0"
"POINT (11.570388531000049 48.178391908000037)","Unfall 201137 (2021) Kat:2, Licht: 0","201137","2","4","6","08","16","6","","0","0","1","1","0"
"POINT (11.618447725000067 48.207461433000049)","Unfall 201155 (2021) Kat:3, Licht: 0","201155","3","3","0","08","16","5","","0","1","1","0","0"
"POINT (11.524097823000034 48.102164797000057)","Unfall 201157 (2021) Kat:3, Licht: 0","201157","3","3","5","08","18","4","","0","1","1","0","0"
"POINT (11.545442734000062 48.144308280000075)","Unfall 201158 (2021) Kat:3, Licht: 0","201158","3","2","4","08","08","6","","0","0","1","0","0"
"POINT (11.459099157000026 48.146085334000077)","Unfall 201159 (2021) Kat:3, Licht: 0","201159","3","3","5","08","15","5","","0","0","1","0","0"
"POINT (11.462903593000021 48.191830795000044)","Unfall 201164 (2021) Kat:3, Licht: 0","201164","3","3","5","08","17","6","","0","0","1","0","1"
"POINT (11.608405035000033 48.131363263000026)","Unfall 201167 (2021) Kat:3, Licht: 2","201167","3","1","0","08","02","7","","2","0","0","0","0"
"POINT (11.525969661000033 48.108590627000069)","Unfall 201169 (2021) Kat:3, Licht: 2","201169","3","1","0","08","00","7","","2","1","0","0","0"
"POINT (11.459919881000076 48.149074298000073)","Unfall 201170 (2021) Kat:3, Licht: 0","201170","3","7","0","08","08","4","","0","0","0","1","0"
"POINT (11.458057916000030 48.152987005000057)","Unfall 201171 (2021) Kat:3, Licht: 2","201171","3","6","4","08","23","6","","2","1","0","0","0"
"POINT (11.577214919000028 48.136505123000063)","Unfall 201172 (2021) Kat:3, Licht: 0","201172","3","2","0","08","14","5","","0","0","1","0","0"
"POINT (11.524351621000051 48.112605068000050)","Unfall 201182 (2021) Kat:3, Licht: 0","201182","3","2","4","08","16","3","","0","1","1","0","0"
"POINT (11.480548887000054 48.171804726000062)","Unfall 201183 (2021) Kat:3, Licht: 0","201183","3","6","1","08","18","5","","0","0","1","0","0"
"POINT (11.516575390000071 48.141788103000067)","Unfall 201190 (2021) Kat:3, Licht: 0","201190","3","6","2","08","10","3","","0","1","1","0","0"
"POINT (11.562745453000048 48.144168861000026)","Unfall 201202 (2021) Kat:3, Licht: 0","201202","3","2","5","08","15","7","","0","1","1","0","0"
"POINT (11.589995471000066 48.140960051000036)","Unfall 201206 (2021) Kat:3, Licht: 0","201206","3","5","1","08","13","5","","0","1","1","0","0"
"POINT (11.500490748000061 48.133437965000041)","Unfall 201208 (2021) Kat:3, Licht: 1","201208","3","5","1","08","20","7","","1","1","1","0","0"
"POINT (11.538548494000054 48.111971279000045)","Unfall 201211 (2021) Kat:3, Licht: 0","201211","3","7","2","08","17","6","","0","0","1","0","1"
"POINT (11.504337486000054 48.094277664000060)","Unfall 201212 (2021) Kat:3, Licht: 0","201212","3","2","5","08","08","5","","0","1","1","0","0"
"POINT (11.516919756000050 48.113325383000074)","Unfall 201226 (2021) Kat:3, Licht: 0","201226","3","7","6","08","10","2","","0","0","1","1","0"
"POINT (11.573823421000043 48.129646408000042)","Unfall 201227 (2021) Kat:2, Licht: 2","201227","2","1","0","08","23","7","","2","0","0","0","0"
"POINT (11.485664903000043 48.196022847000052)","Unfall 201229 (2021) Kat:3, Licht: 0","201229","3","1","0","08","19","3","","0","1","0","0","0"
"POINT (11.533279792000030 48.153039649000050)","Unfall 201241 (2021) Kat:3, Licht: 0","201241","3","2","5","08","16","4","","0","1","1","0","0"
"POINT (11.572887155000046 48.142105309000044)","Unfall 201243 (2021) Kat:3, Licht: 0","201243","3","4","6","08","13","6","","0","1","0","1","0"
"POINT (11.595690192000063 48.107766492000053)","Unfall 201251 (2021) Kat:3, Licht: 0","201251","3","2","4","08","11","7","","0","1","1","0","0"
"POINT (11.638064048000047 48.141894717000071)","Unfall 201256 (2021) Kat:3, Licht: 0","201256","3","5","1","08","15","2","","0","0","1","0","0"
"POINT (11.576218105000066 48.133193954000035)","Unfall 201274 (2021) Kat:2, Licht: 2","201274","2","2","4","08","01","7","","2","0","1","0","0"
"POINT (11.567813525000076 48.131673091000039)","Unfall 201276 (2021) Kat:3, Licht: 2","201276","3","5","1","08","01","4","","2","1","1","0","0"
"POINT (11.573259335000046 48.160494642000060)","Unfall 201277 (2021) Kat:2, Licht: 0","201277","2","3","5","08","15","4","","0","0","1","0","1"
"POINT (11.601450539000041 48.140699024000071)","Unfall 201280 (2021) Kat:3, Licht: 0","201280","3","7","0","08","06","6","","0","0","1","0","1"
"POINT (11.540372343000058 48.214923192000072)","Unfall 201282 (2021) Kat:2, Licht: 2","201282","2","3","5","08","22","2","","2","0","1","0","0"
"POINT (11.528712341000073 48.212775399000066)","Unfall 201285 (2021) Kat:2, Licht: 0","201285","2","3","5","08","12","7","","0","1","1","0","0"
"POINT (11.595630386000039 48.141619173000038)","Unfall 201288 (2021) Kat:2, Licht: 0","201288","2","6","3","08","17","3","","0","1","0","0","0"
"POINT (11.407456364000041 48.177566828000067)","Unfall 201289 (2021) Kat:3, Licht: 2","201289","3","7","0","08","22","4","","2","1","0","0","0"
"POINT (11.553440773000034 48.213630308000063)","Unfall 201290 (2021) Kat:3, Licht: 2","201290","3","3","5","08","21","4","","2","0","1","0","0"
"POINT (11.550528984000039 48.136019840000074)","Unfall 201294 (2021) Kat:3, Licht: 0","201294","3","2","3","08","09","6","","0","1","1","0","0"
"POINT (11.589050704000044 48.165134333000026)","Unfall 201296 (2021) Kat:3, Licht: 0","201296","3","3","5","08","15","2","","0","1","1","0","0"
"POINT (11.528479084000026 48.218004107000070)","Unfall 201299 (2021) Kat:3, Licht: 0","201299","3","3","5","08","18","7","","0","1","1","0","0"
"POINT (11.567899719000025 48.142663659000050)","Unfall 201301 (2021) Kat:3, Licht: 0","201301","3","2","5","08","15","3","","0","1","1","0","0"
"POINT (11.549860496000065 48.162987505000046)","Unfall 201306 (2021) Kat:3, Licht: 2","201306","3","1","0","08","23","6","","2","1","0","0","0"
"POINT (11.552935753000042 48.182907205000049)","Unfall 201308 (2021) Kat:2, Licht: 0","201308","2","6","2","08","08","1","","0","0","1","0","0"
"POINT (11.555957674000069 48.155438863000029)","Unfall 201324 (2021) Kat:3, Licht: 0","201324","3","2","5","08","16","4","","0","1","1","0","0"
"POINT (11.643238841000027 48.099375275000057)","Unfall 201326 (2021) Kat:3, Licht: 0","201326","3","6","0","08","13","5","","0","0","1","0","0"
"POINT (11.607825150000053 48.186250576000077)","Unfall 201336 (2021) Kat:3, Licht: 1","201336","3","6","1","08","18","3","","1","0","1","0","0"
"POINT (11.650509661000058 48.139779072000067)","Unfall 201349 (2021) Kat:3, Licht: 2","201349","3","7","9","08","21","7","","2","0","1","0","0"
"POINT (11.575461517000065 48.154442714000027)","Unfall 201352 (2021) Kat:3, Licht: 0","201352","3","7","0","08","11","4","","0","1","0","0","0"
"POINT (11.627647437000064 48.143679454000051)","Unfall 201355 (2021) Kat:3, Licht: 0","201355","3","1","0","08","11","7","","0","1","0","0","0"
"POINT (11.563309230000073 48.207253363000063)","Unfall 201357 (2021) Kat:3, Licht: 0","201357","3","3","5","08","15","6","","0","0","1","0","0"
"POINT (11.578712371000051 48.145064559000048)","Unfall 201364 (2021) Kat:1, Licht: 0","201364","1","4","6","08","15","1","","0","0","0","1","0"
"POINT (11.606177139000067 48.104751822000026)","Unfall 201371 (2021) Kat:3, Licht: 0","201371","3","6","1","08","10","3","","0","0","1","0","0"
"POINT (11.580760091000059 48.144955118000041)","Unfall 201374 (2021) Kat:3, Licht: 2","201374","3","7","0","08","23","5","","2","1","1","0","0"
"POINT (11.534759429000076 48.146467185000063)","Unfall 201375 (2021) Kat:3, Licht: 0","201375","3","3","5","08","13","7","","0","0","1","1","0"
"POINT (11.519187441000042 48.218281278000063)","Unfall 201387 (2021) Kat:3, Licht: 0","201387","3","6","2","08","12","3","","0","0","1","0","0"
"POINT (11.558167590000039 48.129868767000062)","Unfall 201388 (2021) Kat:3, Licht: 0","201388","3","6","6","08","14","5","","0","1","0","1","0"
"POINT (11.565998250000064 48.144496050000043)","Unfall 201389 (2021) Kat:3, Licht: 0","201389","3","7","0","08","17","7","","0","0","0","0","0"
"POINT (11.688650785000050 48.115597571000080)","Unfall 201393 (2021) Kat:3, Licht: 0","201393","3","3","5","08","18","6","","0","1","1","0","0"
"POINT (11.570049440000048 48.111561314000028)","Unfall 201401 (2021) Kat:3, Licht: 0","201401","3","2","3","08","14","4","","0","1","1","0","0"
"POINT (11.567630001000055 48.134529393000037)","Unfall 201403 (2021) Kat:3, Licht: 0","201403","3","4","6","08","18","5","","0","1","0","1","0"
"POINT (11.546506972000032 48.100895735000051)","Unfall 201414 (2021) Kat:3, Licht: 0","201414","3","6","2","08","18","7","","0","1","1","0","0"
"POINT (11.593200823000075 48.180021934000081)","Unfall 201424 (2021) Kat:3, Licht: 1","201424","3","7","0","08","20","4","","1","0","0","0","0"
"POINT (11.597198894000030 48.131655688000080)","Unfall 201425 (2021) Kat:3, Licht: 0","201425","3","1","0","08","18","6","","0","0","0","0","0"
"POINT (11.600196040000071 48.140847599000040)","Unfall 201426 (2021) Kat:3, Licht: 0","201426","3","1","0","08","20","5","","0","0","0","0","1"
"POINT (11.602329298000029 48.160178318000078)","Unfall 201429 (2021) Kat:2, Licht: 0","201429","2","6","4","08","17","2","","0","1","0","0","0"
"POINT (11.605756283000062 48.103138495000053)","Unfall 201434 (2021) Kat:3, Licht: 2","201434","3","1","0","08","22","3","","2","0","0","0","1"
"POINT (11.588675797000064 48.139424426000062)","Unfall 201438 (2021) Kat:3, Licht: 0","201438","3","1","0","08","17","1","","0","1","0","0","0"
"POINT (11.580996095000046 48.097886716000062)","Unfall 201441 (2021) Kat:3, Licht: 0","201441","3","3","5","08","08","6","","0","0","1","0","0"
"POINT (11.507039279000026 48.098575337000057)","Unfall 201447 (2021) Kat:3, Licht: 0","201447","3","6","2","08","13","4","","0","0","1","0","1"
"POINT (11.572956643000055 48.150541117000046)","Unfall 201448 (2021) Kat:3, Licht: 2","201448","3","5","1","08","22","4","","2","1","1","0","0"
"POINT (11.546559235000075 48.149756701000058)","Unfall 201454 (2021) Kat:3, Licht: 0","201454","3","2","5","08","16","2","","0","1","1","0","0"
"POINT (11.537825240000075 48.165864152000040)","Unfall 201459 (2021) Kat:3, Licht: 0","201459","3","6","2","08","15","3","","0","0","1","0","0"
"POINT (11.600452918000030 48.140634473000034)","Unfall 201463 (2021) Kat:3, Licht: 0","201463","3","5","0","08","17","6","","0","1","1","0","0"
"POINT (11.532442244000038 48.161741210000059)","Unfall 201478 (2021) Kat:3, Licht: 0","201478","3","6","2","08","11","3","","0","1","1","0","0"
"POINT (11.618426888000045 48.207466801000066)","Unfall 201491 (2021) Kat:3, Licht: 0","201491","3","3","5","08","07","4","","0","1","1","0","0"
"POINT (11.574895643000048 48.158435413000063)","Unfall 201493 (2021) Kat:3, Licht: 0","201493","3","1","0","08","13","6","","0","1","0","0","0"
"POINT (11.614639380000028 48.138065283000060)","Unfall 201494 (2021) Kat:3, Licht: 2","201494","3","2","3","08","20","5","","2","1","1","0","0"
"POINT (11.523871987000064 48.099208681000050)","Unfall 201498 (2021) Kat:3, Licht: 2","201498","3","3","5","08","22","2","","2","0","1","0","0"
"POINT (11.624801118000050 48.104420264000055)","Unfall 201511 (2021) Kat:3, Licht: 2","201511","3","7","5","08","22","1","","2","1","1","0","0"
"POINT (11.511722438000049 48.158749811000064)","Unfall 201525 (2021) Kat:3, Licht: 0","201525","3","6","2","08","14","2","","0","1","0","0","0"
"POINT (11.636132165000049 48.140017457000056)","Unfall 201526 (2021) Kat:3, Licht: 0","201526","3","6","2","08","09","7","","0","0","1","0","0"
"POINT (11.536135843000068 48.100233396000078)","Unfall 201527 (2021) Kat:3, Licht: 0","201527","3","1","0","08","18","6","","0","1","0","0","0"
"POINT (11.616519410000024 48.101167915000076)","Unfall 201539 (2021) Kat:3, Licht: 0","201539","3","3","4","08","07","5","","0","1","1","0","0"
"POINT (11.581315539000059 48.187826122000047)","Unfall 201540 (2021) Kat:3, Licht: 0","201540","3","2","5","08","18","4","","0","1","1","0","0"
"POINT (11.574084598000070 48.120084387000077)","Unfall 201544 (2021) Kat:3, Licht: 0","201544","3","2","5","08","18","6","","0","1","1","0","0"
"POINT (11.543877683000062 48.111828770000045)","Unfall 201553 (2021) Kat:3, Licht: 0","201553","3","7","0","08","18","3","","0","1","0","0","0"
"POINT (11.535046468000075 48.168181196000035)","Unfall 201576 (2021) Kat:3, Licht: 0","201576","3","2","4","08","12","2","","0","1","1","0","0"
"POINT (11.602137596000034 48.123894426000049)","Unfall 201577 (2021) Kat:3, Licht: 2","201577","3","2","5","08","01","7","","2","0","1","0","0"
"POINT (11.463710815000070 48.194554582000080)","Unfall 201578 (2021) Kat:3, Licht: 0","201578","3","7","0","08","15","4","","0","0","1","1","0"
"POINT (11.608088368000040 48.148420177000048)","Unfall 201579 (2021) Kat:3, Licht: 0","201579","3","2","4","08","17","6","","0","0","1","0","0"
"POINT (11.581063185000062 48.141213437000033)","Unfall 201580 (2021) Kat:3, Licht: 0","201580","3","1","0","08","09","5","","0","1","0","0","0"
"POINT (11.550837623000064 48.112392747000058)","Unfall 201587 (2021) Kat:3, Licht: 0","201587","3","6","2","08","19","6","","0","0","1","0","0"
"POINT (11.586386596000068 48.163964184000065)","Unfall 201588 (2021) Kat:3, Licht: 0","201588","3","6","4","08","14","5","","0","1","0","0","0"
"POINT (11.601153429000021 48.145285318000049)","Unfall 201591 (2021) Kat:2, Licht: 2","201591","2","7","1","08","02","3","","2","0","0","0","1"
"POINT (11.549349558000074 48.198491762000060)","Unfall 201606 (2021) Kat:3, Licht: 0","201606","3","3","5","08","11","3","","0","0","1","0","1"
"POINT (11.592913774000067 48.132254332000059)","Unfall 201614 (2021) Kat:3, Licht: 2","201614","3","7","0","08","01","1","","2","0","0","0","0"
"POINT (11.665916376000041 48.124335815000052)","Unfall 201634 (2021) Kat:3, Licht: 2","201634","3","7","0","08","21","5","","2","0","0","0","0"
"POINT (11.567729222000025 48.176681056000064)","Unfall 201638 (2021) Kat:3, Licht: 0","201638","3","6","2","08","19","6","","0","0","1","0","1"
"POINT (11.586117701000035 48.161863218000065)","Unfall 201641 (2021) Kat:3, Licht: 0","201641","3","2","3","08","18","3","","0","1","1","0","0"
"POINT (11.461330323000027 48.147044110000081)","Unfall 201648 (2021) Kat:3, Licht: 0","201648","3","7","0","08","12","6","","0","1","0","0","0"
"POINT (11.602519952000023 48.140206512000077)","Unfall 201651 (2021) Kat:3, Licht: 0","201651","3","2","2","08","10","2","","0","0","1","0","1"
"POINT (11.582976360000032 48.133573541000032)","Unfall 201654 (2021) Kat:3, Licht: 1","201654","3","7","3","08","19","4","","1","1","1","0","0"
"POINT (11.524684324000077 48.196516546000055)","Unfall 201655 (2021) Kat:3, Licht: 0","201655","3","6","0","08","18","6","","0","1","0","0","0"
"POINT (11.548595624000029 48.111929063000048)","Unfall 201660 (2021) Kat:3, Licht: 0","201660","3","7","0","08","09","2","","0","1","0","0","0"
"POINT (11.568341792000069 48.133785517000035)","Unfall 201666 (2021) Kat:2, Licht: 0","201666","2","7","5","08","17","6","","0","1","0","0","0"
"POINT (11.570064138000021 48.141246898000077)","Unfall 201669 (2021) Kat:3, Licht: 0","201669","3","7","6","09","11","6","","0","0","1","0","0"
"POINT (11.558786999000063 48.147439255000052)","Unfall 201674 (2021) Kat:3, Licht: 0","201674","3","2","5","09","18","7","","0","1","1","0","0"
"POINT (11.564833533000069 48.175452115000041)","Unfall 201675 (2021) Kat:3, Licht: 0","201675","3","1","0","08","17","3","","0","0","0","0","0"
"POINT (11.556733797000049 48.141977061000034)","Unfall 201682 (2021) Kat:3, Licht: 0","201682","3","1","0","08","13","7","","0","0","0","0","0"
"POINT (11.485108208000042 48.136762152000074)","Unfall 201687 (2021) Kat:3, Licht: 1","201687","3","2","6","08","20","2","","1","0","1","1","0"
"POINT (11.543196834000071 48.152584921000027)","Unfall 201689 (2021) Kat:3, Licht: 0","201689","3","3","5","09","17","2","","0","1","1","0","0"
"POINT (11.602122684000051 48.115811019000034)","Unfall 201700 (2021) Kat:3, Licht: 0","201700","3","3","5","08","15","6","","0","0","1","0","0"
"POINT (11.460738141000036 48.200344313000073)","Unfall 201706 (2021) Kat:3, Licht: 0","201706","3","1","4","09","06","6","","0","1","1","0","0"
"POINT (11.576040757000044 48.141196061000073)","Unfall 201714 (2021) Kat:2, Licht: 2","201714","2","5","0","09","23","2","","2","1","0","0","1"
"POINT (11.563128437000046 48.141514590000043)","Unfall 201717 (2021) Kat:2, Licht: 2","201717","2","2","5","08","03","7","","2","0","0","0","1"
"POINT (11.566460304000032 48.137933980000071)","Unfall 201718 (2021) Kat:2, Licht: 2","201718","2","1","0","09","02","4","","2","0","0","0","0"
"POINT (11.529562590000069 48.165502855000057)","Unfall 201720 (2021) Kat:2, Licht: 0","201720","2","1","0","09","07","4","","0","1","0","0","0"
"POINT (11.543514818000062 48.150456437000059)","Unfall 201729 (2021) Kat:3, Licht: 0","201729","3","7","0","08","10","7","","0","0","0","0","0"
"POINT (11.609965830000021 48.132458091000046)","Unfall 201739 (2021) Kat:3, Licht: 2","201739","3","1","0","08","22","4","","2","1","0","0","0"
"POINT (11.480876684000066 48.087851005000061)","Unfall 201742 (2021) Kat:3, Licht: 1","201742","3","3","5","08","21","3","","1","1","0","0","0"
"POINT (11.588637156000061 48.137506484000028)","Unfall 201748 (2021) Kat:3, Licht: 0","201748","3","1","0","09","14","5","","0","1","0","0","0"
"POINT (11.543645199000025 48.157321950000039)","Unfall 201754 (2021) Kat:3, Licht: 0","201754","3","7","4","08","16","1","","0","0","1","0","0"
"POINT (11.555321382000045 48.161278166000045)","Unfall 201763 (2021) Kat:3, Licht: 0","201763","3","3","5","09","17","3","","0","1","1","0","0"
"POINT (11.579070049000052 48.137042090000079)","Unfall 201764 (2021) Kat:2, Licht: 0","201764","2","3","5","08","09","7","","0","1","1","0","0"
"POINT (11.573773903000074 48.120087190000049)","Unfall 201768 (2021) Kat:3, Licht: 0","201768","3","2","5","09","10","4","","0","1","1","0","0"
"POINT (11.611256100000048 48.089563599000030)","Unfall 201770 (2021) Kat:3, Licht: 0","201770","3","3","5","09","13","7","","0","1","0","0","0"
"POINT (11.514227004000077 48.167567433000045)","Unfall 201789 (2021) Kat:3, Licht: 0","201789","3","7","6","08","10","4","","0","0","0","1","0"
"POINT (11.591938480000067 48.192750631000081)","Unfall 201791 (2021) Kat:3, Licht: 0","201791","3","7","0","09","17","3","","0","0","0","0","0"
"POINT (11.456551410000031 48.169931173000066)","Unfall 201803 (2021) Kat:3, Licht: 0","201803","3","6","3","09","13","6","","0","1","0","0","0"
"POINT (11.502184472000067 48.139706828000044)","Unfall 201816 (2021) Kat:3, Licht: 0","201816","3","1","0","08","19","7","","0","1","0","0","0"
"POINT (11.612906830000043 48.123274748000028)","Unfall 201817 (2021) Kat:3, Licht: 0","201817","3","3","5","09","07","4","","0","0","1","0","1"
"POINT (11.571285566000029 48.121023891000050)","Unfall 201818 (2021) Kat:3, Licht: 0","201818","3","3","5","08","19","4","","0","1","0","0","0"
"POINT (11.579015026000036 48.145711628000072)","Unfall 201828 (2021) Kat:3, Licht: 0","201828","3","6","0","09","10","3","","0","1","0","0","0"
"POINT (11.567339557000025 48.123299702000054)","Unfall 201836 (2021) Kat:2, Licht: 0","201836","2","7","8","09","16","7","","0","1","0","0","0"
"POINT (11.565729589000057 48.189193972000055)","Unfall 201842 (2021) Kat:3, Licht: 2","201842","3","7","9","09","05","6","","2","0","1","0","0"
"POINT (11.546194391000029 48.187667019000060)","Unfall 201844 (2021) Kat:3, Licht: 2","201844","3","6","0","08","22","7","","2","1","0","0","0"
"POINT (11.507991328000060 48.152853880000066)","Unfall 201848 (2021) Kat:3, Licht: 0","201848","3","6","2","09","12","7","","0","0","1","0","0"
"POINT (11.555951826000069 48.137482585000043)","Unfall 201850 (2021) Kat:2, Licht: 2","201850","2","3","5","09","21","1","","2","0","1","0","1"
"POINT (11.581065016000025 48.097346534000053)","Unfall 201854 (2021) Kat:3, Licht: 0","201854","3","3","5","09","15","4","","0","1","1","0","0"
"POINT (11.511329910000029 48.083925186000045)","Unfall 201857 (2021) Kat:3, Licht: 0","201857","3","1","0","09","18","3","","0","0","0","0","1"
"POINT (11.575708471000041 48.150301766000041)","Unfall 201858 (2021) Kat:3, Licht: 2","201858","3","7","0","09","00","6","","2","0","0","0","0"
"POINT (11.579777834000026 48.125245217000042)","Unfall 201863 (2021) Kat:3, Licht: 0","201863","3","7","1","09","12","7","","0","1","1","0","0"
"POINT (11.479223749000028 48.123957317000077)","Unfall 201865 (2021) Kat:3, Licht: 0","201865","3","2","5","09","18","1","","0","0","1","0","1"
"POINT (11.414217743000052 48.147165314000063)","Unfall 201866 (2021) Kat:3, Licht: 0","201866","3","2","5","09","17","2","","0","1","1","0","0"
"POINT (11.556793677000030 48.149648144000025)","Unfall 201867 (2021) Kat:3, Licht: 0","201867","3","7","6","09","07","4","","0","1","0","1","0"
"POINT (11.639973644000065 48.146382719000030)","Unfall 201870 (2021) Kat:2, Licht: 0","201870","2","2","5","09","08","4","","0","1","1","0","0"
"POINT (11.582871977000025 48.106988554000054)","Unfall 201871 (2021) Kat:3, Licht: 0","201871","3","1","6","08","17","4","","0","1","0","1","0"
"POINT (11.602788075000035 48.180017177000082)","Unfall 201887 (2021) Kat:3, Licht: 0","201887","3","3","5","08","18","1","","0","1","1","0","0"