WKT,Name,OBJECTID,UKATEGORIE,UTYP1,UART,UMONAT,USTUNDE,UWOCHENTAG,STRZUSTAND,ULICHTVERH,ISTRAD,ISTPKW,ISTFUSS,ISTKRAD
"POINT (11.570612475000075 48.146875346000058)","Unfall 201895 (2021) Kat:2, Licht: 0","201895","2","2","5","09","08","4","","0","1","1","0","0"
"POINT (11.558756510000023 48.147583799000074)","Unfall 201898 (2021) Kat:3, Licht: 0","201898","3","3","5","08","17","7","","0","0","1","0","0"
"POINT (11.702767039000037 48.132991806000064)","Unfall 201902 (2021) Kat:3, Licht: 0","201902","3","3","5","09","18","7","","0","1","1","0","0"
"POINT (11.546375766000040 48.130397845000061)","Unfall 201904 (2021) Kat:3, Licht: 0","201904","3","7","0","09","17","1","","0","1","0","0","0"
"POINT (11.550391257000058 48.138999838000075)","Unfall 201908 (2021) Kat:3, Licht: 0","201908","3","5","0","09","08","4","","0","0","0","0","0"
"POINT (11.586075503000075 48.171126230000027)","Unfall 201909 (2021) Kat:3, Licht: 0","201909","3","2","5","08","12","4","","0","1","0","0","0"
"POINT (11.567604931000062 48.209506754000074)","Unfall 201911 (2021) Kat:3, Licht: 0","201911","3","7","6","09","12","3","","0","0","1","1","0"
"POINT (11.565175643000032 48.168609090000075)","Unfall 201940 (2021) Kat:3, Licht: 0","201940","3","3","3","08","16","1","","0","1","1","0","0"
"POINT (11.527996084000051 48.137266693000072)","Unfall 201944 (2021) Kat:3, Licht: 0","201944","3","3","5","08","07","3","","0","1","1","0","0"
"POINT (11.583627162000028 48.144432206000033)","Unfall 201946 (2021) Kat:3, Licht: 2","201946","3","7","0","09","23","2","","2","0","0","0","0"
"POINT (11.565892616000042 48.187224001000061)","Unfall 201949 (2021) Kat:3, Licht: 2","201949","3","3","1","08","21","7","","2","1","1","0","0"
"POINT (11.568321830000059 48.132494029000043)","Unfall 201953 (2021) Kat:3, Licht: 2","201953","3","7","0","09","22","7","","2","1","0","0","0"
"POINT (11.565812450000067 48.142166196000062)","Unfall 201961 (2021) Kat:3, Licht: 1","201961","3","3","5","09","19","3","","1","1","1","0","0"
"POINT (11.592186570000024 48.142317085000059)","Unfall 201963 (2021) Kat:3, Licht: 0","201963","3","2","3","08","17","3","","0","1","1","0","0"
"POINT (11.588316141000064 48.167384321000043)","Unfall 201973 (2021) Kat:3, Licht: 0","201973","3","2","5","09","10","6","","0","1","1","0","0"
"POINT (11.578364985000064 48.144353247000026)","Unfall 201977 (2021) Kat:3, Licht: 2","201977","3","5","0","08","20","1","","2","1","1","0","0"
"POINT (11.611559902000067 48.153926547000026)","Unfall 201980 (2021) Kat:3, Licht: 0","201980","3","3","5","08","09","3","","0","0","1","0","1"
"POINT (11.563348101000031 48.186910297000054)","Unfall 201982 (2021) Kat:3, Licht: 0","201982","3","4","6","09","12","2","","0","1","1","1","0"
"POINT (11.524783877000061 48.181989399000031)","Unfall 201983 (2021) Kat:3, Licht: 0","201983","3","5","1","08","11","5","","0","1","1","0","0"
"POINT (11.663653025000031 48.086037963000081)","Unfall 201984 (2021) Kat:3, Licht: 0","201984","3","3","5","09","10","3","","0","0","1","0","0"
"POINT (11.636397199000044 48.140305913000077)","Unfall 201985 (2021) Kat:3, Licht: 1","201985","3","3","5","08","19","7","","1","0","1","0","0"
"POINT (11.514617519000069 48.128693850000047)","Unfall 201995 (2021) Kat:3, Licht: 0","201995","3","7","6","09","14","2","","0","1","0","1","0"
"POINT (11.609641592000060 48.196568496000054)","Unfall 201997 (2021) Kat:3, Licht: 0","201997","3","2","4","09","15","4","","0","1","1","0","0"
"POINT (11.539711520000026 48.151213087000031)","Unfall 201998 (2021) Kat:3, Licht: 0","201998","3","1","0","08","11","2","","0","1","0","0","0"
"POINT (11.690254832000051 48.135660344000030)","Unfall 202000 (2021) Kat:3, Licht: 0","202000","3","6","2","08","09","7","","0","0","1","0","0"
"POINT (11.539228234000063 48.125306116000047)","Unfall 202009 (2021) Kat:3, Licht: 0","202009","3","3","5","08","15","4","","0","1","1","0","0"
"POINT (11.588076091000062 48.201310480000075)","Unfall 202011 (2021) Kat:3, Licht: 0","202011","3","3","5","09","18","3","","0","1","1","0","0"
"POINT (11.465364346000058 48.146260268000049)","Unfall 202023 (2021) Kat:3, Licht: 0","202023","3","2","5","09","09","6","","0","0","1","0","0"
"POINT (11.548650819000045 48.160053637000033)","Unfall 202025 (2021) Kat:3, Licht: 2","202025","3","6","1","08","01","1","","2","0","1","0","0"
"POINT (11.502906741000061 48.130809857000031)","Unfall 202032 (2021) Kat:3, Licht: 0","202032","3","6","2","09","17","2","","0","0","1","0","0"
"POINT (11.587415226000076 48.104016816000069)","Unfall 202036 (2021) Kat:3, Licht: 0","202036","3","2","3","09","18","4","","0","1","1","0","0"
"POINT (11.646750325000028 48.157187504000035)","Unfall 202038 (2021) Kat:3, Licht: 0","202038","3","3","5","08","14","4","","0","0","1","0","0"
"POINT (11.558813639000050 48.146627877000071)","Unfall 202040 (2021) Kat:3, Licht: 0","202040","3","2","5","09","18","4","","0","1","1","0","0"
"POINT (11.648172868000074 48.139780653000059)","Unfall 202045 (2021) Kat:3, Licht: 0","202045","3","2","3","08","18","6","","0","1","0","0","0"
"POINT (11.460139001000073 48.147766832000059)","Unfall 202049 (2021) Kat:3, Licht: 0","202049","3","4","6","08","14","6","","0","1","0","1","0"
"POINT (11.578046353000047 48.149671185000045)","Unfall 202051 (2021) Kat:3, Licht: 0","202051","3","4","6","09","16","6","","0","1","0","1","0"
"POINT (11.573113736000039 48.150784064000050)","Unfall 202056 (2021) Kat:3, Licht: 2","202056","3","7","6","09","21","7","","2","0","1","1","0"
"POINT (11.584411625000030 48.157169075000070)","Unfall 202085 (2021) Kat:3, Licht: 0","202085","3","3","5","09","16","2","","0","1","1","0","0"
"POINT (11.620755681000048 48.137150194000071)","Unfall 202089 (2021) Kat:3, Licht: 0","202089","3","6","2","08","16","4","","0","0","1","0","1"
"POINT (11.578846701000032 48.139276825000081)","Unfall 202095 (2021) Kat:3, Licht: 2","202095","3","3","5","09","22","2","","2","1","1","0","0"
"POINT (11.551285011000061 48.185979419000034)","Unfall 202100 (2021) Kat:2, Licht: 0","202100","2","6","2","08","12","6","","0","0","1","0","1"
"POINT (11.636305253000046 48.098841996000033)","Unfall 202110 (2021) Kat:3, Licht: 0","202110","3","3","5","09","18","2","","0","0","1","0","0"
"POINT (11.571153012000025 48.159605072000033)","Unfall 202114 (2021) Kat:3, Licht: 0","202114","3","3","5","08","19","7","","0","0","1","0","1"
"POINT (11.571273621000046 48.152422260000037)","Unfall 202127 (2021) Kat:3, Licht: 0","202127","3","3","5","09","10","6","","0","1","1","0","0"
"POINT (11.470190091000063 48.164819207000050)","Unfall 202135 (2021) Kat:3, Licht: 0","202135","3","3","5","09","11","1","","0","1","1","0","0"
"POINT (11.573462410000047 48.142048947000035)","Unfall 202137 (2021) Kat:3, Licht: 0","202137","3","3","5","09","18","3","","0","1","1","0","0"
"POINT (11.470947847000048 48.145532019000029)","Unfall 202140 (2021) Kat:3, Licht: 0","202140","3","7","0","08","09","4","","0","1","0","0","0"
"POINT (11.648729208000077 48.111891853000031)","Unfall 202152 (2021) Kat:3, Licht: 0","202152","3","2","5","08","15","6","","0","0","1","0","0"
"POINT (11.575230373000068 48.155987019000065)","Unfall 202154 (2021) Kat:2, Licht: 0","202154","2","1","0","09","17","6","","0","1","0","0","0"
"POINT (11.541772716000025 48.169479339000077)","Unfall 202156 (2021) Kat:2, Licht: 0","202156","2","1","0","08","15","1","","0","1","0","0","0"
"POINT (11.581405026000027 48.135385017000033)","Unfall 202164 (2021) Kat:3, Licht: 0","202164","3","3","5","09","08","4","","0","1","1","0","0"
"POINT (11.444448518000058 48.179283929000064)","Unfall 202170 (2021) Kat:3, Licht: 0","202170","3","3","5","09","12","7","","0","1","0","0","0"
"POINT (11.572870212000055 48.184530141000039)","Unfall 202200 (2021) Kat:3, Licht: 0","202200","3","4","6","09","14","6","","0","0","1","1","0"
"POINT (11.588961857000072 48.142976717000067)","Unfall 202213 (2021) Kat:3, Licht: 2","202213","3","1","0","09","22","4","","2","1","0","0","0"
"POINT (11.553997350000031 48.215004486000055)","Unfall 202215 (2021) Kat:3, Licht: 0","202215","3","2","4","09","18","4","","0","0","1","0","1"
"POINT (11.537603059000048 48.114388998000038)","Unfall 202224 (2021) Kat:2, Licht: 0","202224","2","3","5","09","08","3","","0","1","0","0","0"
"POINT (11.592094805000045 48.142229405000080)","Unfall 202232 (2021) Kat:3, Licht: 0","202232","3","2","3","08","15","3","","0","1","1","0","0"
"POINT (11.521896371000025 48.175739988000032)","Unfall 202238 (2021) Kat:3, Licht: 0","202238","3","3","4","09","17","6","","0","1","0","0","1"
"POINT (11.572772090000058 48.136244928000053)","Unfall 202245 (2021) Kat:3, Licht: 0","202245","3","3","5","09","10","1","","0","1","1","0","0"
"POINT (11.517211725000038 48.134770679000042)","Unfall 202246 (2021) Kat:3, Licht: 0","202246","3","7","0","09","16","2","","0","1","0","0","0"
"POINT (11.581614693000063 48.114941938000072)","Unfall 202257 (2021) Kat:3, Licht: 0","202257","3","4","6","08","14","1","","0","0","1","1","0"
"POINT (11.575805468000055 48.142977740000049)","Unfall 202258 (2021) Kat:3, Licht: 2","202258","3","6","2","08","21","1","","2","0","1","0","0"
"POINT (11.548744449000026 48.112269228000059)","Unfall 202260 (2021) Kat:3, Licht: 0","202260","3","7","1","08","18","3","","0","1","1","0","0"
"POINT (11.539574752000021 48.114668555000037)","Unfall 202262 (2021) Kat:3, Licht: 0","202262","3","6","3","09","18","2","","0","1","0","0","0"
"POINT (11.570746301000042 48.134552408000047)","Unfall 202263 (2021) Kat:3, Licht: 0","202263","3","5","1","08","19","5","","0","1","1","0","0"
"POINT (11.516120609000041 48.139078277000067)","Unfall 202265 (2021) Kat:3, Licht: 2","202265","3","7","7","08","05","7","","2","1","0","0","0"
"POINT (11.523792820000040 48.097302811000077)","Unfall 202266 (2021) Kat:2, Licht: 2","202266","2","3","5","09","19","4","","2","1","1","0","0"
"POINT (11.634502311000062 48.169194415000050)","Unfall 202267 (2021) Kat:3, Licht: 0","202267","3","6","2","08","13","4","","0","0","1","0","0"
"POINT (11.577307086000076 48.166702211000029)","Unfall 202271 (2021) Kat:3, Licht: 0","202271","3","7","0","08","13","2","","0","1","0","0","0"
"POINT (11.562296316000072 48.215515500000038)","Unfall 202297 (2021) Kat:3, Licht: 0","202297","3","6","4","09","18","1","","0","1","0","0","0"
"POINT (11.595366982000030 48.150641428000029)","Unfall 202298 (2021) Kat:3, Licht: 0","202298","3","3","5","09","15","2","","0","1","1","0","0"
"POINT (11.503059944000029 48.135357598000041)","Unfall 202300 (2021) Kat:3, Licht: 0","202300","3","3","5","08","12","2","","0","0","1","0","0"
"POINT (11.563244040000029 48.141479480000044)","Unfall 202319 (2021) Kat:3, Licht: 0","202319","3","4","6","08","18","4","","0","0","0","1","1"
"POINT (11.564263478000044 48.178626391000080)","Unfall 202331 (2021) Kat:3, Licht: 0","202331","3","1","2","09","11","6","","0","0","0","0","1"
"POINT (11.575332288000027 48.181618902000025)","Unfall 202350 (2021) Kat:3, Licht: 1","202350","3","7","0","09","19","2","","1","1","0","0","0"
"POINT (11.575402581000048 48.134643800000049)","Unfall 202362 (2021) Kat:3, Licht: 0","202362","3","6","3","08","17","6","","0","1","0","0","0"
"POINT (11.519902598000044 48.109780508000028)","Unfall 202367 (2021) Kat:3, Licht: 0","202367","3","3","5","08","20","6","","0","0","1","0","0"
"POINT (11.562745453000048 48.144168861000026)","Unfall 202380 (2021) Kat:3, Licht: 0","202380","3","2","4","08","12","7","","0","0","1","0","1"
"POINT (11.618930605000060 48.148670460000062)","Unfall 202381 (2021) Kat:3, Licht: 0","202381","3","3","5","09","11","4","","0","1","0","0","0"
"POINT (11.629574890000072 48.153427965000049)","Unfall 202391 (2021) Kat:3, Licht: 0","202391","3","7","5","09","15","2","","0","1","1","0","0"
"POINT (11.556329817000062 48.142064050000045)","Unfall 202400 (2021) Kat:3, Licht: 2","202400","3","3","5","09","01","7","","2","0","1","0","0"
"POINT (11.487338589000046 48.095723567000050)","Unfall 202410 (2021) Kat:1, Licht: 1","202410","1","1","8","08","19","3","","1","0","1","0","0"
"POINT (11.635870001000058 48.130162907000056)","Unfall 202416 (2021) Kat:3, Licht: 0","202416","3","6","1","09","13","5","","0","0","1","0","0"
"POINT (11.545427296000071 48.151390562000074)","Unfall 202422 (2021) Kat:3, Licht: 2","202422","3","1","1","08","22","1","","2","0","1","0","0"
"POINT (11.578542708000043 48.144722159000025)","Unfall 202426 (2021) Kat:3, Licht: 0","202426","3","6","4","08","19","3","","0","1","0","0","0"
"POINT (11.537318248000076 48.151678488000073)","Unfall 202428 (2021) Kat:3, Licht: 0","202428","3","3","5","09","11","2","","0","1","1","0","0"
"POINT (11.510201591000055 48.182012774000043)","Unfall 202429 (2021) Kat:3, Licht: 0","202429","3","1","0","08","14","5","","0","0","0","0","1"
"POINT (11.574694111000042 48.153329178000035)","Unfall 202432 (2021) Kat:3, Licht: 0","202432","3","3","5","09","15","3","","0","0","1","0","0"
"POINT (11.573640389000047 48.139901175000034)","Unfall 202433 (2021) Kat:3, Licht: 0","202433","3","1","0","08","17","7","","0","0","0","0","0"
"POINT (11.604525142000057 48.120432296000047)","Unfall 202439 (2021) Kat:3, Licht: 0","202439","3","1","0","09","17","7","","0","1","0","0","0"
"POINT (11.555090860000064 48.137481333000039)","Unfall 202441 (2021) Kat:3, Licht: 2","202441","3","1","8","09","01","1","","2","1","0","0","0"
"POINT (11.601278160000049 48.142440956000030)","Unfall 202443 (2021) Kat:2, Licht: 0","202443","2","5","1","08","11","2","","0","0","1","0","1"
"POINT (11.605910135000045 48.102514466000059)","Unfall 202456 (2021) Kat:3, Licht: 0","202456","3","3","5","08","14","6","","0","1","0","0","0"
"POINT (11.548385465000024 48.124221306000038)","Unfall 202460 (2021) Kat:2, Licht: 2","202460","2","4","6","08","20","3","","2","1","0","1","0"
"POINT (11.457254662000025 48.194818734000080)","Unfall 202470 (2021) Kat:3, Licht: 0","202470","3","6","4","09","11","6","","0","1","0","0","0"
"POINT (11.656708745000060 48.140225364000059)","Unfall 202480 (2021) Kat:3, Licht: 0","202480","3","3","5","08","15","5","","0","0","1","0","0"
"POINT (11.694010070000047 48.133396895000033)","Unfall 202482 (2021) Kat:3, Licht: 0","202482","3","3","5","08","14","7","","0","0","1","0","0"
"POINT (11.596259176000046 48.123665279000079)","Unfall 202497 (2021) Kat:3, Licht: 0","202497","3","5","1","09","17","6","","0","1","1","0","0"
"POINT (11.562977821000061 48.126582848000055)","Unfall 202499 (2021) Kat:3, Licht: 0","202499","3","1","0","08","12","1","","0","1","0","0","0"
"POINT (11.478108345000066 48.118719420000048)","Unfall 202507 (2021) Kat:3, Licht: 0","202507","3","2","5","09","18","6","","0","1","1","0","0"
"POINT (11.602822379000031 48.127540096000075)","Unfall 202528 (2021) Kat:3, Licht: 0","202528","3","7","0","09","17","7","","0","0","0","0","0"
"POINT (11.556377072000032 48.213261294000063)","Unfall 202530 (2021) Kat:3, Licht: 1","202530","3","2","3","09","19","1","","1","1","1","0","0"
"POINT (11.539721212000075 48.115035439000053)","Unfall 202531 (2021) Kat:3, Licht: 0","202531","3","7","0","09","13","2","","0","1","0","0","0"
"POINT (11.571033025000077 48.125066494000066)","Unfall 202534 (2021) Kat:3, Licht: 2","202534","3","3","5","09","20","4","","2","1","0","0","0"
"POINT (11.534397927000043 48.184550114000047)","Unfall 202536 (2021) Kat:3, Licht: 0","202536","3","3","5","08","17","4","","0","0","1","0","0"
"POINT (11.465925024000057 48.186882332000039)","Unfall 202539 (2021) Kat:3, Licht: 0","202539","3","7","6","08","15","3","","0","0","1","1","0"
"POINT (11.504888091000055 48.146987422000052)","Unfall 202545 (2021) Kat:3, Licht: 0","202545","3","7","0","09","08","5","","0","1","0","0","0"
"POINT (11.558936217000053 48.208379414000035)","Unfall 202546 (2021) Kat:3, Licht: 0","202546","3","6","2","09","16","3","","0","0","1","0","0"
"POINT (11.669708262000029 48.110669365000035)","Unfall 202549 (2021) Kat:3, Licht: 0","202549","3","7","8","09","18","6","","0","1","0","0","0"
"POINT (11.540585111000041 48.153094238000051)","Unfall 202557 (2021) Kat:3, Licht: 0","202557","3","3","5","09","08","2","","0","0","1","0","0"
"POINT (11.572178702000031 48.177915285000040)","Unfall 202561 (2021) Kat:3, Licht: 0","202561","3","6","3","08","12","7","","0","0","1","0","1"
"POINT (11.576207122000028 48.112833398000078)","Unfall 202569 (2021) Kat:3, Licht: 0","202569","3","5","1","09","14","3","","0","0","1","0","1"
"POINT (11.577741193000065 48.147286367000049)","Unfall 202571 (2021) Kat:2, Licht: 2","202571","2","7","0","09","03","4","","2","1","0","0","0"
"POINT (11.616361886000050 48.185242640000070)","Unfall 202574 (2021) Kat:3, Licht: 0","202574","3","7","0","09","16","3","","0","1","0","0","0"
"POINT (11.583920240000054 48.144366562000073)","Unfall 202580 (2021) Kat:3, Licht: 0","202580","3","7","0","09","17","7","","0","0","0","0","1"
"POINT (11.671253500000034 48.109533368000029)","Unfall 202581 (2021) Kat:3, Licht: 2","202581","3","3","5","08","22","2","","2","0","1","0","0"
"POINT (11.580934647000049 48.182571112000062)","Unfall 202582 (2021) Kat:3, Licht: 0","202582","3","3","5","09","10","1","","0","1","0","0","0"
"POINT (11.567890662000025 48.140473233000080)","Unfall 202589 (2021) Kat:3, Licht: 0","202589","3","3","5","09","08","3","","0","1","1","0","0"
"POINT (11.573205514000051 48.133755058000077)","Unfall 202596 (2021) Kat:3, Licht: 0","202596","3","4","0","09","18","5","","0","0","1","1","1"
"POINT (11.567402886000025 48.178187462000039)","Unfall 202600 (2021) Kat:3, Licht: 0","202600","3","3","4","09","09","6","","0","1","1","0","0"
"POINT (11.523278584000025 48.136605830000065)","Unfall 202612 (2021) Kat:3, Licht: 2","202612","3","3","5","08","01","7","","2","0","1","0","1"
"POINT (11.551310503000025 48.135605809000026)","Unfall 202616 (2021) Kat:3, Licht: 0","202616","3","3","5","09","16","4","","0","1","0","0","0"
"POINT (11.589054572000066 48.161261258000081)","Unfall 202617 (2021) Kat:3, Licht: 2","202617","3","7","6","09","02","7","","2","0","1","1","0"
"POINT (11.551837672000033 48.126265482000065)","Unfall 202619 (2021) Kat:3, Licht: 0","202619","3","4","6","09","15","1","","0","1","0","1","0"
"POINT (11.541305328000021 48.139654966000080)","Unfall 202626 (2021) Kat:3, Licht: 0","202626","3","3","6","08","14","3","","0","0","1","1","0"
"POINT (11.583521702000041 48.140476994000039)","Unfall 202634 (2021) Kat:3, Licht: 0","202634","3","6","3","08","10","6","","0","0","1","0","0"
"POINT (11.457019019000029 48.153026165000028)","Unfall 202639 (2021) Kat:3, Licht: 2","202639","3","6","3","08","01","1","","2","0","1","0","0"
"POINT (11.586456383000041 48.156824963000076)","Unfall 202643 (2021) Kat:3, Licht: 1","202643","3","3","5","09","19","5","","1","1","1","0","0"
"POINT (11.600145707000024 48.140698597000039)","Unfall 202648 (2021) Kat:3, Licht: 0","202648","3","6","2","09","10","6","","0","0","1","0","0"
"POINT (11.571388316000025 48.112774746000071)","Unfall 202654 (2021) Kat:3, Licht: 0","202654","3","2","5","08","07","3","","0","1","1","0","0"
"POINT (11.639824965000059 48.117034664000073)","Unfall 202656 (2021) Kat:3, Licht: 0","202656","3","3","6","09","18","2","","0","0","1","1","0"
"POINT (11.549827577000030 48.136043580000035)","Unfall 202658 (2021) Kat:3, Licht: 0","202658","3","2","3","08","08","2","","0","1","1","0","0"
"POINT (11.572234783000056 48.154133084000080)","Unfall 202660 (2021) Kat:3, Licht: 0","202660","3","6","2","08","16","7","","0","0","1","0","0"
"POINT (11.510718803000032 48.181707052000036)","Unfall 202661 (2021) Kat:3, Licht: 0","202661","3","2","2","09","19","4","","0","0","1","0","1"
"POINT (11.548489843000027 48.115028073000076)","Unfall 202666 (2021) Kat:3, Licht: 0","202666","3","7","0","08","18","2","","0","1","0","0","0"
"POINT (11.543387024000026 48.139441580000039)","Unfall 202670 (2021) Kat:3, Licht: 0","202670","3","6","2","08","11","4","","0","0","1","0","1"
"POINT (11.503655395000067 48.081996922000030)","Unfall 202680 (2021) Kat:2, Licht: 2","202680","2","3","5","09","22","5","","2","0","1","0","0"
"POINT (11.589809701000036 48.137279068000055)","Unfall 202689 (2021) Kat:3, Licht: 0","202689","3","3","5","08","13","2","","0","0","1","0","0"
"POINT (11.534820025000045 48.118578211000056)","Unfall 202694 (2021) Kat:3, Licht: 0","202694","3","6","2","09","17","2","","0","0","1","0","0"
"POINT (11.592186570000024 48.142317085000059)","Unfall 202695 (2021) Kat:3, Licht: 0","202695","3","2","5","09","13","4","","0","0","1","0","0"
"POINT (11.583719029000065 48.155701872000066)","Unfall 202698 (2021) Kat:3, Licht: 0","202698","3","4","6","09","13","4","","0","1","0","1","0"
"POINT (11.555717970000046 48.130014367000058)","Unfall 202701 (2021) Kat:3, Licht: 0","202701","3","7","7","09","17","4","","0","1","0","0","0"
"POINT (11.565095907000057 48.140917178000052)","Unfall 202705 (2021) Kat:3, Licht: 0","202705","3","6","2","09","06","2","","0","0","1","0","0"
"POINT (11.544065538000041 48.150347910000050)","Unfall 202707 (2021) Kat:3, Licht: 0","202707","3","7","0","08","18","3","","0","1","0","0","0"
"POINT (11.613004611000065 48.136619217000032)","Unfall 202709 (2021) Kat:3, Licht: 1","202709","3","2","5","09","20","2","","1","1","1","0","0"
"POINT (11.551152199000057 48.100482107000062)","Unfall 202710 (2021) Kat:3, Licht: 0","202710","3","1","0","08","19","5","","0","1","0","1","0"
"POINT (11.562797710000041 48.186959144000070)","Unfall 202711 (2021) Kat:3, Licht: 0","202711","3","6","3","08","18","2","","0","0","1","0","1"
"POINT (11.544678506000025 48.150320447000070)","Unfall 202713 (2021) Kat:3, Licht: 1","202713","3","1","0","08","19","7","","1","1","0","0","0"
"POINT (11.561597791000054 48.168308624000076)","Unfall 202714 (2021) Kat:3, Licht: 0","202714","3","3","5","09","18","4","","0","0","1","0","0"
"POINT (11.546221716000048 48.149920514000030)","Unfall 202717 (2021) Kat:3, Licht: 0","202717","3","6","3","09","17","4","","0","1","0","0","0"
"POINT (11.634260274000042 48.118118276000075)","Unfall 202725 (2021) Kat:2, Licht: 1","202725","2","1","0","09","20","5","","1","1","0","0","0"
"POINT (11.607635072000051 48.150245790000042)","Unfall 202733 (2021) Kat:3, Licht: 0","202733","3","1","0","08","15","2","","0","0","0","0","1"
"POINT (11.544161215000031 48.144527598000082)","Unfall 202738 (2021) Kat:3, Licht: 0","202738","3","7","1","08","17","5","","0","0","1","0","0"
"POINT (11.552308359000051 48.147234305000040)","Unfall 202746 (2021) Kat:3, Licht: 0","202746","3","6","5","09","10","7","","0","0","1","0","0"
"POINT (11.569215366000037 48.121694486000081)","Unfall 202747 (2021) Kat:3, Licht: 0","202747","3","2","3","08","18","2","","0","1","1","0","0"
"POINT (11.568886300000031 48.157572325000046)","Unfall 202748 (2021) Kat:3, Licht: 0","202748","3","3","5","09","10","1","","0","0","1","0","1"
"POINT (11.525135112000044 48.180941349000079)","Unfall 202749 (2021) Kat:3, Licht: 0","202749","3","3","5","09","13","2","","0","0","1","0","0"
"POINT (11.585730180000041 48.096445863000042)","Unfall 202751 (2021) Kat:3, Licht: 0","202751","3","3","5","08","17","7","","0","0","1","0","0"
"POINT (11.604987595000068 48.198716224000066)","Unfall 202753 (2021) Kat:3, Licht: 0","202753","3","7","7","08","12","4","","0","1","0","0","0"
"POINT (11.580523200000073 48.139029497000081)","Unfall 202764 (2021) Kat:3, Licht: 0","202764","3","5","1","08","13","6","","0","1","1","0","0"
"POINT (11.572073010000054 48.139373783000053)","Unfall 202775 (2021) Kat:3, Licht: 2","202775","3","7","0","09","20","7","","2","0","0","0","0"
"POINT (11.522704854000040 48.137027314000079)","Unfall 202776 (2021) Kat:3, Licht: 0","202776","3","3","5","09","13","4","","0","1","0","0","0"
"POINT (11.528918758000032 48.117967289000035)","Unfall 202777 (2021) Kat:3, Licht: 0","202777","3","7","0","09","17","4","","0","1","0","0","0"
"POINT (11.422386271000050 48.147643722000055)","Unfall 202783 (2021) Kat:3, Licht: 0","202783","3","5","0","09","16","2","","0","1","1","0","0"
"POINT (11.566486934000068 48.123431560000029)","Unfall 202784 (2021) Kat:3, Licht: 0","202784","3","2","3","09","17","5","","0","1","1","0","0"
"POINT (11.557923084000038 48.097081282000033)","Unfall 202787 (2021) Kat:3, Licht: 0","202787","3","2","3","09","19","7","","0","1","0","0","0"
"POINT (11.502915194000025 48.135844084000041)","Unfall 202789 (2021) Kat:3, Licht: 0","202789","3","7","6","09","16","6","","0","1","0","1","0"
"POINT (11.535923931000070 48.212313214000062)","Unfall 202803 (2021) Kat:3, Licht: 0","202803","3","6","1","09","15","4","","0","1","1","0","0"
"POINT (11.597416790000068 48.115095112000063)","Unfall 202806 (2021) Kat:3, Licht: 0","202806","3","6","4","09","17","3","","0","1","0","0","0"
"POINT (11.434542279000027 48.146230213000081)","Unfall 202810 (2021) Kat:3, Licht: 2","202810","3","2","4","09","19","7","","2","1","1","0","0"
"POINT (11.564288030000057 48.131117764000066)","Unfall 202815 (2021) Kat:3, Licht: 1","202815","3","5","1","09","18","5","","1","1","1","0","0"
"POINT (11.574303005000047 48.132932280000034)","Unfall 202818 (2021) Kat:3, Licht: 0","202818","3","1","0","09","12","7","","0","0","0","0","1"
"POINT (11.533447575000025 48.152983630000051)","Unfall 202819 (2021) Kat:3, Licht: 0","202819","3","2","3","09","09","3","","0","1","0","0","0"
"POINT (11.631772292000051 48.130582583000034)","Unfall 202823 (2021) Kat:3, Licht: 0","202823","3","2","4","09","13","1","","0","0","1","0","1"
"POINT (11.636678879000044 48.146461904000034)","Unfall 202832 (2021) Kat:3, Licht: 0","202832","3","6","4","09","13","1","","0","1","1","0","0"
"POINT (11.485138245000030 48.125892598000064)","Unfall 202836 (2021) Kat:3, Licht: 0","202836","3","3","5","09","08","5","","0","0","1","0","0"
"POINT (11.588617445000068 48.141816697000081)","Unfall 202845 (2021) Kat:3, Licht: 0","202845","3","3","5","09","15","4","","0","0","1","0","0"
"POINT (11.556610338000041 48.124960319000081)","Unfall 202847 (2021) Kat:2, Licht: 2","202847","2","7","0","09","22","6","","2","1","0","0","0"
"POINT (11.560562509000022 48.152601645000061)","Unfall 202848 (2021) Kat:3, Licht: 2","202848","3","7","1","09","19","3","","2","0","1","0","1"
"POINT (11.592623381000067 48.110624874000052)","Unfall 202849 (2021) Kat:3, Licht: 0","202849","3","3","5","09","15","2","","0","1","1","0","0"
"POINT (11.556314728000075 48.141997091000064)","Unfall 202850 (2021) Kat:3, Licht: 2","202850","3","7","0","09","03","5","","2","0","0","0","0"
"POINT (11.504356548000032 48.172854211000072)","Unfall 202852 (2021) Kat:3, Licht: 0","202852","3","6","1","09","17","4","","0","0","1","0","0"
"POINT (11.705402493000065 48.107576690000030)","Unfall 202859 (2021) Kat:2, Licht: 0","202859","2","4","6","09","19","2","","0","1","0","1","0"
"POINT (11.544545051000057 48.144445137000048)","Unfall 202870 (2021) Kat:3, Licht: 0","202870","3","6","0","09","16","7","","0","0","1","0","1"
"POINT (11.414516757000058 48.159312137000029)","Unfall 202878 (2021) Kat:3, Licht: 0","202878","3","2","4","09","07","4","","0","1","1","0","0"
"POINT (11.511202121000053 48.139363246000073)","Unfall 202883 (2021) Kat:3, Licht: 0","202883","3","3","5","09","12","3","","0","0","1","0","0"
"POINT (11.520348137000042 48.149027304000072)","Unfall 202885 (2021) Kat:3, Licht: 0","202885","3","6","3","09","08","5","","0","1","0","0","0"