WKT,Name,OBJECTID,UKATEGORIE,UTYP1,UART,UMONAT,USTUNDE,UWOCHENTAG,STRZUSTAND,ULICHTVERH,ISTRAD,ISTPKW,ISTFUSS,ISTKRAD
"POINT (11.494186938000041 48.123821646000067)","Unfall 202897 (2021) Kat:3, Licht: 0","202897","3","4","6","09","17","3","","0","1","0","1","0"
"POINT (11.474329427000043 48.108975858000065)","Unfall 202906 (2021) Kat:3, Licht: 0","202906","3","1","0","09","14","5","","0","1","0","0","0"
"POINT (11.563234726000076 48.160366707000037)","Unfall 202919 (2021) Kat:3, Licht: 0","202919","3","6","3","09","16","6","","0","1","1","0","0"
"POINT (11.419754110000042 48.152015411000036)","Unfall 202920 (2021) Kat:3, Licht: 0","202920","3","5","1","09","13","3","","0","1","1","0","0"
"POINT (11.548335839000060 48.112125591000051)","Unfall 202926 (2021) Kat:3, Licht: 0","202926","3","6","4","09","18","4","","0","1","0","0","0"
"POINT (11.597556855000050 48.102808155000048)","Unfall 202932 (2021) Kat:3, Licht: 0","202932","3","2","5","09","17","2","","0","0","1","0","0"
"POINT (11.539905310000051 48.115488467000034)","Unfall 202933 (2021) Kat:3, Licht: 0","202933","3","1","6","09","14","5","","0","1","0","1","0"
"POINT (11.567067961000021 48.160673628000040)","Unfall 202938 (2021) Kat:3, Licht: 0","202938","3","7","1","09","11","6","","0","0","1","0","0"
"POINT (11.506980223000028 48.133065761000069)","Unfall 202943 (2021) Kat:3, Licht: 0","202943","3","3","5","09","13","5","","0","0","1","0","0"
"POINT (11.478917838000029 48.122284892000039)","Unfall 202950 (2021) Kat:3, Licht: 0","202950","3","6","2","09","16","1","","0","0","1","0","0"
"POINT (11.503449278000062 48.143056429000069)","Unfall 202952 (2021) Kat:2, Licht: 0","202952","2","7","0","09","07","4","","0","0","0","0","0"
"POINT (11.583999386000073 48.095650910000074)","Unfall 202954 (2021) Kat:3, Licht: 0","202954","3","3","5","09","18","5","","0","0","1","0","1"
"POINT (11.557763367000064 48.150868597000056)","Unfall 202959 (2021) Kat:2, Licht: 2","202959","2","1","0","09","01","3","","2","0","0","0","0"
"POINT (11.613942711000050 48.131338289000041)","Unfall 202967 (2021) Kat:3, Licht: 0","202967","3","6","1","09","10","6","","0","0","1","0","0"
"POINT (11.554578959000025 48.186129257000061)","Unfall 202974 (2021) Kat:3, Licht: 0","202974","3","6","4","09","13","4","","0","1","0","0","0"
"POINT (11.551387698000042 48.127891579000050)","Unfall 202976 (2021) Kat:3, Licht: 0","202976","3","5","0","09","13","5","","0","1","1","0","0"
"POINT (11.580494296000040 48.135643651000066)","Unfall 202981 (2021) Kat:3, Licht: 0","202981","3","1","0","09","08","2","","0","1","0","0","0"
"POINT (11.580200676000061 48.139092313000049)","Unfall 203002 (2021) Kat:3, Licht: 0","203002","3","1","0","09","16","7","","0","1","0","0","0"
"POINT (11.581592805000071 48.138816499000029)","Unfall 203006 (2021) Kat:3, Licht: 0","203006","3","5","1","09","08","2","","0","1","1","0","0"
"POINT (11.533737135000024 48.116901305000056)","Unfall 203007 (2021) Kat:3, Licht: 1","203007","3","2","5","09","19","5","","1","1","1","0","0"
"POINT (11.425398092000023 48.157172437000042)","Unfall 203009 (2021) Kat:2, Licht: 0","203009","2","2","0","09","07","4","","0","1","1","0","0"
"POINT (11.579206512000042 48.122226363000038)","Unfall 203018 (2021) Kat:3, Licht: 2","203018","3","7","1","09","02","3","","2","0","1","0","0"
"POINT (11.583549909000055 48.135682927000062)","Unfall 203023 (2021) Kat:2, Licht: 0","203023","2","4","6","09","12","4","","0","0","1","1","0"
"POINT (11.570514940000066 48.134362502000045)","Unfall 203026 (2021) Kat:3, Licht: 1","203026","3","7","0","09","19","1","","1","1","0","0","0"
"POINT (11.597248301000036 48.135793752000041)","Unfall 203033 (2021) Kat:3, Licht: 0","203033","3","6","3","09","07","3","","0","1","0","0","0"
"POINT (11.465093881000030 48.146302349000052)","Unfall 203038 (2021) Kat:3, Licht: 0","203038","3","2","3","09","08","5","","0","0","1","0","0"
"POINT (11.544744982000054 48.114552677000063)","Unfall 203041 (2021) Kat:3, Licht: 0","203041","3","7","1","09","14","3","","0","1","0","0","0"
"POINT (11.564234225000064 48.170064202000049)","Unfall 203047 (2021) Kat:3, Licht: 0","203047","3","1","0","09","17","4","","0","1","0","0","0"
"POINT (11.605834858000037 48.102455665000036)","Unfall 203049 (2021) Kat:3, Licht: 0","203049","3","3","5","09","13","6","","0","1","1","0","0"
"POINT (11.475496022000073 48.125635010000053)","Unfall 203051 (2021) Kat:3, Licht: 1","203051","3","7","0","09","19","3","","1","0","0","0","0"
"POINT (11.581831287000057 48.134705825000026)","Unfall 203056 (2021) Kat:3, Licht: 0","203056","3","3","5","09","14","6","","0","1","0","0","0"
"POINT (11.623926657000027 48.167346422000037)","Unfall 203057 (2021) Kat:2, Licht: 0","203057","2","1","0","09","18","1","","0","1","0","0","0"
"POINT (11.580237779000072 48.139085087000069)","Unfall 203060 (2021) Kat:3, Licht: 0","203060","3","7","0","09","07","5","","0","1","0","0","0"
"POINT (11.599574062000045 48.086784222000063)","Unfall 203066 (2021) Kat:3, Licht: 0","203066","3","3","5","09","11","6","","0","0","1","0","0"
"POINT (11.467948469000021 48.140196026000069)","Unfall 203074 (2021) Kat:3, Licht: 0","203074","3","5","1","09","08","3","","0","1","1","0","0"
"POINT (11.576762091000035 48.136173284000051)","Unfall 203075 (2021) Kat:3, Licht: 0","203075","3","4","6","09","10","2","","0","1","0","1","0"
"POINT (11.618181801000048 48.192935261000059)","Unfall 203078 (2021) Kat:3, Licht: 0","203078","3","3","0","09","17","3","","0","1","0","0","0"
"POINT (11.571032583000033 48.140568856000073)","Unfall 203085 (2021) Kat:2, Licht: 0","203085","2","4","2","09","15","5","","0","1","1","1","0"
"POINT (11.543749856000034 48.196417209000060)","Unfall 203096 (2021) Kat:3, Licht: 2","203096","3","6","0","09","20","6","","2","1","0","0","0"
"POINT (11.648256430000060 48.111685692000037)","Unfall 203099 (2021) Kat:2, Licht: 0","203099","2","2","2","09","16","2","","0","0","1","0","0"
"POINT (11.555938895000054 48.138499690000060)","Unfall 203107 (2021) Kat:3, Licht: 0","203107","3","3","5","09","16","5","","0","1","1","0","0"
"POINT (11.508488543000055 48.098152630000072)","Unfall 203111 (2021) Kat:2, Licht: 2","203111","2","2","4","09","22","2","","2","0","1","0","1"
"POINT (11.475858432000052 48.125637408000046)","Unfall 203112 (2021) Kat:3, Licht: 0","203112","3","7","0","09","12","3","","0","0","0","0","0"
"POINT (11.502903299000025 48.130693245000032)","Unfall 203113 (2021) Kat:3, Licht: 2","203113","3","6","2","09","20","6","","2","0","1","0","0"
"POINT (11.497816882000052 48.179575882000051)","Unfall 203121 (2021) Kat:3, Licht: 0","203121","3","7","1","09","14","6","","0","1","1","0","0"
"POINT (11.651031905000025 48.129366214000072)","Unfall 203125 (2021) Kat:3, Licht: 0","203125","3","6","2","09","13","5","","0","0","1","0","1"
"POINT (11.612766036000039 48.152099147000058)","Unfall 203128 (2021) Kat:2, Licht: 0","203128","2","7","0","09","14","4","","0","0","0","0","0"
"POINT (11.711220571000069 48.106580840000049)","Unfall 203129 (2021) Kat:3, Licht: 0","203129","3","7","0","09","13","4","","0","1","0","0","0"
"POINT (11.581060402000048 48.098013093000077)","Unfall 203135 (2021) Kat:3, Licht: 0","203135","3","7","0","09","09","2","","0","0","0","0","0"
"POINT (11.560855877000051 48.139504850000037)","Unfall 203136 (2021) Kat:3, Licht: 2","203136","3","7","0","09","01","5","","2","0","0","0","0"
"POINT (11.585454726000023 48.159229739000068)","Unfall 203142 (2021) Kat:3, Licht: 2","203142","3","6","2","09","00","1","","2","0","1","0","0"
"POINT (11.589122995000025 48.137256938000064)","Unfall 203146 (2021) Kat:3, Licht: 0","203146","3","2","3","09","18","5","","0","1","1","0","0"
"POINT (11.520037824000042 48.077567961000057)","Unfall 203148 (2021) Kat:3, Licht: 0","203148","3","7","0","09","08","3","","0","0","0","0","0"
"POINT (11.568487250000032 48.133231487000046)","Unfall 203151 (2021) Kat:3, Licht: 0","203151","3","6","3","09","15","6","","0","1","0","0","0"
"POINT (11.543636295000056 48.199832073000039)","Unfall 203160 (2021) Kat:2, Licht: 0","203160","2","6","4","09","07","5","","0","1","0","0","0"
"POINT (11.524511325000049 48.135694859000068)","Unfall 203161 (2021) Kat:3, Licht: 0","203161","3","2","5","09","12","4","","0","1","0","0","1"
"POINT (11.581965037000032 48.138743861000080)","Unfall 203171 (2021) Kat:3, Licht: 0","203171","3","1","0","09","16","7","","0","1","0","0","0"
"POINT (11.623182386000053 48.168154812000068)","Unfall 203172 (2021) Kat:3, Licht: 0","203172","3","1","0","09","09","6","","0","1","0","0","0"
"POINT (11.561598039000046 48.131021484000030)","Unfall 203180 (2021) Kat:3, Licht: 0","203180","3","6","0","09","17","6","","0","1","0","0","0"
"POINT (11.505559177000066 48.098621042000048)","Unfall 203181 (2021) Kat:3, Licht: 0","203181","3","4","6","09","09","1","","0","0","1","1","0"
"POINT (11.604588184000022 48.128641935000076)","Unfall 203182 (2021) Kat:3, Licht: 0","203182","3","7","1","09","17","6","","0","1","1","0","0"
"POINT (11.570724902000052 48.151749025000072)","Unfall 203184 (2021) Kat:3, Licht: 0","203184","3","2","0","09","11","2","","0","0","1","0","1"
"POINT (11.531105706000062 48.099869281000053)","Unfall 203189 (2021) Kat:3, Licht: 0","203189","3","2","0","09","13","3","","0","1","1","0","0"
"POINT (11.511619047000067 48.154644489000077)","Unfall 203200 (2021) Kat:3, Licht: 0","203200","3","7","9","09","18","7","","0","0","1","0","0"
"POINT (11.598984250000058 48.124961327000051)","Unfall 203202 (2021) Kat:3, Licht: 0","203202","3","6","3","09","19","6","","0","1","0","0","0"
"POINT (11.566698937000069 48.133336488000054)","Unfall 203210 (2021) Kat:2, Licht: 0","203210","2","2","5","09","18","3","","0","1","1","0","0"
"POINT (11.577031093000073 48.115927910000039)","Unfall 203213 (2021) Kat:3, Licht: 0","203213","3","3","1","09","11","1","","0","0","1","0","0"
"POINT (11.480259614000033 48.118729613000028)","Unfall 203216 (2021) Kat:3, Licht: 0","203216","3","6","4","09","17","7","","0","1","0","0","0"
"POINT (11.579566807000049 48.115127005000033)","Unfall 203218 (2021) Kat:3, Licht: 2","203218","3","2","3","09","20","3","","2","1","1","0","0"
"POINT (11.613580512000055 48.140599384000041)","Unfall 203221 (2021) Kat:3, Licht: 0","203221","3","4","6","09","18","1","","0","0","1","1","0"
"POINT (11.540657653000039 48.145288959000027)","Unfall 203223 (2021) Kat:3, Licht: 0","203223","3","6","3","09","14","4","","0","0","1","0","0"
"POINT (11.573138770000071 48.146121652000033)","Unfall 203229 (2021) Kat:3, Licht: 0","203229","3","7","5","09","12","5","","0","1","1","0","0"
"POINT (11.548038679000058 48.170683939000071)","Unfall 203232 (2021) Kat:2, Licht: 2","203232","2","1","9","09","04","7","","2","0","1","0","0"
"POINT (11.569961923000051 48.130925576000038)","Unfall 203234 (2021) Kat:3, Licht: 1","203234","3","1","0","09","19","6","","1","0","0","0","0"
"POINT (11.552295872000059 48.091395288000058)","Unfall 203246 (2021) Kat:3, Licht: 0","203246","3","1","0","09","10","7","","0","1","0","0","0"
"POINT (11.540490317000035 48.154865538000081)","Unfall 203247 (2021) Kat:3, Licht: 0","203247","3","7","1","09","13","4","","0","0","1","0","0"
"POINT (11.681451503000062 48.104239086000064)","Unfall 203252 (2021) Kat:3, Licht: 2","203252","3","1","8","09","22","3","","2","1","0","0","0"
"POINT (11.581618012000035 48.124825272000066)","Unfall 203255 (2021) Kat:3, Licht: 0","203255","3","6","4","09","12","7","","0","1","0","0","0"
"POINT (11.628911756000036 48.153456520000077)","Unfall 203259 (2021) Kat:3, Licht: 0","203259","3","7","6","09","14","4","","0","0","0","1","0"
"POINT (11.566700106000042 48.136524403000067)","Unfall 203263 (2021) Kat:3, Licht: 0","203263","3","3","5","09","10","3","","0","0","1","0","1"
"POINT (11.645683203000033 48.130772619000027)","Unfall 203265 (2021) Kat:3, Licht: 0","203265","3","7","5","09","18","5","","0","0","1","0","0"
"POINT (11.545186195000042 48.134457637000025)","Unfall 203266 (2021) Kat:2, Licht: 0","203266","2","1","0","09","16","7","","0","1","0","0","0"
"POINT (11.558429372000035 48.149809983000068)","Unfall 203267 (2021) Kat:3, Licht: 0","203267","3","6","4","09","18","4","","0","0","0","0","0"
"POINT (11.708408711000061 48.133321226000078)","Unfall 203269 (2021) Kat:3, Licht: 0","203269","3","3","1","09","18","6","","0","1","1","0","0"
"POINT (11.599044010000057 48.114352539000038)","Unfall 203273 (2021) Kat:3, Licht: 0","203273","3","5","1","09","13","5","","0","1","1","0","0"
"POINT (11.562264239000058 48.157181617000049)","Unfall 203276 (2021) Kat:3, Licht: 2","203276","3","6","2","09","20","7","","2","0","1","0","0"
"POINT (11.534619781000060 48.128031246000035)","Unfall 203277 (2021) Kat:3, Licht: 0","203277","3","7","0","09","10","2","","0","0","0","0","0"
"POINT (11.557714805000046 48.129202411000051)","Unfall 203278 (2021) Kat:3, Licht: 0","203278","3","6","3","09","11","3","","0","0","0","0","1"
"POINT (11.578492909000033 48.144239390000052)","Unfall 203293 (2021) Kat:3, Licht: 2","203293","3","7","4","09","20","4","","2","1","0","0","0"
"POINT (11.514503178000041 48.128511031000073)","Unfall 203297 (2021) Kat:3, Licht: 0","203297","3","7","0","09","09","3","","0","0","0","0","0"
"POINT (11.581547801000056 48.151328629000034)","Unfall 203299 (2021) Kat:3, Licht: 0","203299","3","1","5","09","13","5","","0","1","0","0","0"
"POINT (11.566628178000030 48.133344568000041)","Unfall 203308 (2021) Kat:3, Licht: 0","203308","3","3","5","09","11","5","","0","0","1","0","0"
"POINT (11.579649322000023 48.147071022000034)","Unfall 203312 (2021) Kat:3, Licht: 0","203312","3","7","0","09","18","3","","0","1","0","0","0"
"POINT (11.562407757000074 48.157673445000057)","Unfall 203323 (2021) Kat:3, Licht: 0","203323","3","7","6","09","15","2","","0","1","0","1","0"
"POINT (11.477460872000051 48.086471734000042)","Unfall 203325 (2021) Kat:3, Licht: 0","203325","3","7","0","09","14","6","","0","0","0","0","0"
"POINT (11.636738366000031 48.129290493000042)","Unfall 203332 (2021) Kat:3, Licht: 0","203332","3","7","0","09","14","6","","0","0","1","0","1"
"POINT (11.569414520000066 48.145074375000036)","Unfall 203339 (2021) Kat:3, Licht: 0","203339","3","3","5","09","17","4","","0","1","1","0","0"
"POINT (11.591721898000060 48.136860783000031)","Unfall 203352 (2021) Kat:3, Licht: 0","203352","3","6","2","09","14","5","","0","1","0","0","0"
"POINT (11.495047450000072 48.128128146000051)","Unfall 203358 (2021) Kat:3, Licht: 0","203358","3","7","6","09","15","3","","0","1","0","1","0"
"POINT (11.555767608000053 48.148146062000080)","Unfall 203363 (2021) Kat:3, Licht: 0","203363","3","2","5","09","09","1","","0","1","1","0","0"
"POINT (11.606554113000072 48.202738441000065)","Unfall 203365 (2021) Kat:2, Licht: 0","203365","2","7","0","09","16","4","","0","1","0","0","0"
"POINT (11.560084988000028 48.143156816000044)","Unfall 203369 (2021) Kat:3, Licht: 0","203369","3","5","0","09","17","3","","0","0","1","0","1"
"POINT (11.586344166000060 48.163450126000043)","Unfall 203374 (2021) Kat:3, Licht: 2","203374","3","1","0","09","22","4","","2","0","0","0","1"
"POINT (11.588511841000070 48.094841674000065)","Unfall 203383 (2021) Kat:3, Licht: 0","203383","3","3","5","09","07","6","","0","1","1","0","0"
"POINT (11.535267358000056 48.214537033000056)","Unfall 203384 (2021) Kat:3, Licht: 0","203384","3","5","3","09","11","3","","0","0","1","0","0"
"POINT (11.643549246000077 48.169336095000062)","Unfall 203386 (2021) Kat:3, Licht: 0","203386","3","5","1","09","16","5","","0","0","1","0","0"
"POINT (11.596743118000063 48.104546335000066)","Unfall 203392 (2021) Kat:3, Licht: 0","203392","3","6","3","09","13","5","","0","1","0","0","0"
"POINT (11.599578903000065 48.125359550000042)","Unfall 203396 (2021) Kat:3, Licht: 0","203396","3","2","5","09","16","2","","0","1","1","0","0"
"POINT (11.581827990000022 48.150235420000058)","Unfall 203397 (2021) Kat:3, Licht: 0","203397","3","1","0","09","11","5","","0","0","0","0","0"
"POINT (11.555117843000062 48.137481412000056)","Unfall 203400 (2021) Kat:2, Licht: 2","203400","2","6","4","09","22","7","","2","0","1","0","0"
"POINT (11.472339527000031 48.109259574000077)","Unfall 203402 (2021) Kat:3, Licht: 0","203402","3","4","6","09","12","6","","0","0","1","1","0"
"POINT (11.576394988000061 48.117219415000079)","Unfall 203406 (2021) Kat:3, Licht: 0","203406","3","6","0","09","13","5","","0","1","1","0","0"
"POINT (11.528448488000038 48.116721271000074)","Unfall 203409 (2021) Kat:3, Licht: 0","203409","3","2","5","09","13","3","","0","0","1","0","1"
"POINT (11.599011652000058 48.140930372000071)","Unfall 203417 (2021) Kat:3, Licht: 2","203417","3","1","0","09","01","7","","2","1","0","0","0"
"POINT (11.540552267000066 48.208670133000055)","Unfall 203420 (2021) Kat:2, Licht: 0","203420","2","1","0","09","08","2","","0","1","0","0","0"
"POINT (11.541877262000071 48.103394604000073)","Unfall 203421 (2021) Kat:3, Licht: 0","203421","3","2","3","09","13","5","","0","1","1","0","0"
"POINT (11.472282127000028 48.170466659000056)","Unfall 203422 (2021) Kat:3, Licht: 0","203422","3","6","3","09","12","1","","0","1","1","0","0"
"POINT (11.573439837000024 48.151289296000073)","Unfall 203429 (2021) Kat:3, Licht: 2","203429","3","1","0","09","20","5","","2","1","0","0","0"
"POINT (11.588461014000075 48.143080531000066)","Unfall 203432 (2021) Kat:3, Licht: 2","203432","3","6","3","09","21","3","","2","0","1","0","0"
"POINT (11.575012813000058 48.160226167000076)","Unfall 203435 (2021) Kat:3, Licht: 2","203435","3","1","0","09","20","4","","2","1","0","0","0"
"POINT (11.621398364000072 48.152618140000072)","Unfall 203463 (2021) Kat:3, Licht: 2","203463","3","2","4","09","19","5","","2","1","1","0","0"
"POINT (11.545030618000055 48.104899195000030)","Unfall 203464 (2021) Kat:3, Licht: 0","203464","3","6","4","09","14","6","","0","1","0","0","0"
"POINT (11.474955328000021 48.083856097000080)","Unfall 203465 (2021) Kat:3, Licht: 0","203465","3","6","3","09","09","3","","0","1","1","0","0"
"POINT (11.611247660000060 48.190095836000069)","Unfall 203474 (2021) Kat:2, Licht: 0","203474","2","6","3","09","11","5","","0","1","1","0","0"
"POINT (11.611630322000053 48.136544511000068)","Unfall 203475 (2021) Kat:3, Licht: 0","203475","3","7","6","09","08","5","","0","1","0","1","0"
"POINT (11.536406546000023 48.153652407000038)","Unfall 203476 (2021) Kat:3, Licht: 0","203476","3","3","5","09","17","2","","0","0","1","0","0"
"POINT (11.579471882000064 48.146823213000062)","Unfall 203482 (2021) Kat:3, Licht: 0","203482","3","7","0","09","10","4","","0","1","0","0","0"
"POINT (11.602815699000075 48.127535682000030)","Unfall 203486 (2021) Kat:3, Licht: 0","203486","3","7","6","09","10","4","","0","0","0","1","0"
"POINT (11.689000602000021 48.131462845000044)","Unfall 203489 (2021) Kat:3, Licht: 0","203489","3","3","5","09","16","6","","0","0","1","0","0"
"POINT (11.590618101000075 48.201437253000051)","Unfall 203512 (2021) Kat:3, Licht: 2","203512","3","2","4","09","20","6","","2","0","1","0","0"
"POINT (11.565292371000055 48.148104774000046)","Unfall 203515 (2021) Kat:3, Licht: 0","203515","3","7","5","09","08","5","","0","1","0","0","0"
"POINT (11.507090056000038 48.094340085000056)","Unfall 203526 (2021) Kat:2, Licht: 0","203526","2","1","0","09","17","2","","0","1","0","0","0"
"POINT (11.549779272000023 48.136804136000080)","Unfall 203527 (2021) Kat:3, Licht: 0","203527","3","3","5","09","06","3","","0","1","1","0","0"
"POINT (11.525855245000059 48.077937251000037)","Unfall 203528 (2021) Kat:3, Licht: 0","203528","3","6","1","09","14","6","","0","0","1","0","1"
"POINT (11.586088892000021 48.160205209000026)","Unfall 203533 (2021) Kat:3, Licht: 0","203533","3","3","0","09","10","4","","0","1","1","0","0"
"POINT (11.453238188000057 48.193884979000075)","Unfall 203536 (2021) Kat:3, Licht: 0","203536","3","6","1","09","13","6","","0","0","1","0","0"
"POINT (11.486904204000041 48.165555363000067)","Unfall 203547 (2021) Kat:3, Licht: 0","203547","3","6","4","09","07","2","","0","1","0","0","1"
"POINT (11.584399476000044 48.157143026000028)","Unfall 203553 (2021) Kat:3, Licht: 2","203553","3","6","9","09","23","6","","2","0","1","1","0"
"POINT (11.464365330000021 48.146283619000030)","Unfall 203560 (2021) Kat:3, Licht: 0","203560","3","6","6","09","16","5","","0","1","0","1","0"
"POINT (11.556828600000074 48.143266973000038)","Unfall 203561 (2021) Kat:3, Licht: 0","203561","3","6","1","09","17","6","","0","0","1","0","1"
"POINT (11.609658447000072 48.144492237000065)","Unfall 203565 (2021) Kat:3, Licht: 0","203565","3","3","5","09","11","6","","0","0","1","0","0"
"POINT (11.583623355000043 48.159675458000038)","Unfall 203573 (2021) Kat:3, Licht: 0","203573","3","1","0","09","10","3","","0","1","0","0","0"
"POINT (11.566051055000059 48.139715589000048)","Unfall 203580 (2021) Kat:3, Licht: 2","203580","3","6","2","09","21","7","","2","0","1","0","0"
"POINT (11.584227316000067 48.143830614000080)","Unfall 203581 (2021) Kat:3, Licht: 1","203581","3","3","5","09","19","6","","1","1","1","0","0"
"POINT (11.604116318000024 48.107533493000062)","Unfall 203582 (2021) Kat:3, Licht: 0","203582","3","6","2","09","17","3","","0","0","1","0","0"
"POINT (11.544669333000058 48.150298046000046)","Unfall 203598 (2021) Kat:3, Licht: 0","203598","3","3","5","09","16","3","","0","1","1","0","0"
"POINT (11.460018288000072 48.197154445000081)","Unfall 203603 (2021) Kat:3, Licht: 0","203603","3","4","6","09","07","5","","0","0","1","1","0"
"POINT (11.673569021000048 48.133103254000048)","Unfall 203610 (2021) Kat:3, Licht: 0","203610","3","5","1","09","11","1","","0","0","1","0","0"
"POINT (11.601592908000043 48.124105942000028)","Unfall 203614 (2021) Kat:3, Licht: 0","203614","3","6","0","09","16","6","","0","0","1","0","0"
"POINT (11.557509628000048 48.126965555000027)","Unfall 203616 (2021) Kat:3, Licht: 1","203616","3","6","1","09","18","2","","1","0","1","0","0"
"POINT (11.574386565000054 48.135362311000051)","Unfall 203617 (2021) Kat:2, Licht: 0","203617","2","7","0","09","13","5","","0","0","0","0","0"
"POINT (11.559873671000048 48.132951199000047)","Unfall 203623 (2021) Kat:3, Licht: 0","203623","3","7","0","09","14","1","","0","1","0","0","0"
"POINT (11.449810787000047 48.145216143000027)","Unfall 203625 (2021) Kat:3, Licht: 0","203625","3","3","5","09","07","4","","0","0","1","0","0"
"POINT (11.520504438000046 48.146515801000078)","Unfall 203626 (2021) Kat:3, Licht: 0","203626","3","2","5","09","14","7","","0","1","1","0","0"
"POINT (11.524720197000022 48.218137711000054)","Unfall 203629 (2021) Kat:3, Licht: 0","203629","3","3","5","09","15","3","","0","0","1","0","1"
"POINT (11.547765326000047 48.171671392000064)","Unfall 203632 (2021) Kat:3, Licht: 2","203632","3","7","0","09","00","1","","2","1","0","0","0"
"POINT (11.532363693000036 48.077708393000080)","Unfall 203634 (2021) Kat:3, Licht: 0","203634","3","6","4","09","14","4","","0","1","1","0","0"
"POINT (11.622164758000054 48.148530798000081)","Unfall 203645 (2021) Kat:3, Licht: 0","203645","3","3","5","09","15","6","","0","0","1","0","0"
"POINT (11.583663681000075 48.155584834000081)","Unfall 203647 (2021) Kat:3, Licht: 0","203647","3","6","3","09","18","4","","0","0","1","0","0"
"POINT (11.554130155000053 48.127550344000042)","Unfall 203658 (2021) Kat:3, Licht: 2","203658","3","2","5","09","23","7","","2","0","1","0","0"
"POINT (11.600186501000053 48.132656703000066)","Unfall 203659 (2021) Kat:3, Licht: 0","203659","3","5","1","09","12","4","","0","1","1","0","0"
"POINT (11.589652278000074 48.122306456000047)","Unfall 203662 (2021) Kat:3, Licht: 0","203662","3","3","5","09","07","6","","0","1","1","0","0"
"POINT (11.513668122000070 48.181474838000042)","Unfall 203664 (2021) Kat:3, Licht: 0","203664","3","2","5","09","15","3","","0","0","1","0","0"
"POINT (11.551011309000046 48.145561288000067)","Unfall 203665 (2021) Kat:3, Licht: 0","203665","3","2","3","09","08","2","","0","1","1","0","0"
"POINT (11.674081364000074 48.133526924000080)","Unfall 203667 (2021) Kat:3, Licht: 0","203667","3","4","6","09","18","7","","0","0","1","1","0"
"POINT (11.555225403000065 48.137481728000068)","Unfall 203670 (2021) Kat:2, Licht: 0","203670","2","7","0","09","09","1","","0","1","0","0","0"
"POINT (11.427086963000022 48.152718472000061)","Unfall 203671 (2021) Kat:3, Licht: 0","203671","3","3","5","09","08","5","","0","1","1","0","0"
"POINT (11.581274306000068 48.166290089000029)","Unfall 203672 (2021) Kat:3, Licht: 0","203672","3","3","5","09","11","5","","0","0","1","0","0"
"POINT (11.510598647000052 48.169774937000057)","Unfall 203678 (2021) Kat:3, Licht: 0","203678","3","3","5","09","09","4","","0","1","1","0","0"
"POINT (11.662763065000036 48.140643919000070)","Unfall 203686 (2021) Kat:2, Licht: 1","203686","2","7","3","09","20","7","","1","1","0","0","0"
"POINT (11.507270453000046 48.183461681000040)","Unfall 203688 (2021) Kat:3, Licht: 0","203688","3","3","5","09","07","3","","0","1","1","0","0"
"POINT (11.504067145000022 48.119946983000034)","Unfall 203706 (2021) Kat:3, Licht: 0","203706","3","3","5","09","18","5","","0","1","0","0","0"
"POINT (11.533844353000063 48.152681369000049)","Unfall 203718 (2021) Kat:3, Licht: 0","203718","3","6","3","09","14","5","","0","1","0","0","0"
"POINT (11.577653890000022 48.143937611000069)","Unfall 203719 (2021) Kat:3, Licht: 0","203719","3","1","0","09","09","2","","0","1","0","0","0"
"POINT (11.608079428000053 48.127849757000035)","Unfall 203723 (2021) Kat:3, Licht: 0","203723","3","3","5","09","15","2","","0","1","1","0","1"
"POINT (11.565904375000059 48.188015894000046)","Unfall 203724 (2021) Kat:1, Licht: 0","203724","1","4","6","09","11","3","","0","0","1","1","0"
"POINT (11.569211187000064 48.138509478000060)","Unfall 203732 (2021) Kat:2, Licht: 2","203732","2","4","6","09","21","6","","2","0","0","1","0"
"POINT (11.547214390000022 48.149724729000070)","Unfall 203738 (2021) Kat:2, Licht: 0","203738","2","5","1","09","19","6","","0","0","1","0","1"
"POINT (11.628348553000023 48.096057464000069)","Unfall 203748 (2021) Kat:3, Licht: 0","203748","3","3","5","09","11","3","","0","1","0","0","0"
"POINT (11.465418390000025 48.164771567000059)","Unfall 203756 (2021) Kat:3, Licht: 0","203756","3","5","1","09","08","5","","0","1","1","0","0"
"POINT (11.653664909000042 48.139726221000046)","Unfall 203766 (2021) Kat:2, Licht: 0","203766","2","2","5","09","14","6","","0","1","0","0","0"
"POINT (11.559084496000025 48.088344657000050)","Unfall 203769 (2021) Kat:2, Licht: 0","203769","2","6","0","09","14","5","","0","0","1","0","0"
"POINT (11.588631176000035 48.201254355000060)","Unfall 203775 (2021) Kat:3, Licht: 0","203775","3","2","3","09","16","3","","0","1","1","0","0"
"POINT (11.600192198000059 48.132659216000036)","Unfall 203778 (2021) Kat:2, Licht: 2","203778","2","7","0","09","03","1","","2","0","0","0","0"
"POINT (11.534146548000024 48.111438071000066)","Unfall 203780 (2021) Kat:3, Licht: 0","203780","3","2","5","09","16","4","","0","1","1","0","0"
"POINT (11.641273290000072 48.091582013000050)","Unfall 203781 (2021) Kat:3, Licht: 0","203781","3","7","0","09","13","7","","0","1","0","0","0"
"POINT (11.521250485000053 48.168428859000073)","Unfall 203782 (2021) Kat:2, Licht: 0","203782","2","4","6","09","16","6","","0","0","1","1","0"