WKT,Name,OBJECTID,UKATEGORIE,UTYP1,UART,UMONAT,USTUNDE,UWOCHENTAG,STRZUSTAND,ULICHTVERH,ISTRAD,ISTPKW,ISTFUSS,ISTKRAD
"POINT (11.630336456000066 48.099853033000045)","Unfall 203783 (2021) Kat:3, Licht: 2","203783","3","3","5","09","21","3","","2","1","1","0","0"
"POINT (11.545835562000036 48.108352496000066)","Unfall 203786 (2021) Kat:3, Licht: 0","203786","3","7","5","09","18","1","","0","0","1","0","0"
"POINT (11.518586454000058 48.141060147000076)","Unfall 203788 (2021) Kat:3, Licht: 0","203788","3","7","0","09","13","4","","0","1","0","0","0"
"POINT (11.597367780000070 48.133581418000063)","Unfall 203795 (2021) Kat:3, Licht: 2","203795","3","1","0","09","22","2","","2","1","0","0","0"
"POINT (11.584984613000074 48.132227510000064)","Unfall 203797 (2021) Kat:2, Licht: 0","203797","2","1","0","09","12","3","","0","1","0","0","0"
"POINT (11.567528533000029 48.123967835000030)","Unfall 203798 (2021) Kat:3, Licht: 0","203798","3","6","2","09","17","6","","0","0","1","0","0"
"POINT (11.536478259000035 48.151853383000059)","Unfall 203801 (2021) Kat:3, Licht: 0","203801","3","2","5","10","07","6","","0","1","1","0","0"
"POINT (11.585574640000061 48.192500338000059)","Unfall 203808 (2021) Kat:3, Licht: 0","203808","3","2","3","10","08","3","","0","1","1","0","0"
"POINT (11.512919267000029 48.176298422000059)","Unfall 203810 (2021) Kat:3, Licht: 0","203810","3","7","6","10","13","4","","0","0","1","1","0"
"POINT (11.639948635000053 48.116994440000042)","Unfall 203814 (2021) Kat:3, Licht: 0","203814","3","7","5","09","10","1","","0","0","1","0","0"
"POINT (11.544099821000032 48.125869397000031)","Unfall 203824 (2021) Kat:3, Licht: 2","203824","3","7","7","10","19","6","","2","1","0","1","0"
"POINT (11.502736286000072 48.142791312000043)","Unfall 203837 (2021) Kat:3, Licht: 2","203837","3","7","0","09","01","7","","2","0","0","0","0"
"POINT (11.528706751000072 48.182101974000034)","Unfall 203848 (2021) Kat:3, Licht: 2","203848","3","2","4","10","22","6","","2","1","1","0","0"
"POINT (11.520290608000039 48.149958237000078)","Unfall 203856 (2021) Kat:3, Licht: 0","203856","3","2","3","10","13","2","","0","1","1","0","0"
"POINT (11.506418833000055 48.094317809000074)","Unfall 203866 (2021) Kat:3, Licht: 0","203866","3","2","5","09","16","6","","0","1","1","0","0"
"POINT (11.570142498000052 48.130455242000039)","Unfall 203872 (2021) Kat:3, Licht: 2","203872","3","5","1","10","20","6","","2","1","1","0","0"
"POINT (11.565397463000068 48.139717572000052)","Unfall 203895 (2021) Kat:3, Licht: 0","203895","3","6","2","09","18","3","","0","0","1","0","0"
"POINT (11.555946241000072 48.128399284000068)","Unfall 203900 (2021) Kat:3, Licht: 0","203900","3","2","5","09","08","5","","0","0","1","0","0"
"POINT (11.521116231000065 48.149925884000027)","Unfall 203907 (2021) Kat:3, Licht: 0","203907","3","2","5","10","09","7","","0","1","1","0","0"
"POINT (11.529094824000026 48.176129197000080)","Unfall 203908 (2021) Kat:2, Licht: 0","203908","2","3","6","10","08","6","","0","0","1","1","0"
"POINT (11.429791509000040 48.186667595000074)","Unfall 203909 (2021) Kat:3, Licht: 1","203909","3","3","5","09","18","7","","1","0","1","0","1"
"POINT (11.581841432000033 48.152061793000030)","Unfall 203921 (2021) Kat:3, Licht: 1","203921","3","6","3","10","19","6","","1","0","1","0","1"
"POINT (11.542324164000036 48.156769229000076)","Unfall 203922 (2021) Kat:3, Licht: 0","203922","3","2","3","10","11","7","","0","1","1","0","0"
"POINT (11.663029654000070 48.120462052000050)","Unfall 203928 (2021) Kat:2, Licht: 0","203928","2","5","0","10","13","3","","0","0","0","0","0"
"POINT (11.592513148000023 48.114896655000052)","Unfall 203929 (2021) Kat:3, Licht: 0","203929","3","3","5","10","13","4","","0","0","1","0","0"
"POINT (11.585781720000057 48.172177479000027)","Unfall 203932 (2021) Kat:3, Licht: 0","203932","3","4","6","09","11","7","","0","1","0","1","0"
"POINT (11.474509060000059 48.086221624000075)","Unfall 203940 (2021) Kat:3, Licht: 0","203940","3","7","0","10","17","6","","0","1","0","0","0"
"POINT (11.564946642000052 48.138708110000039)","Unfall 203942 (2021) Kat:3, Licht: 0","203942","3","4","0","10","15","5","","0","0","1","1","0"
"POINT (11.582765825000024 48.170876362000058)","Unfall 203944 (2021) Kat:2, Licht: 2","203944","2","3","5","09","21","1","","2","0","1","0","0"
"POINT (11.616508767000028 48.158986810000044)","Unfall 203945 (2021) Kat:3, Licht: 2","203945","3","3","5","10","20","6","","2","0","1","0","1"
"POINT (11.660039534000077 48.132744636000041)","Unfall 203946 (2021) Kat:2, Licht: 0","203946","2","6","3","09","08","3","","0","0","1","0","0"
"POINT (11.581865630000038 48.123316573000068)","Unfall 203950 (2021) Kat:3, Licht: 0","203950","3","2","5","09","09","5","","0","1","0","0","0"
"POINT (11.530140217000053 48.092649128000062)","Unfall 203951 (2021) Kat:3, Licht: 0","203951","3","2","3","09","16","6","","0","1","1","0","0"
"POINT (11.668620302000022 48.116205280000031)","Unfall 203957 (2021) Kat:2, Licht: 2","203957","2","3","5","10","19","6","","2","1","1","0","0"
"POINT (11.558189447000075 48.161651349000067)","Unfall 203971 (2021) Kat:3, Licht: 0","203971","3","3","4","09","13","3","","0","1","1","0","0"
"POINT (11.582657378000022 48.144611800000064)","Unfall 203973 (2021) Kat:3, Licht: 0","203973","3","7","0","10","12","3","","0","0","1","1","0"
"POINT (11.566498776000060 48.115092518000040)","Unfall 203976 (2021) Kat:3, Licht: 0","203976","3","3","5","10","17","5","","0","0","1","0","0"
"POINT (11.424589932000060 48.158802643000058)","Unfall 203977 (2021) Kat:3, Licht: 0","203977","3","2","5","09","17","6","","0","1","0","0","0"
"POINT (11.502358615000048 48.116503637000051)","Unfall 203984 (2021) Kat:3, Licht: 0","203984","3","7","0","09","06","5","","0","0","0","1","0"
"POINT (11.476650372000051 48.103323542000055)","Unfall 203985 (2021) Kat:3, Licht: 0","203985","3","2","4","10","11","1","","0","1","1","0","0"
"POINT (11.561282557000027 48.142147301000080)","Unfall 203991 (2021) Kat:3, Licht: 0","203991","3","6","2","10","18","6","","0","0","1","0","0"
"POINT (11.582697665000069 48.133852605000072)","Unfall 204004 (2021) Kat:3, Licht: 2","204004","3","1","0","10","18","6","","2","1","0","0","0"
"POINT (11.512371960000053 48.131368786000053)","Unfall 204006 (2021) Kat:3, Licht: 0","204006","3","5","1","09","15","7","","0","1","1","0","0"
"POINT (11.586114162000058 48.168671385000039)","Unfall 204009 (2021) Kat:3, Licht: 0","204009","3","6","3","09","15","4","","0","1","0","0","0"
"POINT (11.559231223000040 48.137413915000081)","Unfall 204010 (2021) Kat:3, Licht: 0","204010","3","2","5","09","14","5","","0","0","1","0","0"
"POINT (11.510889557000041 48.170158368000045)","Unfall 204015 (2021) Kat:3, Licht: 1","204015","3","3","5","10","19","4","","1","1","1","0","0"
"POINT (11.541436570000030 48.151072880000072)","Unfall 204019 (2021) Kat:3, Licht: 2","204019","3","6","4","09","22","1","","2","0","1","0","1"
"POINT (11.575417575000074 48.119451167000079)","Unfall 204025 (2021) Kat:3, Licht: 0","204025","3","6","0","10","12","5","","0","1","1","0","0"
"POINT (11.575412688000029 48.159123343000033)","Unfall 204032 (2021) Kat:3, Licht: 0","204032","3","4","6","10","15","7","","0","1","0","1","0"
"POINT (11.502965716000062 48.141610589000038)","Unfall 204045 (2021) Kat:3, Licht: 2","204045","3","3","5","09","21","4","","2","1","0","0","0"
"POINT (11.591235572000073 48.138168201000042)","Unfall 204051 (2021) Kat:3, Licht: 0","204051","3","3","5","10","14","1","","0","1","1","0","0"
"POINT (11.651363639000067 48.109073719000037)","Unfall 204057 (2021) Kat:3, Licht: 2","204057","3","7","8","10","04","7","","2","0","1","0","0"
"POINT (11.567179291000059 48.132295001000045)","Unfall 204059 (2021) Kat:3, Licht: 0","204059","3","1","0","09","08","2","","0","1","0","0","0"
"POINT (11.497188576000042 48.090922217000070)","Unfall 204061 (2021) Kat:3, Licht: 0","204061","3","3","5","09","06","5","","0","1","1","0","0"
"POINT (11.518419473000051 48.140045494000049)","Unfall 204062 (2021) Kat:3, Licht: 0","204062","3","2","5","10","13","1","","0","0","1","0","0"
"POINT (11.526348731000041 48.071733114000040)","Unfall 204071 (2021) Kat:3, Licht: 0","204071","3","3","5","10","17","7","","0","0","1","0","0"
"POINT (11.437670246000039 48.174759729000073)","Unfall 204081 (2021) Kat:3, Licht: 0","204081","3","3","5","10","15","6","","0","0","1","0","0"
"POINT (11.549785589000066 48.106841653000060)","Unfall 204087 (2021) Kat:3, Licht: 0","204087","3","6","2","10","12","1","","0","0","1","0","0"
"POINT (11.604082120000044 48.108431391000067)","Unfall 204089 (2021) Kat:3, Licht: 0","204089","3","2","5","10","08","4","","0","1","1","0","0"
"POINT (11.563354305000075 48.155652188000033)","Unfall 204092 (2021) Kat:3, Licht: 0","204092","3","4","6","09","17","7","","0","0","1","1","0"
"POINT (11.572861909000039 48.184635244000049)","Unfall 204097 (2021) Kat:3, Licht: 1","204097","3","6","2","10","17","3","","1","0","1","0","0"
"POINT (11.529144200000076 48.116766323000036)","Unfall 204100 (2021) Kat:3, Licht: 1","204100","3","3","5","10","18","6","","1","0","1","0","0"
"POINT (11.555908390000070 48.128362852000066)","Unfall 204105 (2021) Kat:3, Licht: 0","204105","3","3","5","10","10","6","","0","1","0","0","1"
"POINT (11.628372057000036 48.147458445000041)","Unfall 204106 (2021) Kat:2, Licht: 0","204106","2","3","5","09","12","3","","0","0","1","0","0"
"POINT (11.549732118000065 48.149224445000073)","Unfall 204110 (2021) Kat:3, Licht: 0","204110","3","2","3","09","14","5","","0","1","1","0","0"
"POINT (11.609781982000072 48.092596429000025)","Unfall 204113 (2021) Kat:3, Licht: 0","204113","3","3","5","10","16","6","","0","1","1","0","0"
"POINT (11.564999290000060 48.116623867000044)","Unfall 204117 (2021) Kat:3, Licht: 0","204117","3","7","0","09","11","1","","0","1","1","0","0"
"POINT (11.568271937000077 48.143303947000049)","Unfall 204118 (2021) Kat:3, Licht: 0","204118","3","5","1","10","14","6","","0","1","1","0","0"
"POINT (11.481897447000051 48.142479642000069)","Unfall 204120 (2021) Kat:3, Licht: 0","204120","3","3","5","09","07","4","","0","1","1","0","0"
"POINT (11.568688496000050 48.161406287000034)","Unfall 204124 (2021) Kat:3, Licht: 0","204124","3","5","1","09","16","5","","0","1","1","0","0"
"POINT (11.558618858000045 48.141590184000052)","Unfall 204126 (2021) Kat:3, Licht: 0","204126","3","7","5","09","12","6","","0","0","1","0","0"
"POINT (11.509768359000077 48.097954031000029)","Unfall 204131 (2021) Kat:3, Licht: 0","204131","3","5","1","10","16","7","","0","1","1","0","0"
"POINT (11.592413433000047 48.115060450000044)","Unfall 204137 (2021) Kat:3, Licht: 0","204137","3","3","5","10","11","1","","0","1","1","0","0"
"POINT (11.636329233000026 48.140320611000050)","Unfall 204138 (2021) Kat:3, Licht: 0","204138","3","2","5","10","07","3","","0","1","1","0","0"
"POINT (11.521798916000023 48.176095583000063)","Unfall 204142 (2021) Kat:3, Licht: 0","204142","3","3","5","09","14","7","","0","0","1","0","0"
"POINT (11.573313433000067 48.151015002000065)","Unfall 204143 (2021) Kat:3, Licht: 2","204143","3","3","5","09","05","2","","2","0","1","0","0"
"POINT (11.567102185000067 48.132320376000052)","Unfall 204144 (2021) Kat:3, Licht: 0","204144","3","1","5","09","08","4","","0","1","1","0","0"
"POINT (11.572645263000027 48.120585528000049)","Unfall 204145 (2021) Kat:3, Licht: 0","204145","3","7","0","09","11","5","","0","1","0","0","0"
"POINT (11.486626713000021 48.122083673000077)","Unfall 204152 (2021) Kat:3, Licht: 0","204152","3","7","6","10","16","5","","0","1","0","1","0"
"POINT (11.509643139000048 48.167506791000051)","Unfall 204155 (2021) Kat:3, Licht: 0","204155","3","7","0","10","14","6","","0","0","0","0","0"
"POINT (11.548319602000049 48.118350418000034)","Unfall 204156 (2021) Kat:3, Licht: 0","204156","3","2","5","09","16","3","","0","1","1","0","0"
"POINT (11.552487431000031 48.134844492000070)","Unfall 204162 (2021) Kat:3, Licht: 0","204162","3","3","4","09","10","5","","0","0","1","0","0"
"POINT (11.576225482000041 48.187787928000034)","Unfall 204169 (2021) Kat:3, Licht: 0","204169","3","3","5","10","15","6","","0","0","1","0","0"
"POINT (11.541121233000069 48.145433373000060)","Unfall 204177 (2021) Kat:3, Licht: 2","204177","3","6","3","10","21","4","","2","1","0","0","0"
"POINT (11.570731117000037 48.137433699000042)","Unfall 204178 (2021) Kat:3, Licht: 0","204178","3","7","0","09","13","6","","0","1","0","0","0"
"POINT (11.454113323000058 48.154567008000072)","Unfall 204179 (2021) Kat:3, Licht: 0","204179","3","3","5","10","07","2","","0","0","1","0","1"
"POINT (11.564083421000021 48.201401199000031)","Unfall 204184 (2021) Kat:2, Licht: 2","204184","2","3","5","10","22","6","","2","0","1","0","0"
"POINT (11.589826193000022 48.166069676000063)","Unfall 204190 (2021) Kat:3, Licht: 0","204190","3","3","5","10","09","3","","0","1","1","0","0"
"POINT (11.585353528000041 48.132690191000052)","Unfall 204199 (2021) Kat:2, Licht: 0","204199","2","7","9","10","16","1","","0","0","0","0","0"
"POINT (11.614698994000037 48.135956511000074)","Unfall 204200 (2021) Kat:3, Licht: 0","204200","3","2","0","10","08","3","","0","0","1","0","0"
"POINT (11.566328758000054 48.165033468000047)","Unfall 204205 (2021) Kat:3, Licht: 0","204205","3","5","1","09","14","6","","0","1","1","0","0"
"POINT (11.590000938000060 48.162717017000034)","Unfall 204207 (2021) Kat:3, Licht: 0","204207","3","7","0","10","08","6","","0","0","1","0","0"
"POINT (11.605224178000071 48.139752809000072)","Unfall 204208 (2021) Kat:3, Licht: 0","204208","3","4","6","09","11","3","","0","0","1","1","0"
"POINT (11.580677909000030 48.135584099000027)","Unfall 204209 (2021) Kat:3, Licht: 2","204209","3","4","6","10","20","7","","2","1","0","1","0"
"POINT (11.549306949000027 48.136064329000078)","Unfall 204215 (2021) Kat:3, Licht: 0","204215","3","4","6","10","13","3","","0","1","0","1","0"
"POINT (11.518723564000027 48.141403351000065)","Unfall 204216 (2021) Kat:3, Licht: 2","204216","3","2","0","10","00","4","","2","1","0","0","0"
"POINT (11.594875037000065 48.186838662000071)","Unfall 204220 (2021) Kat:3, Licht: 0","204220","3","1","1","10","11","7","","0","1","1","0","0"
"POINT (11.534818004000044 48.168071468000051)","Unfall 204221 (2021) Kat:3, Licht: 0","204221","3","1","0","09","11","7","","0","1","0","0","0"
"POINT (11.569723506000059 48.144584044000055)","Unfall 204222 (2021) Kat:3, Licht: 0","204222","3","6","3","09","11","2","","0","1","1","0","0"
"POINT (11.596710852000058 48.124164724000082)","Unfall 204223 (2021) Kat:3, Licht: 2","204223","3","1","0","09","20","4","","2","0","0","0","1"
"POINT (11.592449820000070 48.114971806000028)","Unfall 204238 (2021) Kat:2, Licht: 0","204238","2","3","4","09","11","6","","0","1","1","0","0"
"POINT (11.621841594000045 48.126461126000038)","Unfall 204249 (2021) Kat:3, Licht: 2","204249","3","3","5","09","21","5","","2","0","1","0","0"
"POINT (11.503350084000033 48.147127550000050)","Unfall 204252 (2021) Kat:3, Licht: 2","204252","3","2","5","10","20","2","","2","0","1","0","0"
"POINT (11.521975897000061 48.176093453000078)","Unfall 204266 (2021) Kat:3, Licht: 1","204266","3","7","5","10","18","7","","1","1","1","0","0"
"POINT (11.627394169000070 48.117713241000047)","Unfall 204268 (2021) Kat:3, Licht: 0","204268","3","7","0","09","10","2","","0","0","1","0","1"
"POINT (11.563258900000051 48.208800748000044)","Unfall 204269 (2021) Kat:3, Licht: 0","204269","3","3","4","09","14","4","","0","0","1","0","0"
"POINT (11.629596675000073 48.118944590000069)","Unfall 204273 (2021) Kat:3, Licht: 0","204273","3","2","5","09","16","3","","0","0","1","0","0"
"POINT (11.523969330000057 48.197294351000039)","Unfall 204276 (2021) Kat:2, Licht: 0","204276","2","3","4","10","13","5","","0","1","1","0","0"
"POINT (11.548654705000047 48.112197202000061)","Unfall 204282 (2021) Kat:3, Licht: 0","204282","3","5","1","10","18","6","","0","0","1","0","1"
"POINT (11.571052937000047 48.142246440000065)","Unfall 204287 (2021) Kat:3, Licht: 0","204287","3","6","3","10","12","6","","0","0","1","0","1"
"POINT (11.617059661000042 48.120504549000032)","Unfall 204289 (2021) Kat:2, Licht: 0","204289","2","2","5","09","17","2","","0","1","0","0","0"
"POINT (11.558627279000063 48.141654830000050)","Unfall 204291 (2021) Kat:3, Licht: 0","204291","3","7","5","10","16","6","","0","0","0","0","0"
"POINT (11.685518843000068 48.140889132000041)","Unfall 204298 (2021) Kat:3, Licht: 1","204298","3","6","2","10","18","3","","1","0","1","1","1"
"POINT (11.542238681000072 48.125726076000035)","Unfall 204299 (2021) Kat:3, Licht: 2","204299","3","1","9","10","01","4","","2","0","0","0","0"
"POINT (11.589849950000030 48.173484000000030)","Unfall 204311 (2021) Kat:3, Licht: 0","204311","3","1","0","10","11","4","","0","0","0","0","1"
"POINT (11.586135125000055 48.167597381000064)","Unfall 204324 (2021) Kat:3, Licht: 0","204324","3","3","3","10","08","5","","0","1","0","0","0"
"POINT (11.548322876000043 48.117479064000065)","Unfall 204326 (2021) Kat:3, Licht: 0","204326","3","2","0","09","11","1","","0","0","0","0","1"
"POINT (11.614533844000050 48.136663053000063)","Unfall 204334 (2021) Kat:3, Licht: 0","204334","3","2","5","09","12","6","","0","1","1","0","0"
"POINT (11.588758101000053 48.115365611000072)","Unfall 204338 (2021) Kat:3, Licht: 0","204338","3","6","2","09","07","2","","0","0","1","0","0"
"POINT (11.519415602000038 48.139427782000041)","Unfall 204359 (2021) Kat:3, Licht: 0","204359","3","2","3","09","13","5","","0","0","0","0","1"
"POINT (11.526826509000045 48.158439691000069)","Unfall 204362 (2021) Kat:3, Licht: 0","204362","3","2","3","10","13","6","","0","1","0","0","1"
"POINT (11.528414923000071 48.172677165000039)","Unfall 204364 (2021) Kat:3, Licht: 0","204364","3","2","5","09","15","7","","0","1","1","0","0"
"POINT (11.581668604000072 48.131357358000059)","Unfall 204376 (2021) Kat:3, Licht: 0","204376","3","4","6","09","14","1","","0","0","1","1","0"
"POINT (11.497802365000041 48.125714436000067)","Unfall 204377 (2021) Kat:3, Licht: 0","204377","3","2","5","10","08","6","","0","1","1","0","0"
"POINT (11.570979252000029 48.147511983000072)","Unfall 204378 (2021) Kat:3, Licht: 2","204378","3","7","0","09","01","3","","2","0","0","0","0"
"POINT (11.576375272000064 48.119062948000078)","Unfall 204379 (2021) Kat:2, Licht: 1","204379","2","1","0","10","18","7","","1","1","0","0","0"
"POINT (11.423810150000065 48.142848928000035)","Unfall 204380 (2021) Kat:3, Licht: 0","204380","3","3","5","10","16","6","","0","0","1","0","0"
"POINT (11.632177925000065 48.097695358000067)","Unfall 204382 (2021) Kat:3, Licht: 0","204382","3","1","0","09","11","5","","0","1","0","0","0"
"POINT (11.453264012000034 48.145974594000052)","Unfall 204384 (2021) Kat:3, Licht: 0","204384","3","3","5","10","07","2","","0","1","1","0","0"
"POINT (11.662163600000042 48.105846108000037)","Unfall 204388 (2021) Kat:3, Licht: 0","204388","3","5","1","10","18","7","","0","1","1","0","0"
"POINT (11.522076031000040 48.175876582000058)","Unfall 204389 (2021) Kat:3, Licht: 0","204389","3","2","4","10","12","6","","0","0","1","0","0"
"POINT (11.502606567000043 48.125818197000058)","Unfall 204402 (2021) Kat:3, Licht: 0","204402","3","2","3","10","13","1","","0","1","1","0","0"
"POINT (11.570991496000033 48.140575847000036)","Unfall 204403 (2021) Kat:3, Licht: 1","204403","3","1","4","10","18","3","","1","1","0","0","0"
"POINT (11.506990535000057 48.179224356000077)","Unfall 204405 (2021) Kat:3, Licht: 0","204405","3","3","5","09","07","5","","0","1","1","0","0"
"POINT (11.395269390000067 48.179785293000066)","Unfall 204406 (2021) Kat:3, Licht: 0","204406","3","3","5","10","17","5","","0","1","1","0","0"
"POINT (11.502620716000024 48.126043873000071)","Unfall 204407 (2021) Kat:3, Licht: 0","204407","3","2","5","09","18","6","","0","0","1","0","0"
"POINT (11.499832582000067 48.131377341000075)","Unfall 204408 (2021) Kat:3, Licht: 0","204408","3","1","0","10","10","2","","0","1","0","0","0"
"POINT (11.460517493000054 48.148513939000054)","Unfall 204411 (2021) Kat:3, Licht: 0","204411","3","6","0","09","14","4","","0","1","1","0","0"
"POINT (11.555889327000045 48.137149555000065)","Unfall 204424 (2021) Kat:3, Licht: 2","204424","3","1","0","10","02","7","","2","0","0","0","0"
"POINT (11.502457148000076 48.119735790000050)","Unfall 204438 (2021) Kat:3, Licht: 0","204438","3","5","3","10","08","6","","0","1","1","0","0"
"POINT (11.578533340000035 48.144703253000046)","Unfall 204439 (2021) Kat:3, Licht: 2","204439","3","7","2","10","23","7","","2","1","0","0","0"
"POINT (11.551460720000023 48.147554887000069)","Unfall 204440 (2021) Kat:3, Licht: 2","204440","3","7","0","09","01","7","","2","0","0","0","0"
"POINT (11.548292513000035 48.126026069000034)","Unfall 204442 (2021) Kat:3, Licht: 2","204442","3","7","0","09","02","4","","2","0","0","0","0"
"POINT (11.614777034000042 48.155701254000064)","Unfall 204454 (2021) Kat:3, Licht: 0","204454","3","3","5","10","08","3","","0","0","1","0","0"
"POINT (11.546709955000040 48.159974305000048)","Unfall 204456 (2021) Kat:3, Licht: 0","204456","3","6","2","09","10","5","","0","0","1","0","1"
"POINT (11.564375237000036 48.151386367000043)","Unfall 204460 (2021) Kat:2, Licht: 0","204460","2","6","9","10","15","6","","0","0","0","0","0"
"POINT (11.572906821000061 48.184007888000053)","Unfall 204462 (2021) Kat:3, Licht: 0","204462","3","6","2","10","13","7","","0","0","1","0","0"
"POINT (11.573756527000057 48.120071141000039)","Unfall 204469 (2021) Kat:3, Licht: 0","204469","3","3","0","10","12","1","","0","0","1","0","1"
"POINT (11.673908276000077 48.145166740000036)","Unfall 204476 (2021) Kat:3, Licht: 2","204476","3","7","6","09","22","2","","2","0","1","0","0"
"POINT (11.505294863000074 48.082138449000070)","Unfall 204478 (2021) Kat:3, Licht: 2","204478","3","5","1","09","20","5","","2","0","1","0","0"
"POINT (11.615123839000034 48.199063773000034)","Unfall 204482 (2021) Kat:3, Licht: 0","204482","3","6","2","10","15","6","","0","0","1","0","0"
"POINT (11.556981152000048 48.143816618000074)","Unfall 204486 (2021) Kat:1, Licht: 0","204486","1","4","6","10","15","6","","0","0","1","1","0"
"POINT (11.563128437000046 48.141514590000043)","Unfall 204491 (2021) Kat:3, Licht: 0","204491","3","2","5","09","15","5","","0","1","0","0","0"
"POINT (11.557778782000071 48.213121233000038)","Unfall 204503 (2021) Kat:3, Licht: 0","204503","3","4","6","10","14","6","","0","0","1","1","0"
"POINT (11.646446926000067 48.107257095000080)","Unfall 204506 (2021) Kat:3, Licht: 0","204506","3","6","2","09","14","6","","0","0","1","0","0"
"POINT (11.481057491000058 48.180430068000078)","Unfall 204514 (2021) Kat:2, Licht: 0","204514","2","3","5","10","16","7","","0","1","1","0","0"
"POINT (11.589112394000040 48.143458676000080)","Unfall 204515 (2021) Kat:3, Licht: 2","204515","3","7","0","09","02","7","","2","0","0","0","0"
"POINT (11.522644488000026 48.134457198000064)","Unfall 204520 (2021) Kat:3, Licht: 0","204520","3","7","0","10","10","4","","0","0","0","0","0"
"POINT (11.488229081000043 48.111100584000042)","Unfall 204524 (2021) Kat:3, Licht: 0","204524","3","5","1","09","13","2","","0","1","1","0","0"
"POINT (11.499111680000055 48.114543412000046)","Unfall 204531 (2021) Kat:3, Licht: 1","204531","3","6","4","10","19","6","","1","1","1","0","0"
"POINT (11.522247025000070 48.099594524000054)","Unfall 204535 (2021) Kat:3, Licht: 0","204535","3","3","5","10","17","6","","0","1","1","0","0"
"POINT (11.584390944000063 48.137822707000055)","Unfall 204537 (2021) Kat:3, Licht: 0","204537","3","1","0","09","17","3","","0","1","0","0","0"
"POINT (11.579383133000022 48.115178193000077)","Unfall 204542 (2021) Kat:3, Licht: 2","204542","3","3","5","09","05","5","","2","0","1","0","0"
"POINT (11.566254986000047 48.140551468000069)","Unfall 204543 (2021) Kat:3, Licht: 2","204543","3","4","6","09","01","6","","2","0","1","1","0"
"POINT (11.590869653000027 48.166328544000066)","Unfall 204546 (2021) Kat:3, Licht: 0","204546","3","3","5","09","09","4","","0","0","1","0","1"
"POINT (11.580441667000059 48.149006584000063)","Unfall 204559 (2021) Kat:3, Licht: 2","204559","3","2","5","10","20","2","","2","1","1","0","0"
"POINT (11.609787255000072 48.118446439000081)","Unfall 204563 (2021) Kat:3, Licht: 0","204563","3","6","2","10","17","7","","0","0","1","0","0"
"POINT (11.554690476000076 48.153401881000036)","Unfall 204564 (2021) Kat:3, Licht: 0","204564","3","7","0","10","11","6","","0","1","1","0","0"
"POINT (11.615329923000047 48.142346469000074)","Unfall 204565 (2021) Kat:3, Licht: 0","204565","3","6","2","10","15","7","","0","1","0","0","0"
"POINT (11.585934282000039 48.138324429000079)","Unfall 204570 (2021) Kat:3, Licht: 1","204570","3","1","0","10","17","3","","1","0","0","0","1"
"POINT (11.573294664000059 48.160518804000048)","Unfall 204571 (2021) Kat:3, Licht: 0","204571","3","3","5","10","17","4","","0","1","1","0","0"
"POINT (11.502413081000043 48.112948924000079)","Unfall 204574 (2021) Kat:3, Licht: 0","204574","3","2","5","09","12","7","","0","0","1","0","0"
"POINT (11.563892598000052 48.162680856000065)","Unfall 204582 (2021) Kat:3, Licht: 0","204582","3","6","2","10","12","6","","0","0","1","0","0"
"POINT (11.572641182000041 48.185669004000033)","Unfall 204587 (2021) Kat:3, Licht: 0","204587","3","3","5","10","16","6","","0","1","1","0","0"
"POINT (11.564731325000025 48.168001570000058)","Unfall 204588 (2021) Kat:3, Licht: 0","204588","3","2","5","09","11","3","","0","1","1","0","0"
"POINT (11.553368412000054 48.216792582000039)","Unfall 204594 (2021) Kat:3, Licht: 0","204594","3","7","0","09","13","6","","0","0","0","0","0"
"POINT (11.577098027000034 48.191712407000068)","Unfall 204607 (2021) Kat:3, Licht: 0","204607","3","7","5","10","13","4","","0","0","1","0","1"
"POINT (11.542868493000071 48.146488320000060)","Unfall 204618 (2021) Kat:3, Licht: 2","204618","3","6","3","10","18","3","","2","0","1","0","0"
"POINT (11.413821550000023 48.156230518000029)","Unfall 204626 (2021) Kat:3, Licht: 0","204626","3","3","5","09","16","5","","0","1","1","0","0"
"POINT (11.566372245000025 48.140578741000070)","Unfall 204627 (2021) Kat:2, Licht: 2","204627","2","3","5","10","22","1","","2","0","1","0","0"
"POINT (11.550796868000077 48.112303443000030)","Unfall 204628 (2021) Kat:3, Licht: 1","204628","3","2","5","10","18","3","","1","0","1","0","1"
"POINT (11.586664772000063 48.187871057000052)","Unfall 204635 (2021) Kat:3, Licht: 0","204635","3","7","2","09","10","3","","0","1","1","0","1"
"POINT (11.598664312000039 48.119236931000046)","Unfall 204646 (2021) Kat:3, Licht: 0","204646","3","3","5","10","16","7","","0","1","1","0","0"
"POINT (11.567094681000071 48.167743742000027)","Unfall 204650 (2021) Kat:3, Licht: 0","204650","3","1","0","09","09","2","","0","1","0","0","0"
"POINT (11.503221660000065 48.149313808000045)","Unfall 204651 (2021) Kat:3, Licht: 0","204651","3","3","5","09","07","4","","0","1","1","0","0"
"POINT (11.601504740000053 48.140414943000053)","Unfall 204654 (2021) Kat:3, Licht: 2","204654","3","6","2","10","18","3","","2","1","1","0","0"