WKT,Name,OBJECTID,UKATEGORIE,UTYP1,UART,UMONAT,USTUNDE,UWOCHENTAG,STRZUSTAND,ULICHTVERH,ISTRAD,ISTPKW,ISTFUSS,ISTKRAD
"POINT (11.573464228000034 48.153675296000074)","Unfall 205468 (2021) Kat:3, Licht: 0","205468","3","7","0","10","18","4","","0","1","0","0","0"
"POINT (11.586075210000047 48.201028899000050)","Unfall 205469 (2021) Kat:3, Licht: 0","205469","3","6","3","10","10","3","","0","0","1","0","1"
"POINT (11.583755726000049 48.162776355000062)","Unfall 205474 (2021) Kat:3, Licht: 1","205474","3","4","6","10","19","4","","1","1","0","1","0"
"POINT (11.478525001000037 48.129281732000038)","Unfall 205482 (2021) Kat:3, Licht: 0","205482","3","4","6","10","09","5","","0","0","1","1","0"
"POINT (11.521235667000042 48.151137553000069)","Unfall 205484 (2021) Kat:3, Licht: 2","205484","3","2","4","10","01","1","","2","0","1","0","0"
"POINT (11.574317102000066 48.135372828000072)","Unfall 205487 (2021) Kat:3, Licht: 0","205487","3","7","4","10","11","3","","0","1","1","0","0"
"POINT (11.537877937000076 48.085226739000063)","Unfall 205493 (2021) Kat:3, Licht: 0","205493","3","5","1","10","15","4","","0","1","1","0","0"
"POINT (11.645119167000075 48.162824532000059)","Unfall 205503 (2021) Kat:2, Licht: 0","205503","2","1","3","10","16","2","","0","1","0","0","0"
"POINT (11.577548826000054 48.134998950000067)","Unfall 205505 (2021) Kat:3, Licht: 0","205505","3","4","6","10","15","7","","0","0","1","1","0"
"POINT (11.594078895000052 48.115105331000052)","Unfall 205524 (2021) Kat:3, Licht: 0","205524","3","3","5","10","17","1","","0","1","1","0","0"
"POINT (11.572385284000063 48.120572281000079)","Unfall 205533 (2021) Kat:3, Licht: 0","205533","3","2","5","10","08","4","","0","1","1","0","0"
"POINT (11.540556833000039 48.125301369000056)","Unfall 205537 (2021) Kat:3, Licht: 0","205537","3","4","6","10","11","3","","0","0","1","1","0"
"POINT (11.585870652000040 48.173184307000042)","Unfall 205540 (2021) Kat:3, Licht: 2","205540","3","7","0","10","06","1","","2","0","0","0","0"
"POINT (11.560821109000074 48.135471353000071)","Unfall 205543 (2021) Kat:3, Licht: 0","205543","3","7","0","10","09","4","","0","0","0","0","0"
"POINT (11.577275867000026 48.118558098000051)","Unfall 205544 (2021) Kat:2, Licht: 0","205544","2","4","6","10","15","3","","0","1","0","1","0"
"POINT (11.585891003000029 48.171042349000061)","Unfall 205546 (2021) Kat:3, Licht: 2","205546","3","6","0","10","17","6","","2","0","1","0","0"
"POINT (11.503224514000067 48.141512681000052)","Unfall 205547 (2021) Kat:3, Licht: 0","205547","3","6","2","10","13","6","","0","0","1","0","0"
"POINT (11.714910500000030 48.135123735000036)","Unfall 205548 (2021) Kat:3, Licht: 0","205548","3","7","9","10","15","6","","0","0","1","0","0"
"POINT (11.571587781000062 48.131321742000068)","Unfall 205552 (2021) Kat:3, Licht: 2","205552","3","2","4","10","19","2","","2","0","1","0","1"
"POINT (11.588805198000045 48.112054765000039)","Unfall 205553 (2021) Kat:3, Licht: 0","205553","3","3","5","10","07","4","","0","1","1","0","0"
"POINT (11.589620077000063 48.131867076000049)","Unfall 205566 (2021) Kat:3, Licht: 0","205566","3","3","5","10","08","3","","0","0","1","0","0"
"POINT (11.564884975000041 48.167904922000048)","Unfall 205567 (2021) Kat:2, Licht: 2","205567","2","3","5","10","06","5","","2","0","1","0","0"
"POINT (11.433427177000056 48.163683896000066)","Unfall 205568 (2021) Kat:3, Licht: 0","205568","3","2","4","10","07","5","","0","0","1","0","0"
"POINT (11.646439585000053 48.107058597000048)","Unfall 205575 (2021) Kat:3, Licht: 0","205575","3","2","1","10","14","1","","0","0","1","0","1"
"POINT (11.554001285000027 48.154336563000072)","Unfall 205582 (2021) Kat:3, Licht: 0","205582","3","2","3","10","10","6","","0","1","1","0","0"
"POINT (11.676525333000029 48.129092227000058)","Unfall 205589 (2021) Kat:3, Licht: 2","205589","3","3","5","10","04","5","","2","0","1","0","0"
"POINT (11.519207430000051 48.109807511000042)","Unfall 205596 (2021) Kat:3, Licht: 2","205596","3","2","5","10","19","3","","2","1","1","0","0"
"POINT (11.567244671000026 48.092089241000053)","Unfall 205599 (2021) Kat:3, Licht: 0","205599","3","6","2","10","14","7","","0","0","1","0","0"
"POINT (11.619782083000075 48.162130315000070)","Unfall 205606 (2021) Kat:3, Licht: 2","205606","3","6","4","10","07","2","","2","1","0","0","0"
"POINT (11.483301726000036 48.129027984000061)","Unfall 205619 (2021) Kat:3, Licht: 0","205619","3","3","5","10","15","5","","0","0","1","0","0"
"POINT (11.508174063000070 48.147969150000051)","Unfall 205622 (2021) Kat:3, Licht: 1","205622","3","7","7","10","18","7","","1","1","0","0","0"
"POINT (11.564378896000051 48.163445946000081)","Unfall 205628 (2021) Kat:3, Licht: 0","205628","3","6","5","10","14","1","","0","1","0","0","1"
"POINT (11.630153260000043 48.100921331000052)","Unfall 205634 (2021) Kat:3, Licht: 0","205634","3","1","2","10","12","3","","0","0","1","0","1"
"POINT (11.581388053000069 48.114643931000046)","Unfall 205637 (2021) Kat:3, Licht: 0","205637","3","3","5","10","13","6","","0","0","1","0","0"
"POINT (11.456986823000022 48.140220782000029)","Unfall 205647 (2021) Kat:2, Licht: 0","205647","2","2","3","10","14","7","","0","1","0","0","0"
"POINT (11.584324491000075 48.167122031000076)","Unfall 205660 (2021) Kat:3, Licht: 0","205660","3","2","5","10","09","4","","0","1","1","0","0"
"POINT (11.584261665000042 48.192717062000042)","Unfall 205665 (2021) Kat:3, Licht: 0","205665","3","3","5","10","12","4","","0","1","1","0","0"
"POINT (11.557815156000061 48.155561023000075)","Unfall 205674 (2021) Kat:3, Licht: 0","205674","3","7","0","10","07","5","","0","1","0","0","0"
"POINT (11.477004881000028 48.153880706000052)","Unfall 205678 (2021) Kat:3, Licht: 0","205678","3","5","0","10","12","1","","0","0","1","0","0"
"POINT (11.604231258000027 48.106874955000080)","Unfall 205686 (2021) Kat:3, Licht: 0","205686","3","2","3","10","18","4","","0","1","1","0","0"
"POINT (11.541769525000063 48.133983302000047)","Unfall 205692 (2021) Kat:3, Licht: 0","205692","3","1","1","10","08","5","","0","0","1","0","0"
"POINT (11.502618540000071 48.126011341000037)","Unfall 205693 (2021) Kat:3, Licht: 0","205693","3","3","5","10","09","4","","0","1","1","0","0"
"POINT (11.493714005000072 48.193577263000066)","Unfall 205696 (2021) Kat:3, Licht: 0","205696","3","3","5","10","14","2","","0","1","1","0","0"
"POINT (11.536858296000048 48.200079022000068)","Unfall 205700 (2021) Kat:3, Licht: 0","205700","3","5","3","10","15","3","","0","0","1","0","1"
"POINT (11.588745404000065 48.137432039000032)","Unfall 205703 (2021) Kat:3, Licht: 0","205703","3","6","2","10","13","1","","0","0","1","0","0"
"POINT (11.571534911000072 48.162866589000032)","Unfall 205712 (2021) Kat:3, Licht: 0","205712","3","1","0","10","08","4","","0","0","0","0","1"
"POINT (11.562929239000027 48.149036326000044)","Unfall 205718 (2021) Kat:3, Licht: 0","205718","3","2","4","10","18","6","","0","0","1","0","1"
"POINT (11.523771792000048 48.149220142000047)","Unfall 205726 (2021) Kat:3, Licht: 2","205726","3","3","5","10","21","4","","2","0","1","0","0"
"POINT (11.600776229000076 48.153574995000042)","Unfall 205731 (2021) Kat:3, Licht: 0","205731","3","1","2","10","15","1","","0","1","0","0","0"
"POINT (11.665049142000044 48.132899355000063)","Unfall 205736 (2021) Kat:3, Licht: 0","205736","3","5","1","10","11","4","","0","0","1","0","0"
"POINT (11.620771658000024 48.132776009000054)","Unfall 205740 (2021) Kat:3, Licht: 0","205740","3","4","6","10","09","6","","0","0","1","1","0"
"POINT (11.636290787000064 48.140262129000064)","Unfall 205742 (2021) Kat:3, Licht: 2","205742","3","2","4","10","06","5","","2","1","1","0","0"
"POINT (11.558634773000051 48.137242702000037)","Unfall 205752 (2021) Kat:3, Licht: 2","205752","3","5","3","10","19","5","","2","1","1","0","0"
"POINT (11.588988637000057 48.100780361000034)","Unfall 205756 (2021) Kat:3, Licht: 0","205756","3","2","5","10","14","1","","0","1","1","0","0"
"POINT (11.577232162000030 48.118407471000069)","Unfall 205757 (2021) Kat:3, Licht: 0","205757","3","7","1","10","12","3","","0","1","0","0","0"
"POINT (11.573473471000057 48.135732849000078)","Unfall 205766 (2021) Kat:3, Licht: 2","205766","3","3","5","10","22","6","","2","0","1","0","0"
"POINT (11.507665850000024 48.183259923000037)","Unfall 205767 (2021) Kat:3, Licht: 2","205767","3","6","6","10","07","6","","2","1","0","1","0"
"POINT (11.573801514000024 48.155602755000075)","Unfall 205783 (2021) Kat:3, Licht: 1","205783","3","7","2","10","18","5","","1","1","1","0","0"
"POINT (11.628956691000042 48.131093604000057)","Unfall 205785 (2021) Kat:3, Licht: 0","205785","3","2","3","10","10","2","","0","1","1","0","0"
"POINT (11.500749410000026 48.139688784000043)","Unfall 205786 (2021) Kat:3, Licht: 0","205786","3","1","0","10","14","4","","0","1","0","0","0"
"POINT (11.592478325000059 48.114895449000073)","Unfall 205793 (2021) Kat:3, Licht: 0","205793","3","2","3","10","17","7","","0","0","1","0","0"
"POINT (11.564041391000046 48.163478232000045)","Unfall 205798 (2021) Kat:3, Licht: 0","205798","3","7","0","10","13","3","","0","1","0","1","0"
"POINT (11.596708387000035 48.102670993000061)","Unfall 205803 (2021) Kat:3, Licht: 2","205803","3","2","5","10","18","6","","2","1","1","0","0"
"POINT (11.700733794000030 48.105580724000049)","Unfall 205804 (2021) Kat:3, Licht: 0","205804","3","6","0","10","11","1","","0","1","1","0","0"
"POINT (11.522572889000060 48.134512520000044)","Unfall 205806 (2021) Kat:3, Licht: 0","205806","3","2","4","10","08","5","","0","1","1","0","0"
"POINT (11.618464034000056 48.138090839000029)","Unfall 205808 (2021) Kat:3, Licht: 0","205808","3","6","4","10","08","1","","0","0","1","0","0"
"POINT (11.410656126000049 48.144570348000059)","Unfall 205814 (2021) Kat:3, Licht: 0","205814","3","3","5","10","18","3","","0","1","1","0","0"
"POINT (11.564080262000061 48.137404923000076)","Unfall 205816 (2021) Kat:3, Licht: 0","205816","3","7","2","10","13","6","","0","0","1","0","1"
"POINT (11.447839386000055 48.140351833000068)","Unfall 205838 (2021) Kat:3, Licht: 0","205838","3","3","5","10","17","4","","0","1","0","0","0"
"POINT (11.587014688000068 48.134260365000046)","Unfall 205839 (2021) Kat:3, Licht: 0","205839","3","2","5","10","10","5","","0","0","1","0","0"
"POINT (11.529018637000036 48.163999270000033)","Unfall 205848 (2021) Kat:3, Licht: 0","205848","3","6","4","10","15","6","","0","1","0","0","0"
"POINT (11.562058965000062 48.172425553000039)","Unfall 205851 (2021) Kat:3, Licht: 0","205851","3","1","1","10","14","5","","0","0","1","0","0"
"POINT (11.553169605000051 48.171776982000040)","Unfall 205857 (2021) Kat:3, Licht: 0","205857","3","7","0","10","16","1","","0","1","0","0","0"
"POINT (11.568322299000044 48.187442883000074)","Unfall 205858 (2021) Kat:3, Licht: 1","205858","3","3","5","10","07","3","","1","1","1","0","0"
"POINT (11.629178359000036 48.216623365000032)","Unfall 205861 (2021) Kat:2, Licht: 0","205861","2","7","0","10","15","5","","0","1","0","0","0"
"POINT (11.563128437000046 48.141514590000043)","Unfall 205865 (2021) Kat:3, Licht: 0","205865","3","2","4","10","15","4","","0","1","1","0","0"
"POINT (11.630343238000023 48.099900360000049)","Unfall 205866 (2021) Kat:3, Licht: 0","205866","3","2","5","10","11","3","","0","1","1","0","0"
"POINT (11.555900225000073 48.137465658000053)","Unfall 205867 (2021) Kat:3, Licht: 0","205867","3","3","5","10","09","7","","0","0","1","0","0"
"POINT (11.575062646000049 48.160369651000053)","Unfall 205871 (2021) Kat:2, Licht: 0","205871","2","1","0","10","14","7","","0","1","0","0","0"
"POINT (11.583840198000075 48.155957738000041)","Unfall 205877 (2021) Kat:2, Licht: 0","205877","2","7","3","10","15","4","","0","0","1","0","1"
"POINT (11.631484184000044 48.120773316000054)","Unfall 205899 (2021) Kat:3, Licht: 0","205899","3","7","0","10","16","7","","0","1","0","1","0"
"POINT (11.573441756000022 48.136434046000034)","Unfall 205901 (2021) Kat:3, Licht: 0","205901","3","4","6","10","15","6","","0","0","0","1","0"
"POINT (11.522012473000075 48.176094267000053)","Unfall 205910 (2021) Kat:3, Licht: 0","205910","3","2","5","10","10","2","","0","1","1","0","0"
"POINT (11.577577424000026 48.134998431000042)","Unfall 205918 (2021) Kat:3, Licht: 0","205918","3","1","0","10","15","4","","0","0","1","0","0"
"POINT (11.535096395000039 48.176400075000060)","Unfall 205921 (2021) Kat:3, Licht: 0","205921","3","6","3","10","15","7","","0","0","1","0","0"
"POINT (11.535425171000043 48.153445186000056)","Unfall 205925 (2021) Kat:3, Licht: 0","205925","3","1","1","10","08","5","","0","1","1","0","0"
"POINT (11.524425683000061 48.154701782000075)","Unfall 205929 (2021) Kat:3, Licht: 0","205929","3","3","5","10","10","7","","0","0","1","0","0"
"POINT (11.573661046000041 48.169158494000044)","Unfall 205930 (2021) Kat:3, Licht: 0","205930","3","7","0","10","11","2","","0","1","0","0","0"
"POINT (11.617409252000073 48.124688480000032)","Unfall 205940 (2021) Kat:3, Licht: 0","205940","3","6","5","10","17","3","","0","1","0","0","0"
"POINT (11.573751580000021 48.140015571000049)","Unfall 205942 (2021) Kat:3, Licht: 0","205942","3","2","1","10","15","7","","0","1","1","0","0"
"POINT (11.478310554000075 48.164207137000062)","Unfall 205947 (2021) Kat:3, Licht: 0","205947","3","4","6","10","13","4","","0","1","0","1","0"
"POINT (11.528905515000076 48.099367636000068)","Unfall 205949 (2021) Kat:3, Licht: 0","205949","3","7","0","10","17","7","","0","1","0","0","0"
"POINT (11.524385533000043 48.160689144000060)","Unfall 205950 (2021) Kat:3, Licht: 0","205950","3","2","4","10","09","6","","0","1","1","0","0"
"POINT (11.503070874000059 48.141098749000037)","Unfall 205956 (2021) Kat:3, Licht: 0","205956","3","4","6","10","17","2","","0","0","1","1","0"
"POINT (11.583410740000033 48.133021876000043)","Unfall 205957 (2021) Kat:3, Licht: 0","205957","3","4","6","10","13","4","","0","0","0","1","0"
"POINT (11.534401771000034 48.128641368000046)","Unfall 205975 (2021) Kat:3, Licht: 0","205975","3","6","2","10","08","3","","0","0","1","0","0"
"POINT (11.524354292000055 48.198849899000038)","Unfall 205986 (2021) Kat:3, Licht: 0","205986","3","3","5","11","11","2","","0","1","1","0","0"
"POINT (11.602350869000077 48.123723217000077)","Unfall 205992 (2021) Kat:3, Licht: 0","205992","3","6","1","11","08","2","","0","0","1","0","0"
"POINT (11.519851849000077 48.158623546000058)","Unfall 205995 (2021) Kat:3, Licht: 2","205995","3","5","3","11","20","4","","2","1","1","0","0"
"POINT (11.529371611000045 48.177652181000042)","Unfall 206005 (2021) Kat:3, Licht: 0","206005","3","3","5","11","11","3","","0","1","1","0","0"
"POINT (11.584807461000025 48.158002312000065)","Unfall 206008 (2021) Kat:3, Licht: 2","206008","3","1","1","11","22","4","","2","0","1","0","0"
"POINT (11.567216711000071 48.179378553000049)","Unfall 206010 (2021) Kat:3, Licht: 0","206010","3","3","5","11","15","2","","0","1","1","0","0"
"POINT (11.461358181000037 48.147650498000075)","Unfall 206012 (2021) Kat:3, Licht: 0","206012","3","4","6","11","11","6","","0","1","0","1","0"
"POINT (11.694134852000047 48.131528398000057)","Unfall 206013 (2021) Kat:3, Licht: 2","206013","3","2","4","11","16","7","","2","1","1","0","0"
"POINT (11.634737547000043 48.125806577000048)","Unfall 206032 (2021) Kat:2, Licht: 0","206032","2","7","0","11","08","4","","0","1","0","0","0"
"POINT (11.598862305000068 48.140963255000031)","Unfall 206034 (2021) Kat:3, Licht: 0","206034","3","1","0","11","07","2","","0","1","0","0","0"
"POINT (11.522629852000023 48.180865471000061)","Unfall 206036 (2021) Kat:3, Licht: 0","206036","3","3","5","11","12","7","","0","1","1","0","0"
"POINT (11.612909294000076 48.199384688000066)","Unfall 206046 (2021) Kat:3, Licht: 1","206046","3","6","2","11","18","7","","1","0","1","0","0"
"POINT (11.477018985000029 48.169822113000066)","Unfall 206061 (2021) Kat:3, Licht: 0","206061","3","3","5","11","08","2","","0","0","1","0","0"
"POINT (11.533358660000033 48.133492705000037)","Unfall 206064 (2021) Kat:3, Licht: 1","206064","3","2","4","11","16","1","","1","1","1","0","0"
"POINT (11.508751975000052 48.181489796000051)","Unfall 206065 (2021) Kat:3, Licht: 0","206065","3","3","5","11","16","2","","0","1","1","0","0"
"POINT (11.612779674000024 48.122311140000079)","Unfall 206074 (2021) Kat:3, Licht: 0","206074","3","2","5","11","11","3","","0","1","1","0","0"
"POINT (11.540975877000051 48.124507700000038)","Unfall 206077 (2021) Kat:3, Licht: 0","206077","3","2","5","11","13","4","","0","1","1","0","0"
"POINT (11.443216815000028 48.163828299000045)","Unfall 206079 (2021) Kat:3, Licht: 2","206079","3","7","0","11","17","2","","2","0","0","0","1"
"POINT (11.624882663000051 48.092408166000041)","Unfall 206080 (2021) Kat:3, Licht: 0","206080","3","3","5","11","08","3","","0","1","1","0","0"
"POINT (11.621661936000066 48.125828464000051)","Unfall 206086 (2021) Kat:3, Licht: 0","206086","3","6","2","11","14","3","","0","0","1","0","0"
"POINT (11.490456026000061 48.165361318000066)","Unfall 206087 (2021) Kat:3, Licht: 2","206087","3","7","0","11","03","5","","2","1","0","0","0"
"POINT (11.519828543000074 48.113676588000033)","Unfall 206097 (2021) Kat:3, Licht: 0","206097","3","6","3","11","08","4","","0","0","1","0","0"
"POINT (11.558616872000073 48.136280563000071)","Unfall 206098 (2021) Kat:3, Licht: 2","206098","3","7","6","11","18","7","","2","0","0","1","0"
"POINT (11.541393457000027 48.150971877000075)","Unfall 206100 (2021) Kat:3, Licht: 0","206100","3","3","5","11","14","3","","0","1","0","0","0"
"POINT (11.573388879000049 48.143185251000034)","Unfall 206103 (2021) Kat:3, Licht: 0","206103","3","3","5","11","10","1","","0","0","1","0","0"
"POINT (11.557528971000067 48.139135661000068)","Unfall 206115 (2021) Kat:2, Licht: 2","206115","2","7","0","11","22","2","","2","1","0","0","0"
"POINT (11.557009956000059 48.178736191000041)","Unfall 206118 (2021) Kat:3, Licht: 2","206118","3","1","6","10","19","7","","2","1","0","1","0"
"POINT (11.559717955000053 48.147364226000036)","Unfall 206122 (2021) Kat:3, Licht: 0","206122","3","7","0","11","07","1","","0","0","0","0","1"
"POINT (11.556401908000055 48.124183057000039)","Unfall 206123 (2021) Kat:3, Licht: 2","206123","3","7","0","11","19","2","","2","1","0","0","0"
"POINT (11.552504757000065 48.155211774000065)","Unfall 206124 (2021) Kat:3, Licht: 1","206124","3","3","5","11","06","3","","1","1","1","0","0"
"POINT (11.520690257000069 48.163293590000080)","Unfall 206129 (2021) Kat:3, Licht: 0","206129","3","3","5","11","09","3","","0","1","1","0","0"
"POINT (11.564283812000042 48.200478121000060)","Unfall 206130 (2021) Kat:3, Licht: 2","206130","3","7","3","11","21","6","","2","0","1","0","0"
"POINT (11.544502523000062 48.134691482000051)","Unfall 206132 (2021) Kat:3, Licht: 2","206132","3","7","1","10","04","1","","2","1","1","0","0"
"POINT (11.528683822000062 48.099762394000038)","Unfall 206141 (2021) Kat:3, Licht: 0","206141","3","6","4","11","07","6","","0","0","1","0","0"
"POINT (11.574046233000047 48.132777491000070)","Unfall 206146 (2021) Kat:3, Licht: 0","206146","3","4","6","11","13","3","","0","0","1","1","0"
"POINT (11.643815116000042 48.123938610000039)","Unfall 206147 (2021) Kat:3, Licht: 0","206147","3","2","5","11","08","4","","0","1","1","0","0"
"POINT (11.591950115000031 48.178721727000038)","Unfall 206149 (2021) Kat:3, Licht: 1","206149","3","3","5","11","06","2","","1","0","1","0","0"
"POINT (11.557750253000052 48.150859638000043)","Unfall 206162 (2021) Kat:3, Licht: 0","206162","3","2","3","11","08","5","","0","0","1","0","0"
"POINT (11.558795844000031 48.146625595000046)","Unfall 206172 (2021) Kat:3, Licht: 0","206172","3","6","2","11","13","4","","0","1","1","0","0"
"POINT (11.663426412000035 48.127530882000030)","Unfall 206173 (2021) Kat:3, Licht: 0","206173","3","2","5","11","14","2","","0","1","0","0","0"
"POINT (11.503328568000029 48.188445799000078)","Unfall 206176 (2021) Kat:3, Licht: 0","206176","3","6","2","11","15","7","","0","0","1","0","0"
"POINT (11.508670467000059 48.182845851000081)","Unfall 206177 (2021) Kat:2, Licht: 0","206177","2","6","5","10","10","1","","0","1","1","0","0"
"POINT (11.505775936000077 48.130988371000058)","Unfall 206182 (2021) Kat:3, Licht: 0","206182","3","3","5","11","10","5","","0","1","1","0","0"
"POINT (11.535152843000049 48.140013357000043)","Unfall 206185 (2021) Kat:3, Licht: 0","206185","3","6","1","11","08","2","","0","0","1","0","0"
"POINT (11.643580623000048 48.167896522000035)","Unfall 206191 (2021) Kat:3, Licht: 0","206191","3","4","5","11","11","2","","0","0","1","1","0"
"POINT (11.556352210000057 48.142634841000074)","Unfall 206193 (2021) Kat:3, Licht: 0","206193","3","6","3","11","14","4","","0","1","1","0","0"
"POINT (11.541428842000073 48.125416498000050)","Unfall 206198 (2021) Kat:3, Licht: 2","206198","3","3","5","11","17","5","","2","0","1","0","1"
"POINT (11.526642144000050 48.151716603000068)","Unfall 206200 (2021) Kat:3, Licht: 0","206200","3","2","5","11","08","3","","0","1","1","0","0"
"POINT (11.570260969000060 48.134093061000044)","Unfall 206202 (2021) Kat:3, Licht: 2","206202","3","1","0","11","06","7","","2","1","0","0","0"
"POINT (11.504131855000026 48.167397352000080)","Unfall 206203 (2021) Kat:3, Licht: 0","206203","3","3","5","11","13","2","","0","1","1","0","0"
"POINT (11.529357426000047 48.080760285000053)","Unfall 206207 (2021) Kat:3, Licht: 1","206207","3","7","1","11","17","5","","1","0","1","0","0"
"POINT (11.414260698000021 48.146492770000066)","Unfall 206211 (2021) Kat:3, Licht: 2","206211","3","2","6","11","18","6","","2","0","1","1","0"
"POINT (11.705383662000031 48.112157442000068)","Unfall 206217 (2021) Kat:3, Licht: 0","206217","3","1","0","11","10","2","","0","1","0","0","0"
"POINT (11.475037938000071 48.103970741000069)","Unfall 206218 (2021) Kat:3, Licht: 2","206218","3","1","8","11","02","3","","2","0","1","0","0"
"POINT (11.534209113000031 48.108773862000078)","Unfall 206226 (2021) Kat:3, Licht: 0","206226","3","1","9","11","11","2","","0","0","1","0","0"
"POINT (11.566640490000054 48.184561335000069)","Unfall 206228 (2021) Kat:3, Licht: 2","206228","3","2","3","11","17","6","","2","1","1","0","0"
"POINT (11.672822782000026 48.123924547000058)","Unfall 206235 (2021) Kat:3, Licht: 2","206235","3","6","2","11","18","4","","2","0","1","0","0"
"POINT (11.619129613000041 48.192044722000048)","Unfall 206245 (2021) Kat:3, Licht: 2","206245","3","2","6","11","18","7","","2","0","1","1","0"
"POINT (11.508129427000028 48.094382361000044)","Unfall 206250 (2021) Kat:3, Licht: 2","206250","3","7","6","11","17","7","","2","0","1","1","0"
"POINT (11.606542360000049 48.101065873000039)","Unfall 206256 (2021) Kat:3, Licht: 2","206256","3","3","5","11","19","5","","2","0","1","0","0"
"POINT (11.508887625000057 48.107301897000070)","Unfall 206261 (2021) Kat:3, Licht: 0","206261","3","7","1","11","07","6","","0","0","1","0","0"
"POINT (11.585558173000038 48.159597081000072)","Unfall 206263 (2021) Kat:3, Licht: 0","206263","3","4","6","11","07","4","","0","1","0","1","0"
"POINT (11.592444989000057 48.114984904000039)","Unfall 206268 (2021) Kat:3, Licht: 0","206268","3","3","5","11","14","4","","0","0","1","0","0"
"POINT (11.499331529000074 48.134952752000061)","Unfall 206277 (2021) Kat:2, Licht: 2","206277","2","4","6","11","19","1","","2","0","1","1","0"
"POINT (11.574505334000037 48.163817529000028)","Unfall 206279 (2021) Kat:3, Licht: 1","206279","3","6","1","11","16","3","","1","0","1","0","1"
"POINT (11.561476614000071 48.142002831000070)","Unfall 206287 (2021) Kat:3, Licht: 2","206287","3","6","1","11","04","1","","2","0","1","0","0"
"POINT (11.457007855000029 48.140161116000058)","Unfall 206288 (2021) Kat:3, Licht: 1","206288","3","3","5","11","16","1","","1","0","1","0","0"
"POINT (11.576210172000060 48.133579916000031)","Unfall 206290 (2021) Kat:3, Licht: 0","206290","3","3","5","11","09","3","","0","1","1","0","0"
"POINT (11.529106921000050 48.099930011000026)","Unfall 206291 (2021) Kat:3, Licht: 2","206291","3","2","5","11","20","4","","2","1","1","0","0"
"POINT (11.561598087000050 48.103718378000053)","Unfall 206294 (2021) Kat:3, Licht: 0","206294","3","4","6","11","15","5","","0","0","1","1","0"
"POINT (11.583391896000023 48.132943584000031)","Unfall 206295 (2021) Kat:3, Licht: 0","206295","3","2","5","11","15","4","","0","1","1","0","0"
"POINT (11.605350963000035 48.135550415000068)","Unfall 206303 (2021) Kat:3, Licht: 0","206303","3","6","1","11","14","3","","0","0","1","0","0"
"POINT (11.569290689000070 48.092922326000064)","Unfall 206316 (2021) Kat:3, Licht: 0","206316","3","4","6","11","14","7","","0","1","0","1","0"
"POINT (11.586062041000048 48.161874262000026)","Unfall 206317 (2021) Kat:3, Licht: 2","206317","3","2","3","11","19","2","","2","1","1","0","0"
"POINT (11.665358560000072 48.085469801000045)","Unfall 206320 (2021) Kat:3, Licht: 0","206320","3","7","1","10","15","7","","0","1","1","0","0"
"POINT (11.595925995000073 48.141628788000048)","Unfall 206326 (2021) Kat:3, Licht: 2","206326","3","6","4","11","19","3","","2","1","0","0","0"
"POINT (11.576400766000063 48.119052419000070)","Unfall 206327 (2021) Kat:3, Licht: 0","206327","3","4","6","11","12","6","","0","0","0","1","1"
"POINT (11.560664702000054 48.206942640000079)","Unfall 206333 (2021) Kat:3, Licht: 2","206333","3","1","8","11","20","3","","2","0","1","0","0"
"POINT (11.448889195000049 48.173500065000042)","Unfall 206341 (2021) Kat:3, Licht: 0","206341","3","2","5","11","13","1","","0","1","1","0","0"
"POINT (11.563762864000068 48.153733661000047)","Unfall 206342 (2021) Kat:3, Licht: 0","206342","3","5","1","11","08","2","","0","1","1","0","0"
"POINT (11.680082976000051 48.133040459000028)","Unfall 206363 (2021) Kat:3, Licht: 0","206363","3","6","2","11","08","4","","0","0","1","0","0"
"POINT (11.502478777000022 48.139698372000055)","Unfall 206365 (2021) Kat:3, Licht: 0","206365","3","1","0","11","14","2","","0","1","1","0","0"
"POINT (11.581183278000026 48.124209767000082)","Unfall 206366 (2021) Kat:3, Licht: 0","206366","3","2","3","11","08","5","","0","1","0","0","0"
"POINT (11.563337660000059 48.131930053000076)","Unfall 206375 (2021) Kat:3, Licht: 0","206375","3","6","2","11","14","6","","0","0","1","0","1"
"POINT (11.549816028000066 48.125004237000041)","Unfall 206376 (2021) Kat:3, Licht: 1","206376","3","2","5","11","19","5","","1","1","1","0","0"
"POINT (11.551898565000045 48.124113556000054)","Unfall 206378 (2021) Kat:3, Licht: 0","206378","3","1","0","11","13","2","","0","0","0","0","0"
"POINT (11.496903379000059 48.179335332000051)","Unfall 206380 (2021) Kat:3, Licht: 2","206380","3","3","1","11","17","6","","2","1","1","0","0"
"POINT (11.520187054000075 48.150168794000081)","Unfall 206386 (2021) Kat:3, Licht: 2","206386","3","3","5","11","20","3","","2","0","1","0","0"
"POINT (11.556066859000055 48.128288920000045)","Unfall 206389 (2021) Kat:3, Licht: 0","206389","3","2","5","11","07","2","","0","1","1","0","0"
"POINT (11.587069806000045 48.192681184000037)","Unfall 206391 (2021) Kat:2, Licht: 2","206391","2","1","3","11","22","6","","2","0","1","0","0"
"POINT (11.595030954000038 48.102334734000067)","Unfall 206394 (2021) Kat:3, Licht: 0","206394","3","2","5","11","08","3","","0","1","1","0","0"