WKT,Name,OBJECTID,UKATEGORIE,UTYP1,UART,UMONAT,USTUNDE,UWOCHENTAG,STRZUSTAND,ULICHTVERH,ISTRAD,ISTPKW,ISTFUSS,ISTKRAD
"POINT (11.557629925000072 48.139141831000074)","Unfall 206398 (2021) Kat:3, Licht: 2","206398","3","5","1","11","19","7","","2","1","1","0","0"
"POINT (11.572641293000061 48.121728573000041)","Unfall 206408 (2021) Kat:3, Licht: 0","206408","3","4","6","11","17","2","","0","0","1","1","0"
"POINT (11.556095344000028 48.139232508000077)","Unfall 206412 (2021) Kat:3, Licht: 0","206412","3","7","3","11","11","5","","0","0","0","0","0"
"POINT (11.569243596000035 48.187424897000028)","Unfall 206414 (2021) Kat:3, Licht: 2","206414","3","6","2","11","18","5","","2","0","1","0","0"
"POINT (11.573087002000022 48.123836771000072)","Unfall 206418 (2021) Kat:3, Licht: 0","206418","3","1","0","11","10","2","","0","0","0","0","0"
"POINT (11.578877567000063 48.116032536000034)","Unfall 206419 (2021) Kat:3, Licht: 2","206419","3","7","1","11","18","3","","2","1","1","0","0"
"POINT (11.646093003000033 48.100886550000041)","Unfall 206420 (2021) Kat:3, Licht: 0","206420","3","4","0","11","15","6","","0","0","0","1","0"
"POINT (11.506962264000038 48.139560752000079)","Unfall 206423 (2021) Kat:3, Licht: 0","206423","3","2","5","11","15","5","","0","1","1","0","0"
"POINT (11.584231948000024 48.156783840000060)","Unfall 206426 (2021) Kat:3, Licht: 2","206426","3","1","2","11","21","6","","2","0","1","0","0"
"POINT (11.566570009000031 48.133293030000061)","Unfall 206427 (2021) Kat:3, Licht: 0","206427","3","4","1","11","12","7","","0","0","1","1","0"
"POINT (11.557562548000021 48.134644942000079)","Unfall 206431 (2021) Kat:3, Licht: 0","206431","3","4","6","11","15","4","","0","0","0","1","1"
"POINT (11.570106997000039 48.150776439000026)","Unfall 206433 (2021) Kat:3, Licht: 2","206433","3","7","0","11","23","3","","2","1","0","0","0"
"POINT (11.594525341000065 48.164479811000035)","Unfall 206438 (2021) Kat:3, Licht: 0","206438","3","7","0","11","08","6","","0","0","1","0","0"
"POINT (11.561669544000040 48.167837942000062)","Unfall 206440 (2021) Kat:3, Licht: 0","206440","3","3","0","11","10","1","","0","0","1","0","0"
"POINT (11.523758587000032 48.098082383000076)","Unfall 206441 (2021) Kat:3, Licht: 1","206441","3","6","2","11","16","3","","1","0","1","0","0"
"POINT (11.583541172000025 48.126559212000075)","Unfall 206442 (2021) Kat:3, Licht: 2","206442","3","3","5","11","02","1","","2","0","1","0","0"
"POINT (11.553970468000045 48.154319701000077)","Unfall 206445 (2021) Kat:3, Licht: 2","206445","3","3","5","11","18","4","","2","0","1","0","0"
"POINT (11.558824433000041 48.100178577000065)","Unfall 206447 (2021) Kat:3, Licht: 2","206447","3","3","5","11","05","5","","2","0","1","0","1"
"POINT (11.616253851000067 48.148158647000059)","Unfall 206451 (2021) Kat:3, Licht: 2","206451","3","7","3","11","19","7","","2","0","1","0","0"
"POINT (11.562204818000055 48.125534643000037)","Unfall 206453 (2021) Kat:3, Licht: 2","206453","3","1","0","11","17","2","","2","1","0","0","0"
"POINT (11.454527021000047 48.166113851000034)","Unfall 206454 (2021) Kat:3, Licht: 0","206454","3","6","1","11","09","6","","0","0","1","0","0"
"POINT (11.577788582000039 48.170122384000081)","Unfall 206463 (2021) Kat:3, Licht: 0","206463","3","3","5","11","10","4","","0","0","1","0","0"
"POINT (11.598418928000058 48.140948994000041)","Unfall 206474 (2021) Kat:3, Licht: 0","206474","3","6","3","11","15","6","","0","0","0","0","1"
"POINT (11.525659918000031 48.134859070000061)","Unfall 206479 (2021) Kat:3, Licht: 0","206479","3","3","5","11","16","2","","0","1","1","0","0"
"POINT (11.592186570000024 48.142317085000059)","Unfall 206483 (2021) Kat:3, Licht: 0","206483","3","6","3","11","07","2","","0","1","0","0","0"
"POINT (11.561478528000066 48.142104752000080)","Unfall 206489 (2021) Kat:2, Licht: 2","206489","2","2","6","11","17","1","","2","0","1","1","0"
"POINT (11.515983870000071 48.177365505000068)","Unfall 206490 (2021) Kat:3, Licht: 2","206490","3","7","0","11","04","1","","2","0","0","0","0"
"POINT (11.558456661000037 48.126181849000034)","Unfall 206494 (2021) Kat:3, Licht: 2","206494","3","6","3","11","20","5","","2","1","0","0","0"
"POINT (11.561140775000069 48.139015588000063)","Unfall 206497 (2021) Kat:3, Licht: 0","206497","3","7","6","11","09","2","","0","0","0","1","0"
"POINT (11.609389755000052 48.136314737000077)","Unfall 206505 (2021) Kat:3, Licht: 1","206505","3","2","0","11","16","5","","1","1","1","0","0"
"POINT (11.636630243000070 48.172927026000082)","Unfall 206507 (2021) Kat:3, Licht: 2","206507","3","5","1","11","02","1","","2","0","1","0","0"
"POINT (11.588590511000064 48.141802057000064)","Unfall 206513 (2021) Kat:3, Licht: 0","206513","3","3","5","11","14","3","","0","1","1","0","0"
"POINT (11.471984614000064 48.137010419000035)","Unfall 206517 (2021) Kat:3, Licht: 0","206517","3","6","6","11","14","4","","0","1","0","1","0"
"POINT (11.466511643000047 48.150060092000047)","Unfall 206518 (2021) Kat:3, Licht: 0","206518","3","3","5","11","09","7","","0","0","1","0","0"
"POINT (11.544053577000057 48.126323703000025)","Unfall 206519 (2021) Kat:3, Licht: 0","206519","3","2","0","11","06","2","","0","0","1","0","1"
"POINT (11.467316003000064 48.164644984000063)","Unfall 206520 (2021) Kat:3, Licht: 1","206520","3","2","4","11","07","5","","1","1","1","0","0"
"POINT (11.625061087000063 48.117282266000075)","Unfall 206532 (2021) Kat:3, Licht: 0","206532","3","6","1","11","15","2","","0","0","1","0","0"
"POINT (11.573415230000023 48.120272181000075)","Unfall 206539 (2021) Kat:3, Licht: 0","206539","3","5","0","11","14","1","","0","1","1","0","0"
"POINT (11.460189593000052 48.148985633000052)","Unfall 206540 (2021) Kat:3, Licht: 0","206540","3","7","6","11","14","2","","0","0","1","1","0"
"POINT (11.534045782000021 48.111103447000062)","Unfall 206541 (2021) Kat:3, Licht: 0","206541","3","2","5","11","06","3","","0","1","1","0","0"
"POINT (11.522912555000062 48.115089123000075)","Unfall 206544 (2021) Kat:3, Licht: 0","206544","3","4","6","11","09","4","","0","0","0","1","1"
"POINT (11.565941865000070 48.139626669000052)","Unfall 206548 (2021) Kat:3, Licht: 1","206548","3","4","6","11","16","7","","1","1","0","1","0"
"POINT (11.461352799000053 48.146620970000072)","Unfall 206549 (2021) Kat:3, Licht: 0","206549","3","7","4","10","11","1","","0","0","1","0","0"
"POINT (11.565289726000060 48.156838810000067)","Unfall 206554 (2021) Kat:3, Licht: 0","206554","3","1","1","11","07","5","","0","1","1","0","0"
"POINT (11.559063718000061 48.148423866000030)","Unfall 206561 (2021) Kat:3, Licht: 0","206561","3","7","1","11","13","3","","0","1","1","0","0"
"POINT (11.590752664000036 48.125519358000076)","Unfall 206566 (2021) Kat:3, Licht: 0","206566","3","2","5","11","14","5","","0","1","1","0","0"
"POINT (11.585981954000033 48.143831604000070)","Unfall 206568 (2021) Kat:3, Licht: 0","206568","3","6","0","11","08","5","","0","1","0","0","0"
"POINT (11.540623165000056 48.125303794000047)","Unfall 206575 (2021) Kat:3, Licht: 2","206575","3","2","6","11","22","6","","2","0","1","1","0"
"POINT (11.586032380000063 48.160217622000062)","Unfall 206578 (2021) Kat:3, Licht: 1","206578","3","3","5","11","06","4","","1","1","1","0","0"
"POINT (11.548530102000029 48.122220153000058)","Unfall 206580 (2021) Kat:3, Licht: 0","206580","3","3","5","11","11","2","","0","1","1","0","0"
"POINT (11.592478325000059 48.114895449000073)","Unfall 206582 (2021) Kat:2, Licht: 2","206582","2","4","6","11","05","6","","2","0","1","1","0"
"POINT (11.533644262000053 48.153078378000032)","Unfall 206583 (2021) Kat:2, Licht: 0","206583","2","1","0","11","13","7","","0","1","0","0","0"
"POINT (11.482530621000024 48.116671978000056)","Unfall 206585 (2021) Kat:3, Licht: 0","206585","3","3","5","11","16","4","","0","1","1","0","0"
"POINT (11.549108656000044 48.144683308000026)","Unfall 206588 (2021) Kat:2, Licht: 2","206588","2","2","5","11","05","3","","2","0","1","0","1"
"POINT (11.562131353000041 48.131272166000031)","Unfall 206589 (2021) Kat:3, Licht: 0","206589","3","6","3","11","12","4","","0","1","0","0","0"
"POINT (11.619967114000076 48.197406168000043)","Unfall 206592 (2021) Kat:3, Licht: 2","206592","3","3","5","11","23","2","","2","0","1","0","0"
"POINT (11.586224329000061 48.134474800000078)","Unfall 206597 (2021) Kat:2, Licht: 0","206597","2","2","5","11","09","4","","0","0","1","0","0"
"POINT (11.549319433000051 48.151772045000030)","Unfall 206601 (2021) Kat:3, Licht: 0","206601","3","3","5","11","09","5","","0","1","1","0","0"
"POINT (11.511504566000042 48.161249081000051)","Unfall 206603 (2021) Kat:3, Licht: 0","206603","3","7","0","11","15","2","","0","0","0","0","0"
"POINT (11.490669771000057 48.107646410000029)","Unfall 206606 (2021) Kat:3, Licht: 0","206606","3","7","0","10","07","7","","0","0","0","0","0"
"POINT (11.535376116000066 48.126866135000057)","Unfall 206608 (2021) Kat:3, Licht: 0","206608","3","7","0","11","13","3","","0","1","0","0","0"
"POINT (11.579478931000040 48.160011906000079)","Unfall 206609 (2021) Kat:3, Licht: 2","206609","3","5","4","11","17","2","","2","0","1","0","0"
"POINT (11.546703045000072 48.130576133000034)","Unfall 206618 (2021) Kat:2, Licht: 0","206618","2","7","0","11","14","7","","0","1","0","1","0"
"POINT (11.557743572000049 48.150855074000049)","Unfall 206623 (2021) Kat:3, Licht: 0","206623","3","2","5","11","07","5","","0","1","1","0","0"
"POINT (11.590158221000024 48.176855614000033)","Unfall 206630 (2021) Kat:3, Licht: 1","206630","3","3","5","11","17","6","","1","1","1","0","0"
"POINT (11.524324350000029 48.149124220000033)","Unfall 206639 (2021) Kat:3, Licht: 0","206639","3","6","1","11","14","2","","0","0","1","0","0"
"POINT (11.558045046000075 48.161464877000071)","Unfall 206647 (2021) Kat:3, Licht: 2","206647","3","1","8","11","03","7","","2","0","1","0","0"
"POINT (11.574391170000069 48.129227589000038)","Unfall 206649 (2021) Kat:3, Licht: 0","206649","3","6","2","11","09","5","","0","0","1","0","1"
"POINT (11.502345757000057 48.116237765000051)","Unfall 206651 (2021) Kat:3, Licht: 0","206651","3","2","5","11","14","2","","0","1","1","0","0"
"POINT (11.558353979000060 48.150233503000038)","Unfall 206656 (2021) Kat:3, Licht: 0","206656","3","2","5","11","13","3","","0","0","1","0","0"
"POINT (11.573524254000063 48.151420305000045)","Unfall 206660 (2021) Kat:3, Licht: 2","206660","3","5","1","11","18","7","","2","1","1","0","0"
"POINT (11.581254939000075 48.150077941000063)","Unfall 206667 (2021) Kat:3, Licht: 0","206667","3","2","5","11","14","7","","0","1","1","0","0"
"POINT (11.568755349000071 48.092716152000037)","Unfall 206670 (2021) Kat:3, Licht: 0","206670","3","6","2","11","16","5","","0","0","1","0","0"
"POINT (11.557505738000032 48.117384226000070)","Unfall 206679 (2021) Kat:3, Licht: 0","206679","3","7","5","11","14","4","","0","1","1","0","0"
"POINT (11.531189830000073 48.099873273000071)","Unfall 206685 (2021) Kat:3, Licht: 0","206685","3","2","5","11","12","1","","0","1","1","0","0"
"POINT (11.560489616000041 48.095665656000051)","Unfall 206686 (2021) Kat:3, Licht: 0","206686","3","1","0","11","14","2","","0","1","0","0","0"
"POINT (11.644788377000054 48.115111145000071)","Unfall 206689 (2021) Kat:3, Licht: 2","206689","3","2","4","10","18","7","","2","0","1","0","1"
"POINT (11.529171920000067 48.178510372000062)","Unfall 206693 (2021) Kat:3, Licht: 2","206693","3","2","5","11","17","2","","2","0","1","0","0"
"POINT (11.663875318000066 48.134446729000047)","Unfall 206694 (2021) Kat:3, Licht: 2","206694","3","2","3","11","06","3","","2","1","0","0","0"
"POINT (11.582959407000033 48.138547414000072)","Unfall 206700 (2021) Kat:2, Licht: 0","206700","2","6","3","11","13","2","","0","1","1","0","0"
"POINT (11.548773313000027 48.143464406000078)","Unfall 206701 (2021) Kat:3, Licht: 0","206701","3","3","5","11","09","3","","0","1","0","0","0"
"POINT (11.503269415000034 48.144552562000058)","Unfall 206704 (2021) Kat:3, Licht: 2","206704","3","6","4","10","17","1","","2","1","0","1","0"
"POINT (11.644803866000075 48.131041061000076)","Unfall 206708 (2021) Kat:3, Licht: 2","206708","3","3","3","11","02","3","","2","0","1","0","0"
"POINT (11.503333276000035 48.148211851000042)","Unfall 206715 (2021) Kat:3, Licht: 0","206715","3","4","6","11","16","3","","0","0","1","1","0"
"POINT (11.557172551000065 48.186377083000082)","Unfall 206716 (2021) Kat:3, Licht: 2","206716","3","7","3","11","01","7","","2","0","1","0","0"
"POINT (11.521271031000026 48.187228431000051)","Unfall 206720 (2021) Kat:3, Licht: 0","206720","3","7","0","11","08","3","","0","0","0","0","0"
"POINT (11.494817392000073 48.178062310000030)","Unfall 206729 (2021) Kat:3, Licht: 0","206729","3","2","5","11","10","2","","0","0","1","0","0"
"POINT (11.562494598000058 48.173747778000063)","Unfall 206736 (2021) Kat:2, Licht: 0","206736","2","3","5","10","16","7","","0","0","1","0","1"
"POINT (11.674519438000061 48.125653818000046)","Unfall 206742 (2021) Kat:3, Licht: 2","206742","3","6","2","11","19","3","","2","0","1","0","0"
"POINT (11.561986797000031 48.161129016000075)","Unfall 206748 (2021) Kat:3, Licht: 2","206748","3","2","5","11","22","3","","2","0","1","0","1"
"POINT (11.525491758000044 48.120292507000045)","Unfall 206756 (2021) Kat:2, Licht: 0","206756","2","3","5","11","11","5","","0","0","1","0","0"
"POINT (11.574706791000040 48.145436559000075)","Unfall 206760 (2021) Kat:3, Licht: 0","206760","3","6","0","11","15","6","","0","0","0","0","0"
"POINT (11.712673411000026 48.110896829000069)","Unfall 206775 (2021) Kat:3, Licht: 0","206775","3","3","5","11","09","3","","0","1","1","0","0"
"POINT (11.558298065000031 48.150290078000069)","Unfall 206778 (2021) Kat:3, Licht: 0","206778","3","2","5","11","07","4","","0","1","1","0","0"
"POINT (11.465844943000036 48.147901048000051)","Unfall 206779 (2021) Kat:3, Licht: 0","206779","3","7","0","11","12","7","","0","1","0","0","0"
"POINT (11.561748340000065 48.124980216000040)","Unfall 206780 (2021) Kat:3, Licht: 2","206780","3","2","1","11","06","2","","2","1","0","0","1"
"POINT (11.530588133000037 48.093754876000048)","Unfall 206781 (2021) Kat:3, Licht: 0","206781","3","7","1","11","12","5","","0","0","1","0","0"
"POINT (11.519371380000052 48.093418938000070)","Unfall 206783 (2021) Kat:3, Licht: 0","206783","3","3","5","11","09","5","","0","0","1","0","0"
"POINT (11.596740090000026 48.104457012000069)","Unfall 206790 (2021) Kat:3, Licht: 0","206790","3","3","5","11","14","5","","0","1","1","0","0"
"POINT (11.614072253000074 48.193807895000077)","Unfall 206795 (2021) Kat:3, Licht: 0","206795","3","7","0","11","16","6","","0","1","0","0","0"
"POINT (11.582260527000074 48.119661103000055)","Unfall 206801 (2021) Kat:3, Licht: 0","206801","3","1","0","11","08","3","","0","1","0","0","0"
"POINT (11.564572930000054 48.136336264000079)","Unfall 206804 (2021) Kat:3, Licht: 0","206804","3","3","0","11","14","2","","0","1","0","1","0"
"POINT (11.620079153000063 48.153800385000068)","Unfall 206809 (2021) Kat:3, Licht: 0","206809","3","2","0","11","08","3","","0","1","1","0","0"
"POINT (11.577551858000049 48.141146033000041)","Unfall 206812 (2021) Kat:3, Licht: 1","206812","3","4","6","11","15","3","","1","1","0","1","0"
"POINT (11.575683646000073 48.157648106000067)","Unfall 206813 (2021) Kat:3, Licht: 2","206813","3","2","4","11","19","7","","2","0","1","0","1"
"POINT (11.573397187000069 48.120279524000068)","Unfall 206814 (2021) Kat:3, Licht: 2","206814","3","1","1","11","17","5","","2","1","1","0","0"
"POINT (11.654838180000070 48.134497745000033)","Unfall 206816 (2021) Kat:3, Licht: 0","206816","3","6","4","11","16","5","","0","0","1","0","0"
"POINT (11.564674924000030 48.187116538000055)","Unfall 206820 (2021) Kat:3, Licht: 0","206820","3","4","6","11","12","7","","0","1","0","1","0"
"POINT (11.584364450000066 48.143916288000071)","Unfall 206822 (2021) Kat:3, Licht: 0","206822","3","2","2","11","09","6","","0","0","1","0","1"
"POINT (11.562745453000048 48.144168861000026)","Unfall 206824 (2021) Kat:3, Licht: 0","206824","3","7","0","11","10","4","","0","0","0","0","0"
"POINT (11.663507837000054 48.108595585000046)","Unfall 206825 (2021) Kat:3, Licht: 0","206825","3","3","6","11","14","5","","0","0","1","1","0"
"POINT (11.572695955000029 48.115298631000030)","Unfall 206826 (2021) Kat:3, Licht: 1","206826","3","3","5","11","07","2","","1","0","1","0","1"
"POINT (11.532943326000066 48.116886607000026)","Unfall 206832 (2021) Kat:3, Licht: 0","206832","3","6","3","11","16","3","","0","1","0","0","0"
"POINT (11.502605231000075 48.125773976000062)","Unfall 206842 (2021) Kat:3, Licht: 2","206842","3","2","5","11","19","6","","2","1","1","1","0"
"POINT (11.503608772000064 48.081999903000053)","Unfall 206848 (2021) Kat:3, Licht: 0","206848","3","2","4","11","15","3","","0","0","1","0","0"
"POINT (11.588722241000028 48.140559244000031)","Unfall 206849 (2021) Kat:3, Licht: 0","206849","3","1","0","11","11","4","","0","1","0","0","0"
"POINT (11.532578328000056 48.105785751000042)","Unfall 206851 (2021) Kat:3, Licht: 2","206851","3","7","5","11","17","2","","2","1","0","0","0"
"POINT (11.552932967000061 48.155024430000026)","Unfall 206859 (2021) Kat:3, Licht: 0","206859","3","7","6","11","14","3","","0","1","0","1","0"
"POINT (11.457238237000070 48.165785225000036)","Unfall 206860 (2021) Kat:3, Licht: 2","206860","3","3","4","11","20","7","","2","1","1","0","0"
"POINT (11.590099909000060 48.164076938000051)","Unfall 206867 (2021) Kat:3, Licht: 2","206867","3","3","5","11","18","7","","2","1","1","0","0"
"POINT (11.576508603000036 48.143538371000034)","Unfall 206871 (2021) Kat:3, Licht: 2","206871","3","7","7","11","23","5","","2","1","0","0","0"
"POINT (11.557984593000072 48.145570904000067)","Unfall 206878 (2021) Kat:3, Licht: 0","206878","3","2","4","11","15","6","","0","0","1","0","0"
"POINT (11.536527910000075 48.081473706000054)","Unfall 206879 (2021) Kat:3, Licht: 0","206879","3","6","2","10","15","1","","0","1","1","0","0"
"POINT (11.557164290000060 48.143608993000043)","Unfall 206880 (2021) Kat:3, Licht: 1","206880","3","2","5","11","16","4","","1","1","0","0","0"
"POINT (11.539052257000037 48.164917581000054)","Unfall 206882 (2021) Kat:2, Licht: 2","206882","2","4","6","11","17","3","","2","0","1","1","0"
"POINT (11.585552249000045 48.159201378000034)","Unfall 206889 (2021) Kat:3, Licht: 0","206889","3","3","5","10","17","7","","0","1","1","0","0"
"POINT (11.562362976000031 48.131331532000047)","Unfall 206890 (2021) Kat:3, Licht: 0","206890","3","2","3","11","11","1","","0","1","0","0","0"
"POINT (11.582522711000024 48.126930908000077)","Unfall 206896 (2021) Kat:2, Licht: 0","206896","2","3","5","11","10","2","","0","0","0","0","1"
"POINT (11.555938260000062 48.139747879000026)","Unfall 206899 (2021) Kat:2, Licht: 0","206899","2","4","6","11","16","4","","0","1","0","1","0"
"POINT (11.578877567000063 48.116032536000034)","Unfall 206902 (2021) Kat:3, Licht: 0","206902","3","2","6","11","16","6","","0","0","1","1","0"
"POINT (11.584884241000054 48.132304030000057)","Unfall 206907 (2021) Kat:3, Licht: 2","206907","3","7","4","11","21","1","","2","0","1","0","0"
"POINT (11.567821445000050 48.162388611000040)","Unfall 206914 (2021) Kat:3, Licht: 0","206914","3","3","5","11","14","4","","0","0","1","0","0"
"POINT (11.543068340000048 48.186194458000045)","Unfall 206919 (2021) Kat:3, Licht: 2","206919","3","1","8","11","23","2","","2","0","1","0","0"
"POINT (11.558920555000043 48.143019817000038)","Unfall 206922 (2021) Kat:3, Licht: 0","206922","3","7","0","11","10","3","","0","0","1","0","1"
"POINT (11.570115656000041 48.209716395000044)","Unfall 206936 (2021) Kat:3, Licht: 0","206936","3","3","5","11","09","2","","0","0","1","0","0"
"POINT (11.571379305000050 48.141663526000059)","Unfall 206939 (2021) Kat:3, Licht: 1","206939","3","7","5","11","06","1","","1","1","1","0","0"
"POINT (11.484292774000039 48.136942169000065)","Unfall 206947 (2021) Kat:3, Licht: 0","206947","3","3","5","11","14","6","","0","1","1","0","0"
"POINT (11.476749472000051 48.113573414000030)","Unfall 206956 (2021) Kat:3, Licht: 1","206956","3","6","3","11","16","4","","1","0","1","0","0"
"POINT (11.534200262000070 48.124107961000050)","Unfall 206963 (2021) Kat:3, Licht: 0","206963","3","4","6","11","08","5","","0","0","1","1","0"
"POINT (11.543681052000068 48.162056760000041)","Unfall 206964 (2021) Kat:3, Licht: 0","206964","3","6","3","11","12","4","","0","0","1","0","0"
"POINT (11.604935423000029 48.147711766000043)","Unfall 206966 (2021) Kat:3, Licht: 2","206966","3","1","0","11","17","2","","2","0","0","0","1"
"POINT (11.613230983000051 48.123336149000068)","Unfall 206974 (2021) Kat:3, Licht: 2","206974","3","3","5","11","19","5","","2","0","1","0","0"
"POINT (11.561750222000057 48.125143060000028)","Unfall 206983 (2021) Kat:3, Licht: 0","206983","3","4","6","11","07","2","","0","0","1","1","0"
"POINT (11.585732363000034 48.133020877000035)","Unfall 206984 (2021) Kat:3, Licht: 0","206984","3","1","0","11","09","3","","0","1","0","0","0"
"POINT (11.516898127000047 48.151142558000060)","Unfall 206987 (2021) Kat:3, Licht: 0","206987","3","6","2","11","08","2","","0","0","1","0","0"
"POINT (11.594804256000032 48.102106244000026)","Unfall 206996 (2021) Kat:3, Licht: 0","206996","3","3","9","11","08","6","","0","0","1","0","0"
"POINT (11.588260440000056 48.100530753000044)","Unfall 206997 (2021) Kat:3, Licht: 0","206997","3","3","5","11","13","5","","0","1","1","0","0"
"POINT (11.418307082000069 48.158616492000078)","Unfall 207001 (2021) Kat:2, Licht: 0","207001","2","4","6","11","16","6","","0","0","1","1","0"
"POINT (11.448466646000043 48.146162531000073)","Unfall 207002 (2021) Kat:3, Licht: 2","207002","3","3","5","11","23","7","","2","1","1","0","0"
"POINT (11.564255968000055 48.151120365000054)","Unfall 207010 (2021) Kat:3, Licht: 2","207010","3","7","5","11","02","6","","2","0","1","0","0"
"POINT (11.584585258000061 48.157214389000046)","Unfall 207011 (2021) Kat:3, Licht: 0","207011","3","2","0","10","13","7","","0","0","0","0","0"
"POINT (11.591940778000037 48.115593640000043)","Unfall 207013 (2021) Kat:3, Licht: 1","207013","3","7","2","11","17","3","","1","0","1","0","0"
"POINT (11.578656437000063 48.114155820000065)","Unfall 207018 (2021) Kat:3, Licht: 2","207018","3","2","0","11","16","6","","2","0","1","0","0"
"POINT (11.561190042000021 48.141668214000049)","Unfall 207025 (2021) Kat:3, Licht: 1","207025","3","5","6","12","16","5","","1","0","1","1","0"
"POINT (11.613103318000071 48.138282766000032)","Unfall 207038 (2021) Kat:3, Licht: 2","207038","3","3","5","12","17","3","","2","0","1","0","0"
"POINT (11.506906249000053 48.098642122000058)","Unfall 207044 (2021) Kat:3, Licht: 2","207044","3","3","5","11","22","2","","2","1","1","0","0"
"POINT (11.503031949000047 48.135377934000076)","Unfall 207056 (2021) Kat:3, Licht: 0","207056","3","2","4","11","16","5","","0","0","1","0","0"
"POINT (11.586035361000029 48.169476686000053)","Unfall 207059 (2021) Kat:3, Licht: 2","207059","3","7","4","12","17","6","","2","0","1","0","0"
"POINT (11.556286576000048 48.142065177000063)","Unfall 207065 (2021) Kat:3, Licht: 2","207065","3","2","4","11","20","5","","2","0","1","0","0"
"POINT (11.543677967000065 48.157339661000037)","Unfall 207069 (2021) Kat:3, Licht: 0","207069","3","3","5","11","07","2","","0","1","1","0","0"
"POINT (11.609510035000028 48.095744436000075)","Unfall 207071 (2021) Kat:3, Licht: 2","207071","3","1","8","12","05","3","","2","0","1","0","0"
"POINT (11.558534695000048 48.156752561000076)","Unfall 207073 (2021) Kat:3, Licht: 2","207073","3","3","5","12","02","1","","2","0","1","0","0"
"POINT (11.534161953000023 48.137938908000081)","Unfall 207075 (2021) Kat:3, Licht: 0","207075","3","7","0","12","11","4","","0","1","0","0","0"
"POINT (11.558377314000040 48.149994522000043)","Unfall 207091 (2021) Kat:3, Licht: 2","207091","3","6","2","12","17","2","","2","0","1","0","0"
"POINT (11.583823454000026 48.178538067000034)","Unfall 207095 (2021) Kat:3, Licht: 0","207095","3","7","6","11","14","3","","0","1","0","1","0"
"POINT (11.581262100000060 48.166292664000025)","Unfall 207099 (2021) Kat:3, Licht: 0","207099","3","3","5","12","10","7","","0","1","1","0","0"
"POINT (11.608069384000032 48.138917210000045)","Unfall 207102 (2021) Kat:3, Licht: 0","207102","3","6","2","11","08","7","","0","0","1","0","0"
"POINT (11.584160662000045 48.144137273000069)","Unfall 207103 (2021) Kat:3, Licht: 2","207103","3","3","5","12","16","1","","2","1","1","0","0"
"POINT (11.563224836000074 48.159792527000036)","Unfall 207109 (2021) Kat:3, Licht: 0","207109","3","2","3","12","10","2","","0","1","0","0","0"
"POINT (11.547493778000046 48.159311393000053)","Unfall 207118 (2021) Kat:3, Licht: 1","207118","3","2","3","12","07","2","","1","1","1","0","0"
"POINT (11.614190425000061 48.128638631000058)","Unfall 207125 (2021) Kat:3, Licht: 2","207125","3","3","5","12","17","7","","2","0","1","0","0"
"POINT (11.496740415000033 48.143249446000027)","Unfall 207126 (2021) Kat:3, Licht: 2","207126","3","7","0","12","20","2","","2","1","0","0","0"
"POINT (11.572848280000073 48.120502909000038)","Unfall 207130 (2021) Kat:3, Licht: 0","207130","3","7","0","12","13","6","","0","0","1","0","0"
"POINT (11.590212440000073 48.166649974000052)","Unfall 207135 (2021) Kat:3, Licht: 0","207135","3","2","5","12","08","3","","0","0","1","0","0"
"POINT (11.604394458000058 48.128573493000033)","Unfall 207140 (2021) Kat:3, Licht: 2","207140","3","3","5","12","18","6","","2","0","1","0","0"
"POINT (11.503013643000031 48.092948338000042)","Unfall 207143 (2021) Kat:3, Licht: 0","207143","3","3","5","11","11","2","","0","0","1","0","0"
"POINT (11.544061451000061 48.133836310000049)","Unfall 207144 (2021) Kat:3, Licht: 0","207144","3","4","0","12","10","7","","0","0","0","1","1"
"POINT (11.572649085000023 48.177830996000068)","Unfall 207147 (2021) Kat:3, Licht: 2","207147","3","3","5","11","16","3","","2","1","1","0","0"
"POINT (11.615776263000043 48.130119349000040)","Unfall 207152 (2021) Kat:3, Licht: 1","207152","3","7","4","11","17","5","","1","0","0","0","0"
"POINT (11.555926683000052 48.214628855000058)","Unfall 207168 (2021) Kat:3, Licht: 2","207168","3","1","9","12","21","1","","2","0","1","0","0"
"POINT (11.568903634000037 48.187318417000029)","Unfall 207171 (2021) Kat:3, Licht: 2","207171","3","7","1","12","19","7","","2","0","1","0","0"
"POINT (11.505321729000059 48.135337141000036)","Unfall 207175 (2021) Kat:2, Licht: 2","207175","2","7","0","12","01","7","","2","0","0","0","0"
"POINT (11.656474971000023 48.121662147000052)","Unfall 207176 (2021) Kat:3, Licht: 2","207176","3","3","5","12","17","2","","2","1","1","0","0"
"POINT (11.611119319000068 48.117539959000055)","Unfall 207177 (2021) Kat:3, Licht: 2","207177","3","3","5","11","06","6","","2","1","1","0","0"
"POINT (11.573163813000065 48.173284218000049)","Unfall 207181 (2021) Kat:3, Licht: 2","207181","3","1","0","12","18","6","","2","0","0","0","0"
"POINT (11.434345250000035 48.149407282000027)","Unfall 207183 (2021) Kat:3, Licht: 2","207183","3","4","6","12","18","4","","2","0","1","1","0"