WKT,Name,OBJECTID,UKATEGORIE,UTYP1,UART,UMONAT,USTUNDE,UWOCHENTAG,STRZUSTAND,ULICHTVERH,ISTRAD,ISTPKW,ISTFUSS,ISTKRAD
"POINT (11.485340645000065 48.086912766000069)","Unfall 208391 (2021) Kat:3, Licht: 1","208391","3","6","2","12","07","4","","1","0","1","0","0"
"POINT (11.508359056000074 48.170920364000040)","Unfall 208408 (2021) Kat:3, Licht: 0","208408","3","3","5","12","15","3","","0","0","1","0","0"
"POINT (11.534286012000052 48.192751789000056)","Unfall 208463 (2021) Kat:3, Licht: 2","208463","3","3","5","12","23","3","","2","0","1","0","1"
"POINT (11.568125108000061 48.133814261000055)","Unfall 208475 (2021) Kat:3, Licht: 1","208475","3","4","6","12","16","2","","1","0","1","1","0"
"POINT (11.517221127000028 48.113438194000025)","Unfall 208480 (2021) Kat:2, Licht: 1","208480","2","2","3","12","16","5","","1","0","1","0","0"
"POINT (11.493704686000058 48.136066285000027)","Unfall 208529 (2021) Kat:3, Licht: 2","208529","3","1","1","12","00","7","","2","0","1","0","0"
"POINT (11.629390773000068 48.153308628000048)","Unfall 208554 (2021) Kat:2, Licht: 2","208554","2","4","6","12","20","7","","2","0","1","1","0"
"POINT (11.535189758000058 48.116914562000034)","Unfall 208563 (2021) Kat:3, Licht: 2","208563","3","6","2","12","17","4","","2","0","1","0","0"
"POINT (11.632595308000077 48.133135070000037)","Unfall 208566 (2021) Kat:3, Licht: 0","208566","3","2","6","12","13","5","","0","0","1","1","0"
"POINT (11.505333332000077 48.105505397000059)","Unfall 208592 (2021) Kat:3, Licht: 0","208592","3","3","5","12","15","5","","0","0","1","0","0"
"POINT (11.463654756000039 48.152640762000033)","Unfall 208646 (2021) Kat:3, Licht: 1","208646","3","7","4","12","16","3","","1","1","0","0","0"
"POINT (11.596569361000036 48.106348163000064)","Unfall 208703 (2021) Kat:3, Licht: 0","208703","3","6","2","12","10","2","","0","0","1","0","0"
"POINT (11.519140397000058 48.094571129000030)","Unfall 208714 (2021) Kat:3, Licht: 0","208714","3","6","1","12","15","4","","0","0","1","0","0"
"POINT (11.629217083000071 48.153533733000074)","Unfall 208759 (2021) Kat:3, Licht: 2","208759","3","2","6","12","19","4","","2","0","1","1","0"
"POINT (11.605031494000059 48.120534695000060)","Unfall 208768 (2021) Kat:3, Licht: 2","208768","3","7","5","12","18","3","","2","0","1","0","0"
"POINT (11.571678922000046 48.113190505000034)","Unfall 208784 (2021) Kat:3, Licht: 2","208784","3","6","2","12","18","3","","2","0","1","0","0"
"POINT (11.403671371000030 48.141940509000051)","Unfall 208790 (2021) Kat:3, Licht: 2","208790","3","1","1","12","02","2","","2","0","1","0","0"
"POINT (11.568170474000055 48.152476196000066)","Unfall 208817 (2021) Kat:3, Licht: 2","208817","3","2","5","12","06","3","","2","1","1","0","0"
"POINT (11.533602244000065 48.116766016000042)","Unfall 208842 (2021) Kat:3, Licht: 0","208842","3","6","1","12","13","7","","0","0","1","0","0"
"POINT (11.596833942000046 48.192805823000072)","Unfall 208857 (2021) Kat:3, Licht: 2","208857","3","3","5","12","16","5","","2","1","1","0","0"
"POINT (11.576356941000029 48.134236920000035)","Unfall 208868 (2021) Kat:3, Licht: 0","208868","3","5","1","12","10","5","","0","1","1","0","0"
"POINT (11.535697109000068 48.184455801000070)","Unfall 208869 (2021) Kat:3, Licht: 2","208869","3","3","5","12","18","3","","2","0","1","0","0"
"POINT (11.518216761000076 48.077372835000062)","Unfall 208892 (2021) Kat:3, Licht: 2","208892","3","6","1","12","17","4","","2","1","1","0","0"
"POINT (11.611011407000035 48.119035335000035)","Unfall 208929 (2021) Kat:3, Licht: 1","208929","3","7","5","12","16","6","","1","0","1","0","0"
"POINT (11.576297455000031 48.127916680000055)","Unfall 208945 (2021) Kat:3, Licht: 0","208945","3","6","3","12","12","4","","0","0","1","0","1"
"POINT (11.552517972000032 48.134819011000047)","Unfall 208990 (2021) Kat:3, Licht: 0","208990","3","2","3","12","11","6","","0","1","1","0","0"
"POINT (11.588451170000042 48.115300876000049)","Unfall 209000 (2021) Kat:2, Licht: 2","209000","2","2","5","12","17","6","","2","0","1","0","0"
"POINT (11.529700314000024 48.157240838000064)","Unfall 209021 (2021) Kat:3, Licht: 0","209021","3","2","5","12","09","4","","0","1","1","0","0"
"POINT (11.492178956000032 48.129558287000066)","Unfall 209026 (2021) Kat:3, Licht: 0","209026","3","6","5","12","14","5","","0","0","1","0","1"
"POINT (11.586429283000029 48.143255065000062)","Unfall 209027 (2021) Kat:3, Licht: 0","209027","3","5","0","12","10","4","","0","1","1","0","0"
"POINT (11.636686084000075 48.100599201000080)","Unfall 209043 (2021) Kat:3, Licht: 2","209043","3","4","6","12","18","4","","2","0","0","1","0"
"POINT (11.520505500000070 48.146515749000059)","Unfall 209058 (2021) Kat:3, Licht: 2","209058","3","2","3","12","19","3","","2","1","1","0","0"
"POINT (11.512233314000071 48.115205671000069)","Unfall 209079 (2021) Kat:3, Licht: 0","209079","3","3","5","12","09","4","","0","1","1","0","0"
"POINT (11.502574715000037 48.135403760000031)","Unfall 209117 (2021) Kat:3, Licht: 0","209117","3","4","6","12","11","2","","0","0","1","1","0"
"POINT (11.609963083000025 48.132453735000070)","Unfall 209128 (2021) Kat:3, Licht: 0","209128","3","4","6","12","14","4","","0","0","1","1","0"
"POINT (11.555897436000066 48.137384774000054)","Unfall 209170 (2021) Kat:3, Licht: 2","209170","3","3","6","12","16","4","","2","0","1","1","0"
"POINT (11.426726792000068 48.160579114000029)","Unfall 209187 (2021) Kat:2, Licht: 2","209187","2","3","5","12","07","4","","2","1","1","0","0"
"POINT (11.565850713000032 48.134333409000078)","Unfall 209216 (2021) Kat:3, Licht: 2","209216","3","7","2","12","02","1","","2","0","1","0","0"
"POINT (11.541721499000062 48.133760115000030)","Unfall 209221 (2021) Kat:3, Licht: 2","209221","3","4","6","12","21","6","","2","0","1","1","0"
"POINT (11.545503589000077 48.082848976000037)","Unfall 236719 (2021) Kat:3, Licht: 0","236719","3","1","0","01","09","4","","0","1","0","0","0"
"POINT (11.548778428000048 48.128042256000072)","Unfall 236721 (2021) Kat:3, Licht: 2","236721","3","1","0","01","17","4","","2","1","0","0","0"
"POINT (11.573363619000077 48.111408594000068)","Unfall 236722 (2021) Kat:3, Licht: 0","236722","3","1","0","01","08","4","","0","1","0","0","0"
"POINT (11.482357425000032 48.155458671000076)","Unfall 236740 (2021) Kat:3, Licht: 0","236740","3","1","0","02","07","5","","0","1","0","0","0"
"POINT (11.560621153000056 48.108133129000066)","Unfall 236743 (2021) Kat:3, Licht: 0","236743","3","7","7","02","08","5","","0","1","0","1","0"
"POINT (11.485599017000027 48.160274828000070)","Unfall 236745 (2021) Kat:3, Licht: 0","236745","3","7","0","02","17","4","","0","1","0","1","0"
"POINT (11.522373923000032 48.122504083000081)","Unfall 236772 (2021) Kat:3, Licht: 0","236772","3","7","0","02","13","6","","0","1","0","0","0"
"POINT (11.547517136000067 48.128122536000035)","Unfall 236782 (2021) Kat:3, Licht: 0","236782","3","1","0","03","17","2","","0","1","0","0","0"
"POINT (11.585736438000026 48.131779209000058)","Unfall 236788 (2021) Kat:3, Licht: 0","236788","3","2","5","03","16","5","","0","1","1","0","0"
"POINT (11.482772068000031 48.124267177000036)","Unfall 236791 (2021) Kat:3, Licht: 0","236791","3","7","0","03","15","7","","0","1","0","0","0"
"POINT (11.625295072000029 48.144667214000037)","Unfall 236796 (2021) Kat:3, Licht: 0","236796","3","1","0","03","12","6","","0","1","0","0","0"
"POINT (11.418922480000049 48.194358515000033)","Unfall 236815 (2021) Kat:2, Licht: 0","236815","2","6","4","03","17","5","","0","1","0","1","0"
"POINT (11.542491537000046 48.177550326000073)","Unfall 236820 (2021) Kat:3, Licht: 2","236820","3","1","0","03","23","6","","2","1","0","0","0"
"POINT (11.459403011000063 48.169988689000036)","Unfall 236825 (2021) Kat:3, Licht: 0","236825","3","6","0","03","13","1","","0","1","0","0","0"
"POINT (11.593051613000057 48.136857386000031)","Unfall 236839 (2021) Kat:3, Licht: 2","236839","3","1","0","03","20","3","","2","1","0","0","0"
"POINT (11.518781178000040 48.122440125000026)","Unfall 236840 (2021) Kat:3, Licht: 2","236840","3","7","0","03","20","3","","2","1","0","0","0"
"POINT (11.573201238000024 48.201077649000069)","Unfall 236856 (2021) Kat:3, Licht: 0","236856","3","7","0","04","15","5","","0","1","0","0","0"
"POINT (11.563990644000057 48.119281597000054)","Unfall 236864 (2021) Kat:2, Licht: 0","236864","2","7","0","04","18","1","","0","1","0","0","0"
"POINT (11.574688409000032 48.125163743000030)","Unfall 236865 (2021) Kat:3, Licht: 0","236865","3","7","0","04","15","2","","0","1","0","1","0"
"POINT (11.634040213000048 48.101577206000059)","Unfall 236866 (2021) Kat:3, Licht: 0","236866","3","1","0","04","16","2","","0","1","0","0","0"
"POINT (11.404097182000044 48.134759360000032)","Unfall 236887 (2021) Kat:3, Licht: 1","236887","3","7","0","04","20","1","","1","1","0","1","0"
"POINT (11.534256059000029 48.093221422000056)","Unfall 236890 (2021) Kat:3, Licht: 0","236890","3","7","6","04","18","6","","0","1","0","1","0"
"POINT (11.602106981000077 48.204102520000049)","Unfall 236897 (2021) Kat:2, Licht: 2","236897","2","7","0","04","05","2","","2","1","0","0","0"
"POINT (11.508982245000027 48.159100537000029)","Unfall 236916 (2021) Kat:3, Licht: 0","236916","3","7","0","04","08","7","","0","1","0","1","0"
"POINT (11.558608696000022 48.164515199000050)","Unfall 236917 (2021) Kat:3, Licht: 1","236917","3","6","3","04","20","7","","1","1","0","0","0"
"POINT (11.588299743000050 48.143611927000052)","Unfall 236926 (2021) Kat:3, Licht: 0","236926","3","1","0","04","19","1","","0","1","0","0","0"
"POINT (11.589363518000027 48.098906874000079)","Unfall 236927 (2021) Kat:3, Licht: 0","236927","3","1","7","04","14","1","","0","1","0","0","0"
"POINT (11.547518281000066 48.086268111000038)","Unfall 236934 (2021) Kat:3, Licht: 0","236934","3","6","4","04","18","3","","0","1","0","0","0"
"POINT (11.665915414000040 48.103878861000055)","Unfall 236936 (2021) Kat:3, Licht: 0","236936","3","7","0","04","18","4","","0","1","0","1","0"
"POINT (11.543953440000053 48.133152490000043)","Unfall 236944 (2021) Kat:3, Licht: 0","236944","3","3","5","04","17","6","","0","1","0","0","0"
"POINT (11.407405131000075 48.176568483000040)","Unfall 236947 (2021) Kat:3, Licht: 0","236947","3","7","0","04","17","6","","0","1","0","0","0"
"POINT (11.575592190000066 48.185637984000039)","Unfall 236964 (2021) Kat:3, Licht: 0","236964","3","2","3","05","11","7","","0","1","0","0","0"
"POINT (11.617395096000052 48.184422794000056)","Unfall 236978 (2021) Kat:3, Licht: 0","236978","3","6","4","05","14","1","","0","1","0","0","0"
"POINT (11.551143018000062 48.098721639000075)","Unfall 236979 (2021) Kat:3, Licht: 1","236979","3","7","0","05","20","1","","1","1","0","0","0"
"POINT (11.598749956000063 48.100958512000034)","Unfall 236992 (2021) Kat:3, Licht: 0","236992","3","7","0","05","07","4","","0","1","0","0","0"
"POINT (11.593352239000069 48.137394443000062)","Unfall 237001 (2021) Kat:3, Licht: 1","237001","3","1","0","05","20","6","","1","1","0","0","0"
"POINT (11.593358927000054 48.137390564000043)","Unfall 237002 (2021) Kat:3, Licht: 1","237002","3","1","0","05","20","6","","1","1","0","0","0"
"POINT (11.624331240000060 48.178952317000039)","Unfall 237007 (2021) Kat:2, Licht: 0","237007","2","7","0","05","16","7","","0","1","0","1","0"
"POINT (11.569284882000034 48.173783853000032)","Unfall 237013 (2021) Kat:3, Licht: 0","237013","3","7","0","05","18","5","","0","1","0","1","0"
"POINT (11.542320722000056 48.122338748000061)","Unfall 237016 (2021) Kat:2, Licht: 0","237016","2","6","4","05","17","6","","0","1","0","0","0"
"POINT (11.572325163000073 48.109819418000029)","Unfall 237021 (2021) Kat:3, Licht: 0","237021","3","1","0","05","19","7","","0","1","0","0","0"
"POINT (11.624280586000054 48.178481341000065)","Unfall 237034 (2021) Kat:3, Licht: 0","237034","3","7","0","05","11","2","","0","1","0","1","0"
"POINT (11.510138378000022 48.124073506000059)","Unfall 237045 (2021) Kat:3, Licht: 0","237045","3","7","8","05","16","7","","0","1","0","0","0"
"POINT (11.572411633000058 48.111171618000071)","Unfall 237056 (2021) Kat:3, Licht: 0","237056","3","6","0","05","11","1","","0","1","0","0","0"
"POINT (11.687499109000044 48.130784228000039)","Unfall 237057 (2021) Kat:3, Licht: 0","237057","3","6","0","05","14","1","","0","1","0","1","0"
"POINT (11.566524201000050 48.120839812000042)","Unfall 237068 (2021) Kat:3, Licht: 0","237068","3","4","6","05","18","2","","0","1","0","1","0"
"POINT (11.560686038000028 48.113293318000046)","Unfall 237087 (2021) Kat:3, Licht: 0","237087","3","1","0","06","17","4","","0","1","0","0","0"
"POINT (11.590170311000065 48.134266275000073)","Unfall 237088 (2021) Kat:3, Licht: 0","237088","3","1","0","06","08","4","","0","1","0","1","0"
"POINT (11.553108243000054 48.103821956000047)","Unfall 237101 (2021) Kat:3, Licht: 0","237101","3","1","0","06","16","5","","0","1","0","0","0"
"POINT (11.509930112000063 48.149971080000057)","Unfall 237117 (2021) Kat:3, Licht: 0","237117","3","7","0","06","12","7","","0","1","0","0","0"
"POINT (11.573088472000052 48.177686626000082)","Unfall 237126 (2021) Kat:3, Licht: 0","237126","3","7","5","06","06","2","","0","1","1","0","0"
"POINT (11.527237684000056 48.165196799000057)","Unfall 237128 (2021) Kat:2, Licht: 1","237128","2","6","6","06","20","3","","1","1","0","1","0"
"POINT (11.538473649000025 48.183316915000034)","Unfall 237143 (2021) Kat:3, Licht: 0","237143","3","7","0","06","13","6","","0","1","0","0","0"
"POINT (11.662598654000021 48.123669264000057)","Unfall 237154 (2021) Kat:2, Licht: 0","237154","2","6","6","06","17","7","","0","1","0","1","0"
"POINT (11.571344084000032 48.110494279000079)","Unfall 237172 (2021) Kat:3, Licht: 0","237172","3","1","0","06","15","1","","0","1","0","0","0"
"POINT (11.630372760000057 48.103854003000038)","Unfall 237187 (2021) Kat:3, Licht: 0","237187","3","7","0","06","16","2","","0","1","0","1","0"
"POINT (11.591978259000030 48.150735074000067)","Unfall 237192 (2021) Kat:3, Licht: 0","237192","3","1","0","06","10","3","","0","1","0","0","0"
"POINT (11.538390642000024 48.168093312000053)","Unfall 237193 (2021) Kat:3, Licht: 0","237193","3","6","4","06","07","3","","0","1","0","0","0"
"POINT (11.511129259000029 48.147657558000049)","Unfall 237201 (2021) Kat:3, Licht: 0","237201","3","4","0","06","13","4","","0","1","0","1","0"
"POINT (11.519159742000056 48.122469077000062)","Unfall 237239 (2021) Kat:3, Licht: 0","237239","3","1","0","06","16","1","","0","1","0","0","0"
"POINT (11.482015282000077 48.094511688000068)","Unfall 237247 (2021) Kat:3, Licht: 0","237247","3","6","4","06","13","2","","0","1","0","0","0"
"POINT (11.572145501000023 48.110537895000050)","Unfall 237253 (2021) Kat:3, Licht: 0","237253","3","1","0","06","17","3","","0","1","0","0","0"
"POINT (11.541328063000037 48.183378890000029)","Unfall 237259 (2021) Kat:3, Licht: 0","237259","3","6","6","06","18","4","","0","1","0","1","0"
"POINT (11.593823439000062 48.175974479000047)","Unfall 237260 (2021) Kat:3, Licht: 0","237260","3","6","4","06","12","4","","0","1","0","0","0"
"POINT (11.624492712000063 48.178895757000078)","Unfall 237282 (2021) Kat:3, Licht: 0","237282","3","7","0","06","12","7","","0","1","0","0","0"
"POINT (11.462540286000035 48.150328607000063)","Unfall 237285 (2021) Kat:3, Licht: 0","237285","3","6","6","06","10","7","","0","1","0","1","0"
"POINT (11.487984647000076 48.088563632000046)","Unfall 237344 (2021) Kat:2, Licht: 0","237344","2","4","6","07","10","2","","0","1","0","1","0"
"POINT (11.419824864000077 48.145848186000080)","Unfall 237363 (2021) Kat:3, Licht: 0","237363","3","7","0","07","15","4","","0","1","0","1","0"
"POINT (11.502312725000024 48.192678552000075)","Unfall 237367 (2021) Kat:3, Licht: 2","237367","3","7","0","07","23","5","","2","1","0","0","0"
"POINT (11.406603119000067 48.145305966000080)","Unfall 237368 (2021) Kat:3, Licht: 0","237368","3","7","7","07","07","5","","0","1","0","0","0"
"POINT (11.596342782000022 48.163009124000041)","Unfall 237397 (2021) Kat:3, Licht: 2","237397","3","7","0","07","00","1","","2","1","0","1","0"
"POINT (11.617996419000065 48.172528939000074)","Unfall 237398 (2021) Kat:3, Licht: 0","237398","3","7","0","07","17","1","","0","1","0","0","0"
"POINT (11.480113190000054 48.096752943000070)","Unfall 237408 (2021) Kat:2, Licht: 0","237408","2","1","0","07","19","2","","0","1","0","0","0"
"POINT (11.514985952000075 48.144639314000074)","Unfall 237409 (2021) Kat:2, Licht: 0","237409","2","6","4","07","11","2","","0","1","0","0","0"
"POINT (11.480103826000061 48.096771813000032)","Unfall 237418 (2021) Kat:3, Licht: 0","237418","3","1","0","07","11","4","","0","1","0","0","0"
"POINT (11.575645265000048 48.125164428000062)","Unfall 237429 (2021) Kat:2, Licht: 2","237429","2","1","0","07","22","6","","2","1","0","1","0"
"POINT (11.556968156000039 48.171898229000078)","Unfall 237441 (2021) Kat:3, Licht: 0","237441","3","1","8","07","19","7","","0","1","0","0","0"
"POINT (11.551107126000034 48.101729045000070)","Unfall 237459 (2021) Kat:3, Licht: 0","237459","3","6","2","07","08","2","","0","1","0","0","0"
"POINT (11.605186167000056 48.168347365000045)","Unfall 237460 (2021) Kat:3, Licht: 0","237460","3","1","0","07","08","2","","0","1","0","0","0"
"POINT (11.568689306000067 48.121876252000050)","Unfall 237471 (2021) Kat:3, Licht: 0","237471","3","2","5","07","17","3","","0","1","0","0","0"
"POINT (11.540703932000042 48.129535967000038)","Unfall 237487 (2021) Kat:3, Licht: 0","237487","3","3","5","07","16","4","","0","1","0","0","0"
"POINT (11.499257256000021 48.139248298000041)","Unfall 237516 (2021) Kat:3, Licht: 0","237516","3","7","0","07","09","6","","0","1","0","0","0"
"POINT (11.454004966000070 48.140769654000053)","Unfall 237517 (2021) Kat:3, Licht: 0","237517","3","6","3","07","19","6","","0","1","0","0","0"
"POINT (11.487721264000072 48.088410147000047)","Unfall 237520 (2021) Kat:2, Licht: 0","237520","2","6","2","07","11","6","","0","1","0","0","0"
"POINT (11.534885492000058 48.167043282000066)","Unfall 237537 (2021) Kat:3, Licht: 0","237537","3","7","0","07","18","1","","0","1","0","0","0"
"POINT (11.568680597000025 48.176744978000045)","Unfall 237564 (2021) Kat:3, Licht: 0","237564","3","6","4","07","17","5","","0","1","0","1","0"
"POINT (11.579697021000072 48.146775525000066)","Unfall 237576 (2021) Kat:3, Licht: 0","237576","3","3","5","07","15","6","","0","1","0","0","0"
"POINT (11.545076667000046 48.127350712000066)","Unfall 237595 (2021) Kat:3, Licht: 0","237595","3","3","5","08","08","2","","0","1","0","0","0"
"POINT (11.553617157000076 48.173594023000078)","Unfall 237643 (2021) Kat:3, Licht: 0","237643","3","6","6","08","16","3","","0","1","0","1","0"
"POINT (11.587922012000035 48.132168336000063)","Unfall 237644 (2021) Kat:3, Licht: 0","237644","3","6","8","08","17","3","","0","1","0","0","0"
"POINT (11.569086663000064 48.173058915000070)","Unfall 237656 (2021) Kat:3, Licht: 0","237656","3","1","0","08","17","4","","0","1","0","0","0"
"POINT (11.568723552000051 48.122613825000030)","Unfall 237658 (2021) Kat:3, Licht: 1","237658","3","6","6","08","20","4","","1","1","0","1","0"
"POINT (11.561036015000070 48.100570637000033)","Unfall 237659 (2021) Kat:3, Licht: 0","237659","3","7","0","08","18","4","","0","1","0","1","0"
"POINT (11.476180722000038 48.124147591000053)","Unfall 237667 (2021) Kat:2, Licht: 0","237667","2","2","5","08","09","5","","0","1","0","0","0"
"POINT (11.633988818000034 48.105563562000043)","Unfall 237669 (2021) Kat:2, Licht: 0","237669","2","7","0","08","19","5","","0","1","0","0","0"
"POINT (11.619804009000063 48.183677538000040)","Unfall 237679 (2021) Kat:3, Licht: 0","237679","3","7","0","08","17","6","","0","1","0","1","0"
"POINT (11.543414293000069 48.112622263000048)","Unfall 237691 (2021) Kat:2, Licht: 0","237691","2","6","4","08","12","7","","0","1","0","0","0"
"POINT (11.610547956000062 48.177976856000043)","Unfall 237692 (2021) Kat:3, Licht: 0","237692","3","7","0","08","19","7","","0","1","0","0","0"
"POINT (11.574564667000061 48.123417506000067)","Unfall 237714 (2021) Kat:3, Licht: 2","237714","3","1","8","08","02","1","","2","1","0","0","0"
"POINT (11.482497451000029 48.154968080000060)","Unfall 237715 (2021) Kat:3, Licht: 1","237715","3","7","0","08","20","1","","1","1","0","0","0"
"POINT (11.592727657000069 48.136529095000071)","Unfall 237729 (2021) Kat:3, Licht: 0","237729","3","7","0","08","17","5","","0","1","0","0","0"
"POINT (11.507153600000038 48.120198068000036)","Unfall 237758 (2021) Kat:3, Licht: 2","237758","3","3","5","08","22","2","","2","1","0","0","0"
"POINT (11.588472321000040 48.145578832000069)","Unfall 237775 (2021) Kat:3, Licht: 0","237775","3","7","0","08","14","4","","0","1","0","0","0"
"POINT (11.507145515000047 48.120909915000027)","Unfall 237776 (2021) Kat:2, Licht: 0","237776","2","7","5","08","18","4","","0","1","0","0","0"
"POINT (11.570588488000055 48.121831725000050)","Unfall 237777 (2021) Kat:3, Licht: 0","237777","3","1","0","08","17","4","","0","1","0","0","0"
"POINT (11.656979210000031 48.084313480000048)","Unfall 237780 (2021) Kat:3, Licht: 1","237780","3","7","0","08","19","5","","1","1","0","1","0"
"POINT (11.494509873000027 48.148458146000053)","Unfall 237824 (2021) Kat:3, Licht: 0","237824","3","1","0","09","12","6","","0","1","0","0","0"
"POINT (11.550068579000026 48.076706264000052)","Unfall 237839 (2021) Kat:3, Licht: 0","237839","3","3","5","09","14","7","","0","1","1","0","0"
"POINT (11.531530241000041 48.220485581000048)","Unfall 237841 (2021) Kat:3, Licht: 0","237841","3","3","0","09","14","7","","0","1","1","0","0"
"POINT (11.410084875000052 48.148674318000076)","Unfall 237862 (2021) Kat:3, Licht: 0","237862","3","7","0","09","14","1","","0","1","0","0","0"
"POINT (11.528347616000076 48.169397572000037)","Unfall 237876 (2021) Kat:3, Licht: 0","237876","3","3","5","09","13","2","","0","1","0","0","0"
"POINT (11.503055502000052 48.146395480000081)","Unfall 237887 (2021) Kat:3, Licht: 0","237887","3","3","5","09","16","4","","0","1","1","0","0"
"POINT (11.459381192000023 48.177673335000065)","Unfall 237904 (2021) Kat:3, Licht: 0","237904","3","6","3","09","17","6","","0","1","0","0","0"
"POINT (11.604335690000028 48.168831600000033)","Unfall 237911 (2021) Kat:2, Licht: 0","237911","2","1","0","09","10","7","","0","1","0","0","0"
"POINT (11.555324254000027 48.173110923000081)","Unfall 237934 (2021) Kat:3, Licht: 2","237934","3","1","0","09","21","2","","2","1","0","0","0"
"POINT (11.578137362000064 48.142466605000038)","Unfall 237944 (2021) Kat:3, Licht: 0","237944","3","4","6","09","09","5","","0","1","0","1","0"
"POINT (11.475723281000057 48.108778122000047)","Unfall 237947 (2021) Kat:3, Licht: 1","237947","3","1","0","09","19","6","","1","1","0","0","0"
"POINT (11.487248538000074 48.161628433000033)","Unfall 237948 (2021) Kat:2, Licht: 0","237948","2","4","0","09","17","6","","0","1","0","1","0"
"POINT (11.540318295000077 48.091747800000064)","Unfall 237957 (2021) Kat:3, Licht: 0","237957","3","6","3","09","13","1","","0","1","0","0","0"
"POINT (11.524181512000041 48.166601106000030)","Unfall 237958 (2021) Kat:3, Licht: 0","237958","3","6","6","09","17","2","","0","1","0","1","0"
"POINT (11.507134954000037 48.120890963000079)","Unfall 237966 (2021) Kat:3, Licht: 0","237966","3","2","5","09","13","4","","0","1","0","0","0"
"POINT (11.543178089000037 48.110771632000080)","Unfall 237983 (2021) Kat:3, Licht: 2","237983","3","7","8","09","19","6","","2","1","0","0","0"
"POINT (11.540746244000047 48.178752185000064)","Unfall 237999 (2021) Kat:3, Licht: 0","237999","3","1","0","09","11","7","","0","1","0","0","0"
"POINT (11.550833269000066 48.100474695000059)","Unfall 238000 (2021) Kat:3, Licht: 0","238000","3","6","4","09","16","7","","0","1","0","0","0"
"POINT (11.513080866000053 48.122439436000036)","Unfall 238009 (2021) Kat:3, Licht: 0","238009","3","6","6","09","17","1","","0","1","0","1","0"
"POINT (11.651859383000044 48.096947938000028)","Unfall 238016 (2021) Kat:3, Licht: 0","238016","3","1","0","09","13","2","","0","1","0","0","0"
"POINT (11.638780087000043 48.091230994000057)","Unfall 238048 (2021) Kat:3, Licht: 1","238048","3","7","5","10","18","1","","1","1","0","0","0"
"POINT (11.532557459000031 48.124995892000072)","Unfall 238058 (2021) Kat:3, Licht: 0","238058","3","7","0","10","08","3","","0","1","0","0","0"
"POINT (11.583972828000071 48.145028307000075)","Unfall 238094 (2021) Kat:3, Licht: 2","238094","3","7","0","10","01","1","","2","1","0","0","0"
"POINT (11.494915298000024 48.147848843000077)","Unfall 238095 (2021) Kat:3, Licht: 0","238095","3","7","0","10","14","1","","0","1","0","1","0"
"POINT (11.544292934000055 48.108885709000049)","Unfall 238096 (2021) Kat:3, Licht: 0","238096","3","6","3","10","12","1","","0","1","0","0","0"
"POINT (11.598417224000059 48.147868827000082)","Unfall 238101 (2021) Kat:3, Licht: 0","238101","3","7","6","10","08","3","","0","1","0","1","0"
"POINT (11.538404045000050 48.085807810000063)","Unfall 238108 (2021) Kat:3, Licht: 1","238108","3","7","0","10","18","4","","1","1","0","0","0"
"POINT (11.626633396000045 48.117361119000066)","Unfall 238123 (2021) Kat:3, Licht: 0","238123","3","3","5","10","07","4","","0","1","0","0","0"
"POINT (11.535889232000045 48.125743462000059)","Unfall 238146 (2021) Kat:3, Licht: 0","238146","3","7","0","11","11","4","","0","1","0","0","0"
"POINT (11.565726144000052 48.139714818000073)","Unfall 238173 (2021) Kat:3, Licht: 2","238173","3","7","5","12","19","1","","2","1","0","0","0"
"POINT (11.604481667000073 48.158112346000053)","Unfall 238175 (2021) Kat:3, Licht: 2","238175","3","1","0","12","18","2","","2","1","0","0","0"
"POINT (11.504543055000056 48.101734391000036)","Unfall 238179 (2021) Kat:3, Licht: 2","238179","3","7","0","12","18","2","","2","1","0","0","0"
"POINT (11.458437885000023 48.164339815000062)","Unfall 238182 (2021) Kat:3, Licht: 2","238182","3","7","0","12","18","3","","2","1","0","0","0"
"POINT (11.662773772000037 48.123900735000063)","Unfall 238183 (2021) Kat:3, Licht: 1","238183","3","6","6","12","17","4","","1","1","0","1","0"
"POINT (11.604141056000101 48.108559810000003)","Unfall 95163 (2022) Kat:3, Licht: 0","95163","3","3","2","01","12","7","","0","0","1","0","0"
"POINT (11.539831788000100 48.180074447000003)","Unfall 95440 (2022) Kat:3, Licht: 0","95440","3","7","9","01","09","7","","0","0","1","0","0"
"POINT (11.600212223000000 48.107751563000100)","Unfall 95528 (2022) Kat:2, Licht: 0","95528","2","1","8","01","12","4","","0","0","1","0","0"
"POINT (11.392289747000101 48.146131818000100)","Unfall 95807 (2022) Kat:3, Licht: 0","95807","3","2","4","01","14","7","","0","0","1","0","0"
"POINT (11.616155625999999 48.133848251000103)","Unfall 95989 (2022) Kat:3, Licht: 0","95989","3","6","2","01","13","6","","0","0","1","0","0"
"POINT (11.395873022000000 48.140887263000103)","Unfall 96015 (2022) Kat:3, Licht: 2","96015","3","6","2","01","19","3","","2","0","1","0","0"
"POINT (11.502642960999999 48.103057052000104)","Unfall 96125 (2022) Kat:2, Licht: 2","96125","2","6","2","01","19","7","","2","0","1","0","0"
"POINT (11.585252014000000 48.201044621000101)","Unfall 96521 (2022) Kat:3, Licht: 2","96521","3","2","5","01","18","3","","2","0","1","0","0"