WKT,Name,OBJECTID,UKATEGORIE,UTYP1,UART,UMONAT,USTUNDE,UWOCHENTAG,STRZUSTAND,ULICHTVERH,ISTRAD,ISTPKW,ISTFUSS,ISTKRAD
"POINT (11.479027554000000 48.115469026000000)","Unfall 96546 (2022) Kat:2, Licht: 0","96546","2","2","6","01","11","6","","0","0","1","1","0"
"POINT (11.512305794000000 48.107731478000098)","Unfall 96597 (2022) Kat:3, Licht: 0","96597","3","6","2","02","10","7","","0","0","1","0","0"
"POINT (11.463489835000100 48.208439652000003)","Unfall 96623 (2022) Kat:3, Licht: 1","96623","3","6","3","01","06","2","","1","0","1","0","0"
"POINT (11.488399124000100 48.086114527000099)","Unfall 96635 (2022) Kat:3, Licht: 0","96635","3","3","5","01","15","6","","0","1","1","0","0"
"POINT (11.411680386000100 48.141131643000101)","Unfall 96662 (2022) Kat:3, Licht: 2","96662","3","2","4","01","20","3","","2","0","1","0","0"
"POINT (11.488294878000000 48.209306185000102)","Unfall 96667 (2022) Kat:3, Licht: 0","96667","3","6","3","01","15","5","","0","0","1","0","0"
"POINT (11.522781666000100 48.075011303000103)","Unfall 96697 (2022) Kat:3, Licht: 0","96697","3","6","2","01","08","3","","0","0","1","0","0"
"POINT (11.392317371000001 48.146132500000100)","Unfall 96709 (2022) Kat:3, Licht: 1","96709","3","2","4","01","17","6","","1","0","1","0","0"
"POINT (11.582861597000001 48.104756780000102)","Unfall 96728 (2022) Kat:3, Licht: 0","96728","3","6","1","01","15","4","","0","0","1","0","0"
"POINT (11.620612105000101 48.137519302999998)","Unfall 96729 (2022) Kat:3, Licht: 2","96729","3","6","9","01","02","5","","2","0","1","0","0"
"POINT (11.619003919000001 48.118059572999996)","Unfall 96754 (2022) Kat:3, Licht: 2","96754","3","6","2","01","18","7","","2","0","1","0","0"
"POINT (11.627874961000000 48.222512920000000)","Unfall 96759 (2022) Kat:3, Licht: 2","96759","3","1","9","02","04","4","","2","0","0","0","0"
"POINT (11.643550647000000 48.126186517000100)","Unfall 96772 (2022) Kat:3, Licht: 0","96772","3","3","5","01","07","6","","0","1","1","0","0"
"POINT (11.583814996999999 48.177607885999997)","Unfall 96812 (2022) Kat:3, Licht: 2","96812","3","6","2","01","06","4","","2","0","1","0","0"
"POINT (11.542891352000000 48.110877873000000)","Unfall 96883 (2022) Kat:3, Licht: 0","96883","3","7","0","01","08","3","","0","1","0","0","0"
"POINT (11.646299244000000 48.105180883999999)","Unfall 96902 (2022) Kat:3, Licht: 0","96902","3","3","5","01","15","7","","0","0","1","0","1"
"POINT (11.503655461999999 48.215541992000098)","Unfall 96955 (2022) Kat:3, Licht: 0","96955","3","6","2","01","07","2","","0","0","1","0","0"
"POINT (11.602893070000100 48.157973522000098)","Unfall 97015 (2022) Kat:3, Licht: 0","97015","3","7","7","01","09","6","","0","0","1","0","0"
"POINT (11.484783361000000 48.212586211000001)","Unfall 97021 (2022) Kat:3, Licht: 0","97021","3","7","2","01","12","3","","0","0","1","0","0"
"POINT (11.536677165000100 48.148811719999998)","Unfall 97166 (2022) Kat:3, Licht: 0","97166","3","6","2","02","16","3","","0","0","1","0","0"
"POINT (11.536832635000099 48.150816459000097)","Unfall 97174 (2022) Kat:3, Licht: 0","97174","3","6","2","01","15","4","","0","0","1","0","0"
"POINT (11.585042894000001 48.178198671000096)","Unfall 97191 (2022) Kat:3, Licht: 2","97191","3","6","3","01","18","5","","2","0","1","0","1"
"POINT (11.394109076000101 48.146171380000098)","Unfall 97196 (2022) Kat:2, Licht: 2","97196","2","6","2","01","06","2","","2","0","1","0","0"
"POINT (11.524310340000101 48.076225438999998)","Unfall 97199 (2022) Kat:3, Licht: 0","97199","3","2","6","01","18","2","","0","0","1","1","0"
"POINT (11.534983365000100 48.143795168000104)","Unfall 97203 (2022) Kat:2, Licht: 2","97203","2","6","3","01","17","4","","2","0","1","0","0"
"POINT (11.619975529000000 48.202749586000003)","Unfall 97209 (2022) Kat:3, Licht: 1","97209","3","6","8","01","07","7","","1","0","1","0","0"
"POINT (11.518647382999999 48.141309837999998)","Unfall 97302 (2022) Kat:3, Licht: 2","97302","3","2","3","01","19","4","","2","1","1","0","0"
"POINT (11.403639764999999 48.139956595000100)","Unfall 97305 (2022) Kat:2, Licht: 0","97305","2","7","0","01","08","4","","0","0","0","0","1"
"POINT (11.538855062000000 48.172148467000099)","Unfall 97344 (2022) Kat:3, Licht: 2","97344","3","6","3","01","18","7","","2","0","1","0","0"
"POINT (11.536407982000100 48.225681349000098)","Unfall 97350 (2022) Kat:3, Licht: 0","97350","3","6","3","01","08","2","","0","0","1","0","0"
"POINT (11.595418377000000 48.178402043000098)","Unfall 97387 (2022) Kat:3, Licht: 2","97387","3","6","2","01","18","3","","2","0","1","0","0"
"POINT (11.544271166000000 48.111383488999998)","Unfall 97403 (2022) Kat:3, Licht: 0","97403","3","7","0","01","08","3","","0","1","0","0","0"
"POINT (11.474911024000100 48.145302802000103)","Unfall 97411 (2022) Kat:3, Licht: 0","97411","3","7","0","01","11","2","","0","1","0","0","0"
"POINT (11.454241034000100 48.137319281000003)","Unfall 97421 (2022) Kat:3, Licht: 2","97421","3","3","5","01","21","6","","2","1","1","0","0"
"POINT (11.599490744000001 48.107585186000101)","Unfall 97426 (2022) Kat:3, Licht: 2","97426","3","2","5","01","17","7","","2","0","1","0","0"
"POINT (11.615674644000000 48.153582026000002)","Unfall 97440 (2022) Kat:3, Licht: 0","97440","3","6","9","01","07","1","","0","0","1","0","0"
"POINT (11.615625270000100 48.143598302999997)","Unfall 97457 (2022) Kat:3, Licht: 0","97457","3","6","2","01","08","3","","0","0","1","0","0"
"POINT (11.584517984000099 48.186599747000102)","Unfall 97481 (2022) Kat:3, Licht: 2","97481","3","6","2","01","18","2","","2","0","1","0","0"
"POINT (11.520790408000000 48.124562517000101)","Unfall 97489 (2022) Kat:3, Licht: 2","97489","3","7","8","01","06","2","","2","0","1","0","0"
"POINT (11.579511996000100 48.108063983000100)","Unfall 97502 (2022) Kat:2, Licht: 0","97502","2","6","3","01","09","4","","0","0","1","0","1"
"POINT (11.620750718000100 48.106641878000097)","Unfall 97509 (2022) Kat:3, Licht: 0","97509","3","6","2","01","15","1","","0","0","1","0","0"
"POINT (11.409523046000100 48.140818860000103)","Unfall 97514 (2022) Kat:3, Licht: 0","97514","3","7","0","01","15","3","","0","0","0","0","0"
"POINT (11.689151042000001 48.140286475000003)","Unfall 97531 (2022) Kat:3, Licht: 0","97531","3","6","9","01","10","1","","0","0","1","0","0"
"POINT (11.597433320000100 48.173684185000099)","Unfall 97583 (2022) Kat:2, Licht: 0","97583","2","2","5","01","15","4","","0","1","1","0","0"
"POINT (11.423768189000000 48.173924790999997)","Unfall 97647 (2022) Kat:3, Licht: 0","97647","3","6","1","01","08","4","","0","0","1","0","0"
"POINT (11.709383436000101 48.111479584000101)","Unfall 97739 (2022) Kat:3, Licht: 0","97739","3","2","5","01","10","5","","0","0","1","0","0"
"POINT (11.532517055000000 48.224984681000102)","Unfall 97744 (2022) Kat:3, Licht: 0","97744","3","6","2","01","15","2","","0","0","1","0","0"
"POINT (11.482275363999999 48.214865064999998)","Unfall 97749 (2022) Kat:3, Licht: 2","97749","3","6","2","01","06","3","","2","0","1","0","0"
"POINT (11.579608005000100 48.107869880000102)","Unfall 97751 (2022) Kat:3, Licht: 0","97751","3","6","3","01","16","4","","0","0","1","0","0"
"POINT (11.615138446000101 48.112024525999999)","Unfall 97756 (2022) Kat:3, Licht: 2","97756","3","3","8","01","23","6","","2","0","1","0","0"
"POINT (11.461466450000000 48.179170906000103)","Unfall 97782 (2022) Kat:3, Licht: 2","97782","3","4","6","01","17","5","","2","0","1","1","0"
"POINT (11.425599342000099 48.185743776999999)","Unfall 97785 (2022) Kat:3, Licht: 0","97785","3","6","8","01","16","7","","0","0","1","0","0"
"POINT (11.453225847000100 48.146894749000097)","Unfall 97871 (2022) Kat:3, Licht: 0","97871","3","4","6","01","14","2","","0","0","1","1","0"
"POINT (11.554151037000100 48.085552954999997)","Unfall 97891 (2022) Kat:3, Licht: 2","97891","3","1","4","01","18","2","","2","0","1","0","0"
"POINT (11.615106616000000 48.112139844000097)","Unfall 97898 (2022) Kat:3, Licht: 0","97898","3","3","5","01","10","7","","0","0","1","0","0"
"POINT (11.625138736000100 48.129436296999998)","Unfall 97953 (2022) Kat:3, Licht: 0","97953","3","7","0","02","16","4","","0","1","0","0","0"
"POINT (11.567744733000000 48.176740170000102)","Unfall 98064 (2022) Kat:3, Licht: 2","98064","3","3","5","03","22","5","","2","0","1","0","1"
"POINT (11.485325925000000 48.114154272000100)","Unfall 98070 (2022) Kat:3, Licht: 0","98070","3","2","2","02","12","4","","0","0","1","0","0"
"POINT (11.615948081999999 48.130960014999999)","Unfall 98074 (2022) Kat:3, Licht: 0","98074","3","2","3","02","15","6","","0","1","1","0","0"
"POINT (11.537214129000100 48.156627948000100)","Unfall 98083 (2022) Kat:3, Licht: 0","98083","3","7","2","02","15","4","","0","0","1","0","0"
"POINT (11.615893875999999 48.130894443999999)","Unfall 98099 (2022) Kat:3, Licht: 0","98099","3","2","5","03","13","4","","0","1","1","0","0"
"POINT (11.683361918999999 48.118520957999998)","Unfall 98175 (2022) Kat:3, Licht: 0","98175","3","4","6","02","06","5","","0","0","1","1","0"
"POINT (11.601482397000000 48.159774841000100)","Unfall 98206 (2022) Kat:3, Licht: 0","98206","3","6","2","02","11","1","","0","0","1","0","0"
"POINT (11.636742476000100 48.104863608000102)","Unfall 98210 (2022) Kat:3, Licht: 0","98210","3","3","5","02","13","3","","0","1","1","0","0"
"POINT (11.498060983000100 48.100545204000099)","Unfall 98253 (2022) Kat:3, Licht: 0","98253","3","6","2","02","13","7","","0","0","1","0","0"
"POINT (11.533016199000000 48.140049841000099)","Unfall 98262 (2022) Kat:3, Licht: 1","98262","3","5","1","02","16","7","","1","0","1","0","0"
"POINT (11.628618149999999 48.219608614999999)","Unfall 98268 (2022) Kat:3, Licht: 0","98268","3","6","2","02","12","2","","0","0","1","0","0"
"POINT (11.601623200000100 48.177310196000100)","Unfall 98321 (2022) Kat:3, Licht: 0","98321","3","2","5","02","12","4","","0","0","1","0","0"
"POINT (11.626060164000000 48.101012157000099)","Unfall 98375 (2022) Kat:3, Licht: 2","98375","3","3","5","02","19","1","","2","0","1","0","0"
"POINT (11.579787355000100 48.107878337000002)","Unfall 98392 (2022) Kat:3, Licht: 0","98392","3","1","0","02","07","7","","0","1","0","0","0"
"POINT (11.534753225999999 48.142897468999998)","Unfall 98409 (2022) Kat:3, Licht: 0","98409","3","6","2","02","08","2","","0","0","1","0","0"
"POINT (11.412953908000100 48.166194372000099)","Unfall 98418 (2022) Kat:3, Licht: 2","98418","3","6","2","03","17","5","","2","0","1","0","0"
"POINT (11.541314562000000 48.186405798000102)","Unfall 98449 (2022) Kat:3, Licht: 0","98449","3","6","2","02","09","7","","0","0","1","0","0"
"POINT (11.557591797000001 48.090603303000101)","Unfall 98454 (2022) Kat:3, Licht: 0","98454","3","2","5","03","09","4","","0","0","1","0","0"
"POINT (11.586025771999999 48.204180196999999)","Unfall 98455 (2022) Kat:3, Licht: 1","98455","3","7","6","02","17","1","","1","1","0","1","0"
"POINT (11.644955900000101 48.125997418000097)","Unfall 98494 (2022) Kat:3, Licht: 0","98494","3","7","4","03","12","5","","0","1","1","0","1"
"POINT (11.559494729000100 48.112595172000098)","Unfall 98505 (2022) Kat:3, Licht: 0","98505","3","6","2","02","15","6","","0","0","1","0","0"
"POINT (11.575680947000000 48.178018158999997)","Unfall 98528 (2022) Kat:3, Licht: 2","98528","3","6","2","02","17","2","","2","0","1","0","0"
"POINT (11.402857505000000 48.128665485000099)","Unfall 98571 (2022) Kat:3, Licht: 2","98571","3","7","9","02","05","3","","2","0","1","0","0"
"POINT (11.646977090000100 48.210073336999997)","Unfall 98584 (2022) Kat:3, Licht: 0","98584","3","6","3","03","07","4","","0","0","1","0","0"
"POINT (11.596601333000001 48.163125307000001)","Unfall 98592 (2022) Kat:2, Licht: 0","98592","2","4","6","02","13","4","","0","0","1","1","0"
"POINT (11.613854392000100 48.106400436000101)","Unfall 98618 (2022) Kat:3, Licht: 0","98618","3","6","2","02","16","3","","0","0","1","0","0"
"POINT (11.492842144000100 48.144094082999999)","Unfall 98636 (2022) Kat:3, Licht: 1","98636","3","7","6","03","18","3","","1","1","0","1","0"
"POINT (11.596194067000100 48.106672547000102)","Unfall 98653 (2022) Kat:3, Licht: 0","98653","3","2","4","02","19","2","","0","0","1","0","0"
"POINT (11.514822318000000 48.141816995000099)","Unfall 98687 (2022) Kat:3, Licht: 0","98687","3","7","1","02","11","2","","0","0","1","0","0"
"POINT (11.654016208000000 48.094077697000003)","Unfall 98698 (2022) Kat:3, Licht: 0","98698","3","3","5","03","14","6","","0","1","1","0","0"
"POINT (11.615395298000101 48.193398109000000)","Unfall 98711 (2022) Kat:3, Licht: 0","98711","3","6","2","02","08","2","","0","0","1","0","0"
"POINT (11.628654214000100 48.219681526999999)","Unfall 98736 (2022) Kat:3, Licht: 0","98736","3","6","2","02","12","2","","0","0","1","0","0"
"POINT (11.596646598000101 48.166077643999998)","Unfall 98748 (2022) Kat:3, Licht: 0","98748","3","6","2","02","15","7","","0","0","1","0","0"
"POINT (11.604110040000000 48.108555975000101)","Unfall 98760 (2022) Kat:3, Licht: 2","98760","3","2","5","03","20","7","","2","1","1","0","0"
"POINT (11.537214002000001 48.156626086000102)","Unfall 98762 (2022) Kat:3, Licht: 0","98762","3","7","8","02","17","6","","0","0","1","0","0"
"POINT (11.585438102000101 48.177881168000098)","Unfall 98773 (2022) Kat:3, Licht: 0","98773","3","6","3","02","13","3","","0","1","0","0","0"
"POINT (11.516339320000000 48.113231750000097)","Unfall 98781 (2022) Kat:3, Licht: 0","98781","3","7","1","02","15","3","","0","0","1","0","0"
"POINT (11.560379855000100 48.112710095000097)","Unfall 98797 (2022) Kat:3, Licht: 0","98797","3","6","2","02","17","1","","0","0","1","0","0"
"POINT (11.494766667000000 48.084790202000100)","Unfall 98847 (2022) Kat:3, Licht: 0","98847","3","7","6","02","12","4","","0","0","1","1","0"
"POINT (11.524832375000100 48.109888882000099)","Unfall 98854 (2022) Kat:3, Licht: 0","98854","3","6","2","03","12","6","","0","0","1","0","0"
"POINT (11.480214494000100 48.216751618000004)","Unfall 98920 (2022) Kat:3, Licht: 2","98920","3","2","4","03","05","4","","2","0","1","0","0"
"POINT (11.537987009000100 48.186780102999997)","Unfall 98954 (2022) Kat:3, Licht: 0","98954","3","6","3","02","14","7","","0","0","1","0","0"
"POINT (11.461245292000100 48.207175991000000)","Unfall 98960 (2022) Kat:3, Licht: 2","98960","3","6","2","02","09","2","","2","0","0","0","0"
"POINT (11.584300687000100 48.189729962999998)","Unfall 98976 (2022) Kat:3, Licht: 2","98976","3","1","1","02","00","5","","2","0","1","0","0"
"POINT (11.528660047000100 48.129956074000098)","Unfall 98977 (2022) Kat:3, Licht: 0","98977","3","2","3","02","10","7","","0","0","1","1","0"
"POINT (11.626061826000100 48.101003147000000)","Unfall 98994 (2022) Kat:3, Licht: 0","98994","3","2","5","02","06","1","","0","0","1","0","0"
"POINT (11.615938365000000 48.194153141000101)","Unfall 99040 (2022) Kat:3, Licht: 0","99040","3","6","3","02","10","7","","0","0","1","0","0"
"POINT (11.709457125000000 48.142104684000103)","Unfall 99072 (2022) Kat:3, Licht: 2","99072","3","7","9","03","21","7","","2","0","1","0","0"
"POINT (11.616549613000100 48.088692272999999)","Unfall 99082 (2022) Kat:2, Licht: 0","99082","2","1","8","03","15","5","","0","0","1","0","0"
"POINT (11.662366926000100 48.139142661000101)","Unfall 99144 (2022) Kat:2, Licht: 2","99144","2","6","2","02","20","4","","2","0","1","0","1"
"POINT (11.517479319000101 48.111667707000002)","Unfall 99147 (2022) Kat:3, Licht: 2","99147","3","6","2","02","16","5","","2","0","1","0","1"
"POINT (11.541133467000099 48.101291609999997)","Unfall 99164 (2022) Kat:3, Licht: 0","99164","3","2","5","02","13","6","","0","1","0","0","1"
"POINT (11.502940545000101 48.143313079000102)","Unfall 99182 (2022) Kat:3, Licht: 2","99182","3","3","5","03","19","6","","2","0","1","0","0"
"POINT (11.617651305000001 48.115345702000099)","Unfall 99184 (2022) Kat:3, Licht: 0","99184","3","6","2","02","16","2","","0","0","1","0","0"
"POINT (11.392517986000000 48.136882279000098)","Unfall 99216 (2022) Kat:3, Licht: 0","99216","3","3","0","02","11","4","","0","1","0","0","0"
"POINT (11.599283804000001 48.161442170999997)","Unfall 99232 (2022) Kat:3, Licht: 0","99232","3","6","2","02","08","4","","0","0","1","0","0"
"POINT (11.491500844000001 48.201561503999997)","Unfall 99251 (2022) Kat:3, Licht: 2","99251","3","2","5","02","20","7","","2","0","1","0","0"
"POINT (11.541230843000100 48.100820514000098)","Unfall 99252 (2022) Kat:3, Licht: 0","99252","3","6","1","02","12","4","","0","0","1","0","0"
"POINT (11.533519419000100 48.187106093000097)","Unfall 99290 (2022) Kat:3, Licht: 0","99290","3","7","0","03","08","4","","0","0","0","0","0"
"POINT (11.616194577000000 48.113179287999998)","Unfall 99299 (2022) Kat:3, Licht: 0","99299","3","6","2","02","09","3","","0","0","1","0","0"
"POINT (11.567913290000000 48.112585089000000)","Unfall 99384 (2022) Kat:1, Licht: 2","99384","1","1","9","03","03","1","","2","0","0","0","1"
"POINT (11.661773554000000 48.090623416000000)","Unfall 99401 (2022) Kat:3, Licht: 0","99401","3","3","5","03","16","7","","0","1","0","0","0"
"POINT (11.517928433000099 48.141452160000000)","Unfall 99407 (2022) Kat:3, Licht: 0","99407","3","4","6","03","16","3","","0","0","0","1","0"
"POINT (11.485783046000099 48.209046788000101)","Unfall 99425 (2022) Kat:3, Licht: 0","99425","3","6","3","04","17","6","","0","0","1","0","0"
"POINT (11.456630621000000 48.164991352000101)","Unfall 99462 (2022) Kat:3, Licht: 2","99462","3","7","8","03","02","5","","2","0","0","0","0"
"POINT (11.620196959999999 48.120627423000002)","Unfall 99482 (2022) Kat:3, Licht: 2","99482","3","2","4","03","20","7","","2","0","1","0","0"
"POINT (11.551164969000100 48.079157659000003)","Unfall 99542 (2022) Kat:3, Licht: 2","99542","3","2","5","03","05","5","","2","0","1","0","0"
"POINT (11.503417590000000 48.143277787999999)","Unfall 99557 (2022) Kat:3, Licht: 2","99557","3","1","0","03","01","1","","2","1","0","0","0"
"POINT (11.507864043000000 48.112579424000003)","Unfall 99560 (2022) Kat:3, Licht: 0","99560","3","2","5","03","15","2","","0","1","1","0","0"
"POINT (11.540425855000001 48.093278245000100)","Unfall 99590 (2022) Kat:3, Licht: 0","99590","3","6","0","03","06","6","","0","0","1","0","0"
"POINT (11.531955627000100 48.187208224000102)","Unfall 99639 (2022) Kat:3, Licht: 0","99639","3","2","4","04","11","4","","0","1","0","0","0"
"POINT (11.576080516999999 48.111302487000003)","Unfall 99649 (2022) Kat:3, Licht: 0","99649","3","6","3","03","14","3","","0","0","1","0","0"
"POINT (11.573229848000000 48.178173174999998)","Unfall 99715 (2022) Kat:3, Licht: 2","99715","3","2","5","04","00","7","","2","0","1","0","0"
"POINT (11.467578856999999 48.209934986000100)","Unfall 99719 (2022) Kat:3, Licht: 1","99719","3","3","5","03","06","4","","1","1","1","0","0"
"POINT (11.581699746000000 48.105842864000103)","Unfall 99733 (2022) Kat:2, Licht: 0","99733","2","6","3","03","09","7","","0","0","1","0","1"
"POINT (11.394109076000101 48.146171380000098)","Unfall 99735 (2022) Kat:3, Licht: 0","99735","3","6","2","03","15","2","","0","0","1","0","0"
"POINT (11.664298339000000 48.121468538999999)","Unfall 99740 (2022) Kat:3, Licht: 0","99740","3","6","2","03","17","4","","0","0","1","0","0"
"POINT (11.585415549000100 48.201044181999997)","Unfall 99770 (2022) Kat:3, Licht: 1","99770","3","2","5","04","19","4","","1","1","1","0","0"
"POINT (11.455831265000000 48.204872393000102)","Unfall 99792 (2022) Kat:3, Licht: 1","99792","3","6","2","03","17","2","","1","0","1","0","0"
"POINT (11.690482892000000 48.117681173000101)","Unfall 99843 (2022) Kat:3, Licht: 0","99843","3","7","0","03","10","2","","0","1","0","0","0"
"POINT (11.539388863000100 48.112832589999996)","Unfall 99845 (2022) Kat:3, Licht: 0","99845","3","2","5","03","12","4","","0","0","1","0","0"
"POINT (11.436881884000099 48.196397357000102)","Unfall 99878 (2022) Kat:3, Licht: 0","99878","3","6","1","03","08","5","","0","0","1","0","0"
"POINT (11.524590233000000 48.128111904999997)","Unfall 99880 (2022) Kat:3, Licht: 0","99880","3","6","2","03","14","7","","0","0","1","0","0"
"POINT (11.521994583000000 48.189820916000002)","Unfall 99890 (2022) Kat:3, Licht: 2","99890","3","2","4","03","20","3","","2","0","1","0","0"
"POINT (11.584332439000001 48.195623169000001)","Unfall 99907 (2022) Kat:3, Licht: 0","99907","3","6","2","03","14","3","","0","0","1","0","0"
"POINT (11.530099583000000 48.187656867999998)","Unfall 99926 (2022) Kat:3, Licht: 0","99926","3","1","3","04","17","6","","0","0","1","0","0"
"POINT (11.514417370000000 48.108801589999999)","Unfall 99952 (2022) Kat:3, Licht: 0","99952","3","6","2","03","13","4","","0","0","1","0","0"
"POINT (11.620266293000000 48.120434410000001)","Unfall 99981 (2022) Kat:3, Licht: 0","99981","3","2","5","03","13","2","","0","1","1","0","0"
"POINT (11.708630062000100 48.142677551000098)","Unfall 99985 (2022) Kat:3, Licht: 2","99985","3","3","5","03","02","7","","2","0","1","0","0"
"POINT (11.613839513000100 48.106487164000001)","Unfall 99990 (2022) Kat:3, Licht: 0","99990","3","6","2","03","15","3","","0","0","1","0","0"
"POINT (11.526087126000000 48.077613339000003)","Unfall 99992 (2022) Kat:3, Licht: 0","99992","3","2","6","04","17","6","","0","0","1","1","0"
"POINT (11.489151825000000 48.077681779000002)","Unfall 100013 (2022) Kat:3, Licht: 0","100013","3","1","0","03","17","1","","0","1","0","0","0"
"POINT (11.617681613000100 48.115405343000099)","Unfall 100069 (2022) Kat:3, Licht: 0","100069","3","2","5","03","12","3","","0","0","1","0","0"
"POINT (11.522687654000000 48.140828713000097)","Unfall 100075 (2022) Kat:3, Licht: 0","100075","3","2","3","03","12","4","","0","0","1","0","0"
"POINT (11.584052333000001 48.191099551999997)","Unfall 100079 (2022) Kat:3, Licht: 2","100079","3","6","1","03","23","1","","2","0","1","0","0"
"POINT (11.418881193000100 48.142159704000100)","Unfall 100080 (2022) Kat:2, Licht: 0","100080","2","3","5","03","14","4","","0","1","1","0","0"
"POINT (11.620893149000000 48.130120026000000)","Unfall 100095 (2022) Kat:3, Licht: 0","100095","3","7","6","04","12","1","","0","0","1","1","0"
"POINT (11.529262073000000 48.109989056000103)","Unfall 100108 (2022) Kat:3, Licht: 1","100108","3","1","9","03","05","4","","1","0","0","0","1"
"POINT (11.709860295000100 48.142087302999997)","Unfall 100146 (2022) Kat:3, Licht: 2","100146","3","7","8","03","22","7","","2","0","1","0","0"
"POINT (11.541312881000101 48.186395761000000)","Unfall 100200 (2022) Kat:3, Licht: 2","100200","3","3","6","04","19","3","","2","0","1","1","0"
"POINT (11.515137169000100 48.141780128999997)","Unfall 100249 (2022) Kat:3, Licht: 0","100249","3","3","5","03","16","1","","0","0","1","0","0"
"POINT (11.548826442000101 48.176143547999999)","Unfall 100260 (2022) Kat:3, Licht: 0","100260","3","6","2","04","15","6","","0","0","1","0","0"
"POINT (11.533251227999999 48.133202180000097)","Unfall 100280 (2022) Kat:2, Licht: 0","100280","2","1","9","03","09","3","","0","0","0","0","1"
"POINT (11.550765111000000 48.176123792000098)","Unfall 100372 (2022) Kat:3, Licht: 0","100372","3","6","2","03","15","3","","0","0","1","0","1"
"POINT (11.505326033000101 48.088180233999999)","Unfall 100383 (2022) Kat:3, Licht: 0","100383","3","3","5","03","14","3","","0","0","1","0","0"
"POINT (11.585510770999999 48.177701335999998)","Unfall 100388 (2022) Kat:3, Licht: 0","100388","3","2","2","04","13","7","","0","1","1","0","0"
"POINT (11.484684022000099 48.212747695000097)","Unfall 100400 (2022) Kat:3, Licht: 0","100400","3","3","5","03","16","5","","0","0","1","0","0"
"POINT (11.502653194000100 48.192942373999998)","Unfall 100425 (2022) Kat:3, Licht: 0","100425","3","6","3","03","16","4","","0","0","1","0","1"
"POINT (11.506322625999999 48.142780582999997)","Unfall 100430 (2022) Kat:3, Licht: 0","100430","3","3","6","03","07","6","","0","0","0","1","0"
"POINT (11.435114734000001 48.144424737000101)","Unfall 100432 (2022) Kat:3, Licht: 0","100432","3","2","4","03","11","5","","0","1","1","0","0"
"POINT (11.615679846000001 48.225993666000100)","Unfall 100457 (2022) Kat:3, Licht: 1","100457","3","7","9","03","18","7","","1","0","1","0","0"
"POINT (11.638890293999999 48.105824111000103)","Unfall 100507 (2022) Kat:3, Licht: 0","100507","3","6","1","03","17","7","","0","0","1","0","0"
"POINT (11.418833468000100 48.169895695999998)","Unfall 100517 (2022) Kat:3, Licht: 2","100517","3","6","2","04","08","2","","2","0","1","0","0"
"POINT (11.485666745000101 48.086683506000000)","Unfall 100523 (2022) Kat:3, Licht: 0","100523","3","2","4","03","14","6","","0","0","1","0","0"
"POINT (11.579666900000101 48.177564555000103)","Unfall 100535 (2022) Kat:3, Licht: 2","100535","3","6","3","03","13","5","","2","0","1","0","0"
"POINT (11.535336650000000 48.145720389000097)","Unfall 100558 (2022) Kat:3, Licht: 0","100558","3","6","2","03","07","3","","0","0","1","0","0"
"POINT (11.604161045000099 48.108562282000001)","Unfall 100566 (2022) Kat:3, Licht: 0","100566","3","3","5","03","06","2","","0","0","1","0","0"
"POINT (11.511770566999999 48.107459962000100)","Unfall 100580 (2022) Kat:3, Licht: 0","100580","3","6","2","03","08","4","","0","0","1","0","0"
"POINT (11.614787100999999 48.135947119000001)","Unfall 100604 (2022) Kat:2, Licht: 0","100604","2","7","4","03","13","6","","0","1","0","0","0"
"POINT (11.545629083000099 48.111868088000101)","Unfall 100684 (2022) Kat:3, Licht: 2","100684","3","6","3","03","11","3","","2","0","1","0","0"
"POINT (11.579448728999999 48.108570461000099)","Unfall 100701 (2022) Kat:3, Licht: 0","100701","3","3","5","04","08","6","","0","1","1","0","0"
"POINT (11.394401264000100 48.144329416000097)","Unfall 100740 (2022) Kat:3, Licht: 0","100740","3","1","3","04","17","6","","0","0","1","0","0"
"POINT (11.560470455000001 48.112722034999997)","Unfall 100746 (2022) Kat:3, Licht: 0","100746","3","6","3","03","16","5","","0","0","1","0","1"
"POINT (11.649802173000101 48.103343070999998)","Unfall 100747 (2022) Kat:3, Licht: 0","100747","3","3","5","03","17","3","","0","1","1","0","0"
"POINT (11.516799703000100 48.110040599000101)","Unfall 100791 (2022) Kat:3, Licht: 0","100791","3","6","2","03","16","7","","0","0","1","0","0"
"POINT (11.578591433000000 48.110451636999997)","Unfall 100861 (2022) Kat:3, Licht: 0","100861","3","3","5","03","14","4","","0","1","1","0","0"
"POINT (11.688332485000000 48.117887627000101)","Unfall 100872 (2022) Kat:3, Licht: 0","100872","3","6","1","03","11","4","","0","0","1","0","0"
"POINT (11.540766397000001 48.202369375000004)","Unfall 100885 (2022) Kat:1, Licht: 0","100885","1","4","6","03","10","5","","0","0","0","1","0"
"POINT (11.540491054000000 48.093356630000102)","Unfall 100890 (2022) Kat:1, Licht: 0","100890","1","3","5","03","14","5","","0","0","1","0","1"
"POINT (11.614741023000001 48.137993503000096)","Unfall 100893 (2022) Kat:3, Licht: 2","100893","3","6","8","03","15","4","","2","0","1","0","0"
"POINT (11.614305152000000 48.152944441999999)","Unfall 100897 (2022) Kat:3, Licht: 0","100897","3","6","2","04","15","3","","0","0","1","0","0"
"POINT (11.596842312000000 48.166427497000001)","Unfall 100923 (2022) Kat:3, Licht: 0","100923","3","6","1","03","14","6","","0","0","1","0","0"