WKT,Name,OBJECTID,UKATEGORIE,UTYP1,UART,UMONAT,USTUNDE,UWOCHENTAG,STRZUSTAND,ULICHTVERH,ISTRAD,ISTPKW,ISTFUSS,ISTKRAD
"POINT (11.585742893000001 48.202545323000002)","Unfall 100931 (2022) Kat:3, Licht: 0","100931","3","2","3","04","16","7","","0","1","1","0","0"
"POINT (11.499722760000100 48.193242329999997)","Unfall 100939 (2022) Kat:3, Licht: 0","100939","3","6","1","03","07","4","","0","0","1","0","0"
"POINT (11.589864726000000 48.176835887999999)","Unfall 100981 (2022) Kat:3, Licht: 0","100981","3","6","2","03","16","1","","0","0","1","0","1"
"POINT (11.515427294000100 48.124374058999997)","Unfall 101020 (2022) Kat:3, Licht: 0","101020","3","6","2","03","14","5","","0","0","1","0","0"
"POINT (11.622823633000101 48.129714577000101)","Unfall 101023 (2022) Kat:3, Licht: 2","101023","3","2","4","03","21","7","","2","0","1","0","0"
"POINT (11.610564850000101 48.154607097000103)","Unfall 101031 (2022) Kat:3, Licht: 0","101031","3","7","0","03","18","7","","0","0","0","0","1"
"POINT (11.587074811999999 48.210405385999998)","Unfall 101047 (2022) Kat:3, Licht: 0","101047","3","2","5","03","11","6","","0","1","1","0","0"
"POINT (11.556868333000100 48.090569957000099)","Unfall 101070 (2022) Kat:3, Licht: 2","101070","3","3","5","03","19","1","","2","0","1","0","0"
"POINT (11.393935412000101 48.144494634000097)","Unfall 101160 (2022) Kat:3, Licht: 0","101160","3","1","2","03","15","4","","0","0","1","0","0"
"POINT (11.512634558000100 48.142067013000002)","Unfall 101174 (2022) Kat:3, Licht: 0","101174","3","6","2","04","17","6","","0","0","1","0","0"
"POINT (11.617404918000000 48.112159602000098)","Unfall 101179 (2022) Kat:3, Licht: 2","101179","3","5","0","03","19","2","","2","0","1","0","0"
"POINT (11.618229938000100 48.116618355000099)","Unfall 101215 (2022) Kat:3, Licht: 2","101215","3","6","2","03","19","2","","2","0","1","0","0"
"POINT (11.539823139000100 48.109861518999999)","Unfall 101222 (2022) Kat:3, Licht: 0","101222","3","6","2","03","08","3","","0","0","1","0","0"
"POINT (11.615983799000000 48.150783351000001)","Unfall 101228 (2022) Kat:3, Licht: 0","101228","3","6","3","03","09","4","","0","0","1","0","0"
"POINT (11.603696815999999 48.157436621999999)","Unfall 101313 (2022) Kat:3, Licht: 2","101313","3","6","2","05","00","4","","2","0","1","0","0"
"POINT (11.423468323000099 48.173154684000103)","Unfall 101341 (2022) Kat:3, Licht: 0","101341","3","6","2","04","14","7","","0","0","1","0","0"
"POINT (11.585068709000000 48.177815922000001)","Unfall 101379 (2022) Kat:3, Licht: 0","101379","3","2","3","05","12","5","","0","1","1","0","0"
"POINT (11.412834036000000 48.164970629000003)","Unfall 101383 (2022) Kat:3, Licht: 1","101383","3","2","4","05","20","4","","1","0","1","0","1"
"POINT (11.615901343000100 48.132435440000101)","Unfall 101391 (2022) Kat:3, Licht: 0","101391","3","6","3","04","13","3","","0","0","1","0","1"
"POINT (11.568448591999999 48.176952351000097)","Unfall 101431 (2022) Kat:2, Licht: 2","101431","2","7","0","05","20","4","","2","1","0","0","0"
"POINT (11.521186822000100 48.090491645000000)","Unfall 101498 (2022) Kat:3, Licht: 0","101498","3","7","3","04","15","2","","0","0","1","0","0"
"POINT (11.481494639000100 48.088000848999997)","Unfall 101521 (2022) Kat:3, Licht: 0","101521","3","4","6","05","08","4","","0","0","1","1","0"
"POINT (11.594539465000000 48.177714068999997)","Unfall 101542 (2022) Kat:3, Licht: 0","101542","3","6","2","05","17","2","","0","0","1","0","0"
"POINT (11.487513177000000 48.086419558999999)","Unfall 101684 (2022) Kat:3, Licht: 0","101684","3","3","5","05","17","2","","0","0","1","0","0"
"POINT (11.423810150000101 48.142848927999999)","Unfall 101687 (2022) Kat:3, Licht: 0","101687","3","2","4","05","19","3","","0","0","1","0","0"
"POINT (11.624803931000001 48.092410354000002)","Unfall 101698 (2022) Kat:3, Licht: 0","101698","3","3","5","04","19","3","","0","0","1","0","0"
"POINT (11.634574537000001 48.127302624000002)","Unfall 101738 (2022) Kat:3, Licht: 2","101738","3","1","8","04","20","2","","2","0","0","0","1"
"POINT (11.398267963000000 48.138695332000097)","Unfall 101772 (2022) Kat:3, Licht: 0","101772","3","6","2","04","15","2","","0","0","1","0","0"
"POINT (11.430052806000001 48.152028578000099)","Unfall 101776 (2022) Kat:3, Licht: 0","101776","3","7","0","05","19","7","","0","1","0","0","0"
"POINT (11.624466866000001 48.163379548000101)","Unfall 101816 (2022) Kat:3, Licht: 0","101816","3","7","5","04","16","1","","0","0","1","0","0"
"POINT (11.528097975000000 48.079850622000002)","Unfall 101817 (2022) Kat:2, Licht: 0","101817","2","6","1","05","16","5","","0","1","0","0","0"
"POINT (11.444115697000001 48.204473012000101)","Unfall 101848 (2022) Kat:3, Licht: 2","101848","3","7","4","04","21","6","","2","0","1","0","0"
"POINT (11.652260544000100 48.094647344000101)","Unfall 101938 (2022) Kat:2, Licht: 0","101938","2","7","1","05","07","4","","0","0","1","0","0"
"POINT (11.477420912000101 48.115599836999998)","Unfall 101977 (2022) Kat:3, Licht: 2","101977","3","2","6","04","20","2","","2","0","1","1","0"
"POINT (11.534684964000100 48.142311425000102)","Unfall 101996 (2022) Kat:3, Licht: 0","101996","3","6","3","05","16","2","","0","1","0","0","0"
"POINT (11.536355420000101 48.146273147000002)","Unfall 102036 (2022) Kat:3, Licht: 0","102036","3","3","5","05","07","5","","0","1","0","0","0"
"POINT (11.457043522999999 48.153268761000000)","Unfall 102054 (2022) Kat:3, Licht: 0","102054","3","7","9","05","17","7","","0","0","1","0","0"
"POINT (11.702385558000101 48.112811223999998)","Unfall 102155 (2022) Kat:3, Licht: 0","102155","3","7","6","05","08","7","","0","0","1","1","0"
"POINT (11.511997705000100 48.142138696000103)","Unfall 102177 (2022) Kat:3, Licht: 0","102177","3","6","3","05","15","6","","0","0","1","0","0"
"POINT (11.597464390000001 48.167346309000003)","Unfall 102213 (2022) Kat:2, Licht: 0","102213","2","6","2","05","15","2","","0","0","1","0","0"
"POINT (11.518472502000099 48.123963901000103)","Unfall 102219 (2022) Kat:3, Licht: 0","102219","3","6","2","04","16","6","","0","0","1","0","0"
"POINT (11.541255765000100 48.100732610000101)","Unfall 102259 (2022) Kat:3, Licht: 0","102259","3","6","1","05","11","4","","0","0","1","0","0"
"POINT (11.593133126000099 48.105958483999999)","Unfall 102268 (2022) Kat:3, Licht: 0","102268","3","6","3","05","17","2","","0","0","1","0","1"
"POINT (11.504401945000000 48.103728150999999)","Unfall 102275 (2022) Kat:2, Licht: 0","102275","2","6","3","04","17","1","","0","0","1","0","1"
"POINT (11.516746522000100 48.124194418000101)","Unfall 102309 (2022) Kat:3, Licht: 0","102309","3","6","2","04","12","3","","0","0","1","0","0"
"POINT (11.542280083000000 48.228209386000103)","Unfall 102407 (2022) Kat:3, Licht: 0","102407","3","6","1","04","17","5","","0","0","1","0","0"
"POINT (11.683577267000000 48.118486222999998)","Unfall 102413 (2022) Kat:3, Licht: 0","102413","3","3","5","05","07","2","","0","1","1","0","0"
"POINT (11.513926137000100 48.113294252999999)","Unfall 102431 (2022) Kat:3, Licht: 0","102431","3","2","5","05","18","5","","0","1","1","0","0"
"POINT (11.584753028000000 48.184079219000097)","Unfall 102432 (2022) Kat:3, Licht: 1","102432","3","2","4","04","20","3","","1","0","1","0","0"
"POINT (11.518800685000000 48.141292366000101)","Unfall 102437 (2022) Kat:3, Licht: 0","102437","3","2","5","05","16","7","","0","0","1","0","0"
"POINT (11.423428038000100 48.142793511000001)","Unfall 102462 (2022) Kat:3, Licht: 0","102462","3","3","3","04","15","6","","0","1","1","0","0"
"POINT (11.584433176000100 48.188189840000099)","Unfall 102483 (2022) Kat:3, Licht: 0","102483","3","7","6","04","06","2","","0","1","0","1","0"
"POINT (11.584319263000101 48.189491508000103)","Unfall 102509 (2022) Kat:3, Licht: 0","102509","3","2","4","05","08","2","","0","0","1","0","0"
"POINT (11.624461693000100 48.211256408000096)","Unfall 102583 (2022) Kat:3, Licht: 2","102583","3","6","2","05","00","2","","2","0","1","0","0"
"POINT (11.523757506999999 48.075768093000100)","Unfall 102625 (2022) Kat:3, Licht: 0","102625","3","2","4","04","14","4","","0","0","1","0","1"
"POINT (11.600253631999999 48.176068358000101)","Unfall 102636 (2022) Kat:3, Licht: 2","102636","3","6","2","05","22","2","","2","0","1","0","0"
"POINT (11.495735845000100 48.086367676000101)","Unfall 102682 (2022) Kat:3, Licht: 0","102682","3","2","6","05","12","6","","0","0","1","1","0"
"POINT (11.625798617999999 48.102880839000100)","Unfall 102727 (2022) Kat:3, Licht: 0","102727","3","3","5","04","15","5","","0","0","0","0","1"
"POINT (11.617401069000000 48.137037491999997)","Unfall 102747 (2022) Kat:3, Licht: 0","102747","3","6","2","04","08","2","","0","0","1","0","0"
"POINT (11.566692760000000 48.112597913999998)","Unfall 102824 (2022) Kat:3, Licht: 0","102824","3","6","2","05","15","6","","0","0","1","0","1"
"POINT (11.395873022000000 48.140887263000103)","Unfall 102844 (2022) Kat:3, Licht: 0","102844","3","7","9","04","17","3","","0","0","1","0","0"
"POINT (11.625639969000099 48.197885615000096)","Unfall 102879 (2022) Kat:3, Licht: 0","102879","3","3","1","04","11","7","","0","0","1","0","0"
"POINT (11.600002024000000 48.107702287000102)","Unfall 102881 (2022) Kat:3, Licht: 0","102881","3","1","0","05","07","5","","0","0","0","0","1"
"POINT (11.423899312000099 48.142861005000000)","Unfall 102887 (2022) Kat:3, Licht: 0","102887","3","2","3","05","13","6","","0","1","1","0","0"
"POINT (11.603834101000100 48.179328591000100)","Unfall 102914 (2022) Kat:3, Licht: 0","102914","3","2","4","04","15","4","","0","0","1","0","0"
"POINT (11.626065221999999 48.100979079000098)","Unfall 102935 (2022) Kat:3, Licht: 0","102935","3","7","0","05","13","7","","0","0","0","0","1"
"POINT (11.664853503000099 48.121400811999997)","Unfall 102956 (2022) Kat:3, Licht: 0","102956","3","7","0","05","07","3","","0","0","0","0","0"
"POINT (11.534172426000101 48.136175363000099)","Unfall 102966 (2022) Kat:3, Licht: 0","102966","3","3","5","05","11","3","","0","1","1","0","0"
"POINT (11.585466540000001 48.177828083000101)","Unfall 103021 (2022) Kat:3, Licht: 2","103021","3","7","0","04","01","7","","2","0","0","0","1"
"POINT (11.461386814000001 48.179330120000003)","Unfall 103032 (2022) Kat:3, Licht: 1","103032","3","6","4","04","19","6","","1","1","0","0","0"
"POINT (11.584305239000100 48.189671529000101)","Unfall 103042 (2022) Kat:3, Licht: 0","103042","3","3","5","05","11","3","","0","1","1","0","0"
"POINT (11.502479333000100 48.112031654000099)","Unfall 103086 (2022) Kat:3, Licht: 0","103086","3","3","5","05","09","4","","0","0","1","0","0"
"POINT (11.392398238000100 48.146134517000100)","Unfall 103099 (2022) Kat:3, Licht: 0","103099","3","3","5","05","13","7","","0","0","1","0","0"
"POINT (11.624548960000000 48.184910598000002)","Unfall 103139 (2022) Kat:2, Licht: 0","103139","2","6","4","05","12","1","","0","0","1","0","0"
"POINT (11.601769581999999 48.159251746000102)","Unfall 103160 (2022) Kat:3, Licht: 0","103160","3","6","2","04","15","5","","0","0","1","0","1"
"POINT (11.486038013000000 48.086722385000002)","Unfall 103228 (2022) Kat:3, Licht: 0","103228","3","1","7","05","14","2","","0","1","0","0","0"
"POINT (11.624469567000100 48.211272662000098)","Unfall 103279 (2022) Kat:3, Licht: 0","103279","3","6","2","05","14","6","","0","0","1","0","0"
"POINT (11.584314507000000 48.187982019000103)","Unfall 103312 (2022) Kat:3, Licht: 1","103312","3","2","5","05","20","4","","1","1","1","0","0"
"POINT (11.620279705000000 48.120472104000001)","Unfall 103405 (2022) Kat:3, Licht: 0","103405","3","2","4","05","15","4","","0","1","1","0","0"
"POINT (11.541329634000000 48.095111035000102)","Unfall 103407 (2022) Kat:3, Licht: 2","103407","3","7","1","04","03","7","","2","0","1","0","0"
"POINT (11.645231804000000 48.091792722999998)","Unfall 103510 (2022) Kat:3, Licht: 0","103510","3","7","3","05","17","6","","0","0","1","0","1"
"POINT (11.507834995000101 48.112574553999998)","Unfall 103518 (2022) Kat:3, Licht: 0","103518","3","2","5","04","13","4","","0","1","1","0","0"
"POINT (11.452917037000100 48.204522674000003)","Unfall 103523 (2022) Kat:3, Licht: 0","103523","3","6","3","05","12","4","","0","0","1","0","0"
"POINT (11.515980964000100 48.090311366000002)","Unfall 103535 (2022) Kat:3, Licht: 0","103535","3","7","5","05","14","5","","0","1","1","0","0"
"POINT (11.570058213999999 48.111373893000099)","Unfall 103567 (2022) Kat:2, Licht: 0","103567","2","7","6","04","14","6","","0","0","1","1","0"
"POINT (11.610596244000000 48.185802246999998)","Unfall 103577 (2022) Kat:3, Licht: 0","103577","3","3","5","05","19","3","","0","0","1","0","0"
"POINT (11.541230843000100 48.100820514000098)","Unfall 103590 (2022) Kat:3, Licht: 0","103590","3","6","1","05","08","4","","0","0","1","0","0"
"POINT (11.598460550000000 48.161900506000102)","Unfall 103605 (2022) Kat:3, Licht: 0","103605","3","1","2","05","15","4","","0","0","1","0","0"
"POINT (11.543136082000000 48.200575114000102)","Unfall 103635 (2022) Kat:2, Licht: 0","103635","2","2","3","04","11","4","","0","1","0","0","0"
"POINT (11.644732530000100 48.126028304000002)","Unfall 103637 (2022) Kat:3, Licht: 0","103637","3","2","5","05","18","2","","0","1","1","0","0"
"POINT (11.626248363000100 48.222515635000001)","Unfall 103644 (2022) Kat:3, Licht: 2","103644","3","7","9","04","00","1","","2","0","1","0","0"
"POINT (11.494989858000100 48.143882695000102)","Unfall 103729 (2022) Kat:3, Licht: 0","103729","3","6","2","05","16","6","","0","0","1","0","0"
"POINT (11.494416052000100 48.210595669999996)","Unfall 103736 (2022) Kat:3, Licht: 0","103736","3","6","3","04","16","5","","0","0","1","0","0"
"POINT (11.701283046000100 48.113108054000101)","Unfall 103826 (2022) Kat:3, Licht: 0","103826","3","4","6","05","13","7","","0","1","0","1","0"
"POINT (11.665045084999999 48.121336649000099)","Unfall 103838 (2022) Kat:3, Licht: 0","103838","3","6","2","04","08","3","","0","0","1","0","0"
"POINT (11.520009577000099 48.123602796999997)","Unfall 103850 (2022) Kat:3, Licht: 0","103850","3","6","2","05","12","4","","0","0","1","0","0"
"POINT (11.646649270000101 48.096371101999999)","Unfall 103859 (2022) Kat:3, Licht: 0","103859","3","3","5","05","08","3","","0","0","1","0","0"
"POINT (11.607950121000000 48.155695326000099)","Unfall 103862 (2022) Kat:3, Licht: 0","103862","3","1","0","05","15","3","","0","1","0","0","0"
"POINT (11.537893404000000 48.164602150000100)","Unfall 103923 (2022) Kat:3, Licht: 0","103923","3","6","3","05","15","3","","0","0","1","0","0"
"POINT (11.623757595000001 48.138147514000103)","Unfall 103925 (2022) Kat:3, Licht: 0","103925","3","6","3","05","14","3","","0","0","1","0","0"
"POINT (11.573818358000000 48.111960388000099)","Unfall 103926 (2022) Kat:3, Licht: 0","103926","3","1","9","05","19","6","","0","0","1","0","0"
"POINT (11.596356932999999 48.179590206000100)","Unfall 103972 (2022) Kat:3, Licht: 0","103972","3","7","0","05","13","7","","0","0","1","0","0"
"POINT (11.604006391000000 48.108542137000001)","Unfall 103977 (2022) Kat:3, Licht: 0","103977","3","2","4","05","10","4","","0","1","1","0","0"
"POINT (11.621713918000101 48.137243726000101)","Unfall 104054 (2022) Kat:3, Licht: 0","104054","3","3","5","05","08","3","","0","0","1","0","0"
"POINT (11.472498916000101 48.209718650000099)","Unfall 104059 (2022) Kat:3, Licht: 0","104059","3","6","3","05","15","3","","0","0","1","0","0"
"POINT (11.622754143000099 48.185676762000099)","Unfall 104065 (2022) Kat:3, Licht: 0","104065","3","6","2","05","07","3","","0","0","1","0","0"
"POINT (11.503640856000100 48.142903199999999)","Unfall 104074 (2022) Kat:3, Licht: 0","104074","3","3","5","05","12","2","","0","1","1","0","0"
"POINT (11.522803506000100 48.109905558999998)","Unfall 104096 (2022) Kat:3, Licht: 0","104096","3","6","2","05","18","1","","0","0","1","0","0"
"POINT (11.634674879000000 48.218358119000101)","Unfall 104107 (2022) Kat:3, Licht: 2","104107","3","7","8","05","01","4","","2","0","1","0","0"
"POINT (11.664328737000099 48.121566390000098)","Unfall 104151 (2022) Kat:3, Licht: 0","104151","3","4","6","05","20","6","","0","1","0","1","0"
"POINT (11.395648197000099 48.141336160000002)","Unfall 104223 (2022) Kat:3, Licht: 0","104223","3","6","2","05","16","4","","0","0","1","0","0"
"POINT (11.536880769000000 48.151516999000101)","Unfall 104235 (2022) Kat:3, Licht: 2","104235","3","1","8","05","03","3","","2","0","1","0","0"
"POINT (11.608097135000000 48.183340761000103)","Unfall 104281 (2022) Kat:3, Licht: 0","104281","3","6","3","05","09","3","","0","0","0","0","1"
"POINT (11.616620795000101 48.132957503000100)","Unfall 104284 (2022) Kat:3, Licht: 0","104284","3","1","0","05","07","6","","0","1","0","0","0"
"POINT (11.535924657000100 48.186858133000001)","Unfall 104306 (2022) Kat:3, Licht: 0","104306","3","3","5","05","18","3","","0","1","1","0","0"
"POINT (11.553457234000099 48.183634793000103)","Unfall 104329 (2022) Kat:3, Licht: 0","104329","3","6","2","05","15","3","","0","0","1","0","0"
"POINT (11.541220417000000 48.100865143000100)","Unfall 104359 (2022) Kat:3, Licht: 0","104359","3","3","5","05","14","3","","0","1","1","0","0"
"POINT (11.479429789000100 48.088630567000102)","Unfall 104410 (2022) Kat:3, Licht: 0","104410","3","2","5","05","17","4","","0","1","1","0","0"
"POINT (11.499440749000000 48.112191473999999)","Unfall 104418 (2022) Kat:3, Licht: 0","104418","3","2","4","05","10","5","","0","1","1","0","0"
"POINT (11.595156021999999 48.174569754000103)","Unfall 104451 (2022) Kat:3, Licht: 0","104451","3","6","2","05","14","6","","0","0","1","0","0"
"POINT (11.507474326000001 48.125300977999999)","Unfall 104467 (2022) Kat:3, Licht: 0","104467","3","6","1","05","18","6","","0","0","1","0","0"
"POINT (11.630638996000100 48.128235056000101)","Unfall 104472 (2022) Kat:3, Licht: 0","104472","3","2","0","05","13","2","","0","0","1","1","0"
"POINT (11.560128873000100 48.112677288999997)","Unfall 104473 (2022) Kat:3, Licht: 0","104473","3","6","2","05","15","4","","0","0","1","0","0"
"POINT (11.488529751000000 48.086047710000102)","Unfall 104477 (2022) Kat:3, Licht: 0","104477","3","6","2","05","16","4","","0","0","1","0","0"
"POINT (11.469795559000000 48.209706807000003)","Unfall 104484 (2022) Kat:3, Licht: 0","104484","3","6","3","05","20","4","","0","0","1","0","0"
"POINT (11.546848738000101 48.176292752000101)","Unfall 104494 (2022) Kat:3, Licht: 0","104494","3","6","3","05","18","3","","0","0","1","0","0"
"POINT (11.584249608000100 48.195924837000099)","Unfall 104576 (2022) Kat:3, Licht: 0","104576","3","2","5","05","16","2","","0","1","1","0","0"
"POINT (11.453384482000001 48.147136158000102)","Unfall 104584 (2022) Kat:3, Licht: 0","104584","3","7","0","05","18","6","","0","1","0","0","0"
"POINT (11.518869215000100 48.141365473000100)","Unfall 104621 (2022) Kat:2, Licht: 0","104621","2","3","5","05","06","5","","0","0","1","0","0"
"POINT (11.618823225000000 48.117967818000103)","Unfall 104647 (2022) Kat:3, Licht: 0","104647","3","6","2","05","13","7","","0","0","1","0","0"
"POINT (11.577323826000100 48.111165459000098)","Unfall 104669 (2022) Kat:3, Licht: 0","104669","3","3","5","05","16","3","","0","1","1","0","0"
"POINT (11.448506834000099 48.146262499999999)","Unfall 104732 (2022) Kat:3, Licht: 0","104732","3","3","5","05","17","2","","0","0","1","0","0"
"POINT (11.484688455000001 48.212550399000101)","Unfall 104740 (2022) Kat:3, Licht: 0","104740","3","4","6","05","11","6","","0","0","1","1","0"
"POINT (11.702963759999999 48.112679368000002)","Unfall 104809 (2022) Kat:2, Licht: 0","104809","2","7","6","05","12","3","","0","0","1","1","0"
"POINT (11.574380326000000 48.108779415000100)","Unfall 104856 (2022) Kat:3, Licht: 0","104856","3","7","0","05","20","6","","0","0","0","1","1"
"POINT (11.569948394000100 48.111321769000000)","Unfall 104858 (2022) Kat:3, Licht: 0","104858","3","1","0","05","14","4","","0","1","0","0","0"
"POINT (11.617699220000100 48.130604054999999)","Unfall 104860 (2022) Kat:3, Licht: 0","104860","3","3","5","05","16","2","","0","1","1","0","0"
"POINT (11.502079704000000 48.193000846000103)","Unfall 104873 (2022) Kat:3, Licht: 2","104873","3","6","3","05","21","3","","2","0","1","0","0"
"POINT (11.563486848000000 48.095916815000102)","Unfall 104893 (2022) Kat:2, Licht: 0","104893","2","4","6","05","10","3","","0","0","1","1","0"
"POINT (11.566080481000000 48.113196727000101)","Unfall 104918 (2022) Kat:3, Licht: 0","104918","3","6","2","05","09","4","","0","0","1","0","0"
"POINT (11.623102909000099 48.104945664000098)","Unfall 104922 (2022) Kat:3, Licht: 0","104922","3","2","5","05","09","4","","0","1","1","0","0"
"POINT (11.683694892000100 48.118369616999999)","Unfall 104942 (2022) Kat:3, Licht: 0","104942","3","2","5","05","09","1","","0","1","1","0","0"
"POINT (11.479665630000101 48.088510810999999)","Unfall 104971 (2022) Kat:3, Licht: 0","104971","3","6","3","05","08","3","","0","0","1","0","0"
"POINT (11.487394102000099 48.085972310999999)","Unfall 104976 (2022) Kat:2, Licht: 0","104976","2","6","3","05","08","4","","0","1","0","0","0"
"POINT (11.616160684000000 48.134115484000098)","Unfall 104980 (2022) Kat:3, Licht: 2","104980","3","6","2","05","15","4","","2","0","1","0","0"
"POINT (11.517746912000099 48.119220515000102)","Unfall 104982 (2022) Kat:3, Licht: 0","104982","3","3","5","05","12","3","","0","0","1","0","0"
"POINT (11.624522360000100 48.129456139000098)","Unfall 105013 (2022) Kat:3, Licht: 0","105013","3","6","2","05","17","5","","0","0","1","0","0"
"POINT (11.529276915000001 48.109990338000003)","Unfall 105036 (2022) Kat:3, Licht: 0","105036","3","6","2","05","06","2","","0","0","1","0","0"
"POINT (11.535923463000101 48.146846762000102)","Unfall 105078 (2022) Kat:3, Licht: 0","105078","3","3","5","05","10","7","","0","1","0","0","0"
"POINT (11.474930596000000 48.210096348999997)","Unfall 105095 (2022) Kat:3, Licht: 0","105095","3","6","2","06","10","4","","0","0","0","0","0"
"POINT (11.676866560000100 48.119390730000099)","Unfall 105096 (2022) Kat:3, Licht: 0","105096","3","2","5","06","19","4","","0","1","1","0","0"
"POINT (11.554263811000100 48.182204143000000)","Unfall 105155 (2022) Kat:3, Licht: 0","105155","3","2","5","06","14","7","","0","1","1","0","0"
"POINT (11.480204763000099 48.216760840000099)","Unfall 105163 (2022) Kat:3, Licht: 0","105163","3","2","4","06","21","3","","0","0","0","0","1"
"POINT (11.533995915000000 48.140166872000101)","Unfall 105226 (2022) Kat:2, Licht: 0","105226","2","3","5","06","14","4","","0","1","0","0","0"
"POINT (11.461280189000000 48.181626829999999)","Unfall 105288 (2022) Kat:3, Licht: 0","105288","3","3","0","06","17","2","","0","0","1","0","0"
"POINT (11.495907963000001 48.194148065999997)","Unfall 105297 (2022) Kat:3, Licht: 0","105297","3","1","0","06","17","3","","0","0","0","0","1"
"POINT (11.653968299000001 48.094093119000000)","Unfall 105303 (2022) Kat:3, Licht: 0","105303","3","6","2","06","14","6","","0","0","1","0","0"
"POINT (11.455868060000100 48.139450549999999)","Unfall 105331 (2022) Kat:3, Licht: 0","105331","3","7","8","06","15","4","","0","0","0","0","0"
"POINT (11.535511799000099 48.145752416999997)","Unfall 105367 (2022) Kat:3, Licht: 0","105367","3","6","3","06","07","5","","0","0","0","0","0"
"POINT (11.595416815000000 48.174345000000102)","Unfall 105373 (2022) Kat:3, Licht: 2","105373","3","2","5","06","23","4","","2","1","1","0","0"
"POINT (11.536605880000000 48.152094677000001)","Unfall 105454 (2022) Kat:3, Licht: 1","105454","3","1","0","06","19","6","","1","1","0","0","0"
"POINT (11.584157292000000 48.191524610000002)","Unfall 105475 (2022) Kat:3, Licht: 1","105475","3","1","0","06","05","7","","1","1","0","0","0"
"POINT (11.493206076000000 48.144057175999997)","Unfall 105504 (2022) Kat:3, Licht: 2","105504","3","6","3","06","20","4","","2","0","1","0","1"
"POINT (11.585054058000001 48.177721249000101)","Unfall 105514 (2022) Kat:3, Licht: 0","105514","3","2","6","06","16","5","","0","0","1","1","0"
"POINT (11.453130257000099 48.146882839000099)","Unfall 105592 (2022) Kat:2, Licht: 0","105592","2","3","5","06","15","1","","0","1","1","0","0"
"POINT (11.622921542000000 48.129773821000100)","Unfall 105633 (2022) Kat:3, Licht: 0","105633","3","7","4","06","19","3","","0","1","1","0","0"
"POINT (11.503127766000000 48.087486269000102)","Unfall 105665 (2022) Kat:3, Licht: 2","105665","3","2","4","06","21","4","","2","0","1","0","0"
"POINT (11.555354289000000 48.226817822999998)","Unfall 105673 (2022) Kat:3, Licht: 0","105673","3","6","2","06","18","5","","0","0","1","0","0"
"POINT (11.659245084000100 48.091578368000100)","Unfall 105685 (2022) Kat:2, Licht: 0","105685","2","7","1","06","15","5","","0","0","1","0","0"
"POINT (11.521921534000100 48.123749492000101)","Unfall 105712 (2022) Kat:2, Licht: 0","105712","2","1","9","06","17","3","","0","0","0","0","1"
"POINT (11.587708878000100 48.104720013000097)","Unfall 105731 (2022) Kat:3, Licht: 0","105731","3","6","2","06","12","2","","0","0","1","0","0"
"POINT (11.576018155000000 48.111377388999998)","Unfall 105737 (2022) Kat:3, Licht: 0","105737","3","3","5","06","07","2","","0","1","0","0","0"
"POINT (11.522220094000000 48.124022648000100)","Unfall 105773 (2022) Kat:3, Licht: 0","105773","3","1","0","06","15","1","","0","0","0","0","1"
"POINT (11.558827361000100 48.175951562000101)","Unfall 105819 (2022) Kat:3, Licht: 0","105819","3","7","5","06","11","1","","0","0","1","0","0"
"POINT (11.605493845000099 48.108728056000103)","Unfall 105892 (2022) Kat:3, Licht: 0","105892","3","3","5","06","07","6","","0","0","1","0","0"
"POINT (11.541620129000000 48.097611636000103)","Unfall 106070 (2022) Kat:3, Licht: 0","106070","3","7","0","06","13","6","","0","0","1","0","0"
"POINT (11.474493937000000 48.145311116000101)","Unfall 106079 (2022) Kat:2, Licht: 0","106079","2","6","6","06","19","3","","0","1","0","1","0"
"POINT (11.495217070000001 48.124686828999998)","Unfall 106207 (2022) Kat:3, Licht: 0","106207","3","7","3","06","11","2","","0","0","1","0","0"
"POINT (11.612138283000000 48.110289941000097)","Unfall 106259 (2022) Kat:3, Licht: 0","106259","3","3","5","06","13","5","","0","1","1","0","0"
"POINT (11.530520569000000 48.187413517000003)","Unfall 106336 (2022) Kat:3, Licht: 2","106336","3","7","9","06","02","4","","2","0","1","0","0"
"POINT (11.612533524000099 48.110469109000100)","Unfall 106337 (2022) Kat:3, Licht: 0","106337","3","1","0","06","12","5","","0","1","0","0","0"
"POINT (11.535413959000000 48.186960718000101)","Unfall 106393 (2022) Kat:3, Licht: 0","106393","3","2","3","06","17","2","","0","1","1","0","0"
"POINT (11.518647382999999 48.141309837999998)","Unfall 106419 (2022) Kat:3, Licht: 0","106419","3","2","5","06","10","4","","0","1","1","0","0"
"POINT (11.485009399999999 48.211734610000100)","Unfall 106434 (2022) Kat:3, Licht: 0","106434","3","6","3","06","07","6","","0","0","1","0","0"
"POINT (11.586288327000000 48.205427366999999)","Unfall 106458 (2022) Kat:3, Licht: 0","106458","3","6","2","06","12","2","","0","0","1","0","0"
"POINT (11.597138831000100 48.107089225999999)","Unfall 106483 (2022) Kat:3, Licht: 0","106483","3","3","5","06","17","4","","0","1","1","0","0"
"POINT (11.537289989000000 48.157762931000001)","Unfall 106487 (2022) Kat:3, Licht: 0","106487","3","6","2","06","11","2","","0","0","1","0","0"