WKT,Name,OBJECTID,UKATEGORIE,UTYP1,UART,UMONAT,USTUNDE,UWOCHENTAG,STRZUSTAND,ULICHTVERH,ISTRAD,ISTPKW,ISTFUSS,ISTKRAD
"POINT (11.516588497000001 48.141609879999997)","Unfall 106504 (2022) Kat:3, Licht: 0","106504","3","7","3","06","09","4","","0","0","1","0","0"
"POINT (11.567238008000100 48.101581101000100)","Unfall 106516 (2022) Kat:3, Licht: 2","106516","3","5","1","06","23","5","","2","1","1","0","0"
"POINT (11.651594300000101 48.104358038000001)","Unfall 106523 (2022) Kat:2, Licht: 0","106523","2","1","0","06","21","4","","0","1","0","0","0"
"POINT (11.541366609000001 48.225637997000000)","Unfall 106540 (2022) Kat:3, Licht: 0","106540","3","1","0","06","19","1","","0","0","0","0","1"
"POINT (11.615292589999999 48.111733643000001)","Unfall 106544 (2022) Kat:3, Licht: 0","106544","3","6","2","06","16","6","","0","0","1","0","0"
"POINT (11.515037735000000 48.124427177000001)","Unfall 106545 (2022) Kat:3, Licht: 0","106545","3","6","2","06","18","3","","0","0","1","0","0"
"POINT (11.539162475000101 48.172931775999999)","Unfall 106572 (2022) Kat:3, Licht: 0","106572","3","6","3","06","14","7","","0","0","1","0","0"
"POINT (11.584599057000000 48.184338448000098)","Unfall 106628 (2022) Kat:3, Licht: 0","106628","3","6","3","06","17","7","","0","1","0","0","0"
"POINT (11.398804670000100 48.179603896000103)","Unfall 106633 (2022) Kat:3, Licht: 0","106633","3","2","5","06","17","4","","0","1","1","0","0"
"POINT (11.536774804000100 48.148593050000002)","Unfall 106698 (2022) Kat:3, Licht: 0","106698","3","6","2","06","07","5","","0","0","1","0","0"
"POINT (11.616207684000100 48.130920347000000)","Unfall 106724 (2022) Kat:3, Licht: 2","106724","3","6","1","06","01","1","","2","0","1","0","1"
"POINT (11.614448630000000 48.111508351000097)","Unfall 106727 (2022) Kat:3, Licht: 0","106727","3","3","5","06","19","1","","0","0","1","0","0"
"POINT (11.618310644000100 48.199415317000003)","Unfall 106732 (2022) Kat:3, Licht: 0","106732","3","6","1","06","17","5","","0","0","1","0","0"
"POINT (11.526078752000000 48.077604950000101)","Unfall 106743 (2022) Kat:3, Licht: 0","106743","3","2","6","06","17","3","","0","0","1","1","0"
"POINT (11.569916699000000 48.104604921000004)","Unfall 106822 (2022) Kat:3, Licht: 0","106822","3","6","3","06","12","2","","0","0","1","0","0"
"POINT (11.394442068000000 48.146176544000099)","Unfall 106833 (2022) Kat:3, Licht: 2","106833","3","3","5","06","00","6","","2","0","1","0","0"
"POINT (11.513888015000100 48.113293769999999)","Unfall 106897 (2022) Kat:3, Licht: 0","106897","3","3","5","06","15","3","","0","0","1","0","0"
"POINT (11.648882501999999 48.125577124000102)","Unfall 106906 (2022) Kat:3, Licht: 0","106906","3","3","5","06","07","3","","0","1","0","0","0"
"POINT (11.570086103000101 48.177319400999998)","Unfall 106910 (2022) Kat:3, Licht: 2","106910","3","6","2","06","16","4","","2","0","1","0","0"
"POINT (11.514379911000001 48.124517814000100)","Unfall 106956 (2022) Kat:3, Licht: 0","106956","3","6","2","07","12","6","","0","0","1","0","0"
"POINT (11.585697637000100 48.177467059000001)","Unfall 106971 (2022) Kat:3, Licht: 0","106971","3","6","2","06","07","3","","0","0","1","0","0"
"POINT (11.518746067000100 48.141382475999997)","Unfall 106979 (2022) Kat:3, Licht: 2","106979","3","6","3","06","02","5","","2","0","1","0","0"
"POINT (11.586805418999999 48.104681286000101)","Unfall 107052 (2022) Kat:3, Licht: 0","107052","3","6","2","06","12","4","","0","0","1","0","0"
"POINT (11.510716833000100 48.142289350000098)","Unfall 107069 (2022) Kat:3, Licht: 0","107069","3","6","4","07","17","7","","0","1","0","0","0"
"POINT (11.584356421000100 48.189033363000100)","Unfall 107077 (2022) Kat:3, Licht: 0","107077","3","7","3","07","16","7","","0","0","1","0","0"
"POINT (11.615842161000000 48.144921185999998)","Unfall 107078 (2022) Kat:3, Licht: 0","107078","3","6","2","07","14","6","","0","0","1","0","1"
"POINT (11.512305794000000 48.107731478000098)","Unfall 107123 (2022) Kat:3, Licht: 0","107123","3","6","2","07","07","5","","0","0","1","0","0"
"POINT (11.553227821000100 48.112286384000100)","Unfall 107139 (2022) Kat:3, Licht: 2","107139","3","6","3","07","15","2","","2","0","1","0","0"
"POINT (11.522878419000101 48.075085430000101)","Unfall 107176 (2022) Kat:3, Licht: 0","107176","3","3","5","07","17","6","","0","1","1","0","0"
"POINT (11.584303207000101 48.189697606000003)","Unfall 107182 (2022) Kat:3, Licht: 0","107182","3","3","5","06","10","7","","0","1","1","0","0"
"POINT (11.617783933000100 48.130589393000001)","Unfall 107214 (2022) Kat:2, Licht: 0","107214","2","4","6","07","09","4","","0","0","0","1","0"
"POINT (11.611862624000000 48.153991797000103)","Unfall 107254 (2022) Kat:3, Licht: 2","107254","3","7","9","07","18","3","","2","0","1","0","0"
"POINT (11.541134089000000 48.101287047000000)","Unfall 107320 (2022) Kat:3, Licht: 0","107320","3","2","0","07","11","7","","0","1","1","0","0"
"POINT (11.516062911000100 48.141671535999997)","Unfall 107321 (2022) Kat:3, Licht: 0","107321","3","2","5","07","17","3","","0","1","1","0","0"
"POINT (11.577010595999999 48.177811357000103)","Unfall 107366 (2022) Kat:3, Licht: 2","107366","3","6","2","06","12","7","","2","0","1","0","0"
"POINT (11.626383591000000 48.199089808000103)","Unfall 107403 (2022) Kat:3, Licht: 0","107403","3","2","5","07","18","2","","0","1","1","0","0"
"POINT (11.541235767000000 48.100803144000103)","Unfall 107414 (2022) Kat:3, Licht: 0","107414","3","6","2","07","18","7","","0","0","1","0","0"
"POINT (11.604344919000001 48.157126507999998)","Unfall 107462 (2022) Kat:3, Licht: 0","107462","3","1","2","07","17","4","","0","0","1","0","1"
"POINT (11.436777358000001 48.144644165999999)","Unfall 107496 (2022) Kat:3, Licht: 0","107496","3","3","5","07","07","3","","0","1","0","0","0"
"POINT (11.535818745000000 48.186932054000103)","Unfall 107521 (2022) Kat:3, Licht: 0","107521","3","6","3","06","17","2","","0","0","1","0","1"
"POINT (11.441353432000000 48.149216412000001)","Unfall 107548 (2022) Kat:3, Licht: 0","107548","3","7","0","07","19","4","","0","1","0","0","0"
"POINT (11.630642908000000 48.128234051000000)","Unfall 107592 (2022) Kat:3, Licht: 0","107592","3","2","5","07","19","7","","0","1","1","0","0"
"POINT (11.480411383000000 48.115165666999999)","Unfall 107595 (2022) Kat:3, Licht: 2","107595","3","2","4","06","23","6","","2","0","1","0","1"
"POINT (11.630122009000001 48.138487930000103)","Unfall 107609 (2022) Kat:2, Licht: 0","107609","2","6","2","07","16","7","","0","0","1","0","1"
"POINT (11.534116076000000 48.139978014000100)","Unfall 107615 (2022) Kat:3, Licht: 0","107615","3","3","5","06","15","5","","0","0","1","0","0"
"POINT (11.402319621000100 48.158089373999999)","Unfall 107622 (2022) Kat:2, Licht: 2","107622","2","6","2","07","09","5","","2","0","1","0","0"
"POINT (11.551592337000001 48.112403119000099)","Unfall 107702 (2022) Kat:3, Licht: 2","107702","3","6","2","07","21","6","","2","0","1","0","0"
"POINT (11.580230689000100 48.107109090000101)","Unfall 107712 (2022) Kat:3, Licht: 2","107712","3","1","0","07","01","7","","2","0","0","0","0"
"POINT (11.584988969000101 48.177322722000000)","Unfall 107775 (2022) Kat:3, Licht: 0","107775","3","2","4","07","14","3","","0","1","1","0","0"
"POINT (11.611358648000000 48.185971813000002)","Unfall 107811 (2022) Kat:3, Licht: 1","107811","3","6","2","07","21","7","","1","0","1","0","1"
"POINT (11.646417167999999 48.105861799000103)","Unfall 107813 (2022) Kat:3, Licht: 0","107813","3","3","5","07","07","4","","0","0","1","0","0"
"POINT (11.492047527000100 48.112767786000099)","Unfall 107833 (2022) Kat:3, Licht: 0","107833","3","7","2","07","08","2","","0","0","1","0","1"
"POINT (11.453841540999999 48.147913210000098)","Unfall 107842 (2022) Kat:3, Licht: 0","107842","3","7","0","07","16","6","","0","0","0","0","1"
"POINT (11.537461054000101 48.158331132999997)","Unfall 107863 (2022) Kat:3, Licht: 2","107863","3","6","3","07","21","3","","2","0","1","0","0"
"POINT (11.648853148000100 48.125489919000103)","Unfall 107868 (2022) Kat:3, Licht: 0","107868","3","7","0","06","12","6","","0","1","0","0","0"
"POINT (11.608780609000100 48.109193642000001)","Unfall 107899 (2022) Kat:3, Licht: 0","107899","3","2","2","07","16","7","","0","0","1","0","0"
"POINT (11.560679560000001 48.112748624000098)","Unfall 107935 (2022) Kat:3, Licht: 0","107935","3","6","3","07","09","6","","0","0","1","0","0"
"POINT (11.457737228999999 48.159249524000103)","Unfall 107943 (2022) Kat:3, Licht: 0","107943","3","6","4","07","15","6","","0","0","1","0","0"
"POINT (11.589890886999999 48.176826036000101)","Unfall 107980 (2022) Kat:3, Licht: 0","107980","3","6","1","07","18","4","","0","0","1","0","0"
"POINT (11.568864671000000 48.176967630000000)","Unfall 107999 (2022) Kat:3, Licht: 2","107999","3","6","2","06","12","4","","2","0","1","0","0"
"POINT (11.576090940000000 48.111323475000098)","Unfall 108013 (2022) Kat:3, Licht: 0","108013","3","6","2","06","19","5","","0","0","1","0","1"
"POINT (11.665098807000000 48.121318657000103)","Unfall 108018 (2022) Kat:3, Licht: 1","108018","3","6","2","07","21","1","","1","0","1","0","1"
"POINT (11.676722494000000 48.119490357000103)","Unfall 108083 (2022) Kat:3, Licht: 2","108083","3","3","3","07","22","2","","2","0","1","0","0"
"POINT (11.646996275999999 48.085143839000096)","Unfall 108123 (2022) Kat:3, Licht: 0","108123","3","3","1","07","08","4","","0","1","1","0","0"
"POINT (11.557761656000000 48.177125649000097)","Unfall 108128 (2022) Kat:3, Licht: 0","108128","3","2","5","06","10","7","","0","1","1","0","0"
"POINT (11.394862174000000 48.143021518000097)","Unfall 108149 (2022) Kat:3, Licht: 0","108149","3","6","2","07","20","7","","0","0","1","0","0"
"POINT (11.432213724000100 48.204308132999998)","Unfall 108150 (2022) Kat:3, Licht: 0","108150","3","6","2","07","15","2","","0","0","1","0","0"
"POINT (11.654338815000100 48.124833170999999)","Unfall 108192 (2022) Kat:3, Licht: 0","108192","3","2","0","07","16","5","","0","0","0","0","1"
"POINT (11.481310079000000 48.088134409000098)","Unfall 108321 (2022) Kat:3, Licht: 0","108321","3","1","0","07","13","3","","0","0","0","0","1"
"POINT (11.614111061000100 48.152828353000103)","Unfall 108357 (2022) Kat:3, Licht: 0","108357","3","6","4","07","13","1","","0","1","0","0","0"
"POINT (11.613969494000100 48.190595520999999)","Unfall 108360 (2022) Kat:3, Licht: 0","108360","3","6","2","07","07","5","","0","0","1","0","0"
"POINT (11.446018452000001 48.145934062999999)","Unfall 108364 (2022) Kat:3, Licht: 0","108364","3","7","0","07","08","4","","0","1","0","0","0"
"POINT (11.597471869000101 48.167357166000002)","Unfall 108368 (2022) Kat:2, Licht: 0","108368","2","6","2","06","13","7","","0","0","1","0","0"
"POINT (11.628691410000000 48.202865690000102)","Unfall 108394 (2022) Kat:3, Licht: 0","108394","3","6","4","07","16","1","","0","0","1","0","0"
"POINT (11.611236411000000 48.109915235000102)","Unfall 108448 (2022) Kat:3, Licht: 0","108448","3","3","5","07","13","6","","0","1","1","0","0"
"POINT (11.585514047000100 48.201495882000103)","Unfall 108491 (2022) Kat:3, Licht: 0","108491","3","2","5","07","12","7","","0","1","1","0","0"
"POINT (11.599386692000101 48.107563594000098)","Unfall 108562 (2022) Kat:2, Licht: 0","108562","2","6","2","06","15","5","","0","0","1","0","0"
"POINT (11.584867769000001 48.198250565000102)","Unfall 108568 (2022) Kat:3, Licht: 0","108568","3","6","2","07","09","4","","0","0","0","0","1"
"POINT (11.512084900000000 48.124666433000101)","Unfall 108579 (2022) Kat:3, Licht: 0","108579","3","6","3","06","13","2","","0","0","1","0","0"
"POINT (11.560909210000000 48.112686752000101)","Unfall 108584 (2022) Kat:3, Licht: 0","108584","3","1","0","07","19","5","","0","1","0","0","0"
"POINT (11.704864168000000 48.112381122000002)","Unfall 108598 (2022) Kat:3, Licht: 0","108598","3","6","1","07","11","2","","0","0","1","0","0"
"POINT (11.481205708000100 48.115009100000101)","Unfall 108602 (2022) Kat:3, Licht: 0","108602","3","2","5","07","14","6","","0","1","1","0","0"
"POINT (11.620645056000100 48.123262495000098)","Unfall 108605 (2022) Kat:3, Licht: 0","108605","3","6","2","06","14","6","","0","0","1","0","0"
"POINT (11.428974954000100 48.183685121000103)","Unfall 108644 (2022) Kat:3, Licht: 2","108644","3","6","2","07","23","7","","2","0","1","0","0"
"POINT (11.584308407000000 48.189630861000097)","Unfall 108651 (2022) Kat:2, Licht: 2","108651","2","2","5","07","22","7","","2","1","1","0","0"
"POINT (11.478884437000000 48.145198203000099)","Unfall 108663 (2022) Kat:2, Licht: 0","108663","2","6","2","07","20","1","","0","0","1","0","1"
"POINT (11.476248871000100 48.145276123000002)","Unfall 108727 (2022) Kat:3, Licht: 0","108727","3","6","1","06","15","6","","0","0","1","0","0"
"POINT (11.534456251000099 48.139825092000102)","Unfall 108793 (2022) Kat:3, Licht: 0","108793","3","6","0","07","11","2","","0","1","0","0","0"
"POINT (11.392303947000100 48.146132168000101)","Unfall 108803 (2022) Kat:3, Licht: 2","108803","3","2","5","07","21","2","","2","0","1","0","0"
"POINT (11.617808474000100 48.115376537000003)","Unfall 108846 (2022) Kat:3, Licht: 0","108846","3","3","6","07","07","5","","0","1","0","1","0"
"POINT (11.538477877000000 48.171277723999999)","Unfall 108847 (2022) Kat:2, Licht: 2","108847","2","6","3","07","00","7","","2","0","1","0","1"
"POINT (11.584924396000099 48.182140596000103)","Unfall 108861 (2022) Kat:3, Licht: 0","108861","3","2","5","07","07","4","","0","1","1","0","0"
"POINT (11.620090125000001 48.120341891000102)","Unfall 108896 (2022) Kat:3, Licht: 0","108896","3","6","2","07","15","6","","0","0","1","0","0"
"POINT (11.475899997999999 48.210102957000103)","Unfall 108905 (2022) Kat:3, Licht: 0","108905","3","6","4","07","07","2","","0","1","0","0","0"
"POINT (11.516490946999999 48.124229221000100)","Unfall 108927 (2022) Kat:3, Licht: 0","108927","3","6","2","07","08","5","","0","0","1","0","0"
"POINT (11.634626793000100 48.127292056999998)","Unfall 108934 (2022) Kat:3, Licht: 0","108934","3","1","0","07","18","3","","0","1","0","0","0"
"POINT (11.524304376000000 48.140761578000102)","Unfall 108960 (2022) Kat:3, Licht: 0","108960","3","2","3","06","08","5","","0","1","1","0","0"
"POINT (11.524302002000100 48.127932944000101)","Unfall 108961 (2022) Kat:3, Licht: 0","108961","3","6","2","07","07","3","","0","0","1","0","0"
"POINT (11.645020552000100 48.089264481999997)","Unfall 108998 (2022) Kat:2, Licht: 0","108998","2","1","0","07","17","7","","0","1","0","0","0"
"POINT (11.596169959000100 48.106665119000098)","Unfall 108999 (2022) Kat:3, Licht: 2","108999","3","3","5","07","22","6","","2","0","1","0","0"
"POINT (11.504193216000001 48.215844410999999)","Unfall 109027 (2022) Kat:2, Licht: 0","109027","2","1","3","07","20","3","","0","0","1","0","0"
"POINT (11.584392483000000 48.195959008999999)","Unfall 109103 (2022) Kat:3, Licht: 0","109103","3","6","2","07","18","5","","0","0","1","0","0"
"POINT (11.439186742000100 48.145037380000097)","Unfall 109114 (2022) Kat:3, Licht: 0","109114","3","6","4","06","15","2","","0","0","1","0","0"
"POINT (11.490268794000000 48.085030476000000)","Unfall 109117 (2022) Kat:3, Licht: 0","109117","3","3","5","07","14","2","","0","1","1","0","0"
"POINT (11.637242190000100 48.105922319999998)","Unfall 109138 (2022) Kat:3, Licht: 2","109138","3","3","1","07","22","5","","2","0","1","0","0"
"POINT (11.571382998000001 48.177685302000000)","Unfall 109211 (2022) Kat:3, Licht: 0","109211","3","6","2","07","15","6","","0","0","1","0","0"
"POINT (11.585189415000100 48.179210386000101)","Unfall 109220 (2022) Kat:3, Licht: 0","109220","3","1","8","06","15","1","","0","0","1","0","0"
"POINT (11.584634996000000 48.185234155000003)","Unfall 109244 (2022) Kat:3, Licht: 0","109244","3","3","5","06","10","6","","0","0","1","0","0"
"POINT (11.503159837000100 48.087497138000103)","Unfall 109249 (2022) Kat:3, Licht: 0","109249","3","2","5","07","07","4","","0","1","1","0","0"
"POINT (11.621285141000000 48.191805735999999)","Unfall 109301 (2022) Kat:3, Licht: 0","109301","3","7","5","07","12","1","","0","1","0","0","0"
"POINT (11.651635335000000 48.104446659000097)","Unfall 109338 (2022) Kat:2, Licht: 0","109338","2","3","5","07","16","1","","0","0","1","0","0"
"POINT (11.637377154999999 48.105955151000003)","Unfall 109408 (2022) Kat:3, Licht: 2","109408","3","3","5","07","21","5","","2","0","1","0","0"
"POINT (11.529069770000000 48.081316733999998)","Unfall 109423 (2022) Kat:3, Licht: 0","109423","3","6","2","07","16","2","","0","0","1","0","0"
"POINT (11.600171095000100 48.175989785000098)","Unfall 109441 (2022) Kat:2, Licht: 0","109441","2","4","6","07","08","6","","0","0","0","1","1"
"POINT (11.610219871000000 48.154759840000096)","Unfall 109486 (2022) Kat:3, Licht: 0","109486","3","6","2","07","17","5","","0","0","1","0","0"
"POINT (11.584305318000100 48.188089275000003)","Unfall 109522 (2022) Kat:3, Licht: 0","109522","3","2","5","07","13","6","","0","1","0","0","0"
"POINT (11.524241546000001 48.140685204000100)","Unfall 109566 (2022) Kat:2, Licht: 0","109566","2","2","5","07","18","7","","0","0","1","0","1"
"POINT (11.597245146000001 48.107120028000097)","Unfall 109592 (2022) Kat:3, Licht: 0","109592","3","6","1","06","08","3","","0","0","1","0","0"
"POINT (11.664812988000101 48.121295240999999)","Unfall 109617 (2022) Kat:3, Licht: 0","109617","3","2","5","08","19","3","","0","1","1","0","0"
"POINT (11.553938120000099 48.112362113000103)","Unfall 109619 (2022) Kat:3, Licht: 0","109619","3","6","2","07","07","3","","0","0","1","0","0"
"POINT (11.502798967000000 48.125742807000101)","Unfall 109649 (2022) Kat:3, Licht: 0","109649","3","6","2","08","17","5","","0","0","1","0","0"
"POINT (11.522034560000099 48.189811249999998)","Unfall 109676 (2022) Kat:3, Licht: 0","109676","3","2","4","07","07","3","","0","0","1","0","0"
"POINT (11.547467343000100 48.176287506999998)","Unfall 109694 (2022) Kat:3, Licht: 0","109694","3","6","2","07","17","6","","0","0","1","0","0"
"POINT (11.644744092000099 48.126118624000100)","Unfall 109699 (2022) Kat:3, Licht: 0","109699","3","2","3","07","07","5","","0","1","1","0","0"
"POINT (11.586806198000000 48.208091863000000)","Unfall 109720 (2022) Kat:3, Licht: 0","109720","3","7","0","07","07","3","","0","1","0","0","0"
"POINT (11.540510278000101 48.110832683000098)","Unfall 109769 (2022) Kat:3, Licht: 0","109769","3","6","4","08","17","4","","0","1","0","0","0"
"POINT (11.528106770000001 48.109910523000103)","Unfall 109820 (2022) Kat:3, Licht: 0","109820","3","6","2","08","18","3","","0","0","1","0","0"
"POINT (11.536920777000001 48.186792134000001)","Unfall 109860 (2022) Kat:3, Licht: 0","109860","3","6","2","07","10","5","","0","0","1","0","0"
"POINT (11.617470571000100 48.137044398000100)","Unfall 109865 (2022) Kat:3, Licht: 0","109865","3","6","2","08","16","3","","0","0","1","0","0"
"POINT (11.504401062000101 48.143159945999997)","Unfall 109890 (2022) Kat:3, Licht: 0","109890","3","2","3","07","07","5","","0","1","1","0","0"
"POINT (11.584379088000000 48.188773845000100)","Unfall 109893 (2022) Kat:3, Licht: 0","109893","3","1","0","08","11","6","","0","1","0","0","0"
"POINT (11.601693932000000 48.177523643000001)","Unfall 109977 (2022) Kat:3, Licht: 0","109977","3","2","5","07","16","1","","0","1","1","0","0"
"POINT (11.524638453000000 48.128140571000102)","Unfall 109982 (2022) Kat:3, Licht: 0","109982","3","6","2","08","10","1","","0","0","1","0","0"
"POINT (11.627299007000000 48.166583930000101)","Unfall 109986 (2022) Kat:3, Licht: 0","109986","3","1","8","08","13","1","","0","0","0","0","1"
"POINT (11.576127955000100 48.111398802000103)","Unfall 110108 (2022) Kat:3, Licht: 0","110108","3","2","5","08","07","2","","0","1","1","0","0"
"POINT (11.491502517000100 48.201559605999996)","Unfall 110110 (2022) Kat:3, Licht: 0","110110","3","1","9","07","06","2","","0","0","1","0","0"
"POINT (11.616226612000000 48.113039944000001)","Unfall 110130 (2022) Kat:3, Licht: 0","110130","3","3","5","07","17","3","","0","1","1","0","0"
"POINT (11.613519127000099 48.153461909999997)","Unfall 110198 (2022) Kat:2, Licht: 0","110198","2","1","0","07","18","4","","0","0","0","0","1"
"POINT (11.688549439000001 48.117962636000101)","Unfall 110213 (2022) Kat:2, Licht: 0","110213","2","4","6","07","18","5","","0","0","0","1","0"
"POINT (11.485042840000100 48.144859298000000)","Unfall 110224 (2022) Kat:3, Licht: 0","110224","3","6","0","08","10","2","","0","0","0","0","0"
"POINT (11.529218820000001 48.110076325000101)","Unfall 110250 (2022) Kat:3, Licht: 2","110250","3","6","2","08","10","5","","2","0","1","0","0"
"POINT (11.595280325999999 48.174132782000100)","Unfall 110265 (2022) Kat:3, Licht: 0","110265","3","3","5","08","18","4","","0","0","1","0","0"
"POINT (11.577012637000101 48.177811152000103)","Unfall 110381 (2022) Kat:3, Licht: 0","110381","3","6","2","07","14","7","","0","0","1","0","1"
"POINT (11.479248874000101 48.123697424000099)","Unfall 110399 (2022) Kat:3, Licht: 0","110399","3","6","2","07","08","6","","0","0","1","0","0"
"POINT (11.586988384000099 48.209010953000103)","Unfall 110403 (2022) Kat:3, Licht: 0","110403","3","1","0","07","16","5","","0","1","0","0","0"
"POINT (11.615325010999999 48.130982554000099)","Unfall 110416 (2022) Kat:3, Licht: 0","110416","3","2","5","07","09","2","","0","1","0","0","0"
"POINT (11.451838316000000 48.204463406000102)","Unfall 110472 (2022) Kat:3, Licht: 0","110472","3","6","2","08","18","5","","0","0","1","0","0"
"POINT (11.598969467000099 48.107477012000103)","Unfall 110482 (2022) Kat:3, Licht: 0","110482","3","1","0","07","15","3","","0","1","0","0","0"
"POINT (11.615107549000101 48.112140578000002)","Unfall 110532 (2022) Kat:3, Licht: 0","110532","3","6","3","08","09","4","","0","0","1","0","0"
"POINT (11.524208864000100 48.223310212999998)","Unfall 110541 (2022) Kat:3, Licht: 0","110541","3","6","2","07","16","4","","0","0","1","0","0"
"POINT (11.526792270000000 48.109965213000102)","Unfall 110559 (2022) Kat:3, Licht: 0","110559","3","6","2","08","16","5","","0","0","1","0","0"
"POINT (11.475979586000101 48.210103499000098)","Unfall 110575 (2022) Kat:3, Licht: 0","110575","3","6","4","08","14","5","","0","1","0","0","0"
"POINT (11.488034432000100 48.084256856000103)","Unfall 110583 (2022) Kat:3, Licht: 2","110583","3","6","2","08","04","7","","2","0","1","0","0"
"POINT (11.605307975000100 48.156760319999997)","Unfall 110584 (2022) Kat:3, Licht: 0","110584","3","6","2","08","16","3","","0","0","1","0","0"
"POINT (11.417937982000099 48.142024468999999)","Unfall 110623 (2022) Kat:2, Licht: 0","110623","2","6","1","07","12","7","","0","0","1","0","0"
"POINT (11.671443361000099 48.119639339999999)","Unfall 110627 (2022) Kat:3, Licht: 0","110627","3","7","0","07","12","2","","0","0","0","0","1"
"POINT (11.594253583000100 48.175002737000099)","Unfall 110629 (2022) Kat:3, Licht: 0","110629","3","6","2","08","08","3","","0","0","1","0","0"
"POINT (11.584316826000100 48.189522787000001)","Unfall 110631 (2022) Kat:3, Licht: 0","110631","3","2","3","07","18","3","","0","1","1","0","0"
"POINT (11.584302182000000 48.189710763999997)","Unfall 110650 (2022) Kat:3, Licht: 0","110650","3","2","5","08","09","4","","0","1","1","0","0"
"POINT (11.488409611000099 48.085419489000103)","Unfall 110657 (2022) Kat:3, Licht: 0","110657","3","6","1","07","20","6","","0","0","1","0","0"
"POINT (11.615545554000100 48.130412239000101)","Unfall 110710 (2022) Kat:3, Licht: 2","110710","3","6","1","07","18","5","","2","0","1","0","0"
"POINT (11.537430827000000 48.159831242000102)","Unfall 110779 (2022) Kat:3, Licht: 0","110779","3","6","3","08","18","4","","0","0","1","0","0"
"POINT (11.587116024000100 48.210612239000099)","Unfall 110833 (2022) Kat:3, Licht: 0","110833","3","6","2","08","09","6","","0","0","1","0","0"
"POINT (11.540589878000000 48.176280921000100)","Unfall 110834 (2022) Kat:3, Licht: 2","110834","3","7","8","08","03","3","","2","0","1","0","0"
"POINT (11.517756884000100 48.141472807000099)","Unfall 110850 (2022) Kat:3, Licht: 2","110850","3","7","2","08","22","1","","2","0","1","0","1"
"POINT (11.534770302000000 48.140242497000003)","Unfall 110895 (2022) Kat:3, Licht: 2","110895","3","6","3","08","22","6","","2","1","0","0","0"
"POINT (11.479569433000099 48.145176835000001)","Unfall 110903 (2022) Kat:3, Licht: 0","110903","3","2","5","08","09","2","","0","0","1","0","0"
"POINT (11.560338063000099 48.176020440000102)","Unfall 111002 (2022) Kat:3, Licht: 0","111002","3","6","2","09","09","5","","0","0","1","0","0"
"POINT (11.637265956000000 48.105928102000099)","Unfall 111042 (2022) Kat:3, Licht: 0","111042","3","6","3","08","12","6","","0","0","1","0","0"
"POINT (11.615510458000101 48.111894243000101)","Unfall 111066 (2022) Kat:3, Licht: 0","111066","3","6","2","08","18","5","","0","0","1","0","0"
"POINT (11.586811940000100 48.104681486000104)","Unfall 111080 (2022) Kat:3, Licht: 2","111080","3","6","4","08","22","5","","2","1","0","0","0"
"POINT (11.604175030000000 48.108564011000098)","Unfall 111090 (2022) Kat:3, Licht: 0","111090","3","2","3","09","10","5","","0","1","0","0","0"
"POINT (11.402857505000000 48.128665485000099)","Unfall 111102 (2022) Kat:3, Licht: 2","111102","3","6","3","08","22","5","","2","0","1","0","0"
"POINT (11.559869681000100 48.112643736999999)","Unfall 111104 (2022) Kat:3, Licht: 0","111104","3","6","2","08","07","3","","0","0","1","0","0"
"POINT (11.618935754000100 48.130462278000003)","Unfall 111120 (2022) Kat:3, Licht: 0","111120","3","3","5","08","18","4","","0","1","0","0","0"
"POINT (11.455713838000101 48.162743340000098)","Unfall 111199 (2022) Kat:2, Licht: 0","111199","2","1","8","08","10","6","","0","0","0","0","1"
"POINT (11.604106403000101 48.179728698000098)","Unfall 111305 (2022) Kat:3, Licht: 0","111305","3","6","2","08","16","2","","0","0","1","0","0"
"POINT (11.401473824000000 48.157384127999997)","Unfall 111331 (2022) Kat:2, Licht: 0","111331","2","6","2","08","18","5","","0","0","1","0","0"
"POINT (11.490715142999999 48.084793285000003)","Unfall 111350 (2022) Kat:3, Licht: 0","111350","3","1","7","08","14","7","","0","1","0","0","0"
"POINT (11.661782199000100 48.090620383000001)","Unfall 111409 (2022) Kat:3, Licht: 0","111409","3","2","5","08","19","6","","0","1","1","0","0"
"POINT (11.525584990000000 48.128570304000000)","Unfall 111504 (2022) Kat:3, Licht: 0","111504","3","1","8","08","14","4","","0","0","1","0","0"
"POINT (11.552218677999999 48.081422402000001)","Unfall 111540 (2022) Kat:3, Licht: 0","111540","3","6","2","08","14","2","","0","0","1","0","1"
"POINT (11.507800874999999 48.112477103000103)","Unfall 111562 (2022) Kat:3, Licht: 0","111562","3","2","0","08","16","6","","0","1","1","0","0"
"POINT (11.612396360000000 48.187806153000103)","Unfall 111594 (2022) Kat:3, Licht: 1","111594","3","1","9","08","20","7","","1","0","1","0","0"
"POINT (11.606193258000101 48.156486744000098)","Unfall 111630 (2022) Kat:3, Licht: 0","111630","3","6","2","08","17","2","","0","0","1","0","1"
"POINT (11.436686446000101 48.186863783000000)","Unfall 111653 (2022) Kat:3, Licht: 0","111653","3","6","0","08","19","1","","0","0","1","0","1"