WKT,Name,OBJECTID,UKATEGORIE,UTYP1,UART,UMONAT,USTUNDE,UWOCHENTAG,STRZUSTAND,ULICHTVERH,ISTRAD,ISTPKW,ISTFUSS,ISTKRAD
"POINT (11.546230483000000 48.195784412000101)","Unfall 111673 (2022) Kat:3, Licht: 0","111673","3","6","2","08","12","7","","0","0","1","0","0"
"POINT (11.587504024000101 48.104707491000099)","Unfall 111681 (2022) Kat:3, Licht: 0","111681","3","4","2","08","18","3","","0","0","1","1","0"
"POINT (11.584312046000001 48.188011206000098)","Unfall 111698 (2022) Kat:3, Licht: 2","111698","3","1","0","08","05","2","","2","0","0","0","0"
"POINT (11.674831473999999 48.137331701999997)","Unfall 111726 (2022) Kat:3, Licht: 1","111726","3","3","5","09","18","6","","1","0","1","0","0"
"POINT (11.541548425000000 48.097188695000099)","Unfall 111835 (2022) Kat:3, Licht: 0","111835","3","1","0","08","18","3","","0","1","0","0","0"
"POINT (11.483529630000000 48.144988351999999)","Unfall 111860 (2022) Kat:3, Licht: 0","111860","3","1","1","08","07","1","","0","0","1","0","0"
"POINT (11.654298068000100 48.124745457000103)","Unfall 111866 (2022) Kat:3, Licht: 0","111866","3","2","4","08","13","2","","0","0","1","0","0"
"POINT (11.509468149000000 48.142434520000101)","Unfall 111893 (2022) Kat:3, Licht: 0","111893","3","5","0","08","14","2","","0","1","0","0","0"
"POINT (11.535915548000000 48.186858735999998)","Unfall 111955 (2022) Kat:3, Licht: 2","111955","3","2","4","08","23","4","","2","1","1","0","0"
"POINT (11.605802584000100 48.108762218000003)","Unfall 111998 (2022) Kat:3, Licht: 0","111998","3","6","2","08","14","5","","0","0","1","0","0"
"POINT (11.617640074000100 48.115323969000002)","Unfall 112054 (2022) Kat:3, Licht: 0","112054","3","6","2","08","14","4","","0","0","1","0","0"
"POINT (11.487357927000099 48.209105362000102)","Unfall 112093 (2022) Kat:3, Licht: 2","112093","3","1","9","08","00","7","","2","0","1","0","0"
"POINT (11.617773278000101 48.197916595000002)","Unfall 112138 (2022) Kat:3, Licht: 0","112138","3","6","2","08","16","5","","0","0","1","0","0"
"POINT (11.399929851000000 48.133327055000102)","Unfall 112145 (2022) Kat:3, Licht: 0","112145","3","6","2","09","17","5","","0","0","1","0","1"
"POINT (11.537448583000099 48.157513612999999)","Unfall 112201 (2022) Kat:2, Licht: 2","112201","2","5","1","08","00","2","","2","0","1","0","1"
"POINT (11.560794834999999 48.176110145999999)","Unfall 112214 (2022) Kat:3, Licht: 0","112214","3","1","0","08","15","3","","0","0","0","0","1"
"POINT (11.587006385000100 48.096833979000102)","Unfall 112225 (2022) Kat:3, Licht: 0","112225","3","1","0","08","13","1","","0","1","0","0","0"
"POINT (11.646250097000101 48.210584616000098)","Unfall 112231 (2022) Kat:3, Licht: 2","112231","3","6","3","08","23","3","","2","0","1","0","0"
"POINT (11.469795559000000 48.209706807000003)","Unfall 112302 (2022) Kat:3, Licht: 0","112302","3","6","3","08","10","5","","0","0","1","0","0"
"POINT (11.537171272000000 48.154322155000003)","Unfall 112362 (2022) Kat:3, Licht: 2","112362","3","6","2","08","21","4","","2","0","1","0","1"
"POINT (11.540240051000101 48.093048138000000)","Unfall 112386 (2022) Kat:3, Licht: 0","112386","3","6","1","08","15","4","","0","0","1","0","0"
"POINT (11.510337024000000 48.142334020000099)","Unfall 112391 (2022) Kat:3, Licht: 2","112391","3","1","0","08","01","6","","2","1","0","0","0"
"POINT (11.413891007000100 48.130691566000102)","Unfall 112420 (2022) Kat:3, Licht: 0","112420","3","1","0","08","16","2","","0","0","0","0","1"
"POINT (11.531854968000101 48.083174949000103)","Unfall 112468 (2022) Kat:3, Licht: 0","112468","3","6","4","08","18","7","","0","1","0","0","0"
"POINT (11.558443750000000 48.112371338000102)","Unfall 112487 (2022) Kat:3, Licht: 0","112487","3","6","2","08","12","1","","0","0","1","0","0"
"POINT (11.496823106000001 48.193874865000097)","Unfall 112534 (2022) Kat:3, Licht: 0","112534","3","6","2","08","17","2","","0","0","1","0","0"
"POINT (11.645037178999999 48.090334879000103)","Unfall 112557 (2022) Kat:3, Licht: 0","112557","3","7","1","08","17","4","","0","0","1","0","0"
"POINT (11.538013900000101 48.186778027000102)","Unfall 112566 (2022) Kat:3, Licht: 0","112566","3","2","5","08","10","5","","0","1","1","0","0"
"POINT (11.523200044000101 48.075331841999997)","Unfall 112569 (2022) Kat:3, Licht: 0","112569","3","6","4","08","10","1","","0","1","0","0","0"
"POINT (11.598151446999999 48.161977378000103)","Unfall 112589 (2022) Kat:3, Licht: 0","112589","3","6","2","08","15","6","","0","0","1","0","0"
"POINT (11.401887135000001 48.157743619000001)","Unfall 112601 (2022) Kat:3, Licht: 0","112601","3","6","2","08","14","3","","0","0","1","0","0"
"POINT (11.617135473000101 48.130776679000100)","Unfall 112631 (2022) Kat:3, Licht: 0","112631","3","2","3","08","12","6","","0","1","1","0","0"
"POINT (11.448530620000000 48.146265698999997)","Unfall 112655 (2022) Kat:3, Licht: 0","112655","3","3","5","08","16","2","","0","1","1","0","0"
"POINT (11.584332276000101 48.195622159000003)","Unfall 112755 (2022) Kat:3, Licht: 2","112755","3","7","0","10","21","1","","2","0","1","0","0"
"POINT (11.707816711000000 48.144669589999999)","Unfall 112763 (2022) Kat:3, Licht: 0","112763","3","2","5","09","09","6","","0","1","0","0","0"
"POINT (11.616254388000099 48.133933358999997)","Unfall 112779 (2022) Kat:3, Licht: 0","112779","3","6","2","09","13","7","","0","0","1","0","0"
"POINT (11.554986934000100 48.112265833999999)","Unfall 112810 (2022) Kat:3, Licht: 2","112810","3","6","3","09","00","2","","2","0","1","0","0"
"POINT (11.459595798000100 48.149982618000102)","Unfall 112833 (2022) Kat:3, Licht: 0","112833","3","5","1","09","16","5","","0","0","1","0","0"
"POINT (11.645205002000100 48.089058727000101)","Unfall 112847 (2022) Kat:3, Licht: 0","112847","3","6","2","09","17","5","","0","0","1","0","0"
"POINT (11.624561807000100 48.090882812000103)","Unfall 112876 (2022) Kat:3, Licht: 0","112876","3","6","3","09","13","6","","0","1","1","0","0"
"POINT (11.458232015000000 48.196961663000103)","Unfall 112911 (2022) Kat:3, Licht: 0","112911","3","6","3","09","16","7","","0","0","1","0","0"
"POINT (11.597773377000101 48.167794848000000)","Unfall 112952 (2022) Kat:3, Licht: 0","112952","3","6","2","10","15","4","","0","0","1","0","1"
"POINT (11.485690246000001 48.086811640000100)","Unfall 113016 (2022) Kat:2, Licht: 0","113016","2","2","5","09","11","4","","0","1","0","0","0"
"POINT (11.661798272000100 48.090614743000103)","Unfall 113036 (2022) Kat:3, Licht: 0","113036","3","2","5","09","07","6","","0","1","1","0","0"
"POINT (11.533009828999999 48.090611891000002)","Unfall 113065 (2022) Kat:3, Licht: 1","113065","3","6","2","09","18","2","","1","1","1","0","0"
"POINT (11.418034244000101 48.154594331000098)","Unfall 113067 (2022) Kat:3, Licht: 0","113067","3","7","6","09","18","2","","0","1","0","1","0"
"POINT (11.456863104000000 48.165341497000000)","Unfall 113079 (2022) Kat:3, Licht: 0","113079","3","3","5","10","14","6","","0","0","1","0","0"
"POINT (11.403527859000100 48.159163005000003)","Unfall 113096 (2022) Kat:3, Licht: 2","113096","3","6","3","10","14","4","","2","0","1","0","0"
"POINT (11.526078752000000 48.077604950000101)","Unfall 113097 (2022) Kat:3, Licht: 0","113097","3","2","5","09","13","5","","0","1","1","0","0"
"POINT (11.646712287000099 48.210259569000101)","Unfall 113100 (2022) Kat:3, Licht: 0","113100","3","1","9","10","09","1","","0","0","1","0","0"
"POINT (11.536799598000099 48.148848780000002)","Unfall 113142 (2022) Kat:3, Licht: 0","113142","3","6","2","09","17","1","","0","0","1","0","0"
"POINT (11.615881132000000 48.130896404000097)","Unfall 113164 (2022) Kat:3, Licht: 2","113164","3","3","5","09","22","7","","2","0","1","0","0"
"POINT (11.558235836000099 48.112348771000001)","Unfall 113201 (2022) Kat:3, Licht: 0","113201","3","6","0","09","13","6","","0","0","1","0","0"
"POINT (11.591229315000000 48.174890865000101)","Unfall 113235 (2022) Kat:3, Licht: 0","113235","3","6","2","09","11","7","","0","0","1","0","0"
"POINT (11.616074836999999 48.130866617000002)","Unfall 113258 (2022) Kat:3, Licht: 0","113258","3","6","2","10","13","4","","0","0","1","0","0"
"POINT (11.611081866000101 48.109858711000101)","Unfall 113264 (2022) Kat:3, Licht: 0","113264","3","6","8","09","08","1","","0","0","1","0","0"
"POINT (11.554763464000100 48.086824995000001)","Unfall 113298 (2022) Kat:3, Licht: 0","113298","3","4","6","09","09","6","","0","0","1","1","0"
"POINT (11.480429289000000 48.216548060999997)","Unfall 113318 (2022) Kat:3, Licht: 0","113318","3","7","6","09","15","4","","0","0","1","1","0"
"POINT (11.536905266000099 48.151763174000102)","Unfall 113338 (2022) Kat:3, Licht: 2","113338","3","3","5","09","19","5","","2","1","1","0","0"
"POINT (11.460184573999999 48.184735365000101)","Unfall 113369 (2022) Kat:3, Licht: 1","113369","3","3","5","09","05","2","","1","1","1","0","0"
"POINT (11.584454852000000 48.186146190999999)","Unfall 113370 (2022) Kat:3, Licht: 1","113370","3","6","2","09","18","4","","1","0","1","0","0"
"POINT (11.488399124000100 48.086114527000099)","Unfall 113371 (2022) Kat:3, Licht: 0","113371","3","2","5","09","13","4","","0","1","1","0","0"
"POINT (11.518851077000001 48.141368055999997)","Unfall 113419 (2022) Kat:3, Licht: 0","113419","3","7","5","09","17","3","","0","1","1","0","0"
"POINT (11.437228465000000 48.200176113000097)","Unfall 113456 (2022) Kat:3, Licht: 0","113456","3","6","2","09","11","3","","0","0","1","0","0"
"POINT (11.602947212000100 48.158045764000100)","Unfall 113477 (2022) Kat:3, Licht: 0","113477","3","6","2","09","19","5","","0","0","1","0","0"
"POINT (11.623969837000100 48.104319104000098)","Unfall 113545 (2022) Kat:3, Licht: 0","113545","3","4","6","10","13","7","","0","0","1","1","0"
"POINT (11.587744879000100 48.177311029000101)","Unfall 113564 (2022) Kat:3, Licht: 0","113564","3","5","1","09","16","1","","0","0","1","0","0"
"POINT (11.653744197000000 48.094165251000000)","Unfall 113566 (2022) Kat:3, Licht: 0","113566","3","2","5","09","18","2","","0","0","1","0","0"
"POINT (11.517004737000001 48.115094921999997)","Unfall 113641 (2022) Kat:3, Licht: 2","113641","3","6","3","09","16","1","","2","0","1","0","1"
"POINT (11.533882326000001 48.187004538000103)","Unfall 113642 (2022) Kat:3, Licht: 0","113642","3","2","5","09","16","4","","0","1","0","0","0"
"POINT (11.626849150000099 48.183931920000099)","Unfall 113691 (2022) Kat:3, Licht: 0","113691","3","6","2","09","16","6","","0","0","1","0","0"
"POINT (11.614607153000099 48.139100750000097)","Unfall 113710 (2022) Kat:3, Licht: 0","113710","3","6","2","09","18","3","","0","0","1","0","0"
"POINT (11.620225969000000 48.120708008000101)","Unfall 113715 (2022) Kat:3, Licht: 0","113715","3","6","2","09","09","5","","0","0","1","0","0"
"POINT (11.552755919000001 48.082588266000101)","Unfall 113801 (2022) Kat:2, Licht: 0","113801","2","2","5","09","14","6","","0","0","1","0","1"
"POINT (11.559821905000000 48.112637552000102)","Unfall 113903 (2022) Kat:3, Licht: 0","113903","3","6","2","09","15","2","","0","0","1","0","0"
"POINT (11.595060683000000 48.174527218999998)","Unfall 113912 (2022) Kat:3, Licht: 0","113912","3","6","3","09","15","3","","0","0","1","0","1"
"POINT (11.599326465000001 48.170057687000103)","Unfall 113920 (2022) Kat:3, Licht: 0","113920","3","6","2","09","14","7","","0","0","1","0","0"
"POINT (11.609484119000101 48.184659273000101)","Unfall 113994 (2022) Kat:3, Licht: 0","113994","3","2","5","09","18","4","","0","0","1","0","1"
"POINT (11.563616453000099 48.095726964000100)","Unfall 113996 (2022) Kat:3, Licht: 2","113996","3","6","2","09","19","5","","2","0","1","0","0"
"POINT (11.578347812000100 48.177697296000098)","Unfall 114032 (2022) Kat:3, Licht: 2","114032","3","6","2","09","20","3","","2","0","1","0","0"
"POINT (11.487467214000000 48.085941250000097)","Unfall 114052 (2022) Kat:3, Licht: 0","114052","3","6","3","10","15","7","","0","0","1","0","0"
"POINT (11.517980196000099 48.110820599000100)","Unfall 114081 (2022) Kat:3, Licht: 0","114081","3","2","5","09","10","1","","0","1","1","0","0"
"POINT (11.614540264000000 48.111340084000098)","Unfall 114089 (2022) Kat:3, Licht: 0","114089","3","1","0","09","17","7","","0","0","0","0","1"
"POINT (11.560523815000099 48.112728887000102)","Unfall 114137 (2022) Kat:3, Licht: 0","114137","3","6","2","09","08","2","","0","0","1","0","0"
"POINT (11.421629454000000 48.171839333000001)","Unfall 114181 (2022) Kat:3, Licht: 0","114181","3","6","2","10","07","5","","0","0","1","0","0"
"POINT (11.449307938000100 48.146370242000003)","Unfall 114190 (2022) Kat:3, Licht: 0","114190","3","6","1","09","15","2","","0","0","1","0","0"
"POINT (11.607975708000000 48.109030421999996)","Unfall 114275 (2022) Kat:2, Licht: 0","114275","2","4","6","09","17","2","","0","0","1","1","0"
"POINT (11.524552142000100 48.128089261000099)","Unfall 114294 (2022) Kat:3, Licht: 0","114294","3","6","3","09","14","2","","0","0","1","0","0"
"POINT (11.551592303000101 48.186100275999998)","Unfall 114295 (2022) Kat:3, Licht: 0","114295","3","7","5","09","17","4","","0","0","1","0","1"
"POINT (11.523060786000000 48.140787568000100)","Unfall 114312 (2022) Kat:3, Licht: 0","114312","3","2","5","09","10","2","","0","1","1","0","0"
"POINT (11.704551132000100 48.112336618000000)","Unfall 114342 (2022) Kat:3, Licht: 0","114342","3","2","5","09","08","6","","0","1","1","0","0"
"POINT (11.593665603000000 48.175808627999999)","Unfall 114352 (2022) Kat:3, Licht: 2","114352","3","1","8","10","01","1","","2","0","1","0","0"
"POINT (11.664576519000001 48.121373185000003)","Unfall 114396 (2022) Kat:3, Licht: 2","114396","3","6","2","09","22","5","","2","0","1","0","0"
"POINT (11.600454555000100 48.160721035999998)","Unfall 114434 (2022) Kat:2, Licht: 0","114434","2","6","2","10","15","5","","0","0","0","0","1"
"POINT (11.622163830000000 48.129897022000101)","Unfall 114440 (2022) Kat:2, Licht: 0","114440","2","7","6","09","17","4","","0","1","0","1","0"
"POINT (11.506451400000101 48.112301895000002)","Unfall 114553 (2022) Kat:3, Licht: 0","114553","3","2","5","10","07","3","","0","1","1","0","0"
"POINT (11.623809370000100 48.138285341000000)","Unfall 114555 (2022) Kat:3, Licht: 0","114555","3","6","3","09","09","6","","0","0","1","0","0"
"POINT (11.540030079000100 48.107288357000101)","Unfall 114585 (2022) Kat:3, Licht: 0","114585","3","2","5","10","16","7","","0","1","1","0","0"
"POINT (11.533769473000101 48.187014713000103)","Unfall 114588 (2022) Kat:3, Licht: 0","114588","3","7","5","09","15","7","","0","0","1","0","0"
"POINT (11.487186564000099 48.086490302000101)","Unfall 114618 (2022) Kat:3, Licht: 1","114618","3","6","2","09","06","2","","1","0","1","0","0"
"POINT (11.580346910000101 48.177523315000002)","Unfall 114631 (2022) Kat:3, Licht: 0","114631","3","6","3","10","16","6","","0","0","1","0","0"
"POINT (11.484126583000000 48.087263344000100)","Unfall 114643 (2022) Kat:3, Licht: 0","114643","3","7","1","09","07","4","","0","1","1","0","0"
"POINT (11.547111810000001 48.194359518000098)","Unfall 114721 (2022) Kat:3, Licht: 0","114721","3","2","3","09","16","4","","0","1","1","0","0"
"POINT (11.629279507000000 48.221308813000100)","Unfall 114732 (2022) Kat:3, Licht: 1","114732","3","6","2","10","17","3","","1","0","1","0","0"
"POINT (11.528190046000100 48.130366512000101)","Unfall 114761 (2022) Kat:3, Licht: 0","114761","3","2","5","09","16","5","","0","0","1","0","0"
"POINT (11.621667394999999 48.160382126999998)","Unfall 114828 (2022) Kat:3, Licht: 0","114828","3","3","1","09","15","3","","0","0","1","0","0"
"POINT (11.534169604000100 48.136160480000100)","Unfall 114829 (2022) Kat:3, Licht: 2","114829","3","6","2","10","18","5","","2","0","0","0","1"
"POINT (11.597032602000100 48.162514073000096)","Unfall 114853 (2022) Kat:3, Licht: 0","114853","3","6","2","09","07","6","","0","0","1","0","0"
"POINT (11.526076763000001 48.077602957000103)","Unfall 114873 (2022) Kat:3, Licht: 2","114873","3","3","4","09","20","4","","2","1","1","0","0"
"POINT (11.519252758000100 48.141310842000102)","Unfall 114905 (2022) Kat:3, Licht: 0","114905","3","6","2","09","10","2","","0","0","1","0","0"
"POINT (11.414049975000101 48.166726411000099)","Unfall 114929 (2022) Kat:3, Licht: 1","114929","3","6","2","09","18","2","","1","0","1","0","0"
"POINT (11.620647438000001 48.123299013000100)","Unfall 114978 (2022) Kat:3, Licht: 0","114978","3","6","2","09","13","6","","0","0","1","0","0"
"POINT (11.662111957000000 48.122344349999999)","Unfall 114991 (2022) Kat:2, Licht: 0","114991","2","3","5","09","12","4","","0","1","0","0","0"
"POINT (11.410295244000100 48.196327575000097)","Unfall 114999 (2022) Kat:3, Licht: 2","114999","3","1","8","09","22","3","","2","0","1","0","0"
"POINT (11.636167101000099 48.138708816000097)","Unfall 115013 (2022) Kat:3, Licht: 2","115013","3","6","2","09","21","2","","2","0","1","0","0"
"POINT (11.508179201000100 48.217704271000102)","Unfall 115039 (2022) Kat:3, Licht: 0","115039","3","6","2","09","09","5","","0","0","1","0","0"
"POINT (11.606873597000099 48.156128271000100)","Unfall 115054 (2022) Kat:3, Licht: 1","115054","3","6","2","09","18","5","","1","0","1","0","0"
"POINT (11.519808632000000 48.122963235999997)","Unfall 115105 (2022) Kat:3, Licht: 0","115105","3","2","3","09","13","2","","0","0","1","0","0"
"POINT (11.466770918000099 48.114655456000001)","Unfall 115124 (2022) Kat:3, Licht: 0","115124","3","1","0","09","16","2","","0","0","0","0","1"
"POINT (11.607626165000100 48.155911726000099)","Unfall 115125 (2022) Kat:3, Licht: 2","115125","3","6","2","09","20","1","","2","0","1","0","0"
"POINT (11.559797597000101 48.112634405000101)","Unfall 115178 (2022) Kat:3, Licht: 0","115178","3","6","3","09","14","1","","0","0","1","0","1"
"POINT (11.505080599999999 48.125334174000002)","Unfall 115187 (2022) Kat:3, Licht: 2","115187","3","6","2","10","19","4","","2","0","1","0","0"
"POINT (11.468738427000099 48.209673038000098)","Unfall 115205 (2022) Kat:3, Licht: 0","115205","3","6","2","09","15","1","","0","0","1","0","0"
"POINT (11.478993084000001 48.145194887000102)","Unfall 115248 (2022) Kat:3, Licht: 0","115248","3","3","5","09","16","1","","0","0","1","0","0"
"POINT (11.630229989000000 48.182493791000098)","Unfall 115272 (2022) Kat:3, Licht: 1","115272","3","6","2","09","19","3","","1","0","0","0","1"
"POINT (11.634824916000101 48.127249900000002)","Unfall 115273 (2022) Kat:3, Licht: 0","115273","3","2","5","10","10","3","","0","1","1","0","0"
"POINT (11.537265242000000 48.150485500999999)","Unfall 115312 (2022) Kat:3, Licht: 0","115312","3","7","0","09","18","4","","0","0","1","0","1"
"POINT (11.460698096000000 48.176455501000099)","Unfall 115327 (2022) Kat:3, Licht: 0","115327","3","2","5","10","14","5","","0","1","1","0","0"
"POINT (11.665337902999999 48.121125394000003)","Unfall 115419 (2022) Kat:3, Licht: 1","115419","3","2","5","10","18","4","","1","1","1","0","0"
"POINT (11.559106866000000 48.112546011000099)","Unfall 115438 (2022) Kat:3, Licht: 2","115438","3","6","1","10","19","3","","2","0","1","0","1"
"POINT (11.616105759000000 48.130935791000098)","Unfall 115446 (2022) Kat:3, Licht: 0","115446","3","2","3","10","08","4","","0","1","1","0","0"
"POINT (11.567165659000100 48.176456989000002)","Unfall 115457 (2022) Kat:3, Licht: 0","115457","3","6","3","10","07","6","","0","0","1","0","0"
"POINT (11.423810150000101 48.142848927999999)","Unfall 115467 (2022) Kat:3, Licht: 0","115467","3","2","6","10","19","2","","0","0","1","1","0"
"POINT (11.598249185000000 48.107327536000099)","Unfall 115469 (2022) Kat:3, Licht: 0","115469","3","1","0","10","14","1","","0","1","0","0","0"
"POINT (11.585415485000100 48.201856667000101)","Unfall 115543 (2022) Kat:3, Licht: 0","115543","3","7","6","10","13","3","","0","1","0","1","0"
"POINT (11.509665257000099 48.106393220000001)","Unfall 115563 (2022) Kat:3, Licht: 0","115563","3","6","2","10","13","5","","0","0","1","0","0"
"POINT (11.538020194000101 48.166444933000001)","Unfall 115610 (2022) Kat:3, Licht: 0","115610","3","1","2","10","16","6","","0","0","1","0","0"
"POINT (11.451141821000000 48.146625523000097)","Unfall 115612 (2022) Kat:3, Licht: 0","115612","3","3","5","10","16","5","","0","0","1","0","1"
"POINT (11.584283445000001 48.196095978000102)","Unfall 115616 (2022) Kat:3, Licht: 0","115616","3","6","2","10","07","2","","0","0","1","0","1"
"POINT (11.690944430000100 48.117509343000101)","Unfall 115618 (2022) Kat:3, Licht: 1","115618","3","4","6","10","07","2","","1","0","1","1","0"
"POINT (11.599306939000000 48.169855841000100)","Unfall 115624 (2022) Kat:3, Licht: 0","115624","3","6","2","10","07","3","","0","0","1","0","0"
"POINT (11.480122081999999 48.216834083999998)","Unfall 115716 (2022) Kat:3, Licht: 0","115716","3","7","0","10","13","3","","0","1","0","0","0"
"POINT (11.590017403999999 48.176778390000003)","Unfall 115731 (2022) Kat:3, Licht: 0","115731","3","3","5","10","10","3","","0","0","1","0","0"
"POINT (11.645040225000100 48.090892441000101)","Unfall 115768 (2022) Kat:3, Licht: 2","115768","3","5","1","10","18","2","","2","0","1","0","1"
"POINT (11.524232530000100 48.140685947000101)","Unfall 115784 (2022) Kat:3, Licht: 2","115784","3","2","5","10","19","2","","2","0","1","0","0"
"POINT (11.491712766999999 48.144208608000000)","Unfall 115804 (2022) Kat:3, Licht: 0","115804","3","6","2","10","11","6","","0","0","1","0","0"
"POINT (11.584303735000001 48.188107204000097)","Unfall 115813 (2022) Kat:3, Licht: 2","115813","3","7","5","10","05","6","","2","1","1","0","0"
"POINT (11.537409306000001 48.157519485000101)","Unfall 115829 (2022) Kat:3, Licht: 2","115829","3","6","2","10","20","3","","2","0","1","0","0"
"POINT (11.521160463000101 48.090493451000000)","Unfall 115870 (2022) Kat:3, Licht: 0","115870","3","2","4","10","13","6","","0","0","1","0","1"
"POINT (11.624506498000100 48.138368619000097)","Unfall 115974 (2022) Kat:3, Licht: 0","115974","3","7","1","10","14","2","","0","0","1","0","1"
"POINT (11.585060515000100 48.180749458000001)","Unfall 115993 (2022) Kat:3, Licht: 0","115993","3","2","5","10","08","3","","0","1","1","0","0"
"POINT (11.702308828000101 48.142171998000002)","Unfall 116035 (2022) Kat:3, Licht: 0","116035","3","6","2","10","16","4","","0","0","1","0","0"
"POINT (11.539672287000000 48.110112870000101)","Unfall 116052 (2022) Kat:3, Licht: 0","116052","3","1","1","10","13","3","","0","1","1","0","0"
"POINT (11.472364373000101 48.209718075000097)","Unfall 116061 (2022) Kat:3, Licht: 2","116061","3","6","3","10","06","3","","2","0","1","0","0"
"POINT (11.436106991000001 48.185756685999998)","Unfall 116078 (2022) Kat:3, Licht: 0","116078","3","7","0","10","13","3","","0","0","1","0","0"
"POINT (11.503206176000001 48.142940775000099)","Unfall 116116 (2022) Kat:3, Licht: 0","116116","3","1","5","10","07","4","","0","0","1","0","0"
"POINT (11.627306777000101 48.129038084000101)","Unfall 116208 (2022) Kat:3, Licht: 0","116208","3","7","0","10","17","7","","0","0","1","0","0"
"POINT (11.418298126000000 48.154351949000002)","Unfall 116225 (2022) Kat:3, Licht: 0","116225","3","2","3","10","17","2","","0","0","1","0","0"
"POINT (11.403872213000099 48.127398417000101)","Unfall 116239 (2022) Kat:2, Licht: 0","116239","2","6","2","10","13","3","","0","0","1","0","0"
"POINT (11.695290257000099 48.115543006000102)","Unfall 116243 (2022) Kat:2, Licht: 0","116243","2","2","4","10","12","5","","0","0","1","0","0"
"POINT (11.584411642000100 48.188418694000099)","Unfall 116244 (2022) Kat:3, Licht: 0","116244","3","3","5","10","14","3","","0","1","1","0","0"
"POINT (11.436686446000101 48.186863783000000)","Unfall 116264 (2022) Kat:3, Licht: 0","116264","3","6","2","10","15","7","","0","0","1","0","0"
"POINT (11.585068709000000 48.177815922000001)","Unfall 116290 (2022) Kat:3, Licht: 0","116290","3","2","5","10","07","5","","0","1","1","0","0"
"POINT (11.419586795000001 48.170412590000097)","Unfall 116336 (2022) Kat:3, Licht: 0","116336","3","6","2","10","15","4","","0","0","1","0","0"
"POINT (11.483712014000000 48.213578945000101)","Unfall 116337 (2022) Kat:3, Licht: 0","116337","3","6","1","10","15","4","","0","0","1","0","0"
"POINT (11.620920146000101 48.191599275000002)","Unfall 116343 (2022) Kat:3, Licht: 2","116343","3","1","0","10","00","7","","2","0","0","0","0"
"POINT (11.626398226999999 48.129246569000003)","Unfall 116357 (2022) Kat:2, Licht: 2","116357","2","4","6","10","20","5","","2","0","0","1","0"
"POINT (11.458126285000001 48.199419128000002)","Unfall 116391 (2022) Kat:3, Licht: 2","116391","3","2","5","10","20","1","","2","0","1","0","0"
"POINT (11.628911943000000 48.220202593000103)","Unfall 116424 (2022) Kat:2, Licht: 2","116424","2","1","9","10","18","5","","2","0","1","0","0"
"POINT (11.518332256000100 48.123982623000103)","Unfall 116454 (2022) Kat:3, Licht: 1","116454","3","6","2","10","18","3","","1","0","1","0","1"
"POINT (11.437268415000100 48.194889131000103)","Unfall 116481 (2022) Kat:3, Licht: 0","116481","3","6","2","10","08","2","","0","0","1","0","0"
"POINT (11.663559337000001 48.139018894000102)","Unfall 116489 (2022) Kat:3, Licht: 2","116489","3","6","2","10","21","5","","2","0","1","0","0"
"POINT (11.615104505000000 48.112000942000101)","Unfall 116497 (2022) Kat:3, Licht: 0","116497","3","3","5","10","11","2","","0","0","1","0","0"
"POINT (11.649818007000000 48.103407076000103)","Unfall 116509 (2022) Kat:3, Licht: 2","116509","3","3","4","10","18","3","","2","0","1","0","0"
"POINT (11.616155547000099 48.130928247000000)","Unfall 116568 (2022) Kat:3, Licht: 0","116568","3","2","5","10","16","3","","0","1","0","0","0"
"POINT (11.422856286000100 48.187723537000103)","Unfall 116572 (2022) Kat:2, Licht: 1","116572","2","6","2","10","07","4","","1","0","1","0","1"
"POINT (11.537208755000099 48.156549530000099)","Unfall 116589 (2022) Kat:3, Licht: 0","116589","3","6","2","10","14","2","","0","0","1","0","0"
"POINT (11.460686959000000 48.187772763000098)","Unfall 116636 (2022) Kat:3, Licht: 0","116636","3","3","5","10","08","7","","0","0","1","0","0"
"POINT (11.630619530000001 48.128240054000102)","Unfall 116656 (2022) Kat:3, Licht: 0","116656","3","7","0","11","10","2","","0","0","0","1","1"
"POINT (11.476831686000001 48.115462378000103)","Unfall 116685 (2022) Kat:3, Licht: 2","116685","3","2","4","11","22","3","","2","0","1","0","0"
"POINT (11.631113089999999 48.128113304000102)","Unfall 116704 (2022) Kat:2, Licht: 0","116704","2","4","6","10","14","5","","0","1","0","1","0"
"POINT (11.556100409000100 48.112346401000103)","Unfall 116713 (2022) Kat:3, Licht: 2","116713","3","6","3","10","17","1","","2","0","1","0","1"
"POINT (11.539223424999999 48.226002883000000)","Unfall 116748 (2022) Kat:3, Licht: 0","116748","3","6","2","10","16","6","","0","0","1","0","0"
"POINT (11.646193110000100 48.105701843000098)","Unfall 116754 (2022) Kat:3, Licht: 2","116754","3","1","8","10","01","2","","2","0","1","0","0"
"POINT (11.582123014000000 48.104492392000097)","Unfall 116757 (2022) Kat:3, Licht: 2","116757","3","1","0","11","06","6","","2","1","0","0","0"
"POINT (11.572184126000000 48.111897650000103)","Unfall 116817 (2022) Kat:3, Licht: 0","116817","3","6","2","11","09","3","","0","0","1","0","0"
"POINT (11.481312985000001 48.114986807000001)","Unfall 116832 (2022) Kat:3, Licht: 0","116832","3","6","2","10","17","6","","0","0","1","0","0"