WKT,Name,OBJECTID,UKATEGORIE,UTYP1,UART,UMONAT,USTUNDE,UWOCHENTAG,STRZUSTAND,ULICHTVERH,ISTRAD,ISTPKW,ISTFUSS,ISTKRAD
"POINT (11.700949245000100 48.142257755000102)","Unfall 116864 (2022) Kat:3, Licht: 0","116864","3","6","2","11","15","7","","0","0","1","0","0"
"POINT (11.640832225000100 48.139019973000103)","Unfall 116889 (2022) Kat:3, Licht: 2","116889","3","7","8","11","02","7","","2","0","1","0","0"
"POINT (11.422429663000100 48.142650244999999)","Unfall 116892 (2022) Kat:3, Licht: 0","116892","3","3","5","11","15","6","","0","0","1","0","0"
"POINT (11.552626246000001 48.082307361000098)","Unfall 116905 (2022) Kat:3, Licht: 0","116905","3","6","2","11","14","5","","0","0","1","0","0"
"POINT (11.587428989999999 48.212177937000000)","Unfall 116928 (2022) Kat:3, Licht: 2","116928","3","6","0","11","17","5","","2","0","0","0","1"
"POINT (11.502825775000099 48.125742037000101)","Unfall 116929 (2022) Kat:3, Licht: 2","116929","3","6","2","11","17","5","","2","0","1","0","0"
"POINT (11.554300728999999 48.112356094000098)","Unfall 116959 (2022) Kat:3, Licht: 2","116959","3","1","2","11","18","6","","2","0","1","0","0"
"POINT (11.569304271000000 48.112296325999999)","Unfall 116989 (2022) Kat:3, Licht: 0","116989","3","6","4","11","13","3","","0","1","0","0","0"
"POINT (11.628429794000100 48.219628902000103)","Unfall 117001 (2022) Kat:3, Licht: 2","117001","3","6","2","11","17","6","","2","0","1","0","0"
"POINT (11.394195944000000 48.145303107000103)","Unfall 117046 (2022) Kat:3, Licht: 2","117046","3","6","2","11","17","5","","2","0","1","0","0"
"POINT (11.479550698000001 48.088533071000001)","Unfall 117061 (2022) Kat:3, Licht: 2","117061","3","2","5","11","20","4","","2","1","1","0","0"
"POINT (11.500817287000100 48.213838719000101)","Unfall 117096 (2022) Kat:3, Licht: 1","117096","3","1","8","11","06","1","","1","0","1","0","0"
"POINT (11.620587977000101 48.124740191999997)","Unfall 117120 (2022) Kat:3, Licht: 1","117120","3","6","5","11","16","5","","1","1","1","0","0"
"POINT (11.512799238000101 48.219868108000099)","Unfall 117133 (2022) Kat:3, Licht: 2","117133","3","6","2","11","17","6","","2","0","1","0","0"
"POINT (11.553479674000100 48.112370904000002)","Unfall 117201 (2022) Kat:3, Licht: 2","117201","3","2","5","11","05","3","","2","1","1","0","0"
"POINT (11.420235527999999 48.170865241000101)","Unfall 117213 (2022) Kat:3, Licht: 0","117213","3","6","2","11","15","5","","0","0","1","0","0"
"POINT (11.536206274000101 48.186906129000100)","Unfall 117251 (2022) Kat:3, Licht: 0","117251","3","6","2","11","14","6","","0","0","1","0","0"
"POINT (11.584319295000100 48.189491089999997)","Unfall 117294 (2022) Kat:3, Licht: 0","117294","3","2","5","11","08","5","","0","0","1","0","0"
"POINT (11.512331456000000 48.142100864000000)","Unfall 117316 (2022) Kat:3, Licht: 1","117316","3","2","5","11","16","4","","1","0","1","0","0"
"POINT (11.539909404000101 48.107282568000102)","Unfall 117325 (2022) Kat:2, Licht: 2","117325","2","3","5","10","21","5","","2","0","1","0","1"
"POINT (11.523311851000100 48.075419953000100)","Unfall 117335 (2022) Kat:3, Licht: 2","117335","3","6","2","11","18","6","","2","0","1","0","0"
"POINT (11.502304862000100 48.112029392000103)","Unfall 117368 (2022) Kat:3, Licht: 0","117368","3","6","2","11","07","5","","0","0","1","0","1"
"POINT (11.617987734000099 48.196743325000099)","Unfall 117392 (2022) Kat:3, Licht: 0","117392","3","1","4","11","08","6","","0","0","1","0","0"
"POINT (11.517178962999999 48.117839785000101)","Unfall 117398 (2022) Kat:3, Licht: 0","117398","3","3","5","10","15","1","","0","1","1","0","0"
"POINT (11.528212812000000 48.130107005000099)","Unfall 117449 (2022) Kat:3, Licht: 0","117449","3","1","2","10","20","5","","0","0","1","0","0"
"POINT (11.584970436000001 48.180280709000002)","Unfall 117460 (2022) Kat:3, Licht: 0","117460","3","7","0","11","10","2","","0","1","1","0","0"
"POINT (11.585492521999999 48.177395988000100)","Unfall 117461 (2022) Kat:3, Licht: 0","117461","3","2","5","10","08","6","","0","1","1","0","0"
"POINT (11.529951927000100 48.131068138000003)","Unfall 117464 (2022) Kat:3, Licht: 0","117464","3","6","2","11","15","2","","0","0","1","0","0"
"POINT (11.538758603000099 48.172270786000098)","Unfall 117481 (2022) Kat:3, Licht: 2","117481","3","6","2","11","17","4","","2","0","1","0","0"
"POINT (11.616051855000000 48.130811000999998)","Unfall 117491 (2022) Kat:3, Licht: 0","117491","3","3","5","10","08","6","","0","0","1","0","0"
"POINT (11.510183627000099 48.106655881999998)","Unfall 117494 (2022) Kat:2, Licht: 2","117494","2","6","2","11","17","3","","2","0","1","0","0"
"POINT (11.404378053000100 48.140059759000103)","Unfall 117565 (2022) Kat:3, Licht: 0","117565","3","6","2","11","10","5","","0","0","1","0","0"
"POINT (11.540329466999999 48.202768305000099)","Unfall 117591 (2022) Kat:3, Licht: 2","117591","3","6","2","11","17","3","","2","1","0","0","0"
"POINT (11.470376122000101 48.114947628000003)","Unfall 117592 (2022) Kat:3, Licht: 2","117592","3","2","4","11","17","5","","2","1","1","0","0"
"POINT (11.620205055000000 48.120286196000102)","Unfall 117618 (2022) Kat:3, Licht: 2","117618","3","2","3","11","17","4","","2","1","1","0","0"
"POINT (11.624575329000001 48.090927782999998)","Unfall 117652 (2022) Kat:3, Licht: 1","117652","3","3","5","11","07","5","","1","1","1","0","0"
"POINT (11.546636026000000 48.176168371000102)","Unfall 117688 (2022) Kat:3, Licht: 0","117688","3","6","1","11","09","4","","0","0","1","0","0"
"POINT (11.534854363000001 48.187000341999997)","Unfall 117696 (2022) Kat:3, Licht: 0","117696","3","4","6","10","16","2","","0","0","0","1","0"
"POINT (11.614724960000000 48.138349590000097)","Unfall 117699 (2022) Kat:3, Licht: 2","117699","3","1","7","11","22","6","","2","0","1","0","0"
"POINT (11.615794896000100 48.151122132000097)","Unfall 117706 (2022) Kat:3, Licht: 2","117706","3","1","2","11","18","7","","2","0","1","0","0"
"POINT (11.620252885000101 48.120396728000102)","Unfall 117712 (2022) Kat:3, Licht: 0","117712","3","7","5","11","15","4","","0","1","1","0","0"
"POINT (11.617924607000100 48.156551250000099)","Unfall 117771 (2022) Kat:3, Licht: 2","117771","3","6","2","11","19","2","","2","0","1","0","0"
"POINT (11.461419553000001 48.176749535000098)","Unfall 117827 (2022) Kat:3, Licht: 2","117827","3","6","3","11","16","3","","2","0","1","0","0"
"POINT (11.575004077000100 48.177952900999998)","Unfall 117848 (2022) Kat:3, Licht: 1","117848","3","1","2","11","14","4","","1","0","1","0","0"
"POINT (11.393774531000100 48.137302471000098)","Unfall 117860 (2022) Kat:3, Licht: 0","117860","3","6","2","10","15","5","","0","0","1","0","1"
"POINT (11.612332574000000 48.110375981000097)","Unfall 117866 (2022) Kat:3, Licht: 2","117866","3","7","0","10","21","2","","2","0","1","0","1"
"POINT (11.664894276000000 48.121387155999997)","Unfall 117883 (2022) Kat:3, Licht: 2","117883","3","2","5","11","18","3","","2","0","1","0","0"
"POINT (11.615778308000101 48.194176186999997)","Unfall 117913 (2022) Kat:3, Licht: 2","117913","3","6","2","11","19","1","","2","0","1","0","0"
"POINT (11.501311504000100 48.193083932999997)","Unfall 117919 (2022) Kat:3, Licht: 0","117919","3","6","2","10","14","6","","0","0","1","0","0"
"POINT (11.617448609000100 48.130721995000002)","Unfall 117967 (2022) Kat:3, Licht: 0","117967","3","6","2","11","14","7","","0","0","1","0","0"
"POINT (11.562511335000099 48.176075974000099)","Unfall 117974 (2022) Kat:3, Licht: 2","117974","3","6","2","11","18","5","","2","0","1","0","0"
"POINT (11.537850842000100 48.165920379000099)","Unfall 117990 (2022) Kat:2, Licht: 0","117990","2","4","6","11","14","2","","0","0","1","1","0"
"POINT (11.691776975000000 48.140997449000103)","Unfall 117997 (2022) Kat:2, Licht: 1","117997","2","6","2","10","19","6","","1","0","1","0","1"
"POINT (11.595156021999999 48.174569754000103)","Unfall 118006 (2022) Kat:3, Licht: 2","118006","3","6","2","11","18","6","","2","0","1","0","0"
"POINT (11.573296652000099 48.111966859000098)","Unfall 118007 (2022) Kat:3, Licht: 0","118007","3","1","8","11","15","1","","0","0","1","0","0"
"POINT (11.545218391000001 48.197412164000099)","Unfall 118009 (2022) Kat:3, Licht: 2","118009","3","3","2","11","17","5","","2","1","1","0","0"
"POINT (11.411652744000000 48.141127636000100)","Unfall 118061 (2022) Kat:3, Licht: 2","118061","3","2","6","11","06","3","","2","0","1","1","0"
"POINT (11.503319661999999 48.142928691000101)","Unfall 118069 (2022) Kat:3, Licht: 2","118069","3","2","5","11","21","7","","2","0","1","0","0"
"POINT (11.611186687000000 48.186359736999997)","Unfall 118073 (2022) Kat:3, Licht: 0","118073","3","1","9","11","11","6","","0","0","1","0","0"
"POINT (11.528664716000000 48.129958547000101)","Unfall 118125 (2022) Kat:3, Licht: 0","118125","3","2","3","11","09","4","","0","1","1","0","0"
"POINT (11.598605886000000 48.181574915000098)","Unfall 118131 (2022) Kat:3, Licht: 1","118131","3","6","2","11","17","3","","1","0","1","0","0"
"POINT (11.534211830000100 48.187045836000003)","Unfall 118166 (2022) Kat:3, Licht: 0","118166","3","6","1","11","14","6","","0","0","1","0","0"
"POINT (11.616078988000000 48.131739826999997)","Unfall 118208 (2022) Kat:3, Licht: 0","118208","3","6","1","11","07","5","","0","0","1","0","0"
"POINT (11.693780714000100 48.116225999000100)","Unfall 118268 (2022) Kat:3, Licht: 1","118268","3","7","5","11","17","5","","1","0","1","0","1"
"POINT (11.524751795000000 48.109888437999999)","Unfall 118270 (2022) Kat:3, Licht: 0","118270","3","6","3","11","08","3","","0","0","1","0","0"
"POINT (11.616452910000000 48.133423654000097)","Unfall 118314 (2022) Kat:3, Licht: 0","118314","3","6","0","11","08","3","","0","0","1","0","0"
"POINT (11.624036242000001 48.195337056000000)","Unfall 118339 (2022) Kat:3, Licht: 0","118339","3","2","4","11","11","6","","0","0","1","0","0"
"POINT (11.599593231000000 48.107606454000098)","Unfall 118358 (2022) Kat:3, Licht: 2","118358","3","3","5","11","19","3","","2","0","1","0","0"
"POINT (11.517003128000100 48.115157861000100)","Unfall 118409 (2022) Kat:3, Licht: 2","118409","3","6","3","11","11","3","","2","0","1","0","0"
"POINT (11.434414369000001 48.183301679000103)","Unfall 118420 (2022) Kat:3, Licht: 2","118420","3","6","2","11","17","6","","2","0","1","0","0"
"POINT (11.584076541000099 48.193348227000101)","Unfall 118431 (2022) Kat:2, Licht: 2","118431","2","1","9","11","20","3","","2","0","1","0","0"
"POINT (11.503417590000000 48.143277787999999)","Unfall 118455 (2022) Kat:3, Licht: 0","118455","3","2","5","10","17","6","","0","1","1","0","0"
"POINT (11.602929197000000 48.108389179000000)","Unfall 118488 (2022) Kat:3, Licht: 2","118488","3","3","3","11","21","7","","2","0","1","0","0"
"POINT (11.446533896000100 48.146031604000001)","Unfall 118520 (2022) Kat:3, Licht: 2","118520","3","1","2","11","19","1","","2","0","1","0","0"
"POINT (11.605485474000000 48.108727129999998)","Unfall 118560 (2022) Kat:3, Licht: 0","118560","3","3","5","11","15","7","","0","1","1","0","0"
"POINT (11.646382343000001 48.105682958999999)","Unfall 118576 (2022) Kat:3, Licht: 0","118576","3","3","5","12","14","6","","0","0","1","0","0"
"POINT (11.405652694000000 48.160906076000103)","Unfall 118588 (2022) Kat:3, Licht: 2","118588","3","6","1","12","10","2","","2","0","1","0","0"
"POINT (11.521026581000100 48.090503097000102)","Unfall 118597 (2022) Kat:3, Licht: 0","118597","3","2","4","12","13","4","","0","0","1","0","0"
"POINT (11.709398188000000 48.111366805999999)","Unfall 118610 (2022) Kat:3, Licht: 0","118610","3","1","6","12","08","3","","0","0","1","1","0"
"POINT (11.395361463000000 48.179852669000098)","Unfall 118663 (2022) Kat:3, Licht: 2","118663","3","2","6","12","17","2","","2","0","1","1","0"
"POINT (11.621681883000100 48.129907742000100)","Unfall 118673 (2022) Kat:3, Licht: 0","118673","3","4","6","12","12","2","","0","1","0","1","0"
"POINT (11.575628618000099 48.178031595000000)","Unfall 118704 (2022) Kat:3, Licht: 2","118704","3","6","2","12","07","4","","2","0","1","0","0"
"POINT (11.616150711000000 48.130928978999997)","Unfall 118766 (2022) Kat:3, Licht: 0","118766","3","3","5","12","08","2","","0","0","1","0","0"
"POINT (11.622242863000100 48.137595574999999)","Unfall 118767 (2022) Kat:3, Licht: 2","118767","3","1","9","12","02","5","","2","0","1","0","0"
"POINT (11.585291850999999 48.201242514000100)","Unfall 118775 (2022) Kat:3, Licht: 0","118775","3","6","1","12","08","2","","0","0","1","0","0"
"POINT (11.498445399000000 48.143558045000098)","Unfall 118854 (2022) Kat:3, Licht: 0","118854","3","2","5","12","11","4","","0","1","1","0","0"
"POINT (11.584319622000100 48.189486903000002)","Unfall 118902 (2022) Kat:3, Licht: 0","118902","3","6","2","12","13","4","","0","0","1","0","0"
"POINT (11.534469916999999 48.139466249000101)","Unfall 118994 (2022) Kat:3, Licht: 2","118994","3","6","3","12","06","2","","2","0","1","0","0"
"POINT (11.627852712999999 48.201462117000098)","Unfall 119007 (2022) Kat:3, Licht: 2","119007","3","1","9","12","05","5","","2","0","0","0","1"
"POINT (11.646505371000000 48.096396880999997)","Unfall 119017 (2022) Kat:3, Licht: 0","119017","3","3","5","12","09","6","","0","0","1","0","0"
"POINT (11.528123876000100 48.130060241000102)","Unfall 119062 (2022) Kat:3, Licht: 0","119062","3","6","2","12","09","6","","0","0","1","0","0"
"POINT (11.584753764000000 48.184070249999998)","Unfall 119107 (2022) Kat:3, Licht: 2","119107","3","2","6","11","22","2","","2","0","1","1","0"
"POINT (11.619860544000099 48.137336355000102)","Unfall 119108 (2022) Kat:3, Licht: 1","119108","3","1","0","12","07","3","","1","1","0","0","0"
"POINT (11.585513457999999 48.177690892999998)","Unfall 119132 (2022) Kat:3, Licht: 2","119132","3","2","5","12","05","2","","2","1","1","0","0"
"POINT (11.471140038000000 48.209712842000002)","Unfall 119151 (2022) Kat:3, Licht: 0","119151","3","6","3","12","11","2","","0","0","1","0","0"
"POINT (11.534096185000100 48.225236316000100)","Unfall 119158 (2022) Kat:3, Licht: 0","119158","3","6","3","12","09","4","","0","0","1","0","0"
"POINT (11.616129078000000 48.130932256999998)","Unfall 119167 (2022) Kat:3, Licht: 0","119167","3","3","5","12","08","7","","0","0","1","0","0"
"POINT (11.673619753000001 48.137770205999999)","Unfall 119172 (2022) Kat:3, Licht: 0","119172","3","1","9","12","13","1","","0","0","1","0","0"
"POINT (11.502751643000099 48.087358825000102)","Unfall 119176 (2022) Kat:3, Licht: 0","119176","3","1","0","12","12","6","","0","0","0","0","0"
"POINT (11.612231481000000 48.187213246000098)","Unfall 119321 (2022) Kat:2, Licht: 2","119321","2","2","5","12","19","7","","2","1","1","0","0"
"POINT (11.393747297000100 48.145045549000002)","Unfall 119333 (2022) Kat:3, Licht: 0","119333","3","1","0","11","15","1","","0","0","1","0","0"
"POINT (11.407525801000100 48.173531232000101)","Unfall 119344 (2022) Kat:3, Licht: 0","119344","3","7","0","12","14","6","","0","1","0","0","0"
"POINT (11.615710206000101 48.129704900000000)","Unfall 119378 (2022) Kat:3, Licht: 2","119378","3","1","8","12","05","2","","2","0","1","0","0"
"POINT (11.393421246000100 48.180413166999998)","Unfall 119416 (2022) Kat:3, Licht: 0","119416","3","6","4","12","13","4","","0","0","1","0","0"
"POINT (11.510910912000000 48.089213619000098)","Unfall 119485 (2022) Kat:3, Licht: 0","119485","3","3","5","12","14","4","","0","0","1","0","0"
"POINT (11.597478679000099 48.167367052000003)","Unfall 119491 (2022) Kat:2, Licht: 0","119491","2","6","2","12","12","7","","0","0","1","0","0"
"POINT (11.502291172000101 48.112029149000101)","Unfall 119492 (2022) Kat:3, Licht: 2","119492","3","2","4","12","22","6","","2","0","1","0","0"
"POINT (11.551426206000000 48.079713888000100)","Unfall 119497 (2022) Kat:3, Licht: 1","119497","3","6","2","12","16","2","","1","0","1","0","0"
"POINT (11.395999628000000 48.138003019000102)","Unfall 119508 (2022) Kat:3, Licht: 0","119508","3","6","2","12","13","5","","0","0","1","0","0"
"POINT (11.417409750999999 48.130218327000101)","Unfall 119523 (2022) Kat:3, Licht: 2","119523","3","1","2","12","02","1","","2","0","1","0","0"
"POINT (11.534545696000100 48.187022198000101)","Unfall 119556 (2022) Kat:2, Licht: 0","119556","2","6","2","12","14","1","","0","0","1","0","0"
"POINT (11.628493945000100 48.219357506000101)","Unfall 119601 (2022) Kat:3, Licht: 0","119601","3","6","1","11","08","3","","0","0","1","0","0"
"POINT (11.477013919000100 48.145255291000097)","Unfall 119605 (2022) Kat:3, Licht: 0","119605","3","3","5","12","13","7","","0","0","1","0","0"
"POINT (11.677198192000001 48.119377000999997)","Unfall 119648 (2022) Kat:3, Licht: 2","119648","3","2","5","11","23","2","","2","1","1","0","0"
"POINT (11.502391642000100 48.143335864000100)","Unfall 119653 (2022) Kat:2, Licht: 2","119653","2","6","3","12","19","2","","2","0","0","0","1"
"POINT (11.616401446999999 48.148792352000001)","Unfall 119673 (2022) Kat:3, Licht: 2","119673","3","2","0","12","00","5","","2","1","1","0","0"
"POINT (11.394269293000001 48.146173865000002)","Unfall 119683 (2022) Kat:3, Licht: 0","119683","3","1","0","12","09","1","","0","0","1","0","0"
"POINT (11.548770875000100 48.112114761000001)","Unfall 119692 (2022) Kat:2, Licht: 1","119692","2","3","5","12","06","4","","1","0","1","0","0"
"POINT (11.406052330000000 48.127456701000000)","Unfall 119698 (2022) Kat:3, Licht: 2","119698","3","7","0","12","05","6","","2","0","1","0","0"
"POINT (11.518271774000000 48.090514656000003)","Unfall 119719 (2022) Kat:2, Licht: 2","119719","2","1","0","12","16","2","","2","0","0","0","1"
"POINT (11.498672948999999 48.125304745999998)","Unfall 119731 (2022) Kat:3, Licht: 2","119731","3","6","2","12","17","3","","2","0","1","0","0"
"POINT (11.487048081000101 48.209092050000002)","Unfall 119742 (2022) Kat:3, Licht: 2","119742","3","6","3","12","18","5","","2","0","1","0","0"
"POINT (11.456876290000000 48.165356110000097)","Unfall 119776 (2022) Kat:3, Licht: 2","119776","3","2","5","12","17","1","","2","0","1","0","0"
"POINT (11.612269392000000 48.110347197000102)","Unfall 119795 (2022) Kat:2, Licht: 2","119795","2","3","5","12","05","4","","2","0","1","0","1"
"POINT (11.603761684000100 48.108507865000000)","Unfall 119840 (2022) Kat:3, Licht: 0","119840","3","6","1","12","14","5","","0","0","1","0","0"
"POINT (11.488525127000100 48.086050075000102)","Unfall 119843 (2022) Kat:3, Licht: 0","119843","3","3","5","11","08","1","","0","0","1","0","0"
"POINT (11.496321506000100 48.143752274000100)","Unfall 119861 (2022) Kat:3, Licht: 0","119861","3","1","0","11","15","7","","0","0","0","0","1"
"POINT (11.402122863000001 48.130279813000101)","Unfall 119907 (2022) Kat:3, Licht: 2","119907","3","6","2","11","16","3","","2","0","1","0","0"
"POINT (11.619781012000001 48.119783085000101)","Unfall 119911 (2022) Kat:3, Licht: 0","119911","3","6","2","12","13","6","","0","0","1","0","0"
"POINT (11.519581059000100 48.110153997000097)","Unfall 119922 (2022) Kat:3, Licht: 0","119922","3","6","2","12","14","2","","0","0","1","0","0"
"POINT (11.541314562000000 48.186405798000102)","Unfall 119939 (2022) Kat:3, Licht: 2","119939","3","7","8","11","01","3","","2","0","1","0","0"
"POINT (11.615864883000000 48.153863442000002)","Unfall 119954 (2022) Kat:3, Licht: 0","119954","3","6","2","12","13","1","","0","0","1","0","0"
"POINT (11.533448674000100 48.133441832000102)","Unfall 119970 (2022) Kat:3, Licht: 0","119970","3","3","5","12","08","4","","0","0","1","0","0"
"POINT (11.681892300000101 48.118698989999999)","Unfall 119985 (2022) Kat:2, Licht: 2","119985","2","6","3","12","18","2","","2","0","1","0","1"
"POINT (11.613402895000000 48.152813578000099)","Unfall 119993 (2022) Kat:3, Licht: 0","119993","3","6","1","11","15","3","","0","0","1","0","0"
"POINT (11.619422032999999 48.107696695000101)","Unfall 120001 (2022) Kat:3, Licht: 0","120001","3","1","0","12","07","3","","0","1","0","0","0"
"POINT (11.429109160000101 48.177621283000100)","Unfall 120008 (2022) Kat:3, Licht: 1","120008","3","1","9","12","16","4","","1","0","0","0","0"
"POINT (11.502731946000001 48.125744732000001)","Unfall 120055 (2022) Kat:3, Licht: 2","120055","3","6","2","12","07","2","","2","0","1","0","0"
"POINT (11.406052330000000 48.127456701000000)","Unfall 120065 (2022) Kat:3, Licht: 2","120065","3","1","0","12","06","6","","2","0","1","0","0"
"POINT (11.548559140000100 48.192042358000002)","Unfall 120066 (2022) Kat:3, Licht: 0","120066","3","6","6","12","09","6","","0","0","1","1","0"
"POINT (11.431416106000000 48.179843996999999)","Unfall 120069 (2022) Kat:3, Licht: 2","120069","3","6","2","12","18","6","","2","0","1","0","0"
"POINT (11.662821770000100 48.121986858000099)","Unfall 120089 (2022) Kat:3, Licht: 0","120089","3","2","3","12","07","2","","0","1","1","0","0"
"POINT (11.554150331000100 48.176217377000100)","Unfall 120090 (2022) Kat:3, Licht: 2","120090","3","6","2","12","17","5","","2","0","1","0","0"
"POINT (11.530470362000100 48.140216269000099)","Unfall 120097 (2022) Kat:3, Licht: 2","120097","3","6","3","11","16","3","","2","0","1","0","1"
"POINT (11.623691409999999 48.087344633000001)","Unfall 120103 (2022) Kat:3, Licht: 2","120103","3","1","8","11","17","1","","2","0","1","0","0"
"POINT (11.509493565000099 48.125179709000101)","Unfall 120134 (2022) Kat:3, Licht: 2","120134","3","6","2","12","18","5","","2","0","1","0","0"
"POINT (11.502423894000099 48.112177434000003)","Unfall 120142 (2022) Kat:3, Licht: 0","120142","3","2","4","12","10","7","","0","0","1","0","0"
"POINT (11.415975434000099 48.167985386000097)","Unfall 120166 (2022) Kat:3, Licht: 2","120166","3","6","2","11","15","3","","2","0","1","0","0"
"POINT (11.597484559000099 48.173378883000098)","Unfall 120167 (2022) Kat:3, Licht: 0","120167","3","2","5","12","13","7","","0","0","1","0","0"
"POINT (11.585305504000100 48.200496510999997)","Unfall 120198 (2022) Kat:3, Licht: 1","120198","3","6","1","12","07","2","","1","0","1","0","0"
"POINT (11.584234543000001 48.195848642999998)","Unfall 120213 (2022) Kat:2, Licht: 0","120213","2","2","5","12","08","7","","0","0","1","0","0"
"POINT (11.614453951000000 48.111512348000097)","Unfall 120233 (2022) Kat:3, Licht: 2","120233","3","2","5","12","06","4","","2","0","1","0","0"
"POINT (11.480890832000100 48.088179158999999)","Unfall 120237 (2022) Kat:3, Licht: 0","120237","3","2","1","12","13","6","","0","0","1","0","0"
"POINT (11.491938484000100 48.209895378000098)","Unfall 120248 (2022) Kat:2, Licht: 2","120248","2","6","2","12","17","3","","2","0","1","0","0"
"POINT (11.429109160000101 48.177621283000100)","Unfall 120257 (2022) Kat:2, Licht: 0","120257","2","7","2","12","07","3","","0","0","0","0","0"
"POINT (11.415199481000100 48.192783297000098)","Unfall 120305 (2022) Kat:3, Licht: 2","120305","3","7","2","11","21","2","","2","0","1","0","0"
"POINT (11.685322654000100 48.138647918000103)","Unfall 120316 (2022) Kat:3, Licht: 2","120316","3","6","2","12","00","1","","2","0","1","0","0"
"POINT (11.674940205000000 48.137207841000098)","Unfall 120336 (2022) Kat:3, Licht: 2","120336","3","6","2","12","23","7","","2","0","1","0","0"
"POINT (11.534420569000099 48.136758747999998)","Unfall 120367 (2022) Kat:3, Licht: 1","120367","3","6","0","12","15","7","","1","0","1","0","0"
"POINT (11.620065771000000 48.120288512000101)","Unfall 120388 (2022) Kat:2, Licht: 2","120388","2","2","4","12","20","1","","2","0","1","0","0"
"POINT (11.616433280000001 48.149392439000103)","Unfall 120419 (2022) Kat:3, Licht: 1","120419","3","1","8","12","06","1","","1","0","1","0","0"
"POINT (11.471588018000000 48.145395123000100)","Unfall 120430 (2022) Kat:3, Licht: 2","120430","3","3","4","12","21","4","","2","0","1","0","0"
"POINT (11.584563173999999 48.186054841000001)","Unfall 120438 (2022) Kat:3, Licht: 2","120438","3","6","2","11","22","2","","2","0","1","0","0"
"POINT (11.599661566000099 48.107622474000003)","Unfall 120468 (2022) Kat:3, Licht: 2","120468","3","3","5","12","16","3","","2","0","1","0","0"
"POINT (11.653832718000000 48.094136749000000)","Unfall 120482 (2022) Kat:3, Licht: 1","120482","3","2","4","12","16","3","","1","0","1","0","0"
"POINT (11.592489148000000 48.105741556000098)","Unfall 120525 (2022) Kat:3, Licht: 2","120525","3","6","2","12","20","2","","2","0","1","0","0"
"POINT (11.614343245000001 48.189240413999997)","Unfall 120556 (2022) Kat:3, Licht: 0","120556","3","4","6","11","07","3","","0","0","1","1","0"
"POINT (11.477152827000101 48.115591600000101)","Unfall 120582 (2022) Kat:3, Licht: 0","120582","3","3","5","12","09","5","","0","0","1","0","0"
"POINT (11.585427352000099 48.201098307000102)","Unfall 120638 (2022) Kat:3, Licht: 1","120638","3","2","5","12","16","4","","1","1","1","0","0"
"POINT (11.534304225000000 48.110622281000097)","Unfall 120640 (2022) Kat:3, Licht: 1","120640","3","6","2","12","16","4","","1","0","1","0","0"
"POINT (11.584408202000100 48.196035893999998)","Unfall 120645 (2022) Kat:3, Licht: 2","120645","3","6","1","12","19","7","","2","0","1","0","0"
"POINT (11.487319633000000 48.123819604000097)","Unfall 120655 (2022) Kat:3, Licht: 0","120655","3","6","2","12","08","5","","0","0","1","0","0"
"POINT (11.519664493000100 48.109746432000101)","Unfall 120660 (2022) Kat:3, Licht: 0","120660","3","6","3","12","16","4","","0","1","0","0","0"
"POINT (11.403956155000101 48.159514727000001)","Unfall 120678 (2022) Kat:3, Licht: 0","120678","3","6","2","12","08","3","","0","0","1","0","0"
"POINT (11.411877060000100 48.152985555999997)","Unfall 207750 (2022) Kat:3, Licht: 0","207750","3","2","5","01","14","6","","0","1","1","0","0"
"POINT (11.574635236000100 48.148188292999997)","Unfall 207761 (2022) Kat:3, Licht: 0","207761","3","2","6","01","10","7","","0","0","1","1","0"
"POINT (11.502788002999999 48.174378822000101)","Unfall 207791 (2022) Kat:3, Licht: 2","207791","3","7","0","01","17","2","","2","1","0","0","0"
"POINT (11.561749497000100 48.151823950000100)","Unfall 207807 (2022) Kat:2, Licht: 2","207807","2","7","0","01","19","3","","2","0","0","1","1"
"POINT (11.503823635000099 48.080406017000001)","Unfall 207808 (2022) Kat:3, Licht: 0","207808","3","7","1","01","15","7","","0","0","1","0","0"
"POINT (11.685202011000101 48.115641600000103)","Unfall 207818 (2022) Kat:3, Licht: 0","207818","3","7","6","01","09","6","","0","0","1","1","0"
"POINT (11.557634136000001 48.139142089000103)","Unfall 207845 (2022) Kat:3, Licht: 1","207845","3","7","3","01","07","3","","1","0","1","0","0"
"POINT (11.590335162000001 48.192649414000101)","Unfall 207863 (2022) Kat:3, Licht: 2","207863","3","3","5","01","21","6","","2","0","1","0","0"
"POINT (11.581490677000000 48.162610686999997)","Unfall 207874 (2022) Kat:3, Licht: 2","207874","3","3","5","01","17","2","","2","0","1","0","0"
"POINT (11.540440072000001 48.118292558000100)","Unfall 207884 (2022) Kat:3, Licht: 1","207884","3","6","1","01","17","3","","1","0","1","0","0"
"POINT (11.460247510000000 48.148015203000099)","Unfall 207887 (2022) Kat:3, Licht: 2","207887","3","6","0","01","17","5","","2","0","0","0","0"
"POINT (11.566865493000000 48.130832197000103)","Unfall 207895 (2022) Kat:3, Licht: 0","207895","3","4","6","01","10","1","","0","1","0","1","0"
"POINT (11.628928255000099 48.119226130000101)","Unfall 207908 (2022) Kat:3, Licht: 2","207908","3","6","2","01","18","2","","2","0","1","0","0"