WKT,Name,OBJECTID,UKATEGORIE,UTYP1,UART,UMONAT,USTUNDE,UWOCHENTAG,STRZUSTAND,ULICHTVERH,ISTRAD,ISTPKW,ISTFUSS,ISTKRAD
"POINT (11.563493961000100 48.160889308000002)","Unfall 207909 (2022) Kat:2, Licht: 0","207909","2","2","5","01","14","2","","0","1","0","0","0"
"POINT (11.645387545000100 48.099103384000003)","Unfall 207928 (2022) Kat:3, Licht: 0","207928","3","2","0","01","14","7","","0","1","1","0","0"
"POINT (11.417864774000099 48.179530616000100)","Unfall 207935 (2022) Kat:3, Licht: 0","207935","3","3","5","01","11","5","","0","0","1","0","1"
"POINT (11.574310524000101 48.132926999000098)","Unfall 207943 (2022) Kat:3, Licht: 0","207943","3","2","6","01","12","7","","0","0","1","1","0"
"POINT (11.605245995000100 48.104537661000101)","Unfall 207949 (2022) Kat:3, Licht: 0","207949","3","3","5","01","09","2","","0","0","1","0","0"
"POINT (11.566399759999999 48.139985803000101)","Unfall 207957 (2022) Kat:3, Licht: 2","207957","3","6","5","01","18","2","","2","1","1","0","0"
"POINT (11.492463866000000 48.189329460000103)","Unfall 207973 (2022) Kat:3, Licht: 0","207973","3","7","6","01","15","6","","0","1","0","1","0"
"POINT (11.596096193000101 48.141812711000100)","Unfall 207996 (2022) Kat:3, Licht: 0","207996","3","1","0","01","07","3","","0","1","0","0","0"
"POINT (11.545062376000001 48.122425444000001)","Unfall 208002 (2022) Kat:3, Licht: 0","208002","3","7","0","01","10","2","","0","0","0","0","0"
"POINT (11.574193008000099 48.167127661000102)","Unfall 208026 (2022) Kat:3, Licht: 2","208026","3","2","4","01","22","5","","2","0","1","0","0"
"POINT (11.565997708999999 48.187407905999997)","Unfall 208028 (2022) Kat:3, Licht: 2","208028","3","7","2","01","19","3","","2","0","1","0","0"
"POINT (11.548877143000000 48.143829265000100)","Unfall 208039 (2022) Kat:3, Licht: 0","208039","3","6","4","01","15","5","","0","1","0","0","0"
"POINT (11.521027049000100 48.181936413000102)","Unfall 208044 (2022) Kat:2, Licht: 0","208044","2","7","0","01","10","3","","0","1","0","0","0"
"POINT (11.549552217000000 48.125140383000002)","Unfall 208051 (2022) Kat:3, Licht: 0","208051","3","2","5","01","10","1","","0","1","1","0","0"
"POINT (11.445291531000100 48.148467865000001)","Unfall 208075 (2022) Kat:3, Licht: 0","208075","3","2","5","01","12","6","","0","1","1","0","0"
"POINT (11.577065862000000 48.116020063000100)","Unfall 208084 (2022) Kat:3, Licht: 0","208084","3","1","0","01","13","7","","0","1","0","0","0"
"POINT (11.653920771000100 48.157643024000002)","Unfall 208098 (2022) Kat:3, Licht: 2","208098","3","1","0","01","02","4","","2","0","0","0","0"
"POINT (11.574895809999999 48.158433756000100)","Unfall 208100 (2022) Kat:3, Licht: 1","208100","3","6","2","01","18","3","","1","1","1","0","0"
"POINT (11.563378054999999 48.135104318000103)","Unfall 208106 (2022) Kat:3, Licht: 2","208106","3","7","6","01","17","3","","2","0","1","1","0"
"POINT (11.535765037000001 48.092807280000002)","Unfall 208107 (2022) Kat:3, Licht: 0","208107","3","6","0","01","09","2","","0","1","1","0","0"
"POINT (11.592895627000100 48.127080300999999)","Unfall 208113 (2022) Kat:3, Licht: 2","208113","3","2","4","01","19","3","","2","0","1","0","0"
"POINT (11.477801496000000 48.185792399999997)","Unfall 208114 (2022) Kat:2, Licht: 1","208114","2","5","1","01","17","7","","1","1","1","0","0"
"POINT (11.502799378000100 48.089836091999999)","Unfall 208137 (2022) Kat:3, Licht: 2","208137","3","6","3","01","18","3","","2","0","1","0","0"
"POINT (11.556958045000000 48.143635369000002)","Unfall 208214 (2022) Kat:3, Licht: 2","208214","3","2","5","01","20","1","","2","0","1","0","0"
"POINT (11.626916265000000 48.131478954000002)","Unfall 208221 (2022) Kat:3, Licht: 0","208221","3","7","0","01","14","6","","0","0","0","0","0"
"POINT (11.651717288000000 48.114210980000102)","Unfall 208228 (2022) Kat:3, Licht: 0","208228","3","6","1","01","12","3","","0","0","1","0","0"
"POINT (11.488168916000101 48.130066392000103)","Unfall 208229 (2022) Kat:3, Licht: 2","208229","3","1","1","01","22","6","","2","0","1","0","0"
"POINT (11.548532678000100 48.122251837000100)","Unfall 208240 (2022) Kat:3, Licht: 0","208240","3","3","5","01","09","2","","0","1","1","0","0"
"POINT (11.605240222000100 48.134645407000100)","Unfall 208241 (2022) Kat:3, Licht: 2","208241","3","7","5","01","17","3","","2","1","0","0","0"
"POINT (11.576540513000101 48.114056908000101)","Unfall 208242 (2022) Kat:3, Licht: 0","208242","3","3","5","01","07","6","","0","1","1","0","0"
"POINT (11.624141084000000 48.128725087000099)","Unfall 208249 (2022) Kat:3, Licht: 0","208249","3","1","0","01","11","2","","0","1","0","0","0"
"POINT (11.540056504000100 48.165110402000003)","Unfall 208251 (2022) Kat:3, Licht: 0","208251","3","7","0","01","14","1","","0","1","0","0","0"
"POINT (11.556084329999999 48.132416800999998)","Unfall 208268 (2022) Kat:3, Licht: 0","208268","3","3","5","01","10","3","","0","1","1","0","0"
"POINT (11.446345142000000 48.160104103999998)","Unfall 208276 (2022) Kat:3, Licht: 0","208276","3","2","6","01","11","6","","0","0","1","1","0"
"POINT (11.574193760000099 48.132885563000102)","Unfall 208278 (2022) Kat:3, Licht: 0","208278","3","2","6","01","11","7","","0","0","1","1","0"
"POINT (11.533132981000101 48.112756650999998)","Unfall 208290 (2022) Kat:3, Licht: 2","208290","3","5","1","01","16","3","","2","1","1","0","0"
"POINT (11.468510423000099 48.164767241000000)","Unfall 208291 (2022) Kat:3, Licht: 0","208291","3","3","5","01","14","6","","0","0","1","0","1"
"POINT (11.567876665000000 48.142669994000101)","Unfall 208293 (2022) Kat:3, Licht: 0","208293","3","3","5","01","14","7","","0","0","1","0","0"
"POINT (11.475416897000100 48.164434764000099)","Unfall 208309 (2022) Kat:3, Licht: 0","208309","3","6","2","01","15","1","","0","0","1","0","0"
"POINT (11.455118332000000 48.133384090000000)","Unfall 208315 (2022) Kat:3, Licht: 0","208315","3","4","6","01","07","2","","0","0","1","1","0"
"POINT (11.620921820000000 48.137118629000000)","Unfall 208316 (2022) Kat:3, Licht: 0","208316","3","7","2","01","14","3","","0","0","1","0","0"
"POINT (11.527798373000101 48.116672565999998)","Unfall 208350 (2022) Kat:2, Licht: 0","208350","2","4","6","01","12","3","","0","0","1","1","0"
"POINT (11.543583276000000 48.202834422000102)","Unfall 208364 (2022) Kat:3, Licht: 0","208364","3","6","2","01","13","6","","0","0","1","0","0"
"POINT (11.460011582000000 48.149044152000002)","Unfall 208370 (2022) Kat:3, Licht: 1","208370","3","4","0","01","07","2","","1","0","0","1","0"
"POINT (11.538722033000100 48.116924138999998)","Unfall 208388 (2022) Kat:3, Licht: 0","208388","3","7","1","01","15","6","","0","0","1","0","0"
"POINT (11.520051756999999 48.132274242999998)","Unfall 208417 (2022) Kat:3, Licht: 2","208417","3","2","5","01","07","2","","2","0","1","0","0"
"POINT (11.566623736000100 48.145409024000102)","Unfall 208442 (2022) Kat:3, Licht: 2","208442","3","3","4","01","18","5","","2","1","1","0","0"
"POINT (11.561984851000000 48.161330837999998)","Unfall 208447 (2022) Kat:3, Licht: 2","208447","3","7","0","01","19","7","","2","0","1","0","1"
"POINT (11.543534245000000 48.157261976000001)","Unfall 208455 (2022) Kat:3, Licht: 2","208455","3","4","6","01","18","5","","2","1","0","1","0"
"POINT (11.588171210000000 48.163099090999999)","Unfall 208459 (2022) Kat:3, Licht: 2","208459","3","3","5","01","18","6","","2","1","1","0","0"
"POINT (11.527946443000101 48.172637999000102)","Unfall 208469 (2022) Kat:3, Licht: 0","208469","3","6","1","01","15","5","","0","0","1","0","0"
"POINT (11.518846810000101 48.145513677000103)","Unfall 208472 (2022) Kat:3, Licht: 0","208472","3","7","6","01","12","7","","0","0","1","1","0"
"POINT (11.589142551000100 48.137297478000100)","Unfall 208481 (2022) Kat:3, Licht: 2","208481","3","2","3","01","19","3","","2","1","1","0","0"
"POINT (11.536443072000100 48.150900317999998)","Unfall 208488 (2022) Kat:2, Licht: 0","208488","2","3","5","01","15","4","","0","1","1","0","0"
"POINT (11.507268668000100 48.128308197000102)","Unfall 208489 (2022) Kat:3, Licht: 1","208489","3","3","6","01","16","2","","1","0","1","1","0"
"POINT (11.586488140000000 48.167331269000002)","Unfall 208494 (2022) Kat:3, Licht: 2","208494","3","2","6","01","18","4","","2","0","1","1","0"
"POINT (11.532888990000099 48.154180988000100)","Unfall 208524 (2022) Kat:3, Licht: 0","208524","3","6","0","01","15","3","","0","0","1","0","1"
"POINT (11.561078352999999 48.138037245000099)","Unfall 208525 (2022) Kat:3, Licht: 0","208525","3","4","6","01","08","2","","0","0","1","1","0"
"POINT (11.600469026000001 48.140631110000101)","Unfall 208531 (2022) Kat:3, Licht: 0","208531","3","7","6","01","08","4","","0","0","1","1","0"
"POINT (11.507342254999999 48.117068984000099)","Unfall 208540 (2022) Kat:2, Licht: 0","208540","2","7","0","01","16","6","","0","1","0","0","0"
"POINT (11.582789114000001 48.133835100000098)","Unfall 208557 (2022) Kat:3, Licht: 2","208557","3","3","5","01","17","7","","2","0","1","0","0"
"POINT (11.558558834000101 48.134507726999999)","Unfall 208603 (2022) Kat:2, Licht: 2","208603","2","3","5","01","21","7","","2","1","1","0","0"
"POINT (11.438239264000099 48.190050535000097)","Unfall 208609 (2022) Kat:3, Licht: 0","208609","3","6","4","01","15","4","","0","0","1","0","0"
"POINT (11.564083740000100 48.201398883000103)","Unfall 208625 (2022) Kat:2, Licht: 2","208625","2","4","6","01","06","4","","2","0","1","1","0"
"POINT (11.565273503000100 48.209006697000099)","Unfall 208634 (2022) Kat:2, Licht: 2","208634","2","4","6","01","05","3","","2","0","1","1","0"
"POINT (11.599563835000000 48.127998734000101)","Unfall 208642 (2022) Kat:3, Licht: 2","208642","3","6","1","01","20","4","","2","0","1","0","0"
"POINT (11.556246891000100 48.119970240000001)","Unfall 208645 (2022) Kat:3, Licht: 2","208645","3","7","9","01","19","6","","2","0","0","0","0"
"POINT (11.541016357000000 48.161926276000003)","Unfall 208648 (2022) Kat:2, Licht: 0","208648","2","4","6","01","07","4","","0","1","0","1","0"
"POINT (11.579701054999999 48.147178631000003)","Unfall 208654 (2022) Kat:2, Licht: 2","208654","2","7","6","01","01","7","","2","0","1","1","0"
"POINT (11.499726248000099 48.131315327000003)","Unfall 208655 (2022) Kat:3, Licht: 1","208655","3","4","6","01","17","4","","1","0","0","1","0"
"POINT (11.506531211000000 48.096336696999998)","Unfall 208657 (2022) Kat:3, Licht: 2","208657","3","6","2","01","19","3","","2","0","1","0","0"
"POINT (11.533779987999999 48.113830411000002)","Unfall 208658 (2022) Kat:3, Licht: 0","208658","3","3","5","01","14","6","","0","0","1","0","0"
"POINT (11.508003829000099 48.167465200999999)","Unfall 208689 (2022) Kat:3, Licht: 0","208689","3","3","0","01","11","6","","0","1","1","0","0"
"POINT (11.578776808000001 48.138056806000101)","Unfall 208697 (2022) Kat:3, Licht: 0","208697","3","1","0","01","15","1","","0","1","0","0","0"
"POINT (11.570295639999999 48.178575038000098)","Unfall 208712 (2022) Kat:3, Licht: 0","208712","3","2","6","01","08","3","","0","0","1","1","0"
"POINT (11.584937984000000 48.158277888000001)","Unfall 208715 (2022) Kat:3, Licht: 0","208715","3","6","2","02","11","7","","0","1","0","0","0"
"POINT (11.413028417000000 48.146450055000102)","Unfall 208716 (2022) Kat:3, Licht: 2","208716","3","7","5","01","18","7","","2","0","1","0","0"
"POINT (11.534771288000099 48.139936247000001)","Unfall 208718 (2022) Kat:3, Licht: 2","208718","3","6","3","01","06","7","","2","0","1","0","0"
"POINT (11.578368641000100 48.125117293000102)","Unfall 208719 (2022) Kat:3, Licht: 0","208719","3","3","5","02","16","5","","0","0","1","0","0"
"POINT (11.646506107000100 48.109153501000002)","Unfall 208722 (2022) Kat:3, Licht: 0","208722","3","2","4","02","16","4","","0","0","1","0","0"
"POINT (11.559417694000000 48.208439634999998)","Unfall 208729 (2022) Kat:3, Licht: 0","208729","3","4","6","02","14","1","","0","0","1","1","0"
"POINT (11.534622807000099 48.119823783000101)","Unfall 208730 (2022) Kat:3, Licht: 0","208730","3","2","4","01","12","3","","0","0","1","0","1"
"POINT (11.589262993000000 48.137335026000102)","Unfall 208733 (2022) Kat:3, Licht: 0","208733","3","2","5","01","11","6","","0","0","1","0","0"
"POINT (11.565531296000101 48.138896140999996)","Unfall 208738 (2022) Kat:1, Licht: 2","208738","1","3","5","01","04","2","","2","1","0","0","0"
"POINT (11.549589794999999 48.138803054000000)","Unfall 208741 (2022) Kat:3, Licht: 0","208741","3","1","0","01","13","2","","0","1","0","0","0"
"POINT (11.531013384000101 48.153711137000101)","Unfall 208750 (2022) Kat:3, Licht: 0","208750","3","7","4","02","14","2","","0","1","1","0","0"
"POINT (11.572073010000100 48.139373783000103)","Unfall 208754 (2022) Kat:3, Licht: 2","208754","3","3","5","01","18","4","","2","1","0","0","0"
"POINT (11.527482175999999 48.183695905000000)","Unfall 208756 (2022) Kat:3, Licht: 0","208756","3","7","6","01","12","4","","0","1","0","1","0"
"POINT (11.630358712000000 48.099880118000002)","Unfall 208757 (2022) Kat:3, Licht: 0","208757","3","2","4","02","14","4","","0","1","1","0","0"
"POINT (11.577043529000001 48.115875667000097)","Unfall 208760 (2022) Kat:3, Licht: 0","208760","3","3","5","01","16","6","","0","1","1","0","0"
"POINT (11.558944493000100 48.147499699000001)","Unfall 208761 (2022) Kat:3, Licht: 0","208761","3","3","5","02","11","4","","0","1","1","0","0"
"POINT (11.579329458000100 48.149315184999999)","Unfall 208770 (2022) Kat:3, Licht: 1","208770","3","5","2","01","16","5","","1","0","1","0","0"
"POINT (11.539723877000000 48.115041998000002)","Unfall 208776 (2022) Kat:3, Licht: 0","208776","3","7","3","02","16","7","","0","0","1","0","0"
"POINT (11.563072823000001 48.137404920000101)","Unfall 208788 (2022) Kat:3, Licht: 0","208788","3","3","5","02","11","2","","0","0","1","0","0"
"POINT (11.573242280000001 48.143558786000000)","Unfall 208792 (2022) Kat:3, Licht: 0","208792","3","2","3","01","09","5","","0","1","1","0","0"
"POINT (11.576588788000000 48.133275920000102)","Unfall 208793 (2022) Kat:3, Licht: 0","208793","3","7","0","02","16","3","","0","0","0","1","0"
"POINT (11.626441131000000 48.162543884999998)","Unfall 208805 (2022) Kat:3, Licht: 0","208805","3","4","6","01","15","4","","0","0","1","1","0"
"POINT (11.570743172000000 48.124913862000000)","Unfall 208810 (2022) Kat:3, Licht: 0","208810","3","4","6","02","09","4","","0","0","0","1","0"
"POINT (11.655302424000100 48.096369539000101)","Unfall 208824 (2022) Kat:3, Licht: 0","208824","3","2","3","02","11","7","","0","1","1","0","0"
"POINT (11.521805928999999 48.095021096000004)","Unfall 208829 (2022) Kat:3, Licht: 0","208829","3","5","6","02","14","6","","0","1","1","1","0"
"POINT (11.579416142000101 48.157837625000099)","Unfall 208831 (2022) Kat:3, Licht: 2","208831","3","5","1","02","20","2","","2","1","1","0","0"
"POINT (11.601214507000099 48.180816700999998)","Unfall 208834 (2022) Kat:3, Licht: 2","208834","3","2","6","02","18","4","","2","0","1","1","0"
"POINT (11.572617566000099 48.188180598000002)","Unfall 208839 (2022) Kat:3, Licht: 0","208839","3","7","5","02","12","5","","0","0","1","0","0"
"POINT (11.516918181000101 48.094521483000101)","Unfall 208848 (2022) Kat:3, Licht: 2","208848","3","1","7","02","06","5","","2","1","0","0","0"
"POINT (11.528309785999999 48.152013568000001)","Unfall 208853 (2022) Kat:3, Licht: 0","208853","3","2","5","02","15","4","","0","1","1","0","0"
"POINT (11.637325794000001 48.132418381999997)","Unfall 208860 (2022) Kat:2, Licht: 2","208860","2","3","5","01","17","3","","2","1","1","0","0"
"POINT (11.534114128000100 48.137965737999998)","Unfall 208864 (2022) Kat:3, Licht: 2","208864","3","3","5","02","20","7","","2","1","1","0","0"
"POINT (11.631772292000100 48.130582582999999)","Unfall 208868 (2022) Kat:3, Licht: 0","208868","3","2","4","02","11","5","","0","0","1","0","1"
"POINT (11.462040904000000 48.139645907999999)","Unfall 208872 (2022) Kat:3, Licht: 0","208872","3","1","0","02","13","2","","0","1","0","0","0"
"POINT (11.601357450000000 48.140445665000101)","Unfall 208874 (2022) Kat:3, Licht: 0","208874","3","1","0","02","13","5","","0","1","0","0","0"
"POINT (11.533763823000101 48.113617868000098)","Unfall 208877 (2022) Kat:3, Licht: 0","208877","3","3","5","02","14","4","","0","0","1","0","0"
"POINT (11.603924680000000 48.179490454000103)","Unfall 208878 (2022) Kat:3, Licht: 0","208878","3","2","6","02","07","6","","0","0","1","1","0"
"POINT (11.461909707000100 48.146630187000000)","Unfall 208892 (2022) Kat:3, Licht: 0","208892","3","7","0","01","15","2","","0","0","0","1","0"
"POINT (11.533830317000000 48.149756511000099)","Unfall 208895 (2022) Kat:3, Licht: 0","208895","3","3","5","02","13","2","","0","1","1","0","0"
"POINT (11.502662694000000 48.164592218000102)","Unfall 208897 (2022) Kat:2, Licht: 2","208897","2","2","5","01","06","3","","2","1","0","0","0"
"POINT (11.568995735000000 48.123992522000002)","Unfall 208902 (2022) Kat:3, Licht: 0","208902","3","6","2","01","12","5","","0","1","0","0","0"
"POINT (11.551664294000000 48.186097651000097)","Unfall 208908 (2022) Kat:3, Licht: 2","208908","3","2","2","01","19","2","","2","1","1","0","0"
"POINT (11.596572917000101 48.126985050000002)","Unfall 208910 (2022) Kat:3, Licht: 2","208910","3","6","2","01","22","6","","2","0","1","0","0"
"POINT (11.584923056999999 48.148284911000097)","Unfall 208911 (2022) Kat:3, Licht: 2","208911","3","7","3","02","06","4","","2","1","1","0","0"
"POINT (11.606506448000101 48.101063363000002)","Unfall 208914 (2022) Kat:3, Licht: 0","208914","3","2","5","02","13","7","","0","0","1","0","0"
"POINT (11.534121016000000 48.146401670000003)","Unfall 208915 (2022) Kat:3, Licht: 0","208915","3","6","2","01","15","6","","0","0","1","0","0"
"POINT (11.455923504999999 48.150355150000102)","Unfall 208918 (2022) Kat:3, Licht: 0","208918","3","6","2","02","15","5","","0","0","1","0","1"
"POINT (11.418237997000100 48.154297819000099)","Unfall 208925 (2022) Kat:3, Licht: 0","208925","3","2","6","01","11","6","","0","0","1","1","0"
"POINT (11.586111044000100 48.113290554999999)","Unfall 208927 (2022) Kat:3, Licht: 0","208927","3","5","1","01","12","5","","0","1","1","0","0"
"POINT (11.561098653000000 48.221572396000099)","Unfall 208930 (2022) Kat:3, Licht: 0","208930","3","4","6","01","13","3","","0","0","1","1","0"
"POINT (11.600912257000100 48.201167097999999)","Unfall 208936 (2022) Kat:3, Licht: 2","208936","3","6","2","02","06","6","","2","0","1","0","0"
"POINT (11.572712440000000 48.143513219000099)","Unfall 208951 (2022) Kat:3, Licht: 2","208951","3","1","0","01","20","7","","2","0","0","0","0"
"POINT (11.449969781000000 48.173994260000001)","Unfall 208954 (2022) Kat:3, Licht: 0","208954","3","6","2","01","12","4","","0","0","1","0","0"
"POINT (11.470192485000000 48.164809096000099)","Unfall 208955 (2022) Kat:3, Licht: 0","208955","3","3","5","02","08","2","","0","1","0","0","0"
"POINT (11.534896514000000 48.139938164000100)","Unfall 208956 (2022) Kat:3, Licht: 2","208956","3","4","6","02","18","3","","2","0","0","1","0"
"POINT (11.629255067000001 48.162339148999997)","Unfall 208963 (2022) Kat:3, Licht: 0","208963","3","4","6","02","07","5","","0","0","0","1","0"
"POINT (11.641996141000000 48.129042499999997)","Unfall 208967 (2022) Kat:2, Licht: 2","208967","2","2","6","02","17","2","","2","0","1","1","0"
"POINT (11.524044283000000 48.133214520000102)","Unfall 208973 (2022) Kat:3, Licht: 0","208973","3","2","5","01","12","4","","0","1","1","0","0"
"POINT (11.665605173000101 48.083828503000099)","Unfall 208977 (2022) Kat:3, Licht: 0","208977","3","6","2","01","16","6","","0","0","1","0","0"
"POINT (11.579534122000000 48.133962815000103)","Unfall 208980 (2022) Kat:3, Licht: 2","208980","3","7","6","01","22","5","","2","0","1","1","0"
"POINT (11.545372550000000 48.160911917000099)","Unfall 208982 (2022) Kat:3, Licht: 0","208982","3","2","3","02","14","7","","0","1","1","0","0"
"POINT (11.581819616000100 48.134712702999998)","Unfall 208983 (2022) Kat:3, Licht: 0","208983","3","6","2","01","14","3","","0","0","1","0","1"
"POINT (11.613397718000000 48.127123251000100)","Unfall 208994 (2022) Kat:3, Licht: 2","208994","3","2","6","02","18","5","","2","0","1","1","0"
"POINT (11.703558300000100 48.106790788000097)","Unfall 208997 (2022) Kat:3, Licht: 2","208997","3","1","2","01","17","5","","2","0","1","0","0"
"POINT (11.424391049000100 48.148145241000101)","Unfall 209001 (2022) Kat:3, Licht: 0","209001","3","3","5","02","14","4","","0","1","1","0","0"
"POINT (11.573308379000000 48.151016507000101)","Unfall 209004 (2022) Kat:3, Licht: 0","209004","3","4","6","02","11","5","","0","0","0","1","0"
"POINT (11.582228681000100 48.117695454000099)","Unfall 209005 (2022) Kat:3, Licht: 0","209005","3","4","6","01","15","4","","0","1","0","1","0"
"POINT (11.537370347000000 48.150462871999999)","Unfall 209013 (2022) Kat:3, Licht: 0","209013","3","3","5","01","15","6","","0","1","1","0","0"
"POINT (11.520679817000000 48.163302300000097)","Unfall 209018 (2022) Kat:3, Licht: 0","209018","3","3","5","01","14","3","","0","1","1","0","0"
"POINT (11.656224141000100 48.105846165000102)","Unfall 209023 (2022) Kat:2, Licht: 2","209023","2","7","6","01","18","4","","2","0","1","1","0"
"POINT (11.537648957000000 48.156336121000002)","Unfall 209024 (2022) Kat:3, Licht: 0","209024","3","2","3","02","09","4","","0","1","1","0","0"
"POINT (11.628850915999999 48.162233915999998)","Unfall 209027 (2022) Kat:3, Licht: 2","209027","3","1","2","01","00","6","","2","0","1","0","0"
"POINT (11.603820475000100 48.109813322000001)","Unfall 209029 (2022) Kat:3, Licht: 0","209029","3","7","6","01","14","5","","0","1","0","1","0"
"POINT (11.496972205000100 48.176976936000102)","Unfall 209030 (2022) Kat:3, Licht: 0","209030","3","3","3","02","14","1","","0","1","1","0","0"
"POINT (11.581878270000100 48.114506515000102)","Unfall 209031 (2022) Kat:3, Licht: 2","209031","3","7","1","02","02","7","","2","0","1","0","0"
"POINT (11.567586384000000 48.131888649000103)","Unfall 209035 (2022) Kat:2, Licht: 2","209035","2","4","6","02","22","7","","2","0","1","1","0"
"POINT (11.604321508000099 48.106543405000103)","Unfall 209040 (2022) Kat:3, Licht: 0","209040","3","2","5","02","16","6","","0","1","1","0","0"
"POINT (11.567304518000100 48.091973380000098)","Unfall 209041 (2022) Kat:3, Licht: 0","209041","3","3","5","01","07","6","","0","1","1","0","0"
"POINT (11.630445130000099 48.100841244000001)","Unfall 209052 (2022) Kat:3, Licht: 0","209052","3","4","6","01","11","2","","0","1","0","1","0"
"POINT (11.545576320000100 48.144160421999999)","Unfall 209056 (2022) Kat:3, Licht: 0","209056","3","7","6","02","13","1","","0","1","0","1","0"
"POINT (11.579223694000101 48.110788571999997)","Unfall 209058 (2022) Kat:3, Licht: 0","209058","3","7","0","01","14","3","","0","0","0","0","0"
"POINT (11.579544806000101 48.111005149000100)","Unfall 209063 (2022) Kat:3, Licht: 0","209063","3","2","5","01","14","5","","0","0","1","0","1"
"POINT (11.559271780000101 48.147478560000103)","Unfall 209069 (2022) Kat:3, Licht: 2","209069","3","2","5","01","18","2","","2","1","1","0","0"
"POINT (11.501196848000101 48.183563219000099)","Unfall 209070 (2022) Kat:3, Licht: 0","209070","3","3","5","02","15","6","","0","0","1","0","0"
"POINT (11.679443724000100 48.127317441999999)","Unfall 209071 (2022) Kat:3, Licht: 0","209071","3","1","0","01","13","6","","0","1","0","0","0"
"POINT (11.499162372000100 48.088382865000000)","Unfall 209078 (2022) Kat:3, Licht: 0","209078","3","7","1","02","16","2","","0","0","1","0","0"
"POINT (11.613939942000099 48.131214507999999)","Unfall 209081 (2022) Kat:3, Licht: 2","209081","3","6","2","01","18","5","","2","0","1","0","0"
"POINT (11.590228611000001 48.122922781000099)","Unfall 209084 (2022) Kat:3, Licht: 2","209084","3","7","4","02","20","4","","2","0","1","0","0"
"POINT (11.647112168000000 48.130376470000002)","Unfall 209088 (2022) Kat:3, Licht: 0","209088","3","3","5","01","09","6","","0","0","1","0","0"
"POINT (11.580248611000100 48.115828616999998)","Unfall 209095 (2022) Kat:3, Licht: 2","209095","3","2","5","02","19","4","","2","1","1","0","0"
"POINT (11.582005129000001 48.098315008000000)","Unfall 209096 (2022) Kat:3, Licht: 0","209096","3","2","4","02","13","6","","0","0","1","0","0"
"POINT (11.600028081000101 48.160762259000101)","Unfall 209097 (2022) Kat:3, Licht: 0","209097","3","3","5","02","11","4","","0","0","1","0","0"
"POINT (11.580731593000101 48.114819019000002)","Unfall 209102 (2022) Kat:3, Licht: 0","209102","3","4","1","02","15","1","","0","1","0","1","0"
"POINT (11.588695464000100 48.094855240000101)","Unfall 209103 (2022) Kat:3, Licht: 0","209103","3","3","5","01","16","3","","0","1","1","0","0"
"POINT (11.575380127000100 48.155144430000099)","Unfall 209105 (2022) Kat:3, Licht: 0","209105","3","3","6","02","14","3","","0","0","0","1","0"
"POINT (11.633795106000001 48.136155526000003)","Unfall 209106 (2022) Kat:3, Licht: 2","209106","3","2","4","01","17","7","","2","0","1","0","0"
"POINT (11.606593426000099 48.140902023000102)","Unfall 209108 (2022) Kat:3, Licht: 0","209108","3","7","6","01","13","5","","0","0","1","1","0"
"POINT (11.592808691000100 48.140534281999997)","Unfall 209109 (2022) Kat:3, Licht: 0","209109","3","3","5","02","12","6","","0","0","1","0","0"
"POINT (11.543945174999999 48.121734312999997)","Unfall 209114 (2022) Kat:3, Licht: 0","209114","3","4","6","02","17","6","","0","0","1","1","0"
"POINT (11.560247329999999 48.144919313999999)","Unfall 209116 (2022) Kat:3, Licht: 0","209116","3","1","0","02","12","3","","0","1","0","0","0"
"POINT (11.561488845000000 48.146882678000097)","Unfall 209122 (2022) Kat:3, Licht: 0","209122","3","3","5","02","08","1","","0","1","1","0","0"
"POINT (11.541973436999999 48.121939437999998)","Unfall 209124 (2022) Kat:3, Licht: 2","209124","3","1","0","02","23","5","","2","1","0","0","0"
"POINT (11.605049463000100 48.133113616999999)","Unfall 209126 (2022) Kat:3, Licht: 2","209126","3","2","4","01","01","4","","2","1","1","0","0"
"POINT (11.537033578999999 48.176378603000003)","Unfall 209130 (2022) Kat:3, Licht: 0","209130","3","6","2","02","14","4","","0","0","1","0","0"
"POINT (11.604557174000000 48.128622339000103)","Unfall 209134 (2022) Kat:3, Licht: 0","209134","3","1","0","02","13","7","","0","0","0","0","0"
"POINT (11.506772775000099 48.163851981999997)","Unfall 209138 (2022) Kat:3, Licht: 0","209138","3","4","6","02","07","3","","0","0","1","1","0"
"POINT (11.532001177000000 48.129967130000097)","Unfall 209141 (2022) Kat:2, Licht: 2","209141","2","2","6","02","06","6","","2","0","0","1","0"
"POINT (11.597091492000100 48.128558370000100)","Unfall 209148 (2022) Kat:3, Licht: 0","209148","3","5","1","01","14","3","","0","1","1","0","0"
"POINT (11.605728465000000 48.162804393000002)","Unfall 209151 (2022) Kat:3, Licht: 0","209151","3","7","7","02","09","3","","0","1","0","1","0"
"POINT (11.644132496999999 48.160669902999999)","Unfall 209155 (2022) Kat:2, Licht: 2","209155","2","4","6","02","17","6","","2","0","1","1","0"
"POINT (11.565887254000099 48.131454237000099)","Unfall 209161 (2022) Kat:3, Licht: 0","209161","3","7","6","02","08","6","","0","0","1","1","0"