WKT,Name,OBJECTID,UKATEGORIE,UTYP1,UART,UMONAT,USTUNDE,UWOCHENTAG,STRZUSTAND,ULICHTVERH,ISTRAD,ISTPKW,ISTFUSS,ISTKRAD
"POINT (11.456965061000099 48.140241174000003)","Unfall 210069 (2022) Kat:3, Licht: 0","210069","3","2","6","03","11","4","","0","0","0","1","0"
"POINT (11.585961373000000 48.131823808000000)","Unfall 210070 (2022) Kat:3, Licht: 0","210070","3","1","0","03","14","7","","0","1","0","0","0"
"POINT (11.511528259000000 48.181096410000102)","Unfall 210071 (2022) Kat:3, Licht: 0","210071","3","6","2","02","14","1","","0","0","1","0","0"
"POINT (11.569396976000100 48.140867436000100)","Unfall 210075 (2022) Kat:3, Licht: 2","210075","3","7","6","03","23","7","","2","0","1","1","0"
"POINT (11.543211105000101 48.150410239999999)","Unfall 210076 (2022) Kat:3, Licht: 0","210076","3","2","6","03","10","4","","0","0","1","1","0"
"POINT (11.539079438000000 48.100520916000100)","Unfall 210077 (2022) Kat:3, Licht: 0","210077","3","1","0","03","12","7","","0","1","0","0","0"
"POINT (11.645427510999999 48.098989455000002)","Unfall 210080 (2022) Kat:3, Licht: 0","210080","3","6","3","02","12","5","","0","0","1","0","0"
"POINT (11.528596875000099 48.214982528000100)","Unfall 210086 (2022) Kat:3, Licht: 0","210086","3","5","1","03","07","6","","0","0","1","0","0"
"POINT (11.573120565000099 48.173585281999998)","Unfall 210088 (2022) Kat:2, Licht: 0","210088","2","4","6","03","10","6","","0","0","1","1","0"
"POINT (11.611629700000000 48.153997318000101)","Unfall 210090 (2022) Kat:3, Licht: 0","210090","3","6","2","02","08","4","","0","0","0","0","0"
"POINT (11.520648633000100 48.095906974999998)","Unfall 210096 (2022) Kat:3, Licht: 0","210096","3","3","5","02","09","2","","0","1","1","0","0"
"POINT (11.537093326000001 48.119469804000097)","Unfall 210100 (2022) Kat:3, Licht: 1","210100","3","7","6","03","17","7","","1","0","1","1","0"
"POINT (11.553990943000001 48.146753042999997)","Unfall 210101 (2022) Kat:3, Licht: 0","210101","3","6","1","03","14","5","","0","1","1","0","0"
"POINT (11.628444928000000 48.147445063000099)","Unfall 210106 (2022) Kat:2, Licht: 2","210106","2","2","5","02","20","3","","2","1","1","0","0"
"POINT (11.425746028000001 48.148493704000003)","Unfall 210108 (2022) Kat:3, Licht: 0","210108","3","3","5","03","15","6","","0","0","1","0","0"
"POINT (11.567533523000099 48.123053224000003)","Unfall 210115 (2022) Kat:3, Licht: 0","210115","3","3","1","03","12","2","","0","1","0","0","0"
"POINT (11.643567603000101 48.103514618000098)","Unfall 210122 (2022) Kat:3, Licht: 0","210122","3","3","5","03","09","4","","0","1","1","0","0"
"POINT (11.598363145000100 48.141164881000101)","Unfall 210126 (2022) Kat:3, Licht: 0","210126","3","6","2","02","12","5","","0","0","1","0","0"
"POINT (11.557923289000000 48.145589643999998)","Unfall 210127 (2022) Kat:3, Licht: 0","210127","3","2","4","03","13","2","","0","0","1","0","0"
"POINT (11.584569461999999 48.134251612000099)","Unfall 210128 (2022) Kat:2, Licht: 0","210128","2","5","0","03","12","2","","0","1","1","0","0"
"POINT (11.531541544000000 48.117836867000101)","Unfall 210129 (2022) Kat:3, Licht: 2","210129","3","3","5","02","21","2","","2","0","1","0","0"
"POINT (11.659055814000100 48.106509340999999)","Unfall 210133 (2022) Kat:3, Licht: 0","210133","3","6","0","03","09","6","","0","0","1","0","0"
"POINT (11.520065764000000 48.176767601000101)","Unfall 210134 (2022) Kat:3, Licht: 2","210134","3","1","0","03","23","3","","2","1","0","0","0"
"POINT (11.565067054000099 48.187153922000000)","Unfall 210148 (2022) Kat:3, Licht: 0","210148","3","6","2","02","15","1","","0","0","1","0","0"
"POINT (11.615490963000100 48.188342317000000)","Unfall 210149 (2022) Kat:3, Licht: 0","210149","3","5","0","02","10","1","","0","0","1","1","0"
"POINT (11.390984929000100 48.181391657000098)","Unfall 210167 (2022) Kat:3, Licht: 0","210167","3","2","4","02","16","2","","0","1","1","0","0"
"POINT (11.577033122000000 48.134422512000100)","Unfall 210176 (2022) Kat:3, Licht: 0","210176","3","4","6","02","14","4","","0","1","0","1","0"
"POINT (11.502673233000101 48.164641050000100)","Unfall 210179 (2022) Kat:3, Licht: 0","210179","3","6","2","03","07","4","","0","0","1","0","0"
"POINT (11.548529028000100 48.114657143000002)","Unfall 210182 (2022) Kat:3, Licht: 0","210182","3","3","5","03","08","5","","0","1","1","0","0"
"POINT (11.513600686000100 48.181488492000000)","Unfall 210208 (2022) Kat:3, Licht: 0","210208","3","3","5","03","07","5","","0","1","1","0","0"
"POINT (11.567371185000100 48.156689030000102)","Unfall 210210 (2022) Kat:3, Licht: 2","210210","3","1","0","02","19","2","","2","1","0","0","0"
"POINT (11.551495396000099 48.113387926000001)","Unfall 210216 (2022) Kat:3, Licht: 2","210216","3","6","2","03","01","6","","2","1","1","0","0"
"POINT (11.532762907000100 48.152816106000003)","Unfall 210218 (2022) Kat:3, Licht: 1","210218","3","7","6","03","17","1","","1","1","0","1","0"
"POINT (11.597770119000099 48.135142747000003)","Unfall 210232 (2022) Kat:3, Licht: 2","210232","3","7","1","03","19","3","","2","0","1","0","1"
"POINT (11.570867211000101 48.177592040000000)","Unfall 210233 (2022) Kat:3, Licht: 0","210233","3","7","3","02","13","6","","0","0","1","0","0"
"POINT (11.577578871000100 48.141252293999997)","Unfall 210235 (2022) Kat:3, Licht: 2","210235","3","1","0","03","01","6","","2","0","0","0","0"
"POINT (11.619034032000100 48.161764636000001)","Unfall 210236 (2022) Kat:2, Licht: 0","210236","2","7","9","03","16","6","","0","0","1","0","0"
"POINT (11.526823560000000 48.168261043000001)","Unfall 210244 (2022) Kat:3, Licht: 2","210244","3","1","0","02","19","5","","2","1","0","0","0"
"POINT (11.452075033000000 48.146852521000000)","Unfall 210246 (2022) Kat:3, Licht: 2","210246","3","2","5","02","19","7","","2","1","1","0","0"
"POINT (11.590155145000001 48.176852880000098)","Unfall 210248 (2022) Kat:3, Licht: 1","210248","3","3","5","02","19","6","","1","1","1","0","0"
"POINT (11.575337194999999 48.119483576000100)","Unfall 210258 (2022) Kat:3, Licht: 0","210258","3","6","3","03","08","5","","0","1","0","0","0"
"POINT (11.465836953000100 48.177533527000001)","Unfall 210259 (2022) Kat:3, Licht: 0","210259","3","2","5","03","09","2","","0","0","1","0","0"
"POINT (11.586173193000000 48.156026252000103)","Unfall 210271 (2022) Kat:3, Licht: 2","210271","3","1","0","03","20","7","","2","1","0","0","0"
"POINT (11.602542808000100 48.135799694000099)","Unfall 210276 (2022) Kat:2, Licht: 0","210276","2","4","6","03","15","4","","0","0","0","1","0"
"POINT (11.591256467999999 48.116164214000001)","Unfall 210280 (2022) Kat:3, Licht: 0","210280","3","7","4","02","13","5","","0","1","1","0","0"
"POINT (11.589128207000000 48.137267742000098)","Unfall 210285 (2022) Kat:3, Licht: 0","210285","3","2","3","03","15","6","","0","1","1","0","0"
"POINT (11.526730253000000 48.121458618000098)","Unfall 210287 (2022) Kat:3, Licht: 0","210287","3","4","6","03","09","6","","0","0","1","1","0"
"POINT (11.468020155000000 48.145806313000001)","Unfall 210295 (2022) Kat:3, Licht: 0","210295","3","3","1","02","15","2","","0","0","1","0","0"
"POINT (11.562139492000000 48.131275991999999)","Unfall 210300 (2022) Kat:2, Licht: 0","210300","2","6","3","03","11","5","","0","1","0","0","0"
"POINT (11.558410236000000 48.130227004000098)","Unfall 210301 (2022) Kat:3, Licht: 0","210301","3","4","6","03","10","5","","0","0","0","1","0"
"POINT (11.587536749000000 48.184510561000103)","Unfall 210312 (2022) Kat:3, Licht: 0","210312","3","3","5","03","10","5","","0","0","1","0","0"
"POINT (11.496024154000100 48.139843760000097)","Unfall 210313 (2022) Kat:3, Licht: 0","210313","3","2","5","03","17","4","","0","0","1","0","0"
"POINT (11.486803417000001 48.120582611000003)","Unfall 210319 (2022) Kat:3, Licht: 1","210319","3","7","1","03","18","1","","1","0","0","0","0"
"POINT (11.519067855999999 48.131376801999998)","Unfall 210320 (2022) Kat:3, Licht: 0","210320","3","7","5","03","10","4","","0","0","1","0","0"
"POINT (11.598323344000100 48.137071122000101)","Unfall 210325 (2022) Kat:3, Licht: 0","210325","3","6","1","03","14","2","","0","1","1","0","0"
"POINT (11.581623735000100 48.121414319000102)","Unfall 210326 (2022) Kat:3, Licht: 2","210326","3","7","6","02","18","7","","2","1","0","1","0"
"POINT (11.569255292999999 48.121758618000101)","Unfall 210329 (2022) Kat:3, Licht: 2","210329","3","6","0","03","23","6","","2","0","1","0","1"
"POINT (11.562117765000000 48.212772532000002)","Unfall 210346 (2022) Kat:3, Licht: 0","210346","3","6","1","03","07","4","","0","0","1","0","0"
"POINT (11.579702533000001 48.147181703999998)","Unfall 210353 (2022) Kat:3, Licht: 2","210353","3","7","3","03","23","6","","2","0","1","0","0"
"POINT (11.575337194999999 48.119483576000100)","Unfall 210357 (2022) Kat:3, Licht: 0","210357","3","2","5","03","07","3","","0","1","0","0","0"
"POINT (11.541914631999999 48.149532723999997)","Unfall 210360 (2022) Kat:3, Licht: 0","210360","3","3","5","03","15","2","","0","0","1","0","0"
"POINT (11.585875300000099 48.160487626000098)","Unfall 210363 (2022) Kat:3, Licht: 0","210363","3","5","0","02","17","1","","0","1","1","0","0"
"POINT (11.594775485000101 48.130610234000102)","Unfall 210366 (2022) Kat:2, Licht: 0","210366","2","7","0","03","17","3","","0","0","1","0","1"
"POINT (11.656970623000101 48.098598891999998)","Unfall 210368 (2022) Kat:3, Licht: 2","210368","3","3","5","02","21","3","","2","0","1","0","0"
"POINT (11.579373725000000 48.129211154000103)","Unfall 210375 (2022) Kat:2, Licht: 0","210375","2","6","3","02","08","5","","0","1","0","0","0"
"POINT (11.502913115000100 48.135754185000103)","Unfall 210380 (2022) Kat:2, Licht: 2","210380","2","6","6","03","17","5","","2","1","0","1","0"
"POINT (11.559335848000000 48.145956141000099)","Unfall 210397 (2022) Kat:3, Licht: 2","210397","3","5","0","03","18","4","","2","1","1","0","0"
"POINT (11.544862368000100 48.127861336000102)","Unfall 210416 (2022) Kat:3, Licht: 0","210416","3","7","0","03","13","6","","0","1","0","0","0"
"POINT (11.562120261000100 48.129250949999999)","Unfall 210421 (2022) Kat:3, Licht: 2","210421","3","3","1","03","03","1","","2","0","1","0","0"
"POINT (11.561954603000100 48.161135586000100)","Unfall 210423 (2022) Kat:3, Licht: 0","210423","3","3","5","03","09","4","","0","0","1","0","0"
"POINT (11.474606055000001 48.128242719000099)","Unfall 210427 (2022) Kat:3, Licht: 0","210427","3","3","5","03","06","5","","0","0","1","0","0"
"POINT (11.576224458000100 48.155015601999999)","Unfall 210431 (2022) Kat:3, Licht: 0","210431","3","3","5","02","10","4","","0","1","1","0","0"
"POINT (11.635583377000000 48.127296522000101)","Unfall 210433 (2022) Kat:3, Licht: 0","210433","3","2","6","03","07","5","","0","0","1","1","0"
"POINT (11.553633434000099 48.124495359999997)","Unfall 210435 (2022) Kat:3, Licht: 0","210435","3","3","5","03","12","5","","0","1","1","0","0"
"POINT (11.636422408000000 48.117806195000099)","Unfall 210436 (2022) Kat:2, Licht: 0","210436","2","6","3","03","16","5","","0","1","0","0","0"
"POINT (11.605732850000001 48.200319068000098)","Unfall 210451 (2022) Kat:3, Licht: 0","210451","3","3","5","03","17","3","","0","0","1","0","0"
"POINT (11.646677273000000 48.109076877000099)","Unfall 210456 (2022) Kat:3, Licht: 0","210456","3","4","6","03","09","5","","0","0","1","1","0"
"POINT (11.569114809000000 48.127462020000102)","Unfall 210465 (2022) Kat:3, Licht: 2","210465","3","7","1","03","00","1","","2","0","1","0","0"
"POINT (11.579415314000100 48.146574880999999)","Unfall 210468 (2022) Kat:3, Licht: 0","210468","3","6","3","03","16","1","","0","0","1","0","0"
"POINT (11.533667096000000 48.115978886999997)","Unfall 210473 (2022) Kat:3, Licht: 2","210473","3","2","2","03","20","7","","2","0","1","0","0"
"POINT (11.557331331000100 48.215537019000102)","Unfall 210476 (2022) Kat:3, Licht: 0","210476","3","3","5","03","13","4","","0","1","0","0","0"
"POINT (11.477534095000101 48.177795070000101)","Unfall 210482 (2022) Kat:3, Licht: 1","210482","3","3","5","03","18","6","","1","1","1","0","0"
"POINT (11.585156967000000 48.157103725000098)","Unfall 210484 (2022) Kat:3, Licht: 2","210484","3","7","0","03","00","1","","2","0","0","1","0"
"POINT (11.596456318000000 48.136025500000102)","Unfall 210494 (2022) Kat:3, Licht: 0","210494","3","2","3","03","14","3","","0","1","1","0","0"
"POINT (11.613266986999999 48.125081868999999)","Unfall 210495 (2022) Kat:3, Licht: 0","210495","3","1","0","02","13","6","","0","0","0","0","1"
"POINT (11.584721985000000 48.157188562999998)","Unfall 210499 (2022) Kat:3, Licht: 0","210499","3","1","0","03","17","3","","0","1","0","0","0"
"POINT (11.576577382000000 48.150063315000097)","Unfall 210501 (2022) Kat:3, Licht: 0","210501","3","5","1","03","14","3","","0","1","0","0","0"
"POINT (11.528473225000001 48.218010864000100)","Unfall 210504 (2022) Kat:3, Licht: 0","210504","3","3","5","03","08","5","","0","0","1","0","1"
"POINT (11.542011039000000 48.119000802000102)","Unfall 210505 (2022) Kat:3, Licht: 0","210505","3","7","1","03","14","2","","0","0","1","0","1"
"POINT (11.538880323000100 48.170611928000000)","Unfall 210515 (2022) Kat:3, Licht: 0","210515","3","7","0","03","16","7","","0","0","0","0","0"
"POINT (11.662223870000000 48.120065930000102)","Unfall 210516 (2022) Kat:2, Licht: 2","210516","2","1","0","03","22","5","","2","0","0","0","0"
"POINT (11.581787727000100 48.100079198000103)","Unfall 210518 (2022) Kat:3, Licht: 0","210518","3","5","2","03","09","7","","0","0","1","0","0"
"POINT (11.505164220999999 48.164240163999999)","Unfall 210521 (2022) Kat:3, Licht: 0","210521","3","5","2","02","13","3","","0","0","1","0","0"
"POINT (11.580594525000000 48.124704327000103)","Unfall 210523 (2022) Kat:3, Licht: 0","210523","3","6","1","03","14","6","","0","1","1","0","0"
"POINT (11.563128437000000 48.141514590000000)","Unfall 210531 (2022) Kat:3, Licht: 0","210531","3","6","2","03","12","2","","0","0","1","0","0"
"POINT (11.461887276000001 48.176871171000101)","Unfall 210535 (2022) Kat:3, Licht: 0","210535","3","1","2","03","08","3","","0","0","1","0","0"
"POINT (11.584418695000100 48.137429999000098)","Unfall 210541 (2022) Kat:3, Licht: 0","210541","3","1","1","03","16","1","","0","0","1","0","1"
"POINT (11.642721226000001 48.095820371999999)","Unfall 210569 (2022) Kat:2, Licht: 0","210569","2","4","6","02","11","3","","0","0","1","1","0"
"POINT (11.529359907000099 48.176386055000101)","Unfall 210572 (2022) Kat:2, Licht: 0","210572","2","3","5","03","12","3","","0","1","1","0","0"
"POINT (11.498444770000001 48.097440123000098)","Unfall 210576 (2022) Kat:3, Licht: 0","210576","3","1","0","02","16","5","","0","1","0","0","0"
"POINT (11.507214279999999 48.164239324000100)","Unfall 210598 (2022) Kat:3, Licht: 0","210598","3","6","2","03","13","4","","0","0","1","0","0"
"POINT (11.574252132000000 48.119928931000103)","Unfall 210600 (2022) Kat:3, Licht: 0","210600","3","4","6","02","12","5","","0","0","1","1","0"
"POINT (11.514240928000000 48.098136056999998)","Unfall 210601 (2022) Kat:3, Licht: 0","210601","3","6","2","03","17","2","","0","0","1","0","0"
"POINT (11.566147387000100 48.187341935000099)","Unfall 210606 (2022) Kat:3, Licht: 0","210606","3","6","1","03","16","6","","0","0","1","1","1"
"POINT (11.594682634000000 48.170682671000101)","Unfall 210610 (2022) Kat:3, Licht: 0","210610","3","5","1","03","16","4","","0","0","1","0","0"
"POINT (11.604185219000000 48.107317782000102)","Unfall 210611 (2022) Kat:3, Licht: 0","210611","3","7","5","03","11","7","","0","1","1","0","0"
"POINT (11.555207494999999 48.174307455000097)","Unfall 210612 (2022) Kat:3, Licht: 1","210612","3","1","0","03","17","4","","1","1","0","0","0"
"POINT (11.540585111000000 48.153094238000101)","Unfall 210614 (2022) Kat:3, Licht: 2","210614","3","3","5","02","19","1","","2","0","1","0","0"
"POINT (11.565118130000000 48.172024143000002)","Unfall 210616 (2022) Kat:3, Licht: 0","210616","3","3","5","03","09","3","","0","1","0","0","0"
"POINT (11.508170350000100 48.098161173999998)","Unfall 210622 (2022) Kat:3, Licht: 0","210622","3","3","5","03","10","6","","0","1","1","0","0"
"POINT (11.526488084000100 48.179695113000001)","Unfall 210632 (2022) Kat:3, Licht: 0","210632","3","5","1","03","14","6","","0","1","1","0","0"
"POINT (11.531368765000000 48.116850525000103)","Unfall 210639 (2022) Kat:3, Licht: 0","210639","3","6","3","03","13","4","","0","1","0","0","0"
"POINT (11.556092467999999 48.141817175000000)","Unfall 210641 (2022) Kat:3, Licht: 2","210641","3","6","2","02","02","1","","2","0","1","0","0"
"POINT (11.541654862000000 48.139505631000098)","Unfall 210647 (2022) Kat:3, Licht: 0","210647","3","2","4","03","08","4","","0","0","1","0","0"
"POINT (11.644857252000101 48.161625941000104)","Unfall 210651 (2022) Kat:3, Licht: 2","210651","3","7","1","03","02","3","","2","0","1","0","0"
"POINT (11.493506349000000 48.117964397000001)","Unfall 210652 (2022) Kat:3, Licht: 0","210652","3","3","5","02","10","6","","0","1","1","0","0"
"POINT (11.513470445000101 48.179992733000098)","Unfall 210655 (2022) Kat:3, Licht: 0","210655","3","7","1","03","15","6","","0","1","1","0","0"
"POINT (11.588637415000100 48.137515473000100)","Unfall 210657 (2022) Kat:3, Licht: 0","210657","3","2","3","03","16","6","","0","1","1","0","0"
"POINT (11.564965390999999 48.213458862000003)","Unfall 210668 (2022) Kat:3, Licht: 0","210668","3","7","0","03","15","6","","0","0","0","0","0"
"POINT (11.564993415000099 48.152291392999999)","Unfall 210672 (2022) Kat:3, Licht: 2","210672","3","4","6","03","22","5","","2","1","0","1","0"
"POINT (11.550112603000100 48.149235528000098)","Unfall 210673 (2022) Kat:3, Licht: 0","210673","3","3","1","03","16","2","","0","1","1","0","0"
"POINT (11.577613417000100 48.111397855000099)","Unfall 210684 (2022) Kat:3, Licht: 0","210684","3","3","6","03","07","4","","0","0","1","1","0"
"POINT (11.568061699000101 48.147643400000000)","Unfall 210685 (2022) Kat:3, Licht: 0","210685","3","2","3","03","16","1","","0","0","1","0","0"
"POINT (11.543732198000001 48.118349971999997)","Unfall 210687 (2022) Kat:3, Licht: 0","210687","3","3","5","02","15","6","","0","1","1","0","0"
"POINT (11.614781366000001 48.135961797000000)","Unfall 210692 (2022) Kat:2, Licht: 0","210692","2","2","6","03","09","4","","0","0","1","1","0"
"POINT (11.578920804000100 48.145315365999998)","Unfall 210693 (2022) Kat:3, Licht: 2","210693","3","1","0","03","23","7","","2","1","0","0","0"
"POINT (11.549334628000100 48.157098314000102)","Unfall 210700 (2022) Kat:3, Licht: 0","210700","3","7","1","03","15","6","","0","0","1","0","0"
"POINT (11.526960223000099 48.155559383000103)","Unfall 210701 (2022) Kat:3, Licht: 2","210701","3","3","5","03","02","6","","2","0","1","0","0"
"POINT (11.578920454000100 48.139335894000098)","Unfall 210703 (2022) Kat:3, Licht: 2","210703","3","6","3","03","22","6","","2","1","1","0","0"
"POINT (11.635011076000101 48.137898127000000)","Unfall 210707 (2022) Kat:3, Licht: 0","210707","3","2","4","03","07","5","","0","1","1","0","0"
"POINT (11.601419629000100 48.117110117999999)","Unfall 210711 (2022) Kat:3, Licht: 0","210711","3","2","3","02","14","2","","0","1","1","0","0"
"POINT (11.503193334000100 48.140523746000000)","Unfall 210717 (2022) Kat:3, Licht: 0","210717","3","7","0","03","07","5","","0","0","0","0","0"
"POINT (11.643937867000000 48.124603299999997)","Unfall 210721 (2022) Kat:3, Licht: 0","210721","3","6","3","03","18","3","","0","1","1","0","0"
"POINT (11.612332933000101 48.149444019000001)","Unfall 210726 (2022) Kat:3, Licht: 0","210726","3","7","0","03","07","4","","0","1","1","0","0"
"POINT (11.502653524999999 48.128956701000000)","Unfall 210731 (2022) Kat:3, Licht: 2","210731","3","3","5","03","20","5","","2","0","1","0","0"
"POINT (11.481124521000000 48.180445926000097)","Unfall 210733 (2022) Kat:3, Licht: 2","210733","3","3","5","03","22","1","","2","0","0","0","1"
"POINT (11.538140544000001 48.099159734000096)","Unfall 210744 (2022) Kat:3, Licht: 0","210744","3","6","1","03","17","2","","0","0","1","0","0"
"POINT (11.502905425000099 48.135530367999998)","Unfall 210746 (2022) Kat:3, Licht: 0","210746","3","3","5","02","08","2","","0","1","1","0","0"
"POINT (11.585728572000100 48.133932563000002)","Unfall 210751 (2022) Kat:2, Licht: 0","210751","2","7","0","03","13","3","","0","1","0","0","0"
"POINT (11.594991792000000 48.126756260000001)","Unfall 210765 (2022) Kat:3, Licht: 0","210765","3","5","3","02","11","1","","0","1","1","0","0"
"POINT (11.573557738000000 48.133459249000097)","Unfall 210769 (2022) Kat:3, Licht: 0","210769","3","2","4","02","12","3","","0","1","1","0","0"
"POINT (11.613996116000100 48.188768175000099)","Unfall 210776 (2022) Kat:3, Licht: 0","210776","3","7","0","02","15","5","","0","1","0","0","0"
"POINT (11.669921976000101 48.117834501000097)","Unfall 210786 (2022) Kat:3, Licht: 0","210786","3","7","2","04","11","4","","0","1","0","1","0"
"POINT (11.467391957000100 48.167286474000001)","Unfall 210790 (2022) Kat:3, Licht: 0","210790","3","3","0","03","10","7","","0","1","1","0","0"
"POINT (11.659293987000099 48.118593607000001)","Unfall 210791 (2022) Kat:2, Licht: 2","210791","2","4","6","03","20","3","","2","0","1","1","0"
"POINT (11.633909935000100 48.136161985000101)","Unfall 210794 (2022) Kat:3, Licht: 0","210794","3","2","3","03","07","5","","0","1","1","0","0"
"POINT (11.565027631000000 48.139301132000099)","Unfall 210804 (2022) Kat:2, Licht: 2","210804","2","7","0","04","03","7","","2","1","0","0","0"
"POINT (11.584425365000101 48.144085803000102)","Unfall 210805 (2022) Kat:3, Licht: 0","210805","3","7","5","03","14","2","","0","0","1","0","0"
"POINT (11.711300457000000 48.138157735000000)","Unfall 210807 (2022) Kat:3, Licht: 0","210807","3","3","5","03","08","4","","0","1","1","0","0"
"POINT (11.568399986999999 48.156066987000003)","Unfall 210815 (2022) Kat:3, Licht: 0","210815","3","6","2","04","11","6","","0","1","1","0","0"
"POINT (11.556232323000099 48.131395428000097)","Unfall 210816 (2022) Kat:3, Licht: 0","210816","3","4","6","03","13","1","","0","0","0","1","0"
"POINT (11.573629969000001 48.151584367000098)","Unfall 210819 (2022) Kat:3, Licht: 0","210819","3","5","1","03","15","2","","0","1","1","0","0"
"POINT (11.578046353000000 48.149671185000003)","Unfall 210823 (2022) Kat:3, Licht: 0","210823","3","3","5","04","10","1","","0","0","1","0","0"
"POINT (11.494395060000000 48.178265526000096)","Unfall 210824 (2022) Kat:3, Licht: 0","210824","3","1","0","03","17","7","","0","1","0","0","0"
"POINT (11.611126143000000 48.117544478000099)","Unfall 210827 (2022) Kat:3, Licht: 0","210827","3","3","5","04","17","3","","0","1","1","0","0"
"POINT (11.565438739000101 48.148307506000002)","Unfall 210829 (2022) Kat:3, Licht: 0","210829","3","3","5","03","15","4","","0","0","1","0","0"
"POINT (11.560981130000100 48.153758901000103)","Unfall 210835 (2022) Kat:3, Licht: 0","210835","3","5","1","04","18","6","","0","0","1","0","0"
"POINT (11.585313838999999 48.097156392999999)","Unfall 210839 (2022) Kat:3, Licht: 0","210839","3","5","2","04","19","2","","0","0","1","0","0"
"POINT (11.534464931000100 48.136135267999997)","Unfall 210842 (2022) Kat:3, Licht: 0","210842","3","2","5","03","09","2","","0","1","0","0","0"
"POINT (11.601432176000101 48.141140223000001)","Unfall 210857 (2022) Kat:2, Licht: 0","210857","2","3","5","04","11","4","","0","1","1","0","0"
"POINT (11.410376751999999 48.145681908000000)","Unfall 210860 (2022) Kat:3, Licht: 0","210860","3","7","3","04","14","2","","0","1","0","0","0"
"POINT (11.562529741000001 48.132365446000101)","Unfall 210863 (2022) Kat:3, Licht: 0","210863","3","7","6","03","09","3","","0","0","1","1","0"
"POINT (11.583538059000000 48.133121168999999)","Unfall 210864 (2022) Kat:3, Licht: 0","210864","3","6","3","04","16","6","","0","1","1","0","0"
"POINT (11.613005335000000 48.123646389999998)","Unfall 210871 (2022) Kat:3, Licht: 0","210871","3","6","2","04","15","7","","0","0","1","0","0"
"POINT (11.533302565000000 48.153015057000097)","Unfall 210872 (2022) Kat:3, Licht: 2","210872","3","2","5","03","23","7","","2","0","1","0","0"
"POINT (11.527533356999999 48.116647866000100)","Unfall 210878 (2022) Kat:3, Licht: 0","210878","3","6","3","03","10","7","","0","0","1","0","1"
"POINT (11.460119466000000 48.149008686000101)","Unfall 210890 (2022) Kat:3, Licht: 2","210890","3","2","6","03","21","1","","2","0","1","1","0"
"POINT (11.585004938000100 48.158420417000102)","Unfall 210891 (2022) Kat:3, Licht: 0","210891","3","6","5","03","10","5","","0","0","1","0","1"
"POINT (11.502930523000000 48.136463139000099)","Unfall 210901 (2022) Kat:3, Licht: 0","210901","3","7","0","03","09","3","","0","0","0","1","0"
"POINT (11.566509752000099 48.123443936999998)","Unfall 210906 (2022) Kat:3, Licht: 2","210906","3","2","1","03","00","3","","2","1","1","0","0"
"POINT (11.599839609000099 48.128408149999998)","Unfall 210910 (2022) Kat:3, Licht: 0","210910","3","6","3","04","09","2","","0","1","0","0","0"
"POINT (11.629115525000000 48.160432974999999)","Unfall 210912 (2022) Kat:3, Licht: 0","210912","3","2","3","03","13","5","","0","0","1","0","0"
"POINT (11.621955821000000 48.164403866999997)","Unfall 210913 (2022) Kat:3, Licht: 0","210913","3","6","2","03","15","3","","0","0","1","0","0"
"POINT (11.510317032000000 48.097790496000101)","Unfall 210915 (2022) Kat:3, Licht: 0","210915","3","3","5","03","14","1","","0","0","1","0","0"
"POINT (11.588451299999999 48.115291883000097)","Unfall 210917 (2022) Kat:3, Licht: 0","210917","3","2","5","03","16","2","","0","1","1","0","0"
"POINT (11.509200720000001 48.088155898000103)","Unfall 210924 (2022) Kat:3, Licht: 0","210924","3","5","0","03","09","4","","0","0","1","0","0"
"POINT (11.592329877000100 48.103328935000000)","Unfall 210927 (2022) Kat:3, Licht: 0","210927","3","3","5","04","15","3","","0","0","1","0","0"
"POINT (11.567897451000000 48.132235872000102)","Unfall 210929 (2022) Kat:3, Licht: 0","210929","3","7","1","03","15","3","","0","1","1","0","0"
"POINT (11.554373980999999 48.153763853000001)","Unfall 210931 (2022) Kat:3, Licht: 0","210931","3","2","5","04","17","7","","0","0","1","0","0"
"POINT (11.503319541000099 48.146999188999999)","Unfall 210932 (2022) Kat:3, Licht: 0","210932","3","2","3","03","15","4","","0","0","1","1","0"
"POINT (11.578844807000101 48.136057046000097)","Unfall 210933 (2022) Kat:3, Licht: 0","210933","3","4","6","04","12","5","","0","0","1","1","0"
"POINT (11.502799084000101 48.131751588000000)","Unfall 210942 (2022) Kat:3, Licht: 2","210942","3","2","5","04","21","4","","2","1","1","0","0"
"POINT (11.577836787000001 48.096490285000101)","Unfall 210946 (2022) Kat:3, Licht: 2","210946","3","4","6","03","21","7","","2","0","1","1","0"
"POINT (11.517591832999999 48.146697934000002)","Unfall 210949 (2022) Kat:3, Licht: 0","210949","3","3","5","03","14","1","","0","0","1","0","0"
"POINT (11.575149347000000 48.119229044000100)","Unfall 210956 (2022) Kat:3, Licht: 2","210956","3","1","0","03","18","7","","2","1","0","0","0"
"POINT (11.534384295000100 48.147889638000002)","Unfall 210961 (2022) Kat:3, Licht: 1","210961","3","3","5","04","19","7","","1","0","1","0","0"
"POINT (11.540174257000000 48.155446068000103)","Unfall 210974 (2022) Kat:2, Licht: 0","210974","2","4","0","03","08","2","","0","0","0","1","0"