WKT,Name,OBJECTID,UKATEGORIE,UTYP1,UART,UMONAT,USTUNDE,UWOCHENTAG,STRZUSTAND,ULICHTVERH,ISTRAD,ISTPKW,ISTFUSS,ISTKRAD
"POINT (11.543472098000100 48.149203888999999)","Unfall 211007 (2022) Kat:3, Licht: 0","211007","3","2","2","03","10","2","","0","1","0","0","1"
"POINT (11.607725148000000 48.119543479000100)","Unfall 211018 (2022) Kat:2, Licht: 0","211018","2","2","5","03","11","5","","0","1","1","0","0"
"POINT (11.523302917000001 48.160258900000002)","Unfall 211026 (2022) Kat:3, Licht: 0","211026","3","3","5","04","13","3","","0","0","1","0","0"
"POINT (11.621934700000100 48.126998270000101)","Unfall 211028 (2022) Kat:3, Licht: 0","211028","3","2","5","03","17","4","","0","1","0","0","0"
"POINT (11.646299213000100 48.106634657000001)","Unfall 211031 (2022) Kat:3, Licht: 0","211031","3","1","0","03","15","5","","0","1","0","0","0"
"POINT (11.548960886000000 48.136176163000101)","Unfall 211034 (2022) Kat:3, Licht: 2","211034","3","3","5","03","18","1","","2","1","1","0","0"
"POINT (11.495746027000100 48.181804928000098)","Unfall 211042 (2022) Kat:3, Licht: 1","211042","3","3","5","03","19","7","","1","1","1","0","0"
"POINT (11.561191937000000 48.159166406000097)","Unfall 211047 (2022) Kat:2, Licht: 0","211047","2","7","2","03","18","4","","0","0","1","0","1"
"POINT (11.558294404000000 48.161266408000103)","Unfall 211048 (2022) Kat:3, Licht: 0","211048","3","6","2","04","15","5","","0","0","1","0","0"
"POINT (11.465216557000099 48.146118812000097)","Unfall 211053 (2022) Kat:3, Licht: 0","211053","3","2","5","04","15","6","","0","0","1","0","0"
"POINT (11.563018844000100 48.131749914000103)","Unfall 211054 (2022) Kat:2, Licht: 0","211054","2","3","5","03","15","5","","0","1","0","0","0"
"POINT (11.563555570000100 48.152597699000097)","Unfall 211061 (2022) Kat:3, Licht: 0","211061","3","6","2","04","14","7","","0","1","0","0","0"
"POINT (11.552391927000000 48.148695586000002)","Unfall 211067 (2022) Kat:3, Licht: 1","211067","3","3","5","04","20","2","","1","1","1","0","0"
"POINT (11.485793691000000 48.110774143000100)","Unfall 211070 (2022) Kat:3, Licht: 0","211070","3","5","0","03","17","3","","0","1","1","0","0"
"POINT (11.578452836000100 48.144247834000097)","Unfall 211077 (2022) Kat:3, Licht: 2","211077","3","2","3","04","00","7","","2","0","1","0","0"
"POINT (11.586253683000100 48.163337350000099)","Unfall 211081 (2022) Kat:3, Licht: 2","211081","3","1","0","03","20","7","","2","0","0","0","0"
"POINT (11.464798827999999 48.164770896000100)","Unfall 211087 (2022) Kat:2, Licht: 0","211087","2","3","5","03","10","3","","0","1","1","0","0"
"POINT (11.508320382000001 48.178652077000002)","Unfall 211089 (2022) Kat:3, Licht: 2","211089","3","2","6","04","06","6","","2","0","1","1","0"
"POINT (11.516806063000001 48.113324579000100)","Unfall 211090 (2022) Kat:3, Licht: 0","211090","3","3","5","03","13","4","","0","0","1","0","0"
"POINT (11.594500660000101 48.141843197000100)","Unfall 211092 (2022) Kat:3, Licht: 0","211092","3","2","5","03","17","6","","0","1","1","0","0"
"POINT (11.530455490000101 48.093473759000098)","Unfall 211097 (2022) Kat:3, Licht: 1","211097","3","3","5","04","19","3","","1","0","1","0","0"
"POINT (11.528503057000000 48.138724414000102)","Unfall 211114 (2022) Kat:3, Licht: 0","211114","3","7","0","04","11","2","","0","1","0","0","0"
"POINT (11.566440674000001 48.140498041000100)","Unfall 211116 (2022) Kat:3, Licht: 0","211116","3","6","3","03","11","5","","0","0","1","0","0"
"POINT (11.611338202000100 48.190079333000000)","Unfall 211118 (2022) Kat:3, Licht: 2","211118","3","1","0","04","00","6","","2","1","0","0","0"
"POINT (11.581079731999999 48.097814466999999)","Unfall 211121 (2022) Kat:3, Licht: 0","211121","3","3","5","03","17","2","","0","1","1","0","0"
"POINT (11.550547956999999 48.152499523000102)","Unfall 211128 (2022) Kat:3, Licht: 0","211128","3","7","1","03","19","4","","0","1","1","0","0"
"POINT (11.563914570000099 48.124445473999998)","Unfall 211133 (2022) Kat:3, Licht: 0","211133","3","2","6","04","12","7","","0","0","1","1","0"
"POINT (11.559534364999999 48.151781035000099)","Unfall 211134 (2022) Kat:3, Licht: 0","211134","3","1","0","03","09","4","","0","0","0","0","1"
"POINT (11.550672561000100 48.137537296000097)","Unfall 211136 (2022) Kat:3, Licht: 0","211136","3","7","0","03","08","6","","0","0","0","0","0"
"POINT (11.504787524000101 48.133127518999999)","Unfall 211145 (2022) Kat:3, Licht: 0","211145","3","3","5","04","10","4","","0","0","1","0","0"
"POINT (11.511457677000100 48.157619185000001)","Unfall 211146 (2022) Kat:3, Licht: 0","211146","3","6","2","03","16","2","","0","0","1","0","0"
"POINT (11.686831073000100 48.141186679000000)","Unfall 211149 (2022) Kat:3, Licht: 0","211149","3","6","3","03","15","7","","0","0","1","0","1"
"POINT (11.511458659000001 48.157457331000003)","Unfall 211150 (2022) Kat:3, Licht: 0","211150","3","6","2","03","08","3","","0","0","1","0","0"
"POINT (11.565161856000000 48.147923999000099)","Unfall 211152 (2022) Kat:3, Licht: 2","211152","3","7","6","03","00","1","","2","0","0","1","0"
"POINT (11.588867844999999 48.122198652000101)","Unfall 211158 (2022) Kat:3, Licht: 0","211158","3","1","0","03","12","2","","0","1","1","0","0"
"POINT (11.584992472000099 48.126075184999998)","Unfall 211162 (2022) Kat:2, Licht: 2","211162","2","3","5","03","22","3","","2","1","0","0","0"
"POINT (11.630040361000100 48.126904346000103)","Unfall 211164 (2022) Kat:2, Licht: 0","211164","2","7","0","03","15","1","","0","1","0","0","0"
"POINT (11.564158846000099 48.124318637000002)","Unfall 211165 (2022) Kat:3, Licht: 1","211165","3","1","0","03","19","5","","1","0","0","0","1"
"POINT (11.642505382000000 48.167833012000102)","Unfall 211175 (2022) Kat:3, Licht: 0","211175","3","6","2","03","13","1","","0","0","1","0","0"
"POINT (11.586463053999999 48.130397328000100)","Unfall 211176 (2022) Kat:3, Licht: 0","211176","3","1","1","03","07","2","","0","1","1","0","0"
"POINT (11.558879984000001 48.137417657000100)","Unfall 211184 (2022) Kat:3, Licht: 0","211184","3","6","3","03","18","3","","0","0","1","0","1"
"POINT (11.546148811000000 48.108695830000002)","Unfall 211187 (2022) Kat:3, Licht: 2","211187","3","4","6","03","20","5","","2","0","1","1","0"
"POINT (11.469367088000100 48.170325945999998)","Unfall 211189 (2022) Kat:3, Licht: 0","211189","3","3","5","04","11","4","","0","1","1","0","0"
"POINT (11.458903488000001 48.164590034000099)","Unfall 211190 (2022) Kat:2, Licht: 0","211190","2","3","5","03","14","2","","0","0","1","0","1"
"POINT (11.561207845000100 48.146452388000100)","Unfall 211193 (2022) Kat:2, Licht: 2","211193","2","1","0","04","04","7","","2","0","0","0","0"
"POINT (11.550230926999999 48.124812257000002)","Unfall 211197 (2022) Kat:3, Licht: 0","211197","3","4","6","04","18","3","","0","0","1","1","0"
"POINT (11.551541723000099 48.148748013000002)","Unfall 211199 (2022) Kat:2, Licht: 0","211199","2","7","6","03","10","4","","0","0","1","1","0"
"POINT (11.684115632999999 48.140648292999998)","Unfall 211203 (2022) Kat:2, Licht: 2","211203","2","3","1","03","19","2","","2","1","1","0","0"
"POINT (11.632728254000000 48.133342943000102)","Unfall 211219 (2022) Kat:3, Licht: 2","211219","3","1","9","03","21","4","","2","0","1","0","0"
"POINT (11.544373383000000 48.126689044999999)","Unfall 211222 (2022) Kat:3, Licht: 2","211222","3","7","7","03","04","1","","2","1","0","0","0"
"POINT (11.479902553000001 48.110527925000000)","Unfall 211223 (2022) Kat:3, Licht: 2","211223","3","1","9","03","00","5","","2","0","1","0","0"
"POINT (11.644527744000101 48.159904879000102)","Unfall 211224 (2022) Kat:3, Licht: 0","211224","3","6","1","04","11","7","","0","1","1","0","0"
"POINT (11.579747787000001 48.159994081999997)","Unfall 211227 (2022) Kat:3, Licht: 2","211227","3","5","1","03","20","4","","2","1","1","0","0"
"POINT (11.568549554000100 48.140096646000103)","Unfall 211230 (2022) Kat:3, Licht: 0","211230","3","6","3","03","10","6","","0","1","0","0","0"
"POINT (11.583281044000000 48.210817788999996)","Unfall 211233 (2022) Kat:3, Licht: 0","211233","3","3","5","03","08","5","","0","0","1","0","0"
"POINT (11.585485351000001 48.159442517999999)","Unfall 211236 (2022) Kat:2, Licht: 2","211236","2","4","6","03","00","1","","2","0","1","1","0"
"POINT (11.566831385000100 48.133350997999997)","Unfall 211237 (2022) Kat:3, Licht: 0","211237","3","3","5","03","15","5","","0","1","1","0","0"
"POINT (11.460174858000100 48.188617405000102)","Unfall 211244 (2022) Kat:3, Licht: 0","211244","3","7","0","03","13","7","","0","1","0","0","0"
"POINT (11.528306634000000 48.102438577000001)","Unfall 211246 (2022) Kat:3, Licht: 0","211246","3","2","4","04","09","5","","0","1","1","0","0"
"POINT (11.485733925000000 48.080460491000103)","Unfall 211247 (2022) Kat:3, Licht: 1","211247","3","7","0","04","06","3","","1","0","0","1","0"
"POINT (11.571389592000100 48.131280238000002)","Unfall 211248 (2022) Kat:3, Licht: 0","211248","3","1","0","03","11","7","","0","1","0","0","0"
"POINT (11.669618247000100 48.117448954000103)","Unfall 211249 (2022) Kat:3, Licht: 0","211249","3","2","5","03","15","4","","0","1","0","0","0"
"POINT (11.568969372000000 48.140889332000000)","Unfall 211262 (2022) Kat:3, Licht: 0","211262","3","1","0","04","15","7","","0","1","0","0","0"
"POINT (11.475944819000100 48.108550567000101)","Unfall 211263 (2022) Kat:3, Licht: 0","211263","3","7","0","03","16","2","","0","0","0","0","0"
"POINT (11.608355582000099 48.119479685000002)","Unfall 211269 (2022) Kat:3, Licht: 2","211269","3","3","5","04","21","2","","2","1","1","0","0"
"POINT (11.518876882000001 48.139822072000101)","Unfall 211271 (2022) Kat:2, Licht: 0","211271","2","6","3","03","12","5","","0","0","1","0","0"
"POINT (11.563912815000000 48.090431110000097)","Unfall 211272 (2022) Kat:3, Licht: 2","211272","3","6","0","03","19","3","","2","1","0","0","0"
"POINT (11.586188626000000 48.142233525999998)","Unfall 211285 (2022) Kat:3, Licht: 0","211285","3","5","1","03","09","5","","0","0","1","0","1"
"POINT (11.469104558000000 48.150078332000099)","Unfall 211286 (2022) Kat:3, Licht: 0","211286","3","7","0","03","12","3","","0","1","0","0","0"
"POINT (11.569037678000001 48.144306254000099)","Unfall 211287 (2022) Kat:3, Licht: 0","211287","3","1","0","04","15","6","","0","0","0","0","1"
"POINT (11.599144480000099 48.176603120000003)","Unfall 211295 (2022) Kat:3, Licht: 2","211295","3","3","5","03","21","7","","2","1","1","0","0"
"POINT (11.564612524999999 48.124126511999997)","Unfall 211301 (2022) Kat:3, Licht: 2","211301","3","1","1","03","00","7","","2","1","1","0","0"
"POINT (11.553511166000000 48.130156708000101)","Unfall 211305 (2022) Kat:3, Licht: 0","211305","3","7","0","03","15","3","","0","0","0","0","1"
"POINT (11.514143074000099 48.179544567999997)","Unfall 211308 (2022) Kat:3, Licht: 0","211308","3","6","4","03","18","4","","0","1","0","0","0"
"POINT (11.588628019000099 48.187868387999998)","Unfall 211311 (2022) Kat:3, Licht: 0","211311","3","6","3","04","07","2","","0","0","1","0","0"
"POINT (11.555575156000000 48.152691908000101)","Unfall 211319 (2022) Kat:3, Licht: 0","211319","3","4","5","03","08","2","","0","0","1","1","0"
"POINT (11.450607990000000 48.191398234000097)","Unfall 211323 (2022) Kat:3, Licht: 0","211323","3","3","5","03","14","3","","0","0","1","0","0"
"POINT (11.583973857000000 48.135930594000101)","Unfall 211324 (2022) Kat:3, Licht: 0","211324","3","2","5","04","18","6","","0","1","1","0","0"
"POINT (11.558417813000100 48.130388355999997)","Unfall 211330 (2022) Kat:3, Licht: 0","211330","3","7","2","04","12","1","","0","0","1","0","0"
"POINT (11.503227622000100 48.147133419000099)","Unfall 211333 (2022) Kat:3, Licht: 0","211333","3","2","4","03","12","4","","0","1","1","0","0"
"POINT (11.465570864000000 48.147102834000101)","Unfall 211334 (2022) Kat:3, Licht: 0","211334","3","3","5","03","14","6","","0","1","1","0","0"
"POINT (11.599775342999999 48.140774294000003)","Unfall 211338 (2022) Kat:3, Licht: 2","211338","3","6","2","04","03","7","","2","0","1","0","0"
"POINT (11.548775051000099 48.112160623000101)","Unfall 211339 (2022) Kat:3, Licht: 2","211339","3","2","4","03","22","4","","2","0","1","0","1"
"POINT (11.570418050000100 48.142043251000104)","Unfall 211346 (2022) Kat:3, Licht: 2","211346","3","7","6","03","04","7","","2","0","0","1","0"
"POINT (11.567938248000100 48.136380772000102)","Unfall 211347 (2022) Kat:3, Licht: 0","211347","3","6","4","03","11","4","","0","1","0","0","1"
"POINT (11.569470473000001 48.161139707000103)","Unfall 211354 (2022) Kat:3, Licht: 2","211354","3","5","1","04","20","7","","2","1","1","0","0"
"POINT (11.567506366000000 48.123211412000003)","Unfall 211356 (2022) Kat:3, Licht: 0","211356","3","2","2","04","09","5","","0","1","1","0","0"
"POINT (11.569651704000000 48.144475548999999)","Unfall 211357 (2022) Kat:2, Licht: 0","211357","2","2","3","03","18","6","","0","0","1","0","0"
"POINT (11.466652611000001 48.186617148000003)","Unfall 211371 (2022) Kat:3, Licht: 0","211371","3","3","5","03","16","3","","0","1","1","0","0"
"POINT (11.579646823000100 48.147065824999999)","Unfall 211374 (2022) Kat:3, Licht: 2","211374","3","1","1","03","20","5","","2","1","1","0","0"
"POINT (11.512025009000100 48.140732141000100)","Unfall 211380 (2022) Kat:3, Licht: 0","211380","3","3","5","03","14","7","","0","0","1","0","0"
"POINT (11.565742095000100 48.135046778000103)","Unfall 211384 (2022) Kat:3, Licht: 0","211384","3","1","0","03","06","1","","0","1","0","0","0"
"POINT (11.464805671000001 48.140308513999997)","Unfall 211385 (2022) Kat:3, Licht: 2","211385","3","3","5","04","22","7","","2","0","1","0","0"
"POINT (11.598273040000000 48.131808128000003)","Unfall 211413 (2022) Kat:3, Licht: 0","211413","3","1","0","03","10","2","","0","1","0","0","0"
"POINT (11.559609067000100 48.154916153000002)","Unfall 211415 (2022) Kat:2, Licht: 2","211415","2","3","5","04","20","1","","2","0","1","0","0"
"POINT (11.540986607000001 48.096367499000102)","Unfall 211417 (2022) Kat:2, Licht: 0","211417","2","7","0","03","11","3","","0","0","0","0","0"
"POINT (11.575760979000099 48.108169868000097)","Unfall 211425 (2022) Kat:3, Licht: 0","211425","3","7","1","04","18","6","","0","0","1","0","0"
"POINT (11.644074703999999 48.097041702000098)","Unfall 211430 (2022) Kat:3, Licht: 0","211430","3","2","4","03","17","1","","0","0","1","0","0"
"POINT (11.448832239000099 48.163201872000101)","Unfall 211452 (2022) Kat:3, Licht: 0","211452","3","7","1","04","17","3","","0","0","1","0","0"
"POINT (11.622928639000101 48.211696647000103)","Unfall 211453 (2022) Kat:2, Licht: 2","211453","2","6","3","03","20","7","","2","0","1","0","0"
"POINT (11.569253361000101 48.140933355000101)","Unfall 211454 (2022) Kat:3, Licht: 0","211454","3","2","0","03","11","4","","0","1","1","0","0"
"POINT (11.595730886000100 48.130402901000103)","Unfall 211455 (2022) Kat:2, Licht: 0","211455","2","1","0","03","11","7","","0","1","0","0","0"
"POINT (11.675012337000100 48.112146523000000)","Unfall 211457 (2022) Kat:3, Licht: 0","211457","3","7","2","04","16","3","","0","1","1","0","0"
"POINT (11.511318720000100 48.181338504000102)","Unfall 211465 (2022) Kat:3, Licht: 0","211465","3","5","1","03","10","7","","0","0","1","0","1"
"POINT (11.519112643000000 48.094631525000104)","Unfall 211468 (2022) Kat:3, Licht: 0","211468","3","2","5","04","08","5","","0","0","1","0","0"
"POINT (11.632062119000100 48.127113144000099)","Unfall 211475 (2022) Kat:2, Licht: 1","211475","2","6","3","03","18","2","","1","1","0","0","0"
"POINT (11.596496537000100 48.192953086000003)","Unfall 211476 (2022) Kat:3, Licht: 0","211476","3","2","6","04","12","7","","0","0","1","1","0"
"POINT (11.496927368000099 48.176971787000099)","Unfall 211486 (2022) Kat:3, Licht: 0","211486","3","3","4","04","11","4","","0","0","1","0","0"
"POINT (11.643804121000100 48.123942378000002)","Unfall 211492 (2022) Kat:3, Licht: 0","211492","3","3","5","04","13","6","","0","1","1","0","0"
"POINT (11.531482244000101 48.156678012999997)","Unfall 211500 (2022) Kat:3, Licht: 0","211500","3","7","0","03","08","7","","0","1","0","0","0"
"POINT (11.561928095000001 48.161183678999997)","Unfall 211504 (2022) Kat:3, Licht: 0","211504","3","2","5","03","08","7","","0","1","1","0","0"
"POINT (11.566257645000100 48.134230733999999)","Unfall 211510 (2022) Kat:3, Licht: 2","211510","3","1","0","03","02","3","","2","1","0","0","0"
"POINT (11.498408806000000 48.131643990999997)","Unfall 211512 (2022) Kat:3, Licht: 0","211512","3","3","5","04","10","6","","0","0","1","0","0"
"POINT (11.575399066999999 48.142610163000001)","Unfall 211513 (2022) Kat:3, Licht: 0","211513","3","1","0","03","14","4","","0","0","1","0","0"
"POINT (11.630982589000000 48.099707811000002)","Unfall 211515 (2022) Kat:3, Licht: 0","211515","3","6","5","03","07","6","","0","1","0","0","0"
"POINT (11.609957178000100 48.132213121000099)","Unfall 211517 (2022) Kat:3, Licht: 0","211517","3","6","2","03","16","1","","0","0","1","0","0"
"POINT (11.575190147000100 48.108419070000103)","Unfall 211525 (2022) Kat:3, Licht: 0","211525","3","2","5","03","09","2","","0","1","1","0","0"
"POINT (11.561326051000000 48.137404893999999)","Unfall 211529 (2022) Kat:3, Licht: 2","211529","3","6","0","03","19","3","","2","0","1","0","1"
"POINT (11.512439469000100 48.180457654000101)","Unfall 211536 (2022) Kat:3, Licht: 0","211536","3","3","5","04","07","4","","0","0","1","0","0"
"POINT (11.575590799000100 48.145336980000103)","Unfall 211542 (2022) Kat:3, Licht: 0","211542","3","4","6","03","08","3","","0","1","0","1","0"
"POINT (11.464842586000000 48.145180788000097)","Unfall 211546 (2022) Kat:2, Licht: 0","211546","2","3","5","03","18","2","","0","1","1","0","0"
"POINT (11.557899722000100 48.095404359000000)","Unfall 211550 (2022) Kat:3, Licht: 0","211550","3","2","6","04","12","1","","0","0","1","1","0"
"POINT (11.639922474000100 48.126388220000102)","Unfall 211557 (2022) Kat:3, Licht: 0","211557","3","1","0","04","15","5","","0","0","0","0","0"
"POINT (11.671263777000000 48.134967577000097)","Unfall 211558 (2022) Kat:3, Licht: 0","211558","3","1","8","04","17","3","","0","0","1","0","0"
"POINT (11.626521029000100 48.126128618000102)","Unfall 211560 (2022) Kat:3, Licht: 0","211560","3","1","0","03","16","3","","0","1","0","0","0"
"POINT (11.529061917000000 48.099810578000103)","Unfall 211563 (2022) Kat:3, Licht: 1","211563","3","2","4","03","18","4","","1","0","1","0","0"
"POINT (11.558520922000101 48.146696122000002)","Unfall 211571 (2022) Kat:3, Licht: 0","211571","3","6","3","03","16","2","","0","0","1","0","0"
"POINT (11.568180892000001 48.133781061000001)","Unfall 211574 (2022) Kat:3, Licht: 0","211574","3","3","4","04","16","4","","0","0","1","0","0"
"POINT (11.535258326000100 48.140007431000100)","Unfall 211578 (2022) Kat:3, Licht: 0","211578","3","6","2","04","14","7","","0","0","1","0","0"
"POINT (11.559500808999999 48.145127661000103)","Unfall 211585 (2022) Kat:3, Licht: 0","211585","3","1","0","03","12","3","","0","1","0","0","0"
"POINT (11.646295341000000 48.103225567999999)","Unfall 211590 (2022) Kat:3, Licht: 0","211590","3","1","0","03","16","4","","0","1","0","0","0"
"POINT (11.603938106999999 48.109330284000102)","Unfall 211591 (2022) Kat:3, Licht: 0","211591","3","3","5","03","13","6","","0","0","1","0","1"
"POINT (11.540167818000000 48.116359189000001)","Unfall 211595 (2022) Kat:2, Licht: 2","211595","2","1","0","03","23","5","","2","1","0","0","0"
"POINT (11.567064994000100 48.123345286000102)","Unfall 211598 (2022) Kat:2, Licht: 0","211598","2","7","0","03","15","2","","0","0","0","1","0"
"POINT (11.504060563000101 48.094288606000099)","Unfall 211601 (2022) Kat:3, Licht: 0","211601","3","2","4","03","15","7","","0","0","1","0","0"
"POINT (11.519648538000100 48.110043857000100)","Unfall 211606 (2022) Kat:3, Licht: 2","211606","3","3","5","03","21","1","","2","0","1","0","0"
"POINT (11.575943381000100 48.150279347999998)","Unfall 211610 (2022) Kat:3, Licht: 0","211610","3","4","6","03","15","4","","0","0","1","1","0"
"POINT (11.583948752000000 48.168789026000098)","Unfall 211612 (2022) Kat:3, Licht: 0","211612","3","2","5","03","13","6","","0","1","1","0","0"
"POINT (11.541059404000100 48.121601929000100)","Unfall 211627 (2022) Kat:3, Licht: 0","211627","3","2","0","04","15","7","","0","0","0","0","0"
"POINT (11.584283144000000 48.101413370000003)","Unfall 211631 (2022) Kat:3, Licht: 0","211631","3","4","6","04","15","3","","0","1","0","1","0"
"POINT (11.500563687000099 48.192647570000098)","Unfall 211633 (2022) Kat:3, Licht: 0","211633","3","2","2","03","15","4","","0","1","1","0","0"
"POINT (11.509777266000100 48.167373376999997)","Unfall 211637 (2022) Kat:3, Licht: 0","211637","3","1","5","04","07","6","","0","0","1","0","0"
"POINT (11.575264128000100 48.184396333000102)","Unfall 211638 (2022) Kat:3, Licht: 2","211638","3","7","6","03","05","4","","2","1","0","1","0"
"POINT (11.628305554000100 48.147382731999997)","Unfall 211652 (2022) Kat:2, Licht: 0","211652","2","2","5","03","08","5","","0","1","1","0","0"
"POINT (11.580216622000000 48.114955803999997)","Unfall 211654 (2022) Kat:3, Licht: 0","211654","3","1","1","04","12","6","","0","0","1","0","0"
"POINT (11.612825585000101 48.120756404000097)","Unfall 211656 (2022) Kat:3, Licht: 0","211656","3","2","5","03","15","5","","0","1","1","0","0"
"POINT (11.567688494000000 48.147701994000002)","Unfall 211657 (2022) Kat:3, Licht: 0","211657","3","6","2","03","18","1","","0","1","1","0","0"
"POINT (11.509056468000001 48.182668681000102)","Unfall 211658 (2022) Kat:3, Licht: 0","211658","3","7","0","04","14","7","","0","1","0","0","0"
"POINT (11.589432925000001 48.131505093000001)","Unfall 211666 (2022) Kat:3, Licht: 2","211666","3","1","0","03","01","5","","2","0","0","0","0"
"POINT (11.628144784000000 48.093133817000101)","Unfall 211667 (2022) Kat:3, Licht: 0","211667","3","6","3","03","08","3","","0","1","1","0","0"
"POINT (11.524442705000100 48.135579898000103)","Unfall 211668 (2022) Kat:3, Licht: 0","211668","3","3","5","04","08","6","","0","1","1","0","0"
"POINT (11.546906355000001 48.159990307000001)","Unfall 211669 (2022) Kat:3, Licht: 2","211669","3","1","0","03","19","1","","2","1","0","0","0"
"POINT (11.580839730999999 48.138967846000099)","Unfall 211670 (2022) Kat:3, Licht: 0","211670","3","7","0","03","10","5","","0","1","0","0","0"
"POINT (11.502319429000099 48.135412492999997)","Unfall 211673 (2022) Kat:3, Licht: 0","211673","3","6","2","03","10","2","","0","0","1","0","0"
"POINT (11.478485700000000 48.103810972000097)","Unfall 211677 (2022) Kat:3, Licht: 0","211677","3","7","1","03","15","7","","0","0","1","1","0"
"POINT (11.578669268000100 48.138629980000097)","Unfall 211680 (2022) Kat:3, Licht: 0","211680","3","7","1","04","11","3","","0","1","1","0","0"
"POINT (11.529362344000001 48.100695508999998)","Unfall 211689 (2022) Kat:3, Licht: 0","211689","3","3","5","03","10","4","","0","1","0","0","0"
"POINT (11.503352717000000 48.141256091999999)","Unfall 211693 (2022) Kat:3, Licht: 0","211693","3","2","5","03","17","1","","0","1","1","0","0"
"POINT (11.534686534000100 48.119631961000003)","Unfall 211698 (2022) Kat:3, Licht: 0","211698","3","2","3","04","11","4","","0","1","1","0","0"
"POINT (11.656759263000000 48.117067890000001)","Unfall 211701 (2022) Kat:3, Licht: 0","211701","3","2","5","04","15","2","","0","1","1","0","0"
"POINT (11.597172531000099 48.114997809999998)","Unfall 211706 (2022) Kat:3, Licht: 0","211706","3","3","5","03","15","1","","0","0","1","0","0"
"POINT (11.552651132999999 48.112344452999999)","Unfall 211707 (2022) Kat:3, Licht: 2","211707","3","4","6","03","22","5","","2","0","1","1","0"
"POINT (11.618609187000100 48.128384625000102)","Unfall 211711 (2022) Kat:3, Licht: 0","211711","3","7","0","04","18","7","","0","0","1","0","1"
"POINT (11.502778488000001 48.131087953000097)","Unfall 211712 (2022) Kat:3, Licht: 2","211712","3","6","2","03","23","7","","2","0","1","0","0"
"POINT (11.594525548000000 48.141944991000102)","Unfall 211721 (2022) Kat:3, Licht: 0","211721","3","2","5","03","08","3","","0","1","0","0","0"
"POINT (11.590320364000000 48.192820343999998)","Unfall 211730 (2022) Kat:3, Licht: 0","211730","3","1","0","03","09","7","","0","0","0","0","0"
"POINT (11.558609528000000 48.135928514000099)","Unfall 211753 (2022) Kat:3, Licht: 0","211753","3","5","1","04","16","2","","0","1","1","0","0"
"POINT (11.540149359000100 48.117492046999999)","Unfall 211760 (2022) Kat:3, Licht: 0","211760","3","6","2","03","18","3","","0","0","1","0","0"
"POINT (11.555555704000000 48.152668171000101)","Unfall 211770 (2022) Kat:3, Licht: 0","211770","3","3","5","03","17","5","","0","1","1","0","0"
"POINT (11.581552159000100 48.167102679999999)","Unfall 211773 (2022) Kat:3, Licht: 2","211773","3","1","0","03","18","4","","2","1","0","0","0"
"POINT (11.602090276000100 48.169539012000001)","Unfall 211774 (2022) Kat:3, Licht: 0","211774","3","7","0","04","08","5","","0","1","0","0","0"
"POINT (11.403369898999999 48.141610976999999)","Unfall 211775 (2022) Kat:3, Licht: 0","211775","3","7","0","03","07","6","","0","1","0","1","0"
"POINT (11.541606032000100 48.125512696999998)","Unfall 211778 (2022) Kat:3, Licht: 0","211778","3","6","4","03","08","5","","0","0","1","0","1"
"POINT (11.534377668999999 48.147910428000003)","Unfall 211784 (2022) Kat:3, Licht: 0","211784","3","3","5","03","07","2","","0","0","1","0","0"
"POINT (11.495523964000000 48.135911737000100)","Unfall 211785 (2022) Kat:3, Licht: 0","211785","3","2","5","04","08","6","","0","1","1","0","0"
"POINT (11.584735958000101 48.157852059000000)","Unfall 211786 (2022) Kat:3, Licht: 2","211786","3","4","6","03","21","4","","2","1","0","1","0"
"POINT (11.535954311000101 48.158121552000097)","Unfall 211787 (2022) Kat:3, Licht: 0","211787","3","7","0","04","10","5","","0","0","0","0","1"
"POINT (11.574966589000001 48.135200612000098)","Unfall 211791 (2022) Kat:3, Licht: 0","211791","3","7","0","03","13","5","","0","0","0","0","0"
"POINT (11.476703991000001 48.164335162000000)","Unfall 211793 (2022) Kat:3, Licht: 0","211793","3","7","0","04","11","7","","0","1","0","0","0"
"POINT (11.573362330000100 48.153703970999999)","Unfall 211797 (2022) Kat:3, Licht: 0","211797","3","2","5","03","08","2","","0","1","1","0","0"
"POINT (11.588812004999999 48.117174728000101)","Unfall 211801 (2022) Kat:3, Licht: 0","211801","3","6","4","03","09","3","","0","1","0","0","0"
"POINT (11.520491906000100 48.150033466000103)","Unfall 211815 (2022) Kat:3, Licht: 2","211815","3","2","5","04","20","7","","2","1","1","0","0"
"POINT (11.534337348000101 48.192747683000100)","Unfall 211818 (2022) Kat:3, Licht: 0","211818","3","3","5","03","15","4","","0","0","1","0","0"
"POINT (11.502853279000000 48.133569490000099)","Unfall 211823 (2022) Kat:3, Licht: 0","211823","3","5","1","03","11","5","","0","0","1","0","0"
"POINT (11.521806083000101 48.151185059000099)","Unfall 211825 (2022) Kat:3, Licht: 0","211825","3","3","5","04","16","6","","0","0","1","0","0"
"POINT (11.534021378000000 48.138745867000097)","Unfall 211827 (2022) Kat:3, Licht: 0","211827","3","2","5","03","07","5","","0","1","1","0","0"