WKT,Name,OBJECTID,UKATEGORIE,UTYP1,UART,UMONAT,USTUNDE,UWOCHENTAG,STRZUSTAND,ULICHTVERH,ISTRAD,ISTPKW,ISTFUSS,ISTKRAD
"POINT (11.586721357000000 48.164180820000098)","Unfall 211828 (2022) Kat:3, Licht: 0","211828","3","2","5","04","18","4","","0","1","1","0","0"
"POINT (11.531741481999999 48.152674213000097)","Unfall 211829 (2022) Kat:2, Licht: 0","211829","2","3","5","03","18","2","","0","1","0","0","0"
"POINT (11.565367099000101 48.138070373000097)","Unfall 211837 (2022) Kat:3, Licht: 0","211837","3","6","3","03","07","7","","0","0","1","0","1"
"POINT (11.605976154000100 48.198059892000103)","Unfall 211842 (2022) Kat:3, Licht: 0","211842","3","7","6","04","15","7","","0","0","1","1","0"
"POINT (11.690090434000100 48.136836656000099)","Unfall 211855 (2022) Kat:3, Licht: 0","211855","3","7","5","04","18","5","","0","0","1","0","1"
"POINT (11.592499750000099 48.114896191000099)","Unfall 211856 (2022) Kat:3, Licht: 2","211856","3","3","5","04","20","1","","2","0","1","0","0"
"POINT (11.573481554000100 48.135776380999999)","Unfall 211857 (2022) Kat:3, Licht: 0","211857","3","1","0","04","20","7","","0","1","0","0","0"
"POINT (11.559109937000100 48.129857689000097)","Unfall 211864 (2022) Kat:3, Licht: 0","211864","3","1","0","04","17","5","","0","0","0","0","0"
"POINT (11.533147193000000 48.124569768000100)","Unfall 211870 (2022) Kat:3, Licht: 0","211870","3","2","5","04","15","7","","0","1","1","0","0"
"POINT (11.577416345000101 48.108094650000098)","Unfall 211878 (2022) Kat:3, Licht: 0","211878","3","4","6","04","15","4","","0","1","0","1","0"
"POINT (11.502676799000000 48.116326779000097)","Unfall 211879 (2022) Kat:3, Licht: 0","211879","3","3","5","04","08","3","","0","1","1","0","0"
"POINT (11.606420696000001 48.150149825000000)","Unfall 211880 (2022) Kat:3, Licht: 2","211880","3","1","1","04","01","7","","2","0","1","0","0"
"POINT (11.559188674000000 48.175516796000103)","Unfall 211897 (2022) Kat:3, Licht: 0","211897","3","7","6","04","19","2","","0","0","1","1","0"
"POINT (11.505035350000099 48.188422519000000)","Unfall 211902 (2022) Kat:3, Licht: 0","211902","3","7","1","04","07","2","","0","1","1","0","0"
"POINT (11.600788858000000 48.124543545000101)","Unfall 211923 (2022) Kat:3, Licht: 0","211923","3","6","2","04","17","3","","0","1","0","0","0"
"POINT (11.496887624000101 48.179331634999997)","Unfall 211926 (2022) Kat:3, Licht: 0","211926","3","3","5","04","14","3","","0","0","1","0","0"
"POINT (11.555935399000100 48.139569241000103)","Unfall 211933 (2022) Kat:2, Licht: 2","211933","2","1","0","04","03","7","","2","0","0","0","0"
"POINT (11.592186570000001 48.142317085000101)","Unfall 211940 (2022) Kat:3, Licht: 0","211940","3","2","5","04","18","4","","0","0","1","0","1"
"POINT (11.551059473000100 48.117939573000100)","Unfall 211946 (2022) Kat:2, Licht: 2","211946","2","7","0","04","21","6","","2","1","0","0","0"
"POINT (11.616415314000101 48.162211212000003)","Unfall 211950 (2022) Kat:3, Licht: 0","211950","3","1","0","04","18","5","","0","0","0","0","1"
"POINT (11.603003615000000 48.145940576999998)","Unfall 211954 (2022) Kat:1, Licht: 0","211954","1","1","0","04","11","4","","0","1","0","0","0"
"POINT (11.581855138000000 48.152267747000103)","Unfall 211955 (2022) Kat:3, Licht: 1","211955","3","7","5","04","05","1","","1","0","1","0","0"
"POINT (11.461341239999999 48.147415188000103)","Unfall 211960 (2022) Kat:3, Licht: 0","211960","3","2","3","04","14","3","","0","1","0","0","0"
"POINT (11.548656241000099 48.113141962999997)","Unfall 211971 (2022) Kat:3, Licht: 0","211971","3","6","3","04","16","6","","0","1","0","0","0"
"POINT (11.573969882000000 48.120045047000097)","Unfall 211978 (2022) Kat:3, Licht: 2","211978","3","6","2","04","21","7","","2","1","0","0","0"
"POINT (11.520030621000000 48.145092640000001)","Unfall 211980 (2022) Kat:3, Licht: 2","211980","3","2","1","04","20","1","","2","0","1","0","0"
"POINT (11.564492707000101 48.136335578999997)","Unfall 211981 (2022) Kat:2, Licht: 1","211981","2","7","0","04","05","7","","1","1","0","1","0"
"POINT (11.696973274000101 48.140293499999999)","Unfall 211995 (2022) Kat:3, Licht: 0","211995","3","6","3","04","13","3","","0","0","1","0","0"
"POINT (11.609121882000100 48.136313594999997)","Unfall 211999 (2022) Kat:3, Licht: 0","211999","3","6","2","04","11","2","","0","0","1","0","0"
"POINT (11.549850062000100 48.125211827000001)","Unfall 212001 (2022) Kat:3, Licht: 1","212001","3","6","0","04","20","5","","1","0","1","0","0"
"POINT (11.673592031000100 48.125593575000003)","Unfall 212006 (2022) Kat:3, Licht: 2","212006","3","1","0","04","22","7","","2","1","0","0","0"
"POINT (11.533345350999999 48.169562351000103)","Unfall 212008 (2022) Kat:2, Licht: 0","212008","2","4","6","04","15","1","","0","0","1","1","0"
"POINT (11.541701406000101 48.207543643000101)","Unfall 212013 (2022) Kat:3, Licht: 0","212013","3","3","5","04","11","5","","0","0","1","0","1"
"POINT (11.536505555000099 48.151847140000001)","Unfall 212015 (2022) Kat:2, Licht: 0","212015","2","7","0","04","12","7","","0","0","0","0","1"
"POINT (11.522388745000100 48.137259536000002)","Unfall 212017 (2022) Kat:3, Licht: 0","212017","3","4","6","04","08","6","","0","1","0","1","0"
"POINT (11.584115728000000 48.136894665000099)","Unfall 212027 (2022) Kat:3, Licht: 0","212027","3","6","3","04","10","4","","0","0","0","0","1"
"POINT (11.588514468000000 48.142966346000001)","Unfall 212028 (2022) Kat:3, Licht: 0","212028","3","2","5","04","11","1","","0","1","1","0","0"
"POINT (11.500859800000100 48.183565618000003)","Unfall 212030 (2022) Kat:3, Licht: 0","212030","3","3","5","04","17","4","","0","0","1","0","0"
"POINT (11.557471787000100 48.144487767000001)","Unfall 212038 (2022) Kat:3, Licht: 0","212038","3","7","1","05","18","1","","0","0","1","0","0"
"POINT (11.585196444000101 48.118514341999997)","Unfall 212041 (2022) Kat:3, Licht: 0","212041","3","7","1","04","11","5","","0","0","1","0","0"
"POINT (11.603582597000100 48.153430086000100)","Unfall 212042 (2022) Kat:2, Licht: 0","212042","2","4","6","04","12","4","","0","0","1","1","0"
"POINT (11.507630762000099 48.174788986000102)","Unfall 212045 (2022) Kat:3, Licht: 0","212045","3","3","1","04","12","6","","0","1","1","0","0"
"POINT (11.498321048999999 48.141822606000098)","Unfall 212062 (2022) Kat:3, Licht: 0","212062","3","3","5","04","17","5","","0","1","1","0","0"
"POINT (11.460095637000100 48.151522399000001)","Unfall 212070 (2022) Kat:3, Licht: 0","212070","3","7","1","04","13","5","","0","1","1","0","0"
"POINT (11.597979920000100 48.135606095000099)","Unfall 212074 (2022) Kat:3, Licht: 0","212074","3","1","0","04","15","4","","0","1","0","0","0"
"POINT (11.557846936000001 48.126643315000102)","Unfall 212075 (2022) Kat:3, Licht: 0","212075","3","7","0","04","18","3","","0","1","0","0","0"
"POINT (11.575319334000000 48.138345213000001)","Unfall 212081 (2022) Kat:2, Licht: 0","212081","2","4","6","04","17","3","","0","0","0","1","0"
"POINT (11.613324606999999 48.114213328000098)","Unfall 212088 (2022) Kat:2, Licht: 2","212088","2","1","8","04","21","1","","2","0","1","0","0"
"POINT (11.628482887000100 48.104431169000101)","Unfall 212089 (2022) Kat:3, Licht: 0","212089","3","3","5","04","14","3","","0","1","1","0","0"
"POINT (11.502950199000100 48.139700931999997)","Unfall 212091 (2022) Kat:3, Licht: 0","212091","3","2","5","04","16","6","","0","1","1","0","0"
"POINT (11.596616867000000 48.150024848999998)","Unfall 212095 (2022) Kat:3, Licht: 0","212095","3","7","0","04","16","4","","0","0","0","1","0"
"POINT (11.534413284999999 48.151570857000102)","Unfall 212100 (2022) Kat:3, Licht: 2","212100","3","7","0","04","22","3","","2","0","1","0","1"
"POINT (11.528286857000101 48.130296110000103)","Unfall 212103 (2022) Kat:3, Licht: 0","212103","3","3","5","04","15","7","","0","0","1","0","0"
"POINT (11.587833173000000 48.161568185000100)","Unfall 212112 (2022) Kat:3, Licht: 0","212112","3","1","0","04","07","2","","0","1","0","0","0"
"POINT (11.557329952000000 48.214734487000001)","Unfall 212123 (2022) Kat:3, Licht: 0","212123","3","3","5","04","08","5","","0","1","1","0","0"
"POINT (11.647043332000100 48.096195293999997)","Unfall 212129 (2022) Kat:3, Licht: 0","212129","3","1","8","04","16","1","","0","0","1","0","0"
"POINT (11.508444921000001 48.098095838000098)","Unfall 212133 (2022) Kat:3, Licht: 0","212133","3","7","5","04","14","4","","0","0","0","0","1"
"POINT (11.576256581000100 48.112101236000100)","Unfall 212136 (2022) Kat:3, Licht: 0","212136","3","2","1","04","15","3","","0","0","1","0","0"
"POINT (11.555895312000100 48.137323160999998)","Unfall 212137 (2022) Kat:3, Licht: 0","212137","3","4","6","04","18","7","","0","0","1","1","0"
"POINT (11.634994862999999 48.137902038999997)","Unfall 212141 (2022) Kat:3, Licht: 0","212141","3","2","3","04","11","4","","0","1","0","0","0"
"POINT (11.520287128000099 48.150128823000003)","Unfall 212146 (2022) Kat:3, Licht: 0","212146","3","2","4","04","16","2","","0","0","1","0","0"
"POINT (11.581231706000001 48.150078882999999)","Unfall 212150 (2022) Kat:2, Licht: 2","212150","2","7","0","05","01","1","","2","0","0","0","0"
"POINT (11.574944666000000 48.145832029000097)","Unfall 212177 (2022) Kat:2, Licht: 0","212177","2","7","0","04","17","4","","0","1","0","0","0"
"POINT (11.486791995000001 48.118615067000100)","Unfall 212180 (2022) Kat:3, Licht: 2","212180","3","2","5","04","21","6","","2","0","1","0","1"
"POINT (11.613646543000099 48.126778674999997)","Unfall 212184 (2022) Kat:3, Licht: 2","212184","3","6","2","04","21","3","","2","0","1","0","0"
"POINT (11.547773069000099 48.159890618000098)","Unfall 212187 (2022) Kat:2, Licht: 0","212187","2","6","3","04","15","6","","0","1","0","0","0"
"POINT (11.536223119000100 48.165496303000097)","Unfall 212190 (2022) Kat:3, Licht: 0","212190","3","6","3","04","11","7","","0","1","0","0","0"
"POINT (11.602213377000099 48.135803193000100)","Unfall 212196 (2022) Kat:3, Licht: 0","212196","3","2","3","04","07","5","","0","1","1","0","0"
"POINT (11.502912496000000 48.135727412000101)","Unfall 212199 (2022) Kat:3, Licht: 0","212199","3","1","0","05","17","1","","0","1","0","0","0"
"POINT (11.636721261000000 48.129252516000101)","Unfall 212201 (2022) Kat:3, Licht: 0","212201","3","7","1","04","17","5","","0","0","1","0","0"
"POINT (11.558712176000000 48.126047892000003)","Unfall 212205 (2022) Kat:3, Licht: 0","212205","3","2","3","04","12","6","","0","1","0","0","0"
"POINT (11.519715228999999 48.159038801000101)","Unfall 212206 (2022) Kat:3, Licht: 0","212206","3","6","0","04","12","2","","0","1","0","0","0"
"POINT (11.604679254000100 48.137005727000002)","Unfall 212210 (2022) Kat:3, Licht: 0","212210","3","6","4","04","09","5","","0","1","0","0","0"
"POINT (11.588973651000099 48.100798148000102)","Unfall 212215 (2022) Kat:3, Licht: 0","212215","3","2","5","04","16","7","","0","1","1","0","0"
"POINT (11.502707097000000 48.128900870999999)","Unfall 212227 (2022) Kat:3, Licht: 0","212227","3","3","5","04","10","4","","0","1","1","0","0"
"POINT (11.605881067000000 48.186462916000004)","Unfall 212236 (2022) Kat:3, Licht: 2","212236","3","2","5","04","05","6","","2","0","0","0","0"
"POINT (11.521673592000100 48.117247565000099)","Unfall 212245 (2022) Kat:3, Licht: 0","212245","3","7","6","04","14","5","","0","1","0","1","0"
"POINT (11.548308799000001 48.119535329000001)","Unfall 212249 (2022) Kat:3, Licht: 0","212249","3","4","6","04","10","5","","0","1","0","1","0"
"POINT (11.588240697000099 48.167391144000099)","Unfall 212251 (2022) Kat:2, Licht: 0","212251","2","2","5","04","09","3","","0","0","1","0","0"
"POINT (11.561437894999999 48.146804660000001)","Unfall 212263 (2022) Kat:2, Licht: 2","212263","2","7","0","04","00","6","","2","1","0","0","0"
"POINT (11.518629669000100 48.098964901999999)","Unfall 212269 (2022) Kat:3, Licht: 0","212269","3","3","5","04","08","7","","0","1","1","0","0"
"POINT (11.595231533000099 48.126322458000097)","Unfall 212282 (2022) Kat:3, Licht: 0","212282","3","2","4","04","14","5","","0","0","0","0","1"
"POINT (11.593943290000000 48.128504254000099)","Unfall 212284 (2022) Kat:3, Licht: 1","212284","3","2","3","04","19","7","","1","1","1","0","0"
"POINT (11.544875073000100 48.097083387000097)","Unfall 212286 (2022) Kat:3, Licht: 0","212286","3","6","4","04","15","6","","0","1","0","0","0"
"POINT (11.539421840999999 48.114239249999997)","Unfall 212288 (2022) Kat:3, Licht: 0","212288","3","3","5","04","06","3","","0","0","1","0","1"
"POINT (11.571945364999999 48.141490134999998)","Unfall 212293 (2022) Kat:3, Licht: 2","212293","3","3","5","04","04","6","","2","0","1","0","0"
"POINT (11.571948114000101 48.148941700000101)","Unfall 212299 (2022) Kat:3, Licht: 0","212299","3","3","5","04","12","6","","0","0","1","0","1"
"POINT (11.555803983000001 48.148202259000101)","Unfall 212303 (2022) Kat:3, Licht: 0","212303","3","6","2","04","11","4","","0","0","1","0","1"
"POINT (11.543625554000100 48.157311332000099)","Unfall 212304 (2022) Kat:3, Licht: 0","212304","3","2","4","04","16","5","","0","0","1","0","1"
"POINT (11.555342359000100 48.180766461000097)","Unfall 212307 (2022) Kat:3, Licht: 0","212307","3","3","5","04","16","4","","0","1","1","0","0"
"POINT (11.545521835000001 48.150058119000100)","Unfall 212308 (2022) Kat:3, Licht: 0","212308","3","6","1","04","10","3","","0","0","1","0","0"
"POINT (11.574670448000100 48.162838847000003)","Unfall 212309 (2022) Kat:3, Licht: 0","212309","3","1","0","04","19","6","","0","1","0","0","0"
"POINT (11.566240985000000 48.095235725000101)","Unfall 212314 (2022) Kat:3, Licht: 0","212314","3","3","5","04","09","4","","0","1","1","0","0"
"POINT (11.586298272000001 48.162686710999999)","Unfall 212326 (2022) Kat:3, Licht: 0","212326","3","6","0","04","16","4","","0","1","0","1","0"
"POINT (11.619337678000001 48.138090985000098)","Unfall 212329 (2022) Kat:3, Licht: 0","212329","3","6","2","04","06","2","","0","0","1","0","0"
"POINT (11.607731039999999 48.130916550000101)","Unfall 212332 (2022) Kat:3, Licht: 2","212332","3","7","0","04","20","5","","2","0","0","1","0"
"POINT (11.586488944999999 48.167331304000101)","Unfall 212335 (2022) Kat:3, Licht: 0","212335","3","2","5","04","11","5","","0","1","1","0","0"
"POINT (11.575506468000100 48.119415324999999)","Unfall 212336 (2022) Kat:3, Licht: 0","212336","3","3","2","04","06","4","","0","1","1","0","0"
"POINT (11.567462002000100 48.186202202000104)","Unfall 212338 (2022) Kat:3, Licht: 0","212338","3","4","6","04","16","1","","0","0","1","1","0"
"POINT (11.583651391000000 48.107788063000001)","Unfall 212345 (2022) Kat:3, Licht: 0","212345","3","3","5","04","17","5","","0","1","1","0","0"
"POINT (11.567536750000000 48.123227249000102)","Unfall 212352 (2022) Kat:3, Licht: 0","212352","3","7","1","04","11","1","","0","1","1","0","0"
"POINT (11.711337381000000 48.136718703000000)","Unfall 212391 (2022) Kat:3, Licht: 0","212391","3","4","6","04","17","6","","0","0","1","1","0"
"POINT (11.436273872000100 48.163462438000103)","Unfall 212395 (2022) Kat:3, Licht: 0","212395","3","3","5","04","09","3","","0","1","1","0","0"
"POINT (11.577727138000100 48.123915532000098)","Unfall 212407 (2022) Kat:3, Licht: 0","212407","3","5","1","04","17","5","","0","1","1","0","0"
"POINT (11.504478259000100 48.172767957000097)","Unfall 212421 (2022) Kat:3, Licht: 0","212421","3","7","0","04","18","2","","0","0","1","0","0"
"POINT (11.568604556000000 48.144778879999997)","Unfall 212426 (2022) Kat:3, Licht: 0","212426","3","3","5","04","18","4","","0","1","1","0","0"
"POINT (11.564478576999999 48.199985128000002)","Unfall 212429 (2022) Kat:3, Licht: 0","212429","3","3","5","04","08","3","","0","1","1","0","0"
"POINT (11.622352423000100 48.155320588999999)","Unfall 212433 (2022) Kat:3, Licht: 0","212433","3","6","1","04","16","2","","0","1","1","0","0"
"POINT (11.566827152000000 48.122838230000099)","Unfall 212442 (2022) Kat:3, Licht: 0","212442","3","7","4","04","09","6","","0","1","0","0","0"
"POINT (11.518065605000100 48.135740867000003)","Unfall 212456 (2022) Kat:3, Licht: 2","212456","3","7","0","04","22","2","","2","0","0","0","0"
"POINT (11.592563084000099 48.126545120000102)","Unfall 212459 (2022) Kat:3, Licht: 0","212459","3","3","5","05","13","1","","0","0","1","0","1"
"POINT (11.407245080999999 48.143712009000097)","Unfall 212462 (2022) Kat:3, Licht: 0","212462","3","2","4","04","17","5","","0","0","1","0","0"
"POINT (11.483077765000100 48.119165189000100)","Unfall 212463 (2022) Kat:3, Licht: 0","212463","3","2","5","04","08","4","","0","1","1","0","0"
"POINT (11.542621247000101 48.160542040000102)","Unfall 212464 (2022) Kat:3, Licht: 0","212464","3","5","4","04","15","7","","0","1","1","0","0"
"POINT (11.521171055000000 48.175983059000004)","Unfall 212469 (2022) Kat:3, Licht: 2","212469","3","6","0","04","03","5","","2","0","0","0","0"
"POINT (11.466778400000100 48.154081200000100)","Unfall 212478 (2022) Kat:3, Licht: 2","212478","3","2","4","04","21","5","","2","1","1","0","0"
"POINT (11.467299633000000 48.163791226000100)","Unfall 212482 (2022) Kat:3, Licht: 0","212482","3","5","1","04","09","6","","0","0","1","0","0"
"POINT (11.593591635000100 48.187795420000000)","Unfall 212483 (2022) Kat:2, Licht: 0","212483","2","1","0","04","18","2","","0","0","0","0","0"
"POINT (11.542335895000100 48.162997082000103)","Unfall 212490 (2022) Kat:3, Licht: 0","212490","3","2","3","04","08","3","","0","1","1","0","0"
"POINT (11.591125473000000 48.166203003000099)","Unfall 212494 (2022) Kat:3, Licht: 2","212494","3","7","0","04","20","5","","2","0","0","0","0"
"POINT (11.568845665000000 48.138555593000000)","Unfall 212499 (2022) Kat:3, Licht: 0","212499","3","4","6","04","11","5","","0","0","1","1","0"
"POINT (11.602207911000100 48.123945253999999)","Unfall 212500 (2022) Kat:3, Licht: 0","212500","3","3","0","04","18","1","","0","1","0","0","0"
"POINT (11.566487857000000 48.175714939999999)","Unfall 212501 (2022) Kat:3, Licht: 2","212501","3","2","1","04","20","7","","2","1","1","0","0"
"POINT (11.554465141000000 48.130082125000101)","Unfall 212503 (2022) Kat:3, Licht: 0","212503","3","7","6","04","08","6","","0","1","0","1","0"
"POINT (11.584537904999999 48.150062080000097)","Unfall 212512 (2022) Kat:3, Licht: 2","212512","3","7","0","04","23","4","","2","1","0","0","0"
"POINT (11.545159559000099 48.134501202000102)","Unfall 212523 (2022) Kat:2, Licht: 0","212523","2","2","5","04","11","6","","0","1","0","0","0"
"POINT (11.558909735000000 48.100471988999999)","Unfall 212527 (2022) Kat:2, Licht: 2","212527","2","1","0","04","05","1","","2","0","0","0","0"
"POINT (11.627278447000000 48.101841509000103)","Unfall 212529 (2022) Kat:3, Licht: 0","212529","3","3","5","04","18","7","","0","0","1","0","0"
"POINT (11.583184943999999 48.154561921000003)","Unfall 212531 (2022) Kat:3, Licht: 2","212531","3","2","5","04","23","3","","2","1","1","0","0"
"POINT (11.555670674000099 48.126297209000001)","Unfall 212533 (2022) Kat:3, Licht: 0","212533","3","7","0","04","16","5","","0","1","1","0","0"
"POINT (11.609121882000100 48.136313594999997)","Unfall 212536 (2022) Kat:3, Licht: 0","212536","3","6","2","04","16","6","","0","0","1","0","1"
"POINT (11.573378902000099 48.187564490000099)","Unfall 212538 (2022) Kat:3, Licht: 2","212538","3","6","2","04","21","7","","2","0","1","0","0"
"POINT (11.546680760000100 48.159999323000100)","Unfall 212552 (2022) Kat:3, Licht: 0","212552","3","1","0","04","08","2","","0","0","0","0","1"
"POINT (11.594978078000100 48.171117961999997)","Unfall 212559 (2022) Kat:3, Licht: 2","212559","3","6","1","04","21","4","","2","0","1","0","0"
"POINT (11.565867483000000 48.150664759000101)","Unfall 212569 (2022) Kat:3, Licht: 0","212569","3","3","5","04","19","6","","0","0","1","0","1"
"POINT (11.613671564000100 48.152583645000000)","Unfall 212571 (2022) Kat:3, Licht: 2","212571","3","1","9","04","21","7","","2","0","0","0","1"
"POINT (11.538667631000100 48.171996415000102)","Unfall 212574 (2022) Kat:3, Licht: 0","212574","3","6","2","04","08","4","","0","0","1","0","0"
"POINT (11.571563478000000 48.131340114000103)","Unfall 212579 (2022) Kat:3, Licht: 0","212579","3","1","0","04","17","2","","0","1","0","0","0"
"POINT (11.494076624000099 48.128578945000100)","Unfall 212580 (2022) Kat:3, Licht: 0","212580","3","2","4","04","16","5","","0","1","1","0","0"
"POINT (11.576333399000100 48.127936005000002)","Unfall 212590 (2022) Kat:3, Licht: 0","212590","3","3","5","04","09","2","","0","1","1","0","0"
"POINT (11.540369213000099 48.117946740000001)","Unfall 212598 (2022) Kat:3, Licht: 0","212598","3","7","4","04","14","7","","0","0","1","0","1"
"POINT (11.409140197000101 48.142686594000097)","Unfall 212608 (2022) Kat:3, Licht: 0","212608","3","7","0","04","06","5","","0","0","0","0","0"
"POINT (11.411906585000100 48.153087872000100)","Unfall 212619 (2022) Kat:3, Licht: 0","212619","3","7","0","04","18","3","","0","1","1","0","0"
"POINT (11.633348378999999 48.103723303000002)","Unfall 212626 (2022) Kat:3, Licht: 0","212626","3","7","0","04","17","7","","0","1","1","0","0"
"POINT (11.454143718000100 48.175354632000101)","Unfall 212629 (2022) Kat:3, Licht: 0","212629","3","3","5","04","11","7","","0","0","1","0","0"
"POINT (11.583043066000100 48.140992967999999)","Unfall 212633 (2022) Kat:3, Licht: 0","212633","3","1","0","04","07","2","","0","0","0","0","1"
"POINT (11.596554229000001 48.128612650999997)","Unfall 212634 (2022) Kat:3, Licht: 0","212634","3","4","6","04","11","5","","0","0","1","1","0"
"POINT (11.582154204000100 48.137500574000100)","Unfall 212640 (2022) Kat:3, Licht: 0","212640","3","2","5","04","08","3","","0","0","1","0","1"
"POINT (11.481028655999999 48.180454572000002)","Unfall 212651 (2022) Kat:3, Licht: 0","212651","3","3","5","04","17","4","","0","1","1","0","0"
"POINT (11.581017516999999 48.138933219000101)","Unfall 212655 (2022) Kat:3, Licht: 0","212655","3","1","1","04","18","1","","0","0","0","0","1"
"POINT (11.504331990000001 48.135411183000002)","Unfall 212660 (2022) Kat:3, Licht: 0","212660","3","6","3","04","18","5","","0","1","0","0","0"
"POINT (11.575057285000099 48.150495695000103)","Unfall 212662 (2022) Kat:3, Licht: 0","212662","3","7","6","04","14","7","","0","1","0","1","0"
"POINT (11.460243449000100 48.148007149000101)","Unfall 212675 (2022) Kat:3, Licht: 0","212675","3","7","5","04","16","7","","0","0","1","0","0"
"POINT (11.503205780000000 48.143811118000002)","Unfall 212676 (2022) Kat:3, Licht: 0","212676","3","6","4","04","11","4","","0","1","0","0","0"
"POINT (11.483745402000100 48.134266454000098)","Unfall 212678 (2022) Kat:3, Licht: 0","212678","3","7","0","04","18","6","","0","1","0","0","0"
"POINT (11.549804908000100 48.106802084999998)","Unfall 212679 (2022) Kat:2, Licht: 0","212679","2","3","5","04","12","4","","0","0","1","0","0"
"POINT (11.538246084000001 48.125492800000103)","Unfall 212687 (2022) Kat:3, Licht: 0","212687","3","7","0","04","17","5","","0","1","0","0","0"
"POINT (11.542239154000100 48.125726235999998)","Unfall 212688 (2022) Kat:3, Licht: 0","212688","3","6","2","04","17","4","","0","0","1","0","0"
"POINT (11.547488298000101 48.110437004000097)","Unfall 212689 (2022) Kat:3, Licht: 0","212689","3","3","5","04","15","3","","0","1","1","0","0"
"POINT (11.566029415999999 48.174561240999999)","Unfall 212691 (2022) Kat:3, Licht: 2","212691","3","6","1","04","21","6","","2","1","1","0","0"
"POINT (11.557101055000000 48.134708499000098)","Unfall 212702 (2022) Kat:3, Licht: 0","212702","3","5","0","04","13","6","","0","1","1","0","0"
"POINT (11.558631223000100 48.138357382000002)","Unfall 212712 (2022) Kat:3, Licht: 0","212712","3","7","6","04","16","6","","0","1","0","1","0"
"POINT (11.438327633000000 48.144882881000100)","Unfall 212721 (2022) Kat:3, Licht: 0","212721","3","3","5","04","06","5","","0","1","1","0","0"
"POINT (11.557550638000100 48.123542817999997)","Unfall 212726 (2022) Kat:3, Licht: 0","212726","3","5","3","04","18","3","","0","1","1","0","0"
"POINT (11.594297994000000 48.187729440000098)","Unfall 212735 (2022) Kat:3, Licht: 0","212735","3","7","0","04","18","6","","0","0","0","0","0"
"POINT (11.613005064999999 48.136617614999999)","Unfall 212739 (2022) Kat:3, Licht: 0","212739","3","3","5","04","12","3","","0","1","1","0","0"
"POINT (11.590117018999999 48.166696096000102)","Unfall 212741 (2022) Kat:3, Licht: 0","212741","3","3","0","04","18","6","","0","1","0","0","0"
"POINT (11.527601643000001 48.151777729000102)","Unfall 212750 (2022) Kat:3, Licht: 1","212750","3","3","5","04","18","3","","1","1","1","0","0"
"POINT (11.565666137999999 48.142201054000097)","Unfall 212766 (2022) Kat:3, Licht: 0","212766","3","1","1","04","14","4","","0","1","1","0","0"
"POINT (11.591262800999999 48.138185201000098)","Unfall 212771 (2022) Kat:3, Licht: 0","212771","3","6","2","04","12","5","","0","0","1","0","0"
"POINT (11.410355399000000 48.160998667999998)","Unfall 212774 (2022) Kat:2, Licht: 0","212774","2","1","0","04","09","5","","0","1","0","0","0"
"POINT (11.523600085000099 48.195950131000103)","Unfall 212781 (2022) Kat:3, Licht: 0","212781","3","6","4","04","08","4","","0","1","0","0","0"
"POINT (11.555792142000000 48.129848774000003)","Unfall 212783 (2022) Kat:3, Licht: 0","212783","3","6","2","04","12","4","","0","1","0","0","0"
"POINT (11.552565792999999 48.134844280000003)","Unfall 212789 (2022) Kat:3, Licht: 2","212789","3","7","6","04","23","4","","2","0","1","1","0"
"POINT (11.657930543000100 48.134209394999999)","Unfall 212807 (2022) Kat:3, Licht: 0","212807","3","3","1","04","20","5","","0","0","1","0","0"
"POINT (11.502090935000099 48.135420308999997)","Unfall 212809 (2022) Kat:2, Licht: 0","212809","2","6","2","04","16","6","","0","1","0","0","0"
"POINT (11.581084786000099 48.097808545000099)","Unfall 212820 (2022) Kat:3, Licht: 0","212820","3","3","5","04","17","5","","0","1","1","0","0"
"POINT (11.547038585999999 48.134524052000103)","Unfall 212825 (2022) Kat:3, Licht: 0","212825","3","2","3","04","18","7","","0","1","1","0","0"
"POINT (11.609633750000100 48.155935751000101)","Unfall 212827 (2022) Kat:3, Licht: 2","212827","3","7","6","04","22","1","","2","0","1","1","0"
"POINT (11.552106396000100 48.155037892999999)","Unfall 212829 (2022) Kat:3, Licht: 0","212829","3","7","0","04","12","4","","0","0","1","0","0"
"POINT (11.539280692000000 48.131025676000000)","Unfall 212830 (2022) Kat:3, Licht: 0","212830","3","7","0","04","18","3","","0","0","0","0","0"
"POINT (11.536846280000100 48.169011783000002)","Unfall 212837 (2022) Kat:3, Licht: 0","212837","3","7","1","04","10","4","","0","0","1","0","0"
"POINT (11.586709714000101 48.156866528000101)","Unfall 212840 (2022) Kat:3, Licht: 0","212840","3","1","2","04","07","3","","0","1","1","0","0"
"POINT (11.542577236000101 48.126252109000099)","Unfall 212848 (2022) Kat:3, Licht: 0","212848","3","3","5","04","16","5","","0","0","1","0","0"
"POINT (11.648803847000099 48.146168431000000)","Unfall 212849 (2022) Kat:3, Licht: 0","212849","3","1","7","04","11","4","","0","1","0","0","0"
"POINT (11.602795498000001 48.127522333000101)","Unfall 212852 (2022) Kat:3, Licht: 2","212852","3","6","0","04","21","6","","2","1","0","0","0"
"POINT (11.584888218000099 48.159369695000102)","Unfall 212860 (2022) Kat:2, Licht: 0","212860","2","7","6","04","16","5","","0","1","0","1","0"