WKT,Name,OBJECTID,UKATEGORIE,UTYP1,UART,UMONAT,USTUNDE,UWOCHENTAG,STRZUSTAND,ULICHTVERH,ISTRAD,ISTPKW,ISTFUSS,ISTKRAD
"POINT (11.564719741999999 48.137384879000102)","Unfall 212863 (2022) Kat:3, Licht: 0","212863","3","3","5","05","18","1","","0","0","1","0","0"
"POINT (11.603414812000000 48.146204851000000)","Unfall 212867 (2022) Kat:3, Licht: 2","212867","3","3","5","04","00","3","","2","0","1","0","0"
"POINT (11.555961604000100 48.124428213999998)","Unfall 212880 (2022) Kat:3, Licht: 2","212880","3","3","5","04","00","1","","2","0","1","0","0"
"POINT (11.577625727000100 48.142712758000101)","Unfall 212883 (2022) Kat:3, Licht: 0","212883","3","6","2","04","10","3","","0","0","1","0","0"
"POINT (11.566170134000100 48.186101173000097)","Unfall 212884 (2022) Kat:3, Licht: 0","212884","3","3","3","04","16","4","","0","1","1","0","0"
"POINT (11.567579407000000 48.152647178000102)","Unfall 212889 (2022) Kat:3, Licht: 0","212889","3","3","5","04","09","7","","0","0","1","0","1"
"POINT (11.502819628999999 48.190121173000101)","Unfall 212891 (2022) Kat:3, Licht: 0","212891","3","3","5","04","16","6","","0","1","1","0","0"
"POINT (11.522894518999999 48.134268579000000)","Unfall 212893 (2022) Kat:2, Licht: 0","212893","2","7","0","04","19","2","","0","1","0","0","0"
"POINT (11.516519041000000 48.117947878000102)","Unfall 212894 (2022) Kat:2, Licht: 0","212894","2","7","0","04","15","2","","0","1","0","0","0"
"POINT (11.540763739999999 48.133801013999999)","Unfall 212900 (2022) Kat:3, Licht: 0","212900","3","6","1","04","16","5","","0","0","1","0","0"
"POINT (11.574667924000000 48.118467979999998)","Unfall 212901 (2022) Kat:3, Licht: 0","212901","3","1","0","04","08","4","","0","0","0","0","1"
"POINT (11.575843336000000 48.131985418000099)","Unfall 212902 (2022) Kat:3, Licht: 0","212902","3","7","0","04","07","3","","0","1","0","0","0"
"POINT (11.429606609000100 48.178620788000003)","Unfall 212903 (2022) Kat:3, Licht: 0","212903","3","6","2","04","09","2","","0","0","1","0","0"
"POINT (11.508391607000000 48.170960729000100)","Unfall 212907 (2022) Kat:3, Licht: 0","212907","3","3","5","04","16","4","","0","0","1","0","0"
"POINT (11.528057161000000 48.137227086000102)","Unfall 212934 (2022) Kat:3, Licht: 0","212934","3","2","1","05","19","4","","0","0","1","0","0"
"POINT (11.604250892000000 48.139767933000002)","Unfall 212936 (2022) Kat:3, Licht: 1","212936","3","2","3","05","18","4","","1","1","1","0","0"
"POINT (11.553101947000100 48.161273086000101)","Unfall 212937 (2022) Kat:3, Licht: 0","212937","3","4","6","05","18","2","","0","1","0","1","0"
"POINT (11.540449346999999 48.118347235000002)","Unfall 212938 (2022) Kat:3, Licht: 0","212938","3","2","4","05","15","7","","0","1","1","0","0"
"POINT (11.505505014000100 48.164194495000103)","Unfall 212941 (2022) Kat:3, Licht: 0","212941","3","2","5","05","18","6","","0","1","1","0","0"
"POINT (11.670980598000000 48.115520380000099)","Unfall 212942 (2022) Kat:3, Licht: 0","212942","3","3","5","05","19","5","","0","0","1","0","0"
"POINT (11.509967211999999 48.179939090000097)","Unfall 212965 (2022) Kat:3, Licht: 0","212965","3","6","3","05","15","7","","0","1","0","0","0"
"POINT (11.558302403000001 48.161238746000002)","Unfall 212971 (2022) Kat:3, Licht: 0","212971","3","2","5","05","15","4","","0","1","1","0","0"
"POINT (11.573897621000100 48.168154850000100)","Unfall 212973 (2022) Kat:3, Licht: 0","212973","3","6","3","05","08","3","","0","1","1","0","0"
"POINT (11.573479116000000 48.135775187000000)","Unfall 212974 (2022) Kat:3, Licht: 0","212974","3","4","3","05","14","4","","0","1","1","1","0"
"POINT (11.644004379000000 48.097102339000102)","Unfall 212989 (2022) Kat:3, Licht: 0","212989","3","7","0","05","19","5","","0","0","0","0","0"
"POINT (11.545817558000101 48.149999702000102)","Unfall 213005 (2022) Kat:3, Licht: 0","213005","3","7","6","05","18","3","","0","1","0","1","0"
"POINT (11.606286646000100 48.186421131000003)","Unfall 213011 (2022) Kat:3, Licht: 0","213011","3","6","2","05","16","2","","0","0","1","0","0"
"POINT (11.567528973000000 48.123223195000001)","Unfall 213015 (2022) Kat:3, Licht: 0","213015","3","2","3","05","15","6","","0","1","1","0","0"
"POINT (11.519987325000001 48.132310885999999)","Unfall 213017 (2022) Kat:3, Licht: 0","213017","3","3","5","05","08","5","","0","0","1","0","0"
"POINT (11.513308673999999 48.182627388000100)","Unfall 213019 (2022) Kat:3, Licht: 0","213019","3","6","2","05","17","1","","0","0","1","0","0"
"POINT (11.497753411000099 48.183920819999997)","Unfall 213024 (2022) Kat:3, Licht: 0","213024","3","3","5","05","17","5","","0","0","1","0","0"
"POINT (11.505616744000100 48.172116710000097)","Unfall 213033 (2022) Kat:3, Licht: 0","213033","3","1","3","05","17","3","","0","0","1","0","0"
"POINT (11.589050704000000 48.165134332999997)","Unfall 213063 (2022) Kat:3, Licht: 0","213063","3","3","5","05","09","6","","0","1","1","0","0"
"POINT (11.545521425000100 48.136094699000097)","Unfall 213068 (2022) Kat:3, Licht: 0","213068","3","3","2","05","08","3","","0","1","1","0","0"
"POINT (11.565194839000100 48.139452253999998)","Unfall 213077 (2022) Kat:3, Licht: 2","213077","3","7","6","05","22","7","","2","0","1","1","0"
"POINT (11.415450292999999 48.160040563000102)","Unfall 213078 (2022) Kat:3, Licht: 0","213078","3","6","1","05","08","2","","0","0","1","0","0"
"POINT (11.595154948000101 48.118388779000000)","Unfall 213080 (2022) Kat:3, Licht: 0","213080","3","7","0","05","17","3","","0","0","1","0","1"
"POINT (11.522431069000000 48.163831974000097)","Unfall 213084 (2022) Kat:3, Licht: 2","213084","3","6","0","05","04","7","","2","0","0","0","0"
"POINT (11.573727916999999 48.170249774000098)","Unfall 213091 (2022) Kat:3, Licht: 1","213091","3","2","5","05","18","4","","1","0","1","0","0"
"POINT (11.574756518000100 48.145475958000098)","Unfall 213097 (2022) Kat:3, Licht: 0","213097","3","3","5","05","12","5","","0","0","1","0","1"
"POINT (11.610341691000000 48.091469525999997)","Unfall 213102 (2022) Kat:3, Licht: 0","213102","3","1","1","05","10","3","","0","0","1","0","0"
"POINT (11.421652297000000 48.146963470000102)","Unfall 213109 (2022) Kat:3, Licht: 0","213109","3","7","0","05","13","2","","0","1","0","0","0"
"POINT (11.609727754000099 48.132054791000002)","Unfall 213113 (2022) Kat:3, Licht: 2","213113","3","6","2","05","01","6","","2","0","1","0","0"
"POINT (11.612700837000000 48.203423998000098)","Unfall 213114 (2022) Kat:3, Licht: 0","213114","3","6","2","05","05","5","","0","1","1","0","0"
"POINT (11.572871466000000 48.205088189999998)","Unfall 213116 (2022) Kat:3, Licht: 0","213116","3","3","5","05","14","1","","0","0","1","0","0"
"POINT (11.555206312000101 48.161378122000002)","Unfall 213123 (2022) Kat:3, Licht: 0","213123","3","7","0","05","11","6","","0","0","0","0","0"
"POINT (11.564207825000000 48.201870972000101)","Unfall 213133 (2022) Kat:2, Licht: 0","213133","2","1","0","05","18","7","","0","1","0","0","0"
"POINT (11.520335177000000 48.150147662999998)","Unfall 213139 (2022) Kat:3, Licht: 0","213139","3","2","4","05","15","4","","0","0","1","0","1"
"POINT (11.596937205000099 48.137709897000001)","Unfall 213141 (2022) Kat:2, Licht: 0","213141","2","1","0","05","13","4","","0","1","0","0","0"
"POINT (11.571943664999999 48.135222256000098)","Unfall 213143 (2022) Kat:3, Licht: 0","213143","3","6","0","05","17","7","","0","0","0","0","1"
"POINT (11.503163359000000 48.125315327000102)","Unfall 213145 (2022) Kat:3, Licht: 2","213145","3","1","0","05","21","5","","2","1","0","0","0"
"POINT (11.646302892000101 48.102507827000103)","Unfall 213150 (2022) Kat:2, Licht: 0","213150","2","2","3","05","10","3","","0","0","1","0","0"
"POINT (11.539176561000000 48.116843285000101)","Unfall 213158 (2022) Kat:3, Licht: 0","213158","3","4","6","05","14","2","","0","1","0","1","0"
"POINT (11.531606041000000 48.156360648000003)","Unfall 213169 (2022) Kat:3, Licht: 0","213169","3","6","4","05","16","2","","0","1","0","0","0"
"POINT (11.594606444000000 48.164560354000102)","Unfall 213181 (2022) Kat:3, Licht: 0","213181","3","2","5","05","12","6","","0","1","0","0","0"
"POINT (11.543213120000100 48.150415029999998)","Unfall 213187 (2022) Kat:3, Licht: 0","213187","3","3","5","05","11","4","","0","1","1","0","0"
"POINT (11.575380127000100 48.155144430000099)","Unfall 213196 (2022) Kat:3, Licht: 0","213196","3","7","0","05","18","3","","0","1","0","0","0"
"POINT (11.565025736999999 48.107888295000102)","Unfall 213200 (2022) Kat:3, Licht: 0","213200","3","6","2","05","13","5","","0","0","1","0","0"
"POINT (11.575807684999999 48.131974583000002)","Unfall 213204 (2022) Kat:3, Licht: 0","213204","3","6","2","05","19","3","","0","0","1","0","0"
"POINT (11.566667844000101 48.133279649000002)","Unfall 213225 (2022) Kat:3, Licht: 0","213225","3","3","5","05","20","7","","0","0","0","0","1"
"POINT (11.548456076000001 48.186170731000097)","Unfall 213228 (2022) Kat:3, Licht: 0","213228","3","6","2","05","18","6","","0","0","1","0","0"
"POINT (11.580012218000000 48.127315959999997)","Unfall 213230 (2022) Kat:3, Licht: 0","213230","3","3","5","05","09","5","","0","1","1","0","0"
"POINT (11.586481668999999 48.162603312000002)","Unfall 213231 (2022) Kat:3, Licht: 0","213231","3","6","4","05","20","4","","0","1","0","0","0"
"POINT (11.573003770000099 48.173740162999998)","Unfall 213233 (2022) Kat:3, Licht: 0","213233","3","2","5","05","15","3","","0","1","1","0","0"
"POINT (11.548223559000100 48.135854713000100)","Unfall 213240 (2022) Kat:3, Licht: 0","213240","3","3","5","05","14","4","","0","1","0","0","0"
"POINT (11.496452079000100 48.127194705000100)","Unfall 213244 (2022) Kat:3, Licht: 0","213244","3","1","0","05","08","3","","0","1","0","0","0"
"POINT (11.511100882000100 48.161728908000001)","Unfall 213248 (2022) Kat:1, Licht: 2","213248","1","7","8","05","01","5","","2","0","0","0","1"
"POINT (11.614009454000000 48.136738722000104)","Unfall 213252 (2022) Kat:3, Licht: 0","213252","3","4","6","05","18","3","","0","0","0","1","0"
"POINT (11.569228333000099 48.121767478999999)","Unfall 213259 (2022) Kat:3, Licht: 0","213259","3","2","0","05","17","2","","0","1","1","0","0"
"POINT (11.577776736000001 48.139524105000099)","Unfall 213262 (2022) Kat:3, Licht: 0","213262","3","4","6","05","16","2","","0","1","0","1","0"
"POINT (11.571420445000101 48.121097112000001)","Unfall 213271 (2022) Kat:3, Licht: 1","213271","3","3","5","05","20","6","","1","0","1","0","0"
"POINT (11.566623736000100 48.145409024000102)","Unfall 213276 (2022) Kat:3, Licht: 0","213276","3","2","3","05","08","3","","0","1","1","0","0"
"POINT (11.574863725000100 48.158831317000100)","Unfall 213291 (2022) Kat:3, Licht: 0","213291","3","1","1","05","10","7","","0","1","1","0","0"
"POINT (11.531354458000100 48.146896714000000)","Unfall 213298 (2022) Kat:3, Licht: 0","213298","3","2","5","05","07","4","","0","0","1","0","0"
"POINT (11.567908570000000 48.132598179000098)","Unfall 213301 (2022) Kat:3, Licht: 0","213301","3","1","0","05","14","7","","0","0","0","0","1"
"POINT (11.557546901000000 48.213142599000001)","Unfall 213304 (2022) Kat:3, Licht: 0","213304","3","2","2","05","11","6","","0","0","1","0","0"
"POINT (11.504588073000001 48.147072784999999)","Unfall 213305 (2022) Kat:3, Licht: 0","213305","3","6","3","05","18","5","","0","1","1","0","0"
"POINT (11.585064466000100 48.133987917000098)","Unfall 213310 (2022) Kat:3, Licht: 0","213310","3","5","1","05","17","3","","0","1","1","0","0"
"POINT (11.569491620000100 48.145194443000001)","Unfall 213313 (2022) Kat:3, Licht: 2","213313","3","7","0","05","00","6","","2","0","0","0","0"
"POINT (11.553591330000099 48.112275972000099)","Unfall 213318 (2022) Kat:3, Licht: 2","213318","3","2","4","05","20","3","","2","0","1","0","0"
"POINT (11.548524098000000 48.122148457000002)","Unfall 213326 (2022) Kat:3, Licht: 0","213326","3","2","1","05","15","2","","0","0","1","0","0"
"POINT (11.586114769000099 48.131775027000103)","Unfall 213332 (2022) Kat:3, Licht: 0","213332","3","7","0","05","07","4","","0","1","0","0","0"
"POINT (11.566530827000101 48.145312907000097)","Unfall 213333 (2022) Kat:3, Licht: 0","213333","3","5","0","05","17","2","","0","1","1","0","0"
"POINT (11.520972271000099 48.177426942000103)","Unfall 213343 (2022) Kat:3, Licht: 0","213343","3","2","4","05","12","4","","0","0","1","0","1"
"POINT (11.473687873000101 48.115456387999998)","Unfall 213346 (2022) Kat:3, Licht: 0","213346","3","3","5","05","18","2","","0","1","0","0","0"
"POINT (11.458249637000099 48.153191679000003)","Unfall 213347 (2022) Kat:3, Licht: 0","213347","3","3","5","05","16","6","","0","1","1","0","0"
"POINT (11.546324406000100 48.081032239000102)","Unfall 213348 (2022) Kat:2, Licht: 0","213348","2","5","1","05","11","7","","0","1","1","0","0"
"POINT (11.546503080000001 48.134549466000102)","Unfall 213351 (2022) Kat:2, Licht: 0","213351","2","7","2","05","05","6","","0","0","1","0","1"
"POINT (11.613125520000001 48.123873822000100)","Unfall 213352 (2022) Kat:3, Licht: 0","213352","3","1","0","05","09","5","","0","0","0","0","1"
"POINT (11.518171419000099 48.139630022000098)","Unfall 213354 (2022) Kat:3, Licht: 2","213354","3","7","0","05","02","1","","2","1","0","0","0"
"POINT (11.523892359000101 48.181907750999997)","Unfall 213357 (2022) Kat:3, Licht: 0","213357","3","3","5","05","08","3","","0","1","1","0","0"
"POINT (11.606000439000100 48.102560680000103)","Unfall 213360 (2022) Kat:3, Licht: 0","213360","3","3","5","05","07","6","","0","1","1","0","0"
"POINT (11.409908569000001 48.136685641000000)","Unfall 213372 (2022) Kat:3, Licht: 0","213372","3","2","5","05","15","7","","0","0","1","0","0"
"POINT (11.604254038000001 48.107966832999999)","Unfall 213380 (2022) Kat:3, Licht: 0","213380","3","3","5","05","07","3","","0","1","1","0","0"
"POINT (11.496412870000000 48.139814270000002)","Unfall 213386 (2022) Kat:3, Licht: 0","213386","3","1","0","05","12","5","","0","1","0","0","0"
"POINT (11.602657634000000 48.120056541000103)","Unfall 213391 (2022) Kat:3, Licht: 0","213391","3","2","4","05","09","3","","0","1","1","0","0"
"POINT (11.558637439000099 48.137502992000101)","Unfall 213397 (2022) Kat:3, Licht: 0","213397","3","4","6","05","16","7","","0","0","1","1","0"
"POINT (11.670633394999999 48.135069905000101)","Unfall 213399 (2022) Kat:3, Licht: 0","213399","3","1","8","05","17","1","","0","0","1","0","0"
"POINT (11.551496372000001 48.115703455000101)","Unfall 213410 (2022) Kat:3, Licht: 0","213410","3","7","0","05","07","2","","0","1","0","0","0"
"POINT (11.564003405000101 48.148667015000100)","Unfall 213422 (2022) Kat:3, Licht: 1","213422","3","3","5","05","05","6","","1","1","1","0","0"
"POINT (11.458721791000100 48.149466969999999)","Unfall 213425 (2022) Kat:3, Licht: 0","213425","3","7","0","05","09","4","","0","0","0","0","1"
"POINT (11.572086476000001 48.167308590000097)","Unfall 213427 (2022) Kat:3, Licht: 2","213427","3","5","1","05","21","3","","2","1","1","0","0"
"POINT (11.562152282000101 48.213469904000100)","Unfall 213428 (2022) Kat:3, Licht: 2","213428","3","3","5","05","02","4","","2","0","1","0","0"
"POINT (11.531330624000100 48.183847309999997)","Unfall 213434 (2022) Kat:2, Licht: 2","213434","2","7","2","05","21","5","","2","0","1","0","1"
"POINT (11.482148547000101 48.164035183000102)","Unfall 213439 (2022) Kat:3, Licht: 0","213439","3","6","2","05","18","3","","0","0","1","0","0"
"POINT (11.579913770000100 48.157951498999999)","Unfall 213441 (2022) Kat:3, Licht: 0","213441","3","6","2","05","18","5","","0","0","1","0","0"
"POINT (11.529466885000000 48.100990555000102)","Unfall 213445 (2022) Kat:3, Licht: 0","213445","3","3","5","05","19","2","","0","0","1","0","0"
"POINT (11.572499679000000 48.187457109999997)","Unfall 213446 (2022) Kat:2, Licht: 2","213446","2","6","4","05","23","3","","2","1","0","0","0"
"POINT (11.587608209000100 48.143253995000101)","Unfall 213451 (2022) Kat:3, Licht: 0","213451","3","2","4","05","17","4","","0","1","0","0","0"
"POINT (11.532716161000099 48.185468121000000)","Unfall 213453 (2022) Kat:3, Licht: 0","213453","3","6","3","05","16","2","","0","0","1","0","0"
"POINT (11.560329763000000 48.147200716000000)","Unfall 213454 (2022) Kat:3, Licht: 0","213454","3","6","3","05","14","7","","0","1","0","0","0"
"POINT (11.583419469000001 48.143720771000098)","Unfall 213457 (2022) Kat:3, Licht: 0","213457","3","7","0","05","18","6","","0","1","0","0","0"
"POINT (11.564246820000101 48.128112352000102)","Unfall 213458 (2022) Kat:3, Licht: 0","213458","3","3","0","05","13","2","","0","1","0","0","0"
"POINT (11.556180087000000 48.213281896000098)","Unfall 213459 (2022) Kat:2, Licht: 0","213459","2","7","0","05","12","3","","0","1","0","0","0"
"POINT (11.523820990000001 48.161426490000103)","Unfall 213467 (2022) Kat:3, Licht: 0","213467","3","2","5","05","16","2","","0","1","1","0","0"
"POINT (11.540459043000100 48.118431991000101)","Unfall 213471 (2022) Kat:3, Licht: 0","213471","3","2","6","05","13","6","","0","0","1","1","0"
"POINT (11.599730681000000 48.148811426000101)","Unfall 213474 (2022) Kat:3, Licht: 0","213474","3","6","1","05","13","4","","0","0","1","0","0"
"POINT (11.626567036000001 48.126107079000100)","Unfall 213476 (2022) Kat:3, Licht: 0","213476","3","3","5","05","07","3","","0","1","1","0","0"
"POINT (11.584411795999999 48.131946469000098)","Unfall 213477 (2022) Kat:3, Licht: 2","213477","3","6","4","05","20","4","","2","0","1","0","0"
"POINT (11.558573974000099 48.134517077000098)","Unfall 213481 (2022) Kat:3, Licht: 0","213481","3","7","4","05","13","6","","0","0","1","0","1"
"POINT (11.510714317000099 48.138812098000102)","Unfall 213493 (2022) Kat:3, Licht: 0","213493","3","7","0","05","13","7","","0","1","1","0","0"
"POINT (11.467932205000100 48.164765467999999)","Unfall 213499 (2022) Kat:3, Licht: 0","213499","3","6","2","05","11","4","","0","0","1","0","0"
"POINT (11.637273795000100 48.153098671000102)","Unfall 213502 (2022) Kat:3, Licht: 0","213502","3","3","5","05","14","7","","0","1","0","0","0"
"POINT (11.503128003000000 48.138581096999999)","Unfall 213505 (2022) Kat:3, Licht: 0","213505","3","7","0","05","12","6","","0","0","1","0","1"
"POINT (11.556446945000101 48.214003386000101)","Unfall 213506 (2022) Kat:3, Licht: 0","213506","3","6","2","05","11","5","","0","0","1","0","1"
"POINT (11.556073125000101 48.186382050000098)","Unfall 213512 (2022) Kat:3, Licht: 0","213512","3","2","3","05","11","3","","0","1","1","0","0"
"POINT (11.556662362000100 48.147925098000002)","Unfall 213518 (2022) Kat:3, Licht: 0","213518","3","2","5","05","09","2","","0","1","1","0","0"
"POINT (11.502833847000000 48.124966557000100)","Unfall 213519 (2022) Kat:3, Licht: 0","213519","3","6","3","05","09","3","","0","0","1","0","1"
"POINT (11.526157424000100 48.187463880000102)","Unfall 213529 (2022) Kat:3, Licht: 0","213529","3","6","6","05","18","6","","0","0","1","1","0"
"POINT (11.634160001000099 48.172061825000100)","Unfall 213533 (2022) Kat:3, Licht: 0","213533","3","7","1","05","10","2","","0","0","1","0","0"
"POINT (11.586484004000100 48.162645544999997)","Unfall 213535 (2022) Kat:3, Licht: 0","213535","3","1","0","05","07","3","","0","0","0","0","0"
"POINT (11.671801646000100 48.126367237000103)","Unfall 213545 (2022) Kat:3, Licht: 2","213545","3","7","0","05","22","4","","2","1","0","0","0"
"POINT (11.574862116000100 48.158850174000101)","Unfall 213547 (2022) Kat:3, Licht: 0","213547","3","1","0","05","15","4","","0","1","0","0","0"
"POINT (11.636253391000000 48.140204447000002)","Unfall 213548 (2022) Kat:3, Licht: 0","213548","3","6","0","05","16","2","","0","1","0","0","0"
"POINT (11.553015702000000 48.148575483000101)","Unfall 213550 (2022) Kat:3, Licht: 0","213550","3","3","5","05","11","5","","0","1","1","0","0"
"POINT (11.536451439000100 48.150891823999999)","Unfall 213551 (2022) Kat:3, Licht: 0","213551","3","3","5","05","13","6","","0","1","1","0","0"
"POINT (11.576768189000100 48.163631687000098)","Unfall 213552 (2022) Kat:3, Licht: 0","213552","3","5","0","05","07","5","","0","1","1","0","0"
"POINT (11.547406582000100 48.139249458000101)","Unfall 213560 (2022) Kat:3, Licht: 0","213560","3","6","2","05","18","6","","0","0","1","0","0"
"POINT (11.585323819000100 48.129413782000000)","Unfall 213561 (2022) Kat:3, Licht: 0","213561","3","6","4","05","08","5","","0","1","0","0","0"
"POINT (11.507393412000100 48.075920672999999)","Unfall 213566 (2022) Kat:3, Licht: 0","213566","3","2","4","05","12","3","","0","1","1","0","0"
"POINT (11.560752516000001 48.173753042000001)","Unfall 213573 (2022) Kat:3, Licht: 0","213573","3","7","1","05","14","7","","0","1","1","0","0"
"POINT (11.498337474000000 48.096917221000098)","Unfall 213579 (2022) Kat:3, Licht: 0","213579","3","3","5","05","19","4","","0","0","1","0","0"
"POINT (11.480005485000000 48.137761510000097)","Unfall 213585 (2022) Kat:3, Licht: 0","213585","3","4","6","05","10","7","","0","0","1","1","0"
"POINT (11.597923384000101 48.135611539000102)","Unfall 213591 (2022) Kat:3, Licht: 0","213591","3","2","5","05","16","4","","0","0","0","0","1"
"POINT (11.469294600000101 48.182339942000098)","Unfall 213594 (2022) Kat:3, Licht: 0","213594","3","6","6","05","08","4","","0","0","1","1","0"
"POINT (11.602291148000100 48.115316585000102)","Unfall 213598 (2022) Kat:3, Licht: 0","213598","3","6","3","05","16","5","","0","0","1","0","1"
"POINT (11.560517195999999 48.160351061000000)","Unfall 213603 (2022) Kat:3, Licht: 0","213603","3","3","5","05","09","3","","0","1","0","0","0"
"POINT (11.574726530000000 48.134790157000097)","Unfall 213606 (2022) Kat:3, Licht: 2","213606","3","1","8","05","02","5","","2","1","1","0","0"
"POINT (11.595233612000101 48.109110815000101)","Unfall 213610 (2022) Kat:3, Licht: 0","213610","3","7","2","05","19","2","","0","0","1","0","0"
"POINT (11.560060153000100 48.151085004000002)","Unfall 213612 (2022) Kat:3, Licht: 2","213612","3","5","1","05","20","3","","2","1","1","0","0"
"POINT (11.569189102000101 48.154896718000003)","Unfall 213626 (2022) Kat:2, Licht: 2","213626","2","7","0","05","03","1","","2","0","0","0","0"
"POINT (11.477345284000000 48.109052188000099)","Unfall 213627 (2022) Kat:3, Licht: 1","213627","3","7","0","05","19","3","","1","1","1","0","0"
"POINT (11.557736690000100 48.145243733000001)","Unfall 213635 (2022) Kat:3, Licht: 0","213635","3","6","2","05","17","4","","0","1","0","0","0"
"POINT (11.554488813000001 48.219262242000099)","Unfall 213647 (2022) Kat:3, Licht: 0","213647","3","3","5","05","18","5","","0","0","1","0","0"
"POINT (11.448461598000099 48.146177889000100)","Unfall 213652 (2022) Kat:3, Licht: 0","213652","3","3","5","05","15","3","","0","1","1","0","0"
"POINT (11.671290690999999 48.109516532999997)","Unfall 213659 (2022) Kat:3, Licht: 0","213659","3","3","5","05","16","2","","0","0","1","0","1"
"POINT (11.602670590000100 48.115902196000000)","Unfall 213669 (2022) Kat:3, Licht: 0","213669","3","6","2","05","13","2","","0","0","1","0","1"
"POINT (11.585462248000100 48.175265685000099)","Unfall 213670 (2022) Kat:3, Licht: 2","213670","3","6","2","05","23","7","","2","0","1","0","0"
"POINT (11.689297959999999 48.133431778999999)","Unfall 213676 (2022) Kat:3, Licht: 0","213676","3","7","0","05","19","4","","0","0","0","0","0"
"POINT (11.577468080000100 48.160145194999998)","Unfall 213692 (2022) Kat:3, Licht: 0","213692","3","2","6","05","17","5","","0","1","0","1","0"
"POINT (11.595251356000100 48.109064325000098)","Unfall 213701 (2022) Kat:3, Licht: 0","213701","3","6","3","05","15","4","","0","0","1","0","1"
"POINT (11.560236415000100 48.144922799000000)","Unfall 213703 (2022) Kat:3, Licht: 0","213703","3","1","0","05","11","4","","0","1","0","0","0"
"POINT (11.584556607000000 48.157219801000103)","Unfall 213704 (2022) Kat:3, Licht: 0","213704","3","2","5","05","17","5","","0","1","1","0","0"
"POINT (11.560266830000000 48.142545464000101)","Unfall 213713 (2022) Kat:3, Licht: 0","213713","3","3","5","05","18","4","","0","0","1","0","0"
"POINT (11.502202325000001 48.109070297000102)","Unfall 213716 (2022) Kat:3, Licht: 0","213716","3","3","5","05","15","2","","0","1","1","0","0"
"POINT (11.599740097000099 48.140037457000098)","Unfall 213719 (2022) Kat:2, Licht: 0","213719","2","2","0","05","07","2","","0","0","1","0","1"
"POINT (11.519392956000001 48.181832601000103)","Unfall 213730 (2022) Kat:3, Licht: 0","213730","3","1","1","05","14","6","","0","1","1","0","0"
"POINT (11.580511518000000 48.148987202000100)","Unfall 213741 (2022) Kat:3, Licht: 0","213741","3","2","5","05","09","7","","0","1","1","0","0"
"POINT (11.539835564000001 48.115316918000097)","Unfall 213744 (2022) Kat:3, Licht: 0","213744","3","2","5","05","11","6","","0","1","1","0","0"
"POINT (11.549034675000000 48.143568553000101)","Unfall 213750 (2022) Kat:3, Licht: 2","213750","3","7","6","05","21","2","","2","0","1","1","0"
"POINT (11.549025005000001 48.143570856000103)","Unfall 213753 (2022) Kat:3, Licht: 0","213753","3","4","6","05","17","5","","0","1","0","1","0"
"POINT (11.550276335000000 48.168272387000101)","Unfall 213758 (2022) Kat:3, Licht: 0","213758","3","6","4","05","08","3","","0","1","0","0","0"
"POINT (11.502312173000099 48.118396353999998)","Unfall 213765 (2022) Kat:3, Licht: 2","213765","3","3","5","05","22","7","","2","1","1","0","0"
"POINT (11.551985634000101 48.135223705000001)","Unfall 213768 (2022) Kat:3, Licht: 2","213768","3","4","6","05","23","6","","2","0","1","1","0"
"POINT (11.503122762000000 48.089830698000100)","Unfall 213769 (2022) Kat:3, Licht: 0","213769","3","2","5","05","17","5","","0","1","1","0","0"
"POINT (11.604726857999999 48.139806368000102)","Unfall 213795 (2022) Kat:2, Licht: 0","213795","2","6","2","05","17","4","","0","1","0","0","0"
"POINT (11.575724738000099 48.129545284000102)","Unfall 213797 (2022) Kat:3, Licht: 0","213797","3","4","6","05","18","3","","0","0","0","1","0"
"POINT (11.509353150000001 48.151620731999998)","Unfall 213801 (2022) Kat:3, Licht: 0","213801","3","6","4","05","19","5","","0","0","1","0","1"
"POINT (11.478436516000000 48.156133922999999)","Unfall 213814 (2022) Kat:3, Licht: 0","213814","3","7","0","05","08","3","","0","1","0","0","0"
"POINT (11.574577917000100 48.148163486000001)","Unfall 213824 (2022) Kat:3, Licht: 0","213824","3","2","3","05","11","3","","0","0","1","0","1"
"POINT (11.534816314000100 48.138759018000002)","Unfall 213834 (2022) Kat:3, Licht: 2","213834","3","6","2","05","21","6","","2","0","1","0","1"
"POINT (11.467167668000100 48.173694976000000)","Unfall 213837 (2022) Kat:3, Licht: 0","213837","3","7","0","05","10","4","","0","1","0","0","0"
"POINT (11.425209107000100 48.144173274000103)","Unfall 213845 (2022) Kat:3, Licht: 0","213845","3","1","1","05","16","5","","0","0","1","0","0"
"POINT (11.522560284000100 48.106723135999999)","Unfall 213846 (2022) Kat:3, Licht: 0","213846","3","6","0","05","17","5","","0","0","0","0","0"
"POINT (11.570504490000101 48.092903120000102)","Unfall 213851 (2022) Kat:3, Licht: 0","213851","3","1","1","05","19","3","","0","1","1","0","0"
"POINT (11.552818234000000 48.123757525000002)","Unfall 213853 (2022) Kat:3, Licht: 0","213853","3","2","5","05","09","5","","0","1","1","0","0"