WKT,Name,OBJECTID,UKATEGORIE,UTYP1,UART,UMONAT,USTUNDE,UWOCHENTAG,STRZUSTAND,ULICHTVERH,ISTRAD,ISTPKW,ISTFUSS,ISTKRAD
"POINT (11.585581436000000 48.155181298999999)","Unfall 213855 (2022) Kat:3, Licht: 0","213855","3","1","0","05","09","7","","0","0","0","0","1"
"POINT (11.562173377000001 48.143255093000100)","Unfall 213856 (2022) Kat:3, Licht: 0","213856","3","7","0","05","17","2","","0","1","0","0","0"
"POINT (11.537350415000001 48.151671884000102)","Unfall 213862 (2022) Kat:3, Licht: 0","213862","3","2","5","05","08","4","","0","1","1","0","0"
"POINT (11.504328328000000 48.085641678999998)","Unfall 213864 (2022) Kat:3, Licht: 0","213864","3","3","5","05","16","2","","0","1","1","0","0"
"POINT (11.508119348999999 48.152871464000000)","Unfall 213866 (2022) Kat:3, Licht: 0","213866","3","2","4","05","10","7","","0","0","1","0","1"
"POINT (11.578715520999999 48.133788950000103)","Unfall 213869 (2022) Kat:3, Licht: 0","213869","3","4","0","05","18","6","","0","0","0","1","1"
"POINT (11.565581418000001 48.153196071000103)","Unfall 213877 (2022) Kat:3, Licht: 0","213877","3","7","4","05","17","6","","0","0","1","1","0"
"POINT (11.606922947999999 48.203133191000099)","Unfall 213884 (2022) Kat:3, Licht: 0","213884","3","3","5","05","15","5","","0","1","1","0","0"
"POINT (11.662900658000099 48.120399312000103)","Unfall 213885 (2022) Kat:3, Licht: 0","213885","3","1","0","05","09","4","","0","1","0","0","0"
"POINT (11.569470396000000 48.149644277999997)","Unfall 213886 (2022) Kat:3, Licht: 2","213886","3","7","0","05","02","1","","2","0","0","0","0"
"POINT (11.549594388000100 48.080716751000097)","Unfall 213888 (2022) Kat:3, Licht: 0","213888","3","1","0","05","08","4","","0","1","1","0","0"
"POINT (11.578505570000100 48.144236722000102)","Unfall 213895 (2022) Kat:3, Licht: 1","213895","3","7","1","05","20","4","","1","1","1","0","0"
"POINT (11.474501038000000 48.170791223999998)","Unfall 213899 (2022) Kat:1, Licht: 0","213899","1","1","0","05","16","3","","0","1","0","0","0"
"POINT (11.558219890000000 48.143256463000100)","Unfall 213903 (2022) Kat:3, Licht: 2","213903","3","7","1","05","22","7","","2","0","1","0","0"
"POINT (11.629220734000100 48.153533578000101)","Unfall 213904 (2022) Kat:3, Licht: 0","213904","3","4","0","05","12","2","","0","0","0","1","0"
"POINT (11.639844627000100 48.145596044999998)","Unfall 213910 (2022) Kat:3, Licht: 0","213910","3","3","5","05","13","4","","0","1","1","0","0"
"POINT (11.617078712000000 48.137991257000103)","Unfall 213911 (2022) Kat:3, Licht: 0","213911","3","2","4","05","08","4","","0","1","1","0","0"
"POINT (11.627889481000100 48.087331231000100)","Unfall 213917 (2022) Kat:3, Licht: 0","213917","3","1","1","05","19","5","","0","1","1","0","0"
"POINT (11.634534442000099 48.175455069000101)","Unfall 213922 (2022) Kat:3, Licht: 2","213922","3","7","8","05","04","3","","2","0","1","0","0"
"POINT (11.502307789000000 48.139703284000099)","Unfall 213925 (2022) Kat:3, Licht: 2","213925","3","2","4","05","21","6","","2","0","1","0","0"
"POINT (11.665145252000100 48.102211347000001)","Unfall 213930 (2022) Kat:3, Licht: 0","213930","3","3","5","05","07","3","","0","1","1","0","0"
"POINT (11.591196567000100 48.187927737000102)","Unfall 213935 (2022) Kat:2, Licht: 2","213935","2","4","6","05","21","7","","2","0","1","1","0"
"POINT (11.608729522000001 48.121028723000101)","Unfall 213955 (2022) Kat:2, Licht: 0","213955","2","3","5","05","12","4","","0","1","1","0","0"
"POINT (11.488399340000100 48.164096342999997)","Unfall 213958 (2022) Kat:3, Licht: 0","213958","3","3","5","05","14","6","","0","0","1","0","0"
"POINT (11.578212153000001 48.111993890000100)","Unfall 213965 (2022) Kat:3, Licht: 0","213965","3","1","0","05","17","1","","0","1","0","0","0"
"POINT (11.585329206000001 48.159110702000099)","Unfall 213971 (2022) Kat:3, Licht: 0","213971","3","1","0","05","10","4","","0","0","0","0","0"
"POINT (11.602937044000001 48.140033076000101)","Unfall 213973 (2022) Kat:3, Licht: 0","213973","3","2","4","05","13","1","","0","1","1","0","0"
"POINT (11.435665223000100 48.150826813999998)","Unfall 213974 (2022) Kat:3, Licht: 0","213974","3","7","0","05","15","4","","0","1","0","0","0"
"POINT (11.609384685000100 48.128810773000097)","Unfall 213978 (2022) Kat:2, Licht: 0","213978","2","1","0","05","11","2","","0","0","0","0","0"
"POINT (11.512406765000000 48.080261751000101)","Unfall 213984 (2022) Kat:3, Licht: 0","213984","3","6","4","05","17","2","","0","1","1","0","0"
"POINT (11.407425573000101 48.177919482999997)","Unfall 213988 (2022) Kat:3, Licht: 0","213988","3","3","5","05","06","3","","0","1","1","0","0"
"POINT (11.645451057000100 48.114857422000100)","Unfall 214000 (2022) Kat:3, Licht: 2","214000","3","1","1","05","23","1","","2","1","1","0","0"
"POINT (11.548487522000100 48.124130552000103)","Unfall 214003 (2022) Kat:3, Licht: 0","214003","3","7","0","05","16","5","","0","1","0","0","0"
"POINT (11.521221227000099 48.090559247000002)","Unfall 214008 (2022) Kat:3, Licht: 0","214008","3","2","5","05","16","6","","0","1","1","0","0"
"POINT (11.586164376000101 48.166880542000101)","Unfall 214009 (2022) Kat:3, Licht: 0","214009","3","6","3","05","18","7","","0","1","0","0","0"
"POINT (11.587593898000000 48.138004307000102)","Unfall 214010 (2022) Kat:3, Licht: 0","214010","3","7","0","05","16","5","","0","1","1","0","0"
"POINT (11.429791508999999 48.186667595000102)","Unfall 214037 (2022) Kat:3, Licht: 0","214037","3","3","5","05","14","3","","0","0","1","0","0"
"POINT (11.549480078000000 48.160499398000098)","Unfall 214038 (2022) Kat:3, Licht: 0","214038","3","7","3","05","16","5","","0","0","1","0","0"
"POINT (11.510014006000100 48.181151360999998)","Unfall 214040 (2022) Kat:3, Licht: 0","214040","3","1","0","05","13","4","","0","1","0","0","0"
"POINT (11.487208852000000 48.179408029999998)","Unfall 214041 (2022) Kat:3, Licht: 0","214041","3","3","5","05","10","1","","0","1","1","0","0"
"POINT (11.687838778000099 48.133057956000101)","Unfall 214045 (2022) Kat:3, Licht: 0","214045","3","7","0","05","08","2","","0","1","0","0","0"
"POINT (11.540385598000100 48.118005540000098)","Unfall 214047 (2022) Kat:2, Licht: 2","214047","2","6","1","05","22","6","","2","0","1","0","1"
"POINT (11.586530738000000 48.163456333000099)","Unfall 214049 (2022) Kat:3, Licht: 0","214049","3","1","0","05","09","3","","0","0","0","0","1"
"POINT (11.615506451000000 48.113565645000101)","Unfall 214069 (2022) Kat:3, Licht: 0","214069","3","5","3","05","08","3","","0","1","1","0","0"
"POINT (11.478779987999999 48.122305806999996)","Unfall 214082 (2022) Kat:3, Licht: 0","214082","3","2","5","05","07","2","","0","1","1","0","0"
"POINT (11.557660283000100 48.143451185000103)","Unfall 214090 (2022) Kat:3, Licht: 0","214090","3","1","0","05","15","3","","0","1","0","0","0"
"POINT (11.539352188000100 48.151358184999999)","Unfall 214091 (2022) Kat:3, Licht: 0","214091","3","3","5","05","19","4","","0","1","1","0","0"
"POINT (11.548913860000001 48.143935188000100)","Unfall 214093 (2022) Kat:3, Licht: 0","214093","3","6","3","05","16","2","","0","1","1","0","0"
"POINT (11.578506957000100 48.150378353000100)","Unfall 214096 (2022) Kat:3, Licht: 0","214096","3","7","6","05","13","7","","0","0","1","1","0"
"POINT (11.558584238000000 48.137421544000098)","Unfall 214098 (2022) Kat:3, Licht: 2","214098","3","2","5","05","00","1","","2","0","1","0","0"
"POINT (11.495535317000099 48.141998455000099)","Unfall 214115 (2022) Kat:3, Licht: 0","214115","3","5","1","05","08","6","","0","1","1","0","0"
"POINT (11.480334391000000 48.089944052000099)","Unfall 214118 (2022) Kat:3, Licht: 0","214118","3","1","7","05","13","7","","0","1","0","0","0"
"POINT (11.543509395000100 48.214867406000103)","Unfall 214119 (2022) Kat:3, Licht: 0","214119","3","6","2","05","17","5","","0","0","0","0","1"
"POINT (11.585845523000000 48.110439829000001)","Unfall 214122 (2022) Kat:3, Licht: 0","214122","3","3","5","05","15","1","","0","0","1","0","0"
"POINT (11.508644231000099 48.094407890000099)","Unfall 214132 (2022) Kat:3, Licht: 0","214132","3","3","5","05","14","2","","0","0","1","0","0"
"POINT (11.542598307000000 48.125847368000102)","Unfall 214135 (2022) Kat:3, Licht: 0","214135","3","6","1","05","15","5","","0","0","1","0","0"
"POINT (11.669204711000100 48.111103933000003)","Unfall 214138 (2022) Kat:3, Licht: 0","214138","3","3","5","05","10","4","","0","0","1","0","0"
"POINT (11.609477013999999 48.150946488000002)","Unfall 214140 (2022) Kat:3, Licht: 0","214140","3","2","3","05","14","3","","0","1","1","0","0"
"POINT (11.423899658000000 48.174191162000099)","Unfall 214145 (2022) Kat:3, Licht: 1","214145","3","6","1","05","20","6","","1","0","1","0","0"
"POINT (11.577772801000000 48.143004535999999)","Unfall 214146 (2022) Kat:3, Licht: 0","214146","3","7","0","05","17","7","","0","0","0","0","0"
"POINT (11.513720920000001 48.096882829000002)","Unfall 214149 (2022) Kat:2, Licht: 1","214149","2","4","6","05","04","1","","1","0","1","1","0"
"POINT (11.597734248000100 48.134106221000103)","Unfall 214154 (2022) Kat:3, Licht: 0","214154","3","1","0","05","17","3","","0","1","0","0","0"
"POINT (11.457946388000000 48.153010846000001)","Unfall 214162 (2022) Kat:3, Licht: 0","214162","3","7","0","05","08","5","","0","0","0","0","0"
"POINT (11.623944283000100 48.166817622000103)","Unfall 214168 (2022) Kat:3, Licht: 0","214168","3","6","2","05","14","7","","0","1","0","0","0"
"POINT (11.569313874000001 48.140902691000100)","Unfall 214177 (2022) Kat:3, Licht: 0","214177","3","2","5","05","08","2","","0","1","1","0","0"
"POINT (11.662552356999999 48.110703408000099)","Unfall 214180 (2022) Kat:3, Licht: 0","214180","3","3","5","05","14","1","","0","0","1","0","0"
"POINT (11.663440635000001 48.079028159000103)","Unfall 214186 (2022) Kat:3, Licht: 0","214186","3","4","6","05","15","4","","0","0","1","1","0"
"POINT (11.622643654999999 48.100900052999997)","Unfall 214202 (2022) Kat:3, Licht: 0","214202","3","7","2","05","18","2","","0","0","1","0","0"
"POINT (11.659117082000000 48.111895167000100)","Unfall 214205 (2022) Kat:3, Licht: 1","214205","3","3","5","05","20","4","","1","0","1","0","0"
"POINT (11.496856428999999 48.176902240000103)","Unfall 214213 (2022) Kat:3, Licht: 0","214213","3","3","5","05","07","6","","0","1","1","0","0"
"POINT (11.599605577000000 48.130919493000100)","Unfall 214220 (2022) Kat:3, Licht: 0","214220","3","3","5","05","14","5","","0","1","1","0","0"
"POINT (11.574539509999999 48.107110503000101)","Unfall 214225 (2022) Kat:3, Licht: 1","214225","3","3","5","05","19","3","","1","1","1","0","0"
"POINT (11.548411421000001 48.120844098000099)","Unfall 214236 (2022) Kat:3, Licht: 0","214236","3","3","5","05","17","2","","0","0","1","0","0"
"POINT (11.549648027000000 48.119383826000004)","Unfall 214244 (2022) Kat:3, Licht: 0","214244","3","6","4","05","13","3","","0","1","0","0","0"
"POINT (11.610485192000100 48.185984749000099)","Unfall 214256 (2022) Kat:3, Licht: 0","214256","3","3","5","05","06","3","","0","1","1","0","0"
"POINT (11.591196567000100 48.187927737000102)","Unfall 214257 (2022) Kat:3, Licht: 0","214257","3","2","5","05","08","5","","0","1","1","0","0"
"POINT (11.516440493000101 48.069473839000104)","Unfall 214260 (2022) Kat:3, Licht: 0","214260","3","1","0","05","19","3","","0","1","0","0","0"
"POINT (11.534173222000000 48.110329524000100)","Unfall 214264 (2022) Kat:3, Licht: 0","214264","3","3","5","05","15","6","","0","0","1","0","0"
"POINT (11.649972148000099 48.108310594999999)","Unfall 214267 (2022) Kat:3, Licht: 0","214267","3","6","2","05","15","3","","0","0","1","0","0"
"POINT (11.510809861000000 48.170308297000098)","Unfall 214268 (2022) Kat:3, Licht: 0","214268","3","6","2","05","07","1","","0","0","1","0","0"
"POINT (11.544952589999999 48.127758480000097)","Unfall 214271 (2022) Kat:3, Licht: 0","214271","3","6","2","05","08","5","","0","0","1","0","1"
"POINT (11.531429285000099 48.208607977000000)","Unfall 214272 (2022) Kat:3, Licht: 0","214272","3","4","6","05","16","4","","0","0","1","1","0"
"POINT (11.478151428000000 48.113213228000099)","Unfall 214273 (2022) Kat:3, Licht: 0","214273","3","6","2","05","15","4","","0","1","0","0","0"
"POINT (11.628302645000099 48.147471171000099)","Unfall 214274 (2022) Kat:3, Licht: 0","214274","3","2","5","05","08","2","","0","1","1","0","0"
"POINT (11.524230207000100 48.197117960000099)","Unfall 214290 (2022) Kat:2, Licht: 0","214290","2","2","5","05","12","4","","0","1","1","0","0"
"POINT (11.505653389000001 48.094295692000102)","Unfall 214291 (2022) Kat:3, Licht: 0","214291","3","2","0","05","10","5","","0","1","1","0","0"
"POINT (11.549825281000000 48.138882504000001)","Unfall 214294 (2022) Kat:3, Licht: 0","214294","3","3","5","05","11","3","","0","1","1","0","0"
"POINT (11.535874933000100 48.186799171000096)","Unfall 214299 (2022) Kat:3, Licht: 0","214299","3","3","5","05","15","6","","0","0","1","0","0"
"POINT (11.540172072000100 48.117629246000000)","Unfall 214300 (2022) Kat:3, Licht: 0","214300","3","3","5","05","13","7","","0","1","1","0","0"
"POINT (11.583368592999999 48.154953128999999)","Unfall 214303 (2022) Kat:3, Licht: 0","214303","3","5","3","05","12","1","","0","1","1","0","0"
"POINT (11.502673785000100 48.143379521999996)","Unfall 214308 (2022) Kat:3, Licht: 0","214308","3","1","0","05","08","6","","0","1","0","0","0"
"POINT (11.466683164000100 48.152923278000102)","Unfall 214309 (2022) Kat:3, Licht: 0","214309","3","6","1","05","12","7","","0","0","1","0","0"
"POINT (11.575321103000000 48.147982200000101)","Unfall 214312 (2022) Kat:3, Licht: 2","214312","3","1","8","05","21","1","","2","1","0","0","0"
"POINT (11.588449001000100 48.115372489000002)","Unfall 214315 (2022) Kat:2, Licht: 0","214315","2","2","5","05","10","2","","0","0","1","0","1"
"POINT (11.560080175000101 48.130158555999998)","Unfall 214317 (2022) Kat:3, Licht: 0","214317","3","2","5","05","08","3","","0","1","1","0","0"
"POINT (11.594517127000101 48.128201199000003)","Unfall 214337 (2022) Kat:3, Licht: 0","214337","3","7","2","05","08","3","","0","0","1","0","0"
"POINT (11.567186589000100 48.140371647000102)","Unfall 214343 (2022) Kat:3, Licht: 0","214343","3","3","5","05","06","3","","0","1","1","0","0"
"POINT (11.462765105000100 48.170239187999996)","Unfall 214353 (2022) Kat:3, Licht: 0","214353","3","3","5","05","09","2","","0","1","1","0","0"
"POINT (11.686037543999999 48.121244514000097)","Unfall 214363 (2022) Kat:3, Licht: 0","214363","3","1","0","05","18","6","","0","1","0","0","0"
"POINT (11.593304493000099 48.128976213999998)","Unfall 214364 (2022) Kat:3, Licht: 0","214364","3","1","0","05","19","7","","0","1","0","0","0"
"POINT (11.614200406000100 48.128655692000102)","Unfall 214375 (2022) Kat:3, Licht: 0","214375","3","2","1","05","07","4","","0","1","1","0","0"
"POINT (11.462672795000101 48.151092538999997)","Unfall 214378 (2022) Kat:3, Licht: 0","214378","3","6","4","05","17","6","","0","1","1","0","0"
"POINT (11.512412013000100 48.181318509999997)","Unfall 214379 (2022) Kat:3, Licht: 0","214379","3","3","5","05","11","2","","0","0","1","0","0"
"POINT (11.525002274000000 48.201398562000101)","Unfall 214382 (2022) Kat:3, Licht: 0","214382","3","6","0","05","07","5","","0","1","0","0","0"
"POINT (11.575373506000100 48.143006905999997)","Unfall 214385 (2022) Kat:2, Licht: 2","214385","2","2","5","05","01","1","","2","0","1","0","0"
"POINT (11.598598422000100 48.141073248000097)","Unfall 214399 (2022) Kat:3, Licht: 0","214399","3","3","5","05","07","3","","0","1","1","0","0"
"POINT (11.505984915999999 48.154906321000098)","Unfall 214403 (2022) Kat:3, Licht: 0","214403","3","3","5","05","18","2","","0","1","0","0","0"
"POINT (11.584958254000099 48.158321036000103)","Unfall 214407 (2022) Kat:3, Licht: 0","214407","3","6","2","05","19","3","","0","0","1","0","1"
"POINT (11.566421628000100 48.137928584000100)","Unfall 214408 (2022) Kat:3, Licht: 0","214408","3","4","6","05","16","5","","0","1","0","1","0"
"POINT (11.545346568000101 48.119431804999998)","Unfall 214411 (2022) Kat:2, Licht: 0","214411","2","3","5","05","10","3","","0","1","1","0","0"
"POINT (11.504039734999999 48.172922268999997)","Unfall 214415 (2022) Kat:3, Licht: 0","214415","3","2","3","05","08","6","","0","1","1","0","0"
"POINT (11.607737534000000 48.130742943000001)","Unfall 214419 (2022) Kat:3, Licht: 0","214419","3","2","5","05","15","1","","0","1","1","0","0"
"POINT (11.537546291000099 48.139812003000003)","Unfall 214427 (2022) Kat:3, Licht: 0","214427","3","6","2","05","19","3","","0","0","1","0","0"
"POINT (11.625461327000000 48.148065125000102)","Unfall 214429 (2022) Kat:3, Licht: 0","214429","3","2","5","05","11","5","","0","1","1","0","0"
"POINT (11.661722418000100 48.079584050999998)","Unfall 214432 (2022) Kat:3, Licht: 0","214432","3","3","5","05","18","4","","0","1","1","0","0"
"POINT (11.556984703000101 48.143823570999999)","Unfall 214437 (2022) Kat:2, Licht: 0","214437","2","3","5","05","08","4","","0","1","1","0","0"
"POINT (11.694148583000100 48.131528332000101)","Unfall 214440 (2022) Kat:3, Licht: 0","214440","3","3","5","05","12","3","","0","0","1","0","0"
"POINT (11.511702026000000 48.181193049999997)","Unfall 214441 (2022) Kat:3, Licht: 0","214441","3","2","0","05","13","4","","0","1","0","0","0"
"POINT (11.618946566000000 48.195144284000001)","Unfall 214448 (2022) Kat:3, Licht: 0","214448","3","7","0","05","07","3","","0","1","0","1","0"
"POINT (11.465851429000100 48.147920038000102)","Unfall 214456 (2022) Kat:3, Licht: 0","214456","3","2","5","05","17","3","","0","1","1","0","0"
"POINT (11.543670156000100 48.162063337000099)","Unfall 214460 (2022) Kat:3, Licht: 0","214460","3","2","5","05","13","3","","0","1","1","0","0"
"POINT (11.557261921000100 48.156049668999998)","Unfall 214461 (2022) Kat:3, Licht: 0","214461","3","2","0","05","08","4","","0","1","1","0","0"
"POINT (11.564924785000100 48.152234801000098)","Unfall 214465 (2022) Kat:3, Licht: 0","214465","3","3","5","05","16","6","","0","1","1","0","0"
"POINT (11.527144995000100 48.169274369999997)","Unfall 214495 (2022) Kat:3, Licht: 0","214495","3","7","0","05","12","4","","0","1","0","0","0"
"POINT (11.417263510000099 48.156885427000098)","Unfall 214503 (2022) Kat:3, Licht: 0","214503","3","7","0","05","14","2","","0","1","0","0","0"
"POINT (11.497237780000001 48.120453471000097)","Unfall 214507 (2022) Kat:2, Licht: 0","214507","2","4","6","05","19","3","","0","0","1","1","0"
"POINT (11.424593435000100 48.141458792999998)","Unfall 214511 (2022) Kat:3, Licht: 0","214511","3","7","0","05","19","3","","0","1","0","0","0"
"POINT (11.566034086000100 48.187187472000097)","Unfall 214512 (2022) Kat:2, Licht: 0","214512","2","3","5","05","17","4","","0","0","1","0","0"
"POINT (11.503072287000100 48.141169246000103)","Unfall 214517 (2022) Kat:3, Licht: 0","214517","3","6","1","05","16","7","","0","1","1","0","0"
"POINT (11.556313851000001 48.195010137000097)","Unfall 214520 (2022) Kat:3, Licht: 0","214520","3","6","0","05","09","4","","0","1","1","0","0"
"POINT (11.568744739000101 48.161212671000001)","Unfall 214521 (2022) Kat:3, Licht: 0","214521","3","6","2","05","18","1","","0","0","1","0","1"
"POINT (11.556271557000100 48.142182931999997)","Unfall 214527 (2022) Kat:3, Licht: 2","214527","3","3","5","05","21","1","","2","1","1","0","0"
"POINT (11.523884589000000 48.136160624000098)","Unfall 214538 (2022) Kat:2, Licht: 0","214538","2","5","1","05","09","6","","0","1","1","0","0"
"POINT (11.582857528000000 48.153863297000001)","Unfall 214539 (2022) Kat:3, Licht: 0","214539","3","2","5","05","12","2","","0","1","0","0","0"
"POINT (11.619996201999999 48.103568613000000)","Unfall 214541 (2022) Kat:3, Licht: 0","214541","3","3","5","05","14","7","","0","0","1","0","1"
"POINT (11.580286356000000 48.160278519000002)","Unfall 214546 (2022) Kat:3, Licht: 0","214546","3","6","5","05","17","1","","0","1","1","0","0"
"POINT (11.565588005000100 48.135300493000003)","Unfall 214548 (2022) Kat:3, Licht: 1","214548","3","7","6","05","04","4","","1","0","1","1","0"
"POINT (11.665135562000000 48.121832333000000)","Unfall 214557 (2022) Kat:3, Licht: 0","214557","3","2","4","05","17","5","","0","0","1","0","0"
"POINT (11.559883453000101 48.150599722999999)","Unfall 214584 (2022) Kat:3, Licht: 0","214584","3","7","5","05","16","4","","0","1","1","0","0"
"POINT (11.603297206000001 48.160878017000101)","Unfall 214588 (2022) Kat:3, Licht: 0","214588","3","6","0","05","07","6","","0","1","0","0","0"
"POINT (11.616463542000099 48.148841758000103)","Unfall 214590 (2022) Kat:3, Licht: 0","214590","3","2","4","05","14","7","","0","1","1","0","0"
"POINT (11.587393884000100 48.161650817000101)","Unfall 214600 (2022) Kat:2, Licht: 0","214600","2","7","0","05","16","4","","0","1","0","0","0"
"POINT (11.566834985000099 48.133344921999999)","Unfall 214605 (2022) Kat:3, Licht: 0","214605","3","6","3","05","11","2","","0","1","1","0","0"
"POINT (11.631139230000000 48.169844200000099)","Unfall 214611 (2022) Kat:3, Licht: 0","214611","3","6","2","05","15","2","","0","0","1","0","1"
"POINT (11.546233896000000 48.111963654000100)","Unfall 214615 (2022) Kat:3, Licht: 0","214615","3","6","2","05","19","3","","0","0","1","0","0"
"POINT (11.537825240000100 48.165864151999997)","Unfall 214618 (2022) Kat:3, Licht: 0","214618","3","6","4","05","14","4","","0","1","0","0","0"
"POINT (11.617021706999999 48.114005308999999)","Unfall 214624 (2022) Kat:3, Licht: 0","214624","3","1","5","05","16","2","","0","1","1","0","0"
"POINT (11.449166874000101 48.162984436000002)","Unfall 214629 (2022) Kat:3, Licht: 0","214629","3","3","5","05","13","5","","0","1","0","0","0"
"POINT (11.495415714000000 48.201425432000100)","Unfall 214638 (2022) Kat:3, Licht: 0","214638","3","3","5","05","14","1","","0","1","0","0","0"
"POINT (11.562828439000000 48.186871121000102)","Unfall 214642 (2022) Kat:3, Licht: 0","214642","3","6","2","05","19","4","","0","0","1","0","0"
"POINT (11.648664938000000 48.098545948000002)","Unfall 214643 (2022) Kat:3, Licht: 0","214643","3","7","6","05","14","2","","0","1","0","1","0"
"POINT (11.510531378000101 48.169960661000097)","Unfall 214647 (2022) Kat:3, Licht: 0","214647","3","6","2","05","14","4","","0","0","1","0","1"
"POINT (11.612773066000001 48.124694445000003)","Unfall 214657 (2022) Kat:3, Licht: 1","214657","3","1","0","05","19","2","","1","1","0","0","0"
"POINT (11.552776937000001 48.139087330999999)","Unfall 214661 (2022) Kat:3, Licht: 2","214661","3","3","6","05","21","3","","2","0","0","1","0"
"POINT (11.555166179000000 48.144261034000102)","Unfall 214671 (2022) Kat:3, Licht: 2","214671","3","5","1","05","01","7","","2","1","0","0","0"
"POINT (11.554022132000100 48.154347968000103)","Unfall 214673 (2022) Kat:3, Licht: 0","214673","3","6","3","05","13","1","","0","1","0","0","0"
"POINT (11.584999047000100 48.139360566999997)","Unfall 214679 (2022) Kat:3, Licht: 0","214679","3","2","4","05","18","3","","0","1","1","0","0"
"POINT (11.630024615000000 48.173276294000097)","Unfall 214683 (2022) Kat:3, Licht: 0","214683","3","6","4","05","15","6","","0","1","1","0","0"
"POINT (11.529282349000001 48.132237249000099)","Unfall 214691 (2022) Kat:3, Licht: 0","214691","3","4","6","05","16","4","","0","1","0","1","0"
"POINT (11.573625095000100 48.151576802000100)","Unfall 214704 (2022) Kat:3, Licht: 0","214704","3","5","1","05","08","4","","0","1","1","0","0"
"POINT (11.572553106000001 48.189123326000100)","Unfall 214713 (2022) Kat:3, Licht: 0","214713","3","6","3","05","07","3","","0","0","1","0","1"
"POINT (11.581167416000000 48.187913599000098)","Unfall 214720 (2022) Kat:3, Licht: 0","214720","3","3","5","05","16","2","","0","1","1","0","0"
"POINT (11.613015764000099 48.120748456000101)","Unfall 214722 (2022) Kat:3, Licht: 0","214722","3","2","5","05","16","6","","0","1","1","0","0"
"POINT (11.658968597000101 48.103498356999999)","Unfall 214725 (2022) Kat:3, Licht: 0","214725","3","3","4","05","11","1","","0","0","1","0","0"
"POINT (11.570041477000100 48.111575879000000)","Unfall 214726 (2022) Kat:3, Licht: 0","214726","3","2","5","05","07","4","","0","1","0","0","0"
"POINT (11.411125557000000 48.134848014000099)","Unfall 214727 (2022) Kat:3, Licht: 0","214727","3","3","5","05","14","1","","0","0","1","0","0"
"POINT (11.552468994000000 48.148680666000097)","Unfall 214744 (2022) Kat:3, Licht: 0","214744","3","7","6","05","13","1","","0","1","0","1","0"
"POINT (11.566150746000099 48.133133950999998)","Unfall 214752 (2022) Kat:3, Licht: 0","214752","3","1","0","05","14","4","","0","0","0","0","1"
"POINT (11.465265468000000 48.146252265000001)","Unfall 214765 (2022) Kat:3, Licht: 0","214765","3","3","5","05","19","3","","0","0","1","0","0"
"POINT (11.455949022000000 48.139507461999997)","Unfall 214766 (2022) Kat:3, Licht: 1","214766","3","3","5","05","20","4","","1","0","1","0","1"
"POINT (11.548287677000101 48.100825065000002)","Unfall 214770 (2022) Kat:3, Licht: 0","214770","3","2","5","05","15","6","","0","0","1","0","0"
"POINT (11.566345120000101 48.136544811000100)","Unfall 214771 (2022) Kat:3, Licht: 0","214771","3","3","5","05","09","7","","0","0","1","0","0"
"POINT (11.552153648000100 48.186092636000097)","Unfall 214774 (2022) Kat:3, Licht: 0","214774","3","5","1","05","17","4","","0","0","1","0","1"
"POINT (11.581291049000100 48.138879449999997)","Unfall 214780 (2022) Kat:3, Licht: 0","214780","3","1","0","05","08","3","","0","1","0","0","0"
"POINT (11.608297265999999 48.092859368000099)","Unfall 214783 (2022) Kat:3, Licht: 0","214783","3","1","0","05","08","2","","0","1","0","0","0"
"POINT (11.576579900000100 48.143523778000002)","Unfall 214797 (2022) Kat:3, Licht: 2","214797","3","6","2","05","00","1","","2","0","1","0","0"
"POINT (11.531813711000000 48.156041377000101)","Unfall 214808 (2022) Kat:3, Licht: 0","214808","3","7","6","05","11","6","","0","1","0","1","0"
"POINT (11.502830755000000 48.165975961000100)","Unfall 214811 (2022) Kat:3, Licht: 0","214811","3","7","0","05","11","7","","0","0","1","0","0"
"POINT (11.574794194000001 48.170198411000101)","Unfall 214815 (2022) Kat:3, Licht: 2","214815","3","6","2","05","22","1","","2","0","1","0","0"
"POINT (11.611786762000101 48.138378497000097)","Unfall 214823 (2022) Kat:3, Licht: 2","214823","3","4","6","05","20","1","","2","0","1","1","0"
"POINT (11.595324145000101 48.127731540000099)","Unfall 214841 (2022) Kat:3, Licht: 0","214841","3","7","2","05","08","2","","0","1","1","0","0"
"POINT (11.582590693000000 48.118056480000099)","Unfall 214855 (2022) Kat:3, Licht: 0","214855","3","5","1","05","08","3","","0","1","1","0","0"
"POINT (11.536471350000101 48.176294683000002)","Unfall 214880 (2022) Kat:3, Licht: 0","214880","3","3","5","05","10","5","","0","1","1","0","0"
"POINT (11.430867490000001 48.161876421999999)","Unfall 214883 (2022) Kat:3, Licht: 0","214883","3","6","4","05","07","3","","0","1","0","0","0"
"POINT (11.538789841000000 48.118348912000002)","Unfall 214888 (2022) Kat:3, Licht: 0","214888","3","5","1","05","11","6","","0","1","1","0","0"
"POINT (11.583430625000100 48.143709598000001)","Unfall 214895 (2022) Kat:3, Licht: 0","214895","3","1","0","05","07","5","","0","1","0","0","0"
"POINT (11.595254561000001 48.110624211000101)","Unfall 214896 (2022) Kat:3, Licht: 0","214896","3","4","6","05","12","2","","0","0","1","1","0"