WKT,Name,OBJECTID,UKATEGORIE,UTYP1,UART,UMONAT,USTUNDE,UWOCHENTAG,STRZUSTAND,ULICHTVERH,ISTRAD,ISTPKW,ISTFUSS,ISTKRAD
"POINT (11.575839416000100 48.095629287000101)","Unfall 214907 (2022) Kat:3, Licht: 0","214907","3","1","0","05","16","4","","0","0","0","0","1"
"POINT (11.556942052000100 48.143640099000002)","Unfall 214911 (2022) Kat:3, Licht: 0","214911","3","2","3","05","18","2","","0","1","1","0","0"
"POINT (11.594871783000000 48.183037829000099)","Unfall 214917 (2022) Kat:3, Licht: 0","214917","3","7","0","05","14","3","","0","1","0","0","0"
"POINT (11.544158267000100 48.122257048000101)","Unfall 214922 (2022) Kat:3, Licht: 0","214922","3","6","2","05","10","6","","0","1","0","0","0"
"POINT (11.540972748000099 48.136717297000096)","Unfall 214923 (2022) Kat:2, Licht: 0","214923","2","5","1","05","12","7","","0","1","1","0","0"
"POINT (11.536658365000100 48.134970544000097)","Unfall 214925 (2022) Kat:2, Licht: 2","214925","2","1","1","05","01","2","","2","0","1","0","0"
"POINT (11.503827273000100 48.175444234000103)","Unfall 214928 (2022) Kat:3, Licht: 2","214928","3","1","9","05","23","1","","2","0","0","0","0"
"POINT (11.532041909000000 48.153091191000001)","Unfall 214929 (2022) Kat:2, Licht: 0","214929","2","4","6","05","15","3","","0","0","0","1","1"
"POINT (11.583672034000100 48.159663690999999)","Unfall 214933 (2022) Kat:3, Licht: 0","214933","3","6","2","05","10","3","","0","1","0","0","0"
"POINT (11.538047453000001 48.103673262000001)","Unfall 214936 (2022) Kat:3, Licht: 0","214936","3","3","5","05","17","2","","0","0","1","0","0"
"POINT (11.595097160000000 48.147662150000002)","Unfall 214939 (2022) Kat:3, Licht: 0","214939","3","7","0","05","19","7","","0","0","0","0","0"
"POINT (11.534886326000001 48.090586713000100)","Unfall 214958 (2022) Kat:3, Licht: 0","214958","3","3","5","05","15","6","","0","0","1","0","1"
"POINT (11.479517188000001 48.125615670000101)","Unfall 214967 (2022) Kat:3, Licht: 0","214967","3","6","2","05","13","4","","0","0","1","0","0"
"POINT (11.533044308999999 48.208392701000001)","Unfall 214969 (2022) Kat:3, Licht: 0","214969","3","3","5","05","13","2","","0","1","1","0","0"
"POINT (11.646227275999999 48.101585037000099)","Unfall 214973 (2022) Kat:3, Licht: 0","214973","3","5","0","05","12","1","","0","1","1","0","0"
"POINT (11.556052974000099 48.128301563999997)","Unfall 214982 (2022) Kat:3, Licht: 0","214982","3","2","5","05","12","2","","0","1","1","0","0"
"POINT (11.548729835000101 48.143640102000099)","Unfall 214983 (2022) Kat:3, Licht: 0","214983","3","2","5","05","18","4","","0","1","0","0","0"
"POINT (11.664438343000000 48.082416584000001)","Unfall 214988 (2022) Kat:3, Licht: 0","214988","3","6","3","05","12","7","","0","1","0","0","0"
"POINT (11.529515551999999 48.112914474000000)","Unfall 214995 (2022) Kat:3, Licht: 0","214995","3","2","5","06","16","3","","0","1","1","0","0"
"POINT (11.489002621999999 48.183977850000097)","Unfall 215003 (2022) Kat:3, Licht: 0","215003","3","3","6","06","13","4","","0","0","1","1","0"
"POINT (11.514072736999999 48.179577625000000)","Unfall 215018 (2022) Kat:3, Licht: 0","215018","3","3","6","06","20","6","","0","1","0","1","0"
"POINT (11.551286973000099 48.185979330000102)","Unfall 215031 (2022) Kat:3, Licht: 0","215031","3","6","2","06","19","5","","0","0","1","0","1"
"POINT (11.587836811000001 48.131610246999998)","Unfall 215038 (2022) Kat:2, Licht: 0","215038","2","3","5","06","14","1","","0","1","0","0","1"
"POINT (11.571451444999999 48.121070641000102)","Unfall 215045 (2022) Kat:3, Licht: 2","215045","3","3","5","05","00","1","","2","0","1","0","0"
"POINT (11.556414494000000 48.134803048999999)","Unfall 215046 (2022) Kat:3, Licht: 0","215046","3","5","1","06","17","6","","0","1","1","0","0"
"POINT (11.610224347999999 48.132376880000002)","Unfall 215056 (2022) Kat:3, Licht: 0","215056","3","7","0","05","13","3","","0","1","0","0","0"
"POINT (11.564617455000100 48.137404920999998)","Unfall 215082 (2022) Kat:3, Licht: 0","215082","3","2","0","06","09","4","","0","1","1","0","0"
"POINT (11.532514327000101 48.116876963999999)","Unfall 215084 (2022) Kat:3, Licht: 0","215084","3","2","0","06","15","3","","0","0","1","0","0"
"POINT (11.545013978000000 48.127748146000002)","Unfall 215085 (2022) Kat:3, Licht: 0","215085","3","2","4","05","12","5","","0","1","1","0","0"
"POINT (11.631914455000100 48.122651853000001)","Unfall 215091 (2022) Kat:3, Licht: 0","215091","3","1","0","06","14","1","","0","1","0","0","0"
"POINT (11.546261860000101 48.111965787000003)","Unfall 215098 (2022) Kat:3, Licht: 0","215098","3","6","2","06","13","6","","0","0","1","0","0"
"POINT (11.550605837000001 48.104337276000102)","Unfall 215127 (2022) Kat:3, Licht: 0","215127","3","2","1","05","14","7","","0","1","1","0","0"
"POINT (11.603900890000000 48.196538994000001)","Unfall 215131 (2022) Kat:3, Licht: 2","215131","3","1","0","06","02","5","","2","1","0","0","0"
"POINT (11.477708660000101 48.131243800999997)","Unfall 215153 (2022) Kat:3, Licht: 0","215153","3","7","0","06","12","6","","0","1","0","1","0"
"POINT (11.554459588000000 48.153836061000000)","Unfall 215158 (2022) Kat:3, Licht: 2","215158","3","6","3","06","00","3","","2","0","0","0","0"
"POINT (11.538822715000000 48.154816701000101)","Unfall 215162 (2022) Kat:3, Licht: 0","215162","3","2","3","05","09","2","","0","1","1","0","0"
"POINT (11.526064070000100 48.116545188000003)","Unfall 215164 (2022) Kat:3, Licht: 0","215164","3","2","0","06","16","5","","0","1","0","1","0"
"POINT (11.581035902000099 48.150004529999997)","Unfall 215165 (2022) Kat:3, Licht: 0","215165","3","6","0","06","09","4","","0","0","1","0","1"
"POINT (11.556922462999999 48.149825546000002)","Unfall 215166 (2022) Kat:3, Licht: 0","215166","3","4","6","06","07","5","","0","1","0","1","0"
"POINT (11.507358833000101 48.164146791000100)","Unfall 215172 (2022) Kat:3, Licht: 0","215172","3","7","0","06","11","5","","0","0","0","1","0"
"POINT (11.714669743000099 48.135075837000002)","Unfall 215174 (2022) Kat:2, Licht: 0","215174","2","3","5","06","07","7","","0","0","1","0","0"
"POINT (11.680302779000000 48.140419743000102)","Unfall 215175 (2022) Kat:3, Licht: 0","215175","3","3","5","05","08","2","","0","0","1","0","0"
"POINT (11.555141095000099 48.128007443000101)","Unfall 215178 (2022) Kat:3, Licht: 0","215178","3","6","3","06","10","5","","0","0","1","0","0"
"POINT (11.497533664000100 48.179497669000099)","Unfall 215181 (2022) Kat:3, Licht: 0","215181","3","4","5","06","15","3","","0","0","1","1","0"
"POINT (11.525170710999999 48.180965194000102)","Unfall 215185 (2022) Kat:3, Licht: 0","215185","3","3","5","06","14","6","","0","0","1","0","0"
"POINT (11.584795047000100 48.132232203000100)","Unfall 215186 (2022) Kat:3, Licht: 2","215186","3","2","5","06","21","5","","2","1","1","0","0"
"POINT (11.582673056000001 48.125791806999999)","Unfall 215187 (2022) Kat:2, Licht: 0","215187","2","2","5","06","06","4","","0","0","1","0","1"
"POINT (11.561495233000100 48.149432687000100)","Unfall 215192 (2022) Kat:3, Licht: 0","215192","3","4","6","06","13","6","","0","1","0","1","0"
"POINT (11.502276999999999 48.139704168999998)","Unfall 215200 (2022) Kat:3, Licht: 0","215200","3","1","0","05","16","7","","0","1","1","0","0"
"POINT (11.502588680000001 48.119586144000003)","Unfall 215203 (2022) Kat:3, Licht: 1","215203","3","1","0","06","21","2","","1","0","0","0","0"
"POINT (11.590495612000000 48.191700277000102)","Unfall 215214 (2022) Kat:3, Licht: 1","215214","3","3","5","06","20","5","","1","0","1","0","0"
"POINT (11.598211574000100 48.129940324000103)","Unfall 215215 (2022) Kat:3, Licht: 0","215215","3","7","0","06","16","4","","0","1","1","0","0"
"POINT (11.632153601000001 48.176012383000099)","Unfall 215216 (2022) Kat:3, Licht: 0","215216","3","3","5","06","15","6","","0","1","0","0","0"
"POINT (11.577035254000100 48.164739374000099)","Unfall 215223 (2022) Kat:3, Licht: 0","215223","3","1","0","06","19","4","","0","0","0","0","1"
"POINT (11.572422845000100 48.184486488000097)","Unfall 215242 (2022) Kat:2, Licht: 0","215242","2","1","0","06","14","6","","0","1","0","0","0"
"POINT (11.567503774000000 48.123210060000098)","Unfall 215243 (2022) Kat:3, Licht: 0","215243","3","2","0","06","10","2","","0","1","0","0","0"
"POINT (11.577167347000101 48.127157369000003)","Unfall 215249 (2022) Kat:3, Licht: 0","215249","3","6","2","05","16","7","","0","0","1","0","1"
"POINT (11.585367213000000 48.121070304000099)","Unfall 215251 (2022) Kat:3, Licht: 0","215251","3","2","3","06","18","6","","0","1","1","0","0"
"POINT (11.502980849000000 48.125558722999997)","Unfall 215258 (2022) Kat:3, Licht: 0","215258","3","3","5","06","20","3","","0","0","1","0","0"
"POINT (11.698861446000000 48.129539481999998)","Unfall 215271 (2022) Kat:3, Licht: 2","215271","3","1","9","05","01","3","","2","0","1","0","0"
"POINT (11.531028251000100 48.199816400000003)","Unfall 215272 (2022) Kat:3, Licht: 0","215272","3","7","1","05","12","6","","0","1","1","0","0"
"POINT (11.581630084000000 48.123650333000100)","Unfall 215276 (2022) Kat:3, Licht: 2","215276","3","7","0","06","22","4","","2","1","0","0","0"
"POINT (11.578705605000000 48.145050902999998)","Unfall 215282 (2022) Kat:3, Licht: 1","215282","3","7","1","06","20","2","","1","0","1","0","0"
"POINT (11.556177216000000 48.139233880000099)","Unfall 215289 (2022) Kat:3, Licht: 0","215289","3","6","3","05","17","7","","0","0","1","0","1"
"POINT (11.564691254000000 48.167878749000103)","Unfall 215291 (2022) Kat:3, Licht: 0","215291","3","1","0","05","11","2","","0","0","0","0","0"
"POINT (11.576841531000101 48.152694837000098)","Unfall 215293 (2022) Kat:3, Licht: 0","215293","3","3","5","06","17","5","","0","1","1","0","0"
"POINT (11.713474535000000 48.138998817000100)","Unfall 215294 (2022) Kat:3, Licht: 0","215294","3","3","5","06","08","4","","0","0","1","0","0"
"POINT (11.592285628000100 48.142534034999997)","Unfall 215296 (2022) Kat:3, Licht: 0","215296","3","6","2","06","10","3","","0","0","1","0","0"
"POINT (11.561513571000001 48.146875345000097)","Unfall 215297 (2022) Kat:2, Licht: 0","215297","2","2","4","05","18","5","","0","0","1","0","1"
"POINT (11.508989867000000 48.181040570000100)","Unfall 215302 (2022) Kat:3, Licht: 2","215302","3","7","1","06","01","1","","2","1","1","0","0"
"POINT (11.582341312000000 48.119599693000097)","Unfall 215304 (2022) Kat:3, Licht: 0","215304","3","1","0","06","18","6","","0","0","0","0","1"
"POINT (11.599258095000000 48.108583105999998)","Unfall 215308 (2022) Kat:3, Licht: 0","215308","3","6","1","06","08","5","","0","1","1","0","0"
"POINT (11.602204977000000 48.146552040000103)","Unfall 215318 (2022) Kat:3, Licht: 0","215318","3","5","1","06","08","6","","0","1","1","0","0"
"POINT (11.570183135000001 48.146259313000002)","Unfall 215322 (2022) Kat:3, Licht: 2","215322","3","1","0","05","00","1","","2","1","0","0","0"
"POINT (11.573506950000001 48.170241445999999)","Unfall 215330 (2022) Kat:3, Licht: 0","215330","3","3","5","06","12","6","","0","1","1","0","0"
"POINT (11.502317222000000 48.139703013000002)","Unfall 215337 (2022) Kat:3, Licht: 0","215337","3","1","0","05","16","7","","0","1","1","0","0"
"POINT (11.533694694000101 48.107327099000003)","Unfall 215355 (2022) Kat:3, Licht: 0","215355","3","7","0","05","19","3","","0","1","0","0","0"
"POINT (11.548172549000100 48.111152812000100)","Unfall 215356 (2022) Kat:3, Licht: 0","215356","3","3","0","05","19","6","","0","1","1","0","0"
"POINT (11.575021112000099 48.135299418000002)","Unfall 215357 (2022) Kat:3, Licht: 2","215357","3","2","6","06","22","6","","2","0","1","1","0"
"POINT (11.512117125000000 48.076657351999998)","Unfall 215368 (2022) Kat:3, Licht: 0","215368","3","3","5","05","14","3","","0","0","1","0","0"
"POINT (11.513346581000100 48.075159818000003)","Unfall 215369 (2022) Kat:3, Licht: 0","215369","3","3","5","05","15","6","","0","0","1","0","0"
"POINT (11.574569540000001 48.135340302000003)","Unfall 215373 (2022) Kat:3, Licht: 2","215373","3","1","0","06","23","7","","2","1","0","0","0"
"POINT (11.554022458000100 48.154348147000100)","Unfall 215376 (2022) Kat:3, Licht: 0","215376","3","2","5","06","19","6","","0","1","1","0","0"
"POINT (11.567818656000000 48.161140889000102)","Unfall 215387 (2022) Kat:2, Licht: 2","215387","2","1","0","06","04","1","","2","1","0","0","0"
"POINT (11.686979444000000 48.122453607000097)","Unfall 215391 (2022) Kat:3, Licht: 0","215391","3","6","4","06","17","3","","0","1","0","0","0"
"POINT (11.573308379000000 48.151016507000101)","Unfall 215396 (2022) Kat:3, Licht: 0","215396","3","7","0","06","15","5","","0","1","0","0","0"
"POINT (11.647097738000101 48.130380135000102)","Unfall 215398 (2022) Kat:3, Licht: 0","215398","3","2","4","06","19","7","","0","1","1","0","0"
"POINT (11.581545569000101 48.210649769000000)","Unfall 215402 (2022) Kat:3, Licht: 0","215402","3","7","1","06","07","6","","0","1","0","0","0"
"POINT (11.505945440000101 48.139739081000101)","Unfall 215405 (2022) Kat:3, Licht: 2","215405","3","5","9","06","23","6","","2","1","1","0","0"
"POINT (11.532928886000001 48.154722852000098)","Unfall 215426 (2022) Kat:3, Licht: 0","215426","3","2","3","06","15","6","","0","1","1","0","0"
"POINT (11.562705336000001 48.212752620000103)","Unfall 215429 (2022) Kat:3, Licht: 0","215429","3","3","5","05","09","6","","0","1","1","0","0"
"POINT (11.558627144000100 48.148607331999997)","Unfall 215432 (2022) Kat:2, Licht: 0","215432","2","2","3","06","08","3","","0","1","1","0","0"
"POINT (11.584811340000000 48.158010464000000)","Unfall 215441 (2022) Kat:3, Licht: 2","215441","3","4","6","06","21","4","","2","1","0","1","0"
"POINT (11.548629370000100 48.112004214000102)","Unfall 215448 (2022) Kat:3, Licht: 0","215448","3","6","3","06","13","5","","0","1","0","0","0"
"POINT (11.471374071000101 48.182453198000097)","Unfall 215450 (2022) Kat:3, Licht: 0","215450","3","7","0","06","08","7","","0","1","0","0","0"
"POINT (11.604453499000000 48.139936898000002)","Unfall 215467 (2022) Kat:3, Licht: 0","215467","3","3","5","06","11","4","","0","1","1","0","0"
"POINT (11.562275656000100 48.211986273000001)","Unfall 215469 (2022) Kat:3, Licht: 0","215469","3","1","5","06","17","3","","0","1","1","0","0"
"POINT (11.567762841000000 48.176691183999999)","Unfall 215470 (2022) Kat:3, Licht: 0","215470","3","2","5","05","14","5","","0","0","1","0","0"
"POINT (11.527699453000000 48.198267205999997)","Unfall 215474 (2022) Kat:3, Licht: 0","215474","3","6","4","06","09","4","","0","1","1","0","0"
"POINT (11.579930854000100 48.139093222000000)","Unfall 215475 (2022) Kat:3, Licht: 2","215475","3","7","0","06","01","1","","2","1","0","0","0"
"POINT (11.564899318000100 48.135828124000099)","Unfall 215478 (2022) Kat:3, Licht: 0","215478","3","6","3","06","09","6","","0","0","1","0","1"
"POINT (11.507104684000099 48.139712911000103)","Unfall 215480 (2022) Kat:3, Licht: 0","215480","3","2","1","05","17","3","","0","0","1","0","0"
"POINT (11.642101834000099 48.099483016000100)","Unfall 215482 (2022) Kat:3, Licht: 1","215482","3","3","5","05","17","1","","1","1","1","0","0"
"POINT (11.592095873000099 48.142231175000099)","Unfall 215483 (2022) Kat:3, Licht: 0","215483","3","2","5","06","14","6","","0","1","1","0","0"
"POINT (11.518324331000001 48.145543316000001)","Unfall 215485 (2022) Kat:3, Licht: 0","215485","3","2","5","06","16","4","","0","1","1","0","0"
"POINT (11.409686914000099 48.199612656000099)","Unfall 215491 (2022) Kat:3, Licht: 0","215491","3","7","0","06","14","2","","0","1","0","0","0"
"POINT (11.539269674000000 48.156911010999998)","Unfall 215505 (2022) Kat:3, Licht: 0","215505","3","6","0","06","12","2","","0","0","1","0","1"
"POINT (11.645700737000000 48.121016081999997)","Unfall 215516 (2022) Kat:3, Licht: 0","215516","3","3","5","05","09","2","","0","0","1","0","0"
"POINT (11.454796991000000 48.143974034000102)","Unfall 215520 (2022) Kat:3, Licht: 0","215520","3","7","0","06","16","5","","0","1","0","0","0"
"POINT (11.610559942000100 48.132228034999997)","Unfall 215532 (2022) Kat:3, Licht: 0","215532","3","1","8","05","14","3","","0","1","0","0","0"
"POINT (11.512890016000000 48.181380348000097)","Unfall 215533 (2022) Kat:3, Licht: 0","215533","3","3","5","05","19","6","","0","1","0","0","1"
"POINT (11.596573574000001 48.126984653000100)","Unfall 215535 (2022) Kat:3, Licht: 0","215535","3","7","1","06","17","6","","0","1","1","0","0"
"POINT (11.537619221000099 48.096147623000000)","Unfall 215538 (2022) Kat:3, Licht: 2","215538","3","2","2","06","22","7","","2","1","0","0","0"
"POINT (11.502494363000000 48.121039478999997)","Unfall 215549 (2022) Kat:3, Licht: 0","215549","3","2","3","05","10","7","","0","1","1","0","0"
"POINT (11.619467253000000 48.138062247999997)","Unfall 215553 (2022) Kat:3, Licht: 0","215553","3","6","2","06","18","5","","0","0","1","0","0"
"POINT (11.543131702000000 48.200623124000103)","Unfall 215555 (2022) Kat:3, Licht: 0","215555","3","3","5","06","09","5","","0","0","1","0","0"
"POINT (11.540993562000001 48.120584474000097)","Unfall 215556 (2022) Kat:3, Licht: 0","215556","3","7","1","06","18","3","","0","1","1","0","0"
"POINT (11.572548297000001 48.155979082000002)","Unfall 215565 (2022) Kat:3, Licht: 1","215565","3","1","1","05","20","2","","1","1","1","0","0"
"POINT (11.567375344000000 48.123141555000103)","Unfall 215570 (2022) Kat:3, Licht: 0","215570","3","6","2","06","10","3","","0","0","1","0","0"
"POINT (11.495178426000100 48.122631487000000)","Unfall 215571 (2022) Kat:3, Licht: 0","215571","3","5","1","05","20","5","","0","0","1","0","0"
"POINT (11.614450421000100 48.138180923999997)","Unfall 215579 (2022) Kat:3, Licht: 2","215579","3","4","6","06","21","6","","2","0","1","1","0"
"POINT (11.677415729000099 48.130032759000102)","Unfall 215581 (2022) Kat:3, Licht: 0","215581","3","3","5","05","16","3","","0","0","1","0","0"
"POINT (11.532190365000099 48.146698888000103)","Unfall 215590 (2022) Kat:3, Licht: 2","215590","3","7","0","06","04","6","","2","0","0","0","0"
"POINT (11.466812435000101 48.133559826000102)","Unfall 215596 (2022) Kat:3, Licht: 0","215596","3","7","0","05","09","5","","0","0","0","0","0"
"POINT (11.599045217000000 48.112585330000101)","Unfall 215601 (2022) Kat:3, Licht: 0","215601","3","3","5","06","18","5","","0","0","1","0","0"
"POINT (11.483191911000100 48.081555448000103)","Unfall 215603 (2022) Kat:3, Licht: 0","215603","3","7","0","06","15","5","","0","0","0","0","0"
"POINT (11.553914683000100 48.124364845999999)","Unfall 215606 (2022) Kat:3, Licht: 2","215606","3","6","6","05","22","6","","2","1","0","1","0"
"POINT (11.541419520000000 48.123049629999997)","Unfall 215614 (2022) Kat:3, Licht: 0","215614","3","2","5","06","17","6","","0","1","0","0","0"
"POINT (11.596964410000099 48.149894040000000)","Unfall 215615 (2022) Kat:3, Licht: 0","215615","3","6","2","06","16","2","","0","1","1","0","0"
"POINT (11.540674022000101 48.125411615000097)","Unfall 215617 (2022) Kat:3, Licht: 0","215617","3","2","4","06","16","6","","0","1","0","0","0"
"POINT (11.586492077999999 48.165311359000000)","Unfall 215624 (2022) Kat:3, Licht: 0","215624","3","7","6","06","13","5","","0","1","0","1","0"
"POINT (11.509386335000000 48.099324728000099)","Unfall 215625 (2022) Kat:3, Licht: 0","215625","3","3","0","06","07","4","","0","0","1","0","1"
"POINT (11.686954900000000 48.122536728000100)","Unfall 215626 (2022) Kat:2, Licht: 0","215626","2","1","0","06","08","7","","0","0","0","0","1"
"POINT (11.630672426000000 48.177377422000099)","Unfall 215632 (2022) Kat:3, Licht: 0","215632","3","2","5","05","14","6","","0","1","1","0","0"
"POINT (11.566610010000000 48.140150552000101)","Unfall 215633 (2022) Kat:3, Licht: 0","215633","3","1","0","06","20","6","","0","1","0","0","0"
"POINT (11.635224674000000 48.170248333000103)","Unfall 215646 (2022) Kat:3, Licht: 0","215646","3","3","5","05","09","5","","0","1","1","0","0"
"POINT (11.524379270000100 48.102185798000100)","Unfall 215652 (2022) Kat:3, Licht: 0","215652","3","2","4","06","20","5","","0","0","1","0","0"
"POINT (11.529315768000099 48.100564056000103)","Unfall 215654 (2022) Kat:3, Licht: 0","215654","3","1","0","06","09","6","","0","1","0","0","0"
"POINT (11.597018580000100 48.126716125000002)","Unfall 215676 (2022) Kat:3, Licht: 0","215676","3","7","5","05","16","2","","0","0","1","0","1"
"POINT (11.587994438000100 48.158141786999998)","Unfall 215679 (2022) Kat:3, Licht: 0","215679","3","3","5","06","17","4","","0","1","0","0","0"
"POINT (11.579137030000000 48.139294608999997)","Unfall 215680 (2022) Kat:3, Licht: 0","215680","3","6","4","06","10","5","","0","1","1","0","0"
"POINT (11.582491878000001 48.130878195999998)","Unfall 215681 (2022) Kat:3, Licht: 0","215681","3","2","5","06","13","3","","0","1","1","0","0"
"POINT (11.527067310000101 48.146849901000103)","Unfall 215688 (2022) Kat:3, Licht: 0","215688","3","7","1","06","11","6","","0","1","1","0","0"
"POINT (11.567359336000001 48.132114459999997)","Unfall 215690 (2022) Kat:3, Licht: 0","215690","3","7","0","05","19","2","","0","1","0","0","0"
"POINT (11.618262751000000 48.120514090000000)","Unfall 215694 (2022) Kat:3, Licht: 0","215694","3","3","5","06","15","3","","0","1","1","0","0"
"POINT (11.563282063000001 48.173385095000100)","Unfall 215701 (2022) Kat:3, Licht: 0","215701","3","6","1","06","10","1","","0","1","1","0","0"
"POINT (11.526191144000100 48.131870237000001)","Unfall 215703 (2022) Kat:1, Licht: 2","215703","1","1","9","06","23","4","","2","0","0","0","1"
"POINT (11.572565518999999 48.188942016000098)","Unfall 215706 (2022) Kat:3, Licht: 0","215706","3","2","5","05","18","3","","0","0","1","0","1"
"POINT (11.469914539000101 48.168115161000102)","Unfall 215716 (2022) Kat:2, Licht: 0","215716","2","3","5","06","11","2","","0","0","1","0","1"
"POINT (11.681398035000001 48.136643055000000)","Unfall 215724 (2022) Kat:2, Licht: 0","215724","2","1","0","05","16","7","","0","1","0","0","0"
"POINT (11.535600556000100 48.198111652000101)","Unfall 215727 (2022) Kat:3, Licht: 0","215727","3","7","0","05","14","2","","0","0","0","1","0"
"POINT (11.599402109000000 48.127891346000098)","Unfall 215729 (2022) Kat:3, Licht: 0","215729","3","3","5","06","15","5","","0","1","0","0","0"
"POINT (11.548133992000000 48.111158202000098)","Unfall 215733 (2022) Kat:3, Licht: 0","215733","3","2","1","05","09","5","","0","1","1","0","0"
"POINT (11.541395527000100 48.150976726000103)","Unfall 215743 (2022) Kat:3, Licht: 0","215743","3","3","5","05","16","3","","0","1","1","0","0"
"POINT (11.412793635000099 48.160320329000101)","Unfall 215752 (2022) Kat:3, Licht: 0","215752","3","6","2","06","18","4","","0","0","1","0","1"
"POINT (11.562401968000099 48.157656359999997)","Unfall 215760 (2022) Kat:3, Licht: 0","215760","3","6","3","05","19","1","","0","1","1","0","0"
"POINT (11.529831240000000 48.155386493000002)","Unfall 215764 (2022) Kat:2, Licht: 0","215764","2","7","0","06","06","7","","0","1","0","0","0"
"POINT (11.561027874000001 48.223092592999997)","Unfall 215765 (2022) Kat:3, Licht: 0","215765","3","7","5","05","14","1","","0","0","1","0","0"
"POINT (11.533254286000000 48.153067190000101)","Unfall 215781 (2022) Kat:3, Licht: 2","215781","3","2","3","06","21","5","","2","0","1","0","1"
"POINT (11.582885376000000 48.098659517999998)","Unfall 215796 (2022) Kat:3, Licht: 0","215796","3","2","5","05","14","6","","0","1","1","0","0"
"POINT (11.536131820000000 48.095969070000102)","Unfall 215804 (2022) Kat:3, Licht: 0","215804","3","1","0","06","10","6","","0","0","0","0","0"
"POINT (11.425485229000101 48.174154270000002)","Unfall 215828 (2022) Kat:3, Licht: 0","215828","3","2","5","06","12","5","","0","0","1","0","0"
"POINT (11.503810934000100 48.082324855000103)","Unfall 215829 (2022) Kat:3, Licht: 0","215829","3","7","0","06","09","4","","0","0","0","1","0"
"POINT (11.528191832000100 48.218708987000099)","Unfall 215835 (2022) Kat:3, Licht: 0","215835","3","1","6","06","10","6","","0","0","1","1","0"
"POINT (11.596739262000000 48.140848076000097)","Unfall 215836 (2022) Kat:3, Licht: 2","215836","3","1","8","06","02","5","","2","0","1","0","0"
"POINT (11.575372306000100 48.143025533000099)","Unfall 215837 (2022) Kat:2, Licht: 0","215837","2","3","5","06","07","4","","0","0","0","0","0"
"POINT (11.548487033000100 48.115054931000003)","Unfall 215839 (2022) Kat:3, Licht: 0","215839","3","4","6","06","12","7","","0","1","0","1","0"
"POINT (11.522588241999999 48.102047604000099)","Unfall 215845 (2022) Kat:3, Licht: 0","215845","3","5","1","05","18","6","","0","1","1","0","0"
"POINT (11.558163530000099 48.136363534000097)","Unfall 215857 (2022) Kat:3, Licht: 0","215857","3","5","1","06","15","5","","0","1","1","0","0"
"POINT (11.579412461000100 48.178531304000003)","Unfall 215867 (2022) Kat:3, Licht: 0","215867","3","3","5","06","06","6","","0","1","1","0","0"
"POINT (11.646299001999999 48.102677538000101)","Unfall 215870 (2022) Kat:3, Licht: 0","215870","3","6","2","05","12","6","","0","0","1","0","0"
"POINT (11.552040748000000 48.126359175000097)","Unfall 215882 (2022) Kat:3, Licht: 0","215882","3","6","3","06","07","5","","0","0","1","0","1"
"POINT (11.522461400999999 48.191507752000099)","Unfall 215883 (2022) Kat:3, Licht: 0","215883","3","7","0","06","15","4","","0","1","0","1","0"
"POINT (11.495443205000100 48.135860250000100)","Unfall 215884 (2022) Kat:2, Licht: 0","215884","2","3","5","06","10","5","","0","1","0","0","1"
"POINT (11.536622889000100 48.153714530999999)","Unfall 215886 (2022) Kat:3, Licht: 0","215886","3","3","5","05","15","3","","0","1","0","0","0"
"POINT (11.536961752000000 48.100313444000101)","Unfall 215895 (2022) Kat:3, Licht: 0","215895","3","6","1","06","08","6","","0","0","1","0","0"
"POINT (11.570935827000000 48.142195861000097)","Unfall 215904 (2022) Kat:3, Licht: 2","215904","3","3","5","06","21","6","","2","0","1","0","1"
"POINT (11.686049737000101 48.142201499000102)","Unfall 215913 (2022) Kat:3, Licht: 0","215913","3","6","3","05","08","5","","0","0","1","0","0"
"POINT (11.549779253000100 48.136804161000001)","Unfall 215917 (2022) Kat:3, Licht: 0","215917","3","3","5","06","13","4","","0","1","1","0","0"
"POINT (11.557774948000000 48.150946851000100)","Unfall 215923 (2022) Kat:3, Licht: 0","215923","3","6","2","05","14","3","","0","0","1","0","0"
"POINT (11.579495005000100 48.187677229000002)","Unfall 215925 (2022) Kat:3, Licht: 2","215925","3","2","5","05","01","1","","2","1","1","0","0"
"POINT (11.586766731000100 48.201089971999998)","Unfall 215934 (2022) Kat:3, Licht: 0","215934","3","5","1","06","17","2","","0","0","1","0","0"
"POINT (11.572104544000100 48.195398476000001)","Unfall 215942 (2022) Kat:3, Licht: 0","215942","3","6","2","05","09","2","","0","0","1","0","0"
"POINT (11.572383774000100 48.187452958999998)","Unfall 215945 (2022) Kat:3, Licht: 0","215945","3","3","5","06","06","4","","0","0","1","0","0"
"POINT (11.503633673000000 48.139659721000001)","Unfall 215947 (2022) Kat:3, Licht: 0","215947","3","5","1","06","16","6","","0","1","1","0","0"
"POINT (11.586581403000000 48.164146947000098)","Unfall 215950 (2022) Kat:2, Licht: 0","215950","2","2","4","05","12","7","","0","0","1","0","1"
"POINT (11.658964221000099 48.105899510000000)","Unfall 215958 (2022) Kat:3, Licht: 0","215958","3","2","0","06","18","5","","0","0","1","0","0"