WKT,Name,OBJECTID,UKATEGORIE,UTYP1,UART,UMONAT,USTUNDE,UWOCHENTAG,STRZUSTAND,ULICHTVERH,ISTRAD,ISTPKW,ISTFUSS,ISTKRAD
"POINT (11.474544755000100 48.116209264000098)","Unfall 215972 (2022) Kat:3, Licht: 0","215972","3","3","5","05","08","6","","0","1","0","0","0"
"POINT (11.506695499999999 48.135439452000099)","Unfall 215978 (2022) Kat:3, Licht: 0","215978","3","3","5","05","12","1","","0","1","1","0","0"
"POINT (11.578963050000000 48.201016449000100)","Unfall 215987 (2022) Kat:3, Licht: 0","215987","3","6","4","05","12","7","","0","1","1","0","0"
"POINT (11.515430669000100 48.109050113000102)","Unfall 215990 (2022) Kat:3, Licht: 2","215990","3","7","0","06","04","1","","2","0","0","0","0"
"POINT (11.545760971000000 48.111924231000003)","Unfall 215991 (2022) Kat:3, Licht: 0","215991","3","5","1","06","10","5","","0","0","1","0","0"
"POINT (11.474908626000101 48.103934939000098)","Unfall 216017 (2022) Kat:3, Licht: 0","216017","3","2","5","06","12","6","","0","1","1","0","0"
"POINT (11.684933058000100 48.123267779999999)","Unfall 216019 (2022) Kat:3, Licht: 0","216019","3","6","3","05","10","3","","0","1","1","0","0"
"POINT (11.584177527000101 48.137087361000098)","Unfall 216020 (2022) Kat:3, Licht: 0","216020","3","3","0","05","13","6","","0","0","1","0","1"
"POINT (11.573045126000100 48.142955944999997)","Unfall 216025 (2022) Kat:3, Licht: 0","216025","3","1","1","05","20","1","","0","0","1","0","0"
"POINT (11.562156528000100 48.186925303000102)","Unfall 216027 (2022) Kat:3, Licht: 0","216027","3","7","5","06","16","6","","0","0","1","0","0"
"POINT (11.556273343000001 48.141996683999999)","Unfall 216039 (2022) Kat:3, Licht: 0","216039","3","2","5","06","20","4","","0","1","1","0","0"
"POINT (11.635733430000100 48.098978465000101)","Unfall 216043 (2022) Kat:3, Licht: 0","216043","3","7","5","05","10","6","","0","1","0","0","0"
"POINT (11.563259981000000 48.208800811000103)","Unfall 216051 (2022) Kat:3, Licht: 0","216051","3","2","4","06","19","6","","0","0","1","0","0"
"POINT (11.560041158000001 48.137405282000003)","Unfall 216052 (2022) Kat:3, Licht: 2","216052","3","2","3","06","00","2","","2","0","1","0","0"
"POINT (11.651323432000000 48.109073649000003)","Unfall 216054 (2022) Kat:2, Licht: 0","216054","2","4","6","06","10","6","","0","0","1","1","0"
"POINT (11.545209105000000 48.127713223000100)","Unfall 216073 (2022) Kat:3, Licht: 0","216073","3","7","0","06","11","3","","0","1","0","0","0"
"POINT (11.578360040000099 48.144341851000000)","Unfall 216077 (2022) Kat:3, Licht: 2","216077","3","1","8","06","23","7","","2","1","0","0","0"
"POINT (11.575195478000101 48.139497735000099)","Unfall 216082 (2022) Kat:2, Licht: 0","216082","2","7","0","06","16","7","","0","1","0","0","0"
"POINT (11.599090268000101 48.121150739000001)","Unfall 216087 (2022) Kat:3, Licht: 0","216087","3","3","5","06","13","3","","0","0","1","0","0"
"POINT (11.503036085000099 48.135468793000001)","Unfall 216088 (2022) Kat:3, Licht: 0","216088","3","2","0","06","13","1","","0","0","1","0","1"
"POINT (11.460329679000001 48.148928148000003)","Unfall 216089 (2022) Kat:3, Licht: 0","216089","3","5","1","06","20","2","","0","0","1","0","0"
"POINT (11.566703609999999 48.110510711000103)","Unfall 216094 (2022) Kat:3, Licht: 0","216094","3","3","5","06","15","5","","0","1","1","0","0"
"POINT (11.630859832000100 48.164903404000000)","Unfall 216098 (2022) Kat:3, Licht: 0","216098","3","7","0","06","16","6","","0","0","1","0","0"
"POINT (11.503198972000099 48.140777020000002)","Unfall 216104 (2022) Kat:3, Licht: 0","216104","3","7","0","06","17","3","","0","1","0","0","0"
"POINT (11.486750149000001 48.110446555000102)","Unfall 216109 (2022) Kat:3, Licht: 0","216109","3","1","0","06","18","7","","0","1","0","0","0"
"POINT (11.550347514000100 48.194674887000097)","Unfall 216116 (2022) Kat:3, Licht: 0","216116","3","6","0","06","13","5","","0","0","1","0","0"
"POINT (11.576468047000001 48.134432717000003)","Unfall 216123 (2022) Kat:3, Licht: 0","216123","3","2","6","06","11","2","","0","0","1","1","0"
"POINT (11.472133650000000 48.186357902000097)","Unfall 216129 (2022) Kat:3, Licht: 0","216129","3","3","5","06","13","5","","0","0","1","0","0"
"POINT (11.606155555999999 48.186434926000103)","Unfall 216130 (2022) Kat:3, Licht: 0","216130","3","3","5","06","16","2","","0","1","1","0","0"
"POINT (11.431471141999999 48.186046116000099)","Unfall 216132 (2022) Kat:3, Licht: 0","216132","3","1","6","06","12","1","","0","1","0","1","0"
"POINT (11.454193561000100 48.154565957000003)","Unfall 216139 (2022) Kat:3, Licht: 0","216139","3","3","5","06","15","4","","0","1","1","0","0"
"POINT (11.564684116000000 48.177699902000001)","Unfall 216142 (2022) Kat:3, Licht: 0","216142","3","6","2","06","15","4","","0","0","0","0","1"
"POINT (11.506808885000099 48.135349411000000)","Unfall 216148 (2022) Kat:3, Licht: 2","216148","3","3","5","06","21","4","","2","1","1","0","0"
"POINT (11.571429185000101 48.187503812999999)","Unfall 216154 (2022) Kat:3, Licht: 0","216154","3","7","3","06","12","7","","0","0","1","0","0"
"POINT (11.606086210000100 48.120899757000103)","Unfall 216157 (2022) Kat:3, Licht: 0","216157","3","2","5","06","15","7","","0","1","1","0","0"
"POINT (11.611287751000100 48.138433546999998)","Unfall 216164 (2022) Kat:3, Licht: 0","216164","3","1","3","06","17","5","","0","0","1","0","1"
"POINT (11.565906398999999 48.173985055999999)","Unfall 216169 (2022) Kat:2, Licht: 0","216169","2","3","5","06","16","1","","0","1","1","0","0"
"POINT (11.601857816000100 48.103716788000000)","Unfall 216185 (2022) Kat:3, Licht: 0","216185","3","2","6","06","16","4","","0","0","0","1","0"
"POINT (11.548792228000000 48.158103733000097)","Unfall 216188 (2022) Kat:2, Licht: 0","216188","2","3","5","06","06","3","","0","1","0","0","0"
"POINT (11.518195933000101 48.121007960000000)","Unfall 216190 (2022) Kat:3, Licht: 2","216190","3","3","1","06","23","5","","2","0","1","0","0"
"POINT (11.644836503000001 48.164778413000100)","Unfall 216192 (2022) Kat:3, Licht: 0","216192","3","3","5","06","18","4","","0","1","1","0","0"
"POINT (11.565876508000001 48.134077972000100)","Unfall 216212 (2022) Kat:3, Licht: 2","216212","3","1","0","06","03","5","","2","0","0","0","0"
"POINT (11.674678233000099 48.109031097000098)","Unfall 216214 (2022) Kat:3, Licht: 0","216214","3","3","5","06","18","2","","0","0","1","0","1"
"POINT (11.580704114000101 48.207187626000099)","Unfall 216216 (2022) Kat:2, Licht: 0","216216","2","7","0","06","09","1","","0","1","0","0","0"
"POINT (11.527256318000100 48.094767234000102)","Unfall 216217 (2022) Kat:3, Licht: 0","216217","3","1","7","06","19","4","","0","1","0","0","0"
"POINT (11.596986691000000 48.137804283000001)","Unfall 216220 (2022) Kat:3, Licht: 0","216220","3","7","0","06","09","2","","0","1","0","0","0"
"POINT (11.584641930000000 48.157203685000098)","Unfall 216224 (2022) Kat:3, Licht: 0","216224","3","6","4","06","08","4","","0","1","0","0","0"
"POINT (11.465118829000099 48.145851849000103)","Unfall 216226 (2022) Kat:3, Licht: 0","216226","3","6","2","06","18","3","","0","1","0","0","0"
"POINT (11.569228333000099 48.121767478999999)","Unfall 216230 (2022) Kat:3, Licht: 0","216230","3","2","5","06","10","7","","0","1","1","0","0"
"POINT (11.499475246999999 48.139648317000102)","Unfall 216235 (2022) Kat:3, Licht: 0","216235","3","1","8","06","12","7","","0","1","0","0","0"
"POINT (11.561854457000001 48.125110907000099)","Unfall 216251 (2022) Kat:3, Licht: 0","216251","3","2","0","06","11","2","","0","0","0","1","0"
"POINT (11.549784720000000 48.136796973000102)","Unfall 216262 (2022) Kat:3, Licht: 1","216262","3","3","5","06","20","5","","1","1","1","0","0"
"POINT (11.553946679999999 48.121396295000103)","Unfall 216267 (2022) Kat:3, Licht: 0","216267","3","7","6","06","13","2","","0","0","1","1","0"
"POINT (11.574273266000001 48.147692703000097)","Unfall 216268 (2022) Kat:3, Licht: 0","216268","3","6","3","06","08","6","","0","0","1","0","1"
"POINT (11.590030420000099 48.139625269000099)","Unfall 216273 (2022) Kat:3, Licht: 0","216273","3","6","4","06","09","3","","0","1","0","0","0"
"POINT (11.595654759000100 48.102414243000098)","Unfall 216279 (2022) Kat:2, Licht: 0","216279","2","1","0","06","15","3","","0","1","0","0","0"
"POINT (11.548321794000101 48.118100229000000)","Unfall 216284 (2022) Kat:3, Licht: 0","216284","3","1","0","06","20","5","","0","1","0","0","0"
"POINT (11.711299654000101 48.138185681000003)","Unfall 216295 (2022) Kat:3, Licht: 0","216295","3","1","0","06","06","5","","0","1","0","0","0"
"POINT (11.597706190000100 48.102591846999999)","Unfall 216300 (2022) Kat:3, Licht: 0","216300","3","6","3","06","06","6","","0","1","0","0","0"
"POINT (11.612839355000100 48.120171569000000)","Unfall 216316 (2022) Kat:3, Licht: 0","216316","3","3","5","06","18","3","","0","1","1","0","0"
"POINT (11.523964856000100 48.181978887000099)","Unfall 216318 (2022) Kat:3, Licht: 0","216318","3","3","5","06","21","7","","0","0","1","0","1"
"POINT (11.522494509000101 48.117168489999997)","Unfall 216331 (2022) Kat:3, Licht: 0","216331","3","3","5","06","18","2","","0","1","1","0","0"
"POINT (11.672356241999999 48.082095557000102)","Unfall 216333 (2022) Kat:3, Licht: 0","216333","3","3","5","06","14","1","","0","0","1","0","0"
"POINT (11.603017828000100 48.123321395000097)","Unfall 216338 (2022) Kat:3, Licht: 0","216338","3","7","3","06","15","5","","0","0","1","0","0"
"POINT (11.476222833000101 48.111036301000098)","Unfall 216343 (2022) Kat:3, Licht: 0","216343","3","3","5","06","11","4","","0","1","0","0","0"
"POINT (11.589360818999999 48.124509811000102)","Unfall 216356 (2022) Kat:3, Licht: 0","216356","3","7","6","06","13","7","","0","0","1","1","0"
"POINT (11.584944130000100 48.158290970000103)","Unfall 216358 (2022) Kat:3, Licht: 0","216358","3","3","0","06","19","3","","0","1","1","0","0"
"POINT (11.470342123000000 48.182386266999998)","Unfall 216365 (2022) Kat:3, Licht: 0","216365","3","6","1","06","09","2","","0","0","1","0","1"
"POINT (11.568480302000101 48.131342458000098)","Unfall 216375 (2022) Kat:3, Licht: 0","216375","3","4","6","06","15","6","","0","1","0","1","0"
"POINT (11.547345973000100 48.159433486000097)","Unfall 216388 (2022) Kat:3, Licht: 0","216388","3","2","4","06","13","4","","0","0","1","0","0"
"POINT (11.654716793000000 48.113665974000099)","Unfall 216389 (2022) Kat:3, Licht: 0","216389","3","3","5","06","11","5","","0","0","1","0","0"
"POINT (11.585348923000000 48.154421415999998)","Unfall 216403 (2022) Kat:3, Licht: 0","216403","3","1","0","06","18","2","","0","1","0","0","0"
"POINT (11.636763545000100 48.117657694999998)","Unfall 216415 (2022) Kat:3, Licht: 0","216415","3","7","2","06","13","1","","0","0","1","0","0"
"POINT (11.579234943000101 48.146184050000002)","Unfall 216416 (2022) Kat:3, Licht: 2","216416","3","5","3","06","22","4","","2","1","1","0","0"
"POINT (11.534770038000000 48.140044880000097)","Unfall 216417 (2022) Kat:3, Licht: 0","216417","3","2","4","06","16","3","","0","1","1","0","0"
"POINT (11.575766337000100 48.129915382999997)","Unfall 216419 (2022) Kat:3, Licht: 0","216419","3","5","4","06","16","2","","0","1","1","0","0"
"POINT (11.605077108000000 48.130198441000097)","Unfall 216425 (2022) Kat:3, Licht: 0","216425","3","7","2","06","08","3","","0","1","1","0","0"
"POINT (11.537497875000000 48.151646533000097)","Unfall 216433 (2022) Kat:3, Licht: 0","216433","3","2","5","06","12","5","","0","1","1","0","0"
"POINT (11.587388133999999 48.134591214000103)","Unfall 216446 (2022) Kat:3, Licht: 0","216446","3","3","1","06","11","3","","0","1","1","0","0"
"POINT (11.514484546000100 48.103127311000001)","Unfall 216449 (2022) Kat:3, Licht: 0","216449","3","2","4","06","17","2","","0","0","1","0","0"
"POINT (11.586526839999999 48.183199862999999)","Unfall 216458 (2022) Kat:3, Licht: 0","216458","3","3","5","06","14","4","","0","0","1","0","0"
"POINT (11.413673837999999 48.148824739000098)","Unfall 216474 (2022) Kat:3, Licht: 0","216474","3","7","0","06","14","7","","0","0","0","0","0"
"POINT (11.396966108000100 48.186433560000097)","Unfall 216477 (2022) Kat:3, Licht: 0","216477","3","1","0","06","12","1","","0","1","0","0","0"
"POINT (11.535258293000000 48.176398268000099)","Unfall 216481 (2022) Kat:3, Licht: 0","216481","3","3","5","06","08","5","","0","0","1","0","0"
"POINT (11.568605606000100 48.156767561000002)","Unfall 216485 (2022) Kat:3, Licht: 0","216485","3","3","5","06","18","3","","0","1","1","0","0"
"POINT (11.544745906000101 48.122390767000098)","Unfall 216495 (2022) Kat:3, Licht: 0","216495","3","3","5","06","08","2","","0","1","1","0","0"
"POINT (11.588224645000000 48.167469709000002)","Unfall 216497 (2022) Kat:3, Licht: 0","216497","3","1","0","06","16","1","","0","1","0","0","0"
"POINT (11.611846980000101 48.138318890000100)","Unfall 216499 (2022) Kat:3, Licht: 0","216499","3","6","0","06","12","3","","0","0","1","0","1"
"POINT (11.528758853999999 48.213772540000001)","Unfall 216500 (2022) Kat:3, Licht: 0","216500","3","6","4","06","19","1","","0","0","0","0","1"
"POINT (11.569086374999999 48.158818650000100)","Unfall 216506 (2022) Kat:2, Licht: 0","216506","2","1","0","06","07","5","","0","1","0","0","0"
"POINT (11.498193616000000 48.095950659000003)","Unfall 216507 (2022) Kat:3, Licht: 0","216507","3","7","1","06","17","4","","0","0","1","0","0"
"POINT (11.528408964000100 48.165166296000102)","Unfall 216515 (2022) Kat:3, Licht: 0","216515","3","6","5","06","18","3","","0","1","0","0","0"
"POINT (11.558946343000100 48.168623022000098)","Unfall 216520 (2022) Kat:3, Licht: 0","216520","3","6","0","06","12","7","","0","1","1","0","0"
"POINT (11.602997645000100 48.112619586999998)","Unfall 216529 (2022) Kat:3, Licht: 0","216529","3","6","1","06","11","2","","0","0","0","0","1"
"POINT (11.538114312000101 48.214107837000000)","Unfall 216534 (2022) Kat:3, Licht: 2","216534","3","3","5","06","20","2","","2","1","1","0","0"
"POINT (11.502480694999999 48.116266340000003)","Unfall 216539 (2022) Kat:3, Licht: 0","216539","3","7","5","06","11","5","","0","0","1","0","0"
"POINT (11.547005927000001 48.133240616000101)","Unfall 216544 (2022) Kat:3, Licht: 2","216544","3","7","0","06","00","6","","2","1","0","0","0"
"POINT (11.588267537000000 48.154514296999999)","Unfall 216548 (2022) Kat:3, Licht: 2","216548","3","7","6","06","22","5","","2","1","0","1","0"
"POINT (11.534727165000000 48.120442900000100)","Unfall 216552 (2022) Kat:3, Licht: 0","216552","3","2","5","06","16","5","","0","1","0","0","0"
"POINT (11.636466194000000 48.172127504999999)","Unfall 216568 (2022) Kat:2, Licht: 0","216568","2","2","5","06","16","7","","0","0","1","0","1"
"POINT (11.579917326000000 48.139073265999997)","Unfall 216575 (2022) Kat:3, Licht: 2","216575","3","7","3","06","22","5","","2","1","1","0","0"
"POINT (11.532148107000101 48.096337644000101)","Unfall 216580 (2022) Kat:3, Licht: 0","216580","3","3","5","06","18","4","","0","0","1","0","1"
"POINT (11.491263908000100 48.136360980000099)","Unfall 216589 (2022) Kat:3, Licht: 0","216589","3","1","0","06","13","5","","0","1","0","0","0"
"POINT (11.514058819000100 48.179819887000100)","Unfall 216596 (2022) Kat:3, Licht: 0","216596","3","3","5","06","16","4","","0","1","1","0","0"
"POINT (11.507867487000100 48.147372253000100)","Unfall 216599 (2022) Kat:3, Licht: 0","216599","3","3","5","06","16","3","","0","1","0","0","0"
"POINT (11.586488944999999 48.167331304000101)","Unfall 216602 (2022) Kat:3, Licht: 0","216602","3","3","5","06","17","2","","0","1","1","0","0"
"POINT (11.536944096000100 48.138196958999998)","Unfall 216603 (2022) Kat:3, Licht: 0","216603","3","5","3","06","19","7","","0","1","1","0","0"
"POINT (11.655001472000000 48.109150438000000)","Unfall 216616 (2022) Kat:2, Licht: 0","216616","2","7","0","06","10","7","","0","0","0","0","0"
"POINT (11.579058469000101 48.200937449000001)","Unfall 216625 (2022) Kat:3, Licht: 0","216625","3","6","4","06","13","2","","0","1","1","0","0"
"POINT (11.508285892000099 48.098144553000097)","Unfall 216627 (2022) Kat:3, Licht: 0","216627","3","2","0","06","18","1","","0","0","1","0","0"
"POINT (11.607488438000100 48.132979072000097)","Unfall 216637 (2022) Kat:3, Licht: 0","216637","3","3","1","06","07","5","","0","1","0","0","0"
"POINT (11.685730234000101 48.120845507000098)","Unfall 216649 (2022) Kat:3, Licht: 0","216649","3","6","4","06","16","2","","0","1","0","0","0"
"POINT (11.548499188999999 48.153076830000003)","Unfall 216654 (2022) Kat:3, Licht: 0","216654","3","3","5","06","06","2","","0","1","1","0","0"
"POINT (11.566415123000100 48.184729231000098)","Unfall 216673 (2022) Kat:3, Licht: 0","216673","3","7","0","06","15","5","","0","0","0","0","0"
"POINT (11.565568333000000 48.123827323999997)","Unfall 216676 (2022) Kat:3, Licht: 0","216676","3","2","0","06","19","4","","0","0","1","0","1"
"POINT (11.536616873000099 48.153712661000000)","Unfall 216677 (2022) Kat:3, Licht: 1","216677","3","2","5","06","19","3","","1","1","1","0","0"
"POINT (11.580200817000000 48.159751896000003)","Unfall 216679 (2022) Kat:3, Licht: 0","216679","3","1","0","06","17","2","","0","1","0","0","0"
"POINT (11.489329413000100 48.130255562000102)","Unfall 216680 (2022) Kat:3, Licht: 0","216680","3","5","0","06","10","6","","0","1","0","0","0"
"POINT (11.566063115000100 48.177439621000097)","Unfall 216685 (2022) Kat:3, Licht: 0","216685","3","4","6","06","14","3","","0","1","0","1","0"
"POINT (11.578481174000000 48.138694042000097)","Unfall 216689 (2022) Kat:3, Licht: 2","216689","3","1","0","06","00","7","","2","0","0","0","0"
"POINT (11.562745453000000 48.144168860999997)","Unfall 216691 (2022) Kat:2, Licht: 0","216691","2","2","5","06","15","3","","0","1","0","0","0"
"POINT (11.564831280000000 48.124058293000097)","Unfall 216701 (2022) Kat:3, Licht: 2","216701","3","5","1","06","22","2","","2","0","1","0","0"
"POINT (11.481607822000100 48.141672905000100)","Unfall 216706 (2022) Kat:3, Licht: 0","216706","3","2","3","06","09","5","","0","0","1","0","0"
"POINT (11.556171810000000 48.208323018000002)","Unfall 216710 (2022) Kat:3, Licht: 0","216710","3","3","5","06","07","6","","0","0","1","0","0"
"POINT (11.521213531000100 48.094857613000002)","Unfall 216715 (2022) Kat:3, Licht: 0","216715","3","2","5","06","16","3","","0","1","1","0","0"
"POINT (11.546854865000100 48.159244456000103)","Unfall 216717 (2022) Kat:3, Licht: 0","216717","3","7","0","06","15","7","","0","0","1","0","0"
"POINT (11.684010972000101 48.140655563000102)","Unfall 216727 (2022) Kat:3, Licht: 0","216727","3","2","4","06","15","5","","0","0","1","0","1"
"POINT (11.594016784000100 48.128640046999998)","Unfall 216730 (2022) Kat:2, Licht: 0","216730","2","7","4","06","12","7","","0","0","1","0","1"
"POINT (11.557061686999999 48.208321634000100)","Unfall 216733 (2022) Kat:3, Licht: 0","216733","3","7","4","06","18","7","","0","0","1","0","0"
"POINT (11.407867700000100 48.155586126999999)","Unfall 216744 (2022) Kat:2, Licht: 0","216744","2","7","5","06","12","1","","0","1","1","0","0"
"POINT (11.488855547000099 48.083709670000097)","Unfall 216752 (2022) Kat:2, Licht: 0","216752","2","1","0","06","07","5","","0","1","0","0","0"
"POINT (11.580344615000101 48.148547546000003)","Unfall 216759 (2022) Kat:3, Licht: 0","216759","3","7","0","06","08","4","","0","1","0","0","0"
"POINT (11.561814357999999 48.147405179000003)","Unfall 216769 (2022) Kat:3, Licht: 0","216769","3","3","5","06","18","1","","0","1","1","0","0"
"POINT (11.520294860000000 48.070477659000098)","Unfall 216770 (2022) Kat:3, Licht: 0","216770","3","3","5","06","12","3","","0","0","1","0","1"
"POINT (11.491622662000101 48.140322669000099)","Unfall 216775 (2022) Kat:2, Licht: 0","216775","2","1","0","06","20","5","","0","0","0","0","0"
"POINT (11.660300943999999 48.126209111999998)","Unfall 216780 (2022) Kat:3, Licht: 0","216780","3","2","0","06","17","4","","0","1","1","0","0"
"POINT (11.537432660000000 48.134933358000097)","Unfall 216781 (2022) Kat:2, Licht: 0","216781","2","4","6","06","16","3","","0","0","1","1","0"
"POINT (11.548503518000100 48.124111583999998)","Unfall 216785 (2022) Kat:3, Licht: 0","216785","3","4","6","06","08","5","","0","1","0","1","0"
"POINT (11.585228483000000 48.158896291000097)","Unfall 216788 (2022) Kat:3, Licht: 0","216788","3","6","3","06","15","5","","0","1","1","0","0"
"POINT (11.567503706000000 48.140379533999997)","Unfall 216809 (2022) Kat:3, Licht: 0","216809","3","7","6","06","18","4","","0","0","0","1","0"
"POINT (11.484232985000100 48.130174930000102)","Unfall 216814 (2022) Kat:3, Licht: 0","216814","3","7","0","06","20","7","","0","1","0","1","0"
"POINT (11.650020843000000 48.109065875000098)","Unfall 216818 (2022) Kat:3, Licht: 0","216818","3","3","4","06","08","7","","0","0","1","0","0"
"POINT (11.504058525000101 48.098590915999999)","Unfall 216827 (2022) Kat:2, Licht: 0","216827","2","3","5","06","11","5","","0","1","1","0","0"
"POINT (11.558110500000099 48.150438899000100)","Unfall 216834 (2022) Kat:3, Licht: 1","216834","3","6","3","06","21","6","","1","1","0","0","0"
"POINT (11.566698691999999 48.133336406000097)","Unfall 216851 (2022) Kat:2, Licht: 2","216851","2","2","4","06","22","2","","2","0","1","0","1"
"POINT (11.568379394999999 48.130417686999998)","Unfall 216857 (2022) Kat:3, Licht: 0","216857","3","4","6","06","11","4","","0","1","0","1","0"
"POINT (11.578481067000000 48.161938692000000)","Unfall 216862 (2022) Kat:3, Licht: 0","216862","3","1","0","06","06","5","","0","1","0","0","0"
"POINT (11.554220491000001 48.167924878000100)","Unfall 216864 (2022) Kat:3, Licht: 0","216864","3","7","6","06","16","2","","0","0","1","1","0"
"POINT (11.573409218000100 48.120274627000100)","Unfall 216865 (2022) Kat:3, Licht: 0","216865","3","5","1","06","14","7","","0","0","1","0","1"
"POINT (11.572602040000000 48.149993215999999)","Unfall 216875 (2022) Kat:3, Licht: 0","216875","3","7","6","06","17","5","","0","1","0","1","0"
"POINT (11.585637302000100 48.159958234000001)","Unfall 216877 (2022) Kat:3, Licht: 0","216877","3","6","2","06","07","4","","0","0","1","0","1"
"POINT (11.579675686000000 48.161380447000099)","Unfall 216879 (2022) Kat:3, Licht: 2","216879","3","7","1","06","21","1","","2","1","0","0","0"
"POINT (11.575111312000001 48.160321109999998)","Unfall 216882 (2022) Kat:3, Licht: 0","216882","3","7","0","06","15","5","","0","1","0","0","0"
"POINT (11.590508102999999 48.133797497000003)","Unfall 216887 (2022) Kat:3, Licht: 0","216887","3","7","9","06","15","3","","0","1","0","0","0"
"POINT (11.505850832000000 48.091326068999997)","Unfall 216889 (2022) Kat:3, Licht: 0","216889","3","2","6","06","16","7","","0","0","1","1","0"
"POINT (11.597703964000100 48.102595168000100)","Unfall 216893 (2022) Kat:3, Licht: 0","216893","3","3","5","06","09","3","","0","1","1","0","0"
"POINT (11.558962148999999 48.168622612999997)","Unfall 216898 (2022) Kat:3, Licht: 0","216898","3","6","0","06","15","5","","0","0","0","0","1"
"POINT (11.537848811000099 48.137015322000103)","Unfall 216902 (2022) Kat:3, Licht: 0","216902","3","7","0","06","15","3","","0","1","0","0","0"
"POINT (11.605860363000000 48.102713127000101)","Unfall 216906 (2022) Kat:3, Licht: 0","216906","3","1","0","06","09","5","","0","1","0","0","0"
"POINT (11.526053219000101 48.118657552000101)","Unfall 216909 (2022) Kat:3, Licht: 0","216909","3","2","5","06","18","5","","0","1","1","0","0"
"POINT (11.636186225000101 48.138355782000097)","Unfall 216911 (2022) Kat:3, Licht: 0","216911","3","7","0","06","08","4","","0","0","0","0","1"
"POINT (11.603351528000101 48.146251048000103)","Unfall 216924 (2022) Kat:3, Licht: 0","216924","3","2","3","06","09","5","","0","1","1","0","0"
"POINT (11.541951808000000 48.121930982999999)","Unfall 216925 (2022) Kat:2, Licht: 0","216925","2","7","0","06","19","4","","0","1","0","0","0"
"POINT (11.456350126000100 48.152937325000003)","Unfall 216933 (2022) Kat:3, Licht: 0","216933","3","7","5","06","15","3","","0","1","1","0","0"
"POINT (11.615212736000000 48.131075428000003)","Unfall 216947 (2022) Kat:3, Licht: 0","216947","3","7","3","06","17","2","","0","1","0","0","0"
"POINT (11.586735678000000 48.164180553999998)","Unfall 216952 (2022) Kat:3, Licht: 0","216952","3","2","3","06","10","2","","0","1","1","0","0"
"POINT (11.596267663000001 48.135590943000103)","Unfall 216959 (2022) Kat:3, Licht: 0","216959","3","6","1","06","21","4","","0","1","1","0","0"
"POINT (11.530631205000100 48.183071355999999)","Unfall 216962 (2022) Kat:3, Licht: 0","216962","3","4","6","06","09","6","","0","1","0","1","0"
"POINT (11.566457629000100 48.140494091999997)","Unfall 216970 (2022) Kat:3, Licht: 0","216970","3","1","0","06","13","6","","0","0","0","0","1"
"POINT (11.591811261000000 48.136843567000000)","Unfall 217004 (2022) Kat:3, Licht: 0","217004","3","6","3","06","17","5","","0","1","0","0","0"
"POINT (11.560915778000000 48.223137340999997)","Unfall 217014 (2022) Kat:3, Licht: 0","217014","3","3","5","06","14","3","","0","0","1","0","1"
"POINT (11.585854960000100 48.129121705000003)","Unfall 217019 (2022) Kat:3, Licht: 2","217019","3","7","1","06","23","1","","2","1","1","0","0"
"POINT (11.583416701000001 48.155056121000001)","Unfall 217031 (2022) Kat:3, Licht: 0","217031","3","6","3","06","17","4","","0","1","1","0","0"
"POINT (11.630197806000099 48.130863077000100)","Unfall 217036 (2022) Kat:3, Licht: 0","217036","3","1","1","06","09","3","","0","1","1","0","0"
"POINT (11.561092896000000 48.138231752000102)","Unfall 217040 (2022) Kat:3, Licht: 0","217040","3","1","1","06","13","6","","0","0","1","0","1"
"POINT (11.585724673000099 48.200997974000103)","Unfall 217043 (2022) Kat:3, Licht: 0","217043","3","2","6","06","15","2","","0","0","0","1","0"
"POINT (11.506988988000000 48.078125933000102)","Unfall 217046 (2022) Kat:3, Licht: 0","217046","3","1","0","06","11","4","","0","1","0","0","0"
"POINT (11.608416406000099 48.205286178000101)","Unfall 217047 (2022) Kat:3, Licht: 0","217047","3","7","2","06","10","3","","0","0","1","0","1"
"POINT (11.648174832000100 48.111640663999999)","Unfall 217054 (2022) Kat:3, Licht: 0","217054","3","3","5","06","10","5","","0","1","1","0","0"
"POINT (11.503529980000099 48.149271107000096)","Unfall 217067 (2022) Kat:3, Licht: 0","217067","3","3","5","06","07","2","","0","1","1","0","0"
"POINT (11.549732698000099 48.137320875000100)","Unfall 217068 (2022) Kat:3, Licht: 0","217068","3","7","0","06","10","7","","0","1","0","1","0"
"POINT (11.669346518999999 48.122340410000000)","Unfall 217070 (2022) Kat:3, Licht: 0","217070","3","2","4","06","08","3","","0","1","1","0","0"
"POINT (11.587622368000000 48.137999280000002)","Unfall 217071 (2022) Kat:3, Licht: 2","217071","3","1","0","06","23","1","","2","1","0","0","0"
"POINT (11.582762328999999 48.170920246999998)","Unfall 217078 (2022) Kat:3, Licht: 0","217078","3","2","4","06","15","4","","0","1","1","0","0"
"POINT (11.537770557000000 48.138160638999999)","Unfall 217086 (2022) Kat:3, Licht: 0","217086","3","7","5","06","20","3","","0","1","1","0","0"
"POINT (11.576375272000099 48.119062948000099)","Unfall 217088 (2022) Kat:3, Licht: 0","217088","3","7","6","06","16","7","","0","0","1","1","0"