WKT,Name,OBJECTID,UKATEGORIE,UTYP1,UART,UMONAT,USTUNDE,UWOCHENTAG,STRZUSTAND,ULICHTVERH,ISTRAD,ISTPKW,ISTFUSS,ISTKRAD
"POINT (11.567339282000001 48.178171909000099)","Unfall 217091 (2022) Kat:3, Licht: 0","217091","3","3","5","06","10","7","","0","1","1","0","0"
"POINT (11.517440299000000 48.119205471999997)","Unfall 217097 (2022) Kat:3, Licht: 0","217097","3","3","5","07","08","2","","0","0","1","0","0"
"POINT (11.548077331000099 48.175577468000000)","Unfall 217098 (2022) Kat:3, Licht: 0","217098","3","1","4","07","16","3","","0","1","0","0","0"
"POINT (11.586126223000100 48.131771781000097)","Unfall 217100 (2022) Kat:3, Licht: 0","217100","3","6","0","06","16","5","","0","1","0","1","0"
"POINT (11.636653816000001 48.100530289000098)","Unfall 217101 (2022) Kat:3, Licht: 0","217101","3","7","0","07","14","1","","0","0","0","0","1"
"POINT (11.608167737000000 48.137715642000003)","Unfall 217102 (2022) Kat:3, Licht: 0","217102","3","3","5","06","16","3","","0","0","1","0","1"
"POINT (11.574780338000000 48.145342889000098)","Unfall 217105 (2022) Kat:3, Licht: 0","217105","3","7","0","07","06","2","","0","0","0","0","1"
"POINT (11.574819181000100 48.211726831000099)","Unfall 217124 (2022) Kat:3, Licht: 2","217124","3","7","0","07","00","1","","2","0","0","0","1"
"POINT (11.634975465000000 48.137906719000100)","Unfall 217131 (2022) Kat:3, Licht: 0","217131","3","2","5","07","16","3","","0","1","1","0","0"
"POINT (11.543255501000001 48.162192609999998)","Unfall 217133 (2022) Kat:3, Licht: 0","217133","3","7","1","06","17","5","","0","1","1","0","0"
"POINT (11.549602248999999 48.126987587000002)","Unfall 217141 (2022) Kat:3, Licht: 0","217141","3","3","5","07","14","2","","0","1","1","0","0"
"POINT (11.599398452999999 48.125307156000098)","Unfall 217145 (2022) Kat:3, Licht: 0","217145","3","2","5","07","16","6","","0","0","1","0","0"
"POINT (11.620027434000100 48.137999624000003)","Unfall 217159 (2022) Kat:3, Licht: 0","217159","3","2","3","06","07","2","","0","1","1","0","0"
"POINT (11.572987672000099 48.183000848000098)","Unfall 217161 (2022) Kat:3, Licht: 0","217161","3","6","2","06","20","3","","0","0","1","0","0"
"POINT (11.552446815000099 48.119850301000000)","Unfall 217168 (2022) Kat:3, Licht: 0","217168","3","1","0","07","20","7","","0","1","0","0","0"
"POINT (11.533371370000101 48.121491014000100)","Unfall 217172 (2022) Kat:3, Licht: 0","217172","3","3","1","07","11","1","","0","1","1","0","0"
"POINT (11.561777492999999 48.125134648000000)","Unfall 217173 (2022) Kat:3, Licht: 2","217173","3","2","0","06","22","3","","2","0","1","1","0"
"POINT (11.662856932000100 48.088579014000103)","Unfall 217178 (2022) Kat:3, Licht: 0","217178","3","7","7","06","19","4","","0","1","1","0","0"
"POINT (11.577888111000000 48.136263939999999)","Unfall 217179 (2022) Kat:3, Licht: 0","217179","3","5","0","07","19","3","","0","1","1","0","0"
"POINT (11.427073464999999 48.148943576000100)","Unfall 217191 (2022) Kat:3, Licht: 0","217191","3","7","1","06","15","1","","0","0","1","0","0"
"POINT (11.673146691000101 48.110839831000099)","Unfall 217193 (2022) Kat:3, Licht: 0","217193","3","2","5","07","13","6","","0","0","1","0","0"
"POINT (11.536525766000100 48.139862660000098)","Unfall 217198 (2022) Kat:3, Licht: 0","217198","3","2","3","06","08","2","","0","1","1","0","0"
"POINT (11.443592402000000 48.136777247000097)","Unfall 217207 (2022) Kat:3, Licht: 0","217207","3","7","0","07","20","7","","0","0","0","0","1"
"POINT (11.582228626000100 48.144695280000100)","Unfall 217210 (2022) Kat:3, Licht: 2","217210","3","7","0","07","00","1","","2","1","0","0","0"
"POINT (11.582863806000001 48.141325611000099)","Unfall 217212 (2022) Kat:3, Licht: 2","217212","3","7","0","06","23","7","","2","1","0","0","0"
"POINT (11.588434219000000 48.100473303000101)","Unfall 217215 (2022) Kat:3, Licht: 0","217215","3","2","3","06","07","4","","0","0","0","0","1"
"POINT (11.475944389000100 48.108548953000103)","Unfall 217218 (2022) Kat:3, Licht: 0","217218","3","7","0","06","16","5","","0","0","0","0","0"
"POINT (11.539228165000100 48.125305151000099)","Unfall 217220 (2022) Kat:3, Licht: 0","217220","3","3","5","07","12","7","","0","0","1","0","0"
"POINT (11.566540497000100 48.184870893999999)","Unfall 217226 (2022) Kat:3, Licht: 0","217226","3","1","0","06","17","7","","0","1","0","0","0"
"POINT (11.655358580000000 48.096158125999999)","Unfall 217230 (2022) Kat:3, Licht: 0","217230","3","1","9","07","13","3","","0","0","1","0","0"
"POINT (11.575072234000100 48.184401922000099)","Unfall 217240 (2022) Kat:3, Licht: 0","217240","3","2","0","06","19","1","","0","1","0","0","0"
"POINT (11.575934442000101 48.175737843000000)","Unfall 217246 (2022) Kat:3, Licht: 0","217246","3","5","1","06","17","2","","0","1","1","0","0"
"POINT (11.584199616999999 48.131801014000096)","Unfall 217255 (2022) Kat:3, Licht: 0","217255","3","6","4","07","14","3","","0","1","0","0","0"
"POINT (11.590967623999999 48.187865529000099)","Unfall 217257 (2022) Kat:3, Licht: 0","217257","3","2","5","06","07","5","","0","0","1","0","0"
"POINT (11.579952704000000 48.125125417000000)","Unfall 217269 (2022) Kat:3, Licht: 0","217269","3","1","0","06","09","2","","0","1","0","0","0"
"POINT (11.552239016000000 48.207003380000103)","Unfall 217271 (2022) Kat:3, Licht: 0","217271","3","3","5","06","18","3","","0","0","1","0","1"
"POINT (11.503328941000101 48.188444632000000)","Unfall 217286 (2022) Kat:3, Licht: 0","217286","3","1","0","06","10","1","","0","1","0","0","0"
"POINT (11.616600966000000 48.128158943000102)","Unfall 217293 (2022) Kat:3, Licht: 0","217293","3","7","0","07","09","7","","0","1","0","0","0"
"POINT (11.413200227000100 48.175342829999998)","Unfall 217303 (2022) Kat:3, Licht: 0","217303","3","6","2","07","14","3","","0","0","1","0","1"
"POINT (11.674760919000100 48.114431835000097)","Unfall 217306 (2022) Kat:3, Licht: 0","217306","3","7","1","07","19","1","","0","0","1","0","0"
"POINT (11.585461861000100 48.163362503000002)","Unfall 217308 (2022) Kat:3, Licht: 0","217308","3","1","4","06","14","3","","0","1","1","0","0"
"POINT (11.520976125000100 48.114198626000103)","Unfall 217309 (2022) Kat:3, Licht: 0","217309","3","5","3","06","11","7","","0","1","1","0","0"
"POINT (11.600704254000000 48.121902859999999)","Unfall 217327 (2022) Kat:3, Licht: 0","217327","3","7","1","07","21","7","","0","1","1","0","0"
"POINT (11.586120312000000 48.133369643999998)","Unfall 217331 (2022) Kat:3, Licht: 0","217331","3","1","0","07","17","1","","0","1","0","0","0"
"POINT (11.638868425000100 48.129774940000097)","Unfall 217333 (2022) Kat:3, Licht: 0","217333","3","2","6","06","11","7","","0","0","1","1","0"
"POINT (11.578462639000101 48.139419238000102)","Unfall 217335 (2022) Kat:3, Licht: 0","217335","3","1","0","07","09","2","","0","1","0","0","0"
"POINT (11.583753219000100 48.114006799999999)","Unfall 217336 (2022) Kat:3, Licht: 0","217336","3","2","3","07","08","3","","0","1","1","0","0"
"POINT (11.556874397000101 48.143351213000102)","Unfall 217338 (2022) Kat:2, Licht: 0","217338","2","6","3","06","08","5","","0","1","0","0","0"
"POINT (11.575013365000100 48.160333573000102)","Unfall 217344 (2022) Kat:3, Licht: 2","217344","3","1","0","07","02","1","","2","0","0","0","0"
"POINT (11.546975876999999 48.139215516000000)","Unfall 217346 (2022) Kat:2, Licht: 2","217346","2","7","0","06","04","7","","2","0","0","0","0"
"POINT (11.595366982000000 48.150641428000000)","Unfall 217350 (2022) Kat:3, Licht: 0","217350","3","1","1","07","08","3","","0","1","1","0","0"
"POINT (11.593686272000101 48.140169362999998)","Unfall 217351 (2022) Kat:3, Licht: 0","217351","3","6","3","06","12","1","","0","1","1","0","0"
"POINT (11.665495069000000 48.134886776000002)","Unfall 217352 (2022) Kat:3, Licht: 0","217352","3","7","1","06","18","5","","0","0","1","0","0"
"POINT (11.563309750000000 48.153864759000001)","Unfall 217362 (2022) Kat:2, Licht: 0","217362","2","7","0","06","11","1","","0","1","0","0","0"
"POINT (11.493076912999999 48.185999848000101)","Unfall 217375 (2022) Kat:2, Licht: 0","217375","2","3","5","06","08","6","","0","1","0","0","0"
"POINT (11.492073807000100 48.183921560000002)","Unfall 217385 (2022) Kat:3, Licht: 0","217385","3","7","6","07","16","2","","0","0","0","1","1"
"POINT (11.557923289000000 48.145589643999998)","Unfall 217386 (2022) Kat:2, Licht: 0","217386","2","2","5","06","14","4","","0","0","1","0","1"
"POINT (11.525011606000000 48.201397978000003)","Unfall 217387 (2022) Kat:3, Licht: 0","217387","3","3","5","07","19","3","","0","1","1","0","0"
"POINT (11.588916099000100 48.137399924000100)","Unfall 217390 (2022) Kat:3, Licht: 0","217390","3","7","0","06","17","2","","0","1","0","0","0"
"POINT (11.520282348000000 48.136036994000101)","Unfall 217394 (2022) Kat:3, Licht: 0","217394","3","7","1","06","09","2","","0","1","1","0","0"
"POINT (11.549092519000100 48.144450589000002)","Unfall 217400 (2022) Kat:3, Licht: 0","217400","3","6","3","07","17","6","","0","1","1","0","0"
"POINT (11.566737721000001 48.130845428999997)","Unfall 217404 (2022) Kat:3, Licht: 2","217404","3","7","8","06","01","2","","2","0","0","0","0"
"POINT (11.540216147000001 48.149872856999998)","Unfall 217412 (2022) Kat:3, Licht: 0","217412","3","4","6","07","19","6","","0","0","1","1","0"
"POINT (11.592088245000101 48.142218524999997)","Unfall 217422 (2022) Kat:3, Licht: 1","217422","3","2","3","06","20","6","","1","1","1","0","0"
"POINT (11.636598227000000 48.172074498000001)","Unfall 217425 (2022) Kat:2, Licht: 0","217425","2","3","8","07","12","7","","0","1","1","0","0"
"POINT (11.487076584000000 48.217616886000002)","Unfall 217429 (2022) Kat:3, Licht: 0","217429","3","3","5","07","15","1","","0","0","1","0","0"
"POINT (11.552082671999999 48.213871013000102)","Unfall 217431 (2022) Kat:3, Licht: 0","217431","3","7","6","06","16","7","","0","0","0","1","0"
"POINT (11.644992101000099 48.164209602000000)","Unfall 217435 (2022) Kat:3, Licht: 0","217435","3","3","1","07","20","3","","0","0","1","0","1"
"POINT (11.585041828000000 48.132430925000101)","Unfall 217437 (2022) Kat:3, Licht: 0","217437","3","3","5","06","21","5","","0","0","1","0","0"
"POINT (11.570885061000100 48.139136184000101)","Unfall 217444 (2022) Kat:3, Licht: 2","217444","3","1","0","06","01","1","","2","0","0","0","0"
"POINT (11.592206023000101 48.142409049999998)","Unfall 217446 (2022) Kat:3, Licht: 0","217446","3","3","5","07","13","6","","0","1","1","0","0"
"POINT (11.498565188000001 48.094991488000097)","Unfall 217460 (2022) Kat:3, Licht: 0","217460","3","3","4","07","15","3","","0","1","1","0","0"
"POINT (11.474603923000100 48.169309204999998)","Unfall 217462 (2022) Kat:3, Licht: 0","217462","3","3","5","06","06","5","","0","1","1","0","0"
"POINT (11.447652250000001 48.172646581999999)","Unfall 217465 (2022) Kat:2, Licht: 0","217465","2","6","4","06","06","7","","0","0","1","0","0"
"POINT (11.502205854000101 48.109194070999997)","Unfall 217470 (2022) Kat:3, Licht: 0","217470","3","5","0","06","14","6","","0","1","0","1","0"
"POINT (11.701581056000100 48.139374438000097)","Unfall 217471 (2022) Kat:3, Licht: 0","217471","3","5","0","07","17","4","","0","1","1","0","0"
"POINT (11.551441998000000 48.175406367000100)","Unfall 217473 (2022) Kat:3, Licht: 0","217473","3","7","6","07","17","7","","0","0","0","1","0"
"POINT (11.536231854000100 48.138222130000003)","Unfall 217476 (2022) Kat:3, Licht: 0","217476","3","7","0","07","11","1","","0","1","0","0","0"
"POINT (11.536425408000101 48.116910969000102)","Unfall 217478 (2022) Kat:3, Licht: 0","217478","3","7","2","06","14","7","","0","0","1","0","0"
"POINT (11.445234979000100 48.148424985000098)","Unfall 217482 (2022) Kat:3, Licht: 0","217482","3","7","6","07","17","3","","0","1","0","1","0"
"POINT (11.502773291000000 48.165487962000000)","Unfall 217491 (2022) Kat:3, Licht: 0","217491","3","5","1","06","11","1","","0","1","1","0","0"
"POINT (11.571559334000000 48.157785302999997)","Unfall 217493 (2022) Kat:3, Licht: 0","217493","3","1","0","07","13","6","","0","0","0","0","1"
"POINT (11.473978190000000 48.167162905000097)","Unfall 217499 (2022) Kat:3, Licht: 0","217499","3","3","5","07","11","1","","0","1","1","0","0"
"POINT (11.604091135999999 48.108026720000097)","Unfall 217505 (2022) Kat:2, Licht: 0","217505","2","4","6","07","17","3","","0","1","0","1","0"
"POINT (11.531195209000000 48.183822208000002)","Unfall 217507 (2022) Kat:3, Licht: 0","217507","3","2","5","06","11","5","","0","1","1","0","0"
"POINT (11.541591704000000 48.150839175000002)","Unfall 217520 (2022) Kat:3, Licht: 0","217520","3","6","8","06","11","2","","0","1","0","0","0"
"POINT (11.502438552999999 48.139699527000097)","Unfall 217526 (2022) Kat:3, Licht: 0","217526","3","1","0","07","18","2","","0","1","0","0","0"
"POINT (11.509724015000099 48.182294280000100)","Unfall 217548 (2022) Kat:3, Licht: 0","217548","3","6","3","06","14","6","","0","1","0","0","0"
"POINT (11.571351438000001 48.131260381000097)","Unfall 217551 (2022) Kat:3, Licht: 2","217551","3","7","0","07","23","3","","2","1","0","0","0"
"POINT (11.559622020000100 48.186559817999999)","Unfall 217559 (2022) Kat:3, Licht: 0","217559","3","7","0","06","18","2","","0","1","0","0","0"
"POINT (11.562315739000001 48.162132966999998)","Unfall 217565 (2022) Kat:3, Licht: 0","217565","3","3","5","07","13","6","","0","0","1","0","0"
"POINT (11.529275886000100 48.132241716000102)","Unfall 217571 (2022) Kat:3, Licht: 2","217571","3","7","6","06","02","3","","2","1","0","1","0"
"POINT (11.684716756000100 48.119571188000101)","Unfall 217586 (2022) Kat:3, Licht: 0","217586","3","1","0","06","07","6","","0","1","0","0","0"
"POINT (11.648176985000100 48.139926117000101)","Unfall 217587 (2022) Kat:2, Licht: 0","217587","2","2","4","07","08","4","","0","1","1","0","0"
"POINT (11.565888416000099 48.122332390000103)","Unfall 217590 (2022) Kat:3, Licht: 0","217590","3","7","0","07","17","7","","0","1","0","0","0"
"POINT (11.591438097999999 48.187864574999999)","Unfall 217594 (2022) Kat:3, Licht: 2","217594","3","4","6","07","23","1","","2","0","1","1","0"
"POINT (11.570039391000000 48.140724816000002)","Unfall 217600 (2022) Kat:3, Licht: 0","217600","3","6","0","06","17","4","","0","1","1","0","0"
"POINT (11.510514213000000 48.227537346000098)","Unfall 217601 (2022) Kat:3, Licht: 0","217601","3","2","4","07","15","3","","0","1","0","0","0"
"POINT (11.572845040000100 48.130372979000100)","Unfall 217603 (2022) Kat:3, Licht: 0","217603","3","7","0","06","14","5","","0","1","0","0","0"
"POINT (11.607047439000000 48.140861787000098)","Unfall 217615 (2022) Kat:3, Licht: 0","217615","3","3","5","07","17","6","","0","1","0","0","0"
"POINT (11.561435168999999 48.134205379999997)","Unfall 217617 (2022) Kat:3, Licht: 0","217617","3","7","7","07","17","3","","0","0","0","0","0"
"POINT (11.558894711000100 48.120136029999998)","Unfall 217626 (2022) Kat:3, Licht: 0","217626","3","1","1","06","12","6","","0","0","0","0","1"
"POINT (11.560961381000000 48.153706700999997)","Unfall 217632 (2022) Kat:3, Licht: 0","217632","3","6","3","06","15","3","","0","1","1","0","0"
"POINT (11.556236735000001 48.137476284999998)","Unfall 217639 (2022) Kat:3, Licht: 0","217639","3","1","0","06","17","5","","0","0","1","0","0"
"POINT (11.616805046000000 48.131961739000097)","Unfall 217651 (2022) Kat:3, Licht: 0","217651","3","7","6","07","12","3","","0","1","0","1","0"
"POINT (11.533677185000000 48.115379059000098)","Unfall 217662 (2022) Kat:3, Licht: 1","217662","3","6","0","06","21","1","","1","0","1","0","1"
"POINT (11.426729229999999 48.160585151000099)","Unfall 217668 (2022) Kat:3, Licht: 0","217668","3","3","5","06","09","2","","0","1","1","0","0"
"POINT (11.511750161000100 48.155786014000100)","Unfall 217674 (2022) Kat:3, Licht: 0","217674","3","7","2","06","10","6","","0","1","1","0","0"
"POINT (11.556695820000099 48.155810002000102)","Unfall 217678 (2022) Kat:3, Licht: 0","217678","3","6","3","07","11","7","","0","1","0","0","0"
"POINT (11.579768828000100 48.135889920000103)","Unfall 217682 (2022) Kat:3, Licht: 0","217682","3","6","5","06","14","3","","0","1","0","0","0"
"POINT (11.617994518000000 48.108906724000100)","Unfall 217690 (2022) Kat:2, Licht: 0","217690","2","1","0","07","19","7","","0","0","0","0","0"
"POINT (11.520504956000000 48.176718311000101)","Unfall 217696 (2022) Kat:3, Licht: 0","217696","3","3","5","07","15","6","","0","1","1","0","0"
"POINT (11.575641426000100 48.199316990000099)","Unfall 217702 (2022) Kat:3, Licht: 0","217702","3","6","0","07","13","1","","0","1","0","0","0"
"POINT (11.671702485000001 48.120919485999998)","Unfall 217710 (2022) Kat:2, Licht: 0","217710","2","7","6","06","12","5","","0","0","1","1","0"
"POINT (11.421490237000100 48.147423578000001)","Unfall 217711 (2022) Kat:3, Licht: 2","217711","3","3","5","07","00","6","","2","0","1","1","0"
"POINT (11.502205598000000 48.109185082000103)","Unfall 217715 (2022) Kat:3, Licht: 0","217715","3","4","6","07","18","7","","0","0","0","1","0"
"POINT (11.549829014000100 48.124997733999997)","Unfall 217722 (2022) Kat:3, Licht: 0","217722","3","2","5","06","08","6","","0","1","1","0","0"
"POINT (11.476443095000000 48.164501309999999)","Unfall 217724 (2022) Kat:3, Licht: 0","217724","3","1","0","07","09","2","","0","0","0","0","0"
"POINT (11.709112347000000 48.107726513999999)","Unfall 217725 (2022) Kat:2, Licht: 0","217725","2","7","0","07","18","3","","0","1","0","0","0"
"POINT (11.617598820000101 48.187680933000102)","Unfall 217727 (2022) Kat:3, Licht: 0","217727","3","2","5","06","18","5","","0","1","1","0","0"
"POINT (11.584762079000001 48.158206829000100)","Unfall 217730 (2022) Kat:3, Licht: 0","217730","3","3","5","06","09","3","","0","1","1","0","0"
"POINT (11.579500956000100 48.151904377000101)","Unfall 217739 (2022) Kat:3, Licht: 0","217739","3","7","6","06","19","2","","0","1","0","1","0"
"POINT (11.574602618000000 48.129070684000098)","Unfall 217745 (2022) Kat:3, Licht: 0","217745","3","5","1","06","16","6","","0","1","1","0","0"
"POINT (11.583625430000000 48.119044234000100)","Unfall 217750 (2022) Kat:3, Licht: 0","217750","3","1","0","07","15","1","","0","1","0","0","0"
"POINT (11.487469815000100 48.182657331000001)","Unfall 217752 (2022) Kat:2, Licht: 0","217752","2","6","3","06","12","7","","0","1","0","0","0"
"POINT (11.529134775999999 48.178576317000100)","Unfall 217756 (2022) Kat:3, Licht: 0","217756","3","7","0","07","14","3","","0","1","0","0","0"
"POINT (11.557250141999999 48.100992384000101)","Unfall 217758 (2022) Kat:3, Licht: 0","217758","3","5","0","06","17","5","","0","1","1","0","0"
"POINT (11.588493151000000 48.142551141000098)","Unfall 217760 (2022) Kat:3, Licht: 0","217760","3","5","3","06","17","2","","0","1","1","0","0"
"POINT (11.572209071000000 48.101518596000098)","Unfall 217770 (2022) Kat:3, Licht: 0","217770","3","1","0","07","12","6","","0","0","0","0","0"
"POINT (11.582581057000001 48.119480920000100)","Unfall 217787 (2022) Kat:2, Licht: 2","217787","2","1","0","06","21","2","","2","0","0","0","1"
"POINT (11.461250407000000 48.146634682000098)","Unfall 217793 (2022) Kat:3, Licht: 0","217793","3","1","0","06","17","6","","0","0","0","0","1"
"POINT (11.551267781000000 48.126003728999997)","Unfall 217796 (2022) Kat:3, Licht: 2","217796","3","1","0","07","03","7","","2","0","0","0","0"
"POINT (11.567835666000100 48.167680535000002)","Unfall 217799 (2022) Kat:3, Licht: 0","217799","3","7","0","07","13","1","","0","1","0","0","0"
"POINT (11.539894597000099 48.116590314000099)","Unfall 217805 (2022) Kat:3, Licht: 0","217805","3","2","3","06","17","4","","0","1","1","0","0"
"POINT (11.411392951000000 48.166998724999999)","Unfall 217820 (2022) Kat:3, Licht: 0","217820","3","6","1","07","17","6","","0","0","1","0","0"
"POINT (11.574110862000101 48.140377208000103)","Unfall 217823 (2022) Kat:3, Licht: 1","217823","3","5","0","07","20","7","","1","1","1","0","0"
"POINT (11.549161889000100 48.124718894000097)","Unfall 217824 (2022) Kat:3, Licht: 2","217824","3","6","3","06","22","2","","2","0","1","0","0"
"POINT (11.520593738000100 48.145406252000001)","Unfall 217827 (2022) Kat:3, Licht: 0","217827","3","2","0","06","10","3","","0","1","1","0","0"
"POINT (11.455241547000099 48.165380522000099)","Unfall 217830 (2022) Kat:2, Licht: 0","217830","2","2","3","06","08","6","","0","1","0","0","0"
"POINT (11.523287322000000 48.136599410000002)","Unfall 217831 (2022) Kat:3, Licht: 0","217831","3","3","5","07","09","4","","0","1","1","0","0"
"POINT (11.533866364000099 48.207208481000102)","Unfall 217833 (2022) Kat:2, Licht: 2","217833","2","7","8","07","03","7","","2","0","1","0","0"
"POINT (11.573490496000000 48.126366398000101)","Unfall 217838 (2022) Kat:3, Licht: 0","217838","3","6","2","06","08","2","","0","1","0","0","0"
"POINT (11.595627925000001 48.148288152000099)","Unfall 217844 (2022) Kat:3, Licht: 0","217844","3","1","0","06","18","6","","0","0","0","0","0"
"POINT (11.461387467000099 48.140377586000099)","Unfall 217846 (2022) Kat:3, Licht: 0","217846","3","6","1","07","17","7","","0","0","1","0","1"
"POINT (11.497433918000100 48.126278183000103)","Unfall 217857 (2022) Kat:2, Licht: 0","217857","2","1","0","07","18","3","","0","0","0","0","1"
"POINT (11.502702675000000 48.164524855000103)","Unfall 217858 (2022) Kat:3, Licht: 1","217858","3","2","5","06","19","1","","1","0","1","0","0"
"POINT (11.554429560000100 48.172458079000101)","Unfall 217859 (2022) Kat:3, Licht: 0","217859","3","1","0","06","08","5","","0","1","0","0","0"
"POINT (11.585586434000000 48.161968076999997)","Unfall 217863 (2022) Kat:3, Licht: 0","217863","3","6","0","06","17","2","","0","1","1","0","0"
"POINT (11.498415018000101 48.179740792000104)","Unfall 217867 (2022) Kat:3, Licht: 2","217867","3","1","0","06","03","1","","2","1","0","0","0"
"POINT (11.529273642000000 48.178517032000101)","Unfall 217869 (2022) Kat:3, Licht: 0","217869","3","2","5","07","12","6","","0","1","1","0","0"
"POINT (11.568465333000100 48.131346833000102)","Unfall 217872 (2022) Kat:3, Licht: 0","217872","3","1","1","07","13","7","","0","1","1","0","0"
"POINT (11.560656038999999 48.212684957000100)","Unfall 217883 (2022) Kat:3, Licht: 0","217883","3","2","2","07","16","3","","0","0","1","0","0"
"POINT (11.508115798000100 48.142416243000099)","Unfall 217886 (2022) Kat:3, Licht: 0","217886","3","5","0","07","19","1","","0","1","1","0","0"
"POINT (11.658036687999999 48.117948040000002)","Unfall 217888 (2022) Kat:3, Licht: 0","217888","3","2","4","06","19","7","","0","1","1","0","0"
"POINT (11.575250871000000 48.155850400000098)","Unfall 217897 (2022) Kat:3, Licht: 0","217897","3","1","0","06","09","2","","0","1","0","0","0"
"POINT (11.535123771000000 48.155439143000102)","Unfall 217898 (2022) Kat:3, Licht: 0","217898","3","7","0","07","20","1","","0","1","0","0","0"
"POINT (11.573014596000100 48.163654371000099)","Unfall 217900 (2022) Kat:3, Licht: 0","217900","3","2","0","06","19","7","","0","1","1","0","0"
"POINT (11.588751922000000 48.155677372000099)","Unfall 217904 (2022) Kat:3, Licht: 0","217904","3","3","0","07","16","3","","0","1","1","0","0"
"POINT (11.603043841000000 48.140101211999998)","Unfall 217906 (2022) Kat:3, Licht: 0","217906","3","6","2","06","06","5","","0","0","1","0","1"
"POINT (11.502274915999999 48.137412475000097)","Unfall 217910 (2022) Kat:3, Licht: 0","217910","3","7","0","06","16","2","","0","1","0","0","0"
"POINT (11.705283205000100 48.132358522000096)","Unfall 217914 (2022) Kat:3, Licht: 0","217914","3","4","6","06","15","1","","0","1","0","1","0"
"POINT (11.531342550000000 48.183987353000099)","Unfall 217945 (2022) Kat:3, Licht: 0","217945","3","6","0","06","11","2","","0","0","1","0","0"
"POINT (11.519812669000000 48.101027031000100)","Unfall 217951 (2022) Kat:3, Licht: 0","217951","3","5","0","06","16","6","","0","1","1","0","0"
"POINT (11.594193941000100 48.138371258000099)","Unfall 217957 (2022) Kat:3, Licht: 0","217957","3","1","9","07","20","1","","0","1","0","0","0"
"POINT (11.603115829000000 48.112273484000099)","Unfall 217967 (2022) Kat:3, Licht: 0","217967","3","6","2","07","15","7","","0","0","1","0","0"
"POINT (11.577064465999999 48.136496342000001)","Unfall 217970 (2022) Kat:3, Licht: 2","217970","3","4","6","07","22","1","","2","0","1","1","0"
"POINT (11.456428440000000 48.194755192999999)","Unfall 217975 (2022) Kat:3, Licht: 0","217975","3","7","0","07","17","2","","0","1","0","0","0"
"POINT (11.588527972000101 48.142273643000102)","Unfall 217976 (2022) Kat:3, Licht: 0","217976","3","2","5","07","16","3","","0","1","0","0","0"
"POINT (11.577133900000000 48.136563769000098)","Unfall 217978 (2022) Kat:3, Licht: 2","217978","3","3","5","06","22","5","","2","1","0","0","0"
"POINT (11.584959634000001 48.139361947000097)","Unfall 217994 (2022) Kat:3, Licht: 0","217994","3","1","0","06","08","2","","0","1","0","0","0"
"POINT (11.541403647999999 48.150995751000004)","Unfall 217996 (2022) Kat:3, Licht: 1","217996","3","3","5","06","18","3","","1","1","1","0","0"
"POINT (11.612047916000099 48.139394742000000)","Unfall 218011 (2022) Kat:3, Licht: 0","218011","3","3","5","06","17","4","","0","0","1","0","1"
"POINT (11.546379237000099 48.100478738000000)","Unfall 218019 (2022) Kat:3, Licht: 0","218019","3","6","2","06","14","2","","0","0","1","0","0"
"POINT (11.536356828000100 48.116911100999999)","Unfall 218023 (2022) Kat:1, Licht: 0","218023","1","7","0","07","15","3","","0","0","0","0","0"
"POINT (11.585934987000000 48.137974428000099)","Unfall 218037 (2022) Kat:3, Licht: 0","218037","3","1","0","07","11","6","","0","0","0","0","1"
"POINT (11.545593337000099 48.108429460000103)","Unfall 218041 (2022) Kat:3, Licht: 0","218041","3","6","4","06","14","2","","0","1","1","0","0"
"POINT (11.429730867000000 48.174366024999998)","Unfall 218048 (2022) Kat:3, Licht: 0","218048","3","3","5","06","16","6","","0","0","1","0","0"
"POINT (11.574894558000000 48.135026789999998)","Unfall 218049 (2022) Kat:3, Licht: 0","218049","3","4","6","07","18","4","","0","1","0","1","0"
"POINT (11.502605997000000 48.125799502000099)","Unfall 218059 (2022) Kat:3, Licht: 2","218059","3","2","5","06","22","4","","2","0","1","0","0"
"POINT (11.522541909999999 48.153164379000003)","Unfall 218062 (2022) Kat:3, Licht: 0","218062","3","2","5","06","15","5","","0","1","1","0","0"
"POINT (11.521813604000000 48.176094631000097)","Unfall 218065 (2022) Kat:3, Licht: 0","218065","3","6","2","06","17","2","","0","0","1","0","0"
"POINT (11.579461668000000 48.151844063000098)","Unfall 218074 (2022) Kat:3, Licht: 0","218074","3","1","1","07","13","4","","0","1","1","0","0"
"POINT (11.587645817000100 48.131604011999997)","Unfall 218097 (2022) Kat:2, Licht: 2","218097","2","1","9","06","01","6","","2","0","1","0","0"
"POINT (11.589948171000101 48.137202452000103)","Unfall 218100 (2022) Kat:2, Licht: 2","218100","2","3","5","07","03","7","","2","1","0","0","0"
"POINT (11.460114071000000 48.149010460000099)","Unfall 218108 (2022) Kat:3, Licht: 0","218108","3","3","0","06","14","4","","0","0","1","0","0"
"POINT (11.518912549000000 48.121313446000002)","Unfall 218109 (2022) Kat:3, Licht: 0","218109","3","2","5","07","16","3","","0","1","1","0","0"
"POINT (11.546384723000100 48.100559580000002)","Unfall 218115 (2022) Kat:3, Licht: 0","218115","3","2","3","06","17","2","","0","1","1","0","0"