WKT,Name,OBJECTID,UKATEGORIE,UTYP1,UART,UMONAT,USTUNDE,UWOCHENTAG,STRZUSTAND,ULICHTVERH,ISTRAD,ISTPKW,ISTFUSS,ISTKRAD
"POINT (11.632620620000100 48.133173094000000)","Unfall 218129 (2022) Kat:3, Licht: 0","218129","3","2","5","06","12","7","","0","1","1","0","0"
"POINT (11.562712965999999 48.187689440000000)","Unfall 218135 (2022) Kat:3, Licht: 1","218135","3","3","5","06","21","5","","1","1","1","0","0"
"POINT (11.568301895999999 48.152755377000098)","Unfall 218143 (2022) Kat:3, Licht: 0","218143","3","1","0","06","18","1","","0","1","0","0","0"
"POINT (11.561031200000100 48.223021162000101)","Unfall 218159 (2022) Kat:3, Licht: 0","218159","3","1","0","07","17","5","","0","0","0","0","0"
"POINT (11.541654740000100 48.139504751000104)","Unfall 218166 (2022) Kat:3, Licht: 0","218166","3","7","0","07","07","6","","0","0","1","0","1"
"POINT (11.585631921000100 48.152272090000103)","Unfall 218168 (2022) Kat:3, Licht: 0","218168","3","6","2","07","14","2","","0","0","1","0","1"
"POINT (11.655801698000101 48.102363388000100)","Unfall 218172 (2022) Kat:3, Licht: 0","218172","3","7","3","07","18","7","","0","0","1","0","0"
"POINT (11.593400608000000 48.115011184000103)","Unfall 218176 (2022) Kat:3, Licht: 0","218176","3","1","0","07","09","3","","0","1","0","0","0"
"POINT (11.522832422000000 48.115052706000000)","Unfall 218186 (2022) Kat:3, Licht: 2","218186","3","7","0","07","03","4","","2","0","0","0","0"
"POINT (11.512929022000000 48.181385261000102)","Unfall 218194 (2022) Kat:3, Licht: 0","218194","3","3","5","07","16","6","","0","1","1","0","0"
"POINT (11.541432635000000 48.163298257000100)","Unfall 218199 (2022) Kat:3, Licht: 0","218199","3","6","1","07","20","7","","0","0","1","0","1"
"POINT (11.541742866000000 48.133739392000102)","Unfall 218205 (2022) Kat:3, Licht: 0","218205","3","3","5","07","14","6","","0","1","1","0","0"
"POINT (11.520032809000000 48.132285019000101)","Unfall 218207 (2022) Kat:3, Licht: 0","218207","3","6","1","07","14","2","","0","0","1","0","0"
"POINT (11.623376935000101 48.130750360000000)","Unfall 218213 (2022) Kat:3, Licht: 0","218213","3","6","0","07","08","4","","0","1","1","0","0"
"POINT (11.562517046000000 48.139401116000002)","Unfall 218227 (2022) Kat:3, Licht: 0","218227","3","3","5","07","11","4","","0","1","1","0","0"
"POINT (11.552852598000101 48.161516028999998)","Unfall 218234 (2022) Kat:3, Licht: 0","218234","3","6","5","07","19","5","","0","0","1","0","0"
"POINT (11.555794822000101 48.129991807000103)","Unfall 218236 (2022) Kat:2, Licht: 0","218236","2","6","3","07","18","5","","0","1","1","0","0"
"POINT (11.565552216000100 48.139015203000000)","Unfall 218240 (2022) Kat:3, Licht: 0","218240","3","5","6","07","20","4","","0","1","0","1","0"
"POINT (11.573308379000000 48.151016507000101)","Unfall 218255 (2022) Kat:3, Licht: 0","218255","3","6","1","07","13","6","","0","1","1","0","0"
"POINT (11.613951194000000 48.136733982000102)","Unfall 218258 (2022) Kat:3, Licht: 0","218258","3","6","1","07","10","2","","0","0","1","0","0"
"POINT (11.512277547000100 48.127567489000100)","Unfall 218259 (2022) Kat:3, Licht: 0","218259","3","6","3","07","12","2","","0","0","1","0","1"
"POINT (11.659491040000001 48.126416613000103)","Unfall 218267 (2022) Kat:3, Licht: 0","218267","3","5","5","07","09","4","","0","1","1","0","0"
"POINT (11.585339621000101 48.159260571000097)","Unfall 218281 (2022) Kat:3, Licht: 0","218281","3","2","0","07","18","4","","0","0","1","0","1"
"POINT (11.567322351000000 48.141125611000099)","Unfall 218287 (2022) Kat:3, Licht: 0","218287","3","1","0","07","12","5","","0","0","0","0","1"
"POINT (11.573584965000100 48.143051997999997)","Unfall 218293 (2022) Kat:3, Licht: 2","218293","3","6","1","07","03","1","","2","0","1","0","0"
"POINT (11.566774901000000 48.167686509000099)","Unfall 218296 (2022) Kat:3, Licht: 0","218296","3","2","0","07","08","5","","0","1","1","0","0"
"POINT (11.583657256000000 48.155571081000097)","Unfall 218298 (2022) Kat:3, Licht: 1","218298","3","6","2","07","19","7","","1","0","1","0","0"
"POINT (11.591196788000000 48.188111679000002)","Unfall 218302 (2022) Kat:2, Licht: 0","218302","2","7","4","07","16","4","","0","0","1","0","1"
"POINT (11.534825362999999 48.149926072000000)","Unfall 218308 (2022) Kat:3, Licht: 0","218308","3","3","0","07","09","2","","0","1","1","0","0"
"POINT (11.481191145000000 48.093043887000100)","Unfall 218309 (2022) Kat:3, Licht: 0","218309","3","4","6","07","19","2","","0","0","1","1","0"
"POINT (11.584199989000100 48.132734321000001)","Unfall 218318 (2022) Kat:2, Licht: 0","218318","2","1","6","07","16","1","","0","1","0","1","0"
"POINT (11.586138418000100 48.167229071000101)","Unfall 218322 (2022) Kat:3, Licht: 0","218322","3","2","5","07","16","5","","0","0","1","0","0"
"POINT (11.464761229000000 48.185227130999998)","Unfall 218329 (2022) Kat:3, Licht: 0","218329","3","3","0","07","08","6","","0","0","1","0","1"
"POINT (11.577408402000099 48.140577355000097)","Unfall 218341 (2022) Kat:3, Licht: 0","218341","3","4","0","07","19","1","","0","1","0","1","0"
"POINT (11.556874216000001 48.143733020000099)","Unfall 218342 (2022) Kat:3, Licht: 0","218342","3","6","3","07","09","6","","0","1","0","0","0"
"POINT (11.560650159000000 48.152135073000103)","Unfall 218345 (2022) Kat:3, Licht: 0","218345","3","7","0","07","17","2","","0","0","0","0","0"
"POINT (11.650348893000100 48.161905153000099)","Unfall 218355 (2022) Kat:3, Licht: 0","218355","3","3","5","07","18","3","","0","1","1","0","0"
"POINT (11.540451497999999 48.125303295999998)","Unfall 218369 (2022) Kat:3, Licht: 0","218369","3","7","0","07","12","6","","0","0","0","0","0"
"POINT (11.558530328000099 48.150231631000104)","Unfall 218371 (2022) Kat:3, Licht: 0","218371","3","2","5","07","18","5","","0","1","1","0","0"
"POINT (11.425199337000000 48.156211454000101)","Unfall 218378 (2022) Kat:3, Licht: 0","218378","3","3","5","07","16","6","","0","1","1","0","0"
"POINT (11.577863628999999 48.143227411000098)","Unfall 218380 (2022) Kat:3, Licht: 0","218380","3","6","3","07","20","2","","0","0","1","0","0"
"POINT (11.534257243000100 48.100055671000099)","Unfall 218381 (2022) Kat:3, Licht: 0","218381","3","6","2","07","17","2","","0","0","1","0","0"
"POINT (11.556060134000100 48.172679211999998)","Unfall 218388 (2022) Kat:3, Licht: 0","218388","3","7","7","07","11","3","","0","1","0","0","0"
"POINT (11.633434278999999 48.135657793000100)","Unfall 218396 (2022) Kat:3, Licht: 0","218396","3","7","6","07","14","4","","0","1","0","1","0"
"POINT (11.427596230000100 48.176826179999999)","Unfall 218397 (2022) Kat:3, Licht: 0","218397","3","6","2","07","17","6","","0","0","1","0","0"
"POINT (11.597901429000000 48.135613653000100)","Unfall 218407 (2022) Kat:3, Licht: 0","218407","3","2","5","07","15","2","","0","1","0","0","0"
"POINT (11.567660721999999 48.176660420000097)","Unfall 218411 (2022) Kat:3, Licht: 0","218411","3","3","4","07","07","5","","0","1","1","0","0"
"POINT (11.542811277000100 48.149336136000002)","Unfall 218416 (2022) Kat:3, Licht: 0","218416","3","3","5","07","15","5","","0","1","1","0","0"
"POINT (11.521048707000000 48.184565896999999)","Unfall 218417 (2022) Kat:3, Licht: 0","218417","3","3","5","07","15","4","","0","1","0","0","0"
"POINT (11.567516002000000 48.151505268999998)","Unfall 218423 (2022) Kat:3, Licht: 0","218423","3","3","5","07","14","5","","0","1","1","0","0"
"POINT (11.479208433000100 48.180675203000099)","Unfall 218424 (2022) Kat:3, Licht: 0","218424","3","3","8","07","09","7","","0","0","1","0","0"
"POINT (11.595913174000000 48.147316728000099)","Unfall 218451 (2022) Kat:3, Licht: 0","218451","3","4","6","07","14","5","","0","0","1","1","0"
"POINT (11.547064556000100 48.143763241000002)","Unfall 218452 (2022) Kat:3, Licht: 0","218452","3","3","5","07","08","4","","0","1","1","0","0"
"POINT (11.547930623000100 48.198246271000102)","Unfall 218454 (2022) Kat:3, Licht: 0","218454","3","3","5","07","12","1","","0","0","1","0","1"
"POINT (11.603556683000001 48.146292838000100)","Unfall 218457 (2022) Kat:3, Licht: 0","218457","3","7","0","07","20","5","","0","1","0","0","0"
"POINT (11.555816366000000 48.137483464000098)","Unfall 218460 (2022) Kat:3, Licht: 0","218460","3","2","5","07","15","7","","0","1","1","0","0"
"POINT (11.573081631999999 48.178080729999998)","Unfall 218469 (2022) Kat:3, Licht: 2","218469","3","7","0","07","21","6","","2","1","0","0","0"
"POINT (11.574839165000100 48.159119174000097)","Unfall 218478 (2022) Kat:2, Licht: 0","218478","2","1","0","07","15","6","","0","1","0","0","0"
"POINT (11.481043801000100 48.091697648000000)","Unfall 218485 (2022) Kat:3, Licht: 0","218485","3","7","0","07","15","7","","0","0","0","1","0"
"POINT (11.418880639000101 48.146929831000101)","Unfall 218499 (2022) Kat:3, Licht: 0","218499","3","4","6","07","18","1","","0","1","0","1","0"
"POINT (11.517526700000101 48.135756201000000)","Unfall 218506 (2022) Kat:3, Licht: 0","218506","3","1","1","07","18","2","","0","1","1","0","0"
"POINT (11.502951852000001 48.139701078000002)","Unfall 218511 (2022) Kat:3, Licht: 0","218511","3","3","6","07","16","4","","0","0","1","1","0"
"POINT (11.622902860000099 48.130864637999998)","Unfall 218515 (2022) Kat:3, Licht: 0","218515","3","6","4","07","17","3","","0","1","1","0","0"
"POINT (11.465673507000099 48.164772343000003)","Unfall 218518 (2022) Kat:3, Licht: 0","218518","3","4","6","07","09","2","","0","0","1","1","0"
"POINT (11.466141413000100 48.176641019999998)","Unfall 218527 (2022) Kat:3, Licht: 0","218527","3","6","2","07","18","6","","0","1","1","0","0"
"POINT (11.474360159000099 48.183402552000103)","Unfall 218530 (2022) Kat:3, Licht: 0","218530","3","6","5","07","14","2","","0","1","1","0","0"
"POINT (11.456660435000099 48.165128043999999)","Unfall 218534 (2022) Kat:3, Licht: 1","218534","3","2","5","07","21","7","","1","1","1","0","0"
"POINT (11.534771288000099 48.139936247000001)","Unfall 218539 (2022) Kat:3, Licht: 0","218539","3","7","5","07","11","4","","0","1","1","0","0"
"POINT (11.502959295000000 48.137527707000103)","Unfall 218546 (2022) Kat:2, Licht: 0","218546","2","6","2","07","18","1","","0","0","1","0","1"
"POINT (11.588207849000099 48.154403629000100)","Unfall 218549 (2022) Kat:3, Licht: 0","218549","3","7","3","07","19","1","","0","1","1","0","0"
"POINT (11.565386749000000 48.145758720000103)","Unfall 218551 (2022) Kat:2, Licht: 0","218551","2","2","5","07","20","6","","0","1","0","0","0"
"POINT (11.584823378000101 48.138190840000000)","Unfall 218553 (2022) Kat:3, Licht: 0","218553","3","1","0","07","20","2","","0","0","0","0","0"
"POINT (11.527104075000100 48.159324135000098)","Unfall 218557 (2022) Kat:2, Licht: 0","218557","2","2","4","07","19","4","","0","1","0","0","1"
"POINT (11.605374041000101 48.121503052999998)","Unfall 218561 (2022) Kat:3, Licht: 0","218561","3","4","0","07","19","3","","0","0","0","1","0"
"POINT (11.577253550000000 48.138871219000102)","Unfall 218572 (2022) Kat:3, Licht: 0","218572","3","7","7","07","07","5","","0","0","1","0","0"
"POINT (11.656320041000100 48.107707102000099)","Unfall 218574 (2022) Kat:3, Licht: 0","218574","3","1","0","07","08","1","","0","1","0","0","0"
"POINT (11.560251793000100 48.174243681000100)","Unfall 218575 (2022) Kat:3, Licht: 2","218575","3","1","0","07","01","6","","2","1","0","0","0"
"POINT (11.529966177000100 48.099806501000003)","Unfall 218577 (2022) Kat:3, Licht: 0","218577","3","2","5","07","08","5","","0","1","1","0","0"
"POINT (11.529762871999999 48.160410699000103)","Unfall 218585 (2022) Kat:2, Licht: 1","218585","2","5","1","07","05","6","","1","0","1","0","0"
"POINT (11.613784465000000 48.114326397000099)","Unfall 218587 (2022) Kat:3, Licht: 0","218587","3","6","2","07","20","1","","0","0","1","0","1"
"POINT (11.583698193000000 48.159657368000097)","Unfall 218596 (2022) Kat:3, Licht: 2","218596","3","7","8","07","23","4","","2","0","1","0","1"
"POINT (11.507714719000001 48.147098364000001)","Unfall 218604 (2022) Kat:3, Licht: 0","218604","3","2","5","07","19","7","","0","1","1","0","0"
"POINT (11.511169292000000 48.158731295000102)","Unfall 218608 (2022) Kat:2, Licht: 0","218608","2","1","0","07","18","3","","0","1","0","1","0"
"POINT (11.534183930999999 48.110256606000100)","Unfall 218612 (2022) Kat:3, Licht: 0","218612","3","2","1","07","18","2","","0","1","1","0","0"
"POINT (11.550654577000000 48.125821627000100)","Unfall 218617 (2022) Kat:3, Licht: 0","218617","3","3","5","07","13","4","","0","1","1","0","0"
"POINT (11.575368685999999 48.157654374000103)","Unfall 218618 (2022) Kat:3, Licht: 0","218618","3","7","0","07","17","5","","0","1","0","0","0"
"POINT (11.575648323000101 48.139402679000099)","Unfall 218624 (2022) Kat:3, Licht: 2","218624","3","1","0","07","00","1","","2","1","0","0","0"
"POINT (11.554889549000100 48.137480740000100)","Unfall 218625 (2022) Kat:3, Licht: 0","218625","3","3","5","07","08","6","","0","0","1","0","0"
"POINT (11.601017874000000 48.141952961000101)","Unfall 218630 (2022) Kat:3, Licht: 0","218630","3","1","0","07","10","7","","0","1","0","0","0"
"POINT (11.591464424000000 48.116072998000000)","Unfall 218636 (2022) Kat:3, Licht: 0","218636","3","3","6","07","19","6","","0","0","1","1","0"
"POINT (11.552932320000000 48.161389165000102)","Unfall 218656 (2022) Kat:3, Licht: 2","218656","3","3","5","07","00","7","","2","1","1","0","0"
"POINT (11.579317006000100 48.146010089000100)","Unfall 218666 (2022) Kat:2, Licht: 2","218666","2","3","3","07","00","7","","2","1","1","0","0"
"POINT (11.479225258000000 48.124073657000103)","Unfall 218668 (2022) Kat:3, Licht: 0","218668","3","3","5","07","11","5","","0","0","1","0","0"
"POINT (11.405102595000100 48.178918220000099)","Unfall 218674 (2022) Kat:3, Licht: 0","218674","3","6","2","07","19","4","","0","0","1","0","0"
"POINT (11.511617958000000 48.156565980000003)","Unfall 218677 (2022) Kat:3, Licht: 0","218677","3","5","1","07","12","6","","0","1","0","0","0"
"POINT (11.532909776000100 48.138765523000103)","Unfall 218681 (2022) Kat:2, Licht: 0","218681","2","7","0","07","19","7","","0","1","0","0","0"
"POINT (11.589143787000101 48.137300040000099)","Unfall 218685 (2022) Kat:3, Licht: 0","218685","3","2","4","07","10","4","","0","1","1","0","0"
"POINT (11.524747134000100 48.218137855000101)","Unfall 218691 (2022) Kat:3, Licht: 0","218691","3","3","5","07","17","2","","0","0","1","0","1"
"POINT (11.539733893000101 48.115066654000003)","Unfall 218694 (2022) Kat:3, Licht: 0","218694","3","6","2","07","14","7","","0","0","1","0","0"
"POINT (11.592186570000001 48.142317085000101)","Unfall 218705 (2022) Kat:3, Licht: 0","218705","3","3","5","07","17","5","","0","0","1","0","0"
"POINT (11.577947531000101 48.153350437000000)","Unfall 218712 (2022) Kat:3, Licht: 0","218712","3","4","6","07","15","6","","0","1","0","1","0"
"POINT (11.556195834000100 48.213280273000102)","Unfall 218721 (2022) Kat:3, Licht: 0","218721","3","3","5","07","15","5","","0","1","1","0","0"
"POINT (11.617617123000100 48.191870670000100)","Unfall 218722 (2022) Kat:2, Licht: 0","218722","2","2","3","07","09","4","","0","1","0","0","0"
"POINT (11.579009481000099 48.125805804999999)","Unfall 218729 (2022) Kat:3, Licht: 0","218729","3","1","0","07","19","7","","0","1","0","0","0"
"POINT (11.502323914000000 48.118395502000098)","Unfall 218732 (2022) Kat:3, Licht: 0","218732","3","3","5","07","19","3","","0","1","1","0","0"
"POINT (11.587378702000001 48.143260324000003)","Unfall 218739 (2022) Kat:3, Licht: 0","218739","3","6","3","07","13","2","","0","0","1","0","1"
"POINT (11.576453238999999 48.112269352000098)","Unfall 218744 (2022) Kat:3, Licht: 0","218744","3","6","1","07","14","7","","0","0","1","0","0"
"POINT (11.533026778000000 48.177840556000000)","Unfall 218755 (2022) Kat:3, Licht: 0","218755","3","7","0","07","14","1","","0","1","0","0","0"
"POINT (11.558420413000000 48.129435098999998)","Unfall 218760 (2022) Kat:3, Licht: 0","218760","3","6","3","07","10","6","","0","1","0","0","0"
"POINT (11.608970684999999 48.118057180999998)","Unfall 218766 (2022) Kat:3, Licht: 0","218766","3","3","5","07","07","7","","0","0","1","0","0"
"POINT (11.577489851999999 48.115699080000098)","Unfall 218773 (2022) Kat:3, Licht: 0","218773","3","1","0","07","08","2","","0","1","0","0","0"
"POINT (11.563339357000100 48.208082003000101)","Unfall 218775 (2022) Kat:3, Licht: 0","218775","3","7","0","07","10","7","","0","1","1","0","0"
"POINT (11.643553620000000 48.156815082000001)","Unfall 218778 (2022) Kat:2, Licht: 0","218778","2","6","5","07","17","2","","0","1","0","0","0"
"POINT (11.508419706000000 48.170762648000000)","Unfall 218788 (2022) Kat:3, Licht: 0","218788","3","7","6","07","18","3","","0","0","1","1","0"
"POINT (11.590628875000000 48.191695436000003)","Unfall 218793 (2022) Kat:3, Licht: 0","218793","3","3","0","07","19","7","","0","0","1","0","0"
"POINT (11.575360785999999 48.119474064000002)","Unfall 218811 (2022) Kat:3, Licht: 0","218811","3","3","4","07","11","6","","0","0","1","0","1"
"POINT (11.553600719000000 48.144766296000100)","Unfall 218820 (2022) Kat:2, Licht: 0","218820","2","7","0","07","08","3","","0","0","0","0","1"
"POINT (11.588815466000000 48.167269613000002)","Unfall 218824 (2022) Kat:3, Licht: 0","218824","3","1","1","07","16","2","","0","0","1","0","0"
"POINT (11.520341981000101 48.151014936000102)","Unfall 218829 (2022) Kat:3, Licht: 0","218829","3","1","0","07","17","4","","0","1","0","0","0"
"POINT (11.567389337000099 48.156766320000003)","Unfall 218837 (2022) Kat:2, Licht: 0","218837","2","4","6","07","18","6","","0","1","0","1","0"
"POINT (11.531978395000101 48.115316585000102)","Unfall 218842 (2022) Kat:3, Licht: 2","218842","3","1","1","07","23","5","","2","0","1","0","0"
"POINT (11.673756512000100 48.111242173000100)","Unfall 218847 (2022) Kat:3, Licht: 0","218847","3","6","2","07","12","5","","0","0","1","0","1"
"POINT (11.564979086999999 48.167900084000102)","Unfall 218852 (2022) Kat:3, Licht: 2","218852","3","2","4","07","00","5","","2","0","1","0","1"
"POINT (11.466805098000100 48.154082740000000)","Unfall 218854 (2022) Kat:3, Licht: 0","218854","3","3","5","07","10","7","","0","0","0","0","0"
"POINT (11.580964016000101 48.152464822000098)","Unfall 218855 (2022) Kat:3, Licht: 2","218855","3","7","0","07","01","1","","2","0","0","0","0"
"POINT (11.568766902000000 48.141281773000102)","Unfall 218866 (2022) Kat:3, Licht: 2","218866","3","7","6","07","03","7","","2","1","0","1","0"
"POINT (11.585578439000100 48.112962666999998)","Unfall 218880 (2022) Kat:3, Licht: 2","218880","3","7","5","07","20","5","","2","0","1","0","0"
"POINT (11.678743948999999 48.115028213000102)","Unfall 218883 (2022) Kat:3, Licht: 0","218883","3","3","5","07","15","5","","0","0","1","0","0"
"POINT (11.505354200999999 48.184707844000101)","Unfall 218884 (2022) Kat:3, Licht: 0","218884","3","2","5","07","07","4","","0","1","0","0","0"
"POINT (11.576819951000100 48.112754115000001)","Unfall 218886 (2022) Kat:3, Licht: 1","218886","3","6","3","07","21","1","","1","1","0","0","0"
"POINT (11.503047665000100 48.135749761000099)","Unfall 218887 (2022) Kat:3, Licht: 0","218887","3","4","6","07","08","6","","0","1","0","1","0"
"POINT (11.535865870000100 48.125930117999999)","Unfall 218895 (2022) Kat:3, Licht: 0","218895","3","2","5","07","07","4","","0","1","1","0","0"
"POINT (11.556708073999999 48.125048273000097)","Unfall 218912 (2022) Kat:3, Licht: 0","218912","3","7","4","07","17","6","","0","1","1","0","0"
"POINT (11.507070325000001 48.087321460000098)","Unfall 218914 (2022) Kat:3, Licht: 0","218914","3","3","5","07","16","2","","0","0","1","0","0"
"POINT (11.535062476000100 48.146158388000103)","Unfall 218917 (2022) Kat:2, Licht: 2","218917","2","7","0","07","02","7","","2","1","0","0","0"
"POINT (11.571716312000000 48.160620655000102)","Unfall 218923 (2022) Kat:3, Licht: 0","218923","3","3","5","07","08","4","","0","1","0","0","1"
"POINT (11.602131310000100 48.115815353000102)","Unfall 218934 (2022) Kat:3, Licht: 0","218934","3","2","0","07","11","4","","0","1","1","0","0"
"POINT (11.488379707000000 48.141145485999999)","Unfall 218937 (2022) Kat:3, Licht: 0","218937","3","6","2","07","14","6","","0","1","0","0","0"
"POINT (11.522818034000100 48.185975188999997)","Unfall 218945 (2022) Kat:3, Licht: 0","218945","3","7","1","07","06","4","","0","0","1","0","0"
"POINT (11.597183665999999 48.134430748000099)","Unfall 218948 (2022) Kat:2, Licht: 0","218948","2","4","6","07","13","6","","0","1","0","1","0"
"POINT (11.584044056000000 48.099275294000101)","Unfall 218949 (2022) Kat:3, Licht: 0","218949","3","7","0","07","16","3","","0","1","0","0","0"
"POINT (11.572586119000100 48.188635734000101)","Unfall 218952 (2022) Kat:3, Licht: 0","218952","3","6","3","07","12","2","","0","0","1","0","1"
"POINT (11.596788398999999 48.102593980000101)","Unfall 218964 (2022) Kat:3, Licht: 0","218964","3","3","5","07","13","6","","0","1","1","0","0"
"POINT (11.578150593000000 48.133005135000097)","Unfall 218974 (2022) Kat:3, Licht: 0","218974","3","5","0","07","13","4","","0","1","1","0","0"
"POINT (11.664919660000100 48.109953390000001)","Unfall 218982 (2022) Kat:3, Licht: 2","218982","3","3","5","07","02","1","","2","0","1","0","0"
"POINT (11.581596114000000 48.138815809000100)","Unfall 218986 (2022) Kat:3, Licht: 0","218986","3","1","0","07","17","6","","0","1","1","0","0"
"POINT (11.586528504000100 48.183174671000103)","Unfall 218988 (2022) Kat:3, Licht: 0","218988","3","7","1","07","10","5","","0","1","1","0","0"
"POINT (11.590527127000000 48.137731240000100)","Unfall 218993 (2022) Kat:3, Licht: 0","218993","3","1","1","07","19","7","","0","0","1","0","0"
"POINT (11.582212021000000 48.122358583999997)","Unfall 218998 (2022) Kat:3, Licht: 0","218998","3","1","0","07","14","3","","0","1","0","0","0"
"POINT (11.579355408000000 48.102114153999999)","Unfall 219012 (2022) Kat:3, Licht: 0","219012","3","1","1","07","19","6","","0","1","1","0","0"
"POINT (11.594500660000101 48.141843197000100)","Unfall 219019 (2022) Kat:3, Licht: 0","219019","3","3","5","07","16","4","","0","1","1","0","0"
"POINT (11.566509464999999 48.184384197999997)","Unfall 219021 (2022) Kat:3, Licht: 0","219021","3","4","6","07","09","6","","0","1","0","1","0"
"POINT (11.421249660999999 48.148066720000003)","Unfall 219030 (2022) Kat:3, Licht: 0","219030","3","6","1","07","18","3","","0","0","1","0","1"
"POINT (11.529879699000000 48.116802641000000)","Unfall 219044 (2022) Kat:3, Licht: 0","219044","3","1","0","07","15","3","","0","0","1","0","1"
"POINT (11.580274881999999 48.139077860999997)","Unfall 219048 (2022) Kat:3, Licht: 0","219048","3","1","0","07","15","2","","0","1","0","0","0"
"POINT (11.602330047000100 48.123735762000102)","Unfall 219052 (2022) Kat:3, Licht: 0","219052","3","6","6","07","16","5","","0","1","0","1","0"
"POINT (11.581379780000100 48.114634144999997)","Unfall 219060 (2022) Kat:3, Licht: 0","219060","3","3","5","07","13","1","","0","0","1","0","0"
"POINT (11.642244223000001 48.097540424999998)","Unfall 219061 (2022) Kat:3, Licht: 0","219061","3","4","6","07","10","6","","0","0","0","1","1"
"POINT (11.567194295000000 48.142004972000102)","Unfall 219066 (2022) Kat:3, Licht: 0","219066","3","7","0","07","10","7","","0","0","1","0","0"
"POINT (11.571702101000000 48.140520838999997)","Unfall 219070 (2022) Kat:3, Licht: 0","219070","3","7","0","07","10","4","","0","0","0","1","1"
"POINT (11.518809187000000 48.131483357999997)","Unfall 219083 (2022) Kat:3, Licht: 0","219083","3","2","4","07","11","4","","0","0","1","0","0"
"POINT (11.583809652000101 48.188036812000099)","Unfall 219089 (2022) Kat:3, Licht: 0","219089","3","2","5","07","17","4","","0","1","1","0","0"
"POINT (11.462197730000099 48.151518766000002)","Unfall 219090 (2022) Kat:3, Licht: 0","219090","3","3","5","07","16","5","","0","0","1","0","0"
"POINT (11.561923250000101 48.125190230999998)","Unfall 219102 (2022) Kat:3, Licht: 2","219102","3","1","0","07","23","5","","2","1","0","0","0"
"POINT (11.549711470000000 48.137095416000101)","Unfall 219107 (2022) Kat:3, Licht: 1","219107","3","6","3","07","20","5","","1","0","1","0","0"
"POINT (11.518216926999999 48.068998115000099)","Unfall 219115 (2022) Kat:3, Licht: 0","219115","3","3","5","07","13","7","","0","1","1","0","0"
"POINT (11.535571893000100 48.115972983000098)","Unfall 219116 (2022) Kat:3, Licht: 0","219116","3","3","4","07","12","1","","0","1","1","0","0"
"POINT (11.561513571000001 48.146875345000097)","Unfall 219125 (2022) Kat:3, Licht: 0","219125","3","3","5","07","18","2","","0","0","1","0","0"
"POINT (11.503042527000000 48.139982021000002)","Unfall 219126 (2022) Kat:3, Licht: 0","219126","3","7","0","07","10","2","","0","0","0","1","0"
"POINT (11.570519395000099 48.142075693999999)","Unfall 219142 (2022) Kat:3, Licht: 0","219142","3","4","6","07","06","1","","0","1","0","1","0"
"POINT (11.409334456000099 48.152495418999997)","Unfall 219147 (2022) Kat:3, Licht: 0","219147","3","7","0","07","07","6","","0","1","0","0","0"
"POINT (11.626148933000000 48.104588100999997)","Unfall 219150 (2022) Kat:3, Licht: 0","219150","3","5","1","07","12","2","","0","1","1","0","0"
"POINT (11.549265111000100 48.170063175000102)","Unfall 219159 (2022) Kat:3, Licht: 0","219159","3","6","4","07","08","3","","0","1","0","0","0"
"POINT (11.564969051000000 48.152222190000003)","Unfall 219162 (2022) Kat:3, Licht: 0","219162","3","2","0","07","18","5","","0","1","0","0","1"
"POINT (11.578422068000100 48.129993353000003)","Unfall 219165 (2022) Kat:3, Licht: 0","219165","3","6","3","07","12","7","","0","1","1","0","0"
"POINT (11.618491093999999 48.138090843000001)","Unfall 219169 (2022) Kat:3, Licht: 0","219169","3","2","6","07","17","4","","0","0","1","1","0"
"POINT (11.630623571999999 48.118930868000099)","Unfall 219173 (2022) Kat:3, Licht: 0","219173","3","2","5","07","08","3","","0","0","1","0","0"
"POINT (11.634793937000000 48.137952681000101)","Unfall 219176 (2022) Kat:3, Licht: 0","219176","3","2","3","07","06","2","","0","1","0","0","0"
"POINT (11.477372504000099 48.116199633000100)","Unfall 219179 (2022) Kat:3, Licht: 0","219179","3","3","5","07","11","7","","0","0","1","0","1"
"POINT (11.526280669000100 48.095278346999997)","Unfall 219193 (2022) Kat:2, Licht: 0","219193","2","3","5","07","19","1","","0","1","1","0","0"
"POINT (11.536228616000100 48.151910473000001)","Unfall 219199 (2022) Kat:3, Licht: 0","219199","3","7","0","07","16","5","","0","0","0","0","0"
"POINT (11.547418761000101 48.139683401000099)","Unfall 219203 (2022) Kat:3, Licht: 2","219203","3","7","0","07","00","7","","2","0","1","0","1"
"POINT (11.570731064000000 48.142478437000101)","Unfall 219212 (2022) Kat:3, Licht: 1","219212","3","7","3","07","05","7","","1","0","1","0","0"
"POINT (11.560197679000099 48.137405309000002)","Unfall 219221 (2022) Kat:3, Licht: 0","219221","3","4","6","07","08","6","","0","1","0","1","0"
"POINT (11.556789254000000 48.119705990999996)","Unfall 219228 (2022) Kat:3, Licht: 0","219228","3","2","3","07","15","5","","0","1","1","0","0"
"POINT (11.570818766000100 48.151721725000101)","Unfall 219231 (2022) Kat:3, Licht: 0","219231","3","2","5","07","12","6","","0","1","1","0","0"
"POINT (11.476016074000000 48.108602437999998)","Unfall 219234 (2022) Kat:3, Licht: 0","219234","3","2","5","07","11","6","","0","0","1","0","1"