WKT,Name,OBJECTID,UKATEGORIE,UTYP1,UART,UMONAT,USTUNDE,UWOCHENTAG,STRZUSTAND,ULICHTVERH,ISTRAD,ISTPKW,ISTFUSS,ISTKRAD
"POINT (11.523335309000100 48.194984112999997)","Unfall 219238 (2022) Kat:3, Licht: 0","219238","3","6","0","07","19","3","","0","1","0","0","0"
"POINT (11.595366982000000 48.150641428000000)","Unfall 219244 (2022) Kat:3, Licht: 2","219244","3","7","8","07","01","4","","2","1","0","0","0"
"POINT (11.561013410999999 48.153844227999997)","Unfall 219262 (2022) Kat:3, Licht: 0","219262","3","6","3","07","09","5","","0","1","1","0","0"
"POINT (11.613494135000099 48.138231599999997)","Unfall 219264 (2022) Kat:2, Licht: 0","219264","2","4","6","07","11","2","","0","0","0","1","0"
"POINT (11.580453109000100 48.149003409000002)","Unfall 219268 (2022) Kat:3, Licht: 0","219268","3","2","1","07","09","6","","0","1","1","0","0"
"POINT (11.575431529000101 48.149486406000101)","Unfall 219270 (2022) Kat:3, Licht: 0","219270","3","3","5","07","17","1","","0","1","1","0","0"
"POINT (11.674249813000101 48.143913093000002)","Unfall 219283 (2022) Kat:3, Licht: 0","219283","3","2","4","07","07","6","","0","1","1","0","0"
"POINT (11.526249220000100 48.155441091000100)","Unfall 219286 (2022) Kat:3, Licht: 2","219286","3","5","1","07","00","7","","2","1","1","0","0"
"POINT (11.568056164000000 48.147599082000099)","Unfall 219287 (2022) Kat:3, Licht: 0","219287","3","2","3","07","18","3","","0","1","1","0","0"
"POINT (11.569740367000099 48.144719994000098)","Unfall 219293 (2022) Kat:3, Licht: 0","219293","3","6","3","07","20","4","","0","1","1","0","0"
"POINT (11.596975560000001 48.118816691000099)","Unfall 219294 (2022) Kat:3, Licht: 0","219294","3","1","0","07","08","5","","0","1","0","0","0"
"POINT (11.642875116000001 48.159568376999999)","Unfall 219299 (2022) Kat:3, Licht: 0","219299","3","7","0","07","11","4","","0","0","0","0","0"
"POINT (11.584246730000100 48.136871599000102)","Unfall 219301 (2022) Kat:3, Licht: 0","219301","3","6","2","07","11","3","","0","0","1","0","0"
"POINT (11.570091717000000 48.141256153000000)","Unfall 219306 (2022) Kat:3, Licht: 0","219306","3","6","4","07","14","3","","0","1","0","0","0"
"POINT (11.621215528000100 48.186973260999999)","Unfall 219311 (2022) Kat:3, Licht: 0","219311","3","2","5","07","15","5","","0","1","1","0","0"
"POINT (11.573394368000001 48.204435492000101)","Unfall 219313 (2022) Kat:3, Licht: 0","219313","3","3","5","07","07","2","","0","1","1","0","0"
"POINT (11.576344873000000 48.134110330000098)","Unfall 219317 (2022) Kat:3, Licht: 0","219317","3","7","5","07","16","6","","0","1","1","0","0"
"POINT (11.503508001000100 48.149988254999997)","Unfall 219320 (2022) Kat:3, Licht: 2","219320","3","5","1","07","21","6","","2","0","1","0","1"
"POINT (11.611014760000000 48.128168330000101)","Unfall 219324 (2022) Kat:3, Licht: 0","219324","3","3","5","07","17","7","","0","1","1","0","0"
"POINT (11.507162178000000 48.146135762000000)","Unfall 219326 (2022) Kat:3, Licht: 0","219326","3","6","4","07","11","3","","0","1","1","0","0"
"POINT (11.556755902000100 48.143704128000103)","Unfall 219332 (2022) Kat:3, Licht: 0","219332","3","6","2","07","17","4","","0","0","0","0","1"
"POINT (11.590771884000000 48.167121665000103)","Unfall 219334 (2022) Kat:3, Licht: 2","219334","3","1","0","07","00","7","","2","0","0","0","0"
"POINT (11.580441667000100 48.149006584000098)","Unfall 219345 (2022) Kat:3, Licht: 2","219345","3","2","3","07","21","5","","2","1","1","0","0"
"POINT (11.634383057000001 48.169216370000100)","Unfall 219351 (2022) Kat:2, Licht: 0","219351","2","6","3","07","14","2","","0","1","1","0","0"
"POINT (11.590873396000100 48.167218133000098)","Unfall 219371 (2022) Kat:3, Licht: 0","219371","3","1","0","07","15","7","","0","0","0","0","1"
"POINT (11.569044560000100 48.141740201000097)","Unfall 219386 (2022) Kat:2, Licht: 2","219386","2","1","0","07","00","6","","2","1","0","0","0"
"POINT (11.708408776000100 48.133294245999998)","Unfall 219393 (2022) Kat:3, Licht: 0","219393","3","3","5","07","15","3","","0","1","1","0","0"
"POINT (11.517263134000100 48.113063318999998)","Unfall 219395 (2022) Kat:3, Licht: 0","219395","3","6","2","07","08","4","","0","0","1","0","0"
"POINT (11.454584179999999 48.166111514000100)","Unfall 219402 (2022) Kat:3, Licht: 0","219402","3","7","3","07","09","2","","0","0","1","0","0"
"POINT (11.584251102000101 48.172363935000099)","Unfall 219408 (2022) Kat:3, Licht: 0","219408","3","3","0","07","09","4","","0","0","1","0","0"
"POINT (11.462393614000099 48.164776883000101)","Unfall 219409 (2022) Kat:3, Licht: 2","219409","3","6","3","07","21","1","","2","0","1","0","0"
"POINT (11.560479720000000 48.208548153000002)","Unfall 219414 (2022) Kat:3, Licht: 0","219414","3","3","5","07","11","5","","0","0","1","0","0"
"POINT (11.595945168000100 48.114107619999999)","Unfall 219427 (2022) Kat:3, Licht: 0","219427","3","6","2","07","17","5","","0","0","1","0","0"
"POINT (11.522514092000099 48.106831773000103)","Unfall 219428 (2022) Kat:3, Licht: 2","219428","3","7","5","07","23","2","","2","0","1","0","0"
"POINT (11.558326088999999 48.129489405000101)","Unfall 219430 (2022) Kat:2, Licht: 2","219430","2","4","6","07","23","6","","2","0","1","1","0"
"POINT (11.561513571000001 48.146875345000097)","Unfall 219434 (2022) Kat:3, Licht: 0","219434","3","2","5","07","09","2","","0","1","1","0","0"
"POINT (11.573490345000000 48.135780683000100)","Unfall 219437 (2022) Kat:3, Licht: 0","219437","3","4","6","07","14","3","","0","0","1","1","0"
"POINT (11.606442932000000 48.178175963000101)","Unfall 219443 (2022) Kat:3, Licht: 0","219443","3","7","1","07","20","4","","0","0","1","0","0"
"POINT (11.574068368000001 48.120067567000000)","Unfall 219444 (2022) Kat:3, Licht: 0","219444","3","1","0","07","14","5","","0","1","0","0","0"
"POINT (11.521186822000100 48.090491645000000)","Unfall 219449 (2022) Kat:3, Licht: 0","219449","3","2","5","07","12","4","","0","0","1","0","0"
"POINT (11.645371775000100 48.103674898000101)","Unfall 219460 (2022) Kat:3, Licht: 0","219460","3","7","7","07","07","5","","0","1","0","0","0"
"POINT (11.569697742000100 48.131995555000103)","Unfall 219461 (2022) Kat:3, Licht: 2","219461","3","2","0","07","02","6","","2","0","0","0","1"
"POINT (11.550575040000099 48.152514471000103)","Unfall 219466 (2022) Kat:3, Licht: 0","219466","3","6","1","07","14","4","","0","0","1","0","0"
"POINT (11.487356244000100 48.095525527000099)","Unfall 219468 (2022) Kat:3, Licht: 0","219468","3","3","5","07","17","3","","0","1","1","0","0"
"POINT (11.562312407000000 48.186694557000102)","Unfall 219472 (2022) Kat:3, Licht: 0","219472","3","2","5","07","08","3","","0","1","1","0","0"
"POINT (11.573502632000000 48.157794354000004)","Unfall 219481 (2022) Kat:3, Licht: 0","219481","3","6","1","07","16","6","","0","0","1","0","0"
"POINT (11.577646027000100 48.114389312000100)","Unfall 219485 (2022) Kat:3, Licht: 0","219485","3","5","1","07","17","6","","0","1","1","0","0"
"POINT (11.523129918000100 48.134570855000000)","Unfall 219496 (2022) Kat:3, Licht: 0","219496","3","3","5","07","13","4","","0","0","1","0","0"
"POINT (11.578346127000000 48.150131433000098)","Unfall 219497 (2022) Kat:3, Licht: 0","219497","3","7","0","07","15","5","","0","1","1","0","0"
"POINT (11.555433749000001 48.120381651000102)","Unfall 219504 (2022) Kat:3, Licht: 0","219504","3","6","2","07","09","3","","0","0","1","0","0"
"POINT (11.573138770000099 48.146121651999998)","Unfall 219509 (2022) Kat:3, Licht: 0","219509","3","3","5","07","19","6","","0","0","1","0","1"
"POINT (11.559345902000100 48.136353744000097)","Unfall 219512 (2022) Kat:3, Licht: 0","219512","3","5","1","07","16","5","","0","0","1","0","0"
"POINT (11.561853226000000 48.156084470000103)","Unfall 219514 (2022) Kat:3, Licht: 0","219514","3","7","0","07","19","2","","0","1","0","0","0"
"POINT (11.587437422000100 48.137684954000100)","Unfall 219520 (2022) Kat:2, Licht: 0","219520","2","1","0","07","15","1","","0","0","0","0","1"
"POINT (11.574593072000001 48.160378250000100)","Unfall 219521 (2022) Kat:3, Licht: 0","219521","3","1","0","07","18","6","","0","1","0","0","0"
"POINT (11.453236786000000 48.146775665000099)","Unfall 219525 (2022) Kat:3, Licht: 0","219525","3","2","5","07","18","2","","0","1","1","0","0"
"POINT (11.555953155000100 48.130000820000099)","Unfall 219529 (2022) Kat:3, Licht: 0","219529","3","2","4","07","15","6","","0","1","1","0","0"
"POINT (11.568379604000000 48.125285030000001)","Unfall 219542 (2022) Kat:3, Licht: 0","219542","3","7","0","07","08","4","","0","1","0","0","0"
"POINT (11.425381898000101 48.146404271999998)","Unfall 219557 (2022) Kat:3, Licht: 0","219557","3","3","5","07","18","2","","0","0","0","0","0"
"POINT (11.609121882000100 48.136313594999997)","Unfall 219562 (2022) Kat:3, Licht: 0","219562","3","2","4","07","15","4","","0","0","1","0","0"
"POINT (11.502904995000099 48.135522131000101)","Unfall 219567 (2022) Kat:3, Licht: 0","219567","3","2","4","07","07","5","","0","1","1","0","0"
"POINT (11.569744808000101 48.111449917000101)","Unfall 219580 (2022) Kat:3, Licht: 0","219580","3","2","5","07","11","5","","0","1","1","0","0"
"POINT (11.581244154000000 48.166589406000099)","Unfall 219581 (2022) Kat:3, Licht: 2","219581","3","1","1","07","01","2","","2","1","1","0","0"
"POINT (11.533415177000100 48.133606427000103)","Unfall 219582 (2022) Kat:3, Licht: 0","219582","3","2","5","07","10","3","","0","1","1","0","0"
"POINT (11.646296488000100 48.103459880999999)","Unfall 219589 (2022) Kat:3, Licht: 0","219589","3","2","3","07","09","5","","0","1","0","0","0"
"POINT (11.573606221000000 48.120194453000103)","Unfall 219601 (2022) Kat:3, Licht: 0","219601","3","7","1","07","11","2","","0","1","0","0","0"
"POINT (11.501949030000000 48.116301748000097)","Unfall 219607 (2022) Kat:3, Licht: 0","219607","3","1","8","07","14","1","","0","0","1","0","0"
"POINT (11.511522715000099 48.160317315000000)","Unfall 219611 (2022) Kat:3, Licht: 0","219611","3","6","1","07","10","5","","0","0","1","0","0"
"POINT (11.522500927000101 48.176056256999999)","Unfall 219618 (2022) Kat:3, Licht: 0","219618","3","6","2","07","16","3","","0","0","1","0","0"
"POINT (11.563091904000000 48.183101348999998)","Unfall 219628 (2022) Kat:3, Licht: 0","219628","3","3","4","07","14","6","","0","1","1","0","0"
"POINT (11.520660536999999 48.175024819999997)","Unfall 219630 (2022) Kat:3, Licht: 0","219630","3","4","6","07","18","1","","0","0","1","1","0"
"POINT (11.442999739000101 48.137857321000098)","Unfall 219631 (2022) Kat:3, Licht: 0","219631","3","4","6","07","18","6","","0","1","0","1","0"
"POINT (11.564886202000000 48.167931756000002)","Unfall 219632 (2022) Kat:3, Licht: 0","219632","3","2","5","07","18","2","","0","0","1","0","0"
"POINT (11.475373911000100 48.163642402000100)","Unfall 219635 (2022) Kat:3, Licht: 0","219635","3","3","5","07","13","7","","0","1","1","0","0"
"POINT (11.398908712000001 48.179054786000101)","Unfall 219640 (2022) Kat:3, Licht: 0","219640","3","3","5","07","15","6","","0","0","1","0","1"
"POINT (11.604005835000100 48.196424067000102)","Unfall 219643 (2022) Kat:3, Licht: 0","219643","3","1","0","07","18","6","","0","0","0","0","1"
"POINT (11.469360123000101 48.164763638000103)","Unfall 219648 (2022) Kat:3, Licht: 0","219648","3","6","4","07","19","3","","0","1","0","0","0"
"POINT (11.587117228000100 48.153006812999998)","Unfall 219654 (2022) Kat:3, Licht: 2","219654","3","5","1","07","21","4","","2","1","1","0","0"
"POINT (11.502483517000000 48.120618260000100)","Unfall 219662 (2022) Kat:3, Licht: 0","219662","3","6","2","07","19","3","","0","0","1","0","0"
"POINT (11.562991939000000 48.121061453000003)","Unfall 219669 (2022) Kat:2, Licht: 0","219669","2","7","8","07","16","5","","0","0","1","1","0"
"POINT (11.596820032000000 48.123812246000099)","Unfall 219672 (2022) Kat:3, Licht: 0","219672","3","6","3","07","10","5","","0","1","1","0","0"
"POINT (11.600045345000099 48.135574998999999)","Unfall 219677 (2022) Kat:3, Licht: 2","219677","3","7","0","07","01","6","","2","0","0","0","0"
"POINT (11.458919907000100 48.168955269000001)","Unfall 219682 (2022) Kat:3, Licht: 0","219682","3","3","5","07","12","3","","0","0","1","0","1"
"POINT (11.583001089000000 48.184215950000102)","Unfall 219684 (2022) Kat:3, Licht: 0","219684","3","2","5","07","17","4","","0","1","1","0","0"
"POINT (11.588540357000101 48.143039305000102)","Unfall 219694 (2022) Kat:3, Licht: 0","219694","3","7","0","07","15","4","","0","1","0","0","0"
"POINT (11.460200488000099 48.148105583000103)","Unfall 219699 (2022) Kat:3, Licht: 0","219699","3","7","6","07","17","4","","0","0","1","1","0"
"POINT (11.539701642000100 48.155509804000097)","Unfall 219701 (2022) Kat:3, Licht: 1","219701","3","6","1","07","19","5","","1","1","1","0","0"
"POINT (11.550345299000099 48.146600906000103)","Unfall 219718 (2022) Kat:3, Licht: 0","219718","3","7","0","07","14","5","","0","1","0","0","0"
"POINT (11.534476573000100 48.137506938999998)","Unfall 219724 (2022) Kat:3, Licht: 0","219724","3","7","0","07","10","6","","0","0","1","0","0"
"POINT (11.427737870000000 48.175804685000102)","Unfall 219727 (2022) Kat:3, Licht: 0","219727","3","7","0","07","18","6","","0","0","0","0","1"
"POINT (11.428744887000100 48.174503215000101)","Unfall 219732 (2022) Kat:3, Licht: 0","219732","3","1","0","07","09","3","","0","1","0","0","0"
"POINT (11.567489331999999 48.182777166999998)","Unfall 219756 (2022) Kat:3, Licht: 0","219756","3","7","0","07","16","4","","0","0","1","1","0"
"POINT (11.412850003000100 48.137459634000002)","Unfall 219766 (2022) Kat:3, Licht: 0","219766","3","3","5","07","16","5","","0","0","1","0","0"
"POINT (11.664358803000001 48.084695351999997)","Unfall 219776 (2022) Kat:3, Licht: 0","219776","3","6","4","07","13","6","","0","1","1","0","0"
"POINT (11.500115212000001 48.135534414000098)","Unfall 219779 (2022) Kat:3, Licht: 0","219779","3","1","0","07","06","7","","0","0","0","0","0"
"POINT (11.581693121000100 48.134731365999997)","Unfall 219789 (2022) Kat:2, Licht: 0","219789","2","6","0","07","15","5","","0","0","1","0","0"
"POINT (11.693058668999999 48.131508574000101)","Unfall 219793 (2022) Kat:3, Licht: 0","219793","3","1","1","07","19","5","","0","1","1","0","0"
"POINT (11.566333517000000 48.139934631000102)","Unfall 219800 (2022) Kat:3, Licht: 0","219800","3","2","5","07","09","6","","0","1","1","0","0"
"POINT (11.541657452000001 48.139524333000097)","Unfall 219804 (2022) Kat:3, Licht: 0","219804","3","3","5","07","16","3","","0","0","1","0","0"
"POINT (11.601419629000100 48.117110117999999)","Unfall 219806 (2022) Kat:3, Licht: 0","219806","3","2","5","07","09","4","","0","1","1","0","0"
"POINT (11.520287673000000 48.150108488000100)","Unfall 219807 (2022) Kat:2, Licht: 0","219807","2","2","3","07","18","1","","0","0","1","0","0"
"POINT (11.587646307000099 48.131380073999999)","Unfall 219810 (2022) Kat:3, Licht: 0","219810","3","2","4","07","13","4","","0","1","1","0","0"
"POINT (11.511785203000001 48.140166772999997)","Unfall 219812 (2022) Kat:3, Licht: 0","219812","3","7","0","07","13","5","","0","0","1","0","0"
"POINT (11.530214518999999 48.119771125000099)","Unfall 219822 (2022) Kat:2, Licht: 0","219822","2","1","0","07","14","3","","0","1","0","0","0"
"POINT (11.508387889000099 48.170997104000001)","Unfall 219826 (2022) Kat:3, Licht: 2","219826","3","1","0","07","21","5","","2","0","0","1","1"
"POINT (11.629326617000100 48.165240758000003)","Unfall 219829 (2022) Kat:3, Licht: 2","219829","3","1","0","07","22","3","","2","0","0","0","0"
"POINT (11.548748239000100 48.136012874000102)","Unfall 219839 (2022) Kat:3, Licht: 0","219839","3","7","0","07","07","5","","0","0","0","0","1"
"POINT (11.587998755999999 48.158140756000101)","Unfall 219849 (2022) Kat:3, Licht: 2","219849","3","3","0","07","23","3","","2","1","0","0","1"
"POINT (11.624246045000101 48.132017062000003)","Unfall 219855 (2022) Kat:3, Licht: 0","219855","3","7","1","07","10","4","","0","1","0","0","0"
"POINT (11.502336512000101 48.109035915000000)","Unfall 219861 (2022) Kat:3, Licht: 0","219861","3","1","0","07","10","4","","0","1","0","0","0"
"POINT (11.609477013999999 48.150946488000002)","Unfall 219874 (2022) Kat:3, Licht: 0","219874","3","2","3","07","17","6","","0","0","1","0","0"
"POINT (11.580993940000001 48.149917935000097)","Unfall 219875 (2022) Kat:3, Licht: 0","219875","3","6","3","07","16","2","","0","1","0","0","0"
"POINT (11.553817994999999 48.121156032000002)","Unfall 219877 (2022) Kat:3, Licht: 0","219877","3","2","3","07","07","5","","0","1","1","0","0"
"POINT (11.503719022000000 48.111440799999997)","Unfall 219879 (2022) Kat:3, Licht: 0","219879","3","7","1","07","14","6","","0","1","1","0","0"
"POINT (11.586006483000100 48.160342179000097)","Unfall 219881 (2022) Kat:3, Licht: 2","219881","3","7","1","07","23","1","","2","0","1","1","0"
"POINT (11.572925701000001 48.177790811000101)","Unfall 219883 (2022) Kat:3, Licht: 0","219883","3","3","5","07","07","6","","0","0","1","0","0"
"POINT (11.540525045000001 48.153066981999999)","Unfall 219893 (2022) Kat:3, Licht: 0","219893","3","3","5","07","17","1","","0","0","1","0","0"
"POINT (11.569263655000000 48.121620964999998)","Unfall 219894 (2022) Kat:3, Licht: 0","219894","3","2","5","07","10","6","","0","1","1","0","0"
"POINT (11.569354877000000 48.093708775000003)","Unfall 219898 (2022) Kat:3, Licht: 0","219898","3","7","6","07","12","7","","0","1","0","1","0"
"POINT (11.584211832000101 48.156740708000001)","Unfall 219901 (2022) Kat:3, Licht: 0","219901","3","6","3","07","18","4","","0","1","0","0","0"
"POINT (11.407362043999999 48.178461247000001)","Unfall 219905 (2022) Kat:3, Licht: 0","219905","3","6","2","07","07","4","","0","0","1","0","1"
"POINT (11.581502662000000 48.162635031999997)","Unfall 219906 (2022) Kat:3, Licht: 0","219906","3","3","5","07","12","5","","0","1","1","0","0"
"POINT (11.516849078000099 48.112591401000003)","Unfall 219907 (2022) Kat:3, Licht: 0","219907","3","6","2","07","17","7","","0","0","1","0","0"
"POINT (11.533741893000100 48.152669711000001)","Unfall 219912 (2022) Kat:3, Licht: 0","219912","3","7","6","07","07","3","","0","1","0","1","0"
"POINT (11.540664618000100 48.125430225999999)","Unfall 219922 (2022) Kat:3, Licht: 0","219922","3","7","1","07","13","5","","0","1","0","0","0"
"POINT (11.553011700000100 48.126807878000101)","Unfall 219924 (2022) Kat:3, Licht: 2","219924","3","6","3","07","23","2","","2","0","1","0","1"
"POINT (11.540891417000100 48.124977678000100)","Unfall 219928 (2022) Kat:3, Licht: 0","219928","3","6","2","07","14","6","","0","0","1","0","0"
"POINT (11.478429230000099 48.156003750000103)","Unfall 219930 (2022) Kat:3, Licht: 0","219930","3","3","5","07","12","1","","0","1","1","0","0"
"POINT (11.571235976000001 48.141619510000098)","Unfall 219936 (2022) Kat:3, Licht: 0","219936","3","1","2","07","15","3","","0","0","1","0","0"
"POINT (11.565473091000101 48.137914167000098)","Unfall 219943 (2022) Kat:3, Licht: 2","219943","3","2","5","07","01","5","","2","1","1","0","0"
"POINT (11.593980840000000 48.128577622000101)","Unfall 219971 (2022) Kat:3, Licht: 0","219971","3","2","4","07","09","6","","0","0","1","0","0"
"POINT (11.654080044000100 48.124774638000098)","Unfall 219984 (2022) Kat:2, Licht: 0","219984","2","3","2","07","13","7","","0","0","1","0","1"
"POINT (11.567103674000100 48.182737850000102)","Unfall 219986 (2022) Kat:3, Licht: 0","219986","3","7","6","07","18","3","","0","0","1","1","0"
"POINT (11.475927296000100 48.108484789999999)","Unfall 220000 (2022) Kat:3, Licht: 0","220000","3","2","6","07","21","6","","0","0","1","1","0"
"POINT (11.682583429999999 48.140765126000097)","Unfall 220008 (2022) Kat:3, Licht: 0","220008","3","1","8","07","17","5","","0","1","0","0","0"
"POINT (11.618108270000100 48.110939008000102)","Unfall 220016 (2022) Kat:3, Licht: 0","220016","3","7","0","07","07","2","","0","1","0","0","0"
"POINT (11.606324215000001 48.120777402999998)","Unfall 220023 (2022) Kat:2, Licht: 0","220023","2","7","0","07","11","1","","0","1","0","0","0"
"POINT (11.421393755000100 48.160900399000099)","Unfall 220029 (2022) Kat:3, Licht: 2","220029","3","1","1","07","03","7","","2","0","1","0","0"
"POINT (11.582608246000101 48.134499527999999)","Unfall 220045 (2022) Kat:3, Licht: 0","220045","3","6","3","07","14","6","","0","0","1","0","1"
"POINT (11.576177451000000 48.188703199000003)","Unfall 220048 (2022) Kat:3, Licht: 2","220048","3","1","0","07","01","6","","2","1","0","0","0"
"POINT (11.477500659000000 48.178090317000098)","Unfall 220049 (2022) Kat:3, Licht: 0","220049","3","3","5","07","08","2","","0","1","1","0","0"
"POINT (11.530557388000000 48.171434557000097)","Unfall 220052 (2022) Kat:3, Licht: 0","220052","3","6","9","07","16","3","","0","1","0","0","0"
"POINT (11.573676313000000 48.129754723000097)","Unfall 220058 (2022) Kat:3, Licht: 2","220058","3","7","0","07","01","4","","2","1","0","0","0"
"POINT (11.459828180000001 48.149104443000098)","Unfall 220065 (2022) Kat:2, Licht: 0","220065","2","7","0","07","11","3","","0","0","0","1","0"
"POINT (11.547732694000000 48.159890409000099)","Unfall 220067 (2022) Kat:3, Licht: 0","220067","3","2","5","07","17","4","","0","1","0","0","0"
"POINT (11.556329994000100 48.213304589000103)","Unfall 220071 (2022) Kat:3, Licht: 0","220071","3","6","2","07","10","4","","0","1","0","0","0"
"POINT (11.572503562000101 48.120718385000004)","Unfall 220072 (2022) Kat:3, Licht: 0","220072","3","2","4","07","12","5","","0","1","1","0","0"
"POINT (11.541339448000000 48.123475099000103)","Unfall 220073 (2022) Kat:3, Licht: 0","220073","3","5","1","07","17","7","","0","1","1","0","0"
"POINT (11.491803376000099 48.137983902000002)","Unfall 220077 (2022) Kat:3, Licht: 0","220077","3","3","5","07","17","4","","0","0","1","0","0"
"POINT (11.547325397000099 48.159596008000101)","Unfall 220083 (2022) Kat:3, Licht: 0","220083","3","2","5","07","16","3","","0","1","1","0","0"
"POINT (11.630982847000000 48.099706101000002)","Unfall 220086 (2022) Kat:3, Licht: 0","220086","3","3","5","07","17","5","","0","1","1","0","0"
"POINT (11.599008611000000 48.159410090999998)","Unfall 220087 (2022) Kat:3, Licht: 0","220087","3","6","3","07","18","2","","0","1","0","0","0"
"POINT (11.593753336000100 48.171572138000002)","Unfall 220093 (2022) Kat:3, Licht: 0","220093","3","3","5","07","16","1","","0","1","1","0","0"
"POINT (11.582836218000100 48.154096195000101)","Unfall 220105 (2022) Kat:3, Licht: 0","220105","3","2","5","07","15","4","","0","1","1","0","0"
"POINT (11.599349530000000 48.135694544000003)","Unfall 220111 (2022) Kat:3, Licht: 0","220111","3","4","6","07","09","4","","0","0","1","1","0"
"POINT (11.699974080000100 48.107571716000102)","Unfall 220120 (2022) Kat:3, Licht: 0","220120","3","3","5","07","10","5","","0","0","1","0","1"
"POINT (11.599553494000100 48.125334671000097)","Unfall 220126 (2022) Kat:3, Licht: 0","220126","3","6","2","07","18","3","","0","0","1","0","0"
"POINT (11.577034745000001 48.115915854000001)","Unfall 220130 (2022) Kat:3, Licht: 0","220130","3","2","5","07","08","3","","0","1","1","0","0"
"POINT (11.569239127000101 48.121763932000100)","Unfall 220135 (2022) Kat:3, Licht: 0","220135","3","7","0","07","16","5","","0","1","0","0","0"
"POINT (11.580101508000000 48.115678053000103)","Unfall 220137 (2022) Kat:3, Licht: 0","220137","3","7","2","07","20","2","","0","0","1","0","0"
"POINT (11.564258714000101 48.178636885000103)","Unfall 220141 (2022) Kat:3, Licht: 0","220141","3","6","0","07","14","6","","0","1","0","0","0"
"POINT (11.633069692999999 48.119289448000103)","Unfall 220149 (2022) Kat:3, Licht: 0","220149","3","7","0","07","19","3","","0","1","0","0","0"
"POINT (11.581281804000101 48.097965764000001)","Unfall 220155 (2022) Kat:3, Licht: 0","220155","3","7","1","07","08","4","","0","0","0","1","0"
"POINT (11.594237310000000 48.173257726000003)","Unfall 220168 (2022) Kat:3, Licht: 0","220168","3","4","6","07","16","6","","0","0","1","1","0"
"POINT (11.568250727000100 48.132476570999998)","Unfall 220169 (2022) Kat:3, Licht: 0","220169","3","2","3","07","08","2","","0","1","0","0","1"
"POINT (11.658967700000099 48.103389460000102)","Unfall 220180 (2022) Kat:3, Licht: 1","220180","3","1","8","07","20","5","","1","0","0","0","1"
"POINT (11.572951756000100 48.150533560000000)","Unfall 220181 (2022) Kat:3, Licht: 0","220181","3","5","0","07","17","7","","0","0","1","0","0"
"POINT (11.528216927000100 48.097434634000102)","Unfall 220204 (2022) Kat:2, Licht: 0","220204","2","2","3","07","17","5","","0","1","1","0","0"
"POINT (11.509989726000100 48.099998704000001)","Unfall 220208 (2022) Kat:3, Licht: 0","220208","3","6","1","07","15","5","","0","1","0","0","0"
"POINT (11.480247623000000 48.178083385000001)","Unfall 220210 (2022) Kat:2, Licht: 0","220210","2","4","6","07","16","2","","0","0","0","1","1"
"POINT (11.581404131999999 48.157729414000102)","Unfall 220212 (2022) Kat:3, Licht: 0","220212","3","1","0","07","08","6","","0","1","0","0","0"
"POINT (11.520696851000000 48.163288088999998)","Unfall 220216 (2022) Kat:3, Licht: 0","220216","3","3","5","07","09","6","","0","1","1","0","0"
"POINT (11.527840404000100 48.137324067000101)","Unfall 220220 (2022) Kat:3, Licht: 0","220220","3","2","2","07","09","3","","0","1","1","0","0"
"POINT (11.506694475000099 48.164054115000098)","Unfall 220227 (2022) Kat:3, Licht: 0","220227","3","6","2","07","18","5","","0","1","0","0","0"
"POINT (11.497554352000099 48.139697267000003)","Unfall 220234 (2022) Kat:3, Licht: 0","220234","3","1","0","07","08","3","","0","0","0","0","1"
"POINT (11.572571122000101 48.178969053000102)","Unfall 220237 (2022) Kat:2, Licht: 0","220237","2","6","5","07","14","3","","0","1","0","0","0"
"POINT (11.486785153000000 48.110933222000000)","Unfall 220241 (2022) Kat:3, Licht: 0","220241","3","3","5","07","19","5","","0","0","1","0","0"
"POINT (11.470201802000100 48.117107722000100)","Unfall 220244 (2022) Kat:3, Licht: 0","220244","3","3","5","07","12","6","","0","1","1","0","0"
"POINT (11.536858982000100 48.133816359000001)","Unfall 220250 (2022) Kat:3, Licht: 1","220250","3","3","5","08","20","4","","1","1","1","0","0"
"POINT (11.686073060000099 48.121291735000099)","Unfall 220255 (2022) Kat:3, Licht: 1","220255","3","6","4","08","20","3","","1","1","0","0","0"
"POINT (11.636504126000000 48.098969552000000)","Unfall 220256 (2022) Kat:3, Licht: 0","220256","3","2","3","08","10","6","","0","1","1","0","0"
"POINT (11.582555144000001 48.131030790000104)","Unfall 220267 (2022) Kat:2, Licht: 0","220267","2","7","4","08","17","2","","0","1","0","0","0"
"POINT (11.571591991000000 48.131395220000101)","Unfall 220277 (2022) Kat:3, Licht: 0","220277","3","2","5","08","07","4","","0","1","1","0","0"
"POINT (11.615147409000000 48.131012272000099)","Unfall 220278 (2022) Kat:3, Licht: 0","220278","3","6","6","07","17","7","","0","1","0","1","0"
"POINT (11.580561900000101 48.109004702999997)","Unfall 220279 (2022) Kat:3, Licht: 0","220279","3","5","6","08","16","7","","0","0","1","1","0"
"POINT (11.616495046000100 48.148839953000000)","Unfall 220283 (2022) Kat:3, Licht: 0","220283","3","6","4","07","13","7","","0","1","1","0","0"