WKT,Name,OBJECTID,UKATEGORIE,UTYP1,UART,UMONAT,USTUNDE,UWOCHENTAG,STRZUSTAND,ULICHTVERH,ISTRAD,ISTPKW,ISTFUSS,ISTKRAD
"POINT (11.573575625000000 48.201355786000100)","Unfall 220286 (2022) Kat:3, Licht: 0","220286","3","1","1","08","16","5","","0","0","1","0","0"
"POINT (11.595618518000000 48.108521355000100)","Unfall 220289 (2022) Kat:3, Licht: 0","220289","3","2","5","08","18","5","","0","1","1","0","0"
"POINT (11.585722826000101 48.143267852000101)","Unfall 220291 (2022) Kat:3, Licht: 0","220291","3","2","3","08","18","3","","0","1","1","0","0"
"POINT (11.555891047999999 48.128451798000100)","Unfall 220295 (2022) Kat:3, Licht: 0","220295","3","2","5","08","10","3","","0","1","1","0","0"
"POINT (11.572993239000001 48.115908633000103)","Unfall 220296 (2022) Kat:3, Licht: 0","220296","3","4","0","08","13","2","","0","1","0","1","0"
"POINT (11.541537146000101 48.138655519000103)","Unfall 220306 (2022) Kat:3, Licht: 0","220306","3","6","0","08","06","3","","0","1","0","0","0"
"POINT (11.584177692000001 48.187706746000103)","Unfall 220307 (2022) Kat:3, Licht: 2","220307","3","7","6","08","22","2","","2","0","1","0","0"
"POINT (11.517737941000100 48.218195379000100)","Unfall 220310 (2022) Kat:3, Licht: 0","220310","3","3","5","08","14","6","","0","1","1","0","0"
"POINT (11.549759477000100 48.125032558000001)","Unfall 220328 (2022) Kat:3, Licht: 0","220328","3","7","0","08","18","1","","0","1","0","0","0"
"POINT (11.528467235999999 48.196757617999999)","Unfall 220329 (2022) Kat:3, Licht: 0","220329","3","7","0","08","11","4","","0","1","0","0","0"
"POINT (11.599073020000001 48.088556199999999)","Unfall 220332 (2022) Kat:3, Licht: 0","220332","3","3","5","08","16","2","","0","0","1","0","0"
"POINT (11.641626309999999 48.156741555000103)","Unfall 220333 (2022) Kat:3, Licht: 0","220333","3","2","3","08","17","5","","0","1","1","0","0"
"POINT (11.582065249999999 48.114454101000000)","Unfall 220334 (2022) Kat:3, Licht: 0","220334","3","5","3","08","09","5","","0","1","1","0","0"
"POINT (11.502894731000000 48.135323465000099)","Unfall 220336 (2022) Kat:3, Licht: 0","220336","3","3","5","08","10","5","","0","0","1","0","1"
"POINT (11.448869459999999 48.173517274000098)","Unfall 220339 (2022) Kat:2, Licht: 0","220339","2","7","3","08","08","6","","0","1","1","0","0"
"POINT (11.553509130000100 48.200040495000103)","Unfall 220345 (2022) Kat:3, Licht: 0","220345","3","3","5","08","07","4","","0","1","1","0","0"
"POINT (11.430395537000001 48.162963576999999)","Unfall 220348 (2022) Kat:3, Licht: 0","220348","3","3","5","08","09","6","","0","0","0","0","1"
"POINT (11.573243766000100 48.127002128000100)","Unfall 220366 (2022) Kat:3, Licht: 0","220366","3","6","3","08","18","4","","0","0","1","0","1"
"POINT (11.551900692000100 48.119498094999997)","Unfall 220371 (2022) Kat:3, Licht: 0","220371","3","7","1","08","11","4","","0","1","0","0","0"
"POINT (11.558911105000000 48.148039646000001)","Unfall 220376 (2022) Kat:3, Licht: 0","220376","3","6","3","08","18","3","","0","1","0","0","0"
"POINT (11.552047736000100 48.205901199000003)","Unfall 220379 (2022) Kat:3, Licht: 0","220379","3","2","0","08","17","1","","0","1","0","0","0"
"POINT (11.574700198000100 48.145431335000097)","Unfall 220383 (2022) Kat:3, Licht: 0","220383","3","2","5","08","09","2","","0","1","1","0","0"
"POINT (11.579350380999999 48.146434184000000)","Unfall 220385 (2022) Kat:3, Licht: 1","220385","3","6","3","08","20","5","","1","1","0","0","0"
"POINT (11.641304578000099 48.120679890000098)","Unfall 220386 (2022) Kat:3, Licht: 0","220386","3","7","1","08","14","5","","0","0","1","0","0"
"POINT (11.549570630000099 48.100802863000098)","Unfall 220391 (2022) Kat:3, Licht: 0","220391","3","7","3","08","08","3","","0","1","0","0","0"
"POINT (11.602207486000101 48.135676757000098)","Unfall 220392 (2022) Kat:2, Licht: 0","220392","2","7","0","08","08","2","","0","1","0","0","0"
"POINT (11.613982500000100 48.128282365000103)","Unfall 220403 (2022) Kat:3, Licht: 0","220403","3","1","0","07","09","7","","0","0","0","0","0"
"POINT (11.557003981999999 48.143861313000102)","Unfall 220406 (2022) Kat:3, Licht: 2","220406","3","7","0","08","02","4","","2","0","0","0","0"
"POINT (11.561766980000099 48.215728980000101)","Unfall 220415 (2022) Kat:3, Licht: 0","220415","3","3","5","08","09","3","","0","0","1","0","0"
"POINT (11.616305659000000 48.148773020000100)","Unfall 220425 (2022) Kat:3, Licht: 0","220425","3","3","5","08","13","7","","0","1","1","0","0"
"POINT (11.655467123999999 48.096270193000102)","Unfall 220429 (2022) Kat:3, Licht: 0","220429","3","3","5","08","11","4","","0","0","1","0","0"
"POINT (11.584668878000100 48.149505713000103)","Unfall 220433 (2022) Kat:3, Licht: 0","220433","3","7","0","08","18","6","","0","1","0","0","0"
"POINT (11.533860066000001 48.152741718000101)","Unfall 220439 (2022) Kat:3, Licht: 0","220439","3","7","0","08","17","4","","0","1","0","0","0"
"POINT (11.559590944000000 48.098891389000102)","Unfall 220446 (2022) Kat:3, Licht: 0","220446","3","6","1","07","14","1","","0","1","0","0","0"
"POINT (11.518332203000099 48.140068632000101)","Unfall 220449 (2022) Kat:3, Licht: 0","220449","3","2","4","08","08","7","","0","0","1","0","0"
"POINT (11.557149836000100 48.143613256000002)","Unfall 220458 (2022) Kat:3, Licht: 2","220458","3","2","3","08","00","6","","2","1","1","0","0"
"POINT (11.542625477000101 48.170837771999999)","Unfall 220474 (2022) Kat:3, Licht: 0","220474","3","7","0","08","12","6","","0","0","0","0","0"
"POINT (11.545516076000100 48.135617551999999)","Unfall 220477 (2022) Kat:3, Licht: 0","220477","3","7","3","08","12","3","","0","1","1","0","0"
"POINT (11.593401593000101 48.144773991000100)","Unfall 220478 (2022) Kat:2, Licht: 0","220478","2","7","0","07","12","1","","0","1","0","0","0"
"POINT (11.593535751999999 48.171809112000098)","Unfall 220482 (2022) Kat:3, Licht: 0","220482","3","2","4","08","18","4","","0","1","1","0","0"
"POINT (11.557997276000000 48.120702618000102)","Unfall 220485 (2022) Kat:3, Licht: 0","220485","3","3","6","08","07","2","","0","1","0","1","0"
"POINT (11.584113518000001 48.143559123999999)","Unfall 220486 (2022) Kat:3, Licht: 0","220486","3","3","6","08","15","5","","0","0","1","1","0"
"POINT (11.636594279000100 48.085502357999999)","Unfall 220495 (2022) Kat:3, Licht: 0","220495","3","7","3","07","09","7","","0","0","1","0","0"
"POINT (11.555046948999999 48.161378599000003)","Unfall 220496 (2022) Kat:3, Licht: 0","220496","3","7","7","08","14","7","","0","1","0","0","0"
"POINT (11.584225529999999 48.156770079000097)","Unfall 220498 (2022) Kat:2, Licht: 2","220498","2","1","0","08","00","4","","2","1","0","0","0"
"POINT (11.459901730000100 48.164735941000103)","Unfall 220501 (2022) Kat:3, Licht: 0","220501","3","2","3","08","16","2","","0","1","1","0","0"
"POINT (11.527375511000100 48.154098623000003)","Unfall 220502 (2022) Kat:3, Licht: 0","220502","3","3","5","08","15","5","","0","0","1","0","0"
"POINT (11.578693651000000 48.137874307000097)","Unfall 220503 (2022) Kat:3, Licht: 0","220503","3","6","2","08","18","5","","0","1","0","0","0"
"POINT (11.575596493999999 48.128404285000002)","Unfall 220505 (2022) Kat:3, Licht: 0","220505","3","6","2","08","08","5","","0","0","1","0","1"
"POINT (11.601180622000101 48.142052620000101)","Unfall 220508 (2022) Kat:3, Licht: 0","220508","3","3","5","08","09","6","","0","1","1","0","0"
"POINT (11.556241649000100 48.142116111000099)","Unfall 220513 (2022) Kat:3, Licht: 0","220513","3","2","5","08","08","2","","0","1","1","0","0"
"POINT (11.475430589000000 48.142203241000097)","Unfall 220522 (2022) Kat:3, Licht: 0","220522","3","3","6","07","14","7","","0","0","0","1","0"
"POINT (11.556438641000099 48.213931158000001)","Unfall 220535 (2022) Kat:3, Licht: 0","220535","3","4","6","07","16","7","","0","0","0","1","0"
"POINT (11.578384438000100 48.144262245999997)","Unfall 220540 (2022) Kat:3, Licht: 0","220540","3","2","5","08","10","5","","0","0","1","0","0"
"POINT (11.507387066000000 48.188802529000000)","Unfall 220541 (2022) Kat:3, Licht: 0","220541","3","3","5","08","11","5","","0","1","1","0","0"
"POINT (11.533348721999999 48.133498322000001)","Unfall 220547 (2022) Kat:3, Licht: 0","220547","3","7","0","08","12","2","","0","0","0","0","0"
"POINT (11.567120946999999 48.132357853000002)","Unfall 220551 (2022) Kat:3, Licht: 0","220551","3","7","0","08","20","6","","0","1","0","0","0"
"POINT (11.597941888999999 48.136008513999997)","Unfall 220553 (2022) Kat:3, Licht: 0","220553","3","7","3","08","09","5","","0","1","1","0","0"
"POINT (11.421818601000000 48.146578808000100)","Unfall 220554 (2022) Kat:3, Licht: 0","220554","3","7","6","08","13","5","","0","0","1","1","0"
"POINT (11.459570533000001 48.183310798999997)","Unfall 220555 (2022) Kat:2, Licht: 0","220555","2","3","5","08","12","3","","0","1","1","0","0"
"POINT (11.659144672000000 48.118517226999998)","Unfall 220560 (2022) Kat:3, Licht: 0","220560","3","2","5","08","13","2","","0","1","1","0","0"
"POINT (11.599787065999999 48.125515080000099)","Unfall 220580 (2022) Kat:3, Licht: 2","220580","3","4","6","08","20","7","","2","0","0","1","0"
"POINT (11.573553359000099 48.170254344000099)","Unfall 220585 (2022) Kat:3, Licht: 0","220585","3","2","5","08","17","3","","0","1","1","0","0"
"POINT (11.538876877000099 48.138120377000099)","Unfall 220593 (2022) Kat:3, Licht: 0","220593","3","4","6","08","19","2","","0","0","1","1","0"
"POINT (11.523321534000001 48.090444021000103)","Unfall 220605 (2022) Kat:3, Licht: 2","220605","3","7","0","07","22","7","","2","1","0","0","0"
"POINT (11.577540881000100 48.120023576999998)","Unfall 220606 (2022) Kat:3, Licht: 0","220606","3","7","5","08","18","7","","0","1","1","0","0"
"POINT (11.474371238000099 48.176513045000000)","Unfall 220612 (2022) Kat:2, Licht: 0","220612","2","7","0","08","10","3","","0","1","0","0","0"
"POINT (11.503199691000100 48.147135102000000)","Unfall 220626 (2022) Kat:3, Licht: 2","220626","3","3","5","08","22","3","","2","1","0","1","0"
"POINT (11.539232908000001 48.125411643000099)","Unfall 220658 (2022) Kat:2, Licht: 0","220658","2","6","3","08","16","5","","0","0","1","0","1"
"POINT (11.595374736000100 48.136704148000000)","Unfall 220662 (2022) Kat:3, Licht: 0","220662","3","1","0","08","06","3","","0","1","0","0","0"
"POINT (11.572707057000100 48.167267623999997)","Unfall 220663 (2022) Kat:3, Licht: 0","220663","3","2","5","08","12","6","","0","0","1","0","0"
"POINT (11.556958045000000 48.143635369000002)","Unfall 220667 (2022) Kat:3, Licht: 0","220667","3","6","2","08","16","2","","0","0","1","0","0"
"POINT (11.539425644000101 48.100554156999998)","Unfall 220674 (2022) Kat:3, Licht: 0","220674","3","2","5","08","19","3","","0","1","1","0","0"
"POINT (11.535432421000101 48.168230360000102)","Unfall 220675 (2022) Kat:3, Licht: 0","220675","3","6","2","08","05","6","","0","0","1","0","0"
"POINT (11.546540058000099 48.161717023000101)","Unfall 220687 (2022) Kat:3, Licht: 0","220687","3","3","5","08","17","2","","0","1","0","0","0"
"POINT (11.550308715000000 48.175892789000002)","Unfall 220692 (2022) Kat:3, Licht: 0","220692","3","7","0","08","16","6","","0","1","0","0","0"
"POINT (11.558654068000100 48.151315495000098)","Unfall 220701 (2022) Kat:3, Licht: 0","220701","3","6","4","08","18","4","","0","1","1","0","0"
"POINT (11.684532213000100 48.119511123999999)","Unfall 220705 (2022) Kat:3, Licht: 0","220705","3","3","5","08","08","5","","0","1","1","0","0"
"POINT (11.660885711000001 48.135029897999999)","Unfall 220707 (2022) Kat:3, Licht: 0","220707","3","6","4","08","07","5","","0","1","1","0","0"
"POINT (11.581958641000000 48.121886895999999)","Unfall 220708 (2022) Kat:3, Licht: 0","220708","3","7","0","08","10","5","","0","1","0","0","0"
"POINT (11.601715648000001 48.177273636000102)","Unfall 220709 (2022) Kat:3, Licht: 0","220709","3","5","1","08","14","3","","0","1","1","0","0"
"POINT (11.410378402999999 48.145663982000002)","Unfall 220714 (2022) Kat:3, Licht: 0","220714","3","7","0","08","19","2","","0","0","0","0","0"
"POINT (11.598606532000099 48.121948633000002)","Unfall 220730 (2022) Kat:3, Licht: 0","220730","3","7","4","08","14","3","","0","1","1","0","0"
"POINT (11.501843829000100 48.172521044000099)","Unfall 220735 (2022) Kat:3, Licht: 0","220735","3","3","5","08","10","4","","0","1","0","0","0"
"POINT (11.594569186000101 48.170729921000003)","Unfall 220745 (2022) Kat:3, Licht: 0","220745","3","2","4","08","14","4","","0","1","1","0","0"
"POINT (11.585681137000099 48.110484573000100)","Unfall 220750 (2022) Kat:3, Licht: 2","220750","3","2","0","08","21","2","","2","1","1","0","0"
"POINT (11.556883892000000 48.158117070000102)","Unfall 220751 (2022) Kat:3, Licht: 0","220751","3","3","5","08","13","5","","0","0","1","0","1"
"POINT (11.502671614000100 48.127606694000100)","Unfall 220752 (2022) Kat:3, Licht: 0","220752","3","7","4","08","19","5","","0","0","1","0","1"
"POINT (11.574167006000000 48.165338144000003)","Unfall 220754 (2022) Kat:3, Licht: 0","220754","3","7","5","08","17","5","","0","1","1","0","0"
"POINT (11.492414660000099 48.194364418000099)","Unfall 220755 (2022) Kat:3, Licht: 0","220755","3","6","3","08","14","5","","0","1","1","0","0"
"POINT (11.677285321999999 48.083743841000100)","Unfall 220756 (2022) Kat:3, Licht: 0","220756","3","2","3","08","11","3","","0","1","1","0","0"
"POINT (11.571062140000000 48.157048736000000)","Unfall 220777 (2022) Kat:3, Licht: 0","220777","3","7","0","08","08","2","","0","0","0","0","0"
"POINT (11.605010494000100 48.120530448000103)","Unfall 220779 (2022) Kat:3, Licht: 0","220779","3","2","5","08","13","3","","0","0","1","0","0"
"POINT (11.630532373000101 48.175959044000102)","Unfall 220781 (2022) Kat:2, Licht: 0","220781","2","4","2","08","12","7","","0","0","1","1","1"
"POINT (11.502750399000000 48.135397750000003)","Unfall 220783 (2022) Kat:3, Licht: 0","220783","3","6","4","08","19","4","","0","1","0","0","0"
"POINT (11.447170630000100 48.159468846000003)","Unfall 220795 (2022) Kat:3, Licht: 0","220795","3","5","1","08","11","1","","0","1","1","0","0"
"POINT (11.557731410000001 48.150846764999997)","Unfall 220797 (2022) Kat:3, Licht: 0","220797","3","2","5","07","13","7","","0","1","1","0","0"
"POINT (11.690199024000000 48.133446960000100)","Unfall 220801 (2022) Kat:3, Licht: 0","220801","3","3","1","08","15","5","","0","0","0","0","0"
"POINT (11.617846838000000 48.165785907999997)","Unfall 220803 (2022) Kat:2, Licht: 0","220803","2","7","1","08","18","5","","0","0","1","0","0"
"POINT (11.568923900000099 48.141205100999997)","Unfall 220804 (2022) Kat:2, Licht: 2","220804","2","1","0","08","21","5","","2","0","0","0","1"
"POINT (11.617904709000101 48.115317181000101)","Unfall 220822 (2022) Kat:3, Licht: 2","220822","3","1","0","07","00","7","","2","0","0","0","1"
"POINT (11.528391364000100 48.172655075000101)","Unfall 220830 (2022) Kat:3, Licht: 0","220830","3","3","5","08","18","3","","0","1","1","0","0"
"POINT (11.557540041999999 48.117432057000002)","Unfall 220831 (2022) Kat:3, Licht: 0","220831","3","6","9","07","11","1","","0","0","1","0","0"
"POINT (11.566083648000101 48.153926382000101)","Unfall 220833 (2022) Kat:3, Licht: 0","220833","3","3","5","08","15","6","","0","0","1","0","1"
"POINT (11.576552855999999 48.187670443999998)","Unfall 220844 (2022) Kat:3, Licht: 0","220844","3","2","0","08","16","2","","0","0","1","0","0"
"POINT (11.650219351000001 48.161973865000000)","Unfall 220860 (2022) Kat:3, Licht: 0","220860","3","6","2","08","14","2","","0","0","1","0","0"
"POINT (11.529986484000100 48.159687669000000)","Unfall 220869 (2022) Kat:3, Licht: 0","220869","3","7","0","07","11","1","","0","1","0","0","0"
"POINT (11.591709699999999 48.187862123000102)","Unfall 220871 (2022) Kat:3, Licht: 2","220871","3","7","0","07","04","7","","2","1","1","0","0"
"POINT (11.583158636000100 48.184270357999999)","Unfall 220874 (2022) Kat:3, Licht: 0","220874","3","7","0","08","08","4","","0","1","0","0","0"
"POINT (11.552519673000100 48.208269279000000)","Unfall 220879 (2022) Kat:3, Licht: 1","220879","3","3","5","08","05","3","","1","0","1","0","0"
"POINT (11.627832078999999 48.090470665000097)","Unfall 220881 (2022) Kat:3, Licht: 0","220881","3","5","3","08","14","6","","0","0","1","0","0"
"POINT (11.530763993000100 48.183341040000101)","Unfall 220897 (2022) Kat:3, Licht: 0","220897","3","6","1","08","18","6","","0","1","0","0","0"
"POINT (11.558672863000000 48.148954318999998)","Unfall 220902 (2022) Kat:3, Licht: 0","220902","3","7","0","08","15","4","","0","1","0","0","0"
"POINT (11.612089428000001 48.131493921000100)","Unfall 220903 (2022) Kat:3, Licht: 2","220903","3","1","0","07","22","7","","2","1","0","0","0"
"POINT (11.493131086000099 48.165512971000098)","Unfall 220909 (2022) Kat:3, Licht: 2","220909","3","7","0","08","21","2","","2","1","0","0","0"
"POINT (11.573213000000100 48.180139646000001)","Unfall 220910 (2022) Kat:3, Licht: 0","220910","3","2","3","08","16","5","","0","1","1","0","0"
"POINT (11.599119978999999 48.135568890000101)","Unfall 220911 (2022) Kat:3, Licht: 0","220911","3","3","5","08","13","5","","0","1","0","0","0"
"POINT (11.548656571000000 48.113154496999996)","Unfall 220913 (2022) Kat:3, Licht: 0","220913","3","7","6","08","16","5","","0","1","0","1","0"
"POINT (11.592634179000100 48.114901289999999)","Unfall 220914 (2022) Kat:3, Licht: 0","220914","3","2","4","08","09","5","","0","0","1","0","1"
"POINT (11.592186570000001 48.142317085000101)","Unfall 220915 (2022) Kat:3, Licht: 0","220915","3","3","5","08","19","3","","0","0","1","0","0"
"POINT (11.577054018000100 48.136485116000102)","Unfall 220916 (2022) Kat:2, Licht: 2","220916","2","2","6","08","20","6","","2","0","1","1","0"
"POINT (11.678797600000101 48.131409015000003)","Unfall 220920 (2022) Kat:3, Licht: 0","220920","3","1","0","08","12","2","","0","1","0","0","0"
"POINT (11.584721311000100 48.109287500999997)","Unfall 220923 (2022) Kat:3, Licht: 0","220923","3","3","5","08","10","2","","0","1","1","0","0"
"POINT (11.574800753000000 48.135317194000002)","Unfall 220924 (2022) Kat:3, Licht: 0","220924","3","5","1","08","18","5","","0","1","1","0","0"
"POINT (11.567024506000100 48.191510998000098)","Unfall 220925 (2022) Kat:3, Licht: 0","220925","3","6","2","08","18","5","","0","0","1","0","1"
"POINT (11.502373222000100 48.116975439000001)","Unfall 220927 (2022) Kat:3, Licht: 0","220927","3","6","2","08","18","5","","0","0","1","0","0"
"POINT (11.592554420000100 48.168808587999997)","Unfall 220928 (2022) Kat:3, Licht: 0","220928","3","6","4","08","18","3","","0","1","0","0","0"
"POINT (11.558610071000000 48.139321639999999)","Unfall 220929 (2022) Kat:3, Licht: 0","220929","3","2","5","08","12","6","","0","0","1","0","1"
"POINT (11.511459587999999 48.157304326000002)","Unfall 220932 (2022) Kat:3, Licht: 0","220932","3","5","1","08","16","3","","0","0","1","0","0"
"POINT (11.571941058000000 48.153002104000102)","Unfall 220942 (2022) Kat:3, Licht: 0","220942","3","5","1","07","13","7","","0","1","1","0","0"
"POINT (11.547120235000000 48.139198774000100)","Unfall 220954 (2022) Kat:2, Licht: 0","220954","2","3","5","08","17","4","","0","1","0","0","0"
"POINT (11.633937685999999 48.136163545999999)","Unfall 220957 (2022) Kat:3, Licht: 0","220957","3","3","5","08","10","2","","0","1","1","0","0"
"POINT (11.523643708000099 48.218134996000103)","Unfall 220958 (2022) Kat:3, Licht: 0","220958","3","6","2","08","07","5","","0","0","1","0","0"
"POINT (11.576173828000000 48.150631482999998)","Unfall 220959 (2022) Kat:3, Licht: 0","220959","3","7","4","08","16","5","","0","1","0","0","0"
"POINT (11.578652571000100 48.139377611999997)","Unfall 220961 (2022) Kat:3, Licht: 0","220961","3","6","5","08","17","5","","0","0","1","0","1"
"POINT (11.558405159000101 48.130118880000097)","Unfall 220967 (2022) Kat:3, Licht: 0","220967","3","7","0","08","07","3","","0","0","1","0","0"
"POINT (11.561099050000101 48.221563866000103)","Unfall 220972 (2022) Kat:3, Licht: 0","220972","3","6","4","08","18","6","","0","1","0","0","0"
"POINT (11.570718299000101 48.156482681000099)","Unfall 220979 (2022) Kat:3, Licht: 0","220979","3","3","5","07","17","7","","0","1","1","0","0"
"POINT (11.574230324000000 48.119937881000098)","Unfall 220981 (2022) Kat:3, Licht: 0","220981","3","3","5","08","11","4","","0","1","1","0","1"
"POINT (11.567765352000000 48.113874103999997)","Unfall 220995 (2022) Kat:3, Licht: 2","220995","3","7","0","08","21","4","","2","0","1","0","0"
"POINT (11.587861163000101 48.187869250000098)","Unfall 221006 (2022) Kat:3, Licht: 0","221006","3","6","3","08","13","4","","0","0","1","0","0"
"POINT (11.546421812000100 48.151892498000102)","Unfall 221011 (2022) Kat:3, Licht: 0","221011","3","2","2","08","09","4","","0","1","0","0","0"
"POINT (11.543104834000101 48.157029854000001)","Unfall 221012 (2022) Kat:3, Licht: 0","221012","3","2","3","08","06","5","","0","1","1","0","0"
"POINT (11.434330676000100 48.148880101000003)","Unfall 221013 (2022) Kat:2, Licht: 0","221013","2","7","0","08","16","5","","0","1","0","0","0"
"POINT (11.487216786999999 48.179424875999999)","Unfall 221015 (2022) Kat:3, Licht: 0","221015","3","7","3","08","08","6","","0","0","0","0","1"
"POINT (11.526981690000101 48.097413390000000)","Unfall 221032 (2022) Kat:3, Licht: 0","221032","3","2","5","08","08","4","","0","1","1","0","0"
"POINT (11.538279380000100 48.119225692000001)","Unfall 221034 (2022) Kat:2, Licht: 0","221034","2","5","1","08","18","4","","0","1","1","0","0"
"POINT (11.568056164000000 48.147599082000099)","Unfall 221036 (2022) Kat:3, Licht: 0","221036","3","2","5","08","19","2","","0","1","1","0","0"
"POINT (11.577557554000100 48.141168144000098)","Unfall 221038 (2022) Kat:3, Licht: 0","221038","3","7","0","08","13","3","","0","1","0","0","0"
"POINT (11.563394374000000 48.207693586000097)","Unfall 221039 (2022) Kat:3, Licht: 0","221039","3","6","3","08","07","3","","0","0","1","0","0"
"POINT (11.522411512000099 48.140224757000098)","Unfall 221040 (2022) Kat:3, Licht: 0","221040","3","2","5","08","10","6","","0","1","1","0","0"
"POINT (11.582054461000000 48.138727508999999)","Unfall 221054 (2022) Kat:3, Licht: 0","221054","3","1","0","08","07","2","","0","1","0","0","0"
"POINT (11.517188622999999 48.115284045000102)","Unfall 221058 (2022) Kat:3, Licht: 2","221058","3","6","3","08","00","4","","2","0","1","0","1"
"POINT (11.474558052000100 48.108244749999997)","Unfall 221062 (2022) Kat:3, Licht: 0","221062","3","6","0","08","14","6","","0","1","0","0","0"
"POINT (11.503389030000100 48.126482641000102)","Unfall 221068 (2022) Kat:3, Licht: 0","221068","3","7","6","08","11","4","","0","0","1","1","0"
"POINT (11.522207249000100 48.175583086000103)","Unfall 221071 (2022) Kat:3, Licht: 0","221071","3","3","0","08","18","6","","0","1","0","0","0"
"POINT (11.585724673000099 48.200997974000103)","Unfall 221077 (2022) Kat:3, Licht: 0","221077","3","2","5","07","14","7","","0","1","1","0","0"
"POINT (11.510726603000000 48.181155646000001)","Unfall 221078 (2022) Kat:3, Licht: 0","221078","3","4","6","08","19","7","","0","1","0","1","0"
"POINT (11.610472134000100 48.185986236000097)","Unfall 221084 (2022) Kat:3, Licht: 0","221084","3","6","2","08","15","5","","0","0","1","0","0"
"POINT (11.566441969000000 48.186117586000101)","Unfall 221092 (2022) Kat:2, Licht: 0","221092","2","3","5","08","08","2","","0","1","1","0","0"
"POINT (11.570886005000000 48.152045285000000)","Unfall 221100 (2022) Kat:3, Licht: 0","221100","3","4","6","07","11","7","","0","0","1","1","0"
"POINT (11.572430360000100 48.137892104000102)","Unfall 221107 (2022) Kat:3, Licht: 2","221107","3","7","6","08","02","5","","2","1","0","1","0"
"POINT (11.561366358000001 48.137404895000003)","Unfall 221111 (2022) Kat:3, Licht: 0","221111","3","6","3","08","10","6","","0","1","0","0","1"
"POINT (11.544186625000100 48.096710002000101)","Unfall 221114 (2022) Kat:2, Licht: 0","221114","2","3","5","08","09","2","","0","1","1","0","0"
"POINT (11.533315774000100 48.153340897000099)","Unfall 221126 (2022) Kat:3, Licht: 0","221126","3","6","2","08","16","7","","0","0","1","0","0"
"POINT (11.569129013000101 48.138519156000001)","Unfall 221128 (2022) Kat:3, Licht: 2","221128","3","1","0","08","00","4","","2","1","0","0","0"
"POINT (11.570067887000100 48.140720402000099)","Unfall 221131 (2022) Kat:3, Licht: 0","221131","3","5","0","08","08","5","","0","1","1","0","0"
"POINT (11.570339856000000 48.130882374000102)","Unfall 221132 (2022) Kat:3, Licht: 0","221132","3","1","0","08","17","5","","0","1","0","0","0"
"POINT (11.570542064000101 48.142738582000000)","Unfall 221134 (2022) Kat:3, Licht: 0","221134","3","3","5","08","07","5","","0","1","1","0","0"
"POINT (11.579469588000100 48.115152618000103)","Unfall 221135 (2022) Kat:3, Licht: 2","221135","3","1","1","08","21","5","","2","1","1","0","0"
"POINT (11.495976794000100 48.121957889999997)","Unfall 221157 (2022) Kat:3, Licht: 0","221157","3","1","0","08","20","3","","0","0","0","0","0"
"POINT (11.574922816000001 48.135083631000001)","Unfall 221161 (2022) Kat:3, Licht: 0","221161","3","1","0","08","17","4","","0","0","0","0","0"
"POINT (11.608530612999999 48.137144626000101)","Unfall 221162 (2022) Kat:3, Licht: 0","221162","3","6","3","07","19","7","","0","0","1","0","0"
"POINT (11.508986184999999 48.179177246999998)","Unfall 221165 (2022) Kat:3, Licht: 0","221165","3","3","5","08","12","5","","0","0","1","0","1"
"POINT (11.571286047000100 48.141635253000103)","Unfall 221167 (2022) Kat:3, Licht: 0","221167","3","6","2","08","14","5","","0","0","1","0","1"
"POINT (11.538370284000100 48.134882334000103)","Unfall 221168 (2022) Kat:3, Licht: 0","221168","3","3","5","08","18","5","","0","0","1","0","1"
"POINT (11.608076734000100 48.137691865000100)","Unfall 221171 (2022) Kat:3, Licht: 0","221171","3","3","5","08","12","7","","0","1","1","0","0"
"POINT (11.555887301000000 48.137090794000102)","Unfall 221173 (2022) Kat:3, Licht: 0","221173","3","6","3","08","14","4","","0","1","0","0","0"
"POINT (11.488426780000101 48.164104485000102)","Unfall 221177 (2022) Kat:3, Licht: 0","221177","3","3","5","08","06","5","","0","1","1","0","0"
"POINT (11.576753678999999 48.199354284999998)","Unfall 221178 (2022) Kat:3, Licht: 0","221178","3","3","5","08","17","5","","0","1","1","0","0"
"POINT (11.510481330000101 48.227560104000098)","Unfall 221182 (2022) Kat:3, Licht: 0","221182","3","3","5","08","20","3","","0","1","0","0","0"
"POINT (11.569737754000100 48.144634668999998)","Unfall 221186 (2022) Kat:3, Licht: 0","221186","3","6","0","08","16","3","","0","0","1","0","1"
"POINT (11.558420877000099 48.129381140000099)","Unfall 221191 (2022) Kat:3, Licht: 0","221191","3","2","5","08","12","6","","0","0","1","0","0"
"POINT (11.566604978999999 48.187169789000102)","Unfall 221198 (2022) Kat:3, Licht: 0","221198","3","7","0","07","19","7","","0","0","0","0","0"
"POINT (11.640650230000100 48.090103145000100)","Unfall 221200 (2022) Kat:2, Licht: 0","221200","2","7","0","08","18","4","","0","0","0","0","0"
"POINT (11.617531358000100 48.131830698000002)","Unfall 221205 (2022) Kat:3, Licht: 0","221205","3","2","4","08","09","3","","0","0","1","0","1"
"POINT (11.565183705999999 48.135383300000100)","Unfall 221207 (2022) Kat:3, Licht: 0","221207","3","6","0","08","10","7","","0","0","1","0","1"