WKT,Name,OBJECTID,UKATEGORIE,UTYP1,UART,UMONAT,USTUNDE,UWOCHENTAG,STRZUSTAND,ULICHTVERH,ISTRAD,ISTPKW,ISTFUSS,ISTKRAD
"POINT (11.562269836000000 48.186872928000099)","Unfall 221208 (2022) Kat:1, Licht: 2","221208","1","3","5","08","02","1","","2","0","1","0","0"
"POINT (11.528089195000099 48.152776574000001)","Unfall 221209 (2022) Kat:2, Licht: 0","221209","2","7","0","08","10","4","","0","1","0","0","0"
"POINT (11.522057556000000 48.175868694000002)","Unfall 221212 (2022) Kat:2, Licht: 0","221212","2","2","4","08","15","3","","0","0","1","0","1"
"POINT (11.546394873000100 48.171347088000097)","Unfall 221216 (2022) Kat:3, Licht: 0","221216","3","1","0","08","12","6","","0","1","0","0","0"
"POINT (11.557890900000100 48.096932749000104)","Unfall 221232 (2022) Kat:2, Licht: 0","221232","2","1","8","07","13","1","","0","1","0","0","0"
"POINT (11.573195514000099 48.133718963000000)","Unfall 221252 (2022) Kat:3, Licht: 0","221252","3","5","1","08","17","6","","0","0","1","0","0"
"POINT (11.629449113000000 48.164720411000097)","Unfall 221255 (2022) Kat:3, Licht: 0","221255","3","7","7","08","17","3","","0","1","0","1","0"
"POINT (11.596227746000100 48.192799242000000)","Unfall 221259 (2022) Kat:3, Licht: 2","221259","3","1","8","08","02","1","","2","0","1","0","0"
"POINT (11.591602073000001 48.141412322000100)","Unfall 221267 (2022) Kat:3, Licht: 0","221267","3","6","3","08","08","6","","0","0","1","0","1"
"POINT (11.578356155000099 48.111911184000100)","Unfall 221285 (2022) Kat:3, Licht: 0","221285","3","3","5","08","15","1","","0","0","1","0","0"
"POINT (11.588755888000000 48.161322132000102)","Unfall 221290 (2022) Kat:3, Licht: 0","221290","3","6","2","08","09","5","","0","1","1","0","0"
"POINT (11.506962367000000 48.139561566000097)","Unfall 221293 (2022) Kat:3, Licht: 0","221293","3","2","4","08","18","5","","0","1","1","0","0"
"POINT (11.671833824000000 48.122564307000097)","Unfall 221295 (2022) Kat:3, Licht: 0","221295","3","1","0","08","17","6","","0","1","0","0","0"
"POINT (11.657485377000100 48.107957441000103)","Unfall 221301 (2022) Kat:3, Licht: 0","221301","3","2","0","08","17","3","","0","0","1","0","0"
"POINT (11.564600915000000 48.124130133000101)","Unfall 221305 (2022) Kat:3, Licht: 0","221305","3","6","3","08","18","2","","0","0","1","0","0"
"POINT (11.513554664000001 48.217279780000098)","Unfall 221317 (2022) Kat:3, Licht: 0","221317","3","3","5","08","17","4","","0","1","1","0","0"
"POINT (11.431534093000000 48.162405126000102)","Unfall 221321 (2022) Kat:2, Licht: 0","221321","2","6","4","08","15","6","","0","1","0","0","0"
"POINT (11.463466730000100 48.186114087000099)","Unfall 221322 (2022) Kat:3, Licht: 0","221322","3","7","1","08","18","7","","0","0","1","0","0"
"POINT (11.564874348000000 48.167786177000004)","Unfall 221325 (2022) Kat:3, Licht: 0","221325","3","2","3","08","08","5","","0","1","1","0","0"
"POINT (11.680471509000000 48.140492516999998)","Unfall 221334 (2022) Kat:2, Licht: 0","221334","2","6","3","08","17","3","","0","0","1","0","1"
"POINT (11.531354458000100 48.146896714000000)","Unfall 221339 (2022) Kat:3, Licht: 0","221339","3","7","0","08","16","3","","0","1","0","0","0"
"POINT (11.556122910999999 48.139108602000100)","Unfall 221346 (2022) Kat:3, Licht: 0","221346","3","7","2","08","18","1","","0","1","1","0","0"
"POINT (11.538131816000000 48.116351121000001)","Unfall 221354 (2022) Kat:3, Licht: 0","221354","3","7","0","08","08","4","","0","1","0","1","0"
"POINT (11.563981965000000 48.188914498000003)","Unfall 221361 (2022) Kat:3, Licht: 0","221361","3","6","0","08","14","4","","0","0","1","0","1"
"POINT (11.531590305000099 48.170803454000101)","Unfall 221366 (2022) Kat:3, Licht: 0","221366","3","6","9","08","13","4","","0","1","0","0","0"
"POINT (11.604281403000099 48.106682883000097)","Unfall 221377 (2022) Kat:2, Licht: 0","221377","2","6","1","08","20","7","","0","0","1","0","1"
"POINT (11.589895025000001 48.137332506000099)","Unfall 221378 (2022) Kat:3, Licht: 0","221378","3","2","5","08","14","7","","0","1","1","0","0"
"POINT (11.548801161000000 48.143585430000002)","Unfall 221387 (2022) Kat:3, Licht: 0","221387","3","2","5","08","09","3","","0","1","1","0","0"
"POINT (11.568146044000100 48.150019778999997)","Unfall 221388 (2022) Kat:3, Licht: 0","221388","3","5","1","08","08","3","","0","1","1","0","0"
"POINT (11.531753330000100 48.152677146000002)","Unfall 221392 (2022) Kat:3, Licht: 0","221392","3","6","3","08","15","3","","0","1","0","0","0"
"POINT (11.618120197000099 48.206411068000101)","Unfall 221396 (2022) Kat:3, Licht: 0","221396","3","1","0","08","16","1","","0","1","0","0","0"
"POINT (11.636409733000100 48.117808246000003)","Unfall 221400 (2022) Kat:3, Licht: 0","221400","3","1","0","08","12","7","","0","0","0","0","0"
"POINT (11.598723897000101 48.119216401000102)","Unfall 221401 (2022) Kat:2, Licht: 0","221401","2","3","5","08","11","5","","0","1","1","0","0"
"POINT (11.559512028000000 48.141397822000002)","Unfall 221402 (2022) Kat:3, Licht: 0","221402","3","1","0","08","09","3","","0","1","0","0","0"
"POINT (11.570402495000099 48.167462890000103)","Unfall 221409 (2022) Kat:3, Licht: 0","221409","3","1","0","08","15","6","","0","0","0","0","0"
"POINT (11.648172775999999 48.139772419000103)","Unfall 221413 (2022) Kat:3, Licht: 0","221413","3","2","3","08","18","2","","0","1","1","0","0"
"POINT (11.585749943000099 48.113224383999999)","Unfall 221418 (2022) Kat:3, Licht: 0","221418","3","3","0","08","12","6","","0","0","1","0","1"
"POINT (11.563662663000100 48.150246613000000)","Unfall 221424 (2022) Kat:3, Licht: 0","221424","3","6","2","08","08","3","","0","1","0","0","1"
"POINT (11.588986260000100 48.184342340000100)","Unfall 221430 (2022) Kat:3, Licht: 0","221430","3","1","0","08","16","7","","0","1","0","0","0"
"POINT (11.503039812999999 48.135559251000103)","Unfall 221441 (2022) Kat:3, Licht: 0","221441","3","7","0","08","17","3","","0","1","0","1","0"
"POINT (11.614930785000100 48.140022789000099)","Unfall 221445 (2022) Kat:3, Licht: 0","221445","3","1","0","08","19","1","","0","1","0","0","0"
"POINT (11.559586563000000 48.145103042000102)","Unfall 221473 (2022) Kat:3, Licht: 2","221473","3","1","0","08","01","1","","2","0","0","0","0"
"POINT (11.549974632000000 48.137546756000098)","Unfall 221478 (2022) Kat:3, Licht: 0","221478","3","3","5","08","13","7","","0","1","0","0","0"
"POINT (11.577034229000001 48.115917558000000)","Unfall 221486 (2022) Kat:3, Licht: 2","221486","3","3","1","08","22","3","","2","1","1","0","0"
"POINT (11.541895655000101 48.135726769000001)","Unfall 221488 (2022) Kat:3, Licht: 0","221488","3","3","5","08","08","4","","0","1","0","0","0"
"POINT (11.521195433000100 48.090508565000100)","Unfall 221491 (2022) Kat:2, Licht: 0","221491","2","3","4","08","09","4","","0","1","1","0","0"
"POINT (11.615923694999999 48.202016614000101)","Unfall 221494 (2022) Kat:2, Licht: 0","221494","2","2","5","08","08","5","","0","0","1","0","1"
"POINT (11.636461488000100 48.172065977999999)","Unfall 221498 (2022) Kat:2, Licht: 0","221498","2","7","4","08","15","5","","0","0","1","0","1"
"POINT (11.569779677000000 48.111460241000003)","Unfall 221506 (2022) Kat:3, Licht: 0","221506","3","4","6","08","11","3","","0","0","1","1","0"
"POINT (11.593737274000000 48.107519481000097)","Unfall 221513 (2022) Kat:3, Licht: 2","221513","3","1","0","08","02","6","","2","0","0","0","0"
"POINT (11.573482944000000 48.146458764000002)","Unfall 221521 (2022) Kat:3, Licht: 0","221521","3","6","0","08","17","3","","0","0","1","0","1"
"POINT (11.562224777000001 48.148061441999999)","Unfall 221523 (2022) Kat:3, Licht: 0","221523","3","2","5","08","15","4","","0","1","0","0","1"
"POINT (11.534720827999999 48.195217679999999)","Unfall 221525 (2022) Kat:3, Licht: 0","221525","3","3","0","08","13","7","","0","1","0","0","1"
"POINT (11.704743343000100 48.102412972000103)","Unfall 221527 (2022) Kat:3, Licht: 0","221527","3","5","1","08","11","6","","0","1","1","0","0"
"POINT (11.597385811000001 48.124083542000101)","Unfall 221531 (2022) Kat:3, Licht: 0","221531","3","7","0","08","17","2","","0","1","1","0","0"
"POINT (11.472055193000100 48.165354059999999)","Unfall 221532 (2022) Kat:1, Licht: 0","221532","1","3","5","08","16","5","","0","1","1","0","0"
"POINT (11.537592008000001 48.096179911000000)","Unfall 221539 (2022) Kat:3, Licht: 0","221539","3","2","4","08","12","3","","0","1","1","0","0"
"POINT (11.549626942000000 48.171321784000000)","Unfall 221551 (2022) Kat:3, Licht: 0","221551","3","6","2","08","10","7","","0","1","0","0","0"
"POINT (11.559112685000100 48.212930944000000)","Unfall 221555 (2022) Kat:3, Licht: 0","221555","3","3","5","08","16","7","","0","0","1","0","0"
"POINT (11.582510602000101 48.152919103999999)","Unfall 221556 (2022) Kat:3, Licht: 2","221556","3","1","9","08","01","2","","2","0","0","0","0"
"POINT (11.558105313000100 48.139297225000099)","Unfall 221561 (2022) Kat:2, Licht: 0","221561","2","7","3","08","11","3","","0","0","1","0","0"
"POINT (11.548882980000000 48.100861974000097)","Unfall 221568 (2022) Kat:2, Licht: 0","221568","2","7","0","08","16","1","","0","1","0","0","0"
"POINT (11.563044162000001 48.219638233000097)","Unfall 221576 (2022) Kat:2, Licht: 0","221576","2","6","4","08","14","2","","0","1","0","1","0"
"POINT (11.556049009000001 48.128001425000001)","Unfall 221583 (2022) Kat:3, Licht: 2","221583","3","1","0","08","22","7","","2","0","0","0","0"
"POINT (11.584677355000100 48.138217536000099)","Unfall 221590 (2022) Kat:2, Licht: 2","221590","2","2","3","08","22","7","","2","0","1","0","0"
"POINT (11.582322299000101 48.138675214999999)","Unfall 221604 (2022) Kat:3, Licht: 0","221604","3","5","1","08","12","6","","0","0","1","0","0"
"POINT (11.595104709000100 48.143451550000101)","Unfall 221608 (2022) Kat:3, Licht: 0","221608","3","6","4","08","17","3","","0","1","0","0","0"
"POINT (11.512266944000000 48.217000388000002)","Unfall 221609 (2022) Kat:2, Licht: 0","221609","2","1","0","08","10","4","","0","1","0","0","0"
"POINT (11.578010612000099 48.128769336000097)","Unfall 221616 (2022) Kat:3, Licht: 2","221616","3","7","6","08","23","3","","2","0","1","1","1"
"POINT (11.502749627000100 48.135397775999998)","Unfall 221617 (2022) Kat:3, Licht: 0","221617","3","2","4","08","14","2","","0","1","1","0","0"
"POINT (11.582950690000100 48.133609400000097)","Unfall 221618 (2022) Kat:3, Licht: 2","221618","3","1","0","08","23","6","","2","0","0","0","0"
"POINT (11.516763309000099 48.181737228000003)","Unfall 221623 (2022) Kat:3, Licht: 0","221623","3","4","6","08","15","3","","0","0","1","1","0"
"POINT (11.665436000000099 48.134873968000100)","Unfall 221624 (2022) Kat:3, Licht: 0","221624","3","1","0","08","14","4","","0","1","0","0","0"
"POINT (11.537482143000000 48.151648907999999)","Unfall 221625 (2022) Kat:3, Licht: 0","221625","3","2","3","08","17","1","","0","1","1","0","0"
"POINT (11.500375606000000 48.130136653000100)","Unfall 221630 (2022) Kat:3, Licht: 0","221630","3","7","1","08","20","4","","0","1","1","0","0"
"POINT (11.607362438999999 48.135956424000000)","Unfall 221634 (2022) Kat:3, Licht: 0","221634","3","7","2","08","12","6","","0","1","1","0","0"
"POINT (11.583462116000000 48.134074520000098)","Unfall 221656 (2022) Kat:3, Licht: 0","221656","3","1","8","08","10","1","","0","0","0","0","1"
"POINT (11.498654394000001 48.143778089000101)","Unfall 221673 (2022) Kat:3, Licht: 0","221673","3","7","6","08","18","3","","0","1","1","1","0"
"POINT (11.708568473000099 48.109527589000002)","Unfall 221677 (2022) Kat:3, Licht: 0","221677","3","3","5","08","07","2","","0","0","1","0","0"
"POINT (11.579949105000001 48.139120145000000)","Unfall 221683 (2022) Kat:3, Licht: 0","221683","3","1","0","08","12","7","","0","1","0","0","0"
"POINT (11.587059850999999 48.134248110999998)","Unfall 221685 (2022) Kat:3, Licht: 0","221685","3","3","5","08","18","3","","0","0","1","0","0"
"POINT (11.503584010999999 48.139723138000100)","Unfall 221695 (2022) Kat:3, Licht: 0","221695","3","6","3","08","12","1","","0","0","1","0","1"
"POINT (11.548100021000000 48.170637307000000)","Unfall 221699 (2022) Kat:2, Licht: 2","221699","2","1","6","08","22","1","","2","0","1","1","0"
"POINT (11.570835805000099 48.141493685000100)","Unfall 221710 (2022) Kat:2, Licht: 0","221710","2","6","3","08","18","2","","0","0","1","0","1"
"POINT (11.592140730000001 48.142305557999997)","Unfall 221714 (2022) Kat:3, Licht: 0","221714","3","3","5","08","08","7","","0","0","1","0","0"
"POINT (11.413490649000000 48.198567442000098)","Unfall 221720 (2022) Kat:3, Licht: 0","221720","3","4","6","08","18","3","","0","1","0","1","0"
"POINT (11.480181335000101 48.178078579000001)","Unfall 221734 (2022) Kat:2, Licht: 1","221734","2","6","0","08","20","4","","1","1","0","0","0"
"POINT (11.501914876000100 48.192083355000101)","Unfall 221738 (2022) Kat:3, Licht: 0","221738","3","7","0","08","10","4","","0","1","0","0","0"
"POINT (11.585772038000099 48.143872923000103)","Unfall 221740 (2022) Kat:3, Licht: 2","221740","3","7","5","08","23","7","","2","0","1","0","1"
"POINT (11.584181471000001 48.143947485000098)","Unfall 221748 (2022) Kat:3, Licht: 0","221748","3","1","8","08","08","1","","0","0","0","0","1"
"POINT (11.600120259000100 48.125852125000101)","Unfall 221756 (2022) Kat:3, Licht: 0","221756","3","3","5","08","13","6","","0","1","1","0","0"
"POINT (11.553487064000000 48.150023677999997)","Unfall 221766 (2022) Kat:3, Licht: 1","221766","3","3","5","08","19","7","","1","0","1","0","0"
"POINT (11.581569033000100 48.151322442999998)","Unfall 221775 (2022) Kat:3, Licht: 0","221775","3","7","0","08","08","3","","0","1","0","0","0"
"POINT (11.446803713000101 48.174982617000097)","Unfall 221783 (2022) Kat:3, Licht: 0","221783","3","3","5","08","16","4","","0","1","1","0","0"
"POINT (11.477489333000101 48.116075019999997)","Unfall 221787 (2022) Kat:3, Licht: 0","221787","3","6","2","08","09","4","","0","0","1","0","0"
"POINT (11.594500660000101 48.141843197000100)","Unfall 221798 (2022) Kat:3, Licht: 0","221798","3","2","5","08","13","7","","0","1","1","0","0"
"POINT (11.413319225000100 48.149958433000101)","Unfall 221802 (2022) Kat:3, Licht: 0","221802","3","6","1","08","15","6","","0","0","1","0","1"
"POINT (11.669084440000100 48.132156280000103)","Unfall 221804 (2022) Kat:3, Licht: 2","221804","3","6","6","08","22","5","","2","0","0","1","0"
"POINT (11.596077757000000 48.123625464000000)","Unfall 221811 (2022) Kat:3, Licht: 2","221811","3","4","6","08","22","7","","2","0","1","1","0"
"POINT (11.519763559000101 48.087652064000103)","Unfall 221816 (2022) Kat:3, Licht: 2","221816","3","1","0","08","23","3","","2","1","0","0","0"
"POINT (11.531264312000101 48.178647366000099)","Unfall 221825 (2022) Kat:3, Licht: 0","221825","3","7","0","08","17","3","","0","0","1","0","0"
"POINT (11.583822249000001 48.155919837000098)","Unfall 221827 (2022) Kat:3, Licht: 0","221827","3","6","1","08","17","6","","0","0","1","0","0"
"POINT (11.523483724000100 48.136455123000097)","Unfall 221831 (2022) Kat:3, Licht: 0","221831","3","6","2","08","19","1","","0","0","1","0","0"
"POINT (11.544953859000000 48.123213378999999)","Unfall 221833 (2022) Kat:3, Licht: 0","221833","3","7","5","08","17","4","","0","0","1","0","1"
"POINT (11.494245271000100 48.123736520000101)","Unfall 221848 (2022) Kat:3, Licht: 0","221848","3","1","0","08","12","2","","0","1","0","0","0"
"POINT (11.508559773000099 48.098054527999999)","Unfall 221854 (2022) Kat:3, Licht: 0","221854","3","1","0","08","19","2","","0","0","0","0","1"
"POINT (11.565752629000000 48.122258510000101)","Unfall 221859 (2022) Kat:3, Licht: 0","221859","3","6","4","08","13","3","","0","1","0","0","0"
"POINT (11.529163406000100 48.132319445000100)","Unfall 221863 (2022) Kat:3, Licht: 0","221863","3","6","4","08","08","2","","0","1","0","0","0"
"POINT (11.575337194999999 48.119483576000100)","Unfall 221864 (2022) Kat:3, Licht: 0","221864","3","2","0","08","08","4","","0","1","1","0","0"
"POINT (11.565253276000000 48.137392349000002)","Unfall 221877 (2022) Kat:3, Licht: 0","221877","3","7","5","08","11","3","","0","1","0","0","0"
"POINT (11.601319606000100 48.143360679000097)","Unfall 221880 (2022) Kat:3, Licht: 0","221880","3","6","3","08","10","4","","0","1","1","0","0"
"POINT (11.635842078000101 48.127850249000097)","Unfall 221887 (2022) Kat:3, Licht: 0","221887","3","1","1","08","11","3","","0","0","1","0","0"
"POINT (11.587209991000099 48.134405030000003)","Unfall 221896 (2022) Kat:2, Licht: 0","221896","2","1","4","08","19","6","","0","1","0","0","0"
"POINT (11.582487057000000 48.114051429000000)","Unfall 221903 (2022) Kat:3, Licht: 0","221903","3","6","2","08","16","3","","0","0","1","0","0"
"POINT (11.584786233000001 48.187897996000103)","Unfall 221906 (2022) Kat:3, Licht: 0","221906","3","2","3","08","14","6","","0","0","1","0","1"
"POINT (11.516761236000001 48.153811333000100)","Unfall 221913 (2022) Kat:3, Licht: 0","221913","3","5","1","08","16","1","","0","1","1","0","0"
"POINT (11.556528690000100 48.127872839000098)","Unfall 221914 (2022) Kat:3, Licht: 2","221914","3","7","4","08","22","3","","2","1","1","0","0"
"POINT (11.558582473000101 48.121349721000101)","Unfall 221920 (2022) Kat:3, Licht: 2","221920","3","7","0","08","03","6","","2","1","0","0","0"
"POINT (11.562358313000100 48.148263579999998)","Unfall 221922 (2022) Kat:3, Licht: 0","221922","3","5","0","08","12","5","","0","1","1","0","0"
"POINT (11.550685688000000 48.125730066000102)","Unfall 221924 (2022) Kat:3, Licht: 0","221924","3","2","3","08","12","2","","0","0","1","0","0"
"POINT (11.605698789000000 48.129381174999999)","Unfall 221926 (2022) Kat:3, Licht: 0","221926","3","1","0","08","11","7","","0","0","0","0","1"
"POINT (11.604601107000100 48.105713798000103)","Unfall 221932 (2022) Kat:3, Licht: 0","221932","3","3","5","08","18","3","","0","0","1","0","0"
"POINT (11.469605116000000 48.117800568000099)","Unfall 221934 (2022) Kat:3, Licht: 0","221934","3","3","0","08","17","4","","0","1","1","0","0"
"POINT (11.683656058000100 48.118592034000102)","Unfall 221939 (2022) Kat:3, Licht: 0","221939","3","2","3","08","09","2","","0","1","1","0","0"
"POINT (11.602133877000000 48.188638007000101)","Unfall 221940 (2022) Kat:2, Licht: 0","221940","2","7","0","08","11","5","","0","1","0","0","0"
"POINT (11.582322299000101 48.138675214999999)","Unfall 221955 (2022) Kat:3, Licht: 0","221955","3","1","0","08","12","6","","0","0","0","0","0"
"POINT (11.515670985000000 48.076186743999997)","Unfall 221969 (2022) Kat:2, Licht: 0","221969","2","3","5","08","08","6","","0","1","0","0","0"
"POINT (11.545249141000101 48.197447103999998)","Unfall 221970 (2022) Kat:3, Licht: 0","221970","3","3","5","08","14","7","","0","0","1","0","0"
"POINT (11.604254675000000 48.107324344000098)","Unfall 221976 (2022) Kat:3, Licht: 0","221976","3","2","5","08","15","7","","0","1","1","0","0"
"POINT (11.536903882000001 48.133869761000000)","Unfall 221979 (2022) Kat:3, Licht: 0","221979","3","3","5","08","14","7","","0","0","1","0","1"
"POINT (11.537389105000001 48.151664455000102)","Unfall 221987 (2022) Kat:3, Licht: 0","221987","3","6","2","08","11","2","","0","0","1","0","0"
"POINT (11.588655375000000 48.138909381000097)","Unfall 221989 (2022) Kat:3, Licht: 2","221989","3","1","0","08","22","3","","2","1","0","0","0"
"POINT (11.577842631000101 48.192565629999997)","Unfall 221993 (2022) Kat:3, Licht: 0","221993","3","1","9","08","18","1","","0","0","1","0","0"
"POINT (11.581697620000099 48.127412255000102)","Unfall 221995 (2022) Kat:2, Licht: 0","221995","2","6","2","08","16","1","","0","1","0","0","0"
"POINT (11.582241748000101 48.122650916000097)","Unfall 221996 (2022) Kat:3, Licht: 2","221996","3","1","0","08","21","3","","2","1","0","0","0"
"POINT (11.604302055000099 48.186641613000099)","Unfall 221997 (2022) Kat:3, Licht: 0","221997","3","6","2","08","14","4","","0","0","1","0","0"
"POINT (11.406816590000100 48.152052202000000)","Unfall 222003 (2022) Kat:3, Licht: 0","222003","3","4","0","08","11","3","","0","0","0","1","0"
"POINT (11.580692259999999 48.149289883999998)","Unfall 222009 (2022) Kat:3, Licht: 0","222009","3","1","6","08","13","1","","0","0","0","1","0"
"POINT (11.547974475000000 48.159050188000002)","Unfall 222011 (2022) Kat:3, Licht: 0","222011","3","2","3","08","12","1","","0","1","1","0","0"
"POINT (11.489379709000000 48.140664846000000)","Unfall 222016 (2022) Kat:3, Licht: 0","222016","3","2","4","08","17","2","","0","1","1","0","0"
"POINT (11.441091547999999 48.160715077000098)","Unfall 222020 (2022) Kat:3, Licht: 0","222020","3","3","5","08","17","7","","0","1","1","0","0"
"POINT (11.486688634000100 48.167063950000099)","Unfall 222022 (2022) Kat:3, Licht: 0","222022","3","5","1","08","13","6","","0","1","1","0","0"
"POINT (11.586473051000000 48.162483584000000)","Unfall 222030 (2022) Kat:3, Licht: 0","222030","3","7","6","08","17","7","","0","0","0","1","0"
"POINT (11.527609815000099 48.095742098000102)","Unfall 222048 (2022) Kat:3, Licht: 0","222048","3","7","0","08","10","3","","0","0","0","1","0"
"POINT (11.590489328000000 48.163457777000097)","Unfall 222059 (2022) Kat:3, Licht: 0","222059","3","5","1","08","18","6","","0","1","1","0","0"
"POINT (11.659242652000000 48.118567347000102)","Unfall 222060 (2022) Kat:3, Licht: 2","222060","3","1","9","08","21","7","","2","0","1","0","0"
"POINT (11.562713722000099 48.186952829000099)","Unfall 222063 (2022) Kat:3, Licht: 0","222063","3","6","1","08","09","2","","0","0","1","0","1"
"POINT (11.559757666000101 48.186571457000099)","Unfall 222080 (2022) Kat:2, Licht: 0","222080","2","2","5","08","13","7","","0","1","1","0","0"
"POINT (11.556022563000100 48.137481020999999)","Unfall 222091 (2022) Kat:3, Licht: 2","222091","3","2","5","08","22","1","","2","1","1","0","0"
"POINT (11.623891107000100 48.120132185999999)","Unfall 222096 (2022) Kat:3, Licht: 0","222096","3","2","5","08","09","4","","0","1","1","0","0"
"POINT (11.583112716000100 48.126715519000101)","Unfall 222097 (2022) Kat:3, Licht: 0","222097","3","6","2","08","12","1","","0","1","0","0","0"
"POINT (11.572302849000000 48.137928675000097)","Unfall 222111 (2022) Kat:2, Licht: 0","222111","2","7","6","08","13","6","","0","0","0","1","0"
"POINT (11.584802275000101 48.132304017000102)","Unfall 222120 (2022) Kat:2, Licht: 1","222120","2","6","1","08","19","6","","1","0","1","0","1"
"POINT (11.643567372000099 48.167973101000001)","Unfall 222127 (2022) Kat:3, Licht: 0","222127","3","1","0","08","14","1","","0","1","0","0","0"
"POINT (11.495687848999999 48.182964734000102)","Unfall 222129 (2022) Kat:3, Licht: 0","222129","3","5","1","08","16","2","","0","1","1","0","0"
"POINT (11.470242961000100 48.186245327999998)","Unfall 222141 (2022) Kat:3, Licht: 0","222141","3","1","4","08","12","5","","0","1","0","0","0"
"POINT (11.582241363000000 48.135105953000000)","Unfall 222142 (2022) Kat:3, Licht: 0","222142","3","6","3","08","11","3","","0","1","0","0","0"
"POINT (11.630453386999999 48.175746880000098)","Unfall 222143 (2022) Kat:3, Licht: 0","222143","3","3","5","08","17","2","","0","1","1","0","0"
"POINT (11.576148480000001 48.132432563000101)","Unfall 222144 (2022) Kat:3, Licht: 0","222144","3","5","1","08","12","4","","0","1","1","0","0"
"POINT (11.580231787000100 48.139086254000098)","Unfall 222149 (2022) Kat:2, Licht: 2","222149","2","7","4","08","23","7","","2","0","1","0","1"
"POINT (11.420977879000100 48.140397753999999)","Unfall 222150 (2022) Kat:3, Licht: 0","222150","3","6","4","08","15","5","","0","0","1","0","1"
"POINT (11.608351751000001 48.176134261000101)","Unfall 222167 (2022) Kat:3, Licht: 0","222167","3","7","1","08","18","2","","0","1","1","0","0"
"POINT (11.566845589000000 48.123422805000097)","Unfall 222169 (2022) Kat:3, Licht: 2","222169","3","7","0","08","21","6","","2","0","1","0","1"
"POINT (11.528286467999999 48.097629697999999)","Unfall 222191 (2022) Kat:3, Licht: 0","222191","3","7","0","08","06","7","","0","0","1","0","0"
"POINT (11.602573547000100 48.146996865000098)","Unfall 222192 (2022) Kat:3, Licht: 0","222192","3","5","1","08","08","7","","0","1","1","0","0"
"POINT (11.503422909999999 48.141833776000098)","Unfall 222193 (2022) Kat:3, Licht: 2","222193","3","7","6","08","02","4","","2","0","1","1","0"
"POINT (11.572448249000001 48.166305189000099)","Unfall 222197 (2022) Kat:3, Licht: 0","222197","3","5","2","08","10","6","","0","1","0","0","0"
"POINT (11.549516228000099 48.149267492000000)","Unfall 222208 (2022) Kat:3, Licht: 0","222208","3","6","3","08","11","7","","0","1","0","0","0"
"POINT (11.687545053000100 48.140584936000003)","Unfall 222209 (2022) Kat:3, Licht: 0","222209","3","6","1","08","07","2","","0","0","0","0","1"
"POINT (11.578364985000100 48.144353246999998)","Unfall 222221 (2022) Kat:3, Licht: 2","222221","3","7","6","08","04","1","","2","0","1","0","0"
"POINT (11.557514233000100 48.177218770000103)","Unfall 222226 (2022) Kat:3, Licht: 0","222226","3","3","5","08","16","1","","0","1","0","0","0"
"POINT (11.524968198000099 48.164150280000101)","Unfall 222233 (2022) Kat:3, Licht: 1","222233","3","1","0","08","20","6","","1","0","0","0","1"
"POINT (11.568431100000099 48.143551301999999)","Unfall 222234 (2022) Kat:3, Licht: 0","222234","3","1","0","08","07","7","","0","0","0","0","1"
"POINT (11.558550201000100 48.156761500000101)","Unfall 222242 (2022) Kat:3, Licht: 0","222242","3","2","5","08","16","7","","0","1","0","0","1"
"POINT (11.561410649999999 48.141457532000103)","Unfall 222248 (2022) Kat:3, Licht: 0","222248","3","3","5","08","11","3","","0","0","1","0","0"
"POINT (11.529597878000100 48.101360249999999)","Unfall 222249 (2022) Kat:3, Licht: 1","222249","3","6","5","08","20","3","","1","0","1","0","1"
"POINT (11.518661818000099 48.139965326000002)","Unfall 222252 (2022) Kat:3, Licht: 0","222252","3","2","5","08","12","3","","0","1","1","0","0"
"POINT (11.472716233000000 48.177703938000001)","Unfall 222276 (2022) Kat:3, Licht: 0","222276","3","1","0","08","19","4","","0","1","0","0","0"
"POINT (11.654733931000100 48.116354602000101)","Unfall 222296 (2022) Kat:3, Licht: 0","222296","3","4","6","08","19","6","","0","0","1","1","0"
"POINT (11.558797525999999 48.147471643000102)","Unfall 222297 (2022) Kat:3, Licht: 0","222297","3","2","5","08","15","2","","0","1","1","0","0"
"POINT (11.564277651999999 48.178595174000101)","Unfall 222306 (2022) Kat:3, Licht: 1","222306","3","1","0","08","05","2","","1","1","0","0","0"
"POINT (11.479092326000099 48.122276974999998)","Unfall 222309 (2022) Kat:3, Licht: 0","222309","3","2","5","08","15","4","","0","0","1","0","0"
"POINT (11.550934397000001 48.130304178000102)","Unfall 222312 (2022) Kat:3, Licht: 0","222312","3","6","2","08","16","4","","0","1","0","0","0"
"POINT (11.494821248000100 48.178069000000100)","Unfall 222318 (2022) Kat:3, Licht: 2","222318","3","2","2","08","21","5","","2","0","1","0","0"
"POINT (11.543729151999999 48.091633128000097)","Unfall 222326 (2022) Kat:3, Licht: 0","222326","3","6","4","08","18","4","","0","1","0","0","0"
"POINT (11.662609900000099 48.134269568000001)","Unfall 222329 (2022) Kat:3, Licht: 0","222329","3","7","3","08","07","3","","0","1","1","0","0"
"POINT (11.536368272000100 48.146180722000103)","Unfall 222337 (2022) Kat:3, Licht: 0","222337","3","2","5","08","09","6","","0","1","1","0","0"