WKT,Name,OBJECTID,UKATEGORIE,UTYP1,UART,UMONAT,USTUNDE,UWOCHENTAG,STRZUSTAND,ULICHTVERH,ISTRAD,ISTPKW,ISTFUSS,ISTKRAD
"POINT (11.581614116000001 48.151309308000101)","Unfall 222341 (2022) Kat:3, Licht: 0","222341","3","7","0","08","17","2","","0","0","0","0","0"
"POINT (11.507335535999999 48.183425746000097)","Unfall 222342 (2022) Kat:3, Licht: 0","222342","3","3","5","08","17","5","","0","1","1","0","0"
"POINT (11.596190057000101 48.183224477000103)","Unfall 222343 (2022) Kat:3, Licht: 0","222343","3","2","5","08","15","3","","0","1","1","0","0"
"POINT (11.596452485000000 48.136014914000000)","Unfall 222350 (2022) Kat:3, Licht: 0","222350","3","2","3","08","17","1","","0","1","1","0","0"
"POINT (11.574413196000000 48.139701109000001)","Unfall 222352 (2022) Kat:3, Licht: 2","222352","3","1","0","08","23","3","","2","1","0","0","0"
"POINT (11.543211158000100 48.150410367000099)","Unfall 222354 (2022) Kat:3, Licht: 0","222354","3","7","0","08","16","1","","0","1","0","0","0"
"POINT (11.437724391000099 48.174758914999998)","Unfall 222366 (2022) Kat:3, Licht: 0","222366","3","3","5","08","08","2","","0","0","0","0","0"
"POINT (11.537494042000001 48.157982537000102)","Unfall 222384 (2022) Kat:3, Licht: 0","222384","3","6","2","08","12","6","","0","0","1","0","0"
"POINT (11.502204375000099 48.109142206000101)","Unfall 222388 (2022) Kat:3, Licht: 0","222388","3","6","2","09","18","3","","0","0","1","0","0"
"POINT (11.706011400000000 48.144450316000103)","Unfall 222392 (2022) Kat:3, Licht: 1","222392","3","3","3","09","05","2","","1","0","1","0","0"
"POINT (11.535569404000100 48.143622196000102)","Unfall 222393 (2022) Kat:3, Licht: 2","222393","3","7","0","09","00","1","","2","1","0","0","0"
"POINT (11.572383724000099 48.191430349000001)","Unfall 222400 (2022) Kat:3, Licht: 0","222400","3","7","0","09","13","6","","0","0","0","0","1"
"POINT (11.607380463000000 48.135910881000001)","Unfall 222404 (2022) Kat:3, Licht: 0","222404","3","1","0","09","17","5","","0","1","0","0","0"
"POINT (11.424124344000100 48.174171993000101)","Unfall 222409 (2022) Kat:2, Licht: 0","222409","2","2","4","09","12","3","","0","0","1","0","1"
"POINT (11.511340050000101 48.161339903000098)","Unfall 222413 (2022) Kat:3, Licht: 0","222413","3","3","5","09","15","4","","0","1","1","0","0"
"POINT (11.553481695000100 48.150025436000099)","Unfall 222420 (2022) Kat:3, Licht: 0","222420","3","3","5","09","17","7","","0","0","1","0","0"
"POINT (11.573217897000101 48.178920642000001)","Unfall 222422 (2022) Kat:3, Licht: 0","222422","3","1","0","08","12","4","","0","1","1","0","0"
"POINT (11.558533969999999 48.137422769000104)","Unfall 222424 (2022) Kat:3, Licht: 0","222424","3","2","1","09","12","2","","0","0","1","0","1"
"POINT (11.513875473000001 48.135093173000001)","Unfall 222433 (2022) Kat:3, Licht: 0","222433","3","1","0","09","15","2","","0","1","0","0","0"
"POINT (11.507092224000100 48.087382438000098)","Unfall 222434 (2022) Kat:3, Licht: 0","222434","3","2","4","09","06","6","","0","1","1","0","0"
"POINT (11.511461352000000 48.154271113000000)","Unfall 222441 (2022) Kat:3, Licht: 0","222441","3","6","2","09","14","1","","0","0","1","0","0"
"POINT (11.630714804000000 48.176033709000102)","Unfall 222453 (2022) Kat:3, Licht: 1","222453","3","2","5","09","20","5","","1","1","1","0","0"
"POINT (11.564720715000000 48.137390527000001)","Unfall 222455 (2022) Kat:3, Licht: 2","222455","3","2","5","09","06","1","","2","0","1","0","0"
"POINT (11.558625270000100 48.139175690999998)","Unfall 222459 (2022) Kat:3, Licht: 0","222459","3","7","5","09","13","3","","0","0","1","0","0"
"POINT (11.636489146000001 48.103206006000100)","Unfall 222473 (2022) Kat:3, Licht: 0","222473","3","7","3","09","17","2","","0","1","0","0","0"
"POINT (11.556656863000100 48.178499565999999)","Unfall 222478 (2022) Kat:3, Licht: 0","222478","3","7","0","09","18","1","","0","1","0","0","0"
"POINT (11.643473749000099 48.169306907000099)","Unfall 222479 (2022) Kat:3, Licht: 0","222479","3","2","4","09","13","2","","0","0","1","0","1"
"POINT (11.459537930000099 48.183266518000003)","Unfall 222498 (2022) Kat:3, Licht: 0","222498","3","3","5","09","13","3","","0","1","1","0","0"
"POINT (11.461056687000100 48.146628255000103)","Unfall 222516 (2022) Kat:3, Licht: 0","222516","3","7","4","09","16","2","","0","1","0","0","0"
"POINT (11.575729734999999 48.184382427000102)","Unfall 222518 (2022) Kat:3, Licht: 0","222518","3","3","5","09","18","4","","0","1","1","0","0"
"POINT (11.573138770000099 48.146121651999998)","Unfall 222522 (2022) Kat:3, Licht: 0","222522","3","6","2","08","15","4","","0","1","1","0","0"
"POINT (11.548320348000100 48.143732163999999)","Unfall 222535 (2022) Kat:3, Licht: 0","222535","3","7","0","09","17","5","","0","1","0","0","0"
"POINT (11.510238019000001 48.180139090000097)","Unfall 222537 (2022) Kat:2, Licht: 1","222537","2","1","6","09","20","1","","1","1","0","1","0"
"POINT (11.567306463000000 48.141108666999997)","Unfall 222545 (2022) Kat:3, Licht: 2","222545","3","6","0","09","22","4","","2","0","1","0","0"
"POINT (11.566286307000000 48.139898162000101)","Unfall 222552 (2022) Kat:3, Licht: 0","222552","3","6","2","09","16","7","","0","0","1","0","0"
"POINT (11.571867815000100 48.158176035000103)","Unfall 222559 (2022) Kat:3, Licht: 2","222559","3","1","0","09","04","5","","2","1","0","0","0"
"POINT (11.572874243999999 48.205106923000102)","Unfall 222564 (2022) Kat:3, Licht: 2","222564","3","3","5","09","22","3","","2","1","1","0","0"
"POINT (11.572768128000099 48.139970990999998)","Unfall 222572 (2022) Kat:3, Licht: 0","222572","3","1","2","09","12","5","","0","1","0","0","0"
"POINT (11.559993403000000 48.143483320000001)","Unfall 222586 (2022) Kat:3, Licht: 2","222586","3","1","0","09","00","6","","2","1","0","0","0"
"POINT (11.459694818000100 48.189089901999999)","Unfall 222600 (2022) Kat:2, Licht: 0","222600","2","7","0","09","15","7","","0","1","0","0","0"
"POINT (11.562064625000099 48.137404908000100)","Unfall 222608 (2022) Kat:3, Licht: 0","222608","3","5","0","09","13","5","","0","0","1","0","0"
"POINT (11.596765024000000 48.182941550000102)","Unfall 222626 (2022) Kat:3, Licht: 0","222626","3","7","0","09","17","4","","0","1","0","0","0"
"POINT (11.480796130000000 48.095927105000001)","Unfall 222627 (2022) Kat:2, Licht: 0","222627","2","6","4","09","17","2","","0","1","0","0","0"
"POINT (11.529066734000001 48.099821769000101)","Unfall 222633 (2022) Kat:3, Licht: 0","222633","3","2","5","09","17","6","","0","0","1","0","0"
"POINT (11.615619632000101 48.144143530000100)","Unfall 222640 (2022) Kat:2, Licht: 0","222640","2","7","0","09","07","4","","0","1","0","0","0"
"POINT (11.571704302000100 48.120967921999998)","Unfall 222656 (2022) Kat:3, Licht: 1","222656","3","6","2","09","18","5","","1","1","0","0","0"
"POINT (11.582565504000099 48.144631523999998)","Unfall 222664 (2022) Kat:3, Licht: 0","222664","3","5","1","09","14","4","","0","1","1","0","0"
"POINT (11.593317918000000 48.128966245000100)","Unfall 222669 (2022) Kat:2, Licht: 0","222669","2","6","5","09","18","5","","0","1","0","0","0"
"POINT (11.501781991000000 48.139710686000100)","Unfall 222674 (2022) Kat:3, Licht: 0","222674","3","5","1","09","15","4","","0","1","1","0","0"
"POINT (11.583701609000100 48.119106874000103)","Unfall 222676 (2022) Kat:3, Licht: 0","222676","3","6","1","09","08","2","","0","0","1","0","0"
"POINT (11.565385280999999 48.191692983999999)","Unfall 222678 (2022) Kat:3, Licht: 0","222678","3","6","3","08","17","4","","0","0","1","0","1"
"POINT (11.505604429000099 48.184578913999999)","Unfall 222690 (2022) Kat:3, Licht: 0","222690","3","6","1","09","18","5","","0","0","1","0","0"
"POINT (11.613590049000001 48.127047738000002)","Unfall 222692 (2022) Kat:3, Licht: 0","222692","3","6","3","09","16","1","","0","0","1","0","0"
"POINT (11.529112608000000 48.099957753000098)","Unfall 222697 (2022) Kat:3, Licht: 0","222697","3","3","6","09","12","3","","0","0","1","1","0"
"POINT (11.547246234000101 48.159459660000003)","Unfall 222702 (2022) Kat:2, Licht: 0","222702","2","3","5","09","17","1","","0","1","1","0","0"
"POINT (11.600045171000000 48.115358078000000)","Unfall 222707 (2022) Kat:3, Licht: 0","222707","3","2","5","09","15","3","","0","1","1","0","0"
"POINT (11.558969585000099 48.147761208000098)","Unfall 222717 (2022) Kat:2, Licht: 0","222717","2","7","0","09","18","4","","0","1","0","0","0"
"POINT (11.582361241999999 48.119586169000101)","Unfall 222721 (2022) Kat:3, Licht: 0","222721","3","1","0","08","16","4","","0","0","0","0","1"
"POINT (11.503442271999999 48.147125888000097)","Unfall 222723 (2022) Kat:3, Licht: 0","222723","3","2","5","09","16","1","","0","1","1","0","0"
"POINT (11.534184128000000 48.110255297000002)","Unfall 222731 (2022) Kat:2, Licht: 0","222731","2","3","5","09","17","5","","0","1","1","0","0"
"POINT (11.579685464000001 48.139190059000001)","Unfall 222740 (2022) Kat:3, Licht: 0","222740","3","6","0","09","16","3","","0","1","0","0","0"
"POINT (11.573517740000099 48.129871479000002)","Unfall 222744 (2022) Kat:3, Licht: 1","222744","3","4","6","09","18","4","","1","1","0","1","0"
"POINT (11.535757517000000 48.153513228000101)","Unfall 222745 (2022) Kat:3, Licht: 0","222745","3","3","5","09","07","4","","0","1","1","0","0"
"POINT (11.576292144000000 48.127913825000100)","Unfall 222748 (2022) Kat:3, Licht: 1","222748","3","3","5","09","19","2","","1","0","1","0","0"
"POINT (11.550358787000100 48.156011962999997)","Unfall 222761 (2022) Kat:3, Licht: 2","222761","3","6","4","09","21","2","","2","1","1","0","0"
"POINT (11.575889927000000 48.145343224999998)","Unfall 222766 (2022) Kat:3, Licht: 0","222766","3","7","6","09","08","2","","0","0","0","1","0"
"POINT (11.561788524000100 48.142627773000100)","Unfall 222772 (2022) Kat:3, Licht: 2","222772","3","1","0","09","04","7","","2","0","0","0","0"
"POINT (11.564786498000000 48.137751256999998)","Unfall 222776 (2022) Kat:3, Licht: 2","222776","3","6","3","09","00","3","","2","0","1","0","1"
"POINT (11.633648793000100 48.136011306999997)","Unfall 222782 (2022) Kat:3, Licht: 2","222782","3","7","0","09","22","1","","2","0","0","0","0"
"POINT (11.519405137000000 48.150143854000099)","Unfall 222785 (2022) Kat:3, Licht: 0","222785","3","1","0","09","07","5","","0","1","0","0","0"
"POINT (11.693857780000000 48.133039371999999)","Unfall 222789 (2022) Kat:3, Licht: 0","222789","3","6","2","08","13","4","","0","0","1","0","0"
"POINT (11.509458298000000 48.150939919000102)","Unfall 222804 (2022) Kat:3, Licht: 0","222804","3","7","0","09","07","5","","0","1","0","0","0"
"POINT (11.563017316000099 48.211069506999998)","Unfall 222809 (2022) Kat:2, Licht: 0","222809","2","7","5","09","07","3","","0","0","1","0","0"
"POINT (11.534271662000000 48.136152073000098)","Unfall 222814 (2022) Kat:3, Licht: 0","222814","3","3","5","09","16","6","","0","1","1","0","0"
"POINT (11.502553128000001 48.125022115999997)","Unfall 222820 (2022) Kat:3, Licht: 0","222820","3","3","4","09","17","1","","0","1","0","0","0"
"POINT (11.479999233999999 48.137784949000000)","Unfall 222822 (2022) Kat:3, Licht: 1","222822","3","3","5","09","19","2","","1","0","0","0","1"
"POINT (11.565076154000099 48.158045772000001)","Unfall 222824 (2022) Kat:3, Licht: 0","222824","3","7","5","09","12","3","","0","1","0","0","1"
"POINT (11.504934080000099 48.151905179000003)","Unfall 222828 (2022) Kat:3, Licht: 0","222828","3","7","0","09","14","4","","0","1","0","0","0"
"POINT (11.562264239000100 48.157181616999999)","Unfall 222838 (2022) Kat:3, Licht: 0","222838","3","3","6","09","15","2","","0","1","0","1","0"
"POINT (11.508220791999999 48.098055146999997)","Unfall 222840 (2022) Kat:3, Licht: 2","222840","3","3","4","08","20","4","","2","1","1","0","0"
"POINT (11.550346408999999 48.136147096999998)","Unfall 222846 (2022) Kat:3, Licht: 2","222846","3","7","0","09","20","2","","2","1","0","0","0"
"POINT (11.408288503000099 48.175435227999998)","Unfall 222852 (2022) Kat:3, Licht: 0","222852","3","7","1","09","18","5","","0","1","1","0","0"
"POINT (11.510842317000000 48.169808069000098)","Unfall 222854 (2022) Kat:3, Licht: 0","222854","3","6","2","09","18","1","","0","0","1","0","1"
"POINT (11.454998395000100 48.166184794999999)","Unfall 222855 (2022) Kat:3, Licht: 0","222855","3","3","5","09","15","2","","0","0","1","0","1"
"POINT (11.550696758000100 48.135907375999999)","Unfall 222871 (2022) Kat:3, Licht: 0","222871","3","3","3","09","16","3","","0","1","1","0","0"
"POINT (11.586164054999999 48.134491153000099)","Unfall 222880 (2022) Kat:3, Licht: 0","222880","3","3","5","09","12","3","","0","1","0","0","0"
"POINT (11.589674234000000 48.200436785000100)","Unfall 222881 (2022) Kat:3, Licht: 0","222881","3","7","4","09","16","6","","0","0","1","0","1"
"POINT (11.568176478000099 48.113303981999998)","Unfall 222884 (2022) Kat:3, Licht: 0","222884","3","7","0","09","16","4","","0","1","0","0","0"
"POINT (11.633035519000000 48.103233053000103)","Unfall 222896 (2022) Kat:3, Licht: 0","222896","3","7","5","09","18","6","","0","1","1","0","0"
"POINT (11.574761173000100 48.135320704999998)","Unfall 222915 (2022) Kat:3, Licht: 0","222915","3","7","6","09","10","5","","0","0","1","1","0"
"POINT (11.597924492000100 48.132042437000102)","Unfall 222916 (2022) Kat:3, Licht: 0","222916","3","7","0","09","08","2","","0","1","0","0","0"
"POINT (11.572652248000100 48.187722184000101)","Unfall 222925 (2022) Kat:3, Licht: 0","222925","3","2","3","09","18","5","","0","1","1","0","0"
"POINT (11.508003260000100 48.097756112000098)","Unfall 222930 (2022) Kat:3, Licht: 0","222930","3","3","5","09","10","3","","0","1","1","0","0"
"POINT (11.534194976000000 48.118570466999998)","Unfall 222932 (2022) Kat:3, Licht: 0","222932","3","4","0","08","17","4","","0","0","1","1","0"
"POINT (11.671839394000100 48.122640392000100)","Unfall 222935 (2022) Kat:2, Licht: 2","222935","2","1","0","09","23","1","","2","1","0","0","0"
"POINT (11.549015444000100 48.143428234000098)","Unfall 222937 (2022) Kat:3, Licht: 0","222937","3","7","0","09","16","7","","0","0","0","0","0"
"POINT (11.503037948999999 48.135514022000102)","Unfall 222946 (2022) Kat:3, Licht: 0","222946","3","3","1","09","10","5","","0","1","1","0","1"
"POINT (11.613107766000001 48.123712173000101)","Unfall 222953 (2022) Kat:3, Licht: 0","222953","3","1","9","09","19","6","","0","0","1","0","0"
"POINT (11.508384028000000 48.157265767000098)","Unfall 222954 (2022) Kat:3, Licht: 0","222954","3","7","0","09","11","3","","0","1","0","0","0"
"POINT (11.678744138000100 48.131354932000100)","Unfall 222956 (2022) Kat:3, Licht: 0","222956","3","2","0","09","08","4","","0","0","1","0","1"
"POINT (11.688695619000001 48.138609322000001)","Unfall 222966 (2022) Kat:3, Licht: 0","222966","3","6","2","09","17","2","","0","0","1","0","1"
"POINT (11.591419421000101 48.160761430999997)","Unfall 222968 (2022) Kat:3, Licht: 0","222968","3","6","1","09","14","6","","0","1","1","0","0"
"POINT (11.412698781000101 48.160568933000000)","Unfall 222971 (2022) Kat:3, Licht: 2","222971","3","1","0","09","00","7","","2","0","0","0","0"
"POINT (11.502448962000100 48.112414684000001)","Unfall 222972 (2022) Kat:3, Licht: 0","222972","3","2","5","09","07","5","","0","0","1","0","0"
"POINT (11.497638224000100 48.198659356000100)","Unfall 222977 (2022) Kat:3, Licht: 0","222977","3","1","0","09","15","3","","0","1","0","0","0"
"POINT (11.566308623999999 48.164486060000101)","Unfall 222978 (2022) Kat:3, Licht: 2","222978","3","6","1","09","21","3","","2","0","1","0","0"
"POINT (11.501879337000000 48.120195495000097)","Unfall 222981 (2022) Kat:2, Licht: 0","222981","2","2","4","09","10","4","","0","0","1","0","1"
"POINT (11.568888066000101 48.124687522999999)","Unfall 223000 (2022) Kat:3, Licht: 2","223000","3","7","1","09","23","1","","2","1","1","0","0"
"POINT (11.573397531000101 48.153694065000103)","Unfall 223003 (2022) Kat:3, Licht: 0","223003","3","3","5","09","09","5","","0","1","1","0","0"
"POINT (11.582469810000100 48.138645394000001)","Unfall 223006 (2022) Kat:3, Licht: 0","223006","3","5","1","09","13","3","","0","1","1","0","0"
"POINT (11.610910092999999 48.103150065000101)","Unfall 223010 (2022) Kat:3, Licht: 0","223010","3","7","6","09","11","2","","0","0","1","1","0"
"POINT (11.502485815000099 48.120707514000102)","Unfall 223011 (2022) Kat:3, Licht: 2","223011","3","5","0","09","23","1","","2","1","1","0","0"
"POINT (11.420807753000100 48.147382415000003)","Unfall 223012 (2022) Kat:3, Licht: 0","223012","3","7","0","09","17","2","","0","0","0","0","0"
"POINT (11.614303309000000 48.196231989000097)","Unfall 223027 (2022) Kat:3, Licht: 0","223027","3","7","1","09","17","3","","0","1","1","0","0"
"POINT (11.612869354000100 48.120156322000099)","Unfall 223031 (2022) Kat:3, Licht: 0","223031","3","6","4","09","17","4","","0","1","0","0","0"
"POINT (11.529147349000000 48.176392315999998)","Unfall 223037 (2022) Kat:3, Licht: 0","223037","3","5","1","09","12","6","","0","0","1","0","0"
"POINT (11.565725253000000 48.156159112000097)","Unfall 223038 (2022) Kat:3, Licht: 1","223038","3","5","1","09","15","7","","1","0","1","0","1"
"POINT (11.586133033000101 48.168263391000004)","Unfall 223041 (2022) Kat:3, Licht: 0","223041","3","4","0","09","13","4","","0","1","0","1","0"
"POINT (11.541081132000000 48.124586560000097)","Unfall 223048 (2022) Kat:3, Licht: 1","223048","3","6","2","09","19","7","","1","0","1","0","0"
"POINT (11.513585077000100 48.179815949000002)","Unfall 223050 (2022) Kat:3, Licht: 0","223050","3","6","1","09","16","2","","0","1","1","0","0"
"POINT (11.502561892000100 48.116321761000101)","Unfall 223052 (2022) Kat:3, Licht: 0","223052","3","7","4","09","09","3","","0","0","1","0","0"
"POINT (11.625866951000001 48.139403339000097)","Unfall 223062 (2022) Kat:3, Licht: 0","223062","3","7","2","09","11","2","","0","1","1","0","0"
"POINT (11.552710968000000 48.100599875999997)","Unfall 223074 (2022) Kat:3, Licht: 0","223074","3","7","0","09","17","3","","0","0","1","0","0"
"POINT (11.592615120000101 48.123499857000098)","Unfall 223080 (2022) Kat:3, Licht: 0","223080","3","4","6","09","18","5","","0","0","0","1","0"
"POINT (11.446653083999999 48.149439771000097)","Unfall 223082 (2022) Kat:3, Licht: 0","223082","3","7","0","09","12","6","","0","0","0","0","0"
"POINT (11.457527463000099 48.149857249000000)","Unfall 223084 (2022) Kat:3, Licht: 0","223084","3","3","5","08","11","4","","0","1","0","0","0"
"POINT (11.563974696000100 48.124370151999997)","Unfall 223085 (2022) Kat:3, Licht: 0","223085","3","2","5","09","17","4","","0","1","1","0","0"
"POINT (11.627833497999999 48.144839685000100)","Unfall 223087 (2022) Kat:3, Licht: 0","223087","3","6","3","09","09","2","","0","1","0","0","0"
"POINT (11.531951618000100 48.156804882000102)","Unfall 223098 (2022) Kat:3, Licht: 0","223098","3","6","6","09","17","3","","0","1","0","1","0"
"POINT (11.598702811000100 48.137006438000100)","Unfall 223100 (2022) Kat:3, Licht: 2","223100","3","1","0","09","19","4","","2","1","0","0","0"
"POINT (11.575230369000099 48.153997134000100)","Unfall 223101 (2022) Kat:3, Licht: 2","223101","3","7","6","09","22","7","","2","1","0","1","0"
"POINT (11.527700457000000 48.116664825000001)","Unfall 223102 (2022) Kat:3, Licht: 0","223102","3","6","3","09","16","5","","0","0","1","0","1"
"POINT (11.585767956000000 48.171138151000001)","Unfall 223108 (2022) Kat:3, Licht: 1","223108","3","1","0","09","19","3","","1","1","0","0","0"
"POINT (11.502203809999999 48.109122391000000)","Unfall 223110 (2022) Kat:3, Licht: 0","223110","3","1","0","09","19","3","","0","0","0","0","0"
"POINT (11.587702655999999 48.112478809999999)","Unfall 223112 (2022) Kat:3, Licht: 0","223112","3","3","0","09","16","4","","0","1","0","0","0"
"POINT (11.565917321000001 48.187136730000098)","Unfall 223130 (2022) Kat:3, Licht: 2","223130","3","3","5","09","21","4","","2","0","1","0","0"
"POINT (11.567363442000000 48.132110341999997)","Unfall 223139 (2022) Kat:3, Licht: 2","223139","3","5","1","09","03","7","","2","1","1","0","0"
"POINT (11.626661365000100 48.153554992000103)","Unfall 223151 (2022) Kat:3, Licht: 0","223151","3","6","2","09","15","1","","0","0","1","0","0"
"POINT (11.681511555000000 48.135080290000097)","Unfall 223152 (2022) Kat:3, Licht: 0","223152","3","2","4","09","14","6","","0","0","1","0","0"
"POINT (11.547065389000100 48.143770747000097)","Unfall 223154 (2022) Kat:3, Licht: 0","223154","3","3","5","09","16","5","","0","1","0","0","0"
"POINT (11.503039531000100 48.135552408000102)","Unfall 223157 (2022) Kat:3, Licht: 0","223157","3","7","6","09","17","3","","0","1","0","1","0"
"POINT (11.555934169000100 48.139472381000097)","Unfall 223160 (2022) Kat:3, Licht: 0","223160","3","6","3","09","09","4","","0","1","0","0","0"
"POINT (11.574682081000001 48.107538998999999)","Unfall 223164 (2022) Kat:3, Licht: 2","223164","3","2","2","09","20","2","","2","0","1","0","1"
"POINT (11.581794325000001 48.138775076000101)","Unfall 223167 (2022) Kat:3, Licht: 0","223167","3","1","0","09","19","7","","0","1","0","0","0"
"POINT (11.643379352000100 48.169326460999997)","Unfall 223174 (2022) Kat:2, Licht: 0","223174","2","2","6","09","10","5","","0","0","1","1","0"
"POINT (11.630202385000100 48.127948019000002)","Unfall 223193 (2022) Kat:3, Licht: 1","223193","3","7","3","09","19","3","","1","1","1","0","0"
"POINT (11.665116669000000 48.143423570000003)","Unfall 223195 (2022) Kat:3, Licht: 0","223195","3","1","0","09","08","5","","0","0","0","0","0"
"POINT (11.582905048000001 48.154081260000098)","Unfall 223208 (2022) Kat:3, Licht: 0","223208","3","1","0","09","18","4","","0","0","0","0","1"
"POINT (11.542575161000100 48.209228746000100)","Unfall 223209 (2022) Kat:3, Licht: 0","223209","3","7","0","09","15","4","","0","0","0","0","0"
"POINT (11.562656091000100 48.158348361999998)","Unfall 223210 (2022) Kat:3, Licht: 0","223210","3","2","3","09","18","2","","0","1","1","0","0"
"POINT (11.502124500000001 48.106432902000101)","Unfall 223212 (2022) Kat:2, Licht: 0","223212","2","6","4","09","15","1","","0","1","0","0","0"
"POINT (11.551899304000100 48.153228208000002)","Unfall 223213 (2022) Kat:3, Licht: 2","223213","3","5","1","09","20","2","","2","1","1","0","0"
"POINT (11.583673476000101 48.119082025000097)","Unfall 223219 (2022) Kat:3, Licht: 0","223219","3","6","6","09","16","6","","0","1","0","1","0"
"POINT (11.558901555000000 48.160887084000102)","Unfall 223224 (2022) Kat:3, Licht: 2","223224","3","3","5","09","03","5","","2","0","1","0","0"
"POINT (11.667203734999999 48.105969539999997)","Unfall 223229 (2022) Kat:3, Licht: 0","223229","3","7","3","09","08","3","","0","1","0","0","0"
"POINT (11.549300626999999 48.080090138000102)","Unfall 223233 (2022) Kat:3, Licht: 0","223233","3","7","6","09","09","4","","0","0","1","1","0"
"POINT (11.476541889000000 48.164832167999997)","Unfall 223237 (2022) Kat:3, Licht: 2","223237","3","6","2","09","23","5","","2","1","0","0","0"
"POINT (11.513201670000100 48.153748055999998)","Unfall 223244 (2022) Kat:3, Licht: 2","223244","3","6","1","09","21","3","","2","0","1","0","1"
"POINT (11.479002380000100 48.122929620999997)","Unfall 223248 (2022) Kat:3, Licht: 0","223248","3","3","5","09","08","4","","0","1","1","0","0"
"POINT (11.514425774000101 48.179411704000103)","Unfall 223258 (2022) Kat:3, Licht: 0","223258","3","6","0","09","18","2","","0","1","0","0","0"
"POINT (11.566524355000100 48.123451857000099)","Unfall 223260 (2022) Kat:3, Licht: 0","223260","3","1","8","08","16","4","","0","0","1","0","0"
"POINT (11.606024582000000 48.192109825000003)","Unfall 223266 (2022) Kat:3, Licht: 0","223266","3","1","0","09","17","2","","0","1","0","0","0"
"POINT (11.548586298000000 48.170768827000103)","Unfall 223267 (2022) Kat:3, Licht: 0","223267","3","7","6","09","17","6","","0","1","0","1","0"
"POINT (11.509862475000000 48.137596774000002)","Unfall 223281 (2022) Kat:3, Licht: 0","223281","3","3","5","09","16","4","","0","1","1","0","0"
"POINT (11.552939606000100 48.163849785000103)","Unfall 223289 (2022) Kat:3, Licht: 0","223289","3","6","6","09","12","4","","0","1","0","1","0"
"POINT (11.580340845000000 48.148539345000103)","Unfall 223291 (2022) Kat:3, Licht: 2","223291","3","7","0","09","21","2","","2","1","0","0","0"
"POINT (11.545755464000001 48.151576665000100)","Unfall 223293 (2022) Kat:3, Licht: 0","223293","3","7","0","08","14","4","","0","0","0","0","1"
"POINT (11.407158895000100 48.196106053000101)","Unfall 223302 (2022) Kat:2, Licht: 0","223302","2","6","4","09","17","2","","0","1","1","0","0"
"POINT (11.597618460000000 48.133980462000103)","Unfall 223310 (2022) Kat:3, Licht: 0","223310","3","1","0","09","08","2","","0","1","0","0","0"
"POINT (11.592936235000000 48.136626835000101)","Unfall 223311 (2022) Kat:3, Licht: 0","223311","3","1","0","09","16","6","","0","1","0","0","0"
"POINT (11.628906922000100 48.173670235000003)","Unfall 223312 (2022) Kat:3, Licht: 0","223312","3","2","6","09","19","3","","0","0","1","1","0"
"POINT (11.552530953000000 48.148668746000098)","Unfall 223316 (2022) Kat:3, Licht: 0","223316","3","7","1","09","14","5","","0","0","1","0","1"
"POINT (11.527425483000100 48.095229049000103)","Unfall 223339 (2022) Kat:3, Licht: 0","223339","3","3","5","09","17","1","","0","1","1","0","0"
"POINT (11.570612475000100 48.146875346000101)","Unfall 223340 (2022) Kat:3, Licht: 0","223340","3","6","9","09","14","5","","0","0","1","0","0"
"POINT (11.613164491000100 48.124682653000001)","Unfall 223341 (2022) Kat:3, Licht: 0","223341","3","7","0","09","09","7","","0","1","0","0","0"
"POINT (11.518984106000101 48.131409654000002)","Unfall 223346 (2022) Kat:3, Licht: 0","223346","3","3","5","09","08","3","","0","1","1","0","0"
"POINT (11.556631096000000 48.221129808000100)","Unfall 223353 (2022) Kat:3, Licht: 0","223353","3","3","5","09","14","1","","0","0","1","0","1"
"POINT (11.489870857000000 48.164570538000099)","Unfall 223359 (2022) Kat:3, Licht: 0","223359","3","6","2","09","19","2","","0","0","1","0","0"
"POINT (11.544623686000000 48.150237914999998)","Unfall 223361 (2022) Kat:3, Licht: 1","223361","3","3","1","09","18","3","","1","1","1","0","0"
"POINT (11.577168458000100 48.115809968000100)","Unfall 223363 (2022) Kat:3, Licht: 0","223363","3","3","5","09","11","5","","0","1","1","0","0"
"POINT (11.520493201000001 48.146516351999999)","Unfall 223374 (2022) Kat:3, Licht: 0","223374","3","2","3","09","07","3","","0","1","1","0","0"
"POINT (11.593619318000000 48.192765712000003)","Unfall 223385 (2022) Kat:3, Licht: 1","223385","3","6","2","09","18","2","","1","0","1","0","0"
"POINT (11.573959139000101 48.167031549000100)","Unfall 223391 (2022) Kat:3, Licht: 0","223391","3","2","5","09","18","5","","0","1","1","0","0"
"POINT (11.458651888000100 48.149622486000098)","Unfall 223396 (2022) Kat:3, Licht: 0","223396","3","2","5","09","09","3","","0","1","1","0","0"
"POINT (11.588225422000100 48.167524724000003)","Unfall 223404 (2022) Kat:3, Licht: 1","223404","3","1","1","09","18","5","","1","0","0","0","0"
"POINT (11.539835173000000 48.133850770000002)","Unfall 223408 (2022) Kat:3, Licht: 0","223408","3","7","0","08","16","4","","0","0","1","0","1"