WKT,Name,OBJECTID,UKATEGORIE,UTYP1,UART,UMONAT,USTUNDE,UWOCHENTAG,STRZUSTAND,ULICHTVERH,ISTRAD,ISTPKW,ISTFUSS,ISTKRAD
"POINT (11.462998720000000 48.142666810000001)","Unfall 223425 (2022) Kat:3, Licht: 0","223425","3","3","5","09","07","5","","0","1","1","0","0"
"POINT (11.569544205000099 48.131039476000097)","Unfall 223428 (2022) Kat:3, Licht: 0","223428","3","5","1","09","14","5","","0","1","1","0","0"
"POINT (11.581370749000000 48.114623463000001)","Unfall 223429 (2022) Kat:3, Licht: 2","223429","3","3","5","09","02","1","","2","0","1","0","0"
"POINT (11.570109969000001 48.150844910000004)","Unfall 223431 (2022) Kat:3, Licht: 0","223431","3","6","2","09","08","4","","0","0","1","0","0"
"POINT (11.687324236000100 48.140626134999998)","Unfall 223433 (2022) Kat:2, Licht: 0","223433","2","3","5","10","14","1","","0","0","1","0","0"
"POINT (11.622701092000099 48.156394300000002)","Unfall 223437 (2022) Kat:3, Licht: 0","223437","3","4","6","09","11","5","","0","0","1","1","0"
"POINT (11.473114844000101 48.164529123000101)","Unfall 223441 (2022) Kat:3, Licht: 0","223441","3","3","5","09","16","6","","0","1","1","0","0"
"POINT (11.573077656000100 48.181885102000102)","Unfall 223442 (2022) Kat:3, Licht: 0","223442","3","2","5","09","16","6","","0","0","1","0","1"
"POINT (11.539120127000000 48.139613109999999)","Unfall 223444 (2022) Kat:2, Licht: 0","223444","2","1","0","09","16","2","","0","0","0","0","0"
"POINT (11.555938664999999 48.139760924000001)","Unfall 223446 (2022) Kat:3, Licht: 2","223446","3","7","7","09","06","5","","2","1","0","0","0"
"POINT (11.554424476000101 48.123144433000000)","Unfall 223448 (2022) Kat:3, Licht: 2","223448","3","2","6","09","21","4","","2","0","1","1","0"
"POINT (11.628852118000101 48.153549206000001)","Unfall 223450 (2022) Kat:3, Licht: 0","223450","3","4","6","10","10","7","","0","0","1","1","0"
"POINT (11.477986295999999 48.118010841000100)","Unfall 223452 (2022) Kat:3, Licht: 0","223452","3","6","2","10","17","3","","0","0","1","0","0"
"POINT (11.556017096000099 48.139231197000100)","Unfall 223456 (2022) Kat:3, Licht: 2","223456","3","4","6","10","23","2","","2","0","1","1","0"
"POINT (11.564820525000099 48.137408208000103)","Unfall 223470 (2022) Kat:3, Licht: 2","223470","3","3","5","09","21","7","","2","0","1","0","0"
"POINT (11.464909722000099 48.145200112000097)","Unfall 223472 (2022) Kat:3, Licht: 0","223472","3","2","4","09","13","2","","0","1","1","0","0"
"POINT (11.594836847000099 48.110176860000102)","Unfall 223475 (2022) Kat:3, Licht: 0","223475","3","1","6","09","07","3","","0","1","0","1","0"
"POINT (11.558473781000000 48.139191785000001)","Unfall 223485 (2022) Kat:3, Licht: 0","223485","3","7","0","09","17","2","","0","1","0","0","0"
"POINT (11.503055063000000 48.140379957000100)","Unfall 223487 (2022) Kat:3, Licht: 0","223487","3","6","3","09","11","2","","0","0","1","0","0"
"POINT (11.574673639000000 48.145706761000000)","Unfall 223493 (2022) Kat:3, Licht: 0","223493","3","3","5","09","12","6","","0","1","1","0","0"
"POINT (11.579360938000001 48.154701920000001)","Unfall 223500 (2022) Kat:3, Licht: 0","223500","3","3","5","09","07","4","","0","0","1","0","1"
"POINT (11.580839482000000 48.140640608000098)","Unfall 223501 (2022) Kat:2, Licht: 1","223501","2","4","6","09","18","6","","1","1","0","1","0"
"POINT (11.604899239000099 48.147677757000103)","Unfall 223503 (2022) Kat:3, Licht: 2","223503","3","1","0","09","02","3","","2","1","1","0","0"
"POINT (11.511340597000100 48.158737193999997)","Unfall 223506 (2022) Kat:3, Licht: 0","223506","3","2","3","10","16","2","","0","1","1","0","0"
"POINT (11.557522490000100 48.213144848000098)","Unfall 223508 (2022) Kat:3, Licht: 0","223508","3","7","1","09","10","7","","0","1","1","0","0"
"POINT (11.508418402000100 48.098229611000100)","Unfall 223513 (2022) Kat:3, Licht: 0","223513","3","2","5","09","15","5","","0","1","1","0","0"
"POINT (11.541665044000100 48.139577818000099)","Unfall 223515 (2022) Kat:2, Licht: 1","223515","2","7","5","09","18","5","","1","0","1","0","0"
"POINT (11.584521671000100 48.157401756000098)","Unfall 223519 (2022) Kat:3, Licht: 0","223519","3","6","2","10","12","1","","0","0","1","0","0"
"POINT (11.596285581000100 48.132633853000101)","Unfall 223525 (2022) Kat:3, Licht: 0","223525","3","7","0","09","08","2","","0","1","1","0","0"
"POINT (11.503327531000000 48.146800717000097)","Unfall 223526 (2022) Kat:3, Licht: 0","223526","3","5","1","09","08","4","","0","1","1","0","0"
"POINT (11.507339343000099 48.179054710999999)","Unfall 223528 (2022) Kat:3, Licht: 0","223528","3","4","6","09","17","6","","0","0","0","1","0"
"POINT (11.476233447000000 48.109779115000002)","Unfall 223535 (2022) Kat:3, Licht: 2","223535","3","1","1","09","23","7","","2","0","1","0","0"
"POINT (11.503748668000100 48.182610754000102)","Unfall 223538 (2022) Kat:3, Licht: 0","223538","3","3","5","09","13","4","","0","0","1","0","0"
"POINT (11.546833398000000 48.118189266999998)","Unfall 223540 (2022) Kat:3, Licht: 0","223540","3","7","0","10","14","7","","0","1","1","0","0"
"POINT (11.638451766999999 48.096614863000099)","Unfall 223542 (2022) Kat:3, Licht: 0","223542","3","7","5","09","17","5","","0","1","1","0","0"
"POINT (11.555818704000000 48.135108736000099)","Unfall 223555 (2022) Kat:2, Licht: 0","223555","2","2","3","09","17","5","","0","0","1","0","0"
"POINT (11.545039209000000 48.127743898000098)","Unfall 223564 (2022) Kat:3, Licht: 0","223564","3","2","4","09","10","5","","0","1","1","0","0"
"POINT (11.593558734000100 48.171784082000002)","Unfall 223566 (2022) Kat:3, Licht: 0","223566","3","3","5","09","13","5","","0","0","1","0","0"
"POINT (11.531464947000099 48.183998402999997)","Unfall 223567 (2022) Kat:3, Licht: 1","223567","3","4","6","09","06","3","","1","0","1","1","0"
"POINT (11.558693718000001 48.129661792999997)","Unfall 223568 (2022) Kat:3, Licht: 2","223568","3","2","6","10","23","1","","2","0","1","1","0"
"POINT (11.584364450000100 48.143916288000099)","Unfall 223569 (2022) Kat:3, Licht: 2","223569","3","6","4","09","19","7","","2","1","0","0","0"
"POINT (11.646299189000000 48.106688578000004)","Unfall 223570 (2022) Kat:3, Licht: 0","223570","3","3","5","09","17","6","","0","1","1","0","0"
"POINT (11.549366866000099 48.158055838999999)","Unfall 223571 (2022) Kat:3, Licht: 2","223571","3","3","5","10","18","3","","2","1","1","0","0"
"POINT (11.567405599000001 48.178168239999998)","Unfall 223573 (2022) Kat:3, Licht: 2","223573","3","2","5","09","02","1","","2","0","1","0","1"
"POINT (11.537368489000100 48.131532812000003)","Unfall 223575 (2022) Kat:2, Licht: 2","223575","2","3","5","09","00","2","","2","0","1","0","0"
"POINT (11.509987430000001 48.181151200999999)","Unfall 223577 (2022) Kat:3, Licht: 1","223577","3","3","6","09","18","6","","1","0","1","1","0"
"POINT (11.502892020000001 48.135270312000003)","Unfall 223588 (2022) Kat:3, Licht: 2","223588","3","2","6","09","20","5","","2","0","1","1","0"
"POINT (11.657579731000100 48.129824988999999)","Unfall 223591 (2022) Kat:3, Licht: 0","223591","3","6","2","09","16","5","","0","0","1","0","0"
"POINT (11.558419539000100 48.129076646000001)","Unfall 223594 (2022) Kat:3, Licht: 2","223594","3","3","5","09","22","4","","2","0","1","0","0"
"POINT (11.414962820000000 48.162784191000100)","Unfall 223595 (2022) Kat:3, Licht: 0","223595","3","7","0","09","08","3","","0","1","0","0","0"
"POINT (11.574211360000000 48.130575493999999)","Unfall 223601 (2022) Kat:3, Licht: 0","223601","3","3","5","09","15","5","","0","1","1","0","0"
"POINT (11.566564976000100 48.133542460000101)","Unfall 223604 (2022) Kat:3, Licht: 0","223604","3","4","6","09","17","6","","0","0","1","1","0"
"POINT (11.571371250000000 48.128815871000000)","Unfall 223616 (2022) Kat:3, Licht: 0","223616","3","6","2","09","11","7","","0","1","0","0","0"
"POINT (11.581239047000100 48.166284495000099)","Unfall 223617 (2022) Kat:3, Licht: 0","223617","3","3","5","09","12","6","","0","0","1","0","1"
"POINT (11.539309289000100 48.158367902000101)","Unfall 223618 (2022) Kat:3, Licht: 0","223618","3","3","4","10","09","3","","0","1","1","0","0"
"POINT (11.570443110999999 48.156046418000102)","Unfall 223625 (2022) Kat:3, Licht: 2","223625","3","5","0","09","19","6","","2","1","1","0","0"
"POINT (11.555314074000000 48.139170255000103)","Unfall 223629 (2022) Kat:2, Licht: 2","223629","2","4","6","09","01","6","","2","0","0","1","0"
"POINT (11.584699685000000 48.157775834000098)","Unfall 223632 (2022) Kat:3, Licht: 0","223632","3","6","1","09","09","2","","0","0","1","0","1"
"POINT (11.456947555000101 48.165048758000097)","Unfall 223633 (2022) Kat:3, Licht: 2","223633","3","3","5","09","21","7","","2","0","1","0","0"
"POINT (11.507910044000001 48.183058213000002)","Unfall 223635 (2022) Kat:3, Licht: 2","223635","3","3","5","09","05","4","","2","1","1","0","0"
"POINT (11.564706490000001 48.197352938999998)","Unfall 223636 (2022) Kat:3, Licht: 2","223636","3","1","8","09","03","5","","2","0","1","0","0"
"POINT (11.518833837000001 48.141711393000001)","Unfall 223645 (2022) Kat:3, Licht: 2","223645","3","7","0","09","19","7","","2","0","0","0","0"
"POINT (11.453620755999999 48.147750557000101)","Unfall 223647 (2022) Kat:3, Licht: 0","223647","3","7","0","09","08","2","","0","0","0","1","0"
"POINT (11.549991578000100 48.168924321000098)","Unfall 223649 (2022) Kat:3, Licht: 0","223649","3","6","3","09","18","5","","0","1","0","0","0"
"POINT (11.557889446000001 48.096714430000098)","Unfall 223653 (2022) Kat:3, Licht: 1","223653","3","1","0","09","18","6","","1","0","0","0","1"
"POINT (11.454247913000099 48.145919052000103)","Unfall 223654 (2022) Kat:3, Licht: 0","223654","3","3","5","09","14","6","","0","0","1","0","1"
"POINT (11.564985643000099 48.137423972000100)","Unfall 223656 (2022) Kat:3, Licht: 2","223656","3","3","1","09","22","2","","2","0","1","0","0"
"POINT (11.585835015000001 48.143860527000101)","Unfall 223662 (2022) Kat:3, Licht: 2","223662","3","6","6","10","02","7","","2","0","1","1","0"
"POINT (11.555803148000100 48.134003335000003)","Unfall 223667 (2022) Kat:3, Licht: 0","223667","3","6","2","09","15","1","","0","0","1","0","0"
"POINT (11.498379152000000 48.131610749000103)","Unfall 223669 (2022) Kat:3, Licht: 2","223669","3","5","0","09","04","4","","2","1","1","0","0"
"POINT (11.588540357000101 48.143039305000102)","Unfall 223673 (2022) Kat:3, Licht: 2","223673","3","2","3","09","18","5","","2","0","1","0","1"
"POINT (11.575057319000100 48.141434212000000)","Unfall 223674 (2022) Kat:3, Licht: 2","223674","3","1","0","09","01","6","","2","0","0","0","0"
"POINT (11.705271324000000 48.114333972000097)","Unfall 223675 (2022) Kat:3, Licht: 0","223675","3","6","2","09","14","5","","0","1","1","0","0"
"POINT (11.564912489999999 48.208886033000098)","Unfall 223676 (2022) Kat:3, Licht: 0","223676","3","6","3","09","18","5","","0","0","1","0","0"
"POINT (11.564646120000100 48.136957568000099)","Unfall 223678 (2022) Kat:2, Licht: 0","223678","2","7","6","09","17","6","","0","1","0","1","0"
"POINT (11.488305261000100 48.140932669999998)","Unfall 223680 (2022) Kat:3, Licht: 0","223680","3","2","5","09","07","3","","0","0","1","0","1"
"POINT (11.545418462000001 48.120610150000097)","Unfall 223684 (2022) Kat:2, Licht: 0","223684","2","4","6","09","10","2","","0","1","0","1","0"
"POINT (11.558632435000000 48.137115691000098)","Unfall 223685 (2022) Kat:3, Licht: 0","223685","3","4","6","09","13","7","","0","0","1","1","0"
"POINT (11.536480082000001 48.116910865000101)","Unfall 223689 (2022) Kat:3, Licht: 0","223689","3","7","3","10","09","2","","0","1","1","0","0"
"POINT (11.566223801000000 48.187240197999998)","Unfall 223690 (2022) Kat:3, Licht: 2","223690","3","3","5","09","20","5","","2","0","1","0","0"
"POINT (11.587756597000100 48.137280835000098)","Unfall 223693 (2022) Kat:3, Licht: 0","223693","3","6","2","09","17","5","","0","1","1","0","0"
"POINT (11.614843210000100 48.140223729000098)","Unfall 223694 (2022) Kat:3, Licht: 0","223694","3","2","3","09","17","4","","0","1","0","0","0"
"POINT (11.670214895000100 48.123365152000098)","Unfall 223705 (2022) Kat:3, Licht: 0","223705","3","2","4","09","12","6","","0","1","1","0","0"
"POINT (11.546546694000000 48.200597938999998)","Unfall 223708 (2022) Kat:3, Licht: 0","223708","3","7","1","09","12","6","","0","0","1","0","0"
"POINT (11.474525874000101 48.142429129999996)","Unfall 223713 (2022) Kat:3, Licht: 0","223713","3","7","0","09","12","2","","0","0","0","0","0"
"POINT (11.548996990999999 48.138319238000101)","Unfall 223720 (2022) Kat:3, Licht: 0","223720","3","2","5","09","17","5","","0","1","0","0","0"
"POINT (11.528190193000100 48.097360100000103)","Unfall 223722 (2022) Kat:3, Licht: 0","223722","3","7","0","09","10","1","","0","1","0","0","0"
"POINT (11.640996694000000 48.099489523000003)","Unfall 223723 (2022) Kat:2, Licht: 0","223723","2","7","5","09","15","7","","0","1","1","0","0"
"POINT (11.604737820000000 48.105392606000102)","Unfall 223725 (2022) Kat:2, Licht: 0","223725","2","2","6","09","14","4","","0","0","1","1","0"
"POINT (11.513177797000001 48.153831024000098)","Unfall 223727 (2022) Kat:3, Licht: 2","223727","3","2","5","09","19","5","","2","0","1","0","0"
"POINT (11.545215506000000 48.127712006000102)","Unfall 223729 (2022) Kat:3, Licht: 0","223729","3","1","0","09","17","5","","0","0","1","1","0"
"POINT (11.561909912000001 48.125174851000097)","Unfall 223732 (2022) Kat:3, Licht: 0","223732","3","7","0","09","09","3","","0","1","0","0","0"
"POINT (11.535269290000000 48.176398146000103)","Unfall 223733 (2022) Kat:3, Licht: 2","223733","3","7","3","10","21","1","","2","0","1","0","0"
"POINT (11.564966657000101 48.194698875000000)","Unfall 223736 (2022) Kat:3, Licht: 2","223736","3","6","3","09","19","2","","2","0","1","0","0"
"POINT (11.559102365000101 48.147514512000001)","Unfall 223739 (2022) Kat:3, Licht: 0","223739","3","2","3","09","13","2","","0","1","0","0","0"
"POINT (11.538426901999999 48.150235392000098)","Unfall 223740 (2022) Kat:3, Licht: 2","223740","3","6","2","09","19","4","","2","1","0","0","1"
"POINT (11.546515263000099 48.111985968000099)","Unfall 223741 (2022) Kat:3, Licht: 0","223741","3","7","0","09","09","6","","0","0","0","1","0"
"POINT (11.579011649000099 48.126867163999997)","Unfall 223746 (2022) Kat:3, Licht: 0","223746","3","2","5","09","15","6","","0","1","0","0","0"
"POINT (11.550979621000099 48.148977752000100)","Unfall 223747 (2022) Kat:3, Licht: 0","223747","3","3","0","09","08","2","","0","0","1","0","1"
"POINT (11.602202530000101 48.123941364000103)","Unfall 223749 (2022) Kat:3, Licht: 1","223749","3","2","3","09","06","3","","1","1","1","0","0"
"POINT (11.636866102999999 48.156095770000000)","Unfall 223751 (2022) Kat:3, Licht: 0","223751","3","1","0","09","14","6","","0","1","0","0","0"
"POINT (11.558626061000000 48.139257610000101)","Unfall 223767 (2022) Kat:3, Licht: 0","223767","3","6","3","09","13","1","","0","0","1","0","0"
"POINT (11.544038947000001 48.126330078000102)","Unfall 223772 (2022) Kat:3, Licht: 0","223772","3","6","2","10","14","2","","0","0","1","0","1"
"POINT (11.606021750000000 48.178505825000101)","Unfall 223773 (2022) Kat:3, Licht: 1","223773","3","3","5","09","18","5","","1","1","1","0","0"
"POINT (11.539015613000100 48.128029286000100)","Unfall 223774 (2022) Kat:3, Licht: 1","223774","3","6","2","10","18","7","","1","0","1","0","1"
"POINT (11.567651544000100 48.131827413000103)","Unfall 223778 (2022) Kat:3, Licht: 0","223778","3","1","1","09","07","3","","0","1","1","0","0"
"POINT (11.588379241000000 48.137607985000002)","Unfall 223781 (2022) Kat:3, Licht: 0","223781","3","1","0","10","16","3","","0","1","0","0","0"
"POINT (11.668204420000100 48.139936646000102)","Unfall 223793 (2022) Kat:3, Licht: 0","223793","3","3","5","09","08","2","","0","1","1","0","0"
"POINT (11.543388243000001 48.144731321999998)","Unfall 223795 (2022) Kat:3, Licht: 2","223795","3","1","1","09","23","4","","2","0","1","0","0"
"POINT (11.612731775000000 48.152081988000099)","Unfall 223798 (2022) Kat:2, Licht: 0","223798","2","4","6","09","09","5","","0","0","1","1","0"
"POINT (11.436350416000000 48.150474845000097)","Unfall 223801 (2022) Kat:3, Licht: 0","223801","3","3","0","09","14","5","","0","0","1","0","0"
"POINT (11.538853831999999 48.128235738000100)","Unfall 223802 (2022) Kat:2, Licht: 1","223802","2","7","8","09","06","6","","1","0","0","0","1"
"POINT (11.583001252000001 48.118460522000099)","Unfall 223808 (2022) Kat:2, Licht: 2","223808","2","4","6","09","22","4","","2","0","1","1","0"
"POINT (11.555821573999999 48.148042510000003)","Unfall 223812 (2022) Kat:3, Licht: 0","223812","3","2","6","09","08","5","","0","0","1","1","0"
"POINT (11.578631670000000 48.196139879000000)","Unfall 223815 (2022) Kat:2, Licht: 0","223815","2","7","0","09","07","4","","0","1","0","0","0"
"POINT (11.572151311000001 48.131688357000002)","Unfall 223817 (2022) Kat:2, Licht: 0","223817","2","1","0","10","09","1","","0","0","0","0","1"
"POINT (11.569303440000100 48.140998184000097)","Unfall 223826 (2022) Kat:3, Licht: 2","223826","3","2","5","09","02","6","","2","1","1","0","0"
"POINT (11.574771138000100 48.143164437000102)","Unfall 223835 (2022) Kat:3, Licht: 0","223835","3","6","2","09","09","3","","0","0","1","0","0"
"POINT (11.649122708000000 48.105625712000098)","Unfall 223836 (2022) Kat:3, Licht: 0","223836","3","6","2","10","15","3","","0","0","1","0","0"
"POINT (11.555803216000101 48.134020945000003)","Unfall 223843 (2022) Kat:2, Licht: 2","223843","2","4","6","09","19","4","","2","1","0","1","0"
"POINT (11.576753875000099 48.136164760000000)","Unfall 223851 (2022) Kat:3, Licht: 1","223851","3","1","1","09","19","3","","1","1","1","0","0"
"POINT (11.704560172000100 48.110173322000001)","Unfall 223865 (2022) Kat:3, Licht: 0","223865","3","3","5","09","09","4","","0","0","1","0","0"
"POINT (11.565012977000000 48.140942348000102)","Unfall 223869 (2022) Kat:3, Licht: 2","223869","3","2","3","09","22","6","","2","0","1","0","1"
"POINT (11.533846092999999 48.149759199000101)","Unfall 223870 (2022) Kat:3, Licht: 2","223870","3","2","6","09","19","5","","2","0","1","1","0"
"POINT (11.567459951000000 48.178176576000098)","Unfall 223876 (2022) Kat:3, Licht: 0","223876","3","2","5","09","12","6","","0","0","1","0","0"
"POINT (11.412846693000100 48.137470018999998)","Unfall 223879 (2022) Kat:3, Licht: 0","223879","3","3","5","09","15","1","","0","0","1","0","0"
"POINT (11.501245440000000 48.118454712000101)","Unfall 223880 (2022) Kat:3, Licht: 0","223880","3","3","5","09","09","5","","0","1","1","0","0"
"POINT (11.502801002000099 48.130996877000001)","Unfall 223881 (2022) Kat:2, Licht: 0","223881","2","3","5","09","07","2","","0","0","1","0","1"
"POINT (11.542228493000000 48.137744081999998)","Unfall 223884 (2022) Kat:3, Licht: 0","223884","3","3","5","10","12","7","","0","0","1","0","0"
"POINT (11.477549240000000 48.108681361000002)","Unfall 223898 (2022) Kat:3, Licht: 0","223898","3","3","5","09","07","5","","0","1","1","0","0"
"POINT (11.553235607000000 48.139101405000098)","Unfall 223901 (2022) Kat:2, Licht: 2","223901","2","7","3","10","00","1","","2","0","1","1","0"
"POINT (11.556958045000000 48.143635369000002)","Unfall 223902 (2022) Kat:3, Licht: 0","223902","3","2","5","09","16","7","","0","1","1","0","0"
"POINT (11.599893108000099 48.125033199000001)","Unfall 223903 (2022) Kat:3, Licht: 0","223903","3","4","6","09","08","6","","0","1","0","1","0"
"POINT (11.563767296000000 48.090358234000099)","Unfall 223909 (2022) Kat:3, Licht: 0","223909","3","6","2","09","15","6","","0","0","1","0","0"
"POINT (11.555933464000100 48.139416762000103)","Unfall 223917 (2022) Kat:3, Licht: 0","223917","3","6","3","09","18","2","","0","0","1","0","1"
"POINT (11.574220575000000 48.134406114000100)","Unfall 223918 (2022) Kat:3, Licht: 1","223918","3","2","4","09","19","4","","1","1","1","0","0"
"POINT (11.567324544000000 48.132606753000097)","Unfall 223922 (2022) Kat:3, Licht: 0","223922","3","1","0","10","11","3","","0","1","0","0","0"
"POINT (11.506997688000100 48.127174418999999)","Unfall 223924 (2022) Kat:3, Licht: 0","223924","3","1","0","09","11","5","","0","1","0","0","0"
"POINT (11.541080423000000 48.217844472000102)","Unfall 223926 (2022) Kat:2, Licht: 0","223926","2","7","0","09","18","7","","0","1","0","0","0"
"POINT (11.573098375000001 48.179017625000000)","Unfall 223929 (2022) Kat:3, Licht: 0","223929","3","3","5","09","12","4","","0","0","1","0","0"
"POINT (11.548825925000100 48.125623523000101)","Unfall 223932 (2022) Kat:2, Licht: 0","223932","2","5","3","09","16","1","","0","1","1","0","0"
"POINT (11.565581441000100 48.188880527999999)","Unfall 223939 (2022) Kat:3, Licht: 0","223939","3","6","4","09","17","3","","0","1","1","0","0"
"POINT (11.585767360000000 48.157946599000098)","Unfall 223958 (2022) Kat:2, Licht: 1","223958","2","5","1","09","19","6","","1","1","1","0","0"
"POINT (11.508123809000001 48.152910169999998)","Unfall 223964 (2022) Kat:3, Licht: 0","223964","3","2","4","09","18","6","","0","1","1","0","0"
"POINT (11.503835891000101 48.094313382000102)","Unfall 223965 (2022) Kat:3, Licht: 0","223965","3","3","5","09","07","3","","0","1","1","0","0"
"POINT (11.566721332000000 48.136426204000003)","Unfall 223966 (2022) Kat:3, Licht: 0","223966","3","6","4","09","08","3","","0","1","0","0","0"
"POINT (11.550468972999999 48.188701166999998)","Unfall 223971 (2022) Kat:3, Licht: 0","223971","3","6","4","09","15","7","","0","0","1","0","0"
"POINT (11.673201138000000 48.121354854000103)","Unfall 223984 (2022) Kat:3, Licht: 0","223984","3","7","0","10","11","1","","0","0","0","0","0"
"POINT (11.559376491000000 48.175209234000100)","Unfall 223991 (2022) Kat:3, Licht: 2","223991","3","6","3","09","19","7","","2","0","1","0","0"
"POINT (11.533652182000001 48.150237271000002)","Unfall 223997 (2022) Kat:3, Licht: 1","223997","3","6","3","09","18","5","","1","1","0","0","0"
"POINT (11.541138182000100 48.122092935000097)","Unfall 224000 (2022) Kat:3, Licht: 2","224000","3","7","6","09","22","3","","2","1","0","1","0"
"POINT (11.512168754000101 48.076644682999998)","Unfall 224002 (2022) Kat:3, Licht: 0","224002","3","3","5","09","16","7","","0","1","1","0","0"
"POINT (11.553908945000000 48.218693056000099)","Unfall 224008 (2022) Kat:3, Licht: 0","224008","3","1","1","09","10","2","","0","0","1","0","0"
"POINT (11.606991973000000 48.186342943000099)","Unfall 224009 (2022) Kat:3, Licht: 2","224009","3","6","6","09","00","4","","2","0","0","1","0"
"POINT (11.558517053000100 48.149026200000002)","Unfall 224010 (2022) Kat:3, Licht: 0","224010","3","7","0","09","10","6","","0","1","1","1","0"
"POINT (11.568909557000000 48.105061118999998)","Unfall 224011 (2022) Kat:3, Licht: 0","224011","3","3","4","09","14","3","","0","1","0","0","0"
"POINT (11.557015058999999 48.143687991000000)","Unfall 224017 (2022) Kat:3, Licht: 1","224017","3","3","5","09","05","7","","1","0","1","0","0"
"POINT (11.528724647000001 48.182052372999998)","Unfall 224024 (2022) Kat:3, Licht: 0","224024","3","3","5","09","18","5","","0","0","1","0","0"
"POINT (11.539269573000100 48.130974195000100)","Unfall 224029 (2022) Kat:3, Licht: 2","224029","3","4","6","10","21","1","","2","1","0","1","0"
"POINT (11.636742476000100 48.104863608000102)","Unfall 224034 (2022) Kat:3, Licht: 0","224034","3","3","5","09","08","5","","0","0","1","0","0"
"POINT (11.544744753000000 48.127789755999999)","Unfall 224036 (2022) Kat:3, Licht: 0","224036","3","6","3","09","16","6","","0","0","1","0","0"
"POINT (11.582199782000000 48.130855444000098)","Unfall 224037 (2022) Kat:3, Licht: 0","224037","3","6","2","09","14","6","","0","0","1","0","0"
"POINT (11.582627160000101 48.133829567000099)","Unfall 224040 (2022) Kat:3, Licht: 2","224040","3","1","0","09","01","1","","2","0","0","0","0"
"POINT (11.541290006000100 48.123936437000097)","Unfall 224052 (2022) Kat:2, Licht: 0","224052","2","4","6","09","14","7","","0","1","0","1","0"
"POINT (11.563892253000100 48.208837425000098)","Unfall 224058 (2022) Kat:3, Licht: 0","224058","3","7","2","09","16","2","","0","0","1","0","0"
"POINT (11.543636351000000 48.147127396000002)","Unfall 224060 (2022) Kat:3, Licht: 0","224060","3","7","0","09","16","5","","0","1","0","0","0"
"POINT (11.573152281000000 48.142145298000102)","Unfall 224061 (2022) Kat:3, Licht: 0","224061","3","5","5","09","11","2","","0","1","1","0","0"
"POINT (11.489552544000000 48.093204974000102)","Unfall 224064 (2022) Kat:3, Licht: 0","224064","3","4","6","10","17","7","","0","1","0","1","0"
"POINT (11.576770055000100 48.136181547000000)","Unfall 224066 (2022) Kat:3, Licht: 0","224066","3","4","6","09","13","6","","0","0","1","1","0"
"POINT (11.657733846999999 48.138366807000097)","Unfall 224069 (2022) Kat:3, Licht: 0","224069","3","2","4","09","11","2","","0","0","1","0","0"
"POINT (11.537053195000100 48.139837575999998)","Unfall 224081 (2022) Kat:3, Licht: 2","224081","3","6","2","10","19","1","","2","0","1","0","0"
"POINT (11.545507087000001 48.134637059000099)","Unfall 224085 (2022) Kat:3, Licht: 0","224085","3","1","0","09","19","5","","0","0","0","0","0"
"POINT (11.453563859000001 48.189457672000103)","Unfall 224089 (2022) Kat:3, Licht: 0","224089","3","1","0","09","09","6","","0","1","0","0","0"
"POINT (11.579879162999999 48.157747319000102)","Unfall 224092 (2022) Kat:3, Licht: 0","224092","3","2","5","09","17","2","","0","1","1","0","0"
"POINT (11.582956496000101 48.154070097000002)","Unfall 224094 (2022) Kat:3, Licht: 0","224094","3","6","2","09","14","4","","0","0","1","0","1"
"POINT (11.581961553999999 48.138744498000101)","Unfall 224095 (2022) Kat:3, Licht: 0","224095","3","7","6","09","13","2","","0","0","1","1","0"
"POINT (11.577746241000099 48.170132328000101)","Unfall 224096 (2022) Kat:3, Licht: 1","224096","3","2","4","09","19","4","","1","1","1","0","0"
"POINT (11.520306682000101 48.150151725000100)","Unfall 224098 (2022) Kat:3, Licht: 0","224098","3","2","4","10","06","7","","0","0","1","1","0"
"POINT (11.552321646999999 48.137505261999998)","Unfall 224104 (2022) Kat:3, Licht: 2","224104","3","7","3","10","21","2","","2","1","1","0","0"
"POINT (11.502348376000000 48.109440528000100)","Unfall 224114 (2022) Kat:3, Licht: 0","224114","3","7","3","09","14","5","","0","1","0","0","0"
"POINT (11.569323078000000 48.141004510000101)","Unfall 224115 (2022) Kat:3, Licht: 0","224115","3","1","0","09","11","3","","0","0","0","0","0"
"POINT (11.603669700000101 48.179614643000001)","Unfall 224119 (2022) Kat:3, Licht: 0","224119","3","2","2","09","19","2","","0","1","1","0","0"
"POINT (11.562968307000100 48.131803832000102)","Unfall 224121 (2022) Kat:3, Licht: 0","224121","3","2","5","09","18","3","","0","1","0","0","0"
"POINT (11.569883941000100 48.130946840000000)","Unfall 224123 (2022) Kat:3, Licht: 0","224123","3","1","0","09","12","5","","0","1","0","0","0"
"POINT (11.639302064000001 48.109032254000098)","Unfall 224128 (2022) Kat:3, Licht: 0","224128","3","2","4","09","17","4","","0","1","0","0","1"
"POINT (11.511443071000000 48.158213563000103)","Unfall 224133 (2022) Kat:3, Licht: 0","224133","3","2","5","09","11","2","","0","1","1","0","0"
"POINT (11.578216811000100 48.100484492000099)","Unfall 224136 (2022) Kat:3, Licht: 0","224136","3","6","4","09","16","3","","0","1","1","0","0"