WKT,Name,OBJECTID,UKATEGORIE,UTYP1,UART,UMONAT,USTUNDE,UWOCHENTAG,STRZUSTAND,ULICHTVERH,ISTRAD,ISTPKW,ISTFUSS,ISTKRAD
"POINT (11.562991602000100 48.137404919000097)","Unfall 224138 (2022) Kat:3, Licht: 0","224138","3","7","1","09","13","6","","0","0","1","0","0"
"POINT (11.565225377000001 48.192773213000102)","Unfall 224140 (2022) Kat:2, Licht: 0","224140","2","2","5","09","10","6","","0","0","1","0","0"
"POINT (11.534209003000100 48.152612452000000)","Unfall 224156 (2022) Kat:3, Licht: 0","224156","3","3","5","09","10","4","","0","0","1","0","0"
"POINT (11.590026444999999 48.192722806000099)","Unfall 224161 (2022) Kat:3, Licht: 0","224161","3","2","5","09","10","5","","0","1","1","0","0"
"POINT (11.555724679000001 48.131368406000000)","Unfall 224163 (2022) Kat:3, Licht: 0","224163","3","7","2","09","16","5","","0","1","1","0","0"
"POINT (11.491582794000101 48.165266629000001)","Unfall 224170 (2022) Kat:3, Licht: 2","224170","3","3","5","09","05","2","","2","1","1","0","0"
"POINT (11.573381252000001 48.143187578000003)","Unfall 224173 (2022) Kat:2, Licht: 0","224173","2","7","5","09","08","2","","0","0","0","0","1"
"POINT (11.564037715000000 48.203106171000101)","Unfall 224175 (2022) Kat:3, Licht: 0","224175","3","6","2","09","12","6","","0","0","1","0","1"
"POINT (11.586283577000099 48.180090861000103)","Unfall 224177 (2022) Kat:3, Licht: 0","224177","3","6","2","09","15","3","","0","0","1","0","1"
"POINT (11.502554775000000 48.164539910000002)","Unfall 224184 (2022) Kat:2, Licht: 0","224184","2","4","6","09","11","4","","0","0","0","1","0"
"POINT (11.711300719000100 48.138148604999998)","Unfall 224187 (2022) Kat:3, Licht: 0","224187","3","3","5","09","07","6","","0","1","0","0","0"
"POINT (11.578920804000100 48.145315365999998)","Unfall 224207 (2022) Kat:3, Licht: 0","224207","3","7","0","10","12","2","","0","1","0","0","0"
"POINT (11.448732438000000 48.173535540000003)","Unfall 224210 (2022) Kat:3, Licht: 0","224210","3","3","5","09","16","5","","0","0","1","0","1"
"POINT (11.574983144000001 48.135250884000101)","Unfall 224216 (2022) Kat:3, Licht: 0","224216","3","7","6","09","17","7","","0","0","1","1","0"
"POINT (11.562993744000000 48.130689764000103)","Unfall 224218 (2022) Kat:3, Licht: 0","224218","3","5","1","10","11","3","","0","1","1","0","0"
"POINT (11.560964607000100 48.140355347000103)","Unfall 224220 (2022) Kat:3, Licht: 0","224220","3","4","6","09","17","1","","0","0","0","1","0"
"POINT (11.531746105000000 48.130466568000003)","Unfall 224225 (2022) Kat:3, Licht: 2","224225","3","6","0","10","19","7","","2","0","1","0","0"
"POINT (11.553523322000000 48.112189123000100)","Unfall 224238 (2022) Kat:3, Licht: 0","224238","3","2","5","10","17","7","","0","1","1","0","0"
"POINT (11.570167859000000 48.134104258999997)","Unfall 224244 (2022) Kat:3, Licht: 0","224244","3","3","0","09","14","3","","0","1","0","0","0"
"POINT (11.556080457000100 48.128276556000102)","Unfall 224252 (2022) Kat:3, Licht: 0","224252","3","2","6","09","09","5","","0","0","1","1","0"
"POINT (11.608082822000000 48.137693611000003)","Unfall 224255 (2022) Kat:2, Licht: 0","224255","2","7","0","09","17","4","","0","1","1","0","0"
"POINT (11.511363385999999 48.165021160000002)","Unfall 224258 (2022) Kat:3, Licht: 2","224258","3","1","0","09","04","1","","2","1","0","0","0"
"POINT (11.503002880000100 48.143662095000103)","Unfall 224260 (2022) Kat:3, Licht: 0","224260","3","1","0","09","13","6","","0","1","0","0","0"
"POINT (11.556810703000099 48.147904959000101)","Unfall 224268 (2022) Kat:3, Licht: 0","224268","3","6","3","10","17","3","","0","0","1","0","1"
"POINT (11.516491667000000 48.126293150999999)","Unfall 224271 (2022) Kat:3, Licht: 0","224271","3","3","5","09","17","5","","0","0","1","0","0"
"POINT (11.658968150000000 48.103444132000000)","Unfall 224276 (2022) Kat:3, Licht: 0","224276","3","2","5","10","12","7","","0","1","1","0","0"
"POINT (11.563367160000000 48.121050151000098)","Unfall 224283 (2022) Kat:2, Licht: 2","224283","2","6","4","09","01","7","","2","0","1","0","0"
"POINT (11.477173224000101 48.115487254000101)","Unfall 224285 (2022) Kat:3, Licht: 0","224285","3","2","4","09","09","4","","0","0","1","0","0"
"POINT (11.416280037000000 48.156529706000100)","Unfall 224287 (2022) Kat:3, Licht: 0","224287","3","7","0","09","09","5","","0","1","0","0","0"
"POINT (11.599952705000000 48.204383091000103)","Unfall 224294 (2022) Kat:3, Licht: 0","224294","3","4","6","09","08","3","","0","0","1","1","0"
"POINT (11.573221254000000 48.179995991000098)","Unfall 224298 (2022) Kat:3, Licht: 2","224298","3","2","4","09","19","2","","2","0","1","0","1"
"POINT (11.574779638000100 48.170240675000102)","Unfall 224311 (2022) Kat:2, Licht: 2","224311","2","6","4","09","19","4","","2","1","0","0","0"
"POINT (11.586210720000100 48.130187593000102)","Unfall 224313 (2022) Kat:3, Licht: 0","224313","3","4","6","10","12","7","","0","1","0","1","0"
"POINT (11.555888403000001 48.131398228000101)","Unfall 224318 (2022) Kat:3, Licht: 0","224318","3","6","3","09","16","6","","0","1","1","0","0"
"POINT (11.569109535000100 48.140935247000101)","Unfall 224319 (2022) Kat:1, Licht: 2","224319","1","2","5","09","05","6","","2","1","0","0","0"
"POINT (11.557373499000100 48.137451028000001)","Unfall 224327 (2022) Kat:3, Licht: 2","224327","3","6","5","10","19","7","","2","0","1","0","0"
"POINT (11.572580126000000 48.139214590000101)","Unfall 224334 (2022) Kat:3, Licht: 2","224334","3","1","0","09","23","4","","2","0","0","0","0"
"POINT (11.580702514000100 48.157774700000097)","Unfall 224335 (2022) Kat:3, Licht: 2","224335","3","1","0","09","19","2","","2","1","0","0","0"
"POINT (11.548296321000100 48.100879384000102)","Unfall 224338 (2022) Kat:3, Licht: 2","224338","3","3","5","09","06","5","","2","1","1","0","0"
"POINT (11.502737004000000 48.135398207999998)","Unfall 224343 (2022) Kat:3, Licht: 0","224343","3","4","6","09","07","3","","0","0","0","1","0"
"POINT (11.464439492000100 48.142649049000099)","Unfall 224345 (2022) Kat:3, Licht: 2","224345","3","3","5","09","22","7","","2","0","1","0","0"
"POINT (11.532720687000101 48.154781034999999)","Unfall 224350 (2022) Kat:3, Licht: 0","224350","3","2","5","09","08","3","","0","1","1","0","0"
"POINT (11.553882774000000 48.112712448000103)","Unfall 224352 (2022) Kat:3, Licht: 0","224352","3","7","0","09","14","6","","0","0","0","0","0"
"POINT (11.510998187000000 48.170799734000099)","Unfall 224361 (2022) Kat:3, Licht: 0","224361","3","6","3","09","16","4","","0","0","1","0","1"
"POINT (11.495347713000100 48.122467595000003)","Unfall 224365 (2022) Kat:3, Licht: 0","224365","3","7","0","10","16","3","","0","1","0","0","0"
"POINT (11.588698805000000 48.140483012000097)","Unfall 224367 (2022) Kat:3, Licht: 1","224367","3","1","1","09","18","5","","1","1","1","0","0"
"POINT (11.557979948000000 48.126575063000097)","Unfall 224369 (2022) Kat:3, Licht: 0","224369","3","3","5","09","12","7","","0","0","1","0","1"
"POINT (11.559913127000099 48.143769503999998)","Unfall 224370 (2022) Kat:3, Licht: 2","224370","3","7","0","09","14","4","","2","1","1","0","0"
"POINT (11.599412708999999 48.125298786000002)","Unfall 224372 (2022) Kat:3, Licht: 2","224372","3","2","6","09","21","4","","2","0","1","1","0"
"POINT (11.559129368000100 48.213348208000099)","Unfall 224374 (2022) Kat:2, Licht: 0","224374","2","7","5","09","16","5","","0","1","1","0","0"
"POINT (11.566904438000099 48.140388954999999)","Unfall 224376 (2022) Kat:3, Licht: 0","224376","3","7","0","09","19","5","","0","1","0","0","0"
"POINT (11.548055260000099 48.175654524999999)","Unfall 224386 (2022) Kat:2, Licht: 1","224386","2","7","3","09","07","5","","1","1","0","0","0"
"POINT (11.584452983000100 48.187591172000097)","Unfall 224387 (2022) Kat:3, Licht: 0","224387","3","7","0","09","13","6","","0","0","0","0","0"
"POINT (11.477337434000001 48.116052326999998)","Unfall 224388 (2022) Kat:3, Licht: 0","224388","3","6","4","09","15","5","","0","1","0","0","0"
"POINT (11.568914691000000 48.147356731000102)","Unfall 224393 (2022) Kat:3, Licht: 2","224393","3","7","3","09","01","7","","2","1","1","0","0"
"POINT (11.561832971999999 48.168274719000102)","Unfall 224395 (2022) Kat:3, Licht: 2","224395","3","1","0","09","05","2","","2","1","0","0","0"
"POINT (11.561110697000100 48.138523165000002)","Unfall 224400 (2022) Kat:3, Licht: 0","224400","3","2","6","09","17","6","","0","0","1","1","0"
"POINT (11.474932275000100 48.128339656999998)","Unfall 224401 (2022) Kat:3, Licht: 0","224401","3","6","2","09","13","3","","0","0","1","0","0"
"POINT (11.463956424000100 48.166420948999999)","Unfall 224402 (2022) Kat:3, Licht: 0","224402","3","3","5","09","14","3","","0","1","1","0","0"
"POINT (11.542231610000000 48.137716455000003)","Unfall 224407 (2022) Kat:3, Licht: 2","224407","3","3","5","09","01","1","","2","0","1","0","0"
"POINT (11.580982786000000 48.170518858999998)","Unfall 224415 (2022) Kat:3, Licht: 0","224415","3","2","3","09","17","5","","0","0","1","0","0"
"POINT (11.537694587000001 48.120150050000099)","Unfall 224417 (2022) Kat:3, Licht: 0","224417","3","3","5","09","07","6","","0","1","1","0","0"
"POINT (11.546134033000000 48.139371853999997)","Unfall 224433 (2022) Kat:3, Licht: 0","224433","3","5","1","09","13","5","","0","1","1","0","0"
"POINT (11.571587781000099 48.131321742000097)","Unfall 224442 (2022) Kat:3, Licht: 2","224442","3","4","6","09","22","7","","2","0","1","1","0"
"POINT (11.572677897000100 48.187326999000000)","Unfall 224444 (2022) Kat:2, Licht: 0","224444","2","4","6","10","08","3","","0","0","0","1","0"
"POINT (11.455353615000000 48.145800371000099)","Unfall 224445 (2022) Kat:2, Licht: 0","224445","2","7","8","09","09","2","","0","0","1","0","0"
"POINT (11.557923289000000 48.145589643999998)","Unfall 224448 (2022) Kat:3, Licht: 2","224448","3","1","2","09","23","2","","2","0","1","0","0"
"POINT (11.594580544000101 48.141828470000100)","Unfall 224450 (2022) Kat:3, Licht: 0","224450","3","2","5","09","14","6","","0","1","1","0","0"
"POINT (11.642652249999999 48.099387741000001)","Unfall 224451 (2022) Kat:3, Licht: 0","224451","3","2","5","09","13","3","","0","0","1","0","0"
"POINT (11.481525307000000 48.120736192999999)","Unfall 224456 (2022) Kat:3, Licht: 0","224456","3","5","1","09","10","2","","0","1","1","0","0"
"POINT (11.587882242999999 48.135133294000099)","Unfall 224467 (2022) Kat:2, Licht: 2","224467","2","4","6","09","23","3","","2","0","1","1","0"
"POINT (11.565749689000000 48.134475114000097)","Unfall 224469 (2022) Kat:3, Licht: 0","224469","3","7","8","09","06","1","","0","0","1","0","0"
"POINT (11.605618140000001 48.129327902999997)","Unfall 224483 (2022) Kat:3, Licht: 1","224483","3","3","5","09","18","4","","1","0","1","0","1"
"POINT (11.569874425000000 48.130949434000101)","Unfall 224485 (2022) Kat:3, Licht: 2","224485","3","1","0","10","01","1","","2","1","0","0","0"
"POINT (11.485948085000100 48.211777642000101)","Unfall 224486 (2022) Kat:3, Licht: 0","224486","3","5","3","09","15","3","","0","1","1","0","0"
"POINT (11.559221102000000 48.139344509000097)","Unfall 224491 (2022) Kat:3, Licht: 0","224491","3","1","0","09","15","7","","0","0","0","0","0"
"POINT (11.550653384000000 48.125822942000099)","Unfall 224494 (2022) Kat:3, Licht: 0","224494","3","2","5","10","17","2","","0","1","1","0","0"
"POINT (11.566290469000000 48.139901377000101)","Unfall 224495 (2022) Kat:3, Licht: 2","224495","3","1","2","09","20","5","","2","0","1","0","0"
"POINT (11.552900638000001 48.126637293000002)","Unfall 224498 (2022) Kat:3, Licht: 0","224498","3","7","0","09","07","5","","0","1","0","0","0"
"POINT (11.555839250000099 48.120184434000102)","Unfall 224500 (2022) Kat:3, Licht: 0","224500","3","2","4","09","18","3","","0","0","1","0","0"
"POINT (11.421098914000000 48.148672233000099)","Unfall 224501 (2022) Kat:3, Licht: 0","224501","3","3","5","10","17","1","","0","0","1","0","0"
"POINT (11.534297222000101 48.153212840000002)","Unfall 224509 (2022) Kat:3, Licht: 2","224509","3","1","0","10","18","5","","2","1","0","0","0"
"POINT (11.564223947000100 48.175300571999998)","Unfall 224513 (2022) Kat:3, Licht: 0","224513","3","7","0","10","12","1","","0","1","0","0","0"
"POINT (11.520300862000100 48.149564480000002)","Unfall 224521 (2022) Kat:3, Licht: 2","224521","3","6","4","10","05","2","","2","1","0","0","0"
"POINT (11.529430217000000 48.152214061999999)","Unfall 224528 (2022) Kat:2, Licht: 0","224528","2","2","5","10","14","3","","0","0","1","1","0"
"POINT (11.583698283000000 48.168831320000002)","Unfall 224538 (2022) Kat:3, Licht: 0","224538","3","5","3","10","14","1","","0","1","1","0","0"
"POINT (11.565472726000101 48.148322323000102)","Unfall 224541 (2022) Kat:3, Licht: 0","224541","3","6","2","10","14","2","","0","1","1","0","0"
"POINT (11.640514147999999 48.148865925999999)","Unfall 224548 (2022) Kat:3, Licht: 1","224548","3","1","0","10","06","2","","1","0","0","0","0"
"POINT (11.466047296999999 48.189670227000100)","Unfall 224549 (2022) Kat:2, Licht: 0","224549","2","1","0","10","08","4","","0","1","0","0","0"
"POINT (11.592430208000099 48.129668559000002)","Unfall 224565 (2022) Kat:3, Licht: 0","224565","3","4","6","10","17","6","","0","1","0","1","0"
"POINT (11.529871954000001 48.182247681000000)","Unfall 224567 (2022) Kat:3, Licht: 0","224567","3","3","5","10","17","4","","0","1","1","0","0"
"POINT (11.628301096000000 48.147361762000102)","Unfall 224582 (2022) Kat:3, Licht: 0","224582","3","6","1","10","08","6","","0","0","1","0","0"
"POINT (11.553598232000100 48.112284486000100)","Unfall 224598 (2022) Kat:3, Licht: 2","224598","3","2","4","10","23","4","","2","0","1","0","0"
"POINT (11.531223007000101 48.183853505000101)","Unfall 224600 (2022) Kat:3, Licht: 0","224600","3","2","3","10","11","2","","0","1","1","0","0"
"POINT (11.606567171000099 48.139656579000103)","Unfall 224603 (2022) Kat:3, Licht: 2","224603","3","2","5","10","06","5","","2","1","1","0","0"
"POINT (11.581229053000101 48.150078991000001)","Unfall 224604 (2022) Kat:3, Licht: 0","224604","3","2","5","10","16","5","","0","1","1","0","0"
"POINT (11.629049594000000 48.160464784000098)","Unfall 224605 (2022) Kat:3, Licht: 0","224605","3","7","4","10","06","2","","0","0","0","0","0"
"POINT (11.629743030000000 48.220947391000003)","Unfall 224606 (2022) Kat:3, Licht: 0","224606","3","6","2","10","08","4","","0","0","1","0","0"
"POINT (11.517499413000101 48.086592729000103)","Unfall 224609 (2022) Kat:3, Licht: 0","224609","3","7","0","10","10","3","","0","1","0","0","0"
"POINT (11.537605337000100 48.166091198000103)","Unfall 224622 (2022) Kat:3, Licht: 0","224622","3","2","5","10","16","4","","0","1","1","0","0"
"POINT (11.582461651000100 48.152524707000097)","Unfall 224624 (2022) Kat:3, Licht: 2","224624","3","1","0","10","05","1","","2","0","1","0","0"
"POINT (11.506326236000101 48.177142360000097)","Unfall 224625 (2022) Kat:2, Licht: 0","224625","2","3","5","10","14","4","","0","0","1","0","1"
"POINT (11.589869401000000 48.137217625000098)","Unfall 224628 (2022) Kat:3, Licht: 0","224628","3","2","4","10","09","5","","0","0","1","0","0"
"POINT (11.529825689000100 48.099981372000101)","Unfall 224632 (2022) Kat:3, Licht: 0","224632","3","2","3","10","11","7","","0","1","1","0","0"
"POINT (11.503434312000000 48.139655511999997)","Unfall 224644 (2022) Kat:3, Licht: 0","224644","3","3","6","10","10","4","","0","0","1","1","0"
"POINT (11.574136473000101 48.117961065000003)","Unfall 224646 (2022) Kat:3, Licht: 0","224646","3","1","0","10","16","5","","0","1","0","0","0"
"POINT (11.548771594000099 48.143453690999998)","Unfall 224648 (2022) Kat:3, Licht: 2","224648","3","1","5","10","03","7","","2","0","1","0","0"
"POINT (11.519685692000101 48.088053912000099)","Unfall 224650 (2022) Kat:3, Licht: 2","224650","3","3","5","10","21","6","","2","0","1","0","1"
"POINT (11.608628303000000 48.105320022999997)","Unfall 224651 (2022) Kat:3, Licht: 2","224651","3","4","6","10","22","5","","2","0","1","1","0"
"POINT (11.532387384000099 48.184803348000102)","Unfall 224653 (2022) Kat:3, Licht: 0","224653","3","2","3","10","10","3","","0","1","0","0","0"
"POINT (11.588759158000100 48.161367470000101)","Unfall 224656 (2022) Kat:3, Licht: 1","224656","3","7","0","10","07","3","","1","1","0","0","0"
"POINT (11.544982244000000 48.127753488000103)","Unfall 224661 (2022) Kat:3, Licht: 0","224661","3","3","5","10","08","6","","0","1","1","0","0"
"POINT (11.569695634000000 48.131996322000099)","Unfall 224669 (2022) Kat:3, Licht: 0","224669","3","6","3","10","09","4","","0","0","1","0","1"
"POINT (11.573460722000000 48.146423605000102)","Unfall 224672 (2022) Kat:3, Licht: 2","224672","3","6","4","10","23","4","","2","0","1","0","1"
"POINT (11.575802017999999 48.135649565000101)","Unfall 224674 (2022) Kat:3, Licht: 2","224674","3","1","0","10","20","4","","2","0","0","0","0"
"POINT (11.478813478000101 48.122205989000101)","Unfall 224675 (2022) Kat:3, Licht: 2","224675","3","3","5","10","23","5","","2","0","1","0","0"
"POINT (11.625567146000000 48.147996315000100)","Unfall 224678 (2022) Kat:3, Licht: 0","224678","3","2","4","10","16","7","","0","1","1","0","0"
"POINT (11.561954537000100 48.125079552000003)","Unfall 224687 (2022) Kat:3, Licht: 0","224687","3","6","1","10","15","5","","0","0","1","0","0"
"POINT (11.480226357999999 48.089774207000097)","Unfall 224700 (2022) Kat:3, Licht: 2","224700","3","7","1","10","18","5","","2","0","1","0","0"
"POINT (11.511269477000001 48.161453768999998)","Unfall 224703 (2022) Kat:3, Licht: 2","224703","3","6","2","10","21","6","","2","0","1","0","0"
"POINT (11.592905767000000 48.116273485000100)","Unfall 224704 (2022) Kat:3, Licht: 0","224704","3","3","5","10","12","2","","0","1","1","0","0"
"POINT (11.565408544000000 48.135595977999998)","Unfall 224716 (2022) Kat:3, Licht: 2","224716","3","3","2","10","19","2","","2","1","1","0","0"
"POINT (11.563879892999999 48.139339372000101)","Unfall 224740 (2022) Kat:3, Licht: 2","224740","3","7","0","10","19","6","","2","0","1","0","0"
"POINT (11.576091076000100 48.187665457000001)","Unfall 224742 (2022) Kat:3, Licht: 0","224742","3","6","2","10","15","6","","0","0","1","0","0"
"POINT (11.540291996000100 48.117801757000102)","Unfall 224745 (2022) Kat:3, Licht: 0","224745","3","5","0","10","07","6","","0","1","1","0","0"
"POINT (11.411117785000000 48.134864391000100)","Unfall 224747 (2022) Kat:3, Licht: 2","224747","3","2","4","10","19","4","","2","0","1","0","0"
"POINT (11.475048590000000 48.180685789999998)","Unfall 224756 (2022) Kat:3, Licht: 0","224756","3","6","1","10","12","1","","0","1","0","0","0"
"POINT (11.584798126000100 48.138195457000101)","Unfall 224766 (2022) Kat:3, Licht: 1","224766","3","2","3","10","05","7","","1","1","1","0","0"
"POINT (11.630067634000101 48.127647115000102)","Unfall 224774 (2022) Kat:3, Licht: 0","224774","3","2","5","10","12","7","","0","1","1","0","0"
"POINT (11.487975109000001 48.217494608999999)","Unfall 224780 (2022) Kat:3, Licht: 0","224780","3","7","0","10","17","7","","0","1","0","0","0"
"POINT (11.582409220000001 48.198050726000098)","Unfall 224783 (2022) Kat:3, Licht: 0","224783","3","7","1","10","15","2","","0","1","1","0","0"
"POINT (11.569867688000000 48.130951272000097)","Unfall 224792 (2022) Kat:3, Licht: 0","224792","3","1","0","10","08","5","","0","1","0","0","0"
"POINT (11.507617097000001 48.152710237000100)","Unfall 224798 (2022) Kat:3, Licht: 2","224798","3","2","5","10","19","6","","2","0","1","0","1"
"POINT (11.586096602000101 48.160542865000103)","Unfall 224809 (2022) Kat:3, Licht: 2","224809","3","4","0","10","00","1","","2","1","0","1","0"
"POINT (11.564980602000000 48.167943532999999)","Unfall 224811 (2022) Kat:3, Licht: 2","224811","3","2","4","10","23","2","","2","0","1","0","1"
"POINT (11.646424165999999 48.096431137000103)","Unfall 224819 (2022) Kat:3, Licht: 0","224819","3","2","5","10","13","5","","0","0","1","0","0"
"POINT (11.473322154000099 48.143583714000002)","Unfall 224821 (2022) Kat:3, Licht: 0","224821","3","6","2","10","11","5","","0","0","1","0","1"
"POINT (11.635432728000101 48.172420136000000)","Unfall 224836 (2022) Kat:3, Licht: 0","224836","3","3","5","10","16","3","","0","0","1","0","0"
"POINT (11.506137963000100 48.139673948999999)","Unfall 224839 (2022) Kat:3, Licht: 0","224839","3","6","1","10","11","6","","0","0","1","0","0"
"POINT (11.624270204000000 48.190691145000102)","Unfall 224851 (2022) Kat:3, Licht: 0","224851","3","3","5","10","07","4","","0","1","1","0","0"
"POINT (11.566165586000100 48.187211058999999)","Unfall 224855 (2022) Kat:3, Licht: 2","224855","3","3","5","10","20","1","","2","0","1","0","0"
"POINT (11.478971073000000 48.088027452000098)","Unfall 224857 (2022) Kat:3, Licht: 0","224857","3","7","0","10","16","2","","0","0","0","0","0"
"POINT (11.668124145000000 48.105531657000000)","Unfall 224858 (2022) Kat:2, Licht: 0","224858","2","1","0","10","10","7","","0","1","0","0","0"
"POINT (11.538114312000101 48.214107837000000)","Unfall 224859 (2022) Kat:3, Licht: 2","224859","3","1","0","10","22","4","","2","0","0","0","1"
"POINT (11.600106004000100 48.119533692000097)","Unfall 224861 (2022) Kat:3, Licht: 2","224861","3","1","8","10","23","5","","2","0","1","0","0"
"POINT (11.494764013000101 48.084297059000100)","Unfall 224870 (2022) Kat:3, Licht: 0","224870","3","6","2","10","11","7","","0","0","1","0","0"
"POINT (11.570092158000000 48.134322460000099)","Unfall 224889 (2022) Kat:3, Licht: 0","224889","3","1","0","10","15","5","","0","1","1","0","0"
"POINT (11.503209646000100 48.178933133000001)","Unfall 224894 (2022) Kat:3, Licht: 0","224894","3","6","6","10","14","6","","0","1","0","1","0"
"POINT (11.547602343000101 48.149648822000103)","Unfall 224901 (2022) Kat:3, Licht: 2","224901","3","4","6","10","21","4","","2","0","0","1","1"
"POINT (11.461739468000101 48.140397080000099)","Unfall 224912 (2022) Kat:3, Licht: 1","224912","3","3","3","10","19","5","","1","0","1","0","0"
"POINT (11.585778113000099 48.171138729000099)","Unfall 224913 (2022) Kat:3, Licht: 0","224913","3","2","5","10","09","5","","0","1","1","0","0"
"POINT (11.552719292000100 48.134925386000099)","Unfall 224914 (2022) Kat:3, Licht: 0","224914","3","2","0","10","13","6","","0","1","1","0","0"
"POINT (11.556379063000101 48.128581655000097)","Unfall 224918 (2022) Kat:3, Licht: 0","224918","3","4","6","10","16","3","","0","1","0","1","0"
"POINT (11.544954749000100 48.123311865000097)","Unfall 224927 (2022) Kat:3, Licht: 0","224927","3","1","3","10","15","2","","0","1","1","0","0"
"POINT (11.561211939000000 48.141755390000100)","Unfall 224933 (2022) Kat:2, Licht: 2","224933","2","7","8","10","04","1","","2","0","1","0","0"
"POINT (11.421381315000099 48.147472123999997)","Unfall 224941 (2022) Kat:2, Licht: 2","224941","2","2","5","10","19","3","","2","1","1","0","0"
"POINT (11.599406010000100 48.125302718999997)","Unfall 224948 (2022) Kat:3, Licht: 1","224948","3","2","6","10","07","6","","1","0","1","1","0"
"POINT (11.543585743000101 48.201341563000000)","Unfall 224955 (2022) Kat:2, Licht: 2","224955","2","2","4","10","05","1","","2","0","1","0","1"
"POINT (11.581539444000001 48.138827630999998)","Unfall 224963 (2022) Kat:3, Licht: 0","224963","3","1","0","10","17","6","","0","1","0","0","0"
"POINT (11.527741332000099 48.198291253999997)","Unfall 224969 (2022) Kat:3, Licht: 0","224969","3","6","0","10","14","6","","0","1","1","0","0"
"POINT (11.577597740000000 48.142694050000003)","Unfall 224970 (2022) Kat:3, Licht: 1","224970","3","7","0","10","20","3","","1","0","0","0","0"
"POINT (11.611479879999999 48.199945337000003)","Unfall 224971 (2022) Kat:3, Licht: 1","224971","3","2","5","10","18","4","","1","0","1","0","0"
"POINT (11.608269313000100 48.105332408000002)","Unfall 224980 (2022) Kat:3, Licht: 2","224980","3","1","1","10","06","1","","2","0","1","0","0"
"POINT (11.539686176000000 48.132951298000101)","Unfall 224990 (2022) Kat:3, Licht: 0","224990","3","4","6","10","14","7","","0","0","0","1","1"
"POINT (11.658648473000000 48.116286463000101)","Unfall 224993 (2022) Kat:3, Licht: 0","224993","3","3","5","10","16","3","","0","1","0","0","1"
"POINT (11.609620544000100 48.150932674000003)","Unfall 224996 (2022) Kat:3, Licht: 0","224996","3","2","4","10","17","3","","0","1","1","0","0"
"POINT (11.578358236000000 48.111909550000100)","Unfall 225002 (2022) Kat:3, Licht: 2","225002","3","3","5","10","19","6","","2","0","1","0","1"
"POINT (11.450927429000000 48.138161341999997)","Unfall 225016 (2022) Kat:3, Licht: 0","225016","3","3","5","10","13","1","","0","1","0","0","0"
"POINT (11.511506214000100 48.158319577999997)","Unfall 225022 (2022) Kat:3, Licht: 0","225022","3","2","5","10","07","5","","0","1","0","0","0"
"POINT (11.502493448000100 48.121003948000102)","Unfall 225028 (2022) Kat:3, Licht: 2","225028","3","3","5","10","20","4","","2","1","1","0","0"
"POINT (11.585166148000001 48.099574662000101)","Unfall 225030 (2022) Kat:3, Licht: 0","225030","3","3","5","10","16","2","","0","0","1","0","1"
"POINT (11.555924114000000 48.138053245999998)","Unfall 225037 (2022) Kat:3, Licht: 2","225037","3","2","3","10","21","7","","2","1","1","0","0"
"POINT (11.592186570000001 48.142317085000101)","Unfall 225043 (2022) Kat:3, Licht: 0","225043","3","6","3","10","08","4","","0","0","1","0","1"
"POINT (11.523847414000000 48.099169620000097)","Unfall 225046 (2022) Kat:3, Licht: 0","225046","3","3","5","10","08","5","","0","0","1","0","0"
"POINT (11.603099840000000 48.127677950000098)","Unfall 225047 (2022) Kat:3, Licht: 0","225047","3","2","5","10","15","2","","0","1","1","0","0"
"POINT (11.538994924000100 48.116900751999999)","Unfall 225051 (2022) Kat:3, Licht: 0","225051","3","7","0","10","07","3","","0","1","0","1","0"
"POINT (11.610218115000100 48.132379643999997)","Unfall 225054 (2022) Kat:3, Licht: 0","225054","3","2","5","10","11","5","","0","1","1","0","0"
"POINT (11.660788450000000 48.113950736000000)","Unfall 225061 (2022) Kat:3, Licht: 0","225061","3","3","5","10","10","6","","0","0","1","0","1"
"POINT (11.495978073000099 48.094984619999998)","Unfall 225063 (2022) Kat:2, Licht: 0","225063","2","2","2","10","15","4","","0","1","0","0","0"
"POINT (11.525172482000100 48.180965280000102)","Unfall 225067 (2022) Kat:3, Licht: 0","225067","3","3","5","10","16","5","","0","0","1","0","1"
"POINT (11.475662694000100 48.107876921000098)","Unfall 225079 (2022) Kat:3, Licht: 0","225079","3","2","5","10","13","5","","0","1","1","0","0"
"POINT (11.522310740000000 48.160252444999998)","Unfall 225080 (2022) Kat:3, Licht: 0","225080","3","2","5","10","16","5","","0","1","1","0","0"
"POINT (11.609129077000000 48.136381950999997)","Unfall 225081 (2022) Kat:3, Licht: 2","225081","3","2","4","10","19","6","","2","1","1","0","0"
"POINT (11.554191759000000 48.135079654999998)","Unfall 225085 (2022) Kat:3, Licht: 0","225085","3","3","0","10","17","3","","0","1","1","0","0"
"POINT (11.607738180000100 48.119253883000098)","Unfall 225087 (2022) Kat:2, Licht: 1","225087","2","1","3","10","18","7","","1","1","1","0","0"
"POINT (11.445837985000001 48.158119270000000)","Unfall 225089 (2022) Kat:3, Licht: 0","225089","3","3","5","10","16","5","","0","1","1","0","0"