WKT,Name,OBJECTID,UKATEGORIE,UTYP1,UART,UMONAT,USTUNDE,UWOCHENTAG,STRZUSTAND,ULICHTVERH,ISTRAD,ISTPKW,ISTFUSS,ISTKRAD
"POINT (11.577447898999999 48.152523352999999)","Unfall 225093 (2022) Kat:3, Licht: 1","225093","3","6","2","10","07","3","","1","1","1","0","0"
"POINT (11.632619931000001 48.133262975999997)","Unfall 225096 (2022) Kat:3, Licht: 0","225096","3","2","4","10","17","3","","0","0","1","0","0"
"POINT (11.522872878999999 48.134191354999999)","Unfall 225101 (2022) Kat:3, Licht: 0","225101","3","2","3","10","13","6","","0","1","1","0","0"
"POINT (11.594637440000000 48.141817982000099)","Unfall 225115 (2022) Kat:3, Licht: 2","225115","3","3","5","10","19","2","","2","1","0","0","1"
"POINT (11.587200628000099 48.110067606000001)","Unfall 225128 (2022) Kat:3, Licht: 0","225128","3","7","0","10","08","5","","0","0","0","0","0"
"POINT (11.564707883000001 48.170658162000102)","Unfall 225129 (2022) Kat:3, Licht: 0","225129","3","7","6","10","16","6","","0","1","0","1","0"
"POINT (11.625811894000000 48.102966643999999)","Unfall 225133 (2022) Kat:3, Licht: 0","225133","3","2","3","10","16","3","","0","1","1","0","0"
"POINT (11.444860029000001 48.144525882000003)","Unfall 225134 (2022) Kat:3, Licht: 0","225134","3","5","1","10","17","4","","0","1","1","0","0"
"POINT (11.560236415000100 48.144922799000000)","Unfall 225136 (2022) Kat:3, Licht: 0","225136","3","5","1","10","13","2","","0","1","1","0","0"
"POINT (11.535616543000099 48.152098147000103)","Unfall 225141 (2022) Kat:1, Licht: 0","225141","1","6","6","10","12","2","","0","1","0","1","0"
"POINT (11.586109884000100 48.131776410999997)","Unfall 225143 (2022) Kat:3, Licht: 2","225143","3","3","5","10","02","1","","2","1","1","0","0"
"POINT (11.507035407000000 48.093224780000099)","Unfall 225147 (2022) Kat:2, Licht: 0","225147","2","6","2","10","14","7","","0","0","1","0","0"
"POINT (11.573758303000000 48.143651016000000)","Unfall 225150 (2022) Kat:3, Licht: 1","225150","3","6","2","10","19","4","","1","0","1","0","0"
"POINT (11.600817817000101 48.141687886000099)","Unfall 225168 (2022) Kat:3, Licht: 0","225168","3","7","1","10","11","4","","0","1","1","0","0"
"POINT (11.520551985000100 48.147665715000102)","Unfall 225169 (2022) Kat:3, Licht: 1","225169","3","2","3","10","07","5","","1","1","1","0","0"
"POINT (11.489488183000001 48.140828644000102)","Unfall 225176 (2022) Kat:3, Licht: 0","225176","3","7","6","10","16","3","","0","0","1","1","0"
"POINT (11.629492455999999 48.154003196000097)","Unfall 225181 (2022) Kat:3, Licht: 0","225181","3","1","8","10","14","2","","0","0","0","0","0"
"POINT (11.705504225000000 48.133143040999997)","Unfall 225182 (2022) Kat:3, Licht: 2","225182","3","3","5","10","19","6","","2","1","1","0","0"
"POINT (11.524679804000099 48.218137496000097)","Unfall 225188 (2022) Kat:3, Licht: 0","225188","3","3","5","10","15","3","","0","0","1","0","1"
"POINT (11.569661126000000 48.154770293000098)","Unfall 225189 (2022) Kat:3, Licht: 0","225189","3","7","0","10","11","4","","0","0","0","0","1"
"POINT (11.597894239000000 48.135559045999997)","Unfall 225198 (2022) Kat:3, Licht: 2","225198","3","2","3","10","03","1","","2","0","1","0","0"
"POINT (11.608821854000000 48.105364905000002)","Unfall 225201 (2022) Kat:2, Licht: 0","225201","2","1","0","10","14","2","","0","1","0","0","0"
"POINT (11.519296086000100 48.168069882000097)","Unfall 225205 (2022) Kat:3, Licht: 0","225205","3","3","5","10","16","4","","0","1","1","0","0"
"POINT (11.518886674000001 48.131417382999999)","Unfall 225208 (2022) Kat:3, Licht: 0","225208","3","2","5","10","12","4","","0","0","1","0","0"
"POINT (11.570689042000000 48.177541803000103)","Unfall 225211 (2022) Kat:3, Licht: 0","225211","3","6","2","10","17","5","","0","0","1","0","1"
"POINT (11.601520873000000 48.144325449000100)","Unfall 225221 (2022) Kat:3, Licht: 0","225221","3","1","0","10","08","6","","0","1","0","0","0"
"POINT (11.570817361000000 48.131984676000101)","Unfall 225232 (2022) Kat:3, Licht: 2","225232","3","3","5","10","20","5","","2","1","1","0","0"
"POINT (11.567328809999999 48.123861849999997)","Unfall 225233 (2022) Kat:3, Licht: 0","225233","3","1","0","10","16","6","","0","1","0","0","0"
"POINT (11.624871128000100 48.092408486000103)","Unfall 225235 (2022) Kat:3, Licht: 2","225235","3","2","5","10","18","6","","2","1","1","0","0"
"POINT (11.614707656000100 48.115699368000001)","Unfall 225238 (2022) Kat:3, Licht: 0","225238","3","7","0","10","13","6","","0","1","0","0","0"
"POINT (11.560869397999999 48.141249161000097)","Unfall 225239 (2022) Kat:3, Licht: 0","225239","3","2","6","10","17","3","","0","0","0","1","0"
"POINT (11.593060704999999 48.117792766000001)","Unfall 225244 (2022) Kat:3, Licht: 0","225244","3","4","6","10","11","5","","0","0","1","1","0"
"POINT (11.623371802000101 48.195553939000000)","Unfall 225248 (2022) Kat:3, Licht: 0","225248","3","7","0","10","15","1","","0","1","0","1","0"
"POINT (11.464185367000001 48.189337508000101)","Unfall 225257 (2022) Kat:3, Licht: 0","225257","3","2","4","10","16","2","","0","1","1","0","0"
"POINT (11.529345155000000 48.100646996000101)","Unfall 225260 (2022) Kat:3, Licht: 0","225260","3","4","6","10","09","5","","0","0","1","1","0"
"POINT (11.508512300000101 48.088944029000103)","Unfall 225264 (2022) Kat:2, Licht: 0","225264","2","3","5","10","13","3","","0","1","1","0","0"
"POINT (11.648510864000100 48.117758821000102)","Unfall 225265 (2022) Kat:3, Licht: 0","225265","3","3","5","10","11","6","","0","1","1","0","0"
"POINT (11.558714032000101 48.129671354000003)","Unfall 225267 (2022) Kat:3, Licht: 0","225267","3","3","5","10","11","3","","0","1","1","0","0"
"POINT (11.434639816000100 48.145917741000098)","Unfall 225271 (2022) Kat:3, Licht: 0","225271","3","2","0","10","09","6","","0","0","1","0","1"
"POINT (11.575098476999999 48.153861743000000)","Unfall 225282 (2022) Kat:3, Licht: 0","225282","3","5","1","10","14","4","","0","1","1","0","0"
"POINT (11.599782661000100 48.148872111999999)","Unfall 225294 (2022) Kat:2, Licht: 0","225294","2","2","5","10","08","4","","0","1","1","0","0"
"POINT (11.520994865000000 48.090505505000102)","Unfall 225301 (2022) Kat:3, Licht: 0","225301","3","2","3","10","14","4","","0","1","0","0","0"
"POINT (11.534958813999999 48.140024257000100)","Unfall 225303 (2022) Kat:3, Licht: 0","225303","3","7","0","10","16","2","","0","0","1","0","0"
"POINT (11.485151781000100 48.136827392000001)","Unfall 225305 (2022) Kat:3, Licht: 2","225305","3","3","5","10","02","7","","2","0","1","0","0"
"POINT (11.540289805000000 48.155657786000098)","Unfall 225306 (2022) Kat:2, Licht: 0","225306","2","4","6","10","16","5","","0","0","1","1","0"
"POINT (11.543846589999999 48.159541261000101)","Unfall 225307 (2022) Kat:3, Licht: 2","225307","3","3","0","10","00","6","","2","1","0","0","0"
"POINT (11.646688479000000 48.103609722999998)","Unfall 225308 (2022) Kat:2, Licht: 0","225308","2","3","5","10","11","5","","0","1","1","0","0"
"POINT (11.535796770999999 48.125425123000099)","Unfall 225324 (2022) Kat:2, Licht: 0","225324","2","7","9","10","12","1","","0","0","0","0","0"
"POINT (11.562929239000001 48.149036326000001)","Unfall 225327 (2022) Kat:2, Licht: 0","225327","2","6","3","10","09","4","","0","1","0","0","0"
"POINT (11.552790872000100 48.155131365000003)","Unfall 225330 (2022) Kat:3, Licht: 1","225330","3","6","1","10","18","4","","1","1","0","0","0"
"POINT (11.599782517000101 48.148871161000002)","Unfall 225332 (2022) Kat:3, Licht: 0","225332","3","4","6","10","17","4","","0","0","1","1","0"
"POINT (11.517192501000100 48.185551702000097)","Unfall 225333 (2022) Kat:3, Licht: 0","225333","3","2","4","10","08","5","","0","1","1","0","0"
"POINT (11.569661126000000 48.154770293000098)","Unfall 225334 (2022) Kat:3, Licht: 0","225334","3","1","0","10","08","2","","0","1","0","0","0"
"POINT (11.535406413000000 48.199793349000103)","Unfall 225345 (2022) Kat:3, Licht: 0","225345","3","4","6","10","07","6","","0","0","1","1","0"
"POINT (11.677998200999999 48.118454333999999)","Unfall 225350 (2022) Kat:3, Licht: 0","225350","3","6","0","10","09","2","","0","1","1","0","0"
"POINT (11.599006659000100 48.159907874000098)","Unfall 225358 (2022) Kat:3, Licht: 0","225358","3","3","5","10","13","5","","0","1","0","0","0"
"POINT (11.599553428000000 48.086883164000000)","Unfall 225362 (2022) Kat:3, Licht: 2","225362","3","1","0","10","19","2","","2","1","0","0","0"
"POINT (11.640079841000000 48.089744177000100)","Unfall 225366 (2022) Kat:3, Licht: 0","225366","3","3","5","10","08","3","","0","1","1","0","0"
"POINT (11.598166480000000 48.115117994999999)","Unfall 225369 (2022) Kat:3, Licht: 0","225369","3","6","1","10","16","2","","0","0","1","0","0"
"POINT (11.541866985000100 48.103435316999999)","Unfall 225374 (2022) Kat:3, Licht: 0","225374","3","3","5","10","10","2","","0","1","0","0","0"
"POINT (11.565630184000000 48.122854098000097)","Unfall 225380 (2022) Kat:3, Licht: 2","225380","3","7","6","10","19","4","","2","1","0","1","0"
"POINT (11.527168377000100 48.168911278000103)","Unfall 225385 (2022) Kat:3, Licht: 0","225385","3","1","0","10","13","4","","0","0","0","0","1"
"POINT (11.508257555000100 48.098108199000102)","Unfall 225389 (2022) Kat:3, Licht: 2","225389","3","2","5","10","19","1","","2","0","1","0","0"
"POINT (11.539934896000000 48.115561220000103)","Unfall 225392 (2022) Kat:3, Licht: 0","225392","3","1","0","10","15","3","","0","1","0","0","0"
"POINT (11.597935262000000 48.192815838000101)","Unfall 225404 (2022) Kat:2, Licht: 2","225404","2","3","5","10","23","6","","2","0","1","0","0"
"POINT (11.575125392000100 48.119196584000100)","Unfall 225405 (2022) Kat:3, Licht: 0","225405","3","6","3","10","14","3","","0","1","1","0","0"
"POINT (11.503817911000100 48.094211837000003)","Unfall 225406 (2022) Kat:3, Licht: 0","225406","3","2","3","10","13","4","","0","1","0","0","0"
"POINT (11.556287512000001 48.142215315000001)","Unfall 225410 (2022) Kat:2, Licht: 0","225410","2","3","5","10","11","5","","0","1","1","0","0"
"POINT (11.577667008000001 48.093100655000100)","Unfall 225411 (2022) Kat:3, Licht: 0","225411","3","6","3","10","09","4","","0","1","1","0","0"
"POINT (11.518027050000100 48.138683090000001)","Unfall 225415 (2022) Kat:3, Licht: 2","225415","3","1","0","10","20","1","","2","1","0","0","0"
"POINT (11.686820633000000 48.141198444000104)","Unfall 225420 (2022) Kat:3, Licht: 0","225420","3","7","0","10","16","6","","0","0","1","0","0"
"POINT (11.646299437000000 48.106130997999998)","Unfall 225422 (2022) Kat:3, Licht: 0","225422","3","3","5","10","15","4","","0","1","1","0","0"
"POINT (11.628974272000100 48.173804673000099)","Unfall 225434 (2022) Kat:3, Licht: 2","225434","3","1","0","10","19","7","","2","1","0","0","0"
"POINT (11.604920727000000 48.104461966000002)","Unfall 225453 (2022) Kat:3, Licht: 1","225453","3","6","1","10","16","6","","1","0","1","0","0"
"POINT (11.412976964000100 48.159763228000003)","Unfall 225456 (2022) Kat:3, Licht: 0","225456","3","6","3","10","14","6","","0","0","1","0","0"
"POINT (11.423865657000000 48.142721997000102)","Unfall 225467 (2022) Kat:3, Licht: 0","225467","3","2","4","10","09","1","","0","0","1","0","0"
"POINT (11.587162696000100 48.187870121000103)","Unfall 225469 (2022) Kat:3, Licht: 0","225469","3","3","5","10","12","2","","0","1","1","0","0"
"POINT (11.491782871000099 48.137965459000000)","Unfall 225479 (2022) Kat:3, Licht: 0","225479","3","3","5","10","15","5","","0","1","1","0","0"
"POINT (11.569088793000001 48.158834529000003)","Unfall 225482 (2022) Kat:3, Licht: 0","225482","3","1","0","10","13","7","","0","1","0","0","0"
"POINT (11.656356158000101 48.146122419000100)","Unfall 225486 (2022) Kat:3, Licht: 0","225486","3","3","5","10","16","4","","0","1","1","0","0"
"POINT (11.673265865000101 48.110793489000102)","Unfall 225496 (2022) Kat:3, Licht: 0","225496","3","4","6","10","10","5","","0","0","1","1","0"
"POINT (11.559525611000000 48.147417437000101)","Unfall 225499 (2022) Kat:3, Licht: 0","225499","3","5","3","10","09","6","","0","0","0","0","0"
"POINT (11.558523469000001 48.129581664000099)","Unfall 225505 (2022) Kat:3, Licht: 0","225505","3","2","4","10","16","4","","0","0","1","0","0"
"POINT (11.554651437000100 48.123326470999999)","Unfall 225513 (2022) Kat:3, Licht: 2","225513","3","1","0","10","03","1","","2","0","0","0","0"
"POINT (11.602214575000099 48.123950071000102)","Unfall 225519 (2022) Kat:3, Licht: 2","225519","3","2","5","10","18","3","","2","1","1","0","0"
"POINT (11.547898050000100 48.126660521000098)","Unfall 225521 (2022) Kat:2, Licht: 0","225521","2","3","5","10","15","5","","0","1","1","0","0"
"POINT (11.541859108000001 48.147388127000099)","Unfall 225522 (2022) Kat:3, Licht: 0","225522","3","7","6","10","09","6","","0","0","1","1","0"
"POINT (11.589130839000100 48.137273198000102)","Unfall 225524 (2022) Kat:3, Licht: 0","225524","3","2","3","10","10","6","","0","1","1","0","0"
"POINT (11.568207666999999 48.133782172000103)","Unfall 225529 (2022) Kat:2, Licht: 2","225529","2","2","5","10","21","3","","2","0","1","0","1"
"POINT (11.503433806000000 48.149720711999997)","Unfall 225541 (2022) Kat:3, Licht: 0","225541","3","5","3","10","16","3","","0","1","1","0","0"
"POINT (11.616215198000100 48.202481921000100)","Unfall 225549 (2022) Kat:3, Licht: 0","225549","3","7","0","10","11","6","","0","1","0","0","0"
"POINT (11.576580753000000 48.113006710000001)","Unfall 225555 (2022) Kat:3, Licht: 2","225555","3","7","1","10","20","6","","2","0","1","0","1"
"POINT (11.466847424999999 48.152655353999997)","Unfall 225560 (2022) Kat:3, Licht: 0","225560","3","3","5","10","07","4","","0","1","0","0","0"
"POINT (11.513875793000100 48.129664894000001)","Unfall 225573 (2022) Kat:3, Licht: 2","225573","3","1","0","10","20","5","","2","1","1","0","0"
"POINT (11.670192677999999 48.121835263000001)","Unfall 225574 (2022) Kat:3, Licht: 0","225574","3","7","0","10","14","5","","0","0","0","1","0"
"POINT (11.597059170000000 48.102451298000098)","Unfall 225575 (2022) Kat:3, Licht: 0","225575","3","3","5","10","16","6","","0","0","1","0","1"
"POINT (11.664438343000000 48.082416584000001)","Unfall 225579 (2022) Kat:3, Licht: 0","225579","3","3","5","10","07","3","","0","1","1","0","0"
"POINT (11.583111635000000 48.126715914000002)","Unfall 225580 (2022) Kat:3, Licht: 0","225580","3","5","0","10","08","4","","0","1","1","0","0"
"POINT (11.558592441000000 48.135183573000099)","Unfall 225582 (2022) Kat:3, Licht: 2","225582","3","5","1","10","19","2","","2","1","1","0","0"
"POINT (11.568936863999999 48.158002930000102)","Unfall 225594 (2022) Kat:3, Licht: 0","225594","3","6","5","10","10","4","","0","0","1","0","1"
"POINT (11.537266637000100 48.135799847999998)","Unfall 225599 (2022) Kat:3, Licht: 0","225599","3","3","5","10","09","2","","0","0","1","0","0"
"POINT (11.408963898000000 48.180527994000002)","Unfall 225601 (2022) Kat:3, Licht: 1","225601","3","7","0","10","07","3","","1","1","0","0","0"
"POINT (11.547238172000000 48.159455227000102)","Unfall 225605 (2022) Kat:2, Licht: 0","225605","2","3","5","10","17","7","","0","0","1","0","1"
"POINT (11.555811647000001 48.148043964000102)","Unfall 225606 (2022) Kat:3, Licht: 2","225606","3","2","4","11","19","2","","2","1","1","0","0"
"POINT (11.576777416000001 48.120671885999997)","Unfall 225607 (2022) Kat:3, Licht: 0","225607","3","6","6","10","10","6","","0","1","0","1","0"
"POINT (11.485596958000000 48.084093004000103)","Unfall 225608 (2022) Kat:3, Licht: 0","225608","3","1","0","11","15","3","","0","1","0","0","0"
"POINT (11.472083410000000 48.145353485000001)","Unfall 225610 (2022) Kat:2, Licht: 2","225610","2","7","3","11","17","4","","2","0","1","0","1"
"POINT (11.539512700000000 48.192279816000102)","Unfall 225613 (2022) Kat:3, Licht: 0","225613","3","6","3","10","12","3","","0","1","1","0","0"
"POINT (11.516737429000001 48.155833705000099)","Unfall 225618 (2022) Kat:3, Licht: 0","225618","3","3","5","11","15","3","","0","0","1","0","0"
"POINT (11.444663482000101 48.184286132000103)","Unfall 225621 (2022) Kat:3, Licht: 0","225621","3","6","2","10","16","1","","0","1","0","0","0"
"POINT (11.572007825000100 48.163767712999999)","Unfall 225622 (2022) Kat:2, Licht: 0","225622","2","3","5","10","08","5","","0","1","0","0","0"
"POINT (11.527576149000000 48.116652209000101)","Unfall 225626 (2022) Kat:3, Licht: 0","225626","3","6","2","10","12","7","","0","0","1","0","0"
"POINT (11.711997275000000 48.108816134999998)","Unfall 225629 (2022) Kat:2, Licht: 0","225629","2","3","5","10","08","4","","0","1","1","0","0"
"POINT (11.586074667000000 48.161011172000002)","Unfall 225630 (2022) Kat:3, Licht: 0","225630","3","6","3","10","10","1","","0","1","0","0","0"
"POINT (11.586335983000000 48.133568599999997)","Unfall 225634 (2022) Kat:3, Licht: 0","225634","3","1","8","11","07","3","","0","0","0","0","1"
"POINT (11.501869071000000 48.173601755999996)","Unfall 225643 (2022) Kat:3, Licht: 0","225643","3","5","1","11","08","2","","0","1","1","0","0"
"POINT (11.599867238000099 48.125569679000101)","Unfall 225651 (2022) Kat:3, Licht: 0","225651","3","1","6","11","16","5","","0","0","0","1","0"
"POINT (11.501689855000100 48.167349174000002)","Unfall 225657 (2022) Kat:3, Licht: 0","225657","3","3","5","10","13","1","","0","1","0","0","0"
"POINT (11.619633520000001 48.161972216000002)","Unfall 225671 (2022) Kat:3, Licht: 2","225671","3","3","5","10","21","1","","2","1","1","0","0"
"POINT (11.403927361999999 48.140036676000101)","Unfall 225672 (2022) Kat:3, Licht: 0","225672","3","7","0","10","10","5","","0","0","0","0","0"
"POINT (11.686778530000000 48.141245886999997)","Unfall 225674 (2022) Kat:3, Licht: 2","225674","3","1","5","11","18","7","","2","0","1","0","0"
"POINT (11.541395527000100 48.150976726000103)","Unfall 225675 (2022) Kat:3, Licht: 2","225675","3","2","5","11","18","5","","2","1","1","0","0"
"POINT (11.581736159000100 48.152311074000103)","Unfall 225678 (2022) Kat:3, Licht: 0","225678","3","2","5","10","08","4","","0","1","0","0","0"
"POINT (11.565472726000101 48.148322323000102)","Unfall 225682 (2022) Kat:3, Licht: 2","225682","3","3","5","11","18","3","","2","0","1","0","0"
"POINT (11.554765362000101 48.153453190999997)","Unfall 225688 (2022) Kat:3, Licht: 0","225688","3","2","3","10","14","7","","0","0","1","0","0"
"POINT (11.538795191000100 48.216733373000103)","Unfall 225691 (2022) Kat:3, Licht: 2","225691","3","7","8","10","18","6","","2","1","0","0","0"
"POINT (11.573115887000000 48.116295062000098)","Unfall 225696 (2022) Kat:3, Licht: 0","225696","3","1","0","10","15","5","","0","1","0","0","0"
"POINT (11.629712998000100 48.154613828000002)","Unfall 225704 (2022) Kat:3, Licht: 0","225704","3","2","5","10","13","4","","0","1","1","0","0"
"POINT (11.523518382000100 48.184500048000103)","Unfall 225717 (2022) Kat:3, Licht: 2","225717","3","1","0","10","23","6","","2","1","0","0","0"
"POINT (11.596756717000099 48.102681883999999)","Unfall 225718 (2022) Kat:3, Licht: 0","225718","3","1","3","11","11","3","","0","1","0","0","0"
"POINT (11.490404803000001 48.084939222999999)","Unfall 225732 (2022) Kat:3, Licht: 0","225732","3","6","2","11","09","4","","0","0","1","0","0"
"POINT (11.532696086000000 48.155226188000000)","Unfall 225736 (2022) Kat:3, Licht: 0","225736","3","7","0","10","10","7","","0","1","0","0","0"
"POINT (11.606756209000000 48.099268072000001)","Unfall 225737 (2022) Kat:3, Licht: 0","225737","3","1","1","11","13","2","","0","0","0","0","0"
"POINT (11.593980403000000 48.182415622000100)","Unfall 225738 (2022) Kat:3, Licht: 0","225738","3","2","5","10","09","6","","0","1","1","0","0"
"POINT (11.640668163000001 48.090099731000102)","Unfall 225745 (2022) Kat:3, Licht: 0","225745","3","2","5","11","15","5","","0","1","1","0","0"
"POINT (11.531354458000100 48.146896714000000)","Unfall 225749 (2022) Kat:3, Licht: 0","225749","3","2","3","11","12","6","","0","0","1","0","0"
"POINT (11.629088724000001 48.159806457999998)","Unfall 225759 (2022) Kat:3, Licht: 1","225759","3","2","3","10","18","2","","1","1","1","0","0"
"POINT (11.540398319000101 48.125961281000102)","Unfall 225763 (2022) Kat:3, Licht: 2","225763","3","2","5","11","18","3","","2","1","1","0","0"
"POINT (11.615424212000100 48.142492413000099)","Unfall 225776 (2022) Kat:3, Licht: 0","225776","3","2","5","10","09","5","","0","0","1","0","1"
"POINT (11.538532472000000 48.136912860000102)","Unfall 225778 (2022) Kat:3, Licht: 1","225778","3","7","0","11","17","7","","1","1","0","0","0"
"POINT (11.549142750000000 48.191059058000100)","Unfall 225779 (2022) Kat:3, Licht: 0","225779","3","2","5","11","10","5","","0","0","1","0","0"
"POINT (11.541051700000001 48.139671572000097)","Unfall 225780 (2022) Kat:3, Licht: 2","225780","3","7","6","10","02","7","","2","1","0","1","0"
"POINT (11.570410692000101 48.121404149999996)","Unfall 225784 (2022) Kat:3, Licht: 0","225784","3","1","3","10","16","1","","0","1","0","0","0"
"POINT (11.537382501000000 48.150460254999999)","Unfall 225791 (2022) Kat:3, Licht: 2","225791","3","3","5","10","20","5","","2","1","1","0","0"
"POINT (11.560300525000100 48.136346801999998)","Unfall 225792 (2022) Kat:2, Licht: 0","225792","2","1","0","11","14","1","","0","0","0","0","0"
"POINT (11.456144956999999 48.153034370000100)","Unfall 225793 (2022) Kat:3, Licht: 2","225793","3","2","3","11","18","5","","2","1","1","0","0"
"POINT (11.590238912000100 48.137146449000099)","Unfall 225806 (2022) Kat:3, Licht: 0","225806","3","1","0","10","12","7","","0","1","0","0","0"
"POINT (11.506697729000100 48.096273407000098)","Unfall 225809 (2022) Kat:3, Licht: 0","225809","3","3","5","10","12","7","","0","0","1","0","1"
"POINT (11.590826403000101 48.123690737000103)","Unfall 225812 (2022) Kat:3, Licht: 0","225812","3","2","2","11","15","3","","0","0","1","0","1"
"POINT (11.603700521000100 48.122976227000002)","Unfall 225814 (2022) Kat:3, Licht: 0","225814","3","6","3","11","10","4","","0","0","0","0","0"
"POINT (11.519352937000100 48.093401040000103)","Unfall 225815 (2022) Kat:3, Licht: 0","225815","3","3","5","10","11","2","","0","0","1","0","0"
"POINT (11.557511229999999 48.117391883000003)","Unfall 225817 (2022) Kat:3, Licht: 2","225817","3","3","0","10","18","3","","2","0","1","0","0"
"POINT (11.594565425000001 48.110819720999999)","Unfall 225821 (2022) Kat:3, Licht: 0","225821","3","2","5","10","13","3","","0","0","1","0","0"
"POINT (11.563128067999999 48.182721915000101)","Unfall 225823 (2022) Kat:3, Licht: 1","225823","3","7","0","11","22","3","","1","0","0","0","0"
"POINT (11.508361729000100 48.206936984999999)","Unfall 225825 (2022) Kat:3, Licht: 0","225825","3","6","3","10","16","1","","0","1","0","0","0"
"POINT (11.405547333000101 48.178742235000101)","Unfall 225831 (2022) Kat:3, Licht: 0","225831","3","2","3","10","17","7","","0","1","0","0","0"
"POINT (11.521808145000000 48.151176274000100)","Unfall 225844 (2022) Kat:3, Licht: 0","225844","3","7","0","10","15","7","","0","1","0","0","0"
"POINT (11.559101784000100 48.219848894999998)","Unfall 225845 (2022) Kat:2, Licht: 0","225845","2","3","5","11","09","2","","0","1","1","0","0"
"POINT (11.546542959000000 48.201146462000096)","Unfall 225857 (2022) Kat:3, Licht: 0","225857","3","3","5","10","15","2","","0","0","1","0","0"
"POINT (11.582512388000101 48.126934677000101)","Unfall 225859 (2022) Kat:2, Licht: 0","225859","2","1","5","10","17","7","","0","1","0","0","0"
"POINT (11.645279523000100 48.162716621000101)","Unfall 225864 (2022) Kat:3, Licht: 2","225864","3","2","6","11","18","3","","2","0","1","1","0"
"POINT (11.543556282999999 48.205051546999997)","Unfall 225877 (2022) Kat:3, Licht: 2","225877","3","3","5","10","19","1","","2","0","1","0","1"
"POINT (11.461030482000099 48.143988496000098)","Unfall 225880 (2022) Kat:3, Licht: 0","225880","3","2","6","11","10","7","","0","0","1","1","0"
"POINT (11.565142755000100 48.132581689000098)","Unfall 225881 (2022) Kat:3, Licht: 0","225881","3","2","5","11","14","5","","0","1","1","0","0"
"POINT (11.565277437000100 48.208980834000002)","Unfall 225891 (2022) Kat:3, Licht: 0","225891","3","3","5","10","11","2","","0","0","1","0","0"
"POINT (11.564254899000000 48.090605272000097)","Unfall 225895 (2022) Kat:3, Licht: 0","225895","3","1","5","11","14","2","","0","1","1","0","0"
"POINT (11.579142763000000 48.152827299000101)","Unfall 225896 (2022) Kat:3, Licht: 0","225896","3","5","1","10","13","6","","0","0","1","0","0"
"POINT (11.583278873999999 48.160870166000102)","Unfall 225901 (2022) Kat:3, Licht: 0","225901","3","2","4","10","17","5","","0","1","1","0","0"
"POINT (11.553423493000000 48.150002155000003)","Unfall 225915 (2022) Kat:3, Licht: 2","225915","3","2","1","11","05","5","","2","1","1","0","0"
"POINT (11.538112954000001 48.116045129000000)","Unfall 225923 (2022) Kat:3, Licht: 0","225923","3","6","1","10","11","5","","0","1","1","0","0"
"POINT (11.589037661000100 48.110430676000099)","Unfall 225925 (2022) Kat:3, Licht: 0","225925","3","3","5","11","14","7","","0","0","1","0","0"
"POINT (11.586830216000100 48.169509324000003)","Unfall 225929 (2022) Kat:3, Licht: 0","225929","3","3","5","10","15","4","","0","1","1","0","0"
"POINT (11.508353048000100 48.088774070000099)","Unfall 225933 (2022) Kat:3, Licht: 2","225933","3","1","0","11","06","3","","2","1","0","0","0"
"POINT (11.502517674000000 48.139697254000097)","Unfall 225939 (2022) Kat:3, Licht: 1","225939","3","1","0","10","18","7","","1","1","1","0","0"
"POINT (11.560246058000100 48.130385719000103)","Unfall 225948 (2022) Kat:3, Licht: 2","225948","3","6","3","11","18","7","","2","0","1","0","0"
"POINT (11.552855873000100 48.161389919000001)","Unfall 225952 (2022) Kat:3, Licht: 0","225952","3","6","1","11","08","6","","0","0","1","0","0"
"POINT (11.555077443000100 48.137481293000100)","Unfall 225953 (2022) Kat:3, Licht: 0","225953","3","1","1","10","16","4","","0","1","1","0","0"
"POINT (11.537714178000000 48.165978821000103)","Unfall 225961 (2022) Kat:3, Licht: 0","225961","3","7","0","10","15","7","","0","1","0","0","0"
"POINT (11.566201844000000 48.187003005000101)","Unfall 225965 (2022) Kat:3, Licht: 0","225965","3","3","0","11","08","2","","0","0","0","1","0"
"POINT (11.508115159000100 48.152875601000098)","Unfall 225966 (2022) Kat:3, Licht: 0","225966","3","6","2","10","10","6","","0","0","1","0","0"
"POINT (11.565532883000101 48.134803355000003)","Unfall 225967 (2022) Kat:3, Licht: 0","225967","3","5","1","11","10","3","","0","1","1","0","0"
"POINT (11.552038388000000 48.089024430000102)","Unfall 225969 (2022) Kat:3, Licht: 2","225969","3","1","1","11","20","4","","2","0","1","0","0"
"POINT (11.536343993999999 48.116911125000101)","Unfall 225970 (2022) Kat:3, Licht: 0","225970","3","3","6","10","10","2","","0","0","0","1","0"
"POINT (11.553235170000100 48.112331918000102)","Unfall 225974 (2022) Kat:3, Licht: 2","225974","3","1","4","10","19","7","","2","0","1","0","0"
"POINT (11.646855901000000 48.148981321000100)","Unfall 225978 (2022) Kat:3, Licht: 0","225978","3","6","4","10","12","6","","0","1","0","0","0"
"POINT (11.670192010000100 48.118049074000098)","Unfall 225984 (2022) Kat:2, Licht: 2","225984","2","2","4","10","18","3","","2","0","1","0","1"
"POINT (11.573308379000000 48.151016507000101)","Unfall 225992 (2022) Kat:3, Licht: 2","225992","3","3","4","10","22","1","","2","0","1","0","0"