WKT,Name,OBJECTID,UKATEGORIE,UTYP1,UART,UMONAT,USTUNDE,UWOCHENTAG,STRZUSTAND,ULICHTVERH,ISTRAD,ISTPKW,ISTFUSS,ISTKRAD
"POINT (11.541538192000100 48.162314437000099)","Unfall 225993 (2022) Kat:3, Licht: 0","225993","3","3","5","10","15","5","","0","0","1","0","0"
"POINT (11.592216164000000 48.142311237999998)","Unfall 225994 (2022) Kat:3, Licht: 2","225994","3","7","2","11","23","7","","2","0","1","0","1"
"POINT (11.536628907000001 48.153716401000104)","Unfall 226011 (2022) Kat:3, Licht: 2","226011","3","2","5","11","05","2","","2","1","1","0","0"
"POINT (11.603700521000100 48.122976227000002)","Unfall 226012 (2022) Kat:3, Licht: 0","226012","3","7","0","10","10","6","","0","0","0","0","0"
"POINT (11.563181027000001 48.126717849999999)","Unfall 226013 (2022) Kat:3, Licht: 0","226013","3","2","5","11","09","3","","0","1","1","0","0"
"POINT (11.535186519000000 48.182080038000002)","Unfall 226018 (2022) Kat:3, Licht: 0","226018","3","2","4","10","13","3","","0","0","1","0","1"
"POINT (11.569867688000000 48.130951272000097)","Unfall 226023 (2022) Kat:3, Licht: 1","226023","3","1","0","11","16","3","","1","1","0","0","0"
"POINT (11.501501740000000 48.139710172999997)","Unfall 226031 (2022) Kat:3, Licht: 1","226031","3","1","0","10","18","7","","1","1","0","0","0"
"POINT (11.502310263000000 48.114465546000098)","Unfall 226036 (2022) Kat:3, Licht: 0","226036","3","4","6","10","17","3","","0","0","1","1","0"
"POINT (11.566168804000000 48.187192831000097)","Unfall 226038 (2022) Kat:3, Licht: 0","226038","3","2","4","11","13","3","","0","0","1","0","0"
"POINT (11.605289576000100 48.202313808000000)","Unfall 226042 (2022) Kat:3, Licht: 0","226042","3","3","5","10","16","5","","0","1","1","0","0"
"POINT (11.558341396000101 48.150132867000103)","Unfall 226044 (2022) Kat:3, Licht: 2","226044","3","6","2","11","17","1","","2","0","1","0","0"
"POINT (11.563532129000100 48.160888487000101)","Unfall 226048 (2022) Kat:3, Licht: 2","226048","3","3","5","11","20","6","","2","0","1","0","0"
"POINT (11.525183840000100 48.095235483000103)","Unfall 226049 (2022) Kat:3, Licht: 0","226049","3","3","5","10","09","4","","0","1","1","0","0"
"POINT (11.561758344999999 48.215784145000001)","Unfall 226050 (2022) Kat:3, Licht: 0","226050","3","3","0","10","13","1","","0","0","1","0","0"
"POINT (11.580953800000000 48.169274885000000)","Unfall 226057 (2022) Kat:3, Licht: 0","226057","3","3","5","10","11","2","","0","1","1","0","0"
"POINT (11.629625266000099 48.155273179000098)","Unfall 226058 (2022) Kat:2, Licht: 1","226058","2","2","3","10","07","2","","1","1","1","0","0"
"POINT (11.555928621000000 48.138177982000101)","Unfall 226060 (2022) Kat:3, Licht: 0","226060","3","5","1","10","08","7","","0","0","1","0","0"
"POINT (11.501219091999999 48.115703312999997)","Unfall 226061 (2022) Kat:3, Licht: 0","226061","3","6","1","11","11","2","","0","1","1","0","0"
"POINT (11.634514791000100 48.169144299999999)","Unfall 226062 (2022) Kat:2, Licht: 0","226062","2","7","5","10","10","6","","0","1","1","0","0"
"POINT (11.502520337000000 48.128961191000002)","Unfall 226077 (2022) Kat:3, Licht: 0","226077","3","2","5","10","16","5","","0","1","1","0","0"
"POINT (11.469320809000100 48.177372004000098)","Unfall 226083 (2022) Kat:3, Licht: 0","226083","3","3","5","10","13","4","","0","1","1","0","0"
"POINT (11.527450368000100 48.156722438000003)","Unfall 226087 (2022) Kat:2, Licht: 0","226087","2","7","0","11","09","3","","0","1","0","0","0"
"POINT (11.688723321000101 48.135492052000103)","Unfall 226088 (2022) Kat:3, Licht: 0","226088","3","6","1","11","12","7","","0","0","1","0","0"
"POINT (11.502478114000001 48.139698391000103)","Unfall 226090 (2022) Kat:3, Licht: 2","226090","3","5","0","10","17","2","","2","1","1","0","0"
"POINT (11.553501176000101 48.213620069999997)","Unfall 226093 (2022) Kat:3, Licht: 0","226093","3","3","5","10","11","7","","0","1","1","0","0"
"POINT (11.497061788000099 48.199313074000003)","Unfall 226094 (2022) Kat:2, Licht: 0","226094","2","7","0","10","08","4","","0","1","0","0","0"
"POINT (11.600991756999999 48.128320322000000)","Unfall 226099 (2022) Kat:3, Licht: 0","226099","3","7","0","11","15","3","","0","0","1","1","0"
"POINT (11.474030398000000 48.172020830000100)","Unfall 226108 (2022) Kat:3, Licht: 2","226108","3","5","3","10","20","6","","2","1","1","0","0"
"POINT (11.553489679000100 48.203170154000098)","Unfall 226115 (2022) Kat:3, Licht: 2","226115","3","6","1","11","18","5","","2","0","1","0","1"
"POINT (11.560700973000101 48.125459240000097)","Unfall 226121 (2022) Kat:3, Licht: 0","226121","3","5","1","10","15","1","","0","1","1","0","0"
"POINT (11.444259282000100 48.163962807000097)","Unfall 226122 (2022) Kat:3, Licht: 0","226122","3","6","2","10","15","1","","0","0","1","0","1"
"POINT (11.409772579000000 48.152539854000104)","Unfall 226132 (2022) Kat:3, Licht: 0","226132","3","3","0","10","13","6","","0","0","1","0","0"
"POINT (11.657659447000100 48.149805114000102)","Unfall 226138 (2022) Kat:3, Licht: 0","226138","3","2","4","10","11","3","","0","1","1","0","0"
"POINT (11.575025828999999 48.148070926000102)","Unfall 226146 (2022) Kat:3, Licht: 0","226146","3","1","6","11","14","1","","0","0","1","1","0"
"POINT (11.676635232000001 48.117040809000102)","Unfall 226150 (2022) Kat:3, Licht: 0","226150","3","2","5","11","14","2","","0","0","1","0","0"
"POINT (11.568080294000000 48.184549777000001)","Unfall 226152 (2022) Kat:3, Licht: 0","226152","3","7","5","10","08","6","","0","0","1","0","0"
"POINT (11.558546251000100 48.141671967999997)","Unfall 226156 (2022) Kat:2, Licht: 1","226156","2","7","0","10","18","1","","1","0","1","0","0"
"POINT (11.479506925000100 48.164127445000098)","Unfall 226157 (2022) Kat:3, Licht: 2","226157","3","6","2","10","18","5","","2","0","1","0","0"
"POINT (11.513261171000099 48.079088549000097)","Unfall 226159 (2022) Kat:3, Licht: 1","226159","3","5","1","11","17","5","","1","0","1","0","0"
"POINT (11.555791639000100 48.130693000000100)","Unfall 226163 (2022) Kat:3, Licht: 0","226163","3","6","2","11","11","6","","0","0","1","0","0"
"POINT (11.581132723000101 48.124266339000002)","Unfall 226177 (2022) Kat:3, Licht: 2","226177","3","1","0","10","20","6","","2","0","0","0","1"
"POINT (11.508510657000000 48.094401265999998)","Unfall 226178 (2022) Kat:3, Licht: 0","226178","3","5","0","11","14","3","","0","1","1","0","0"
"POINT (11.585454726000000 48.159229739000097)","Unfall 226192 (2022) Kat:3, Licht: 2","226192","3","2","5","11","20","7","","2","0","1","0","0"
"POINT (11.532690343000100 48.105910515000097)","Unfall 226211 (2022) Kat:3, Licht: 1","226211","3","4","6","10","05","4","","1","0","1","1","0"
"POINT (11.567133696000001 48.110110820999999)","Unfall 226212 (2022) Kat:2, Licht: 2","226212","2","4","0","10","17","1","","2","0","1","1","0"
"POINT (11.611720991000000 48.200904676000100)","Unfall 226223 (2022) Kat:3, Licht: 1","226223","3","4","6","11","16","2","","1","0","1","1","0"
"POINT (11.510786352000000 48.138971006000098)","Unfall 226224 (2022) Kat:3, Licht: 0","226224","3","7","6","10","07","6","","0","1","0","1","0"
"POINT (11.557569152999999 48.144668277000100)","Unfall 226228 (2022) Kat:3, Licht: 0","226228","3","6","3","10","12","2","","0","0","1","0","0"
"POINT (11.502997666000100 48.125998271000100)","Unfall 226230 (2022) Kat:3, Licht: 2","226230","3","1","5","10","22","3","","2","0","1","0","0"
"POINT (11.586426122000001 48.111202173999999)","Unfall 226235 (2022) Kat:3, Licht: 2","226235","3","3","5","11","22","3","","2","0","1","0","0"
"POINT (11.565407594000000 48.150751579000001)","Unfall 226238 (2022) Kat:3, Licht: 0","226238","3","3","5","10","11","1","","0","1","1","0","0"
"POINT (11.562036134000000 48.125053987000101)","Unfall 226239 (2022) Kat:3, Licht: 0","226239","3","2","6","10","12","5","","0","0","1","1","0"
"POINT (11.624283521000100 48.121889957000100)","Unfall 226243 (2022) Kat:3, Licht: 0","226243","3","2","5","10","13","7","","0","1","1","0","0"
"POINT (11.567628881000100 48.191523908000100)","Unfall 226245 (2022) Kat:3, Licht: 0","226245","3","2","5","11","12","6","","0","0","1","0","1"
"POINT (11.622148272000100 48.120347854000002)","Unfall 226246 (2022) Kat:3, Licht: 1","226246","3","2","3","10","19","4","","1","1","1","0","0"
"POINT (11.574826961999999 48.159219913000101)","Unfall 226250 (2022) Kat:3, Licht: 2","226250","3","5","3","11","19","3","","2","0","1","0","0"
"POINT (11.503824211000101 48.150678089000102)","Unfall 226258 (2022) Kat:3, Licht: 1","226258","3","5","1","11","16","2","","1","0","1","0","0"
"POINT (11.572581694000100 48.178046735000102)","Unfall 226266 (2022) Kat:3, Licht: 2","226266","3","2","5","11","18","5","","2","1","0","0","0"
"POINT (11.605040270000099 48.129120852000000)","Unfall 226270 (2022) Kat:3, Licht: 0","226270","3","6","2","11","09","6","","0","0","1","0","0"
"POINT (11.606385447999999 48.181526978000100)","Unfall 226284 (2022) Kat:3, Licht: 1","226284","3","3","5","10","18","3","","1","1","0","0","0"
"POINT (11.570612475000100 48.146875346000101)","Unfall 226299 (2022) Kat:3, Licht: 2","226299","3","3","5","11","19","3","","2","1","1","0","0"
"POINT (11.488870396999999 48.111176822000097)","Unfall 226303 (2022) Kat:3, Licht: 0","226303","3","6","4","10","14","2","","0","1","0","0","0"
"POINT (11.572238766000099 48.130829614000000)","Unfall 226308 (2022) Kat:3, Licht: 0","226308","3","6","2","10","13","6","","0","0","1","0","0"
"POINT (11.650551027000100 48.129517819999997)","Unfall 226319 (2022) Kat:3, Licht: 2","226319","3","7","0","11","19","6","","2","1","0","0","0"
"POINT (11.569786034000099 48.111462123000102)","Unfall 226320 (2022) Kat:3, Licht: 0","226320","3","2","5","10","08","4","","0","0","1","0","0"
"POINT (11.530079427000000 48.159576829000102)","Unfall 226328 (2022) Kat:3, Licht: 0","226328","3","1","3","10","14","7","","0","1","0","0","0"
"POINT (11.490439227000000 48.179460860000098)","Unfall 226329 (2022) Kat:3, Licht: 0","226329","3","6","2","10","14","2","","0","0","1","0","0"
"POINT (11.502795642000001 48.094502653000099)","Unfall 226332 (2022) Kat:3, Licht: 0","226332","3","3","5","10","10","6","","0","1","1","0","0"
"POINT (11.576780638000100 48.136192528000002)","Unfall 226333 (2022) Kat:3, Licht: 2","226333","3","4","6","11","19","3","","2","1","0","1","0"
"POINT (11.676493701000000 48.125865316999999)","Unfall 226334 (2022) Kat:3, Licht: 0","226334","3","3","5","10","14","5","","0","0","1","0","1"
"POINT (11.546460743000100 48.095285592000003)","Unfall 226339 (2022) Kat:3, Licht: 0","226339","3","1","0","10","08","2","","0","0","0","0","1"
"POINT (11.502738197999999 48.133184599000103)","Unfall 226340 (2022) Kat:2, Licht: 0","226340","2","3","5","10","15","4","","0","1","0","0","0"
"POINT (11.578168134000100 48.143932347000003)","Unfall 226345 (2022) Kat:3, Licht: 2","226345","3","6","3","11","17","7","","2","1","0","0","0"
"POINT (11.594550527000001 48.085886264000102)","Unfall 226346 (2022) Kat:3, Licht: 0","226346","3","3","5","11","15","4","","0","0","1","0","0"
"POINT (11.560089866000100 48.143139423999997)","Unfall 226347 (2022) Kat:3, Licht: 1","226347","3","5","1","10","19","2","","1","1","1","0","0"
"POINT (11.508108130000000 48.094381305000098)","Unfall 226350 (2022) Kat:3, Licht: 0","226350","3","2","4","10","17","7","","0","1","1","0","0"
"POINT (11.610262410000100 48.197767677000101)","Unfall 226353 (2022) Kat:3, Licht: 2","226353","3","7","0","10","23","6","","2","0","0","0","0"
"POINT (11.543263018000101 48.213822181000097)","Unfall 226360 (2022) Kat:3, Licht: 0","226360","3","3","5","11","15","7","","0","0","1","0","0"
"POINT (11.581395989000001 48.144864808000101)","Unfall 226361 (2022) Kat:3, Licht: 2","226361","3","6","0","11","18","5","","2","0","1","0","0"
"POINT (11.578770111000001 48.136065795000000)","Unfall 226374 (2022) Kat:3, Licht: 0","226374","3","5","0","10","12","2","","0","1","1","0","0"
"POINT (11.567313962000100 48.178775384000097)","Unfall 226378 (2022) Kat:3, Licht: 0","226378","3","3","5","10","14","6","","0","0","1","0","0"
"POINT (11.602602748000001 48.113894511000098)","Unfall 226379 (2022) Kat:3, Licht: 0","226379","3","1","0","11","14","3","","0","1","0","0","0"
"POINT (11.430013392999999 48.186576807999998)","Unfall 226382 (2022) Kat:3, Licht: 0","226382","3","6","2","10","16","2","","0","1","1","0","0"
"POINT (11.587597411000001 48.136461255000000)","Unfall 226391 (2022) Kat:2, Licht: 1","226391","2","1","0","10","17","1","","1","1","0","0","0"
"POINT (11.513529513000000 48.179961118000101)","Unfall 226408 (2022) Kat:3, Licht: 1","226408","3","2","5","11","16","5","","1","1","1","0","0"
"POINT (11.581531028000001 48.117060143000103)","Unfall 226411 (2022) Kat:3, Licht: 0","226411","3","1","0","11","15","6","","0","1","0","0","0"
"POINT (11.538193478000000 48.134893708000000)","Unfall 226412 (2022) Kat:3, Licht: 0","226412","3","7","0","10","16","4","","0","0","0","1","0"
"POINT (11.455961995999999 48.147145232000099)","Unfall 226413 (2022) Kat:3, Licht: 0","226413","3","2","5","10","13","1","","0","1","1","0","0"
"POINT (11.471955528000001 48.173030851000100)","Unfall 226426 (2022) Kat:3, Licht: 0","226426","3","7","1","11","15","2","","0","1","1","0","0"
"POINT (11.604569846000100 48.128629585000098)","Unfall 226428 (2022) Kat:3, Licht: 2","226428","3","4","6","11","17","3","","2","1","0","1","0"
"POINT (11.460791531000000 48.148804175000102)","Unfall 226437 (2022) Kat:3, Licht: 0","226437","3","3","0","10","17","3","","0","1","0","0","0"
"POINT (11.571603048000000 48.131401015000101)","Unfall 226439 (2022) Kat:3, Licht: 2","226439","3","3","5","11","00","3","","2","0","1","0","0"
"POINT (11.626102139000100 48.101006661000000)","Unfall 226449 (2022) Kat:3, Licht: 2","226449","3","6","2","11","06","6","","2","0","1","0","0"
"POINT (11.518893983000099 48.110701611000103)","Unfall 226459 (2022) Kat:3, Licht: 0","226459","3","6","3","10","14","5","","0","0","1","0","0"
"POINT (11.517916592000100 48.125434785000003)","Unfall 226467 (2022) Kat:2, Licht: 2","226467","2","1","0","10","19","1","","2","0","0","0","0"
"POINT (11.593860935000100 48.128535419000102)","Unfall 226477 (2022) Kat:3, Licht: 0","226477","3","2","4","10","17","7","","0","0","1","0","1"
"POINT (11.561049390000100 48.141064567000100)","Unfall 226480 (2022) Kat:3, Licht: 0","226480","3","7","0","11","10","3","","0","0","0","0","0"
"POINT (11.501891501999999 48.135382679000003)","Unfall 226487 (2022) Kat:3, Licht: 0","226487","3","7","5","11","14","5","","0","1","1","0","0"
"POINT (11.558420258000099 48.129453083999998)","Unfall 226489 (2022) Kat:3, Licht: 0","226489","3","2","4","10","12","3","","0","0","1","0","0"
"POINT (11.503314026000099 48.188491257000102)","Unfall 226491 (2022) Kat:3, Licht: 0","226491","3","1","5","11","15","6","","0","1","1","0","0"
"POINT (11.595288949000100 48.165620553000103)","Unfall 226495 (2022) Kat:3, Licht: 0","226495","3","1","0","10","15","5","","0","1","0","0","0"
"POINT (11.576414325000000 48.125184685000100)","Unfall 226501 (2022) Kat:3, Licht: 0","226501","3","1","5","10","15","4","","0","1","0","0","0"
"POINT (11.506688978000099 48.096266544000102)","Unfall 226511 (2022) Kat:3, Licht: 0","226511","3","6","2","10","14","7","","0","0","1","0","0"
"POINT (11.538134755000000 48.116953797000100)","Unfall 226513 (2022) Kat:3, Licht: 2","226513","3","3","5","10","21","6","","2","1","1","0","0"
"POINT (11.588518551000000 48.112170540000101)","Unfall 226517 (2022) Kat:3, Licht: 0","226517","3","7","7","10","09","1","","0","1","0","1","0"
"POINT (11.503031533000099 48.135369674000103)","Unfall 226518 (2022) Kat:3, Licht: 0","226518","3","2","5","10","12","5","","0","0","1","0","1"
"POINT (11.452192026000001 48.193610095000103)","Unfall 226520 (2022) Kat:2, Licht: 0","226520","2","3","5","10","10","7","","0","1","1","0","0"
"POINT (11.479481245000001 48.164128681000101)","Unfall 226522 (2022) Kat:3, Licht: 0","226522","3","1","2","10","12","6","","0","0","1","0","0"
"POINT (11.586109884000100 48.131776410999997)","Unfall 226536 (2022) Kat:3, Licht: 0","226536","3","1","5","10","09","1","","0","1","1","0","0"
"POINT (11.439270179000101 48.136020299999998)","Unfall 226538 (2022) Kat:3, Licht: 0","226538","3","2","0","10","15","5","","0","0","1","0","1"
"POINT (11.583313257000000 48.118765555000003)","Unfall 226542 (2022) Kat:3, Licht: 0","226542","3","1","0","10","12","7","","0","1","0","0","0"
"POINT (11.646201133000000 48.101516419000099)","Unfall 226543 (2022) Kat:2, Licht: 1","226543","2","1","1","10","06","2","","1","1","0","0","0"
"POINT (11.646299136000000 48.102668645999998)","Unfall 226544 (2022) Kat:3, Licht: 0","226544","3","6","3","10","17","4","","0","0","1","0","1"
"POINT (11.472340654000000 48.156136985000003)","Unfall 226546 (2022) Kat:3, Licht: 0","226546","3","5","0","10","07","6","","0","1","1","0","0"
"POINT (11.576012437999999 48.155989623000004)","Unfall 226560 (2022) Kat:3, Licht: 0","226560","3","5","1","10","16","5","","0","1","1","0","0"
"POINT (11.608689451000000 48.121026653000101)","Unfall 226565 (2022) Kat:3, Licht: 0","226565","3","3","5","11","14","6","","0","1","1","0","0"
"POINT (11.613266414000099 48.125755402000003)","Unfall 226566 (2022) Kat:3, Licht: 2","226566","3","1","0","10","07","4","","2","1","0","0","0"
"POINT (11.563926005000001 48.124307274000003)","Unfall 226583 (2022) Kat:3, Licht: 2","226583","3","1","0","10","02","1","","2","0","0","0","0"
"POINT (11.624935401000100 48.221873574000000)","Unfall 226588 (2022) Kat:3, Licht: 0","226588","3","6","3","11","15","1","","0","0","1","0","1"
"POINT (11.555794644000100 48.129982321999996)","Unfall 226590 (2022) Kat:3, Licht: 2","226590","3","3","5","10","02","7","","2","0","1","0","0"
"POINT (11.548653878000000 48.112291808000101)","Unfall 226594 (2022) Kat:3, Licht: 0","226594","3","6","2","10","09","6","","0","0","0","0","1"
"POINT (11.555935638000101 48.138372185999998)","Unfall 226600 (2022) Kat:3, Licht: 1","226600","3","5","2","10","07","3","","1","1","1","0","0"
"POINT (11.546950537000001 48.117323962999997)","Unfall 226603 (2022) Kat:3, Licht: 0","226603","3","2","6","10","16","3","","0","0","1","1","0"
"POINT (11.546851835000000 48.105199761999998)","Unfall 226609 (2022) Kat:3, Licht: 0","226609","3","6","3","11","10","7","","0","1","1","0","0"
"POINT (11.605551047000100 48.129283129999997)","Unfall 226623 (2022) Kat:3, Licht: 2","226623","3","6","2","10","20","2","","2","0","1","0","0"
"POINT (11.649063185999999 48.105611855000099)","Unfall 226626 (2022) Kat:3, Licht: 0","226626","3","6","2","11","08","2","","0","0","1","0","0"
"POINT (11.573143212000000 48.172770915999997)","Unfall 226628 (2022) Kat:3, Licht: 2","226628","3","7","1","11","05","3","","2","0","1","0","0"
"POINT (11.613956113000000 48.131013219000103)","Unfall 226637 (2022) Kat:3, Licht: 0","226637","3","7","0","11","14","7","","0","0","1","1","0"
"POINT (11.508247331000099 48.098093445000103)","Unfall 226642 (2022) Kat:3, Licht: 0","226642","3","2","5","11","14","7","","0","0","1","0","0"
"POINT (11.547201338000001 48.139278951999998)","Unfall 226647 (2022) Kat:3, Licht: 2","226647","3","7","3","11","18","4","","2","0","1","0","0"
"POINT (11.506039743000001 48.155070649999999)","Unfall 226650 (2022) Kat:3, Licht: 0","226650","3","7","4","11","08","2","","0","1","1","0","0"
"POINT (11.572719843000099 48.186525178000103)","Unfall 226661 (2022) Kat:3, Licht: 0","226661","3","2","5","11","14","6","","0","1","1","0","0"
"POINT (11.601891072000100 48.140334548000098)","Unfall 226666 (2022) Kat:3, Licht: 1","226666","3","6","2","11","18","2","","1","0","1","0","0"
"POINT (11.575750914000000 48.157298490000102)","Unfall 226672 (2022) Kat:3, Licht: 0","226672","3","5","1","11","14","3","","0","1","1","0","0"
"POINT (11.515286288000000 48.179004546000002)","Unfall 226679 (2022) Kat:3, Licht: 0","226679","3","6","2","11","09","2","","0","0","1","0","0"
"POINT (11.585299827000000 48.180160819999998)","Unfall 226686 (2022) Kat:3, Licht: 2","226686","3","2","5","11","17","6","","2","1","1","0","0"
"POINT (11.509642710000000 48.167506152999998)","Unfall 226687 (2022) Kat:3, Licht: 0","226687","3","6","2","11","11","6","","0","0","1","0","0"
"POINT (11.562469390000000 48.157858576000102)","Unfall 226695 (2022) Kat:3, Licht: 2","226695","3","6","1","11","18","4","","2","0","1","0","0"
"POINT (11.657397183000100 48.098963589999997)","Unfall 226700 (2022) Kat:3, Licht: 0","226700","3","7","6","11","14","2","","0","1","0","1","0"
"POINT (11.570876475000000 48.131933720000099)","Unfall 226702 (2022) Kat:3, Licht: 0","226702","3","3","5","11","10","6","","0","0","1","0","0"
"POINT (11.508611245000100 48.078273678000102)","Unfall 226709 (2022) Kat:3, Licht: 0","226709","3","3","5","11","08","4","","0","0","1","0","0"
"POINT (11.599420266999999 48.125294348000097)","Unfall 226713 (2022) Kat:3, Licht: 1","226713","3","1","0","11","16","5","","1","1","0","0","0"
"POINT (11.557478540000000 48.136370315000100)","Unfall 226714 (2022) Kat:3, Licht: 2","226714","3","5","0","11","17","7","","2","0","1","0","0"
"POINT (11.597145760000000 48.114261571000000)","Unfall 226720 (2022) Kat:3, Licht: 0","226720","3","3","5","11","13","4","","0","1","0","0","0"
"POINT (11.573956052000000 48.167061269999998)","Unfall 226723 (2022) Kat:3, Licht: 0","226723","3","2","4","11","12","3","","0","1","1","0","0"
"POINT (11.555786298999999 48.139173358000100)","Unfall 226724 (2022) Kat:3, Licht: 2","226724","3","1","0","11","23","5","","2","1","0","0","0"
"POINT (11.494821248000100 48.178069000000100)","Unfall 226725 (2022) Kat:3, Licht: 2","226725","3","2","5","11","16","6","","2","0","1","0","0"
"POINT (11.668207366000001 48.136450626000098)","Unfall 226732 (2022) Kat:3, Licht: 0","226732","3","6","2","11","09","6","","0","0","1","0","0"
"POINT (11.566591683000100 48.154714366000100)","Unfall 226733 (2022) Kat:3, Licht: 0","226733","3","1","0","11","08","4","","0","1","0","0","0"
"POINT (11.657692226000099 48.163880550999998)","Unfall 226737 (2022) Kat:3, Licht: 0","226737","3","2","5","11","07","6","","0","1","1","0","0"
"POINT (11.571745912000001 48.146555512000099)","Unfall 226741 (2022) Kat:3, Licht: 0","226741","3","6","2","11","15","5","","0","0","1","0","0"
"POINT (11.579310668000099 48.138410858999997)","Unfall 226744 (2022) Kat:3, Licht: 2","226744","3","5","1","11","19","3","","2","1","1","0","0"
"POINT (11.578797946000099 48.109402737000003)","Unfall 226755 (2022) Kat:3, Licht: 2","226755","3","6","3","11","19","6","","2","0","1","0","0"
"POINT (11.603746038000100 48.149281610000102)","Unfall 226757 (2022) Kat:3, Licht: 0","226757","3","3","5","11","09","3","","0","0","1","0","0"
"POINT (11.659090992000101 48.102013784000100)","Unfall 226760 (2022) Kat:3, Licht: 0","226760","3","3","5","11","08","4","","0","0","1","0","0"
"POINT (11.511649654999999 48.181168983000099)","Unfall 226763 (2022) Kat:3, Licht: 0","226763","3","2","5","11","12","2","","0","1","1","0","0"
"POINT (11.644955148000101 48.090055534000001)","Unfall 226765 (2022) Kat:3, Licht: 0","226765","3","2","3","11","10","2","","0","1","0","0","0"
"POINT (11.531714418000000 48.116860642000098)","Unfall 226772 (2022) Kat:3, Licht: 0","226772","3","7","0","11","16","5","","0","0","0","0","0"
"POINT (11.562423328000000 48.154119020000103)","Unfall 226775 (2022) Kat:3, Licht: 0","226775","3","7","5","11","07","2","","0","0","1","0","1"
"POINT (11.507586629000100 48.178078561000099)","Unfall 226781 (2022) Kat:3, Licht: 0","226781","3","5","1","11","11","4","","0","1","1","0","0"
"POINT (11.597439801000100 48.126569247000099)","Unfall 226786 (2022) Kat:3, Licht: 0","226786","3","2","3","11","08","6","","0","1","0","0","1"
"POINT (11.529168259000100 48.099863339000102)","Unfall 226818 (2022) Kat:3, Licht: 1","226818","3","2","5","11","05","5","","1","0","1","0","0"
"POINT (11.601625082000099 48.124087934999999)","Unfall 226825 (2022) Kat:3, Licht: 2","226825","3","2","5","11","17","6","","2","1","1","0","0"
"POINT (11.565296167000000 48.129481120999998)","Unfall 226826 (2022) Kat:3, Licht: 0","226826","3","4","6","11","07","4","","0","1","0","1","0"
"POINT (11.452076505000001 48.164956414000102)","Unfall 226828 (2022) Kat:3, Licht: 2","226828","3","7","0","11","17","3","","2","0","1","0","0"
"POINT (11.504454109999999 48.185544492000098)","Unfall 226830 (2022) Kat:3, Licht: 0","226830","3","3","5","11","08","3","","0","1","1","0","0"
"POINT (11.476669940000001 48.113316290999997)","Unfall 226836 (2022) Kat:3, Licht: 2","226836","3","2","5","11","00","1","","2","1","1","0","0"
"POINT (11.603476159000000 48.111592630000096)","Unfall 226838 (2022) Kat:2, Licht: 0","226838","2","2","5","11","07","5","","0","1","1","0","0"
"POINT (11.515478135000000 48.118011194000097)","Unfall 226839 (2022) Kat:3, Licht: 2","226839","3","2","5","11","18","3","","2","1","1","0","0"
"POINT (11.660415047000100 48.133194324999998)","Unfall 226841 (2022) Kat:1, Licht: 2","226841","1","4","6","11","06","2","","2","0","1","1","0"
"POINT (11.568223611000100 48.202775347000099)","Unfall 226846 (2022) Kat:3, Licht: 0","226846","3","7","5","11","11","4","","0","1","1","0","0"
"POINT (11.535365053000000 48.199790694999997)","Unfall 226851 (2022) Kat:2, Licht: 0","226851","2","7","0","11","14","6","","0","0","1","0","0"
"POINT (11.607980091000099 48.097239799000100)","Unfall 226878 (2022) Kat:3, Licht: 0","226878","3","7","0","11","15","7","","0","0","1","0","1"
"POINT (11.482183923999999 48.113955515000001)","Unfall 226888 (2022) Kat:3, Licht: 1","226888","3","5","1","11","17","4","","1","1","1","0","0"
"POINT (11.583459234999999 48.178619529000102)","Unfall 226893 (2022) Kat:3, Licht: 0","226893","3","3","5","11","08","2","","0","0","1","0","1"
"POINT (11.538770341999999 48.145876504000100)","Unfall 226897 (2022) Kat:3, Licht: 0","226897","3","3","5","11","15","3","","0","1","1","0","0"
"POINT (11.572610552000100 48.141312493000001)","Unfall 226898 (2022) Kat:3, Licht: 2","226898","3","4","6","11","19","4","","2","1","0","1","0"
"POINT (11.417585837000001 48.155896389000098)","Unfall 226899 (2022) Kat:3, Licht: 0","226899","3","1","0","11","08","5","","0","0","0","0","1"
"POINT (11.523045432000099 48.134158259000102)","Unfall 226903 (2022) Kat:2, Licht: 2","226903","2","1","0","11","19","6","","2","0","0","0","1"
"POINT (11.690616708000100 48.133451512000100)","Unfall 226906 (2022) Kat:3, Licht: 0","226906","3","3","5","11","13","4","","0","1","1","0","0"
"POINT (11.546095772999999 48.186198234000102)","Unfall 226910 (2022) Kat:3, Licht: 2","226910","3","3","4","11","19","4","","2","1","1","0","0"
"POINT (11.589473662000000 48.111787556000102)","Unfall 226915 (2022) Kat:3, Licht: 0","226915","3","2","5","11","08","2","","0","1","1","0","0"
"POINT (11.466118050000000 48.175606508999998)","Unfall 226916 (2022) Kat:3, Licht: 0","226916","3","7","1","11","14","6","","0","0","1","0","0"
"POINT (11.627005023000001 48.126682748000100)","Unfall 226929 (2022) Kat:3, Licht: 1","226929","3","1","0","11","06","5","","1","0","0","0","0"
"POINT (11.560276420999999 48.174218820000100)","Unfall 226935 (2022) Kat:3, Licht: 2","226935","3","2","2","11","18","3","","2","0","1","0","0"
"POINT (11.532274200000099 48.155866898000099)","Unfall 226939 (2022) Kat:3, Licht: 0","226939","3","4","6","11","15","5","","0","1","0","1","0"