WKT,Name,OBJECTID,UKATEGORIE,UTYP1,UART,UMONAT,USTUNDE,UWOCHENTAG,STRZUSTAND,ULICHTVERH,ISTRAD,ISTPKW,ISTFUSS,ISTKRAD
"POINT (11.579253182000100 48.136003323000097)","Unfall 226945 (2022) Kat:3, Licht: 0","226945","3","6","2","11","10","3","","0","1","1","0","0"
"POINT (11.584476078000000 48.198237480000003)","Unfall 226948 (2022) Kat:3, Licht: 0","226948","3","3","5","11","09","4","","0","0","1","0","1"
"POINT (11.551628200000000 48.137539146999998)","Unfall 226954 (2022) Kat:3, Licht: 0","226954","3","3","5","11","12","1","","0","0","1","0","0"
"POINT (11.577881826000100 48.163772000999998)","Unfall 226956 (2022) Kat:2, Licht: 2","226956","2","6","2","11","17","5","","2","1","1","0","0"
"POINT (11.590381754000100 48.097632657000098)","Unfall 226958 (2022) Kat:3, Licht: 2","226958","3","1","0","11","17","3","","2","1","0","0","0"
"POINT (11.583852450000100 48.155559868000097)","Unfall 226960 (2022) Kat:3, Licht: 1","226960","3","3","5","11","16","4","","1","1","1","0","0"
"POINT (11.502918424000001 48.131197092000001)","Unfall 226963 (2022) Kat:2, Licht: 2","226963","2","2","6","11","17","6","","2","0","1","1","0"
"POINT (11.658969850000100 48.080454546000098)","Unfall 226968 (2022) Kat:3, Licht: 0","226968","3","3","5","11","15","1","","0","1","1","0","0"
"POINT (11.562690851000101 48.132159128000097)","Unfall 226972 (2022) Kat:3, Licht: 1","226972","3","2","4","11","16","4","","1","1","1","0","0"
"POINT (11.519470961000000 48.117443722000097)","Unfall 226975 (2022) Kat:3, Licht: 0","226975","3","1","2","11","08","2","","0","1","1","0","0"
"POINT (11.617407575000099 48.124688462999998)","Unfall 226976 (2022) Kat:3, Licht: 0","226976","3","3","5","11","15","5","","0","0","1","0","0"
"POINT (11.528174687000000 48.224324547999998)","Unfall 226978 (2022) Kat:3, Licht: 2","226978","3","6","3","11","18","3","","2","0","1","0","0"
"POINT (11.545281759000000 48.131385781000098)","Unfall 226980 (2022) Kat:3, Licht: 0","226980","3","7","6","11","12","7","","0","1","0","1","0"
"POINT (11.504011691000100 48.135413718000102)","Unfall 226982 (2022) Kat:3, Licht: 0","226982","3","7","5","11","11","3","","0","0","1","0","0"
"POINT (11.497693200000100 48.093589859000097)","Unfall 226985 (2022) Kat:3, Licht: 2","226985","3","1","0","11","23","5","","2","0","0","0","0"
"POINT (11.535837582999999 48.153529620000000)","Unfall 226986 (2022) Kat:3, Licht: 2","226986","3","1","0","11","23","6","","2","1","0","0","0"
"POINT (11.597769521000000 48.102875982000100)","Unfall 226989 (2022) Kat:3, Licht: 0","226989","3","6","1","11","09","6","","0","0","1","0","0"
"POINT (11.663236388000000 48.120476885000102)","Unfall 226990 (2022) Kat:3, Licht: 1","226990","3","3","4","11","16","4","","1","0","1","0","1"
"POINT (11.578600206999999 48.110441132000098)","Unfall 226998 (2022) Kat:3, Licht: 0","226998","3","3","5","11","13","6","","0","1","1","0","0"
"POINT (11.541656218000099 48.139515421000098)","Unfall 227004 (2022) Kat:3, Licht: 2","227004","3","2","4","11","17","2","","2","0","1","0","0"
"POINT (11.462174234000001 48.150587197999997)","Unfall 227007 (2022) Kat:3, Licht: 2","227007","3","2","4","11","17","5","","2","1","0","0","0"
"POINT (11.645190490000100 48.120192952000103)","Unfall 227008 (2022) Kat:3, Licht: 2","227008","3","3","5","11","19","3","","2","0","1","0","0"
"POINT (11.543937005000000 48.102745429000002)","Unfall 227013 (2022) Kat:3, Licht: 0","227013","3","3","5","11","13","6","","0","1","1","0","0"
"POINT (11.565862309000099 48.208950948000101)","Unfall 227020 (2022) Kat:3, Licht: 1","227020","3","4","6","11","16","5","","1","0","1","1","0"
"POINT (11.545515995000100 48.135608669000099)","Unfall 227028 (2022) Kat:3, Licht: 0","227028","3","6","4","11","13","7","","0","1","1","0","0"
"POINT (11.602853825000100 48.149083007000101)","Unfall 227033 (2022) Kat:3, Licht: 2","227033","3","6","4","11","17","4","","2","0","0","0","0"
"POINT (11.650374176000099 48.113121298000102)","Unfall 227037 (2022) Kat:3, Licht: 0","227037","3","2","3","11","13","6","","0","1","1","0","0"
"POINT (11.479043341000001 48.128236823000101)","Unfall 227044 (2022) Kat:3, Licht: 0","227044","3","6","2","11","07","4","","0","1","0","0","0"
"POINT (11.523895510999999 48.099633248000004)","Unfall 227050 (2022) Kat:3, Licht: 0","227050","3","1","0","11","13","7","","0","0","0","0","0"
"POINT (11.528311646000100 48.165194100000100)","Unfall 227057 (2022) Kat:3, Licht: 0","227057","3","3","5","11","08","5","","0","1","1","0","0"
"POINT (11.526639703000100 48.074691735000002)","Unfall 227069 (2022) Kat:3, Licht: 0","227069","3","1","0","11","07","2","","0","1","0","0","0"
"POINT (11.606049292000000 48.120784401999998)","Unfall 227071 (2022) Kat:3, Licht: 0","227071","3","2","5","11","11","6","","0","0","1","0","0"
"POINT (11.540948157000100 48.124864076999998)","Unfall 227072 (2022) Kat:3, Licht: 2","227072","3","1","1","11","21","1","","2","0","1","0","0"
"POINT (11.546686750999999 48.159994189000003)","Unfall 227077 (2022) Kat:3, Licht: 0","227077","3","6","3","11","09","5","","0","0","1","0","1"
"POINT (11.533353200000001 48.106535345000097)","Unfall 227082 (2022) Kat:3, Licht: 2","227082","3","2","5","11","17","2","","2","1","1","0","0"
"POINT (11.597076972000000 48.173216081000099)","Unfall 227083 (2022) Kat:3, Licht: 2","227083","3","2","4","11","16","6","","2","1","1","0","0"
"POINT (11.607838468000100 48.138955275000100)","Unfall 227086 (2022) Kat:3, Licht: 0","227086","3","3","5","11","09","3","","0","1","1","0","0"
"POINT (11.591424430000099 48.187990322000097)","Unfall 227094 (2022) Kat:3, Licht: 2","227094","3","2","4","11","18","6","","2","0","1","0","0"
"POINT (11.534457422000100 48.136626735999997)","Unfall 227099 (2022) Kat:3, Licht: 2","227099","3","3","5","11","22","2","","2","1","0","0","0"
"POINT (11.594637440000000 48.141817982000099)","Unfall 227104 (2022) Kat:3, Licht: 0","227104","3","3","5","11","07","4","","0","1","1","0","0"
"POINT (11.574074332000100 48.139797735000101)","Unfall 227105 (2022) Kat:2, Licht: 2","227105","2","1","0","11","16","5","","2","1","0","0","0"
"POINT (11.576216634000000 48.184363501000099)","Unfall 227109 (2022) Kat:3, Licht: 2","227109","3","2","5","11","19","6","","2","1","1","0","0"
"POINT (11.517219957000099 48.130061277999999)","Unfall 227111 (2022) Kat:3, Licht: 2","227111","3","6","3","11","16","2","","2","1","0","0","0"
"POINT (11.564725620999999 48.137418196000098)","Unfall 227116 (2022) Kat:3, Licht: 0","227116","3","3","5","11","16","4","","0","0","1","0","0"
"POINT (11.539448364000100 48.100556337999997)","Unfall 227118 (2022) Kat:3, Licht: 2","227118","3","7","1","11","01","4","","2","0","1","0","0"
"POINT (11.536260913000000 48.146191324000000)","Unfall 227119 (2022) Kat:3, Licht: 1","227119","3","4","6","11","16","6","","1","1","0","1","0"
"POINT (11.558424530000000 48.130531409000099)","Unfall 227120 (2022) Kat:3, Licht: 0","227120","3","7","3","11","14","6","","0","0","1","0","1"
"POINT (11.494020453000100 48.169275914000103)","Unfall 227126 (2022) Kat:3, Licht: 0","227126","3","3","5","11","14","1","","0","0","1","0","1"
"POINT (11.610165434000100 48.134821000000002)","Unfall 227128 (2022) Kat:3, Licht: 0","227128","3","3","5","11","14","4","","0","1","0","0","0"
"POINT (11.607260452000000 48.155512721999997)","Unfall 227144 (2022) Kat:3, Licht: 0","227144","3","3","5","11","12","5","","0","0","1","0","0"
"POINT (11.599615012000100 48.205507410999999)","Unfall 227145 (2022) Kat:2, Licht: 1","227145","2","4","6","11","16","3","","1","0","1","1","0"
"POINT (11.614223949000101 48.131166785000097)","Unfall 227153 (2022) Kat:2, Licht: 2","227153","2","3","5","11","16","5","","2","0","1","0","0"
"POINT (11.459904109000000 48.138210524999998)","Unfall 227155 (2022) Kat:3, Licht: 0","227155","3","3","5","11","09","3","","0","1","1","0","0"
"POINT (11.511748149000001 48.181209058000000)","Unfall 227156 (2022) Kat:3, Licht: 2","227156","3","2","3","11","18","5","","2","1","1","0","0"
"POINT (11.591746844000101 48.165899475000103)","Unfall 227161 (2022) Kat:3, Licht: 2","227161","3","7","3","11","19","4","","2","1","1","0","0"
"POINT (11.622460378000000 48.140967788000097)","Unfall 227165 (2022) Kat:3, Licht: 2","227165","3","1","2","11","18","4","","2","0","1","0","1"
"POINT (11.649849547000001 48.112657974999998)","Unfall 227168 (2022) Kat:3, Licht: 2","227168","3","2","5","11","19","6","","2","0","1","0","0"
"POINT (11.581130965000099 48.198155387000000)","Unfall 227169 (2022) Kat:3, Licht: 0","227169","3","7","5","11","07","6","","0","0","1","1","0"
"POINT (11.556405571000001 48.213258208000099)","Unfall 227173 (2022) Kat:3, Licht: 2","227173","3","2","4","11","18","1","","2","0","1","0","0"
"POINT (11.541866653000101 48.103491789000003)","Unfall 227183 (2022) Kat:3, Licht: 0","227183","3","6","2","11","12","7","","0","0","1","0","1"
"POINT (11.643242600000100 48.100750920000102)","Unfall 227184 (2022) Kat:3, Licht: 0","227184","3","7","5","11","12","2","","0","1","0","0","0"
"POINT (11.586104325000100 48.143267072000100)","Unfall 227185 (2022) Kat:3, Licht: 2","227185","3","7","0","11","01","6","","2","0","0","0","0"
"POINT (11.601809279000101 48.129427235999998)","Unfall 227189 (2022) Kat:3, Licht: 0","227189","3","1","0","11","09","4","","0","1","0","0","0"
"POINT (11.562466460000101 48.121091671000002)","Unfall 227193 (2022) Kat:3, Licht: 0","227193","3","6","3","11","11","2","","0","1","0","0","0"
"POINT (11.650294185000099 48.161960260999997)","Unfall 227194 (2022) Kat:3, Licht: 0","227194","3","3","5","11","12","6","","0","0","1","0","0"
"POINT (11.569093191000000 48.158863413000098)","Unfall 227197 (2022) Kat:3, Licht: 2","227197","3","2","2","11","18","3","","2","1","0","0","0"
"POINT (11.558940606000000 48.100132911000102)","Unfall 227201 (2022) Kat:3, Licht: 2","227201","3","2","6","11","16","4","","2","0","1","1","0"
"POINT (11.614299966999999 48.152225805000100)","Unfall 227202 (2022) Kat:3, Licht: 0","227202","3","6","3","11","09","5","","0","0","1","0","0"
"POINT (11.572320605000099 48.114516120000097)","Unfall 227206 (2022) Kat:3, Licht: 1","227206","3","2","5","11","18","2","","1","0","1","0","1"
"POINT (11.596516014000001 48.192617719000097)","Unfall 227207 (2022) Kat:3, Licht: 2","227207","3","2","6","11","18","6","","2","0","1","1","0"
"POINT (11.606515232000000 48.135791660000102)","Unfall 227210 (2022) Kat:3, Licht: 2","227210","3","6","3","11","16","3","","2","0","1","0","0"
"POINT (11.602186304000000 48.115645535000098)","Unfall 227212 (2022) Kat:3, Licht: 0","227212","3","6","1","11","08","4","","0","0","1","0","0"
"POINT (11.581901502999999 48.098410901000101)","Unfall 227216 (2022) Kat:3, Licht: 0","227216","3","2","5","11","07","6","","0","1","1","0","0"
"POINT (11.573171488000099 48.130128362999997)","Unfall 227225 (2022) Kat:3, Licht: 0","227225","3","2","5","11","16","5","","0","1","1","0","0"
"POINT (11.585224268999999 48.099710487999999)","Unfall 227227 (2022) Kat:3, Licht: 2","227227","3","1","0","11","20","5","","2","0","0","0","0"
"POINT (11.609967887000000 48.132461352000099)","Unfall 227229 (2022) Kat:3, Licht: 2","227229","3","3","5","11","19","2","","2","1","1","0","0"
"POINT (11.580560589000100 48.149009831000100)","Unfall 227231 (2022) Kat:3, Licht: 1","227231","3","2","6","11","17","3","","1","0","1","1","0"
"POINT (11.660412059000100 48.133074821999998)","Unfall 227233 (2022) Kat:3, Licht: 0","227233","3","2","4","11","15","2","","0","0","1","0","0"
"POINT (11.601299746000100 48.142564372999999)","Unfall 227234 (2022) Kat:2, Licht: 0","227234","2","3","1","11","11","7","","0","1","0","0","0"
"POINT (11.607133879999999 48.139383627000001)","Unfall 227239 (2022) Kat:3, Licht: 0","227239","3","2","5","11","12","4","","0","0","1","0","0"
"POINT (11.586288748000101 48.168861642000103)","Unfall 227243 (2022) Kat:3, Licht: 0","227243","3","2","3","11","10","4","","0","1","1","0","0"
"POINT (11.580511518000000 48.148987202000100)","Unfall 227254 (2022) Kat:3, Licht: 2","227254","3","6","2","11","18","5","","2","0","1","0","1"
"POINT (11.502404572000000 48.111840244000099)","Unfall 227255 (2022) Kat:3, Licht: 2","227255","3","7","0","11","17","3","","2","1","0","1","0"
"POINT (11.503157298000099 48.139427037000097)","Unfall 227257 (2022) Kat:3, Licht: 0","227257","3","6","2","11","10","2","","0","0","1","0","0"
"POINT (11.557055029000001 48.116776113000100)","Unfall 227262 (2022) Kat:3, Licht: 2","227262","3","2","2","11","06","5","","2","0","1","0","1"
"POINT (11.608350831000100 48.186192295000097)","Unfall 227265 (2022) Kat:3, Licht: 0","227265","3","3","5","11","13","5","","0","1","0","0","0"
"POINT (11.524846175000100 48.117212887000100)","Unfall 227270 (2022) Kat:3, Licht: 0","227270","3","7","5","11","11","5","","0","1","1","0","0"
"POINT (11.572876847000000 48.175622103000102)","Unfall 227274 (2022) Kat:2, Licht: 0","227274","2","2","3","11","15","1","","0","1","1","0","0"
"POINT (11.561269298000100 48.164686220000100)","Unfall 227276 (2022) Kat:3, Licht: 2","227276","3","5","1","11","17","3","","2","1","1","0","0"
"POINT (11.502834088000000 48.127652764000104)","Unfall 227288 (2022) Kat:3, Licht: 2","227288","3","6","2","11","18","4","","2","0","1","0","0"
"POINT (11.421431977000100 48.147582353000097)","Unfall 227292 (2022) Kat:3, Licht: 2","227292","3","2","6","11","17","6","","2","0","1","1","0"
"POINT (11.460979161000100 48.143085489999997)","Unfall 227293 (2022) Kat:2, Licht: 2","227293","2","4","6","11","19","4","","2","0","1","1","0"
"POINT (11.561473732000000 48.141714124000003)","Unfall 227298 (2022) Kat:3, Licht: 0","227298","3","7","6","11","15","1","","0","0","1","1","0"
"POINT (11.489092840000099 48.183989150000102)","Unfall 227299 (2022) Kat:3, Licht: 0","227299","3","7","0","11","15","5","","0","0","0","0","0"
"POINT (11.579119346000001 48.145934790000098)","Unfall 227300 (2022) Kat:3, Licht: 0","227300","3","6","2","11","13","4","","0","0","1","0","0"
"POINT (11.564737532000001 48.137483359999997)","Unfall 227302 (2022) Kat:3, Licht: 2","227302","3","6","2","11","17","7","","2","1","0","0","0"
"POINT (11.583497913000000 48.126540496000104)","Unfall 227312 (2022) Kat:3, Licht: 0","227312","3","6","1","11","12","3","","0","0","1","0","0"
"POINT (11.573372555000001 48.172673989000003)","Unfall 227315 (2022) Kat:3, Licht: 0","227315","3","7","2","11","14","5","","0","0","1","1","0"
"POINT (11.531166477000101 48.146191735999999)","Unfall 227316 (2022) Kat:3, Licht: 0","227316","3","3","5","11","08","6","","0","1","1","0","0"
"POINT (11.584620862000101 48.157207664000097)","Unfall 227318 (2022) Kat:3, Licht: 0","227318","3","2","5","11","13","2","","0","1","1","0","0"
"POINT (11.513500619000100 48.139092652000002)","Unfall 227319 (2022) Kat:3, Licht: 2","227319","3","7","7","11","21","4","","2","0","0","0","1"
"POINT (11.563504629000001 48.170978333000100)","Unfall 227338 (2022) Kat:3, Licht: 2","227338","3","6","2","11","19","4","","2","0","1","0","0"
"POINT (11.574792533000000 48.170415580000103)","Unfall 227341 (2022) Kat:3, Licht: 0","227341","3","7","0","11","13","2","","0","0","0","0","0"
"POINT (11.568243418000099 48.187377310999999)","Unfall 227350 (2022) Kat:3, Licht: 2","227350","3","3","5","11","17","5","","2","0","1","0","0"
"POINT (11.533211313000001 48.116892630000102)","Unfall 227358 (2022) Kat:3, Licht: 0","227358","3","7","0","11","11","7","","0","0","0","0","0"
"POINT (11.642259878000100 48.172759004000099)","Unfall 227368 (2022) Kat:3, Licht: 0","227368","3","7","6","11","08","2","","0","0","1","1","0"
"POINT (11.539092396000100 48.135753004999998)","Unfall 227374 (2022) Kat:3, Licht: 2","227374","3","1","1","11","02","4","","2","0","1","0","0"
"POINT (11.545007166000101 48.122481628000102)","Unfall 227381 (2022) Kat:2, Licht: 0","227381","2","2","6","11","14","5","","0","0","1","1","0"
"POINT (11.595337838000001 48.118475549000003)","Unfall 227386 (2022) Kat:3, Licht: 2","227386","3","3","5","11","06","5","","2","0","1","0","0"
"POINT (11.596933468000000 48.195773709000001)","Unfall 227390 (2022) Kat:3, Licht: 2","227390","3","3","5","11","23","2","","2","0","1","0","0"
"POINT (11.565257304000101 48.137419979000100)","Unfall 227394 (2022) Kat:3, Licht: 2","227394","3","1","6","11","03","7","","2","0","0","1","0"
"POINT (11.565004444000101 48.159654209999999)","Unfall 227395 (2022) Kat:3, Licht: 2","227395","3","3","5","11","00","1","","2","1","1","0","0"
"POINT (11.420296319000000 48.150927052999997)","Unfall 227396 (2022) Kat:3, Licht: 0","227396","3","2","3","11","13","3","","0","1","0","0","0"
"POINT (11.605471023000099 48.116570801000101)","Unfall 227398 (2022) Kat:3, Licht: 0","227398","3","3","5","11","16","5","","0","0","0","0","0"
"POINT (11.540875868000100 48.120352337999996)","Unfall 227399 (2022) Kat:3, Licht: 2","227399","3","7","1","11","22","4","","2","1","1","0","0"
"POINT (11.569024098000099 48.187324205000003)","Unfall 227400 (2022) Kat:3, Licht: 0","227400","3","6","3","11","08","4","","0","0","1","0","1"
"POINT (11.547307745000101 48.110261618999999)","Unfall 227404 (2022) Kat:2, Licht: 0","227404","2","3","5","11","08","5","","0","1","1","0","0"
"POINT (11.547661872000001 48.126650728000101)","Unfall 227408 (2022) Kat:3, Licht: 2","227408","3","2","4","11","22","6","","2","1","1","0","0"
"POINT (11.601287984000100 48.142042988000100)","Unfall 227410 (2022) Kat:3, Licht: 2","227410","3","6","4","11","06","3","","2","1","1","0","0"
"POINT (11.610298964000000 48.132343786000000)","Unfall 227413 (2022) Kat:3, Licht: 0","227413","3","2","5","11","07","3","","0","1","1","0","0"
"POINT (11.561265524000000 48.154435956999997)","Unfall 227415 (2022) Kat:3, Licht: 2","227415","3","7","5","11","21","6","","2","1","1","0","0"
"POINT (11.466689189000000 48.141078467000099)","Unfall 227423 (2022) Kat:3, Licht: 0","227423","3","2","4","11","07","3","","0","1","1","0","0"
"POINT (11.530546874000001 48.153563943999998)","Unfall 227429 (2022) Kat:3, Licht: 2","227429","3","6","4","11","17","6","","2","1","1","0","0"
"POINT (11.468040165000000 48.132781809000100)","Unfall 227430 (2022) Kat:3, Licht: 0","227430","3","7","8","11","09","1","","0","0","1","0","0"
"POINT (11.502184363000000 48.108467684000097)","Unfall 227432 (2022) Kat:3, Licht: 0","227432","3","6","2","11","13","5","","0","0","1","0","0"
"POINT (11.517257465000100 48.083672587000102)","Unfall 227434 (2022) Kat:3, Licht: 2","227434","3","3","5","11","17","2","","2","0","1","0","0"
"POINT (11.582328295000000 48.119608526999997)","Unfall 227437 (2022) Kat:3, Licht: 0","227437","3","1","0","11","08","5","","0","0","0","0","1"
"POINT (11.547910924000099 48.103775171000102)","Unfall 227438 (2022) Kat:3, Licht: 2","227438","3","1","5","11","17","3","","2","0","1","0","1"
"POINT (11.471924162000100 48.144486517000097)","Unfall 227440 (2022) Kat:3, Licht: 2","227440","3","3","5","11","17","7","","2","1","1","0","0"
"POINT (11.577109609000001 48.136544849000103)","Unfall 227441 (2022) Kat:3, Licht: 2","227441","3","7","5","11","23","2","","2","1","1","0","0"
"POINT (11.557581459000099 48.126898448000098)","Unfall 227443 (2022) Kat:3, Licht: 0","227443","3","6","3","11","08","3","","0","1","1","0","0"
"POINT (11.517251462000001 48.113134369000100)","Unfall 227446 (2022) Kat:3, Licht: 0","227446","3","1","0","11","08","6","","0","0","0","0","1"
"POINT (11.575153459999999 48.154020811000102)","Unfall 227455 (2022) Kat:3, Licht: 2","227455","3","3","5","11","17","6","","2","1","1","0","0"
"POINT (11.575028595999999 48.160721341000098)","Unfall 227465 (2022) Kat:3, Licht: 2","227465","3","5","1","11","21","4","","2","1","1","0","0"
"POINT (11.600362436000101 48.128413541000000)","Unfall 227467 (2022) Kat:3, Licht: 0","227467","3","4","6","11","13","2","","0","0","1","1","0"
"POINT (11.529653030000100 48.156124094000099)","Unfall 227468 (2022) Kat:3, Licht: 2","227468","3","7","1","11","16","6","","2","0","1","0","0"
"POINT (11.608192269000000 48.137720760000001)","Unfall 227469 (2022) Kat:2, Licht: 0","227469","2","2","3","11","09","4","","0","0","1","0","0"
"POINT (11.595912206000000 48.147311850000101)","Unfall 227471 (2022) Kat:3, Licht: 0","227471","3","7","1","11","12","3","","0","0","1","0","0"
"POINT (11.511750161000100 48.155786014000100)","Unfall 227473 (2022) Kat:3, Licht: 0","227473","3","7","5","11","09","3","","0","1","1","0","0"
"POINT (11.573695387000001 48.127456160000101)","Unfall 227476 (2022) Kat:3, Licht: 2","227476","3","3","5","11","17","4","","2","0","0","0","1"
"POINT (11.513499383000100 48.168565484000098)","Unfall 227482 (2022) Kat:2, Licht: 0","227482","2","7","0","11","15","3","","0","1","0","0","0"
"POINT (11.576003666000100 48.128042366999999)","Unfall 227483 (2022) Kat:3, Licht: 0","227483","3","1","0","11","12","7","","0","1","0","0","0"
"POINT (11.586405971000000 48.201058101999998)","Unfall 227487 (2022) Kat:2, Licht: 2","227487","2","7","5","11","17","5","","2","1","0","0","0"
"POINT (11.567512174000100 48.123214439000002)","Unfall 227497 (2022) Kat:3, Licht: 1","227497","3","2","3","11","07","4","","1","1","1","0","0"
"POINT (11.586847078000099 48.143309970000097)","Unfall 227504 (2022) Kat:3, Licht: 0","227504","3","2","3","11","09","2","","0","0","1","0","0"
"POINT (11.519242370000001 48.142861242999999)","Unfall 227506 (2022) Kat:3, Licht: 0","227506","3","7","0","11","12","6","","0","0","0","0","0"
"POINT (11.581500687000100 48.162570799999997)","Unfall 227512 (2022) Kat:3, Licht: 0","227512","3","3","5","11","13","5","","0","1","1","0","1"
"POINT (11.568636477000000 48.157084578000102)","Unfall 227513 (2022) Kat:3, Licht: 0","227513","3","6","2","11","12","4","","0","1","1","0","0"
"POINT (11.503568804000100 48.187688487000102)","Unfall 227517 (2022) Kat:3, Licht: 2","227517","3","6","6","11","18","5","","2","1","0","1","0"
"POINT (11.601007213000100 48.141938835000097)","Unfall 227519 (2022) Kat:3, Licht: 0","227519","3","1","0","11","13","2","","0","1","0","0","0"
"POINT (11.481735412000001 48.164045313000003)","Unfall 227521 (2022) Kat:3, Licht: 2","227521","3","6","2","11","16","7","","2","0","1","0","0"
"POINT (11.541296103000001 48.123015799000001)","Unfall 227537 (2022) Kat:3, Licht: 0","227537","3","2","5","11","15","1","","0","0","1","0","0"
"POINT (11.565040326000000 48.140934048000098)","Unfall 227539 (2022) Kat:3, Licht: 0","227539","3","5","3","11","14","3","","0","0","1","0","0"
"POINT (11.561141091000000 48.141001012000103)","Unfall 227541 (2022) Kat:2, Licht: 0","227541","2","7","5","11","10","5","","0","0","0","0","0"
"POINT (11.591056454000100 48.167547358999997)","Unfall 227547 (2022) Kat:3, Licht: 0","227547","3","3","5","11","09","7","","0","1","1","0","0"
"POINT (11.520563340000001 48.179415130000102)","Unfall 227555 (2022) Kat:3, Licht: 0","227555","3","5","1","11","12","6","","0","1","1","0","0"
"POINT (11.639302173000001 48.109005345000099)","Unfall 227564 (2022) Kat:3, Licht: 2","227564","3","3","5","11","05","4","","2","1","1","0","0"
"POINT (11.491999850000100 48.138598954000003)","Unfall 227565 (2022) Kat:3, Licht: 0","227565","3","5","1","11","13","5","","0","1","1","0","0"
"POINT (11.578736721000000 48.145114405000101)","Unfall 227568 (2022) Kat:3, Licht: 0","227568","3","6","3","11","09","5","","0","1","0","0","0"
"POINT (11.539597343000001 48.100501924000099)","Unfall 227570 (2022) Kat:3, Licht: 0","227570","3","3","5","11","08","2","","0","0","1","0","1"
"POINT (11.582555915000100 48.176334822999998)","Unfall 227572 (2022) Kat:3, Licht: 2","227572","3","7","0","11","05","7","","2","1","0","0","0"
"POINT (11.585383718999999 48.159226745000097)","Unfall 227579 (2022) Kat:3, Licht: 2","227579","3","1","5","11","21","6","","2","1","1","0","0"
"POINT (11.507311719000000 48.164300567000097)","Unfall 227581 (2022) Kat:3, Licht: 2","227581","3","6","2","11","18","2","","2","0","1","0","0"
"POINT (11.572319237000000 48.195262313000100)","Unfall 227590 (2022) Kat:3, Licht: 0","227590","3","3","5","11","10","5","","0","1","1","0","0"
"POINT (11.541294887999999 48.123909910000101)","Unfall 227591 (2022) Kat:3, Licht: 0","227591","3","5","0","11","13","6","","0","1","1","0","0"
"POINT (11.488736234999999 48.217369946000098)","Unfall 227602 (2022) Kat:3, Licht: 0","227602","3","4","0","11","11","6","","0","0","1","1","0"
"POINT (11.514497194000100 48.118075693000002)","Unfall 227606 (2022) Kat:3, Licht: 2","227606","3","7","1","11","05","1","","2","0","1","0","0"
"POINT (11.553626680000001 48.112319573000001)","Unfall 227614 (2022) Kat:3, Licht: 0","227614","3","2","5","11","15","2","","0","0","1","0","1"
"POINT (11.407457930000000 48.177445992000102)","Unfall 227615 (2022) Kat:3, Licht: 2","227615","3","3","5","11","16","5","","2","0","1","0","0"
"POINT (11.564412391000101 48.164536814000002)","Unfall 227617 (2022) Kat:3, Licht: 1","227617","3","2","5","11","17","2","","1","1","0","0","0"
"POINT (11.586298960000001 48.168726907000099)","Unfall 227620 (2022) Kat:3, Licht: 2","227620","3","3","6","11","16","3","","2","0","1","1","0"
"POINT (11.588509113000001 48.155000674000100)","Unfall 227627 (2022) Kat:2, Licht: 2","227627","2","5","1","11","17","6","","2","1","1","0","0"
"POINT (11.595914683000000 48.147324340000097)","Unfall 227628 (2022) Kat:3, Licht: 2","227628","3","5","1","11","22","4","","2","0","1","0","1"
"POINT (11.521183301000100 48.111029115000100)","Unfall 227630 (2022) Kat:3, Licht: 1","227630","3","7","1","11","16","3","","1","0","1","0","0"
"POINT (11.563098327000001 48.141523434000099)","Unfall 227632 (2022) Kat:3, Licht: 0","227632","3","1","2","11","14","3","","0","0","1","0","0"
"POINT (11.630732733000100 48.166643968000102)","Unfall 227639 (2022) Kat:3, Licht: 0","227639","3","7","0","11","09","1","","0","0","0","0","0"
"POINT (11.559162379000000 48.098425599000102)","Unfall 227645 (2022) Kat:2, Licht: 0","227645","2","1","1","11","10","1","","0","1","0","0","0"
"POINT (11.521149102000001 48.176052620000100)","Unfall 227646 (2022) Kat:3, Licht: 0","227646","3","5","1","11","13","5","","0","0","1","0","0"
"POINT (11.574673639000000 48.145706761000000)","Unfall 227654 (2022) Kat:3, Licht: 0","227654","3","6","1","11","08","5","","0","0","1","0","0"
"POINT (11.546510124000100 48.211695380999998)","Unfall 227659 (2022) Kat:3, Licht: 0","227659","3","1","0","11","13","5","","0","1","0","0","0"
"POINT (11.435636100000099 48.150787168000100)","Unfall 227663 (2022) Kat:3, Licht: 0","227663","3","2","0","11","12","2","","0","1","1","0","0"
"POINT (11.552101248000000 48.186090385999996)","Unfall 227666 (2022) Kat:3, Licht: 0","227666","3","6","2","11","08","2","","0","0","1","0","0"
"POINT (11.649511989000100 48.107120387000101)","Unfall 227672 (2022) Kat:2, Licht: 0","227672","2","3","5","11","13","4","","0","1","1","0","0"
"POINT (11.593063779000000 48.117815174999997)","Unfall 227676 (2022) Kat:3, Licht: 2","227676","3","1","0","11","16","6","","2","0","1","0","1"
"POINT (11.555946716999999 48.139153785000097)","Unfall 227677 (2022) Kat:3, Licht: 0","227677","3","3","5","11","08","4","","0","0","1","0","0"
"POINT (11.562342918000100 48.173988082000101)","Unfall 227679 (2022) Kat:3, Licht: 0","227679","3","7","1","11","08","3","","0","1","1","0","0"