WKT,Name,OBJECTID,UKATEGORIE,UTYP1,UART,UMONAT,USTUNDE,UWOCHENTAG,STRZUSTAND,ULICHTVERH,ISTRAD,ISTPKW,ISTFUSS,ISTKRAD
"POINT (11.583175985000000 48.144439121000097)","Unfall 227683 (2022) Kat:2, Licht: 0","227683","2","7","6","11","14","4","","0","1","0","1","0"
"POINT (11.578511743000000 48.126174083000102)","Unfall 227690 (2022) Kat:3, Licht: 0","227690","3","7","5","11","14","2","","0","0","0","0","1"
"POINT (11.645337539000000 48.098907693999998)","Unfall 227699 (2022) Kat:3, Licht: 1","227699","3","2","5","11","15","6","","1","0","1","0","0"
"POINT (11.491197324000000 48.184116059000097)","Unfall 227701 (2022) Kat:3, Licht: 0","227701","3","7","0","11","14","6","","0","0","0","0","0"
"POINT (11.412852749000001 48.137451018000000)","Unfall 227708 (2022) Kat:3, Licht: 2","227708","3","3","5","12","17","1","","2","0","1","0","0"
"POINT (11.571830164000099 48.148836018000097)","Unfall 227737 (2022) Kat:3, Licht: 2","227737","3","2","6","12","05","3","","2","0","1","1","0"
"POINT (11.656818428000101 48.108401431000097)","Unfall 227745 (2022) Kat:3, Licht: 1","227745","3","6","2","12","16","5","","1","0","1","0","0"
"POINT (11.502205374000001 48.109177241000097)","Unfall 227746 (2022) Kat:3, Licht: 2","227746","3","6","2","12","16","2","","2","0","1","0","0"
"POINT (11.525075786000100 48.156406155000099)","Unfall 227753 (2022) Kat:3, Licht: 0","227753","3","7","0","12","13","1","","0","1","0","0","0"
"POINT (11.633805017000000 48.125598243000098)","Unfall 227761 (2022) Kat:3, Licht: 0","227761","3","6","2","12","10","2","","0","0","1","0","0"
"POINT (11.561186818000101 48.146965990000098)","Unfall 227765 (2022) Kat:3, Licht: 0","227765","3","5","0","12","10","6","","0","1","1","0","0"
"POINT (11.671831138000099 48.120492904000102)","Unfall 227768 (2022) Kat:3, Licht: 0","227768","3","7","4","12","13","6","","0","1","0","0","0"
"POINT (11.520026952000000 48.076394172000100)","Unfall 227773 (2022) Kat:3, Licht: 2","227773","3","7","0","12","07","3","","2","1","0","0","0"
"POINT (11.556019959000000 48.137481078000100)","Unfall 227774 (2022) Kat:3, Licht: 1","227774","3","2","4","12","17","5","","1","1","1","0","0"
"POINT (11.676881309000100 48.082652000000103)","Unfall 227787 (2022) Kat:3, Licht: 1","227787","3","3","5","12","07","3","","1","1","0","0","0"
"POINT (11.571174235999999 48.152449783000101)","Unfall 227798 (2022) Kat:3, Licht: 0","227798","3","3","5","12","12","4","","0","1","1","0","0"
"POINT (11.521217822000001 48.182224399000098)","Unfall 227805 (2022) Kat:3, Licht: 2","227805","3","1","9","12","01","4","","2","0","1","0","0"
"POINT (11.609407965000100 48.138696779000000)","Unfall 227807 (2022) Kat:3, Licht: 0","227807","3","6","1","12","11","2","","0","0","1","0","0"
"POINT (11.593749460000000 48.115016045000097)","Unfall 227812 (2022) Kat:3, Licht: 0","227812","3","1","0","12","10","2","","0","1","0","0","0"
"POINT (11.632554574000000 48.133053505000099)","Unfall 227827 (2022) Kat:3, Licht: 2","227827","3","6","2","12","16","3","","2","0","1","0","0"
"POINT (11.580698716000001 48.140280249000099)","Unfall 227838 (2022) Kat:3, Licht: 0","227838","3","7","6","12","10","6","","0","0","0","1","0"
"POINT (11.521993449000000 48.189953781000000)","Unfall 227851 (2022) Kat:3, Licht: 2","227851","3","6","2","12","17","7","","2","0","1","0","0"
"POINT (11.551592783000000 48.197851862000100)","Unfall 227852 (2022) Kat:3, Licht: 0","227852","3","7","0","12","15","1","","0","0","0","0","0"
"POINT (11.539229308000101 48.125321161000002)","Unfall 227857 (2022) Kat:3, Licht: 2","227857","3","7","4","11","17","4","","2","1","1","0","0"
"POINT (11.507699912000000 48.094325363999999)","Unfall 227859 (2022) Kat:2, Licht: 0","227859","2","7","0","12","10","4","","0","1","0","0","0"
"POINT (11.543594940000000 48.161986635000098)","Unfall 227860 (2022) Kat:3, Licht: 1","227860","3","5","1","12","07","7","","1","0","1","0","0"
"POINT (11.534753276000099 48.146499368999997)","Unfall 227861 (2022) Kat:3, Licht: 0","227861","3","3","5","12","07","6","","0","0","1","0","0"
"POINT (11.565067495999999 48.192739093000100)","Unfall 227870 (2022) Kat:3, Licht: 2","227870","3","2","5","12","21","1","","2","1","1","0","0"
"POINT (11.525817603000100 48.168811523000002)","Unfall 227871 (2022) Kat:3, Licht: 0","227871","3","6","2","12","09","6","","0","0","1","0","0"
"POINT (11.581075828000101 48.116652113999997)","Unfall 227879 (2022) Kat:3, Licht: 2","227879","3","4","6","12","16","2","","2","0","1","1","0"
"POINT (11.511824219000101 48.097901131000100)","Unfall 227882 (2022) Kat:3, Licht: 0","227882","3","2","5","12","16","4","","0","1","1","0","0"
"POINT (11.598921883999999 48.088476747000101)","Unfall 227891 (2022) Kat:2, Licht: 0","227891","2","3","5","12","12","5","","0","0","0","0","0"
"POINT (11.579216744000099 48.129297644000097)","Unfall 227892 (2022) Kat:2, Licht: 1","227892","2","3","5","12","15","2","","1","1","1","0","0"
"POINT (11.586764888000101 48.137814450000100)","Unfall 227897 (2022) Kat:3, Licht: 2","227897","3","6","3","12","18","7","","2","0","1","0","0"
"POINT (11.543104539000099 48.186193152000001)","Unfall 227911 (2022) Kat:3, Licht: 0","227911","3","6","3","12","08","6","","0","0","1","0","0"
"POINT (11.500590957000000 48.080570254000101)","Unfall 227913 (2022) Kat:3, Licht: 2","227913","3","7","0","12","17","2","","2","1","0","1","0"
"POINT (11.511726891000000 48.181201680000100)","Unfall 227922 (2022) Kat:3, Licht: 2","227922","3","2","5","12","07","5","","2","1","1","0","0"
"POINT (11.583737244000099 48.107765426000100)","Unfall 227927 (2022) Kat:3, Licht: 0","227927","3","1","0","12","07","3","","0","1","0","0","0"
"POINT (11.491382817000000 48.120613028000001)","Unfall 227930 (2022) Kat:3, Licht: 2","227930","3","1","0","12","03","5","","2","0","0","0","1"
"POINT (11.559250526000000 48.122611335000002)","Unfall 227932 (2022) Kat:3, Licht: 2","227932","3","1","3","12","00","4","","2","1","1","0","0"
"POINT (11.595391092000099 48.118446010000099)","Unfall 227933 (2022) Kat:2, Licht: 0","227933","2","3","5","12","11","5","","0","0","1","0","0"
"POINT (11.522304081000099 48.175420903000003)","Unfall 227953 (2022) Kat:3, Licht: 1","227953","3","3","5","12","08","3","","1","1","1","0","0"
"POINT (11.566219469000000 48.154822065000097)","Unfall 227954 (2022) Kat:3, Licht: 2","227954","3","4","6","12","17","5","","2","0","1","1","0"
"POINT (11.508679227000099 48.182842033000000)","Unfall 227956 (2022) Kat:3, Licht: 0","227956","3","6","2","12","15","6","","0","1","1","0","0"
"POINT (11.573479336000000 48.135729204000000)","Unfall 227969 (2022) Kat:3, Licht: 0","227969","3","3","5","12","08","4","","0","1","0","0","0"
"POINT (11.640137389000101 48.146395183999999)","Unfall 227972 (2022) Kat:3, Licht: 0","227972","3","2","3","12","13","3","","0","1","1","0","0"
"POINT (11.516714279000000 48.113379334999998)","Unfall 227980 (2022) Kat:3, Licht: 0","227980","3","7","0","12","10","3","","0","0","0","0","0"
"POINT (11.564714603000001 48.137355050000103)","Unfall 227982 (2022) Kat:3, Licht: 0","227982","3","7","0","12","13","7","","0","0","1","0","0"
"POINT (11.579746133000100 48.152707275000097)","Unfall 227987 (2022) Kat:3, Licht: 0","227987","3","7","6","12","13","4","","0","1","1","1","0"
"POINT (11.566261348000101 48.187947870000102)","Unfall 227997 (2022) Kat:2, Licht: 2","227997","2","3","5","12","06","2","","2","1","1","0","0"
"POINT (11.627195146000100 48.141756729000100)","Unfall 228001 (2022) Kat:3, Licht: 0","228001","3","7","0","12","13","6","","0","1","1","0","0"
"POINT (11.477236009000000 48.197679402000098)","Unfall 228005 (2022) Kat:3, Licht: 2","228005","3","6","8","12","21","5","","2","0","1","0","0"
"POINT (11.517810709999999 48.130289909000098)","Unfall 228009 (2022) Kat:3, Licht: 0","228009","3","1","0","12","07","3","","0","1","0","0","0"
"POINT (11.584364450000100 48.143916288000099)","Unfall 228017 (2022) Kat:2, Licht: 2","228017","2","3","5","12","18","7","","2","1","1","0","0"
"POINT (11.629262576000000 48.113054826999999)","Unfall 228021 (2022) Kat:3, Licht: 2","228021","3","1","1","12","21","7","","2","0","1","0","0"
"POINT (11.479016635000100 48.122199170999998)","Unfall 228032 (2022) Kat:3, Licht: 0","228032","3","6","2","12","09","6","","0","0","1","0","1"
"POINT (11.568372785000101 48.132638532999998)","Unfall 228033 (2022) Kat:3, Licht: 0","228033","3","6","2","12","15","2","","0","0","1","0","0"
"POINT (11.645642759999999 48.127681784000103)","Unfall 228052 (2022) Kat:3, Licht: 2","228052","3","2","5","12","17","5","","2","0","1","0","0"
"POINT (11.576904088999999 48.116146829000101)","Unfall 228057 (2022) Kat:3, Licht: 0","228057","3","1","0","12","08","3","","0","1","0","0","0"
"POINT (11.646299366999999 48.105726416000003)","Unfall 228058 (2022) Kat:3, Licht: 2","228058","3","5","3","12","18","5","","2","1","1","0","0"
"POINT (11.571035168000000 48.125106766999998)","Unfall 228059 (2022) Kat:3, Licht: 0","228059","3","3","4","12","09","3","","0","1","1","0","0"
"POINT (11.534207881000000 48.118598629000097)","Unfall 228065 (2022) Kat:3, Licht: 2","228065","3","1","6","12","18","7","","2","0","1","1","0"
"POINT (11.534119977000000 48.152645446000101)","Unfall 228075 (2022) Kat:3, Licht: 0","228075","3","6","3","12","11","6","","0","0","1","0","0"
"POINT (11.596478965000101 48.124494788000000)","Unfall 228081 (2022) Kat:3, Licht: 2","228081","3","7","1","12","17","2","","2","1","0","0","0"
"POINT (11.593063660000000 48.117814310000000)","Unfall 228084 (2022) Kat:3, Licht: 0","228084","3","3","5","12","11","5","","0","1","1","0","0"
"POINT (11.601972184999999 48.150771452000100)","Unfall 228088 (2022) Kat:3, Licht: 0","228088","3","5","1","12","14","6","","0","0","1","0","0"
"POINT (11.637995616000101 48.095611718999997)","Unfall 228093 (2022) Kat:3, Licht: 0","228093","3","1","0","12","07","3","","0","1","0","0","0"
"POINT (11.646848533000000 48.094560822000098)","Unfall 228094 (2022) Kat:3, Licht: 2","228094","3","7","6","12","17","4","","2","0","1","1","0"
"POINT (11.507228890000000 48.118688468000101)","Unfall 228095 (2022) Kat:3, Licht: 2","228095","3","7","6","12","17","7","","2","0","1","1","0"
"POINT (11.441918189000001 48.151240414000000)","Unfall 228096 (2022) Kat:3, Licht: 0","228096","3","3","5","12","08","5","","0","1","1","0","0"
"POINT (11.566787169000101 48.133418925999997)","Unfall 228117 (2022) Kat:3, Licht: 0","228117","3","6","3","12","11","4","","0","1","1","0","0"
"POINT (11.597694883000001 48.102861760000103)","Unfall 228121 (2022) Kat:3, Licht: 2","228121","3","6","2","12","07","5","","2","0","1","0","0"
"POINT (11.523793306000099 48.097302825000000)","Unfall 228128 (2022) Kat:3, Licht: 0","228128","3","3","5","12","14","6","","0","0","1","0","0"
"POINT (11.523504778000101 48.152673249000003)","Unfall 228130 (2022) Kat:3, Licht: 0","228130","3","7","1","12","12","2","","0","0","1","0","0"
"POINT (11.472468171000100 48.156129659000001)","Unfall 228142 (2022) Kat:3, Licht: 0","228142","3","1","0","12","08","3","","0","1","0","0","0"
"POINT (11.553606339000099 48.132001681000098)","Unfall 228147 (2022) Kat:3, Licht: 0","228147","3","3","5","12","12","4","","0","0","1","0","1"
"POINT (11.608077380999999 48.135960546000000)","Unfall 228153 (2022) Kat:3, Licht: 0","228153","3","5","1","12","14","6","","0","1","1","0","0"
"POINT (11.563109188000100 48.131815835000097)","Unfall 228155 (2022) Kat:3, Licht: 0","228155","3","3","6","12","07","5","","0","0","1","1","0"
"POINT (11.611642088000099 48.136545439000002)","Unfall 228156 (2022) Kat:3, Licht: 0","228156","3","1","0","12","15","2","","0","1","0","0","0"
"POINT (11.503646063000099 48.082092315000097)","Unfall 228157 (2022) Kat:3, Licht: 2","228157","3","4","6","12","21","2","","2","0","1","1","0"
"POINT (11.579091144000101 48.125745381000101)","Unfall 228167 (2022) Kat:3, Licht: 2","228167","3","3","0","12","18","4","","2","0","1","0","0"
"POINT (11.580394599000000 48.161067267000099)","Unfall 228170 (2022) Kat:3, Licht: 2","228170","3","1","1","12","19","5","","2","1","1","0","0"
"POINT (11.557249310000000 48.156060975999999)","Unfall 228173 (2022) Kat:3, Licht: 2","228173","3","3","5","11","19","4","","2","0","1","0","0"
"POINT (11.519754663000100 48.147683790000002)","Unfall 228174 (2022) Kat:3, Licht: 0","228174","3","5","1","12","14","6","","0","1","1","0","0"
"POINT (11.518886674000001 48.131417382999999)","Unfall 228177 (2022) Kat:3, Licht: 0","228177","3","3","3","12","12","7","","0","0","1","0","0"
"POINT (11.574699886000101 48.133744413999999)","Unfall 228180 (2022) Kat:3, Licht: 0","228180","3","7","8","12","12","2","","0","0","1","0","0"
"POINT (11.612610046000000 48.202877303999998)","Unfall 228181 (2022) Kat:3, Licht: 0","228181","3","7","0","12","15","3","","0","0","0","0","0"
"POINT (11.547102006999999 48.134377404000098)","Unfall 228182 (2022) Kat:2, Licht: 0","228182","2","7","0","12","07","3","","0","1","0","0","0"
"POINT (11.502357650000000 48.116490065000100)","Unfall 228185 (2022) Kat:3, Licht: 0","228185","3","6","0","12","12","6","","0","0","1","0","0"
"POINT (11.629247498000000 48.153532443000103)","Unfall 228192 (2022) Kat:3, Licht: 0","228192","3","2","4","12","12","3","","0","1","1","0","0"
"POINT (11.446197559000000 48.160219769000001)","Unfall 228194 (2022) Kat:3, Licht: 0","228194","3","2","5","12","13","7","","0","0","1","0","0"
"POINT (11.542843700000001 48.148779961999999)","Unfall 228198 (2022) Kat:3, Licht: 0","228198","3","3","5","12","15","4","","0","1","0","0","0"
"POINT (11.454345613999999 48.166141322000001)","Unfall 228204 (2022) Kat:3, Licht: 0","228204","3","3","5","12","09","2","","0","0","1","0","0"
"POINT (11.530160484000000 48.158766348000000)","Unfall 228205 (2022) Kat:2, Licht: 2","228205","2","3","5","12","20","2","","2","1","1","0","0"
"POINT (11.416901698000100 48.146509608000002)","Unfall 228208 (2022) Kat:3, Licht: 2","228208","3","3","5","12","19","6","","2","0","1","0","0"
"POINT (11.508386063000000 48.098017151000100)","Unfall 228214 (2022) Kat:3, Licht: 2","228214","3","6","2","12","19","1","","2","0","1","0","0"
"POINT (11.554747323000100 48.172462317000097)","Unfall 228216 (2022) Kat:3, Licht: 2","228216","3","7","0","12","06","3","","2","1","0","0","0"
"POINT (11.711298440000100 48.138227920000098)","Unfall 228223 (2022) Kat:3, Licht: 0","228223","3","3","5","12","09","5","","0","0","1","0","0"
"POINT (11.590732581999999 48.166927520999998)","Unfall 228227 (2022) Kat:3, Licht: 0","228227","3","1","0","12","10","1","","0","1","0","0","0"
"POINT (11.581229969000001 48.167004153000100)","Unfall 228229 (2022) Kat:3, Licht: 2","228229","3","3","5","12","23","3","","2","0","1","0","0"
"POINT (11.558159500000000 48.126381778000102)","Unfall 228230 (2022) Kat:3, Licht: 2","228230","3","6","3","12","19","3","","2","1","0","0","0"
"POINT (11.608786565999999 48.128319032000000)","Unfall 228231 (2022) Kat:3, Licht: 0","228231","3","7","0","12","12","5","","0","0","1","0","0"
"POINT (11.511493476000100 48.156261745000101)","Unfall 228234 (2022) Kat:3, Licht: 0","228234","3","5","1","12","13","6","","0","0","1","0","0"
"POINT (11.561339020000000 48.125269903000103)","Unfall 228236 (2022) Kat:3, Licht: 2","228236","3","1","6","12","17","5","","2","0","0","1","0"
"POINT (11.533856284000001 48.187782331000101)","Unfall 228255 (2022) Kat:3, Licht: 2","228255","3","6","3","12","21","6","","2","0","1","0","0"
"POINT (11.537172503000001 48.135352851999997)","Unfall 228256 (2022) Kat:3, Licht: 1","228256","3","4","6","12","16","2","","1","0","1","1","0"
"POINT (11.537611496000100 48.166084839000099)","Unfall 228260 (2022) Kat:3, Licht: 2","228260","3","2","3","12","17","6","","2","1","1","0","0"
"POINT (11.594734593000100 48.170885919000099)","Unfall 228264 (2022) Kat:3, Licht: 0","228264","3","2","4","12","14","6","","0","0","1","0","0"
"POINT (11.656685830000100 48.117122830000000)","Unfall 228269 (2022) Kat:3, Licht: 0","228269","3","7","5","12","08","3","","0","1","1","0","0"
"POINT (11.516239755000100 48.181694788000101)","Unfall 228270 (2022) Kat:3, Licht: 0","228270","3","7","0","12","07","3","","0","1","0","0","0"
"POINT (11.587360289000101 48.164327644000103)","Unfall 228273 (2022) Kat:3, Licht: 2","228273","3","3","5","12","20","6","","2","1","1","0","0"
"POINT (11.584610118000100 48.157209694000102)","Unfall 228276 (2022) Kat:3, Licht: 2","228276","3","2","5","12","17","5","","2","1","1","0","0"
"POINT (11.639336948000100 48.110513570000101)","Unfall 228281 (2022) Kat:3, Licht: 1","228281","3","1","0","12","21","7","","1","0","0","0","0"
"POINT (11.516052637000000 48.160942777999999)","Unfall 228288 (2022) Kat:3, Licht: 0","228288","3","3","5","12","13","3","","0","0","1","0","0"
"POINT (11.666599433000000 48.124055515000101)","Unfall 228290 (2022) Kat:3, Licht: 2","228290","3","6","1","12","00","6","","2","1","0","0","0"
"POINT (11.562901517000100 48.149043967000097)","Unfall 228293 (2022) Kat:2, Licht: 0","228293","2","2","6","12","15","4","","0","0","1","1","0"
"POINT (11.523674311000001 48.099304925000098)","Unfall 228297 (2022) Kat:3, Licht: 2","228297","3","3","5","12","17","4","","2","0","1","0","0"
"POINT (11.562489156000000 48.161064045000003)","Unfall 228298 (2022) Kat:3, Licht: 2","228298","3","1","0","11","22","4","","2","0","0","0","1"
"POINT (11.537472642000100 48.166229413000103)","Unfall 228301 (2022) Kat:3, Licht: 0","228301","3","4","6","12","13","7","","0","0","0","1","0"
"POINT (11.507249084000000 48.098481522000000)","Unfall 228304 (2022) Kat:3, Licht: 2","228304","3","7","9","12","06","2","","2","0","0","0","0"
"POINT (11.517235550000100 48.113266007000000)","Unfall 228311 (2022) Kat:3, Licht: 2","228311","3","3","5","12","22","1","","2","0","1","0","0"
"POINT (11.656871020000001 48.108411478999997)","Unfall 228312 (2022) Kat:3, Licht: 0","228312","3","1","7","12","13","6","","0","0","1","0","0"
"POINT (11.607570336000000 48.150163970000101)","Unfall 228317 (2022) Kat:3, Licht: 2","228317","3","6","2","12","16","3","","2","0","1","0","0"
"POINT (11.588613376000101 48.115384390000003)","Unfall 228318 (2022) Kat:3, Licht: 0","228318","3","1","0","12","08","3","","0","1","0","0","0"
"POINT (11.534664880999999 48.137323684000101)","Unfall 228322 (2022) Kat:3, Licht: 0","228322","3","3","5","12","10","6","","0","1","1","0","0"
"POINT (11.558459933000099 48.131917488000099)","Unfall 228324 (2022) Kat:3, Licht: 0","228324","3","6","3","12","13","5","","0","0","1","0","0"
"POINT (11.547246234000101 48.159459660000003)","Unfall 228332 (2022) Kat:3, Licht: 1","228332","3","4","6","12","07","5","","1","0","1","1","0"
"POINT (11.553727645000000 48.161382545999999)","Unfall 228333 (2022) Kat:3, Licht: 0","228333","3","2","5","12","09","2","","0","0","0","0","0"
"POINT (11.529005883000000 48.099654230000098)","Unfall 228341 (2022) Kat:3, Licht: 0","228341","3","2","6","12","07","3","","0","0","1","1","0"
"POINT (11.580028673000101 48.115610660000101)","Unfall 228346 (2022) Kat:3, Licht: 0","228346","3","6","1","12","13","6","","0","0","1","0","0"
"POINT (11.486187543000000 48.141296093000101)","Unfall 228354 (2022) Kat:2, Licht: 0","228354","2","3","5","12","15","7","","0","1","0","0","0"
"POINT (11.484619325000001 48.119366553000098)","Unfall 228356 (2022) Kat:1, Licht: 0","228356","1","7","0","12","07","2","","0","1","0","0","0"
"POINT (11.562366140000099 48.125740377000099)","Unfall 228360 (2022) Kat:2, Licht: 2","228360","2","2","2","12","19","3","","2","0","1","0","1"
"POINT (11.568241887000100 48.209368680000097)","Unfall 228364 (2022) Kat:3, Licht: 2","228364","3","7","1","12","19","5","","2","0","1","0","0"
"POINT (11.525530019000000 48.117164997000003)","Unfall 228375 (2022) Kat:3, Licht: 0","228375","3","6","4","12","14","5","","0","1","0","0","0"
"POINT (11.616317892000000 48.148895213000102)","Unfall 228377 (2022) Kat:3, Licht: 2","228377","3","2","4","12","19","7","","2","0","1","0","0"
"POINT (11.613061059000101 48.120783373999998)","Unfall 228389 (2022) Kat:3, Licht: 0","228389","3","2","4","12","16","3","","0","0","1","0","0"
"POINT (11.571308558000100 48.167379923000098)","Unfall 228394 (2022) Kat:3, Licht: 2","228394","3","6","2","12","18","3","","2","0","1","0","0"
"POINT (11.636624726000001 48.173259867000098)","Unfall 228395 (2022) Kat:3, Licht: 0","228395","3","1","0","12","10","3","","0","1","0","0","0"
"POINT (11.503049466000000 48.135793460999999)","Unfall 228398 (2022) Kat:3, Licht: 0","228398","3","6","3","12","15","6","","0","0","1","0","0"
"POINT (11.586377692999999 48.169490988000099)","Unfall 228408 (2022) Kat:3, Licht: 0","228408","3","2","5","12","11","7","","0","1","0","0","0"
"POINT (11.503201060000000 48.140857279999999)","Unfall 228412 (2022) Kat:3, Licht: 0","228412","3","2","5","12","11","4","","0","0","1","0","0"
"POINT (11.566763497000100 48.187273200999996)","Unfall 228413 (2022) Kat:2, Licht: 2","228413","2","1","2","11","17","4","","2","0","1","0","0"
"POINT (11.566069719000000 48.186990403000003)","Unfall 228416 (2022) Kat:3, Licht: 2","228416","3","1","9","12","18","6","","2","0","1","0","0"
"POINT (11.628200889000000 48.093557255000100)","Unfall 228417 (2022) Kat:2, Licht: 2","228417","2","4","6","12","18","2","","2","0","1","1","0"
"POINT (11.459407181000101 48.149242546000004)","Unfall 228421 (2022) Kat:3, Licht: 2","228421","3","7","6","12","17","6","","2","0","0","1","0"
"POINT (11.545131959000100 48.122177012000101)","Unfall 228446 (2022) Kat:3, Licht: 0","228446","3","3","5","12","08","3","","0","1","0","0","0"
"POINT (11.585025242000000 48.132417576000101)","Unfall 228447 (2022) Kat:3, Licht: 2","228447","3","3","5","12","01","5","","2","0","1","0","0"
"POINT (11.575488020000000 48.167038531999999)","Unfall 228452 (2022) Kat:3, Licht: 0","228452","3","2","5","12","14","5","","0","0","1","0","0"
"POINT (11.527002532999999 48.180977773000102)","Unfall 228453 (2022) Kat:3, Licht: 2","228453","3","1","0","12","18","7","","2","0","0","0","1"
"POINT (11.571556311000100 48.142407365000103)","Unfall 228459 (2022) Kat:3, Licht: 2","228459","3","4","6","12","01","7","","2","0","1","1","0"
"POINT (11.629351416000100 48.113516965000002)","Unfall 228463 (2022) Kat:3, Licht: 0","228463","3","7","1","12","13","4","","0","0","1","0","0"
"POINT (11.523847318000000 48.100384952000098)","Unfall 228468 (2022) Kat:3, Licht: 0","228468","3","7","0","12","09","6","","0","0","1","0","0"
"POINT (11.669367685999999 48.122366380000102)","Unfall 228470 (2022) Kat:3, Licht: 2","228470","3","4","6","12","17","2","","2","0","1","1","0"
"POINT (11.594222631999999 48.103824981999999)","Unfall 228481 (2022) Kat:3, Licht: 2","228481","3","3","5","12","17","1","","2","0","1","0","0"
"POINT (11.567405599000001 48.178168239999998)","Unfall 228485 (2022) Kat:3, Licht: 2","228485","3","3","5","12","21","3","","2","0","1","0","0"
"POINT (11.520290272000100 48.149985157000103)","Unfall 228496 (2022) Kat:3, Licht: 2","228496","3","7","4","12","20","3","","2","0","1","0","0"
"POINT (11.585832547000100 48.143861012999999)","Unfall 228497 (2022) Kat:3, Licht: 0","228497","3","6","3","12","08","5","","0","1","0","0","0"
"POINT (11.503142928999999 48.133177277000101)","Unfall 228499 (2022) Kat:3, Licht: 0","228499","3","1","0","12","14","6","","0","1","0","0","0"
"POINT (11.629286732000001 48.153530779999997)","Unfall 228508 (2022) Kat:3, Licht: 2","228508","3","2","3","12","17","7","","2","1","1","0","0"
"POINT (11.500753813000101 48.133375057000102)","Unfall 228510 (2022) Kat:3, Licht: 0","228510","3","3","5","12","10","5","","0","0","1","0","0"
"POINT (11.425724549000099 48.174133593000100)","Unfall 228513 (2022) Kat:3, Licht: 2","228513","3","2","5","12","19","4","","2","0","1","0","0"
"POINT (11.462122405000100 48.150611799000004)","Unfall 228517 (2022) Kat:3, Licht: 0","228517","3","3","5","12","10","4","","0","1","1","0","0"
"POINT (11.578897853000100 48.145321668000101)","Unfall 228519 (2022) Kat:3, Licht: 2","228519","3","1","4","12","01","6","","2","1","0","0","0"
"POINT (11.573664543000101 48.200201762000098)","Unfall 228525 (2022) Kat:3, Licht: 0","228525","3","3","0","12","14","5","","0","1","1","0","0"
"POINT (11.465622878000000 48.147250937000102)","Unfall 228529 (2022) Kat:3, Licht: 0","228529","3","1","2","12","13","6","","0","0","1","0","0"
"POINT (11.566950732000100 48.091939007000100)","Unfall 228530 (2022) Kat:3, Licht: 0","228530","3","2","4","12","12","5","","0","1","1","0","0"
"POINT (11.578457600000000 48.144546253000001)","Unfall 228535 (2022) Kat:3, Licht: 0","228535","3","6","0","12","10","4","","0","1","1","0","0"
"POINT (11.624436073000000 48.137376396000001)","Unfall 228540 (2022) Kat:3, Licht: 0","228540","3","7","6","12","14","4","","0","0","1","1","0"
"POINT (11.559072917000000 48.100076908000098)","Unfall 228563 (2022) Kat:3, Licht: 0","228563","3","6","1","12","07","5","","0","0","1","0","0"
"POINT (11.519273203000100 48.110371383000000)","Unfall 228568 (2022) Kat:3, Licht: 2","228568","3","7","1","12","19","2","","2","0","1","0","0"
"POINT (11.514399035000100 48.167958706999997)","Unfall 228573 (2022) Kat:3, Licht: 2","228573","3","3","5","12","16","2","","2","1","1","0","0"
"POINT (11.554024010999999 48.154348996000103)","Unfall 228576 (2022) Kat:3, Licht: 2","228576","3","2","6","12","19","5","","2","0","1","1","0"
"POINT (11.523070556000100 48.114920097000002)","Unfall 228579 (2022) Kat:3, Licht: 2","228579","3","1","0","12","17","6","","2","1","0","0","0"
"POINT (11.556049920000000 48.137480416000102)","Unfall 228582 (2022) Kat:3, Licht: 0","228582","3","1","0","12","10","5","","0","1","0","0","0"
"POINT (11.535263465000099 48.123633405000099)","Unfall 228583 (2022) Kat:3, Licht: 2","228583","3","2","5","12","21","1","","2","1","1","0","0"
"POINT (11.577151923000001 48.116016839000103)","Unfall 228586 (2022) Kat:3, Licht: 1","228586","3","1","0","12","07","3","","1","1","0","0","0"
"POINT (11.512273842000100 48.154196933000001)","Unfall 228592 (2022) Kat:2, Licht: 0","228592","2","7","1","12","08","4","","0","0","1","0","0"
"POINT (11.590338565000000 48.192526327000103)","Unfall 228600 (2022) Kat:2, Licht: 2","228600","2","2","6","12","18","6","","2","0","1","1","0"
"POINT (11.509465869000101 48.154081158000103)","Unfall 228602 (2022) Kat:3, Licht: 0","228602","3","2","0","12","12","2","","0","0","1","0","0"
"POINT (11.593498648000001 48.167667224000098)","Unfall 228603 (2022) Kat:3, Licht: 0","228603","3","7","1","12","15","2","","0","0","1","0","0"
"POINT (11.588218386000101 48.131517297000102)","Unfall 228606 (2022) Kat:3, Licht: 0","228606","3","7","0","12","15","6","","0","1","0","0","0"
"POINT (11.512021047000101 48.140716421999997)","Unfall 228612 (2022) Kat:3, Licht: 0","228612","3","3","5","12","14","3","","0","0","1","0","0"
"POINT (11.518632572000101 48.098950688999999)","Unfall 228613 (2022) Kat:3, Licht: 1","228613","3","1","0","12","07","3","","1","1","0","0","0"
"POINT (11.502371516000000 48.139701453000001)","Unfall 228620 (2022) Kat:3, Licht: 0","228620","3","1","0","12","13","5","","0","1","1","0","0"
"POINT (11.468808092000099 48.198090972000003)","Unfall 228637 (2022) Kat:3, Licht: 0","228637","3","7","0","12","07","3","","0","1","0","0","0"
"POINT (11.583408115000100 48.133024337999998)","Unfall 228638 (2022) Kat:2, Licht: 1","228638","2","1","0","12","18","4","","1","1","0","0","0"