WKT,Name,OBJECTID,UKATEGORIE,UTYP1,UART,UMONAT,USTUNDE,UWOCHENTAG,STRZUSTAND,ULICHTVERH,ISTRAD,ISTPKW,ISTFUSS,ISTKRAD
"POINT (11.573067504000100 48.180879482000101)","Unfall 228650 (2022) Kat:3, Licht: 1","228650","3","3","5","12","16","2","","1","0","1","0","0"
"POINT (11.587982644000000 48.201197381000000)","Unfall 228651 (2022) Kat:3, Licht: 0","228651","3","6","2","12","13","2","","0","0","1","0","0"
"POINT (11.507361230000100 48.117206635000102)","Unfall 228655 (2022) Kat:3, Licht: 0","228655","3","7","0","12","10","4","","0","1","0","0","0"
"POINT (11.565641263000000 48.155451364999998)","Unfall 228656 (2022) Kat:3, Licht: 0","228656","3","7","0","12","09","2","","0","0","1","0","1"
"POINT (11.560050256000100 48.137508308000100)","Unfall 228684 (2022) Kat:3, Licht: 2","228684","3","4","6","12","18","7","","2","0","1","1","0"
"POINT (11.599596571000101 48.125376848000002)","Unfall 228689 (2022) Kat:3, Licht: 0","228689","3","2","3","12","10","2","","0","1","1","0","0"
"POINT (11.529104276000099 48.176424714000099)","Unfall 228696 (2022) Kat:3, Licht: 2","228696","3","1","8","12","01","3","","2","0","1","0","0"
"POINT (11.547043196000100 48.159963615999999)","Unfall 228697 (2022) Kat:3, Licht: 0","228697","3","3","5","12","15","6","","0","0","1","0","1"
"POINT (11.582449036000099 48.113987860000101)","Unfall 228698 (2022) Kat:3, Licht: 0","228698","3","6","2","12","14","6","","0","1","1","0","0"
"POINT (11.494821248000100 48.178069000000100)","Unfall 228704 (2022) Kat:3, Licht: 2","228704","3","2","5","12","17","4","","2","0","1","0","0"
"POINT (11.587605639000101 48.187869536000100)","Unfall 228713 (2022) Kat:3, Licht: 0","228713","3","6","3","12","11","3","","0","0","1","0","0"
"POINT (11.600560994000000 48.105627333000001)","Unfall 228714 (2022) Kat:3, Licht: 0","228714","3","5","1","12","15","5","","0","1","1","0","0"
"POINT (11.584232950000100 48.197522065999998)","Unfall 228718 (2022) Kat:3, Licht: 2","228718","3","3","5","12","18","5","","2","0","1","0","0"
"POINT (11.466911003000099 48.159663401000003)","Unfall 228719 (2022) Kat:3, Licht: 2","228719","3","3","5","12","18","5","","2","1","1","0","0"
"POINT (11.518670737000001 48.141012509000099)","Unfall 228722 (2022) Kat:3, Licht: 2","228722","3","6","2","12","21","4","","2","0","1","0","0"
"POINT (11.562888130999999 48.159831201000003)","Unfall 228729 (2022) Kat:3, Licht: 0","228729","3","2","6","11","08","4","","0","1","1","1","0"
"POINT (11.572773736000000 48.185753990000102)","Unfall 228735 (2022) Kat:2, Licht: 0","228735","2","7","6","12","15","6","","0","1","0","1","0"
"POINT (11.573850365000100 48.187491618000102)","Unfall 228737 (2022) Kat:3, Licht: 2","228737","3","6","1","12","16","2","","2","0","0","0","0"
"POINT (11.551842211000100 48.142845455000000)","Unfall 228743 (2022) Kat:3, Licht: 2","228743","3","1","1","12","03","1","","2","0","1","0","0"
"POINT (11.574824537000000 48.159543618000001)","Unfall 228744 (2022) Kat:3, Licht: 1","228744","3","5","6","12","17","6","","1","0","1","1","0"
"POINT (11.567332033000101 48.123315250000097)","Unfall 228745 (2022) Kat:3, Licht: 0","228745","3","2","5","12","14","5","","0","1","1","0","0"
"POINT (11.612255271000000 48.131505112000099)","Unfall 228750 (2022) Kat:3, Licht: 2","228750","3","3","5","12","17","2","","2","1","1","0","0"
"POINT (11.595453188000000 48.150651616000097)","Unfall 228763 (2022) Kat:3, Licht: 1","228763","3","1","0","12","07","3","","1","1","0","0","0"
"POINT (11.490783901000000 48.206974483000103)","Unfall 228764 (2022) Kat:3, Licht: 0","228764","3","6","0","12","07","4","","0","1","0","0","0"
"POINT (11.572453215000101 48.132799355000003)","Unfall 228769 (2022) Kat:3, Licht: 0","228769","3","1","5","12","15","5","","0","1","1","0","0"
"POINT (11.502960982999999 48.137582124000097)","Unfall 228774 (2022) Kat:3, Licht: 0","228774","3","6","3","12","14","6","","0","0","1","0","0"
"POINT (11.565331863999999 48.137889782999999)","Unfall 228777 (2022) Kat:3, Licht: 2","228777","3","4","6","12","16","5","","2","0","1","1","0"
"POINT (11.533888747000001 48.113828980999997)","Unfall 228787 (2022) Kat:3, Licht: 0","228787","3","2","5","12","10","3","","0","1","1","0","0"
"POINT (11.524506117000000 48.135698738000002)","Unfall 228791 (2022) Kat:3, Licht: 1","228791","3","2","5","12","18","6","","1","1","1","0","0"
"POINT (11.666116067000100 48.122989429000000)","Unfall 228793 (2022) Kat:3, Licht: 2","228793","3","3","5","12","05","6","","2","1","1","0","0"
"POINT (11.546167184000099 48.108715967000101)","Unfall 228798 (2022) Kat:3, Licht: 0","228798","3","1","0","12","08","3","","0","1","0","0","0"
"POINT (11.486933815000000 48.118606503000102)","Unfall 228803 (2022) Kat:3, Licht: 2","228803","3","3","6","12","17","4","","2","1","0","1","0"
"POINT (11.581564044000100 48.104424452000003)","Unfall 229053 (2022) Kat:3, Licht: 2","229053","3","2","5","12","18","7","","2","0","1","0","0"
"POINT (11.556942052000100 48.143640099000002)","Unfall 229423 (2022) Kat:3, Licht: 0","229423","3","1","0","12","12","7","","0","1","0","0","0"
"POINT (11.529441092000100 48.078921866000002)","Unfall 229450 (2022) Kat:3, Licht: 0","229450","3","3","5","12","14","7","","0","0","1","0","1"
"POINT (11.581551823000000 48.135362831000101)","Unfall 229642 (2022) Kat:3, Licht: 1","229642","3","6","3","12","07","7","","1","1","1","0","0"
"POINT (11.490365736000101 48.140703291000101)","Unfall 229695 (2022) Kat:3, Licht: 0","229695","3","4","6","12","08","7","","0","0","1","1","0"
"POINT (11.529596768000033 48.130739929000072)","Unfall 98829 (2023) Kat:3, Licht: 2","98829","3","6","2","01","20","5","","2","0","1","0","0"
"POINT (11.647123160000035 48.209912342000052)","Unfall 98855 (2023) Kat:3, Licht: 0","98855","3","6","3","01","12","5","","0","0","1","0","0"
"POINT (11.636721529000056 48.217180126000073)","Unfall 98885 (2023) Kat:3, Licht: 2","98885","3","6","3","01","18","4","","2","0","1","0","0"
"POINT (11.641199245000053 48.214328484000077)","Unfall 98886 (2023) Kat:3, Licht: 2","98886","3","6","3","01","18","4","","2","0","1","0","0"
"POINT (11.411668902000031 48.141155387000026)","Unfall 99799 (2023) Kat:3, Licht: 2","99799","3","2","5","01","05","2","","2","1","1","0","0"
"POINT (11.620538815000032 48.122222223000051)","Unfall 100090 (2023) Kat:3, Licht: 0","100090","3","6","6","02","09","4","","0","1","0","1","0"
"POINT (11.441589528000065 48.203894193000053)","Unfall 100168 (2023) Kat:3, Licht: 2","100168","3","6","2","01","06","3","","2","0","1","0","0"
"POINT (11.547443098000031 48.226458951000041)","Unfall 100173 (2023) Kat:2, Licht: 0","100173","2","6","3","01","10","3","","0","0","1","0","0"
"POINT (11.585734574000071 48.202669941000067)","Unfall 100174 (2023) Kat:3, Licht: 0","100174","3","7","6","01","11","2","","0","0","1","1","0"
"POINT (11.454118048000055 48.167273750000049)","Unfall 100228 (2023) Kat:3, Licht: 0","100228","3","7","9","01","14","2","","0","0","1","0","0"
"POINT (11.633351296000058 48.210509444000081)","Unfall 100231 (2023) Kat:3, Licht: 2","100231","3","2","5","01","17","1","","2","0","1","0","0"
"POINT (11.564878402000033 48.098386933000029)","Unfall 100233 (2023) Kat:3, Licht: 0","100233","3","2","5","01","12","1","","0","1","1","0","0"
"POINT (11.517198628000074 48.117887930000052)","Unfall 100249 (2023) Kat:3, Licht: 2","100249","3","2","6","01","06","7","","2","0","1","1","0"
"POINT (11.502268137000044 48.112028739000039)","Unfall 100283 (2023) Kat:3, Licht: 2","100283","3","2","6","01","07","6","","2","0","1","1","0"
"POINT (11.616099610000049 48.154180594000081)","Unfall 100285 (2023) Kat:3, Licht: 0","100285","3","3","5","01","12","6","","0","1","1","0","0"
"POINT (11.458134960000052 48.199491013000056)","Unfall 100341 (2023) Kat:3, Licht: 0","100341","3","5","1","01","07","5","","0","0","1","1","0"
"POINT (11.584220115000051 48.195764092000047)","Unfall 100342 (2023) Kat:3, Licht: 0","100342","3","2","6","01","06","5","","0","0","1","1","0"
"POINT (11.533735895000063 48.187085699000079)","Unfall 100343 (2023) Kat:3, Licht: 2","100343","3","2","5","01","17","5","","2","0","1","0","0"
"POINT (11.538988498000037 48.225992881000082)","Unfall 100420 (2023) Kat:3, Licht: 0","100420","3","6","2","01","10","4","","0","0","1","0","0"
"POINT (11.597194182000067 48.166954054000030)","Unfall 100424 (2023) Kat:3, Licht: 0","100424","3","6","2","01","14","3","","0","0","1","0","0"
"POINT (11.480350279000049 48.115178863000040)","Unfall 100476 (2023) Kat:3, Licht: 0","100476","3","2","4","01","08","2","","0","1","1","0","0"
"POINT (11.486225015000059 48.113968436000050)","Unfall 100554 (2023) Kat:3, Licht: 0","100554","3","6","2","01","12","7","","0","0","1","0","0"
"POINT (11.437454997000032 48.178079736000029)","Unfall 100605 (2023) Kat:3, Licht: 0","100605","3","7","9","01","11","7","","0","0","1","0","0"
"POINT (11.538591333000056 48.171731368000053)","Unfall 100615 (2023) Kat:3, Licht: 0","100615","3","6","2","01","14","6","","0","0","1","0","0"
"POINT (11.398682374000032 48.138819292000051)","Unfall 100618 (2023) Kat:3, Licht: 1","100618","3","6","2","01","17","6","","1","0","1","0","0"
"POINT (11.411773493000055 48.129371012000036)","Unfall 100697 (2023) Kat:3, Licht: 2","100697","3","1","8","01","21","6","","2","0","1","0","0"
"POINT (11.413559317000022 48.129733197000064)","Unfall 100698 (2023) Kat:3, Licht: 2","100698","3","1","3","01","17","6","","2","0","1","0","0"
"POINT (11.700646551000034 48.113323568000055)","Unfall 100716 (2023) Kat:2, Licht: 0","100716","2","7","0","01","16","5","","0","0","0","0","0"
"POINT (11.634483018000026 48.231806014000028)","Unfall 100755 (2023) Kat:3, Licht: 0","100755","3","1","6","01","12","5","","0","0","1","1","0"
"POINT (11.461061046000054 48.180578550000064)","Unfall 100760 (2023) Kat:3, Licht: 2","100760","3","3","5","01","19","4","","2","0","1","0","0"
"POINT (11.524353273000031 48.140676000000042)","Unfall 100761 (2023) Kat:3, Licht: 1","100761","3","2","5","01","15","4","","1","0","0","0","0"
"POINT (11.584736008000050 48.184286475000079)","Unfall 100762 (2023) Kat:3, Licht: 0","100762","3","2","5","01","12","4","","0","1","1","0","0"
"POINT (11.613867716000073 48.106446715000061)","Unfall 100769 (2023) Kat:3, Licht: 0","100769","3","6","2","01","07","2","","0","0","1","0","0"
"POINT (11.640839938000056 48.139005945000065)","Unfall 100828 (2023) Kat:3, Licht: 0","100828","3","6","2","01","08","4","","0","0","1","0","0"
"POINT (11.505473005000056 48.216364163000037)","Unfall 100831 (2023) Kat:3, Licht: 2","100831","3","6","3","01","04","4","","2","0","1","0","0"
"POINT (11.542324069000074 48.230090201000053)","Unfall 100833 (2023) Kat:3, Licht: 0","100833","3","6","2","01","08","4","","0","0","1","0","0"
"POINT (11.582677318000037 48.104793324000070)","Unfall 100835 (2023) Kat:3, Licht: 2","100835","3","6","2","01","06","3","","2","0","1","0","0"
"POINT (11.520172973000058 48.141194109000025)","Unfall 100887 (2023) Kat:3, Licht: 2","100887","3","6","3","01","17","2","","2","0","1","0","1"
"POINT (11.619955353000023 48.202757150000082)","Unfall 100957 (2023) Kat:3, Licht: 0","100957","3","6","2","01","08","2","","0","0","1","0","0"
"POINT (11.704142301000047 48.112423689000082)","Unfall 100962 (2023) Kat:3, Licht: 2","100962","3","7","6","01","02","1","","2","0","0","1","0"
"POINT (11.541248739000025 48.100757392000048)","Unfall 100991 (2023) Kat:3, Licht: 0","100991","3","1","2","01","16","7","","0","0","1","0","1"
"POINT (11.601414977000047 48.108046214000069)","Unfall 100993 (2023) Kat:3, Licht: 2","100993","3","3","5","01","21","7","","2","0","1","0","0"
"POINT (11.694952590000071 48.141756637000071)","Unfall 101024 (2023) Kat:3, Licht: 2","101024","3","6","9","01","05","7","","2","0","1","0","0"
"POINT (11.598035800000048 48.107285149000063)","Unfall 101086 (2023) Kat:2, Licht: 2","101086","2","1","3","01","19","5","","2","0","1","0","0"
"POINT (11.654521947000035 48.124690678000036)","Unfall 101124 (2023) Kat:3, Licht: 0","101124","3","4","6","01","09","3","","0","0","1","1","0"
"POINT (11.446925736000026 48.204133634000073)","Unfall 101137 (2023) Kat:3, Licht: 0","101137","3","6","2","01","07","5","","0","0","1","0","0"
"POINT (11.587305802000060 48.104696676000060)","Unfall 101145 (2023) Kat:2, Licht: 2","101145","2","7","4","01","20","4","","2","1","1","0","0"
"POINT (11.523191824000037 48.127174949000050)","Unfall 101146 (2023) Kat:3, Licht: 2","101146","3","6","3","01","20","4","","2","0","1","0","0"
"POINT (11.530031993000023 48.211805438000056)","Unfall 101147 (2023) Kat:2, Licht: 2","101147","2","1","8","01","22","4","","2","0","1","0","0"
"POINT (11.566900286000077 48.100926650000076)","Unfall 101148 (2023) Kat:3, Licht: 0","101148","3","3","5","01","11","4","","0","1","1","0","0"
"POINT (11.523774692000075 48.140722911000069)","Unfall 101205 (2023) Kat:3, Licht: 0","101205","3","3","5","01","16","3","","0","1","1","0","0"
"POINT (11.482256039000049 48.145090435000043)","Unfall 101206 (2023) Kat:3, Licht: 0","101206","3","6","2","01","08","3","","0","0","1","0","0"
"POINT (11.584972177000054 48.198782723000079)","Unfall 101207 (2023) Kat:3, Licht: 2","101207","3","6","2","01","17","3","","2","0","1","0","0"
"POINT (11.435892214000035 48.178940086000068)","Unfall 101245 (2023) Kat:3, Licht: 2","101245","3","6","2","01","06","3","","2","0","1","0","0"
"POINT (11.436678577000066 48.198443768000061)","Unfall 101246 (2023) Kat:3, Licht: 2","101246","3","1","3","01","17","3","","2","0","1","0","0"
"POINT (11.626297433000047 48.215469448000079)","Unfall 101331 (2023) Kat:3, Licht: 2","101331","3","6","2","01","23","1","","2","0","1","0","0"
"POINT (11.471984489000022 48.145799208000028)","Unfall 101332 (2023) Kat:3, Licht: 2","101332","3","1","8","01","04","7","","2","0","1","0","0"
"POINT (11.517404804000023 48.124106425000036)","Unfall 101392 (2023) Kat:3, Licht: 0","101392","3","6","2","03","12","7","","0","0","1","0","0"
"POINT (11.598960552000051 48.174840717000052)","Unfall 101398 (2023) Kat:3, Licht: 0","101398","3","4","6","03","18","6","","0","0","1","1","0"
"POINT (11.395450932000074 48.141737219000049)","Unfall 101449 (2023) Kat:3, Licht: 0","101449","3","6","2","03","16","6","","0","0","1","0","0"
"POINT (11.479371917000037 48.088574942000037)","Unfall 101456 (2023) Kat:3, Licht: 0","101456","3","2","6","03","14","5","","0","0","1","1","0"
"POINT (11.525431127000047 48.128483468000070)","Unfall 101499 (2023) Kat:3, Licht: 0","101499","3","1","2","03","12","4","","0","0","1","0","0"
"POINT (11.390989572000024 48.181377053000062)","Unfall 101502 (2023) Kat:3, Licht: 0","101502","3","2","3","03","13","4","","0","1","1","0","0"
"POINT (11.617821944000070 48.198423912000067)","Unfall 101504 (2023) Kat:3, Licht: 0","101504","3","6","3","03","18","4","","0","0","1","0","0"
"POINT (11.566515260000074 48.176267221000046)","Unfall 101553 (2023) Kat:3, Licht: 0","101553","3","6","1","03","07","3","","0","0","1","0","0"
"POINT (11.654101201000060 48.124770183000066)","Unfall 101597 (2023) Kat:3, Licht: 0","101597","3","7","4","03","15","2","","0","0","1","0","1"
"POINT (11.531976537000048 48.221980687000041)","Unfall 101645 (2023) Kat:2, Licht: 2","101645","2","1","9","03","23","1","","2","0","1","0","0"
"POINT (11.600370815000076 48.160674686000050)","Unfall 101690 (2023) Kat:3, Licht: 2","101690","3","6","3","03","19","6","","2","0","1","0","0"
"POINT (11.663889956000048 48.121611603000076)","Unfall 101692 (2023) Kat:3, Licht: 0","101692","3","2","3","03","12","6","","0","0","1","0","0"
"POINT (11.520383639000045 48.123933879000049)","Unfall 101693 (2023) Kat:3, Licht: 0","101693","3","7","2","03","10","6","","0","0","1","0","0"
"POINT (11.617775793000021 48.197921875000077)","Unfall 101749 (2023) Kat:3, Licht: 0","101749","3","6","2","03","13","6","","0","0","1","0","0"
"POINT (11.414252580000039 48.160766359000036)","Unfall 101751 (2023) Kat:3, Licht: 0","101751","3","3","5","03","12","7","","0","0","1","0","0"
"POINT (11.610550322000051 48.186592915000062)","Unfall 101787 (2023) Kat:3, Licht: 0","101787","3","6","2","03","14","5","","0","0","1","0","0"
"POINT (11.590018831000066 48.176777852000043)","Unfall 101791 (2023) Kat:3, Licht: 0","101791","3","3","5","03","15","4","","0","1","1","0","0"
"POINT (11.536657429000059 48.153635143000031)","Unfall 101794 (2023) Kat:3, Licht: 0","101794","3","3","5","03","14","4","","0","1","1","0","0"
"POINT (11.618244445000073 48.198891080000067)","Unfall 101808 (2023) Kat:3, Licht: 0","101808","3","6","3","03","07","4","","0","0","1","0","0"
"POINT (11.619684576000054 48.202218126000048)","Unfall 101840 (2023) Kat:3, Licht: 2","101840","3","6","2","03","19","4","","2","0","1","0","0"
"POINT (11.397006966000049 48.179728209000075)","Unfall 101843 (2023) Kat:3, Licht: 0","101843","3","7","4","03","13","3","","0","0","1","0","0"
"POINT (11.434893980000027 48.204151010000032)","Unfall 101869 (2023) Kat:3, Licht: 0","101869","3","6","3","03","10","3","","0","0","1","0","0"
"POINT (11.424839465000048 48.174163587000066)","Unfall 101870 (2023) Kat:3, Licht: 0","101870","3","6","2","03","07","3","","0","0","1","0","0"
"POINT (11.706735981000065 48.111897537000061)","Unfall 101876 (2023) Kat:3, Licht: 0","101876","3","6","2","03","07","2","","0","0","1","0","0"
"POINT (11.544262400000036 48.111744447000035)","Unfall 101877 (2023) Kat:3, Licht: 0","101877","3","6","2","03","07","2","","0","0","1","0","0"
"POINT (11.575001686000064 48.109685010000078)","Unfall 101889 (2023) Kat:3, Licht: 0","101889","3","4","6","03","15","4","","0","0","1","1","0"
"POINT (11.575020550000033 48.109709819000045)","Unfall 101941 (2023) Kat:3, Licht: 0","101941","3","7","6","03","07","7","","0","1","0","1","0"
"POINT (11.617396434000057 48.114584573000059)","Unfall 101975 (2023) Kat:3, Licht: 0","101975","3","3","5","03","13","6","","0","1","1","0","0"
"POINT (11.585513458000037 48.177690893000033)","Unfall 102016 (2023) Kat:3, Licht: 0","102016","3","2","5","03","07","4","","0","1","1","0","0"
"POINT (11.616130976000022 48.132160186000078)","Unfall 102026 (2023) Kat:3, Licht: 0","102026","3","2","5","03","14","5","","0","0","1","0","0"
"POINT (11.488043776000040 48.205483072000050)","Unfall 102028 (2023) Kat:3, Licht: 0","102028","3","6","2","03","16","5","","0","0","1","0","0"
"POINT (11.590270274000034 48.176683630000070)","Unfall 102029 (2023) Kat:3, Licht: 0","102029","3","6","2","03","10","5","","0","0","1","0","0"
"POINT (11.392316982000068 48.146132490000070)","Unfall 102031 (2023) Kat:3, Licht: 0","102031","3","1","4","03","17","5","","0","0","1","0","0"
"POINT (11.398802407000062 48.179639815000030)","Unfall 102032 (2023) Kat:3, Licht: 2","102032","3","2","5","03","21","5","","2","0","1","0","0"
"POINT (11.644183828000052 48.126198094000074)","Unfall 102034 (2023) Kat:3, Licht: 0","102034","3","2","5","03","08","5","","0","1","1","0","0"
"POINT (11.616062503000023 48.146204572000045)","Unfall 102035 (2023) Kat:3, Licht: 2","102035","3","6","2","03","17","5","","2","0","1","0","0"
"POINT (11.575463003000038 48.227708375000077)","Unfall 102071 (2023) Kat:3, Licht: 1","102071","3","6","3","03","17","5","","1","0","1","0","1"
"POINT (11.518765105000057 48.141380302000073)","Unfall 102074 (2023) Kat:3, Licht: 1","102074","3","7","3","03","06","4","","1","0","1","0","0"
"POINT (11.395245511000041 48.142158341000027)","Unfall 102145 (2023) Kat:3, Licht: 0","102145","3","6","2","03","14","6","","0","0","1","0","0"
"POINT (11.596645482000042 48.166075598000077)","Unfall 102222 (2023) Kat:3, Licht: 0","102222","3","6","2","02","12","1","","0","0","1","0","0"
"POINT (11.611140970000065 48.186158988000045)","Unfall 102226 (2023) Kat:3, Licht: 0","102226","3","2","5","02","11","1","","0","0","1","0","0"
"POINT (11.421164490000024 48.171511992000035)","Unfall 102241 (2023) Kat:3, Licht: 0","102241","3","6","2","03","07","2","","0","0","1","0","0"
"POINT (11.563242549000051 48.094171180000046)","Unfall 102257 (2023) Kat:3, Licht: 0","102257","3","1","0","03","08","3","","0","0","0","0","0"
"POINT (11.485635415000047 48.086700403000066)","Unfall 102260 (2023) Kat:3, Licht: 2","102260","3","2","4","02","20","7","","2","0","1","0","0"
"POINT (11.653945620000059 48.124911796000049)","Unfall 102305 (2023) Kat:3, Licht: 2","102305","3","2","6","02","18","6","","2","0","1","1","0"
"POINT (11.477075346000049 48.115586570000062)","Unfall 102307 (2023) Kat:3, Licht: 2","102307","3","2","6","02","18","6","","2","0","1","1","0"
"POINT (11.528864281000040 48.216581074000032)","Unfall 102308 (2023) Kat:2, Licht: 0","102308","2","3","5","02","10","6","","0","0","0","0","0"
"POINT (11.545574582000029 48.111863661000029)","Unfall 102309 (2023) Kat:3, Licht: 2","102309","3","1","8","02","19","6","","2","0","0","0","0"
"POINT (11.488401496000051 48.085742428000060)","Unfall 102311 (2023) Kat:3, Licht: 0","102311","3","6","3","02","14","6","","0","0","1","0","0"
"POINT (11.612353180000071 48.110385531000077)","Unfall 102313 (2023) Kat:3, Licht: 1","102313","3","3","5","02","18","6","","1","1","1","0","0"
"POINT (11.682133340000064 48.137681554000039)","Unfall 102351 (2023) Kat:2, Licht: 0","102351","2","3","4","02","06","6","","0","0","1","0","0"
"POINT (11.456855281000060 48.165332828000032)","Unfall 102352 (2023) Kat:3, Licht: 0","102352","3","3","5","02","15","5","","0","0","1","0","0"
"POINT (11.584297924000055 48.189765429000033)","Unfall 102393 (2023) Kat:3, Licht: 2","102393","3","2","5","02","18","4","","2","1","1","0","0"
"POINT (11.621842893000064 48.129849360000037)","Unfall 102428 (2023) Kat:3, Licht: 0","102428","3","6","2","02","15","3","","0","0","1","0","1"
"POINT (11.559454178000067 48.112590234000038)","Unfall 102429 (2023) Kat:3, Licht: 0","102429","3","6","2","02","13","3","","0","0","1","0","0"
"POINT (11.585381030000065 48.178163535000067)","Unfall 102430 (2023) Kat:3, Licht: 0","102430","3","6","3","02","16","3","","0","0","1","0","1"
"POINT (11.512127494000026 48.142123582000067)","Unfall 102480 (2023) Kat:3, Licht: 2","102480","3","6","2","02","18","2","","2","0","1","0","0"
"POINT (11.459891454000058 48.206304449000072)","Unfall 102522 (2023) Kat:3, Licht: 2","102522","3","1","9","02","01","2","","2","0","1","0","0"
"POINT (11.518647383000030 48.141309838000041)","Unfall 102534 (2023) Kat:3, Licht: 1","102534","3","7","5","02","19","1","","1","0","1","0","0"
"POINT (11.607979572000033 48.185170248000077)","Unfall 102574 (2023) Kat:3, Licht: 0","102574","3","6","3","02","14","7","","0","0","1","0","0"
"POINT (11.541423650000070 48.100163419000069)","Unfall 102579 (2023) Kat:3, Licht: 0","102579","3","6","1","02","07","6","","0","0","1","0","0"
"POINT (11.604141056000060 48.108559810000031)","Unfall 102644 (2023) Kat:3, Licht: 2","102644","3","2","0","03","22","6","","2","0","0","0","0"
"POINT (11.459208117000060 48.193801523000047)","Unfall 102658 (2023) Kat:3, Licht: 2","102658","3","4","6","02","18","5","","2","0","1","1","0"
"POINT (11.618251101000055 48.110155847000044)","Unfall 102696 (2023) Kat:3, Licht: 0","102696","3","2","3","03","14","5","","0","1","1","0","0"
"POINT (11.396765005000077 48.153011001000039)","Unfall 102710 (2023) Kat:3, Licht: 0","102710","3","6","2","02","13","5","","0","0","1","0","0"
"POINT (11.441322113000069 48.145651703000055)","Unfall 102721 (2023) Kat:3, Licht: 0","102721","3","6","4","02","15","4","","0","0","1","0","0"
"POINT (11.620222015000024 48.120298706000028)","Unfall 102722 (2023) Kat:3, Licht: 2","102722","3","2","4","02","18","4","","2","0","1","0","0"
"POINT (11.531096989000048 48.140283289000081)","Unfall 102723 (2023) Kat:2, Licht: 2","102723","2","3","5","02","19","4","","2","0","1","0","0"
"POINT (11.537850842000068 48.165920379000056)","Unfall 102776 (2023) Kat:3, Licht: 0","102776","3","6","2","02","16","3","","0","0","1","0","0"
"POINT (11.525061841000024 48.076776568000071)","Unfall 102777 (2023) Kat:2, Licht: 0","102777","2","7","6","02","12","3","","0","0","0","1","0"
"POINT (11.583735479000040 48.177518158000055)","Unfall 102781 (2023) Kat:3, Licht: 0","102781","3","6","2","02","16","3","","0","0","1","0","0"
"POINT (11.521994583000037 48.189820916000031)","Unfall 102833 (2023) Kat:3, Licht: 0","102833","3","2","4","02","11","4","","0","0","1","0","0"
"POINT (11.516038734000063 48.124121045000038)","Unfall 102850 (2023) Kat:3, Licht: 0","102850","3","6","3","02","12","3","","0","0","1","0","0"
"POINT (11.501573225000072 48.102513942000030)","Unfall 102860 (2023) Kat:2, Licht: 2","102860","2","1","0","02","20","2","","2","0","0","0","1"
"POINT (11.589284828000075 48.177056397000058)","Unfall 102876 (2023) Kat:3, Licht: 2","102876","3","7","0","02","23","6","","2","0","1","0","0"
"POINT (11.617708337000067 48.130575040000053)","Unfall 102931 (2023) Kat:3, Licht: 0","102931","3","1","5","02","11","1","","0","1","1","0","0"
"POINT (11.456096167000055 48.150645523000037)","Unfall 102933 (2023) Kat:3, Licht: 2","102933","3","3","5","02","18","1","","2","0","1","0","0"
"POINT (11.533226001000060 48.207869641000059)","Unfall 102934 (2023) Kat:2, Licht: 2","102934","2","6","9","02","04","1","","2","0","1","0","0"
"POINT (11.518214920000048 48.110981781000078)","Unfall 102942 (2023) Kat:3, Licht: 0","102942","3","6","3","02","10","4","","0","0","1","0","0"
"POINT (11.524700846000030 48.128177662000041)","Unfall 102962 (2023) Kat:3, Licht: 1","102962","3","1","2","02","17","7","","1","0","1","0","0"
"POINT (11.614009017000058 48.190670189000059)","Unfall 102999 (2023) Kat:3, Licht: 1","102999","3","6","1","02","18","7","","1","0","1","0","0"
"POINT (11.585046741000042 48.178141639000046)","Unfall 103002 (2023) Kat:3, Licht: 0","103002","3","7","2","02","16","6","","0","0","1","0","0"
"POINT (11.534770469000023 48.140008002000059)","Unfall 103003 (2023) Kat:3, Licht: 0","103003","3","3","5","02","10","6","","0","0","1","0","0"
"POINT (11.517707310000048 48.111337835000029)","Unfall 103005 (2023) Kat:3, Licht: 1","103005","3","6","3","02","17","6","","1","0","1","0","0"
"POINT (11.541633841000021 48.098342428000080)","Unfall 103006 (2023) Kat:3, Licht: 2","103006","3","7","8","02","04","6","","2","0","1","0","0"
"POINT (11.513144740000030 48.124516327000038)","Unfall 103067 (2023) Kat:3, Licht: 2","103067","3","6","2","02","19","6","","2","0","1","0","0"
"POINT (11.477208555000061 48.115489170000046)","Unfall 103075 (2023) Kat:3, Licht: 0","103075","3","2","5","02","07","5","","0","0","1","0","0"
"POINT (11.479421323000054 48.088567409000063)","Unfall 103107 (2023) Kat:3, Licht: 1","103107","3","2","5","03","18","3","","1","0","1","0","1"
"POINT (11.479755522000062 48.145174228000030)","Unfall 103140 (2023) Kat:3, Licht: 2","103140","3","3","5","02","19","4","","2","0","1","0","0"
"POINT (11.620206700000040 48.203258664000032)","Unfall 103213 (2023) Kat:3, Licht: 0","103213","3","6","2","02","07","4","","0","0","1","0","0"
"POINT (11.637981178000075 48.126634500000080)","Unfall 103217 (2023) Kat:3, Licht: 0","103217","3","6","2","02","10","3","","0","0","1","0","0"
"POINT (11.584799563000047 48.198617708000029)","Unfall 103218 (2023) Kat:3, Licht: 2","103218","3","7","1","02","23","3","","2","0","1","0","0"
"POINT (11.671656567000070 48.119615070000066)","Unfall 103219 (2023) Kat:2, Licht: 2","103219","2","7","2","02","18","3","","2","0","1","0","0"