WKT,Name,OBJECTID,UKATEGORIE,UTYP1,UART,UMONAT,USTUNDE,UWOCHENTAG,STRZUSTAND,ULICHTVERH,ISTRAD,ISTPKW,ISTFUSS,ISTKRAD
"POINT (11.584812975000034 48.183349208000038)","Unfall 103222 (2023) Kat:2, Licht: 2","103222","2","6","2","02","18","5","","2","0","1","0","0"
"POINT (11.473844485000029 48.209718741000074)","Unfall 103293 (2023) Kat:3, Licht: 0","103293","3","6","2","02","11","3","","0","0","1","0","0"
"POINT (11.495939971000041 48.194255212000030)","Unfall 103367 (2023) Kat:3, Licht: 2","103367","3","6","2","02","17","1","","2","0","1","0","0"
"POINT (11.594565820000071 48.174769695000066)","Unfall 103407 (2023) Kat:3, Licht: 2","103407","3","6","3","02","22","7","","2","0","1","0","0"
"POINT (11.478516740000032 48.209641621000060)","Unfall 103428 (2023) Kat:3, Licht: 0","103428","3","6","3","02","15","3","","0","0","1","0","0"
"POINT (11.503595430000075 48.143258820000028)","Unfall 103451 (2023) Kat:3, Licht: 2","103451","3","3","6","02","05","6","","2","0","1","1","0"
"POINT (11.615704214000061 48.154157274000056)","Unfall 103493 (2023) Kat:3, Licht: 0","103493","3","3","5","02","12","6","","0","1","1","0","0"
"POINT (11.523408980000056 48.140752402000032)","Unfall 103500 (2023) Kat:2, Licht: 0","103500","2","2","5","02","08","5","","0","1","1","0","0"
"POINT (11.476226074000067 48.145280533000061)","Unfall 103502 (2023) Kat:3, Licht: 2","103502","3","7","3","02","18","5","","2","0","1","0","0"
"POINT (11.630071825000073 48.128309907000073)","Unfall 103620 (2023) Kat:3, Licht: 1","103620","3","7","1","04","19","6","","1","0","1","0","1"
"POINT (11.487275677000071 48.086026939000078)","Unfall 103652 (2023) Kat:3, Licht: 0","103652","3","6","2","04","07","5","","0","0","1","0","0"
"POINT (11.526085279000029 48.077594700000077)","Unfall 103654 (2023) Kat:3, Licht: 0","103654","3","3","5","04","13","5","","0","1","1","0","0"
"POINT (11.528389362000041 48.109925791000080)","Unfall 103721 (2023) Kat:3, Licht: 0","103721","3","6","2","04","12","4","","0","0","1","0","0"
"POINT (11.511250123000025 48.107196265000027)","Unfall 103822 (2023) Kat:3, Licht: 0","103822","3","6","2","04","17","3","","0","0","1","0","0"
"POINT (11.587081271000045 48.210405882000032)","Unfall 103873 (2023) Kat:3, Licht: 0","103873","3","2","5","04","11","1","","0","1","1","0","0"
"POINT (11.502400881000028 48.112177138000050)","Unfall 103930 (2023) Kat:3, Licht: 0","103930","3","2","5","03","15","6","","0","0","1","0","0"
"POINT (11.527495553000051 48.129611476000036)","Unfall 103931 (2023) Kat:3, Licht: 0","103931","3","6","1","03","13","6","","0","0","1","0","0"
"POINT (11.570095581000032 48.177322065000055)","Unfall 103934 (2023) Kat:2, Licht: 2","103934","2","6","2","03","21","6","","2","0","1","0","1"
"POINT (11.592786685000021 48.176077622000037)","Unfall 104073 (2023) Kat:3, Licht: 0","104073","3","6","3","03","14","5","","0","0","1","0","0"
"POINT (11.615154388000065 48.128635434000046)","Unfall 104074 (2023) Kat:3, Licht: 2","104074","3","3","3","03","21","4","","2","1","1","0","0"
"POINT (11.600307705000034 48.107773947000055)","Unfall 104076 (2023) Kat:3, Licht: 0","104076","3","6","2","03","17","4","","0","0","1","0","0"
"POINT (11.616131931000041 48.113129554000068)","Unfall 104077 (2023) Kat:3, Licht: 0","104077","3","2","4","03","07","4","","0","1","1","0","0"
"POINT (11.518269330000066 48.110857234000036)","Unfall 104078 (2023) Kat:3, Licht: 0","104078","3","3","5","03","09","4","","0","0","1","0","0"
"POINT (11.631452941000077 48.138655498000048)","Unfall 104154 (2023) Kat:3, Licht: 0","104154","3","6","2","03","07","4","","0","0","1","0","0"
"POINT (11.620177979000061 48.202720258000056)","Unfall 104155 (2023) Kat:3, Licht: 0","104155","3","6","2","03","18","4","","0","0","1","0","0"
"POINT (11.562696326000037 48.091936361000080)","Unfall 104158 (2023) Kat:3, Licht: 0","104158","3","7","0","03","15","3","","0","0","1","0","0"
"POINT (11.576066301000026 48.111925072000076)","Unfall 104159 (2023) Kat:3, Licht: 2","104159","3","2","5","03","21","3","","2","1","1","0","0"
"POINT (11.654176632000031 48.094030556000064)","Unfall 104160 (2023) Kat:3, Licht: 0","104160","3","6","2","03","14","3","","0","0","1","0","0"
"POINT (11.573049839000021 48.111950894000074)","Unfall 104223 (2023) Kat:3, Licht: 0","104223","3","6","2","03","06","2","","0","0","1","0","0"
"POINT (11.534487024000043 48.139017520000039)","Unfall 104224 (2023) Kat:3, Licht: 0","104224","3","6","2","03","16","2","","0","0","1","0","0"
"POINT (11.515151572000036 48.109174413000062)","Unfall 104267 (2023) Kat:3, Licht: 0","104267","3","6","2","03","18","2","","0","0","1","0","0"
"POINT (11.412666118000061 48.129564005000077)","Unfall 104282 (2023) Kat:3, Licht: 0","104282","3","7","2","03","15","2","","0","0","1","0","0"
"POINT (11.479712261000032 48.209527737000030)","Unfall 104283 (2023) Kat:3, Licht: 0","104283","3","6","2","03","14","2","","0","0","1","0","0"
"POINT (11.431440722000048 48.179515227000081)","Unfall 104285 (2023) Kat:3, Licht: 0","104285","3","6","2","03","08","2","","0","0","1","0","0"
"POINT (11.588924245000044 48.177179778000038)","Unfall 104336 (2023) Kat:3, Licht: 0","104336","3","6","2","03","14","7","","0","0","1","0","0"
"POINT (11.477493455000058 48.115490639000029)","Unfall 104385 (2023) Kat:3, Licht: 0","104385","3","2","6","03","17","6","","0","0","1","1","0"
"POINT (11.533887909000043 48.187004035000029)","Unfall 104387 (2023) Kat:3, Licht: 0","104387","3","2","5","03","12","6","","0","1","1","0","0"
"POINT (11.417517028000077 48.155828567000071)","Unfall 104388 (2023) Kat:3, Licht: 1","104388","3","2","5","03","18","6","","1","1","0","0","0"
"POINT (11.611340151000036 48.109955135000064)","Unfall 104389 (2023) Kat:3, Licht: 0","104389","3","6","1","03","13","6","","0","0","1","0","0"
"POINT (11.586007593000033 48.177511554000034)","Unfall 104440 (2023) Kat:3, Licht: 2","104440","3","6","2","03","18","5","","2","0","1","0","0"
"POINT (11.599864678000074 48.172012967000057)","Unfall 104442 (2023) Kat:2, Licht: 0","104442","2","1","9","03","11","5","","0","0","0","0","1"
"POINT (11.558517708000068 48.176154613000051)","Unfall 104457 (2023) Kat:3, Licht: 0","104457","3","6","2","04","17","3","","0","0","1","0","0"
"POINT (11.428596524000056 48.183936415000062)","Unfall 104478 (2023) Kat:3, Licht: 0","104478","3","6","2","03","16","5","","0","0","1","0","0"
"POINT (11.569810555000061 48.104661553000028)","Unfall 104489 (2023) Kat:2, Licht: 0","104489","2","3","5","03","14","4","","0","1","0","0","0"
"POINT (11.536749637000071 48.149647280000067)","Unfall 104493 (2023) Kat:3, Licht: 0","104493","3","6","2","03","17","4","","0","0","1","0","0"
"POINT (11.414049975000069 48.166726411000070)","Unfall 104551 (2023) Kat:3, Licht: 2","104551","3","6","2","03","08","4","","2","0","1","0","0"
"POINT (11.497403432000056 48.125540475000037)","Unfall 104552 (2023) Kat:3, Licht: 2","104552","3","6","5","03","19","4","","2","0","1","0","0"
"POINT (11.502544895000028 48.112178995000079)","Unfall 104561 (2023) Kat:3, Licht: 0","104561","3","2","4","03","13","3","","0","0","1","0","0"
"POINT (11.584904103000042 48.198435758000073)","Unfall 104564 (2023) Kat:3, Licht: 0","104564","3","6","1","03","16","3","","0","0","0","0","0"
"POINT (11.518663720000063 48.071003272000041)","Unfall 104581 (2023) Kat:3, Licht: 0","104581","3","4","6","03","18","4","","0","0","1","1","0"
"POINT (11.540396075000046 48.182721616000038)","Unfall 104618 (2023) Kat:3, Licht: 0","104618","3","6","2","03","07","2","","0","0","1","0","0"
"POINT (11.615572329000031 48.144430169000032)","Unfall 104619 (2023) Kat:3, Licht: 2","104619","3","6","2","03","07","2","","2","0","1","0","0"
"POINT (11.584513709000021 48.186652243000026)","Unfall 104654 (2023) Kat:2, Licht: 0","104654","2","7","0","04","13","7","","0","1","0","0","0"
"POINT (11.398254728000040 48.154499696000073)","Unfall 104658 (2023) Kat:3, Licht: 0","104658","3","6","2","03","16","2","","0","0","1","0","0"
"POINT (11.541166062000059 48.101104774000078)","Unfall 104664 (2023) Kat:3, Licht: 0","104664","3","6","1","03","13","1","","0","0","1","0","0"
"POINT (11.590408207000053 48.176629287000026)","Unfall 104704 (2023) Kat:3, Licht: 0","104704","3","6","2","03","13","7","","0","0","1","0","1"
"POINT (11.488401496000051 48.085742428000060)","Unfall 104705 (2023) Kat:3, Licht: 0","104705","3","3","5","03","10","7","","0","0","1","0","0"
"POINT (11.630127578000042 48.223013059000039)","Unfall 104807 (2023) Kat:3, Licht: 0","104807","3","6","2","05","09","4","","0","0","1","0","0"
"POINT (11.485505720000049 48.114117031000035)","Unfall 104809 (2023) Kat:3, Licht: 0","104809","3","3","5","05","15","3","","0","1","1","0","0"
"POINT (11.502054825000073 48.193003753000028)","Unfall 104876 (2023) Kat:3, Licht: 0","104876","3","7","0","05","06","2","","0","0","0","0","0"
"POINT (11.619885832000023 48.119687275000047)","Unfall 104877 (2023) Kat:3, Licht: 1","104877","3","6","2","05","19","2","","1","0","1","0","0"
"POINT (11.400445799000067 48.139347614000030)","Unfall 104921 (2023) Kat:3, Licht: 0","104921","3","6","1","05","10","1","","0","0","1","0","0"
"POINT (11.525555082000039 48.109968607000042)","Unfall 105052 (2023) Kat:3, Licht: 0","105052","3","6","2","05","12","6","","0","0","1","0","0"
"POINT (11.621288974000038 48.106242195000050)","Unfall 105054 (2023) Kat:3, Licht: 0","105054","3","1","9","05","17","6","","0","1","1","0","0"
"POINT (11.528198323000026 48.140362743000026)","Unfall 105125 (2023) Kat:2, Licht: 0","105125","2","3","5","05","19","5","","0","1","1","0","0"
"POINT (11.574381997000046 48.112014171000055)","Unfall 105126 (2023) Kat:3, Licht: 0","105126","3","7","2","05","10","5","","0","0","1","0","0"
"POINT (11.517377678000059 48.118326319000062)","Unfall 105129 (2023) Kat:2, Licht: 2","105129","2","6","3","05","07","5","","2","0","1","0","1"
"POINT (11.448071278000043 48.204349634000039)","Unfall 105211 (2023) Kat:3, Licht: 0","105211","3","6","2","05","14","5","","0","0","0","0","0"
"POINT (11.512441474000070 48.142088584000078)","Unfall 105216 (2023) Kat:3, Licht: 0","105216","3","3","5","05","16","4","","0","0","1","0","0"
"POINT (11.537540897000042 48.166072001000032)","Unfall 105217 (2023) Kat:3, Licht: 0","105217","3","2","5","05","12","4","","0","1","1","0","0"
"POINT (11.597400133000065 48.107156767000049)","Unfall 105220 (2023) Kat:3, Licht: 0","105220","3","6","3","05","17","4","","0","1","1","0","0"
"POINT (11.598316200000056 48.168588114000045)","Unfall 105302 (2023) Kat:3, Licht: 0","105302","3","6","2","05","07","3","","0","0","1","0","0"
"POINT (11.654281530000048 48.124844890000077)","Unfall 105343 (2023) Kat:3, Licht: 0","105343","3","2","3","05","08","3","","0","1","0","0","0"
"POINT (11.537845884000035 48.165842837000071)","Unfall 105368 (2023) Kat:3, Licht: 0","105368","3","6","3","05","18","2","","0","0","1","0","0"
"POINT (11.536834457000054 48.150845536000077)","Unfall 105369 (2023) Kat:3, Licht: 0","105369","3","7","0","05","11","2","","0","1","0","0","0"
"POINT (11.575938090000022 48.111402163000037)","Unfall 105410 (2023) Kat:3, Licht: 0","105410","3","3","5","04","18","1","","0","0","1","0","1"
"POINT (11.566124010000067 48.112884433000033)","Unfall 105452 (2023) Kat:3, Licht: 0","105452","3","6","2","05","16","5","","0","0","1","0","1"
"POINT (11.457436046000055 48.154507720000026)","Unfall 105520 (2023) Kat:3, Licht: 0","105520","3","6","2","04","15","6","","0","0","1","0","0"
"POINT (11.682833814000048 48.118522784000049)","Unfall 105521 (2023) Kat:3, Licht: 0","105521","3","7","2","04","12","6","","0","0","1","0","0"
"POINT (11.642174554000064 48.139055714000051)","Unfall 105579 (2023) Kat:3, Licht: 0","105579","3","6","2","04","15","6","","0","0","1","0","0"
"POINT (11.508325669000044 48.088775312000053)","Unfall 105581 (2023) Kat:3, Licht: 0","105581","3","7","3","04","09","5","","0","1","1","0","0"
"POINT (11.518647383000030 48.141309838000041)","Unfall 105582 (2023) Kat:3, Licht: 0","105582","3","2","5","04","17","5","","0","1","0","0","0"
"POINT (11.494939192000061 48.085224157000027)","Unfall 105770 (2023) Kat:3, Licht: 0","105770","3","6","4","04","18","2","","0","0","1","0","0"
"POINT (11.564800136000031 48.098559564000027)","Unfall 105772 (2023) Kat:3, Licht: 0","105772","3","2","5","04","18","2","","0","0","1","0","0"
"POINT (11.421629454000026 48.171839333000037)","Unfall 105821 (2023) Kat:3, Licht: 0","105821","3","6","2","04","09","2","","0","0","1","0","0"
"POINT (11.646425380000039 48.210690522000050)","Unfall 105825 (2023) Kat:3, Licht: 0","105825","3","6","2","04","09","2","","0","0","1","0","0"
"POINT (11.500513876000070 48.143299088000049)","Unfall 105831 (2023) Kat:2, Licht: 0","105831","2","3","5","04","15","1","","0","1","1","0","0"
"POINT (11.620478480000031 48.121141533000070)","Unfall 105870 (2023) Kat:3, Licht: 1","105870","3","7","2","04","20","7","","1","0","1","0","0"
"POINT (11.578351672000053 48.177696933000050)","Unfall 105871 (2023) Kat:3, Licht: 2","105871","3","6","2","04","15","7","","2","0","1","0","0"
"POINT (11.625798618000033 48.102880839000079)","Unfall 105898 (2023) Kat:3, Licht: 0","105898","3","1","0","05","14","6","","0","0","0","0","1"
"POINT (11.511608329000069 48.107603282000071)","Unfall 105934 (2023) Kat:3, Licht: 0","105934","3","6","2","04","09","7","","0","0","1","0","0"
"POINT (11.511623319000023 48.107610874000045)","Unfall 105935 (2023) Kat:3, Licht: 0","105935","3","6","2","04","09","7","","0","0","1","0","0"
"POINT (11.486484356000062 48.207277283000053)","Unfall 105965 (2023) Kat:3, Licht: 0","105965","3","6","2","04","16","6","","0","0","1","0","0"
"POINT (11.483673064000072 48.114496613000028)","Unfall 105966 (2023) Kat:3, Licht: 0","105966","3","6","2","04","17","6","","0","0","1","0","0"
"POINT (11.517230113000039 48.141534608000029)","Unfall 106015 (2023) Kat:3, Licht: 0","106015","3","7","2","04","10","6","","0","0","0","0","1"
"POINT (11.711304229000064 48.138226558000042)","Unfall 106045 (2023) Kat:3, Licht: 0","106045","3","3","5","04","17","5","","0","0","1","0","0"
"POINT (11.584695216000057 48.198119563000034)","Unfall 106046 (2023) Kat:3, Licht: 0","106046","3","6","1","04","10","5","","0","0","1","0","0"
"POINT (11.597247121000066 48.162459157000058)","Unfall 106047 (2023) Kat:3, Licht: 0","106047","3","3","5","04","10","5","","0","0","1","0","0"
"POINT (11.619979171000068 48.186568836000049)","Unfall 106085 (2023) Kat:3, Licht: 0","106085","3","6","1","04","16","4","","0","0","1","0","0"
"POINT (11.487299087000054 48.086016068000049)","Unfall 106111 (2023) Kat:3, Licht: 0","106111","3","6","0","05","18","5","","0","0","1","0","1"
"POINT (11.674598956000068 48.085779964000039)","Unfall 106152 (2023) Kat:3, Licht: 0","106152","3","7","4","04","16","3","","0","0","1","0","0"
"POINT (11.484663845000057 48.144892497000058)","Unfall 106154 (2023) Kat:3, Licht: 0","106154","3","7","2","04","06","3","","0","0","1","0","0"
"POINT (11.414727157000073 48.193096990000072)","Unfall 106193 (2023) Kat:3, Licht: 0","106193","3","6","3","04","09","3","","0","0","1","0","0"
"POINT (11.516971078000040 48.116786482000066)","Unfall 106196 (2023) Kat:3, Licht: 0","106196","3","7","3","04","13","2","","0","0","1","0","0"
"POINT (11.608291535000035 48.109088982000060)","Unfall 106197 (2023) Kat:3, Licht: 0","106197","3","7","0","04","15","2","","0","0","0","0","1"
"POINT (11.479281544000060 48.123549557000047)","Unfall 106235 (2023) Kat:3, Licht: 0","106235","3","6","1","05","08","3","","0","0","1","0","0"
"POINT (11.545585364000033 48.111955063000039)","Unfall 106251 (2023) Kat:3, Licht: 2","106251","3","2","0","05","11","5","","2","0","1","0","0"
"POINT (11.599485467000022 48.175335512000061)","Unfall 106293 (2023) Kat:2, Licht: 2","106293","2","4","6","04","20","7","","2","0","1","1","0"
"POINT (11.503750988000036 48.112076602000059)","Unfall 106294 (2023) Kat:3, Licht: 0","106294","3","2","3","04","14","6","","0","1","1","0","0"
"POINT (11.617020484000022 48.113995453000030)","Unfall 106318 (2023) Kat:3, Licht: 0","106318","3","3","5","04","16","6","","0","0","1","0","0"
"POINT (11.394062976000043 48.144341863000079)","Unfall 106372 (2023) Kat:3, Licht: 0","106372","3","1","3","04","08","6","","0","0","1","0","0"
"POINT (11.595340232000069 48.174102103000052)","Unfall 106379 (2023) Kat:3, Licht: 0","106379","3","3","5","04","07","5","","0","1","1","0","0"
"POINT (11.596843491000072 48.166429418000064)","Unfall 106380 (2023) Kat:3, Licht: 0","106380","3","6","2","04","17","5","","0","0","1","0","0"
"POINT (11.563849258000062 48.096403786000053)","Unfall 106381 (2023) Kat:3, Licht: 0","106381","3","2","3","04","09","5","","0","1","1","0","0"
"POINT (11.625518904000046 48.096229222000034)","Unfall 106425 (2023) Kat:3, Licht: 0","106425","3","6","3","04","14","4","","0","1","1","0","0"
"POINT (11.585381030000065 48.178163535000067)","Unfall 106429 (2023) Kat:3, Licht: 0","106429","3","6","0","04","14","1","","0","0","1","0","0"
"POINT (11.644774930000040 48.126114321000045)","Unfall 106485 (2023) Kat:3, Licht: 0","106485","3","7","5","04","11","3","","0","0","1","0","0"
"POINT (11.534000120000030 48.140383832000055)","Unfall 106486 (2023) Kat:3, Licht: 0","106486","3","6","2","04","18","3","","0","0","1","0","0"
"POINT (11.596605458000056 48.106833510000058)","Unfall 106543 (2023) Kat:3, Licht: 0","106543","3","6","0","04","11","2","","0","1","1","0","0"
"POINT (11.585506298000041 48.201512865000041)","Unfall 106626 (2023) Kat:3, Licht: 0","106626","3","6","2","06","14","7","","0","0","1","0","1"
"POINT (11.584281656000030 48.188357252000060)","Unfall 106627 (2023) Kat:3, Licht: 0","106627","3","6","1","06","14","7","","0","0","1","0","0"
"POINT (11.480863848000070 48.209723284000063)","Unfall 106673 (2023) Kat:3, Licht: 0","106673","3","2","5","06","18","6","","0","1","1","0","0"
"POINT (11.536402133000024 48.147086039000044)","Unfall 106675 (2023) Kat:3, Licht: 1","106675","3","6","2","06","20","6","","1","0","1","0","1"
"POINT (11.522992024000075 48.109903587000076)","Unfall 106788 (2023) Kat:3, Licht: 0","106788","3","6","2","06","11","4","","0","0","1","0","0"
"POINT (11.487693186000058 48.205883626000059)","Unfall 106789 (2023) Kat:2, Licht: 0","106789","2","6","1","06","18","4","","0","0","1","0","0"
"POINT (11.617781679000075 48.115294916000039)","Unfall 106790 (2023) Kat:3, Licht: 0","106790","3","6","2","06","17","4","","0","0","1","0","1"
"POINT (11.459055985000077 48.146791240000027)","Unfall 106791 (2023) Kat:3, Licht: 0","106791","3","7","6","06","09","4","","0","0","1","1","0"
"POINT (11.519997912000065 48.109984980000036)","Unfall 106792 (2023) Kat:3, Licht: 0","106792","3","6","2","06","07","4","","0","0","1","0","0"
"POINT (11.533713215000034 48.187087740000038)","Unfall 106866 (2023) Kat:3, Licht: 0","106866","3","1","0","06","19","3","","0","0","0","0","1"
"POINT (11.516259148000074 48.113230055000031)","Unfall 106867 (2023) Kat:3, Licht: 0","106867","3","6","1","06","20","3","","0","0","1","0","1"
"POINT (11.647346099000060 48.210039280000046)","Unfall 106918 (2023) Kat:2, Licht: 2","106918","2","5","1","06","00","3","","2","0","0","0","0"
"POINT (11.596548441000039 48.106805959000042)","Unfall 106921 (2023) Kat:3, Licht: 0","106921","3","6","1","06","06","2","","0","0","1","0","1"
"POINT (11.688298054000029 48.117891061000080)","Unfall 106922 (2023) Kat:3, Licht: 0","106922","3","7","6","06","16","2","","0","1","0","1","0"
"POINT (11.524064548000069 48.140781488000073)","Unfall 106923 (2023) Kat:3, Licht: 0","106923","3","7","0","06","19","2","","0","1","0","0","0"
"POINT (11.479737619000048 48.145174721000046)","Unfall 106987 (2023) Kat:3, Licht: 2","106987","3","3","5","06","02","1","","2","1","1","0","0"
"POINT (11.539236019000043 48.186604815000067)","Unfall 107056 (2023) Kat:3, Licht: 2","107056","3","6","0","06","22","7","","2","1","0","0","0"
"POINT (11.524267727000051 48.109893938000027)","Unfall 107058 (2023) Kat:3, Licht: 0","107058","3","6","2","06","15","7","","0","0","1","0","0"
"POINT (11.644706978000045 48.126017373000082)","Unfall 107059 (2023) Kat:3, Licht: 2","107059","3","1","0","06","02","7","","2","0","0","0","1"
"POINT (11.604942808000033 48.108659289000059)","Unfall 107060 (2023) Kat:3, Licht: 0","107060","3","6","2","06","11","7","","0","0","1","0","1"
"POINT (11.613686881000035 48.188601053000070)","Unfall 107062 (2023) Kat:3, Licht: 2","107062","3","1","0","06","23","7","","2","1","0","0","0"
"POINT (11.481447156000058 48.114955289000079)","Unfall 107136 (2023) Kat:3, Licht: 0","107136","3","3","5","06","16","6","","0","1","1","0","0"
"POINT (11.452071759000034 48.146751918000064)","Unfall 107139 (2023) Kat:3, Licht: 0","107139","3","7","3","06","12","6","","0","0","1","0","0"
"POINT (11.653906453000047 48.094116041000063)","Unfall 107141 (2023) Kat:2, Licht: 0","107141","2","2","3","06","08","6","","0","1","0","0","0"
"POINT (11.459235549000027 48.146492262000038)","Unfall 107142 (2023) Kat:3, Licht: 0","107142","3","2","6","06","12","6","","0","0","1","1","0"
"POINT (11.620005491000029 48.120200430000068)","Unfall 107143 (2023) Kat:3, Licht: 0","107143","3","3","6","06","16","6","","0","0","1","1","0"
"POINT (11.597561206000023 48.173494589000029)","Unfall 107221 (2023) Kat:3, Licht: 0","107221","3","1","0","06","13","7","","0","1","0","0","0"
"POINT (11.668842960000063 48.138298765000059)","Unfall 107234 (2023) Kat:3, Licht: 0","107234","3","1","8","06","15","6","","0","0","1","0","0"
"POINT (11.499774018000039 48.143423216000031)","Unfall 107238 (2023) Kat:3, Licht: 0","107238","3","5","1","06","08","5","","0","1","1","0","0"
"POINT (11.480285194000032 48.145158390000063)","Unfall 107241 (2023) Kat:3, Licht: 0","107241","3","6","2","06","18","5","","0","0","1","0","0"
"POINT (11.424005898000075 48.142886271000066)","Unfall 107242 (2023) Kat:3, Licht: 0","107242","3","6","0","06","18","5","","0","1","0","0","0"
"POINT (11.496827224000072 48.143700437000064)","Unfall 107243 (2023) Kat:3, Licht: 0","107243","3","2","5","06","15","5","","0","0","1","0","1"
"POINT (11.585419230000070 48.201069164000046)","Unfall 107322 (2023) Kat:3, Licht: 0","107322","3","2","5","05","16","4","","0","1","1","0","0"
"POINT (11.459262192000040 48.206092587000057)","Unfall 107401 (2023) Kat:3, Licht: 2","107401","3","6","2","05","13","4","","2","0","1","0","0"
"POINT (11.622871148000058 48.129649022000081)","Unfall 107410 (2023) Kat:3, Licht: 0","107410","3","7","2","05","17","3","","0","0","1","0","1"
"POINT (11.676872568000022 48.119484124000053)","Unfall 107484 (2023) Kat:3, Licht: 0","107484","3","2","0","05","18","2","","0","1","1","0","0"
"POINT (11.585080165000022 48.177512885000056)","Unfall 107485 (2023) Kat:3, Licht: 0","107485","3","6","3","05","15","2","","0","0","1","0","1"
"POINT (11.426969255000074 48.143282531000068)","Unfall 107564 (2023) Kat:2, Licht: 0","107564","2","2","2","05","19","1","","0","1","1","0","0"
"POINT (11.623190603000069 48.223454216000050)","Unfall 107642 (2023) Kat:3, Licht: 2","107642","3","3","9","05","00","1","","2","0","1","0","0"
"POINT (11.517742674000033 48.141474474000063)","Unfall 107645 (2023) Kat:3, Licht: 0","107645","3","6","0","05","12","7","","0","0","1","0","1"
"POINT (11.552273023000055 48.112302781000039)","Unfall 107743 (2023) Kat:3, Licht: 2","107743","3","6","2","05","16","6","","2","0","1","0","1"
"POINT (11.578861525000036 48.109357035000073)","Unfall 107744 (2023) Kat:3, Licht: 0","107744","3","3","2","05","14","6","","0","0","1","0","0"
"POINT (11.648720051000055 48.083629659000053)","Unfall 107745 (2023) Kat:3, Licht: 0","107745","3","6","2","05","14","6","","0","0","1","0","0"
"POINT (11.536828672000070 48.149148634000028)","Unfall 107746 (2023) Kat:3, Licht: 0","107746","3","6","2","05","14","6","","0","0","1","0","1"
"POINT (11.436092333000033 48.204083704000027)","Unfall 107847 (2023) Kat:3, Licht: 0","107847","3","6","2","05","07","6","","0","0","1","0","0"
"POINT (11.635569448000069 48.127229594000028)","Unfall 107856 (2023) Kat:3, Licht: 0","107856","3","2","3","05","18","5","","0","1","1","0","0"
"POINT (11.529680674000076 48.188694160000068)","Unfall 107857 (2023) Kat:2, Licht: 1","107857","2","1","9","05","20","5","","1","0","0","0","1"
"POINT (11.656759667000074 48.124091000000078)","Unfall 107861 (2023) Kat:3, Licht: 0","107861","3","6","2","05","15","5","","0","0","1","0","0"
"POINT (11.629294192000032 48.128541451000046)","Unfall 107892 (2023) Kat:3, Licht: 2","107892","3","7","0","05","01","5","","2","1","0","0","0"
"POINT (11.585081708000075 48.180515926000055)","Unfall 107956 (2023) Kat:3, Licht: 0","107956","3","6","2","05","18","4","","0","0","1","0","0"
"POINT (11.485866964000024 48.207955709000032)","Unfall 108004 (2023) Kat:3, Licht: 0","108004","3","6","3","06","14","5","","0","0","1","0","1"
"POINT (11.521904256000028 48.189766169000052)","Unfall 108084 (2023) Kat:3, Licht: 0","108084","3","3","5","05","09","2","","0","0","1","0","0"
"POINT (11.524701487000073 48.140647314000034)","Unfall 108085 (2023) Kat:3, Licht: 0","108085","3","6","2","06","12","4","","0","1","1","0","0"
"POINT (11.634646097000029 48.127245663000053)","Unfall 108086 (2023) Kat:3, Licht: 0","108086","3","7","2","05","11","2","","0","0","1","0","0"
"POINT (11.518342471000039 48.141395073000069)","Unfall 108087 (2023) Kat:3, Licht: 2","108087","3","6","2","05","01","2","","2","0","1","0","0"
"POINT (11.610593658000028 48.185799852000059)","Unfall 108089 (2023) Kat:3, Licht: 0","108089","3","2","4","05","08","2","","0","1","1","0","0"
"POINT (11.558890363000046 48.175993341000037)","Unfall 108090 (2023) Kat:3, Licht: 0","108090","3","6","2","05","15","2","","0","0","1","0","0"
"POINT (11.420697370000028 48.171185682000043)","Unfall 108264 (2023) Kat:3, Licht: 0","108264","3","6","2","06","15","6","","0","0","1","0","0"
"POINT (11.517677940000056 48.068438829000058)","Unfall 108294 (2023) Kat:3, Licht: 0","108294","3","7","6","05","09","6","","0","0","1","1","0"
"POINT (11.511283722000030 48.124775331000080)","Unfall 108307 (2023) Kat:3, Licht: 0","108307","3","6","2","05","13","1","","0","0","1","0","0"
"POINT (11.460534382000048 48.187252358000080)","Unfall 108317 (2023) Kat:3, Licht: 2","108317","3","1","0","05","01","7","","2","1","0","0","0"
"POINT (11.566991014000052 48.176406033000035)","Unfall 108373 (2023) Kat:3, Licht: 2","108373","3","6","1","05","16","6","","2","0","1","0","0"
"POINT (11.569806215000028 48.111893460000033)","Unfall 108374 (2023) Kat:3, Licht: 2","108374","3","2","5","05","21","6","","2","1","1","0","0"
"POINT (11.630598250000048 48.128192467000076)","Unfall 108375 (2023) Kat:3, Licht: 0","108375","3","7","5","05","17","6","","0","1","1","0","0"
"POINT (11.615102622000052 48.135970687000054)","Unfall 108377 (2023) Kat:3, Licht: 0","108377","3","7","2","05","18","6","","0","1","0","1","0"
"POINT (11.642968059000054 48.126379672000041)","Unfall 108538 (2023) Kat:3, Licht: 0","108538","3","6","4","05","14","4","","0","1","0","0","0"
"POINT (11.615901968000060 48.131023401000050)","Unfall 108543 (2023) Kat:3, Licht: 0","108543","3","2","3","05","10","4","","0","1","0","0","0"