WKT,Name,OBJECTID,UKATEGORIE,UTYP1,UART,UMONAT,USTUNDE,UWOCHENTAG,STRZUSTAND,ULICHTVERH,ISTRAD,ISTPKW,ISTFUSS,ISTKRAD
"POINT (11.517000844000052 48.115247288000035)","Unfall 113618 (2023) Kat:3, Licht: 0","113618","3","6","0","07","16","5","","0","1","1","0","0"
"POINT (11.562448212000049 48.175978234000070)","Unfall 113673 (2023) Kat:3, Licht: 0","113673","3","6","2","08","16","3","","0","0","1","0","0"
"POINT (11.625511704000075 48.213247537000029)","Unfall 113702 (2023) Kat:3, Licht: 0","113702","3","6","3","07","11","5","","0","0","1","0","0"
"POINT (11.620228822000058 48.120316042000070)","Unfall 113705 (2023) Kat:3, Licht: 0","113705","3","6","2","07","07","4","","0","0","1","0","0"
"POINT (11.537558876000048 48.159735324000053)","Unfall 113707 (2023) Kat:3, Licht: 0","113707","3","3","4","07","08","4","","0","0","1","0","0"
"POINT (11.502581747000022 48.143015597000044)","Unfall 113708 (2023) Kat:3, Licht: 0","113708","3","6","3","07","07","4","","0","1","1","0","0"
"POINT (11.512364449000074 48.142097189000026)","Unfall 113710 (2023) Kat:3, Licht: 0","113710","3","2","5","07","20","4","","0","0","1","0","0"
"POINT (11.533984170000053 48.086116691000029)","Unfall 113745 (2023) Kat:3, Licht: 0","113745","3","7","0","08","18","5","","0","1","0","0","0"
"POINT (11.517807813000047 48.124052630000051)","Unfall 113775 (2023) Kat:3, Licht: 0","113775","3","6","2","07","17","4","","0","0","1","0","0"
"POINT (11.533318700000052 48.133103838000068)","Unfall 113782 (2023) Kat:3, Licht: 0","113782","3","1","3","07","16","3","","0","0","1","0","0"
"POINT (11.425246819000051 48.143044729000053)","Unfall 113783 (2023) Kat:3, Licht: 0","113783","3","7","3","07","10","3","","0","0","1","0","0"
"POINT (11.589992577000032 48.176787740000066)","Unfall 113785 (2023) Kat:3, Licht: 0","113785","3","6","3","07","09","3","","0","0","1","0","0"
"POINT (11.536881659000073 48.151525949000074)","Unfall 113786 (2023) Kat:3, Licht: 0","113786","3","6","8","07","15","3","","0","0","1","0","1"
"POINT (11.622992175000036 48.129632474000061)","Unfall 113787 (2023) Kat:3, Licht: 0","113787","3","4","6","07","18","3","","0","0","0","1","0"
"POINT (11.544929056000058 48.111903946000041)","Unfall 113881 (2023) Kat:2, Licht: 2","113881","2","6","3","07","06","2","","2","0","1","0","1"
"POINT (11.584557079000035 48.197479886000053)","Unfall 113882 (2023) Kat:3, Licht: 0","113882","3","3","5","07","07","2","","0","1","1","0","0"
"POINT (11.502466103000074 48.112031563000073)","Unfall 113884 (2023) Kat:3, Licht: 0","113884","3","6","0","07","16","2","","0","0","1","0","0"
"POINT (11.708230805000028 48.111600081000063)","Unfall 113887 (2023) Kat:3, Licht: 0","113887","3","6","1","07","08","2","","0","0","1","0","0"
"POINT (11.619555228000024 48.201486176000060)","Unfall 113979 (2023) Kat:3, Licht: 0","113979","3","7","2","07","08","2","","0","0","1","0","0"
"POINT (11.572215061000065 48.111772758000029)","Unfall 114073 (2023) Kat:3, Licht: 0","114073","3","7","2","07","16","7","","0","0","1","0","1"
"POINT (11.597475963000022 48.167363109000064)","Unfall 114074 (2023) Kat:3, Licht: 0","114074","3","6","2","07","15","7","","0","0","1","0","0"
"POINT (11.530052876000070 48.213277315000028)","Unfall 114075 (2023) Kat:3, Licht: 0","114075","3","3","5","07","09","7","","0","0","1","0","0"
"POINT (11.427352281000026 48.184758539000029)","Unfall 114140 (2023) Kat:2, Licht: 0","114140","2","6","2","07","13","7","","0","0","1","0","1"
"POINT (11.614750224000034 48.138618234000035)","Unfall 114150 (2023) Kat:3, Licht: 1","114150","3","1","8","07","19","6","","1","0","1","0","0"
"POINT (11.407564024000067 48.140549906000047)","Unfall 114154 (2023) Kat:3, Licht: 0","114154","3","3","5","07","13","6","","0","1","0","0","0"
"POINT (11.541429315000073 48.100142794000078)","Unfall 114155 (2023) Kat:3, Licht: 0","114155","3","5","1","07","16","6","","0","1","1","0","0"
"POINT (11.620110932000046 48.120078170000056)","Unfall 114156 (2023) Kat:3, Licht: 2","114156","3","1","8","07","00","6","","2","0","1","0","0"
"POINT (11.513721446000034 48.220235757000069)","Unfall 114171 (2023) Kat:3, Licht: 0","114171","3","6","2","08","09","5","","0","0","1","0","0"
"POINT (11.472564780000027 48.145419733000040)","Unfall 114222 (2023) Kat:3, Licht: 0","114222","3","3","5","08","18","4","","0","0","1","0","0"
"POINT (11.517673476000027 48.124070562000043)","Unfall 114257 (2023) Kat:3, Licht: 0","114257","3","6","2","07","18","6","","0","0","1","0","0"
"POINT (11.612116021000077 48.110280219000060)","Unfall 114269 (2023) Kat:3, Licht: 0","114269","3","6","1","07","17","5","","0","0","1","0","1"
"POINT (11.584451417000025 48.187627171000031)","Unfall 114270 (2023) Kat:3, Licht: 0","114270","3","2","5","07","19","5","","0","1","1","0","0"
"POINT (11.541113256000074 48.094138785000041)","Unfall 114271 (2023) Kat:3, Licht: 0","114271","3","3","5","07","10","5","","0","1","0","0","0"
"POINT (11.585864602000072 48.203349608000053)","Unfall 114273 (2023) Kat:3, Licht: 1","114273","3","7","6","07","19","5","","1","0","0","1","0"
"POINT (11.562573895000071 48.175975707000077)","Unfall 114275 (2023) Kat:3, Licht: 0","114275","3","1","0","07","09","5","","0","0","0","0","1"
"POINT (11.528500348000023 48.130530600000043)","Unfall 114276 (2023) Kat:2, Licht: 0","114276","2","1","0","07","17","5","","0","1","0","0","0"
"POINT (11.609350281000047 48.185699680000027)","Unfall 114396 (2023) Kat:3, Licht: 0","114396","3","6","2","07","18","5","","0","0","1","0","0"
"POINT (11.540974469000048 48.184588296000072)","Unfall 114402 (2023) Kat:3, Licht: 0","114402","3","6","2","07","07","4","","0","0","1","0","0"
"POINT (11.612366637000036 48.110391767000067)","Unfall 114403 (2023) Kat:3, Licht: 0","114403","3","3","5","07","12","4","","0","0","1","0","1"
"POINT (11.582665469000062 48.104627117000064)","Unfall 114405 (2023) Kat:3, Licht: 0","114405","3","7","0","07","20","4","","0","1","1","0","0"
"POINT (11.587127253000062 48.209921377000057)","Unfall 114408 (2023) Kat:3, Licht: 0","114408","3","1","0","07","08","4","","0","1","0","0","0"
"POINT (11.522647067000037 48.140833259000033)","Unfall 114410 (2023) Kat:3, Licht: 0","114410","3","2","5","07","11","4","","0","1","1","0","0"
"POINT (11.534349677000023 48.139106185000060)","Unfall 114414 (2023) Kat:3, Licht: 0","114414","3","6","2","07","09","4","","0","0","1","0","0"
"POINT (11.576013311000054 48.111167168000065)","Unfall 114530 (2023) Kat:2, Licht: 2","114530","2","1","8","07","23","3","","2","0","1","0","0"
"POINT (11.504956146000040 48.088056774000052)","Unfall 114532 (2023) Kat:3, Licht: 0","114532","3","3","0","07","19","3","","0","1","0","0","0"
"POINT (11.604967968000039 48.108662474000027)","Unfall 114533 (2023) Kat:3, Licht: 0","114533","3","4","6","07","14","3","","0","1","0","1","0"
"POINT (11.640170742000066 48.138980888000049)","Unfall 114630 (2023) Kat:3, Licht: 0","114630","3","6","2","07","09","3","","0","0","1","0","0"
"POINT (11.496040141000037 48.194193647000077)","Unfall 114636 (2023) Kat:3, Licht: 0","114636","3","6","1","07","08","2","","0","0","0","0","1"
"POINT (11.497024723000038 48.143682311000077)","Unfall 114637 (2023) Kat:3, Licht: 0","114637","3","6","2","07","09","2","","0","1","0","0","1"
"POINT (11.529369205000023 48.109998305000033)","Unfall 114643 (2023) Kat:3, Licht: 0","114643","3","6","2","08","10","4","","0","0","1","0","0"
"POINT (11.453712282000026 48.147575696000047)","Unfall 114678 (2023) Kat:3, Licht: 0","114678","3","7","2","07","17","7","","0","0","1","0","1"
"POINT (11.491306432000044 48.097279462000074)","Unfall 114693 (2023) Kat:3, Licht: 0","114693","3","6","2","07","11","1","","0","0","1","0","1"
"POINT (11.592091020000055 48.175932875000058)","Unfall 114697 (2023) Kat:3, Licht: 1","114697","3","1","9","08","20","7","","1","0","1","0","0"
"POINT (11.430135292000045 48.178570998000055)","Unfall 114732 (2023) Kat:3, Licht: 0","114732","3","6","3","07","18","2","","0","0","1","0","0"
"POINT (11.423008121000066 48.172823903000051)","Unfall 114733 (2023) Kat:3, Licht: 0","114733","3","6","2","07","05","2","","0","0","1","0","0"
"POINT (11.698907054000074 48.113934844000028)","Unfall 114744 (2023) Kat:2, Licht: 2","114744","2","6","2","07","21","1","","2","1","1","0","0"
"POINT (11.606191445000036 48.181688256000029)","Unfall 114760 (2023) Kat:3, Licht: 0","114760","3","6","4","08","12","5","","0","1","0","0","0"
"POINT (11.517637554000032 48.068265960000076)","Unfall 114816 (2023) Kat:3, Licht: 0","114816","3","6","2","09","11","2","","0","0","1","0","0"
"POINT (11.584449896000024 48.187671326000043)","Unfall 114819 (2023) Kat:3, Licht: 0","114819","3","6","5","09","18","2","","0","1","0","0","0"
"POINT (11.526758853000047 48.140465501000051)","Unfall 114820 (2023) Kat:3, Licht: 0","114820","3","7","4","09","18","2","","0","1","0","1","0"
"POINT (11.666327493000040 48.120903495000050)","Unfall 114821 (2023) Kat:3, Licht: 0","114821","3","3","5","09","09","2","","0","1","1","0","0"
"POINT (11.615315684000052 48.135766114000035)","Unfall 114822 (2023) Kat:3, Licht: 2","114822","3","1","0","09","20","2","","2","1","0","0","0"
"POINT (11.709438695000074 48.111468536000075)","Unfall 114895 (2023) Kat:3, Licht: 0","114895","3","7","0","09","15","1","","0","1","1","0","0"
"POINT (11.597402377000037 48.173329353000042)","Unfall 114896 (2023) Kat:3, Licht: 0","114896","3","2","5","09","13","1","","0","0","1","0","0"
"POINT (11.520431600000052 48.073074381000026)","Unfall 114897 (2023) Kat:3, Licht: 0","114897","3","7","2","09","17","1","","0","0","1","0","1"
"POINT (11.644893648000050 48.126097047000030)","Unfall 114898 (2023) Kat:3, Licht: 0","114898","3","2","4","09","14","1","","0","0","1","0","0"
"POINT (11.598133694000069 48.107304298000031)","Unfall 114900 (2023) Kat:3, Licht: 2","114900","3","1","0","09","21","1","","2","1","0","0","0"
"POINT (11.497744672000067 48.100383681000039)","Unfall 114951 (2023) Kat:3, Licht: 0","114951","3","6","2","09","17","1","","0","0","1","0","0"
"POINT (11.453087437000022 48.135622985000055)","Unfall 115058 (2023) Kat:2, Licht: 0","115058","2","5","0","09","08","6","","0","1","1","0","0"
"POINT (11.521804154000051 48.189780833000043)","Unfall 115059 (2023) Kat:3, Licht: 0","115059","3","4","6","09","06","6","","0","0","0","1","1"
"POINT (11.398806328000035 48.179577573000074)","Unfall 115060 (2023) Kat:3, Licht: 0","115060","3","2","5","09","09","6","","0","1","0","0","0"
"POINT (11.537678752000033 48.186803902000065)","Unfall 115061 (2023) Kat:3, Licht: 0","115061","3","6","0","09","19","6","","0","0","0","0","1"
"POINT (11.599565445000053 48.107600688000048)","Unfall 115062 (2023) Kat:3, Licht: 0","115062","3","2","3","09","15","6","","0","1","1","0","0"
"POINT (11.614938150000057 48.136850577000075)","Unfall 115063 (2023) Kat:3, Licht: 0","115063","3","6","2","09","17","6","","0","1","1","0","0"
"POINT (11.616103914000064 48.130807582000045)","Unfall 115064 (2023) Kat:3, Licht: 0","115064","3","1","0","09","13","6","","0","1","0","0","0"
"POINT (11.598365385000022 48.172848687000055)","Unfall 115065 (2023) Kat:3, Licht: 0","115065","3","6","2","09","13","6","","0","0","1","0","0"
"POINT (11.638231631000053 48.216282969000076)","Unfall 115132 (2023) Kat:3, Licht: 0","115132","3","7","7","09","17","6","","0","0","1","0","0"
"POINT (11.661743861000048 48.122347281000032)","Unfall 115193 (2023) Kat:2, Licht: 2","115193","2","4","6","08","22","4","","2","0","1","1","0"
"POINT (11.526108184000066 48.077615964000074)","Unfall 115194 (2023) Kat:3, Licht: 0","115194","3","3","0","08","08","4","","0","1","1","0","0"
"POINT (11.584329718000049 48.104735669000036)","Unfall 115195 (2023) Kat:3, Licht: 0","115195","3","6","2","08","17","4","","0","0","1","0","0"
"POINT (11.505491118000066 48.125554145000081)","Unfall 115233 (2023) Kat:3, Licht: 0","115233","3","1","2","08","13","4","","0","0","1","0","0"
"POINT (11.575850851000041 48.110840047000067)","Unfall 115238 (2023) Kat:3, Licht: 0","115238","3","4","6","08","17","3","","0","0","1","1","0"
"POINT (11.622084322000035 48.160839927000040)","Unfall 115309 (2023) Kat:3, Licht: 1","115309","3","6","2","08","16","2","","1","0","1","0","0"
"POINT (11.446624247000045 48.146011742000042)","Unfall 115366 (2023) Kat:3, Licht: 0","115366","3","2","5","09","16","2","","0","1","1","0","0"
"POINT (11.534197156000062 48.187046875000078)","Unfall 115371 (2023) Kat:3, Licht: 2","115371","3","1","0","08","23","1","","2","0","1","0","0"
"POINT (11.533968956000024 48.186996727000064)","Unfall 115372 (2023) Kat:3, Licht: 2","115372","3","1","8","08","23","1","","2","0","1","0","0"
"POINT (11.552202198000032 48.176109125000039)","Unfall 115374 (2023) Kat:3, Licht: 0","115374","3","6","2","08","14","1","","0","0","1","0","0"
"POINT (11.593672264000077 48.175764281000056)","Unfall 115429 (2023) Kat:3, Licht: 0","115429","3","1","8","08","12","2","","0","0","1","0","0"
"POINT (11.683529650000025 48.118493904000047)","Unfall 115488 (2023) Kat:3, Licht: 0","115488","3","7","4","08","11","6","","0","0","1","0","0"
"POINT (11.617645855000035 48.115343442000039)","Unfall 115489 (2023) Kat:3, Licht: 0","115489","3","7","0","08","09","6","","0","0","0","0","0"
"POINT (11.485785500000077 48.209036151000078)","Unfall 115564 (2023) Kat:3, Licht: 2","115564","3","6","3","08","03","6","","2","0","1","0","0"
"POINT (11.541377057000034 48.096160331000078)","Unfall 115567 (2023) Kat:3, Licht: 0","115567","3","6","2","08","11","5","","0","0","1","0","0"
"POINT (11.535944067000059 48.110659219000070)","Unfall 115570 (2023) Kat:3, Licht: 0","115570","3","6","2","08","09","5","","0","0","1","0","0"
"POINT (11.497399990000076 48.143649488000051)","Unfall 115659 (2023) Kat:3, Licht: 0","115659","3","3","5","08","15","4","","0","1","1","0","0"
"POINT (11.540151361000028 48.092992177000042)","Unfall 115715 (2023) Kat:3, Licht: 0","115715","3","6","1","08","14","5","","0","0","1","0","0"
"POINT (11.568827079000073 48.112235352000027)","Unfall 115821 (2023) Kat:3, Licht: 2","115821","3","6","3","08","23","2","","2","0","1","0","1"
"POINT (11.616401614000040 48.133638712000050)","Unfall 115822 (2023) Kat:3, Licht: 0","115822","3","6","4","08","14","2","","0","1","0","0","0"
"POINT (11.523882244000049 48.140714238000044)","Unfall 115823 (2023) Kat:3, Licht: 0","115823","3","2","3","08","17","2","","0","1","1","0","0"
"POINT (11.598900136000054 48.107462625000039)","Unfall 115903 (2023) Kat:2, Licht: 0","115903","2","6","2","08","18","1","","0","0","1","0","1"
"POINT (11.588865104000035 48.177198410000074)","Unfall 115905 (2023) Kat:3, Licht: 1","115905","3","6","1","08","20","1","","1","0","1","0","0"
"POINT (11.615200206000054 48.136966695000069)","Unfall 115907 (2023) Kat:3, Licht: 0","115907","3","3","5","08","19","1","","0","0","1","0","0"
"POINT (11.525766924000038 48.128788498000063)","Unfall 115908 (2023) Kat:3, Licht: 0","115908","3","6","2","08","13","1","","0","0","1","0","0"
"POINT (11.548034076000022 48.226628558000073)","Unfall 115979 (2023) Kat:3, Licht: 2","115979","3","6","2","08","23","1","","2","0","1","0","0"
"POINT (11.625377175000040 48.129419270000028)","Unfall 115980 (2023) Kat:3, Licht: 0","115980","3","5","1","08","19","7","","0","0","1","0","0"
"POINT (11.535374392000051 48.145769975000064)","Unfall 115983 (2023) Kat:2, Licht: 2","115983","2","1","8","08","21","7","","2","0","1","0","0"
"POINT (11.634646097000029 48.127245663000053)","Unfall 115984 (2023) Kat:3, Licht: 0","115984","3","2","4","08","13","7","","0","0","1","0","1"
"POINT (11.464304274000028 48.114462745000026)","Unfall 115985 (2023) Kat:3, Licht: 0","115985","3","1","0","08","11","7","","0","1","0","0","0"
"POINT (11.521610990000056 48.074162117000071)","Unfall 115986 (2023) Kat:3, Licht: 0","115986","3","6","2","08","09","7","","0","0","1","0","0"
"POINT (11.626582736000046 48.199400322000031)","Unfall 116060 (2023) Kat:3, Licht: 0","116060","3","7","5","08","15","6","","0","0","1","0","1"
"POINT (11.604053142000055 48.108548685000073)","Unfall 116179 (2023) Kat:3, Licht: 2","116179","3","2","4","09","21","6","","2","0","1","0","0"
"POINT (11.587128876000065 48.210646762000067)","Unfall 116181 (2023) Kat:3, Licht: 0","116181","3","6","2","09","07","6","","0","0","1","0","0"
"POINT (11.485656977000076 48.086693252000032)","Unfall 116182 (2023) Kat:3, Licht: 2","116182","3","2","5","09","19","6","","2","0","1","0","0"
"POINT (11.665034365000054 48.121340239000062)","Unfall 116183 (2023) Kat:3, Licht: 0","116183","3","6","2","09","16","6","","0","0","1","0","0"
"POINT (11.520337985000026 48.109743749000074)","Unfall 116289 (2023) Kat:3, Licht: 0","116289","3","6","2","09","17","5","","0","0","1","0","1"
"POINT (11.614407190000065 48.111612370000046)","Unfall 116291 (2023) Kat:3, Licht: 0","116291","3","3","5","09","16","5","","0","0","1","0","0"
"POINT (11.584756011000025 48.184042900000065)","Unfall 116292 (2023) Kat:2, Licht: 2","116292","2","7","4","09","21","5","","2","0","1","0","1"
"POINT (11.480362549000063 48.115176370000029)","Unfall 116293 (2023) Kat:3, Licht: 0","116293","3","2","5","09","11","5","","0","1","1","0","0"
"POINT (11.491970253000034 48.209762119000061)","Unfall 116381 (2023) Kat:3, Licht: 0","116381","3","6","1","09","15","5","","0","0","1","0","0"
"POINT (11.516855681000038 48.115715614000067)","Unfall 116384 (2023) Kat:3, Licht: 2","116384","3","6","2","09","15","4","","2","0","1","0","0"
"POINT (11.510254061000069 48.112947843000029)","Unfall 116385 (2023) Kat:3, Licht: 2","116385","3","6","0","09","22","4","","2","1","0","0","0"
"POINT (11.519453706000036 48.141200334000075)","Unfall 116451 (2023) Kat:3, Licht: 0","116451","3","7","0","09","09","3","","0","0","1","0","0"
"POINT (11.584373756000048 48.195867404000069)","Unfall 116452 (2023) Kat:3, Licht: 0","116452","3","6","1","09","14","3","","0","0","1","0","1"
"POINT (11.499574098000039 48.143456324000056)","Unfall 116453 (2023) Kat:3, Licht: 0","116453","3","7","1","09","17","3","","0","1","1","0","0"
"POINT (11.474359143000072 48.123555583000041)","Unfall 116515 (2023) Kat:3, Licht: 0","116515","3","6","3","09","15","3","","0","0","1","0","0"
"POINT (11.538672810000037 48.172012034000034)","Unfall 116522 (2023) Kat:3, Licht: 0","116522","3","6","2","09","07","2","","0","0","1","0","0"
"POINT (11.617116376000070 48.130796673000077)","Unfall 116523 (2023) Kat:3, Licht: 0","116523","3","2","5","09","17","2","","0","1","1","0","0"
"POINT (11.421354474000054 48.171645744000045)","Unfall 116594 (2023) Kat:3, Licht: 2","116594","3","6","2","09","21","2","","2","0","1","0","0"
"POINT (11.520976641000061 48.141102779000050)","Unfall 116598 (2023) Kat:3, Licht: 2","116598","3","1","1","09","00","1","","2","0","1","0","1"
"POINT (11.530841133000024 48.131191432000037)","Unfall 116599 (2023) Kat:3, Licht: 0","116599","3","3","4","09","11","1","","0","0","1","0","0"
"POINT (11.614947997000058 48.136946515000034)","Unfall 116600 (2023) Kat:3, Licht: 0","116600","3","2","3","09","14","1","","0","0","1","0","0"
"POINT (11.478123050000022 48.123541988000056)","Unfall 116667 (2023) Kat:3, Licht: 2","116667","3","7","8","09","01","1","","2","0","1","0","0"
"POINT (11.612472720000028 48.153775794000069)","Unfall 116675 (2023) Kat:2, Licht: 2","116675","2","6","8","09","22","7","","2","0","0","0","1"
"POINT (11.603870944000050 48.179517523000072)","Unfall 116676 (2023) Kat:3, Licht: 0","116676","3","3","5","09","17","7","","0","0","1","0","0"
"POINT (11.614284747000056 48.152235699000073)","Unfall 116677 (2023) Kat:3, Licht: 0","116677","3","6","1","09","12","7","","0","0","1","0","1"
"POINT (11.392365018000021 48.145926589000055)","Unfall 116753 (2023) Kat:3, Licht: 2","116753","3","1","9","09","01","6","","2","0","1","0","0"
"POINT (11.400363179000067 48.139323506000039)","Unfall 116754 (2023) Kat:3, Licht: 0","116754","3","7","0","09","14","6","","0","1","0","0","0"
"POINT (11.614747155000032 48.139699115000042)","Unfall 116755 (2023) Kat:3, Licht: 0","116755","3","6","2","09","16","6","","0","0","1","0","0"
"POINT (11.625526109000077 48.096292115000040)","Unfall 116756 (2023) Kat:3, Licht: 2","116756","3","3","5","09","23","6","","2","0","1","0","0"
"POINT (11.456256721000045 48.164170252000076)","Unfall 116757 (2023) Kat:3, Licht: 0","116757","3","3","5","09","17","6","","0","1","1","0","0"
"POINT (11.616428016000043 48.149094732000037)","Unfall 116758 (2023) Kat:3, Licht: 0","116758","3","6","2","09","14","6","","0","0","1","0","1"
"POINT (11.709435295000048 48.111469215000056)","Unfall 116761 (2023) Kat:3, Licht: 0","116761","3","6","2","09","17","6","","0","0","1","0","0"
"POINT (11.615095028000042 48.152089010000054)","Unfall 116944 (2023) Kat:3, Licht: 1","116944","3","6","1","09","18","4","","1","0","1","0","0"
"POINT (11.454387088000033 48.204656074000070)","Unfall 116998 (2023) Kat:3, Licht: 0","116998","3","6","2","09","11","4","","0","0","1","0","0"
"POINT (11.611661711000067 48.186659017000068)","Unfall 117002 (2023) Kat:3, Licht: 0","117002","3","6","3","09","18","3","","0","1","1","0","0"
"POINT (11.518823593000036 48.141289137000058)","Unfall 117004 (2023) Kat:3, Licht: 0","117004","3","6","3","09","16","3","","0","0","1","0","0"
"POINT (11.591281093000077 48.105363331000035)","Unfall 117006 (2023) Kat:3, Licht: 0","117006","3","2","5","09","18","3","","0","0","1","0","0"
"POINT (11.480632209000021 48.115121567000074)","Unfall 117034 (2023) Kat:3, Licht: 2","117034","3","3","5","09","21","5","","2","0","1","0","1"
"POINT (11.600622415000032 48.182987747000027)","Unfall 117093 (2023) Kat:3, Licht: 0","117093","3","6","2","09","10","3","","0","0","1","0","1"
"POINT (11.529614540000068 48.090600498000072)","Unfall 117096 (2023) Kat:3, Licht: 0","117096","3","3","5","09","16","2","","0","1","1","0","0"
"POINT (11.584229807000042 48.195820891000039)","Unfall 117097 (2023) Kat:3, Licht: 2","117097","3","1","0","09","02","2","","2","1","0","0","0"
"POINT (11.562063524000052 48.112933409000050)","Unfall 117108 (2023) Kat:3, Licht: 0","117108","3","6","2","09","17","5","","0","0","1","0","0"
"POINT (11.616534714000068 48.113388182000051)","Unfall 117201 (2023) Kat:2, Licht: 0","117201","2","7","3","09","18","1","","0","1","0","0","1"
"POINT (11.616359259000035 48.133352891000072)","Unfall 117202 (2023) Kat:3, Licht: 2","117202","3","1","0","09","22","1","","2","0","0","0","1"
"POINT (11.414751577000061 48.129982811000048)","Unfall 117291 (2023) Kat:3, Licht: 0","117291","3","6","2","09","17","1","","0","0","1","0","0"
"POINT (11.654297642000074 48.124841475000039)","Unfall 117416 (2023) Kat:3, Licht: 0","117416","3","2","4","09","07","6","","0","1","1","0","0"
"POINT (11.618886993000046 48.108527423000055)","Unfall 117418 (2023) Kat:3, Licht: 0","117418","3","4","6","09","11","6","","0","1","0","1","0"
"POINT (11.618058647000055 48.110695600000042)","Unfall 117420 (2023) Kat:3, Licht: 0","117420","3","1","2","09","07","6","","0","1","0","0","0"
"POINT (11.585209801000076 48.200832940000055)","Unfall 117439 (2023) Kat:3, Licht: 0","117439","3","2","3","09","17","3","","0","1","0","0","0"
"POINT (11.592828341000029 48.175541110000040)","Unfall 117536 (2023) Kat:3, Licht: 0","117536","3","7","0","09","18","5","","0","0","0","0","1"
"POINT (11.585110283000063 48.179923836000057)","Unfall 117541 (2023) Kat:3, Licht: 0","117541","3","7","5","09","11","5","","0","0","1","0","0"
"POINT (11.480072707000033 48.216872772000045)","Unfall 117542 (2023) Kat:3, Licht: 2","117542","3","7","2","09","22","5","","2","0","1","0","0"
"POINT (11.497759806000033 48.212006722000069)","Unfall 117677 (2023) Kat:3, Licht: 0","117677","3","6","2","09","17","5","","0","0","1","0","0"
"POINT (11.516890112000056 48.114195302000041)","Unfall 117685 (2023) Kat:3, Licht: 2","117685","3","6","2","09","18","4","","2","0","1","0","1"
"POINT (11.516913431000035 48.113255692000052)","Unfall 117687 (2023) Kat:3, Licht: 0","117687","3","3","5","09","17","4","","0","0","1","0","0"
"POINT (11.596857542000066 48.162765409000031)","Unfall 117688 (2023) Kat:3, Licht: 0","117688","3","6","2","09","16","4","","0","0","1","0","1"
"POINT (11.528669386000047 48.129961020000053)","Unfall 117689 (2023) Kat:3, Licht: 0","117689","3","3","5","09","15","4","","0","1","1","0","0"
"POINT (11.457877626000027 48.206174302000079)","Unfall 117690 (2023) Kat:3, Licht: 0","117690","3","2","4","09","08","4","","0","1","1","0","0"
"POINT (11.582552525000040 48.104836779000038)","Unfall 117692 (2023) Kat:3, Licht: 0","117692","3","1","0","09","09","4","","0","1","0","0","0"
"POINT (11.513205689000074 48.108413096000049)","Unfall 117762 (2023) Kat:3, Licht: 0","117762","3","6","3","09","07","4","","0","0","1","0","0"
"POINT (11.518102925000051 48.120380721000060)","Unfall 117804 (2023) Kat:3, Licht: 0","117804","3","6","3","09","11","3","","0","0","1","0","0"
"POINT (11.501788665000049 48.192907768000055)","Unfall 117805 (2023) Kat:3, Licht: 0","117805","3","6","3","09","19","3","","0","0","1","0","0"
"POINT (11.502423761000045 48.192962621000049)","Unfall 117806 (2023) Kat:3, Licht: 1","117806","3","6","2","09","19","3","","1","0","1","0","0"
"POINT (11.658031168000036 48.123749608000026)","Unfall 117808 (2023) Kat:3, Licht: 0","117808","3","2","5","09","13","3","","0","0","1","0","1"
"POINT (11.578772313000059 48.109497831000056)","Unfall 117809 (2023) Kat:3, Licht: 0","117809","3","6","3","09","16","3","","0","0","1","0","0"
"POINT (11.516038734000063 48.124121045000038)","Unfall 117874 (2023) Kat:3, Licht: 2","117874","3","6","2","10","17","7","","2","0","1","0","0"
"POINT (11.622198421000064 48.207259289000035)","Unfall 117877 (2023) Kat:3, Licht: 0","117877","3","6","2","10","13","7","","0","0","1","0","0"
"POINT (11.479741799000067 48.088613670000029)","Unfall 117880 (2023) Kat:3, Licht: 0","117880","3","6","1","10","09","6","","0","0","1","0","0"
"POINT (11.399458140000036 48.155590799000038)","Unfall 117938 (2023) Kat:3, Licht: 1","117938","3","6","2","10","18","6","","1","0","1","0","0"
"POINT (11.519527748000030 48.122919423000042)","Unfall 117949 (2023) Kat:3, Licht: 2","117949","3","6","2","10","19","5","","2","0","1","0","0"
"POINT (11.645018725000057 48.089210678000029)","Unfall 117951 (2023) Kat:3, Licht: 0","117951","3","2","1","10","07","5","","0","0","1","0","1"
"POINT (11.412953908000077 48.166194373000053)","Unfall 118001 (2023) Kat:3, Licht: 2","118001","3","6","3","10","13","5","","2","0","1","0","0"
"POINT (11.596350834000077 48.106723461000058)","Unfall 118011 (2023) Kat:3, Licht: 0","118011","3","6","2","10","11","4","","0","0","1","0","0"
"POINT (11.613707929000043 48.153037734000065)","Unfall 118012 (2023) Kat:3, Licht: 0","118012","3","6","2","10","09","4","","0","0","1","0","0"
"POINT (11.615274877000047 48.129427519000046)","Unfall 118013 (2023) Kat:3, Licht: 0","118013","3","3","5","10","15","4","","0","0","1","0","0"
"POINT (11.574380328000075 48.108779416000061)","Unfall 118089 (2023) Kat:3, Licht: 0","118089","3","2","5","10","13","3","","0","1","0","0","0"
"POINT (11.634561492000046 48.127441292000071)","Unfall 118092 (2023) Kat:3, Licht: 2","118092","3","2","6","10","06","3","","2","0","1","1","0"
"POINT (11.613998200000026 48.190649753000059)","Unfall 118151 (2023) Kat:3, Licht: 1","118151","3","6","2","10","06","2","","1","0","1","0","0"