WKT,Name,OBJECTID,UKATEGORIE,UTYP1,UART,UMONAT,USTUNDE,UWOCHENTAG,STRZUSTAND,ULICHTVERH,ISTRAD,ISTPKW,ISTFUSS,ISTKRAD
"POINT (11.483725990000039 48.144976651000036)","Unfall 122489 (2023) Kat:3, Licht: 2","122489","3","1","1","12","18","6","","2","0","1","0","0"
"POINT (11.557895582000071 48.112319999000078)","Unfall 122490 (2023) Kat:3, Licht: 2","122490","3","6","2","12","19","6","","2","0","1","0","0"
"POINT (11.534097092000025 48.110311800000034)","Unfall 122700 (2023) Kat:3, Licht: 2","122700","3","3","3","11","17","4","","2","1","1","0","0"
"POINT (11.623413057000050 48.209068498000079)","Unfall 122744 (2023) Kat:3, Licht: 1","122744","3","6","8","11","07","4","","1","0","1","0","0"
"POINT (11.584248893000051 48.190346903000034)","Unfall 122745 (2023) Kat:3, Licht: 2","122745","3","7","0","11","16","3","","2","1","0","0","0"
"POINT (11.521586774000070 48.189833402000033)","Unfall 122746 (2023) Kat:3, Licht: 2","122746","3","6","2","11","21","3","","2","0","1","0","0"
"POINT (11.644002203000070 48.126088666000044)","Unfall 122749 (2023) Kat:3, Licht: 0","122749","3","4","6","11","13","3","","0","0","1","1","0"
"POINT (11.516880625000056 48.114698841000063)","Unfall 122750 (2023) Kat:3, Licht: 2","122750","3","6","2","11","10","3","","2","0","1","0","0"
"POINT (11.603651261000039 48.108492400000046)","Unfall 122832 (2023) Kat:3, Licht: 2","122832","3","1","8","11","01","2","","2","0","1","0","0"
"POINT (11.531973188000052 48.187207267000076)","Unfall 122833 (2023) Kat:3, Licht: 0","122833","3","6","2","11","15","2","","0","0","1","0","0"
"POINT (11.496883835000062 48.143694634000042)","Unfall 122848 (2023) Kat:3, Licht: 2","122848","3","2","5","12","20","1","","2","0","1","0","0"
"POINT (11.404813991000026 48.126716565000038)","Unfall 122966 (2023) Kat:3, Licht: 2","122966","3","1","8","11","05","1","","2","0","1","0","0"
"POINT (11.399458140000036 48.155590799000038)","Unfall 123064 (2023) Kat:3, Licht: 2","123064","3","1","9","11","06","7","","2","0","1","0","0"
"POINT (11.638147330000038 48.221650415000056)","Unfall 123069 (2023) Kat:2, Licht: 2","123069","2","2","4","11","16","6","","2","0","1","0","0"
"POINT (11.521226838000075 48.090489048000052)","Unfall 123070 (2023) Kat:3, Licht: 0","123070","3","2","5","11","11","6","","0","0","1","0","0"
"POINT (11.645740551000074 48.094872946000066)","Unfall 123072 (2023) Kat:3, Licht: 1","123072","3","3","5","11","17","6","","1","1","1","0","0"
"POINT (11.410158339000077 48.164237841000045)","Unfall 123172 (2023) Kat:3, Licht: 2","123172","3","6","2","11","11","6","","2","0","1","0","0"
"POINT (11.493878438000024 48.210424324000030)","Unfall 123180 (2023) Kat:3, Licht: 0","123180","3","6","3","11","12","6","","0","0","1","0","0"
"POINT (11.534502539000073 48.141200142000059)","Unfall 123185 (2023) Kat:3, Licht: 0","123185","3","7","8","11","08","5","","0","0","1","1","0"
"POINT (11.536898193000070 48.151692094000055)","Unfall 123188 (2023) Kat:3, Licht: 2","123188","3","3","5","11","18","5","","2","0","1","0","0"
"POINT (11.518647383000030 48.141309838000041)","Unfall 123189 (2023) Kat:3, Licht: 0","123189","3","2","6","11","11","5","","0","0","1","1","0"
"POINT (11.644937737000021 48.125999808000074)","Unfall 123190 (2023) Kat:3, Licht: 0","123190","3","2","5","11","08","5","","0","1","1","0","0"
"POINT (11.522564190000026 48.140842542000030)","Unfall 123258 (2023) Kat:3, Licht: 0","123258","3","7","0","11","11","4","","0","1","0","0","0"
"POINT (11.422185394000053 48.172232532000066)","Unfall 123270 (2023) Kat:3, Licht: 0","123270","3","6","1","12","14","4","","0","0","1","0","0"
"POINT (11.534789830000022 48.139451450000081)","Unfall 123318 (2023) Kat:3, Licht: 0","123318","3","5","2","12","10","7","","0","0","1","0","0"
"POINT (11.585199202000069 48.200778723000042)","Unfall 123336 (2023) Kat:3, Licht: 0","123336","3","4","6","11","16","3","","0","0","1","1","0"
"POINT (11.683694892000062 48.118369617000042)","Unfall 123337 (2023) Kat:2, Licht: 2","123337","2","2","6","11","18","3","","2","0","1","1","0"
"POINT (11.522430001000032 48.126471092000031)","Unfall 123402 (2023) Kat:3, Licht: 0","123402","3","6","2","11","06","2","","0","0","1","0","0"
"POINT (11.590194733000033 48.176711913000076)","Unfall 123403 (2023) Kat:3, Licht: 0","123403","3","6","2","11","08","2","","0","0","1","0","0"
"POINT (11.637119515000052 48.126795350000066)","Unfall 123405 (2023) Kat:3, Licht: 0","123405","3","1","2","11","08","2","","0","0","1","0","1"
"POINT (11.616224602000045 48.149023674000034)","Unfall 123407 (2023) Kat:3, Licht: 0","123407","3","1","8","11","09","2","","0","0","1","0","0"
"POINT (11.477394079000021 48.115600337000046)","Unfall 123465 (2023) Kat:3, Licht: 2","123465","3","2","5","11","00","1","","2","1","1","0","0"
"POINT (11.584330840000064 48.195613276000074)","Unfall 123508 (2023) Kat:3, Licht: 0","123508","3","2","4","11","11","7","","0","0","1","0","0"
"POINT (11.512292275000050 48.142105228000048)","Unfall 123509 (2023) Kat:3, Licht: 0","123509","3","2","5","11","14","7","","0","0","1","0","0"
"POINT (11.637392922000060 48.105942198000037)","Unfall 123511 (2023) Kat:3, Licht: 2","123511","3","3","5","11","19","7","","2","0","1","0","0"
"POINT (11.406982575000029 48.128228658000069)","Unfall 123552 (2023) Kat:3, Licht: 1","123552","3","1","9","11","07","7","","1","0","1","0","0"
"POINT (11.605152038000028 48.108685769000033)","Unfall 123556 (2023) Kat:3, Licht: 0","123556","3","7","0","11","08","6","","0","1","0","0","0"
"POINT (11.473844485000029 48.209718741000074)","Unfall 123583 (2023) Kat:3, Licht: 0","123583","3","6","2","12","15","3","","0","0","1","0","0"
"POINT (11.541321818000029 48.186449128000049)","Unfall 125692 (2023) Kat:3, Licht: 2","125692","3","1","8","12","02","7","","2","0","1","0","0"
"POINT (11.587211729000046 48.210289320000072)","Unfall 125761 (2023) Kat:3, Licht: 0","125761","3","1","0","12","10","6","","0","0","0","0","0"
"POINT (11.573485933000029 48.178058628000031)","Unfall 125780 (2023) Kat:3, Licht: 0","125780","3","3","5","12","07","5","","0","0","1","0","0"
"POINT (11.418468111000038 48.142102899000065)","Unfall 125828 (2023) Kat:3, Licht: 1","125828","3","3","1","12","16","4","","1","0","1","0","0"
"POINT (11.539770482000051 48.110309260000065)","Unfall 125883 (2023) Kat:3, Licht: 2","125883","3","2","5","12","17","3","","2","0","1","0","0"
"POINT (11.606688821000034 48.108862007000027)","Unfall 125917 (2023) Kat:3, Licht: 0","125917","3","3","5","12","14","2","","0","1","1","0","0"
"POINT (11.618253395000067 48.110149662000026)","Unfall 125947 (2023) Kat:3, Licht: 2","125947","3","3","5","12","16","1","","2","1","1","0","0"
"POINT (11.485247208000033 48.210259806000067)","Unfall 126016 (2023) Kat:3, Licht: 2","126016","3","3","5","12","22","6","","2","0","1","0","0"
"POINT (11.614796596000076 48.136793828000066)","Unfall 126018 (2023) Kat:3, Licht: 0","126018","3","3","5","12","11","6","","0","0","1","0","0"
"POINT (11.625395759000071 48.129416517000038)","Unfall 126109 (2023) Kat:3, Licht: 2","126109","3","1","6","12","22","5","","2","0","1","1","0"
"POINT (11.628074744000060 48.221937184000069)","Unfall 126192 (2023) Kat:3, Licht: 2","126192","3","1","9","12","03","5","","2","0","1","0","0"
"POINT (11.616408747000037 48.148879637000050)","Unfall 126196 (2023) Kat:3, Licht: 2","126196","3","2","4","12","16","4","","2","0","1","0","0"
"POINT (11.460750555000061 48.188057736000076)","Unfall 126197 (2023) Kat:3, Licht: 2","126197","3","3","6","12","07","4","","2","0","1","1","0"
"POINT (11.465479015000028 48.148200674000066)","Unfall 126269 (2023) Kat:3, Licht: 0","126269","3","2","5","12","09","3","","0","0","1","0","0"
"POINT (11.537530285000059 48.159353553000074)","Unfall 126270 (2023) Kat:3, Licht: 0","126270","3","7","9","12","11","3","","0","0","1","0","0"
"POINT (11.477062031000060 48.115585705000058)","Unfall 126271 (2023) Kat:3, Licht: 0","126271","3","2","6","12","10","3","","0","0","0","1","0"
"POINT (11.637678852000022 48.106023668000034)","Unfall 126276 (2023) Kat:3, Licht: 1","126276","3","1","2","12","17","3","","1","0","1","0","0"
"POINT (11.583049651000067 48.177519228000051)","Unfall 126373 (2023) Kat:3, Licht: 1","126373","3","6","2","12","15","2","","1","0","1","0","0"
"POINT (11.663512561000061 48.090047477000041)","Unfall 126374 (2023) Kat:3, Licht: 0","126374","3","1","2","12","07","2","","0","0","1","0","0"
"POINT (11.654255837000051 48.124741627000049)","Unfall 126377 (2023) Kat:3, Licht: 0","126377","3","2","3","12","09","2","","0","0","1","0","0"
"POINT (11.567030537000051 48.104706037000028)","Unfall 214647 (2023) Kat:3, Licht: 0","214647","3","7","6","01","09","4","","0","0","1","1","0"
"POINT (11.541630180000027 48.139327400000070)","Unfall 214650 (2023) Kat:1, Licht: 0","214650","1","6","2","01","10","4","","0","1","1","0","0"
"POINT (11.614231557000039 48.131296967000026)","Unfall 214651 (2023) Kat:3, Licht: 0","214651","3","4","6","01","09","4","","0","0","1","1","0"
"POINT (11.590492820000065 48.142627761000028)","Unfall 214652 (2023) Kat:3, Licht: 1","214652","3","3","5","01","07","4","","1","1","1","0","0"
"POINT (11.516192676000060 48.126338610000062)","Unfall 214675 (2023) Kat:3, Licht: 2","214675","3","6","4","01","19","3","","2","1","1","0","0"
"POINT (11.607745127000044 48.146334454000055)","Unfall 214677 (2023) Kat:3, Licht: 2","214677","3","4","6","01","18","3","","2","0","1","1","0"
"POINT (11.512843386000043 48.180328352000060)","Unfall 214678 (2023) Kat:2, Licht: 0","214678","2","4","6","01","11","3","","0","0","0","1","0"
"POINT (11.567138486000033 48.179872624000041)","Unfall 214680 (2023) Kat:3, Licht: 2","214680","3","7","1","01","17","3","","2","1","1","0","0"
"POINT (11.555711055000074 48.148058692000063)","Unfall 214706 (2023) Kat:2, Licht: 0","214706","2","7","3","01","10","2","","0","0","1","0","0"
"POINT (11.420906733000038 48.174445818000038)","Unfall 214707 (2023) Kat:3, Licht: 0","214707","3","2","4","01","12","2","","0","0","1","0","0"
"POINT (11.558612154000059 48.136054382000054)","Unfall 214708 (2023) Kat:3, Licht: 0","214708","3","7","0","01","15","2","","0","0","1","0","0"
"POINT (11.609941676000062 48.132469822000076)","Unfall 214709 (2023) Kat:3, Licht: 2","214709","3","2","4","01","20","2","","2","0","1","0","0"
"POINT (11.593105001000026 48.165267401000051)","Unfall 214748 (2023) Kat:3, Licht: 2","214748","3","6","2","01","19","7","","2","0","1","0","0"
"POINT (11.595507216000044 48.145257714000081)","Unfall 214749 (2023) Kat:3, Licht: 2","214749","3","3","5","01","19","7","","2","0","1","0","0"
"POINT (11.644322713000065 48.097146700000053)","Unfall 214750 (2023) Kat:3, Licht: 2","214750","3","1","9","01","00","7","","2","0","1","0","0"
"POINT (11.521345044000043 48.181138548000035)","Unfall 214751 (2023) Kat:3, Licht: 0","214751","3","2","5","01","12","7","","0","1","1","0","0"
"POINT (11.701538864000042 48.105888454000080)","Unfall 214752 (2023) Kat:3, Licht: 2","214752","3","3","5","01","05","7","","2","0","1","0","0"
"POINT (11.581614116000026 48.151309308000066)","Unfall 214754 (2023) Kat:3, Licht: 2","214754","3","1","1","01","02","7","","2","0","1","0","0"
"POINT (11.645317383000076 48.127007340000034)","Unfall 214755 (2023) Kat:3, Licht: 1","214755","3","3","5","01","16","7","","1","0","1","0","0"
"POINT (11.547861435000073 48.103819831000067)","Unfall 214756 (2023) Kat:3, Licht: 0","214756","3","3","5","01","10","7","","0","0","1","0","0"
"POINT (11.472280507000050 48.144332597000073)","Unfall 214757 (2023) Kat:3, Licht: 0","214757","3","7","5","01","10","7","","0","0","1","0","0"
"POINT (11.529182087000038 48.147310289000075)","Unfall 214758 (2023) Kat:3, Licht: 0","214758","3","5","3","01","09","7","","0","1","1","0","0"
"POINT (11.601919855000062 48.115596930000038)","Unfall 214759 (2023) Kat:3, Licht: 2","214759","3","6","1","01","06","7","","2","0","1","0","0"
"POINT (11.491043930000046 48.206539293000048)","Unfall 214782 (2023) Kat:3, Licht: 0","214782","3","3","5","01","13","6","","0","1","1","0","0"
"POINT (11.548290187000077 48.100840837000078)","Unfall 214783 (2023) Kat:3, Licht: 2","214783","3","2","5","01","06","6","","2","1","1","0","0"
"POINT (11.523874739000064 48.133554086000061)","Unfall 214784 (2023) Kat:3, Licht: 0","214784","3","6","2","01","12","6","","0","0","1","0","0"
"POINT (11.537375918000066 48.169552556000042)","Unfall 214833 (2023) Kat:2, Licht: 2","214833","2","1","0","01","06","5","","2","1","0","0","0"
"POINT (11.564307288000066 48.151106950000042)","Unfall 214835 (2023) Kat:3, Licht: 2","214835","3","1","0","01","05","5","","2","0","0","0","0"
"POINT (11.481301532000032 48.138550614000053)","Unfall 214836 (2023) Kat:3, Licht: 2","214836","3","4","6","01","06","5","","2","0","1","1","0"
"POINT (11.478460865000045 48.119808886000044)","Unfall 214837 (2023) Kat:3, Licht: 0","214837","3","3","5","01","08","5","","0","1","1","0","0"
"POINT (11.534222115000034 48.134962175000055)","Unfall 214839 (2023) Kat:3, Licht: 0","214839","3","2","0","01","09","5","","0","1","0","0","0"
"POINT (11.579426792000049 48.157837298000061)","Unfall 214840 (2023) Kat:3, Licht: 0","214840","3","7","6","01","14","5","","0","1","0","1","0"
"POINT (11.578727191000041 48.137863802000027)","Unfall 214841 (2023) Kat:3, Licht: 0","214841","3","3","5","01","12","5","","0","1","1","0","0"
"POINT (11.586963784000034 48.137776146000078)","Unfall 214868 (2023) Kat:3, Licht: 2","214868","3","7","5","01","18","4","","2","0","1","0","0"
"POINT (11.642001676000064 48.157926349000036)","Unfall 214869 (2023) Kat:2, Licht: 0","214869","2","4","6","01","11","4","","0","1","0","1","0"
"POINT (11.566525984000066 48.201757523000026)","Unfall 214870 (2023) Kat:3, Licht: 0","214870","3","3","6","01","09","4","","0","0","1","1","0"
"POINT (11.621755037000071 48.126411618000077)","Unfall 214871 (2023) Kat:3, Licht: 0","214871","3","2","6","01","14","4","","0","0","1","1","0"
"POINT (11.494083864000061 48.128590786000075)","Unfall 214872 (2023) Kat:3, Licht: 2","214872","3","3","5","01","19","4","","2","0","1","0","0"
"POINT (11.593452675000037 48.142050893000032)","Unfall 214873 (2023) Kat:3, Licht: 0","214873","3","3","5","01","12","4","","0","0","1","0","0"
"POINT (11.629452859000025 48.101106477000030)","Unfall 214874 (2023) Kat:3, Licht: 0","214874","3","5","0","01","11","4","","0","1","0","0","0"
"POINT (11.535354057000063 48.140003021000041)","Unfall 214875 (2023) Kat:3, Licht: 1","214875","3","4","6","01","16","4","","1","0","0","1","0"
"POINT (11.579274496000039 48.129294987000037)","Unfall 214876 (2023) Kat:3, Licht: 2","214876","3","2","4","01","16","4","","2","1","1","0","0"
"POINT (11.568208557000048 48.204796720000047)","Unfall 214907 (2023) Kat:3, Licht: 0","214907","3","6","6","01","13","3","","0","1","0","1","0"
"POINT (11.582931399000074 48.154017656000065)","Unfall 214908 (2023) Kat:3, Licht: 0","214908","3","1","0","01","09","3","","0","1","0","0","0"
"POINT (11.559147782000025 48.142942513000037)","Unfall 214909 (2023) Kat:3, Licht: 0","214909","3","3","1","01","16","3","","0","1","1","0","0"
"POINT (11.467270309000071 48.162895018000029)","Unfall 214910 (2023) Kat:3, Licht: 2","214910","3","7","1","01","17","3","","2","1","1","1","0"
"POINT (11.520290384000077 48.149976203000051)","Unfall 214911 (2023) Kat:3, Licht: 2","214911","3","2","0","01","19","3","","2","0","1","1","0"
"POINT (11.520492139000055 48.146516404000067)","Unfall 214912 (2023) Kat:3, Licht: 2","214912","3","2","5","01","19","3","","2","1","1","0","0"
"POINT (11.493145550000065 48.110651711000060)","Unfall 214913 (2023) Kat:3, Licht: 0","214913","3","1","1","01","10","3","","0","1","0","0","0"
"POINT (11.650322893000066 48.125702684000032)","Unfall 214914 (2023) Kat:3, Licht: 0","214914","3","4","6","01","10","3","","0","0","1","1","0"
"POINT (11.634714075000034 48.169155861000036)","Unfall 214915 (2023) Kat:3, Licht: 1","214915","3","2","6","01","07","3","","1","0","1","1","0"
"POINT (11.607350704000055 48.125362033000044)","Unfall 214916 (2023) Kat:3, Licht: 0","214916","3","7","6","01","15","3","","0","0","1","1","0"
"POINT (11.589130840000053 48.137273198000059)","Unfall 214924 (2023) Kat:3, Licht: 0","214924","3","2","5","01","11","7","","0","1","1","0","0"
"POINT (11.435580459000050 48.150747957000078)","Unfall 214935 (2023) Kat:3, Licht: 2","214935","3","3","5","01","05","6","","2","0","1","0","0"
"POINT (11.572120331000065 48.195161341000073)","Unfall 214957 (2023) Kat:3, Licht: 0","214957","3","1","0","01","09","2","","0","1","0","0","0"
"POINT (11.685852685000043 48.140492127000073)","Unfall 214958 (2023) Kat:3, Licht: 2","214958","3","7","6","01","20","2","","2","0","1","1","0"
"POINT (11.547777822000057 48.149613984000041)","Unfall 214959 (2023) Kat:3, Licht: 0","214959","3","2","5","01","14","2","","0","0","1","0","1"
"POINT (11.503038782000033 48.141603627000052)","Unfall 214960 (2023) Kat:3, Licht: 2","214960","3","7","0","01","18","2","","2","0","1","0","0"
"POINT (11.586150504000045 48.169481615000052)","Unfall 214961 (2023) Kat:3, Licht: 0","214961","3","2","5","01","16","2","","0","0","1","0","0"
"POINT (11.474899815000072 48.125634713000068)","Unfall 214982 (2023) Kat:3, Licht: 0","214982","3","7","0","01","11","2","","0","0","0","1","0"
"POINT (11.606694990000051 48.126932766000039)","Unfall 214995 (2023) Kat:3, Licht: 0","214995","3","4","6","01","07","1","","0","0","1","1","0"
"POINT (11.502525702000071 48.117536001000076)","Unfall 214996 (2023) Kat:3, Licht: 2","214996","3","3","6","01","17","1","","2","0","1","1","0"
"POINT (11.559689776000027 48.174777720000066)","Unfall 215000 (2023) Kat:3, Licht: 2","215000","3","3","5","01","17","1","","2","0","1","0","0"
"POINT (11.511899557000049 48.155674749000070)","Unfall 215001 (2023) Kat:3, Licht: 0","215001","3","3","5","01","14","1","","0","1","1","0","0"
"POINT (11.657771341000057 48.149806726000065)","Unfall 215010 (2023) Kat:3, Licht: 0","215010","3","3","6","01","09","7","","0","0","1","1","0"
"POINT (11.688940671000069 48.132514874000037)","Unfall 215041 (2023) Kat:3, Licht: 0","215041","3","4","6","01","16","6","","0","0","1","1","0"
"POINT (11.574102453000023 48.120099521000043)","Unfall 215042 (2023) Kat:3, Licht: 2","215042","3","2","5","01","21","6","","2","1","1","0","0"
"POINT (11.629105766000066 48.158578298000066)","Unfall 215043 (2023) Kat:3, Licht: 2","215043","3","4","6","01","20","6","","2","0","1","1","0"
"POINT (11.553522858000065 48.183668206000050)","Unfall 215044 (2023) Kat:3, Licht: 0","215044","3","6","2","01","13","6","","0","0","1","0","0"
"POINT (11.569934571000033 48.126377667000042)","Unfall 215045 (2023) Kat:3, Licht: 0","215045","3","4","5","01","13","6","","0","1","0","1","0"
"POINT (11.582660598000075 48.098562063000031)","Unfall 215047 (2023) Kat:3, Licht: 2","215047","3","1","0","01","17","1","","2","0","0","0","1"
"POINT (11.682328537000046 48.117365147000044)","Unfall 215048 (2023) Kat:3, Licht: 0","215048","3","3","5","01","08","6","","0","1","1","0","0"
"POINT (11.634999488000062 48.137901247000059)","Unfall 215049 (2023) Kat:3, Licht: 0","215049","3","2","3","01","14","6","","0","1","1","0","0"
"POINT (11.570487753000066 48.142065565000053)","Unfall 215075 (2023) Kat:3, Licht: 2","215075","3","1","2","01","02","5","","2","0","1","0","0"
"POINT (11.414847810000026 48.159954371000026)","Unfall 215076 (2023) Kat:3, Licht: 0","215076","3","6","2","01","07","5","","0","0","1","0","0"
"POINT (11.553925915000036 48.206948415000056)","Unfall 215077 (2023) Kat:3, Licht: 1","215077","3","5","1","01","06","5","","1","0","1","0","0"
"POINT (11.482975482000029 48.130108257000074)","Unfall 215078 (2023) Kat:3, Licht: 0","215078","3","2","4","01","15","5","","0","1","1","0","0"
"POINT (11.507092713000077 48.098550943000077)","Unfall 215079 (2023) Kat:3, Licht: 0","215079","3","6","3","01","08","5","","0","0","1","0","0"
"POINT (11.668015946000025 48.115377307000074)","Unfall 215080 (2023) Kat:3, Licht: 2","215080","3","7","0","01","20","5","","2","1","0","0","0"
"POINT (11.644692203000034 48.128662941000073)","Unfall 215081 (2023) Kat:3, Licht: 0","215081","3","7","3","01","14","5","","0","1","0","0","0"
"POINT (11.645181338000043 48.162735308000038)","Unfall 215082 (2023) Kat:3, Licht: 0","215082","3","2","4","01","16","5","","0","0","1","0","0"
"POINT (11.611959578000040 48.116849603000048)","Unfall 215083 (2023) Kat:3, Licht: 0","215083","3","6","2","01","10","5","","0","0","1","0","0"
"POINT (11.590149922000023 48.166530953000063)","Unfall 215100 (2023) Kat:3, Licht: 2","215100","3","2","6","01","00","5","","2","0","1","1","0"
"POINT (11.523925743000063 48.099217520000082)","Unfall 215121 (2023) Kat:3, Licht: 1","215121","3","3","5","01","06","4","","1","0","1","0","0"
"POINT (11.598517093000055 48.130167413000038)","Unfall 215122 (2023) Kat:3, Licht: 2","215122","3","5","1","01","18","4","","2","1","1","0","0"
"POINT (11.650353387000052 48.161952083000074)","Unfall 215123 (2023) Kat:3, Licht: 0","215123","3","3","5","01","10","4","","0","0","1","0","0"
"POINT (11.546891111000036 48.159264386000075)","Unfall 215124 (2023) Kat:3, Licht: 2","215124","3","6","2","01","17","4","","2","0","1","0","0"
"POINT (11.522217720000071 48.152523938000058)","Unfall 215125 (2023) Kat:3, Licht: 2","215125","3","3","5","01","16","4","","2","0","1","0","0"
"POINT (11.568426918000057 48.136285485000030)","Unfall 215126 (2023) Kat:3, Licht: 2","215126","3","3","5","01","19","4","","2","1","1","0","0"
"POINT (11.549946399000021 48.200206837000053)","Unfall 215127 (2023) Kat:3, Licht: 2","215127","3","4","6","01","17","4","","2","0","1","1","0"
"POINT (11.574650544000065 48.129035120000026)","Unfall 215128 (2023) Kat:3, Licht: 2","215128","3","4","6","01","17","4","","2","0","1","1","0"
"POINT (11.495662758000037 48.183306697000035)","Unfall 215131 (2023) Kat:3, Licht: 2","215131","3","1","1","01","07","1","","2","0","1","0","0"
"POINT (11.533720966000033 48.133983805000071)","Unfall 215161 (2023) Kat:3, Licht: 0","215161","3","6","2","01","10","3","","0","0","1","0","0"
"POINT (11.588637666000068 48.137524241000051)","Unfall 215162 (2023) Kat:3, Licht: 0","215162","3","3","5","01","10","3","","0","1","0","0","0"
"POINT (11.628454878000070 48.148279681000076)","Unfall 215163 (2023) Kat:3, Licht: 2","215163","3","5","1","01","17","3","","2","0","1","0","0"
"POINT (11.554638300000022 48.137480001000029)","Unfall 215164 (2023) Kat:3, Licht: 0","215164","3","6","2","01","10","3","","0","0","1","0","0"
"POINT (11.553419200000064 48.216835329000048)","Unfall 215166 (2023) Kat:3, Licht: 2","215166","3","4","6","01","17","3","","2","0","0","1","0"
"POINT (11.589260623000030 48.137335462000067)","Unfall 215168 (2023) Kat:3, Licht: 2","215168","3","2","5","01","20","3","","2","1","1","0","0"
"POINT (11.585138823000023 48.158705428000076)","Unfall 215169 (2023) Kat:3, Licht: 1","215169","3","4","6","01","18","3","","1","0","1","1","0"
"POINT (11.562154392000025 48.213423451000040)","Unfall 215172 (2023) Kat:3, Licht: 0","215172","3","3","5","01","13","3","","0","0","1","0","0"
"POINT (11.556008103000067 48.137481341000068)","Unfall 215200 (2023) Kat:3, Licht: 2","215200","3","2","5","01","07","2","","2","1","1","0","0"
"POINT (11.548179578000031 48.111366171000043)","Unfall 215201 (2023) Kat:3, Licht: 2","215201","3","7","4","01","06","2","","2","1","1","0","0"
"POINT (11.617807409000022 48.153584023000064)","Unfall 215203 (2023) Kat:3, Licht: 0","215203","3","7","3","01","07","2","","0","0","1","0","0"
"POINT (11.597680449000052 48.115012708000052)","Unfall 215204 (2023) Kat:2, Licht: 0","215204","2","4","6","01","09","2","","0","0","0","1","0"
"POINT (11.602557235000063 48.135800774000074)","Unfall 215205 (2023) Kat:3, Licht: 0","215205","3","7","8","01","08","2","","0","0","1","0","0"
"POINT (11.607472384000062 48.139016769000079)","Unfall 215206 (2023) Kat:3, Licht: 2","215206","3","6","2","01","16","2","","2","0","1","0","0"
"POINT (11.562287842000046 48.186935139000070)","Unfall 215207 (2023) Kat:3, Licht: 2","215207","3","2","5","01","18","2","","2","1","1","0","0"
"POINT (11.529522901000064 48.152276738000069)","Unfall 215208 (2023) Kat:3, Licht: 2","215208","3","6","1","01","18","7","","2","0","1","0","1"
"POINT (11.534612441000036 48.152462932000049)","Unfall 215209 (2023) Kat:3, Licht: 0","215209","3","6","3","01","11","2","","0","1","0","0","0"
"POINT (11.602184781000062 48.123934992000045)","Unfall 215210 (2023) Kat:3, Licht: 0","215210","3","2","5","01","08","2","","0","1","1","0","0"
"POINT (11.597397929000067 48.133629118000044)","Unfall 215211 (2023) Kat:3, Licht: 0","215211","3","6","4","01","09","2","","0","1","0","0","0"
"POINT (11.570106997000039 48.150776439000026)","Unfall 215212 (2023) Kat:3, Licht: 2","215212","3","7","1","01","17","2","","2","1","1","0","0"
"POINT (11.521306362000075 48.215015003000076)","Unfall 215247 (2023) Kat:2, Licht: 0","215247","2","1","8","01","12","1","","0","0","0","0","1"
"POINT (11.604645407000021 48.104493184000034)","Unfall 215248 (2023) Kat:3, Licht: 0","215248","3","5","2","01","10","1","","0","0","1","0","0"
"POINT (11.540428098000064 48.118360549000045)","Unfall 215249 (2023) Kat:3, Licht: 2","215249","3","3","5","01","21","1","","2","0","1","0","0"
"POINT (11.603377557000044 48.146151404000079)","Unfall 215250 (2023) Kat:3, Licht: 2","215250","3","2","4","01","19","1","","2","0","1","0","0"
"POINT (11.621475034000071 48.125370273000044)","Unfall 215251 (2023) Kat:3, Licht: 2","215251","3","1","0","01","04","1","","2","0","0","0","0"
"POINT (11.628398779000065 48.101347073000056)","Unfall 215259 (2023) Kat:3, Licht: 0","215259","3","3","4","01","15","7","","0","0","1","0","0"
"POINT (11.503680062000058 48.152986041000077)","Unfall 215260 (2023) Kat:3, Licht: 2","215260","3","7","6","01","18","7","","2","0","1","1","0"
"POINT (11.690088798000033 48.135495626000079)","Unfall 215262 (2023) Kat:3, Licht: 2","215262","3","4","6","01","20","7","","2","0","0","1","0"
"POINT (11.666481287000067 48.082394848000035)","Unfall 215263 (2023) Kat:3, Licht: 0","215263","3","2","4","01","11","7","","0","1","1","0","0"
"POINT (11.601393125000072 48.140442866000058)","Unfall 215288 (2023) Kat:3, Licht: 1","215288","3","6","3","01","17","6","","1","0","1","0","0"
"POINT (11.573218541000074 48.095037214000058)","Unfall 215289 (2023) Kat:3, Licht: 0","215289","3","7","0","01","13","6","","0","1","1","0","0"
"POINT (11.520274687000040 48.174839761000044)","Unfall 215290 (2023) Kat:3, Licht: 0","215290","3","6","3","01","15","6","","0","0","1","0","0"
"POINT (11.622107735000043 48.128022022000039)","Unfall 215291 (2023) Kat:2, Licht: 0","215291","2","2","6","01","16","3","","0","0","1","1","0"
"POINT (11.512804346000053 48.078253012000062)","Unfall 215292 (2023) Kat:3, Licht: 0","215292","3","3","5","01","13","6","","0","1","1","0","0"
"POINT (11.645395885000028 48.099123753000072)","Unfall 215303 (2023) Kat:3, Licht: 2","215303","3","2","6","01","19","5","","2","0","1","1","0"
"POINT (11.577059533000067 48.134422036000046)","Unfall 215304 (2023) Kat:3, Licht: 2","215304","3","1","0","01","22","5","","2","0","0","0","0"
"POINT (11.602670590000059 48.115902196000036)","Unfall 215305 (2023) Kat:3, Licht: 0","215305","3","6","2","01","12","5","","0","0","1","0","0"