WKT,Name,OBJECTID,UKATEGORIE,UTYP1,UART,UMONAT,USTUNDE,UWOCHENTAG,STRZUSTAND,ULICHTVERH,ISTRAD,ISTPKW,ISTFUSS,ISTKRAD
"POINT (11.483886254000026 48.126138318000073)","Unfall 215306 (2023) Kat:3, Licht: 0","215306","3","5","0","01","15","5","","0","1","1","0","0"
"POINT (11.542760896000061 48.210387571000069)","Unfall 215307 (2023) Kat:2, Licht: 0","215307","2","6","3","01","08","6","","0","0","1","0","0"
"POINT (11.578920804000063 48.145315366000034)","Unfall 215308 (2023) Kat:3, Licht: 2","215308","3","2","6","01","17","5","","2","0","1","1","0"
"POINT (11.615401681000037 48.142718137000031)","Unfall 215309 (2023) Kat:3, Licht: 1","215309","3","7","0","01","17","5","","1","0","1","0","0"
"POINT (11.495212911000067 48.135971418000054)","Unfall 215310 (2023) Kat:3, Licht: 1","215310","3","6","2","01","17","5","","1","0","1","0","0"
"POINT (11.502346633000059 48.116274330000067)","Unfall 215311 (2023) Kat:3, Licht: 0","215311","3","2","5","01","10","5","","0","0","1","0","0"
"POINT (11.613997714000050 48.131087442000080)","Unfall 215322 (2023) Kat:3, Licht: 0","215322","3","7","0","01","13","4","","0","1","0","0","0"
"POINT (11.575249234000069 48.135297636000075)","Unfall 215323 (2023) Kat:2, Licht: 2","215323","2","7","5","01","23","4","","2","1","0","0","0"
"POINT (11.604720545000077 48.198174197000071)","Unfall 215324 (2023) Kat:3, Licht: 2","215324","3","7","8","01","00","4","","2","0","1","1","0"
"POINT (11.496118569000032 48.179234755000039)","Unfall 215325 (2023) Kat:3, Licht: 2","215325","3","3","5","01","07","3","","2","1","1","0","0"
"POINT (11.609119180000050 48.136316518000058)","Unfall 215326 (2023) Kat:3, Licht: 0","215326","3","6","2","01","08","4","","0","0","1","0","0"
"POINT (11.556267441000045 48.142461893000075)","Unfall 215327 (2023) Kat:3, Licht: 0","215327","3","4","6","01","11","4","","0","0","1","1","0"
"POINT (11.526051876000054 48.114360155000043)","Unfall 215348 (2023) Kat:3, Licht: 0","215348","3","3","5","01","12","3","","0","0","1","0","0"
"POINT (11.567660721000038 48.176660420000076)","Unfall 215351 (2023) Kat:3, Licht: 0","215351","3","2","0","01","14","3","","0","1","1","0","0"
"POINT (11.557242818000077 48.186355648000074)","Unfall 215352 (2023) Kat:3, Licht: 2","215352","3","3","5","01","20","3","","2","1","1","0","0"
"POINT (11.581452253000066 48.134775144000059)","Unfall 215353 (2023) Kat:3, Licht: 0","215353","3","1","0","01","15","3","","0","0","0","0","1"
"POINT (11.565787446000058 48.122998435000056)","Unfall 215356 (2023) Kat:3, Licht: 0","215356","3","1","1","01","10","5","","0","0","1","0","0"
"POINT (11.598335922000047 48.137104652000062)","Unfall 215379 (2023) Kat:3, Licht: 0","215379","3","6","6","01","10","2","","0","0","0","1","0"
"POINT (11.615916309000056 48.123173232000056)","Unfall 215380 (2023) Kat:3, Licht: 0","215380","3","1","0","01","15","2","","0","0","0","0","1"
"POINT (11.577774412000053 48.157710380000026)","Unfall 215381 (2023) Kat:2, Licht: 0","215381","2","7","6","01","14","2","","0","0","0","1","0"
"POINT (11.567583209000077 48.129711224000062)","Unfall 215400 (2023) Kat:3, Licht: 0","215400","3","3","5","01","15","2","","0","1","1","0","0"
"POINT (11.552929092000056 48.142700874000070)","Unfall 215402 (2023) Kat:3, Licht: 2","215402","3","3","5","01","05","1","","2","0","1","0","0"
"POINT (11.573253584000042 48.187470991000055)","Unfall 215403 (2023) Kat:2, Licht: 2","215403","2","1","0","01","01","1","","2","0","0","0","0"
"POINT (11.497598445000051 48.133725049000077)","Unfall 215404 (2023) Kat:3, Licht: 2","215404","3","7","0","01","04","1","","2","0","1","1","0"
"POINT (11.451582060000021 48.171500543000036)","Unfall 215405 (2023) Kat:2, Licht: 0","215405","2","7","0","01","16","1","","0","1","0","0","0"
"POINT (11.642677641000034 48.099871102000066)","Unfall 215407 (2023) Kat:3, Licht: 2","215407","3","7","0","01","00","1","","2","0","0","0","0"
"POINT (11.512294439000073 48.201851021000039)","Unfall 215409 (2023) Kat:3, Licht: 2","215409","3","7","1","01","02","1","","2","0","1","0","0"
"POINT (11.511530584000070 48.182325155000058)","Unfall 215418 (2023) Kat:3, Licht: 0","215418","3","3","5","01","08","3","","0","1","1","0","0"
"POINT (11.516987690000065 48.113327110000057)","Unfall 215495 (2023) Kat:3, Licht: 0","215495","3","6","3","01","14","6","","0","0","1","0","0"
"POINT (11.571979748000047 48.108032505000040)","Unfall 215535 (2023) Kat:3, Licht: 0","215535","3","5","1","01","10","7","","0","0","1","0","0"
"POINT (11.502370676000055 48.116315144000055)","Unfall 215542 (2023) Kat:3, Licht: 1","215542","3","2","4","01","06","1","","1","0","1","0","0"
"POINT (11.445624355000064 48.160701724000035)","Unfall 215549 (2023) Kat:3, Licht: 0","215549","3","7","0","01","16","1","","0","1","0","0","0"
"POINT (11.424834292000071 48.178464552000037)","Unfall 215587 (2023) Kat:3, Licht: 0","215587","3","3","5","01","09","5","","0","1","1","0","0"
"POINT (11.614331437000033 48.111603636000041)","Unfall 215665 (2023) Kat:3, Licht: 2","215665","3","3","2","02","23","2","","2","0","1","0","0"
"POINT (11.502183484000057 48.108440219000045)","Unfall 215666 (2023) Kat:3, Licht: 1","215666","3","6","2","02","17","2","","1","0","1","0","0"
"POINT (11.638544710000076 48.157748537000032)","Unfall 215667 (2023) Kat:3, Licht: 0","215667","3","3","6","02","16","2","","0","0","1","1","0"
"POINT (11.496291103000033 48.124230944000033)","Unfall 215668 (2023) Kat:3, Licht: 2","215668","3","3","1","02","19","2","","2","1","1","0","0"
"POINT (11.683046308000030 48.143812275000073)","Unfall 215669 (2023) Kat:3, Licht: 0","215669","3","3","5","02","09","2","","0","1","1","0","0"
"POINT (11.574024676000022 48.120022285000061)","Unfall 215670 (2023) Kat:3, Licht: 0","215670","3","5","1","02","09","2","","0","1","1","0","0"
"POINT (11.574339131000045 48.106009645000029)","Unfall 215671 (2023) Kat:3, Licht: 0","215671","3","7","6","02","12","2","","0","0","0","1","0"
"POINT (11.558477758000038 48.132950700000038)","Unfall 215704 (2023) Kat:3, Licht: 2","215704","3","2","6","02","03","7","","2","0","1","1","0"
"POINT (11.562266205000071 48.186900762000050)","Unfall 215705 (2023) Kat:3, Licht: 2","215705","3","2","5","02","19","7","","2","0","1","0","0"
"POINT (11.567396005000035 48.178236224000045)","Unfall 215706 (2023) Kat:3, Licht: 2","215706","3","2","5","02","19","7","","2","1","1","0","0"
"POINT (11.479027964000068 48.123075547000042)","Unfall 215707 (2023) Kat:3, Licht: 2","215707","3","6","1","02","18","7","","2","0","1","0","0"
"POINT (11.586270988000024 48.169030590000034)","Unfall 215708 (2023) Kat:3, Licht: 2","215708","3","1","0","02","03","7","","2","0","0","0","0"
"POINT (11.580338590000054 48.161071255000081)","Unfall 215709 (2023) Kat:3, Licht: 0","215709","3","2","3","02","12","7","","0","1","1","0","0"
"POINT (11.574673639000025 48.145706761000042)","Unfall 215723 (2023) Kat:3, Licht: 0","215723","3","3","5","02","11","6","","0","0","1","0","0"
"POINT (11.460144670000034 48.164749785000026)","Unfall 215724 (2023) Kat:3, Licht: 0","215724","3","6","1","02","14","6","","0","1","1","0","0"
"POINT (11.529348585000037 48.138732284000071)","Unfall 215725 (2023) Kat:3, Licht: 0","215725","3","3","5","02","15","6","","0","0","1","0","0"
"POINT (11.584898897000073 48.132264058000032)","Unfall 215726 (2023) Kat:3, Licht: 2","215726","3","2","5","02","23","6","","2","1","1","0","0"
"POINT (11.606449554000051 48.139600712000060)","Unfall 215727 (2023) Kat:3, Licht: 2","215727","3","3","5","02","19","6","","2","1","1","0","0"
"POINT (11.573381252000047 48.143187577000049)","Unfall 215728 (2023) Kat:3, Licht: 1","215728","3","6","2","02","17","6","","1","0","1","0","0"
"POINT (11.639408949000028 48.098263451000037)","Unfall 215729 (2023) Kat:3, Licht: 2","215729","3","5","1","02","18","6","","2","0","1","0","0"
"POINT (11.588385024000047 48.159888724000041)","Unfall 215730 (2023) Kat:3, Licht: 2","215730","3","6","6","02","00","6","","2","0","0","1","0"
"POINT (11.575400931000047 48.209577360000026)","Unfall 215731 (2023) Kat:3, Licht: 0","215731","3","3","5","02","15","6","","0","0","0","0","0"
"POINT (11.457673522000050 48.149799562000055)","Unfall 215732 (2023) Kat:3, Licht: 2","215732","3","1","0","02","18","6","","2","1","0","0","0"
"POINT (11.561747194000077 48.124978803000033)","Unfall 215734 (2023) Kat:3, Licht: 2","215734","3","2","6","02","18","6","","2","0","1","1","0"
"POINT (11.583884432000048 48.156051144000060)","Unfall 215735 (2023) Kat:3, Licht: 2","215735","3","6","1","02","23","6","","2","0","1","0","0"
"POINT (11.563510720000068 48.098728020000067)","Unfall 215756 (2023) Kat:3, Licht: 0","215756","3","1","1","02","14","5","","0","0","1","0","0"
"POINT (11.562122665000061 48.186921936000033)","Unfall 215757 (2023) Kat:3, Licht: 2","215757","3","2","6","02","18","6","","2","0","1","1","0"
"POINT (11.532789144000049 48.146688751000056)","Unfall 215759 (2023) Kat:3, Licht: 0","215759","3","6","4","02","15","5","","0","1","0","0","0"
"POINT (11.589009909000026 48.165443959000072)","Unfall 215760 (2023) Kat:3, Licht: 1","215760","3","4","6","02","17","5","","1","0","1","1","0"
"POINT (11.614331437000033 48.111603636000041)","Unfall 215761 (2023) Kat:3, Licht: 0","215761","3","3","5","02","13","5","","0","0","1","0","0"
"POINT (11.479330068000024 48.125731875000042)","Unfall 215762 (2023) Kat:3, Licht: 2","215762","3","2","6","02","05","5","","2","0","1","1","0"
"POINT (11.528988437000066 48.099605128000064)","Unfall 215764 (2023) Kat:3, Licht: 0","215764","3","1","0","02","11","5","","0","1","0","0","0"
"POINT (11.605641344000048 48.139707264000037)","Unfall 215765 (2023) Kat:3, Licht: 2","215765","3","6","3","02","18","5","","2","1","1","0","0"
"POINT (11.537822363000032 48.138737454000079)","Unfall 215766 (2023) Kat:3, Licht: 2","215766","3","6","4","02","18","5","","2","1","1","0","0"
"POINT (11.576642142000026 48.162634819000061)","Unfall 215767 (2023) Kat:3, Licht: 0","215767","3","4","6","02","09","5","","0","1","0","1","0"
"POINT (11.503026232000025 48.139506699000037)","Unfall 215791 (2023) Kat:3, Licht: 2","215791","3","2","4","02","21","4","","2","0","1","0","0"
"POINT (11.515477999000041 48.118012889000056)","Unfall 215792 (2023) Kat:3, Licht: 2","215792","3","2","5","02","06","4","","2","1","1","0","0"
"POINT (11.578920804000063 48.145315366000034)","Unfall 215793 (2023) Kat:3, Licht: 0","215793","3","2","5","02","14","4","","0","1","1","0","0"
"POINT (11.636508677000052 48.102945012000077)","Unfall 215794 (2023) Kat:3, Licht: 0","215794","3","6","2","02","10","4","","0","0","1","0","0"
"POINT (11.416828146000057 48.146421179000072)","Unfall 215795 (2023) Kat:3, Licht: 0","215795","3","2","4","02","16","4","","0","0","1","0","0"
"POINT (11.495334219000028 48.135927028000026)","Unfall 215796 (2023) Kat:3, Licht: 0","215796","3","1","0","02","16","4","","0","0","0","0","1"
"POINT (11.474643772000036 48.128244097000049)","Unfall 215797 (2023) Kat:3, Licht: 1","215797","3","2","4","02","18","4","","1","0","1","0","1"
"POINT (11.581966901000044 48.166076884000063)","Unfall 215798 (2023) Kat:3, Licht: 0","215798","3","2","5","02","08","4","","0","1","0","0","0"
"POINT (11.568056164000041 48.147599081000067)","Unfall 215799 (2023) Kat:3, Licht: 2","215799","3","1","0","02","18","4","","2","1","0","0","0"
"POINT (11.521316375000026 48.181923021000046)","Unfall 215832 (2023) Kat:3, Licht: 2","215832","3","2","4","02","22","3","","2","0","1","0","1"
"POINT (11.539186399000073 48.150079539000046)","Unfall 215834 (2023) Kat:3, Licht: 2","215834","3","7","0","02","21","3","","2","1","0","0","0"
"POINT (11.411630739000032 48.175707563000060)","Unfall 215836 (2023) Kat:3, Licht: 0","215836","3","6","0","02","08","3","","0","1","1","0","0"
"POINT (11.522676658000023 48.134280679000028)","Unfall 215837 (2023) Kat:3, Licht: 0","215837","3","2","5","02","11","3","","0","0","1","0","0"
"POINT (11.657746313000075 48.149814970000079)","Unfall 215838 (2023) Kat:2, Licht: 2","215838","2","7","0","02","19","3","","2","1","0","0","0"
"POINT (11.555571749000023 48.108008267000059)","Unfall 215839 (2023) Kat:3, Licht: 0","215839","3","7","0","02","16","3","","0","1","0","1","0"
"POINT (11.595030928000028 48.118358722000039)","Unfall 215867 (2023) Kat:2, Licht: 0","215867","2","1","8","02","15","2","","0","1","0","0","0"
"POINT (11.566600732000040 48.137947777000079)","Unfall 215868 (2023) Kat:3, Licht: 2","215868","3","4","6","02","20","2","","2","0","0","1","0"
"POINT (11.443654632000062 48.176387287000068)","Unfall 215869 (2023) Kat:3, Licht: 0","215869","3","1","9","02","10","2","","0","0","1","0","0"
"POINT (11.640010910000058 48.146325726000043)","Unfall 215870 (2023) Kat:3, Licht: 1","215870","3","6","2","02","17","2","","1","0","1","0","0"
"POINT (11.606977501000074 48.149495323000053)","Unfall 215892 (2023) Kat:3, Licht: 2","215892","3","7","4","02","22","1","","2","0","1","0","0"
"POINT (11.497697045000052 48.121014453000043)","Unfall 215893 (2023) Kat:3, Licht: 0","215893","3","3","5","02","10","1","","0","0","1","0","0"
"POINT (11.512260231000027 48.092272467000043)","Unfall 215894 (2023) Kat:3, Licht: 2","215894","3","7","6","02","19","1","","2","0","1","1","0"
"POINT (11.604266162000044 48.139799745000062)","Unfall 215895 (2023) Kat:3, Licht: 0","215895","3","3","5","02","10","1","","0","0","1","0","1"
"POINT (11.588126607000049 48.117241722000074)","Unfall 215896 (2023) Kat:3, Licht: 2","215896","3","7","6","02","18","1","","2","1","0","1","0"
"POINT (11.580115081000031 48.139108532000080)","Unfall 215906 (2023) Kat:3, Licht: 2","215906","3","1","0","02","23","7","","2","1","0","0","0"
"POINT (11.542269033000025 48.095449883000072)","Unfall 215907 (2023) Kat:3, Licht: 0","215907","3","3","5","02","14","7","","0","1","0","0","0"
"POINT (11.629154157000073 48.159054550000064)","Unfall 215908 (2023) Kat:3, Licht: 0","215908","3","2","5","02","11","7","","0","1","1","0","0"
"POINT (11.429828569000051 48.173836097000049)","Unfall 215932 (2023) Kat:3, Licht: 0","215932","3","2","3","02","08","6","","0","1","1","0","0"
"POINT (11.568677734000062 48.162252123000030)","Unfall 215933 (2023) Kat:3, Licht: 0","215933","3","5","1","02","14","6","","0","1","1","0","0"
"POINT (11.573551868000038 48.164613520000046)","Unfall 215934 (2023) Kat:3, Licht: 0","215934","3","7","0","02","09","6","","0","0","1","0","0"
"POINT (11.604457664000051 48.157849464000037)","Unfall 215935 (2023) Kat:3, Licht: 2","215935","3","1","0","02","19","6","","2","1","0","0","0"
"POINT (11.459927874000073 48.148873773000048)","Unfall 215936 (2023) Kat:3, Licht: 0","215936","3","4","6","02","11","6","","0","0","1","1","0"
"POINT (11.536710045000063 48.178722228000026)","Unfall 215937 (2023) Kat:3, Licht: 2","215937","3","6","3","02","20","6","","2","0","1","0","1"
"POINT (11.551995268000042 48.185964016000071)","Unfall 215938 (2023) Kat:3, Licht: 2","215938","3","4","6","02","06","6","","2","0","1","1","0"
"POINT (11.479216484000062 48.123959678000062)","Unfall 215939 (2023) Kat:3, Licht: 2","215939","3","3","5","02","22","6","","2","0","1","0","0"
"POINT (11.581334626000057 48.114580735000061)","Unfall 215940 (2023) Kat:3, Licht: 0","215940","3","3","5","02","07","6","","0","1","1","0","0"
"POINT (11.566328365000061 48.136546254000052)","Unfall 215941 (2023) Kat:3, Licht: 1","215941","3","3","5","02","17","6","","1","1","1","0","0"
"POINT (11.579647980000061 48.134545230000072)","Unfall 215961 (2023) Kat:3, Licht: 0","215961","3","1","6","02","14","5","","0","0","1","1","0"
"POINT (11.572742780000056 48.178100904000075)","Unfall 215963 (2023) Kat:3, Licht: 0","215963","3","2","5","02","08","5","","0","1","0","0","0"
"POINT (11.538308668000070 48.131180089000054)","Unfall 215964 (2023) Kat:3, Licht: 2","215964","3","3","5","02","18","5","","2","1","1","0","0"
"POINT (11.583038775000034 48.133486355000059)","Unfall 215965 (2023) Kat:3, Licht: 2","215965","3","1","0","02","01","5","","2","0","0","0","0"
"POINT (11.497960112000044 48.131217582000033)","Unfall 215966 (2023) Kat:3, Licht: 2","215966","3","7","1","02","21","5","","2","0","1","0","0"
"POINT (11.567632621000030 48.160578834000034)","Unfall 215967 (2023) Kat:3, Licht: 0","215967","3","7","6","02","10","5","","0","1","0","1","0"
"POINT (11.600213088000032 48.140685047000034)","Unfall 215968 (2023) Kat:3, Licht: 0","215968","3","2","5","02","11","5","","0","0","1","0","0"
"POINT (11.607878048000032 48.193055421000054)","Unfall 215970 (2023) Kat:3, Licht: 2","215970","3","6","1","02","19","5","","2","0","1","0","0"
"POINT (11.459712508000052 48.149147888000073)","Unfall 215971 (2023) Kat:3, Licht: 0","215971","3","6","3","02","12","5","","0","1","0","0","0"
"POINT (11.643422670000064 48.095547020000026)","Unfall 215972 (2023) Kat:3, Licht: 2","215972","3","4","6","02","17","5","","2","0","1","1","0"
"POINT (11.624000533000071 48.167376373000081)","Unfall 215973 (2023) Kat:3, Licht: 0","215973","3","1","0","02","08","5","","0","1","0","0","0"
"POINT (11.592186569000035 48.142317086000048)","Unfall 215974 (2023) Kat:3, Licht: 0","215974","3","3","5","02","13","5","","0","0","1","0","0"
"POINT (11.502670329000068 48.122463547000052)","Unfall 216003 (2023) Kat:3, Licht: 0","216003","3","6","1","02","07","4","","0","0","1","0","0"
"POINT (11.646439765000025 48.106950370000050)","Unfall 216004 (2023) Kat:3, Licht: 2","216004","3","7","0","02","19","4","","2","1","0","1","0"
"POINT (11.587659364000046 48.131407136000064)","Unfall 216005 (2023) Kat:3, Licht: 0","216005","3","2","3","02","10","4","","0","1","1","0","0"
"POINT (11.595429102000026 48.144893132000050)","Unfall 216006 (2023) Kat:2, Licht: 0","216006","2","6","4","02","16","4","","0","1","0","0","0"
"POINT (11.477989962000038 48.119093264000071)","Unfall 216042 (2023) Kat:3, Licht: 1","216042","3","6","2","02","15","3","","1","0","1","0","0"
"POINT (11.652879578000068 48.155009632000031)","Unfall 216043 (2023) Kat:3, Licht: 0","216043","3","3","5","02","14","3","","0","1","1","0","0"
"POINT (11.584317260000034 48.157267733000026)","Unfall 216045 (2023) Kat:3, Licht: 0","216045","3","2","5","02","15","3","","0","1","1","0","0"
"POINT (11.543924111000024 48.161788639000065)","Unfall 216046 (2023) Kat:3, Licht: 0","216046","3","7","6","02","17","3","","0","1","0","1","0"
"POINT (11.531079724000051 48.152542926000081)","Unfall 216047 (2023) Kat:3, Licht: 0","216047","3","5","1","02","08","3","","0","1","0","0","0"
"POINT (11.520444626000028 48.146518732000061)","Unfall 216048 (2023) Kat:3, Licht: 2","216048","3","2","6","02","18","3","","2","0","1","1","0"
"POINT (11.575386814000069 48.119553516000053)","Unfall 216049 (2023) Kat:3, Licht: 0","216049","3","2","5","02","07","3","","0","1","1","0","0"
"POINT (11.598523207000028 48.132834575000061)","Unfall 216050 (2023) Kat:3, Licht: 1","216050","3","1","0","02","17","3","","1","1","0","0","0"
"POINT (11.558990379000022 48.175841513000080)","Unfall 216051 (2023) Kat:3, Licht: 0","216051","3","2","5","02","07","3","","0","1","1","0","0"
"POINT (11.585469193000051 48.161987817000067)","Unfall 216052 (2023) Kat:3, Licht: 2","216052","3","2","0","02","19","3","","2","1","1","0","0"
"POINT (11.508469953000031 48.170377981000058)","Unfall 216053 (2023) Kat:3, Licht: 0","216053","3","5","6","02","12","1","","0","0","1","1","0"
"POINT (11.577116965000073 48.159053359000040)","Unfall 216086 (2023) Kat:3, Licht: 2","216086","3","2","6","02","18","2","","2","0","1","1","0"
"POINT (11.536304639000036 48.176509103000058)","Unfall 216087 (2023) Kat:3, Licht: 0","216087","3","7","0","02","16","2","","0","0","0","0","1"
"POINT (11.475183009000034 48.108548800000051)","Unfall 216088 (2023) Kat:3, Licht: 0","216088","3","2","5","02","15","2","","0","1","1","0","0"
"POINT (11.513886222000053 48.076492368000061)","Unfall 216089 (2023) Kat:3, Licht: 2","216089","3","7","6","02","19","2","","2","0","1","1","0"
"POINT (11.657788231000040 48.129969898000070)","Unfall 216090 (2023) Kat:3, Licht: 2","216090","3","3","5","02","21","2","","2","0","1","0","0"
"POINT (11.560834047000071 48.153370128000063)","Unfall 216116 (2023) Kat:2, Licht: 0","216116","2","3","5","02","09","4","","0","1","1","0","0"
"POINT (11.565738336000038 48.135052967000036)","Unfall 216127 (2023) Kat:3, Licht: 0","216127","3","7","9","02","09","1","","0","0","1","0","0"
"POINT (11.566781675000072 48.138263466000069)","Unfall 216128 (2023) Kat:2, Licht: 0","216128","2","7","0","02","08","1","","0","1","0","0","0"
"POINT (11.544896798000025 48.127767872000049)","Unfall 216129 (2023) Kat:3, Licht: 0","216129","3","2","5","02","14","1","","0","0","1","0","0"
"POINT (11.525194822000060 48.132499891000066)","Unfall 216145 (2023) Kat:3, Licht: 0","216145","3","6","2","02","11","7","","0","0","1","0","0"
"POINT (11.594317949000072 48.086174856000071)","Unfall 216146 (2023) Kat:2, Licht: 2","216146","2","6","4","02","04","7","","2","1","0","0","0"
"POINT (11.646297045000040 48.107030449000035)","Unfall 216168 (2023) Kat:3, Licht: 0","216168","3","5","1","02","16","6","","0","0","1","0","1"
"POINT (11.658987592000074 48.103510396000047)","Unfall 216169 (2023) Kat:3, Licht: 0","216169","3","2","5","02","15","6","","0","0","1","0","0"
"POINT (11.468767595000031 48.151501259000042)","Unfall 216202 (2023) Kat:3, Licht: 0","216202","3","3","5","02","11","5","","0","0","1","0","0"
"POINT (11.608499358000074 48.151242434000039)","Unfall 216203 (2023) Kat:3, Licht: 2","216203","3","6","4","02","20","5","","2","1","0","0","0"
"POINT (11.556837107000035 48.159394923000036)","Unfall 216204 (2023) Kat:3, Licht: 0","216204","3","5","1","02","14","5","","0","1","1","0","0"
"POINT (11.491786632000071 48.137977044000081)","Unfall 216206 (2023) Kat:3, Licht: 0","216206","3","3","5","02","15","5","","0","0","1","0","0"
"POINT (11.499772335000046 48.131274545000053)","Unfall 216207 (2023) Kat:3, Licht: 0","216207","3","3","5","02","17","5","","0","1","1","0","0"
"POINT (11.460790793000058 48.210922492000066)","Unfall 216208 (2023) Kat:3, Licht: 2","216208","3","4","6","02","06","5","","2","0","1","1","0"
"POINT (11.664072941000029 48.134584140000072)","Unfall 216209 (2023) Kat:3, Licht: 0","216209","3","2","6","02","08","5","","0","0","1","1","0"
"POINT (11.402035051000041 48.179870015000063)","Unfall 216210 (2023) Kat:3, Licht: 2","216210","3","7","6","02","00","5","","2","0","1","1","0"
"POINT (11.547593346000042 48.185032099000068)","Unfall 216211 (2023) Kat:3, Licht: 0","216211","3","3","5","02","16","5","","0","0","1","0","1"
"POINT (11.705894796000052 48.104569180000055)","Unfall 216212 (2023) Kat:3, Licht: 0","216212","3","5","0","02","17","5","","0","1","1","0","0"
"POINT (11.612205105000044 48.131487750000076)","Unfall 216213 (2023) Kat:3, Licht: 1","216213","3","3","0","02","18","5","","1","1","1","0","0"
"POINT (11.551007887000026 48.145548881000082)","Unfall 216214 (2023) Kat:3, Licht: 0","216214","3","3","5","02","14","5","","0","1","1","0","0"
"POINT (11.584317760000033 48.137094922000074)","Unfall 216215 (2023) Kat:3, Licht: 0","216215","3","6","2","02","09","5","","0","0","1","0","1"
"POINT (11.654555779000077 48.096579155000029)","Unfall 216255 (2023) Kat:3, Licht: 0","216255","3","7","5","02","09","4","","0","0","1","0","0"
"POINT (11.457161370000051 48.147471477000067)","Unfall 216256 (2023) Kat:3, Licht: 0","216256","3","5","1","02","17","4","","0","1","1","0","0"
"POINT (11.573017478000054 48.185821223000062)","Unfall 216257 (2023) Kat:3, Licht: 2","216257","3","3","5","02","18","4","","2","0","1","0","0"
"POINT (11.557865890000073 48.206994481000038)","Unfall 216258 (2023) Kat:3, Licht: 0","216258","3","3","5","02","13","4","","0","1","1","0","0"
"POINT (11.557448420000071 48.095238838000057)","Unfall 216259 (2023) Kat:3, Licht: 1","216259","3","1","4","02","17","4","","1","0","1","0","1"
"POINT (11.502179702000035 48.108320835000029)","Unfall 216260 (2023) Kat:3, Licht: 0","216260","3","4","6","02","12","4","","0","1","0","1","0"
"POINT (11.633306653000034 48.168243013000051)","Unfall 216261 (2023) Kat:3, Licht: 0","216261","3","2","3","02","15","4","","0","1","0","0","0"
"POINT (11.558635083000070 48.137826704000076)","Unfall 216262 (2023) Kat:3, Licht: 0","216262","3","7","1","02","12","4","","0","0","1","1","0"
"POINT (11.464886198000045 48.139577144000043)","Unfall 216263 (2023) Kat:3, Licht: 0","216263","3","3","5","02","09","4","","0","0","1","0","0"
"POINT (11.534171357000048 48.199713457000030)","Unfall 216264 (2023) Kat:3, Licht: 0","216264","3","3","0","02","15","4","","0","1","0","0","0"
"POINT (11.640047629000037 48.146391564000055)","Unfall 216265 (2023) Kat:3, Licht: 0","216265","3","3","5","02","13","4","","0","0","1","0","0"
"POINT (11.578960004000066 48.129553012000031)","Unfall 216266 (2023) Kat:3, Licht: 2","216266","3","7","3","02","20","4","","2","1","1","0","0"
"POINT (11.478081974000077 48.118577263000077)","Unfall 216285 (2023) Kat:3, Licht: 0","216285","3","2","5","02","13","6","","0","0","1","0","0"
"POINT (11.611082016000069 48.089973623000049)","Unfall 216299 (2023) Kat:3, Licht: 2","216299","3","5","0","02","18","3","","2","1","1","0","0"
"POINT (11.544046723000065 48.136948236000080)","Unfall 216300 (2023) Kat:3, Licht: 1","216300","3","1","0","02","19","3","","1","0","0","0","1"
"POINT (11.546556644000077 48.186218964000034)","Unfall 216301 (2023) Kat:3, Licht: 0","216301","3","6","2","02","07","3","","0","0","1","0","0"
"POINT (11.699975993000066 48.107543744000054)","Unfall 216302 (2023) Kat:3, Licht: 0","216302","3","3","5","02","08","3","","0","0","1","0","0"
"POINT (11.552905843000076 48.209838838000053)","Unfall 216303 (2023) Kat:3, Licht: 1","216303","3","4","6","02","18","3","","1","0","1","1","0"
"POINT (11.535121867000043 48.127658288000077)","Unfall 216304 (2023) Kat:3, Licht: 0","216304","3","2","0","02","10","3","","0","0","1","0","0"
"POINT (11.561509228000034 48.136337634000029)","Unfall 216305 (2023) Kat:3, Licht: 0","216305","3","5","1","02","10","3","","0","1","1","0","0"
"POINT (11.530539025000053 48.109815835000063)","Unfall 216307 (2023) Kat:3, Licht: 0","216307","3","3","5","02","11","3","","0","0","1","0","0"
"POINT (11.563055807000069 48.208992373000058)","Unfall 216308 (2023) Kat:3, Licht: 0","216308","3","6","3","02","08","3","","0","0","1","0","0"
"POINT (11.560457833000044 48.208546495000064)","Unfall 216309 (2023) Kat:3, Licht: 0","216309","3","3","5","02","12","3","","0","0","1","0","0"
"POINT (11.489511222000033 48.128277684000068)","Unfall 216310 (2023) Kat:3, Licht: 0","216310","3","4","6","02","14","3","","0","0","1","1","0"
"POINT (11.523809453000069 48.097305845000051)","Unfall 216311 (2023) Kat:3, Licht: 0","216311","3","1","0","02","16","3","","0","0","0","0","0"
"POINT (11.545180435000077 48.129087007000066)","Unfall 216313 (2023) Kat:3, Licht: 0","216313","3","3","5","02","08","3","","0","1","0","0","0"
"POINT (11.599689947000059 48.148803846000078)","Unfall 216344 (2023) Kat:3, Licht: 0","216344","3","2","5","02","07","2","","0","1","1","0","0"
"POINT (11.534112938000021 48.137966405000043)","Unfall 216345 (2023) Kat:3, Licht: 2","216345","3","3","5","02","17","2","","2","1","1","0","0"