WKT,Name,OBJECTID,UKATEGORIE,UTYP1,UART,UMONAT,USTUNDE,UWOCHENTAG,STRZUSTAND,ULICHTVERH,ISTRAD,ISTPKW,ISTFUSS,ISTKRAD
"POINT (11.528509606000057 48.173799223000060)","Unfall 216346 (2023) Kat:3, Licht: 0","216346","3","5","1","02","10","2","","0","1","1","0","0"
"POINT (11.494841667000060 48.178095844000040)","Unfall 216347 (2023) Kat:3, Licht: 2","216347","3","2","5","02","20","2","","2","1","1","0","0"
"POINT (11.511524994000069 48.161563625000042)","Unfall 216348 (2023) Kat:3, Licht: 0","216348","3","6","0","02","08","2","","0","1","0","0","0"
"POINT (11.607679023000060 48.138877622000052)","Unfall 216349 (2023) Kat:3, Licht: 0","216349","3","2","5","02","08","2","","0","1","1","0","0"
"POINT (11.588770178000061 48.117149593000079)","Unfall 216350 (2023) Kat:3, Licht: 0","216350","3","6","2","02","15","2","","0","0","1","0","0"
"POINT (11.547318065000070 48.159602228000040)","Unfall 216382 (2023) Kat:3, Licht: 2","216382","3","4","6","02","21","1","","2","0","1","1","0"
"POINT (11.523674311000036 48.099304925000069)","Unfall 216383 (2023) Kat:3, Licht: 2","216383","3","6","1","02","22","1","","2","0","1","0","0"
"POINT (11.557923288000040 48.145589644000040)","Unfall 216384 (2023) Kat:3, Licht: 2","216384","3","3","5","02","05","1","","2","0","1","0","0"
"POINT (11.595742484000027 48.146456113000056)","Unfall 216386 (2023) Kat:3, Licht: 1","216386","3","3","5","02","16","1","","1","0","1","1","0"
"POINT (11.564066826000044 48.137404921000041)","Unfall 216387 (2023) Kat:3, Licht: 2","216387","3","4","6","02","03","1","","2","0","1","1","0"
"POINT (11.494821248000051 48.178069000000050)","Unfall 216399 (2023) Kat:3, Licht: 0","216399","3","2","4","02","16","7","","0","0","1","0","0"
"POINT (11.593712214000050 48.167868339000051)","Unfall 216400 (2023) Kat:3, Licht: 0","216400","3","1","0","02","15","7","","0","0","0","0","1"
"POINT (11.581723036000028 48.131327177000060)","Unfall 216401 (2023) Kat:3, Licht: 0","216401","3","5","1","02","16","7","","0","1","1","0","0"
"POINT (11.584670389000053 48.138218810000069)","Unfall 216402 (2023) Kat:3, Licht: 2","216402","3","3","5","02","20","7","","2","1","1","0","0"
"POINT (11.547549652000043 48.117403287000059)","Unfall 216417 (2023) Kat:3, Licht: 0","216417","3","5","1","02","09","4","","0","1","1","0","0"
"POINT (11.535754276000034 48.124917869000058)","Unfall 216428 (2023) Kat:3, Licht: 0","216428","3","3","5","02","13","6","","0","1","1","0","0"
"POINT (11.596201877000055 48.195814061000078)","Unfall 216429 (2023) Kat:3, Licht: 0","216429","3","7","0","02","08","6","","0","0","0","0","0"
"POINT (11.420257645000049 48.150924810000049)","Unfall 216430 (2023) Kat:3, Licht: 2","216430","3","3","5","02","20","6","","2","0","1","0","0"
"POINT (11.502046081000060 48.079808476000039)","Unfall 216463 (2023) Kat:3, Licht: 0","216463","3","3","5","02","09","5","","0","0","1","0","0"
"POINT (11.548004111000068 48.149670152000056)","Unfall 216464 (2023) Kat:3, Licht: 0","216464","3","3","5","02","08","5","","0","1","1","0","0"
"POINT (11.529856809000023 48.182060869000054)","Unfall 216465 (2023) Kat:3, Licht: 2","216465","3","2","6","02","20","5","","2","0","1","1","0"
"POINT (11.513300925000067 48.154167050000069)","Unfall 216466 (2023) Kat:3, Licht: 0","216466","3","2","3","02","08","5","","0","1","1","0","0"
"POINT (11.575437748000070 48.154719511000053)","Unfall 216467 (2023) Kat:3, Licht: 2","216467","3","6","0","02","20","5","","2","1","0","0","0"
"POINT (11.542286060000038 48.139596661000041)","Unfall 216468 (2023) Kat:2, Licht: 0","216468","2","7","5","02","12","5","","0","0","1","0","0"
"POINT (11.580916506000051 48.112115796000069)","Unfall 216469 (2023) Kat:2, Licht: 1","216469","2","2","6","02","17","5","","1","0","0","1","0"
"POINT (11.536461414000030 48.082580722000046)","Unfall 216470 (2023) Kat:3, Licht: 2","216470","3","4","6","02","18","5","","2","0","1","1","0"
"POINT (11.556958003000034 48.087423658000034)","Unfall 216471 (2023) Kat:3, Licht: 0","216471","3","3","5","02","15","5","","0","1","1","0","0"
"POINT (11.574883345000046 48.158557806000033)","Unfall 216508 (2023) Kat:3, Licht: 0","216508","3","5","0","02","09","5","","0","1","1","0","0"
"POINT (11.556627674000026 48.143162171000029)","Unfall 216511 (2023) Kat:3, Licht: 0","216511","3","5","1","02","15","4","","0","1","1","0","0"
"POINT (11.538278275000039 48.119216867000034)","Unfall 216513 (2023) Kat:2, Licht: 0","216513","2","7","6","02","16","4","","0","0","1","1","0"
"POINT (11.577392079000049 48.114451607000035)","Unfall 216514 (2023) Kat:3, Licht: 0","216514","3","4","6","02","14","4","","0","0","1","1","0"
"POINT (11.629757961000053 48.154655051000077)","Unfall 216515 (2023) Kat:3, Licht: 1","216515","3","7","6","02","16","4","","1","0","1","1","0"
"POINT (11.503230194000025 48.147133264000047)","Unfall 216516 (2023) Kat:2, Licht: 0","216516","2","4","6","02","12","4","","0","0","1","1","0"
"POINT (11.461441153000067 48.147888359000035)","Unfall 216517 (2023) Kat:3, Licht: 0","216517","3","3","0","02","14","4","","0","0","1","0","0"
"POINT (11.523837846000049 48.133580802000040)","Unfall 216519 (2023) Kat:3, Licht: 0","216519","3","6","2","02","12","4","","0","0","1","0","0"
"POINT (11.558878703000062 48.139331601000038)","Unfall 216520 (2023) Kat:2, Licht: 2","216520","2","1","6","02","21","4","","2","0","1","1","0"
"POINT (11.540362863000041 48.214935621000052)","Unfall 216521 (2023) Kat:3, Licht: 0","216521","3","3","5","02","16","4","","0","0","1","0","0"
"POINT (11.560736246000033 48.118742250000025)","Unfall 216522 (2023) Kat:3, Licht: 0","216522","3","4","0","02","08","4","","0","1","0","1","0"
"POINT (11.571645989000046 48.141742303000058)","Unfall 216523 (2023) Kat:3, Licht: 0","216523","3","4","6","02","14","4","","0","1","0","1","0"
"POINT (11.479407003000063 48.116337691000069)","Unfall 216527 (2023) Kat:3, Licht: 2","216527","3","3","5","02","20","4","","2","0","1","0","0"
"POINT (11.602173329000038 48.134412638000072)","Unfall 216546 (2023) Kat:3, Licht: 0","216546","3","6","6","01","11","3","","0","0","1","1","0"
"POINT (11.548290664000035 48.100843837000070)","Unfall 216547 (2023) Kat:3, Licht: 0","216547","3","6","2","01","09","3","","0","0","1","0","0"
"POINT (11.553404681000075 48.215634618000081)","Unfall 216549 (2023) Kat:2, Licht: 0","216549","2","4","6","01","07","3","","0","0","1","1","0"
"POINT (11.612624680000067 48.202851444000032)","Unfall 216550 (2023) Kat:3, Licht: 0","216550","3","7","0","01","16","3","","0","0","0","0","0"
"POINT (11.599249483000051 48.148865597000054)","Unfall 216551 (2023) Kat:3, Licht: 2","216551","3","7","6","01","22","3","","2","1","0","1","0"
"POINT (11.627848380000046 48.144911744000069)","Unfall 216552 (2023) Kat:3, Licht: 0","216552","3","7","0","01","08","3","","0","0","0","0","0"
"POINT (11.588204675000043 48.167327769000053)","Unfall 216553 (2023) Kat:3, Licht: 0","216553","3","2","5","01","14","3","","0","1","1","0","0"
"POINT (11.696853764000025 48.114834607000034)","Unfall 216574 (2023) Kat:3, Licht: 0","216574","3","6","0","01","10","2","","0","0","1","0","0"
"POINT (11.580451243000027 48.135657885000057)","Unfall 216575 (2023) Kat:3, Licht: 0","216575","3","5","1","01","13","2","","0","1","1","0","0"
"POINT (11.476872423000032 48.153659139000069)","Unfall 216576 (2023) Kat:3, Licht: 2","216576","3","4","6","01","21","2","","2","0","1","1","0"
"POINT (11.536565458000041 48.146251996000046)","Unfall 216608 (2023) Kat:3, Licht: 0","216608","3","6","1","02","11","2","","0","0","1","0","0"
"POINT (11.549651743000027 48.137551755000061)","Unfall 216609 (2023) Kat:3, Licht: 2","216609","3","3","5","01","18","1","","2","1","1","0","0"
"POINT (11.457002615000022 48.140204692000054)","Unfall 216617 (2023) Kat:3, Licht: 2","216617","3","2","4","01","17","7","","2","0","1","0","0"
"POINT (11.491171529000042 48.136312851000071)","Unfall 216618 (2023) Kat:3, Licht: 0","216618","3","7","6","01","15","7","","0","0","1","1","0"
"POINT (11.533534221000025 48.153058966000060)","Unfall 216619 (2023) Kat:3, Licht: 0","216619","3","7","0","01","11","7","","0","0","0","0","0"
"POINT (11.546937418000027 48.139219343000036)","Unfall 216620 (2023) Kat:3, Licht: 0","216620","3","4","6","01","15","7","","0","0","1","1","0"
"POINT (11.568404066000028 48.131364740000038)","Unfall 216622 (2023) Kat:3, Licht: 2","216622","3","5","0","01","00","7","","2","1","0","0","0"
"POINT (11.589228917000071 48.131371346000037)","Unfall 216638 (2023) Kat:3, Licht: 2","216638","3","1","0","01","07","6","","2","1","0","0","0"
"POINT (11.548499133000064 48.124116784000080)","Unfall 216640 (2023) Kat:2, Licht: 0","216640","2","7","0","01","09","6","","0","1","0","0","0"
"POINT (11.503028824000069 48.097380887000043)","Unfall 216641 (2023) Kat:3, Licht: 0","216641","3","1","9","01","09","6","","0","0","1","0","0"
"POINT (11.503125880000027 48.138518188000035)","Unfall 216642 (2023) Kat:3, Licht: 0","216642","3","6","2","01","12","6","","0","0","1","0","0"
"POINT (11.664322135000077 48.127305024000066)","Unfall 216644 (2023) Kat:3, Licht: 0","216644","3","3","5","01","13","6","","0","0","1","0","0"
"POINT (11.545835803000045 48.127588784000068)","Unfall 216645 (2023) Kat:3, Licht: 0","216645","3","1","0","01","07","6","","0","1","0","0","0"
"POINT (11.477271318000021 48.116191622000031)","Unfall 216646 (2023) Kat:3, Licht: 0","216646","3","1","0","01","07","6","","0","1","0","0","0"
"POINT (11.567910745000063 48.159119290000035)","Unfall 216647 (2023) Kat:3, Licht: 2","216647","3","3","5","01","07","6","","2","1","1","0","0"
"POINT (11.499358993000044 48.099650955000072)","Unfall 216648 (2023) Kat:3, Licht: 2","216648","3","6","4","01","07","6","","2","1","1","0","0"
"POINT (11.464950411000075 48.145194110000034)","Unfall 216650 (2023) Kat:3, Licht: 0","216650","3","1","0","01","07","6","","0","1","0","0","0"
"POINT (11.546713992000036 48.159247642000025)","Unfall 216651 (2023) Kat:3, Licht: 0","216651","3","2","0","01","08","6","","0","1","1","0","0"
"POINT (11.580288430000053 48.161074825000071)","Unfall 216653 (2023) Kat:3, Licht: 0","216653","3","1","0","01","08","6","","0","1","0","0","0"
"POINT (11.519214333000036 48.139574321000055)","Unfall 216691 (2023) Kat:3, Licht: 0","216691","3","3","5","01","10","5","","0","1","1","0","0"
"POINT (11.644024071000047 48.149437332000048)","Unfall 216692 (2023) Kat:2, Licht: 0","216692","2","1","0","01","13","5","","0","1","0","0","0"
"POINT (11.592080545000044 48.103261432000068)","Unfall 216693 (2023) Kat:3, Licht: 2","216693","3","7","1","02","21","5","","2","0","1","0","0"
"POINT (11.581867103000036 48.098340536000080)","Unfall 216694 (2023) Kat:3, Licht: 2","216694","3","2","4","01","21","5","","2","0","1","0","0"
"POINT (11.450526522000075 48.137450266000030)","Unfall 216695 (2023) Kat:3, Licht: 0","216695","3","1","0","01","07","5","","0","1","0","0","0"
"POINT (11.475848605000067 48.108084143000042)","Unfall 216696 (2023) Kat:3, Licht: 0","216696","3","6","2","01","13","5","","0","0","1","0","0"
"POINT (11.660468597000033 48.133254152000063)","Unfall 216697 (2023) Kat:3, Licht: 0","216697","3","6","2","01","12","5","","0","0","1","0","0"
"POINT (11.570260969000060 48.134093060000055)","Unfall 216698 (2023) Kat:3, Licht: 0","216698","3","3","5","01","08","5","","0","1","0","0","0"
"POINT (11.542294924000032 48.156591235000064)","Unfall 216715 (2023) Kat:3, Licht: 0","216715","3","3","5","01","10","6","","0","0","1","0","0"
"POINT (11.584028715000045 48.145450235000055)","Unfall 216756 (2023) Kat:3, Licht: 2","216756","3","1","0","03","23","5","","2","1","0","0","0"
"POINT (11.518590327000027 48.119163475000050)","Unfall 216757 (2023) Kat:3, Licht: 0","216757","3","5","1","03","13","5","","0","0","1","0","0"
"POINT (11.555561311000076 48.137482715000033)","Unfall 216758 (2023) Kat:3, Licht: 0","216758","3","6","2","03","17","5","","0","0","1","0","0"
"POINT (11.558637635000025 48.137475989000052)","Unfall 216759 (2023) Kat:3, Licht: 2","216759","3","3","5","03","00","5","","2","0","1","0","0"
"POINT (11.467651391000061 48.173680213000068)","Unfall 216760 (2023) Kat:2, Licht: 0","216760","2","1","6","03","17","5","","0","0","1","1","0"
"POINT (11.507402325000044 48.180558095000038)","Unfall 216761 (2023) Kat:3, Licht: 0","216761","3","7","0","03","16","5","","0","0","0","0","0"
"POINT (11.566777673000047 48.133100620000050)","Unfall 216762 (2023) Kat:2, Licht: 0","216762","2","6","5","03","15","5","","0","1","0","0","0"
"POINT (11.533790142000043 48.117718595000042)","Unfall 216763 (2023) Kat:3, Licht: 0","216763","3","3","5","03","08","5","","0","1","1","0","0"
"POINT (11.586255100000074 48.163337306000074)","Unfall 216764 (2023) Kat:3, Licht: 0","216764","3","2","5","03","15","5","","0","0","1","0","0"
"POINT (11.599841265000066 48.125586764000047)","Unfall 216765 (2023) Kat:3, Licht: 2","216765","3","6","3","03","18","5","","2","0","1","0","1"
"POINT (11.567592078000075 48.178196840000055)","Unfall 216766 (2023) Kat:2, Licht: 0","216766","2","7","0","03","15","5","","0","0","0","0","0"
"POINT (11.517065652000042 48.185737086000074)","Unfall 216767 (2023) Kat:3, Licht: 0","216767","3","6","2","03","15","5","","0","1","1","0","0"
"POINT (11.573943748000033 48.115285248000077)","Unfall 216768 (2023) Kat:3, Licht: 0","216768","3","1","0","03","13","5","","0","1","0","0","0"
"POINT (11.602947059000030 48.128600613000060)","Unfall 216769 (2023) Kat:3, Licht: 0","216769","3","7","6","03","14","5","","0","0","1","1","0"
"POINT (11.591148435000036 48.130506642000057)","Unfall 216770 (2023) Kat:3, Licht: 0","216770","3","7","2","03","07","5","","0","1","0","0","0"
"POINT (11.541225333000057 48.121661036000035)","Unfall 216771 (2023) Kat:3, Licht: 2","216771","3","6","2","03","23","5","","2","1","1","0","0"
"POINT (11.534856856000033 48.132667967000032)","Unfall 216772 (2023) Kat:3, Licht: 0","216772","3","3","6","03","09","5","","0","0","0","1","0"
"POINT (11.583832041000051 48.163466171000039)","Unfall 216773 (2023) Kat:3, Licht: 0","216773","3","5","0","03","13","5","","0","1","1","0","0"
"POINT (11.586376215000030 48.169490928000073)","Unfall 216774 (2023) Kat:3, Licht: 1","216774","3","2","5","03","19","5","","1","1","1","0","0"
"POINT (11.581432881000069 48.135381363000079)","Unfall 216775 (2023) Kat:3, Licht: 0","216775","3","3","5","03","09","5","","0","1","1","0","0"
"POINT (11.563172346000044 48.131625372000030)","Unfall 216814 (2023) Kat:3, Licht: 0","216814","3","2","3","03","10","4","","0","1","1","0","0"
"POINT (11.532467680000025 48.161294763000058)","Unfall 216815 (2023) Kat:3, Licht: 0","216815","3","7","1","03","17","4","","0","1","1","0","0"
"POINT (11.553741070000058 48.186190846000045)","Unfall 216816 (2023) Kat:3, Licht: 0","216816","3","3","5","03","17","4","","0","0","1","0","0"
"POINT (11.626183158000060 48.213042585000039)","Unfall 216817 (2023) Kat:3, Licht: 0","216817","3","7","0","03","11","4","","0","1","0","0","0"
"POINT (11.584953864000056 48.118594222000070)","Unfall 216818 (2023) Kat:3, Licht: 0","216818","3","5","1","03","11","4","","0","1","1","0","0"
"POINT (11.603956427000071 48.109248518000072)","Unfall 216819 (2023) Kat:3, Licht: 2","216819","3","2","5","03","18","4","","2","0","1","0","0"
"POINT (11.503016386000070 48.141605761000051)","Unfall 216820 (2023) Kat:3, Licht: 2","216820","3","7","2","03","21","4","","2","1","1","0","0"
"POINT (11.547222098000077 48.159538645000055)","Unfall 216821 (2023) Kat:2, Licht: 0","216821","2","4","6","03","18","4","","0","0","1","1","0"
"POINT (11.537350415000049 48.151671884000052)","Unfall 216822 (2023) Kat:3, Licht: 0","216822","3","2","3","03","17","4","","0","1","1","0","0"
"POINT (11.526833448000048 48.224361055000031)","Unfall 216824 (2023) Kat:3, Licht: 0","216824","3","2","4","03","08","4","","0","1","1","0","0"
"POINT (11.681018055000038 48.104755124000064)","Unfall 216826 (2023) Kat:3, Licht: 0","216826","3","7","8","03","16","4","","0","0","1","0","0"
"POINT (11.569275588000039 48.145063081000046)","Unfall 216827 (2023) Kat:3, Licht: 0","216827","3","3","3","03","09","4","","0","1","1","0","0"
"POINT (11.655952681000031 48.093242783000051)","Unfall 216884 (2023) Kat:3, Licht: 0","216884","3","3","3","03","16","3","","0","0","1","0","0"
"POINT (11.477528487000029 48.107189084000026)","Unfall 216886 (2023) Kat:3, Licht: 0","216886","3","4","6","03","13","3","","0","0","1","1","0"
"POINT (11.518086019000066 48.111422938000032)","Unfall 216887 (2023) Kat:3, Licht: 0","216887","3","6","5","03","11","3","","0","0","1","0","0"
"POINT (11.587077991000058 48.158215452000036)","Unfall 216888 (2023) Kat:3, Licht: 0","216888","3","2","6","03","14","3","","0","1","0","1","0"
"POINT (11.545408337000026 48.139411702000075)","Unfall 216889 (2023) Kat:3, Licht: 0","216889","3","5","0","03","17","3","","0","1","0","0","0"
"POINT (11.576950360000069 48.138016741000058)","Unfall 216890 (2023) Kat:3, Licht: 0","216890","3","7","6","03","12","3","","0","0","1","1","0"
"POINT (11.569900195000059 48.130942408000067)","Unfall 216891 (2023) Kat:3, Licht: 0","216891","3","1","0","03","11","3","","0","1","0","0","0"
"POINT (11.420160915000054 48.140090582000028)","Unfall 216892 (2023) Kat:3, Licht: 0","216892","3","2","5","03","13","3","","0","0","1","0","1"
"POINT (11.552409694000062 48.148692075000042)","Unfall 216893 (2023) Kat:2, Licht: 0","216893","2","6","3","03","07","3","","0","0","0","0","0"
"POINT (11.639647216000071 48.144774020000057)","Unfall 216894 (2023) Kat:3, Licht: 0","216894","3","5","1","03","12","3","","0","0","1","0","0"
"POINT (11.532130009000070 48.130080344000078)","Unfall 216895 (2023) Kat:3, Licht: 2","216895","3","3","5","03","20","3","","2","0","1","0","0"
"POINT (11.582815651000033 48.170926079000026)","Unfall 216896 (2023) Kat:3, Licht: 1","216896","3","2","4","03","18","3","","1","1","1","0","0"
"POINT (11.568619511000065 48.140769879000061)","Unfall 216897 (2023) Kat:3, Licht: 2","216897","3","1","0","03","20","3","","2","0","0","0","0"
"POINT (11.537265242000046 48.150485501000048)","Unfall 216932 (2023) Kat:3, Licht: 0","216932","3","2","6","03","07","2","","0","1","0","1","0"
"POINT (11.594450740000070 48.183577258000071)","Unfall 216933 (2023) Kat:3, Licht: 0","216933","3","5","0","03","09","2","","0","1","1","0","0"
"POINT (11.529232912000055 48.162085321000063)","Unfall 216934 (2023) Kat:3, Licht: 0","216934","3","6","2","03","16","2","","0","0","1","0","1"
"POINT (11.553927387000044 48.215027995000071)","Unfall 216935 (2023) Kat:3, Licht: 0","216935","3","3","5","03","15","2","","0","1","1","0","0"
"POINT (11.582070520000059 48.117542019000041)","Unfall 216936 (2023) Kat:3, Licht: 0","216936","3","2","4","03","07","2","","0","1","1","0","0"
"POINT (11.513780999000062 48.111708821000036)","Unfall 216939 (2023) Kat:3, Licht: 2","216939","3","7","9","03","05","2","","2","0","1","0","0"
"POINT (11.605315954000048 48.135720977000062)","Unfall 216940 (2023) Kat:3, Licht: 2","216940","3","2","3","03","06","2","","2","1","1","0","0"
"POINT (11.623288280000054 48.168108909000068)","Unfall 216942 (2023) Kat:3, Licht: 0","216942","3","1","0","03","08","2","","0","1","0","0","0"
"POINT (11.535269290000031 48.176398146000054)","Unfall 216975 (2023) Kat:3, Licht: 2","216975","3","1","3","03","05","1","","2","0","1","0","0"
"POINT (11.572988882000061 48.187553511000033)","Unfall 216976 (2023) Kat:3, Licht: 2","216976","3","7","4","03","22","1","","2","0","1","0","0"
"POINT (11.564040739000063 48.162852632000067)","Unfall 216978 (2023) Kat:3, Licht: 0","216978","3","5","1","03","15","1","","0","0","1","0","0"
"POINT (11.504940829000077 48.116670764000048)","Unfall 217001 (2023) Kat:3, Licht: 0","217001","3","6","3","03","15","7","","0","1","0","0","0"
"POINT (11.601601666000022 48.148874807000027)","Unfall 217002 (2023) Kat:3, Licht: 0","217002","3","6","0","03","17","7","","0","1","1","0","0"
"POINT (11.508619525000029 48.158967891000032)","Unfall 217003 (2023) Kat:3, Licht: 2","217003","3","1","9","03","23","7","","2","0","1","0","0"
"POINT (11.548583756000028 48.114255583000045)","Unfall 217004 (2023) Kat:3, Licht: 0","217004","3","4","6","03","13","7","","0","0","1","1","0"
"POINT (11.426675653000075 48.160579339000037)","Unfall 217005 (2023) Kat:3, Licht: 1","217005","3","2","5","03","17","7","","1","1","1","0","0"
"POINT (11.562707313000033 48.161040373000048)","Unfall 217006 (2023) Kat:3, Licht: 1","217006","3","4","6","03","18","7","","1","0","1","1","0"
"POINT (11.604114973000037 48.107544489000077)","Unfall 217008 (2023) Kat:2, Licht: 0","217008","2","5","1","03","17","7","","0","1","1","0","0"
"POINT (11.539298722000069 48.107435090000081)","Unfall 217009 (2023) Kat:3, Licht: 0","217009","3","7","1","03","16","7","","0","1","1","0","0"
"POINT (11.581183237000062 48.150082395000027)","Unfall 217010 (2023) Kat:3, Licht: 2","217010","3","2","5","03","21","7","","2","1","0","0","0"
"POINT (11.565463755000053 48.139785645000075)","Unfall 217055 (2023) Kat:3, Licht: 0","217055","3","1","7","03","06","6","","0","1","0","0","0"
"POINT (11.592819734000045 48.126900018000072)","Unfall 217057 (2023) Kat:2, Licht: 0","217057","2","7","0","03","11","6","","0","0","0","0","0"
"POINT (11.490887019000070 48.165359378000062)","Unfall 217060 (2023) Kat:3, Licht: 0","217060","3","3","5","03","14","6","","0","1","1","0","0"
"POINT (11.629879741000025 48.165675363000048)","Unfall 217061 (2023) Kat:1, Licht: 0","217061","1","3","5","03","14","6","","0","1","0","0","0"
"POINT (11.468795455000077 48.151500929000065)","Unfall 217062 (2023) Kat:2, Licht: 0","217062","2","3","5","03","14","6","","0","1","1","0","0"
"POINT (11.534547591000035 48.147377318000053)","Unfall 217063 (2023) Kat:3, Licht: 0","217063","3","2","0","03","13","6","","0","1","0","0","0"
"POINT (11.502897021000024 48.135369094000055)","Unfall 217064 (2023) Kat:3, Licht: 0","217064","3","2","4","03","13","6","","0","0","1","0","0"
"POINT (11.503753398000072 48.079147333000037)","Unfall 217065 (2023) Kat:3, Licht: 0","217065","3","7","6","03","15","6","","0","1","0","1","0"
"POINT (11.492930346000037 48.092717716000038)","Unfall 217066 (2023) Kat:3, Licht: 0","217066","3","2","5","03","15","6","","0","1","0","0","0"
"POINT (11.596922233000043 48.173068112000067)","Unfall 217067 (2023) Kat:3, Licht: 0","217067","3","6","2","03","16","6","","0","1","0","0","0"
"POINT (11.591649095000037 48.128844995000065)","Unfall 217109 (2023) Kat:3, Licht: 0","217109","3","6","2","03","16","5","","0","1","1","0","0"
"POINT (11.583545069000024 48.155330929000058)","Unfall 217110 (2023) Kat:3, Licht: 0","217110","3","4","6","03","17","5","","0","1","0","1","0"
"POINT (11.555879815000026 48.155364318000068)","Unfall 217111 (2023) Kat:3, Licht: 0","217111","3","6","1","03","12","5","","0","0","1","0","1"
"POINT (11.476753185000064 48.113565166000058)","Unfall 217112 (2023) Kat:3, Licht: 0","217112","3","6","2","03","11","5","","0","0","1","0","0"
"POINT (11.618848390000039 48.116630687000054)","Unfall 217113 (2023) Kat:3, Licht: 0","217113","3","7","5","03","17","5","","0","0","1","0","1"
"POINT (11.553562780000050 48.131800566000038)","Unfall 217114 (2023) Kat:3, Licht: 0","217114","3","7","0","03","07","5","","0","1","0","1","0"
"POINT (11.577452813000036 48.139723599000035)","Unfall 217115 (2023) Kat:3, Licht: 0","217115","3","6","4","03","09","5","","0","1","1","0","0"
"POINT (11.561527288000036 48.168384211000046)","Unfall 217152 (2023) Kat:3, Licht: 2","217152","3","2","5","03","21","4","","2","0","1","0","0"
"POINT (11.552093837000029 48.126383668000074)","Unfall 217153 (2023) Kat:2, Licht: 2","217153","2","7","6","03","19","4","","2","0","1","1","0"
"POINT (11.616128887000059 48.147232070000030)","Unfall 217154 (2023) Kat:3, Licht: 0","217154","3","1","2","03","08","4","","0","0","1","0","0"
"POINT (11.584228489000054 48.141257124000049)","Unfall 217155 (2023) Kat:3, Licht: 0","217155","3","4","6","03","13","4","","0","1","0","1","0"
"POINT (11.667889701000036 48.135918338000067)","Unfall 217156 (2023) Kat:3, Licht: 0","217156","3","3","5","03","16","4","","0","1","1","0","0"
"POINT (11.421614655000042 48.147008040000060)","Unfall 217157 (2023) Kat:3, Licht: 0","217157","3","3","5","03","07","4","","0","1","1","0","0"
"POINT (11.526740356000062 48.155525936000060)","Unfall 217160 (2023) Kat:3, Licht: 2","217160","3","1","1","03","20","4","","2","0","1","0","1"
"POINT (11.533464345000027 48.152967053000054)","Unfall 217161 (2023) Kat:3, Licht: 0","217161","3","3","5","03","07","4","","0","0","1","0","0"
"POINT (11.521627229000046 48.077603628000077)","Unfall 217195 (2023) Kat:3, Licht: 0","217195","3","3","5","03","14","3","","0","1","1","0","0"
"POINT (11.600436109000043 48.105869229000064)","Unfall 217196 (2023) Kat:2, Licht: 0","217196","2","4","6","03","11","3","","0","1","0","1","0"
"POINT (11.548452146000045 48.121312905000082)","Unfall 217197 (2023) Kat:3, Licht: 1","217197","3","4","6","03","23","3","","1","0","1","1","0"
"POINT (11.503118610000058 48.138302759000055)","Unfall 217198 (2023) Kat:2, Licht: 0","217198","2","6","3","03","07","3","","0","0","1","0","1"
"POINT (11.609655484000029 48.144462356000076)","Unfall 217199 (2023) Kat:2, Licht: 0","217199","2","3","5","03","16","3","","0","1","1","0","0"
"POINT (11.469340673000033 48.173716362000050)","Unfall 217200 (2023) Kat:3, Licht: 0","217200","3","3","5","03","07","3","","0","1","1","0","0"
"POINT (11.525854302000027 48.177827076000028)","Unfall 217201 (2023) Kat:3, Licht: 0","217201","3","1","0","03","08","3","","0","0","0","0","1"
"POINT (11.686068136000074 48.132452869000076)","Unfall 217202 (2023) Kat:3, Licht: 0","217202","3","7","8","03","08","3","","0","0","1","0","0"
"POINT (11.558623855000064 48.136649455000054)","Unfall 217203 (2023) Kat:2, Licht: 0","217203","2","5","1","03","16","3","","0","1","1","0","0"
"POINT (11.575782335000042 48.160263066000027)","Unfall 217204 (2023) Kat:3, Licht: 0","217204","3","6","1","03","16","3","","0","1","1","0","0"
"POINT (11.593361018000053 48.141926934000026)","Unfall 217205 (2023) Kat:3, Licht: 2","217205","3","3","0","03","18","3","","2","1","0","0","0"
"POINT (11.590817704000074 48.166354037000076)","Unfall 217225 (2023) Kat:3, Licht: 0","217225","3","6","2","03","08","3","","0","0","1","0","0"
"POINT (11.573507715000062 48.142523516000040)","Unfall 217236 (2023) Kat:3, Licht: 0","217236","3","1","7","03","08","2","","0","1","0","0","0"
"POINT (11.596064456000022 48.131185494000079)","Unfall 217237 (2023) Kat:3, Licht: 0","217237","3","3","5","03","16","2","","0","1","1","0","0"
"POINT (11.569209741000066 48.121703051000054)","Unfall 217238 (2023) Kat:3, Licht: 0","217238","3","1","0","03","10","2","","0","0","0","0","1"
"POINT (11.562338948000047 48.212626328000056)","Unfall 217239 (2023) Kat:3, Licht: 0","217239","3","2","3","03","10","2","","0","0","1","0","0"
"POINT (11.540039321000052 48.116535934000069)","Unfall 217240 (2023) Kat:3, Licht: 0","217240","3","6","1","03","06","2","","0","1","1","0","0"
"POINT (11.579186651000043 48.136079494000057)","Unfall 217241 (2023) Kat:3, Licht: 0","217241","3","7","1","03","15","2","","0","1","1","0","0"
"POINT (11.532204070000034 48.152895591000060)","Unfall 217243 (2023) Kat:3, Licht: 2","217243","3","7","0","03","02","2","","2","0","0","0","0"