WKT,Name,OBJECTID,UKATEGORIE,UTYP1,UART,UMONAT,USTUNDE,UWOCHENTAG,STRZUSTAND,ULICHTVERH,ISTRAD,ISTPKW,ISTFUSS,ISTKRAD
"POINT (11.562656090000075 48.158348362000027)","Unfall 217244 (2023) Kat:3, Licht: 2","217244","3","6","3","03","22","2","","2","0","1","0","1"
"POINT (11.558784937000041 48.147578347000035)","Unfall 217245 (2023) Kat:3, Licht: 0","217245","3","6","3","03","07","2","","0","1","1","0","0"
"POINT (11.580705920000071 48.159928017000027)","Unfall 217246 (2023) Kat:3, Licht: 0","217246","3","6","2","03","15","2","","0","0","1","0","0"
"POINT (11.464204231000053 48.189354995000031)","Unfall 217247 (2023) Kat:2, Licht: 2","217247","2","6","2","03","19","2","","2","0","1","0","1"
"POINT (11.564482825000027 48.199985923000042)","Unfall 217248 (2023) Kat:3, Licht: 2","217248","3","1","0","03","22","2","","2","0","0","0","1"
"POINT (11.519009875000052 48.131527858000027)","Unfall 217249 (2023) Kat:3, Licht: 0","217249","3","6","2","03","09","2","","0","0","1","0","0"
"POINT (11.604937762000077 48.105021694000072)","Unfall 217250 (2023) Kat:3, Licht: 0","217250","3","6","3","03","08","2","","0","1","0","0","0"
"POINT (11.605649091000032 48.103534322000030)","Unfall 217251 (2023) Kat:3, Licht: 0","217251","3","7","6","03","07","2","","0","1","0","1","0"
"POINT (11.602209918000028 48.135678917000064)","Unfall 217252 (2023) Kat:3, Licht: 0","217252","3","2","5","03","08","2","","0","1","1","0","0"
"POINT (11.555144633000054 48.144268089000036)","Unfall 217253 (2023) Kat:3, Licht: 0","217253","3","1","0","03","07","2","","0","1","0","0","0"
"POINT (11.574222016000022 48.164986606000070)","Unfall 217254 (2023) Kat:3, Licht: 0","217254","3","6","5","03","16","2","","0","0","1","0","1"
"POINT (11.560021984000059 48.130205302000036)","Unfall 217285 (2023) Kat:3, Licht: 1","217285","3","6","2","03","18","5","","1","0","1","0","1"
"POINT (11.553574358000049 48.130130338000072)","Unfall 217296 (2023) Kat:3, Licht: 2","217296","3","2","4","03","18","1","","2","1","1","0","0"
"POINT (11.562289024000052 48.211995795000064)","Unfall 217297 (2023) Kat:3, Licht: 0","217297","3","3","5","03","17","1","","0","1","1","0","0"
"POINT (11.557448939000039 48.147818307000080)","Unfall 217298 (2023) Kat:3, Licht: 0","217298","3","2","5","03","15","1","","0","0","1","0","0"
"POINT (11.558420027000068 48.129480064000063)","Unfall 217299 (2023) Kat:3, Licht: 0","217299","3","2","4","03","11","1","","0","0","1","0","0"
"POINT (11.537642421000044 48.096147578000057)","Unfall 217300 (2023) Kat:3, Licht: 0","217300","3","3","5","03","16","1","","0","1","1","0","0"
"POINT (11.597483928000031 48.102821739000035)","Unfall 217301 (2023) Kat:3, Licht: 0","217301","3","2","4","03","16","1","","0","0","1","0","0"
"POINT (11.585009514000035 48.132364171000063)","Unfall 217302 (2023) Kat:3, Licht: 1","217302","3","3","5","03","06","1","","1","0","1","0","0"
"POINT (11.502402383000060 48.117946165000035)","Unfall 217303 (2023) Kat:3, Licht: 0","217303","3","6","1","03","10","5","","0","0","1","0","1"
"POINT (11.605195194000032 48.104550699000072)","Unfall 217310 (2023) Kat:3, Licht: 2","217310","3","1","1","03","23","7","","2","0","1","0","0"
"POINT (11.560153611000032 48.130341463000036)","Unfall 217311 (2023) Kat:3, Licht: 0","217311","3","7","3","03","10","7","","0","0","1","0","0"
"POINT (11.559754738000038 48.137408335000032)","Unfall 217312 (2023) Kat:3, Licht: 0","217312","3","6","3","03","17","7","","0","0","1","0","1"
"POINT (11.664204110000071 48.121056923000026)","Unfall 217313 (2023) Kat:3, Licht: 0","217313","3","3","0","03","15","7","","0","1","1","0","0"
"POINT (11.565560635000054 48.210257776000049)","Unfall 217335 (2023) Kat:3, Licht: 0","217335","3","3","5","03","15","6","","0","1","1","0","0"
"POINT (11.491100851000056 48.142618392000031)","Unfall 217336 (2023) Kat:3, Licht: 0","217336","3","3","5","03","16","6","","0","0","1","0","0"
"POINT (11.550812770000050 48.112353129000041)","Unfall 217337 (2023) Kat:3, Licht: 0","217337","3","7","6","03","07","6","","0","0","1","1","0"
"POINT (11.580511518000037 48.148987202000058)","Unfall 217338 (2023) Kat:3, Licht: 0","217338","3","2","5","03","11","6","","0","1","1","0","0"
"POINT (11.461615833000053 48.140378557000076)","Unfall 217340 (2023) Kat:3, Licht: 0","217340","3","2","6","03","14","6","","0","0","1","1","0"
"POINT (11.630354629000067 48.100668395000071)","Unfall 217341 (2023) Kat:3, Licht: 0","217341","3","7","0","03","16","6","","0","0","0","1","0"
"POINT (11.542126975000031 48.119969224000045)","Unfall 217342 (2023) Kat:3, Licht: 0","217342","3","1","0","03","14","6","","0","0","0","0","0"
"POINT (11.567428418000077 48.123141921000069)","Unfall 217376 (2023) Kat:3, Licht: 0","217376","3","2","4","03","14","5","","0","0","1","0","1"
"POINT (11.501590690000057 48.116299351000066)","Unfall 217377 (2023) Kat:3, Licht: 0","217377","3","3","5","03","07","5","","0","0","1","0","0"
"POINT (11.459556661000022 48.169032951000077)","Unfall 217379 (2023) Kat:2, Licht: 2","217379","2","7","0","03","00","5","","2","1","0","0","0"
"POINT (11.540143702000023 48.117450015000031)","Unfall 217380 (2023) Kat:3, Licht: 0","217380","3","6","2","03","08","5","","0","0","1","0","0"
"POINT (11.627460316000054 48.127977755000074)","Unfall 217381 (2023) Kat:3, Licht: 0","217381","3","1","0","03","11","5","","0","1","0","0","0"
"POINT (11.555607073000033 48.146274931000050)","Unfall 217382 (2023) Kat:3, Licht: 0","217382","3","3","5","03","17","5","","0","0","1","0","0"
"POINT (11.538300635000041 48.119394571000043)","Unfall 217384 (2023) Kat:2, Licht: 0","217384","2","6","1","03","08","5","","0","1","1","0","0"
"POINT (11.589235969000072 48.111882571000081)","Unfall 217385 (2023) Kat:3, Licht: 0","217385","3","3","1","03","09","5","","0","0","1","0","0"
"POINT (11.599856138000064 48.152370927000050)","Unfall 217414 (2023) Kat:3, Licht: 0","217414","3","6","1","03","07","4","","0","0","1","0","0"
"POINT (11.523912664000022 48.135223955000072)","Unfall 217415 (2023) Kat:3, Licht: 0","217415","3","3","5","03","08","4","","0","1","1","0","0"
"POINT (11.507009454000070 48.175794261000078)","Unfall 217416 (2023) Kat:3, Licht: 0","217416","3","3","5","03","13","4","","0","0","1","0","0"
"POINT (11.592999581000072 48.129289059000030)","Unfall 217417 (2023) Kat:3, Licht: 0","217417","3","3","0","03","08","4","","0","0","1","0","0"
"POINT (11.533876896000038 48.107705978000070)","Unfall 217418 (2023) Kat:3, Licht: 0","217418","3","1","0","03","16","4","","0","1","0","0","0"
"POINT (11.518649083000071 48.120864332000053)","Unfall 217419 (2023) Kat:3, Licht: 2","217419","3","3","5","03","20","4","","2","0","1","0","0"
"POINT (11.556694775000039 48.186308772000075)","Unfall 217420 (2023) Kat:3, Licht: 1","217420","3","2","4","03","05","4","","1","0","1","0","0"
"POINT (11.578920804000063 48.145315366000034)","Unfall 217421 (2023) Kat:3, Licht: 2","217421","3","3","5","03","03","4","","2","0","1","0","0"
"POINT (11.582178028000044 48.192481223000073)","Unfall 217422 (2023) Kat:3, Licht: 0","217422","3","3","5","03","16","4","","0","0","1","1","0"
"POINT (11.497407262000024 48.116490392000060)","Unfall 217423 (2023) Kat:3, Licht: 0","217423","3","3","5","03","12","4","","0","1","1","0","0"
"POINT (11.516991729000040 48.068997602000081)","Unfall 217424 (2023) Kat:3, Licht: 2","217424","3","1","0","03","19","4","","2","1","0","0","0"
"POINT (11.613366357000075 48.125528053000039)","Unfall 217426 (2023) Kat:3, Licht: 0","217426","3","1","0","03","10","4","","0","0","0","0","0"
"POINT (11.562943314000051 48.146451679000052)","Unfall 217455 (2023) Kat:3, Licht: 0","217455","3","3","5","03","08","3","","0","1","0","0","0"
"POINT (11.635185908000039 48.138504086000069)","Unfall 217456 (2023) Kat:3, Licht: 0","217456","3","7","0","03","06","3","","0","0","0","0","0"
"POINT (11.462987170000076 48.151334912000038)","Unfall 217457 (2023) Kat:3, Licht: 2","217457","3","6","5","03","19","3","","2","1","1","0","0"
"POINT (11.521460066000031 48.137933661000034)","Unfall 217458 (2023) Kat:3, Licht: 0","217458","3","6","3","03","16","3","","0","1","1","0","0"
"POINT (11.559705540000039 48.149934554000026)","Unfall 217459 (2023) Kat:3, Licht: 0","217459","3","3","5","03","09","3","","0","1","1","0","0"
"POINT (11.466313642000046 48.152662303000056)","Unfall 217460 (2023) Kat:3, Licht: 0","217460","3","7","0","03","09","3","","0","1","0","0","0"
"POINT (11.503615488000037 48.125456556000074)","Unfall 217461 (2023) Kat:3, Licht: 0","217461","3","6","2","03","16","3","","0","0","1","0","0"
"POINT (11.675025293000033 48.108692550000058)","Unfall 217462 (2023) Kat:3, Licht: 0","217462","3","7","5","03","16","3","","0","1","0","0","0"
"POINT (11.596127632000048 48.134383640000067)","Unfall 217463 (2023) Kat:3, Licht: 0","217463","3","7","6","03","16","3","","0","1","0","1","0"
"POINT (11.648090046000050 48.139839553000058)","Unfall 217464 (2023) Kat:3, Licht: 0","217464","3","2","3","03","12","3","","0","1","1","0","0"
"POINT (11.509176234000051 48.170581856000069)","Unfall 217480 (2023) Kat:3, Licht: 0","217480","3","6","3","03","16","3","","0","0","1","0","0"
"POINT (11.592523109000069 48.140578615000038)","Unfall 217496 (2023) Kat:3, Licht: 0","217496","3","5","0","03","14","2","","0","1","1","0","0"
"POINT (11.489851474000034 48.125166014000058)","Unfall 217497 (2023) Kat:3, Licht: 0","217497","3","3","5","03","08","2","","0","1","1","0","0"
"POINT (11.605494706000059 48.121402287000080)","Unfall 217498 (2023) Kat:2, Licht: 1","217498","2","4","6","03","17","2","","1","0","0","1","0"
"POINT (11.562497026000074 48.185887046000062)","Unfall 217500 (2023) Kat:3, Licht: 0","217500","3","2","5","03","08","2","","0","0","1","0","0"
"POINT (11.586581517000070 48.164246437000031)","Unfall 217522 (2023) Kat:3, Licht: 2","217522","3","3","5","03","00","1","","2","0","1","0","0"
"POINT (11.561476614000071 48.142002831000070)","Unfall 217524 (2023) Kat:3, Licht: 2","217524","3","3","5","03","19","1","","2","0","1","0","0"
"POINT (11.517455499000050 48.137110259000053)","Unfall 217525 (2023) Kat:3, Licht: 0","217525","3","4","6","03","15","1","","0","1","0","1","0"
"POINT (11.679477201000054 48.127347417000067)","Unfall 217535 (2023) Kat:3, Licht: 0","217535","3","1","0","03","13","7","","0","0","0","1","0"
"POINT (11.579811184000050 48.111214318000066)","Unfall 217536 (2023) Kat:3, Licht: 0","217536","3","4","6","03","13","7","","0","0","1","1","0"
"POINT (11.595291345000021 48.102227619000075)","Unfall 217537 (2023) Kat:2, Licht: 0","217537","2","2","6","03","12","7","","0","0","1","1","0"
"POINT (11.626300930000070 48.112922417000050)","Unfall 217540 (2023) Kat:3, Licht: 2","217540","3","3","0","03","19","7","","2","0","1","0","0"
"POINT (11.660700762000033 48.113892467000028)","Unfall 217541 (2023) Kat:3, Licht: 0","217541","3","3","5","03","10","7","","0","1","0","0","0"
"POINT (11.536677490000045 48.179114037000033)","Unfall 217542 (2023) Kat:3, Licht: 0","217542","3","1","1","03","16","7","","0","0","1","0","1"
"POINT (11.611298726000030 48.199527522000039)","Unfall 217543 (2023) Kat:3, Licht: 0","217543","3","3","5","03","10","7","","0","0","1","0","0"
"POINT (11.637132633000022 48.125301456000045)","Unfall 217544 (2023) Kat:3, Licht: 2","217544","3","7","0","03","22","7","","2","1","0","0","0"
"POINT (11.705871753000054 48.134276883000041)","Unfall 217546 (2023) Kat:3, Licht: 2","217546","3","2","4","03","18","7","","2","0","1","0","0"
"POINT (11.568623184000046 48.122133642000051)","Unfall 217568 (2023) Kat:3, Licht: 2","217568","3","4","6","03","18","6","","2","0","0","1","1"
"POINT (11.529074084000058 48.180427443000042)","Unfall 217569 (2023) Kat:3, Licht: 2","217569","3","3","3","03","22","6","","2","0","1","0","0"
"POINT (11.502979086000039 48.143330315000071)","Unfall 217570 (2023) Kat:3, Licht: 2","217570","3","3","5","03","21","6","","2","0","1","0","0"
"POINT (11.592348152000056 48.129517988000032)","Unfall 217571 (2023) Kat:3, Licht: 1","217571","3","3","4","03","18","6","","1","0","1","0","0"
"POINT (11.574923775000059 48.161338291000050)","Unfall 217572 (2023) Kat:3, Licht: 0","217572","3","2","5","03","16","6","","0","0","1","0","0"
"POINT (11.658974190000038 48.103510341000060)","Unfall 217573 (2023) Kat:3, Licht: 0","217573","3","2","5","03","15","6","","0","0","1","0","0"
"POINT (11.508382672000039 48.164742979000039)","Unfall 217575 (2023) Kat:3, Licht: 0","217575","3","7","1","03","13","6","","0","1","1","0","0"
"POINT (11.527903476000063 48.070777551000049)","Unfall 217576 (2023) Kat:3, Licht: 0","217576","3","2","3","03","07","6","","0","1","1","0","0"
"POINT (11.511524234000035 48.160236107000060)","Unfall 217578 (2023) Kat:3, Licht: 0","217578","3","3","5","03","08","6","","0","1","1","0","0"
"POINT (11.580241452000053 48.139084372000070)","Unfall 217579 (2023) Kat:3, Licht: 2","217579","3","5","1","03","22","6","","2","1","1","0","0"
"POINT (11.553025916000024 48.120437250000066)","Unfall 217580 (2023) Kat:3, Licht: 0","217580","3","6","0","03","14","6","","0","1","0","1","0"
"POINT (11.534758092000061 48.120407650000061)","Unfall 217581 (2023) Kat:3, Licht: 1","217581","3","3","5","03","07","6","","1","1","0","0","0"
"POINT (11.558421185000043 48.129345166000064)","Unfall 217582 (2023) Kat:3, Licht: 0","217582","3","2","3","03","16","6","","0","0","0","0","0"
"POINT (11.560079005000034 48.130159496000033)","Unfall 217583 (2023) Kat:3, Licht: 0","217583","3","3","5","03","07","6","","0","1","1","0","0"
"POINT (11.576783379000062 48.150008307000064)","Unfall 217584 (2023) Kat:3, Licht: 0","217584","3","3","3","03","16","6","","0","0","1","0","1"
"POINT (11.568701046000058 48.141234356000041)","Unfall 217585 (2023) Kat:3, Licht: 2","217585","3","6","2","03","22","6","","2","0","1","1","0"
"POINT (11.564738893000026 48.137405451000063)","Unfall 217634 (2023) Kat:3, Licht: 0","217634","3","3","2","03","12","5","","0","0","1","0","0"
"POINT (11.472106846000031 48.167996038000069)","Unfall 217635 (2023) Kat:3, Licht: 2","217635","3","3","5","03","18","5","","2","0","1","0","0"
"POINT (11.524034804000053 48.136049735000029)","Unfall 217636 (2023) Kat:3, Licht: 2","217636","3","2","5","03","18","5","","2","1","1","0","0"
"POINT (11.606219852000038 48.186428369000055)","Unfall 217637 (2023) Kat:3, Licht: 1","217637","3","7","4","03","06","5","","1","0","1","0","0"
"POINT (11.615613237000048 48.144032552000056)","Unfall 217638 (2023) Kat:3, Licht: 0","217638","3","6","2","03","14","5","","0","0","1","0","0"
"POINT (11.588436751000074 48.109829680000075)","Unfall 217639 (2023) Kat:3, Licht: 2","217639","3","2","3","03","18","5","","2","0","1","0","0"
"POINT (11.554677196000057 48.153392782000026)","Unfall 217640 (2023) Kat:3, Licht: 0","217640","3","2","4","03","11","5","","0","1","1","0","0"
"POINT (11.568207667000024 48.133782172000053)","Unfall 217641 (2023) Kat:3, Licht: 0","217641","3","2","4","03","18","5","","0","0","1","0","1"
"POINT (11.617117338000071 48.130941241000073)","Unfall 217642 (2023) Kat:3, Licht: 0","217642","3","3","5","03","13","1","","0","1","1","0","0"
"POINT (11.588252179000051 48.188065223000081)","Unfall 217643 (2023) Kat:2, Licht: 0","217643","2","3","5","03","17","5","","0","0","1","0","0"
"POINT (11.467997926000066 48.111774073000049)","Unfall 217644 (2023) Kat:3, Licht: 0","217644","3","6","0","03","08","5","","0","1","1","0","0"
"POINT (11.461455838000063 48.145174838000059)","Unfall 217645 (2023) Kat:3, Licht: 2","217645","3","3","5","03","19","5","","2","0","1","0","0"
"POINT (11.646296619000054 48.106670908000069)","Unfall 217646 (2023) Kat:3, Licht: 2","217646","3","3","5","03","19","5","","2","0","1","0","0"
"POINT (11.657050808000065 48.108368677000044)","Unfall 217647 (2023) Kat:3, Licht: 0","217647","3","3","5","03","17","5","","0","1","1","0","0"
"POINT (11.561954536000030 48.125079552000045)","Unfall 217648 (2023) Kat:3, Licht: 0","217648","3","2","4","03","14","5","","0","1","1","0","0"
"POINT (11.586299269000051 48.162704670000039)","Unfall 217649 (2023) Kat:3, Licht: 0","217649","3","5","0","03","11","5","","0","0","1","0","0"
"POINT (11.588065843000038 48.158124743000030)","Unfall 217650 (2023) Kat:3, Licht: 0","217650","3","3","5","03","17","5","","0","1","0","0","0"
"POINT (11.566727275000062 48.160961086000043)","Unfall 217651 (2023) Kat:3, Licht: 0","217651","3","6","3","03","12","5","","0","1","0","0","0"
"POINT (11.553592335000076 48.217962130000046)","Unfall 217690 (2023) Kat:3, Licht: 0","217690","3","6","3","03","15","4","","0","1","1","0","0"
"POINT (11.579373725000039 48.129211154000075)","Unfall 217691 (2023) Kat:3, Licht: 0","217691","3","6","4","03","12","4","","0","1","0","0","0"
"POINT (11.531654477000075 48.152594867000062)","Unfall 217692 (2023) Kat:3, Licht: 0","217692","3","3","5","03","10","4","","0","0","1","0","0"
"POINT (11.575901376000047 48.128244203000065)","Unfall 217693 (2023) Kat:3, Licht: 0","217693","3","2","5","03","07","4","","0","1","1","0","0"
"POINT (11.548520206000035 48.122101982000061)","Unfall 217695 (2023) Kat:2, Licht: 0","217695","2","4","6","03","07","4","","0","0","1","1","0"
"POINT (11.622951052000076 48.130007280000029)","Unfall 217696 (2023) Kat:3, Licht: 0","217696","3","4","0","03","12","4","","0","0","1","1","0"
"POINT (11.584053564000044 48.156406270000048)","Unfall 217697 (2023) Kat:3, Licht: 2","217697","3","1","0","03","21","4","","2","1","0","0","0"
"POINT (11.555812860000060 48.134910989000048)","Unfall 217704 (2023) Kat:3, Licht: 0","217704","3","6","0","03","16","5","","0","0","1","0","0"
"POINT (11.565079592000075 48.145845544000053)","Unfall 217731 (2023) Kat:3, Licht: 0","217731","3","6","3","02","13","3","","0","1","0","0","0"
"POINT (11.621751346000053 48.126397253000050)","Unfall 217732 (2023) Kat:3, Licht: 0","217732","3","2","6","02","14","3","","0","0","1","1","0"
"POINT (11.495567606000066 48.113118937000081)","Unfall 217733 (2023) Kat:3, Licht: 0","217733","3","2","5","02","08","3","","0","1","1","0","0"
"POINT (11.522224492000021 48.175423813000066)","Unfall 217734 (2023) Kat:3, Licht: 0","217734","3","6","2","02","08","3","","0","0","1","0","0"
"POINT (11.535724991000052 48.182031870000060)","Unfall 217735 (2023) Kat:3, Licht: 0","217735","3","7","6","02","12","3","","0","0","1","1","0"
"POINT (11.594083872000056 48.115021112000079)","Unfall 217736 (2023) Kat:3, Licht: 0","217736","3","7","0","02","07","3","","0","1","0","0","0"
"POINT (11.409118691000060 48.138070285000026)","Unfall 217737 (2023) Kat:3, Licht: 0","217737","3","4","5","02","13","3","","0","0","1","1","0"
"POINT (11.669153242000050 48.139874309000049)","Unfall 217738 (2023) Kat:3, Licht: 0","217738","3","2","5","02","11","3","","0","0","1","0","0"
"POINT (11.599962723000033 48.148807898000030)","Unfall 217739 (2023) Kat:3, Licht: 0","217739","3","2","5","02","08","3","","0","1","1","0","0"
"POINT (11.616173991000039 48.147528378000061)","Unfall 217740 (2023) Kat:3, Licht: 2","217740","3","6","2","02","17","3","","2","0","1","0","0"
"POINT (11.542114629000025 48.119881938000049)","Unfall 217776 (2023) Kat:3, Licht: 2","217776","3","7","1","02","19","2","","2","1","1","0","0"
"POINT (11.534158236000053 48.110424518000059)","Unfall 217816 (2023) Kat:3, Licht: 0","217816","3","2","3","04","17","5","","0","1","1","0","0"
"POINT (11.587097538000023 48.158258039000032)","Unfall 217817 (2023) Kat:3, Licht: 0","217817","3","6","1","04","08","5","","0","1","1","0","0"
"POINT (11.530486523000036 48.152468309000028)","Unfall 217818 (2023) Kat:3, Licht: 0","217818","3","3","5","04","07","5","","0","1","1","0","0"
"POINT (11.586665855000035 48.164181852000070)","Unfall 217819 (2023) Kat:3, Licht: 0","217819","3","2","3","04","18","5","","0","1","1","0","0"
"POINT (11.567636176000065 48.122966587000064)","Unfall 217820 (2023) Kat:3, Licht: 0","217820","3","6","0","04","16","5","","0","0","1","0","1"
"POINT (11.589582631000042 48.131742977000044)","Unfall 217821 (2023) Kat:3, Licht: 0","217821","3","2","0","04","14","5","","0","1","1","0","0"
"POINT (11.609441259000050 48.150966465000067)","Unfall 217822 (2023) Kat:3, Licht: 0","217822","3","6","3","04","09","5","","0","0","1","0","0"
"POINT (11.553773199000034 48.146815326000080)","Unfall 217824 (2023) Kat:3, Licht: 1","217824","3","7","0","04","20","5","","1","0","0","0","1"
"POINT (11.497913258000040 48.137921809000034)","Unfall 217825 (2023) Kat:3, Licht: 0","217825","3","7","5","04","16","5","","0","0","1","1","0"
"POINT (11.507331943000054 48.141157976000045)","Unfall 217826 (2023) Kat:3, Licht: 0","217826","3","3","5","04","13","5","","0","1","0","0","0"
"POINT (11.608816305000062 48.136159491000058)","Unfall 217827 (2023) Kat:3, Licht: 2","217827","3","6","1","04","22","5","","2","0","1","0","0"
"POINT (11.555853705000061 48.136095626000042)","Unfall 217828 (2023) Kat:3, Licht: 1","217828","3","1","0","04","20","5","","1","1","0","0","0"
"POINT (11.581388053000069 48.114643931000046)","Unfall 217859 (2023) Kat:3, Licht: 0","217859","3","3","5","04","18","4","","0","0","1","0","1"
"POINT (11.557258520000062 48.156052718000069)","Unfall 217860 (2023) Kat:3, Licht: 0","217860","3","3","5","04","18","4","","0","0","1","0","0"
"POINT (11.681053083000052 48.116711549000058)","Unfall 217861 (2023) Kat:3, Licht: 0","217861","3","2","4","04","14","4","","0","0","1","0","0"
"POINT (11.587397979000059 48.181814483000039)","Unfall 217862 (2023) Kat:3, Licht: 0","217862","3","5","1","04","16","4","","0","1","1","0","0"
"POINT (11.572988212000041 48.182994797000049)","Unfall 217863 (2023) Kat:3, Licht: 0","217863","3","4","6","04","16","4","","0","1","0","1","0"
"POINT (11.503101292000053 48.147141030000057)","Unfall 217866 (2023) Kat:3, Licht: 0","217866","3","2","5","04","17","4","","0","1","1","0","0"
"POINT (11.582622827000023 48.153376585000046)","Unfall 217867 (2023) Kat:3, Licht: 0","217867","3","4","6","04","10","4","","0","1","0","1","0"
"POINT (11.556119496000065 48.120483065000030)","Unfall 217898 (2023) Kat:3, Licht: 0","217898","3","6","3","04","18","3","","0","1","0","0","0"
"POINT (11.566733420000048 48.184560590000046)","Unfall 217899 (2023) Kat:3, Licht: 0","217899","3","2","6","04","17","3","","0","0","1","1","0"
"POINT (11.564255968000055 48.151120366000043)","Unfall 217900 (2023) Kat:3, Licht: 0","217900","3","6","4","04","12","3","","0","1","1","0","0"
"POINT (11.585971949000054 48.131820152000046)","Unfall 217901 (2023) Kat:3, Licht: 2","217901","3","1","0","04","23","3","","2","1","0","0","0"
"POINT (11.618228475000024 48.198322029000053)","Unfall 217935 (2023) Kat:3, Licht: 0","217935","3","7","3","04","12","2","","0","0","1","0","1"
"POINT (11.600979399000039 48.133009602000072)","Unfall 217936 (2023) Kat:3, Licht: 2","217936","3","3","5","04","20","2","","2","1","1","0","0"
"POINT (11.527358368000023 48.131044141000075)","Unfall 217937 (2023) Kat:3, Licht: 1","217937","3","5","1","04","19","2","","1","0","0","0","1"
"POINT (11.579741733000048 48.125271500000053)","Unfall 217938 (2023) Kat:3, Licht: 0","217938","3","1","0","04","17","2","","0","1","0","0","0"
"POINT (11.576902330000053 48.137937945000033)","Unfall 217939 (2023) Kat:3, Licht: 2","217939","3","5","4","04","19","2","","2","1","1","0","0"
"POINT (11.614331437000033 48.111603636000041)","Unfall 217940 (2023) Kat:3, Licht: 0","217940","3","3","5","04","12","2","","0","1","0","0","0"
"POINT (11.535649276000072 48.113715345000060)","Unfall 217941 (2023) Kat:2, Licht: 0","217941","2","3","5","04","16","2","","0","0","1","0","1"
"POINT (11.581844606000061 48.120420445000036)","Unfall 217943 (2023) Kat:3, Licht: 0","217943","3","2","3","04","08","2","","0","1","1","0","0"
"POINT (11.560021601000074 48.130205609000029)","Unfall 217944 (2023) Kat:3, Licht: 2","217944","3","7","5","04","22","2","","2","0","1","0","0"
"POINT (11.527440313000056 48.095291247000034)","Unfall 217946 (2023) Kat:3, Licht: 0","217946","3","2","5","04","14","2","","0","1","1","0","0"
"POINT (11.657305489000066 48.096050048000052)","Unfall 217947 (2023) Kat:3, Licht: 0","217947","3","7","3","04","18","2","","0","0","1","0","1"
"POINT (11.579456114000038 48.125479439000060)","Unfall 217948 (2023) Kat:3, Licht: 0","217948","3","1","0","04","17","2","","0","1","0","0","0"
"POINT (11.604122719000031 48.128458192000039)","Unfall 217949 (2023) Kat:3, Licht: 0","217949","3","6","3","04","18","2","","0","0","1","0","1"
"POINT (11.539569536000045 48.132343444000071)","Unfall 217987 (2023) Kat:3, Licht: 0","217987","3","2","5","04","10","1","","0","0","1","0","1"
"POINT (11.536648067000044 48.157991711000079)","Unfall 217988 (2023) Kat:3, Licht: 0","217988","3","7","0","04","15","1","","0","1","0","1","0"
"POINT (11.703717619000031 48.103565220000064)","Unfall 217989 (2023) Kat:3, Licht: 0","217989","3","3","5","04","10","1","","0","0","1","0","0"
"POINT (11.571948114000065 48.148941700000080)","Unfall 217990 (2023) Kat:3, Licht: 1","217990","3","3","5","04","05","1","","1","0","1","0","0"
"POINT (11.520107050000036 48.150088188000041)","Unfall 218007 (2023) Kat:3, Licht: 1","218007","3","6","2","04","19","7","","1","0","1","0","0"
"POINT (11.593950715000062 48.172983554000041)","Unfall 218008 (2023) Kat:3, Licht: 2","218008","3","6","4","04","21","7","","2","0","1","0","0"
"POINT (11.585454515000038 48.121175790000052)","Unfall 218009 (2023) Kat:3, Licht: 2","218009","3","7","0","04","02","7","","2","0","0","0","0"
"POINT (11.559286373000077 48.120505384000069)","Unfall 218010 (2023) Kat:3, Licht: 0","218010","3","7","1","04","09","7","","0","0","1","0","0"
"POINT (11.570612475000075 48.146875346000058)","Unfall 218011 (2023) Kat:3, Licht: 0","218011","3","3","5","04","15","7","","0","1","1","0","0"
"POINT (11.511466909000035 48.079828753000072)","Unfall 218025 (2023) Kat:3, Licht: 0","218025","3","3","5","04","16","6","","0","0","1","0","0"
"POINT (11.581873953000070 48.120391664000067)","Unfall 218027 (2023) Kat:3, Licht: 0","218027","3","6","3","04","14","6","","0","0","1","0","0"
"POINT (11.585191266000038 48.153890348000061)","Unfall 218028 (2023) Kat:3, Licht: 2","218028","3","3","5","04","21","6","","2","0","1","0","0"
"POINT (11.543199326000035 48.159673656000052)","Unfall 218029 (2023) Kat:3, Licht: 0","218029","3","5","0","04","13","6","","0","1","1","0","0"
"POINT (11.655300135000061 48.109054354000079)","Unfall 218030 (2023) Kat:3, Licht: 0","218030","3","4","6","04","18","6","","0","1","0","1","0"
"POINT (11.526119621000021 48.131831228000067)","Unfall 218031 (2023) Kat:3, Licht: 0","218031","3","6","2","04","16","6","","0","0","1","0","0"
"POINT (11.597436182000024 48.124111205000077)","Unfall 218032 (2023) Kat:3, Licht: 0","218032","3","5","0","04","14","6","","0","1","1","0","0"
"POINT (11.581664433000071 48.138801556000033)","Unfall 218033 (2023) Kat:3, Licht: 0","218033","3","6","0","04","11","6","","0","1","1","0","0"
"POINT (11.581335494000029 48.138870178000047)","Unfall 218066 (2023) Kat:2, Licht: 0","218066","2","7","0","04","16","5","","0","1","1","0","0"
"POINT (11.422945833000028 48.144727315000068)","Unfall 218067 (2023) Kat:3, Licht: 2","218067","3","5","4","04","19","5","","2","0","1","0","0"
"POINT (11.568756704000066 48.138569661000076)","Unfall 218068 (2023) Kat:3, Licht: 0","218068","3","6","6","04","10","5","","0","0","1","1","0"