WKT,Name,OBJECTID,UKATEGORIE,UTYP1,UART,UMONAT,USTUNDE,UWOCHENTAG,STRZUSTAND,ULICHTVERH,ISTRAD,ISTPKW,ISTFUSS,ISTKRAD
"POINT (11.492178546000048 48.144388425000045)","Unfall 218069 (2023) Kat:3, Licht: 0","218069","3","5","1","04","11","5","","0","0","1","0","0"
"POINT (11.658538295000028 48.098423498000045)","Unfall 218070 (2023) Kat:3, Licht: 0","218070","3","1","0","04","15","5","","0","1","0","0","0"
"POINT (11.560259304000056 48.088734526000053)","Unfall 218071 (2023) Kat:3, Licht: 0","218071","3","2","3","04","13","5","","0","0","1","0","1"
"POINT (11.569770975000040 48.128507070000069)","Unfall 218072 (2023) Kat:3, Licht: 0","218072","3","3","5","04","10","5","","0","0","1","0","0"
"POINT (11.538645218000056 48.138082798000028)","Unfall 218073 (2023) Kat:3, Licht: 0","218073","3","5","1","04","16","5","","0","0","1","0","0"
"POINT (11.556049094000059 48.124455243000057)","Unfall 218074 (2023) Kat:3, Licht: 0","218074","3","2","5","04","09","5","","0","1","0","0","0"
"POINT (11.574888566000027 48.161544526000057)","Unfall 218075 (2023) Kat:3, Licht: 0","218075","3","6","0","04","08","5","","0","0","1","0","0"
"POINT (11.529008967000038 48.163998366000044)","Unfall 218102 (2023) Kat:3, Licht: 2","218102","3","3","5","04","22","3","","2","1","1","0","0"
"POINT (11.405190980000043 48.178848853000034)","Unfall 218103 (2023) Kat:3, Licht: 0","218103","3","6","4","04","15","4","","0","0","1","0","0"
"POINT (11.575374106000027 48.142997590000050)","Unfall 218104 (2023) Kat:2, Licht: 0","218104","2","3","4","04","15","4","","0","1","1","0","0"
"POINT (11.544315673000028 48.137827225000080)","Unfall 218105 (2023) Kat:3, Licht: 0","218105","3","2","2","04","16","4","","0","1","0","0","0"
"POINT (11.558622838000076 48.136594211000045)","Unfall 218106 (2023) Kat:3, Licht: 0","218106","3","5","1","04","17","4","","0","1","1","0","0"
"POINT (11.538887761000069 48.108427726000059)","Unfall 218128 (2023) Kat:3, Licht: 0","218128","3","3","5","04","19","3","","0","0","1","0","0"
"POINT (11.609525236000025 48.118599560000064)","Unfall 218129 (2023) Kat:3, Licht: 0","218129","3","2","4","04","16","3","","0","0","1","0","0"
"POINT (11.576357362000067 48.127764478000074)","Unfall 218130 (2023) Kat:3, Licht: 0","218130","3","2","5","04","14","2","","0","1","1","0","0"
"POINT (11.596064456000022 48.131185494000079)","Unfall 218131 (2023) Kat:3, Licht: 1","218131","3","4","6","04","17","6","","1","0","1","1","0"
"POINT (11.571721762000038 48.138095329000066)","Unfall 218133 (2023) Kat:3, Licht: 1","218133","3","7","6","04","20","3","","1","0","0","1","0"
"POINT (11.556222242000047 48.204301709000049)","Unfall 218148 (2023) Kat:3, Licht: 0","218148","3","3","5","04","07","3","","0","0","1","0","0"
"POINT (11.473454678000053 48.177681497000037)","Unfall 218169 (2023) Kat:3, Licht: 0","218169","3","1","0","04","13","4","","0","1","0","0","0"
"POINT (11.548307466000040 48.119743462000031)","Unfall 218174 (2023) Kat:3, Licht: 2","218174","3","1","0","04","00","2","","2","1","0","0","0"
"POINT (11.562321773000065 48.186817577000056)","Unfall 218175 (2023) Kat:3, Licht: 0","218175","3","3","4","04","15","2","","0","0","1","0","0"
"POINT (11.554631515000040 48.134171131000073)","Unfall 218176 (2023) Kat:3, Licht: 2","218176","3","7","1","04","06","2","","2","0","1","0","0"
"POINT (11.604252885000051 48.107324175000031)","Unfall 218177 (2023) Kat:3, Licht: 0","218177","3","2","4","04","11","2","","0","1","1","0","0"
"POINT (11.468781030000059 48.151501100000075)","Unfall 218178 (2023) Kat:3, Licht: 0","218178","3","3","5","04","11","2","","0","1","0","0","0"
"POINT (11.564446785000030 48.164543067000068)","Unfall 218179 (2023) Kat:3, Licht: 0","218179","3","2","1","04","16","2","","0","0","1","0","0"
"POINT (11.498390582000070 48.094997708000051)","Unfall 218218 (2023) Kat:3, Licht: 0","218218","3","1","0","04","15","1","","0","1","0","0","0"
"POINT (11.544869489000064 48.186142477000033)","Unfall 218219 (2023) Kat:3, Licht: 0","218219","3","6","2","04","16","1","","0","0","1","0","0"
"POINT (11.588252335000050 48.188056346000053)","Unfall 218232 (2023) Kat:3, Licht: 0","218232","3","3","5","04","10","7","","0","1","1","0","0"
"POINT (11.561067088000073 48.219999880000046)","Unfall 218233 (2023) Kat:3, Licht: 0","218233","3","3","5","04","18","7","","0","0","1","0","0"
"POINT (11.488774814000067 48.175095941000052)","Unfall 218235 (2023) Kat:3, Licht: 0","218235","3","3","5","04","13","7","","0","0","1","0","0"
"POINT (11.648234683000055 48.111690631000045)","Unfall 218236 (2023) Kat:3, Licht: 0","218236","3","7","2","04","12","7","","0","0","1","0","0"
"POINT (11.589188164000063 48.201414866000050)","Unfall 218237 (2023) Kat:3, Licht: 0","218237","3","3","5","04","15","7","","0","1","1","0","0"
"POINT (11.497804549000023 48.120976483000049)","Unfall 218238 (2023) Kat:3, Licht: 0","218238","3","1","0","04","17","7","","0","1","0","0","0"
"POINT (11.560123504000046 48.138337738000075)","Unfall 218239 (2023) Kat:3, Licht: 0","218239","3","2","6","04","15","7","","0","0","1","1","0"
"POINT (11.613009057000056 48.121304307000059)","Unfall 218257 (2023) Kat:3, Licht: 2","218257","3","3","5","04","21","6","","2","1","1","0","0"
"POINT (11.534759591000068 48.146466332000045)","Unfall 218258 (2023) Kat:3, Licht: 0","218258","3","2","3","04","19","6","","0","1","1","0","0"
"POINT (11.586204630000054 48.169691586000056)","Unfall 218259 (2023) Kat:3, Licht: 2","218259","3","6","2","04","00","6","","2","0","1","0","0"
"POINT (11.588659020000023 48.138917640000045)","Unfall 218270 (2023) Kat:3, Licht: 0","218270","3","1","0","04","09","5","","0","1","0","0","0"
"POINT (11.570272213000067 48.143115549000072)","Unfall 218271 (2023) Kat:3, Licht: 0","218271","3","7","6","04","15","5","","0","0","1","1","0"
"POINT (11.581605078000052 48.134807284000033)","Unfall 218272 (2023) Kat:3, Licht: 0","218272","3","7","2","04","17","5","","0","0","1","0","0"
"POINT (11.568378962000054 48.187293208000028)","Unfall 218273 (2023) Kat:2, Licht: 0","218273","2","6","3","04","09","5","","0","0","1","0","0"
"POINT (11.474566490000029 48.128226290000043)","Unfall 218274 (2023) Kat:3, Licht: 0","218274","3","3","0","04","07","5","","0","0","0","0","0"
"POINT (11.434289140000033 48.149387201000081)","Unfall 218275 (2023) Kat:3, Licht: 0","218275","3","3","5","04","10","5","","0","1","1","0","0"
"POINT (11.534685266000054 48.182120467000061)","Unfall 218277 (2023) Kat:3, Licht: 0","218277","3","7","0","04","12","5","","0","1","0","0","0"
"POINT (11.509970000000067 48.128019613000049)","Unfall 218278 (2023) Kat:3, Licht: 0","218278","3","5","0","04","15","5","","0","1","0","0","0"
"POINT (11.579528102000040 48.184210270000051)","Unfall 218279 (2023) Kat:3, Licht: 0","218279","3","7","1","04","13","5","","0","0","1","0","0"
"POINT (11.533694524000055 48.112748412000030)","Unfall 218280 (2023) Kat:3, Licht: 0","218280","3","3","5","04","12","5","","0","1","1","0","0"
"POINT (11.474346448000063 48.164576629000067)","Unfall 218331 (2023) Kat:3, Licht: 0","218331","3","2","5","04","12","4","","0","1","1","0","0"
"POINT (11.581364287000042 48.195873247000065)","Unfall 218332 (2023) Kat:3, Licht: 0","218332","3","3","5","04","19","4","","0","1","1","0","0"
"POINT (11.564018708000049 48.146143405000032)","Unfall 218333 (2023) Kat:3, Licht: 0","218333","3","6","4","04","08","4","","0","1","0","0","0"
"POINT (11.601375737000069 48.187052353000070)","Unfall 218334 (2023) Kat:3, Licht: 0","218334","3","6","3","04","08","4","","0","0","1","0","0"
"POINT (11.520238008000035 48.163779424000040)","Unfall 218335 (2023) Kat:3, Licht: 0","218335","3","7","0","04","14","4","","0","1","0","0","0"
"POINT (11.561675680000064 48.131057979000047)","Unfall 218336 (2023) Kat:3, Licht: 0","218336","3","3","6","04","17","4","","0","1","0","1","0"
"POINT (11.558662532000028 48.139195251000046)","Unfall 218337 (2023) Kat:3, Licht: 0","218337","3","2","3","04","16","4","","0","0","1","0","0"
"POINT (11.513762590000056 48.181481559000076)","Unfall 218368 (2023) Kat:3, Licht: 0","218368","3","6","1","04","15","3","","0","0","1","0","0"
"POINT (11.562962026000037 48.149178040000038)","Unfall 218369 (2023) Kat:3, Licht: 0","218369","3","7","0","04","10","3","","0","1","0","0","0"
"POINT (11.493922894000036 48.165875597000081)","Unfall 218370 (2023) Kat:3, Licht: 2","218370","3","7","7","04","02","3","","2","1","0","0","0"
"POINT (11.538732832000051 48.098507165000058)","Unfall 218371 (2023) Kat:3, Licht: 0","218371","3","3","5","04","09","3","","0","0","1","0","1"
"POINT (11.596909106000055 48.142531275000067)","Unfall 218372 (2023) Kat:3, Licht: 2","218372","3","1","0","04","22","3","","2","1","0","0","0"
"POINT (11.602723992000051 48.128238584000030)","Unfall 218373 (2023) Kat:3, Licht: 0","218373","3","2","5","04","11","3","","0","1","1","0","0"
"POINT (11.523866198000064 48.099512072000039)","Unfall 218398 (2023) Kat:2, Licht: 0","218398","2","3","5","04","16","2","","0","0","1","0","1"
"POINT (11.615753022000035 48.120693256000038)","Unfall 218412 (2023) Kat:3, Licht: 0","218412","3","7","0","04","18","2","","0","1","1","0","0"
"POINT (11.604181670000060 48.107099783000081)","Unfall 218413 (2023) Kat:3, Licht: 0","218413","3","7","0","04","19","2","","0","1","1","0","0"
"POINT (11.626219109000033 48.102551904000052)","Unfall 218414 (2023) Kat:2, Licht: 0","218414","2","5","1","04","18","2","","0","1","0","0","0"
"POINT (11.522764347000077 48.134271662000060)","Unfall 218415 (2023) Kat:3, Licht: 0","218415","3","2","4","04","13","2","","0","0","1","0","0"
"POINT (11.593717240000046 48.101929415000029)","Unfall 218416 (2023) Kat:3, Licht: 0","218416","3","7","1","04","10","2","","0","0","1","0","0"
"POINT (11.467019600000071 48.156811551000033)","Unfall 218417 (2023) Kat:3, Licht: 0","218417","3","3","5","04","12","2","","0","0","1","0","0"
"POINT (11.485129194000024 48.196078789000069)","Unfall 218418 (2023) Kat:3, Licht: 0","218418","3","6","4","04","07","2","","0","0","1","0","0"
"POINT (11.573512621000077 48.170201665000036)","Unfall 218419 (2023) Kat:3, Licht: 0","218419","3","3","5","04","19","2","","0","1","0","0","0"
"POINT (11.579390605000071 48.146844880000060)","Unfall 218420 (2023) Kat:3, Licht: 0","218420","3","2","3","04","08","2","","0","1","1","0","0"
"POINT (11.564050974000054 48.211134126000047)","Unfall 218455 (2023) Kat:3, Licht: 2","218455","3","7","0","04","23","1","","2","0","0","0","0"
"POINT (11.435602575000075 48.173514982000029)","Unfall 218456 (2023) Kat:3, Licht: 0","218456","3","6","2","04","17","1","","0","0","1","0","0"
"POINT (11.613251837000064 48.194131202000051)","Unfall 218458 (2023) Kat:3, Licht: 2","218458","3","7","1","04","04","1","","2","0","1","0","0"
"POINT (11.640079961000026 48.168145552000055)","Unfall 218459 (2023) Kat:3, Licht: 0","218459","3","3","5","04","14","1","","0","0","1","0","0"
"POINT (11.450895923000076 48.193230215000028)","Unfall 218468 (2023) Kat:3, Licht: 0","218468","3","3","5","04","17","4","","0","0","1","0","0"
"POINT (11.613285745000042 48.204951195000035)","Unfall 218481 (2023) Kat:2, Licht: 0","218481","2","7","6","04","15","7","","0","0","0","1","0"
"POINT (11.502268103000063 48.112046701000054)","Unfall 218482 (2023) Kat:3, Licht: 0","218482","3","2","4","04","11","7","","0","0","1","0","0"
"POINT (11.520326437000051 48.176393774000076)","Unfall 218483 (2023) Kat:3, Licht: 1","218483","3","3","5","04","19","5","","1","1","1","0","0"
"POINT (11.572876602000065 48.205099980000057)","Unfall 218484 (2023) Kat:3, Licht: 0","218484","3","3","5","04","10","7","","0","1","1","0","0"
"POINT (11.602828640000041 48.186892554000053)","Unfall 218485 (2023) Kat:3, Licht: 0","218485","3","3","4","04","12","7","","0","0","1","0","1"
"POINT (11.454142790000049 48.145912022000061)","Unfall 218486 (2023) Kat:3, Licht: 0","218486","3","5","3","04","14","7","","0","1","1","0","0"
"POINT (11.502848062000055 48.133363364000047)","Unfall 218487 (2023) Kat:3, Licht: 0","218487","3","5","2","04","09","7","","0","0","1","0","0"
"POINT (11.576439457000049 48.134433234000028)","Unfall 218507 (2023) Kat:3, Licht: 2","218507","3","2","1","04","20","1","","2","0","1","0","1"
"POINT (11.537310276000028 48.120184118000054)","Unfall 218510 (2023) Kat:3, Licht: 2","218510","3","7","5","03","21","6","","2","1","1","0","0"
"POINT (11.586150293000060 48.097533856000041)","Unfall 218511 (2023) Kat:3, Licht: 0","218511","3","5","2","03","14","6","","0","0","1","0","0"
"POINT (11.673687750000056 48.125878052000076)","Unfall 218512 (2023) Kat:3, Licht: 0","218512","3","3","5","03","17","6","","0","1","1","0","0"
"POINT (11.528995998000028 48.177654639000082)","Unfall 218513 (2023) Kat:3, Licht: 0","218513","3","3","5","03","09","6","","0","1","1","0","0"
"POINT (11.550468973000022 48.188701167000033)","Unfall 218514 (2023) Kat:3, Licht: 0","218514","3","6","2","03","11","6","","0","0","1","0","0"
"POINT (11.584342503000073 48.101429952000046)","Unfall 218515 (2023) Kat:3, Licht: 0","218515","3","3","5","03","12","6","","0","0","1","0","0"
"POINT (11.626309296000045 48.112901242000078)","Unfall 218516 (2023) Kat:3, Licht: 2","218516","3","3","5","03","19","6","","2","0","1","0","0"
"POINT (11.456387231000065 48.165301012000043)","Unfall 218517 (2023) Kat:3, Licht: 0","218517","3","6","2","03","06","6","","0","0","1","0","0"
"POINT (11.566766001000076 48.182570261000080)","Unfall 218518 (2023) Kat:3, Licht: 2","218518","3","7","5","03","05","6","","2","0","1","0","0"
"POINT (11.585876733000077 48.160490821000053)","Unfall 218528 (2023) Kat:3, Licht: 0","218528","3","5","1","04","08","5","","0","1","0","0","0"
"POINT (11.414976205000073 48.162786414000038)","Unfall 218563 (2023) Kat:3, Licht: 0","218563","3","3","5","03","16","5","","0","0","1","0","0"
"POINT (11.581395205000035 48.135422229000028)","Unfall 218564 (2023) Kat:3, Licht: 0","218564","3","3","5","03","12","5","","0","1","1","0","0"
"POINT (11.614747463000072 48.202860898000040)","Unfall 218565 (2023) Kat:3, Licht: 0","218565","3","2","6","03","11","5","","0","0","0","1","0"
"POINT (11.621727855000074 48.126305802000047)","Unfall 218566 (2023) Kat:3, Licht: 0","218566","3","7","3","03","11","5","","0","1","1","0","0"
"POINT (11.570399430000066 48.160926134000078)","Unfall 218567 (2023) Kat:3, Licht: 2","218567","3","1","0","03","20","5","","2","1","0","0","0"
"POINT (11.585887309000043 48.173016310000037)","Unfall 218569 (2023) Kat:3, Licht: 0","218569","3","5","3","03","13","5","","0","0","1","0","0"
"POINT (11.590802866000047 48.101087480000047)","Unfall 218601 (2023) Kat:3, Licht: 0","218601","3","2","5","03","14","4","","0","1","1","0","0"
"POINT (11.573077889000047 48.204381870000077)","Unfall 218602 (2023) Kat:3, Licht: 0","218602","3","3","5","03","07","4","","0","1","1","0","0"
"POINT (11.552062034000073 48.186089199000037)","Unfall 218603 (2023) Kat:3, Licht: 0","218603","3","6","2","03","13","4","","0","0","1","0","0"
"POINT (11.540921487000048 48.149731805000044)","Unfall 218604 (2023) Kat:3, Licht: 0","218604","3","3","5","03","18","4","","0","1","1","0","0"
"POINT (11.597641539000051 48.179396133000068)","Unfall 218605 (2023) Kat:3, Licht: 0","218605","3","5","1","03","16","4","","0","1","1","0","0"
"POINT (11.576157616000046 48.162593169000047)","Unfall 218606 (2023) Kat:3, Licht: 0","218606","3","3","5","03","15","4","","0","1","1","0","0"
"POINT (11.511296151000067 48.094473844000049)","Unfall 218611 (2023) Kat:3, Licht: 0","218611","3","3","5","03","13","5","","0","1","1","0","0"
"POINT (11.603088792000051 48.127671900000053)","Unfall 218655 (2023) Kat:3, Licht: 0","218655","3","6","2","03","15","3","","0","0","1","0","0"
"POINT (11.557731410000031 48.150846765000040)","Unfall 218656 (2023) Kat:3, Licht: 0","218656","3","2","5","03","07","3","","0","1","1","0","0"
"POINT (11.497561554000072 48.092687603000059)","Unfall 218657 (2023) Kat:3, Licht: 0","218657","3","3","5","03","17","3","","0","1","1","0","0"
"POINT (11.408318448000045 48.175429804000032)","Unfall 218658 (2023) Kat:2, Licht: 0","218658","2","6","0","03","13","3","","0","0","0","0","0"
"POINT (11.685320324000031 48.120330375000037)","Unfall 218659 (2023) Kat:2, Licht: 0","218659","2","6","4","03","07","3","","0","1","0","0","0"
"POINT (11.588274492000039 48.137645998000039)","Unfall 218660 (2023) Kat:3, Licht: 0","218660","3","2","3","03","11","3","","0","1","1","0","0"
"POINT (11.472425623000049 48.144361975000038)","Unfall 218662 (2023) Kat:2, Licht: 0","218662","2","7","3","03","16","3","","0","0","1","0","0"
"POINT (11.566865560000053 48.123615666000035)","Unfall 218663 (2023) Kat:3, Licht: 0","218663","3","1","0","03","07","3","","0","1","0","0","0"
"POINT (11.572240755000053 48.205020672000046)","Unfall 218664 (2023) Kat:3, Licht: 2","218664","3","6","4","03","20","3","","2","1","0","0","0"
"POINT (11.634426327000028 48.137268071000051)","Unfall 218666 (2023) Kat:3, Licht: 0","218666","3","6","2","03","17","3","","0","0","1","0","0"
"POINT (11.581141970000033 48.124405638000042)","Unfall 218667 (2023) Kat:3, Licht: 0","218667","3","7","7","03","08","3","","0","1","0","0","0"
"POINT (11.567669001000070 48.141474189000064)","Unfall 218668 (2023) Kat:3, Licht: 0","218668","3","4","6","03","14","3","","0","1","0","1","0"
"POINT (11.499343030000034 48.086912715000039)","Unfall 218678 (2023) Kat:3, Licht: 0","218678","3","2","3","04","08","5","","0","1","1","0","0"
"POINT (11.565108492000036 48.132676778000075)","Unfall 218705 (2023) Kat:3, Licht: 0","218705","3","2","0","03","14","2","","0","0","1","0","0"
"POINT (11.539206229000058 48.118351872000062)","Unfall 218706 (2023) Kat:3, Licht: 0","218706","3","3","1","03","17","2","","0","1","1","0","0"
"POINT (11.536212162000027 48.146195661000036)","Unfall 218707 (2023) Kat:3, Licht: 2","218707","3","6","3","03","19","2","","2","0","1","0","0"
"POINT (11.569269215000077 48.140924851000079)","Unfall 218708 (2023) Kat:3, Licht: 1","218708","3","3","5","03","06","2","","1","0","1","0","0"
"POINT (11.646598303000076 48.139899277000040)","Unfall 218709 (2023) Kat:3, Licht: 0","218709","3","6","2","03","16","2","","0","0","1","0","1"
"POINT (11.565619836000053 48.133066472000053)","Unfall 218710 (2023) Kat:3, Licht: 1","218710","3","2","5","03","19","2","","1","0","1","0","0"
"POINT (11.565498569000056 48.133012964000045)","Unfall 218711 (2023) Kat:2, Licht: 1","218711","2","7","3","03","06","2","","1","0","1","0","1"
"POINT (11.643766310000046 48.115123142000073)","Unfall 218712 (2023) Kat:3, Licht: 0","218712","3","2","5","03","07","2","","0","1","0","0","0"
"POINT (11.576066749000063 48.139710987000058)","Unfall 218713 (2023) Kat:3, Licht: 0","218713","3","7","0","03","08","2","","0","1","0","0","0"
"POINT (11.609100185000045 48.186042961000055)","Unfall 218714 (2023) Kat:3, Licht: 0","218714","3","2","3","03","15","2","","0","1","1","0","0"
"POINT (11.549534783000070 48.160773466000080)","Unfall 218716 (2023) Kat:3, Licht: 0","218716","3","4","6","03","18","2","","0","1","0","1","0"
"POINT (11.608970685000031 48.118057181000040)","Unfall 218717 (2023) Kat:3, Licht: 1","218717","3","6","2","03","18","2","","1","0","1","0","0"
"POINT (11.604958401000033 48.128889320000042)","Unfall 218718 (2023) Kat:3, Licht: 0","218718","3","7","6","03","10","2","","0","0","1","1","0"
"POINT (11.526082629000030 48.117444491000072)","Unfall 218719 (2023) Kat:2, Licht: 0","218719","2","3","5","03","09","2","","0","0","1","0","1"
"POINT (11.555772367000031 48.129450091000081)","Unfall 218720 (2023) Kat:3, Licht: 2","218720","3","1","0","03","22","2","","2","1","0","0","0"
"POINT (11.557281847000070 48.132592775000035)","Unfall 218721 (2023) Kat:3, Licht: 0","218721","3","5","1","03","08","2","","0","1","1","0","0"
"POINT (11.573188216000062 48.143262176000064)","Unfall 218722 (2023) Kat:3, Licht: 0","218722","3","3","5","03","14","2","","0","1","1","0","0"
"POINT (11.614329630000043 48.145564755000066)","Unfall 218757 (2023) Kat:3, Licht: 0","218757","3","3","0","04","13","3","","0","1","0","0","0"
"POINT (11.571948114000065 48.148941700000080)","Unfall 218775 (2023) Kat:3, Licht: 0","218775","3","6","3","03","14","7","","0","1","1","0","0"
"POINT (11.558904420000033 48.143025306000027)","Unfall 218776 (2023) Kat:3, Licht: 1","218776","3","1","1","03","20","7","","1","0","1","0","0"
"POINT (11.629865862000031 48.101010955000049)","Unfall 218777 (2023) Kat:3, Licht: 0","218777","3","7","0","03","14","7","","0","1","0","0","0"
"POINT (11.576085729000056 48.127978478000045)","Unfall 218779 (2023) Kat:3, Licht: 0","218779","3","6","2","03","15","7","","0","1","1","0","0"
"POINT (11.625667782000050 48.136657010000079)","Unfall 218780 (2023) Kat:3, Licht: 1","218780","3","7","4","03","18","7","","1","0","1","0","0"
"POINT (11.547498065000070 48.110278771000026)","Unfall 218781 (2023) Kat:3, Licht: 0","218781","3","6","3","03","13","7","","0","1","0","0","0"
"POINT (11.577218173000063 48.124183611000035)","Unfall 218806 (2023) Kat:3, Licht: 0","218806","3","3","5","04","11","4","","0","1","1","0","0"
"POINT (11.580229050000071 48.124734470000078)","Unfall 218811 (2023) Kat:3, Licht: 2","218811","3","1","0","03","23","6","","2","0","0","0","0"
"POINT (11.570229555000026 48.093372540000075)","Unfall 218812 (2023) Kat:3, Licht: 0","218812","3","1","5","03","14","6","","0","1","1","0","0"
"POINT (11.562414395000076 48.140666592000059)","Unfall 218813 (2023) Kat:3, Licht: 2","218813","3","1","0","03","01","6","","2","0","0","0","0"
"POINT (11.575197757000069 48.156214234000061)","Unfall 218814 (2023) Kat:3, Licht: 0","218814","3","7","1","03","14","6","","0","1","1","0","0"
"POINT (11.548799827000039 48.137752249000073)","Unfall 218815 (2023) Kat:2, Licht: 0","218815","2","1","6","03","16","6","","0","0","1","1","0"
"POINT (11.598658792000037 48.141070798000044)","Unfall 218816 (2023) Kat:3, Licht: 0","218816","3","2","5","03","13","6","","0","0","0","0","1"
"POINT (11.536121935000040 48.153587834000064)","Unfall 218817 (2023) Kat:3, Licht: 2","218817","3","6","0","03","19","6","","2","1","0","0","0"
"POINT (11.578046353000047 48.149671185000045)","Unfall 218818 (2023) Kat:3, Licht: 0","218818","3","2","4","03","09","6","","0","0","1","0","0"
"POINT (11.556699531000049 48.136378022000031)","Unfall 218820 (2023) Kat:3, Licht: 1","218820","3","6","3","03","18","6","","1","1","1","0","0"
"POINT (11.592919360000053 48.162965357000076)","Unfall 218821 (2023) Kat:3, Licht: 0","218821","3","7","2","03","09","6","","0","1","1","0","0"
"POINT (11.586935224000058 48.160941472000047)","Unfall 218822 (2023) Kat:3, Licht: 2","218822","3","6","4","03","20","6","","2","1","0","0","0"
"POINT (11.575290405000032 48.119420177000052)","Unfall 218906 (2023) Kat:3, Licht: 2","218906","3","3","5","05","01","2","","2","1","1","0","0"
"POINT (11.459058901000049 48.150166045000049)","Unfall 218907 (2023) Kat:3, Licht: 2","218907","3","2","4","05","22","2","","2","0","1","0","0"
"POINT (11.560469928000032 48.119935885000075)","Unfall 218908 (2023) Kat:3, Licht: 0","218908","3","2","5","05","16","2","","0","0","1","0","1"
"POINT (11.502202305000026 48.109069608000027)","Unfall 218909 (2023) Kat:3, Licht: 0","218909","3","7","0","05","11","2","","0","0","0","0","0"
"POINT (11.579589756000075 48.196079712000028)","Unfall 218910 (2023) Kat:2, Licht: 0","218910","2","1","0","05","07","2","","0","0","0","0","0"
"POINT (11.502784579000036 48.131284218000076)","Unfall 218911 (2023) Kat:3, Licht: 0","218911","3","7","0","05","14","2","","0","1","0","1","0"
"POINT (11.581127123000044 48.124392550000039)","Unfall 218912 (2023) Kat:3, Licht: 0","218912","3","7","0","05","10","2","","0","1","0","0","0"
"POINT (11.454527021000047 48.166113851000034)","Unfall 218913 (2023) Kat:3, Licht: 0","218913","3","6","2","05","16","2","","0","0","1","0","0"
"POINT (11.460425968000038 48.148399686000062)","Unfall 218914 (2023) Kat:3, Licht: 0","218914","3","7","6","05","13","2","","0","1","0","1","0"
"POINT (11.518662520000021 48.180854225000076)","Unfall 218915 (2023) Kat:3, Licht: 0","218915","3","6","5","05","16","2","","0","1","1","0","0"
"POINT (11.494855300000040 48.178113765000035)","Unfall 218916 (2023) Kat:3, Licht: 0","218916","3","2","5","05","18","2","","0","1","1","0","0"
"POINT (11.602204819000065 48.123948814000073)","Unfall 218917 (2023) Kat:3, Licht: 0","218917","3","2","4","05","08","2","","0","1","1","0","0"
"POINT (11.582034225000029 48.159832830000028)","Unfall 218918 (2023) Kat:3, Licht: 0","218918","3","6","1","05","13","2","","0","1","1","0","0"
"POINT (11.577154525000026 48.149909240000056)","Unfall 218919 (2023) Kat:3, Licht: 0","218919","3","5","1","05","11","2","","0","1","0","0","0"
"POINT (11.531424414000071 48.121133035000071)","Unfall 218970 (2023) Kat:3, Licht: 0","218970","3","5","1","05","12","1","","0","1","1","0","0"
"POINT (11.632682517000035 48.175938417000054)","Unfall 218971 (2023) Kat:3, Licht: 0","218971","3","7","0","05","18","1","","0","1","0","0","0"
"POINT (11.560264826000036 48.093361100000038)","Unfall 218972 (2023) Kat:3, Licht: 0","218972","3","6","4","05","17","1","","0","1","1","0","0"
"POINT (11.522115854000049 48.175422531000038)","Unfall 218973 (2023) Kat:3, Licht: 0","218973","3","6","1","05","14","1","","0","0","1","0","1"
"POINT (11.477703980000058 48.131239652000033)","Unfall 218975 (2023) Kat:3, Licht: 0","218975","3","6","6","05","15","1","","0","0","1","1","0"
"POINT (11.493332729000031 48.125729264000029)","Unfall 218976 (2023) Kat:3, Licht: 0","218976","3","3","5","05","19","1","","0","1","1","0","0"
"POINT (11.545086744000059 48.124148024000078)","Unfall 218977 (2023) Kat:3, Licht: 0","218977","3","5","1","05","13","1","","0","1","1","0","0"
"POINT (11.570891686000039 48.142257351000069)","Unfall 218978 (2023) Kat:3, Licht: 2","218978","3","2","5","05","04","1","","2","0","1","0","0"
"POINT (11.571512526000049 48.131352233000030)","Unfall 219016 (2023) Kat:3, Licht: 2","219016","3","2","6","05","00","7","","2","0","1","1","0"
"POINT (11.558354625000050 48.126564288000054)","Unfall 219017 (2023) Kat:3, Licht: 0","219017","3","3","5","05","19","7","","0","0","1","0","1"
"POINT (11.511457514000028 48.157646020000072)","Unfall 219018 (2023) Kat:3, Licht: 0","219018","3","7","0","05","17","7","","0","1","0","0","0"
"POINT (11.579711441000029 48.147200233000035)","Unfall 219019 (2023) Kat:3, Licht: 2","219019","3","7","0","05","00","7","","2","0","1","0","0"
"POINT (11.542463474000044 48.153272229000038)","Unfall 219021 (2023) Kat:3, Licht: 0","219021","3","6","1","05","12","7","","0","0","1","0","1"
"POINT (11.520095625000067 48.153510407000056)","Unfall 219022 (2023) Kat:3, Licht: 0","219022","3","3","5","05","07","7","","0","0","1","0","0"
"POINT (11.688973728000065 48.130356630000051)","Unfall 219023 (2023) Kat:2, Licht: 0","219023","2","5","1","05","11","7","","0","1","1","0","0"
"POINT (11.581844272000069 48.121814160000042)","Unfall 219024 (2023) Kat:3, Licht: 0","219024","3","1","0","05","12","7","","0","1","0","0","0"
"POINT (11.561070749000066 48.137405356000045)","Unfall 219025 (2023) Kat:3, Licht: 2","219025","3","7","5","05","23","7","","2","0","1","0","0"