WKT,Name,OBJECTID,UKATEGORIE,UTYP1,UART,UMONAT,USTUNDE,UWOCHENTAG,STRZUSTAND,ULICHTVERH,ISTRAD,ISTPKW,ISTFUSS,ISTKRAD
"POINT (11.562829959000055 48.159014688000070)","Unfall 219026 (2023) Kat:3, Licht: 0","219026","3","2","0","05","19","7","","0","1","1","0","0"
"POINT (11.587378556000033 48.134581204000028)","Unfall 219027 (2023) Kat:3, Licht: 2","219027","3","6","4","05","00","7","","2","1","0","0","0"
"POINT (11.508163689000071 48.094368900000063)","Unfall 219037 (2023) Kat:3, Licht: 0","219037","3","2","5","05","13","2","","0","1","1","0","0"
"POINT (11.572368152000024 48.187452324000049)","Unfall 219072 (2023) Kat:3, Licht: 0","219072","3","6","1","05","13","6","","0","0","1","0","0"
"POINT (11.505618178000077 48.094285907000028)","Unfall 219073 (2023) Kat:3, Licht: 0","219073","3","3","5","05","15","6","","0","1","1","0","0"
"POINT (11.557022502000052 48.128879755000071)","Unfall 219074 (2023) Kat:3, Licht: 0","219074","3","5","1","05","14","6","","0","1","1","0","0"
"POINT (11.589109952000058 48.161313915000051)","Unfall 219075 (2023) Kat:3, Licht: 0","219075","3","7","1","05","08","6","","0","0","0","0","0"
"POINT (11.472478229000046 48.164802995000059)","Unfall 219076 (2023) Kat:3, Licht: 0","219076","3","2","5","05","13","6","","0","1","1","0","0"
"POINT (11.430315267000026 48.149244753000062)","Unfall 219077 (2023) Kat:3, Licht: 0","219077","3","7","6","05","08","6","","0","0","1","1","0"
"POINT (11.650338141000077 48.161948370000061)","Unfall 219078 (2023) Kat:3, Licht: 0","219078","3","3","5","05","07","6","","0","0","1","0","0"
"POINT (11.532048872000075 48.215016502000026)","Unfall 219079 (2023) Kat:3, Licht: 0","219079","3","6","6","05","15","6","","0","1","0","1","0"
"POINT (11.545195154000055 48.105419456000050)","Unfall 219080 (2023) Kat:3, Licht: 0","219080","3","2","4","05","11","6","","0","1","0","0","0"
"POINT (11.629519101000028 48.118848129000071)","Unfall 219081 (2023) Kat:3, Licht: 0","219081","3","4","2","05","14","6","","0","0","1","1","0"
"POINT (11.572258647000069 48.159300463000079)","Unfall 219082 (2023) Kat:3, Licht: 0","219082","3","5","1","05","09","6","","0","1","1","0","0"
"POINT (11.562238718000060 48.157175177000056)","Unfall 219083 (2023) Kat:3, Licht: 0","219083","3","3","5","05","08","6","","0","1","0","0","0"
"POINT (11.583314743000074 48.138502912000035)","Unfall 219147 (2023) Kat:3, Licht: 0","219147","3","1","3","05","16","5","","0","1","1","0","0"
"POINT (11.505309800000077 48.105462477000060)","Unfall 219148 (2023) Kat:3, Licht: 0","219148","3","3","5","05","16","5","","0","1","1","0","0"
"POINT (11.541955715000029 48.118416952000075)","Unfall 219149 (2023) Kat:3, Licht: 2","219149","3","3","2","05","23","5","","2","1","0","0","0"
"POINT (11.502290175000041 48.113457350000033)","Unfall 219150 (2023) Kat:3, Licht: 0","219150","3","6","3","05","11","6","","0","1","1","0","0"
"POINT (11.478175932000056 48.118586203000064)","Unfall 219151 (2023) Kat:3, Licht: 0","219151","3","2","5","05","16","5","","0","1","1","0","0"
"POINT (11.507801644000040 48.112467106000054)","Unfall 219152 (2023) Kat:3, Licht: 0","219152","3","3","5","05","15","5","","0","0","1","0","0"
"POINT (11.533792199000061 48.112858726000070)","Unfall 219153 (2023) Kat:3, Licht: 0","219153","3","6","3","05","18","5","","0","1","0","0","0"
"POINT (11.576354744000071 48.119071426000062)","Unfall 219154 (2023) Kat:3, Licht: 0","219154","3","1","0","05","10","5","","0","0","0","0","1"
"POINT (11.552903335000053 48.208305823000046)","Unfall 219155 (2023) Kat:3, Licht: 2","219155","3","1","2","05","22","5","","2","0","1","0","0"
"POINT (11.426222247000055 48.152470865000055)","Unfall 219156 (2023) Kat:3, Licht: 0","219156","3","5","1","05","16","5","","0","1","1","0","0"
"POINT (11.641111775000070 48.116649239000026)","Unfall 219157 (2023) Kat:3, Licht: 0","219157","3","3","5","05","18","5","","0","1","1","0","0"
"POINT (11.502369946000044 48.116866387000073)","Unfall 219158 (2023) Kat:3, Licht: 0","219158","3","6","4","05","17","5","","0","1","0","0","0"
"POINT (11.479324565000070 48.125443645000075)","Unfall 219161 (2023) Kat:3, Licht: 0","219161","3","7","1","05","09","5","","0","0","1","0","0"
"POINT (11.461432058000071 48.146159438000041)","Unfall 219162 (2023) Kat:3, Licht: 0","219162","3","7","0","05","17","5","","0","1","0","0","0"
"POINT (11.503173726000057 48.188930450000043)","Unfall 219163 (2023) Kat:2, Licht: 0","219163","2","2","3","05","14","5","","0","1","1","0","0"
"POINT (11.442123129000038 48.204507036000052)","Unfall 219164 (2023) Kat:2, Licht: 0","219164","2","7","0","05","13","5","","0","1","0","0","0"
"POINT (11.564783054000031 48.137732415000073)","Unfall 219165 (2023) Kat:3, Licht: 2","219165","3","7","3","05","22","5","","2","1","0","0","0"
"POINT (11.502916739000057 48.131142920000059)","Unfall 219166 (2023) Kat:3, Licht: 0","219166","3","2","5","05","17","5","","0","0","1","0","0"
"POINT (11.695475200000033 48.140374550000047)","Unfall 219167 (2023) Kat:3, Licht: 0","219167","3","7","0","05","11","5","","0","1","0","0","0"
"POINT (11.560023503000025 48.152043662000040)","Unfall 219168 (2023) Kat:3, Licht: 0","219168","3","6","4","05","17","5","","0","1","0","0","0"
"POINT (11.573545316000036 48.133468156000049)","Unfall 219183 (2023) Kat:2, Licht: 2","219183","2","3","5","05","23","7","","2","1","1","0","0"
"POINT (11.523674311000036 48.099304925000069)","Unfall 219224 (2023) Kat:3, Licht: 0","219224","3","2","5","05","19","4","","0","1","1","0","0"
"POINT (11.590137164000055 48.131132186000059)","Unfall 219225 (2023) Kat:3, Licht: 0","219225","3","7","1","05","18","4","","0","1","1","0","0"
"POINT (11.545757906000063 48.103877653000040)","Unfall 219226 (2023) Kat:3, Licht: 1","219226","3","2","5","05","19","4","","1","1","1","0","0"
"POINT (11.454494236000073 48.164337613000043)","Unfall 219227 (2023) Kat:3, Licht: 2","219227","3","7","0","05","20","4","","2","0","0","0","0"
"POINT (11.570104166000021 48.093390772000078)","Unfall 219228 (2023) Kat:3, Licht: 0","219228","3","3","5","05","08","4","","0","0","1","0","0"
"POINT (11.556248115000074 48.142066169000032)","Unfall 219229 (2023) Kat:3, Licht: 0","219229","3","3","5","05","15","4","","0","0","1","0","0"
"POINT (11.480381552000040 48.090036657000041)","Unfall 219230 (2023) Kat:3, Licht: 0","219230","3","2","5","05","20","4","","0","1","1","0","0"
"POINT (11.697052285000041 48.133484981000038)","Unfall 219235 (2023) Kat:3, Licht: 0","219235","3","7","2","05","16","4","","0","0","1","0","0"
"POINT (11.551623225000071 48.137473505000060)","Unfall 219237 (2023) Kat:3, Licht: 0","219237","3","3","6","05","18","4","","0","0","1","1","0"
"POINT (11.571364871000071 48.128811736000046)","Unfall 219238 (2023) Kat:3, Licht: 2","219238","3","6","2","05","20","4","","2","0","1","0","1"
"POINT (11.573353180000026 48.129992641000058)","Unfall 219239 (2023) Kat:3, Licht: 0","219239","3","7","5","05","14","4","","0","1","1","0","0"
"POINT (11.584326266000062 48.167107588000079)","Unfall 219240 (2023) Kat:3, Licht: 0","219240","3","2","5","05","13","4","","0","1","1","0","0"
"POINT (11.565242133000027 48.135873506000053)","Unfall 219241 (2023) Kat:3, Licht: 0","219241","3","1","0","05","19","4","","0","1","0","0","0"
"POINT (11.581980840000028 48.120385643000077)","Unfall 219300 (2023) Kat:3, Licht: 0","219300","3","2","3","05","08","3","","0","1","1","0","0"
"POINT (11.604338506000033 48.135705693000034)","Unfall 219301 (2023) Kat:3, Licht: 0","219301","3","4","0","05","11","3","","0","0","0","1","0"
"POINT (11.556299470000056 48.148957906000078)","Unfall 219302 (2023) Kat:3, Licht: 0","219302","3","7","2","05","09","3","","0","0","0","0","1"
"POINT (11.564424719000044 48.132327023000073)","Unfall 219303 (2023) Kat:3, Licht: 0","219303","3","5","1","05","10","3","","0","0","1","0","1"
"POINT (11.588208504000022 48.137906352000073)","Unfall 219305 (2023) Kat:3, Licht: 2","219305","3","7","0","05","21","3","","2","1","0","0","0"
"POINT (11.619797877000053 48.152159680000068)","Unfall 219306 (2023) Kat:3, Licht: 0","219306","3","7","0","05","17","3","","0","0","1","0","0"
"POINT (11.510602603000052 48.169784624000044)","Unfall 219308 (2023) Kat:3, Licht: 0","219308","3","2","0","05","08","3","","0","1","0","0","0"
"POINT (11.525343499000030 48.187095097000054)","Unfall 219309 (2023) Kat:3, Licht: 1","219309","3","4","6","05","20","3","","1","0","1","1","0"
"POINT (11.664471897000055 48.121215286000051)","Unfall 219314 (2023) Kat:3, Licht: 0","219314","3","6","2","05","15","3","","0","0","1","0","0"
"POINT (11.641631761000042 48.156644208000046)","Unfall 219315 (2023) Kat:3, Licht: 0","219315","3","7","7","05","10","3","","0","0","0","0","0"
"POINT (11.641803506000031 48.157224078000070)","Unfall 219316 (2023) Kat:3, Licht: 0","219316","3","6","2","05","14","3","","0","0","1","0","0"
"POINT (11.583148426000037 48.138510366000048)","Unfall 219317 (2023) Kat:3, Licht: 0","219317","3","6","0","05","18","3","","0","1","1","0","0"
"POINT (11.563354970000034 48.137404919000062)","Unfall 219368 (2023) Kat:3, Licht: 1","219368","3","6","3","05","20","2","","1","0","1","0","0"
"POINT (11.583562957000026 48.155369218000033)","Unfall 219369 (2023) Kat:2, Licht: 0","219369","2","7","2","05","17","2","","0","0","1","0","1"
"POINT (11.632744899000045 48.133352605000027)","Unfall 219371 (2023) Kat:3, Licht: 2","219371","3","2","6","05","23","2","","2","0","1","1","0"
"POINT (11.516901794000034 48.178334323000058)","Unfall 219395 (2023) Kat:3, Licht: 2","219395","3","3","5","04","00","1","","2","0","1","0","0"
"POINT (11.448698928000056 48.150491192000061)","Unfall 219396 (2023) Kat:3, Licht: 0","219396","3","6","2","05","18","7","","0","0","1","0","1"
"POINT (11.570724902000052 48.151749026000061)","Unfall 219397 (2023) Kat:3, Licht: 2","219397","3","2","4","04","22","1","","2","1","1","0","0"
"POINT (11.544354574000067 48.111837478000041)","Unfall 219399 (2023) Kat:3, Licht: 0","219399","3","7","8","04","17","1","","0","0","1","0","0"
"POINT (11.630709273000036 48.176041875000067)","Unfall 219400 (2023) Kat:2, Licht: 0","219400","2","6","3","04","10","1","","0","1","0","0","0"
"POINT (11.542673176000051 48.162664452000058)","Unfall 219401 (2023) Kat:3, Licht: 0","219401","3","6","1","04","16","1","","0","0","1","0","0"
"POINT (11.593642066000029 48.123443628000075)","Unfall 219402 (2023) Kat:3, Licht: 0","219402","3","1","0","04","15","1","","0","1","0","0","0"
"POINT (11.589730688000031 48.131764292000071)","Unfall 219403 (2023) Kat:3, Licht: 0","219403","3","2","5","04","18","1","","0","1","1","0","0"
"POINT (11.561045104000073 48.153927997000039)","Unfall 219404 (2023) Kat:3, Licht: 0","219404","3","7","0","04","11","1","","0","1","0","0","0"
"POINT (11.540424365000035 48.118199968000056)","Unfall 219438 (2023) Kat:3, Licht: 1","219438","3","1","0","04","20","7","","1","0","0","0","0"
"POINT (11.502269861000059 48.111453116000064)","Unfall 219440 (2023) Kat:3, Licht: 0","219440","3","6","1","04","15","7","","0","0","1","0","1"
"POINT (11.589133804000028 48.143465963000040)","Unfall 219441 (2023) Kat:3, Licht: 0","219441","3","7","1","04","10","7","","0","1","1","0","0"
"POINT (11.668393305000052 48.139924401000030)","Unfall 219442 (2023) Kat:3, Licht: 0","219442","3","7","4","04","15","7","","0","0","1","0","0"
"POINT (11.568578148000029 48.176936796000064)","Unfall 219444 (2023) Kat:3, Licht: 0","219444","3","6","2","04","11","7","","0","0","1","0","0"
"POINT (11.522307420000061 48.175868762000050)","Unfall 219446 (2023) Kat:3, Licht: 0","219446","3","6","3","04","16","7","","0","1","0","0","0"
"POINT (11.487343317000068 48.195672041000080)","Unfall 219447 (2023) Kat:3, Licht: 0","219447","3","3","5","04","12","7","","0","1","1","0","0"
"POINT (11.551303132000044 48.100662587000045)","Unfall 219448 (2023) Kat:3, Licht: 0","219448","3","4","6","04","10","7","","0","0","1","1","0"
"POINT (11.555812860000060 48.134910989000048)","Unfall 219449 (2023) Kat:3, Licht: 0","219449","3","7","3","04","14","7","","0","0","1","0","0"
"POINT (11.586166612000056 48.166854581000052)","Unfall 219450 (2023) Kat:3, Licht: 0","219450","3","6","3","04","17","7","","0","1","0","0","0"
"POINT (11.590098448000049 48.137499886000057)","Unfall 219451 (2023) Kat:3, Licht: 0","219451","3","2","3","04","14","7","","0","0","1","0","1"
"POINT (11.580491122000069 48.139035745000058)","Unfall 219452 (2023) Kat:3, Licht: 0","219452","3","1","0","04","16","7","","0","1","0","0","0"
"POINT (11.540146025000070 48.116948871000034)","Unfall 219461 (2023) Kat:3, Licht: 0","219461","3","3","5","05","09","5","","0","0","1","0","0"
"POINT (11.645371734000037 48.103674897000076)","Unfall 219484 (2023) Kat:2, Licht: 0","219484","2","1","0","04","14","6","","0","1","0","0","0"
"POINT (11.658922814000050 48.102374966000070)","Unfall 219485 (2023) Kat:3, Licht: 0","219485","3","5","6","04","18","6","","0","0","1","1","0"
"POINT (11.548572156000034 48.114667655000062)","Unfall 219486 (2023) Kat:3, Licht: 0","219486","3","3","5","04","09","6","","0","0","1","0","0"
"POINT (11.523332303000075 48.097333723000077)","Unfall 219487 (2023) Kat:3, Licht: 2","219487","3","1","0","04","22","6","","2","1","0","0","0"
"POINT (11.512948192000067 48.200397039000052)","Unfall 219489 (2023) Kat:3, Licht: 0","219489","3","3","5","04","17","6","","0","0","1","0","0"
"POINT (11.574507999000048 48.134598447000030)","Unfall 219490 (2023) Kat:3, Licht: 0","219490","3","7","1","04","17","6","","0","1","1","0","0"
"POINT (11.543583166000076 48.122200415000066)","Unfall 219491 (2023) Kat:2, Licht: 0","219491","2","7","5","04","09","6","","0","1","0","0","0"
"POINT (11.555938907000041 48.139202487000034)","Unfall 219492 (2023) Kat:3, Licht: 2","219492","3","4","6","04","23","6","","2","0","1","1","0"
"POINT (11.502707350000037 48.128910084000040)","Unfall 219493 (2023) Kat:3, Licht: 0","219493","3","3","5","04","09","6","","0","1","1","0","0"
"POINT (11.685847828000021 48.135464009000032)","Unfall 219494 (2023) Kat:3, Licht: 0","219494","3","7","5","04","10","6","","0","1","1","0","0"
"POINT (11.629893746000050 48.155242822000048)","Unfall 219496 (2023) Kat:3, Licht: 1","219496","3","7","3","04","20","6","","1","1","1","0","0"
"POINT (11.580034230000024 48.134589142000038)","Unfall 219498 (2023) Kat:3, Licht: 0","219498","3","5","1","04","14","6","","0","0","1","0","0"
"POINT (11.644141153000021 48.211954833000050)","Unfall 219536 (2023) Kat:3, Licht: 1","219536","3","6","3","04","19","6","","1","0","1","0","0"
"POINT (11.579500956000061 48.151904377000051)","Unfall 219539 (2023) Kat:3, Licht: 0","219539","3","7","6","04","09","5","","0","1","0","1","0"
"POINT (11.534141494000039 48.124129539000080)","Unfall 219540 (2023) Kat:3, Licht: 0","219540","3","4","6","04","15","5","","0","0","1","1","0"
"POINT (11.557056481000075 48.219754975000058)","Unfall 219541 (2023) Kat:3, Licht: 0","219541","3","2","2","04","18","5","","0","0","1","0","1"
"POINT (11.573912751000023 48.168047834000049)","Unfall 219542 (2023) Kat:2, Licht: 0","219542","2","6","3","04","18","5","","0","1","0","0","0"
"POINT (11.591409260000034 48.122548686000073)","Unfall 219543 (2023) Kat:3, Licht: 0","219543","3","7","4","04","16","5","","0","0","1","0","1"
"POINT (11.564497736000021 48.177588903000071)","Unfall 219544 (2023) Kat:3, Licht: 0","219544","3","1","0","04","18","5","","0","1","0","0","0"
"POINT (11.564984656000036 48.168069530000025)","Unfall 219545 (2023) Kat:3, Licht: 2","219545","3","4","6","04","20","5","","2","0","1","1","0"
"POINT (11.503525000000025 48.079675878000046)","Unfall 219547 (2023) Kat:3, Licht: 0","219547","3","7","6","04","16","5","","0","1","0","1","0"
"POINT (11.630437787000062 48.118913075000080)","Unfall 219548 (2023) Kat:3, Licht: 0","219548","3","2","5","04","13","5","","0","1","1","0","0"
"POINT (11.555282574000046 48.123832952000043)","Unfall 219550 (2023) Kat:3, Licht: 0","219550","3","7","6","04","19","5","","0","1","0","1","0"
"POINT (11.554500842000039 48.137481637000064)","Unfall 219551 (2023) Kat:3, Licht: 0","219551","3","2","4","04","09","5","","0","1","1","0","0"
"POINT (11.562471317000075 48.148434634000068)","Unfall 219552 (2023) Kat:3, Licht: 2","219552","3","1","0","04","23","5","","2","1","0","0","0"
"POINT (11.459935441000027 48.147392014000047)","Unfall 219573 (2023) Kat:3, Licht: 0","219573","3","6","3","04","11","5","","0","1","1","0","0"
"POINT (11.565536228000042 48.191589142000055)","Unfall 219606 (2023) Kat:3, Licht: 0","219606","3","1","0","04","07","4","","0","0","0","0","0"
"POINT (11.653805941000030 48.139704345000041)","Unfall 219608 (2023) Kat:3, Licht: 0","219608","3","6","2","04","08","4","","0","0","1","0","0"
"POINT (11.585606858000062 48.099566239000069)","Unfall 219609 (2023) Kat:3, Licht: 0","219609","3","6","2","04","19","4","","0","0","1","0","0"
"POINT (11.556285388000049 48.142065208000076)","Unfall 219610 (2023) Kat:3, Licht: 0","219610","3","7","5","04","14","4","","0","1","1","0","0"
"POINT (11.644147226000030 48.114661941000065)","Unfall 219611 (2023) Kat:3, Licht: 0","219611","3","6","0","04","07","4","","0","0","1","0","0"
"POINT (11.535629604000064 48.168441049000080)","Unfall 219612 (2023) Kat:3, Licht: 0","219612","3","6","2","04","10","4","","0","0","1","0","1"
"POINT (11.543560798000044 48.142920710000055)","Unfall 219613 (2023) Kat:3, Licht: 0","219613","3","6","3","04","09","4","","0","1","1","0","0"
"POINT (11.507586430000060 48.097039594000080)","Unfall 219614 (2023) Kat:3, Licht: 2","219614","3","1","1","04","23","4","","2","0","1","0","0"
"POINT (11.561269049000032 48.154510433000041)","Unfall 219617 (2023) Kat:3, Licht: 0","219617","3","2","6","04","15","4","","0","0","1","1","0"
"POINT (11.553646179000054 48.112349237000046)","Unfall 219664 (2023) Kat:3, Licht: 2","219664","3","2","4","04","22","3","","2","0","1","0","0"
"POINT (11.568241616000023 48.131412221000062)","Unfall 219666 (2023) Kat:3, Licht: 0","219666","3","1","0","04","09","3","","0","1","0","0","0"
"POINT (11.613050042000054 48.122976923000067)","Unfall 219667 (2023) Kat:3, Licht: 0","219667","3","3","5","04","16","3","","0","0","1","0","0"
"POINT (11.520335178000039 48.150147663000041)","Unfall 219669 (2023) Kat:3, Licht: 0","219669","3","2","4","04","10","3","","0","0","1","0","1"
"POINT (11.638850637000075 48.104261259000054)","Unfall 219670 (2023) Kat:3, Licht: 0","219670","3","3","5","04","16","3","","0","0","1","0","0"
"POINT (11.584177437000051 48.144107700000063)","Unfall 219671 (2023) Kat:3, Licht: 1","219671","3","6","2","04","19","3","","1","0","1","0","0"
"POINT (11.577429344000052 48.139581661000079)","Unfall 219672 (2023) Kat:3, Licht: 0","219672","3","1","0","04","08","3","","0","1","0","0","0"
"POINT (11.563859972000046 48.156918758000074)","Unfall 219719 (2023) Kat:3, Licht: 2","219719","3","3","5","04","00","2","","2","0","1","0","0"
"POINT (11.581578279000041 48.138819530000035)","Unfall 219720 (2023) Kat:3, Licht: 0","219720","3","5","1","04","19","2","","0","1","1","0","0"
"POINT (11.527885170000047 48.169124397000076)","Unfall 219721 (2023) Kat:3, Licht: 0","219721","3","4","6","04","16","2","","0","0","1","1","0"
"POINT (11.604512814000032 48.120429803000036)","Unfall 219722 (2023) Kat:3, Licht: 0","219722","3","6","3","04","08","2","","0","0","1","0","0"
"POINT (11.573089948000074 48.180041746000029)","Unfall 219724 (2023) Kat:2, Licht: 0","219724","2","2","6","04","11","2","","0","0","0","1","0"
"POINT (11.463125587000036 48.146583822000025)","Unfall 219725 (2023) Kat:3, Licht: 0","219725","3","6","6","04","10","2","","0","0","0","1","0"
"POINT (11.626583472000050 48.138192199000059)","Unfall 219726 (2023) Kat:3, Licht: 0","219726","3","7","5","04","09","2","","0","0","1","0","0"
"POINT (11.508558389000029 48.178184382000040)","Unfall 219727 (2023) Kat:3, Licht: 0","219727","3","7","6","04","16","2","","0","1","0","1","0"
"POINT (11.564388526000073 48.164544882000030)","Unfall 219728 (2023) Kat:3, Licht: 0","219728","3","7","6","04","16","2","","0","0","0","1","0"
"POINT (11.463547886000072 48.135388571000078)","Unfall 219729 (2023) Kat:2, Licht: 0","219729","2","4","6","04","13","2","","0","0","1","1","0"
"POINT (11.564726347000033 48.163431892000062)","Unfall 219730 (2023) Kat:3, Licht: 0","219730","3","3","0","04","07","2","","0","1","1","0","0"
"POINT (11.621135476000063 48.187047173000053)","Unfall 219731 (2023) Kat:3, Licht: 0","219731","3","2","5","04","09","2","","0","1","1","0","0"
"POINT (11.521988983000028 48.153289224000048)","Unfall 219732 (2023) Kat:3, Licht: 0","219732","3","5","0","04","13","2","","0","1","0","0","0"
"POINT (11.574068367000052 48.120067566000046)","Unfall 219733 (2023) Kat:3, Licht: 0","219733","3","2","5","04","19","2","","0","1","1","0","0"
"POINT (11.602122684000051 48.115811019000034)","Unfall 219734 (2023) Kat:3, Licht: 2","219734","3","3","5","04","04","2","","2","1","1","0","0"
"POINT (11.562785410000060 48.132038042000033)","Unfall 219775 (2023) Kat:3, Licht: 2","219775","3","1","0","04","01","1","","2","0","0","0","0"
"POINT (11.615117162000047 48.130970937000029)","Unfall 219776 (2023) Kat:3, Licht: 2","219776","3","1","0","04","00","1","","2","0","0","0","0"
"POINT (11.534894175000034 48.176402331000077)","Unfall 219778 (2023) Kat:2, Licht: 2","219778","2","4","6","04","22","1","","2","0","1","1","0"
"POINT (11.576619778000065 48.113244339000062)","Unfall 219779 (2023) Kat:3, Licht: 2","219779","3","2","5","04","20","1","","2","1","1","0","0"
"POINT (11.553615073000060 48.112305257000060)","Unfall 219780 (2023) Kat:3, Licht: 2","219780","3","3","5","04","22","1","","2","0","1","0","0"
"POINT (11.571435419000068 48.137192233000064)","Unfall 219781 (2023) Kat:3, Licht: 0","219781","3","7","0","04","12","1","","0","1","0","0","0"
"POINT (11.576982477000058 48.138948123000034)","Unfall 219828 (2023) Kat:3, Licht: 0","219828","3","7","1","04","13","7","","0","1","1","1","0"
"POINT (11.536135905000037 48.176298156000030)","Unfall 219829 (2023) Kat:3, Licht: 2","219829","3","1","0","04","01","7","","2","1","0","0","0"
"POINT (11.559133940000038 48.139341223000031)","Unfall 219831 (2023) Kat:3, Licht: 2","219831","3","4","6","04","23","7","","2","0","1","1","0"
"POINT (11.655298633000029 48.096327904000077)","Unfall 219834 (2023) Kat:3, Licht: 0","219834","3","4","6","04","12","7","","0","0","1","1","0"
"POINT (11.597714490000044 48.091343881000057)","Unfall 219835 (2023) Kat:2, Licht: 2","219835","2","2","5","04","21","7","","2","1","1","0","0"
"POINT (11.482262154000068 48.176116811000043)","Unfall 219836 (2023) Kat:3, Licht: 0","219836","3","1","1","04","15","7","","0","1","1","0","0"
"POINT (11.568254561000060 48.122444740000049)","Unfall 219838 (2023) Kat:3, Licht: 0","219838","3","6","1","04","15","7","","0","1","0","0","0"
"POINT (11.525913675000027 48.116400186000078)","Unfall 219839 (2023) Kat:3, Licht: 0","219839","3","7","4","04","14","7","","0","0","1","0","1"
"POINT (11.555946242000061 48.128399284000068)","Unfall 219840 (2023) Kat:3, Licht: 0","219840","3","3","5","04","13","7","","0","0","1","0","0"
"POINT (11.565078991000064 48.172024754000063)","Unfall 219894 (2023) Kat:3, Licht: 0","219894","3","2","5","05","08","5","","0","1","1","0","0"
"POINT (11.572117256000070 48.130921473000058)","Unfall 219906 (2023) Kat:3, Licht: 0","219906","3","1","0","04","16","6","","0","1","0","0","0"
"POINT (11.522514064000063 48.158718264000072)","Unfall 219907 (2023) Kat:3, Licht: 0","219907","3","4","6","04","16","6","","0","1","0","1","0"
"POINT (11.559572750000029 48.141384695000056)","Unfall 219908 (2023) Kat:3, Licht: 0","219908","3","4","6","04","12","6","","0","0","1","1","0"
"POINT (11.559257172000059 48.122616260000029)","Unfall 219909 (2023) Kat:2, Licht: 0","219909","2","2","3","04","12","6","","0","1","0","0","0"
"POINT (11.503172250000034 48.139813876000062)","Unfall 219911 (2023) Kat:3, Licht: 0","219911","3","2","6","04","17","6","","0","0","1","1","0"
"POINT (11.514195170000050 48.134163900000033)","Unfall 219912 (2023) Kat:3, Licht: 0","219912","3","5","5","04","12","6","","0","1","1","0","0"
"POINT (11.578570759000058 48.126654015000042)","Unfall 219914 (2023) Kat:3, Licht: 1","219914","3","1","0","04","20","6","","1","1","0","0","0"
"POINT (11.602759084000070 48.123356057000080)","Unfall 219915 (2023) Kat:3, Licht: 0","219915","3","3","5","04","17","6","","0","1","0","0","0"
"POINT (11.581392508000022 48.135417120000056)","Unfall 219916 (2023) Kat:3, Licht: 0","219916","3","3","5","04","17","6","","0","1","0","0","1"
"POINT (11.602550703000077 48.146654126000044)","Unfall 219923 (2023) Kat:3, Licht: 0","219923","3","6","4","05","16","1","","0","0","1","0","1"
"POINT (11.544680425000024 48.113346655000043)","Unfall 219974 (2023) Kat:3, Licht: 0","219974","3","1","1","05","07","5","","0","1","1","0","0"
"POINT (11.547874067000066 48.126379550000081)","Unfall 219975 (2023) Kat:3, Licht: 0","219975","3","2","2","05","13","5","","0","0","1","0","1"
"POINT (11.590214593000042 48.176905708000049)","Unfall 219976 (2023) Kat:3, Licht: 0","219976","3","3","5","05","08","5","","0","1","1","0","0"
"POINT (11.586265826000044 48.162314303000073)","Unfall 219977 (2023) Kat:3, Licht: 0","219977","3","1","0","05","09","5","","0","1","0","0","0"
"POINT (11.608549988000050 48.137124228000062)","Unfall 219978 (2023) Kat:3, Licht: 0","219978","3","4","6","05","09","5","","0","0","0","1","0"
"POINT (11.546385821000058 48.130873624000060)","Unfall 219979 (2023) Kat:3, Licht: 0","219979","3","6","2","05","19","5","","0","1","0","0","0"
"POINT (11.640204742000037 48.117403518000060)","Unfall 219980 (2023) Kat:2, Licht: 0","219980","2","7","0","05","12","5","","0","0","0","0","0"
"POINT (11.540793906000033 48.161713466000037)","Unfall 219981 (2023) Kat:3, Licht: 0","219981","3","7","0","05","09","5","","0","1","1","0","0"
"POINT (11.511401037000041 48.159570719000044)","Unfall 219982 (2023) Kat:3, Licht: 0","219982","3","6","2","05","08","5","","0","0","1","0","0"
"POINT (11.530716213000062 48.126145141000052)","Unfall 219983 (2023) Kat:3, Licht: 2","219983","3","7","8","05","04","5","","2","0","1","0","0"
"POINT (11.581043296000075 48.187818120000031)","Unfall 219984 (2023) Kat:3, Licht: 0","219984","3","6","3","05","16","5","","0","0","1","0","1"
"POINT (11.502343711000037 48.116183859000046)","Unfall 219985 (2023) Kat:3, Licht: 0","219985","3","2","6","05","12","5","","0","0","1","1","0"
"POINT (11.614609086000030 48.139240241000039)","Unfall 219986 (2023) Kat:3, Licht: 0","219986","3","3","5","05","17","5","","0","1","1","0","0"
"POINT (11.594521114000031 48.141934601000060)","Unfall 219987 (2023) Kat:3, Licht: 0","219987","3","2","3","05","17","5","","0","1","1","0","0"
"POINT (11.555745076000051 48.136386200000061)","Unfall 219988 (2023) Kat:3, Licht: 0","219988","3","2","3","05","14","5","","0","1","1","0","0"
"POINT (11.573554360000060 48.167179909000026)","Unfall 219989 (2023) Kat:3, Licht: 0","219989","3","6","3","05","13","5","","0","0","1","0","0"
"POINT (11.574038106000046 48.157620366000060)","Unfall 219990 (2023) Kat:3, Licht: 0","219990","3","3","5","05","14","5","","0","1","0","0","0"
"POINT (11.628965145000052 48.120708261000061)","Unfall 220052 (2023) Kat:3, Licht: 2","220052","3","1","8","05","00","4","","2","1","0","0","0"