WKT,Name,OBJECTID,UKATEGORIE,UTYP1,UART,UMONAT,USTUNDE,UWOCHENTAG,STRZUSTAND,ULICHTVERH,ISTRAD,ISTPKW,ISTFUSS,ISTKRAD
"POINT (11.536249404000046 48.146282915000029)","Unfall 220053 (2023) Kat:3, Licht: 0","220053","3","2","3","05","07","4","","0","1","1","0","0"
"POINT (11.556259748000059 48.142065868000032)","Unfall 220054 (2023) Kat:3, Licht: 2","220054","3","2","4","05","21","4","","2","0","1","0","1"
"POINT (11.617083694000030 48.130873597000061)","Unfall 220055 (2023) Kat:3, Licht: 0","220055","3","2","4","05","12","4","","0","0","1","0","0"
"POINT (11.603465379000056 48.111591345000079)","Unfall 220056 (2023) Kat:3, Licht: 0","220056","3","2","3","05","17","4","","0","1","0","0","0"
"POINT (11.640003777000061 48.117067171000031)","Unfall 220057 (2023) Kat:3, Licht: 0","220057","3","2","3","05","08","4","","0","1","0","0","0"
"POINT (11.582606609000038 48.114251311000032)","Unfall 220058 (2023) Kat:3, Licht: 0","220058","3","2","3","05","07","4","","0","1","0","0","0"
"POINT (11.571469167000032 48.121122286000059)","Unfall 220059 (2023) Kat:3, Licht: 2","220059","3","7","4","05","00","4","","2","0","1","0","1"
"POINT (11.460419070000057 48.148386613000071)","Unfall 220060 (2023) Kat:3, Licht: 0","220060","3","7","0","05","10","4","","0","1","0","0","0"
"POINT (11.618102111000042 48.101119361000030)","Unfall 220061 (2023) Kat:3, Licht: 0","220061","3","4","6","05","12","4","","0","0","1","1","0"
"POINT (11.581945629000074 48.125118759000031)","Unfall 220062 (2023) Kat:3, Licht: 0","220062","3","2","2","05","13","4","","0","1","1","0","0"
"POINT (11.584278355000038 48.139977775000034)","Unfall 220063 (2023) Kat:3, Licht: 0","220063","3","2","0","05","09","4","","0","1","1","0","0"
"POINT (11.576240391000056 48.135859046000064)","Unfall 220114 (2023) Kat:2, Licht: 0","220114","2","4","0","05","12","3","","0","1","0","1","0"
"POINT (11.568749194000077 48.132544426000038)","Unfall 220115 (2023) Kat:2, Licht: 0","220115","2","2","5","05","08","3","","0","1","1","0","0"
"POINT (11.567894979000073 48.178243295000073)","Unfall 220116 (2023) Kat:3, Licht: 0","220116","3","6","1","05","11","3","","0","0","1","0","1"
"POINT (11.541245442000047 48.156175964000056)","Unfall 220117 (2023) Kat:3, Licht: 0","220117","3","7","0","05","09","3","","0","1","0","0","0"
"POINT (11.569199235000042 48.177281477000065)","Unfall 220118 (2023) Kat:3, Licht: 0","220118","3","2","5","05","20","3","","0","0","1","0","0"
"POINT (11.557081501000027 48.095387388000063)","Unfall 220119 (2023) Kat:3, Licht: 0","220119","3","7","0","05","15","3","","0","0","1","0","0"
"POINT (11.553491148000035 48.142579063000028)","Unfall 220120 (2023) Kat:3, Licht: 2","220120","3","6","6","05","21","3","","2","0","0","1","0"
"POINT (11.536449271000038 48.150894024000081)","Unfall 220121 (2023) Kat:3, Licht: 0","220121","3","3","5","05","14","3","","0","1","1","0","0"
"POINT (11.447729766000066 48.148340218000044)","Unfall 220122 (2023) Kat:3, Licht: 0","220122","3","7","0","05","13","3","","0","1","0","0","0"
"POINT (11.515701008000065 48.161917857000049)","Unfall 220123 (2023) Kat:3, Licht: 0","220123","3","6","1","05","07","3","","0","1","1","0","0"
"POINT (11.552554550000025 48.155311101000052)","Unfall 220124 (2023) Kat:3, Licht: 0","220124","3","3","5","05","18","3","","0","1","0","0","0"
"POINT (11.506296246000034 48.099022333000050)","Unfall 220125 (2023) Kat:3, Licht: 0","220125","3","6","3","05","08","3","","0","0","1","0","0"
"POINT (11.608567571000037 48.117859096000075)","Unfall 220126 (2023) Kat:3, Licht: 0","220126","3","1","0","05","19","3","","0","0","0","0","0"
"POINT (11.586290706000057 48.168835796000053)","Unfall 220127 (2023) Kat:3, Licht: 0","220127","3","2","5","05","17","3","","0","1","1","0","0"
"POINT (11.587826731000064 48.156767880000075)","Unfall 220128 (2023) Kat:3, Licht: 0","220128","3","5","1","05","18","3","","0","1","1","0","0"
"POINT (11.583821434000072 48.142972538000038)","Unfall 220174 (2023) Kat:3, Licht: 0","220174","3","6","0","05","11","2","","0","0","0","0","1"
"POINT (11.579950897000060 48.134583886000030)","Unfall 220176 (2023) Kat:3, Licht: 0","220176","3","5","1","05","14","2","","0","0","1","0","0"
"POINT (11.525857762000044 48.156519021000065)","Unfall 220177 (2023) Kat:3, Licht: 0","220177","3","5","0","05","19","2","","0","1","1","0","0"
"POINT (11.583292115000063 48.157496473000037)","Unfall 220178 (2023) Kat:2, Licht: 0","220178","2","6","3","05","17","2","","0","1","1","0","0"
"POINT (11.577154558000075 48.127166818000035)","Unfall 220179 (2023) Kat:3, Licht: 2","220179","3","7","0","05","21","2","","2","1","0","0","0"
"POINT (11.556012585000076 48.128338345000031)","Unfall 220180 (2023) Kat:3, Licht: 0","220180","3","3","5","05","19","2","","0","0","1","0","0"
"POINT (11.490105190000065 48.144336706000047)","Unfall 220181 (2023) Kat:3, Licht: 0","220181","3","2","6","05","11","2","","0","0","1","1","0"
"POINT (11.453048612000032 48.155524825000043)","Unfall 220182 (2023) Kat:3, Licht: 0","220182","3","7","0","05","14","2","","0","0","0","0","0"
"POINT (11.524902527000052 48.158809918000031)","Unfall 220183 (2023) Kat:3, Licht: 0","220183","3","4","0","05","16","2","","0","1","0","1","0"
"POINT (11.503038408000066 48.135525148000056)","Unfall 220184 (2023) Kat:3, Licht: 0","220184","3","5","2","05","17","2","","0","1","0","0","0"
"POINT (11.529040646000055 48.097502686000041)","Unfall 220186 (2023) Kat:3, Licht: 0","220186","3","1","0","05","09","2","","0","1","0","0","0"
"POINT (11.593232664000027 48.136646380000059)","Unfall 220188 (2023) Kat:3, Licht: 0","220188","3","4","6","05","17","2","","0","1","0","1","0"
"POINT (11.653175146000024 48.100656877000063)","Unfall 220189 (2023) Kat:3, Licht: 0","220189","3","6","2","05","19","2","","0","0","1","0","0"
"POINT (11.571230160000027 48.120993630000044)","Unfall 220190 (2023) Kat:3, Licht: 0","220190","3","6","2","05","15","2","","0","1","1","0","0"
"POINT (11.581018487000051 48.150110763000043)","Unfall 220268 (2023) Kat:3, Licht: 0","220268","3","3","5","05","15","1","","0","1","0","0","0"
"POINT (11.690376772000036 48.134679327000072)","Unfall 220269 (2023) Kat:3, Licht: 2","220269","3","6","3","05","00","1","","2","0","1","0","1"
"POINT (11.580407001000026 48.148683306000066)","Unfall 220270 (2023) Kat:3, Licht: 2","220270","3","2","1","05","00","1","","2","0","1","0","0"
"POINT (11.652902621000067 48.109199821000061)","Unfall 220271 (2023) Kat:3, Licht: 0","220271","3","2","5","05","15","1","","0","1","1","0","0"
"POINT (11.626835477000043 48.128632035000066)","Unfall 220272 (2023) Kat:3, Licht: 0","220272","3","7","5","05","17","1","","0","1","1","0","0"
"POINT (11.582696399000042 48.092871204000062)","Unfall 220273 (2023) Kat:3, Licht: 0","220273","3","7","0","05","14","1","","0","1","0","0","0"
"POINT (11.534491671000069 48.194799008000075)","Unfall 220274 (2023) Kat:3, Licht: 2","220274","3","2","5","05","21","1","","2","0","1","0","0"
"POINT (11.501328921000038 48.080183457000032)","Unfall 220275 (2023) Kat:2, Licht: 0","220275","2","2","2","05","09","1","","0","1","0","0","1"
"POINT (11.523732167000048 48.097308978000058)","Unfall 220276 (2023) Kat:3, Licht: 2","220276","3","2","5","05","00","1","","2","0","1","0","0"
"POINT (11.461756711000021 48.201248481000050)","Unfall 220277 (2023) Kat:3, Licht: 0","220277","3","6","4","05","12","3","","0","1","0","0","0"
"POINT (11.609149610000031 48.150427507000074)","Unfall 220278 (2023) Kat:3, Licht: 0","220278","3","1","0","05","13","1","","0","1","0","0","0"
"POINT (11.588534370000048 48.139785807000067)","Unfall 220320 (2023) Kat:3, Licht: 0","220320","3","7","0","05","18","7","","0","1","0","0","0"
"POINT (11.578746538000075 48.145135877000030)","Unfall 220321 (2023) Kat:3, Licht: 0","220321","3","6","5","05","12","7","","0","1","1","0","0"
"POINT (11.584856876000060 48.132281976000058)","Unfall 220322 (2023) Kat:3, Licht: 0","220322","3","6","2","05","20","7","","0","0","1","0","0"
"POINT (11.569364445000076 48.141017835000071)","Unfall 220323 (2023) Kat:3, Licht: 0","220323","3","3","5","05","17","7","","0","1","1","0","0"
"POINT (11.507985712000050 48.164713846000041)","Unfall 220324 (2023) Kat:3, Licht: 0","220324","3","3","5","05","15","7","","0","1","1","0","0"
"POINT (11.459924306000062 48.181234972000027)","Unfall 220325 (2023) Kat:2, Licht: 2","220325","2","7","0","05","21","7","","2","0","0","1","0"
"POINT (11.543248436000056 48.214525403000039)","Unfall 220326 (2023) Kat:3, Licht: 0","220326","3","1","0","05","17","7","","0","1","0","0","0"
"POINT (11.510878121000076 48.170129474000078)","Unfall 220327 (2023) Kat:3, Licht: 2","220327","3","1","0","05","23","7","","2","1","0","0","0"
"POINT (11.613311173000056 48.114280647000044)","Unfall 220329 (2023) Kat:3, Licht: 2","220329","3","1","0","05","02","7","","2","1","0","0","0"
"POINT (11.601322224000057 48.148857881000026)","Unfall 220330 (2023) Kat:3, Licht: 2","220330","3","1","0","05","01","7","","2","1","0","0","0"
"POINT (11.610015268000041 48.134771429000068)","Unfall 220331 (2023) Kat:3, Licht: 0","220331","3","1","1","05","11","7","","0","1","1","0","0"
"POINT (11.625477319000026 48.148720768000032)","Unfall 220359 (2023) Kat:3, Licht: 0","220359","3","3","5","05","09","4","","0","1","1","0","0"
"POINT (11.578346713000030 48.130575234000048)","Unfall 220382 (2023) Kat:3, Licht: 0","220382","3","1","6","05","16","6","","0","0","1","1","0"
"POINT (11.529008902000044 48.099662728000055)","Unfall 220383 (2023) Kat:3, Licht: 0","220383","3","3","1","05","07","6","","0","1","1","0","0"
"POINT (11.612047568000037 48.131547357000045)","Unfall 220384 (2023) Kat:3, Licht: 0","220384","3","3","5","05","08","6","","0","1","1","0","0"
"POINT (11.656880931000046 48.108335070000066)","Unfall 220385 (2023) Kat:2, Licht: 0","220385","2","7","4","05","10","6","","0","0","1","0","1"
"POINT (11.466843211000025 48.154072807000034)","Unfall 220386 (2023) Kat:3, Licht: 0","220386","3","2","0","05","17","6","","0","1","1","0","0"
"POINT (11.544523160000040 48.147903068000062)","Unfall 220387 (2023) Kat:3, Licht: 1","220387","3","7","0","05","18","6","","1","0","0","0","0"
"POINT (11.643577508000021 48.124022580000030)","Unfall 220388 (2023) Kat:3, Licht: 0","220388","3","2","3","05","14","6","","0","1","1","0","0"
"POINT (11.595083839000040 48.102238900000032)","Unfall 220389 (2023) Kat:3, Licht: 0","220389","3","3","5","05","06","6","","0","0","1","0","0"
"POINT (11.602930385000036 48.145892055000047)","Unfall 220390 (2023) Kat:3, Licht: 0","220390","3","5","1","05","13","6","","0","1","1","0","0"
"POINT (11.586317353000027 48.168484245000059)","Unfall 220391 (2023) Kat:3, Licht: 0","220391","3","6","3","05","14","6","","0","1","0","0","0"
"POINT (11.574866815000064 48.160349395000026)","Unfall 220392 (2023) Kat:3, Licht: 0","220392","3","7","0","05","19","6","","0","1","1","0","0"
"POINT (11.573522413000035 48.151417448000075)","Unfall 220393 (2023) Kat:3, Licht: 0","220393","3","1","0","05","10","6","","0","1","0","0","0"
"POINT (11.564735609000024 48.153462923000063)","Unfall 220394 (2023) Kat:2, Licht: 0","220394","2","5","0","05","08","6","","0","1","1","0","0"
"POINT (11.551663313000063 48.137523366000039)","Unfall 220450 (2023) Kat:3, Licht: 0","220450","3","3","5","05","19","5","","0","0","1","0","0"
"POINT (11.577779897000028 48.143209018000050)","Unfall 220452 (2023) Kat:3, Licht: 2","220452","3","6","2","05","00","5","","2","0","1","0","0"
"POINT (11.449239867000074 48.190058346000058)","Unfall 220453 (2023) Kat:3, Licht: 0","220453","3","4","6","05","18","5","","0","0","1","1","0"
"POINT (11.584519711000041 48.138315458000079)","Unfall 220454 (2023) Kat:3, Licht: 0","220454","3","7","0","05","15","5","","0","1","0","0","0"
"POINT (11.470527301000061 48.142451203000064)","Unfall 220455 (2023) Kat:3, Licht: 0","220455","3","2","5","05","15","5","","0","0","1","0","1"
"POINT (11.532200327000055 48.152935288000037)","Unfall 220456 (2023) Kat:3, Licht: 1","220456","3","6","3","05","20","5","","1","0","1","0","1"
"POINT (11.518886874000032 48.131447756000057)","Unfall 220457 (2023) Kat:3, Licht: 2","220457","3","2","5","05","22","5","","2","0","1","0","0"
"POINT (11.584627966000028 48.126186867000058)","Unfall 220458 (2023) Kat:3, Licht: 0","220458","3","1","0","05","10","5","","0","1","0","0","0"
"POINT (11.590906725000025 48.166310351000050)","Unfall 220459 (2023) Kat:3, Licht: 0","220459","3","2","5","05","15","5","","0","0","1","0","0"
"POINT (11.522852301000057 48.151290938000045)","Unfall 220468 (2023) Kat:2, Licht: 0","220468","2","3","5","05","19","1","","0","1","0","0","0"
"POINT (11.553635136000025 48.112332439000056)","Unfall 220522 (2023) Kat:3, Licht: 0","220522","3","7","0","05","19","4","","0","1","0","0","0"
"POINT (11.477416454000036 48.154506636000065)","Unfall 220523 (2023) Kat:3, Licht: 0","220523","3","2","3","05","16","4","","0","0","1","0","1"
"POINT (11.576051180000036 48.152917663000039)","Unfall 220525 (2023) Kat:3, Licht: 0","220525","3","2","4","05","14","4","","0","1","0","0","0"
"POINT (11.465707488000021 48.189606182000034)","Unfall 220527 (2023) Kat:3, Licht: 0","220527","3","1","1","05","10","4","","0","0","1","0","0"
"POINT (11.464777220000030 48.140308963000052)","Unfall 220528 (2023) Kat:3, Licht: 0","220528","3","3","5","05","10","4","","0","0","1","0","0"
"POINT (11.503663422000045 48.187377181000045)","Unfall 220530 (2023) Kat:3, Licht: 0","220530","3","3","5","05","11","4","","0","1","1","0","0"
"POINT (11.620058937000067 48.137859654000067)","Unfall 220531 (2023) Kat:3, Licht: 0","220531","3","6","2","05","16","4","","0","0","1","0","0"
"POINT (11.588119695000046 48.137425283000027)","Unfall 220532 (2023) Kat:3, Licht: 0","220532","3","3","5","05","11","4","","0","1","1","0","0"
"POINT (11.613229831000069 48.123353659000031)","Unfall 220533 (2023) Kat:3, Licht: 1","220533","3","3","5","05","05","4","","1","1","1","0","0"
"POINT (11.539082275000055 48.126885806000075)","Unfall 220534 (2023) Kat:3, Licht: 0","220534","3","1","9","05","15","4","","0","1","0","0","1"
"POINT (11.592186569000035 48.142317086000048)","Unfall 220566 (2023) Kat:3, Licht: 0","220566","3","2","3","05","16","2","","0","1","1","0","0"
"POINT (11.610179569000024 48.132376769000075)","Unfall 220587 (2023) Kat:3, Licht: 0","220587","3","6","4","05","08","3","","0","1","0","0","0"
"POINT (11.547742187000040 48.126650002000076)","Unfall 220588 (2023) Kat:3, Licht: 2","220588","3","3","5","05","22","3","","2","0","1","1","0"
"POINT (11.609447483000054 48.152025524000067)","Unfall 220589 (2023) Kat:3, Licht: 0","220589","3","6","4","05","19","3","","0","1","1","0","0"
"POINT (11.590559685000073 48.166763502000038)","Unfall 220590 (2023) Kat:2, Licht: 0","220590","2","1","0","05","13","3","","0","1","0","0","0"
"POINT (11.580511518000037 48.148987202000058)","Unfall 220591 (2023) Kat:3, Licht: 0","220591","3","2","5","05","18","3","","0","1","1","0","0"
"POINT (11.572751721000031 48.186061941000048)","Unfall 220592 (2023) Kat:3, Licht: 0","220592","3","7","6","05","07","3","","0","1","0","1","0"
"POINT (11.476582834000055 48.111555645000067)","Unfall 220594 (2023) Kat:3, Licht: 0","220594","3","6","2","05","15","3","","0","0","1","0","0"
"POINT (11.576023613000075 48.110766524000041)","Unfall 220595 (2023) Kat:3, Licht: 0","220595","3","3","5","05","11","3","","0","1","1","0","0"
"POINT (11.548570616000063 48.114352002000032)","Unfall 220596 (2023) Kat:3, Licht: 0","220596","3","4","6","05","19","3","","0","0","1","1","0"
"POINT (11.526189144000057 48.134473043000071)","Unfall 220643 (2023) Kat:3, Licht: 0","220643","3","3","0","05","14","2","","0","0","1","0","1"
"POINT (11.507713839000075 48.164635035000060)","Unfall 220644 (2023) Kat:3, Licht: 0","220644","3","2","3","05","12","2","","0","0","1","0","0"
"POINT (11.501068524000061 48.180515390000039)","Unfall 220645 (2023) Kat:3, Licht: 0","220645","3","3","5","05","07","2","","0","1","1","0","0"
"POINT (11.548239728000055 48.194660463000048)","Unfall 220646 (2023) Kat:3, Licht: 0","220646","3","1","0","05","10","2","","0","1","0","0","0"
"POINT (11.670490676000043 48.118555595000032)","Unfall 220647 (2023) Kat:2, Licht: 0","220647","2","7","0","05","13","2","","0","1","0","0","0"
"POINT (11.557749646000048 48.145002896000051)","Unfall 220648 (2023) Kat:3, Licht: 0","220648","3","5","3","05","12","2","","0","1","1","0","0"
"POINT (11.479437771000050 48.124162695000052)","Unfall 220672 (2023) Kat:3, Licht: 0","220672","3","7","0","05","15","3","","0","1","0","0","0"
"POINT (11.435294025000076 48.155848606000063)","Unfall 220689 (2023) Kat:3, Licht: 1","220689","3","2","5","05","17","1","","1","0","1","0","0"
"POINT (11.577809261000027 48.113453358000072)","Unfall 220690 (2023) Kat:3, Licht: 0","220690","3","2","3","05","14","1","","0","0","1","0","0"
"POINT (11.575237707000042 48.141963719000046)","Unfall 220691 (2023) Kat:3, Licht: 0","220691","3","6","4","05","14","1","","0","0","1","0","0"
"POINT (11.611014191000038 48.199741327000027)","Unfall 220692 (2023) Kat:3, Licht: 0","220692","3","2","5","05","17","1","","0","1","1","0","0"
"POINT (11.575111346000028 48.181635465000056)","Unfall 220693 (2023) Kat:3, Licht: 0","220693","3","3","5","05","10","1","","0","0","1","0","0"
"POINT (11.502090127000031 48.105791865000072)","Unfall 220694 (2023) Kat:3, Licht: 0","220694","3","2","4","05","14","1","","0","1","1","0","0"
"POINT (11.500339215000054 48.129023347000043)","Unfall 220695 (2023) Kat:3, Licht: 0","220695","3","7","6","05","17","1","","0","0","1","1","0"
"POINT (11.502189738000027 48.108635691000075)","Unfall 220696 (2023) Kat:3, Licht: 0","220696","3","3","5","05","17","1","","0","1","0","0","0"
"POINT (11.658069525000030 48.126857859000040)","Unfall 220697 (2023) Kat:2, Licht: 2","220697","2","1","0","05","00","1","","2","1","0","0","0"
"POINT (11.581066680000049 48.165060506000032)","Unfall 220698 (2023) Kat:3, Licht: 0","220698","3","3","5","05","13","1","","0","1","1","0","0"
"POINT (11.490348938000068 48.165352505000044)","Unfall 220721 (2023) Kat:3, Licht: 0","220721","3","2","4","05","16","7","","0","1","1","0","0"
"POINT (11.523071061000053 48.134139523000044)","Unfall 220722 (2023) Kat:3, Licht: 0","220722","3","6","2","05","14","7","","0","0","1","0","0"
"POINT (11.558355931000051 48.126564250000058)","Unfall 220723 (2023) Kat:3, Licht: 0","220723","3","3","5","05","18","7","","0","0","1","0","0"
"POINT (11.411195794000037 48.155390898000064)","Unfall 220724 (2023) Kat:3, Licht: 0","220724","3","6","0","05","17","7","","0","0","0","0","1"
"POINT (11.502580971000043 48.119306312000049)","Unfall 220726 (2023) Kat:3, Licht: 0","220726","3","6","5","05","18","7","","0","0","1","0","0"
"POINT (11.558338599000024 48.147665732000064)","Unfall 220727 (2023) Kat:3, Licht: 0","220727","3","6","0","05","18","7","","0","0","0","0","0"
"POINT (11.575304362000054 48.187765031000026)","Unfall 220728 (2023) Kat:3, Licht: 0","220728","3","2","5","05","16","7","","0","0","1","0","0"
"POINT (11.522656540000071 48.175664908000044)","Unfall 220729 (2023) Kat:3, Licht: 0","220729","3","7","0","05","20","7","","0","1","0","0","0"
"POINT (11.585879874000057 48.171185130000026)","Unfall 220730 (2023) Kat:3, Licht: 1","220730","3","7","0","05","21","7","","1","0","0","0","0"
"POINT (11.588659912000026 48.131686355000056)","Unfall 220732 (2023) Kat:3, Licht: 0","220732","3","2","5","05","19","7","","0","1","1","0","0"
"POINT (11.565581427000041 48.135311323000053)","Unfall 220733 (2023) Kat:3, Licht: 0","220733","3","7","0","05","05","7","","0","0","1","1","0"
"POINT (11.541044832000068 48.121393248000061)","Unfall 220759 (2023) Kat:3, Licht: 0","220759","3","6","2","05","13","6","","0","1","1","0","0"
"POINT (11.555641739000066 48.137482951000038)","Unfall 220760 (2023) Kat:3, Licht: 0","220760","3","6","3","05","16","6","","0","1","1","0","0"
"POINT (11.517217283000036 48.113498007000032)","Unfall 220762 (2023) Kat:3, Licht: 2","220762","3","3","5","05","23","6","","2","1","1","0","0"
"POINT (11.525522459000058 48.151577516000032)","Unfall 220763 (2023) Kat:3, Licht: 0","220763","3","3","5","05","19","6","","0","1","0","0","1"
"POINT (11.459025642000029 48.210592921000057)","Unfall 220764 (2023) Kat:3, Licht: 0","220764","3","7","6","05","06","6","","0","1","0","1","0"
"POINT (11.468390852000027 48.173682170000063)","Unfall 220765 (2023) Kat:3, Licht: 0","220765","3","6","1","05","13","6","","0","1","1","0","0"
"POINT (11.573402395000073 48.199240229000054)","Unfall 220766 (2023) Kat:3, Licht: 0","220766","3","2","5","05","17","6","","0","1","1","0","0"
"POINT (11.643701931000066 48.123977404000073)","Unfall 220767 (2023) Kat:3, Licht: 0","220767","3","2","4","05","12","4","","0","1","0","0","0"
"POINT (11.542549087000054 48.122043052000038)","Unfall 220769 (2023) Kat:3, Licht: 0","220769","3","2","5","05","18","6","","0","1","1","0","0"
"POINT (11.646213880000062 48.098748545000035)","Unfall 220770 (2023) Kat:3, Licht: 0","220770","3","7","1","05","16","6","","0","0","1","0","0"
"POINT (11.669204202000060 48.101448260000041)","Unfall 220771 (2023) Kat:3, Licht: 0","220771","3","3","5","05","07","6","","0","0","1","0","0"
"POINT (11.555274176000069 48.092941466000070)","Unfall 220772 (2023) Kat:3, Licht: 0","220772","3","3","5","05","17","6","","0","1","1","0","0"
"POINT (11.634407822000071 48.169254786000067)","Unfall 220773 (2023) Kat:3, Licht: 0","220773","3","3","5","05","16","6","","0","0","1","0","0"
"POINT (11.561171515000069 48.154262124000070)","Unfall 220774 (2023) Kat:3, Licht: 0","220774","3","1","1","05","15","6","","0","1","1","0","0"
"POINT (11.520242493000069 48.150160883000069)","Unfall 220821 (2023) Kat:3, Licht: 0","220821","3","2","4","05","19","5","","0","0","1","0","0"
"POINT (11.579925811000066 48.139085783000041)","Unfall 220823 (2023) Kat:3, Licht: 0","220823","3","1","0","05","12","5","","0","1","0","0","0"
"POINT (11.516050152000048 48.145183056000064)","Unfall 220824 (2023) Kat:3, Licht: 0","220824","3","7","0","05","08","5","","0","1","0","1","0"
"POINT (11.566625120000026 48.159252021000043)","Unfall 220825 (2023) Kat:3, Licht: 0","220825","3","2","5","05","08","5","","0","0","1","0","0"
"POINT (11.556712358000027 48.145942221000041)","Unfall 220826 (2023) Kat:3, Licht: 0","220826","3","3","5","05","07","5","","0","1","1","0","0"
"POINT (11.553562216000046 48.183668118000071)","Unfall 220827 (2023) Kat:3, Licht: 0","220827","3","4","6","05","17","5","","0","0","1","1","0"
"POINT (11.700044067000022 48.129551942000035)","Unfall 220828 (2023) Kat:3, Licht: 0","220828","3","3","5","05","15","5","","0","1","1","0","0"
"POINT (11.698956295000073 48.139920156000073)","Unfall 220829 (2023) Kat:3, Licht: 0","220829","3","7","0","05","13","5","","0","1","0","0","0"
"POINT (11.611099972000034 48.117488878000074)","Unfall 220830 (2023) Kat:3, Licht: 2","220830","3","1","0","05","22","5","","2","1","0","0","0"
"POINT (11.521163868000031 48.090493283000058)","Unfall 220885 (2023) Kat:3, Licht: 0","220885","3","2","4","05","18","4","","0","0","1","0","0"
"POINT (11.589875299000028 48.166812312000047)","Unfall 220886 (2023) Kat:3, Licht: 0","220886","3","6","2","05","10","4","","0","0","1","0","0"
"POINT (11.411843536000049 48.135063853000077)","Unfall 220888 (2023) Kat:3, Licht: 0","220888","3","7","5","05","11","4","","0","0","1","0","0"
"POINT (11.501301210000065 48.121359662000032)","Unfall 220889 (2023) Kat:3, Licht: 0","220889","3","3","5","05","07","4","","0","1","1","0","0"
"POINT (11.582698028000038 48.104337844000042)","Unfall 220890 (2023) Kat:3, Licht: 0","220890","3","7","0","05","07","4","","0","1","1","0","0"
"POINT (11.618254858000057 48.115240309000058)","Unfall 220891 (2023) Kat:3, Licht: 0","220891","3","3","5","05","15","4","","0","1","1","0","0"
"POINT (11.511140062000038 48.183415808000063)","Unfall 220892 (2023) Kat:3, Licht: 0","220892","3","3","0","05","07","4","","0","1","1","0","0"
"POINT (11.589132129000063 48.137275872000032)","Unfall 220926 (2023) Kat:3, Licht: 0","220926","3","3","5","05","17","3","","0","1","1","0","0"
"POINT (11.576339971000039 48.111944760000029)","Unfall 220927 (2023) Kat:3, Licht: 0","220927","3","2","5","05","14","3","","0","1","1","0","0"
"POINT (11.511067950000040 48.139283435000038)","Unfall 220928 (2023) Kat:3, Licht: 0","220928","3","2","5","05","14","3","","0","0","1","0","0"
"POINT (11.572689485000069 48.187107387000026)","Unfall 220930 (2023) Kat:3, Licht: 0","220930","3","2","5","05","08","3","","0","1","1","0","0"
"POINT (11.606400108000059 48.150138548000029)","Unfall 220931 (2023) Kat:3, Licht: 0","220931","3","7","0","05","15","3","","0","0","1","0","0"
"POINT (11.586331169000061 48.165002345000062)","Unfall 220932 (2023) Kat:3, Licht: 0","220932","3","6","4","05","08","3","","0","1","1","0","0"
"POINT (11.566058101000067 48.187053937000030)","Unfall 220933 (2023) Kat:2, Licht: 0","220933","2","2","3","05","13","3","","0","1","0","0","0"
"POINT (11.528975719000073 48.157581736000054)","Unfall 220934 (2023) Kat:3, Licht: 1","220934","3","4","0","05","20","3","","1","1","1","1","0"
"POINT (11.535139114000060 48.152177277000078)","Unfall 220935 (2023) Kat:3, Licht: 0","220935","3","2","3","05","17","3","","0","1","1","0","0"
"POINT (11.434303056000033 48.148776057000077)","Unfall 220936 (2023) Kat:3, Licht: 0","220936","3","5","1","05","16","3","","0","1","1","0","0"
"POINT (11.549560528000029 48.160750647000043)","Unfall 220937 (2023) Kat:3, Licht: 0","220937","3","6","3","05","15","3","","0","1","1","0","0"
"POINT (11.646298342000023 48.106805198000075)","Unfall 220939 (2023) Kat:3, Licht: 0","220939","3","2","3","05","11","3","","0","1","1","0","0"
"POINT (11.548763307000058 48.112300996000045)","Unfall 220940 (2023) Kat:3, Licht: 0","220940","3","3","5","05","18","3","","0","1","1","0","0"
"POINT (11.576183429000025 48.142899060000047)","Unfall 220941 (2023) Kat:3, Licht: 0","220941","3","4","6","05","17","3","","0","1","0","1","0"
"POINT (11.561066623000045 48.139292937000050)","Unfall 220982 (2023) Kat:3, Licht: 0","220982","3","7","2","06","10","4","","0","0","1","0","0"
"POINT (11.549718879000068 48.125052879000066)","Unfall 220983 (2023) Kat:2, Licht: 0","220983","2","2","4","06","16","4","","0","0","1","0","1"
"POINT (11.564251347000038 48.151121573000069)","Unfall 220984 (2023) Kat:3, Licht: 0","220984","3","2","3","06","15","4","","0","1","1","0","0"
"POINT (11.589829695000049 48.137291590000075)","Unfall 220985 (2023) Kat:3, Licht: 0","220985","3","3","5","06","18","4","","0","1","1","0","0"
"POINT (11.602518551000060 48.135801259000061)","Unfall 220986 (2023) Kat:3, Licht: 0","220986","3","2","5","06","07","4","","0","1","1","0","0"
"POINT (11.612026974000059 48.131556430000046)","Unfall 220987 (2023) Kat:3, Licht: 0","220987","3","7","5","06","17","4","","0","1","0","0","0"
"POINT (11.523674311000036 48.099304925000069)","Unfall 220988 (2023) Kat:3, Licht: 0","220988","3","3","5","06","10","4","","0","0","1","0","0"
"POINT (11.564829766000059 48.167858147000061)","Unfall 220989 (2023) Kat:2, Licht: 2","220989","2","2","5","06","23","4","","2","0","1","0","0"
"POINT (11.578420418000064 48.133717736000051)","Unfall 220990 (2023) Kat:2, Licht: 0","220990","2","6","4","06","11","4","","0","1","1","0","0"