WKT,Name,OBJECTID,UKATEGORIE,UTYP1,UART,UMONAT,USTUNDE,UWOCHENTAG,STRZUSTAND,ULICHTVERH,ISTRAD,ISTPKW,ISTFUSS,ISTKRAD
"POINT (11.459671572000047 48.151535859000035)","Unfall 220991 (2023) Kat:3, Licht: 0","220991","3","3","5","06","17","4","","0","1","0","0","0"
"POINT (11.537265242000046 48.150485501000048)","Unfall 220992 (2023) Kat:3, Licht: 0","220992","3","2","5","06","15","4","","0","1","1","0","0"
"POINT (11.535366120000049 48.153433096000072)","Unfall 220993 (2023) Kat:3, Licht: 0","220993","3","6","3","06","16","4","","0","1","1","0","0"
"POINT (11.669668976000025 48.122138612000072)","Unfall 220995 (2023) Kat:3, Licht: 0","220995","3","6","1","06","18","4","","0","1","1","0","0"
"POINT (11.563180841000076 48.131617060000053)","Unfall 221049 (2023) Kat:2, Licht: 0","221049","2","2","4","06","14","3","","0","1","1","0","0"
"POINT (11.572472856000047 48.138832616000059)","Unfall 221050 (2023) Kat:2, Licht: 0","221050","2","1","0","06","14","3","","0","0","0","0","0"
"POINT (11.585808793000069 48.160339385000043)","Unfall 221051 (2023) Kat:3, Licht: 0","221051","3","2","3","06","14","3","","0","0","1","0","0"
"POINT (11.494858101000034 48.178117447000034)","Unfall 221052 (2023) Kat:3, Licht: 0","221052","3","2","3","06","10","3","","0","1","1","0","0"
"POINT (11.485993774000065 48.138292778000050)","Unfall 221053 (2023) Kat:3, Licht: 0","221053","3","3","5","06","09","3","","0","1","1","0","0"
"POINT (11.511341335000054 48.151787952000063)","Unfall 221054 (2023) Kat:3, Licht: 0","221054","3","3","5","06","17","3","","0","0","1","0","0"
"POINT (11.544590947000074 48.094893447000061)","Unfall 221055 (2023) Kat:3, Licht: 0","221055","3","1","1","06","15","3","","0","1","1","0","0"
"POINT (11.635006899000075 48.137899425000057)","Unfall 221056 (2023) Kat:3, Licht: 0","221056","3","6","2","06","14","3","","0","0","1","0","0"
"POINT (11.506820903000062 48.179254172000071)","Unfall 221057 (2023) Kat:2, Licht: 0","221057","2","2","3","06","16","3","","0","1","1","0","0"
"POINT (11.646557754000071 48.109874573000070)","Unfall 221059 (2023) Kat:3, Licht: 0","221059","3","6","3","06","11","3","","0","0","1","0","1"
"POINT (11.564931357000034 48.148475128000030)","Unfall 221060 (2023) Kat:3, Licht: 0","221060","3","3","5","06","17","3","","0","1","0","1","0"
"POINT (11.535532443000022 48.135226601000056)","Unfall 221061 (2023) Kat:3, Licht: 2","221061","3","7","3","06","22","3","","2","1","0","0","0"
"POINT (11.503998064000029 48.135413792000065)","Unfall 221063 (2023) Kat:3, Licht: 0","221063","3","3","5","06","15","3","","0","1","1","0","0"
"POINT (11.644719442000053 48.161327316000040)","Unfall 221064 (2023) Kat:3, Licht: 2","221064","3","7","0","06","02","3","","2","0","1","0","1"
"POINT (11.578177572000072 48.126421888000039)","Unfall 221065 (2023) Kat:3, Licht: 0","221065","3","4","6","06","19","3","","0","1","0","1","0"
"POINT (11.547507488000065 48.112066953000067)","Unfall 221066 (2023) Kat:3, Licht: 0","221066","3","7","3","06","16","3","","0","1","0","1","0"
"POINT (11.489859039000066 48.179406100000051)","Unfall 221119 (2023) Kat:3, Licht: 0","221119","3","2","6","06","09","2","","0","0","1","1","0"
"POINT (11.538067115000047 48.098478976000081)","Unfall 221121 (2023) Kat:3, Licht: 0","221121","3","1","0","06","19","2","","0","0","0","0","0"
"POINT (11.531655948000036 48.170504025000071)","Unfall 221122 (2023) Kat:3, Licht: 0","221122","3","6","2","06","16","2","","0","0","1","0","0"
"POINT (11.509722911000040 48.110498402000076)","Unfall 221123 (2023) Kat:3, Licht: 0","221123","3","3","0","06","08","2","","0","1","0","1","0"
"POINT (11.496069237000029 48.177415946000053)","Unfall 221124 (2023) Kat:3, Licht: 0","221124","3","3","5","06","12","2","","0","0","1","0","1"
"POINT (11.591944660000024 48.115590405000034)","Unfall 221125 (2023) Kat:3, Licht: 0","221125","3","6","3","06","13","2","","0","1","0","0","0"
"POINT (11.566352150000057 48.186135020000052)","Unfall 221126 (2023) Kat:3, Licht: 0","221126","3","2","5","06","07","2","","0","0","1","0","0"
"POINT (11.657632975000070 48.149776599000063)","Unfall 221127 (2023) Kat:2, Licht: 0","221127","2","1","0","06","13","2","","0","1","0","0","0"
"POINT (11.579434927000023 48.155179667000027)","Unfall 221128 (2023) Kat:3, Licht: 0","221128","3","5","1","06","11","2","","0","1","1","0","0"
"POINT (11.575384577000023 48.155027203000031)","Unfall 221129 (2023) Kat:3, Licht: 0","221129","3","2","3","06","19","2","","0","1","1","0","0"
"POINT (11.503345226000022 48.149289628000076)","Unfall 221177 (2023) Kat:3, Licht: 0","221177","3","3","5","06","12","1","","0","1","1","0","0"
"POINT (11.699975993000066 48.107543744000054)","Unfall 221178 (2023) Kat:3, Licht: 0","221178","3","3","5","06","13","1","","0","1","1","0","0"
"POINT (11.554378545000077 48.142281965000052)","Unfall 221179 (2023) Kat:2, Licht: 0","221179","2","7","0","06","11","1","","0","1","0","1","0"
"POINT (11.548733784000035 48.112157210000078)","Unfall 221180 (2023) Kat:2, Licht: 1","221180","2","6","2","06","20","1","","1","0","1","0","1"
"POINT (11.609622229000024 48.093494730000032)","Unfall 221182 (2023) Kat:3, Licht: 0","221182","3","7","0","06","14","1","","0","0","1","0","0"
"POINT (11.524738437000053 48.196610392000025)","Unfall 221183 (2023) Kat:3, Licht: 0","221183","3","3","5","06","15","1","","0","0","1","0","1"
"POINT (11.511474320000048 48.155450300000041)","Unfall 221184 (2023) Kat:3, Licht: 0","221184","3","7","0","06","19","1","","0","0","0","0","1"
"POINT (11.646296262000021 48.106643102000078)","Unfall 221185 (2023) Kat:3, Licht: 0","221185","3","7","1","06","15","1","","0","1","1","0","0"
"POINT (11.581977572000028 48.121912158000043)","Unfall 221186 (2023) Kat:3, Licht: 0","221186","3","1","0","06","14","1","","0","1","0","0","0"
"POINT (11.580999211000062 48.149928814000077)","Unfall 221244 (2023) Kat:3, Licht: 0","221244","3","1","0","06","11","7","","0","0","0","0","0"
"POINT (11.547937547000060 48.137689559000080)","Unfall 221245 (2023) Kat:3, Licht: 0","221245","3","1","0","06","16","7","","0","1","0","0","0"
"POINT (11.502279953000027 48.191593480000051)","Unfall 221247 (2023) Kat:2, Licht: 0","221247","2","2","5","06","10","7","","0","0","1","0","1"
"POINT (11.501889916000039 48.135248057000069)","Unfall 221249 (2023) Kat:2, Licht: 0","221249","2","7","0","06","16","7","","0","1","0","0","0"
"POINT (11.566103764000047 48.204771132000076)","Unfall 221250 (2023) Kat:3, Licht: 0","221250","3","7","4","06","11","7","","0","0","1","0","1"
"POINT (11.582314362000034 48.190950788000066)","Unfall 221251 (2023) Kat:3, Licht: 0","221251","3","1","0","06","12","7","","0","0","0","0","1"
"POINT (11.542018355000039 48.207627350000053)","Unfall 221252 (2023) Kat:3, Licht: 0","221252","3","3","5","06","13","7","","0","0","1","0","1"
"POINT (11.539813578000064 48.155453907000037)","Unfall 221253 (2023) Kat:3, Licht: 0","221253","3","3","5","06","20","7","","0","1","0","0","0"
"POINT (11.534118411000065 48.137963335000052)","Unfall 221254 (2023) Kat:3, Licht: 0","221254","3","6","0","06","10","7","","0","1","0","0","0"
"POINT (11.528899589000048 48.120388159000072)","Unfall 221255 (2023) Kat:3, Licht: 0","221255","3","3","5","06","19","7","","0","1","0","0","0"
"POINT (11.460789933000058 48.210924662000082)","Unfall 221303 (2023) Kat:3, Licht: 0","221303","3","3","5","06","06","4","","0","1","1","0","0"
"POINT (11.647019552000074 48.130338900000027)","Unfall 221311 (2023) Kat:3, Licht: 0","221311","3","7","5","06","16","4","","0","1","1","0","0"
"POINT (11.654731790000028 48.125821409000025)","Unfall 221320 (2023) Kat:3, Licht: 0","221320","3","6","2","06","16","6","","0","0","1","0","0"
"POINT (11.538776428000062 48.128421402000072)","Unfall 221321 (2023) Kat:3, Licht: 2","221321","3","1","0","06","23","6","","2","0","0","0","0"
"POINT (11.588994263000075 48.137385218000077)","Unfall 221322 (2023) Kat:3, Licht: 2","221322","3","6","3","06","01","6","","2","0","1","0","1"
"POINT (11.547213990000046 48.159441929000081)","Unfall 221323 (2023) Kat:3, Licht: 0","221323","3","2","3","06","19","6","","0","1","1","0","0"
"POINT (11.571499994000021 48.135292562000075)","Unfall 221324 (2023) Kat:3, Licht: 0","221324","3","6","3","06","14","6","","0","1","0","0","0"
"POINT (11.573284601000069 48.133296069000039)","Unfall 221325 (2023) Kat:3, Licht: 0","221325","3","2","3","06","16","6","","0","0","1","0","0"
"POINT (11.697652850000054 48.110937601000046)","Unfall 221326 (2023) Kat:3, Licht: 0","221326","3","3","5","06","07","6","","0","1","1","0","0"
"POINT (11.546506696000051 48.159409975000074)","Unfall 221327 (2023) Kat:3, Licht: 0","221327","3","3","5","06","11","6","","0","0","1","0","0"
"POINT (11.638039819000028 48.172575234000078)","Unfall 221328 (2023) Kat:3, Licht: 0","221328","3","2","0","06","18","6","","0","0","1","0","0"
"POINT (11.611795022000024 48.201838047000081)","Unfall 221329 (2023) Kat:3, Licht: 0","221329","3","7","0","06","17","6","","0","0","0","0","0"
"POINT (11.552998564000063 48.148482043000058)","Unfall 221331 (2023) Kat:3, Licht: 0","221331","3","2","5","06","09","6","","0","1","1","0","0"
"POINT (11.589819098000021 48.137227315000075)","Unfall 221332 (2023) Kat:3, Licht: 0","221332","3","7","3","06","16","6","","0","1","0","0","0"
"POINT (11.628685546000042 48.192424433000042)","Unfall 221333 (2023) Kat:3, Licht: 0","221333","3","7","6","06","11","6","","0","0","1","1","0"
"POINT (11.546551570000076 48.204359248000060)","Unfall 221334 (2023) Kat:3, Licht: 0","221334","3","3","5","06","18","6","","0","1","1","0","0"
"POINT (11.537289561000023 48.166586223000081)","Unfall 221335 (2023) Kat:3, Licht: 0","221335","3","6","2","06","16","6","","0","0","1","0","1"
"POINT (11.489588095000045 48.130031346000067)","Unfall 221336 (2023) Kat:3, Licht: 0","221336","3","2","5","06","09","6","","0","1","1","0","0"
"POINT (11.573249293000060 48.116673468000045)","Unfall 221337 (2023) Kat:3, Licht: 0","221337","3","1","6","06","16","6","","0","1","0","1","0"
"POINT (11.548354858000039 48.087112923000063)","Unfall 221338 (2023) Kat:3, Licht: 0","221338","3","6","3","06","09","6","","0","1","0","0","0"
"POINT (11.539426998000067 48.107248421000065)","Unfall 221339 (2023) Kat:3, Licht: 0","221339","3","3","5","06","15","6","","0","0","1","0","0"
"POINT (11.559688765000033 48.132934614000078)","Unfall 221394 (2023) Kat:3, Licht: 0","221394","3","7","4","06","12","4","","0","1","1","0","0"
"POINT (11.533823542000050 48.152755237000065)","Unfall 221420 (2023) Kat:3, Licht: 0","221420","3","7","0","06","15","5","","0","0","0","0","0"
"POINT (11.569684546000076 48.145494880000058)","Unfall 221421 (2023) Kat:3, Licht: 2","221421","3","1","8","06","00","5","","2","1","0","0","0"
"POINT (11.518379462000041 48.140238884000041)","Unfall 221422 (2023) Kat:3, Licht: 0","221422","3","1","0","06","17","5","","0","1","0","0","0"
"POINT (11.513893846000030 48.113162117000059)","Unfall 221423 (2023) Kat:3, Licht: 0","221423","3","3","9","06","16","5","","0","0","1","0","0"
"POINT (11.578270391000046 48.144147375000045)","Unfall 221424 (2023) Kat:3, Licht: 0","221424","3","3","5","06","11","5","","0","1","1","0","0"
"POINT (11.516572297000039 48.139004826000075)","Unfall 221425 (2023) Kat:3, Licht: 0","221425","3","1","0","06","06","5","","0","0","0","0","0"
"POINT (11.636494802000072 48.172123166000063)","Unfall 221426 (2023) Kat:3, Licht: 0","221426","3","2","5","06","09","5","","0","0","1","0","0"
"POINT (11.586079234000067 48.137946623000062)","Unfall 221427 (2023) Kat:3, Licht: 0","221427","3","6","0","06","18","5","","0","1","0","0","0"
"POINT (11.580514554000047 48.124762675000056)","Unfall 221429 (2023) Kat:2, Licht: 0","221429","2","6","4","06","20","5","","0","1","0","0","0"
"POINT (11.622000278000030 48.196353331000068)","Unfall 221430 (2023) Kat:3, Licht: 0","221430","3","7","1","06","09","5","","0","1","1","0","0"
"POINT (11.682326192000062 48.117366471000025)","Unfall 221431 (2023) Kat:3, Licht: 0","221431","3","3","5","06","14","5","","0","1","1","0","0"
"POINT (11.663646393000022 48.140594881000027)","Unfall 221432 (2023) Kat:3, Licht: 0","221432","3","2","5","06","08","5","","0","1","1","0","0"
"POINT (11.550821959000075 48.112337324000066)","Unfall 221508 (2023) Kat:3, Licht: 0","221508","3","3","5","05","17","4","","0","0","1","0","1"
"POINT (11.657766360000039 48.129982686000062)","Unfall 221509 (2023) Kat:3, Licht: 0","221509","3","1","2","05","15","4","","0","0","1","0","0"
"POINT (11.566251699000077 48.204777976000059)","Unfall 221510 (2023) Kat:3, Licht: 0","221510","3","3","0","05","20","4","","0","1","0","0","0"
"POINT (11.528678595000031 48.099851003000026)","Unfall 221511 (2023) Kat:3, Licht: 0","221511","3","3","4","05","12","4","","0","1","1","0","0"
"POINT (11.622823190000076 48.129643189000035)","Unfall 221512 (2023) Kat:3, Licht: 0","221512","3","2","5","05","10","4","","0","1","1","0","0"
"POINT (11.529719004000071 48.187227452000059)","Unfall 221513 (2023) Kat:3, Licht: 0","221513","3","3","5","05","16","4","","0","1","1","0","0"
"POINT (11.567941961000031 48.205983427000035)","Unfall 221515 (2023) Kat:3, Licht: 2","221515","3","7","5","05","21","4","","2","1","0","0","0"
"POINT (11.555933006000032 48.128411878000065)","Unfall 221517 (2023) Kat:2, Licht: 0","221517","2","2","4","05","17","4","","0","1","1","0","0"
"POINT (11.570224836000023 48.181771625000067)","Unfall 221518 (2023) Kat:3, Licht: 0","221518","3","3","5","05","16","4","","0","0","1","0","0"
"POINT (11.595363016000022 48.183335962000058)","Unfall 221519 (2023) Kat:2, Licht: 0","221519","2","2","4","05","12","4","","0","0","1","0","0"
"POINT (11.569080886000052 48.141066350000074)","Unfall 221520 (2023) Kat:3, Licht: 0","221520","3","3","0","05","17","4","","0","1","0","0","0"
"POINT (11.429744256000049 48.191444110000077)","Unfall 221522 (2023) Kat:3, Licht: 0","221522","3","3","5","05","15","4","","0","1","1","0","0"
"POINT (11.546674412000073 48.200396130000058)","Unfall 221523 (2023) Kat:3, Licht: 0","221523","3","3","5","05","09","4","","0","1","1","0","0"
"POINT (11.540390636000041 48.159672155000067)","Unfall 221524 (2023) Kat:3, Licht: 0","221524","3","3","5","05","19","4","","0","1","1","0","0"
"POINT (11.502784346000055 48.131276699000068)","Unfall 221525 (2023) Kat:3, Licht: 0","221525","3","6","2","05","12","4","","0","0","1","0","0"
"POINT (11.602321798000048 48.148974836000036)","Unfall 221527 (2023) Kat:3, Licht: 0","221527","3","4","6","05","12","4","","0","1","0","1","0"
"POINT (11.599274464000075 48.119342797000058)","Unfall 221528 (2023) Kat:3, Licht: 0","221528","3","2","5","05","19","4","","0","1","0","0","1"
"POINT (11.555822707000061 48.128321902000039)","Unfall 221529 (2023) Kat:3, Licht: 2","221529","3","2","2","05","22","4","","2","0","1","0","0"
"POINT (11.577180503000022 48.152166791000070)","Unfall 221530 (2023) Kat:3, Licht: 0","221530","3","6","2","05","17","4","","0","1","1","0","0"
"POINT (11.545841514000074 48.108359020000080)","Unfall 221557 (2023) Kat:3, Licht: 0","221557","3","2","5","06","17","3","","0","0","1","0","1"
"POINT (11.507439666000039 48.096889954000062)","Unfall 221560 (2023) Kat:2, Licht: 0","221560","2","5","0","05","17","4","","0","1","1","0","0"
"POINT (11.581052170000021 48.144931367000027)","Unfall 221571 (2023) Kat:3, Licht: 0","221571","3","3","5","06","11","5","","0","1","1","0","0"
"POINT (11.503417377000062 48.188015943000039)","Unfall 221616 (2023) Kat:2, Licht: 0","221616","2","6","2","06","19","1","","0","0","1","0","1"
"POINT (11.585726024000053 48.202625252000075)","Unfall 221618 (2023) Kat:3, Licht: 0","221618","3","2","4","05","15","3","","0","1","1","0","0"
"POINT (11.585826131000033 48.160378031000050)","Unfall 221620 (2023) Kat:2, Licht: 0","221620","2","2","3","05","15","3","","0","1","1","0","0"
"POINT (11.604188188000023 48.116543023000077)","Unfall 221621 (2023) Kat:3, Licht: 0","221621","3","2","3","05","10","3","","0","1","1","0","0"
"POINT (11.565948878000029 48.126624309000078)","Unfall 221622 (2023) Kat:3, Licht: 1","221622","3","1","0","05","20","3","","1","1","0","0","0"
"POINT (11.486776289000034 48.179216119000046)","Unfall 221623 (2023) Kat:3, Licht: 0","221623","3","6","2","05","07","3","","0","0","1","0","0"
"POINT (11.458899836000057 48.154409583000074)","Unfall 221626 (2023) Kat:3, Licht: 0","221626","3","6","2","05","15","3","","0","1","0","0","0"
"POINT (11.553423719000023 48.213578382000037)","Unfall 221627 (2023) Kat:3, Licht: 0","221627","3","3","5","05","19","3","","0","1","0","0","1"
"POINT (11.603093483000066 48.112339111000040)","Unfall 221629 (2023) Kat:3, Licht: 0","221629","3","6","2","05","16","3","","0","0","1","0","0"
"POINT (11.511526424000067 48.160118986000043)","Unfall 221630 (2023) Kat:2, Licht: 2","221630","2","7","0","05","22","3","","2","1","0","0","0"
"POINT (11.671816491000072 48.122672003000048)","Unfall 221631 (2023) Kat:3, Licht: 2","221631","3","7","0","05","02","3","","2","0","0","0","0"
"POINT (11.599638020000043 48.107513802000028)","Unfall 221633 (2023) Kat:3, Licht: 0","221633","3","2","5","05","18","3","","0","1","1","0","0"
"POINT (11.521116150000069 48.138182075000032)","Unfall 221634 (2023) Kat:3, Licht: 0","221634","3","1","0","05","07","3","","0","1","0","0","0"
"POINT (11.558608587000037 48.135883384000067)","Unfall 221636 (2023) Kat:3, Licht: 0","221636","3","1","1","05","12","3","","0","1","1","0","0"
"POINT (11.575219486000037 48.154000639000060)","Unfall 221637 (2023) Kat:3, Licht: 0","221637","3","2","5","05","07","3","","0","1","1","0","0"
"POINT (11.479506566000055 48.113258142000063)","Unfall 221647 (2023) Kat:3, Licht: 0","221647","3","6","0","06","18","2","","0","0","1","0","1"
"POINT (11.473655641000050 48.172992910000062)","Unfall 221707 (2023) Kat:3, Licht: 0","221707","3","2","0","05","18","2","","0","1","1","0","0"
"POINT (11.673747800000058 48.121246249000080)","Unfall 221708 (2023) Kat:3, Licht: 2","221708","3","5","1","05","23","2","","2","0","1","0","0"
"POINT (11.550938046000056 48.161397603000069)","Unfall 221709 (2023) Kat:3, Licht: 0","221709","3","6","4","05","15","2","","0","1","0","0","0"
"POINT (11.478617067000073 48.113547787000073)","Unfall 221710 (2023) Kat:2, Licht: 0","221710","2","5","1","05","13","2","","0","1","1","0","0"
"POINT (11.502559222000059 48.139696060000063)","Unfall 221711 (2023) Kat:3, Licht: 0","221711","3","5","2","05","17","2","","0","1","1","0","0"
"POINT (11.475449381000033 48.103756329000078)","Unfall 221712 (2023) Kat:3, Licht: 0","221712","3","7","0","05","15","2","","0","0","1","0","1"
"POINT (11.544265867000036 48.119481326000027)","Unfall 221713 (2023) Kat:3, Licht: 2","221713","3","7","0","05","00","2","","2","0","0","0","0"
"POINT (11.529827631000046 48.116800510000076)","Unfall 221714 (2023) Kat:3, Licht: 0","221714","3","6","3","05","18","2","","0","0","1","0","1"
"POINT (11.568373141000052 48.141012936000038)","Unfall 221715 (2023) Kat:3, Licht: 2","221715","3","4","6","05","01","2","","2","0","1","1","0"
"POINT (11.565833829000042 48.189440711000032)","Unfall 221726 (2023) Kat:3, Licht: 0","221726","3","2","1","05","07","3","","0","1","1","0","0"
"POINT (11.618910263000032 48.148653560000071)","Unfall 221759 (2023) Kat:3, Licht: 0","221759","3","2","3","06","10","5","","0","1","1","0","0"
"POINT (11.680402786000059 48.140562387000045)","Unfall 221780 (2023) Kat:3, Licht: 0","221780","3","2","3","05","13","1","","0","1","1","0","0"
"POINT (11.530971854000029 48.176354370000070)","Unfall 221781 (2023) Kat:2, Licht: 0","221781","2","3","1","05","14","1","","0","0","1","0","1"
"POINT (11.577455728000075 48.142659934000051)","Unfall 221783 (2023) Kat:3, Licht: 0","221783","3","7","1","05","20","1","","0","1","0","0","0"
"POINT (11.565551094000057 48.191489462000050)","Unfall 221784 (2023) Kat:3, Licht: 0","221784","3","2","4","05","16","1","","0","0","1","0","0"
"POINT (11.487386557000036 48.179350864000071)","Unfall 221785 (2023) Kat:3, Licht: 2","221785","3","3","3","05","21","1","","2","0","1","0","0"
"POINT (11.516939316000048 48.178316185000028)","Unfall 221786 (2023) Kat:2, Licht: 0","221786","2","6","2","05","20","1","","0","0","1","0","1"
"POINT (11.521334092000075 48.187647724000044)","Unfall 221787 (2023) Kat:3, Licht: 0","221787","3","3","2","05","13","1","","0","1","1","0","0"
"POINT (11.609311391000062 48.118736253000066)","Unfall 221790 (2023) Kat:3, Licht: 0","221790","3","2","3","05","16","1","","0","0","0","0","0"
"POINT (11.555551226000034 48.131506975000036)","Unfall 221819 (2023) Kat:3, Licht: 0","221819","3","3","5","05","15","3","","0","1","1","0","0"
"POINT (11.576274555000055 48.127830459000052)","Unfall 221862 (2023) Kat:3, Licht: 2","221862","3","2","4","05","03","7","","2","0","1","0","0"
"POINT (11.548181054000054 48.112116123000078)","Unfall 221863 (2023) Kat:3, Licht: 0","221863","3","6","4","05","11","7","","0","1","0","0","0"
"POINT (11.585724620000065 48.096456883000030)","Unfall 221864 (2023) Kat:3, Licht: 0","221864","3","3","5","05","11","7","","0","0","1","0","0"
"POINT (11.640982946000065 48.099489516000062)","Unfall 221866 (2023) Kat:3, Licht: 0","221866","3","7","0","05","13","7","","0","1","0","0","0"
"POINT (11.671852507000040 48.122580566000067)","Unfall 221868 (2023) Kat:3, Licht: 2","221868","3","7","0","05","00","7","","2","0","0","0","0"
"POINT (11.649619035000057 48.113424452000061)","Unfall 221869 (2023) Kat:3, Licht: 0","221869","3","4","6","05","14","7","","0","0","1","1","0"
"POINT (11.635413216000074 48.120386832000065)","Unfall 221870 (2023) Kat:3, Licht: 0","221870","3","1","0","05","08","7","","0","1","0","0","0"
"POINT (11.585675557000059 48.116611910000074)","Unfall 221871 (2023) Kat:3, Licht: 0","221871","3","1","0","05","15","7","","0","1","0","0","0"
"POINT (11.633063816000060 48.167927799000040)","Unfall 221872 (2023) Kat:3, Licht: 0","221872","3","2","6","05","09","7","","0","0","1","1","0"
"POINT (11.609500986000057 48.165885070000058)","Unfall 221945 (2023) Kat:3, Licht: 0","221945","3","7","0","05","13","7","","0","1","0","1","0"
"POINT (11.563124105000043 48.091892348000044)","Unfall 221949 (2023) Kat:3, Licht: 0","221949","3","4","6","05","12","6","","0","0","1","1","0"
"POINT (11.681479602000024 48.135072520000051)","Unfall 221950 (2023) Kat:3, Licht: 0","221950","3","2","4","05","16","6","","0","0","1","0","0"
"POINT (11.613275570000042 48.120761303000052)","Unfall 221951 (2023) Kat:3, Licht: 2","221951","3","2","6","05","23","6","","2","0","1","1","0"
"POINT (11.574032320000072 48.167210384000043)","Unfall 221952 (2023) Kat:3, Licht: 0","221952","3","6","2","05","16","6","","0","0","1","0","0"
"POINT (11.418051725000055 48.142045068000073)","Unfall 221954 (2023) Kat:3, Licht: 0","221954","3","3","5","05","13","6","","0","1","1","0","0"
"POINT (11.486777688000075 48.110928831000081)","Unfall 221956 (2023) Kat:3, Licht: 0","221956","3","3","5","05","15","6","","0","0","1","0","1"
"POINT (11.463270647000058 48.190990362000036)","Unfall 221957 (2023) Kat:3, Licht: 0","221957","3","1","0","05","18","6","","0","1","0","0","0"
"POINT (11.545470779000027 48.160851964000074)","Unfall 221958 (2023) Kat:3, Licht: 0","221958","3","2","3","05","16","6","","0","1","1","0","0"
"POINT (11.550153786000067 48.185998546000064)","Unfall 221959 (2023) Kat:3, Licht: 0","221959","3","6","2","05","07","6","","0","0","1","0","0"
"POINT (11.584140316000060 48.154148537000026)","Unfall 221960 (2023) Kat:3, Licht: 0","221960","3","7","0","05","11","6","","0","1","0","0","0"
"POINT (11.621059160000073 48.124410068000032)","Unfall 221961 (2023) Kat:2, Licht: 2","221961","2","3","5","05","21","6","","2","0","1","0","0"
"POINT (11.630832874000077 48.118825344000072)","Unfall 221962 (2023) Kat:2, Licht: 0","221962","2","3","5","05","07","6","","0","1","0","0","1"
"POINT (11.425394594000068 48.174057326000082)","Unfall 221964 (2023) Kat:3, Licht: 0","221964","3","2","3","05","14","6","","0","0","1","0","0"
"POINT (11.566887223000037 48.181672490000039)","Unfall 221965 (2023) Kat:3, Licht: 0","221965","3","4","6","05","12","6","","0","0","1","1","0"
"POINT (11.512908060000029 48.129227677000074)","Unfall 221966 (2023) Kat:3, Licht: 0","221966","3","4","6","05","11","6","","0","1","0","1","0"
"POINT (11.687299754000037 48.135475218000067)","Unfall 221967 (2023) Kat:3, Licht: 0","221967","3","3","5","05","18","6","","0","1","1","0","0"
"POINT (11.600924471000042 48.131723028000067)","Unfall 221968 (2023) Kat:3, Licht: 0","221968","3","5","0","05","13","6","","0","1","1","0","0"
"POINT (11.574334421000060 48.132987600000035)","Unfall 221969 (2023) Kat:3, Licht: 0","221969","3","2","3","05","17","6","","0","1","1","0","0"
"POINT (11.566204128000038 48.133154491000028)","Unfall 221970 (2023) Kat:3, Licht: 0","221970","3","3","5","05","08","6","","0","1","0","0","0"
"POINT (11.608856930000059 48.131504505000066)","Unfall 222001 (2023) Kat:3, Licht: 0","222001","3","1","6","06","09","3","","0","1","0","1","0"
"POINT (11.569586049000065 48.144948152000040)","Unfall 222002 (2023) Kat:3, Licht: 0","222002","3","6","3","06","18","3","","0","1","1","0","0"
"POINT (11.567077838000046 48.133516887000042)","Unfall 222003 (2023) Kat:2, Licht: 0","222003","2","1","0","06","13","3","","0","1","0","0","0"
"POINT (11.622940477000043 48.100885391000077)","Unfall 222004 (2023) Kat:2, Licht: 0","222004","2","3","5","06","15","3","","0","0","1","0","0"
"POINT (11.570739055000047 48.121304826000028)","Unfall 222005 (2023) Kat:2, Licht: 2","222005","2","1","0","06","23","3","","2","1","0","0","0"
"POINT (11.636258923000071 48.140228912000055)","Unfall 222006 (2023) Kat:3, Licht: 0","222006","3","2","4","06","12","3","","0","1","1","0","0"
"POINT (11.543570484000043 48.202573705000077)","Unfall 222008 (2023) Kat:2, Licht: 0","222008","2","3","5","06","15","3","","0","1","1","0","0"
"POINT (11.573589158000061 48.141053323000051)","Unfall 222009 (2023) Kat:3, Licht: 0","222009","3","6","3","06","09","3","","0","1","1","0","0"
"POINT (11.581552433000070 48.210887951000075)","Unfall 222010 (2023) Kat:3, Licht: 0","222010","3","3","5","06","15","3","","0","1","1","0","0"
"POINT (11.521557838000035 48.218103315000064)","Unfall 222011 (2023) Kat:3, Licht: 0","222011","3","3","5","06","21","3","","0","0","1","0","1"
"POINT (11.523248170000045 48.156137821000073)","Unfall 222012 (2023) Kat:3, Licht: 0","222012","3","1","0","06","10","3","","0","1","0","0","0"
"POINT (11.506542053000032 48.079508729000054)","Unfall 222013 (2023) Kat:3, Licht: 0","222013","3","3","5","06","19","3","","0","1","1","0","0"
"POINT (11.645664296000064 48.099786811000058)","Unfall 222014 (2023) Kat:3, Licht: 0","222014","3","1","0","06","11","3","","0","1","0","0","0"
"POINT (11.607794208000030 48.107725129000073)","Unfall 222015 (2023) Kat:3, Licht: 0","222015","3","3","0","06","18","3","","0","1","0","0","0"
"POINT (11.584850115000052 48.128998115000059)","Unfall 222016 (2023) Kat:3, Licht: 0","222016","3","7","5","06","12","3","","0","1","0","0","0"
"POINT (11.586390263000055 48.169491497000081)","Unfall 222017 (2023) Kat:3, Licht: 0","222017","3","6","0","06","09","3","","0","1","0","0","0"