WKT,Name,OBJECTID,UKATEGORIE,UTYP1,UART,UMONAT,USTUNDE,UWOCHENTAG,STRZUSTAND,ULICHTVERH,ISTRAD,ISTPKW,ISTFUSS,ISTKRAD
"POINT (11.574001324000051 48.166625421000049)","Unfall 222018 (2023) Kat:3, Licht: 0","222018","3","1","0","06","11","3","","0","1","0","0","0"
"POINT (11.434980013000029 48.149887965000062)","Unfall 222093 (2023) Kat:3, Licht: 0","222093","3","6","2","06","11","2","","0","0","1","0","0"
"POINT (11.649907364000057 48.148190487000079)","Unfall 222094 (2023) Kat:3, Licht: 1","222094","3","7","1","06","20","2","","1","0","1","0","0"
"POINT (11.523886609000044 48.068921349000050)","Unfall 222095 (2023) Kat:3, Licht: 0","222095","3","3","5","06","19","2","","0","1","1","0","0"
"POINT (11.508342116000051 48.178669221000064)","Unfall 222097 (2023) Kat:3, Licht: 0","222097","3","6","6","06","16","2","","0","1","1","1","0"
"POINT (11.422321575000069 48.147580281000046)","Unfall 222098 (2023) Kat:2, Licht: 0","222098","2","3","5","06","12","2","","0","1","1","0","0"
"POINT (11.636498428000039 48.098962163000067)","Unfall 222099 (2023) Kat:3, Licht: 0","222099","3","4","6","06","12","2","","0","0","1","1","0"
"POINT (11.564245338000035 48.213548970000033)","Unfall 222100 (2023) Kat:3, Licht: 1","222100","3","1","2","06","20","2","","1","0","1","1","1"
"POINT (11.545149225000046 48.161269521000065)","Unfall 222101 (2023) Kat:3, Licht: 0","222101","3","6","6","06","18","2","","0","1","0","1","0"
"POINT (11.585885159000043 48.177816254000049)","Unfall 222102 (2023) Kat:3, Licht: 0","222102","3","2","2","06","14","2","","0","0","1","0","0"
"POINT (11.477008923000028 48.181684960000041)","Unfall 222103 (2023) Kat:3, Licht: 0","222103","3","3","5","06","19","2","","0","1","1","0","0"
"POINT (11.557733421000023 48.150988059000042)","Unfall 222104 (2023) Kat:2, Licht: 0","222104","2","7","0","06","18","2","","0","1","0","0","0"
"POINT (11.520336796000038 48.138757066000039)","Unfall 222105 (2023) Kat:3, Licht: 0","222105","3","6","4","06","14","2","","0","1","0","0","0"
"POINT (11.549160084000050 48.102749348000032)","Unfall 222106 (2023) Kat:3, Licht: 0","222106","3","7","5","06","08","2","","0","1","1","0","0"
"POINT (11.592789340000024 48.123483473000078)","Unfall 222107 (2023) Kat:3, Licht: 0","222107","3","6","3","06","19","2","","0","1","0","0","0"
"POINT (11.548618603000023 48.123259983000025)","Unfall 222108 (2023) Kat:3, Licht: 0","222108","3","2","5","06","07","2","","0","1","1","0","0"
"POINT (11.592947059000039 48.201728157000048)","Unfall 222171 (2023) Kat:3, Licht: 2","222171","3","7","0","06","02","1","","2","0","0","0","0"
"POINT (11.561604892000048 48.103730945000052)","Unfall 222172 (2023) Kat:3, Licht: 0","222172","3","7","6","06","19","1","","0","1","0","1","0"
"POINT (11.568983715000059 48.141452108000067)","Unfall 222175 (2023) Kat:3, Licht: 2","222175","3","1","0","06","01","1","","2","0","0","0","0"
"POINT (11.568664131000048 48.162212085000078)","Unfall 222176 (2023) Kat:3, Licht: 0","222176","3","1","0","06","11","1","","0","0","0","0","0"
"POINT (11.521732356000030 48.176099900000054)","Unfall 222177 (2023) Kat:2, Licht: 0","222177","2","2","5","06","14","1","","0","1","0","0","1"
"POINT (11.587542044000031 48.137682454000071)","Unfall 222179 (2023) Kat:3, Licht: 0","222179","3","7","5","06","09","1","","0","1","1","0","0"
"POINT (11.609489993000068 48.194824004000054)","Unfall 222180 (2023) Kat:3, Licht: 0","222180","3","7","1","06","13","1","","0","0","1","1","0"
"POINT (11.539254546000052 48.188977641000065)","Unfall 222181 (2023) Kat:3, Licht: 0","222181","3","3","5","06","10","1","","0","1","0","0","0"
"POINT (11.521231641000043 48.182170121000070)","Unfall 222182 (2023) Kat:3, Licht: 0","222182","3","3","5","06","16","1","","0","1","0","0","0"
"POINT (11.522340566000025 48.159175631000039)","Unfall 222183 (2023) Kat:2, Licht: 0","222183","2","7","0","06","16","1","","0","1","0","0","0"
"POINT (11.518703869000035 48.098738779000030)","Unfall 222184 (2023) Kat:3, Licht: 0","222184","3","2","5","06","16","1","","0","1","1","0","0"
"POINT (11.639843276000022 48.117050641000048)","Unfall 222185 (2023) Kat:3, Licht: 0","222185","3","2","3","06","15","1","","0","1","1","0","0"
"POINT (11.621463726000059 48.125341554000045)","Unfall 222186 (2023) Kat:3, Licht: 0","222186","3","7","1","06","11","1","","0","1","1","0","0"
"POINT (11.654878252000060 48.144774621000067)","Unfall 222187 (2023) Kat:3, Licht: 0","222187","3","6","2","06","17","1","","0","1","0","0","0"
"POINT (11.604670633000069 48.145344732000069)","Unfall 222188 (2023) Kat:3, Licht: 0","222188","3","5","1","06","18","1","","0","1","1","0","0"
"POINT (11.578876535000063 48.145415349000075)","Unfall 222189 (2023) Kat:3, Licht: 0","222189","3","1","0","06","19","1","","0","1","0","0","0"
"POINT (11.627152652000063 48.139268446000074)","Unfall 222260 (2023) Kat:3, Licht: 0","222260","3","1","0","06","16","7","","0","1","0","0","0"
"POINT (11.583788398000024 48.118976741000040)","Unfall 222261 (2023) Kat:3, Licht: 0","222261","3","3","5","06","20","7","","0","0","1","0","0"
"POINT (11.566257950000022 48.187151450000044)","Unfall 222262 (2023) Kat:3, Licht: 0","222262","3","3","5","06","07","7","","0","0","1","0","0"
"POINT (11.548556337000036 48.143679109000061)","Unfall 222263 (2023) Kat:3, Licht: 0","222263","3","7","0","06","13","7","","0","1","0","0","0"
"POINT (11.518548245000034 48.199223253000071)","Unfall 222264 (2023) Kat:3, Licht: 0","222264","3","3","5","06","09","7","","0","0","1","0","0"
"POINT (11.642992822000053 48.119787459000065)","Unfall 222265 (2023) Kat:3, Licht: 0","222265","3","3","5","06","16","7","","0","0","1","0","1"
"POINT (11.494827851000025 48.178077680000058)","Unfall 222266 (2023) Kat:3, Licht: 0","222266","3","2","5","06","13","7","","0","0","1","0","0"
"POINT (11.582984780000061 48.133852548000050)","Unfall 222267 (2023) Kat:3, Licht: 0","222267","3","1","0","06","15","7","","0","1","0","0","0"
"POINT (11.537330508000025 48.151675971000031)","Unfall 222268 (2023) Kat:2, Licht: 0","222268","2","2","5","06","18","7","","0","1","1","0","0"
"POINT (11.469721736000054 48.126281027000061)","Unfall 222269 (2023) Kat:3, Licht: 0","222269","3","6","3","06","13","7","","0","1","1","0","0"
"POINT (11.511809359000040 48.097887043000071)","Unfall 222270 (2023) Kat:3, Licht: 0","222270","3","2","3","06","14","7","","0","1","1","0","0"
"POINT (11.613389940000047 48.138237616000026)","Unfall 222272 (2023) Kat:3, Licht: 0","222272","3","6","2","06","11","7","","0","0","1","0","0"
"POINT (11.588915373000077 48.165353205000031)","Unfall 222273 (2023) Kat:3, Licht: 0","222273","3","5","1","06","17","7","","0","1","1","0","0"
"POINT (11.675873312000022 48.128415731000075)","Unfall 222332 (2023) Kat:3, Licht: 0","222332","3","6","1","06","07","6","","0","0","1","0","0"
"POINT (11.564255968000055 48.151120366000043)","Unfall 222333 (2023) Kat:3, Licht: 0","222333","3","4","6","06","09","6","","0","1","0","1","0"
"POINT (11.467512379000027 48.212444349000066)","Unfall 222334 (2023) Kat:3, Licht: 1","222334","3","3","5","06","21","6","","1","1","1","0","0"
"POINT (11.531480222000027 48.126906817000076)","Unfall 222335 (2023) Kat:3, Licht: 0","222335","3","4","6","06","09","6","","0","0","0","1","0"
"POINT (11.513529921000043 48.097972776000063)","Unfall 222337 (2023) Kat:3, Licht: 0","222337","3","3","5","06","12","6","","0","1","1","0","0"
"POINT (11.608344252000052 48.150918610000076)","Unfall 222338 (2023) Kat:3, Licht: 0","222338","3","3","5","06","09","6","","0","1","1","0","0"
"POINT (11.495739825000044 48.086543430000063)","Unfall 222339 (2023) Kat:3, Licht: 0","222339","3","5","6","06","09","6","","0","0","1","1","0"
"POINT (11.610702873000037 48.136594120000041)","Unfall 222341 (2023) Kat:3, Licht: 0","222341","3","1","0","06","15","6","","0","1","0","0","0"
"POINT (11.528263981000066 48.130405582000037)","Unfall 222342 (2023) Kat:3, Licht: 0","222342","3","3","5","06","18","6","","0","1","1","0","0"
"POINT (11.495700466000073 48.182452332000025)","Unfall 222343 (2023) Kat:3, Licht: 0","222343","3","7","0","06","06","7","","0","0","0","0","0"
"POINT (11.633812612000042 48.168239083000060)","Unfall 222344 (2023) Kat:3, Licht: 0","222344","3","2","5","06","13","6","","0","1","0","0","0"
"POINT (11.606142238000075 48.154417759000069)","Unfall 222345 (2023) Kat:3, Licht: 0","222345","3","3","5","06","15","3","","0","0","1","0","0"
"POINT (11.503008674000057 48.139055384000073)","Unfall 222347 (2023) Kat:3, Licht: 0","222347","3","4","6","06","07","6","","0","1","0","1","0"
"POINT (11.544122312000070 48.149073759000032)","Unfall 222348 (2023) Kat:3, Licht: 0","222348","3","2","5","06","15","6","","0","1","1","0","0"
"POINT (11.659069843000054 48.102336184000080)","Unfall 222349 (2023) Kat:3, Licht: 0","222349","3","6","2","06","07","6","","0","1","0","0","0"
"POINT (11.589609769000049 48.187867277000066)","Unfall 222350 (2023) Kat:3, Licht: 0","222350","3","6","2","06","09","6","","0","0","1","0","0"
"POINT (11.699964489000024 48.132903849000058)","Unfall 222351 (2023) Kat:3, Licht: 0","222351","3","4","6","06","16","6","","0","0","1","1","0"
"POINT (11.571308565000038 48.121036451000066)","Unfall 222352 (2023) Kat:3, Licht: 0","222352","3","2","3","06","11","6","","0","1","1","0","0"
"POINT (11.541086638000024 48.121745372000078)","Unfall 222353 (2023) Kat:3, Licht: 0","222353","3","6","5","06","13","6","","0","1","0","0","0"
"POINT (11.555749272000071 48.130012674000056)","Unfall 222354 (2023) Kat:3, Licht: 0","222354","3","2","5","06","19","6","","0","1","1","0","0"
"POINT (11.567596019000064 48.161123480000072)","Unfall 222355 (2023) Kat:3, Licht: 0","222355","3","1","0","06","08","6","","0","1","0","0","0"
"POINT (11.588629768000033 48.140258447000065)","Unfall 222356 (2023) Kat:3, Licht: 0","222356","3","5","1","06","19","6","","0","1","1","0","0"
"POINT (11.629425463000075 48.165199388000076)","Unfall 222432 (2023) Kat:3, Licht: 0","222432","3","2","3","06","19","5","","0","0","1","0","0"
"POINT (11.558637740000052 48.137403892000066)","Unfall 222433 (2023) Kat:3, Licht: 0","222433","3","3","0","06","08","5","","0","0","1","0","1"
"POINT (11.508275017000074 48.180977586000040)","Unfall 222434 (2023) Kat:3, Licht: 0","222434","3","7","0","06","15","5","","0","1","0","0","0"
"POINT (11.620257292000076 48.157531880000079)","Unfall 222435 (2023) Kat:3, Licht: 0","222435","3","3","5","06","18","5","","0","0","1","0","0"
"POINT (11.611041872000044 48.101349787000061)","Unfall 222436 (2023) Kat:3, Licht: 0","222436","3","6","3","06","16","5","","0","1","1","0","0"
"POINT (11.553373328000077 48.213650815000051)","Unfall 222438 (2023) Kat:3, Licht: 0","222438","3","2","4","06","17","5","","0","0","1","0","1"
"POINT (11.537155294000058 48.153944679000062)","Unfall 222439 (2023) Kat:3, Licht: 0","222439","3","6","2","06","12","5","","0","0","1","0","1"
"POINT (11.517508589000045 48.113335097000061)","Unfall 222441 (2023) Kat:3, Licht: 0","222441","3","3","5","06","07","5","","0","0","1","0","0"
"POINT (11.572326612000040 48.192062101000033)","Unfall 222442 (2023) Kat:3, Licht: 0","222442","3","6","3","06","17","5","","0","0","1","0","1"
"POINT (11.535536010000044 48.152125260000048)","Unfall 222443 (2023) Kat:3, Licht: 0","222443","3","1","0","06","08","5","","0","1","1","0","0"
"POINT (11.599707352000053 48.107370378000041)","Unfall 222445 (2023) Kat:3, Licht: 0","222445","3","1","0","06","17","5","","0","1","1","0","0"
"POINT (11.609928656000022 48.136860893000062)","Unfall 222446 (2023) Kat:3, Licht: 0","222446","3","5","1","06","10","5","","0","1","1","0","0"
"POINT (11.563312815000074 48.160310964000075)","Unfall 222447 (2023) Kat:3, Licht: 0","222447","3","4","6","06","08","5","","0","1","0","1","0"
"POINT (11.579868455000053 48.157679188000031)","Unfall 222449 (2023) Kat:3, Licht: 0","222449","3","1","0","06","08","5","","0","1","0","0","0"
"POINT (11.507728950000057 48.082690879000040)","Unfall 222504 (2023) Kat:3, Licht: 0","222504","3","1","0","06","11","3","","0","1","0","0","0"
"POINT (11.523638157000050 48.098797437000030)","Unfall 222514 (2023) Kat:3, Licht: 0","222514","3","6","6","06","14","4","","0","1","0","1","0"
"POINT (11.572732108000025 48.136272216000066)","Unfall 222517 (2023) Kat:2, Licht: 0","222517","2","3","5","06","09","4","","0","1","1","0","0"
"POINT (11.614160329000072 48.193280015000028)","Unfall 222518 (2023) Kat:2, Licht: 0","222518","2","1","0","06","15","4","","0","1","0","0","0"
"POINT (11.563850027000058 48.150534838000056)","Unfall 222519 (2023) Kat:2, Licht: 0","222519","2","7","0","06","12","4","","0","1","0","0","0"
"POINT (11.567433778000066 48.133617307000065)","Unfall 222520 (2023) Kat:3, Licht: 0","222520","3","1","0","06","14","4","","0","1","0","0","0"
"POINT (11.580067329000030 48.109952999000029)","Unfall 222522 (2023) Kat:3, Licht: 0","222522","3","3","5","06","19","4","","0","1","0","0","0"
"POINT (11.570959305000031 48.135731297000063)","Unfall 222523 (2023) Kat:3, Licht: 0","222523","3","6","6","06","15","4","","0","0","1","1","0"
"POINT (11.581641025000067 48.120628272000033)","Unfall 222524 (2023) Kat:3, Licht: 0","222524","3","1","0","06","07","4","","0","1","0","0","0"
"POINT (11.567681918000062 48.118605105000029)","Unfall 222525 (2023) Kat:3, Licht: 0","222525","3","7","1","06","17","4","","0","1","1","0","0"
"POINT (11.555335257000024 48.152987198000062)","Unfall 222526 (2023) Kat:3, Licht: 2","222526","3","1","0","06","22","4","","2","1","0","0","0"
"POINT (11.475537611000050 48.108577601000036)","Unfall 222528 (2023) Kat:2, Licht: 0","222528","2","1","0","06","18","4","","0","0","0","0","0"
"POINT (11.557901342000036 48.096655799000075)","Unfall 222529 (2023) Kat:3, Licht: 0","222529","3","1","8","06","13","4","","0","1","0","0","0"
"POINT (11.593986532000031 48.128570319000062)","Unfall 222530 (2023) Kat:3, Licht: 0","222530","3","6","3","06","18","4","","0","0","1","0","1"
"POINT (11.559885917000031 48.149883210000041)","Unfall 222531 (2023) Kat:3, Licht: 0","222531","3","1","0","06","08","4","","0","1","0","0","0"
"POINT (11.567151193000029 48.133537583000077)","Unfall 222532 (2023) Kat:3, Licht: 0","222532","3","1","0","06","09","4","","0","1","0","0","0"
"POINT (11.550526749000028 48.119039895000071)","Unfall 222607 (2023) Kat:3, Licht: 0","222607","3","5","1","06","12","3","","0","1","1","0","0"
"POINT (11.507912391000048 48.111027512000078)","Unfall 222608 (2023) Kat:3, Licht: 0","222608","3","6","2","06","07","3","","0","1","1","0","0"
"POINT (11.579021821000026 48.138509905000035)","Unfall 222609 (2023) Kat:3, Licht: 0","222609","3","2","0","06","10","3","","0","1","0","0","1"
"POINT (11.462227591000044 48.138098487000036)","Unfall 222610 (2023) Kat:3, Licht: 0","222610","3","3","4","06","15","3","","0","1","0","0","0"
"POINT (11.535476625000058 48.146354544000076)","Unfall 222611 (2023) Kat:3, Licht: 0","222611","3","3","5","06","13","3","","0","1","0","0","1"
"POINT (11.528916113000037 48.136669647000076)","Unfall 222612 (2023) Kat:3, Licht: 1","222612","3","6","6","06","21","3","","1","0","0","1","0"
"POINT (11.562745453000048 48.144168861000026)","Unfall 222613 (2023) Kat:3, Licht: 0","222613","3","2","6","06","08","3","","0","0","1","1","0"
"POINT (11.645816007000064 48.120985682000025)","Unfall 222614 (2023) Kat:2, Licht: 0","222614","2","3","5","06","11","3","","0","0","1","0","1"
"POINT (11.605838255000037 48.200756879000039)","Unfall 222615 (2023) Kat:3, Licht: 0","222615","3","2","5","06","14","3","","0","0","1","0","0"
"POINT (11.640221432000033 48.089177954000036)","Unfall 222619 (2023) Kat:3, Licht: 0","222619","3","6","2","06","14","3","","0","1","0","0","0"
"POINT (11.607398027000045 48.127285998000048)","Unfall 222620 (2023) Kat:3, Licht: 0","222620","3","2","1","06","09","3","","0","0","1","0","0"
"POINT (11.555806581000070 48.134541761000037)","Unfall 222621 (2023) Kat:3, Licht: 0","222621","3","3","5","06","06","3","","0","0","0","0","1"
"POINT (11.555748117000064 48.130012736000026)","Unfall 222622 (2023) Kat:3, Licht: 0","222622","3","2","5","06","18","3","","0","1","0","0","0"
"POINT (11.595518202000051 48.171633214000053)","Unfall 222623 (2023) Kat:3, Licht: 0","222623","3","7","4","06","16","3","","0","1","0","0","0"
"POINT (11.580950648000055 48.169275396000046)","Unfall 222624 (2023) Kat:3, Licht: 0","222624","3","3","5","06","09","3","","0","0","1","0","0"
"POINT (11.584066091000068 48.156432393000046)","Unfall 222625 (2023) Kat:3, Licht: 0","222625","3","7","0","06","20","3","","0","1","1","0","0"
"POINT (11.533779139000046 48.113104281000062)","Unfall 222641 (2023) Kat:3, Licht: 0","222641","3","6","2","06","07","3","","0","1","0","0","0"
"POINT (11.523891291000041 48.099211858000047)","Unfall 222659 (2023) Kat:3, Licht: 0","222659","3","6","3","06","14","4","","0","0","1","0","1"
"POINT (11.571483191000027 48.131334851000076)","Unfall 222731 (2023) Kat:3, Licht: 0","222731","3","1","0","06","15","2","","0","1","0","0","0"
"POINT (11.415008694000051 48.160017835000076)","Unfall 222732 (2023) Kat:3, Licht: 0","222732","3","2","4","06","18","2","","0","1","1","0","0"
"POINT (11.574373350000030 48.187516227000060)","Unfall 222733 (2023) Kat:2, Licht: 0","222733","2","6","2","06","15","2","","0","0","1","0","1"
"POINT (11.511529954000025 48.159930260000067)","Unfall 222734 (2023) Kat:2, Licht: 1","222734","2","7","0","06","22","2","","1","1","0","0","0"
"POINT (11.579288526000028 48.125601447000065)","Unfall 222736 (2023) Kat:3, Licht: 0","222736","3","1","0","06","17","2","","0","1","0","0","0"
"POINT (11.653961885000058 48.118016199000067)","Unfall 222739 (2023) Kat:3, Licht: 0","222739","3","3","0","06","18","2","","0","1","1","0","0"
"POINT (11.504053072000033 48.172930759000053)","Unfall 222740 (2023) Kat:3, Licht: 0","222740","3","2","5","06","17","2","","0","0","1","0","0"
"POINT (11.624436913000068 48.190891188000080)","Unfall 222741 (2023) Kat:3, Licht: 0","222741","3","2","4","06","12","2","","0","0","1","0","1"
"POINT (11.495489764000069 48.178888471000050)","Unfall 222742 (2023) Kat:3, Licht: 0","222742","3","3","5","06","17","2","","0","1","1","0","0"
"POINT (11.553289790000065 48.139103067000065)","Unfall 222744 (2023) Kat:3, Licht: 0","222744","3","6","3","06","13","2","","0","0","1","0","1"
"POINT (11.502479396000069 48.116239395000036)","Unfall 222745 (2023) Kat:3, Licht: 0","222745","3","2","5","06","12","2","","0","0","1","0","1"
"POINT (11.556817268000032 48.149680641000032)","Unfall 222746 (2023) Kat:3, Licht: 0","222746","3","4","6","06","07","2","","0","0","1","1","0"
"POINT (11.579274079000072 48.114925579000044)","Unfall 222747 (2023) Kat:3, Licht: 0","222747","3","6","3","06","10","2","","0","1","1","0","0"
"POINT (11.600692153000068 48.177812603000064)","Unfall 222748 (2023) Kat:3, Licht: 0","222748","3","3","5","06","18","2","","0","1","0","0","0"
"POINT (11.457694995000054 48.148538666000036)","Unfall 222749 (2023) Kat:3, Licht: 0","222749","3","5","3","06","16","2","","0","1","1","0","0"
"POINT (11.466569057000072 48.141144396000072)","Unfall 222750 (2023) Kat:3, Licht: 0","222750","3","7","1","06","19","2","","0","1","1","0","0"
"POINT (11.631419513000026 48.118522983000048)","Unfall 222752 (2023) Kat:3, Licht: 0","222752","3","7","4","06","16","2","","0","1","0","0","0"
"POINT (11.644329597000024 48.165970214000026)","Unfall 222753 (2023) Kat:3, Licht: 0","222753","3","3","5","06","06","2","","0","0","1","0","0"
"POINT (11.579373725000039 48.129211154000075)","Unfall 222754 (2023) Kat:3, Licht: 1","222754","3","2","5","06","20","2","","1","1","0","0","0"
"POINT (11.536400697000033 48.146177456000032)","Unfall 222755 (2023) Kat:3, Licht: 0","222755","3","1","0","06","06","2","","0","1","0","0","0"
"POINT (11.558406502000025 48.129666062000069)","Unfall 222756 (2023) Kat:3, Licht: 0","222756","3","2","5","06","15","2","","0","1","0","0","1"
"POINT (11.585484498000028 48.175097777000076)","Unfall 222757 (2023) Kat:3, Licht: 0","222757","3","6","2","06","13","2","","0","0","1","0","0"
"POINT (11.582990004000067 48.133845195000049)","Unfall 222758 (2023) Kat:3, Licht: 0","222758","3","1","0","06","07","2","","0","1","0","0","0"
"POINT (11.570938209000076 48.131045318000076)","Unfall 222759 (2023) Kat:3, Licht: 0","222759","3","1","0","06","17","2","","0","1","0","0","0"
"POINT (11.562768318000053 48.144147787000065)","Unfall 222835 (2023) Kat:3, Licht: 0","222835","3","2","5","06","11","1","","0","1","0","0","0"
"POINT (11.567401046000043 48.175737063000042)","Unfall 222836 (2023) Kat:3, Licht: 0","222836","3","3","5","06","14","1","","0","0","1","0","0"
"POINT (11.585076659000038 48.129196905000072)","Unfall 222837 (2023) Kat:3, Licht: 0","222837","3","6","4","06","13","1","","0","1","0","0","0"
"POINT (11.512363975000028 48.163286587000073)","Unfall 222838 (2023) Kat:3, Licht: 0","222838","3","1","8","06","10","1","","0","0","1","0","0"
"POINT (11.553326623000032 48.161058263000029)","Unfall 222843 (2023) Kat:3, Licht: 0","222843","3","1","0","06","14","1","","0","1","0","0","0"
"POINT (11.551478515000042 48.106286043000068)","Unfall 222868 (2023) Kat:3, Licht: 0","222868","3","3","5","06","11","4","","0","0","0","0","1"
"POINT (11.590241375000062 48.156554210000081)","Unfall 222893 (2023) Kat:2, Licht: 0","222893","2","7","7","06","19","7","","0","1","0","1","0"
"POINT (11.549918816000059 48.137547512000026)","Unfall 222894 (2023) Kat:3, Licht: 0","222894","3","3","6","06","20","7","","0","1","0","1","0"
"POINT (11.510693370000070 48.170139504000076)","Unfall 222898 (2023) Kat:3, Licht: 0","222898","3","2","5","06","18","7","","0","0","1","0","0"
"POINT (11.689881095000032 48.137772985000026)","Unfall 222899 (2023) Kat:3, Licht: 0","222899","3","1","0","06","16","7","","0","0","0","0","1"
"POINT (11.513704123000025 48.137486667000076)","Unfall 222900 (2023) Kat:2, Licht: 0","222900","2","2","5","06","11","7","","0","1","0","0","0"
"POINT (11.506307211000035 48.179620930000056)","Unfall 222901 (2023) Kat:3, Licht: 0","222901","3","7","0","06","14","7","","0","1","0","1","0"
"POINT (11.568248509000057 48.122449848000031)","Unfall 222902 (2023) Kat:3, Licht: 0","222902","3","4","6","06","17","7","","0","1","0","1","0"
"POINT (11.478857139000070 48.164168488000030)","Unfall 222905 (2023) Kat:3, Licht: 1","222905","3","6","2","06","20","7","","1","0","1","0","0"
"POINT (11.494289767000055 48.190535805000081)","Unfall 222906 (2023) Kat:3, Licht: 0","222906","3","7","0","06","09","7","","0","1","0","0","0"
"POINT (11.529913922000048 48.217836364000050)","Unfall 222907 (2023) Kat:3, Licht: 0","222907","3","1","0","06","09","7","","0","1","0","0","0"
"POINT (11.524124992000054 48.149195654000039)","Unfall 222908 (2023) Kat:3, Licht: 2","222908","3","7","7","06","21","7","","2","1","0","0","0"
"POINT (11.502265040000054 48.112397404000035)","Unfall 222910 (2023) Kat:3, Licht: 0","222910","3","5","2","06","13","7","","0","0","1","0","0"
"POINT (11.578241965000075 48.126374110000029)","Unfall 222911 (2023) Kat:2, Licht: 0","222911","2","4","6","06","18","7","","0","1","0","1","0"
"POINT (11.547574658000030 48.126899144000049)","Unfall 222912 (2023) Kat:3, Licht: 0","222912","3","1","0","06","16","7","","0","1","0","0","0"
"POINT (11.578042420000031 48.153498017000061)","Unfall 222913 (2023) Kat:3, Licht: 0","222913","3","5","0","06","14","7","","0","0","1","0","0"
"POINT (11.565234015000044 48.145801894000044)","Unfall 222930 (2023) Kat:3, Licht: 0","222930","3","1","0","06","07","2","","0","1","0","0","0"
"POINT (11.575290911000025 48.181622001000051)","Unfall 222953 (2023) Kat:3, Licht: 0","222953","3","1","0","06","12","3","","0","1","0","0","0"
"POINT (11.572661161000042 48.139188043000047)","Unfall 222965 (2023) Kat:3, Licht: 0","222965","3","3","5","06","14","6","","0","0","1","0","1"
"POINT (11.502865778000057 48.134063276000063)","Unfall 222967 (2023) Kat:3, Licht: 0","222967","3","2","5","06","20","6","","0","1","1","0","0"
"POINT (11.459114095000075 48.185348253000029)","Unfall 222968 (2023) Kat:3, Licht: 0","222968","3","3","5","06","14","6","","0","1","1","0","0"
"POINT (11.581850885000051 48.120414289000053)","Unfall 222969 (2023) Kat:3, Licht: 0","222969","3","6","3","06","13","6","","0","1","1","0","0"
"POINT (11.539288365000061 48.114250241000036)","Unfall 222970 (2023) Kat:3, Licht: 2","222970","3","1","0","06","00","6","","2","0","0","0","0"
"POINT (11.579640318000031 48.133964941000045)","Unfall 222971 (2023) Kat:3, Licht: 0","222971","3","1","4","06","19","6","","0","1","1","0","0"
"POINT (11.516832696000051 48.178367723000065)","Unfall 222972 (2023) Kat:3, Licht: 0","222972","3","3","5","06","17","6","","0","1","1","0","0"
"POINT (11.658931191000022 48.103480267000066)","Unfall 222973 (2023) Kat:3, Licht: 0","222973","3","2","4","06","16","6","","0","1","1","0","0"
"POINT (11.703075771000044 48.139180707000037)","Unfall 222975 (2023) Kat:3, Licht: 0","222975","3","1","2","06","07","6","","0","1","1","0","0"
"POINT (11.562224777000040 48.148061441000038)","Unfall 222976 (2023) Kat:3, Licht: 0","222976","3","2","5","06","11","6","","0","1","1","0","0"
"POINT (11.560266830000046 48.142545464000079)","Unfall 222977 (2023) Kat:3, Licht: 0","222977","3","3","5","06","12","6","","0","1","0","0","1"
"POINT (11.461375533000023 48.146419976000061)","Unfall 222978 (2023) Kat:3, Licht: 0","222978","3","7","0","06","11","6","","0","1","0","0","0"
"POINT (11.529757787000051 48.182127165000054)","Unfall 222979 (2023) Kat:3, Licht: 0","222979","3","2","5","06","14","6","","0","0","1","0","0"
"POINT (11.555800158000068 48.133229123000035)","Unfall 223052 (2023) Kat:3, Licht: 0","223052","3","6","2","06","18","5","","0","0","1","0","0"
"POINT (11.557460151000043 48.099682825000059)","Unfall 223053 (2023) Kat:3, Licht: 2","223053","3","1","0","06","23","5","","2","1","0","0","0"
"POINT (11.468748699000059 48.151501484000050)","Unfall 223055 (2023) Kat:3, Licht: 0","223055","3","3","5","06","18","5","","0","0","1","0","0"
"POINT (11.650453733000063 48.113054371000032)","Unfall 223057 (2023) Kat:3, Licht: 0","223057","3","3","5","06","17","5","","0","1","0","0","0"
"POINT (11.587060628000074 48.130853800000068)","Unfall 223058 (2023) Kat:3, Licht: 0","223058","3","6","3","06","18","5","","0","1","0","0","0"
"POINT (11.524703203000058 48.200981455000033)","Unfall 223075 (2023) Kat:3, Licht: 2","223075","3","1","8","06","02","6","","2","0","1","0","0"
"POINT (11.590174165000064 48.176869782000040)","Unfall 223139 (2023) Kat:3, Licht: 0","223139","3","3","5","07","19","1","","0","1","1","0","0"
"POINT (11.524632608000047 48.135642211000061)","Unfall 223142 (2023) Kat:3, Licht: 2","223142","3","7","8","07","01","1","","2","0","1","0","0"
"POINT (11.467108322000058 48.145799487000033)","Unfall 223178 (2023) Kat:3, Licht: 0","223178","3","2","3","07","13","7","","0","1","1","0","0"
"POINT (11.590416338000068 48.201411004000079)","Unfall 223179 (2023) Kat:2, Licht: 2","223179","2","1","0","07","22","7","","2","1","0","0","0"
"POINT (11.463784068000052 48.213114741000027)","Unfall 223180 (2023) Kat:3, Licht: 0","223180","3","7","0","07","10","7","","0","1","1","0","0"
"POINT (11.481604782000034 48.141710149000062)","Unfall 223181 (2023) Kat:3, Licht: 0","223181","3","2","5","07","10","7","","0","1","0","0","1"