WKT,Name,OBJECTID,UKATEGORIE,UTYP1,UART,UMONAT,USTUNDE,UWOCHENTAG,STRZUSTAND,ULICHTVERH,ISTRAD,ISTPKW,ISTFUSS,ISTKRAD
"POINT (11.506352686000071 48.089371520000043)","Unfall 223182 (2023) Kat:3, Licht: 0","223182","3","4","6","07","18","7","","0","0","1","1","0"
"POINT (11.609722518000069 48.118481432000067)","Unfall 223183 (2023) Kat:2, Licht: 0","223183","2","2","4","07","18","7","","0","1","1","0","0"
"POINT (11.523674311000036 48.099304925000069)","Unfall 223184 (2023) Kat:3, Licht: 0","223184","3","3","5","07","07","7","","0","0","1","0","0"
"POINT (11.553133173000049 48.161513332000027)","Unfall 223185 (2023) Kat:3, Licht: 0","223185","3","2","5","07","19","7","","0","1","1","0","0"
"POINT (11.523142878000044 48.095145596000066)","Unfall 223186 (2023) Kat:2, Licht: 0","223186","2","2","0","07","18","7","","0","1","0","0","0"
"POINT (11.565039443000046 48.140934315000038)","Unfall 223187 (2023) Kat:3, Licht: 0","223187","3","7","3","07","15","7","","0","0","1","0","1"
"POINT (11.585635221000075 48.155200955000055)","Unfall 223188 (2023) Kat:3, Licht: 0","223188","3","3","5","07","09","7","","0","1","1","0","0"
"POINT (11.561481270000058 48.142109371000060)","Unfall 223189 (2023) Kat:3, Licht: 0","223189","3","4","6","07","14","7","","0","1","0","1","0"
"POINT (11.566183549000073 48.186101648000033)","Unfall 223245 (2023) Kat:3, Licht: 0","223245","3","1","3","06","16","6","","0","1","1","0","0"
"POINT (11.548672584000030 48.186039338000057)","Unfall 223246 (2023) Kat:3, Licht: 0","223246","3","6","3","06","14","6","","0","0","1","0","0"
"POINT (11.592945051000072 48.142162423000059)","Unfall 223247 (2023) Kat:2, Licht: 0","223247","2","7","0","06","10","6","","0","1","0","0","0"
"POINT (11.521972765000044 48.098958176000053)","Unfall 223248 (2023) Kat:3, Licht: 2","223248","3","7","0","06","02","6","","2","1","0","0","0"
"POINT (11.556307202000028 48.142543014000069)","Unfall 223249 (2023) Kat:3, Licht: 0","223249","3","6","2","06","19","6","","0","1","1","0","0"
"POINT (11.581240078000064 48.151418279000040)","Unfall 223250 (2023) Kat:3, Licht: 0","223250","3","1","0","06","17","6","","0","0","0","0","1"
"POINT (11.555503216000034 48.132139729000073)","Unfall 223251 (2023) Kat:3, Licht: 0","223251","3","6","2","06","16","6","","0","0","1","0","0"
"POINT (11.520322061000059 48.146469297000067)","Unfall 223252 (2023) Kat:3, Licht: 0","223252","3","2","5","06","14","6","","0","0","1","0","0"
"POINT (11.645953793000047 48.100919581000028)","Unfall 223254 (2023) Kat:3, Licht: 0","223254","3","3","6","06","18","6","","0","1","0","1","0"
"POINT (11.606694017000052 48.150262201000032)","Unfall 223255 (2023) Kat:3, Licht: 0","223255","3","1","2","06","14","6","","0","0","1","0","0"
"POINT (11.571777614000041 48.143155243000081)","Unfall 223256 (2023) Kat:3, Licht: 0","223256","3","7","3","06","15","6","","0","1","1","0","0"
"POINT (11.502506134000043 48.121643064000068)","Unfall 223257 (2023) Kat:3, Licht: 0","223257","3","6","2","06","15","6","","0","0","1","0","0"
"POINT (11.632798884000067 48.130417531000035)","Unfall 223259 (2023) Kat:3, Licht: 0","223259","3","5","4","06","13","6","","0","1","1","0","0"
"POINT (11.612026974000059 48.131556430000046)","Unfall 223260 (2023) Kat:3, Licht: 0","223260","3","2","5","06","15","6","","0","1","1","0","0"
"POINT (11.548323684000025 48.117884395000033)","Unfall 223261 (2023) Kat:3, Licht: 0","223261","3","5","0","06","13","6","","0","0","0","0","1"
"POINT (11.572449711000047 48.162754576000054)","Unfall 223262 (2023) Kat:3, Licht: 0","223262","3","3","5","06","08","6","","0","1","0","0","1"
"POINT (11.586153418000038 48.161429854000062)","Unfall 223263 (2023) Kat:3, Licht: 1","223263","3","5","6","06","21","6","","1","1","0","1","0"
"POINT (11.520238120000045 48.150161507000064)","Unfall 223269 (2023) Kat:3, Licht: 0","223269","3","4","6","07","14","7","","0","0","0","1","0"
"POINT (11.545083704000035 48.158334835000062)","Unfall 223323 (2023) Kat:3, Licht: 0","223323","3","7","3","06","10","5","","0","1","1","0","0"
"POINT (11.553625273000023 48.154499424000051)","Unfall 223324 (2023) Kat:3, Licht: 0","223324","3","6","3","06","18","5","","0","1","0","0","0"
"POINT (11.559177098000077 48.088431422000042)","Unfall 223325 (2023) Kat:3, Licht: 0","223325","3","2","4","06","17","5","","0","1","1","0","0"
"POINT (11.655517176000046 48.096392260000073)","Unfall 223327 (2023) Kat:3, Licht: 0","223327","3","2","6","06","09","5","","0","0","1","1","0"
"POINT (11.589811558000065 48.174214133000078)","Unfall 223328 (2023) Kat:3, Licht: 0","223328","3","3","5","06","17","5","","0","0","1","0","1"
"POINT (11.522820845000069 48.134322436000048)","Unfall 223329 (2023) Kat:3, Licht: 0","223329","3","3","5","06","17","5","","0","0","1","0","0"
"POINT (11.597270605000062 48.141170059000046)","Unfall 223330 (2023) Kat:3, Licht: 2","223330","3","6","2","06","23","5","","2","0","1","0","0"
"POINT (11.561645425000052 48.140883543000029)","Unfall 223331 (2023) Kat:3, Licht: 0","223331","3","7","6","06","07","5","","0","0","1","1","0"
"POINT (11.614666667000051 48.136785554000028)","Unfall 223332 (2023) Kat:3, Licht: 0","223332","3","6","4","06","18","5","","0","1","0","0","0"
"POINT (11.622632408000072 48.100900609000064)","Unfall 223333 (2023) Kat:3, Licht: 0","223333","3","7","5","06","16","5","","0","1","1","0","0"
"POINT (11.587749561000066 48.201172970000073)","Unfall 223334 (2023) Kat:3, Licht: 0","223334","3","3","5","06","15","5","","0","1","1","0","0"
"POINT (11.501069291000022 48.180509171000040)","Unfall 223335 (2023) Kat:3, Licht: 0","223335","3","3","5","06","15","5","","0","1","1","0","0"
"POINT (11.528997373000038 48.177654549000067)","Unfall 223336 (2023) Kat:3, Licht: 0","223336","3","3","5","06","06","5","","0","1","1","0","0"
"POINT (11.502969510000071 48.132889392000038)","Unfall 223337 (2023) Kat:3, Licht: 0","223337","3","6","2","06","08","5","","0","1","0","0","0"
"POINT (11.630359002000034 48.099958658000048)","Unfall 223338 (2023) Kat:3, Licht: 0","223338","3","4","6","06","17","5","","0","1","0","1","0"
"POINT (11.645024192000051 48.164017516000058)","Unfall 223339 (2023) Kat:3, Licht: 0","223339","3","6","2","06","17","5","","0","1","0","0","0"
"POINT (11.595869465000021 48.125337822000063)","Unfall 223340 (2023) Kat:3, Licht: 0","223340","3","7","1","06","08","5","","0","1","1","0","0"
"POINT (11.516458620000037 48.117959307000035)","Unfall 223342 (2023) Kat:3, Licht: 0","223342","3","1","0","06","18","5","","0","1","0","0","0"
"POINT (11.578981446000057 48.145219204000057)","Unfall 223343 (2023) Kat:3, Licht: 0","223343","3","3","5","06","08","5","","0","1","1","0","0"
"POINT (11.533842573000072 48.187679021000065)","Unfall 223381 (2023) Kat:3, Licht: 2","223381","3","2","5","06","22","5","","2","1","1","0","0"
"POINT (11.650616379000041 48.087141268000039)","Unfall 223441 (2023) Kat:2, Licht: 0","223441","2","1","5","06","09","4","","0","1","1","0","0"
"POINT (11.529192050000063 48.177278110000032)","Unfall 223442 (2023) Kat:3, Licht: 0","223442","3","7","0","06","09","4","","0","1","1","0","0"
"POINT (11.609222647000024 48.131907788000035)","Unfall 223443 (2023) Kat:3, Licht: 0","223443","3","1","0","06","07","4","","0","0","0","0","1"
"POINT (11.586061108000024 48.171272695000027)","Unfall 223444 (2023) Kat:3, Licht: 2","223444","3","1","0","06","22","4","","2","0","0","0","0"
"POINT (11.558524902000045 48.150231905000055)","Unfall 223446 (2023) Kat:3, Licht: 0","223446","3","2","5","06","15","4","","0","1","1","0","0"
"POINT (11.574527603000035 48.140796675000047)","Unfall 223447 (2023) Kat:3, Licht: 0","223447","3","6","2","06","13","4","","0","1","0","0","0"
"POINT (11.567975840000031 48.132698168000047)","Unfall 223448 (2023) Kat:2, Licht: 0","223448","2","7","0","06","10","4","","0","1","0","0","0"
"POINT (11.572589647000029 48.177842804000079)","Unfall 223449 (2023) Kat:3, Licht: 0","223449","3","2","4","06","12","4","","0","1","0","0","0"
"POINT (11.534054211000068 48.189965382000025)","Unfall 223451 (2023) Kat:3, Licht: 0","223451","3","6","0","06","18","4","","0","1","0","0","0"
"POINT (11.653908597000054 48.118034288000047)","Unfall 223452 (2023) Kat:3, Licht: 0","223452","3","3","5","06","18","4","","0","1","1","0","0"
"POINT (11.685403241000074 48.120437010000046)","Unfall 223453 (2023) Kat:3, Licht: 0","223453","3","4","6","06","16","4","","0","1","0","1","0"
"POINT (11.436315831000059 48.169625020000069)","Unfall 223454 (2023) Kat:2, Licht: 0","223454","2","3","5","06","15","4","","0","1","0","0","0"
"POINT (11.559369923000077 48.125822572000061)","Unfall 223455 (2023) Kat:3, Licht: 0","223455","3","2","4","06","19","4","","0","1","1","0","0"
"POINT (11.544795185000055 48.150605410000026)","Unfall 223456 (2023) Kat:3, Licht: 0","223456","3","3","5","06","19","4","","0","1","1","0","0"
"POINT (11.513595039000052 48.181519946000037)","Unfall 223457 (2023) Kat:3, Licht: 0","223457","3","3","5","06","17","4","","0","1","1","0","0"
"POINT (11.555494304000035 48.165053987000078)","Unfall 223458 (2023) Kat:3, Licht: 0","223458","3","1","0","06","16","4","","0","1","0","0","0"
"POINT (11.478478771000027 48.116241396000078)","Unfall 223459 (2023) Kat:3, Licht: 0","223459","3","6","3","06","16","4","","0","1","0","0","0"
"POINT (11.631362887000023 48.126503385000035)","Unfall 223463 (2023) Kat:3, Licht: 0","223463","3","7","5","06","07","4","","0","1","0","0","0"
"POINT (11.584705099000075 48.109292509000056)","Unfall 223464 (2023) Kat:3, Licht: 0","223464","3","2","5","06","16","4","","0","1","0","0","0"
"POINT (11.582707720000030 48.119437308000045)","Unfall 223465 (2023) Kat:3, Licht: 0","223465","3","1","0","06","06","4","","0","0","0","0","1"
"POINT (11.580924279000044 48.124450848000038)","Unfall 223466 (2023) Kat:3, Licht: 2","223466","3","1","0","06","01","4","","2","0","0","0","0"
"POINT (11.582244819000039 48.119683510000073)","Unfall 223467 (2023) Kat:3, Licht: 0","223467","3","1","0","06","07","4","","0","1","0","0","0"
"POINT (11.579619777000062 48.121297879000053)","Unfall 223468 (2023) Kat:3, Licht: 2","223468","3","7","6","06","20","4","","2","0","1","1","0"
"POINT (11.576528979000045 48.142828952000059)","Unfall 223469 (2023) Kat:3, Licht: 2","223469","3","6","4","06","23","4","","2","1","0","0","0"
"POINT (11.562831603000063 48.154563944000074)","Unfall 223470 (2023) Kat:3, Licht: 0","223470","3","4","6","06","07","4","","0","1","0","1","0"
"POINT (11.570012902000030 48.145865573000037)","Unfall 223471 (2023) Kat:3, Licht: 0","223471","3","2","5","06","15","4","","0","1","1","0","0"
"POINT (11.534323364000045 48.182133527000076)","Unfall 223529 (2023) Kat:3, Licht: 0","223529","3","3","5","07","20","7","","0","1","1","0","0"
"POINT (11.520283491000043 48.150263149000068)","Unfall 223533 (2023) Kat:2, Licht: 0","223533","2","6","2","06","10","3","","0","1","0","0","0"
"POINT (11.690415836000057 48.133433982000042)","Unfall 223534 (2023) Kat:3, Licht: 2","223534","3","2","2","06","22","3","","2","0","1","0","0"
"POINT (11.556695678000040 48.186435210000070)","Unfall 223535 (2023) Kat:3, Licht: 0","223535","3","3","4","06","17","3","","0","1","1","0","0"
"POINT (11.429776200000049 48.186676587000079)","Unfall 223536 (2023) Kat:2, Licht: 0","223536","2","3","5","06","12","3","","0","1","1","0","0"
"POINT (11.547695246000046 48.126780597000050)","Unfall 223538 (2023) Kat:3, Licht: 0","223538","3","3","5","06","14","3","","0","1","1","0","0"
"POINT (11.567976376000047 48.154014339000071)","Unfall 223539 (2023) Kat:3, Licht: 0","223539","3","7","1","06","12","3","","0","1","1","0","0"
"POINT (11.551039095000021 48.125762239000039)","Unfall 223540 (2023) Kat:3, Licht: 0","223540","3","3","5","06","09","3","","0","1","1","0","0"
"POINT (11.572520445000066 48.189597613000046)","Unfall 223541 (2023) Kat:3, Licht: 0","223541","3","7","3","06","07","3","","0","0","1","0","1"
"POINT (11.524053117000051 48.187523110000029)","Unfall 223542 (2023) Kat:3, Licht: 0","223542","3","3","5","06","19","3","","0","1","0","0","0"
"POINT (11.671863941000026 48.122594215000049)","Unfall 223546 (2023) Kat:3, Licht: 0","223546","3","7","0","06","20","3","","0","1","0","0","0"
"POINT (11.602217791000044 48.123957761000042)","Unfall 223547 (2023) Kat:3, Licht: 0","223547","3","2","5","06","17","3","","0","1","1","0","0"
"POINT (11.548984518000054 48.112177943000063)","Unfall 223548 (2023) Kat:3, Licht: 0","223548","3","3","6","06","07","3","","0","1","0","1","0"
"POINT (11.572263949000046 48.156064062000041)","Unfall 223549 (2023) Kat:3, Licht: 0","223549","3","2","5","06","16","3","","0","1","0","0","0"
"POINT (11.594500659000062 48.141843196000082)","Unfall 223550 (2023) Kat:3, Licht: 0","223550","3","2","0","06","09","3","","0","1","1","0","0"
"POINT (11.538004952000051 48.125515739000036)","Unfall 223601 (2023) Kat:3, Licht: 0","223601","3","6","3","06","08","2","","0","1","0","0","0"
"POINT (11.542249020000042 48.126414827000076)","Unfall 223602 (2023) Kat:3, Licht: 0","223602","3","3","5","06","08","2","","0","1","1","0","0"
"POINT (11.605697960000043 48.126180287000068)","Unfall 223604 (2023) Kat:3, Licht: 0","223604","3","2","4","06","17","2","","0","1","1","0","0"
"POINT (11.587048437000021 48.167360305000045)","Unfall 223605 (2023) Kat:3, Licht: 0","223605","3","1","0","06","11","2","","0","1","0","0","0"
"POINT (11.517815805000055 48.130286080000076)","Unfall 223607 (2023) Kat:3, Licht: 0","223607","3","3","5","06","14","2","","0","1","1","0","0"
"POINT (11.610870466000051 48.198849518000031)","Unfall 223608 (2023) Kat:3, Licht: 0","223608","3","7","0","06","17","2","","0","0","1","0","1"
"POINT (11.643452058000037 48.169330635000051)","Unfall 223609 (2023) Kat:3, Licht: 0","223609","3","3","5","06","13","2","","0","1","1","0","0"
"POINT (11.589581661000068 48.201197956000044)","Unfall 223611 (2023) Kat:3, Licht: 2","223611","3","3","5","06","00","2","","2","0","1","0","0"
"POINT (11.599248732000035 48.125106564000077)","Unfall 223612 (2023) Kat:3, Licht: 1","223612","3","6","3","06","21","2","","1","1","0","0","0"
"POINT (11.669557441000052 48.125309327000082)","Unfall 223613 (2023) Kat:2, Licht: 0","223613","2","4","6","06","13","2","","0","1","0","1","0"
"POINT (11.612296730000025 48.192245734000039)","Unfall 223614 (2023) Kat:3, Licht: 0","223614","3","5","0","06","12","2","","0","1","1","0","0"
"POINT (11.471826388000068 48.130388741000047)","Unfall 223616 (2023) Kat:3, Licht: 0","223616","3","3","5","06","17","2","","0","1","1","0","0"
"POINT (11.518440335000037 48.182394369000065)","Unfall 223617 (2023) Kat:3, Licht: 0","223617","3","4","6","06","18","2","","0","0","1","1","0"
"POINT (11.530871364000063 48.099858160000053)","Unfall 223618 (2023) Kat:3, Licht: 0","223618","3","6","3","06","13","2","","0","1","1","0","0"
"POINT (11.558445002000042 48.129176517000076)","Unfall 223619 (2023) Kat:3, Licht: 0","223619","3","4","6","06","14","2","","0","0","1","1","0"
"POINT (11.590425514000060 48.166636219000054)","Unfall 223620 (2023) Kat:3, Licht: 0","223620","3","7","4","06","13","2","","0","0","0","0","0"
"POINT (11.585514766000074 48.159212279000030)","Unfall 223621 (2023) Kat:3, Licht: 0","223621","3","3","5","06","15","2","","0","0","1","0","0"
"POINT (11.569225990000064 48.145068115000072)","Unfall 223622 (2023) Kat:3, Licht: 0","223622","3","3","3","06","08","2","","0","1","1","0","0"
"POINT (11.589149351000060 48.106589499000052)","Unfall 223633 (2023) Kat:3, Licht: 0","223633","3","7","1","07","13","7","","0","1","1","0","0"
"POINT (11.554396450000070 48.123080440000081)","Unfall 223684 (2023) Kat:3, Licht: 0","223684","3","2","2","06","19","1","","0","0","1","0","1"
"POINT (11.568754151000064 48.137571843000046)","Unfall 223685 (2023) Kat:3, Licht: 0","223685","3","1","1","06","19","1","","0","0","1","0","0"
"POINT (11.608496922000029 48.186176098000033)","Unfall 223686 (2023) Kat:3, Licht: 0","223686","3","3","5","06","20","1","","0","1","1","0","0"
"POINT (11.451568119000058 48.191936937000037)","Unfall 223688 (2023) Kat:3, Licht: 0","223688","3","7","1","06","20","1","","0","1","1","0","0"
"POINT (11.588875965000057 48.156079044000080)","Unfall 223690 (2023) Kat:3, Licht: 2","223690","3","7","1","06","00","1","","2","1","1","0","0"
"POINT (11.589139972000055 48.137292131000038)","Unfall 223691 (2023) Kat:2, Licht: 2","223691","2","3","5","06","00","1","","2","0","1","0","0"
"POINT (11.655564610000056 48.096237122000048)","Unfall 223692 (2023) Kat:2, Licht: 0","223692","2","2","5","06","18","1","","0","1","1","0","0"
"POINT (11.502916165000045 48.131124454000030)","Unfall 223693 (2023) Kat:3, Licht: 0","223693","3","6","2","06","16","1","","0","0","1","0","0"
"POINT (11.566755024000031 48.133467306000057)","Unfall 223694 (2023) Kat:3, Licht: 2","223694","3","6","0","06","22","1","","2","1","0","0","0"
"POINT (11.427779340000029 48.151399699000081)","Unfall 223773 (2023) Kat:3, Licht: 2","223773","3","1","9","06","23","7","","2","1","0","0","0"
"POINT (11.572084133000033 48.139370415000030)","Unfall 223774 (2023) Kat:3, Licht: 2","223774","3","7","1","06","02","7","","2","1","1","1","0"
"POINT (11.566538321000053 48.133425584000065)","Unfall 223775 (2023) Kat:3, Licht: 0","223775","3","3","5","06","09","7","","0","0","1","0","0"
"POINT (11.562965926000061 48.177460380000070)","Unfall 223776 (2023) Kat:3, Licht: 2","223776","3","1","0","06","23","5","","2","1","0","0","0"
"POINT (11.569638425000051 48.154776761000051)","Unfall 223777 (2023) Kat:2, Licht: 2","223777","2","1","7","06","23","7","","2","1","0","0","0"
"POINT (11.541970702000071 48.121938370000066)","Unfall 223778 (2023) Kat:3, Licht: 0","223778","3","1","0","06","16","7","","0","1","0","0","0"
"POINT (11.575159802000030 48.150465164000082)","Unfall 223779 (2023) Kat:3, Licht: 2","223779","3","1","8","06","01","7","","2","0","0","0","0"
"POINT (11.503055409000069 48.136063972000045)","Unfall 223781 (2023) Kat:3, Licht: 0","223781","3","7","0","06","14","7","","0","1","0","0","0"
"POINT (11.461316000000068 48.181668734000027)","Unfall 223782 (2023) Kat:3, Licht: 0","223782","3","3","5","06","05","7","","0","0","1","0","0"
"POINT (11.557523928000023 48.143497691000050)","Unfall 223783 (2023) Kat:3, Licht: 0","223783","3","7","0","06","19","7","","0","1","1","0","0"
"POINT (11.566420456000060 48.133382797000081)","Unfall 223784 (2023) Kat:3, Licht: 2","223784","3","3","5","06","21","7","","2","0","1","0","0"
"POINT (11.480890376000048 48.138589251000042)","Unfall 223785 (2023) Kat:2, Licht: 0","223785","2","6","1","06","10","7","","0","1","1","0","0"
"POINT (11.686059347000025 48.132983239000055)","Unfall 223787 (2023) Kat:3, Licht: 0","223787","3","7","0","06","13","7","","0","1","0","0","0"
"POINT (11.660779860000048 48.113988039000049)","Unfall 223788 (2023) Kat:3, Licht: 0","223788","3","3","5","06","09","7","","0","0","1","0","0"
"POINT (11.616482358000042 48.148841764000053)","Unfall 223789 (2023) Kat:3, Licht: 0","223789","3","2","3","06","10","7","","0","1","1","0","0"
"POINT (11.613374256000043 48.142119801000035)","Unfall 223790 (2023) Kat:3, Licht: 0","223790","3","3","5","06","13","7","","0","0","1","0","0"
"POINT (11.616137423000055 48.120665691000056)","Unfall 223791 (2023) Kat:3, Licht: 0","223791","3","6","2","06","12","7","","0","0","1","0","0"
"POINT (12.278224862000059 49.089788768000062)","Unfall 223792 (2023) Kat:3, Licht: 0","223792","3","1","0","06","17","7","","0","1","0","0","0"
"POINT (11.606647095000028 48.143603779000046)","Unfall 223870 (2023) Kat:3, Licht: 0","223870","3","7","0","06","13","6","","0","1","0","0","0"
"POINT (11.456394446000047 48.165296173000058)","Unfall 223871 (2023) Kat:3, Licht: 0","223871","3","6","2","06","14","6","","0","0","1","0","0"
"POINT (11.602591300000029 48.113946081000051)","Unfall 223872 (2023) Kat:3, Licht: 0","223872","3","6","2","06","09","6","","0","0","1","0","1"
"POINT (11.589347532000033 48.136882461000027)","Unfall 223873 (2023) Kat:3, Licht: 0","223873","3","6","2","06","18","6","","0","1","1","0","0"
"POINT (11.550369895000074 48.119450804000053)","Unfall 223874 (2023) Kat:3, Licht: 0","223874","3","2","1","06","16","6","","0","0","1","0","1"
"POINT (11.584824608000076 48.162096341000051)","Unfall 223875 (2023) Kat:2, Licht: 0","223875","2","7","6","06","13","6","","0","0","0","1","0"
"POINT (11.557229933000031 48.150252066000064)","Unfall 223876 (2023) Kat:3, Licht: 0","223876","3","4","6","06","08","6","","0","1","1","1","0"
"POINT (11.477374213000076 48.116191172000072)","Unfall 223877 (2023) Kat:2, Licht: 0","223877","2","2","5","06","16","6","","0","0","1","0","1"
"POINT (11.534757174000049 48.120403684000053)","Unfall 223878 (2023) Kat:3, Licht: 0","223878","3","3","5","06","16","6","","0","1","0","0","0"
"POINT (11.503167393000069 48.139683056000081)","Unfall 223880 (2023) Kat:3, Licht: 0","223880","3","2","0","06","13","6","","0","0","1","0","0"
"POINT (11.522878760000026 48.163961676000042)","Unfall 223881 (2023) Kat:3, Licht: 0","223881","3","6","4","06","19","6","","0","1","0","0","0"
"POINT (11.532074786000067 48.155995652000058)","Unfall 223882 (2023) Kat:3, Licht: 0","223882","3","4","6","06","14","6","","0","1","0","1","0"
"POINT (11.480997800000068 48.089890675000049)","Unfall 223883 (2023) Kat:3, Licht: 0","223883","3","3","0","06","08","6","","0","1","1","0","0"
"POINT (11.582668855000065 48.210790173000078)","Unfall 223884 (2023) Kat:3, Licht: 0","223884","3","6","3","06","15","6","","0","0","1","0","1"
"POINT (11.528435084000023 48.102417062000029)","Unfall 223885 (2023) Kat:3, Licht: 0","223885","3","2","3","06","09","6","","0","1","1","0","0"
"POINT (11.601199251000025 48.104367113000080)","Unfall 223886 (2023) Kat:3, Licht: 0","223886","3","1","0","06","08","6","","0","1","0","0","0"
"POINT (11.577002009000068 48.115703206000035)","Unfall 223887 (2023) Kat:3, Licht: 0","223887","3","6","2","06","10","6","","0","0","1","0","0"
"POINT (11.583411431000059 48.119161968000071)","Unfall 223888 (2023) Kat:3, Licht: 0","223888","3","1","1","06","20","6","","0","1","1","0","0"
"POINT (11.561167394000051 48.139445820000049)","Unfall 223889 (2023) Kat:3, Licht: 2","223889","3","1","0","06","23","6","","2","0","0","0","0"
"POINT (11.492740201000061 48.141090742000074)","Unfall 223936 (2023) Kat:3, Licht: 2","223936","3","7","0","06","22","5","","2","0","0","1","1"
"POINT (11.517683543000032 48.117726226000059)","Unfall 223937 (2023) Kat:3, Licht: 2","223937","3","1","0","06","21","5","","2","1","0","0","0"
"POINT (11.618468572000040 48.207475842000065)","Unfall 223938 (2023) Kat:3, Licht: 0","223938","3","3","5","06","06","5","","0","1","1","0","0"
"POINT (11.633380144000057 48.118140940000046)","Unfall 223939 (2023) Kat:3, Licht: 0","223939","3","6","2","06","10","5","","0","1","0","0","0"
"POINT (11.538155146000065 48.150293903000033)","Unfall 223940 (2023) Kat:3, Licht: 2","223940","3","4","6","06","19","5","","2","1","0","1","0"
"POINT (11.415972369000031 48.156749816000058)","Unfall 223941 (2023) Kat:2, Licht: 0","223941","2","7","0","06","12","5","","0","0","0","0","1"
"POINT (11.563534233000041 48.149983096000028)","Unfall 223942 (2023) Kat:2, Licht: 2","223942","2","2","5","06","22","5","","2","1","0","0","0"
"POINT (11.529772929000046 48.182056759000034)","Unfall 223943 (2023) Kat:2, Licht: 0","223943","2","3","4","06","11","5","","0","0","0","0","1"
"POINT (11.676223189000041 48.113199905000045)","Unfall 223944 (2023) Kat:3, Licht: 0","223944","3","2","5","06","18","5","","0","1","1","0","0"
"POINT (11.574074467000059 48.120073889000025)","Unfall 223945 (2023) Kat:2, Licht: 0","223945","2","2","5","06","11","5","","0","1","0","0","0"
"POINT (11.572680896000065 48.187270160000025)","Unfall 223946 (2023) Kat:3, Licht: 0","223946","3","3","4","06","15","5","","0","0","1","0","0"
"POINT (11.507505384000069 48.180438762000051)","Unfall 223947 (2023) Kat:3, Licht: 0","223947","3","5","3","06","12","5","","0","0","1","0","0"
"POINT (11.565274824000028 48.175511738000068)","Unfall 223948 (2023) Kat:3, Licht: 0","223948","3","3","5","06","14","5","","0","1","1","0","0"
"POINT (11.555020287000048 48.214722734000077)","Unfall 223949 (2023) Kat:3, Licht: 0","223949","3","1","0","06","19","5","","0","0","0","0","0"
"POINT (11.519557598000063 48.159190867000063)","Unfall 223950 (2023) Kat:3, Licht: 0","223950","3","6","4","06","12","5","","0","0","1","0","1"
"POINT (11.585038660000066 48.099339361000034)","Unfall 223951 (2023) Kat:3, Licht: 0","223951","3","6","3","06","14","5","","0","0","1","0","0"
"POINT (11.626238478000062 48.131616806000068)","Unfall 223983 (2023) Kat:3, Licht: 0","223983","3","3","5","06","18","6","","0","0","1","0","0"
"POINT (11.570050173000027 48.167492512000081)","Unfall 223991 (2023) Kat:2, Licht: 2","223991","2","7","0","06","22","3","","2","0","0","0","0"
"POINT (11.534911953000062 48.121363342000052)","Unfall 224025 (2023) Kat:3, Licht: 0","224025","3","2","5","06","18","4","","0","1","0","0","0"
"POINT (11.479028933000052 48.122259657000029)","Unfall 224026 (2023) Kat:3, Licht: 0","224026","3","2","5","06","09","2","","0","0","1","0","1"
"POINT (11.636773754000046 48.103091559000063)","Unfall 224027 (2023) Kat:3, Licht: 0","224027","3","2","5","06","11","4","","0","1","1","0","0"
"POINT (11.542246775000024 48.162798953000049)","Unfall 224028 (2023) Kat:2, Licht: 2","224028","2","2","5","06","22","4","","2","0","1","0","0"
"POINT (11.581982138000058 48.120438798000066)","Unfall 224029 (2023) Kat:3, Licht: 0","224029","3","6","3","06","17","4","","0","1","1","0","0"
"POINT (11.573911503000033 48.094801772000039)","Unfall 224030 (2023) Kat:3, Licht: 0","224030","3","6","3","06","12","4","","0","0","1","0","1"
"POINT (11.523674311000036 48.099304925000069)","Unfall 224031 (2023) Kat:3, Licht: 2","224031","3","3","5","06","22","4","","2","0","1","0","0"
"POINT (11.535869523000031 48.152012977000027)","Unfall 224032 (2023) Kat:3, Licht: 0","224032","3","5","0","06","16","4","","0","0","1","0","0"
"POINT (11.477617940000073 48.116486713000029)","Unfall 224033 (2023) Kat:3, Licht: 0","224033","3","6","6","06","20","4","","0","1","0","1","0"
"POINT (11.471967703000075 48.164670374000082)","Unfall 224034 (2023) Kat:3, Licht: 0","224034","3","3","5","06","17","4","","0","0","1","0","0"
"POINT (11.572429009000075 48.129475262000028)","Unfall 224035 (2023) Kat:3, Licht: 2","224035","3","7","1","06","00","4","","2","0","1","1","0"
"POINT (11.454137355000057 48.145456806000027)","Unfall 224036 (2023) Kat:3, Licht: 0","224036","3","7","1","06","12","4","","0","0","1","0","0"
"POINT (11.507083649000037 48.163780421000070)","Unfall 224037 (2023) Kat:3, Licht: 0","224037","3","6","1","06","08","4","","0","0","1","0","0"
"POINT (11.577279600000054 48.120764936000057)","Unfall 224039 (2023) Kat:3, Licht: 0","224039","3","6","2","06","08","4","","0","1","1","0","0"
"POINT (11.580347682000024 48.096354610000049)","Unfall 224040 (2023) Kat:2, Licht: 0","224040","2","6","3","06","11","7","","0","1","1","0","0"
"POINT (11.482886958000051 48.130110155000068)","Unfall 224041 (2023) Kat:2, Licht: 0","224041","2","7","0","06","10","4","","0","1","0","0","0"
"POINT (11.646295638000026 48.101899571000047)","Unfall 224042 (2023) Kat:3, Licht: 0","224042","3","1","0","06","18","4","","0","1","1","0","0"