WKT,Name,OBJECTID,UKATEGORIE,UTYP1,UART,UMONAT,USTUNDE,UWOCHENTAG,STRZUSTAND,ULICHTVERH,ISTRAD,ISTPKW,ISTFUSS,ISTKRAD
"POINT (11.595857850000073 48.141646000000037)","Unfall 224043 (2023) Kat:3, Licht: 0","224043","3","6","4","06","18","4","","0","1","0","0","0"
"POINT (11.622512619000076 48.148574570000051)","Unfall 224044 (2023) Kat:3, Licht: 0","224044","3","2","4","06","08","4","","0","1","1","0","0"
"POINT (11.577657352000074 48.163743776000047)","Unfall 224045 (2023) Kat:2, Licht: 0","224045","2","4","5","06","07","4","","0","1","0","1","0"
"POINT (11.583129972000052 48.138513983000053)","Unfall 224046 (2023) Kat:3, Licht: 0","224046","3","6","2","06","16","4","","0","1","1","0","0"
"POINT (11.582838551000066 48.133766044000026)","Unfall 224047 (2023) Kat:3, Licht: 0","224047","3","1","0","06","17","4","","0","1","0","0","0"
"POINT (11.499742433000051 48.135594250000054)","Unfall 224121 (2023) Kat:3, Licht: 0","224121","3","6","5","07","19","6","","0","1","0","0","0"
"POINT (11.603476110000031 48.149269511000057)","Unfall 224123 (2023) Kat:3, Licht: 0","224123","3","1","0","07","08","6","","0","1","0","0","0"
"POINT (11.614349118000064 48.132196059000080)","Unfall 224124 (2023) Kat:3, Licht: 0","224124","3","7","0","07","18","6","","0","0","0","0","1"
"POINT (11.566795893000062 48.123437442000068)","Unfall 224125 (2023) Kat:3, Licht: 0","224125","3","6","3","07","12","6","","0","1","0","0","0"
"POINT (11.575452550000023 48.131355453000026)","Unfall 224194 (2023) Kat:3, Licht: 0","224194","3","1","5","07","07","5","","0","1","1","0","0"
"POINT (11.446170019000022 48.184457507000047)","Unfall 224195 (2023) Kat:3, Licht: 0","224195","3","1","4","07","19","5","","0","1","0","0","0"
"POINT (11.581632215000070 48.138808277000066)","Unfall 224196 (2023) Kat:3, Licht: 0","224196","3","1","0","07","05","5","","0","1","0","0","0"
"POINT (11.640727189000074 48.118379180000034)","Unfall 224197 (2023) Kat:3, Licht: 0","224197","3","3","5","07","17","5","","0","0","1","0","1"
"POINT (11.621536719000062 48.125586235000071)","Unfall 224198 (2023) Kat:3, Licht: 0","224198","3","4","6","07","13","5","","0","0","1","1","0"
"POINT (11.576980332000062 48.138948685000059)","Unfall 224199 (2023) Kat:3, Licht: 0","224199","3","4","6","07","12","5","","0","1","0","1","0"
"POINT (11.512783822000074 48.175623131000066)","Unfall 224200 (2023) Kat:3, Licht: 0","224200","3","3","5","07","08","5","","0","1","1","0","0"
"POINT (11.541906894000022 48.163006953000036)","Unfall 224201 (2023) Kat:3, Licht: 0","224201","3","1","0","07","09","5","","0","1","0","0","0"
"POINT (11.685285038000075 48.134302426000033)","Unfall 224203 (2023) Kat:3, Licht: 2","224203","3","1","0","07","22","5","","2","0","0","0","1"
"POINT (11.592472911000073 48.114985578000073)","Unfall 224204 (2023) Kat:3, Licht: 0","224204","3","2","5","07","20","5","","0","0","1","0","0"
"POINT (11.549047764000022 48.136216426000033)","Unfall 224205 (2023) Kat:3, Licht: 0","224205","3","7","0","07","07","5","","0","1","0","0","0"
"POINT (11.585020521000047 48.163376335000066)","Unfall 224206 (2023) Kat:3, Licht: 0","224206","3","6","2","07","09","5","","0","1","1","0","0"
"POINT (11.573895918000062 48.120075773000053)","Unfall 224270 (2023) Kat:3, Licht: 0","224270","3","6","2","07","14","4","","0","0","1","0","0"
"POINT (11.502977245000068 48.126200602000040)","Unfall 224271 (2023) Kat:3, Licht: 0","224271","3","2","5","07","12","4","","0","0","1","0","0"
"POINT (11.548200395000038 48.186177226000041)","Unfall 224272 (2023) Kat:3, Licht: 0","224272","3","6","3","07","12","4","","0","0","1","0","1"
"POINT (11.549771473000021 48.136048328000072)","Unfall 224273 (2023) Kat:3, Licht: 0","224273","3","7","0","07","10","4","","0","1","0","0","0"
"POINT (11.586872137000057 48.201095752000072)","Unfall 224276 (2023) Kat:3, Licht: 0","224276","3","6","2","07","17","4","","0","0","1","0","1"
"POINT (11.512205495000046 48.187579605000053)","Unfall 224277 (2023) Kat:3, Licht: 0","224277","3","1","0","07","11","4","","0","1","0","0","0"
"POINT (11.635551067000051 48.127264917000048)","Unfall 224278 (2023) Kat:3, Licht: 0","224278","3","5","1","07","07","4","","0","1","1","0","0"
"POINT (11.590140387000076 48.094888788000048)","Unfall 224279 (2023) Kat:3, Licht: 0","224279","3","3","5","07","06","4","","0","1","1","0","0"
"POINT (11.647763604000033 48.109178689000032)","Unfall 224290 (2023) Kat:3, Licht: 0","224290","3","6","4","07","07","4","","0","1","0","0","0"
"POINT (11.407240963000049 48.128290338000056)","Unfall 224336 (2023) Kat:3, Licht: 0","224336","3","6","2","07","16","4","","0","0","1","0","0"
"POINT (11.547614406000037 48.126864845000057)","Unfall 224339 (2023) Kat:3, Licht: 0","224339","3","1","0","07","08","3","","0","0","0","0","1"
"POINT (11.585075136000057 48.163374786000077)","Unfall 224340 (2023) Kat:3, Licht: 0","224340","3","5","1","07","14","3","","0","1","1","0","0"
"POINT (11.578254673000060 48.126364683000077)","Unfall 224341 (2023) Kat:2, Licht: 0","224341","2","4","9","07","19","3","","0","1","0","1","0"
"POINT (11.518732674000034 48.201143910000042)","Unfall 224342 (2023) Kat:3, Licht: 0","224342","3","3","5","07","11","3","","0","1","1","0","0"
"POINT (11.579874039000060 48.157714713000075)","Unfall 224343 (2023) Kat:3, Licht: 0","224343","3","6","1","07","13","3","","0","0","1","0","0"
"POINT (11.578533667000045 48.126157860000035)","Unfall 224344 (2023) Kat:3, Licht: 0","224344","3","6","2","07","12","3","","0","1","0","0","1"
"POINT (11.594690646000060 48.085884706000058)","Unfall 224345 (2023) Kat:3, Licht: 0","224345","3","3","5","07","17","3","","0","1","1","0","0"
"POINT (11.499171115000024 48.135610792000080)","Unfall 224346 (2023) Kat:3, Licht: 0","224346","3","5","1","07","18","3","","0","0","1","0","0"
"POINT (11.498340608000035 48.179767006000077)","Unfall 224347 (2023) Kat:3, Licht: 0","224347","3","3","5","07","16","3","","0","1","0","0","0"
"POINT (11.618430839000041 48.102950427000053)","Unfall 224348 (2023) Kat:3, Licht: 0","224348","3","7","1","07","17","3","","0","1","1","0","0"
"POINT (11.535059793000073 48.149965562000034)","Unfall 224349 (2023) Kat:3, Licht: 0","224349","3","3","5","07","08","3","","0","0","1","0","1"
"POINT (11.513502775000063 48.217266607000056)","Unfall 224350 (2023) Kat:2, Licht: 0","224350","2","2","0","07","14","3","","0","1","1","0","0"
"POINT (11.611414233000062 48.089072905000080)","Unfall 224351 (2023) Kat:3, Licht: 0","224351","3","7","1","07","16","3","","0","0","0","0","1"
"POINT (11.599374910000051 48.103195927000058)","Unfall 224352 (2023) Kat:2, Licht: 0","224352","2","7","7","07","09","3","","0","1","0","0","0"
"POINT (11.567443129000026 48.159201891000066)","Unfall 224353 (2023) Kat:3, Licht: 0","224353","3","7","0","07","13","3","","0","0","1","0","0"
"POINT (11.508094644000039 48.163312540000049)","Unfall 224355 (2023) Kat:3, Licht: 0","224355","3","6","3","07","18","3","","0","0","1","0","0"
"POINT (11.569100396000067 48.131161216000066)","Unfall 224356 (2023) Kat:3, Licht: 0","224356","3","2","4","07","15","3","","0","1","1","0","0"
"POINT (11.477407401000050 48.183476999000050)","Unfall 224357 (2023) Kat:3, Licht: 1","224357","3","7","6","07","20","3","","1","0","1","1","0"
"POINT (11.577074352000068 48.192485027000032)","Unfall 224358 (2023) Kat:3, Licht: 0","224358","3","3","5","07","20","3","","0","0","1","0","1"
"POINT (11.568181179000021 48.187374181000052)","Unfall 224359 (2023) Kat:3, Licht: 0","224359","3","3","5","07","16","3","","0","1","1","0","0"
"POINT (11.558890019000046 48.147329716000058)","Unfall 224363 (2023) Kat:3, Licht: 0","224363","3","6","2","07","17","3","","0","0","1","0","1"
"POINT (11.588278626000033 48.114505887000064)","Unfall 224364 (2023) Kat:3, Licht: 0","224364","3","6","4","07","16","3","","0","1","0","0","0"
"POINT (11.597361651000028 48.133307984000055)","Unfall 224365 (2023) Kat:3, Licht: 0","224365","3","1","0","07","19","3","","0","1","0","0","0"
"POINT (11.600814666000076 48.119678862000058)","Unfall 224366 (2023) Kat:3, Licht: 0","224366","3","2","4","07","08","3","","0","0","1","0","1"
"POINT (11.571219829000029 48.141614433000029)","Unfall 224367 (2023) Kat:3, Licht: 0","224367","3","2","5","07","14","3","","0","1","1","0","0"
"POINT (11.571878560000073 48.143996667000067)","Unfall 224368 (2023) Kat:3, Licht: 1","224368","3","2","6","07","20","3","","1","1","0","1","0"
"POINT (11.518356803000074 48.140151690000039)","Unfall 224416 (2023) Kat:3, Licht: 0","224416","3","3","5","07","13","3","","0","1","1","0","0"
"POINT (11.560854329000051 48.139623900000061)","Unfall 224441 (2023) Kat:3, Licht: 0","224441","3","7","6","07","08","4","","0","0","1","1","0"
"POINT (11.644329295000034 48.089138214000059)","Unfall 224445 (2023) Kat:3, Licht: 0","224445","3","1","5","07","12","2","","0","1","0","0","0"
"POINT (11.544768054000031 48.127786749000052)","Unfall 224446 (2023) Kat:3, Licht: 0","224446","3","1","5","07","17","2","","0","0","1","0","1"
"POINT (11.552993757000024 48.148477705000062)","Unfall 224447 (2023) Kat:3, Licht: 0","224447","3","7","0","07","12","2","","0","1","1","0","0"
"POINT (11.602684233000048 48.127452053000070)","Unfall 224448 (2023) Kat:3, Licht: 0","224448","3","7","6","07","12","2","","0","1","1","1","0"
"POINT (11.558842378000065 48.100174532000040)","Unfall 224449 (2023) Kat:3, Licht: 0","224449","3","1","0","07","12","2","","0","0","0","0","1"
"POINT (11.600192671000059 48.143721881000033)","Unfall 224450 (2023) Kat:3, Licht: 0","224450","3","2","1","07","16","2","","0","1","1","0","0"
"POINT (11.599855321000064 48.166076155000042)","Unfall 224451 (2023) Kat:3, Licht: 0","224451","3","2","4","07","16","2","","0","1","1","0","0"
"POINT (11.637114618000055 48.156767999000067)","Unfall 224452 (2023) Kat:3, Licht: 1","224452","3","7","1","07","21","2","","1","1","1","0","0"
"POINT (11.560359786000049 48.147192710000070)","Unfall 224453 (2023) Kat:3, Licht: 0","224453","3","6","2","07","08","2","","0","1","0","0","0"
"POINT (11.568207667000024 48.133782172000053)","Unfall 224454 (2023) Kat:3, Licht: 0","224454","3","7","0","07","19","2","","0","1","0","0","0"
"POINT (11.502577186000053 48.119181682000033)","Unfall 224455 (2023) Kat:2, Licht: 2","224455","2","7","7","07","21","2","","2","0","0","1","1"
"POINT (11.533601369000053 48.116591132000053)","Unfall 224456 (2023) Kat:3, Licht: 0","224456","3","6","3","07","15","2","","0","1","0","0","0"
"POINT (11.564546347000032 48.136336037000035)","Unfall 224457 (2023) Kat:3, Licht: 0","224457","3","7","5","07","09","2","","0","1","1","0","0"
"POINT (11.461939197000049 48.188955078000049)","Unfall 224458 (2023) Kat:3, Licht: 0","224458","3","6","3","07","18","2","","0","1","0","0","0"
"POINT (11.509492924000028 48.136042817000032)","Unfall 224459 (2023) Kat:3, Licht: 0","224459","3","3","5","07","17","2","","0","1","1","0","0"
"POINT (11.699557028000072 48.128505061000055)","Unfall 224460 (2023) Kat:3, Licht: 0","224460","3","7","0","07","16","2","","0","1","0","1","0"
"POINT (11.556541501000027 48.090489434000062)","Unfall 224461 (2023) Kat:3, Licht: 0","224461","3","1","4","07","08","2","","0","0","1","0","0"
"POINT (11.596201229000030 48.136006099000042)","Unfall 224462 (2023) Kat:3, Licht: 0","224462","3","7","0","07","12","2","","0","1","0","0","0"
"POINT (11.597847940000065 48.126218579000067)","Unfall 224463 (2023) Kat:3, Licht: 0","224463","3","6","2","07","06","2","","0","1","0","0","0"
"POINT (11.574644972000044 48.160371058000067)","Unfall 224464 (2023) Kat:3, Licht: 0","224464","3","6","0","07","11","2","","0","0","1","0","1"
"POINT (11.579351584000051 48.139253708000069)","Unfall 224465 (2023) Kat:3, Licht: 0","224465","3","1","0","07","19","2","","0","1","0","0","0"
"POINT (11.566952051000044 48.133481400000051)","Unfall 224466 (2023) Kat:3, Licht: 0","224466","3","6","3","07","12","2","","0","1","1","0","1"
"POINT (11.429219555000032 48.178260562000048)","Unfall 224525 (2023) Kat:3, Licht: 0","224525","3","6","3","07","12","2","","0","0","1","0","0"
"POINT (11.417816567000045 48.155032755000036)","Unfall 224537 (2023) Kat:3, Licht: 0","224537","3","7","0","07","17","1","","0","1","0","0","0"
"POINT (11.598658964000037 48.141058055000030)","Unfall 224538 (2023) Kat:3, Licht: 0","224538","3","6","3","07","14","1","","0","0","1","0","0"
"POINT (11.583614277000038 48.119035155000063)","Unfall 224539 (2023) Kat:3, Licht: 2","224539","3","2","4","07","22","2","","2","1","1","0","0"
"POINT (11.523907002000044 48.099214440000026)","Unfall 224540 (2023) Kat:3, Licht: 2","224540","3","3","5","07","00","1","","2","0","1","0","0"
"POINT (11.578819016000068 48.145294264000029)","Unfall 224543 (2023) Kat:3, Licht: 0","224543","3","3","5","07","20","1","","0","1","1","0","0"
"POINT (11.547423501000026 48.159556300000077)","Unfall 224544 (2023) Kat:1, Licht: 2","224544","1","3","5","07","00","1","","2","0","1","1","0"
"POINT (11.551516430000049 48.185968976000026)","Unfall 224545 (2023) Kat:3, Licht: 0","224545","3","6","4","07","09","1","","0","1","0","0","0"
"POINT (11.477971150000030 48.161695817000066)","Unfall 224546 (2023) Kat:3, Licht: 0","224546","3","1","0","07","15","1","","0","1","0","0","0"
"POINT (11.531608719000076 48.102745838000033)","Unfall 224548 (2023) Kat:3, Licht: 0","224548","3","3","5","07","19","1","","0","1","1","0","0"
"POINT (11.528545978000068 48.090501447000065)","Unfall 224549 (2023) Kat:3, Licht: 0","224549","3","2","5","07","11","1","","0","1","1","0","0"
"POINT (11.576327726000045 48.127788092000060)","Unfall 224550 (2023) Kat:3, Licht: 0","224550","3","2","5","07","16","1","","0","1","1","0","0"
"POINT (11.565320985000028 48.148144407000075)","Unfall 224551 (2023) Kat:3, Licht: 2","224551","3","1","0","07","01","1","","2","0","0","0","0"
"POINT (11.568605606000062 48.156767561000038)","Unfall 224618 (2023) Kat:3, Licht: 0","224618","3","1","5","07","15","7","","0","0","1","0","0"
"POINT (11.557763367000064 48.150868597000056)","Unfall 224619 (2023) Kat:3, Licht: 0","224619","3","1","9","07","17","7","","0","1","0","0","0"
"POINT (11.574711558000047 48.142211383000074)","Unfall 224620 (2023) Kat:3, Licht: 0","224620","3","7","0","07","13","7","","0","1","0","0","0"
"POINT (11.578197856000031 48.126406838000037)","Unfall 224621 (2023) Kat:3, Licht: 0","224621","3","4","6","07","18","7","","0","1","0","1","0"
"POINT (11.656292853000025 48.108724879000079)","Unfall 224622 (2023) Kat:3, Licht: 0","224622","3","2","3","07","16","7","","0","1","1","0","0"
"POINT (11.583046194000076 48.115115757000069)","Unfall 224623 (2023) Kat:3, Licht: 0","224623","3","3","5","07","20","7","","0","0","1","0","0"
"POINT (11.532258430000070 48.184829958000080)","Unfall 224624 (2023) Kat:2, Licht: 0","224624","2","2","4","07","18","7","","0","0","1","0","1"
"POINT (11.555249465000031 48.180747661000055)","Unfall 224625 (2023) Kat:3, Licht: 0","224625","3","4","6","07","11","7","","0","0","1","1","0"
"POINT (11.607231878000050 48.203366735000031)","Unfall 224626 (2023) Kat:3, Licht: 0","224626","3","7","8","07","07","7","","0","0","1","0","0"
"POINT (11.645839999000032 48.120980166000038)","Unfall 224627 (2023) Kat:3, Licht: 0","224627","3","3","5","07","14","7","","0","0","1","0","0"
"POINT (11.534105297000053 48.110763180000049)","Unfall 224628 (2023) Kat:3, Licht: 0","224628","3","3","5","07","13","7","","0","1","1","0","0"
"POINT (11.533792280000057 48.129026446000069)","Unfall 224700 (2023) Kat:3, Licht: 0","224700","3","1","0","07","18","6","","0","1","0","0","0"
"POINT (11.552553755000076 48.168358002000048)","Unfall 224702 (2023) Kat:3, Licht: 0","224702","3","1","6","07","15","6","","0","0","0","1","0"
"POINT (11.561854457000038 48.125110907000078)","Unfall 224703 (2023) Kat:3, Licht: 0","224703","3","6","1","07","16","6","","0","0","1","0","0"
"POINT (11.555200076000062 48.142250326000067)","Unfall 224706 (2023) Kat:2, Licht: 2","224706","2","1","0","07","21","6","","2","0","0","0","0"
"POINT (11.648168017000046 48.138784627000064)","Unfall 224708 (2023) Kat:3, Licht: 2","224708","3","1","0","07","01","6","","2","0","1","0","0"
"POINT (11.532491181000069 48.150695713000061)","Unfall 224709 (2023) Kat:3, Licht: 2","224709","3","2","0","07","13","6","","2","0","1","1","0"
"POINT (11.563579418000074 48.150118557000042)","Unfall 224710 (2023) Kat:2, Licht: 2","224710","2","4","6","07","22","6","","2","0","1","1","0"
"POINT (11.559194472000058 48.168616601000053)","Unfall 224711 (2023) Kat:3, Licht: 0","224711","3","2","5","07","13","6","","0","1","1","0","0"
"POINT (11.612060425000038 48.131542032000027)","Unfall 224712 (2023) Kat:3, Licht: 0","224712","3","3","5","07","11","6","","0","1","0","0","0"
"POINT (11.557791614000053 48.143406392000031)","Unfall 224713 (2023) Kat:3, Licht: 0","224713","3","7","0","07","19","6","","0","1","1","0","0"
"POINT (11.690336007000042 48.135495609000031)","Unfall 224714 (2023) Kat:3, Licht: 0","224714","3","2","4","07","12","6","","0","0","1","0","0"
"POINT (11.529043483000066 48.217986028000041)","Unfall 224715 (2023) Kat:3, Licht: 0","224715","3","3","5","07","16","6","","0","1","1","0","0"
"POINT (11.608322475000023 48.151072113000055)","Unfall 224716 (2023) Kat:3, Licht: 0","224716","3","5","1","07","15","6","","0","1","1","0","0"
"POINT (11.547629493000045 48.126850406000074)","Unfall 224717 (2023) Kat:3, Licht: 0","224717","3","1","0","07","11","6","","0","1","0","0","0"
"POINT (11.574648552000042 48.130849710000064)","Unfall 224718 (2023) Kat:3, Licht: 0","224718","3","5","1","07","12","6","","0","1","1","0","0"
"POINT (11.594500659000062 48.141843196000082)","Unfall 224719 (2023) Kat:3, Licht: 0","224719","3","2","5","07","19","6","","0","1","0","0","0"
"POINT (11.573491467000053 48.143429745000049)","Unfall 224720 (2023) Kat:3, Licht: 0","224720","3","2","5","07","11","6","","0","0","1","0","0"
"POINT (11.584040581000068 48.156379192000031)","Unfall 224825 (2023) Kat:3, Licht: 0","224825","3","1","3","07","16","5","","0","1","0","0","0"
"POINT (11.571293199000024 48.134937516000036)","Unfall 224826 (2023) Kat:3, Licht: 1","224826","3","1","1","07","21","5","","1","1","1","0","0"
"POINT (11.536315702000024 48.151027864000071)","Unfall 224827 (2023) Kat:3, Licht: 0","224827","3","3","4","07","10","5","","0","1","1","0","0"
"POINT (11.581236075000049 48.114684466000028)","Unfall 224828 (2023) Kat:3, Licht: 0","224828","3","1","0","07","21","5","","0","1","0","0","0"
"POINT (11.533831677000023 48.116903080000043)","Unfall 224829 (2023) Kat:3, Licht: 0","224829","3","7","0","07","17","5","","0","0","0","0","0"
"POINT (11.537546014000043 48.166152447000059)","Unfall 224830 (2023) Kat:3, Licht: 0","224830","3","6","2","07","14","5","","0","0","1","0","0"
"POINT (11.612047568000037 48.131547357000045)","Unfall 224831 (2023) Kat:2, Licht: 0","224831","2","6","4","07","09","5","","0","1","0","0","0"
"POINT (11.521497888000056 48.133458169000050)","Unfall 224832 (2023) Kat:3, Licht: 0","224832","3","6","3","07","13","5","","0","1","0","0","0"
"POINT (11.601236122000046 48.143657219000033)","Unfall 224833 (2023) Kat:2, Licht: 0","224833","2","3","5","07","16","5","","0","0","1","0","1"
"POINT (11.636614447000056 48.106802929000025)","Unfall 224834 (2023) Kat:3, Licht: 2","224834","3","3","5","07","21","5","","2","0","1","0","0"
"POINT (11.512923581000052 48.175603709000029)","Unfall 224835 (2023) Kat:3, Licht: 0","224835","3","6","6","07","15","5","","0","1","0","1","0"
"POINT (11.566763456000047 48.147960977000025)","Unfall 224836 (2023) Kat:2, Licht: 0","224836","2","6","3","07","12","5","","0","1","0","0","0"
"POINT (11.468836930000066 48.153400817000033)","Unfall 224838 (2023) Kat:3, Licht: 0","224838","3","3","5","07","10","5","","0","0","1","0","0"
"POINT (11.548134481000034 48.192931928000064)","Unfall 224840 (2023) Kat:3, Licht: 0","224840","3","3","5","07","07","5","","0","1","1","0","0"
"POINT (11.503222366000045 48.135355735000076)","Unfall 224841 (2023) Kat:3, Licht: 0","224841","3","3","5","07","17","5","","0","1","0","0","0"
"POINT (11.503844950000030 48.094309936000059)","Unfall 224842 (2023) Kat:3, Licht: 0","224842","3","3","5","07","12","5","","0","1","1","0","0"
"POINT (11.597007531000031 48.142508103000068)","Unfall 224843 (2023) Kat:3, Licht: 0","224843","3","7","0","07","12","5","","0","1","0","0","0"
"POINT (11.655092398000022 48.147386117000053)","Unfall 224844 (2023) Kat:3, Licht: 0","224844","3","5","0","07","20","5","","0","1","1","0","0"
"POINT (11.615695625000058 48.145416230000080)","Unfall 224845 (2023) Kat:3, Licht: 0","224845","3","2","3","07","08","5","","0","1","0","0","0"
"POINT (11.600740492000057 48.143684501000052)","Unfall 224846 (2023) Kat:3, Licht: 0","224846","3","5","1","07","13","5","","0","1","1","0","0"
"POINT (11.521551524000074 48.117258833000051)","Unfall 224847 (2023) Kat:3, Licht: 0","224847","3","7","1","07","07","5","","0","1","1","0","0"
"POINT (11.573809880000056 48.155600225000057)","Unfall 224848 (2023) Kat:3, Licht: 0","224848","3","1","0","07","20","5","","0","0","0","0","0"
"POINT (11.556958045000044 48.143635369000037)","Unfall 224849 (2023) Kat:3, Licht: 0","224849","3","2","5","07","08","5","","0","1","1","0","0"
"POINT (11.544406310000056 48.200882966000052)","Unfall 224931 (2023) Kat:3, Licht: 0","224931","3","6","2","07","17","4","","0","0","1","0","1"
"POINT (11.582666707000044 48.153151466000054)","Unfall 224932 (2023) Kat:3, Licht: 0","224932","3","2","5","07","09","4","","0","1","1","0","0"
"POINT (11.530532433000076 48.200256525000043)","Unfall 224934 (2023) Kat:2, Licht: 0","224934","2","3","5","07","09","4","","0","1","0","0","0"
"POINT (11.562735847000056 48.213467013000070)","Unfall 224935 (2023) Kat:3, Licht: 0","224935","3","3","5","07","05","4","","0","1","1","0","0"
"POINT (11.466937595000047 48.190241922000041)","Unfall 224936 (2023) Kat:3, Licht: 0","224936","3","2","6","07","12","4","","0","1","0","1","0"
"POINT (11.508064576000038 48.184054712000034)","Unfall 224937 (2023) Kat:2, Licht: 2","224937","2","4","6","07","22","4","","2","1","0","1","0"
"POINT (11.531363006000049 48.146908333000056)","Unfall 224938 (2023) Kat:3, Licht: 0","224938","3","2","3","07","12","4","","0","0","1","0","0"
"POINT (11.547931418000076 48.077343082000027)","Unfall 224940 (2023) Kat:3, Licht: 0","224940","3","7","5","07","08","4","","0","1","0","0","0"
"POINT (11.583789580000030 48.118976252000039)","Unfall 224941 (2023) Kat:3, Licht: 0","224941","3","6","1","07","18","4","","0","0","1","0","0"
"POINT (11.629052728000033 48.184118435000073)","Unfall 224942 (2023) Kat:3, Licht: 0","224942","3","2","5","07","07","4","","0","1","0","0","0"
"POINT (11.573623514000076 48.120187415000032)","Unfall 224943 (2023) Kat:3, Licht: 0","224943","3","4","6","07","19","4","","0","1","0","1","0"
"POINT (11.539776115000052 48.133625608000045)","Unfall 224945 (2023) Kat:3, Licht: 2","224945","3","4","6","07","22","4","","2","1","0","1","0"
"POINT (11.563239601000021 48.160093037000081)","Unfall 224946 (2023) Kat:2, Licht: 0","224946","2","1","0","07","18","4","","0","1","0","0","0"
"POINT (11.571266880000053 48.187497450000080)","Unfall 225006 (2023) Kat:3, Licht: 0","225006","3","6","2","07","09","4","","0","0","1","0","0"
"POINT (11.479540043000043 48.088661375000072)","Unfall 225014 (2023) Kat:3, Licht: 0","225014","3","1","3","07","13","3","","0","1","1","0","0"
"POINT (11.518090384000061 48.117648318000079)","Unfall 225015 (2023) Kat:3, Licht: 0","225015","3","1","0","07","07","3","","0","1","0","0","0"
"POINT (11.569967699000074 48.130014077000055)","Unfall 225016 (2023) Kat:2, Licht: 0","225016","2","7","0","07","17","3","","0","1","0","0","0"
"POINT (11.555791554000052 48.130521967000050)","Unfall 225017 (2023) Kat:3, Licht: 0","225017","3","6","3","07","14","3","","0","1","0","0","0"
"POINT (11.552756625000029 48.123743211000033)","Unfall 225018 (2023) Kat:3, Licht: 0","225018","3","3","4","07","16","3","","0","1","1","0","0"
"POINT (11.596691605000046 48.136537747000034)","Unfall 225019 (2023) Kat:3, Licht: 0","225019","3","3","5","07","18","3","","0","0","1","0","0"
"POINT (11.508175838000057 48.152815696000062)","Unfall 225020 (2023) Kat:2, Licht: 0","225020","2","2","6","07","10","3","","0","0","1","1","0"
"POINT (11.556011706000049 48.186376842000072)","Unfall 225021 (2023) Kat:3, Licht: 0","225021","3","3","5","07","08","3","","0","1","1","0","0"
"POINT (11.559366880000027 48.200025454000070)","Unfall 225022 (2023) Kat:3, Licht: 0","225022","3","1","0","07","19","3","","0","1","0","0","0"
"POINT (11.543272922000028 48.214757143000043)","Unfall 225023 (2023) Kat:3, Licht: 0","225023","3","1","0","07","07","3","","0","1","0","0","0"
"POINT (11.502781439000046 48.164516526000057)","Unfall 225025 (2023) Kat:3, Licht: 0","225025","3","2","3","07","08","3","","0","1","1","0","0"
"POINT (11.543532595000045 48.157261084000027)","Unfall 225026 (2023) Kat:3, Licht: 0","225026","3","7","6","07","18","3","","0","1","0","1","0"
"POINT (11.522552209000025 48.157366818000071)","Unfall 225027 (2023) Kat:3, Licht: 0","225027","3","2","4","07","18","3","","0","1","1","0","0"
"POINT (11.524233007000021 48.149820340000076)","Unfall 225028 (2023) Kat:3, Licht: 0","225028","3","6","5","07","08","3","","0","1","1","0","0"
"POINT (11.503002671000047 48.138902048000034)","Unfall 225029 (2023) Kat:3, Licht: 0","225029","3","6","4","07","09","3","","0","1","0","0","0"
"POINT (11.523592410000049 48.095166067000036)","Unfall 225031 (2023) Kat:3, Licht: 0","225031","3","2","5","07","06","3","","0","1","1","0","0"
"POINT (11.631293506000077 48.129626781000070)","Unfall 225032 (2023) Kat:3, Licht: 0","225032","3","2","4","07","07","3","","0","1","1","0","0"
"POINT (11.592378482000072 48.129680776000043)","Unfall 225033 (2023) Kat:3, Licht: 0","225033","3","6","3","07","08","3","","0","1","0","0","0"
"POINT (11.581852926000067 48.120412286000033)","Unfall 225034 (2023) Kat:3, Licht: 0","225034","3","4","0","07","15","3","","0","1","0","1","0"
"POINT (11.562260654000056 48.125604162000059)","Unfall 225035 (2023) Kat:3, Licht: 0","225035","3","4","6","07","10","3","","0","1","0","1","0"
"POINT (11.548538683000061 48.124069887000076)","Unfall 225036 (2023) Kat:3, Licht: 0","225036","3","7","0","07","08","3","","0","0","0","0","0"
"POINT (11.573427990000027 48.160514634000037)","Unfall 225037 (2023) Kat:3, Licht: 0","225037","3","6","3","07","17","3","","0","1","1","0","0"
"POINT (11.593121009000072 48.142124233000061)","Unfall 225038 (2023) Kat:3, Licht: 0","225038","3","1","0","07","06","3","","0","1","0","0","0"
"POINT (11.575467329000048 48.154536718000031)","Unfall 225039 (2023) Kat:3, Licht: 0","225039","3","1","0","07","10","3","","0","1","0","0","0"
"POINT (11.561431193000033 48.134205496000050)","Unfall 225049 (2023) Kat:3, Licht: 0","225049","3","7","7","07","18","2","","0","1","0","0","0"
"POINT (11.556862339000077 48.095620729000075)","Unfall 225077 (2023) Kat:3, Licht: 0","225077","3","6","4","07","18","4","","0","0","1","0","1"
"POINT (11.540129146000027 48.117277910000041)","Unfall 225129 (2023) Kat:3, Licht: 0","225129","3","4","6","07","11","2","","0","1","0","1","0"