WKT,Name,OBJECTID,UKATEGORIE,UTYP1,UART,UMONAT,USTUNDE,UWOCHENTAG,STRZUSTAND,ULICHTVERH,ISTRAD,ISTPKW,ISTFUSS,ISTKRAD
"POINT (11.616828193000060 48.203890389000037)","Unfall 225131 (2023) Kat:3, Licht: 0","225131","3","3","5","07","09","2","","0","0","1","0","0"
"POINT (11.572282287000064 48.135277847000054)","Unfall 225132 (2023) Kat:3, Licht: 0","225132","3","4","6","07","13","2","","0","1","0","1","0"
"POINT (11.502957877000028 48.141611336000040)","Unfall 225134 (2023) Kat:3, Licht: 0","225134","3","3","5","07","07","2","","0","1","0","0","0"
"POINT (11.561890825000035 48.189135559000079)","Unfall 225135 (2023) Kat:2, Licht: 0","225135","2","6","6","07","20","2","","0","0","1","1","0"
"POINT (11.602701354000033 48.113694600000031)","Unfall 225136 (2023) Kat:3, Licht: 0","225136","3","3","3","07","07","2","","0","0","1","0","0"
"POINT (11.584515947000057 48.157227482000053)","Unfall 225137 (2023) Kat:3, Licht: 0","225137","3","7","2","07","19","2","","0","0","1","0","1"
"POINT (11.604689343000075 48.137430180000081)","Unfall 225140 (2023) Kat:3, Licht: 0","225140","3","5","1","07","09","2","","0","1","1","0","0"
"POINT (11.591422668000064 48.123613253000030)","Unfall 225141 (2023) Kat:3, Licht: 0","225141","3","2","5","07","09","2","","0","1","1","0","0"
"POINT (11.561840588000052 48.142716357000040)","Unfall 225142 (2023) Kat:3, Licht: 0","225142","3","6","0","07","19","2","","0","0","1","0","1"
"POINT (11.577411542000050 48.140494469000032)","Unfall 225143 (2023) Kat:3, Licht: 0","225143","3","4","6","07","17","2","","0","1","0","1","0"
"POINT (11.551395601000024 48.208369684000047)","Unfall 225196 (2023) Kat:3, Licht: 0","225196","3","6","1","07","13","4","","0","0","1","0","0"
"POINT (11.610400868000056 48.133875305000061)","Unfall 225197 (2023) Kat:2, Licht: 0","225197","2","3","1","07","17","4","","0","1","1","0","0"
"POINT (11.374651016000030 48.166115593000029)","Unfall 225198 (2023) Kat:3, Licht: 2","225198","3","1","9","07","21","4","","2","0","1","0","0"
"POINT (11.605859074000023 48.201167080000062)","Unfall 225199 (2023) Kat:3, Licht: 0","225199","3","7","0","07","15","4","","0","0","0","0","1"
"POINT (11.460964241000056 48.143211412000028)","Unfall 225201 (2023) Kat:3, Licht: 0","225201","3","7","0","07","18","4","","0","1","0","0","0"
"POINT (11.511631417000046 48.180978391000053)","Unfall 225202 (2023) Kat:3, Licht: 0","225202","3","2","5","07","18","4","","0","1","1","0","0"
"POINT (11.520285670000021 48.150182873000063)","Unfall 225203 (2023) Kat:3, Licht: 0","225203","3","2","5","07","10","4","","0","0","1","0","1"
"POINT (11.542395123000063 48.156808018000049)","Unfall 225204 (2023) Kat:3, Licht: 0","225204","3","6","2","07","08","4","","0","1","0","0","0"
"POINT (11.518417199000055 48.131008367000049)","Unfall 225205 (2023) Kat:3, Licht: 0","225205","3","2","5","07","11","4","","0","1","1","0","0"
"POINT (11.624402753000027 48.104149862000043)","Unfall 225207 (2023) Kat:3, Licht: 0","225207","3","2","5","07","08","4","","0","1","1","0","0"
"POINT (11.613164420000032 48.138250720000030)","Unfall 225208 (2023) Kat:3, Licht: 0","225208","3","1","5","07","14","4","","0","1","1","0","0"
"POINT (11.564636394000047 48.164468022000051)","Unfall 225209 (2023) Kat:3, Licht: 0","225209","3","2","4","07","10","4","","0","1","1","0","0"
"POINT (11.560615396000060 48.147123609000062)","Unfall 225210 (2023) Kat:3, Licht: 0","225210","3","7","4","07","07","4","","0","0","1","0","0"
"POINT (11.434030703000076 48.182386353000027)","Unfall 225246 (2023) Kat:3, Licht: 0","225246","3","6","2","07","15","4","","0","0","1","0","0"
"POINT (11.590298648000044 48.166671940000072)","Unfall 225249 (2023) Kat:3, Licht: 0","225249","3","2","5","07","15","3","","0","1","0","0","0"
"POINT (11.571276537000074 48.146689039000080)","Unfall 225250 (2023) Kat:3, Licht: 0","225250","3","7","0","07","19","3","","0","0","0","0","0"
"POINT (11.570311554000057 48.130850505000069)","Unfall 225251 (2023) Kat:3, Licht: 0","225251","3","1","0","07","17","3","","0","1","0","0","0"
"POINT (11.624317060000067 48.190792228000078)","Unfall 225252 (2023) Kat:3, Licht: 0","225252","3","3","5","07","09","3","","0","0","1","0","1"
"POINT (11.586458272000073 48.106906727000080)","Unfall 225253 (2023) Kat:3, Licht: 0","225253","3","4","6","07","16","3","","0","0","1","1","0"
"POINT (11.528821399000037 48.182787841000049)","Unfall 225254 (2023) Kat:3, Licht: 0","225254","3","7","0","07","10","3","","0","0","1","0","1"
"POINT (11.541458456000043 48.145077572000048)","Unfall 225255 (2023) Kat:3, Licht: 0","225255","3","2","4","07","09","3","","0","0","1","0","0"
"POINT (11.462017643000024 48.144088727000053)","Unfall 225256 (2023) Kat:3, Licht: 0","225256","3","3","5","07","14","3","","0","1","1","0","0"
"POINT (11.551428626000074 48.198098932000050)","Unfall 225257 (2023) Kat:3, Licht: 1","225257","3","3","5","07","20","3","","1","0","1","0","0"
"POINT (11.479079067000043 48.122273352000036)","Unfall 225258 (2023) Kat:3, Licht: 0","225258","3","2","5","07","14","3","","0","0","1","0","0"
"POINT (11.496512069000062 48.097398112000064)","Unfall 225260 (2023) Kat:3, Licht: 0","225260","3","7","4","07","18","3","","0","1","1","0","0"
"POINT (11.597479117000034 48.132678424000062)","Unfall 225261 (2023) Kat:3, Licht: 0","225261","3","5","1","07","17","3","","0","1","1","0","0"
"POINT (11.611676059000047 48.151689644000044)","Unfall 225262 (2023) Kat:3, Licht: 0","225262","3","3","5","07","17","3","","0","1","1","0","0"
"POINT (11.576369567000029 48.134369360000051)","Unfall 225263 (2023) Kat:3, Licht: 0","225263","3","2","6","07","14","3","","0","0","1","1","0"
"POINT (11.564294458000063 48.140053471000044)","Unfall 225264 (2023) Kat:3, Licht: 0","225264","3","7","0","07","07","3","","0","0","0","0","0"
"POINT (11.553555986000049 48.139112245000035)","Unfall 225265 (2023) Kat:3, Licht: 0","225265","3","7","0","07","15","3","","0","1","0","0","0"
"POINT (11.586545518000037 48.163604612000029)","Unfall 225266 (2023) Kat:3, Licht: 0","225266","3","1","0","07","08","3","","0","0","0","0","1"
"POINT (11.560225136000042 48.142616464000071)","Unfall 225267 (2023) Kat:3, Licht: 2","225267","3","3","4","07","21","3","","2","0","1","0","1"
"POINT (11.564682635000054 48.142570740000053)","Unfall 225268 (2023) Kat:3, Licht: 2","225268","3","3","5","07","23","3","","2","0","1","0","1"
"POINT (11.582400776000043 48.138659350000069)","Unfall 225269 (2023) Kat:3, Licht: 0","225269","3","1","0","07","13","3","","0","0","0","0","0"
"POINT (11.578255189000060 48.137453933000074)","Unfall 225270 (2023) Kat:3, Licht: 0","225270","3","4","6","07","16","3","","0","1","0","1","0"
"POINT (11.613973992000069 48.131328666000059)","Unfall 225310 (2023) Kat:3, Licht: 2","225310","3","6","3","07","22","2","","2","0","1","0","1"
"POINT (11.556097936000072 48.139108213000043)","Unfall 225311 (2023) Kat:3, Licht: 0","225311","3","2","3","07","11","2","","0","1","1","0","0"
"POINT (11.572680380000065 48.187279945000057)","Unfall 225312 (2023) Kat:3, Licht: 0","225312","3","3","5","07","15","2","","0","1","1","0","0"
"POINT (11.423046715000055 48.144514968000067)","Unfall 225313 (2023) Kat:3, Licht: 0","225313","3","6","1","07","08","2","","0","0","1","0","0"
"POINT (11.538105659000053 48.165598176000060)","Unfall 225314 (2023) Kat:3, Licht: 0","225314","3","6","2","07","17","2","","0","0","1","0","0"
"POINT (11.503521083000066 48.125441817000080)","Unfall 225315 (2023) Kat:3, Licht: 0","225315","3","6","2","07","08","2","","0","0","1","0","0"
"POINT (11.502664721000031 48.127355228000056)","Unfall 225316 (2023) Kat:3, Licht: 2","225316","3","6","1","07","01","2","","2","0","1","0","0"
"POINT (11.585767468000029 48.113251127000069)","Unfall 225318 (2023) Kat:3, Licht: 0","225318","3","2","2","07","17","2","","0","1","0","0","0"
"POINT (11.606772440000043 48.120389296000042)","Unfall 225319 (2023) Kat:3, Licht: 0","225319","3","6","3","07","16","2","","0","0","1","0","1"
"POINT (11.513882818000070 48.113462689000073)","Unfall 225320 (2023) Kat:3, Licht: 0","225320","3","3","5","07","08","2","","0","1","1","0","0"
"POINT (11.513338411000063 48.120620746000043)","Unfall 225321 (2023) Kat:3, Licht: 0","225321","3","6","4","07","09","2","","0","1","0","0","0"
"POINT (11.573939600000074 48.167200338000043)","Unfall 225322 (2023) Kat:3, Licht: 0","225322","3","2","3","07","13","2","","0","0","1","0","0"
"POINT (11.582778327000028 48.133850168000038)","Unfall 225323 (2023) Kat:3, Licht: 0","225323","3","1","0","07","19","2","","0","1","0","0","0"
"POINT (11.592186569000035 48.142317086000048)","Unfall 225388 (2023) Kat:3, Licht: 2","225388","3","3","5","07","21","1","","2","1","1","0","0"
"POINT (11.533698066000056 48.187089105000041)","Unfall 225389 (2023) Kat:3, Licht: 2","225389","3","1","5","07","22","1","","2","0","1","0","0"
"POINT (11.611575955000035 48.121001951000039)","Unfall 225390 (2023) Kat:3, Licht: 2","225390","3","1","9","07","02","1","","2","1","0","0","0"
"POINT (11.562557445000039 48.213727791000053)","Unfall 225392 (2023) Kat:3, Licht: 2","225392","3","7","6","07","21","1","","2","1","0","1","0"
"POINT (11.511865638000074 48.134247675000040)","Unfall 225393 (2023) Kat:3, Licht: 0","225393","3","3","5","07","10","1","","0","1","0","0","0"
"POINT (11.539940746000070 48.115575607000039)","Unfall 225394 (2023) Kat:3, Licht: 0","225394","3","3","6","07","12","1","","0","1","0","1","0"
"POINT (11.566650426000024 48.159315261000074)","Unfall 225395 (2023) Kat:3, Licht: 2","225395","3","3","5","07","00","1","","2","0","1","0","0"
"POINT (11.585853671000052 48.173355579000031)","Unfall 225396 (2023) Kat:3, Licht: 0","225396","3","2","5","07","16","1","","0","1","1","0","0"
"POINT (11.594974435000040 48.126653095000052)","Unfall 225449 (2023) Kat:3, Licht: 0","225449","3","6","3","07","16","7","","0","1","1","0","0"
"POINT (11.563997895000057 48.204680472000064)","Unfall 225450 (2023) Kat:3, Licht: 0","225450","3","3","5","07","18","7","","0","1","1","0","0"
"POINT (11.554688297000041 48.139148840000075)","Unfall 225451 (2023) Kat:3, Licht: 0","225451","3","4","6","07","13","7","","0","0","1","1","0"
"POINT (11.608001540000032 48.119405170000050)","Unfall 225453 (2023) Kat:3, Licht: 0","225453","3","6","4","07","17","7","","0","1","0","0","0"
"POINT (11.551030571000069 48.125766482000074)","Unfall 225454 (2023) Kat:3, Licht: 2","225454","3","3","5","07","22","7","","2","1","1","0","0"
"POINT (11.605010494000055 48.120530448000068)","Unfall 225455 (2023) Kat:3, Licht: 0","225455","3","2","4","07","16","7","","0","0","1","0","0"
"POINT (11.575244190000035 48.091676503000031)","Unfall 225456 (2023) Kat:3, Licht: 0","225456","3","7","6","07","12","7","","0","0","0","1","0"
"POINT (11.523847539000030 48.099178884000025)","Unfall 225459 (2023) Kat:3, Licht: 0","225459","3","2","5","07","17","7","","0","0","1","0","0"
"POINT (11.651380555000060 48.129240590000052)","Unfall 225460 (2023) Kat:3, Licht: 0","225460","3","1","7","07","19","7","","0","0","0","0","0"
"POINT (11.608103443000061 48.097092292000070)","Unfall 225461 (2023) Kat:3, Licht: 0","225461","3","5","0","07","13","7","","0","1","1","0","0"
"POINT (11.581609770000057 48.114581780000037)","Unfall 225462 (2023) Kat:2, Licht: 0","225462","2","4","6","07","16","7","","0","1","0","1","0"
"POINT (11.658937537000043 48.105899588000057)","Unfall 225468 (2023) Kat:3, Licht: 0","225468","3","3","5","07","19","2","","0","0","1","0","0"
"POINT (11.528687185000024 48.152125072000047)","Unfall 225527 (2023) Kat:3, Licht: 0","225527","3","6","6","07","13","6","","0","1","0","1","0"
"POINT (11.513150412000073 48.153814571000055)","Unfall 225528 (2023) Kat:3, Licht: 0","225528","3","7","5","07","13","6","","0","0","1","0","0"
"POINT (11.649064285000065 48.112107783000056)","Unfall 225529 (2023) Kat:3, Licht: 0","225529","3","2","5","07","11","6","","0","1","1","0","0"
"POINT (11.572882014000072 48.126805742000045)","Unfall 225530 (2023) Kat:3, Licht: 0","225530","3","2","5","07","12","6","","0","0","1","0","0"
"POINT (11.498556294000025 48.118050778000054)","Unfall 225532 (2023) Kat:3, Licht: 0","225532","3","3","5","07","13","6","","0","1","1","0","0"
"POINT (11.671076455000048 48.123001634000047)","Unfall 225537 (2023) Kat:3, Licht: 0","225537","3","3","5","07","07","6","","0","1","1","0","0"
"POINT (11.580526008000049 48.115967839000064)","Unfall 225538 (2023) Kat:3, Licht: 0","225538","3","2","6","07","09","6","","0","1","0","1","0"
"POINT (11.605354125000076 48.148167013000034)","Unfall 225539 (2023) Kat:3, Licht: 0","225539","3","3","0","07","08","6","","0","1","1","0","0"
"POINT (11.539266364000071 48.125396017000071)","Unfall 225540 (2023) Kat:3, Licht: 0","225540","3","2","3","07","08","6","","0","0","1","0","1"
"POINT (11.502637380000067 48.121520456000042)","Unfall 225541 (2023) Kat:2, Licht: 0","225541","2","6","3","07","07","6","","0","1","0","0","0"
"POINT (11.563732860000073 48.133493528000031)","Unfall 225542 (2023) Kat:3, Licht: 0","225542","3","1","1","07","08","6","","0","1","1","0","0"
"POINT (11.573995479000075 48.167143945000078)","Unfall 225543 (2023) Kat:2, Licht: 0","225543","2","7","0","07","13","6","","0","0","0","0","0"
"POINT (11.566168804000029 48.187192831000061)","Unfall 225547 (2023) Kat:3, Licht: 0","225547","3","2","4","07","09","6","","0","0","1","0","0"
"POINT (11.568656349000037 48.116053093000062)","Unfall 225623 (2023) Kat:2, Licht: 0","225623","2","3","5","07","19","5","","0","0","1","0","1"
"POINT (11.557624225000040 48.139141483000060)","Unfall 225624 (2023) Kat:3, Licht: 0","225624","3","2","5","07","13","5","","0","0","1","0","0"
"POINT (11.540045899000063 48.151146613000037)","Unfall 225625 (2023) Kat:3, Licht: 0","225625","3","6","2","07","15","5","","0","1","0","0","0"
"POINT (11.584618540000065 48.157605317000048)","Unfall 225628 (2023) Kat:3, Licht: 0","225628","3","6","4","07","10","5","","0","1","0","0","0"
"POINT (11.532201124000039 48.152926839000031)","Unfall 225629 (2023) Kat:3, Licht: 0","225629","3","3","5","07","08","5","","0","1","0","0","0"
"POINT (11.569856191000042 48.130954407000047)","Unfall 225630 (2023) Kat:3, Licht: 0","225630","3","5","3","07","12","5","","0","1","1","0","0"
"POINT (11.503226063000056 48.141543250000041)","Unfall 225632 (2023) Kat:2, Licht: 2","225632","2","7","0","07","23","5","","2","1","0","0","0"
"POINT (11.510514140000055 48.180202571000052)","Unfall 225633 (2023) Kat:3, Licht: 0","225633","3","2","5","07","17","5","","0","1","1","0","0"
"POINT (11.528260374000070 48.165281338000057)","Unfall 225634 (2023) Kat:3, Licht: 0","225634","3","3","5","07","08","5","","0","1","1","0","0"
"POINT (11.536650790000067 48.151815386000067)","Unfall 225635 (2023) Kat:3, Licht: 0","225635","3","2","5","07","16","5","","0","1","1","0","0"
"POINT (11.498595610000052 48.116389775000073)","Unfall 225636 (2023) Kat:3, Licht: 0","225636","3","1","0","07","07","5","","0","0","1","0","1"
"POINT (11.636568944000032 48.140336596000054)","Unfall 225638 (2023) Kat:3, Licht: 0","225638","3","6","5","07","15","5","","0","1","0","0","1"
"POINT (11.705518213000062 48.133170298000039)","Unfall 225639 (2023) Kat:3, Licht: 0","225639","3","3","5","07","16","5","","0","1","1","0","0"
"POINT (11.604249305000053 48.107323836000035)","Unfall 225640 (2023) Kat:3, Licht: 0","225640","3","1","0","07","10","5","","0","1","0","0","0"
"POINT (11.610278725000057 48.132332051000049)","Unfall 225641 (2023) Kat:3, Licht: 0","225641","3","2","3","07","12","5","","0","0","1","0","0"
"POINT (11.580171094000036 48.100381898000080)","Unfall 225642 (2023) Kat:3, Licht: 0","225642","3","3","5","07","15","5","","0","0","1","0","1"
"POINT (11.556233517000067 48.141996293000034)","Unfall 225643 (2023) Kat:3, Licht: 1","225643","3","2","5","07","19","5","","1","1","1","0","0"
"POINT (11.541648593000048 48.116768269000033)","Unfall 225644 (2023) Kat:3, Licht: 0","225644","3","4","0","07","15","5","","0","1","0","1","0"
"POINT (11.548611073000075 48.112147512000035)","Unfall 225645 (2023) Kat:3, Licht: 0","225645","3","6","2","07","16","5","","0","0","1","0","0"
"POINT (11.549567321000040 48.125002043000052)","Unfall 225646 (2023) Kat:3, Licht: 0","225646","3","7","0","07","16","5","","0","1","0","0","0"
"POINT (11.584355954000046 48.157049712000060)","Unfall 225647 (2023) Kat:2, Licht: 0","225647","2","1","0","07","19","5","","0","1","0","0","0"
"POINT (11.594696688000056 48.170850121000058)","Unfall 225648 (2023) Kat:3, Licht: 0","225648","3","6","1","07","15","5","","0","0","1","0","0"
"POINT (11.594747803000075 48.146774138000069)","Unfall 225649 (2023) Kat:3, Licht: 0","225649","3","6","3","07","13","5","","0","0","1","0","1"
"POINT (11.570470236000062 48.134325808000028)","Unfall 225650 (2023) Kat:3, Licht: 0","225650","3","4","6","07","12","5","","0","1","0","1","0"
"POINT (11.459658387000047 48.151537052000037)","Unfall 225659 (2023) Kat:3, Licht: 0","225659","3","3","5","07","12","3","","0","1","1","0","0"
"POINT (11.502931882000041 48.125358458000051)","Unfall 225660 (2023) Kat:2, Licht: 0","225660","2","6","2","07","15","5","","0","0","1","0","1"
"POINT (11.547131080000042 48.159946474000037)","Unfall 225679 (2023) Kat:3, Licht: 0","225679","3","6","4","07","14","5","","0","1","0","0","0"
"POINT (11.575470059000054 48.143047945000035)","Unfall 225746 (2023) Kat:3, Licht: 0","225746","3","2","3","07","13","4","","0","0","1","0","1"
"POINT (11.586852414000077 48.114350417000026)","Unfall 225747 (2023) Kat:3, Licht: 1","225747","3","3","5","07","20","4","","1","1","1","0","0"
"POINT (11.555324918000053 48.161340621000079)","Unfall 225748 (2023) Kat:3, Licht: 0","225748","3","6","2","07","08","4","","0","1","0","0","0"
"POINT (11.528438689000041 48.102388846000053)","Unfall 225750 (2023) Kat:3, Licht: 0","225750","3","2","5","07","19","4","","0","1","1","0","0"
"POINT (11.549731841000039 48.160795762000078)","Unfall 225751 (2023) Kat:3, Licht: 0","225751","3","6","4","07","07","4","","0","1","0","0","0"
"POINT (11.585075372000063 48.184328087000040)","Unfall 225752 (2023) Kat:3, Licht: 0","225752","3","5","1","07","13","4","","0","0","1","0","0"
"POINT (11.543244977000029 48.139449976000037)","Unfall 225753 (2023) Kat:3, Licht: 0","225753","3","7","3","07","14","4","","0","0","1","0","0"
"POINT (11.564070727000058 48.160899629000028)","Unfall 225754 (2023) Kat:3, Licht: 0","225754","3","6","2","07","11","4","","0","1","0","0","0"
"POINT (11.525064747000044 48.181993002000070)","Unfall 225755 (2023) Kat:3, Licht: 0","225755","3","7","7","07","17","4","","0","1","0","0","0"
"POINT (11.474530912000034 48.178446006000058)","Unfall 225756 (2023) Kat:3, Licht: 0","225756","3","7","0","07","16","4","","0","1","0","0","0"
"POINT (11.562844456000050 48.211669291000078)","Unfall 225757 (2023) Kat:3, Licht: 0","225757","3","3","1","07","07","4","","0","0","1","0","0"
"POINT (11.497627216000069 48.139785111000037)","Unfall 225759 (2023) Kat:3, Licht: 0","225759","3","6","4","07","16","4","","0","1","0","0","0"
"POINT (11.473070715000063 48.107452845000068)","Unfall 225760 (2023) Kat:3, Licht: 0","225760","3","7","0","07","07","4","","0","1","1","0","0"
"POINT (11.590607467000041 48.132295018000036)","Unfall 225762 (2023) Kat:2, Licht: 0","225762","2","3","5","07","08","4","","0","1","0","0","0"
"POINT (11.565633398000045 48.133072178000077)","Unfall 225763 (2023) Kat:3, Licht: 0","225763","3","3","5","07","20","4","","0","1","1","0","0"
"POINT (11.562274756000022 48.133088647000079)","Unfall 225764 (2023) Kat:3, Licht: 0","225764","3","4","6","07","10","4","","0","0","1","1","0"
"POINT (11.584066319000044 48.156432871000050)","Unfall 225765 (2023) Kat:3, Licht: 0","225765","3","2","3","07","14","4","","0","0","1","0","1"
"POINT (11.643243217000077 48.153194955000060)","Unfall 225774 (2023) Kat:3, Licht: 2","225774","3","1","0","07","22","4","","2","1","0","0","0"
"POINT (11.523262174000024 48.094993562000070)","Unfall 225833 (2023) Kat:3, Licht: 0","225833","3","2","5","07","13","7","","0","1","1","0","0"
"POINT (11.583235831000025 48.141557148000061)","Unfall 225855 (2023) Kat:3, Licht: 0","225855","3","2","5","07","16","3","","0","1","1","0","0"
"POINT (11.521011511000040 48.090453482000044)","Unfall 225856 (2023) Kat:2, Licht: 0","225856","2","3","3","07","08","3","","0","1","1","0","0"
"POINT (11.558462527000074 48.132331420000071)","Unfall 225857 (2023) Kat:3, Licht: 0","225857","3","7","3","07","09","3","","0","0","1","0","0"
"POINT (11.551796886000034 48.148813175000043)","Unfall 225858 (2023) Kat:3, Licht: 0","225858","3","7","3","07","08","3","","0","0","1","0","0"
"POINT (11.551677486000074 48.153039348000050)","Unfall 225859 (2023) Kat:3, Licht: 0","225859","3","2","2","07","17","3","","0","0","1","0","1"
"POINT (11.587679496000021 48.131603363000067)","Unfall 225860 (2023) Kat:3, Licht: 0","225860","3","6","3","07","05","3","","0","1","1","0","0"
"POINT (11.477101090000076 48.115177627000037)","Unfall 225861 (2023) Kat:3, Licht: 2","225861","3","1","0","07","03","3","","2","1","0","0","0"
"POINT (11.681710050000049 48.140672305000066)","Unfall 225862 (2023) Kat:3, Licht: 0","225862","3","2","4","07","06","3","","0","1","1","0","0"
"POINT (11.582241266000040 48.119688577000034)","Unfall 225863 (2023) Kat:3, Licht: 0","225863","3","6","4","07","14","3","","0","1","0","0","0"
"POINT (11.651858834000052 48.118397254000058)","Unfall 225864 (2023) Kat:3, Licht: 0","225864","3","7","6","07","14","3","","0","0","1","1","0"
"POINT (11.536762635000059 48.151792444000080)","Unfall 225865 (2023) Kat:3, Licht: 0","225865","3","2","4","07","19","3","","0","0","1","0","1"
"POINT (11.462202191000074 48.151745619000053)","Unfall 225866 (2023) Kat:3, Licht: 0","225866","3","7","0","07","15","3","","0","1","0","0","0"
"POINT (11.645204654000054 48.099029381000037)","Unfall 225867 (2023) Kat:3, Licht: 2","225867","3","2","4","07","22","3","","2","0","1","0","0"
"POINT (11.408751172000052 48.188429858000063)","Unfall 225868 (2023) Kat:3, Licht: 0","225868","3","7","0","07","10","3","","0","0","0","0","1"
"POINT (11.502793320000023 48.094479841000066)","Unfall 225869 (2023) Kat:3, Licht: 0","225869","3","3","5","07","08","3","","0","0","1","0","1"
"POINT (11.519680693000055 48.077443330000051)","Unfall 225870 (2023) Kat:3, Licht: 0","225870","3","4","6","07","11","3","","0","0","1","1","0"
"POINT (11.513487275000045 48.098046057000033)","Unfall 225871 (2023) Kat:3, Licht: 0","225871","3","6","3","07","17","3","","0","0","1","0","0"
"POINT (11.576393215000053 48.112097340000048)","Unfall 225873 (2023) Kat:3, Licht: 0","225873","3","1","1","07","08","3","","0","1","1","0","0"
"POINT (11.606715320000035 48.126946227000076)","Unfall 225875 (2023) Kat:3, Licht: 0","225875","3","6","2","07","17","3","","0","1","1","0","0"
"POINT (11.540058425000041 48.126594134000072)","Unfall 225876 (2023) Kat:3, Licht: 0","225876","3","4","6","07","06","3","","0","0","1","1","0"
"POINT (11.534374499000023 48.136653753000076)","Unfall 225877 (2023) Kat:3, Licht: 0","225877","3","4","6","07","08","3","","0","1","0","1","0"
"POINT (11.555863160000058 48.130006158000072)","Unfall 225878 (2023) Kat:3, Licht: 0","225878","3","3","5","07","19","3","","0","1","0","0","1"
"POINT (11.582805460000031 48.146302700000035)","Unfall 225880 (2023) Kat:3, Licht: 0","225880","3","6","3","07","08","3","","0","1","0","0","0"
"POINT (11.580941207000023 48.150134833000038)","Unfall 225881 (2023) Kat:3, Licht: 0","225881","3","2","4","07","20","3","","0","1","0","0","0"
"POINT (11.568749714000035 48.148696877000077)","Unfall 225882 (2023) Kat:3, Licht: 0","225882","3","6","4","07","07","3","","0","1","0","0","0"
"POINT (11.452492688000063 48.165012220000051)","Unfall 225883 (2023) Kat:3, Licht: 0","225883","3","7","1","07","14","3","","0","0","1","0","0"
"POINT (11.664751954000053 48.082773656000029)","Unfall 225889 (2023) Kat:3, Licht: 0","225889","3","3","5","07","13","3","","0","0","1","0","0"
"POINT (11.554955391000021 48.144216716000074)","Unfall 225976 (2023) Kat:3, Licht: 0","225976","3","2","5","07","17","4","","0","1","1","0","0"
"POINT (11.573224896000056 48.178972867000027)","Unfall 225980 (2023) Kat:3, Licht: 0","225980","3","3","5","07","15","2","","0","1","1","0","0"
"POINT (11.573271198000043 48.151027579000072)","Unfall 225981 (2023) Kat:3, Licht: 2","225981","3","1","6","07","23","2","","2","0","1","1","0"
"POINT (11.604468835000034 48.153159195000057)","Unfall 225982 (2023) Kat:3, Licht: 0","225982","3","3","5","07","09","2","","0","1","0","0","0"
"POINT (11.575517066000032 48.187646445000041)","Unfall 225983 (2023) Kat:3, Licht: 0","225983","3","3","5","07","16","2","","0","0","1","0","0"
"POINT (11.510619611000038 48.170166175000077)","Unfall 225984 (2023) Kat:3, Licht: 0","225984","3","1","3","07","17","2","","0","1","1","0","0"
"POINT (11.529037699000071 48.178466595000032)","Unfall 225985 (2023) Kat:2, Licht: 0","225985","2","1","5","07","14","2","","0","1","1","0","0"
"POINT (11.626084987000070 48.171661554000082)","Unfall 225986 (2023) Kat:3, Licht: 1","225986","3","2","4","07","21","2","","1","1","1","0","0"
"POINT (11.643068208000045 48.085779399000046)","Unfall 225987 (2023) Kat:3, Licht: 0","225987","3","2","5","07","10","2","","0","1","1","0","0"
"POINT (11.503589970000064 48.125452571000039)","Unfall 225990 (2023) Kat:3, Licht: 0","225990","3","3","5","07","12","2","","0","1","1","0","0"
"POINT (11.581069214000024 48.127788314000043)","Unfall 225991 (2023) Kat:3, Licht: 0","225991","3","2","3","07","14","2","","0","1","0","0","0"
"POINT (11.669685397000023 48.087601679000045)","Unfall 225992 (2023) Kat:2, Licht: 0","225992","2","7","1","07","17","2","","0","1","1","0","0"
"POINT (11.525369453000053 48.148641870000063)","Unfall 225995 (2023) Kat:3, Licht: 0","225995","3","3","5","07","17","2","","0","1","1","0","0"
"POINT (11.528398756000058 48.172662007000042)","Unfall 225996 (2023) Kat:3, Licht: 1","225996","3","7","0","07","21","2","","1","1","0","0","0"
"POINT (11.557480360000056 48.219778461000033)","Unfall 225997 (2023) Kat:3, Licht: 0","225997","3","3","5","07","20","2","","0","1","1","0","0"
"POINT (11.634358577000057 48.090505716000052)","Unfall 225999 (2023) Kat:2, Licht: 0","225999","2","1","0","07","09","2","","0","1","0","0","0"
"POINT (11.581920170000046 48.098392172000047)","Unfall 226001 (2023) Kat:3, Licht: 0","226001","3","2","5","07","18","2","","0","0","1","0","1"
"POINT (11.596700480000038 48.124179488000038)","Unfall 226003 (2023) Kat:3, Licht: 0","226003","3","1","0","07","16","2","","0","1","0","0","0"
"POINT (11.614331437000033 48.111603636000041)","Unfall 226040 (2023) Kat:3, Licht: 1","226040","3","3","5","07","16","3","","1","0","1","0","0"
"POINT (11.452092993000065 48.141829960000052)","Unfall 226046 (2023) Kat:3, Licht: 0","226046","3","7","5","07","13","2","","0","1","1","0","0"
"POINT (11.523403760000065 48.096027713000069)","Unfall 226051 (2023) Kat:3, Licht: 0","226051","3","3","5","07","08","2","","0","1","1","0","0"
"POINT (11.579371924000043 48.115181509000081)","Unfall 226074 (2023) Kat:3, Licht: 0","226074","3","2","0","07","18","6","","0","1","1","0","0"
"POINT (11.555100370000048 48.120541432000039)","Unfall 226082 (2023) Kat:2, Licht: 0","226082","2","4","6","07","19","1","","0","1","0","1","0"