WKT,Name,OBJECTID,UKATEGORIE,UTYP1,UART,UMONAT,USTUNDE,UWOCHENTAG,STRZUSTAND,ULICHTVERH,ISTRAD,ISTPKW,ISTFUSS,ISTKRAD
"POINT (11.570536154000024 48.142081059000077)","Unfall 226083 (2023) Kat:3, Licht: 2","226083","3","5","1","07","01","1","","2","1","1","0","0"
"POINT (11.578682719000028 48.132328552000047)","Unfall 226084 (2023) Kat:3, Licht: 2","226084","3","1","0","07","02","1","","2","0","0","0","0"
"POINT (11.548269694000055 48.151272839000058)","Unfall 226085 (2023) Kat:3, Licht: 0","226085","3","3","5","07","15","1","","0","1","1","0","0"
"POINT (11.613022283000021 48.120755317000032)","Unfall 226087 (2023) Kat:3, Licht: 0","226087","3","7","5","07","10","1","","0","0","1","1","0"
"POINT (11.477678106000042 48.154904573000067)","Unfall 226088 (2023) Kat:2, Licht: 2","226088","2","7","1","07","22","1","","2","0","1","0","0"
"POINT (11.513709502000040 48.177673404000075)","Unfall 226089 (2023) Kat:3, Licht: 0","226089","3","3","5","07","19","1","","0","1","1","0","0"
"POINT (11.502609826000025 48.120332719000032)","Unfall 226090 (2023) Kat:3, Licht: 0","226090","3","7","0","07","19","1","","0","1","0","0","0"
"POINT (11.481126083000049 48.092199071000039)","Unfall 226091 (2023) Kat:3, Licht: 2","226091","3","5","0","07","00","1","","2","1","0","0","0"
"POINT (11.630252796000036 48.099826613000062)","Unfall 226092 (2023) Kat:3, Licht: 0","226092","3","1","6","07","16","1","","0","1","0","1","0"
"POINT (11.636527007000041 48.168832545000043)","Unfall 226093 (2023) Kat:2, Licht: 0","226093","2","4","6","07","16","1","","0","0","1","1","0"
"POINT (11.583463254000037 48.119133456000043)","Unfall 226094 (2023) Kat:3, Licht: 0","226094","3","7","1","07","19","1","","0","1","1","0","0"
"POINT (11.534787455000071 48.139937040000063)","Unfall 226095 (2023) Kat:3, Licht: 0","226095","3","3","5","07","14","1","","0","0","1","0","0"
"POINT (11.567495527000062 48.123085289000073)","Unfall 226096 (2023) Kat:3, Licht: 0","226096","3","2","5","07","17","1","","0","1","1","0","0"
"POINT (11.514975882000044 48.120596002000070)","Unfall 226130 (2023) Kat:3, Licht: 0","226130","3","7","0","07","07","2","","0","1","0","0","0"
"POINT (11.575266991000035 48.159919304000027)","Unfall 226137 (2023) Kat:3, Licht: 0","226137","3","1","0","07","09","2","","0","1","0","0","0"
"POINT (11.534921114000042 48.139936717000069)","Unfall 226140 (2023) Kat:3, Licht: 0","226140","3","2","5","07","18","5","","0","1","1","0","0"
"POINT (11.630018703000076 48.112186856000051)","Unfall 226145 (2023) Kat:3, Licht: 2","226145","3","1","0","07","01","7","","2","0","0","0","0"
"POINT (11.634721648000038 48.210751162000065)","Unfall 226146 (2023) Kat:3, Licht: 0","226146","3","3","0","07","11","7","","0","1","1","0","0"
"POINT (11.543094389000032 48.122188837000067)","Unfall 226148 (2023) Kat:2, Licht: 0","226148","2","5","1","07","14","7","","0","0","1","0","1"
"POINT (11.606647250000037 48.186475403000031)","Unfall 226150 (2023) Kat:3, Licht: 2","226150","3","1","5","07","23","7","","2","1","1","0","0"
"POINT (11.619012018000035 48.195971199000041)","Unfall 226151 (2023) Kat:3, Licht: 1","226151","3","2","4","07","21","7","","1","0","1","0","1"
"POINT (11.502933761000065 48.136556474000031)","Unfall 226152 (2023) Kat:3, Licht: 0","226152","3","6","2","07","14","7","","0","0","1","0","0"
"POINT (11.579650352000044 48.115104994000035)","Unfall 226154 (2023) Kat:3, Licht: 0","226154","3","3","5","07","16","7","","0","0","1","0","0"
"POINT (11.626402031000055 48.170128718000058)","Unfall 226155 (2023) Kat:3, Licht: 0","226155","3","3","5","07","18","7","","0","1","0","0","0"
"POINT (11.613651257000072 48.112786870000036)","Unfall 226156 (2023) Kat:3, Licht: 0","226156","3","3","5","07","17","7","","0","1","1","0","0"
"POINT (11.549784720000048 48.136796973000060)","Unfall 226157 (2023) Kat:3, Licht: 2","226157","3","3","5","07","01","7","","2","1","1","0","0"
"POINT (11.563662796000074 48.146267225000031)","Unfall 226158 (2023) Kat:3, Licht: 0","226158","3","3","5","07","17","7","","0","1","1","0","0"
"POINT (11.597567112000036 48.149323086000038)","Unfall 226160 (2023) Kat:3, Licht: 2","226160","3","6","4","07","23","7","","2","1","0","0","0"
"POINT (11.581583888000068 48.138818359000027)","Unfall 226194 (2023) Kat:3, Licht: 0","226194","3","1","0","07","18","3","","0","1","1","0","0"
"POINT (11.599045216000036 48.112585330000059)","Unfall 226248 (2023) Kat:3, Licht: 0","226248","3","3","5","07","20","7","","0","1","1","0","0"
"POINT (11.474879334000036 48.103937791000078)","Unfall 226252 (2023) Kat:3, Licht: 0","226252","3","3","5","07","07","6","","0","1","1","0","0"
"POINT (11.546236720000024 48.159620860000075)","Unfall 226253 (2023) Kat:3, Licht: 0","226253","3","4","6","07","17","7","","0","1","0","1","0"
"POINT (11.502606019000041 48.125800224000045)","Unfall 226254 (2023) Kat:3, Licht: 0","226254","3","6","2","07","15","6","","0","0","1","0","0"
"POINT (11.599044781000032 48.112585319000061)","Unfall 226255 (2023) Kat:3, Licht: 0","226255","3","3","5","07","17","6","","0","0","1","0","0"
"POINT (11.568646297000043 48.132495682000069)","Unfall 226256 (2023) Kat:3, Licht: 0","226256","3","3","4","07","09","6","","0","1","1","0","0"
"POINT (11.568945624000037 48.147347957000079)","Unfall 226257 (2023) Kat:3, Licht: 0","226257","3","6","0","07","15","6","","0","1","0","0","0"
"POINT (11.543477551000024 48.150463781000042)","Unfall 226258 (2023) Kat:3, Licht: 0","226258","3","4","0","07","11","6","","0","1","0","1","0"
"POINT (11.420950563000076 48.154799067000056)","Unfall 226259 (2023) Kat:3, Licht: 0","226259","3","7","1","07","19","6","","0","0","1","0","0"
"POINT (11.502271374000031 48.111731776000056)","Unfall 226261 (2023) Kat:3, Licht: 0","226261","3","6","2","07","12","6","","0","0","1","0","0"
"POINT (11.582571724000047 48.104546813000070)","Unfall 226263 (2023) Kat:3, Licht: 0","226263","3","6","3","07","11","6","","0","0","1","0","0"
"POINT (11.658930457000054 48.102552486000036)","Unfall 226264 (2023) Kat:3, Licht: 0","226264","3","7","0","07","19","6","","0","1","1","0","0"
"POINT (11.556003407000048 48.139230968000049)","Unfall 226265 (2023) Kat:3, Licht: 0","226265","3","2","3","07","15","6","","0","1","1","0","0"
"POINT (11.536097278000057 48.154286239000044)","Unfall 226266 (2023) Kat:3, Licht: 2","226266","3","7","0","07","01","6","","2","1","0","0","0"
"POINT (11.555840581000041 48.158859409000058)","Unfall 226267 (2023) Kat:3, Licht: 0","226267","3","3","5","07","10","6","","0","1","1","0","0"
"POINT (11.552813640000068 48.155114232000074)","Unfall 226268 (2023) Kat:2, Licht: 2","226268","2","7","0","07","23","6","","2","1","0","0","0"
"POINT (11.477391397000076 48.116192048000073)","Unfall 226269 (2023) Kat:3, Licht: 0","226269","3","2","5","07","13","6","","0","0","1","0","0"
"POINT (11.535284619000038 48.140005954000060)","Unfall 226297 (2023) Kat:3, Licht: 0","226297","3","7","0","08","13","7","","0","0","0","0","0"
"POINT (11.498655901000063 48.179810674000066)","Unfall 226298 (2023) Kat:3, Licht: 2","226298","3","7","1","08","00","7","","2","0","1","0","0"
"POINT (11.608572289000051 48.151305449000063)","Unfall 226299 (2023) Kat:2, Licht: 0","226299","2","5","0","08","11","7","","0","1","1","0","0"
"POINT (11.590688677000060 48.192732715000034)","Unfall 226300 (2023) Kat:3, Licht: 0","226300","3","6","2","08","10","7","","0","0","1","0","0"
"POINT (11.540866433000076 48.145386059000032)","Unfall 226301 (2023) Kat:3, Licht: 0","226301","3","3","5","08","17","7","","0","0","1","0","0"
"POINT (11.560471548000066 48.152199600000074)","Unfall 226302 (2023) Kat:3, Licht: 2","226302","3","7","2","08","21","7","","2","1","1","0","0"
"POINT (11.520975634000024 48.177432195000051)","Unfall 226303 (2023) Kat:3, Licht: 0","226303","3","5","1","08","18","7","","0","1","1","0","0"
"POINT (11.571987914000033 48.120852708000029)","Unfall 226304 (2023) Kat:3, Licht: 0","226304","3","6","3","08","17","7","","0","1","0","0","0"
"POINT (11.519765537000069 48.144338191000031)","Unfall 226355 (2023) Kat:3, Licht: 0","226355","3","6","2","08","14","6","","0","0","1","0","0"
"POINT (11.562067594000041 48.149274472000059)","Unfall 226356 (2023) Kat:3, Licht: 0","226356","3","6","2","08","11","6","","0","1","1","0","0"
"POINT (11.498062117000075 48.121447381000053)","Unfall 226357 (2023) Kat:2, Licht: 0","226357","2","1","0","08","14","6","","0","1","0","0","0"
"POINT (11.534082168000054 48.190289533000055)","Unfall 226358 (2023) Kat:2, Licht: 0","226358","2","6","3","08","15","6","","0","1","0","0","0"
"POINT (11.455903375000048 48.199201929000026)","Unfall 226359 (2023) Kat:3, Licht: 0","226359","3","2","0","08","13","6","","0","1","1","0","0"
"POINT (11.617799208000065 48.150404318000028)","Unfall 226360 (2023) Kat:3, Licht: 0","226360","3","7","0","08","16","6","","0","0","0","1","1"
"POINT (11.617814462000069 48.150236665000079)","Unfall 226361 (2023) Kat:3, Licht: 0","226361","3","7","0","08","16","6","","0","0","0","0","1"
"POINT (11.450203263000049 48.196005128000081)","Unfall 226362 (2023) Kat:3, Licht: 0","226362","3","3","5","08","10","6","","0","1","0","0","0"
"POINT (11.536734605000049 48.182648279000034)","Unfall 226363 (2023) Kat:3, Licht: 0","226363","3","5","1","08","17","6","","0","1","1","0","0"
"POINT (11.564983534000021 48.168034060000082)","Unfall 226364 (2023) Kat:3, Licht: 0","226364","3","2","5","08","19","6","","0","1","1","0","0"
"POINT (11.588396895000074 48.131533991000026)","Unfall 226365 (2023) Kat:3, Licht: 0","226365","3","6","3","08","19","6","","0","1","0","0","0"
"POINT (11.579758263000031 48.125259466000045)","Unfall 226366 (2023) Kat:3, Licht: 0","226366","3","6","1","08","16","6","","0","1","1","0","0"
"POINT (11.566113068000050 48.130642261000048)","Unfall 226367 (2023) Kat:2, Licht: 0","226367","2","2","5","08","16","6","","0","1","1","0","0"
"POINT (11.615090160000022 48.113769982000065)","Unfall 226418 (2023) Kat:3, Licht: 0","226418","3","7","3","08","11","6","","0","1","0","0","0"
"POINT (11.605038752000041 48.125780826000039)","Unfall 226431 (2023) Kat:3, Licht: 2","226431","3","1","3","08","23","5","","2","0","1","0","1"
"POINT (11.521426416000054 48.180181835000042)","Unfall 226433 (2023) Kat:3, Licht: 0","226433","3","5","1","08","16","5","","0","1","1","0","0"
"POINT (11.575374728000043 48.142987936000054)","Unfall 226434 (2023) Kat:3, Licht: 0","226434","3","2","5","08","12","5","","0","1","1","0","0"
"POINT (11.565454919000047 48.139777616000060)","Unfall 226435 (2023) Kat:3, Licht: 2","226435","3","3","5","08","01","5","","2","0","1","0","0"
"POINT (11.596383381000066 48.135904967000045)","Unfall 226436 (2023) Kat:3, Licht: 2","226436","3","4","6","08","21","5","","2","1","0","1","0"
"POINT (11.409719984000048 48.156124650000038)","Unfall 226437 (2023) Kat:3, Licht: 0","226437","3","3","5","08","07","5","","0","1","1","0","0"
"POINT (11.460807023000029 48.196448840000073)","Unfall 226438 (2023) Kat:3, Licht: 0","226438","3","3","5","08","18","5","","0","1","1","0","0"
"POINT (11.559664646000044 48.142757316000029)","Unfall 226439 (2023) Kat:3, Licht: 0","226439","3","1","0","08","18","5","","0","0","0","0","1"
"POINT (11.556347295000023 48.149130946000071)","Unfall 226505 (2023) Kat:3, Licht: 0","226505","3","2","5","08","11","4","","0","1","1","0","0"
"POINT (11.563178974000039 48.131618885000080)","Unfall 226506 (2023) Kat:3, Licht: 0","226506","3","2","5","08","08","4","","0","1","1","0","0"
"POINT (11.573289727000031 48.127791533000050)","Unfall 226507 (2023) Kat:3, Licht: 0","226507","3","3","4","08","15","4","","0","1","0","0","0"
"POINT (11.581007593000038 48.169266147000030)","Unfall 226508 (2023) Kat:1, Licht: 0","226508","1","2","4","08","17","4","","0","1","0","0","0"
"POINT (11.494936412000072 48.177972330000046)","Unfall 226509 (2023) Kat:3, Licht: 0","226509","3","6","3","08","16","4","","0","0","1","0","0"
"POINT (11.558286847000034 48.137428789000069)","Unfall 226511 (2023) Kat:3, Licht: 2","226511","3","7","1","08","21","4","","2","1","1","0","0"
"POINT (11.594864688000030 48.110893262000047)","Unfall 226513 (2023) Kat:3, Licht: 0","226513","3","2","3","08","06","4","","0","1","0","0","0"
"POINT (11.559524765000049 48.142809570000054)","Unfall 226514 (2023) Kat:3, Licht: 0","226514","3","2","5","08","11","4","","0","1","1","0","0"
"POINT (11.580157086000042 48.135757813000055)","Unfall 226515 (2023) Kat:3, Licht: 1","226515","3","4","6","08","20","4","","1","1","0","1","0"
"POINT (11.569297864000077 48.140909482000040)","Unfall 226550 (2023) Kat:3, Licht: 0","226550","3","1","3","08","19","3","","0","1","1","0","0"
"POINT (11.570028729000057 48.161011884000061)","Unfall 226551 (2023) Kat:2, Licht: 0","226551","2","1","0","08","17","3","","0","1","0","0","0"
"POINT (11.555938907000041 48.139202487000034)","Unfall 226552 (2023) Kat:3, Licht: 2","226552","3","2","5","08","22","3","","2","1","1","0","0"
"POINT (11.540793933000032 48.154558467000072)","Unfall 226554 (2023) Kat:3, Licht: 0","226554","3","3","0","08","18","3","","0","1","0","0","0"
"POINT (11.565827624000065 48.189492112000039)","Unfall 226555 (2023) Kat:3, Licht: 0","226555","3","7","2","08","16","3","","0","0","1","0","1"
"POINT (11.549031699000068 48.111034759000063)","Unfall 226556 (2023) Kat:3, Licht: 0","226556","3","7","1","08","14","3","","0","1","1","0","0"
"POINT (11.587702759000024 48.156785769000066)","Unfall 226557 (2023) Kat:3, Licht: 0","226557","3","5","1","08","09","3","","0","1","1","0","0"
"POINT (11.610035540000069 48.132447744000046)","Unfall 226558 (2023) Kat:3, Licht: 0","226558","3","7","5","08","16","3","","0","1","1","0","0"
"POINT (11.571802951000052 48.141787719000035)","Unfall 226559 (2023) Kat:2, Licht: 0","226559","2","1","0","08","17","3","","0","1","0","0","0"
"POINT (11.556141245000049 48.137478397000052)","Unfall 226560 (2023) Kat:3, Licht: 0","226560","3","2","5","08","16","3","","0","1","1","0","0"
"POINT (11.577175546000035 48.201253889000043)","Unfall 226561 (2023) Kat:2, Licht: 0","226561","2","3","5","08","15","3","","0","0","1","0","0"
"POINT (11.596254141000031 48.187612375000072)","Unfall 226562 (2023) Kat:3, Licht: 0","226562","3","6","3","08","17","3","","0","1","0","0","0"
"POINT (11.510876890000077 48.170126365000044)","Unfall 226563 (2023) Kat:3, Licht: 2","226563","3","3","5","08","21","3","","2","1","1","0","0"
"POINT (11.595182640000075 48.143768437000062)","Unfall 226565 (2023) Kat:3, Licht: 0","226565","3","1","1","08","18","3","","0","0","1","0","0"
"POINT (11.571713297000031 48.100211637000029)","Unfall 226631 (2023) Kat:3, Licht: 0","226631","3","2","5","08","15","2","","0","1","1","0","0"
"POINT (11.531633933000023 48.182147773000054)","Unfall 226649 (2023) Kat:3, Licht: 0","226649","3","7","5","08","18","1","","0","1","1","0","0"
"POINT (11.600260025000068 48.140675463000036)","Unfall 226650 (2023) Kat:3, Licht: 0","226650","3","4","6","08","19","1","","0","0","1","1","0"
"POINT (11.570612475000075 48.146875346000058)","Unfall 226673 (2023) Kat:3, Licht: 0","226673","3","2","4","08","10","7","","0","0","0","0","0"
"POINT (11.583214991000034 48.154348513000059)","Unfall 226674 (2023) Kat:3, Licht: 2","226674","3","7","0","08","04","7","","2","0","0","0","0"
"POINT (11.507267611000032 48.180434216000037)","Unfall 226675 (2023) Kat:3, Licht: 0","226675","3","7","0","08","13","7","","0","0","0","1","0"
"POINT (11.556859525000050 48.095596776000036)","Unfall 226676 (2023) Kat:3, Licht: 0","226676","3","1","0","08","13","7","","0","1","0","0","0"
"POINT (11.633114851000073 48.097597730000075)","Unfall 226711 (2023) Kat:3, Licht: 0","226711","3","6","2","08","15","4","","0","1","1","0","0"
"POINT (11.515294411000070 48.179000629000029)","Unfall 226719 (2023) Kat:3, Licht: 0","226719","3","6","2","08","07","6","","0","0","1","0","0"
"POINT (11.672326461000068 48.084009189000028)","Unfall 226720 (2023) Kat:3, Licht: 2","226720","3","1","0","08","01","6","","2","1","0","0","0"
"POINT (11.579252255000029 48.129313777000050)","Unfall 226721 (2023) Kat:3, Licht: 2","226721","3","2","3","08","00","6","","2","1","1","0","0"
"POINT (11.572134915000049 48.094169651000072)","Unfall 226722 (2023) Kat:3, Licht: 0","226722","3","5","0","08","07","6","","0","0","1","0","1"
"POINT (11.649767023000038 48.108992587000046)","Unfall 226723 (2023) Kat:3, Licht: 0","226723","3","2","3","08","12","6","","0","0","1","0","0"
"POINT (11.581212567000023 48.116774616000043)","Unfall 226724 (2023) Kat:3, Licht: 0","226724","3","1","0","08","10","6","","0","0","0","0","1"
"POINT (11.571719854000037 48.146562925000069)","Unfall 226725 (2023) Kat:3, Licht: 0","226725","3","4","6","08","11","6","","0","0","1","1","0"
"POINT (11.570516087000044 48.134363444000030)","Unfall 226726 (2023) Kat:3, Licht: 0","226726","3","5","3","08","14","6","","0","1","1","0","0"
"POINT (11.589967179000041 48.132108456000026)","Unfall 226770 (2023) Kat:3, Licht: 2","226770","3","7","0","08","00","5","","2","0","0","0","0"
"POINT (11.548775272000057 48.143476589000045)","Unfall 226771 (2023) Kat:3, Licht: 0","226771","3","2","3","08","17","5","","0","1","0","0","0"
"POINT (11.513070447000075 48.078726534000054)","Unfall 226772 (2023) Kat:3, Licht: 0","226772","3","3","5","08","12","5","","0","1","1","0","0"
"POINT (11.550552596000045 48.161332247000075)","Unfall 226773 (2023) Kat:3, Licht: 0","226773","3","2","4","08","16","5","","0","1","1","0","0"
"POINT (11.511210650000066 48.155653709000035)","Unfall 226774 (2023) Kat:3, Licht: 0","226774","3","3","1","08","12","5","","0","1","1","0","0"
"POINT (11.502342820000024 48.116099269000074)","Unfall 226775 (2023) Kat:3, Licht: 0","226775","3","1","9","08","07","5","","0","1","0","0","0"
"POINT (11.518407259000071 48.176272766000068)","Unfall 226776 (2023) Kat:3, Licht: 0","226776","3","3","5","08","09","5","","0","1","1","0","0"
"POINT (11.562106906000054 48.147874756000078)","Unfall 226777 (2023) Kat:3, Licht: 0","226777","3","4","6","08","14","5","","0","1","0","1","0"
"POINT (11.536236078000059 48.151908767000066)","Unfall 226778 (2023) Kat:3, Licht: 0","226778","3","3","4","08","16","5","","0","1","0","0","0"
"POINT (11.546733713000037 48.160099306000063)","Unfall 226779 (2023) Kat:3, Licht: 0","226779","3","6","6","08","18","5","","0","1","0","1","0"
"POINT (11.602465439000071 48.193679073000055)","Unfall 226780 (2023) Kat:3, Licht: 2","226780","3","6","4","08","22","5","","2","0","1","0","0"
"POINT (11.510924155000055 48.169769142000064)","Unfall 226781 (2023) Kat:3, Licht: 0","226781","3","3","3","08","14","5","","0","1","0","0","0"
"POINT (11.574825711000074 48.159390753000025)","Unfall 226784 (2023) Kat:2, Licht: 0","226784","2","7","0","08","14","5","","0","1","0","0","0"
"POINT (11.533618728000022 48.153073874000029)","Unfall 226785 (2023) Kat:3, Licht: 0","226785","3","1","0","08","11","5","","0","1","0","0","0"
"POINT (11.568612674000065 48.144799412000054)","Unfall 226786 (2023) Kat:3, Licht: 0","226786","3","3","3","08","16","5","","0","1","1","0","0"
"POINT (11.554481773000077 48.124101684000038)","Unfall 226797 (2023) Kat:3, Licht: 2","226797","3","5","1","08","22","7","","2","1","1","0","0"
"POINT (11.675769391000074 48.111595346000058)","Unfall 226812 (2023) Kat:3, Licht: 0","226812","3","7","3","08","17","5","","0","1","1","0","0"
"POINT (11.580417571000055 48.145043106000060)","Unfall 226837 (2023) Kat:3, Licht: 0","226837","3","6","2","08","17","4","","0","0","0","0","1"
"POINT (11.552805488000047 48.126696797000079)","Unfall 226838 (2023) Kat:3, Licht: 0","226838","3","7","2","08","12","4","","0","1","0","0","0"
"POINT (11.576095552000027 48.132056595000051)","Unfall 226839 (2023) Kat:3, Licht: 0","226839","3","2","6","08","14","4","","0","1","0","1","0"
"POINT (11.601068328000053 48.104638037000029)","Unfall 226840 (2023) Kat:3, Licht: 0","226840","3","7","6","08","12","4","","0","0","1","1","0"
"POINT (11.577560048000066 48.141177826000046)","Unfall 226841 (2023) Kat:3, Licht: 0","226841","3","4","6","08","14","4","","0","1","0","1","0"
"POINT (11.575182854000047 48.192323407000060)","Unfall 226842 (2023) Kat:3, Licht: 0","226842","3","2","5","08","09","4","","0","0","1","0","0"
"POINT (11.596934955000052 48.105075657000043)","Unfall 226843 (2023) Kat:3, Licht: 0","226843","3","7","3","08","10","4","","0","1","1","0","0"
"POINT (11.498853161000056 48.098573005000048)","Unfall 226844 (2023) Kat:3, Licht: 0","226844","3","7","5","08","08","4","","0","1","1","0","0"
"POINT (11.590978635000056 48.177696048000030)","Unfall 226846 (2023) Kat:3, Licht: 2","226846","3","7","0","08","01","4","","2","1","0","0","0"
"POINT (11.528723237000065 48.199028997000028)","Unfall 226847 (2023) Kat:3, Licht: 0","226847","3","3","0","08","19","4","","0","1","1","0","0"
"POINT (11.511677666000026 48.155505694000055)","Unfall 226848 (2023) Kat:3, Licht: 0","226848","3","4","6","08","08","4","","0","1","0","1","0"
"POINT (11.503032866000069 48.126462192000076)","Unfall 226849 (2023) Kat:3, Licht: 0","226849","3","2","5","08","17","4","","0","1","1","0","0"
"POINT (11.502857824000046 48.133749067000053)","Unfall 226850 (2023) Kat:3, Licht: 0","226850","3","3","5","08","07","4","","0","0","1","0","0"
"POINT (11.619279475000042 48.128301203000035)","Unfall 226851 (2023) Kat:3, Licht: 0","226851","3","2","6","08","08","4","","0","1","0","1","0"
"POINT (11.556057408000072 48.139107580000029)","Unfall 226852 (2023) Kat:3, Licht: 0","226852","3","2","5","08","19","4","","0","0","1","0","1"
"POINT (11.587529760000052 48.171257844000081)","Unfall 226853 (2023) Kat:3, Licht: 1","226853","3","1","0","08","20","4","","1","1","0","0","0"
"POINT (11.579471882000064 48.146823213000062)","Unfall 226855 (2023) Kat:3, Licht: 0","226855","3","6","2","08","16","4","","0","0","1","0","0"
"POINT (11.578952559000072 48.133846151000057)","Unfall 226856 (2023) Kat:3, Licht: 0","226856","3","1","0","08","19","4","","0","1","0","0","0"
"POINT (11.567080923000049 48.163287571000069)","Unfall 226857 (2023) Kat:3, Licht: 0","226857","3","6","0","08","16","4","","0","1","0","0","0"
"POINT (11.594750882000028 48.085896974000036)","Unfall 226858 (2023) Kat:3, Licht: 0","226858","3","6","2","08","07","5","","0","0","1","0","0"
"POINT (11.586588428000027 48.129253212000037)","Unfall 226861 (2023) Kat:3, Licht: 0","226861","3","3","5","08","10","5","","0","0","1","0","0"
"POINT (11.574717942000063 48.160362403000079)","Unfall 226886 (2023) Kat:3, Licht: 0","226886","3","1","0","08","17","6","","0","1","0","0","0"
"POINT (11.646469697000043 48.107957547000069)","Unfall 226903 (2023) Kat:3, Licht: 0","226903","3","6","2","08","16","3","","0","0","1","0","0"
"POINT (11.571550124000055 48.128931812000076)","Unfall 226905 (2023) Kat:3, Licht: 0","226905","3","7","1","08","16","3","","0","1","1","0","0"
"POINT (11.573281220000069 48.116745470000069)","Unfall 226906 (2023) Kat:3, Licht: 0","226906","3","2","3","08","15","3","","0","1","0","0","1"
"POINT (11.498033895000049 48.139046576000055)","Unfall 226907 (2023) Kat:3, Licht: 1","226907","3","5","1","08","22","3","","1","1","1","0","0"
"POINT (11.554499002000057 48.167790716000070)","Unfall 226908 (2023) Kat:3, Licht: 0","226908","3","3","4","08","18","3","","0","0","1","0","0"
"POINT (11.566477037000027 48.133403336000072)","Unfall 226909 (2023) Kat:2, Licht: 0","226909","2","6","3","08","15","3","","0","1","0","0","0"
"POINT (11.572419745000047 48.130692795000073)","Unfall 226914 (2023) Kat:3, Licht: 0","226914","3","5","0","08","08","5","","0","1","0","0","0"
"POINT (11.604511891000072 48.121970398000030)","Unfall 226953 (2023) Kat:3, Licht: 0","226953","3","2","3","07","16","2","","0","1","1","0","0"
"POINT (11.572891649000042 48.095433259000060)","Unfall 226954 (2023) Kat:3, Licht: 0","226954","3","2","5","07","14","2","","0","1","0","0","0"
"POINT (11.553584037000064 48.139113225000074)","Unfall 226955 (2023) Kat:3, Licht: 0","226955","3","2","0","07","10","2","","0","0","1","0","1"
"POINT (11.512204654000072 48.181291169000076)","Unfall 226956 (2023) Kat:3, Licht: 0","226956","3","7","0","07","14","2","","0","1","0","0","0"
"POINT (11.501842769000064 48.172518773000036)","Unfall 226957 (2023) Kat:3, Licht: 0","226957","3","3","5","07","15","2","","0","1","1","0","0"
"POINT (11.502295219000075 48.113710512000068)","Unfall 226958 (2023) Kat:3, Licht: 0","226958","3","6","2","07","10","2","","0","0","1","0","0"
"POINT (11.476263149000033 48.109887781000054)","Unfall 226959 (2023) Kat:3, Licht: 2","226959","3","7","1","07","02","2","","2","0","1","0","0"
"POINT (11.516631744000051 48.129682150000065)","Unfall 226960 (2023) Kat:3, Licht: 0","226960","3","3","5","07","17","2","","0","0","1","0","0"
"POINT (11.502486240000053 48.120724000000052)","Unfall 226961 (2023) Kat:3, Licht: 0","226961","3","3","5","07","11","2","","0","1","1","0","0"
"POINT (11.630318468000041 48.100041954000062)","Unfall 226962 (2023) Kat:3, Licht: 0","226962","3","7","6","07","17","2","","0","1","0","1","0"
"POINT (11.599673290000055 48.125474894000035)","Unfall 226963 (2023) Kat:3, Licht: 0","226963","3","4","6","07","17","2","","0","0","0","1","0"
"POINT (11.589579067000045 48.131695619000027)","Unfall 226964 (2023) Kat:3, Licht: 0","226964","3","3","5","07","11","2","","0","1","1","0","0"
"POINT (11.580969630000027 48.169272314000068)","Unfall 226965 (2023) Kat:3, Licht: 0","226965","3","3","5","07","09","2","","0","1","1","0","0"
"POINT (11.579016126000056 48.138345005000076)","Unfall 226966 (2023) Kat:3, Licht: 0","226966","3","6","3","07","18","2","","0","1","0","0","0"
"POINT (11.494248462000030 48.176600309000037)","Unfall 227031 (2023) Kat:3, Licht: 0","227031","3","6","3","07","13","1","","0","1","1","0","0"
"POINT (11.577078326000048 48.136558831000059)","Unfall 227033 (2023) Kat:3, Licht: 2","227033","3","3","5","07","00","1","","2","1","1","0","0"
"POINT (11.565524955000058 48.137910824000073)","Unfall 227034 (2023) Kat:3, Licht: 0","227034","3","1","0","07","10","1","","0","0","0","0","0"
"POINT (11.552791881000076 48.148618545000033)","Unfall 227046 (2023) Kat:3, Licht: 0","227046","3","7","0","08","15","4","","0","0","0","0","0"
"POINT (11.413425420000067 48.135541945000057)","Unfall 227082 (2023) Kat:3, Licht: 2","227082","3","1","4","07","21","7","","2","0","1","0","0"
"POINT (11.484384160000047 48.144381290000069)","Unfall 227083 (2023) Kat:3, Licht: 0","227083","3","3","5","07","14","7","","0","1","1","0","0"
"POINT (11.522060401000033 48.175869909000028)","Unfall 227085 (2023) Kat:3, Licht: 0","227085","3","2","4","07","07","7","","0","0","1","0","0"
"POINT (11.515370228000052 48.109837384000059)","Unfall 227087 (2023) Kat:3, Licht: 0","227087","3","6","1","07","14","7","","0","1","0","0","0"
"POINT (11.541721333000055 48.133759095000073)","Unfall 227088 (2023) Kat:3, Licht: 0","227088","3","3","5","07","18","7","","0","0","1","0","1"
"POINT (11.589190297000073 48.157144603000063)","Unfall 227089 (2023) Kat:3, Licht: 2","227089","3","1","0","07","22","7","","2","1","0","0","0"
"POINT (11.573025339000026 48.115980684000078)","Unfall 227112 (2023) Kat:3, Licht: 0","227112","3","7","6","08","16","3","","0","0","1","1","0"