WKT,Name,OBJECTID,UKATEGORIE,UTYP1,UART,UMONAT,USTUNDE,UWOCHENTAG,STRZUSTAND,ULICHTVERH,ISTRAD,ISTPKW,ISTFUSS,ISTKRAD
"POINT (11.585416657000053 48.159296717000075)","Unfall 227140 (2023) Kat:2, Licht: 0","227140","2","7","5","07","16","6","","0","1","1","0","0"
"POINT (11.544566878000069 48.150249111000051)","Unfall 227141 (2023) Kat:3, Licht: 0","227141","3","4","6","07","10","6","","0","1","0","1","0"
"POINT (11.563462937000054 48.161147059000029)","Unfall 227142 (2023) Kat:2, Licht: 0","227142","2","3","6","07","16","6","","0","1","0","1","0"
"POINT (11.556406018000075 48.149114133000069)","Unfall 227143 (2023) Kat:3, Licht: 0","227143","3","1","5","07","16","6","","0","0","1","0","1"
"POINT (11.586704898000050 48.187870982000049)","Unfall 227144 (2023) Kat:2, Licht: 0","227144","2","6","3","07","14","6","","0","0","0","0","1"
"POINT (11.404690209000023 48.179237101000069)","Unfall 227146 (2023) Kat:3, Licht: 0","227146","3","6","2","07","14","6","","0","0","1","0","0"
"POINT (11.645873891000065 48.100721610000051)","Unfall 227148 (2023) Kat:3, Licht: 0","227148","3","7","6","07","16","6","","0","1","0","1","0"
"POINT (11.677133049000076 48.136826523000082)","Unfall 227149 (2023) Kat:3, Licht: 0","227149","3","3","5","07","16","6","","0","1","1","0","0"
"POINT (11.622308037000039 48.120484782000062)","Unfall 227150 (2023) Kat:3, Licht: 0","227150","3","4","6","07","17","6","","0","0","1","1","0"
"POINT (11.534201112000062 48.108733625000070)","Unfall 227151 (2023) Kat:3, Licht: 0","227151","3","3","6","07","09","6","","0","0","0","1","0"
"POINT (11.614001491000067 48.131096267000032)","Unfall 227156 (2023) Kat:2, Licht: 0","227156","2","6","3","08","13","2","","0","0","1","0","0"
"POINT (11.572588608000046 48.192275184000039)","Unfall 227217 (2023) Kat:3, Licht: 0","227217","3","7","2","08","08","6","","0","1","1","0","0"
"POINT (11.649382102000061 48.129827489000036)","Unfall 227239 (2023) Kat:3, Licht: 0","227239","3","1","0","07","16","5","","0","0","0","0","1"
"POINT (11.465945793000060 48.177436232000048)","Unfall 227240 (2023) Kat:2, Licht: 0","227240","2","2","5","07","07","5","","0","0","1","0","0"
"POINT (11.529276087000028 48.178517192000072)","Unfall 227241 (2023) Kat:3, Licht: 0","227241","3","2","4","07","12","5","","0","0","1","0","0"
"POINT (11.560525446000042 48.141832968000074)","Unfall 227242 (2023) Kat:3, Licht: 2","227242","3","4","6","07","23","5","","2","0","0","1","0"
"POINT (11.559761630000025 48.125714896000034)","Unfall 227243 (2023) Kat:3, Licht: 0","227243","3","7","0","07","09","5","","0","0","1","0","0"
"POINT (11.580210723000050 48.139090357000043)","Unfall 227244 (2023) Kat:2, Licht: 0","227244","2","7","5","07","19","5","","0","1","1","0","0"
"POINT (11.553678159000071 48.154198044000054)","Unfall 227245 (2023) Kat:3, Licht: 0","227245","3","6","1","07","08","5","","0","1","0","0","0"
"POINT (11.582226296000044 48.122735386000045)","Unfall 227248 (2023) Kat:3, Licht: 0","227248","3","1","0","07","15","5","","0","1","0","0","0"
"POINT (11.556310790000055 48.119936368000026)","Unfall 227249 (2023) Kat:2, Licht: 0","227249","2","7","0","07","18","5","","0","1","0","0","0"
"POINT (11.564064375000044 48.131163808000053)","Unfall 227250 (2023) Kat:3, Licht: 0","227250","3","6","3","07","12","5","","0","1","0","0","0"
"POINT (11.565074498000058 48.135557151000057)","Unfall 227251 (2023) Kat:3, Licht: 0","227251","3","1","0","07","08","5","","0","0","0","0","1"
"POINT (11.569521214000076 48.131045745000051)","Unfall 227252 (2023) Kat:3, Licht: 0","227252","3","7","1","07","07","5","","0","1","1","0","0"
"POINT (11.590346921000048 48.138697578000063)","Unfall 227291 (2023) Kat:3, Licht: 0","227291","3","5","3","08","15","3","","0","0","1","0","0"
"POINT (11.479882307000025 48.088896118000036)","Unfall 227293 (2023) Kat:3, Licht: 0","227293","3","6","5","08","11","3","","0","1","0","0","0"
"POINT (11.556006146000072 48.128344208000044)","Unfall 227294 (2023) Kat:3, Licht: 2","227294","3","3","5","08","23","3","","2","0","1","0","0"
"POINT (11.589030691000062 48.124833094000053)","Unfall 227321 (2023) Kat:3, Licht: 0","227321","3","3","0","08","13","2","","0","1","0","0","1"
"POINT (11.605323221000049 48.135549956000034)","Unfall 227322 (2023) Kat:3, Licht: 0","227322","3","2","6","08","08","2","","0","0","1","1","0"
"POINT (11.535443108000038 48.168363998000075)","Unfall 227323 (2023) Kat:3, Licht: 0","227323","3","2","5","08","13","2","","0","1","1","0","0"
"POINT (11.462177418000067 48.151500284000065)","Unfall 227325 (2023) Kat:3, Licht: 0","227325","3","3","5","08","16","2","","0","0","1","0","0"
"POINT (11.507162092000044 48.180120440000053)","Unfall 227326 (2023) Kat:3, Licht: 0","227326","3","3","0","08","08","2","","0","0","0","1","0"
"POINT (11.528829471000051 48.213454100000035)","Unfall 227327 (2023) Kat:3, Licht: 2","227327","3","2","4","08","05","2","","2","0","1","0","1"
"POINT (11.494865993000076 48.144129613000075)","Unfall 227328 (2023) Kat:3, Licht: 0","227328","3","6","6","08","17","2","","0","1","0","1","0"
"POINT (11.519046088000039 48.098789471000032)","Unfall 227329 (2023) Kat:3, Licht: 1","227329","3","4","6","08","17","2","","1","0","1","1","0"
"POINT (11.534719130000042 48.128170229000034)","Unfall 227330 (2023) Kat:3, Licht: 0","227330","3","6","2","08","08","2","","0","0","1","0","0"
"POINT (11.479630549000035 48.125874278000026)","Unfall 227360 (2023) Kat:3, Licht: 0","227360","3","2","3","08","12","1","","0","1","1","0","0"
"POINT (11.601297218000070 48.142614042000048)","Unfall 227361 (2023) Kat:3, Licht: 0","227361","3","1","0","08","11","1","","0","0","0","0","1"
"POINT (11.577259735000041 48.127089109000053)","Unfall 227362 (2023) Kat:3, Licht: 2","227362","3","7","0","08","04","1","","2","0","0","0","0"
"POINT (11.594574580000028 48.192777998000054)","Unfall 227373 (2023) Kat:2, Licht: 2","227373","2","1","9","08","03","7","","2","0","1","0","0"
"POINT (11.638313894000021 48.146287112000039)","Unfall 227374 (2023) Kat:2, Licht: 0","227374","2","5","1","08","15","7","","0","0","1","0","0"
"POINT (11.572488859000032 48.120649177000075)","Unfall 227375 (2023) Kat:2, Licht: 0","227375","2","4","6","08","19","7","","0","0","1","1","0"
"POINT (11.586523893000049 48.164957225000080)","Unfall 227376 (2023) Kat:3, Licht: 0","227376","3","1","0","08","11","7","","0","0","0","0","1"
"POINT (11.567944668000052 48.140496249000080)","Unfall 227377 (2023) Kat:3, Licht: 2","227377","3","3","5","08","22","7","","2","0","1","0","0"
"POINT (11.568804353000075 48.141308737000031)","Unfall 227416 (2023) Kat:3, Licht: 0","227416","3","1","6","08","13","6","","0","1","0","1","0"
"POINT (11.601626225000075 48.124086574000046)","Unfall 227417 (2023) Kat:3, Licht: 0","227417","3","3","1","08","16","6","","0","0","1","0","0"
"POINT (11.630549123000037 48.176013588000046)","Unfall 227418 (2023) Kat:2, Licht: 0","227418","2","2","5","08","14","6","","0","0","1","0","1"
"POINT (11.578819016000068 48.145294264000029)","Unfall 227419 (2023) Kat:3, Licht: 2","227419","3","7","5","08","21","6","","2","0","1","0","0"
"POINT (11.579111700000055 48.145918435000056)","Unfall 227421 (2023) Kat:3, Licht: 0","227421","3","5","1","08","17","6","","0","1","0","0","0"
"POINT (11.460708722000049 48.148828996000077)","Unfall 227422 (2023) Kat:3, Licht: 0","227422","3","4","0","08","18","6","","0","0","0","1","0"
"POINT (11.476661595000053 48.103328703000045)","Unfall 227423 (2023) Kat:3, Licht: 1","227423","3","2","5","08","20","6","","1","1","1","0","0"
"POINT (11.599710898000069 48.140035193000074)","Unfall 227425 (2023) Kat:2, Licht: 0","227425","2","1","0","08","10","6","","0","1","0","0","0"
"POINT (11.584395259000075 48.154093728000078)","Unfall 227426 (2023) Kat:3, Licht: 0","227426","3","1","0","08","11","6","","0","1","0","0","0"
"POINT (11.577864947000023 48.142477282000073)","Unfall 227427 (2023) Kat:3, Licht: 2","227427","3","6","4","08","00","6","","2","1","0","0","0"
"POINT (11.564661318000049 48.128605781000033)","Unfall 227428 (2023) Kat:3, Licht: 0","227428","3","7","1","08","09","6","","0","1","1","0","0"
"POINT (11.573526658000048 48.133481534000055)","Unfall 227429 (2023) Kat:3, Licht: 2","227429","3","3","5","08","21","7","","2","0","1","0","0"
"POINT (11.639972870000065 48.146384080000075)","Unfall 227466 (2023) Kat:3, Licht: 0","227466","3","1","0","08","16","5","","0","0","1","0","0"
"POINT (11.517730242000027 48.218181212000047)","Unfall 227468 (2023) Kat:3, Licht: 0","227468","3","2","5","08","10","5","","0","1","1","0","0"
"POINT (11.589845163000064 48.137301278000052)","Unfall 227469 (2023) Kat:3, Licht: 0","227469","3","1","0","08","11","5","","0","0","0","0","1"
"POINT (11.490239356000075 48.165353988000049)","Unfall 227470 (2023) Kat:3, Licht: 0","227470","3","3","5","08","17","5","","0","0","1","0","0"
"POINT (11.548932023000077 48.143593003000035)","Unfall 227471 (2023) Kat:3, Licht: 0","227471","3","4","6","08","07","5","","0","1","0","1","0"
"POINT (11.554994888000067 48.111799398000073)","Unfall 227472 (2023) Kat:2, Licht: 2","227472","2","7","7","08","22","5","","2","1","0","0","0"
"POINT (11.580923276000021 48.205133536000062)","Unfall 227473 (2023) Kat:3, Licht: 0","227473","3","3","5","08","13","5","","0","1","0","0","0"
"POINT (11.546225414000048 48.149919790000069)","Unfall 227474 (2023) Kat:3, Licht: 0","227474","3","3","3","08","14","5","","0","1","0","0","0"
"POINT (11.657922605000067 48.096047792000036)","Unfall 227475 (2023) Kat:3, Licht: 0","227475","3","2","1","08","15","5","","0","0","1","0","0"
"POINT (11.579361842000026 48.164928300000042)","Unfall 227476 (2023) Kat:3, Licht: 0","227476","3","3","5","08","10","5","","0","1","1","0","0"
"POINT (11.507889707000061 48.189502978000064)","Unfall 227530 (2023) Kat:3, Licht: 0","227530","3","1","6","08","08","4","","0","1","0","1","0"
"POINT (11.576321709000069 48.133867345000056)","Unfall 227531 (2023) Kat:3, Licht: 0","227531","3","7","6","08","09","4","","0","1","0","1","0"
"POINT (11.564495228000055 48.208867620000035)","Unfall 227532 (2023) Kat:3, Licht: 0","227532","3","3","4","08","18","4","","0","1","1","0","0"
"POINT (11.586257824000029 48.133579767000072)","Unfall 227533 (2023) Kat:3, Licht: 2","227533","3","7","6","08","23","4","","2","0","0","1","0"
"POINT (11.629248248000067 48.204392470000073)","Unfall 227534 (2023) Kat:3, Licht: 2","227534","3","1","0","08","23","4","","2","0","0","0","1"
"POINT (11.563294394000025 48.182367566000039)","Unfall 227535 (2023) Kat:3, Licht: 0","227535","3","3","5","08","18","4","","0","1","1","0","0"
"POINT (11.549786743000027 48.112250891000031)","Unfall 227537 (2023) Kat:3, Licht: 0","227537","3","6","0","08","17","4","","0","0","1","0","1"
"POINT (11.469328575000077 48.145599568000080)","Unfall 227538 (2023) Kat:3, Licht: 0","227538","3","4","6","08","19","4","","0","1","0","1","0"
"POINT (11.503171659000031 48.139796976000071)","Unfall 227583 (2023) Kat:3, Licht: 0","227583","3","2","5","08","17","3","","0","1","1","0","0"
"POINT (11.606699654000067 48.186469785000043)","Unfall 227584 (2023) Kat:3, Licht: 0","227584","3","3","5","08","19","3","","0","1","0","0","1"
"POINT (11.562656090000075 48.158348362000027)","Unfall 227585 (2023) Kat:2, Licht: 0","227585","2","2","4","08","16","3","","0","0","1","0","1"
"POINT (11.593203637000045 48.141605321000043)","Unfall 227586 (2023) Kat:3, Licht: 0","227586","3","4","6","08","15","3","","0","0","1","1","0"
"POINT (11.586531274000038 48.201067370000032)","Unfall 227587 (2023) Kat:3, Licht: 0","227587","3","6","4","08","17","3","","0","1","0","0","0"
"POINT (11.573476695000068 48.179035515000066)","Unfall 227588 (2023) Kat:3, Licht: 0","227588","3","3","5","08","07","3","","0","0","1","0","1"
"POINT (11.598905388000048 48.192824169000062)","Unfall 227589 (2023) Kat:3, Licht: 0","227589","3","6","2","08","15","3","","0","0","1","0","0"
"POINT (11.535152269000037 48.146069423000029)","Unfall 227590 (2023) Kat:3, Licht: 0","227590","3","6","4","08","08","3","","0","1","0","0","0"
"POINT (11.513194864000070 48.135033197000041)","Unfall 227591 (2023) Kat:3, Licht: 0","227591","3","6","2","08","07","3","","0","0","1","0","0"
"POINT (11.583552287000032 48.119084474000033)","Unfall 227593 (2023) Kat:3, Licht: 1","227593","3","1","0","08","19","3","","1","1","0","0","0"
"POINT (11.511912503000076 48.155675111000050)","Unfall 227651 (2023) Kat:3, Licht: 0","227651","3","3","5","08","16","2","","0","1","1","0","0"
"POINT (11.553583910000043 48.112266816000044)","Unfall 227661 (2023) Kat:3, Licht: 0","227661","3","2","0","08","09","2","","0","0","1","0","1"
"POINT (11.587040178000052 48.121861099000057)","Unfall 227662 (2023) Kat:3, Licht: 0","227662","3","2","5","08","08","2","","0","1","1","0","0"
"POINT (11.535152062000066 48.146069858000033)","Unfall 227663 (2023) Kat:3, Licht: 0","227663","3","2","4","08","10","2","","0","1","0","0","0"
"POINT (11.543280402000050 48.214820433000057)","Unfall 227664 (2023) Kat:3, Licht: 0","227664","3","2","5","08","17","2","","0","1","1","0","0"
"POINT (11.611884395000061 48.199689490000026)","Unfall 227665 (2023) Kat:2, Licht: 0","227665","2","2","3","08","07","2","","0","1","0","0","0"
"POINT (11.444299010000066 48.138390473000072)","Unfall 227666 (2023) Kat:3, Licht: 0","227666","3","3","5","08","15","2","","0","0","1","0","0"
"POINT (11.516012444000069 48.185066627000026)","Unfall 227667 (2023) Kat:3, Licht: 0","227667","3","3","5","08","18","2","","0","1","1","0","0"
"POINT (11.581104949000064 48.097785411000075)","Unfall 227668 (2023) Kat:3, Licht: 0","227668","3","2","5","08","17","2","","0","1","1","0","0"
"POINT (11.621409056000061 48.153618063000067)","Unfall 227669 (2023) Kat:3, Licht: 0","227669","3","2","5","08","12","2","","0","0","1","0","0"
"POINT (11.552559783000049 48.119964801000037)","Unfall 227670 (2023) Kat:3, Licht: 0","227670","3","6","4","08","19","2","","0","1","0","0","0"
"POINT (11.533602538000025 48.116771703000040)","Unfall 227671 (2023) Kat:3, Licht: 0","227671","3","3","4","08","17","2","","0","1","1","0","0"
"POINT (11.535055893000049 48.140018803000032)","Unfall 227672 (2023) Kat:3, Licht: 0","227672","3","6","2","08","18","2","","0","0","1","0","0"
"POINT (11.600877977000039 48.153511802000025)","Unfall 227673 (2023) Kat:3, Licht: 0","227673","3","6","2","08","12","2","","0","0","1","0","0"
"POINT (11.574638075000053 48.144675164000034)","Unfall 227674 (2023) Kat:3, Licht: 0","227674","3","3","5","08","09","2","","0","1","1","0","0"
"POINT (11.572832554000058 48.142086038000059)","Unfall 227734 (2023) Kat:3, Licht: 2","227734","3","1","8","08","03","1","","2","0","0","0","1"
"POINT (11.578932280000060 48.145312215000047)","Unfall 227736 (2023) Kat:3, Licht: 0","227736","3","7","6","08","16","1","","0","0","0","1","1"
"POINT (11.586214614000028 48.161843990000079)","Unfall 227737 (2023) Kat:3, Licht: 1","227737","3","6","4","08","20","1","","1","1","0","0","0"
"POINT (11.572649609000052 48.198570073000042)","Unfall 227738 (2023) Kat:3, Licht: 2","227738","3","1","0","08","02","1","","2","1","0","0","0"
"POINT (11.475858876000075 48.164394560000062)","Unfall 227739 (2023) Kat:3, Licht: 2","227739","3","6","2","08","20","1","","2","0","1","0","0"
"POINT (11.671356065000055 48.134977152000033)","Unfall 227740 (2023) Kat:2, Licht: 0","227740","2","6","0","08","10","1","","0","1","0","0","0"
"POINT (11.577188565000029 48.138670042000058)","Unfall 227741 (2023) Kat:3, Licht: 2","227741","3","6","4","08","22","1","","2","1","0","0","0"
"POINT (11.657053678000068 48.090432895000049)","Unfall 227744 (2023) Kat:2, Licht: 0","227744","2","1","0","08","16","1","","0","1","0","0","0"
"POINT (11.587379907000070 48.143261177000056)","Unfall 227794 (2023) Kat:3, Licht: 2","227794","3","2","5","08","21","7","","2","0","1","0","0"
"POINT (11.627203253000062 48.139257922000070)","Unfall 227795 (2023) Kat:2, Licht: 0","227795","2","4","6","08","08","7","","0","0","1","1","0"
"POINT (11.559775184000046 48.139229062000027)","Unfall 227796 (2023) Kat:3, Licht: 0","227796","3","4","6","08","12","7","","0","0","1","1","0"
"POINT (11.558296632000065 48.145998690000056)","Unfall 227797 (2023) Kat:3, Licht: 0","227797","3","5","3","08","16","7","","0","1","1","0","0"
"POINT (11.679969417000052 48.140413482000042)","Unfall 227798 (2023) Kat:2, Licht: 0","227798","2","4","6","08","18","7","","0","0","0","1","0"
"POINT (11.508745283000053 48.094390565000026)","Unfall 227799 (2023) Kat:2, Licht: 0","227799","2","4","6","08","17","7","","0","0","1","1","0"
"POINT (11.592606650000050 48.114900135000028)","Unfall 227800 (2023) Kat:3, Licht: 0","227800","3","2","4","08","18","7","","0","0","1","0","0"
"POINT (11.525705594000044 48.110834739000040)","Unfall 227801 (2023) Kat:3, Licht: 0","227801","3","6","6","08","15","7","","0","1","0","1","0"
"POINT (11.570310946000063 48.146455121000031)","Unfall 227802 (2023) Kat:3, Licht: 0","227802","3","1","0","08","17","7","","0","1","0","0","0"
"POINT (11.565741155000069 48.135048325000071)","Unfall 227803 (2023) Kat:3, Licht: 2","227803","3","6","2","08","02","7","","2","0","1","0","0"
"POINT (11.592653061000021 48.143110927000066)","Unfall 227880 (2023) Kat:3, Licht: 0","227880","3","6","2","08","12","6","","0","0","1","0","0"
"POINT (11.573711980000041 48.201203761000045)","Unfall 227881 (2023) Kat:3, Licht: 0","227881","3","6","2","08","11","6","","0","1","0","0","0"
"POINT (11.433093872000029 48.151858522000055)","Unfall 227882 (2023) Kat:3, Licht: 0","227882","3","2","5","08","08","6","","0","1","0","0","0"
"POINT (11.638532420000047 48.117428512000060)","Unfall 227883 (2023) Kat:3, Licht: 0","227883","3","7","0","08","16","6","","0","1","0","0","0"
"POINT (11.584815397000057 48.134288883000067)","Unfall 227884 (2023) Kat:3, Licht: 2","227884","3","1","0","08","21","6","","2","1","0","0","0"
"POINT (11.564422149000052 48.170064228000058)","Unfall 227908 (2023) Kat:3, Licht: 2","227908","3","6","0","08","21","4","","2","1","0","0","0"
"POINT (11.504658724000024 48.135408899000026)","Unfall 227955 (2023) Kat:3, Licht: 2","227955","3","1","5","08","21","5","","2","0","1","0","1"
"POINT (11.570060792000049 48.150768730000038)","Unfall 227956 (2023) Kat:3, Licht: 0","227956","3","2","4","08","14","5","","0","1","1","0","0"
"POINT (11.572016209000026 48.148922742000082)","Unfall 227957 (2023) Kat:3, Licht: 0","227957","3","3","5","08","19","5","","0","1","1","0","0"
"POINT (11.519538343000022 48.112858067000047)","Unfall 227958 (2023) Kat:3, Licht: 0","227958","3","3","5","08","08","5","","0","1","1","0","0"
"POINT (11.584424821000027 48.138263518000031)","Unfall 227959 (2023) Kat:3, Licht: 0","227959","3","2","5","08","17","5","","0","1","1","0","0"
"POINT (11.509562039000059 48.128075927000054)","Unfall 227960 (2023) Kat:3, Licht: 0","227960","3","7","0","08","11","5","","0","0","1","0","0"
"POINT (11.573909178000065 48.120070265000038)","Unfall 227961 (2023) Kat:3, Licht: 0","227961","3","2","5","08","19","5","","0","1","0","0","1"
"POINT (11.561764051000068 48.124999564000063)","Unfall 227962 (2023) Kat:3, Licht: 2","227962","3","2","3","08","00","5","","2","1","1","0","0"
"POINT (11.676659137000058 48.084096341000077)","Unfall 227964 (2023) Kat:3, Licht: 0","227964","3","6","2","08","19","5","","0","0","1","0","1"
"POINT (11.545073493000075 48.122335395000050)","Unfall 227965 (2023) Kat:3, Licht: 0","227965","3","3","0","08","17","5","","0","1","1","0","0"
"POINT (11.560266830000046 48.142545464000079)","Unfall 227966 (2023) Kat:3, Licht: 0","227966","3","2","5","08","16","5","","0","1","1","0","0"
"POINT (11.536584564000066 48.153702619000057)","Unfall 228027 (2023) Kat:3, Licht: 0","228027","3","7","0","08","12","7","","0","1","0","0","0"
"POINT (11.551714149000077 48.142959689000065)","Unfall 228044 (2023) Kat:3, Licht: 0","228044","3","3","5","08","08","4","","0","1","1","0","0"
"POINT (11.586396597000032 48.161795631000075)","Unfall 228046 (2023) Kat:3, Licht: 2","228046","3","7","0","08","00","4","","2","1","0","0","0"
"POINT (11.586388500000055 48.164018105000025)","Unfall 228047 (2023) Kat:3, Licht: 0","228047","3","6","0","08","17","4","","0","1","0","0","0"
"POINT (11.634875249000061 48.110187272000076)","Unfall 228048 (2023) Kat:3, Licht: 2","228048","3","5","1","08","23","4","","2","1","0","0","0"
"POINT (11.547177480000073 48.071578998000064)","Unfall 228049 (2023) Kat:3, Licht: 0","228049","3","1","0","08","10","4","","0","1","0","0","0"
"POINT (11.454007514000068 48.164811458000031)","Unfall 228050 (2023) Kat:3, Licht: 0","228050","3","7","0","08","19","4","","0","1","0","0","0"
"POINT (11.578428625000072 48.136117330000047)","Unfall 228051 (2023) Kat:3, Licht: 0","228051","3","7","6","08","09","4","","0","0","0","1","0"
"POINT (11.459474248000049 48.149225686000079)","Unfall 228053 (2023) Kat:3, Licht: 0","228053","3","7","6","08","16","4","","0","0","0","1","0"
"POINT (11.456954592000045 48.140151676000073)","Unfall 228054 (2023) Kat:3, Licht: 0","228054","3","2","5","08","07","4","","0","1","1","0","0"
"POINT (11.542610118000027 48.186216852000030)","Unfall 228055 (2023) Kat:3, Licht: 0","228055","3","7","0","08","09","4","","0","0","0","0","0"
"POINT (11.580562782000072 48.127629241000079)","Unfall 228060 (2023) Kat:3, Licht: 0","228060","3","6","4","08","11","4","","0","1","0","0","0"
"POINT (11.586484286000029 48.165399561000072)","Unfall 228061 (2023) Kat:3, Licht: 0","228061","3","2","5","08","19","4","","0","1","0","0","0"
"POINT (11.560707968000031 48.134237231000043)","Unfall 228063 (2023) Kat:3, Licht: 0","228063","3","3","5","08","16","4","","0","1","0","0","1"
"POINT (11.505473264000045 48.152141232000076)","Unfall 228077 (2023) Kat:3, Licht: 0","228077","3","6","4","08","15","4","","0","0","1","0","0"
"POINT (11.579354374000047 48.146442834000027)","Unfall 228142 (2023) Kat:3, Licht: 0","228142","3","1","0","08","14","3","","0","1","0","0","0"
"POINT (11.507304387000033 48.096763779000071)","Unfall 228143 (2023) Kat:3, Licht: 0","228143","3","6","2","08","16","3","","0","0","1","0","0"
"POINT (11.589544516000046 48.131830448000073)","Unfall 228144 (2023) Kat:3, Licht: 2","228144","3","7","0","08","00","3","","2","1","0","0","0"
"POINT (11.534802877000061 48.127229057000079)","Unfall 228145 (2023) Kat:3, Licht: 0","228145","3","4","6","08","11","3","","0","0","1","1","0"
"POINT (11.589666871000077 48.131893357000081)","Unfall 228146 (2023) Kat:3, Licht: 0","228146","3","1","0","08","17","3","","0","1","0","0","0"
"POINT (11.503039751000074 48.139893877000077)","Unfall 228148 (2023) Kat:3, Licht: 0","228148","3","6","0","08","18","3","","0","0","1","0","1"
"POINT (11.535725361000061 48.151562451000075)","Unfall 228149 (2023) Kat:3, Licht: 0","228149","3","7","0","08","14","3","","0","0","0","0","1"
"POINT (11.589402473000064 48.125032141000077)","Unfall 228208 (2023) Kat:3, Licht: 0","228208","3","7","3","08","16","2","","0","0","1","0","0"
"POINT (11.609830148000071 48.118193950000034)","Unfall 228212 (2023) Kat:3, Licht: 0","228212","3","7","9","08","11","2","","0","0","1","1","0"
"POINT (11.561546184000065 48.140911535000043)","Unfall 228213 (2023) Kat:3, Licht: 2","228213","3","1","4","08","22","2","","2","1","0","0","0"
"POINT (11.542563813000072 48.134615915000040)","Unfall 228214 (2023) Kat:3, Licht: 0","228214","3","7","0","08","10","2","","0","0","1","0","1"
"POINT (11.572653918000071 48.153909408000061)","Unfall 228217 (2023) Kat:2, Licht: 2","228217","2","1","1","08","23","2","","2","1","1","0","0"
"POINT (11.568873517000043 48.132657884000025)","Unfall 228234 (2023) Kat:3, Licht: 0","228234","3","2","3","08","10","3","","0","1","1","0","0"
"POINT (11.528189511000051 48.139279660000057)","Unfall 228241 (2023) Kat:3, Licht: 0","228241","3","3","5","08","12","4","","0","1","1","0","0"
"POINT (11.581091933000039 48.150120903000072)","Unfall 228264 (2023) Kat:3, Licht: 2","228264","3","3","1","08","21","4","","2","0","1","0","1"
"POINT (11.552999972000066 48.212746342000059)","Unfall 228298 (2023) Kat:3, Licht: 0","228298","3","7","3","08","14","1","","0","0","1","0","1"
"POINT (11.612830171000041 48.108403637000038)","Unfall 228300 (2023) Kat:3, Licht: 0","228300","3","3","5","08","12","1","","0","0","1","0","0"
"POINT (11.515443443000038 48.196138502000053)","Unfall 228301 (2023) Kat:3, Licht: 2","228301","3","7","1","08","01","1","","2","0","1","0","1"
"POINT (11.588150715000040 48.100400348000051)","Unfall 228302 (2023) Kat:3, Licht: 0","228302","3","7","0","08","08","1","","0","1","0","0","0"
"POINT (11.539527538000073 48.145677476000060)","Unfall 228303 (2023) Kat:3, Licht: 0","228303","3","4","0","08","13","1","","0","0","0","1","0"
"POINT (11.562100566000026 48.121028403000025)","Unfall 228304 (2023) Kat:3, Licht: 0","228304","3","2","5","08","18","1","","0","1","1","0","0"
"POINT (11.533211942000037 48.133574967000072)","Unfall 228305 (2023) Kat:3, Licht: 2","228305","3","2","5","08","21","1","","2","1","1","0","0"
"POINT (11.553829215000064 48.127263406000054)","Unfall 228306 (2023) Kat:2, Licht: 2","228306","2","1","0","08","00","1","","2","0","0","0","0"
"POINT (11.669659943000056 48.082599324000057)","Unfall 228321 (2023) Kat:3, Licht: 0","228321","3","3","5","08","16","4","","0","0","0","0","1"
"POINT (11.503518020000058 48.079232148000074)","Unfall 228342 (2023) Kat:2, Licht: 2","228342","2","2","5","09","22","3","","2","0","1","0","1"
"POINT (11.567835915000046 48.184551740000074)","Unfall 228343 (2023) Kat:3, Licht: 0","228343","3","1","1","09","16","3","","0","1","1","0","0"
"POINT (11.599350813000058 48.115095324000038)","Unfall 228344 (2023) Kat:3, Licht: 0","228344","3","6","4","09","09","3","","0","1","0","0","0"
"POINT (11.465887774000066 48.146168396000064)","Unfall 228345 (2023) Kat:3, Licht: 0","228345","3","3","5","09","14","3","","0","1","0","0","0"
"POINT (11.575789999000051 48.183324599000059)","Unfall 228346 (2023) Kat:3, Licht: 0","228346","3","6","6","09","18","3","","0","1","0","1","0"
"POINT (11.690306472000032 48.131483824000043)","Unfall 228347 (2023) Kat:3, Licht: 0","228347","3","5","1","09","18","3","","0","1","1","0","0"
"POINT (11.561369731000070 48.122025056000041)","Unfall 228348 (2023) Kat:3, Licht: 0","228348","3","6","6","09","08","3","","0","1","0","1","0"
"POINT (11.606694990000051 48.126932766000039)","Unfall 228349 (2023) Kat:3, Licht: 0","228349","3","4","6","09","11","3","","0","0","1","1","0"
"POINT (11.526940520000039 48.105640182000059)","Unfall 228350 (2023) Kat:3, Licht: 0","228350","3","7","7","09","15","3","","0","1","0","0","0"
"POINT (11.550465513000063 48.135939559000064)","Unfall 228351 (2023) Kat:3, Licht: 0","228351","3","2","0","09","18","3","","0","0","1","0","1"
"POINT (11.588748127000031 48.155666793000080)","Unfall 228352 (2023) Kat:3, Licht: 0","228352","3","3","5","09","08","3","","0","1","0","0","0"
"POINT (11.578099477000023 48.139469951000081)","Unfall 228353 (2023) Kat:3, Licht: 2","228353","3","1","0","09","22","3","","2","1","0","0","0"
"POINT (11.552344991000041 48.125117273000058)","Unfall 228410 (2023) Kat:3, Licht: 0","228410","3","3","4","09","12","2","","0","0","1","0","0"
"POINT (11.660820164000029 48.133561224000061)","Unfall 228411 (2023) Kat:3, Licht: 0","228411","3","1","0","09","09","2","","0","1","0","0","0"