WKT,Name,OBJECTID,UKATEGORIE,UTYP1,UART,UMONAT,USTUNDE,UWOCHENTAG,STRZUSTAND,ULICHTVERH,ISTRAD,ISTPKW,ISTFUSS,ISTKRAD
"POINT (11.570569990000024 48.129856999000026)","Unfall 228412 (2023) Kat:3, Licht: 2","228412","3","7","6","09","20","2","","2","0","1","1","0"
"POINT (11.457510264000064 48.168698845000051)","Unfall 228413 (2023) Kat:3, Licht: 0","228413","3","7","0","09","08","2","","0","0","0","0","1"
"POINT (11.629777501000035 48.154862227000081)","Unfall 228414 (2023) Kat:3, Licht: 0","228414","3","6","2","09","14","2","","0","0","1","0","0"
"POINT (11.626304761000029 48.221659657000032)","Unfall 228415 (2023) Kat:3, Licht: 0","228415","3","7","8","09","11","2","","0","0","1","0","0"
"POINT (11.565681648000066 48.132943569000076)","Unfall 228416 (2023) Kat:3, Licht: 0","228416","3","3","0","09","07","2","","0","1","0","0","1"
"POINT (11.584829807000062 48.158191196000075)","Unfall 228417 (2023) Kat:3, Licht: 0","228417","3","2","5","09","18","2","","0","1","1","0","0"
"POINT (11.553493738000043 48.200002434000055)","Unfall 228418 (2023) Kat:3, Licht: 0","228418","3","3","5","09","19","2","","0","0","1","0","1"
"POINT (11.621037514000022 48.186927213000047)","Unfall 228419 (2023) Kat:3, Licht: 0","228419","3","3","5","09","19","2","","0","1","0","0","0"
"POINT (11.669315187000052 48.139863903000048)","Unfall 228422 (2023) Kat:3, Licht: 0","228422","3","2","4","09","09","2","","0","0","1","0","0"
"POINT (11.596699394000041 48.104479770000069)","Unfall 228423 (2023) Kat:3, Licht: 0","228423","3","2","5","09","08","2","","0","1","1","0","0"
"POINT (11.560548155000049 48.145429758000034)","Unfall 228424 (2023) Kat:3, Licht: 0","228424","3","5","1","09","12","2","","0","1","1","0","0"
"POINT (11.567733766000060 48.142228661000047)","Unfall 228505 (2023) Kat:3, Licht: 0","228505","3","1","0","09","13","1","","0","1","0","0","0"
"POINT (11.643824674000030 48.114870104000033)","Unfall 228507 (2023) Kat:3, Licht: 0","228507","3","7","3","09","19","1","","0","1","0","0","0"
"POINT (11.555835297000044 48.158856594000042)","Unfall 228509 (2023) Kat:3, Licht: 0","228509","3","2","5","09","18","1","","0","1","1","0","0"
"POINT (11.583381638000048 48.154981057000043)","Unfall 228511 (2023) Kat:2, Licht: 2","228511","2","1","0","09","02","1","","2","0","0","0","0"
"POINT (11.555793164000022 48.142033254000069)","Unfall 228512 (2023) Kat:2, Licht: 0","228512","2","7","0","09","09","1","","0","1","0","0","0"
"POINT (11.534883669000067 48.121001765000074)","Unfall 228574 (2023) Kat:2, Licht: 0","228574","2","7","0","09","19","7","","0","0","0","1","1"
"POINT (11.633590403000028 48.108033828000032)","Unfall 228575 (2023) Kat:3, Licht: 2","228575","3","1","9","09","20","7","","2","1","0","0","0"
"POINT (11.502995358000021 48.126033262000078)","Unfall 228577 (2023) Kat:3, Licht: 0","228577","3","3","5","09","17","7","","0","0","1","0","1"
"POINT (11.535156319000066 48.168419199000027)","Unfall 228579 (2023) Kat:3, Licht: 0","228579","3","6","2","09","11","7","","0","0","1","0","1"
"POINT (11.573472596000045 48.135733393000066)","Unfall 228580 (2023) Kat:3, Licht: 0","228580","3","3","5","09","10","7","","0","0","1","0","1"
"POINT (11.529159425000046 48.162457218000043)","Unfall 228581 (2023) Kat:3, Licht: 1","228581","3","7","0","09","06","7","","1","0","0","0","0"
"POINT (11.587463612000022 48.093672697000045)","Unfall 228582 (2023) Kat:3, Licht: 0","228582","3","1","0","09","17","7","","0","0","0","0","1"
"POINT (11.605546088000040 48.121359701000074)","Unfall 228583 (2023) Kat:3, Licht: 0","228583","3","4","6","09","17","7","","0","0","0","1","0"
"POINT (11.575678096000047 48.187651795000079)","Unfall 228584 (2023) Kat:3, Licht: 2","228584","3","7","0","09","00","7","","2","0","0","0","1"
"POINT (11.484900039000024 48.136858867000058)","Unfall 228585 (2023) Kat:3, Licht: 1","228585","3","7","0","09","19","7","","1","1","0","0","0"
"POINT (11.628293696000071 48.147327561000054)","Unfall 228586 (2023) Kat:3, Licht: 0","228586","3","7","4","09","14","7","","0","1","1","0","0"
"POINT (11.625162183000043 48.117122209000058)","Unfall 228587 (2023) Kat:3, Licht: 0","228587","3","1","0","09","11","7","","0","1","0","0","0"
"POINT (11.545462021000048 48.125590148000072)","Unfall 228588 (2023) Kat:3, Licht: 0","228588","3","1","0","09","15","7","","0","1","0","0","0"
"POINT (11.540859617000024 48.133794571000067)","Unfall 228589 (2023) Kat:3, Licht: 0","228589","3","7","0","09","11","7","","0","1","0","0","0"
"POINT (11.528425384000059 48.130288331000031)","Unfall 228639 (2023) Kat:3, Licht: 1","228639","3","3","5","09","19","2","","1","0","1","0","0"
"POINT (11.532941145000052 48.201954316000069)","Unfall 228645 (2023) Kat:3, Licht: 0","228645","3","5","1","09","18","6","","0","1","0","0","0"
"POINT (11.572909106000054 48.183974912000053)","Unfall 228646 (2023) Kat:2, Licht: 0","228646","2","6","4","09","17","6","","0","1","0","0","0"
"POINT (11.571256928000025 48.147945598000035)","Unfall 228648 (2023) Kat:3, Licht: 2","228648","3","6","3","09","20","6","","2","1","1","0","0"
"POINT (11.489534352000021 48.179312211000081)","Unfall 228649 (2023) Kat:3, Licht: 0","228649","3","2","4","09","16","6","","0","1","1","0","0"
"POINT (11.441824875000066 48.141651850000073)","Unfall 228650 (2023) Kat:3, Licht: 0","228650","3","5","1","09","16","6","","0","1","1","0","0"
"POINT (11.462487198000076 48.189055856000039)","Unfall 228651 (2023) Kat:3, Licht: 1","228651","3","6","4","09","20","6","","1","0","0","0","0"
"POINT (11.503175447000046 48.139905353000074)","Unfall 228652 (2023) Kat:3, Licht: 2","228652","3","1","0","09","20","6","","2","0","0","0","0"
"POINT (11.696565876000022 48.116795791000072)","Unfall 228653 (2023) Kat:3, Licht: 2","228653","3","1","9","09","00","6","","2","1","0","0","0"
"POINT (11.633508783000025 48.118119376000038)","Unfall 228654 (2023) Kat:3, Licht: 0","228654","3","6","4","09","18","6","","0","1","0","0","0"
"POINT (11.594607901000074 48.164562104000026)","Unfall 228655 (2023) Kat:3, Licht: 1","228655","3","3","2","09","18","6","","1","0","1","0","1"
"POINT (11.580559504000064 48.149007523000080)","Unfall 228656 (2023) Kat:3, Licht: 0","228656","3","2","2","09","16","6","","0","0","1","0","1"
"POINT (11.590585868000062 48.156547785000043)","Unfall 228744 (2023) Kat:3, Licht: 0","228744","3","7","0","09","12","5","","0","1","0","1","0"
"POINT (11.598324559000048 48.127193450000050)","Unfall 228745 (2023) Kat:3, Licht: 0","228745","3","1","0","09","15","5","","0","1","0","0","0"
"POINT (11.602000398000030 48.137508533000073)","Unfall 228746 (2023) Kat:3, Licht: 0","228746","3","3","5","09","15","5","","0","1","0","0","0"
"POINT (11.588676455000041 48.131831392000038)","Unfall 228747 (2023) Kat:3, Licht: 0","228747","3","1","0","09","17","5","","0","1","0","0","0"
"POINT (11.562296153000034 48.146643259000030)","Unfall 228748 (2023) Kat:3, Licht: 0","228748","3","7","6","09","13","5","","0","0","1","1","0"
"POINT (11.528260374000070 48.165281338000057)","Unfall 228749 (2023) Kat:3, Licht: 0","228749","3","3","5","09","18","5","","0","1","1","0","0"
"POINT (11.461015417000056 48.142545170000062)","Unfall 228750 (2023) Kat:3, Licht: 2","228750","3","3","5","09","23","5","","2","0","1","0","0"
"POINT (11.552989254000067 48.186016149000068)","Unfall 228751 (2023) Kat:3, Licht: 0","228751","3","6","1","09","07","5","","0","0","1","0","0"
"POINT (11.529108157000053 48.099762179000038)","Unfall 228752 (2023) Kat:3, Licht: 0","228752","3","2","5","09","14","5","","0","1","1","0","0"
"POINT (11.581699299000036 48.105902575000073)","Unfall 228753 (2023) Kat:3, Licht: 2","228753","3","3","5","09","19","5","","2","1","1","0","0"
"POINT (11.595044860000030 48.123329558000080)","Unfall 228754 (2023) Kat:3, Licht: 0","228754","3","2","3","09","15","5","","0","1","0","0","0"
"POINT (11.565023152000037 48.167889800000069)","Unfall 228755 (2023) Kat:3, Licht: 0","228755","3","3","5","09","16","5","","0","1","0","0","0"
"POINT (11.580833793000068 48.140626043000054)","Unfall 228756 (2023) Kat:3, Licht: 0","228756","3","4","6","09","09","5","","0","1","0","1","0"
"POINT (11.538103304000060 48.100426848000041)","Unfall 228777 (2023) Kat:3, Licht: 0","228777","3","6","2","09","16","2","","0","0","1","0","0"
"POINT (11.458910589000027 48.164618443000052)","Unfall 228783 (2023) Kat:3, Licht: 0","228783","3","3","5","09","13","3","","0","0","1","0","1"
"POINT (11.557138082000051 48.129930524000031)","Unfall 228832 (2023) Kat:3, Licht: 2","228832","3","1","9","09","22","4","","2","0","0","0","1"
"POINT (11.597424474000036 48.149684487000059)","Unfall 228833 (2023) Kat:3, Licht: 2","228833","3","1","0","09","23","4","","2","1","0","0","0"
"POINT (11.545335501000068 48.119748313000059)","Unfall 228834 (2023) Kat:3, Licht: 2","228834","3","5","0","09","20","4","","2","0","0","0","0"
"POINT (11.636601531000053 48.172108902000048)","Unfall 228835 (2023) Kat:3, Licht: 0","228835","3","2","3","09","15","4","","0","1","0","0","0"
"POINT (11.493572364000045 48.170075741000062)","Unfall 228836 (2023) Kat:3, Licht: 0","228836","3","6","2","09","16","4","","0","1","0","0","0"
"POINT (11.584351954000056 48.157260441000062)","Unfall 228837 (2023) Kat:3, Licht: 0","228837","3","6","3","09","18","4","","0","1","0","0","0"
"POINT (11.567289873000050 48.129668978000041)","Unfall 228838 (2023) Kat:3, Licht: 2","228838","3","1","6","09","22","4","","2","0","1","1","0"
"POINT (11.564889670000071 48.168058663000068)","Unfall 228839 (2023) Kat:2, Licht: 0","228839","2","4","6","09","08","4","","0","0","1","1","0"
"POINT (11.537006316000031 48.109763296000040)","Unfall 228840 (2023) Kat:3, Licht: 0","228840","3","7","6","09","15","4","","0","1","0","1","0"
"POINT (11.458681563000027 48.149589743000035)","Unfall 228841 (2023) Kat:3, Licht: 0","228841","3","7","0","09","11","4","","0","1","0","0","0"
"POINT (11.688642921000053 48.135483679000060)","Unfall 228842 (2023) Kat:3, Licht: 2","228842","3","4","6","09","20","4","","2","0","1","1","0"
"POINT (11.588089794000041 48.131632180000054)","Unfall 228843 (2023) Kat:3, Licht: 0","228843","3","1","8","09","11","4","","0","1","0","0","0"
"POINT (11.537697339000033 48.138141524000048)","Unfall 228844 (2023) Kat:3, Licht: 0","228844","3","3","5","09","11","4","","0","1","1","0","0"
"POINT (11.552628636000065 48.142587824000032)","Unfall 228929 (2023) Kat:3, Licht: 0","228929","3","2","5","09","09","3","","0","1","1","0","0"
"POINT (11.553964254000050 48.154316302000041)","Unfall 228930 (2023) Kat:3, Licht: 0","228930","3","2","0","09","12","3","","0","1","1","0","0"
"POINT (11.606640167000023 48.099946880000061)","Unfall 228931 (2023) Kat:1, Licht: 0","228931","1","3","1","09","16","3","","0","0","1","0","1"
"POINT (11.537265242000046 48.150485501000048)","Unfall 228932 (2023) Kat:3, Licht: 0","228932","3","2","4","09","17","3","","0","1","1","0","0"
"POINT (11.567631990000052 48.176325769000073)","Unfall 228933 (2023) Kat:3, Licht: 0","228933","3","3","5","09","18","3","","0","0","1","0","0"
"POINT (11.565596020000044 48.174171544000046)","Unfall 228934 (2023) Kat:3, Licht: 0","228934","3","6","3","09","17","3","","0","1","0","0","0"
"POINT (11.530707250000034 48.171215026000027)","Unfall 228935 (2023) Kat:3, Licht: 0","228935","3","6","1","09","07","2","","0","0","1","0","0"
"POINT (11.513345361000063 48.127924433000032)","Unfall 228936 (2023) Kat:3, Licht: 0","228936","3","4","6","09","14","3","","0","1","0","1","0"
"POINT (11.604255105000050 48.139768082000046)","Unfall 228937 (2023) Kat:3, Licht: 0","228937","3","6","3","09","09","3","","0","1","0","0","0"
"POINT (11.602158451000037 48.123916830000042)","Unfall 228938 (2023) Kat:3, Licht: 0","228938","3","2","2","09","17","3","","0","1","1","0","0"
"POINT (11.581678802000056 48.150991512000076)","Unfall 228939 (2023) Kat:3, Licht: 0","228939","3","7","0","09","15","5","","0","1","0","0","0"
"POINT (11.579591285000049 48.125381031000074)","Unfall 228941 (2023) Kat:3, Licht: 0","228941","3","1","0","09","19","3","","0","1","0","0","0"
"POINT (11.578326617000073 48.138729472000080)","Unfall 228942 (2023) Kat:3, Licht: 0","228942","3","1","0","09","14","3","","0","0","0","0","0"
"POINT (11.599701753000033 48.130949378000025)","Unfall 228977 (2023) Kat:3, Licht: 0","228977","3","2","5","09","16","3","","0","0","1","0","0"
"POINT (11.573692854000058 48.132519974000047)","Unfall 229017 (2023) Kat:2, Licht: 0","229017","2","5","0","09","15","2","","0","1","1","0","0"
"POINT (11.646113042000025 48.109077552000031)","Unfall 229018 (2023) Kat:3, Licht: 0","229018","3","6","2","09","16","2","","0","0","1","0","0"
"POINT (11.526053258000047 48.117057454000076)","Unfall 229019 (2023) Kat:3, Licht: 0","229019","3","3","6","09","18","2","","0","0","1","1","0"
"POINT (11.582277603000023 48.130899176000071)","Unfall 229020 (2023) Kat:3, Licht: 0","229020","3","4","6","09","15","2","","0","0","0","1","0"
"POINT (11.502985520000038 48.125586363000082)","Unfall 229021 (2023) Kat:3, Licht: 1","229021","3","3","5","09","06","2","","1","0","1","0","0"
"POINT (11.580829631000029 48.140615391000040)","Unfall 229022 (2023) Kat:3, Licht: 0","229022","3","5","1","09","13","2","","0","1","0","0","0"
"POINT (11.600754384000027 48.119666555000038)","Unfall 229023 (2023) Kat:3, Licht: 0","229023","3","1","0","09","11","2","","0","1","0","0","0"
"POINT (11.528391102000057 48.195007799000052)","Unfall 229024 (2023) Kat:3, Licht: 2","229024","3","7","1","09","03","2","","2","0","1","0","0"
"POINT (11.627963606000037 48.091425339000068)","Unfall 229025 (2023) Kat:3, Licht: 0","229025","3","2","4","09","16","2","","0","1","1","0","0"
"POINT (11.541631415000040 48.139336311000079)","Unfall 229026 (2023) Kat:3, Licht: 0","229026","3","6","2","09","17","2","","0","0","1","0","0"
"POINT (11.556620159000033 48.149409120000030)","Unfall 229027 (2023) Kat:3, Licht: 0","229027","3","2","2","09","08","2","","0","0","1","0","1"
"POINT (11.462534528000049 48.150981272000081)","Unfall 229028 (2023) Kat:3, Licht: 0","229028","3","2","5","09","13","2","","0","1","1","0","0"
"POINT (11.549058678000051 48.105629728000054)","Unfall 229029 (2023) Kat:3, Licht: 0","229029","3","6","2","09","09","2","","0","0","1","0","0"
"POINT (11.529354927000043 48.176476296000033)","Unfall 229030 (2023) Kat:3, Licht: 0","229030","3","2","5","09","08","2","","0","1","1","0","0"
"POINT (11.558372209000026 48.208349452000050)","Unfall 229031 (2023) Kat:3, Licht: 0","229031","3","4","6","09","10","2","","0","1","0","1","0"
"POINT (11.545981504000054 48.186109977000058)","Unfall 229032 (2023) Kat:3, Licht: 0","229032","3","6","3","09","08","2","","0","0","1","0","1"
"POINT (11.645108059000052 48.162766957000031)","Unfall 229033 (2023) Kat:3, Licht: 0","229033","3","3","5","09","17","2","","0","1","1","0","0"
"POINT (11.614392501000054 48.111532339000064)","Unfall 229034 (2023) Kat:3, Licht: 0","229034","3","2","5","09","15","2","","0","0","1","0","0"
"POINT (11.581070823000061 48.124190768000062)","Unfall 229036 (2023) Kat:3, Licht: 0","229036","3","3","1","09","10","2","","0","0","1","0","0"
"POINT (11.475828612000043 48.128664430000072)","Unfall 229038 (2023) Kat:3, Licht: 0","229038","3","2","2","09","18","2","","0","0","1","0","1"
"POINT (11.577152252000076 48.112547490000054)","Unfall 229100 (2023) Kat:3, Licht: 0","229100","3","5","2","09","11","7","","0","1","1","0","0"
"POINT (11.584878244000038 48.132419280000079)","Unfall 229112 (2023) Kat:3, Licht: 2","229112","3","1","0","09","02","1","","2","1","0","0","0"
"POINT (11.570539679000035 48.145712072000038)","Unfall 229113 (2023) Kat:3, Licht: 2","229113","3","1","0","09","01","1","","2","0","0","0","0"
"POINT (11.616253452000024 48.148199843000043)","Unfall 229114 (2023) Kat:3, Licht: 0","229114","3","6","2","09","17","1","","0","0","1","0","1"
"POINT (11.531623781000064 48.156351041000050)","Unfall 229115 (2023) Kat:3, Licht: 0","229115","3","4","6","09","11","1","","0","0","1","1","0"
"POINT (11.570478382000033 48.146716921000063)","Unfall 229116 (2023) Kat:3, Licht: 2","229116","3","7","8","09","01","1","","2","0","1","0","0"
"POINT (11.572398825000050 48.152110522000044)","Unfall 229117 (2023) Kat:3, Licht: 0","229117","3","7","6","09","13","1","","0","0","1","1","0"
"POINT (11.533881092000058 48.153127145000042)","Unfall 229118 (2023) Kat:3, Licht: 0","229118","3","7","0","09","14","1","","0","1","0","0","0"
"POINT (11.469712191000042 48.126678042000037)","Unfall 229119 (2023) Kat:3, Licht: 2","229119","3","7","0","09","20","1","","2","0","0","1","0"
"POINT (11.585461931000054 48.121184750000054)","Unfall 229121 (2023) Kat:2, Licht: 0","229121","2","2","5","09","17","1","","0","1","1","0","0"
"POINT (11.594901038000046 48.170890239000073)","Unfall 229122 (2023) Kat:3, Licht: 1","229122","3","2","4","09","19","1","","1","1","1","0","0"
"POINT (11.646428897000021 48.139906058000065)","Unfall 229134 (2023) Kat:2, Licht: 0","229134","2","2","4","09","15","2","","0","0","1","0","1"
"POINT (11.646669816000042 48.114827511000044)","Unfall 229154 (2023) Kat:3, Licht: 0","229154","3","5","1","09","16","1","","0","0","1","0","0"
"POINT (11.536996613000042 48.125576240000044)","Unfall 229174 (2023) Kat:2, Licht: 0","229174","2","7","8","09","10","7","","0","0","0","0","1"
"POINT (11.546848331000035 48.118354980000049)","Unfall 229175 (2023) Kat:3, Licht: 0","229175","3","3","5","09","18","7","","0","0","1","0","0"
"POINT (11.469519498000068 48.149186565000036)","Unfall 229177 (2023) Kat:3, Licht: 0","229177","3","7","5","09","08","2","","0","1","1","0","0"
"POINT (11.486262035000038 48.118611627000064)","Unfall 229178 (2023) Kat:3, Licht: 0","229178","3","6","4","09","13","7","","0","1","0","0","0"
"POINT (11.496586649000051 48.141908046000026)","Unfall 229179 (2023) Kat:3, Licht: 0","229179","3","3","5","09","14","7","","0","1","0","0","0"
"POINT (11.529011789000037 48.099670851000042)","Unfall 229249 (2023) Kat:3, Licht: 2","229249","3","7","0","09","02","6","","2","1","0","0","0"
"POINT (11.557731410000031 48.150846765000040)","Unfall 229250 (2023) Kat:3, Licht: 0","229250","3","2","3","09","15","6","","0","1","1","0","0"
"POINT (11.448772754000061 48.173561735000078)","Unfall 229251 (2023) Kat:3, Licht: 0","229251","3","2","4","09","12","6","","0","0","1","0","1"
"POINT (11.560221081000066 48.212674919000051)","Unfall 229252 (2023) Kat:3, Licht: 0","229252","3","7","0","09","17","6","","0","0","1","0","1"
"POINT (11.552621132000070 48.155259107000063)","Unfall 229253 (2023) Kat:3, Licht: 2","229253","3","6","2","09","23","6","","2","0","1","0","0"
"POINT (11.531849188000024 48.153207356000053)","Unfall 229254 (2023) Kat:3, Licht: 0","229254","3","6","1","09","09","6","","0","0","0","0","1"
"POINT (11.583639469000047 48.119038419000049)","Unfall 229257 (2023) Kat:3, Licht: 2","229257","3","1","0","09","23","6","","2","1","0","0","0"
"POINT (11.573267409000039 48.130056486000058)","Unfall 229259 (2023) Kat:2, Licht: 2","229259","2","4","0","09","21","6","","2","0","0","1","0"
"POINT (11.558083572000044 48.126439634000064)","Unfall 229260 (2023) Kat:3, Licht: 1","229260","3","1","0","09","05","6","","1","1","0","0","0"
"POINT (11.570612475000075 48.146875346000058)","Unfall 229261 (2023) Kat:3, Licht: 0","229261","3","6","2","09","11","6","","0","0","1","0","1"
"POINT (11.565263766000044 48.139722781000046)","Unfall 229269 (2023) Kat:3, Licht: 0","229269","3","1","0","09","17","4","","0","1","0","1","0"
"POINT (11.535856243000069 48.125925638000069)","Unfall 229326 (2023) Kat:3, Licht: 2","229326","3","2","5","08","22","5","","2","1","1","0","0"
"POINT (11.548191319000068 48.118350817000078)","Unfall 229327 (2023) Kat:3, Licht: 0","229327","3","2","5","08","15","5","","0","1","1","0","0"
"POINT (11.594500659000062 48.141843196000082)","Unfall 229329 (2023) Kat:3, Licht: 2","229329","3","4","6","08","20","5","","2","0","0","1","0"
"POINT (11.559664971000075 48.186690969000040)","Unfall 229331 (2023) Kat:3, Licht: 0","229331","3","5","1","08","18","5","","0","1","1","0","0"
"POINT (11.423036213000046 48.144536959000050)","Unfall 229332 (2023) Kat:3, Licht: 0","229332","3","3","5","08","19","5","","0","0","1","0","1"
"POINT (11.479723859000046 48.117542135000065)","Unfall 229333 (2023) Kat:3, Licht: 0","229333","3","5","1","08","15","5","","0","1","1","0","0"
"POINT (11.646300374000077 48.109180771000069)","Unfall 229335 (2023) Kat:3, Licht: 0","229335","3","2","5","08","16","5","","0","1","1","0","0"
"POINT (11.551274233000072 48.100664083000026)","Unfall 229336 (2023) Kat:3, Licht: 0","229336","3","3","5","08","09","5","","0","1","1","0","0"
"POINT (11.608920434000026 48.132737211000062)","Unfall 229337 (2023) Kat:3, Licht: 0","229337","3","3","5","08","18","5","","0","1","0","0","0"
"POINT (11.588051682000071 48.160384137000051)","Unfall 229338 (2023) Kat:3, Licht: 0","229338","3","1","8","08","11","5","","0","1","0","0","0"
"POINT (11.570514057000025 48.167532183000048)","Unfall 229339 (2023) Kat:3, Licht: 0","229339","3","1","0","08","14","5","","0","1","0","0","0"
"POINT (11.479054697000038 48.123200567000026)","Unfall 229354 (2023) Kat:3, Licht: 0","229354","3","6","3","09","14","6","","0","1","0","0","0"
"POINT (11.628840326000045 48.111564774000044)","Unfall 229380 (2023) Kat:3, Licht: 0","229380","3","6","2","08","15","4","","0","0","1","0","0"
"POINT (11.585178928000062 48.109560956000053)","Unfall 229381 (2023) Kat:3, Licht: 0","229381","3","3","5","08","15","4","","0","1","1","0","0"
"POINT (11.557188351000036 48.095341758000075)","Unfall 229382 (2023) Kat:3, Licht: 0","229382","3","1","0","08","07","4","","0","1","0","0","0"
"POINT (11.548762511000064 48.123916596000072)","Unfall 229383 (2023) Kat:3, Licht: 0","229383","3","3","3","08","07","4","","0","1","1","0","0"
"POINT (11.567208140000048 48.137852945000077)","Unfall 229384 (2023) Kat:3, Licht: 0","229384","3","6","3","08","11","4","","0","1","1","0","0"
"POINT (11.625801665000040 48.102900531000046)","Unfall 229463 (2023) Kat:3, Licht: 1","229463","3","6","2","09","17","2","","1","0","1","0","0"
"POINT (11.568282327000077 48.132484329000079)","Unfall 229464 (2023) Kat:3, Licht: 0","229464","3","7","5","09","09","2","","0","1","1","0","0"
"POINT (11.568997708000040 48.094165971000052)","Unfall 229465 (2023) Kat:3, Licht: 0","229465","3","7","5","09","18","2","","0","1","1","0","0"
"POINT (11.605713219000052 48.200323270000069)","Unfall 229466 (2023) Kat:3, Licht: 0","229466","3","6","2","09","17","2","","0","0","1","0","0"
"POINT (11.574984637000057 48.160974193000072)","Unfall 229467 (2023) Kat:3, Licht: 0","229467","3","1","2","09","11","2","","0","0","1","0","1"
"POINT (11.429876463000028 48.186629665000055)","Unfall 229468 (2023) Kat:3, Licht: 0","229468","3","7","0","09","15","2","","0","1","0","0","0"
"POINT (11.558535753000058 48.150231358000042)","Unfall 229469 (2023) Kat:3, Licht: 0","229469","3","2","0","09","15","2","","0","0","1","0","0"
"POINT (11.478234301000043 48.156024099000035)","Unfall 229470 (2023) Kat:3, Licht: 0","229470","3","2","4","09","08","2","","0","1","1","0","0"
"POINT (11.502722611000024 48.143323275000057)","Unfall 229471 (2023) Kat:3, Licht: 0","229471","3","4","0","09","08","2","","0","1","0","1","0"
"POINT (11.601502386000050 48.140419052000027)","Unfall 229473 (2023) Kat:3, Licht: 0","229473","3","3","0","09","16","2","","0","0","1","0","1"
"POINT (11.573473033000027 48.135733122000033)","Unfall 229474 (2023) Kat:3, Licht: 1","229474","3","2","5","09","19","2","","1","0","1","0","0"
"POINT (11.560266830000046 48.142545464000079)","Unfall 229519 (2023) Kat:3, Licht: 2","229519","3","3","6","09","20","1","","2","0","0","1","0"
"POINT (11.570675701000027 48.179215265000039)","Unfall 229520 (2023) Kat:2, Licht: 2","229520","2","7","0","09","03","1","","2","0","0","0","0"
"POINT (11.512202269000056 48.127464926000073)","Unfall 229521 (2023) Kat:2, Licht: 0","229521","2","1","9","09","15","1","","0","0","0","0","1"
"POINT (11.510921582000037 48.170593221000047)","Unfall 229522 (2023) Kat:3, Licht: 0","229522","3","6","2","09","15","1","","0","0","1","0","0"
"POINT (11.543090451000069 48.153626714000040)","Unfall 229523 (2023) Kat:3, Licht: 0","229523","3","4","6","09","17","1","","0","1","0","1","0"
"POINT (11.592657489000032 48.114499389000059)","Unfall 229524 (2023) Kat:3, Licht: 2","229524","3","4","6","09","00","1","","2","0","1","1","0"
"POINT (11.592419520000021 48.154987892000065)","Unfall 229525 (2023) Kat:2, Licht: 0","229525","2","1","0","09","16","1","","0","1","0","0","0"
"POINT (11.525341478000030 48.139350662000027)","Unfall 229568 (2023) Kat:3, Licht: 0","229568","3","2","5","09","14","7","","0","1","1","0","0"
"POINT (11.584746651000046 48.126150070000051)","Unfall 229569 (2023) Kat:3, Licht: 2","229569","3","7","0","09","23","7","","2","0","0","0","0"
"POINT (11.502839679000033 48.116336874000069)","Unfall 229571 (2023) Kat:3, Licht: 2","229571","3","7","0","09","20","7","","2","1","0","0","0"
"POINT (11.520081482000023 48.153669380000053)","Unfall 229572 (2023) Kat:3, Licht: 0","229572","3","7","1","09","14","7","","0","1","1","0","0"
"POINT (11.566320861000065 48.140460402000031)","Unfall 229573 (2023) Kat:3, Licht: 0","229573","3","3","5","09","16","7","","0","1","1","0","0"
"POINT (11.555938907000041 48.139202487000034)","Unfall 229574 (2023) Kat:3, Licht: 0","229574","3","4","6","09","15","7","","0","0","0","1","0"
"POINT (11.561055074000024 48.137755524000056)","Unfall 229575 (2023) Kat:3, Licht: 0","229575","3","4","6","09","15","7","","0","0","1","1","0"
"POINT (11.595366982000030 48.150641428000029)","Unfall 229576 (2023) Kat:3, Licht: 2","229576","3","4","6","09","00","7","","2","0","1","1","0"
"POINT (11.439313201000061 48.148324908000063)","Unfall 229577 (2023) Kat:3, Licht: 1","229577","3","4","6","09","19","7","","1","1","0","1","0"
"POINT (11.566481278000026 48.187250492000032)","Unfall 229579 (2023) Kat:3, Licht: 0","229579","3","6","1","09","13","7","","0","0","1","0","0"
"POINT (11.543965321000030 48.146858085000076)","Unfall 229580 (2023) Kat:3, Licht: 2","229580","3","6","2","09","02","7","","2","0","1","0","0"
"POINT (11.576223275000075 48.116670658000032)","Unfall 229583 (2023) Kat:3, Licht: 0","229583","3","3","5","09","16","7","","0","1","1","0","0"
"POINT (11.612479715000063 48.089945608000050)","Unfall 229584 (2023) Kat:3, Licht: 0","229584","3","5","1","09","12","7","","0","1","1","0","0"
"POINT (11.555875473000071 48.136747729000035)","Unfall 229585 (2023) Kat:3, Licht: 0","229585","3","7","0","09","18","7","","0","1","0","0","0"
"POINT (11.564534951000041 48.165021276000061)","Unfall 229586 (2023) Kat:3, Licht: 0","229586","3","5","1","09","13","7","","0","1","1","0","0"
"POINT (11.584238672000026 48.137278020000053)","Unfall 229587 (2023) Kat:3, Licht: 0","229587","3","1","0","09","18","7","","0","0","1","0","0"
"POINT (11.564069902000028 48.163473845000055)","Unfall 229628 (2023) Kat:2, Licht: 0","229628","2","1","5","09","12","6","","0","1","1","0","0"
"POINT (11.525299332000031 48.132425053000077)","Unfall 229629 (2023) Kat:3, Licht: 0","229629","3","4","0","09","11","6","","0","0","1","1","0"
"POINT (11.514018788000044 48.094549077000067)","Unfall 229631 (2023) Kat:3, Licht: 0","229631","3","3","5","09","09","6","","0","1","0","0","0"