WKT,Name,OBJECTID,UKATEGORIE,UTYP1,UART,UMONAT,USTUNDE,UWOCHENTAG,STRZUSTAND,ULICHTVERH,ISTRAD,ISTPKW,ISTFUSS,ISTKRAD
"POINT (11.525022177000039 48.079692501000068)","Unfall 229632 (2023) Kat:3, Licht: 0","229632","3","7","0","09","13","6","","0","1","0","0","0"
"POINT (11.565425059000063 48.130849905000048)","Unfall 229633 (2023) Kat:3, Licht: 0","229633","3","5","1","09","17","6","","0","1","1","0","0"
"POINT (11.565880132000075 48.153139357000043)","Unfall 229634 (2023) Kat:3, Licht: 1","229634","3","6","3","09","19","6","","1","0","1","0","1"
"POINT (11.562478767000073 48.157889478000072)","Unfall 229673 (2023) Kat:3, Licht: 0","229673","3","5","1","09","16","5","","0","1","1","0","0"
"POINT (11.566328682000062 48.176549943000055)","Unfall 229674 (2023) Kat:3, Licht: 0","229674","3","6","5","09","13","5","","0","1","0","0","0"
"POINT (11.561507104000043 48.142152889000045)","Unfall 229675 (2023) Kat:3, Licht: 0","229675","3","2","3","09","15","5","","0","0","1","0","1"
"POINT (11.577375126000049 48.211042333000080)","Unfall 229676 (2023) Kat:3, Licht: 0","229676","3","7","1","09","15","5","","0","0","1","0","1"
"POINT (11.517046063000066 48.181813381000040)","Unfall 229677 (2023) Kat:3, Licht: 0","229677","3","2","0","09","12","5","","0","1","1","0","0"
"POINT (11.466570960000070 48.151419826000051)","Unfall 229680 (2023) Kat:3, Licht: 0","229680","3","6","5","09","16","5","","0","1","1","0","0"
"POINT (11.614179229000058 48.131304118000060)","Unfall 229681 (2023) Kat:3, Licht: 0","229681","3","6","2","09","09","5","","0","0","1","0","1"
"POINT (11.613453402000061 48.127121880000061)","Unfall 229682 (2023) Kat:3, Licht: 2","229682","3","2","3","09","06","5","","2","1","1","0","0"
"POINT (11.553017228000044 48.161598864000041)","Unfall 229683 (2023) Kat:3, Licht: 2","229683","3","1","0","09","22","5","","2","0","0","0","0"
"POINT (11.612914159000070 48.120884768000053)","Unfall 229684 (2023) Kat:3, Licht: 2","229684","3","3","5","09","05","5","","2","0","0","0","1"
"POINT (11.553240655000025 48.161511938000046)","Unfall 229685 (2023) Kat:2, Licht: 2","229685","2","7","0","09","01","5","","2","0","0","0","0"
"POINT (11.558307379000041 48.129480727000043)","Unfall 229687 (2023) Kat:3, Licht: 0","229687","3","7","0","09","15","5","","0","1","0","0","0"
"POINT (11.603717441000072 48.149339188000056)","Unfall 229688 (2023) Kat:2, Licht: 0","229688","2","7","3","09","12","5","","0","0","1","0","0"
"POINT (11.598320034000039 48.112572466000074)","Unfall 229689 (2023) Kat:3, Licht: 0","229689","3","3","0","09","19","5","","0","1","1","0","0"
"POINT (11.458406979000074 48.146998601000064)","Unfall 229690 (2023) Kat:3, Licht: 0","229690","3","2","5","09","18","5","","0","1","1","0","0"
"POINT (11.447422713000037 48.164337344000046)","Unfall 229691 (2023) Kat:3, Licht: 0","229691","3","4","0","09","09","5","","0","1","0","1","0"
"POINT (11.566183549000073 48.186101648000033)","Unfall 229692 (2023) Kat:3, Licht: 0","229692","3","2","5","09","17","5","","0","1","1","0","0"
"POINT (11.554520228000058 48.156691714000033)","Unfall 229693 (2023) Kat:3, Licht: 0","229693","3","3","5","09","11","5","","0","1","0","0","0"
"POINT (11.540463041000066 48.159650200000044)","Unfall 229694 (2023) Kat:3, Licht: 0","229694","3","2","6","09","12","5","","0","0","1","1","0"
"POINT (11.656751837000058 48.117070684000055)","Unfall 229697 (2023) Kat:3, Licht: 0","229697","3","6","0","09","14","5","","0","1","0","0","0"
"POINT (11.688658438000061 48.115550572000075)","Unfall 229698 (2023) Kat:3, Licht: 0","229698","3","3","5","09","10","5","","0","0","1","0","1"
"POINT (11.600481429000070 48.140630250000072)","Unfall 229699 (2023) Kat:2, Licht: 0","229699","2","6","3","09","18","5","","0","1","0","0","0"
"POINT (11.629865207000023 48.147166568000046)","Unfall 229700 (2023) Kat:3, Licht: 0","229700","3","1","0","09","13","5","","0","1","0","0","0"
"POINT (11.604238479000060 48.116284886000074)","Unfall 229701 (2023) Kat:3, Licht: 0","229701","3","4","6","09","17","5","","0","1","0","1","0"
"POINT (11.600370480000038 48.124765969000066)","Unfall 229702 (2023) Kat:3, Licht: 2","229702","3","1","0","09","19","5","","2","0","0","0","0"
"POINT (11.570323628000040 48.121430767000049)","Unfall 229703 (2023) Kat:3, Licht: 0","229703","3","6","3","09","07","5","","0","1","0","0","0"
"POINT (11.584878619000051 48.120473457000060)","Unfall 229704 (2023) Kat:3, Licht: 0","229704","3","3","5","09","17","5","","0","0","1","0","0"
"POINT (11.565751157000022 48.148791654000036)","Unfall 229705 (2023) Kat:3, Licht: 0","229705","3","5","0","09","09","5","","0","1","1","0","0"
"POINT (11.564948436000066 48.138718085000050)","Unfall 229778 (2023) Kat:2, Licht: 0","229778","2","5","1","09","08","4","","0","1","1","0","0"
"POINT (11.569413439000073 48.149660413000049)","Unfall 229779 (2023) Kat:3, Licht: 0","229779","3","2","3","09","15","4","","0","1","1","0","0"
"POINT (11.532539234000069 48.176250407000055)","Unfall 229780 (2023) Kat:3, Licht: 0","229780","3","5","1","09","09","4","","0","0","1","0","0"
"POINT (11.546804614000052 48.186086751000062)","Unfall 229781 (2023) Kat:3, Licht: 0","229781","3","6","3","09","11","4","","0","0","1","0","0"
"POINT (11.537589502000060 48.146103133000054)","Unfall 229782 (2023) Kat:3, Licht: 1","229782","3","6","4","09","19","4","","1","1","0","0","0"
"POINT (11.580511518000037 48.148987202000058)","Unfall 229783 (2023) Kat:3, Licht: 0","229783","3","2","4","09","09","4","","0","1","1","0","0"
"POINT (11.581023713000036 48.132985658000052)","Unfall 229784 (2023) Kat:3, Licht: 0","229784","3","7","6","09","14","4","","0","0","1","1","0"
"POINT (11.588750618000063 48.161314943000036)","Unfall 229785 (2023) Kat:2, Licht: 0","229785","2","2","6","09","09","4","","0","0","1","1","0"
"POINT (11.506945369000050 48.179246322000040)","Unfall 229786 (2023) Kat:3, Licht: 1","229786","3","4","6","09","06","4","","1","0","1","1","0"
"POINT (11.658309942000074 48.107521737000070)","Unfall 229787 (2023) Kat:3, Licht: 0","229787","3","3","0","09","17","4","","0","1","1","0","0"
"POINT (11.575661653000054 48.210734768000066)","Unfall 229788 (2023) Kat:3, Licht: 2","229788","3","7","0","09","19","4","","2","0","0","0","0"
"POINT (11.411117241000056 48.134864280000045)","Unfall 229789 (2023) Kat:3, Licht: 0","229789","3","3","5","09","09","4","","0","0","1","0","0"
"POINT (11.478160793000029 48.160775777000026)","Unfall 229790 (2023) Kat:3, Licht: 2","229790","3","7","0","09","20","4","","2","1","0","0","0"
"POINT (11.628398779000065 48.101347073000056)","Unfall 229793 (2023) Kat:3, Licht: 0","229793","3","2","4","09","12","4","","0","0","1","0","1"
"POINT (11.615727349000053 48.130064117000074)","Unfall 229794 (2023) Kat:3, Licht: 0","229794","3","6","0","09","15","4","","0","0","1","0","1"
"POINT (11.549102504000075 48.144479394000030)","Unfall 229795 (2023) Kat:3, Licht: 2","229795","3","7","0","09","22","4","","2","0","0","0","0"
"POINT (11.572935544000075 48.150508488000071)","Unfall 229796 (2023) Kat:3, Licht: 0","229796","3","1","0","09","13","4","","0","1","0","0","0"
"POINT (11.578465042000062 48.138699536000047)","Unfall 229797 (2023) Kat:3, Licht: 0","229797","3","6","3","09","15","4","","0","1","1","0","0"
"POINT (11.550116392000064 48.138974127000040)","Unfall 229807 (2023) Kat:3, Licht: 0","229807","3","7","0","09","16","1","","0","1","0","0","0"
"POINT (11.463055790000055 48.178951990000030)","Unfall 229870 (2023) Kat:3, Licht: 0","229870","3","7","0","09","07","3","","0","1","0","0","0"
"POINT (11.557576666000045 48.213133056000061)","Unfall 229871 (2023) Kat:2, Licht: 0","229871","2","2","5","09","16","3","","0","1","1","0","0"
"POINT (11.558466572000043 48.143174262000059)","Unfall 229872 (2023) Kat:3, Licht: 0","229872","3","4","6","09","13","3","","0","0","0","1","1"
"POINT (11.553041783000026 48.148521040000048)","Unfall 229874 (2023) Kat:3, Licht: 2","229874","3","2","5","09","20","3","","2","0","1","0","0"
"POINT (11.556008907000034 48.213295529000050)","Unfall 229875 (2023) Kat:2, Licht: 0","229875","2","4","6","09","17","3","","0","0","1","1","0"
"POINT (11.502925375000075 48.135422946000062)","Unfall 229876 (2023) Kat:3, Licht: 0","229876","3","2","4","09","13","3","","0","0","1","0","0"
"POINT (11.591196148000051 48.187887074000059)","Unfall 229877 (2023) Kat:3, Licht: 0","229877","3","6","2","09","09","3","","0","0","1","0","0"
"POINT (11.502113595000026 48.101999429000045)","Unfall 229878 (2023) Kat:3, Licht: 2","229878","3","7","9","09","19","3","","2","0","0","0","1"
"POINT (11.524391911000066 48.135417248000067)","Unfall 229879 (2023) Kat:3, Licht: 0","229879","3","7","1","09","12","3","","0","0","1","0","1"
"POINT (11.602565016000028 48.120057297000074)","Unfall 229880 (2023) Kat:3, Licht: 0","229880","3","2","4","09","08","3","","0","0","1","0","1"
"POINT (11.593452675000037 48.142050893000032)","Unfall 229881 (2023) Kat:3, Licht: 0","229881","3","3","5","09","13","3","","0","1","1","0","0"
"POINT (11.577630581000051 48.152470107000056)","Unfall 229882 (2023) Kat:3, Licht: 2","229882","3","5","2","09","20","3","","2","1","1","0","0"
"POINT (11.502826316000039 48.096239501000071)","Unfall 229904 (2023) Kat:3, Licht: 0","229904","3","3","5","09","15","2","","0","1","1","0","0"
"POINT (11.510379598000043 48.077376767000032)","Unfall 229931 (2023) Kat:3, Licht: 0","229931","3","2","6","09","07","2","","0","1","0","1","0"
"POINT (11.529084255000043 48.177559362000068)","Unfall 229954 (2023) Kat:3, Licht: 0","229954","3","2","5","09","07","2","","0","0","1","0","0"
"POINT (11.604812210000034 48.121959266000033)","Unfall 229956 (2023) Kat:3, Licht: 0","229956","3","1","0","09","17","2","","0","1","0","0","0"
"POINT (11.434503781000046 48.163950136000039)","Unfall 229957 (2023) Kat:3, Licht: 0","229957","3","7","0","09","18","2","","0","1","0","0","0"
"POINT (11.541038532000073 48.121470131000081)","Unfall 229958 (2023) Kat:3, Licht: 0","229958","3","3","5","09","09","2","","0","1","1","0","0"
"POINT (11.502620726000032 48.126044350000029)","Unfall 229959 (2023) Kat:3, Licht: 0","229959","3","2","5","09","18","2","","0","1","1","0","0"
"POINT (11.595892076000041 48.134738576000075)","Unfall 229960 (2023) Kat:3, Licht: 0","229960","3","6","4","09","11","2","","0","1","1","0","0"
"POINT (11.582969153000022 48.168947745000025)","Unfall 229961 (2023) Kat:3, Licht: 0","229961","3","3","5","09","08","2","","0","0","1","0","0"
"POINT (11.571249242000022 48.160726680000039)","Unfall 229962 (2023) Kat:3, Licht: 0","229962","3","1","0","09","18","2","","0","1","0","0","0"
"POINT (11.567389336000076 48.156766319000042)","Unfall 229963 (2023) Kat:3, Licht: 0","229963","3","2","5","09","08","2","","0","1","0","0","1"
"POINT (11.612047568000037 48.131547357000045)","Unfall 229987 (2023) Kat:3, Licht: 2","229987","3","3","5","09","05","2","","2","1","1","0","0"
"POINT (11.570653115000027 48.147001923000062)","Unfall 230014 (2023) Kat:3, Licht: 0","230014","3","2","3","09","14","1","","0","0","1","0","0"
"POINT (11.502973118000057 48.133015232000048)","Unfall 230015 (2023) Kat:3, Licht: 2","230015","3","1","0","09","22","1","","2","0","0","0","0"
"POINT (11.558419229000037 48.126562430000035)","Unfall 230016 (2023) Kat:3, Licht: 2","230016","3","6","2","09","23","1","","2","0","1","0","0"
"POINT (11.633938883000042 48.110212955000065)","Unfall 230017 (2023) Kat:3, Licht: 0","230017","3","4","6","09","11","1","","0","0","0","1","0"
"POINT (11.592781222000042 48.133220349000055)","Unfall 230018 (2023) Kat:3, Licht: 0","230018","3","7","0","09","15","1","","0","0","1","0","1"
"POINT (11.444295903000068 48.175665692000052)","Unfall 230020 (2023) Kat:3, Licht: 0","230020","3","1","1","09","17","1","","0","1","0","0","0"
"POINT (11.654312466000022 48.091506189000029)","Unfall 230022 (2023) Kat:3, Licht: 0","230022","3","2","4","09","14","1","","0","0","1","0","1"
"POINT (11.567621303000067 48.176730819000056)","Unfall 230023 (2023) Kat:3, Licht: 0","230023","3","2","5","09","17","1","","0","0","1","0","0"
"POINT (11.550386851000042 48.208422707000068)","Unfall 230025 (2023) Kat:3, Licht: 2","230025","3","2","5","09","20","1","","2","0","1","0","1"
"POINT (11.534757117000026 48.146479276000036)","Unfall 230026 (2023) Kat:3, Licht: 0","230026","3","7","0","09","15","1","","0","1","0","0","0"
"POINT (11.568826674000036 48.141326580000054)","Unfall 230027 (2023) Kat:3, Licht: 0","230027","3","7","7","09","09","1","","0","1","0","0","0"
"POINT (11.465978997000036 48.164773190000062)","Unfall 230030 (2023) Kat:3, Licht: 0","230030","3","4","6","09","15","1","","0","0","1","1","0"
"POINT (11.464534636000053 48.193847754000046)","Unfall 230031 (2023) Kat:3, Licht: 0","230031","3","3","5","09","12","1","","0","1","1","0","0"
"POINT (11.577552659000048 48.141149140000039)","Unfall 230032 (2023) Kat:3, Licht: 0","230032","3","7","6","09","16","1","","0","1","0","1","0"
"POINT (11.590369423000027 48.131095599000048)","Unfall 230051 (2023) Kat:3, Licht: 0","230051","3","1","0","09","08","1","","0","1","0","0","0"
"POINT (11.416276368000069 48.171570297000073)","Unfall 230079 (2023) Kat:3, Licht: 0","230079","3","7","0","09","10","3","","0","0","1","0","0"
"POINT (11.627260447000026 48.108498820000079)","Unfall 230098 (2023) Kat:3, Licht: 0","230098","3","6","2","09","10","7","","0","0","1","0","0"
"POINT (11.488462523000067 48.096052645000043)","Unfall 230099 (2023) Kat:3, Licht: 0","230099","3","2","5","09","12","7","","0","1","1","0","0"
"POINT (11.544122160000029 48.126293817000033)","Unfall 230100 (2023) Kat:3, Licht: 0","230100","3","7","6","09","18","7","","0","0","1","1","0"
"POINT (11.561547906000044 48.130997919000038)","Unfall 230101 (2023) Kat:3, Licht: 0","230101","3","7","6","09","17","7","","0","1","0","1","0"
"POINT (11.566079288000026 48.188901803000078)","Unfall 230103 (2023) Kat:3, Licht: 0","230103","3","7","5","09","13","7","","0","1","1","0","0"
"POINT (11.407856086000038 48.155582399000082)","Unfall 230104 (2023) Kat:3, Licht: 0","230104","3","7","0","09","13","7","","0","1","0","0","0"
"POINT (11.493958155000030 48.128754842000035)","Unfall 230105 (2023) Kat:3, Licht: 0","230105","3","6","2","09","08","7","","0","0","1","0","0"
"POINT (11.546084901000029 48.139283500000033)","Unfall 230107 (2023) Kat:3, Licht: 2","230107","3","7","8","09","20","7","","2","0","0","0","1"
"POINT (11.629873971000052 48.147164881000037)","Unfall 230108 (2023) Kat:3, Licht: 2","230108","3","1","0","09","23","7","","2","0","0","0","0"
"POINT (11.632460245000061 48.118309498000031)","Unfall 230109 (2023) Kat:3, Licht: 1","230109","3","6","2","09","19","7","","1","1","0","0","0"
"POINT (11.627033015000052 48.139291862000050)","Unfall 230111 (2023) Kat:3, Licht: 0","230111","3","2","4","09","08","7","","0","1","1","0","0"
"POINT (11.558406223000077 48.132448973000066)","Unfall 230112 (2023) Kat:3, Licht: 0","230112","3","4","6","09","16","4","","0","0","1","1","0"
"POINT (11.612822005000055 48.120767482000076)","Unfall 230113 (2023) Kat:3, Licht: 0","230113","3","2","4","09","16","7","","0","1","1","0","0"
"POINT (11.554306883000038 48.139135785000065)","Unfall 230114 (2023) Kat:3, Licht: 0","230114","3","4","6","09","10","7","","0","1","0","1","0"
"POINT (11.581901599000048 48.131228165000039)","Unfall 230115 (2023) Kat:3, Licht: 1","230115","3","3","5","09","19","7","","1","1","1","0","0"
"POINT (11.558404939000070 48.129681994000066)","Unfall 230116 (2023) Kat:3, Licht: 2","230116","3","6","2","09","23","7","","2","0","1","0","0"
"POINT (11.568420311000068 48.131359992000057)","Unfall 230117 (2023) Kat:3, Licht: 2","230117","3","7","3","09","02","7","","2","1","1","0","0"
"POINT (11.620143426000027 48.120302118000041)","Unfall 230185 (2023) Kat:3, Licht: 0","230185","3","7","1","09","16","6","","0","0","1","0","0"
"POINT (11.537516606000054 48.114365858000042)","Unfall 230186 (2023) Kat:3, Licht: 0","230186","3","7","0","09","17","6","","0","1","1","0","0"
"POINT (11.565288547000023 48.129470615000059)","Unfall 230187 (2023) Kat:3, Licht: 0","230187","3","5","1","09","09","6","","0","0","1","0","0"
"POINT (11.567442555000071 48.100750973000061)","Unfall 230188 (2023) Kat:3, Licht: 0","230188","3","6","0","09","10","6","","0","0","1","0","1"
"POINT (11.572488859000032 48.120649177000075)","Unfall 230189 (2023) Kat:3, Licht: 0","230189","3","1","0","09","13","6","","0","0","0","0","0"
"POINT (11.554401316000053 48.123105354000074)","Unfall 230190 (2023) Kat:3, Licht: 0","230190","3","2","5","09","17","6","","0","1","1","0","0"
"POINT (11.557923288000040 48.145589644000040)","Unfall 230192 (2023) Kat:3, Licht: 2","230192","3","7","5","09","22","6","","2","1","1","0","0"
"POINT (11.563128437000046 48.141514590000043)","Unfall 230193 (2023) Kat:3, Licht: 0","230193","3","2","4","09","14","6","","0","1","1","0","0"
"POINT (11.599150541000029 48.135572497000055)","Unfall 230194 (2023) Kat:3, Licht: 0","230194","3","6","2","09","17","6","","0","0","0","0","1"
"POINT (11.480246481000052 48.178083302000061)","Unfall 230196 (2023) Kat:3, Licht: 0","230196","3","4","6","09","14","6","","0","1","0","1","0"
"POINT (11.537731826000027 48.138164528000061)","Unfall 230197 (2023) Kat:3, Licht: 0","230197","3","2","4","09","17","6","","0","1","1","0","0"
"POINT (11.596194711000066 48.106795047000048)","Unfall 230198 (2023) Kat:3, Licht: 0","230198","3","6","2","09","17","6","","0","0","1","0","1"
"POINT (11.652779374000033 48.097370860000069)","Unfall 230199 (2023) Kat:3, Licht: 0","230199","3","5","6","09","18","6","","0","0","0","1","0"
"POINT (11.478265501000067 48.181908428000042)","Unfall 230200 (2023) Kat:3, Licht: 0","230200","3","4","6","09","17","6","","0","0","1","1","0"
"POINT (11.540439408000054 48.214919677000069)","Unfall 230201 (2023) Kat:3, Licht: 0","230201","3","2","0","09","12","6","","0","0","1","0","0"
"POINT (11.535201822000033 48.152245352000079)","Unfall 230202 (2023) Kat:3, Licht: 0","230202","3","2","6","09","08","6","","0","0","1","1","0"
"POINT (11.615690820000054 48.145416807000061)","Unfall 230204 (2023) Kat:3, Licht: 0","230204","3","2","3","09","08","6","","0","1","1","0","0"
"POINT (11.603505780000035 48.120230569000057)","Unfall 230205 (2023) Kat:3, Licht: 0","230205","3","2","3","09","10","6","","0","0","1","0","0"
"POINT (11.579877902000021 48.125172364000036)","Unfall 230206 (2023) Kat:3, Licht: 0","230206","3","2","5","09","16","6","","0","1","1","0","0"
"POINT (11.556101165000030 48.141930256000080)","Unfall 230207 (2023) Kat:3, Licht: 0","230207","3","2","5","09","14","6","","0","1","1","0","0"
"POINT (11.549524954000049 48.138836975000061)","Unfall 230209 (2023) Kat:3, Licht: 0","230209","3","7","5","09","08","6","","0","1","0","0","0"
"POINT (11.574386143000027 48.155238029000031)","Unfall 230210 (2023) Kat:3, Licht: 0","230210","3","4","6","09","14","6","","0","0","1","1","0"
"POINT (11.519607064000070 48.113516103000052)","Unfall 230240 (2023) Kat:3, Licht: 0","230240","3","3","5","09","08","3","","0","0","1","0","1"
"POINT (11.537133580000045 48.103634442000043)","Unfall 230244 (2023) Kat:3, Licht: 2","230244","3","7","0","09","18","5","","2","0","0","0","0"
"POINT (11.420281221000039 48.147302640000078)","Unfall 230293 (2023) Kat:3, Licht: 0","230293","3","7","0","09","07","5","","0","1","1","0","0"
"POINT (11.572716681000031 48.152644383000052)","Unfall 230294 (2023) Kat:3, Licht: 0","230294","3","2","3","09","16","5","","0","1","0","0","0"
"POINT (11.519921708000027 48.132348127000057)","Unfall 230295 (2023) Kat:3, Licht: 0","230295","3","2","0","09","11","5","","0","0","1","0","0"
"POINT (11.586767074000022 48.138407377000078)","Unfall 230296 (2023) Kat:3, Licht: 0","230296","3","3","5","09","09","5","","0","1","0","0","0"
"POINT (11.493767486000024 48.125790554000048)","Unfall 230297 (2023) Kat:3, Licht: 0","230297","3","4","6","09","18","5","","0","0","1","1","0"
"POINT (11.461532311000042 48.148352720000048)","Unfall 230298 (2023) Kat:3, Licht: 0","230298","3","4","3","09","16","5","","0","1","0","1","0"
"POINT (11.614147768000066 48.149058742000079)","Unfall 230299 (2023) Kat:3, Licht: 0","230299","3","7","0","09","08","5","","0","1","1","0","0"
"POINT (11.568087552000065 48.202873138000029)","Unfall 230301 (2023) Kat:3, Licht: 0","230301","3","3","1","09","09","5","","0","0","1","0","0"
"POINT (11.493621307000069 48.170600604000072)","Unfall 230302 (2023) Kat:3, Licht: 2","230302","3","7","0","09","00","5","","2","1","0","0","0"
"POINT (11.528875304000053 48.099286712000037)","Unfall 230303 (2023) Kat:3, Licht: 0","230303","3","3","5","09","13","5","","0","1","0","0","0"
"POINT (11.683657789000051 48.118376138000031)","Unfall 230305 (2023) Kat:3, Licht: 0","230305","3","2","5","09","08","5","","0","0","1","0","0"
"POINT (11.588079007000033 48.137429652000037)","Unfall 230306 (2023) Kat:3, Licht: 1","230306","3","3","5","09","19","5","","1","0","1","0","0"
"POINT (11.586002737000058 48.137961369000038)","Unfall 230307 (2023) Kat:3, Licht: 0","230307","3","6","4","09","14","5","","0","1","0","0","0"
"POINT (11.570270632000074 48.134087491000059)","Unfall 230362 (2023) Kat:3, Licht: 2","230362","3","1","0","09","20","6","","2","1","0","0","0"
"POINT (11.520386709000036 48.147881068000061)","Unfall 230367 (2023) Kat:2, Licht: 2","230367","2","7","0","09","03","7","","2","0","0","0","1"
"POINT (11.589587802000040 48.201162437000050)","Unfall 230371 (2023) Kat:3, Licht: 0","230371","3","3","5","09","15","4","","0","0","1","0","0"
"POINT (11.484959900000035 48.196095968000066)","Unfall 230372 (2023) Kat:3, Licht: 0","230372","3","3","5","09","17","4","","0","1","1","0","0"
"POINT (11.678472164000027 48.131053796000060)","Unfall 230373 (2023) Kat:3, Licht: 1","230373","3","1","1","09","06","4","","1","0","1","0","0"
"POINT (11.584972256000071 48.139361505000068)","Unfall 230374 (2023) Kat:3, Licht: 0","230374","3","3","5","09","08","4","","0","1","1","0","0"
"POINT (11.613167029000067 48.124687382000047)","Unfall 230375 (2023) Kat:3, Licht: 0","230375","3","2","5","09","11","4","","0","1","1","0","0"
"POINT (11.576876772000048 48.115364076000048)","Unfall 230376 (2023) Kat:2, Licht: 0","230376","2","1","8","09","14","4","","0","0","1","1","0"
"POINT (11.610350649000054 48.150042274000043)","Unfall 230377 (2023) Kat:3, Licht: 0","230377","3","2","5","09","10","4","","0","0","1","0","1"
"POINT (11.502654286000052 48.128956675000040)","Unfall 230378 (2023) Kat:3, Licht: 2","230378","3","3","5","09","21","4","","2","1","1","0","0"
"POINT (11.497214983000049 48.091751281000029)","Unfall 230379 (2023) Kat:3, Licht: 0","230379","3","1","1","09","15","4","","0","0","1","0","0"
"POINT (11.608573375000049 48.131317874000047)","Unfall 230380 (2023) Kat:2, Licht: 0","230380","2","1","0","09","09","4","","0","1","0","0","0"
"POINT (11.582483097000022 48.130884936000029)","Unfall 230381 (2023) Kat:2, Licht: 1","230381","2","2","5","09","19","4","","1","1","0","0","0"
"POINT (11.577109576000055 48.159053881000034)","Unfall 230418 (2023) Kat:3, Licht: 0","230418","3","3","5","09","12","6","","0","1","1","0","0"
"POINT (11.534819048000031 48.121369964000053)","Unfall 230441 (2023) Kat:3, Licht: 0","230441","3","3","0","09","10","3","","0","1","0","0","0"
"POINT (11.534570409000025 48.136616284000070)","Unfall 230443 (2023) Kat:3, Licht: 1","230443","3","2","5","09","06","3","","1","0","1","0","0"
"POINT (11.519361634000063 48.109812398000031)","Unfall 230466 (2023) Kat:2, Licht: 2","230466","2","6","3","10","18","3","","2","1","0","0","0"
"POINT (11.643243521000045 48.150981711000043)","Unfall 230467 (2023) Kat:3, Licht: 0","230467","3","3","5","10","16","3","","0","1","1","0","0"
"POINT (11.471158838000065 48.164705539000067)","Unfall 230468 (2023) Kat:3, Licht: 0","230468","3","3","5","10","16","3","","0","1","1","0","0"
"POINT (11.507391790000042 48.177798111000072)","Unfall 230469 (2023) Kat:3, Licht: 0","230469","3","3","5","10","11","3","","0","1","1","0","0"
"POINT (11.542497935000029 48.152232790000028)","Unfall 230470 (2023) Kat:3, Licht: 0","230470","3","3","5","10","16","3","","0","0","1","0","1"
"POINT (11.529363878000026 48.217302726000071)","Unfall 230471 (2023) Kat:3, Licht: 0","230471","3","3","5","10","17","3","","0","1","1","0","0"
"POINT (11.523519795000027 48.095161357000052)","Unfall 230472 (2023) Kat:3, Licht: 0","230472","3","2","4","10","15","3","","0","1","1","0","0"
"POINT (11.457016442000054 48.140193028000056)","Unfall 230473 (2023) Kat:3, Licht: 0","230473","3","6","3","10","08","3","","0","1","0","0","0"
"POINT (11.489930218000040 48.184115594000048)","Unfall 230475 (2023) Kat:3, Licht: 0","230475","3","6","5","10","14","3","","0","1","0","1","0"
"POINT (11.565647216000059 48.188882281000076)","Unfall 230476 (2023) Kat:3, Licht: 0","230476","3","3","5","10","16","3","","0","1","1","0","0"
"POINT (11.493343530000061 48.134339524000040)","Unfall 230477 (2023) Kat:3, Licht: 0","230477","3","6","0","10","12","3","","0","1","0","0","0"
"POINT (11.617796408000061 48.151204825000036)","Unfall 230479 (2023) Kat:3, Licht: 0","230479","3","7","0","10","16","3","","0","0","1","0","0"
"POINT (11.609040672000049 48.136433145000069)","Unfall 230480 (2023) Kat:3, Licht: 0","230480","3","2","5","10","11","3","","0","1","1","0","0"
"POINT (11.541054306000035 48.124645047000058)","Unfall 230481 (2023) Kat:3, Licht: 0","230481","3","4","6","10","07","3","","0","0","1","1","0"
"POINT (11.539937348000024 48.115567248000048)","Unfall 230482 (2023) Kat:3, Licht: 1","230482","3","6","6","10","18","3","","1","1","0","1","0"
"POINT (11.534332254000049 48.118610192000062)","Unfall 230483 (2023) Kat:3, Licht: 0","230483","3","3","5","10","10","3","","0","1","1","0","0"
"POINT (11.582654345000037 48.170905372000050)","Unfall 230484 (2023) Kat:3, Licht: 0","230484","3","3","5","10","16","3","","0","1","1","0","0"
"POINT (11.561513571000035 48.146875345000069)","Unfall 230485 (2023) Kat:3, Licht: 0","230485","3","1","0","10","17","3","","0","1","0","0","0"
"POINT (11.607675558000039 48.132933511000033)","Unfall 230546 (2023) Kat:2, Licht: 0","230546","2","1","3","10","10","2","","0","1","0","0","0"
"POINT (11.510877176000065 48.170127087000026)","Unfall 230547 (2023) Kat:3, Licht: 0","230547","3","2","3","10","16","2","","0","1","1","0","0"
"POINT (11.629180766000047 48.160721000000080)","Unfall 230548 (2023) Kat:3, Licht: 0","230548","3","6","4","10","07","2","","0","1","0","0","0"
"POINT (11.583442727000033 48.131406141000070)","Unfall 230549 (2023) Kat:3, Licht: 0","230549","3","2","3","10","15","2","","0","0","1","0","1"
"POINT (11.454286720000027 48.137272220000057)","Unfall 230550 (2023) Kat:3, Licht: 0","230550","3","3","5","10","11","2","","0","0","1","0","1"
"POINT (11.583923428000048 48.143173075000050)","Unfall 230551 (2023) Kat:3, Licht: 0","230551","3","6","2","10","09","2","","0","0","1","0","1"
"POINT (11.606048479000037 48.102564777000055)","Unfall 230552 (2023) Kat:3, Licht: 2","230552","3","3","5","10","05","2","","2","1","1","0","0"
"POINT (11.643944318000024 48.097115156000029)","Unfall 230553 (2023) Kat:3, Licht: 0","230553","3","2","5","10","11","2","","0","1","1","0","0"