WKT,Name,OBJECTID,UKATEGORIE,UTYP1,UART,UMONAT,USTUNDE,UWOCHENTAG,STRZUSTAND,ULICHTVERH,ISTRAD,ISTPKW,ISTFUSS,ISTKRAD
"POINT (11.503990222000027 48.186360575000037)","Unfall 230555 (2023) Kat:3, Licht: 0","230555","3","2","3","10","18","2","","0","1","0","0","0"
"POINT (11.689918112000043 48.133431000000030)","Unfall 230557 (2023) Kat:3, Licht: 0","230557","3","4","6","10","08","2","","0","0","1","1","0"
"POINT (11.548000067000032 48.149569635000034)","Unfall 230610 (2023) Kat:3, Licht: 2","230610","3","2","3","10","20","1","","2","1","1","0","0"
"POINT (11.585858475000066 48.143855909000081)","Unfall 230611 (2023) Kat:3, Licht: 2","230611","3","7","5","10","01","1","","2","0","1","0","1"
"POINT (11.448901325000065 48.137611289000063)","Unfall 230612 (2023) Kat:3, Licht: 2","230612","3","7","1","10","21","1","","2","1","1","0","0"
"POINT (11.662798597000062 48.114576798000030)","Unfall 230613 (2023) Kat:3, Licht: 0","230613","3","7","0","10","17","1","","0","1","0","0","0"
"POINT (11.582632679000028 48.119463146000044)","Unfall 230614 (2023) Kat:3, Licht: 0","230614","3","1","0","10","14","1","","0","1","0","0","0"
"POINT (11.549044817000038 48.138182149000045)","Unfall 230615 (2023) Kat:3, Licht: 0","230615","3","6","4","10","17","1","","0","1","0","0","0"
"POINT (11.551727982000045 48.142868826000040)","Unfall 230616 (2023) Kat:3, Licht: 2","230616","3","6","4","10","20","1","","2","0","1","0","0"
"POINT (11.516505179000035 48.186784824000028)","Unfall 230643 (2023) Kat:2, Licht: 0","230643","2","7","0","10","17","7","","0","1","0","0","0"
"POINT (11.583561365000037 48.118998382000029)","Unfall 230644 (2023) Kat:3, Licht: 2","230644","3","1","9","10","00","7","","2","0","1","0","0"
"POINT (11.599847840000052 48.125591142000076)","Unfall 230645 (2023) Kat:3, Licht: 0","230645","3","6","3","10","13","7","","0","0","1","0","0"
"POINT (11.485850228000061 48.079343117000064)","Unfall 230646 (2023) Kat:3, Licht: 0","230646","3","7","1","10","12","7","","0","0","1","0","1"
"POINT (11.588390970000034 48.115408589000026)","Unfall 230647 (2023) Kat:3, Licht: 0","230647","3","2","5","10","12","2","","0","0","1","0","1"
"POINT (11.565273015000059 48.209034395000060)","Unfall 230648 (2023) Kat:3, Licht: 0","230648","3","3","5","10","14","7","","0","0","1","0","1"
"POINT (11.557403723000050 48.150185060000069)","Unfall 230649 (2023) Kat:3, Licht: 1","230649","3","2","5","10","19","7","","1","0","0","0","1"
"POINT (11.576321709000069 48.133867345000056)","Unfall 230650 (2023) Kat:3, Licht: 0","230650","3","4","6","10","14","7","","0","0","0","1","1"
"POINT (11.495127240000045 48.078248720000033)","Unfall 230651 (2023) Kat:2, Licht: 0","230651","2","1","0","10","17","7","","0","1","0","0","0"
"POINT (11.537608824000074 48.137671023000053)","Unfall 230681 (2023) Kat:3, Licht: 0","230681","3","6","3","10","13","6","","0","1","1","0","0"
"POINT (11.543156436000061 48.126035539000043)","Unfall 230683 (2023) Kat:3, Licht: 0","230683","3","6","2","10","08","6","","0","0","0","0","1"
"POINT (11.568998064000027 48.094166227000073)","Unfall 230685 (2023) Kat:3, Licht: 0","230685","3","3","0","10","12","6","","0","1","1","0","0"
"POINT (11.529115889000025 48.176749644000040)","Unfall 230687 (2023) Kat:3, Licht: 0","230687","3","5","2","10","14","6","","0","0","1","0","1"
"POINT (11.580359275000035 48.148579448000078)","Unfall 230688 (2023) Kat:3, Licht: 0","230688","3","6","3","10","13","6","","0","1","0","0","0"
"POINT (11.700001071000031 48.130034628000033)","Unfall 230690 (2023) Kat:3, Licht: 0","230690","3","7","1","10","18","6","","0","1","0","0","0"
"POINT (11.598788414000069 48.138065487000063)","Unfall 230692 (2023) Kat:3, Licht: 0","230692","3","7","1","10","09","6","","0","0","1","0","0"
"POINT (11.555366771000024 48.144195361000072)","Unfall 230693 (2023) Kat:3, Licht: 0","230693","3","7","4","10","09","6","","0","0","1","0","1"
"POINT (11.597487216000047 48.131823544000042)","Unfall 230694 (2023) Kat:3, Licht: 0","230694","3","4","6","10","12","6","","0","1","0","1","0"
"POINT (11.640921942000034 48.151653629000066)","Unfall 230695 (2023) Kat:2, Licht: 0","230695","2","7","0","10","18","6","","0","1","0","0","0"
"POINT (11.585559383000032 48.159757601000081)","Unfall 230696 (2023) Kat:3, Licht: 0","230696","3","7","5","10","07","6","","0","1","0","0","0"
"POINT (11.457115694000038 48.137005767000062)","Unfall 230697 (2023) Kat:3, Licht: 0","230697","3","7","0","10","15","6","","0","1","1","0","0"
"POINT (11.541638618000036 48.147181448000026)","Unfall 230698 (2023) Kat:3, Licht: 0","230698","3","4","6","10","07","6","","0","0","1","1","0"
"POINT (11.524044466000021 48.136042539000073)","Unfall 230699 (2023) Kat:3, Licht: 0","230699","3","2","4","10","13","6","","0","0","1","0","1"
"POINT (11.513624972000059 48.097522906000052)","Unfall 230701 (2023) Kat:3, Licht: 2","230701","3","5","1","10","20","6","","2","1","1","0","0"
"POINT (11.553550510000036 48.112224613000080)","Unfall 230702 (2023) Kat:3, Licht: 2","230702","3","3","5","10","23","3","","2","0","1","0","0"
"POINT (11.512453892000053 48.085373500000060)","Unfall 230703 (2023) Kat:3, Licht: 0","230703","3","6","2","10","13","6","","0","1","1","0","0"
"POINT (11.561445565000042 48.218181997000045)","Unfall 230760 (2023) Kat:3, Licht: 2","230760","3","3","5","10","18","5","","2","1","1","0","0"
"POINT (11.529254571000024 48.147375253000064)","Unfall 230761 (2023) Kat:3, Licht: 0","230761","3","2","5","10","15","5","","0","0","1","0","0"
"POINT (11.578276293000044 48.188923596000052)","Unfall 230762 (2023) Kat:3, Licht: 0","230762","3","3","5","10","15","5","","0","1","1","0","0"
"POINT (11.570582096000066 48.146883791000050)","Unfall 230763 (2023) Kat:3, Licht: 0","230763","3","2","3","10","10","5","","0","1","1","1","0"
"POINT (11.579344233000029 48.129236069000058)","Unfall 230764 (2023) Kat:3, Licht: 0","230764","3","2","0","10","12","5","","0","1","1","0","0"
"POINT (11.629408303000048 48.153348677000054)","Unfall 230765 (2023) Kat:3, Licht: 0","230765","3","2","3","10","15","5","","0","0","1","0","0"
"POINT (11.607391356000051 48.135851500000058)","Unfall 230766 (2023) Kat:3, Licht: 0","230766","3","2","0","10","16","5","","0","0","1","0","0"
"POINT (11.489769961000036 48.181879632000062)","Unfall 230767 (2023) Kat:3, Licht: 0","230767","3","2","5","10","12","5","","0","1","1","0","0"
"POINT (11.533987921000062 48.189251421000051)","Unfall 230769 (2023) Kat:3, Licht: 0","230769","3","6","2","10","13","5","","0","0","1","0","0"
"POINT (11.509367976000021 48.135062130000051)","Unfall 230770 (2023) Kat:3, Licht: 0","230770","3","6","2","10","09","5","","0","1","0","0","0"
"POINT (11.666252130000032 48.124213761000078)","Unfall 230771 (2023) Kat:3, Licht: 0","230771","3","3","5","10","12","5","","0","1","1","0","0"
"POINT (11.593903559000069 48.151933794000058)","Unfall 230772 (2023) Kat:3, Licht: 2","230772","3","4","6","10","06","5","","2","1","0","1","0"
"POINT (11.561197183000047 48.124362663000056)","Unfall 230773 (2023) Kat:3, Licht: 2","230773","3","3","4","10","18","5","","2","1","0","0","0"
"POINT (11.558153619000052 48.143280518000040)","Unfall 230774 (2023) Kat:3, Licht: 0","230774","3","2","5","10","08","5","","0","1","1","0","0"
"POINT (11.584949191000021 48.132356354000081)","Unfall 230775 (2023) Kat:3, Licht: 2","230775","3","2","4","10","06","5","","2","0","1","0","1"
"POINT (11.614661683000065 48.138060926000037)","Unfall 230830 (2023) Kat:3, Licht: 0","230830","3","2","5","10","13","4","","0","1","1","0","0"
"POINT (11.568870749000041 48.157574384000043)","Unfall 230831 (2023) Kat:3, Licht: 0","230831","3","7","5","10","11","4","","0","1","1","0","0"
"POINT (11.619601749000026 48.209022052000080)","Unfall 230832 (2023) Kat:3, Licht: 0","230832","3","6","3","10","06","4","","0","0","1","0","1"
"POINT (11.615402841000048 48.091467521000027)","Unfall 230833 (2023) Kat:3, Licht: 1","230833","3","3","4","10","18","4","","1","1","1","0","0"
"POINT (11.599879913000052 48.125037385000041)","Unfall 230834 (2023) Kat:3, Licht: 0","230834","3","5","1","10","13","4","","0","1","1","0","0"
"POINT (11.584331280000072 48.138280074000079)","Unfall 230835 (2023) Kat:3, Licht: 0","230835","3","6","2","10","11","4","","0","1","1","0","0"
"POINT (11.581191106000063 48.144735447000073)","Unfall 230836 (2023) Kat:3, Licht: 1","230836","3","1","0","10","18","4","","1","1","0","0","0"
"POINT (11.563771822000035 48.205918569000062)","Unfall 230837 (2023) Kat:3, Licht: 0","230837","3","3","5","10","07","4","","0","1","0","0","0"
"POINT (11.429470918000050 48.149253004000059)","Unfall 230838 (2023) Kat:3, Licht: 0","230838","3","4","6","10","12","4","","0","0","0","1","0"
"POINT (11.562446748000070 48.211987655000030)","Unfall 230839 (2023) Kat:2, Licht: 0","230839","2","2","6","10","07","4","","0","0","1","1","0"
"POINT (11.572589647000029 48.177842804000079)","Unfall 230840 (2023) Kat:3, Licht: 0","230840","3","3","5","10","08","4","","0","1","1","0","0"
"POINT (11.510916152000050 48.170042960000046)","Unfall 230841 (2023) Kat:3, Licht: 0","230841","3","3","5","10","11","4","","0","0","1","0","0"
"POINT (11.537362364000046 48.150464591000059)","Unfall 230842 (2023) Kat:3, Licht: 0","230842","3","2","5","10","09","4","","0","1","0","0","0"
"POINT (11.508117826000046 48.097642850000057)","Unfall 230843 (2023) Kat:3, Licht: 0","230843","3","4","6","10","09","4","","0","0","1","1","0"
"POINT (11.560191789000044 48.101677935000055)","Unfall 230844 (2023) Kat:3, Licht: 0","230844","3","3","5","10","08","4","","0","1","1","0","0"
"POINT (11.614283364000073 48.152217946000064)","Unfall 230845 (2023) Kat:3, Licht: 0","230845","3","2","3","10","11","4","","0","1","1","0","0"
"POINT (11.610008278000066 48.135107254000047)","Unfall 230846 (2023) Kat:3, Licht: 0","230846","3","3","5","10","14","4","","0","1","0","0","0"
"POINT (11.557033718000071 48.116748297000072)","Unfall 230847 (2023) Kat:3, Licht: 0","230847","3","2","1","10","09","4","","0","0","1","0","0"
"POINT (11.574824684000077 48.159525633000044)","Unfall 230848 (2023) Kat:3, Licht: 0","230848","3","1","0","10","17","4","","0","1","0","0","0"
"POINT (11.561788525000054 48.142627773000072)","Unfall 230909 (2023) Kat:3, Licht: 0","230909","3","6","5","10","15","3","","0","1","1","0","0"
"POINT (11.547358807000023 48.118353399000057)","Unfall 230910 (2023) Kat:3, Licht: 0","230910","3","1","0","10","15","3","","0","1","0","0","0"
"POINT (11.509231903000057 48.158672572000057)","Unfall 230911 (2023) Kat:2, Licht: 0","230911","2","7","0","10","17","3","","0","1","0","0","0"
"POINT (11.580385777000060 48.161067895000031)","Unfall 230912 (2023) Kat:3, Licht: 2","230912","3","1","0","10","03","3","","2","0","0","0","0"
"POINT (11.572706452000034 48.186785848000056)","Unfall 230913 (2023) Kat:3, Licht: 0","230913","3","2","4","10","11","3","","0","1","1","0","0"
"POINT (11.648644201000025 48.092342335000069)","Unfall 230914 (2023) Kat:3, Licht: 0","230914","3","3","0","10","17","4","","0","1","1","0","0"
"POINT (11.511554320000073 48.154378625000049)","Unfall 230916 (2023) Kat:3, Licht: 0","230916","3","6","2","10","16","3","","0","0","0","0","0"
"POINT (11.564814766000040 48.169095912000046)","Unfall 230917 (2023) Kat:3, Licht: 0","230917","3","7","0","10","17","3","","0","0","1","0","0"
"POINT (11.448542496000073 48.173405927000033)","Unfall 230918 (2023) Kat:3, Licht: 0","230918","3","1","0","10","16","3","","0","1","0","0","0"
"POINT (11.472490926000035 48.144461946000035)","Unfall 230919 (2023) Kat:3, Licht: 1","230919","3","7","0","10","17","3","","1","0","0","0","0"
"POINT (11.603405170000030 48.104015092000054)","Unfall 230920 (2023) Kat:3, Licht: 0","230920","3","3","5","10","17","3","","0","1","0","0","0"
"POINT (11.547213346000035 48.159546081000030)","Unfall 230921 (2023) Kat:3, Licht: 2","230921","3","7","0","10","23","3","","2","0","0","0","0"
"POINT (11.536890661000029 48.133869569000069)","Unfall 230922 (2023) Kat:3, Licht: 0","230922","3","6","3","10","16","3","","0","1","0","0","0"
"POINT (11.548726120000026 48.160094115000049)","Unfall 230923 (2023) Kat:3, Licht: 0","230923","3","3","0","10","11","3","","0","1","1","0","0"
"POINT (11.565152370000021 48.140900041000066)","Unfall 230924 (2023) Kat:3, Licht: 0","230924","3","7","4","10","16","3","","0","0","1","0","0"
"POINT (11.553058591000024 48.120470367000053)","Unfall 230960 (2023) Kat:3, Licht: 0","230960","3","6","2","10","16","4","","0","1","0","0","0"
"POINT (11.559529028000043 48.137410742000043)","Unfall 230973 (2023) Kat:3, Licht: 2","230973","3","1","6","10","23","2","","2","1","0","1","0"
"POINT (11.542564063000043 48.150645359000066)","Unfall 230974 (2023) Kat:3, Licht: 0","230974","3","6","2","10","11","2","","0","1","0","1","0"
"POINT (11.530149233000031 48.159731419000082)","Unfall 230975 (2023) Kat:3, Licht: 0","230975","3","7","0","10","11","2","","0","1","1","0","0"
"POINT (11.486794889000066 48.179220675000067)","Unfall 230976 (2023) Kat:3, Licht: 0","230976","3","7","2","10","15","2","","0","0","1","0","0"
"POINT (11.555793886000060 48.130153452000059)","Unfall 230977 (2023) Kat:3, Licht: 0","230977","3","7","3","10","18","2","","0","0","1","0","1"
"POINT (11.533404577000056 48.133597047000080)","Unfall 230978 (2023) Kat:3, Licht: 0","230978","3","2","5","10","12","2","","0","1","1","0","0"
"POINT (11.563521558000048 48.160981580000055)","Unfall 230979 (2023) Kat:3, Licht: 0","230979","3","2","3","10","15","2","","0","1","1","0","0"
"POINT (11.593374462000043 48.139747043000057)","Unfall 230980 (2023) Kat:3, Licht: 0","230980","3","6","0","10","17","2","","0","1","0","0","0"
"POINT (11.601377667000065 48.177487023000026)","Unfall 230981 (2023) Kat:3, Licht: 0","230981","3","2","5","10","16","2","","0","1","1","0","0"
"POINT (11.550136108000061 48.208457291000059)","Unfall 230982 (2023) Kat:3, Licht: 0","230982","3","6","2","10","09","2","","0","0","1","0","0"
"POINT (11.552114144000029 48.186090775000025)","Unfall 230983 (2023) Kat:3, Licht: 0","230983","3","6","1","10","12","2","","0","0","1","0","0"
"POINT (11.671832419000054 48.122667444000058)","Unfall 230984 (2023) Kat:3, Licht: 0","230984","3","2","5","10","16","2","","0","1","1","0","0"
"POINT (11.686536326000066 48.141215207000073)","Unfall 230985 (2023) Kat:3, Licht: 0","230985","3","1","2","10","13","2","","0","0","1","0","1"
"POINT (11.597412979000069 48.132985742000074)","Unfall 230986 (2023) Kat:3, Licht: 0","230986","3","1","0","10","16","2","","0","1","0","0","0"
"POINT (11.568056164000041 48.147599081000067)","Unfall 230987 (2023) Kat:3, Licht: 0","230987","3","6","2","10","11","2","","0","1","1","0","0"
"POINT (11.585818741000026 48.160361558000034)","Unfall 230988 (2023) Kat:3, Licht: 0","230988","3","2","5","10","09","2","","0","1","0","0","0"
"POINT (11.548918645000072 48.143948992000048)","Unfall 231067 (2023) Kat:3, Licht: 2","231067","3","1","4","10","20","1","","2","1","0","0","0"
"POINT (11.558191851000061 48.132528297000079)","Unfall 231068 (2023) Kat:3, Licht: 2","231068","3","1","6","10","21","1","","2","0","0","1","0"
"POINT (11.550467844000025 48.143135046000054)","Unfall 231069 (2023) Kat:2, Licht: 2","231069","2","7","0","10","19","1","","2","1","0","0","0"
"POINT (11.564220201000069 48.154430576000038)","Unfall 231070 (2023) Kat:2, Licht: 2","231070","2","1","1","10","00","1","","2","0","1","0","0"
"POINT (11.466674222000051 48.152764344000047)","Unfall 231071 (2023) Kat:3, Licht: 2","231071","3","6","1","10","02","1","","2","0","1","0","0"
"POINT (11.474499850000029 48.170515318000071)","Unfall 231072 (2023) Kat:3, Licht: 0","231072","3","7","5","10","14","1","","0","0","1","0","1"
"POINT (11.585816491000060 48.143864173000054)","Unfall 231073 (2023) Kat:2, Licht: 2","231073","2","4","6","10","21","1","","2","0","1","1","0"
"POINT (11.563258046000044 48.186993755000060)","Unfall 231074 (2023) Kat:3, Licht: 0","231074","3","7","3","10","11","1","","0","0","1","0","1"
"POINT (11.558678138000062 48.126064486000075)","Unfall 231075 (2023) Kat:3, Licht: 2","231075","3","3","5","10","21","1","","2","1","1","0","0"
"POINT (11.545539341000051 48.135796961000040)","Unfall 231076 (2023) Kat:3, Licht: 0","231076","3","3","5","10","17","1","","0","1","1","0","0"
"POINT (11.503394068000034 48.143354740000063)","Unfall 231077 (2023) Kat:3, Licht: 0","231077","3","3","5","10","10","1","","0","1","1","0","0"
"POINT (11.507695019000039 48.163492015000031)","Unfall 231078 (2023) Kat:3, Licht: 0","231078","3","3","1","10","18","1","","0","0","1","0","1"
"POINT (11.557207846000040 48.144260409000026)","Unfall 231080 (2023) Kat:3, Licht: 2","231080","3","1","0","10","22","1","","2","1","0","0","0"
"POINT (11.550758500000029 48.135838832000047)","Unfall 231133 (2023) Kat:3, Licht: 2","231133","3","1","0","09","02","7","","2","1","0","0","0"
"POINT (11.499317245000043 48.188155079000069)","Unfall 231134 (2023) Kat:3, Licht: 0","231134","3","6","4","09","16","7","","0","0","1","0","1"
"POINT (11.553411830000073 48.213645229000065)","Unfall 231135 (2023) Kat:3, Licht: 0","231135","3","2","5","09","12","7","","0","1","1","0","0"
"POINT (11.570140836000064 48.114810979000026)","Unfall 231136 (2023) Kat:3, Licht: 0","231136","3","3","5","09","09","7","","0","0","1","0","0"
"POINT (11.645585564000044 48.099971336000067)","Unfall 231138 (2023) Kat:3, Licht: 0","231138","3","7","6","10","07","4","","0","1","0","0","0"
"POINT (11.551773737000076 48.147373856000058)","Unfall 231139 (2023) Kat:3, Licht: 2","231139","3","7","0","09","22","7","","2","0","0","0","0"
"POINT (11.594907917000057 48.183457658000066)","Unfall 231140 (2023) Kat:3, Licht: 2","231140","3","7","0","09","02","7","","2","0","0","0","0"
"POINT (11.556716290000054 48.129955548000055)","Unfall 231141 (2023) Kat:3, Licht: 0","231141","3","5","3","09","15","7","","0","1","1","0","0"
"POINT (11.504278223000028 48.185633796000047)","Unfall 231142 (2023) Kat:3, Licht: 2","231142","3","1","9","09","02","7","","2","0","1","0","0"
"POINT (11.586094757000069 48.191709269000057)","Unfall 231143 (2023) Kat:3, Licht: 2","231143","3","7","5","09","22","7","","2","0","1","0","0"
"POINT (11.556127833000062 48.210850198000060)","Unfall 231145 (2023) Kat:3, Licht: 0","231145","3","1","0","09","15","7","","0","0","0","0","0"
"POINT (11.556022562000067 48.137481021000042)","Unfall 231146 (2023) Kat:2, Licht: 0","231146","2","2","5","09","08","7","","0","1","1","0","0"
"POINT (11.458268274000034 48.149533479000070)","Unfall 231147 (2023) Kat:3, Licht: 0","231147","3","2","5","09","11","7","","0","1","1","0","0"
"POINT (11.520606501000032 48.147663348000037)","Unfall 231148 (2023) Kat:3, Licht: 0","231148","3","7","0","09","16","7","","0","1","0","0","0"
"POINT (11.574115463000055 48.120110548000071)","Unfall 231151 (2023) Kat:3, Licht: 0","231151","3","2","1","09","13","7","","0","1","1","0","0"
"POINT (11.599048536000055 48.125511516000074)","Unfall 231153 (2023) Kat:3, Licht: 0","231153","3","6","2","09","08","7","","0","0","1","0","0"
"POINT (11.550543893000054 48.125654905000033)","Unfall 231154 (2023) Kat:3, Licht: 2","231154","3","3","3","09","20","7","","2","0","1","0","1"
"POINT (11.555791524000028 48.130459674000065)","Unfall 231155 (2023) Kat:3, Licht: 2","231155","3","6","2","09","01","7","","2","1","1","0","0"
"POINT (11.556310208000070 48.128069480000079)","Unfall 231156 (2023) Kat:3, Licht: 2","231156","3","7","1","09","00","7","","2","0","1","0","0"
"POINT (11.561676412000054 48.131058323000047)","Unfall 231157 (2023) Kat:3, Licht: 2","231157","3","2","4","09","01","7","","2","1","1","0","0"
"POINT (11.616483286000062 48.148841724000079)","Unfall 231205 (2023) Kat:3, Licht: 2","231205","3","2","4","09","21","6","","2","0","1","0","0"
"POINT (11.531078145000038 48.176353172000063)","Unfall 231206 (2023) Kat:3, Licht: 0","231206","3","6","2","09","08","6","","0","0","1","0","0"
"POINT (11.561375328000054 48.122027677000062)","Unfall 231207 (2023) Kat:3, Licht: 0","231207","3","7","0","09","15","6","","0","0","0","0","1"
"POINT (11.556501558000036 48.139114513000038)","Unfall 231208 (2023) Kat:3, Licht: 0","231208","3","6","0","09","10","6","","0","0","1","0","1"
"POINT (11.565581417000033 48.153196071000082)","Unfall 231209 (2023) Kat:3, Licht: 0","231209","3","6","2","09","11","6","","0","0","1","0","0"
"POINT (11.564854100000048 48.147473591000050)","Unfall 231210 (2023) Kat:3, Licht: 0","231210","3","7","3","09","09","6","","0","1","1","0","0"
"POINT (11.601603700000055 48.124099044000047)","Unfall 231211 (2023) Kat:3, Licht: 0","231211","3","1","3","09","14","6","","0","1","0","0","0"
"POINT (11.475678154000036 48.120858491000035)","Unfall 231214 (2023) Kat:3, Licht: 0","231214","3","3","5","09","11","6","","0","0","1","0","0"
"POINT (11.654647809000039 48.125958882000077)","Unfall 231218 (2023) Kat:3, Licht: 0","231218","3","2","6","09","14","6","","0","0","1","1","0"
"POINT (11.588448987000049 48.115372758000035)","Unfall 231219 (2023) Kat:3, Licht: 1","231219","3","2","5","09","06","6","","1","0","1","0","0"
"POINT (11.578511723000076 48.166954114000077)","Unfall 231220 (2023) Kat:3, Licht: 2","231220","3","2","4","09","20","6","","2","1","1","0","0"
"POINT (11.580029989000025 48.136599807000039)","Unfall 231222 (2023) Kat:3, Licht: 2","231222","3","7","1","09","20","6","","2","1","1","0","0"
"POINT (11.549549372000058 48.124987912000051)","Unfall 231294 (2023) Kat:3, Licht: 2","231294","3","7","0","09","23","5","","2","1","0","0","0"
"POINT (11.532193388000053 48.149498975000029)","Unfall 231295 (2023) Kat:3, Licht: 0","231295","3","3","5","09","14","5","","0","1","0","0","0"
"POINT (11.581161136000048 48.141384355000071)","Unfall 231296 (2023) Kat:3, Licht: 2","231296","3","1","0","09","02","5","","2","0","0","0","0"
"POINT (11.501112071000023 48.116309001000047)","Unfall 231297 (2023) Kat:3, Licht: 0","231297","3","5","3","09","15","5","","0","0","1","0","0"
"POINT (11.533453868000038 48.152977410000062)","Unfall 231298 (2023) Kat:3, Licht: 0","231298","3","7","6","09","16","5","","0","1","0","1","0"
"POINT (11.509661695000034 48.182331014000056)","Unfall 231299 (2023) Kat:3, Licht: 1","231299","3","7","6","09","06","5","","1","0","1","1","0"
"POINT (11.564526422000029 48.164474806000044)","Unfall 231301 (2023) Kat:3, Licht: 0","231301","3","4","0","09","18","5","","0","0","0","1","0"
"POINT (11.576637286000050 48.113441779000027)","Unfall 231304 (2023) Kat:3, Licht: 2","231304","3","4","6","09","20","5","","2","0","1","1","0"
"POINT (11.505447587000049 48.172190296000053)","Unfall 231305 (2023) Kat:3, Licht: 0","231305","3","6","3","09","07","5","","0","0","1","0","0"
"POINT (11.519546198000057 48.113404647000038)","Unfall 231306 (2023) Kat:2, Licht: 1","231306","2","3","5","09","18","5","","1","0","1","0","1"
"POINT (11.457053638000048 48.147040423000078)","Unfall 231307 (2023) Kat:3, Licht: 0","231307","3","2","2","09","08","5","","0","1","0","0","0"
"POINT (11.504303271000026 48.151499652000041)","Unfall 231308 (2023) Kat:3, Licht: 0","231308","3","3","0","09","17","5","","0","0","0","0","1"
"POINT (11.558793493000053 48.147459233000063)","Unfall 231309 (2023) Kat:3, Licht: 0","231309","3","2","5","09","11","5","","0","1","1","0","0"
"POINT (11.519004995000046 48.098930390000078)","Unfall 231310 (2023) Kat:3, Licht: 0","231310","3","7","5","09","18","5","","0","1","0","0","0"
"POINT (11.651072615000032 48.112857719000033)","Unfall 231314 (2023) Kat:2, Licht: 0","231314","2","7","0","09","13","5","","0","1","0","1","0"
"POINT (11.660109838000039 48.085365502000059)","Unfall 231315 (2023) Kat:3, Licht: 0","231315","3","5","1","09","15","5","","0","1","1","0","0"
"POINT (11.601752510000040 48.103689488000043)","Unfall 231316 (2023) Kat:3, Licht: 0","231316","3","1","0","09","10","5","","0","1","0","0","0"
"POINT (11.578092806000029 48.107148586000051)","Unfall 231317 (2023) Kat:3, Licht: 0","231317","3","7","6","09","16","5","","0","1","0","1","0"
"POINT (11.589999512000077 48.095001808000063)","Unfall 231318 (2023) Kat:3, Licht: 0","231318","3","3","5","09","08","5","","0","1","1","0","0"
"POINT (11.598370722000027 48.137177319000045)","Unfall 231319 (2023) Kat:3, Licht: 0","231319","3","5","3","09","14","5","","0","1","1","0","0"
"POINT (11.571989318000021 48.120852138000032)","Unfall 231320 (2023) Kat:3, Licht: 0","231320","3","1","0","09","16","5","","0","1","0","0","0"
"POINT (11.542184755000051 48.139512637000053)","Unfall 231321 (2023) Kat:3, Licht: 0","231321","3","7","0","09","07","5","","0","0","0","0","0"
"POINT (11.563569158000064 48.150102773000071)","Unfall 231322 (2023) Kat:3, Licht: 0","231322","3","4","6","09","12","5","","0","1","0","1","0"
"POINT (11.568171825000036 48.133743076000030)","Unfall 231323 (2023) Kat:3, Licht: 2","231323","3","2","3","09","20","5","","2","1","1","0","0"
"POINT (11.573836734000054 48.154408098000033)","Unfall 231397 (2023) Kat:3, Licht: 0","231397","3","3","5","09","08","4","","0","1","1","0","0"
"POINT (11.572577310000042 48.177845254000033)","Unfall 231399 (2023) Kat:3, Licht: 0","231399","3","2","5","09","09","4","","0","1","0","0","0"
"POINT (11.395361463000029 48.179852669000070)","Unfall 231400 (2023) Kat:3, Licht: 0","231400","3","6","2","09","15","4","","0","0","1","0","0"
"POINT (11.621362034000072 48.196765279000033)","Unfall 231401 (2023) Kat:3, Licht: 0","231401","3","2","5","09","17","4","","0","1","1","0","0"
"POINT (11.544677131000071 48.150317090000044)","Unfall 231402 (2023) Kat:3, Licht: 2","231402","3","7","0","09","22","4","","2","0","0","0","0"
"POINT (11.507655271000033 48.094257296000080)","Unfall 231404 (2023) Kat:3, Licht: 0","231404","3","2","4","09","17","4","","0","1","1","0","0"
"POINT (11.555899268000076 48.137437919000035)","Unfall 231405 (2023) Kat:3, Licht: 2","231405","3","2","4","09","00","4","","2","0","1","0","0"
"POINT (11.513529921000043 48.135144309000054)","Unfall 231406 (2023) Kat:3, Licht: 0","231406","3","4","6","09","16","4","","0","0","1","1","0"
"POINT (11.566672576000030 48.133271937000075)","Unfall 231407 (2023) Kat:3, Licht: 0","231407","3","2","3","09","14","4","","0","1","1","0","0"
"POINT (11.565736313000059 48.123773250000056)","Unfall 231408 (2023) Kat:3, Licht: 0","231408","3","4","6","09","16","4","","0","1","1","1","0"
"POINT (11.465011138000023 48.165955990000043)","Unfall 231409 (2023) Kat:3, Licht: 1","231409","3","6","1","09","18","4","","1","1","1","0","0"
"POINT (11.552235977000066 48.155571954000038)","Unfall 231410 (2023) Kat:3, Licht: 0","231410","3","4","6","09","07","4","","0","1","0","1","0"
"POINT (11.589601860000073 48.131725230000029)","Unfall 231411 (2023) Kat:3, Licht: 0","231411","3","7","5","09","14","4","","0","1","1","0","0"
"POINT (11.585131962000048 48.123595797000064)","Unfall 231412 (2023) Kat:3, Licht: 0","231412","3","7","1","09","14","4","","0","1","1","0","0"
"POINT (11.614693293000073 48.131038449000073)","Unfall 231413 (2023) Kat:3, Licht: 0","231413","3","6","3","09","16","4","","0","1","0","0","0"
"POINT (11.566271028000074 48.123601116000032)","Unfall 231414 (2023) Kat:3, Licht: 0","231414","3","7","0","09","17","4","","0","1","0","0","0"
"POINT (11.571339999000031 48.134965851000061)","Unfall 231415 (2023) Kat:3, Licht: 0","231415","3","4","6","09","18","4","","0","1","0","1","0"