WKT,Name,OBJECTID,UKATEGORIE,UTYP1,UART,UMONAT,USTUNDE,UWOCHENTAG,STRZUSTAND,ULICHTVERH,ISTRAD,ISTPKW,ISTFUSS,ISTKRAD
"POINT (11.534979483000029 48.140023096000050)","Unfall 231427 (2023) Kat:3, Licht: 0","231427","3","6","3","09","16","6","","0","1","0","0","0"
"POINT (11.567602566000062 48.176554889000045)","Unfall 231445 (2023) Kat:3, Licht: 2","231445","3","3","0","10","06","3","","2","1","1","0","0"
"POINT (11.629397229000062 48.153666547000057)","Unfall 231463 (2023) Kat:3, Licht: 2","231463","3","7","0","10","23","2","","2","1","0","0","0"
"POINT (11.592258168000058 48.138806821000060)","Unfall 231481 (2023) Kat:3, Licht: 0","231481","3","2","3","09","12","3","","0","1","0","0","0"
"POINT (11.465372894000041 48.146256169000026)","Unfall 231482 (2023) Kat:3, Licht: 2","231482","3","2","3","10","20","5","","2","1","1","0","0"
"POINT (11.569182558000023 48.141604392000033)","Unfall 231483 (2023) Kat:3, Licht: 0","231483","3","6","3","09","11","3","","0","0","1","0","0"
"POINT (11.543938174000061 48.126336628000047)","Unfall 231484 (2023) Kat:3, Licht: 0","231484","3","2","4","09","13","3","","0","0","1","0","1"
"POINT (11.563335532000053 48.163586836000036)","Unfall 231485 (2023) Kat:3, Licht: 0","231485","3","7","3","09","17","3","","0","1","1","0","0"
"POINT (11.510547428000052 48.169644034000044)","Unfall 231486 (2023) Kat:3, Licht: 0","231486","3","7","6","09","07","3","","0","0","0","1","0"
"POINT (11.590259199000059 48.101058104000060)","Unfall 231488 (2023) Kat:3, Licht: 0","231488","3","2","5","09","16","3","","0","0","1","0","0"
"POINT (11.639870056000063 48.116867480000053)","Unfall 231490 (2023) Kat:3, Licht: 0","231490","3","2","4","09","15","3","","0","0","1","0","0"
"POINT (11.534054550000064 48.215839249000055)","Unfall 231491 (2023) Kat:3, Licht: 0","231491","3","7","0","09","11","3","","0","1","0","0","0"
"POINT (11.512827880000032 48.098129077000067)","Unfall 231492 (2023) Kat:3, Licht: 0","231492","3","3","0","09","13","3","","0","0","1","0","0"
"POINT (11.514293398000063 48.119477712000048)","Unfall 231493 (2023) Kat:3, Licht: 0","231493","3","7","9","09","18","3","","0","0","1","0","0"
"POINT (11.479412110000055 48.123951146000081)","Unfall 231494 (2023) Kat:3, Licht: 0","231494","3","3","5","09","16","3","","0","0","1","0","1"
"POINT (11.503604543000051 48.079313170000034)","Unfall 231495 (2023) Kat:3, Licht: 0","231495","3","2","5","10","16","2","","0","1","1","0","0"
"POINT (11.622486589000061 48.148488053000051)","Unfall 231496 (2023) Kat:3, Licht: 0","231496","3","2","6","09","09","3","","0","0","1","1","0"
"POINT (11.549737726000046 48.145938624000053)","Unfall 231497 (2023) Kat:3, Licht: 0","231497","3","2","3","09","08","3","","0","1","1","0","0"
"POINT (11.572651664000034 48.115309867000065)","Unfall 231499 (2023) Kat:3, Licht: 0","231499","3","7","6","09","12","3","","0","1","0","1","0"
"POINT (11.636159018000058 48.168899973000066)","Unfall 231500 (2023) Kat:3, Licht: 0","231500","3","7","0","09","09","3","","0","0","1","0","1"
"POINT (11.470031828000060 48.154731782000056)","Unfall 231523 (2023) Kat:3, Licht: 1","231523","3","2","3","10","07","6","","1","1","1","0","0"
"POINT (11.533628912000040 48.117000813000061)","Unfall 231524 (2023) Kat:3, Licht: 1","231524","3","2","6","10","07","6","","1","0","1","1","0"
"POINT (11.527970295000046 48.115005693000057)","Unfall 231525 (2023) Kat:3, Licht: 0","231525","3","3","5","10","14","6","","0","1","1","0","0"
"POINT (11.604710433000037 48.179078014000027)","Unfall 231526 (2023) Kat:2, Licht: 2","231526","2","7","0","10","20","6","","2","1","0","0","0"
"POINT (11.472675975000072 48.175481845000036)","Unfall 231528 (2023) Kat:3, Licht: 0","231528","3","4","6","10","09","6","","0","0","1","1","0"
"POINT (11.446393813000043 48.143253519000041)","Unfall 231529 (2023) Kat:3, Licht: 0","231529","3","3","5","10","07","6","","0","1","0","0","0"
"POINT (11.529135462000056 48.176326477000032)","Unfall 231530 (2023) Kat:3, Licht: 2","231530","3","2","4","10","06","6","","2","1","1","0","0"
"POINT (11.479829810000069 48.182661615000029)","Unfall 231531 (2023) Kat:3, Licht: 0","231531","3","3","5","10","05","6","","0","1","0","0","0"
"POINT (11.558004436000033 48.150993007000068)","Unfall 231532 (2023) Kat:3, Licht: 2","231532","3","2","5","10","22","6","","2","0","1","0","0"
"POINT (11.464107173000059 48.114369950000025)","Unfall 231533 (2023) Kat:3, Licht: 0","231533","3","3","5","10","13","6","","0","1","1","0","0"
"POINT (11.513815103000070 48.096320436000042)","Unfall 231534 (2023) Kat:3, Licht: 0","231534","3","3","5","10","09","6","","0","1","1","0","0"
"POINT (11.702769531000058 48.132380497000042)","Unfall 231535 (2023) Kat:3, Licht: 0","231535","3","4","5","10","14","6","","0","0","1","1","0"
"POINT (11.598584055000060 48.135580530000027)","Unfall 231536 (2023) Kat:3, Licht: 0","231536","3","6","1","10","17","6","","0","0","1","0","0"
"POINT (11.538939366000022 48.116910420000067)","Unfall 231537 (2023) Kat:3, Licht: 0","231537","3","7","6","10","12","6","","0","0","1","1","0"
"POINT (11.528002576000063 48.137262484000075)","Unfall 231538 (2023) Kat:3, Licht: 0","231538","3","2","5","10","17","6","","0","1","0","0","1"
"POINT (11.568383400000073 48.155093125000064)","Unfall 231539 (2023) Kat:3, Licht: 0","231539","3","7","5","10","08","6","","0","1","0","0","0"
"POINT (11.589763520000076 48.131781925000041)","Unfall 231587 (2023) Kat:3, Licht: 1","231587","3","1","3","10","18","5","","1","1","1","0","0"
"POINT (11.601347166000039 48.143818153000041)","Unfall 231588 (2023) Kat:3, Licht: 0","231588","3","1","0","10","15","5","","0","1","0","0","0"
"POINT (11.538375414000029 48.134881911000036)","Unfall 231589 (2023) Kat:3, Licht: 2","231589","3","7","5","10","07","5","","2","1","1","0","0"
"POINT (11.535537311000041 48.168150298000057)","Unfall 231590 (2023) Kat:3, Licht: 0","231590","3","6","2","10","14","5","","0","0","1","0","0"
"POINT (11.562708189000034 48.207225625000035)","Unfall 231591 (2023) Kat:3, Licht: 0","231591","3","4","6","10","13","5","","0","0","1","1","0"
"POINT (11.555814454000028 48.134964920000073)","Unfall 231592 (2023) Kat:3, Licht: 0","231592","3","4","6","10","09","5","","0","0","0","1","0"
"POINT (11.513177715000040 48.098168577000081)","Unfall 231594 (2023) Kat:3, Licht: 0","231594","3","6","2","10","13","5","","0","0","1","0","1"
"POINT (11.636517762000040 48.102870092000046)","Unfall 231595 (2023) Kat:3, Licht: 0","231595","3","2","5","10","09","5","","0","1","1","0","0"
"POINT (11.641642714000056 48.156742272000031)","Unfall 231596 (2023) Kat:3, Licht: 0","231596","3","2","4","10","11","5","","0","1","1","0","0"
"POINT (11.576284901000065 48.133204145000036)","Unfall 231597 (2023) Kat:3, Licht: 0","231597","3","2","4","10","08","5","","0","1","1","0","0"
"POINT (11.574124620000077 48.139783395000052)","Unfall 231598 (2023) Kat:3, Licht: 0","231598","3","1","0","10","14","5","","0","1","0","0","0"
"POINT (11.564645937000023 48.136363861000063)","Unfall 231599 (2023) Kat:3, Licht: 0","231599","3","2","3","10","15","5","","0","0","0","0","0"
"POINT (11.662800571000048 48.140612922000059)","Unfall 231610 (2023) Kat:2, Licht: 0","231610","2","1","0","10","15","6","","0","1","0","0","0"
"POINT (11.584458454000071 48.157268912000063)","Unfall 231656 (2023) Kat:3, Licht: 0","231656","3","3","5","10","12","4","","0","0","1","0","1"
"POINT (11.585480759000063 48.152116132000060)","Unfall 231657 (2023) Kat:3, Licht: 0","231657","3","2","0","10","15","4","","0","1","0","0","0"
"POINT (11.595553979000044 48.147752818000072)","Unfall 231658 (2023) Kat:3, Licht: 0","231658","3","5","1","10","07","4","","0","1","1","0","0"
"POINT (11.520731907000027 48.150086135000038)","Unfall 231660 (2023) Kat:3, Licht: 0","231660","3","6","2","10","16","4","","0","0","1","0","0"
"POINT (11.548851752000076 48.151104407000048)","Unfall 231661 (2023) Kat:3, Licht: 0","231661","3","2","5","10","14","4","","0","1","0","0","0"
"POINT (11.476875405000044 48.113370206000070)","Unfall 231662 (2023) Kat:3, Licht: 0","231662","3","7","2","10","09","4","","0","0","1","0","1"
"POINT (11.484635791000073 48.088903268000081)","Unfall 231663 (2023) Kat:3, Licht: 0","231663","3","3","5","10","12","4","","0","1","1","0","0"
"POINT (11.607365152000057 48.144940075000079)","Unfall 231665 (2023) Kat:3, Licht: 0","231665","3","3","5","10","12","4","","0","1","1","0","0"
"POINT (11.646953647000032 48.157871266000029)","Unfall 231666 (2023) Kat:3, Licht: 0","231666","3","6","3","10","14","4","","0","1","1","0","0"
"POINT (11.553400169000042 48.112326716000041)","Unfall 231667 (2023) Kat:3, Licht: 0","231667","3","3","5","10","08","4","","0","1","1","0","0"
"POINT (11.557669693000037 48.129898753000077)","Unfall 231668 (2023) Kat:3, Licht: 0","231668","3","7","0","10","08","4","","0","1","0","0","0"
"POINT (11.547684342000025 48.126793243000066)","Unfall 231669 (2023) Kat:3, Licht: 0","231669","3","2","5","10","08","4","","0","1","1","0","0"
"POINT (11.570209389000070 48.146299535000026)","Unfall 231670 (2023) Kat:3, Licht: 2","231670","3","1","0","10","23","4","","2","1","0","0","0"
"POINT (11.597958198000072 48.149440601000038)","Unfall 231671 (2023) Kat:3, Licht: 0","231671","3","1","0","10","11","4","","0","1","0","0","0"
"POINT (11.458418632000075 48.149548612000046)","Unfall 231713 (2023) Kat:3, Licht: 0","231713","3","2","3","10","09","4","","0","0","1","0","0"
"POINT (11.534900104000030 48.138167069000076)","Unfall 231727 (2023) Kat:2, Licht: 2","231727","2","3","5","10","18","3","","2","1","1","0","0"
"POINT (11.578203250000058 48.161228795000056)","Unfall 231728 (2023) Kat:3, Licht: 0","231728","3","7","3","10","10","3","","0","1","1","0","0"
"POINT (11.570339856000032 48.130882374000066)","Unfall 231729 (2023) Kat:2, Licht: 0","231729","2","3","0","10","15","3","","0","1","1","0","0"
"POINT (11.572739760000047 48.186235759000056)","Unfall 231730 (2023) Kat:3, Licht: 2","231730","3","6","2","10","22","3","","2","0","1","0","0"
"POINT (11.564925812000070 48.167402721000030)","Unfall 231731 (2023) Kat:3, Licht: 0","231731","3","6","2","10","18","3","","0","1","0","0","0"
"POINT (11.412851034000028 48.137484237000081)","Unfall 231732 (2023) Kat:2, Licht: 1","231732","2","3","5","10","18","3","","1","0","1","0","0"
"POINT (11.686629120000077 48.141247087000067)","Unfall 231733 (2023) Kat:2, Licht: 1","231733","2","2","3","10","18","3","","1","1","1","0","0"
"POINT (11.584131159000037 48.181720157000029)","Unfall 231735 (2023) Kat:3, Licht: 0","231735","3","1","0","10","12","3","","0","1","1","0","0"
"POINT (11.558127272000036 48.155345707000038)","Unfall 231736 (2023) Kat:3, Licht: 0","231736","3","3","0","10","07","3","","0","1","1","0","0"
"POINT (11.502641684000025 48.120137895000028)","Unfall 231737 (2023) Kat:3, Licht: 0","231737","3","2","4","10","13","3","","0","0","1","0","0"
"POINT (11.629618846000028 48.165182920000063)","Unfall 231738 (2023) Kat:3, Licht: 0","231738","3","2","3","10","13","3","","0","0","1","0","0"
"POINT (11.597461859000077 48.132753131000072)","Unfall 231739 (2023) Kat:3, Licht: 0","231739","3","7","1","10","11","3","","0","1","1","0","0"
"POINT (11.550556363000055 48.136001487000044)","Unfall 231740 (2023) Kat:3, Licht: 0","231740","3","2","3","10","12","3","","0","1","1","0","0"
"POINT (11.549038594000024 48.125475536000067)","Unfall 231741 (2023) Kat:3, Licht: 0","231741","3","4","6","10","17","3","","0","0","1","1","0"
"POINT (11.538471404000063 48.134873993000042)","Unfall 231742 (2023) Kat:3, Licht: 2","231742","3","2","6","10","19","3","","2","0","1","1","0"
"POINT (11.558863178000024 48.139201348000029)","Unfall 231743 (2023) Kat:3, Licht: 2","231743","3","4","6","10","19","3","","2","1","0","1","0"
"POINT (11.585872735000066 48.160481910000044)","Unfall 231744 (2023) Kat:2, Licht: 0","231744","2","4","6","10","09","3","","0","1","0","1","0"
"POINT (11.582087052000077 48.163800938000065)","Unfall 231745 (2023) Kat:3, Licht: 0","231745","3","1","0","10","09","3","","0","0","1","0","1"
"POINT (11.587997893000022 48.163693531000035)","Unfall 231746 (2023) Kat:3, Licht: 2","231746","3","7","5","10","18","3","","2","0","1","0","0"
"POINT (11.542563813000072 48.134615915000040)","Unfall 231794 (2023) Kat:3, Licht: 0","231794","3","1","4","10","16","2","","0","0","1","0","0"
"POINT (11.559731755000030 48.145062893000045)","Unfall 231795 (2023) Kat:3, Licht: 0","231795","3","7","0","10","07","2","","0","1","1","0","0"
"POINT (11.608363093000037 48.186291446000041)","Unfall 231796 (2023) Kat:3, Licht: 0","231796","3","7","9","10","14","2","","0","0","1","0","0"
"POINT (11.711644298000067 48.133555648000026)","Unfall 231797 (2023) Kat:3, Licht: 0","231797","3","7","9","10","10","2","","0","0","1","0","0"
"POINT (11.463564096000027 48.151639446000047)","Unfall 231798 (2023) Kat:3, Licht: 0","231798","3","2","5","10","09","2","","0","1","1","0","0"
"POINT (11.453775353000026 48.145941988000061)","Unfall 231799 (2023) Kat:3, Licht: 0","231799","3","7","0","10","07","2","","0","1","0","0","0"
"POINT (11.510112856000035 48.185250871000051)","Unfall 231800 (2023) Kat:3, Licht: 0","231800","3","7","5","10","14","2","","0","1","1","0","0"
"POINT (11.523953618000064 48.133494293000069)","Unfall 231801 (2023) Kat:3, Licht: 0","231801","3","1","0","10","11","2","","0","1","0","0","0"
"POINT (11.586629379000044 48.098125421000077)","Unfall 231802 (2023) Kat:3, Licht: 0","231802","3","3","5","10","16","2","","0","1","1","0","0"
"POINT (11.606713603000060 48.130081029000053)","Unfall 231803 (2023) Kat:3, Licht: 0","231803","3","4","6","10","09","2","","0","0","1","1","0"
"POINT (11.636256198000069 48.140224607000050)","Unfall 231804 (2023) Kat:3, Licht: 0","231804","3","6","2","10","07","2","","0","0","1","0","0"
"POINT (11.541048692000061 48.121544453000070)","Unfall 231805 (2023) Kat:3, Licht: 2","231805","3","1","0","10","23","2","","2","1","0","0","0"
"POINT (11.586763875000031 48.164180030000068)","Unfall 231806 (2023) Kat:3, Licht: 0","231806","3","7","0","10","13","2","","0","1","0","0","0"
"POINT (11.568317991000072 48.154925143000071)","Unfall 231807 (2023) Kat:3, Licht: 0","231807","3","3","1","10","12","2","","0","1","1","0","0"
"POINT (11.588873511000031 48.167249841000057)","Unfall 231844 (2023) Kat:3, Licht: 0","231844","3","1","0","10","15","1","","0","1","0","0","0"
"POINT (11.516991729000040 48.068997602000081)","Unfall 231846 (2023) Kat:3, Licht: 0","231846","3","1","0","10","13","1","","0","1","0","0","0"
"POINT (11.528834108000069 48.211285673000077)","Unfall 231847 (2023) Kat:3, Licht: 2","231847","3","6","1","10","19","1","","2","0","1","0","0"
"POINT (11.564636092000057 48.169778809000036)","Unfall 231848 (2023) Kat:3, Licht: 0","231848","3","6","3","10","13","1","","0","0","1","0","1"
"POINT (11.653042367000069 48.109069317000035)","Unfall 231849 (2023) Kat:3, Licht: 0","231849","3","2","5","10","09","1","","0","0","1","0","0"
"POINT (11.645152400000029 48.162125630000048)","Unfall 231850 (2023) Kat:3, Licht: 0","231850","3","2","5","10","12","1","","0","1","1","0","0"
"POINT (11.616249028000027 48.158513366000079)","Unfall 231852 (2023) Kat:3, Licht: 0","231852","3","3","5","10","09","1","","0","1","1","0","0"
"POINT (11.576757461000057 48.118896641000049)","Unfall 231853 (2023) Kat:3, Licht: 2","231853","3","1","0","10","03","1","","2","1","0","0","0"
"POINT (11.538645612000039 48.112261322000052)","Unfall 231854 (2023) Kat:3, Licht: 0","231854","3","3","5","10","17","1","","0","1","1","0","0"
"POINT (11.559594438000033 48.137410044000035)","Unfall 231855 (2023) Kat:3, Licht: 1","231855","3","5","1","10","17","1","","1","1","1","0","0"
"POINT (11.566311210000038 48.139917400000058)","Unfall 231888 (2023) Kat:3, Licht: 0","231888","3","1","3","10","11","7","","0","1","1","0","0"
"POINT (11.609236771000042 48.195774666000034)","Unfall 231889 (2023) Kat:3, Licht: 0","231889","3","6","2","10","12","7","","0","0","1","0","1"
"POINT (11.519705583000075 48.120650685000044)","Unfall 231890 (2023) Kat:3, Licht: 0","231890","3","6","2","10","10","7","","0","0","1","0","0"
"POINT (11.535723240000038 48.198883525000042)","Unfall 231891 (2023) Kat:1, Licht: 2","231891","1","4","6","10","18","7","","2","0","1","1","0"
"POINT (11.613141397000049 48.136834647000057)","Unfall 231892 (2023) Kat:3, Licht: 0","231892","3","4","6","10","11","7","","0","0","1","1","0"
"POINT (11.596135333000063 48.127247764000060)","Unfall 231893 (2023) Kat:3, Licht: 1","231893","3","7","1","10","19","7","","1","1","1","0","0"
"POINT (11.571179102000031 48.135591259000080)","Unfall 231895 (2023) Kat:3, Licht: 0","231895","3","5","3","10","15","7","","0","1","1","0","0"
"POINT (11.582465717000048 48.114341841000055)","Unfall 231898 (2023) Kat:3, Licht: 2","231898","3","2","5","10","18","7","","2","0","1","0","0"
"POINT (11.569202631000053 48.121713877000047)","Unfall 231899 (2023) Kat:3, Licht: 0","231899","3","2","3","10","09","7","","0","1","1","0","0"
"POINT (11.539977971000042 48.115667144000042)","Unfall 231900 (2023) Kat:3, Licht: 0","231900","3","7","0","10","11","7","","0","1","0","0","0"
"POINT (11.568975844000022 48.158162067000035)","Unfall 231901 (2023) Kat:3, Licht: 2","231901","3","1","0","10","21","7","","2","1","0","0","0"
"POINT (11.569137468000065 48.131150380000065)","Unfall 231902 (2023) Kat:3, Licht: 2","231902","3","1","0","10","22","7","","2","1","0","0","0"
"POINT (11.584921942000051 48.152992685000072)","Unfall 231945 (2023) Kat:3, Licht: 0","231945","3","6","4","10","10","6","","0","1","1","0","0"
"POINT (11.485902922000037 48.079441893000080)","Unfall 231946 (2023) Kat:2, Licht: 0","231946","2","7","0","10","14","6","","0","0","0","0","0"
"POINT (11.537616377000063 48.166243904000055)","Unfall 231947 (2023) Kat:3, Licht: 0","231947","3","2","5","10","12","6","","0","0","1","0","0"
"POINT (11.601209380000057 48.143658436000067)","Unfall 231948 (2023) Kat:3, Licht: 0","231948","3","6","4","10","08","6","","0","0","1","0","1"
"POINT (11.624287181000057 48.118855691000078)","Unfall 231949 (2023) Kat:3, Licht: 1","231949","3","5","0","10","18","6","","1","1","0","0","0"
"POINT (11.507083649000037 48.163780421000070)","Unfall 231951 (2023) Kat:3, Licht: 0","231951","3","2","4","10","12","6","","0","1","0","0","0"
"POINT (11.581989441000076 48.115474780000056)","Unfall 231953 (2023) Kat:3, Licht: 1","231953","3","2","5","10","06","6","","1","1","1","0","0"
"POINT (11.592412920000072 48.129658729000028)","Unfall 231954 (2023) Kat:3, Licht: 0","231954","3","2","3","10","16","6","","0","1","1","0","0"
"POINT (11.587731258000076 48.164154765000035)","Unfall 231955 (2023) Kat:3, Licht: 0","231955","3","3","5","10","13","6","","0","1","1","0","0"
"POINT (11.632370453000021 48.132572917000061)","Unfall 232001 (2023) Kat:3, Licht: 0","232001","3","6","2","10","11","5","","0","0","1","0","0"
"POINT (11.582212088000063 48.117678906000037)","Unfall 232002 (2023) Kat:3, Licht: 0","232002","3","1","0","10","14","5","","0","1","0","0","0"
"POINT (11.412907824000058 48.146405353000034)","Unfall 232003 (2023) Kat:3, Licht: 0","232003","3","7","1","10","15","5","","0","1","1","0","0"
"POINT (11.478308069000036 48.183472207000079)","Unfall 232004 (2023) Kat:3, Licht: 0","232004","3","7","0","10","17","5","","0","0","0","0","0"
"POINT (11.553989760000036 48.154330257000026)","Unfall 232005 (2023) Kat:3, Licht: 2","232005","3","6","2","10","19","5","","2","0","1","0","0"
"POINT (11.547665644000062 48.159524049000026)","Unfall 232006 (2023) Kat:3, Licht: 0","232006","3","3","5","10","18","5","","0","1","0","0","1"
"POINT (11.502469830000052 48.121293994000041)","Unfall 232007 (2023) Kat:3, Licht: 1","232007","3","2","5","10","17","5","","1","0","1","0","0"
"POINT (11.604172606000077 48.104383183000039)","Unfall 232008 (2023) Kat:3, Licht: 1","232008","3","2","5","10","07","5","","1","1","0","0","0"
"POINT (11.583764301000031 48.114003408000031)","Unfall 232009 (2023) Kat:3, Licht: 2","232009","3","2","5","10","18","5","","2","1","1","0","0"
"POINT (11.643225801000028 48.154272649000063)","Unfall 232010 (2023) Kat:3, Licht: 0","232010","3","7","8","10","14","5","","0","0","1","0","0"
"POINT (11.555748117000064 48.130012736000026)","Unfall 232012 (2023) Kat:3, Licht: 0","232012","3","2","4","10","16","5","","0","1","0","0","1"
"POINT (11.668420976000050 48.122865923000063)","Unfall 232014 (2023) Kat:3, Licht: 0","232014","3","4","6","10","15","6","","0","0","1","1","0"
"POINT (11.613104058000033 48.138220759000035)","Unfall 232060 (2023) Kat:3, Licht: 0","232060","3","1","2","10","13","4","","0","0","1","0","1"
"POINT (11.564027060000058 48.153660130000048)","Unfall 232061 (2023) Kat:3, Licht: 0","232061","3","4","6","10","09","4","","0","1","0","1","0"
"POINT (11.615791872000045 48.150448792000077)","Unfall 232062 (2023) Kat:3, Licht: 0","232062","3","1","0","10","09","4","","0","1","0","0","0"
"POINT (11.562412069000061 48.172241759000030)","Unfall 232063 (2023) Kat:3, Licht: 0","232063","3","2","5","10","10","4","","0","1","1","0","0"
"POINT (11.538814614000046 48.154823851000060)","Unfall 232064 (2023) Kat:2, Licht: 2","232064","2","7","0","10","22","4","","2","1","0","0","0"
"POINT (11.567343198000060 48.141147844000045)","Unfall 232065 (2023) Kat:3, Licht: 2","232065","3","7","0","10","19","4","","2","1","0","0","0"
"POINT (11.583490001000030 48.126533314000028)","Unfall 232066 (2023) Kat:3, Licht: 0","232066","3","6","3","10","09","4","","0","1","1","0","0"
"POINT (11.503032896000036 48.139694883000061)","Unfall 232067 (2023) Kat:3, Licht: 0","232067","3","2","4","10","17","4","","0","0","1","0","0"
"POINT (11.514787237000064 48.130520230000059)","Unfall 232068 (2023) Kat:3, Licht: 0","232068","3","3","5","10","09","4","","0","1","1","0","0"
"POINT (11.539614682000035 48.110648736000030)","Unfall 232069 (2023) Kat:3, Licht: 0","232069","3","6","2","10","12","4","","0","0","1","0","0"
"POINT (11.555749454000022 48.129045682000026)","Unfall 232070 (2023) Kat:3, Licht: 2","232070","3","6","1","10","20","4","","2","0","1","0","0"
"POINT (11.510491181000077 48.180215845000077)","Unfall 232109 (2023) Kat:3, Licht: 0","232109","3","1","5","10","14","6","","0","1","1","0","0"
"POINT (11.540421285000036 48.154921939000076)","Unfall 232118 (2023) Kat:3, Licht: 0","232118","3","3","5","10","07","4","","0","1","1","0","0"
"POINT (11.694201732000067 48.133401384000081)","Unfall 232126 (2023) Kat:3, Licht: 0","232126","3","1","5","10","17","3","","0","0","1","0","0"
"POINT (11.615076118000047 48.112141282000039)","Unfall 232127 (2023) Kat:3, Licht: 0","232127","3","2","5","10","14","3","","0","0","1","0","0"
"POINT (11.508306119000054 48.098123774000044)","Unfall 232128 (2023) Kat:3, Licht: 0","232128","3","3","5","10","11","3","","0","0","1","0","0"
"POINT (11.558693718000029 48.129661793000025)","Unfall 232129 (2023) Kat:3, Licht: 2","232129","3","4","6","10","18","3","","2","0","1","1","0"
"POINT (11.410170757000060 48.152597354000079)","Unfall 232130 (2023) Kat:3, Licht: 0","232130","3","7","0","10","16","3","","0","0","0","1","0"
"POINT (11.459576135000077 48.148782406000066)","Unfall 232132 (2023) Kat:3, Licht: 2","232132","3","3","5","10","18","3","","2","1","0","0","0"
"POINT (11.571787843000038 48.158109842000044)","Unfall 232134 (2023) Kat:3, Licht: 0","232134","3","3","0","10","08","3","","0","1","0","0","0"
"POINT (11.570260738000059 48.136407323000071)","Unfall 232135 (2023) Kat:3, Licht: 0","232135","3","4","6","10","12","3","","0","0","1","1","0"
"POINT (11.596556879000048 48.086287405000064)","Unfall 232136 (2023) Kat:2, Licht: 0","232136","2","3","1","10","07","3","","0","1","1","0","0"
"POINT (11.575597581000068 48.187649120000060)","Unfall 232137 (2023) Kat:3, Licht: 1","232137","3","2","4","10","06","3","","1","1","1","0","0"
"POINT (11.582458492000058 48.184248212000057)","Unfall 232138 (2023) Kat:3, Licht: 0","232138","3","6","3","10","07","3","","0","1","0","0","0"
"POINT (11.581874966000044 48.103817793000076)","Unfall 232139 (2023) Kat:3, Licht: 0","232139","3","6","2","10","08","3","","0","0","1","0","0"
"POINT (11.602142990000061 48.168856021000067)","Unfall 232140 (2023) Kat:2, Licht: 2","232140","2","1","0","10","18","3","","2","1","0","0","0"
"POINT (11.594529268000031 48.164483125000061)","Unfall 232141 (2023) Kat:3, Licht: 2","232141","3","2","5","10","06","3","","2","0","1","0","0"
"POINT (11.575711501000058 48.149920448000046)","Unfall 232142 (2023) Kat:3, Licht: 0","232142","3","7","3","10","17","3","","0","1","1","1","0"
"POINT (11.411694444000034 48.141055115000029)","Unfall 232143 (2023) Kat:3, Licht: 0","232143","3","2","5","10","16","3","","0","1","0","0","1"
"POINT (11.502483489000042 48.116337391000059)","Unfall 232146 (2023) Kat:2, Licht: 1","232146","2","2","4","10","17","4","","1","0","1","0","0"
"POINT (11.542286010000055 48.162895983000055)","Unfall 232176 (2023) Kat:3, Licht: 0","232176","3","6","2","10","12","3","","0","0","1","0","0"
"POINT (11.536990413000069 48.110401025000044)","Unfall 232189 (2023) Kat:3, Licht: 2","232189","3","5","1","10","19","2","","2","1","1","0","0"
"POINT (11.602605195000024 48.120044907000079)","Unfall 232190 (2023) Kat:3, Licht: 1","232190","3","2","5","10","18","2","","1","1","1","0","0"
"POINT (11.574123362000023 48.117945429000031)","Unfall 232192 (2023) Kat:2, Licht: 0","232192","2","7","5","10","12","2","","0","1","1","0","0"
"POINT (11.531396739000058 48.183921680000026)","Unfall 232193 (2023) Kat:3, Licht: 0","232193","3","7","1","10","11","2","","0","1","0","0","0"
"POINT (11.460864384000047 48.210737052000070)","Unfall 232194 (2023) Kat:2, Licht: 0","232194","2","4","6","10","12","2","","0","0","1","1","0"
"POINT (11.607785188000037 48.119547967000074)","Unfall 232195 (2023) Kat:3, Licht: 0","232195","3","2","6","10","11","2","","0","0","1","1","0"
"POINT (11.579373725000039 48.129211154000075)","Unfall 232196 (2023) Kat:3, Licht: 0","232196","3","2","5","10","08","2","","0","1","1","0","0"
"POINT (11.502262810000047 48.106569757000045)","Unfall 232198 (2023) Kat:3, Licht: 0","232198","3","3","5","10","14","2","","0","0","1","0","0"
"POINT (11.580243111000073 48.115821578000066)","Unfall 232200 (2023) Kat:3, Licht: 0","232200","3","2","3","10","08","2","","0","1","1","0","0"
"POINT (11.528150188000041 48.140285910000046)","Unfall 232201 (2023) Kat:3, Licht: 0","232201","3","7","0","10","16","2","","0","1","0","0","0"
"POINT (11.588481440000066 48.159080432000053)","Unfall 232202 (2023) Kat:3, Licht: 0","232202","3","3","5","10","08","2","","0","1","1","0","0"
"POINT (11.557769925000059 48.150873077000028)","Unfall 232203 (2023) Kat:3, Licht: 2","232203","3","2","5","10","06","2","","2","0","1","0","0"
"POINT (11.571689573000072 48.151065100000039)","Unfall 232204 (2023) Kat:3, Licht: 0","232204","3","4","6","10","09","2","","0","1","1","1","0"
"POINT (11.620684410000024 48.162729075000072)","Unfall 232267 (2023) Kat:3, Licht: 0","232267","3","1","0","10","11","1","","0","0","0","0","1"
"POINT (11.520921118000047 48.085721545000069)","Unfall 232268 (2023) Kat:3, Licht: 2","232268","3","1","0","10","19","1","","2","0","0","0","0"
"POINT (11.551189186000045 48.145610807000025)","Unfall 232293 (2023) Kat:3, Licht: 0","232293","3","7","0","10","18","7","","0","1","0","0","0"