WKT,Name,OBJECTID,UKATEGORIE,UTYP1,UART,UMONAT,USTUNDE,UWOCHENTAG,STRZUSTAND,ULICHTVERH,ISTRAD,ISTPKW,ISTFUSS,ISTKRAD
"POINT (11.502500419000057 48.121274693000032)","Unfall 233071 (2023) Kat:3, Licht: 2","233071","3","2","5","11","17","4","","2","0","1","0","0"
"POINT (11.596548015000053 48.127000077000048)","Unfall 233072 (2023) Kat:3, Licht: 2","233072","3","5","1","11","19","4","","2","0","1","0","0"
"POINT (11.497580728000059 48.176812432000077)","Unfall 233073 (2023) Kat:3, Licht: 0","233073","3","2","4","11","13","4","","0","1","1","0","0"
"POINT (11.511040593000075 48.085889979000058)","Unfall 233074 (2023) Kat:3, Licht: 1","233074","3","6","2","11","16","5","","1","0","1","0","0"
"POINT (11.550859633000073 48.125816685000075)","Unfall 233075 (2023) Kat:3, Licht: 2","233075","3","2","2","11","17","4","","2","0","1","0","0"
"POINT (11.529585169000029 48.101324384000065)","Unfall 233076 (2023) Kat:3, Licht: 0","233076","3","3","5","11","13","4","","0","1","1","0","0"
"POINT (11.426486122000028 48.146652440000025)","Unfall 233078 (2023) Kat:3, Licht: 2","233078","3","3","5","11","18","4","","2","0","1","0","1"
"POINT (11.505461339000021 48.205889296000066)","Unfall 233079 (2023) Kat:3, Licht: 0","233079","3","1","8","11","15","4","","0","0","1","0","0"
"POINT (11.517904178000038 48.138899629000036)","Unfall 233080 (2023) Kat:3, Licht: 0","233080","3","3","5","11","08","4","","0","1","0","0","0"
"POINT (11.585729401000037 48.096449206000045)","Unfall 233082 (2023) Kat:3, Licht: 0","233082","3","3","5","11","09","4","","0","0","1","0","0"
"POINT (11.580439861000059 48.149007085000051)","Unfall 233083 (2023) Kat:3, Licht: 2","233083","3","2","5","11","19","4","","2","1","1","0","0"
"POINT (11.597426142000074 48.149683728000070)","Unfall 233106 (2023) Kat:2, Licht: 0","233106","2","2","5","11","11","3","","0","1","1","0","0"
"POINT (11.547703295000076 48.159544288000063)","Unfall 233115 (2023) Kat:3, Licht: 0","233115","3","1","0","11","14","5","","0","1","0","0","0"
"POINT (11.516408242000068 48.088884455000027)","Unfall 233127 (2023) Kat:3, Licht: 0","233127","3","3","5","11","07","3","","0","0","1","0","0"
"POINT (11.483746444000076 48.083489794000059)","Unfall 233128 (2023) Kat:3, Licht: 0","233128","3","7","0","11","08","3","","0","1","1","0","0"
"POINT (11.567101415000025 48.163286084000049)","Unfall 233129 (2023) Kat:3, Licht: 2","233129","3","6","0","11","19","3","","2","0","1","0","1"
"POINT (11.594912665000038 48.110903104000045)","Unfall 233130 (2023) Kat:3, Licht: 2","233130","3","2","3","11","18","3","","2","1","0","0","0"
"POINT (11.608996929000057 48.151647584000045)","Unfall 233131 (2023) Kat:2, Licht: 0","233131","2","7","0","11","12","3","","0","1","0","0","0"
"POINT (11.529351980000058 48.132189130000029)","Unfall 233132 (2023) Kat:3, Licht: 0","233132","3","6","5","11","07","3","","0","1","0","0","0"
"POINT (11.529434885000057 48.176474291000034)","Unfall 233133 (2023) Kat:3, Licht: 2","233133","3","2","5","11","23","3","","2","0","1","0","0"
"POINT (11.547207442000058 48.159438329000068)","Unfall 233134 (2023) Kat:3, Licht: 0","233134","3","2","5","11","07","3","","0","1","1","0","0"
"POINT (11.659089284000061 48.106546586000036)","Unfall 233136 (2023) Kat:3, Licht: 0","233136","3","1","6","11","13","3","","0","0","1","1","0"
"POINT (11.656933913000046 48.098611072000040)","Unfall 233137 (2023) Kat:2, Licht: 2","233137","2","2","1","11","17","3","","2","1","1","0","0"
"POINT (11.631217515000060 48.121744036000052)","Unfall 233139 (2023) Kat:3, Licht: 0","233139","3","5","1","11","12","3","","0","1","1","0","0"
"POINT (11.613141397000049 48.136834647000057)","Unfall 233140 (2023) Kat:3, Licht: 0","233140","3","6","3","11","08","3","","0","1","0","0","0"
"POINT (11.534927028000027 48.138131742000041)","Unfall 233141 (2023) Kat:3, Licht: 0","233141","3","2","4","11","15","3","","0","1","1","0","0"
"POINT (11.577414438000062 48.152521797000077)","Unfall 233142 (2023) Kat:3, Licht: 0","233142","3","2","6","11","10","3","","0","0","1","1","0"
"POINT (11.571271590000038 48.164884593000068)","Unfall 233187 (2023) Kat:3, Licht: 0","233187","3","1","0","11","08","6","","0","1","0","0","0"
"POINT (11.529502835000073 48.120176228000048)","Unfall 233192 (2023) Kat:3, Licht: 0","233192","3","3","5","11","13","2","","0","1","1","0","0"
"POINT (11.581718449000050 48.181100613000069)","Unfall 233193 (2023) Kat:3, Licht: 2","233193","3","1","0","11","17","2","","2","0","0","0","0"
"POINT (11.543468447000066 48.128191553000079)","Unfall 233194 (2023) Kat:3, Licht: 0","233194","3","2","5","11","09","2","","0","1","1","0","0"
"POINT (11.671268553000061 48.109544552000045)","Unfall 233195 (2023) Kat:3, Licht: 2","233195","3","3","5","11","18","2","","2","0","1","0","0"
"POINT (11.669235065000066 48.139819906000071)","Unfall 233196 (2023) Kat:3, Licht: 2","233196","3","2","4","11","18","2","","2","0","1","0","0"
"POINT (11.437656392000065 48.174755120000043)","Unfall 233197 (2023) Kat:3, Licht: 0","233197","3","3","5","11","14","2","","0","0","1","0","0"
"POINT (11.412799691000032 48.175511483000037)","Unfall 233200 (2023) Kat:3, Licht: 0","233200","3","3","5","11","11","2","","0","1","1","0","0"
"POINT (11.514053015000059 48.179814815000043)","Unfall 233201 (2023) Kat:3, Licht: 0","233201","3","3","5","11","13","2","","0","1","1","0","0"
"POINT (11.489742657000022 48.179584035000062)","Unfall 233202 (2023) Kat:3, Licht: 1","233202","3","2","6","11","18","2","","1","0","1","1","0"
"POINT (11.541408690000026 48.145116228000063)","Unfall 233203 (2023) Kat:3, Licht: 1","233203","3","2","3","11","06","2","","1","0","1","0","0"
"POINT (11.592437941000071 48.129542958000059)","Unfall 233204 (2023) Kat:2, Licht: 2","233204","2","7","0","11","18","2","","2","1","0","0","0"
"POINT (11.558926045000021 48.143017949000068)","Unfall 233205 (2023) Kat:3, Licht: 0","233205","3","6","3","11","11","2","","0","0","1","0","0"
"POINT (11.564389149000021 48.151407364000079)","Unfall 233206 (2023) Kat:3, Licht: 0","233206","3","1","1","11","16","2","","0","1","1","0","0"
"POINT (11.559063718000061 48.148423866000030)","Unfall 233231 (2023) Kat:3, Licht: 2","233231","3","2","5","11","17","4","","2","1","1","0","0"
"POINT (11.590726280000069 48.137052574000052)","Unfall 233242 (2023) Kat:2, Licht: 2","233242","2","1","7","11","20","5","","2","1","0","0","0"
"POINT (11.522994172000040 48.134195731000034)","Unfall 233245 (2023) Kat:3, Licht: 0","233245","3","1","1","11","13","1","","0","0","1","0","0"
"POINT (11.564979957000048 48.167925039000067)","Unfall 233246 (2023) Kat:3, Licht: 2","233246","3","3","4","11","21","1","","2","0","1","0","0"
"POINT (11.576072751000027 48.124784605000059)","Unfall 233247 (2023) Kat:2, Licht: 0","233247","2","4","6","11","13","1","","0","0","1","1","0"
"POINT (11.555562066000050 48.131496436000077)","Unfall 233248 (2023) Kat:3, Licht: 0","233248","3","3","5","11","08","1","","0","0","1","0","0"
"POINT (11.558467359000076 48.150234811000075)","Unfall 233269 (2023) Kat:3, Licht: 2","233269","3","2","3","11","16","7","","2","1","1","0","0"
"POINT (11.491434388000073 48.134451614000056)","Unfall 233270 (2023) Kat:3, Licht: 2","233270","3","7","0","11","23","7","","2","1","0","0","0"
"POINT (11.454223157000058 48.137282151000079)","Unfall 233271 (2023) Kat:3, Licht: 2","233271","3","6","2","11","18","7","","2","0","1","0","0"
"POINT (11.583934435000060 48.135951307000028)","Unfall 233272 (2023) Kat:3, Licht: 2","233272","3","3","5","11","21","7","","2","0","1","0","0"
"POINT (11.528412208000077 48.165167242000052)","Unfall 233273 (2023) Kat:3, Licht: 0","233273","3","3","5","11","12","7","","0","0","1","0","0"
"POINT (11.561100023000051 48.139300894000030)","Unfall 233312 (2023) Kat:3, Licht: 0","233312","3","4","6","11","13","6","","0","0","0","1","0"
"POINT (11.499423194000030 48.185542443000031)","Unfall 233313 (2023) Kat:3, Licht: 1","233313","3","3","5","11","18","6","","1","0","1","0","0"
"POINT (11.572774713000058 48.188984587000050)","Unfall 233314 (2023) Kat:3, Licht: 0","233314","3","3","5","11","07","6","","0","0","1","0","0"
"POINT (11.636570850000055 48.172891211000035)","Unfall 233315 (2023) Kat:3, Licht: 1","233315","3","7","0","11","16","6","","1","1","0","0","0"
"POINT (11.572763201000043 48.150241952000044)","Unfall 233316 (2023) Kat:3, Licht: 0","233316","3","1","0","11","15","6","","0","1","0","0","0"
"POINT (11.551920280000047 48.148788791000072)","Unfall 233319 (2023) Kat:3, Licht: 2","233319","3","6","2","11","18","6","","2","0","1","0","0"
"POINT (11.584773431000031 48.158204209000075)","Unfall 233320 (2023) Kat:3, Licht: 0","233320","3","2","3","11","12","6","","0","1","0","0","0"
"POINT (11.565172024000049 48.187163929000064)","Unfall 233321 (2023) Kat:3, Licht: 1","233321","3","7","6","11","08","6","","1","0","0","1","0"
"POINT (11.500630964000038 48.116348161000076)","Unfall 233322 (2023) Kat:2, Licht: 2","233322","2","7","5","11","17","6","","2","0","1","0","1"
"POINT (11.509955009000066 48.077646763000075)","Unfall 233323 (2023) Kat:3, Licht: 2","233323","3","7","4","11","18","6","","2","0","1","0","0"
"POINT (11.613022283000021 48.120755317000032)","Unfall 233324 (2023) Kat:3, Licht: 0","233324","3","2","5","11","08","6","","0","1","1","0","0"
"POINT (11.555875876000073 48.128466233000040)","Unfall 233325 (2023) Kat:3, Licht: 2","233325","3","2","5","11","20","4","","2","0","1","0","0"
"POINT (11.562638946000050 48.207220672000062)","Unfall 233326 (2023) Kat:3, Licht: 0","233326","3","6","2","11","14","6","","0","0","1","0","0"
"POINT (11.597155851000025 48.113506159000053)","Unfall 233327 (2023) Kat:3, Licht: 0","233327","3","1","0","11","14","6","","0","1","0","0","0"
"POINT (11.633787500000039 48.136225975000059)","Unfall 233329 (2023) Kat:3, Licht: 0","233329","3","2","4","11","16","6","","0","1","1","0","0"
"POINT (11.545600582000077 48.137895990000061)","Unfall 233330 (2023) Kat:3, Licht: 0","233330","3","3","5","11","14","6","","0","0","1","0","0"
"POINT (11.581699885000035 48.120559448000051)","Unfall 233367 (2023) Kat:3, Licht: 1","233367","3","1","0","11","16","5","","1","1","0","0","0"
"POINT (11.555802486000061 48.133832245000065)","Unfall 233369 (2023) Kat:3, Licht: 2","233369","3","4","6","11","21","5","","2","1","0","1","0"
"POINT (11.567899718000035 48.142663659000050)","Unfall 233370 (2023) Kat:3, Licht: 0","233370","3","2","6","11","07","5","","0","0","1","1","0"
"POINT (11.659637870000040 48.132248577000041)","Unfall 233371 (2023) Kat:3, Licht: 0","233371","3","2","5","11","14","5","","0","1","1","0","0"
"POINT (11.533251049000057 48.178888284000038)","Unfall 233373 (2023) Kat:3, Licht: 0","233373","3","6","4","11","07","5","","0","1","1","0","0"
"POINT (11.547243622000053 48.159665378000057)","Unfall 233374 (2023) Kat:3, Licht: 0","233374","3","6","2","11","13","5","","0","0","1","0","0"
"POINT (11.572474173000046 48.154503222000073)","Unfall 233375 (2023) Kat:3, Licht: 0","233375","3","1","0","11","14","5","","0","1","0","0","0"
"POINT (11.560455608000041 48.152205708000054)","Unfall 233409 (2023) Kat:3, Licht: 1","233409","3","1","0","11","22","4","","1","1","0","0","0"
"POINT (11.604090135000035 48.108071592000044)","Unfall 233410 (2023) Kat:3, Licht: 0","233410","3","3","5","11","12","4","","0","1","1","0","0"
"POINT (11.530988793000063 48.156593269000041)","Unfall 233412 (2023) Kat:3, Licht: 2","233412","3","3","5","11","19","5","","2","0","1","0","0"
"POINT (11.559092787000054 48.212863796000079)","Unfall 233413 (2023) Kat:3, Licht: 0","233413","3","3","5","11","09","4","","0","1","1","0","0"
"POINT (11.475037523000026 48.142442424000080)","Unfall 233414 (2023) Kat:3, Licht: 0","233414","3","3","5","11","15","4","","0","1","1","0","0"
"POINT (11.538174393000077 48.118045102000053)","Unfall 233415 (2023) Kat:3, Licht: 0","233415","3","5","1","11","08","5","","0","1","1","0","0"
"POINT (11.632818609000026 48.133572570000069)","Unfall 233416 (2023) Kat:2, Licht: 2","233416","2","1","8","11","00","4","","2","0","1","0","0"
"POINT (11.687261686000056 48.140718460000073)","Unfall 233418 (2023) Kat:3, Licht: 0","233418","3","7","8","11","09","4","","0","0","1","0","0"
"POINT (11.606774815000051 48.133030020000035)","Unfall 233419 (2023) Kat:3, Licht: 0","233419","3","7","2","11","10","4","","0","1","1","0","0"
"POINT (11.602132442000027 48.123869144000025)","Unfall 233420 (2023) Kat:3, Licht: 0","233420","3","2","4","11","13","4","","0","1","1","0","0"
"POINT (11.526019308000059 48.116432334000081)","Unfall 233440 (2023) Kat:3, Licht: 2","233440","3","7","6","10","23","3","","2","0","1","0","0"
"POINT (11.632723153000029 48.133316914000034)","Unfall 233442 (2023) Kat:3, Licht: 0","233442","3","7","0","10","16","3","","0","0","0","0","0"
"POINT (11.533302565000042 48.153015057000061)","Unfall 233443 (2023) Kat:3, Licht: 1","233443","3","7","0","10","17","3","","1","0","0","0","0"
"POINT (11.567082714000037 48.110172642000066)","Unfall 233444 (2023) Kat:2, Licht: 1","233444","2","4","6","10","17","3","","1","0","1","1","0"
"POINT (11.495229433000077 48.178634887000044)","Unfall 233445 (2023) Kat:3, Licht: 0","233445","3","7","3","10","15","3","","0","0","1","0","0"
"POINT (11.667958346000034 48.105690798000069)","Unfall 233447 (2023) Kat:3, Licht: 0","233447","3","3","4","10","15","3","","0","1","1","0","0"
"POINT (11.645269812000038 48.099017159000027)","Unfall 233448 (2023) Kat:3, Licht: 0","233448","3","2","5","10","11","3","","0","0","1","0","0"
"POINT (11.577154558000075 48.127166818000035)","Unfall 233449 (2023) Kat:3, Licht: 2","233449","3","6","2","10","18","3","","2","0","1","0","0"
"POINT (11.616226257000051 48.147930651000081)","Unfall 233450 (2023) Kat:3, Licht: 0","233450","3","6","3","10","09","3","","0","0","1","0","0"
"POINT (11.573474457000032 48.126357876000043)","Unfall 233451 (2023) Kat:3, Licht: 2","233451","3","2","5","10","18","3","","2","1","1","0","0"
"POINT (11.580808418000061 48.138433552000038)","Unfall 233452 (2023) Kat:3, Licht: 2","233452","3","7","0","10","23","3","","2","0","1","0","0"
"POINT (11.584273803000031 48.139973494000060)","Unfall 233453 (2023) Kat:3, Licht: 0","233453","3","3","5","10","12","3","","0","1","1","0","0"
"POINT (11.508293938000065 48.170949227000051)","Unfall 233496 (2023) Kat:2, Licht: 2","233496","2","4","6","10","18","2","","2","0","1","1","0"
"POINT (11.576734307000038 48.118908772000054)","Unfall 233497 (2023) Kat:3, Licht: 2","233497","3","2","5","10","17","2","","2","1","1","0","0"
"POINT (11.584537905000047 48.150062080000055)","Unfall 233499 (2023) Kat:2, Licht: 0","233499","2","4","6","10","10","2","","0","1","0","1","0"
"POINT (11.587561433000076 48.201155734000054)","Unfall 233502 (2023) Kat:3, Licht: 2","233502","3","2","4","10","20","2","","2","0","1","0","1"
"POINT (11.424404343000049 48.141702351000049)","Unfall 233503 (2023) Kat:3, Licht: 0","233503","3","3","5","10","07","2","","0","0","1","0","0"
"POINT (11.563317285000039 48.181452159000060)","Unfall 233504 (2023) Kat:3, Licht: 0","233504","3","3","5","10","15","2","","0","1","1","0","0"
"POINT (11.528197258000034 48.152009798000051)","Unfall 233505 (2023) Kat:3, Licht: 0","233505","3","2","5","10","07","2","","0","1","0","0","0"
"POINT (11.570582096000066 48.146883791000050)","Unfall 233506 (2023) Kat:3, Licht: 2","233506","3","3","5","11","04","3","","2","0","1","0","0"
"POINT (11.478128391000041 48.112535916000070)","Unfall 233507 (2023) Kat:3, Licht: 0","233507","3","3","5","10","16","2","","0","0","1","0","1"
"POINT (11.536653333000061 48.138207049000073)","Unfall 233509 (2023) Kat:3, Licht: 2","233509","3","2","4","10","05","2","","2","1","1","0","0"
"POINT (11.523008057000027 48.078700841000057)","Unfall 233510 (2023) Kat:3, Licht: 0","233510","3","3","5","10","08","2","","0","0","1","0","0"
"POINT (11.651497098000050 48.129197518000069)","Unfall 233511 (2023) Kat:3, Licht: 0","233511","3","1","0","10","14","2","","0","1","0","0","0"
"POINT (11.612857306000024 48.120159797000042)","Unfall 233512 (2023) Kat:3, Licht: 0","233512","3","3","5","10","14","2","","0","0","1","0","1"
"POINT (11.577557801000069 48.141169101000060)","Unfall 233513 (2023) Kat:3, Licht: 2","233513","3","1","8","10","18","2","","2","1","0","0","0"
"POINT (11.603662735000057 48.110432898000056)","Unfall 233523 (2023) Kat:3, Licht: 0","233523","3","7","0","11","13","3","","0","1","0","0","0"
"POINT (11.561064240000064 48.222146958000053)","Unfall 233531 (2023) Kat:3, Licht: 1","233531","3","3","0","11","06","7","","1","0","1","0","1"
"POINT (11.558762177000062 48.143073698000080)","Unfall 233550 (2023) Kat:3, Licht: 0","233550","3","2","4","11","11","6","","0","1","0","0","0"
"POINT (11.553025743000035 48.186144929000079)","Unfall 233565 (2023) Kat:3, Licht: 2","233565","3","1","3","10","01","1","","2","0","1","0","0"
"POINT (11.571964962000038 48.100864997000031)","Unfall 233566 (2023) Kat:3, Licht: 0","233566","3","6","1","10","12","1","","0","1","1","0","0"
"POINT (11.648792264000065 48.125274296000043)","Unfall 233567 (2023) Kat:3, Licht: 0","233567","3","6","5","10","08","1","","0","1","1","0","0"
"POINT (11.534136438000075 48.110553402000050)","Unfall 233568 (2023) Kat:3, Licht: 2","233568","3","7","7","10","02","1","","2","0","0","0","0"
"POINT (11.579727150000053 48.147232910000071)","Unfall 233569 (2023) Kat:2, Licht: 2","233569","2","6","4","10","01","1","","2","1","1","0","0"
"POINT (11.524499911000021 48.199914440000043)","Unfall 233570 (2023) Kat:3, Licht: 0","233570","3","3","4","10","16","1","","0","1","1","0","0"
"POINT (11.475790743000061 48.108596534000071)","Unfall 233571 (2023) Kat:3, Licht: 0","233571","3","2","5","10","11","1","","0","1","1","0","0"
"POINT (11.590103856000042 48.122368513000026)","Unfall 233573 (2023) Kat:3, Licht: 0","233573","3","1","0","10","11","1","","0","1","0","0","0"
"POINT (11.576048370000024 48.155814902000031)","Unfall 233574 (2023) Kat:3, Licht: 2","233574","3","1","0","10","22","1","","2","1","0","0","0"
"POINT (11.518882801000075 48.131449348000046)","Unfall 233592 (2023) Kat:3, Licht: 2","233592","3","2","5","10","18","1","","2","0","1","0","0"
"POINT (11.622300687000063 48.115951787000029)","Unfall 233604 (2023) Kat:3, Licht: 0","233604","3","1","5","10","16","7","","0","1","1","0","0"
"POINT (11.507083649000037 48.163780421000070)","Unfall 233605 (2023) Kat:3, Licht: 2","233605","3","1","7","10","02","7","","2","0","1","0","0"
"POINT (11.524422264000066 48.133142632000045)","Unfall 233606 (2023) Kat:3, Licht: 0","233606","3","3","5","10","11","7","","0","1","1","0","0"
"POINT (11.600877977000039 48.153511802000025)","Unfall 233607 (2023) Kat:3, Licht: 1","233607","3","2","3","10","18","7","","1","0","1","0","0"
"POINT (11.626813596000034 48.218722767000031)","Unfall 233609 (2023) Kat:3, Licht: 0","233609","3","6","3","10","13","7","","0","0","1","0","1"
"POINT (11.569060845000024 48.187416249000080)","Unfall 233610 (2023) Kat:3, Licht: 0","233610","3","6","2","10","16","7","","0","0","1","0","0"
"POINT (11.617824504000055 48.192560384000046)","Unfall 233611 (2023) Kat:3, Licht: 0","233611","3","3","5","10","11","7","","0","1","1","0","0"
"POINT (11.569034072000022 48.187414983000053)","Unfall 233612 (2023) Kat:3, Licht: 0","233612","3","7","4","10","14","7","","0","0","1","0","0"
"POINT (11.404636965000066 48.148454843000081)","Unfall 233613 (2023) Kat:3, Licht: 0","233613","3","3","0","10","11","7","","0","0","1","0","1"
"POINT (11.487458561000039 48.195635744000072)","Unfall 233614 (2023) Kat:3, Licht: 0","233614","3","6","4","10","09","7","","0","0","1","0","0"
"POINT (11.562786581000069 48.164014043000066)","Unfall 233615 (2023) Kat:3, Licht: 2","233615","3","1","1","10","00","7","","2","1","1","0","0"
"POINT (11.557900495000069 48.156434994000051)","Unfall 233616 (2023) Kat:3, Licht: 2","233616","3","7","5","10","20","7","","2","0","1","0","1"
"POINT (11.533455713000023 48.150837278000040)","Unfall 233617 (2023) Kat:3, Licht: 2","233617","3","3","5","10","19","7","","2","1","1","0","0"
"POINT (11.520287326000073 48.146212775000038)","Unfall 233618 (2023) Kat:3, Licht: 0","233618","3","4","6","10","14","7","","0","0","1","1","0"
"POINT (11.650357669000073 48.113088108000056)","Unfall 233620 (2023) Kat:3, Licht: 2","233620","3","2","4","10","18","7","","2","1","1","0","0"
"POINT (11.689370289000067 48.138500985000064)","Unfall 233621 (2023) Kat:3, Licht: 1","233621","3","6","1","10","17","7","","1","0","1","0","0"
"POINT (11.613332293000042 48.125259501000073)","Unfall 233622 (2023) Kat:3, Licht: 0","233622","3","2","3","10","16","7","","0","1","1","0","0"
"POINT (11.546660778000046 48.114629588000071)","Unfall 233623 (2023) Kat:3, Licht: 2","233623","3","1","0","10","03","7","","2","0","0","0","0"
"POINT (11.597076972000025 48.173216081000078)","Unfall 233624 (2023) Kat:3, Licht: 0","233624","3","3","5","10","16","7","","0","0","1","0","1"
"POINT (11.570943795000062 48.131959145000053)","Unfall 233625 (2023) Kat:2, Licht: 0","233625","2","3","0","10","11","7","","0","1","1","0","0"
"POINT (11.571260085000063 48.132128201000057)","Unfall 233627 (2023) Kat:3, Licht: 2","233627","3","6","0","10","18","7","","2","0","1","0","1"
"POINT (11.661189971000056 48.083857966000039)","Unfall 233652 (2023) Kat:3, Licht: 0","233652","3","3","5","12","13","6","","0","0","1","0","0"
"POINT (11.537855283000056 48.138893711000037)","Unfall 233653 (2023) Kat:3, Licht: 2","233653","3","4","6","12","17","6","","2","1","0","1","0"
"POINT (11.531609151000055 48.152642036000032)","Unfall 233654 (2023) Kat:3, Licht: 0","233654","3","7","6","12","14","6","","0","0","1","1","0"
"POINT (11.562315798000043 48.186934484000062)","Unfall 233655 (2023) Kat:3, Licht: 2","233655","3","2","4","12","20","6","","2","0","1","0","0"
"POINT (11.607422686000064 48.135737991000042)","Unfall 233656 (2023) Kat:3, Licht: 2","233656","3","4","6","12","17","6","","2","0","1","1","0"
"POINT (11.597477433000051 48.124133858000050)","Unfall 233657 (2023) Kat:3, Licht: 0","233657","3","6","3","12","12","6","","0","1","1","0","0"
"POINT (11.510475574000054 48.161985215000072)","Unfall 233658 (2023) Kat:3, Licht: 0","233658","3","6","2","12","11","6","","0","0","1","0","0"
"POINT (11.503110295000056 48.147140488000048)","Unfall 233659 (2023) Kat:2, Licht: 0","233659","2","3","6","12","12","6","","0","1","0","1","0"
"POINT (11.507588104000035 48.097041374000071)","Unfall 233660 (2023) Kat:3, Licht: 0","233660","3","6","0","12","13","6","","0","0","1","0","0"
"POINT (11.636219027000038 48.140165887000080)","Unfall 233661 (2023) Kat:3, Licht: 0","233661","3","1","1","12","15","6","","0","1","1","0","0"
"POINT (11.577678050000031 48.096447936000061)","Unfall 233662 (2023) Kat:3, Licht: 0","233662","3","7","0","12","13","6","","0","0","0","1","0"
"POINT (11.620639061000077 48.149986129000069)","Unfall 233688 (2023) Kat:3, Licht: 2","233688","3","7","5","12","16","5","","2","1","1","0","0"
"POINT (11.647468528000047 48.098644552000053)","Unfall 233689 (2023) Kat:2, Licht: 0","233689","2","6","8","12","12","5","","0","0","1","0","0"
"POINT (11.646303152000030 48.102498837000041)","Unfall 233690 (2023) Kat:3, Licht: 0","233690","3","1","5","12","09","5","","0","0","1","0","0"
"POINT (11.566626248000034 48.145458376000079)","Unfall 233691 (2023) Kat:3, Licht: 2","233691","3","3","5","12","23","5","","2","1","1","0","0"
"POINT (11.571565464000059 48.130471145000058)","Unfall 233692 (2023) Kat:3, Licht: 0","233692","3","5","1","12","12","5","","0","0","1","0","0"
"POINT (11.389050834000045 48.173434832000055)","Unfall 233693 (2023) Kat:3, Licht: 0","233693","3","3","5","12","13","5","","0","0","1","0","0"
"POINT (11.671322324000073 48.114684388000057)","Unfall 233694 (2023) Kat:3, Licht: 0","233694","3","3","5","12","13","5","","0","1","1","0","0"
"POINT (11.568056164000041 48.147599081000067)","Unfall 233695 (2023) Kat:3, Licht: 2","233695","3","2","5","12","21","5","","2","1","1","0","0"
"POINT (11.540767966000033 48.145362652000074)","Unfall 233738 (2023) Kat:3, Licht: 2","233738","3","6","3","12","05","4","","2","0","1","0","0"
"POINT (11.511340050000058 48.161339903000055)","Unfall 233739 (2023) Kat:3, Licht: 2","233739","3","6","9","12","17","4","","2","1","1","0","0"
"POINT (11.528271052000036 48.165263171000049)","Unfall 233740 (2023) Kat:3, Licht: 2","233740","3","3","5","12","19","4","","2","1","1","0","0"
"POINT (11.553848123000023 48.157282932000044)","Unfall 233741 (2023) Kat:3, Licht: 0","233741","3","3","5","12","13","4","","0","1","1","0","0"
"POINT (11.503236745000038 48.135355570000058)","Unfall 233742 (2023) Kat:3, Licht: 2","233742","3","2","6","12","05","4","","2","0","0","1","0"
"POINT (11.540613933000031 48.119803208000064)","Unfall 233743 (2023) Kat:3, Licht: 2","233743","3","4","6","12","18","4","","2","0","1","1","0"
"POINT (11.583142564000070 48.141231891000075)","Unfall 233744 (2023) Kat:3, Licht: 0","233744","3","2","1","12","12","4","","0","1","1","0","0"
"POINT (11.583627161000038 48.144432206000033)","Unfall 233745 (2023) Kat:3, Licht: 0","233745","3","3","5","12","08","4","","0","1","1","0","0"
"POINT (11.520326064000074 48.149233175000063)","Unfall 233766 (2023) Kat:3, Licht: 2","233766","3","1","4","12","16","3","","2","1","1","0","0"
"POINT (11.597873004000064 48.149480180000069)","Unfall 233767 (2023) Kat:3, Licht: 0","233767","3","6","3","12","13","3","","0","1","0","0","1"
"POINT (11.528752864000069 48.214155818000052)","Unfall 233768 (2023) Kat:3, Licht: 0","233768","3","3","5","12","15","3","","0","0","1","0","0"
"POINT (11.573165002000053 48.180906525000069)","Unfall 233769 (2023) Kat:3, Licht: 2","233769","3","6","2","12","18","3","","2","0","1","0","0"
"POINT (11.584268409000060 48.157278001000066)","Unfall 233770 (2023) Kat:3, Licht: 0","233770","3","4","6","12","12","3","","0","0","1","1","0"
"POINT (11.529715377000059 48.157216100000028)","Unfall 233771 (2023) Kat:3, Licht: 2","233771","3","3","5","12","20","3","","2","0","1","0","0"
"POINT (11.521674183000073 48.081635600000027)","Unfall 233772 (2023) Kat:2, Licht: 2","233772","2","4","6","12","17","3","","2","0","1","1","0"
"POINT (11.633080174000042 48.099542691000067)","Unfall 233773 (2023) Kat:3, Licht: 2","233773","3","1","0","12","01","3","","2","0","0","0","0"
"POINT (11.506800827000063 48.163738566000063)","Unfall 233807 (2023) Kat:3, Licht: 0","233807","3","4","6","12","13","2","","0","0","1","1","0"
"POINT (11.560873581000067 48.158262522000030)","Unfall 233808 (2023) Kat:3, Licht: 0","233808","3","5","1","12","13","2","","0","1","1","0","0"
"POINT (11.566645914000048 48.123481616000049)","Unfall 233809 (2023) Kat:3, Licht: 0","233809","3","3","5","12","11","2","","0","0","0","0","0"
"POINT (11.702922618000059 48.133534368000028)","Unfall 233810 (2023) Kat:3, Licht: 2","233810","3","2","6","12","16","2","","2","0","0","1","0"
"POINT (11.621371273000022 48.196870340000032)","Unfall 233812 (2023) Kat:3, Licht: 1","233812","3","7","0","12","16","2","","1","1","0","0","0"
"POINT (11.534269286000040 48.192734667000082)","Unfall 233813 (2023) Kat:3, Licht: 1","233813","3","3","5","12","07","2","","1","0","1","0","0"
"POINT (11.533209196000030 48.153121253000052)","Unfall 233814 (2023) Kat:3, Licht: 0","233814","3","2","5","12","10","2","","0","1","1","0","0"