WKT,Name,OBJECTID,UKATEGORIE,UTYP1,UART,UMONAT,USTUNDE,UWOCHENTAG,STRZUSTAND,ULICHTVERH,ISTRAD,ISTPKW,ISTFUSS,ISTKRAD
"POINT (11.646449962000077 48.096423947000062)","Unfall 233815 (2023) Kat:3, Licht: 2","233815","3","2","4","12","17","2","","2","0","1","0","0"
"POINT (11.588095069000076 48.131632670000045)","Unfall 233816 (2023) Kat:3, Licht: 2","233816","3","1","0","12","06","2","","2","1","0","0","0"
"POINT (11.555997115000025 48.124408465000045)","Unfall 233847 (2023) Kat:3, Licht: 2","233847","3","2","5","12","19","1","","2","0","1","0","1"
"POINT (11.565459786000076 48.137915025000041)","Unfall 233857 (2023) Kat:3, Licht: 0","233857","3","2","5","12","13","7","","0","1","1","0","0"
"POINT (11.558338334000041 48.150144661000070)","Unfall 233858 (2023) Kat:3, Licht: 2","233858","3","4","6","12","17","7","","2","0","0","1","0"
"POINT (11.596200998000029 48.106606225000064)","Unfall 233860 (2023) Kat:3, Licht: 1","233860","3","2","2","12","19","7","","1","0","1","0","0"
"POINT (11.539793878000069 48.133758123000064)","Unfall 233861 (2023) Kat:3, Licht: 2","233861","3","2","6","12","02","7","","2","0","1","1","0"
"POINT (11.594733769000072 48.131014685000025)","Unfall 233882 (2023) Kat:3, Licht: 2","233882","3","7","0","12","16","6","","2","1","0","0","0"
"POINT (11.560180952000053 48.147240402000079)","Unfall 233883 (2023) Kat:3, Licht: 2","233883","3","6","3","12","17","6","","2","1","1","0","0"
"POINT (11.555939835000061 48.130001609000033)","Unfall 233904 (2023) Kat:3, Licht: 0","233904","3","2","5","12","11","5","","0","1","0","0","0"
"POINT (11.639113735000024 48.143067040000062)","Unfall 233905 (2023) Kat:3, Licht: 2","233905","3","4","6","12","20","5","","2","0","1","1","0"
"POINT (11.581703016000063 48.195936356000061)","Unfall 233906 (2023) Kat:3, Licht: 2","233906","3","6","2","12","19","5","","2","0","1","0","0"
"POINT (11.474820228000056 48.150418862000038)","Unfall 233907 (2023) Kat:3, Licht: 2","233907","3","3","3","12","18","5","","2","0","1","0","0"
"POINT (11.429855082000074 48.173922198000071)","Unfall 233908 (2023) Kat:3, Licht: 2","233908","3","2","4","12","20","5","","2","0","1","0","0"
"POINT (11.549256367000055 48.160379145000036)","Unfall 233958 (2023) Kat:3, Licht: 2","233958","3","7","5","12","06","4","","2","0","1","0","0"
"POINT (11.533085469000071 48.154168072000061)","Unfall 233959 (2023) Kat:3, Licht: 2","233959","3","6","2","12","17","4","","2","0","1","0","0"
"POINT (11.673521416000028 48.082059318000063)","Unfall 233960 (2023) Kat:3, Licht: 2","233960","3","7","6","12","19","4","","2","0","1","1","0"
"POINT (11.610329201000070 48.134268278000036)","Unfall 233962 (2023) Kat:3, Licht: 0","233962","3","2","5","12","13","4","","0","1","1","0","0"
"POINT (11.539209844000027 48.125401382000064)","Unfall 233963 (2023) Kat:3, Licht: 2","233963","3","3","6","12","18","4","","2","0","1","1","0"
"POINT (11.534739359000071 48.152415894000058)","Unfall 233987 (2023) Kat:3, Licht: 0","233987","3","6","2","12","15","3","","0","0","1","0","0"
"POINT (11.522265232000052 48.175669322000033)","Unfall 233990 (2023) Kat:3, Licht: 0","233990","3","6","1","12","10","3","","0","0","1","0","0"
"POINT (11.508770303000063 48.179006966000031)","Unfall 233991 (2023) Kat:3, Licht: 2","233991","3","6","6","12","20","3","","2","0","1","1","0"
"POINT (11.686834374000057 48.141378345000078)","Unfall 233993 (2023) Kat:3, Licht: 0","233993","3","6","3","12","08","3","","0","0","1","0","0"
"POINT (11.634993478000069 48.137902726000050)","Unfall 233994 (2023) Kat:3, Licht: 2","233994","3","7","0","12","17","3","","2","1","0","0","0"
"POINT (11.532501776000061 48.182175553000036)","Unfall 233996 (2023) Kat:3, Licht: 0","233996","3","7","0","12","14","3","","0","0","0","1","0"
"POINT (11.650061209000057 48.109070458000076)","Unfall 233998 (2023) Kat:3, Licht: 0","233998","3","7","4","12","14","3","","0","0","1","0","0"
"POINT (11.583399449000069 48.131386963000068)","Unfall 233999 (2023) Kat:3, Licht: 2","233999","3","6","3","12","18","3","","2","0","1","0","0"
"POINT (11.584854933000031 48.138184397000032)","Unfall 234030 (2023) Kat:3, Licht: 2","234030","3","1","2","12","17","2","","2","0","1","0","0"
"POINT (11.549337102000038 48.214385088000029)","Unfall 234031 (2023) Kat:3, Licht: 2","234031","3","6","4","12","20","2","","2","0","1","0","0"
"POINT (11.460994549000077 48.152396505000070)","Unfall 234032 (2023) Kat:3, Licht: 0","234032","3","7","6","12","15","2","","0","0","1","1","0"
"POINT (11.521677427000043 48.175848941000027)","Unfall 234033 (2023) Kat:3, Licht: 2","234033","3","6","2","12","19","2","","2","0","1","0","0"
"POINT (11.567781834000073 48.111578569000073)","Unfall 234034 (2023) Kat:3, Licht: 2","234034","3","7","6","12","20","2","","2","0","1","1","0"
"POINT (11.574741262000032 48.162403008000069)","Unfall 234035 (2023) Kat:3, Licht: 0","234035","3","2","5","12","09","2","","0","1","1","0","0"
"POINT (11.607990216000076 48.150683980000053)","Unfall 234061 (2023) Kat:3, Licht: 2","234061","3","6","1","12","17","1","","2","0","1","0","0"
"POINT (11.657630066000024 48.099515476000079)","Unfall 234070 (2023) Kat:3, Licht: 0","234070","3","1","1","12","14","7","","0","0","1","0","0"
"POINT (11.573436285000071 48.136014062000072)","Unfall 234081 (2023) Kat:3, Licht: 2","234081","3","7","6","12","18","5","","2","0","1","1","0"
"POINT (11.596517935000065 48.192527556000073)","Unfall 234093 (2023) Kat:3, Licht: 2","234093","3","6","2","12","18","6","","2","0","1","0","0"
"POINT (11.603567445000067 48.110801270000081)","Unfall 234094 (2023) Kat:3, Licht: 0","234094","3","4","6","12","11","6","","0","0","1","1","0"
"POINT (11.458703436000064 48.147747449000065)","Unfall 234095 (2023) Kat:3, Licht: 2","234095","3","4","0","12","19","6","","2","0","1","1","0"
"POINT (11.598792107000065 48.138073725000027)","Unfall 234096 (2023) Kat:3, Licht: 0","234096","3","5","3","12","14","6","","0","1","1","0","0"
"POINT (11.579890308000074 48.128771255000061)","Unfall 234097 (2023) Kat:3, Licht: 1","234097","3","7","1","12","06","6","","1","0","0","0","0"
"POINT (11.614056280000057 48.131139905000055)","Unfall 234098 (2023) Kat:3, Licht: 0","234098","3","3","5","12","13","6","","0","0","1","0","0"
"POINT (11.573263925000049 48.160507457000051)","Unfall 234099 (2023) Kat:3, Licht: 0","234099","3","3","5","12","12","6","","0","0","1","0","0"
"POINT (11.572358445000077 48.187451930000066)","Unfall 234163 (2023) Kat:3, Licht: 0","234163","3","2","5","11","15","5","","0","0","1","0","0"
"POINT (11.545163780000053 48.122548993000066)","Unfall 234164 (2023) Kat:3, Licht: 0","234164","3","2","6","11","11","5","","0","0","1","1","0"
"POINT (11.509608844000070 48.135157873000026)","Unfall 234166 (2023) Kat:3, Licht: 0","234166","3","2","6","11","14","5","","0","0","1","1","0"
"POINT (11.678639439000051 48.131388294000033)","Unfall 234167 (2023) Kat:3, Licht: 0","234167","3","3","5","11","07","5","","0","1","1","0","0"
"POINT (11.572445358000039 48.177871467000045)","Unfall 234168 (2023) Kat:3, Licht: 0","234168","3","7","6","11","15","5","","0","0","1","1","0"
"POINT (11.564852226000028 48.187041744000055)","Unfall 234169 (2023) Kat:3, Licht: 0","234169","3","7","0","11","15","5","","0","1","1","0","0"
"POINT (11.522288233000040 48.175421483000036)","Unfall 234171 (2023) Kat:3, Licht: 2","234171","3","3","5","11","06","5","","2","1","1","0","0"
"POINT (11.646155277000048 48.113669431000062)","Unfall 234173 (2023) Kat:3, Licht: 2","234173","3","5","1","11","18","5","","2","0","1","0","0"
"POINT (11.665451689000065 48.083865663000040)","Unfall 234174 (2023) Kat:3, Licht: 0","234174","3","3","5","11","11","5","","0","0","1","0","0"
"POINT (11.521623615000067 48.107806094000068)","Unfall 234212 (2023) Kat:2, Licht: 2","234212","2","4","6","11","17","4","","2","0","1","1","0"
"POINT (11.546650162000049 48.159854106000068)","Unfall 234214 (2023) Kat:3, Licht: 2","234214","3","3","5","11","17","4","","2","1","0","0","0"
"POINT (11.558411274000036 48.161438834000080)","Unfall 234215 (2023) Kat:3, Licht: 2","234215","3","2","5","11","18","4","","2","0","0","0","0"
"POINT (11.559562774000028 48.130066152000040)","Unfall 234216 (2023) Kat:3, Licht: 2","234216","3","4","6","11","19","4","","2","0","1","1","0"
"POINT (11.605075013000032 48.130422028000055)","Unfall 234217 (2023) Kat:3, Licht: 2","234217","3","2","4","11","18","4","","2","1","1","0","0"
"POINT (11.541291051000030 48.123930758000029)","Unfall 234245 (2023) Kat:3, Licht: 2","234245","3","4","6","12","06","3","","2","0","1","1","0"
"POINT (11.455930778000038 48.146484486000077)","Unfall 234249 (2023) Kat:3, Licht: 0","234249","3","3","5","11","11","3","","0","0","1","0","0"
"POINT (11.573071548000030 48.143495320000056)","Unfall 234250 (2023) Kat:3, Licht: 2","234250","3","1","0","11","17","3","","2","1","1","0","0"
"POINT (11.567806282000049 48.211358831000041)","Unfall 234251 (2023) Kat:3, Licht: 2","234251","3","7","7","11","19","3","","2","1","0","0","0"
"POINT (11.499206919000073 48.146841196000025)","Unfall 234252 (2023) Kat:3, Licht: 1","234252","3","6","3","11","15","3","","1","1","0","0","0"
"POINT (11.476522839000040 48.111006295000038)","Unfall 234253 (2023) Kat:3, Licht: 2","234253","3","2","4","11","06","3","","2","0","1","0","1"
"POINT (11.525634806000028 48.102249718000053)","Unfall 234254 (2023) Kat:3, Licht: 0","234254","3","3","5","11","13","3","","0","0","1","0","1"
"POINT (11.600003540000046 48.123622592000061)","Unfall 234255 (2023) Kat:3, Licht: 2","234255","3","1","7","11","03","3","","2","0","1","0","0"
"POINT (11.624813320000044 48.131886320000035)","Unfall 234256 (2023) Kat:3, Licht: 0","234256","3","7","0","11","07","3","","0","1","0","0","0"
"POINT (11.638614395000047 48.125144156000033)","Unfall 234257 (2023) Kat:3, Licht: 0","234257","3","6","2","11","14","3","","0","1","1","0","0"
"POINT (11.575369436000074 48.095543449000047)","Unfall 234258 (2023) Kat:3, Licht: 2","234258","3","1","0","11","19","3","","2","0","0","0","0"
"POINT (11.570981234000044 48.112865345000046)","Unfall 234259 (2023) Kat:3, Licht: 0","234259","3","4","6","11","15","3","","0","0","1","1","0"
"POINT (11.635051162000025 48.137888539000073)","Unfall 234260 (2023) Kat:3, Licht: 0","234260","3","2","5","11","08","3","","0","1","1","0","0"
"POINT (11.574585946000070 48.119791921000058)","Unfall 234261 (2023) Kat:3, Licht: 0","234261","3","1","0","11","10","3","","0","0","0","0","1"
"POINT (11.573069026000042 48.150714919000052)","Unfall 234262 (2023) Kat:3, Licht: 0","234262","3","7","0","11","11","3","","0","1","0","0","0"
"POINT (11.564569819000042 48.142573324000068)","Unfall 234268 (2023) Kat:3, Licht: 0","234268","3","2","6","11","12","4","","0","0","1","1","0"
"POINT (11.556942053000057 48.143640099000038)","Unfall 234304 (2023) Kat:2, Licht: 2","234304","2","1","0","12","22","4","","2","1","1","0","0"
"POINT (11.660490827000046 48.133276788000046)","Unfall 234305 (2023) Kat:3, Licht: 2","234305","3","5","1","11","18","2","","2","1","1","0","0"
"POINT (11.583719025000050 48.195037210000066)","Unfall 234306 (2023) Kat:3, Licht: 2","234306","3","7","6","11","20","2","","2","0","1","1","0"
"POINT (11.461242480000067 48.209989619000055)","Unfall 234307 (2023) Kat:3, Licht: 0","234307","3","7","0","11","14","2","","0","0","1","0","1"
"POINT (11.502561917000037 48.124817027000063)","Unfall 234309 (2023) Kat:3, Licht: 2","234309","3","3","5","11","17","2","","2","0","1","0","0"
"POINT (11.588450567000052 48.115342744000031)","Unfall 234310 (2023) Kat:3, Licht: 2","234310","3","3","5","11","18","2","","2","0","1","0","0"
"POINT (11.607169943000031 48.115321474000041)","Unfall 234311 (2023) Kat:3, Licht: 0","234311","3","7","1","11","08","2","","0","1","1","0","0"
"POINT (11.564250703000027 48.136333514000057)","Unfall 234312 (2023) Kat:3, Licht: 2","234312","3","6","3","11","20","2","","2","1","1","0","0"
"POINT (11.590393119000055 48.166562395000028)","Unfall 234313 (2023) Kat:3, Licht: 0","234313","3","3","5","11","13","2","","0","0","1","0","0"
"POINT (11.556958045000044 48.143635369000037)","Unfall 234314 (2023) Kat:3, Licht: 2","234314","3","6","1","11","16","2","","2","0","1","0","0"
"POINT (11.584028715000045 48.145450235000055)","Unfall 234315 (2023) Kat:3, Licht: 0","234315","3","6","3","11","09","2","","0","1","0","0","0"
"POINT (11.582185167000034 48.138702937000062)","Unfall 234316 (2023) Kat:3, Licht: 0","234316","3","2","1","11","13","2","","0","1","1","0","0"
"POINT (11.572922516000062 48.133079746000078)","Unfall 234317 (2023) Kat:3, Licht: 0","234317","3","6","3","11","13","2","","0","1","1","0","0"
"POINT (11.640487749000044 48.117927512000051)","Unfall 234322 (2023) Kat:3, Licht: 0","234322","3","3","5","11","11","2","","0","0","1","0","0"
"POINT (11.467121335000058 48.159682927000063)","Unfall 234391 (2023) Kat:3, Licht: 2","234391","3","2","5","11","16","7","","2","1","1","0","0"
"POINT (11.548420796000073 48.125926376000052)","Unfall 234393 (2023) Kat:3, Licht: 1","234393","3","7","8","11","15","7","","1","0","1","1","0"
"POINT (11.592916059000061 48.142168435000031)","Unfall 234394 (2023) Kat:3, Licht: 0","234394","3","6","3","11","12","7","","0","0","1","0","0"
"POINT (11.465547366000067 48.146997907000070)","Unfall 234395 (2023) Kat:3, Licht: 0","234395","3","7","0","11","09","7","","0","1","0","0","0"
"POINT (11.628997800000036 48.162237507000043)","Unfall 234396 (2023) Kat:3, Licht: 0","234396","3","7","0","11","07","7","","0","1","0","0","0"
"POINT (11.555706087000033 48.128266168000039)","Unfall 234397 (2023) Kat:3, Licht: 2","234397","3","4","6","11","19","7","","2","0","1","1","0"
"POINT (11.418297567000025 48.154218090000029)","Unfall 234409 (2023) Kat:3, Licht: 2","234409","3","6","2","11","17","4","","2","0","1","0","0"
"POINT (11.574375415000077 48.150698756000054)","Unfall 234414 (2023) Kat:3, Licht: 2","234414","3","6","2","12","17","6","","2","0","1","0","0"
"POINT (11.573481555000058 48.135776381000028)","Unfall 234436 (2023) Kat:3, Licht: 0","234436","3","3","5","11","10","6","","0","0","1","0","0"
"POINT (11.589684366000029 48.115181302000053)","Unfall 234437 (2023) Kat:3, Licht: 2","234437","3","4","6","11","23","6","","2","0","1","1","0"
"POINT (11.493150702000037 48.204210237000041)","Unfall 234438 (2023) Kat:3, Licht: 0","234438","3","3","5","11","14","6","","0","1","1","0","0"
"POINT (11.653057491000027 48.114404731000036)","Unfall 234440 (2023) Kat:3, Licht: 0","234440","3","7","2","11","12","6","","0","1","1","0","0"
"POINT (11.598533356000075 48.149182314000029)","Unfall 234441 (2023) Kat:3, Licht: 0","234441","3","7","4","11","07","6","","0","0","0","0","0"
"POINT (11.582785073000025 48.127218218000053)","Unfall 234442 (2023) Kat:3, Licht: 0","234442","3","3","1","11","11","6","","0","1","1","0","0"
"POINT (11.604198213000075 48.185068119000050)","Unfall 234451 (2023) Kat:3, Licht: 2","234451","3","7","6","12","06","3","","2","0","1","1","0"
"POINT (11.526209185000027 48.110366360000057)","Unfall 234489 (2023) Kat:3, Licht: 2","234489","3","4","6","11","17","5","","2","0","1","1","0"
"POINT (11.502867822000042 48.134143970000025)","Unfall 234490 (2023) Kat:3, Licht: 1","234490","3","3","1","11","07","5","","1","1","1","0","0"
"POINT (11.502592390000075 48.125476363000075)","Unfall 234491 (2023) Kat:3, Licht: 1","234491","3","2","5","11","16","5","","1","1","1","0","0"
"POINT (11.591638552000063 48.103142680000076)","Unfall 234493 (2023) Kat:3, Licht: 2","234493","3","5","1","11","19","5","","2","1","1","0","0"
"POINT (11.603824483000039 48.151034928000058)","Unfall 234495 (2023) Kat:3, Licht: 1","234495","3","3","0","11","16","5","","1","0","1","0","0"
"POINT (11.580524236000031 48.123829296000054)","Unfall 234496 (2023) Kat:3, Licht: 0","234496","3","6","4","11","11","5","","0","1","0","0","0"
"POINT (11.569823684000028 48.130963270000052)","Unfall 234497 (2023) Kat:3, Licht: 0","234497","3","7","0","11","08","5","","0","1","1","0","0"
"POINT (11.567976371000043 48.154014129000075)","Unfall 234499 (2023) Kat:3, Licht: 2","234499","3","5","1","11","21","5","","2","1","1","0","0"
"POINT (11.412872858000071 48.137343971000064)","Unfall 234513 (2023) Kat:3, Licht: 2","234513","3","4","6","11","17","6","","2","0","1","1","0"
"POINT (11.567379197000037 48.123217787000044)","Unfall 234533 (2023) Kat:3, Licht: 0","234533","3","4","6","12","10","6","","0","0","1","1","0"
"POINT (11.612122458000044 48.199540395000042)","Unfall 234539 (2023) Kat:3, Licht: 0","234539","3","6","2","11","15","4","","0","0","1","0","0"
"POINT (11.517508589000045 48.113335097000061)","Unfall 234540 (2023) Kat:3, Licht: 2","234540","3","1","6","11","19","4","","2","0","1","1","0"
"POINT (11.632719843000075 48.139575497000067)","Unfall 234541 (2023) Kat:3, Licht: 0","234541","3","7","0","11","13","4","","0","1","0","0","0"
"POINT (11.520290159000069 48.149994227000036)","Unfall 234542 (2023) Kat:2, Licht: 2","234542","2","3","5","11","17","4","","2","1","0","0","0"
"POINT (11.656841196000073 48.108362024000030)","Unfall 234543 (2023) Kat:2, Licht: 0","234543","2","3","5","11","08","4","","0","0","1","0","1"
"POINT (11.423351243000070 48.143829878000076)","Unfall 234544 (2023) Kat:3, Licht: 2","234544","3","2","2","11","19","4","","2","0","1","0","1"
"POINT (11.476296057000070 48.151068808000048)","Unfall 234545 (2023) Kat:3, Licht: 2","234545","3","3","5","11","18","4","","2","1","1","0","0"
"POINT (11.502629807000062 48.121086935000051)","Unfall 234546 (2023) Kat:3, Licht: 2","234546","3","6","2","11","19","4","","2","0","1","0","0"
"POINT (11.555324455000061 48.161332427000048)","Unfall 234548 (2023) Kat:3, Licht: 2","234548","3","7","0","11","20","4","","2","0","0","1","0"
"POINT (11.607725399000060 48.097494420000032)","Unfall 234549 (2023) Kat:3, Licht: 2","234549","3","1","1","11","23","4","","2","0","1","0","0"
"POINT (11.605135851000057 48.121691941000051)","Unfall 234550 (2023) Kat:3, Licht: 2","234550","3","2","3","11","16","4","","2","1","0","0","0"
"POINT (11.549908394000056 48.136035471000071)","Unfall 234551 (2023) Kat:3, Licht: 0","234551","3","3","5","11","13","4","","0","1","1","0","0"
"POINT (11.508349011000064 48.098110843000029)","Unfall 234576 (2023) Kat:3, Licht: 2","234576","3","2","4","11","19","3","","2","0","1","0","0"
"POINT (11.559151510000049 48.137414764000027)","Unfall 234577 (2023) Kat:3, Licht: 0","234577","3","7","6","11","14","3","","0","0","1","1","0"
"POINT (11.503006499000037 48.084741917000031)","Unfall 234578 (2023) Kat:2, Licht: 2","234578","2","5","1","11","06","3","","2","0","1","0","1"
"POINT (11.546901721000040 48.139313651000066)","Unfall 234579 (2023) Kat:3, Licht: 0","234579","3","4","0","11","16","3","","0","0","0","1","0"
"POINT (11.569444848000046 48.145121604000053)","Unfall 234580 (2023) Kat:3, Licht: 2","234580","3","6","5","11","18","3","","2","1","1","0","0"
"POINT (11.528581469000073 48.071921306000036)","Unfall 234581 (2023) Kat:3, Licht: 0","234581","3","3","5","11","15","3","","0","1","1","0","0"
"POINT (11.523643288000073 48.097202586000037)","Unfall 234582 (2023) Kat:3, Licht: 2","234582","3","6","1","11","17","3","","2","0","1","0","0"
"POINT (11.628182705000029 48.092301962000079)","Unfall 234585 (2023) Kat:3, Licht: 2","234585","3","2","6","11","17","3","","2","0","1","1","0"
"POINT (11.655202060000022 48.096195925000075)","Unfall 234586 (2023) Kat:3, Licht: 0","234586","3","4","6","11","15","3","","0","0","1","1","0"
"POINT (11.583614277000038 48.119035155000063)","Unfall 234587 (2023) Kat:3, Licht: 1","234587","3","1","0","11","07","3","","1","0","0","0","1"
"POINT (11.580615320000049 48.124689154000066)","Unfall 234588 (2023) Kat:3, Licht: 0","234588","3","6","3","11","14","3","","0","0","1","0","0"
"POINT (11.597629539000025 48.134955090000062)","Unfall 234589 (2023) Kat:2, Licht: 2","234589","2","1","0","11","18","3","","2","1","0","0","0"
"POINT (11.579423090000034 48.125503481000067)","Unfall 234590 (2023) Kat:3, Licht: 0","234590","3","1","1","11","08","3","","0","1","1","0","0"
"POINT (11.548357387000067 48.140972493000049)","Unfall 234591 (2023) Kat:3, Licht: 2","234591","3","7","0","11","16","3","","2","1","0","0","0"
"POINT (11.567977097000039 48.154041517000053)","Unfall 234592 (2023) Kat:3, Licht: 2","234592","3","5","1","11","18","3","","2","1","1","0","0"
"POINT (11.569837025000027 48.145727511000075)","Unfall 234593 (2023) Kat:3, Licht: 1","234593","3","1","0","11","15","3","","1","1","0","0","0"
"POINT (11.428007044000026 48.177180062000048)","Unfall 234627 (2023) Kat:3, Licht: 0","234627","3","6","3","11","09","3","","0","0","1","0","0"
"POINT (11.610518416000048 48.101353834000065)","Unfall 234631 (2023) Kat:3, Licht: 0","234631","3","1","0","11","13","2","","0","0","0","1","0"
"POINT (11.603108499000029 48.124557919000040)","Unfall 234632 (2023) Kat:3, Licht: 2","234632","3","7","0","11","23","2","","2","0","0","0","1"
"POINT (11.698825870000064 48.129527474000042)","Unfall 234633 (2023) Kat:3, Licht: 2","234633","3","7","8","11","05","2","","2","1","0","0","0"
"POINT (11.568112197000062 48.205280835000053)","Unfall 234634 (2023) Kat:3, Licht: 0","234634","3","7","6","11","11","2","","0","0","0","1","0"
"POINT (11.518396745000075 48.139981444000057)","Unfall 234635 (2023) Kat:3, Licht: 0","234635","3","3","5","11","14","2","","0","0","1","0","1"
"POINT (11.410120857000038 48.138450979000027)","Unfall 234636 (2023) Kat:3, Licht: 0","234636","3","3","5","11","11","2","","0","0","1","0","0"
"POINT (11.503047516000038 48.129736898000033)","Unfall 234637 (2023) Kat:3, Licht: 0","234637","3","2","6","11","08","2","","0","0","1","1","0"
"POINT (11.632298478000052 48.132203465000032)","Unfall 234638 (2023) Kat:3, Licht: 2","234638","3","6","2","11","17","2","","2","0","1","0","0"
"POINT (11.549589795000031 48.138803054000050)","Unfall 234639 (2023) Kat:3, Licht: 0","234639","3","3","5","11","10","2","","0","1","0","0","0"
"POINT (11.545996351000042 48.134573511000042)","Unfall 234640 (2023) Kat:3, Licht: 0","234640","3","7","5","11","13","2","","0","0","1","0","0"
"POINT (11.564022552000040 48.150802216000045)","Unfall 234641 (2023) Kat:3, Licht: 0","234641","3","7","6","11","13","2","","0","0","0","1","0"
"POINT (11.615770483000063 48.145018186000073)","Unfall 234682 (2023) Kat:3, Licht: 2","234682","3","4","6","11","05","1","","2","0","1","1","0"
"POINT (11.534951870000043 48.155528654000079)","Unfall 234683 (2023) Kat:3, Licht: 0","234683","3","7","0","11","09","1","","0","1","0","0","0"
"POINT (11.502620726000032 48.126044350000029)","Unfall 234684 (2023) Kat:3, Licht: 0","234684","3","3","5","11","11","1","","0","0","1","0","0"
"POINT (11.543414921000021 48.186308593000035)","Unfall 234701 (2023) Kat:3, Licht: 0","234701","3","2","5","12","15","2","","0","0","1","0","0"
"POINT (11.588783407000051 48.179548758000067)","Unfall 234702 (2023) Kat:3, Licht: 2","234702","3","1","8","11","03","7","","2","0","1","0","0"
"POINT (11.607415853000077 48.203522767000038)","Unfall 234703 (2023) Kat:3, Licht: 2","234703","3","1","1","11","01","7","","2","0","1","0","0"
"POINT (11.537956363000035 48.169570106000037)","Unfall 234704 (2023) Kat:3, Licht: 0","234704","3","7","9","11","09","7","","0","0","1","0","0"
"POINT (11.465309137000077 48.146347216000038)","Unfall 234705 (2023) Kat:2, Licht: 2","234705","2","2","6","11","22","7","","2","0","1","1","0"
"POINT (11.511810165000043 48.180998336000073)","Unfall 234706 (2023) Kat:3, Licht: 1","234706","3","7","3","11","16","7","","1","0","1","0","0"
"POINT (11.556017353000072 48.139106954000056)","Unfall 234707 (2023) Kat:3, Licht: 2","234707","3","2","5","11","18","7","","2","0","1","0","0"
"POINT (11.585447204000047 48.167270154000050)","Unfall 234708 (2023) Kat:3, Licht: 0","234708","3","3","5","11","13","7","","0","1","0","0","0"
"POINT (11.573285542000065 48.143180395000059)","Unfall 235290 (2023) Kat:3, Licht: 2","235290","3","3","5","12","23","1","","2","0","1","0","0"
"POINT (11.605398503000060 48.104572739000048)","Unfall 235291 (2023) Kat:3, Licht: 2","235291","3","2","6","12","20","1","","2","0","1","1","0"
"POINT (11.493998493000049 48.116601685000035)","Unfall 235304 (2023) Kat:3, Licht: 0","235304","3","4","6","12","14","7","","0","0","1","1","0"
"POINT (11.688829969000039 48.138934275000054)","Unfall 235305 (2023) Kat:3, Licht: 2","235305","3","7","0","12","21","7","","2","1","0","0","0"
"POINT (11.688957039000059 48.131453622000038)","Unfall 235306 (2023) Kat:3, Licht: 0","235306","3","2","4","12","12","7","","0","1","0","0","0"
"POINT (11.560017303000052 48.130209061000073)","Unfall 235307 (2023) Kat:3, Licht: 2","235307","3","3","5","12","22","7","","2","0","1","0","0"
"POINT (11.471612395000022 48.150085583000077)","Unfall 235330 (2023) Kat:3, Licht: 0","235330","3","3","5","12","08","6","","0","0","1","0","0"
"POINT (11.514005312000052 48.094386035000070)","Unfall 235331 (2023) Kat:3, Licht: 0","235331","3","2","5","12","16","6","","0","1","1","0","0"
"POINT (11.599811564000049 48.148868101000062)","Unfall 235332 (2023) Kat:3, Licht: 0","235332","3","2","4","12","11","6","","0","1","1","0","0"
"POINT (11.609725260000062 48.135559395000030)","Unfall 235333 (2023) Kat:3, Licht: 0","235333","3","7","0","12","11","6","","0","0","0","1","0"
"POINT (11.553617029000065 48.112307671000053)","Unfall 235361 (2023) Kat:3, Licht: 0","235361","3","2","5","12","08","5","","0","0","1","0","0"
"POINT (11.573281807000058 48.135679617000051)","Unfall 235383 (2023) Kat:3, Licht: 0","235383","3","1","0","12","15","4","","0","1","0","0","0"
"POINT (11.611566241000048 48.127791172000059)","Unfall 235397 (2023) Kat:3, Licht: 2","235397","3","7","0","12","17","3","","2","0","0","0","0"
"POINT (11.566848904000040 48.138418037000065)","Unfall 235398 (2023) Kat:3, Licht: 2","235398","3","1","0","12","22","3","","2","0","0","0","0"
"POINT (11.511383995000074 48.180979811000043)","Unfall 235411 (2023) Kat:3, Licht: 0","235411","3","3","5","12","10","2","","0","1","1","0","0"
"POINT (11.581625194000026 48.134812058000080)","Unfall 235412 (2023) Kat:3, Licht: 2","235412","3","6","3","12","16","2","","2","0","1","0","1"
"POINT (11.535274029000050 48.127428978000069)","Unfall 235425 (2023) Kat:3, Licht: 2","235425","3","7","3","12","20","1","","2","0","1","0","0"
"POINT (11.581219060000024 48.167148874000077)","Unfall 235426 (2023) Kat:3, Licht: 1","235426","3","3","5","12","16","1","","1","1","1","0","0"
"POINT (11.568451225000047 48.156394493000050)","Unfall 235444 (2023) Kat:3, Licht: 0","235444","3","1","1","12","09","7","","0","1","1","0","0"
"POINT (11.563099914000077 48.141474699000071)","Unfall 235446 (2023) Kat:3, Licht: 2","235446","3","6","2","12","00","7","","2","0","1","0","0"
"POINT (11.572934258000032 48.180870687000038)","Unfall 235447 (2023) Kat:3, Licht: 2","235447","3","3","5","12","22","7","","2","0","1","0","0"
"POINT (11.498066265000034 48.094898598000043)","Unfall 235448 (2023) Kat:3, Licht: 1","235448","3","4","6","12","07","7","","1","0","1","1","0"
"POINT (11.656938159000049 48.126181838000036)","Unfall 235449 (2023) Kat:2, Licht: 0","235449","2","2","6","12","14","7","","0","0","1","1","0"