WKT,Name,OBJECTID,UKATEGORIE,UTYP1,UART,UMONAT,USTUNDE,UWOCHENTAG,STRZUSTAND,ULICHTVERH,ISTRAD,ISTPKW,ISTFUSS,ISTKRAD
"POINT (11.544329546000029 48.157856027000037)","Unfall 235469 (2023) Kat:3, Licht: 2","235469","3","4","6","12","17","6","","2","0","0","1","0"
"POINT (11.562275246000070 48.186852504000058)","Unfall 235470 (2023) Kat:3, Licht: 2","235470","3","3","5","12","07","6","","2","0","1","0","0"
"POINT (11.545410717000038 48.160888622000073)","Unfall 235471 (2023) Kat:3, Licht: 2","235471","3","6","3","12","21","6","","2","0","1","0","0"
"POINT (11.567931298000076 48.209317115000033)","Unfall 235472 (2023) Kat:3, Licht: 2","235472","3","4","0","12","21","6","","2","0","1","1","0"
"POINT (11.406713550000063 48.201641812000048)","Unfall 235473 (2023) Kat:2, Licht: 0","235473","2","3","5","12","14","6","","0","0","1","0","0"
"POINT (11.507856967000066 48.183175574000074)","Unfall 235474 (2023) Kat:2, Licht: 2","235474","2","3","6","12","07","6","","2","0","1","1","0"
"POINT (11.563735986000040 48.106374715000072)","Unfall 235476 (2023) Kat:3, Licht: 0","235476","3","2","4","12","12","6","","0","0","1","0","0"
"POINT (11.521993643000030 48.175732463000031)","Unfall 235535 (2023) Kat:3, Licht: 2","235535","3","6","2","12","19","5","","2","0","1","0","0"
"POINT (11.630579213000033 48.176204721000033)","Unfall 235537 (2023) Kat:3, Licht: 0","235537","3","4","6","12","18","5","","0","0","1","1","0"
"POINT (11.513574601000073 48.135096858000054)","Unfall 235538 (2023) Kat:3, Licht: 0","235538","3","6","2","12","11","5","","0","0","1","0","0"
"POINT (11.525028763000023 48.132612975000029)","Unfall 235539 (2023) Kat:3, Licht: 2","235539","3","6","2","12","18","5","","2","0","1","0","0"
"POINT (11.564895501000024 48.166343778000055)","Unfall 235540 (2023) Kat:3, Licht: 2","235540","3","6","1","12","16","5","","2","0","1","0","0"
"POINT (11.522816690000070 48.134325474000036)","Unfall 235541 (2023) Kat:3, Licht: 2","235541","3","3","5","12","16","5","","2","0","1","0","0"
"POINT (11.571979342000077 48.148933005000060)","Unfall 235542 (2023) Kat:3, Licht: 2","235542","3","3","5","12","22","5","","2","0","1","0","0"
"POINT (11.577343888000030 48.145483780000063)","Unfall 235545 (2023) Kat:3, Licht: 2","235545","3","3","5","12","00","6","","2","0","1","0","0"
"POINT (11.576638890000027 48.114682946000073)","Unfall 235580 (2023) Kat:3, Licht: 0","235580","3","6","2","12","11","4","","0","0","1","0","0"
"POINT (11.523491975000070 48.095159553000030)","Unfall 235581 (2023) Kat:3, Licht: 1","235581","3","2","6","12","07","4","","1","0","1","1","0"
"POINT (11.507153000000073 48.139699699000062)","Unfall 235583 (2023) Kat:3, Licht: 0","235583","3","2","5","12","15","4","","0","0","1","0","0"
"POINT (11.448859868000056 48.143382726000027)","Unfall 235584 (2023) Kat:3, Licht: 0","235584","3","7","0","12","11","5","","0","0","1","1","0"
"POINT (11.618935789000034 48.138087028000029)","Unfall 235585 (2023) Kat:3, Licht: 0","235585","3","1","0","12","15","4","","0","1","0","0","0"
"POINT (11.589657939000062 48.125144367000075)","Unfall 235586 (2023) Kat:3, Licht: 0","235586","3","6","0","12","07","4","","0","0","1","0","1"
"POINT (11.563233515000036 48.181438112000080)","Unfall 235623 (2023) Kat:3, Licht: 0","235623","3","2","5","12","15","3","","0","0","1","0","0"
"POINT (11.583300041000030 48.133415627000034)","Unfall 235624 (2023) Kat:3, Licht: 2","235624","3","1","0","12","18","3","","2","0","0","0","1"
"POINT (11.570902504000060 48.152070864000052)","Unfall 235625 (2023) Kat:3, Licht: 0","235625","3","1","0","12","12","3","","0","0","0","0","0"
"POINT (11.502870161000033 48.128965829000038)","Unfall 235626 (2023) Kat:3, Licht: 0","235626","3","6","2","12","14","3","","0","0","1","0","0"
"POINT (11.558967801000051 48.147618772000044)","Unfall 235627 (2023) Kat:2, Licht: 0","235627","2","2","5","12","08","3","","0","1","1","0","0"
"POINT (11.620400761000042 48.186157312000034)","Unfall 235628 (2023) Kat:2, Licht: 0","235628","2","2","4","12","12","3","","0","1","1","0","0"
"POINT (11.693995787000063 48.103110456000081)","Unfall 235629 (2023) Kat:3, Licht: 0","235629","3","1","0","12","12","3","","0","1","0","0","0"
"POINT (11.543231652000031 48.139450764000060)","Unfall 235630 (2023) Kat:3, Licht: 0","235630","3","2","5","12","13","3","","0","0","1","0","0"
"POINT (11.584006730000056 48.156308596000031)","Unfall 235631 (2023) Kat:3, Licht: 0","235631","3","5","3","12","09","3","","0","0","1","0","1"
"POINT (11.620178464000048 48.120300596000050)","Unfall 235677 (2023) Kat:3, Licht: 2","235677","3","2","5","12","19","2","","2","0","1","0","0"
"POINT (11.645314704000043 48.098935948000076)","Unfall 235678 (2023) Kat:3, Licht: 2","235678","3","2","4","12","18","2","","2","0","1","0","0"
"POINT (11.502327480000076 48.108737864000034)","Unfall 235680 (2023) Kat:3, Licht: 0","235680","3","6","1","12","15","2","","0","0","1","0","0"
"POINT (11.562154392000025 48.213423451000040)","Unfall 235681 (2023) Kat:3, Licht: 0","235681","3","3","5","12","08","2","","0","0","1","0","0"
"POINT (11.488950182000053 48.140934445000028)","Unfall 235682 (2023) Kat:1, Licht: 0","235682","1","4","6","12","13","2","","0","0","0","1","0"
"POINT (11.515177223000023 48.179057135000050)","Unfall 235683 (2023) Kat:3, Licht: 0","235683","3","2","6","12","15","2","","0","0","1","1","0"
"POINT (11.565124622000042 48.193572030000041)","Unfall 235684 (2023) Kat:3, Licht: 0","235684","3","7","0","12","12","2","","0","1","0","0","0"
"POINT (11.551051464000068 48.151110244000051)","Unfall 235685 (2023) Kat:3, Licht: 0","235685","3","3","0","12","07","2","","0","1","1","0","0"
"POINT (11.504141495000056 48.147109460000081)","Unfall 235686 (2023) Kat:3, Licht: 0","235686","3","6","2","12","11","2","","0","1","1","0","0"
"POINT (11.555322752000052 48.161302355000032)","Unfall 235687 (2023) Kat:3, Licht: 0","235687","3","1","0","12","08","2","","0","1","0","0","0"
"POINT (11.502591942000038 48.125466706000054)","Unfall 235688 (2023) Kat:3, Licht: 0","235688","3","2","5","12","07","2","","0","1","0","0","0"
"POINT (11.663599733000069 48.114235058000077)","Unfall 235689 (2023) Kat:2, Licht: 0","235689","2","7","0","12","09","2","","0","1","0","0","0"
"POINT (11.585082831000022 48.099549432000060)","Unfall 235690 (2023) Kat:3, Licht: 0","235690","3","2","5","12","13","2","","0","1","1","0","0"
"POINT (11.632871774000023 48.167996764000065)","Unfall 235691 (2023) Kat:3, Licht: 0","235691","3","7","5","12","13","2","","0","0","1","0","0"
"POINT (11.542593993000025 48.134616941000047)","Unfall 235692 (2023) Kat:3, Licht: 0","235692","3","2","5","12","13","2","","0","1","1","0","0"
"POINT (11.566222424000046 48.130854793000026)","Unfall 235693 (2023) Kat:3, Licht: 1","235693","3","7","6","12","16","2","","1","0","1","1","0"
"POINT (11.579011013000070 48.162764536000054)","Unfall 235694 (2023) Kat:2, Licht: 0","235694","2","3","6","12","16","2","","0","1","0","1","0"
"POINT (11.582221049000054 48.173565909000047)","Unfall 235757 (2023) Kat:3, Licht: 0","235757","3","3","1","12","10","1","","0","1","1","0","0"
"POINT (11.606244905000040 48.120788752000067)","Unfall 235758 (2023) Kat:3, Licht: 0","235758","3","6","3","12","13","1","","0","0","1","0","0"
"POINT (11.564738893000026 48.137405451000063)","Unfall 235759 (2023) Kat:3, Licht: 0","235759","3","3","4","12","12","1","","0","0","1","0","0"
"POINT (11.686756265000042 48.122090819000050)","Unfall 235760 (2023) Kat:3, Licht: 2","235760","3","7","0","12","20","1","","2","1","0","0","0"
"POINT (11.556152376000057 48.142070213000068)","Unfall 235793 (2023) Kat:3, Licht: 2","235793","3","2","5","12","23","7","","2","0","1","0","0"
"POINT (11.572668137000051 48.187503951000053)","Unfall 235794 (2023) Kat:3, Licht: 0","235794","3","6","2","12","15","7","","0","0","1","0","0"
"POINT (11.663250150000067 48.140491786000041)","Unfall 235795 (2023) Kat:3, Licht: 2","235795","3","1","0","12","17","7","","2","1","0","0","0"
"POINT (11.504039354000042 48.173071457000049)","Unfall 235796 (2023) Kat:3, Licht: 0","235796","3","2","0","12","12","7","","0","0","1","0","0"
"POINT (11.511305202000074 48.158317086000068)","Unfall 235798 (2023) Kat:3, Licht: 2","235798","3","7","6","12","06","7","","2","1","0","1","0"
"POINT (11.629693631000066 48.165710333000050)","Unfall 235799 (2023) Kat:3, Licht: 2","235799","3","1","0","12","01","7","","2","1","0","0","0"
"POINT (11.582445075000066 48.184247767000045)","Unfall 235823 (2023) Kat:3, Licht: 0","235823","3","4","6","12","11","7","","0","0","1","1","0"
"POINT (11.554588300000034 48.173977364000052)","Unfall 266795 (2023) Kat:3, Licht: 0","266795","3","7","6","01","15","7","","0","1","0","1","0"
"POINT (11.601305556000057 48.132357349000074)","Unfall 266797 (2023) Kat:3, Licht: 2","266797","3","6","4","01","19","2","","2","1","0","0","0"
"POINT (11.578360906000057 48.142408537000051)","Unfall 266805 (2023) Kat:3, Licht: 0","266805","3","1","7","02","08","4","","0","1","0","0","0"
"POINT (11.548203010000066 48.136541841000053)","Unfall 266807 (2023) Kat:3, Licht: 2","266807","3","6","4","02","19","7","","2","1","0","0","0"
"POINT (11.597722775000022 48.143598765000036)","Unfall 266813 (2023) Kat:3, Licht: 0","266813","3","7","0","02","14","6","","0","1","0","0","0"
"POINT (11.535490982000056 48.167159527000081)","Unfall 266836 (2023) Kat:3, Licht: 0","266836","3","7","0","02","07","5","","0","1","0","0","0"
"POINT (11.548940022000068 48.170521762000078)","Unfall 266838 (2023) Kat:3, Licht: 2","266838","3","6","6","02","21","7","","2","1","0","1","0"
"POINT (11.588200155000038 48.132583230000080)","Unfall 266842 (2023) Kat:3, Licht: 1","266842","3","1","8","03","06","5","","1","1","0","0","0"
"POINT (11.553440279000029 48.220773176000080)","Unfall 266871 (2023) Kat:3, Licht: 1","266871","3","7","0","03","17","4","","1","1","0","1","0"
"POINT (11.564923828000076 48.211959704000037)","Unfall 266873 (2023) Kat:2, Licht: 0","266873","2","6","6","03","14","5","","0","1","0","1","0"
"POINT (11.543770585000061 48.134505082000032)","Unfall 266878 (2023) Kat:3, Licht: 0","266878","3","6","6","03","09","2","","0","1","0","1","0"
"POINT (11.488816066000027 48.092180145000043)","Unfall 266879 (2023) Kat:3, Licht: 0","266879","3","7","6","03","16","2","","0","1","0","1","0"
"POINT (11.506179669000062 48.180733078000060)","Unfall 266880 (2023) Kat:3, Licht: 0","266880","3","1","6","03","07","3","","0","1","0","1","0"
"POINT (11.615082683000026 48.193586383000081)","Unfall 266884 (2023) Kat:2, Licht: 0","266884","2","4","6","04","10","4","","0","1","0","1","0"
"POINT (11.538929723000024 48.121254023000063)","Unfall 266903 (2023) Kat:3, Licht: 0","266903","3","7","0","04","07","5","","0","1","0","1","0"
"POINT (11.554131432000077 48.173922727000047)","Unfall 266933 (2023) Kat:3, Licht: 0","266933","3","6","4","04","19","7","","0","1","0","0","0"
"POINT (11.567930795000052 48.170315901000038)","Unfall 266937 (2023) Kat:3, Licht: 0","266937","3","7","6","04","18","1","","0","1","0","1","0"
"POINT (11.593801436000035 48.153891086000044)","Unfall 266948 (2023) Kat:3, Licht: 0","266948","3","4","6","05","16","4","","0","1","0","1","0"
"POINT (11.456260182000051 48.146657745000027)","Unfall 266953 (2023) Kat:3, Licht: 0","266953","3","7","0","05","14","5","","0","1","0","0","0"
"POINT (11.548505197000054 48.140333271000031)","Unfall 266954 (2023) Kat:3, Licht: 0","266954","3","1","0","05","08","5","","0","1","0","0","0"
"POINT (11.577157596000063 48.126473312000030)","Unfall 266961 (2023) Kat:3, Licht: 0","266961","3","4","6","05","18","6","","0","1","0","1","0"
"POINT (11.542411822000076 48.084830755000041)","Unfall 266970 (2023) Kat:3, Licht: 0","266970","3","7","0","05","13","1","","0","1","0","0","0"
"POINT (11.606525956000041 48.167215180000028)","Unfall 266972 (2023) Kat:3, Licht: 0","266972","3","7","0","05","18","1","","0","1","0","0","0"
"POINT (11.560555131000058 48.112495717000058)","Unfall 266994 (2023) Kat:3, Licht: 0","266994","3","4","6","05","16","1","","0","1","0","1","0"
"POINT (11.633907595000039 48.214735782000048)","Unfall 267064 (2023) Kat:2, Licht: 0","267064","2","7","0","05","18","5","","0","1","0","0","0"
"POINT (11.488175466000030 48.162348453000050)","Unfall 267097 (2023) Kat:3, Licht: 0","267097","3","7","0","05","12","1","","0","1","0","0","0"
"POINT (11.503060514000026 48.146737595000047)","Unfall 267127 (2023) Kat:2, Licht: 0","267127","2","6","3","06","09","5","","0","1","0","0","0"
"POINT (11.577575760000059 48.126571476000038)","Unfall 267143 (2023) Kat:3, Licht: 1","267143","3","4","6","06","21","6","","1","1","0","1","0"
"POINT (11.478415628000050 48.125124277000054)","Unfall 267144 (2023) Kat:3, Licht: 0","267144","3","7","5","06","18","6","","0","1","0","0","0"
"POINT (11.521344325000030 48.144972762000066)","Unfall 267176 (2023) Kat:3, Licht: 0","267176","3","4","6","06","16","1","","0","1","0","1","0"
"POINT (11.579837775000044 48.142065411000033)","Unfall 267188 (2023) Kat:3, Licht: 0","267188","3","4","6","06","17","3","","0","1","0","1","0"
"POINT (11.535271010000031 48.143436540000039)","Unfall 267197 (2023) Kat:3, Licht: 2","267197","3","7","0","06","23","4","","2","1","0","0","0"
"POINT (11.511150535000070 48.145166148000044)","Unfall 267207 (2023) Kat:3, Licht: 0","267207","3","1","0","06","13","5","","0","1","0","0","0"
"POINT (11.591008946000045 48.079489356000067)","Unfall 267211 (2023) Kat:3, Licht: 0","267211","3","1","0","06","18","6","","0","1","0","0","0"
"POINT (11.579525329000035 48.127388117000066)","Unfall 267228 (2023) Kat:3, Licht: 0","267228","3","6","4","06","15","1","","0","1","0","0","0"
"POINT (11.591493371000070 48.150508506000051)","Unfall 267240 (2023) Kat:2, Licht: 0","267240","2","1","2","06","12","2","","0","1","0","0","0"
"POINT (11.476051459000075 48.125150315000042)","Unfall 267241 (2023) Kat:3, Licht: 0","267241","3","1","0","06","17","2","","0","1","0","0","0"
"POINT (11.418326834000027 48.195538049000049)","Unfall 267261 (2023) Kat:3, Licht: 0","267261","3","3","5","06","06","4","","0","1","1","0","0"
"POINT (11.537253865000025 48.204928025000072)","Unfall 267289 (2023) Kat:3, Licht: 1","267289","3","7","0","06","21","7","","1","1","0","0","0"
"POINT (11.575746531000050 48.187956845000031)","Unfall 267290 (2023) Kat:3, Licht: 0","267290","3","6","2","06","11","7","","0","1","0","0","0"
"POINT (11.416226347000077 48.197530825000058)","Unfall 267298 (2023) Kat:3, Licht: 0","267298","3","1","0","06","12","1","","0","1","0","0","0"
"POINT (11.550410106000072 48.178054304000057)","Unfall 267299 (2023) Kat:3, Licht: 0","267299","3","1","0","06","19","1","","0","1","0","0","0"
"POINT (11.542784341000072 48.075331917000028)","Unfall 267308 (2023) Kat:3, Licht: 0","267308","3","1","8","06","13","2","","0","1","0","0","0"
"POINT (11.530150208000066 48.108595578000063)","Unfall 267309 (2023) Kat:3, Licht: 0","267309","3","7","4","06","14","2","","0","1","0","0","0"
"POINT (11.549824682000065 48.169101490000060)","Unfall 267322 (2023) Kat:3, Licht: 0","267322","3","6","4","06","18","3","","0","1","0","0","0"
"POINT (11.551136273000054 48.101753795000036)","Unfall 267329 (2023) Kat:3, Licht: 0","267329","3","3","0","06","19","4","","0","1","0","0","0"
"POINT (11.561930576000066 48.117538193000030)","Unfall 267345 (2023) Kat:2, Licht: 0","267345","2","6","4","06","19","5","","0","1","0","0","0"
"POINT (11.546154499000068 48.085040781000032)","Unfall 267377 (2023) Kat:2, Licht: 0","267377","2","1","0","06","15","1","","0","1","0","0","0"
"POINT (11.602173842000070 48.149082957000076)","Unfall 267391 (2023) Kat:3, Licht: 2","267391","3","7","0","06","23","3","","2","1","0","0","0"
"POINT (11.590675698000041 48.186150940000061)","Unfall 267392 (2023) Kat:3, Licht: 0","267392","3","1","6","06","15","3","","0","1","0","1","0"
"POINT (11.536653944000022 48.167599157000041)","Unfall 267408 (2023) Kat:3, Licht: 0","267408","3","6","2","06","08","5","","0","1","0","0","0"
"POINT (11.471574958000076 48.124186110000039)","Unfall 267421 (2023) Kat:3, Licht: 0","267421","3","1","0","07","12","1","","0","1","0","0","0"
"POINT (11.613131101000022 48.168217614000071)","Unfall 267439 (2023) Kat:3, Licht: 0","267439","3","7","0","07","13","3","","0","1","0","1","0"
"POINT (11.503060252000068 48.146719758000074)","Unfall 267441 (2023) Kat:3, Licht: 0","267441","3","6","4","07","16","4","","0","1","0","0","0"
"POINT (11.482223483000041 48.155520078000052)","Unfall 267459 (2023) Kat:3, Licht: 0","267459","3","7","0","07","16","6","","0","1","0","0","0"
"POINT (11.648174395000069 48.159638583000060)","Unfall 267472 (2023) Kat:3, Licht: 0","267472","3","6","3","07","12","7","","0","1","0","0","0"
"POINT (11.419552291000059 48.193284801000061)","Unfall 267485 (2023) Kat:3, Licht: 0","267485","3","1","7","07","18","1","","0","1","0","0","0"
"POINT (11.598510059000034 48.147971428000062)","Unfall 267495 (2023) Kat:3, Licht: 0","267495","3","6","9","07","08","2","","0","1","0","0","0"
"POINT (11.543952280000042 48.111026867000078)","Unfall 267496 (2023) Kat:3, Licht: 0","267496","3","6","3","07","07","2","","0","1","0","0","0"
"POINT (11.488729339000031 48.162921467000047)","Unfall 267519 (2023) Kat:3, Licht: 0","267519","3","1","0","07","08","5","","0","1","0","0","0"
"POINT (11.530576927000027 48.125186091000046)","Unfall 267536 (2023) Kat:3, Licht: 0","267536","3","7","0","07","09","7","","0","1","0","0","0"
"POINT (11.502844540000069 48.100893305000056)","Unfall 267547 (2023) Kat:3, Licht: 2","267547","3","7","0","07","02","1","","2","1","0","1","0"
"POINT (11.549088303000076 48.171175612000070)","Unfall 267552 (2023) Kat:3, Licht: 0","267552","3","6","4","07","18","2","","0","1","0","0","0"
"POINT (11.674738672000046 48.110690613000031)","Unfall 267553 (2023) Kat:3, Licht: 0","267553","3","6","4","07","13","2","","0","1","0","0","0"
"POINT (11.588341522000064 48.143876048000038)","Unfall 267571 (2023) Kat:3, Licht: 0","267571","3","1","0","07","12","4","","0","1","0","1","0"
"POINT (11.535420059000046 48.167130965000069)","Unfall 267572 (2023) Kat:3, Licht: 0","267572","3","2","0","07","17","4","","0","1","0","0","0"
"POINT (11.603698014000031 48.156501869000067)","Unfall 267584 (2023) Kat:3, Licht: 2","267584","3","1","0","07","23","5","","2","1","0","0","0"
"POINT (11.565088079000077 48.120058782000058)","Unfall 267606 (2023) Kat:2, Licht: 0","267606","2","6","3","07","14","7","","0","1","0","0","0"
"POINT (11.540922386000034 48.129800200000034)","Unfall 267626 (2023) Kat:3, Licht: 0","267626","3","7","0","07","07","1","","0","1","0","0","0"
"POINT (11.691843592000055 48.129258420000042)","Unfall 267627 (2023) Kat:3, Licht: 0","267627","3","1","0","07","20","1","","0","1","0","0","0"
"POINT (11.527409456000044 48.165245134000031)","Unfall 267628 (2023) Kat:2, Licht: 0","267628","2","7","8","07","14","1","","0","1","0","0","0"
"POINT (11.577640589000055 48.142557019000037)","Unfall 267651 (2023) Kat:3, Licht: 0","267651","3","5","1","07","17","5","","0","1","1","0","0"
"POINT (11.577376630000060 48.126583391000054)","Unfall 267671 (2023) Kat:3, Licht: 0","267671","3","6","3","08","08","3","","0","1","0","0","0"
"POINT (11.541647550000050 48.112518742000077)","Unfall 267681 (2023) Kat:2, Licht: 0","267681","2","6","3","08","08","5","","0","1","0","0","0"
"POINT (11.578494913000043 48.126793204000080)","Unfall 267682 (2023) Kat:3, Licht: 0","267682","3","3","5","08","08","5","","0","1","0","0","0"
"POINT (11.592717244000028 48.136518622000040)","Unfall 267690 (2023) Kat:3, Licht: 2","267690","3","1","0","08","02","7","","2","1","0","0","0"
"POINT (11.594188345000077 48.154482053000038)","Unfall 267722 (2023) Kat:3, Licht: 0","267722","3","7","0","08","09","6","","0","1","0","1","0"
"POINT (11.519504863000066 48.122495208000032)","Unfall 267748 (2023) Kat:3, Licht: 0","267748","3","7","0","08","15","1","","0","1","0","0","0"
"POINT (11.710981352000033 48.129694873000062)","Unfall 267850 (2023) Kat:3, Licht: 0","267850","3","6","3","08","17","3","","0","1","1","0","0"
"POINT (11.543110964000050 48.112567083000044)","Unfall 267862 (2023) Kat:3, Licht: 0","267862","3","7","7","08","16","5","","0","1","0","0","0"
"POINT (11.543030982000062 48.112564870000028)","Unfall 267863 (2023) Kat:3, Licht: 0","267863","3","7","7","08","16","5","","0","1","0","0","0"
"POINT (11.540978571000039 48.130576197000039)","Unfall 267867 (2023) Kat:3, Licht: 0","267867","3","6","3","08","09","6","","0","1","0","0","0"
"POINT (11.588380833000031 48.132782888000065)","Unfall 267868 (2023) Kat:3, Licht: 0","267868","3","6","4","08","09","7","","0","1","0","0","0"
"POINT (11.539010980000057 48.121570076000069)","Unfall 267875 (2023) Kat:3, Licht: 0","267875","3","6","4","08","13","2","","0","1","0","0","0"
"POINT (11.548079294000047 48.127335463000065)","Unfall 267892 (2023) Kat:3, Licht: 0","267892","3","3","0","09","14","7","","0","1","1","0","0"
"POINT (11.553008311000042 48.106931313000075)","Unfall 267940 (2023) Kat:3, Licht: 0","267940","3","6","2","09","13","5","","0","1","0","0","0"
"POINT (11.619404086000031 48.185077810000053)","Unfall 267958 (2023) Kat:3, Licht: 0","267958","3","1","0","09","14","7","","0","1","0","0","0"
"POINT (11.613777254000070 48.164946562000068)","Unfall 267985 (2023) Kat:3, Licht: 0","267985","3","1","0","09","16","2","","0","1","0","0","0"
"POINT (11.575932787000056 48.186962274000052)","Unfall 267987 (2023) Kat:3, Licht: 1","267987","3","7","0","09","06","2","","1","1","0","1","0"
"POINT (11.483963855000070 48.196453479000070)","Unfall 267998 (2023) Kat:3, Licht: 0","267998","3","6","0","09","13","3","","0","1","0","0","0"
"POINT (11.453404693000039 48.139093709000065)","Unfall 268001 (2023) Kat:3, Licht: 0","268001","3","6","3","09","11","4","","0","1","0","0","0"
"POINT (11.637020296000060 48.123059484000066)","Unfall 268017 (2023) Kat:3, Licht: 0","268017","3","1","0","09","11","6","","0","1","0","0","0"
"POINT (11.506277468000064 48.104421556000034)","Unfall 268018 (2023) Kat:2, Licht: 0","268018","2","7","4","09","14","6","","0","1","0","0","0"
"POINT (11.608029509000062 48.176667332000079)","Unfall 268027 (2023) Kat:3, Licht: 0","268027","3","6","3","09","15","7","","0","1","0","0","0"
"POINT (11.454028650000055 48.140301285000078)","Unfall 268045 (2023) Kat:3, Licht: 0","268045","3","7","0","09","12","1","","0","1","0","0","0"
"POINT (11.558672639000065 48.173722931000043)","Unfall 268051 (2023) Kat:3, Licht: 0","268051","3","1","0","09","16","3","","0","1","0","0","0"
"POINT (11.569139472000074 48.170590300000072)","Unfall 268065 (2023) Kat:3, Licht: 2","268065","3","1","0","09","21","4","","2","1","0","0","0"
"POINT (11.606196832000023 48.200148750000039)","Unfall 268087 (2023) Kat:3, Licht: 1","268087","3","7","5","09","19","2","","1","1","0","0","0"
"POINT (11.454081507000069 48.141560938000055)","Unfall 268116 (2023) Kat:3, Licht: 2","268116","3","1","0","09","21","6","","2","1","0","0","0"
"POINT (11.574032373000023 48.085129753000047)","Unfall 268123 (2023) Kat:3, Licht: 1","268123","3","7","0","09","18","7","","1","1","0","1","0"
"POINT (11.523052157000052 48.122760301000028)","Unfall 268124 (2023) Kat:3, Licht: 0","268124","3","6","6","09","17","7","","0","1","0","1","0"
"POINT (11.546597863000045 48.205145908000077)","Unfall 268147 (2023) Kat:3, Licht: 0","268147","3","1","0","10","14","2","","0","1","0","0","0"
"POINT (11.598698939000030 48.148622989000046)","Unfall 268164 (2023) Kat:3, Licht: 0","268164","3","7","0","10","09","4","","0","1","0","0","0"
"POINT (11.542251739000051 48.186054405000050)","Unfall 268165 (2023) Kat:3, Licht: 0","268165","3","1","0","10","16","4","","0","1","0","0","0"
"POINT (11.710747135000076 48.130780413000082)","Unfall 268167 (2023) Kat:3, Licht: 2","268167","3","7","0","10","19","4","","2","1","0","0","0"
"POINT (11.548510745000044 48.128058158000044)","Unfall 268169 (2023) Kat:3, Licht: 0","268169","3","5","1","10","08","5","","0","1","0","0","0"
"POINT (11.623253139000042 48.183022660000063)","Unfall 268184 (2023) Kat:3, Licht: 0","268184","3","6","6","10","16","1","","0","1","0","1","0"
"POINT (11.645617834000063 48.088833391000037)","Unfall 268192 (2023) Kat:3, Licht: 0","268192","3","6","4","10","14","3","","0","1","0","0","0"
"POINT (11.532389632000047 48.176637250000056)","Unfall 268198 (2023) Kat:3, Licht: 0","268198","3","5","1","10","15","4","","0","1","0","0","0"
"POINT (11.585328657000048 48.131543407000038)","Unfall 268203 (2023) Kat:3, Licht: 0","268203","3","7","0","10","16","5","","0","1","0","0","0"
"POINT (11.590155555000024 48.182021012000064)","Unfall 268224 (2023) Kat:3, Licht: 2","268224","3","3","5","10","21","4","","2","1","0","0","0"
"POINT (11.575378044000047 48.179763133000051)","Unfall 268230 (2023) Kat:3, Licht: 0","268230","3","6","3","10","11","7","","0","1","0","0","0"
"POINT (11.588214724000068 48.132604963000063)","Unfall 268237 (2023) Kat:3, Licht: 0","268237","3","6","4","10","13","2","","0","1","0","0","0"
"POINT (11.606454548000045 48.167127554000047)","Unfall 268247 (2023) Kat:3, Licht: 0","268247","3","6","4","10","15","1","","0","1","0","0","0"
"POINT (11.538772054000049 48.183327453000061)","Unfall 268260 (2023) Kat:3, Licht: 2","268260","3","6","7","11","18","2","","2","1","0","0","0"
"POINT (11.460659680000049 48.151065583000047)","Unfall 268264 (2023) Kat:3, Licht: 0","268264","3","3","5","11","08","4","","0","1","0","0","0"
"POINT (11.640460155000028 48.163669814000059)","Unfall 268265 (2023) Kat:2, Licht: 0","268265","2","2","5","11","15","4","","0","1","0","0","0"
"POINT (11.541029428000058 48.183212127000047)","Unfall 268281 (2023) Kat:2, Licht: 0","268281","2","6","1","11","12","2","","0","1","0","0","0"
"POINT (11.529141959000071 48.201238715000045)","Unfall 268283 (2023) Kat:3, Licht: 0","268283","3","7","0","11","12","5","","0","1","0","0","0"
"POINT (11.488630916000034 48.092116918000045)","Unfall 268289 (2023) Kat:3, Licht: 0","268289","3","7","0","11","08","2","","0","1","0","0","0"
"POINT (11.528991968000071 48.201239134000048)","Unfall 268290 (2023) Kat:3, Licht: 0","268290","3","6","1","11","13","5","","0","1","0","0","0"
"POINT (11.567755103000025 48.174011129000064)","Unfall 268299 (2023) Kat:2, Licht: 0","268299","2","1","0","12","09","2","","0","1","0","0","0"
"POINT (11.490693010000030 48.118702672000040)","Unfall 268300 (2023) Kat:2, Licht: 1","268300","2","1","0","12","19","2","","1","1","0","0","0"
"POINT (11.538665475000073 48.183315468000046)","Unfall 268302 (2023) Kat:3, Licht: 2","268302","3","6","0","12","18","3","","2","1","0","0","0"
"POINT (11.666383771000028 48.118592605000060)","Unfall 268308 (2023) Kat:3, Licht: 2","268308","3","7","0","12","16","3","","2","1","0","1","0"
"POINT (11.537213546000032 48.156619441000032)","Unfall 98075 (2024) Kat:3, Licht: 0","98075","3","6","2","01","10","1","","0","0","1","0","0"
"POINT (11.598636804000023 48.168887248000033)","Unfall 98094 (2024) Kat:3, Licht: 2","98094","3","1","9","01","21","7","","2","0","1","0","0"
"POINT (11.488421969000058 48.086103612000045)","Unfall 98095 (2024) Kat:2, Licht: 2","98095","2","3","5","01","03","7","","2","0","1","0","0"
"POINT (11.406514132000041 48.161596461000045)","Unfall 98138 (2024) Kat:3, Licht: 2","98138","3","6","0","01","13","7","","2","0","1","0","0"