WKT,Name,OBJECTID,UKATEGORIE,UTYP1,UART,UMONAT,USTUNDE,UWOCHENTAG,STRZUSTAND,ULICHTVERH,ISTRAD,ISTPKW,ISTFUSS,ISTKRAD
"POINT (11.634586772000034 48.218845093000027)","Unfall 98140 (2024) Kat:3, Licht: 2","98140","3","6","2","01","17","7","","2","0","1","0","0"
"POINT (11.527176004000069 48.129545273000076)","Unfall 98145 (2024) Kat:3, Licht: 0","98145","3","6","2","01","14","6","","0","0","1","0","0"
"POINT (11.554192258000057 48.176217063000081)","Unfall 98146 (2024) Kat:3, Licht: 2","98146","3","6","3","01","17","6","","2","0","1","0","0"
"POINT (11.488415937000070 48.085167726000066)","Unfall 98248 (2024) Kat:3, Licht: 0","98248","3","6","2","01","16","5","","0","0","1","0","0"
"POINT (11.591949313000043 48.105563687000028)","Unfall 98380 (2024) Kat:3, Licht: 1","98380","3","6","2","01","16","2","","1","0","1","0","0"
"POINT (11.485865922000073 48.209037552000041)","Unfall 98438 (2024) Kat:3, Licht: 2","98438","3","6","3","01","06","2","","2","0","1","0","0"
"POINT (11.655824064000058 48.124375745000066)","Unfall 98441 (2024) Kat:3, Licht: 2","98441","3","6","2","01","20","1","","2","0","1","0","0"
"POINT (11.645228381000038 48.088168044000042)","Unfall 98443 (2024) Kat:3, Licht: 2","98443","3","6","2","01","19","1","","2","0","1","0","0"
"POINT (11.587089129000049 48.210445800000059)","Unfall 98488 (2024) Kat:3, Licht: 2","98488","3","4","6","01","20","7","","2","0","1","1","0"
"POINT (11.584085407000032 48.192677233000040)","Unfall 98489 (2024) Kat:3, Licht: 0","98489","3","3","5","01","12","7","","0","1","1","0","0"
"POINT (11.536899148000032 48.151701693000064)","Unfall 98490 (2024) Kat:3, Licht: 2","98490","3","2","6","01","22","7","","2","0","1","1","0"
"POINT (11.396868237000035 48.138930636000055)","Unfall 98525 (2024) Kat:3, Licht: 0","98525","3","6","2","01","14","7","","0","0","1","0","0"
"POINT (11.395083648000025 48.150573009000027)","Unfall 98538 (2024) Kat:3, Licht: 1","98538","3","6","2","01","16","7","","1","0","1","0","0"
"POINT (11.620290538000063 48.120477577000031)","Unfall 98542 (2024) Kat:2, Licht: 0","98542","2","3","5","01","14","6","","0","1","1","0","0"
"POINT (11.558193367000058 48.176251302000026)","Unfall 98582 (2024) Kat:3, Licht: 2","98582","3","3","5","01","18","5","","2","0","1","0","0"
"POINT (11.610880876000067 48.185910859000046)","Unfall 98583 (2024) Kat:3, Licht: 0","98583","3","2","0","01","09","5","","0","0","1","0","0"
"POINT (11.537419034000038 48.159658850000028)","Unfall 98632 (2024) Kat:3, Licht: 0","98632","3","3","5","01","15","4","","0","0","1","0","0"
"POINT (11.556769333000034 48.178678803000025)","Unfall 98668 (2024) Kat:2, Licht: 2","98668","2","4","6","01","17","3","","2","0","1","1","0"
"POINT (11.392277879000062 48.146131525000044)","Unfall 98669 (2024) Kat:3, Licht: 2","98669","3","6","1","01","17","3","","2","0","1","0","0"
"POINT (11.573091471000055 48.107808745000057)","Unfall 98670 (2024) Kat:3, Licht: 2","98670","3","4","6","01","20","3","","2","1","0","1","0"
"POINT (11.616288341000029 48.147539063000067)","Unfall 99168 (2024) Kat:3, Licht: 1","99168","3","1","2","02","13","6","","1","0","1","0","0"
"POINT (11.626342681000040 48.138464250000027)","Unfall 99169 (2024) Kat:3, Licht: 2","99169","3","6","4","02","18","6","","2","1","0","0","0"
"POINT (11.487461797000037 48.086431585000071)","Unfall 99214 (2024) Kat:3, Licht: 0","99214","3","3","5","02","13","5","","0","0","1","0","0"
"POINT (11.563151117000075 48.113036635000071)","Unfall 99252 (2024) Kat:3, Licht: 0","99252","3","6","2","02","15","4","","0","0","1","0","0"
"POINT (11.432538589000046 48.181160016000035)","Unfall 99281 (2024) Kat:3, Licht: 0","99281","3","7","9","02","15","4","","0","0","0","0","1"
"POINT (11.534637967000037 48.186944274000041)","Unfall 99286 (2024) Kat:3, Licht: 2","99286","3","6","3","02","05","3","","2","0","1","0","0"
"POINT (11.608053454000071 48.109042305000060)","Unfall 99355 (2024) Kat:3, Licht: 1","99355","3","3","5","02","17","1","","1","0","1","0","0"
"POINT (11.585066719000054 48.177512835000073)","Unfall 99407 (2024) Kat:3, Licht: 0","99407","3","6","2","02","12","6","","0","0","1","0","0"
"POINT (11.589180501000044 48.177096128000073)","Unfall 99408 (2024) Kat:3, Licht: 2","99408","3","6","2","02","20","6","","2","0","1","0","0"
"POINT (11.574958883000022 48.177883495000060)","Unfall 99409 (2024) Kat:3, Licht: 2","99409","3","6","1","02","07","6","","2","0","1","0","0"
"POINT (11.619321659000036 48.201495205000072)","Unfall 99445 (2024) Kat:3, Licht: 2","99445","3","1","9","02","18","6","","2","0","1","0","0"
"POINT (11.538763703000029 48.224176178000050)","Unfall 99446 (2024) Kat:3, Licht: 0","99446","3","1","9","02","07","6","","0","0","1","0","0"
"POINT (11.648866782000027 48.083491034000076)","Unfall 99450 (2024) Kat:3, Licht: 0","99450","3","1","1","02","07","5","","0","0","1","0","0"
"POINT (11.621593314000052 48.137646618000076)","Unfall 99451 (2024) Kat:3, Licht: 0","99451","3","6","2","02","14","5","","0","0","1","0","0"
"POINT (11.516882603000056 48.114618191000034)","Unfall 99456 (2024) Kat:3, Licht: 0","99456","3","1","9","02","17","5","","0","0","0","0","1"
"POINT (11.488509920000070 48.095260603000042)","Unfall 99469 (2024) Kat:3, Licht: 0","99469","3","6","2","02","11","7","","0","0","1","0","0"
"POINT (11.614727089000041 48.138169664000031)","Unfall 99492 (2024) Kat:3, Licht: 0","99492","3","7","2","02","08","4","","0","0","1","0","0"
"POINT (11.585107101000062 48.179956453000045)","Unfall 99493 (2024) Kat:3, Licht: 0","99493","3","6","2","02","09","4","","0","0","1","0","0"
"POINT (11.477604270000029 48.145235718000038)","Unfall 99494 (2024) Kat:3, Licht: 0","99494","3","7","9","02","12","4","","0","0","1","0","0"
"POINT (11.601903997000022 48.108169304000057)","Unfall 99495 (2024) Kat:3, Licht: 2","99495","3","2","5","02","18","4","","2","1","1","0","0"
"POINT (11.623346297000069 48.223473016000071)","Unfall 99533 (2024) Kat:3, Licht: 0","99533","3","6","2","02","08","4","","0","0","1","0","0"
"POINT (11.614646289000063 48.139280208000059)","Unfall 99536 (2024) Kat:3, Licht: 0","99536","3","2","5","02","07","3","","0","1","1","0","0"
"POINT (11.621650558000056 48.160383539000065)","Unfall 99538 (2024) Kat:3, Licht: 2","99538","3","6","2","02","18","3","","2","0","1","0","0"
"POINT (11.616337064000049 48.148027823000064)","Unfall 99539 (2024) Kat:3, Licht: 0","99539","3","7","8","02","14","3","","0","0","1","0","0"
"POINT (11.634766974000058 48.127219567000054)","Unfall 99540 (2024) Kat:3, Licht: 2","99540","3","2","6","02","07","3","","2","0","1","1","0"
"POINT (11.565433542000051 48.176114000000041)","Unfall 99656 (2024) Kat:3, Licht: 0","99656","3","3","5","02","08","7","","0","1","1","0","0"
"POINT (11.484555798000031 48.212829651000050)","Unfall 99657 (2024) Kat:3, Licht: 0","99657","3","6","2","02","13","7","","0","0","1","0","0"
"POINT (11.709367902000054 48.142082519000041)","Unfall 99689 (2024) Kat:2, Licht: 1","99689","2","3","5","02","17","6","","1","0","1","0","1"
"POINT (11.630403191000028 48.128421558000070)","Unfall 99690 (2024) Kat:3, Licht: 0","99690","3","2","4","02","14","6","","0","0","1","0","0"
"POINT (11.413832236000076 48.162418139000067)","Unfall 99692 (2024) Kat:3, Licht: 0","99692","3","1","1","02","16","6","","0","0","1","0","0"
"POINT (11.533731157000034 48.085905681000042)","Unfall 99693 (2024) Kat:3, Licht: 0","99693","3","6","6","02","13","6","","0","1","0","1","0"
"POINT (11.537185769000075 48.154482183000027)","Unfall 99729 (2024) Kat:3, Licht: 0","99729","3","6","2","02","14","5","","0","0","1","0","0"
"POINT (11.628326162000064 48.218963228000064)","Unfall 99783 (2024) Kat:3, Licht: 0","99783","3","6","3","02","16","5","","0","0","1","0","0"
"POINT (11.537755102000062 48.186798007000050)","Unfall 99786 (2024) Kat:3, Licht: 0","99786","3","7","2","01","16","4","","0","0","1","0","0"
"POINT (11.605463825000072 48.108720184000049)","Unfall 99788 (2024) Kat:3, Licht: 1","99788","3","2","5","01","07","4","","1","0","1","0","0"
"POINT (11.615275512000039 48.129418544000032)","Unfall 99903 (2024) Kat:3, Licht: 0","99903","3","3","5","01","16","2","","0","0","1","0","0"
"POINT (11.620155534000048 48.120163425000044)","Unfall 99926 (2024) Kat:3, Licht: 2","99926","3","2","3","02","23","2","","2","1","1","0","0"
"POINT (11.426361977000056 48.143194806000054)","Unfall 99961 (2024) Kat:3, Licht: 0","99961","3","3","5","01","16","1","","0","1","1","0","0"
"POINT (11.531299815000068 48.131475885000043)","Unfall 100037 (2024) Kat:3, Licht: 2","100037","3","2","3","01","19","6","","2","1","1","0","0"
"POINT (11.585106735000068 48.179960204000054)","Unfall 100038 (2024) Kat:3, Licht: 2","100038","3","6","2","01","21","6","","2","0","1","0","0"
"POINT (11.562529760000075 48.175976594000076)","Unfall 100040 (2024) Kat:2, Licht: 2","100040","2","6","3","01","06","6","","2","0","1","0","1"
"POINT (11.587625159000027 48.213473110000052)","Unfall 100078 (2024) Kat:3, Licht: 0","100078","3","6","1","01","09","5","","0","0","1","0","0"
"POINT (11.425282868000068 48.174495928000056)","Unfall 100167 (2024) Kat:3, Licht: 2","100167","3","7","2","01","16","4","","2","0","1","0","0"
"POINT (11.418355534000057 48.169576837000079)","Unfall 100169 (2024) Kat:3, Licht: 0","100169","3","6","2","01","16","4","","0","0","1","0","0"
"POINT (11.602731928000026 48.178305617000035)","Unfall 100179 (2024) Kat:3, Licht: 0","100179","3","4","6","01","13","3","","0","0","1","1","0"
"POINT (11.537052167000070 48.151959868000063)","Unfall 100180 (2024) Kat:2, Licht: 1","100180","2","7","0","01","06","3","","1","0","0","0","1"
"POINT (11.479281544000060 48.123549557000047)","Unfall 100181 (2024) Kat:3, Licht: 0","100181","3","6","2","02","14","7","","0","0","1","0","0"
"POINT (11.521420817000035 48.125679197000068)","Unfall 100182 (2024) Kat:3, Licht: 0","100182","3","1","8","01","13","3","","0","0","1","0","0"
"POINT (11.697308383000063 48.114518074000046)","Unfall 100203 (2024) Kat:3, Licht: 2","100203","3","1","8","02","23","6","","2","0","1","0","0"
"POINT (11.429109159000063 48.177621283000065)","Unfall 100271 (2024) Kat:3, Licht: 2","100271","3","6","2","01","18","3","","2","0","1","0","0"
"POINT (11.653687822000052 48.094182917000069)","Unfall 100277 (2024) Kat:3, Licht: 2","100277","3","2","5","02","19","4","","2","1","1","0","0"
"POINT (11.537008960000037 48.151447861000065)","Unfall 100294 (2024) Kat:3, Licht: 0","100294","3","6","2","01","07","2","","0","0","1","0","0"
"POINT (11.433633217000022 48.180604699000071)","Unfall 100331 (2024) Kat:3, Licht: 0","100331","3","6","3","01","10","2","","0","0","1","0","0"
"POINT (11.538009833000046 48.110667629000034)","Unfall 100340 (2024) Kat:3, Licht: 0","100340","3","6","2","01","10","1","","0","0","1","0","0"
"POINT (11.490391598000031 48.202801348000037)","Unfall 100367 (2024) Kat:3, Licht: 0","100367","3","7","1","01","12","7","","0","0","1","0","0"
"POINT (11.461106805000043 48.180802803000063)","Unfall 100369 (2024) Kat:3, Licht: 0","100369","3","7","2","01","13","7","","0","0","1","0","0"
"POINT (11.396650675000046 48.139352420000080)","Unfall 100428 (2024) Kat:3, Licht: 2","100428","3","6","5","01","18","7","","2","0","0","0","0"
"POINT (11.459087378000049 48.150156268000046)","Unfall 100431 (2024) Kat:3, Licht: 0","100431","3","2","4","01","12","6","","0","0","1","0","0"
"POINT (11.425828776000060 48.174282455000025)","Unfall 100499 (2024) Kat:3, Licht: 2","100499","3","6","3","01","18","6","","2","0","1","0","0"
"POINT (11.624419745000068 48.163332903000025)","Unfall 100508 (2024) Kat:3, Licht: 2","100508","3","6","2","01","20","5","","2","0","1","0","0"
"POINT (11.605960327000048 48.156584027000065)","Unfall 100656 (2024) Kat:3, Licht: 0","100656","3","6","2","01","08","3","","0","0","1","0","0"
"POINT (11.616146234000041 48.131046888000071)","Unfall 100743 (2024) Kat:3, Licht: 1","100743","3","2","5","02","16","3","","1","0","1","0","0"
"POINT (11.630580774000066 48.128374450000081)","Unfall 100861 (2024) Kat:3, Licht: 2","100861","3","2","3","03","19","4","","2","1","1","0","0"
"POINT (11.521697642000049 48.189798818000043)","Unfall 100862 (2024) Kat:3, Licht: 0","100862","3","6","2","03","13","4","","0","0","1","0","0"
"POINT (11.534665735000033 48.142427513000030)","Unfall 100960 (2024) Kat:2, Licht: 0","100960","2","6","3","03","18","2","","0","1","0","0","0"
"POINT (11.447196482000038 48.204173341000057)","Unfall 101000 (2024) Kat:3, Licht: 0","101000","3","6","2","03","12","2","","0","0","1","0","0"
"POINT (11.613713283000038 48.189815778000082)","Unfall 101004 (2024) Kat:3, Licht: 0","101004","3","6","3","03","16","2","","0","0","1","0","0"
"POINT (11.584381521000068 48.188746000000037)","Unfall 101038 (2024) Kat:3, Licht: 0","101038","3","7","0","03","07","7","","0","0","0","0","0"
"POINT (11.603152778000037 48.157778195000049)","Unfall 101039 (2024) Kat:3, Licht: 0","101039","3","6","0","03","16","7","","0","0","1","0","0"
"POINT (11.472480497000049 48.123586929000055)","Unfall 101068 (2024) Kat:3, Licht: 2","101068","3","6","2","03","20","7","","2","0","1","0","0"
"POINT (11.516904845000056 48.124147396000069)","Unfall 101070 (2024) Kat:3, Licht: 0","101070","3","6","2","03","10","7","","0","0","1","0","0"
"POINT (11.618838328000038 48.130370802000073)","Unfall 101074 (2024) Kat:2, Licht: 0","101074","2","2","6","03","08","6","","0","0","1","1","0"
"POINT (11.576548105000029 48.111431201000073)","Unfall 101130 (2024) Kat:3, Licht: 2","101130","3","6","3","03","21","5","","2","0","1","0","0"
"POINT (11.584545257000059 48.196706291000055)","Unfall 101135 (2024) Kat:3, Licht: 0","101135","3","6","2","03","17","5","","0","0","1","0","0"
"POINT (11.483559087000060 48.213743325000053)","Unfall 101136 (2024) Kat:3, Licht: 0","101136","3","3","5","03","13","5","","0","0","1","0","0"
"POINT (11.488697670000022 48.095716186000061)","Unfall 101187 (2024) Kat:3, Licht: 0","101187","3","6","3","03","12","5","","0","0","1","0","0"
"POINT (11.653884501000050 48.094122947000074)","Unfall 101198 (2024) Kat:3, Licht: 0","101198","3","2","4","03","16","4","","0","1","1","0","0"
"POINT (11.465199747000042 48.114522099000055)","Unfall 101214 (2024) Kat:3, Licht: 2","101214","3","6","2","03","22","3","","2","0","1","0","0"
"POINT (11.626469703000055 48.215814830000056)","Unfall 101254 (2024) Kat:3, Licht: 0","101254","3","6","2","03","07","4","","0","0","1","0","0"
"POINT (11.614385193000032 48.111625484000058)","Unfall 101255 (2024) Kat:3, Licht: 0","101255","3","3","5","03","10","3","","0","0","1","0","0"
"POINT (11.614170227000045 48.152833938000072)","Unfall 101257 (2024) Kat:3, Licht: 0","101257","3","3","5","03","12","3","","0","1","1","0","0"
"POINT (11.626628571000026 48.129113438000047)","Unfall 101258 (2024) Kat:3, Licht: 0","101258","3","2","5","03","16","3","","0","1","1","0","0"
"POINT (11.614535627000066 48.138223423000056)","Unfall 101373 (2024) Kat:3, Licht: 0","101373","3","7","8","03","18","1","","0","0","1","0","0"
"POINT (11.630827175000036 48.128307528000050)","Unfall 101374 (2024) Kat:3, Licht: 0","101374","3","6","2","03","14","1","","0","0","1","0","1"
"POINT (11.608625160000031 48.109155800000053)","Unfall 101455 (2024) Kat:3, Licht: 2","101455","3","2","2","03","18","6","","2","0","1","0","0"
"POINT (11.500841645000037 48.193033003000039)","Unfall 101458 (2024) Kat:2, Licht: 0","101458","2","6","2","03","08","6","","0","0","1","0","0"
"POINT (11.586952722000035 48.208914642000082)","Unfall 101459 (2024) Kat:3, Licht: 2","101459","3","7","9","03","00","6","","2","0","1","0","0"
"POINT (11.443955958000060 48.145628807000037)","Unfall 101460 (2024) Kat:3, Licht: 1","101460","3","7","0","03","05","6","","1","1","0","0","0"
"POINT (11.424373668000044 48.173817389000078)","Unfall 101501 (2024) Kat:3, Licht: 0","101501","3","6","2","03","16","6","","0","0","1","0","0"
"POINT (11.630941792000044 48.224639081000078)","Unfall 101576 (2024) Kat:3, Licht: 2","101576","3","1","8","03","22","5","","2","0","1","0","0"
"POINT (11.528602076000027 48.130304532000025)","Unfall 101578 (2024) Kat:3, Licht: 0","101578","3","2","5","03","08","4","","0","0","1","0","0"
"POINT (11.586880417000032 48.208547626000041)","Unfall 101606 (2024) Kat:3, Licht: 2","101606","3","7","9","03","18","1","","2","0","1","0","0"
"POINT (11.519322108000040 48.110228974000051)","Unfall 101627 (2024) Kat:3, Licht: 0","101627","3","6","2","03","12","3","","0","0","1","0","0"
"POINT (11.584738438000045 48.198301695000055)","Unfall 101628 (2024) Kat:3, Licht: 0","101628","3","1","0","03","13","3","","0","1","0","0","0"
"POINT (11.671776563000037 48.119603229000063)","Unfall 101677 (2024) Kat:3, Licht: 0","101677","3","6","2","03","10","2","","0","0","1","0","0"
"POINT (11.419829483000058 48.142292518000033)","Unfall 101679 (2024) Kat:3, Licht: 0","101679","3","3","5","03","15","2","","0","1","1","0","0"
"POINT (11.596203003000028 48.165232382000056)","Unfall 101768 (2024) Kat:3, Licht: 0","101768","3","6","2","03","12","7","","0","0","1","0","0"
"POINT (11.614636663000056 48.153076731000056)","Unfall 101797 (2024) Kat:3, Licht: 2","101797","3","6","2","03","18","7","","2","0","1","0","0"
"POINT (11.663891772000056 48.121610967000038)","Unfall 101799 (2024) Kat:3, Licht: 0","101799","3","3","1","03","08","7","","0","1","1","0","0"
"POINT (11.535120324000047 48.225517533000072)","Unfall 101833 (2024) Kat:3, Licht: 0","101833","3","6","2","03","10","7","","0","0","1","0","0"
"POINT (11.536642492000055 48.148415752000062)","Unfall 101837 (2024) Kat:3, Licht: 0","101837","3","6","2","03","12","6","","0","0","1","0","1"
"POINT (11.518515605000061 48.141371198000058)","Unfall 101839 (2024) Kat:3, Licht: 0","101839","3","2","6","03","13","6","","0","0","1","1","0"
"POINT (11.699617627000066 48.142207095000060)","Unfall 101918 (2024) Kat:3, Licht: 2","101918","3","6","2","03","19","6","","2","0","1","0","0"
"POINT (11.516287560000023 48.113201498000080)","Unfall 101925 (2024) Kat:3, Licht: 2","101925","3","6","0","03","19","5","","2","0","1","0","1"
"POINT (11.395450932000074 48.141737219000049)","Unfall 101970 (2024) Kat:3, Licht: 2","101970","3","6","2","03","18","5","","2","0","1","0","0"
"POINT (11.509493942000063 48.125179548000062)","Unfall 101971 (2024) Kat:3, Licht: 0","101971","3","6","1","03","06","5","","0","0","1","0","0"
"POINT (11.502345935000051 48.125747887000045)","Unfall 101972 (2024) Kat:3, Licht: 0","101972","3","6","2","03","08","5","","0","0","1","0","0"
"POINT (11.617087117000040 48.130801798000050)","Unfall 101977 (2024) Kat:2, Licht: 0","101977","2","7","3","03","13","4","","0","0","1","0","0"
"POINT (11.497938002000069 48.211921194000070)","Unfall 102005 (2024) Kat:3, Licht: 0","102005","3","6","2","03","14","6","","0","0","1","0","0"
"POINT (11.496354758000052 48.124955451000062)","Unfall 102024 (2024) Kat:3, Licht: 0","102024","3","6","2","03","09","4","","0","0","1","0","1"
"POINT (11.545610233000048 48.111866557000042)","Unfall 102031 (2024) Kat:3, Licht: 2","102031","3","6","1","03","16","3","","2","0","1","0","0"
"POINT (11.534746653000070 48.143620027000054)","Unfall 102032 (2024) Kat:3, Licht: 0","102032","3","7","3","03","09","3","","0","0","1","0","0"
"POINT (11.414076282000053 48.161828839000066)","Unfall 102033 (2024) Kat:3, Licht: 0","102033","3","6","2","03","16","3","","0","0","1","0","1"
"POINT (11.615121018000025 48.109569480000062)","Unfall 102076 (2024) Kat:3, Licht: 0","102076","3","6","2","03","08","3","","0","0","1","0","0"
"POINT (11.613782117000028 48.190241517000061)","Unfall 102086 (2024) Kat:3, Licht: 0","102086","3","6","1","03","08","3","","0","0","1","0","0"
"POINT (11.616827396000076 48.113965018000044)","Unfall 102091 (2024) Kat:3, Licht: 0","102091","3","6","0","03","17","2","","0","0","1","0","0"
"POINT (11.615956015000052 48.145596252000075)","Unfall 102092 (2024) Kat:3, Licht: 2","102092","3","7","2","03","09","2","","2","0","1","0","0"
"POINT (11.638100993000023 48.221520832000067)","Unfall 102140 (2024) Kat:3, Licht: 0","102140","3","7","0","03","16","1","","0","1","0","1","0"
"POINT (11.554366887000072 48.112354743000026)","Unfall 102141 (2024) Kat:3, Licht: 0","102141","3","6","2","03","13","1","","0","0","1","0","0"
"POINT (11.500756537000029 48.143265617000054)","Unfall 102144 (2024) Kat:3, Licht: 0","102144","3","6","2","03","16","1","","0","0","1","0","0"
"POINT (11.539608738000027 48.112973968000063)","Unfall 102274 (2024) Kat:3, Licht: 2","102274","3","3","6","03","22","6","","2","0","1","1","0"
"POINT (11.393846035000024 48.145197180000025)","Unfall 102399 (2024) Kat:2, Licht: 2","102399","2","7","8","03","18","4","","2","0","0","0","0"
"POINT (11.472499075000030 48.209712024000055)","Unfall 102400 (2024) Kat:3, Licht: 0","102400","3","6","2","02","12","5","","0","0","1","0","0"
"POINT (11.597472633000052 48.107173437000029)","Unfall 102409 (2024) Kat:3, Licht: 0","102409","3","6","3","02","07","4","","0","1","0","0","0"
"POINT (11.625031410000076 48.222652471000060)","Unfall 102468 (2024) Kat:3, Licht: 2","102468","3","6","0","02","18","4","","2","0","1","0","0"
"POINT (11.619948552000039 48.202743580000060)","Unfall 102554 (2024) Kat:3, Licht: 0","102554","3","6","2","02","06","2","","0","0","1","0","0"
"POINT (11.604277315000047 48.108579367000061)","Unfall 102557 (2024) Kat:3, Licht: 2","102557","3","6","1","02","03","1","","2","0","1","0","0"
"POINT (11.623306328000069 48.129750577000038)","Unfall 102559 (2024) Kat:3, Licht: 0","102559","3","1","2","02","11","1","","0","0","1","0","0"
"POINT (11.650999496000054 48.095061803000078)","Unfall 102564 (2024) Kat:3, Licht: 0","102564","3","1","0","02","16","1","","0","1","0","0","0"
"POINT (11.646449962000077 48.096423947000062)","Unfall 102591 (2024) Kat:3, Licht: 0","102591","3","1","5","02","12","7","","0","0","1","0","0"
"POINT (11.502803110000059 48.143322528000056)","Unfall 102642 (2024) Kat:3, Licht: 1","102642","3","6","2","02","06","6","","1","1","0","0","0"
"POINT (11.651765322000074 48.104597192000028)","Unfall 102699 (2024) Kat:3, Licht: 2","102699","3","3","4","02","19","5","","2","0","1","0","1"
"POINT (11.460702395000055 48.176447523000036)","Unfall 102702 (2024) Kat:3, Licht: 0","102702","3","2","3","03","14","4","","0","1","0","0","0"
"POINT (11.537738741000055 48.090128229000072)","Unfall 102830 (2024) Kat:3, Licht: 0","102830","3","6","2","02","16","3","","0","0","1","0","0"
"POINT (11.617630321000036 48.115312702000040)","Unfall 102833 (2024) Kat:3, Licht: 0","102833","3","2","5","02","12","3","","0","1","1","0","0"
"POINT (11.480159137000044 48.216796869000063)","Unfall 102871 (2024) Kat:2, Licht: 2","102871","2","2","6","02","05","2","","2","0","1","1","0"
"POINT (11.488648726000065 48.144515486000046)","Unfall 102889 (2024) Kat:3, Licht: 2","102889","3","6","3","03","20","7","","2","0","1","0","1"
"POINT (11.555120189000036 48.112345595000079)","Unfall 102971 (2024) Kat:3, Licht: 0","102971","3","1","2","02","15","7","","0","0","1","0","0"
"POINT (11.611005542000044 48.186186974000066)","Unfall 102972 (2024) Kat:3, Licht: 2","102972","3","2","5","02","20","7","","2","1","1","0","0"
"POINT (11.457841192000046 48.206124684000031)","Unfall 102973 (2024) Kat:3, Licht: 2","102973","3","2","5","02","21","7","","2","1","1","0","0"
"POINT (11.537073027000076 48.110582870000030)","Unfall 102999 (2024) Kat:3, Licht: 0","102999","3","6","2","04","19","2","","0","0","1","0","0"
"POINT (11.478407318000052 48.123282573000040)","Unfall 103003 (2024) Kat:3, Licht: 0","103003","3","6","2","04","15","2","","0","0","1","0","0"
"POINT (11.559393143000023 48.112490182000045)","Unfall 103005 (2024) Kat:3, Licht: 0","103005","3","6","2","04","17","2","","0","0","1","0","0"
"POINT (11.460799852000036 48.176108287000034)","Unfall 103055 (2024) Kat:2, Licht: 0","103055","2","7","0","04","14","1","","0","1","0","0","0"
"POINT (11.547190764000050 48.194234434000066)","Unfall 103056 (2024) Kat:2, Licht: 0","103056","2","1","0","04","16","1","","0","0","0","0","0"
"POINT (11.584342050000032 48.189198988000044)","Unfall 103139 (2024) Kat:3, Licht: 2","103139","3","6","2","04","23","7","","2","0","1","0","0"
"POINT (11.454180553000072 48.137203988000067)","Unfall 103141 (2024) Kat:3, Licht: 0","103141","3","3","6","04","16","7","","0","0","1","1","0"
"POINT (11.520182069000043 48.123729690000062)","Unfall 103220 (2024) Kat:3, Licht: 0","103220","3","6","2","04","15","7","","0","0","1","0","0"
"POINT (11.620150844000023 48.120538381000074)","Unfall 103229 (2024) Kat:3, Licht: 0","103229","3","2","5","04","15","6","","0","1","1","0","0"
"POINT (11.648708606000071 48.083639659000028)","Unfall 103230 (2024) Kat:3, Licht: 0","103230","3","6","1","04","12","6","","0","0","1","0","0"
"POINT (11.516992230000028 48.117691328000035)","Unfall 103231 (2024) Kat:3, Licht: 2","103231","3","7","2","04","12","6","","2","0","1","0","1"
"POINT (11.612263287000076 48.188311080000062)","Unfall 103338 (2024) Kat:3, Licht: 0","103338","3","6","3","04","13","6","","0","0","1","0","0"
"POINT (11.541616152000074 48.098664700000029)","Unfall 103342 (2024) Kat:3, Licht: 0","103342","3","6","3","04","16","5","","0","0","1","0","1"
"POINT (11.585701405000066 48.202573150000035)","Unfall 103346 (2024) Kat:3, Licht: 0","103346","3","2","5","04","08","5","","0","1","1","0","0"
"POINT (11.569987257000037 48.111461193000025)","Unfall 103347 (2024) Kat:3, Licht: 0","103347","3","2","5","04","15","5","","0","1","1","0","0"
"POINT (11.585934549000058 48.204539135000061)","Unfall 103410 (2024) Kat:3, Licht: 2","103410","3","1","0","04","23","4","","2","0","1","0","0"
"POINT (11.610568787000034 48.185603427000046)","Unfall 103411 (2024) Kat:3, Licht: 0","103411","3","6","1","04","15","4","","0","0","1","0","0"
"POINT (11.535547906000033 48.186883336000051)","Unfall 103414 (2024) Kat:3, Licht: 0","103414","3","6","2","04","15","4","","0","0","1","0","0"
"POINT (11.586870383000075 48.096837183000048)","Unfall 103416 (2024) Kat:3, Licht: 0","103416","3","6","2","04","16","4","","0","0","1","0","0"
"POINT (11.671232075000034 48.119550281000045)","Unfall 103417 (2024) Kat:3, Licht: 0","103417","3","3","5","04","14","4","","0","0","1","0","0"
"POINT (11.605439710000041 48.108717339000066)","Unfall 103418 (2024) Kat:3, Licht: 0","103418","3","3","5","04","08","4","","0","0","1","0","0"
"POINT (11.618731790000027 48.108909151000034)","Unfall 103419 (2024) Kat:3, Licht: 0","103419","3","3","5","04","18","4","","0","0","1","0","0"
"POINT (11.614470572000073 48.096204269000054)","Unfall 103462 (2024) Kat:3, Licht: 2","103462","3","6","2","04","05","4","","2","0","1","0","0"
"POINT (11.517957073000048 48.111025805000054)","Unfall 103468 (2024) Kat:3, Licht: 0","103468","3","6","1","04","08","3","","0","0","0","0","1"
"POINT (11.534719706000033 48.142761362000044)","Unfall 103469 (2024) Kat:3, Licht: 0","103469","3","6","3","04","16","3","","0","0","1","0","0"
"POINT (11.525874202000068 48.128737572000034)","Unfall 103522 (2024) Kat:3, Licht: 2","103522","3","6","3","04","16","2","","2","0","1","0","0"
"POINT (11.494726346000050 48.143902526000034)","Unfall 103524 (2024) Kat:3, Licht: 0","103524","3","3","5","04","17","2","","0","1","0","0","0"
"POINT (11.488071870000056 48.081937052000058)","Unfall 103591 (2024) Kat:3, Licht: 0","103591","3","7","8","04","11","2","","0","0","0","0","0"