WKT,Name,OBJECTID,UKATEGORIE,UTYP1,UART,UMONAT,USTUNDE,UWOCHENTAG,STRZUSTAND,ULICHTVERH,ISTRAD,ISTPKW,ISTFUSS,ISTKRAD
"POINT (11.620176608000065 48.202717515000074)","Unfall 103619 (2024) Kat:3, Licht: 0","103619","3","6","2","04","14","2","","0","0","1","0","0"
"POINT (11.623850029000039 48.104424647000030)","Unfall 103622 (2024) Kat:3, Licht: 0","103622","3","1","0","04","18","1","","0","0","0","0","0"
"POINT (11.427352281000026 48.184758539000029)","Unfall 103669 (2024) Kat:3, Licht: 0","103669","3","6","8","04","19","6","","0","0","1","0","0"
"POINT (11.620228178000048 48.120314401000030)","Unfall 103701 (2024) Kat:3, Licht: 0","103701","3","2","4","04","18","7","","0","0","1","0","1"
"POINT (11.579953474000035 48.107511117000058)","Unfall 103702 (2024) Kat:3, Licht: 0","103702","3","6","3","04","14","7","","0","0","1","0","0"
"POINT (11.538612478000061 48.171273554000038)","Unfall 103704 (2024) Kat:3, Licht: 0","103704","3","6","2","04","15","7","","0","0","1","0","0"
"POINT (11.502923107000072 48.087418534000051)","Unfall 103706 (2024) Kat:3, Licht: 0","103706","3","1","0","04","15","7","","0","0","0","0","1"
"POINT (11.476369967000039 48.088860855000064)","Unfall 103812 (2024) Kat:3, Licht: 0","103812","3","6","2","04","16","6","","0","0","1","0","1"
"POINT (11.585396661000061 48.200955667000073)","Unfall 103813 (2024) Kat:2, Licht: 2","103813","2","2","6","04","20","6","","2","0","1","1","0"
"POINT (11.565467657000056 48.113246898000057)","Unfall 103815 (2024) Kat:3, Licht: 0","103815","3","3","5","04","16","6","","0","1","1","0","0"
"POINT (11.558352720000073 48.175855985000055)","Unfall 103816 (2024) Kat:2, Licht: 0","103816","2","3","5","04","12","6","","0","0","1","0","0"
"POINT (11.584440037000036 48.188116923000052)","Unfall 103832 (2024) Kat:3, Licht: 2","103832","3","7","9","04","23","2","","2","0","0","0","1"
"POINT (11.597436109000057 48.173312433000035)","Unfall 103903 (2024) Kat:3, Licht: 0","103903","3","6","2","04","13","5","","0","0","1","0","0"
"POINT (11.598412392000057 48.172825109000030)","Unfall 103904 (2024) Kat:3, Licht: 0","103904","3","6","2","04","09","5","","0","0","1","0","0"
"POINT (11.597715213000072 48.173262003000048)","Unfall 103905 (2024) Kat:3, Licht: 0","103905","3","6","2","04","13","5","","0","0","1","0","0"
"POINT (11.610935882000035 48.185932907000051)","Unfall 103945 (2024) Kat:2, Licht: 0","103945","2","2","4","04","13","2","","0","0","1","0","0"
"POINT (11.676423975000034 48.119399839000039)","Unfall 103972 (2024) Kat:3, Licht: 0","103972","3","6","3","04","15","4","","0","0","1","0","0"
"POINT (11.608061060000068 48.109043663000080)","Unfall 104029 (2024) Kat:3, Licht: 2","104029","3","6","2","04","23","3","","2","0","1","0","0"
"POINT (11.555335762000027 48.176086131000034)","Unfall 104030 (2024) Kat:3, Licht: 0","104030","3","6","2","04","16","3","","0","0","1","0","0"
"POINT (11.509602961000041 48.125002378000033)","Unfall 104089 (2024) Kat:3, Licht: 0","104089","3","6","3","04","17","3","","0","0","1","0","0"
"POINT (11.580092873000069 48.107057840000039)","Unfall 104095 (2024) Kat:3, Licht: 2","104095","3","7","8","04","03","2","","2","0","1","0","0"
"POINT (11.400426608000032 48.139342014000079)","Unfall 104096 (2024) Kat:3, Licht: 0","104096","3","6","3","04","18","2","","0","0","1","0","0"
"POINT (11.584077075000039 48.193383210000036)","Unfall 104132 (2024) Kat:3, Licht: 2","104132","3","6","2","03","00","1","","2","0","1","0","0"
"POINT (11.617816213000026 48.115356355000074)","Unfall 104185 (2024) Kat:3, Licht: 0","104185","3","2","4","03","12","7","","0","0","1","0","1"
"POINT (11.406075719000057 48.140299166000034)","Unfall 104187 (2024) Kat:3, Licht: 0","104187","3","3","5","03","11","7","","0","1","1","0","0"
"POINT (11.585478639000030 48.177321592000055)","Unfall 104190 (2024) Kat:3, Licht: 2","104190","3","1","1","03","23","7","","2","0","1","0","0"
"POINT (11.519091087000049 48.121915990000048)","Unfall 104262 (2024) Kat:3, Licht: 2","104262","3","6","9","05","15","6","","2","0","1","0","0"
"POINT (11.485613925000052 48.086707532000048)","Unfall 104263 (2024) Kat:3, Licht: 0","104263","3","6","2","05","16","6","","0","0","1","0","0"
"POINT (11.649591720000046 48.095511195000029)","Unfall 104264 (2024) Kat:3, Licht: 1","104264","3","7","1","05","19","6","","1","1","1","0","0"
"POINT (11.618363115000022 48.116581143000076)","Unfall 104326 (2024) Kat:3, Licht: 0","104326","3","6","1","05","16","6","","0","0","1","0","0"
"POINT (11.394854234000036 48.143040502000076)","Unfall 104334 (2024) Kat:2, Licht: 0","104334","2","1","9","05","10","6","","0","0","0","0","1"
"POINT (11.516849382000032 48.115976231000047)","Unfall 104360 (2024) Kat:2, Licht: 2","104360","2","7","8","05","12","6","","2","0","1","0","0"
"POINT (11.592838043000029 48.175551661000043)","Unfall 104418 (2024) Kat:3, Licht: 0","104418","3","6","2","05","15","4","","0","0","1","0","0"
"POINT (11.571275752000076 48.106018847000030)","Unfall 104420 (2024) Kat:3, Licht: 0","104420","3","5","0","05","08","4","","0","0","1","0","0"
"POINT (11.534491198000069 48.137216321000039)","Unfall 104422 (2024) Kat:3, Licht: 0","104422","3","6","2","05","16","4","","0","0","1","0","0"
"POINT (11.551720887000045 48.080337386000053)","Unfall 104475 (2024) Kat:2, Licht: 0","104475","2","3","5","05","08","3","","0","0","1","0","1"
"POINT (11.537302138000030 48.157975215000079)","Unfall 104476 (2024) Kat:3, Licht: 0","104476","3","3","5","05","16","3","","0","1","1","0","0"
"POINT (11.620086177000076 48.120371803000069)","Unfall 104478 (2024) Kat:3, Licht: 0","104478","3","2","6","05","16","3","","0","0","1","1","0"
"POINT (11.509240943000066 48.142460682000035)","Unfall 104530 (2024) Kat:3, Licht: 0","104530","3","3","0","05","17","2","","0","1","1","0","0"
"POINT (11.616767661000040 48.112754817000052)","Unfall 104532 (2024) Kat:3, Licht: 0","104532","3","2","3","05","10","2","","0","1","1","0","0"
"POINT (11.615704214000061 48.154157274000056)","Unfall 104533 (2024) Kat:3, Licht: 1","104533","3","3","5","05","20","2","","1","0","1","0","0"
"POINT (11.406370843000047 48.161677897000061)","Unfall 104596 (2024) Kat:3, Licht: 2","104596","3","6","2","05","18","2","","2","0","1","0","0"
"POINT (11.640167995000070 48.138980785000058)","Unfall 104601 (2024) Kat:3, Licht: 0","104601","3","6","3","05","09","2","","0","0","0","0","0"
"POINT (11.651765322000074 48.104597192000028)","Unfall 104643 (2024) Kat:3, Licht: 0","104643","3","2","4","05","08","4","","0","0","1","0","0"
"POINT (11.465288507000025 48.209231076000037)","Unfall 104742 (2024) Kat:3, Licht: 0","104742","3","6","2","05","14","6","","0","0","1","0","0"
"POINT (11.395450932000074 48.141737219000049)","Unfall 104743 (2024) Kat:3, Licht: 0","104743","3","6","3","05","13","6","","0","0","1","0","0"
"POINT (11.631447433000062 48.207479392000039)","Unfall 104747 (2024) Kat:2, Licht: 0","104747","2","6","2","05","11","5","","0","0","1","0","0"
"POINT (11.614378194000039 48.111430908000045)","Unfall 104748 (2024) Kat:3, Licht: 0","104748","3","3","4","05","18","5","","0","0","1","0","0"
"POINT (11.579150858000048 48.109126257000071)","Unfall 104750 (2024) Kat:3, Licht: 0","104750","3","6","1","05","15","5","","0","0","1","0","0"
"POINT (11.598964781000063 48.169361253000034)","Unfall 104751 (2024) Kat:3, Licht: 0","104751","3","6","2","05","15","5","","0","0","1","0","0"
"POINT (11.485081070000035 48.210217100000079)","Unfall 104818 (2024) Kat:3, Licht: 2","104818","3","1","9","05","03","4","","2","0","1","0","0"
"POINT (11.487185273000023 48.078717349000044)","Unfall 104819 (2024) Kat:3, Licht: 0","104819","3","6","4","05","12","4","","0","1","0","0","0"
"POINT (11.534811868000077 48.143344774000070)","Unfall 104820 (2024) Kat:3, Licht: 0","104820","3","7","0","05","17","4","","0","1","0","0","0"
"POINT (11.616271315000063 48.132541792000040)","Unfall 104821 (2024) Kat:3, Licht: 0","104821","3","6","2","05","18","4","","0","0","1","0","1"
"POINT (11.617418965000070 48.197575460000053)","Unfall 104908 (2024) Kat:3, Licht: 0","104908","3","6","2","05","17","4","","0","0","1","0","0"
"POINT (11.585054084000035 48.177721421000058)","Unfall 104912 (2024) Kat:2, Licht: 0","104912","2","7","0","04","11","3","","0","0","0","0","0"
"POINT (11.479475816000047 48.145181916000070)","Unfall 104913 (2024) Kat:3, Licht: 0","104913","3","6","3","04","12","3","","0","0","1","0","0"
"POINT (11.536833206000040 48.186797937000051)","Unfall 104914 (2024) Kat:3, Licht: 0","104914","3","3","5","04","13","3","","0","1","1","0","0"
"POINT (11.517723164000074 48.119492634000039)","Unfall 104916 (2024) Kat:3, Licht: 0","104916","3","6","6","04","11","3","","0","0","0","1","0"
"POINT (11.517005893000032 48.115049673000044)","Unfall 104917 (2024) Kat:3, Licht: 0","104917","3","6","2","04","08","3","","0","1","1","0","0"
"POINT (11.615786243000059 48.194192409000038)","Unfall 105011 (2024) Kat:3, Licht: 0","105011","3","6","2","04","17","3","","0","0","1","0","1"
"POINT (11.540416473000050 48.182788823000067)","Unfall 105018 (2024) Kat:3, Licht: 0","105018","3","6","2","04","07","2","","0","0","1","0","0"
"POINT (11.454815181000072 48.149051378000081)","Unfall 105019 (2024) Kat:2, Licht: 0","105019","2","3","5","04","14","2","","0","1","1","0","0"
"POINT (11.558392282000057 48.176365667000027)","Unfall 105020 (2024) Kat:3, Licht: 0","105020","3","6","2","04","13","2","","0","0","1","0","0"
"POINT (11.615072022000049 48.136047365000081)","Unfall 105022 (2024) Kat:3, Licht: 1","105022","3","3","6","04","19","2","","1","0","0","1","0"
"POINT (11.613330532000077 48.153180685000052)","Unfall 105023 (2024) Kat:3, Licht: 2","105023","3","6","2","04","16","2","","2","0","1","0","1"
"POINT (11.596982765000064 48.166647141000055)","Unfall 105024 (2024) Kat:3, Licht: 0","105024","3","6","2","04","12","2","","0","0","1","0","0"
"POINT (11.453810690000068 48.167417490000048)","Unfall 105066 (2024) Kat:2, Licht: 0","105066","2","1","0","05","11","3","","0","0","0","0","1"
"POINT (11.559100571000045 48.112452300000029)","Unfall 105100 (2024) Kat:3, Licht: 0","105100","3","1","2","04","18","1","","0","0","1","0","0"
"POINT (11.456765890000042 48.165213417000075)","Unfall 105103 (2024) Kat:3, Licht: 0","105103","3","6","2","04","15","1","","0","0","1","0","0"
"POINT (11.559892497000021 48.112643249000030)","Unfall 105105 (2024) Kat:3, Licht: 0","105105","3","6","2","04","18","1","","0","0","1","0","1"
"POINT (11.598786160000031 48.107437969000046)","Unfall 105107 (2024) Kat:3, Licht: 0","105107","3","3","5","04","10","1","","0","1","1","0","0"
"POINT (11.676641390000043 48.119397317000050)","Unfall 105182 (2024) Kat:3, Licht: 0","105182","3","2","5","04","15","7","","0","1","1","0","0"
"POINT (11.497170945000050 48.143669522000039)","Unfall 105183 (2024) Kat:3, Licht: 0","105183","3","6","2","04","19","7","","0","0","1","0","0"
"POINT (11.671670103000054 48.119507962000057)","Unfall 105184 (2024) Kat:3, Licht: 0","105184","3","1","1","04","05","7","","0","0","1","0","0"
"POINT (11.501911268000072 48.193019678000041)","Unfall 105187 (2024) Kat:3, Licht: 2","105187","3","3","5","04","05","2","","2","0","1","0","0"
"POINT (11.536188023000022 48.186907334000068)","Unfall 105230 (2024) Kat:3, Licht: 0","105230","3","4","6","05","13","6","","0","0","1","1","0"
"POINT (11.529053059000034 48.081282715000043)","Unfall 105231 (2024) Kat:3, Licht: 0","105231","3","6","2","04","15","3","","0","0","1","0","0"
"POINT (11.480523434000077 48.209556290000080)","Unfall 105266 (2024) Kat:3, Licht: 0","105266","3","6","2","04","12","7","","0","0","1","0","0"
"POINT (11.541318681000064 48.100537538000026)","Unfall 105272 (2024) Kat:3, Licht: 2","105272","3","6","4","04","23","6","","2","1","0","0","0"
"POINT (11.594531281000059 48.174786619000031)","Unfall 105273 (2024) Kat:3, Licht: 0","105273","3","6","2","04","18","6","","0","0","1","0","0"
"POINT (11.664198693000060 48.121503447000066)","Unfall 105274 (2024) Kat:1, Licht: 0","105274","1","6","2","04","14","6","","0","1","0","0","0"
"POINT (11.620226080000066 48.120309057000043)","Unfall 105275 (2024) Kat:3, Licht: 0","105275","3","2","5","04","18","6","","0","1","1","0","0"
"POINT (11.480539029000056 48.209554203000039)","Unfall 105330 (2024) Kat:3, Licht: 0","105330","3","6","2","04","16","6","","0","0","1","0","0"
"POINT (11.401757471000053 48.157808968000040)","Unfall 105333 (2024) Kat:3, Licht: 0","105333","3","6","2","04","15","6","","0","0","1","0","0"
"POINT (11.408996933000026 48.140750604000061)","Unfall 105343 (2024) Kat:2, Licht: 0","105343","2","7","8","04","06","5","","0","0","1","0","0"
"POINT (11.483544711000036 48.144992916000035)","Unfall 105344 (2024) Kat:3, Licht: 2","105344","3","7","4","04","21","5","","2","1","0","0","0"
"POINT (11.628722325000069 48.219756448000055)","Unfall 105393 (2024) Kat:3, Licht: 0","105393","3","6","2","04","08","5","","0","0","1","0","0"
"POINT (11.516874669000060 48.114941612000052)","Unfall 105398 (2024) Kat:3, Licht: 2","105398","3","6","1","04","07","4","","2","0","1","0","0"
"POINT (11.518140373000051 48.120154830000047)","Unfall 105399 (2024) Kat:3, Licht: 2","105399","3","6","3","04","14","4","","2","0","1","0","0"
"POINT (11.585766148000062 48.202834987000074)","Unfall 105400 (2024) Kat:3, Licht: 0","105400","3","2","5","04","08","4","","0","1","1","0","0"
"POINT (11.545058919000041 48.176310785000055)","Unfall 105403 (2024) Kat:3, Licht: 0","105403","3","6","2","04","13","4","","0","0","1","0","0"
"POINT (11.650341514000047 48.139344832000063)","Unfall 105404 (2024) Kat:3, Licht: 0","105404","3","6","2","04","07","4","","0","0","1","0","0"
"POINT (11.620199550000052 48.120247561000042)","Unfall 105445 (2024) Kat:2, Licht: 2","105445","2","4","6","05","23","5","","2","0","1","1","0"
"POINT (11.616095184000073 48.146391452000046)","Unfall 105461 (2024) Kat:3, Licht: 2","105461","3","6","0","04","15","3","","2","0","1","0","0"
"POINT (11.506984757000055 48.105090549000067)","Unfall 105552 (2024) Kat:3, Licht: 0","105552","3","6","2","04","07","2","","0","0","1","0","0"
"POINT (11.584381889000042 48.188741785000047)","Unfall 105564 (2024) Kat:3, Licht: 2","105564","3","6","2","04","00","1","","2","0","1","0","0"
"POINT (11.420333968000023 48.154814821000059)","Unfall 105565 (2024) Kat:3, Licht: 2","105565","3","7","1","04","04","1","","2","0","1","0","0"
"POINT (11.615778307000028 48.194176188000029)","Unfall 105578 (2024) Kat:3, Licht: 0","105578","3","6","2","05","17","4","","0","0","1","0","0"
"POINT (11.642466386000024 48.138953748000063)","Unfall 105618 (2024) Kat:3, Licht: 1","105618","3","1","2","04","19","1","","1","0","1","0","0"
"POINT (11.615583941000068 48.130506521000029)","Unfall 105622 (2024) Kat:3, Licht: 2","105622","3","6","8","04","01","7","","2","0","1","0","0"
"POINT (11.585959560000049 48.203845951000062)","Unfall 105623 (2024) Kat:3, Licht: 0","105623","3","3","5","04","16","7","","0","1","1","0","0"
"POINT (11.552216206000026 48.176108982000073)","Unfall 105625 (2024) Kat:3, Licht: 0","105625","3","7","3","04","13","7","","0","0","1","0","0"
"POINT (11.525527045000047 48.140556586000059)","Unfall 105632 (2024) Kat:3, Licht: 0","105632","3","3","5","04","12","1","","0","1","1","0","0"
"POINT (11.503003040000067 48.143313741000043)","Unfall 105643 (2024) Kat:3, Licht: 0","105643","3","3","5","04","14","7","","0","0","1","0","0"
"POINT (11.607869133000065 48.183125670000038)","Unfall 105684 (2024) Kat:3, Licht: 2","105684","3","6","3","04","21","6","","2","0","1","0","1"
"POINT (11.398301677000063 48.138705417000040)","Unfall 105685 (2024) Kat:3, Licht: 2","105685","3","6","2","04","21","6","","2","0","1","0","0"
"POINT (11.504351914000040 48.142863727000076)","Unfall 105686 (2024) Kat:3, Licht: 2","105686","3","2","5","04","20","6","","2","0","1","0","0"
"POINT (11.585616941000069 48.202076687000044)","Unfall 105752 (2024) Kat:3, Licht: 0","105752","3","6","2","04","15","5","","0","0","1","0","0"
"POINT (11.533800997000071 48.187110254000061)","Unfall 105753 (2024) Kat:3, Licht: 0","105753","3","2","6","04","11","5","","0","0","1","1","0"
"POINT (11.582348750000051 48.104544420000082)","Unfall 105754 (2024) Kat:3, Licht: 0","105754","3","6","0","04","17","5","","0","0","1","0","0"
"POINT (11.605468362000067 48.156784567000045)","Unfall 105755 (2024) Kat:3, Licht: 0","105755","3","6","2","04","11","5","","0","0","1","0","0"
"POINT (11.617049209000072 48.114036604000034)","Unfall 105823 (2024) Kat:3, Licht: 0","105823","3","3","5","04","18","1","","0","1","1","0","0"
"POINT (11.415982106000058 48.167989856000077)","Unfall 105841 (2024) Kat:3, Licht: 0","105841","3","6","2","04","13","5","","0","0","1","0","0"
"POINT (11.683677041000067 48.118372755000053)","Unfall 105856 (2024) Kat:3, Licht: 2","105856","3","4","6","04","19","4","","2","0","1","1","0"
"POINT (11.600600285000041 48.182977080000057)","Unfall 105955 (2024) Kat:3, Licht: 0","105955","3","6","2","04","10","4","","0","0","1","0","0"
"POINT (11.620695115000046 48.124647289000052)","Unfall 105962 (2024) Kat:3, Licht: 0","105962","3","6","2","04","11","3","","0","0","1","0","0"
"POINT (11.527911819000053 48.140362459000073)","Unfall 105964 (2024) Kat:3, Licht: 0","105964","3","1","0","04","18","3","","0","1","0","0","0"
"POINT (11.401861956000062 48.123642587000063)","Unfall 106033 (2024) Kat:3, Licht: 0","106033","3","6","2","04","17","3","","0","0","1","0","0"
"POINT (11.428189005000036 48.204534517000070)","Unfall 106034 (2024) Kat:3, Licht: 2","106034","3","6","2","04","22","3","","2","0","1","0","0"
"POINT (11.619563376000031 48.201502291000054)","Unfall 106040 (2024) Kat:3, Licht: 0","106040","3","6","2","04","16","3","","0","0","1","0","0"
"POINT (11.615701818000048 48.112683581000056)","Unfall 106048 (2024) Kat:3, Licht: 0","106048","3","2","4","06","13","1","","0","0","1","0","0"
"POINT (11.414260910000053 48.160747397000080)","Unfall 106049 (2024) Kat:3, Licht: 0","106049","3","3","5","06","12","1","","0","0","1","0","0"
"POINT (11.533988635000071 48.187088383000059)","Unfall 106050 (2024) Kat:3, Licht: 0","106050","3","6","0","06","19","1","","0","0","0","0","1"
"POINT (11.487404566000066 48.086443389000067)","Unfall 106052 (2024) Kat:3, Licht: 0","106052","3","3","5","06","14","1","","0","0","1","0","0"
"POINT (11.633278164000046 48.210395882000057)","Unfall 106103 (2024) Kat:2, Licht: 0","106103","2","7","0","06","13","7","","0","1","0","0","0"
"POINT (11.537523488000033 48.089891329000068)","Unfall 106159 (2024) Kat:3, Licht: 0","106159","3","1","2","06","09","6","","0","0","1","0","0"
"POINT (11.401252196000030 48.130789229000072)","Unfall 106203 (2024) Kat:3, Licht: 0","106203","3","7","9","06","09","6","","0","0","1","0","0"
"POINT (11.406514132000041 48.161596461000045)","Unfall 106268 (2024) Kat:3, Licht: 2","106268","3","6","2","06","15","5","","2","0","1","0","0"
"POINT (11.575092463000033 48.109481772000038)","Unfall 106275 (2024) Kat:2, Licht: 0","106275","2","4","6","06","14","4","","0","0","1","1","0"
"POINT (11.596410446000050 48.106746124000040)","Unfall 106277 (2024) Kat:3, Licht: 0","106277","3","6","2","06","17","4","","0","0","1","0","0"
"POINT (11.647736920000057 48.098625465000055)","Unfall 106278 (2024) Kat:3, Licht: 0","106278","3","3","5","06","16","4","","0","1","1","0","0"
"POINT (11.408463031000053 48.163084379000054)","Unfall 106395 (2024) Kat:3, Licht: 0","106395","3","6","1","06","08","3","","0","0","1","0","0"
"POINT (11.615480239000021 48.136612915000057)","Unfall 106399 (2024) Kat:3, Licht: 0","106399","3","1","0","06","19","2","","0","1","0","0","0"
"POINT (11.540700697000034 48.186333872000034)","Unfall 106521 (2024) Kat:2, Licht: 2","106521","2","2","4","06","22","7","","2","0","1","0","0"
"POINT (11.539660261000051 48.112740998000049)","Unfall 106522 (2024) Kat:3, Licht: 0","106522","3","2","5","06","18","7","","0","0","1","0","0"
"POINT (11.541133647000038 48.101290291000055)","Unfall 106597 (2024) Kat:3, Licht: 0","106597","3","2","4","06","14","6","","0","0","1","0","1"
"POINT (11.598587012000053 48.172737521000045)","Unfall 106598 (2024) Kat:3, Licht: 0","106598","3","6","2","06","15","6","","0","0","1","0","0"
"POINT (11.424153484000044 48.142905053000050)","Unfall 106599 (2024) Kat:3, Licht: 0","106599","3","1","0","06","15","6","","0","0","0","0","1"
"POINT (11.553806163000047 48.112271674000056)","Unfall 106600 (2024) Kat:3, Licht: 0","106600","3","2","5","06","12","6","","0","1","1","0","0"
"POINT (11.501617669000041 48.192924936000054)","Unfall 106602 (2024) Kat:3, Licht: 0","106602","3","6","2","06","13","6","","0","0","1","0","0"
"POINT (11.611950328000034 48.185806818000060)","Unfall 106673 (2024) Kat:3, Licht: 0","106673","3","6","2","06","09","5","","0","0","1","0","1"
"POINT (11.479610252000043 48.088644774000045)","Unfall 106715 (2024) Kat:3, Licht: 0","106715","3","7","0","06","14","1","","0","0","1","0","0"
"POINT (11.513430365000033 48.124623173000032)","Unfall 106745 (2024) Kat:3, Licht: 0","106745","3","6","2","06","18","5","","0","0","1","0","0"
"POINT (11.507320366000044 48.105371396000066)","Unfall 106746 (2024) Kat:3, Licht: 0","106746","3","6","1","06","18","6","","0","0","1","0","0"
"POINT (11.596158606000074 48.106654723000077)","Unfall 106756 (2024) Kat:3, Licht: 0","106756","3","2","5","06","05","4","","0","1","1","0","0"
"POINT (11.594248251000067 48.174918432000027)","Unfall 106757 (2024) Kat:3, Licht: 0","106757","3","6","2","06","18","4","","0","0","1","0","0"
"POINT (11.417566336000050 48.155701232000069)","Unfall 106813 (2024) Kat:2, Licht: 0","106813","2","6","3","06","17","3","","0","1","1","0","0"
"POINT (11.536791096000059 48.150153173000035)","Unfall 106814 (2024) Kat:3, Licht: 0","106814","3","6","2","06","16","3","","0","0","0","0","1"
"POINT (11.493360114000041 48.144030126000075)","Unfall 106815 (2024) Kat:3, Licht: 0","106815","3","2","3","06","17","3","","0","1","0","0","0"
"POINT (11.615169172000037 48.112013643000068)","Unfall 106817 (2024) Kat:3, Licht: 0","106817","3","2","5","06","12","3","","0","0","1","0","0"
"POINT (11.504516636000062 48.112237627000070)","Unfall 106818 (2024) Kat:3, Licht: 0","106818","3","6","3","06","10","3","","0","0","1","0","0"
"POINT (11.495629368000039 48.194331797000075)","Unfall 106898 (2024) Kat:3, Licht: 0","106898","3","6","2","06","15","2","","0","0","1","0","0"
"POINT (11.441312913000047 48.145652043000041)","Unfall 106899 (2024) Kat:3, Licht: 0","106899","3","1","0","06","18","2","","0","1","0","0","0"
"POINT (11.708823488000064 48.111590821000050)","Unfall 106901 (2024) Kat:3, Licht: 1","106901","3","7","6","06","21","2","","1","0","0","1","0"
"POINT (11.437432577000038 48.194188236000059)","Unfall 106955 (2024) Kat:3, Licht: 2","106955","3","6","8","06","21","2","","2","0","1","0","0"
"POINT (11.521231468000053 48.222683831000040)","Unfall 106957 (2024) Kat:3, Licht: 0","106957","3","6","2","06","06","2","","0","0","1","0","0"
"POINT (11.649333817000070 48.100823585000057)","Unfall 106959 (2024) Kat:3, Licht: 0","106959","3","1","0","06","13","1","","0","1","0","0","0"
"POINT (11.536962999000025 48.150746050000066)","Unfall 107007 (2024) Kat:3, Licht: 0","107007","3","7","2","06","14","7","","0","0","1","0","0"
"POINT (11.471157422000033 48.115016334000074)","Unfall 107008 (2024) Kat:3, Licht: 0","107008","3","6","2","06","15","7","","0","0","1","0","0"
"POINT (11.569497829000056 48.111676295000052)","Unfall 107009 (2024) Kat:3, Licht: 0","107009","3","6","3","06","09","7","","0","0","1","0","0"
"POINT (11.556128268000066 48.112253921000047)","Unfall 107010 (2024) Kat:3, Licht: 0","107010","3","6","2","06","09","7","","0","0","1","0","0"
"POINT (11.524278618000039 48.127797176000058)","Unfall 107054 (2024) Kat:3, Licht: 0","107054","3","6","2","05","14","6","","0","0","1","0","0"
"POINT (11.537408337000045 48.089746498000068)","Unfall 107112 (2024) Kat:3, Licht: 0","107112","3","6","2","05","17","5","","0","0","1","0","0"
"POINT (11.534770166000044 48.140142889000060)","Unfall 107241 (2024) Kat:3, Licht: 0","107241","3","4","0","05","10","3","","0","0","0","1","0"
"POINT (11.513000545000068 48.191686736000065)","Unfall 107243 (2024) Kat:3, Licht: 0","107243","3","7","8","05","06","3","","0","0","1","0","0"
"POINT (11.613726743000029 48.189839253000059)","Unfall 107300 (2024) Kat:3, Licht: 2","107300","3","1","0","05","00","3","","2","0","1","0","0"
"POINT (11.706311419000031 48.111981637000042)","Unfall 107303 (2024) Kat:3, Licht: 0","107303","3","2","3","05","08","2","","0","1","1","0","0"
"POINT (11.533041368000056 48.187049544000047)","Unfall 107308 (2024) Kat:3, Licht: 0","107308","3","6","2","05","08","4","","0","0","1","0","0"
"POINT (11.616318258000035 48.194931694000047)","Unfall 107351 (2024) Kat:3, Licht: 0","107351","3","6","2","05","14","2","","0","0","1","0","0"
"POINT (11.625541748000046 48.197728947000030)","Unfall 107355 (2024) Kat:3, Licht: 0","107355","3","1","0","05","14","1","","0","1","0","0","0"
"POINT (11.488333948000047 48.085749416000056)","Unfall 107356 (2024) Kat:3, Licht: 0","107356","3","6","1","05","19","1","","0","0","1","0","1"
"POINT (11.418610008000030 48.142122607000033)","Unfall 107422 (2024) Kat:2, Licht: 0","107422","2","2","3","06","09","1","","0","0","1","0","1"
"POINT (11.522128512000052 48.189810970000053)","Unfall 107449 (2024) Kat:3, Licht: 2","107449","3","6","0","05","02","7","","2","0","0","0","1"
"POINT (11.672363557000040 48.137664399000073)","Unfall 107467 (2024) Kat:3, Licht: 0","107467","3","6","2","06","12","7","","0","0","1","0","1"
"POINT (11.703007039000056 48.142284847000042)","Unfall 107503 (2024) Kat:3, Licht: 0","107503","3","3","3","05","10","7","","0","0","1","0","0"
"POINT (11.539377683000055 48.112810691000050)","Unfall 107505 (2024) Kat:3, Licht: 2","107505","3","3","5","05","23","6","","2","0","1","0","0"
"POINT (11.476394161000030 48.088858614000060)","Unfall 107506 (2024) Kat:3, Licht: 0","107506","3","3","5","05","15","6","","0","0","1","0","0"
"POINT (11.649778561000062 48.103448224000033)","Unfall 107507 (2024) Kat:3, Licht: 0","107507","3","3","5","05","13","6","","0","0","1","0","0"
"POINT (11.597955180000042 48.173143190000076)","Unfall 107509 (2024) Kat:3, Licht: 0","107509","3","6","2","05","13","6","","0","0","1","0","0"
"POINT (11.630297253000037 48.220451026000035)","Unfall 107568 (2024) Kat:3, Licht: 0","107568","3","6","3","05","12","6","","0","0","1","0","0"
"POINT (11.466998236000052 48.114670960000069)","Unfall 107574 (2024) Kat:3, Licht: 0","107574","3","6","3","05","16","5","","0","0","1","0","1"
"POINT (11.587184560000026 48.210200250000071)","Unfall 107576 (2024) Kat:2, Licht: 1","107576","2","2","5","05","19","5","","1","1","0","0","1"
"POINT (11.501186851000057 48.143206262000035)","Unfall 107643 (2024) Kat:3, Licht: 0","107643","3","1","0","05","16","4","","0","1","0","0","0"
"POINT (11.557842186000073 48.112318107000078)","Unfall 107644 (2024) Kat:3, Licht: 0","107644","3","7","0","05","14","4","","0","1","0","0","0"
"POINT (11.503446334000046 48.142913749000058)","Unfall 107709 (2024) Kat:3, Licht: 1","107709","3","3","5","06","20","4","","1","0","1","0","0"