WKT,Name,OBJECTID,UKATEGORIE,UTYP1,UART,UMONAT,USTUNDE,UWOCHENTAG,STRZUSTAND,ULICHTVERH,ISTRAD,ISTPKW,ISTFUSS,ISTKRAD
"POINT (11.587124356000061 48.210623913000063)","Unfall 107762 (2024) Kat:3, Licht: 1","107762","3","2","4","05","20","2","","1","0","1","0","0"
"POINT (11.407954851000056 48.195282637000048)","Unfall 107764 (2024) Kat:2, Licht: 0","107764","2","6","4","05","14","2","","0","1","0","0","0"
"POINT (11.504416012000036 48.125802105000048)","Unfall 107857 (2024) Kat:3, Licht: 0","107857","3","6","2","05","18","2","","0","0","1","0","0"
"POINT (11.456192296000040 48.150683844000071)","Unfall 107872 (2024) Kat:2, Licht: 0","107872","2","2","5","05","14","1","","0","0","1","0","1"
"POINT (11.506462478000060 48.142798956000036)","Unfall 107874 (2024) Kat:3, Licht: 0","107874","3","2","5","05","15","1","","0","0","1","0","0"
"POINT (11.485798946000045 48.209036386000037)","Unfall 107988 (2024) Kat:3, Licht: 0","107988","3","6","3","06","12","6","","0","0","1","0","0"
"POINT (11.551778876000071 48.185914950000040)","Unfall 108000 (2024) Kat:3, Licht: 0","108000","3","2","3","05","15","6","","0","1","0","0","0"
"POINT (11.532491810000067 48.084124076000080)","Unfall 108001 (2024) Kat:2, Licht: 0","108001","2","1","0","05","18","6","","0","1","0","0","0"
"POINT (11.559758061000025 48.112625782000066)","Unfall 108003 (2024) Kat:3, Licht: 0","108003","3","6","2","05","14","6","","0","0","1","0","0"
"POINT (11.495554417000051 48.143825490000040)","Unfall 108050 (2024) Kat:3, Licht: 0","108050","3","7","6","06","10","4","","0","1","1","1","0"
"POINT (11.458259450000071 48.205652220000047)","Unfall 108090 (2024) Kat:3, Licht: 0","108090","3","6","2","05","16","6","","0","0","1","0","0"
"POINT (11.698112164000065 48.114220814000078)","Unfall 108106 (2024) Kat:2, Licht: 0","108106","2","1","0","05","20","5","","0","1","0","0","0"
"POINT (11.617922804000045 48.111067407000064)","Unfall 108107 (2024) Kat:3, Licht: 0","108107","3","6","3","05","07","5","","0","0","1","0","0"
"POINT (11.515912882000066 48.113336445000073)","Unfall 108108 (2024) Kat:3, Licht: 0","108108","3","2","5","05","08","5","","0","0","1","0","0"
"POINT (11.508838043000026 48.125268341000037)","Unfall 108182 (2024) Kat:3, Licht: 0","108182","3","6","3","05","18","5","","0","0","1","0","0"
"POINT (11.625842972000044 48.102780895000080)","Unfall 108195 (2024) Kat:2, Licht: 0","108195","2","2","5","05","17","4","","0","1","1","0","0"
"POINT (11.615439586000036 48.136293100000046)","Unfall 108196 (2024) Kat:3, Licht: 0","108196","3","7","1","05","09","4","","0","0","1","0","0"
"POINT (11.539820822000024 48.110285905000069)","Unfall 108197 (2024) Kat:3, Licht: 0","108197","3","2","5","05","12","4","","0","0","1","0","0"
"POINT (11.575738832000070 48.111772057000053)","Unfall 108201 (2024) Kat:3, Licht: 2","108201","3","6","3","06","03","7","","2","0","1","0","0"
"POINT (11.541114418000063 48.186460968000063)","Unfall 108277 (2024) Kat:3, Licht: 0","108277","3","6","3","05","18","3","","0","0","1","0","1"
"POINT (11.534024775000034 48.140943608000043)","Unfall 108297 (2024) Kat:3, Licht: 2","108297","3","1","0","06","20","4","","2","0","1","0","0"
"POINT (11.480349038000043 48.216629357000045)","Unfall 108344 (2024) Kat:3, Licht: 0","108344","3","6","3","06","15","5","","0","0","1","0","1"
"POINT (11.589372576000073 48.104920915000037)","Unfall 108348 (2024) Kat:2, Licht: 0","108348","2","3","5","06","09","3","","0","0","1","0","0"
"POINT (11.534286814000041 48.135932754000066)","Unfall 108393 (2024) Kat:3, Licht: 2","108393","3","1","8","05","04","2","","2","0","1","0","0"
"POINT (11.477346128000022 48.115492415000062)","Unfall 108395 (2024) Kat:3, Licht: 0","108395","3","2","2","05","20","2","","0","0","1","0","1"
"POINT (11.457053638000048 48.147040423000078)","Unfall 108396 (2024) Kat:3, Licht: 0","108396","3","2","0","05","09","2","","0","0","1","0","1"
"POINT (11.536753467000040 48.149693740000032)","Unfall 108397 (2024) Kat:3, Licht: 0","108397","3","6","2","05","16","2","","0","0","1","0","0"
"POINT (11.495757379000054 48.112245757000039)","Unfall 108398 (2024) Kat:3, Licht: 0","108398","3","6","4","06","19","5","","0","1","0","0","0"
"POINT (11.581842790000053 48.104486894000047)","Unfall 108400 (2024) Kat:3, Licht: 0","108400","3","2","5","05","08","2","","0","1","1","0","0"
"POINT (11.618972570000039 48.117972405000046)","Unfall 108401 (2024) Kat:3, Licht: 0","108401","3","3","5","05","14","2","","0","1","1","0","0"
"POINT (11.598593747000052 48.168995647000031)","Unfall 108402 (2024) Kat:3, Licht: 0","108402","3","6","2","05","11","2","","0","0","1","0","0"
"POINT (11.577653239000028 48.111270484000045)","Unfall 108404 (2024) Kat:3, Licht: 0","108404","3","6","3","06","15","3","","0","0","1","0","0"
"POINT (11.573525926000059 48.177964763000034)","Unfall 108515 (2024) Kat:2, Licht: 0","108515","2","6","2","05","15","1","","0","0","1","0","0"
"POINT (11.534097458000076 48.187079148000066)","Unfall 108517 (2024) Kat:3, Licht: 1","108517","3","6","2","05","21","1","","1","0","1","0","1"
"POINT (11.551725455000053 48.185834193000062)","Unfall 108524 (2024) Kat:2, Licht: 0","108524","2","2","3","05","15","1","","0","1","1","0","0"
"POINT (11.398043978000032 48.136708829000042)","Unfall 108609 (2024) Kat:3, Licht: 0","108609","3","6","2","05","11","1","","0","0","1","0","0"
"POINT (11.417870818000040 48.169253445000038)","Unfall 108613 (2024) Kat:3, Licht: 0","108613","3","6","2","05","17","1","","0","0","1","0","0"
"POINT (11.523998791000054 48.109932597000068)","Unfall 108620 (2024) Kat:3, Licht: 0","108620","3","6","2","05","10","7","","0","0","1","0","0"
"POINT (11.598158084000033 48.161973722000027)","Unfall 108622 (2024) Kat:2, Licht: 0","108622","2","6","3","05","17","7","","0","0","1","0","1"
"POINT (11.614377732000037 48.111620231000074)","Unfall 108731 (2024) Kat:3, Licht: 0","108731","3","3","5","06","17","6","","0","0","1","0","0"
"POINT (11.677221852000059 48.083956712000031)","Unfall 108732 (2024) Kat:3, Licht: 0","108732","3","2","5","06","19","6","","0","0","1","0","1"
"POINT (11.610503497000025 48.109657221000077)","Unfall 108736 (2024) Kat:2, Licht: 0","108736","2","2","3","06","19","6","","0","0","1","0","1"
"POINT (11.394469935000075 48.147745411000074)","Unfall 108909 (2024) Kat:3, Licht: 0","108909","3","1","9","06","15","5","","0","0","0","0","1"
"POINT (11.523986399000023 48.140673617000061)","Unfall 108916 (2024) Kat:2, Licht: 0","108916","2","7","6","06","06","4","","0","1","0","1","0"
"POINT (11.492308472000047 48.144135290000065)","Unfall 108917 (2024) Kat:3, Licht: 0","108917","3","2","5","06","10","4","","0","1","1","0","0"
"POINT (11.475847201000022 48.145292186000063)","Unfall 108995 (2024) Kat:3, Licht: 0","108995","3","6","2","06","14","3","","0","0","1","0","1"
"POINT (11.605384899000057 48.108710859000041)","Unfall 108996 (2024) Kat:3, Licht: 0","108996","3","3","5","06","18","3","","0","0","1","0","0"
"POINT (11.571539630000075 48.110796643000072)","Unfall 108998 (2024) Kat:3, Licht: 0","108998","3","2","2","06","12","3","","0","1","0","0","0"
"POINT (11.608293187000072 48.155546670000035)","Unfall 108999 (2024) Kat:3, Licht: 0","108999","3","1","0","06","09","3","","0","1","0","0","0"
"POINT (11.614978242000063 48.129136090000031)","Unfall 109001 (2024) Kat:3, Licht: 0","109001","3","6","6","06","15","3","","0","1","1","1","0"
"POINT (11.618288601000074 48.110056183000040)","Unfall 109110 (2024) Kat:3, Licht: 0","109110","3","3","6","06","18","2","","0","1","0","1","0"
"POINT (11.535649054000032 48.110644782000065)","Unfall 109111 (2024) Kat:3, Licht: 0","109111","3","6","2","06","17","2","","0","0","1","0","0"
"POINT (11.456769681000026 48.150817991000054)","Unfall 109154 (2024) Kat:3, Licht: 0","109154","3","6","3","06","13","4","","0","0","1","0","0"
"POINT (11.620175240000037 48.202714773000025)","Unfall 109192 (2024) Kat:3, Licht: 0","109192","3","6","2","06","16","2","","0","0","1","0","0"
"POINT (11.532982450000077 48.110504203000062)","Unfall 109194 (2024) Kat:3, Licht: 2","109194","3","6","2","06","20","1","","2","0","1","0","0"
"POINT (11.482988813000077 48.214255319000074)","Unfall 109198 (2024) Kat:3, Licht: 1","109198","3","7","8","06","04","1","","1","0","1","0","0"
"POINT (11.532923375000053 48.223816230000068)","Unfall 109272 (2024) Kat:3, Licht: 0","109272","3","6","4","06","14","7","","0","0","1","0","0"
"POINT (11.633410586000025 48.127663395000070)","Unfall 109274 (2024) Kat:3, Licht: 0","109274","3","4","1","06","18","7","","0","0","1","1","0"
"POINT (11.517384531000062 48.124083616000064)","Unfall 109339 (2024) Kat:3, Licht: 0","109339","3","6","2","06","14","7","","0","0","1","0","0"
"POINT (11.529741307000052 48.217778035000038)","Unfall 109349 (2024) Kat:3, Licht: 0","109349","3","7","0","06","09","6","","0","0","0","0","1"
"POINT (11.620570201000021 48.106768482000064)","Unfall 109350 (2024) Kat:3, Licht: 0","109350","3","2","5","06","16","6","","0","1","1","0","0"
"POINT (11.514877391000027 48.220660407000025)","Unfall 109436 (2024) Kat:3, Licht: 0","109436","3","7","9","06","12","6","","0","0","1","0","0"
"POINT (11.517129770000054 48.117692063000050)","Unfall 109437 (2024) Kat:2, Licht: 2","109437","2","6","3","06","15","5","","2","0","1","0","0"
"POINT (11.518704043000071 48.141410042000075)","Unfall 109438 (2024) Kat:3, Licht: 0","109438","3","2","5","06","07","5","","0","0","1","0","0"
"POINT (11.617359553000028 48.114810585000043)","Unfall 109439 (2024) Kat:3, Licht: 0","109439","3","6","3","06","06","5","","0","0","1","0","0"
"POINT (11.412026338000032 48.129429686000037)","Unfall 109468 (2024) Kat:3, Licht: 0","109468","3","6","3","06","16","4","","0","0","1","0","0"
"POINT (11.683694892000062 48.118369617000042)","Unfall 109511 (2024) Kat:3, Licht: 0","109511","3","2","5","06","19","5","","0","1","1","0","0"
"POINT (11.610819524000021 48.186009792000050)","Unfall 109528 (2024) Kat:3, Licht: 0","109528","3","3","5","06","07","2","","0","1","0","0","0"
"POINT (11.541167540000060 48.186342040000056)","Unfall 109540 (2024) Kat:3, Licht: 0","109540","3","2","4","06","15","4","","0","0","1","0","0"
"POINT (11.550159118000067 48.176129971000080)","Unfall 109541 (2024) Kat:3, Licht: 0","109541","3","6","2","06","17","4","","0","0","1","0","0"
"POINT (11.615946630000053 48.130830762000073)","Unfall 109543 (2024) Kat:3, Licht: 0","109543","3","7","3","06","14","4","","0","0","1","0","0"
"POINT (11.615716384000052 48.154171449000046)","Unfall 109544 (2024) Kat:3, Licht: 0","109544","3","1","0","06","20","4","","0","0","0","0","1"
"POINT (11.521635062000030 48.124987806000036)","Unfall 109632 (2024) Kat:3, Licht: 0","109632","3","7","6","06","09","4","","0","0","0","1","1"
"POINT (11.533458739000025 48.187022279000075)","Unfall 109633 (2024) Kat:3, Licht: 0","109633","3","2","5","06","14","4","","0","1","1","0","0"
"POINT (11.458062712000071 48.199020378000057)","Unfall 109650 (2024) Kat:2, Licht: 0","109650","2","2","2","06","16","3","","0","0","1","0","0"
"POINT (11.549383573000057 48.075475985000026)","Unfall 109651 (2024) Kat:3, Licht: 2","109651","3","1","0","06","22","3","","2","0","0","0","1"
"POINT (11.516839506000053 48.116407674000072)","Unfall 109652 (2024) Kat:3, Licht: 0","109652","3","6","2","06","10","3","","0","0","1","0","0"
"POINT (11.393990365000036 48.147663332000036)","Unfall 109766 (2024) Kat:3, Licht: 0","109766","3","7","0","06","14","3","","0","0","0","0","1"
"POINT (11.439216006000038 48.202495872000043)","Unfall 109768 (2024) Kat:3, Licht: 0","109768","3","6","2","06","07","3","","0","0","1","0","0"
"POINT (11.507245817000069 48.125487366000073)","Unfall 109769 (2024) Kat:3, Licht: 0","109769","3","6","2","06","17","3","","0","0","1","0","0"
"POINT (11.630781002000049 48.138630353000053)","Unfall 109774 (2024) Kat:3, Licht: 0","109774","3","6","2","06","18","3","","0","0","1","0","0"
"POINT (11.618213742000023 48.110256612000057)","Unfall 109786 (2024) Kat:3, Licht: 0","109786","3","2","3","06","17","2","","0","0","1","0","1"
"POINT (11.504388849000065 48.112230929000077)","Unfall 109787 (2024) Kat:3, Licht: 0","109787","3","2","5","06","15","2","","0","1","1","0","0"
"POINT (11.437474665000025 48.193999040000051)","Unfall 109871 (2024) Kat:3, Licht: 0","109871","3","6","2","06","07","2","","0","0","1","0","0"
"POINT (11.645793906000051 48.210805347000075)","Unfall 109942 (2024) Kat:3, Licht: 0","109942","3","6","3","07","17","6","","0","0","1","0","0"
"POINT (11.585372160000077 48.178271156000051)","Unfall 109946 (2024) Kat:3, Licht: 2","109946","3","6","2","07","22","5","","2","0","1","0","0"
"POINT (11.399189490000026 48.138972493000040)","Unfall 110035 (2024) Kat:2, Licht: 0","110035","2","1","0","07","08","4","","0","0","0","0","1"
"POINT (11.659667248000062 48.139190962000043)","Unfall 110112 (2024) Kat:3, Licht: 0","110112","3","6","2","07","08","4","","0","0","1","0","0"
"POINT (11.445033175000049 48.145781430000056)","Unfall 110116 (2024) Kat:3, Licht: 0","110116","3","6","2","07","17","3","","0","0","1","0","0"
"POINT (11.589310996000052 48.176942449000080)","Unfall 110118 (2024) Kat:3, Licht: 0","110118","3","6","2","07","08","3","","0","0","1","0","0"
"POINT (11.520048167000027 48.123745406000069)","Unfall 110193 (2024) Kat:3, Licht: 1","110193","3","6","2","07","17","3","","1","0","1","0","0"
"POINT (11.585732700000051 48.203387468000074)","Unfall 110196 (2024) Kat:2, Licht: 0","110196","2","6","2","07","15","2","","0","0","1","0","1"
"POINT (11.589029054000036 48.093269814000053)","Unfall 110265 (2024) Kat:3, Licht: 0","110265","3","6","3","07","13","2","","0","0","1","0","0"
"POINT (11.600147255000024 48.175966734000042)","Unfall 110285 (2024) Kat:3, Licht: 0","110285","3","7","1","07","20","1","","0","0","1","0","1"
"POINT (11.582737726000062 48.103588017000050)","Unfall 110287 (2024) Kat:3, Licht: 0","110287","3","6","3","07","14","1","","0","0","1","0","0"
"POINT (11.615025319000040 48.110311375000038)","Unfall 110350 (2024) Kat:2, Licht: 0","110350","2","6","3","07","19","1","","0","0","1","0","1"
"POINT (11.509493942000063 48.125179548000062)","Unfall 110362 (2024) Kat:3, Licht: 0","110362","3","6","2","07","17","1","","0","0","1","0","0"
"POINT (11.628211739000051 48.221839911000075)","Unfall 110371 (2024) Kat:2, Licht: 2","110371","2","1","9","07","03","1","","2","0","1","0","0"
"POINT (11.617391320000024 48.114575524000031)","Unfall 110380 (2024) Kat:3, Licht: 0","110380","3","6","1","07","07","7","","0","0","1","0","0"
"POINT (11.517743895000024 48.119542538000076)","Unfall 110381 (2024) Kat:3, Licht: 0","110381","3","6","2","07","12","7","","0","0","1","0","0"
"POINT (11.581179942000063 48.177604906000056)","Unfall 110382 (2024) Kat:3, Licht: 0","110382","3","6","2","07","17","7","","0","0","1","0","0"
"POINT (11.613296369000068 48.103016344000025)","Unfall 110448 (2024) Kat:3, Licht: 2","110448","3","1","9","07","21","6","","2","0","1","0","0"
"POINT (11.613591000000042 48.104091167000036)","Unfall 110449 (2024) Kat:3, Licht: 2","110449","3","1","9","07","21","6","","2","0","1","0","0"
"POINT (11.457112089000077 48.153955589000077)","Unfall 110450 (2024) Kat:3, Licht: 0","110450","3","6","2","07","14","6","","0","0","1","0","0"
"POINT (11.480243664000056 48.216722422000032)","Unfall 110451 (2024) Kat:3, Licht: 0","110451","3","6","3","07","15","6","","0","0","1","0","0"
"POINT (11.483824959000060 48.209077286000081)","Unfall 110526 (2024) Kat:3, Licht: 0","110526","3","6","2","07","15","6","","0","0","1","0","0"
"POINT (11.438666530000035 48.149804060000065)","Unfall 110535 (2024) Kat:3, Licht: 0","110535","3","6","2","07","16","5","","0","0","1","0","0"
"POINT (11.485067638000032 48.210367303000055)","Unfall 110537 (2024) Kat:3, Licht: 0","110537","3","7","1","07","16","5","","0","0","1","0","0"
"POINT (11.703221047000056 48.112728872000048)","Unfall 110539 (2024) Kat:3, Licht: 0","110539","3","6","4","07","20","5","","0","1","0","0","0"
"POINT (11.644822653000062 48.126106965000076)","Unfall 110540 (2024) Kat:3, Licht: 0","110540","3","1","2","07","08","5","","0","0","1","0","0"
"POINT (11.563598925000065 48.095579530000066)","Unfall 110541 (2024) Kat:3, Licht: 0","110541","3","6","2","07","17","5","","0","0","1","0","0"
"POINT (11.524799590000043 48.109928593000063)","Unfall 110598 (2024) Kat:3, Licht: 0","110598","3","6","2","07","20","1","","0","0","1","0","0"
"POINT (11.522073217000070 48.189715395000064)","Unfall 110601 (2024) Kat:3, Licht: 0","110601","3","2","5","07","10","5","","0","1","1","0","0"
"POINT (11.713992264000069 48.110825864000049)","Unfall 110620 (2024) Kat:3, Licht: 0","110620","3","3","5","07","14","4","","0","1","1","0","0"
"POINT (11.645240150000063 48.089249815000073)","Unfall 110621 (2024) Kat:1, Licht: 0","110621","1","1","9","07","16","4","","0","1","0","0","0"
"POINT (11.536607928000024 48.147248595000065)","Unfall 110626 (2024) Kat:3, Licht: 0","110626","3","6","2","07","20","4","","0","0","1","0","0"
"POINT (11.620488667000075 48.224466036000081)","Unfall 110703 (2024) Kat:3, Licht: 0","110703","3","6","3","07","09","4","","0","0","1","0","0"
"POINT (11.584358277000035 48.189012107000053)","Unfall 110709 (2024) Kat:3, Licht: 0","110709","3","3","5","07","18","3","","0","1","1","0","0"
"POINT (11.459272947000045 48.193730753000068)","Unfall 110711 (2024) Kat:3, Licht: 0","110711","3","3","5","07","05","3","","0","0","0","0","1"
"POINT (11.429508071000043 48.204458581000040)","Unfall 110810 (2024) Kat:3, Licht: 0","110810","3","6","2","07","08","3","","0","0","1","0","1"
"POINT (11.645997906000048 48.210671567000077)","Unfall 110812 (2024) Kat:3, Licht: 0","110812","3","6","3","07","12","3","","0","0","1","0","0"
"POINT (11.528610614000058 48.140315285000042)","Unfall 110821 (2024) Kat:3, Licht: 0","110821","3","6","3","07","16","2","","0","0","1","0","1"
"POINT (11.553468568000028 48.112371116000077)","Unfall 110867 (2024) Kat:3, Licht: 0","110867","3","6","0","07","18","6","","0","0","1","0","1"
"POINT (11.516871139000045 48.115085476000047)","Unfall 110951 (2024) Kat:3, Licht: 0","110951","3","6","2","07","10","3","","0","0","1","0","1"
"POINT (11.436820048000072 48.196666666000056)","Unfall 110971 (2024) Kat:3, Licht: 0","110971","3","7","0","07","15","1","","0","0","1","0","0"
"POINT (11.501581559000044 48.125738618000071)","Unfall 110972 (2024) Kat:3, Licht: 0","110972","3","6","2","07","14","1","","0","0","1","0","0"
"POINT (11.598564143000033 48.181680284000038)","Unfall 110975 (2024) Kat:3, Licht: 0","110975","3","6","2","07","14","1","","0","0","1","0","0"
"POINT (11.553457938000065 48.183633712000074)","Unfall 110977 (2024) Kat:2, Licht: 2","110977","2","7","0","07","00","7","","2","1","0","0","0"
"POINT (11.615755719000049 48.154221049000057)","Unfall 110978 (2024) Kat:3, Licht: 0","110978","3","6","3","07","13","7","","0","0","1","0","0"
"POINT (11.481071275000033 48.145133455000064)","Unfall 110979 (2024) Kat:3, Licht: 0","110979","3","1","0","07","09","7","","0","1","0","0","0"
"POINT (11.484571494000022 48.087144402000035)","Unfall 110980 (2024) Kat:3, Licht: 0","110980","3","2","3","07","17","7","","0","1","1","0","0"
"POINT (11.656002141000045 48.093301339000050)","Unfall 110982 (2024) Kat:3, Licht: 0","110982","3","2","5","07","10","7","","0","0","1","0","0"
"POINT (11.536754116000054 48.149701605000075)","Unfall 110983 (2024) Kat:3, Licht: 0","110983","3","6","2","07","13","7","","0","0","1","0","0"
"POINT (11.610010359000057 48.109505849000072)","Unfall 111082 (2024) Kat:3, Licht: 0","111082","3","7","4","07","18","6","","0","0","1","0","0"
"POINT (11.597933307000062 48.167867641000043)","Unfall 111083 (2024) Kat:3, Licht: 0","111083","3","7","2","07","15","6","","0","0","1","0","0"
"POINT (11.584346887000038 48.187702095000077)","Unfall 111085 (2024) Kat:3, Licht: 2","111085","3","2","5","07","23","6","","2","1","1","0","0"
"POINT (11.454152318000069 48.148345310000082)","Unfall 111087 (2024) Kat:3, Licht: 2","111087","3","7","1","07","21","6","","2","0","0","1","0"
"POINT (11.537384421000070 48.166810820000080)","Unfall 111089 (2024) Kat:3, Licht: 0","111089","3","2","5","07","15","6","","0","1","1","0","0"
"POINT (11.611860659000058 48.187010781000026)","Unfall 111143 (2024) Kat:3, Licht: 0","111143","3","7","0","07","16","6","","0","1","0","0","0"
"POINT (11.548379771000043 48.192320976000076)","Unfall 111179 (2024) Kat:3, Licht: 0","111179","3","7","5","07","15","6","","0","1","1","0","0"
"POINT (11.434892476000073 48.204263159000050)","Unfall 111199 (2024) Kat:2, Licht: 0","111199","2","6","2","07","17","6","","0","0","1","0","0"
"POINT (11.584358360000067 48.189011158000028)","Unfall 111203 (2024) Kat:3, Licht: 0","111203","3","3","5","07","09","5","","0","0","1","0","0"
"POINT (11.610858117000021 48.185888087000080)","Unfall 111204 (2024) Kat:2, Licht: 0","111204","2","3","5","07","13","5","","0","0","1","0","1"
"POINT (11.403968482000039 48.140013989000067)","Unfall 111206 (2024) Kat:3, Licht: 0","111206","3","2","5","07","07","5","","0","1","1","0","0"
"POINT (11.607258490000049 48.108925477000071)","Unfall 111209 (2024) Kat:3, Licht: 0","111209","3","1","0","07","14","5","","0","1","0","0","0"
"POINT (11.473696013000051 48.145358009000063)","Unfall 111318 (2024) Kat:3, Licht: 0","111318","3","2","5","07","13","4","","0","1","0","0","0"
"POINT (11.618454988000053 48.109623742000053)","Unfall 111322 (2024) Kat:2, Licht: 2","111322","2","3","5","07","00","4","","2","0","1","0","1"
"POINT (11.620581473000072 48.122552025000061)","Unfall 111323 (2024) Kat:3, Licht: 0","111323","3","6","2","07","08","4","","0","0","1","0","0"
"POINT (11.518426418000047 48.120753507000074)","Unfall 111416 (2024) Kat:3, Licht: 2","111416","3","6","3","07","12","3","","2","0","1","0","0"
"POINT (11.553643593000061 48.112367759000051)","Unfall 111418 (2024) Kat:3, Licht: 0","111418","3","6","2","07","14","3","","0","0","1","0","0"
"POINT (11.548245571000052 48.112164048000068)","Unfall 111419 (2024) Kat:3, Licht: 0","111419","3","6","2","07","18","3","","0","0","1","0","0"
"POINT (11.461421545000064 48.207294124000043)","Unfall 111489 (2024) Kat:3, Licht: 2","111489","3","6","2","07","15","4","","2","0","1","0","0"
"POINT (11.570074077000072 48.111212520000038)","Unfall 111492 (2024) Kat:2, Licht: 0","111492","2","4","6","07","07","2","","0","0","1","1","0"
"POINT (11.584072824000032 48.193104753000057)","Unfall 111493 (2024) Kat:3, Licht: 0","111493","3","3","5","07","11","2","","0","1","1","0","0"
"POINT (11.647514912000076 48.125761718000035)","Unfall 111496 (2024) Kat:3, Licht: 0","111496","3","6","2","07","07","2","","0","0","0","0","1"
"POINT (11.453813398000023 48.204699335000043)","Unfall 111564 (2024) Kat:3, Licht: 0","111564","3","6","2","07","17","2","","0","0","1","0","0"
"POINT (11.615227990000051 48.135975046000055)","Unfall 111570 (2024) Kat:3, Licht: 0","111570","3","6","2","07","16","2","","0","0","1","0","0"
"POINT (11.630903026000055 48.128286926000044)","Unfall 111571 (2024) Kat:3, Licht: 0","111571","3","6","2","06","14","1","","0","0","1","0","0"
"POINT (11.528216429000054 48.080039555000042)","Unfall 111573 (2024) Kat:3, Licht: 0","111573","3","2","5","06","10","1","","0","1","1","0","0"
"POINT (11.495645334000073 48.086321867000038)","Unfall 111574 (2024) Kat:2, Licht: 2","111574","2","3","5","06","00","1","","2","1","0","0","0"
"POINT (11.626062869000066 48.101015169000050)","Unfall 111575 (2024) Kat:3, Licht: 2","111575","3","3","5","06","00","1","","2","0","1","0","0"
"POINT (11.607866745000024 48.109008978000077)","Unfall 111576 (2024) Kat:3, Licht: 0","111576","3","6","1","06","11","1","","0","0","1","0","0"
"POINT (11.584423155000025 48.188296337000054)","Unfall 111652 (2024) Kat:3, Licht: 0","111652","3","7","0","06","05","7","","0","0","1","0","0"
"POINT (11.575293610000074 48.110128436000082)","Unfall 111653 (2024) Kat:3, Licht: 0","111653","3","3","5","06","13","7","","0","1","1","0","0"
"POINT (11.507289091000075 48.112515215000030)","Unfall 111654 (2024) Kat:3, Licht: 0","111654","3","6","2","06","20","7","","0","1","0","0","0"
"POINT (11.528645791000031 48.129952112000069)","Unfall 111655 (2024) Kat:3, Licht: 0","111655","3","2","3","06","11","7","","0","1","1","0","0"
"POINT (11.455883392000032 48.150541188000034)","Unfall 111730 (2024) Kat:3, Licht: 0","111730","3","6","2","08","11","6","","0","0","1","0","0"
"POINT (11.617683423000074 48.115413818000036)","Unfall 111791 (2024) Kat:3, Licht: 0","111791","3","3","5","08","19","5","","0","0","1","0","0"
"POINT (11.492623559000037 48.084455531000060)","Unfall 111927 (2024) Kat:3, Licht: 1","111927","3","3","1","08","18","3","","1","1","1","0","0"
"POINT (11.517368850000025 48.067601490000072)","Unfall 111929 (2024) Kat:3, Licht: 0","111929","3","1","8","08","16","3","","0","0","1","0","0"
"POINT (11.674032770000053 48.119409241000028)","Unfall 111931 (2024) Kat:3, Licht: 0","111931","3","2","5","08","07","3","","0","1","1","0","0"
"POINT (11.704410493000069 48.112473700000066)","Unfall 111996 (2024) Kat:3, Licht: 0","111996","3","2","1","08","12","2","","0","0","1","0","0"
"POINT (11.616032356000062 48.147121851000065)","Unfall 111997 (2024) Kat:3, Licht: 0","111997","3","6","3","08","07","2","","0","0","1","0","0"
"POINT (11.668472947000055 48.120211854000047)","Unfall 112000 (2024) Kat:3, Licht: 0","112000","3","3","5","08","10","2","","0","0","1","0","0"
"POINT (11.671229898000036 48.119663398000057)","Unfall 112057 (2024) Kat:3, Licht: 0","112057","3","2","5","08","13","1","","0","0","1","0","1"
"POINT (11.523461567000027 48.109933839000064)","Unfall 112058 (2024) Kat:3, Licht: 0","112058","3","6","2","08","18","1","","0","0","1","0","0"
"POINT (11.702026057000069 48.113007774000039)","Unfall 112128 (2024) Kat:1, Licht: 0","112128","1","3","5","08","10","7","","0","1","1","0","0"
"POINT (11.528591149000022 48.215772375000029)","Unfall 112129 (2024) Kat:2, Licht: 0","112129","2","6","3","08","20","7","","0","1","1","0","0"
"POINT (11.645356718000073 48.086535331000050)","Unfall 112131 (2024) Kat:3, Licht: 0","112131","3","1","3","08","12","7","","0","0","1","0","0"
"POINT (11.579445029000055 48.108530587000075)","Unfall 112132 (2024) Kat:3, Licht: 0","112132","3","2","5","08","18","7","","0","1","0","0","0"
"POINT (11.457027652000022 48.160893608000038)","Unfall 112214 (2024) Kat:3, Licht: 0","112214","3","6","2","08","14","6","","0","0","1","0","0"
"POINT (11.534592960000055 48.142659358000060)","Unfall 112215 (2024) Kat:3, Licht: 0","112215","3","6","3","08","08","6","","0","0","1","0","0"
"POINT (11.534847804000037 48.143577930000049)","Unfall 112250 (2024) Kat:2, Licht: 0","112250","2","7","0","08","17","4","","0","0","0","0","0"
"POINT (11.645524275000071 48.086427849000074)","Unfall 112287 (2024) Kat:2, Licht: 1","112287","2","4","6","08","05","5","","1","0","1","1","0"
"POINT (11.620486541000048 48.130081639000025)","Unfall 112289 (2024) Kat:3, Licht: 0","112289","3","3","1","08","09","5","","0","1","1","0","0"
"POINT (11.592729706000057 48.176052997000056)","Unfall 112347 (2024) Kat:3, Licht: 0","112347","3","1","9","08","08","5","","0","0","0","0","1"
"POINT (11.621241735000069 48.160082470000077)","Unfall 112511 (2024) Kat:3, Licht: 0","112511","3","3","1","08","15","2","","0","0","1","0","0"