WKT,Name,OBJECTID,UKATEGORIE,UTYP1,UART,UMONAT,USTUNDE,UWOCHENTAG,STRZUSTAND,ULICHTVERH,ISTRAD,ISTPKW,ISTFUSS,ISTKRAD
"POINT (11.524538305000021 48.128075316000036)","Unfall 112512 (2024) Kat:2, Licht: 0","112512","2","7","8","08","16","2","","0","1","0","0","0"
"POINT (11.482232186000033 48.209207977000062)","Unfall 112563 (2024) Kat:2, Licht: 0","112563","2","6","3","08","17","2","","0","0","1","0","1"
"POINT (11.608366654000065 48.109102324000048)","Unfall 112568 (2024) Kat:2, Licht: 0","112568","2","7","5","08","18","1","","0","1","1","0","0"
"POINT (11.532089163000023 48.132357567000042)","Unfall 112630 (2024) Kat:2, Licht: 0","112630","2","6","3","08","11","7","","0","0","1","0","1"
"POINT (11.706986682000036 48.111957311000026)","Unfall 112688 (2024) Kat:3, Licht: 0","112688","3","3","1","08","12","6","","0","1","1","0","0"
"POINT (11.599268086000052 48.161451100000079)","Unfall 112689 (2024) Kat:3, Licht: 0","112689","3","7","2","08","16","6","","0","0","1","0","0"
"POINT (11.695810160000065 48.140540809000072)","Unfall 112691 (2024) Kat:3, Licht: 1","112691","3","4","6","08","18","6","","1","0","0","1","0"
"POINT (11.396119075000058 48.152228318000027)","Unfall 112763 (2024) Kat:3, Licht: 0","112763","3","7","0","08","13","6","","0","0","1","0","0"
"POINT (11.528860178000059 48.110048358000029)","Unfall 112773 (2024) Kat:3, Licht: 2","112773","3","1","8","08","23","5","","2","0","0","0","1"
"POINT (11.459585691000029 48.171957185000053)","Unfall 112862 (2024) Kat:3, Licht: 0","112862","3","2","5","07","10","4","","0","0","1","0","1"
"POINT (11.502451944000029 48.112178310000047)","Unfall 112863 (2024) Kat:3, Licht: 0","112863","3","2","5","07","14","4","","0","0","1","0","0"
"POINT (11.607745592000072 48.155859891000034)","Unfall 112864 (2024) Kat:3, Licht: 0","112864","3","6","2","07","16","4","","0","0","1","0","0"
"POINT (11.614779640000052 48.135958736000077)","Unfall 112865 (2024) Kat:3, Licht: 0","112865","3","6","5","07","10","4","","0","1","0","0","0"
"POINT (11.555202460000032 48.112054569000065)","Unfall 112867 (2024) Kat:3, Licht: 0","112867","3","3","5","07","07","4","","0","1","1","0","0"
"POINT (11.584720433000030 48.184395411000025)","Unfall 112910 (2024) Kat:3, Licht: 2","112910","3","2","5","08","23","6","","2","0","1","0","0"
"POINT (11.521790740000029 48.189778412000067)","Unfall 112972 (2024) Kat:3, Licht: 0","112972","3","6","4","07","17","3","","0","1","0","0","0"
"POINT (11.469140087000028 48.209688726000081)","Unfall 113067 (2024) Kat:3, Licht: 0","113067","3","6","3","07","14","3","","0","0","1","0","0"
"POINT (11.623059003000037 48.138084386000060)","Unfall 113085 (2024) Kat:3, Licht: 0","113085","3","3","0","07","07","2","","0","0","1","0","0"
"POINT (11.505351716000064 48.088185933000034)","Unfall 113129 (2024) Kat:3, Licht: 0","113129","3","2","5","08","08","6","","0","0","1","0","0"
"POINT (11.536580473000072 48.151740194000070)","Unfall 113160 (2024) Kat:3, Licht: 0","113160","3","2","0","08","16","3","","0","1","0","0","0"
"POINT (11.649004498000068 48.100263726000037)","Unfall 113262 (2024) Kat:3, Licht: 0","113262","3","7","2","07","14","7","","0","0","1","0","0"
"POINT (11.625606592000054 48.197832377000054)","Unfall 113267 (2024) Kat:3, Licht: 0","113267","3","3","0","07","16","7","","0","1","1","0","0"
"POINT (11.522628190000034 48.140817812000080)","Unfall 113297 (2024) Kat:3, Licht: 1","113297","3","2","3","08","22","6","","1","1","1","0","0"
"POINT (11.521562534000054 48.141056450000065)","Unfall 113350 (2024) Kat:3, Licht: 2","113350","3","6","0","07","22","3","","2","0","0","0","0"
"POINT (11.479863050000063 48.209641693000037)","Unfall 113357 (2024) Kat:3, Licht: 0","113357","3","7","3","07","06","7","","0","0","1","0","0"
"POINT (11.620483552000053 48.121923100000060)","Unfall 113366 (2024) Kat:3, Licht: 0","113366","3","1","0","07","12","6","","0","0","0","0","0"
"POINT (11.584216775000073 48.195744514000069)","Unfall 113465 (2024) Kat:3, Licht: 0","113465","3","7","5","07","08","5","","0","0","1","0","0"
"POINT (11.586338290000072 48.206514761000051)","Unfall 113467 (2024) Kat:3, Licht: 0","113467","3","6","2","07","18","5","","0","0","1","0","0"
"POINT (11.479183290000037 48.088602104000074)","Unfall 113470 (2024) Kat:3, Licht: 0","113470","3","6","2","07","16","5","","0","0","1","0","0"
"POINT (11.630106835000049 48.128300861000071)","Unfall 113472 (2024) Kat:3, Licht: 0","113472","3","1","2","07","18","5","","0","0","1","0","0"
"POINT (11.616362044000027 48.113180617000069)","Unfall 113505 (2024) Kat:3, Licht: 0","113505","3","2","4","08","09","3","","0","1","1","0","0"
"POINT (11.422849512000028 48.187727992000077)","Unfall 113571 (2024) Kat:3, Licht: 0","113571","3","6","0","07","20","5","","0","0","1","0","0"
"POINT (11.616245655000057 48.149935012000071)","Unfall 113581 (2024) Kat:3, Licht: 2","113581","3","6","2","07","13","4","","2","0","1","0","0"
"POINT (11.677116890000036 48.083998304000033)","Unfall 113584 (2024) Kat:3, Licht: 2","113584","3","1","0","07","23","4","","2","1","0","0","0"
"POINT (11.524493954000036 48.127934579000055)","Unfall 113585 (2024) Kat:3, Licht: 0","113585","3","7","0","07","16","4","","0","0","0","1","0"
"POINT (11.596068176000074 48.163797107000050)","Unfall 113586 (2024) Kat:3, Licht: 0","113586","3","6","2","07","12","4","","0","0","1","0","0"
"POINT (11.614128364000067 48.226322394000078)","Unfall 113667 (2024) Kat:3, Licht: 0","113667","3","6","2","07","17","4","","0","0","1","0","0"
"POINT (11.620226408000065 48.120309894000059)","Unfall 113669 (2024) Kat:2, Licht: 0","113669","2","2","4","07","18","3","","0","1","1","0","0"
"POINT (11.635238548000075 48.217222439000068)","Unfall 113721 (2024) Kat:3, Licht: 0","113721","3","6","2","07","15","4","","0","0","1","0","0"
"POINT (11.548545494000052 48.226646801000072)","Unfall 113770 (2024) Kat:3, Licht: 0","113770","3","6","2","07","08","3","","0","0","1","0","0"
"POINT (11.653990976000046 48.094089452000048)","Unfall 113777 (2024) Kat:3, Licht: 0","113777","3","4","0","07","15","2","","0","0","0","1","1"
"POINT (11.614946924000037 48.129417659000069)","Unfall 113778 (2024) Kat:3, Licht: 0","113778","3","3","5","07","14","2","","0","0","1","0","0"
"POINT (11.711275732000047 48.111196752000069)","Unfall 113780 (2024) Kat:3, Licht: 0","113780","3","7","0","07","16","2","","0","1","0","0","0"
"POINT (11.539758882000058 48.110344879000081)","Unfall 113781 (2024) Kat:3, Licht: 0","113781","3","2","5","07","05","2","","0","0","1","0","0"
"POINT (11.611618761000045 48.154113446000054)","Unfall 113890 (2024) Kat:3, Licht: 0","113890","3","6","2","08","14","5","","0","0","1","0","1"
"POINT (11.567534299000044 48.176568017000079)","Unfall 114009 (2024) Kat:3, Licht: 2","114009","3","6","1","07","22","7","","2","0","1","0","0"
"POINT (11.445322139000041 48.148478176000026)","Unfall 114010 (2024) Kat:3, Licht: 0","114010","3","2","3","07","14","7","","0","1","1","0","0"
"POINT (11.557148553000047 48.177801801000044)","Unfall 114011 (2024) Kat:3, Licht: 0","114011","3","7","6","07","20","7","","0","1","0","1","0"
"POINT (11.613784484000064 48.188694665000071)","Unfall 114115 (2024) Kat:3, Licht: 0","114115","3","2","5","07","15","6","","0","1","1","0","0"
"POINT (11.668607527000063 48.120173437000062)","Unfall 114119 (2024) Kat:3, Licht: 0","114119","3","6","4","07","18","6","","0","1","0","0","0"
"POINT (11.597582470000077 48.107195974000035)","Unfall 114120 (2024) Kat:3, Licht: 0","114120","3","6","2","07","08","6","","0","1","1","0","0"
"POINT (11.537155316000053 48.154146006000076)","Unfall 114158 (2024) Kat:3, Licht: 0","114158","3","6","2","09","12","3","","0","0","1","0","1"
"POINT (11.448340612000038 48.146236921000082)","Unfall 114159 (2024) Kat:3, Licht: 0","114159","3","6","2","09","16","3","","0","0","1","0","1"
"POINT (11.501794323000070 48.112169015000063)","Unfall 114160 (2024) Kat:3, Licht: 1","114160","3","7","0","09","20","3","","1","0","0","0","0"
"POINT (11.566956159000028 48.100999411000032)","Unfall 114162 (2024) Kat:3, Licht: 2","114162","3","1","0","09","22","3","","2","1","0","0","0"
"POINT (11.456993684000054 48.153037820000065)","Unfall 114234 (2024) Kat:3, Licht: 0","114234","3","2","4","09","12","2","","0","1","1","0","0"
"POINT (11.507285203000038 48.142689459000053)","Unfall 114235 (2024) Kat:3, Licht: 0","114235","3","5","1","09","15","2","","0","1","1","0","0"
"POINT (11.502229337000074 48.192990722000047)","Unfall 114302 (2024) Kat:3, Licht: 0","114302","3","6","1","09","17","1","","0","0","1","0","1"
"POINT (11.496222822000050 48.112104711000029)","Unfall 114303 (2024) Kat:3, Licht: 0","114303","3","7","6","09","12","1","","0","0","1","1","0"
"POINT (11.620761060000063 48.124435110000036)","Unfall 114304 (2024) Kat:3, Licht: 0","114304","3","7","1","09","15","1","","0","0","1","0","0"
"POINT (11.603203913000073 48.157741324000028)","Unfall 114373 (2024) Kat:3, Licht: 2","114373","3","7","9","08","02","7","","2","0","1","0","0"
"POINT (11.403511276000074 48.125686353000049)","Unfall 114381 (2024) Kat:3, Licht: 0","114381","3","7","0","08","11","7","","0","0","1","0","0"
"POINT (11.707685431000073 48.142179224000074)","Unfall 114436 (2024) Kat:3, Licht: 2","114436","3","6","3","08","00","7","","2","0","1","0","0"
"POINT (11.544603995000045 48.176315674000080)","Unfall 114441 (2024) Kat:2, Licht: 0","114441","2","6","2","08","08","6","","0","0","1","0","0"
"POINT (11.654159199000048 48.124870818000034)","Unfall 114444 (2024) Kat:3, Licht: 0","114444","3","2","4","08","14","6","","0","0","1","0","1"
"POINT (11.617128933000060 48.130794474000027)","Unfall 114489 (2024) Kat:3, Licht: 0","114489","3","2","5","09","11","3","","0","1","1","0","0"
"POINT (11.617607296000074 48.115267140000071)","Unfall 114541 (2024) Kat:3, Licht: 2","114541","3","1","0","08","21","5","","2","1","0","0","0"
"POINT (11.494653777000053 48.084314962000064)","Unfall 114544 (2024) Kat:3, Licht: 1","114544","3","7","1","08","19","5","","1","0","1","0","1"
"POINT (11.521500183000057 48.074084714000037)","Unfall 114545 (2024) Kat:2, Licht: 0","114545","2","1","0","08","09","5","","0","1","0","0","0"
"POINT (11.699232743000039 48.113820213000054)","Unfall 114547 (2024) Kat:3, Licht: 0","114547","3","3","2","08","13","5","","0","1","1","0","0"
"POINT (11.614533995000045 48.138250680000056)","Unfall 114548 (2024) Kat:3, Licht: 2","114548","3","6","2","08","13","5","","2","0","1","0","0"
"POINT (11.597610095000050 48.173594642000069)","Unfall 114612 (2024) Kat:3, Licht: 0","114612","3","3","5","08","16","4","","0","0","1","0","0"
"POINT (11.563677687000052 48.095787038000026)","Unfall 114613 (2024) Kat:3, Licht: 0","114613","3","2","4","08","15","4","","0","0","1","0","0"
"POINT (11.517055584000047 48.113194279000027)","Unfall 114614 (2024) Kat:3, Licht: 0","114614","3","3","5","08","10","4","","0","0","1","0","0"
"POINT (11.497023137000042 48.143682450000028)","Unfall 114615 (2024) Kat:3, Licht: 0","114615","3","2","5","08","18","4","","0","0","0","0","0"
"POINT (11.518055239000034 48.119952670000032)","Unfall 114616 (2024) Kat:3, Licht: 2","114616","3","6","2","08","14","4","","2","0","1","0","0"
"POINT (11.582061446000068 48.104472181000062)","Unfall 114621 (2024) Kat:3, Licht: 0","114621","3","6","2","08","11","4","","0","0","1","0","0"
"POINT (11.607625765000023 48.155908467000074)","Unfall 114622 (2024) Kat:3, Licht: 0","114622","3","6","2","08","08","4","","0","0","1","0","0"
"POINT (11.539123145000076 48.186684236000076)","Unfall 114702 (2024) Kat:3, Licht: 0","114702","3","7","5","08","17","3","","0","1","0","0","1"
"POINT (11.615255629000046 48.112286598000026)","Unfall 114780 (2024) Kat:3, Licht: 0","114780","3","6","2","08","06","2","","0","0","1","0","0"
"POINT (11.616454348000048 48.132782748000068)","Unfall 114879 (2024) Kat:3, Licht: 2","114879","3","6","0","08","19","7","","2","0","1","0","0"
"POINT (11.483910445000049 48.144960101000038)","Unfall 114880 (2024) Kat:3, Licht: 0","114880","3","3","5","08","14","7","","0","0","1","0","0"
"POINT (11.616125508000039 48.132146411000065)","Unfall 114975 (2024) Kat:3, Licht: 0","114975","3","2","4","08","14","6","","0","1","1","0","0"
"POINT (11.462156233000030 48.177054056000031)","Unfall 114976 (2024) Kat:3, Licht: 0","114976","3","2","5","08","17","6","","0","0","1","0","0"
"POINT (11.439487766000070 48.145160684000075)","Unfall 114977 (2024) Kat:3, Licht: 0","114977","3","7","0","08","11","6","","0","1","0","0","0"
"POINT (11.699618944000065 48.142095718000064)","Unfall 115055 (2024) Kat:3, Licht: 2","115055","3","6","2","08","23","6","","2","0","1","0","0"
"POINT (11.545632034000050 48.111836928000059)","Unfall 115058 (2024) Kat:3, Licht: 0","115058","3","6","3","08","08","5","","0","1","0","0","0"
"POINT (11.614469136000025 48.111491074000071)","Unfall 115059 (2024) Kat:3, Licht: 2","115059","3","3","5","08","22","5","","2","0","1","0","0"
"POINT (11.621149075000062 48.106346772000052)","Unfall 115061 (2024) Kat:3, Licht: 0","115061","3","7","0","08","14","5","","0","0","0","0","0"
"POINT (11.605456004000075 48.156698561000042)","Unfall 115062 (2024) Kat:3, Licht: 0","115062","3","6","2","08","09","5","","0","0","0","0","1"
"POINT (11.712763902000063 48.111051400000065)","Unfall 115147 (2024) Kat:3, Licht: 0","115147","3","3","6","08","11","4","","0","0","1","1","0"
"POINT (11.598543271000040 48.107386575000078)","Unfall 115148 (2024) Kat:3, Licht: 0","115148","3","7","0","08","12","4","","0","1","0","0","0"
"POINT (11.527748894000069 48.129750494000064)","Unfall 115149 (2024) Kat:3, Licht: 0","115149","3","6","2","08","16","4","","0","0","1","0","0"
"POINT (11.542642352000030 48.111186974000077)","Unfall 115218 (2024) Kat:3, Licht: 0","115218","3","7","9","08","12","3","","0","0","1","0","0"
"POINT (11.585181240000054 48.200687970000047)","Unfall 115219 (2024) Kat:3, Licht: 0","115219","3","6","2","08","18","3","","0","0","1","0","1"
"POINT (11.620971458000042 48.191624491000027)","Unfall 115220 (2024) Kat:2, Licht: 0","115220","2","2","5","08","17","3","","0","0","1","0","0"
"POINT (11.501970458000073 48.192895411000052)","Unfall 115221 (2024) Kat:3, Licht: 0","115221","3","6","2","08","16","3","","0","0","1","0","0"
"POINT (11.429115528000068 48.177627118000032)","Unfall 115271 (2024) Kat:2, Licht: 2","115271","2","6","2","08","20","3","","2","0","1","0","0"
"POINT (11.519589465000024 48.122018069000035)","Unfall 115348 (2024) Kat:3, Licht: 0","115348","3","1","9","08","14","2","","0","0","0","0","1"
"POINT (11.620650780000062 48.121986538000044)","Unfall 115357 (2024) Kat:3, Licht: 0","115357","3","1","8","08","14","1","","0","0","1","0","0"
"POINT (11.564817002000041 48.098301312000046)","Unfall 115411 (2024) Kat:2, Licht: 2","115411","2","3","5","09","20","6","","2","0","0","0","0"
"POINT (11.535689898000044 48.110568759000046)","Unfall 115476 (2024) Kat:3, Licht: 2","115476","3","6","2","09","20","5","","2","0","1","0","1"
"POINT (11.585835957000029 48.203199883000082)","Unfall 115543 (2024) Kat:3, Licht: 0","115543","3","3","1","09","15","4","","0","0","1","0","0"
"POINT (11.584406795000064 48.188470194000047)","Unfall 115544 (2024) Kat:3, Licht: 1","115544","3","2","5","09","21","4","","1","0","1","0","0"
"POINT (11.616178766000075 48.113188164000064)","Unfall 115545 (2024) Kat:3, Licht: 1","115545","3","2","5","09","18","4","","1","1","1","0","0"
"POINT (11.505488969000055 48.125554372000067)","Unfall 115586 (2024) Kat:3, Licht: 0","115586","3","6","2","09","11","4","","0","0","1","0","0"
"POINT (11.594272798000077 48.174994089000052)","Unfall 115597 (2024) Kat:3, Licht: 0","115597","3","6","3","09","15","3","","0","0","1","0","0"
"POINT (11.557494210000073 48.177548413000068)","Unfall 115598 (2024) Kat:3, Licht: 2","115598","3","1","0","09","02","3","","2","1","0","0","0"
"POINT (11.502519719000077 48.112031627000079)","Unfall 115599 (2024) Kat:3, Licht: 0","115599","3","2","5","09","14","3","","0","1","1","0","0"
"POINT (11.581359349000024 48.106177550000041)","Unfall 115650 (2024) Kat:3, Licht: 0","115650","3","7","8","09","17","2","","0","0","1","0","0"
"POINT (11.398741210000026 48.135438312000076)","Unfall 115682 (2024) Kat:3, Licht: 2","115682","3","1","9","09","23","2","","2","0","1","0","0"
"POINT (11.442772650000052 48.204378311000028)","Unfall 115756 (2024) Kat:3, Licht: 2","115756","3","1","2","09","21","1","","2","0","1","0","1"
"POINT (11.612711916000023 48.153554096000050)","Unfall 115846 (2024) Kat:3, Licht: 0","115846","3","1","0","09","11","6","","0","1","0","0","0"
"POINT (11.584663873000068 48.184910967000064)","Unfall 115848 (2024) Kat:3, Licht: 0","115848","3","5","1","09","07","6","","0","0","1","0","0"
"POINT (11.537541717000067 48.166084899000055)","Unfall 115849 (2024) Kat:3, Licht: 0","115849","3","6","2","09","14","6","","0","0","1","0","1"
"POINT (11.560303025000053 48.176021140000046)","Unfall 115851 (2024) Kat:3, Licht: 0","115851","3","6","2","09","14","6","","0","0","1","0","0"
"POINT (11.527436813000065 48.109973879000052)","Unfall 115945 (2024) Kat:3, Licht: 0","115945","3","6","2","09","15","5","","0","0","1","0","0"
"POINT (11.561799338000071 48.176090151000039)","Unfall 115946 (2024) Kat:3, Licht: 0","115946","3","3","5","09","15","5","","0","0","1","0","1"
"POINT (11.500435814000070 48.143309855000041)","Unfall 115947 (2024) Kat:3, Licht: 2","115947","3","2","5","09","19","5","","2","0","1","0","1"
"POINT (11.391270267000039 48.146103430000039)","Unfall 116032 (2024) Kat:3, Licht: 1","116032","3","6","5","09","19","4","","1","0","1","0","1"
"POINT (11.540800622000063 48.184458124000059)","Unfall 116033 (2024) Kat:3, Licht: 0","116033","3","6","3","09","06","4","","0","0","1","0","1"
"POINT (11.539002300000050 48.110587575000068)","Unfall 116034 (2024) Kat:3, Licht: 0","116034","3","6","2","09","14","4","","0","0","1","0","0"
"POINT (11.618094474000031 48.225301635000051)","Unfall 116109 (2024) Kat:3, Licht: 2","116109","3","6","2","09","00","4","","2","0","1","0","0"
"POINT (11.457630970000025 48.157674964000080)","Unfall 116117 (2024) Kat:3, Licht: 2","116117","3","6","2","09","18","3","","2","0","1","0","0"
"POINT (11.522112587000038 48.189814524000042)","Unfall 116118 (2024) Kat:3, Licht: 0","116118","3","6","2","09","13","3","","0","0","1","0","0"
"POINT (11.616162866000025 48.146778520000055)","Unfall 116120 (2024) Kat:3, Licht: 2","116120","3","6","2","09","08","3","","2","0","1","0","0"
"POINT (11.483197574000030 48.209248980000041)","Unfall 116176 (2024) Kat:2, Licht: 0","116176","2","6","3","09","13","3","","0","0","1","0","1"
"POINT (11.412357818000032 48.165809976000048)","Unfall 116177 (2024) Kat:3, Licht: 2","116177","3","6","2","09","17","3","","2","0","1","0","1"
"POINT (11.616123168000058 48.130988986000034)","Unfall 116221 (2024) Kat:3, Licht: 1","116221","3","2","5","09","19","5","","1","1","1","0","0"
"POINT (11.584366258000045 48.195825968000065)","Unfall 116262 (2024) Kat:3, Licht: 2","116262","3","2","5","09","22","1","","2","0","1","0","0"
"POINT (11.523402273000045 48.075473189000036)","Unfall 116263 (2024) Kat:3, Licht: 0","116263","3","4","6","09","14","1","","0","0","1","1","0"
"POINT (11.509493942000063 48.125179548000062)","Unfall 116289 (2024) Kat:3, Licht: 0","116289","3","6","2","09","13","1","","0","0","1","0","0"
"POINT (11.457732593000060 48.156995970000025)","Unfall 116292 (2024) Kat:3, Licht: 2","116292","3","6","2","09","05","7","","2","1","1","0","0"
"POINT (11.479345556000055 48.145185496000067)","Unfall 116344 (2024) Kat:3, Licht: 0","116344","3","6","2","09","14","6","","0","0","1","0","0"
"POINT (11.625151971000037 48.212532745000033)","Unfall 116430 (2024) Kat:3, Licht: 0","116430","3","6","2","09","16","6","","0","0","1","0","0"
"POINT (11.405630019000057 48.177452845000062)","Unfall 116436 (2024) Kat:3, Licht: 0","116436","3","2","4","09","07","5","","0","1","1","0","0"
"POINT (11.580266347000077 48.106818546000056)","Unfall 116437 (2024) Kat:3, Licht: 2","116437","3","4","6","09","22","5","","2","0","1","1","0"
"POINT (11.502979100000061 48.192944753000063)","Unfall 116453 (2024) Kat:3, Licht: 0","116453","3","6","2","09","11","6","","0","0","1","0","0"
"POINT (11.429824287000031 48.178276517000029)","Unfall 116516 (2024) Kat:3, Licht: 0","116516","3","6","2","09","08","5","","0","0","1","0","0"
"POINT (11.579035184000077 48.177724932000046)","Unfall 116520 (2024) Kat:3, Licht: 2","116520","3","6","3","09","06","4","","2","0","1","0","1"
"POINT (11.616237230000024 48.148020161000034)","Unfall 116521 (2024) Kat:3, Licht: 0","116521","3","3","5","09","16","4","","0","0","1","0","0"
"POINT (11.510178279000058 48.142352690000052)","Unfall 116523 (2024) Kat:3, Licht: 0","116523","3","6","2","09","17","4","","0","0","1","0","0"
"POINT (11.519480764000036 48.071988037000040)","Unfall 116524 (2024) Kat:2, Licht: 0","116524","2","3","5","09","12","4","","0","1","1","0","0"
"POINT (11.636853460000054 48.126845405000040)","Unfall 116525 (2024) Kat:3, Licht: 1","116525","3","3","5","09","18","4","","1","1","1","0","0"
"POINT (11.615383336000036 48.130926486000078)","Unfall 116526 (2024) Kat:3, Licht: 0","116526","3","3","5","09","11","4","","0","0","0","0","1"
"POINT (11.616187153000055 48.113199184000052)","Unfall 116590 (2024) Kat:3, Licht: 2","116590","3","6","2","09","21","3","","2","0","1","0","0"
"POINT (11.634512316000041 48.127274871000054)","Unfall 116591 (2024) Kat:3, Licht: 0","116591","3","7","3","09","18","3","","0","0","1","0","0"
"POINT (11.455980079000028 48.147076431000073)","Unfall 116592 (2024) Kat:3, Licht: 0","116592","3","2","3","09","18","3","","0","1","1","0","0"
"POINT (11.603882025000075 48.108528720000038)","Unfall 116603 (2024) Kat:3, Licht: 2","116603","3","7","9","09","04","1","","2","0","1","0","0"
"POINT (11.633465388000047 48.138730515000077)","Unfall 116670 (2024) Kat:3, Licht: 0","116670","3","6","3","09","09","3","","0","0","1","0","0"
"POINT (11.508311210000045 48.088774866000051)","Unfall 116675 (2024) Kat:3, Licht: 0","116675","3","1","0","09","16","2","","0","0","0","0","0"
"POINT (11.608058897000035 48.109043277000069)","Unfall 116677 (2024) Kat:3, Licht: 0","116677","3","3","5","09","14","2","","0","0","1","0","0"
"POINT (11.589764536000075 48.176882969000076)","Unfall 116752 (2024) Kat:3, Licht: 0","116752","3","1","2","09","14","1","","0","0","1","0","0"
"POINT (11.476592035000067 48.145269277000068)","Unfall 116753 (2024) Kat:2, Licht: 0","116753","2","3","5","09","14","1","","0","0","1","0","0"
"POINT (11.457183924000049 48.204027090000068)","Unfall 116780 (2024) Kat:3, Licht: 0","116780","3","3","5","09","14","2","","0","0","1","0","0"
"POINT (11.585904124000024 48.204386825000029)","Unfall 116849 (2024) Kat:3, Licht: 0","116849","3","6","3","09","15","7","","0","0","1","0","1"
"POINT (11.614327246000073 48.111585665000064)","Unfall 116898 (2024) Kat:2, Licht: 2","116898","2","2","4","09","00","5","","2","0","1","0","0"
"POINT (11.493320733000076 48.098298964000037)","Unfall 116916 (2024) Kat:3, Licht: 2","116916","3","1","8","09","05","7","","2","0","0","0","1"
"POINT (11.638052018000053 48.126769600000046)","Unfall 116946 (2024) Kat:3, Licht: 2","116946","3","7","1","09","21","6","","2","0","1","0","0"
"POINT (11.456939819000070 48.203513561000079)","Unfall 117039 (2024) Kat:3, Licht: 0","117039","3","6","0","09","16","6","","0","1","0","0","0"
"POINT (11.485843618000047 48.208252233000053)","Unfall 117050 (2024) Kat:3, Licht: 0","117050","3","6","2","09","16","5","","0","0","1","0","0"
"POINT (11.541065822000064 48.094054145000030)","Unfall 117051 (2024) Kat:3, Licht: 0","117051","3","2","5","09","18","5","","0","1","0","0","1"
"POINT (11.539194587000054 48.173040641000057)","Unfall 117137 (2024) Kat:2, Licht: 0","117137","2","7","2","09","12","4","","0","0","1","0","1"
"POINT (11.537306276000038 48.158032348000063)","Unfall 117139 (2024) Kat:3, Licht: 0","117139","3","6","2","09","08","4","","0","0","1","0","0"
"POINT (11.524230330000023 48.140650334000043)","Unfall 117140 (2024) Kat:3, Licht: 0","117140","3","2","5","09","17","4","","0","0","1","0","1"
"POINT (11.480225692000033 48.216738296000074)","Unfall 117243 (2024) Kat:3, Licht: 0","117243","3","6","4","11","12","5","","0","0","1","0","0"
"POINT (11.584733764000077 48.184313795000037)","Unfall 117283 (2024) Kat:2, Licht: 0","117283","2","2","4","11","11","4","","0","0","1","0","1"
"POINT (11.607527673000050 48.108959088000063)","Unfall 117284 (2024) Kat:3, Licht: 0","117284","3","2","0","11","15","4","","0","0","1","0","0"
"POINT (11.619971806000024 48.130182814000079)","Unfall 117325 (2024) Kat:3, Licht: 2","117325","3","7","0","11","17","3","","2","1","1","0","0"
"POINT (11.435115033000045 48.144409404000044)","Unfall 117326 (2024) Kat:3, Licht: 2","117326","3","2","4","11","20","3","","2","0","1","0","0"
"POINT (11.624325436000049 48.104061412000078)","Unfall 117367 (2024) Kat:3, Licht: 0","117367","3","2","5","11","16","2","","0","1","1","0","0"
"POINT (11.584793790000049 48.183582837000074)","Unfall 117416 (2024) Kat:3, Licht: 2","117416","3","6","2","11","00","1","","2","0","1","0","0"
"POINT (11.584446492000041 48.187798132000069)","Unfall 117458 (2024) Kat:3, Licht: 2","117458","3","3","5","11","20","7","","2","0","1","0","0"
"POINT (11.392451928000071 48.146135872000059)","Unfall 117459 (2024) Kat:3, Licht: 0","117459","3","3","5","11","14","7","","0","0","1","0","0"
"POINT (11.485252502000037 48.210204522000026)","Unfall 117460 (2024) Kat:3, Licht: 2","117460","3","3","5","11","00","7","","2","0","1","0","0"
"POINT (11.624818966000021 48.222745001000078)","Unfall 117486 (2024) Kat:3, Licht: 0","117486","3","6","3","11","15","7","","0","0","1","0","0"
"POINT (11.534654164000074 48.138194549000048)","Unfall 117487 (2024) Kat:3, Licht: 2","117487","3","3","5","11","00","6","","2","1","1","0","0"
"POINT (11.578349742000057 48.177697114000068)","Unfall 117488 (2024) Kat:3, Licht: 1","117488","3","7","8","11","17","6","","1","0","1","0","0"
"POINT (11.615059031000044 48.136081145000048)","Unfall 117555 (2024) Kat:3, Licht: 0","117555","3","7","0","10","13","5","","0","0","1","0","0"
"POINT (11.629752683000049 48.220550769000056)","Unfall 117569 (2024) Kat:3, Licht: 2","117569","3","6","2","11","18","4","","2","0","1","0","0"
"POINT (11.587778705000062 48.213101227000038)","Unfall 117570 (2024) Kat:3, Licht: 2","117570","3","2","5","10","20","4","","2","1","1","0","0"
"POINT (11.403250826000033 48.128484853000032)","Unfall 117625 (2024) Kat:3, Licht: 0","117625","3","6","1","10","08","4","","0","0","1","0","0"
"POINT (11.601800878000063 48.108143484000038)","Unfall 117634 (2024) Kat:3, Licht: 0","117634","3","5","1","10","16","3","","0","1","1","0","0"
"POINT (11.585668254000041 48.202455777000068)","Unfall 117636 (2024) Kat:3, Licht: 2","117636","3","6","2","10","19","3","","2","0","1","0","0"
"POINT (11.651630856000054 48.104648049000048)","Unfall 117637 (2024) Kat:3, Licht: 2","117637","3","3","4","10","21","3","","2","0","1","0","0"
"POINT (11.617202985000063 48.112386664000041)","Unfall 117638 (2024) Kat:3, Licht: 2","117638","3","3","5","10","19","3","","2","0","1","0","0"