WKT,Name,OBJECTID,UKATEGORIE,UTYP1,UART,UMONAT,USTUNDE,UWOCHENTAG,STRZUSTAND,ULICHTVERH,ISTRAD,ISTPKW,ISTFUSS,ISTKRAD
"POINT (11.566257142000040 48.187241531000041)","Unfall 213917 (2024) Kat:3, Licht: 2","213917","3","3","5","01","18","3","","2","1","1","0","0"
"POINT (11.515787223000075 48.141881485000056)","Unfall 213918 (2024) Kat:2, Licht: 2","213918","2","1","0","01","23","3","","2","1","0","0","0"
"POINT (11.639191929000049 48.140094890000057)","Unfall 213919 (2024) Kat:2, Licht: 2","213919","2","1","0","01","18","3","","2","1","0","0","0"
"POINT (11.543674151000062 48.122206884000036)","Unfall 213920 (2024) Kat:2, Licht: 0","213920","2","7","0","01","12","3","","0","1","0","0","0"
"POINT (11.689367381000068 48.133427697000059)","Unfall 213949 (2024) Kat:3, Licht: 0","213949","3","6","2","01","12","2","","0","0","1","0","0"
"POINT (11.529298890000064 48.176477702000057)","Unfall 213950 (2024) Kat:2, Licht: 0","213950","2","2","4","01","10","2","","0","0","1","0","0"
"POINT (11.533789056000046 48.112852091000036)","Unfall 213951 (2024) Kat:2, Licht: 2","213951","2","2","6","01","06","2","","2","0","1","1","0"
"POINT (11.646023695000054 48.171970102000046)","Unfall 213952 (2024) Kat:3, Licht: 2","213952","3","2","6","01","18","2","","2","0","1","1","0"
"POINT (11.510936151000067 48.169922436000036)","Unfall 213954 (2024) Kat:3, Licht: 0","213954","3","3","4","01","12","2","","0","0","1","0","0"
"POINT (11.415136785000072 48.160049530000038)","Unfall 213956 (2024) Kat:3, Licht: 0","213956","3","6","0","01","16","2","","0","0","1","0","0"
"POINT (11.430273384000031 48.149244909000060)","Unfall 213957 (2024) Kat:3, Licht: 0","213957","3","7","0","01","15","2","","0","1","0","0","0"
"POINT (11.540836826000032 48.150989373000073)","Unfall 213958 (2024) Kat:3, Licht: 0","213958","3","4","6","01","16","2","","0","1","0","1","0"
"POINT (11.525197588000026 48.132480760000078)","Unfall 213959 (2024) Kat:3, Licht: 0","213959","3","2","5","01","10","2","","0","0","1","0","0"
"POINT (11.587823892000074 48.156768289000070)","Unfall 213960 (2024) Kat:3, Licht: 0","213960","3","6","4","01","14","2","","0","1","0","0","0"
"POINT (11.582497596000053 48.152698813000029)","Unfall 213993 (2024) Kat:3, Licht: 2","213993","3","2","5","01","19","1","","2","0","1","0","0"
"POINT (11.556973823000021 48.137463183000079)","Unfall 213994 (2024) Kat:3, Licht: 0","213994","3","7","3","01","15","1","","0","0","1","0","0"
"POINT (11.556245600000068 48.142125491000058)","Unfall 213995 (2024) Kat:3, Licht: 2","213995","3","1","7","01","18","1","","2","1","0","0","0"
"POINT (11.523652215000027 48.099024353000061)","Unfall 213996 (2024) Kat:3, Licht: 2","213996","3","4","6","01","20","1","","2","0","1","1","0"
"POINT (11.502165589000072 48.174393932000044)","Unfall 213997 (2024) Kat:2, Licht: 0","213997","2","7","4","01","16","1","","0","0","1","0","0"
"POINT (11.585013541000023 48.158438732000036)","Unfall 213998 (2024) Kat:3, Licht: 0","213998","3","6","2","02","11","3","","0","0","1","0","0"
"POINT (11.537363041000049 48.106701199000042)","Unfall 213999 (2024) Kat:3, Licht: 2","213999","3","7","1","01","00","1","","2","1","1","0","0"
"POINT (11.521977222000032 48.158697736000079)","Unfall 214000 (2024) Kat:3, Licht: 2","214000","3","7","1","01","17","1","","2","0","1","0","0"
"POINT (11.539038082000047 48.159659636000072)","Unfall 214001 (2024) Kat:3, Licht: 0","214001","3","3","5","01","12","1","","0","1","1","0","1"
"POINT (11.508223463000036 48.098056593000081)","Unfall 214002 (2024) Kat:3, Licht: 0","214002","3","6","2","01","14","1","","0","0","1","0","0"
"POINT (11.511591224000028 48.172323936000055)","Unfall 214025 (2024) Kat:3, Licht: 0","214025","3","3","5","02","08","6","","0","1","1","0","0"
"POINT (11.560075439000059 48.186726137000051)","Unfall 214029 (2024) Kat:3, Licht: 0","214029","3","6","5","01","10","7","","0","0","1","0","0"
"POINT (11.577983024000048 48.143493881000040)","Unfall 214030 (2024) Kat:3, Licht: 2","214030","3","7","6","01","18","7","","2","1","0","1","0"
"POINT (11.502926067000033 48.131079113000055)","Unfall 214031 (2024) Kat:3, Licht: 0","214031","3","2","0","01","15","7","","0","0","1","0","0"
"POINT (11.414163734000056 48.162048448000064)","Unfall 214033 (2024) Kat:3, Licht: 0","214033","3","6","4","01","15","7","","0","0","1","0","0"
"POINT (11.516825928000060 48.181744678000030)","Unfall 214034 (2024) Kat:3, Licht: 2","214034","3","7","0","01","18","7","","2","0","0","0","1"
"POINT (11.515590384000063 48.181631615000072)","Unfall 214035 (2024) Kat:3, Licht: 0","214035","3","6","0","01","09","7","","0","1","0","0","0"
"POINT (11.529108157000053 48.099762179000038)","Unfall 214036 (2024) Kat:3, Licht: 0","214036","3","2","5","01","11","7","","0","1","1","0","0"
"POINT (11.666925055000036 48.142848031000028)","Unfall 214037 (2024) Kat:3, Licht: 0","214037","3","7","6","01","10","7","","0","0","1","1","0"
"POINT (11.609698840000021 48.120958435000034)","Unfall 214038 (2024) Kat:3, Licht: 0","214038","3","6","3","01","15","7","","0","0","1","0","0"
"POINT (11.502605488000029 48.125782728000047)","Unfall 214039 (2024) Kat:3, Licht: 0","214039","3","6","2","02","17","2","","0","0","1","0","0"
"POINT (11.549744081000028 48.146004380000079)","Unfall 214058 (2024) Kat:3, Licht: 2","214058","3","2","1","01","18","1","","2","1","1","0","0"
"POINT (11.550676950000025 48.125831756000025)","Unfall 214086 (2024) Kat:3, Licht: 0","214086","3","2","5","01","14","6","","0","1","1","0","0"
"POINT (11.657766197000058 48.138368146000062)","Unfall 214087 (2024) Kat:3, Licht: 2","214087","3","3","5","01","18","6","","2","0","1","0","0"
"POINT (11.530479268000022 48.093469343000038)","Unfall 214088 (2024) Kat:3, Licht: 0","214088","3","3","5","01","13","6","","0","1","1","0","0"
"POINT (11.581484771000021 48.133382282000071)","Unfall 214089 (2024) Kat:2, Licht: 2","214089","2","1","0","01","22","6","","2","0","0","0","0"
"POINT (11.518633518000058 48.139974723000080)","Unfall 214090 (2024) Kat:3, Licht: 2","214090","3","2","6","01","18","6","","2","0","1","1","0"
"POINT (11.586170140000036 48.122024006000061)","Unfall 214092 (2024) Kat:3, Licht: 2","214092","3","1","0","01","17","6","","2","1","0","0","0"
"POINT (11.576333932000068 48.133212662000062)","Unfall 214093 (2024) Kat:3, Licht: 0","214093","3","2","6","01","11","6","","0","0","1","1","0"
"POINT (11.494958705000045 48.134133931000065)","Unfall 214126 (2024) Kat:3, Licht: 0","214126","3","3","5","01","09","5","","0","1","1","0","0"
"POINT (11.489410551000049 48.217268527000044)","Unfall 214127 (2024) Kat:3, Licht: 1","214127","3","2","5","01","17","5","","1","0","1","0","0"
"POINT (11.564958262000061 48.138635368000052)","Unfall 214128 (2024) Kat:3, Licht: 2","214128","3","6","2","01","02","5","","2","0","1","0","0"
"POINT (11.577127554000072 48.133405728000071)","Unfall 214130 (2024) Kat:3, Licht: 2","214130","3","4","6","01","17","5","","2","0","1","1","0"
"POINT (11.577181524000025 48.136546593000048)","Unfall 214135 (2024) Kat:3, Licht: 2","214135","3","2","6","02","23","3","","2","0","1","1","0"
"POINT (11.516364878000047 48.084034382000027)","Unfall 214151 (2024) Kat:3, Licht: 0","214151","3","2","5","01","07","4","","0","1","1","0","0"
"POINT (11.545480652000037 48.120975980000026)","Unfall 214152 (2024) Kat:3, Licht: 2","214152","3","3","5","01","18","7","","2","0","1","0","0"
"POINT (11.550212954000074 48.149128874000041)","Unfall 214153 (2024) Kat:3, Licht: 0","214153","3","2","6","01","16","4","","0","0","1","1","0"
"POINT (11.524869733000060 48.196529983000062)","Unfall 214154 (2024) Kat:3, Licht: 2","214154","3","4","0","01","18","4","","2","0","1","1","0"
"POINT (11.511988069000040 48.140726679000068)","Unfall 214155 (2024) Kat:3, Licht: 0","214155","3","3","5","01","09","4","","0","1","0","0","0"
"POINT (11.471364794000067 48.164697890000070)","Unfall 214156 (2024) Kat:3, Licht: 2","214156","3","3","5","01","17","4","","2","0","1","0","0"
"POINT (11.644434981000074 48.169364835000067)","Unfall 214158 (2024) Kat:3, Licht: 1","214158","3","4","6","01","17","4","","1","0","1","1","0"
"POINT (11.612065391000044 48.131481425000061)","Unfall 214159 (2024) Kat:3, Licht: 0","214159","3","1","0","01","15","4","","0","1","0","0","0"
"POINT (11.516945447000069 48.129918687000043)","Unfall 214173 (2024) Kat:3, Licht: 0","214173","3","7","6","01","16","5","","0","1","0","1","0"
"POINT (11.555907410000032 48.136387830000047)","Unfall 214184 (2024) Kat:2, Licht: 0","214184","2","2","4","01","10","5","","0","1","1","0","0"
"POINT (11.523636792000048 48.098770859000069)","Unfall 214196 (2024) Kat:3, Licht: 2","214196","3","7","0","01","18","3","","2","1","1","0","0"
"POINT (11.575676331000068 48.184383992000051)","Unfall 214197 (2024) Kat:3, Licht: 0","214197","3","2","5","01","17","3","","0","1","0","0","0"
"POINT (11.534166244000062 48.176410449000059)","Unfall 214198 (2024) Kat:3, Licht: 2","214198","3","7","8","01","04","3","","2","0","1","0","0"
"POINT (11.604967997000074 48.202348232000077)","Unfall 214199 (2024) Kat:3, Licht: 0","214199","3","4","6","01","16","3","","0","0","1","1","0"
"POINT (11.546176823000053 48.160540146000073)","Unfall 214200 (2024) Kat:3, Licht: 0","214200","3","6","3","01","13","3","","0","1","0","0","0"
"POINT (11.503495656000041 48.125436288000060)","Unfall 214201 (2024) Kat:3, Licht: 1","214201","3","6","2","01","07","3","","1","0","1","0","0"
"POINT (11.705851083000027 48.133592623000027)","Unfall 214202 (2024) Kat:3, Licht: 2","214202","3","7","6","01","17","3","","2","0","1","1","0"
"POINT (11.578813246000038 48.114278282000043)","Unfall 214203 (2024) Kat:3, Licht: 2","214203","3","7","0","03","22","2","","2","0","0","0","0"
"POINT (11.550042423000036 48.100762298000063)","Unfall 214211 (2024) Kat:3, Licht: 0","214211","3","6","4","01","14","6","","0","1","0","1","0"
"POINT (11.513865395000039 48.135020132000079)","Unfall 214250 (2024) Kat:3, Licht: 0","214250","3","2","5","01","11","2","","0","0","1","0","0"
"POINT (11.544937049000055 48.150951878000058)","Unfall 214251 (2024) Kat:3, Licht: 2","214251","3","1","6","01","19","2","","2","0","1","1","0"
"POINT (11.605343061000042 48.202214485000070)","Unfall 214253 (2024) Kat:3, Licht: 1","214253","3","3","5","01","07","2","","1","1","1","0","0"
"POINT (11.576042362000067 48.187573105000070)","Unfall 214254 (2024) Kat:3, Licht: 0","214254","3","2","5","01","15","2","","0","0","1","0","0"
"POINT (11.425691905000065 48.148545185000046)","Unfall 214255 (2024) Kat:3, Licht: 0","214255","3","6","2","01","07","2","","0","0","1","0","0"
"POINT (11.526272377000055 48.224957857000049)","Unfall 214256 (2024) Kat:3, Licht: 0","214256","3","3","5","01","07","2","","0","1","1","0","0"
"POINT (11.538464946000033 48.138116393000075)","Unfall 214258 (2024) Kat:3, Licht: 0","214258","3","7","6","01","12","2","","0","1","0","1","0"
"POINT (11.539178200000038 48.136871276000079)","Unfall 214259 (2024) Kat:3, Licht: 0","214259","3","4","6","01","11","2","","0","0","1","1","0"
"POINT (11.579491823000069 48.167109663000076)","Unfall 214260 (2024) Kat:3, Licht: 0","214260","3","6","2","01","12","2","","0","0","1","0","0"
"POINT (11.586900555000057 48.201098119000051)","Unfall 214304 (2024) Kat:3, Licht: 0","214304","3","3","5","01","11","7","","0","1","1","0","0"
"POINT (11.466762251000034 48.153985655000042)","Unfall 214305 (2024) Kat:3, Licht: 0","214305","3","2","6","01","10","7","","0","0","1","1","0"
"POINT (11.559440734000077 48.130010017000075)","Unfall 214333 (2024) Kat:3, Licht: 0","214333","3","6","3","01","14","6","","0","0","1","0","0"
"POINT (11.555744922000031 48.148111013000062)","Unfall 214358 (2024) Kat:3, Licht: 2","214358","3","2","6","01","17","5","","2","0","1","1","0"
"POINT (11.502415478000046 48.111400249000042)","Unfall 214359 (2024) Kat:3, Licht: 0","214359","3","1","5","01","15","5","","0","1","1","0","0"
"POINT (11.512351119000073 48.142043905000037)","Unfall 214360 (2024) Kat:3, Licht: 0","214360","3","2","3","01","14","5","","0","0","1","0","0"
"POINT (11.572652218000030 48.187722587000053)","Unfall 214361 (2024) Kat:3, Licht: 2","214361","3","3","5","01","17","5","","2","0","1","0","0"
"POINT (11.424218515000064 48.174162209000031)","Unfall 214363 (2024) Kat:3, Licht: 0","214363","3","3","5","01","16","5","","0","0","1","0","0"
"POINT (11.503039128000069 48.189369421000038)","Unfall 214364 (2024) Kat:3, Licht: 1","214364","3","2","2","01","16","5","","1","0","1","0","0"
"POINT (11.586405310000032 48.161866708000048)","Unfall 214365 (2024) Kat:3, Licht: 2","214365","3","3","5","01","18","5","","2","0","1","0","0"
"POINT (11.558627767000075 48.138330386000064)","Unfall 214366 (2024) Kat:3, Licht: 0","214366","3","3","5","01","14","5","","0","1","1","0","0"
"POINT (11.479519581000034 48.125624729000037)","Unfall 214369 (2024) Kat:3, Licht: 2","214369","3","6","2","01","19","5","","2","0","1","0","0"
"POINT (11.525606496000023 48.151608410000051)","Unfall 214401 (2024) Kat:3, Licht: 0","214401","3","2","5","01","07","4","","0","1","1","0","0"
"POINT (11.562904489000061 48.208097744000042)","Unfall 214402 (2024) Kat:3, Licht: 2","214402","3","2","0","01","07","4","","2","1","1","0","0"
"POINT (11.536474075000058 48.151854340000057)","Unfall 214403 (2024) Kat:3, Licht: 1","214403","3","2","5","01","07","4","","1","1","1","0","0"
"POINT (11.629115028000058 48.152562397000054)","Unfall 214404 (2024) Kat:3, Licht: 0","214404","3","5","0","01","11","4","","0","1","1","0","0"
"POINT (11.562046770000052 48.125052128000050)","Unfall 214405 (2024) Kat:3, Licht: 2","214405","3","2","5","01","18","4","","2","1","1","0","0"
"POINT (11.573002327000040 48.187553702000059)","Unfall 214406 (2024) Kat:3, Licht: 2","214406","3","6","1","01","22","4","","2","0","1","0","0"
"POINT (11.597675522000031 48.102633297000068)","Unfall 214447 (2024) Kat:3, Licht: 0","214447","3","3","5","01","08","4","","0","1","1","0","0"
"POINT (11.583172197000067 48.142273828000043)","Unfall 214455 (2024) Kat:3, Licht: 2","214455","3","1","0","02","18","1","","2","0","0","0","0"
"POINT (11.541150694000066 48.163471431000062)","Unfall 214469 (2024) Kat:3, Licht: 0","214469","3","6","1","01","08","2","","0","0","1","0","0"
"POINT (11.626157145000036 48.102607342000056)","Unfall 214470 (2024) Kat:3, Licht: 2","214470","3","1","2","01","18","2","","2","0","1","0","0"
"POINT (11.576399467000044 48.111933258000079)","Unfall 214471 (2024) Kat:3, Licht: 0","214471","3","4","6","01","08","2","","0","0","0","1","0"
"POINT (11.503381971000067 48.139624976000050)","Unfall 214473 (2024) Kat:2, Licht: 0","214473","2","2","6","01","09","2","","0","0","1","1","0"
"POINT (11.536692158000051 48.151806900000054)","Unfall 214474 (2024) Kat:3, Licht: 0","214474","3","2","5","01","08","2","","0","0","1","0","0"
"POINT (11.536662628000045 48.153726882000058)","Unfall 214475 (2024) Kat:3, Licht: 0","214475","3","4","6","01","10","2","","0","0","1","1","0"
"POINT (11.561935917000028 48.161201758000061)","Unfall 214476 (2024) Kat:3, Licht: 0","214476","3","2","5","01","15","2","","0","1","1","0","0"
"POINT (11.537251006000076 48.135793561000071)","Unfall 214477 (2024) Kat:3, Licht: 0","214477","3","4","6","01","13","2","","0","0","1","1","0"
"POINT (11.549593379000044 48.125128439000036)","Unfall 214478 (2024) Kat:3, Licht: 0","214478","3","7","0","01","10","2","","0","1","0","0","0"
"POINT (11.567755343000044 48.136410330000047)","Unfall 214479 (2024) Kat:2, Licht: 0","214479","2","5","3","01","10","2","","0","1","1","0","0"
"POINT (11.568272855000032 48.132506331000059)","Unfall 214480 (2024) Kat:3, Licht: 2","214480","3","1","0","01","19","2","","2","1","0","0","0"
"POINT (11.566019568000058 48.174543587000073)","Unfall 214505 (2024) Kat:3, Licht: 2","214505","3","6","4","01","18","6","","2","1","0","0","0"
"POINT (11.658580449000056 48.101007419000041)","Unfall 214512 (2024) Kat:3, Licht: 0","214512","3","6","2","02","14","1","","0","0","1","0","1"
"POINT (11.558431415000030 48.129500855000060)","Unfall 214526 (2024) Kat:3, Licht: 0","214526","3","2","5","01","08","1","","0","0","1","0","0"
"POINT (11.579378663000057 48.110804044000076)","Unfall 214527 (2024) Kat:3, Licht: 2","214527","3","2","6","01","03","1","","2","0","1","1","0"
"POINT (11.424557508000021 48.158761418000040)","Unfall 214528 (2024) Kat:3, Licht: 2","214528","3","3","5","01","17","1","","2","0","1","0","0"
"POINT (11.464819504000047 48.145112368000071)","Unfall 214537 (2024) Kat:3, Licht: 2","214537","3","7","1","01","06","7","","2","0","1","0","0"
"POINT (11.567323984000041 48.141127353000059)","Unfall 214538 (2024) Kat:3, Licht: 2","214538","3","6","0","01","22","7","","2","1","1","0","0"
"POINT (11.605820485000038 48.102874138000061)","Unfall 214539 (2024) Kat:2, Licht: 2","214539","2","4","6","01","20","7","","2","0","1","1","0"
"POINT (11.577774472000044 48.143013475000032)","Unfall 214540 (2024) Kat:3, Licht: 0","214540","3","6","2","01","09","7","","0","0","1","0","0"
"POINT (11.476897934000021 48.164312426000038)","Unfall 214576 (2024) Kat:3, Licht: 1","214576","3","4","6","03","19","3","","1","0","1","1","0"
"POINT (11.570108540000035 48.093388121000032)","Unfall 214577 (2024) Kat:3, Licht: 0","214577","3","7","2","03","08","3","","0","0","1","0","0"
"POINT (11.502428568000028 48.105010290000052)","Unfall 214579 (2024) Kat:2, Licht: 0","214579","2","7","7","03","15","3","","0","1","0","0","0"
"POINT (11.501309450000065 48.121350831000029)","Unfall 214580 (2024) Kat:3, Licht: 0","214580","3","3","5","03","13","3","","0","1","1","0","0"
"POINT (11.541729302000022 48.125554198000032)","Unfall 214581 (2024) Kat:3, Licht: 0","214581","3","4","6","03","12","3","","0","0","0","1","0"
"POINT (11.528278962000059 48.172463557000071)","Unfall 214583 (2024) Kat:3, Licht: 2","214583","3","3","2","03","18","3","","2","0","1","0","0"
"POINT (11.535650572000065 48.198334029000080)","Unfall 214584 (2024) Kat:3, Licht: 0","214584","3","5","1","03","08","3","","0","0","1","0","0"
"POINT (11.484280782000042 48.118857510000055)","Unfall 214585 (2024) Kat:3, Licht: 0","214585","3","6","2","03","07","3","","0","0","1","0","0"
"POINT (11.646296620000044 48.106670671000074)","Unfall 214586 (2024) Kat:3, Licht: 2","214586","3","3","1","03","20","3","","2","0","1","0","0"
"POINT (11.569835045000048 48.130959789000030)","Unfall 214587 (2024) Kat:3, Licht: 0","214587","3","1","1","03","16","3","","0","1","1","0","0"
"POINT (11.540466398000035 48.118371816000035)","Unfall 214588 (2024) Kat:3, Licht: 0","214588","3","3","5","03","08","3","","0","1","1","0","0"
"POINT (11.549769452000021 48.136810468000078)","Unfall 214589 (2024) Kat:3, Licht: 2","214589","3","2","5","03","21","3","","2","1","1","0","0"
"POINT (11.573002053000039 48.173752266000065)","Unfall 214590 (2024) Kat:3, Licht: 0","214590","3","2","5","03","17","3","","0","1","1","0","0"
"POINT (11.543574451000040 48.201557452000031)","Unfall 214631 (2024) Kat:3, Licht: 0","214631","3","3","5","03","15","2","","0","0","1","0","0"
"POINT (11.524545407000062 48.097324232000062)","Unfall 214632 (2024) Kat:3, Licht: 0","214632","3","6","1","03","13","2","","0","1","1","0","0"
"POINT (11.706249046000039 48.102263525000069)","Unfall 214633 (2024) Kat:2, Licht: 0","214633","2","3","5","03","16","2","","0","1","1","0","0"
"POINT (11.517443480000054 48.110095592000050)","Unfall 214634 (2024) Kat:3, Licht: 0","214634","3","7","0","03","11","2","","0","0","0","0","1"
"POINT (11.517735948000052 48.218145204000052)","Unfall 214636 (2024) Kat:3, Licht: 0","214636","3","3","5","03","13","2","","0","1","1","0","0"
"POINT (11.461427720000074 48.147888510000030)","Unfall 214637 (2024) Kat:3, Licht: 0","214637","3","3","6","03","09","2","","0","0","1","1","0"
"POINT (11.643784072000074 48.123984988000075)","Unfall 214638 (2024) Kat:3, Licht: 2","214638","3","3","5","03","20","2","","2","0","1","0","1"
"POINT (11.563951474000021 48.090451388000076)","Unfall 214639 (2024) Kat:3, Licht: 0","214639","3","2","6","03","06","2","","0","0","1","1","0"
"POINT (11.570492006000052 48.158632244000046)","Unfall 214640 (2024) Kat:3, Licht: 0","214640","3","4","6","03","17","2","","0","1","0","1","0"
"POINT (11.572846891000040 48.133032562000039)","Unfall 214641 (2024) Kat:3, Licht: 2","214641","3","1","0","03","22","2","","2","0","0","0","0"
"POINT (11.613979208000046 48.131393485000046)","Unfall 214677 (2024) Kat:3, Licht: 0","214677","3","2","5","03","13","1","","0","1","1","0","0"
"POINT (11.572663558000045 48.150087850000034)","Unfall 214678 (2024) Kat:3, Licht: 0","214678","3","1","0","03","15","1","","0","1","0","0","0"
"POINT (11.591196420000074 48.187913394000077)","Unfall 214679 (2024) Kat:2, Licht: 0","214679","2","2","4","03","12","1","","0","0","1","0","1"
"POINT (11.479192384000044 48.125833966000073)","Unfall 214680 (2024) Kat:3, Licht: 2","214680","3","2","6","03","21","1","","2","0","1","1","0"
"POINT (11.597504827000023 48.169964074000063)","Unfall 214681 (2024) Kat:3, Licht: 0","214681","3","3","0","03","14","1","","0","1","1","0","0"
"POINT (11.578752166000072 48.145270330000073)","Unfall 214682 (2024) Kat:3, Licht: 0","214682","3","2","5","03","11","1","","0","1","1","0","0"
"POINT (11.649144478000039 48.112162747000070)","Unfall 214699 (2024) Kat:3, Licht: 0","214699","3","6","2","03","15","7","","0","0","1","0","0"
"POINT (11.477064481000070 48.181669823000050)","Unfall 214700 (2024) Kat:3, Licht: 2","214700","3","7","1","03","00","7","","2","0","1","0","0"
"POINT (11.562104764000026 48.153001793000044)","Unfall 214701 (2024) Kat:3, Licht: 0","214701","3","5","1","03","09","7","","0","1","1","0","0"
"POINT (11.568536276000032 48.161198003000038)","Unfall 214702 (2024) Kat:3, Licht: 2","214702","3","1","0","03","20","7","","2","1","0","0","0"
"POINT (11.542612768000026 48.122170990000029)","Unfall 214703 (2024) Kat:3, Licht: 2","214703","3","7","0","03","20","7","","2","1","0","0","0"
"POINT (11.606627562000028 48.140761824000037)","Unfall 214704 (2024) Kat:3, Licht: 0","214704","3","7","0","03","16","7","","0","0","0","1","0"
"POINT (11.562179668000056 48.213476364000030)","Unfall 214705 (2024) Kat:3, Licht: 0","214705","3","3","5","03","08","7","","0","0","1","0","0"
"POINT (11.556103793000034 48.141902832000028)","Unfall 214708 (2024) Kat:3, Licht: 1","214708","3","2","4","03","17","7","","1","0","1","0","0"
"POINT (11.556109419000052 48.141945396000040)","Unfall 214709 (2024) Kat:3, Licht: 1","214709","3","7","0","03","17","7","","1","1","0","0","0"
"POINT (11.555785846000049 48.129982594000069)","Unfall 214710 (2024) Kat:3, Licht: 2","214710","3","3","5","03","22","7","","2","0","1","0","0"
"POINT (11.558550952000076 48.129600456000048)","Unfall 214711 (2024) Kat:3, Licht: 2","214711","3","2","0","03","02","7","","2","0","1","0","0"
"POINT (11.556098965000047 48.141866317000051)","Unfall 214741 (2024) Kat:3, Licht: 2","214741","3","7","0","03","21","6","","2","1","0","0","0"
"POINT (11.510794669000063 48.170395356000029)","Unfall 214742 (2024) Kat:3, Licht: 0","214742","3","1","3","03","14","6","","0","0","1","0","0"
"POINT (11.535555548000048 48.140030308000064)","Unfall 214743 (2024) Kat:3, Licht: 0","214743","3","3","5","03","16","6","","0","0","1","0","1"
"POINT (11.572587954000028 48.188608449000071)","Unfall 214744 (2024) Kat:3, Licht: 0","214744","3","6","3","03","14","6","","0","0","1","0","0"
"POINT (11.574245703000031 48.157674819000079)","Unfall 214746 (2024) Kat:3, Licht: 0","214746","3","3","0","03","16","6","","0","1","1","0","0"
"POINT (11.566512109000030 48.132114025000078)","Unfall 214747 (2024) Kat:3, Licht: 2","214747","3","7","0","03","18","6","","2","0","0","0","1"
"POINT (11.538863986000024 48.112797755000031)","Unfall 214748 (2024) Kat:3, Licht: 0","214748","3","3","5","03","14","6","","0","1","1","0","0"
"POINT (11.548389492000069 48.116133509000065)","Unfall 214749 (2024) Kat:3, Licht: 2","214749","3","7","1","03","22","6","","2","0","1","0","0"
"POINT (11.563166108000075 48.207258374000048)","Unfall 214750 (2024) Kat:3, Licht: 0","214750","3","2","4","03","16","6","","0","1","1","0","0"
"POINT (11.521227210000063 48.151136525000027)","Unfall 214751 (2024) Kat:3, Licht: 0","214751","3","3","5","03","08","6","","0","1","1","0","0"
"POINT (11.494058470000027 48.125797034000072)","Unfall 214752 (2024) Kat:3, Licht: 1","214752","3","4","6","03","18","6","","1","0","1","1","0"
"POINT (11.562952717000030 48.183681894000074)","Unfall 214785 (2024) Kat:3, Licht: 0","214785","3","4","6","03","13","5","","0","0","1","1","0"
"POINT (11.589908889000071 48.137341189000040)","Unfall 214786 (2024) Kat:2, Licht: 0","214786","2","2","5","03","09","5","","0","1","0","0","0"
"POINT (11.607678977000035 48.138878121000062)","Unfall 214787 (2024) Kat:3, Licht: 0","214787","3","2","6","03","07","5","","0","0","1","1","0"
"POINT (11.548505310000053 48.105609547000029)","Unfall 214788 (2024) Kat:3, Licht: 0","214788","3","7","1","03","14","5","","0","0","1","0","0"
"POINT (11.572880713000075 48.205110623000053)","Unfall 214789 (2024) Kat:3, Licht: 0","214789","3","3","5","03","16","5","","0","0","1","0","0"
"POINT (11.533842573000072 48.187679021000065)","Unfall 214790 (2024) Kat:3, Licht: 0","214790","3","3","5","03","13","3","","0","1","1","0","0"
"POINT (11.531884128000058 48.129968900000051)","Unfall 214791 (2024) Kat:3, Licht: 0","214791","3","6","1","03","16","5","","0","0","1","0","0"
"POINT (11.597370369000032 48.166171093000059)","Unfall 214792 (2024) Kat:3, Licht: 0","214792","3","1","0","03","15","5","","0","1","0","0","0"
"POINT (11.504489044000024 48.185554628000034)","Unfall 214811 (2024) Kat:3, Licht: 0","214811","3","3","5","03","08","4","","0","1","1","0","0"
"POINT (11.563504827000031 48.180510297000069)","Unfall 214812 (2024) Kat:2, Licht: 2","214812","2","7","1","03","01","4","","2","0","1","0","0"
"POINT (11.628371785000070 48.147452507000025)","Unfall 214813 (2024) Kat:3, Licht: 0","214813","3","2","4","03","15","4","","0","0","1","0","0"
"POINT (11.511033567000027 48.161586402000069)","Unfall 214814 (2024) Kat:3, Licht: 0","214814","3","7","9","03","07","4","","0","0","0","0","0"
"POINT (11.523737359000052 48.136270099000058)","Unfall 214816 (2024) Kat:3, Licht: 0","214816","3","6","2","03","15","4","","0","0","1","0","0"
"POINT (11.620106282000052 48.115351756000052)","Unfall 214817 (2024) Kat:3, Licht: 0","214817","3","3","5","03","07","4","","0","0","1","0","1"
"POINT (11.546421805000023 48.112004304000038)","Unfall 214818 (2024) Kat:3, Licht: 0","214818","3","3","5","03","08","4","","0","0","1","0","0"
"POINT (11.587955679000061 48.117196104000072)","Unfall 214821 (2024) Kat:3, Licht: 0","214821","3","1","0","03","07","1","","0","0","0","0","0"
"POINT (11.614858143000049 48.139241122000044)","Unfall 214850 (2024) Kat:3, Licht: 2","214850","3","3","5","03","23","3","","2","0","1","0","0"
"POINT (11.572311739000043 48.114500108000072)","Unfall 214853 (2024) Kat:3, Licht: 0","214853","3","2","6","03","15","3","","0","0","0","1","0"
"POINT (11.549177990000032 48.124710646000040)","Unfall 214854 (2024) Kat:3, Licht: 0","214854","3","7","0","03","16","3","","0","1","0","1","0"