WKT,Name,OBJECTID,UKATEGORIE,UTYP1,UART,UMONAT,USTUNDE,UWOCHENTAG,STRZUSTAND,ULICHTVERH,ISTRAD,ISTPKW,ISTFUSS,ISTKRAD
"POINT (11.563949920000027 48.095880357000055)","Unfall 214855 (2024) Kat:3, Licht: 2","214855","3","4","6","03","19","3","","2","0","1","1","0"
"POINT (11.435636889000023 48.163621301000035)","Unfall 214856 (2024) Kat:3, Licht: 0","214856","3","4","6","03","14","3","","0","0","1","1","0"
"POINT (11.590688446000058 48.192732711000076)","Unfall 214888 (2024) Kat:3, Licht: 0","214888","3","3","5","03","16","2","","0","1","1","0","0"
"POINT (11.559845297000038 48.186535491000029)","Unfall 214889 (2024) Kat:3, Licht: 2","214889","3","3","5","03","17","2","","2","0","1","0","0"
"POINT (11.532081567000034 48.129963308000072)","Unfall 214891 (2024) Kat:2, Licht: 0","214891","2","1","9","03","10","2","","0","0","1","0","1"
"POINT (11.554249607000031 48.151057540000068)","Unfall 214892 (2024) Kat:3, Licht: 0","214892","3","3","5","03","11","2","","0","0","1","0","1"
"POINT (11.600320553000074 48.148819861000050)","Unfall 214893 (2024) Kat:3, Licht: 0","214893","3","5","0","03","09","2","","0","1","1","0","0"
"POINT (11.528194330000076 48.099697508000077)","Unfall 214894 (2024) Kat:3, Licht: 0","214894","3","1","0","03","09","2","","0","0","0","0","0"
"POINT (11.597468356000036 48.133764647000078)","Unfall 214923 (2024) Kat:3, Licht: 0","214923","3","1","0","03","16","1","","0","1","0","0","0"
"POINT (11.444817888000046 48.157520646000080)","Unfall 214960 (2024) Kat:3, Licht: 0","214960","3","1","1","03","15","7","","0","1","1","0","0"
"POINT (11.593970428000034 48.192770229000075)","Unfall 214962 (2024) Kat:3, Licht: 0","214962","3","3","0","03","17","7","","0","1","0","0","0"
"POINT (11.572287623000022 48.187538991000054)","Unfall 214964 (2024) Kat:3, Licht: 0","214964","3","6","2","03","11","7","","0","0","1","0","0"
"POINT (11.558640681000043 48.126050313000064)","Unfall 214965 (2024) Kat:2, Licht: 0","214965","2","7","3","03","11","7","","0","1","1","0","0"
"POINT (11.575667745000032 48.157733680000035)","Unfall 214968 (2024) Kat:3, Licht: 0","214968","3","1","0","03","09","7","","0","1","0","0","0"
"POINT (11.414399557000024 48.141588554000066)","Unfall 214974 (2024) Kat:3, Licht: 2","214974","3","3","5","03","22","7","","2","1","1","0","0"
"POINT (11.611318748000031 48.190082879000045)","Unfall 215004 (2024) Kat:3, Licht: 0","215004","3","3","5","03","08","6","","0","1","1","0","0"
"POINT (11.478461570000036 48.113188225000044)","Unfall 215005 (2024) Kat:3, Licht: 0","215005","3","3","3","03","17","6","","0","1","1","0","0"
"POINT (11.647430056000076 48.118765912000072)","Unfall 215006 (2024) Kat:3, Licht: 0","215006","3","1","0","03","12","7","","0","1","0","0","0"
"POINT (11.581938068000056 48.120329789000039)","Unfall 215007 (2024) Kat:3, Licht: 0","215007","3","2","3","03","08","6","","0","1","1","0","0"
"POINT (11.546111560000043 48.139384661000065)","Unfall 215008 (2024) Kat:3, Licht: 0","215008","3","7","0","03","14","6","","0","1","0","0","0"
"POINT (11.583128485000032 48.160060252000051)","Unfall 215009 (2024) Kat:3, Licht: 0","215009","3","3","7","03","10","6","","0","1","1","0","0"
"POINT (11.569473328000072 48.137456443000076)","Unfall 215010 (2024) Kat:3, Licht: 2","215010","3","6","2","03","18","6","","2","0","1","0","0"
"POINT (11.606811331000074 48.144714137000051)","Unfall 215044 (2024) Kat:3, Licht: 2","215044","3","3","5","02","19","5","","2","1","1","0","0"
"POINT (11.559797478000064 48.137409408000053)","Unfall 215045 (2024) Kat:3, Licht: 0","215045","3","7","0","02","08","5","","0","1","1","0","0"
"POINT (11.527864569000030 48.116662048000080)","Unfall 215046 (2024) Kat:3, Licht: 0","215046","3","7","4","02","11","5","","0","1","1","0","0"
"POINT (11.520223304000069 48.150201690000074)","Unfall 215047 (2024) Kat:3, Licht: 0","215047","3","2","3","02","11","5","","0","1","1","0","0"
"POINT (11.564296078000041 48.128095248000079)","Unfall 215049 (2024) Kat:3, Licht: 1","215049","3","2","4","02","06","5","","1","0","1","0","1"
"POINT (11.584960410000065 48.158325627000067)","Unfall 215050 (2024) Kat:3, Licht: 2","215050","3","1","0","02","21","5","","2","0","0","0","1"
"POINT (11.561926988000039 48.146752741000057)","Unfall 215051 (2024) Kat:3, Licht: 0","215051","3","6","1","02","11","5","","0","0","1","0","0"
"POINT (11.567764104000048 48.176691564000066)","Unfall 215078 (2024) Kat:3, Licht: 2","215078","3","7","4","02","18","4","","2","1","1","0","0"
"POINT (11.531615519000070 48.130564189000040)","Unfall 215079 (2024) Kat:3, Licht: 0","215079","3","3","5","02","16","4","","0","0","1","0","1"
"POINT (11.479068934000054 48.084767282000030)","Unfall 215080 (2024) Kat:3, Licht: 0","215080","3","7","6","02","12","4","","0","1","0","1","0"
"POINT (11.561345117000030 48.186845303000041)","Unfall 215082 (2024) Kat:2, Licht: 0","215082","2","4","6","02","09","4","","0","1","0","1","0"
"POINT (11.503408867000076 48.139625126000055)","Unfall 215083 (2024) Kat:3, Licht: 0","215083","3","2","5","02","07","4","","0","0","1","0","0"
"POINT (11.629096731000061 48.158923712000046)","Unfall 215084 (2024) Kat:3, Licht: 0","215084","3","6","2","02","17","4","","0","0","1","0","1"
"POINT (11.578797504000022 48.136107594000066)","Unfall 215093 (2024) Kat:3, Licht: 0","215093","3","7","6","03","17","4","","0","0","0","1","0"
"POINT (11.536796279000043 48.199946254000054)","Unfall 215109 (2024) Kat:3, Licht: 0","215109","3","4","6","02","14","3","","0","1","0","1","0"
"POINT (11.598737600000049 48.124870620000081)","Unfall 215110 (2024) Kat:3, Licht: 0","215110","3","7","4","02","14","3","","0","0","1","0","1"
"POINT (11.507773885000063 48.094447495000054)","Unfall 215111 (2024) Kat:3, Licht: 0","215111","3","7","0","02","14","3","","0","0","0","0","0"
"POINT (11.608608218000029 48.088894849000042)","Unfall 215112 (2024) Kat:3, Licht: 0","215112","3","6","2","02","16","3","","0","0","1","0","0"
"POINT (11.540056749000030 48.096360254000047)","Unfall 215113 (2024) Kat:3, Licht: 2","215113","3","7","1","02","23","3","","2","0","0","0","0"
"POINT (11.597913531000074 48.086578194000026)","Unfall 215114 (2024) Kat:3, Licht: 0","215114","3","2","5","02","14","3","","0","0","1","0","0"
"POINT (11.579373725000039 48.129211154000075)","Unfall 215115 (2024) Kat:3, Licht: 2","215115","3","2","5","02","23","3","","2","1","1","0","0"
"POINT (11.508568610000054 48.094383984000046)","Unfall 215116 (2024) Kat:3, Licht: 0","215116","3","3","1","02","15","3","","0","0","1","0","0"
"POINT (11.664454308000074 48.124953272000027)","Unfall 215117 (2024) Kat:3, Licht: 0","215117","3","3","5","02","12","3","","0","1","1","0","0"
"POINT (11.555798985000024 48.132680558000061)","Unfall 215143 (2024) Kat:3, Licht: 2","215143","3","6","2","02","21","2","","2","0","1","0","0"
"POINT (11.607970190000060 48.138057592000052)","Unfall 215144 (2024) Kat:3, Licht: 2","215144","3","2","3","02","18","2","","2","1","1","0","0"
"POINT (11.546421735000024 48.146760746000041)","Unfall 215145 (2024) Kat:2, Licht: 0","215145","2","2","5","02","07","2","","0","0","1","0","1"
"POINT (11.564230155000075 48.163467663000063)","Unfall 215147 (2024) Kat:3, Licht: 0","215147","3","2","5","02","11","2","","0","0","1","0","0"
"POINT (11.524668527000074 48.196773720000067)","Unfall 215148 (2024) Kat:3, Licht: 0","215148","3","3","5","02","07","2","","0","1","0","0","0"
"POINT (11.511312000000032 48.159049009000057)","Unfall 215150 (2024) Kat:3, Licht: 0","215150","3","6","2","02","09","2","","0","0","1","0","0"
"POINT (11.496177345000035 48.087952525000048)","Unfall 215151 (2024) Kat:3, Licht: 0","215151","3","6","2","02","13","2","","0","0","1","0","0"
"POINT (11.538292035000040 48.119254441000066)","Unfall 215155 (2024) Kat:3, Licht: 0","215155","3","7","1","02","07","5","","0","1","1","0","0"
"POINT (11.565433239000072 48.137917461000029)","Unfall 215175 (2024) Kat:3, Licht: 2","215175","3","7","3","02","03","1","","2","0","1","0","0"
"POINT (11.584242775000064 48.139749552000069)","Unfall 215176 (2024) Kat:3, Licht: 0","215176","3","1","0","02","13","1","","0","1","0","0","0"
"POINT (11.539505285000075 48.201856779000082)","Unfall 215177 (2024) Kat:3, Licht: 0","215177","3","7","5","02","13","1","","0","0","1","0","1"
"POINT (11.503719001000036 48.094326713000044)","Unfall 215178 (2024) Kat:3, Licht: 2","215178","3","7","2","02","21","1","","2","0","1","0","0"
"POINT (11.535178605000056 48.137302143000056)","Unfall 215179 (2024) Kat:3, Licht: 0","215179","3","7","0","02","14","1","","0","1","0","0","0"
"POINT (11.560854437000046 48.135792232000028)","Unfall 215180 (2024) Kat:3, Licht: 0","215180","3","5","1","02","09","1","","0","1","1","0","0"
"POINT (11.572611976000076 48.154716284000074)","Unfall 215181 (2024) Kat:3, Licht: 0","215181","3","3","5","02","13","1","","0","0","1","0","0"
"POINT (11.571681008000041 48.100200531000041)","Unfall 215183 (2024) Kat:3, Licht: 0","215183","3","1","5","02","11","1","","0","1","0","0","0"
"POINT (11.434630357000060 48.145987193000053)","Unfall 215184 (2024) Kat:3, Licht: 0","215184","3","7","1","02","14","1","","0","0","1","0","0"
"POINT (11.572794281000029 48.154998527000032)","Unfall 215188 (2024) Kat:3, Licht: 2","215188","3","4","6","03","19","7","","2","1","0","1","0"
"POINT (11.510213306000026 48.181822753000063)","Unfall 215208 (2024) Kat:3, Licht: 2","215208","3","7","0","02","02","7","","2","1","0","0","0"
"POINT (11.628621323000061 48.133306871000059)","Unfall 215209 (2024) Kat:3, Licht: 0","215209","3","3","5","02","17","7","","0","1","1","0","0"
"POINT (11.610104452000030 48.118000762000065)","Unfall 215210 (2024) Kat:3, Licht: 0","215210","3","7","0","02","11","7","","0","0","0","1","0"
"POINT (11.420599470000070 48.149849704000076)","Unfall 215211 (2024) Kat:3, Licht: 2","215211","3","6","3","02","22","7","","2","1","1","0","0"
"POINT (11.580398280000054 48.148664330000031)","Unfall 215239 (2024) Kat:3, Licht: 0","215239","3","4","6","02","16","6","","0","1","0","1","0"
"POINT (11.573055955000029 48.182161515000075)","Unfall 215240 (2024) Kat:3, Licht: 0","215240","3","6","3","02","12","6","","0","0","1","0","0"
"POINT (11.509497865000071 48.136056009000072)","Unfall 215241 (2024) Kat:3, Licht: 0","215241","3","1","1","02","10","6","","0","1","1","0","0"
"POINT (11.543264323000074 48.186313836000068)","Unfall 215242 (2024) Kat:3, Licht: 0","215242","3","7","8","02","16","6","","0","0","1","0","0"
"POINT (11.630699480000033 48.091644929000040)","Unfall 215243 (2024) Kat:3, Licht: 0","215243","3","5","1","02","16","6","","0","1","1","0","0"
"POINT (11.523194313000033 48.134064994000028)","Unfall 215244 (2024) Kat:3, Licht: 0","215244","3","6","2","02","08","6","","0","0","1","0","0"
"POINT (11.563166108000075 48.207258374000048)","Unfall 215274 (2024) Kat:3, Licht: 0","215274","3","2","3","02","08","5","","0","1","1","0","0"
"POINT (11.522583131000033 48.106864610000059)","Unfall 215276 (2024) Kat:3, Licht: 2","215276","3","2","6","02","18","5","","2","0","1","1","0"
"POINT (11.635046755000076 48.137889622000046)","Unfall 215277 (2024) Kat:3, Licht: 0","215277","3","2","5","02","09","5","","0","1","1","0","0"
"POINT (11.575002471000062 48.128773971000044)","Unfall 215279 (2024) Kat:3, Licht: 2","215279","3","6","4","02","17","5","","2","0","1","0","0"
"POINT (11.595801638000069 48.108135872000048)","Unfall 215281 (2024) Kat:3, Licht: 0","215281","3","7","0","02","07","5","","0","1","0","0","0"
"POINT (11.520289547000061 48.146461720000048)","Unfall 215282 (2024) Kat:3, Licht: 2","215282","3","1","4","02","18","5","","2","0","1","0","0"
"POINT (11.696620132000021 48.131523170000037)","Unfall 215283 (2024) Kat:3, Licht: 2","215283","3","2","4","02","21","5","","2","0","1","0","1"
"POINT (11.583313748000023 48.118766035000078)","Unfall 215284 (2024) Kat:3, Licht: 0","215284","3","1","0","02","07","2","","0","1","0","0","0"
"POINT (11.579411924000055 48.115177107000079)","Unfall 215285 (2024) Kat:3, Licht: 0","215285","3","6","5","02","10","5","","0","1","1","0","0"
"POINT (11.529797464000069 48.112930283000026)","Unfall 215286 (2024) Kat:3, Licht: 0","215286","3","7","0","02","08","5","","0","1","0","0","0"
"POINT (11.578915246000065 48.134516952000070)","Unfall 215334 (2024) Kat:3, Licht: 0","215334","3","5","1","02","16","4","","0","1","1","0","0"
"POINT (11.568202892000045 48.131427013000064)","Unfall 215335 (2024) Kat:3, Licht: 0","215335","3","1","0","02","08","4","","0","1","0","0","0"
"POINT (11.467770681000047 48.164766106000059)","Unfall 215336 (2024) Kat:3, Licht: 2","215336","3","6","1","02","18","4","","2","0","1","0","0"
"POINT (11.467591230000039 48.139957042000049)","Unfall 215337 (2024) Kat:3, Licht: 2","215337","3","7","1","02","21","4","","2","1","1","0","0"
"POINT (11.504384350000066 48.185478616000069)","Unfall 215338 (2024) Kat:3, Licht: 0","215338","3","3","5","02","13","4","","0","1","1","0","0"
"POINT (11.558421942000052 48.154036659000042)","Unfall 215339 (2024) Kat:2, Licht: 0","215339","2","7","6","02","16","4","","0","1","0","1","0"
"POINT (11.503140453000071 48.138653068000053)","Unfall 215340 (2024) Kat:3, Licht: 2","215340","3","6","2","02","18","4","","2","0","1","0","0"
"POINT (11.614830626000071 48.129704780000054)","Unfall 215342 (2024) Kat:3, Licht: 2","215342","3","5","6","02","21","4","","2","0","1","1","0"
"POINT (11.587692484000058 48.131437143000028)","Unfall 215343 (2024) Kat:3, Licht: 2","215343","3","7","2","02","01","4","","2","1","1","0","0"
"POINT (11.551690783000026 48.119407082000066)","Unfall 215344 (2024) Kat:3, Licht: 0","215344","3","2","5","02","08","4","","0","1","1","0","0"
"POINT (11.582810858000073 48.157609295000043)","Unfall 215345 (2024) Kat:3, Licht: 2","215345","3","2","6","02","19","4","","2","0","1","1","0"
"POINT (11.548608784000066 48.123187051000059)","Unfall 215377 (2024) Kat:3, Licht: 2","215377","3","7","0","02","21","3","","2","0","0","0","0"
"POINT (11.546820914000023 48.112007512000048)","Unfall 215378 (2024) Kat:3, Licht: 0","215378","3","7","1","02","14","3","","0","0","1","0","0"
"POINT (11.508257403000073 48.094372392000025)","Unfall 215379 (2024) Kat:3, Licht: 0","215379","3","2","5","02","10","3","","0","1","1","0","0"
"POINT (11.584634110000025 48.101146014000051)","Unfall 215382 (2024) Kat:3, Licht: 2","215382","3","6","2","02","06","3","","2","0","1","0","0"
"POINT (11.597868961000074 48.149482022000029)","Unfall 215383 (2024) Kat:3, Licht: 0","215383","3","2","0","02","07","3","","0","1","1","0","0"
"POINT (11.579033312000035 48.137772648000066)","Unfall 215384 (2024) Kat:3, Licht: 2","215384","3","4","6","02","19","3","","2","0","1","1","0"
"POINT (11.611043384000027 48.119005338000079)","Unfall 215385 (2024) Kat:3, Licht: 0","215385","3","3","5","02","11","3","","0","1","1","0","0"
"POINT (11.583507294000071 48.126520755000058)","Unfall 215421 (2024) Kat:2, Licht: 0","215421","2","4","6","02","14","2","","0","0","1","1","0"
"POINT (11.568971809000061 48.145048158000066)","Unfall 215422 (2024) Kat:3, Licht: 0","215422","3","7","3","02","07","2","","0","1","1","0","0"
"POINT (11.593654756000035 48.128184559000033)","Unfall 215423 (2024) Kat:3, Licht: 0","215423","3","6","4","03","16","3","","0","1","0","0","0"
"POINT (11.610004736000064 48.132463607000034)","Unfall 215425 (2024) Kat:3, Licht: 1","215425","3","3","0","02","16","2","","1","0","1","0","0"
"POINT (11.619709942000043 48.168150510000032)","Unfall 215426 (2024) Kat:2, Licht: 0","215426","2","5","1","02","14","2","","0","0","1","0","0"
"POINT (11.504939766000064 48.147035891000030)","Unfall 215428 (2024) Kat:3, Licht: 2","215428","3","3","5","02","18","2","","2","1","1","0","0"
"POINT (11.456593288000022 48.165171689000033)","Unfall 215429 (2024) Kat:3, Licht: 0","215429","3","3","5","02","10","2","","0","0","1","0","0"
"POINT (11.560457738000025 48.208547737000060)","Unfall 215430 (2024) Kat:3, Licht: 0","215430","3","3","5","02","14","2","","0","0","1","0","0"
"POINT (11.470202462000032 48.164783239000030)","Unfall 215432 (2024) Kat:3, Licht: 2","215432","3","3","5","03","18","3","","2","1","1","0","0"
"POINT (11.540489371000035 48.118584856000041)","Unfall 215433 (2024) Kat:3, Licht: 2","215433","3","6","2","02","19","2","","2","0","1","0","1"
"POINT (11.555324388000031 48.161331251000036)","Unfall 215454 (2024) Kat:3, Licht: 2","215454","3","2","4","03","21","3","","2","1","1","0","0"
"POINT (11.555908050000028 48.148029849000068)","Unfall 215468 (2024) Kat:3, Licht: 1","215468","3","6","0","02","17","3","","1","0","1","0","0"
"POINT (11.603371538000033 48.146186157000045)","Unfall 215476 (2024) Kat:3, Licht: 0","215476","3","3","5","02","10","1","","0","1","1","0","0"
"POINT (11.425259953000023 48.161319541000069)","Unfall 215477 (2024) Kat:3, Licht: 0","215477","3","7","0","02","12","1","","0","0","0","0","1"
"POINT (11.542141876000073 48.162776372000053)","Unfall 215498 (2024) Kat:3, Licht: 2","215498","3","6","2","02","23","7","","2","0","1","0","0"
"POINT (11.461655047000022 48.213992423000036)","Unfall 215499 (2024) Kat:3, Licht: 0","215499","3","7","0","02","16","7","","0","0","0","0","1"
"POINT (11.507388622000065 48.117248260000054)","Unfall 215500 (2024) Kat:2, Licht: 0","215500","2","7","0","02","14","7","","0","0","0","0","1"
"POINT (11.560322985000028 48.174173373000031)","Unfall 215502 (2024) Kat:3, Licht: 0","215502","3","3","5","02","11","7","","0","0","1","0","0"
"POINT (11.574039153000058 48.137441070000079)","Unfall 215503 (2024) Kat:3, Licht: 2","215503","3","7","6","02","22","7","","2","0","0","1","0"
"POINT (11.584578961000034 48.201020175000053)","Unfall 215525 (2024) Kat:3, Licht: 0","215525","3","1","0","02","06","6","","0","1","0","0","0"
"POINT (11.568371208000030 48.124418604000027)","Unfall 215527 (2024) Kat:3, Licht: 0","215527","3","3","0","02","08","6","","0","1","1","0","0"
"POINT (11.640420578000032 48.147513331000027)","Unfall 215528 (2024) Kat:3, Licht: 0","215528","3","2","6","02","18","6","","0","0","1","1","0"
"POINT (11.597624077000035 48.179403185000069)","Unfall 215530 (2024) Kat:3, Licht: 1","215530","3","3","6","02","17","6","","1","0","1","1","0"
"POINT (11.565815383000029 48.188578315000029)","Unfall 215531 (2024) Kat:3, Licht: 0","215531","3","1","0","02","16","6","","0","0","0","0","0"
"POINT (11.565234198000041 48.192709836000063)","Unfall 215532 (2024) Kat:3, Licht: 2","215532","3","3","4","02","21","6","","2","0","1","0","0"
"POINT (11.575243982000075 48.108502328000043)","Unfall 215533 (2024) Kat:3, Licht: 1","215533","3","1","0","02","17","6","","1","1","0","0","0"
"POINT (11.561977173000059 48.125072700000032)","Unfall 215534 (2024) Kat:3, Licht: 0","215534","3","2","3","02","11","6","","0","1","0","0","0"
"POINT (11.612047568000037 48.131547357000045)","Unfall 215579 (2024) Kat:3, Licht: 1","215579","3","3","5","02","06","5","","1","1","1","0","0"
"POINT (11.579071905000035 48.129192570000043)","Unfall 215580 (2024) Kat:3, Licht: 0","215580","3","6","2","02","15","5","","0","0","1","0","0"
"POINT (11.518219608000038 48.078334690000077)","Unfall 215581 (2024) Kat:3, Licht: 0","215581","3","3","5","02","09","5","","0","0","1","0","0"
"POINT (11.692302751000057 48.117928997000035)","Unfall 215582 (2024) Kat:3, Licht: 0","215582","3","6","4","02","11","5","","0","1","1","0","0"
"POINT (11.512474624000049 48.139088679000054)","Unfall 215583 (2024) Kat:3, Licht: 2","215583","3","2","5","02","17","5","","2","1","1","0","0"
"POINT (11.596536226000069 48.187490095000044)","Unfall 215584 (2024) Kat:3, Licht: 0","215584","3","6","2","02","16","5","","0","0","1","0","0"
"POINT (11.582804843000076 48.108058057000051)","Unfall 215585 (2024) Kat:3, Licht: 0","215585","3","3","5","02","16","5","","0","0","1","0","1"
"POINT (11.612874041000055 48.120150794000040)","Unfall 215586 (2024) Kat:3, Licht: 0","215586","3","2","5","02","10","5","","0","1","1","0","0"
"POINT (11.662127331000022 48.140552649000028)","Unfall 215608 (2024) Kat:3, Licht: 2","215608","3","2","4","02","18","4","","2","0","1","0","1"
"POINT (11.633449860000042 48.120810219000077)","Unfall 215609 (2024) Kat:3, Licht: 0","215609","3","2","5","02","16","4","","0","1","1","0","0"
"POINT (11.567872972000032 48.140438302000064)","Unfall 215611 (2024) Kat:3, Licht: 0","215611","3","3","5","02","13","4","","0","0","1","0","0"
"POINT (11.581281785000044 48.124082540000074)","Unfall 215612 (2024) Kat:3, Licht: 0","215612","3","1","0","02","11","4","","0","1","0","0","0"
"POINT (11.549762417000068 48.125034400000061)","Unfall 215613 (2024) Kat:3, Licht: 2","215613","3","3","5","02","22","4","","2","1","1","0","0"
"POINT (11.595853360000035 48.141644827000050)","Unfall 215641 (2024) Kat:3, Licht: 0","215641","3","6","6","02","09","3","","0","1","0","1","0"
"POINT (11.544218421000039 48.157631779000042)","Unfall 215673 (2024) Kat:3, Licht: 0","215673","3","2","4","04","15","5","","0","1","1","0","0"
"POINT (11.579358157000058 48.146451031000026)","Unfall 215675 (2024) Kat:3, Licht: 0","215675","3","2","1","04","11","5","","0","0","0","0","1"
"POINT (11.568329034000044 48.142545682000048)","Unfall 215676 (2024) Kat:3, Licht: 0","215676","3","6","2","04","15","5","","0","1","1","0","0"
"POINT (11.533537941000077 48.169441224000082)","Unfall 215677 (2024) Kat:3, Licht: 0","215677","3","6","2","04","14","5","","0","0","1","0","0"
"POINT (11.563691741000071 48.124534595000057)","Unfall 215678 (2024) Kat:3, Licht: 2","215678","3","6","3","04","20","5","","2","1","1","0","0"
"POINT (11.452653117000068 48.147759117000078)","Unfall 215679 (2024) Kat:3, Licht: 0","215679","3","3","5","04","08","5","","0","0","1","0","0"
"POINT (11.433811278000064 48.164088442000036)","Unfall 215680 (2024) Kat:3, Licht: 2","215680","3","3","5","04","21","5","","2","0","1","0","0"
"POINT (11.532727245000046 48.154898218000028)","Unfall 215681 (2024) Kat:3, Licht: 0","215681","3","2","5","04","16","5","","0","1","1","0","0"
"POINT (11.569249078000041 48.137499001000037)","Unfall 215682 (2024) Kat:3, Licht: 0","215682","3","4","6","04","16","5","","0","0","1","1","0"
"POINT (11.564523963000056 48.136330056000077)","Unfall 215683 (2024) Kat:3, Licht: 0","215683","3","2","5","04","09","5","","0","1","1","0","0"
"POINT (11.551162191000060 48.112346299000080)","Unfall 215711 (2024) Kat:3, Licht: 1","215711","3","6","3","04","18","4","","1","1","0","0","0"
"POINT (11.538064096000028 48.116881237000030)","Unfall 215712 (2024) Kat:3, Licht: 0","215712","3","6","3","04","15","4","","0","1","0","0","0"
"POINT (11.523064509000051 48.134160038000061)","Unfall 215714 (2024) Kat:3, Licht: 0","215714","3","2","5","04","11","4","","0","0","1","0","0"
"POINT (11.598718437000059 48.119227073000047)","Unfall 215716 (2024) Kat:2, Licht: 0","215716","2","7","0","04","11","4","","0","1","0","0","0"
"POINT (11.432943208000040 48.145050716000071)","Unfall 215717 (2024) Kat:2, Licht: 0","215717","2","7","0","04","15","4","","0","1","0","0","0"
"POINT (11.620203963000051 48.101786729000025)","Unfall 215718 (2024) Kat:3, Licht: 0","215718","3","3","5","04","13","4","","0","0","1","0","0"
"POINT (11.566619931000048 48.159239055000057)","Unfall 215719 (2024) Kat:3, Licht: 0","215719","3","3","5","04","15","4","","0","1","1","0","0"
"POINT (11.529915561000053 48.187220960000047)","Unfall 215748 (2024) Kat:2, Licht: 0","215748","2","7","0","04","15","3","","0","1","0","0","0"
"POINT (11.587865632000046 48.116757322000069)","Unfall 215750 (2024) Kat:3, Licht: 0","215750","3","6","2","04","08","3","","0","1","1","0","0"
"POINT (11.520116281000071 48.117402948000063)","Unfall 215751 (2024) Kat:3, Licht: 2","215751","3","7","0","04","20","3","","2","1","0","0","0"
"POINT (11.646174309000060 48.106825844000070)","Unfall 215752 (2024) Kat:3, Licht: 0","215752","3","2","4","04","14","3","","0","0","1","0","0"
"POINT (11.678403638000077 48.140177162000043)","Unfall 215753 (2024) Kat:3, Licht: 0","215753","3","7","4","04","09","3","","0","0","1","0","1"
"POINT (11.517368623000038 48.129901684000060)","Unfall 215754 (2024) Kat:3, Licht: 0","215754","3","3","5","04","12","3","","0","1","1","0","0"
"POINT (11.670124450000060 48.123377809000033)","Unfall 215755 (2024) Kat:3, Licht: 0","215755","3","4","6","04","15","3","","0","0","1","1","0"
"POINT (11.612031733000038 48.146155063000037)","Unfall 215756 (2024) Kat:3, Licht: 0","215756","3","3","5","04","18","3","","0","0","1","0","0"
"POINT (11.528875075000030 48.116732270000057)","Unfall 215757 (2024) Kat:3, Licht: 1","215757","3","3","5","04","20","3","","1","1","1","0","0"
"POINT (11.597076972000025 48.173216081000078)","Unfall 215758 (2024) Kat:3, Licht: 0","215758","3","2","2","04","10","3","","0","1","1","0","0"
"POINT (11.577771233000021 48.187618338000050)","Unfall 215793 (2024) Kat:3, Licht: 0","215793","3","7","0","04","16","2","","0","1","0","0","0"
"POINT (11.556494053000051 48.213235109000038)","Unfall 215794 (2024) Kat:3, Licht: 0","215794","3","7","2","04","13","2","","0","0","1","0","0"
"POINT (11.595514825000066 48.145295295000039)","Unfall 215810 (2024) Kat:3, Licht: 2","215810","3","3","4","03","01","1","","2","0","1","0","0"
"POINT (11.550205505000065 48.103769312000054)","Unfall 215811 (2024) Kat:3, Licht: 0","215811","3","7","5","03","18","1","","0","1","1","0","0"
"POINT (11.487347865000061 48.095539387000031)","Unfall 215812 (2024) Kat:3, Licht: 0","215812","3","3","5","03","13","1","","0","1","0","0","0"
"POINT (11.530753020000077 48.131211691000033)","Unfall 215813 (2024) Kat:3, Licht: 0","215813","3","6","5","03","10","1","","0","0","1","0","1"
"POINT (11.556496318000029 48.214624477000029)","Unfall 215837 (2024) Kat:3, Licht: 2","215837","3","4","6","03","22","7","","2","0","1","1","0"
"POINT (11.596964114000059 48.104957783000032)","Unfall 215838 (2024) Kat:3, Licht: 2","215838","3","7","5","03","19","7","","2","1","1","0","0"
"POINT (11.536197279000021 48.116878129000042)","Unfall 215839 (2024) Kat:3, Licht: 0","215839","3","4","6","03","16","7","","0","0","1","1","0"
"POINT (11.450023425000040 48.181144811000081)","Unfall 215840 (2024) Kat:3, Licht: 0","215840","3","3","5","03","12","7","","0","0","1","0","0"
"POINT (11.544768244000068 48.150539613000035)","Unfall 215841 (2024) Kat:3, Licht: 0","215841","3","7","0","03","14","7","","0","1","0","0","0"
"POINT (11.558593247000033 48.149239175000048)","Unfall 215842 (2024) Kat:3, Licht: 2","215842","3","7","1","03","22","7","","2","1","1","0","0"
"POINT (11.532945120000022 48.080520675000059)","Unfall 215843 (2024) Kat:3, Licht: 0","215843","3","3","5","03","14","7","","0","1","1","0","0"
"POINT (11.665885028000048 48.134976225000059)","Unfall 215844 (2024) Kat:3, Licht: 0","215844","3","7","0","03","12","7","","0","1","1","0","0"
"POINT (11.600088195000069 48.135565982000060)","Unfall 215845 (2024) Kat:3, Licht: 0","215845","3","7","6","03","11","7","","0","0","0","1","0"
"POINT (11.570090484000048 48.143369887000063)","Unfall 215890 (2024) Kat:3, Licht: 2","215890","3","7","0","03","02","6","","2","0","0","0","0"
"POINT (11.584531958000071 48.157224457000041)","Unfall 215891 (2024) Kat:3, Licht: 0","215891","3","2","4","03","17","6","","0","1","1","0","0"
"POINT (11.413391801000046 48.135486831000037)","Unfall 215892 (2024) Kat:3, Licht: 0","215892","3","7","8","03","18","6","","0","0","1","0","0"