WKT,Name,OBJECTID,UKATEGORIE,UTYP1,UART,UMONAT,USTUNDE,UWOCHENTAG,STRZUSTAND,ULICHTVERH,ISTRAD,ISTPKW,ISTFUSS,ISTKRAD
"POINT (11.646325325000021 48.108126495000079)","Unfall 215894 (2024) Kat:3, Licht: 0","215894","3","7","0","03","16","6","","0","1","1","0","0"
"POINT (11.598486925000032 48.202840129000037)","Unfall 215895 (2024) Kat:3, Licht: 0","215895","3","2","3","03","10","6","","0","1","0","0","0"
"POINT (11.432899023000061 48.149237972000037)","Unfall 215896 (2024) Kat:3, Licht: 0","215896","3","3","0","03","14","6","","0","0","1","0","0"
"POINT (11.667402461000052 48.114580885000066)","Unfall 215898 (2024) Kat:3, Licht: 0","215898","3","6","2","03","16","6","","0","0","1","0","1"
"POINT (11.502947886000072 48.099026446000039)","Unfall 215899 (2024) Kat:3, Licht: 0","215899","3","5","1","03","14","6","","0","0","0","1","0"
"POINT (11.586726600000077 48.137480006000033)","Unfall 215900 (2024) Kat:3, Licht: 0","215900","3","3","5","03","16","6","","0","1","1","0","0"
"POINT (11.588988999000037 48.124842559000058)","Unfall 215926 (2024) Kat:3, Licht: 0","215926","3","2","5","03","15","5","","0","1","1","0","0"
"POINT (11.547353793000070 48.159571919000030)","Unfall 215927 (2024) Kat:3, Licht: 0","215927","3","7","0","03","09","5","","0","1","0","0","0"
"POINT (11.636448304000055 48.107036036000068)","Unfall 215928 (2024) Kat:3, Licht: 1","215928","3","6","3","03","18","5","","1","0","1","0","0"
"POINT (11.605323221000049 48.135549956000034)","Unfall 215929 (2024) Kat:2, Licht: 0","215929","2","2","6","03","09","5","","0","0","1","1","0"
"POINT (11.503184422000061 48.139785922000044)","Unfall 215930 (2024) Kat:3, Licht: 2","215930","3","2","5","03","22","5","","2","0","1","0","0"
"POINT (11.523302970000032 48.095151194000039)","Unfall 215931 (2024) Kat:3, Licht: 0","215931","3","3","5","03","15","5","","0","0","1","0","0"
"POINT (11.593233907000069 48.187910039000030)","Unfall 215959 (2024) Kat:3, Licht: 1","215959","3","2","4","03","17","4","","1","0","1","0","0"
"POINT (11.562497026000074 48.185887046000062)","Unfall 215962 (2024) Kat:3, Licht: 0","215962","3","3","5","03","16","4","","0","0","1","0","0"
"POINT (11.596850450000034 48.134269439000036)","Unfall 215963 (2024) Kat:3, Licht: 0","215963","3","3","5","03","16","4","","0","1","1","0","0"
"POINT (11.621040134000054 48.186930633000031)","Unfall 215964 (2024) Kat:3, Licht: 0","215964","3","7","8","03","14","4","","0","0","1","0","0"
"POINT (11.564721469000062 48.168003043000056)","Unfall 215965 (2024) Kat:3, Licht: 0","215965","3","2","5","03","08","4","","0","1","1","0","0"
"POINT (11.534294492000072 48.193047852000063)","Unfall 215966 (2024) Kat:3, Licht: 1","215966","3","3","5","03","17","4","","1","1","1","0","0"
"POINT (11.566068207000058 48.186998670000037)","Unfall 215967 (2024) Kat:3, Licht: 0","215967","3","2","5","03","17","4","","0","1","1","0","0"
"POINT (11.536533534000057 48.146304344000043)","Unfall 215968 (2024) Kat:3, Licht: 0","215968","3","2","5","03","08","4","","0","1","0","0","0"
"POINT (11.502699527000061 48.123002756000062)","Unfall 215969 (2024) Kat:3, Licht: 0","215969","3","6","3","03","15","4","","0","0","1","0","1"
"POINT (11.502259496000022 48.112054669000031)","Unfall 215970 (2024) Kat:3, Licht: 2","215970","3","2","5","03","19","4","","2","0","1","0","0"
"POINT (11.688941599000032 48.132406763000063)","Unfall 215971 (2024) Kat:3, Licht: 0","215971","3","4","6","03","12","4","","0","0","1","1","0"
"POINT (11.643561654000052 48.168026245000078)","Unfall 215972 (2024) Kat:3, Licht: 1","215972","3","2","6","03","19","4","","1","0","1","1","0"
"POINT (11.546297659000061 48.118355562000033)","Unfall 215974 (2024) Kat:3, Licht: 2","215974","3","2","3","03","18","4","","2","1","1","0","0"
"POINT (11.560561297000049 48.137403046000031)","Unfall 215975 (2024) Kat:3, Licht: 2","215975","3","5","0","03","20","4","","2","1","1","0","0"
"POINT (11.526450870000076 48.182008269000050)","Unfall 216004 (2024) Kat:3, Licht: 0","216004","3","6","0","03","15","7","","0","1","0","0","0"
"POINT (11.583023627000046 48.141162225000073)","Unfall 216005 (2024) Kat:3, Licht: 0","216005","3","2","3","03","08","3","","0","0","1","0","0"
"POINT (11.572953649000056 48.183381706000034)","Unfall 216006 (2024) Kat:3, Licht: 0","216006","3","6","0","03","11","3","","0","1","0","1","0"
"POINT (11.558502662000024 48.137431450000065)","Unfall 216007 (2024) Kat:3, Licht: 0","216007","3","7","4","03","12","3","","0","1","1","0","0"
"POINT (11.476223612000069 48.109686031000081)","Unfall 216008 (2024) Kat:3, Licht: 1","216008","3","6","2","03","18","3","","1","0","1","0","0"
"POINT (11.568419489000064 48.092580467000062)","Unfall 216009 (2024) Kat:3, Licht: 0","216009","3","6","2","03","16","3","","0","0","1","0","0"
"POINT (11.639090520000025 48.109075781000058)","Unfall 216010 (2024) Kat:3, Licht: 0","216010","3","4","6","03","15","3","","0","0","1","1","0"
"POINT (11.551622717000043 48.100655522000068)","Unfall 216011 (2024) Kat:3, Licht: 0","216011","3","6","4","03","14","3","","0","0","1","0","0"
"POINT (11.506662916000039 48.167416939000077)","Unfall 216012 (2024) Kat:3, Licht: 0","216012","3","3","5","03","15","3","","0","0","1","0","0"
"POINT (11.546438190000060 48.146560557000043)","Unfall 216013 (2024) Kat:3, Licht: 0","216013","3","2","5","03","10","3","","0","0","1","0","0"
"POINT (11.570788463000042 48.093712922000066)","Unfall 216014 (2024) Kat:2, Licht: 0","216014","2","3","5","03","10","3","","0","1","1","0","0"
"POINT (11.646717337000041 48.157194097000058)","Unfall 216015 (2024) Kat:3, Licht: 0","216015","3","3","5","03","11","3","","0","1","1","0","0"
"POINT (11.540050045000044 48.117256671000064)","Unfall 216016 (2024) Kat:3, Licht: 2","216016","3","4","6","03","18","3","","2","1","0","1","0"
"POINT (11.554134957000031 48.127551683000036)","Unfall 216017 (2024) Kat:3, Licht: 0","216017","3","2","5","03","17","3","","0","1","1","0","0"
"POINT (11.520679762000043 48.163337711000054)","Unfall 216052 (2024) Kat:3, Licht: 0","216052","3","3","5","03","07","2","","0","1","1","0","0"
"POINT (11.571362335000060 48.160007367000048)","Unfall 216053 (2024) Kat:2, Licht: 0","216053","2","7","0","03","18","2","","0","0","1","0","0"
"POINT (11.554798749000042 48.149594089000061)","Unfall 216054 (2024) Kat:3, Licht: 0","216054","3","3","5","03","08","2","","0","1","1","0","0"
"POINT (11.414365550000070 48.142737326000031)","Unfall 216056 (2024) Kat:3, Licht: 0","216056","3","1","0","03","12","2","","0","1","0","0","0"
"POINT (11.565109294000024 48.167874403000042)","Unfall 216057 (2024) Kat:3, Licht: 0","216057","3","2","3","03","08","2","","0","1","1","0","0"
"POINT (11.551299834000076 48.156339502000037)","Unfall 216058 (2024) Kat:3, Licht: 1","216058","3","7","9","03","18","2","","1","0","1","0","0"
"POINT (11.651819578000072 48.109174806000055)","Unfall 216059 (2024) Kat:3, Licht: 0","216059","3","3","5","03","08","2","","0","0","1","0","0"
"POINT (11.609752219000029 48.118464294000034)","Unfall 216061 (2024) Kat:3, Licht: 2","216061","3","4","0","03","19","2","","2","0","0","1","0"
"POINT (11.525388408000026 48.110841994000054)","Unfall 216062 (2024) Kat:3, Licht: 0","216062","3","4","6","03","07","2","","0","0","1","1","0"
"POINT (11.429791509000040 48.186667595000074)","Unfall 216108 (2024) Kat:3, Licht: 0","216108","3","3","5","03","14","1","","0","1","1","0","0"
"POINT (11.557095252000067 48.130762146000052)","Unfall 216109 (2024) Kat:3, Licht: 0","216109","3","7","1","03","17","1","","0","0","1","0","0"
"POINT (11.525200329000029 48.148692369000059)","Unfall 216114 (2024) Kat:3, Licht: 0","216114","3","4","6","03","14","2","","0","1","0","1","0"
"POINT (11.515629055000034 48.130332904000056)","Unfall 216132 (2024) Kat:3, Licht: 0","216132","3","1","4","03","12","7","","0","1","1","0","0"
"POINT (11.472239684000044 48.145354187000066)","Unfall 216133 (2024) Kat:3, Licht: 0","216133","3","6","2","03","18","7","","0","0","1","0","1"
"POINT (11.466776942000024 48.164769043000035)","Unfall 216134 (2024) Kat:3, Licht: 0","216134","3","6","3","03","15","7","","0","0","1","0","0"
"POINT (11.640803525000024 48.116707039000062)","Unfall 216135 (2024) Kat:3, Licht: 2","216135","3","5","8","03","19","7","","2","1","1","0","0"
"POINT (11.571026818000064 48.131091434000041)","Unfall 216136 (2024) Kat:3, Licht: 2","216136","3","1","0","03","02","7","","2","1","0","0","0"
"POINT (11.503105659000028 48.147142179000070)","Unfall 216154 (2024) Kat:3, Licht: 0","216154","3","2","5","03","17","6","","0","1","1","0","0"
"POINT (11.533742102000076 48.100010545000032)","Unfall 216155 (2024) Kat:3, Licht: 0","216155","3","7","1","03","10","6","","0","1","1","0","0"
"POINT (11.576331044000028 48.120607693000068)","Unfall 216156 (2024) Kat:3, Licht: 0","216156","3","4","6","03","07","6","","0","0","1","1","0"
"POINT (11.621414774000073 48.153718829000070)","Unfall 216157 (2024) Kat:3, Licht: 0","216157","3","2","3","03","09","6","","0","0","0","0","0"
"POINT (11.605569493000075 48.139714704000028)","Unfall 216158 (2024) Kat:3, Licht: 0","216158","3","6","3","03","13","6","","0","1","0","0","0"
"POINT (11.582652090000067 48.153436169000031)","Unfall 216159 (2024) Kat:3, Licht: 0","216159","3","6","2","03","12","6","","0","0","1","0","0"
"POINT (11.567493083000045 48.191521007000063)","Unfall 216160 (2024) Kat:3, Licht: 1","216160","3","6","2","03","18","6","","1","1","0","0","0"
"POINT (11.589151815000037 48.201299982000080)","Unfall 216161 (2024) Kat:3, Licht: 0","216161","3","6","6","03","13","6","","0","1","0","1","0"
"POINT (11.533911610000075 48.188558395000030)","Unfall 216162 (2024) Kat:3, Licht: 0","216162","3","1","0","03","08","6","","0","1","0","0","0"
"POINT (11.537727380000035 48.154258843000036)","Unfall 216163 (2024) Kat:3, Licht: 0","216163","3","7","0","03","11","6","","0","1","0","0","0"
"POINT (11.574190896000061 48.147563412000068)","Unfall 216205 (2024) Kat:3, Licht: 0","216205","3","5","1","03","16","5","","0","1","1","0","0"
"POINT (11.510735904000057 48.164890696000043)","Unfall 216206 (2024) Kat:2, Licht: 0","216206","2","7","6","03","17","5","","0","0","1","1","0"
"POINT (11.534280801000023 48.148218007000025)","Unfall 216207 (2024) Kat:3, Licht: 0","216207","3","5","0","03","11","5","","0","1","1","0","0"
"POINT (11.575365671000043 48.119516292000071)","Unfall 216208 (2024) Kat:3, Licht: 0","216208","3","6","3","03","10","5","","0","1","1","0","0"
"POINT (11.658931184000039 48.103498254000044)","Unfall 216209 (2024) Kat:3, Licht: 0","216209","3","2","4","03","15","5","","0","0","1","0","0"
"POINT (11.562988810000036 48.146438811000053)","Unfall 216210 (2024) Kat:3, Licht: 0","216210","3","2","3","03","12","5","","0","1","1","0","0"
"POINT (11.503282811000076 48.144973493000066)","Unfall 216211 (2024) Kat:3, Licht: 0","216211","3","7","6","03","16","5","","0","1","0","1","0"
"POINT (11.614796694000063 48.139377726000077)","Unfall 216212 (2024) Kat:3, Licht: 0","216212","3","4","6","03","13","5","","0","0","1","1","0"
"POINT (11.567010020000055 48.123372556000049)","Unfall 216213 (2024) Kat:3, Licht: 2","216213","3","6","3","03","00","5","","2","0","1","0","0"
"POINT (11.503012207000040 48.139533970000059)","Unfall 216251 (2024) Kat:3, Licht: 0","216251","3","2","6","03","17","1","","0","0","1","1","0"
"POINT (11.508203277000064 48.178647611000031)","Unfall 216254 (2024) Kat:3, Licht: 0","216254","3","2","6","03","15","4","","0","0","1","1","0"
"POINT (11.582960526000022 48.126050360000079)","Unfall 216255 (2024) Kat:3, Licht: 0","216255","3","7","0","03","16","4","","0","1","0","0","0"
"POINT (11.564926054000068 48.124018997000064)","Unfall 216257 (2024) Kat:3, Licht: 0","216257","3","6","3","03","17","4","","0","0","1","0","0"
"POINT (11.556007206000061 48.128339020000055)","Unfall 216258 (2024) Kat:3, Licht: 0","216258","3","2","4","03","08","4","","0","1","1","0","0"
"POINT (11.648115385000040 48.138634395000054)","Unfall 216259 (2024) Kat:2, Licht: 0","216259","2","4","6","03","11","4","","0","0","1","1","0"
"POINT (11.570901638000066 48.142238290000080)","Unfall 216260 (2024) Kat:3, Licht: 2","216260","3","2","1","03","19","4","","2","0","1","0","0"
"POINT (11.502666086000033 48.121951621000051)","Unfall 216261 (2024) Kat:3, Licht: 0","216261","3","6","0","03","07","4","","0","0","1","0","0"
"POINT (11.456836558000077 48.140344248000076)","Unfall 216263 (2024) Kat:3, Licht: 2","216263","3","4","6","03","19","4","","2","0","1","1","0"
"POINT (11.473717453000063 48.177783574000046)","Unfall 216264 (2024) Kat:3, Licht: 1","216264","3","6","2","03","18","4","","1","0","1","0","0"
"POINT (11.565327034000063 48.176308208000080)","Unfall 216265 (2024) Kat:3, Licht: 0","216265","3","3","5","03","07","4","","0","1","1","0","0"
"POINT (11.546405135000043 48.146800344000042)","Unfall 216266 (2024) Kat:3, Licht: 2","216266","3","1","0","03","23","4","","2","1","0","0","0"
"POINT (11.532887889000051 48.154184912000062)","Unfall 216267 (2024) Kat:3, Licht: 0","216267","3","6","3","03","16","4","","0","1","0","0","0"
"POINT (11.504235153000025 48.094489576000058)","Unfall 216268 (2024) Kat:3, Licht: 2","216268","3","6","2","03","22","4","","2","0","1","0","0"
"POINT (11.526225367000052 48.112801682000054)","Unfall 216270 (2024) Kat:3, Licht: 2","216270","3","2","6","03","22","4","","2","0","1","1","0"
"POINT (11.539367545000061 48.107222393000029)","Unfall 216271 (2024) Kat:3, Licht: 0","216271","3","3","5","03","11","4","","0","0","1","0","0"
"POINT (11.459375290000025 48.164700174000075)","Unfall 216293 (2024) Kat:3, Licht: 0","216293","3","6","3","03","08","4","","0","0","1","0","0"
"POINT (11.558070401000066 48.150221925000039)","Unfall 216317 (2024) Kat:3, Licht: 0","216317","3","3","5","03","12","6","","0","1","0","0","1"
"POINT (11.538945421000051 48.151333897000029)","Unfall 216327 (2024) Kat:3, Licht: 0","216327","3","3","5","03","08","3","","0","0","1","0","1"
"POINT (11.513211865000073 48.091742640000064)","Unfall 216328 (2024) Kat:3, Licht: 0","216328","3","3","5","03","18","3","","0","0","1","0","0"
"POINT (11.560063359000026 48.137405454000032)","Unfall 216329 (2024) Kat:3, Licht: 0","216329","3","3","5","03","17","3","","0","1","1","0","0"
"POINT (11.572775869000054 48.136264720000042)","Unfall 216332 (2024) Kat:3, Licht: 0","216332","3","7","6","03","15","3","","0","0","0","1","0"
"POINT (11.536096223000072 48.146165591000056)","Unfall 216334 (2024) Kat:3, Licht: 0","216334","3","6","3","03","11","6","","0","0","1","0","0"
"POINT (11.549590431000070 48.125017846000048)","Unfall 216335 (2024) Kat:3, Licht: 0","216335","3","2","5","03","15","3","","0","0","1","0","0"
"POINT (11.561116292000065 48.154116159000068)","Unfall 216337 (2024) Kat:3, Licht: 0","216337","3","5","1","03","07","3","","0","1","1","0","0"
"POINT (11.586827696000057 48.137872054000070)","Unfall 216338 (2024) Kat:3, Licht: 0","216338","3","2","0","03","08","3","","0","1","1","0","0"
"POINT (11.629622110000071 48.165190343000063)","Unfall 216383 (2024) Kat:3, Licht: 0","216383","3","2","4","03","12","2","","0","0","1","0","0"
"POINT (11.565242542000021 48.122510268000042)","Unfall 216384 (2024) Kat:3, Licht: 0","216384","3","3","6","03","15","2","","0","0","0","1","0"
"POINT (11.587985262000075 48.125363273000062)","Unfall 216385 (2024) Kat:3, Licht: 0","216385","3","6","3","03","11","2","","0","1","1","0","0"
"POINT (11.568796376000023 48.116092263000041)","Unfall 216386 (2024) Kat:3, Licht: 0","216386","3","3","1","03","13","2","","0","1","1","0","0"
"POINT (11.581907461000071 48.101106631000050)","Unfall 216387 (2024) Kat:3, Licht: 0","216387","3","6","6","03","11","2","","0","1","0","1","0"
"POINT (11.536857497000028 48.133841083000050)","Unfall 216388 (2024) Kat:3, Licht: 1","216388","3","3","5","03","17","2","","1","1","1","0","0"
"POINT (11.535697724000045 48.198599004000073)","Unfall 216390 (2024) Kat:1, Licht: 2","216390","1","7","6","03","20","2","","2","0","0","1","0"
"POINT (11.545345873000031 48.197473927000033)","Unfall 216392 (2024) Kat:3, Licht: 2","216392","3","4","6","03","21","2","","2","0","0","1","0"
"POINT (11.502410479000048 48.112155055000073)","Unfall 216393 (2024) Kat:3, Licht: 2","216393","3","2","5","03","21","2","","2","0","1","0","0"
"POINT (11.625468191000039 48.148083892000045)","Unfall 216394 (2024) Kat:3, Licht: 0","216394","3","2","3","03","08","2","","0","1","1","0","0"
"POINT (11.602152028000035 48.123912400000052)","Unfall 216395 (2024) Kat:3, Licht: 0","216395","3","2","4","03","13","2","","0","1","1","0","0"
"POINT (11.565479210000035 48.123890668000058)","Unfall 216396 (2024) Kat:3, Licht: 0","216396","3","2","4","03","07","2","","0","1","1","0","0"
"POINT (11.582653437000033 48.153438913000059)","Unfall 216397 (2024) Kat:3, Licht: 0","216397","3","4","6","03","12","2","","0","1","1","1","0"
"POINT (11.534668423000028 48.132753393000030)","Unfall 216416 (2024) Kat:3, Licht: 0","216416","3","5","1","04","12","5","","0","1","1","0","0"
"POINT (11.555738008000048 48.130014551000045)","Unfall 216439 (2024) Kat:3, Licht: 2","216439","3","3","5","03","01","1","","2","1","1","0","0"
"POINT (11.421113283000068 48.139370865000046)","Unfall 216440 (2024) Kat:3, Licht: 0","216440","3","4","6","03","17","1","","0","0","1","1","0"
"POINT (11.572432162000041 48.116207020000047)","Unfall 216441 (2024) Kat:2, Licht: 0","216441","2","4","6","03","13","1","","0","1","0","1","0"
"POINT (11.581288316000041 48.144898657000056)","Unfall 216442 (2024) Kat:3, Licht: 0","216442","3","7","0","03","13","1","","0","1","0","0","0"
"POINT (11.553412149000053 48.112326341000028)","Unfall 216472 (2024) Kat:3, Licht: 0","216472","3","2","4","03","06","7","","0","1","1","0","0"
"POINT (11.593355001000077 48.145728828000074)","Unfall 216473 (2024) Kat:3, Licht: 0","216473","3","7","6","03","11","7","","0","0","0","1","0"
"POINT (11.496286331000022 48.119529942000042)","Unfall 216474 (2024) Kat:3, Licht: 0","216474","3","7","0","03","10","7","","0","1","0","0","0"
"POINT (11.530930648000037 48.183401985000046)","Unfall 216476 (2024) Kat:3, Licht: 0","216476","3","6","3","03","12","7","","0","0","1","0","0"
"POINT (11.580480808000061 48.148995723000041)","Unfall 216477 (2024) Kat:3, Licht: 2","216477","3","2","6","03","22","7","","2","0","1","1","0"
"POINT (11.465668338000057 48.147351239000045)","Unfall 216478 (2024) Kat:3, Licht: 0","216478","3","3","5","03","15","7","","0","0","1","0","0"
"POINT (11.600482908000060 48.121837782000057)","Unfall 216480 (2024) Kat:3, Licht: 0","216480","3","7","6","03","12","7","","0","0","1","1","0"
"POINT (11.522204516000045 48.160927544000060)","Unfall 216498 (2024) Kat:3, Licht: 0","216498","3","3","5","03","07","7","","0","0","1","0","0"
"POINT (11.579636889000028 48.136825409000039)","Unfall 216522 (2024) Kat:3, Licht: 2","216522","3","7","6","03","21","6","","2","0","1","1","0"
"POINT (11.548869850000074 48.102449002000071)","Unfall 216523 (2024) Kat:3, Licht: 0","216523","3","1","3","03","16","6","","0","1","1","0","0"
"POINT (11.489136478000034 48.163504203000059)","Unfall 216524 (2024) Kat:3, Licht: 0","216524","3","2","5","03","15","6","","0","1","1","0","0"
"POINT (11.578196088000027 48.107099167000058)","Unfall 216525 (2024) Kat:2, Licht: 0","216525","2","7","0","03","18","6","","0","1","0","1","0"
"POINT (11.614965646000030 48.188498631000073)","Unfall 216526 (2024) Kat:3, Licht: 1","216526","3","6","2","03","17","6","","1","1","1","0","0"
"POINT (11.586368010000058 48.187866863000067)","Unfall 216527 (2024) Kat:3, Licht: 2","216527","3","7","2","03","23","6","","2","0","1","0","0"
"POINT (11.572040975000050 48.135212588000059)","Unfall 216529 (2024) Kat:3, Licht: 0","216529","3","3","6","03","15","6","","0","0","0","1","0"
"POINT (11.537108785000044 48.134937165000053)","Unfall 216532 (2024) Kat:3, Licht: 0","216532","3","2","5","03","11","6","","0","1","1","0","0"
"POINT (11.564904554000066 48.124025936000066)","Unfall 216539 (2024) Kat:3, Licht: 0","216539","3","5","1","04","12","4","","0","1","1","0","0"
"POINT (11.517213942000069 48.134917536000046)","Unfall 216576 (2024) Kat:3, Licht: 0","216576","3","2","4","03","14","2","","0","0","1","0","0"
"POINT (11.450656290000040 48.199363982000079)","Unfall 216578 (2024) Kat:3, Licht: 2","216578","3","3","4","03","18","5","","2","1","1","0","0"
"POINT (11.511475496000060 48.130312965000030)","Unfall 216579 (2024) Kat:2, Licht: 0","216579","2","1","0","03","15","5","","0","1","0","0","0"
"POINT (11.566241560000037 48.187240908000035)","Unfall 216580 (2024) Kat:3, Licht: 0","216580","3","2","5","03","12","5","","0","0","0","0","0"
"POINT (11.613518196000030 48.131227730000035)","Unfall 216582 (2024) Kat:3, Licht: 0","216582","3","1","0","03","17","7","","0","1","0","0","0"
"POINT (11.563140633000046 48.149449723000032)","Unfall 216583 (2024) Kat:3, Licht: 0","216583","3","7","1","03","17","5","","0","0","1","0","1"
"POINT (11.564998048000064 48.137408717000028)","Unfall 216584 (2024) Kat:3, Licht: 0","216584","3","2","5","03","10","5","","0","0","1","0","0"
"POINT (11.573116845000072 48.116299639000033)","Unfall 216585 (2024) Kat:3, Licht: 0","216585","3","2","5","03","07","5","","0","1","1","0","0"
"POINT (11.685142285000040 48.137590008000075)","Unfall 216586 (2024) Kat:2, Licht: 0","216586","2","2","4","03","15","5","","0","0","1","0","1"
"POINT (11.588252020000027 48.188074215000029)","Unfall 216587 (2024) Kat:3, Licht: 0","216587","3","3","5","03","07","5","","0","1","1","0","0"
"POINT (11.494961111000066 48.181716517000041)","Unfall 216589 (2024) Kat:3, Licht: 0","216589","3","7","6","03","16","5","","0","1","0","1","0"
"POINT (11.506534419000047 48.171718747000057)","Unfall 216590 (2024) Kat:3, Licht: 0","216590","3","7","4","03","17","5","","0","1","1","0","0"
"POINT (11.552917462000039 48.161780053000030)","Unfall 216591 (2024) Kat:3, Licht: 2","216591","3","6","2","03","19","5","","2","0","1","0","0"
"POINT (11.513877969000077 48.113183179000032)","Unfall 216592 (2024) Kat:3, Licht: 0","216592","3","3","5","03","07","5","","0","0","1","0","0"
"POINT (11.590798813000049 48.167147256000078)","Unfall 216593 (2024) Kat:3, Licht: 1","216593","3","7","1","03","18","5","","1","0","1","0","0"
"POINT (11.548359352000034 48.120238464000067)","Unfall 216596 (2024) Kat:3, Licht: 2","216596","3","7","6","04","21","5","","2","1","0","1","0"
"POINT (11.509585497000046 48.154182361000039)","Unfall 216649 (2024) Kat:3, Licht: 0","216649","3","6","3","03","08","4","","0","0","1","0","0"
"POINT (11.687515843000028 48.133062022000047)","Unfall 216651 (2024) Kat:3, Licht: 0","216651","3","3","5","03","07","4","","0","1","1","0","0"
"POINT (11.574621903000036 48.173772118000045)","Unfall 216652 (2024) Kat:3, Licht: 0","216652","3","5","1","03","11","4","","0","1","1","0","0"
"POINT (11.536085599000046 48.146166266000080)","Unfall 216654 (2024) Kat:3, Licht: 0","216654","3","6","2","03","12","4","","0","0","1","0","0"
"POINT (11.603377933000047 48.104089862000080)","Unfall 216655 (2024) Kat:3, Licht: 0","216655","3","3","5","03","16","4","","0","0","1","0","0"
"POINT (11.484375904000046 48.138637244000051)","Unfall 216657 (2024) Kat:3, Licht: 0","216657","3","3","5","03","11","4","","0","0","1","0","0"
"POINT (11.483306842000047 48.114678018000063)","Unfall 216658 (2024) Kat:3, Licht: 1","216658","3","7","0","03","17","4","","1","1","0","0","0"
"POINT (11.555261967000035 48.148134427000059)","Unfall 216659 (2024) Kat:3, Licht: 2","216659","3","4","6","03","19","4","","2","1","0","1","0"
"POINT (11.632760513000051 48.133388518000061)","Unfall 216660 (2024) Kat:3, Licht: 2","216660","3","6","2","03","19","4","","2","0","1","0","0"
"POINT (11.632790879000027 48.174042186000065)","Unfall 216661 (2024) Kat:3, Licht: 2","216661","3","2","6","03","19","4","","2","0","1","1","0"
"POINT (11.543813826000076 48.118348242000081)","Unfall 216662 (2024) Kat:3, Licht: 0","216662","3","2","6","03","15","4","","0","0","1","1","0"
"POINT (11.538302583000075 48.100446507000072)","Unfall 216672 (2024) Kat:3, Licht: 0","216672","3","2","5","04","14","1","","0","0","1","0","0"
"POINT (11.572681621000072 48.111961293000036)","Unfall 216673 (2024) Kat:3, Licht: 0","216673","3","2","2","04","17","1","","0","1","0","0","0"
"POINT (11.644710302000021 48.161308385000041)","Unfall 216674 (2024) Kat:3, Licht: 0","216674","3","6","2","04","17","1","","0","0","1","0","0"
"POINT (11.594952878000072 48.109790766000060)","Unfall 216681 (2024) Kat:3, Licht: 2","216681","3","5","6","04","01","7","","2","0","1","1","0"
"POINT (11.618648423000025 48.207577376000074)","Unfall 216682 (2024) Kat:3, Licht: 2","216682","3","1","9","04","22","7","","2","0","1","0","0"
"POINT (11.581437138000069 48.195956111000044)","Unfall 216683 (2024) Kat:3, Licht: 0","216683","3","6","2","04","16","7","","0","0","1","0","0"
"POINT (11.508309457000053 48.180981659000054)","Unfall 216684 (2024) Kat:3, Licht: 0","216684","3","3","5","04","08","7","","0","0","1","0","0"
"POINT (11.528587021000021 48.215745029000061)","Unfall 216685 (2024) Kat:3, Licht: 0","216685","3","6","2","04","14","7","","0","0","1","0","0"
"POINT (11.540027635000058 48.153293179000059)","Unfall 216686 (2024) Kat:3, Licht: 0","216686","3","3","5","04","17","7","","0","1","0","0","0"
"POINT (11.522042929000065 48.137497256000074)","Unfall 216687 (2024) Kat:3, Licht: 0","216687","3","3","5","04","10","7","","0","0","1","0","1"
"POINT (11.590484925000055 48.094259164000050)","Unfall 216690 (2024) Kat:2, Licht: 0","216690","2","4","6","04","19","7","","0","0","1","1","0"
"POINT (11.628605862000029 48.131164701000046)","Unfall 216691 (2024) Kat:3, Licht: 1","216691","3","7","1","04","19","7","","1","0","1","0","0"
"POINT (11.610301107000055 48.134365354000067)","Unfall 216692 (2024) Kat:3, Licht: 0","216692","3","3","5","04","13","7","","0","1","1","0","0"
"POINT (11.605147754000029 48.121723024000062)","Unfall 216693 (2024) Kat:3, Licht: 1","216693","3","1","0","04","19","7","","1","0","0","0","1"
"POINT (11.550939083000060 48.118637147000072)","Unfall 216706 (2024) Kat:3, Licht: 0","216706","3","2","2","04","07","6","","0","1","0","0","0"
"POINT (11.557001501000059 48.128869374000033)","Unfall 216708 (2024) Kat:3, Licht: 0","216708","3","2","3","04","12","6","","0","1","1","0","0"
"POINT (11.528356000000031 48.116702236000037)","Unfall 216709 (2024) Kat:3, Licht: 0","216709","3","3","0","04","19","6","","0","0","1","0","0"
"POINT (11.532373533000055 48.146774295000057)","Unfall 216711 (2024) Kat:2, Licht: 0","216711","2","7","7","04","16","6","","0","0","0","0","0"
"POINT (11.454610910000042 48.189676471000041)","Unfall 216712 (2024) Kat:3, Licht: 0","216712","3","3","5","04","16","6","","0","0","1","0","0"
"POINT (11.568801512000050 48.114633700000070)","Unfall 216713 (2024) Kat:3, Licht: 0","216713","3","7","2","04","17","6","","0","0","1","0","1"
"POINT (11.566811539000071 48.133311100000071)","Unfall 216714 (2024) Kat:3, Licht: 0","216714","3","1","0","04","16","6","","0","1","0","0","0"
"POINT (11.472392328000069 48.182482635000042)","Unfall 216738 (2024) Kat:3, Licht: 0","216738","3","3","5","04","12","5","","0","0","1","0","0"
"POINT (11.589161200000035 48.137387972000056)","Unfall 216739 (2024) Kat:3, Licht: 0","216739","3","3","5","04","13","5","","0","0","1","0","0"