WKT,Name,OBJECTID,UKATEGORIE,UTYP1,UART,UMONAT,USTUNDE,UWOCHENTAG,STRZUSTAND,ULICHTVERH,ISTRAD,ISTPKW,ISTFUSS,ISTKRAD
"POINT (11.466981759000021 48.159642945000030)","Unfall 216740 (2024) Kat:3, Licht: 0","216740","3","2","4","04","15","5","","0","1","1","0","0"
"POINT (11.461788149000029 48.140372353000032)","Unfall 216741 (2024) Kat:3, Licht: 0","216741","3","3","5","04","11","5","","0","0","1","0","0"
"POINT (11.581400480000070 48.114644355000053)","Unfall 216742 (2024) Kat:3, Licht: 2","216742","3","3","5","04","01","5","","2","0","1","0","0"
"POINT (11.594621800000027 48.110638197000071)","Unfall 216743 (2024) Kat:3, Licht: 2","216743","3","2","6","04","23","5","","2","0","1","1","0"
"POINT (11.598554580000041 48.131619171000068)","Unfall 216744 (2024) Kat:3, Licht: 0","216744","3","6","2","04","17","5","","0","0","1","0","0"
"POINT (11.543238560000077 48.118367978000038)","Unfall 216745 (2024) Kat:3, Licht: 0","216745","3","6","3","04","14","5","","0","1","0","0","1"
"POINT (11.586455884000031 48.156907705000037)","Unfall 216746 (2024) Kat:2, Licht: 0","216746","2","1","0","04","17","5","","0","0","0","0","0"
"POINT (11.540330516000040 48.136168319000035)","Unfall 216757 (2024) Kat:3, Licht: 0","216757","3","4","6","04","18","5","","0","1","1","1","0"
"POINT (11.628213597000070 48.101195153000049)","Unfall 216776 (2024) Kat:3, Licht: 0","216776","3","2","6","04","15","4","","0","0","0","1","0"
"POINT (11.570172311000022 48.180570896000063)","Unfall 216777 (2024) Kat:3, Licht: 0","216777","3","1","1","04","18","4","","0","0","1","0","0"
"POINT (11.561974589000044 48.174576451000064)","Unfall 216778 (2024) Kat:3, Licht: 0","216778","3","2","6","04","07","4","","0","0","1","1","0"
"POINT (11.580608972000050 48.187715085000036)","Unfall 216779 (2024) Kat:3, Licht: 0","216779","3","6","2","04","18","4","","0","0","1","0","0"
"POINT (11.456112937000057 48.139625117000037)","Unfall 216780 (2024) Kat:3, Licht: 0","216780","3","7","2","04","10","4","","0","1","0","0","0"
"POINT (11.421953060000021 48.147542560000034)","Unfall 216781 (2024) Kat:3, Licht: 0","216781","3","4","6","04","16","4","","0","0","1","1","0"
"POINT (11.505767278000064 48.181164684000066)","Unfall 216782 (2024) Kat:3, Licht: 0","216782","3","7","1","04","16","4","","0","0","0","0","0"
"POINT (11.486724650000042 48.110924702000034)","Unfall 216783 (2024) Kat:3, Licht: 0","216783","3","3","5","04","10","4","","0","0","1","0","0"
"POINT (11.615266431000066 48.148933150000062)","Unfall 216784 (2024) Kat:3, Licht: 0","216784","3","6","4","04","18","4","","0","0","1","0","0"
"POINT (11.612821643000075 48.120766004000075)","Unfall 216785 (2024) Kat:3, Licht: 0","216785","3","7","0","04","08","4","","0","0","1","0","0"
"POINT (11.558756608000067 48.139351271000066)","Unfall 216786 (2024) Kat:3, Licht: 0","216786","3","5","6","04","16","4","","0","0","1","1","0"
"POINT (11.558414856000070 48.127807242000074)","Unfall 216787 (2024) Kat:3, Licht: 0","216787","3","6","2","04","14","4","","0","0","1","0","0"
"POINT (11.558020345000045 48.139170449000062)","Unfall 216788 (2024) Kat:3, Licht: 0","216788","3","7","3","04","17","4","","0","0","1","0","0"
"POINT (11.566351175000023 48.154393243000072)","Unfall 216789 (2024) Kat:3, Licht: 2","216789","3","1","8","04","01","4","","2","0","0","0","0"
"POINT (11.644310722000057 48.097124880000081)","Unfall 216827 (2024) Kat:2, Licht: 0","216827","2","2","5","04","08","3","","0","1","1","0","0"
"POINT (11.564333780000027 48.200364559000036)","Unfall 216829 (2024) Kat:3, Licht: 0","216829","3","7","0","04","14","3","","0","1","0","0","0"
"POINT (11.622671982000043 48.113423245000035)","Unfall 216832 (2024) Kat:3, Licht: 0","216832","3","3","5","04","09","3","","0","0","1","0","0"
"POINT (11.601023434000069 48.124415695000039)","Unfall 216833 (2024) Kat:2, Licht: 0","216833","2","7","0","04","08","3","","0","1","1","0","0"
"POINT (11.650059050000038 48.148842656000056)","Unfall 216834 (2024) Kat:2, Licht: 0","216834","2","7","1","04","07","3","","0","1","1","0","0"
"POINT (11.593277871000055 48.122874667000076)","Unfall 216835 (2024) Kat:3, Licht: 0","216835","3","4","6","04","09","3","","0","1","0","1","0"
"POINT (11.559493266000061 48.141363096000077)","Unfall 216836 (2024) Kat:3, Licht: 0","216836","3","4","6","04","14","3","","0","0","1","1","0"
"POINT (11.558605787000033 48.135920927000029)","Unfall 216837 (2024) Kat:3, Licht: 0","216837","3","6","2","04","11","3","","0","0","1","0","0"
"POINT (11.546717096000066 48.119007870000075)","Unfall 216838 (2024) Kat:3, Licht: 0","216838","3","5","1","04","08","3","","0","1","1","0","0"
"POINT (11.549938669000028 48.186002026000040)","Unfall 216878 (2024) Kat:3, Licht: 0","216878","3","6","3","04","18","2","","0","0","1","0","0"
"POINT (11.509347670000068 48.078807461000054)","Unfall 216879 (2024) Kat:3, Licht: 0","216879","3","7","6","04","17","2","","0","0","1","1","0"
"POINT (11.553431158000024 48.154513907000080)","Unfall 216880 (2024) Kat:2, Licht: 2","216880","2","7","6","04","20","2","","2","1","0","1","0"
"POINT (11.598655643000029 48.134655404000057)","Unfall 216881 (2024) Kat:3, Licht: 0","216881","3","3","4","04","12","2","","0","1","1","0","0"
"POINT (11.572689500000024 48.187107121000054)","Unfall 216882 (2024) Kat:3, Licht: 0","216882","3","2","5","04","08","2","","0","1","1","0","0"
"POINT (11.559580205000032 48.154937626000049)","Unfall 216883 (2024) Kat:3, Licht: 0","216883","3","3","5","04","17","2","","0","1","1","0","0"
"POINT (11.477454462000026 48.108642077000070)","Unfall 216884 (2024) Kat:3, Licht: 0","216884","3","3","5","04","11","2","","0","0","1","0","0"
"POINT (11.516903239000044 48.083407512000065)","Unfall 216885 (2024) Kat:3, Licht: 2","216885","3","7","6","04","20","2","","2","1","0","1","0"
"POINT (11.524538133000021 48.102199654000060)","Unfall 216886 (2024) Kat:3, Licht: 1","216886","3","2","4","04","05","2","","1","0","1","0","0"
"POINT (11.595104506000041 48.132284939000044)","Unfall 216888 (2024) Kat:3, Licht: 0","216888","3","7","5","04","11","2","","0","1","1","0","0"
"POINT (11.550228674000039 48.126294021000035)","Unfall 216889 (2024) Kat:3, Licht: 0","216889","3","5","1","04","12","2","","0","0","1","0","0"
"POINT (11.564769115000047 48.160914846000026)","Unfall 216890 (2024) Kat:3, Licht: 0","216890","3","1","0","04","13","2","","0","0","0","0","1"
"POINT (11.566742743000077 48.133204392000039)","Unfall 216891 (2024) Kat:2, Licht: 0","216891","2","1","0","04","19","2","","0","1","0","0","0"
"POINT (11.573870505000059 48.133664706000047)","Unfall 216892 (2024) Kat:3, Licht: 0","216892","3","2","3","04","16","2","","0","0","1","0","1"
"POINT (11.576121031000071 48.095865683000056)","Unfall 216935 (2024) Kat:3, Licht: 0","216935","3","6","6","04","11","1","","0","1","0","1","0"
"POINT (11.542224417000057 48.095428115000061)","Unfall 216936 (2024) Kat:2, Licht: 0","216936","2","6","2","04","14","1","","0","1","0","0","0"
"POINT (11.576879315000042 48.136300998000081)","Unfall 216937 (2024) Kat:3, Licht: 0","216937","3","6","3","04","17","1","","0","1","0","0","0"
"POINT (11.567372211000077 48.123224304000075)","Unfall 216939 (2024) Kat:3, Licht: 0","216939","3","2","4","04","12","1","","0","1","1","0","0"
"POINT (11.555854100000033 48.136288148000062)","Unfall 216940 (2024) Kat:3, Licht: 0","216940","3","6","0","04","17","1","","0","0","1","0","0"
"POINT (11.562281691000067 48.157179182000050)","Unfall 216941 (2024) Kat:3, Licht: 0","216941","3","6","2","04","12","1","","0","1","0","0","0"
"POINT (11.572651631000042 48.187730349000049)","Unfall 216944 (2024) Kat:3, Licht: 2","216944","3","3","5","04","22","1","","2","0","1","0","0"
"POINT (11.524116719000062 48.168751177000047)","Unfall 216945 (2024) Kat:3, Licht: 0","216945","3","6","5","04","11","1","","0","1","1","0","0"
"POINT (11.519491130000063 48.143563531000041)","Unfall 216946 (2024) Kat:3, Licht: 0","216946","3","7","5","04","18","1","","0","0","1","0","1"
"POINT (11.557082283000057 48.150052323000068)","Unfall 216947 (2024) Kat:3, Licht: 0","216947","3","2","0","04","12","1","","0","1","1","0","0"
"POINT (11.547447136000073 48.159350951000079)","Unfall 216948 (2024) Kat:3, Licht: 0","216948","3","6","2","04","14","1","","0","1","1","0","0"
"POINT (11.629431394000051 48.101106420000065)","Unfall 216950 (2024) Kat:3, Licht: 2","216950","3","1","0","04","22","1","","2","1","0","0","0"
"POINT (11.599976528000070 48.086930457000051)","Unfall 216951 (2024) Kat:2, Licht: 0","216951","2","3","5","04","16","1","","0","1","1","0","0"
"POINT (11.558020345000045 48.139170449000062)","Unfall 216977 (2024) Kat:2, Licht: 0","216977","2","7","5","04","17","5","","0","0","1","0","0"
"POINT (11.582761622000021 48.133873504000064)","Unfall 217016 (2024) Kat:3, Licht: 0","217016","3","1","0","04","18","7","","0","1","0","1","0"
"POINT (11.558469956000067 48.132508813000072)","Unfall 217017 (2024) Kat:3, Licht: 2","217017","3","1","0","04","01","7","","2","0","0","0","0"
"POINT (11.601867866000077 48.140340436000031)","Unfall 217018 (2024) Kat:3, Licht: 2","217018","3","1","0","04","01","7","","2","0","0","0","0"
"POINT (11.569144978000054 48.138517163000074)","Unfall 217019 (2024) Kat:3, Licht: 2","217019","3","4","6","04","21","7","","2","0","0","1","0"
"POINT (11.543571390000068 48.105015519000062)","Unfall 217020 (2024) Kat:3, Licht: 0","217020","3","2","3","04","15","7","","0","1","1","0","0"
"POINT (11.553226939000069 48.186157844000036)","Unfall 217021 (2024) Kat:3, Licht: 0","217021","3","6","2","04","13","7","","0","0","1","0","1"
"POINT (11.533758014000057 48.152781693000065)","Unfall 217022 (2024) Kat:2, Licht: 0","217022","2","4","6","04","17","7","","0","0","1","1","0"
"POINT (11.582084383000051 48.102594213000032)","Unfall 217023 (2024) Kat:3, Licht: 0","217023","3","7","1","04","10","7","","0","0","1","0","0"
"POINT (11.613032705000023 48.188164181000047)","Unfall 217025 (2024) Kat:3, Licht: 0","217025","3","7","0","04","17","7","","0","1","0","0","0"
"POINT (11.508348829000056 48.180987263000077)","Unfall 217026 (2024) Kat:3, Licht: 0","217026","3","3","5","04","13","7","","0","1","1","0","0"
"POINT (11.526518531000022 48.156614342000069)","Unfall 217027 (2024) Kat:3, Licht: 0","217027","3","7","0","04","19","7","","0","1","0","0","0"
"POINT (11.502570440000056 48.124081114000035)","Unfall 217028 (2024) Kat:3, Licht: 0","217028","3","6","0","04","14","3","","0","0","1","0","0"
"POINT (11.507426418000023 48.096877192000079)","Unfall 217029 (2024) Kat:3, Licht: 2","217029","3","1","1","04","21","7","","2","0","1","0","0"
"POINT (11.646442370000045 48.105205562000037)","Unfall 217030 (2024) Kat:3, Licht: 0","217030","3","1","1","04","17","7","","0","0","1","0","0"
"POINT (11.636147538000046 48.154596009000045)","Unfall 217031 (2024) Kat:3, Licht: 0","217031","3","5","0","04","17","7","","0","0","1","0","1"
"POINT (11.634922781000057 48.137920113000064)","Unfall 217032 (2024) Kat:3, Licht: 0","217032","3","2","0","04","16","7","","0","0","0","0","1"
"POINT (11.589066097000057 48.156592303000082)","Unfall 217033 (2024) Kat:3, Licht: 2","217033","3","2","4","04","21","7","","2","1","1","0","0"
"POINT (11.571896778000053 48.148939061000078)","Unfall 217034 (2024) Kat:3, Licht: 0","217034","3","6","2","04","12","7","","0","1","0","0","0"
"POINT (11.565092574000062 48.137421728000049)","Unfall 217035 (2024) Kat:3, Licht: 2","217035","3","3","5","04","21","7","","2","0","1","0","0"
"POINT (11.622101531000055 48.164659060000076)","Unfall 217098 (2024) Kat:3, Licht: 0","217098","3","7","0","04","15","6","","0","0","0","0","1"
"POINT (11.548823684000070 48.124460570000053)","Unfall 217099 (2024) Kat:3, Licht: 0","217099","3","1","0","04","16","6","","0","0","0","0","1"
"POINT (11.619838784000024 48.191883389000054)","Unfall 217100 (2024) Kat:3, Licht: 2","217100","3","1","1","04","00","6","","2","1","1","0","0"
"POINT (11.433463973000073 48.164793830000065)","Unfall 217101 (2024) Kat:3, Licht: 2","217101","3","3","5","04","23","6","","2","0","1","0","0"
"POINT (11.538648029000058 48.100479493000080)","Unfall 217102 (2024) Kat:3, Licht: 0","217102","3","6","2","04","13","6","","0","0","1","0","0"
"POINT (11.506475694000073 48.179771941000070)","Unfall 217105 (2024) Kat:3, Licht: 1","217105","3","6","3","04","20","6","","1","1","1","0","0"
"POINT (11.564738552000051 48.198504203000027)","Unfall 217106 (2024) Kat:3, Licht: 0","217106","3","6","2","04","10","6","","0","0","1","0","0"
"POINT (11.582953914000029 48.103114435000066)","Unfall 217107 (2024) Kat:3, Licht: 0","217107","3","2","4","04","12","6","","0","1","0","0","0"
"POINT (11.712643095000033 48.105847247000042)","Unfall 217109 (2024) Kat:3, Licht: 0","217109","3","3","5","04","19","6","","0","1","0","0","0"
"POINT (11.624224012000070 48.121888248000062)","Unfall 217110 (2024) Kat:3, Licht: 0","217110","3","2","5","04","14","6","","0","1","1","0","0"
"POINT (11.638595038000062 48.142551884000056)","Unfall 217111 (2024) Kat:3, Licht: 0","217111","3","6","2","04","17","6","","0","0","1","0","0"
"POINT (11.640451145000043 48.163363638000078)","Unfall 217112 (2024) Kat:2, Licht: 0","217112","2","1","0","04","16","6","","0","0","0","0","0"
"POINT (11.566618539000046 48.145446782000079)","Unfall 217113 (2024) Kat:3, Licht: 0","217113","3","6","2","04","15","6","","0","1","0","0","0"
"POINT (11.568431267000051 48.132510936000074)","Unfall 217114 (2024) Kat:3, Licht: 0","217114","3","2","3","04","14","6","","0","0","1","0","1"
"POINT (11.576303390000021 48.127807485000062)","Unfall 217119 (2024) Kat:3, Licht: 0","217119","3","2","4","04","09","7","","0","0","1","0","0"
"POINT (11.614299967000022 48.152225805000057)","Unfall 217164 (2024) Kat:3, Licht: 0","217164","3","3","5","04","18","6","","0","1","0","0","0"
"POINT (11.584890775000076 48.107398696000075)","Unfall 217189 (2024) Kat:3, Licht: 0","217189","3","7","5","04","07","5","","0","1","1","0","0"
"POINT (11.494184178000069 48.178362330000027)","Unfall 217191 (2024) Kat:3, Licht: 0","217191","3","6","2","04","11","5","","0","0","1","0","1"
"POINT (11.451357872000074 48.147782388000053)","Unfall 217192 (2024) Kat:3, Licht: 0","217192","3","6","2","04","11","5","","0","0","1","0","0"
"POINT (11.570541225000056 48.142789480000033)","Unfall 217193 (2024) Kat:3, Licht: 0","217193","3","3","5","04","17","5","","0","1","1","0","0"
"POINT (11.521935597000038 48.176092557000061)","Unfall 217194 (2024) Kat:3, Licht: 0","217194","3","6","2","04","19","7","","0","0","1","0","0"
"POINT (11.548484567000060 48.100896159000058)","Unfall 217195 (2024) Kat:3, Licht: 0","217195","3","7","0","04","18","5","","0","0","0","0","0"
"POINT (11.572021135000057 48.187438227000030)","Unfall 217196 (2024) Kat:3, Licht: 0","217196","3","6","2","04","08","5","","0","0","1","0","1"
"POINT (11.573043806000044 48.179012603000047)","Unfall 217197 (2024) Kat:3, Licht: 0","217197","3","3","5","04","13","5","","0","1","1","0","0"
"POINT (11.564364998000030 48.200556118000065)","Unfall 217198 (2024) Kat:3, Licht: 2","217198","3","1","9","04","04","5","","2","0","1","0","0"
"POINT (11.536367503000065 48.146323105000079)","Unfall 217199 (2024) Kat:3, Licht: 0","217199","3","6","4","04","07","5","","0","1","0","0","0"
"POINT (11.496297715000026 48.119737862000079)","Unfall 217200 (2024) Kat:3, Licht: 0","217200","3","3","4","04","07","5","","0","1","1","0","0"
"POINT (11.604772024000056 48.115293993000080)","Unfall 217201 (2024) Kat:3, Licht: 2","217201","3","3","5","04","20","5","","2","1","0","0","0"
"POINT (11.586214476000066 48.160837442000059)","Unfall 217202 (2024) Kat:3, Licht: 2","217202","3","1","0","04","20","5","","2","0","0","0","1"
"POINT (11.562238718000060 48.157175177000056)","Unfall 217203 (2024) Kat:3, Licht: 0","217203","3","2","5","04","15","5","","0","0","1","1","0"
"POINT (11.574359496000056 48.136210646000052)","Unfall 217204 (2024) Kat:3, Licht: 0","217204","3","2","4","04","20","5","","0","1","1","0","0"
"POINT (11.593952222000041 48.128682383000069)","Unfall 217268 (2024) Kat:3, Licht: 2","217268","3","2","4","04","21","4","","2","0","1","0","0"
"POINT (11.557019473000025 48.143618066000045)","Unfall 217269 (2024) Kat:3, Licht: 1","217269","3","6","2","04","06","4","","1","0","1","0","0"
"POINT (11.461345934000065 48.184919395000065)","Unfall 217270 (2024) Kat:3, Licht: 0","217270","3","7","0","04","18","4","","0","0","0","0","1"
"POINT (11.510881483000048 48.139302611000062)","Unfall 217271 (2024) Kat:3, Licht: 0","217271","3","2","4","04","16","4","","0","0","1","0","1"
"POINT (11.517825491000053 48.130264461000081)","Unfall 217272 (2024) Kat:3, Licht: 0","217272","3","3","5","04","16","4","","0","1","1","0","0"
"POINT (11.588594026000067 48.201249690000054)","Unfall 217273 (2024) Kat:3, Licht: 0","217273","3","3","5","04","07","4","","0","0","1","0","0"
"POINT (11.687460953000027 48.135476415000028)","Unfall 217274 (2024) Kat:3, Licht: 0","217274","3","3","5","04","11","4","","0","0","1","0","0"
"POINT (11.576210920000051 48.112342996000052)","Unfall 217275 (2024) Kat:3, Licht: 0","217275","3","7","6","04","13","4","","0","0","1","1","0"
"POINT (11.540175179000073 48.134776228000078)","Unfall 217276 (2024) Kat:3, Licht: 0","217276","3","4","0","04","10","4","","0","0","1","1","0"
"POINT (11.595234161000064 48.174156423000056)","Unfall 217277 (2024) Kat:3, Licht: 0","217277","3","6","2","04","15","4","","0","0","1","0","0"
"POINT (11.586502246000066 48.162975485000061)","Unfall 217278 (2024) Kat:3, Licht: 0","217278","3","6","3","04","07","4","","0","0","1","0","0"
"POINT (11.550293855000064 48.162572993000026)","Unfall 217311 (2024) Kat:3, Licht: 0","217311","3","6","3","04","19","3","","0","0","0","0","0"
"POINT (11.529218834000062 48.213442760000078)","Unfall 217312 (2024) Kat:3, Licht: 0","217312","3","5","1","04","16","3","","0","0","1","0","1"
"POINT (11.562617404000036 48.132283225000037)","Unfall 217313 (2024) Kat:3, Licht: 0","217313","3","2","5","04","18","3","","0","0","1","0","1"
"POINT (11.581142949000025 48.124391841000033)","Unfall 217314 (2024) Kat:3, Licht: 0","217314","3","2","6","04","17","3","","0","0","1","1","0"
"POINT (11.581342625000048 48.138866352000036)","Unfall 217315 (2024) Kat:3, Licht: 1","217315","3","1","0","04","17","3","","1","1","0","0","0"
"POINT (11.577308549000065 48.136494846000062)","Unfall 217316 (2024) Kat:3, Licht: 0","217316","3","7","6","04","18","3","","0","1","0","1","0"
"POINT (11.611014191000038 48.199741327000027)","Unfall 217317 (2024) Kat:3, Licht: 0","217317","3","2","5","04","15","3","","0","1","1","0","0"
"POINT (11.460165386000028 48.148064500000032)","Unfall 217318 (2024) Kat:3, Licht: 0","217318","3","4","6","04","18","3","","0","0","1","1","0"
"POINT (11.444851195000069 48.148124016000054)","Unfall 217319 (2024) Kat:3, Licht: 0","217319","3","7","0","04","10","3","","0","1","0","0","0"
"POINT (11.530615874000034 48.165357182000037)","Unfall 217320 (2024) Kat:3, Licht: 0","217320","3","7","1","04","18","3","","0","0","1","0","0"
"POINT (11.671123377000072 48.086109389000057)","Unfall 217322 (2024) Kat:3, Licht: 0","217322","3","3","5","04","08","3","","0","0","1","0","0"
"POINT (11.640933597000071 48.151709205000031)","Unfall 217323 (2024) Kat:3, Licht: 0","217323","3","4","6","04","15","3","","0","0","1","1","0"
"POINT (11.545343764000052 48.125075579000054)","Unfall 217324 (2024) Kat:3, Licht: 0","217324","3","7","0","04","14","3","","0","1","0","0","0"
"POINT (11.564022418000036 48.160899135000079)","Unfall 217325 (2024) Kat:3, Licht: 0","217325","3","4","6","04","08","3","","0","0","0","1","0"
"POINT (11.580009537000024 48.147829901000080)","Unfall 217326 (2024) Kat:3, Licht: 0","217326","3","6","3","04","09","3","","0","1","1","0","0"
"POINT (11.531161103000045 48.157086137000078)","Unfall 217352 (2024) Kat:3, Licht: 0","217352","3","7","0","04","12","3","","0","0","0","0","1"
"POINT (11.558622852000042 48.139157673000057)","Unfall 217370 (2024) Kat:3, Licht: 0","217370","3","6","3","04","08","7","","0","1","1","0","0"
"POINT (11.598090368000044 48.136597627000071)","Unfall 217385 (2024) Kat:3, Licht: 2","217385","3","2","4","04","05","2","","2","0","1","0","0"
"POINT (11.510037053000076 48.137938156000075)","Unfall 217386 (2024) Kat:3, Licht: 0","217386","3","7","3","04","10","2","","0","1","1","0","0"
"POINT (11.542429500000026 48.163080419000039)","Unfall 217387 (2024) Kat:3, Licht: 0","217387","3","6","1","04","14","2","","0","0","1","0","0"
"POINT (11.581866185000024 48.113046864000069)","Unfall 217388 (2024) Kat:3, Licht: 0","217388","3","7","1","04","08","2","","0","1","1","0","0"
"POINT (11.480264508000062 48.090078136000045)","Unfall 217390 (2024) Kat:2, Licht: 1","217390","2","2","6","04","20","2","","1","0","1","1","0"
"POINT (11.638173462000054 48.096160778000069)","Unfall 217391 (2024) Kat:3, Licht: 0","217391","3","7","0","04","16","2","","0","1","0","0","0"
"POINT (11.594726641000022 48.142414489000032)","Unfall 217392 (2024) Kat:3, Licht: 0","217392","3","3","2","04","14","2","","0","0","1","0","1"
"POINT (11.438495750000072 48.182794223000030)","Unfall 217393 (2024) Kat:3, Licht: 0","217393","3","6","0","04","13","2","","0","0","1","0","1"
"POINT (11.475489791000030 48.186338974000080)","Unfall 217395 (2024) Kat:3, Licht: 0","217395","3","1","8","04","18","2","","0","0","0","0","0"
"POINT (11.534327430000076 48.192748475000030)","Unfall 217396 (2024) Kat:3, Licht: 1","217396","3","3","5","04","20","2","","1","0","1","0","1"
"POINT (11.531189942000026 48.146243770000069)","Unfall 217397 (2024) Kat:3, Licht: 0","217397","3","5","0","04","11","2","","0","1","0","0","0"
"POINT (11.477403830000071 48.116192682000076)","Unfall 217399 (2024) Kat:3, Licht: 0","217399","3","2","5","04","16","2","","0","0","1","0","0"
"POINT (11.612641099000029 48.151705466000067)","Unfall 217400 (2024) Kat:3, Licht: 0","217400","3","2","3","04","08","2","","0","1","1","0","0"
"POINT (11.676744376000045 48.119552066000040)","Unfall 217402 (2024) Kat:3, Licht: 0","217402","3","2","5","04","14","2","","0","1","0","0","0"
"POINT (11.561625793000076 48.133156116000066)","Unfall 217403 (2024) Kat:3, Licht: 0","217403","3","5","1","04","12","2","","0","1","1","0","0"
"POINT (11.586117701000035 48.161863218000065)","Unfall 217404 (2024) Kat:3, Licht: 0","217404","3","2","5","04","13","2","","0","1","1","0","0"
"POINT (11.563498083000070 48.148879534000059)","Unfall 217406 (2024) Kat:3, Licht: 0","217406","3","6","3","04","17","2","","0","1","1","0","0"
"POINT (11.565453353000066 48.148327746000064)","Unfall 217451 (2024) Kat:3, Licht: 2","217451","3","2","5","04","20","6","","2","0","1","0","1"
"POINT (11.553630585000064 48.112350941000045)","Unfall 217474 (2024) Kat:3, Licht: 0","217474","3","7","0","04","14","5","","0","0","0","0","1"
"POINT (11.534093577000021 48.110764286000062)","Unfall 217484 (2024) Kat:3, Licht: 0","217484","3","2","3","04","17","1","","0","0","1","0","0"
"POINT (11.475192107000055 48.142382820000080)","Unfall 217485 (2024) Kat:3, Licht: 2","217485","3","3","1","04","21","1","","2","0","1","0","0"
"POINT (11.556860851000067 48.095608066000068)","Unfall 217486 (2024) Kat:3, Licht: 0","217486","3","1","0","04","12","1","","0","1","0","0","0"
"POINT (11.509296178000056 48.094412146000082)","Unfall 217487 (2024) Kat:3, Licht: 0","217487","3","6","3","04","18","1","","0","1","0","0","0"
"POINT (11.458235500000058 48.153094896000027)","Unfall 217488 (2024) Kat:3, Licht: 0","217488","3","6","4","04","07","1","","0","1","0","0","0"
"POINT (11.534491408000065 48.214648781000051)","Unfall 217489 (2024) Kat:3, Licht: 2","217489","3","3","5","04","00","1","","2","0","1","0","0"
"POINT (11.528117518000045 48.133104734000028)","Unfall 217491 (2024) Kat:3, Licht: 2","217491","3","3","1","04","00","1","","2","0","1","0","1"
"POINT (11.520377134000057 48.098868338000045)","Unfall 217492 (2024) Kat:3, Licht: 0","217492","3","6","2","04","18","1","","0","0","1","0","0"
"POINT (11.623187260000066 48.130444999000076)","Unfall 217493 (2024) Kat:3, Licht: 2","217493","3","6","2","04","21","1","","2","0","1","0","1"
"POINT (11.568122425000070 48.157669306000059)","Unfall 217494 (2024) Kat:3, Licht: 0","217494","3","6","0","04","14","3","","0","1","1","0","0"
"POINT (11.556445175000022 48.142092873000081)","Unfall 217495 (2024) Kat:3, Licht: 2","217495","3","1","0","04","21","1","","2","1","0","0","0"
"POINT (11.518234771000039 48.146657181000080)","Unfall 217500 (2024) Kat:3, Licht: 0","217500","3","3","5","04","07","4","","0","1","1","0","0"
"POINT (11.529850272000033 48.154283007000060)","Unfall 217537 (2024) Kat:3, Licht: 0","217537","3","6","4","04","10","6","","0","1","1","0","0"
"POINT (11.646151078000059 48.098860058000071)","Unfall 217565 (2024) Kat:3, Licht: 0","217565","3","3","1","04","17","7","","0","1","1","0","0"
"POINT (11.578600207000022 48.110441132000062)","Unfall 217566 (2024) Kat:3, Licht: 0","217566","3","3","5","04","18","7","","0","1","1","0","0"
"POINT (11.576725410000051 48.147561162000045)","Unfall 217567 (2024) Kat:3, Licht: 2","217567","3","3","5","04","20","7","","2","1","0","0","0"
"POINT (11.600727114000051 48.135617445000037)","Unfall 217568 (2024) Kat:3, Licht: 0","217568","3","4","6","04","13","7","","0","1","0","1","0"
"POINT (11.424138893000077 48.174170752000066)","Unfall 217569 (2024) Kat:3, Licht: 2","217569","3","2","4","04","21","7","","2","0","1","0","0"
"POINT (11.537213654000027 48.162335607000045)","Unfall 217570 (2024) Kat:3, Licht: 0","217570","3","3","5","04","10","7","","0","1","1","0","0"
"POINT (11.532988435000050 48.154511870000078)","Unfall 217571 (2024) Kat:2, Licht: 0","217571","2","3","5","04","12","7","","0","0","1","0","1"
"POINT (11.479442936000055 48.124208082000052)","Unfall 217572 (2024) Kat:3, Licht: 0","217572","3","3","5","04","18","7","","0","1","1","0","0"
"POINT (11.548789503000023 48.112284199000044)","Unfall 217573 (2024) Kat:3, Licht: 1","217573","3","2","3","04","20","7","","1","1","1","0","0"
"POINT (11.540645999000049 48.136694458000079)","Unfall 217574 (2024) Kat:3, Licht: 0","217574","3","6","2","04","14","7","","0","1","1","0","0"
"POINT (11.559292760000062 48.146113479000064)","Unfall 217575 (2024) Kat:3, Licht: 0","217575","3","6","2","04","18","7","","0","0","1","0","1"
"POINT (11.576803857000073 48.139665011000034)","Unfall 217576 (2024) Kat:3, Licht: 0","217576","3","1","0","04","15","7","","0","1","0","0","0"
"POINT (11.488854808000042 48.214854133000074)","Unfall 217664 (2024) Kat:3, Licht: 0","217664","3","3","5","04","16","6","","0","1","1","0","0"
"POINT (11.539234722000060 48.125376085000028)","Unfall 217665 (2024) Kat:3, Licht: 0","217665","3","3","5","04","16","6","","0","0","1","0","1"
"POINT (11.565159513000026 48.168610342000079)","Unfall 217666 (2024) Kat:3, Licht: 0","217666","3","6","2","04","15","6","","0","1","0","0","0"
"POINT (11.561202171000048 48.146443700000077)","Unfall 217667 (2024) Kat:3, Licht: 0","217667","3","7","1","04","09","6","","0","1","1","0","0"
"POINT (11.566470467000045 48.156794671000057)","Unfall 217668 (2024) Kat:3, Licht: 0","217668","3","3","5","04","08","6","","0","1","0","0","0"