WKT,Name,OBJECTID,UKATEGORIE,UTYP1,UART,UMONAT,USTUNDE,UWOCHENTAG,STRZUSTAND,ULICHTVERH,ISTRAD,ISTPKW,ISTFUSS,ISTKRAD
"POINT (11.616118317000030 48.120668306000027)","Unfall 217671 (2024) Kat:3, Licht: 2","217671","3","3","5","04","03","6","","2","0","1","0","0"
"POINT (11.569197267000050 48.177286112000047)","Unfall 217672 (2024) Kat:3, Licht: 0","217672","3","3","5","04","13","6","","0","0","1","0","0"
"POINT (11.566481278000026 48.187250492000032)","Unfall 217673 (2024) Kat:3, Licht: 0","217673","3","6","1","04","16","6","","0","0","1","0","1"
"POINT (11.507932370000049 48.097746180000058)","Unfall 217674 (2024) Kat:3, Licht: 0","217674","3","6","2","04","11","6","","0","0","0","0","1"
"POINT (11.641777535000074 48.156868227000075)","Unfall 217675 (2024) Kat:3, Licht: 1","217675","3","7","6","04","20","6","","1","1","0","1","0"
"POINT (11.547016408000047 48.133610684000075)","Unfall 217676 (2024) Kat:3, Licht: 2","217676","3","1","1","04","05","6","","2","0","1","0","0"
"POINT (11.578569619000064 48.166890702000046)","Unfall 217677 (2024) Kat:3, Licht: 0","217677","3","2","2","04","10","6","","0","0","1","0","0"
"POINT (11.511051427000041 48.139264606000040)","Unfall 217680 (2024) Kat:3, Licht: 0","217680","3","2","4","04","10","3","","0","0","1","0","0"
"POINT (11.543322623000051 48.186311806000049)","Unfall 217694 (2024) Kat:2, Licht: 0","217694","2","2","5","04","17","4","","0","0","1","0","1"
"POINT (11.554219257000057 48.154027149000058)","Unfall 217728 (2024) Kat:3, Licht: 2","217728","3","4","6","05","21","4","","2","0","0","1","0"
"POINT (11.526712290000034 48.156641387000036)","Unfall 217729 (2024) Kat:3, Licht: 0","217729","3","1","0","05","18","4","","0","1","0","0","0"
"POINT (11.485550864000061 48.083197011000038)","Unfall 217730 (2024) Kat:3, Licht: 0","217730","3","2","4","05","08","4","","0","0","1","0","0"
"POINT (11.648199371000032 48.138941848000059)","Unfall 217731 (2024) Kat:3, Licht: 0","217731","3","6","6","05","17","4","","0","1","0","1","0"
"POINT (11.607207200000062 48.120956662000026)","Unfall 217732 (2024) Kat:2, Licht: 0","217732","2","7","0","05","08","4","","0","1","0","0","0"
"POINT (11.548733632000051 48.143639249000046)","Unfall 217733 (2024) Kat:3, Licht: 0","217733","3","2","3","05","11","4","","0","1","1","0","0"
"POINT (11.586134356000059 48.167364384000052)","Unfall 217734 (2024) Kat:3, Licht: 1","217734","3","7","5","05","19","4","","1","1","1","0","0"
"POINT (11.568744810000055 48.148689333000050)","Unfall 217735 (2024) Kat:3, Licht: 2","217735","3","4","6","05","21","4","","2","0","0","1","1"
"POINT (11.572540489000062 48.149898676000078)","Unfall 217736 (2024) Kat:3, Licht: 0","217736","3","7","2","05","09","4","","0","0","1","0","0"
"POINT (11.567073378000032 48.132372888000077)","Unfall 217737 (2024) Kat:3, Licht: 0","217737","3","1","1","05","07","4","","0","0","1","0","1"
"POINT (11.539406063000058 48.209929603000035)","Unfall 217776 (2024) Kat:2, Licht: 0","217776","2","7","6","05","17","3","","0","0","0","1","0"
"POINT (11.560713559000021 48.102248677000034)","Unfall 217777 (2024) Kat:3, Licht: 0","217777","3","1","0","05","15","3","","0","1","0","0","0"
"POINT (11.501263842000071 48.118464788000040)","Unfall 217778 (2024) Kat:3, Licht: 0","217778","3","3","5","05","11","3","","0","0","1","0","0"
"POINT (11.640377687000068 48.117722925000066)","Unfall 217781 (2024) Kat:3, Licht: 0","217781","3","6","2","05","16","3","","0","0","1","0","0"
"POINT (11.648173684000028 48.139872896000043)","Unfall 217782 (2024) Kat:3, Licht: 0","217782","3","3","5","05","15","3","","0","0","1","0","0"
"POINT (11.601441417000046 48.141427401000044)","Unfall 217783 (2024) Kat:3, Licht: 0","217783","3","5","5","05","15","3","","0","1","1","0","0"
"POINT (11.561754222000047 48.125012015000038)","Unfall 217784 (2024) Kat:3, Licht: 0","217784","3","2","5","05","16","3","","0","1","0","0","1"
"POINT (11.561984518000031 48.125070528000037)","Unfall 217785 (2024) Kat:3, Licht: 0","217785","3","2","3","05","12","3","","0","1","1","0","0"
"POINT (11.555063819000054 48.144294547000072)","Unfall 217786 (2024) Kat:3, Licht: 0","217786","3","4","6","05","08","3","","0","0","1","1","0"
"POINT (11.580567116000054 48.161055706000070)","Unfall 217787 (2024) Kat:3, Licht: 0","217787","3","1","0","05","09","3","","0","0","0","0","1"
"POINT (11.578934088000040 48.145538482000063)","Unfall 217788 (2024) Kat:3, Licht: 0","217788","3","7","3","05","07","3","","0","0","1","0","0"
"POINT (11.565953913000044 48.154898952000053)","Unfall 217789 (2024) Kat:3, Licht: 0","217789","3","1","0","05","12","3","","0","1","0","0","0"
"POINT (11.522994729000061 48.134211500000049)","Unfall 217834 (2024) Kat:3, Licht: 0","217834","3","6","2","05","17","2","","0","0","1","0","0"
"POINT (11.530096293000042 48.092476553000040)","Unfall 217835 (2024) Kat:3, Licht: 0","217835","3","7","4","05","18","2","","0","0","1","0","1"
"POINT (11.558449226000050 48.131449541000052)","Unfall 217836 (2024) Kat:3, Licht: 0","217836","3","2","5","05","08","2","","0","0","1","0","0"
"POINT (11.590095034000058 48.137491242000067)","Unfall 217837 (2024) Kat:3, Licht: 0","217837","3","6","4","05","13","2","","0","1","0","0","0"
"POINT (11.524569120000024 48.103467861000070)","Unfall 217838 (2024) Kat:3, Licht: 0","217838","3","3","5","05","09","2","","0","1","1","0","0"
"POINT (11.469940006000058 48.154652833000057)","Unfall 217839 (2024) Kat:3, Licht: 0","217839","3","6","3","05","08","2","","0","1","1","0","0"
"POINT (11.492062146000023 48.181681202000050)","Unfall 217840 (2024) Kat:3, Licht: 0","217840","3","2","5","05","13","2","","0","1","1","0","0"
"POINT (11.543912490000025 48.146941160000040)","Unfall 217841 (2024) Kat:3, Licht: 0","217841","3","2","3","05","15","2","","0","1","1","0","0"
"POINT (11.480813451000074 48.119500121000044)","Unfall 217842 (2024) Kat:3, Licht: 0","217842","3","2","3","05","08","2","","0","1","1","0","0"
"POINT (11.504238001000033 48.133151326000075)","Unfall 217843 (2024) Kat:3, Licht: 2","217843","3","7","6","05","23","2","","2","0","1","1","0"
"POINT (11.626092927000059 48.099569365000036)","Unfall 217844 (2024) Kat:3, Licht: 0","217844","3","1","0","05","15","2","","0","1","0","0","0"
"POINT (11.558451382000044 48.131556555000031)","Unfall 217845 (2024) Kat:3, Licht: 0","217845","3","7","1","05","18","2","","0","1","1","0","0"
"POINT (11.575444556000036 48.154409569000052)","Unfall 217846 (2024) Kat:3, Licht: 0","217846","3","5","1","05","09","2","","0","0","1","0","0"
"POINT (11.565478628000051 48.123888813000065)","Unfall 217847 (2024) Kat:3, Licht: 0","217847","3","2","5","05","10","2","","0","1","1","0","0"
"POINT (11.579498837000074 48.187767988000076)","Unfall 217890 (2024) Kat:3, Licht: 0","217890","3","4","6","05","16","4","","0","0","0","1","1"
"POINT (11.531468967000023 48.147486113000070)","Unfall 217896 (2024) Kat:2, Licht: 0","217896","2","2","5","05","17","1","","0","0","1","0","1"
"POINT (11.562783821000039 48.141618602000051)","Unfall 217897 (2024) Kat:3, Licht: 2","217897","3","1","3","05","01","1","","2","0","1","0","1"
"POINT (11.418360673000052 48.139225157000055)","Unfall 217898 (2024) Kat:3, Licht: 0","217898","3","5","1","05","15","1","","0","1","1","0","0"
"POINT (11.485339498000030 48.210608169000068)","Unfall 217899 (2024) Kat:3, Licht: 0","217899","3","7","0","05","14","1","","0","0","0","0","0"
"POINT (11.567395865000037 48.179338339000026)","Unfall 217900 (2024) Kat:3, Licht: 0","217900","3","3","5","05","13","1","","0","1","1","0","0"
"POINT (11.591573475000075 48.108180300000072)","Unfall 217901 (2024) Kat:3, Licht: 0","217901","3","3","5","05","19","1","","0","0","1","0","0"
"POINT (11.575281611000037 48.132207361000042)","Unfall 217902 (2024) Kat:3, Licht: 0","217902","3","5","5","05","17","1","","0","1","1","0","0"
"POINT (11.586135006000063 48.167561409000029)","Unfall 217903 (2024) Kat:3, Licht: 0","217903","3","6","4","05","17","1","","0","1","0","0","0"
"POINT (11.585923763000039 48.160164680000037)","Unfall 217904 (2024) Kat:3, Licht: 0","217904","3","1","0","05","18","1","","0","0","1","0","0"
"POINT (11.561687819000042 48.124933073000079)","Unfall 217936 (2024) Kat:3, Licht: 0","217936","3","2","4","05","17","7","","0","0","1","0","1"
"POINT (11.542236384000034 48.139619688000039)","Unfall 217937 (2024) Kat:3, Licht: 0","217937","3","2","5","05","10","7","","0","0","1","0","0"
"POINT (11.511356118000037 48.157117234000054)","Unfall 217938 (2024) Kat:2, Licht: 0","217938","2","4","6","05","10","7","","0","1","0","1","0"
"POINT (11.502817371000049 48.132850076000068)","Unfall 217939 (2024) Kat:3, Licht: 0","217939","3","1","0","05","10","7","","0","1","0","0","0"
"POINT (11.487169583000025 48.095514859000048)","Unfall 217940 (2024) Kat:3, Licht: 0","217940","3","3","5","05","17","7","","0","1","1","0","0"
"POINT (11.550219064000032 48.145890974000054)","Unfall 217941 (2024) Kat:3, Licht: 0","217941","3","6","3","05","18","7","","0","1","1","0","0"
"POINT (11.563887588000057 48.170559461000039)","Unfall 217961 (2024) Kat:3, Licht: 0","217961","3","7","0","05","14","7","","0","1","1","0","0"
"POINT (11.658484541000064 48.101190946000031)","Unfall 217996 (2024) Kat:3, Licht: 0","217996","3","2","3","05","14","6","","0","0","1","0","0"
"POINT (11.599393694000071 48.125246841000035)","Unfall 217997 (2024) Kat:3, Licht: 2","217997","3","3","5","05","03","6","","2","0","1","0","0"
"POINT (11.521090353000034 48.182749498000078)","Unfall 217998 (2024) Kat:3, Licht: 2","217998","3","6","0","05","22","6","","2","1","0","0","0"
"POINT (11.509318245000031 48.134490883000069)","Unfall 217999 (2024) Kat:3, Licht: 0","217999","3","5","0","05","09","6","","0","1","0","0","0"
"POINT (11.506140190000053 48.082245086000057)","Unfall 218001 (2024) Kat:3, Licht: 0","218001","3","3","5","05","17","6","","0","1","1","0","0"
"POINT (11.513809026000047 48.111547599000062)","Unfall 218002 (2024) Kat:3, Licht: 0","218002","3","3","5","05","10","6","","0","0","1","0","0"
"POINT (11.563930938000055 48.170509032000041)","Unfall 218003 (2024) Kat:3, Licht: 0","218003","3","5","0","05","12","6","","0","1","1","0","0"
"POINT (11.566286757000057 48.164349356000059)","Unfall 218004 (2024) Kat:3, Licht: 0","218004","3","3","5","05","17","6","","0","1","1","0","0"
"POINT (11.562748197000076 48.144173230000035)","Unfall 218005 (2024) Kat:3, Licht: 0","218005","3","3","5","05","07","6","","0","1","1","0","0"
"POINT (11.584099365000043 48.139814149000074)","Unfall 218006 (2024) Kat:3, Licht: 0","218006","3","2","4","05","07","6","","0","1","1","0","0"
"POINT (11.559656362000055 48.144739565000066)","Unfall 218042 (2024) Kat:3, Licht: 0","218042","3","7","0","05","19","6","","0","1","0","0","0"
"POINT (11.580945730000053 48.144807480000054)","Unfall 218048 (2024) Kat:3, Licht: 2","218048","3","1","9","05","01","5","","2","0","1","0","0"
"POINT (11.592140551000057 48.142305659000044)","Unfall 218049 (2024) Kat:3, Licht: 0","218049","3","1","2","05","07","5","","0","0","1","0","0"
"POINT (11.654701214000056 48.119062966000058)","Unfall 218050 (2024) Kat:2, Licht: 0","218050","2","3","5","05","14","5","","0","0","1","0","0"
"POINT (11.467194405000043 48.164765215000045)","Unfall 218051 (2024) Kat:3, Licht: 0","218051","3","6","2","05","09","5","","0","0","1","0","1"
"POINT (11.505525260000070 48.152154363000079)","Unfall 218052 (2024) Kat:3, Licht: 1","218052","3","6","2","05","20","5","","1","0","1","0","0"
"POINT (11.479416187000027 48.123972985000080)","Unfall 218053 (2024) Kat:3, Licht: 2","218053","3","3","5","05","21","5","","2","0","1","0","0"
"POINT (11.493331294000029 48.127824121000060)","Unfall 218054 (2024) Kat:3, Licht: 0","218054","3","5","1","05","07","5","","0","1","1","0","0"
"POINT (11.597703374000048 48.102589504000036)","Unfall 218057 (2024) Kat:3, Licht: 1","218057","3","3","5","05","20","5","","1","1","1","0","0"
"POINT (11.606290210000054 48.120803090000038)","Unfall 218058 (2024) Kat:3, Licht: 0","218058","3","1","0","05","09","5","","0","1","0","0","0"
"POINT (11.537843560000056 48.115070851000041)","Unfall 218059 (2024) Kat:3, Licht: 0","218059","3","6","2","05","14","5","","0","1","0","0","0"
"POINT (11.558393116000047 48.126193211000043)","Unfall 218060 (2024) Kat:3, Licht: 0","218060","3","2","5","05","10","5","","0","1","1","0","0"
"POINT (11.551620077000052 48.138050762000034)","Unfall 218061 (2024) Kat:3, Licht: 0","218061","3","1","0","05","19","5","","0","0","0","0","0"
"POINT (11.567827918000035 48.167681219000031)","Unfall 218062 (2024) Kat:3, Licht: 0","218062","3","6","0","05","16","5","","0","0","1","0","1"
"POINT (11.590052561000050 48.137431203000062)","Unfall 218063 (2024) Kat:3, Licht: 2","218063","3","6","3","05","23","5","","2","1","0","0","1"
"POINT (11.503053531000035 48.135171991000050)","Unfall 218114 (2024) Kat:3, Licht: 0","218114","3","2","4","05","18","4","","0","0","1","0","0"
"POINT (11.559441522000043 48.139366248000044)","Unfall 218115 (2024) Kat:2, Licht: 2","218115","2","7","0","05","00","4","","2","1","0","0","0"
"POINT (11.605055964000030 48.196072926000056)","Unfall 218116 (2024) Kat:3, Licht: 0","218116","3","7","0","05","11","4","","0","0","0","0","1"
"POINT (11.511709566000036 48.158749407000073)","Unfall 218117 (2024) Kat:3, Licht: 0","218117","3","7","0","05","13","4","","0","0","0","0","0"
"POINT (11.502807864000033 48.132516579000026)","Unfall 218118 (2024) Kat:3, Licht: 0","218118","3","1","0","05","08","4","","0","1","0","0","0"
"POINT (11.671675642000025 48.078090114000076)","Unfall 218120 (2024) Kat:3, Licht: 0","218120","3","1","0","05","12","4","","0","1","0","0","0"
"POINT (11.577768019000075 48.142997138000055)","Unfall 218121 (2024) Kat:3, Licht: 0","218121","3","6","0","05","17","4","","0","0","1","0","1"
"POINT (11.570710673000065 48.151773454000079)","Unfall 218187 (2024) Kat:3, Licht: 0","218187","3","2","5","05","09","5","","0","1","1","0","0"
"POINT (11.576091424000026 48.127791990000048)","Unfall 218205 (2024) Kat:3, Licht: 0","218205","3","4","6","04","16","3","","0","0","1","1","0"
"POINT (11.560051913000052 48.137703653000074)","Unfall 218206 (2024) Kat:3, Licht: 0","218206","3","7","6","04","14","3","","0","0","1","1","0"
"POINT (11.531400161000022 48.129889762000062)","Unfall 218207 (2024) Kat:2, Licht: 2","218207","2","4","6","04","22","3","","2","0","0","1","1"
"POINT (11.565130714000077 48.091036395000060)","Unfall 218209 (2024) Kat:3, Licht: 0","218209","3","7","6","04","11","3","","0","0","1","1","0"
"POINT (11.603840527000045 48.196417654000072)","Unfall 218210 (2024) Kat:3, Licht: 0","218210","3","2","0","04","19","3","","0","1","1","0","0"
"POINT (11.562722461000021 48.213466352000069)","Unfall 218211 (2024) Kat:2, Licht: 0","218211","2","3","5","04","18","3","","0","1","0","0","0"
"POINT (11.547897646000024 48.159115136000025)","Unfall 218213 (2024) Kat:3, Licht: 1","218213","3","2","5","04","20","3","","1","1","1","0","0"
"POINT (11.530711786000040 48.157655240000054)","Unfall 218214 (2024) Kat:3, Licht: 0","218214","3","1","1","04","08","3","","0","0","1","0","0"
"POINT (11.541727257000048 48.145174988000065)","Unfall 218215 (2024) Kat:3, Licht: 0","218215","3","2","5","04","16","3","","0","1","1","0","0"
"POINT (11.564166154000077 48.163460049000037)","Unfall 218217 (2024) Kat:3, Licht: 0","218217","3","7","5","04","17","3","","0","0","1","0","0"
"POINT (11.502398494000033 48.110815681000076)","Unfall 218218 (2024) Kat:3, Licht: 0","218218","3","6","3","04","12","3","","0","0","1","0","0"
"POINT (11.502369579000060 48.116315716000031)","Unfall 218219 (2024) Kat:3, Licht: 0","218219","3","3","5","04","18","3","","0","0","1","0","0"
"POINT (11.646290245000046 48.105267690000062)","Unfall 218220 (2024) Kat:3, Licht: 2","218220","3","7","3","04","21","3","","2","0","1","0","0"
"POINT (11.534786829000041 48.120545875000062)","Unfall 218221 (2024) Kat:3, Licht: 0","218221","3","4","6","04","17","3","","0","1","0","1","0"
"POINT (11.592440376000070 48.129641151000044)","Unfall 218222 (2024) Kat:3, Licht: 0","218222","3","4","6","04","09","3","","0","1","0","1","0"
"POINT (11.607948038000075 48.120895727000061)","Unfall 218223 (2024) Kat:3, Licht: 0","218223","3","6","3","04","14","3","","0","0","1","0","0"
"POINT (11.592972023000073 48.127058679000072)","Unfall 218224 (2024) Kat:3, Licht: 2","218224","3","2","4","04","21","3","","2","0","0","0","1"
"POINT (11.561754222000047 48.125012015000038)","Unfall 218225 (2024) Kat:3, Licht: 2","218225","3","2","5","04","20","3","","2","1","1","0","0"
"POINT (11.556104712000035 48.124377131000074)","Unfall 218226 (2024) Kat:3, Licht: 0","218226","3","2","6","04","09","3","","0","0","1","1","0"
"POINT (11.576346159000025 48.134065664000047)","Unfall 218227 (2024) Kat:3, Licht: 0","218227","3","5","1","04","18","3","","0","1","1","0","0"
"POINT (11.558862828000031 48.139353727000071)","Unfall 218257 (2024) Kat:3, Licht: 2","218257","3","4","6","05","00","1","","2","0","1","1","0"
"POINT (11.595619140000053 48.125686421000069)","Unfall 218281 (2024) Kat:3, Licht: 0","218281","3","1","1","05","17","7","","0","1","1","0","0"
"POINT (11.533704160000070 48.187792549000051)","Unfall 218317 (2024) Kat:3, Licht: 0","218317","3","7","0","04","15","3","","0","1","0","0","0"
"POINT (11.611070733000076 48.089994783000066)","Unfall 218318 (2024) Kat:2, Licht: 2","218318","2","7","0","04","03","2","","2","1","0","0","0"
"POINT (11.657654122000054 48.096048793000080)","Unfall 218319 (2024) Kat:2, Licht: 0","218319","2","4","6","04","16","2","","0","0","1","1","0"
"POINT (11.503647253000054 48.147126060000062)","Unfall 218320 (2024) Kat:3, Licht: 0","218320","3","6","4","04","19","2","","0","1","0","0","0"
"POINT (11.539994938000063 48.098579222000069)","Unfall 218321 (2024) Kat:3, Licht: 0","218321","3","3","5","04","17","2","","0","1","1","0","0"
"POINT (11.503783843000065 48.094318076000036)","Unfall 218322 (2024) Kat:3, Licht: 0","218322","3","2","4","04","07","2","","0","1","1","0","0"
"POINT (11.681820278000032 48.103912036000054)","Unfall 218324 (2024) Kat:3, Licht: 0","218324","3","7","0","04","13","2","","0","1","0","1","0"
"POINT (11.681608987000061 48.135305332000030)","Unfall 218325 (2024) Kat:3, Licht: 0","218325","3","3","5","04","17","2","","0","1","1","0","0"
"POINT (11.593719103000069 48.128281730000026)","Unfall 218326 (2024) Kat:3, Licht: 0","218326","3","4","0","04","11","2","","0","1","0","1","0"
"POINT (11.575943863000077 48.128088860000048)","Unfall 218327 (2024) Kat:3, Licht: 0","218327","3","6","2","04","10","2","","0","0","1","0","0"
"POINT (11.535569846000044 48.197986858000036)","Unfall 218384 (2024) Kat:3, Licht: 0","218384","3","6","3","05","09","3","","0","0","1","0","1"
"POINT (11.562104253000030 48.131259428000078)","Unfall 218410 (2024) Kat:2, Licht: 2","218410","2","1","0","04","22","1","","2","0","0","0","0"
"POINT (11.533123781000029 48.178871721000064)","Unfall 218412 (2024) Kat:3, Licht: 2","218412","3","2","5","04","23","1","","2","0","1","0","0"
"POINT (11.554681115000051 48.100212347000081)","Unfall 218415 (2024) Kat:3, Licht: 0","218415","3","7","0","04","12","1","","0","1","1","0","0"
"POINT (11.607693041000061 48.105096527000057)","Unfall 218416 (2024) Kat:2, Licht: 2","218416","2","1","1","04","23","1","","2","0","1","0","0"
"POINT (11.604455123000037 48.153147298000079)","Unfall 218417 (2024) Kat:3, Licht: 0","218417","3","3","5","04","18","1","","0","1","1","0","0"
"POINT (11.574644420000027 48.163000780000061)","Unfall 218418 (2024) Kat:3, Licht: 0","218418","3","5","1","04","18","1","","0","1","1","0","0"
"POINT (11.564041798000062 48.121323220000079)","Unfall 218424 (2024) Kat:3, Licht: 0","218424","3","7","0","05","16","3","","0","1","0","0","0"
"POINT (11.577166648000059 48.127157885000031)","Unfall 218448 (2024) Kat:2, Licht: 2","218448","2","6","6","04","23","1","","2","0","0","1","0"
"POINT (11.511869254000032 48.172413555000048)","Unfall 218463 (2024) Kat:2, Licht: 0","218463","2","1","8","04","18","7","","0","0","0","0","1"
"POINT (11.516056777000074 48.134935769000037)","Unfall 218464 (2024) Kat:3, Licht: 2","218464","3","6","9","04","02","7","","2","0","1","0","0"
"POINT (11.502975701000025 48.089828999000076)","Unfall 218466 (2024) Kat:3, Licht: 2","218466","3","3","5","04","23","7","","2","0","1","0","1"
"POINT (11.515522808000071 48.184302812000055)","Unfall 218467 (2024) Kat:3, Licht: 0","218467","3","1","0","04","11","7","","0","1","0","0","0"
"POINT (11.466953775000036 48.164767824000080)","Unfall 218468 (2024) Kat:3, Licht: 1","218468","3","7","0","04","05","7","","1","0","0","0","0"
"POINT (11.492598132000069 48.165803467000046)","Unfall 218469 (2024) Kat:3, Licht: 0","218469","3","7","0","04","19","7","","0","0","0","0","0"
"POINT (11.499770083000044 48.164882071000079)","Unfall 218470 (2024) Kat:3, Licht: 0","218470","3","3","0","04","18","7","","0","1","0","0","0"
"POINT (11.592891117000022 48.136635526000077)","Unfall 218471 (2024) Kat:3, Licht: 0","218471","3","1","0","04","14","2","","0","1","0","0","0"
"POINT (11.503939722000041 48.150879602000032)","Unfall 218472 (2024) Kat:3, Licht: 0","218472","3","3","0","04","15","7","","0","1","1","0","0"
"POINT (11.578684642000042 48.110487718000059)","Unfall 218473 (2024) Kat:3, Licht: 0","218473","3","3","5","04","19","7","","0","1","1","0","0"
"POINT (11.552933384000028 48.126770787000055)","Unfall 218474 (2024) Kat:3, Licht: 0","218474","3","6","2","05","12","7","","0","1","0","0","0"
"POINT (11.620939092000071 48.156922854000072)","Unfall 218475 (2024) Kat:3, Licht: 0","218475","3","1","0","04","18","7","","0","0","0","0","0"
"POINT (11.506289058000050 48.116942892000054)","Unfall 218476 (2024) Kat:2, Licht: 2","218476","2","1","0","04","00","7","","2","1","0","0","0"
"POINT (11.479143219000036 48.115321702000074)","Unfall 218477 (2024) Kat:3, Licht: 0","218477","3","2","5","04","13","7","","0","1","1","0","0"
"POINT (11.538668237000024 48.120390946000043)","Unfall 218479 (2024) Kat:3, Licht: 0","218479","3","1","1","04","19","7","","0","1","1","0","0"
"POINT (11.549833567000064 48.125000162000049)","Unfall 218480 (2024) Kat:3, Licht: 2","218480","3","2","5","04","20","7","","2","1","1","0","0"
"POINT (11.565434149000055 48.138301478000074)","Unfall 218481 (2024) Kat:3, Licht: 2","218481","3","1","0","04","01","7","","2","0","0","0","0"
"POINT (11.557961619000025 48.139282187000049)","Unfall 218515 (2024) Kat:3, Licht: 0","218515","3","7","5","04","08","3","","0","0","1","0","0"
"POINT (11.539451253000038 48.209876379000036)","Unfall 218544 (2024) Kat:3, Licht: 0","218544","3","7","9","04","11","6","","0","0","1","0","0"
"POINT (11.457257101000039 48.147840462000033)","Unfall 218547 (2024) Kat:3, Licht: 0","218547","3","7","1","04","08","6","","0","1","1","0","0"
"POINT (11.443240293000031 48.145501375000038)","Unfall 218548 (2024) Kat:3, Licht: 0","218548","3","3","5","04","07","6","","0","1","1","0","0"
"POINT (11.552648725000040 48.208308286000033)","Unfall 218549 (2024) Kat:3, Licht: 0","218549","3","3","4","04","07","6","","0","0","1","0","0"
"POINT (11.631188000000066 48.099765042000058)","Unfall 218550 (2024) Kat:3, Licht: 0","218550","3","1","3","04","11","6","","0","1","0","0","0"
"POINT (11.503721926000026 48.111951012000077)","Unfall 218551 (2024) Kat:3, Licht: 0","218551","3","2","3","04","16","6","","0","1","1","0","0"
"POINT (11.538858804000029 48.128224228000079)","Unfall 218552 (2024) Kat:3, Licht: 0","218552","3","7","0","04","15","6","","0","0","0","0","0"
"POINT (11.582685343000037 48.138601117000064)","Unfall 218553 (2024) Kat:3, Licht: 0","218553","3","6","1","04","14","6","","0","0","1","0","1"
"POINT (11.618449759000043 48.138183959000060)","Unfall 218555 (2024) Kat:3, Licht: 0","218555","3","3","6","05","08","5","","0","0","1","1","0"
"POINT (11.622050424000065 48.200289366000050)","Unfall 218590 (2024) Kat:3, Licht: 0","218590","3","1","0","04","19","3","","0","1","0","0","0"
"POINT (11.565064478000068 48.139162418000069)","Unfall 218612 (2024) Kat:3, Licht: 0","218612","3","1","0","04","14","5","","0","1","0","0","0"
"POINT (11.604765801000042 48.105330083000069)","Unfall 218613 (2024) Kat:3, Licht: 0","218613","3","3","5","04","15","5","","0","0","1","0","0"
"POINT (11.447859019000077 48.150165498000035)","Unfall 218615 (2024) Kat:3, Licht: 0","218615","3","3","5","04","12","5","","0","0","1","0","0"
"POINT (11.473397167000030 48.156084109000062)","Unfall 218616 (2024) Kat:3, Licht: 0","218616","3","6","6","04","07","5","","0","0","0","1","0"
"POINT (11.521212208000065 48.187629166000079)","Unfall 218617 (2024) Kat:3, Licht: 0","218617","3","2","5","04","07","5","","0","1","1","0","0"
"POINT (11.543038374000048 48.169405798000071)","Unfall 218618 (2024) Kat:3, Licht: 0","218618","3","1","0","04","08","5","","0","1","0","0","0"
"POINT (11.563007356000071 48.168241392000027)","Unfall 218619 (2024) Kat:2, Licht: 0","218619","2","6","2","04","18","5","","0","1","0","0","0"
"POINT (11.491268162000040 48.136381887000027)","Unfall 218620 (2024) Kat:3, Licht: 2","218620","3","1","0","04","22","5","","2","1","0","0","0"
"POINT (11.632214851000072 48.157532178000054)","Unfall 218623 (2024) Kat:2, Licht: 0","218623","2","3","5","04","19","5","","0","0","1","0","0"
"POINT (11.477401333000046 48.108536669000046)","Unfall 218626 (2024) Kat:3, Licht: 0","218626","3","3","6","04","15","6","","0","0","1","1","0"
"POINT (11.615651033000063 48.154065851000041)","Unfall 218627 (2024) Kat:3, Licht: 0","218627","3","7","9","04","14","5","","0","0","1","0","0"
"POINT (11.612326848000066 48.136723165000035)","Unfall 218628 (2024) Kat:3, Licht: 0","218628","3","4","0","04","16","5","","0","0","0","1","0"
"POINT (11.556096700000069 48.139144490000035)","Unfall 218629 (2024) Kat:3, Licht: 0","218629","3","4","6","04","12","5","","0","0","0","1","0"
"POINT (11.540570613000057 48.119297505000077)","Unfall 218630 (2024) Kat:3, Licht: 0","218630","3","6","3","04","14","5","","0","1","0","0","0"
"POINT (11.548531630000070 48.122239143000058)","Unfall 218631 (2024) Kat:3, Licht: 0","218631","3","6","2","04","11","5","","0","1","0","0","0"
"POINT (11.639307455000051 48.109167663000051)","Unfall 218632 (2024) Kat:3, Licht: 2","218632","3","3","5","05","23","4","","2","0","1","0","0"
"POINT (11.578108927000073 48.130326349000029)","Unfall 218633 (2024) Kat:3, Licht: 0","218633","3","2","2","04","16","5","","0","0","1","0","0"
"POINT (11.534850927000036 48.138166827000077)","Unfall 218634 (2024) Kat:3, Licht: 0","218634","3","3","5","04","17","5","","0","1","1","0","0"
"POINT (11.585135071000025 48.134336189000066)","Unfall 218665 (2024) Kat:3, Licht: 0","218665","3","5","1","04","07","4","","0","0","1","0","0"
"POINT (11.628221941000049 48.088492806000033)","Unfall 218668 (2024) Kat:3, Licht: 0","218668","3","1","8","04","10","4","","0","0","1","0","0"
"POINT (11.639331025000047 48.109184685000059)","Unfall 218669 (2024) Kat:3, Licht: 0","218669","3","2","5","04","16","4","","0","0","1","0","0"
"POINT (11.603326628000048 48.111652364000065)","Unfall 218670 (2024) Kat:3, Licht: 0","218670","3","7","1","04","08","4","","0","1","1","0","0"
"POINT (11.605694832000040 48.139701726000055)","Unfall 218671 (2024) Kat:3, Licht: 0","218671","3","6","3","04","17","4","","0","0","1","0","0"