WKT,Name,OBJECTID,UKATEGORIE,UTYP1,UART,UMONAT,USTUNDE,UWOCHENTAG,STRZUSTAND,ULICHTVERH,ISTRAD,ISTPKW,ISTFUSS,ISTKRAD
"POINT (11.594491419000065 48.164451183000040)","Unfall 218672 (2024) Kat:3, Licht: 0","218672","3","2","4","04","18","4","","0","1","1","0","0"
"POINT (11.570257439000045 48.131548067000040)","Unfall 218673 (2024) Kat:3, Licht: 0","218673","3","6","2","04","15","4","","0","1","1","0","0"
"POINT (11.499432001000059 48.146812943000043)","Unfall 218684 (2024) Kat:3, Licht: 0","218684","3","4","6","05","12","3","","0","0","1","1","0"
"POINT (11.518516254000076 48.140910417000043)","Unfall 218715 (2024) Kat:3, Licht: 0","218715","3","5","1","05","15","4","","0","1","1","1","0"
"POINT (11.556958550000047 48.220362956000031)","Unfall 218722 (2024) Kat:3, Licht: 0","218722","3","4","6","04","15","3","","0","0","1","1","0"
"POINT (11.574369278000063 48.150700583000059)","Unfall 218723 (2024) Kat:3, Licht: 0","218723","3","3","0","04","09","3","","0","1","1","0","0"
"POINT (11.636717933000057 48.100760108000031)","Unfall 218724 (2024) Kat:3, Licht: 0","218724","3","2","5","04","14","3","","0","0","1","0","0"
"POINT (11.527584987000068 48.151831074000029)","Unfall 218725 (2024) Kat:3, Licht: 0","218725","3","2","4","04","11","3","","0","1","1","0","0"
"POINT (11.536588857000027 48.151828090000038)","Unfall 218726 (2024) Kat:3, Licht: 0","218726","3","2","0","04","19","3","","0","0","0","1","0"
"POINT (11.541338497000027 48.156064488000027)","Unfall 218727 (2024) Kat:3, Licht: 0","218727","3","7","2","04","09","3","","0","1","0","1","0"
"POINT (11.686425902000053 48.135468123000066)","Unfall 218728 (2024) Kat:3, Licht: 0","218728","3","6","2","04","13","3","","0","1","1","0","0"
"POINT (11.650839859000030 48.109070936000080)","Unfall 218729 (2024) Kat:3, Licht: 0","218729","3","1","8","04","17","3","","0","0","1","0","0"
"POINT (11.596700013000032 48.102965084000061)","Unfall 218730 (2024) Kat:2, Licht: 0","218730","2","4","6","04","16","3","","0","0","1","1","0"
"POINT (11.560166145000039 48.156299847000071)","Unfall 218739 (2024) Kat:3, Licht: 0","218739","3","3","5","05","14","2","","0","0","1","0","0"
"POINT (11.667424824000022 48.123571438000056)","Unfall 218762 (2024) Kat:3, Licht: 0","218762","3","6","2","05","15","4","","0","1","1","0","0"
"POINT (11.555768634000060 48.134936501000027)","Unfall 218767 (2024) Kat:3, Licht: 0","218767","3","2","0","04","10","2","","0","0","1","0","0"
"POINT (11.579086068000038 48.131222692000051)","Unfall 218768 (2024) Kat:3, Licht: 0","218768","3","7","5","04","10","2","","0","0","1","0","1"
"POINT (11.640614318000075 48.093648499000039)","Unfall 218769 (2024) Kat:3, Licht: 0","218769","3","7","6","04","16","2","","0","0","1","1","0"
"POINT (11.574470869000038 48.118534069000077)","Unfall 218772 (2024) Kat:3, Licht: 0","218772","3","2","5","04","08","2","","0","0","1","0","1"
"POINT (11.595992550000062 48.187641162000034)","Unfall 218773 (2024) Kat:3, Licht: 0","218773","3","6","2","04","07","2","","0","0","1","0","0"
"POINT (11.460701357000062 48.188720856000032)","Unfall 218774 (2024) Kat:3, Licht: 0","218774","3","6","2","04","16","2","","0","0","1","0","0"
"POINT (11.506326199000057 48.164074729000049)","Unfall 218776 (2024) Kat:3, Licht: 0","218776","3","6","0","04","15","2","","0","1","0","0","0"
"POINT (11.518341648000046 48.139604557000041)","Unfall 218777 (2024) Kat:3, Licht: 0","218777","3","6","2","04","10","2","","0","0","1","0","0"
"POINT (11.475978849000057 48.108620052000049)","Unfall 218779 (2024) Kat:3, Licht: 2","218779","3","5","1","04","21","2","","2","0","0","0","1"
"POINT (11.564453656000069 48.164578415000051)","Unfall 218780 (2024) Kat:3, Licht: 0","218780","3","2","0","04","17","2","","0","0","1","0","0"
"POINT (11.566307527000049 48.136514954000063)","Unfall 218801 (2024) Kat:3, Licht: 2","218801","3","3","5","05","20","4","","2","0","1","0","0"
"POINT (11.582660991000068 48.136214793000079)","Unfall 218809 (2024) Kat:3, Licht: 0","218809","3","1","0","05","10","3","","0","0","0","0","1"
"POINT (11.628521067000065 48.103556424000033)","Unfall 218852 (2024) Kat:3, Licht: 0","218852","3","3","5","05","16","2","","0","0","1","0","0"
"POINT (11.553980439000043 48.154325157000073)","Unfall 218853 (2024) Kat:3, Licht: 0","218853","3","2","5","05","19","2","","0","1","1","0","0"
"POINT (11.504051211000046 48.147112269000047)","Unfall 218855 (2024) Kat:3, Licht: 0","218855","3","6","1","05","15","2","","0","1","1","0","0"
"POINT (11.664297415000021 48.113323695000076)","Unfall 218856 (2024) Kat:3, Licht: 0","218856","3","1","0","05","18","2","","0","1","0","0","0"
"POINT (11.575226568000062 48.091706626000075)","Unfall 218857 (2024) Kat:3, Licht: 0","218857","3","6","2","05","14","2","","0","1","1","0","0"
"POINT (11.587683815000048 48.131406236000032)","Unfall 218858 (2024) Kat:3, Licht: 0","218858","3","7","6","05","19","2","","0","0","1","1","0"
"POINT (11.612853509000047 48.120917647000056)","Unfall 218859 (2024) Kat:3, Licht: 0","218859","3","2","4","05","13","2","","0","0","1","0","0"
"POINT (11.531529196000065 48.164328213000033)","Unfall 218860 (2024) Kat:3, Licht: 2","218860","3","5","1","05","21","2","","2","1","1","0","0"
"POINT (11.531075717000022 48.156602785000075)","Unfall 218933 (2024) Kat:2, Licht: 0","218933","2","3","5","05","12","1","","0","0","0","0","0"
"POINT (11.486885958000073 48.130110361000050)","Unfall 218935 (2024) Kat:3, Licht: 1","218935","3","7","0","05","20","1","","1","1","1","0","0"
"POINT (11.481888027000025 48.142457635000028)","Unfall 218936 (2024) Kat:3, Licht: 0","218936","3","3","5","05","14","1","","0","1","1","0","0"
"POINT (11.546631360000049 48.101422624000065)","Unfall 218937 (2024) Kat:3, Licht: 0","218937","3","6","1","05","11","1","","0","0","1","0","0"
"POINT (11.609099672000070 48.136345705000053)","Unfall 218938 (2024) Kat:3, Licht: 0","218938","3","3","4","05","11","1","","0","0","1","0","0"
"POINT (11.548636052000063 48.112758315000065)","Unfall 218939 (2024) Kat:3, Licht: 2","218939","3","5","1","05","22","1","","2","1","1","0","0"
"POINT (11.519565195000041 48.113370807000081)","Unfall 218940 (2024) Kat:3, Licht: 0","218940","3","2","5","05","19","1","","0","1","1","0","0"
"POINT (11.591658127000073 48.165859485000055)","Unfall 218941 (2024) Kat:3, Licht: 0","218941","3","2","5","05","17","1","","0","1","1","0","0"
"POINT (11.553628116000027 48.121043531000055)","Unfall 218946 (2024) Kat:3, Licht: 2","218946","3","7","0","05","09","2","","2","0","0","0","1"
"POINT (11.458393161000060 48.149557325000046)","Unfall 218986 (2024) Kat:2, Licht: 0","218986","2","2","3","05","11","7","","0","1","0","0","0"
"POINT (11.564527231000056 48.164477929000043)","Unfall 218987 (2024) Kat:3, Licht: 0","218987","3","2","5","05","09","7","","0","0","1","0","0"
"POINT (11.518782339000040 48.146625334000078)","Unfall 218988 (2024) Kat:2, Licht: 0","218988","2","4","6","05","16","7","","0","0","1","1","0"
"POINT (11.536098169000070 48.100229759000058)","Unfall 218989 (2024) Kat:3, Licht: 0","218989","3","6","6","05","18","7","","0","1","1","1","0"
"POINT (11.508179034000023 48.178659075000041)","Unfall 218990 (2024) Kat:3, Licht: 0","218990","3","6","5","05","10","7","","0","0","1","0","1"
"POINT (11.563060318000055 48.208974920000060)","Unfall 218991 (2024) Kat:3, Licht: 0","218991","3","6","2","05","12","7","","0","0","1","0","0"
"POINT (11.511685208000074 48.155826968000042)","Unfall 218992 (2024) Kat:3, Licht: 0","218992","3","1","0","05","17","7","","0","0","0","0","1"
"POINT (11.481003039000029 48.125991316000068)","Unfall 218993 (2024) Kat:3, Licht: 2","218993","3","5","1","05","22","7","","2","1","1","0","0"
"POINT (11.512353305000033 48.142052645000035)","Unfall 218994 (2024) Kat:3, Licht: 0","218994","3","2","4","05","10","7","","0","1","1","0","0"
"POINT (11.596712739000054 48.131384416000060)","Unfall 218996 (2024) Kat:3, Licht: 0","218996","3","1","0","05","15","7","","0","1","0","0","0"
"POINT (11.592459882000071 48.114896607000048)","Unfall 218997 (2024) Kat:3, Licht: 0","218997","3","3","4","05","16","7","","0","1","1","0","0"
"POINT (11.537829399000032 48.138757371000054)","Unfall 218998 (2024) Kat:3, Licht: 0","218998","3","6","5","05","11","7","","0","1","1","0","0"
"POINT (11.533937522000031 48.134734478000041)","Unfall 218999 (2024) Kat:3, Licht: 2","218999","3","6","2","05","12","7","","2","0","1","0","0"
"POINT (11.565419819000056 48.135577414000068)","Unfall 219000 (2024) Kat:3, Licht: 0","219000","3","7","0","05","15","7","","0","1","0","0","0"
"POINT (11.581584820000046 48.134875142000055)","Unfall 219001 (2024) Kat:3, Licht: 2","219001","3","1","0","05","22","7","","2","0","0","0","1"
"POINT (11.544984702000022 48.107656462000080)","Unfall 219052 (2024) Kat:3, Licht: 0","219052","3","3","5","05","20","6","","0","1","1","0","0"
"POINT (11.591632902000072 48.165953985000044)","Unfall 219053 (2024) Kat:3, Licht: 0","219053","3","4","6","05","13","6","","0","0","1","1","0"
"POINT (11.519077935000041 48.142396069000029)","Unfall 219054 (2024) Kat:3, Licht: 2","219054","3","5","1","05","23","6","","2","0","1","0","1"
"POINT (11.566229875000033 48.186841132000040)","Unfall 219055 (2024) Kat:3, Licht: 0","219055","3","6","2","05","05","6","","0","0","1","0","0"
"POINT (11.570086440000068 48.093263919000037)","Unfall 219056 (2024) Kat:3, Licht: 0","219056","3","3","5","05","14","6","","0","1","1","0","0"
"POINT (11.571237361000044 48.134764557000040)","Unfall 219057 (2024) Kat:3, Licht: 0","219057","3","2","5","05","12","6","","0","1","1","0","0"
"POINT (11.586520744000040 48.163309989000027)","Unfall 219058 (2024) Kat:3, Licht: 2","219058","3","7","0","05","02","6","","2","0","0","0","1"
"POINT (11.552048437000053 48.208335207000061)","Unfall 219059 (2024) Kat:3, Licht: 0","219059","3","4","6","05","11","6","","0","0","0","1","0"
"POINT (11.603539238000053 48.144354614000065)","Unfall 219060 (2024) Kat:3, Licht: 0","219060","3","5","0","05","10","6","","0","1","1","0","0"
"POINT (11.560853398000063 48.141263472000048)","Unfall 219061 (2024) Kat:3, Licht: 0","219061","3","7","6","05","21","6","","0","1","0","1","0"
"POINT (11.534229428000060 48.134980005000045)","Unfall 219062 (2024) Kat:2, Licht: 0","219062","2","3","5","05","13","6","","0","1","0","0","0"
"POINT (11.534854018000033 48.138175302000036)","Unfall 219063 (2024) Kat:3, Licht: 0","219063","3","3","5","05","16","6","","0","1","1","0","0"
"POINT (11.584054405000074 48.145470005000050)","Unfall 219064 (2024) Kat:3, Licht: 2","219064","3","1","0","05","02","6","","2","0","0","0","0"
"POINT (11.580603131000032 48.149100312000030)","Unfall 219114 (2024) Kat:3, Licht: 0","219114","3","2","4","05","16","5","","0","1","1","0","0"
"POINT (11.567806107000024 48.163222727000061)","Unfall 219115 (2024) Kat:3, Licht: 0","219115","3","3","5","05","14","5","","0","1","1","0","0"
"POINT (11.535199741000042 48.182078914000044)","Unfall 219116 (2024) Kat:3, Licht: 0","219116","3","2","4","05","18","5","","0","1","1","0","0"
"POINT (11.527430986000070 48.183539251000070)","Unfall 219117 (2024) Kat:3, Licht: 0","219117","3","1","0","05","13","5","","0","0","1","0","0"
"POINT (11.459064833000070 48.146078994000050)","Unfall 219120 (2024) Kat:3, Licht: 0","219120","3","3","5","05","07","5","","0","0","1","0","0"
"POINT (11.526555721000022 48.187436082000033)","Unfall 219121 (2024) Kat:3, Licht: 0","219121","3","6","4","05","08","5","","0","0","1","0","0"
"POINT (11.511606491000066 48.158238088000076)","Unfall 219122 (2024) Kat:3, Licht: 0","219122","3","3","6","05","13","5","","0","0","0","1","0"
"POINT (11.562228098000048 48.157145524000043)","Unfall 219123 (2024) Kat:3, Licht: 0","219123","3","2","4","05","15","5","","0","1","1","0","0"
"POINT (11.521331814000064 48.138021284000047)","Unfall 219124 (2024) Kat:3, Licht: 0","219124","3","7","0","05","14","5","","0","0","0","0","0"
"POINT (11.520386555000073 48.132801486000062)","Unfall 219126 (2024) Kat:3, Licht: 0","219126","3","7","6","05","15","5","","0","1","0","1","0"
"POINT (11.647027465000065 48.130352797000057)","Unfall 219127 (2024) Kat:3, Licht: 0","219127","3","2","5","05","16","5","","0","1","1","0","0"
"POINT (11.602907326000036 48.123374819000048)","Unfall 219128 (2024) Kat:3, Licht: 0","219128","3","4","6","05","13","5","","0","0","1","1","0"
"POINT (11.584797668000022 48.120442027000081)","Unfall 219129 (2024) Kat:3, Licht: 0","219129","3","3","4","05","16","5","","0","1","1","0","0"
"POINT (11.537337635000029 48.116872580000063)","Unfall 219130 (2024) Kat:3, Licht: 0","219130","3","2","5","05","17","5","","0","1","1","0","0"
"POINT (11.553198270000053 48.124701033000065)","Unfall 219131 (2024) Kat:3, Licht: 0","219131","3","4","6","05","15","5","","0","1","0","1","0"
"POINT (11.578292126000065 48.137424895000038)","Unfall 219132 (2024) Kat:3, Licht: 0","219132","3","6","2","05","10","5","","0","1","0","0","0"
"POINT (11.502607511000065 48.119901356000071)","Unfall 219145 (2024) Kat:3, Licht: 2","219145","3","3","6","05","21","7","","2","0","1","1","0"
"POINT (11.573130471000070 48.146135537000077)","Unfall 219194 (2024) Kat:3, Licht: 0","219194","3","6","0","05","09","4","","0","1","0","0","1"
"POINT (11.606290210000054 48.120803090000038)","Unfall 219195 (2024) Kat:2, Licht: 2","219195","2","4","6","05","01","4","","2","0","1","1","0"
"POINT (11.575562657000035 48.184387378000054)","Unfall 219196 (2024) Kat:3, Licht: 0","219196","3","7","0","05","08","4","","0","1","0","0","0"
"POINT (11.539416835000054 48.131532501000038)","Unfall 219197 (2024) Kat:3, Licht: 0","219197","3","3","5","05","13","4","","0","0","0","0","1"
"POINT (11.537537792000023 48.137090180000030)","Unfall 219198 (2024) Kat:3, Licht: 0","219198","3","1","5","05","08","4","","0","0","1","0","0"
"POINT (11.553876799000022 48.154161084000066)","Unfall 219199 (2024) Kat:3, Licht: 0","219199","3","2","5","05","14","4","","0","1","1","0","0"
"POINT (11.536867075000032 48.166864628000042)","Unfall 219200 (2024) Kat:3, Licht: 0","219200","3","3","5","05","06","4","","0","0","1","0","1"
"POINT (11.537829307000038 48.166020894000042)","Unfall 219201 (2024) Kat:3, Licht: 0","219201","3","2","3","05","06","4","","0","0","0","0","0"
"POINT (11.692043128000023 48.140071638000052)","Unfall 219202 (2024) Kat:2, Licht: 0","219202","2","3","5","05","12","4","","0","1","1","0","0"
"POINT (11.630188749000069 48.166079131000060)","Unfall 219203 (2024) Kat:3, Licht: 0","219203","3","5","1","05","14","4","","0","0","1","0","0"
"POINT (11.600356707000060 48.119585943000061)","Unfall 219204 (2024) Kat:3, Licht: 0","219204","3","1","0","05","16","4","","0","0","0","0","1"
"POINT (11.563063602000057 48.131717100000060)","Unfall 219205 (2024) Kat:3, Licht: 0","219205","3","3","5","05","15","4","","0","1","0","0","1"
"POINT (11.574131930000021 48.129418338000050)","Unfall 219206 (2024) Kat:3, Licht: 0","219206","3","7","0","05","12","4","","0","1","1","0","0"
"POINT (11.585272257000042 48.158989474000066)","Unfall 219207 (2024) Kat:3, Licht: 0","219207","3","5","2","05","17","4","","0","0","1","0","1"
"POINT (11.519619242000033 48.077403106000077)","Unfall 219273 (2024) Kat:3, Licht: 0","219273","3","5","0","05","10","7","","0","1","1","0","0"
"POINT (11.625462093000067 48.148029540000039)","Unfall 219279 (2024) Kat:3, Licht: 0","219279","3","3","5","05","14","3","","0","1","1","0","0"
"POINT (11.557935763000046 48.139278707000074)","Unfall 219281 (2024) Kat:3, Licht: 0","219281","3","2","5","05","17","3","","0","0","1","0","0"
"POINT (11.411862985000027 48.133545313000070)","Unfall 219282 (2024) Kat:3, Licht: 2","219282","3","1","9","05","20","3","","2","0","1","0","0"
"POINT (11.580374918000075 48.184199472000046)","Unfall 219284 (2024) Kat:3, Licht: 0","219284","3","7","1","05","09","3","","0","1","1","0","0"
"POINT (11.621219337000070 48.196596459000034)","Unfall 219285 (2024) Kat:3, Licht: 0","219285","3","3","0","05","08","3","","0","1","1","0","0"
"POINT (11.572881196000026 48.184377736000044)","Unfall 219286 (2024) Kat:3, Licht: 0","219286","3","7","0","05","06","3","","0","1","0","0","0"
"POINT (11.466750658000024 48.153766012000062)","Unfall 219287 (2024) Kat:3, Licht: 0","219287","3","2","5","05","15","3","","0","0","1","0","0"
"POINT (11.412841281000055 48.137444079000034)","Unfall 219288 (2024) Kat:3, Licht: 0","219288","3","3","5","05","06","3","","0","0","1","0","0"
"POINT (11.511598999000057 48.160672425000030)","Unfall 219289 (2024) Kat:3, Licht: 0","219289","3","3","0","05","19","3","","0","1","0","0","0"
"POINT (11.536588857000027 48.151828090000038)","Unfall 219290 (2024) Kat:3, Licht: 0","219290","3","2","6","05","11","3","","0","1","1","1","0"
"POINT (11.502665856000021 48.121942423000064)","Unfall 219292 (2024) Kat:3, Licht: 0","219292","3","1","0","05","17","3","","0","1","0","0","0"
"POINT (11.491786632000071 48.137977044000081)","Unfall 219293 (2024) Kat:3, Licht: 0","219293","3","3","5","05","08","3","","0","1","1","0","0"
"POINT (11.529116615000021 48.099961863000033)","Unfall 219294 (2024) Kat:3, Licht: 0","219294","3","6","2","05","11","3","","0","0","1","0","0"
"POINT (11.514788796000062 48.074136941000063)","Unfall 219295 (2024) Kat:2, Licht: 0","219295","2","3","5","05","13","3","","0","1","1","0","0"
"POINT (11.671989516000053 48.122743661000072)","Unfall 219296 (2024) Kat:3, Licht: 0","219296","3","7","6","05","16","3","","0","1","0","1","0"
"POINT (11.644470763000072 48.096974923000062)","Unfall 219300 (2024) Kat:3, Licht: 0","219300","3","2","3","05","14","3","","0","1","1","0","0"
"POINT (11.654807365000067 48.125948322000056)","Unfall 219301 (2024) Kat:3, Licht: 0","219301","3","2","3","05","08","3","","0","1","1","0","0"
"POINT (11.559333334000030 48.099966709000057)","Unfall 219302 (2024) Kat:3, Licht: 0","219302","3","6","2","05","18","3","","0","1","1","0","0"
"POINT (11.529116988000055 48.099962999000070)","Unfall 219303 (2024) Kat:3, Licht: 0","219303","3","3","5","05","07","3","","0","1","1","0","0"
"POINT (11.549188503000039 48.112194810000062)","Unfall 219304 (2024) Kat:3, Licht: 0","219304","3","6","1","05","10","3","","0","0","1","0","0"
"POINT (11.557906750000029 48.139274802000045)","Unfall 219305 (2024) Kat:3, Licht: 1","219305","3","7","0","05","05","3","","1","1","1","0","0"
"POINT (11.542211674000043 48.137749214000053)","Unfall 219306 (2024) Kat:3, Licht: 0","219306","3","3","5","05","07","3","","0","1","1","0","0"
"POINT (11.555905076000045 48.128359705000037)","Unfall 219307 (2024) Kat:3, Licht: 0","219307","3","6","3","05","08","3","","0","1","1","0","0"
"POINT (11.594269381000061 48.164683558000036)","Unfall 219308 (2024) Kat:3, Licht: 0","219308","3","3","2","05","17","3","","0","1","0","0","0"
"POINT (11.568971870000041 48.142377924000073)","Unfall 219309 (2024) Kat:3, Licht: 2","219309","3","7","0","05","01","3","","2","1","0","0","0"
"POINT (11.585785623000049 48.143870249000031)","Unfall 219310 (2024) Kat:3, Licht: 0","219310","3","6","2","05","11","3","","0","0","1","0","1"
"POINT (11.572813250000024 48.150319354000032)","Unfall 219311 (2024) Kat:3, Licht: 0","219311","3","5","8","05","08","3","","0","1","1","0","0"
"POINT (11.560929891000058 48.136427960000049)","Unfall 219312 (2024) Kat:3, Licht: 0","219312","3","4","6","05","14","3","","0","0","1","1","0"
"POINT (11.676826035000033 48.080824511000060)","Unfall 219390 (2024) Kat:3, Licht: 0","219390","3","5","1","05","07","2","","0","1","1","1","0"
"POINT (11.459656328000051 48.149057189000075)","Unfall 219393 (2024) Kat:3, Licht: 0","219393","3","2","6","05","15","2","","0","0","0","1","0"
"POINT (11.475834459000055 48.151759996000067)","Unfall 219396 (2024) Kat:3, Licht: 0","219396","3","2","6","05","10","2","","0","0","1","1","0"
"POINT (11.541240545000051 48.145106608000049)","Unfall 219397 (2024) Kat:3, Licht: 0","219397","3","6","2","05","15","2","","0","0","1","0","0"
"POINT (11.618908507000071 48.148679776000051)","Unfall 219400 (2024) Kat:3, Licht: 0","219400","3","2","4","05","16","2","","0","1","1","0","0"
"POINT (11.608164479000038 48.137703339000041)","Unfall 219401 (2024) Kat:3, Licht: 0","219401","3","3","5","05","11","2","","0","0","1","0","0"
"POINT (11.639666733000070 48.109184619000075)","Unfall 219402 (2024) Kat:3, Licht: 0","219402","3","6","2","05","16","2","","0","0","1","0","0"
"POINT (11.603243161000023 48.150678675000051)","Unfall 219404 (2024) Kat:3, Licht: 0","219404","3","6","4","05","12","2","","0","1","1","0","0"
"POINT (11.559944563000045 48.123103458000060)","Unfall 219405 (2024) Kat:3, Licht: 0","219405","3","4","6","05","13","2","","0","0","1","1","0"
"POINT (11.566369077000047 48.167792749000057)","Unfall 219406 (2024) Kat:3, Licht: 0","219406","3","1","0","05","16","2","","0","1","0","0","0"
"POINT (11.593977303000031 48.161946830000034)","Unfall 219407 (2024) Kat:3, Licht: 0","219407","3","3","5","05","12","2","","0","1","1","0","0"
"POINT (11.559498310000038 48.141604737000080)","Unfall 219408 (2024) Kat:3, Licht: 0","219408","3","7","0","05","09","2","","0","0","1","0","0"
"POINT (11.594416170000045 48.102009673000055)","Unfall 219478 (2024) Kat:2, Licht: 0","219478","2","7","5","05","16","1","","0","1","1","0","0"
"POINT (11.613885121000067 48.208491182000046)","Unfall 219479 (2024) Kat:3, Licht: 0","219479","3","6","4","05","13","1","","0","1","1","0","0"
"POINT (11.426136005000046 48.138898701000073)","Unfall 219480 (2024) Kat:3, Licht: 0","219480","3","7","0","05","15","1","","0","1","0","0","0"
"POINT (11.476074731000040 48.125633489000052)","Unfall 219481 (2024) Kat:3, Licht: 0","219481","3","6","3","05","18","1","","0","1","1","0","0"
"POINT (11.545326375000059 48.115842638000061)","Unfall 219482 (2024) Kat:3, Licht: 0","219482","3","7","5","05","17","1","","0","1","1","0","0"
"POINT (11.541104269000073 48.124534091000044)","Unfall 219483 (2024) Kat:3, Licht: 0","219483","3","6","3","05","18","1","","0","0","1","0","1"
"POINT (11.489819761000035 48.181617777000042)","Unfall 219485 (2024) Kat:3, Licht: 0","219485","3","5","1","05","12","2","","0","0","1","0","0"
"POINT (11.697104034000063 48.131525304000036)","Unfall 219525 (2024) Kat:3, Licht: 0","219525","3","3","5","05","19","2","","0","1","1","0","0"
"POINT (11.576108039000076 48.152901648000068)","Unfall 219526 (2024) Kat:3, Licht: 0","219526","3","7","1","05","19","6","","0","1","1","0","0"
"POINT (11.572510676000036 48.141679285000066)","Unfall 219548 (2024) Kat:3, Licht: 2","219548","3","4","6","05","23","7","","2","0","1","1","0"
"POINT (11.590337994000038 48.160975066000049)","Unfall 219550 (2024) Kat:3, Licht: 0","219550","3","6","4","05","18","7","","0","1","1","0","0"
"POINT (11.584176627000033 48.133266753000044)","Unfall 219551 (2024) Kat:3, Licht: 0","219551","3","4","6","05","15","7","","0","0","1","1","0"
"POINT (11.621058134000066 48.185865305000050)","Unfall 219553 (2024) Kat:3, Licht: 0","219553","3","7","0","05","13","7","","0","1","0","0","0"
"POINT (11.556046299000059 48.210335453000027)","Unfall 219554 (2024) Kat:3, Licht: 2","219554","3","1","8","05","21","7","","2","0","0","0","0"
"POINT (11.537385001000075 48.200013398000067)","Unfall 219555 (2024) Kat:3, Licht: 0","219555","3","7","6","05","18","7","","0","1","0","1","0"
"POINT (11.566053804000035 48.187077437000028)","Unfall 219556 (2024) Kat:3, Licht: 1","219556","3","3","5","05","20","7","","1","0","1","0","0"
"POINT (11.552798353000071 48.149194322000028)","Unfall 219557 (2024) Kat:2, Licht: 0","219557","2","4","6","05","08","7","","0","0","1","1","0"
"POINT (11.653731088000029 48.133414147000053)","Unfall 219562 (2024) Kat:3, Licht: 0","219562","3","7","0","05","13","7","","0","0","0","0","0"
"POINT (11.570593620000068 48.116827681000075)","Unfall 219564 (2024) Kat:3, Licht: 0","219564","3","1","0","05","19","7","","0","1","0","0","0"
"POINT (11.629625188000034 48.153606992000050)","Unfall 219566 (2024) Kat:3, Licht: 0","219566","3","2","3","05","10","7","","0","1","1","0","0"
"POINT (11.585429134000037 48.121180167000034)","Unfall 219567 (2024) Kat:3, Licht: 0","219567","3","3","0","05","18","7","","0","1","1","0","0"
"POINT (11.593659943000034 48.152287282000032)","Unfall 219568 (2024) Kat:3, Licht: 0","219568","3","1","0","05","13","7","","0","1","0","0","0"
"POINT (11.586647105000054 48.135090680000076)","Unfall 219569 (2024) Kat:3, Licht: 2","219569","3","4","6","05","22","7","","2","0","1","1","0"
"POINT (11.504371191000075 48.094290533000049)","Unfall 219644 (2024) Kat:3, Licht: 0","219644","3","3","5","05","09","6","","0","1","1","0","0"
"POINT (11.564979087000040 48.167900084000053)","Unfall 219645 (2024) Kat:3, Licht: 0","219645","3","7","5","05","15","6","","0","0","1","0","0"
"POINT (11.581977703000064 48.141365713000027)","Unfall 219646 (2024) Kat:3, Licht: 0","219646","3","6","4","05","07","6","","0","1","0","0","0"
"POINT (11.540349390000074 48.213898487000051)","Unfall 219648 (2024) Kat:3, Licht: 0","219648","3","7","0","05","16","6","","0","1","0","0","0"
"POINT (11.567316640000058 48.181672515000059)","Unfall 219649 (2024) Kat:3, Licht: 0","219649","3","7","0","05","13","6","","0","1","1","0","0"
"POINT (11.534421288000033 48.169041818000039)","Unfall 219650 (2024) Kat:3, Licht: 0","219650","3","2","5","05","07","6","","0","1","1","0","0"
"POINT (11.553403644000070 48.183661554000025)","Unfall 219651 (2024) Kat:3, Licht: 0","219651","3","2","8","05","13","6","","0","0","0","0","1"
"POINT (11.529825505000076 48.217844562000039)","Unfall 219652 (2024) Kat:3, Licht: 0","219652","3","2","5","05","12","6","","0","0","1","0","0"
"POINT (11.531153215000074 48.137008309000066)","Unfall 219653 (2024) Kat:2, Licht: 0","219653","2","6","2","05","16","6","","0","1","0","0","0"
"POINT (11.550917787000060 48.148989941000082)","Unfall 219654 (2024) Kat:3, Licht: 0","219654","3","6","0","05","10","6","","0","1","0","0","0"
"POINT (11.515866133000031 48.113335874000029)","Unfall 219655 (2024) Kat:3, Licht: 0","219655","3","3","5","05","16","6","","0","1","0","0","0"
"POINT (11.479519083000071 48.125678671000060)","Unfall 219656 (2024) Kat:3, Licht: 0","219656","3","6","8","05","15","6","","0","0","1","0","0"
"POINT (11.572558936000064 48.090991948000067)","Unfall 219658 (2024) Kat:3, Licht: 0","219658","3","3","5","05","18","6","","0","1","1","0","0"
"POINT (11.582097840000074 48.113364255000079)","Unfall 219659 (2024) Kat:3, Licht: 2","219659","3","4","6","05","21","6","","2","0","1","1","0"
"POINT (11.599746189000030 48.148803405000081)","Unfall 219660 (2024) Kat:3, Licht: 0","219660","3","6","2","05","13","6","","0","1","0","0","0"
"POINT (11.548478574000058 48.112137247000078)","Unfall 219661 (2024) Kat:3, Licht: 0","219661","3","4","6","05","18","6","","0","0","1","1","0"
"POINT (11.555320439000070 48.139155254000059)","Unfall 219738 (2024) Kat:3, Licht: 2","219738","3","7","3","05","02","5","","2","0","1","0","0"
"POINT (11.509808858000042 48.083446183000035)","Unfall 219739 (2024) Kat:2, Licht: 0","219739","2","4","6","05","09","5","","0","0","1","1","0"
"POINT (11.565687967000031 48.188883367000074)","Unfall 219740 (2024) Kat:3, Licht: 0","219740","3","3","5","05","19","5","","0","0","1","0","0"
"POINT (11.463846088000025 48.166406619000043)","Unfall 219742 (2024) Kat:3, Licht: 0","219742","3","6","2","05","18","5","","0","1","1","0","0"