WKT,Name,OBJECTID,UKATEGORIE,UTYP1,UART,UMONAT,USTUNDE,UWOCHENTAG,STRZUSTAND,ULICHTVERH,ISTRAD,ISTPKW,ISTFUSS,ISTKRAD
"POINT (11.519628385000033 48.113478716000031)","Unfall 220872 (2024) Kat:3, Licht: 0","220872","3","3","5","05","15","3","","0","0","1","0","0"
"POINT (11.566833626000061 48.147941332000073)","Unfall 220873 (2024) Kat:3, Licht: 0","220873","3","6","2","05","17","3","","0","0","1","0","0"
"POINT (11.570303885000044 48.140684350000072)","Unfall 220874 (2024) Kat:3, Licht: 0","220874","3","5","2","05","12","3","","0","1","1","0","0"
"POINT (11.583410370000024 48.142117492000068)","Unfall 220885 (2024) Kat:2, Licht: 2","220885","2","7","6","06","23","6","","2","0","1","1","0"
"POINT (11.528350356000033 48.152060084000027)","Unfall 220887 (2024) Kat:3, Licht: 0","220887","3","2","5","06","10","6","","0","0","1","0","0"
"POINT (11.596936726000024 48.105082281000080)","Unfall 220888 (2024) Kat:3, Licht: 0","220888","3","3","5","06","20","6","","0","0","1","0","0"
"POINT (11.581561192000038 48.097142636000058)","Unfall 220889 (2024) Kat:3, Licht: 0","220889","3","4","6","06","14","6","","0","0","1","1","0"
"POINT (11.602231128000028 48.115746828000056)","Unfall 220890 (2024) Kat:3, Licht: 0","220890","3","3","5","06","16","6","","0","0","1","0","0"
"POINT (11.611663985000064 48.199618484000041)","Unfall 220891 (2024) Kat:3, Licht: 2","220891","3","2","6","06","21","6","","2","0","1","1","0"
"POINT (11.577524746000051 48.181399896000073)","Unfall 220892 (2024) Kat:3, Licht: 0","220892","3","3","5","06","17","6","","0","0","1","0","1"
"POINT (11.470646434000059 48.145531569000070)","Unfall 220894 (2024) Kat:3, Licht: 0","220894","3","1","0","06","08","6","","0","0","0","0","0"
"POINT (11.522034823000070 48.175858987000026)","Unfall 220895 (2024) Kat:3, Licht: 0","220895","3","2","5","06","14","6","","0","1","1","0","0"
"POINT (11.536392842000055 48.214357065000058)","Unfall 220896 (2024) Kat:3, Licht: 0","220896","3","3","5","06","13","6","","0","1","0","0","0"
"POINT (11.561924106000049 48.161174456000026)","Unfall 220897 (2024) Kat:3, Licht: 0","220897","3","2","4","06","06","6","","0","0","1","0","1"
"POINT (11.422068750000051 48.141479432000040)","Unfall 220898 (2024) Kat:3, Licht: 2","220898","3","1","0","06","22","6","","2","0","0","0","0"
"POINT (11.674107036000066 48.143825363000076)","Unfall 220901 (2024) Kat:3, Licht: 0","220901","3","3","5","06","12","6","","0","1","1","0","0"
"POINT (11.631164230000024 48.120291444000031)","Unfall 220902 (2024) Kat:3, Licht: 0","220902","3","3","5","06","19","6","","0","0","1","0","0"
"POINT (11.571486406000076 48.121127811000065)","Unfall 220903 (2024) Kat:3, Licht: 0","220903","3","1","0","06","08","6","","0","1","0","0","0"
"POINT (11.556385854000041 48.141985442000077)","Unfall 220904 (2024) Kat:3, Licht: 0","220904","3","2","6","06","18","6","","0","0","1","1","0"
"POINT (11.580418785000063 48.149012933000051)","Unfall 220905 (2024) Kat:3, Licht: 0","220905","3","2","6","06","13","6","","0","0","1","1","0"
"POINT (11.563125166000077 48.148982323000041)","Unfall 220906 (2024) Kat:3, Licht: 0","220906","3","6","4","06","10","6","","0","1","0","0","0"
"POINT (11.568592252000030 48.153196123000043)","Unfall 220907 (2024) Kat:2, Licht: 0","220907","2","1","0","06","13","6","","0","1","1","0","0"
"POINT (11.573307297000042 48.151016830000060)","Unfall 220908 (2024) Kat:3, Licht: 0","220908","3","2","5","06","15","6","","0","1","0","0","0"
"POINT (11.465555064000057 48.147020390000080)","Unfall 220976 (2024) Kat:3, Licht: 0","220976","3","6","2","06","08","5","","0","0","1","0","0"
"POINT (11.470824826000069 48.145388635000074)","Unfall 220977 (2024) Kat:3, Licht: 0","220977","3","5","1","06","19","5","","0","1","1","0","0"
"POINT (11.548131976000036 48.157743221000032)","Unfall 220978 (2024) Kat:3, Licht: 0","220978","3","1","0","06","16","5","","0","1","0","0","0"
"POINT (11.535473917000047 48.168198684000060)","Unfall 220979 (2024) Kat:3, Licht: 0","220979","3","6","3","06","14","5","","0","0","1","0","1"
"POINT (11.503127496000047 48.103539820000037)","Unfall 220980 (2024) Kat:3, Licht: 0","220980","3","7","0","06","20","5","","0","0","1","0","1"
"POINT (11.503023749000022 48.139695097000072)","Unfall 220981 (2024) Kat:3, Licht: 0","220981","3","2","5","06","19","5","","0","0","1","0","0"
"POINT (11.493854047000070 48.134274046000030)","Unfall 220982 (2024) Kat:3, Licht: 0","220982","3","7","1","06","18","5","","0","1","1","0","0"
"POINT (11.493980115000056 48.134258052000064)","Unfall 220983 (2024) Kat:3, Licht: 0","220983","3","5","1","06","19","5","","0","1","1","0","0"
"POINT (11.536185758000045 48.100238216000037)","Unfall 220984 (2024) Kat:3, Licht: 0","220984","3","4","6","06","16","5","","0","1","0","1","0"
"POINT (11.505594598000073 48.090870148000079)","Unfall 220985 (2024) Kat:3, Licht: 0","220985","3","5","1","06","12","5","","0","0","1","0","0"
"POINT (11.582591465000064 48.114210446000072)","Unfall 220986 (2024) Kat:3, Licht: 0","220986","3","6","6","06","18","5","","0","1","0","1","0"
"POINT (11.581062916000064 48.097871236000060)","Unfall 220990 (2024) Kat:3, Licht: 0","220990","3","2","5","06","18","5","","0","0","1","0","0"
"POINT (11.605568714000071 48.103750707000074)","Unfall 220991 (2024) Kat:3, Licht: 0","220991","3","7","6","06","13","5","","0","1","0","1","0"
"POINT (11.645548261000044 48.156638411000074)","Unfall 220992 (2024) Kat:3, Licht: 0","220992","3","5","1","06","15","5","","0","0","1","0","0"
"POINT (11.643571952000059 48.167942357000072)","Unfall 220993 (2024) Kat:3, Licht: 0","220993","3","2","4","06","15","5","","0","0","1","0","0"
"POINT (11.613986247000071 48.144801709000035)","Unfall 220994 (2024) Kat:3, Licht: 0","220994","3","4","6","06","11","5","","0","0","1","1","0"
"POINT (11.602080214000068 48.120782029000054)","Unfall 220995 (2024) Kat:3, Licht: 0","220995","3","4","6","06","19","5","","0","0","1","1","0"
"POINT (11.569624278000049 48.154780792000054)","Unfall 220996 (2024) Kat:3, Licht: 0","220996","3","3","5","06","17","5","","0","1","0","0","0"
"POINT (11.583450012000071 48.142202209000061)","Unfall 220997 (2024) Kat:2, Licht: 2","220997","2","1","0","06","01","5","","2","0","0","0","0"
"POINT (11.565146834000075 48.135475399000029)","Unfall 220998 (2024) Kat:3, Licht: 0","220998","3","4","6","06","19","5","","0","1","0","1","0"
"POINT (11.549512987000071 48.145753454000044)","Unfall 221057 (2024) Kat:3, Licht: 0","221057","3","7","6","06","18","4","","0","1","1","1","0"
"POINT (11.472872992000077 48.177716738000072)","Unfall 221058 (2024) Kat:2, Licht: 0","221058","2","4","6","06","07","4","","0","0","1","1","0"
"POINT (11.593019358000049 48.162189610000041)","Unfall 221059 (2024) Kat:3, Licht: 1","221059","3","3","5","06","21","4","","1","0","0","0","1"
"POINT (11.441298676000031 48.161605238000050)","Unfall 221060 (2024) Kat:3, Licht: 0","221060","3","7","6","06","17","4","","0","1","0","1","0"
"POINT (11.497432540000034 48.179467818000035)","Unfall 221061 (2024) Kat:3, Licht: 0","221061","3","3","5","06","16","4","","0","1","1","0","0"
"POINT (11.553378594000037 48.175762264000070)","Unfall 221062 (2024) Kat:3, Licht: 0","221062","3","6","6","06","18","4","","0","0","0","1","0"
"POINT (11.532079838000072 48.212938157000053)","Unfall 221063 (2024) Kat:3, Licht: 0","221063","3","3","5","06","09","4","","0","1","1","0","0"
"POINT (11.535617311000067 48.146366817000057)","Unfall 221064 (2024) Kat:3, Licht: 0","221064","3","2","3","06","15","4","","0","1","1","0","0"
"POINT (11.548286574000031 48.158641363000072)","Unfall 221065 (2024) Kat:3, Licht: 0","221065","3","7","0","06","20","4","","0","0","0","0","1"
"POINT (11.522236746000033 48.133928107000031)","Unfall 221066 (2024) Kat:3, Licht: 0","221066","3","6","3","06","07","4","","0","0","1","0","1"
"POINT (11.688681466000048 48.139108356000065)","Unfall 221068 (2024) Kat:2, Licht: 0","221068","2","6","4","06","18","4","","0","1","0","1","0"
"POINT (11.645799830000044 48.120989402000077)","Unfall 221069 (2024) Kat:3, Licht: 0","221069","3","3","0","06","08","4","","0","0","1","0","0"
"POINT (11.711301384000024 48.138172032000057)","Unfall 221070 (2024) Kat:3, Licht: 0","221070","3","2","3","06","09","4","","0","0","1","0","1"
"POINT (11.604089083000076 48.108088612000074)","Unfall 221071 (2024) Kat:2, Licht: 0","221071","2","6","3","06","17","4","","0","1","0","0","0"
"POINT (11.575004707000062 48.090062928000066)","Unfall 221072 (2024) Kat:3, Licht: 0","221072","3","1","0","06","18","4","","0","1","0","0","0"
"POINT (11.628562949000070 48.149060595000037)","Unfall 221073 (2024) Kat:3, Licht: 0","221073","3","7","1","06","16","4","","0","1","1","0","0"
"POINT (11.658951406000028 48.154151650000074)","Unfall 221074 (2024) Kat:3, Licht: 0","221074","3","3","0","06","14","4","","0","1","1","0","0"
"POINT (11.587196622000022 48.128958629000067)","Unfall 221075 (2024) Kat:3, Licht: 0","221075","3","7","0","06","15","4","","0","1","0","0","0"
"POINT (11.592967229000067 48.127060002000064)","Unfall 221076 (2024) Kat:2, Licht: 0","221076","2","1","0","06","18","4","","0","0","0","0","0"
"POINT (11.612281511000049 48.131463145000055)","Unfall 221077 (2024) Kat:2, Licht: 0","221077","2","2","5","06","12","4","","0","1","0","0","0"
"POINT (11.528273334000062 48.130252483000049)","Unfall 221078 (2024) Kat:3, Licht: 0","221078","3","6","2","06","11","4","","0","0","1","0","0"
"POINT (11.561930052000037 48.161140596000052)","Unfall 221079 (2024) Kat:3, Licht: 0","221079","3","2","3","06","20","4","","0","0","0","0","0"
"POINT (11.584348566000074 48.143918996000082)","Unfall 221080 (2024) Kat:3, Licht: 0","221080","3","2","5","06","17","4","","0","1","1","0","0"
"POINT (11.628027961000043 48.087806776000036)","Unfall 221150 (2024) Kat:2, Licht: 0","221150","2","3","5","06","13","3","","0","0","1","0","0"
"POINT (11.603562528000054 48.152306196000040)","Unfall 221151 (2024) Kat:2, Licht: 0","221151","2","4","6","06","09","3","","0","1","0","1","0"
"POINT (11.583159945000034 48.186761046000072)","Unfall 221152 (2024) Kat:3, Licht: 0","221152","3","2","6","06","07","3","","0","0","1","1","0"
"POINT (11.477413153000043 48.151090045000046)","Unfall 221153 (2024) Kat:3, Licht: 0","221153","3","7","1","06","12","3","","0","1","1","0","0"
"POINT (11.528313499000035 48.172446883000077)","Unfall 221154 (2024) Kat:3, Licht: 0","221154","3","2","5","06","16","3","","0","1","1","0","0"
"POINT (11.484998372000064 48.129250114000058)","Unfall 221155 (2024) Kat:3, Licht: 0","221155","3","7","1","06","13","3","","0","0","1","1","0"
"POINT (11.502373347000059 48.109970851000071)","Unfall 221156 (2024) Kat:3, Licht: 0","221156","3","1","0","06","20","3","","0","0","0","0","1"
"POINT (11.533062318000077 48.100025106000032)","Unfall 221157 (2024) Kat:3, Licht: 0","221157","3","2","5","06","17","3","","0","1","1","0","0"
"POINT (11.564276797000048 48.124243109000076)","Unfall 221159 (2024) Kat:2, Licht: 0","221159","2","7","0","06","17","5","","0","1","0","0","0"
"POINT (11.661845688000028 48.122095454000032)","Unfall 221160 (2024) Kat:3, Licht: 0","221160","3","6","2","06","09","3","","0","0","1","0","1"
"POINT (11.595565984000075 48.108686063000050)","Unfall 221161 (2024) Kat:3, Licht: 0","221161","3","2","5","06","08","3","","0","1","1","0","0"
"POINT (11.557577878000075 48.095226529000058)","Unfall 221162 (2024) Kat:3, Licht: 0","221162","3","1","0","06","12","3","","0","1","0","0","0"
"POINT (11.555792918000066 48.128561842000067)","Unfall 221164 (2024) Kat:3, Licht: 0","221164","3","6","0","06","09","3","","0","1","1","0","0"
"POINT (11.591759205000074 48.165893989000040)","Unfall 221165 (2024) Kat:3, Licht: 0","221165","3","7","2","06","13","3","","0","0","1","0","1"
"POINT (11.528476257000023 48.118204202000072)","Unfall 221166 (2024) Kat:3, Licht: 0","221166","3","3","5","06","07","3","","0","1","1","0","0"
"POINT (11.517801307000070 48.119190119000052)","Unfall 221167 (2024) Kat:3, Licht: 0","221167","3","3","5","06","08","3","","0","1","1","0","0"
"POINT (11.545017744000063 48.128417342000034)","Unfall 221168 (2024) Kat:3, Licht: 0","221168","3","7","1","06","20","3","","0","1","1","0","0"
"POINT (11.566703938000046 48.130853254000044)","Unfall 221169 (2024) Kat:3, Licht: 0","221169","3","5","3","06","17","3","","0","0","1","0","0"
"POINT (11.458661322000069 48.164660578000053)","Unfall 221203 (2024) Kat:3, Licht: 0","221203","3","7","0","06","11","4","","0","0","0","0","0"
"POINT (11.579455627000073 48.146827546000054)","Unfall 221249 (2024) Kat:3, Licht: 2","221249","3","2","3","06","21","2","","2","1","1","0","0"
"POINT (11.562735124000028 48.141633412000033)","Unfall 221250 (2024) Kat:3, Licht: 0","221250","3","6","2","06","11","2","","0","0","1","0","0"
"POINT (11.551981988000023 48.185963928000035)","Unfall 221251 (2024) Kat:3, Licht: 0","221251","3","2","5","06","18","2","","0","1","1","0","0"
"POINT (11.626982245000022 48.219892024000046)","Unfall 221252 (2024) Kat:3, Licht: 0","221252","3","7","6","06","12","2","","0","0","1","1","0"
"POINT (11.606188811000038 48.186524548000079)","Unfall 221254 (2024) Kat:3, Licht: 0","221254","3","7","6","06","05","2","","0","1","0","1","0"
"POINT (11.433067033000043 48.163424384000052)","Unfall 221255 (2024) Kat:3, Licht: 0","221255","3","7","7","06","11","2","","0","1","0","0","0"
"POINT (11.512577673000067 48.167031043000065)","Unfall 221256 (2024) Kat:3, Licht: 0","221256","3","7","1","06","19","2","","0","1","1","0","1"
"POINT (11.556979870000077 48.161499568000067)","Unfall 221257 (2024) Kat:3, Licht: 0","221257","3","3","5","06","08","2","","0","0","1","0","0"
"POINT (11.495473541000024 48.136045367000065)","Unfall 221258 (2024) Kat:3, Licht: 0","221258","3","2","5","06","19","2","","0","0","1","1","0"
"POINT (11.525337008000065 48.102254664000043)","Unfall 221259 (2024) Kat:3, Licht: 0","221259","3","3","5","06","08","2","","0","1","1","0","0"
"POINT (11.608523300000058 48.120931267000060)","Unfall 221260 (2024) Kat:3, Licht: 0","221260","3","6","4","06","18","2","","0","1","0","0","0"
"POINT (11.598922669000046 48.124968903000081)","Unfall 221261 (2024) Kat:3, Licht: 0","221261","3","6","3","06","10","2","","0","1","1","0","0"
"POINT (11.550246208000033 48.112293378000061)","Unfall 221262 (2024) Kat:3, Licht: 0","221262","3","7","0","06","18","2","","0","1","0","0","0"
"POINT (11.562619451000046 48.158353114000079)","Unfall 221263 (2024) Kat:3, Licht: 0","221263","3","3","5","06","16","2","","0","0","1","0","0"
"POINT (11.574628029000053 48.163443393000080)","Unfall 221264 (2024) Kat:3, Licht: 0","221264","3","2","6","06","18","2","","0","0","1","1","0"
"POINT (11.546236582000063 48.111960819000046)","Unfall 221334 (2024) Kat:3, Licht: 0","221334","3","6","2","06","16","1","","0","0","1","0","0"
"POINT (11.563215342000035 48.159793647000072)","Unfall 221335 (2024) Kat:3, Licht: 0","221335","3","3","5","06","08","1","","0","0","1","0","0"
"POINT (11.535782154000060 48.212312867000037)","Unfall 221336 (2024) Kat:3, Licht: 0","221336","3","7","1","06","20","1","","0","0","1","0","0"
"POINT (11.643740540000067 48.097166823000066)","Unfall 221337 (2024) Kat:3, Licht: 0","221337","3","1","2","06","18","1","","0","0","1","0","0"
"POINT (11.541651905000037 48.139484290000041)","Unfall 221338 (2024) Kat:3, Licht: 0","221338","3","2","5","06","20","1","","0","1","1","0","0"
"POINT (11.586432882000054 48.162114199000030)","Unfall 221339 (2024) Kat:3, Licht: 2","221339","3","7","6","06","01","1","","2","0","1","1","0"
"POINT (11.574945735000028 48.160340876000078)","Unfall 221340 (2024) Kat:3, Licht: 0","221340","3","1","0","06","19","1","","0","1","0","0","0"
"POINT (11.559794706000048 48.144191666000040)","Unfall 221341 (2024) Kat:3, Licht: 0","221341","3","7","1","06","14","1","","0","1","1","0","0"
"POINT (11.576959161000048 48.139644996000072)","Unfall 221342 (2024) Kat:3, Licht: 0","221342","3","1","0","06","18","1","","0","1","0","1","0"
"POINT (11.398433949000037 48.135691301000065)","Unfall 221390 (2024) Kat:3, Licht: 0","221390","3","6","3","06","18","1","","0","0","1","0","0"
"POINT (11.589729158000068 48.137245629000063)","Unfall 221400 (2024) Kat:3, Licht: 2","221400","3","7","5","06","03","7","","2","1","1","0","0"
"POINT (11.489292964000072 48.178188210000030)","Unfall 221401 (2024) Kat:3, Licht: 0","221401","3","7","0","06","15","7","","0","0","1","0","0"
"POINT (11.566868016000058 48.204808616000037)","Unfall 221403 (2024) Kat:3, Licht: 0","221403","3","7","6","06","09","7","","0","1","0","1","0"
"POINT (11.603387348000069 48.104190500000072)","Unfall 221405 (2024) Kat:3, Licht: 0","221405","3","6","5","06","17","7","","0","1","0","0","0"
"POINT (11.576591093000047 48.112956350000047)","Unfall 221406 (2024) Kat:3, Licht: 0","221406","3","2","5","06","13","7","","0","0","1","0","0"
"POINT (11.536188677000041 48.125861504000056)","Unfall 221407 (2024) Kat:3, Licht: 0","221407","3","2","5","06","10","7","","0","1","1","0","0"
"POINT (11.546408998000061 48.123104540000043)","Unfall 221408 (2024) Kat:3, Licht: 1","221408","3","2","5","06","19","7","","1","0","1","0","1"
"POINT (11.562429657000052 48.131266182000047)","Unfall 221409 (2024) Kat:3, Licht: 0","221409","3","2","5","06","13","7","","0","0","1","0","0"
"POINT (11.570582096000066 48.146883791000050)","Unfall 221410 (2024) Kat:3, Licht: 2","221410","3","4","6","06","01","7","","2","0","1","1","0"
"POINT (11.578213979000054 48.144010954000066)","Unfall 221411 (2024) Kat:3, Licht: 2","221411","3","4","6","06","00","7","","2","1","0","1","0"
"POINT (11.580203222000023 48.139085636000061)","Unfall 221413 (2024) Kat:3, Licht: 0","221413","3","3","5","06","11","7","","0","0","1","0","1"
"POINT (11.566220835000024 48.139827753000077)","Unfall 221414 (2024) Kat:3, Licht: 0","221414","3","7","6","06","14","7","","0","1","0","1","0"
"POINT (11.660662262000073 48.126119521000078)","Unfall 221452 (2024) Kat:3, Licht: 0","221452","3","4","6","06","15","7","","0","1","0","1","0"
"POINT (11.653925030000039 48.124548907000076)","Unfall 221464 (2024) Kat:3, Licht: 2","221464","3","1","1","06","01","6","","2","0","1","0","1"
"POINT (11.596124803000066 48.133224512000027)","Unfall 221465 (2024) Kat:3, Licht: 0","221465","3","4","6","06","19","6","","0","0","1","1","0"
"POINT (11.495461805000048 48.178868017000070)","Unfall 221469 (2024) Kat:3, Licht: 0","221469","3","6","2","06","13","6","","0","0","1","0","0"
"POINT (11.544821734000038 48.175919603000068)","Unfall 221470 (2024) Kat:3, Licht: 2","221470","3","1","0","06","23","6","","2","0","0","0","1"
"POINT (11.539859935000038 48.155380564000041)","Unfall 221471 (2024) Kat:3, Licht: 0","221471","3","2","2","06","09","6","","0","1","1","0","0"
"POINT (11.539792110000064 48.155375453000033)","Unfall 221472 (2024) Kat:3, Licht: 2","221472","3","1","0","06","23","6","","2","0","0","0","0"
"POINT (11.548220420000064 48.159984269000063)","Unfall 221473 (2024) Kat:3, Licht: 0","221473","3","6","6","06","12","6","","0","1","0","1","0"
"POINT (11.506690498000069 48.135447448000036)","Unfall 221474 (2024) Kat:3, Licht: 0","221474","3","3","0","06","18","6","","0","1","1","0","0"
"POINT (11.483912603000022 48.078917115000081)","Unfall 221475 (2024) Kat:3, Licht: 0","221475","3","4","6","06","13","6","","0","0","1","1","0"
"POINT (11.604655220000041 48.105569419000062)","Unfall 221477 (2024) Kat:3, Licht: 2","221477","3","4","6","06","23","6","","2","0","0","1","0"
"POINT (11.549949774000027 48.076627673000075)","Unfall 221479 (2024) Kat:3, Licht: 0","221479","3","1","0","06","13","6","","0","0","1","0","0"
"POINT (11.567606168000054 48.122991915000057)","Unfall 221480 (2024) Kat:3, Licht: 0","221480","3","6","1","06","16","6","","0","0","1","0","0"
"POINT (11.580231751000042 48.127483917000063)","Unfall 221482 (2024) Kat:3, Licht: 2","221482","3","6","4","06","23","6","","2","1","0","0","0"
"POINT (11.547326176000070 48.126658946000077)","Unfall 221483 (2024) Kat:2, Licht: 0","221483","2","7","0","06","08","6","","0","1","0","0","0"
"POINT (11.589122212000063 48.137304374000053)","Unfall 221484 (2024) Kat:3, Licht: 2","221484","3","6","3","06","23","6","","2","1","0","0","0"
"POINT (11.567684809000070 48.140654683000037)","Unfall 221488 (2024) Kat:3, Licht: 1","221488","3","1","0","06","20","1","","1","0","0","0","0"
"POINT (11.580027184000073 48.115607801000067)","Unfall 221539 (2024) Kat:3, Licht: 0","221539","3","1","0","06","18","2","","0","1","0","0","0"
"POINT (11.502208619000044 48.109645556000032)","Unfall 221544 (2024) Kat:2, Licht: 0","221544","2","4","6","06","11","5","","0","1","0","1","0"
"POINT (11.563066672000048 48.139339120000045)","Unfall 221545 (2024) Kat:3, Licht: 0","221545","3","7","3","06","13","5","","0","1","1","0","0"
"POINT (11.557767952000063 48.204394149000052)","Unfall 221546 (2024) Kat:3, Licht: 0","221546","3","3","3","06","19","5","","0","1","1","0","0"
"POINT (11.498161911000068 48.094994569000050)","Unfall 221547 (2024) Kat:3, Licht: 2","221547","3","3","5","06","01","5","","2","0","1","0","0"
"POINT (11.596655949000024 48.104431902000044)","Unfall 221548 (2024) Kat:3, Licht: 0","221548","3","3","5","06","16","5","","0","0","1","0","0"
"POINT (11.578545852000047 48.188919586000054)","Unfall 221550 (2024) Kat:3, Licht: 0","221550","3","7","1","06","09","5","","0","1","1","0","0"
"POINT (11.483707530000061 48.141513083000063)","Unfall 221551 (2024) Kat:3, Licht: 0","221551","3","7","0","06","15","5","","0","0","1","0","0"
"POINT (11.646284508000065 48.102822273000072)","Unfall 221552 (2024) Kat:3, Licht: 0","221552","3","1","0","06","16","5","","0","1","0","0","0"
"POINT (11.458346236000068 48.152361404000033)","Unfall 221553 (2024) Kat:3, Licht: 2","221553","3","7","7","06","22","5","","2","1","0","0","0"
"POINT (11.502266371000076 48.191623488000062)","Unfall 221554 (2024) Kat:3, Licht: 0","221554","3","3","5","06","15","5","","0","1","1","0","0"
"POINT (11.458730063000075 48.148621246000062)","Unfall 221555 (2024) Kat:3, Licht: 0","221555","3","1","1","06","18","6","","0","0","1","0","1"
"POINT (11.576246481000055 48.142890862000058)","Unfall 221556 (2024) Kat:3, Licht: 0","221556","3","6","2","06","08","5","","0","1","0","0","0"
"POINT (11.501304595000022 48.152866644000028)","Unfall 221557 (2024) Kat:3, Licht: 0","221557","3","3","5","06","16","5","","0","0","1","0","0"
"POINT (11.511238789000060 48.155243942000027)","Unfall 221558 (2024) Kat:3, Licht: 0","221558","3","4","1","06","09","5","","0","0","0","1","0"
"POINT (11.478858242000058 48.129355201000067)","Unfall 221559 (2024) Kat:3, Licht: 0","221559","3","2","0","06","13","5","","0","0","0","1","1"
"POINT (11.668718932000047 48.126845465000031)","Unfall 221562 (2024) Kat:3, Licht: 0","221562","3","7","6","06","12","5","","0","0","1","1","0"
"POINT (11.572583021000071 48.111708699000076)","Unfall 221563 (2024) Kat:3, Licht: 0","221563","3","2","3","06","06","5","","0","1","0","0","0"
"POINT (11.599692404000052 48.087031817000081)","Unfall 221564 (2024) Kat:3, Licht: 0","221564","3","3","5","06","16","5","","0","1","1","0","0"
"POINT (11.615769704000058 48.130111949000081)","Unfall 221566 (2024) Kat:3, Licht: 0","221566","3","4","6","06","13","5","","0","0","1","1","0"
"POINT (11.529289778000077 48.109768166000038)","Unfall 221567 (2024) Kat:3, Licht: 0","221567","3","4","6","06","19","5","","0","0","1","1","0"
"POINT (11.583285457000045 48.133436463000066)","Unfall 221569 (2024) Kat:3, Licht: 0","221569","3","5","0","06","16","5","","0","1","1","0","0"
"POINT (11.569363125000052 48.126138070000081)","Unfall 221570 (2024) Kat:3, Licht: 0","221570","3","7","1","06","14","5","","0","1","1","0","0"
"POINT (11.558162898000035 48.146016230000043)","Unfall 221571 (2024) Kat:3, Licht: 0","221571","3","7","3","06","15","5","","0","0","1","0","1"
"POINT (11.568197940000061 48.133735754000043)","Unfall 221572 (2024) Kat:3, Licht: 0","221572","3","2","5","06","10","5","","0","1","1","0","0"
"POINT (11.539286638000021 48.155848569000057)","Unfall 221578 (2024) Kat:3, Licht: 0","221578","3","3","5","06","19","5","","0","1","0","0","1"
"POINT (11.522859275000030 48.134165935000055)","Unfall 221616 (2024) Kat:3, Licht: 0","221616","3","2","5","06","17","7","","0","0","1","1","0"
"POINT (11.586764766000044 48.164180013000077)","Unfall 221640 (2024) Kat:3, Licht: 0","221640","3","2","3","06","18","4","","0","1","0","0","0"
"POINT (11.536737785000071 48.139845235000053)","Unfall 221641 (2024) Kat:3, Licht: 0","221641","3","7","0","06","14","3","","0","1","0","0","0"
"POINT (11.631906609000055 48.155411975000050)","Unfall 221643 (2024) Kat:3, Licht: 0","221643","3","5","1","06","10","4","","0","0","1","0","1"
"POINT (11.507257553000045 48.182465982000053)","Unfall 221644 (2024) Kat:3, Licht: 0","221644","3","2","0","06","11","4","","0","0","0","0","0"
"POINT (11.503225791000034 48.164325730000030)","Unfall 221646 (2024) Kat:2, Licht: 0","221646","2","2","3","06","17","4","","0","1","0","0","0"
"POINT (11.573078063000025 48.181879922000064)","Unfall 221647 (2024) Kat:3, Licht: 0","221647","3","6","2","06","18","4","","0","1","0","0","1"
"POINT (11.498424456000066 48.183798205000073)","Unfall 221648 (2024) Kat:3, Licht: 0","221648","3","6","1","06","14","4","","0","0","0","0","1"
"POINT (11.528942748000077 48.177658095000027)","Unfall 221649 (2024) Kat:3, Licht: 0","221649","3","3","5","06","18","4","","0","1","1","0","0"
"POINT (11.553863148000062 48.214994065000042)","Unfall 221650 (2024) Kat:3, Licht: 0","221650","3","3","2","06","11","4","","0","1","1","0","0"
"POINT (11.536369382000032 48.146141563000072)","Unfall 221651 (2024) Kat:2, Licht: 0","221651","2","2","5","06","18","4","","0","1","1","0","0"
"POINT (11.541080599000054 48.145149051000033)","Unfall 221652 (2024) Kat:3, Licht: 0","221652","3","6","2","06","16","4","","0","0","1","0","0"
"POINT (11.541634089000070 48.153920105000054)","Unfall 221653 (2024) Kat:3, Licht: 0","221653","3","6","2","06","07","4","","0","1","1","0","0"
"POINT (11.491781133000075 48.137961450000034)","Unfall 221654 (2024) Kat:3, Licht: 0","221654","3","3","5","06","12","4","","0","0","1","0","0"
"POINT (11.687628170000039 48.112420762000056)","Unfall 221655 (2024) Kat:3, Licht: 0","221655","3","1","0","06","13","4","","0","1","0","1","0"
"POINT (11.621798265000052 48.126594283000031)","Unfall 221657 (2024) Kat:3, Licht: 0","221657","3","1","0","06","08","4","","0","0","0","0","1"
"POINT (11.639454204000060 48.143998201000045)","Unfall 221658 (2024) Kat:3, Licht: 0","221658","3","7","4","06","09","4","","0","0","1","0","0"
"POINT (11.602415895000036 48.129014008000070)","Unfall 221659 (2024) Kat:3, Licht: 0","221659","3","7","2","06","13","4","","0","0","1","0","0"
"POINT (11.585343419000026 48.129430919000072)","Unfall 221660 (2024) Kat:2, Licht: 0","221660","2","4","6","06","07","4","","0","1","0","1","0"
"POINT (11.597002338000038 48.134259554000039)","Unfall 221661 (2024) Kat:3, Licht: 0","221661","3","4","6","06","17","4","","0","1","0","1","0"
"POINT (11.519895897000026 48.120974090000061)","Unfall 221662 (2024) Kat:3, Licht: 0","221662","3","5","1","06","08","4","","0","1","1","0","0"
"POINT (11.584364403000052 48.159496322000052)","Unfall 221663 (2024) Kat:3, Licht: 0","221663","3","1","4","06","14","4","","0","1","0","0","0"