WKT,Name,OBJECTID,UKATEGORIE,UTYP1,UART,UMONAT,USTUNDE,UWOCHENTAG,STRZUSTAND,ULICHTVERH,ISTRAD,ISTPKW,ISTFUSS,ISTKRAD
"POINT (11.580887550000057 48.159915002000048)","Unfall 221664 (2024) Kat:3, Licht: 0","221664","3","7","4","06","15","4","","0","0","1","0","0"
"POINT (11.664341549000028 48.107908430000066)","Unfall 221694 (2024) Kat:3, Licht: 0","221694","3","3","1","06","20","6","","0","0","1","0","1"
"POINT (11.539574433000041 48.132319159000076)","Unfall 221706 (2024) Kat:3, Licht: 0","221706","3","6","4","06","15","3","","0","0","1","0","1"
"POINT (11.538037554000027 48.139752320000071)","Unfall 221721 (2024) Kat:3, Licht: 0","221721","3","3","0","06","10","3","","0","1","1","0","0"
"POINT (11.594803701000046 48.142606808000039)","Unfall 221722 (2024) Kat:3, Licht: 0","221722","3","7","0","06","16","3","","0","0","1","0","0"
"POINT (11.611329286000057 48.199592325000026)","Unfall 221723 (2024) Kat:3, Licht: 0","221723","3","2","5","06","09","3","","0","1","1","0","0"
"POINT (11.521558932000062 48.176116814000068)","Unfall 221725 (2024) Kat:3, Licht: 0","221725","3","6","2","06","11","3","","0","0","1","0","0"
"POINT (11.475790589000042 48.107861144000026)","Unfall 221726 (2024) Kat:3, Licht: 0","221726","3","3","5","06","09","3","","0","0","1","0","1"
"POINT (11.486561080000058 48.130297301000041)","Unfall 221727 (2024) Kat:3, Licht: 0","221727","3","7","6","06","10","3","","0","0","1","1","0"
"POINT (11.669228900000064 48.139802997000061)","Unfall 221728 (2024) Kat:3, Licht: 0","221728","3","2","5","06","08","3","","0","0","1","0","0"
"POINT (11.641353212000070 48.153818688000058)","Unfall 221729 (2024) Kat:3, Licht: 0","221729","3","1","0","06","15","3","","0","1","0","0","0"
"POINT (11.620342485000037 48.137319139000056)","Unfall 221731 (2024) Kat:2, Licht: 0","221731","2","1","0","06","16","3","","0","1","0","0","0"
"POINT (11.558631797000032 48.132820486000071)","Unfall 221732 (2024) Kat:2, Licht: 0","221732","2","1","0","06","11","3","","0","0","0","0","0"
"POINT (11.589514817000065 48.166983561000052)","Unfall 221733 (2024) Kat:3, Licht: 0","221733","3","7","0","06","09","3","","0","1","0","0","0"
"POINT (11.584944029000042 48.139352783000049)","Unfall 221734 (2024) Kat:3, Licht: 0","221734","3","6","4","06","15","3","","0","1","0","0","0"
"POINT (11.507919495000067 48.078458401000034)","Unfall 221787 (2024) Kat:3, Licht: 0","221787","3","3","5","06","07","2","","0","0","1","0","1"
"POINT (11.460435556000050 48.148417854000058)","Unfall 221788 (2024) Kat:2, Licht: 0","221788","2","7","0","06","10","2","","0","1","0","0","0"
"POINT (11.424292958000024 48.158742847000042)","Unfall 221789 (2024) Kat:3, Licht: 0","221789","3","3","0","06","19","2","","0","1","1","0","0"
"POINT (11.512777724000046 48.184699756000043)","Unfall 221790 (2024) Kat:3, Licht: 0","221790","3","7","0","06","16","2","","0","0","0","0","0"
"POINT (11.509765052000034 48.167378490000033)","Unfall 221791 (2024) Kat:3, Licht: 2","221791","3","3","5","06","22","2","","2","0","1","0","1"
"POINT (11.458401009000056 48.207888743000069)","Unfall 221792 (2024) Kat:3, Licht: 0","221792","3","2","5","06","07","2","","0","0","1","0","0"
"POINT (11.550593671000058 48.219532665000031)","Unfall 221793 (2024) Kat:3, Licht: 0","221793","3","7","1","06","16","2","","0","0","1","0","0"
"POINT (11.476907412000060 48.114317888000073)","Unfall 221794 (2024) Kat:3, Licht: 1","221794","3","1","1","06","20","2","","1","0","1","0","0"
"POINT (11.563819276000061 48.090438673000051)","Unfall 221796 (2024) Kat:3, Licht: 0","221796","3","2","5","06","11","2","","0","1","1","0","0"
"POINT (11.609119180000050 48.136316518000058)","Unfall 221797 (2024) Kat:3, Licht: 0","221797","3","2","4","06","12","2","","0","0","1","0","0"
"POINT (11.558605418000070 48.135901934000060)","Unfall 221798 (2024) Kat:3, Licht: 0","221798","3","7","0","06","18","2","","0","1","0","0","0"
"POINT (11.564696371000025 48.142536109000048)","Unfall 221800 (2024) Kat:3, Licht: 0","221800","3","3","5","06","10","2","","0","1","1","0","0"
"POINT (11.581318013000043 48.150600576000045)","Unfall 221801 (2024) Kat:3, Licht: 0","221801","3","7","0","06","15","2","","0","0","0","0","0"
"POINT (11.565030092000029 48.140937154000028)","Unfall 221863 (2024) Kat:3, Licht: 0","221863","3","7","0","06","15","1","","0","0","1","0","0"
"POINT (11.643497960000047 48.171099648000052)","Unfall 221864 (2024) Kat:3, Licht: 0","221864","3","3","6","06","16","1","","0","0","1","1","0"
"POINT (11.560239365000029 48.174256227000058)","Unfall 221866 (2024) Kat:3, Licht: 0","221866","3","1","0","06","15","1","","0","1","0","0","0"
"POINT (11.521829082000068 48.151087101000030)","Unfall 221867 (2024) Kat:3, Licht: 0","221867","3","3","5","06","06","1","","0","0","1","0","0"
"POINT (11.503077422000047 48.141664947000038)","Unfall 221868 (2024) Kat:3, Licht: 0","221868","3","3","5","06","15","1","","0","1","0","0","0"
"POINT (11.708558310000058 48.109614054000076)","Unfall 221871 (2024) Kat:3, Licht: 0","221871","3","1","9","06","12","1","","0","0","1","0","0"
"POINT (11.565971607000051 48.139638310000066)","Unfall 221872 (2024) Kat:3, Licht: 0","221872","3","3","5","06","16","1","","0","1","1","0","0"
"POINT (11.562774647000026 48.168294302000049)","Unfall 221918 (2024) Kat:3, Licht: 0","221918","3","3","5","06","13","7","","0","1","0","0","0"
"POINT (11.628758101000074 48.133336903000043)","Unfall 221919 (2024) Kat:3, Licht: 0","221919","3","4","6","06","12","7","","0","0","1","1","0"
"POINT (11.605891901000064 48.201049323000063)","Unfall 221922 (2024) Kat:3, Licht: 0","221922","3","7","2","06","12","7","","0","0","1","0","1"
"POINT (11.618496046000075 48.193327321000027)","Unfall 221923 (2024) Kat:3, Licht: 0","221923","3","3","5","06","10","7","","0","1","1","0","0"
"POINT (11.580785892000051 48.187721277000037)","Unfall 221924 (2024) Kat:3, Licht: 0","221924","3","1","8","06","17","7","","0","0","1","0","0"
"POINT (11.473852639000029 48.149532552000039)","Unfall 221925 (2024) Kat:3, Licht: 2","221925","3","7","1","06","00","7","","2","1","1","0","0"
"POINT (11.502477513000031 48.139688316000047)","Unfall 221926 (2024) Kat:3, Licht: 0","221926","3","1","0","06","20","7","","0","1","1","0","0"
"POINT (11.540244731000030 48.100631533000069)","Unfall 221928 (2024) Kat:3, Licht: 0","221928","3","5","0","06","14","7","","0","1","1","0","0"
"POINT (11.586134894000054 48.167301440000074)","Unfall 221930 (2024) Kat:3, Licht: 0","221930","3","3","5","06","08","7","","0","0","0","0","0"
"POINT (11.575348027000075 48.143060614000035)","Unfall 221931 (2024) Kat:3, Licht: 0","221931","3","2","6","06","12","5","","0","0","1","1","0"
"POINT (11.570824980000054 48.093674249000060)","Unfall 221932 (2024) Kat:3, Licht: 0","221932","3","1","7","06","16","7","","0","1","0","0","0"
"POINT (11.597900382000034 48.135641192000037)","Unfall 221933 (2024) Kat:3, Licht: 0","221933","3","6","3","06","14","7","","0","1","0","0","0"
"POINT (11.540520953000055 48.137093965000076)","Unfall 221934 (2024) Kat:3, Licht: 0","221934","3","6","6","06","20","7","","0","1","0","1","0"
"POINT (11.530633538000075 48.136513989000036)","Unfall 221935 (2024) Kat:3, Licht: 2","221935","3","1","0","06","00","7","","2","0","0","0","0"
"POINT (11.567118512000036 48.110307312000032)","Unfall 222008 (2024) Kat:3, Licht: 0","222008","3","7","0","07","12","4","","0","1","0","0","0"
"POINT (11.586341705000052 48.163421550000066)","Unfall 222009 (2024) Kat:3, Licht: 0","222009","3","6","2","07","12","4","","0","1","0","0","0"
"POINT (11.573444036000069 48.097648242000048)","Unfall 222011 (2024) Kat:3, Licht: 0","222011","3","1","0","07","15","4","","0","1","0","0","0"
"POINT (11.599474512000029 48.125316065000050)","Unfall 222012 (2024) Kat:3, Licht: 2","222012","3","7","1","07","00","4","","2","1","1","0","0"
"POINT (11.542037092000044 48.116324976000044)","Unfall 222013 (2024) Kat:3, Licht: 0","222013","3","1","0","07","08","4","","0","0","0","0","0"
"POINT (11.555514936000066 48.132371181000053)","Unfall 222014 (2024) Kat:3, Licht: 1","222014","3","2","3","07","21","4","","1","0","1","0","0"
"POINT (11.587889944000040 48.173395387000028)","Unfall 222015 (2024) Kat:3, Licht: 0","222015","3","3","5","07","19","4","","0","0","1","0","0"
"POINT (11.590464727000040 48.166527254000073)","Unfall 222016 (2024) Kat:3, Licht: 0","222016","3","3","5","07","19","4","","0","1","1","0","0"
"POINT (11.581001884000045 48.149934328000029)","Unfall 222017 (2024) Kat:3, Licht: 2","222017","3","7","1","07","20","4","","2","1","1","0","0"
"POINT (11.584257250000064 48.143933993000076)","Unfall 222018 (2024) Kat:3, Licht: 0","222018","3","6","2","07","19","4","","0","0","1","0","0"
"POINT (11.465091076000022 48.146292901000038)","Unfall 222062 (2024) Kat:2, Licht: 0","222062","2","2","6","07","13","3","","0","0","1","1","0"
"POINT (11.602200492000065 48.186869979000051)","Unfall 222063 (2024) Kat:3, Licht: 0","222063","3","2","5","07","16","3","","0","0","1","0","0"
"POINT (11.612249464000058 48.202252420000036)","Unfall 222064 (2024) Kat:3, Licht: 0","222064","3","7","6","07","14","3","","0","1","0","1","0"
"POINT (11.571713175000070 48.210016198000062)","Unfall 222065 (2024) Kat:2, Licht: 0","222065","2","3","5","07","14","3","","0","1","1","0","0"
"POINT (11.564765181000041 48.198505404000059)","Unfall 222066 (2024) Kat:3, Licht: 0","222066","3","2","6","07","16","3","","0","0","1","1","0"
"POINT (11.546670443000039 48.135710531000029)","Unfall 222067 (2024) Kat:3, Licht: 0","222067","3","3","5","07","13","3","","0","0","1","0","0"
"POINT (11.493259844000022 48.204251571000043)","Unfall 222068 (2024) Kat:3, Licht: 0","222068","3","3","1","07","15","3","","0","1","1","0","0"
"POINT (11.519303355000034 48.215210019000040)","Unfall 222069 (2024) Kat:3, Licht: 2","222069","3","7","0","07","22","3","","2","1","0","0","0"
"POINT (11.531143403000044 48.156675484000061)","Unfall 222070 (2024) Kat:3, Licht: 0","222070","3","1","0","07","07","3","","0","1","0","0","0"
"POINT (11.522905937000075 48.094015101000082)","Unfall 222071 (2024) Kat:3, Licht: 0","222071","3","7","3","07","16","3","","0","1","0","0","0"
"POINT (11.512636828000041 48.094478660000050)","Unfall 222072 (2024) Kat:3, Licht: 0","222072","3","7","6","07","18","3","","0","1","0","1","0"
"POINT (11.660652436000021 48.133431274000031)","Unfall 222074 (2024) Kat:3, Licht: 0","222074","3","3","5","07","11","3","","0","0","1","0","0"
"POINT (11.557154541000045 48.116898794000065)","Unfall 222075 (2024) Kat:3, Licht: 0","222075","3","3","5","07","15","3","","0","1","1","0","0"
"POINT (11.584923189000051 48.148275958000056)","Unfall 222076 (2024) Kat:3, Licht: 0","222076","3","7","0","07","19","3","","0","1","0","0","0"
"POINT (11.569030333000057 48.161214164000057)","Unfall 222129 (2024) Kat:3, Licht: 2","222129","3","7","3","07","22","2","","2","1","1","0","0"
"POINT (11.416507135000074 48.137940189000062)","Unfall 222130 (2024) Kat:2, Licht: 0","222130","2","3","2","07","16","2","","0","1","1","0","0"
"POINT (11.470908368000039 48.182429054000067)","Unfall 222133 (2024) Kat:3, Licht: 0","222133","3","7","0","07","13","2","","0","1","0","0","0"
"POINT (11.532906166000032 48.154955110000060)","Unfall 222134 (2024) Kat:3, Licht: 0","222134","3","6","2","07","06","2","","0","1","1","0","0"
"POINT (11.502828253000075 48.126878487000056)","Unfall 222135 (2024) Kat:3, Licht: 0","222135","3","6","2","07","06","2","","0","0","1","0","0"
"POINT (11.502708863000066 48.128964907000068)","Unfall 222136 (2024) Kat:3, Licht: 0","222136","3","2","5","07","08","2","","0","0","1","0","1"
"POINT (11.536089084000025 48.100228882000067)","Unfall 222138 (2024) Kat:3, Licht: 0","222138","3","1","0","07","19","2","","0","1","0","0","0"
"POINT (11.590302047000023 48.166519322000056)","Unfall 222139 (2024) Kat:3, Licht: 0","222139","3","2","5","07","18","2","","0","1","1","0","0"
"POINT (11.586387005000063 48.163975776000029)","Unfall 222140 (2024) Kat:3, Licht: 0","222140","3","6","1","07","06","2","","0","0","1","0","1"
"POINT (11.566789400000062 48.150386408000031)","Unfall 222141 (2024) Kat:3, Licht: 0","222141","3","3","5","07","12","2","","0","0","1","0","0"
"POINT (11.423297654000066 48.143952024000043)","Unfall 222168 (2024) Kat:3, Licht: 0","222168","3","7","0","07","17","4","","0","0","1","1","0"
"POINT (11.538211229000069 48.203773823000063)","Unfall 222184 (2024) Kat:3, Licht: 0","222184","3","4","6","06","17","1","","0","0","1","1","0"
"POINT (11.643273668000063 48.159899557000074)","Unfall 222186 (2024) Kat:3, Licht: 0","222186","3","7","1","06","17","1","","0","0","1","0","0"
"POINT (11.613215574000037 48.124684564000063)","Unfall 222187 (2024) Kat:3, Licht: 0","222187","3","6","2","06","15","1","","0","0","1","0","0"
"POINT (11.585209793000047 48.158093227000052)","Unfall 222188 (2024) Kat:3, Licht: 0","222188","3","7","0","06","10","1","","0","1","0","0","0"
"POINT (11.587993474000029 48.137399348000031)","Unfall 222189 (2024) Kat:3, Licht: 2","222189","3","3","5","06","01","1","","2","1","1","0","0"
"POINT (11.628987737000045 48.159057181000037)","Unfall 222237 (2024) Kat:1, Licht: 0","222237","1","2","3","06","19","7","","0","0","1","0","0"
"POINT (11.494868932000031 48.178131686000029)","Unfall 222238 (2024) Kat:3, Licht: 0","222238","3","2","0","06","15","7","","0","1","1","0","0"
"POINT (11.611825070000066 48.199700040000039)","Unfall 222239 (2024) Kat:2, Licht: 0","222239","2","6","3","06","11","7","","0","0","1","0","1"
"POINT (11.425382620000050 48.178360776000034)","Unfall 222240 (2024) Kat:2, Licht: 0","222240","2","6","3","06","09","7","","0","1","0","0","1"
"POINT (11.554434120000053 48.122431889000040)","Unfall 222241 (2024) Kat:2, Licht: 2","222241","2","7","0","06","02","7","","2","1","0","0","0"
"POINT (11.569569168000044 48.187258895000070)","Unfall 222242 (2024) Kat:3, Licht: 0","222242","3","3","5","06","11","7","","0","1","1","0","0"
"POINT (11.462907654000048 48.164182291000031)","Unfall 222243 (2024) Kat:2, Licht: 0","222243","2","7","9","06","16","7","","0","0","1","0","0"
"POINT (11.542642558000068 48.186341009000046)","Unfall 222244 (2024) Kat:2, Licht: 2","222244","2","6","3","06","23","7","","2","1","0","0","0"
"POINT (11.557708493000064 48.147783068000081)","Unfall 222245 (2024) Kat:3, Licht: 2","222245","3","7","0","06","02","7","","2","1","0","0","0"
"POINT (11.521624035000059 48.137805945000025)","Unfall 222246 (2024) Kat:3, Licht: 0","222246","3","6","2","06","11","7","","0","0","1","0","0"
"POINT (11.504801475000022 48.133138462000034)","Unfall 222247 (2024) Kat:3, Licht: 1","222247","3","3","5","06","20","7","","1","0","1","0","1"
"POINT (11.592480577000060 48.126536497000075)","Unfall 222251 (2024) Kat:3, Licht: 0","222251","3","4","6","06","16","7","","0","0","1","1","0"
"POINT (11.557367837000072 48.151442389000067)","Unfall 222252 (2024) Kat:3, Licht: 0","222252","3","3","6","06","09","7","","0","0","1","1","0"
"POINT (11.530721896000045 48.111069377000035)","Unfall 222253 (2024) Kat:2, Licht: 0","222253","2","7","0","06","19","7","","0","1","0","0","0"
"POINT (11.548377077000055 48.122229754000045)","Unfall 222254 (2024) Kat:3, Licht: 0","222254","3","3","5","06","20","7","","0","1","1","0","0"
"POINT (11.690113640000050 48.136542066000061)","Unfall 222331 (2024) Kat:3, Licht: 0","222331","3","5","1","06","07","6","","0","0","1","0","0"
"POINT (11.548794292000025 48.143553585000063)","Unfall 222332 (2024) Kat:3, Licht: 0","222332","3","2","3","06","18","6","","0","0","1","0","0"
"POINT (11.553224779000061 48.120629718000032)","Unfall 222333 (2024) Kat:2, Licht: 0","222333","2","1","8","06","10","6","","0","0","0","0","1"
"POINT (11.394519726000055 48.174931088000051)","Unfall 222334 (2024) Kat:2, Licht: 0","222334","2","7","1","06","11","6","","0","1","1","0","0"
"POINT (11.542902761000050 48.214878494000061)","Unfall 222335 (2024) Kat:3, Licht: 0","222335","3","4","6","06","06","6","","0","0","1","1","0"
"POINT (11.581606581000074 48.103518919000066)","Unfall 222336 (2024) Kat:3, Licht: 0","222336","3","2","5","06","09","6","","0","1","1","0","0"
"POINT (11.568752075000077 48.187401637000050)","Unfall 222337 (2024) Kat:3, Licht: 0","222337","3","6","2","06","14","6","","0","0","1","0","0"
"POINT (11.446662631000038 48.175041894000060)","Unfall 222338 (2024) Kat:3, Licht: 1","222338","3","7","0","06","20","6","","1","1","0","0","0"
"POINT (11.456211229000075 48.147056191000047)","Unfall 222339 (2024) Kat:3, Licht: 0","222339","3","2","4","06","20","6","","0","0","1","0","1"
"POINT (11.535462188000054 48.168371881000041)","Unfall 222340 (2024) Kat:3, Licht: 1","222340","3","2","5","06","21","6","","1","1","1","0","0"
"POINT (11.563252129000034 48.208791951000080)","Unfall 222341 (2024) Kat:3, Licht: 2","222341","3","2","5","06","00","6","","2","0","1","0","0"
"POINT (11.553379804000031 48.175763625000059)","Unfall 222342 (2024) Kat:3, Licht: 0","222342","3","1","0","06","18","6","","0","1","0","0","0"
"POINT (11.573042136000026 48.187554268000042)","Unfall 222343 (2024) Kat:3, Licht: 0","222343","3","6","3","06","14","6","","0","0","1","0","1"
"POINT (11.502764709000076 48.131002554000077)","Unfall 222344 (2024) Kat:3, Licht: 0","222344","3","2","5","06","13","6","","0","0","1","0","0"
"POINT (11.708481090000021 48.109418021000067)","Unfall 222346 (2024) Kat:3, Licht: 0","222346","3","5","1","06","20","6","","0","1","1","0","0"
"POINT (11.631022265000070 48.118604707000031)","Unfall 222347 (2024) Kat:3, Licht: 0","222347","3","1","0","06","14","6","","0","0","0","0","0"
"POINT (11.603907809000077 48.128314625000030)","Unfall 222348 (2024) Kat:3, Licht: 0","222348","3","7","0","06","17","6","","0","0","0","0","0"
"POINT (11.546420769000065 48.112049207000041)","Unfall 222349 (2024) Kat:3, Licht: 0","222349","3","7","5","06","12","6","","0","1","1","0","0"
"POINT (11.523078107000060 48.114901124000028)","Unfall 222350 (2024) Kat:3, Licht: 0","222350","3","7","0","06","13","6","","0","1","0","0","0"
"POINT (11.562061288000052 48.136332841000069)","Unfall 222351 (2024) Kat:3, Licht: 0","222351","3","3","2","06","18","6","","0","1","1","0","0"
"POINT (11.568176636000032 48.161168304000057)","Unfall 222352 (2024) Kat:3, Licht: 0","222352","3","7","6","06","20","6","","0","1","0","1","0"
"POINT (11.584924715000056 48.132253050000031)","Unfall 222353 (2024) Kat:3, Licht: 0","222353","3","4","6","06","19","6","","0","0","1","1","0"
"POINT (11.580175262000068 48.137293995000050)","Unfall 222354 (2024) Kat:3, Licht: 0","222354","3","4","0","06","18","6","","0","0","1","1","0"
"POINT (11.565855021000061 48.148953447000054)","Unfall 222392 (2024) Kat:3, Licht: 0","222392","3","7","0","06","14","6","","0","0","1","0","0"
"POINT (11.544808620000026 48.175919515000032)","Unfall 222399 (2024) Kat:3, Licht: 2","222399","3","6","0","07","22","4","","2","0","0","0","0"
"POINT (11.611621223000043 48.136544022000066)","Unfall 222441 (2024) Kat:3, Licht: 0","222441","3","1","0","06","18","5","","0","0","0","0","0"
"POINT (11.590118091000022 48.131145964000041)","Unfall 222442 (2024) Kat:3, Licht: 0","222442","3","6","2","06","17","5","","0","0","1","0","1"
"POINT (11.557610844000067 48.144745570000055)","Unfall 222443 (2024) Kat:3, Licht: 0","222443","3","4","6","06","16","5","","0","0","0","1","0"
"POINT (11.575599035000039 48.181846281000048)","Unfall 222444 (2024) Kat:3, Licht: 2","222444","3","1","8","06","23","5","","2","1","0","0","0"
"POINT (11.469366552000054 48.170319199000062)","Unfall 222445 (2024) Kat:3, Licht: 0","222445","3","3","5","06","15","5","","0","1","1","0","0"
"POINT (11.563283670000033 48.208674181000049)","Unfall 222446 (2024) Kat:3, Licht: 0","222446","3","6","3","06","15","5","","0","0","1","0","1"
"POINT (11.621131339000044 48.191597651000052)","Unfall 222447 (2024) Kat:3, Licht: 0","222447","3","2","5","06","07","5","","0","1","1","0","0"
"POINT (11.576782234000063 48.205249551000065)","Unfall 222448 (2024) Kat:3, Licht: 0","222448","3","4","6","06","18","5","","0","0","1","1","0"
"POINT (11.558968516000050 48.147634047000054)","Unfall 222449 (2024) Kat:3, Licht: 0","222449","3","3","5","06","13","5","","0","1","0","0","0"
"POINT (11.502459074000058 48.120166094000069)","Unfall 222450 (2024) Kat:3, Licht: 0","222450","3","2","5","06","17","5","","0","0","1","0","0"
"POINT (11.502343429000064 48.139692114000070)","Unfall 222451 (2024) Kat:3, Licht: 0","222451","3","1","0","06","13","5","","0","1","0","0","0"
"POINT (11.670746568000027 48.121542465000061)","Unfall 222454 (2024) Kat:3, Licht: 0","222454","3","7","6","06","10","5","","0","0","1","1","0"
"POINT (11.646326406000071 48.108145956000044)","Unfall 222455 (2024) Kat:3, Licht: 0","222455","3","1","2","06","19","5","","0","0","1","0","1"
"POINT (11.567108199000074 48.110086589000048)","Unfall 222456 (2024) Kat:3, Licht: 0","222456","3","1","0","06","21","5","","0","1","0","0","0"
"POINT (11.597195112000065 48.126609607000034)","Unfall 222457 (2024) Kat:3, Licht: 0","222457","3","7","0","06","07","5","","0","1","0","0","0"
"POINT (11.579537656000070 48.125421034000055)","Unfall 222458 (2024) Kat:3, Licht: 0","222458","3","1","1","06","17","5","","0","1","1","0","0"
"POINT (11.535284383000032 48.132474619000050)","Unfall 222459 (2024) Kat:2, Licht: 0","222459","2","7","0","06","15","5","","0","1","1","0","0"
"POINT (11.588729384000032 48.161285982000038)","Unfall 222460 (2024) Kat:3, Licht: 0","222460","3","4","6","06","13","5","","0","1","0","1","0"
"POINT (11.579176734000043 48.176650487000074)","Unfall 222462 (2024) Kat:3, Licht: 0","222462","3","7","6","06","13","5","","0","1","0","1","0"
"POINT (11.569455018000042 48.157497019000061)","Unfall 222463 (2024) Kat:3, Licht: 0","222463","3","5","0","06","14","5","","0","1","1","0","0"
"POINT (11.477525290000074 48.110882070000059)","Unfall 222512 (2024) Kat:3, Licht: 0","222512","3","3","1","06","10","5","","0","1","1","0","0"
"POINT (11.560079005000034 48.130159496000033)","Unfall 222551 (2024) Kat:3, Licht: 0","222551","3","3","5","06","12","4","","0","1","1","0","0"
"POINT (11.608956905000070 48.118065826000077)","Unfall 222552 (2024) Kat:3, Licht: 0","222552","3","6","6","06","07","4","","0","0","0","1","0"
"POINT (11.553702004000058 48.186188339000068)","Unfall 222553 (2024) Kat:3, Licht: 0","222553","3","3","5","06","15","4","","0","0","1","0","1"
"POINT (11.585746139000037 48.188097116000051)","Unfall 222554 (2024) Kat:2, Licht: 0","222554","2","6","4","06","20","4","","0","1","0","0","0"
"POINT (11.571159221000073 48.184486741000057)","Unfall 222555 (2024) Kat:3, Licht: 0","222555","3","3","5","06","16","4","","0","1","1","0","0"
"POINT (11.583558142000072 48.193488999000067)","Unfall 222556 (2024) Kat:3, Licht: 0","222556","3","3","5","06","08","4","","0","1","1","0","0"
"POINT (11.510268474000043 48.163468746000035)","Unfall 222557 (2024) Kat:3, Licht: 0","222557","3","3","5","06","08","4","","0","1","1","0","0"
"POINT (11.558935670000039 48.212988112000062)","Unfall 222558 (2024) Kat:3, Licht: 1","222558","3","1","0","06","16","4","","1","1","0","0","0"
"POINT (11.544184339000026 48.155590972000027)","Unfall 222559 (2024) Kat:3, Licht: 0","222559","3","5","1","06","17","4","","0","1","1","0","0"
"POINT (11.478888432000076 48.129361081000070)","Unfall 222560 (2024) Kat:3, Licht: 0","222560","3","2","5","06","11","4","","0","1","0","0","0"
"POINT (11.640600810000024 48.097968426000079)","Unfall 222561 (2024) Kat:3, Licht: 0","222561","3","6","2","06","15","4","","0","0","1","0","0"
"POINT (11.582712456000024 48.138595805000080)","Unfall 222562 (2024) Kat:3, Licht: 2","222562","3","1","0","06","00","4","","2","1","0","0","0"
"POINT (11.669237388000056 48.139826278000044)","Unfall 222580 (2024) Kat:3, Licht: 0","222580","3","2","0","07","13","4","","0","0","1","0","0"
"POINT (11.628987737000045 48.159057181000037)","Unfall 222603 (2024) Kat:3, Licht: 0","222603","3","2","3","07","14","4","","0","0","1","0","0"
"POINT (11.575517950000062 48.147923049000042)","Unfall 222646 (2024) Kat:3, Licht: 0","222646","3","7","3","06","19","3","","0","1","1","0","0"
"POINT (11.559041092000029 48.132873203000031)","Unfall 222647 (2024) Kat:3, Licht: 0","222647","3","7","3","06","17","3","","0","1","1","0","0"
"POINT (11.621421040000030 48.163434291000044)","Unfall 222648 (2024) Kat:2, Licht: 2","222648","2","4","6","06","03","3","","2","0","1","1","0"
"POINT (11.545688372000029 48.169880595000052)","Unfall 222650 (2024) Kat:3, Licht: 0","222650","3","6","4","06","17","3","","0","1","0","0","0"
"POINT (11.553595870000038 48.154384159000074)","Unfall 222651 (2024) Kat:2, Licht: 0","222651","2","6","3","06","17","3","","0","1","0","0","0"
"POINT (11.539368814000056 48.151393470000073)","Unfall 222652 (2024) Kat:3, Licht: 0","222652","3","2","5","06","19","3","","0","1","1","0","0"
"POINT (11.520744536000052 48.072250283000074)","Unfall 222653 (2024) Kat:3, Licht: 0","222653","3","6","3","06","13","3","","0","1","0","0","0"
"POINT (11.524473284000067 48.102194641000040)","Unfall 222654 (2024) Kat:2, Licht: 0","222654","2","2","5","06","20","3","","0","1","1","0","0"
"POINT (11.507737771000052 48.094385418000059)","Unfall 222655 (2024) Kat:3, Licht: 2","222655","3","3","5","06","22","3","","2","0","1","0","1"
"POINT (11.635454184000025 48.120449365000070)","Unfall 222660 (2024) Kat:2, Licht: 0","222660","2","2","5","06","13","3","","0","1","0","0","0"
"POINT (11.579991247000066 48.127318403000061)","Unfall 222661 (2024) Kat:3, Licht: 0","222661","3","3","5","06","19","3","","0","1","0","0","0"
"POINT (11.502511679000065 48.116121503000045)","Unfall 222662 (2024) Kat:3, Licht: 0","222662","3","6","2","06","16","3","","0","0","1","0","1"
"POINT (11.567417492000061 48.129722433000040)","Unfall 222663 (2024) Kat:3, Licht: 0","222663","3","3","5","06","19","3","","0","1","1","0","0"
"POINT (11.588351639000052 48.154670233000047)","Unfall 222664 (2024) Kat:3, Licht: 0","222664","3","2","3","06","08","3","","0","1","0","0","0"
"POINT (11.586076779000052 48.160207869000033)","Unfall 222665 (2024) Kat:3, Licht: 0","222665","3","1","0","06","21","3","","0","1","0","0","0"
"POINT (11.594515132000026 48.141897264000079)","Unfall 222666 (2024) Kat:3, Licht: 0","222666","3","4","6","06","19","3","","0","0","1","1","0"
"POINT (11.562238718000060 48.157175177000056)","Unfall 222667 (2024) Kat:3, Licht: 2","222667","3","7","0","06","21","3","","2","1","0","0","0"
"POINT (11.571445126000071 48.131311203000053)","Unfall 222668 (2024) Kat:3, Licht: 0","222668","3","4","6","06","17","3","","0","1","0","1","0"
"POINT (11.648178224000048 48.139918287000057)","Unfall 222699 (2024) Kat:3, Licht: 0","222699","3","2","4","06","07","5","","0","1","1","0","0"
"POINT (11.557852158000060 48.096453524000026)","Unfall 222758 (2024) Kat:2, Licht: 0","222758","2","1","0","06","16","2","","0","1","0","0","0"
"POINT (11.571673859000043 48.135139280000033)","Unfall 222759 (2024) Kat:3, Licht: 0","222759","3","3","4","06","09","2","","0","1","1","0","0"
"POINT (11.571623426000031 48.206908313000042)","Unfall 222760 (2024) Kat:3, Licht: 0","222760","3","3","5","06","17","2","","0","1","1","0","0"