WKT,Name,OBJECTID,UKATEGORIE,UTYP1,UART,UMONAT,USTUNDE,UWOCHENTAG,STRZUSTAND,ULICHTVERH,ISTRAD,ISTPKW,ISTFUSS,ISTKRAD
"POINT (11.583914415000038 48.138357214000052)","Unfall 223817 (2024) Kat:3, Licht: 0","223817","3","3","3","07","11","7","","0","1","1","0","1"
"POINT (11.572303306000038 48.177899686000046)","Unfall 223819 (2024) Kat:3, Licht: 0","223819","3","6","2","07","18","7","","0","0","1","0","0"
"POINT (11.408506664000072 48.160801115000027)","Unfall 223821 (2024) Kat:3, Licht: 2","223821","3","7","0","07","21","7","","2","1","0","0","0"
"POINT (11.557839070000057 48.219802514000037)","Unfall 223822 (2024) Kat:3, Licht: 0","223822","3","4","6","07","14","7","","0","0","1","1","0"
"POINT (11.536153931000058 48.153594385000076)","Unfall 223823 (2024) Kat:3, Licht: 0","223823","3","7","0","07","16","7","","0","1","0","0","0"
"POINT (11.604087043000050 48.108258281000076)","Unfall 223825 (2024) Kat:2, Licht: 0","223825","2","4","6","07","14","7","","0","0","1","1","0"
"POINT (11.614772651000067 48.139261838000039)","Unfall 223826 (2024) Kat:3, Licht: 0","223826","3","3","4","07","14","7","","0","1","1","0","0"
"POINT (11.601439938000055 48.140861091000033)","Unfall 223827 (2024) Kat:3, Licht: 0","223827","3","5","1","07","18","7","","0","0","1","0","0"
"POINT (11.597632630000021 48.134958899000026)","Unfall 223828 (2024) Kat:3, Licht: 0","223828","3","5","1","07","11","7","","0","1","1","0","0"
"POINT (11.578394465000031 48.130006626000068)","Unfall 223829 (2024) Kat:3, Licht: 0","223829","3","7","6","07","10","7","","0","0","0","1","0"
"POINT (11.575204108000037 48.160308093000026)","Unfall 223830 (2024) Kat:3, Licht: 0","223830","3","6","3","07","11","7","","0","1","1","0","0"
"POINT (11.566054091000069 48.157497248000027)","Unfall 223831 (2024) Kat:3, Licht: 0","223831","3","7","1","07","10","7","","0","1","1","0","0"
"POINT (11.581649481000056 48.151299005000055)","Unfall 223832 (2024) Kat:3, Licht: 2","223832","3","4","6","07","03","7","","2","0","1","1","0"
"POINT (11.568744237000033 48.148688451000055)","Unfall 223833 (2024) Kat:3, Licht: 2","223833","3","7","7","07","01","7","","2","1","0","0","0"
"POINT (11.553247951000060 48.175616398000045)","Unfall 223837 (2024) Kat:2, Licht: 2","223837","2","7","0","07","22","7","","2","1","0","0","0"
"POINT (11.605737521000037 48.200376145000064)","Unfall 223898 (2024) Kat:3, Licht: 0","223898","3","2","5","07","12","6","","0","0","1","0","0"
"POINT (11.497796541000071 48.183028357000069)","Unfall 223899 (2024) Kat:3, Licht: 0","223899","3","6","4","07","08","6","","0","1","1","0","0"
"POINT (11.505539511000052 48.172028827000076)","Unfall 223901 (2024) Kat:3, Licht: 0","223901","3","3","5","07","11","6","","0","1","1","0","0"
"POINT (11.536307672000021 48.177193199000044)","Unfall 223902 (2024) Kat:3, Licht: 0","223902","3","3","5","07","10","6","","0","1","1","0","0"
"POINT (11.495245174000047 48.134803235000049)","Unfall 223903 (2024) Kat:3, Licht: 2","223903","3","5","1","07","22","6","","2","0","1","0","0"
"POINT (11.504412752000064 48.126570605000040)","Unfall 223904 (2024) Kat:3, Licht: 0","223904","3","7","0","07","18","6","","0","0","1","0","1"
"POINT (11.503096617000040 48.135343726000031)","Unfall 223905 (2024) Kat:3, Licht: 0","223905","3","2","5","07","13","6","","0","0","1","0","0"
"POINT (11.550901078000038 48.078604176000056)","Unfall 223906 (2024) Kat:3, Licht: 0","223906","3","3","5","07","10","6","","0","0","1","0","1"
"POINT (11.572165609000024 48.114199993000057)","Unfall 223908 (2024) Kat:3, Licht: 1","223908","3","1","0","07","22","6","","1","0","0","1","0"
"POINT (11.568741397000053 48.111183501000028)","Unfall 223909 (2024) Kat:3, Licht: 0","223909","3","7","6","07","12","6","","0","0","0","1","0"
"POINT (11.556202713000062 48.142019752000067)","Unfall 223910 (2024) Kat:3, Licht: 0","223910","3","2","3","07","13","6","","0","0","1","0","0"
"POINT (11.407568912000045 48.177373691000071)","Unfall 223911 (2024) Kat:3, Licht: 0","223911","3","7","6","07","14","6","","0","0","1","1","0"
"POINT (11.578475614000070 48.128928158000065)","Unfall 223912 (2024) Kat:3, Licht: 1","223912","3","7","0","07","21","6","","1","1","0","1","0"
"POINT (11.568175819000032 48.133769190000066)","Unfall 223913 (2024) Kat:3, Licht: 0","223913","3","2","5","07","17","6","","0","1","1","0","0"
"POINT (11.587395844000071 48.134603345000073)","Unfall 223914 (2024) Kat:3, Licht: 0","223914","3","6","5","07","14","6","","0","1","0","0","0"
"POINT (11.576792072000046 48.112769914000069)","Unfall 224004 (2024) Kat:2, Licht: 1","224004","2","2","3","07","05","5","","1","0","0","0","0"
"POINT (11.503821032000076 48.136828976000061)","Unfall 224006 (2024) Kat:3, Licht: 0","224006","3","5","1","07","14","5","","0","0","0","0","0"
"POINT (11.645104502000038 48.099047553000048)","Unfall 224008 (2024) Kat:3, Licht: 0","224008","3","7","0","07","15","5","","0","0","1","0","1"
"POINT (11.433821729000044 48.149314328000060)","Unfall 224011 (2024) Kat:3, Licht: 0","224011","3","7","0","07","12","5","","0","1","0","0","0"
"POINT (11.469435452000027 48.145585724000057)","Unfall 224012 (2024) Kat:3, Licht: 0","224012","3","6","4","07","15","5","","0","1","0","0","0"
"POINT (11.423478172000046 48.143567977000032)","Unfall 224013 (2024) Kat:3, Licht: 0","224013","3","3","5","07","12","5","","0","0","1","0","0"
"POINT (11.507089228000041 48.180050978000054)","Unfall 224014 (2024) Kat:3, Licht: 0","224014","3","7","3","07","13","5","","0","1","1","0","0"
"POINT (11.504169489000049 48.172981710000045)","Unfall 224015 (2024) Kat:3, Licht: 0","224015","3","6","0","07","20","5","","0","0","0","1","0"
"POINT (11.556999378000057 48.164165170000047)","Unfall 224017 (2024) Kat:3, Licht: 0","224017","3","7","5","07","18","5","","0","1","0","0","0"
"POINT (11.553183504000060 48.212783042000069)","Unfall 224018 (2024) Kat:3, Licht: 0","224018","3","3","5","07","17","5","","0","1","1","0","0"
"POINT (11.598863680000022 48.114072037000028)","Unfall 224019 (2024) Kat:3, Licht: 0","224019","3","3","5","07","12","5","","0","0","1","0","0"
"POINT (11.608304541000052 48.137736291000067)","Unfall 224020 (2024) Kat:3, Licht: 0","224020","3","7","0","07","16","5","","0","1","0","0","0"
"POINT (11.577766902000064 48.142386866000038)","Unfall 224021 (2024) Kat:3, Licht: 1","224021","3","1","7","07","21","5","","1","1","0","0","0"
"POINT (11.583383555000069 48.132934316000046)","Unfall 224022 (2024) Kat:3, Licht: 0","224022","3","3","5","07","20","5","","0","1","1","0","0"
"POINT (11.490219109000066 48.164705224000045)","Unfall 224027 (2024) Kat:3, Licht: 2","224027","3","6","4","07","23","7","","2","1","0","0","0"
"POINT (11.531284647000064 48.183922520000067)","Unfall 224028 (2024) Kat:3, Licht: 2","224028","3","6","3","07","20","7","","2","1","0","0","0"
"POINT (11.530177995000031 48.182692341000063)","Unfall 224029 (2024) Kat:3, Licht: 0","224029","3","7","0","07","15","7","","0","0","1","0","0"
"POINT (11.572759148000046 48.178106407000030)","Unfall 224030 (2024) Kat:3, Licht: 0","224030","3","2","3","07","12","7","","0","1","1","0","0"
"POINT (11.543658242000049 48.157329000000061)","Unfall 224031 (2024) Kat:3, Licht: 0","224031","3","2","5","07","09","7","","0","0","1","0","0"
"POINT (11.555697956000074 48.159074537000038)","Unfall 224032 (2024) Kat:3, Licht: 0","224032","3","3","5","07","11","7","","0","0","1","0","0"
"POINT (11.657181904000026 48.098869321000052)","Unfall 224036 (2024) Kat:3, Licht: 0","224036","3","1","1","07","13","7","","0","0","1","0","0"
"POINT (11.635035440000024 48.138231208000036)","Unfall 224037 (2024) Kat:3, Licht: 2","224037","3","1","0","07","23","7","","2","1","0","0","0"
"POINT (11.554390437000052 48.137495817000058)","Unfall 224039 (2024) Kat:3, Licht: 2","224039","3","7","0","07","00","7","","2","1","0","0","0"
"POINT (11.576115864000030 48.185056810000049)","Unfall 224104 (2024) Kat:3, Licht: 0","224104","3","1","3","07","17","6","","0","1","0","0","0"
"POINT (11.486998738000068 48.179270613000028)","Unfall 224105 (2024) Kat:3, Licht: 0","224105","3","6","2","07","18","6","","0","0","1","0","0"
"POINT (11.527920596000058 48.169126207000033)","Unfall 224106 (2024) Kat:3, Licht: 0","224106","3","4","6","07","18","6","","0","0","0","1","0"
"POINT (11.529806640000061 48.147138526000049)","Unfall 224107 (2024) Kat:3, Licht: 0","224107","3","6","2","07","08","6","","0","0","1","0","0"
"POINT (11.520559997000021 48.147649150000063)","Unfall 224108 (2024) Kat:3, Licht: 0","224108","3","2","5","07","10","6","","0","1","1","0","0"
"POINT (11.557274353000025 48.157793058000038)","Unfall 224109 (2024) Kat:3, Licht: 0","224109","3","6","2","07","17","6","","0","0","1","0","1"
"POINT (11.546264991000044 48.174971685000060)","Unfall 224110 (2024) Kat:3, Licht: 0","224110","3","7","4","07","07","6","","0","1","0","0","0"
"POINT (11.479265894000036 48.124265942000079)","Unfall 224111 (2024) Kat:3, Licht: 0","224111","3","6","2","07","10","6","","0","0","1","0","0"
"POINT (11.516418323000039 48.132867230000045)","Unfall 224112 (2024) Kat:3, Licht: 0","224112","3","7","0","07","12","6","","0","0","0","0","0"
"POINT (11.520808794000061 48.132940488000031)","Unfall 224113 (2024) Kat:3, Licht: 0","224113","3","7","0","07","07","6","","0","0","0","0","0"
"POINT (11.512390101000051 48.096211885000059)","Unfall 224114 (2024) Kat:3, Licht: 0","224114","3","7","5","07","15","6","","0","0","1","0","0"
"POINT (11.596309409000071 48.123674586000050)","Unfall 224117 (2024) Kat:3, Licht: 0","224117","3","1","0","07","10","6","","0","1","0","0","0"
"POINT (11.557992961000025 48.139169985000080)","Unfall 224118 (2024) Kat:3, Licht: 0","224118","3","3","3","07","16","6","","0","0","1","0","1"
"POINT (11.584446881000076 48.171062138000082)","Unfall 224119 (2024) Kat:3, Licht: 0","224119","3","3","5","07","16","6","","0","0","1","0","1"
"POINT (11.570142622000049 48.143296919000079)","Unfall 224120 (2024) Kat:3, Licht: 2","224120","3","4","6","07","00","6","","2","0","0","1","0"
"POINT (11.572851341000046 48.138878659000056)","Unfall 224121 (2024) Kat:3, Licht: 2","224121","3","1","0","07","01","6","","2","0","0","0","0"
"POINT (11.547239688000047 48.159456060000082)","Unfall 224186 (2024) Kat:3, Licht: 0","224186","3","7","6","07","15","5","","0","0","1","0","0"
"POINT (11.476850651000063 48.113203105000025)","Unfall 224187 (2024) Kat:3, Licht: 2","224187","3","3","5","07","22","5","","2","1","1","0","0"
"POINT (11.620351133000042 48.120409334000044)","Unfall 224188 (2024) Kat:3, Licht: 0","224188","3","2","3","07","07","5","","0","1","1","0","0"
"POINT (11.592140551000057 48.142305659000044)","Unfall 224189 (2024) Kat:3, Licht: 2","224189","3","2","5","07","23","5","","2","1","1","0","0"
"POINT (11.573722903000032 48.201204074000032)","Unfall 224191 (2024) Kat:3, Licht: 0","224191","3","2","5","07","16","5","","0","1","1","0","0"
"POINT (11.561330533000046 48.173170056000060)","Unfall 224192 (2024) Kat:3, Licht: 0","224192","3","4","6","07","17","5","","0","1","0","1","0"
"POINT (11.565299887000037 48.176304732000062)","Unfall 224193 (2024) Kat:3, Licht: 0","224193","3","3","5","07","18","5","","0","1","1","0","0"
"POINT (11.478562735000025 48.129296556000043)","Unfall 224194 (2024) Kat:3, Licht: 0","224194","3","2","5","07","16","5","","0","0","1","0","1"
"POINT (11.667518581000024 48.085819460000039)","Unfall 224198 (2024) Kat:3, Licht: 0","224198","3","6","3","07","11","5","","0","1","1","0","0"
"POINT (11.585403142000075 48.118401800000072)","Unfall 224199 (2024) Kat:3, Licht: 0","224199","3","2","5","07","12","5","","0","1","1","0","0"
"POINT (11.577298975000076 48.113161031000061)","Unfall 224200 (2024) Kat:3, Licht: 0","224200","3","5","1","07","07","5","","0","0","1","0","0"
"POINT (11.657106877000047 48.167900072000066)","Unfall 224201 (2024) Kat:3, Licht: 0","224201","3","7","1","07","10","5","","0","1","0","0","1"
"POINT (11.531401774000074 48.116830824000033)","Unfall 224202 (2024) Kat:3, Licht: 0","224202","3","6","2","07","11","5","","0","0","1","0","0"
"POINT (11.561809754000024 48.137401872000055)","Unfall 224203 (2024) Kat:3, Licht: 0","224203","3","6","3","07","08","5","","0","0","1","0","1"
"POINT (11.580187499000033 48.139120502000026)","Unfall 224204 (2024) Kat:3, Licht: 0","224204","3","2","6","07","16","5","","0","0","0","1","0"
"POINT (11.590865945000075 48.139245596000080)","Unfall 224205 (2024) Kat:3, Licht: 0","224205","3","6","2","07","10","5","","0","0","0","0","1"
"POINT (11.540795859000070 48.125180583000031)","Unfall 224246 (2024) Kat:3, Licht: 0","224246","3","2","5","07","12","5","","0","1","1","0","0"
"POINT (11.568036311000071 48.147604613000055)","Unfall 224278 (2024) Kat:3, Licht: 0","224278","3","3","5","07","18","4","","0","1","1","0","0"
"POINT (11.577140070000041 48.107572284000071)","Unfall 224279 (2024) Kat:3, Licht: 2","224279","3","4","6","07","22","4","","2","0","1","1","0"
"POINT (11.575463741000021 48.134668458000078)","Unfall 224280 (2024) Kat:2, Licht: 2","224280","2","7","0","07","02","4","","2","1","0","0","0"
"POINT (11.462757109000052 48.135751005000031)","Unfall 224281 (2024) Kat:3, Licht: 2","224281","3","7","0","07","03","4","","2","1","0","0","0"
"POINT (11.475157829000068 48.142403815000080)","Unfall 224282 (2024) Kat:3, Licht: 0","224282","3","6","6","07","14","4","","0","1","0","1","0"
"POINT (11.507311393000066 48.164081545000045)","Unfall 224283 (2024) Kat:3, Licht: 0","224283","3","4","6","07","16","4","","0","0","1","1","0"
"POINT (11.550602532000028 48.188747112000044)","Unfall 224284 (2024) Kat:3, Licht: 0","224284","3","3","5","07","16","4","","0","1","1","0","0"
"POINT (11.520072020000043 48.153459449000081)","Unfall 224285 (2024) Kat:3, Licht: 0","224285","3","3","5","07","16","4","","0","0","1","0","0"
"POINT (11.659197533000054 48.102010785000061)","Unfall 224286 (2024) Kat:3, Licht: 0","224286","3","6","2","07","12","4","","0","0","1","0","0"
"POINT (11.559966964000068 48.139346921000026)","Unfall 224287 (2024) Kat:2, Licht: 0","224287","2","4","6","07","14","4","","0","0","1","1","0"
"POINT (11.565208646000031 48.132758971000044)","Unfall 224288 (2024) Kat:3, Licht: 0","224288","3","6","3","07","13","4","","0","1","0","0","0"
"POINT (11.569464528000026 48.161846658000059)","Unfall 224289 (2024) Kat:3, Licht: 0","224289","3","1","0","07","17","4","","0","1","0","0","0"
"POINT (11.585657975000061 48.173425764000058)","Unfall 224290 (2024) Kat:3, Licht: 0","224290","3","3","5","07","21","4","","0","0","1","0","1"
"POINT (11.569025407000026 48.145058919000064)","Unfall 224291 (2024) Kat:3, Licht: 0","224291","3","6","3","07","12","4","","0","0","1","0","1"
"POINT (11.577381968000054 48.147383205000040)","Unfall 224292 (2024) Kat:2, Licht: 0","224292","2","3","5","07","13","4","","0","1","1","0","0"
"POINT (11.573109241000054 48.135995941000033)","Unfall 224293 (2024) Kat:3, Licht: 0","224293","3","4","6","07","14","4","","0","1","0","1","0"
"POINT (11.583326750000026 48.103297600000076)","Unfall 224309 (2024) Kat:3, Licht: 0","224309","3","7","5","07","15","6","","0","1","1","0","0"
"POINT (11.565691703000027 48.115786071000059)","Unfall 224314 (2024) Kat:3, Licht: 0","224314","3","1","6","07","10","4","","0","0","1","1","0"
"POINT (11.562741770000059 48.171729845000073)","Unfall 224366 (2024) Kat:3, Licht: 0","224366","3","7","6","07","17","3","","0","0","1","1","0"
"POINT (11.599159474000032 48.109410480000065)","Unfall 224368 (2024) Kat:3, Licht: 0","224368","3","3","5","07","07","3","","0","1","1","0","0"
"POINT (11.478088379000042 48.161402645000067)","Unfall 224369 (2024) Kat:3, Licht: 0","224369","3","7","0","07","13","3","","0","1","0","0","0"
"POINT (11.460403874000065 48.148357817000033)","Unfall 224370 (2024) Kat:2, Licht: 1","224370","2","7","0","07","05","3","","1","1","0","0","0"
"POINT (11.474411670000052 48.142434572000070)","Unfall 224371 (2024) Kat:3, Licht: 0","224371","3","2","3","07","08","3","","0","1","1","0","0"
"POINT (11.456716237000023 48.184908547000077)","Unfall 224372 (2024) Kat:3, Licht: 0","224372","3","5","0","07","20","3","","0","1","1","0","0"
"POINT (11.552650810000046 48.175145023000027)","Unfall 224373 (2024) Kat:3, Licht: 0","224373","3","4","0","07","18","3","","0","1","0","1","0"
"POINT (11.559820221000052 48.160477955000033)","Unfall 224374 (2024) Kat:3, Licht: 0","224374","3","3","5","07","16","3","","0","1","0","0","0"
"POINT (11.508456912000042 48.098273958000050)","Unfall 224375 (2024) Kat:3, Licht: 0","224375","3","2","4","07","08","3","","0","1","1","0","0"
"POINT (11.666026117000058 48.084629668000048)","Unfall 224378 (2024) Kat:3, Licht: 0","224378","3","1","0","07","16","3","","0","1","0","0","0"
"POINT (11.605636911000033 48.103574626000068)","Unfall 224379 (2024) Kat:3, Licht: 0","224379","3","5","1","07","16","3","","0","1","1","0","0"
"POINT (11.610312522000072 48.149987057000033)","Unfall 224381 (2024) Kat:3, Licht: 0","224381","3","3","5","07","14","3","","0","1","1","0","0"
"POINT (11.641894317000038 48.167778103000046)","Unfall 224382 (2024) Kat:3, Licht: 0","224382","3","6","0","07","10","3","","0","1","0","0","0"
"POINT (11.627124539000022 48.139273948000039)","Unfall 224383 (2024) Kat:3, Licht: 0","224383","3","1","4","07","08","3","","0","1","0","0","0"
"POINT (11.619512003000068 48.120339522000052)","Unfall 224384 (2024) Kat:3, Licht: 0","224384","3","7","7","07","13","3","","0","1","0","0","0"
"POINT (11.612582784000040 48.116134710000040)","Unfall 224385 (2024) Kat:3, Licht: 0","224385","3","1","7","07","19","3","","0","1","0","0","0"
"POINT (11.578581988000053 48.123449182000058)","Unfall 224386 (2024) Kat:3, Licht: 0","224386","3","3","5","07","15","3","","0","1","1","0","0"
"POINT (11.533613785000057 48.116762369000071)","Unfall 224387 (2024) Kat:3, Licht: 0","224387","3","2","5","07","19","3","","0","1","1","0","0"
"POINT (11.551717868000026 48.137533934000032)","Unfall 224388 (2024) Kat:3, Licht: 0","224388","3","4","6","07","19","3","","0","0","1","1","0"
"POINT (11.585719634000043 48.160141223000039)","Unfall 224389 (2024) Kat:3, Licht: 0","224389","3","5","1","07","12","3","","0","0","1","0","0"
"POINT (11.587344231000031 48.137702894000029)","Unfall 224390 (2024) Kat:3, Licht: 0","224390","3","4","6","07","15","3","","0","0","0","1","0"
"POINT (11.580992710000032 48.149915399000065)","Unfall 224468 (2024) Kat:3, Licht: 0","224468","3","7","3","07","15","2","","0","0","1","0","0"
"POINT (11.414438422000046 48.157147567000038)","Unfall 224469 (2024) Kat:3, Licht: 0","224469","3","7","1","07","09","2","","0","0","1","0","0"
"POINT (11.453881511000077 48.154650104000041)","Unfall 224470 (2024) Kat:3, Licht: 0","224470","3","2","4","07","15","2","","0","1","1","0","0"
"POINT (11.528287261000060 48.159556476000034)","Unfall 224471 (2024) Kat:3, Licht: 0","224471","3","1","0","07","16","2","","0","1","0","0","0"
"POINT (11.518353817000047 48.139638522000041)","Unfall 224472 (2024) Kat:3, Licht: 0","224472","3","6","3","07","16","2","","0","0","1","0","1"
"POINT (11.545034879000070 48.106141842000056)","Unfall 224474 (2024) Kat:3, Licht: 0","224474","3","6","1","07","16","2","","0","0","1","0","1"
"POINT (11.648161126000048 48.111651509000069)","Unfall 224476 (2024) Kat:3, Licht: 0","224476","3","3","5","07","10","2","","0","1","0","0","0"
"POINT (11.534172010000077 48.110115535000034)","Unfall 224477 (2024) Kat:3, Licht: 2","224477","3","2","5","07","23","2","","2","1","1","0","0"
"POINT (11.562587470000040 48.126048159000050)","Unfall 224478 (2024) Kat:3, Licht: 0","224478","3","7","0","07","13","2","","0","1","0","0","0"
"POINT (11.547523065000064 48.149664333000032)","Unfall 224548 (2024) Kat:2, Licht: 0","224548","2","6","3","07","16","2","","0","1","0","0","0"
"POINT (11.565537439000025 48.202925110000081)","Unfall 224550 (2024) Kat:2, Licht: 0","224550","2","7","0","07","08","1","","0","0","0","0","0"
"POINT (11.413739938000049 48.148619040000028)","Unfall 224553 (2024) Kat:2, Licht: 0","224553","2","2","5","07","15","1","","0","1","1","0","0"
"POINT (11.557804522000026 48.096405078000032)","Unfall 224554 (2024) Kat:3, Licht: 2","224554","3","1","0","07","21","1","","2","1","0","0","0"
"POINT (11.534954286000072 48.082684736000033)","Unfall 224555 (2024) Kat:3, Licht: 0","224555","3","5","0","07","13","1","","0","1","1","0","0"
"POINT (11.681488725000065 48.135089236000056)","Unfall 224556 (2024) Kat:3, Licht: 0","224556","3","2","5","07","12","1","","0","0","1","0","0"
"POINT (11.645606492000070 48.139927573000080)","Unfall 224557 (2024) Kat:3, Licht: 0","224557","3","7","0","07","14","1","","0","0","1","0","0"
"POINT (11.564805666000041 48.177435400000036)","Unfall 224628 (2024) Kat:3, Licht: 0","224628","3","7","6","07","19","7","","0","1","0","1","0"
"POINT (11.589301581000029 48.137327967000033)","Unfall 224629 (2024) Kat:3, Licht: 0","224629","3","2","5","07","17","7","","0","1","1","0","0"
"POINT (11.682712394000077 48.140492033000044)","Unfall 224630 (2024) Kat:3, Licht: 0","224630","3","5","0","07","14","7","","0","1","1","0","0"
"POINT (11.601295911000022 48.180780341000059)","Unfall 224631 (2024) Kat:3, Licht: 0","224631","3","6","2","07","14","7","","0","1","0","0","0"
"POINT (11.523544237000067 48.184527023000044)","Unfall 224633 (2024) Kat:3, Licht: 0","224633","3","7","0","07","10","7","","0","0","0","0","0"
"POINT (11.511803153000074 48.181228149000049)","Unfall 224634 (2024) Kat:3, Licht: 0","224634","3","7","0","07","14","7","","0","1","0","1","0"
"POINT (11.512063432000048 48.190995357000077)","Unfall 224635 (2024) Kat:3, Licht: 0","224635","3","7","4","07","14","7","","0","1","0","0","0"
"POINT (11.511918351000077 48.127470879000043)","Unfall 224636 (2024) Kat:3, Licht: 0","224636","3","2","5","07","13","7","","0","0","1","0","0"
"POINT (11.529613524000069 48.101404407000075)","Unfall 224637 (2024) Kat:3, Licht: 0","224637","3","3","5","07","08","7","","0","1","1","0","0"
"POINT (11.643221716000028 48.100629522000077)","Unfall 224638 (2024) Kat:2, Licht: 0","224638","2","1","0","07","11","7","","0","1","0","0","0"
"POINT (11.582359280000048 48.138664987000027)","Unfall 224639 (2024) Kat:3, Licht: 0","224639","3","5","0","07","11","7","","0","1","1","0","0"
"POINT (11.560339847000023 48.119850388000032)","Unfall 224640 (2024) Kat:3, Licht: 0","224640","3","6","3","07","17","7","","0","1","1","0","0"
"POINT (11.558411284000044 48.128158018000079)","Unfall 224641 (2024) Kat:3, Licht: 1","224641","3","7","0","07","20","7","","1","0","0","0","0"
"POINT (11.575999200000069 48.175742833000072)","Unfall 224642 (2024) Kat:3, Licht: 0","224642","3","5","1","07","14","7","","0","1","1","0","0"
"POINT (11.503719210000042 48.135332335000044)","Unfall 224644 (2024) Kat:2, Licht: 0","224644","2","3","5","07","18","4","","0","0","1","0","1"
"POINT (11.523257109000042 48.134862597000051)","Unfall 224652 (2024) Kat:3, Licht: 0","224652","3","3","5","07","12","3","","0","0","1","0","0"
"POINT (11.591051260000029 48.123658912000053)","Unfall 224710 (2024) Kat:3, Licht: 0","224710","3","1","0","07","07","2","","0","0","0","0","1"
"POINT (11.613009114000022 48.121357802000034)","Unfall 224724 (2024) Kat:3, Licht: 0","224724","3","3","5","07","07","6","","0","1","1","0","0"
"POINT (11.573730934000025 48.168667261000053)","Unfall 224725 (2024) Kat:3, Licht: 0","224725","3","7","0","07","11","6","","0","1","0","0","0"
"POINT (11.627125819000071 48.141655560000061)","Unfall 224726 (2024) Kat:3, Licht: 2","224726","3","7","9","07","23","6","","2","0","0","0","1"
"POINT (11.511607048000030 48.181149402000074)","Unfall 224727 (2024) Kat:3, Licht: 0","224727","3","3","5","07","16","6","","0","0","1","0","0"
"POINT (11.467066219000060 48.156791465000026)","Unfall 224728 (2024) Kat:2, Licht: 0","224728","2","3","5","07","18","6","","0","1","0","0","0"
"POINT (11.533616623000057 48.116793983000036)","Unfall 224729 (2024) Kat:2, Licht: 0","224729","2","3","0","07","11","6","","0","0","1","0","0"
"POINT (11.573191031000022 48.184475214000031)","Unfall 224732 (2024) Kat:3, Licht: 2","224732","3","2","4","07","22","6","","2","0","1","0","1"
"POINT (11.587941760000035 48.187869160000048)","Unfall 224733 (2024) Kat:3, Licht: 0","224733","3","6","3","07","12","6","","0","0","1","0","0"
"POINT (11.590230821000034 48.176920129000052)","Unfall 224734 (2024) Kat:3, Licht: 0","224734","3","3","5","07","12","6","","0","1","1","0","0"
"POINT (11.419712667000056 48.151929284000062)","Unfall 224735 (2024) Kat:3, Licht: 0","224735","3","3","5","07","15","6","","0","1","1","0","0"
"POINT (11.537467014000072 48.192480763000049)","Unfall 224736 (2024) Kat:3, Licht: 0","224736","3","6","2","07","14","6","","0","0","1","0","1"
"POINT (11.543823812000028 48.199839518000033)","Unfall 224737 (2024) Kat:3, Licht: 0","224737","3","7","0","07","20","6","","0","1","0","0","0"
"POINT (11.479392651000069 48.123809461000064)","Unfall 224738 (2024) Kat:3, Licht: 2","224738","3","2","4","07","22","6","","2","0","1","0","0"
"POINT (11.520781071000044 48.138425911000070)","Unfall 224739 (2024) Kat:3, Licht: 0","224739","3","3","5","07","14","6","","0","0","1","0","0"
"POINT (11.484169921000046 48.118884539000078)","Unfall 224741 (2024) Kat:3, Licht: 0","224741","3","2","5","07","16","6","","0","1","1","0","0"
"POINT (11.558471045000033 48.118857543000047)","Unfall 224743 (2024) Kat:3, Licht: 0","224743","3","7","0","07","05","6","","0","1","0","0","0"
"POINT (11.498864124000022 48.098569554000051)","Unfall 224744 (2024) Kat:3, Licht: 0","224744","3","6","3","07","17","6","","0","0","1","0","0"
"POINT (11.528035929000055 48.096929421000027)","Unfall 224745 (2024) Kat:3, Licht: 0","224745","3","5","3","07","09","6","","0","1","1","0","0"
"POINT (11.575268294000068 48.108390354000051)","Unfall 224747 (2024) Kat:3, Licht: 2","224747","3","1","0","07","22","6","","2","0","0","0","0"
"POINT (11.520339822000039 48.113784576000057)","Unfall 224748 (2024) Kat:3, Licht: 0","224748","3","7","6","07","10","6","","0","0","1","1","0"
"POINT (11.540999880000072 48.139696899000057)","Unfall 224749 (2024) Kat:3, Licht: 1","224749","3","2","5","07","21","6","","1","1","0","0","0"
"POINT (11.571856267000044 48.166366109000080)","Unfall 224750 (2024) Kat:3, Licht: 1","224750","3","1","0","07","21","6","","1","1","0","0","0"
"POINT (11.579906916000027 48.154632729000070)","Unfall 224752 (2024) Kat:3, Licht: 0","224752","3","5","0","07","11","6","","0","1","1","0","0"
"POINT (11.588555593000024 48.140004243000078)","Unfall 224753 (2024) Kat:3, Licht: 2","224753","3","1","0","07","00","6","","2","1","0","0","0"
"POINT (11.502249802000051 48.112152890000061)","Unfall 224850 (2024) Kat:2, Licht: 0","224850","2","6","2","07","13","5","","0","0","1","0","1"
"POINT (11.504988045000061 48.094948908000049)","Unfall 224851 (2024) Kat:2, Licht: 0","224851","2","6","3","07","17","5","","0","0","0","0","1"
"POINT (11.546675223000022 48.101405347000082)","Unfall 224852 (2024) Kat:2, Licht: 0","224852","2","2","4","07","12","5","","0","0","1","0","1"
"POINT (11.679866296000057 48.115911540000070)","Unfall 224853 (2024) Kat:3, Licht: 0","224853","3","3","5","07","06","5","","0","1","1","0","0"
"POINT (11.528570322000064 48.071889383000041)","Unfall 224854 (2024) Kat:3, Licht: 0","224854","3","3","5","07","12","5","","0","1","1","0","0"