WKT,Name,OBJECTID,UKATEGORIE,UTYP1,UART,UMONAT,USTUNDE,UWOCHENTAG,STRZUSTAND,ULICHTVERH,ISTRAD,ISTPKW,ISTFUSS,ISTKRAD
"POINT (11.596450981000032 48.205972543000030)","Unfall 224857 (2024) Kat:3, Licht: 0","224857","3","3","5","07","08","5","","0","0","1","0","0"
"POINT (11.607173723000074 48.177993775000061)","Unfall 224858 (2024) Kat:3, Licht: 0","224858","3","3","5","07","10","5","","0","0","1","0","0"
"POINT (11.593593302000045 48.202589280000041)","Unfall 224859 (2024) Kat:3, Licht: 0","224859","3","6","0","07","18","5","","0","1","0","0","0"
"POINT (11.587693987000023 48.184385547000034)","Unfall 224860 (2024) Kat:3, Licht: 0","224860","3","1","0","07","08","5","","0","1","0","0","0"
"POINT (11.534969082000032 48.139905339000052)","Unfall 224861 (2024) Kat:3, Licht: 0","224861","3","4","6","07","07","5","","0","0","0","1","0"
"POINT (11.492013683000039 48.129587282000045)","Unfall 224862 (2024) Kat:3, Licht: 0","224862","3","3","3","07","16","5","","0","0","1","0","1"
"POINT (11.502652335000050 48.128955747000077)","Unfall 224863 (2024) Kat:3, Licht: 0","224863","3","2","5","07","18","5","","0","1","1","0","0"
"POINT (11.531158737000055 48.150533689000042)","Unfall 224864 (2024) Kat:3, Licht: 2","224864","3","1","1","07","03","5","","2","1","1","0","0"
"POINT (11.478071716000045 48.104644870000072)","Unfall 224866 (2024) Kat:3, Licht: 0","224866","3","5","1","07","07","5","","0","1","1","0","0"
"POINT (11.603806138000039 48.109858621000058)","Unfall 224869 (2024) Kat:3, Licht: 0","224869","3","2","5","07","16","5","","0","1","1","0","0"
"POINT (11.619811320000053 48.152159726000036)","Unfall 224870 (2024) Kat:3, Licht: 0","224870","3","1","0","07","12","5","","0","1","0","0","0"
"POINT (11.614796596000076 48.136793828000066)","Unfall 224871 (2024) Kat:3, Licht: 0","224871","3","2","5","07","14","5","","0","1","1","0","0"
"POINT (11.535187656000062 48.132518397000069)","Unfall 224874 (2024) Kat:3, Licht: 0","224874","3","1","0","07","16","5","","0","0","0","0","1"
"POINT (11.595817843000077 48.162932214000080)","Unfall 224875 (2024) Kat:3, Licht: 0","224875","3","1","0","07","13","5","","0","1","0","0","0"
"POINT (11.586302672000045 48.162765995000029)","Unfall 224876 (2024) Kat:3, Licht: 0","224876","3","6","4","07","08","5","","0","1","0","0","0"
"POINT (11.584557301000075 48.162139140000079)","Unfall 224877 (2024) Kat:3, Licht: 0","224877","3","6","3","07","17","5","","0","0","1","0","1"
"POINT (11.562358345000064 48.157527636000054)","Unfall 224879 (2024) Kat:3, Licht: 0","224879","3","6","1","07","08","5","","0","0","1","0","0"
"POINT (11.578733730000067 48.136117331000037)","Unfall 224880 (2024) Kat:3, Licht: 0","224880","3","6","3","07","15","5","","0","1","1","0","0"
"POINT (11.564547626000035 48.138046281000072)","Unfall 224881 (2024) Kat:3, Licht: 0","224881","3","7","4","07","08","5","","0","1","0","0","0"
"POINT (11.584278578000067 48.143875274000038)","Unfall 224945 (2024) Kat:3, Licht: 0","224945","3","6","2","07","16","5","","0","0","1","0","1"
"POINT (11.538530354000045 48.109329834000050)","Unfall 224974 (2024) Kat:3, Licht: 0","224974","3","3","5","07","15","6","","0","1","0","0","1"
"POINT (11.548321844000043 48.118630748000044)","Unfall 224976 (2024) Kat:1, Licht: 0","224976","1","3","5","07","18","4","","0","1","0","0","1"
"POINT (11.639036637000061 48.109076083000048)","Unfall 224977 (2024) Kat:3, Licht: 0","224977","3","7","1","07","07","4","","0","0","1","0","0"
"POINT (11.507955299000059 48.105968342000040)","Unfall 224979 (2024) Kat:3, Licht: 0","224979","3","3","5","07","11","4","","0","0","1","0","1"
"POINT (11.475668360000043 48.120868120000068)","Unfall 224980 (2024) Kat:3, Licht: 0","224980","3","3","5","07","12","4","","0","0","1","0","0"
"POINT (11.570339587000035 48.187376893000078)","Unfall 224981 (2024) Kat:3, Licht: 0","224981","3","1","0","07","20","4","","0","0","0","0","1"
"POINT (11.461336722000055 48.144885780000038)","Unfall 224983 (2024) Kat:3, Licht: 0","224983","3","3","5","07","12","4","","0","1","1","0","0"
"POINT (11.529361482000070 48.217303147000052)","Unfall 224985 (2024) Kat:3, Licht: 0","224985","3","3","5","07","16","4","","0","0","1","0","0"
"POINT (11.547424495000030 48.149683620000076)","Unfall 224986 (2024) Kat:2, Licht: 0","224986","2","6","3","07","15","4","","0","1","1","0","0"
"POINT (11.526958247000039 48.102368837000029)","Unfall 224988 (2024) Kat:3, Licht: 0","224988","3","2","5","07","08","4","","0","1","1","0","0"
"POINT (11.629638776000036 48.153419124000038)","Unfall 224989 (2024) Kat:3, Licht: 0","224989","3","3","0","07","16","4","","0","1","0","0","0"
"POINT (11.599149288000035 48.125453768000057)","Unfall 224990 (2024) Kat:3, Licht: 0","224990","3","7","3","07","10","4","","0","0","1","0","1"
"POINT (11.613308093000057 48.125087455000028)","Unfall 224991 (2024) Kat:3, Licht: 0","224991","3","2","0","07","07","4","","0","1","0","0","0"
"POINT (11.563362276000021 48.160768165000036)","Unfall 224992 (2024) Kat:3, Licht: 0","224992","3","2","5","07","17","4","","0","1","1","0","0"
"POINT (11.567801115000066 48.132614474000036)","Unfall 224993 (2024) Kat:3, Licht: 0","224993","3","7","0","07","11","4","","0","1","0","0","0"
"POINT (11.534277648000057 48.192795254000032)","Unfall 225050 (2024) Kat:3, Licht: 0","225050","3","6","0","07","08","7","","0","1","0","0","0"
"POINT (11.685860725000055 48.121021699000039)","Unfall 225063 (2024) Kat:3, Licht: 0","225063","3","1","0","07","10","1","","0","1","0","0","0"
"POINT (11.581050770000047 48.144931572000075)","Unfall 225080 (2024) Kat:3, Licht: 0","225080","3","7","0","07","07","3","","0","0","0","0","1"
"POINT (11.566530379000028 48.187254443000029)","Unfall 225081 (2024) Kat:3, Licht: 0","225081","3","3","5","07","14","3","","0","0","1","0","0"
"POINT (11.584375063000039 48.192691939000042)","Unfall 225082 (2024) Kat:3, Licht: 0","225082","3","3","6","07","17","3","","0","0","1","1","0"
"POINT (11.594835929000055 48.178431180000075)","Unfall 225083 (2024) Kat:3, Licht: 0","225083","3","3","4","07","08","3","","0","1","1","0","0"
"POINT (11.503259563000029 48.188656107000043)","Unfall 225093 (2024) Kat:3, Licht: 0","225093","3","7","2","08","13","5","","0","0","1","0","0"
"POINT (11.594121522000023 48.169994948000067)","Unfall 225094 (2024) Kat:3, Licht: 0","225094","3","1","0","08","12","5","","0","0","0","0","0"
"POINT (11.576271282000050 48.127833069000076)","Unfall 225095 (2024) Kat:3, Licht: 0","225095","3","6","2","08","15","5","","0","0","1","0","0"
"POINT (11.634401571000069 48.169247146000032)","Unfall 225096 (2024) Kat:3, Licht: 0","225096","3","6","1","08","06","5","","0","0","1","0","0"
"POINT (11.574520200000052 48.180771218000075)","Unfall 225097 (2024) Kat:3, Licht: 1","225097","3","1","0","08","19","5","","1","1","0","0","0"
"POINT (11.512375604000056 48.181313709000051)","Unfall 225098 (2024) Kat:3, Licht: 0","225098","3","7","5","08","17","5","","0","0","1","0","0"
"POINT (11.576569063000022 48.187670954000055)","Unfall 225099 (2024) Kat:3, Licht: 1","225099","3","1","0","08","06","5","","1","0","0","0","0"
"POINT (11.573802135000051 48.187579438000057)","Unfall 225101 (2024) Kat:3, Licht: 0","225101","3","6","3","08","17","5","","0","1","0","0","0"
"POINT (11.534914067000045 48.152351144000079)","Unfall 225102 (2024) Kat:2, Licht: 0","225102","2","6","3","08","18","5","","0","1","0","0","0"
"POINT (11.522232972000040 48.160730582000042)","Unfall 225103 (2024) Kat:3, Licht: 0","225103","3","1","0","08","16","5","","0","0","1","0","1"
"POINT (11.557939769000029 48.139169084000059)","Unfall 225105 (2024) Kat:3, Licht: 0","225105","3","7","0","08","17","5","","0","0","1","0","1"
"POINT (11.531016303000058 48.157267072000081)","Unfall 225106 (2024) Kat:3, Licht: 0","225106","3","6","3","08","14","5","","0","0","1","0","1"
"POINT (11.583940319000021 48.163737336000054)","Unfall 225107 (2024) Kat:3, Licht: 0","225107","3","1","0","08","08","5","","0","0","0","0","1"
"POINT (11.568036311000071 48.147604613000055)","Unfall 225108 (2024) Kat:3, Licht: 0","225108","3","2","5","08","13","5","","0","1","1","0","0"
"POINT (11.583266754000022 48.133184352000058)","Unfall 225109 (2024) Kat:3, Licht: 0","225109","3","1","0","08","16","5","","0","1","0","0","0"
"POINT (11.463834116000044 48.154341125000030)","Unfall 225150 (2024) Kat:2, Licht: 2","225150","2","7","0","08","00","4","","2","1","0","0","0"
"POINT (11.531363512000041 48.194905826000081)","Unfall 225151 (2024) Kat:3, Licht: 0","225151","3","5","1","08","15","4","","0","0","1","0","0"
"POINT (11.568924053000046 48.187409776000038)","Unfall 225154 (2024) Kat:3, Licht: 0","225154","3","3","5","08","13","4","","0","0","1","0","1"
"POINT (11.465043766000065 48.145669884000029)","Unfall 225155 (2024) Kat:3, Licht: 0","225155","3","7","1","08","07","4","","0","1","1","0","0"
"POINT (11.556162943000061 48.155519025000046)","Unfall 225156 (2024) Kat:3, Licht: 0","225156","3","4","6","08","15","4","","0","1","0","1","0"
"POINT (11.540644370000052 48.086471354000025)","Unfall 225157 (2024) Kat:3, Licht: 0","225157","3","1","0","08","12","4","","0","1","0","0","0"
"POINT (11.541858343000058 48.103382613000065)","Unfall 225158 (2024) Kat:3, Licht: 0","225158","3","1","0","08","18","4","","0","0","0","0","1"
"POINT (11.533239573000060 48.099975963000077)","Unfall 225159 (2024) Kat:3, Licht: 0","225159","3","2","5","08","19","4","","0","1","0","0","1"
"POINT (11.649861737000037 48.112666971000067)","Unfall 225160 (2024) Kat:3, Licht: 0","225160","3","3","5","08","17","4","","0","0","1","0","1"
"POINT (11.583166609000045 48.126689651000049)","Unfall 225161 (2024) Kat:3, Licht: 0","225161","3","7","0","08","10","4","","0","0","0","1","0"
"POINT (11.526040098000067 48.113702883000030)","Unfall 225162 (2024) Kat:3, Licht: 0","225162","3","3","5","08","16","4","","0","0","1","0","0"
"POINT (11.521974213000021 48.114695719000053)","Unfall 225163 (2024) Kat:3, Licht: 0","225163","3","7","8","08","18","4","","0","1","0","0","0"
"POINT (11.558774385000049 48.129122851000034)","Unfall 225164 (2024) Kat:3, Licht: 0","225164","3","7","0","08","15","4","","0","1","0","0","0"
"POINT (11.570139675000064 48.152737321000075)","Unfall 225165 (2024) Kat:3, Licht: 2","225165","3","5","1","08","03","4","","2","0","1","0","0"
"POINT (11.579128234000052 48.135073380000051)","Unfall 225166 (2024) Kat:3, Licht: 0","225166","3","1","0","08","10","4","","0","1","0","0","0"
"POINT (11.587105275000056 48.134296138000082)","Unfall 225167 (2024) Kat:3, Licht: 0","225167","3","2","5","08","18","4","","0","0","1","0","0"
"POINT (11.625840948000075 48.212680410000075)","Unfall 225235 (2024) Kat:2, Licht: 0","225235","2","3","5","08","09","3","","0","1","0","0","0"
"POINT (11.592179142000077 48.142318553000052)","Unfall 225236 (2024) Kat:3, Licht: 0","225236","3","2","4","08","15","3","","0","1","1","0","0"
"POINT (11.458348827000066 48.152350525000031)","Unfall 225238 (2024) Kat:3, Licht: 0","225238","3","6","2","08","14","3","","0","0","1","0","1"
"POINT (11.556020937000028 48.137478061000081)","Unfall 225239 (2024) Kat:3, Licht: 2","225239","3","2","5","08","23","3","","2","1","1","0","0"
"POINT (11.551432203000047 48.198143606000031)","Unfall 225240 (2024) Kat:3, Licht: 0","225240","3","3","5","08","11","3","","0","0","1","0","0"
"POINT (11.541314731000057 48.150894360000052)","Unfall 225241 (2024) Kat:3, Licht: 0","225241","3","2","6","08","11","3","","0","0","1","1","0"
"POINT (11.561368456000025 48.168946378000044)","Unfall 225242 (2024) Kat:3, Licht: 0","225242","3","6","3","08","15","3","","0","1","1","0","0"
"POINT (11.530058294000071 48.102582294000058)","Unfall 225244 (2024) Kat:3, Licht: 0","225244","3","4","6","08","11","3","","0","0","1","1","0"
"POINT (11.588473195000063 48.108298699000045)","Unfall 225245 (2024) Kat:3, Licht: 0","225245","3","7","1","08","11","3","","0","0","1","0","0"
"POINT (11.570345723000059 48.120430819000035)","Unfall 225246 (2024) Kat:3, Licht: 0","225246","3","6","6","08","15","3","","0","0","1","1","0"
"POINT (11.603026900000032 48.123302808000062)","Unfall 225247 (2024) Kat:3, Licht: 0","225247","3","7","0","08","11","3","","0","1","1","0","0"
"POINT (11.545466902000044 48.125476306000053)","Unfall 225248 (2024) Kat:3, Licht: 2","225248","3","7","1","08","22","3","","2","1","1","0","0"
"POINT (11.555901565000056 48.137574755000060)","Unfall 225249 (2024) Kat:3, Licht: 0","225249","3","2","6","08","08","3","","0","0","1","1","0"
"POINT (11.582054853000045 48.174046075000035)","Unfall 225250 (2024) Kat:3, Licht: 0","225250","3","7","1","08","16","3","","0","1","1","0","0"
"POINT (11.588438933000077 48.162362548000033)","Unfall 225251 (2024) Kat:3, Licht: 0","225251","3","2","1","08","11","3","","0","1","1","0","0"
"POINT (11.565283227000066 48.139713318000076)","Unfall 225252 (2024) Kat:3, Licht: 2","225252","3","7","5","08","22","3","","2","1","1","0","0"
"POINT (11.564872059000038 48.138133858000060)","Unfall 225318 (2024) Kat:2, Licht: 0","225318","2","4","6","08","17","2","","0","0","0","1","0"
"POINT (11.454183357000034 48.166194778000033)","Unfall 225319 (2024) Kat:2, Licht: 0","225319","2","6","3","08","17","2","","0","0","1","0","1"
"POINT (11.626005128000031 48.171598407000033)","Unfall 225320 (2024) Kat:3, Licht: 0","225320","3","2","6","08","08","2","","0","0","1","1","0"
"POINT (11.660035314000027 48.098407595000026)","Unfall 225322 (2024) Kat:3, Licht: 0","225322","3","7","3","08","14","2","","0","0","1","1","0"
"POINT (11.549032187000023 48.191040075000046)","Unfall 225323 (2024) Kat:3, Licht: 0","225323","3","7","1","08","10","2","","0","1","1","0","0"
"POINT (11.529404961000068 48.217295500000034)","Unfall 225324 (2024) Kat:3, Licht: 0","225324","3","3","5","08","16","2","","0","1","1","0","0"
"POINT (11.555648928000039 48.147976734000054)","Unfall 225325 (2024) Kat:3, Licht: 0","225325","3","2","4","08","18","2","","0","1","0","0","1"
"POINT (11.502419253000028 48.112813064000079)","Unfall 225326 (2024) Kat:3, Licht: 0","225326","3","3","5","08","20","2","","0","1","0","0","0"
"POINT (11.507260220000035 48.096726288000070)","Unfall 225328 (2024) Kat:3, Licht: 0","225328","3","5","1","08","19","2","","0","1","1","0","0"
"POINT (11.629360774000077 48.153223805000039)","Unfall 225329 (2024) Kat:3, Licht: 2","225329","3","1","7","08","23","2","","2","1","0","0","0"
"POINT (11.586601819000066 48.131788826000047)","Unfall 225330 (2024) Kat:3, Licht: 0","225330","3","6","3","08","08","2","","0","1","0","0","0"
"POINT (11.598916743000075 48.121463637000033)","Unfall 225331 (2024) Kat:3, Licht: 0","225331","3","6","0","08","19","2","","0","1","0","0","0"
"POINT (11.567980243000022 48.128591858000050)","Unfall 225332 (2024) Kat:3, Licht: 0","225332","3","3","5","08","11","2","","0","1","0","0","0"
"POINT (11.577853729000026 48.134995690000039)","Unfall 225333 (2024) Kat:3, Licht: 0","225333","3","4","6","08","11","2","","0","0","0","1","0"
"POINT (11.584258378000072 48.139852155000028)","Unfall 225334 (2024) Kat:3, Licht: 0","225334","3","2","5","08","17","2","","0","0","1","0","1"
"POINT (11.522334674000035 48.106804439000030)","Unfall 225348 (2024) Kat:3, Licht: 0","225348","3","2","5","08","08","3","","0","1","1","0","0"
"POINT (11.585851068000068 48.143857368000056)","Unfall 225401 (2024) Kat:3, Licht: 2","225401","3","6","3","08","00","1","","2","0","1","0","0"
"POINT (11.584663674000069 48.149521630000038)","Unfall 225402 (2024) Kat:3, Licht: 0","225402","3","1","6","08","16","1","","0","0","0","1","0"
"POINT (11.502778276000072 48.131004182000027)","Unfall 225403 (2024) Kat:3, Licht: 2","225403","3","2","5","08","21","1","","2","0","1","0","1"
"POINT (11.584348566000074 48.143918996000082)","Unfall 225404 (2024) Kat:3, Licht: 2","225404","3","3","5","08","22","1","","2","0","1","0","0"
"POINT (11.575129815000025 48.119571444000030)","Unfall 225405 (2024) Kat:3, Licht: 0","225405","3","7","1","08","15","1","","0","0","1","0","0"
"POINT (11.573202988000048 48.180373102000033)","Unfall 225406 (2024) Kat:2, Licht: 0","225406","2","1","0","08","15","1","","0","0","0","0","0"
"POINT (11.417096057000037 48.154836614000033)","Unfall 225407 (2024) Kat:3, Licht: 2","225407","3","7","0","08","00","1","","2","1","0","0","0"
"POINT (11.646079976000067 48.101040469000054)","Unfall 225410 (2024) Kat:3, Licht: 2","225410","3","6","3","08","23","1","","2","0","1","0","0"
"POINT (11.538077513000076 48.116881522000028)","Unfall 225411 (2024) Kat:2, Licht: 0","225411","2","7","0","08","18","1","","0","1","0","0","0"
"POINT (11.570531509000034 48.142752834000078)","Unfall 225412 (2024) Kat:3, Licht: 0","225412","3","3","5","08","05","1","","0","0","1","0","0"
"POINT (11.571931854000070 48.148946227000067)","Unfall 225464 (2024) Kat:3, Licht: 0","225464","3","6","2","08","10","7","","0","1","0","0","0"
"POINT (11.570072295000045 48.134336074000032)","Unfall 225466 (2024) Kat:2, Licht: 1","225466","2","2","4","08","20","7","","1","0","1","0","1"
"POINT (11.589984768000022 48.115149010000039)","Unfall 225467 (2024) Kat:3, Licht: 0","225467","3","7","0","08","16","7","","0","1","0","0","0"
"POINT (11.611475880000057 48.199934720000044)","Unfall 225468 (2024) Kat:3, Licht: 0","225468","3","2","5","08","17","7","","0","1","1","0","0"
"POINT (11.480004211000050 48.155698730000040)","Unfall 225470 (2024) Kat:3, Licht: 0","225470","3","7","7","08","14","7","","0","1","0","1","0"
"POINT (11.404799245000049 48.179154157000028)","Unfall 225471 (2024) Kat:3, Licht: 0","225471","3","6","2","08","17","7","","0","0","1","0","0"
"POINT (11.489743896000050 48.179589875000033)","Unfall 225472 (2024) Kat:3, Licht: 2","225472","3","6","0","08","02","7","","2","0","0","0","0"
"POINT (11.518137820000049 48.139742755000043)","Unfall 225473 (2024) Kat:3, Licht: 0","225473","3","6","4","08","16","7","","0","1","0","0","0"
"POINT (11.494689599000026 48.123111422000079)","Unfall 225474 (2024) Kat:3, Licht: 0","225474","3","7","0","08","19","7","","0","1","0","0","0"
"POINT (11.507049281000036 48.087311201000034)","Unfall 225477 (2024) Kat:3, Licht: 0","225477","3","3","5","08","10","7","","0","0","1","0","0"
"POINT (11.612047568000037 48.131547357000045)","Unfall 225478 (2024) Kat:3, Licht: 0","225478","3","3","5","08","10","7","","0","1","1","0","0"
"POINT (11.564909705000048 48.135840688000030)","Unfall 225479 (2024) Kat:3, Licht: 0","225479","3","6","2","08","18","7","","0","1","1","0","0"
"POINT (11.582880879000072 48.154086504000077)","Unfall 225480 (2024) Kat:3, Licht: 0","225480","3","1","5","08","17","7","","0","1","1","0","0"
"POINT (11.586485473000039 48.162672101000055)","Unfall 225481 (2024) Kat:3, Licht: 2","225481","3","6","2","08","23","7","","2","1","0","0","0"
"POINT (11.568389651000075 48.161914489000026)","Unfall 225482 (2024) Kat:2, Licht: 0","225482","2","1","0","08","17","7","","0","1","0","0","0"
"POINT (11.566824018000034 48.150441893000050)","Unfall 225483 (2024) Kat:3, Licht: 0","225483","3","2","6","08","16","7","","0","0","1","1","0"
"POINT (11.556204765000075 48.142026607000048)","Unfall 225515 (2024) Kat:3, Licht: 0","225515","3","3","5","08","17","5","","0","0","1","0","0"
"POINT (11.537494914000035 48.151646980000066)","Unfall 225535 (2024) Kat:3, Licht: 0","225535","3","2","5","08","17","6","","0","1","1","0","0"
"POINT (11.577582678000056 48.113370582000073)","Unfall 225536 (2024) Kat:2, Licht: 2","225536","2","7","0","08","21","6","","2","1","0","0","0"
"POINT (11.566354436000040 48.140512695000041)","Unfall 225538 (2024) Kat:3, Licht: 0","225538","3","2","3","08","17","6","","0","1","1","0","0"
"POINT (11.567485965000060 48.212311989000057)","Unfall 225539 (2024) Kat:3, Licht: 0","225539","3","3","5","08","17","6","","0","0","1","0","0"
"POINT (11.440291651000052 48.150896571000033)","Unfall 225540 (2024) Kat:3, Licht: 0","225540","3","5","0","08","09","6","","0","1","1","0","0"
"POINT (11.465439618000062 48.146683194000047)","Unfall 225541 (2024) Kat:3, Licht: 0","225541","3","7","6","08","20","6","","0","1","0","1","0"
"POINT (11.528514095000048 48.098266317000025)","Unfall 225542 (2024) Kat:3, Licht: 0","225542","3","5","1","08","12","6","","0","1","1","0","0"
"POINT (11.579445461000034 48.094840509000051)","Unfall 225543 (2024) Kat:3, Licht: 0","225543","3","6","2","08","19","6","","0","1","0","0","0"
"POINT (11.584510681000040 48.157228476000057)","Unfall 225544 (2024) Kat:3, Licht: 0","225544","3","6","3","08","18","6","","0","0","1","0","1"
"POINT (11.586139235000076 48.110907508000025)","Unfall 225545 (2024) Kat:3, Licht: 2","225545","3","1","1","08","02","6","","2","1","1","0","0"
"POINT (11.583091934000038 48.115222668000058)","Unfall 225546 (2024) Kat:3, Licht: 0","225546","3","3","5","08","17","6","","0","1","1","0","0"
"POINT (11.608279807000031 48.138878939000051)","Unfall 225547 (2024) Kat:3, Licht: 0","225547","3","6","2","08","11","6","","0","0","1","0","1"
"POINT (11.606820226000025 48.135705902000041)","Unfall 225548 (2024) Kat:3, Licht: 0","225548","3","7","4","08","17","6","","0","1","1","0","0"
"POINT (11.610251334000054 48.132463528000073)","Unfall 225549 (2024) Kat:3, Licht: 0","225549","3","1","0","08","10","6","","0","1","0","0","0"
"POINT (11.603761901000041 48.133293514000059)","Unfall 225550 (2024) Kat:3, Licht: 0","225550","3","1","0","08","12","6","","0","0","0","0","0"
"POINT (11.517801620000057 48.119190124000056)","Unfall 225551 (2024) Kat:3, Licht: 0","225551","3","6","2","08","19","6","","0","1","0","0","0"
"POINT (11.577926351000031 48.113623940000082)","Unfall 225552 (2024) Kat:3, Licht: 0","225552","3","7","0","08","20","6","","0","1","0","0","0"
"POINT (11.603637616000071 48.179629916000067)","Unfall 225553 (2024) Kat:3, Licht: 0","225553","3","6","1","08","11","2","","0","0","1","0","0"
"POINT (11.549787985000023 48.136784607000038)","Unfall 225554 (2024) Kat:3, Licht: 0","225554","3","7","5","08","18","6","","0","1","1","0","0"
"POINT (11.569746736000070 48.145589827000038)","Unfall 225555 (2024) Kat:3, Licht: 0","225555","3","1","0","08","11","6","","0","0","0","0","1"
"POINT (11.567702690000033 48.154395325000053)","Unfall 225556 (2024) Kat:3, Licht: 0","225556","3","5","1","08","16","6","","0","1","1","0","0"
"POINT (11.586242903000027 48.169297759000074)","Unfall 225557 (2024) Kat:3, Licht: 0","225557","3","1","0","08","16","5","","0","0","0","0","1"
"POINT (11.579624836000050 48.134503616000075)","Unfall 225558 (2024) Kat:3, Licht: 0","225558","3","2","1","08","18","6","","0","1","1","0","0"
"POINT (11.586725389000037 48.137635555000031)","Unfall 225559 (2024) Kat:3, Licht: 0","225559","3","2","5","08","18","6","","0","0","1","0","0"
"POINT (11.575188748000073 48.143100230000073)","Unfall 225598 (2024) Kat:3, Licht: 0","225598","3","5","4","08","08","4","","0","1","1","0","0"
"POINT (11.601917555000057 48.137823037000032)","Unfall 225611 (2024) Kat:3, Licht: 2","225611","3","1","0","08","22","3","","2","1","0","0","0"
"POINT (11.503291438000076 48.146441068000058)","Unfall 225615 (2024) Kat:3, Licht: 0","225615","3","6","4","08","08","5","","0","1","0","0","0"
"POINT (11.577465455000038 48.152518236000049)","Unfall 225616 (2024) Kat:3, Licht: 0","225616","3","6","3","08","16","5","","0","1","1","0","0"
"POINT (11.567806282000049 48.211358831000041)","Unfall 225618 (2024) Kat:3, Licht: 0","225618","3","3","5","08","14","5","","0","1","1","0","0"
"POINT (11.410382662000075 48.145815958000071)","Unfall 225619 (2024) Kat:3, Licht: 0","225619","3","3","5","08","13","5","","0","0","1","0","0"
"POINT (11.523113292000062 48.176262744000041)","Unfall 225620 (2024) Kat:3, Licht: 0","225620","3","6","2","08","18","5","","0","0","1","0","0"
"POINT (11.528636243000051 48.150491437000028)","Unfall 225621 (2024) Kat:3, Licht: 0","225621","3","7","8","08","17","5","","0","0","1","0","1"
"POINT (11.536886508000066 48.146084898000026)","Unfall 225622 (2024) Kat:3, Licht: 0","225622","3","6","3","08","08","5","","0","0","1","0","1"
"POINT (11.504998631000035 48.094957183000076)","Unfall 225623 (2024) Kat:3, Licht: 0","225623","3","2","3","08","13","5","","0","1","1","0","0"
"POINT (11.664098209000031 48.121645850000050)","Unfall 225625 (2024) Kat:3, Licht: 0","225625","3","2","4","08","17","5","","0","0","1","0","0"
"POINT (11.543622249000066 48.128118304000054)","Unfall 225626 (2024) Kat:3, Licht: 1","225626","3","6","3","08","21","5","","1","1","0","0","0"
"POINT (11.547473657000069 48.126659011000072)","Unfall 225627 (2024) Kat:3, Licht: 0","225627","3","6","2","08","15","5","","0","0","1","0","0"
"POINT (11.552979221000044 48.134284364000052)","Unfall 225628 (2024) Kat:3, Licht: 0","225628","3","2","0","08","08","5","","0","1","1","0","0"
"POINT (11.579819399000030 48.157367069000031)","Unfall 225629 (2024) Kat:3, Licht: 0","225629","3","3","6","08","10","5","","0","0","1","1","0"
"POINT (11.569413571000041 48.152952610000057)","Unfall 225642 (2024) Kat:3, Licht: 1","225642","3","7","6","08","20","2","","1","1","0","1","0"
"POINT (11.569498000000067 48.131053471000030)","Unfall 225702 (2024) Kat:3, Licht: 2","225702","3","6","0","07","00","4","","2","0","1","0","0"
"POINT (11.514398890000052 48.179424339000036)","Unfall 225703 (2024) Kat:3, Licht: 0","225703","3","5","0","07","17","4","","0","1","1","0","0"
"POINT (11.582650223000030 48.210791804000053)","Unfall 225704 (2024) Kat:3, Licht: 0","225704","3","1","0","07","13","4","","0","1","0","0","0"
"POINT (11.587572908000027 48.201156785000080)","Unfall 225705 (2024) Kat:3, Licht: 0","225705","3","2","5","07","11","4","","0","1","1","0","0"
"POINT (11.479224591000047 48.158159330000046)","Unfall 225706 (2024) Kat:3, Licht: 0","225706","3","7","0","07","13","4","","0","1","0","0","0"
"POINT (11.457053638000048 48.147040423000078)","Unfall 225707 (2024) Kat:3, Licht: 0","225707","3","2","6","07","17","4","","0","0","1","1","0"
"POINT (11.467253681000045 48.145930825000050)","Unfall 225708 (2024) Kat:2, Licht: 0","225708","2","7","0","07","14","4","","0","0","0","0","1"
"POINT (11.566897290000043 48.181484730000079)","Unfall 225709 (2024) Kat:3, Licht: 0","225709","3","7","0","07","08","4","","0","1","0","0","0"
"POINT (11.509758655000041 48.145082365000064)","Unfall 225710 (2024) Kat:3, Licht: 0","225710","3","6","1","07","18","4","","0","1","0","0","0"
"POINT (11.647939175000033 48.112585133000039)","Unfall 225711 (2024) Kat:3, Licht: 0","225711","3","2","5","08","13","5","","0","1","1","0","0"
"POINT (11.546136637000075 48.145850901000074)","Unfall 225712 (2024) Kat:3, Licht: 0","225712","3","5","3","07","10","4","","0","1","1","0","0"
"POINT (11.547855654000045 48.159788406000075)","Unfall 225713 (2024) Kat:3, Licht: 0","225713","3","2","0","07","15","4","","0","0","1","0","0"
"POINT (11.529310076000058 48.178519418000064)","Unfall 225714 (2024) Kat:3, Licht: 0","225714","3","2","5","07","14","4","","0","1","1","0","0"
"POINT (11.502873565000073 48.135413855000081)","Unfall 225715 (2024) Kat:3, Licht: 2","225715","3","2","5","07","23","4","","2","0","1","0","0"
"POINT (11.531306681000046 48.099879034000026)","Unfall 225716 (2024) Kat:3, Licht: 0","225716","3","2","5","07","11","4","","0","1","1","0","0"