WKT,Name,OBJECTID,UKATEGORIE,UTYP1,UART,UMONAT,USTUNDE,UWOCHENTAG,STRZUSTAND,ULICHTVERH,ISTRAD,ISTPKW,ISTFUSS,ISTKRAD
"POINT (11.667190665000021 48.140018131000033)","Unfall 225717 (2024) Kat:3, Licht: 0","225717","3","1","0","07","17","4","","0","1","0","0","0"
"POINT (11.655634962000022 48.096554544000071)","Unfall 225718 (2024) Kat:2, Licht: 0","225718","2","4","6","07","18","4","","0","1","0","1","0"
"POINT (11.631771295000021 48.130621754000060)","Unfall 225719 (2024) Kat:3, Licht: 0","225719","3","2","2","07","17","4","","0","0","1","0","0"
"POINT (11.573376038000049 48.094821427000056)","Unfall 225720 (2024) Kat:3, Licht: 0","225720","3","1","0","07","09","4","","0","1","0","0","0"
"POINT (11.639478840000038 48.138594153000042)","Unfall 225721 (2024) Kat:3, Licht: 1","225721","3","6","2","07","20","4","","1","1","0","0","1"
"POINT (11.602347373000043 48.123741520000067)","Unfall 225722 (2024) Kat:3, Licht: 0","225722","3","7","1","07","06","4","","0","1","0","0","0"
"POINT (11.532374052000023 48.117833824000058)","Unfall 225723 (2024) Kat:3, Licht: 0","225723","3","6","0","07","09","4","","0","0","1","0","1"
"POINT (11.555898800000023 48.128356740000072)","Unfall 225724 (2024) Kat:3, Licht: 0","225724","3","2","4","07","07","4","","0","1","0","0","0"
"POINT (11.574340995000057 48.175429136000048)","Unfall 225725 (2024) Kat:3, Licht: 0","225725","3","7","0","07","14","4","","0","0","0","0","0"
"POINT (11.584458454000071 48.157268912000063)","Unfall 225726 (2024) Kat:3, Licht: 0","225726","3","6","3","07","12","4","","0","0","1","0","1"
"POINT (11.588849089000064 48.141094553000073)","Unfall 225727 (2024) Kat:3, Licht: 0","225727","3","2","3","07","17","4","","0","1","1","0","0"
"POINT (11.567843723000067 48.133738566000034)","Unfall 225728 (2024) Kat:3, Licht: 0","225728","3","1","0","07","17","4","","0","1","0","0","0"
"POINT (11.605021380000039 48.104869919000066)","Unfall 225782 (2024) Kat:3, Licht: 0","225782","3","1","5","08","16","5","","0","0","1","0","0"
"POINT (11.586325132000070 48.163170808000075)","Unfall 225809 (2024) Kat:2, Licht: 2","225809","2","7","0","07","02","3","","2","0","0","0","0"
"POINT (11.576396066000029 48.192480674000080)","Unfall 225811 (2024) Kat:3, Licht: 0","225811","3","1","8","07","07","3","","0","0","0","0","1"
"POINT (11.566598243000044 48.145416252000075)","Unfall 225815 (2024) Kat:3, Licht: 2","225815","3","2","6","07","21","3","","2","0","1","1","0"
"POINT (11.565582786000050 48.191277832000026)","Unfall 225816 (2024) Kat:3, Licht: 0","225816","3","2","0","07","10","3","","0","1","1","0","0"
"POINT (11.628770633000045 48.215990376000036)","Unfall 225817 (2024) Kat:3, Licht: 0","225817","3","7","0","07","16","3","","0","1","0","0","0"
"POINT (11.424913200000049 48.140925005000042)","Unfall 225818 (2024) Kat:3, Licht: 0","225818","3","3","6","07","18","3","","0","0","1","1","0"
"POINT (11.479274805000045 48.164193424000075)","Unfall 225820 (2024) Kat:3, Licht: 0","225820","3","2","5","07","17","3","","0","1","1","0","0"
"POINT (11.492161477000025 48.184090624000078)","Unfall 225821 (2024) Kat:2, Licht: 0","225821","2","7","0","07","17","3","","0","1","0","0","0"
"POINT (11.475159267000038 48.180969600000026)","Unfall 225822 (2024) Kat:3, Licht: 0","225822","3","7","0","07","19","3","","0","1","0","0","0"
"POINT (11.566022296000028 48.174548476000041)","Unfall 225823 (2024) Kat:3, Licht: 0","225823","3","6","4","07","08","3","","0","1","0","0","0"
"POINT (11.520268809000072 48.215122283000028)","Unfall 225824 (2024) Kat:3, Licht: 0","225824","3","6","4","07","18","3","","0","1","0","0","0"
"POINT (11.545700675000035 48.169883127000048)","Unfall 225825 (2024) Kat:3, Licht: 0","225825","3","7","0","07","06","3","","0","0","0","0","0"
"POINT (11.502883405000034 48.135844329000065)","Unfall 225826 (2024) Kat:3, Licht: 0","225826","3","7","5","07","09","3","","0","1","0","1","0"
"POINT (11.643975989000069 48.115026301000057)","Unfall 225830 (2024) Kat:3, Licht: 0","225830","3","2","5","07","08","3","","0","1","1","0","0"
"POINT (11.711320635000050 48.137632984000049)","Unfall 225831 (2024) Kat:3, Licht: 1","225831","3","6","2","07","20","3","","1","1","0","0","0"
"POINT (11.685739339000065 48.120869248000076)","Unfall 225832 (2024) Kat:3, Licht: 0","225832","3","1","0","07","05","3","","0","1","0","0","0"
"POINT (11.605201991000058 48.104539945000056)","Unfall 225833 (2024) Kat:3, Licht: 0","225833","3","2","5","07","06","3","","0","0","1","0","0"
"POINT (11.662477011000021 48.140615694000076)","Unfall 225834 (2024) Kat:3, Licht: 0","225834","3","7","0","07","13","3","","0","1","0","0","0"
"POINT (11.612036316000058 48.131552314000032)","Unfall 225835 (2024) Kat:3, Licht: 0","225835","3","7","3","07","17","3","","0","1","1","0","0"
"POINT (11.549751436000065 48.125137758000051)","Unfall 225837 (2024) Kat:3, Licht: 0","225837","3","6","2","07","12","3","","0","0","1","0","1"
"POINT (11.572826443000054 48.177793030000032)","Unfall 225838 (2024) Kat:3, Licht: 0","225838","3","2","5","07","17","3","","0","1","0","0","1"
"POINT (11.573728059000075 48.151736594000056)","Unfall 225839 (2024) Kat:3, Licht: 0","225839","3","7","0","07","18","3","","0","1","0","0","0"
"POINT (11.578113398000028 48.139471582000056)","Unfall 225840 (2024) Kat:3, Licht: 0","225840","3","7","0","07","18","3","","0","1","1","0","0"
"POINT (11.565613661000043 48.139875792000055)","Unfall 225841 (2024) Kat:3, Licht: 0","225841","3","6","0","07","18","3","","0","1","0","0","0"
"POINT (11.579221649000033 48.129262019000066)","Unfall 225866 (2024) Kat:3, Licht: 0","225866","3","6","3","08","18","5","","0","0","1","0","0"
"POINT (11.657789131000072 48.129969371000072)","Unfall 225933 (2024) Kat:2, Licht: 0","225933","2","2","3","07","08","2","","0","1","1","0","0"
"POINT (11.569340974000056 48.211440316000051)","Unfall 225934 (2024) Kat:3, Licht: 0","225934","3","3","0","07","18","2","","0","1","1","0","0"
"POINT (11.454622912000048 48.204062683000075)","Unfall 225935 (2024) Kat:3, Licht: 0","225935","3","3","5","07","11","2","","0","1","0","0","0"
"POINT (11.532878696000068 48.170003194000060)","Unfall 225936 (2024) Kat:3, Licht: 0","225936","3","7","2","07","17","2","","0","1","0","0","0"
"POINT (11.550358403000075 48.214186846000075)","Unfall 225937 (2024) Kat:3, Licht: 0","225937","3","6","0","07","17","2","","0","1","1","0","0"
"POINT (11.471860939000067 48.128099636000059)","Unfall 225938 (2024) Kat:3, Licht: 0","225938","3","6","0","07","20","2","","0","1","0","0","0"
"POINT (11.636489483000048 48.098906847000080)","Unfall 225940 (2024) Kat:3, Licht: 0","225940","3","2","5","07","19","2","","0","0","1","0","1"
"POINT (11.576369155000066 48.111837977000050)","Unfall 225941 (2024) Kat:3, Licht: 0","225941","3","2","5","07","18","2","","0","1","1","0","0"
"POINT (11.661299652000025 48.143097102000070)","Unfall 225942 (2024) Kat:3, Licht: 0","225942","3","2","4","07","14","2","","0","0","1","0","1"
"POINT (11.510111670000072 48.112731393000047)","Unfall 225943 (2024) Kat:3, Licht: 0","225943","3","2","5","07","20","2","","0","1","1","0","0"
"POINT (11.541517663000036 48.133752159000039)","Unfall 225944 (2024) Kat:3, Licht: 0","225944","3","3","5","07","11","2","","0","0","1","0","0"
"POINT (11.548267601000077 48.137687943000060)","Unfall 225945 (2024) Kat:3, Licht: 0","225945","3","1","3","07","16","2","","0","0","1","0","1"
"POINT (11.591700006000053 48.168005224000069)","Unfall 225946 (2024) Kat:3, Licht: 0","225946","3","4","0","07","17","2","","0","1","1","1","0"
"POINT (11.595174319000023 48.150243671000055)","Unfall 225947 (2024) Kat:3, Licht: 2","225947","3","7","2","07","21","2","","2","1","0","0","0"
"POINT (11.561771050000061 48.142536884000037)","Unfall 225948 (2024) Kat:3, Licht: 0","225948","3","2","5","07","13","2","","0","1","1","0","0"
"POINT (11.581964543000026 48.145795954000050)","Unfall 226016 (2024) Kat:3, Licht: 0","226016","3","7","0","07","08","3","","0","0","0","0","0"
"POINT (11.533244425000021 48.165186207000033)","Unfall 226039 (2024) Kat:2, Licht: 2","226039","2","7","1","07","21","1","","2","0","1","1","0"
"POINT (11.546608595000066 48.149843258000033)","Unfall 226040 (2024) Kat:3, Licht: 0","226040","3","3","5","07","19","1","","0","1","1","0","0"
"POINT (11.553023575000054 48.161485071000072)","Unfall 226041 (2024) Kat:3, Licht: 0","226041","3","2","4","07","15","1","","0","0","1","0","0"
"POINT (11.530390211000054 48.176453577000075)","Unfall 226042 (2024) Kat:3, Licht: 0","226042","3","6","2","07","17","1","","0","0","1","0","1"
"POINT (11.496136811000042 48.187127802000077)","Unfall 226043 (2024) Kat:3, Licht: 0","226043","3","3","5","07","16","1","","0","0","1","0","0"
"POINT (11.537265242000046 48.150485501000048)","Unfall 226044 (2024) Kat:3, Licht: 0","226044","3","3","5","07","18","1","","0","1","1","0","0"
"POINT (11.544813104000070 48.151358133000031)","Unfall 226045 (2024) Kat:2, Licht: 1","226045","2","7","1","07","05","1","","1","1","1","0","0"
"POINT (11.502874070000075 48.135422833000064)","Unfall 226046 (2024) Kat:3, Licht: 2","226046","3","3","5","07","01","1","","2","0","1","0","0"
"POINT (11.497987942000066 48.094442483000080)","Unfall 226048 (2024) Kat:3, Licht: 0","226048","3","6","1","07","10","1","","0","1","1","0","0"
"POINT (11.658527501000037 48.100888596000061)","Unfall 226049 (2024) Kat:2, Licht: 0","226049","2","1","0","07","16","1","","0","0","0","0","0"
"POINT (11.642050549000032 48.158688061000078)","Unfall 226050 (2024) Kat:3, Licht: 0","226050","3","2","3","07","16","1","","0","1","1","0","0"
"POINT (11.664110972000060 48.166305196000053)","Unfall 226051 (2024) Kat:3, Licht: 0","226051","3","7","0","07","19","1","","0","1","0","0","0"
"POINT (11.549835426000072 48.138953974000060)","Unfall 226052 (2024) Kat:3, Licht: 0","226052","3","6","2","07","18","1","","0","0","1","0","0"
"POINT (11.567880637000030 48.163229573000081)","Unfall 226053 (2024) Kat:3, Licht: 2","226053","3","3","5","07","01","1","","2","0","1","0","0"
"POINT (11.566448929000046 48.140001837000057)","Unfall 226054 (2024) Kat:3, Licht: 2","226054","3","1","0","07","04","1","","2","1","0","0","0"
"POINT (11.646750139000062 48.157187816000032)","Unfall 226106 (2024) Kat:2, Licht: 0","226106","2","3","5","07","13","7","","0","0","1","0","1"
"POINT (11.566367301000071 48.140572287000055)","Unfall 226108 (2024) Kat:3, Licht: 2","226108","3","3","5","07","21","7","","2","0","1","0","0"
"POINT (11.559316091000028 48.175308144000041)","Unfall 226109 (2024) Kat:3, Licht: 0","226109","3","7","0","07","17","7","","0","1","1","0","0"
"POINT (11.568446618000053 48.143575417000079)","Unfall 226110 (2024) Kat:3, Licht: 2","226110","3","1","0","07","03","7","","2","1","0","0","0"
"POINT (11.573062926000034 48.203437545000043)","Unfall 226111 (2024) Kat:3, Licht: 0","226111","3","6","2","07","16","7","","0","0","1","0","0"
"POINT (11.514892840000073 48.135841485000071)","Unfall 226115 (2024) Kat:3, Licht: 0","226115","3","7","6","08","17","7","","0","0","0","1","0"
"POINT (11.620738659000040 48.152157899000031)","Unfall 226116 (2024) Kat:2, Licht: 0","226116","2","7","6","08","08","7","","0","0","0","1","0"
"POINT (11.407268969000029 48.193421780000051)","Unfall 226117 (2024) Kat:1, Licht: 0","226117","1","1","9","08","11","7","","0","0","1","0","0"
"POINT (11.540426248000074 48.213543546000039)","Unfall 226119 (2024) Kat:3, Licht: 2","226119","3","7","6","08","21","7","","2","0","0","1","0"
"POINT (11.493876915000044 48.129735885000059)","Unfall 226120 (2024) Kat:3, Licht: 2","226120","3","1","1","08","23","7","","2","1","1","0","0"
"POINT (11.502799449000065 48.132221334000064)","Unfall 226121 (2024) Kat:3, Licht: 0","226121","3","7","3","08","14","7","","0","0","1","0","1"
"POINT (11.529833709000059 48.099975257000040)","Unfall 226123 (2024) Kat:3, Licht: 0","226123","3","2","3","08","10","7","","0","1","1","0","0"
"POINT (11.546816516000035 48.096311094000043)","Unfall 226124 (2024) Kat:3, Licht: 0","226124","3","3","5","08","14","7","","0","0","0","0","1"
"POINT (11.691911474000051 48.118433706000076)","Unfall 226126 (2024) Kat:3, Licht: 0","226126","3","2","0","08","11","7","","0","0","1","0","0"
"POINT (11.689980140000046 48.139094961000069)","Unfall 226127 (2024) Kat:3, Licht: 2","226127","3","1","0","08","22","7","","2","1","0","0","0"
"POINT (11.622789029000046 48.129554106000057)","Unfall 226128 (2024) Kat:3, Licht: 0","226128","3","1","2","08","13","7","","0","0","1","0","0"
"POINT (11.579373725000039 48.129211154000075)","Unfall 226129 (2024) Kat:3, Licht: 0","226129","3","3","5","08","19","7","","0","1","0","0","0"
"POINT (11.517255126000066 48.113112059000059)","Unfall 226130 (2024) Kat:3, Licht: 0","226130","3","6","2","08","17","7","","0","1","0","0","0"
"POINT (11.522297299000059 48.106731087000071)","Unfall 226131 (2024) Kat:3, Licht: 0","226131","3","7","0","08","18","7","","0","1","0","0","0"
"POINT (11.586118126000031 48.161219918000029)","Unfall 226132 (2024) Kat:3, Licht: 1","226132","3","4","6","08","19","7","","1","1","1","1","0"
"POINT (11.590241892000051 48.166618045000064)","Unfall 226133 (2024) Kat:3, Licht: 2","226133","3","2","4","08","20","7","","2","0","1","0","1"
"POINT (11.593608709000023 48.152361621000068)","Unfall 226134 (2024) Kat:3, Licht: 0","226134","3","2","5","08","12","7","","0","1","0","0","0"
"POINT (11.559465193000051 48.142794220000042)","Unfall 226135 (2024) Kat:3, Licht: 0","226135","3","6","2","08","15","7","","0","0","1","0","0"
"POINT (11.584892757000034 48.132266676000029)","Unfall 226136 (2024) Kat:3, Licht: 2","226136","3","3","5","08","01","7","","2","0","1","0","0"
"POINT (11.553975829000024 48.124877011000081)","Unfall 226137 (2024) Kat:3, Licht: 0","226137","3","5","1","08","16","7","","0","1","1","0","0"
"POINT (11.571526627000026 48.142399641000054)","Unfall 226138 (2024) Kat:3, Licht: 2","226138","3","1","0","08","01","7","","2","0","0","0","0"
"POINT (11.496114934000047 48.179248065000081)","Unfall 226195 (2024) Kat:3, Licht: 0","226195","3","3","5","08","14","6","","0","1","1","0","0"
"POINT (11.580456119000075 48.149002574000065)","Unfall 226196 (2024) Kat:2, Licht: 0","226196","2","2","2","08","08","6","","0","0","1","0","1"
"POINT (11.541948704000049 48.145739677000051)","Unfall 226197 (2024) Kat:2, Licht: 0","226197","2","6","3","08","11","6","","0","0","1","0","1"
"POINT (11.626196001000039 48.171543449000069)","Unfall 226198 (2024) Kat:3, Licht: 0","226198","3","3","1","08","07","6","","0","0","0","0","1"
"POINT (11.572861256000067 48.177672319000067)","Unfall 226199 (2024) Kat:3, Licht: 0","226199","3","6","2","08","12","6","","0","0","1","0","0"
"POINT (11.423849371000074 48.142744625000034)","Unfall 226200 (2024) Kat:3, Licht: 1","226200","3","4","6","08","20","6","","1","0","1","1","0"
"POINT (11.545374481000067 48.165414374000079)","Unfall 226201 (2024) Kat:3, Licht: 0","226201","3","3","5","08","07","6","","0","1","0","0","0"
"POINT (11.508467239000026 48.130980221000073)","Unfall 226202 (2024) Kat:3, Licht: 0","226202","3","3","5","08","06","6","","0","1","1","0","0"
"POINT (11.670311631000061 48.123703007000074)","Unfall 226203 (2024) Kat:3, Licht: 0","226203","3","5","0","08","18","6","","0","1","1","0","0"
"POINT (11.685237126000061 48.120223376000069)","Unfall 226204 (2024) Kat:2, Licht: 2","226204","2","7","0","08","22","6","","2","1","0","0","0"
"POINT (11.576341358000036 48.119076954000036)","Unfall 226205 (2024) Kat:2, Licht: 0","226205","2","7","0","08","12","6","","0","1","0","1","0"
"POINT (11.553790985000035 48.121162794000043)","Unfall 226206 (2024) Kat:3, Licht: 0","226206","3","2","3","08","09","6","","0","1","1","0","0"
"POINT (11.447906110000076 48.138203092000026)","Unfall 226268 (2024) Kat:3, Licht: 0","226268","3","3","5","08","11","5","","0","0","1","0","0"
"POINT (11.413530619000028 48.158129883000072)","Unfall 226269 (2024) Kat:3, Licht: 1","226269","3","3","5","08","06","5","","1","1","1","0","0"
"POINT (11.537612347000049 48.154023414000051)","Unfall 226270 (2024) Kat:2, Licht: 0","226270","2","6","3","08","11","5","","0","1","0","0","0"
"POINT (11.553369303000068 48.148503275000053)","Unfall 226271 (2024) Kat:3, Licht: 0","226271","3","6","3","08","12","5","","0","1","0","0","0"
"POINT (11.521606806000023 48.156012971000052)","Unfall 226272 (2024) Kat:3, Licht: 0","226272","3","1","0","08","07","5","","0","1","0","0","0"
"POINT (11.582946295000056 48.116344769000079)","Unfall 226274 (2024) Kat:3, Licht: 1","226274","3","1","0","08","19","5","","1","1","0","0","0"
"POINT (11.582322043000033 48.127855767000028)","Unfall 226275 (2024) Kat:3, Licht: 0","226275","3","4","6","08","18","5","","0","1","0","1","0"
"POINT (11.534429933000069 48.136989620000065)","Unfall 226276 (2024) Kat:3, Licht: 0","226276","3","5","3","08","09","5","","0","1","0","0","1"
"POINT (11.542083331000072 48.139503104000028)","Unfall 226277 (2024) Kat:2, Licht: 0","226277","2","6","3","08","08","5","","0","0","1","0","1"
"POINT (11.541109567000035 48.150935149000077)","Unfall 226285 (2024) Kat:3, Licht: 0","226285","3","6","3","08","16","5","","0","1","0","0","0"
"POINT (11.515952867000067 48.094501564000041)","Unfall 226321 (2024) Kat:3, Licht: 0","226321","3","7","0","08","17","4","","0","1","0","0","0"
"POINT (11.614549575000069 48.129285601000049)","Unfall 226322 (2024) Kat:3, Licht: 0","226322","3","5","1","08","16","4","","0","0","0","0","0"
"POINT (11.556951557000048 48.095735063000063)","Unfall 226323 (2024) Kat:3, Licht: 0","226323","3","7","0","08","14","4","","0","1","0","0","0"
"POINT (11.568131145000052 48.133830518000082)","Unfall 226324 (2024) Kat:3, Licht: 0","226324","3","3","0","08","14","4","","0","1","1","0","0"
"POINT (11.513851714000054 48.096331292000059)","Unfall 226326 (2024) Kat:2, Licht: 0","226326","2","6","3","08","15","4","","0","0","1","0","0"
"POINT (11.581391879000023 48.114656715000081)","Unfall 226327 (2024) Kat:3, Licht: 0","226327","3","3","5","08","10","4","","0","0","1","0","0"
"POINT (11.565403020000076 48.150744768000038)","Unfall 226328 (2024) Kat:3, Licht: 0","226328","3","3","5","08","13","4","","0","1","1","0","0"
"POINT (11.567023766000034 48.140684119000070)","Unfall 226329 (2024) Kat:3, Licht: 0","226329","3","1","0","08","13","4","","0","1","0","0","0"
"POINT (11.448413656000071 48.192543400000034)","Unfall 226377 (2024) Kat:3, Licht: 2","226377","3","7","0","08","04","4","","2","0","0","0","1"
"POINT (11.554015918000061 48.154344569000045)","Unfall 226382 (2024) Kat:3, Licht: 0","226382","3","2","5","08","11","3","","0","1","1","0","0"
"POINT (11.560140406000073 48.151305402000048)","Unfall 226383 (2024) Kat:3, Licht: 0","226383","3","7","1","08","15","3","","0","1","1","0","0"
"POINT (11.584580893000066 48.114541803000066)","Unfall 226387 (2024) Kat:3, Licht: 0","226387","3","6","3","08","14","3","","0","1","1","0","0"
"POINT (11.618213048000030 48.166214181000043)","Unfall 226388 (2024) Kat:3, Licht: 2","226388","3","5","3","08","22","3","","2","1","1","0","0"
"POINT (11.534704449000060 48.120176136000055)","Unfall 226389 (2024) Kat:3, Licht: 0","226389","3","6","0","08","10","3","","0","0","0","0","0"
"POINT (11.564398266000069 48.132344392000050)","Unfall 226390 (2024) Kat:3, Licht: 0","226390","3","4","6","08","10","3","","0","1","0","1","0"
"POINT (11.563772328000027 48.131909582000048)","Unfall 226391 (2024) Kat:3, Licht: 0","226391","3","3","5","08","17","3","","0","1","1","0","0"
"POINT (11.590160005000030 48.167997925000066)","Unfall 226392 (2024) Kat:3, Licht: 0","226392","3","3","5","08","14","3","","0","1","1","0","0"
"POINT (11.607638619000056 48.127560087000063)","Unfall 226435 (2024) Kat:3, Licht: 0","226435","3","7","0","08","10","3","","0","0","1","1","0"
"POINT (11.562491509000040 48.185906376000048)","Unfall 226436 (2024) Kat:3, Licht: 0","226436","3","3","5","08","14","2","","0","0","1","0","1"
"POINT (11.513806669000076 48.111560424000061)","Unfall 226437 (2024) Kat:3, Licht: 0","226437","3","3","5","08","08","2","","0","0","1","0","0"
"POINT (11.589895658000046 48.111593011000082)","Unfall 226440 (2024) Kat:3, Licht: 0","226440","3","3","5","08","17","2","","0","0","1","0","1"
"POINT (11.605429322000077 48.135557707000032)","Unfall 226441 (2024) Kat:3, Licht: 0","226441","3","1","0","08","11","2","","0","0","0","0","0"
"POINT (11.580960175000030 48.169273849000035)","Unfall 226442 (2024) Kat:3, Licht: 0","226442","3","3","5","08","17","2","","0","0","1","0","0"
"POINT (11.615664287000072 48.144352541000046)","Unfall 226481 (2024) Kat:2, Licht: 2","226481","2","5","1","08","01","1","","2","0","1","0","0"
"POINT (11.586530067000069 48.187871310000048)","Unfall 226482 (2024) Kat:3, Licht: 0","226482","3","7","3","08","19","1","","0","0","1","0","0"
"POINT (11.563098232000073 48.208790744000055)","Unfall 226484 (2024) Kat:3, Licht: 2","226484","3","3","5","08","02","1","","2","0","1","0","0"
"POINT (11.555181500000060 48.180735082000069)","Unfall 226485 (2024) Kat:3, Licht: 2","226485","3","7","6","08","00","1","","2","0","1","1","0"
"POINT (11.525915614000041 48.218146023000031)","Unfall 226501 (2024) Kat:3, Licht: 2","226501","3","7","0","08","02","7","","2","1","0","0","0"
"POINT (11.546568168000022 48.149772365000047)","Unfall 226502 (2024) Kat:3, Licht: 0","226502","3","2","5","08","15","7","","0","1","1","0","0"
"POINT (11.644290619000060 48.097088300000053)","Unfall 226503 (2024) Kat:3, Licht: 0","226503","3","2","3","08","16","7","","0","1","1","0","0"
"POINT (11.582210060000023 48.122787112000026)","Unfall 226504 (2024) Kat:3, Licht: 0","226504","3","7","0","08","20","7","","0","1","0","0","0"
"POINT (11.576626070000032 48.113953140000035)","Unfall 226505 (2024) Kat:2, Licht: 1","226505","2","7","2","08","05","7","","1","0","0","0","1"
"POINT (11.539628560000040 48.134797257000059)","Unfall 226506 (2024) Kat:3, Licht: 0","226506","3","5","0","08","12","7","","0","1","1","0","0"
"POINT (11.574824831000058 48.159507648000044)","Unfall 226507 (2024) Kat:3, Licht: 0","226507","3","1","0","08","09","7","","0","1","0","0","0"
"POINT (11.579694711000059 48.147165434000044)","Unfall 226508 (2024) Kat:3, Licht: 0","226508","3","5","0","08","13","7","","0","1","1","0","0"
"POINT (11.565912740000044 48.134149904000026)","Unfall 226510 (2024) Kat:3, Licht: 0","226510","3","2","3","08","13","7","","0","0","1","0","0"
"POINT (11.506046172000026 48.094289067000034)","Unfall 226517 (2024) Kat:3, Licht: 0","226517","3","3","5","08","13","3","","0","1","0","0","0"
"POINT (11.640667283000028 48.097951792000060)","Unfall 226548 (2024) Kat:3, Licht: 0","226548","3","2","4","08","13","6","","0","1","1","0","0"
"POINT (11.584499278000067 48.138327450000077)","Unfall 226549 (2024) Kat:3, Licht: 2","226549","3","7","5","08","00","6","","2","0","1","0","0"
"POINT (11.465819504000024 48.147787918000063)","Unfall 226550 (2024) Kat:3, Licht: 0","226550","3","2","5","08","13","6","","0","1","1","0","0"
"POINT (11.527204575000042 48.168980619000081)","Unfall 226551 (2024) Kat:3, Licht: 0","226551","3","1","0","08","09","6","","0","0","0","0","1"
"POINT (11.503291439000066 48.146441245000062)","Unfall 226552 (2024) Kat:2, Licht: 2","226552","2","1","0","08","04","6","","2","0","0","0","0"
"POINT (11.502913095000054 48.130504506000079)","Unfall 226553 (2024) Kat:3, Licht: 0","226553","3","7","3","08","14","6","","0","0","1","0","0"
"POINT (11.502516954000043 48.116301271000054)","Unfall 226554 (2024) Kat:3, Licht: 0","226554","3","2","5","08","13","6","","0","0","1","0","0"
"POINT (11.498500770000021 48.133614982000040)","Unfall 226555 (2024) Kat:3, Licht: 0","226555","3","5","1","08","12","6","","0","1","1","0","0"
"POINT (11.695402809000029 48.108758717000057)","Unfall 226556 (2024) Kat:3, Licht: 0","226556","3","2","1","08","19","6","","0","1","1","0","0"
"POINT (11.619435428000031 48.148758587000032)","Unfall 226557 (2024) Kat:3, Licht: 0","226557","3","6","6","08","13","6","","0","1","0","1","0"
"POINT (11.584727056000077 48.126157581000029)","Unfall 226558 (2024) Kat:3, Licht: 0","226558","3","6","5","08","12","6","","0","1","1","0","0"
"POINT (11.618262225000024 48.118184656000039)","Unfall 226559 (2024) Kat:3, Licht: 0","226559","3","4","6","08","15","6","","0","0","1","1","0"
"POINT (11.576905613000065 48.123951848000047)","Unfall 226560 (2024) Kat:3, Licht: 0","226560","3","1","3","08","20","6","","0","1","0","0","0"
"POINT (11.539157677000048 48.126165562000040)","Unfall 226561 (2024) Kat:3, Licht: 2","226561","3","3","5","08","20","6","","2","1","0","0","1"
"POINT (11.554437574000076 48.123123484000075)","Unfall 226562 (2024) Kat:3, Licht: 0","226562","3","2","5","08","08","6","","0","1","1","0","0"
"POINT (11.630526525000050 48.118893037000078)","Unfall 226584 (2024) Kat:3, Licht: 2","226584","3","2","3","08","23","4","","2","1","1","0","0"
"POINT (11.578832270000021 48.206755280000039)","Unfall 226620 (2024) Kat:3, Licht: 2","226620","3","7","0","08","23","1","","2","0","0","0","1"
"POINT (11.550996845000043 48.118662574000041)","Unfall 226630 (2024) Kat:3, Licht: 0","226630","3","7","0","08","18","5","","0","1","0","0","0"
"POINT (11.463934164000023 48.178208077000079)","Unfall 226632 (2024) Kat:3, Licht: 0","226632","3","6","0","08","12","5","","0","1","0","0","0"
"POINT (11.502459356000031 48.120177293000040)","Unfall 226633 (2024) Kat:3, Licht: 0","226633","3","2","5","08","12","5","","0","0","1","0","0"
"POINT (11.523602580000045 48.098105519000057)","Unfall 226635 (2024) Kat:3, Licht: 0","226635","3","3","5","08","12","5","","0","1","1","0","0"
"POINT (11.567436380000061 48.123137133000057)","Unfall 226636 (2024) Kat:3, Licht: 0","226636","3","6","3","08","19","5","","0","0","1","0","1"
"POINT (11.562420680000059 48.132658927000080)","Unfall 226641 (2024) Kat:3, Licht: 0","226641","3","7","1","08","12","5","","0","1","1","0","0"
"POINT (11.690241955000033 48.135495923000065)","Unfall 226695 (2024) Kat:3, Licht: 0","226695","3","2","4","08","14","4","","0","0","1","0","0"
"POINT (11.596660652000025 48.128910186000041)","Unfall 226696 (2024) Kat:3, Licht: 0","226696","3","1","1","08","15","4","","0","1","1","0","0"
"POINT (11.495976944000063 48.179753423000079)","Unfall 226698 (2024) Kat:3, Licht: 0","226698","3","5","1","08","09","4","","0","0","1","0","0"
"POINT (11.534310362000042 48.145274506000078)","Unfall 226699 (2024) Kat:2, Licht: 0","226699","2","1","9","08","12","4","","0","0","0","0","0"
"POINT (11.520031699000072 48.132268965000037)","Unfall 226700 (2024) Kat:3, Licht: 0","226700","3","4","6","08","10","4","","0","0","0","1","1"
"POINT (11.464435910000077 48.150669397000058)","Unfall 226701 (2024) Kat:3, Licht: 0","226701","3","6","3","08","15","4","","0","0","1","0","0"
"POINT (11.522225921000029 48.099599618000070)","Unfall 226703 (2024) Kat:3, Licht: 0","226703","3","3","0","08","08","4","","0","1","0","0","0"
"POINT (11.707426804000022 48.133444513000029)","Unfall 226704 (2024) Kat:3, Licht: 2","226704","3","7","6","08","22","4","","2","0","1","1","0"
"POINT (11.585071655000036 48.099546048000036)","Unfall 226705 (2024) Kat:3, Licht: 0","226705","3","2","5","08","19","4","","0","1","1","0","0"
"POINT (11.608886250000069 48.128378275000046)","Unfall 226707 (2024) Kat:3, Licht: 0","226707","3","7","6","08","06","4","","0","1","0","1","0"