WKT,Name,OBJECTID,UKATEGORIE,UTYP1,UART,UMONAT,USTUNDE,UWOCHENTAG,STRZUSTAND,ULICHTVERH,ISTRAD,ISTPKW,ISTFUSS,ISTKRAD
"POINT (11.579100334000032 48.125744238000038)","Unfall 226708 (2024) Kat:3, Licht: 1","226708","3","7","0","08","19","4","","1","1","0","0","0"
"POINT (11.555964496000058 48.137478942000030)","Unfall 226710 (2024) Kat:3, Licht: 2","226710","3","2","5","08","20","4","","2","1","1","0","0"
"POINT (11.559942400000068 48.143665149000071)","Unfall 226711 (2024) Kat:3, Licht: 0","226711","3","1","8","08","19","4","","0","1","0","0","0"
"POINT (11.595372256000076 48.150652315000059)","Unfall 226712 (2024) Kat:3, Licht: 0","226712","3","6","0","08","17","4","","0","0","1","0","0"
"POINT (11.585028894000061 48.132356156000071)","Unfall 226713 (2024) Kat:3, Licht: 2","226713","3","2","5","08","22","4","","2","0","1","0","0"
"POINT (11.595429342000045 48.184543544000064)","Unfall 226771 (2024) Kat:3, Licht: 0","226771","3","4","6","08","18","3","","0","0","1","1","0"
"POINT (11.414527881000026 48.132701773000065)","Unfall 226772 (2024) Kat:3, Licht: 1","226772","3","7","7","08","19","3","","1","0","1","0","0"
"POINT (11.554254805000028 48.167613961000029)","Unfall 226773 (2024) Kat:3, Licht: 2","226773","3","1","8","08","22","3","","2","0","1","0","0"
"POINT (11.502708577000021 48.128954845000067)","Unfall 226774 (2024) Kat:3, Licht: 0","226774","3","2","4","08","16","3","","0","0","1","0","0"
"POINT (11.614299967000022 48.152225805000057)","Unfall 226779 (2024) Kat:3, Licht: 0","226779","3","2","3","08","16","3","","0","1","1","0","0"
"POINT (11.578338063000047 48.144283928000050)","Unfall 226780 (2024) Kat:3, Licht: 0","226780","3","2","5","08","10","3","","0","1","1","0","0"
"POINT (11.564643432000025 48.136941978000038)","Unfall 226782 (2024) Kat:3, Licht: 2","226782","3","1","0","08","00","3","","2","0","0","0","0"
"POINT (11.584448359000021 48.132616031000055)","Unfall 226813 (2024) Kat:3, Licht: 2","226813","3","1","0","08","23","5","","2","1","0","0","0"
"POINT (11.459613085000058 48.165639829000042)","Unfall 226851 (2024) Kat:2, Licht: 0","226851","2","4","6","08","11","2","","0","1","0","1","0"
"POINT (11.459359695000046 48.209607145000064)","Unfall 226852 (2024) Kat:3, Licht: 0","226852","3","2","3","08","13","2","","0","1","1","0","0"
"POINT (11.562556534000066 48.185562800000071)","Unfall 226854 (2024) Kat:3, Licht: 0","226854","3","7","1","08","13","2","","0","0","1","0","0"
"POINT (11.492729736000058 48.165434431000051)","Unfall 226855 (2024) Kat:3, Licht: 0","226855","3","2","0","08","05","2","","0","0","0","0","0"
"POINT (11.502415218000067 48.112030852000032)","Unfall 226857 (2024) Kat:3, Licht: 2","226857","3","2","5","08","22","2","","2","0","1","0","0"
"POINT (11.539626023000039 48.100377537000043)","Unfall 226858 (2024) Kat:3, Licht: 0","226858","3","7","6","08","19","2","","0","1","0","1","0"
"POINT (11.624691942000027 48.153764442000067)","Unfall 226859 (2024) Kat:3, Licht: 0","226859","3","6","3","08","08","2","","0","0","1","0","0"
"POINT (11.588849321000055 48.117169805000060)","Unfall 226860 (2024) Kat:3, Licht: 1","226860","3","7","0","08","20","2","","1","1","0","0","0"
"POINT (11.507188615000075 48.119619846000035)","Unfall 226862 (2024) Kat:3, Licht: 0","226862","3","3","0","08","11","2","","0","1","1","0","0"
"POINT (11.534449840000036 48.136155832000043)","Unfall 226863 (2024) Kat:3, Licht: 2","226863","3","7","0","08","03","2","","2","0","0","0","0"
"POINT (11.584799725000039 48.149092492000079)","Unfall 226864 (2024) Kat:3, Licht: 0","226864","3","6","4","08","18","2","","0","1","0","0","0"
"POINT (11.565142914000035 48.136170360000051)","Unfall 226865 (2024) Kat:3, Licht: 2","226865","3","7","0","08","04","2","","2","0","0","0","0"
"POINT (11.509435783000072 48.138608581000028)","Unfall 226903 (2024) Kat:3, Licht: 0","226903","3","3","5","08","13","2","","0","0","1","0","1"
"POINT (11.566624061000027 48.131802229000073)","Unfall 226916 (2024) Kat:2, Licht: 0","226916","2","5","0","08","08","4","","0","1","1","0","0"
"POINT (11.678500349000046 48.126395588000037)","Unfall 226942 (2024) Kat:2, Licht: 1","226942","2","7","0","08","20","1","","1","0","0","0","0"
"POINT (11.567624086000023 48.176604678000047)","Unfall 226943 (2024) Kat:3, Licht: 0","226943","3","2","5","08","11","1","","0","1","1","0","0"
"POINT (11.515564038000036 48.181629015000055)","Unfall 226944 (2024) Kat:3, Licht: 2","226944","3","6","0","08","23","1","","2","0","0","0","0"
"POINT (11.555730254000025 48.148088354000038)","Unfall 226945 (2024) Kat:3, Licht: 0","226945","3","2","5","08","12","1","","0","0","1","0","0"
"POINT (11.476138953000032 48.108613188000049)","Unfall 226946 (2024) Kat:3, Licht: 0","226946","3","3","5","08","10","1","","0","1","1","0","0"
"POINT (11.497450994000076 48.139707864000059)","Unfall 226947 (2024) Kat:3, Licht: 0","226947","3","7","0","08","16","1","","0","0","0","0","1"
"POINT (11.487545094000041 48.113804639000080)","Unfall 226948 (2024) Kat:3, Licht: 0","226948","3","7","0","08","09","1","","0","1","0","0","0"
"POINT (11.568956990000061 48.147344734000058)","Unfall 226950 (2024) Kat:3, Licht: 2","226950","3","1","0","08","01","1","","2","1","0","0","0"
"POINT (11.578167171000075 48.139462663000074)","Unfall 226951 (2024) Kat:3, Licht: 2","226951","3","7","1","08","22","1","","2","1","1","0","0"
"POINT (11.495487471000047 48.136126765000029)","Unfall 226953 (2024) Kat:3, Licht: 0","226953","3","1","0","08","17","3","","0","1","0","0","0"
"POINT (11.502781657000071 48.139679698000066)","Unfall 227018 (2024) Kat:3, Licht: 0","227018","3","2","4","08","17","7","","0","0","1","0","0"
"POINT (11.564270344000022 48.163632699000061)","Unfall 227019 (2024) Kat:3, Licht: 0","227019","3","6","2","08","16","7","","0","0","1","0","0"
"POINT (11.562108735000038 48.174701061000064)","Unfall 227021 (2024) Kat:3, Licht: 2","227021","3","7","0","08","00","7","","2","1","0","0","0"
"POINT (11.565572196000062 48.191477335000059)","Unfall 227022 (2024) Kat:3, Licht: 0","227022","3","2","5","08","08","7","","0","0","1","0","0"
"POINT (11.559978260000037 48.152019252000059)","Unfall 227023 (2024) Kat:3, Licht: 2","227023","3","7","1","08","03","7","","2","0","1","0","0"
"POINT (11.585287053000059 48.132247640000060)","Unfall 227026 (2024) Kat:3, Licht: 0","227026","3","7","0","08","11","7","","0","0","0","0","1"
"POINT (11.602385762000040 48.114897748000033)","Unfall 227027 (2024) Kat:3, Licht: 0","227027","3","6","4","08","12","7","","0","1","0","0","0"
"POINT (11.582868179000059 48.131155201000070)","Unfall 227028 (2024) Kat:3, Licht: 0","227028","3","6","2","08","14","7","","0","0","1","0","1"
"POINT (11.565277811000044 48.139715118000026)","Unfall 227029 (2024) Kat:3, Licht: 0","227029","3","2","3","08","16","7","","0","1","1","0","0"
"POINT (11.577604726000061 48.136915160000058)","Unfall 227030 (2024) Kat:3, Licht: 0","227030","3","6","3","08","17","7","","0","1","1","0","0"
"POINT (11.462614630000076 48.197475317000055)","Unfall 227089 (2024) Kat:3, Licht: 0","227089","3","6","2","08","18","6","","0","0","1","0","0"
"POINT (11.582542109000030 48.098510730000044)","Unfall 227092 (2024) Kat:3, Licht: 0","227092","3","7","1","08","13","5","","0","1","1","0","0"
"POINT (11.599368314000060 48.103089105000038)","Unfall 227102 (2024) Kat:2, Licht: 0","227102","2","1","0","08","17","6","","0","1","0","0","0"
"POINT (11.555988477000028 48.155411840000056)","Unfall 227103 (2024) Kat:3, Licht: 0","227103","3","3","5","08","18","6","","0","0","1","0","1"
"POINT (11.521208630000046 48.094967185000030)","Unfall 227104 (2024) Kat:3, Licht: 0","227104","3","3","5","08","09","6","","0","0","1","0","1"
"POINT (11.545600678000028 48.137907040000073)","Unfall 227105 (2024) Kat:3, Licht: 0","227105","3","3","5","08","14","6","","0","1","1","0","0"
"POINT (11.549785283000062 48.139012254000079)","Unfall 227106 (2024) Kat:3, Licht: 0","227106","3","7","2","08","14","6","","0","0","1","0","0"
"POINT (11.593121899000039 48.187827662000075)","Unfall 227108 (2024) Kat:3, Licht: 0","227108","3","7","3","08","13","6","","0","0","0","0","0"
"POINT (11.494986368000070 48.147257749000062)","Unfall 227109 (2024) Kat:3, Licht: 0","227109","3","2","4","08","11","6","","0","1","0","0","0"
"POINT (11.543867528000021 48.103747034000037)","Unfall 227111 (2024) Kat:3, Licht: 0","227111","3","4","6","08","17","6","","0","1","0","1","0"
"POINT (11.550913971000057 48.135775877000071)","Unfall 227112 (2024) Kat:3, Licht: 0","227112","3","2","3","08","07","3","","0","1","1","0","0"
"POINT (11.663544075000061 48.134472123000080)","Unfall 227114 (2024) Kat:3, Licht: 1","227114","3","1","0","08","05","6","","1","0","0","0","0"
"POINT (11.595389770000054 48.127692403000026)","Unfall 227115 (2024) Kat:3, Licht: 0","227115","3","7","0","08","08","6","","0","1","0","0","0"
"POINT (11.546389132000058 48.120623935000026)","Unfall 227116 (2024) Kat:3, Licht: 0","227116","3","6","6","08","14","6","","0","0","1","1","0"
"POINT (11.568233440000029 48.122462566000081)","Unfall 227117 (2024) Kat:3, Licht: 0","227117","3","7","6","08","18","6","","0","1","0","1","0"
"POINT (11.584625919000075 48.157206709000036)","Unfall 227118 (2024) Kat:3, Licht: 0","227118","3","7","0","08","16","6","","0","1","0","0","0"
"POINT (11.580251286000077 48.139076424000052)","Unfall 227120 (2024) Kat:3, Licht: 0","227120","3","1","0","08","15","6","","0","1","0","0","0"
"POINT (11.565211598000076 48.137106523000057)","Unfall 227121 (2024) Kat:3, Licht: 2","227121","3","7","1","08","22","6","","2","1","1","0","0"
"POINT (11.582605564000062 48.133823354000072)","Unfall 227122 (2024) Kat:3, Licht: 0","227122","3","2","2","08","19","6","","0","1","1","0","0"
"POINT (11.580483818000062 48.148994888000061)","Unfall 227123 (2024) Kat:3, Licht: 0","227123","3","3","5","08","11","6","","0","1","0","0","0"
"POINT (11.541312881000067 48.186395761000028)","Unfall 227137 (2024) Kat:3, Licht: 0","227137","3","1","2","08","07","2","","0","0","1","0","0"
"POINT (11.564626775000022 48.170664866000038)","Unfall 227140 (2024) Kat:2, Licht: 0","227140","2","6","3","08","13","6","","0","0","1","0","1"
"POINT (11.570197953000047 48.160973137000042)","Unfall 227212 (2024) Kat:2, Licht: 2","227212","2","7","0","09","19","7","","2","1","0","0","0"
"POINT (11.707197445000077 48.108766365000065)","Unfall 227213 (2024) Kat:3, Licht: 2","227213","3","5","1","09","21","7","","2","1","1","0","0"
"POINT (11.569338707000043 48.211457431000042)","Unfall 227215 (2024) Kat:3, Licht: 0","227215","3","3","5","09","10","7","","0","1","0","0","0"
"POINT (11.516597639000054 48.177227953000056)","Unfall 227216 (2024) Kat:3, Licht: 0","227216","3","5","1","09","11","7","","0","1","1","0","0"
"POINT (11.549705117000030 48.125068340000041)","Unfall 227217 (2024) Kat:3, Licht: 0","227217","3","2","4","09","12","7","","0","0","1","0","1"
"POINT (11.524498339000047 48.199914559000035)","Unfall 227218 (2024) Kat:3, Licht: 0","227218","3","3","5","09","15","7","","0","1","0","0","0"
"POINT (11.502980450000052 48.140837837000049)","Unfall 227219 (2024) Kat:3, Licht: 1","227219","3","3","5","09","18","7","","1","0","1","0","0"
"POINT (11.578801313000042 48.106804356000055)","Unfall 227221 (2024) Kat:3, Licht: 2","227221","3","4","6","09","20","7","","2","0","1","1","0"
"POINT (11.568233051000050 48.122462892000044)","Unfall 227222 (2024) Kat:3, Licht: 0","227222","3","6","2","09","10","7","","0","1","0","0","0"
"POINT (11.597570258000076 48.134882038000057)","Unfall 227223 (2024) Kat:3, Licht: 0","227223","3","4","6","09","13","7","","0","1","0","1","0"
"POINT (11.614762949000067 48.124700193000081)","Unfall 227224 (2024) Kat:3, Licht: 0","227224","3","2","6","09","11","7","","0","0","1","1","0"
"POINT (11.561372178000056 48.120528888000081)","Unfall 227225 (2024) Kat:3, Licht: 0","227225","3","6","3","09","08","7","","0","1","0","0","0"
"POINT (11.571347233000040 48.161319605000074)","Unfall 227226 (2024) Kat:3, Licht: 2","227226","3","1","1","09","23","7","","2","0","1","0","0"
"POINT (11.586318956000071 48.168391493000058)","Unfall 227227 (2024) Kat:3, Licht: 2","227227","3","2","3","09","23","7","","2","1","1","0","0"
"POINT (11.565023448000034 48.138995729000044)","Unfall 227228 (2024) Kat:3, Licht: 0","227228","3","6","2","09","13","7","","0","1","0","0","0"
"POINT (11.477445082000031 48.116463296000063)","Unfall 227301 (2024) Kat:2, Licht: 2","227301","2","4","6","09","21","6","","2","0","1","1","0"
"POINT (11.603427300000021 48.130397915000060)","Unfall 227302 (2024) Kat:3, Licht: 0","227302","3","2","4","09","17","6","","0","1","0","0","0"
"POINT (11.594083999000077 48.115132642000049)","Unfall 227304 (2024) Kat:3, Licht: 0","227304","3","3","5","09","08","6","","0","1","1","0","0"
"POINT (11.573486334000052 48.117107346000068)","Unfall 227305 (2024) Kat:2, Licht: 0","227305","2","7","0","09","16","6","","0","1","0","0","0"
"POINT (11.506769331000044 48.176323466000042)","Unfall 227306 (2024) Kat:2, Licht: 0","227306","2","4","6","09","18","6","","0","1","0","1","0"
"POINT (11.458793249000053 48.156208448000029)","Unfall 227310 (2024) Kat:3, Licht: 0","227310","3","6","2","09","17","6","","0","1","0","0","0"
"POINT (11.596834453000042 48.129605902000037)","Unfall 227312 (2024) Kat:3, Licht: 0","227312","3","7","0","09","17","6","","0","1","1","0","0"
"POINT (11.561183049000022 48.139583797000057)","Unfall 227313 (2024) Kat:3, Licht: 0","227313","3","7","0","09","18","6","","0","1","0","0","0"
"POINT (11.571367499000075 48.164873225000065)","Unfall 227314 (2024) Kat:3, Licht: 1","227314","3","6","0","09","19","6","","1","1","1","0","0"
"POINT (11.572905802000037 48.133067247000042)","Unfall 227315 (2024) Kat:3, Licht: 0","227315","3","6","2","09","14","6","","0","1","1","0","0"
"POINT (11.577477378000026 48.139577068000051)","Unfall 227316 (2024) Kat:3, Licht: 0","227316","3","1","6","09","08","6","","0","1","0","1","0"
"POINT (11.571673859000043 48.135139280000033)","Unfall 227380 (2024) Kat:3, Licht: 0","227380","3","7","0","09","11","5","","0","1","0","0","0"
"POINT (11.548325870000042 48.119134128000042)","Unfall 227381 (2024) Kat:3, Licht: 0","227381","3","7","1","09","10","5","","0","0","1","0","0"
"POINT (11.599644133000027 48.142299204000039)","Unfall 227382 (2024) Kat:3, Licht: 0","227382","3","5","1","09","14","5","","0","1","1","0","0"
"POINT (11.619074317000070 48.198249172000033)","Unfall 227384 (2024) Kat:3, Licht: 0","227384","3","6","4","09","16","5","","0","1","0","0","0"
"POINT (11.581170298000075 48.188228852000066)","Unfall 227385 (2024) Kat:3, Licht: 0","227385","3","7","0","09","13","5","","0","1","0","0","0"
"POINT (11.519179764000057 48.177210313000046)","Unfall 227386 (2024) Kat:3, Licht: 0","227386","3","6","2","09","16","5","","0","1","0","0","0"
"POINT (11.566686103000052 48.187176211000065)","Unfall 227387 (2024) Kat:2, Licht: 0","227387","2","4","6","09","06","5","","0","1","0","1","0"
"POINT (11.474331288000030 48.125650032000067)","Unfall 227388 (2024) Kat:3, Licht: 2","227388","3","7","0","09","20","5","","2","1","0","0","0"
"POINT (11.599695353000072 48.087025522000033)","Unfall 227389 (2024) Kat:3, Licht: 0","227389","3","3","5","09","06","5","","0","1","1","0","0"
"POINT (11.549823694000054 48.136043649000044)","Unfall 227390 (2024) Kat:3, Licht: 0","227390","3","2","5","09","08","5","","0","1","1","0","0"
"POINT (11.587514196000029 48.164884440000037)","Unfall 227391 (2024) Kat:3, Licht: 0","227391","3","7","3","09","12","5","","0","1","1","0","0"
"POINT (11.520495127000061 48.147652099000027)","Unfall 227472 (2024) Kat:3, Licht: 0","227472","3","7","4","09","13","4","","0","1","0","0","0"
"POINT (11.586641778000057 48.137838182000053)","Unfall 227473 (2024) Kat:2, Licht: 0","227473","2","2","6","09","14","4","","0","0","1","1","0"
"POINT (11.572571549000031 48.149946381000063)","Unfall 227474 (2024) Kat:2, Licht: 2","227474","2","1","0","09","21","4","","2","1","1","0","0"
"POINT (11.581319397000073 48.114572389000045)","Unfall 227475 (2024) Kat:2, Licht: 0","227475","2","3","5","09","17","4","","0","1","1","0","0"
"POINT (11.501235138000027 48.183562790000053)","Unfall 227476 (2024) Kat:3, Licht: 1","227476","3","3","0","09","20","4","","1","0","1","0","1"
"POINT (11.547371932000033 48.159906191000061)","Unfall 227477 (2024) Kat:3, Licht: 0","227477","3","3","5","09","08","4","","0","1","1","0","0"
"POINT (11.538909379000074 48.151257544000032)","Unfall 227478 (2024) Kat:2, Licht: 0","227478","2","3","0","09","09","4","","0","1","1","0","0"
"POINT (11.535449593000067 48.146378322000032)","Unfall 227479 (2024) Kat:3, Licht: 2","227479","3","2","5","09","20","4","","2","1","1","0","0"
"POINT (11.526056052000058 48.131993154000043)","Unfall 227480 (2024) Kat:3, Licht: 0","227480","3","3","5","09","12","4","","0","1","1","0","0"
"POINT (11.481236322000029 48.093753469000035)","Unfall 227481 (2024) Kat:3, Licht: 0","227481","3","1","4","09","16","4","","0","0","1","0","0"
"POINT (11.636754146000044 48.108625249000056)","Unfall 227483 (2024) Kat:3, Licht: 2","227483","3","1","9","09","00","4","","2","0","0","0","1"
"POINT (11.642755792000060 48.106850131000044)","Unfall 227484 (2024) Kat:3, Licht: 0","227484","3","3","5","09","17","4","","0","1","1","0","0"
"POINT (11.629347938000024 48.162249443000064)","Unfall 227485 (2024) Kat:3, Licht: 0","227485","3","2","0","09","10","4","","0","0","1","1","0"
"POINT (11.584499536000067 48.138336866000031)","Unfall 227486 (2024) Kat:3, Licht: 2","227486","3","6","1","09","22","4","","2","0","1","0","0"
"POINT (11.567583189000061 48.131947893000074)","Unfall 227487 (2024) Kat:3, Licht: 0","227487","3","5","0","09","16","4","","0","0","1","0","0"
"POINT (11.544762858000070 48.127557954000054)","Unfall 227549 (2024) Kat:3, Licht: 1","227549","3","6","2","09","19","3","","1","0","1","0","1"
"POINT (11.544898768000053 48.127770397000063)","Unfall 227550 (2024) Kat:2, Licht: 1","227550","2","2","4","09","19","3","","1","0","1","0","1"
"POINT (11.537077054000065 48.096075127000063)","Unfall 227551 (2024) Kat:3, Licht: 0","227551","3","6","5","09","15","3","","0","1","1","0","0"
"POINT (11.566554267000072 48.154710465000051)","Unfall 227552 (2024) Kat:3, Licht: 0","227552","3","6","5","09","12","3","","0","1","1","0","0"
"POINT (11.469423965000033 48.127942312000073)","Unfall 227554 (2024) Kat:3, Licht: 0","227554","3","7","0","09","14","3","","0","1","0","0","0"
"POINT (11.450000798000076 48.136766325000053)","Unfall 227556 (2024) Kat:3, Licht: 0","227556","3","4","6","09","17","3","","0","1","0","1","0"
"POINT (11.709748625000032 48.138187304000041)","Unfall 227557 (2024) Kat:3, Licht: 0","227557","3","2","4","09","17","3","","0","0","0","0","1"
"POINT (11.605012576000036 48.125798714000041)","Unfall 227558 (2024) Kat:3, Licht: 0","227558","3","6","3","09","09","3","","0","1","0","0","0"
"POINT (11.556019373000026 48.137478085000055)","Unfall 227560 (2024) Kat:3, Licht: 0","227560","3","3","4","09","14","3","","0","1","1","0","0"
"POINT (11.594125305000034 48.141009521000058)","Unfall 227561 (2024) Kat:3, Licht: 0","227561","3","6","5","09","17","3","","0","1","0","0","1"
"POINT (11.559148719000063 48.150093051000056)","Unfall 227562 (2024) Kat:3, Licht: 0","227562","3","2","3","09","08","3","","0","1","1","0","0"
"POINT (11.462932478000027 48.154063387000065)","Unfall 227613 (2024) Kat:3, Licht: 0","227613","3","5","1","09","08","2","","0","1","1","0","0"
"POINT (11.478886591000048 48.122287941000081)","Unfall 227614 (2024) Kat:3, Licht: 0","227614","3","2","5","09","17","2","","0","0","1","0","0"
"POINT (11.480213091000053 48.089771403000043)","Unfall 227615 (2024) Kat:3, Licht: 0","227615","3","6","1","09","18","2","","0","0","1","0","0"
"POINT (11.639497261000031 48.085232927000050)","Unfall 227617 (2024) Kat:3, Licht: 0","227617","3","3","5","09","17","2","","0","1","1","0","0"
"POINT (11.642807977000075 48.094374592000065)","Unfall 227618 (2024) Kat:3, Licht: 0","227618","3","4","6","09","18","2","","0","0","0","1","1"
"POINT (11.560103837000042 48.137405258000058)","Unfall 227619 (2024) Kat:3, Licht: 0","227619","3","4","6","09","16","2","","0","0","0","1","1"
"POINT (11.569795929000065 48.130970662000038)","Unfall 227620 (2024) Kat:3, Licht: 2","227620","3","7","0","09","20","2","","2","1","0","0","0"
"POINT (11.590140904000066 48.166522413000052)","Unfall 227621 (2024) Kat:3, Licht: 0","227621","3","2","5","09","16","2","","0","1","1","0","0"
"POINT (11.577258714000038 48.159335719000069)","Unfall 227622 (2024) Kat:3, Licht: 0","227622","3","5","0","09","12","2","","0","1","1","0","0"
"POINT (11.564487889000077 48.164510541000027)","Unfall 227623 (2024) Kat:3, Licht: 0","227623","3","6","3","09","13","2","","0","1","1","0","0"
"POINT (11.482339366000076 48.196451251000042)","Unfall 227624 (2024) Kat:3, Licht: 0","227624","3","3","0","09","09","2","","0","1","0","0","0"
"POINT (11.576693790000036 48.151426106000031)","Unfall 227625 (2024) Kat:3, Licht: 2","227625","3","7","0","09","05","2","","2","1","0","0","0"
"POINT (11.654651991000037 48.109173620000035)","Unfall 227681 (2024) Kat:3, Licht: 0","227681","3","3","5","09","18","2","","0","1","0","0","0"
"POINT (11.561505349000072 48.146909170000072)","Unfall 227695 (2024) Kat:3, Licht: 2","227695","3","3","0","09","01","6","","2","0","0","0","0"
"POINT (11.600467449000064 48.148824772000069)","Unfall 227696 (2024) Kat:3, Licht: 0","227696","3","1","2","09","15","1","","0","1","0","0","1"
"POINT (11.478792211000041 48.164173080000069)","Unfall 227698 (2024) Kat:3, Licht: 0","227698","3","6","3","09","16","1","","0","0","1","0","1"
"POINT (11.551300356000070 48.185978726000030)","Unfall 227699 (2024) Kat:3, Licht: 2","227699","3","6","2","09","20","1","","2","0","1","0","0"
"POINT (11.541636041000061 48.207530416000054)","Unfall 227700 (2024) Kat:3, Licht: 0","227700","3","3","5","09","16","1","","0","1","1","0","0"
"POINT (11.479073626000059 48.123289058000069)","Unfall 227701 (2024) Kat:3, Licht: 0","227701","3","3","5","09","12","1","","0","0","1","0","0"
"POINT (11.663381112000025 48.131903450000038)","Unfall 227703 (2024) Kat:3, Licht: 2","227703","3","7","0","09","01","1","","2","0","0","0","0"
"POINT (11.612961650000045 48.124693294000053)","Unfall 227704 (2024) Kat:3, Licht: 2","227704","3","2","3","09","03","1","","2","1","1","0","0"
"POINT (11.592812997000067 48.123481898000080)","Unfall 227705 (2024) Kat:3, Licht: 0","227705","3","7","1","09","18","1","","0","1","0","0","0"
"POINT (11.539939812000057 48.115619291000030)","Unfall 227706 (2024) Kat:3, Licht: 0","227706","3","7","0","09","06","1","","0","0","0","0","0"
"POINT (11.549590356000067 48.125130013000046)","Unfall 227707 (2024) Kat:3, Licht: 2","227707","3","4","6","09","00","1","","2","1","0","1","0"
"POINT (11.577874045000044 48.128666689000056)","Unfall 227708 (2024) Kat:3, Licht: 0","227708","3","6","4","09","13","1","","0","1","0","0","0"
"POINT (11.573255428000039 48.157839106000040)","Unfall 227709 (2024) Kat:3, Licht: 0","227709","3","2","2","09","16","1","","0","1","0","0","0"
"POINT (11.575459388000070 48.154593050000074)","Unfall 227710 (2024) Kat:3, Licht: 0","227710","3","1","0","09","18","1","","0","1","0","0","0"
"POINT (11.576480492000030 48.118793302000029)","Unfall 227722 (2024) Kat:3, Licht: 0","227722","3","4","6","09","13","5","","0","0","1","1","0"
"POINT (11.502399878000062 48.120173830000056)","Unfall 227760 (2024) Kat:3, Licht: 0","227760","3","2","5","09","10","3","","0","1","0","0","0"
"POINT (11.414210276000063 48.198621529000036)","Unfall 227767 (2024) Kat:2, Licht: 0","227767","2","7","0","08","10","7","","0","1","0","0","0"
"POINT (11.697105755000052 48.133485459000042)","Unfall 227768 (2024) Kat:3, Licht: 0","227768","3","3","5","08","10","7","","0","0","1","0","0"
"POINT (11.571116661000076 48.137078253000027)","Unfall 227769 (2024) Kat:3, Licht: 2","227769","3","7","9","08","02","7","","2","0","0","0","1"
"POINT (11.563615533000075 48.208812400000056)","Unfall 227770 (2024) Kat:3, Licht: 0","227770","3","6","2","08","17","7","","0","0","1","0","0"
"POINT (11.500851423000029 48.175086577000059)","Unfall 227772 (2024) Kat:3, Licht: 0","227772","3","7","2","08","10","7","","0","0","1","0","0"
"POINT (11.476681821000057 48.113130081000065)","Unfall 227773 (2024) Kat:3, Licht: 0","227773","3","2","5","08","16","7","","0","1","1","0","0"
"POINT (11.548699808000038 48.160079971000073)","Unfall 227774 (2024) Kat:3, Licht: 0","227774","3","6","2","08","15","7","","0","0","1","0","0"
"POINT (11.523666245000072 48.099204705000034)","Unfall 227775 (2024) Kat:3, Licht: 0","227775","3","3","5","08","12","7","","0","0","1","0","0"
"POINT (11.571818511000060 48.120921526000075)","Unfall 227776 (2024) Kat:3, Licht: 2","227776","3","7","6","08","02","7","","2","1","0","1","0"
"POINT (11.594031294000047 48.141944214000034)","Unfall 227777 (2024) Kat:3, Licht: 0","227777","3","6","3","08","18","7","","0","0","1","0","0"
"POINT (11.586116979000053 48.134518678000063)","Unfall 227778 (2024) Kat:3, Licht: 0","227778","3","2","5","08","16","7","","0","1","1","0","0"
"POINT (11.522011321000036 48.175741270000060)","Unfall 227783 (2024) Kat:3, Licht: 1","227783","3","2","4","08","20","7","","1","0","1","0","0"
"POINT (11.589993995000043 48.122357372000067)","Unfall 227841 (2024) Kat:3, Licht: 0","227841","3","4","6","08","15","6","","0","0","0","1","0"
"POINT (11.607548284000075 48.186281270000052)","Unfall 227844 (2024) Kat:3, Licht: 0","227844","3","3","5","08","09","6","","0","1","1","0","0"
"POINT (11.457454979000033 48.140433883000071)","Unfall 227846 (2024) Kat:3, Licht: 0","227846","3","4","6","08","11","6","","0","0","1","1","0"
"POINT (11.562898246000032 48.204605513000047)","Unfall 227847 (2024) Kat:3, Licht: 0","227847","3","7","6","08","15","6","","0","0","0","1","0"
"POINT (11.559081807000041 48.212939776000042)","Unfall 227848 (2024) Kat:3, Licht: 0","227848","3","1","5","08","08","6","","0","0","1","0","0"
"POINT (11.553702824000027 48.186064406000071)","Unfall 227849 (2024) Kat:3, Licht: 2","227849","3","6","0","08","20","6","","2","0","1","0","0"
"POINT (11.528893818000029 48.130041318000053)","Unfall 227850 (2024) Kat:3, Licht: 0","227850","3","3","5","08","07","6","","0","1","0","0","0"
"POINT (11.481032278000043 48.091662810000059)","Unfall 227851 (2024) Kat:3, Licht: 2","227851","3","7","7","08","20","6","","2","0","0","1","1"
"POINT (11.655354929000055 48.096308884000052)","Unfall 227852 (2024) Kat:3, Licht: 0","227852","3","2","5","08","15","6","","0","0","1","0","0"
"POINT (11.585085814000024 48.132332614000063)","Unfall 227853 (2024) Kat:3, Licht: 2","227853","3","1","0","08","20","6","","2","0","0","0","1"
"POINT (11.609625125000036 48.118323402000044)","Unfall 227854 (2024) Kat:3, Licht: 0","227854","3","2","0","08","09","6","","0","0","0","0","0"
"POINT (11.543628184000056 48.126194062000081)","Unfall 227855 (2024) Kat:3, Licht: 0","227855","3","7","4","08","13","6","","0","0","1","0","1"
"POINT (11.577204372000040 48.147431297000026)","Unfall 227906 (2024) Kat:3, Licht: 2","227906","3","7","1","09","02","1","","2","0","1","0","0"
"POINT (11.567674422000039 48.212330883000050)","Unfall 227932 (2024) Kat:3, Licht: 0","227932","3","3","5","08","17","5","","0","0","1","0","0"