WKT,Name,OBJECTID,UKATEGORIE,UTYP1,UART,UMONAT,USTUNDE,UWOCHENTAG,STRZUSTAND,ULICHTVERH,ISTRAD,ISTPKW,ISTFUSS,ISTKRAD
"POINT (11.464201550000041 48.189360651000072)","Unfall 227933 (2024) Kat:3, Licht: 0","227933","3","3","5","08","15","5","","0","0","1","0","0"
"POINT (11.528392427000028 48.172656072000052)","Unfall 227934 (2024) Kat:3, Licht: 0","227934","3","2","2","08","16","5","","0","1","1","0","0"
"POINT (11.564981364000062 48.167965385000059)","Unfall 227935 (2024) Kat:3, Licht: 0","227935","3","2","5","08","19","5","","0","1","1","0","0"
"POINT (11.544023474000028 48.150356199000043)","Unfall 227936 (2024) Kat:3, Licht: 0","227936","3","4","6","08","17","5","","0","0","1","1","0"
"POINT (11.503904392000038 48.150927002000060)","Unfall 227937 (2024) Kat:3, Licht: 2","227937","3","3","5","08","21","5","","2","0","1","0","0"
"POINT (11.479027140000028 48.122250837000081)","Unfall 227938 (2024) Kat:3, Licht: 0","227938","3","3","5","08","17","5","","0","0","1","0","0"
"POINT (11.502462718000061 48.120310877000065)","Unfall 227940 (2024) Kat:3, Licht: 0","227940","3","1","0","08","14","5","","0","1","0","0","0"
"POINT (11.510588732000031 48.138732828000059)","Unfall 227941 (2024) Kat:3, Licht: 0","227941","3","5","0","08","15","5","","0","1","1","0","0"
"POINT (11.524636017000034 48.079915851000067)","Unfall 227944 (2024) Kat:3, Licht: 0","227944","3","5","1","08","11","5","","0","0","1","0","0"
"POINT (11.650863766000043 48.129422364000050)","Unfall 227945 (2024) Kat:3, Licht: 0","227945","3","7","0","08","12","5","","0","1","0","0","0"
"POINT (11.643417756000076 48.086269942000058)","Unfall 227946 (2024) Kat:3, Licht: 0","227946","3","2","0","08","12","5","","0","1","0","0","0"
"POINT (11.643436759000053 48.169262264000054)","Unfall 227947 (2024) Kat:3, Licht: 0","227947","3","6","2","08","08","5","","0","0","1","0","0"
"POINT (11.576414105000026 48.119046910000066)","Unfall 227948 (2024) Kat:3, Licht: 0","227948","3","1","0","08","10","5","","0","0","0","0","1"
"POINT (11.550385570000060 48.119522662000065)","Unfall 227949 (2024) Kat:3, Licht: 0","227949","3","3","5","08","13","5","","0","0","1","0","0"
"POINT (11.606333854000070 48.120893114000069)","Unfall 227950 (2024) Kat:3, Licht: 2","227950","3","7","0","08","23","5","","2","0","0","0","0"
"POINT (11.570482870000035 48.128317600000059)","Unfall 227951 (2024) Kat:3, Licht: 2","227951","3","5","2","08","21","5","","2","1","1","0","0"
"POINT (11.575772102000030 48.128218989000061)","Unfall 227952 (2024) Kat:3, Licht: 0","227952","3","7","0","08","08","5","","0","1","0","0","0"
"POINT (11.594958388000066 48.171099178000077)","Unfall 227953 (2024) Kat:3, Licht: 0","227953","3","6","1","08","17","5","","0","0","1","0","0"
"POINT (11.573472763000041 48.135772079000049)","Unfall 227955 (2024) Kat:3, Licht: 0","227955","3","2","4","08","17","5","","0","1","1","0","0"
"POINT (11.475957788000073 48.162250891000042)","Unfall 228018 (2024) Kat:3, Licht: 0","228018","3","3","5","08","14","4","","0","0","1","0","0"
"POINT (11.528924464000056 48.185226460000081)","Unfall 228019 (2024) Kat:3, Licht: 0","228019","3","6","1","08","16","4","","0","0","1","0","0"
"POINT (11.536347990000024 48.146144041000071)","Unfall 228020 (2024) Kat:3, Licht: 0","228020","3","2","5","08","09","4","","0","1","0","0","0"
"POINT (11.531907959000023 48.082271294000066)","Unfall 228021 (2024) Kat:3, Licht: 0","228021","3","3","5","08","18","4","","0","0","1","0","0"
"POINT (11.582622641000057 48.114286409000044)","Unfall 228023 (2024) Kat:3, Licht: 0","228023","3","2","4","08","10","4","","0","0","1","0","1"
"POINT (11.579365972000062 48.110813478000068)","Unfall 228024 (2024) Kat:3, Licht: 0","228024","3","3","5","08","07","4","","0","1","1","0","0"
"POINT (11.575342583000065 48.119484643000078)","Unfall 228025 (2024) Kat:2, Licht: 0","228025","2","7","5","08","17","4","","0","1","1","0","0"
"POINT (11.581901895000044 48.120373164000057)","Unfall 228026 (2024) Kat:3, Licht: 0","228026","3","3","5","08","14","4","","0","0","1","0","1"
"POINT (11.566816851000056 48.123435573000052)","Unfall 228027 (2024) Kat:3, Licht: 0","228027","3","6","2","08","17","4","","0","1","0","0","0"
"POINT (11.576263512000025 48.127839261000076)","Unfall 228028 (2024) Kat:3, Licht: 0","228028","3","2","4","08","11","4","","0","0","1","0","0"
"POINT (11.553695831000027 48.137508067000056)","Unfall 228029 (2024) Kat:3, Licht: 0","228029","3","6","2","08","18","4","","0","0","1","0","0"
"POINT (11.566359338000041 48.140483082000060)","Unfall 228030 (2024) Kat:3, Licht: 0","228030","3","6","3","08","17","4","","0","0","1","0","0"
"POINT (11.599586833000046 48.160442091000050)","Unfall 228031 (2024) Kat:3, Licht: 0","228031","3","1","0","08","16","4","","0","1","0","0","0"
"POINT (11.600105670000062 48.119534916000077)","Unfall 228084 (2024) Kat:3, Licht: 0","228084","3","2","4","08","11","3","","0","1","1","0","0"
"POINT (11.568265344000054 48.133790962000035)","Unfall 228085 (2024) Kat:3, Licht: 2","228085","3","2","6","08","20","3","","2","0","1","1","0"
"POINT (11.522215685000049 48.214307399000063)","Unfall 228086 (2024) Kat:3, Licht: 0","228086","3","6","6","08","17","3","","0","0","1","1","0"
"POINT (11.569305349000047 48.151001628000074)","Unfall 228087 (2024) Kat:3, Licht: 0","228087","3","5","1","08","17","3","","0","1","1","0","0"
"POINT (11.548298529000022 48.158631567000043)","Unfall 228088 (2024) Kat:3, Licht: 0","228088","3","6","2","08","19","3","","0","1","1","0","0"
"POINT (11.503214762000027 48.140884979000077)","Unfall 228089 (2024) Kat:3, Licht: 0","228089","3","1","0","08","18","3","","0","1","0","0","0"
"POINT (11.654297642000074 48.124841475000039)","Unfall 228090 (2024) Kat:3, Licht: 0","228090","3","2","4","08","10","3","","0","1","1","0","0"
"POINT (11.535185872000056 48.176271432000078)","Unfall 228091 (2024) Kat:3, Licht: 0","228091","3","3","5","08","12","6","","0","0","1","0","1"
"POINT (11.571390464000046 48.097536246000061)","Unfall 228092 (2024) Kat:3, Licht: 0","228092","3","1","0","08","12","3","","0","1","0","0","0"
"POINT (11.535315539000067 48.123042710000050)","Unfall 228093 (2024) Kat:3, Licht: 0","228093","3","3","5","08","14","3","","0","1","1","0","0"
"POINT (11.535872074000054 48.124940788000060)","Unfall 228094 (2024) Kat:3, Licht: 0","228094","3","3","5","08","10","3","","0","1","1","0","0"
"POINT (11.565849912000033 48.123738794000076)","Unfall 228095 (2024) Kat:3, Licht: 0","228095","3","7","0","08","19","3","","0","1","0","0","0"
"POINT (11.572950797000033 48.150532076000047)","Unfall 228096 (2024) Kat:3, Licht: 0","228096","3","5","1","08","11","3","","0","1","1","0","0"
"POINT (11.576013878000026 48.135772527000029)","Unfall 228097 (2024) Kat:3, Licht: 0","228097","3","6","3","08","13","3","","0","1","0","0","0"
"POINT (11.588027054000065 48.135165018000066)","Unfall 228098 (2024) Kat:3, Licht: 0","228098","3","6","3","08","09","3","","0","1","0","0","0"
"POINT (11.622486589000061 48.148488053000051)","Unfall 228119 (2024) Kat:3, Licht: 0","228119","3","2","5","09","12","2","","0","1","1","0","0"
"POINT (11.591132391000031 48.097823072000040)","Unfall 228141 (2024) Kat:3, Licht: 0","228141","3","7","0","09","12","6","","0","0","0","0","0"
"POINT (11.511632656000074 48.154366103000029)","Unfall 228156 (2024) Kat:3, Licht: 0","228156","3","3","5","08","16","2","","0","1","0","0","0"
"POINT (11.531863371000043 48.119139527000073)","Unfall 228157 (2024) Kat:2, Licht: 0","228157","2","7","0","08","11","2","","0","0","0","0","1"
"POINT (11.550468973000022 48.188701167000033)","Unfall 228159 (2024) Kat:3, Licht: 0","228159","3","3","5","08","17","2","","0","0","1","0","0"
"POINT (11.525844409000058 48.158684407000067)","Unfall 228160 (2024) Kat:3, Licht: 2","228160","3","7","1","08","22","2","","2","0","1","0","0"
"POINT (11.558800017000067 48.147479311000041)","Unfall 228161 (2024) Kat:3, Licht: 0","228161","3","2","3","08","11","2","","0","1","1","0","0"
"POINT (11.615865099000075 48.145604010000056)","Unfall 228162 (2024) Kat:3, Licht: 0","228162","3","2","5","08","10","2","","0","1","1","0","0"
"POINT (11.535649239000065 48.126675324000075)","Unfall 228163 (2024) Kat:3, Licht: 0","228163","3","1","0","08","17","2","","0","1","0","0","0"
"POINT (11.560968904000049 48.136839211000051)","Unfall 228164 (2024) Kat:3, Licht: 0","228164","3","4","6","08","18","2","","0","0","1","1","0"
"POINT (11.580295617000047 48.136704901000030)","Unfall 228165 (2024) Kat:3, Licht: 0","228165","3","2","5","08","18","2","","0","1","0","0","0"
"POINT (11.528244300000040 48.102458648000038)","Unfall 228174 (2024) Kat:3, Licht: 0","228174","3","1","0","08","12","6","","0","1","0","0","0"
"POINT (11.584897079000029 48.132411094000076)","Unfall 228184 (2024) Kat:3, Licht: 0","228184","3","1","0","08","11","3","","0","1","0","0","0"
"POINT (11.595995669000047 48.107249279000030)","Unfall 228205 (2024) Kat:3, Licht: 2","228205","3","1","0","09","03","7","","2","1","0","0","0"
"POINT (11.589871320000043 48.115161764000050)","Unfall 228221 (2024) Kat:3, Licht: 0","228221","3","1","0","08","10","1","","0","1","0","0","0"
"POINT (11.610090885000034 48.132521719000067)","Unfall 228222 (2024) Kat:3, Licht: 2","228222","3","2","5","08","00","1","","2","0","1","0","0"
"POINT (11.608119812000041 48.148436809000032)","Unfall 228223 (2024) Kat:3, Licht: 2","228223","3","3","5","08","00","1","","2","0","1","0","0"
"POINT (11.533721655000022 48.114498920000074)","Unfall 228224 (2024) Kat:3, Licht: 0","228224","3","3","5","08","10","1","","0","0","1","0","0"
"POINT (11.601414451000039 48.117110792000062)","Unfall 228242 (2024) Kat:3, Licht: 0","228242","3","2","5","09","14","4","","0","1","1","0","0"
"POINT (11.550084532000028 48.126445277000073)","Unfall 228302 (2024) Kat:3, Licht: 2","228302","3","7","6","09","21","3","","2","0","1","1","0"
"POINT (11.541169530000047 48.122288830000059)","Unfall 228303 (2024) Kat:3, Licht: 2","228303","3","4","6","09","22","2","","2","0","1","1","0"
"POINT (11.541052185000069 48.120683421000081)","Unfall 228305 (2024) Kat:3, Licht: 0","228305","3","5","1","09","15","2","","0","1","1","0","0"
"POINT (11.511454379000043 48.158319023000047)","Unfall 228306 (2024) Kat:3, Licht: 0","228306","3","2","5","09","11","2","","0","0","1","0","0"
"POINT (11.479647648000025 48.125876095000081)","Unfall 228307 (2024) Kat:3, Licht: 0","228307","3","7","2","09","07","2","","0","0","1","0","0"
"POINT (11.594549058000041 48.110781985000074)","Unfall 228311 (2024) Kat:3, Licht: 0","228311","3","2","5","09","07","2","","0","1","1","0","0"
"POINT (11.556103213000029 48.141898451000031)","Unfall 228312 (2024) Kat:3, Licht: 2","228312","3","3","6","09","22","2","","2","0","1","1","0"
"POINT (11.544724597000027 48.127802101000043)","Unfall 228313 (2024) Kat:3, Licht: 0","228313","3","2","5","09","14","2","","0","1","1","0","0"
"POINT (11.555655504000072 48.137482170000055)","Unfall 228314 (2024) Kat:3, Licht: 2","228314","3","4","6","09","21","2","","2","0","1","1","0"
"POINT (11.502517690000047 48.116373346000046)","Unfall 228374 (2024) Kat:2, Licht: 0","228374","2","2","4","09","13","1","","0","1","1","0","0"
"POINT (11.555788111000027 48.130011302000071)","Unfall 228375 (2024) Kat:3, Licht: 0","228375","3","4","6","09","15","1","","0","0","1","1","0"
"POINT (11.570305057000041 48.151146457000038)","Unfall 228376 (2024) Kat:3, Licht: 2","228376","3","7","0","09","21","1","","2","0","1","1","0"
"POINT (11.558059606000029 48.126447241000051)","Unfall 228377 (2024) Kat:3, Licht: 2","228377","3","7","9","09","05","1","","2","0","1","0","0"
"POINT (11.614057599000034 48.188749480000070)","Unfall 228378 (2024) Kat:3, Licht: 0","228378","3","7","0","09","15","1","","0","1","0","0","0"
"POINT (11.512400981000042 48.208518429000037)","Unfall 228380 (2024) Kat:3, Licht: 0","228380","3","6","0","09","11","1","","0","1","0","0","0"
"POINT (11.540985727000077 48.145353907000072)","Unfall 228381 (2024) Kat:3, Licht: 2","228381","3","7","0","09","20","1","","2","0","0","1","0"
"POINT (11.503443728000036 48.149762789000079)","Unfall 228382 (2024) Kat:2, Licht: 0","228382","2","4","6","09","14","1","","0","0","0","1","0"
"POINT (11.671336608000047 48.121457854000028)","Unfall 228384 (2024) Kat:3, Licht: 0","228384","3","1","2","09","15","1","","0","0","1","0","0"
"POINT (11.616506861000062 48.122438898000041)","Unfall 228385 (2024) Kat:3, Licht: 0","228385","3","7","6","09","12","1","","0","0","1","1","0"
"POINT (11.540948431000061 48.120459062000066)","Unfall 228386 (2024) Kat:3, Licht: 2","228386","3","7","1","09","00","1","","2","1","1","0","0"
"POINT (11.554414084000030 48.127606027000070)","Unfall 228387 (2024) Kat:3, Licht: 0","228387","3","6","5","09","13","1","","0","0","1","0","1"
"POINT (11.554855829000076 48.128717269000049)","Unfall 228388 (2024) Kat:3, Licht: 2","228388","3","6","6","09","23","1","","2","0","1","1","0"
"POINT (11.574438580000049 48.145030886000029)","Unfall 228389 (2024) Kat:3, Licht: 0","228389","3","1","0","09","18","1","","0","1","0","0","0"
"POINT (11.551059021000071 48.137539604000040)","Unfall 228434 (2024) Kat:2, Licht: 2","228434","2","7","0","09","22","7","","2","0","1","1","0"
"POINT (11.421036498000035 48.148633580000080)","Unfall 228436 (2024) Kat:3, Licht: 0","228436","3","3","5","09","13","7","","0","0","1","0","0"
"POINT (11.565778975000057 48.187915657000076)","Unfall 228437 (2024) Kat:3, Licht: 0","228437","3","6","0","09","18","7","","0","1","0","0","0"
"POINT (11.538582452000071 48.143324725000070)","Unfall 228438 (2024) Kat:3, Licht: 1","228438","3","7","0","09","18","7","","1","1","0","0","0"
"POINT (11.513076501000057 48.153766533000066)","Unfall 228439 (2024) Kat:3, Licht: 0","228439","3","2","5","09","12","7","","0","0","1","0","0"
"POINT (11.493088946000057 48.134368997000081)","Unfall 228440 (2024) Kat:3, Licht: 2","228440","3","1","1","09","20","7","","2","1","1","0","0"
"POINT (11.631472053000039 48.118682101000047)","Unfall 228443 (2024) Kat:3, Licht: 0","228443","3","4","6","09","10","7","","0","1","0","1","0"
"POINT (11.561900611000056 48.125095330000079)","Unfall 228444 (2024) Kat:3, Licht: 0","228444","3","6","3","09","10","7","","0","0","1","0","0"
"POINT (11.572231459000022 48.156073772000070)","Unfall 228445 (2024) Kat:3, Licht: 0","228445","3","5","1","09","18","7","","0","1","1","0","0"
"POINT (11.572652082000047 48.140047200000026)","Unfall 228446 (2024) Kat:3, Licht: 2","228446","3","1","0","09","00","7","","2","1","0","0","0"
"POINT (11.557149083000070 48.116891712000040)","Unfall 228471 (2024) Kat:3, Licht: 0","228471","3","3","5","09","16","1","","0","1","1","0","0"
"POINT (11.456855281000060 48.165332828000032)","Unfall 228491 (2024) Kat:3, Licht: 0","228491","3","7","2","09","16","7","","0","0","1","0","1"
"POINT (11.563360451000051 48.149784090000026)","Unfall 228496 (2024) Kat:2, Licht: 0","228496","2","7","1","09","08","6","","0","1","0","0","0"
"POINT (11.544838460000051 48.150194969000040)","Unfall 228497 (2024) Kat:2, Licht: 0","228497","2","4","6","09","14","6","","0","0","0","1","1"
"POINT (11.521046519000038 48.183463052000036)","Unfall 228498 (2024) Kat:2, Licht: 2","228498","2","3","5","09","22","6","","2","0","1","0","1"
"POINT (11.555767608000053 48.148146062000080)","Unfall 228499 (2024) Kat:2, Licht: 2","228499","2","2","5","09","01","6","","2","0","1","0","0"
"POINT (11.526444987000048 48.076288497000064)","Unfall 228502 (2024) Kat:3, Licht: 0","228502","3","4","6","09","14","6","","0","0","1","1","0"
"POINT (11.671710646000065 48.121462472000076)","Unfall 228503 (2024) Kat:3, Licht: 0","228503","3","1","8","09","15","6","","0","1","0","0","0"
"POINT (11.651054547000058 48.129374476000066)","Unfall 228504 (2024) Kat:3, Licht: 0","228504","3","3","5","09","07","6","","0","0","1","0","0"
"POINT (11.586106133000044 48.125056757000038)","Unfall 228505 (2024) Kat:3, Licht: 0","228505","3","1","0","09","16","6","","0","1","0","0","0"
"POINT (11.561227372000076 48.136338511000076)","Unfall 228506 (2024) Kat:3, Licht: 0","228506","3","5","1","09","14","6","","0","1","1","0","0"
"POINT (11.559731696000028 48.150147785000058)","Unfall 228507 (2024) Kat:3, Licht: 0","228507","3","7","0","09","16","6","","0","0","0","0","1"
"POINT (11.586736208000048 48.161744410000040)","Unfall 228508 (2024) Kat:3, Licht: 0","228508","3","4","6","09","12","6","","0","1","0","1","0"
"POINT (11.586515839000072 48.163221341000053)","Unfall 228509 (2024) Kat:3, Licht: 2","228509","3","3","0","09","19","6","","2","0","0","0","1"
"POINT (11.582784699000058 48.157996762000039)","Unfall 228510 (2024) Kat:3, Licht: 2","228510","3","7","1","09","22","6","","2","0","1","0","0"
"POINT (11.585864652000055 48.143854694000026)","Unfall 228511 (2024) Kat:3, Licht: 0","228511","3","1","1","09","13","6","","0","0","1","0","0"
"POINT (11.559381168000073 48.145790653000063)","Unfall 228512 (2024) Kat:3, Licht: 1","228512","3","5","1","09","18","6","","1","1","1","0","0"
"POINT (11.630741165000074 48.166595303000065)","Unfall 228513 (2024) Kat:3, Licht: 0","228513","3","6","4","09","11","6","","0","1","0","0","0"
"POINT (11.600428299000043 48.150240218000079)","Unfall 228541 (2024) Kat:3, Licht: 0","228541","3","7","7","09","16","6","","0","1","0","1","0"
"POINT (11.607657838000023 48.108234427000070)","Unfall 228576 (2024) Kat:3, Licht: 0","228576","3","7","0","09","16","5","","0","0","1","0","0"
"POINT (11.525101973000062 48.135917709000068)","Unfall 228577 (2024) Kat:3, Licht: 0","228577","3","6","3","09","09","5","","0","1","0","0","0"
"POINT (11.469328575000077 48.145599568000080)","Unfall 228578 (2024) Kat:3, Licht: 1","228578","3","4","6","09","18","5","","1","0","1","1","0"
"POINT (11.548704898000040 48.114677988000039)","Unfall 228579 (2024) Kat:3, Licht: 0","228579","3","3","5","09","12","5","","0","1","1","0","0"
"POINT (11.556958045000044 48.143635369000037)","Unfall 228580 (2024) Kat:3, Licht: 0","228580","3","6","2","09","15","5","","0","0","1","0","0"
"POINT (11.467199579000066 48.162292024000067)","Unfall 228581 (2024) Kat:3, Licht: 0","228581","3","6","1","09","15","5","","0","1","0","1","0"
"POINT (11.521194836000063 48.095006004000027)","Unfall 228582 (2024) Kat:3, Licht: 0","228582","3","3","5","09","17","7","","0","1","1","0","0"
"POINT (11.646226604000049 48.101615509000055)","Unfall 228583 (2024) Kat:3, Licht: 0","228583","3","6","0","09","14","5","","0","0","1","0","1"
"POINT (11.613368628000046 48.142128531000026)","Unfall 228584 (2024) Kat:3, Licht: 0","228584","3","3","5","09","16","5","","0","0","1","0","0"
"POINT (11.579100334000032 48.125744238000038)","Unfall 228585 (2024) Kat:3, Licht: 0","228585","3","6","0","09","12","5","","0","1","1","0","0"
"POINT (11.570320638000055 48.121413631000053)","Unfall 228586 (2024) Kat:3, Licht: 0","228586","3","2","4","09","12","5","","0","1","1","0","0"
"POINT (11.585913304000030 48.160572334000051)","Unfall 228587 (2024) Kat:3, Licht: 2","228587","3","1","9","09","21","5","","2","0","0","0","1"
"POINT (11.581797658000028 48.154322893000028)","Unfall 228588 (2024) Kat:3, Licht: 0","228588","3","7","1","09","18","5","","0","1","1","0","0"
"POINT (11.593694880000044 48.152236589000040)","Unfall 228617 (2024) Kat:3, Licht: 2","228617","3","1","0","09","01","7","","2","1","0","0","0"
"POINT (11.573057834000053 48.178228610000076)","Unfall 228624 (2024) Kat:3, Licht: 0","228624","3","6","4","09","12","2","","0","1","0","0","0"
"POINT (11.602479226000071 48.135801751000031)","Unfall 228659 (2024) Kat:3, Licht: 0","228659","3","3","0","09","10","4","","0","0","1","0","0"
"POINT (11.575423331000025 48.192329560000076)","Unfall 228661 (2024) Kat:2, Licht: 0","228661","2","3","5","09","15","4","","0","1","0","0","0"
"POINT (11.527181315000064 48.095302431000050)","Unfall 228663 (2024) Kat:2, Licht: 0","228663","2","7","6","09","12","4","","0","1","0","1","0"
"POINT (11.593456699000058 48.144956239000066)","Unfall 228665 (2024) Kat:3, Licht: 0","228665","3","7","1","09","08","4","","0","0","1","0","0"
"POINT (11.599185141000021 48.187293087000057)","Unfall 228667 (2024) Kat:2, Licht: 0","228667","2","7","0","09","14","4","","0","1","0","0","0"
"POINT (11.427123857000026 48.148944564000033)","Unfall 228668 (2024) Kat:3, Licht: 0","228668","3","6","2","09","18","4","","0","0","1","0","0"
"POINT (11.550583994000021 48.209125961000041)","Unfall 228669 (2024) Kat:3, Licht: 0","228669","3","1","0","09","07","4","","0","0","0","0","0"
"POINT (11.534431621000067 48.214656357000081)","Unfall 228670 (2024) Kat:3, Licht: 0","228670","3","3","5","09","16","4","","0","1","0","0","0"
"POINT (11.529579736000073 48.157340793000060)","Unfall 228671 (2024) Kat:3, Licht: 0","228671","3","3","5","09","16","4","","0","1","1","0","0"
"POINT (11.479026082000075 48.123066743000038)","Unfall 228672 (2024) Kat:3, Licht: 1","228672","3","6","1","09","07","4","","1","0","1","0","0"
"POINT (11.654662012000074 48.125959202000047)","Unfall 228673 (2024) Kat:3, Licht: 0","228673","3","2","4","09","16","4","","0","1","1","0","0"
"POINT (11.701264082000023 48.132309401000043)","Unfall 228674 (2024) Kat:3, Licht: 0","228674","3","1","0","09","17","4","","0","1","0","0","0"
"POINT (11.593119871000056 48.101872792000052)","Unfall 228675 (2024) Kat:3, Licht: 0","228675","3","2","5","09","17","4","","0","1","1","0","0"
"POINT (11.639874761000044 48.145755065000060)","Unfall 228677 (2024) Kat:3, Licht: 0","228677","3","6","1","09","16","4","","0","0","1","0","0"
"POINT (11.568997548000027 48.145054202000040)","Unfall 228678 (2024) Kat:3, Licht: 2","228678","3","3","5","09","23","4","","2","1","1","0","0"
"POINT (11.679474815000049 48.132245589000036)","Unfall 228745 (2024) Kat:3, Licht: 2","228745","3","7","0","09","20","3","","2","1","0","0","0"
"POINT (11.609711590000074 48.118487737000066)","Unfall 228746 (2024) Kat:3, Licht: 0","228746","3","2","4","09","10","3","","0","0","1","0","0"
"POINT (11.537519027000030 48.137093068000070)","Unfall 228747 (2024) Kat:3, Licht: 0","228747","3","3","5","09","16","3","","0","1","1","0","0"
"POINT (11.572649805000026 48.150066580000043)","Unfall 228748 (2024) Kat:3, Licht: 0","228748","3","1","1","09","13","3","","0","1","0","0","0"
"POINT (11.420522004000077 48.149866235000047)","Unfall 228749 (2024) Kat:3, Licht: 0","228749","3","7","0","09","14","3","","0","1","0","0","0"
"POINT (11.438926800000047 48.164088139000057)","Unfall 228750 (2024) Kat:3, Licht: 0","228750","3","7","6","09","08","3","","0","0","1","1","0"
"POINT (11.468585106000035 48.149154874000033)","Unfall 228751 (2024) Kat:3, Licht: 2","228751","3","3","5","09","18","3","","2","1","1","0","0"
"POINT (11.536920129000066 48.183550040000057)","Unfall 228752 (2024) Kat:3, Licht: 0","228752","3","2","3","09","10","3","","0","0","1","0","0"
"POINT (11.531072842000071 48.156472110000038)","Unfall 228753 (2024) Kat:3, Licht: 0","228753","3","2","0","09","10","3","","0","0","1","0","0"
"POINT (11.559323763000066 48.147466197000028)","Unfall 228755 (2024) Kat:3, Licht: 0","228755","3","6","2","09","16","3","","0","0","1","0","1"
"POINT (11.513944828000035 48.095322736000071)","Unfall 228756 (2024) Kat:3, Licht: 0","228756","3","7","4","09","16","3","","0","1","1","0","0"
"POINT (11.671204453000030 48.121459974000061)","Unfall 228759 (2024) Kat:2, Licht: 0","228759","2","2","5","09","11","3","","0","1","0","0","0"
"POINT (11.607678208000038 48.138886584000034)","Unfall 228760 (2024) Kat:3, Licht: 0","228760","3","2","5","09","07","3","","0","1","1","0","0"
"POINT (11.640519372000028 48.148840203000077)","Unfall 228761 (2024) Kat:3, Licht: 0","228761","3","7","0","09","17","3","","0","0","1","0","0"
"POINT (11.580208996000067 48.128496534000078)","Unfall 228762 (2024) Kat:3, Licht: 0","228762","3","3","5","09","17","3","","0","0","1","0","0"
"POINT (11.541021358000023 48.121561166000049)","Unfall 228764 (2024) Kat:3, Licht: 0","228764","3","2","3","09","17","3","","0","1","1","0","0"
"POINT (11.573906558000033 48.143953639000074)","Unfall 228765 (2024) Kat:3, Licht: 0","228765","3","6","2","09","13","3","","0","0","1","0","1"
"POINT (11.578783785000041 48.138055776000044)","Unfall 228788 (2024) Kat:3, Licht: 0","228788","3","7","1","09","14","7","","0","1","1","0","0"
"POINT (11.558358653000028 48.119616882000059)","Unfall 228822 (2024) Kat:3, Licht: 2","228822","3","7","0","09","23","1","","2","1","1","0","0"
"POINT (11.465104223000026 48.146291622000035)","Unfall 228823 (2024) Kat:3, Licht: 0","228823","3","4","6","09","07","2","","0","0","0","1","0"
"POINT (11.457968840000035 48.149698973000056)","Unfall 228826 (2024) Kat:3, Licht: 2","228826","3","4","6","09","00","2","","2","0","1","1","0"
"POINT (11.508790071000021 48.170752692000065)","Unfall 228827 (2024) Kat:3, Licht: 0","228827","3","6","0","09","08","2","","0","0","1","0","0"
"POINT (11.562982632000057 48.183570001000078)","Unfall 228828 (2024) Kat:3, Licht: 0","228828","3","1","0","09","17","2","","0","0","0","0","0"
"POINT (11.559090535000053 48.212986750000027)","Unfall 228829 (2024) Kat:3, Licht: 0","228829","3","3","5","09","16","2","","0","1","1","0","0"
"POINT (11.550829087000068 48.149007425000036)","Unfall 228830 (2024) Kat:3, Licht: 0","228830","3","5","3","09","12","2","","0","0","1","0","0"
"POINT (11.513719581000032 48.097109630000034)","Unfall 228831 (2024) Kat:3, Licht: 0","228831","3","7","6","09","17","2","","0","0","1","1","0"
"POINT (11.519520807000049 48.098837445000072)","Unfall 228832 (2024) Kat:3, Licht: 0","228832","3","3","5","09","19","2","","0","1","1","0","0"
"POINT (11.627555891000043 48.142326762000039)","Unfall 228834 (2024) Kat:3, Licht: 0","228834","3","1","0","09","08","2","","0","0","0","0","1"
"POINT (11.597901429000046 48.135613653000064)","Unfall 228835 (2024) Kat:3, Licht: 0","228835","3","7","1","09","16","2","","0","0","1","1","0"
"POINT (11.549429866000025 48.125221366000062)","Unfall 228836 (2024) Kat:3, Licht: 0","228836","3","1","5","09","09","2","","0","0","1","0","0"
"POINT (11.574880695000047 48.159602789000076)","Unfall 228838 (2024) Kat:3, Licht: 0","228838","3","1","0","09","13","2","","0","0","0","0","1"
"POINT (11.569173832000047 48.141688619000035)","Unfall 228844 (2024) Kat:3, Licht: 0","228844","3","3","5","09","09","2","","0","1","1","0","0"
"POINT (11.598364200000049 48.141121373000033)","Unfall 228875 (2024) Kat:3, Licht: 0","228875","3","2","5","09","17","1","","0","0","1","0","0"
"POINT (11.577696418000073 48.162721153000064)","Unfall 228876 (2024) Kat:3, Licht: 2","228876","3","2","0","09","00","1","","2","0","1","0","1"
"POINT (11.574708871000041 48.196446159000061)","Unfall 228902 (2024) Kat:3, Licht: 0","228902","3","6","4","09","10","7","","0","0","0","0","0"
"POINT (11.536444933000041 48.153661974000045)","Unfall 228903 (2024) Kat:3, Licht: 0","228903","3","7","0","09","18","7","","0","1","0","0","0"
"POINT (11.555734495000024 48.148055260000035)","Unfall 228904 (2024) Kat:3, Licht: 0","228904","3","2","5","09","16","7","","0","0","1","0","0"
"POINT (11.496306891000074 48.130267990000050)","Unfall 228905 (2024) Kat:3, Licht: 0","228905","3","3","5","09","18","7","","0","0","1","0","0"