WKT,Name,OBJECTID,UKATEGORIE,UTYP1,UART,UMONAT,USTUNDE,UWOCHENTAG,STRZUSTAND,ULICHTVERH,ISTRAD,ISTPKW,ISTFUSS,ISTKRAD
"POINT (11.648821846000033 48.111946966000062)","Unfall 228906 (2024) Kat:3, Licht: 2","228906","3","3","5","09","22","7","","2","0","1","0","0"
"POINT (11.569786849000025 48.145650691000071)","Unfall 228907 (2024) Kat:3, Licht: 2","228907","3","1","0","09","18","7","","2","0","0","0","0"
"POINT (11.559980541000073 48.143529173000047)","Unfall 228908 (2024) Kat:3, Licht: 2","228908","3","1","0","09","18","7","","2","1","0","0","0"
"POINT (11.587246907000065 48.191694633000054)","Unfall 228927 (2024) Kat:1, Licht: 0","228927","1","7","6","09","08","6","","0","0","1","1","0"
"POINT (11.633022673000028 48.103225172000066)","Unfall 228928 (2024) Kat:3, Licht: 0","228928","3","4","6","09","14","6","","0","0","1","1","0"
"POINT (11.557122858000071 48.151501022000048)","Unfall 228929 (2024) Kat:3, Licht: 0","228929","3","7","6","09","11","6","","0","1","0","1","0"
"POINT (11.566390352000042 48.139958426000078)","Unfall 228930 (2024) Kat:3, Licht: 2","228930","3","1","9","09","03","6","","2","0","1","0","0"
"POINT (11.408445879000055 48.179881486000056)","Unfall 228932 (2024) Kat:3, Licht: 0","228932","3","3","5","09","07","6","","0","1","1","0","0"
"POINT (11.466471323000064 48.150055903000066)","Unfall 228933 (2024) Kat:3, Licht: 2","228933","3","3","5","09","22","6","","2","0","1","0","0"
"POINT (11.511588887000073 48.154796482000052)","Unfall 228935 (2024) Kat:3, Licht: 0","228935","3","6","0","09","15","6","","0","0","1","0","0"
"POINT (11.521866544000034 48.098948485000051)","Unfall 228938 (2024) Kat:3, Licht: 0","228938","3","6","2","09","12","6","","0","0","1","0","0"
"POINT (11.530727152000054 48.131230273000028)","Unfall 228940 (2024) Kat:3, Licht: 0","228940","3","2","5","09","08","6","","0","0","1","0","0"
"POINT (11.561926369000048 48.128557987000079)","Unfall 228941 (2024) Kat:3, Licht: 0","228941","3","3","5","09","08","6","","0","1","1","0","0"
"POINT (11.561058938000031 48.153964564000034)","Unfall 228942 (2024) Kat:3, Licht: 2","228942","3","6","1","09","20","6","","2","0","1","0","0"
"POINT (11.628308486000037 48.147398066000051)","Unfall 228979 (2024) Kat:3, Licht: 0","228979","3","2","6","09","10","6","","0","0","1","1","0"
"POINT (11.412543183000025 48.132380838000074)","Unfall 228983 (2024) Kat:3, Licht: 0","228983","3","1","0","09","08","5","","0","0","1","0","0"
"POINT (11.412862920000066 48.137487143000044)","Unfall 228984 (2024) Kat:3, Licht: 2","228984","3","3","5","09","20","5","","2","0","1","0","0"
"POINT (11.484862988000032 48.195931845000075)","Unfall 228985 (2024) Kat:3, Licht: 0","228985","3","2","5","09","15","5","","0","1","1","0","0"
"POINT (11.555889992000061 48.208346852000034)","Unfall 228986 (2024) Kat:3, Licht: 0","228986","3","2","0","09","14","5","","0","0","0","1","0"
"POINT (11.522266168000044 48.092265203000068)","Unfall 228987 (2024) Kat:3, Licht: 2","228987","3","3","5","09","20","5","","2","0","1","0","0"
"POINT (11.646729318000041 48.096089634000066)","Unfall 228988 (2024) Kat:3, Licht: 2","228988","3","1","8","09","20","5","","2","0","0","0","0"
"POINT (11.650494828000035 48.148942087000080)","Unfall 228989 (2024) Kat:3, Licht: 0","228989","3","4","6","09","15","5","","0","0","1","1","0"
"POINT (11.608665061000067 48.128231033000077)","Unfall 228990 (2024) Kat:3, Licht: 0","228990","3","1","0","09","17","5","","0","1","0","0","0"
"POINT (11.606536665000021 48.131304586000056)","Unfall 228991 (2024) Kat:3, Licht: 0","228991","3","3","5","09","13","5","","0","1","1","0","0"
"POINT (11.556989920000035 48.143694847000063)","Unfall 228992 (2024) Kat:3, Licht: 0","228992","3","2","3","09","16","5","","0","1","1","0","0"
"POINT (11.567527590000054 48.123058857000046)","Unfall 228994 (2024) Kat:3, Licht: 0","228994","3","2","5","09","17","5","","0","1","1","0","0"
"POINT (11.559540351000066 48.137413664000064)","Unfall 228995 (2024) Kat:3, Licht: 0","228995","3","6","3","09","11","5","","0","1","1","0","0"
"POINT (11.584565666000060 48.157218090000072)","Unfall 228996 (2024) Kat:3, Licht: 0","228996","3","6","2","09","17","5","","0","0","1","0","0"
"POINT (11.564689570000041 48.155263770000033)","Unfall 228998 (2024) Kat:3, Licht: 0","228998","3","1","0","09","10","5","","0","1","0","0","0"
"POINT (11.586280377000037 48.133567629000026)","Unfall 228999 (2024) Kat:3, Licht: 0","228999","3","2","5","09","15","5","","0","0","1","0","1"
"POINT (11.597477534000063 48.135748686000056)","Unfall 229010 (2024) Kat:3, Licht: 0","229010","3","6","1","09","13","5","","0","1","1","0","0"
"POINT (11.565528951000033 48.123840302000076)","Unfall 229014 (2024) Kat:3, Licht: 0","229014","3","2","3","09","15","1","","0","1","1","0","0"
"POINT (11.613140565000037 48.136842399000045)","Unfall 229036 (2024) Kat:3, Licht: 0","229036","3","3","5","09","09","3","","0","1","1","0","0"
"POINT (11.528509628000052 48.182052408000061)","Unfall 229051 (2024) Kat:3, Licht: 0","229051","3","5","1","09","10","4","","0","0","1","0","0"
"POINT (11.411138987000072 48.134818827000061)","Unfall 229056 (2024) Kat:3, Licht: 0","229056","3","6","5","09","13","4","","0","0","1","0","0"
"POINT (11.495693659000040 48.182606551000049)","Unfall 229057 (2024) Kat:3, Licht: 0","229057","3","6","4","09","17","4","","0","1","1","0","0"
"POINT (11.497580744000061 48.176812446000042)","Unfall 229058 (2024) Kat:3, Licht: 0","229058","3","2","5","09","17","4","","0","1","1","0","0"
"POINT (11.533892844000036 48.188253494000037)","Unfall 229059 (2024) Kat:2, Licht: 1","229059","2","4","6","09","19","4","","1","0","1","1","0"
"POINT (11.533575146000032 48.152879377000033)","Unfall 229060 (2024) Kat:3, Licht: 0","229060","3","6","2","09","08","4","","0","0","1","0","1"
"POINT (11.544534723000027 48.094906721000029)","Unfall 229061 (2024) Kat:3, Licht: 0","229061","3","3","5","09","08","4","","0","1","0","0","0"
"POINT (11.646222532000024 48.101335316000075)","Unfall 229062 (2024) Kat:2, Licht: 0","229062","2","7","2","09","09","4","","0","0","1","0","1"
"POINT (11.633006730000034 48.103226795000069)","Unfall 229063 (2024) Kat:3, Licht: 0","229063","3","6","0","09","13","4","","0","1","0","0","0"
"POINT (11.569277867000039 48.121712813000045)","Unfall 229064 (2024) Kat:3, Licht: 0","229064","3","2","2","09","16","4","","0","1","0","0","0"
"POINT (11.601265219000027 48.129144259000043)","Unfall 229065 (2024) Kat:3, Licht: 0","229065","3","3","5","09","16","4","","0","1","1","0","0"
"POINT (11.545556711000074 48.134565605000034)","Unfall 229066 (2024) Kat:3, Licht: 0","229066","3","3","5","09","14","4","","0","1","1","0","0"
"POINT (11.628479470000059 48.104412543000080)","Unfall 229097 (2024) Kat:3, Licht: 0","229097","3","7","0","09","15","5","","0","1","1","0","0"
"POINT (11.545068776000051 48.151187244000027)","Unfall 229117 (2024) Kat:3, Licht: 0","229117","3","5","1","09","17","3","","0","1","1","0","0"
"POINT (11.614136704000032 48.118429630000037)","Unfall 229118 (2024) Kat:2, Licht: 0","229118","2","2","5","09","15","3","","0","0","1","0","0"
"POINT (11.522012473000075 48.176094267000053)","Unfall 229119 (2024) Kat:2, Licht: 0","229119","2","2","5","09","17","3","","0","1","1","0","0"
"POINT (11.483547924000050 48.116749426000069)","Unfall 229120 (2024) Kat:3, Licht: 0","229120","3","6","2","09","15","3","","0","1","1","0","0"
"POINT (11.489513714000054 48.128232468000078)","Unfall 229122 (2024) Kat:3, Licht: 0","229122","3","3","5","09","14","3","","0","0","1","0","0"
"POINT (11.607257094000033 48.105091851000054)","Unfall 229123 (2024) Kat:3, Licht: 2","229123","3","6","1","09","20","3","","2","0","1","0","0"
"POINT (11.584192219000045 48.163411549000045)","Unfall 229124 (2024) Kat:3, Licht: 0","229124","3","2","4","09","06","3","","0","1","0","0","0"
"POINT (11.517319381000050 48.113418404000072)","Unfall 229126 (2024) Kat:3, Licht: 2","229126","3","6","3","09","21","3","","2","0","1","0","0"
"POINT (11.575932973000022 48.128272994000042)","Unfall 229177 (2024) Kat:3, Licht: 0","229177","3","2","5","09","16","5","","0","1","1","0","0"
"POINT (11.466979002000073 48.159822893000069)","Unfall 229180 (2024) Kat:2, Licht: 0","229180","2","7","0","09","09","2","","0","0","0","0","1"
"POINT (11.502995358000021 48.126033262000078)","Unfall 229181 (2024) Kat:3, Licht: 0","229181","3","1","0","09","13","2","","0","0","0","0","0"
"POINT (11.582761724000022 48.134192138000060)","Unfall 229183 (2024) Kat:3, Licht: 0","229183","3","6","2","09","09","2","","0","0","1","0","1"
"POINT (11.613828089000037 48.195253134000041)","Unfall 229187 (2024) Kat:3, Licht: 0","229187","3","6","4","09","16","2","","0","0","1","0","1"
"POINT (11.465932984000062 48.148124866000046)","Unfall 229188 (2024) Kat:3, Licht: 0","229188","3","7","8","09","10","2","","0","1","0","0","0"
"POINT (11.567455733000031 48.178175929000076)","Unfall 229189 (2024) Kat:3, Licht: 0","229189","3","2","5","09","09","2","","0","1","1","0","0"
"POINT (11.537441932000036 48.166426620000038)","Unfall 229190 (2024) Kat:3, Licht: 2","229190","3","7","0","09","19","2","","2","0","0","0","0"
"POINT (11.545604930000025 48.160770086000070)","Unfall 229191 (2024) Kat:3, Licht: 0","229191","3","5","1","09","17","2","","0","1","1","0","0"
"POINT (11.689106273000050 48.138711592000050)","Unfall 229192 (2024) Kat:3, Licht: 2","229192","3","3","5","09","06","2","","2","0","1","0","0"
"POINT (11.647686158000056 48.098617185000080)","Unfall 229193 (2024) Kat:3, Licht: 0","229193","3","2","3","09","14","2","","0","1","0","0","0"
"POINT (11.577836071000036 48.110302558000058)","Unfall 229194 (2024) Kat:3, Licht: 2","229194","3","3","5","09","20","2","","2","1","1","0","0"
"POINT (11.598941804000049 48.088518139000030)","Unfall 229195 (2024) Kat:3, Licht: 0","229195","3","3","5","09","17","2","","0","0","1","0","0"
"POINT (11.619057606000069 48.157830899000032)","Unfall 229196 (2024) Kat:3, Licht: 0","229196","3","2","6","09","09","2","","0","0","1","1","0"
"POINT (11.654205608000041 48.124945455000045)","Unfall 229197 (2024) Kat:3, Licht: 0","229197","3","7","5","09","08","2","","0","1","1","0","0"
"POINT (11.541932722000070 48.118418402000032)","Unfall 229198 (2024) Kat:3, Licht: 1","229198","3","6","0","09","13","2","","1","1","1","0","0"
"POINT (11.558378499000071 48.129911696000079)","Unfall 229199 (2024) Kat:3, Licht: 0","229199","3","3","5","09","16","2","","0","1","0","0","0"
"POINT (11.575429728000074 48.159172643000034)","Unfall 229202 (2024) Kat:3, Licht: 2","229202","3","3","5","09","03","2","","2","0","0","0","0"
"POINT (11.556106817000057 48.141925715000070)","Unfall 229203 (2024) Kat:3, Licht: 0","229203","3","3","5","09","11","2","","0","0","1","0","0"
"POINT (11.564095402000021 48.163469922000047)","Unfall 229236 (2024) Kat:3, Licht: 0","229236","3","2","5","09","17","3","","0","0","1","0","0"
"POINT (11.613728073000061 48.136714616000063)","Unfall 229260 (2024) Kat:3, Licht: 0","229260","3","6","6","09","13","1","","0","1","0","1","0"
"POINT (11.584999691000064 48.132397010000034)","Unfall 229261 (2024) Kat:3, Licht: 0","229261","3","3","5","09","16","1","","0","1","1","0","0"
"POINT (11.510923885000068 48.170037696000065)","Unfall 229265 (2024) Kat:3, Licht: 0","229265","3","3","5","09","13","1","","0","0","1","0","0"
"POINT (11.561613464000061 48.168306364000046)","Unfall 229266 (2024) Kat:3, Licht: 2","229266","3","3","5","09","01","1","","2","1","1","0","0"
"POINT (11.521565000000066 48.073219076000044)","Unfall 229267 (2024) Kat:3, Licht: 0","229267","3","7","1","09","17","1","","0","1","1","0","0"
"POINT (11.542422136000027 48.135944197000072)","Unfall 229268 (2024) Kat:3, Licht: 0","229268","3","7","0","09","13","1","","0","1","1","0","0"
"POINT (11.555934140000033 48.139285963000077)","Unfall 229269 (2024) Kat:3, Licht: 0","229269","3","6","3","09","12","1","","0","1","1","0","0"
"POINT (11.596579265000059 48.150023391000047)","Unfall 229270 (2024) Kat:3, Licht: 0","229270","3","7","0","09","12","1","","0","1","0","0","0"
"POINT (11.575762785000052 48.135615525000048)","Unfall 229271 (2024) Kat:3, Licht: 0","229271","3","1","0","09","14","1","","0","1","0","0","0"
"POINT (11.558453545000077 48.141712315000063)","Unfall 229292 (2024) Kat:2, Licht: 2","229292","2","7","0","10","04","1","","2","0","0","0","0"
"POINT (11.558454051000069 48.129377862000069)","Unfall 229293 (2024) Kat:2, Licht: 0","229293","2","2","4","10","11","1","","0","1","1","0","0"
"POINT (11.653436710000051 48.096989412000028)","Unfall 229294 (2024) Kat:3, Licht: 0","229294","3","3","5","10","12","1","","0","1","0","0","0"
"POINT (11.405195285000048 48.178845474000070)","Unfall 229295 (2024) Kat:3, Licht: 0","229295","3","4","6","10","15","1","","0","0","1","1","0"
"POINT (11.560996215000046 48.223010930000044)","Unfall 229296 (2024) Kat:3, Licht: 1","229296","3","7","6","10","18","1","","1","0","1","1","0"
"POINT (11.702293922000024 48.106459799000049)","Unfall 229297 (2024) Kat:3, Licht: 2","229297","3","7","1","10","05","1","","2","0","1","0","0"
"POINT (11.534880799000064 48.116882603000079)","Unfall 229315 (2024) Kat:2, Licht: 2","229315","2","7","3","10","20","7","","2","0","1","0","1"
"POINT (11.575379001000044 48.119534565000038)","Unfall 229317 (2024) Kat:3, Licht: 0","229317","3","1","0","10","09","7","","0","1","0","0","0"
"POINT (11.572432167000045 48.130672714000070)","Unfall 229318 (2024) Kat:3, Licht: 0","229318","3","4","6","10","14","7","","0","1","0","1","0"
"POINT (11.587572108000074 48.127692547000038)","Unfall 229319 (2024) Kat:3, Licht: 0","229319","3","3","6","10","10","7","","0","0","0","1","0"
"POINT (11.470120597000061 48.145434603000069)","Unfall 229360 (2024) Kat:3, Licht: 0","229360","3","6","0","10","09","6","","0","0","1","0","1"
"POINT (11.509395724000058 48.170512730000041)","Unfall 229361 (2024) Kat:3, Licht: 0","229361","3","7","4","10","16","6","","0","1","0","0","0"
"POINT (11.577862503000063 48.207387450000056)","Unfall 229363 (2024) Kat:3, Licht: 0","229363","3","7","6","10","07","6","","0","0","0","1","0"
"POINT (11.608307142000058 48.204894785000079)","Unfall 229364 (2024) Kat:3, Licht: 2","229364","3","3","5","10","06","6","","2","1","1","0","0"
"POINT (11.521518271000048 48.091742336000038)","Unfall 229365 (2024) Kat:3, Licht: 1","229365","3","3","5","10","18","6","","1","1","0","0","0"
"POINT (11.646296735000021 48.106679664000069)","Unfall 229367 (2024) Kat:3, Licht: 0","229367","3","3","5","10","17","6","","0","1","1","0","0"
"POINT (11.565545226000040 48.117507047000061)","Unfall 229368 (2024) Kat:3, Licht: 0","229368","3","3","5","10","13","6","","0","0","1","0","0"
"POINT (11.591256751000060 48.132254103000037)","Unfall 229369 (2024) Kat:3, Licht: 0","229369","3","3","5","10","12","6","","0","1","1","0","0"
"POINT (11.632764514000030 48.133397720000062)","Unfall 229370 (2024) Kat:3, Licht: 0","229370","3","1","2","10","09","1","","0","0","1","0","0"
"POINT (11.613679930000046 48.127093267000078)","Unfall 229371 (2024) Kat:3, Licht: 1","229371","3","2","5","10","06","6","","1","0","1","0","0"
"POINT (11.534340129000043 48.119119004000027)","Unfall 229372 (2024) Kat:3, Licht: 0","229372","3","2","5","10","11","6","","0","1","1","0","0"
"POINT (11.562900886000023 48.141582997000057)","Unfall 229373 (2024) Kat:3, Licht: 2","229373","3","7","0","10","20","6","","2","1","0","0","0"
"POINT (11.558421611000028 48.139177412000038)","Unfall 229374 (2024) Kat:3, Licht: 2","229374","3","5","0","10","22","6","","2","1","1","0","0"
"POINT (11.551022398000043 48.127654927000037)","Unfall 229375 (2024) Kat:3, Licht: 0","229375","3","2","4","10","10","6","","0","1","1","0","0"
"POINT (11.564819859000067 48.138340412000048)","Unfall 229413 (2024) Kat:3, Licht: 0","229413","3","3","5","10","14","5","","0","0","1","0","0"
"POINT (11.529275904000031 48.182049664000033)","Unfall 229414 (2024) Kat:2, Licht: 0","229414","2","6","2","10","14","5","","0","0","1","0","0"
"POINT (11.568274066000072 48.143307257000060)","Unfall 229415 (2024) Kat:3, Licht: 2","229415","3","7","1","10","18","5","","2","1","1","0","0"
"POINT (11.585438472000021 48.159234466000044)","Unfall 229416 (2024) Kat:3, Licht: 0","229416","3","2","5","10","13","5","","0","1","1","0","0"
"POINT (11.585982866000052 48.205708719000029)","Unfall 229417 (2024) Kat:3, Licht: 2","229417","3","7","0","10","22","5","","2","0","0","0","0"
"POINT (11.567780191000054 48.209288686000036)","Unfall 229418 (2024) Kat:3, Licht: 0","229418","3","7","0","10","18","5","","0","0","0","0","1"
"POINT (11.431621411000037 48.151697111000033)","Unfall 229419 (2024) Kat:3, Licht: 0","229419","3","3","5","10","12","5","","0","1","1","0","0"
"POINT (11.478277578000075 48.160935828000049)","Unfall 229420 (2024) Kat:3, Licht: 0","229420","3","4","6","10","15","5","","0","1","0","1","0"
"POINT (11.480031629000052 48.150494554000034)","Unfall 229421 (2024) Kat:3, Licht: 2","229421","3","3","5","10","18","5","","2","0","1","0","0"
"POINT (11.455469654000069 48.184709858000076)","Unfall 229422 (2024) Kat:3, Licht: 0","229422","3","3","5","10","12","5","","0","0","1","0","1"
"POINT (11.524160958000039 48.160982462000050)","Unfall 229423 (2024) Kat:3, Licht: 0","229423","3","4","6","10","16","5","","0","1","0","1","0"
"POINT (11.542029185000047 48.162931838000077)","Unfall 229424 (2024) Kat:3, Licht: 2","229424","3","6","2","10","21","5","","2","0","1","0","1"
"POINT (11.527342361000024 48.154077321000045)","Unfall 229425 (2024) Kat:3, Licht: 0","229425","3","3","5","10","09","5","","0","1","1","0","0"
"POINT (11.495047380000074 48.132211979000033)","Unfall 229426 (2024) Kat:3, Licht: 0","229426","3","7","6","10","12","5","","0","0","1","1","0"
"POINT (11.452524030000063 48.147756929000082)","Unfall 229427 (2024) Kat:3, Licht: 0","229427","3","2","5","10","15","7","","0","1","1","0","0"
"POINT (11.504291510000030 48.094291794000071)","Unfall 229428 (2024) Kat:3, Licht: 2","229428","3","2","5","10","19","5","","2","1","1","0","0"
"POINT (11.588473514000043 48.115292953000051)","Unfall 229429 (2024) Kat:3, Licht: 2","229429","3","2","5","10","22","5","","2","0","1","0","1"
"POINT (11.595471520000046 48.109232884000050)","Unfall 229430 (2024) Kat:3, Licht: 1","229430","3","2","3","10","18","5","","1","1","1","0","0"
"POINT (11.599409815000058 48.125260129000026)","Unfall 229431 (2024) Kat:3, Licht: 0","229431","3","2","4","10","17","5","","0","0","1","0","0"
"POINT (11.599474512000029 48.125316065000050)","Unfall 229432 (2024) Kat:3, Licht: 2","229432","3","2","4","10","21","5","","2","0","1","0","0"
"POINT (11.572439098000075 48.149742945000071)","Unfall 229433 (2024) Kat:3, Licht: 1","229433","3","7","0","10","17","5","","1","1","0","0","0"
"POINT (11.586933382000041 48.177106940000044)","Unfall 229464 (2024) Kat:3, Licht: 0","229464","3","7","1","10","15","4","","0","0","0","0","0"
"POINT (11.579767412000024 48.184207219000029)","Unfall 229465 (2024) Kat:2, Licht: 0","229465","2","7","0","10","16","4","","0","1","0","0","0"
"POINT (11.584523555000033 48.150064478000047)","Unfall 229466 (2024) Kat:3, Licht: 0","229466","3","7","0","10","16","4","","0","0","0","0","0"
"POINT (11.461743913000021 48.140373542000077)","Unfall 229467 (2024) Kat:3, Licht: 0","229467","3","3","5","10","07","4","","0","1","1","0","0"
"POINT (11.460587000000032 48.170053132000078)","Unfall 229468 (2024) Kat:3, Licht: 0","229468","3","6","4","10","08","4","","0","1","1","0","0"
"POINT (11.517792836000069 48.166508059000080)","Unfall 229469 (2024) Kat:3, Licht: 0","229469","3","5","3","10","11","4","","0","1","1","0","0"
"POINT (11.556763253000042 48.134758726000030)","Unfall 229470 (2024) Kat:3, Licht: 0","229470","3","5","1","10","15","4","","0","1","1","0","0"
"POINT (11.704574299000058 48.135659822000036)","Unfall 229472 (2024) Kat:3, Licht: 0","229472","3","7","1","10","08","4","","0","0","1","0","1"
"POINT (11.643422670000064 48.095547020000026)","Unfall 229473 (2024) Kat:3, Licht: 0","229473","3","4","6","10","07","4","","0","0","1","1","0"
"POINT (11.605029231000060 48.104576123000072)","Unfall 229474 (2024) Kat:3, Licht: 2","229474","3","3","5","10","23","4","","2","1","1","0","0"
"POINT (11.645257292000053 48.162722994000035)","Unfall 229475 (2024) Kat:3, Licht: 0","229475","3","2","3","10","11","4","","0","1","1","0","0"
"POINT (11.543215612000040 48.150420954000026)","Unfall 229476 (2024) Kat:3, Licht: 0","229476","3","2","4","10","12","4","","0","1","1","0","0"
"POINT (11.548654345000045 48.113358335000044)","Unfall 229477 (2024) Kat:3, Licht: 0","229477","3","7","3","10","16","4","","0","0","1","0","1"
"POINT (11.582487293000042 48.130881978000048)","Unfall 229478 (2024) Kat:3, Licht: 2","229478","3","1","0","10","21","4","","2","1","0","0","0"
"POINT (11.570309508000037 48.140683467000031)","Unfall 229480 (2024) Kat:3, Licht: 0","229480","3","7","3","10","17","4","","0","1","1","0","0"
"POINT (11.573513422000076 48.143464557000073)","Unfall 229481 (2024) Kat:3, Licht: 2","229481","3","3","4","10","01","4","","2","0","1","0","0"
"POINT (11.574301564000052 48.137371166000037)","Unfall 229531 (2024) Kat:3, Licht: 0","229531","3","7","6","10","11","3","","0","0","1","1","0"
"POINT (11.571975268000074 48.181775688000073)","Unfall 229532 (2024) Kat:3, Licht: 1","229532","3","2","5","10","18","3","","1","1","1","0","0"
"POINT (11.573309123000058 48.178890343000035)","Unfall 229533 (2024) Kat:3, Licht: 0","229533","3","4","6","10","10","3","","0","0","1","1","0"
"POINT (11.540785375000041 48.192164457000047)","Unfall 229534 (2024) Kat:3, Licht: 0","229534","3","6","1","10","08","3","","0","0","1","0","0"
"POINT (11.550906702000077 48.187490404000073)","Unfall 229535 (2024) Kat:2, Licht: 0","229535","2","3","5","10","12","3","","0","1","0","0","1"
"POINT (11.561844241000074 48.142722572000025)","Unfall 229536 (2024) Kat:3, Licht: 0","229536","3","3","5","10","07","3","","0","1","1","0","0"
"POINT (11.655046268000035 48.095983013000080)","Unfall 229539 (2024) Kat:3, Licht: 0","229539","3","1","6","10","14","3","","0","0","0","1","0"
"POINT (11.623255194000023 48.153911897000057)","Unfall 229540 (2024) Kat:3, Licht: 0","229540","3","6","2","10","16","3","","0","0","1","0","0"
"POINT (11.599715085000071 48.140043626000079)","Unfall 229541 (2024) Kat:3, Licht: 0","229541","3","3","5","10","13","3","","0","0","1","0","0"
"POINT (11.621439842000029 48.153631116000042)","Unfall 229543 (2024) Kat:3, Licht: 2","229543","3","6","3","10","22","3","","2","0","1","0","0"
"POINT (11.608714241000030 48.136900097000080)","Unfall 229544 (2024) Kat:3, Licht: 0","229544","3","7","3","10","14","3","","0","0","1","0","0"
"POINT (11.555747983000060 48.137481340000079)","Unfall 229545 (2024) Kat:3, Licht: 2","229545","3","4","6","10","19","3","","2","1","0","1","0"
"POINT (11.561477771000057 48.146865721000040)","Unfall 229546 (2024) Kat:2, Licht: 2","229546","2","2","6","10","18","3","","2","0","1","1","0"
"POINT (11.636544362000052 48.172115531000031)","Unfall 229548 (2024) Kat:3, Licht: 2","229548","3","2","3","10","20","3","","2","0","1","0","0"
"POINT (11.448846702000026 48.173531730000036)","Unfall 229595 (2024) Kat:3, Licht: 0","229595","3","2","4","10","07","2","","0","0","1","0","0"
"POINT (11.580516821000060 48.187801824000076)","Unfall 229596 (2024) Kat:3, Licht: 2","229596","3","6","3","10","05","2","","2","0","1","0","0"
"POINT (11.592485485000054 48.114896475000080)","Unfall 229597 (2024) Kat:3, Licht: 0","229597","3","2","3","10","10","2","","0","1","1","0","0"
"POINT (11.548555753000073 48.111889922000046)","Unfall 229598 (2024) Kat:3, Licht: 0","229598","3","4","6","10","18","2","","0","0","0","1","1"
"POINT (11.566046553000035 48.149251802000038)","Unfall 229599 (2024) Kat:3, Licht: 0","229599","3","1","1","10","16","2","","0","1","1","0","0"
"POINT (11.516769781000050 48.162223553000047)","Unfall 229600 (2024) Kat:3, Licht: 0","229600","3","6","0","10","16","2","","0","1","0","0","0"
"POINT (11.528172949000066 48.172407744000054)","Unfall 229601 (2024) Kat:3, Licht: 0","229601","3","7","0","10","14","2","","0","0","0","0","0"
"POINT (11.478813038000055 48.129308787000070)","Unfall 229602 (2024) Kat:3, Licht: 1","229602","3","6","2","10","15","2","","1","0","1","0","0"
"POINT (11.526147146000028 48.099573702000043)","Unfall 229603 (2024) Kat:3, Licht: 1","229603","3","1","0","10","06","2","","1","1","0","0","0"
"POINT (11.520302672000071 48.081241758000033)","Unfall 229604 (2024) Kat:3, Licht: 0","229604","3","1","0","10","15","2","","0","1","0","0","0"
"POINT (11.590527994000070 48.101117369000065)","Unfall 229606 (2024) Kat:3, Licht: 0","229606","3","6","1","10","16","2","","0","0","1","0","0"
"POINT (11.576961191000066 48.138057188000062)","Unfall 229607 (2024) Kat:3, Licht: 0","229607","3","4","6","10","11","2","","0","0","0","1","0"
"POINT (11.560431730000062 48.130473248000044)","Unfall 229654 (2024) Kat:2, Licht: 2","229654","2","4","6","10","00","1","","2","0","0","1","0"
"POINT (11.556541184000025 48.128655580000043)","Unfall 229655 (2024) Kat:3, Licht: 0","229655","3","6","2","10","15","1","","0","0","1","0","0"
"POINT (11.564982721000035 48.168008301000043)","Unfall 229656 (2024) Kat:3, Licht: 0","229656","3","4","6","10","16","1","","0","1","0","1","0"
"POINT (11.509037819000071 48.078159242000027)","Unfall 229657 (2024) Kat:3, Licht: 0","229657","3","2","5","10","15","1","","0","1","1","0","0"
"POINT (11.622236854000050 48.143858067000053)","Unfall 229658 (2024) Kat:3, Licht: 1","229658","3","7","0","10","17","1","","1","1","1","0","0"
"POINT (11.578135972000041 48.126393520000079)","Unfall 229659 (2024) Kat:3, Licht: 2","229659","3","1","0","10","00","1","","2","1","0","0","0"
"POINT (11.540516521000029 48.118836646000034)","Unfall 229660 (2024) Kat:3, Licht: 0","229660","3","6","2","10","13","1","","0","0","1","0","0"
"POINT (11.564780219000056 48.136038893000034)","Unfall 229661 (2024) Kat:3, Licht: 2","229661","3","1","1","10","01","1","","2","0","1","0","0"
"POINT (11.613939879000043 48.142334113000061)","Unfall 229662 (2024) Kat:3, Licht: 0","229662","3","6","2","10","16","2","","0","1","1","0","0"
"POINT (11.570320225000046 48.146469337000042)","Unfall 229663 (2024) Kat:3, Licht: 0","229663","3","5","1","10","10","1","","0","1","1","0","0"
"POINT (11.556543785000031 48.137469898000063)","Unfall 229684 (2024) Kat:3, Licht: 0","229684","3","6","2","10","15","7","","0","0","1","0","0"
"POINT (11.577388557000063 48.181490024000027)","Unfall 229685 (2024) Kat:3, Licht: 0","229685","3","3","5","10","12","7","","0","0","1","0","0"
"POINT (11.429912246000072 48.149250050000035)","Unfall 229686 (2024) Kat:3, Licht: 0","229686","3","3","5","10","14","7","","0","0","1","0","0"
"POINT (11.593938107000042 48.133588486000065)","Unfall 229687 (2024) Kat:3, Licht: 1","229687","3","1","0","10","19","7","","1","1","0","0","0"
"POINT (11.556102145000068 48.141890373000081)","Unfall 229688 (2024) Kat:3, Licht: 0","229688","3","6","6","10","16","7","","0","1","0","1","0"
"POINT (11.548492830000043 48.114669862000028)","Unfall 229689 (2024) Kat:3, Licht: 2","229689","3","3","5","10","19","7","","2","0","1","0","0"
"POINT (11.563153545000034 48.159838537000041)","Unfall 229690 (2024) Kat:3, Licht: 2","229690","3","2","4","10","00","7","","2","0","1","0","1"