WKT,Name,OBJECTID,UKATEGORIE,UTYP1,UART,UMONAT,USTUNDE,UWOCHENTAG,STRZUSTAND,ULICHTVERH,ISTRAD,ISTPKW,ISTFUSS,ISTKRAD
"POINT (11.582710838000025 48.160912363000079)","Unfall 229691 (2024) Kat:3, Licht: 0","229691","3","5","0","10","15","7","","0","1","1","0","0"
"POINT (11.566895229000068 48.133175417000075)","Unfall 229692 (2024) Kat:3, Licht: 2","229692","3","4","6","10","23","7","","2","0","1","1","0"
"POINT (11.463510129000042 48.164774091000027)","Unfall 229720 (2024) Kat:3, Licht: 0","229720","3","6","2","10","11","6","","0","0","1","0","0"
"POINT (11.456822310000064 48.165069207000045)","Unfall 229721 (2024) Kat:3, Licht: 2","229721","3","3","5","10","06","6","","2","0","1","0","0"
"POINT (11.507561461000023 48.178955772000052)","Unfall 229722 (2024) Kat:3, Licht: 0","229722","3","7","6","10","14","6","","0","0","1","1","0"
"POINT (11.478537259000063 48.183471058000066)","Unfall 229723 (2024) Kat:3, Licht: 0","229723","3","2","4","10","13","6","","0","0","1","0","0"
"POINT (11.532933917000037 48.159873337000079)","Unfall 229724 (2024) Kat:3, Licht: 0","229724","3","3","5","10","13","6","","0","0","1","0","0"
"POINT (11.529308013000048 48.100140662000058)","Unfall 229725 (2024) Kat:3, Licht: 0","229725","3","3","5","10","17","6","","0","1","1","0","0"
"POINT (11.638050761000045 48.168494947000056)","Unfall 229727 (2024) Kat:3, Licht: 0","229727","3","7","0","10","09","6","","0","1","0","0","0"
"POINT (11.555400295000027 48.137484464000067)","Unfall 229728 (2024) Kat:3, Licht: 2","229728","3","6","2","10","22","6","","2","1","1","0","0"
"POINT (11.631202222000070 48.118567656000039)","Unfall 229751 (2024) Kat:3, Licht: 2","229751","3","1","0","10","19","6","","2","0","1","1","0"
"POINT (11.556059645000062 48.132368580000048)","Unfall 229773 (2024) Kat:3, Licht: 2","229773","3","4","6","10","23","6","","2","1","0","1","0"
"POINT (11.587541828000042 48.184421035000071)","Unfall 229774 (2024) Kat:3, Licht: 0","229774","3","3","5","10","15","5","","0","0","1","0","0"
"POINT (11.557844632000069 48.151038829000072)","Unfall 229775 (2024) Kat:3, Licht: 2","229775","3","2","5","10","23","5","","2","1","1","0","0"
"POINT (11.559170870000059 48.166240225000081)","Unfall 229776 (2024) Kat:2, Licht: 0","229776","2","7","0","10","13","5","","0","0","0","0","0"
"POINT (11.567416459000071 48.131457123000075)","Unfall 229778 (2024) Kat:3, Licht: 2","229778","3","7","0","10","02","5","","2","0","0","0","0"
"POINT (11.569990373000053 48.145963994000056)","Unfall 229790 (2024) Kat:3, Licht: 0","229790","3","5","2","10","15","4","","0","1","1","0","0"
"POINT (11.502792785000054 48.094478053000046)","Unfall 229793 (2024) Kat:3, Licht: 0","229793","3","3","5","10","16","4","","0","0","1","0","1"
"POINT (11.563179418000061 48.207259326000042)","Unfall 229794 (2024) Kat:3, Licht: 0","229794","3","2","3","10","17","2","","0","1","1","0","0"
"POINT (11.618945589000077 48.115109896000035)","Unfall 229795 (2024) Kat:3, Licht: 0","229795","3","6","0","10","14","4","","0","0","1","0","1"
"POINT (11.630785502000037 48.119313695000073)","Unfall 229796 (2024) Kat:3, Licht: 2","229796","3","6","3","10","19","4","","2","0","1","0","1"
"POINT (11.640615257000036 48.150573054000063)","Unfall 229797 (2024) Kat:3, Licht: 0","229797","3","2","4","10","15","4","","0","1","1","0","0"
"POINT (11.547323021000068 48.134994558000074)","Unfall 229798 (2024) Kat:3, Licht: 0","229798","3","7","0","10","11","4","","0","1","0","0","0"
"POINT (11.553597792000062 48.132239731000027)","Unfall 229799 (2024) Kat:3, Licht: 0","229799","3","3","5","10","09","4","","0","1","0","0","0"
"POINT (11.611271658000021 48.199462067000070)","Unfall 229800 (2024) Kat:3, Licht: 0","229800","3","6","1","10","17","4","","0","0","1","0","0"
"POINT (11.573612635000075 48.170188492000079)","Unfall 229801 (2024) Kat:3, Licht: 2","229801","3","2","3","10","21","4","","2","0","1","0","0"
"POINT (11.577350961000036 48.145477633000041)","Unfall 229824 (2024) Kat:3, Licht: 0","229824","3","2","3","10","09","2","","0","1","0","0","0"
"POINT (11.545532954000066 48.135831395000025)","Unfall 229860 (2024) Kat:3, Licht: 2","229860","3","7","6","10","23","4","","2","0","1","1","0"
"POINT (11.545398163000073 48.118356987000027)","Unfall 229861 (2024) Kat:3, Licht: 0","229861","3","3","6","10","15","3","","0","1","0","1","0"
"POINT (11.491608047000057 48.179279426000051)","Unfall 229863 (2024) Kat:3, Licht: 0","229863","3","3","5","10","15","3","","0","0","1","0","0"
"POINT (11.419599726000058 48.174472119000029)","Unfall 229864 (2024) Kat:3, Licht: 0","229864","3","6","2","10","09","3","","0","0","1","0","0"
"POINT (11.553187524000066 48.165064639000036)","Unfall 229866 (2024) Kat:3, Licht: 2","229866","3","2","5","10","22","3","","2","1","1","0","0"
"POINT (11.554176237000036 48.213538554000081)","Unfall 229867 (2024) Kat:3, Licht: 0","229867","3","6","2","10","09","3","","0","0","1","0","0"
"POINT (11.618254008000065 48.142091096000058)","Unfall 229872 (2024) Kat:3, Licht: 0","229872","3","6","0","10","12","3","","0","0","1","0","0"
"POINT (11.535045019000052 48.132582952000064)","Unfall 229873 (2024) Kat:3, Licht: 0","229873","3","5","1","10","15","3","","0","1","1","0","0"
"POINT (11.548345601000051 48.125986724000029)","Unfall 229874 (2024) Kat:3, Licht: 0","229874","3","4","6","10","12","3","","0","1","0","1","0"
"POINT (11.578406276000067 48.175960612000040)","Unfall 229875 (2024) Kat:3, Licht: 0","229875","3","3","5","10","15","3","","0","1","1","0","0"
"POINT (11.575143432000061 48.154023760000030)","Unfall 229876 (2024) Kat:3, Licht: 0","229876","3","7","5","10","08","3","","0","1","1","0","0"
"POINT (11.544875695000030 48.127924584000027)","Unfall 229925 (2024) Kat:3, Licht: 2","229925","3","7","0","09","03","2","","2","1","0","0","0"
"POINT (11.542860706000056 48.133676573000059)","Unfall 229926 (2024) Kat:3, Licht: 0","229926","3","7","1","09","08","2","","0","0","1","0","1"
"POINT (11.610197987000049 48.132368463000034)","Unfall 229927 (2024) Kat:2, Licht: 0","229927","2","7","0","09","07","2","","0","1","0","0","0"
"POINT (11.586784710000074 48.201088473000027)","Unfall 229928 (2024) Kat:3, Licht: 2","229928","3","3","4","09","18","2","","2","1","0","0","0"
"POINT (11.467295003000061 48.163808430000074)","Unfall 229930 (2024) Kat:3, Licht: 0","229930","3","7","0","09","11","2","","0","1","0","0","0"
"POINT (11.541699919000052 48.156263541000044)","Unfall 229931 (2024) Kat:3, Licht: 1","229931","3","7","0","09","19","2","","1","1","0","0","0"
"POINT (11.538836884000034 48.150151262000065)","Unfall 229932 (2024) Kat:3, Licht: 2","229932","3","6","0","09","21","2","","2","1","0","0","0"
"POINT (11.489005006000070 48.130008865000036)","Unfall 229933 (2024) Kat:3, Licht: 0","229933","3","2","3","09","08","2","","0","1","1","0","0"
"POINT (11.693597434000026 48.131506627000078)","Unfall 229935 (2024) Kat:3, Licht: 0","229935","3","7","1","09","12","2","","0","0","1","0","1"
"POINT (11.610322629000052 48.132312252000077)","Unfall 229936 (2024) Kat:3, Licht: 0","229936","3","1","0","09","12","2","","0","1","0","0","0"
"POINT (11.566647991000025 48.159309175000033)","Unfall 229937 (2024) Kat:3, Licht: 2","229937","3","3","5","09","19","2","","2","0","1","0","0"
"POINT (11.579143807000037 48.136041086000034)","Unfall 229938 (2024) Kat:3, Licht: 2","229938","3","3","5","09","22","2","","2","0","1","0","0"
"POINT (11.568427462000045 48.131360157000074)","Unfall 229940 (2024) Kat:3, Licht: 2","229940","3","7","5","09","19","2","","2","1","0","0","0"
"POINT (11.527344780000021 48.116602387000057)","Unfall 229966 (2024) Kat:3, Licht: 0","229966","3","3","5","09","08","2","","0","0","1","0","0"
"POINT (11.571285727000031 48.154297841000073)","Unfall 229994 (2024) Kat:3, Licht: 0","229994","3","6","4","09","11","1","","0","1","0","0","0"
"POINT (11.494464033000042 48.111960925000062)","Unfall 229995 (2024) Kat:3, Licht: 0","229995","3","2","4","09","10","1","","0","0","1","0","0"
"POINT (11.531362799000021 48.146892724000054)","Unfall 229996 (2024) Kat:3, Licht: 2","229996","3","2","3","09","19","1","","2","0","1","0","0"
"POINT (11.461559983000029 48.148585946000026)","Unfall 229997 (2024) Kat:3, Licht: 0","229997","3","7","0","09","14","1","","0","1","0","0","0"
"POINT (11.502194395000060 48.109204354000042)","Unfall 229998 (2024) Kat:3, Licht: 0","229998","3","6","2","09","15","1","","0","0","1","0","0"
"POINT (11.689958944000068 48.133431244000064)","Unfall 230000 (2024) Kat:3, Licht: 1","230000","3","4","6","09","18","1","","1","0","1","1","0"
"POINT (11.632744899000045 48.133352605000027)","Unfall 230001 (2024) Kat:3, Licht: 0","230001","3","2","6","09","15","1","","0","0","1","1","0"
"POINT (11.592127143000027 48.142283901000042)","Unfall 230040 (2024) Kat:3, Licht: 0","230040","3","3","5","09","10","7","","0","0","1","0","0"
"POINT (11.544176182000058 48.126513014000068)","Unfall 230041 (2024) Kat:2, Licht: 2","230041","2","7","6","09","23","7","","2","0","0","1","0"
"POINT (11.566796275000058 48.155105599000080)","Unfall 230042 (2024) Kat:3, Licht: 2","230042","3","1","1","09","02","7","","2","0","1","0","1"
"POINT (11.463090938000050 48.188930424000034)","Unfall 230044 (2024) Kat:3, Licht: 0","230044","3","5","5","09","12","7","","0","1","1","0","0"
"POINT (11.549990467000043 48.200203980000026)","Unfall 230045 (2024) Kat:3, Licht: 0","230045","3","4","6","09","11","7","","0","0","1","1","0"
"POINT (11.570779624000068 48.177620871000045)","Unfall 230046 (2024) Kat:2, Licht: 2","230046","2","1","0","09","21","7","","2","0","0","0","0"
"POINT (11.538009213000066 48.151559233000057)","Unfall 230047 (2024) Kat:3, Licht: 2","230047","3","6","3","09","05","7","","2","0","1","0","1"
"POINT (11.588734538000040 48.109750047000034)","Unfall 230048 (2024) Kat:3, Licht: 0","230048","3","3","5","09","12","7","","0","1","1","0","0"
"POINT (11.555999770000028 48.140599273000078)","Unfall 230049 (2024) Kat:3, Licht: 0","230049","3","7","6","09","17","7","","0","1","0","1","0"
"POINT (11.528746577000049 48.129930887000057)","Unfall 230050 (2024) Kat:3, Licht: 2","230050","3","2","5","09","20","7","","2","1","1","0","0"
"POINT (11.552837025000031 48.139068132000034)","Unfall 230051 (2024) Kat:3, Licht: 0","230051","3","7","6","09","15","7","","0","1","0","1","0"
"POINT (11.546369052000045 48.137830829000052)","Unfall 230052 (2024) Kat:3, Licht: 2","230052","3","5","1","09","19","7","","2","1","1","0","0"
"POINT (11.547458383000048 48.135225829000035)","Unfall 230053 (2024) Kat:3, Licht: 0","230053","3","7","0","09","12","7","","0","1","0","0","0"
"POINT (11.580045480000024 48.139116778000073)","Unfall 230054 (2024) Kat:3, Licht: 2","230054","3","1","0","09","04","7","","2","0","0","0","0"
"POINT (11.615241961000038 48.141740805000040)","Unfall 230073 (2024) Kat:3, Licht: 0","230073","3","1","0","10","16","4","","0","1","0","0","0"
"POINT (11.500826978000077 48.183558494000067)","Unfall 230089 (2024) Kat:3, Licht: 1","230089","3","7","5","09","06","6","","1","1","1","0","0"
"POINT (11.560242549000066 48.142544659000066)","Unfall 230090 (2024) Kat:3, Licht: 2","230090","3","7","0","09","22","6","","2","0","0","0","0"
"POINT (11.554280508000033 48.139113400000042)","Unfall 230091 (2024) Kat:3, Licht: 0","230091","3","7","0","09","17","6","","0","1","0","0","0"
"POINT (11.554225483000039 48.139111185000047)","Unfall 230092 (2024) Kat:3, Licht: 0","230092","3","7","6","09","15","6","","0","1","0","1","0"
"POINT (11.608296162000045 48.201245359000040)","Unfall 230095 (2024) Kat:3, Licht: 0","230095","3","3","5","09","17","6","","0","0","1","0","0"
"POINT (11.475042836000057 48.142440719000035)","Unfall 230096 (2024) Kat:3, Licht: 0","230096","3","7","0","09","07","6","","0","0","0","0","1"
"POINT (11.473956747000045 48.177723584000034)","Unfall 230097 (2024) Kat:3, Licht: 2","230097","3","4","6","09","20","6","","2","0","1","1","0"
"POINT (11.579954662000034 48.187781928000049)","Unfall 230098 (2024) Kat:3, Licht: 0","230098","3","2","4","09","11","6","","0","0","1","0","0"
"POINT (11.547243040000069 48.159295406000069)","Unfall 230099 (2024) Kat:2, Licht: 2","230099","2","4","6","09","20","6","","2","0","0","1","0"
"POINT (11.502516162000063 48.116274306000037)","Unfall 230100 (2024) Kat:3, Licht: 2","230100","3","2","4","09","21","6","","2","0","1","0","0"
"POINT (11.663095557000076 48.134377226000026)","Unfall 230101 (2024) Kat:3, Licht: 0","230101","3","6","3","09","09","6","","0","0","1","0","0"
"POINT (11.646687312000040 48.103592860000049)","Unfall 230102 (2024) Kat:2, Licht: 2","230102","2","2","3","09","19","6","","2","1","1","0","0"
"POINT (11.555931609000027 48.139372165000054)","Unfall 230103 (2024) Kat:3, Licht: 2","230103","3","4","6","09","01","6","","2","0","1","1","0"
"POINT (11.555790337000076 48.130279300000041)","Unfall 230104 (2024) Kat:3, Licht: 0","230104","3","5","3","09","09","6","","0","1","1","0","0"
"POINT (11.581551316000059 48.134799721000036)","Unfall 230105 (2024) Kat:3, Licht: 0","230105","3","2","6","09","08","6","","0","0","1","1","0"
"POINT (11.555822470000066 48.135578202000033)","Unfall 230129 (2024) Kat:3, Licht: 2","230129","3","7","6","10","03","6","","2","0","1","1","0"
"POINT (11.545293800000024 48.144219356000065)","Unfall 230132 (2024) Kat:3, Licht: 2","230132","3","7","0","09","06","6","","2","0","0","0","0"
"POINT (11.555791785000054 48.130990428000075)","Unfall 230174 (2024) Kat:3, Licht: 2","230174","3","7","6","09","23","6","","2","0","1","1","0"
"POINT (11.553201591000061 48.135193479000066)","Unfall 230175 (2024) Kat:3, Licht: 0","230175","3","5","1","09","17","5","","0","1","1","0","0"
"POINT (11.546925181000063 48.139212284000052)","Unfall 230176 (2024) Kat:3, Licht: 2","230176","3","4","6","09","19","5","","2","0","0","1","0"
"POINT (11.571760823000034 48.139431966000075)","Unfall 230177 (2024) Kat:3, Licht: 0","230177","3","6","1","09","08","5","","0","0","0","0","1"
"POINT (11.566510065000045 48.184380095000051)","Unfall 230178 (2024) Kat:3, Licht: 0","230178","3","3","4","09","07","5","","0","1","1","0","0"
"POINT (11.596101096000041 48.183135692000064)","Unfall 230179 (2024) Kat:3, Licht: 1","230179","3","2","5","09","18","5","","1","0","1","0","0"
"POINT (11.519489664000048 48.158610754000051)","Unfall 230180 (2024) Kat:3, Licht: 0","230180","3","5","0","09","07","5","","0","1","1","0","0"
"POINT (11.536437501000023 48.151862704000052)","Unfall 230181 (2024) Kat:3, Licht: 0","230181","3","7","0","09","08","5","","0","1","0","0","0"
"POINT (11.575328520000028 48.119465796000043)","Unfall 230182 (2024) Kat:3, Licht: 2","230182","3","3","5","09","21","5","","2","0","1","0","0"
"POINT (11.625467188000073 48.148074952000059)","Unfall 230183 (2024) Kat:3, Licht: 0","230183","3","2","4","09","10","5","","0","1","1","0","0"
"POINT (11.507384583000032 48.118093140000042)","Unfall 230184 (2024) Kat:3, Licht: 0","230184","3","7","0","09","14","5","","0","1","0","0","0"
"POINT (11.564695231000030 48.166063033000057)","Unfall 230185 (2024) Kat:3, Licht: 0","230185","3","5","3","09","18","5","","0","1","1","0","0"
"POINT (11.582383993000064 48.138660146000063)","Unfall 230186 (2024) Kat:3, Licht: 0","230186","3","1","1","09","07","5","","0","1","1","0","0"
"POINT (11.569580925000025 48.132030639000050)","Unfall 230187 (2024) Kat:3, Licht: 0","230187","3","6","2","09","12","5","","0","0","1","0","1"
"POINT (11.644001637000031 48.086254709000059)","Unfall 230201 (2024) Kat:3, Licht: 0","230201","3","7","1","10","08","4","","0","1","1","0","0"
"POINT (11.569983339000032 48.112303620000034)","Unfall 230209 (2024) Kat:3, Licht: 0","230209","3","7","6","10","10","3","","0","0","1","1","0"
"POINT (11.638461509000024 48.090088010000045)","Unfall 230228 (2024) Kat:3, Licht: 0","230228","3","3","0","10","11","4","","0","1","1","0","0"
"POINT (11.612823422000076 48.120773278000058)","Unfall 230236 (2024) Kat:3, Licht: 0","230236","3","2","4","09","10","4","","0","0","1","0","0"
"POINT (11.600203767000039 48.176062930000057)","Unfall 230237 (2024) Kat:3, Licht: 0","230237","3","2","5","09","15","4","","0","0","1","0","0"
"POINT (11.426284169000041 48.138580161000050)","Unfall 230238 (2024) Kat:3, Licht: 0","230238","3","3","5","09","14","4","","0","1","1","0","0"
"POINT (11.443229789000043 48.163805754000066)","Unfall 230239 (2024) Kat:3, Licht: 0","230239","3","2","3","09","07","4","","0","1","1","0","0"
"POINT (11.543582136000055 48.200809972000059)","Unfall 230240 (2024) Kat:3, Licht: 0","230240","3","3","5","09","10","4","","0","1","1","0","0"
"POINT (11.484062168000037 48.116783873000031)","Unfall 230241 (2024) Kat:2, Licht: 0","230241","2","3","5","09","08","4","","0","1","1","0","0"
"POINT (11.538247890000036 48.100441305000061)","Unfall 230244 (2024) Kat:3, Licht: 0","230244","3","2","6","09","15","4","","0","0","1","1","0"
"POINT (11.650302459000045 48.113044990000049)","Unfall 230245 (2024) Kat:3, Licht: 0","230245","3","2","4","09","11","4","","0","1","1","0","0"
"POINT (11.662111995000032 48.084957054000029)","Unfall 230246 (2024) Kat:3, Licht: 0","230246","3","1","0","09","09","4","","0","1","0","0","0"
"POINT (11.618415536000043 48.109619248000058)","Unfall 230247 (2024) Kat:3, Licht: 0","230247","3","2","3","09","18","4","","0","1","1","0","0"
"POINT (11.634880140000064 48.167954759000054)","Unfall 230248 (2024) Kat:3, Licht: 0","230248","3","5","1","09","15","4","","0","1","1","0","0"
"POINT (11.587531333000072 48.127638753000042)","Unfall 230249 (2024) Kat:3, Licht: 2","230249","3","7","0","09","20","4","","2","1","0","1","0"
"POINT (11.555800957000031 48.133274377000077)","Unfall 230250 (2024) Kat:3, Licht: 0","230250","3","6","2","09","16","4","","0","0","1","0","0"
"POINT (11.551614554000025 48.137925307000046)","Unfall 230251 (2024) Kat:3, Licht: 2","230251","3","5","3","09","01","4","","2","1","1","0","0"
"POINT (11.553304086000026 48.139083083000060)","Unfall 230253 (2024) Kat:3, Licht: 0","230253","3","7","5","09","09","4","","0","0","1","0","0"
"POINT (11.572949609000034 48.150530241000070)","Unfall 230254 (2024) Kat:3, Licht: 2","230254","3","1","0","09","02","4","","2","1","0","0","0"
"POINT (11.570014391000029 48.140729780000072)","Unfall 230255 (2024) Kat:3, Licht: 0","230255","3","1","0","09","09","4","","0","1","0","0","0"
"POINT (11.627249222000046 48.147665434000032)","Unfall 230262 (2024) Kat:3, Licht: 0","230262","3","6","2","10","12","2","","0","0","1","0","0"
"POINT (11.589086312000063 48.187867871000037)","Unfall 230266 (2024) Kat:3, Licht: 2","230266","3","3","5","10","18","5","","2","1","1","0","0"
"POINT (11.563550805000034 48.204651487000035)","Unfall 230276 (2024) Kat:2, Licht: 0","230276","2","3","5","09","16","5","","0","1","1","0","0"
"POINT (11.473257137000076 48.090656134000028)","Unfall 230326 (2024) Kat:3, Licht: 1","230326","3","7","4","10","17","2","","1","1","1","0","0"
"POINT (11.546729815000049 48.159234619000074)","Unfall 230327 (2024) Kat:2, Licht: 0","230327","2","7","6","09","17","3","","0","0","1","1","0"
"POINT (11.569568056000037 48.187285659000054)","Unfall 230328 (2024) Kat:3, Licht: 0","230328","3","3","5","09","14","3","","0","1","1","0","0"
"POINT (11.507864603000030 48.183172586000069)","Unfall 230329 (2024) Kat:3, Licht: 0","230329","3","3","6","09","14","3","","0","1","0","1","0"
"POINT (11.520481208000035 48.146526688000051)","Unfall 230330 (2024) Kat:2, Licht: 2","230330","2","7","5","09","23","3","","2","1","1","0","0"
"POINT (11.539382869000065 48.151278422000075)","Unfall 230331 (2024) Kat:2, Licht: 0","230331","2","4","6","09","07","3","","0","1","0","1","0"
"POINT (11.525875035000070 48.102293146000079)","Unfall 230332 (2024) Kat:3, Licht: 0","230332","3","3","5","09","18","3","","0","0","1","0","1"
"POINT (11.532770332000041 48.099952032000033)","Unfall 230333 (2024) Kat:3, Licht: 0","230333","3","1","0","09","10","3","","0","1","0","0","0"
"POINT (11.603812284000071 48.109835203000046)","Unfall 230334 (2024) Kat:3, Licht: 0","230334","3","5","1","09","12","3","","0","0","1","0","0"
"POINT (11.573030248000066 48.143489631000079)","Unfall 230335 (2024) Kat:3, Licht: 0","230335","3","2","5","10","08","6","","0","1","1","0","0"
"POINT (11.607472384000062 48.139016769000079)","Unfall 230336 (2024) Kat:2, Licht: 0","230336","2","7","1","09","08","3","","0","1","0","0","0"
"POINT (11.634743610000044 48.137967077000042)","Unfall 230337 (2024) Kat:3, Licht: 0","230337","3","2","3","09","13","3","","0","1","1","0","0"
"POINT (11.596259363000058 48.133654156000034)","Unfall 230338 (2024) Kat:3, Licht: 0","230338","3","2","0","09","16","3","","0","0","1","0","1"
"POINT (11.526037693000035 48.116527625000060)","Unfall 230339 (2024) Kat:3, Licht: 0","230339","3","2","0","09","18","3","","0","0","1","1","0"
"POINT (11.580758195000044 48.149430129000052)","Unfall 230341 (2024) Kat:3, Licht: 0","230341","3","5","6","09","18","3","","0","1","0","1","0"
"POINT (11.575342876000036 48.143025788000045)","Unfall 230342 (2024) Kat:3, Licht: 0","230342","3","3","5","09","10","3","","0","1","1","0","0"
"POINT (11.607400566000024 48.195298486000070)","Unfall 230355 (2024) Kat:3, Licht: 2","230355","3","7","7","11","18","6","","2","1","0","0","0"
"POINT (11.581453031000024 48.123880755000073)","Unfall 230356 (2024) Kat:3, Licht: 2","230356","3","5","1","11","17","6","","2","1","1","0","0"
"POINT (11.548691535000046 48.114677330000063)","Unfall 230357 (2024) Kat:3, Licht: 0","230357","3","2","5","11","12","6","","0","1","1","0","0"
"POINT (11.567506471000058 48.123201598000037)","Unfall 230397 (2024) Kat:3, Licht: 0","230397","3","2","5","10","16","5","","0","1","0","0","0"
"POINT (11.518366019000041 48.139673375000029)","Unfall 230398 (2024) Kat:3, Licht: 2","230398","3","7","0","10","18","5","","2","0","0","0","0"
"POINT (11.646361543000069 48.109000557000059)","Unfall 230399 (2024) Kat:3, Licht: 0","230399","3","2","5","10","13","5","","0","1","1","0","0"
"POINT (11.594762807000052 48.128063913000062)","Unfall 230400 (2024) Kat:3, Licht: 0","230400","3","5","0","10","12","5","","0","1","1","0","0"
"POINT (11.533929336000028 48.113828513000044)","Unfall 230401 (2024) Kat:3, Licht: 1","230401","3","7","2","10","06","5","","1","0","0","0","1"
"POINT (11.589122212000063 48.137304374000053)","Unfall 230402 (2024) Kat:3, Licht: 0","230402","3","7","1","10","14","5","","0","1","1","0","0"
"POINT (11.528129041000057 48.118391212000063)","Unfall 230438 (2024) Kat:3, Licht: 0","230438","3","5","0","10","07","4","","0","1","1","0","0"
"POINT (11.565384708000067 48.113252828000043)","Unfall 230439 (2024) Kat:3, Licht: 0","230439","3","6","2","10","06","4","","0","0","1","0","0"
"POINT (11.467999262000035 48.164766945000054)","Unfall 230441 (2024) Kat:3, Licht: 2","230441","3","6","1","10","16","4","","2","0","1","0","0"
"POINT (11.553852113000062 48.157279344000074)","Unfall 230442 (2024) Kat:3, Licht: 0","230442","3","7","0","10","09","4","","0","1","0","1","0"
"POINT (11.502785311000025 48.131725354000025)","Unfall 230443 (2024) Kat:3, Licht: 0","230443","3","2","3","10","11","4","","0","1","1","0","0"
"POINT (11.482529793000026 48.080119796000076)","Unfall 230445 (2024) Kat:3, Licht: 2","230445","3","1","0","10","17","4","","2","1","0","0","0"
"POINT (11.542276456000025 48.162921338000046)","Unfall 230489 (2024) Kat:3, Licht: 0","230489","3","2","5","10","08","3","","0","0","1","0","0"
"POINT (11.578094850000070 48.184308886000053)","Unfall 230491 (2024) Kat:3, Licht: 0","230491","3","7","5","10","16","3","","0","1","1","0","0"
"POINT (11.520312137000076 48.146671705000074)","Unfall 230492 (2024) Kat:3, Licht: 2","230492","3","7","0","10","18","3","","2","1","0","0","0"
"POINT (11.495627762000026 48.113235975000066)","Unfall 230493 (2024) Kat:3, Licht: 0","230493","3","7","0","10","15","3","","0","1","0","0","0"
"POINT (11.502416968000034 48.112008091000064)","Unfall 230494 (2024) Kat:3, Licht: 2","230494","3","2","4","10","18","3","","2","1","1","0","0"
"POINT (11.515656876000037 48.078653929000041)","Unfall 230495 (2024) Kat:3, Licht: 0","230495","3","1","0","10","15","3","","0","1","0","0","0"
"POINT (11.689415834000044 48.116425869000068)","Unfall 230496 (2024) Kat:3, Licht: 2","230496","3","6","3","10","17","3","","2","1","1","0","0"
"POINT (11.542442242000050 48.118398729000035)","Unfall 230497 (2024) Kat:3, Licht: 0","230497","3","7","1","10","12","3","","0","1","1","0","0"
"POINT (11.538075728000024 48.139771529000029)","Unfall 230498 (2024) Kat:3, Licht: 0","230498","3","3","5","10","14","3","","0","0","1","0","0"
"POINT (11.586265826000044 48.162314303000073)","Unfall 230499 (2024) Kat:3, Licht: 2","230499","3","2","3","10","18","3","","2","1","1","0","0"
"POINT (11.593250624000063 48.142100372000073)","Unfall 230500 (2024) Kat:3, Licht: 0","230500","3","1","0","10","11","3","","0","1","0","0","0"
"POINT (11.499162361000060 48.134156726000072)","Unfall 230511 (2024) Kat:3, Licht: 0","230511","3","7","1","10","11","5","","0","1","1","0","0"
"POINT (11.511613174000047 48.156403453000053)","Unfall 230539 (2024) Kat:3, Licht: 0","230539","3","6","3","10","07","2","","0","0","1","0","0"
"POINT (11.572447263000072 48.187455286000045)","Unfall 230540 (2024) Kat:3, Licht: 0","230540","3","4","6","10","12","2","","0","0","1","1","0"
"POINT (11.455368203000035 48.166594508000060)","Unfall 230543 (2024) Kat:3, Licht: 0","230543","3","3","5","10","15","2","","0","0","1","0","0"
"POINT (11.528987413000038 48.179879200000073)","Unfall 230544 (2024) Kat:3, Licht: 0","230544","3","7","6","10","16","2","","0","0","1","1","0"
"POINT (11.562558628000033 48.185551393000026)","Unfall 230545 (2024) Kat:3, Licht: 0","230545","3","3","1","10","15","2","","0","0","1","0","1"
"POINT (11.562489675000052 48.185912804000054)","Unfall 230546 (2024) Kat:3, Licht: 0","230546","3","2","6","10","12","2","","0","0","1","1","0"
"POINT (11.513814680000053 48.137489577000053)","Unfall 230547 (2024) Kat:3, Licht: 0","230547","3","7","5","10","08","2","","0","0","1","0","0"
"POINT (11.503203838000047 48.147140749000073)","Unfall 230548 (2024) Kat:3, Licht: 0","230548","3","2","5","10","06","2","","0","1","1","0","0"
"POINT (11.502248805000022 48.106274055000029)","Unfall 230549 (2024) Kat:3, Licht: 0","230549","3","6","2","10","12","2","","0","0","1","0","0"
"POINT (11.640331400000036 48.089790011000048)","Unfall 230551 (2024) Kat:3, Licht: 0","230551","3","1","6","10","15","2","","0","0","0","1","0"
"POINT (11.565238059000023 48.132865676000051)","Unfall 230552 (2024) Kat:3, Licht: 2","230552","3","6","3","10","20","2","","2","0","1","0","0"
"POINT (11.566858830000058 48.161065833000066)","Unfall 230553 (2024) Kat:3, Licht: 2","230553","3","7","6","10","17","2","","2","0","1","1","0"
"POINT (11.562771709000060 48.144146819000071)","Unfall 230554 (2024) Kat:3, Licht: 0","230554","3","3","5","10","10","2","","0","1","0","0","0"
"POINT (11.584054600000059 48.139773576000039)","Unfall 230555 (2024) Kat:3, Licht: 2","230555","3","2","5","10","17","2","","2","1","1","0","0"
"POINT (11.577540742000053 48.134423146000074)","Unfall 230601 (2024) Kat:2, Licht: 0","230601","2","4","6","10","16","1","","0","0","1","1","0"