WKT,Name,OBJECTID,UKATEGORIE,UTYP1,UART,UMONAT,USTUNDE,UWOCHENTAG,STRZUSTAND,ULICHTVERH,ISTRAD,ISTPKW,ISTFUSS,ISTKRAD
"POINT (11.584870041000045 48.132292585000073)","Unfall 230602 (2024) Kat:3, Licht: 2","230602","3","2","4","10","02","1","","2","0","1","0","0"
"POINT (11.566847528000039 48.182056459000080)","Unfall 230603 (2024) Kat:3, Licht: 0","230603","3","7","0","10","16","1","","0","0","0","0","0"
"POINT (11.552950474000056 48.164870808000046)","Unfall 230604 (2024) Kat:3, Licht: 2","230604","3","1","1","10","02","1","","2","0","1","0","0"
"POINT (11.546476627000061 48.095267429000046)","Unfall 230605 (2024) Kat:3, Licht: 0","230605","3","1","1","10","13","1","","0","0","1","0","1"
"POINT (11.567262822000032 48.151158898000062)","Unfall 230606 (2024) Kat:3, Licht: 0","230606","3","5","1","10","09","1","","0","0","1","0","0"
"POINT (11.554099321000024 48.144677582000043)","Unfall 230632 (2024) Kat:3, Licht: 0","230632","3","6","2","10","10","7","","0","0","1","0","0"
"POINT (11.570398571000055 48.204907290000051)","Unfall 230633 (2024) Kat:3, Licht: 0","230633","3","2","5","10","12","7","","0","1","1","0","0"
"POINT (11.623274371000036 48.130776453000067)","Unfall 230637 (2024) Kat:3, Licht: 0","230637","3","3","5","10","13","7","","0","1","1","0","0"
"POINT (11.625999483000044 48.171600427000044)","Unfall 230638 (2024) Kat:3, Licht: 0","230638","3","3","5","10","13","7","","0","0","1","0","0"
"POINT (11.574333326000044 48.119896374000064)","Unfall 230639 (2024) Kat:1, Licht: 0","230639","1","7","6","10","15","7","","0","1","0","1","0"
"POINT (11.587259212000049 48.121916002000034)","Unfall 230640 (2024) Kat:3, Licht: 2","230640","3","3","5","10","18","7","","2","1","1","0","0"
"POINT (11.541650428000025 48.139473618000068)","Unfall 230641 (2024) Kat:3, Licht: 0","230641","3","6","2","10","12","7","","0","1","0","0","0"
"POINT (11.567057079000051 48.146107486000062)","Unfall 230642 (2024) Kat:2, Licht: 0","230642","2","1","0","10","17","7","","0","1","0","0","0"
"POINT (11.629614624000055 48.165173318000029)","Unfall 230671 (2024) Kat:3, Licht: 0","230671","3","2","3","10","15","6","","0","0","1","0","0"
"POINT (11.539287413000068 48.116501440000036)","Unfall 230673 (2024) Kat:1, Licht: 0","230673","1","7","6","10","10","6","","0","0","1","1","0"
"POINT (11.602850434000061 48.186890187000074)","Unfall 230674 (2024) Kat:3, Licht: 0","230674","3","6","2","10","14","6","","0","0","1","0","0"
"POINT (11.567612496000038 48.187249545000043)","Unfall 230675 (2024) Kat:3, Licht: 2","230675","3","6","0","10","19","6","","2","0","1","0","0"
"POINT (11.555168263000041 48.180732632000058)","Unfall 230676 (2024) Kat:3, Licht: 2","230676","3","7","1","10","19","6","","2","0","1","0","0"
"POINT (11.461198943000056 48.148782527000037)","Unfall 230677 (2024) Kat:3, Licht: 0","230677","3","7","6","10","10","6","","0","0","0","1","0"
"POINT (11.542742538000027 48.100014453000028)","Unfall 230679 (2024) Kat:3, Licht: 0","230679","3","1","6","10","08","6","","0","0","1","1","1"
"POINT (11.672205191000046 48.136740017000079)","Unfall 230680 (2024) Kat:3, Licht: 1","230680","3","2","4","10","06","6","","1","0","1","0","0"
"POINT (11.621092171000043 48.126552177000065)","Unfall 230681 (2024) Kat:3, Licht: 0","230681","3","4","6","10","12","6","","0","0","1","1","0"
"POINT (11.581695142000058 48.099295295000047)","Unfall 230682 (2024) Kat:3, Licht: 0","230682","3","3","5","10","09","6","","0","0","1","0","0"
"POINT (11.549083657000040 48.144425022000064)","Unfall 230684 (2024) Kat:3, Licht: 0","230684","3","4","6","10","09","6","","0","1","0","1","0"
"POINT (11.573580439000068 48.169725058000040)","Unfall 230685 (2024) Kat:3, Licht: 0","230685","3","1","0","10","07","6","","0","1","0","0","0"
"POINT (11.546382946000051 48.146853276000058)","Unfall 230737 (2024) Kat:3, Licht: 2","230737","3","7","0","10","06","5","","2","1","1","0","0"
"POINT (11.553734569000028 48.186223793000067)","Unfall 230738 (2024) Kat:3, Licht: 0","230738","3","2","3","10","15","5","","0","1","1","0","0"
"POINT (11.584304111000051 48.119805595000059)","Unfall 230739 (2024) Kat:3, Licht: 2","230739","3","7","0","10","20","5","","2","0","1","0","1"
"POINT (11.541385494000053 48.150953221000066)","Unfall 230741 (2024) Kat:3, Licht: 0","230741","3","3","0","10","15","5","","0","1","1","0","0"
"POINT (11.522011321000036 48.175741270000060)","Unfall 230742 (2024) Kat:3, Licht: 0","230742","3","2","0","10","18","5","","0","0","0","0","1"
"POINT (11.531230048000054 48.156552580000039)","Unfall 230743 (2024) Kat:3, Licht: 0","230743","3","2","3","10","16","5","","0","1","1","0","0"
"POINT (11.580292094000072 48.115696383000056)","Unfall 230744 (2024) Kat:3, Licht: 2","230744","3","2","3","10","07","5","","2","1","1","0","0"
"POINT (11.630568026000049 48.176108237000051)","Unfall 230745 (2024) Kat:3, Licht: 1","230745","3","4","5","10","18","5","","1","0","1","1","0"
"POINT (11.591033461000052 48.132238912000048)","Unfall 230747 (2024) Kat:3, Licht: 2","230747","3","5","1","10","18","5","","2","1","1","0","0"
"POINT (11.528916493000054 48.120462462000035)","Unfall 230748 (2024) Kat:3, Licht: 2","230748","3","7","5","10","06","5","","2","1","1","0","0"
"POINT (11.533628579000037 48.107204493000040)","Unfall 230749 (2024) Kat:2, Licht: 2","230749","2","3","5","10","19","5","","2","0","1","0","1"
"POINT (11.548319691000074 48.118361476000075)","Unfall 230751 (2024) Kat:3, Licht: 0","230751","3","2","5","10","08","5","","0","1","1","0","0"
"POINT (11.569613942000046 48.158779343000049)","Unfall 230752 (2024) Kat:3, Licht: 2","230752","3","1","0","10","21","5","","2","1","0","0","0"
"POINT (11.543542461000072 48.204983713000047)","Unfall 230797 (2024) Kat:3, Licht: 1","230797","3","3","5","10","17","4","","1","0","1","0","1"
"POINT (11.594688750000046 48.141808131000062)","Unfall 230798 (2024) Kat:3, Licht: 0","230798","3","6","3","10","16","4","","0","0","1","0","0"
"POINT (11.519388768000056 48.143274913000027)","Unfall 230799 (2024) Kat:3, Licht: 0","230799","3","4","6","10","13","4","","0","0","1","1","0"
"POINT (11.461430409000059 48.146167037000055)","Unfall 230800 (2024) Kat:3, Licht: 0","230800","3","7","0","10","14","4","","0","0","1","0","0"
"POINT (11.621340797000073 48.223231811000062)","Unfall 230801 (2024) Kat:2, Licht: 2","230801","2","7","8","10","22","4","","2","0","1","0","0"
"POINT (11.474648914000056 48.179004321000036)","Unfall 230802 (2024) Kat:3, Licht: 0","230802","3","6","6","10","13","4","","0","0","1","1","0"
"POINT (11.562642131000075 48.213462392000054)","Unfall 230803 (2024) Kat:3, Licht: 2","230803","3","3","5","10","19","4","","2","0","1","0","0"
"POINT (11.528758614000026 48.211432630000047)","Unfall 230804 (2024) Kat:2, Licht: 2","230804","2","1","1","10","23","4","","2","0","0","0","1"
"POINT (11.483194376000029 48.167380930000036)","Unfall 230805 (2024) Kat:3, Licht: 0","230805","3","3","5","10","08","4","","0","1","1","0","0"
"POINT (11.502517884000042 48.116427462000047)","Unfall 230806 (2024) Kat:3, Licht: 0","230806","3","7","6","10","08","4","","0","0","1","1","0"
"POINT (11.602672311000049 48.147172734000037)","Unfall 230807 (2024) Kat:3, Licht: 0","230807","3","6","2","10","08","4","","0","1","1","0","0"
"POINT (11.576737411000067 48.118907147000073)","Unfall 230808 (2024) Kat:3, Licht: 0","230808","3","2","4","10","08","4","","0","1","1","0","0"
"POINT (11.599084489000063 48.121438993000027)","Unfall 230809 (2024) Kat:3, Licht: 0","230809","3","6","4","10","08","4","","0","1","0","0","0"
"POINT (11.569563040000048 48.128603995000049)","Unfall 230810 (2024) Kat:3, Licht: 0","230810","3","7","0","10","13","4","","0","1","0","0","0"
"POINT (11.559908247000067 48.143786897000041)","Unfall 230811 (2024) Kat:3, Licht: 0","230811","3","1","1","10","13","4","","0","1","1","0","0"
"POINT (11.524849795000023 48.132710423000049)","Unfall 230849 (2024) Kat:2, Licht: 2","230849","2","3","5","10","19","3","","2","0","1","0","0"
"POINT (11.574549962000049 48.153008153000030)","Unfall 230850 (2024) Kat:3, Licht: 0","230850","3","3","5","10","14","3","","0","1","0","0","0"
"POINT (11.597213307000061 48.091119538000044)","Unfall 230851 (2024) Kat:3, Licht: 0","230851","3","3","5","10","09","3","","0","1","0","0","0"
"POINT (11.583245394000073 48.141592465000031)","Unfall 230852 (2024) Kat:3, Licht: 0","230852","3","1","2","10","14","3","","0","0","1","0","0"
"POINT (11.568123586000070 48.202173387000073)","Unfall 230853 (2024) Kat:2, Licht: 0","230853","2","7","0","10","06","3","","0","0","0","1","0"
"POINT (11.546501642000067 48.151864504000059)","Unfall 230854 (2024) Kat:3, Licht: 0","230854","3","2","5","10","10","3","","0","1","0","0","0"
"POINT (11.653237056000023 48.130240662000062)","Unfall 230855 (2024) Kat:3, Licht: 0","230855","3","7","9","10","14","3","","0","0","1","0","0"
"POINT (11.534355412000025 48.109563531000049)","Unfall 230856 (2024) Kat:3, Licht: 0","230856","3","6","4","10","14","3","","0","1","0","0","0"
"POINT (11.619483015000071 48.153502292000042)","Unfall 230857 (2024) Kat:3, Licht: 2","230857","3","1","0","10","18","3","","2","1","0","0","0"
"POINT (11.535254496000050 48.127420600000050)","Unfall 230858 (2024) Kat:3, Licht: 0","230858","3","6","3","10","11","3","","0","0","1","0","1"
"POINT (11.535709844000053 48.124815626000043)","Unfall 230859 (2024) Kat:3, Licht: 0","230859","3","2","5","10","09","3","","0","1","1","0","0"
"POINT (11.546444155000074 48.130547510000042)","Unfall 230860 (2024) Kat:3, Licht: 2","230860","3","7","0","10","21","3","","2","1","0","0","0"
"POINT (11.586068751000028 48.160480842000027)","Unfall 230861 (2024) Kat:3, Licht: 0","230861","3","7","6","10","14","3","","0","1","0","1","0"
"POINT (11.566337307000026 48.133326744000044)","Unfall 230862 (2024) Kat:3, Licht: 2","230862","3","2","5","10","21","3","","2","0","1","0","0"
"POINT (11.529332400000044 48.217308263000064)","Unfall 230921 (2024) Kat:3, Licht: 0","230921","3","7","5","10","16","2","","0","1","1","0","0"
"POINT (11.572868563000043 48.187460768000051)","Unfall 230922 (2024) Kat:3, Licht: 0","230922","3","2","5","10","13","2","","0","1","1","0","0"
"POINT (11.461083052000049 48.148818506000055)","Unfall 230923 (2024) Kat:3, Licht: 0","230923","3","4","6","10","12","2","","0","0","0","1","0"
"POINT (11.416699476000076 48.146488770000076)","Unfall 230924 (2024) Kat:3, Licht: 0","230924","3","7","0","10","15","2","","0","1","1","0","0"
"POINT (11.522172651000062 48.175600543000030)","Unfall 230925 (2024) Kat:2, Licht: 1","230925","2","2","5","10","18","2","","1","1","1","0","0"
"POINT (11.525403014000062 48.186468132000073)","Unfall 230926 (2024) Kat:3, Licht: 0","230926","3","7","0","10","15","2","","0","1","1","0","0"
"POINT (11.501892614000042 48.135364699000036)","Unfall 230927 (2024) Kat:3, Licht: 0","230927","3","2","5","10","13","2","","0","1","1","0","0"
"POINT (11.502263993000042 48.111938535000036)","Unfall 230928 (2024) Kat:3, Licht: 0","230928","3","2","6","10","14","2","","0","0","0","1","0"
"POINT (11.629147214000056 48.163243914000077)","Unfall 230932 (2024) Kat:3, Licht: 0","230932","3","6","6","10","16","2","","0","1","0","1","0"
"POINT (11.629250479000063 48.159051978000036)","Unfall 230933 (2024) Kat:3, Licht: 0","230933","3","2","3","10","13","2","","0","1","1","0","0"
"POINT (11.548394503000054 48.120690308000064)","Unfall 230934 (2024) Kat:3, Licht: 0","230934","3","3","4","10","15","2","","0","0","1","0","1"
"POINT (11.593070412000031 48.173887136000076)","Unfall 230935 (2024) Kat:3, Licht: 0","230935","3","1","0","10","16","2","","0","1","0","0","0"
"POINT (11.567935120000072 48.142653931000041)","Unfall 230936 (2024) Kat:3, Licht: 0","230936","3","7","6","10","11","2","","0","0","1","1","0"
"POINT (11.508399604000033 48.149650250000036)","Unfall 230943 (2024) Kat:3, Licht: 0","230943","3","4","6","10","13","4","","0","0","0","1","0"
"POINT (11.508231519000049 48.098067471000036)","Unfall 230967 (2024) Kat:3, Licht: 2","230967","3","3","5","10","07","4","","2","1","1","0","0"
"POINT (11.533767915000055 48.153103643000065)","Unfall 230994 (2024) Kat:3, Licht: 0","230994","3","7","0","10","11","3","","0","1","0","0","0"
"POINT (11.508926709000036 48.106440359000032)","Unfall 231003 (2024) Kat:2, Licht: 0","231003","2","3","5","10","13","1","","0","1","1","0","0"
"POINT (11.610216709000042 48.197678998000072)","Unfall 231004 (2024) Kat:3, Licht: 0","231004","3","3","4","10","11","1","","0","0","1","0","1"
"POINT (11.538051576000043 48.165648583000063)","Unfall 231005 (2024) Kat:3, Licht: 2","231005","3","2","5","10","20","1","","2","0","1","0","0"
"POINT (11.524576386000035 48.135646594000036)","Unfall 231006 (2024) Kat:3, Licht: 1","231006","3","2","5","10","17","1","","1","0","1","0","0"
"POINT (11.581745522000062 48.151504824000028)","Unfall 231007 (2024) Kat:3, Licht: 1","231007","3","7","0","10","18","1","","1","1","0","0","0"
"POINT (11.565465866000068 48.191470518000074)","Unfall 231031 (2024) Kat:3, Licht: 0","231031","3","3","5","10","16","6","","0","1","1","0","0"
"POINT (11.585030098000061 48.132355658000051)","Unfall 231039 (2024) Kat:3, Licht: 0","231039","3","2","4","10","16","7","","0","0","1","0","0"
"POINT (11.604392179000058 48.128570118000027)","Unfall 231040 (2024) Kat:3, Licht: 0","231040","3","2","6","10","17","7","","0","0","1","1","0"
"POINT (11.511148142000025 48.139371561000075)","Unfall 231041 (2024) Kat:3, Licht: 2","231041","3","7","6","10","19","7","","2","1","0","1","0"
"POINT (11.590206622000039 48.176898624000046)","Unfall 231042 (2024) Kat:3, Licht: 0","231042","3","3","5","10","15","7","","0","1","1","0","0"
"POINT (11.661548221000032 48.142669609000052)","Unfall 231046 (2024) Kat:3, Licht: 0","231046","3","4","6","10","11","7","","0","1","0","1","0"
"POINT (11.515477178000026 48.118011317000025)","Unfall 231047 (2024) Kat:3, Licht: 0","231047","3","7","5","10","12","7","","0","1","1","0","0"
"POINT (11.577414329000021 48.136788083000056)","Unfall 231048 (2024) Kat:3, Licht: 0","231048","3","6","1","10","18","7","","0","1","1","0","0"
"POINT (11.565686437000068 48.139338032000069)","Unfall 231049 (2024) Kat:3, Licht: 0","231049","3","7","1","10","15","7","","0","1","1","0","0"
"POINT (11.552958920000037 48.112340627000037)","Unfall 231087 (2024) Kat:2, Licht: 2","231087","2","7","8","10","00","6","","2","0","0","0","0"
"POINT (11.632820972000047 48.099582554000051)","Unfall 231088 (2024) Kat:3, Licht: 0","231088","3","4","6","10","07","6","","0","0","1","1","0"
"POINT (11.534643474000063 48.153282462000050)","Unfall 231089 (2024) Kat:2, Licht: 0","231089","2","7","0","10","16","6","","0","1","0","0","0"
"POINT (11.579204185000037 48.184214398000051)","Unfall 231090 (2024) Kat:3, Licht: 0","231090","3","2","5","10","16","6","","0","1","1","0","0"
"POINT (11.474589179000077 48.142550802000073)","Unfall 231091 (2024) Kat:2, Licht: 2","231091","2","7","0","10","22","6","","2","0","0","0","0"
"POINT (11.459872555000061 48.146683100000075)","Unfall 231092 (2024) Kat:3, Licht: 0","231092","3","7","0","10","15","6","","0","1","0","0","0"
"POINT (11.524635444000069 48.160322366000059)","Unfall 231093 (2024) Kat:3, Licht: 1","231093","3","7","0","10","21","6","","1","1","0","0","0"
"POINT (11.542654956000035 48.099992075000046)","Unfall 231095 (2024) Kat:3, Licht: 0","231095","3","3","5","10","09","6","","0","1","0","0","0"
"POINT (11.658876952000071 48.131343600000037)","Unfall 231096 (2024) Kat:3, Licht: 2","231096","3","3","5","10","19","6","","2","1","0","0","1"
"POINT (11.597694103000038 48.087274218000061)","Unfall 231097 (2024) Kat:3, Licht: 0","231097","3","7","0","10","16","6","","0","1","0","0","0"
"POINT (11.624968429000035 48.163081611000052)","Unfall 231098 (2024) Kat:3, Licht: 0","231098","3","6","5","10","09","6","","0","0","1","0","1"
"POINT (11.602588753000077 48.120046582000043)","Unfall 231099 (2024) Kat:2, Licht: 0","231099","2","2","5","10","12","6","","0","1","1","0","0"
"POINT (11.566139471000042 48.123647217000041)","Unfall 231100 (2024) Kat:3, Licht: 0","231100","3","5","3","10","13","6","","0","1","1","0","0"
"POINT (11.572758315000044 48.150234396000030)","Unfall 231101 (2024) Kat:3, Licht: 0","231101","3","1","0","10","14","6","","0","1","0","0","0"
"POINT (11.609555647000036 48.196396105000076)","Unfall 231123 (2024) Kat:3, Licht: 0","231123","3","1","3","10","16","6","","0","1","1","0","0"
"POINT (11.581558332000043 48.135356724000076)","Unfall 231126 (2024) Kat:2, Licht: 0","231126","2","5","0","10","17","2","","0","1","1","0","0"
"POINT (11.591784325000049 48.136848755000074)","Unfall 231155 (2024) Kat:2, Licht: 0","231155","2","7","3","10","13","5","","0","1","0","0","0"
"POINT (11.503518020000058 48.079232148000074)","Unfall 231157 (2024) Kat:3, Licht: 0","231157","3","2","6","10","13","5","","0","0","1","1","0"
"POINT (11.425379283000041 48.174058679000041)","Unfall 231158 (2024) Kat:3, Licht: 0","231158","3","3","5","10","15","5","","0","0","1","0","0"
"POINT (11.569339987000035 48.211447763000081)","Unfall 231159 (2024) Kat:3, Licht: 0","231159","3","3","5","10","16","5","","0","1","1","0","0"
"POINT (11.468673698000032 48.150063420000038)","Unfall 231160 (2024) Kat:3, Licht: 0","231160","3","3","5","10","07","5","","0","1","1","0","0"
"POINT (11.494874350000032 48.178138807000039)","Unfall 231161 (2024) Kat:3, Licht: 0","231161","3","2","5","10","17","5","","0","1","1","0","0"
"POINT (11.522530356000061 48.134428290000074)","Unfall 231162 (2024) Kat:3, Licht: 0","231162","3","6","2","10","09","5","","0","0","1","0","0"
"POINT (11.475252040000044 48.122247043000073)","Unfall 231163 (2024) Kat:3, Licht: 0","231163","3","2","5","10","14","5","","0","1","1","0","0"
"POINT (11.604227262000052 48.104291638000063)","Unfall 231165 (2024) Kat:3, Licht: 0","231165","3","6","1","10","17","5","","0","0","1","0","0"
"POINT (11.633094388000075 48.158575531000054)","Unfall 231166 (2024) Kat:3, Licht: 0","231166","3","3","5","10","15","5","","0","1","1","0","0"
"POINT (11.648199815000055 48.139836653000032)","Unfall 231167 (2024) Kat:3, Licht: 0","231167","3","3","5","10","11","5","","0","0","1","0","0"
"POINT (11.606090414000050 48.120697389000043)","Unfall 231168 (2024) Kat:3, Licht: 0","231168","3","6","2","10","19","5","","0","0","1","0","0"
"POINT (11.586268934000032 48.161023373000035)","Unfall 231169 (2024) Kat:3, Licht: 0","231169","3","7","2","10","13","5","","0","0","1","0","0"
"POINT (11.574843082000029 48.153460961000064)","Unfall 231171 (2024) Kat:3, Licht: 0","231171","3","5","1","10","14","5","","0","1","1","0","0"
"POINT (11.572991178000052 48.142902509000066)","Unfall 231172 (2024) Kat:3, Licht: 2","231172","3","6","3","10","23","5","","2","0","1","0","1"
"POINT (11.624368172000061 48.118549530000053)","Unfall 231185 (2024) Kat:3, Licht: 0","231185","3","1","0","10","14","3","","0","1","0","0","0"
"POINT (11.546350950000033 48.100021314000060)","Unfall 231227 (2024) Kat:3, Licht: 0","231227","3","6","3","10","08","5","","0","0","1","0","0"
"POINT (11.457345675000056 48.165075487000081)","Unfall 231237 (2024) Kat:3, Licht: 2","231237","3","6","2","10","21","5","","2","0","1","0","0"
"POINT (11.556056824000052 48.139216592000025)","Unfall 231246 (2024) Kat:3, Licht: 2","231246","3","3","5","10","18","4","","2","0","1","0","0"
"POINT (11.589568014000065 48.201276897000071)","Unfall 231247 (2024) Kat:3, Licht: 2","231247","3","3","5","10","20","4","","2","0","1","0","0"
"POINT (11.582351249000055 48.193889831000035)","Unfall 231248 (2024) Kat:3, Licht: 0","231248","3","7","6","10","15","4","","0","0","1","1","0"
"POINT (11.560568822000050 48.192700180000031)","Unfall 231249 (2024) Kat:3, Licht: 0","231249","3","3","5","10","15","4","","0","1","1","0","0"
"POINT (11.535537233000071 48.153468128000043)","Unfall 231250 (2024) Kat:3, Licht: 0","231250","3","2","6","10","17","4","","0","0","1","1","0"
"POINT (11.544191335000050 48.157779802000050)","Unfall 231251 (2024) Kat:3, Licht: 0","231251","3","7","5","10","15","4","","0","1","1","0","0"
"POINT (11.695339392000051 48.113546385000063)","Unfall 231255 (2024) Kat:3, Licht: 0","231255","3","7","0","10","16","4","","0","0","0","0","0"
"POINT (11.612860294000029 48.121159440000042)","Unfall 231256 (2024) Kat:3, Licht: 0","231256","3","6","2","10","18","4","","0","0","1","0","0"
"POINT (11.561823244000038 48.137401887000067)","Unfall 231257 (2024) Kat:3, Licht: 0","231257","3","6","3","10","11","4","","0","0","1","0","1"
"POINT (11.555963714000029 48.137478954000073)","Unfall 231258 (2024) Kat:3, Licht: 2","231258","3","3","5","10","20","4","","2","1","1","0","0"
"POINT (11.568044723000071 48.154282432000059)","Unfall 231260 (2024) Kat:3, Licht: 0","231260","3","7","0","10","15","4","","0","1","0","0","0"
"POINT (11.563077452000073 48.149353618000077)","Unfall 231280 (2024) Kat:2, Licht: 2","231280","2","7","6","10","20","5","","2","1","0","1","0"
"POINT (11.666477475000022 48.123507537000080)","Unfall 231336 (2024) Kat:3, Licht: 0","231336","3","6","0","10","13","3","","0","0","0","0","0"
"POINT (11.447854966000023 48.140359006000040)","Unfall 231337 (2024) Kat:3, Licht: 1","231337","3","3","5","10","17","3","","1","1","1","0","0"
"POINT (11.464177492000033 48.189378194000028)","Unfall 231338 (2024) Kat:2, Licht: 2","231338","2","3","5","10","19","3","","2","0","1","0","0"
"POINT (11.459928189000038 48.147375310000029)","Unfall 231340 (2024) Kat:3, Licht: 2","231340","3","6","6","10","18","3","","2","1","0","1","0"
"POINT (11.564068348000035 48.187059747000035)","Unfall 231341 (2024) Kat:2, Licht: 2","231341","2","7","0","10","23","3","","2","1","1","1","0"
"POINT (11.536213613000029 48.094766944000071)","Unfall 231342 (2024) Kat:3, Licht: 0","231342","3","7","6","10","13","3","","0","0","1","1","0"
"POINT (11.652903594000065 48.109226990000082)","Unfall 231345 (2024) Kat:3, Licht: 0","231345","3","3","5","10","16","3","","0","1","1","0","0"
"POINT (11.616607560000034 48.102662186000032)","Unfall 231346 (2024) Kat:3, Licht: 0","231346","3","3","5","10","15","3","","0","1","1","0","0"
"POINT (11.569217802000026 48.121763702000067)","Unfall 231347 (2024) Kat:3, Licht: 2","231347","3","6","2","10","19","3","","2","0","1","0","0"
"POINT (11.541416007000066 48.118381868000029)","Unfall 231348 (2024) Kat:3, Licht: 1","231348","3","7","0","10","18","3","","1","1","0","0","0"
"POINT (11.513220948000026 48.098018761000048)","Unfall 231392 (2024) Kat:3, Licht: 1","231392","3","7","5","10","18","5","","1","0","1","0","0"
"POINT (11.502318855000055 48.180657728000028)","Unfall 231399 (2024) Kat:3, Licht: 0","231399","3","6","3","10","16","2","","0","1","1","0","0"
"POINT (11.535113037000031 48.146109689000070)","Unfall 231400 (2024) Kat:3, Licht: 0","231400","3","3","5","10","10","2","","0","1","1","0","0"
"POINT (11.536510018000058 48.146307225000044)","Unfall 231401 (2024) Kat:3, Licht: 0","231401","3","2","5","10","16","2","","0","1","1","0","0"
"POINT (11.596228983000060 48.134178284000029)","Unfall 231402 (2024) Kat:3, Licht: 2","231402","3","7","0","10","18","2","","2","0","1","0","1"
"POINT (11.581626543000027 48.123669312000061)","Unfall 231403 (2024) Kat:3, Licht: 0","231403","3","3","5","10","07","2","","0","1","1","0","0"
"POINT (11.530628501000024 48.117862721000051)","Unfall 231404 (2024) Kat:3, Licht: 0","231404","3","6","0","10","13","2","","0","1","1","0","0"
"POINT (11.557706916000029 48.121467888000041)","Unfall 231406 (2024) Kat:3, Licht: 0","231406","3","2","5","10","15","2","","0","1","1","0","0"
"POINT (11.528002231000073 48.137262295000028)","Unfall 231407 (2024) Kat:3, Licht: 0","231407","3","2","5","10","07","2","","0","1","1","0","0"
"POINT (11.579171965000057 48.176676682000050)","Unfall 231408 (2024) Kat:3, Licht: 0","231408","3","2","5","10","17","2","","0","1","0","0","1"
"POINT (11.585242266000023 48.159284106000030)","Unfall 231409 (2024) Kat:3, Licht: 2","231409","3","1","0","10","20","2","","2","1","0","0","0"
"POINT (11.478036351000071 48.167837968000072)","Unfall 231467 (2024) Kat:3, Licht: 0","231467","3","6","4","11","13","1","","0","1","1","0","0"
"POINT (11.548499367000034 48.120115715000054)","Unfall 231470 (2024) Kat:3, Licht: 0","231470","3","3","5","11","14","1","","0","1","1","0","0"
"POINT (11.586046936000059 48.169366351000065)","Unfall 231481 (2024) Kat:2, Licht: 0","231481","2","3","5","11","13","7","","0","1","0","0","0"
"POINT (11.563842567000052 48.170728002000033)","Unfall 231482 (2024) Kat:3, Licht: 0","231482","3","3","0","11","08","7","","0","0","1","0","1"
"POINT (11.610940643000049 48.199754005000045)","Unfall 231484 (2024) Kat:3, Licht: 0","231484","3","6","2","11","09","7","","0","0","1","0","0"
"POINT (11.553502208000054 48.204132393000066)","Unfall 231485 (2024) Kat:3, Licht: 0","231485","3","3","0","11","12","7","","0","0","1","0","0"
"POINT (11.520387416000062 48.199039104000065)","Unfall 231506 (2024) Kat:3, Licht: 0","231506","3","7","0","11","08","6","","0","1","0","0","0"
"POINT (11.576125268000055 48.181567069000039)","Unfall 231507 (2024) Kat:3, Licht: 2","231507","3","6","4","11","17","6","","2","1","1","0","0"
"POINT (11.407717516000048 48.142915973000072)","Unfall 231508 (2024) Kat:2, Licht: 0","231508","2","7","6","11","12","6","","0","0","0","1","0"
"POINT (11.655395338000062 48.096459446000040)","Unfall 231509 (2024) Kat:3, Licht: 0","231509","3","4","6","11","10","6","","0","0","1","1","0"
"POINT (11.500622543000077 48.120317595000074)","Unfall 231511 (2024) Kat:3, Licht: 0","231511","3","5","1","11","11","6","","0","0","1","0","0"
"POINT (11.523430124000072 48.097328025000081)","Unfall 231512 (2024) Kat:3, Licht: 0","231512","3","2","6","11","13","6","","0","0","1","1","0"
"POINT (11.511714613000038 48.111304088000054)","Unfall 231514 (2024) Kat:3, Licht: 0","231514","3","2","5","11","08","6","","0","1","1","0","0"
"POINT (11.628259005000075 48.111022473000048)","Unfall 231565 (2024) Kat:3, Licht: 0","231565","3","1","9","11","13","5","","0","0","1","0","0"
"POINT (11.555892322000034 48.137366080000049)","Unfall 231566 (2024) Kat:3, Licht: 2","231566","3","2","6","11","19","5","","2","0","1","1","0"
"POINT (11.583831223000061 48.155938788000071)","Unfall 231567 (2024) Kat:3, Licht: 0","231567","3","6","3","11","15","5","","0","1","0","0","0"
"POINT (11.569097544000044 48.145068063000053)","Unfall 231568 (2024) Kat:3, Licht: 0","231568","3","3","5","11","13","5","","0","1","1","0","0"
"POINT (11.508524203000036 48.170858103000057)","Unfall 231595 (2024) Kat:3, Licht: 0","231595","3","7","4","11","09","4","","0","0","1","0","0"
"POINT (11.583697833000031 48.142723721000038)","Unfall 231596 (2024) Kat:3, Licht: 0","231596","3","3","0","11","12","4","","0","0","1","0","0"
"POINT (11.563988357000028 48.179257990000053)","Unfall 231597 (2024) Kat:2, Licht: 1","231597","2","4","6","11","16","4","","1","0","1","1","0"
"POINT (11.623726140000031 48.195471241000064)","Unfall 231598 (2024) Kat:3, Licht: 2","231598","3","6","2","11","06","4","","2","0","1","0","0"
"POINT (11.407139123000036 48.178904997000075)","Unfall 231599 (2024) Kat:3, Licht: 0","231599","3","3","5","11","16","4","","0","1","1","0","0"
"POINT (11.507105528000068 48.163808733000053)","Unfall 231600 (2024) Kat:3, Licht: 0","231600","3","3","5","11","11","4","","0","0","1","0","0"