WKT,Name,OBJECTID,UKATEGORIE,UTYP1,UART,UMONAT,USTUNDE,UWOCHENTAG,STRZUSTAND,ULICHTVERH,ISTRAD,ISTPKW,ISTFUSS,ISTKRAD
"POINT (11.502873406000049 48.135198195000044)","Unfall 231601 (2024) Kat:3, Licht: 0","231601","3","7","0","11","15","4","","0","1","0","0","0"
"POINT (11.507433843000058 48.141146071000037)","Unfall 231602 (2024) Kat:3, Licht: 0","231602","3","3","5","11","08","4","","0","1","1","0","0"
"POINT (11.643592615000045 48.101967525000077)","Unfall 231603 (2024) Kat:3, Licht: 0","231603","3","7","0","11","11","4","","0","0","1","1","0"
"POINT (11.610200924000026 48.132367138000063)","Unfall 231604 (2024) Kat:3, Licht: 0","231604","3","1","0","11","12","4","","0","1","0","0","0"
"POINT (11.540898875000039 48.125324555000077)","Unfall 231605 (2024) Kat:3, Licht: 0","231605","3","2","3","11","14","4","","0","1","1","0","0"
"POINT (11.559041213000057 48.125915276000057)","Unfall 231606 (2024) Kat:3, Licht: 1","231606","3","1","0","11","16","4","","1","0","0","0","1"
"POINT (11.574883345000046 48.158557806000033)","Unfall 231607 (2024) Kat:3, Licht: 1","231607","3","1","1","11","07","4","","1","1","1","0","0"
"POINT (11.582634743000028 48.098550861000035)","Unfall 231640 (2024) Kat:3, Licht: 2","231640","3","5","1","11","19","3","","2","0","1","0","0"
"POINT (11.574000510000076 48.144063147000054)","Unfall 231641 (2024) Kat:3, Licht: 0","231641","3","3","5","11","11","3","","0","0","1","0","0"
"POINT (11.491829507000034 48.179741990000082)","Unfall 231642 (2024) Kat:3, Licht: 1","231642","3","3","5","11","15","3","","1","0","1","0","0"
"POINT (11.574786908000021 48.162137677000032)","Unfall 231643 (2024) Kat:3, Licht: 0","231643","3","5","1","11","14","3","","0","1","1","0","0"
"POINT (11.468781691000061 48.151501092000046)","Unfall 231644 (2024) Kat:3, Licht: 1","231644","3","3","5","11","17","3","","1","0","1","0","0"
"POINT (11.434290191000059 48.149378257000080)","Unfall 231645 (2024) Kat:3, Licht: 0","231645","3","2","5","11","08","3","","0","1","1","0","0"
"POINT (11.496550857000045 48.177182198000025)","Unfall 231647 (2024) Kat:3, Licht: 2","231647","3","6","3","11","18","3","","2","0","1","0","0"
"POINT (11.546130688000062 48.186231512000063)","Unfall 231648 (2024) Kat:3, Licht: 2","231648","3","2","5","11","19","3","","2","0","1","0","0"
"POINT (11.535281191000024 48.153415708000068)","Unfall 231649 (2024) Kat:3, Licht: 0","231649","3","3","0","11","07","3","","0","1","0","0","0"
"POINT (11.520327392000070 48.148466516000042)","Unfall 231650 (2024) Kat:3, Licht: 0","231650","3","6","2","11","07","3","","0","0","1","0","0"
"POINT (11.651380638000035 48.123089225000058)","Unfall 231651 (2024) Kat:3, Licht: 0","231651","3","3","5","11","11","3","","0","1","1","0","0"
"POINT (11.567484896000053 48.089471296000056)","Unfall 231652 (2024) Kat:3, Licht: 0","231652","3","5","1","11","16","3","","0","1","1","0","0"
"POINT (11.573133226000039 48.160519760000057)","Unfall 231653 (2024) Kat:3, Licht: 1","231653","3","4","6","11","15","3","","1","1","0","1","0"
"POINT (11.567854070000067 48.142676498000071)","Unfall 231654 (2024) Kat:3, Licht: 0","231654","3","2","3","11","07","3","","0","1","0","0","0"
"POINT (11.575381302000039 48.142246138000075)","Unfall 231655 (2024) Kat:3, Licht: 0","231655","3","3","5","11","10","3","","0","1","1","0","0"
"POINT (11.477168423000023 48.115466648000051)","Unfall 231690 (2024) Kat:2, Licht: 2","231690","2","7","4","11","19","2","","2","0","1","0","0"
"POINT (11.578479731000073 48.128929948000064)","Unfall 231691 (2024) Kat:3, Licht: 2","231691","3","5","1","11","21","2","","2","0","1","0","0"
"POINT (11.484662976000038 48.180130721000069)","Unfall 231692 (2024) Kat:2, Licht: 1","231692","2","4","6","11","15","2","","1","0","1","1","0"
"POINT (11.558034443000054 48.150219936000042)","Unfall 231693 (2024) Kat:3, Licht: 2","231693","3","3","1","11","06","2","","2","1","1","0","0"
"POINT (11.487517236000031 48.113728399000081)","Unfall 231694 (2024) Kat:3, Licht: 2","231694","3","2","5","11","18","2","","2","0","1","0","1"
"POINT (11.666051536000055 48.127149972000041)","Unfall 231695 (2024) Kat:3, Licht: 2","231695","3","5","1","11","16","2","","2","0","1","0","0"
"POINT (11.563774529000057 48.095864658000039)","Unfall 231697 (2024) Kat:2, Licht: 2","231697","2","2","6","11","17","2","","2","0","1","1","0"
"POINT (11.611261080000077 48.117002499000080)","Unfall 231698 (2024) Kat:3, Licht: 2","231698","3","2","3","11","17","2","","2","0","1","0","0"
"POINT (11.602567234000048 48.120042325000043)","Unfall 231699 (2024) Kat:3, Licht: 2","231699","3","2","5","11","19","2","","2","1","1","0","0"
"POINT (11.540066970000055 48.139746472000070)","Unfall 231701 (2024) Kat:3, Licht: 0","231701","3","2","5","11","10","2","","0","1","1","0","0"
"POINT (11.534140174000072 48.137975781000080)","Unfall 231702 (2024) Kat:3, Licht: 0","231702","3","2","5","11","12","2","","0","1","1","0","0"
"POINT (11.574441460000060 48.164162117000046)","Unfall 231703 (2024) Kat:3, Licht: 2","231703","3","7","2","11","19","2","","2","0","1","0","1"
"POINT (11.555799556000068 48.139169675000062)","Unfall 231744 (2024) Kat:2, Licht: 0","231744","2","1","0","11","15","1","","0","1","0","0","0"
"POINT (11.576901566000060 48.132928697000068)","Unfall 231767 (2024) Kat:3, Licht: 0","231767","3","7","6","11","15","7","","0","0","1","1","0"
"POINT (11.562595270000031 48.185351734000051)","Unfall 231768 (2024) Kat:3, Licht: 0","231768","3","6","4","11","12","7","","0","0","0","0","0"
"POINT (11.508244903000048 48.098085545000060)","Unfall 231769 (2024) Kat:3, Licht: 2","231769","3","2","5","11","19","7","","2","0","1","0","0"
"POINT (11.609874282000021 48.092575337000028)","Unfall 231770 (2024) Kat:3, Licht: 1","231770","3","6","2","11","16","7","","1","0","1","0","0"
"POINT (11.602784174000021 48.143916912000066)","Unfall 231771 (2024) Kat:3, Licht: 0","231771","3","1","0","11","14","7","","0","0","0","0","0"
"POINT (11.561013198000069 48.140715776000036)","Unfall 231772 (2024) Kat:3, Licht: 2","231772","3","1","0","11","02","7","","2","0","0","0","0"
"POINT (11.505555723000043 48.095392643000025)","Unfall 231773 (2024) Kat:3, Licht: 0","231773","3","3","5","11","14","7","","0","1","1","0","0"
"POINT (11.586227623000070 48.161963464000053)","Unfall 231774 (2024) Kat:3, Licht: 0","231774","3","6","2","11","13","7","","0","1","0","0","0"
"POINT (11.584762508000040 48.141591995000056)","Unfall 231775 (2024) Kat:3, Licht: 0","231775","3","3","1","11","15","7","","0","0","1","0","1"
"POINT (11.557926173000055 48.143360497000060)","Unfall 231776 (2024) Kat:3, Licht: 2","231776","3","4","6","11","01","7","","2","1","0","1","0"
"POINT (11.575352021000072 48.142782332000081)","Unfall 231777 (2024) Kat:3, Licht: 0","231777","3","3","1","11","10","7","","0","1","1","0","0"
"POINT (11.581986286000074 48.134689985000080)","Unfall 231809 (2024) Kat:3, Licht: 2","231809","3","2","5","11","20","6","","2","1","1","0","0"
"POINT (11.521250470000041 48.166764156000056)","Unfall 231810 (2024) Kat:3, Licht: 0","231810","3","4","6","11","14","6","","0","0","0","1","0"
"POINT (11.586179952000066 48.106991684000036)","Unfall 231811 (2024) Kat:3, Licht: 0","231811","3","6","6","11","07","6","","0","1","0","1","0"
"POINT (11.553562586000055 48.183668117000082)","Unfall 231812 (2024) Kat:3, Licht: 0","231812","3","2","3","11","14","6","","0","1","1","0","0"
"POINT (11.515048826000054 48.141897698000037)","Unfall 231813 (2024) Kat:3, Licht: 0","231813","3","3","0","11","12","6","","0","0","0","0","1"
"POINT (11.593203059000075 48.192761202000042)","Unfall 231815 (2024) Kat:3, Licht: 0","231815","3","6","4","11","13","6","","0","1","0","0","0"
"POINT (11.510950269000034 48.169716977000064)","Unfall 231818 (2024) Kat:3, Licht: 0","231818","3","6","0","11","07","6","","0","1","0","0","0"
"POINT (11.461885988000063 48.210028019000049)","Unfall 231819 (2024) Kat:3, Licht: 2","231819","3","6","2","11","19","6","","2","0","1","0","0"
"POINT (11.626273873000059 48.092369218000044)","Unfall 231820 (2024) Kat:3, Licht: 1","231820","3","5","1","11","16","6","","1","1","0","0","1"
"POINT (11.592781402000071 48.114907226000071)","Unfall 231821 (2024) Kat:3, Licht: 0","231821","3","2","6","11","07","6","","0","0","1","1","0"
"POINT (11.689062327000045 48.138814896000042)","Unfall 231857 (2024) Kat:3, Licht: 0","231857","3","2","4","11","11","2","","0","0","1","0","0"
"POINT (11.569965458000070 48.145879398000034)","Unfall 231865 (2024) Kat:3, Licht: 2","231865","3","4","6","11","17","5","","2","0","1","1","0"
"POINT (11.486240541000029 48.213517711000065)","Unfall 231866 (2024) Kat:2, Licht: 0","231866","2","6","2","11","13","5","","0","1","1","0","0"
"POINT (11.510435274000031 48.100374054000042)","Unfall 231867 (2024) Kat:3, Licht: 1","231867","3","3","0","11","06","5","","1","0","1","0","1"
"POINT (11.659088060000045 48.102968090000047)","Unfall 231868 (2024) Kat:3, Licht: 0","231868","3","1","2","11","09","5","","0","0","1","0","0"
"POINT (11.589049257000056 48.124803077000081)","Unfall 231869 (2024) Kat:3, Licht: 0","231869","3","2","5","11","17","5","","0","1","1","0","0"
"POINT (11.593115024000042 48.129112145000079)","Unfall 231871 (2024) Kat:3, Licht: 2","231871","3","1","0","11","17","5","","2","1","1","0","0"
"POINT (11.593121760000031 48.129107321000049)","Unfall 231872 (2024) Kat:3, Licht: 2","231872","3","1","0","11","17","5","","2","1","1","0","0"
"POINT (11.606918183000062 48.135798375000036)","Unfall 231873 (2024) Kat:3, Licht: 0","231873","3","6","2","11","10","5","","0","0","1","0","0"
"POINT (11.616347039000061 48.114270420000025)","Unfall 231874 (2024) Kat:2, Licht: 0","231874","2","7","6","11","12","5","","0","0","1","1","0"
"POINT (11.555597414000033 48.136389478000069)","Unfall 231875 (2024) Kat:3, Licht: 2","231875","3","1","3","11","21","5","","2","0","1","0","0"
"POINT (11.605414248000045 48.104566771000066)","Unfall 231906 (2024) Kat:3, Licht: 2","231906","3","2","6","11","23","6","","2","0","1","1","0"
"POINT (11.523572193000064 48.080539167000040)","Unfall 231914 (2024) Kat:3, Licht: 1","231914","3","2","4","11","07","4","","1","1","1","0","0"
"POINT (11.580912830000045 48.097988863000069)","Unfall 231915 (2024) Kat:3, Licht: 0","231915","3","7","0","11","09","4","","0","1","0","0","0"
"POINT (11.556089765000024 48.208475563000036)","Unfall 231916 (2024) Kat:2, Licht: 2","231916","2","2","6","11","18","4","","2","0","1","1","0"
"POINT (11.610440779000044 48.194591704000061)","Unfall 231917 (2024) Kat:3, Licht: 2","231917","3","2","6","11","19","4","","2","0","1","1","0"
"POINT (11.541395088000058 48.150975698000082)","Unfall 231918 (2024) Kat:3, Licht: 2","231918","3","2","0","11","19","4","","2","1","1","0","0"
"POINT (11.607830011000033 48.088716311000042)","Unfall 231919 (2024) Kat:3, Licht: 2","231919","3","1","0","11","19","4","","2","1","0","0","0"
"POINT (11.577537589000030 48.111340976000065)","Unfall 231920 (2024) Kat:3, Licht: 2","231920","3","4","6","11","20","4","","2","0","1","1","0"
"POINT (11.634559208000042 48.169110817000046)","Unfall 231921 (2024) Kat:3, Licht: 0","231921","3","2","3","11","11","4","","0","0","1","0","0"
"POINT (11.635083289000022 48.137881918000062)","Unfall 231922 (2024) Kat:3, Licht: 0","231922","3","3","5","11","15","4","","0","1","0","0","0"
"POINT (11.581630300000029 48.120639463000032)","Unfall 231923 (2024) Kat:3, Licht: 0","231923","3","3","0","11","08","4","","0","1","0","0","0"
"POINT (11.533135435000077 48.106447518000039)","Unfall 231924 (2024) Kat:3, Licht: 0","231924","3","7","4","11","09","4","","0","0","1","0","0"
"POINT (11.559784970000067 48.144226374000027)","Unfall 231925 (2024) Kat:3, Licht: 1","231925","3","1","0","11","18","4","","1","1","1","0","0"
"POINT (11.561855617000049 48.156090660000075)","Unfall 231927 (2024) Kat:3, Licht: 2","231927","3","1","2","11","21","4","","2","0","1","0","0"
"POINT (11.476204094000025 48.111043972000061)","Unfall 231977 (2024) Kat:2, Licht: 0","231977","2","3","5","11","11","3","","0","1","1","0","0"
"POINT (11.514538339000069 48.179358800000045)","Unfall 231979 (2024) Kat:3, Licht: 2","231979","3","7","6","11","06","3","","2","1","0","1","0"
"POINT (11.520166341000049 48.147663881000028)","Unfall 231981 (2024) Kat:3, Licht: 2","231981","3","6","3","11","19","3","","2","1","0","0","0"
"POINT (11.502060013000062 48.102055673000052)","Unfall 231982 (2024) Kat:3, Licht: 0","231982","3","7","6","11","07","3","","0","0","1","1","0"
"POINT (11.696985039000026 48.133484553000073)","Unfall 231983 (2024) Kat:3, Licht: 0","231983","3","3","5","11","11","3","","0","0","1","0","0"
"POINT (11.681453523000073 48.135476891000053)","Unfall 231984 (2024) Kat:3, Licht: 2","231984","3","6","2","11","20","3","","2","0","1","0","0"
"POINT (11.604574259000060 48.105772597000055)","Unfall 231985 (2024) Kat:3, Licht: 2","231985","3","3","5","11","18","3","","2","1","1","0","0"
"POINT (11.575980369000035 48.120385359000068)","Unfall 231986 (2024) Kat:3, Licht: 2","231986","3","3","5","11","18","3","","2","1","1","0","0"
"POINT (11.610560319000058 48.132205059000057)","Unfall 231987 (2024) Kat:3, Licht: 0","231987","3","6","9","11","09","3","","0","1","0","0","0"
"POINT (11.519515110000043 48.181831389000081)","Unfall 232026 (2024) Kat:3, Licht: 0","232026","3","7","5","11","10","2","","0","0","1","0","0"
"POINT (11.580898098000034 48.187813972000072)","Unfall 232027 (2024) Kat:3, Licht: 2","232027","3","2","3","11","20","2","","2","1","1","0","0"
"POINT (11.527096364000045 48.181947933000060)","Unfall 232028 (2024) Kat:3, Licht: 0","232028","3","3","5","11","07","2","","0","1","1","0","0"
"POINT (11.484541385000057 48.180156521000072)","Unfall 232029 (2024) Kat:3, Licht: 0","232029","3","3","5","11","11","2","","0","0","1","0","0"
"POINT (11.543739527000071 48.203274646000068)","Unfall 232030 (2024) Kat:2, Licht: 0","232030","2","1","2","11","14","2","","0","0","1","0","0"
"POINT (11.477093252000031 48.115143976000070)","Unfall 232031 (2024) Kat:3, Licht: 0","232031","3","7","0","11","15","2","","0","0","0","0","0"
"POINT (11.529089370000065 48.099878948000026)","Unfall 232032 (2024) Kat:3, Licht: 2","232032","3","3","5","11","20","2","","2","0","1","0","0"
"POINT (11.594640606000041 48.141818671000067)","Unfall 232033 (2024) Kat:3, Licht: 1","232033","3","2","4","11","18","2","","1","1","1","0","0"
"POINT (11.604556052000021 48.105822465000074)","Unfall 232034 (2024) Kat:3, Licht: 0","232034","3","3","0","11","15","2","","0","1","1","0","0"
"POINT (11.556020546000070 48.137478067000075)","Unfall 232035 (2024) Kat:3, Licht: 2","232035","3","2","5","11","17","2","","2","1","1","0","0"
"POINT (11.575713638000025 48.149923761000025)","Unfall 232036 (2024) Kat:3, Licht: 2","232036","3","6","1","11","16","2","","2","1","1","0","0"
"POINT (11.614359993000051 48.201605862000065)","Unfall 232082 (2024) Kat:3, Licht: 1","232082","3","7","6","11","07","1","","1","0","1","1","0"
"POINT (11.517324817000031 48.141700281000055)","Unfall 232083 (2024) Kat:3, Licht: 2","232083","3","1","1","11","01","1","","2","0","1","0","0"
"POINT (11.530778428000076 48.157568090000041)","Unfall 232097 (2024) Kat:2, Licht: 0","232097","2","2","4","11","12","7","","0","1","1","0","0"
"POINT (11.566799556000035 48.150401920000036)","Unfall 232098 (2024) Kat:3, Licht: 1","232098","3","6","0","11","16","7","","1","0","1","0","1"
"POINT (11.562009675000070 48.186782412000071)","Unfall 232099 (2024) Kat:3, Licht: 0","232099","3","7","0","11","10","7","","0","0","0","0","0"
"POINT (11.539984212000036 48.170546053000066)","Unfall 232100 (2024) Kat:3, Licht: 0","232100","3","1","0","11","10","7","","0","0","0","0","0"
"POINT (11.519255774000044 48.142899162000049)","Unfall 232101 (2024) Kat:2, Licht: 0","232101","2","7","0","11","13","7","","0","1","0","0","0"
"POINT (11.579455627000073 48.146827546000054)","Unfall 232132 (2024) Kat:2, Licht: 2","232132","2","7","0","11","21","6","","2","0","0","0","0"
"POINT (11.589087370000072 48.161284420000072)","Unfall 232134 (2024) Kat:3, Licht: 0","232134","3","7","0","11","10","6","","0","1","0","0","0"
"POINT (11.589883150000048 48.136643468000045)","Unfall 232135 (2024) Kat:3, Licht: 1","232135","3","3","5","11","16","6","","1","1","1","0","0"
"POINT (11.510947359000056 48.173898885000028)","Unfall 232137 (2024) Kat:3, Licht: 0","232137","3","3","5","11","14","6","","0","0","1","0","0"
"POINT (11.561980407000021 48.188090067000076)","Unfall 232138 (2024) Kat:3, Licht: 0","232138","3","7","5","11","14","6","","0","1","1","0","0"
"POINT (11.519945464000045 48.155505144000074)","Unfall 232139 (2024) Kat:3, Licht: 0","232139","3","6","2","11","12","6","","0","1","1","0","0"
"POINT (11.489727107000022 48.126163487000042)","Unfall 232140 (2024) Kat:3, Licht: 0","232140","3","1","0","11","12","6","","0","1","0","0","0"
"POINT (11.584663630000023 48.157199586000047)","Unfall 232141 (2024) Kat:3, Licht: 2","232141","3","6","2","11","18","6","","2","1","0","0","0"
"POINT (11.639246355000068 48.132433693000053)","Unfall 232158 (2024) Kat:3, Licht: 0","232158","3","7","5","11","07","5","","0","1","1","0","0"
"POINT (11.626648424000052 48.126221602000044)","Unfall 232181 (2024) Kat:3, Licht: 0","232181","3","1","0","11","14","7","","0","1","0","0","0"
"POINT (11.548485619000076 48.121729175000041)","Unfall 232183 (2024) Kat:3, Licht: 0","232183","3","7","0","11","08","5","","0","1","0","0","0"
"POINT (11.531315615000040 48.156353828000078)","Unfall 232185 (2024) Kat:3, Licht: 2","232185","3","6","0","11","17","5","","2","1","0","0","0"
"POINT (11.641421674000071 48.154559859000074)","Unfall 232186 (2024) Kat:3, Licht: 0","232186","3","1","0","11","15","5","","0","1","0","0","0"
"POINT (11.582216722000055 48.122764091000079)","Unfall 232188 (2024) Kat:3, Licht: 0","232188","3","3","3","11","12","5","","0","1","1","0","0"
"POINT (11.577823619000071 48.130412397000043)","Unfall 232189 (2024) Kat:3, Licht: 0","232189","3","4","6","11","14","5","","0","1","0","1","0"
"POINT (11.584870041000045 48.132292585000073)","Unfall 232190 (2024) Kat:3, Licht: 2","232190","3","3","5","11","19","5","","2","1","1","0","0"
"POINT (11.582139753000035 48.141325377000044)","Unfall 232191 (2024) Kat:3, Licht: 0","232191","3","1","0","11","08","5","","0","1","0","0","0"
"POINT (11.513785212000073 48.181483168000057)","Unfall 232245 (2024) Kat:3, Licht: 0","232245","3","6","2","11","13","7","","0","1","1","0","0"
"POINT (11.594488269000067 48.141832736000026)","Unfall 232250 (2024) Kat:2, Licht: 2","232250","2","3","5","11","18","4","","2","1","1","0","0"
"POINT (11.451294319000056 48.190590669000073)","Unfall 232252 (2024) Kat:3, Licht: 1","232252","3","6","4","11","16","4","","1","1","1","0","0"
"POINT (11.563125643000035 48.208772946000067)","Unfall 232253 (2024) Kat:3, Licht: 2","232253","3","3","5","11","17","4","","2","0","1","0","0"
"POINT (11.476223844000060 48.109687237000060)","Unfall 232254 (2024) Kat:2, Licht: 0","232254","2","6","5","11","10","4","","0","0","1","0","1"
"POINT (11.479329542000073 48.125704375000055)","Unfall 232255 (2024) Kat:3, Licht: 0","232255","3","2","6","11","07","4","","0","0","1","1","0"
"POINT (11.576362483000025 48.153965612000036)","Unfall 232257 (2024) Kat:3, Licht: 2","232257","3","3","5","11","18","4","","2","0","1","0","1"
"POINT (11.549835459000064 48.137549116000059)","Unfall 232301 (2024) Kat:3, Licht: 0","232301","3","3","5","11","13","3","","0","1","1","0","0"
"POINT (11.423174072000052 48.144633975000033)","Unfall 232302 (2024) Kat:2, Licht: 0","232302","2","1","0","11","12","3","","0","0","0","0","0"
"POINT (11.566348601000072 48.186155515000053)","Unfall 232303 (2024) Kat:3, Licht: 0","232303","3","7","1","11","14","3","","0","1","1","0","0"
"POINT (11.549508703000072 48.160796581000056)","Unfall 232304 (2024) Kat:3, Licht: 2","232304","3","2","5","11","17","3","","2","1","1","0","0"
"POINT (11.596007078000071 48.127324253000040)","Unfall 232307 (2024) Kat:3, Licht: 0","232307","3","6","2","11","15","3","","0","0","1","0","0"
"POINT (11.577036037000028 48.149940867000055)","Unfall 232308 (2024) Kat:3, Licht: 0","232308","3","5","1","11","13","3","","0","1","1","0","0"
"POINT (11.580333306000057 48.148522940000078)","Unfall 232309 (2024) Kat:3, Licht: 2","232309","3","5","1","11","18","3","","2","1","1","0","0"
"POINT (11.577967923000074 48.102671742000041)","Unfall 232353 (2024) Kat:3, Licht: 0","232353","3","7","6","11","14","2","","0","0","1","1","0"
"POINT (11.412133840000024 48.175590469000042)","Unfall 232354 (2024) Kat:3, Licht: 0","232354","3","3","0","11","07","2","","0","1","0","0","0"
"POINT (11.448662001000059 48.148198676000050)","Unfall 232355 (2024) Kat:3, Licht: 0","232355","3","3","5","11","16","2","","0","1","1","0","0"
"POINT (11.501848442000039 48.172535330000073)","Unfall 232357 (2024) Kat:3, Licht: 0","232357","3","3","5","11","13","2","","0","1","1","0","0"
"POINT (11.511290617000043 48.139392120000082)","Unfall 232358 (2024) Kat:3, Licht: 2","232358","3","2","5","11","17","2","","2","1","1","0","0"
"POINT (11.658864783000070 48.105886085000066)","Unfall 232359 (2024) Kat:3, Licht: 0","232359","3","3","5","11","16","2","","0","0","1","0","0"
"POINT (11.589463165000041 48.131700910000063)","Unfall 232360 (2024) Kat:3, Licht: 2","232360","3","3","5","11","18","2","","2","1","0","0","1"
"POINT (11.603481118000047 48.135751548000030)","Unfall 232361 (2024) Kat:3, Licht: 0","232361","3","7","1","11","11","2","","0","1","1","0","0"
"POINT (11.533353544000022 48.136239232000037)","Unfall 232362 (2024) Kat:3, Licht: 0","232362","3","5","1","11","13","2","","0","1","1","0","0"
"POINT (11.586166078000076 48.161515536000081)","Unfall 232363 (2024) Kat:3, Licht: 0","232363","3","6","3","11","09","2","","0","1","1","0","0"
"POINT (11.572206446000052 48.132657350000045)","Unfall 232364 (2024) Kat:3, Licht: 0","232364","3","6","2","11","14","2","","0","0","1","0","0"
"POINT (11.455924753000033 48.146476922000033)","Unfall 232415 (2024) Kat:3, Licht: 2","232415","3","3","5","11","18","1","","2","1","1","0","0"
"POINT (11.565801931000067 48.187217852000060)","Unfall 232416 (2024) Kat:3, Licht: 2","232416","3","1","0","11","02","1","","2","0","0","0","0"
"POINT (11.565022364000072 48.172548427000038)","Unfall 232424 (2024) Kat:3, Licht: 0","232424","3","6","1","11","13","1","","0","0","1","0","0"
"POINT (11.578316108000024 48.206996204000063)","Unfall 232442 (2024) Kat:2, Licht: 0","232442","2","2","5","11","14","7","","0","0","1","0","1"
"POINT (11.495232434000059 48.141998837000074)","Unfall 232443 (2024) Kat:3, Licht: 0","232443","3","5","1","11","13","7","","0","1","1","0","0"
"POINT (11.587822233000054 48.131426532000035)","Unfall 232445 (2024) Kat:3, Licht: 0","232445","3","4","6","11","16","7","","0","1","0","1","0"
"POINT (11.538166242000045 48.117864896000071)","Unfall 232446 (2024) Kat:3, Licht: 0","232446","3","7","0","11","11","7","","0","1","1","0","0"
"POINT (11.524483641000074 48.135719496000036)","Unfall 232457 (2024) Kat:3, Licht: 0","232457","3","2","5","11","08","6","","0","1","1","0","0"
"POINT (11.533816061000039 48.152678150000042)","Unfall 232473 (2024) Kat:2, Licht: 0","232473","2","4","6","11","11","5","","0","1","0","1","0"
"POINT (11.530028763000075 48.102567030000046)","Unfall 232487 (2024) Kat:3, Licht: 0","232487","3","2","4","12","13","6","","0","1","1","0","0"
"POINT (11.503911520000031 48.186367262000033)","Unfall 232488 (2024) Kat:3, Licht: 0","232488","3","3","5","12","10","6","","0","1","1","0","0"
"POINT (11.621440544000052 48.153631143000041)","Unfall 232489 (2024) Kat:3, Licht: 2","232489","3","2","5","12","17","6","","2","0","1","0","0"
"POINT (11.538219897000033 48.165643986000077)","Unfall 232490 (2024) Kat:3, Licht: 0","232490","3","2","3","12","14","6","","0","0","1","0","0"
"POINT (11.657816678000074 48.138370235000082)","Unfall 232491 (2024) Kat:3, Licht: 2","232491","3","2","4","12","16","6","","2","0","1","0","0"
"POINT (11.602114546000053 48.115815023000039)","Unfall 232492 (2024) Kat:3, Licht: 2","232492","3","7","5","12","17","6","","2","0","1","0","0"
"POINT (11.550238482000054 48.145886212000050)","Unfall 232493 (2024) Kat:3, Licht: 0","232493","3","7","8","12","15","6","","0","0","1","0","0"
"POINT (11.554099853000025 48.137500943000077)","Unfall 232494 (2024) Kat:3, Licht: 0","232494","3","2","3","12","15","6","","0","1","0","0","0"
"POINT (11.573266508000074 48.143161384000052)","Unfall 232495 (2024) Kat:3, Licht: 2","232495","3","4","6","12","00","6","","2","0","1","1","0"
"POINT (11.539334456000063 48.151320551000026)","Unfall 232536 (2024) Kat:2, Licht: 2","232536","2","2","5","12","21","5","","2","0","1","0","1"
"POINT (11.490460222000024 48.194593823000048)","Unfall 232537 (2024) Kat:3, Licht: 2","232537","3","6","9","12","17","5","","2","0","1","0","0"
"POINT (11.562597921000076 48.213447479000081)","Unfall 232538 (2024) Kat:3, Licht: 0","232538","3","6","3","12","12","5","","0","0","1","0","1"
"POINT (11.540481371000055 48.136703740000030)","Unfall 232540 (2024) Kat:3, Licht: 2","232540","3","4","6","12","19","5","","2","0","1","1","0"
"POINT (11.533360325000046 48.136238706000029)","Unfall 232541 (2024) Kat:3, Licht: 2","232541","3","6","1","12","18","5","","2","0","1","0","0"
"POINT (11.559662944000024 48.144713299000045)","Unfall 232569 (2024) Kat:3, Licht: 1","232569","3","7","6","12","16","5","","1","0","1","1","0"
"POINT (11.559203890000049 48.139192775000026)","Unfall 232570 (2024) Kat:3, Licht: 0","232570","3","7","6","12","09","4","","0","0","0","1","0"
"POINT (11.628678149000052 48.101274543000045)","Unfall 232571 (2024) Kat:3, Licht: 2","232571","3","6","0","12","17","4","","2","0","0","0","0"
"POINT (11.565501741000048 48.122722669000041)","Unfall 232572 (2024) Kat:2, Licht: 2","232572","2","7","0","12","02","4","","2","0","0","0","0"
"POINT (11.621192417000032 48.196614001000057)","Unfall 232573 (2024) Kat:3, Licht: 0","232573","3","7","0","12","07","4","","0","1","0","0","0"
"POINT (11.582232030000057 48.190818112000045)","Unfall 232574 (2024) Kat:3, Licht: 2","232574","3","3","5","12","18","4","","2","0","1","0","0"
"POINT (11.553564910000034 48.200010704000078)","Unfall 232575 (2024) Kat:3, Licht: 1","232575","3","3","0","12","16","4","","1","1","1","0","0"
"POINT (11.606060211000056 48.129643894000026)","Unfall 232576 (2024) Kat:3, Licht: 0","232576","3","4","0","12","09","4","","0","0","0","1","0"
"POINT (11.550539265000054 48.135917415000051)","Unfall 232577 (2024) Kat:3, Licht: 2","232577","3","7","0","12","17","4","","2","1","0","0","0"
"POINT (11.595381384000063 48.150671162000037)","Unfall 232578 (2024) Kat:3, Licht: 0","232578","3","3","2","12","13","4","","0","1","1","0","0"
"POINT (11.613881962000050 48.155972718000044)","Unfall 232580 (2024) Kat:3, Licht: 0","232580","3","4","6","12","07","6","","0","0","1","1","0"
"POINT (11.634776110000075 48.137958182000034)","Unfall 232606 (2024) Kat:3, Licht: 1","232606","3","1","0","12","17","3","","1","1","0","0","0"
"POINT (11.543220872000063 48.150514433000069)","Unfall 232607 (2024) Kat:3, Licht: 2","232607","3","3","5","12","17","3","","2","0","1","0","0"
"POINT (11.598583703000031 48.182261286000028)","Unfall 232608 (2024) Kat:3, Licht: 0","232608","3","2","6","12","11","3","","0","0","1","1","0"