WKT,Name,OBJECTID,UKATEGORIE,UTYP1,UART,UMONAT,USTUNDE,UWOCHENTAG,STRZUSTAND,ULICHTVERH,ISTRAD,ISTPKW,ISTFUSS,ISTKRAD
"POINT (11.475114228000052 48.142234600000052)","Unfall 232609 (2024) Kat:3, Licht: 0","232609","3","6","2","12","11","3","","0","1","0","0","0"
"POINT (11.520546500000023 48.150007072000051)","Unfall 232610 (2024) Kat:3, Licht: 0","232610","3","7","0","12","09","3","","0","1","0","0","0"
"POINT (11.690147154000044 48.133432372000073)","Unfall 232611 (2024) Kat:3, Licht: 0","232611","3","7","0","12","10","3","","0","0","0","0","0"
"POINT (11.566410084000040 48.163345635000042)","Unfall 232612 (2024) Kat:3, Licht: 0","232612","3","3","5","12","15","3","","0","1","1","0","0"
"POINT (11.557838002000040 48.126000836000060)","Unfall 232613 (2024) Kat:3, Licht: 2","232613","3","7","1","12","20","3","","2","1","1","0","0"
"POINT (11.573508755000034 48.133436365000080)","Unfall 232614 (2024) Kat:3, Licht: 2","232614","3","7","0","12","21","3","","2","1","0","0","0"
"POINT (11.576771910000048 48.136192986000026)","Unfall 232615 (2024) Kat:3, Licht: 0","232615","3","4","6","12","15","3","","0","1","0","1","0"
"POINT (11.398799915000041 48.179679370000031)","Unfall 232646 (2024) Kat:3, Licht: 2","232646","3","3","5","12","07","2","","2","0","1","0","0"
"POINT (11.599598739000044 48.107609902000036)","Unfall 232647 (2024) Kat:3, Licht: 0","232647","3","6","2","12","16","2","","0","0","1","0","0"
"POINT (11.445151165000027 48.137872281000057)","Unfall 232650 (2024) Kat:3, Licht: 0","232650","3","7","1","12","12","2","","0","1","1","0","0"
"POINT (11.489406127000052 48.140670332000070)","Unfall 232651 (2024) Kat:3, Licht: 0","232651","3","3","0","12","08","2","","0","1","0","0","0"
"POINT (11.658158479000065 48.130503287000067)","Unfall 232653 (2024) Kat:3, Licht: 2","232653","3","1","0","12","05","2","","2","1","0","0","0"
"POINT (11.581173351000075 48.124416872000040)","Unfall 232654 (2024) Kat:3, Licht: 0","232654","3","7","2","12","15","2","","0","1","1","0","0"
"POINT (11.555884314000025 48.120272362000037)","Unfall 232655 (2024) Kat:3, Licht: 2","232655","3","2","5","12","16","2","","2","1","1","0","0"
"POINT (11.545549364000067 48.136634593000053)","Unfall 232656 (2024) Kat:3, Licht: 0","232656","3","5","3","12","16","2","","0","1","1","0","0"
"POINT (11.565001861000042 48.140945723000073)","Unfall 232657 (2024) Kat:3, Licht: 2","232657","3","6","2","12","17","2","","2","0","1","0","0"
"POINT (11.579747922000024 48.157827417000078)","Unfall 232696 (2024) Kat:3, Licht: 1","232696","3","7","8","12","16","1","","1","0","1","0","0"
"POINT (11.594527973000027 48.164482032000080)","Unfall 232698 (2024) Kat:3, Licht: 2","232698","3","3","5","12","05","1","","2","0","1","0","0"
"POINT (11.541648492000036 48.207532806000074)","Unfall 232699 (2024) Kat:3, Licht: 2","232699","3","3","5","12","19","1","","2","0","1","0","0"
"POINT (11.586113259000058 48.131775455000081)","Unfall 232700 (2024) Kat:3, Licht: 2","232700","3","1","0","12","01","1","","2","0","0","0","0"
"POINT (11.578228313000068 48.133671374000073)","Unfall 232701 (2024) Kat:3, Licht: 2","232701","3","7","0","12","16","1","","2","0","0","0","0"
"POINT (11.560059043000024 48.143249312000080)","Unfall 232713 (2024) Kat:3, Licht: 2","232713","3","7","6","12","23","7","","2","0","0","1","1"
"POINT (11.582942764000052 48.133937571000047)","Unfall 232714 (2024) Kat:3, Licht: 2","232714","3","3","5","12","00","7","","2","0","1","0","0"
"POINT (11.497776227000031 48.183917484000062)","Unfall 232716 (2024) Kat:3, Licht: 0","232716","3","3","5","12","12","7","","0","0","1","0","0"
"POINT (11.493341094000073 48.125704593000080)","Unfall 232717 (2024) Kat:3, Licht: 2","232717","3","1","0","12","23","7","","2","0","0","0","0"
"POINT (11.658851505000030 48.114477407000038)","Unfall 232718 (2024) Kat:2, Licht: 2","232718","2","1","0","12","18","7","","2","0","0","0","0"
"POINT (11.609538155000052 48.150410050000062)","Unfall 232719 (2024) Kat:3, Licht: 0","232719","3","1","2","12","10","7","","0","0","1","0","1"
"POINT (11.557316453000055 48.144193539000071)","Unfall 232720 (2024) Kat:3, Licht: 2","232720","3","6","2","12","19","7","","2","0","1","0","0"
"POINT (11.461962894000067 48.146619708000060)","Unfall 232734 (2024) Kat:3, Licht: 0","232734","3","2","5","12","10","4","","0","1","1","0","0"
"POINT (11.576741785000024 48.114014656000052)","Unfall 232736 (2024) Kat:3, Licht: 1","232736","3","3","5","12","16","6","","1","1","1","0","0"
"POINT (11.568362115000070 48.204892019000056)","Unfall 232737 (2024) Kat:3, Licht: 0","232737","3","4","6","12","14","6","","0","0","1","1","0"
"POINT (11.578440047000072 48.180511999000032)","Unfall 232739 (2024) Kat:3, Licht: 0","232739","3","7","0","12","13","6","","0","1","0","0","0"
"POINT (11.642985828000064 48.097367280000071)","Unfall 232740 (2024) Kat:3, Licht: 0","232740","3","6","1","12","08","6","","0","0","1","0","0"
"POINT (11.583370282000033 48.141229754000051)","Unfall 232741 (2024) Kat:3, Licht: 2","232741","3","1","8","12","18","6","","2","1","0","0","0"
"POINT (11.564576731000045 48.137392515000045)","Unfall 232742 (2024) Kat:3, Licht: 0","232742","3","2","6","12","11","6","","0","0","1","1","0"
"POINT (11.588303755000027 48.162704152000060)","Unfall 232743 (2024) Kat:3, Licht: 2","232743","3","7","1","12","16","6","","2","1","1","0","0"
"POINT (11.556227948000071 48.212545239000065)","Unfall 232774 (2024) Kat:3, Licht: 0","232774","3","4","6","12","12","5","","0","0","0","1","0"
"POINT (11.589514559000065 48.157598575000065)","Unfall 232775 (2024) Kat:2, Licht: 0","232775","2","4","6","12","13","5","","0","1","0","1","0"
"POINT (11.575342583000065 48.119484643000078)","Unfall 232776 (2024) Kat:3, Licht: 2","232776","3","6","4","12","22","5","","2","0","1","0","0"
"POINT (11.586006550000036 48.160342327000080)","Unfall 232777 (2024) Kat:2, Licht: 2","232777","2","4","0","12","17","5","","2","0","0","1","0"
"POINT (11.562396761000059 48.172076663000041)","Unfall 232778 (2024) Kat:2, Licht: 2","232778","2","4","6","12","19","5","","2","0","0","1","0"
"POINT (11.483351841000058 48.183417658000053)","Unfall 232779 (2024) Kat:3, Licht: 1","232779","3","4","6","12","16","5","","1","0","1","1","0"
"POINT (11.543258143000060 48.163623490000077)","Unfall 232780 (2024) Kat:3, Licht: 2","232780","3","3","5","12","05","5","","2","1","1","0","0"
"POINT (11.596792882000045 48.129001497000047)","Unfall 232782 (2024) Kat:3, Licht: 2","232782","3","4","6","12","19","5","","2","0","1","1","0"
"POINT (11.658776857000021 48.153672625000070)","Unfall 232783 (2024) Kat:3, Licht: 1","232783","3","3","5","12","16","5","","1","1","1","0","0"
"POINT (11.613093309000021 48.138342759000068)","Unfall 232785 (2024) Kat:3, Licht: 2","232785","3","2","4","12","18","5","","2","1","1","0","0"
"POINT (11.561260708000077 48.142155968000054)","Unfall 232786 (2024) Kat:3, Licht: 2","232786","3","6","2","12","19","5","","2","0","1","0","0"
"POINT (11.456025612000076 48.148444828000038)","Unfall 232799 (2024) Kat:3, Licht: 0","232799","3","2","3","12","07","5","","0","1","0","0","0"
"POINT (11.604053740000040 48.108668159000047)","Unfall 232811 (2024) Kat:3, Licht: 0","232811","3","3","3","12","08","4","","0","1","1","0","0"
"POINT (11.578337417000057 48.111922912000068)","Unfall 232812 (2024) Kat:3, Licht: 1","232812","3","3","5","12","16","4","","1","1","1","0","0"
"POINT (11.528706500000055 48.182100191000075)","Unfall 232813 (2024) Kat:3, Licht: 2","232813","3","2","5","12","20","4","","2","1","1","0","0"
"POINT (11.588396563000060 48.138322837000032)","Unfall 232814 (2024) Kat:3, Licht: 0","232814","3","2","0","12","09","4","","0","1","0","0","0"
"POINT (11.572127982000040 48.196641172000056)","Unfall 232817 (2024) Kat:2, Licht: 2","232817","2","2","4","12","18","4","","2","1","1","0","0"
"POINT (11.456954489000054 48.140151608000053)","Unfall 232818 (2024) Kat:3, Licht: 1","232818","3","2","5","12","07","4","","1","1","0","0","0"
"POINT (11.689670075000038 48.117025962000071)","Unfall 232819 (2024) Kat:3, Licht: 0","232819","3","4","0","12","15","4","","0","0","1","1","0"
"POINT (11.601388973000041 48.150315437000074)","Unfall 232820 (2024) Kat:3, Licht: 2","232820","3","4","6","12","17","4","","2","0","1","1","0"
"POINT (11.553343801000040 48.130161826000062)","Unfall 232821 (2024) Kat:3, Licht: 0","232821","3","3","5","12","13","4","","0","1","1","0","0"
"POINT (11.428819638000050 48.177890161000050)","Unfall 232844 (2024) Kat:3, Licht: 2","232844","3","6","2","12","17","4","","2","0","1","0","0"
"POINT (11.599084489000063 48.121438993000027)","Unfall 232847 (2024) Kat:3, Licht: 0","232847","3","1","0","12","13","3","","0","0","0","0","1"
"POINT (11.564652710000075 48.187114421000047)","Unfall 232849 (2024) Kat:3, Licht: 2","232849","3","6","3","12","18","3","","2","0","1","0","0"
"POINT (11.508248843000047 48.098140010000066)","Unfall 232850 (2024) Kat:3, Licht: 0","232850","3","2","5","12","09","3","","0","0","1","0","0"
"POINT (11.654967938000027 48.125982665000038)","Unfall 232851 (2024) Kat:3, Licht: 1","232851","3","2","5","12","16","3","","1","0","1","0","0"
"POINT (11.640400996000039 48.117765972000029)","Unfall 232852 (2024) Kat:2, Licht: 2","232852","2","7","0","12","17","3","","2","0","1","0","0"
"POINT (11.571910913000067 48.113588606000064)","Unfall 232853 (2024) Kat:3, Licht: 0","232853","3","3","5","12","11","3","","0","1","1","0","0"
"POINT (11.681771756000046 48.137052701000073)","Unfall 232882 (2024) Kat:3, Licht: 0","232882","3","3","5","12","08","2","","0","1","1","0","0"
"POINT (11.532538281000029 48.176231043000030)","Unfall 232883 (2024) Kat:3, Licht: 0","232883","3","4","6","12","11","2","","0","0","1","1","0"
"POINT (11.466345451000052 48.164771286000075)","Unfall 232884 (2024) Kat:3, Licht: 0","232884","3","6","3","12","12","2","","0","0","1","0","0"
"POINT (11.464363733000027 48.194023086000072)","Unfall 232885 (2024) Kat:3, Licht: 2","232885","3","3","5","12","18","2","","2","0","1","0","0"
"POINT (11.508872465000024 48.081700415000057)","Unfall 232886 (2024) Kat:3, Licht: 1","232886","3","3","5","12","07","2","","1","1","1","0","0"
"POINT (11.622422279000034 48.120258941000031)","Unfall 232889 (2024) Kat:3, Licht: 2","232889","3","1","2","12","19","2","","2","0","1","0","0"
"POINT (11.581033882000042 48.170550897000055)","Unfall 232890 (2024) Kat:3, Licht: 0","232890","3","7","0","12","09","2","","0","0","1","0","0"
"POINT (11.583653825000056 48.141233280000051)","Unfall 232891 (2024) Kat:3, Licht: 2","232891","3","7","0","12","21","2","","2","1","0","0","0"
"POINT (11.612853016000031 48.120907964000025)","Unfall 232920 (2024) Kat:3, Licht: 2","232920","3","2","4","12","20","1","","2","0","1","0","0"
"POINT (11.556152036000071 48.139145146000033)","Unfall 232921 (2024) Kat:3, Licht: 2","232921","3","3","3","12","16","1","","2","0","1","0","0"
"POINT (11.508349011000064 48.098110843000029)","Unfall 232922 (2024) Kat:3, Licht: 0","232922","3","6","2","12","15","1","","0","0","1","0","0"
"POINT (11.533031978000054 48.169758277000028)","Unfall 232923 (2024) Kat:2, Licht: 0","232923","2","4","6","12","10","1","","0","0","1","1","0"
"POINT (11.534251928000060 48.128566343000045)","Unfall 232925 (2024) Kat:3, Licht: 2","232925","3","7","9","12","17","1","","2","0","1","0","0"
"POINT (11.558515329000045 48.133365222000066)","Unfall 232926 (2024) Kat:3, Licht: 1","232926","3","7","6","12","15","1","","1","0","1","1","0"
"POINT (11.574024976000032 48.167261452000048)","Unfall 232927 (2024) Kat:3, Licht: 1","232927","3","2","6","12","16","1","","1","0","1","1","0"
"POINT (11.521343732000048 48.181923458000028)","Unfall 232946 (2024) Kat:2, Licht: 2","232946","2","2","4","12","20","7","","2","0","1","0","1"
"POINT (11.702606229000025 48.112559144000045)","Unfall 232949 (2024) Kat:3, Licht: 0","232949","3","1","0","12","10","7","","0","1","0","0","0"
"POINT (11.555657051000026 48.137482156000033)","Unfall 232950 (2024) Kat:3, Licht: 2","232950","3","6","2","12","16","7","","2","0","1","0","0"
"POINT (11.575926960000061 48.150254255000050)","Unfall 232951 (2024) Kat:3, Licht: 2","232951","3","4","6","12","18","7","","2","1","0","1","0"
"POINT (11.582629650000058 48.138612026000033)","Unfall 232952 (2024) Kat:2, Licht: 2","232952","2","4","6","12","17","7","","2","0","1","1","0"
"POINT (11.578328064000061 48.144262970000057)","Unfall 232962 (2024) Kat:3, Licht: 0","232962","3","6","2","12","12","5","","0","0","1","0","1"
"POINT (11.639290664000043 48.109184647000063)","Unfall 232974 (2024) Kat:2, Licht: 2","232974","2","2","6","12","19","6","","2","0","1","1","0"
"POINT (11.639398034000067 48.109184672000026)","Unfall 232975 (2024) Kat:3, Licht: 2","232975","3","3","6","12","19","6","","2","0","1","1","0"
"POINT (11.553291980000040 48.213252288000035)","Unfall 232978 (2024) Kat:3, Licht: 0","232978","3","7","0","12","07","6","","0","1","0","0","0"
"POINT (11.541796130000023 48.149556889000053)","Unfall 232979 (2024) Kat:3, Licht: 0","232979","3","7","0","12","12","6","","0","0","0","0","1"
"POINT (11.499636146000057 48.135573425000075)","Unfall 232980 (2024) Kat:3, Licht: 0","232980","3","3","5","12","12","6","","0","0","1","0","0"
"POINT (11.507917018000057 48.117234554000049)","Unfall 232982 (2024) Kat:3, Licht: 0","232982","3","7","5","12","10","6","","0","1","1","0","0"
"POINT (11.577626158000044 48.162026502000060)","Unfall 232983 (2024) Kat:3, Licht: 2","232983","3","3","5","12","18","6","","2","0","1","0","0"
"POINT (11.572984727000062 48.175561202000040)","Unfall 232984 (2024) Kat:3, Licht: 0","232984","3","2","6","12","07","6","","0","0","1","1","0"
"POINT (11.569096822000063 48.139946888000054)","Unfall 232985 (2024) Kat:3, Licht: 0","232985","3","3","6","12","12","6","","0","0","1","1","0"
"POINT (11.434864719000075 48.145133079000061)","Unfall 233007 (2024) Kat:3, Licht: 0","233007","3","1","1","12","09","7","","0","0","1","0","1"
"POINT (11.654821553000033 48.116345364000040)","Unfall 233022 (2024) Kat:3, Licht: 0","233022","3","3","5","12","09","5","","0","0","1","0","0"
"POINT (11.607371187000069 48.144939141000066)","Unfall 233023 (2024) Kat:3, Licht: 2","233023","3","3","5","12","17","5","","2","1","1","0","0"
"POINT (11.625678494000056 48.171448095000073)","Unfall 233025 (2024) Kat:3, Licht: 2","233025","3","3","5","12","18","5","","2","1","1","0","0"
"POINT (11.521235905000026 48.175728476000074)","Unfall 233026 (2024) Kat:3, Licht: 2","233026","3","6","1","12","18","5","","2","0","1","0","0"
"POINT (11.532853323000040 48.169985693000058)","Unfall 233027 (2024) Kat:3, Licht: 2","233027","3","2","6","12","22","5","","2","1","0","1","0"
"POINT (11.540096806000065 48.158818703000065)","Unfall 233028 (2024) Kat:3, Licht: 2","233028","3","5","0","12","16","5","","2","0","1","0","0"
"POINT (11.497787308000056 48.125740333000067)","Unfall 233029 (2024) Kat:3, Licht: 0","233029","3","3","5","12","14","5","","0","0","1","0","0"
"POINT (11.658197752000035 48.130549283000050)","Unfall 233031 (2024) Kat:3, Licht: 0","233031","3","6","2","12","07","5","","0","0","1","0","0"
"POINT (11.616293665000057 48.158738076000077)","Unfall 233032 (2024) Kat:3, Licht: 0","233032","3","6","2","12","07","5","","0","0","1","0","0"
"POINT (11.533678257000076 48.107296616000042)","Unfall 233033 (2024) Kat:3, Licht: 0","233033","3","7","0","12","15","5","","0","1","0","0","0"
"POINT (11.592417090000026 48.139647691000050)","Unfall 233034 (2024) Kat:3, Licht: 2","233034","3","6","3","12","03","5","","2","0","1","0","0"
"POINT (11.576713329000029 48.133305760000042)","Unfall 233035 (2024) Kat:3, Licht: 0","233035","3","6","2","12","14","5","","0","0","1","0","0"
"POINT (11.556204683000033 48.142026331000068)","Unfall 233077 (2024) Kat:3, Licht: 2","233077","3","3","5","12","00","4","","2","0","1","0","0"
"POINT (11.408042377000072 48.177125872000033)","Unfall 233078 (2024) Kat:3, Licht: 0","233078","3","3","5","12","15","4","","0","1","1","0","0"
"POINT (11.512866377000023 48.181377370000064)","Unfall 233079 (2024) Kat:2, Licht: 0","233079","2","6","3","12","08","4","","0","1","1","0","0"
"POINT (11.543713581000077 48.200802204000070)","Unfall 233080 (2024) Kat:3, Licht: 2","233080","3","3","5","12","16","4","","2","0","1","0","0"
"POINT (11.542583775000026 48.191977451000071)","Unfall 233081 (2024) Kat:3, Licht: 2","233081","3","1","0","12","19","4","","2","0","1","0","0"
"POINT (11.548658007000029 48.150752808000050)","Unfall 233082 (2024) Kat:3, Licht: 2","233082","3","6","2","12","06","4","","2","1","1","0","0"
"POINT (11.699472687000025 48.115827507000063)","Unfall 233084 (2024) Kat:3, Licht: 2","233084","3","4","6","12","21","4","","2","0","1","1","0"
"POINT (11.636614438000038 48.105597651000039)","Unfall 233085 (2024) Kat:3, Licht: 0","233085","3","7","3","12","16","4","","0","0","1","0","0"
"POINT (11.605190245000074 48.104563511000038)","Unfall 233086 (2024) Kat:3, Licht: 2","233086","3","2","6","12","02","4","","2","0","1","1","0"
"POINT (11.574776471000064 48.135320336000063)","Unfall 233087 (2024) Kat:3, Licht: 0","233087","3","7","6","12","11","4","","0","0","1","1","0"
"POINT (11.501767573000052 48.172556512000028)","Unfall 233141 (2024) Kat:3, Licht: 2","233141","3","3","5","12","20","3","","2","1","1","0","0"
"POINT (11.420364900000038 48.160694250000063)","Unfall 233143 (2024) Kat:3, Licht: 2","233143","3","2","4","12","16","3","","2","0","1","0","0"
"POINT (11.520491222000032 48.150015449000080)","Unfall 233144 (2024) Kat:3, Licht: 0","233144","3","2","3","12","08","3","","0","1","1","0","0"
"POINT (11.545428853000033 48.104843919000075)","Unfall 233145 (2024) Kat:3, Licht: 0","233145","3","2","5","12","13","3","","0","1","0","0","0"
"POINT (11.655499425000073 48.096259495000027)","Unfall 233147 (2024) Kat:3, Licht: 2","233147","3","3","5","12","23","4","","2","0","1","0","0"
"POINT (11.701585998000041 48.139378179000062)","Unfall 233148 (2024) Kat:3, Licht: 0","233148","3","3","5","12","11","3","","0","0","1","0","1"
"POINT (11.690119624000033 48.133432207000055)","Unfall 233149 (2024) Kat:3, Licht: 2","233149","3","4","6","12","19","3","","2","0","1","1","0"
"POINT (11.605342143000030 48.135442880000028)","Unfall 233150 (2024) Kat:3, Licht: 1","233150","3","2","6","12","07","3","","1","0","0","1","0"
"POINT (11.557369536000067 48.138460960000032)","Unfall 233151 (2024) Kat:3, Licht: 0","233151","3","4","6","12","10","3","","0","0","1","1","0"
"POINT (11.586324527000045 48.161312578000036)","Unfall 233152 (2024) Kat:3, Licht: 2","233152","3","4","6","12","07","3","","2","0","1","1","0"
"POINT (11.613128961000029 48.123707004000039)","Unfall 233192 (2024) Kat:3, Licht: 0","233192","3","6","2","12","07","2","","0","0","1","0","0"
"POINT (11.587083184000051 48.192681184000037)","Unfall 233194 (2024) Kat:3, Licht: 2","233194","3","6","2","12","18","2","","2","0","1","0","1"
"POINT (11.590320819000056 48.192219898000076)","Unfall 233195 (2024) Kat:3, Licht: 2","233195","3","1","4","12","17","2","","2","0","1","0","0"
"POINT (11.464788904000045 48.140248109000026)","Unfall 233197 (2024) Kat:3, Licht: 0","233197","3","3","5","12","07","2","","0","1","1","0","0"
"POINT (11.537142027000073 48.151714667000078)","Unfall 233198 (2024) Kat:3, Licht: 0","233198","3","2","5","12","08","2","","0","0","1","0","0"
"POINT (11.479064856000036 48.122273872000051)","Unfall 233199 (2024) Kat:3, Licht: 0","233199","3","2","5","12","07","2","","0","0","1","0","0"
"POINT (11.494171229000074 48.128643298000043)","Unfall 233200 (2024) Kat:3, Licht: 0","233200","3","2","0","12","15","2","","0","0","1","0","1"
"POINT (11.639757894000070 48.124997467000071)","Unfall 233201 (2024) Kat:3, Licht: 2","233201","3","3","5","12","20","2","","2","1","1","0","0"
"POINT (11.649210072000074 48.105637818000048)","Unfall 233202 (2024) Kat:3, Licht: 0","233202","3","1","2","12","11","2","","0","0","1","0","0"
"POINT (11.572164802000032 48.101386292000029)","Unfall 233203 (2024) Kat:3, Licht: 0","233203","3","2","2","12","10","2","","0","0","1","0","0"
"POINT (11.612193977000061 48.131491639000046)","Unfall 233204 (2024) Kat:3, Licht: 1","233204","3","3","5","12","16","2","","1","1","1","0","0"
"POINT (11.586036231000037 48.171521823000035)","Unfall 233205 (2024) Kat:3, Licht: 2","233205","3","1","0","12","18","2","","2","0","0","0","0"
"POINT (11.571330057000068 48.134967036000035)","Unfall 233206 (2024) Kat:2, Licht: 1","233206","2","1","0","12","18","2","","1","1","0","0","0"
"POINT (11.605849384000066 48.200589151000031)","Unfall 233250 (2024) Kat:3, Licht: 1","233250","3","3","5","12","16","1","","1","0","1","0","0"
"POINT (11.586274779000064 48.156158887000061)","Unfall 233251 (2024) Kat:2, Licht: 2","233251","2","7","0","12","19","1","","2","1","0","0","0"
"POINT (11.642373002000056 48.131749031000027)","Unfall 233252 (2024) Kat:3, Licht: 0","233252","3","7","2","12","12","1","","0","0","1","0","0"
"POINT (11.541135799000074 48.122112193000078)","Unfall 233253 (2024) Kat:3, Licht: 0","233253","3","5","2","12","09","1","","0","0","1","0","0"
"POINT (11.553326489000028 48.161384987000076)","Unfall 233267 (2024) Kat:3, Licht: 0","233267","3","3","5","11","11","7","","0","1","0","0","0"
"POINT (11.550919319000059 48.125845079000044)","Unfall 233268 (2024) Kat:2, Licht: 2","233268","2","1","2","11","20","7","","2","0","1","0","0"
"POINT (11.613093888000037 48.138373382000054)","Unfall 233269 (2024) Kat:2, Licht: 2","233269","2","2","5","11","21","7","","2","0","1","0","1"
"POINT (11.533753782000076 48.187289430000078)","Unfall 233270 (2024) Kat:3, Licht: 2","233270","3","6","2","11","18","7","","2","0","1","0","1"
"POINT (11.534453693000046 48.169061385000077)","Unfall 233271 (2024) Kat:3, Licht: 0","233271","3","2","3","11","16","7","","0","1","1","0","0"
"POINT (11.476267454000038 48.181184622000046)","Unfall 233272 (2024) Kat:3, Licht: 0","233272","3","6","0","11","09","7","","0","0","0","0","0"
"POINT (11.582157242000051 48.122216684000080)","Unfall 233273 (2024) Kat:3, Licht: 2","233273","3","1","0","11","19","7","","2","1","0","0","0"
"POINT (11.591632109000045 48.125543156000049)","Unfall 233274 (2024) Kat:3, Licht: 2","233274","3","7","0","11","06","7","","2","0","0","0","0"
"POINT (11.585607313000025 48.159185365000042)","Unfall 233275 (2024) Kat:3, Licht: 1","233275","3","2","0","11","19","7","","1","0","1","1","0"
"POINT (11.571551442000043 48.137103296000078)","Unfall 233276 (2024) Kat:3, Licht: 2","233276","3","7","6","11","17","7","","2","0","1","1","0"
"POINT (11.466948943000034 48.149289150000072)","Unfall 233309 (2024) Kat:3, Licht: 0","233309","3","7","1","11","13","6","","0","0","1","0","0"
"POINT (11.593104389000075 48.112290043000030)","Unfall 233310 (2024) Kat:3, Licht: 0","233310","3","3","5","11","13","6","","0","1","1","0","0"
"POINT (11.546052941000028 48.102037323000047)","Unfall 233311 (2024) Kat:3, Licht: 0","233311","3","4","6","11","15","6","","0","0","1","1","0"
"POINT (11.406461003000061 48.145086759000037)","Unfall 233312 (2024) Kat:3, Licht: 0","233312","3","4","6","11","11","6","","0","1","0","1","0"
"POINT (11.506907820000038 48.163646879000055)","Unfall 233313 (2024) Kat:3, Licht: 2","233313","3","2","5","11","17","6","","2","1","1","0","0"
"POINT (11.531476498000075 48.163854567000044)","Unfall 233314 (2024) Kat:3, Licht: 0","233314","3","5","1","11","13","6","","0","1","1","0","0"
"POINT (11.612994134000076 48.123783077000041)","Unfall 233315 (2024) Kat:3, Licht: 0","233315","3","5","1","11","09","6","","0","0","1","0","0"
"POINT (11.556735985000046 48.116355701000032)","Unfall 233316 (2024) Kat:3, Licht: 0","233316","3","1","0","11","14","6","","0","0","0","0","0"
"POINT (11.536543876000053 48.125841265000076)","Unfall 233317 (2024) Kat:3, Licht: 2","233317","3","7","0","11","23","6","","2","1","0","0","0"
"POINT (11.499169143000074 48.099270836000073)","Unfall 233332 (2024) Kat:3, Licht: 2","233332","3","6","2","12","18","4","","2","0","1","0","0"
"POINT (11.613359257000070 48.155388441000071)","Unfall 233340 (2024) Kat:3, Licht: 2","233340","3","6","2","12","18","2","","2","0","1","0","0"
"POINT (11.535168650000060 48.152137595000056)","Unfall 233360 (2024) Kat:3, Licht: 0","233360","3","2","3","11","07","5","","0","1","1","0","0"
"POINT (11.588021287000061 48.187994347000028)","Unfall 233361 (2024) Kat:3, Licht: 0","233361","3","3","5","11","10","5","","0","0","1","0","0"
"POINT (11.609600891000071 48.196484020000071)","Unfall 233362 (2024) Kat:3, Licht: 2","233362","3","7","0","11","07","5","","2","1","0","0","0"
"POINT (11.511448630000075 48.181032688000073)","Unfall 233363 (2024) Kat:3, Licht: 2","233363","3","3","0","11","18","5","","2","0","1","0","0"
"POINT (11.560228003000077 48.184184878000053)","Unfall 233364 (2024) Kat:3, Licht: 1","233364","3","2","6","11","07","5","","1","0","1","1","0"
"POINT (11.563708239000050 48.204495850000058)","Unfall 233365 (2024) Kat:3, Licht: 0","233365","3","6","1","11","09","5","","0","0","1","0","0"
"POINT (11.556545145000030 48.186422077000032)","Unfall 233366 (2024) Kat:3, Licht: 0","233366","3","7","3","11","08","5","","0","0","1","0","0"
"POINT (11.488459007000074 48.130044124000051)","Unfall 233367 (2024) Kat:3, Licht: 1","233367","3","6","1","11","08","5","","1","1","1","0","0"
"POINT (11.571239671000058 48.147918522000055)","Unfall 233370 (2024) Kat:3, Licht: 0","233370","3","5","0","11","15","5","","0","0","1","0","1"
"POINT (11.588422436000030 48.138381544000026)","Unfall 233371 (2024) Kat:3, Licht: 1","233371","3","1","1","11","07","5","","1","1","1","0","0"
"POINT (11.549787985000023 48.136784607000038)","Unfall 233372 (2024) Kat:3, Licht: 2","233372","3","3","5","12","18","2","","2","1","1","0","0"
"POINT (11.571621265000033 48.207385616000067)","Unfall 233399 (2024) Kat:3, Licht: 2","233399","3","3","5","12","07","4","","2","1","0","0","0"
"POINT (11.628498810000053 48.101320675000068)","Unfall 233404 (2024) Kat:3, Licht: 0","233404","3","2","6","11","07","4","","0","0","1","1","0"
"POINT (11.541390949000061 48.150966001000029)","Unfall 233405 (2024) Kat:3, Licht: 0","233405","3","3","5","11","09","4","","0","1","1","0","0"
"POINT (11.502640155000051 48.164493527000047)","Unfall 233406 (2024) Kat:3, Licht: 0","233406","3","2","5","11","07","4","","0","0","1","0","0"
"POINT (11.543216619000077 48.150423350000040)","Unfall 233407 (2024) Kat:3, Licht: 0","233407","3","2","5","11","09","4","","0","1","1","0","0"
"POINT (11.527445065000052 48.156727265000029)","Unfall 233408 (2024) Kat:3, Licht: 0","233408","3","3","5","11","11","4","","0","0","1","0","0"
"POINT (11.484333121000077 48.118856931000039)","Unfall 233409 (2024) Kat:3, Licht: 2","233409","3","6","4","11","17","4","","2","0","1","0","1"
"POINT (11.500141593000023 48.138463993000073)","Unfall 233410 (2024) Kat:3, Licht: 0","233410","3","3","5","11","07","4","","0","1","1","0","0"
"POINT (11.530016536000062 48.102566304000050)","Unfall 233412 (2024) Kat:3, Licht: 2","233412","3","3","5","11","05","4","","2","0","0","0","1"
"POINT (11.564619141000037 48.160912187000065)","Unfall 233414 (2024) Kat:3, Licht: 0","233414","3","4","6","11","16","4","","0","1","1","1","0"