WKT,Name,OBJECTID,UKATEGORIE,UTYP1,UART,UMONAT,USTUNDE,UWOCHENTAG,STRZUSTAND,ULICHTVERH,ISTRAD,ISTPKW,ISTFUSS,ISTKRAD
"POINT (11.586486076000028 48.164313002000029)","Unfall 233416 (2024) Kat:3, Licht: 2","233416","3","3","1","11","18","4","","2","1","0","0","0"
"POINT (11.612963492000063 48.204106115000059)","Unfall 233455 (2024) Kat:3, Licht: 2","233455","3","4","6","11","17","5","","2","0","1","1","0"
"POINT (11.632123898000032 48.146749583000030)","Unfall 233461 (2024) Kat:2, Licht: 2","233461","2","4","6","11","18","3","","2","0","1","1","0"
"POINT (11.494273571000065 48.202525595000054)","Unfall 233463 (2024) Kat:3, Licht: 0","233463","3","2","5","11","14","3","","0","0","1","0","1"
"POINT (11.534621047000030 48.147113084000068)","Unfall 233465 (2024) Kat:3, Licht: 0","233465","3","6","3","11","14","3","","0","1","1","0","0"
"POINT (11.534368646000075 48.155365144000029)","Unfall 233466 (2024) Kat:3, Licht: 0","233466","3","2","3","11","15","3","","0","0","1","0","0"
"POINT (11.655971337000040 48.093258442000035)","Unfall 233468 (2024) Kat:3, Licht: 0","233468","3","2","5","11","16","3","","0","1","1","0","0"
"POINT (11.596432171000060 48.136022795000031)","Unfall 233469 (2024) Kat:3, Licht: 2","233469","3","2","4","11","19","3","","2","1","1","0","0"
"POINT (11.533774464000032 48.115979981000066)","Unfall 233470 (2024) Kat:3, Licht: 1","233470","3","3","5","11","06","3","","1","1","1","0","0"
"POINT (11.524349876000031 48.114318332000039)","Unfall 233471 (2024) Kat:3, Licht: 0","233471","3","3","5","11","07","3","","0","1","1","0","0"
"POINT (11.578950112000030 48.145209845000068)","Unfall 233472 (2024) Kat:3, Licht: 0","233472","3","4","6","11","10","3","","0","1","0","1","0"
"POINT (11.584333632000039 48.141601172000037)","Unfall 233473 (2024) Kat:3, Licht: 2","233473","3","6","0","11","17","3","","2","0","1","0","1"
"POINT (11.575655977000054 48.149834369000075)","Unfall 233474 (2024) Kat:3, Licht: 2","233474","3","3","5","11","17","3","","2","1","1","0","0"
"POINT (11.477896282000074 48.161880952000047)","Unfall 233486 (2024) Kat:2, Licht: 2","233486","2","7","0","12","06","4","","2","1","0","0","0"
"POINT (11.460400015000062 48.148350503000074)","Unfall 233526 (2024) Kat:3, Licht: 2","233526","3","1","0","11","22","2","","2","1","0","0","0"
"POINT (11.461352014000056 48.146550461000061)","Unfall 233530 (2024) Kat:3, Licht: 0","233530","3","2","5","11","13","2","","0","1","1","0","0"
"POINT (11.460087788000067 48.149020697000026)","Unfall 233531 (2024) Kat:3, Licht: 2","233531","3","4","6","11","17","2","","2","0","1","1","0"
"POINT (11.496620374000031 48.177148296000041)","Unfall 233532 (2024) Kat:2, Licht: 0","233532","2","6","0","11","11","2","","0","1","0","0","0"
"POINT (11.627851246000034 48.090444573000070)","Unfall 233534 (2024) Kat:3, Licht: 0","233534","3","4","6","11","13","2","","0","1","0","1","0"
"POINT (11.567794389000028 48.092331963000049)","Unfall 233535 (2024) Kat:3, Licht: 2","233535","3","7","5","11","18","2","","2","0","1","0","0"
"POINT (11.620639061000077 48.149986129000069)","Unfall 233536 (2024) Kat:3, Licht: 0","233536","3","4","6","11","09","2","","0","0","1","1","0"
"POINT (11.578203848000044 48.126402392000045)","Unfall 233537 (2024) Kat:3, Licht: 0","233537","3","4","6","11","15","2","","0","1","0","1","0"
"POINT (11.536479161000045 48.116878723000070)","Unfall 233538 (2024) Kat:3, Licht: 0","233538","3","6","2","11","13","2","","0","0","1","0","0"
"POINT (11.574888566000027 48.161544526000057)","Unfall 233539 (2024) Kat:3, Licht: 0","233539","3","5","3","11","10","2","","0","1","1","0","0"
"POINT (11.583070711000062 48.141372258000047)","Unfall 233540 (2024) Kat:3, Licht: 0","233540","3","6","3","11","07","2","","0","0","1","0","0"
"POINT (11.571822013000030 48.160598125000035)","Unfall 234474 (2024) Kat:3, Licht: 0","234474","3","7","0","12","12","3","","0","1","0","0","0"
"POINT (11.542370666000068 48.149432248000039)","Unfall 234491 (2024) Kat:3, Licht: 0","234491","3","7","0","12","14","2","","0","1","0","0","0"
"POINT (11.614827504000061 48.150057526000069)","Unfall 234492 (2024) Kat:3, Licht: 2","234492","3","2","6","12","21","2","","2","0","1","1","0"
"POINT (11.511347029000035 48.158239260000073)","Unfall 234515 (2024) Kat:3, Licht: 2","234515","3","7","0","12","17","1","","2","0","0","0","1"
"POINT (11.673218559000077 48.118264939000028)","Unfall 234518 (2024) Kat:3, Licht: 0","234518","3","3","5","12","13","1","","0","0","1","0","0"
"POINT (11.568074184000068 48.147594062000053)","Unfall 234520 (2024) Kat:3, Licht: 0","234520","3","2","6","12","12","1","","0","0","1","1","0"
"POINT (11.573520116000054 48.133487265000042)","Unfall 234521 (2024) Kat:3, Licht: 2","234521","3","2","4","12","18","1","","2","0","1","0","0"
"POINT (11.526081360000035 48.112722989000076)","Unfall 234532 (2024) Kat:3, Licht: 0","234532","3","3","3","12","13","7","","0","0","1","0","0"
"POINT (11.445878267000069 48.139044723000040)","Unfall 234534 (2024) Kat:3, Licht: 0","234534","3","7","0","12","11","7","","0","1","0","0","0"
"POINT (11.660621239000022 48.119272992000049)","Unfall 234535 (2024) Kat:3, Licht: 2","234535","3","4","0","12","20","7","","2","1","0","1","0"
"POINT (11.567237676000047 48.092037866000055)","Unfall 234536 (2024) Kat:3, Licht: 2","234536","3","5","2","12","20","7","","2","0","1","0","0"
"POINT (11.638264155000059 48.173968053000067)","Unfall 234537 (2024) Kat:3, Licht: 2","234537","3","7","0","12","18","7","","2","0","1","0","0"
"POINT (11.514935372000025 48.128541024000072)","Unfall 234554 (2024) Kat:3, Licht: 0","234554","3","2","3","12","12","6","","0","0","1","0","0"
"POINT (11.525492310000061 48.151714398000081)","Unfall 234582 (2024) Kat:3, Licht: 0","234582","3","4","6","12","09","5","","0","0","1","1","0"
"POINT (11.572269459000040 48.141922698000030)","Unfall 234584 (2024) Kat:3, Licht: 1","234584","3","7","1","12","06","5","","1","0","1","0","0"
"POINT (11.489326211000048 48.129988009000044)","Unfall 234594 (2024) Kat:1, Licht: 2","234594","1","7","6","12","22","4","","2","0","1","1","0"
"POINT (11.512292152000043 48.163581132000047)","Unfall 234595 (2024) Kat:3, Licht: 2","234595","3","4","6","12","20","4","","2","0","1","1","0"
"POINT (11.653663315000074 48.139692512000067)","Unfall 234596 (2024) Kat:3, Licht: 2","234596","3","6","3","12","18","4","","2","1","1","0","0"
"POINT (11.560258177000037 48.101650338000070)","Unfall 234597 (2024) Kat:3, Licht: 2","234597","3","3","0","12","20","4","","2","0","1","0","1"
"POINT (11.602711040000031 48.194160752000073)","Unfall 234609 (2024) Kat:3, Licht: 2","234609","3","7","8","12","17","3","","2","0","1","0","0"
"POINT (11.502438644000051 48.120168764000027)","Unfall 234610 (2024) Kat:3, Licht: 2","234610","3","2","5","12","01","3","","2","0","1","0","0"
"POINT (11.547958732000041 48.149577869000041)","Unfall 234624 (2024) Kat:3, Licht: 2","234624","3","3","5","12","16","2","","2","1","0","0","1"
"POINT (11.528718431000073 48.214399228000048)","Unfall 234625 (2024) Kat:2, Licht: 2","234625","2","4","6","12","00","2","","2","0","1","1","0"
"POINT (11.531228150000061 48.183732040000052)","Unfall 234627 (2024) Kat:3, Licht: 0","234627","3","4","6","12","14","2","","0","1","0","1","0"
"POINT (11.483191902000044 48.196430960000043)","Unfall 234629 (2024) Kat:3, Licht: 2","234629","3","2","2","12","18","2","","2","0","1","0","0"
"POINT (11.558774046000053 48.147580435000066)","Unfall 234630 (2024) Kat:3, Licht: 0","234630","3","6","2","12","14","2","","0","0","1","0","0"
"POINT (11.569102271000077 48.140933160000031)","Unfall 234632 (2024) Kat:3, Licht: 0","234632","3","6","2","12","14","2","","0","0","1","0","0"
"POINT (11.479214594000041 48.129424607000033)","Unfall 234674 (2024) Kat:3, Licht: 2","234674","3","1","9","12","23","1","","2","0","1","0","0"
"POINT (11.566326499000070 48.164346753000075)","Unfall 234676 (2024) Kat:3, Licht: 2","234676","3","3","5","12","20","1","","2","1","1","0","0"
"POINT (11.573796615000049 48.140052723000053)","Unfall 234677 (2024) Kat:3, Licht: 2","234677","3","4","6","12","00","1","","2","0","1","1","0"
"POINT (11.582491869000023 48.141237732000036)","Unfall 234678 (2024) Kat:3, Licht: 2","234678","3","1","0","12","23","1","","2","1","0","0","0"
"POINT (11.472736974000043 48.164624351000043)","Unfall 234690 (2024) Kat:3, Licht: 1","234690","3","5","0","12","16","7","","1","1","0","0","0"
"POINT (11.557879088000050 48.150823663000040)","Unfall 234691 (2024) Kat:3, Licht: 2","234691","3","2","6","12","23","7","","2","0","1","1","0"
"POINT (11.521995695000044 48.068669230000069)","Unfall 234692 (2024) Kat:3, Licht: 0","234692","3","3","0","12","15","7","","0","1","1","0","0"
"POINT (11.591901213000028 48.104218262000074)","Unfall 234694 (2024) Kat:3, Licht: 0","234694","3","7","6","12","11","7","","0","0","1","1","0"
"POINT (11.606070460000069 48.120771343000058)","Unfall 234695 (2024) Kat:3, Licht: 2","234695","3","2","5","12","19","7","","2","0","1","0","0"
"POINT (11.598608524000042 48.119255547000080)","Unfall 234696 (2024) Kat:3, Licht: 0","234696","3","3","5","12","13","7","","0","1","1","0","0"
"POINT (11.574909695000031 48.135048076000032)","Unfall 234697 (2024) Kat:3, Licht: 0","234697","3","7","6","12","15","7","","0","0","1","1","0"
"POINT (11.550900157000058 48.127996741000061)","Unfall 266152 (2024) Kat:2, Licht: 0","266152","2","1","0","01","08","3","","0","1","0","0","0"
"POINT (11.526725367000040 48.123339860000044)","Unfall 266154 (2024) Kat:3, Licht: 2","266154","3","1","0","01","16","4","","2","1","0","0","0"
"POINT (11.527645576000054 48.189131571000075)","Unfall 266175 (2024) Kat:3, Licht: 0","266175","3","7","6","01","09","3","","0","1","0","1","0"
"POINT (11.506348282000033 48.180656657000043)","Unfall 266182 (2024) Kat:2, Licht: 0","266182","2","7","6","02","15","7","","0","1","0","1","0"
"POINT (11.538611202000027 48.183313608000049)","Unfall 266195 (2024) Kat:3, Licht: 0","266195","3","1","0","02","15","5","","0","1","0","0","0"
"POINT (11.608091724000076 48.151859544000047)","Unfall 266196 (2024) Kat:3, Licht: 0","266196","3","7","0","02","14","6","","0","1","0","0","0"
"POINT (11.621257170000035 48.182777899000030)","Unfall 266198 (2024) Kat:3, Licht: 0","266198","3","1","0","02","14","1","","0","1","0","0","0"
"POINT (11.642493698000067 48.146336105000046)","Unfall 266202 (2024) Kat:3, Licht: 0","266202","3","3","5","02","13","2","","0","1","0","1","0"
"POINT (11.548564228000032 48.161945901000081)","Unfall 266206 (2024) Kat:3, Licht: 2","266206","3","7","0","02","18","5","","2","1","0","0","0"
"POINT (11.575552508000044 48.179366916000049)","Unfall 266228 (2024) Kat:3, Licht: 0","266228","3","7","7","03","10","7","","0","1","0","1","0"
"POINT (11.557319022000058 48.105778065000038)","Unfall 266244 (2024) Kat:3, Licht: 0","266244","3","6","1","03","07","6","","0","1","0","0","0"
"POINT (11.428275981000070 48.154196931000058)","Unfall 266267 (2024) Kat:3, Licht: 2","266267","3","7","0","03","00","2","","2","1","0","1","0"
"POINT (11.549156024000069 48.092011136000053)","Unfall 266268 (2024) Kat:3, Licht: 1","266268","3","1","0","03","06","2","","1","1","0","0","0"
"POINT (11.588205161000076 48.132590697000069)","Unfall 266275 (2024) Kat:3, Licht: 0","266275","3","6","3","03","18","4","","0","1","0","0","0"
"POINT (11.531046159000027 48.219466661000070)","Unfall 266276 (2024) Kat:3, Licht: 0","266276","3","1","0","03","12","4","","0","1","0","0","0"
"POINT (11.577123634000031 48.126461776000042)","Unfall 266277 (2024) Kat:3, Licht: 0","266277","3","6","4","03","12","5","","0","1","0","0","0"
"POINT (11.593813417000035 48.153912810000065)","Unfall 266305 (2024) Kat:3, Licht: 0","266305","3","7","0","04","18","7","","0","1","0","1","0"
"POINT (11.564047048000077 48.119165629000065)","Unfall 266306 (2024) Kat:3, Licht: 0","266306","3","6","4","04","12","7","","0","1","0","0","0"
"POINT (11.456531069000050 48.150159573000053)","Unfall 266307 (2024) Kat:3, Licht: 0","266307","3","7","0","04","09","7","","0","1","0","0","0"
"POINT (11.559058682000057 48.111086402000069)","Unfall 266320 (2024) Kat:3, Licht: 0","266320","3","7","0","04","09","1","","0","1","0","1","0"
"POINT (11.565180116000022 48.119987181000056)","Unfall 266321 (2024) Kat:3, Licht: 1","266321","3","1","0","04","20","1","","1","1","0","0","0"
"POINT (11.535446222000076 48.167126554000049)","Unfall 266323 (2024) Kat:3, Licht: 0","266323","3","6","2","04","17","1","","0","1","0","0","0"
"POINT (11.641357503000052 48.101631267000073)","Unfall 266329 (2024) Kat:3, Licht: 0","266329","3","6","5","04","14","2","","0","1","0","0","0"
"POINT (11.525751618000072 48.122150469000076)","Unfall 266366 (2024) Kat:3, Licht: 0","266366","3","7","0","04","17","1","","0","1","0","0","0"
"POINT (11.570227393000039 48.170255748000045)","Unfall 266382 (2024) Kat:3, Licht: 0","266382","3","4","6","04","18","2","","0","1","0","1","0"
"POINT (11.546682047000047 48.183972724000057)","Unfall 266389 (2024) Kat:3, Licht: 0","266389","3","7","3","04","10","6","","0","1","0","0","0"
"POINT (11.455590421000068 48.145201571000030)","Unfall 266396 (2024) Kat:3, Licht: 0","266396","3","6","3","04","14","7","","0","1","0","0","0"
"POINT (11.487241577000077 48.079947473000061)","Unfall 266411 (2024) Kat:3, Licht: 0","266411","3","6","4","04","13","1","","0","1","0","0","0"
"POINT (11.453843320000033 48.138998622000031)","Unfall 266412 (2024) Kat:3, Licht: 0","266412","3","7","0","04","14","1","","0","1","0","1","0"
"POINT (11.458473347000051 48.164395195000054)","Unfall 266414 (2024) Kat:3, Licht: 0","266414","3","7","5","04","14","2","","0","1","0","0","0"
"POINT (11.465732134000064 48.118241645000069)","Unfall 266421 (2024) Kat:3, Licht: 0","266421","3","2","5","04","14","3","","0","1","0","0","0"
"POINT (11.575121737000075 48.125396944000045)","Unfall 266422 (2024) Kat:3, Licht: 0","266422","3","6","3","04","09","3","","0","1","0","0","0"
"POINT (11.616101424000021 48.182759619000080)","Unfall 266423 (2024) Kat:3, Licht: 0","266423","3","7","0","04","18","3","","0","1","0","1","0"
"POINT (11.561312182000052 48.116483330000051)","Unfall 266459 (2024) Kat:2, Licht: 0","266459","2","7","0","05","14","2","","0","1","0","1","0"
"POINT (11.590160279000031 48.182038407000050)","Unfall 266465 (2024) Kat:3, Licht: 0","266465","3","3","5","05","13","3","","0","1","0","0","0"
"POINT (11.513162430000023 48.148358605000055)","Unfall 266491 (2024) Kat:3, Licht: 0","266491","3","7","0","05","12","5","","0","1","0","0","0"
"POINT (11.565228947000037 48.105506941000044)","Unfall 266512 (2024) Kat:3, Licht: 0","266512","3","7","0","05","16","7","","0","1","0","0","0"
"POINT (11.552058646000035 48.108416948000070)","Unfall 266535 (2024) Kat:3, Licht: 0","266535","3","2","3","05","08","3","","0","1","0","0","0"
"POINT (11.565845939000042 48.175601449000055)","Unfall 266544 (2024) Kat:3, Licht: 1","266544","3","1","4","05","19","5","","1","1","0","0","0"
"POINT (11.496201070000041 48.136001427000053)","Unfall 266545 (2024) Kat:3, Licht: 0","266545","3","1","0","05","18","5","","0","1","0","0","0"
"POINT (11.525687870000070 48.159135429000060)","Unfall 266548 (2024) Kat:2, Licht: 0","266548","2","7","7","05","13","6","","0","1","0","0","0"
"POINT (11.551526194000076 48.171417238000060)","Unfall 266556 (2024) Kat:3, Licht: 2","266556","3","1","6","05","21","7","","2","1","0","1","0"
"POINT (11.587332128000071 48.162991597000030)","Unfall 266562 (2024) Kat:3, Licht: 0","266562","3","6","3","05","16","1","","0","1","0","0","0"
"POINT (11.560529837000047 48.112230672000067)","Unfall 266563 (2024) Kat:2, Licht: 0","266563","2","6","3","05","17","1","","0","1","0","0","0"
"POINT (11.545793841000034 48.083807920000027)","Unfall 266576 (2024) Kat:3, Licht: 0","266576","3","1","0","05","17","2","","0","1","0","0","0"
"POINT (11.552069125000060 48.102338601000042)","Unfall 266577 (2024) Kat:3, Licht: 0","266577","3","6","4","05","11","2","","0","1","0","0","0"
"POINT (11.544359449000069 48.081253311000069)","Unfall 266578 (2024) Kat:2, Licht: 0","266578","2","6","2","05","20","2","","0","1","0","0","0"
"POINT (11.568284372000051 48.121518318000028)","Unfall 266583 (2024) Kat:3, Licht: 0","266583","3","1","0","05","12","4","","0","1","0","0","0"
"POINT (11.526482909000038 48.202136362000033)","Unfall 266586 (2024) Kat:3, Licht: 0","266586","3","6","0","05","12","6","","0","1","0","0","0"
"POINT (11.666060094000045 48.118029609000075)","Unfall 266616 (2024) Kat:3, Licht: 0","266616","3","3","5","05","17","2","","0","1","0","0","0"
"POINT (11.549109587000032 48.173885633000054)","Unfall 266621 (2024) Kat:3, Licht: 1","266621","3","7","0","05","21","3","","1","1","0","1","0"
"POINT (11.482907619000059 48.124521664000042)","Unfall 266640 (2024) Kat:3, Licht: 0","266640","3","7","0","06","08","3","","0","1","0","1","0"
"POINT (11.515216036000027 48.124813815000039)","Unfall 266641 (2024) Kat:3, Licht: 0","266641","3","1","0","06","14","3","","0","1","0","0","0"
"POINT (11.457502824000073 48.150051952000069)","Unfall 266652 (2024) Kat:3, Licht: 0","266652","3","7","6","06","17","5","","0","1","0","1","0"
"POINT (11.518310679000024 48.113574405000065)","Unfall 266659 (2024) Kat:3, Licht: 0","266659","3","6","6","06","11","6","","0","1","0","1","0"
"POINT (11.586833308000053 48.128148261000035)","Unfall 266660 (2024) Kat:3, Licht: 0","266660","3","7","0","06","17","6","","0","1","0","1","0"
"POINT (11.606875779000063 48.127908927000078)","Unfall 266689 (2024) Kat:3, Licht: 0","266689","3","6","4","06","18","3","","0","1","0","0","0"
"POINT (11.544703280000022 48.107037062000074)","Unfall 266716 (2024) Kat:3, Licht: 0","266716","3","6","4","06","16","1","","0","1","0","0","0"
"POINT (11.629920391000041 48.108718025000030)","Unfall 266740 (2024) Kat:3, Licht: 2","266740","3","1","0","06","23","4","","2","1","0","0","0"
"POINT (11.551849749000041 48.176454877000026)","Unfall 266795 (2024) Kat:3, Licht: 0","266795","3","6","4","06","18","3","","0","1","0","0","0"
"POINT (11.511677614000064 48.185107407000032)","Unfall 266796 (2024) Kat:3, Licht: 0","266796","3","7","0","06","08","3","","0","1","0","1","0"
"POINT (11.578023294000047 48.126792802000068)","Unfall 266841 (2024) Kat:3, Licht: 0","266841","3","7","6","06","15","7","","0","1","0","1","0"
"POINT (11.544153315000074 48.177049417000035)","Unfall 266865 (2024) Kat:3, Licht: 0","266865","3","1","0","07","08","3","","0","1","0","0","0"
"POINT (11.605589720000069 48.168115060000048)","Unfall 266887 (2024) Kat:3, Licht: 2","266887","3","1","4","07","21","6","","2","1","0","0","0"
"POINT (11.462721816000055 48.173583443000041)","Unfall 266888 (2024) Kat:3, Licht: 0","266888","3","6","4","07","15","6","","0","1","0","0","0"
"POINT (11.686540167000032 48.127799992000064)","Unfall 266901 (2024) Kat:3, Licht: 0","266901","3","1","0","07","16","1","","0","1","0","0","0"
"POINT (11.691403711000021 48.132428007000044)","Unfall 266909 (2024) Kat:3, Licht: 0","266909","3","1","0","07","15","2","","0","1","0","0","0"
"POINT (11.549964315000068 48.171305243000063)","Unfall 266910 (2024) Kat:2, Licht: 0","266910","2","4","3","07","17","2","","0","1","0","1","0"
"POINT (11.511677614000064 48.185107407000032)","Unfall 266911 (2024) Kat:3, Licht: 0","266911","3","2","3","07","15","2","","0","1","0","0","0"
"POINT (11.598582403000023 48.148491726000032)","Unfall 266919 (2024) Kat:3, Licht: 0","266919","3","7","0","07","17","3","","0","1","0","1","0"
"POINT (11.586754761000066 48.171494191000079)","Unfall 266932 (2024) Kat:3, Licht: 0","266932","3","1","0","07","15","5","","0","1","0","0","0"
"POINT (11.538754783000059 48.086660598000037)","Unfall 266933 (2024) Kat:3, Licht: 0","266933","3","7","5","07","16","5","","0","1","0","0","0"
"POINT (11.685266466000030 48.128268944000069)","Unfall 266941 (2024) Kat:2, Licht: 0","266941","2","1","0","07","13","6","","0","1","0","0","0"
"POINT (11.489787205000027 48.164008278000040)","Unfall 266960 (2024) Kat:3, Licht: 0","266960","3","1","0","07","10","1","","0","1","0","0","0"
"POINT (11.398705295000070 48.139139757000066)","Unfall 266962 (2024) Kat:3, Licht: 0","266962","3","7","0","07","08","2","","0","1","0","0","0"
"POINT (11.543814768000061 48.110959182000045)","Unfall 266973 (2024) Kat:3, Licht: 0","266973","3","6","4","07","18","2","","0","1","0","0","0"
"POINT (11.606445880000024 48.167627608000032)","Unfall 266999 (2024) Kat:3, Licht: 0","266999","3","7","0","07","12","5","","0","1","0","1","0"
"POINT (11.714789203000066 48.134636782000030)","Unfall 267000 (2024) Kat:3, Licht: 0","267000","3","3","5","07","19","5","","0","1","1","0","0"
"POINT (11.604162170000052 48.156904524000026)","Unfall 267023 (2024) Kat:2, Licht: 2","267023","2","1","0","07","22","7","","2","1","0","0","0"
"POINT (11.598075355000049 48.140730188000077)","Unfall 267024 (2024) Kat:2, Licht: 0","267024","2","1","0","07","09","7","","0","1","0","0","0"
"POINT (11.640645621000033 48.101632522000045)","Unfall 267025 (2024) Kat:3, Licht: 0","267025","3","1","0","07","13","7","","0","1","0","0","0"
"POINT (11.550355007000064 48.180718937000051)","Unfall 267026 (2024) Kat:3, Licht: 0","267026","3","1","0","07","18","7","","0","1","0","0","0"
"POINT (11.560765710000055 48.114889513000037)","Unfall 267056 (2024) Kat:3, Licht: 0","267056","3","7","0","07","20","3","","0","1","0","1","0"
"POINT (11.456702272000030 48.163979979000032)","Unfall 267065 (2024) Kat:3, Licht: 0","267065","3","7","0","07","06","4","","0","1","0","0","0"
"POINT (11.526306249000072 48.123387717000071)","Unfall 267080 (2024) Kat:3, Licht: 0","267080","3","2","3","07","08","5","","0","1","0","0","0"
"POINT (11.564985602000036 48.120003049000047)","Unfall 267081 (2024) Kat:3, Licht: 0","267081","3","1","0","07","14","5","","0","1","0","0","0"
"POINT (11.561142558000029 48.112306210000042)","Unfall 267082 (2024) Kat:3, Licht: 0","267082","3","6","4","07","16","5","","0","1","0","0","0"
"POINT (11.646798453000031 48.082061497000041)","Unfall 267083 (2024) Kat:3, Licht: 0","267083","3","1","7","07","15","5","","0","1","0","0","0"
"POINT (11.528361542000027 48.169393888000059)","Unfall 267107 (2024) Kat:3, Licht: 0","267107","3","7","0","07","19","7","","0","1","0","0","0"
"POINT (11.592623404000051 48.171675161000053)","Unfall 267130 (2024) Kat:3, Licht: 0","267130","3","6","4","07","18","2","","0","1","0","0","0"
"POINT (11.525301220000074 48.164649335000036)","Unfall 267131 (2024) Kat:2, Licht: 0","267131","2","7","0","07","13","2","","0","1","0","0","0"
"POINT (11.536650199000064 48.166845745000046)","Unfall 267140 (2024) Kat:3, Licht: 0","267140","3","1","4","07","20","3","","0","1","0","0","0"
"POINT (11.480379882000022 48.124235249000037)","Unfall 267150 (2024) Kat:3, Licht: 1","267150","3","1","0","07","20","4","","1","1","0","0","0"
"POINT (11.403645007000023 48.178449029000035)","Unfall 267155 (2024) Kat:2, Licht: 0","267155","2","7","0","08","17","5","","0","1","0","0","0"
"POINT (11.560941152000055 48.112726916000042)","Unfall 267193 (2024) Kat:2, Licht: 0","267193","2","2","5","08","14","2","","0","1","0","0","0"
"POINT (11.487735712000074 48.088422001000026)","Unfall 267194 (2024) Kat:2, Licht: 0","267194","2","7","0","08","11","2","","0","1","0","0","0"
"POINT (11.705505334000065 48.127305077000074)","Unfall 267230 (2024) Kat:3, Licht: 2","267230","3","1","0","08","22","7","","2","1","0","0","0"
"POINT (11.575283499000022 48.180724581000050)","Unfall 267248 (2024) Kat:3, Licht: 0","267248","3","3","5","08","11","1","","0","1","0","0","0"
"POINT (11.594185883000023 48.153835053000080)","Unfall 267267 (2024) Kat:3, Licht: 0","267267","3","2","3","08","17","3","","0","1","0","0","0"
"POINT (11.599254058000042 48.149214574000041)","Unfall 267268 (2024) Kat:3, Licht: 0","267268","3","7","4","08","16","3","","0","1","0","1","0"
"POINT (11.634683586000051 48.137161076000041)","Unfall 267352 (2024) Kat:3, Licht: 2","267352","3","6","4","08","00","1","","2","1","0","0","0"
"POINT (11.620354863000045 48.211877893000064)","Unfall 267370 (2024) Kat:3, Licht: 1","267370","3","7","0","08","19","4","","1","1","0","0","0"
"POINT (11.568552917000034 48.121991019000063)","Unfall 267372 (2024) Kat:2, Licht: 0","267372","2","6","4","08","15","4","","0","1","0","0","0"
"POINT (11.605033328000047 48.202538029000038)","Unfall 267379 (2024) Kat:3, Licht: 0","267379","3","3","6","08","16","5","","0","1","0","1","0"
"POINT (11.412296694000077 48.165823199000044)","Unfall 267447 (2024) Kat:2, Licht: 0","267447","2","1","0","09","16","4","","0","1","0","0","0"
"POINT (11.505323806000035 48.158743524000045)","Unfall 267460 (2024) Kat:3, Licht: 0","267460","3","7","0","09","12","5","","0","1","0","0","0"
"POINT (11.475819729000023 48.124117541000032)","Unfall 267504 (2024) Kat:3, Licht: 0","267504","3","1","0","09","12","3","","0","1","0","0","0"
"POINT (11.623464713000033 48.174287154000069)","Unfall 267507 (2024) Kat:3, Licht: 0","267507","3","6","0","09","12","4","","0","1","0","0","0"
"POINT (11.573034141000051 48.070700300000055)","Unfall 267519 (2024) Kat:3, Licht: 0","267519","3","2","2","09","18","5","","0","1","0","0","0"
"POINT (11.561428084000056 48.117055821000065)","Unfall 267530 (2024) Kat:3, Licht: 0","267530","3","6","4","09","18","6","","0","1","0","0","0"
"POINT (11.569519004000028 48.211481671000058)","Unfall 267536 (2024) Kat:3, Licht: 0","267536","3","3","5","09","16","7","","0","1","1","0","0"
"POINT (11.527932241000030 48.110045112000080)","Unfall 267544 (2024) Kat:3, Licht: 2","267544","3","3","5","09","19","1","","2","1","0","0","0"
"POINT (11.538997397000060 48.121583389000079)","Unfall 267552 (2024) Kat:3, Licht: 0","267552","3","2","4","09","18","2","","0","1","0","0","0"
"POINT (11.552696096000034 48.162377446000050)","Unfall 267553 (2024) Kat:2, Licht: 2","267553","2","7","0","09","19","2","","2","1","0","0","0"
"POINT (11.543215837000048 48.132147915000075)","Unfall 267565 (2024) Kat:2, Licht: 2","267565","2","1","6","09","22","5","","2","1","0","1","0"
"POINT (11.590781104000030 48.133889864000025)","Unfall 267570 (2024) Kat:3, Licht: 0","267570","3","1","0","09","13","1","","0","1","0","0","0"
"POINT (11.557731754000031 48.212424570000053)","Unfall 267571 (2024) Kat:3, Licht: 0","267571","3","7","0","09","18","1","","0","1","0","1","0"
"POINT (11.580304907000027 48.212562707000075)","Unfall 267573 (2024) Kat:3, Licht: 0","267573","3","7","4","09","17","2","","0","1","0","0","0"
"POINT (11.679448068000056 48.144514228000048)","Unfall 267600 (2024) Kat:2, Licht: 2","267600","2","7","0","10","18","4","","2","1","0","0","0"
"POINT (11.535916858000064 48.109013216000051)","Unfall 267616 (2024) Kat:3, Licht: 0","267616","3","7","1","10","14","4","","0","1","0","0","0"
"POINT (11.604482151000070 48.158121325000081)","Unfall 267635 (2024) Kat:3, Licht: 2","267635","3","1","0","10","06","5","","2","1","0","0","0"
"POINT (11.638063390000070 48.114472794000051)","Unfall 267649 (2024) Kat:2, Licht: 0","267649","2","1","0","10","13","3","","0","1","0","0","0"
"POINT (11.597230492000051 48.162908330000050)","Unfall 267657 (2024) Kat:3, Licht: 0","267657","3","1","0","11","12","6","","0","1","0","0","0"
"POINT (11.544147324000051 48.111389913000039)","Unfall 267696 (2024) Kat:3, Licht: 0","267696","3","1","0","12","07","5","","0","1","0","0","0"